#!ascii label  , from subject sub-01 vox2ras=TkReg
3598
138941  -50.960  3.071  63.038 0.6999999881
92301  -51.538  2.791  62.862 0.6999999881
126316  -51.259  2.733  62.070 0.8000000119
92326  -50.759  3.023  61.398 0.6999999881
93047  -51.845  3.242  64.234 0.6999999881
92303  -52.678  2.889  63.440 0.6999999881
125419  -51.556  4.109  64.548 0.6000000238
92302  -52.367  2.763  63.229 0.6999999881
92314  -52.827  2.611  62.832 0.6999999881
93061  -50.975  3.526  63.508 0.6000000238
122097  -51.791  3.041  63.485 0.6999999881
92313  -52.268  2.581  62.497 0.8000000119
93076  -49.994  3.304  62.867 0.5000000000
131662  -51.593  2.789  61.382 0.8000000119
92339  -52.390  2.758  60.934 0.8000000119
93191  -49.466  4.329  55.064 0.8999999762
93190  -48.451  4.250  54.867 0.8999999762
93235  -51.200  3.709  48.252 0.8000000119
93048  -52.574  3.595  64.462 0.6999999881
93077  -53.320  3.036  62.682 0.6999999881
93095  -53.471  2.940  61.785 0.6999999881
93842  -53.450  3.573  61.145 0.6999999881
92338  -51.405  3.098  60.785 0.6999999881
92341  -53.207  2.620  61.627 0.8000000119
93115  -53.316  2.966  60.834 0.8000000119
93113  -52.078  3.224  60.306 0.6999999881
93114  -53.056  2.890  60.206 0.8000000119
124680  -53.231  3.373  59.710 0.8000000119
93850  -53.450  3.795  60.190 0.6999999881
93145  -52.080  3.573  58.561 0.6999999881
93132  -53.026  3.369  59.120 0.8000000119
93147  -53.125  4.047  57.985 0.8000000119
141661  -51.523  4.102  56.926 0.6999999881
93888  -52.840  4.943  56.694 0.8000000119
93886  -51.487  4.477  56.108 0.8000000119
145094  -51.555  4.660  55.632 0.8999999762
93906  -50.893  4.722  54.856 0.8999999762
93907  -51.643  4.893  55.159 0.8999999762
93905  -50.037  4.545  54.625 0.8999999762
93916  -50.693  5.182  54.092 0.8999999762
93904  -49.154  4.413  54.343 0.8999999762
129605  -46.811  3.608  53.790 0.8999999762
93199  -48.143  4.313  53.872 0.8999999762
92395  -46.298  2.998  53.209 0.8000000119
93197  -46.929  3.525  53.107 0.8000000119
138850  -45.332  -0.834  53.829 0.8000000119
90119  -45.740  -1.530  53.971 0.8000000119
90127  -45.404  -0.220  53.196 0.8000000119
90128  -45.893  -1.038  53.088 0.8000000119
90144  -46.844  -0.254  51.542 0.8999999762
90897  -47.329  0.143  51.027 0.8000000119
91662  -49.060  1.912  49.736 0.8000000119
93234  -51.064  4.312  47.839 0.8000000119
93966  -50.681  4.610  47.607 0.8000000119
93049  -53.197  3.953  64.514 0.6000000238
93816  -52.829  4.005  64.938 0.5000000000
126799  -53.211  3.554  63.007 0.6000000238
93832  -53.321  3.506  62.128 0.6999999881
93861  -53.329  4.624  59.628 0.6999999881
93862  -53.436  4.169  59.261 0.8000000119
94579  -53.088  5.590  56.860 0.8999999762
93897  -52.739  5.452  56.203 1.0000000000
94586  -52.714  5.926  55.556 1.0000000000
94594  -52.337  5.606  54.938 0.8999999762
94593  -51.695  5.511  54.310 0.8999999762
94604  -50.420  5.593  53.132 0.8999999762
94605  -51.536  5.945  53.312 0.8999999762
93198  -47.522  4.004  53.063 0.8999999762
93913  -48.158  4.473  52.920 0.8999999762
93915  -49.780  4.793  53.840 0.8999999762
92400  -45.925  2.239  52.661 0.8000000119
145049  -48.720  4.922  52.688 1.0000000000
91643  -45.411  1.465  53.102 0.8000000119
92401  -46.580  2.949  52.381 0.8000000119
93204  -47.120  3.598  52.522 0.8000000119
90890  -45.542  0.523  52.687 0.8000000119
91644  -45.825  1.339  52.221 0.8000000119
91650  -46.384  1.269  51.534 0.8999999762
129574  -46.277  2.087  51.897 0.8999999762
90135  -45.811  -0.260  52.604 0.8000000119
90891  -46.144  0.337  51.947 0.8000000119
92417  -47.099  2.262  50.682 0.8999999762
92418  -47.840  2.824  49.967 0.8000000119
93220  -49.221  4.719  49.558 0.8000000119
93948  -50.608  4.744  48.822 0.8000000119
94648  -50.608  5.889  49.089 0.8999999762
135598  -46.814  0.586  51.224 0.8000000119
93226  -49.091  3.652  49.420 0.8000000119
93949  -50.930  5.407  48.292 0.8000000119
92425  -48.559  2.602  49.712 0.8000000119
94664  -50.235  5.336  47.715 0.8000000119
93957  -51.011  5.040  47.888 0.8000000119
90875  -40.803  0.722  53.932 0.1000000015
93956  -47.758  5.099  47.732 0.6999999881
91632  -41.455  1.603  54.299 0.1000000015
90876  -41.541  1.025  53.604 0.2000000030
90882  -42.035  0.879  52.937 0.2000000030
91647  -43.103  0.822  51.743 0.2000000030
93955  -47.213  4.964  48.104 0.6999999881
94663  -48.834  5.366  47.591 0.8000000119
92407  -44.370  2.313  51.270 0.4000000060
92415  -44.888  2.504  50.415 0.5000000000
93225  -46.822  4.258  48.345 0.6999999881
93817  -53.083  4.409  64.978 0.6000000238
93841  -53.114  4.055  61.567 0.6999999881
94545  -52.864  4.882  59.934 0.6999999881
93849  -53.301  4.254  60.520 0.6999999881
94555  -53.322  5.035  58.791 0.6999999881
94571  -53.132  5.839  57.394 0.8000000119
94561  -51.526  5.679  58.814 0.6999999881
95257  -52.978  6.217  56.853 1.0000000000
95241  -50.851  5.940  58.313 0.6999999881
94578  -52.824  6.129  56.246 1.0000000000
94595  -52.600  6.387  54.896 1.0000000000
94607  -52.332  6.219  54.218 0.8999999762
95303  -52.359  6.692  53.541 1.0000000000
94606  -52.130  6.277  53.374 0.8999999762
94618  -52.025  6.627  52.558 1.0000000000
93925  -49.466  5.202  52.895 1.0000000000
93924  -49.166  5.461  51.955 1.0000000000
93923  -48.303  4.876  52.029 1.0000000000
93212  -47.109  3.433  51.770 0.8999999762
93205  -47.580  4.199  52.128 0.8999999762
93932  -48.061  4.603  51.367 1.0000000000
92408  -46.761  2.645  51.483 0.8999999762
93933  -48.941  5.275  50.986 1.0000000000
93213  -47.603  4.025  51.093 0.8999999762
93939  -48.389  4.632  50.464 1.0000000000
130579  -46.628  1.931  51.276 0.8999999762
90873  -38.486  -0.139  54.376 0.1000000015
94657  -48.252  6.011  47.857 0.8000000119
94658  -49.646  6.059  47.936 0.8000000119
91626  -40.256  1.960  55.486 0.1000000015
90869  -39.863  1.058  55.192 0.1000000015
122794  -40.106  0.677  54.481 0.1000000015
92382  -40.949  2.262  54.981 0.1000000015
91631  -40.580  1.352  54.742 0.1000000015
93947  -46.755  5.293  48.455 0.6999999881
92383  -41.628  2.615  54.534 0.2000000030
91637  -42.080  1.543  53.640 0.2000000030
92399  -43.132  2.072  52.817 0.3000000119
92406  -43.771  2.220  52.069 0.4000000060
93946  -46.177  4.602  48.867 0.6999999881
139601  -44.670  3.149  51.016 0.4000000060
126277  -45.871  2.631  49.118 0.6000000238
93231  -46.345  3.204  48.643 0.6000000238
93810  -53.051  4.659  65.541 0.5000000000
93828  -53.080  4.083  63.931 0.6000000238
93831  -52.986  4.169  62.752 0.6999999881
93840  -52.335  4.597  62.006 0.6999999881
93848  -52.514  4.596  61.026 0.6999999881
94554  -53.001  5.298  59.000 0.6999999881
95230  -50.367  5.793  59.303 0.6999999881
94562  -52.491  5.744  58.392 0.6999999881
95256  -52.676  6.388  56.897 0.8000000119
95240  -49.801  6.201  58.746 0.6999999881
95242  -51.894  6.065  57.915 0.6999999881
95243  -52.619  6.154  57.545 0.6999999881
95269  -52.652  6.444  56.405 0.8999999762
95239  -48.166  6.540  58.517 0.6999999881
137631  -48.896  6.430  59.081 0.6999999881
125451  -49.291  6.339  58.199 0.6999999881
125204  -50.331  6.272  57.873 0.6999999881
136685  -51.280  6.180  57.620 0.8000000119
123565  -52.558  6.910  54.770 1.0000000000
125611  -47.118  6.841  58.304 0.8000000119
95227  -47.394  6.966  59.179 0.6999999881
95252  -48.784  6.402  57.532 0.8000000119
95253  -49.886  6.412  57.279 0.8000000119
95266  -50.521  6.599  56.333 0.8000000119
95951  -52.415  7.269  54.210 1.0000000000
95950  -52.118  7.720  53.845 1.0000000000
95237  -46.275  7.303  58.147 0.8000000119
95250  -46.692  6.762  57.274 0.8000000119
95251  -47.743  6.573  57.564 0.8000000119
128835  -49.383  6.462  56.615 0.8000000119
139362  -52.197  7.530  52.597 1.0000000000
137491  -45.375  7.887  57.268 0.8000000119
95912  -45.820  7.259  57.361 0.8000000119
127385  -48.355  6.424  56.822 0.8000000119
140408  -48.869  6.432  56.101 0.8000000119
95265  -49.794  6.692  55.745 0.8000000119
94617  -51.148  6.447  52.415 1.0000000000
138388  -47.488  6.504  56.778 0.8000000119
95264  -47.995  6.358  56.074 0.8000000119
94616  -50.179  6.177  52.057 1.0000000000
95312  -51.700  7.148  51.880 1.0000000000
95313  -52.063  7.348  52.221 1.0000000000
145117  -44.926  8.176  56.817 0.8000000119
95924  -45.991  6.840  56.597 0.8000000119
95263  -46.906  6.473  56.143 0.8000000119
94628  -50.826  6.881  51.099 1.0000000000
96578  -44.350  8.975  56.963 0.6000000238
95923  -45.402  7.439  56.715 0.6999999881
95276  -46.785  6.486  55.130 0.6999999881
134410  -50.745  7.299  50.392 1.0000000000
95327  -50.515  7.325  49.826 1.0000000000
96588  -43.757  8.412  56.431 0.6000000238
96589  -44.388  8.198  56.479 0.6000000238
124351  -45.496  7.095  56.137 0.6999999881
95262  -46.048  6.728  55.730 0.6999999881
95275  -45.956  6.723  54.816 0.6999999881
95289  -46.728  6.577  54.209 0.6000000238
94638  -49.929  6.034  50.100 1.0000000000
94627  -50.120  6.290  50.909 1.0000000000
120643  -44.840  7.564  56.116 0.6999999881
95934  -45.300  7.070  55.437 0.6999999881
95288  -45.893  6.762  53.848 0.6000000238
95299  -46.703  6.719  53.249 0.6000000238
94639  -50.618  6.856  49.622 1.0000000000
137282  -50.641  6.520  48.940 0.8999999762
95922  -44.083  7.887  55.868 0.6999999881
95933  -44.505  7.429  55.262 0.6999999881
95947  -45.059  7.081  54.431 0.6000000238
95298  -45.695  6.886  52.768 0.6000000238
95990  -45.314  7.375  50.338 0.6999999881
95976  -46.676  7.125  50.975 0.6999999881
93940  -49.318  5.328  49.961 0.8999999762
95344  -50.388  6.557  48.545 0.8999999762
95921  -43.209  7.893  55.862 0.5000000000
95932  -43.606  7.604  55.142 0.6000000238
95946  -44.058  7.333  54.403 0.6000000238
95959  -44.398  7.174  53.556 0.6000000238
138424  -45.179  6.967  53.483 0.6000000238
95960  -44.707  7.145  52.726 0.5000000000
95975  -45.683  7.118  51.609 0.6000000238
95326  -45.101  7.209  49.652 0.6999999881
94649  -50.793  6.086  48.566 0.8000000119
141449  -42.493  7.633  54.961 0.5000000000
95945  -43.115  7.447  54.297 0.6000000238
131082  -43.491  7.376  53.503 0.6000000238
95974  -44.089  7.430  51.719 0.5000000000
122058  -44.311  7.281  50.119 0.6000000238
94659  -50.771  5.793  48.181 0.8000000119
128316  -42.592  7.532  53.393 0.6000000238
129222  -43.758  7.411  52.578 0.5000000000
95989  -43.598  7.333  50.699 0.6000000238
95342  -47.771  6.342  48.339 0.8000000119
95343  -49.031  6.610  48.246 0.8000000119
95337  -49.749  7.098  48.773 0.8000000119
95334  -45.204  6.846  49.376 0.6999999881
129427  -46.037  6.592  49.031 0.6999999881
94645  -44.621  6.578  49.531 0.6000000238
132079  -45.678  5.480  49.114 0.6000000238
93195  -41.963  4.013  54.019 0.3000000119
92384  -42.258  3.083  54.006 0.3000000119
92392  -42.546  2.235  53.530 0.3000000119
130773  -43.534  2.992  52.621 0.3000000119
93210  -44.147  3.279  51.814 0.4000000060
93937  -44.883  4.949  50.165 0.6000000238
93938  -45.540  4.679  49.567 0.6000000238
93912  -41.750  4.780  53.511 0.3000000119
93217  -45.265  3.662  50.277 0.5000000000
93218  -45.798  3.552  49.353 0.6000000238
94510  -53.260  5.138  65.396 0.5000000000
94525  -52.704  4.829  63.542 0.6999999881
94502  -52.992  5.120  65.938 0.5000000000
93830  -51.871  5.088  62.742 0.6000000238
94536  -51.441  5.115  61.637 0.6999999881
94544  -51.853  5.076  60.424 0.6999999881
94553  -52.289  5.405  59.387 0.6999999881
94551  -50.004  5.745  60.517 0.6000000238
127579  -50.426  5.680  61.559 0.6000000238
94552  -51.109  5.441  59.871 0.6999999881
95219  -49.121  6.376  60.726 0.6000000238
95229  -49.313  6.201  59.740 0.6999999881
95268  -52.292  6.678  56.317 0.8999999762
95281  -52.082  7.215  55.485 0.8000000119
95228  -48.165  6.721  59.582 0.6999999881
122073  -48.624  6.600  60.174 0.6999999881
95255  -52.081  6.501  57.089 0.8000000119
95267  -51.727  6.828  56.253 0.8000000119
95938  -52.232  7.355  54.760 1.0000000000
95937  -51.775  7.682  54.363 0.8999999762
95279  -50.000  6.971  54.821 0.8000000119
96599  -51.887  8.147  52.220 1.0000000000
95278  -48.843  6.472  55.256 0.8000000119
95291  -49.165  6.817  54.283 0.8000000119
95980  -51.431  8.303  52.008 0.8999999762
95994  -51.229  8.083  51.362 1.0000000000
123951  -48.317  6.572  54.630 0.6999999881
95993  -50.605  7.993  50.872 0.8999999762
95320  -50.721  7.683  50.588 1.0000000000
95290  -47.558  6.551  54.475 0.6999999881
95301  -48.363  6.811  53.907 0.6999999881
95948  -49.304  7.330  53.302 0.8000000119
95300  -47.548  6.734  53.631 0.6000000238
140349  -48.330  7.056  53.177 0.6999999881
95961  -48.815  7.512  52.284 0.6999999881
95311  -47.640  7.035  52.719 0.6999999881
96016  -50.116  7.394  49.378 0.8999999762
95338  -50.524  7.039  49.118 1.0000000000
96576  -42.500  8.739  57.125 0.5000000000
96577  -43.369  8.963  56.883 0.6000000238
95977  -47.758  7.370  51.715 0.8000000119
124464  -47.210  7.232  50.170 0.8000000119
96587  -42.902  8.359  56.517 0.5000000000
96586  -42.035  8.264  56.651 0.5000000000
95920  -42.232  7.867  55.893 0.5000000000
134035  -41.390  7.742  55.020 0.5000000000
95944  -42.297  7.547  54.067 0.5000000000
95957  -42.028  7.565  52.489 0.5000000000
95958  -42.835  7.546  52.494 0.5000000000
95973  -42.970  7.501  51.412 0.6000000238
95336  -48.476  6.807  48.713 0.8000000119
125128  -41.487  7.665  54.107 0.4000000060
126812  -41.671  7.628  53.261 0.5000000000
95972  -41.810  7.317  51.873 0.5000000000
95988  -42.341  7.216  51.290 0.5000000000
96001  -42.898  7.186  50.712 0.6000000238
142076  -43.086  6.989  50.419 0.6000000238
95956  -41.268  7.424  52.585 0.4000000060
93196  -42.422  4.050  53.519 0.3000000119
93203  -43.505  4.006  52.381 0.3000000119
93930  -43.900  4.444  51.567 0.5000000000
94603  -42.257  5.066  52.834 0.3000000119
93202  -42.940  4.156  52.961 0.3000000119
145241  -43.375  4.830  51.885 0.3000000119
94613  -40.752  6.967  52.378 0.4000000060
94601  -40.422  6.407  52.708 0.4000000060
94602  -41.292  5.641  52.733 0.3000000119
126478  -41.668  5.874  52.188 0.3000000119
94615  -42.261  5.700  51.913 0.3000000119
93921  -42.930  4.915  52.347 0.3000000119
124562  -53.413  5.727  65.709 0.5000000000
94521  -53.115  5.098  64.549 0.6000000238
94524  -51.489  5.695  63.181 0.6000000238
94523  -50.936  5.688  62.451 0.6000000238
94534  -49.640  6.225  61.412 0.6000000238
95238  -46.656  7.376  58.968 0.6999999881
95936  -50.901  7.490  54.384 0.8000000119
95935  -50.149  7.400  53.905 0.8000000119
95963  -51.582  8.241  52.745 0.8999999762
95949  -51.178  8.037  53.488 0.8000000119
95962  -50.973  8.323  52.528 0.8999999762
129837  -50.378  7.860  53.105 0.8999999762
95979  -50.829  8.286  51.683 0.8999999762
96006  -50.323  7.621  50.098 0.8999999762
121314  -50.062  7.893  52.360 0.8999999762
95978  -49.862  7.892  51.445 0.8999999762
95992  -49.732  7.791  50.566 0.8999999762
121299  -48.830  7.658  51.195 0.8000000119
95991  -47.942  7.456  50.716 0.8000000119
127803  -48.867  7.696  50.371 0.8999999762
96005  -49.495  7.629  49.802 0.8999999762
96015  -49.087  7.287  49.187 0.8000000119
123390  -41.220  7.854  56.019 0.5000000000
97280  -42.030  9.059  57.751 0.5000000000
96575  -41.713  8.546  57.329 0.4000000060
125042  -41.385  8.163  56.846 0.5000000000
138004  -40.426  7.825  54.943 0.5000000000
122575  -40.602  7.735  53.128 0.4000000060
95919  -40.177  7.788  55.829 0.5000000000
95931  -40.537  7.780  54.083 0.4000000060
95970  -40.558  7.364  52.648 0.4000000060
95971  -41.270  7.138  52.225 0.4000000060
95987  -41.838  7.087  51.593 0.5000000000
94624  -42.453  7.048  51.003 0.5000000000
94625  -42.985  6.068  51.001 0.5000000000
139398  -43.476  5.370  51.232 0.5000000000
94626  -43.441  6.284  50.471 0.6000000238
95943  -39.772  7.793  53.380 0.4000000060
95955  -39.856  7.567  52.864 0.4000000060
145023  -41.351  6.929  52.010 0.5000000000
95309  -41.801  6.622  51.664 0.4000000060
120934  -42.491  6.338  51.267 0.4000000060
93931  -44.125  5.208  50.690 0.6000000238
95297  -40.081  7.160  52.567 0.4000000060
94614  -41.199  6.438  52.273 0.4000000060
96013  -46.017  6.883  49.295 0.6999999881
135556  -47.128  7.001  49.503 0.8000000119
94635  -43.819  6.793  49.984 0.6000000238
96002  -43.599  7.057  50.245 0.6000000238
95335  -47.135  6.572  48.915 0.8000000119
96004  -48.271  7.426  49.786 0.8000000119
130328  -42.829  6.701  50.720 0.5000000000
96014  -48.042  6.969  49.153 0.8000000119
93227  -51.125  4.417  48.224 0.8000000119
93133  -53.256  3.829  58.674 0.8000000119
93146  -52.886  3.690  58.253 0.8000000119
93171  -52.405  4.321  57.059 0.6999999881
93871  -53.303  4.557  58.006 0.8000000119
93887  -52.244  4.654  56.374 0.8000000119
93896  -52.209  5.021  55.653 0.8999999762
93895  -50.945  4.478  55.633 0.8000000119
93914  -48.903  4.635  53.497 0.8999999762
141809  -47.371  3.946  53.638 0.8999999762
92394  -45.673  2.381  53.466 0.8000000119
90883  -45.143  0.588  53.385 0.8000000119
91654  -46.955  1.402  50.830 0.8000000119
92409  -47.330  3.153  50.844 0.8999999762
93219  -48.060  3.839  50.068 0.8999999762
94656  -47.371  5.742  48.132 0.8000000119
92391  -42.098  2.170  54.103 0.1000000015
91638  -42.529  1.554  53.099 0.2000000030
91641  -42.757  1.182  52.478 0.2000000030
91642  -43.351  1.489  52.145 0.3000000119
91648  -43.818  1.383  51.381 0.3000000119
92416  -45.457  2.658  49.701 0.6000000238
94563  -53.042  5.726  58.018 0.6999999881
94647  -46.654  6.139  48.649 0.6999999881
132714  -46.139  5.674  48.774 0.6999999881
93186  -41.593  3.592  54.465 0.2000000030
93211  -44.623  4.091  51.010 0.6000000238
95277  -47.707  6.405  55.288 0.8000000119
135098  -51.142  7.553  51.192 1.0000000000
95310  -46.678  6.979  52.206 0.6000000238
136872  -44.984  7.300  52.016 0.5000000000
96003  -46.175  7.200  49.840 0.6999999881
122398  -44.646  7.369  51.073 0.5000000000
95325  -44.369  7.044  49.774 0.6999999881
94646  -45.557  6.277  49.066 0.6000000238
94637  -45.029  5.750  49.479 0.6000000238
94636  -44.205  6.029  49.877 0.6000000238
92393  -42.950  3.122  53.280 0.3000000119
146183  -51.984  5.318  63.282 0.6000000238
94543  -50.886  5.359  60.809 0.6999999881
95280  -51.051  7.064  55.327 0.8000000119
81890  -53.433  -11.392  51.702 0.2000000030
129681  -53.244  -10.654  51.757 0.2000000030
83579  -53.956  -8.817  51.642 0.2000000030
84520  -54.396  -7.945  51.526 0.2000000030
82750  -53.087  -9.740  52.081 0.2000000030
84514  -53.530  -8.265  51.779 0.2000000030
135833  -54.136  -7.494  51.361 0.2000000030
85351  -52.889  -6.891  51.791 0.2000000030
85358  -53.979  -6.778  51.168 0.2000000030
80069  -53.827  -12.869  53.177 0.2000000030
80081  -53.330  -12.417  52.298 0.2000000030
81004  -52.868  -11.973  51.803 0.2000000030
135187  -54.026  -10.692  51.648 0.2000000030
129303  -53.880  -9.746  51.682 0.2000000030
83588  -54.632  -8.510  51.674 0.2000000030
85359  -54.465  -7.116  51.501 0.2000000030
86194  -54.258  -5.980  51.185 0.2000000030
85356  -52.172  -6.135  51.751 0.3000000119
86192  -52.374  -5.694  51.128 0.3000000119
85357  -53.120  -6.454  51.390 0.3000000119
80070  -54.668  -12.882  53.653 0.2000000030
81006  -54.767  -11.801  52.321 0.2000000030
82752  -55.227  -9.297  52.479 0.2000000030
83589  -55.020  -8.401  51.890 0.2000000030
84521  -54.717  -7.891  51.684 0.2000000030
87002  -49.899  -4.619  50.740 0.3000000119
86191  -51.402  -5.425  51.219 0.3000000119
130052  -51.035  -4.589  50.569 0.3000000119
86199  -51.604  -5.099  50.800 0.3000000119
86193  -53.492  -5.777  50.982 0.2000000030
79106  -54.039  -13.375  57.085 0.3000000119
79119  -54.668  -13.262  55.782 0.3000000119
79130  -53.417  -13.624  55.601 0.3000000119
80043  -54.700  -13.203  54.987 0.2000000030
80057  -55.058  -12.693  54.497 0.2000000030
86973  -43.869  -4.795  53.934 0.1000000015
86980  -44.376  -4.786  53.336 0.1000000015
80991  -55.097  -12.247  53.350 0.2000000030
82745  -55.437  -9.507  53.473 0.2000000030
131542  -45.423  -4.715  52.421 0.1000000015
86999  -47.114  -4.374  50.980 0.3000000119
81879  -55.290  -11.169  53.172 0.2000000030
83574  -55.458  -8.647  53.360 0.2000000030
84509  -55.408  -7.709  53.198 0.2000000030
87011  -48.563  -4.116  50.418 0.3000000119
85353  -55.191  -7.083  52.583 0.2000000030
85352  -54.924  -6.775  52.020 0.2000000030
87804  -49.508  -3.734  49.784 0.3000000119
136695  -50.467  -3.299  49.765 0.3000000119
133742  -54.361  -4.022  51.382 0.3000000119
86183  -54.747  -6.131  51.794 0.3000000119
87805  -51.169  -3.936  50.212 0.4000000060
87015  -52.819  -4.274  50.374 0.4000000060
86201  -53.690  -4.763  50.666 0.3000000119
87014  -51.845  -4.534  50.430 0.3000000119
86200  -52.596  -5.098  50.696 0.3000000119
126627  -54.250  -11.566  60.840 0.3000000119
140760  -53.045  -12.492  59.828 0.3000000119
79991  -53.218  -12.041  61.073 0.3000000119
79078  -51.897  -13.491  59.306 0.3000000119
79079  -52.968  -12.955  59.038 0.3000000119
79092  -52.718  -13.536  58.086 0.3000000119
80014  -53.827  -12.927  58.218 0.3000000119
79093  -53.713  -13.294  57.664 0.3000000119
80020  -54.339  -12.992  57.564 0.3000000119
79105  -52.974  -13.650  57.216 0.3000000119
139024  -54.684  -12.687  56.905 0.3000000119
80975  -55.235  -12.055  55.313 0.3000000119
80031  -54.834  -13.102  56.368 0.3000000119
81859  -55.302  -10.978  55.118 0.2000000030
79118  -54.277  -13.411  56.282 0.3000000119
80044  -54.986  -12.869  55.763 0.2000000030
82735  -55.278  -9.968  54.922 0.2000000030
134596  -55.197  -9.215  54.614 0.2000000030
80983  -55.360  -11.699  54.322 0.2000000030
83566  -55.029  -8.316  54.592 0.2000000030
84501  -55.026  -7.313  54.416 0.2000000030
86997  -44.463  -4.165  51.677 0.1000000015
86989  -44.763  -4.590  52.433 0.1000000015
81868  -55.465  -10.624  54.377 0.2000000030
85336  -55.023  -6.553  54.239 0.2000000030
121483  -45.425  -4.374  51.638 0.3000000119
87801  -47.445  -3.719  50.281 0.3000000119
87802  -48.147  -3.747  50.124 0.3000000119
84502  -55.350  -7.261  54.053 0.2000000030
88591  -45.224  -2.656  50.205 0.3000000119
87800  -46.674  -3.526  50.293 0.3000000119
88599  -48.034  -2.563  49.457 0.3000000119
87812  -48.441  -3.258  49.623 0.3000000119
85344  -55.303  -6.774  53.549 0.2000000030
86161  -55.115  -6.024  53.880 0.2000000030
88592  -46.111  -2.800  50.077 0.3000000119
89392  -47.334  -2.226  49.566 0.3000000119
89393  -48.371  -1.649  49.163 0.3000000119
88602  -50.334  -2.273  49.278 0.3000000119
89396  -51.509  -1.585  49.163 0.4000000060
87794  -54.086  -3.261  51.356 0.4000000060
87784  -54.325  -3.483  52.344 0.3000000119
128021  -54.882  -5.106  52.705 0.3000000119
87815  -52.703  -2.799  49.743 0.4000000060
134720  -53.563  -3.883  50.458 0.3000000119
87016  -54.103  -3.969  50.791 0.3000000119
80000  -53.722  -12.072  60.300 0.3000000119
80008  -53.943  -12.206  59.484 0.3000000119
88545  -47.043  -2.388  53.904 0.8000000119
88558  -47.686  -2.426  53.644 0.8000000119
88548  -49.382  -2.849  54.399 0.4000000060
144603  -51.100  -3.123  54.692 0.3000000119
87743  -52.262  -3.765  56.102 0.3000000119
132015  -53.135  -5.726  55.314 0.2000000030
83559  -53.657  -8.781  55.099 0.3000000119
81850  -54.397  -11.221  55.807 0.3000000119
89355  -46.716  -1.452  52.683 0.6999999881
89349  -47.243  -2.055  53.184 0.6999999881
88570  -49.094  -2.548  53.138 0.6000000238
121190  -50.437  -3.203  55.018 0.4000000060
87752  -52.205  -3.421  55.558 0.3000000119
86962  -52.856  -4.064  55.864 0.3000000119
85327  -53.547  -6.729  55.020 0.2000000030
82728  -54.601  -10.254  55.306 0.3000000119
89356  -47.613  -1.726  52.492 0.6999999881
88571  -50.079  -2.490  52.862 0.5000000000
88549  -50.421  -2.920  54.171 0.4000000060
87753  -53.003  -3.605  55.414 0.3000000119
86963  -53.446  -3.896  55.397 0.2000000030
137673  -53.816  -5.792  54.934 0.2000000030
83565  -54.339  -8.278  54.829 0.2000000030
83560  -54.620  -9.190  54.949 0.2000000030
90137  -47.155  -1.073  51.933 0.8000000119
89370  -48.041  -1.367  51.776 0.6999999881
89358  -49.473  -2.067  52.241 0.6999999881
88560  -50.554  -2.696  53.467 0.4000000060
88561  -51.377  -2.878  53.945 0.4000000060
87762  -52.713  -3.268  54.902 0.2000000030
85335  -54.431  -6.365  54.615 0.2000000030
84500  -54.408  -7.447  54.728 0.2000000030
140725  -48.515  -0.973  51.236 0.6999999881
89359  -50.486  -1.902  52.155 0.6000000238
88572  -51.165  -2.398  52.871 0.4000000060
134818  -52.045  -2.597  53.404 0.4000000060
88551  -53.130  -3.127  54.299 0.2000000030
138286  -54.317  -3.988  54.725 0.2000000030
86160  -54.723  -5.651  54.355 0.2000000030
90903  -47.482  0.811  50.586 0.6999999881
90157  -49.779  -0.131  50.585 0.6999999881
89372  -49.867  -1.434  51.545 0.6999999881
89373  -50.907  -1.196  51.450 0.6000000238
89360  -51.482  -1.680  51.974 0.4000000060
88562  -52.842  -2.746  53.420 0.4000000060
87774  -53.862  -3.001  53.840 0.3000000119
87765  -54.256  -3.497  54.322 0.2000000030
86982  -54.706  -4.203  54.270 0.2000000030
91655  -47.758  1.782  50.083 0.6999999881
91656  -48.441  0.984  50.108 0.6999999881
90905  -49.142  0.414  50.345 0.6999999881
88600  -48.723  -2.478  49.330 0.3000000119
89394  -49.118  -1.508  49.031 0.4000000060
145915  -52.230  -1.454  51.657 0.4000000060
129442  -52.984  -2.305  52.426 0.4000000060
124367  -53.402  -2.769  53.187 0.4000000060
135940  -54.672  -3.819  53.853 0.2000000030
89391  -46.079  -1.169  49.427 0.4000000060
89402  -47.036  -1.286  49.101 0.3000000119
89403  -47.855  -0.866  48.747 0.4000000060
89404  -48.590  -0.937  48.817 0.5000000000
89406  -50.664  -0.824  48.628 0.6000000238
125522  -52.525  -0.784  49.348 0.5000000000
89375  -53.060  -1.091  50.958 0.4000000060
88583  -53.951  -2.806  52.073 0.4000000060
86992  -54.692  -4.048  53.053 0.3000000119
136654  -54.889  -4.425  53.665 0.2000000030
90171  -46.107  0.227  48.782 0.3000000119
90172  -46.863  0.173  48.454 0.5000000000
90174  -48.487  -0.158  48.351 0.5000000000
132335  -49.478  0.153  48.284 0.5000000000
90924  -50.851  1.630  48.434 0.6000000238
88593  -53.476  -2.215  50.536 0.4000000060
87793  -53.749  -3.058  50.545 0.4000000060
90921  -47.318  0.878  48.172 0.6000000238
90931  -48.518  1.127  47.805 0.6000000238
138382  -49.842  0.906  48.103 0.6000000238
91672  -51.744  2.259  48.796 0.6000000238
92441  -47.916  1.980  47.658 0.6000000238
92442  -48.695  2.309  47.440 0.6000000238
90932  -49.526  1.665  47.716 0.6000000238
91677  -50.916  2.592  48.297 0.6000000238
93233  -47.596  3.438  47.674 0.6000000238
80933  -54.457  -11.634  60.018 0.3000000119
138402  -54.249  -11.986  58.754 0.3000000119
80959  -54.409  -12.775  57.497 0.3000000119
143300  -53.971  -12.396  58.773 0.3000000119
80952  -54.017  -12.357  58.169 0.3000000119
80966  -54.097  -11.641  56.522 0.3000000119
89348  -46.462  -1.794  53.491 0.6999999881
88546  -47.734  -2.622  54.291 0.5000000000
88547  -48.433  -2.732  54.597 0.4000000060
88537  -51.355  -3.294  55.437 0.3000000119
86957  -52.087  -4.114  56.417 0.3000000119
86150  -52.202  -5.527  55.769 0.3000000119
88559  -48.389  -2.630  53.834 0.6000000238
88535  -49.778  -3.070  55.604 0.3000000119
84492  -53.595  -7.840  55.008 0.2000000030
82727  -53.339  -10.291  55.641 0.3000000119
81858  -53.091  -10.750  56.131 0.3000000119
83558  -52.697  -8.494  55.303 0.3000000119
130472  -53.731  -9.616  55.305 0.3000000119
90158  -51.074  0.194  50.447 0.6000000238
90147  -50.385  -0.690  50.962 0.6000000238
90906  -50.523  0.745  50.163 0.6999999881
90148  -51.474  -0.440  50.781 0.6000000238
89374  -51.870  -0.954  51.240 0.5000000000
125875  -50.718  3.795  48.841 0.6999999881
91663  -50.610  2.174  49.328 0.6999999881
140450  -52.265  1.589  49.287 0.6000000238
90916  -52.153  1.008  49.332 0.6000000238
90150  -52.947  -0.386  50.322 0.5000000000
93228  -51.176  3.532  48.485 0.6999999881
92428  -51.370  2.967  48.731 0.6999999881
91664  -51.868  2.294  49.080 0.6000000238
91665  -52.012  1.764  49.205 0.6000000238
93241  -50.889  3.995  47.669 0.6999999881
92436  -51.371  3.039  48.690 0.6999999881
93965  -49.326  4.631  47.481 0.6999999881
92443  -50.047  2.999  47.558 0.6000000238
136655  -47.785  4.247  47.587 0.6000000238
137037  -54.369  -11.512  59.449 0.3000000119
80945  -54.665  -11.302  59.969 0.3000000119
80944  -54.266  -11.808  59.237 0.3000000119
80951  -54.064  -12.272  58.062 0.3000000119
80958  -54.162  -12.017  57.328 0.3000000119
89340  -44.664  -0.664  54.747 0.6999999881
89332  -45.206  -1.561  55.253 0.6999999881
88532  -47.115  -2.502  54.765 0.8000000119
87751  -51.558  -3.553  56.196 0.3000000119
85326  -52.483  -6.533  55.359 0.3000000119
130774  -52.874  -9.440  55.440 0.3000000119
90112  -44.261  -0.238  55.091 0.6999999881
143851  -44.934  -0.609  54.284 0.6999999881
89341  -45.119  -1.212  54.584 0.6999999881
131222  -46.391  -2.104  54.363 0.6999999881
86151  -52.998  -4.819  55.668 0.3000000119
90118  -44.594  -0.088  54.441 0.6999999881
90126  -44.995  -0.090  53.819 0.6999999881
92378  -44.382  2.507  55.288 0.8000000119
91633  -44.650  1.338  54.302 0.8000000119
91639  -44.984  1.181  53.692 0.6999999881
92385  -44.754  2.142  54.555 0.8000000119
92386  -45.458  2.563  54.215 0.6999999881
93187  -45.966  3.249  54.695 0.8000000119
92387  -46.145  3.090  53.973 0.8000000119
93188  -46.743  3.691  54.526 0.8000000119
81836  -53.220  -11.315  57.660 0.3000000119
84491  -52.645  -7.485  55.253 0.3000000119
82726  -52.429  -9.986  55.893 0.3000000119
81844  -53.023  -11.050  56.872 0.3000000119
89342  -45.741  -1.818  54.854 0.6999999881
88534  -48.803  -2.837  55.354 0.4000000060
88536  -50.714  -3.269  56.011 0.3000000119
86141  -51.736  -4.780  56.397 0.3000000119
85325  -51.552  -6.563  55.627 0.3000000119
83557  -51.676  -8.166  55.488 0.3000000119
90111  -43.714  0.419  55.572 0.6999999881
88533  -47.908  -2.688  55.130 0.6999999881
91628  -44.082  1.499  55.130 0.8000000119
90870  -44.302  0.597  54.728 0.6999999881
93177  -45.663  3.477  55.445 0.6999999881
93178  -46.601  3.763  55.272 0.6999999881
93181  -49.750  4.343  55.617 0.6999999881
93179  -48.153  4.199  55.562 0.6999999881
93894  -50.224  4.422  55.288 0.6999999881
81835  -52.208  -10.634  58.038 0.3000000119
82688  -50.484  -9.685  59.479 0.3000000119
140746  -50.066  -9.624  60.389 0.3000000119
81849  -52.115  -10.376  56.545 0.3000000119
88526  -50.078  -3.270  56.555 0.3000000119
86956  -51.377  -4.174  56.913 0.3000000119
90104  -44.074  -0.563  55.867 0.6999999881
136595  -46.477  -2.229  55.297 0.6999999881
87741  -50.857  -3.667  56.898 0.3000000119
91627  -43.434  1.375  55.931 0.8000000119
92377  -43.761  2.145  55.678 0.8000000119
92369  -43.322  2.255  56.378 0.6999999881
92370  -43.970  2.898  55.917 0.6999999881
93165  -45.384  3.704  56.181 0.6999999881
93155  -46.039  4.141  56.698 0.6999999881
123362  -47.390  4.055  55.930 0.6999999881
93169  -49.687  4.258  56.254 0.6999999881
93168  -49.032  4.313  56.807 0.6999999881
93170  -50.631  4.179  56.450 0.6999999881
82709  -50.826  -9.952  57.466 0.3000000119
81843  -51.840  -10.529  57.326 0.3000000119
82700  -50.356  -9.796  58.422 0.3000000119
81834  -51.071  -10.186  57.958 0.3000000119
120924  -49.699  -9.483  59.044 0.3000000119
82686  -48.891  -9.335  60.040 0.3000000119
139792  -49.573  -9.497  59.824 0.3000000119
84489  -51.169  -7.408  55.640 0.3000000119
82725  -51.982  -9.194  55.633 0.3000000119
88525  -49.550  -3.305  56.973 0.3000000119
89331  -44.643  -1.055  55.341 0.6999999881
89333  -45.770  -1.905  55.816 0.6999999881
93163  -43.726  3.184  56.691 0.6999999881
93164  -44.503  3.481  56.389 0.6999999881
93154  -45.170  3.954  56.944 0.6999999881
139182  -46.838  4.300  57.221 0.6999999881
93156  -47.624  4.344  57.720 0.6999999881
121185  -49.121  4.251  57.689 0.6999999881
121386  -48.364  4.330  58.208 0.6999999881
93157  -49.941  3.984  57.150 0.6999999881
144441  -49.587  6.657  61.958 0.5000000000
94535  -50.167  6.208  62.206 0.5000000000
132406  -51.719  -9.723  56.202 0.3000000119
82716  -51.250  -9.944  56.777 0.3000000119
85316  -51.093  -5.841  56.123 0.3000000119
86140  -50.881  -4.952  56.801 0.3000000119
123886  -48.194  -2.756  56.154 0.5000000000
122456  -49.191  -3.060  56.253 0.5000000000
134169  -47.290  -2.493  55.693 0.5000000000
92368  -42.706  2.060  56.881 0.6999999881
92363  -43.113  2.789  57.105 0.8000000119
93152  -43.584  3.513  57.477 0.6999999881
93139  -43.450  3.857  58.299 0.6999999881
93124  -43.358  4.095  59.251 0.6999999881
93869  -44.731  4.331  58.474 0.6999999881
93857  -44.102  4.250  58.855 0.6999999881
93879  -45.875  4.357  57.524 0.6999999881
93870  -45.651  4.500  58.591 0.6999999881
93859  -45.777  4.408  59.795 0.6999999881
93142  -47.560  4.418  58.703 0.6000000238
93109  -47.569  3.816  60.873 0.6000000238
92325  -48.541  3.264  62.088 0.6000000238
93075  -48.942  3.472  62.714 0.6000000238
93060  -49.430  3.673  63.139 0.5000000000
93143  -49.125  4.163  58.711 0.6999999881
93110  -48.482  3.725  60.727 0.6000000238
93093  -48.933  3.435  61.438 0.6000000238
92312  -49.350  3.312  62.367 0.6000000238
142736  -49.749  4.062  57.989 0.6000000238
93130  -50.242  3.690  59.613 0.6000000238
93094  -49.848  3.341  61.353 0.6000000238
121048  -51.305  3.704  57.774 0.6000000238
93144  -50.968  3.561  58.708 0.6000000238
136178  -51.249  3.483  59.824 0.6000000238
95911  -45.646  7.965  57.947 0.6999999881
146252  -46.970  7.512  59.607 0.5000000000
95895  -47.492  7.318  59.989 0.6000000238
95882  -48.240  7.581  61.290 0.5000000000
95218  -48.533  6.843  60.880 0.5000000000
129647  -49.450  7.248  62.188 0.5000000000
95205  -50.076  6.980  62.547 0.5000000000
95201  -50.834  6.428  63.056 0.5000000000
95202  -51.763  6.342  63.691 0.4000000060
95203  -52.784  6.297  64.459 0.4000000060
95870  -52.153  7.217  64.095 0.5000000000
95871  -52.475  7.905  64.109 0.5000000000
137896  -51.061  -3.957  57.233 0.3000000119
87740  -50.143  -3.575  57.404 0.3000000119
86948  -50.477  -3.900  57.660 0.3000000119
91615  -41.678  1.446  57.951 0.8000000119
88522  -46.663  -2.220  56.230 0.6999999881
88523  -47.405  -2.481  56.573 0.5000000000
89323  -45.258  -1.676  56.496 0.6999999881
89324  -46.103  -1.967  56.829 0.6999999881
90865  -43.114  0.609  56.351 0.8000000119
90103  -43.452  -0.184  56.362 0.8000000119
93104  -42.415  3.718  60.592 0.8000000119
93138  -42.717  3.647  58.622 0.8000000119
92362  -42.492  2.484  57.447 0.8000000119
93087  -43.196  3.434  61.513 0.6999999881
93123  -42.558  3.848  59.570 0.8000000119
93106  -44.133  3.612  61.228 0.8000000119
145791  -44.581  3.890  60.711 0.6999999881
93107  -44.998  3.671  61.289 0.8000000119
93847  -45.802  3.940  60.927 0.6999999881
93073  -46.934  3.237  62.710 0.6999999881
93059  -48.083  3.418  62.979 0.6999999881
93091  -47.341  3.352  61.796 0.6000000238
92311  -48.278  3.318  62.538 0.6000000238
93814  -50.441  4.084  63.732 0.5000000000
95850  -53.497  6.733  66.361 0.3000000119
95191  -53.461  6.541  65.604 0.4000000060
132259  -53.078  7.490  64.943 0.4000000060
95858  -53.224  6.694  64.929 0.4000000060
95901  -45.978  8.024  58.787 0.6000000238
95894  -46.456  8.062  59.560 0.5000000000
94520  -52.343  5.570  63.751 0.5000000000
142662  -52.764  7.189  64.564 0.4000000060
96512  -53.000  8.073  65.332 0.3000000119
141775  -47.751  8.305  61.226 0.5000000000
95213  -48.972  6.888  61.555 0.5000000000
96525  -49.944  8.099  62.556 0.4000000060
95874  -50.774  7.548  63.179 0.4000000060
95869  -51.399  7.109  63.601 0.5000000000
83556  -50.867  -8.134  55.818 0.3000000119
136479  -50.371  -6.677  56.283 0.3000000119
86139  -50.273  -5.831  56.681 0.3000000119
84480  -50.541  -7.496  56.036 0.3000000119
86947  -50.597  -4.252  57.498 0.3000000119
85324  -50.884  -6.786  55.834 0.3000000119
89313  -43.723  -1.237  57.698 0.6000000238
88515  -47.981  -2.732  57.217 0.5000000000
87733  -49.942  -3.770  58.108 0.3000000119
90858  -42.031  0.456  57.704 0.8000000119
90097  -42.636  -0.155  57.389 0.8000000119
89314  -43.986  -1.014  56.773 0.8000000119
89315  -45.390  -1.830  57.477 0.6999999881
88524  -48.829  -3.095  56.991 0.5000000000
92347  -39.953  1.878  59.800 0.6000000238
91608  -40.577  1.706  59.113 0.8000000119
138278  -42.948  0.091  56.799 0.6999999881
92348  -40.631  2.534  59.517 0.8000000119
90864  -42.511  0.659  57.010 0.8000000119
89322  -44.582  -1.255  56.176 0.6999999881
92361  -41.975  2.200  57.775 0.8000000119
93137  -41.985  3.329  58.911 0.8000000119
91621  -42.830  1.391  56.595 0.8000000119
93103  -41.572  3.479  60.785 0.6999999881
92356  -42.187  2.985  58.088 0.8000000119
93086  -42.351  3.267  61.822 0.6999999881
138220  -42.634  2.906  62.660 0.6999999881
93070  -43.597  2.944  63.007 0.6999999881
93071  -44.415  3.031  62.916 0.6999999881
93088  -44.748  3.232  62.252 0.6999999881
121329  -46.134  3.198  62.718 0.6999999881
93058  -47.171  3.316  63.008 0.6999999881
136268  -45.694  3.195  63.102 0.6000000238
139015  -46.070  3.514  63.315 0.6999999881
93826  -48.466  4.008  63.292 0.5000000000
94519  -49.436  5.363  63.774 0.5000000000
94509  -51.425  5.200  65.105 0.4000000060
95181  -51.814  6.094  65.898 0.4000000060
95182  -52.800  6.050  66.714 0.4000000060
95184  -53.388  6.031  66.311 0.3000000119
95859  -53.461  7.351  65.955 0.3000000119
97198  -52.543  8.638  66.059 0.3000000119
97221  -52.395  10.154  62.462 0.2000000030
126154  -52.474  8.542  64.084 0.4000000060
97229  -47.744  9.092  61.274 0.3000000119
97230  -48.618  9.548  61.510 0.3000000119
97231  -49.774  9.961  61.612 0.3000000119
97232  -51.017  10.248  61.592 0.3000000119
97219  -51.686  9.657  62.242 0.3000000119
97220  -52.169  9.924  62.194 0.4000000060
97213  -52.361  9.549  63.275 0.2000000030
96536  -48.331  8.524  61.694 0.4000000060
96537  -49.206  8.897  62.174 0.4000000060
97218  -50.377  9.312  62.392 0.4000000060
96526  -51.055  8.680  62.992 0.4000000060
96527  -52.038  9.057  62.880 0.3000000119
140522  -52.231  8.598  63.516 0.4000000060
96521  -51.821  8.075  63.537 0.4000000060
92354  -40.990  2.277  58.877 0.8000000119
92324  -40.212  2.844  62.173 0.6999999881
93102  -40.784  3.240  60.935 0.6999999881
92349  -41.290  2.956  59.206 0.8000000119
93084  -40.706  3.069  61.740 0.6999999881
93121  -41.003  3.201  60.053 0.6999999881
131038  -41.169  2.839  62.650 0.6000000238
93068  -41.879  2.896  63.162 0.4000000060
93069  -42.751  2.845  63.049 0.5000000000
93055  -44.122  3.199  63.146 0.6000000238
93822  -44.657  3.708  63.434 0.5000000000
94516  -46.095  4.307  63.537 0.5000000000
94517  -46.997  4.676  63.461 0.4000000060
95200  -48.442  5.750  63.585 0.3000000119
95188  -49.338  6.285  64.067 0.4000000060
95189  -51.021  6.861  65.732 0.4000000060
95849  -52.071  6.913  66.866 0.3000000119
121904  -48.500  6.846  63.768 0.3000000119
95177  -52.969  6.486  67.037 0.3000000119
96494  -52.669  7.625  67.289 0.3000000119
93820  -42.908  3.999  63.546 0.4000000060
93821  -43.821  3.796  63.476 0.5000000000
94514  -44.355  4.737  63.476 0.4000000060
125637  -45.885  5.464  63.571 0.3000000119
95198  -46.174  6.563  63.523 0.3000000119
95199  -47.646  6.387  63.504 0.3000000119
95856  -49.332  7.193  64.484 0.4000000060
96501  -51.303  8.130  67.916 0.3000000119
123957  -51.841  8.316  68.439 0.3000000119
141015  -42.632  5.031  63.456 0.4000000060
95195  -43.235  6.727  63.424 0.1000000015
95196  -43.960  5.946  63.378 0.3000000119
95197  -44.707  6.649  63.439 0.1000000015
95865  -45.468  7.308  63.455 0.2000000030
125638  -44.930  5.633  63.481 0.3000000119
122163  -46.962  6.786  63.499 0.3000000119
95868  -48.580  7.778  64.169 0.3000000119
95847  -50.161  8.161  66.245 0.3000000119
95864  -44.474  7.647  63.442 0.2000000030
96517  -44.781  8.563  63.627 0.1000000015
96518  -45.681  8.336  63.578 0.2000000030
97212  -45.808  9.207  64.008 0.2000000030
125452  -43.972  6.929  63.437 0.1000000015
144615  -45.128  7.978  63.438 0.2000000030
95866  -46.528  7.636  63.534 0.2000000030
96509  -47.347  8.932  64.174 0.2000000030
121815  -47.207  8.240  63.743 0.3000000119
96500  -49.166  8.831  65.567 0.3000000119
96516  -43.827  8.391  63.599 0.2000000030
137300  -50.529  3.077  62.550 0.6000000238
126940  -50.157  3.111  61.974 0.6999999881
93112  -50.457  3.417  60.575 0.6000000238
93180  -49.024  4.309  55.668 0.8000000119
93189  -47.509  4.060  54.321 0.8000000119
92444  -51.107  3.538  47.997 0.6999999881
94501  -52.457  4.581  65.359 0.4000000060
93158  -50.760  3.903  57.197 0.6000000238
90136  -46.385  -0.659  52.284 0.8000000119
90145  -47.774  -0.562  51.210 0.6999999881
90156  -48.703  -0.375  50.756 0.6999999881
90904  -48.085  0.177  50.593 0.6999999881
90914  -49.832  1.283  49.906 0.6999999881
92426  -49.743  2.906  49.267 0.6999999881
93239  -48.373  3.798  47.362 0.6000000238
93232  -46.997  3.286  48.103 0.6000000238
95183  -53.079  5.888  66.589 0.4000000060
97274  -45.596  8.892  58.381 0.6000000238
96579  -45.199  8.682  57.479 0.6999999881
95190  -53.397  5.901  65.105 0.4000000060
94500  -52.423  5.370  65.832 0.4000000060
95888  -48.064  7.118  60.463 0.5000000000
81005  -54.300  -12.416  52.719 0.2000000030
144636  -54.247  -11.392  51.824 0.2000000030
137881  -54.442  -10.051  51.686 0.2000000030
81891  -54.804  -10.790  51.988 0.2000000030
79144  -54.224  -13.333  54.183 0.2000000030
81880  -55.218  -10.171  52.695 0.2000000030
87013  -50.227  -4.279  50.270 0.3000000119
87012  -49.320  -4.213  50.244 0.3000000119
144109  -54.042  -5.379  50.899 0.3000000119
80030  -54.680  -13.060  56.939 0.3000000119
79131  -54.184  -13.480  55.263 0.2000000030
86972  -43.100  -4.520  54.013 0.1000000015
86165  -44.355  -5.357  54.231 0.1000000015
133983  -55.434  -7.995  54.134 0.2000000030
87010  -47.725  -4.134  50.652 0.3000000119
87009  -46.941  -4.059  50.610 0.3000000119
87803  -48.818  -3.790  49.870 0.3000000119
86173  -55.158  -6.132  52.915 0.2000000030
87813  -49.035  -3.214  49.479 0.3000000119
137181  -49.641  -3.051  49.463 0.3000000119
136889  -51.205  -2.439  49.520 0.4000000060
128458  -54.585  -5.399  51.563 0.3000000119
87814  -51.646  -3.061  49.742 0.4000000060
87806  -52.222  -3.718  50.045 0.4000000060
128878  -53.139  -3.404  50.075 0.4000000060
80967  -54.943  -12.360  56.205 0.3000000119
87792  -45.049  -3.871  51.007 0.3000000119
87008  -46.316  -3.915  50.631 0.3000000119
87799  -45.716  -3.482  50.490 0.3000000119
87811  -47.833  -3.321  49.842 0.3000000119
130129  -47.501  -2.910  49.748 0.3000000119
130263  -46.528  -2.049  49.688 0.3000000119
140114  -47.773  -1.696  49.241 0.3000000119
88601  -49.389  -2.387  49.256 0.3000000119
135839  -50.763  -1.404  48.925 0.6000000238
89395  -49.945  -1.612  48.874 0.3000000119
89407  -51.680  -0.691  48.883 0.6000000238
88603  -52.375  -1.963  49.431 0.4000000060
88582  -53.605  -2.407  51.322 0.4000000060
87775  -54.318  -3.356  53.490 0.4000000060
88604  -53.003  -1.997  49.772 0.4000000060
80934  -54.795  -11.158  60.464 0.3000000119
88569  -48.086  -2.275  53.086 0.6999999881
136735  -49.876  -2.737  53.575 0.4000000060
88550  -51.900  -3.148  54.838 0.3000000119
86152  -53.603  -5.021  55.207 0.2000000030
89357  -48.513  -2.000  52.352 0.6999999881
86974  -53.795  -3.591  54.964 0.2000000030
86153  -54.193  -5.265  54.750 0.2000000030
89371  -48.912  -1.554  51.627 0.6999999881
120902  -52.364  -3.023  54.134 0.4000000060
90146  -49.304  -0.893  51.048 0.6999999881
88573  -52.252  -2.116  52.486 0.4000000060
141716  -49.784  -1.022  48.620 0.4000000060
89405  -49.221  -0.633  48.606 0.5000000000
89362  -53.224  -1.833  51.605 0.4000000060
135269  -52.618  -0.895  51.011 0.4000000060
90166  -46.479  -0.468  48.874 0.3000000119
90173  -47.615  0.017  48.326 0.4000000060
90922  -48.088  0.622  48.067 0.5000000000
90176  -51.634  0.247  48.658 0.6000000238
133427  -50.680  0.669  48.387 0.6000000238
90175  -50.221  -0.269  48.449 0.5000000000
124401  -52.970  -0.143  49.760 0.6000000238
89397  -53.054  -1.147  49.718 0.5000000000
133804  -52.438  0.513  49.595 0.6000000238
90167  -52.438  -0.015  49.228 0.6000000238
89382  -53.160  -0.870  50.237 0.4000000060
89376  -53.302  -1.574  50.808 0.4000000060
90923  -48.911  0.667  47.949 0.5000000000
90925  -51.847  1.365  48.772 0.6000000238
91671  -47.463  1.622  47.971 0.6000000238
90930  -47.915  1.291  47.893 0.6000000238
90920  -46.506  0.868  48.476 0.6000000238
91676  -48.431  1.620  47.639 0.6000000238
139058  -51.732  2.466  48.939 0.6999999881
127607  -48.030  2.800  47.405 0.6000000238
92435  -47.340  2.413  47.891 0.6000000238
134437  -48.850  3.106  47.313 0.6999999881
90159  -52.166  0.260  50.064 0.6000000238
90915  -51.339  1.519  49.524 0.6000000238
90907  -51.721  0.959  49.672 0.6000000238
90149  -52.392  -0.330  50.461 0.5000000000
92427  -51.274  3.009  48.949 0.6999999881
90908  -52.401  0.589  49.572 0.6000000238
90926  -52.193  0.945  49.213 0.6000000238
90877  -44.757  0.602  54.029 0.6999999881
92379  -45.115  2.884  54.901 0.6999999881
91634  -45.157  1.840  53.872 0.6999999881
122286  -47.466  4.041  55.087 0.8000000119
93176  -44.772  3.214  55.647 0.6999999881
123421  -46.299  3.856  56.003 0.6999999881
143535  -49.059  4.334  56.226 0.6999999881
139269  -48.397  4.280  56.243 0.6999999881
82687  -49.179  -9.292  59.461 0.3000000119
93166  -46.886  4.142  56.521 0.6999999881
93167  -47.724  4.282  56.816 0.6999999881
121183  -48.388  4.341  57.339 0.6999999881
146079  -50.539  -9.918  57.886 0.3000000119
82701  -51.292  -10.069  58.642 0.3000000119
83549  -51.086  -9.063  56.099 0.3000000119
93153  -44.327  3.754  57.182 0.6999999881
93141  -46.725  4.418  58.149 0.6999999881
121184  -50.460  3.831  57.872 0.6000000238
93151  -42.893  3.281  57.794 0.8000000119
93140  -44.163  4.025  57.983 0.6999999881
93125  -44.190  4.112  59.987 0.6999999881
93878  -44.958  4.228  57.749 0.6999999881
93858  -44.889  4.370  59.312 0.6999999881
93860  -46.672  4.486  59.230 0.6000000238
93846  -45.021  4.138  60.346 0.6999999881
93126  -46.686  4.174  60.363 0.6999999881
121266  -48.273  4.275  59.202 0.6999999881
93127  -47.511  4.257  59.753 0.6000000238
125370  -48.133  4.009  60.070 0.6000000238
93108  -46.660  3.616  61.434 0.6999999881
93092  -48.063  3.385  61.628 0.6000000238
92310  -47.608  3.252  62.323 0.6000000238
140209  -49.338  3.273  61.892 0.6000000238
93827  -49.492  4.427  63.524 0.5000000000
93128  -48.816  3.981  59.756 0.6999999881
93129  -49.508  3.911  59.428 0.6000000238
93111  -49.454  3.664  60.424 0.6000000238
122430  -50.006  3.917  58.704 0.6000000238
96553  -46.963  7.981  60.216 0.5000000000
95881  -47.565  7.797  60.717 0.5000000000
95883  -48.905  7.814  62.060 0.5000000000
90853  -41.325  0.633  58.320 0.8000000119
91616  -42.251  1.432  57.291 0.8000000119
130094  -47.255  -2.624  57.652 0.5000000000
121105  -44.717  -1.469  56.890 0.6000000238
90098  -43.302  -0.539  57.150 0.8000000119
93105  -43.276  3.969  60.320 0.8000000119
93122  -41.764  3.527  59.809 0.8000000119
123704  -43.877  3.120  62.397 0.6999999881
93089  -45.765  3.339  62.070 0.6000000238
93090  -46.751  3.260  62.275 0.6999999881
93074  -47.554  3.293  62.719 0.6999999881
93825  -47.522  3.804  63.295 0.6999999881
94508  -50.481  4.835  64.126 0.5000000000
95843  -52.878  7.046  67.222 0.3000000119
96566  -46.078  8.793  59.233 0.6000000238
96543  -46.618  8.900  60.089 0.6000000238
88506  -45.634  -2.277  58.376 0.5000000000
92355  -41.594  2.444  58.439 0.8000000119
125623  -42.084  2.943  62.649 0.6999999881
123705  -43.094  2.949  62.575 0.6999999881
93072  -45.256  3.104  62.812 0.6999999881
93057  -46.441  3.242  63.068 0.6999999881
93056  -44.929  3.193  63.130 0.6000000238
93823  -45.449  3.622  63.391 0.6000000238
93824  -46.697  3.676  63.328 0.5000000000
140783  -47.940  4.737  63.434 0.4000000060
94518  -48.743  4.868  63.509 0.4000000060
120636  -50.262  5.753  64.460 0.5000000000
124444  -50.912  6.122  65.149 0.4000000060
96528  -52.274  9.308  62.994 0.3000000119
92337  -40.098  2.881  61.201 0.6000000238
93052  -41.415  3.220  63.519 0.5000000000
93067  -41.045  2.850  63.287 0.4000000060
93053  -42.272  3.340  63.424 0.4000000060
93054  -43.268  3.190  63.247 0.5000000000
94515  -45.226  4.551  63.531 0.5000000000
126756  -47.555  5.493  63.470 0.3000000119
144756  -46.437  5.070  63.528 0.3000000119
125636  -46.806  5.800  63.498 0.3000000119
123317  -50.145  6.646  64.817 0.4000000060
95842  -52.585  7.056  67.244 0.3000000119
95848  -51.134  7.524  66.769 0.3000000119
93819  -41.836  4.714  63.630 0.3000000119
139164  -45.429  6.332  63.504 0.3000000119
95867  -47.634  7.470  63.627 0.3000000119
95857  -50.132  7.454  65.438 0.3000000119
94512  -42.219  5.677  63.512 0.2000000030
132471  -42.998  5.834  63.426 0.2000000030
94513  -43.472  4.887  63.436 0.3000000119
96511  -49.366  8.122  64.954 0.3000000119
142160  -48.643  8.475  64.634 0.3000000119
96520  -47.952  8.383  64.054 0.3000000119
96519  -46.548  8.662  63.788 0.3000000119
79977  -50.327  -11.887  65.180 0.2000000030
79976  -49.644  -12.432  64.670 0.2000000030
79046  -49.042  -12.892  65.166 0.2000000030
79051  -48.964  -12.947  64.151 0.2000000030
129163  -48.284  -13.417  64.148 0.2000000030
79050  -48.528  -13.385  63.407 0.2000000030
80910  -50.877  -11.621  64.399 0.2000000030
127329  -50.202  -12.034  64.295 0.2000000030
79980  -49.768  -12.475  63.647 0.2000000030
79054  -48.942  -13.502  62.464 0.2000000030
81778  -52.773  -10.330  65.171 0.2000000030
80901  -51.261  -11.324  65.283 0.2000000030
79981  -50.611  -11.985  63.592 0.2000000030
120608  -49.168  -13.003  63.256 0.2000000030
78143  -48.344  -14.206  61.909 0.2000000030
79058  -49.077  -13.969  61.480 0.2000000030
78147  -49.144  -14.341  60.696 0.2000000030
129892  -49.144  -14.511  60.093 0.2000000030
78169  -49.518  -14.375  59.482 0.2000000030
78176  -47.928  -14.323  59.253 0.2000000030
78168  -48.631  -14.523  59.698 0.2000000030
79087  -48.010  -13.750  58.478 0.2000000030
79088  -49.041  -13.776  58.332 0.2000000030
123622  -54.887  -8.765  65.014 0.2000000030
83472  -54.964  -8.298  65.609 0.2000000030
81787  -53.231  -10.270  64.336 0.2000000030
82618  -53.787  -9.665  64.754 0.2000000030
82610  -53.972  -9.275  65.536 0.2000000030
80902  -52.060  -10.893  65.005 0.2000000030
80912  -52.531  -10.721  64.338 0.2000000030
80917  -51.433  -11.557  63.596 0.2000000030
79985  -50.341  -12.414  62.965 0.2000000030
127981  -49.754  -13.344  61.839 0.2000000030
79059  -50.504  -13.191  61.277 0.2000000030
79068  -49.772  -13.781  60.982 0.2000000030
78158  -49.761  -14.209  60.230 0.2000000030
79112  -47.967  -13.085  56.867 0.1000000015
79100  -47.519  -13.385  57.653 0.1000000015
78178  -49.541  -14.165  58.800 0.2000000030
129482  -47.030  -13.167  56.854 0.1000000015
79101  -48.488  -13.412  57.669 0.1000000015
80051  -47.845  -12.841  54.126 0.1000000015
80038  -47.115  -12.831  55.124 0.1000000015
80063  -48.691  -12.992  51.608 0.1000000015
83473  -55.366  -7.968  64.883 0.2000000030
82619  -54.656  -9.293  64.328 0.2000000030
82620  -55.244  -8.721  64.156 0.2000000030
81788  -53.887  -10.037  63.878 0.2000000030
81789  -54.628  -9.744  63.484 0.2000000030
81796  -53.235  -10.647  63.555 0.2000000030
81797  -54.168  -10.421  63.080 0.2000000030
80918  -52.316  -11.143  63.614 0.2000000030
130489  -51.345  -12.306  61.977 0.2000000030
79989  -51.141  -12.672  61.494 0.2000000030
79069  -50.500  -13.642  60.454 0.2000000030
78159  -50.409  -14.098  59.661 0.2000000030
78170  -50.268  -14.259  58.934 0.2000000030
79090  -50.799  -14.134  58.433 0.2000000030
79089  -50.065  -13.964  58.218 0.2000000030
80039  -47.986  -12.594  55.163 0.1000000015
80027  -48.392  -12.724  56.067 0.1000000015
79113  -48.942  -13.119  56.906 0.1000000015
79102  -49.467  -13.529  57.608 0.2000000030
137067  -50.297  -13.692  57.525 0.2000000030
80064  -49.352  -12.673  51.712 0.1000000015
121017  -48.684  -12.822  53.002 0.1000000015
80052  -48.637  -12.551  54.258 0.1000000015
79154  -47.913  -13.272  51.551 0.1000000015
84416  -55.463  -6.993  64.235 0.2000000030
83481  -55.477  -7.845  63.766 0.2000000030
128795  -55.110  -9.232  63.607 0.2000000030
81798  -54.826  -10.034  62.529 0.2000000030
82632  -55.249  -9.366  62.834 0.2000000030
145920  -53.656  -10.852  62.769 0.2000000030
80923  -53.575  -11.222  62.201 0.2000000030
80922  -52.788  -11.537  62.231 0.2000000030
79990  -52.034  -12.306  61.370 0.2000000030
122601  -53.481  -11.596  61.587 0.2000000030
79986  -51.965  -11.848  62.114 0.2000000030
131758  -52.594  -12.491  60.542 0.2000000030
79060  -51.426  -12.985  60.705 0.2000000030
79999  -52.192  -13.049  59.908 0.2000000030
79077  -51.167  -14.043  59.006 0.2000000030
79091  -51.549  -13.988  58.205 0.2000000030
79103  -50.932  -13.993  57.781 0.2000000030
79114  -49.922  -13.289  56.927 0.1000000015
80065  -49.961  -12.379  52.007 0.1000000015
80040  -48.883  -12.537  55.265 0.1000000015
80028  -49.384  -12.820  56.173 0.1000000015
80029  -50.397  -13.092  56.216 0.1000000015
80076  -49.119  -12.572  50.944 0.1000000015
80999  -48.509  -11.737  51.080 0.1000000015
81886  -49.715  -11.664  51.506 0.1000000015
81877  -49.315  -10.922  52.447 0.1000000015
82742  -49.582  -10.077  53.304 0.1000000015
82741  -48.817  -10.072  53.532 0.1000000015
83485  -49.607  -9.003  63.794 0.2000000030
82629  -49.122  -9.582  63.144 0.2000000030
86082  -52.008  -5.254  65.966 0.2000000030
83503  -42.556  -8.495  61.065 0.2000000030
82630  -50.076  -9.545  63.082 0.2000000030
84438  -42.606  -7.309  60.538 0.2000000030
84439  -43.326  -7.461  60.446 0.2000000030
137170  -43.934  -7.576  60.353 0.2000000030
83513  -44.534  -8.109  60.441 0.2000000030
83514  -45.514  -8.464  60.484 0.2000000030
83515  -46.518  -8.763  60.557 0.2000000030
82672  -47.196  -9.313  60.976 0.2000000030
121544  -47.842  -9.570  61.531 0.2000000030
82644  -48.613  -9.718  62.198 0.2000000030
82645  -49.650  -9.768  62.342 0.2000000030
85260  -54.857  -5.826  64.246 0.2000000030
85276  -43.103  -6.717  60.352 0.2000000030
133443  -43.723  -7.029  60.262 0.2000000030
84440  -44.445  -7.120  60.109 0.2000000030
84441  -45.266  -7.620  60.125 0.2000000030
83516  -47.507  -8.800  60.433 0.2000000030
82662  -48.583  -9.554  61.222 0.2000000030
122400  -49.340  -9.702  61.524 0.2000000030
85265  -54.971  -6.275  63.428 0.2000000030
86101  -42.856  -5.734  60.302 0.2000000030
139645  -43.851  -6.209  60.163 0.2000000030
85277  -44.780  -6.199  59.964 0.2000000030
84452  -45.873  -7.035  59.818 0.2000000030
84442  -46.148  -7.916  60.075 0.2000000030
84443  -47.105  -8.064  60.053 0.2000000030
83517  -48.261  -8.995  60.254 0.2000000030
121512  -47.974  -9.330  60.809 0.2000000030
82673  -48.577  -9.370  60.602 0.2000000030
86104  -45.266  -5.365  59.949 0.2000000030
85284  -45.611  -6.157  59.808 0.2000000030
84453  -46.740  -7.206  59.719 0.2000000030
83526  -47.948  -8.260  59.924 0.2000000030
82633  -55.453  -8.600  63.122 0.2000000030
86931  -45.631  -4.497  59.981 0.2000000030
86109  -46.219  -5.195  59.791 0.2000000030
85285  -46.472  -6.265  59.662 0.2000000030
85286  -47.343  -6.457  59.537 0.2000000030
86110  -47.152  -5.531  59.577 0.2000000030
79104  -51.859  -13.845  57.414 0.2000000030
79116  -52.114  -13.678  56.521 0.2000000030
79115  -50.977  -13.653  56.949 0.1000000015
139839  -49.549  -11.959  50.990 0.1000000015
123707  -50.017  -12.385  53.422 0.1000000015
80054  -50.330  -12.568  54.513 0.1000000015
80042  -50.889  -12.933  55.464 0.1000000015
79128  -51.249  -13.390  56.182 0.1000000015
81885  -49.080  -11.546  51.392 0.1000000015
135752  -49.773  -9.255  53.835 0.1000000015
84498  -48.322  -7.635  54.717 0.1000000015
85258  -52.990  -5.833  64.663 0.2000000030
128923  -53.819  -5.570  64.489 0.2000000030
83486  -50.573  -8.851  63.675 0.2000000030
85252  -53.309  -5.039  65.118 0.2000000030
84415  -53.846  -6.336  63.763 0.2000000030
83510  -42.228  -7.862  60.817 0.2000000030
132635  -42.282  -6.527  60.444 0.2000000030
82631  -51.064  -9.262  62.893 0.2000000030
142613  -55.034  -6.700  62.844 0.2000000030
84431  -39.541  -7.307  61.675 0.3000000119
84432  -40.395  -7.501  61.286 0.2000000030
133606  -41.787  -7.220  60.698 0.2000000030
85275  -41.472  -6.396  60.600 0.2000000030
133279  -55.159  -7.170  62.468 0.2000000030
143760  -40.785  -6.262  60.758 0.2000000030
86100  -41.923  -5.731  60.450 0.2000000030
86102  -43.688  -5.140  60.257 0.2000000030
86103  -44.471  -5.384  60.118 0.2000000030
123706  -50.164  -9.749  61.614 0.2000000030
84427  -55.105  -7.576  61.895 0.2000000030
86923  -42.948  -4.667  60.301 0.2000000030
128830  -43.704  -4.192  60.334 0.3000000119
133081  -44.368  -4.540  60.247 0.2000000030
86924  -44.947  -4.766  60.094 0.2000000030
83498  -55.235  -8.419  61.654 0.2000000030
86932  -46.313  -4.260  59.809 0.2000000030
86111  -47.852  -5.828  59.455 0.2000000030
84454  -47.623  -7.359  59.614 0.2000000030
83527  -48.626  -8.742  59.577 0.2000000030
82650  -55.424  -8.788  62.334 0.2000000030
85287  -48.112  -6.577  59.373 0.2000000030
142712  -48.751  -8.314  58.960 0.2000000030
83528  -49.116  -9.010  58.898 0.2000000030
82699  -49.552  -9.344  58.277 0.2000000030
87717  -46.723  -3.731  59.619 0.2000000030
87718  -47.643  -3.875  59.414 0.2000000030
133882  -48.433  -5.689  59.221 0.2000000030
84464  -48.704  -7.540  58.657 0.2000000030
83534  -49.038  -8.505  58.196 0.2000000030
135185  -47.965  -4.909  59.447 0.2000000030
86934  -48.400  -4.240  59.256 0.2000000030
86118  -48.892  -5.583  58.779 0.2000000030
85298  -48.884  -6.573  58.335 0.2000000030
131658  -49.299  -5.665  58.056 0.2000000030
86112  -48.862  -4.724  59.073 0.2000000030
86119  -49.414  -4.754  58.556 0.2000000030
133699  -49.715  -5.789  57.284 0.2000000030
86939  -48.960  -4.004  58.997 0.2000000030
86946  -49.953  -4.086  58.269 0.2000000030
86130  -49.858  -4.876  57.847 0.2000000030
87727  -49.506  -3.891  58.571 0.3000000119
87732  -49.368  -3.597  58.239 0.2000000030
79117  -53.290  -13.646  56.452 0.2000000030
81001  -50.024  -12.098  51.331 0.1000000015
80066  -50.641  -12.317  52.427 0.1000000015
124041  -51.448  -12.622  53.041 0.1000000015
80055  -52.471  -12.966  53.710 0.1000000015
79129  -51.835  -13.414  55.614 0.1000000015
80078  -50.387  -12.036  51.513 0.1000000015
136269  -51.230  -12.081  52.065 0.1000000015
80067  -52.058  -12.501  52.438 0.1000000015
81878  -50.060  -10.908  52.431 0.1000000015
86159  -45.742  -5.803  54.157 0.1000000015
83564  -49.422  -8.498  54.213 0.1000000015
84497  -47.490  -7.354  54.968 0.1000000015
84395  -49.124  -7.245  66.225 0.2000000030
84402  -49.306  -7.211  65.427 0.2000000030
84404  -50.924  -6.382  65.272 0.2000000030
84412  -50.462  -7.266  64.730 0.2000000030
84413  -51.494  -7.106  64.606 0.2000000030
83479  -50.076  -8.187  64.306 0.2000000030
83480  -51.086  -8.067  64.221 0.2000000030
84414  -52.610  -6.786  64.287 0.2000000030
83487  -51.607  -8.569  63.505 0.2000000030
85264  -54.788  -6.480  63.114 0.2000000030
84420  -54.297  -7.167  62.719 0.2000000030
86095  -38.832  -5.760  61.886 0.3000000119
82646  -50.580  -9.669  62.245 0.2000000030
83495  -52.091  -8.866  62.675 0.2000000030
82647  -51.574  -9.443  62.075 0.2000000030
84430  -38.839  -7.101  62.236 0.3000000119
85272  -39.179  -6.490  61.741 0.3000000119
85273  -40.085  -6.577  61.151 0.3000000119
86097  -40.334  -5.705  60.859 0.3000000119
82664  -52.097  -9.356  61.293 0.2000000030
84426  -54.872  -7.556  61.853 0.2000000030
86920  -40.718  -4.928  60.709 0.4000000060
86921  -41.566  -4.940  60.531 0.4000000060
86922  -42.171  -4.099  60.434 0.3000000119
87707  -43.075  -3.697  60.332 0.3000000119
88488  -43.361  -2.829  60.193 0.5000000000
82663  -49.836  -9.639  61.038 0.2000000030
123348  -51.118  -9.654  61.339 0.2000000030
83507  -54.543  -8.196  61.372 0.2000000030
145510  -43.768  -3.433  60.303 0.5000000000
87716  -44.998  -3.244  60.076 0.2000000030
87709  -45.041  -4.031  60.161 0.2000000030
82649  -55.259  -9.380  61.972 0.2000000030
88497  -44.692  -2.677  59.718 0.5000000000
88498  -45.612  -2.903  59.606 0.3000000119
142592  -45.851  -3.617  59.879 0.2000000030
142510  -45.781  -2.590  59.024 0.3000000119
129926  -46.344  -3.254  59.550 0.3000000119
88507  -47.016  -2.834  58.617 0.3000000119
87724  -47.018  -3.260  59.334 0.2000000030
88514  -46.888  -2.290  57.034 0.4000000060
88508  -47.916  -3.041  58.174 0.3000000119
87719  -48.328  -3.777  59.111 0.2000000030
87726  -48.692  -3.570  58.621 0.2000000030
88509  -48.714  -3.237  57.831 0.4000000060
79143  -53.383  -13.398  54.586 0.1000000015
81887  -50.526  -11.735  51.938 0.1000000015
81003  -51.981  -11.970  51.829 0.1000000015
82744  -51.422  -9.656  53.009 0.1000000015
82749  -50.966  -10.696  52.581 0.1000000015
81888  -51.587  -11.513  52.120 0.1000000015
81889  -52.558  -11.482  51.844 0.1000000015
142130  -50.199  -6.858  53.506 0.1000000015
83572  -51.088  -8.625  53.467 0.1000000015
82743  -50.448  -9.737  53.305 0.1000000015
85341  -49.426  -6.390  53.471 0.1000000015
85342  -51.055  -6.749  53.099 0.1000000015
84507  -50.650  -7.596  53.629 0.1000000015
85348  -49.764  -5.759  52.634 0.1000000015
131403  -51.619  -6.339  52.398 0.1000000015
84388  -50.304  -7.205  67.270 0.2000000030
85235  -51.587  -6.059  67.226 0.2000000030
84396  -49.957  -6.858  66.485 0.2000000030
85245  -51.290  -5.788  66.330 0.2000000030
85244  -50.486  -6.246  66.110 0.2000000030
85250  -50.425  -6.350  65.757 0.2000000030
121467  -51.049  -5.838  65.857 0.2000000030
85257  -51.916  -6.090  64.920 0.2000000030
85251  -51.601  -5.696  65.561 0.2000000030
84418  -52.117  -7.778  63.974 0.2000000030
84419  -53.167  -7.356  63.459 0.2000000030
83488  -52.582  -8.170  63.170 0.2000000030
83489  -53.464  -7.784  62.732 0.2000000030
86918  -39.366  -4.154  61.301 0.4000000060
134413  -40.281  -4.123  60.822 0.4000000060
87704  -40.760  -3.274  60.673 0.4000000060
133584  -41.187  -4.101  60.600 0.5000000000
82648  -52.601  -8.903  61.768 0.2000000030
83506  -53.609  -8.445  61.498 0.2000000030
138277  -54.026  -8.586  60.979 0.2000000030
87705  -41.632  -3.208  60.489 0.4000000060
87706  -42.499  -3.041  60.366 0.5000000000
88495  -43.239  -2.195  59.762 0.5000000000
82665  -53.180  -9.005  60.877 0.2000000030
82666  -54.111  -9.090  60.465 0.2000000030
88496  -43.895  -2.456  59.723 0.5000000000
89298  -44.277  -2.231  59.251 0.5000000000
88505  -45.047  -2.303  59.031 0.4000000060
89308  -44.982  -1.909  58.230 0.5000000000
81837  -53.650  -11.422  58.531 0.2000000030
84479  -49.943  -7.500  56.521 0.2000000030
130175  -52.416  -10.618  52.142 0.1000000015
83573  -52.047  -8.650  53.016 0.1000000015
133815  -52.275  -9.635  52.560 0.1000000015
84512  -52.377  -7.710  52.670 0.1000000015
83577  -52.883  -8.671  52.297 0.1000000015
85349  -50.679  -5.978  52.468 0.1000000015
85343  -51.913  -7.005  52.814 0.1000000015
90852  -40.691  0.857  58.815 0.6999999881
90846  -40.339  0.270  59.311 0.6999999881
90847  -40.908  -0.001  58.808 0.6999999881
90069  -40.483  -1.154  60.198 0.6000000238
90070  -41.147  -1.122  59.785 0.6000000238
90089  -41.631  -0.255  58.459 0.6999999881
88482  -40.396  -2.505  60.723 0.6000000238
143530  -40.750  -1.862  60.510 0.6000000238
89286  -41.388  -1.709  60.194 0.6000000238
89296  -41.785  -1.403  59.637 0.6000000238
90090  -42.367  -0.565  58.160 0.6000000238
83518  -54.524  -8.678  60.944 0.2000000030
88485  -41.173  -2.451  60.511 0.5000000000
88486  -41.941  -2.387  60.257 0.6000000238
89287  -42.118  -1.877  59.983 0.5000000000
90091  -43.021  -0.918  57.879 0.6000000238
89297  -43.509  -1.881  59.137 0.6000000238
89306  -43.444  -1.442  58.378 0.5000000000
81825  -52.573  -10.431  58.774 0.2000000030
89307  -44.217  -1.796  58.499 0.5000000000
129087  -44.497  -1.542  57.599 0.5000000000
86177  -46.628  -4.963  52.492 0.1000000015
86991  -46.896  -4.671  51.581 0.2000000030
84513  -52.970  -7.640  52.013 0.1000000015
86178  -47.506  -4.991  52.050 0.2000000030
87000  -48.295  -4.395  50.966 0.2000000030
86182  -51.123  -5.650  51.807 0.1000000015
86188  -48.788  -4.736  51.395 0.2000000030
86190  -50.491  -5.114  51.230 0.2000000030
87798  -44.727  -3.171  50.638 0.1000000015
131944  -47.587  -4.536  51.227 0.2000000030
87001  -49.081  -4.436  50.817 0.2000000030
88568  -41.243  -2.052  51.930 0.1000000015
89369  -41.660  -1.366  51.318 0.1000000015
87788  -41.822  -2.932  51.969 0.1000000015
88581  -42.933  -2.769  50.855 0.2000000030
88589  -42.765  -2.098  50.680 0.2000000030
87797  -43.753  -2.966  50.708 0.1000000015
127127  -44.358  -2.424  50.327 0.2000000030
90894  -41.787  -0.085  51.602 0.1000000015
89379  -42.391  -1.425  50.815 0.1000000015
88590  -43.473  -2.247  50.477 0.2000000030
89381  -44.137  -1.505  50.068 0.2000000030
137779  -44.852  -1.949  49.948 0.2000000030
93892  -39.838  4.726  55.393 0.1000000015
93174  -40.026  3.775  55.978 0.1000000015
92376  -41.084  3.238  55.010 0.1000000015
90134  -41.095  -0.365  51.934 0.1000000015
90895  -42.674  0.126  51.178 0.1000000015
90153  -42.899  -0.640  50.656 0.1000000015
89380  -43.184  -1.452  50.430 0.1000000015
90154  -43.749  -0.690  50.158 0.1000000015
133961  -44.355  -0.037  49.805 0.2000000030
90164  -44.976  -0.217  49.423 0.2000000030
93891  -39.037  5.220  55.701 0.1000000015
93175  -40.535  3.935  55.370 0.1000000015
92375  -40.519  2.968  55.597 0.1000000015
93185  -40.941  4.159  54.744 0.2000000030
132430  -41.486  0.255  52.302 0.1000000015
90889  -42.309  0.511  52.031 0.1000000015
140329  -43.399  0.656  51.063 0.1000000015
90912  -45.105  0.580  49.382 0.2000000030
132463  -45.502  0.222  49.118 0.2000000030
95274  -37.902  6.801  54.557 0.2000000030
94584  -38.329  6.025  54.985 0.2000000030
94590  -38.571  6.545  54.207 0.2000000030
94585  -39.145  5.661  54.752 0.2000000030
93901  -39.888  5.346  54.451 0.2000000030
93902  -40.591  4.967  54.217 0.2000000030
93903  -41.337  4.483  54.121 0.2000000030
93911  -40.879  5.341  53.422 0.2000000030
90896  -43.999  0.857  50.701 0.3000000119
92423  -45.107  1.952  49.862 0.3000000119
91660  -45.046  1.322  49.625 0.2000000030
90913  -45.814  0.793  48.858 0.3000000119
144629  -45.255  9.389  57.833 0.6000000238
124879  -44.859  9.378  57.450 0.6000000238
95940  -37.714  7.443  54.737 0.2000000030
95286  -38.371  7.154  54.060 0.2000000030
94591  -39.255  6.258  53.803 0.2000000030
95287  -38.845  7.016  53.490 0.2000000030
94600  -39.425  7.023  52.922 0.2000000030
94592  -39.998  5.909  53.457 0.2000000030
91649  -44.526  1.559  50.456 0.3000000119
92434  -46.621  2.323  48.330 0.5000000000
92424  -45.565  1.946  49.332 0.5000000000
92433  -46.062  2.103  48.806 0.5000000000
91669  -46.236  1.491  48.597 0.5000000000
97284  -45.062  10.051  57.680 0.5000000000
97961  -45.628  10.082  58.180 0.4000000060
97283  -44.420  9.865  57.369 0.6000000238
142625  -41.114  8.309  57.340 0.4000000060
95929  -38.646  7.830  54.687 0.2000000030
95942  -39.153  7.713  53.893 0.2000000030
95954  -39.351  7.514  53.257 0.2000000030
97261  -46.935  10.051  59.883 0.3000000119
97260  -46.399  9.582  59.443 0.3000000119
128690  -47.819  11.172  59.254 0.2000000030
97275  -46.025  9.737  58.827 0.3000000119
97952  -46.747  10.657  59.015 0.2000000030
97953  -48.731  11.643  59.213 0.2000000030
138834  -46.213  10.632  58.507 0.2000000030
121499  -47.451  11.606  58.706 0.2000000030
140536  -48.267  11.939  58.802 0.2000000030
97962  -46.693  11.541  58.405 0.2000000030
97963  -47.433  12.018  58.531 0.2000000030
97971  -45.432  11.033  57.847 0.4000000060
127559  -46.015  11.088  58.179 0.2000000030
98616  -46.624  12.116  58.286 0.2000000030
97972  -46.089  11.817  57.961 0.4000000060
81804  -54.315  -10.734  62.127 0.2000000030
82692  -54.646  -9.902  60.303 0.2000000030
84465  -49.010  -7.530  57.799 0.2000000030
82689  -51.655  -9.812  59.515 0.2000000030
85308  -49.279  -6.626  57.506 0.2000000030
84472  -49.437  -7.482  57.084 0.2000000030
82667  -55.041  -9.450  61.200 0.2000000030
82674  -50.960  -9.697  60.383 0.2000000030
85315  -49.726  -6.651  56.785 0.2000000030
137305  -54.899  -10.009  60.680 0.2000000030
82675  -52.172  -9.510  60.397 0.2000000030
81827  -54.631  -10.708  59.893 0.2000000030
82691  -54.025  -9.846  59.886 0.2000000030
83548  -50.303  -8.413  56.443 0.2000000030
82715  -50.489  -9.402  56.906 0.2000000030
85339  -47.348  -5.834  53.794 0.1000000015
86180  -49.261  -5.212  51.966 0.2000000030
135532  -46.508  -5.954  54.169 0.1000000015
85332  -47.027  -6.528  54.563 0.1000000015
86169  -47.168  -5.247  52.993 0.2000000030
86170  -47.968  -5.376  52.967 0.1000000015
86179  -48.394  -5.114  52.065 0.2000000030
85333  -47.935  -6.709  54.395 0.1000000015
86181  -50.161  -5.388  51.855 0.1000000015
96565  -41.135  8.708  57.948 0.3000000119
95910  -40.715  7.984  56.726 0.4000000060
95930  -39.527  7.874  54.775 0.4000000060
145800  -39.824  7.811  54.136 0.3000000119
85350  -52.410  -6.885  52.306 0.1000000015
80056  -53.371  -13.142  53.662 0.1000000015
80068  -52.896  -12.731  52.771 0.1000000015
80080  -52.429  -12.287  52.054 0.1000000015
86198  -50.732  -4.871  50.808 0.2000000030
132427  -52.653  -13.638  55.864 0.1000000015
123233  -54.130  -11.219  61.541 0.2000000030
142837  -52.695  -11.850  61.670 0.2000000030
141796  -52.027  -13.644  58.715 0.2000000030
120694  -51.244  -13.577  59.853 0.2000000030
129830  -46.382  -4.304  51.178 0.2000000030
88597  -45.626  -1.955  49.825 0.3000000119
89390  -45.064  -1.117  49.605 0.2000000030
121388  -49.246  -9.525  60.657 0.2000000030
83541  -49.853  -8.873  57.116 0.2000000030
82707  -49.509  -8.994  57.684 0.2000000030
88513  -46.364  -2.348  57.806 0.3000000119
137128  -40.218  1.103  59.332 0.6000000238
91609  -41.142  1.552  58.545 0.6999999881
81815  -54.878  -10.688  60.346 0.2000000030
137236  -46.231  -2.589  58.639 0.4000000060
78139  -48.057  -13.886  62.801 0.2000000030
79056  -50.533  -12.675  62.139 0.2000000030
81769  -53.342  -9.728  65.780 0.2000000030
79982  -51.151  -12.003  62.735 0.2000000030
80026  -47.470  -12.799  56.015 0.1000000015
123237  -49.360  -12.547  53.220 0.1000000015
123366  -52.942  -11.172  62.887 0.2000000030
80077  -49.694  -12.270  51.029 0.1000000015
80053  -49.434  -12.452  54.394 0.1000000015
80041  -49.850  -12.660  55.385 0.1000000015
81805  -54.916  -10.190  61.598 0.2000000030
82643  -47.724  -9.626  62.274 0.2000000030
83511  -42.938  -7.995  60.666 0.2000000030
82671  -45.754  -9.122  60.950 0.2000000030
138672  -45.166  -6.859  59.885 0.2000000030
84455  -48.338  -7.642  59.339 0.2000000030
86933  -47.019  -4.547  59.636 0.2000000030
139985  -50.748  -12.540  53.583 0.1000000015
130692  -51.478  -12.868  54.476 0.1000000015
79142  -52.550  -13.415  55.013 0.1000000015
83571  -50.201  -8.516  53.857 0.1000000015
85334  -48.822  -6.987  54.190 0.1000000015
86096  -39.540  -5.767  61.326 0.3000000119
84437  -40.959  -6.939  60.877 0.2000000030
86099  -41.124  -5.671  60.610 0.2000000030
139929  -42.289  -5.049  60.407 0.2000000030
87708  -44.368  -3.703  60.279 0.3000000119
85297  -48.555  -6.570  59.037 0.2000000030
86168  -46.347  -5.389  53.460 0.1000000015
84499  -48.996  -7.809  54.411 0.1000000015
135443  -39.093  -5.063  61.523 0.3000000119
135441  -39.867  -4.964  61.039 0.3000000119
88489  -44.220  -3.001  60.127 0.5000000000
88499  -46.365  -2.890  59.228 0.3000000119
87725  -47.794  -3.340  58.973 0.2000000030
141235  -51.716  -10.440  52.504 0.1000000015
129238  -50.212  -6.315  53.090 0.1000000015
84508  -51.619  -7.665  53.236 0.1000000015
86171  -48.876  -5.596  52.823 0.2000000030
85340  -48.406  -6.116  53.648 0.1000000015
88487  -42.661  -2.295  60.076 0.5000000000
82676  -53.332  -9.349  60.138 0.2000000030
81826  -53.791  -10.701  59.328 0.2000000030
83547  -49.706  -8.152  56.849 0.2000000030
90080  -40.675  -0.511  59.480 0.6000000238
90081  -41.337  -0.748  59.161 0.6000000238
129185  -42.608  -1.723  59.498 0.6000000238
90082  -42.055  -1.051  58.899 0.6000000238
89305  -42.803  -1.313  58.638 0.5000000000
82690  -52.983  -9.831  59.540 0.2000000030
86187  -48.090  -4.727  51.480 0.1000000015
89368  -40.961  -1.116  51.748 0.1000000015
90143  -42.065  -0.630  51.086 0.1000000015
88580  -42.152  -2.305  51.220 0.1000000015
87789  -42.570  -3.190  51.499 0.2000000030
92374  -39.807  2.681  56.189 0.1000000015
90901  -43.607  0.136  50.488 0.1000000015
90902  -44.455  0.705  50.055 0.2000000030
91661  -45.644  1.339  49.065 0.3000000119
95941  -38.371  7.509  54.331 0.2000000030
95918  -39.222  7.919  55.635 0.3000000119
99256  -47.179  12.206  58.610 0.3000000119
81807  -54.947  -10.498  60.835 0.2000000030
83540  -49.380  -8.289  57.415 0.2000000030
82637  -40.127  -9.746  62.634 0.2000000030
82636  -38.975  -9.050  62.870 0.2000000030
124227  -39.561  -9.255  62.551 0.2000000030
81746  -37.053  -10.244  68.414 0.2000000030
81754  -37.219  -10.080  67.402 0.2000000030
80877  -37.610  -11.040  67.472 0.2000000030
80886  -38.685  -11.402  66.292 0.2000000030
81773  -39.277  -11.021  65.089 0.2000000030
82613  -39.044  -9.954  63.963 0.2000000030
82623  -38.790  -9.279  63.580 0.2000000030
81743  -34.323  -10.030  68.870 0.2000000030
81744  -35.113  -9.440  69.055 0.2000000030
82568  -35.882  -9.435  69.187 0.2000000030
82583  -35.423  -8.836  68.808 0.2000000030
81745  -36.449  -9.501  68.911 0.2000000030
81753  -36.731  -9.680  67.938 0.2000000030
83444  -35.946  -8.594  68.317 0.2000000030
83452  -36.526  -8.610  67.532 0.2000000030
82590  -36.372  -9.124  68.083 0.2000000030
81762  -37.766  -10.434  66.803 0.2000000030
81763  -38.373  -10.600  66.268 0.2000000030
82599  -38.226  -9.830  66.359 0.2000000030
83461  -38.638  -9.151  65.936 0.2000000030
82606  -38.601  -10.010  65.774 0.2000000030
81772  -38.852  -10.755  65.697 0.2000000030
133768  -38.704  -9.512  65.288 0.2000000030
83468  -38.700  -8.763  65.042 0.2000000030
83475  -38.582  -8.703  64.003 0.2000000030
140338  -38.671  -8.709  63.315 0.2000000030
81723  -31.004  -10.749  68.938 0.1000000015
82580  -32.102  -9.464  68.436 0.1000000015
131920  -32.858  -9.655  68.554 0.1000000015
83440  -32.848  -8.742  68.419 0.1000000015
82581  -33.631  -9.402  68.615 0.1000000015
82582  -34.533  -9.079  68.785 0.1000000015
83442  -34.739  -8.301  68.615 0.2000000030
83443  -35.396  -8.122  68.434 0.2000000030
82591  -36.922  -9.330  67.406 0.2000000030
83453  -37.305  -8.780  66.985 0.2000000030
83460  -38.173  -9.039  66.513 0.2000000030
132508  -38.550  -7.991  64.268 0.3000000119
84424  -38.590  -7.585  62.812 0.2000000030
85271  -38.643  -6.388  62.384 0.3000000119
86917  -38.784  -4.554  61.759 0.3000000119
87702  -39.912  -3.278  60.938 0.3000000119
89283  -40.120  -1.765  60.721 0.5000000000
85126  -32.471  -6.176  80.252 0.1000000015
80802  -26.735  -11.234  71.456 0.1000000015
80790  -26.663  -11.158  72.264 0.1000000015
81720  -28.298  -10.435  69.489 0.1000000015
81721  -29.207  -10.367  69.230 0.1000000015
81739  -30.592  -9.895  68.619 0.1000000015
82579  -31.249  -9.276  68.411 0.1000000015
83439  -31.822  -8.463  68.313 0.1000000015
132031  -33.299  -7.953  68.335 0.1000000015
84377  -34.088  -7.620  68.359 0.2000000030
145522  -34.879  -7.674  68.411 0.2000000030
83451  -35.999  -7.945  67.793 0.2000000030
134455  -38.667  -8.486  66.243 0.3000000119
84408  -38.880  -7.937  65.275 0.3000000119
123520  -38.612  -7.226  64.502 0.3000000119
84400  -38.970  -8.286  65.957 0.3000000119
128510  -38.424  -7.205  63.553 0.4000000060
86093  -38.515  -5.687  62.599 0.3000000119
134428  -38.369  -4.872  62.842 0.4000000060
85269  -38.423  -6.370  63.135 0.4000000060
135824  -38.616  -5.087  62.105 0.4000000060
87700  -38.661  -3.890  61.850 0.4000000060
87701  -39.192  -3.181  61.505 0.5000000000
89285  -39.846  -1.196  60.640 0.5000000000
88481  -39.695  -2.422  61.130 0.5000000000
86785  -32.706  -4.405  80.127 0.1000000015
86786  -33.397  -4.437  80.451 0.1000000015
87571  -34.423  -3.756  80.867 0.1000000015
87564  -34.960  -3.812  81.372 0.1000000015
85953  -30.957  -5.073  79.277 0.1000000015
86791  -32.043  -4.387  79.739 0.1000000015
87569  -33.131  -3.623  80.223 0.1000000015
84307  -29.142  -7.588  77.774 0.1000000015
85137  -29.925  -6.641  78.554 0.1000000015
84316  -28.153  -7.501  76.709 0.1000000015
83370  -28.724  -7.974  77.241 0.1000000015
131084  -27.421  -7.767  75.042 0.1000000015
84315  -27.747  -7.010  76.315 0.1000000015
82528  -26.697  -9.681  73.039 0.1000000015
82529  -26.824  -9.001  73.455 0.1000000015
124844  -27.342  -7.611  74.201 0.1000000015
82557  -26.931  -9.943  70.791 0.1000000015
82539  -26.542  -9.733  72.233 0.1000000015
83394  -26.664  -8.984  72.635 0.1000000015
83417  -27.415  -8.788  70.488 0.1000000015
83418  -27.787  -8.265  69.992 0.1000000015
83427  -29.311  -8.597  68.793 0.1000000015
82577  -29.917  -9.235  68.624 0.1000000015
83438  -30.934  -8.440  68.360 0.1000000015
131838  -32.549  -7.818  68.314 0.1000000015
84384  -35.397  -7.428  68.068 0.2000000030
84385  -36.024  -7.161  67.526 0.2000000030
84386  -36.877  -7.806  67.148 0.2000000030
84392  -38.090  -8.156  66.673 0.3000000119
85231  -37.685  -7.247  66.852 0.2000000030
84394  -39.430  -7.488  66.167 0.3000000119
84409  -39.287  -7.199  65.452 0.3000000119
85263  -38.455  -6.425  63.931 0.4000000060
86091  -38.419  -5.653  63.373 0.4000000060
85255  -38.868  -6.480  64.732 0.4000000060
86088  -38.634  -5.675  64.213 0.4000000060
143762  -38.249  -4.302  63.348 0.4000000060
86916  -38.509  -4.469  62.250 0.5000000000
131491  -38.526  -3.087  62.163 0.5000000000
88480  -38.963  -2.326  61.724 0.5000000000
89282  -39.397  -1.555  61.210 0.5000000000
87697  -38.284  -3.899  62.674 0.4000000060
88477  -38.247  -2.279  62.382 0.5000000000
139796  -39.806  -0.737  60.325 0.5000000000
90079  -40.004  -0.303  59.802 0.5000000000
90061  -39.274  -0.715  60.797 0.5000000000
90068  -39.427  -0.085  60.239 0.5000000000
90845  -39.666  0.694  59.783 0.6000000238
88349  -33.519  -2.974  80.462 0.1000000015
142829  -33.415  -1.939  81.320 0.1000000015
88339  -33.676  -1.472  82.501 0.1000000015
136553  -30.272  -6.097  78.803 0.1000000015
86789  -30.641  -4.428  79.042 0.1000000015
86790  -31.357  -4.411  79.398 0.1000000015
88348  -32.788  -2.731  80.025 0.1000000015
89141  -33.170  -2.230  80.658 0.1000000015
85964  -28.989  -5.791  77.902 0.1000000015
85958  -29.650  -5.885  78.422 0.1000000015
88357  -30.556  -2.841  78.442 0.1000000015
88358  -31.045  -2.308  78.741 0.1000000015
88353  -31.623  -2.614  79.274 0.1000000015
85155  -27.917  -6.344  76.550 0.1000000015
85144  -28.242  -6.339  77.108 0.1000000015
86794  -29.345  -4.172  78.147 0.1000000015
84319  -27.535  -7.100  75.608 0.1000000015
85154  -27.664  -6.450  75.985 0.1000000015
84330  -27.349  -7.622  73.399 0.1000000015
84324  -27.502  -7.010  74.711 0.1000000015
85990  -27.968  -5.820  74.821 0.1000000015
83402  -27.008  -8.358  72.134 0.1000000015
84337  -27.425  -7.692  72.543 0.1000000015
84338  -27.935  -7.119  73.002 0.1000000015
83411  -27.209  -8.544  71.277 0.1000000015
85183  -28.764  -6.659  72.660 0.1000000015
84361  -28.381  -7.800  69.718 0.1000000015
139455  -28.105  -7.706  70.398 0.1000000015
128439  -28.205  -7.483  71.138 0.1000000015
122780  -28.843  -8.000  69.100 0.1000000015
140757  -30.476  -7.571  68.553 0.1000000015
84362  -29.025  -7.312  69.455 0.1000000015
83437  -30.103  -8.447  68.517 0.1000000015
84375  -31.861  -7.633  68.352 0.1000000015
84376  -33.217  -7.114  68.317 0.1000000015
127361  -33.972  -6.869  68.285 0.1000000015
85228  -34.980  -6.310  67.772 0.2000000030
85229  -35.790  -6.394  67.457 0.2000000030
85230  -36.658  -6.755  67.118 0.2000000030
85240  -38.674  -7.461  66.726 0.2000000030
85241  -39.348  -7.176  66.712 0.2000000030
85248  -39.898  -6.821  66.078 0.3000000119
85256  -39.554  -6.541  65.421 0.3000000119
86912  -38.407  -4.927  63.699 0.4000000060
88473  -38.031  -2.967  62.898 0.5000000000
87695  -38.091  -3.563  63.529 0.5000000000
89281  -38.547  -1.581  61.840 0.5000000000
124777  -38.770  -1.007  61.358 0.5000000000
88356  -29.799  -2.665  77.834 0.1000000015
88362  -30.515  -2.046  78.118 0.1000000015
86806  -28.062  -4.887  76.344 0.1000000015
88360  -28.698  -3.194  76.400 0.1000000015
129468  -29.450  -2.235  77.124 0.1000000015
85983  -27.976  -5.263  75.527 0.1000000015
141335  -29.042  -2.584  76.580 0.1000000015
138802  -29.600  -0.512  76.269 0.1000000015
85161  -27.745  -6.453  74.527 0.1000000015
131618  -28.406  -5.030  74.774 0.1000000015
87603  -29.076  -2.934  75.149 0.1000000015
88380  -28.904  -2.659  75.883 0.1000000015
89182  -29.583  -1.224  75.264 0.1000000015
85998  -28.896  -5.934  73.700 0.1000000015
85991  -29.022  -5.078  74.203 0.1000000015
130431  -29.169  -3.533  74.757 0.1000000015
145111  -29.359  -3.001  74.711 0.1000000015
85184  -29.743  -6.426  72.641 0.1000000015
136586  -29.128  -6.338  73.106 0.1000000015
86840  -29.824  -5.041  73.942 0.1000000015
86828  -29.467  -4.213  74.392 0.1000000015
85195  -29.309  -6.633  71.127 0.1000000015
85194  -29.117  -6.681  71.938 0.1000000015
85172  -29.733  -6.119  73.269 0.1000000015
134152  -30.705  -5.286  73.811 0.1000000015
85196  -30.074  -6.147  70.919 0.1000000015
125218  -29.971  -6.444  71.901 0.1000000015
85173  -30.541  -6.269  73.065 0.1000000015
84363  -29.782  -6.954  69.086 0.1000000015
85204  -30.124  -6.258  69.716 0.1000000015
86023  -30.791  -5.729  71.041 0.1000000015
85211  -30.569  -6.632  68.889 0.1000000015
86040  -30.735  -6.025  69.343 0.1000000015
85220  -31.335  -7.020  68.550 0.1000000015
130482  -31.860  -6.253  68.575 0.1000000015
85221  -32.747  -6.259  68.482 0.1000000015
86053  -33.245  -5.374  68.463 0.1000000015
85223  -34.275  -6.300  68.088 0.1000000015
130551  -34.565  -5.596  67.818 0.2000000030
133498  -35.354  -5.662  67.528 0.2000000030
86061  -37.379  -6.260  67.025 0.2000000030
85232  -39.779  -6.608  67.087 0.2000000030
86080  -40.851  -5.736  66.271 0.3000000119
86079  -40.225  -6.041  65.759 0.3000000119
86910  -39.555  -4.766  64.887 0.5000000000
88470  -37.952  -2.517  64.433 0.5000000000
128892  -37.583  -1.957  64.207 0.5000000000
87693  -38.822  -4.060  64.627 0.5000000000
88472  -37.803  -2.648  63.714 0.6000000238
89277  -37.395  -1.395  63.198 0.5000000000
86089  -39.323  -5.721  64.893 0.4000000060
86909  -38.769  -4.874  64.340 0.4000000060
123197  -38.318  -4.170  64.038 0.5000000000
88476  -37.701  -2.155  63.005 0.5000000000
89278  -37.828  -1.496  62.483 0.5000000000
90060  -38.574  -0.311  61.153 0.5000000000
138430  -38.735  1.174  60.699 0.5000000000
90837  -39.041  0.627  60.394 0.5000000000
89951  -29.638  -0.578  75.543 0.1000000015
89198  -30.111  -1.603  74.244 0.1000000015
125012  -30.294  0.038  74.441 0.1000000015
87617  -29.769  -3.305  74.341 0.1000000015
88394  -30.294  -2.509  74.006 0.1000000015
89975  -30.707  -0.767  73.904 0.1000000015
90759  -31.079  0.142  73.883 0.1000000015
87628  -30.601  -3.483  73.844 0.1000000015
89209  -31.646  -2.032  73.521 0.1000000015
89976  -31.606  -0.398  73.565 0.1000000015
90749  -32.436  0.655  73.649 0.1000000015
85174  -31.371  -6.004  73.446 0.1000000015
86001  -31.559  -5.467  73.902 0.1000000015
87629  -31.401  -3.705  73.720 0.1000000015
88404  -32.492  -2.328  73.605 0.1000000015
85197  -30.865  -6.201  72.064 0.1000000015
85185  -30.537  -6.314  72.534 0.1000000015
86041  -31.273  -5.572  69.439 0.1000000015
86032  -31.262  -5.398  70.482 0.1000000015
86870  -32.650  -4.774  68.911 0.2000000030
86042  -31.932  -5.149  69.138 0.1000000015
86878  -33.459  -4.419  68.661 0.2000000030
86054  -34.108  -4.838  68.078 0.1000000015
86059  -35.742  -5.044  67.400 0.2000000030
126035  -37.143  -5.392  67.167 0.2000000030
128526  -38.097  -5.662  67.200 0.2000000030
85233  -40.453  -6.238  67.038 0.2000000030
132495  -40.850  -5.336  65.709 0.3000000119
88464  -37.869  -1.951  64.814 0.5000000000
89272  -37.313  -1.321  64.668 0.5000000000
90053  -36.664  -0.069  63.938 0.5000000000
91581  -37.827  1.870  62.723 0.6000000238
92308  -39.678  2.678  62.648 0.5000000000
126471  -39.751  -3.989  65.146 0.4000000060
88465  -38.348  -2.637  64.934 0.5000000000
134493  -36.968  -0.682  63.524 0.5000000000
91579  -37.182  1.124  63.121 0.6000000238
92307  -38.697  2.404  62.493 0.6000000238
92323  -39.339  2.487  61.638 0.6000000238
89275  -37.178  -1.357  63.944 0.5000000000
90828  -37.451  0.959  62.322 0.6000000238
92322  -38.567  2.018  61.712 0.6000000238
128370  -37.394  -0.682  62.663 0.5000000000
90055  -37.506  0.105  62.060 0.5000000000
91587  -38.379  1.330  61.254 0.5000000000
92336  -39.587  2.310  60.666 0.5000000000
90059  -38.062  0.095  61.499 0.5000000000
91602  -39.285  1.448  60.339 0.5000000000
145523  -32.120  -0.794  73.380 0.1000000015
89977  -32.455  -0.131  73.399 0.1000000015
85186  -31.353  -6.244  72.880 0.1000000015
88405  -33.356  -2.666  73.875 0.1000000015
86025  -32.289  -5.471  71.798 0.1000000015
86026  -32.959  -6.006  72.762 0.1000000015
85176  -33.708  -6.492  74.129 0.1000000015
86863  -32.314  -4.583  69.824 0.1000000015
86033  -31.846  -4.981  70.764 0.1000000015
86871  -33.078  -4.148  69.380 0.1000000015
87660  -33.853  -3.656  69.063 0.2000000030
86879  -34.616  -4.129  67.948 0.2000000030
86888  -35.141  -4.059  67.650 0.2000000030
86889  -35.661  -4.335  67.501 0.2000000030
86890  -36.504  -4.679  67.340 0.2000000030
127320  -39.775  -3.129  65.409 0.4000000060
126709  -38.408  -1.956  65.295 0.4000000060
141797  -40.555  2.677  62.943 0.5000000000
88466  -38.972  -2.593  65.381 0.4000000060
87667  -34.554  -3.556  68.519 0.2000000030
126931  -40.303  2.773  60.342 0.5000000000
84425  -39.110  -7.889  62.195 0.2000000030
83494  -39.384  -8.638  62.324 0.2000000030
130861  -38.484  -6.920  62.822 0.2000000030
83493  -38.793  -8.356  62.788 0.2000000030
81781  -38.914  -10.185  64.954 0.2000000030
81727  -35.217  -10.102  69.272 0.2000000030
82584  -36.028  -9.031  68.787 0.2000000030
82598  -37.546  -9.609  66.869 0.2000000030
82612  -38.730  -9.398  64.462 0.2000000030
83482  -38.547  -8.082  63.458 0.2000000030
81740  -31.539  -10.144  68.589 0.1000000015
83441  -33.863  -8.515  68.504 0.1000000015
133850  -33.278  -6.726  80.676 0.1000000015
85954  -31.624  -5.266  79.640 0.1000000015
82566  -28.567  -9.724  69.275 0.1000000015
80845  -28.756  -11.101  69.604 0.1000000015
82558  -27.353  -9.652  70.241 0.1000000015
83426  -28.399  -8.766  69.370 0.1000000015
82567  -29.173  -9.447  68.932 0.1000000015
81738  -29.800  -9.929  68.836 0.1000000015
84383  -34.697  -6.997  68.124 0.2000000030
132752  -35.385  -6.831  67.766 0.2000000030
87576  -32.471  -3.570  79.814 0.1000000015
88350  -34.079  -3.176  80.749 0.1000000015
88344  -34.537  -2.938  81.331 0.1000000015
88345  -35.127  -3.206  81.793 0.1000000015
87574  -31.080  -3.802  79.170 0.1000000015
85136  -29.287  -6.479  78.089 0.1000000015
85145  -28.712  -6.389  77.608 0.1000000015
83381  -27.554  -8.632  75.182 0.1000000015
85170  -27.632  -6.867  73.879 0.1000000015
82549  -26.950  -9.279  70.942 0.1000000015
84373  -29.540  -7.786  68.771 0.1000000015
84374  -31.284  -7.835  68.359 0.1000000015
84393  -38.989  -7.821  66.389 0.3000000119
89140  -32.447  -1.919  80.306 0.1000000015
86795  -29.930  -4.333  78.602 0.1000000015
88354  -32.071  -2.260  79.689 0.1000000015
86800  -28.767  -4.467  77.596 0.1000000015
136099  -28.333  -5.068  77.152 0.1000000015
84344  -27.570  -7.836  71.646 0.1000000015
84353  -28.687  -7.140  70.470 0.1000000015
85203  -29.408  -6.619  70.122 0.1000000015
85222  -33.570  -6.268  68.315 0.1000000015
86060  -36.349  -5.732  67.234 0.2000000030
123250  -38.725  -6.725  67.027 0.2000000030
85242  -39.860  -6.767  66.666 0.3000000119
90056  -38.053  -0.717  61.838 0.5000000000
138788  -30.002  -1.900  77.552 0.1000000015
87602  -28.628  -3.441  75.663 0.1000000015
134069  -29.492  -1.223  76.115 0.1000000015
87616  -28.774  -3.685  75.137 0.1000000015
89197  -29.664  -1.579  74.793 0.1000000015
85999  -29.507  -5.633  73.684 0.1000000015
131518  -31.010  -4.503  73.835 0.1000000015
86031  -30.661  -5.744  70.159 0.1000000015
86024  -31.467  -5.680  71.540 0.1000000015
86051  -31.672  -5.714  68.820 0.1000000015
86052  -32.321  -5.548  68.675 0.1000000015
140331  -33.941  -5.667  68.144 0.1000000015
86058  -34.983  -4.789  67.614 0.2000000030
86062  -39.308  -5.921  67.320 0.2000000030
85249  -40.433  -6.276  66.548 0.3000000119
86072  -41.179  -5.812  66.920 0.2000000030
136774  -40.109  -5.324  65.317 0.3000000119
87687  -38.885  -3.320  65.072 0.5000000000
87692  -38.229  -3.300  64.388 0.5000000000
90731  -30.185  0.680  75.170 0.1000000015
136629  -31.502  -1.182  73.513 0.1000000015
88402  -31.074  -2.709  73.595 0.1000000015
91520  -31.677  1.595  74.547 0.1000000015
89210  -33.063  -1.713  73.544 0.1000000015
91521  -32.384  1.391  74.099 0.1000000015
86002  -32.319  -6.052  73.958 0.1000000015
87631  -32.739  -3.315  73.875 0.1000000015
86011  -32.082  -6.147  72.688 0.1000000015
136317  -31.691  -5.083  69.879 0.1000000015
87688  -40.881  -3.783  65.453 0.3000000119
90051  -36.854  -0.671  64.362 0.5000000000
90054  -36.981  0.210  63.037 0.6000000238
146247  -38.266  2.030  62.204 0.6000000238
90829  -37.893  0.769  61.599 0.5000000000
131960  -37.996  1.558  61.913 0.5000000000
91588  -38.896  1.861  60.963 0.5000000000
128527  -32.799  -0.893  73.338 0.1000000015
85187  -32.274  -6.236  73.455 0.1000000015
79944  -45.257  -12.240  68.848 0.1000000015
79943  -44.303  -12.554  68.540 0.1000000015
139545  -42.703  -13.061  68.347 0.1000000015
79953  -44.937  -12.151  67.984 0.1000000015
79029  -41.347  -13.291  67.547 0.1000000015
79030  -42.220  -13.211  67.640 0.1000000015
122256  -43.511  -12.844  68.037 0.1000000015
79952  -44.137  -12.463  67.635 0.1000000015
79963  -43.948  -12.224  66.836 0.1000000015
80879  -44.640  -11.842  67.173 0.1000000015
125453  -45.805  -11.774  68.360 0.1000000015
79035  -40.884  -13.185  66.797 0.1000000015
79036  -41.819  -13.117  66.884 0.1000000015
79950  -42.680  -12.936  67.061 0.1000000015
79951  -43.418  -12.703  67.304 0.1000000015
80888  -43.653  -11.811  66.117 0.1000000015
80889  -44.383  -11.520  66.395 0.1000000015
80890  -45.130  -11.193  66.671 0.1000000015
79034  -39.676  -12.994  67.383 0.1000000015
79958  -39.513  -12.643  66.560 0.1000000015
79959  -40.355  -12.827  66.197 0.1000000015
79960  -41.342  -12.743  66.025 0.1000000015
79970  -42.059  -12.282  65.488 0.1000000015
79971  -42.905  -12.103  65.793 0.1000000015
80899  -44.113  -11.199  65.657 0.1000000015
81764  -44.827  -10.881  65.924 0.1000000015
81775  -45.242  -10.259  65.453 0.1000000015
79957  -38.834  -12.135  66.652 0.1000000015
80887  -39.272  -11.961  66.024 0.1000000015
79967  -39.878  -12.319  65.714 0.1000000015
80896  -40.196  -11.856  65.090 0.1000000015
79975  -40.873  -11.918  64.870 0.1000000015
134017  -41.109  -11.477  64.396 0.1000000015
80907  -41.711  -11.777  64.748 0.1000000015
80897  -42.616  -11.722  65.042 0.1000000015
140007  -43.120  -11.175  64.643 0.1000000015
80909  -43.824  -10.898  64.933 0.1000000015
81774  -44.547  -10.608  65.192 0.1000000015
81785  -44.231  -10.348  64.459 0.1000000015
81786  -44.951  -10.036  64.695 0.1000000015
80895  -39.601  -11.677  65.360 0.1000000015
80905  -39.804  -11.287  64.679 0.1000000015
80906  -40.466  -11.407  64.490 0.1000000015
80915  -40.856  -11.013  63.884 0.1000000015
80916  -41.646  -11.175  64.033 0.1000000015
145793  -42.896  -10.854  64.059 0.1000000015
81795  -43.914  -10.148  63.689 0.1000000015
82614  -44.641  -9.863  63.895 0.1000000015
82615  -45.345  -9.559  64.158 0.1000000015
81782  -39.448  -10.614  64.357 0.1000000015
81791  -39.659  -10.309  63.595 0.1000000015
143749  -39.866  -10.096  63.098 0.1000000015
81792  -40.428  -10.413  63.261 0.1000000015
81800  -41.032  -9.978  62.666 0.1000000015
81802  -42.362  -10.245  62.974 0.1000000015
81803  -43.048  -9.875  62.622 0.1000000015
144909  -43.649  -9.923  63.010 0.1000000015
82626  -45.144  -9.575  63.255 0.1000000015
124587  -45.865  -9.374  63.658 0.1000000015
82624  -39.370  -9.701  63.132 0.1000000015
128491  -40.821  -9.424  62.240 0.1000000015
82638  -41.578  -9.536  62.187 0.1000000015
82639  -42.348  -9.737  62.295 0.1000000015
82640  -43.869  -9.574  62.207 0.1000000015
82625  -44.348  -9.739  63.036 0.1000000015
82641  -45.782  -9.530  62.717 0.1000000015
83500  -39.840  -8.155  61.724 0.1000000015
83501  -40.745  -8.287  61.459 0.1000000015
84433  -41.238  -7.673  61.062 0.1000000015
83502  -41.713  -8.324  61.213 0.1000000015
144884  -42.939  -8.980  61.350 0.1000000015
83504  -43.292  -8.578  60.951 0.1000000015
83505  -44.071  -8.697  60.909 0.1000000015
82658  -44.440  -9.248  61.465 0.1000000015
82642  -46.461  -9.566  62.401 0.1000000015
83512  -43.672  -8.091  60.577 0.1000000015
82670  -44.918  -8.881  60.880 0.1000000015
82660  -45.946  -9.461  61.732 0.1000000015
134430  -46.474  -9.304  61.149 0.1000000015
79928  -45.458  -12.232  69.548 0.1000000015
123443  -42.815  -12.784  69.073 0.1000000015
79942  -43.464  -12.779  68.776 0.1000000015
79927  -44.731  -12.419  69.421 0.1000000015
80858  -45.954  -12.113  70.039 0.1000000015
79025  -41.768  -13.207  68.271 0.1000000015
79941  -42.112  -12.884  68.966 0.1000000015
80859  -46.658  -11.668  69.677 0.1000000015
80871  -46.005  -11.995  69.226 0.1000000015
79023  -40.010  -13.016  68.111 0.1000000015
79024  -40.876  -13.159  68.190 0.1000000015
80881  -46.299  -11.144  67.810 0.1000000015
139976  -40.116  -13.170  66.819 0.1000000015
81765  -45.511  -10.486  66.220 0.1000000015
81776  -45.846  -9.803  65.789 0.1000000015
82600  -46.445  -9.351  66.060 0.1000000015
145261  -46.183  -9.323  65.443 0.1000000015
82616  -46.535  -9.047  64.107 0.1000000015
82627  -46.486  -9.404  63.219 0.1000000015
82661  -46.970  -9.577  61.788 0.1000000015
80835  -44.704  -11.678  70.942 0.1000000015
79912  -45.140  -12.166  70.174 0.1000000015
80813  -46.063  -11.224  71.451 0.1000000015
80814  -47.057  -11.047  71.316 0.1000000015
79926  -43.326  -12.471  69.568 0.1000000015
79911  -44.134  -12.195  70.184 0.1000000015
80838  -47.283  -11.273  70.269 0.1000000015
79922  -39.930  -11.897  69.495 0.1000000015
145251  -40.511  -11.338  70.323 0.1000000015
80857  -41.456  -11.716  70.150 0.1000000015
79924  -41.631  -12.418  69.438 0.1000000015
79925  -42.386  -12.285  69.746 0.1000000015
81712  -48.021  -10.814  69.849 0.1000000015
80860  -47.370  -11.180  69.330 0.1000000015
79937  -38.718  -12.221  68.394 0.1000000015
79938  -39.489  -12.480  68.698 0.1000000015
79939  -40.401  -12.681  68.803 0.1000000015
79940  -41.290  -12.809  68.844 0.1000000015
80873  -47.378  -10.919  68.647 0.1000000015
79948  -38.828  -12.453  67.421 0.1000000015
79949  -39.300  -12.749  68.024 0.1000000015
81757  -47.290  -10.027  67.536 0.1000000015
81766  -46.189  -10.039  66.531 0.1000000015
82592  -46.861  -9.610  66.821 0.1000000015
83469  -46.914  -8.680  64.763 0.1000000015
82617  -47.189  -9.153  63.572 0.1000000015
136424  -47.189  -8.756  64.226 0.1000000015
121562  -47.144  -9.529  62.727 0.1000000015
74614  -45.225  -18.741  63.801 0.1000000015
83390  -49.119  -7.551  74.786 0.1000000015
80797  -43.899  -10.839  72.135 0.1000000015
131998  -45.959  -10.366  72.652 0.1000000015
81692  -46.570  -10.120  72.701 0.1000000015
82541  -47.373  -9.685  72.779 0.1000000015
132907  -43.723  -11.459  71.197 0.1000000015
80811  -44.422  -11.176  71.657 0.1000000015
81701  -45.584  -10.747  72.188 0.1000000015
81693  -47.170  -10.319  72.086 0.1000000015
80810  -43.002  -11.160  71.816 0.1000000015
121367  -42.805  -11.369  71.137 0.1000000015
81703  -47.682  -10.496  71.486 0.1000000015
143889  -41.057  -11.387  70.631 0.1000000015
80833  -41.481  -11.353  70.911 0.1000000015
79910  -43.098  -11.880  70.447 0.1000000015
125165  -47.873  -10.784  70.788 0.1000000015
79921  -38.885  -11.496  69.412 0.1000000015
81713  -48.573  -10.380  70.442 0.1000000015
81730  -48.004  -10.692  68.966 0.1000000015
82585  -47.916  -9.675  67.784 0.1000000015
80870  -38.095  -11.788  67.899 0.1000000015
80885  -38.062  -11.113  66.740 0.1000000015
82593  -47.539  -9.283  67.099 0.1000000015
82601  -47.176  -8.819  66.219 0.1000000015
83476  -47.558  -8.390  64.656 0.1000000015
82628  -48.026  -9.366  63.117 0.1000000015
83483  -47.790  -8.757  64.038 0.1000000015
77274  -45.720  -16.109  64.953 0.1000000015
74613  -44.563  -18.435  63.340 0.1000000015
73658  -44.759  -19.280  63.232 0.1000000015
146359  -43.943  -18.580  62.236 0.1000000015
70149  -45.652  -23.575  75.598 0.1000000015
70160  -45.954  -22.701  75.345 0.1000000015
71031  -46.620  -21.852  75.940 0.1000000015
71892  -46.839  -21.337  76.140 0.1000000015
74501  -47.863  -18.610  76.943 0.1000000015
74502  -48.809  -17.670  76.985 0.1000000015
125171  -50.666  -17.360  78.587 0.1000000015
76266  -51.324  -16.822  79.303 0.1000000015
77160  -51.577  -15.668  79.371 0.1000000015
72692  -46.718  -20.741  75.622 0.1000000015
78036  -51.357  -14.365  77.728 0.1000000015
78932  -50.703  -13.435  77.814 0.1000000015
73571  -42.829  -19.168  74.909 0.1000000015
79830  -50.157  -12.740  77.476 0.1000000015
74522  -43.381  -18.652  74.784 0.1000000015
81670  -43.258  -10.380  75.657 0.1000000015
122982  -43.699  -10.328  74.641 0.1000000015
121704  -43.896  -10.069  76.067 0.1000000015
82520  -45.252  -9.424  75.591 0.1000000015
82521  -46.053  -9.160  75.014 0.1000000015
74534  -43.236  -18.299  73.798 0.1000000015
81671  -44.415  -9.834  75.021 0.1000000015
82530  -45.605  -9.589  74.285 0.1000000015
82522  -46.802  -9.016  74.508 0.1000000015
123576  -48.037  -7.789  76.933 0.1000000015
81669  -42.807  -10.657  74.640 0.1000000015
81680  -44.291  -10.347  73.688 0.1000000015
81691  -45.319  -10.390  72.875 0.1000000015
81682  -46.027  -10.052  73.166 0.1000000015
83405  -50.185  -7.618  72.469 0.1000000015
80796  -43.211  -10.868  72.608 0.1000000015
82542  -48.350  -9.321  72.560 0.1000000015
80794  -41.609  -11.266  72.819 0.1000000015
123569  -42.037  -11.117  73.272 0.1000000015
80785  -42.666  -10.895  73.365 0.1000000015
81704  -48.362  -10.248  71.278 0.1000000015
139287  -40.807  -11.140  70.999 0.1000000015
123365  -41.690  -11.255  72.088 0.1000000015
80809  -42.120  -11.309  71.499 0.1000000015
82559  -49.071  -9.902  71.035 0.1000000015
120634  -38.602  -10.569  70.427 0.1000000015
80856  -39.500  -10.930  70.375 0.1000000015
80832  -39.993  -10.724  70.948 0.1000000015
82560  -49.565  -9.435  70.589 0.1000000015
86028  -53.851  -4.913  71.392 0.1000000015
81711  -37.715  -10.328  70.290 0.1000000015
80855  -38.144  -10.584  69.734 0.1000000015
82587  -49.059  -9.526  68.734 0.1000000015
80854  -37.466  -10.501  69.218 0.1000000015
80869  -37.588  -11.108  68.301 0.1000000015
82586  -48.542  -9.271  67.964 0.1000000015
83445  -49.196  -8.813  68.071 0.1000000015
83421  -53.497  -8.459  71.145 0.1000000015
82562  -52.576  -8.824  70.415 0.1000000015
82594  -48.109  -9.066  67.381 0.1000000015
83462  -47.941  -8.592  66.730 0.1000000015
82588  -51.755  -9.728  68.917 0.1000000015
81731  -51.374  -10.389  69.493 0.1000000015
83471  -47.847  -8.009  65.149 0.1000000015
81750  -51.416  -10.445  68.405 0.1000000015
80862  -50.945  -11.039  68.958 0.1000000015
84410  -48.923  -7.626  64.891 0.1000000015
80882  -50.653  -11.627  67.470 0.1000000015
129991  -47.413  -14.190  65.933 0.1000000015
135923  -46.017  -15.494  64.997 0.1000000015
76388  -45.373  -16.524  64.440 0.1000000015
74621  -44.200  -18.939  62.734 0.1000000015
67381  -49.396  -26.518  80.995 0.1000000015
122588  -49.743  -27.281  80.980 0.1000000015
67382  -49.581  -26.779  80.799 0.1000000015
127968  -49.886  -27.765  80.270 0.1000000015
66463  -48.442  -27.064  78.619 0.1000000015
66468  -47.608  -27.038  77.979 0.1000000015
68320  -47.872  -25.556  80.877 0.1000000015
69223  -48.504  -24.593  81.223 0.1000000015
68360  -45.774  -26.078  76.576 0.1000000015
121650  -46.671  -23.850  80.729 0.1000000015
68374  -45.885  -25.146  76.448 0.1000000015
69283  -46.082  -24.157  76.239 0.1000000015
70150  -46.290  -23.239  76.037 0.1000000015
127551  -46.451  -22.451  75.911 0.1000000015
71855  -45.146  -21.580  79.715 0.1000000015
71865  -44.329  -21.651  79.002 0.1000000015
72658  -44.644  -20.857  79.063 0.1000000015
72693  -47.100  -20.714  76.458 0.1000000015
72657  -43.901  -20.835  78.208 0.1000000015
140139  -49.797  -17.480  78.572 0.1000000015
75362  -50.808  -17.068  79.421 0.1000000015
122296  -51.475  -14.794  78.855 0.1000000015
73542  -43.706  -19.862  77.027 0.1000000015
73555  -43.462  -19.541  76.324 0.1000000015
73557  -47.393  -19.753  76.903 0.1000000015
78029  -50.903  -13.938  78.743 0.1000000015
74510  -43.740  -18.687  75.457 0.1000000015
132927  -50.095  -11.327  76.784 0.1000000015
79838  -50.028  -11.626  76.991 0.1000000015
80751  -49.839  -10.698  76.680 0.1000000015
75435  -43.001  -17.885  72.811 0.1000000015
75445  -42.474  -17.218  72.081 0.1000000015
76319  -42.862  -16.280  72.063 0.1000000015
80783  -41.394  -11.305  73.914 0.1000000015
80784  -42.067  -11.002  74.193 0.1000000015
80771  -41.891  -10.863  75.507 0.1000000015
121420  -40.965  -11.296  72.335 0.1000000015
122965  -40.861  -11.323  75.020 0.1000000015
80831  -39.108  -10.560  70.933 0.1000000015
80806  -39.590  -10.981  71.457 0.1000000015
121434  -40.085  -11.469  72.324 0.1000000015
121767  -40.997  -11.444  73.257 0.1000000015
84367  -54.544  -6.242  70.174 0.1000000015
80853  -37.024  -10.174  70.062 0.1000000015
80830  -38.368  -10.543  70.789 0.1000000015
143229  -49.725  -8.414  68.125 0.1000000015
84366  -53.954  -7.062  69.805 0.1000000015
83430  -52.680  -8.336  69.471 0.1000000015
81729  -36.902  -10.103  69.604 0.1000000015
84387  -49.554  -7.481  67.020 0.1000000015
83448  -52.353  -8.974  68.486 0.1000000015
82595  -52.602  -9.324  67.485 0.1000000015
81751  -51.900  -9.810  67.921 0.1000000015
84411  -49.591  -7.450  64.803 0.1000000015
81758  -51.601  -10.554  67.474 0.1000000015
81759  -52.253  -10.085  67.061 0.1000000015
80891  -50.719  -11.639  66.629 0.1000000015
79973  -50.210  -12.067  66.140 0.1000000015
80892  -51.301  -11.229  66.224 0.1000000015
79972  -49.666  -12.492  65.621 0.1000000015
80900  -50.740  -11.610  65.892 0.1000000015
79040  -47.783  -13.750  65.441 0.1000000015
78132  -47.067  -14.320  65.236 0.1000000015
79044  -47.704  -13.761  64.609 0.1000000015
78134  -46.443  -14.789  64.657 0.1000000015
79049  -47.785  -13.767  63.716 0.1000000015
77277  -45.487  -15.837  64.334 0.1000000015
76394  -45.079  -16.294  63.723 0.1000000015
78167  -46.942  -14.579  59.331 0.1000000015
77281  -45.427  -15.684  63.569 0.1000000015
76393  -44.640  -16.808  63.158 0.1000000015
75520  -44.520  -17.575  63.296 0.1000000015
78145  -47.802  -14.732  61.456 0.1000000015
77289  -46.623  -15.508  61.309 0.1000000015
137358  -45.596  -15.640  62.848 0.1000000015
75526  -44.385  -17.408  62.572 0.1000000015
76400  -45.076  -16.173  62.870 0.1000000015
67389  -49.736  -26.936  80.412 0.1000000015
67399  -48.771  -26.381  78.895 0.1000000015
126659  -49.043  -25.567  81.134 0.1000000015
68321  -49.344  -25.768  80.859 0.1000000015
67410  -47.912  -26.492  78.136 0.1000000015
140687  -48.305  -25.904  78.356 0.1000000015
69224  -49.216  -24.858  81.108 0.1000000015
67409  -47.075  -26.655  77.445 0.1000000015
68348  -47.586  -25.782  77.711 0.1000000015
67416  -46.845  -26.015  77.230 0.1000000015
142876  -48.333  -24.178  81.302 0.1000000015
69263  -46.563  -24.748  76.751 0.1000000015
70092  -47.769  -23.880  81.245 0.1000000015
70087  -48.141  -23.373  81.345 0.1000000015
141832  -47.098  -23.097  81.117 0.1000000015
70136  -46.726  -23.783  76.647 0.1000000015
71024  -46.801  -22.928  76.516 0.1000000015
145021  -46.789  -22.305  76.381 0.1000000015
70091  -46.241  -22.928  80.637 0.1000000015
70981  -45.913  -22.184  80.605 0.1000000015
71849  -45.693  -21.774  80.386 0.1000000015
71025  -46.999  -21.925  76.591 0.1000000015
73531  -44.593  -19.994  78.346 0.1000000015
74486  -48.487  -18.224  77.853 0.1000000015
75373  -49.021  -17.832  78.909 0.1000000015
75374  -49.989  -17.380  79.597 0.1000000015
146186  -51.354  -16.272  79.660 0.1000000015
78022  -51.088  -14.855  79.657 0.1000000015
72672  -43.985  -20.177  77.658 0.1000000015
73556  -44.067  -19.198  76.733 0.1000000015
74499  -44.497  -18.611  76.418 0.1000000015
124973  -47.403  -19.169  76.076 0.1000000015
78021  -50.661  -14.394  79.462 0.1000000015
78931  -50.464  -13.544  78.156 0.1000000015
74498  -43.847  -18.902  76.053 0.1000000015
74511  -44.306  -18.397  75.678 0.1000000015
75425  -44.768  -17.737  74.947 0.1000000015
78924  -50.395  -13.882  78.818 0.1000000015
78938  -50.058  -12.420  77.357 0.1000000015
74523  -44.033  -18.324  75.053 0.1000000015
81660  -43.341  -10.337  76.996 0.1000000015
82519  -44.581  -9.652  76.701 0.1000000015
82514  -45.922  -8.860  76.800 0.1000000015
83375  -46.686  -8.479  77.621 0.1000000015
79837  -49.791  -11.584  76.866 0.1000000015
75436  -43.730  -17.583  73.250 0.1000000015
75424  -43.957  -18.021  74.271 0.1000000015
82504  -45.363  -9.757  77.763 0.1000000015
81662  -45.534  -9.828  77.818 0.1000000015
81649  -46.222  -9.096  78.075 0.1000000015
75446  -43.359  -17.040  72.452 0.1000000015
76309  -44.102  -16.756  72.738 0.1000000015
80748  -44.072  -10.572  77.635 0.1000000015
138871  -42.159  -15.484  72.009 0.1000000015
76338  -42.045  -16.341  71.748 0.1000000015
76320  -43.617  -16.290  72.310 0.1000000015
135433  -43.827  -10.497  77.563 0.1000000015
80759  -44.215  -10.918  77.477 0.1000000015
78047  -38.146  -13.490  74.873 0.1000000015
78048  -38.928  -13.545  75.244 0.1000000015
78062  -39.658  -14.359  74.444 0.1000000015
78079  -40.622  -14.822  73.442 0.1000000015
131438  -42.491  -14.903  72.480 0.1000000015
136849  -43.303  -15.434  72.324 0.1000000015
81647  -42.778  -10.837  77.247 0.1000000015
80747  -43.388  -10.991  77.492 0.1000000015
80770  -40.990  -11.147  75.980 0.1000000015
80746  -42.129  -11.302  76.933 0.1000000015
79883  -38.808  -12.204  73.939 0.1000000015
80781  -39.486  -11.886  74.296 0.1000000015
80782  -40.385  -11.587  74.395 0.1000000015
80769  -40.228  -11.580  75.725 0.1000000015
80757  -41.286  -11.530  76.548 0.1000000015
80803  -37.256  -11.337  70.989 0.1000000015
79881  -37.231  -12.601  73.404 0.1000000015
79893  -38.166  -12.120  72.216 0.1000000015
80792  -39.077  -11.743  72.524 0.1000000015
80793  -39.613  -11.883  73.179 0.1000000015
85207  -54.575  -5.616  70.476 0.1000000015
80851  -35.413  -10.874  69.572 0.1000000015
127787  -36.725  -10.833  70.368 0.1000000015
80804  -37.961  -11.335  71.381 0.1000000015
80805  -38.641  -10.902  71.301 0.1000000015
84379  -51.319  -7.276  68.452 0.1000000015
84381  -54.485  -6.367  69.234 0.1000000015
84380  -53.732  -7.284  68.876 0.1000000015
83449  -53.048  -8.064  68.651 0.1000000015
83458  -53.686  -7.852  67.810 0.1000000015
82596  -53.325  -8.772  67.091 0.1000000015
82603  -53.725  -9.109  66.266 0.1000000015
81768  -52.531  -10.249  66.204 0.1000000015
78138  -47.252  -14.241  63.211 0.1000000015
78142  -47.576  -14.505  62.286 0.1000000015
77285  -46.232  -15.454  62.218 0.1000000015
132244  -49.566  -26.227  80.571 0.1000000015
67400  -49.537  -26.147  79.831 0.1000000015
68337  -48.960  -25.624  79.006 0.1000000015
68329  -49.531  -25.539  80.444 0.1000000015
68338  -49.421  -25.368  79.728 0.1000000015
69249  -47.733  -24.787  77.691 0.1000000015
140755  -49.249  -24.471  81.051 0.1000000015
69216  -48.853  -24.079  81.252 0.1000000015
68362  -47.018  -25.260  77.227 0.1000000015
69250  -48.453  -24.213  78.298 0.1000000015
70088  -48.555  -23.465  81.183 0.1000000015
70121  -48.035  -23.424  77.877 0.1000000015
71012  -47.617  -22.780  77.557 0.1000000015
70975  -47.320  -22.009  81.418 0.1000000015
70137  -47.337  -23.380  77.194 0.1000000015
146170  -47.703  -22.349  77.908 0.1000000015
70976  -47.711  -22.589  81.356 0.1000000015
70982  -46.664  -22.091  81.195 0.1000000015
71850  -46.372  -21.449  80.991 0.1000000015
139941  -47.158  -22.561  76.918 0.1000000015
121847  -47.364  -22.124  77.306 0.1000000015
71875  -47.570  -21.599  77.970 0.1000000015
134817  -45.811  -21.307  80.404 0.1000000015
71886  -47.230  -21.428  76.943 0.1000000015
72684  -47.401  -20.699  77.418 0.1000000015
73545  -47.538  -19.882  77.870 0.1000000015
72643  -46.301  -20.702  80.780 0.1000000015
72659  -45.323  -20.053  79.343 0.1000000015
74475  -48.330  -18.586  78.688 0.1000000015
75359  -49.319  -17.957  80.107 0.1000000015
72650  -45.556  -20.771  79.917 0.1000000015
73532  -45.374  -19.359  78.754 0.1000000015
73544  -44.968  -19.175  77.912 0.1000000015
74485  -47.781  -19.024  77.814 0.1000000015
77131  -50.412  -16.152  80.787 0.1000000015
78008  -50.340  -14.817  80.056 0.1000000015
73543  -44.321  -19.543  77.452 0.1000000015
74483  -44.711  -18.879  77.150 0.1000000015
74500  -45.172  -18.295  76.836 0.1000000015
75412  -44.950  -18.021  76.042 0.1000000015
75413  -45.451  -17.434  75.721 0.1000000015
78020  -50.167  -14.292  79.428 0.1000000015
80773  -46.526  -11.528  75.295 0.1000000015
75437  -44.487  -17.300  73.696 0.1000000015
76301  -45.225  -16.900  74.113 0.1000000015
80749  -44.687  -10.179  77.754 0.1000000015
80761  -46.117  -10.480  76.586 0.1000000015
80762  -47.288  -10.809  75.770 0.1000000015
81664  -47.745  -9.884  76.658 0.1000000015
76310  -44.814  -16.433  73.122 0.1000000015
76311  -45.545  -16.056  73.576 0.1000000015
80760  -45.030  -10.545  77.284 0.1000000015
78080  -42.167  -14.405  73.251 0.1000000015
78082  -43.644  -14.817  72.603 0.1000000015
76321  -44.223  -15.943  72.460 0.1000000015
79850  -44.766  -11.373  76.249 0.1000000015
133466  -40.411  -14.247  74.537 0.1000000015
78063  -41.231  -14.310  73.943 0.1000000015
79849  -43.920  -11.771  76.631 0.1000000015
78945  -39.098  -13.018  75.834 0.1000000015
79846  -41.550  -12.160  76.661 0.1000000015
78948  -41.855  -12.897  76.279 0.1000000015
79848  -43.187  -12.067  76.794 0.1000000015
79833  -41.823  -11.645  76.830 0.1000000015
79835  -42.956  -11.559  77.273 0.1000000015
79869  -38.013  -12.605  74.752 0.1000000015
78958  -38.477  -12.835  75.283 0.1000000015
79870  -38.726  -12.238  75.191 0.1000000015
80768  -39.462  -11.894  75.490 0.1000000015
123559  -40.469  -11.682  76.236 0.1000000015
86873  -54.320  -4.563  69.784 0.1000000015
86044  -53.965  -4.373  69.895 0.1000000015
86055  -53.625  -4.558  69.061 0.1000000015
79892  -37.313  -12.386  72.031 0.1000000015
79882  -38.095  -12.444  73.520 0.1000000015
129054  -51.888  -6.436  68.357 0.1000000015
86056  -54.922  -4.945  68.886 0.1000000015
86886  -54.467  -4.518  68.946 0.1000000015
86872  -54.134  -4.340  69.267 0.1000000015
84390  -54.349  -6.819  68.259 0.1000000015
85225  -54.898  -5.727  68.515 0.1000000015
134452  -54.789  -4.636  68.390 0.1000000015
86067  -52.178  -5.317  66.743 0.1000000015
135910  -54.779  -6.494  67.677 0.1000000015
86070  -55.041  -5.173  67.164 0.1000000015
83459  -54.466  -7.394  67.271 0.1000000015
84397  -55.066  -6.887  66.745 0.1000000015
83465  -54.001  -8.266  66.724 0.1000000015
84405  -55.208  -7.551  65.823 0.1000000015
127903  -49.083  -24.835  79.083 0.1000000015
69225  -49.402  -24.965  80.880 0.1000000015
70094  -49.361  -24.441  80.796 0.1000000015
68349  -48.364  -25.177  78.312 0.1000000015
70983  -48.476  -22.827  80.852 0.1000000015
70108  -48.560  -23.470  78.667 0.1000000015
70977  -48.085  -22.769  81.310 0.1000000015
71013  -48.109  -22.855  78.220 0.1000000015
71866  -47.827  -21.493  79.215 0.1000000015
71840  -47.060  -21.335  81.508 0.1000000015
72660  -47.899  -20.627  80.122 0.1000000015
133381  -47.967  -19.683  79.806 0.1000000015
73508  -46.815  -19.850  81.320 0.1000000015
73519  -46.028  -20.018  80.308 0.1000000015
72673  -47.626  -20.507  78.689 0.1000000015
73534  -48.329  -18.896  79.612 0.1000000015
74465  -48.794  -18.460  80.498 0.1000000015
74463  -45.929  -19.369  79.731 0.1000000015
74473  -45.978  -18.754  79.095 0.1000000015
74455  -49.188  -18.032  81.058 0.1000000015
76237  -49.580  -16.932  81.359 0.1000000015
77130  -49.950  -16.155  81.030 0.1000000015
145782  -45.514  -18.782  78.303 0.1000000015
75370  -46.002  -18.155  78.296 0.1000000015
76238  -49.972  -16.533  81.038 0.1000000015
75403  -45.568  -17.652  76.542 0.1000000015
78028  -49.910  -13.906  78.731 0.1000000015
76285  -45.961  -17.181  76.218 0.1000000015
127373  -49.493  -12.562  76.775 0.1000000015
78937  -49.699  -13.095  77.425 0.1000000015
76302  -45.988  -16.441  74.552 0.1000000015
75426  -45.517  -17.120  74.963 0.1000000015
79851  -47.999  -11.590  75.330 0.1000000015
78951  -48.678  -13.017  75.672 0.1000000015
80774  -47.407  -11.953  74.950 0.1000000015
80763  -48.248  -10.773  75.880 0.1000000015
79852  -48.866  -11.799  75.902 0.1000000015
78065  -44.238  -14.574  72.803 0.1000000015
77203  -44.904  -15.453  72.851 0.1000000015
78051  -41.915  -13.850  74.410 0.1000000015
78064  -43.449  -14.215  73.116 0.1000000015
77219  -44.105  -15.278  72.538 0.1000000015
79871  -46.139  -12.987  73.946 0.1000000015
79860  -45.709  -12.048  74.919 0.1000000015
78050  -40.818  -13.778  75.041 0.1000000015
79858  -43.671  -12.589  75.813 0.1000000015
78049  -39.806  -13.622  75.467 0.1000000015
78947  -40.838  -12.888  76.378 0.1000000015
133887  -42.344  -13.376  75.354 0.1000000015
78949  -42.802  -12.807  76.080 0.1000000015
79857  -39.183  -12.498  75.783 0.1000000015
79844  -39.775  -12.053  76.216 0.1000000015
78946  -39.844  -12.821  76.176 0.1000000015
85224  -52.706  -5.487  68.757 0.1000000015
86884  -53.689  -4.336  67.904 0.1000000015
85236  -52.413  -5.510  67.734 0.1000000015
86899  -54.379  -4.279  68.089 0.1000000015
86068  -52.975  -4.813  67.278 0.1000000015
86897  -53.541  -4.393  67.029 0.1000000015
86902  -54.254  -4.251  67.253 0.1000000015
86076  -54.614  -4.684  66.769 0.1000000015
86074  -52.847  -4.769  66.420 0.1000000015
137354  -54.085  -4.712  65.716 0.1000000015
86077  -55.026  -5.281  66.164 0.1000000015
84398  -55.257  -5.944  66.492 0.1000000015
85253  -54.237  -5.161  65.015 0.1000000015
86086  -54.884  -5.498  65.215 0.1000000015
139683  -55.361  -6.712  65.977 0.1000000015
69232  -49.454  -24.742  80.147 0.1000000015
70100  -49.272  -24.017  80.324 0.1000000015
127521  -48.952  -23.480  80.508 0.1000000015
132773  -49.082  -24.098  79.309 0.1000000015
120718  -48.885  -23.469  79.641 0.1000000015
70989  -48.617  -22.875  80.105 0.1000000015
71867  -48.229  -22.215  79.663 0.1000000015
145120  -47.684  -22.125  81.376 0.1000000015
71842  -48.021  -21.961  81.171 0.1000000015
71851  -47.868  -21.405  81.250 0.1000000015
71856  -48.067  -21.461  80.438 0.1000000015
73521  -48.169  -19.879  81.056 0.1000000015
71841  -47.515  -21.392  81.458 0.1000000015
146316  -47.317  -20.732  81.580 0.1000000015
72633  -47.600  -20.583  81.499 0.1000000015
73522  -48.398  -19.117  80.757 0.1000000015
74454  -48.607  -18.442  81.615 0.1000000015
72644  -46.958  -20.679  81.500 0.1000000015
73493  -47.456  -19.979  81.655 0.1000000015
139979  -47.799  -19.243  81.950 0.1000000015
74438  -48.959  -17.891  81.728 0.1000000015
75330  -48.714  -17.805  81.815 0.1000000015
74452  -46.901  -18.993  81.343 0.1000000015
75340  -47.049  -18.369  81.173 0.1000000015
75342  -48.914  -17.118  81.583 0.1000000015
77129  -49.335  -15.878  80.845 0.1000000015
77146  -49.969  -15.328  80.550 0.1000000015
75357  -46.949  -17.895  80.408 0.1000000015
78007  -49.915  -14.743  79.955 0.1000000015
78019  -49.541  -14.632  79.192 0.1000000015
75388  -46.335  -17.432  77.946 0.1000000015
75371  -46.539  -17.631  78.687 0.1000000015
76277  -46.763  -16.825  77.802 0.1000000015
129541  -46.801  -16.638  77.046 0.1000000015
76278  -47.323  -16.244  77.586 0.1000000015
76286  -46.493  -16.618  76.243 0.1000000015
76287  -47.157  -16.130  76.621 0.1000000015
78963  -48.109  -12.572  75.071 0.1000000015
78929  -49.443  -13.830  77.747 0.1000000015
77204  -45.772  -15.251  73.375 0.1000000015
76303  -46.517  -15.823  74.637 0.1000000015
78962  -47.681  -13.339  74.662 0.1000000015
143594  -48.202  -13.276  75.082 0.1000000015
78066  -45.113  -14.440  73.092 0.1000000015
77205  -46.368  -15.015  73.726 0.1000000015
78052  -46.662  -14.414  73.914 0.1000000015
78961  -46.906  -13.576  74.096 0.1000000015
123173  -41.335  -13.445  75.732 0.1000000015
78972  -42.945  -13.739  74.174 0.1000000015
78973  -44.082  -13.659  73.567 0.1000000015
78974  -45.350  -13.516  73.625 0.1000000015
79861  -46.881  -12.544  74.482 0.1000000015
78959  -44.366  -12.865  74.398 0.1000000015
78960  -45.283  -12.726  74.286 0.1000000015
79859  -44.601  -12.222  75.298 0.1000000015
140972  -40.453  -13.364  75.963 0.1000000015
123881  -43.297  -13.096  74.854 0.1000000015
131831  -35.734  -3.194  67.998 0.1000000015
87668  -36.547  -3.062  67.918 0.1000000015
87681  -38.117  -3.967  67.626 0.1000000015
86891  -37.572  -4.723  67.345 0.1000000015
86063  -40.307  -5.927  67.356 0.1000000015
86893  -39.807  -5.096  67.584 0.1000000015
86894  -40.765  -5.239  67.720 0.1000000015
86064  -41.059  -5.680  67.360 0.1000000015
86065  -41.721  -5.384  67.315 0.2000000030
86906  -42.249  -4.852  66.242 0.2000000030
87689  -42.132  -3.935  65.738 0.2000000030
145153  -39.073  -1.954  65.611 0.3000000119
89267  -37.743  -1.349  65.323 0.3000000119
137121  -36.782  0.766  64.023 0.4000000060
88459  -41.468  -2.389  65.812 0.2000000030
88467  -40.681  -2.745  65.638 0.2000000030
89269  -39.651  -1.676  65.963 0.2000000030
90049  -37.793  -0.698  65.855 0.2000000030
91577  -36.817  0.858  65.016 0.3000000119
132864  -37.453  1.680  63.748 0.3000000119
132657  -39.211  2.696  63.216 0.4000000060
87781  -41.575  -3.315  52.672 0.1000000015
72651  -48.011  -20.649  81.262 0.1000000015
73494  -48.152  -18.620  82.024 0.1000000015
73509  -47.797  -19.804  81.608 0.1000000015
73510  -48.163  -19.167  81.726 0.1000000015
74437  -48.533  -18.162  81.966 0.1000000015
74453  -47.534  -18.595  81.809 0.1000000015
75329  -48.131  -18.049  82.029 0.1000000015
122616  -48.331  -17.438  81.696 0.1000000015
140332  -48.648  -16.890  81.469 0.1000000015
130115  -48.624  -16.402  80.985 0.1000000015
75341  -47.559  -17.743  81.397 0.1000000015
76235  -48.047  -16.981  81.135 0.1000000015
76250  -47.950  -16.543  80.301 0.1000000015
76251  -48.564  -15.940  80.214 0.1000000015
76265  -48.471  -15.690  79.346 0.1000000015
77145  -49.233  -15.323  79.884 0.1000000015
75358  -47.429  -17.203  80.386 0.1000000015
124996  -47.340  -16.501  78.521 0.1000000015
77159  -48.783  -15.194  78.832 0.1000000015
77171  -48.461  -15.125  77.956 0.1000000015
78035  -48.635  -14.591  77.256 0.1000000015
78027  -49.128  -14.546  78.279 0.1000000015
77178  -46.877  -16.022  75.898 0.1000000015
77179  -47.405  -15.489  76.005 0.1000000015
78034  -48.097  -14.722  76.149 0.1000000015
77195  -46.827  -15.113  74.364 0.1000000015
77187  -47.514  -14.893  75.181 0.1000000015
78950  -48.172  -13.974  75.262 0.1000000015
78040  -48.895  -13.720  76.562 0.1000000015
78975  -46.283  -13.788  73.693 0.1000000015
87682  -39.217  -4.149  67.738 0.1000000015
141738  -36.997  0.949  65.728 0.3000000119
143517  -37.158  1.407  64.547 0.3000000119
92298  -38.388  2.369  63.600 0.3000000119
91578  -37.762  2.086  64.520 0.3000000119
92299  -39.346  2.712  64.006 0.3000000119
92309  -40.170  2.764  63.492 0.3000000119
93051  -40.595  3.121  63.840 0.3000000119
97281  -42.867  9.392  57.423 0.4000000060
97282  -43.704  9.649  57.235 0.5000000000
97272  -42.390  9.816  58.063 0.5000000000
97273  -43.221  10.192  57.683 0.5000000000
97969  -43.962  10.458  57.466 0.5000000000
83389  -47.633  -8.750  74.264 0.1000000015
145284  -47.283  -8.511  75.264 0.1000000015
83396  -48.455  -8.331  74.017 0.1000000015
83383  -46.616  -8.581  75.948 0.1000000015
140667  -47.327  -8.132  76.644 0.1000000015
133175  -49.175  -9.835  76.644 0.1000000015
83412  -49.790  -8.426  71.978 0.1000000015
82551  -48.740  -9.583  71.796 0.1000000015
81651  -48.209  -9.155  77.165 0.1000000015
81650  -47.049  -9.014  78.030 0.1000000015
134730  -48.546  -10.074  76.528 0.1000000015
84332  -50.547  -6.528  73.965 0.1000000015
83419  -50.018  -8.730  71.110 0.1000000015
80750  -49.208  -10.756  76.437 0.1000000015
83420  -50.588  -8.235  70.606 0.1000000015
86027  -53.354  -5.047  71.318 0.1000000015
83428  -50.120  -8.997  70.100 0.1000000015
85205  -52.203  -5.772  71.163 0.1000000015
86036  -54.443  -5.115  70.706 0.1000000015
86865  -54.348  -4.746  70.337 0.1000000015
86034  -53.749  -4.671  70.539 0.1000000015
127354  -52.259  -6.211  69.495 0.1000000015
83403  -48.786  -8.639  73.067 0.1000000015
86008  -52.542  -5.535  72.839 0.1000000015
142786  -52.411  -5.793  70.338 0.1000000015
85206  -53.013  -5.147  70.729 0.1000000015
83446  -49.799  -8.889  68.923 0.1000000015
85213  -52.923  -5.260  69.760 0.1000000015
79045  -48.387  -13.322  64.861 0.1000000015
81777  -51.969  -10.800  65.753 0.1000000015
78146  -48.493  -14.519  61.101 0.1000000015
78156  -47.885  -14.844  60.715 0.1000000015
123332  -47.758  -14.812  59.952 0.1000000015
78175  -46.657  -14.124  58.672 0.1000000015
82604  -54.437  -8.741  65.804 0.1000000015
85261  -55.255  -6.174  64.641 0.1000000015
83484  -48.652  -8.926  63.888 0.1000000015
83478  -49.155  -8.190  64.387 0.1000000015
124744  -52.409  -5.329  65.348 0.1000000015
86083  -52.906  -4.776  65.777 0.1000000015
82656  -42.200  -9.118  61.616 0.1000000015
84401  -48.485  -7.637  65.452 0.1000000015
83456  -49.985  -7.883  67.724 0.1000000015
84378  -50.692  -7.614  68.073 0.1000000015
84389  -51.124  -6.911  67.658 0.1000000015
82654  -40.189  -8.967  62.017 0.1000000015
80878  -38.271  -11.730  67.053 0.1000000015
80894  -39.157  -11.369  65.697 0.1000000015
135676  -35.914  -10.066  69.524 0.1000000015
81728  -36.482  -9.959  69.475 0.1000000015
86905  -41.445  -4.715  65.654 0.2000000030
86892  -38.692  -4.900  67.436 0.1000000015
90048  -37.070  -0.570  65.236 0.4000000060
139473  -34.555  -3.230  69.118 0.1000000015
87678  -35.088  -3.539  67.987 0.1000000015
145382  -35.538  -3.742  67.699 0.1000000015
87680  -37.052  -3.841  67.561 0.1000000015
131883  -39.809  -2.293  65.645 0.2000000030
86073  -41.842  -5.354  66.808 0.2000000030
79028  -40.465  -13.246  67.471 0.1000000015
80880  -45.452  -11.499  67.493 0.1000000015
80872  -46.694  -11.418  68.708 0.1000000015
79968  -40.624  -12.377  65.480 0.1000000015
79961  -42.351  -12.633  66.301 0.1000000015
79962  -43.196  -12.454  66.557 0.1000000015
81755  -45.890  -10.770  67.029 0.1000000015
79969  -41.307  -12.280  65.276 0.1000000015
82607  -45.644  -9.556  64.997 0.1000000015
81783  -40.103  -10.856  64.020 0.1000000015
81793  -41.490  -10.568  63.264 0.1000000015
81794  -42.326  -10.771  63.670 0.1000000015
130124  -43.103  -10.363  63.460 0.1000000015
129115  -45.931  -9.283  64.374 0.1000000015
81801  -41.777  -10.032  62.649 0.1000000015
82608  -46.301  -9.077  64.868 0.1000000015
82657  -43.005  -9.466  61.852 0.1000000015
139576  -43.606  -9.137  61.415 0.1000000015
125709  -44.958  -9.536  62.203 0.1000000015
82659  -45.207  -9.283  61.400 0.1000000015
80836  -45.601  -11.728  70.799 0.1000000015
80837  -46.457  -11.591  70.611 0.1000000015
81756  -46.603  -10.373  67.312 0.1000000015
81747  -47.027  -10.752  68.022 0.1000000015
82609  -46.690  -8.883  65.465 0.1000000015
80812  -45.177  -11.246  71.592 0.1000000015
81702  -46.396  -10.628  72.079 0.1000000015
79923  -40.872  -12.169  69.497 0.1000000015
80834  -42.224  -11.583  70.638 0.1000000015
123931  -38.073  -11.367  68.775 0.1000000015
83470  -47.308  -8.411  65.344 0.1000000015
74602  -44.939  -17.892  63.946 0.1000000015
83384  -48.846  -7.569  76.138 0.1000000015
132963  -48.112  -8.001  75.437 0.1000000015
81700  -44.787  -10.811  72.262 0.1000000015
81689  -43.880  -10.648  72.876 0.1000000015
81690  -44.514  -10.564  72.843 0.1000000015
82540  -46.625  -9.744  73.207 0.1000000015
82533  -47.989  -9.090  73.356 0.1000000015
82550  -47.930  -9.897  71.997 0.1000000015
80795  -42.343  -11.148  72.446 0.1000000015
80808  -41.277  -11.250  71.555 0.1000000015
82569  -48.717  -10.212  69.451 0.1000000015
131289  -49.132  -9.968  70.220 0.1000000015
81749  -48.356  -10.008  68.508 0.1000000015
120895  -47.827  -8.139  65.858 0.1000000015
83477  -48.292  -8.116  64.626 0.1000000015
75514  -46.197  -17.722  64.956 0.1000000015
76253  -50.861  -16.423  80.276 0.1000000015
77148  -50.960  -15.650  80.247 0.1000000015
81679  -43.441  -10.631  73.540 0.1000000015
81672  -45.016  -9.914  74.143 0.1000000015
82531  -46.225  -9.551  73.810 0.1000000015
83376  -47.342  -8.304  77.605 0.1000000015
141338  -48.599  -7.818  76.893 0.1000000015
82543  -49.137  -8.909  72.302 0.1000000015
83404  -49.516  -8.156  72.791 0.1000000015
83413  -50.443  -7.936  71.586 0.1000000015
80807  -40.487  -11.139  71.565 0.1000000015
82570  -49.442  -9.566  69.639 0.1000000015
85180  -54.049  -6.127  72.554 0.1000000015
86016  -52.554  -5.368  72.097 0.1000000015
86029  -54.221  -5.212  71.328 0.1000000015
86860  -53.902  -4.693  70.867 0.1000000015
80828  -37.453  -10.461  70.439 0.1000000015
83454  -48.628  -8.498  67.303 0.1000000015
83422  -53.395  -7.847  70.330 0.1000000015
84356  -54.206  -7.027  70.760 0.1000000015
82561  -51.801  -9.632  69.986 0.1000000015
83464  -48.961  -7.792  66.915 0.1000000015
80875  -51.078  -11.089  67.922 0.1000000015
80883  -51.224  -11.173  67.055 0.1000000015
66447  -50.019  -27.734  80.877 0.1000000015
65526  -48.967  -27.845  79.265 0.1000000015
66464  -49.382  -27.008  79.554 0.1000000015
66467  -47.023  -27.375  77.594 0.1000000015
68361  -46.398  -25.695  76.849 0.1000000015
69231  -45.622  -23.863  80.098 0.1000000015
70099  -45.468  -22.892  80.034 0.1000000015
76252  -50.359  -16.650  80.680 0.1000000015
82513  -45.323  -9.400  77.499 0.1000000015
80758  -41.852  -11.034  76.532 0.1000000015
121073  -40.328  -11.683  73.219 0.1000000015
84357  -54.399  -6.433  71.037 0.1000000015
85214  -54.781  -5.449  69.581 0.1000000015
80829  -37.941  -10.566  70.854 0.1000000015
83447  -50.307  -8.224  68.518 0.1000000015
82602  -52.966  -9.549  66.626 0.1000000015
79042  -49.035  -12.959  66.069 0.1000000015
78137  -46.521  -14.691  63.686 0.1000000015
77282  -46.001  -15.191  63.205 0.1000000015
77286  -47.091  -15.067  61.790 0.1000000015
69264  -47.191  -24.318  77.181 0.1000000015
75344  -49.889  -16.928  81.069 0.1000000015
77147  -50.409  -15.517  80.535 0.1000000015
78930  -50.137  -13.317  78.004 0.1000000015
81648  -44.551  -10.172  77.746 0.1000000015
127570  -46.136  -8.997  78.069 0.1000000015
82505  -46.737  -8.671  78.145 0.1000000015
82506  -47.408  -8.488  77.701 0.1000000015
81663  -46.605  -9.594  77.463 0.1000000015
137294  -41.656  -14.793  72.770 0.1000000015
78971  -37.549  -13.054  74.853 0.1000000015
79909  -36.165  -11.862  70.840 0.1000000015
80852  -36.270  -10.507  69.840 0.1000000015
84365  -51.620  -7.123  69.265 0.1000000015
84354  -51.171  -7.697  70.028 0.1000000015
70093  -49.102  -23.894  81.015 0.1000000015
70120  -47.804  -23.989  77.615 0.1000000015
70999  -47.934  -22.267  78.635 0.1000000015
73533  -47.833  -19.383  78.710 0.1000000015
132700  -48.746  -18.332  79.515 0.1000000015
75360  -49.745  -17.432  80.736 0.1000000015
74484  -45.345  -18.522  77.617 0.1000000015
75387  -45.738  -17.845  77.375 0.1000000015
85226  -55.116  -5.029  68.107 0.1000000015
83466  -54.723  -7.935  66.344 0.1000000015
71000  -48.463  -22.858  79.085 0.1000000015
73520  -46.416  -19.373  80.654 0.1000000015
74464  -46.503  -18.683  80.306 0.1000000015
75343  -49.408  -17.393  81.399 0.1000000015
76236  -49.272  -16.584  81.340 0.1000000015
75404  -46.264  -17.211  77.025 0.1000000015
76294  -45.990  -16.862  75.518 0.1000000015
76295  -46.483  -16.253  75.343 0.1000000015
77194  -46.232  -15.643  73.944 0.1000000015
86075  -53.492  -4.507  66.330 0.1000000015
71857  -48.264  -22.185  80.690 0.1000000015
74436  -47.341  -19.289  81.706 0.1000000015
74474  -46.514  -18.109  79.346 0.1000000015
128148  -46.930  -17.429  79.466 0.1000000015
76263  -46.858  -17.075  78.615 0.1000000015
78067  -46.031  -14.461  73.457 0.1000000015
77186  -46.934  -15.605  75.236 0.1000000015
78053  -47.354  -14.291  74.518 0.1000000015
87669  -37.532  -3.138  67.978 0.1000000015
90038  -37.306  -0.108  65.894 0.3000000119
75372  -47.370  -16.806  79.431 0.1000000015
76264  -47.947  -16.220  79.362 0.1000000015
77158  -47.972  -15.762  78.388 0.1000000015
77170  -47.840  -15.448  77.097 0.1000000015
121841  -38.555  2.601  64.608 0.3000000119
83397  -49.180  -7.860  73.628 0.1000000015
81652  -48.962  -9.088  76.913 0.1000000015
81653  -49.634  -9.658  76.637 0.1000000015
143967  -49.483  -7.318  74.060 0.1000000015
83429  -50.546  -8.390  69.513 0.1000000015
85199  -51.930  -5.620  71.998 0.1000000015
84355  -51.736  -6.650  70.439 0.1000000015
82507  -48.420  -8.431  77.249 0.1000000015
84347  -50.830  -7.029  72.055 0.1000000015
129719  -51.111  -7.409  71.088 0.1000000015
84348  -51.508  -6.425  71.578 0.1000000015
120875  -38.595  8.299  57.380 0.2000000030
96573  -39.547  8.224  57.439 0.2000000030
95909  -39.854  7.936  56.641 0.2000000030
96574  -40.442  8.263  57.437 0.2000000030
97245  -47.299  9.495  60.599 0.4000000060
97970  -44.656  10.682  57.617 0.4000000060
98620  -44.261  11.159  57.667 0.3000000119
96564  -40.169  8.610  58.166 0.2000000030
97270  -40.688  9.241  58.637 0.2000000030
97941  -47.631  10.329  60.158 0.2000000030
97942  -48.556  10.920  59.784 0.2000000030
98621  -44.894  11.562  57.693 0.3000000119
98614  -45.189  12.332  57.864 0.3000000119
97960  -43.594  11.063  57.840 0.4000000060
97246  -48.043  10.021  60.826 0.2000000030
97926  -50.503  10.868  60.712 0.2000000030
95928  -37.879  7.780  54.857 0.2000000030
123077  -37.852  8.277  56.313 0.2000000030
95908  -38.906  8.073  56.503 0.2000000030
95917  -38.266  8.041  55.462 0.2000000030
97925  -49.266  10.657  60.584 0.2000000030
96563  -39.236  8.544  58.232 0.1000000015
96552  -38.919  9.004  58.972 0.1000000015
95187  -41.126  6.259  64.206 0.1000000015
95862  -42.601  7.392  63.575 0.1000000015
95861  -41.851  7.130  63.803 0.1000000015
95863  -43.490  7.578  63.467 0.1000000015
94506  -40.833  5.959  64.608 0.1000000015
97271  -41.550  9.441  58.385 0.3000000119
96515  -42.924  8.207  63.622 0.1000000015
94499  -40.612  6.410  65.361 0.1000000015
93808  -40.569  5.469  65.277 0.1000000015
132292  -41.281  6.916  64.209 0.1000000015
97269  -39.791  9.136  58.816 0.1000000015
97959  -42.711  10.791  58.310 0.1000000015
98612  -43.251  11.750  58.246 0.1000000015
97958  -41.879  10.247  58.670 0.2000000030
99252  -43.673  12.554  58.443 0.1000000015
97259  -41.096  9.946  58.997 0.2000000030
98608  -42.580  11.563  58.640 0.1000000015
96562  -38.293  8.560  58.262 0.1000000015
128158  -37.623  8.484  57.331 0.1000000015
96585  -37.580  8.027  55.405 0.1000000015
96584  -37.001  8.090  55.736 0.1000000015
95273  -37.281  7.078  54.834 0.1000000015
127509  -40.842  6.719  64.683 0.1000000015
95854  -41.429  7.749  64.281 0.1000000015
97210  -44.138  9.159  63.935 0.1000000015
97205  -47.462  9.510  64.873 0.1000000015
95180  -40.471  7.130  65.234 0.1000000015
95853  -40.822  7.490  64.684 0.1000000015
96506  -41.665  8.726  64.415 0.1000000015
96508  -43.222  8.972  63.926 0.1000000015
97211  -44.964  9.304  63.973 0.1000000015
96510  -48.160  9.003  64.729 0.2000000030
98613  -44.216  11.976  57.927 0.2000000030
99254  -45.473  12.638  58.172 0.1000000015
99242  -45.739  12.724  58.758 0.2000000030
99229  -45.890  12.663  59.781 0.1000000015
99230  -46.773  12.603  59.998 0.2000000030
99216  -47.561  12.509  61.301 0.2000000030
99240  -43.980  13.032  58.768 0.1000000015
99214  -45.930  12.565  60.942 0.1000000015
99215  -46.764  12.559  61.128 0.1000000015
99183  -47.892  12.590  63.108 0.1000000015
99199  -46.819  12.568  62.159 0.1000000015
97949  -40.657  10.593  59.617 0.1000000015
97950  -41.434  10.599  59.172 0.2000000030
97951  -42.055  11.030  58.968 0.2000000030
99198  -46.011  12.591  61.972 0.1000000015
143421  -47.814  13.320  64.167 0.1000000015
97257  -39.423  9.569  59.511 0.1000000015
97258  -40.255  9.759  59.302 0.1000000015
99823  -47.339  13.122  63.768 0.1000000015
97204  -46.667  9.396  64.375 0.1000000015
97201  -43.596  9.640  64.480 0.1000000015
97206  -48.287  9.427  65.571 0.2000000030
98615  -45.926  12.316  57.943 0.2000000030
99243  -46.791  12.517  58.985 0.2000000030
129106  -47.566  12.544  60.173 0.2000000030
99860  -44.186  13.208  59.365 0.1000000015
99228  -45.009  12.930  59.536 0.1000000015
99201  -48.558  12.423  62.246 0.1000000015
99241  -44.833  12.952  58.668 0.1000000015
99239  -42.991  12.946  58.973 0.1000000015
99824  -48.221  12.917  63.816 0.1000000015
98600  -41.360  12.204  59.609 0.1000000015
144614  -42.503  12.582  58.968 0.1000000015
135980  -52.340  7.575  67.588 0.1000000015
97202  -44.458  9.757  64.497 0.1000000015
125983  -46.035  9.777  64.723 0.1000000015
97194  -47.494  9.871  65.794 0.1000000015
97233  -52.008  10.439  61.436 0.1000000015
97927  -51.509  11.004  60.783 0.1000000015
97912  -52.388  10.756  61.674 0.1000000015
98601  -50.121  11.985  59.711 0.1000000015
97944  -50.857  11.645  60.230 0.1000000015
97945  -51.495  11.631  60.524 0.1000000015
97954  -49.108  11.935  59.268 0.1000000015
99221  -52.371  12.036  61.580 0.1000000015
99234  -50.707  12.149  60.059 0.1000000015
98603  -51.353  12.055  60.490 0.1000000015
98594  -51.974  11.782  60.948 0.1000000015
99233  -49.908  12.194  59.780 0.1000000015
99204  -52.253  12.493  62.036 0.1000000015
99219  -51.181  12.286  60.706 0.1000000015
99203  -51.676  12.454  61.595 0.1000000015
99187  -52.417  12.876  62.916 0.1000000015
99255  -46.281  12.401  58.341 0.2000000030
99826  -51.962  13.469  63.448 0.1000000015
143849  -47.512  12.522  59.322 0.2000000030
127357  -48.477  12.471  60.394 0.1000000015
99185  -50.095  12.692  63.037 0.1000000015
99825  -50.594  13.195  63.718 0.1000000015
99859  -43.376  13.317  59.447 0.1000000015
139998  -44.327  13.232  60.355 0.1000000015
99213  -45.108  12.817  60.674 0.1000000015
99173  -49.278  12.940  63.866 0.1000000015
99812  -51.258  13.773  64.276 0.1000000015
100425  -51.923  14.561  64.685 0.1000000015
99858  -42.541  13.445  59.558 0.1000000015
99854  -43.683  13.441  60.043 0.1000000015
99811  -49.823  13.543  64.476 0.1000000015
99804  -50.484  14.057  64.887 0.1000000015
99839  -46.204  12.873  62.826 0.1000000015
139621  -48.554  14.358  64.998 0.1000000015
100417  -50.399  14.573  65.372 0.1000000015
97896  -46.724  10.146  66.251 0.1000000015
135705  -46.730  9.970  65.167 0.1000000015
97900  -44.774  10.193  65.287 0.1000000015
97902  -52.463  10.962  63.032 0.1000000015
97904  -52.567  10.945  62.363 0.1000000015
98570  -52.631  11.768  62.577 0.1000000015
98583  -52.604  11.583  61.899 0.1000000015
99205  -52.508  12.302  62.296 0.1000000015
99246  -49.392  12.035  59.439 0.1000000015
99814  -52.854  14.206  64.257 0.1000000015
99806  -53.068  14.462  64.836 0.1000000015
98609  -47.902  12.169  58.722 0.1000000015
99231  -48.221  12.446  59.373 0.1000000015
99217  -49.133  12.457  61.096 0.1000000015
99202  -49.804  12.481  61.979 0.1000000015
99853  -42.985  13.736  60.289 0.1000000015
120800  -43.661  13.528  60.950 0.1000000015
99845  -44.406  13.240  61.509 0.1000000015
99846  -45.254  12.801  61.722 0.1000000015
96502  -53.143  7.820  66.483 0.2000000030
97193  -45.745  10.231  65.718 0.1000000015
97195  -49.112  9.259  66.466 0.1000000015
96493  -52.042  8.058  68.091 0.1000000015
133305  -52.484  8.956  64.391 0.2000000030
134598  -52.284  9.939  63.547 0.1000000015
97901  -51.844  10.663  64.028 0.1000000015
98564  -52.488  11.837  63.285 0.1000000015
99188  -52.554  12.614  62.983 0.1000000015
99828  -52.574  13.425  63.645 0.1000000015
99805  -52.834  13.962  65.464 0.1000000015
99171  -52.842  13.594  64.421 0.1000000015
99245  -48.560  12.146  59.067 0.1000000015
146223  -49.460  12.417  60.088 0.1000000015
99232  -49.058  12.269  59.574 0.1000000015
97183  -48.346  9.689  66.738 0.1000000015
97897  -47.468  10.022  66.718 0.1000000015
97207  -51.892  9.596  64.831 0.1000000015
98561  -51.119  11.097  64.886 0.1000000015
99174  -52.276  12.479  64.280 0.1000000015
100374  -51.335  15.301  68.220 0.1000000015
100411  -52.777  14.889  66.518 0.1000000015
96492  -51.362  8.630  68.786 0.1000000015
146293  -51.889  8.321  68.355 0.1000000015
97186  -52.071  8.504  67.784 0.1000000015
97196  -50.321  8.632  67.573 0.2000000030
128966  -50.525  8.835  69.156 0.1000000015
97887  -48.783  9.505  68.031 0.1000000015
97184  -49.461  9.143  67.815 0.1000000015
130808  -50.863  9.009  69.246 0.1000000015
97185  -51.640  8.457  68.570 0.1000000015
97197  -51.789  9.301  66.302 0.1000000015
97886  -47.932  9.901  67.743 0.1000000015
97178  -49.763  9.044  69.236 0.1000000015
97889  -51.451  9.352  67.270 0.1000000015
97171  -49.851  9.337  69.869 0.1000000015
97876  -48.698  9.494  69.378 0.1000000015
97898  -51.256  10.093  65.457 0.1000000015
97875  -47.497  9.977  68.893 0.1000000015
98560  -50.412  11.145  66.144 0.1000000015
97874  -46.571  10.185  68.678 0.1000000015
99169  -50.470  12.333  66.378 0.1000000015
99167  -51.815  13.469  66.192 0.1000000015
101585  -47.788  16.250  67.643 0.1000000015
101586  -48.763  16.246  68.079 0.1000000015
99800  -52.529  14.246  66.370 0.1000000015
123152  -48.429  17.080  67.798 0.1000000015
131615  -50.473  16.103  68.579 0.1000000015
100373  -50.227  14.888  68.480 0.1000000015
99794  -51.997  14.557  67.228 0.1000000015
97173  -50.561  9.075  69.738 0.1000000015
97888  -50.760  10.367  66.214 0.1000000015
97864  -47.920  9.884  70.085 0.1000000015
97865  -48.926  9.729  70.201 0.1000000015
98558  -49.954  11.059  67.443 0.1000000015
97863  -46.882  9.912  69.985 0.1000000015
98555  -49.779  10.872  68.706 0.1000000015
97862  -45.977  10.007  69.812 0.1000000015
98557  -49.805  12.274  67.415 0.1000000015
99165  -50.229  13.330  67.586 0.1000000015
99166  -50.611  13.118  66.865 0.1000000015
101584  -46.799  16.224  67.203 0.1000000015
139103  -49.685  14.858  68.494 0.1000000015
99767  -49.622  13.913  68.402 0.1000000015
99792  -49.860  13.596  68.156 0.1000000015
99768  -50.573  14.533  68.205 0.1000000015
99799  -51.354  13.876  67.007 0.1000000015
124712  -50.885  9.511  68.153 0.1000000015
97172  -50.269  9.224  69.872 0.1000000015
97866  -50.158  9.742  69.800 0.1000000015
97877  -50.549  9.558  69.224 0.1000000015
97162  -49.705  9.620  70.039 0.1000000015
123685  -45.164  9.990  69.591 0.1000000015
137211  -48.303  10.498  70.423 0.1000000015
98529  -49.482  10.298  70.069 0.1000000015
98524  -44.335  10.291  70.655 0.1000000015
97839  -46.252  10.208  70.273 0.1000000015
98527  -47.573  10.549  70.534 0.1000000015
98547  -49.121  11.368  69.489 0.1000000015
99164  -49.332  12.162  68.394 0.1000000015
99144  -49.079  12.677  68.707 0.1000000015
101000  -48.271  15.533  67.963 0.1000000015
100372  -48.979  14.904  68.327 0.1000000015
125346  -49.371  14.269  68.477 0.1000000015
97838  -45.262  10.159  70.325 0.1000000015
98526  -46.639  10.529  70.543 0.1000000015
100396  -47.893  14.759  67.951 0.1000000015
100371  -48.396  13.894  68.423 0.1000000015
97859  -42.775  9.927  70.286 0.1000000015
97837  -43.810  9.937  70.826 0.1000000015
99124  -44.823  11.096  70.615 0.1000000015
145631  -46.281  11.085  70.555 0.1000000015
99126  -47.080  11.219  70.449 0.1000000015
99127  -48.002  11.169  70.327 0.1000000015
99143  -48.499  11.915  69.409 0.1000000015
99765  -47.571  13.190  68.533 0.1000000015
125234  -48.220  12.799  68.924 0.1000000015
99766  -48.842  13.196  68.688 0.1000000015
99123  -44.046  10.859  70.798 0.1000000015
98525  -45.604  10.527  70.520 0.1000000015
132937  -41.096  10.263  70.499 0.1000000015
98522  -43.000  10.275  70.705 0.1000000015
97835  -41.971  10.242  70.441 0.1000000015
98523  -43.524  10.336  70.910 0.1000000015
99142  -47.544  12.123  69.568 0.1000000015
98528  -48.789  10.804  70.222 0.1000000015
99141  -46.528  11.871  70.000 0.1000000015
99138  -43.480  11.320  70.462 0.1000000015
98546  -42.618  10.924  70.600 0.1000000015
99139  -44.245  11.717  70.157 0.1000000015
99125  -45.691  11.523  70.318 0.1000000015
123493  -42.781  11.912  69.487 0.1000000015
99783  -40.039  13.336  67.502 0.1000000015
99160  -42.168  12.622  68.273 0.1000000015
99159  -41.331  12.565  68.271 0.1000000015
99137  -41.873  11.780  69.497 0.1000000015
99161  -43.642  12.246  69.124 0.1000000015
99784  -40.830  13.351  67.533 0.1000000015
129870  -43.050  12.755  68.006 0.1000000015
99140  -45.064  12.119  69.698 0.1000000015
99763  -45.909  12.396  69.024 0.1000000015
99163  -45.251  12.839  68.286 0.1000000015
99162  -44.468  12.525  68.632 0.1000000015
99186  -52.142  12.900  62.687 0.1000000015
99827  -52.587  13.494  63.574 0.1000000015
99218  -50.264  12.401  60.498 0.1000000015
123733  -51.046  12.614  62.232 0.1000000015
101575  -49.706  16.175  68.459 0.1000000015
127759  -50.857  12.460  61.310 0.1000000015
99801  -53.059  14.631  65.632 0.1000000015
128877  -51.292  12.978  62.995 0.1000000015
100426  -52.961  14.522  64.480 0.1000000015
95841  -51.992  7.755  67.921 0.2000000030
99253  -44.618  12.702  58.239 0.1000000015
95855  -42.116  7.993  63.868 0.1000000015
96507  -42.459  8.688  63.999 0.1000000015
99251  -42.840  12.301  58.671 0.1000000015
98607  -42.111  11.980  59.076 0.1000000015
97203  -45.296  9.817  64.622 0.1000000015
98606  -41.396  11.298  59.434 0.2000000030
97928  -52.084  11.108  60.976 0.1000000015
99813  -52.629  14.083  64.001 0.1000000015
100418  -52.885  14.925  64.831 0.1000000015
99175  -52.628  12.767  63.672 0.1000000015
124239  -53.087  14.798  65.084 0.1000000015
99170  -51.757  12.787  65.183 0.1000000015
100397  -51.445  14.798  67.838 0.1000000015
100983  -49.116  15.635  68.297 0.1000000015
100984  -49.912  15.446  68.550 0.1000000015
99793  -50.902  14.206  67.705 0.1000000015
99785  -41.614  13.387  67.471 0.1000000015
92293  -38.684  2.933  65.469 0.2000000030
133455  -41.509  3.726  63.798 0.2000000030
92300  -39.946  2.953  64.147 0.2000000030
93813  -41.006  4.501  64.113 0.2000000030
93043  -40.148  4.361  65.246 0.2000000030
93045  -40.011  3.601  64.668 0.2000000030
93046  -40.803  3.658  64.121 0.2000000030
93812  -40.465  4.500  64.664 0.2000000030
91574  -37.319  1.617  65.368 0.2000000030
92295  -37.961  2.405  65.349 0.2000000030
92296  -39.306  3.093  64.769 0.2000000030
93042  -39.482  3.614  65.592 0.2000000030
86066  -42.365  -5.086  67.071 0.1000000015
89257  -39.276  -1.064  66.405 0.1000000015
87683  -43.496  -4.031  67.541 0.1000000015
86883  -42.851  -4.610  67.348 0.1000000015
86901  -42.899  -4.548  66.709 0.1000000015
88460  -43.005  -2.596  65.996 0.1000000015
87691  -43.128  -3.516  66.105 0.1000000015
88468  -42.293  -2.987  65.791 0.1000000015
89258  -40.297  -1.340  66.386 0.1000000015
90809  -38.544  1.074  67.461 0.1000000015
92287  -37.826  2.003  66.590 0.1000000015
90039  -37.880  -0.047  66.510 0.1000000015
90820  -37.306  0.528  66.197 0.1000000015
90812  -41.802  0.259  68.050 0.1000000015
91557  -40.989  2.121  68.385 0.1000000015
90042  -41.902  -1.055  66.813 0.1000000015
90811  -40.748  0.480  68.103 0.1000000015
92283  -39.208  2.419  67.729 0.1000000015
93033  -39.236  3.098  67.272 0.1000000015
93038  -39.551  3.610  66.504 0.1000000015
90030  -40.248  -0.067  67.535 0.1000000015
90029  -39.195  0.286  67.428 0.1000000015
92288  -38.242  2.294  67.011 0.1000000015
93041  -38.858  3.147  66.171 0.1000000015
91556  -40.018  2.254  68.169 0.1000000015
124693  -42.192  -5.030  67.673 0.1000000015
89270  -40.602  -1.939  65.881 0.1000000015
89259  -41.425  -1.627  66.248 0.1000000015
139384  -38.441  -0.714  66.294 0.1000000015
132087  -40.717  5.215  64.461 0.1000000015
92291  -37.634  2.078  66.007 0.1000000015
92292  -38.218  2.591  66.225 0.1000000015
132579  -38.787  -0.329  66.821 0.1000000015
86882  -42.638  -4.510  67.929 0.1000000015
86896  -43.497  -4.187  66.937 0.1000000015
86895  -41.514  -5.220  67.786 0.1000000015
141114  -41.907  -4.792  68.094 0.1000000015
137772  -43.317  -4.070  66.439 0.1000000015
89260  -42.500  -1.732  66.249 0.1000000015
90041  -40.847  -0.849  66.863 0.1000000015
90040  -39.774  -0.627  66.954 0.1000000015
144012  -39.167  0.929  67.743 0.1000000015
90028  -38.381  0.360  67.068 0.1000000015
90821  -37.831  0.793  66.865 0.1000000015
90031  -41.318  -0.323  67.467 0.1000000015
90801  -41.310  1.180  68.420 0.1000000015
92273  -40.861  3.007  68.058 0.1000000015
90800  -40.299  1.376  68.292 0.1000000015
89261  -43.531  -1.965  66.191 0.1000000015
90810  -39.777  0.740  67.966 0.1000000015
90799  -39.308  1.547  67.914 0.1000000015
91566  -38.574  1.921  67.506 0.1000000015
93037  -38.711  2.902  66.818 0.1000000015
73659  -45.582  -19.509  63.521 0.1000000015
74620  -44.082  -17.960  62.042 0.1000000015
75331  -49.137  -17.533  81.567 0.1000000015
75361  -50.305  -17.037  80.370 0.1000000015
75512  -44.888  -17.019  63.868 0.1000000015
77278  -45.880  -15.226  64.118 0.1000000015
77284  -45.528  -15.861  62.268 0.1000000015
78009  -50.694  -14.981  80.073 0.1000000015
78081  -42.988  -14.597  72.727 0.1000000015
78135  -47.101  -14.232  64.195 0.1000000015
78141  -46.759  -14.823  62.715 0.1000000015
78157  -48.520  -14.636  60.364 0.1000000015
78177  -48.784  -14.183  59.013 0.2000000030
79055  -49.726  -12.876  62.704 0.2000000030
79834  -42.304  -11.655  77.001 0.1000000015
79836  -43.538  -11.235  77.388 0.1000000015
79845  -40.528  -12.221  76.459 0.1000000015
79847  -42.443  -12.217  76.763 0.1000000015
79965  -50.173  -12.131  67.012 0.1000000015
80079  -51.739  -12.075  51.925 0.1000000015
80772  -45.638  -11.123  75.914 0.1000000015
80874  -50.556  -11.605  68.392 0.1000000015
80898  -43.390  -11.502  65.355 0.1000000015
80908  -42.400  -11.285  64.339 0.1000000015
80911  -51.720  -11.221  64.401 0.2000000030
80921  -52.061  -11.510  62.860 0.2000000030
80926  -54.716  -10.965  61.167 0.2000000030
81000  -49.186  -12.063  50.848 0.1000000015
81002  -51.005  -11.936  51.841 0.1000000015
81659  -42.556  -10.619  76.249 0.1000000015
81661  -44.131  -9.979  77.471 0.1000000015
81681  -45.532  -9.987  73.552 0.1000000015
81688  -26.656  -10.434  72.668 0.1000000015
81699  -26.556  -10.486  71.849 0.1000000015
81710  -27.187  -10.484  70.438 0.1000000015
81748  -47.676  -10.370  68.240 0.1000000015
81767  -51.796  -10.683  66.631 0.1000000015
81784  -43.505  -10.604  64.232 0.1000000015
81869  -55.434  -10.250  53.635 0.2000000030
82503  -44.788  -9.841  77.709 0.1000000015
82532  -47.092  -9.341  73.595 0.1000000015
82552  -49.416  -9.174  71.508 0.1000000015
82565  -27.913  -9.663  69.600 0.1000000015
82571  -52.147  -9.112  69.429 0.1000000015
82578  -30.553  -9.071  68.462 0.1000000015
82655  -41.203  -8.952  61.747 0.1000000015
82677  -54.780  -9.235  60.757 0.2000000030
82708  -50.089  -9.563  57.655 0.3000000119
82736  -55.418  -9.713  54.341 0.2000000030
82751  -54.866  -9.789  51.895 0.2000000030
82757  -54.471  -9.202  51.695 0.2000000030
83371  -29.394  -8.468  77.769 0.1000000015
83373  -27.682  -7.923  75.965 0.1000000015
83377  -48.036  -8.022  77.369 0.1000000015
83388  -27.326  -8.311  74.530 0.1000000015
83395  -27.129  -8.324  73.838 0.1000000015
83410  -26.718  -9.081  71.745 0.1000000015
83425  -27.692  -8.998  69.865 0.1000000015
83431  -53.304  -7.712  69.421 0.1000000015
83455  -49.336  -8.158  67.518 0.1000000015
83457  -52.991  -8.567  67.866 0.1000000015
83463  -48.448  -7.904  66.431 0.1000000015
83490  -55.406  -7.971  62.290 0.2000000030
83496  -53.047  -8.323  62.301 0.2000000030
83497  -54.054  -7.886  62.021 0.2000000030
83508  -54.990  -8.563  61.168 0.2000000030
83567  -55.432  -8.882  54.214 0.2000000030
83578  -53.554  -9.039  51.902 0.2000000030
83580  -54.921  -8.980  51.810 0.2000000030
83581  -55.232  -8.490  52.360 0.2000000030
83587  -54.314  -8.508  51.596 0.2000000030
84296  -29.538  -7.207  78.245 0.1000000015
84297  -30.224  -7.398  78.657 0.1000000015
84306  -28.512  -7.062  77.332 0.1000000015
84345  -28.241  -7.180  72.037 0.1000000015
84346  -28.704  -6.968  71.350 0.1000000015
84352  -27.698  -8.075  70.815 0.1000000015
84364  -51.022  -7.833  68.958 0.1000000015
84403  -50.008  -6.797  65.342 0.1000000015
84406  -55.431  -6.928  65.203 0.1000000015
84421  -55.023  -7.049  62.438 0.2000000030
84422  -55.312  -6.859  63.226 0.2000000030
84434  -55.030  -7.940  61.479 0.2000000030
84490  -51.852  -7.236  55.425 0.3000000119
84506  -49.676  -7.491  53.960 0.1000000015
84515  -55.137  -7.829  52.128 0.2000000030
84518  -53.562  -7.393  51.534 0.2000000030
84519  -53.911  -8.026  51.503 0.2000000030
85131  -31.716  -6.155  79.725 0.1000000015
85159  -27.635  -6.456  75.248 0.1000000015
85162  -28.139  -6.183  74.093 0.1000000015
85171  -28.379  -6.523  73.405 0.1000000015
85200  -52.612  -5.356  71.503 0.1000000015
85212  -31.211  -6.188  68.838 0.1000000015
85234  -50.744  -6.481  66.782 0.2000000030
85237  -55.065  -5.817  67.487 0.1000000015
85243  -49.824  -6.692  65.881 0.2000000030
85254  -55.323  -6.019  65.582 0.1000000015
85259  -54.521  -5.879  63.957 0.2000000030
85266  -55.217  -6.295  63.830 0.2000000030
85360  -54.906  -7.347  51.859 0.2000000030
85949  -32.943  -5.231  80.385 0.1000000015
85955  -32.277  -5.194  80.057 0.1000000015
85959  -30.197  -5.255  78.851 0.1000000015
85963  -28.467  -5.749  77.388 0.1000000015
85974  -27.839  -5.765  76.186 0.1000000015
85975  -28.085  -5.690  76.816 0.1000000015
86000  -30.307  -5.830  73.473 0.1000000015
86012  -32.979  -6.385  73.523 0.1000000015
86018  -53.881  -5.364  71.981 0.1000000015
86019  -54.286  -5.804  71.871 0.1000000015
86035  -54.095  -4.533  70.375 0.1000000015
86043  -53.559  -4.681  70.052 0.1000000015
86045  -54.626  -4.951  70.082 0.1000000015
86069  -54.768  -4.579  67.687 0.1000000015
86081  -41.482  -5.371  66.237 0.2000000030
86084  -53.666  -4.681  65.698 0.1000000015
86085  -54.476  -4.902  65.864 0.1000000015
86142  -52.433  -4.580  56.069 0.3000000119
86172  -55.063  -5.132  53.907 0.2000000030
86189  -49.616  -4.867  51.296 0.2000000030
86202  -54.310  -4.906  51.039 0.3000000119
86782  -35.388  -4.557  81.456 0.1000000015
86799  -28.388  -4.417  76.887 0.1000000015
86816  -28.355  -4.322  75.439 0.1000000015
86827  -28.823  -4.272  74.746 0.1000000015
86829  -30.216  -4.285  74.039 0.1000000015
86861  -54.165  -4.769  70.808 0.1000000015
86881  -41.138  -4.672  68.077 0.1000000015
86885  -54.101  -4.187  68.490 0.1000000015
86898  -54.028  -4.091  67.598 0.1000000015
86904  -40.497  -4.681  65.337 0.3000000119
86907  -54.074  -4.461  66.350 0.1000000015
86940  -49.394  -4.202  58.707 0.2000000030
86964  -53.953  -4.325  55.053 0.2000000030
86998  -45.796  -4.021  50.913 0.3000000119
87003  -54.576  -4.489  51.985 0.3000000119
87570  -33.824  -3.713  80.526 0.1000000015
87575  -31.723  -3.511  79.430 0.1000000015
87578  -29.873  -3.492  78.309 0.1000000015
87579  -30.563  -3.647  78.756 0.1000000015
87580  -31.138  -3.095  78.963 0.1000000015
87582  -28.648  -3.744  77.045 0.1000000015
87583  -29.195  -3.579  77.727 0.1000000015
87588  -28.342  -3.965  76.303 0.1000000015
87679  -36.153  -3.757  67.596 0.1000000015
87690  -42.794  -4.195  66.173 0.1000000015
87742  -51.599  -3.891  56.739 0.3000000119
87763  -53.355  -3.359  54.860 0.2000000030
87764  -53.729  -3.196  54.438 0.2000000030
87810  -47.284  -3.318  50.024 0.3000000119
87816  -53.294  -2.529  50.030 0.4000000060
88343  -34.071  -1.957  81.833 0.1000000015
88361  -29.085  -2.998  77.169 0.1000000015
88367  -29.263  -2.001  76.357 0.1000000015
88393  -29.588  -2.378  74.623 0.1000000015
88403  -31.906  -2.966  73.620 0.1000000015
88516  -49.483  -3.431  57.653 0.2000000030
88563  -53.501  -2.978  53.891 0.4000000060
88574  -53.466  -2.473  52.301 0.4000000060
88575  -53.840  -2.931  52.945 0.4000000060
88598  -46.916  -2.848  49.916 0.3000000119
89139  -31.868  -1.310  80.743 0.1000000015
89158  -29.609  -1.533  77.003 0.1000000015
89159  -30.184  -1.286  77.683 0.1000000015
89208  -30.834  -1.771  73.687 0.1000000015
89211  -33.608  -1.098  73.506 0.1000000015
89268  -38.602  -1.367  65.835 0.3000000119
89361  -52.765  -1.605  51.659 0.4000000060
89383  -53.315  -1.670  50.125 0.4000000060
89939  -29.656  -0.836  76.887 0.1000000015
89952  -29.785  -0.024  75.072 0.1000000015
89965  -29.869  -0.784  74.668 0.1000000015
90047  -36.677  0.102  64.707 0.4000000060
90067  -38.915  0.000  60.633 0.5000000000
90142  -41.472  -0.699  51.508 0.1000000015
90155  -44.414  -0.691  49.748 0.2000000030
90160  -52.757  0.210  49.879 0.6000000238
90165  -45.675  -0.379  49.203 0.3000000119
90748  -31.555  0.890  74.103 0.1000000015
90760  -31.811  0.238  73.634 0.1000000015
90822  -36.911  0.312  65.487 0.3000000119
90836  -38.478  0.532  60.988 0.5000000000
91570  -37.431  1.365  66.351 0.1000000015
91571  -38.001  1.571  67.051 0.1000000015
91670  -46.877  1.593  48.201 0.6000000238
92282  -38.711  2.548  67.318 0.1000000015
92304  -52.966  2.831  63.194 0.6999999881
92327  -52.305  2.582  61.677 0.8000000119
92328  -52.971  2.428  62.027 0.8000000119
92329  -53.159  2.632  62.345 0.6999999881
92340  -53.045  2.580  61.197 0.8000000119
93062  -52.445  3.178  63.833 0.6999999881
93063  -52.685  3.375  64.037 0.6000000238
93064  -53.017  3.391  63.572 0.6999999881
93085  -41.414  3.221  61.770 0.6999999881
93131  -52.218  3.398  59.538 0.6999999881
93159  -52.735  4.026  57.655 0.8000000119
93182  -50.245  4.327  55.861 0.6999999881
93240  -49.722  3.858  47.435 0.6999999881
93242  -51.157  3.959  47.903 0.6999999881
93809  -52.918  4.421  65.340 0.5000000000
93815  -52.567  3.959  64.877 0.6999999881
93880  -53.071  4.661  57.367 0.8000000119
93893  -40.378  4.615  54.892 0.1000000015
93922  -42.914  5.521  51.614 0.5000000000
93964  -48.248  4.642  47.494 0.8000000119
94503  -53.187  5.330  66.024 0.4000000060
94564  -53.312  5.273  58.045 0.8000000119
94570  -52.958  6.153  57.280 0.8000000119
94629  -51.129  6.852  51.620 1.0000000000
95254  -50.991  6.327  57.027 0.8000000119
95282  -52.570  6.721  55.588 1.0000000000
95285  -37.889  7.236  54.511 0.2000000030
95292  -52.493  6.798  54.203 1.0000000000
95296  -38.888  7.388  53.649 0.2000000030
95302  -52.302  6.922  52.823 1.0000000000
95844  -53.230  6.511  66.862 0.3000000119
95927  -37.214  7.536  55.130 0.1000000015
95964  -52.141  8.005  52.852 1.0000000000
95965  -52.348  7.311  53.374 1.0000000000
95981  -52.038  7.888  52.155 1.0000000000
95995  -51.694  7.782  51.769 1.0000000000
96495  -53.306  7.205  66.774 0.3000000119
96544  -47.267  8.559  60.753 0.4000000060
96608  -51.735  8.085  51.867 1.0000000000
97179  -50.535  9.064  69.760 0.1000000015
97187  -52.513  8.086  67.278 0.2000000030
97840  -47.248  10.153  70.334 0.1000000015
97841  -48.156  10.060  70.436 0.1000000015
97842  -48.944  10.085  70.372 0.1000000015
97943  -49.388  11.566  59.590 0.1000000015
98563  -52.169  11.783  63.937 0.1000000015
98595  -52.354  11.458  61.371 0.1000000015
98602  -50.955  11.992  60.080 0.1000000015
98622  -45.579  11.935  57.773 0.3000000119
99182  -47.001  12.682  63.040 0.1000000015
99184  -48.903  12.565  63.089 0.1000000015
99200  -47.637  12.489  62.280 0.1000000015
99220  -51.836  12.226  61.177 0.1000000015
99244  -47.785  12.394  58.881 0.1000000015
99810  -48.468  13.602  64.504 0.1000000015
99838  -45.443  13.057  62.584 0.1000000015
100985  -50.824  15.727  68.520 0.1000000015
121419  -50.426  -9.673  60.973 0.2000000030
122372  -44.945  -10.258  73.357 0.1000000015
124153  -43.993  -3.762  67.023 0.1000000015
124463  -52.155  3.828  57.683 0.6999999881
125798  -26.937  -8.275  73.013 0.1000000015
125892  -46.152  -6.409  54.688 0.1000000015
126298  -47.366  4.215  47.963 0.6000000238
126328  -33.819  -2.523  81.027 0.1000000015
126442  -33.047  1.718  74.266 0.1000000015
126674  -53.128  -4.871  68.122 0.1000000015
127736  -41.453  -11.137  74.914 0.1000000015
127750  -54.394  -9.164  65.105 0.2000000030
128577  -41.524  -3.163  65.651 0.2000000030
128937  -51.762  8.037  53.453 1.0000000000
129523  -48.469  -13.400  66.419 0.1000000015
131268  -28.997  -6.937  77.821 0.1000000015
131523  -54.530  -4.718  54.562 0.2000000030
131617  -32.199  -2.888  79.586 0.1000000015
132873  -42.702  -14.149  73.499 0.1000000015
132947  -53.391  -4.368  55.463 0.2000000030
133109  -29.315  -1.977  75.406 0.1000000015
133187  -37.520  -1.907  63.607 0.6000000238
133232  -32.257  -1.467  73.434 0.1000000015
133248  -28.097  -6.828  76.802 0.1000000015
133794  -54.930  -12.923  56.535 0.3000000119
133811  -32.263  -7.018  68.417 0.1000000015
134831  -54.673  -4.827  69.483 0.1000000015
135067  -45.041  -1.557  55.792 0.6999999881
135599  -42.752  -11.263  77.269 0.1000000015
136155  -29.275  -5.016  78.240 0.1000000015
136271  -28.719  -5.224  77.670 0.1000000015
136474  -50.097  11.493  60.038 0.1000000015
136490  -44.237  -18.141  62.719 0.1000000015
137210  -47.328  -14.093  58.813 0.2000000030
137600  -47.389  -2.493  57.112 0.5000000000
139099  -39.114  7.252  53.265 0.2000000030
139204  -51.583  3.497  59.128 0.6000000238
139676  -53.262  5.250  57.512 0.8999999762
139836  -53.854  -11.977  51.967 0.2000000030
140223  -54.710  -13.128  54.301 0.2000000030
140629  -42.924  -13.029  67.685 0.1000000015
140709  -30.761  0.659  74.438 0.1000000015
141361  -27.769  -5.946  75.585 0.1000000015
141806  -42.319  7.449  51.776 0.5000000000
141886  -48.244  12.449  61.500 0.1000000015
141903  -53.916  -4.211  66.899 0.1000000015
142108  -55.453  -7.660  62.910 0.2000000030
142256  -52.495  10.324  62.851 0.1000000015
142273  -28.497  -5.610  74.292 0.1000000015
142537  -44.006  -12.580  69.282 0.1000000015
142892  -47.565  -12.664  74.718 0.1000000015
143025  -42.214  0.833  57.321 0.8000000119
143111  -50.737  -16.810  80.086 0.1000000015
143156  -43.256  3.522  52.861 0.3000000119
143172  -41.752  -7.772  60.926 0.1000000015
143267  -48.388  4.338  56.799 0.6999999881
143324  -42.146  -4.406  68.177 0.1000000015
143459  -51.013  -14.336  79.282 0.1000000015
143494  -34.109  -4.109  68.419 0.2000000030
143881  -54.251  -9.645  64.095 0.2000000030
143984  -49.594  10.790  69.452 0.1000000015
144181  -42.163  -2.223  65.961 0.1000000015
144214  -32.011  -5.695  79.942 0.1000000015
144261  -47.185  -0.466  48.612 0.3000000119
144409  -48.738  6.479  59.637 0.6999999881
144568  -53.365  4.576  58.574 0.8000000119
145396  -50.290  -5.118  57.269 0.3000000119
145597  -45.327  8.872  63.754 0.2000000030
