#!ascii label  , from subject sub-01 vox2ras=TkReg
2834
30077  -2.646  -66.628  87.824 0.3333329856
31028  -3.389  -66.387  88.232 0.3333329856
131796  -4.325  -66.264  89.373 0.3333329856
31029  -4.087  -65.779  87.773 0.4444440007
134150  -4.699  -65.791  88.520 0.3333329856
31926  -5.564  -65.247  88.524 0.4444440007
31030  -4.869  -65.378  87.813 0.5555559993
31932  -6.739  -64.256  88.594 0.5555559993
135349  -7.460  -63.529  88.133 0.7777780294
134002  -1.407  -64.807  86.582 0.3333329856
31033  -1.731  -65.283  86.840 0.4444440007
31034  -2.249  -65.745  87.166 0.4444440007
31035  -3.060  -65.946  87.597 0.4444440007
129571  -3.480  -65.327  87.352 0.4444440007
31036  -4.443  -65.060  87.344 0.4444440007
31037  -5.331  -64.803  87.547 0.6666669846
31931  -6.172  -64.597  88.038 0.7777780294
31938  -5.920  -64.148  87.237 0.6666669846
32804  -6.786  -63.959  87.825 0.6666669846
32814  -7.310  -63.402  87.457 0.7777780294
32813  -6.541  -63.533  87.107 0.7777780294
32815  -7.910  -63.107  87.899 0.5555559993
33662  -8.356  -62.770  87.509 0.5555559993
32817  -1.277  -63.633  86.388 0.2222220004
31935  -1.883  -64.878  87.050 0.4444440007
31937  -4.817  -64.126  87.136 0.6666669846
32812  -5.636  -63.306  86.915 0.6666669846
33661  -7.823  -62.962  87.063 0.6666669846
32819  -7.121  -63.097  86.810 0.7777780294
33674  -8.425  -62.377  86.698 0.5555559993
126246  -9.303  -61.925  87.050 0.5555559993
141192  -9.935  -61.549  87.456 0.5555559993
34628  -10.421  -61.025  87.360 0.3333329856
33673  -7.517  -62.507  86.391 0.6666669846
34640  -8.939  -61.719  86.070 0.7777780294
35677  -10.148  -60.661  85.869 0.5555559993
35665  -10.866  -60.341  87.213 0.3333329856
35689  -9.436  -60.644  85.387 0.6666669846
136624  -10.462  -60.711  86.632 0.5555559993
36642  -10.930  -60.086  86.248 0.4444440007
36656  -10.520  -60.055  85.540 0.7777780294
36643  -11.351  -59.595  87.149 0.5555559993
32822  -1.503  -63.277  85.636 0.1111110002
31934  -1.467  -64.366  86.787 0.2222220004
32809  -1.885  -64.016  87.098 0.3333329856
32808  -1.606  -63.527  86.870 0.2222220004
131789  -3.714  -64.495  87.261 0.5555559993
139690  -3.916  -63.726  87.334 0.6666669846
32818  -6.383  -63.034  86.704 0.7777780294
33672  -6.660  -62.492  86.381 0.7777780294
135211  -7.019  -61.956  85.978 0.7777780294
34639  -7.938  -61.849  85.759 0.7777780294
34652  -8.678  -61.133  85.484 0.7777780294
35676  -9.443  -61.166  85.797 0.7777780294
36673  -9.368  -60.006  85.041 0.7777780294
37559  -11.851  -58.757  87.302 0.5555559993
35690  -9.985  -60.168  85.237 0.7777780294
36657  -10.970  -59.507  85.446 0.6666669846
37571  -11.571  -59.113  86.210 0.6666669846
37572  -12.158  -58.302  86.538 0.5555559993
36674  -10.358  -59.621  85.025 0.7777780294
37585  -10.687  -58.991  84.749 0.7777780294
37587  -11.891  -58.419  85.770 0.6666669846
33690  -1.501  -62.589  85.650 0.1111110002
33682  -1.326  -62.894  85.824 0.2222220004
33657  -1.772  -62.678  86.973 0.2222220004
32810  -2.874  -63.660  87.362 0.6666669846
134477  -2.128  -62.004  85.159 0.1111110002
33660  -4.484  -63.033  87.147 0.6666669846
33671  -5.884  -62.459  86.630 0.7777780294
34637  -6.254  -61.711  86.416 0.7777780294
144254  -6.746  -61.458  86.189 0.7777780294
34638  -7.176  -61.190  85.961 0.7777780294
34651  -7.918  -61.123  85.516 0.7777780294
35687  -8.182  -60.413  85.313 0.7777780294
144368  -9.851  -59.672  84.898 0.8888890147
37586  -11.401  -58.781  85.210 0.6666669846
38546  -12.389  -57.872  85.847 0.6666669846
37607  -11.051  -58.257  84.482 0.7777780294
38545  -11.807  -57.962  85.031 0.6666669846
146119  -12.468  -57.507  85.184 0.5555559993
33644  -1.993  -62.091  87.475 0.3333329856
126608  -1.532  -62.106  85.658 0.2222220004
33658  -2.234  -62.942  87.276 0.3333329856
32811  -3.565  -63.094  87.464 0.6666669846
34660  -1.796  -61.385  85.432 0.1111110002
140129  -5.172  -62.508  86.936 0.6666669846
34625  -5.334  -61.622  86.956 0.7777780294
35663  -5.362  -60.596  87.447 0.4444440007
35650  -5.379  -59.500  87.899 0.4444440007
34626  -5.855  -61.011  86.805 0.7777780294
35664  -6.005  -60.172  87.061 0.6666669846
135880  -6.471  -60.969  86.462 0.7777780294
35675  -7.422  -60.368  85.783 0.7777780294
36671  -7.734  -59.400  85.657 0.7777780294
36672  -8.657  -59.619  85.109 0.8888890147
37604  -8.919  -58.835  84.942 0.8888890147
37605  -9.533  -58.452  84.585 0.7777780294
37606  -10.315  -58.356  84.417 0.7777780294
38563  -12.125  -57.308  84.349 0.6666669846
36629  -5.625  -58.717  88.036 0.2222220004
37542  -5.832  -58.140  88.500 0.1111110002
36654  -6.414  -59.624  86.883 0.7777780294
37558  -6.553  -57.990  87.296 0.2222220004
37570  -7.170  -58.520  86.443 0.5555559993
38526  -7.671  -57.773  86.198 0.6666669846
37583  -7.796  -58.497  85.851 0.8888890147
38542  -8.121  -58.040  85.654 0.6666669846
37584  -8.297  -58.729  85.347 0.8888890147
132527  -9.924  -57.624  84.331 0.7777780294
38561  -10.727  -57.478  84.098 0.8888890147
38575  -12.052  -56.809  83.756 0.6666669846
39505  -12.689  -56.751  83.975 0.6666669846
39506  -13.421  -56.543  84.319 0.6666669846
39519  -12.336  -56.225  83.479 0.7777780294
39520  -13.152  -56.195  83.562 0.7777780294
40359  -13.923  -56.016  83.888 0.6666669846
38514  -7.402  -56.549  87.312 0.1111110002
38527  -7.704  -56.920  86.549 0.4444440007
38560  -9.257  -57.597  84.653 0.8888890147
39517  -10.898  -56.552  83.768 0.8888890147
40371  -11.140  -55.668  83.622 0.8888890147
40374  -13.564  -55.476  83.233 0.6666669846
40373  -12.679  -55.493  83.152 0.7777780294
40375  -14.393  -55.384  83.561 0.6666669846
123626  -14.989  -54.754  83.149 0.6666669846
39449  -6.891  -56.443  87.925 0.1111110002
127664  -8.142  -55.562  87.061 0.4444440007
125211  -7.958  -56.224  86.875 0.4444440007
39488  -8.501  -56.359  85.708 0.5555559993
38543  -8.163  -57.208  85.746 0.5555559993
40340  -9.393  -55.214  85.223 0.6666669846
39489  -9.071  -56.138  85.124 0.7777780294
40357  -9.718  -55.960  84.542 0.6666669846
40341  -10.071  -55.028  84.565 0.6666669846
40358  -10.416  -55.832  83.985 0.7777780294
41210  -11.429  -54.772  83.447 0.7777780294
41211  -12.189  -54.663  83.029 0.7777780294
41212  -13.066  -54.699  82.801 0.7777780294
41229  -14.426  -54.084  82.526 0.6666669846
144326  -15.211  -54.126  82.617 0.6666669846
42098  -16.521  -54.131  82.899 0.7777780294
41214  -16.837  -54.555  83.625 0.6666669846
41215  -17.750  -54.319  83.697 0.6666669846
39434  -7.152  -55.389  88.603 0.1111110002
40301  -7.595  -54.986  88.381 0.1111110002
139271  -7.811  -55.902  87.365 0.1111110002
125997  -7.883  -55.270  87.654 0.1111110002
40323  -8.322  -55.884  86.422 0.4444440007
40310  -8.276  -54.763  87.301 0.4444440007
40339  -8.761  -55.536  85.804 0.4444440007
41181  -9.024  -54.589  85.999 0.4444440007
41182  -9.853  -54.126  85.434 0.6666669846
41194  -10.543  -54.213  84.590 0.6666669846
41209  -10.729  -54.928  83.936 0.7777780294
42095  -11.758  -53.790  83.272 0.7777780294
41228  -13.572  -54.048  82.547 0.7777780294
42109  -14.033  -53.432  82.412 0.8888890147
128106  -14.939  -53.372  82.306 0.8888890147
42110  -15.829  -53.804  82.520 0.8888890147
42111  -16.571  -53.550  82.453 0.7777780294
42099  -17.218  -53.978  83.025 0.7777780294
46775  -29.799  -48.234  83.569 0.2222220004
126310  -15.788  -53.071  82.010 0.7777780294
42112  -17.432  -53.324  82.416 0.7777780294
42100  -18.068  -53.831  83.034 0.7777780294
43057  -16.626  -52.838  81.929 0.7777780294
47631  -29.251  -48.175  82.916 0.3333329856
46783  -28.657  -48.027  82.173 0.3333329856
47644  -29.066  -47.410  82.207 0.3333329856
47653  -27.486  -47.480  81.339 0.5555559993
40294  -7.207  -54.794  89.351 0.1111110002
41156  -7.764  -54.160  88.933 0.1111110002
41172  -8.811  -54.226  86.874 0.3333329856
41164  -8.510  -53.833  87.653 0.1111110002
41173  -9.435  -53.669  86.405 0.4444440007
144552  -10.964  -53.576  84.655 0.7777780294
41195  -11.062  -54.084  83.892 0.7777780294
42097  -12.915  -53.026  82.806 0.8888890147
42108  -13.383  -53.472  82.579 0.8888890147
47624  -31.514  -47.904  84.375 0.1111110002
43055  -14.337  -52.674  82.303 0.8888890147
43056  -15.137  -52.494  82.033 0.8888890147
47623  -30.994  -48.002  84.077 0.1111110002
43064  -15.979  -52.248  81.791 0.8888890147
47632  -29.904  -47.622  83.104 0.3333329856
47622  -30.455  -48.022  83.799 0.2222220004
43065  -16.916  -52.045  81.652 0.8888890147
145689  -17.884  -52.963  82.142 0.7777780294
48446  -29.579  -47.296  82.485 0.3333329856
47633  -30.520  -47.637  83.409 0.3333329856
43059  -18.234  -52.661  81.733 0.8888890147
47643  -28.284  -47.417  81.726 0.3333329856
124629  -29.109  -46.968  82.020 0.3333329856
48459  -29.690  -46.860  82.149 0.3333329856
48458  -28.614  -46.946  81.755 0.3333329856
48473  -29.151  -46.574  81.919 0.3333329856
48457  -27.791  -46.648  81.437 0.4444440007
49334  -27.910  -45.908  81.345 0.4444440007
49354  -26.684  -45.347  80.697 0.5555559993
48491  -27.222  -45.961  81.082 0.5555559993
47671  -25.443  -46.919  79.117 0.8888890147
48502  -25.862  -46.261  80.107 0.8888890147
41157  -8.310  -53.572  88.518 0.1111110002
41158  -8.986  -52.915  88.140 0.1111110002
42066  -9.787  -52.835  86.835 0.4444440007
42071  -10.122  -53.005  86.095 0.4444440007
42072  -10.914  -52.480  85.966 0.3333329856
42078  -10.640  -53.376  85.296 0.4444440007
43014  -11.531  -52.047  85.666 0.3333329856
42087  -11.360  -53.258  84.144 0.7777780294
42088  -11.941  -52.889  83.788 0.7777780294
42096  -12.350  -53.218  83.158 0.7777780294
43047  -13.167  -52.246  83.120 0.7777780294
44041  -13.821  -52.025  82.668 0.8888890147
44042  -14.557  -51.843  82.240 0.7777780294
44043  -15.404  -51.623  81.950 0.8888890147
47634  -31.121  -47.581  83.661 0.1111110002
42122  -18.918  -53.025  81.812 0.6666669846
48447  -30.021  -47.279  82.847 0.3333329856
48448  -30.589  -47.228  83.075 0.2222220004
44053  -17.318  -51.353  81.160 0.8888890147
43066  -17.692  -52.086  81.397 0.8888890147
140277  -18.281  -52.187  81.100 0.8888890147
133649  -19.632  -52.852  80.639 0.8888890147
42132  -20.294  -53.387  80.553 0.6666669846
42133  -21.041  -53.828  80.035 0.7777780294
48460  -30.127  -46.901  82.577 0.2222220004
42131  -19.913  -52.778  79.870 0.8888890147
42150  -21.542  -53.381  78.314 0.6666669846
49322  -29.790  -46.566  82.053 0.2222220004
42163  -21.909  -52.903  77.678 0.8888890147
43097  -23.627  -52.772  78.005 0.8888890147
48472  -28.530  -46.509  81.636 0.3333329856
44092  -22.073  -51.506  76.880 0.8888890147
133343  -22.775  -51.615  77.009 0.8888890147
45980  -23.921  -49.415  76.789 0.7777780294
136435  -27.339  -45.346  80.932 0.5555559993
46844  -24.390  -48.612  77.117 0.8888890147
47680  -24.397  -47.325  78.121 0.8888890147
47681  -25.209  -47.433  78.240 0.8888890147
48511  -24.850  -46.873  78.710 0.8888890147
48489  -25.712  -45.275  80.337 0.8888890147
48509  -23.537  -46.590  79.142 0.8888890147
48510  -24.233  -46.628  78.906 0.8888890147
49353  -24.437  -45.051  79.964 0.8888890147
42053  -9.771  -52.205  88.850 0.1111110002
42080  -11.691  -52.484  84.731 0.3333329856
43038  -12.130  -52.040  84.314 0.5555559993
43046  -12.515  -52.498  83.514 0.6666669846
44028  -14.019  -51.172  82.715 0.7777780294
138032  -15.648  -50.627  81.952 0.7777780294
44052  -16.426  -51.207  81.634 0.7777780294
45005  -16.373  -50.140  81.461 0.8888890147
48461  -30.731  -46.820  82.662 0.2222220004
48450  -32.732  -47.097  83.069 0.1111110002
43074  -17.969  -51.623  80.748 0.8888890147
43067  -18.940  -52.600  81.071 0.8888890147
43076  -19.229  -52.349  80.166 0.8888890147
42144  -21.257  -53.682  79.110 0.7777780294
49323  -30.600  -46.397  81.995 0.2222220004
48462  -32.357  -46.686  82.380 0.2222220004
44061  -18.211  -51.299  79.977 0.8888890147
43086  -18.817  -51.724  79.630 0.8888890147
43087  -19.508  -52.174  79.364 0.8888890147
43088  -20.154  -52.657  78.993 0.8888890147
42149  -20.801  -53.076  78.591 0.8888890147
43103  -21.563  -52.118  77.253 0.8888890147
43104  -22.367  -52.248  77.262 0.8888890147
47661  -23.125  -47.575  80.237 0.6666669846
48456  -22.907  -46.126  82.357 0.3333329856
50234  -22.927  -44.050  82.774 0.3333329856
52321  -23.373  -42.300  82.237 0.4444440007
49335  -28.699  -45.957  81.515 0.3333329856
49336  -29.510  -46.067  81.602 0.2222220004
145686  -30.142  -46.155  81.586 0.2222220004
138733  -22.649  -50.889  76.741 0.8888890147
45979  -23.066  -49.463  76.789 0.7777780294
46843  -23.583  -48.718  76.987 0.7777780294
47670  -23.086  -47.127  79.352 0.7777780294
49321  -22.538  -45.421  82.028 0.3333329856
139108  -22.567  -44.076  81.341 0.6666669846
51323  -22.934  -42.858  80.743 0.6666669846
50286  -24.235  -43.719  79.815 0.8888890147
50287  -25.231  -44.117  79.854 0.8888890147
49356  -28.263  -45.379  80.876 0.4444440007
132297  -30.071  -45.739  80.984 0.2222220004
45053  -22.303  -50.119  76.729 0.8888890147
47679  -23.646  -47.036  78.598 0.7777780294
48499  -23.102  -46.421  79.582 0.8888890147
49351  -22.775  -45.256  80.593 0.7777780294
50269  -23.009  -44.376  80.507 0.8888890147
50270  -23.852  -44.279  80.053 0.8888890147
50271  -25.041  -44.506  79.983 0.8888890147
50273  -26.802  -44.867  80.521 0.8888890147
49355  -27.543  -44.923  80.409 0.5555559993
49357  -29.257  -45.569  80.935 0.4444440007
48488  -22.927  -45.896  80.024 0.8888890147
48500  -23.761  -45.934  79.565 0.8888890147
49352  -23.408  -45.131  80.127 0.8888890147
134996  -28.289  -45.044  79.979 0.5555559993
44013  -13.073  -51.022  84.538 0.5555559993
44957  -13.590  -50.546  84.231 0.4444440007
138590  -13.830  -50.653  83.390 0.5555559993
44972  -14.152  -49.885  83.795 0.5555559993
44988  -14.325  -50.398  82.863 0.6666669846
47609  -24.403  -47.038  86.074 0.1111110002
44989  -15.041  -50.087  82.438 0.7777780294
45004  -15.729  -49.523  81.918 0.7777780294
47621  -24.231  -47.497  85.128 0.1111110002
45021  -23.181  -49.725  80.815 0.4444440007
45892  -23.511  -49.182  82.172 0.3333329856
46781  -23.839  -48.549  82.427 0.2222220004
46782  -23.892  -48.280  83.199 0.2222220004
143109  -24.236  -46.237  85.152 0.1111110002
141513  -32.813  -46.493  81.971 0.1111110002
45006  -17.104  -50.464  80.986 0.8888890147
44060  -17.679  -50.839  80.412 0.8888890147
45907  -23.472  -49.360  81.168 0.3333329856
47642  -23.847  -47.825  82.733 0.2222220004
48437  -24.083  -46.476  84.676 0.2222220004
48475  -32.378  -46.378  81.735 0.2222220004
44069  -18.472  -50.897  79.155 0.8888890147
43094  -19.829  -51.960  78.655 0.8888890147
44080  -20.185  -51.525  77.978 0.8888890147
43102  -20.807  -51.830  77.466 0.8888890147
45927  -23.197  -49.235  80.297 0.4444440007
46807  -23.373  -48.611  80.652 0.4444440007
47629  -23.601  -47.002  82.738 0.4444440007
53342  -25.896  -41.604  80.999 0.2222220004
49338  -31.664  -46.122  81.304 0.2222220004
47651  -23.311  -47.750  81.194 0.5555559993
48471  -23.128  -46.904  81.784 0.4444440007
53355  -25.373  -41.551  80.156 0.5555559993
53354  -24.525  -41.605  80.534 0.5555559993
49358  -30.695  -45.599  80.291 0.2222220004
49337  -30.766  -45.938  81.126 0.2222220004
45052  -21.405  -50.412  76.934 0.8888890147
123773  -23.083  -48.158  78.488 0.7777780294
52360  -24.214  -42.131  79.575 0.6666669846
51330  -24.016  -42.743  79.650 0.7777780294
51331  -24.520  -43.212  79.225 0.8888890147
50288  -26.139  -44.432  79.964 0.8888890147
122764  -29.910  -45.452  80.157 0.2222220004
45978  -22.358  -49.492  76.963 0.7777780294
50299  -25.423  -43.778  78.949 0.7777780294
50289  -27.014  -44.584  79.887 0.8888890147
50290  -27.824  -44.834  79.441 0.5555559993
49369  -29.050  -45.317  80.023 0.4444440007
44944  -13.400  -50.453  85.147 0.4444440007
45887  -14.621  -49.681  83.034 0.5555559993
45888  -15.110  -49.176  82.630 0.5555559993
44994  -23.524  -49.130  82.968 0.1111110002
45880  -23.845  -48.593  84.508 0.1111110002
132321  -23.758  -48.597  83.670 0.2222220004
45020  -22.846  -49.996  80.898 0.3333329856
45893  -23.694  -48.975  82.982 0.2222220004
49324  -33.860  -45.986  81.775 0.1111110002
45017  -16.963  -49.690  80.906 0.7777780294
49339  -32.695  -46.056  81.105 0.2222220004
48476  -33.113  -46.279  81.615 0.1111110002
44068  -17.986  -50.543  79.723 0.8888890147
44078  -19.005  -50.873  78.659 0.8888890147
44079  -19.569  -51.225  78.413 0.8888890147
45043  -20.080  -50.094  77.910 0.8888890147
44091  -20.611  -50.769  77.391 0.8888890147
46820  -22.946  -48.966  79.305 0.6666669846
137667  -25.237  -41.691  79.291 0.4444440007
49370  -30.518  -45.482  79.421 0.2222220004
49359  -31.483  -45.725  80.440 0.2222220004
49360  -32.355  -45.793  80.503 0.1111110002
45977  -21.643  -49.785  77.124 0.7777780294
46819  -22.660  -48.712  78.186 0.7777780294
52370  -25.156  -42.398  78.301 0.6666669846
51338  -24.613  -42.468  79.014 0.7777780294
122937  -29.700  -45.362  79.233 0.5555559993
49371  -31.312  -45.545  79.599 0.2222220004
51339  -25.009  -42.938  78.324 0.7777780294
50300  -25.982  -44.126  77.749 0.8888890147
50301  -27.943  -44.825  78.446 0.7777780294
122136  -28.734  -45.091  79.022 0.5555559993
49383  -30.303  -45.406  78.552 0.5555559993
50320  -27.876  -44.790  77.496 0.8888890147
46769  -14.912  -48.401  84.420 0.3333329856
45876  -14.796  -48.890  83.581 0.5555559993
46777  -15.484  -48.353  82.952 0.4444440007
132248  -21.912  -49.727  82.296 0.2222220004
44993  -23.034  -49.390  82.500 0.1111110002
44977  -23.386  -49.111  83.945 0.1111110002
46778  -16.169  -48.067  82.456 0.3333329856
45009  -22.413  -49.767  81.717 0.2222220004
144991  -22.718  -49.531  82.018 0.2222220004
46789  -16.220  -48.654  81.771 0.5555559993
46803  -16.907  -48.598  81.264 0.5555559993
45906  -21.492  -49.854  80.694 0.3333329856
45019  -22.241  -50.013  81.049 0.3333329856
45903  -16.513  -49.243  81.296 0.7777780294
45921  -17.831  -48.905  80.060 0.6666669846
45925  -22.213  -49.719  80.115 0.5555559993
45018  -17.617  -49.753  80.125 0.7777780294
45943  -18.158  -49.248  79.585 0.8888890147
45944  -18.792  -49.171  79.068 0.8888890147
45947  -21.672  -49.478  78.814 0.7777780294
45926  -22.914  -49.588  80.171 0.6666669846
53378  -27.612  -41.300  78.504 0.4444440007
45042  -19.456  -50.428  78.335 0.8888890147
45962  -20.234  -49.651  78.190 0.7777780294
45963  -21.121  -49.590  77.826 0.7777780294
45964  -22.049  -49.235  77.766 0.7777780294
45948  -22.440  -49.279  79.138 0.6666669846
53400  -26.583  -41.541  77.995 0.4444440007
144439  -27.702  -41.390  79.336 0.4444440007
45976  -20.835  -49.993  77.464 0.7777780294
53418  -26.788  -41.546  77.159 0.5555559993
49372  -32.140  -45.549  79.762 0.2222220004
49373  -32.936  -45.433  79.984 0.1111110002
53437  -26.430  -41.561  76.407 0.6666669846
52378  -26.064  -42.286  76.639 0.6666669846
51361  -25.772  -43.167  76.460 0.7777780294
51351  -25.477  -42.962  77.329 0.7777780294
49381  -28.709  -44.998  77.991 0.7777780294
49382  -29.493  -45.271  78.323 0.5555559993
49384  -31.097  -45.405  78.780 0.2222220004
52395  -25.993  -42.843  75.024 0.7777780294
52386  -25.858  -42.782  75.823 0.7777780294
51362  -25.946  -43.535  76.067 0.7777780294
51352  -25.914  -43.722  76.815 0.8888890147
50336  -27.972  -44.788  76.574 0.8888890147
49395  -28.758  -44.919  77.178 0.8888890147
49397  -30.041  -45.260  77.739 0.7777780294
49398  -30.846  -45.224  77.984 0.5555559993
50334  -26.365  -44.079  75.971 0.8888890147
49412  -28.934  -44.828  76.426 0.8888890147
49413  -29.658  -44.927  76.985 0.7777780294
50321  -30.568  -44.917  77.223 0.6666669846
46770  -15.574  -47.894  83.950 0.2222220004
46771  -16.647  -47.355  83.910 0.2222220004
46772  -17.722  -47.337  83.840 0.2222220004
135992  -16.118  -47.716  83.187 0.2222220004
46779  -17.005  -47.470  82.873 0.2222220004
45007  -20.957  -49.936  82.070 0.1111110002
46790  -16.860  -47.973  81.918 0.3333329856
46780  -17.792  -47.628  82.140 0.3333329856
46791  -18.141  -48.119  81.223 0.4444440007
46792  -18.948  -48.334  80.939 0.2222220004
45904  -19.830  -48.957  80.724 0.2222220004
45905  -20.809  -49.776  81.248 0.2222220004
45008  -21.625  -49.945  81.683 0.1111110002
140215  -17.430  -48.181  81.449 0.4444440007
46805  -18.443  -48.573  80.271 0.4444440007
46806  -19.147  -48.578  80.104 0.2222220004
139727  -20.627  -49.393  80.261 0.2222220004
46804  -17.621  -48.577  80.772 0.6666669846
45923  -19.845  -48.943  79.526 0.4444440007
45924  -21.118  -49.529  79.593 0.5555559993
54344  -28.562  -40.311  79.089 0.2222220004
53404  -28.766  -40.401  79.837 0.2222220004
45922  -18.439  -48.874  79.655 0.5555559993
45945  -19.548  -49.151  78.881 0.6666669846
45946  -20.491  -49.401  78.649 0.6666669846
53421  -28.160  -40.690  78.402 0.2222220004
53402  -28.106  -40.972  78.336 0.3333329856
45961  -19.484  -49.637  78.518 0.7777780294
53439  -27.629  -40.837  77.502 0.3333329856
53401  -27.596  -41.139  77.741 0.3333329856
53438  -27.142  -41.036  76.997 0.5555559993
54367  -26.710  -40.967  76.367 0.6666669846
50303  -32.368  -44.778  78.504 0.2222220004
53448  -26.238  -41.409  75.536 0.7777780294
125566  -26.103  -43.582  75.414 0.7777780294
50339  -31.173  -44.384  76.741 0.6666669846
50302  -31.619  -45.034  78.261 0.3333329856
121452  -26.052  -42.040  74.697 0.7777780294
52402  -26.367  -42.757  74.272 0.7777780294
50348  -26.650  -44.179  75.142 0.8888890147
135030  -28.350  -44.707  75.790 0.8888890147
50337  -29.218  -44.621  75.746 0.8888890147
50338  -30.322  -44.620  76.483 0.7777780294
50322  -31.363  -44.766  77.533 0.6666669846
53460  -26.205  -41.692  73.907 0.7777780294
144023  -26.765  -42.929  73.737 0.8888890147
51384  -28.347  -43.969  73.997 0.8888890147
55351  -29.336  -39.539  79.525 0.2222220004
123331  -28.963  -39.044  79.015 0.2222220004
55350  -28.896  -39.653  78.889 0.2222220004
141458  -28.854  -39.944  79.105 0.2222220004
55361  -27.938  -39.950  77.890 0.4444440007
54355  -27.700  -40.483  77.517 0.4444440007
56330  -26.570  -39.031  76.710 0.7777780294
55369  -26.922  -39.884  76.626 0.5555559993
132421  -26.735  -40.369  76.349 0.6666669846
55379  -26.083  -39.485  75.292 0.7777780294
120849  -26.135  -41.141  74.647 0.6666669846
123228  -26.169  -40.915  73.694 0.7777780294
50351  -29.489  -44.251  75.159 0.8888890147
50352  -30.069  -44.291  75.717 0.8888890147
55390  -25.791  -39.123  74.510 0.7777780294
54392  -26.027  -40.148  74.403 0.8888890147
52414  -26.649  -42.352  73.534 0.7777780294
51402  -28.206  -43.382  73.397 1.0000000000
142280  -28.967  -43.589  73.690 0.8888890147
51387  -30.966  -43.292  74.857 0.8888890147
56345  -25.579  -38.225  74.633 1.0000000000
54411  -26.208  -40.219  73.496 0.8888890147
144160  -26.429  -40.729  73.251 0.8888890147
135076  -27.852  -42.771  72.958 1.0000000000
52416  -28.670  -42.706  73.079 1.0000000000
51386  -30.612  -43.019  74.245 0.8888890147
53462  -31.543  -41.498  74.397 1.0000000000
53449  -32.125  -41.602  75.057 0.8888890147
55406  -26.304  -39.599  73.217 1.0000000000
53485  -27.494  -41.440  72.607 1.0000000000
53486  -28.282  -41.378  72.613 1.0000000000
53477  -29.602  -41.212  73.174 1.0000000000
53461  -30.943  -41.076  73.949 1.0000000000
55421  -26.845  -39.708  72.800 1.0000000000
54432  -28.049  -40.596  72.580 1.0000000000
54433  -28.897  -40.776  72.836 1.0000000000
54413  -30.255  -40.583  73.669 1.0000000000
55423  -28.772  -39.540  72.953 1.0000000000
55408  -29.519  -38.713  73.869 1.0000000000
56319  -29.642  -39.040  79.468 0.2222220004
56308  -29.822  -38.362  79.854 0.3333329856
55349  -28.393  -39.319  78.459 0.5555559993
56318  -29.278  -38.331  79.377 0.3333329856
57244  -29.556  -37.565  79.879 0.3333329856
146045  -27.890  -38.493  78.437 0.5555559993
56322  -26.957  -38.653  77.381 0.6666669846
138303  -26.515  -38.371  77.020 0.8888890147
56329  -26.101  -38.128  76.566 0.8888890147
56337  -25.723  -38.193  75.493 0.7777780294
52397  -32.813  -41.504  75.799 0.8888890147
56360  -25.694  -38.632  73.837 1.0000000000
135964  -25.988  -38.931  73.436 1.0000000000
54394  -31.484  -40.451  74.621 0.8888890147
54382  -32.542  -40.342  75.533 0.8888890147
56373  -26.490  -38.789  72.970 1.0000000000
55422  -27.690  -39.717  72.677 1.0000000000
55409  -30.114  -39.306  74.181 1.0000000000
54393  -30.820  -39.906  74.450 1.0000000000
55393  -31.473  -39.051  75.386 0.8888890147
55380  -32.272  -38.952  76.058 0.7777780294
127240  -26.522  -37.905  72.904 1.0000000000
131553  -27.349  -38.930  72.736 1.0000000000
126141  -28.216  -38.747  72.859 1.0000000000
55407  -29.035  -38.182  73.516 1.0000000000
55392  -30.692  -38.546  75.039 1.0000000000
140394  -31.241  -37.846  75.657 1.0000000000
55381  -32.793  -38.235  76.337 0.7777780294
55391  -30.047  -37.976  74.839 1.0000000000
56346  -30.403  -37.154  74.729 1.0000000000
56347  -30.813  -37.435  75.238 1.0000000000
56316  -27.198  -38.083  78.137 0.7777780294
57242  -27.863  -37.581  78.757 0.5555559993
57248  -27.076  -37.034  78.288 0.5555559993
57254  -26.172  -37.193  76.630 0.7777780294
56328  -25.816  -37.571  75.866 0.8888890147
131448  -25.571  -37.648  75.148 1.0000000000
57266  -25.494  -37.297  74.444 1.0000000000
57278  -25.689  -37.257  73.655 1.0000000000
57288  -27.079  -37.233  72.674 1.0000000000
56374  -27.365  -38.040  72.787 1.0000000000
56348  -31.560  -37.139  75.555 1.0000000000
56349  -32.313  -37.139  75.600 1.0000000000
58125  -26.719  -36.449  72.791 1.0000000000
57289  -28.078  -37.130  72.738 1.0000000000
57290  -28.985  -36.936  73.264 1.0000000000
57280  -30.089  -36.929  74.100 1.0000000000
57267  -31.159  -36.912  74.904 1.0000000000
56350  -33.037  -37.606  75.368 0.6666669846
58979  -27.224  -35.688  72.547 1.0000000000
58126  -27.694  -36.457  72.542 1.0000000000
57291  -29.577  -36.779  73.328 1.0000000000
57282  -31.261  -36.923  74.337 1.0000000000
138083  -31.928  -37.175  74.273 1.0000000000
129623  -32.448  -38.123  73.568 1.0000000000
56376  -30.636  -36.961  73.194 1.0000000000
56364  -31.642  -37.783  73.034 1.0000000000
144935  -27.672  -36.853  78.795 0.3333329856
129414  -26.550  -36.669  77.381 0.7777780294
58069  -26.999  -36.014  78.064 0.4444440007
58078  -26.340  -36.296  76.548 0.6666669846
58068  -26.713  -35.757  77.203 0.5555559993
58087  -25.955  -36.704  75.875 0.8888890147
146240  -27.186  -35.298  77.719 0.5555559993
57260  -25.604  -36.977  75.214 1.0000000000
134503  -26.187  -35.994  75.860 0.8888890147
58939  -25.763  -36.129  75.145 0.8888890147
58111  -25.977  -36.416  73.426 1.0000000000
138437  -25.801  -35.562  73.830 0.8888890147
58978  -26.416  -35.580  73.090 1.0000000000
58965  -26.943  -34.723  72.696 0.7777780294
55394  -33.832  -38.700  74.772 0.5555559993
142004  -28.642  -36.303  72.430 1.0000000000
57304  -29.545  -36.583  72.657 1.0000000000
56366  -33.152  -38.338  74.134 0.7777780294
55395  -34.460  -39.481  74.615 0.4444440007
58145  -29.013  -36.088  71.796 0.8888890147
55410  -33.067  -39.111  72.908 0.7777780294
55411  -33.742  -39.395  73.421 0.5555559993
120760  -35.079  -40.300  73.392 0.4444440007
121153  -35.918  -40.578  73.242 0.3333329856
56388  -30.443  -37.499  71.540 1.0000000000
56389  -31.129  -38.197  71.750 1.0000000000
143869  -31.754  -38.765  71.819 1.0000000000
55424  -32.820  -39.855  71.917 0.7777780294
54434  -33.603  -39.968  72.391 0.7777780294
54436  -35.393  -40.535  72.573 0.6666669846
54437  -36.267  -40.625  72.447 0.4444440007
121422  -36.772  -40.680  73.123 0.3333329856
55437  -32.149  -39.559  71.401 0.8888890147
54450  -33.433  -40.417  71.474 0.7777780294
121379  -34.822  -40.620  71.874 0.7777780294
58929  -26.567  -35.409  76.307 0.5555559993
58919  -27.091  -35.019  77.009 0.5555559993
58940  -26.154  -35.383  75.435 0.5555559993
58951  -25.630  -35.994  74.334 0.8888890147
59879  -26.249  -34.663  74.968 0.7777780294
59896  -26.064  -34.693  74.062 0.6666669846
59880  -26.591  -33.970  74.446 0.6666669846
123926  -26.290  -34.890  73.433 0.7777780294
59897  -26.639  -34.153  73.480 0.6666669846
59912  -27.720  -34.378  72.178 0.8888890147
59931  -28.441  -34.308  71.692 0.8888890147
58995  -28.855  -35.145  71.429 0.8888890147
58146  -29.553  -36.396  71.419 1.0000000000
59932  -29.166  -34.139  71.248 0.8888890147
59008  -29.422  -35.725  71.080 1.0000000000
55436  -31.538  -39.158  71.003 1.0000000000
54438  -37.126  -40.653  72.355 0.3333329856
58159  -29.873  -36.220  70.748 1.0000000000
59026  -30.464  -36.263  70.299 1.0000000000
57319  -30.773  -37.802  70.327 1.0000000000
55454  -32.117  -39.739  70.556 1.0000000000
132999  -33.483  -40.529  70.422 0.8888890147
54472  -35.077  -40.780  71.001 0.6666669846
121232  -36.573  -40.683  71.637 0.6666669846
55466  -31.644  -39.245  70.157 1.0000000000
55455  -32.755  -40.095  70.196 1.0000000000
141649  -33.974  -40.518  69.665 1.0000000000
125745  -35.339  -40.798  70.155 0.7777780294
146007  -27.832  -34.619  78.350 0.2222220004
127715  -27.298  -34.382  77.010 0.4444440007
59852  -27.895  -34.012  78.011 0.4444440007
59859  -26.884  -34.573  76.399 0.5555559993
60821  -27.613  -33.880  77.270 0.4444440007
60831  -27.235  -33.855  76.511 0.4444440007
60832  -27.671  -33.034  76.649 0.4444440007
59867  -26.760  -34.001  75.582 0.5555559993
60847  -27.215  -33.381  74.949 0.5555559993
60863  -27.161  -33.396  73.861 0.5555559993
60864  -27.736  -32.775  74.469 0.5555559993
60881  -27.416  -33.703  72.835 0.5555559993
133264  -28.141  -33.184  72.797 0.5555559993
133577  -28.154  -33.648  72.192 0.6666669846
60902  -29.220  -32.877  71.944 0.5555559993
60917  -28.843  -33.508  71.730 0.6666669846
60918  -29.658  -33.269  71.329 0.6666669846
59933  -29.817  -34.020  70.806 0.5555559993
59949  -29.591  -34.838  70.847 0.8888890147
59009  -30.065  -35.545  70.539 0.8888890147
58169  -31.496  -36.642  69.511 1.0000000000
57330  -31.249  -37.717  69.619 1.0000000000
143942  -31.921  -38.560  69.165 1.0000000000
55479  -32.753  -39.462  68.970 1.0000000000
54501  -34.978  -40.306  68.817 1.0000000000
54488  -35.611  -40.588  69.376 1.0000000000
54502  -35.901  -40.242  68.725 1.0000000000
60822  -28.040  -33.237  77.626 0.3333329856
61820  -29.020  -31.876  77.553 0.2222220004
61847  -28.199  -32.199  76.151 0.3333329856
61832  -28.325  -32.404  77.168 0.3333329856
61867  -28.319  -32.211  75.068 0.3333329856
62725  -29.725  -31.292  77.133 0.3333329856
60882  -27.893  -32.967  73.499 0.5555559993
61834  -29.718  -31.201  76.253 0.3333329856
61849  -29.908  -31.202  75.234 0.3333329856
61908  -28.584  -32.579  73.141 0.5555559993
61869  -29.906  -31.529  74.195 0.3333329856
61909  -29.360  -32.297  72.606 0.5555559993
61888  -30.058  -31.666  73.199 0.3333329856
61924  -29.795  -32.580  71.899 0.5555559993
60919  -30.508  -33.550  70.799 0.5555559993
59951  -31.359  -34.770  70.171 0.7777780294
140085  -31.489  -35.453  69.924 1.0000000000
59028  -31.954  -35.896  69.517 1.0000000000
57342  -32.596  -37.596  68.572 1.0000000000
130771  -33.904  -39.304  68.288 1.0000000000
55481  -34.398  -39.793  68.508 1.0000000000
133238  -33.209  -38.201  68.259 1.0000000000
56427  -33.854  -38.641  68.057 1.0000000000
56429  -35.669  -38.996  67.945 1.0000000000
55483  -36.238  -39.682  68.259 1.0000000000
55484  -37.143  -39.574  68.233 1.0000000000
61799  -33.422  -31.452  79.867 0.1111110002
137084  -33.905  -31.731  80.766 0.1111110002
61767  -34.713  -31.873  81.200 0.1111110002
61809  -29.779  -31.374  77.925 0.3333329856
129952  -30.724  -31.111  78.251 0.2222220004
62727  -31.737  -31.032  77.722 0.1111110002
62719  -32.532  -31.137  78.295 0.1111110002
61821  -33.345  -31.218  78.039 0.1111110002
61811  -33.867  -31.394  78.769 0.1111110002
62726  -30.643  -31.084  77.477 0.3333329856
126863  -31.363  -30.997  77.041 0.2222220004
62728  -32.792  -31.147  77.482 0.1111110002
135161  -33.587  -31.338  77.208 0.2222220004
138209  -30.534  -31.019  75.994 0.3333329856
62753  -30.980  -31.102  75.387 0.2222220004
62738  -31.474  -31.092  76.272 0.2222220004
62739  -32.460  -31.347  76.166 0.1111110002
62771  -31.425  -31.294  74.638 0.2222220004
62770  -30.785  -31.413  73.888 0.2222220004
61889  -31.091  -31.617  72.872 0.2222220004
61927  -32.426  -32.439  71.901 0.2222220004
133432  -31.091  -32.167  72.094 0.3333329856
61925  -30.614  -32.695  71.493 0.4444440007
60936  -31.325  -33.988  70.481 0.4444440007
137311  -31.962  -34.293  70.301 0.5555559993
59970  -32.174  -34.922  69.936 0.7777780294
58181  -32.833  -36.743  68.619 0.8888890147
57343  -33.484  -37.162  68.183 1.0000000000
56444  -34.452  -38.121  67.758 1.0000000000
57344  -34.299  -37.312  67.804 1.0000000000
131917  -35.851  -37.636  67.478 0.8888890147
56446  -36.558  -37.880  67.483 0.8888890147
56431  -38.005  -38.434  67.862 1.0000000000
56447  -37.929  -37.589  67.485 0.8888890147
56448  -38.708  -37.913  67.805 0.8888890147
57345  -40.246  -37.602  68.125 0.7777780294
145560  -34.064  -31.460  79.764 0.1111110002
126032  -34.599  -31.500  79.127 0.2222220004
61823  -34.694  -31.620  77.089 0.2222220004
61835  -33.079  -31.324  76.720 0.2222220004
61836  -33.930  -31.579  76.398 0.2222220004
62755  -32.687  -31.524  75.498 0.2222220004
61850  -33.268  -31.561  75.958 0.2222220004
61851  -34.024  -31.874  75.572 0.2222220004
62772  -32.472  -31.498  74.637 0.2222220004
61890  -32.670  -31.689  73.601 0.2222220004
120834  -33.451  -31.822  74.209 0.2222220004
60921  -32.518  -33.059  71.296 0.3333329856
59952  -32.724  -34.202  70.351 0.5555559993
136591  -32.656  -35.350  69.533 0.7777780294
59043  -32.698  -36.030  69.044 0.7777780294
58182  -33.519  -36.036  68.590 0.8888890147
58183  -34.196  -36.529  68.013 0.8888890147
58196  -34.783  -36.794  67.686 0.8888890147
57357  -36.463  -37.048  67.304 0.8888890147
57358  -37.776  -36.867  67.236 0.8888890147
58201  -39.284  -36.456  67.429 0.8888890147
58184  -40.646  -36.767  68.070 0.8888890147
58202  -40.124  -36.183  67.650 0.8888890147
59046  -41.875  -35.829  68.131 0.8888890147
139766  -33.414  -32.074  73.373 0.2222220004
61871  -34.147  -32.156  74.724 0.2222220004
61891  -34.212  -32.439  73.723 0.2222220004
60883  -34.511  -33.115  73.040 0.3333329856
60905  -34.817  -33.840  72.598 0.3333329856
61913  -33.744  -32.583  72.771 0.3333329856
135944  -33.396  -33.266  71.452 0.3333329856
60922  -33.951  -33.726  71.265 0.3333329856
59934  -34.626  -34.424  71.246 0.4444440007
60938  -33.121  -33.661  70.908 0.3333329856
59954  -33.929  -34.711  69.895 0.4444440007
59029  -33.316  -35.278  69.301 0.5555559993
59030  -33.999  -35.048  69.157 0.4444440007
58197  -35.446  -36.554  67.482 0.8888890147
58198  -36.180  -36.342  67.261 0.7777780294
58199  -37.098  -36.383  67.147 0.8888890147
58200  -38.080  -36.189  67.093 0.8888890147
59065  -42.060  -35.223  67.911 0.8888890147
59061  -38.204  -35.358  67.047 0.8888890147
132224  -39.837  -34.860  67.193 0.8888890147
59064  -41.269  -35.307  67.745 0.8888890147
129125  -39.212  -34.123  67.062 0.8888890147
140850  -34.454  -34.622  70.566 0.4444440007
59011  -34.964  -34.955  71.047 0.3333329856
120830  -34.604  -34.739  70.164 0.3333329856
59031  -34.698  -34.810  69.124 0.6666669846
59044  -34.324  -35.636  68.415 0.6666669846
59045  -35.072  -35.262  68.049 0.7777780294
59058  -35.685  -35.756  67.467 0.7777780294
59059  -36.552  -35.583  67.212 0.8888890147
59986  -42.580  -34.723  67.851 0.8888890147
59994  -38.287  -34.560  67.093 0.8888890147
130053  -40.191  -34.120  67.254 0.8888890147
59997  -41.617  -34.646  67.671 0.8888890147
60968  -39.067  -33.207  67.200 0.8888890147
60969  -39.934  -33.414  67.265 0.8888890147
62851  -38.995  -31.690  67.369 0.8888890147
125022  -38.773  -30.147  67.555 0.8888890147
64664  -38.670  -29.277  67.668 0.8888890147
65634  -38.629  -28.278  67.673 0.8888890147
67506  -39.868  -26.961  66.918 0.8888890147
66586  -41.167  -27.181  66.533 0.8888890147
59972  -35.455  -34.560  68.396 0.6666669846
59984  -36.016  -34.836  67.589 0.6666669846
125059  -36.954  -34.852  67.267 0.8888890147
59993  -37.506  -34.262  67.311 0.8888890147
60966  -37.261  -33.477  67.603 0.8888890147
129051  -38.196  -33.606  67.273 0.8888890147
60967  -37.699  -32.758  67.540 0.8888890147
61963  -38.204  -32.048  67.442 0.8888890147
62850  -38.370  -31.349  67.466 0.8888890147
62849  -37.713  -31.294  67.646 0.8888890147
63733  -38.144  -30.710  67.559 0.8888890147
64663  -37.962  -29.903  67.744 0.8888890147
65633  -37.837  -28.951  67.936 0.8888890147
65618  -37.745  -27.974  68.004 0.8888890147
133012  -38.305  -27.500  67.716 0.8888890147
66575  -38.568  -26.773  67.579 0.8888890147
67505  -39.319  -26.261  67.110 0.8888890147
120640  -40.871  -26.366  66.322 0.8888890147
67512  -41.613  -27.074  66.063 0.8888890147
138282  -42.043  -26.737  65.569 0.7777780294
66596  -42.336  -27.582  65.840 0.7777780294
66588  -42.929  -28.232  65.955 0.6666669846
141997  -43.232  -28.599  66.625 0.6666669846
59985  -36.160  -34.079  68.010 0.5555559993
60965  -36.726  -33.419  67.939 0.6666669846
61962  -37.041  -32.655  67.906 0.8888890147
131932  -37.368  -31.946  67.783 0.8888890147
62837  -37.051  -31.152  68.025 0.8888890147
63732  -37.425  -30.534  67.869 0.8888890147
64649  -36.701  -29.534  68.737 0.8888890147
64650  -37.233  -29.677  68.180 0.7777780294
65617  -37.101  -28.647  68.506 0.8888890147
66563  -37.790  -27.124  68.054 0.8888890147
67499  -37.983  -26.304  68.189 0.8888890147
68443  -38.273  -25.530  68.482 0.8888890147
69322  -38.740  -24.974  68.023 0.8888890147
68446  -39.219  -25.281  67.352 0.8888890147
69327  -39.341  -24.446  67.782 0.8888890147
68447  -39.798  -24.700  66.973 0.8888890147
68450  -40.317  -25.481  66.470 0.8888890147
67519  -41.469  -26.246  65.844 0.8888890147
67520  -42.846  -26.766  65.143 0.7777780294
65655  -43.676  -28.415  65.796 0.6666669846
59973  -35.976  -34.074  69.065 0.5555559993
60956  -36.390  -33.501  68.691 0.5555559993
61951  -36.629  -32.762  68.536 0.5555559993
62825  -36.378  -31.302  69.184 0.5555559993
126679  -36.743  -31.834  68.358 0.7777780294
63701  -36.360  -29.987  70.112 0.4444440007
63724  -36.817  -30.369  68.353 0.7777780294
66534  -36.703  -28.154  69.687 0.6666669846
66561  -36.799  -28.063  68.981 0.7777780294
67488  -37.461  -26.525  69.374 0.7777780294
68434  -37.686  -25.954  69.736 0.4444440007
68436  -38.975  -24.955  70.670 0.5555559993
68439  -37.714  -26.019  68.964 0.8888890147
68440  -38.158  -25.412  69.330 0.7777780294
68441  -38.747  -24.872  69.771 0.5555559993
69323  -39.266  -24.367  69.270 0.5555559993
69328  -39.735  -23.839  68.540 0.5555559993
69330  -39.907  -23.897  67.546 0.5555559993
70200  -40.499  -23.640  67.152 0.8888890147
69337  -41.388  -24.414  66.034 0.8888890147
131421  -42.195  -25.993  65.316 0.8888890147
66597  -43.280  -27.709  65.414 0.7777780294
60940  -38.063  -33.485  71.093 0.3333329856
60948  -36.546  -33.773  69.797 0.5555559993
61937  -37.370  -32.939  70.648 0.4444440007
138073  -36.673  -33.040  69.663 0.5555559993
121525  -36.470  -32.176  69.361 0.5555559993
62816  -36.339  -30.855  69.944 0.5555559993
64630  -36.470  -29.216  70.349 0.4444440007
65599  -36.659  -28.519  70.478 0.4444440007
64642  -36.443  -29.442  69.501 0.4444440007
67474  -37.399  -26.675  70.089 0.3333329856
67461  -38.345  -26.420  71.403 0.1111110002
68410  -39.709  -25.603  72.269 0.1111110002
67475  -37.941  -26.134  70.562 0.2222220004
68423  -38.647  -25.664  71.056 0.2222220004
69313  -39.712  -24.552  71.109 0.4444440007
69314  -40.475  -24.186  71.516 0.4444440007
69318  -39.444  -24.384  70.193 0.5555559993
69320  -40.899  -23.450  71.056 0.5555559993
70192  -41.469  -23.019  69.523 0.5555559993
70196  -40.432  -23.280  68.020 0.5555559993
70201  -41.163  -23.134  67.505 0.5555559993
68457  -42.396  -25.217  65.361 0.8888890147
66605  -43.828  -27.129  64.889 0.7777780294
68458  -43.041  -25.657  64.946 0.7777780294
122025  -44.208  -27.914  65.176 0.6666669846
65656  -44.577  -28.538  65.622 0.6666669846
66598  -45.101  -28.158  65.058 0.6666669846
65650  -45.006  -28.895  66.311 0.6666669846
60907  -40.126  -33.632  73.066 0.1111110002
61930  -39.449  -32.952  72.018 0.1111110002
61928  -38.115  -32.680  71.293 0.3333329856
62809  -39.340  -32.134  72.095 0.1111110002
124184  -37.362  -32.010  70.973 0.1111110002
62808  -38.329  -31.723  71.596 0.1111110002
62807  -37.417  -31.029  71.148 0.2222220004
61936  -36.719  -32.211  70.233 0.4444440007
140630  -36.445  -31.599  69.896 0.4444440007
63702  -36.701  -30.484  70.678 0.4444440007
63692  -37.266  -30.077  71.345 0.2222220004
64619  -37.092  -29.170  71.444 0.3333329856
134158  -36.613  -28.959  70.979 0.4444440007
65588  -37.811  -28.539  71.950 0.2222220004
145870  -39.309  -27.069  72.843 0.2222220004
66518  -39.810  -26.851  73.257 0.2222220004
68400  -40.646  -25.619  73.488 0.1111110002
67445  -41.074  -26.087  74.289 0.1111110002
68402  -41.983  -24.918  74.316 0.1111110002
65587  -37.037  -28.405  71.209 0.3333329856
66525  -38.273  -27.654  72.138 0.2222220004
67452  -39.467  -26.388  72.585 0.1111110002
67453  -40.033  -26.009  73.013 0.1111110002
68412  -41.005  -24.862  73.066 0.2222220004
69303  -42.277  -24.207  73.801 0.1111110002
69310  -42.674  -23.611  73.248 0.1111110002
68411  -40.373  -25.246  72.663 0.1111110002
69307  -40.779  -24.568  72.269 0.3333329856
69309  -42.007  -23.826  72.979 0.2222220004
69316  -41.824  -23.513  72.170 0.2222220004
69315  -41.192  -23.850  71.858 0.4444440007
70182  -41.691  -23.193  71.335 0.4444440007
70187  -41.582  -23.081  70.437 0.5555559993
70221  -42.765  -23.779  65.713 0.8888890147
70211  -42.711  -23.138  66.452 0.7777780294
124611  -42.733  -22.567  67.406 0.5555559993
124211  -41.967  -22.731  67.948 0.6666669846
70222  -43.665  -23.943  65.372 0.8888890147
128640  -42.937  -24.648  65.268 0.8888890147
69338  -41.961  -23.686  66.117 0.8888890147
69343  -43.698  -24.881  64.931 0.7777780294
67523  -44.308  -26.494  64.647 0.7777780294
68460  -43.963  -25.704  64.716 0.7777780294
122514  -44.819  -27.314  64.669 0.6666669846
65657  -45.455  -28.750  65.567 0.6666669846
64678  -45.906  -29.138  66.242 0.5555559993
60886  -40.469  -33.099  73.859 0.1111110002
61914  -39.954  -32.629  72.599 0.1111110002
125779  -40.340  -32.437  73.252 0.1111110002
61894  -40.613  -32.649  74.113 0.1111110002
63694  -39.065  -31.128  72.206 0.1111110002
63693  -38.130  -30.603  71.768 0.1111110002
64621  -38.785  -30.104  72.363 0.1111110002
64610  -38.612  -29.117  72.473 0.1111110002
65580  -39.713  -29.135  73.375 0.1111110002
130133  -40.486  -28.336  74.012 0.1111110002
64620  -37.916  -29.601  71.933 0.1111110002
65571  -39.926  -28.399  73.571 0.1111110002
130247  -40.979  -27.870  74.398 0.1111110002
67431  -41.732  -26.622  74.752 0.1111110002
65578  -38.590  -28.308  72.470 0.2222220004
66509  -40.299  -27.534  73.817 0.1111110002
67444  -40.421  -26.520  73.738 0.2222220004
68386  -42.533  -25.556  74.793 0.1111110002
135543  -43.158  -25.397  75.055 0.1111110002
69294  -43.389  -24.537  74.726 0.1111110002
71056  -43.565  -22.462  72.171 0.1111110002
70179  -43.798  -22.705  72.979 0.1111110002
71076  -43.067  -21.923  68.922 0.4444440007
70188  -42.388  -22.701  70.690 0.3333329856
70189  -42.873  -22.545  71.190 0.3333329856
70183  -42.329  -22.932  71.625 0.3333329856
70202  -43.539  -22.453  66.875 0.5555559993
125762  -42.678  -22.240  68.280 0.5555559993
70193  -42.148  -22.772  69.914 0.5555559993
71106  -44.338  -22.586  66.357 0.8888890147
69352  -44.517  -25.008  64.724 0.7777780294
66606  -45.743  -27.743  64.713 0.6666669846
65658  -46.305  -28.988  65.512 0.5555559993
62802  -40.361  -31.773  73.449 0.1111110002
62789  -40.894  -31.304  74.598 0.1111110002
63685  -40.123  -30.942  73.350 0.1111110002
63679  -40.788  -30.618  74.411 0.1111110002
129711  -41.358  -30.791  75.057 0.1111110002
63684  -39.567  -30.567  72.788 0.1111110002
63678  -40.396  -30.288  73.909 0.1111110002
63667  -41.345  -30.218  74.956 0.1111110002
64611  -39.316  -29.572  72.893 0.1111110002
64603  -40.318  -29.200  73.858 0.1111110002
65572  -40.937  -28.714  74.423 0.1111110002
65558  -41.610  -28.234  74.863 0.1111110002
133422  -42.304  -27.809  75.223 0.1111110002
144800  -42.892  -27.501  75.427 0.1111110002
66493  -41.660  -27.437  74.821 0.1111110002
66494  -42.342  -27.079  75.197 0.1111110002
67422  -44.464  -26.674  75.987 0.1111110002
144032  -43.716  -26.180  75.507 0.1111110002
67432  -42.441  -26.338  75.045 0.1111110002
68372  -44.517  -25.854  75.805 0.1111110002
70170  -44.148  -23.032  73.758 0.1111110002
69305  -43.721  -23.719  74.290 0.1111110002
69344  -45.013  -24.304  64.929 0.8888890147
68462  -45.586  -25.854  64.512 0.7777780294
69353  -45.321  -25.062  64.643 0.7777780294
67421  -43.883  -26.977  75.766 0.1111110002
68463  -46.301  -25.956  64.482 0.7777780294
145812  -4.021  -66.182  88.576 0.3333329856
30076  -1.949  -66.238  86.917 0.2222220004
144336  -2.545  -65.350  87.251 0.5555559993
31936  -2.628  -64.667  87.220 0.5555559993
34641  -9.848  -61.314  86.545 0.4444440007
33670  -1.461  -62.841  86.442 0.2222220004
129977  -1.375  -62.053  86.040 0.2222220004
33691  -1.827  -62.663  85.357 0.1111110002
135826  -1.632  -62.149  85.524 0.1111110002
36689  -10.052  -59.141  84.572 0.7777780294
33659  -3.012  -62.658  87.708 0.7777780294
32823  -2.297  -63.415  85.113 0.1111110002
35688  -8.831  -60.395  85.204 0.7777780294
36688  -9.431  -59.315  84.830 0.8888890147
38562  -11.430  -57.676  84.272 0.7777780294
123262  -5.892  -59.150  87.399 0.3333329856
35674  -6.732  -60.315  86.430 0.7777780294
36655  -7.002  -59.545  86.380 0.6666669846
37557  -6.064  -58.372  87.717 0.2222220004
36641  -6.453  -58.852  86.987 0.5555559993
128344  -7.138  -57.458  86.887 0.2222220004
38513  -6.717  -57.164  87.675 0.1111110002
37543  -6.261  -57.717  88.135 0.1111110002
38559  -8.664  -57.978  85.059 0.8888890147
39504  -10.192  -56.767  84.115 0.8888890147
38574  -11.438  -57.076  83.829 0.8888890147
39518  -11.583  -56.305  83.580 0.7777780294
40372  -11.858  -55.517  83.331 0.8888890147
38544  -8.788  -57.004  85.074 0.7777780294
39503  -9.461  -56.863  84.558 0.7777780294
41213  -13.986  -54.746  82.862 0.6666669846
41230  -15.915  -54.479  83.048 0.6666669846
39450  -7.389  -55.773  87.899 0.1111110002
39474  -8.071  -56.477  86.254 0.4444440007
41149  -7.590  -53.917  89.932 0.1111110002
41163  -7.988  -54.442  88.042 0.1111110002
40324  -8.488  -55.084  86.560 0.4444440007
41227  -12.704  -53.856  82.755 0.7777780294
43054  -13.607  -52.838  82.550 0.8888890147
42101  -18.949  -53.753  82.994 0.6666669846
143316  -29.536  -47.523  82.614 0.3333329856
43058  -17.464  -52.658  81.892 0.7777780294
47652  -27.000  -46.737  81.127 0.4444440007
41165  -9.196  -53.276  87.253 0.3333329856
42079  -11.186  -52.869  85.105 0.5555559993
48490  -26.528  -46.001  80.765 0.6666669846
48501  -24.874  -46.027  79.555 0.8888890147
135665  -14.827  -50.981  82.329 0.7777780294
42123  -19.655  -53.237  81.433 0.6666669846
48449  -31.486  -47.022  83.043 0.2222220004
43075  -18.560  -51.977  80.432 0.8888890147
42143  -20.552  -53.274  79.495 0.8888890147
125290  -21.546  -54.386  80.461 0.6666669846
43096  -21.126  -52.686  77.821 0.8888890147
42164  -22.751  -52.902  77.792 0.7777780294
43105  -23.190  -52.127  77.416 0.8888890147
45061  -21.911  -50.800  76.727 0.8888890147
44093  -23.566  -51.178  76.996 0.8888890147
139605  -23.301  -50.195  76.713 0.8888890147
133864  -24.039  -48.011  77.473 0.8888890147
50272  -26.029  -44.768  80.274 0.8888890147
43027  -12.044  -51.717  85.254 0.3333329856
43039  -12.702  -51.678  83.925 0.4444440007
142652  -13.389  -51.313  83.495 0.6666669846
48474  -31.482  -46.542  82.222 0.2222220004
43095  -20.448  -52.355  78.186 0.8888890147
47650  -22.738  -46.838  80.939 0.5555559993
138013  -23.268  -47.572  78.735 0.7777780294
123943  -23.143  -48.290  79.494 0.5555559993
48470  -22.639  -46.109  81.532 0.5555559993
49311  -22.938  -45.286  82.803 0.3333329856
51278  -23.309  -43.449  83.406 0.1111110002
51298  -22.907  -43.067  82.452 0.3333329856
143651  -22.938  -44.664  82.801 0.3333329856
50233  -22.686  -44.730  82.346 0.4444440007
51297  -22.706  -43.996  82.018 0.3333329856
52322  -24.042  -41.904  82.525 0.4444440007
51313  -22.682  -43.327  81.430 0.5555559993
52334  -23.718  -41.791  81.531 0.4444440007
51314  -23.013  -42.499  81.479 0.6666669846
135301  -21.333  -51.236  76.961 0.8888890147
134810  -23.286  -48.284  77.634 0.7777780294
46829  -22.816  -48.935  77.259 0.7777780294
47660  -22.810  -46.652  80.143 0.8888890147
49333  -22.501  -45.372  81.254 0.7777780294
48487  -22.610  -46.054  80.744 0.7777780294
129888  -22.730  -43.735  80.839 0.7777780294
50250  -22.502  -44.724  81.654 0.6666669846
50268  -22.561  -44.583  80.982 0.8888890147
52344  -23.411  -42.101  80.771 0.6666669846
51324  -23.597  -42.473  80.182 0.6666669846
137949  -23.355  -43.384  80.285 0.8888890147
46830  -23.603  -47.604  78.056 0.8888890147
44958  -13.901  -49.922  84.856 0.3333329856
46774  -24.050  -47.999  84.198 0.1111110002
47620  -24.097  -47.224  84.422 0.2222220004
45010  -23.125  -49.639  81.566 0.3333329856
46793  -23.648  -48.686  81.597 0.4444440007
47630  -23.960  -47.550  83.479 0.2222220004
129364  -24.332  -45.897  85.707 0.1111110002
47641  -23.598  -47.774  82.057 0.4444440007
48445  -23.808  -46.765  83.805 0.2222220004
44070  -19.139  -51.519  78.941 0.8888890147
53341  -25.021  -41.514  81.080 0.2222220004
53376  -24.631  -41.739  79.753 0.5555559993
53340  -24.329  -41.542  81.150 0.3333329856
53339  -23.923  -41.660  80.813 0.5555559993
52361  -24.787  -41.965  79.009 0.6666669846
141368  -26.462  -44.372  78.949 0.8888890147
51340  -25.523  -43.472  77.726 0.8888890147
144382  -27.283  -44.659  78.919 0.8888890147
45867  -14.359  -49.120  84.540 0.5555559993
46788  -15.659  -48.726  82.268 0.5555559993
48464  -34.182  -46.302  82.479 0.1111110002
45920  -17.215  -49.067  80.682 0.6666669846
45033  -18.244  -49.908  79.303 0.8888890147
45041  -18.814  -50.102  78.723 0.8888890147
44090  -19.973  -50.799  77.993 0.8888890147
53377  -26.368  -41.496  79.218 0.4444440007
53357  -27.326  -41.575  80.100 0.3333329856
53399  -25.507  -41.815  78.514 0.5555559993
52371  -25.792  -42.132  77.569 0.6666669846
128818  -27.060  -44.546  78.032 0.8888890147
49396  -29.336  -45.096  77.622 0.5555559993
50319  -26.781  -44.453  76.853 0.8888890147
44992  -22.368  -49.555  82.591 0.1111110002
44976  -23.073  -49.290  83.421 0.1111110002
53379  -28.170  -41.135  79.108 0.3333329856
146212  -26.694  -41.500  76.841 0.5555559993
50291  -32.728  -45.021  79.249 0.2222220004
49385  -31.898  -45.305  78.995 0.2222220004
121777  -25.969  -42.135  75.451 0.7777780294
51371  -26.410  -43.525  74.699 0.7777780294
50335  -27.273  -44.513  75.753 0.8888890147
125899  -29.641  -44.698  76.275 0.7777780294
127234  -17.928  -47.410  83.032 0.3333329856
124108  -19.522  -48.900  81.809 0.2222220004
46818  -18.994  -48.758  79.512 0.5555559993
54357  -28.393  -40.223  78.614 0.2222220004
53403  -28.343  -40.847  79.083 0.2222220004
54345  -29.139  -39.962  79.792 0.2222220004
53420  -27.903  -40.872  77.846 0.3333329856
54356  -28.039  -40.585  78.003 0.3333329856
53419  -27.247  -41.076  77.249 0.5555559993
54368  -27.251  -40.588  76.956 0.6666669846
51363  -30.753  -44.167  76.099 0.7777780294
51382  -26.855  -43.395  74.019 0.8888890147
50365  -27.002  -44.017  74.474 0.8888890147
143598  -27.259  -44.402  74.956 0.8888890147
50366  -27.735  -44.222  74.478 0.8888890147
50350  -28.768  -44.463  75.119 0.8888890147
51383  -27.538  -43.727  73.902 0.8888890147
51385  -29.158  -44.035  74.408 0.8888890147
55339  -29.894  -39.192  80.163 0.2222220004
55362  -28.318  -39.954  78.323 0.2222220004
56323  -27.621  -39.048  77.887 0.6666669846
55360  -27.337  -39.685  77.222 0.5555559993
55368  -26.459  -39.674  76.073 0.7777780294
54380  -26.357  -40.486  75.544 0.6666669846
55378  -25.824  -38.755  75.201 0.7777780294
51372  -30.151  -43.751  74.808 0.8888890147
51373  -30.825  -43.760  75.478 0.8888890147
52415  -27.255  -42.250  72.886 1.0000000000
145237  -28.809  -43.222  73.389 1.0000000000
51404  -29.756  -43.411  73.980 1.0000000000
51374  -31.541  -43.231  75.375 0.8888890147
54430  -26.572  -40.384  72.993 0.8888890147
52426  -28.044  -42.130  72.679 1.0000000000
52418  -30.085  -42.623  73.705 1.0000000000
52417  -29.505  -42.212  73.261 1.0000000000
52403  -30.896  -42.123  73.955 1.0000000000
52404  -31.471  -42.533  74.668 0.8888890147
52396  -32.166  -42.501  75.483 0.8888890147
52388  -32.724  -42.544  76.229 0.7777780294
53478  -30.254  -41.673  73.540 0.8888890147
54412  -29.561  -40.053  73.350 1.0000000000
56317  -28.524  -38.404  78.905 0.4444440007
56321  -26.557  -37.735  77.392 0.7777780294
56361  -25.909  -38.119  73.355 1.0000000000
54381  -31.981  -39.963  75.217 0.8888890147
56375  -28.487  -37.707  73.106 1.0000000000
56339  -31.988  -37.846  76.058 0.8888890147
56362  -29.429  -37.240  73.686 1.0000000000
58065  -28.186  -36.649  79.233 0.3333329856
58110  -25.557  -36.475  74.002 1.0000000000
57268  -31.820  -36.855  75.022 1.0000000000
57281  -30.608  -36.874  74.253 1.0000000000
56365  -32.502  -37.261  74.791 0.8888890147
125719  -28.068  -35.885  72.297 1.0000000000
58127  -28.731  -36.554  72.763 1.0000000000
58128  -29.051  -36.453  72.616 1.0000000000
57292  -30.111  -36.742  73.532 1.0000000000
56377  -32.358  -38.888  72.372 1.0000000000
59851  -27.496  -34.615  77.692 0.3333329856
136077  -27.578  -35.120  72.230 0.7777780294
58981  -28.558  -35.872  71.996 1.0000000000
58980  -28.141  -35.064  71.855 1.0000000000
125364  -30.066  -36.720  72.733 1.0000000000
55412  -34.390  -39.733  73.815 0.5555559993
57305  -29.819  -36.838  71.792 1.0000000000
54435  -34.450  -40.171  72.764 0.6666669846
57318  -30.121  -36.967  70.778 1.0000000000
131415  -34.096  -40.463  71.948 0.7777780294
54452  -35.703  -40.666  71.741 0.5555559993
54449  -32.705  -40.191  71.019 1.0000000000
54451  -34.188  -40.707  71.161 0.7777780294
59858  -26.511  -34.802  75.743 0.5555559993
56403  -31.094  -38.546  70.733 1.0000000000
57329  -30.895  -36.995  69.887 1.0000000000
55467  -32.377  -39.668  69.721 1.0000000000
54471  -34.461  -40.755  70.284 0.7777780294
121229  -35.968  -40.755  70.887 0.7777780294
56415  -31.423  -38.499  69.705 1.0000000000
55468  -33.256  -40.103  69.451 1.0000000000
54486  -34.131  -40.238  69.047 1.0000000000
54487  -34.736  -40.604  69.515 1.0000000000
141554  -27.270  -33.366  75.873 0.4444440007
60848  -27.672  -32.775  75.538 0.4444440007
60901  -28.690  -32.991  72.378 0.5555559993
59950  -30.448  -34.582  70.460 0.7777780294
59010  -30.795  -35.492  70.183 1.0000000000
59027  -31.162  -36.150  69.868 1.0000000000
127575  -31.496  -37.236  69.393 1.0000000000
57331  -31.831  -37.899  69.070 1.0000000000
58170  -32.100  -36.864  69.043 1.0000000000
141424  -32.033  -39.082  69.337 1.0000000000
56426  -33.235  -39.070  68.427 1.0000000000
55480  -33.581  -39.718  68.735 1.0000000000
55482  -35.281  -39.780  68.332 1.0000000000
54503  -36.839  -40.173  68.647 1.0000000000
60815  -28.279  -33.461  78.313 0.2222220004
60823  -28.622  -32.702  77.936 0.2222220004
61833  -28.909  -31.694  76.689 0.3333329856
61848  -28.934  -31.589  75.656 0.3333329856
61886  -28.396  -32.267  74.044 0.5555559993
61868  -29.067  -31.726  74.619 0.3333329856
138747  -30.582  -31.247  74.665 0.2222220004
61887  -29.185  -31.927  73.610 0.4444440007
61910  -30.301  -32.077  72.320 0.2222220004
56416  -32.442  -38.617  68.731 1.0000000000
56428  -34.647  -39.031  68.024 1.0000000000
56443  -33.833  -37.918  67.923 1.0000000000
56445  -35.235  -38.266  67.683 1.0000000000
145327  -35.973  -38.321  67.635 0.8888890147
56430  -36.614  -38.802  67.849 1.0000000000
136952  -37.402  -38.862  67.949 1.0000000000
128740  -37.963  -39.336  68.233 1.0000000000
61810  -33.046  -31.317  78.980 0.1111110002
62718  -31.680  -31.066  78.633 0.2222220004
62713  -32.359  -31.184  79.058 0.1111110002
62737  -30.588  -31.021  76.725 0.2222220004
137044  -32.197  -31.089  76.914 0.1111110002
61822  -34.041  -31.354  77.656 0.2222220004
62754  -31.937  -31.314  75.452 0.1111110002
62787  -31.752  -31.453  73.768 0.2222220004
120863  -32.032  -31.694  73.013 0.2222220004
61911  -31.844  -32.057  72.328 0.2222220004
61912  -32.789  -32.116  72.664 0.2222220004
60903  -33.206  -32.692  71.935 0.3333329856
61926  -31.665  -32.560  71.621 0.2222220004
60920  -31.453  -33.188  70.964 0.3333329856
60937  -32.191  -33.741  70.710 0.3333329856
57356  -35.121  -37.374  67.569 0.8888890147
132094  -35.830  -36.959  67.373 0.8888890147
131916  -37.195  -37.291  67.325 0.8888890147
136425  -37.298  -38.135  67.595 0.8888890147
57359  -38.553  -36.961  67.378 0.8888890147
57360  -39.388  -37.348  67.757 0.8888890147
56433  -39.670  -38.435  68.146 0.7777780294
57361  -39.922  -36.840  67.817 0.8888890147
61870  -33.330  -31.763  75.153 0.2222220004
59971  -33.111  -34.706  69.880 0.5555559993
59057  -34.912  -36.135  67.810 0.7777780294
145200  -38.674  -36.366  67.231 0.8888890147
128957  -38.795  -35.858  67.119 0.8888890147
58185  -41.551  -36.631  68.298 0.8888890147
59062  -39.559  -35.652  67.295 0.8888890147
58203  -40.969  -36.002  67.896 0.8888890147
60904  -34.043  -33.287  72.081 0.3333329856
60923  -34.473  -33.926  71.807 0.3333329856
124719  -34.873  -34.314  71.998 0.3333329856
59953  -33.751  -34.232  70.538 0.4444440007
59060  -37.419  -35.527  67.086 0.8888890147
59995  -38.982  -35.078  67.040 0.8888890147
59063  -40.401  -35.454  67.526 0.8888890147
59996  -40.709  -34.715  67.467 0.8888890147
127386  -37.662  -34.906  67.121 0.8888890147
143439  -40.462  -33.680  67.352 0.8888890147
60970  -41.047  -33.931  67.461 0.8888890147
141438  -39.625  -32.785  67.314 0.8888890147
61964  -39.020  -32.445  67.296 0.8888890147
129108  -38.907  -30.936  67.455 0.8888890147
67511  -40.169  -26.438  66.650 0.8888890147
59992  -36.744  -34.150  67.601 0.7777780294
139188  -38.437  -32.821  67.343 0.8888890147
68445  -38.612  -25.811  67.710 0.8888890147
67510  -39.708  -25.618  66.813 0.8888890147
68451  -41.010  -25.363  66.077 0.8888890147
62836  -36.612  -30.983  68.530 0.8888890147
66562  -37.275  -27.646  68.581 0.8888890147
67498  -37.511  -26.807  68.713 0.8888890147
142163  -38.677  -24.902  68.868 0.6666669846
144990  -39.130  -24.477  68.482 0.6666669846
69336  -40.570  -24.429  66.543 0.8888890147
139458  -40.135  -24.107  66.990 0.8888890147
68456  -41.735  -25.279  65.674 0.8888890147
63713  -36.389  -30.345  69.134 0.5555559993
66547  -37.125  -27.334  69.377 0.7777780294
66535  -37.100  -27.622  70.507 0.4444440007
68435  -38.276  -25.443  70.187 0.3333329856
68424  -39.340  -25.239  71.520 0.3333329856
69324  -39.967  -23.827  69.634 0.5555559993
70186  -40.798  -23.443  70.053 0.5555559993
70191  -40.581  -23.317  69.043 0.5555559993
70210  -41.202  -23.672  66.638 0.7777780294
64631  -36.630  -29.625  70.876 0.4444440007
66524  -37.591  -27.652  71.472 0.2222220004
67460  -37.689  -26.898  70.963 0.3333329856
134853  -38.061  -27.051  71.694 0.2222220004
68425  -40.054  -24.876  71.922 0.4444440007
69319  -40.194  -23.935  70.609 0.5555559993
69308  -41.421  -24.199  72.620 0.3333329856
70197  -41.288  -22.960  68.507 0.5555559993
70198  -42.201  -22.497  69.024 0.5555559993
122715  -41.962  -23.194  66.995 0.6666669846
69342  -42.169  -24.465  65.658 0.8888890147
124118  -40.285  -33.065  73.101 0.1111110002
139973  -38.888  -32.553  71.645 0.2222220004
62801  -39.927  -31.690  72.767 0.1111110002
62817  -36.759  -31.367  70.490 0.4444440007
65570  -39.570  -27.678  73.246 0.2222220004
68385  -41.849  -25.777  74.581 0.1111110002
68401  -41.313  -25.232  73.955 0.1111110002
69302  -41.656  -24.504  73.456 0.1111110002
69293  -42.680  -24.736  74.508 0.1111110002
69304  -42.967  -23.975  74.062 0.1111110002
70177  -42.465  -23.257  72.440 0.1111110002
122032  -43.492  -23.141  66.000 0.8888890147
71091  -43.526  -21.948  67.941 0.5555559993
138614  -44.256  -24.364  65.032 0.8888890147
125028  -45.048  -26.468  64.500 0.7777780294
62788  -40.569  -32.146  73.937 0.1111110002
65579  -39.225  -28.551  73.011 0.2222220004
66510  -40.990  -27.014  74.369 0.1111110002
68387  -43.892  -25.206  75.326 0.1111110002
70184  -42.948  -22.728  71.889 0.2222220004
70178  -43.117  -23.042  72.696 0.1111110002
70169  -43.391  -23.366  73.496 0.1111110002
71068  -43.266  -22.125  70.488 0.4444440007
71067  -42.775  -22.248  69.798 0.4444440007
126268  -40.496  -31.248  74.000 0.1111110002
64612  -39.889  -29.956  73.379 0.1111110002
63668  -41.958  -30.261  75.476 0.1111110002
64604  -40.877  -29.692  74.421 0.1111110002
64591  -41.507  -29.137  74.962 0.1111110002
66495  -43.128  -26.842  75.427 0.1111110002
69281  -44.637  -24.882  75.615 0.1111110002
66607  -46.531  -27.437  64.525 0.6666669846
131777  -1.569  -61.909  86.845 0.1111110002
34608  -2.178  -61.449  88.057 0.2222220004
34623  -1.763  -61.394  87.634 0.1111110002
33645  -2.536  -62.068  87.866 0.3333329856
35673  -1.305  -60.463  86.275 0.1111110002
128411  -3.740  -62.249  87.853 0.6666669846
35699  -1.717  -60.598  85.536 0.1111110002
35700  -2.124  -60.479  85.228 0.1111110002
35648  -1.946  -60.872  88.247 0.1111110002
34609  -2.641  -61.377  88.351 0.3333329856
142741  -1.644  -60.833  87.737 0.1111110002
33646  -3.111  -61.870  88.177 0.3333329856
122104  -1.421  -61.056  87.030 0.1111110002
33647  -3.571  -61.509  88.245 0.5555559993
34610  -4.085  -61.346  88.080 0.5555559993
36669  -1.774  -59.798  85.497 0.1111110002
36684  -2.559  -59.712  85.147 0.1111110002
34590  -2.295  -60.820  88.596 0.2222220004
34591  -2.723  -60.737  88.860 0.2222220004
34592  -3.182  -61.140  88.531 0.2222220004
35662  -1.499  -60.304  87.219 0.1111110002
129024  -1.340  -59.601  86.476 0.1111110002
34624  -4.577  -61.991  87.516 0.6666669846
36653  -1.377  -59.524  85.875 0.1111110002
121041  -1.812  -60.269  88.141 0.1111110002
121002  -1.734  -59.435  87.552 0.1111110002
34593  -3.800  -60.746  88.545 0.4444440007
34594  -4.392  -60.517  88.364 0.2222220004
37569  -1.408  -58.927  85.916 0.1111110002
34611  -4.731  -61.030  87.729 0.4444440007
41216  -18.575  -54.169  83.671 0.5555559993
42113  -18.407  -53.272  82.374 0.6666669846
43089  -25.492  -51.922  79.543 0.5555559993
44072  -25.960  -51.208  79.782 0.6666669846
45034  -26.100  -50.534  79.159 0.6666669846
136912  -26.585  -48.878  79.281 0.7777780294
46821  -26.386  -47.931  79.551 0.7777780294
44071  -25.649  -51.244  78.959 0.6666669846
45044  -25.671  -50.531  78.416 0.7777780294
45966  -26.122  -49.113  78.461 0.7777780294
47682  -25.900  -47.645  78.758 0.7777780294
43106  -24.013  -51.918  77.726 0.7777780294
44081  -24.641  -51.716  78.150 0.7777780294
44082  -25.155  -51.179  78.212 0.6666669846
45054  -24.238  -50.279  76.975 0.7777780294
44095  -25.083  -50.412  77.640 0.7777780294
45965  -25.639  -49.754  77.985 0.7777780294
46845  -25.115  -48.585  77.452 0.7777780294
46831  -24.831  -47.910  77.573 0.7777780294
53380  -28.502  -40.978  79.949 0.1111110002
121358  -31.899  -43.788  76.747 0.6666669846
52387  -32.071  -43.205  76.101 0.7777780294
53381  -29.011  -40.639  80.812 0.1111110002
51365  -32.595  -43.251  76.818 0.6666669846
55340  -30.163  -39.226  80.805 0.1111110002
55328  -30.559  -39.113  81.423 0.1111110002
54311  -31.283  -39.729  82.410 0.1111110002
143260  -29.547  -39.606  80.024 0.1111110002
54335  -30.177  -39.532  81.096 0.1111110002
53382  -29.829  -40.086  81.114 0.1111110002
123387  -33.991  -42.126  77.611 0.4444440007
54334  -29.710  -39.649  80.495 0.1111110002
140936  -29.266  -40.097  80.411 0.1111110002
52379  -33.351  -42.592  77.004 0.5555559993
52389  -33.278  -41.887  76.388 0.5555559993
56299  -30.582  -38.577  81.469 0.1111110002
56309  -30.091  -38.663  80.275 0.1111110002
56310  -30.304  -38.789  80.843 0.2222220004
55329  -30.979  -39.425  82.011 0.1111110002
54298  -31.681  -39.723  83.052 0.1111110002
123353  -37.994  -40.640  69.790 0.7777780294
137960  -38.527  -40.567  69.715 0.6666669846
55469  -39.305  -40.074  68.994 0.6666669846
58057  -29.589  -37.093  81.065 0.2222220004
58066  -29.012  -36.682  79.799 0.2222220004
144523  -29.463  -36.987  80.149 0.2222220004
57238  -30.019  -38.033  80.437 0.2222220004
57236  -30.516  -38.192  81.500 0.2222220004
54474  -37.133  -40.722  69.930 0.8888890147
54490  -37.464  -40.486  69.138 0.8888890147
55485  -38.640  -39.772  68.574 0.6666669846
55470  -40.296  -39.696  68.971 0.6666669846
56418  -41.777  -38.780  69.141 0.5555559993
56432  -38.768  -38.926  68.186 0.8888890147
55487  -40.255  -39.099  68.441 0.6666669846
56435  -41.290  -38.458  68.665 0.6666669846
56434  -40.623  -38.451  68.402 0.5555559993
58042  -29.331  -36.471  83.198 0.1111110002
58052  -29.190  -36.394  81.419 0.1111110002
58053  -29.685  -36.988  81.658 0.1111110002
58048  -29.961  -37.144  82.362 0.1111110002
58913  -27.974  -35.748  79.182 0.2222220004
58907  -28.718  -35.851  80.047 0.2222220004
142847  -29.186  -36.582  80.441 0.2222220004
58064  -27.577  -36.254  78.729 0.3333329856
54473  -36.238  -40.772  70.045 0.6666669846
54489  -36.531  -40.545  69.257 0.8888890147
124975  -41.200  -37.649  68.438 0.6666669846
58186  -42.511  -36.434  68.436 0.6666669846
59047  -42.878  -35.583  68.171 0.7777780294
58903  -28.732  -35.699  80.565 0.1111110002
58897  -28.860  -35.617  81.846 0.1111110002
59844  -28.028  -34.967  78.964 0.1111110002
129160  -43.903  -35.593  68.336 0.7777780294
145201  -44.250  -35.134  68.229 0.5555559993
134808  -44.072  -33.883  67.991 0.5555559993
59987  -44.557  -34.658  68.212 0.3333329856
60971  -42.100  -33.936  67.706 0.7777780294
60957  -43.132  -33.915  67.836 0.7777780294
58147  -36.495  -35.585  72.727 0.2222220004
58129  -37.442  -35.847  73.170 0.2222220004
58149  -37.738  -35.679  72.706 0.2222220004
58131  -38.725  -35.556  73.393 0.1111110002
58997  -35.535  -35.011  71.538 0.2222220004
58998  -36.373  -35.339  71.977 0.2222220004
59000  -38.065  -35.271  72.127 0.2222220004
137486  -38.687  -35.037  72.295 0.2222220004
59012  -35.089  -34.981  70.921 0.2222220004
59013  -35.658  -35.029  71.150 0.2222220004
59014  -36.571  -34.976  71.227 0.2222220004
59956  -37.073  -34.565  70.922 0.3333329856
59032  -35.443  -34.546  69.603 0.4444440007
59955  -36.301  -34.384  70.285 0.4444440007
138992  -36.980  -34.099  70.547 0.3333329856
60958  -43.538  -33.001  67.999 0.5555559993
61966  -41.073  -32.577  67.598 0.7777780294
61967  -41.923  -32.409  67.844 0.7777780294
58096  -36.817  -35.686  74.054 0.1111110002
58113  -37.509  -35.808  73.707 0.1111110002
58112  -36.843  -35.811  73.311 0.1111110002
125777  -38.007  -35.811  73.265 0.1111110002
58982  -35.863  -35.225  72.511 0.2222220004
59936  -38.381  -34.638  71.754 0.3333329856
59937  -39.147  -34.438  72.235 0.2222220004
59957  -37.773  -34.202  71.099 0.3333329856
60924  -38.699  -33.980  71.536 0.3333329856
60939  -37.225  -33.595  70.486 0.3333329856
61965  -40.300  -32.717  67.427 0.7777780294
62853  -41.310  -31.753  67.866 0.7777780294
123208  -44.684  -28.610  67.273 0.5555559993
133118  -45.569  -28.784  67.287 0.3333329856
59898  -35.349  -34.333  73.318 0.2222220004
134719  -35.593  -34.908  73.637 0.2222220004
58966  -35.812  -35.259  73.420 0.2222220004
58954  -36.329  -35.476  74.387 0.1111110002
58996  -35.269  -34.784  71.913 0.3333329856
60925  -39.388  -33.691  72.019 0.1111110002
61929  -38.840  -33.253  71.534 0.3333329856
64653  -43.087  -29.369  68.817 0.6666669846
62852  -40.498  -31.469  67.671 0.7777780294
62838  -41.891  -30.996  68.215 0.7777780294
138965  -43.314  -28.559  67.532 0.5555559993
66587  -42.454  -28.212  66.589 0.5555559993
65639  -43.942  -28.569  67.422 0.5555559993
65649  -44.129  -28.722  66.374 0.5555559993
60884  -35.065  -33.670  73.449 0.2222220004
59881  -35.792  -34.674  74.365 0.1111110002
59882  -36.182  -35.024  74.563 0.1111110002
63735  -40.358  -30.627  67.744 0.7777780294
63725  -41.696  -30.118  68.151 0.7777780294
64652  -42.216  -29.384  68.231 0.6666669846
127967  -42.641  -28.822  68.137 0.6666669846
64665  -39.482  -29.563  67.633 0.7777780294
125511  -40.235  -29.787  67.762 0.7777780294
122980  -40.793  -29.314  67.862 0.7777780294
64651  -41.903  -28.802  67.821 0.7777780294
65637  -42.289  -28.596  67.525 0.6666669846
124540  -40.166  -28.944  67.669 0.7777780294
65636  -41.090  -28.664  67.685 0.7777780294
66578  -41.390  -27.825  67.035 0.7777780294
66579  -42.041  -28.238  67.119 0.7777780294
65648  -42.656  -28.542  67.204 0.5555559993
120778  -40.912  -28.001  67.351 0.7777780294
67513  -41.795  -27.725  66.573 0.7777780294
68464  -47.074  -25.538  64.465 0.6666669846
69354  -46.234  -25.083  64.604 0.6666669846
144266  -49.288  -25.199  63.838 0.5555559993
68466  -49.945  -24.902  63.703 0.6666669846
120699  -51.222  -25.682  63.171 0.4444440007
68470  -52.054  -25.293  62.977 0.4444440007
68471  -52.917  -25.588  62.767 0.4444440007
129790  -39.341  -28.859  67.618 0.7777780294
65635  -39.625  -28.208  67.503 0.7777780294
134275  -39.047  -27.547  67.424 0.7777780294
66577  -40.011  -27.620  67.245 0.7777780294
66585  -40.605  -27.316  66.898 0.7777780294
126049  -45.563  -23.523  65.380 0.7777780294
139027  -46.197  -23.704  65.240 0.6666669846
69347  -47.201  -23.998  64.983 0.7777780294
69348  -47.943  -23.812  65.098 0.7777780294
130820  -48.595  -24.166  64.735 0.7777780294
69357  -50.097  -23.903  64.371 0.7777780294
68469  -50.744  -25.078  63.470 0.5555559993
69361  -51.405  -24.607  63.485 0.5555559993
70213  -45.839  -22.784  66.044 0.5555559993
70212  -44.999  -22.904  65.859 0.6666669846
143129  -46.933  -23.122  65.806 0.6666669846
70224  -46.709  -23.480  65.451 0.6666669846
70225  -47.353  -23.417  65.543 0.6666669846
69349  -49.470  -23.686  64.893 0.7777780294
69360  -50.761  -24.203  63.901 0.7777780294
69358  -51.490  -23.724  64.107 0.6666669846
127439  -52.584  -24.652  63.032 0.4444440007
69365  -53.122  -24.529  62.864 0.4444440007
69362  -52.135  -24.059  63.547 0.4444440007
70237  -52.711  -23.470  63.865 0.4444440007
71093  -45.137  -21.837  67.473 0.4444440007
145530  -45.739  -22.016  67.162 0.5555559993
70214  -46.542  -22.841  66.049 0.5555559993
70215  -47.297  -22.866  66.132 0.5555559993
70226  -48.111  -23.248  65.741 0.6666669846
69350  -50.440  -23.268  65.237 0.7777780294
137983  -50.926  -23.497  64.622 0.7777780294
70228  -51.168  -23.150  65.298 0.7777780294
70233  -51.599  -23.262  64.911 0.7777780294
70238  -53.153  -23.689  63.366 0.4444440007
123779  -53.331  -23.104  63.920 0.4444440007
71072  -43.516  -21.723  69.472 0.3333329856
71078  -44.333  -21.358  68.837 0.3333329856
71077  -43.766  -21.621  68.664 0.4444440007
71936  -45.176  -21.265  68.539 0.4444440007
71937  -46.022  -21.267  68.343 0.3333329856
121458  -52.166  -23.041  65.200 0.7777780294
70235  -52.870  -22.966  64.703 0.5555559993
71122  -53.638  -22.524  64.521 0.4444440007
70229  -51.636  -22.983  65.595 0.7777780294
70230  -52.125  -22.774  65.825 0.7777780294
70231  -52.645  -22.738  65.455 0.6666669846
71118  -53.392  -22.409  65.387 0.6666669846
126626  -54.284  -21.955  64.295 0.5555559993
71123  -54.040  -21.954  65.089 0.5555559993
144939  -53.918  -21.963  65.597 0.5555559993
71964  -54.697  -21.374  64.932 0.5555559993
71965  -55.302  -20.794  64.786 0.5555559993
135292  -56.244  -19.663  65.283 0.4444440007
73656  -56.436  -18.970  64.922 0.5555559993
129950  -55.598  -16.445  65.075 0.2222220004
75495  -54.425  -16.588  65.944 0.3333329856
70220  -52.091  -22.593  66.303 0.7777780294
71114  -52.772  -22.430  66.108 0.6666669846
71960  -54.491  -21.495  65.783 0.3333329856
71958  -55.124  -20.831  66.402 0.3333329856
71961  -55.197  -20.851  65.538 0.5555559993
72780  -55.842  -20.255  65.184 0.3333329856
73648  -56.418  -19.221  65.865 0.3333329856
74600  -56.558  -18.332  66.195 0.3333329856
122505  -56.265  -16.380  66.155 0.2222220004
123734  -56.552  -18.273  65.385 0.3333329856
76380  -55.840  -16.003  66.382 0.2222220004
76371  -54.942  -15.847  67.341 0.2222220004
76370  -53.855  -16.074  67.672 0.1111110002
75518  -56.498  -17.372  64.971 0.3333329856
138058  -56.387  -16.824  65.562 0.2222220004
131544  -55.473  -16.276  65.743 0.2222220004
76377  -53.435  -16.602  67.160 0.1111110002
76362  -53.006  -16.150  68.248 0.1111110002
77246  -51.566  -15.870  69.323 0.1111110002
75494  -53.489  -16.857  66.550 0.3333329856
75485  -52.077  -17.193  67.219 0.1111110002
76368  -51.669  -16.901  67.942 0.1111110002
76359  -50.357  -16.464  68.558 0.1111110002
76366  -49.320  -16.679  67.966 0.1111110002
76357  -48.296  -15.505  68.037 0.1111110002
77264  -47.605  -15.689  67.213 0.1111110002
71119  -53.758  -21.904  66.178 0.6666669846
72773  -55.666  -20.339  66.940 0.3333329856
72777  -56.100  -19.903  65.795 0.3333329856
74592  -56.558  -18.266  66.904 0.3333329856
128256  -56.575  -17.519  66.996 0.2222220004
77268  -55.972  -15.820  67.030 0.2222220004
77249  -54.503  -15.029  68.931 0.1111110002
78100  -53.026  -14.472  70.385 0.1111110002
77259  -53.693  -15.691  68.527 0.1111110002
77258  -52.682  -15.883  68.950 0.1111110002
77240  -52.161  -15.063  70.100 0.1111110002
78094  -52.466  -13.859  70.941 0.1111110002
144195  -51.807  -15.401  69.798 0.1111110002
77239  -51.228  -15.088  70.069 0.1111110002
79007  -51.077  -13.422  70.698 0.1111110002
80839  -50.784  -12.007  70.227 0.1111110002
142069  -49.339  -15.220  69.107 0.1111110002
79930  -50.271  -12.551  69.639 0.1111110002
80861  -50.560  -11.720  69.383 0.1111110002
77256  -48.977  -15.347  68.748 0.1111110002
78119  -48.801  -14.020  68.586 0.1111110002
79946  -50.095  -12.185  68.799 0.1111110002
81751  -51.900  -9.810  67.921 0.1111110002
78124  -47.757  -14.898  67.364 0.1111110002
79954  -49.553  -12.606  67.488 0.1111110002
80882  -50.653  -11.627  67.470 0.1111110002
79038  -48.848  -13.149  67.085 0.1111110002
78111  -55.516  -14.497  69.165 0.1111110002
133284  -54.783  -14.368  69.468 0.1111110002
79894  -52.097  -12.649  71.269 0.1111110002
138618  -51.337  -11.691  70.749 0.1111110002
80840  -51.068  -11.127  70.147 0.1111110002
81758  -51.601  -10.554  67.474 0.1111110002
80891  -50.719  -11.639  66.629 0.1111110002
66580  -44.536  -28.145  68.211 0.4444440007
66564  -43.849  -28.283  68.250 0.4444440007
65620  -44.076  -28.071  68.988 0.4444440007
65619  -43.409  -28.554  68.624 0.5555559993
34650  -1.426  -61.179  85.784 0.1111110002
41198  -17.522  -54.681  84.435 0.3333329856
47672  -26.036  -47.167  79.550 0.7777780294
46832  -25.671  -48.216  78.006 0.7777780294
53343  -26.884  -41.729  80.952 0.2222220004
53356  -26.309  -41.554  80.271 0.2222220004
57234  -29.697  -37.352  80.537 0.2222220004
57243  -28.766  -37.519  79.324 0.2222220004
58912  -27.609  -35.310  78.406 0.1111110002
121500  -35.083  -34.812  70.332 0.3333329856
130590  -43.625  -34.838  68.024 0.6666669846
128543  -40.725  -33.245  67.426 0.7777780294
135158  -39.700  -31.216  67.518 0.7777780294
131340  -39.827  -32.079  67.410 0.7777780294
63734  -39.580  -30.397  67.593 0.7777780294
66576  -39.334  -27.022  67.173 0.7777780294
144316  -40.727  -26.879  66.585 0.7777780294
70223  -44.586  -23.707  65.361 0.7777780294
69345  -45.825  -24.283  64.892 0.7777780294
34636  -1.303  -61.327  86.356 0.1111110002
53358  -28.258  -41.545  80.147 0.2222220004
56298  -30.351  -38.337  80.932 0.2222220004
54504  -37.753  -40.042  68.609 0.7777780294
121090  -42.217  -37.385  68.686 0.5555559993
59914  -35.513  -34.822  72.902 0.3333329856
35686  -1.531  -60.278  85.732 0.1111110002
35701  -2.934  -60.424  84.922 0.1111110002
143786  -1.177  -59.173  86.046 0.1111110002
37582  -1.683  -59.048  85.685 0.1111110002
45045  -26.047  -49.944  78.633 0.7777780294
46833  -26.212  -48.339  78.731 0.7777780294
133297  -25.558  -49.004  77.768 0.7777780294
139648  -24.500  -52.526  78.403 0.6666669846
44094  -24.493  -51.129  77.492 0.7777780294
45981  -24.887  -49.432  77.269 0.7777780294
53359  -28.588  -41.557  80.906 0.2222220004
56300  -31.014  -38.882  82.087 0.1111110002
54323  -30.531  -39.746  81.560 0.1111110002
53362  -30.924  -40.041  82.052 0.1111110002
55305  -31.942  -39.155  83.180 0.1111110002
54475  -38.627  -40.621  70.398 0.5555559993
57235  -30.156  -37.810  81.019 0.2222220004
55486  -39.526  -39.408  68.467 0.6666669846
55471  -41.258  -39.501  69.436 0.5555559993
56417  -40.946  -39.067  68.751 0.6666669846
57332  -41.800  -38.111  68.780 0.5555559993
58047  -29.281  -36.417  82.159 0.1111110002
58899  -28.811  -35.627  81.114 0.1111110002
124926  -29.053  -36.330  80.888 0.1111110002
60960  -45.017  -33.885  68.240 0.4444440007
138775  -42.591  -33.078  67.833 0.7777780294
58148  -37.067  -35.714  72.673 0.2222220004
131670  -36.218  -35.535  73.163 0.2222220004
58999  -37.272  -35.393  72.015 0.2222220004
59935  -37.575  -34.891  71.475 0.2222220004
146077  -35.725  -34.758  70.589 0.2222220004
60959  -44.429  -33.018  68.164 0.4444440007
61952  -42.910  -32.176  68.304 0.6666669846
134979  -40.607  -32.136  67.596 0.7777780294
62854  -42.126  -31.718  68.140 0.7777780294
58967  -36.192  -35.572  73.766 0.1111110002
63736  -41.121  -30.831  67.939 0.7777780294
65640  -45.124  -28.168  68.115 0.3333329856
65621  -45.795  -27.768  68.459 0.3333329856
141233  -35.402  -34.082  73.839 0.2222220004
58953  -35.815  -35.178  74.071 0.1111110002
63714  -43.715  -29.782  69.506 0.5555559993
62839  -42.671  -31.201  68.567 0.7777780294
64666  -40.938  -29.964  68.009 0.7777780294
65638  -42.989  -28.591  67.868 0.5555559993
60865  -35.247  -33.511  74.071 0.1111110002
63726  -42.481  -30.242  68.535 0.7777780294
137646  -41.460  -29.348  67.972 0.7777780294
145163  -40.431  -28.250  67.484 0.7777780294
131954  -41.651  -28.361  67.427 0.7777780294
69355  -46.970  -24.687  64.672 0.7777780294
69346  -46.531  -24.163  64.918 0.7777780294
126073  -47.730  -24.646  64.589 0.6666669846
69356  -49.172  -24.573  64.229 0.6666669846
67532  -51.799  -26.459  63.018 0.3333329856
140987  -46.208  -23.229  65.619 0.6666669846
130319  -48.817  -23.549  65.356 0.6666669846
123254  -44.398  -21.688  68.044 0.4444440007
71107  -45.274  -22.295  66.687 0.6666669846
71108  -46.082  -22.369  66.666 0.6666669846
71109  -46.736  -22.395  66.678 0.5555559993
70227  -49.731  -23.222  65.608 0.6666669846
69363  -52.728  -24.006  63.329 0.4444440007
70234  -52.158  -23.370  64.416 0.5555559993
135732  -44.983  -21.561  68.077 0.4444440007
71094  -46.259  -22.013  67.193 0.5555559993
71079  -45.708  -21.683  67.750 0.5555559993
71110  -47.583  -22.430  66.838 0.5555559993
70216  -48.309  -22.776  66.383 0.5555559993
71073  -44.018  -21.577  69.949 0.3333329856
71924  -44.717  -21.128  69.441 0.3333329856
72776  -55.678  -20.335  66.070 0.3333329856
76379  -55.268  -16.053  66.642 0.2222220004
76385  -55.965  -16.354  65.478 0.3333329856
76378  -54.288  -16.380  66.891 0.2222220004
72774  -56.148  -19.854  66.501 0.3333329856
75496  -56.480  -16.721  66.760 0.2222220004
139850  -56.550  -17.606  65.724 0.3333329856
131785  -55.440  -15.774  67.190 0.2222220004
77265  -54.721  -15.484  68.046 0.1111110002
77248  -53.293  -15.354  69.293 0.1111110002
141600  -52.867  -16.991  67.041 0.1111110002
76361  -52.142  -16.427  68.481 0.1111110002
76348  -50.606  -16.084  69.079 0.1111110002
77245  -50.443  -15.442  69.545 0.1111110002
77244  -49.698  -15.037  69.460 0.1111110002
78125  -48.297  -14.512  67.973 0.1111110002
76365  -48.033  -16.300  67.456 0.1111110002
77266  -55.455  -15.513  67.684 0.1111110002
77260  -55.436  -15.060  68.383 0.1111110002
78110  -53.814  -14.742  69.697 0.1111110002
78109  -52.883  -15.037  69.813 0.1111110002
136682  -51.625  -13.938  70.811 0.1111110002
78098  -50.978  -14.291  70.477 0.1111110002
79015  -50.270  -13.909  70.203 0.1111110002
144472  -51.627  -13.037  71.037 0.1111110002
132274  -50.380  -13.223  70.148 0.1111110002
81714  -51.696  -10.379  70.496 0.1111110002
78107  -49.700  -14.289  69.632 0.1111110002
78120  -49.164  -14.683  69.077 0.1111110002
79929  -49.771  -12.769  69.055 0.1111110002
81731  -51.374  -10.389  69.493 0.1111110002
79026  -49.379  -13.318  68.810 0.1111110002
79032  -49.084  -13.200  68.041 0.1111110002
80862  -50.945  -11.039  68.958 0.1111110002
80875  -51.078  -11.089  67.922 0.1111110002
79955  -50.081  -12.092  67.909 0.1111110002
129523  -48.469  -13.400  66.419 0.1111110002
79031  -48.546  -13.732  67.807 0.1111110002
78102  -55.357  -13.965  69.713 0.1111110002
80815  -51.938  -11.860  71.287 0.1111110002
126303  -51.762  -11.087  71.013 0.1111110002
66565  -44.482  -27.858  68.790 0.3333329856
66566  -45.073  -27.549  68.840 0.3333329856
64643  -43.766  -28.768  69.310 0.3333329856
31921  -5.875  -65.158  89.828 0.1111110002
31026  -5.107  -65.756  89.530 0.1111110002
30068  -2.658  -67.353  88.435 0.1111110002
30069  -3.042  -66.989  88.783 0.2222220004
31922  -6.560  -64.485  90.186 0.1111110002
31927  -6.366  -64.698  89.056 0.3333329856
29106  -2.231  -67.059  87.600 0.1111110002
32800  -7.948  -63.340  90.365 0.1111110002
31928  -6.987  -64.128  89.422 0.3333329856
32802  -7.615  -63.604  89.590 0.3333329856
126051  -8.165  -63.140  89.679 0.1111110002
33634  -8.672  -62.777  90.225 0.1111110002
32805  -7.277  -63.816  88.723 0.6666669846
32806  -7.941  -63.243  88.821 0.2222220004
130871  -2.187  -66.239  87.158 0.3333329856
33649  -9.172  -62.401  88.712 0.2222220004
33663  -8.947  -62.426  87.709 0.3333329856
34612  -9.711  -61.834  89.057 0.1111110002
131890  -12.172  -58.498  89.130 0.1111110002
37531  -12.611  -58.344  89.725 0.1111110002
38492  -13.616  -57.619  89.203 0.1111110002
136200  -14.143  -57.294  88.794 0.1111110002
37532  -13.187  -57.986  89.660 0.1111110002
38504  -14.360  -56.991  88.155 0.2222220004
39451  -15.091  -56.657  88.034 0.1111110002
135519  -12.883  -58.022  88.906 0.1111110002
37544  -12.188  -58.482  88.263 0.2222220004
37560  -12.512  -58.108  87.376 0.2222220004
38515  -13.186  -57.519  87.407 0.2222220004
134608  -13.553  -57.434  88.287 0.2222220004
140034  -14.625  -56.663  87.585 0.1111110002
38516  -13.948  -56.938  87.381 0.2222220004
38528  -12.799  -57.699  86.617 0.4444440007
39476  -14.586  -56.438  86.975 0.2222220004
38529  -13.470  -57.159  86.631 0.2222220004
39475  -14.080  -56.640  86.529 0.2222220004
136331  -12.899  -57.030  84.827 0.5555559993
128696  -13.593  -56.720  85.257 0.3333329856
39491  -14.253  -56.357  85.737 0.2222220004
39492  -14.858  -55.988  85.932 0.2222220004
39507  -14.119  -56.221  84.796 0.3333329856
40342  -14.779  -55.877  85.227 0.2222220004
40343  -15.565  -55.697  85.680 0.2222220004
40360  -14.622  -55.724  84.367 0.5555559993
40361  -15.367  -55.508  84.703 0.4444440007
35632  -2.408  -60.255  89.151 0.1111110002
143141  -3.795  -60.392  89.072 0.1111110002
40362  -16.245  -55.299  84.984 0.2222220004
40344  -17.261  -55.026  85.330 0.2222220004
41197  -16.784  -54.933  84.454 0.2222220004
40330  -20.575  -55.237  86.268 0.1111110002
41184  -20.255  -54.831  85.547 0.1111110002
41196  -15.934  -55.079  83.915 0.4444440007
123126  -17.967  -54.687  84.987 0.2222220004
130194  -18.688  -54.625  85.015 0.2222220004
39478  -22.770  -56.142  86.693 0.1111110002
40318  -21.881  -55.895  86.968 0.1111110002
40331  -21.380  -55.475  86.199 0.1111110002
40332  -22.280  -55.784  85.983 0.1111110002
40347  -21.010  -55.035  85.716 0.1111110002
137063  -19.638  -54.576  84.917 0.1111110002
41200  -19.094  -54.374  84.298 0.2222220004
38518  -24.230  -57.569  88.079 0.1111110002
139347  -23.956  -57.234  87.487 0.1111110002
39467  -23.324  -56.688  87.270 0.1111110002
141576  -20.428  -54.585  84.787 0.1111110002
41217  -19.450  -54.067  83.574 0.3333329856
121673  -21.759  -55.014  84.799 0.1111110002
140894  -26.904  -57.736  84.532 0.1111110002
39510  -27.773  -56.718  83.925 0.1111110002
45881  -29.155  -48.925  83.195 0.2222220004
40348  -21.635  -55.245  85.467 0.1111110002
38567  -27.292  -57.341  84.142 0.1111110002
45895  -28.569  -49.405  82.537 0.2222220004
41201  -20.083  -54.321  84.124 0.2222220004
41185  -21.086  -54.794  85.044 0.1111110002
39525  -27.719  -56.078  83.353 0.1111110002
41236  -27.406  -54.200  82.984 0.2222220004
43060  -26.906  -52.701  82.817 0.2222220004
142102  -27.093  -52.258  82.932 0.2222220004
44995  -27.691  -50.757  82.162 0.3333329856
44996  -28.268  -50.262  82.622 0.2222220004
125707  -27.946  -49.843  81.875 0.3333329856
39536  -27.370  -55.407  82.788 0.1111110002
40379  -27.918  -54.911  83.385 0.2222220004
42117  -27.025  -53.309  82.957 0.2222220004
44055  -27.078  -51.211  81.803 0.2222220004
42116  -26.597  -53.002  82.296 0.2222220004
43069  -26.793  -52.112  82.216 0.2222220004
39479  -23.404  -56.554  86.245 0.1111110002
38530  -24.679  -57.728  86.249 0.1111110002
144944  -22.922  -56.076  86.110 0.1111110002
39494  -24.135  -57.125  85.185 0.1111110002
123579  -25.316  -57.998  85.801 0.1111110002
38566  -26.138  -57.752  84.418 0.1111110002
39480  -24.102  -57.162  85.878 0.1111110002
38548  -24.772  -57.636  85.306 0.1111110002
38549  -25.681  -57.952  85.126 0.1111110002
40365  -23.031  -55.824  84.523 0.1111110002
38565  -25.306  -57.618  84.494 0.1111110002
45894  -28.301  -48.876  82.001 0.2222220004
46784  -28.824  -48.596  82.560 0.2222220004
144469  -20.141  -54.017  83.420 0.3333329856
41202  -21.015  -54.516  84.281 0.2222220004
40363  -21.721  -54.803  84.200 0.1111110002
39524  -26.453  -56.982  83.123 0.1111110002
39535  -26.087  -56.652  82.443 0.1111110002
41218  -20.760  -54.239  83.523 0.3333329856
41219  -21.511  -54.581  83.529 0.3333329856
121280  -26.914  -56.411  82.868 0.1111110002
129945  -27.041  -54.956  82.277 0.2222220004
45011  -27.280  -50.437  81.460 0.3333329856
41232  -20.508  -53.966  82.833 0.4444440007
42126  -26.333  -53.394  81.721 0.2222220004
42114  -19.297  -53.444  82.296 0.5555559993
42115  -20.104  -53.672  82.175 0.5555559993
38564  -24.523  -57.265  84.573 0.1111110002
39508  -23.756  -56.603  84.701 0.1111110002
39523  -25.869  -57.154  83.075 0.1111110002
39509  -24.335  -56.952  83.883 0.1111110002
38577  -25.695  -57.440  83.767 0.1111110002
39546  -26.080  -56.058  81.825 0.1111110002
40377  -22.234  -55.000  83.582 0.2222220004
39522  -25.051  -57.093  83.217 0.1111110002
39534  -25.301  -56.800  82.498 0.1111110002
40386  -26.725  -55.857  82.231 0.2222220004
41235  -26.762  -54.002  82.150 0.2222220004
136634  -27.376  -49.792  81.233 0.3333329856
45908  -27.696  -49.101  81.400 0.3333329856
41233  -21.220  -54.331  82.801 0.4444440007
39544  -24.764  -56.518  81.992 0.2222220004
39545  -25.391  -56.384  81.874 0.2222220004
41245  -26.456  -55.161  81.608 0.2222220004
41253  -26.216  -54.155  81.358 0.2222220004
43068  -26.240  -52.550  81.532 0.2222220004
132022  -26.524  -51.637  81.354 0.2222220004
44062  -26.761  -50.833  80.997 0.4444440007
46794  -27.946  -48.218  81.610 0.2222220004
41241  -20.921  -54.003  81.991 0.4444440007
40390  -24.695  -56.069  81.289 0.2222220004
41251  -24.838  -55.018  80.091 0.4444440007
41244  -25.873  -54.965  80.921 0.2222220004
42135  -25.933  -53.335  81.141 0.3333329856
43090  -25.842  -51.923  80.302 0.4444440007
45023  -26.978  -50.077  80.740 0.4444440007
45929  -27.165  -49.286  80.765 0.4444440007
46808  -27.283  -48.412  81.047 0.4444440007
144638  -25.413  -54.798  80.458 0.3333329856
42134  -25.579  -53.371  80.434 0.4444440007
44054  -26.294  -51.308  80.570 0.5555559993
45022  -26.562  -50.475  80.017 0.5555559993
45928  -26.852  -49.535  79.977 0.4444440007
137524  -26.818  -48.523  80.259 0.5555559993
47663  -26.894  -47.666  80.826 0.4444440007
45949  -26.425  -49.748  79.226 0.5555559993
142988  -26.598  -47.814  80.277 0.5555559993
40378  -22.860  -55.582  83.708 0.2222220004
39521  -23.586  -56.355  83.681 0.1111110002
41234  -22.051  -54.818  82.685 0.2222220004
39532  -23.850  -56.421  82.731 0.2222220004
42124  -20.363  -53.681  81.422 0.5555559993
40389  -23.805  -55.850  81.054 0.2222220004
40399  -24.334  -55.543  80.508 0.3333329856
42154  -25.069  -52.737  79.157 0.4444440007
43077  -25.476  -52.638  80.032 0.4444440007
43098  -25.102  -51.888  78.756 0.4444440007
47662  -26.482  -47.043  80.366 0.6666669846
137079  -23.262  -55.950  83.064 0.2222220004
128786  -22.737  -55.433  82.903 0.2222220004
40385  -23.321  -55.958  82.326 0.2222220004
40384  -22.742  -55.428  82.016 0.2222220004
40388  -22.893  -55.484  81.016 0.3333329856
41242  -21.493  -54.494  81.331 0.4444440007
139344  -22.150  -54.694  80.057 0.3333329856
40398  -23.538  -55.416  80.303 0.4444440007
40409  -24.082  -55.099  79.808 0.4444440007
41260  -22.010  -54.039  78.812 0.5555559993
133230  -23.188  -54.621  79.071 0.4444440007
41263  -24.607  -54.356  79.506 0.4444440007
42152  -23.174  -53.615  78.270 0.5555559993
51342  -33.383  -43.724  78.361 0.1111110002
51341  -32.706  -44.104  78.076 0.1111110002
50323  -32.054  -44.498  77.828 0.2222220004
140175  -31.777  -44.265  77.255 0.3333329856
51364  -31.384  -43.766  76.079 0.6666669846
138846  -34.631  -42.988  79.221 0.1111110002
51354  -33.657  -42.944  77.934 0.1111110002
53363  -35.638  -41.062  79.928 0.1111110002
52351  -35.463  -42.310  80.117 0.1111110002
52362  -34.996  -42.350  79.361 0.1111110002
132283  -34.613  -42.436  78.724 0.1111110002
145576  -34.179  -42.535  78.235 0.1111110002
52380  -34.551  -41.770  78.110 0.2222220004
53440  -33.512  -40.868  76.384 0.5555559993
53422  -33.811  -41.533  76.903 0.4444440007
54369  -33.120  -40.274  76.095 0.5555559993
53364  -35.956  -40.291  80.464 0.1111110002
53383  -35.012  -41.407  78.761 0.1111110002
52363  -35.337  -41.601  79.457 0.1111110002
54358  -34.038  -40.171  77.043 0.4444440007
53405  -34.821  -40.629  78.046 0.3333329856
54453  -37.445  -40.692  71.532 0.3333329856
54420  -40.413  -40.815  73.168 0.2222220004
54441  -41.176  -40.491  72.477 0.2222220004
55425  -41.748  -39.993  71.993 0.2222220004
121231  -38.008  -40.644  72.265 0.3333329856
54439  -39.528  -40.621  72.674 0.2222220004
54457  -41.015  -40.294  71.694 0.2222220004
55426  -42.504  -39.752  72.278 0.2222220004
121228  -36.852  -40.767  70.785 0.4444440007
54454  -38.347  -40.654  71.383 0.3333329856
54456  -40.216  -40.402  71.463 0.2222220004
55438  -40.924  -40.273  70.859 0.3333329856
121227  -37.728  -40.725  70.653 0.3333329856
55414  -42.790  -39.895  73.070 0.2222220004
55415  -43.425  -39.371  73.441 0.2222220004
123746  -43.670  -38.698  72.992 0.1111110002
55439  -41.604  -39.940  71.200 0.2222220004
55427  -43.138  -39.299  72.625 0.2222220004
56379  -43.448  -38.665  72.148 0.1111110002
54455  -39.307  -40.538  71.222 0.3333329856
55440  -42.240  -39.612  71.547 0.2222220004
56390  -42.568  -39.155  71.196 0.2222220004
57293  -43.986  -38.097  72.533 0.1111110002
54492  -39.033  -40.485  69.649 0.3333329856
55458  -41.471  -39.785  70.346 0.3333329856
55459  -42.078  -39.457  70.783 0.2222220004
56405  -42.602  -38.893  70.480 0.3333329856
56404  -41.997  -39.238  69.924 0.3333329856
138988  -44.144  -38.119  73.322 0.1111110002
57294  -44.366  -37.497  72.092 0.1111110002
58117  -44.797  -36.843  73.425 0.1111110002
57306  -43.842  -38.083  71.667 0.1111110002
57307  -44.347  -37.544  71.106 0.1111110002
57321  -44.544  -37.208  70.368 0.1111110002
58150  -44.735  -36.914  71.697 0.1111110002
56419  -42.539  -38.620  69.662 0.4444440007
125225  -42.974  -38.112  69.492 0.3333329856
57333  -42.409  -38.137  69.114 0.4444440007
57334  -43.563  -37.731  69.572 0.1111110002
58118  -45.201  -36.179  73.719 0.1111110002
58132  -44.708  -36.886  72.534 0.1111110002
58133  -45.089  -36.306  72.846 0.1111110002
125540  -45.627  -35.657  73.092 0.1111110002
122638  -45.458  -35.975  72.165 0.1111110002
129938  -44.886  -36.838  70.859 0.1111110002
58151  -45.257  -36.387  71.440 0.1111110002
57335  -44.241  -37.115  69.642 0.1111110002
57347  -43.603  -37.055  69.050 0.4444440007
58160  -44.916  -36.684  70.054 0.1111110002
138109  -42.965  -36.991  68.754 0.4444440007
58187  -43.512  -36.344  68.584 0.4444440007
59917  -46.081  -35.043  73.005 0.1111110002
58985  -45.972  -35.313  72.240 0.1111110002
133461  -45.410  -36.257  70.570 0.1111110002
59001  -45.838  -35.684  71.241 0.1111110002
143273  -46.269  -35.177  70.664 0.1111110002
58172  -45.341  -36.038  69.751 0.2222220004
132391  -44.134  -36.616  69.018 0.3333329856
59033  -45.065  -35.686  69.057 0.2222220004
59016  -46.302  -34.947  69.933 0.2222220004
59975  -46.775  -34.245  69.762 0.1111110002
59049  -45.379  -34.788  68.663 0.2222220004
59974  -46.163  -34.480  69.178 0.2222220004
60949  -45.891  -33.837  68.647 0.2222220004
61946  -46.294  -33.041  68.853 0.2222220004
61947  -47.066  -32.800  69.334 0.2222220004
61945  -45.390  -32.947  68.492 0.3333329856
144037  -46.521  -32.541  69.047 0.2222220004
62829  -46.642  -31.927  69.242 0.2222220004
61944  -45.129  -31.996  68.860 0.3333329856
62828  -45.688  -31.554  69.327 0.2222220004
63717  -46.229  -31.040  69.820 0.2222220004
61954  -44.622  -32.363  68.511 0.3333329856
63716  -45.241  -30.713  70.039 0.2222220004
61953  -43.880  -32.261  68.441 0.4444440007
62840  -43.497  -31.477  68.824 0.3333329856
62827  -44.755  -31.225  69.464 0.3333329856
63715  -44.401  -30.270  69.908 0.3333329856
63727  -43.209  -30.485  69.027 0.4444440007
64689  -47.610  -29.579  65.970 0.4444440007
142048  -46.400  -28.076  64.723 0.4444440007
64703  -48.003  -29.318  65.281 0.4444440007
67525  -47.381  -27.158  64.357 0.4444440007
121320  -48.474  -28.824  64.642 0.4444440007
122361  -46.789  -26.513  64.422 0.4444440007
67526  -48.197  -26.652  64.104 0.4444440007
66615  -48.769  -27.414  63.951 0.4444440007
67529  -49.055  -26.625  63.738 0.4444440007
67530  -49.758  -26.679  63.538 0.4444440007
68465  -48.714  -25.603  63.918 0.4444440007
68468  -49.495  -25.824  63.633 0.4444440007
129090  -50.343  -26.055  63.374 0.4444440007
144654  -48.399  -24.909  64.312 0.5555559993
71926  -46.417  -20.841  68.872 0.3333329856
125867  -49.080  -23.060  65.998 0.5555559993
71938  -46.898  -21.285  68.336 0.4444440007
71081  -47.329  -21.648  67.841 0.3333329856
71095  -46.966  -21.989  67.247 0.4444440007
71096  -47.876  -22.045  67.465 0.4444440007
70203  -49.339  -22.663  66.619 0.5555559993
70217  -49.970  -22.874  66.222 0.5555559993
143041  -50.455  -22.998  65.913 0.5555559993
120894  -51.103  -22.941  65.915 0.6666669846
137030  -48.846  -21.901  67.659 0.2222220004
71084  -50.358  -21.938  67.807 0.3333329856
70204  -50.132  -22.625  66.773 0.4444440007
71099  -51.298  -22.414  67.054 0.3333329856
71112  -51.339  -22.679  66.451 0.5555559993
71113  -51.767  -22.524  66.649 0.4444440007
70219  -51.660  -22.752  66.139 0.5555559993
71115  -53.185  -21.941  66.832 0.4444440007
36631  -11.538  -59.234  88.058 0.2222220004
36614  -11.302  -59.479  89.620 0.1111110002
123981  -11.621  -58.961  88.955 0.1111110002
37530  -11.927  -58.856  89.860 0.1111110002
29091  -2.994  -67.563  89.316 0.2222220004
30070  -3.635  -66.650  89.110 0.2222220004
30062  -3.890  -66.795  89.992 0.1111110002
33648  -8.512  -62.797  88.333 0.2222220004
34627  -9.602  -61.943  88.060 0.2222220004
35651  -10.776  -60.543  88.088 0.1111110002
34613  -10.255  -61.310  88.351 0.2222220004
40376  -15.080  -55.343  83.934 0.4444440007
41199  -18.234  -54.462  84.395 0.2222220004
42125  -20.927  -53.966  80.974 0.5555559993
41249  -21.732  -54.260  79.609 0.4444440007
42151  -22.330  -53.577  78.200 0.5555559993
43993  -12.885  -50.845  85.424 0.3333329856
65667  -46.730  -28.611  64.935 0.4444440007
64688  -46.765  -29.411  66.086 0.4444440007
35652  -11.126  -59.904  87.860 0.2222220004
38547  -13.077  -57.289  85.781 0.3333329856
41250  -22.151  -54.891  80.769 0.4444440007
65668  -47.571  -28.739  64.775 0.4444440007
51353  -32.346  -43.872  77.397 0.3333329856
121488  -33.027  -43.415  77.579 0.3333329856
55456  -39.826  -40.263  69.697 0.3333329856
58188  -44.373  -36.038  68.754 0.2222220004
62826  -43.940  -30.882  69.383 0.4444440007
143573  -47.500  -26.285  64.299 0.4444440007
121099  -47.932  -25.592  64.233 0.4444440007
124190  -52.372  -22.317  66.747 0.3333329856
41231  -19.765  -53.779  82.915 0.5555559993
57346  -42.982  -37.610  69.077 0.4444440007
143560  -24.635  -53.115  78.744 0.4444440007
71080  -46.485  -21.672  67.760 0.4444440007
71111  -48.632  -22.388  67.081 0.4444440007
29098  -2.361  -67.843  88.155 0.1111110002
30061  -3.312  -67.130  89.681 0.2222220004
31923  -7.290  -63.923  90.353 0.2222220004
33637  -8.649  -62.787  89.266 0.2222220004
37545  -12.892  -57.934  88.048 0.3333329856
39490  -13.713  -56.856  85.989 0.2222220004
41183  -19.202  -54.835  85.685 0.2222220004
39468  -24.020  -57.169  86.740 0.1111110002
40349  -22.355  -55.513  85.088 0.1111110002
146265  -21.393  -54.755  84.589 0.2222220004
38578  -26.485  -57.393  83.769 0.1111110002
38579  -27.109  -56.916  83.496 0.1111110002
40333  -23.112  -56.047  85.478 0.1111110002
39493  -23.694  -56.685  85.506 0.1111110002
37595  -26.044  -58.327  85.789 0.1111110002
40364  -22.336  -55.249  84.325 0.1111110002
38576  -25.005  -57.310  83.964 0.1111110002
144024  -26.069  -51.964  80.956 0.2222220004
136643  -24.268  -56.773  83.183 0.1111110002
40391  -25.638  -55.784  81.285 0.2222220004
39533  -24.566  -56.696  82.544 0.2222220004
39543  -24.041  -56.314  81.870 0.2222220004
40400  -25.147  -55.451  80.694 0.2222220004
41252  -25.738  -54.138  80.725 0.3333329856
43078  -25.821  -52.598  80.777 0.3333329856
41264  -25.267  -54.200  80.118 0.4444440007
42145  -25.160  -53.470  79.714 0.3333329856
138334  -21.548  -54.519  82.119 0.4444440007
127226  -23.361  -55.871  81.602 0.2222220004
41262  -23.813  -54.621  79.246 0.4444440007
138185  -24.673  -53.584  79.056 0.4444440007
41243  -22.158  -54.930  81.663 0.3333329856
40397  -22.776  -55.041  80.176 0.3333329856
41261  -22.562  -54.641  79.362 0.4444440007
41267  -22.785  -54.245  78.652 0.5555559993
41268  -23.531  -54.195  78.737 0.4444440007
42153  -24.071  -53.469  78.545 0.4444440007
53423  -34.391  -41.087  77.452 0.2222220004
54370  -33.646  -39.355  76.702 0.4444440007
54440  -40.315  -40.486  72.231 0.2222220004
55413  -42.055  -40.277  72.717 0.2222220004
121230  -38.896  -40.607  72.117 0.3333329856
121806  -39.637  -40.493  71.965 0.3333329856
54477  -40.084  -40.384  70.626 0.3333329856
55457  -40.683  -40.007  69.967 0.3333329856
56391  -43.205  -38.632  71.201 0.1111110002
56406  -43.274  -38.322  70.181 0.1111110002
57320  -43.984  -37.731  70.269 0.1111110002
59034  -45.738  -35.311  69.439 0.1111110002
62841  -44.302  -31.703  68.918 0.3333329856
64690  -48.488  -29.634  65.911 0.4444440007
64704  -48.885  -29.355  65.211 0.4444440007
120691  -48.072  -27.894  64.325 0.4444440007
66609  -49.031  -28.246  64.132 0.4444440007
71927  -47.407  -20.781  68.790 0.2222220004
71082  -48.152  -21.617  67.906 0.3333329856
70218  -50.758  -22.726  66.506 0.5555559993
71097  -49.679  -22.289  67.318 0.3333329856
71098  -50.589  -22.409  67.192 0.3333329856
71085  -51.550  -21.958  67.782 0.3333329856
36630  -11.118  -59.811  88.736 0.1111110002
30082  -1.823  -66.470  86.410 0.1111110002
31940  -1.279  -64.274  86.313 0.1111110002
31046  -1.458  -64.993  86.083 0.1111110002
34596  -10.159  -61.214  89.446 0.1111110002
45870  -29.708  -49.782  84.324 0.1111110002
45882  -29.684  -49.010  83.946 0.1111110002
146149  -30.080  -49.112  84.504 0.1111110002
46762  -30.291  -48.538  84.209 0.1111110002
48444  -23.353  -46.094  83.217 0.2222220004
49312  -23.747  -45.930  84.146 0.1111110002
144993  -23.403  -45.376  83.558 0.1111110002
141932  -23.788  -45.011  84.286 0.1111110002
50221  -23.262  -44.539  83.421 0.1111110002
55363  -34.271  -39.052  77.169 0.3333329856
55370  -32.983  -39.144  76.339 0.4444440007
55364  -34.881  -39.241  77.543 0.3333329856
55383  -34.055  -38.476  76.528 0.2222220004
55372  -34.421  -38.843  76.977 0.3333329856
134947  -33.520  -38.409  76.680 0.3333329856
55384  -34.767  -39.320  76.200 0.2222220004
55373  -35.041  -39.186  77.143 0.2222220004
123974  -34.243  -38.879  75.633 0.3333329856
54383  -35.520  -40.013  76.378 0.2222220004
54372  -36.262  -40.698  76.458 0.2222220004
54395  -35.005  -39.916  74.936 0.2222220004
54396  -35.745  -40.558  74.660 0.2222220004
64681  -48.147  -29.672  66.672 0.3333329856
123635  -50.363  -27.887  63.685 0.3333329856
67531  -51.047  -26.771  63.232 0.3333329856
67533  -53.087  -26.736  62.948 0.2222220004
67538  -53.628  -26.448  62.635 0.3333329856
66616  -49.599  -27.537  63.704 0.3333329856
70242  -53.578  -23.962  62.789 0.2222220004
70259  -54.846  -23.086  60.815 0.2222220004
70243  -53.975  -23.351  62.737 0.2222220004
71128  -54.320  -22.594  62.582 0.2222220004
71138  -54.658  -22.402  61.500 0.2222220004
131803  -53.567  -23.343  63.324 0.3333329856
70239  -53.925  -22.693  63.596 0.2222220004
71153  -55.251  -21.953  60.436 0.2222220004
71975  -54.702  -21.786  62.264 0.2222220004
71989  -54.903  -21.611  61.324 0.2222220004
71990  -55.281  -20.902  60.782 0.2222220004
137020  -54.961  -21.129  62.882 0.2222220004
71976  -55.144  -20.982  61.801 0.3333329856
72820  -55.900  -19.984  60.224 0.2222220004
72831  -56.522  -20.175  59.412 0.3333329856
72806  -55.676  -19.865  61.160 0.3333329856
73700  -56.492  -18.793  60.331 0.3333329856
71967  -54.477  -21.896  63.329 0.2222220004
136675  -54.981  -21.182  64.003 0.3333329856
71968  -55.357  -20.566  63.353 0.4444440007
72795  -55.477  -20.285  62.410 0.3333329856
72821  -56.805  -18.858  59.446 0.3333329856
73675  -56.250  -19.119  62.105 0.4444440007
73687  -56.559  -18.199  61.488 0.4444440007
131969  -56.667  -17.784  60.539 0.4444440007
136697  -55.714  -20.289  64.178 0.4444440007
125431  -55.867  -19.786  63.185 0.3333329856
73676  -56.554  -18.220  62.247 0.4444440007
74623  -56.524  -17.633  61.858 0.4444440007
74642  -56.547  -17.484  59.973 0.3333329856
75548  -56.270  -17.361  60.597 0.3333329856
74641  -56.438  -17.187  59.781 0.3333329856
74622  -54.493  -18.005  61.949 0.4444440007
140183  -56.147  -19.506  63.785 0.4444440007
74618  -56.577  -17.953  62.777 0.4444440007
75528  -56.103  -17.120  62.208 0.4444440007
75535  -56.271  -17.345  61.509 0.4444440007
122406  -55.733  -17.035  63.030 0.4444440007
75533  -55.575  -17.401  61.616 0.4444440007
120727  -54.672  -17.384  63.471 0.4444440007
75523  -56.138  -17.029  63.172 0.3333329856
76395  -55.335  -16.895  63.832 0.3333329856
75508  -54.700  -16.990  64.335 0.3333329856
56340  -32.734  -37.552  76.074 0.5555559993
55382  -33.434  -38.121  76.074 0.4444440007
54415  -35.486  -40.466  74.037 0.2222220004
122426  -36.323  -40.869  74.990 0.1111110002
54414  -34.873  -40.018  74.117 0.2222220004
121998  -52.459  -26.270  62.868 0.3333329856
69366  -53.764  -24.764  62.387 0.2222220004
72781  -56.194  -19.640  64.565 0.4444440007
127605  -56.416  -18.660  63.835 0.4444440007
75507  -54.026  -17.125  65.074 0.3333329856
66619  -52.425  -27.073  63.149 0.2222220004
123689  -38.587  -40.675  73.028 0.2222220004
64691  -49.353  -29.643  65.847 0.3333329856
125858  -49.359  -28.919  64.589 0.3333329856
66617  -50.991  -27.647  63.547 0.3333329856
120840  -35.549  -40.309  75.465 0.2222220004
54384  -36.107  -40.683  75.775 0.2222220004
73686  -56.436  -18.697  61.126 0.4444440007
73666  -56.377  -18.878  63.008 0.4444440007
73701  -56.851  -17.715  59.567 0.4444440007
75529  -56.342  -17.336  62.502 0.4444440007
141856  -55.924  -17.111  62.124 0.4444440007
75547  -55.941  -17.229  60.598 0.3333329856
75527  -54.208  -17.968  62.801 0.4444440007
145480  -56.344  -17.245  63.199 0.3333329856
75517  -53.659  -17.634  64.226 0.3333329856
35633  -4.640  -59.755  88.696 0.1111110002
42102  -27.599  -53.427  83.612 0.1111110002
43049  -27.895  -52.534  83.860 0.1111110002
43048  -27.318  -52.807  83.431 0.1111110002
44047  -28.029  -50.979  82.827 0.1111110002
46773  -18.581  -47.732  83.638 0.1111110002
45889  -18.752  -48.141  82.070 0.2222220004
45877  -19.118  -48.363  83.195 0.1111110002
44932  -19.193  -48.742  86.593 0.1111110002
44933  -19.729  -49.144  86.661 0.1111110002
131215  -20.194  -49.231  85.104 0.1111110002
129154  -19.825  -48.807  84.732 0.1111110002
44946  -19.625  -48.840  85.781 0.1111110002
123617  -19.310  -48.258  84.226 0.1111110002
45878  -19.896  -48.804  83.734 0.1111110002
122678  -19.578  -48.945  82.805 0.1111110002
44973  -20.285  -49.399  83.318 0.1111110002
45890  -20.061  -49.435  82.528 0.1111110002
44959  -20.408  -49.266  84.274 0.1111110002
45891  -20.337  -49.578  81.901 0.1111110002
52299  -24.415  -42.227  83.493 0.1111110002
52337  -28.446  -42.025  81.630 0.1111110002
52347  -29.138  -41.896  81.521 0.1111110002
52298  -23.549  -42.583  83.127 0.1111110002
53331  -25.509  -41.669  81.859 0.2222220004
53344  -27.959  -41.823  80.906 0.1111110002
55353  -35.438  -39.274  78.455 0.1111110002
54346  -34.856  -39.585  77.906 0.1111110002
54347  -35.306  -39.440  78.327 0.1111110002
54359  -34.587  -39.809  77.553 0.2222220004
55341  -36.037  -38.736  79.102 0.1111110002
55352  -35.154  -39.334  78.101 0.1111110002
55354  -36.148  -39.384  78.544 0.1111110002
55342  -36.887  -39.004  79.389 0.1111110002
55355  -36.765  -39.629  78.725 0.1111110002
54361  -36.217  -40.017  77.708 0.1111110002
54360  -35.389  -39.439  77.894 0.1111110002
55356  -37.690  -39.989  78.917 0.1111110002
54348  -36.710  -40.044  78.102 0.1111110002
54337  -38.591  -40.372  79.186 0.1111110002
135141  -36.427  -40.665  77.116 0.1111110002
54371  -35.765  -39.942  77.136 0.1111110002
54351  -39.917  -41.083  78.973 0.1111110002
132196  -38.356  -40.817  78.433 0.1111110002
54349  -37.460  -40.478  78.213 0.1111110002
60950  -46.586  -33.646  69.198 0.1111110002
61938  -47.875  -32.542  69.869 0.1111110002
54350  -39.224  -41.003  78.686 0.1111110002
53407  -39.960  -41.581  78.187 0.1111110002
54363  -38.112  -41.210  77.576 0.1111110002
54364  -39.027  -41.357  77.900 0.1111110002
54374  -37.629  -41.358  76.969 0.1111110002
62818  -47.182  -31.293  69.710 0.1111110002
65590  -47.256  -27.652  71.105 0.1111110002
66536  -46.534  -26.785  70.199 0.1111110002
64635  -47.231  -29.721  70.794 0.1111110002
64622  -47.701  -28.901  71.133 0.1111110002
66528  -47.870  -26.726  71.165 0.1111110002
67476  -46.944  -26.504  70.044 0.1111110002
67489  -47.383  -26.356  69.958 0.1111110002
64634  -46.256  -29.350  70.776 0.1111110002
65589  -46.439  -27.389  70.681 0.1111110002
67491  -48.741  -26.018  70.166 0.1111110002
65602  -46.730  -28.502  71.008 0.1111110002
63704  -46.757  -30.424  70.307 0.1111110002
125957  -49.833  -27.335  69.631 0.1111110002
66553  -50.761  -27.585  70.007 0.1111110002
134123  -47.573  -26.655  69.564 0.1111110002
123153  -48.880  -26.627  69.626 0.1111110002
65610  -51.200  -28.404  69.588 0.1111110002
136933  -50.499  -28.237  69.535 0.1111110002
123216  -45.696  -27.183  70.119 0.1111110002
66550  -46.147  -26.892  69.781 0.1111110002
65608  -49.088  -27.731  69.148 0.1111110002
66552  -48.237  -27.010  69.273 0.1111110002
65611  -52.025  -28.417  69.500 0.1111110002
64645  -44.909  -29.671  70.321 0.1111110002
65612  -52.938  -28.171  69.174 0.1111110002
64633  -45.411  -28.983  70.580 0.1111110002
65625  -50.694  -28.890  69.112 0.1111110002
65627  -52.430  -28.842  68.728 0.1111110002
64644  -44.240  -29.170  69.896 0.2222220004
65600  -45.021  -27.659  69.764 0.2222220004
121357  -45.684  -27.256  69.221 0.1111110002
66568  -47.409  -27.363  69.005 0.1111110002
65623  -48.341  -28.073  68.746 0.1111110002
65609  -49.901  -28.503  69.179 0.1111110002
64658  -52.807  -29.197  67.945 0.1111110002
137350  -50.065  -29.237  68.605 0.1111110002
64657  -51.869  -29.358  68.216 0.1111110002
64673  -53.227  -29.473  67.110 0.1111110002
64674  -54.147  -29.431  67.224 0.1111110002
128581  -47.639  -28.295  68.424 0.2222220004
64654  -48.344  -29.044  68.100 0.1111110002
126544  -52.447  -29.509  66.502 0.1111110002
64683  -53.183  -29.452  66.249 0.1111110002
64684  -54.023  -29.535  66.598 0.1111110002
64697  -55.262  -29.101  65.628 0.1111110002
65607  -44.387  -28.206  69.553 0.2222220004
129306  -50.501  -29.850  67.032 0.1111110002
64672  -52.175  -29.529  67.350 0.1111110002
64685  -54.732  -29.392  66.121 0.1111110002
64711  -55.122  -28.965  64.944 0.1111110002
66610  -57.336  -26.813  64.281 0.1111110002
66611  -58.251  -26.128  64.579 0.1111110002
65641  -46.466  -28.681  67.708 0.2222220004
64668  -47.817  -29.410  67.396 0.2222220004
64670  -49.629  -29.822  67.227 0.1111110002
64671  -51.218  -29.660  67.614 0.1111110002
65676  -56.667  -27.787  64.630 0.1111110002
64679  -46.503  -29.222  66.871 0.2222220004
64682  -49.025  -29.778  66.598 0.2222220004
123682  -50.594  -29.721  66.334 0.1111110002
64694  -52.011  -29.346  65.731 0.1111110002
128747  -53.694  -29.104  65.237 0.1111110002
65675  -55.781  -28.530  64.367 0.1111110002
64695  -52.960  -29.211  65.501 0.1111110002
65685  -56.349  -27.998  63.605 0.1111110002
64693  -51.020  -29.496  65.731 0.1111110002
64708  -52.224  -28.929  64.910 0.1111110002
64709  -53.177  -28.779  64.689 0.1111110002
65674  -54.668  -28.625  64.246 0.1111110002
65688  -56.328  -27.679  62.858 0.1111110002
66635  -55.581  -26.933  61.625 0.1111110002
67544  -55.965  -26.464  61.184 0.1111110002
65671  -51.524  -28.613  64.407 0.1111110002
65672  -52.344  -28.430  64.245 0.1111110002
126900  -53.152  -28.255  63.980 0.1111110002
65683  -54.059  -28.141  63.632 0.1111110002
143394  -54.966  -27.566  62.449 0.1111110002
65682  -52.397  -27.839  63.646 0.1111110002
124867  -53.163  -27.594  63.410 0.1111110002
66626  -54.319  -27.101  62.531 0.1111110002
66627  -54.919  -27.053  61.950 0.1111110002
67539  -55.174  -26.406  61.482 0.1111110002
68483  -55.655  -25.676  60.838 0.1111110002
68482  -54.710  -25.685  61.475 0.1111110002
65669  -50.062  -29.012  64.623 0.2222220004
65670  -50.724  -28.810  64.505 0.2222220004
65679  -49.996  -28.464  64.070 0.2222220004
65680  -50.873  -28.290  63.976 0.1111110002
65681  -51.635  -28.079  63.835 0.1111110002
66620  -53.796  -27.315  63.033 0.1111110002
124337  -54.315  -26.287  62.107 0.1111110002
69368  -54.868  -24.828  60.939 0.1111110002
68477  -54.111  -25.487  62.088 0.1111110002
120851  -54.203  -24.191  61.985 0.1111110002
142188  -54.632  -23.902  61.108 0.1111110002
66618  -51.705  -27.349  63.352 0.1111110002
70246  -54.410  -23.296  61.789 0.1111110002
133084  -55.616  -20.901  60.085 0.2222220004
71069  -43.949  -21.828  70.860 0.1111110002
71917  -44.486  -21.513  71.338 0.1111110002
71920  -44.507  -21.324  70.436 0.1111110002
72737  -45.565  -20.470  70.586 0.1111110002
126961  -45.966  -19.947  71.091 0.1111110002
73619  -46.816  -19.494  70.626 0.1111110002
138725  -47.831  -18.683  71.622 0.1111110002
128771  -48.487  -18.151  73.133 0.1111110002
72738  -46.363  -20.073  70.163 0.1111110002
73606  -47.336  -18.962  71.106 0.1111110002
71925  -45.496  -20.896  69.086 0.1111110002
72750  -45.899  -20.515  69.640 0.1111110002
74549  -49.088  -18.215  72.427 0.1111110002
73608  -49.477  -18.861  71.004 0.1111110002
72751  -46.852  -20.327  69.371 0.1111110002
72770  -55.592  -20.370  67.749 0.2222220004
71116  -53.912  -21.476  66.949 0.2222220004
72771  -56.102  -19.832  67.439 0.2222220004
76391  -56.203  -16.744  64.735 0.2222220004
76389  -55.427  -16.660  64.444 0.2222220004
138951  -56.504  -17.641  63.405 0.3333329856
75522  -53.772  -17.972  63.445 0.1111110002
74610  -52.306  -18.670  63.915 0.1111110002
142826  -53.871  -18.335  62.425 0.2222220004
75506  -52.958  -17.676  65.094 0.1111110002
75515  -51.980  -18.196  65.142 0.1111110002
76372  -56.367  -16.256  67.161 0.1111110002
75486  -56.589  -17.193  67.488 0.1111110002
74590  -56.501  -18.134  67.524 0.1111110002
137085  -53.296  -17.208  65.822 0.1111110002
123686  -52.275  -17.719  65.850 0.1111110002
74609  -51.737  -18.633  64.408 0.1111110002
74599  -51.078  -18.540  65.015 0.1111110002
77267  -55.812  -15.548  67.628 0.1111110002
75505  -51.162  -18.056  65.829 0.1111110002
74608  -50.854  -18.958  64.243 0.1111110002
140360  -55.712  -28.808  66.332 0.1111110002
65643  -54.707  -29.026  67.622 0.1111110002
65661  -56.925  -27.443  65.383 0.1111110002
65660  -56.070  -28.508  65.316 0.1111110002
67545  -56.850  -26.158  61.426 0.1111110002
67540  -57.263  -26.332  62.298 0.1111110002
138272  -56.483  -25.884  60.876 0.1111110002
71064  -43.429  -22.287  71.354 0.1111110002
53330  -24.582  -41.583  81.824 0.2222220004
52323  -24.988  -41.763  82.715 0.2222220004
52335  -26.496  -41.915  81.782 0.1111110002
137058  -18.422  -47.732  82.797 0.1111110002
71921  -45.130  -20.850  70.014 0.1111110002
76397  -56.092  -16.781  64.023 0.2222220004
76384  -54.983  -16.596  65.059 0.2222220004
71957  -54.508  -21.254  66.682 0.3333329856
71954  -55.116  -20.755  67.262 0.2222220004
73645  -56.433  -19.148  66.768 0.2222220004
52336  -27.497  -42.002  81.669 0.1111110002
52346  -28.729  -41.914  81.097 0.1111110002
66567  -46.375  -27.195  69.163 0.1111110002
66549  -45.405  -27.318  69.482 0.1111110002
44046  -27.432  -51.566  82.653 0.1111110002
44034  -27.492  -52.170  83.283 0.1111110002
64680  -47.314  -29.479  66.720 0.2222220004
126527  -3.540  -67.414  91.049 0.1111110002
54373  -36.964  -41.179  76.686 0.1111110002
64669  -48.713  -29.637  67.365 0.2222220004
68476  -53.559  -25.489  62.480 0.2222220004
124542  -49.874  -29.817  66.481 0.1111110002
64692  -50.174  -29.614  65.760 0.2222220004
54385  -36.933  -41.132  75.681 0.1111110002
44035  -28.121  -51.640  83.412 0.1111110002
42103  -27.881  -53.126  84.155 0.1111110002
43994  -20.330  -49.381  85.862 0.1111110002
52338  -29.157  -41.972  81.764 0.1111110002
66551  -46.912  -26.703  69.651 0.1111110002
65601  -45.303  -28.021  70.262 0.1111110002
65624  -49.199  -28.745  68.630 0.1111110002
65626  -51.538  -28.968  68.976 0.1111110002
64656  -50.955  -29.401  68.444 0.1111110002
65622  -46.799  -27.941  68.410 0.2222220004
64655  -49.382  -29.428  67.964 0.1111110002
136941  -50.296  -29.651  67.830 0.1111110002
64667  -47.102  -29.180  67.322 0.2222220004
145996  -52.648  -29.418  65.977 0.1111110002
64696  -54.448  -29.187  65.417 0.1111110002
128983  -51.433  -29.655  66.614 0.1111110002
64707  -51.343  -29.113  65.025 0.1111110002
66621  -57.040  -27.080  63.348 0.1111110002
65673  -53.822  -28.549  64.264 0.1111110002
65687  -55.587  -27.992  62.881 0.1111110002
65684  -55.220  -28.335  63.584 0.1111110002
66629  -56.719  -27.107  62.517 0.1111110002
66628  -55.767  -27.486  62.170 0.1111110002
124265  -54.617  -27.804  62.997 0.1111110002
137183  -54.299  -25.047  61.763 0.1111110002
72739  -47.361  -19.785  69.825 0.1111110002
133626  -47.021  -18.924  72.046 0.1111110002
74566  -48.764  -18.544  71.682 0.1111110002
71947  -55.071  -20.725  68.040 0.2222220004
73642  -56.361  -18.987  67.526 0.2222220004
75521  -53.016  -18.314  63.720 0.1111110002
74617  -53.395  -18.522  62.914 0.1111110002
61825  -36.460  -32.221  77.302 0.1111110002
61838  -35.358  -32.198  76.402 0.1111110002
60824  -36.147  -32.552  76.535 0.1111110002
60825  -36.965  -32.958  76.701 0.1111110002
61837  -34.657  -31.863  76.365 0.1111110002
60834  -35.934  -33.013  75.790 0.1111110002
123046  -34.533  -32.042  75.841 0.1111110002
61852  -34.727  -32.442  75.158 0.1111110002
60850  -35.887  -33.532  75.068 0.1111110002
61872  -34.830  -32.790  74.369 0.1111110002
127761  -36.745  -31.913  78.152 0.1111110002
61815  -37.761  -32.226  78.474 0.1111110002
61824  -35.487  -31.816  77.336 0.1111110002
123638  -34.170  -31.511  76.946 0.1111110002
61812  -34.615  -31.477  78.042 0.1111110002
61813  -35.285  -31.595  78.469 0.1111110002
137890  -35.973  -31.770  77.994 0.1111110002
61814  -35.999  -31.592  78.857 0.1111110002
61800  -35.299  -31.545  79.532 0.1111110002
61801  -36.015  -31.601  79.874 0.1111110002
48438  -24.274  -46.706  85.277 0.1111110002
61892  -34.834  -33.097  73.737 0.1111110002
60833  -35.240  -32.575  75.590 0.1111110002
60849  -35.400  -33.259  74.714 0.1111110002
60816  -28.612  -32.734  78.668 0.1111110002
61795  -29.121  -31.999  79.965 0.1111110002
61796  -29.898  -31.399  79.555 0.1111110002
127567  -29.090  -31.938  78.304 0.1111110002
61749  -30.642  -32.352  82.123 0.1111110002
61781  -31.148  -31.558  80.782 0.1111110002
61808  -29.059  -31.939  79.115 0.1111110002
137805  -29.834  -31.368  78.708 0.1111110002
62705  -30.931  -31.218  79.958 0.1111110002
72833  -57.564  -19.914  58.061 0.1111110002
73721  -57.255  -18.408  57.922 0.2222220004
74667  -57.131  -18.403  57.679 0.2222220004
74651  -56.759  -17.512  59.150 0.2222220004
136231  -50.982  -22.125  67.655 0.2222220004
71086  -52.268  -21.716  67.905 0.1111110002
71945  -53.555  -21.099  68.448 0.1111110002
72764  -55.391  -20.267  68.427 0.1111110002
73637  -55.979  -19.147  69.041 0.1111110002
71100  -51.970  -22.207  67.248 0.1111110002
141272  -53.619  -21.383  67.634 0.1111110002
72765  -56.038  -19.488  68.199 0.1111110002
71101  -52.701  -21.851  67.377 0.1111110002
74657  -56.769  -18.134  57.842 0.2222220004
74640  -55.869  -17.338  59.708 0.2222220004
74649  -55.832  -17.597  58.991 0.2222220004
126708  -56.280  -18.718  68.195 0.1111110002
62717  -30.809  -31.101  79.090 0.1111110002
138563  -56.432  -17.238  59.202 0.2222220004
73712  -57.089  -17.963  58.660 0.2222220004
138625  -55.820  -20.033  68.141 0.1111110002
71953  -54.492  -21.088  67.501 0.1111110002
72763  -54.814  -20.477  68.705 0.1111110002
71946  -54.362  -20.925  68.250 0.1111110002
60809  -28.332  -33.620  79.023 0.1111110002
60810  -28.572  -32.802  79.514 0.1111110002
61780  -30.055  -31.571  80.409 0.1111110002
142551  -30.237  -31.994  81.281 0.1111110002
72846  -57.353  -19.827  57.267 0.1111110002
74658  -57.042  -17.968  58.337 0.2222220004
72857  -57.076  -20.070  56.660 0.1111110002
71087  -52.958  -21.424  67.976 0.1111110002
35649  -5.001  -60.054  87.954 0.1111110002
127574  -4.971  -59.402  88.516 0.1111110002
39463  -15.192  -56.332  87.364 0.1111110002
39477  -15.238  -56.033  86.568 0.1111110002
39464  -16.291  -56.198  87.990 0.1111110002
40325  -15.987  -55.734  86.417 0.1111110002
40312  -16.819  -55.811  87.500 0.1111110002
126985  -16.493  -55.434  85.898 0.1111110002
40326  -16.653  -55.598  86.714 0.1111110002
144896  -9.910  -52.389  87.679 0.1111110002
42067  -10.585  -52.253  86.873 0.2222220004
43015  -12.073  -51.417  86.198 0.2222220004
144510  -11.932  -51.398  86.806 0.1111110002
43976  -12.460  -51.231  85.634 0.2222220004
46741  -15.165  -47.897  85.866 0.1111110002
130338  -16.641  -47.558  86.223 0.1111110002
46743  -17.187  -47.531  85.798 0.1111110002
46757  -15.369  -47.794  84.999 0.1111110002
46758  -16.312  -47.368  84.876 0.1111110002
122437  -37.623  -40.685  73.036 0.1111110002
54401  -40.983  -41.215  74.003 0.1111110002
54421  -41.514  -40.794  73.298 0.1111110002
54422  -42.391  -40.589  73.515 0.1111110002
69406  -53.686  -24.336  58.779 0.1111110002
126897  -53.248  -24.997  58.604 0.1111110002
68513  -54.212  -24.864  58.336 0.1111110002
68512  -52.794  -25.578  58.161 0.1111110002
69390  -51.854  -24.549  59.202 0.1111110002
70276  -52.300  -23.585  59.556 0.1111110002
70277  -53.705  -23.473  58.968 0.1111110002
129514  -54.406  -22.790  58.495 0.1111110002
71928  -48.508  -20.735  68.745 0.1111110002
71939  -47.861  -21.231  68.320 0.1111110002
71929  -49.634  -20.875  68.859 0.1111110002
71083  -49.620  -21.757  67.891 0.1111110002
71940  -48.977  -21.308  68.231 0.1111110002
71941  -50.069  -21.467  68.427 0.1111110002
73720  -56.234  -18.807  57.498 0.1111110002
72855  -56.443  -19.607  56.841 0.1111110002
73699  -54.860  -18.304  59.786 0.1111110002
73719  -55.312  -19.227  58.266 0.1111110002
72021  -54.837  -21.158  57.951 0.1111110002
72033  -55.637  -21.155  57.133 0.1111110002
71165  -53.708  -22.354  59.064 0.1111110002
72020  -54.115  -21.261  58.706 0.1111110002
143298  -54.383  -21.910  58.435 0.1111110002
137668  -53.098  -23.223  59.350 0.1111110002
70275  -51.311  -23.912  59.683 0.1111110002
72741  -49.654  -19.870  69.875 0.1111110002
71930  -50.597  -21.085  69.033 0.1111110002
123055  -55.048  -17.915  60.457 0.1111110002
74639  -54.266  -18.534  60.534 0.1111110002
141262  -53.827  -20.030  59.508 0.1111110002
72842  -53.941  -20.570  59.109 0.1111110002
72009  -53.404  -21.445  59.415 0.1111110002
71164  -52.772  -22.437  59.702 0.1111110002
70258  -51.024  -23.229  60.144 0.1111110002
71163  -51.845  -22.938  60.002 0.1111110002
73698  -53.854  -19.103  60.325 0.1111110002
72818  -52.615  -20.563  60.512 0.1111110002
72829  -53.290  -20.655  59.775 0.1111110002
72008  -52.700  -21.433  60.021 0.1111110002
71152  -52.160  -22.115  60.184 0.1111110002
73664  -52.110  -19.365  62.754 0.1111110002
42073  -11.460  -51.777  86.603 0.2222220004
43992  -12.557  -51.415  84.867 0.2222220004
46756  -14.666  -48.415  85.194 0.1111110002
46759  -17.495  -47.362  84.835 0.1111110002
54416  -36.407  -40.729  74.019 0.1111110002
135823  -14.593  -56.263  86.358 0.1111110002
40345  -17.229  -55.293  86.226 0.1111110002
73665  -52.841  -19.054  62.566 0.1111110002
73674  -53.537  -18.707  61.997 0.1111110002
72752  -47.970  -20.245  69.233 0.1111110002
73685  -53.546  -18.981  61.096 0.1111110002
73710  -55.102  -18.704  59.014 0.1111110002
40311  -15.986  -55.997  87.191 0.1111110002
124440  -11.238  -51.754  87.286 0.2222220004
46742  -16.056  -47.506  85.744 0.1111110002
69405  -52.335  -25.100  58.689 0.1111110002
69391  -52.904  -24.256  59.127 0.1111110002
72753  -49.126  -20.287  69.269 0.1111110002
72844  -55.597  -19.617  57.523 0.1111110002
73709  -54.208  -19.288  59.611 0.1111110002
72830  -54.458  -19.720  58.967 0.1111110002
72843  -54.735  -20.280  58.237 0.1111110002
71177  -55.030  -22.023  57.808 0.1111110002
73697  -52.998  -19.660  60.849 0.1111110002
73684  -52.584  -19.465  61.835 0.1111110002
43977  -12.646  -50.773  86.374 0.1111110002
40408  -23.323  -54.952  79.638 0.4444440007
41269  -24.175  -54.105  78.952 0.4444440007
44978  -23.768  -48.889  84.722 0.1111110002
45879  -23.583  -48.946  83.674 0.1111110002
50349  -27.932  -44.542  75.090 0.8888890147
50367  -28.393  -44.286  74.598 0.8888890147
51401  -27.260  -43.034  73.396 0.8888890147
51403  -29.329  -43.027  73.471 1.0000000000
52345  -23.976  -41.836  80.207 0.5555559993
53361  -30.326  -40.361  81.802 0.1111110002
53476  -26.635  -41.341  73.034 0.8888890147
53487  -28.867  -41.778  72.861 1.0000000000
54336  -35.532  -39.320  78.827 0.1111110002
54362  -37.050  -40.830  77.502 0.1111110002
54431  -27.088  -40.588  72.647 1.0000000000
54476  -39.391  -40.512  70.319 0.3333329856
54491  -38.406  -40.396  69.116 0.6666669846
55320  -31.429  -39.276  82.555 0.1111110002
55371  -34.027  -38.535  76.916 0.3333329856
55405  -25.919  -39.448  73.765 0.8888890147
56338  -25.999  -38.787  75.967 0.7777780294
56363  -29.772  -37.560  74.291 1.0000000000
56378  -42.849  -39.219  71.837 0.2222220004
57279  -26.229  -37.250  73.076 1.0000000000
58061  -28.462  -36.031  79.635 0.1111110002
58095  -25.552  -36.566  74.650 0.8888890147
58114  -38.172  -35.760  73.776 0.1111110002
58130  -38.440  -35.494  72.745 0.2222220004
58171  -44.711  -36.388  69.356 0.1111110002
58952  -25.843  -35.358  74.598 0.8888890147
59015  -45.872  -35.621  70.234 0.1111110002
59048  -44.648  -35.339  68.501 0.5555559993
59913  -35.186  -34.407  72.543 0.3333329856
60885  -40.322  -33.316  73.507 0.1111110002
60951  -47.230  -33.524  69.686 0.1111110002
61893  -40.441  -32.825  73.623 0.1111110002
63703  -45.764  -30.098  70.443 0.1111110002
64632  -44.800  -28.571  70.139 0.2222220004
64705  -49.721  -29.365  65.137 0.3333329856
64706  -50.511  -29.282  65.088 0.1111110002
64710  -54.139  -28.880  64.795 0.1111110002
65598  -36.509  -28.809  69.835 0.6666669846
65616  -36.621  -28.755  69.127 0.6666669846
65642  -47.364  -28.841  67.899 0.2222220004
65659  -47.139  -29.201  65.400 0.4444440007
65666  -45.947  -28.407  65.051 0.5555559993
66517  -38.942  -27.682  72.704 0.2222220004
66526  -38.745  -26.859  72.240 0.2222220004
66527  -47.081  -26.845  70.710 0.1111110002
66537  -47.144  -26.539  70.344 0.1111110002
66538  -49.353  -26.304  70.025 0.1111110002
66548  -44.739  -27.656  69.207 0.2222220004
66608  -47.100  -28.044  64.551 0.4444440007
66636  -56.370  -26.885  61.753 0.1111110002
67462  -39.054  -26.008  71.867 0.1111110002
67463  -47.549  -26.446  70.674 0.1111110002
67490  -48.069  -26.213  69.911 0.1111110002
67522  -43.582  -26.363  64.801 0.7777780294
67524  -45.820  -26.778  64.476 0.7777780294
68461  -44.789  -25.764  64.571 0.7777780294
71092  -44.409  -21.996  67.205 0.4444440007
72819  -53.452  -19.889  60.114 0.1111110002
72845  -57.404  -19.044  57.705 0.1111110002
72856  -56.943  -19.527  56.791 0.1111110002
73711  -55.967  -18.098  58.227 0.1111110002
73722  -57.189  -19.002  57.260 0.2222220004
74588  -56.325  -18.276  68.783 0.1111110002
74611  -56.559  -17.991  64.424 0.3333329856
74616  -52.558  -18.895  63.265 0.1111110002
74628  -54.269  -18.344  61.167 0.1111110002
74629  -55.071  -17.796  61.146 0.1111110002
74630  -56.470  -17.559  60.917 0.4444440007
74650  -56.591  -17.539  58.578 0.2222220004
75509  -56.547  -17.330  66.335 0.2222220004
75516  -52.599  -18.211  64.444 0.1111110002
75524  -56.390  -17.151  63.936 0.3333329856
75534  -56.008  -17.139  61.394 0.3333329856
76358  -49.022  -16.017  68.425 0.1111110002
76360  -51.205  -16.506  68.598 0.1111110002
76369  -52.687  -16.616  67.658 0.1111110002
76381  -56.183  -16.107  66.630 0.2222220004
76390  -55.926  -16.554  64.593 0.2222220004
76396  -55.859  -16.729  63.828 0.2222220004
77247  -52.380  -15.464  69.569 0.1111110002
77257  -49.694  -15.774  68.989 0.1111110002
77261  -55.756  -15.228  68.137 0.1111110002
77272  -55.660  -15.773  67.100 0.2222220004
78099  -51.846  -14.506  70.568 0.1111110002
78108  -50.303  -14.690  69.974 0.1111110002
78129  -48.136  -13.960  67.092 0.1111110002
78996  -51.961  -13.369  71.086 0.1111110002
79014  -49.808  -13.425  69.579 0.1111110002
79913  -50.710  -12.735  70.355 0.1111110002
79914  -51.338  -12.485  70.884 0.1111110002
79945  -49.629  -12.656  68.356 0.1111110002
79965  -50.173  -12.131  67.012 0.1111110002
80874  -50.556  -11.605  68.392 0.1111110002
81750  -51.416  -10.445  68.405 0.1111110002
121805  -55.152  -17.474  62.510 0.4444440007
122310  -35.579  -34.653  73.969 0.2222220004
125149  -40.776  -32.078  74.463 0.1111110002
127146  -30.779  -38.501  81.932 0.1111110002
127422  -50.338  -27.139  63.456 0.4444440007
128588  -3.519  -67.173  90.399 0.1111110002
129152  -45.889  -28.166  70.661 0.1111110002
129600  -53.832  -29.387  65.840 0.1111110002
131385  -48.644  -14.835  68.555 0.1111110002
134696  -52.599  -17.305  66.517 0.1111110002
135092  -25.574  -37.923  73.877 1.0000000000
135335  -45.992  -32.345  68.880 0.2222220004
135409  -49.313  -13.952  69.185 0.1111110002
135561  -45.013  -36.474  72.144 0.1111110002
136301  -47.555  -33.064  69.704 0.2222220004
139052  -41.572  -33.180  67.594 0.7777780294
139696  -26.264  -42.207  74.128 0.7777780294
141073  -31.954  -40.830  74.891 0.8888890147
141342  -44.197  -23.216  65.741 0.8888890147
141621  -43.742  -38.084  70.889 0.1111110002
143286  -1.310  -63.617  85.955 0.1111110002
143920  -42.979  -26.090  75.186 0.1111110002
144203  -25.875  -38.170  76.002 0.8888890147
145506  -27.847  -38.353  72.795 1.0000000000
146088  -41.256  -26.722  66.206 0.8888890147
