#!ascii label  , from subject sub-01 vox2ras=TkReg
2381
34198  7.177  -60.265  91.005 0.1111110002
33257  6.561  -60.867  91.779 0.1111110002
33258  5.507  -60.407  91.991 0.2222220004
136714  9.852  -59.561  93.202 0.1111110002
33243  8.851  -60.642  92.198 0.1111110002
33255  8.555  -60.434  91.432 0.1111110002
35209  10.090  -59.248  92.575 0.1111110002
34185  9.617  -59.926  92.229 0.1111110002
33256  7.836  -60.816  91.668 0.1111110002
35207  11.329  -58.402  92.052 0.2222220004
35208  10.596  -58.843  92.347 0.2222220004
34186  9.116  -60.211  91.607 0.1111110002
34199  6.220  -60.021  91.200 0.3333329856
34200  5.348  -59.425  91.768 0.4444440007
34187  4.400  -60.050  92.397 0.4444440007
127688  3.387  -59.963  92.434 0.2222220004
35223  11.242  -58.344  91.164 0.2222220004
35225  10.088  -59.295  91.809 0.2222220004
34196  9.546  -59.804  91.286 0.2222220004
36162  11.853  -57.854  91.004 0.2222220004
35224  10.652  -58.810  91.464 0.2222220004
35238  9.974  -59.178  90.932 0.2222220004
36178  12.542  -57.701  90.368 0.2222220004
34201  4.424  -59.098  92.399 0.4444440007
35226  4.825  -58.413  92.014 0.4444440007
34188  3.733  -59.180  92.526 0.3333329856
33249  2.944  -59.787  92.211 0.2222220004
34190  2.876  -59.261  92.026 0.3333329856
35244  2.850  -58.635  90.760 0.2222220004
33265  8.073  -60.224  90.909 0.1111110002
34210  7.614  -59.774  90.384 0.4444440007
35237  10.654  -58.743  90.406 0.2222220004
137466  9.709  -59.034  90.010 0.2222220004
34209  8.420  -59.734  90.330 0.2222220004
35240  7.262  -59.264  90.077 0.4444440007
147154  12.993  -57.310  89.218 0.2222220004
36199  12.382  -57.610  89.339 0.2222220004
35236  11.332  -58.259  90.453 0.2222220004
35249  10.197  -58.581  89.397 0.3333329856
35239  8.804  -59.130  89.830 0.3333329856
34211  6.096  -59.195  90.878 0.5555559993
34212  5.584  -58.516  91.278 0.5555559993
140272  13.586  -56.953  88.281 0.2222220004
36180  11.036  -58.284  89.691 0.2222220004
36201  10.572  -58.012  88.863 0.3333329856
35242  6.091  -58.488  90.731 0.5555559993
37171  13.147  -56.868  87.632 0.4444440007
35211  3.999  -58.336  92.460 0.4444440007
37170  14.145  -56.678  87.702 0.2222220004
35227  2.766  -58.549  91.761 0.4444440007
35243  3.140  -58.282  89.664 0.1111110002
34221  7.929  -59.232  89.837 0.4444440007
35250  9.218  -58.603  89.224 0.3333329856
35252  7.347  -58.589  89.750 0.5555559993
35253  6.796  -58.025  89.959 0.5555559993
36200  11.447  -57.866  89.077 0.3333329856
36216  10.980  -57.561  88.308 0.2222220004
36202  9.694  -58.062  88.713 0.3333329856
35255  8.825  -57.853  88.774 0.5555559993
36203  8.079  -57.384  88.918 0.5555559993
36183  5.819  -57.931  90.930 0.6666669846
36164  5.301  -57.587  91.564 0.5555559993
36215  11.882  -57.468  88.402 0.3333329856
36217  10.126  -57.526  88.289 0.5555559993
144260  8.923  -56.349  88.415 0.6666669846
36163  5.925  -57.114  90.918 0.6666669846
35210  4.467  -57.510  92.237 0.6666669846
36148  3.670  -57.274  92.415 0.5555559993
38155  14.491  -56.041  87.026 0.3333329856
140986  12.596  -56.559  87.166 0.4444440007
36185  2.929  -57.643  90.307 0.1111110002
38168  14.997  -55.508  86.432 0.6666669846
38169  14.029  -55.502  86.444 0.3333329856
36150  2.900  -57.559  92.131 0.2222220004
36204  7.298  -57.523  89.486 0.5555559993
36181  6.556  -57.165  90.166 0.5555559993
37136  8.177  -56.490  88.827 0.5555559993
37137  7.617  -56.689  89.233 0.5555559993
37172  11.735  -56.400  87.228 0.5555559993
37173  10.822  -56.395  87.529 0.6666669846
38148  9.542  -55.840  88.082 0.6666669846
147628  7.382  -55.584  90.180 0.7777780294
126347  6.442  -56.246  90.771 0.7777780294
146546  5.995  -56.186  91.431 0.6666669846
36134  4.423  -56.556  92.671 0.5555559993
129133  11.021  -55.758  87.295 0.7777780294
38159  10.229  -55.485  87.666 0.8888890147
37100  5.491  -56.617  91.728 0.6666669846
36149  3.226  -57.390  92.342 0.4444440007
39215  15.435  -54.860  85.982 0.6666669846
38170  13.102  -55.387  86.539 0.7777780294
38171  12.275  -55.044  86.694 0.7777780294
36165  2.721  -57.769  91.304 0.2222220004
39197  9.625  -54.875  88.405 0.8888890147
133358  9.058  -55.284  88.716 0.7777780294
38139  8.447  -55.549  89.069 0.8888890147
39206  11.538  -54.495  87.124 0.8888890147
39196  10.237  -54.435  88.078 0.8888890147
39185  9.376  -54.436  89.324 0.8888890147
38138  8.829  -54.795  89.417 0.8888890147
39217  13.617  -54.617  86.272 0.6666669846
40196  12.984  -53.846  86.640 0.7777780294
39224  15.798  -54.110  85.651 0.6666669846
40194  14.235  -54.212  85.959 0.6666669846
40160  11.207  -53.319  88.440 0.8888890147
39195  10.919  -54.021  87.790 0.8888890147
40177  11.628  -53.622  87.488 0.8888890147
39183  10.629  -53.725  88.854 0.8888890147
39169  10.569  -53.641  89.876 0.7777780294
39205  12.226  -54.118  86.852 0.8888890147
39184  9.996  -54.086  89.094 0.8888890147
40205  16.158  -53.309  85.352 0.7777780294
41144  14.567  -52.590  85.330 0.7777780294
42084  17.320  -52.320  85.409 0.7777780294
41142  16.478  -52.532  85.027 0.7777780294
41143  15.536  -52.719  84.990 0.7777780294
40176  12.366  -53.254  87.220 0.8888890147
40159  11.814  -52.839  88.015 0.8888890147
40141  11.558  -52.669  89.087 0.7777780294
40142  11.094  -53.230  89.582 0.6666669846
42085  14.020  -51.851  85.810 0.7777780294
130489  13.479  -51.970  86.660 0.8888890147
42081  18.659  -52.521  85.797 0.5555559993
42082  18.110  -52.387  85.833 0.5555559993
138165  18.015  -52.005  85.365 0.7777780294
42097  17.528  -51.994  85.082 0.7777780294
42115  16.090  -51.274  84.386 0.7777780294
42099  15.112  -52.103  84.840 0.7777780294
42096  18.081  -52.018  85.347 0.6666669846
128259  17.642  -51.825  84.825 0.7777780294
142640  17.031  -51.323  84.439 0.7777780294
138127  24.193  -53.473  87.127 0.3333329856
41117  24.029  -52.986  85.973 0.4444440007
42060  12.960  -51.387  88.224 0.8888890147
146677  12.589  -51.904  88.209 0.8888890147
139020  19.754  -52.733  85.797 0.4444440007
41122  19.272  -52.848  86.528 0.3333329856
42100  14.615  -51.650  85.116 0.7777780294
42070  13.354  -51.242  87.370 0.8888890147
43071  16.218  -50.510  84.169 0.7777780294
43072  15.438  -50.652  84.498 0.8888890147
42095  18.676  -52.130  84.980 0.7777780294
142574  16.889  -50.604  84.011 0.7777780294
141544  19.331  -52.515  85.264 0.7777780294
42114  18.008  -51.485  84.501 0.7777780294
40170  23.424  -53.560  87.451 0.3333329856
128884  22.899  -53.747  88.124 0.2222220004
40171  22.440  -53.563  87.516 0.3333329856
40192  22.814  -53.311  86.721 0.3333329856
41152  24.818  -52.269  84.519 0.4444440007
41098  20.926  -53.240  87.022 0.3333329856
41120  21.255  -52.992  86.253 0.4444440007
44037  13.412  -50.084  89.020 0.7777780294
42052  12.981  -50.911  88.987 0.7777780294
42061  12.500  -51.617  89.061 0.6666669846
41121  20.319  -52.961  86.405 0.5555559993
43061  14.335  -50.958  85.738 0.8888890147
43047  14.174  -50.260  86.466 0.8888890147
43033  13.803  -50.480  87.321 0.7777780294
42111  24.876  -51.913  83.874 0.5555559993
41140  20.671  -52.784  85.694 0.6666669846
44121  14.980  -50.107  84.724 0.8888890147
44103  14.548  -49.958  85.491 0.8888890147
41141  20.147  -52.649  85.112 0.6666669846
132693  17.454  -50.750  83.909 0.7777780294
44118  16.982  -49.985  83.561 0.8888890147
44120  15.595  -49.864  84.314 0.8888890147
41157  19.546  -52.367  84.575 0.7777780294
42113  18.883  -51.806  83.952 0.7777780294
41138  23.752  -52.686  85.352 0.4444440007
41118  23.218  -53.005  85.987 0.5555559993
40193  21.878  -53.238  86.873 0.4444440007
130536  14.187  -49.262  87.994 0.7777780294
135980  24.165  -52.435  84.786 0.5555559993
41153  23.417  -52.380  84.643 0.5555559993
41139  22.857  -52.635  85.311 0.5555559993
145534  22.042  -52.576  85.197 0.5555559993
44084  14.447  -49.423  86.414 0.8888890147
44068  14.180  -49.601  87.238 0.7777780294
44052  13.861  -49.924  88.101 0.7777780294
42125  25.379  -51.654  83.378 0.5555559993
41164  24.046  -52.020  84.014 0.5555559993
41165  23.065  -52.133  83.852 0.5555559993
147131  21.536  -52.541  85.106 0.5555559993
45159  15.491  -48.560  84.697 0.8888890147
45141  14.817  -49.001  85.791 0.8888890147
43092  25.564  -50.737  82.232 0.5555559993
42137  25.074  -51.376  82.621 0.6666669846
42138  24.186  -51.479  82.378 0.6666669846
42127  23.485  -51.816  82.974 0.6666669846
139620  22.613  -51.934  83.148 0.7777780294
41167  21.198  -52.237  83.548 0.7777780294
41156  20.504  -52.443  84.266 0.7777780294
44135  16.706  -49.118  83.519 0.8888890147
134981  15.734  -49.063  84.216 0.8888890147
44102  15.108  -49.265  84.869 0.8888890147
44151  25.718  -49.584  81.142 0.6666669846
43102  25.241  -50.334  81.506 0.6666669846
42139  23.375  -51.526  82.077 0.6666669846
42128  21.798  -51.892  82.885 0.7777780294
42129  20.282  -52.125  83.263 0.7777780294
42130  19.486  -51.866  83.059 0.7777780294
146593  18.294  -50.785  82.728 0.7777780294
43084  17.676  -50.230  83.039 0.7777780294
48399  28.548  -45.598  81.370 0.5555559993
48400  27.803  -45.899  81.346 0.5555559993
47406  27.340  -46.241  81.039 0.7777780294
47393  27.240  -46.744  81.302 0.6666669846
46276  26.475  -47.374  80.344 0.6666669846
45221  25.830  -48.273  80.019 0.6666669846
44152  24.890  -49.925  80.748 0.6666669846
43103  24.407  -50.608  81.112 0.7777780294
47408  26.406  -46.534  79.940 0.7777780294
46277  25.836  -47.333  79.531 0.6666669846
45222  24.906  -48.825  79.579 0.7777780294
46204  14.940  -48.128  87.219 0.8888890147
45127  14.762  -48.637  86.629 0.8888890147
45114  14.521  -48.762  87.458 0.7777780294
45140  15.254  -48.470  85.354 0.8888890147
45126  15.126  -48.348  86.028 0.8888890147
42140  22.459  -51.657  82.240 0.7777780294
135511  16.214  -48.867  83.837 0.8888890147
45158  15.921  -48.201  84.196 0.8888890147
140572  30.096  -45.089  80.915 0.5555559993
48410  29.381  -45.283  81.142 0.5555559993
42153  23.841  -51.125  81.583 0.6666669846
42154  22.784  -51.238  81.296 0.7777780294
125457  21.008  -51.359  81.454 0.7777780294
146540  19.937  -51.385  81.882 0.7777780294
136735  18.832  -50.916  82.153 0.7777780294
44145  17.775  -49.449  82.343 0.8888890147
44134  17.219  -49.339  83.023 0.8888890147
48411  28.746  -45.155  80.625 0.5555559993
48427  27.912  -44.986  80.285 0.8888890147
48412  27.486  -45.580  80.733 0.8888890147
129806  26.902  -45.815  80.316 0.8888890147
44160  25.372  -49.210  80.349 0.6666669846
44174  24.082  -49.196  79.343 0.7777780294
43129  23.227  -50.208  79.896 0.8888890147
43105  22.608  -50.689  80.472 0.8888890147
43107  19.674  -50.463  81.186 0.8888890147
43108  18.913  -50.342  81.576 0.8888890147
44144  18.382  -49.504  81.672 0.8888890147
48428  26.301  -44.952  79.661 0.8888890147
45237  25.131  -47.960  79.179 0.8888890147
44175  23.336  -49.465  79.301 0.8888890147
48413  26.002  -45.581  79.551 0.8888890147
46291  25.171  -47.168  78.958 0.8888890147
46203  15.311  -47.771  86.621 0.8888890147
46225  16.138  -47.357  84.595 0.8888890147
47320  15.858  -47.095  86.165 0.8888890147
46240  16.892  -47.625  83.202 0.8888890147
48425  29.641  -44.952  80.150 0.6666669846
42155  21.983  -50.998  80.843 0.8888890147
46253  17.530  -47.849  82.502 0.8888890147
48424  30.312  -44.724  79.339 0.8888890147
49419  29.430  -44.703  79.088 0.8888890147
48426  28.767  -44.839  79.736 0.8888890147
43117  22.433  -50.227  79.945 0.8888890147
146219  20.986  -50.369  80.445 0.8888890147
43118  20.404  -50.506  80.820 0.7777780294
44153  19.152  -49.570  81.123 0.7777780294
49420  28.613  -44.484  78.803 0.8888890147
49421  27.316  -44.506  79.640 0.8888890147
49422  26.461  -44.418  79.535 0.8888890147
129728  24.176  -44.683  78.950 0.7777780294
47421  24.616  -46.468  78.719 0.7777780294
46313  23.509  -47.193  78.571 0.8888890147
45239  23.395  -48.008  78.716 0.8888890147
136005  25.247  -44.646  79.228 0.7777780294
48429  24.903  -45.504  78.902 0.8888890147
47319  16.336  -46.544  85.679 0.7777780294
144342  16.185  -46.137  87.350 0.4444440007
146887  16.913  -46.962  83.542 0.7777780294
126402  16.364  -46.749  84.979 0.8888890147
48407  33.057  -44.776  80.834 0.4444440007
48408  32.466  -44.903  80.797 0.5555559993
48397  31.593  -44.984  80.751 0.5555559993
49408  32.156  -44.709  80.126 0.5555559993
45207  19.404  -48.624  80.995 0.7777780294
45208  18.663  -48.674  81.432 0.7777780294
45190  17.941  -48.639  81.938 0.7777780294
49418  31.391  -44.679  79.534 0.7777780294
127248  22.748  -48.792  78.970 0.8888890147
45240  21.828  -49.043  79.457 0.8888890147
137198  20.608  -49.147  80.252 0.7777780294
49433  30.765  -44.535  78.468 0.8888890147
49445  29.157  -43.965  77.446 0.8888890147
50526  27.340  -43.297  78.128 0.8888890147
50507  26.830  -43.813  78.936 0.7777780294
50509  25.229  -43.206  79.386 0.7777780294
50510  24.403  -43.179  79.730 0.7777780294
134258  23.398  -44.849  79.094 0.7777780294
48439  23.399  -46.105  78.622 0.7777780294
146653  22.807  -46.244  78.918 0.7777780294
46294  22.630  -47.809  78.936 0.7777780294
132216  22.179  -48.275  79.305 0.8888890147
49424  24.650  -43.899  79.418 0.7777780294
47318  16.762  -46.125  85.070 0.5555559993
48338  16.825  -45.933  85.972 0.4444440007
49397  34.496  -44.582  81.389 0.2222220004
49398  33.639  -44.781  81.209 0.3333329856
47338  17.439  -45.942  84.500 0.5555559993
49405  34.149  -44.246  80.576 0.2222220004
49406  33.422  -44.524  80.529 0.5555559993
49407  32.840  -44.590  80.231 0.5555559993
47360  18.216  -46.372  83.130 0.4444440007
47361  17.447  -46.965  83.024 0.6666669846
49415  33.449  -44.170  79.787 0.6666669846
49417  32.467  -44.403  79.322 0.6666669846
46265  19.062  -47.963  81.436 0.6666669846
47379  18.843  -46.694  82.538 0.7777780294
47380  18.078  -46.988  82.514 0.7777780294
49432  31.728  -44.402  78.453 0.7777780294
49443  31.113  -44.251  77.546 0.8888890147
45223  21.589  -48.029  79.871 0.7777780294
125146  20.468  -48.529  80.454 0.6666669846
50543  29.559  -43.631  76.837 0.8888890147
50545  27.928  -42.914  77.439 0.8888890147
51615  27.148  -42.310  78.004 0.7777780294
51601  25.948  -42.000  79.099 0.7777780294
51590  25.031  -42.076  80.260 0.7777780294
50492  24.008  -42.917  80.268 0.7777780294
49410  23.202  -44.183  79.849 0.7777780294
48432  22.686  -46.015  79.357 0.7777780294
46278  22.158  -47.428  79.774 0.6666669846
128091  23.468  -47.196  85.125 0.3333329856
123650  22.967  -47.704  85.054 0.2222220004
45157  21.437  -47.458  85.148 0.1111110002
46212  20.942  -47.037  85.631 0.1111110002
46224  20.386  -46.485  84.963 0.1111110002
48366  18.957  -45.426  85.283 0.2222220004
48351  24.942  -45.111  86.130 0.1111110002
47334  23.821  -45.986  84.762 0.3333329856
137828  23.542  -47.006  84.485 0.3333329856
45154  23.133  -47.426  84.370 0.2222220004
45173  21.664  -47.613  83.631 0.2222220004
45174  21.250  -47.491  84.078 0.2222220004
46238  20.638  -47.052  83.378 0.1111110002
137811  19.756  -46.021  84.412 0.2222220004
47336  19.052  -45.591  84.495 0.2222220004
48355  17.454  -45.673  85.404 0.2222220004
148544  35.564  -43.866  81.332 0.2222220004
49371  25.672  -43.652  85.384 0.1111110002
48364  24.895  -44.536  85.466 0.2222220004
47335  23.560  -46.570  84.262 0.3333329856
46237  23.306  -47.078  83.869 0.2222220004
45172  22.071  -47.538  83.085 0.2222220004
137585  20.155  -46.500  83.869 0.2222220004
47337  18.251  -45.806  83.945 0.3333329856
50490  35.460  -43.464  80.826 0.3333329856
140332  34.164  -43.779  79.899 0.4444440007
50447  28.332  -42.801  83.974 0.1111110002
49372  24.718  -43.978  84.834 0.2222220004
48376  23.694  -45.056  84.035 0.3333329856
46248  22.829  -46.915  83.148 0.2222220004
46249  22.313  -47.220  82.551 0.2222220004
45188  21.363  -47.478  82.372 0.2222220004
45189  20.993  -47.366  82.918 0.2222220004
46239  19.768  -46.628  82.801 0.3333329856
47359  19.175  -46.067  83.495 0.3333329856
50505  34.590  -43.279  79.591 0.4444440007
50506  33.872  -43.594  79.214 0.5555559993
49416  33.128  -43.938  78.828 0.6666669846
51575  29.150  -42.104  81.453 0.5555559993
51576  28.522  -42.035  81.818 0.4444440007
51563  26.345  -42.012  82.756 0.4444440007
50449  26.116  -42.586  84.108 0.4444440007
138353  23.790  -43.605  83.592 0.4444440007
134478  23.191  -44.815  82.456 0.5555559993
138175  22.855  -46.533  82.860 0.4444440007
45187  21.728  -47.520  81.851 0.3333329856
131634  20.562  -47.560  81.759 0.5555559993
46264  19.764  -47.743  81.459 0.5555559993
46251  19.351  -47.221  81.982 0.6666669846
50525  33.551  -43.363  78.396 0.6666669846
49442  32.041  -44.051  77.646 0.7777780294
52700  28.713  -41.553  78.970 0.7777780294
52673  28.307  -41.797  81.077 0.6666669846
52661  26.375  -41.816  82.014 0.6666669846
51564  25.661  -42.015  82.341 0.5555559993
50451  24.122  -42.918  83.284 0.6666669846
49390  23.137  -44.095  82.100 0.6666669846
47395  22.602  -46.373  81.130 0.5555559993
143826  22.284  -46.971  80.855 0.5555559993
147525  21.378  -47.768  80.733 0.4444440007
45205  20.906  -47.821  81.054 0.4444440007
45206  20.093  -48.124  80.866 0.5555559993
50539  33.226  -43.127  77.578 0.7777780294
50558  29.181  -43.005  76.580 0.8888890147
52714  28.319  -41.635  77.900 0.7777780294
139639  26.934  -41.473  79.108 0.7777780294
52675  26.443  -41.638  81.078 0.7777780294
52676  25.692  -41.851  81.489 0.6666669846
50468  23.953  -42.815  82.176 0.6666669846
49399  23.051  -44.052  80.973 0.7777780294
48415  22.651  -45.743  80.259 0.7777780294
50540  32.409  -43.385  77.057 0.8888890147
50555  31.756  -43.130  76.411 0.8888890147
50557  29.992  -42.965  76.213 0.8888890147
50478  36.257  -43.421  81.287 0.1111110002
144213  36.004  -42.997  80.691 0.3333329856
50504  35.383  -42.973  80.095 0.4444440007
50524  34.273  -42.991  78.807 0.5555559993
51614  34.628  -42.257  78.384 0.5555559993
127641  33.908  -42.761  78.005 0.5555559993
52686  29.628  -41.900  79.925 0.7777780294
143032  28.864  -41.679  77.378 0.7777780294
52713  29.380  -41.570  78.068 0.7777780294
51639  33.088  -42.233  76.505 0.8888890147
51640  32.360  -42.675  76.390 0.8888890147
51642  30.683  -42.329  75.880 0.8888890147
143871  30.058  -42.213  76.043 0.8888890147
124450  29.588  -41.484  77.151 0.7777780294
143512  36.821  -42.690  80.864 0.2222220004
125594  36.172  -42.455  80.280 0.4444440007
52685  31.346  -42.370  80.329 0.3333329856
51598  36.266  -41.760  79.913 0.4444440007
51599  35.672  -42.266  79.657 0.4444440007
123536  30.743  -42.101  79.750 0.5555559993
51613  35.334  -41.949  79.000 0.5555559993
52698  31.045  -41.795  78.991 0.6666669846
52712  30.491  -41.398  78.136 0.5555559993
51627  34.094  -42.210  77.649 0.6666669846
53760  30.848  -40.969  77.796 0.6666669846
52711  34.456  -41.594  77.697 0.6666669846
52723  33.800  -41.775  76.953 0.6666669846
52736  33.230  -41.447  76.237 0.8888890147
142971  32.325  -41.802  75.856 0.8888890147
52738  30.595  -41.492  75.949 0.7777780294
53769  30.537  -40.729  76.548 1.0000000000
53778  32.711  -40.824  75.729 1.0000000000
52747  31.897  -40.938  75.552 1.0000000000
53780  30.865  -40.641  75.900 1.0000000000
52670  33.127  -42.399  80.683 0.2222220004
52668  37.527  -41.274  80.786 0.2222220004
52684  32.233  -42.233  79.914 0.3333329856
51587  37.464  -42.073  80.872 0.2222220004
52671  32.099  -42.627  80.733 0.3333329856
53738  32.684  -41.518  79.374 0.4444440007
124854  31.814  -41.946  79.313 0.4444440007
144421  35.811  -41.678  79.431 0.4444440007
52697  31.485  -41.394  78.604 0.5555559993
52696  35.639  -41.236  78.983 0.5555559993
127849  31.559  -40.726  78.394 0.6666669846
54788  30.766  -40.447  77.723 0.8888890147
54802  30.517  -39.919  76.871 1.0000000000
53759  34.796  -40.767  77.821 0.7777780294
146716  33.714  -41.215  76.584 0.8888890147
54815  30.733  -40.008  76.095 1.0000000000
127630  30.539  -39.230  76.271 1.0000000000
53776  34.036  -40.054  76.639 1.0000000000
53777  33.516  -40.564  76.237 1.0000000000
145131  32.126  -39.664  75.421 1.0000000000
53779  31.224  -40.825  75.691 1.0000000000
54814  31.093  -40.059  75.696 1.0000000000
52658  34.195  -42.202  81.608 0.1111110002
51556  33.529  -42.915  82.056 0.2222220004
52659  33.370  -42.661  81.374 0.2222220004
52683  32.973  -42.035  79.955 0.3333329856
53748  32.750  -40.338  79.209 0.4444440007
53749  32.275  -41.065  78.766 0.6666669846
54777  31.957  -39.989  78.800 0.6666669846
134661  36.763  -41.026  80.200 0.3333329856
53735  36.763  -40.234  80.307 0.3333329856
126274  31.202  -40.127  78.350 0.6666669846
54789  30.600  -39.743  77.809 0.8888890147
53747  35.878  -40.453  79.172 0.5555559993
52695  36.173  -41.111  79.544 0.6666669846
55837  30.225  -39.116  77.071 1.0000000000
53758  35.372  -40.598  78.505 0.8888890147
148903  30.846  -39.466  75.824 1.0000000000
131624  34.503  -39.984  77.308 1.0000000000
54813  33.578  -39.650  76.211 1.0000000000
135869  32.869  -39.784  75.683 1.0000000000
54823  31.433  -39.316  75.578 1.0000000000
137258  30.743  -38.777  75.933 1.0000000000
53722  34.471  -41.211  81.339 0.1111110002
52669  33.958  -41.927  80.814 0.2222220004
53728  34.482  -40.151  81.369 0.1111110002
53729  34.170  -40.788  80.639 0.2222220004
53736  33.765  -40.219  80.093 0.3333329856
53737  33.283  -40.881  79.629 0.3333329856
55812  31.409  -38.991  79.335 0.6666669846
54778  30.955  -39.455  78.599 0.6666669846
54767  36.945  -39.653  80.696 0.2222220004
55813  30.184  -38.705  79.078 0.6666669846
55823  30.110  -39.040  78.024 1.0000000000
54768  36.467  -39.599  80.169 0.3333329856
54775  36.030  -39.619  79.537 0.6666669846
55811  35.664  -38.765  79.380 0.7777780294
55824  29.317  -38.422  78.269 1.0000000000
54776  35.501  -39.624  78.807 0.7777780294
55821  35.288  -38.741  78.798 1.0000000000
55838  29.561  -38.437  77.328 1.0000000000
54786  35.111  -39.138  78.303 1.0000000000
54787  34.665  -39.101  77.692 1.0000000000
56904  28.671  -37.806  77.632 1.0000000000
54801  34.034  -39.103  76.801 1.0000000000
55848  33.201  -38.854  76.079 1.0000000000
55850  31.482  -38.338  75.930 1.0000000000
56915  30.624  -37.894  76.292 1.0000000000
55851  30.110  -38.374  76.547 1.0000000000
53721  34.885  -40.528  81.882 0.1111110002
55792  33.546  -38.803  81.447 0.2222220004
55793  32.788  -38.490  81.223 0.1111110002
54762  34.079  -39.661  80.818 0.3333329856
54763  33.468  -39.146  80.448 0.2222220004
56843  32.044  -38.178  81.932 0.2222220004
141380  32.709  -38.766  80.242 0.2222220004
55794  32.015  -38.240  81.064 0.4444440007
54770  32.386  -39.273  79.485 0.6666669846
55803  31.780  -38.550  80.180 0.5555559993
55804  30.766  -38.301  80.071 0.5555559993
133251  36.558  -38.815  80.623 0.3333329856
55814  29.323  -38.185  79.047 0.7777780294
55810  36.119  -38.784  80.013 0.5555559993
56888  35.285  -37.790  79.187 0.6666669846
55822  34.800  -38.251  78.382 0.6666669846
56891  28.726  -37.858  78.587 1.0000000000
56900  34.171  -37.312  78.402 0.8888890147
125927  33.488  -37.287  77.820 1.0000000000
147447  32.853  -37.324  77.277 1.0000000000
56892  28.188  -37.274  78.275 1.0000000000
55836  33.419  -38.113  76.904 1.0000000000
56914  32.447  -37.950  76.415 1.0000000000
56903  31.371  -37.249  76.625 1.0000000000
145090  29.898  -37.567  76.536 1.0000000000
57842  28.522  -37.092  76.984 1.0000000000
56905  28.108  -37.115  77.581 1.0000000000
57814  28.083  -36.555  78.998 1.0000000000
125547  29.313  -36.766  76.500 1.0000000000
57843  27.965  -36.489  77.216 1.0000000000
57825  27.748  -36.487  77.980 1.0000000000
56858  31.149  -38.022  80.955 0.4444440007
56874  29.855  -37.917  79.805 0.5555559993
56872  35.447  -36.927  79.877 0.5555559993
56875  29.041  -37.587  79.457 0.8888890147
55801  36.174  -37.902  80.493 0.4444440007
56876  28.501  -37.268  79.028 0.8888890147
55802  35.738  -37.881  79.909 0.5555559993
56873  34.999  -36.715  79.337 0.5555559993
56889  34.375  -36.500  78.925 0.6666669846
141010  34.739  -37.312  78.850 0.6666669846
56901  32.803  -36.447  77.982 0.8888890147
56902  32.125  -36.768  77.316 1.0000000000
146871  31.404  -36.090  77.259 1.0000000000
57854  30.437  -36.790  76.606 1.0000000000
57855  28.466  -36.172  76.682 1.0000000000
57826  27.696  -36.080  77.478 1.0000000000
56845  30.566  -37.481  81.578 0.4444440007
56859  30.293  -37.637  80.697 0.4444440007
56860  29.461  -37.211  80.338 0.4444440007
57813  28.698  -36.850  79.795 0.8888890147
58712  35.746  -35.927  79.414 0.2222220004
58713  35.116  -35.921  79.217 0.3333329856
57823  34.085  -35.918  78.999 0.6666669846
58721  35.367  -35.677  78.837 0.3333329856
57812  34.743  -36.061  79.189 0.4444440007
57824  33.666  -35.532  78.665 0.6666669846
56890  33.574  -36.308  78.590 0.7777780294
142152  27.729  -35.948  78.571 1.0000000000
58748  35.908  -35.166  77.256 0.3333329856
58733  35.085  -35.343  78.141 0.3333329856
58722  34.514  -35.653  78.825 0.4444440007
58735  33.265  -35.036  78.094 0.7777780294
58737  31.903  -35.457  77.566 1.0000000000
57841  32.187  -35.829  77.916 1.0000000000
137863  30.867  -36.009  76.863 1.0000000000
58754  30.189  -35.938  76.518 1.0000000000
58723  27.624  -35.567  77.837 0.8888890147
58749  34.908  -35.059  77.229 0.3333329856
58734  34.137  -35.129  78.187 0.4444440007
58736  32.484  -35.172  77.897 0.8888890147
58752  32.104  -35.005  77.208 1.0000000000
58753  31.189  -35.528  76.759 1.0000000000
139660  30.005  -35.355  76.090 1.0000000000
58756  28.492  -35.088  76.613 1.0000000000
59654  27.878  -34.625  78.146 0.8888890147
131093  35.540  -34.808  76.511 0.3333329856
58750  33.877  -34.793  77.312 0.5555559993
58751  32.917  -34.751  77.327 1.0000000000
139203  30.631  -35.000  75.852 1.0000000000
144971  29.220  -34.934  76.178 1.0000000000
60590  28.322  -34.160  76.675 1.0000000000
59666  27.878  -34.836  77.189 0.8888890147
59674  34.738  -34.714  76.168 0.7777780294
59675  33.599  -34.715  76.233 1.0000000000
59676  32.556  -34.805  76.271 0.8888890147
59677  31.603  -34.959  76.169 1.0000000000
59692  31.188  -34.668  75.072 1.0000000000
59678  29.681  -34.545  75.628 1.0000000000
60599  29.392  -33.626  75.573 1.0000000000
60589  28.794  -33.500  76.313 1.0000000000
59688  35.217  -34.569  75.001 0.8888890147
59689  34.213  -34.680  75.158 0.8888890147
59690  33.200  -34.744  75.120 1.0000000000
146262  30.407  -34.509  75.145 1.0000000000
57803  29.804  -36.999  81.224 0.4444440007
57804  29.016  -36.363  80.799 0.5555559993
57805  28.355  -36.065  79.893 0.7777780294
146362  27.961  -35.823  79.211 0.8888890147
59664  37.443  -34.819  77.157 0.2222220004
58732  36.744  -35.261  77.819 0.2222220004
58720  36.209  -35.679  78.768 0.2222220004
129537  27.838  -35.274  78.763 0.8888890147
59665  36.744  -34.923  76.986 0.3333329856
132837  35.863  -35.432  78.161 0.2222220004
59645  28.206  -34.513  79.116 0.8888890147
59673  37.891  -34.337  76.492 0.2222220004
141887  37.146  -34.589  76.557 0.3333329856
59686  37.168  -34.259  75.914 0.3333329856
128796  36.394  -34.629  76.314 0.3333329856
60579  28.958  -32.788  76.901 1.0000000000
60568  28.703  -33.046  77.896 0.8888890147
60569  28.351  -33.801  78.558 0.8888890147
59687  36.428  -34.323  75.318 0.4444440007
125171  35.713  -34.542  75.746 0.4444440007
146045  35.841  -34.452  75.155 0.6666669846
59704  33.760  -34.555  74.260 1.0000000000
59705  32.794  -34.503  74.135 1.0000000000
59706  31.756  -34.266  74.113 1.0000000000
59708  30.765  -34.186  74.521 1.0000000000
59693  29.978  -34.026  74.905 1.0000000000
61550  29.712  -32.883  75.457 1.0000000000
61542  29.343  -32.810  76.102 1.0000000000
141109  34.568  -34.495  74.384 1.0000000000
59715  34.308  -34.274  73.629 1.0000000000
59717  32.558  -34.065  73.339 1.0000000000
59707  31.118  -33.569  73.928 1.0000000000
61549  30.301  -32.590  74.991 1.0000000000
147119  29.166  -34.795  81.477 0.5555559993
59635  28.928  -34.697  80.897 0.7777780294
58699  28.745  -35.385  80.467 0.7777780294
59663  38.252  -34.651  77.319 0.1111110002
141589  28.257  -35.249  79.593 0.8888890147
60561  28.595  -33.788  79.578 0.7777780294
59636  28.600  -34.551  80.019 0.8888890147
60596  37.894  -33.858  75.693 0.3333329856
60560  28.823  -33.068  79.087 0.8888890147
61532  29.496  -32.308  77.705 0.8888890147
60597  37.225  -33.917  75.105 0.4444440007
59703  35.233  -34.177  74.008 0.8888890147
62531  30.788  -31.769  75.647 1.0000000000
127194  30.000  -32.229  75.902 1.0000000000
61531  29.744  -32.206  76.784 1.0000000000
60607  36.577  -33.926  74.500 0.6666669846
59702  35.901  -34.260  74.654 0.6666669846
60619  33.986  -33.930  72.896 1.0000000000
59716  33.421  -34.272  73.426 1.0000000000
60621  31.895  -33.549  73.358 1.0000000000
61560  30.884  -32.774  74.200 1.0000000000
60618  34.834  -33.837  73.134 1.0000000000
60632  33.728  -33.367  72.536 1.0000000000
135970  32.562  -33.474  72.898 1.0000000000
61574  31.493  -32.853  73.539 1.0000000000
126951  29.011  -34.152  81.400 0.5555559993
59672  38.748  -34.076  76.832 0.1111110002
136737  29.190  -33.313  81.004 0.6666669846
60548  28.801  -33.883  80.543 0.7777780294
60588  38.479  -33.796  76.173 0.2222220004
130481  28.992  -33.149  80.087 0.7777780294
62488  30.110  -31.929  78.472 0.7777780294
139843  29.338  -32.454  78.682 0.8888890147
61511  29.390  -32.535  79.616 0.7777780294
62517  30.586  -31.776  76.608 0.7777780294
62504  30.359  -31.832  77.544 0.7777780294
62530  31.056  -31.996  74.729 1.0000000000
60615  37.269  -33.442  74.369 0.4444440007
60616  36.504  -33.398  73.715 0.5555559993
60617  35.653  -33.642  73.421 0.7777780294
62557  31.880  -32.213  73.436 1.0000000000
62546  31.453  -32.189  73.997 1.0000000000
60631  34.443  -33.342  72.545 0.8888890147
61589  33.125  -32.926  72.488 1.0000000000
61573  32.224  -32.764  72.895 1.0000000000
60540  29.371  -33.598  81.864 0.4444440007
61487  29.691  -32.733  81.403 0.5555559993
61496  30.232  -32.093  80.854 0.3333329856
61497  29.563  -32.594  80.514 0.3333329856
60578  39.608  -33.771  77.087 0.1111110002
61510  30.043  -32.033  79.994 0.3333329856
60587  39.275  -33.352  76.270 0.1111110002
61520  29.858  -32.073  79.234 0.3333329856
60595  38.686  -33.272  75.522 0.2222220004
62503  31.318  -31.653  77.356 0.4444440007
62487  31.047  -31.638  78.322 0.3333329856
62475  30.740  -31.784  79.318 0.3333329856
60606  37.934  -33.434  74.975 0.3333329856
62516  31.578  -31.557  76.401 0.7777780294
132400  31.739  -31.642  74.581 0.8888890147
60629  35.962  -33.101  73.083 0.8888890147
60630  35.270  -33.233  72.736 0.8888890147
61588  33.978  -32.739  72.231 1.0000000000
62570  32.828  -32.206  72.525 1.0000000000
62556  32.357  -31.834  73.024 1.0000000000
62545  32.091  -31.515  73.910 1.0000000000
60586  40.092  -33.095  76.633 0.1111110002
62458  32.434  -31.200  80.667 0.2222220004
62473  32.218  -31.455  79.765 0.3333329856
130804  31.433  -31.546  79.743 0.3333329856
62446  30.817  -31.642  80.242 0.3333329856
60594  39.378  -32.829  75.594 0.1111110002
124041  33.170  -31.455  79.847 0.3333329856
124040  32.861  -31.647  78.909 0.3333329856
62474  31.751  -31.618  79.049 0.3333329856
148588  38.523  -32.952  74.882 0.3333329856
61559  37.968  -32.883  74.388 0.3333329856
126359  32.412  -31.670  77.140 0.4444440007
61572  36.552  -32.618  73.170 0.5555559993
62515  32.671  -31.456  76.215 0.6666669846
61586  35.736  -32.446  72.556 0.7777780294
61587  34.810  -32.637  72.252 0.8888890147
62569  33.571  -31.977  72.157 1.0000000000
63523  32.584  -30.779  74.152 0.8888890147
62529  32.379  -31.203  74.936 0.7777780294
62568  34.327  -31.329  72.003 0.8888890147
148125  33.075  -30.747  72.670 1.0000000000
63531  32.612  -31.058  73.246 1.0000000000
63510  32.768  -30.666  75.026 0.8888890147
124039  33.173  -31.831  77.827 0.4444440007
62528  33.034  -31.098  75.694 0.7777780294
62514  33.390  -31.227  76.314 0.5555559993
62501  33.474  -31.486  76.973 0.4444440007
34197  8.840  -60.039  90.974 0.2222220004
133468  6.813  -59.611  90.548 0.4444440007
34189  3.219  -59.188  92.355 0.4444440007
34208  9.258  -59.582  90.491 0.2222220004
35241  6.638  -58.771  90.268 0.5555559993
36179  11.773  -57.964  89.989 0.2222220004
35213  3.061  -58.442  92.248 0.4444440007
34202  2.746  -59.379  91.431 0.2222220004
137912  3.259  -59.113  89.841 0.2222220004
34214  2.961  -59.596  90.591 0.2222220004
37152  12.832  -57.220  88.509 0.2222220004
35251  8.184  -58.394  89.290 0.5555559993
131697  12.256  -57.026  87.707 0.2222220004
36182  6.287  -57.933  90.459 0.6666669846
35212  3.437  -58.348  92.368 0.5555559993
37151  14.222  -56.861  88.592 0.2222220004
36218  9.302  -57.342  88.385 0.4444440007
36219  8.624  -57.130  88.561 0.5555559993
37153  11.363  -57.062  87.755 0.4444440007
37154  10.534  -57.011  87.896 0.6666669846
37155  9.752  -56.784  88.064 0.6666669846
131471  4.959  -56.902  92.096 0.5555559993
38156  13.418  -56.252  86.915 0.4444440007
38157  12.430  -55.943  86.767 0.5555559993
36184  3.098  -57.319  89.189 0.1111110002
39216  14.554  -54.896  86.021 0.6666669846
139361  2.795  -56.995  91.637 0.2222220004
37122  7.051  -56.284  89.912 0.5555559993
37121  7.788  -55.780  89.598 0.6666669846
37174  10.163  -56.335  87.796 0.7777780294
38131  7.719  -54.982  90.490 0.7777780294
38158  11.629  -55.466  86.998 0.7777780294
39207  10.844  -54.901  87.396 0.8888890147
39225  14.925  -54.257  85.643 0.6666669846
39218  12.836  -54.614  86.547 0.7777780294
139162  8.261  -54.776  89.879 0.7777780294
40206  15.201  -53.469  85.346 0.6666669846
40207  14.357  -53.508  85.705 0.7777780294
40195  13.653  -53.648  86.207 0.7777780294
40175  13.120  -52.854  86.869 0.8888890147
41126  13.774  -52.749  86.011 0.7777780294
41158  15.851  -52.013  84.613 0.7777780294
42098  16.816  -51.896  84.705 0.7777780294
41104  12.477  -52.460  87.704 0.8888890147
41089  12.974  -51.958  87.492 0.8888890147
41090  12.128  -52.217  88.608 0.8888890147
41078  11.996  -52.139  89.615 0.6666669846
42116  15.266  -51.426  84.691 0.8888890147
40191  23.731  -53.271  86.615 0.3333329856
42086  13.847  -51.124  86.558 0.8888890147
43018  13.410  -50.678  88.179 0.7777780294
42117  14.768  -50.798  84.951 0.8888890147
43070  17.397  -51.230  84.349 0.7777780294
43083  18.164  -51.024  83.591 0.7777780294
136746  21.464  -52.739  85.551 0.5555559993
42053  12.290  -51.624  90.001 0.6666669846
42126  24.536  -51.793  83.165 0.6666669846
137212  20.997  -52.580  85.061 0.7777780294
44119  16.331  -49.698  83.903 0.8888890147
42112  19.728  -52.189  83.796 0.7777780294
42144  18.776  -51.416  82.919 0.7777780294
41119  22.214  -52.990  85.966 0.5555559993
45103  14.410  -48.628  88.340 0.5555559993
41154  22.552  -52.372  84.552 0.5555559993
149021  14.432  -49.097  86.920 0.8888890147
41166  22.134  -52.229  83.761 0.5555559993
41155  21.576  -52.437  84.520 0.7777780294
43093  24.721  -50.951  81.917 0.6666669846
123915  20.896  -51.802  82.663 0.7777780294
45203  26.117  -48.784  80.850 0.6666669846
42141  21.413  -51.591  82.068 0.7777780294
125871  20.042  -51.762  82.490 0.7777780294
42143  19.399  -51.429  82.285 0.7777780294
141022  28.088  -45.417  80.923 0.7777780294
47407  26.908  -46.644  80.769 0.8888890147
46263  26.906  -47.371  81.191 0.7777780294
45202  26.767  -48.294  81.316 0.6666669846
45220  26.460  -48.046  80.725 0.6666669846
44161  24.538  -49.549  79.997 0.6666669846
43116  24.086  -50.201  80.320 0.6666669846
43104  23.497  -50.717  80.755 0.7777780294
47420  25.567  -46.439  79.197 0.8888890147
46189  15.285  -47.452  87.471 0.7777780294
46190  14.856  -48.021  87.904 0.5555559993
46226  15.695  -47.949  85.000 0.8888890147
46215  15.557  -47.847  85.767 0.8888890147
42156  21.772  -51.361  81.415 0.8888890147
45176  16.448  -48.292  83.558 0.8888890147
43106  21.141  -50.966  80.887 0.8888890147
42142  20.569  -51.513  81.919 0.7777780294
141566  19.500  -50.987  81.687 0.8888890147
42157  20.297  -51.111  81.338 0.8888890147
43094  18.255  -50.239  82.173 0.7777780294
45191  17.468  -48.739  82.537 0.8888890147
45175  16.983  -48.483  83.019 0.8888890147
49409  27.041  -45.040  80.160 0.8888890147
45238  24.248  -48.429  78.949 0.8888890147
44162  23.860  -49.768  79.731 0.7777780294
46292  24.308  -47.440  78.679 0.8888890147
47301  15.779  -46.919  87.011 0.7777780294
46214  15.979  -47.264  85.365 0.8888890147
46241  16.432  -47.468  83.847 0.8888890147
47339  16.718  -46.645  84.264 0.8888890147
48409  30.637  -44.913  80.326 0.7777780294
145811  21.747  -50.474  80.289 0.8888890147
135355  28.099  -44.586  79.486 0.8888890147
44176  22.583  -49.655  79.476 0.8888890147
44163  21.959  -49.865  79.780 0.8888890147
44164  21.208  -49.657  80.034 0.8888890147
44165  20.508  -49.802  80.456 0.7777780294
43119  19.886  -49.811  80.818 0.7777780294
144788  19.587  -49.258  80.828 0.7777780294
49434  29.235  -44.402  78.153 0.8888890147
49436  27.761  -44.111  78.777 0.8888890147
50508  25.979  -43.509  79.162 0.8888890147
49423  25.587  -44.086  79.372 0.7777780294
48430  23.808  -45.622  78.629 0.7777780294
49425  23.822  -44.033  79.452 0.7777780294
47433  23.785  -46.569  78.520 0.8888890147
46293  22.994  -47.296  78.665 0.8888890147
47422  23.093  -46.549  78.676 0.7777780294
125760  16.290  -46.360  86.518 0.6666669846
142363  17.455  -46.362  83.671 0.5555559993
46252  18.428  -47.658  81.900 0.7777780294
136270  29.956  -44.565  78.506 0.8888890147
45224  21.042  -48.570  80.105 0.7777780294
45225  20.019  -49.047  80.567 0.7777780294
49444  30.033  -44.294  77.587 0.7777780294
50544  28.704  -43.353  77.056 0.8888890147
49435  28.318  -43.872  77.830 0.8888890147
50527  26.495  -42.883  78.521 0.7777780294
51602  25.233  -42.437  79.626 0.7777780294
51603  24.593  -42.566  80.091 0.7777780294
50511  23.712  -43.516  79.881 0.7777780294
48414  22.873  -45.128  79.515 0.7777780294
47423  22.611  -46.835  79.093 0.7777780294
49431  32.452  -44.140  78.423 0.6666669846
50542  30.515  -43.786  76.747 0.8888890147
51631  27.949  -42.309  77.482 0.7777780294
51630  28.568  -42.500  76.929 0.7777780294
52716  26.619  -41.833  78.693 0.7777780294
51616  26.381  -42.238  78.627 0.7777780294
52702  26.341  -41.613  79.382 0.7777780294
50528  25.822  -42.605  79.011 0.7777780294
51578  25.025  -42.021  81.067 0.7777780294
52690  25.650  -41.788  80.602 0.7777780294
51579  24.485  -42.340  81.588 0.7777780294
50479  23.851  -42.785  81.127 0.7777780294
50493  23.483  -43.436  80.540 0.7777780294
48401  22.815  -44.824  80.472 0.7777780294
47409  22.421  -46.575  80.029 0.6666669846
46222  23.740  -46.523  85.130 0.3333329856
144224  24.050  -46.243  85.983 0.2222220004
45155  22.423  -47.745  84.248 0.2222220004
45138  22.459  -47.829  85.232 0.1111110002
45156  21.876  -47.720  84.682 0.1111110002
46223  20.828  -47.117  84.515 0.1111110002
47317  19.723  -45.822  85.369 0.1111110002
49357  25.973  -44.121  86.224 0.1111110002
48352  24.341  -45.383  85.172 0.3333329856
126867  26.738  -44.423  86.780 0.1111110002
47316  24.181  -45.839  85.554 0.2222220004
45171  22.730  -47.382  83.573 0.2222220004
48367  18.233  -45.555  84.874 0.2222220004
50491  34.768  -43.617  80.350 0.3333329856
49370  26.898  -43.455  85.626 0.1111110002
143684  23.929  -45.509  84.557 0.3333329856
48365  24.276  -44.842  84.735 0.3333329856
47358  23.233  -46.571  83.553 0.3333329856
46250  20.227  -47.212  82.283 0.2222220004
50448  27.255  -42.605  84.183 0.3333329856
50430  26.530  -43.015  84.875 0.2222220004
50431  25.361  -43.152  84.635 0.2222220004
49380  23.935  -44.174  84.217 0.5555559993
127239  23.046  -46.018  83.059 0.3333329856
47357  23.506  -45.928  83.944 0.3333329856
48377  23.341  -45.314  83.167 0.3333329856
47378  22.518  -46.817  82.057 0.4444440007
123725  32.819  -43.701  77.972 0.6666669846
52672  29.230  -41.999  80.768 0.4444440007
52687  28.526  -41.621  80.111 0.5555559993
51577  27.769  -41.887  81.804 0.7777780294
135582  28.216  -42.121  82.549 0.4444440007
51544  26.756  -42.207  83.468 0.5555559993
51543  27.778  -42.284  83.420 0.3333329856
51562  27.196  -41.950  82.589 0.5555559993
50450  25.026  -42.658  83.773 0.5555559993
51545  25.768  -42.254  83.215 0.5555559993
50452  23.533  -43.480  82.697 0.6666669846
50432  24.413  -43.367  84.165 0.5555559993
49381  23.470  -44.370  83.197 0.5555559993
48390  23.033  -45.468  82.281 0.5555559993
47377  22.839  -46.189  82.122 0.4444440007
45204  21.973  -47.369  81.121 0.5555559993
52701  27.641  -41.411  79.455 0.7777780294
52674  27.342  -41.616  81.106 0.7777780294
52688  27.591  -41.473  80.354 0.7777780294
52660  27.030  -41.762  81.732 0.7777780294
134717  25.101  -42.040  81.850 0.6666669846
51565  24.811  -42.349  82.640 0.5555559993
50480  23.427  -43.410  81.598 0.6666669846
129989  22.960  -44.787  81.590 0.6666669846
47394  22.796  -45.578  81.304 0.6666669846
51628  33.533  -42.513  77.251 0.7777780294
50541  31.484  -43.723  76.842 0.8888890147
52725  29.012  -41.904  76.808 0.8888890147
51643  29.402  -42.396  76.437 0.7777780294
52727  27.746  -41.938  77.734 0.7777780294
52726  28.353  -41.981  77.338 0.7777780294
52715  27.472  -41.604  78.429 0.7777780294
129394  26.909  -41.405  79.812 0.7777780294
52703  25.684  -41.834  79.778 0.7777780294
144414  26.890  -41.488  80.491 0.7777780294
50556  30.972  -43.129  76.207 0.8888890147
51641  31.539  -42.483  75.951 0.8888890147
51600  35.000  -42.638  79.246 0.5555559993
52699  30.101  -41.804  78.988 0.7777780294
51629  32.952  -42.823  76.919 0.8888890147
52724  30.226  -41.157  76.799 0.7777780294
52739  29.806  -41.807  76.383 0.7777780294
51589  30.227  -42.200  80.748 0.4444440007
52710  35.084  -41.443  78.378 0.6666669846
53768  34.206  -40.902  76.973 0.8888890147
52737  31.329  -41.659  75.710 0.8888890147
53790  31.654  -40.174  75.485 1.0000000000
52657  34.883  -41.354  82.256 0.1111110002
53730  33.609  -41.437  80.211 0.2222220004
54769  33.195  -39.673  79.686 0.4444440007
53746  36.360  -40.362  79.812 0.3333329856
136788  35.036  -39.887  78.047 1.0000000000
55849  32.333  -38.919  75.643 1.0000000000
55835  34.147  -38.201  77.612 0.8888890147
56916  29.287  -37.705  76.882 1.0000000000
54756  34.230  -39.231  81.773 0.2222220004
58755  29.215  -35.671  76.362 1.0000000000
58738  27.863  -35.725  77.049 1.0000000000
57811  35.448  -36.227  79.639 0.3333329856
57840  32.920  -35.652  78.337 0.8888890147
59679  28.869  -34.281  76.078 1.0000000000
144354  28.448  -33.422  76.975 1.0000000000
60580  28.164  -33.948  77.513 0.8888890147
59691  32.162  -34.766  75.047 1.0000000000
60598  29.889  -33.347  75.007 1.0000000000
60609  30.432  -33.462  74.520 1.0000000000
60620  33.194  -33.747  72.828 1.0000000000
123904  31.821  -31.517  75.447 1.0000000000
61548  39.098  -32.611  75.029 0.3333329856
62502  32.095  -31.766  78.083 0.4444440007
63544  32.980  -31.461  72.536 1.0000000000
62459  31.606  -31.371  80.397 0.2222220004
145670  33.756  -31.723  79.228 0.2222220004
62567  35.071  -31.828  72.044 0.8888890147
137839  34.339  -32.106  72.050 0.8888890147
124832  33.616  -30.984  72.239 1.0000000000
62472  33.923  -31.793  78.467 0.4444440007
36136  3.357  -56.672  92.596 0.4444440007
36135  3.771  -56.443  92.861 0.2222220004
37090  4.221  -56.012  93.324 0.2222220004
124950  5.395  -56.162  92.631 0.3333329856
37110  6.691  -55.582  91.902 0.6666669846
37099  6.038  -55.835  92.259 0.3333329856
38132  7.160  -55.442  90.965 0.6666669846
37089  5.099  -56.002  93.170 0.2222220004
38122  7.371  -55.114  92.034 0.6666669846
38121  7.852  -54.787  91.540 0.6666669846
37088  5.862  -55.668  93.507 0.2222220004
138370  6.196  -55.711  92.991 0.3333329856
37098  6.838  -55.573  92.900 0.3333329856
38120  8.476  -54.493  90.980 0.6666669846
38130  9.054  -54.186  90.288 0.6666669846
38110  8.538  -54.450  92.001 0.6666669846
39159  9.108  -54.022  91.416 0.5555559993
138206  9.624  -53.756  90.876 0.6666669846
39170  9.880  -53.929  90.067 0.4444440007
39158  9.891  -53.606  91.776 0.5555559993
127622  10.250  -53.462  90.796 0.4444440007
144292  10.399  -53.276  92.340 0.3333329856
39157  10.565  -53.125  91.605 0.2222220004
40124  10.970  -53.042  90.633 0.3333329856
40123  11.583  -52.665  90.118 0.4444440007
40089  11.498  -52.324  91.941 0.2222220004
40108  11.066  -52.720  91.513 0.2222220004
41055  11.984  -51.891  91.487 0.2222220004
41065  11.940  -52.076  90.521 0.2222220004
42041  12.544  -51.010  90.295 0.4444440007
143366  12.656  -51.155  89.621 0.5555559993
139979  12.337  -51.413  91.520 0.1111110002
42986  13.001  -50.366  90.555 0.1111110002
42042  12.220  -51.539  90.828 0.2222220004
43003  13.031  -50.552  89.744 0.4444440007
47375  28.669  -46.602  82.362 0.2222220004
47392  27.609  -46.492  81.572 0.5555559993
141902  13.713  -49.251  90.394 0.2222220004
132828  13.493  -49.851  89.966 0.3333329856
44036  13.823  -49.180  89.666 0.3333329856
148088  13.655  -49.615  89.382 0.5555559993
47374  29.474  -46.505  82.542 0.3333329856
47390  29.149  -45.838  81.985 0.4444440007
47391  28.181  -46.075  81.948 0.2222220004
45089  14.228  -48.518  89.216 0.3333329856
46198  25.454  -46.313  87.971 0.1111110002
46210  24.331  -46.377  86.799 0.1111110002
47299  25.012  -46.048  87.391 0.1111110002
47315  24.560  -45.817  86.515 0.1111110002
46155  14.551  -47.683  89.616 0.2222220004
46173  14.696  -47.858  88.713 0.3333329856
46172  15.194  -47.265  88.242 0.5555559993
137068  14.865  -46.597  90.707 0.2222220004
46136  14.442  -47.402  90.616 0.2222220004
46135  14.926  -46.847  89.950 0.3333329856
46154  15.116  -47.116  89.076 0.3333329856
47280  15.639  -46.663  87.790 0.3333329856
50444  32.243  -43.476  82.947 0.1111110002
137576  31.677  -43.467  82.761 0.2222220004
50445  30.989  -43.403  83.114 0.1111110002
50467  30.494  -43.146  82.509 0.2222220004
50466  31.282  -43.333  82.275 0.2222220004
50465  32.137  -43.328  82.176 0.2222220004
51574  32.521  -42.955  81.412 0.2222220004
51558  31.608  -43.100  81.583 0.2222220004
51559  30.740  -43.037  81.819 0.2222220004
127474  30.022  -42.434  81.582 0.2222220004
127099  30.996  -42.674  81.170 0.2222220004
50446  30.094  -43.236  83.323 0.2222220004
51541  29.653  -42.846  82.845 0.3333329856
51542  28.775  -42.510  83.163 0.3333329856
51560  30.079  -42.800  82.154 0.2222220004
51561  29.208  -42.364  82.266 0.3333329856
143505  29.644  -42.140  81.179 0.2222220004
63530  32.838  -30.182  73.318 0.8888890147
64441  33.103  -29.302  72.873 0.7777780294
132078  32.781  -28.599  73.418 0.7777780294
65389  32.841  -27.795  73.149 0.7777780294
57793  30.699  -37.329  82.338 0.3333329856
57794  30.016  -36.821  82.030 0.3333329856
57795  29.550  -36.307  81.585 0.4444440007
66308  32.868  -27.239  75.283 0.7777780294
137794  32.742  -28.719  74.474 0.6666669846
63522  32.836  -30.127  74.505 0.6666669846
68316  33.863  -24.894  74.768 0.6666669846
68317  33.347  -25.502  74.517 0.6666669846
134520  32.690  -26.815  74.664 0.7777780294
66318  32.382  -27.962  74.015 0.7777780294
64432  32.813  -29.391  73.894 0.6666669846
69485  35.691  -23.984  72.894 0.7777780294
67300  33.020  -26.480  73.392 0.7777780294
69484  36.213  -23.973  72.179 0.7777780294
57787  30.184  -36.593  82.649 0.3333329856
58686  29.714  -35.927  82.144 0.3333329856
58674  29.441  -34.778  82.115 0.4444440007
68290  36.530  -24.629  76.851 0.3333329856
68291  35.800  -24.884  76.875 0.4444440007
67265  33.948  -26.906  76.848 0.4444440007
137442  33.359  -27.969  75.742 0.7777780294
64423  32.945  -29.468  75.016 0.5555559993
69457  37.648  -23.935  74.911 0.4444440007
69446  36.888  -23.966  75.692 0.5555559993
68305  33.763  -25.429  75.433 0.5555559993
67276  33.109  -26.273  75.259 0.6666669846
70393  37.068  -23.601  74.000 0.5555559993
69471  35.071  -23.918  73.626 0.6666669846
70424  37.359  -23.769  71.666 0.7777780294
70403  36.611  -23.742  73.073 0.7777780294
70439  38.625  -23.794  69.869 0.7777780294
70431  37.629  -23.861  70.884 0.7777780294
58673  29.866  -35.674  82.770 0.3333329856
69409  37.953  -24.868  78.055 0.1111110002
63497  33.807  -30.246  76.296 0.4444440007
68276  37.180  -24.944  77.823 0.2222220004
148277  35.600  -25.435  77.419 0.3333329856
67257  35.247  -26.807  78.162 0.2222220004
66287  34.398  -27.782  77.272 0.3333329856
64408  34.104  -29.552  76.543 0.3333329856
148026  33.510  -30.793  76.139 0.5555559993
70383  42.859  -23.641  76.297 0.1111110002
69441  41.305  -24.302  75.595 0.1111110002
69430  40.519  -24.636  76.001 0.3333329856
126915  39.173  -24.504  75.178 0.5555559993
69432  37.834  -24.481  76.512 0.3333329856
68277  36.374  -25.084  77.516 0.3333329856
68292  34.382  -26.040  76.943 0.4444440007
66299  33.847  -27.886  76.512 0.5555559993
65359  33.179  -28.753  75.419 0.5555559993
63509  33.231  -30.325  75.577 0.5555559993
70387  42.537  -23.597  75.633 0.1111110002
69453  41.140  -24.211  74.841 0.2222220004
130616  39.384  -24.309  74.392 0.4444440007
70390  42.179  -23.354  74.972 0.1111110002
70399  40.130  -23.831  73.571 0.3333329856
69469  38.916  -24.000  73.870 0.6666669846
70401  38.408  -23.741  73.209 0.6666669846
70415  39.128  -23.187  72.236 0.7777780294
130454  38.572  -23.511  72.579 0.7777780294
70402  37.528  -23.680  73.190 0.7777780294
70430  38.299  -23.498  70.647 0.7777780294
70423  38.157  -23.375  71.658 0.7777780294
61475  30.417  -32.507  82.553 0.2222220004
60539  29.803  -32.946  82.242 0.2222220004
68261  37.230  -25.324  78.758 0.1111110002
63496  34.323  -30.335  76.851 0.3333329856
62513  33.875  -30.893  76.597 0.4444440007
143338  36.603  -25.400  78.253 0.2222220004
68263  35.836  -25.904  78.185 0.2222220004
66286  34.998  -27.694  77.913 0.2222220004
65344  34.287  -28.740  76.900 0.3333329856
61486  30.312  -32.203  81.768 0.2222220004
67250  36.605  -26.769  79.517 0.1111110002
68262  36.430  -25.960  78.963 0.1111110002
65343  34.970  -28.762  77.621 0.2222220004
64396  34.669  -29.628  77.190 0.2222220004
67251  35.862  -26.934  78.952 0.1111110002
62500  34.320  -31.050  77.187 0.3333329856
125137  34.147  -31.567  77.724 0.3333329856
66273  35.879  -28.127  78.954 0.1111110002
66274  35.497  -28.444  78.266 0.1111110002
65328  35.541  -29.244  78.109 0.1111110002
62499  34.876  -31.133  77.891 0.2222220004
64395  35.269  -29.821  77.798 0.2222220004
63484  34.839  -30.473  77.515 0.2222220004
62486  34.840  -31.529  78.348 0.2222220004
63483  35.408  -30.648  78.230 0.1111110002
44051  13.942  -49.321  88.809 0.6666669846
46262  27.389  -47.094  81.721 0.4444440007
48398  30.038  -45.463  81.611 0.4444440007
58687  29.215  -35.477  81.414 0.5555559993
37087  6.744  -55.503  93.574 0.2222220004
40107  11.524  -52.438  91.018 0.4444440007
67266  33.443  -27.044  76.013 0.6666669846
66317  32.589  -27.421  74.575 0.7777780294
65371  32.759  -28.042  74.979 0.6666669846
69448  34.391  -24.748  75.412 0.6666669846
69460  34.449  -24.288  74.427 0.5555559993
67285  32.911  -26.253  74.190 0.6666669846
67286  32.660  -27.089  73.811 0.7777780294
70394  36.041  -23.654  73.855 0.7777780294
69493  36.153  -24.417  71.363 0.7777780294
70425  36.707  -24.004  71.691 0.7777780294
59617  29.819  -34.690  82.923 0.3333329856
69435  35.171  -24.554  76.163 0.4444440007
69434  36.195  -24.279  76.328 0.4444440007
69433  37.099  -24.328  76.382 0.3333329856
69422  37.138  -24.640  77.058 0.3333329856
130017  34.376  -25.322  76.208 0.4444440007
67275  33.790  -26.120  76.157 0.5555559993
67258  34.596  -26.833  77.517 0.4444440007
65358  33.755  -28.751  76.171 0.5555559993
64409  33.547  -29.524  75.855 0.3333329856
125325  38.397  -24.295  75.311 0.4444440007
69458  36.501  -23.761  74.801 0.5555559993
69447  35.848  -23.981  75.545 0.5555559993
69459  35.450  -23.847  74.622 0.5555559993
70416  37.851  -23.600  72.457 0.7777780294
70417  37.047  -23.759  72.375 0.7777780294
70429  38.812  -23.037  70.135 0.7777780294
69421  37.868  -24.675  77.248 0.2222220004
68278  35.038  -26.015  77.588 0.3333329856
69440  42.108  -24.044  75.951 0.1111110002
69442  40.681  -24.495  75.298 0.3333329856
70388  41.873  -23.914  75.183 0.1111110002
147175  39.929  -24.815  75.955 0.5555559993
127110  39.983  -24.660  75.388 0.4444440007
69443  39.419  -24.796  75.906 0.5555559993
69444  38.600  -24.572  75.973 0.5555559993
127171  38.432  -24.645  76.704 0.3333329856
69445  37.788  -24.259  75.802 0.3333329856
70391  41.529  -23.627  74.357 0.2222220004
69455  39.790  -24.511  74.741 0.4444440007
69467  40.016  -24.340  74.196 0.2222220004
70392  40.711  -24.054  74.200 0.2222220004
69468  39.573  -24.088  73.860 0.5555559993
69456  38.624  -24.128  74.619 0.5555559993
69470  38.050  -23.803  73.985 0.5555559993
70400  39.261  -23.771  73.170 0.5555559993
70414  39.821  -23.468  72.864 0.5555559993
70422  38.722  -22.890  71.113 0.7777780294
71367  39.511  -22.561  71.558 0.7777780294
143975  35.476  -27.599  78.479 0.2222220004
71374  39.277  -22.436  70.542 0.7777780294
33267  2.760  -60.063  91.183 0.1111110002
130473  3.516  -59.565  88.972 0.1111110002
33247  3.715  -60.947  92.315 0.3333329856
141454  2.983  -56.811  89.987 0.1111110002
37111  2.583  -56.195  91.308 0.1111110002
37123  2.813  -56.919  90.814 0.1111110002
133362  2.872  -56.469  92.289 0.2222220004
37101  3.220  -56.591  92.629 0.3333329856
35194  11.022  -58.432  92.843 0.1111110002
37085  13.120  -57.399  93.005 0.1111110002
129545  11.824  -57.900  93.958 0.1111110002
36132  11.706  -57.917  92.956 0.1111110002
123877  12.481  -57.671  92.736 0.1111110002
36146  12.928  -57.527  92.198 0.1111110002
36147  12.100  -57.861  91.989 0.1111110002
36161  12.683  -57.579  91.329 0.1111110002
148454  11.614  -58.070  91.565 0.1111110002
38097  7.890  -54.959  93.457 0.4444440007
38111  7.888  -54.787  92.548 0.6666669846
37097  13.677  -57.265  92.436 0.1111110002
39123  9.142  -54.174  93.477 0.2222220004
144322  8.439  -54.678  93.693 0.2222220004
38096  8.511  -54.515  92.964 0.3333329856
36177  13.293  -57.359  90.732 0.1111110002
37095  15.235  -56.765  92.724 0.1111110002
37096  14.398  -56.952  92.640 0.1111110002
37109  14.190  -56.989  91.876 0.1111110002
37107  15.670  -56.616  91.854 0.1111110002
37108  14.821  -56.836  91.386 0.1111110002
37120  14.013  -56.956  91.054 0.1111110002
37119  14.743  -56.893  90.511 0.1111110002
37134  13.957  -57.214  90.128 0.1111110002
39156  17.364  -54.888  91.742 0.1111110002
132206  16.709  -56.028  91.874 0.1111110002
140063  17.237  -54.828  90.905 0.1111110002
38119  16.235  -56.285  91.102 0.1111110002
128941  15.474  -56.624  90.909 0.1111110002
38128  16.887  -55.370  90.178 0.1111110002
144146  16.442  -55.984  90.518 0.1111110002
37118  15.414  -56.616  90.091 0.1111110002
38136  16.587  -55.523  89.186 0.1111110002
38129  16.111  -56.117  89.801 0.1111110002
38137  15.850  -56.099  88.833 0.1111110002
37150  15.019  -56.573  88.472 0.1111110002
38145  16.274  -55.614  88.269 0.1111110002
38146  15.604  -56.061  87.974 0.2222220004
38147  14.949  -56.278  87.660 0.2222220004
38153  16.015  -55.673  87.527 0.1111110002
40154  22.123  -53.828  88.283 0.2222220004
130790  17.497  -54.019  91.128 0.1111110002
40122  17.667  -53.644  90.463 0.1111110002
39168  17.335  -54.341  90.368 0.1111110002
42108  27.357  -51.425  84.514 0.2222220004
41077  17.730  -53.386  89.705 0.1111110002
43069  26.942  -51.041  83.951 0.3333329856
40158  17.338  -53.868  88.982 0.1111110002
39194  16.832  -54.883  88.575 0.1111110002
42110  25.620  -51.906  84.229 0.4444440007
141254  16.657  -54.528  87.007 0.2222220004
126204  16.972  -54.215  87.944 0.2222220004
147604  16.694  -54.088  86.584 0.3333329856
39203  16.511  -55.117  87.640 0.1111110002
39204  15.957  -55.271  86.762 0.2222220004
39214  16.235  -54.512  86.257 0.4444440007
141171  21.623  -54.156  89.802 0.2222220004
40119  20.513  -54.108  90.784 0.1111110002
146042  19.748  -53.925  90.988 0.1111110002
40155  21.264  -53.815  88.436 0.2222220004
130421  20.755  -54.065  89.988 0.2222220004
131478  19.772  -53.765  90.222 0.1111110002
124780  19.039  -53.459  90.877 0.1111110002
40156  20.429  -53.668  88.630 0.2222220004
40138  20.209  -53.757  89.392 0.1111110002
41074  18.612  -52.918  89.430 0.1111110002
40104  18.082  -53.469  91.082 0.1111110002
43067  28.449  -50.289  84.746 0.1111110002
43060  28.080  -51.096  84.877 0.2222220004
40172  21.536  -53.583  87.649 0.2222220004
40173  20.611  -53.518  87.820 0.2222220004
40157  19.781  -53.423  88.880 0.2222220004
41085  19.107  -52.884  88.853 0.1111110002
41064  17.929  -53.365  90.335 0.1111110002
132109  18.406  -52.708  88.800 0.1111110002
146738  17.960  -52.887  89.036 0.1111110002
41088  17.743  -53.079  88.918 0.1111110002
43080  27.219  -50.412  83.669 0.3333329856
42109  26.549  -51.700  84.319 0.3333329856
40174  17.195  -53.548  87.193 0.2222220004
129228  17.444  -53.454  88.257 0.1111110002
42124  26.181  -51.400  83.663 0.4444440007
144397  16.666  -53.697  86.075 0.5555559993
44099  29.132  -50.023  85.147 0.1111110002
44098  29.909  -49.833  85.528 0.1111110002
44117  28.218  -49.827  84.281 0.1111110002
43068  27.715  -50.538  84.244 0.2222220004
41099  19.912  -53.189  87.176 0.2222220004
41100  18.869  -52.845  87.399 0.1111110002
41086  18.161  -52.712  88.388 0.1111110002
41087  17.988  -52.803  88.606 0.2222220004
41103  17.760  -53.016  88.050 0.2222220004
41101  18.226  -52.777  87.588 0.3333329856
41124  18.055  -52.755  86.690 0.4444440007
142214  17.797  -52.979  87.076 0.2222220004
43081  26.627  -50.767  83.303 0.4444440007
41125  17.692  -52.731  86.173 0.6666669846
43082  25.885  -51.109  82.938 0.4444440007
43091  26.363  -50.375  82.641 0.4444440007
44116  28.824  -49.562  84.578 0.1111110002
44115  29.460  -49.328  84.918 0.1111110002
44132  27.729  -49.721  83.705 0.2222220004
45170  28.012  -48.852  83.403 0.2222220004
44141  27.486  -49.348  83.068 0.4444440007
44142  26.934  -49.452  82.409 0.4444440007
44143  26.000  -49.887  81.986 0.4444440007
45136  30.138  -49.125  85.097 0.1111110002
44097  30.728  -49.499  85.587 0.1111110002
45152  29.766  -48.867  84.565 0.1111110002
45153  29.183  -48.914  84.280 0.1111110002
44150  26.520  -49.144  81.561 0.4444440007
45186  27.136  -48.517  81.981 0.4444440007
44095  32.232  -49.252  85.735 0.1111110002
45135  30.905  -48.885  85.131 0.1111110002
45169  28.764  -48.306  83.682 0.1111110002
46236  28.177  -48.053  83.016 0.1111110002
45185  27.624  -48.684  82.660 0.4444440007
46247  27.211  -47.761  81.690 0.4444440007
45121  34.193  -49.451  86.334 0.1111110002
44073  33.169  -49.575  86.149 0.1111110002
47232  15.388  -46.269  89.424 0.2222220004
44094  33.028  -49.016  85.538 0.1111110002
47256  15.499  -46.459  88.569 0.2222220004
45134  31.738  -48.769  85.113 0.1111110002
45151  31.245  -48.353  84.562 0.1111110002
45168  29.737  -48.221  84.039 0.1111110002
46234  29.338  -47.588  83.443 0.1111110002
48354  18.348  -45.364  85.850 0.1111110002
146509  28.710  -47.654  83.161 0.1111110002
46246  27.699  -47.748  82.238 0.3333329856
47293  35.674  -46.716  85.962 0.1111110002
46197  34.876  -47.798  86.015 0.1111110002
45120  34.612  -48.709  86.097 0.1111110002
47231  15.876  -45.557  89.779 0.2222220004
47213  15.340  -46.114  90.299 0.2222220004
47312  35.474  -46.536  85.288 0.1111110002
46207  35.045  -46.981  85.787 0.1111110002
45131  34.311  -48.174  85.598 0.1111110002
45132  33.793  -48.852  85.648 0.1111110002
47255  15.830  -45.682  88.920 0.2222220004
47330  35.231  -46.256  84.551 0.1111110002
47313  34.771  -46.740  85.010 0.1111110002
46208  34.474  -47.445  85.334 0.1111110002
46209  33.737  -47.926  85.053 0.1111110002
145471  33.242  -48.538  85.172 0.1111110002
45133  32.560  -48.673  85.113 0.1111110002
139889  17.673  -45.026  87.954 0.1111110002
139769  16.410  -45.418  88.510 0.2222220004
48374  35.484  -45.562  83.339 0.1111110002
47349  34.977  -45.972  83.835 0.1111110002
47332  33.726  -46.600  84.011 0.1111110002
46218  33.337  -47.334  84.356 0.1111110002
45149  32.961  -48.074  84.661 0.1111110002
45150  32.137  -48.211  84.543 0.1111110002
129142  18.314  -45.260  86.775 0.1111110002
48319  17.523  -45.248  87.208 0.1111110002
48320  16.786  -45.677  86.847 0.1111110002
48382  35.912  -45.026  82.918 0.1111110002
48375  34.714  -45.648  83.175 0.1111110002
47350  34.212  -46.057  83.615 0.1111110002
47333  32.923  -46.747  83.801 0.1111110002
46219  32.520  -47.486  84.133 0.1111110002
46221  30.708  -47.918  84.049 0.1111110002
48337  17.480  -45.479  86.332 0.1111110002
49387  36.328  -44.377  82.524 0.1111110002
48383  35.176  -45.246  82.684 0.1111110002
48384  34.408  -45.383  82.536 0.1111110002
48385  33.557  -45.543  82.471 0.1111110002
46231  32.014  -46.851  83.545 0.1111110002
46232  31.086  -47.226  83.510 0.1111110002
46233  30.199  -47.435  83.542 0.1111110002
47355  29.771  -46.953  83.085 0.1111110002
49388  35.572  -44.658  82.270 0.1111110002
49389  34.833  -44.891  82.052 0.1111110002
132412  33.416  -45.231  81.769 0.1111110002
126863  30.129  -46.509  82.698 0.1111110002
47356  29.010  -47.055  82.956 0.1111110002
49396  35.238  -44.367  81.634 0.1111110002
48395  34.071  -45.107  81.884 0.1111110002
47376  27.918  -46.844  82.124 0.2222220004
144137  34.044  -45.717  83.040 0.1111110002
47351  33.389  -46.080  83.306 0.1111110002
47352  32.617  -46.322  83.266 0.1111110002
48386  32.842  -45.456  82.000 0.2222220004
134415  32.122  -45.641  82.228 0.1111110002
47372  31.392  -45.881  82.446 0.1111110002
47373  30.706  -46.224  82.583 0.1111110002
49404  34.948  -44.038  81.019 0.1111110002
48396  32.946  -45.097  81.344 0.1111110002
127815  32.246  -45.259  81.474 0.2222220004
128236  30.760  -45.189  81.249 0.1111110002
57802  35.925  -36.529  80.281 0.1111110002
58711  36.560  -35.940  79.527 0.1111110002
58719  37.178  -35.674  78.651 0.1111110002
62566  35.911  -31.511  72.413 0.6666669846
133209  35.820  -29.847  72.387 0.6666669846
132884  35.047  -29.843  72.106 0.7777780294
64451  36.310  -28.982  72.485 0.6666669846
64452  35.442  -29.087  72.236 0.6666669846
126968  34.229  -30.209  71.994 0.6666669846
63543  33.411  -30.105  72.463 0.6666669846
65431  36.731  -28.357  72.224 0.6666669846
66345  35.032  -27.769  71.910 0.6666669846
65411  35.005  -28.518  72.046 0.6666669846
65412  34.134  -28.306  72.139 0.6666669846
65413  33.328  -28.467  72.658 0.6666669846
66346  34.119  -27.364  72.051 0.6666669846
66347  33.485  -27.653  72.515 0.6666669846
130096  36.015  -27.318  71.383 0.6666669846
66361  34.644  -27.003  71.780 0.6666669846
67321  33.405  -26.414  72.743 0.6666669846
128959  33.587  -26.982  72.425 0.6666669846
66355  41.753  -27.806  71.328 0.5555559993
65427  40.198  -28.219  71.557 0.5555559993
66357  38.742  -27.917  70.788 0.6666669846
124074  34.952  -24.274  72.783 0.6666669846
66373  42.172  -27.300  70.760 0.5555559993
66374  41.321  -27.530  70.584 0.5555559993
66376  39.531  -27.592  70.288 0.6666669846
66359  36.768  -27.766  71.431 0.6666669846
67336  35.713  -26.548  71.012 0.6666669846
68340  34.229  -25.590  72.104 0.6666669846
68327  33.343  -25.737  73.414 0.5555559993
128702  38.886  -27.384  70.074 0.6666669846
66378  37.188  -26.901  70.281 0.6666669846
67353  36.518  -26.386  70.471 0.6666669846
67350  42.646  -26.743  70.279 0.5555559993
66388  40.806  -27.159  69.969 0.5555559993
67365  40.232  -26.640  69.485 0.5555559993
68366  35.976  -25.656  70.684 0.6666669846
68353  34.891  -25.249  71.603 0.6666669846
69492  36.873  -24.225  71.009 0.6666669846
66389  40.087  -27.243  69.974 0.5555559993
66390  39.467  -27.008  69.767 0.6666669846
67352  37.925  -26.546  69.865 0.6666669846
69503  36.453  -24.919  70.599 0.6666669846
67368  37.895  -25.738  69.753 0.6666669846
68365  37.234  -25.314  70.122 0.6666669846
69431  39.073  -24.809  76.565 0.1111110002
67348  44.104  -26.064  70.835 0.4444440007
68364  43.804  -25.835  70.080 0.4444440007
67349  43.383  -26.443  70.574 0.5555559993
67362  43.124  -26.227  69.936 0.5555559993
67363  42.448  -26.344  69.561 0.5555559993
67364  41.050  -26.690  69.479 0.6666669846
69502  37.349  -24.545  70.424 0.6666669846
133428  41.627  -26.327  69.255 0.5555559993
67366  39.395  -26.317  69.402 0.6666669846
68379  38.553  -25.304  69.496 0.6666669846
69513  38.537  -24.563  69.638 0.6666669846
67367  38.627  -26.079  69.487 0.6666669846
124384  39.844  -24.862  76.526 0.3333329856
68363  44.656  -25.442  70.336 0.3333329856
69501  38.073  -24.198  70.238 0.6666669846
68374  44.156  -25.421  69.551 0.4444440007
68376  42.247  -25.810  68.934 0.5555559993
147123  41.454  -25.808  68.804 0.6666669846
68396  39.977  -25.198  68.704 0.6666669846
68378  39.329  -25.504  69.153 0.6666669846
134722  39.025  -24.903  69.236 0.6666669846
69491  45.976  -24.819  71.287 0.3333329856
69490  46.438  -24.731  71.061 0.3333329856
69499  45.832  -24.795  70.616 0.3333329856
69500  45.300  -25.101  70.250 0.3333329856
68361  46.175  -24.792  70.290 0.3333329856
69509  45.478  -24.988  69.742 0.3333329856
69510  44.844  -25.241  69.651 0.3333329856
68392  43.732  -25.227  68.788 0.4444440007
68393  42.815  -25.247  68.555 0.6666669846
69512  39.068  -24.234  69.212 0.6666669846
69525  42.379  -24.634  68.059 0.6666669846
69526  41.371  -24.556  68.107 0.6666669846
68395  40.803  -25.356  68.565 0.6666669846
69527  40.320  -24.438  68.331 0.6666669846
71363  39.986  -22.923  72.388 0.5555559993
72264  40.270  -21.363  70.442 0.5555559993
70457  42.541  -23.335  67.289 0.6666669846
70459  40.870  -22.894  67.741 0.6666669846
71383  39.750  -22.031  69.049 0.5555559993
68359  47.774  -26.089  69.867 0.2222220004
69508  45.996  -24.888  69.368 0.4444440007
146126  45.101  -24.685  68.380 0.5555559993
70456  43.411  -23.630  67.054 0.6666669846
70458  41.684  -23.137  67.539 0.6666669846
71391  40.245  -22.495  68.302 0.6666669846
70438  39.163  -23.421  69.332 0.6666669846
68360  46.930  -24.941  70.629 0.2222220004
68373  46.511  -25.019  69.817 0.3333329856
69524  44.871  -24.953  68.850 0.3333329856
131723  43.328  -24.737  68.128 0.6666669846
69538  41.987  -23.908  67.736 0.6666669846
70447  41.022  -23.745  67.792 0.6666669846
71392  39.662  -22.976  68.776 0.6666669846
70448  40.248  -23.443  68.164 0.6666669846
135874  40.664  -20.757  69.931 0.5555559993
66370  51.773  -27.417  70.154 0.2222220004
67359  49.997  -27.004  69.639 0.2222220004
67346  49.175  -26.719  70.173 0.2222220004
71402  42.204  -22.332  67.256 0.6666669846
73177  41.670  -20.978  67.822 0.5555559993
73164  41.502  -20.552  68.451 0.5555559993
66369  52.776  -27.414  70.457 0.1111110002
67360  49.274  -26.832  69.175 0.2222220004
68391  46.572  -25.232  68.937 0.4444440007
138869  45.514  -24.430  67.874 0.5555559993
70455  44.295  -23.881  67.045 0.6666669846
71401  43.123  -22.688  66.949 0.6666669846
72293  42.941  -21.673  66.977 0.6666669846
67376  49.566  -26.567  68.247 0.2222220004
68388  48.915  -26.199  67.904 0.3333329856
68411  47.759  -25.374  67.601 0.4444440007
69534  46.468  -24.371  67.311 0.5555559993
70475  44.823  -23.215  66.613 0.5555559993
73156  41.410  -20.242  69.251 0.5555559993
66366  55.114  -27.559  69.926 0.1111110002
66368  53.726  -27.471  70.477 0.1111110002
73163  42.035  -19.918  68.676 0.5555559993
67372  56.197  -27.089  69.027 0.1111110002
129870  53.190  -27.493  68.663 0.1111110002
66386  51.520  -27.514  69.294 0.1111110002
126538  49.965  -26.952  68.875 0.2222220004
71423  43.755  -21.988  66.700 0.5555559993
124643  42.909  -20.786  67.251 0.5555559993
67385  55.972  -26.607  67.542 0.2222220004
67373  55.442  -27.103  68.327 0.1111110002
67375  50.456  -26.768  68.335 0.2222220004
70473  46.527  -23.529  66.577 0.5555559993
70474  45.651  -23.341  66.588 0.5555559993
72307  44.380  -21.327  66.586 0.5555559993
67393  57.491  -25.946  66.901 0.2222220004
67394  56.405  -26.063  66.786 0.2222220004
67386  55.015  -26.645  67.584 0.1111110002
67374  53.385  -26.814  67.841 0.2222220004
67390  50.981  -26.373  67.648 0.2222220004
68409  49.603  -25.825  67.355 0.4444440007
69532  48.341  -24.798  66.929 0.5555559993
69553  47.155  -23.988  66.668 0.5555559993
71421  45.454  -22.484  66.355 0.5555559993
72306  45.219  -21.521  66.358 0.5555559993
69552  47.996  -23.917  66.492 0.5555559993
74030  42.770  -19.832  68.143 0.4444440007
131019  42.962  -20.205  67.613 0.5555559993
73189  44.229  -20.619  66.796 0.5555559993
68416  58.029  -25.460  66.357 0.1111110002
133205  56.326  -25.549  66.123 0.2222220004
68403  54.729  -26.051  66.940 0.2222220004
67389  52.775  -26.364  67.420 0.2222220004
68407  51.413  -25.790  66.985 0.3333329856
68424  50.108  -25.061  66.649 0.5555559993
140729  46.915  -22.825  66.251 0.5555559993
71420  46.263  -22.694  66.279 0.5555559993
142744  45.762  -20.824  66.285 0.4444440007
70481  58.916  -22.747  65.382 0.1111110002
144515  57.882  -24.214  64.637 0.1111110002
68433  56.812  -25.187  65.605 0.1111110002
68419  54.406  -25.420  66.324 0.2222220004
68421  52.699  -25.199  66.331 0.3333329856
68423  50.973  -25.111  66.469 0.4444440007
69551  48.927  -24.109  66.482 0.5555559993
128211  48.006  -23.086  66.218 0.5555559993
146266  46.817  -22.213  66.126 0.4444440007
128771  46.175  -21.711  66.156 0.4444440007
69572  57.917  -23.555  64.187 0.1111110002
68434  55.842  -25.036  65.655 0.2222220004
69545  53.960  -24.716  65.749 0.2222220004
69547  52.274  -24.506  65.843 0.3333329856
69548  51.443  -24.413  65.942 0.4444440007
70488  58.544  -22.740  64.323 0.1111110002
123943  44.934  -19.294  68.441 0.3333329856
129267  44.237  -19.384  68.346 0.3333329856
74021  42.847  -19.538  69.064 0.3333329856
74041  45.396  -19.677  67.158 0.4444440007
123750  44.757  -19.470  67.675 0.4444440007
74029  43.468  -19.556  68.297 0.4444440007
73187  47.124  -20.455  66.444 0.4444440007
73188  46.247  -20.337  66.489 0.4444440007
73173  45.477  -20.184  66.653 0.4444440007
72304  48.061  -21.677  66.168 0.5555559993
127722  47.148  -21.462  66.134 0.4444440007
69549  50.609  -24.326  66.130 0.5555559993
71418  48.395  -22.472  66.189 0.5555559993
71419  47.543  -22.429  66.153 0.5555559993
72305  46.500  -20.912  66.183 0.4444440007
73201  58.734  -19.969  63.814 0.1111110002
71444  58.682  -21.640  63.906 0.1111110002
70489  57.918  -22.581  63.655 0.1111110002
69573  57.005  -24.054  64.499 0.2222220004
68435  54.878  -24.871  65.723 0.2222220004
136066  59.878  -20.218  64.769 0.1111110002
72317  59.680  -20.983  64.991 0.1111110002
124161  45.544  -19.390  69.129 0.3333329856
74019  44.605  -19.332  69.147 0.3333329856
74040  46.165  -19.586  67.466 0.3333329856
73172  48.119  -20.174  66.945 0.4444440007
74049  46.646  -19.866  66.861 0.4444440007
71416  50.091  -22.555  66.242 0.4444440007
124369  48.877  -21.773  66.321 0.5555559993
70468  51.163  -23.572  65.783 0.5555559993
70470  49.489  -23.374  66.232 0.5555559993
72324  58.240  -20.801  63.544 0.1111110002
71438  56.741  -22.605  63.956 0.2222220004
69574  56.073  -23.976  64.686 0.2222220004
69565  54.356  -24.089  65.157 0.2222220004
69567  52.715  -23.859  65.483 0.4444440007
70485  52.470  -23.220  65.487 0.5555559993
74057  60.504  -19.122  64.496 0.1111110002
141131  57.896  -21.594  63.462 0.2222220004
71439  55.698  -22.445  64.396 0.2222220004
71440  54.796  -22.695  64.671 0.3333329856
69566  53.510  -23.913  65.329 0.4444440007
75938  59.626  -17.582  64.287 0.2222220004
74058  59.323  -18.235  64.318 0.2222220004
74059  57.867  -19.076  64.035 0.2222220004
72318  57.518  -20.832  63.571 0.2222220004
72319  56.593  -20.842  64.194 0.2222220004
72320  55.730  -21.386  64.678 0.2222220004
146496  58.471  -16.766  64.641 0.4444440007
75940  58.012  -17.040  64.999 0.3333329856
124430  58.359  -18.340  64.415 0.3333329856
128734  57.727  -18.133  64.995 0.4444440007
72301  50.831  -22.151  66.352 0.4444440007
71432  52.774  -22.610  65.616 0.4444440007
71433  51.865  -22.853  65.682 0.4444440007
70483  53.947  -23.075  64.866 0.4444440007
71431  53.552  -22.389  65.383 0.4444440007
73196  57.342  -19.869  63.894 0.3333329856
74991  58.204  -17.582  64.753 0.4444440007
74060  57.291  -18.935  64.980 0.3333329856
73197  56.599  -19.771  65.007 0.3333329856
72311  55.868  -20.503  65.319 0.4444440007
71429  55.006  -21.732  64.946 0.4444440007
75941  57.284  -17.211  65.216 0.4444440007
75931  57.504  -17.545  65.276 0.4444440007
71396  53.989  -21.675  66.955 0.4444440007
71413  53.349  -21.966  66.077 0.4444440007
72299  54.895  -20.804  66.328 0.4444440007
72313  54.691  -21.339  65.765 0.4444440007
74052  57.093  -18.170  65.600 0.4444440007
74053  56.607  -18.927  65.779 0.4444440007
73182  55.874  -19.764  65.919 0.4444440007
72312  55.258  -20.965  65.583 0.4444440007
75932  56.840  -17.688  65.558 0.4444440007
75952  55.763  -17.417  64.128 0.4444440007
128252  56.440  -17.320  65.229 0.4444440007
73159  53.466  -21.505  69.443 0.1111110002
73158  53.541  -21.362  68.417 0.2222220004
72277  53.580  -21.559  67.893 0.3333329856
73169  54.121  -21.128  67.411 0.2222220004
72288  54.060  -21.421  67.259 0.4444440007
72289  53.561  -21.715  67.842 0.4444440007
129720  54.521  -21.098  66.872 0.4444440007
71397  53.348  -21.904  67.270 0.4444440007
72300  54.472  -21.296  66.657 0.4444440007
74984  56.401  -18.284  65.932 0.4444440007
74054  56.121  -18.999  66.114 0.4444440007
73183  55.273  -20.248  66.271 0.4444440007
76900  54.022  -17.007  63.202 0.3333329856
75953  53.832  -17.128  64.126 0.4444440007
75942  55.402  -17.313  65.070 0.4444440007
75933  55.977  -17.733  65.700 0.4444440007
74016  53.440  -20.634  69.829 0.1111110002
74023  53.352  -20.516  68.846 0.1111110002
74038  52.742  -19.251  67.779 0.1111110002
130302  53.226  -19.966  68.104 0.2222220004
74978  52.192  -18.408  67.422 0.2222220004
74977  53.017  -18.862  67.011 0.2222220004
74036  54.238  -20.436  67.173 0.3333329856
75929  52.954  -17.666  66.046 0.2222220004
74048  53.784  -19.099  66.686 0.2222220004
73184  54.784  -20.522  66.661 0.4444440007
74986  54.067  -17.846  65.853 0.3333329856
125652  54.398  -18.634  66.329 0.3333329856
74980  55.160  -18.915  66.297 0.4444440007
76906  53.681  -16.105  62.657 0.3333329856
77907  52.887  -15.862  64.060 0.1111110002
76894  53.142  -16.670  64.425 0.2222220004
75935  53.177  -17.341  65.533 0.2222220004
74985  55.300  -18.152  65.994 0.4444440007
74046  55.437  -19.572  66.268 0.4444440007
74017  52.934  -19.706  69.393 0.1111110002
74970  52.133  -18.688  68.316 0.1111110002
144801  52.391  -19.024  69.056 0.1111110002
74024  52.783  -19.512  68.584 0.1111110002
124373  52.554  -18.116  66.658 0.2222220004
77905  52.097  -15.928  65.675 0.2222220004
75936  52.425  -16.828  65.699 0.2222220004
76895  52.572  -16.139  64.935 0.2222220004
74964  53.165  -18.793  71.035 0.1111110002
74007  53.216  -19.769  70.295 0.1111110002
75916  52.654  -18.035  70.526 0.1111110002
74967  52.551  -18.827  69.905 0.1111110002
75918  51.752  -17.403  69.103 0.1111110002
74968  51.956  -18.328  69.127 0.1111110002
77894  52.048  -15.307  68.581 0.1111110002
76882  51.554  -16.955  68.233 0.1111110002
74971  51.681  -17.919  68.378 0.1111110002
78859  52.222  -14.484  67.279 0.1111110002
77900  51.818  -15.129  67.659 0.1111110002
75927  51.677  -17.620  67.544 0.1111110002
147985  51.804  -18.209  67.906 0.1111110002
79802  52.589  -13.974  65.892 0.1111110002
78862  52.210  -14.557  66.468 0.1111110002
77901  51.608  -15.711  67.077 0.1111110002
132251  52.140  -17.344  66.405 0.2222220004
74982  51.939  -17.783  66.922 0.2222220004
79806  52.653  -14.202  65.132 0.1111110002
77908  52.611  -15.342  64.579 0.2222220004
76881  51.912  -16.267  69.086 0.1111110002
73200  60.982  -20.095  64.338 0.1111110002
74064  60.774  -19.185  63.014 0.1111110002
75939  58.784  -17.193  64.556 0.3333329856
74989  60.631  -19.135  64.474 0.1111110002
36198  13.162  -57.456  89.838 0.1111110002
37135  13.608  -57.037  89.172 0.1111110002
42083  17.863  -52.348  85.783 0.5555559993
41123  18.338  -52.781  86.645 0.4444440007
47279  15.977  -45.883  88.124 0.2222220004
58731  37.730  -35.105  77.943 0.1111110002
63542  35.225  -30.770  72.101 0.7777780294
46235  28.332  -47.296  82.674 0.1111110002
48389  30.056  -45.994  82.259 0.2222220004
64454  33.747  -29.257  72.277 0.6666669846
69472  34.362  -24.475  73.285 0.5555559993
69461  33.734  -24.888  73.856 0.5555559993
69494  35.353  -24.466  71.956 0.6666669846
129494  33.063  -27.058  72.915 0.6666669846
62485  35.304  -31.146  78.430 0.1111110002
48305  16.757  -45.400  87.774 0.1111110002
37091  3.586  -56.031  93.137 0.2222220004
68351  35.624  -25.013  71.116 0.6666669846
69420  38.703  -24.780  77.340 0.1111110002
71384  39.348  -22.584  69.615 0.6666669846
36145  13.481  -57.341  91.620 0.1111110002
39141  9.197  -54.062  92.420 0.2222220004
138943  14.844  -56.814  92.097 0.1111110002
37133  14.652  -56.859  89.473 0.1111110002
38118  16.838  -55.610  91.049 0.1111110002
144352  15.951  -56.351  90.486 0.1111110002
39182  17.092  -54.670  89.518 0.1111110002
37132  15.443  -56.525  89.329 0.1111110002
38154  15.367  -55.850  87.201 0.1111110002
40136  21.851  -54.067  89.029 0.2222220004
40140  17.478  -53.913  89.832 0.1111110002
40105  17.856  -53.626  91.132 0.1111110002
40137  21.032  -53.955  89.207 0.2222220004
40120  18.829  -53.268  90.148 0.1111110002
40139  19.398  -53.324  89.490 0.1111110002
40121  18.401  -53.319  90.727 0.1111110002
41076  17.957  -53.074  89.508 0.1111110002
41063  18.183  -53.164  90.043 0.1111110002
41084  19.613  -53.181  88.119 0.2222220004
128384  18.604  -52.727  88.214 0.2222220004
41075  18.115  -52.834  89.109 0.1111110002
44133  27.025  -49.983  83.174 0.4444440007
146358  17.239  -53.229  86.475 0.3333329856
44131  28.471  -49.191  83.984 0.2222220004
41102  18.086  -52.796  87.816 0.4444440007
143046  16.823  -53.129  85.682 0.6666669846
125530  30.395  -48.585  84.563 0.1111110002
47331  34.491  -46.435  84.280 0.1111110002
48363  35.760  -45.854  84.034 0.1111110002
46217  34.071  -47.052  84.677 0.1111110002
48304  17.250  -45.095  88.602 0.1111110002
46220  31.630  -47.666  84.049 0.1111110002
47353  31.299  -46.505  83.033 0.1111110002
47354  30.543  -46.788  83.095 0.1111110002
47371  32.745  -45.817  82.731 0.1111110002
125783  32.023  -46.131  82.911 0.1111110002
48387  31.477  -45.390  81.711 0.1111110002
48388  30.738  -45.609  82.024 0.1111110002
63541  36.245  -30.604  72.556 0.7777780294
65410  35.816  -28.341  72.153 0.6666669846
64453  34.572  -29.194  72.066 0.6666669846
66344  35.971  -27.790  71.844 0.6666669846
67320  33.995  -26.473  72.086 0.6666669846
66360  35.354  -27.144  71.571 0.6666669846
67337  34.810  -26.240  71.532 0.6666669846
68326  33.880  -25.145  72.867 0.6666669846
65425  42.152  -27.980  72.078 0.5555559993
66356  40.996  -27.972  71.163 0.5555559993
65439  39.618  -28.039  70.903 0.6666669846
65428  39.226  -28.301  71.613 0.6666669846
69486  34.528  -24.806  72.359 0.6666669846
67351  41.736  -26.926  69.935 0.5555559993
66375  40.382  -27.753  70.570 0.5555559993
66358  37.716  -27.891  71.119 0.6666669846
66377  38.016  -27.346  70.274 0.6666669846
143368  37.200  -27.449  70.722 0.6666669846
66379  36.506  -27.137  70.791 0.6666669846
68352  35.357  -25.699  71.157 0.6666669846
66391  38.710  -26.808  69.735 0.6666669846
137932  37.215  -26.127  70.067 0.6666669846
130393  36.671  -25.677  70.342 0.6666669846
68380  37.910  -24.929  69.874 0.6666669846
68375  43.233  -25.733  69.302 0.5555559993
67378  40.851  -26.160  69.037 0.6666669846
68377  40.068  -25.872  69.011 0.6666669846
68394  41.840  -25.257  68.433 0.6666669846
69528  39.546  -24.730  68.811 0.6666669846
69511  44.393  -25.197  69.045 0.3333329856
70449  39.591  -23.899  68.625 0.6666669846
132955  39.903  -21.984  70.979 0.6666669846
71373  39.689  -21.882  69.976 0.5555559993
72275  40.213  -21.351  69.487 0.5555559993
72283  40.405  -21.584  68.597 0.5555559993
71390  40.825  -22.025  67.810 0.6666669846
71403  41.433  -22.424  67.552 0.6666669846
67361  48.455  -26.544  69.582 0.2222220004
68371  47.830  -26.296  69.030 0.3333329856
148842  47.482  -25.610  70.437 0.2222220004
68372  47.152  -25.566  69.628 0.3333329856
69522  46.107  -24.795  68.376 0.5555559993
69523  45.467  -24.850  68.770 0.4444440007
69535  44.709  -24.458  67.926 0.6666669846
69536  43.830  -24.350  67.611 0.6666669846
69537  42.912  -24.157  67.530 0.6666669846
134460  44.186  -24.849  68.373 0.4444440007
72274  40.786  -20.764  69.016 0.5555559993
66371  50.816  -27.341  69.931 0.2222220004
66385  52.471  -27.619  69.461 0.1111110002
72294  42.230  -21.289  67.396 0.6666669846
72295  41.555  -21.701  67.607 0.6666669846
72282  41.071  -21.215  68.168 0.5555559993
66384  53.431  -27.670  69.647 0.1111110002
67377  48.665  -26.531  68.651 0.2222220004
69521  46.896  -25.057  67.935 0.4444440007
68390  47.329  -25.662  68.516 0.4444440007
70453  45.836  -23.940  67.063 0.5555559993
70454  45.119  -23.927  67.146 0.6666669846
71400  43.983  -22.982  66.754 0.5555559993
68389  48.141  -26.058  68.133 0.3333329856
69533  47.419  -24.626  67.099 0.5555559993
71422  44.601  -22.262  66.532 0.5555559993
67358  55.919  -27.253  69.826 0.1111110002
148983  54.738  -27.619  69.335 0.1111110002
66367  54.586  -27.329  70.586 0.1111110002
132197  54.129  -27.676  69.036 0.1111110002
66383  54.301  -27.646  69.837 0.1111110002
73176  42.248  -20.435  67.845 0.5555559993
66395  54.792  -27.493  68.793 0.1111110002
66396  52.198  -27.454  68.741 0.1111110002
66397  51.439  -27.009  68.383 0.2222220004
72308  43.599  -21.077  66.814 0.5555559993
73175  43.654  -20.286  67.239 0.5555559993
67395  55.509  -26.221  67.036 0.2222220004
140617  54.289  -27.156  68.205 0.1111110002
136803  52.474  -26.955  68.096 0.2222220004
67391  50.220  -26.290  67.713 0.4444440007
68410  48.663  -25.597  67.397 0.5555559993
67387  54.129  -26.506  67.429 0.2222220004
135991  51.890  -26.420  67.545 0.2222220004
67388  53.468  -26.290  67.278 0.2222220004
68408  50.540  -25.765  67.106 0.3333329856
70472  47.377  -23.300  66.358 0.5555559993
126833  44.943  -20.673  66.554 0.4444440007
68432  57.726  -25.152  65.683 0.1111110002
68404  53.903  -25.911  66.847 0.2222220004
68406  52.297  -25.788  66.924 0.3333329856
68405  53.125  -25.792  66.876 0.2222220004
69531  49.236  -24.964  66.811 0.5555559993
69550  49.772  -24.228  66.354 0.5555559993
71437  59.456  -21.765  65.347 0.1111110002
69571  58.432  -23.682  64.757 0.1111110002
69562  57.352  -24.675  65.083 0.1111110002
68418  55.432  -25.614  66.377 0.2222220004
68420  53.538  -25.289  66.305 0.2222220004
69546  53.104  -24.599  65.783 0.3333329856
68422  51.840  -25.154  66.371 0.3333329856
70471  48.682  -23.268  66.304 0.5555559993
138065  57.171  -23.295  64.080 0.1111110002
69564  55.353  -24.261  65.038 0.2222220004
69563  56.384  -24.571  65.076 0.2222220004
74028  45.542  -19.362  68.024 0.4444440007
74042  43.982  -19.680  67.641 0.4444440007
73174  44.602  -19.981  66.959 0.4444440007
73186  47.806  -20.924  66.317 0.4444440007
70469  50.324  -23.470  66.041 0.5555559993
69568  51.957  -23.728  65.589 0.5555559993
71417  49.190  -22.558  66.260 0.5555559993
73194  60.628  -19.893  64.762 0.1111110002
73195  59.688  -19.309  64.420 0.1111110002
141915  58.986  -20.660  64.085 0.1111110002
71445  57.131  -21.771  63.656 0.2222220004
70490  56.313  -23.354  64.335 0.2222220004
73185  48.587  -20.968  66.485 0.3333329856
136598  49.669  -21.820  66.485 0.4444440007
124942  50.954  -22.809  65.945 0.5555559993
73202  57.966  -19.966  63.506 0.2222220004
70491  55.446  -23.425  64.566 0.2222220004
70482  54.735  -23.524  64.771 0.3333329856
70484  53.137  -23.164  65.311 0.4444440007
74056  60.819  -19.598  64.695 0.1111110002
74990  60.194  -18.471  64.313 0.1111110002
74062  58.520  -19.181  64.004 0.1111110002
126999  56.327  -21.861  64.096 0.2222220004
74994  60.207  -17.883  64.171 0.1111110002
71415  51.571  -22.176  66.275 0.4444440007
71414  52.523  -22.107  66.330 0.4444440007
71430  54.274  -22.057  65.102 0.4444440007
73191  55.380  -20.427  66.013 0.4444440007
71412  54.076  -21.707  65.924 0.4444440007
124844  54.653  -17.382  64.015 0.4444440007
72278  53.350  -21.963  68.849 0.1111110002
73170  53.677  -20.655  67.872 0.2222220004
148532  55.981  -18.152  66.011 0.4444440007
75943  54.490  -17.300  64.852 0.4444440007
75934  54.905  -17.591  65.477 0.4444440007
74037  53.613  -19.745  67.327 0.2222220004
74047  54.514  -19.633  66.647 0.3333329856
74981  53.463  -18.371  66.388 0.3333329856
76892  52.875  -16.913  65.056 0.2222220004
76890  51.773  -16.423  66.425 0.1111110002
77903  51.896  -15.373  66.257 0.1111110002
75917  52.194  -17.796  69.845 0.1111110002
77895  51.587  -15.955  67.985 0.1111110002
78860  51.784  -14.971  66.925 0.1111110002
76888  51.543  -16.621  67.324 0.1111110002
78864  52.303  -14.787  65.668 0.1111110002
146607  52.138  -15.365  65.704 0.1111110002
133436  52.491  -14.836  65.013 0.1111110002
128167  52.352  -15.414  65.248 0.1111110002
73204  60.807  -19.977  63.235 0.1111110002
74993  60.550  -18.538  64.182 0.1111110002
146822  3.089  -57.032  92.446 0.2222220004
38112  7.318  -55.232  92.853 0.2222220004
38098  7.444  -55.277  93.615 0.1111110002
146707  7.801  -55.159  93.951 0.1111110002
48281  17.131  -45.266  91.128 0.1111110002
144088  16.175  -45.535  91.464 0.1111110002
47204  15.307  -46.034  91.287 0.1111110002
47212  16.026  -45.530  90.690 0.1111110002
48293  16.579  -45.247  89.246 0.1111110002
40190  24.687  -53.260  86.471 0.3333329856
41137  24.801  -52.744  85.426 0.3333329856
41151  25.456  -52.393  84.871 0.3333329856
139614  9.298  -54.124  94.237 0.1111110002
47178  16.901  -45.972  94.357 0.1111110002
47197  16.606  -45.568  92.991 0.1111110002
47188  16.432  -45.926  93.809 0.1111110002
47203  16.882  -45.379  92.054 0.1111110002
125764  15.818  -45.733  92.220 0.1111110002
46119  14.588  -46.804  91.428 0.1111110002
134850  14.214  -47.545  91.439 0.1111110002
48286  16.847  -45.245  90.163 0.1111110002
46092  15.809  -46.467  94.283 0.1111110002
46093  14.922  -46.932  93.904 0.1111110002
142533  14.635  -46.777  93.059 0.1111110002
46105  14.258  -47.304  92.307 0.1111110002
45065  14.047  -48.096  91.057 0.1111110002
45075  14.058  -48.450  90.249 0.1111110002
44019  13.796  -48.939  91.199 0.1111110002
62527  39.948  -31.222  74.468 0.3333329856
62543  39.249  -31.080  74.029 0.3333329856
136755  37.452  -31.001  73.201 0.4444440007
142502  36.458  -31.978  72.806 0.5555559993
63520  39.663  -30.242  74.302 0.3333329856
63521  38.998  -30.163  73.916 0.3333329856
64430  39.559  -29.193  74.040 0.2222220004
64438  38.542  -29.247  73.389 0.4444440007
63527  38.355  -29.902  73.568 0.5555559993
63529  37.106  -30.399  72.990 0.5555559993
62555  36.737  -31.258  72.868 0.5555559993
64439  37.670  -29.550  73.154 0.5555559993
64440  36.732  -29.691  72.730 0.5555559993
64429  40.051  -29.017  74.485 0.2222220004
124035  40.905  -28.365  73.866 0.2222220004
65386  40.221  -28.468  73.601 0.3333329856
65379  39.609  -28.830  73.893 0.3333329856
64450  37.174  -28.959  72.716 0.5555559993
123796  41.032  -28.283  73.053 0.2222220004
65407  39.518  -28.630  73.116 0.4444440007
65387  38.808  -28.901  73.234 0.5555559993
65409  37.490  -28.700  72.478 0.5555559993
65385  41.774  -28.312  73.548 0.2222220004
65404  42.516  -28.172  72.834 0.3333329856
65405  41.763  -28.180  72.687 0.4444440007
65406  40.287  -28.387  72.611 0.4444440007
65429  38.335  -28.326  71.766 0.5555559993
65426  41.200  -28.192  72.028 0.4444440007
66343  42.992  -27.898  72.173 0.2222220004
66353  43.338  -27.406  71.675 0.4444440007
67335  43.702  -26.774  71.264 0.4444440007
66372  42.958  -27.043  71.020 0.4444440007
67334  44.409  -26.399  71.546 0.2222220004
68350  44.824  -25.647  71.145 0.2222220004
68346  48.314  -25.720  71.704 0.1111110002
68347  47.051  -24.920  71.530 0.2222220004
67332  49.146  -26.304  71.202 0.1111110002
67347  48.220  -26.111  70.645 0.1111110002
67343  52.021  -26.969  71.037 0.1111110002
127369  40.251  -22.263  71.885 0.4444440007
72257  40.466  -21.502  71.382 0.4444440007
72256  40.972  -20.965  71.730 0.3333329856
72263  40.746  -20.746  70.835 0.3333329856
74012  42.738  -19.493  70.068 0.2222220004
73155  41.988  -19.744  69.625 0.2222220004
142047  41.020  -20.469  69.595 0.3333329856
124671  46.971  -19.579  67.644 0.3333329856
33248  3.003  -60.519  92.081 0.1111110002
33260  2.722  -59.982  91.790 0.1111110002
61571  37.299  -32.769  73.756 0.5555559993
33259  3.060  -60.856  91.266 0.1111110002
62554  37.301  -31.883  73.261 0.5555559993
66354  42.573  -27.604  71.495 0.4444440007
68362  45.371  -25.095  70.833 0.2222220004
68349  45.456  -25.293  71.405 0.2222220004
123672  47.572  -25.341  71.242 0.1111110002
67345  50.150  -26.796  70.707 0.1111110002
74020  43.776  -19.390  69.068 0.2222220004
134956  8.097  -55.004  94.134 0.1111110002
65430  37.481  -28.305  71.986 0.5555559993
143976  39.614  -28.443  72.291 0.5555559993
38087  8.181  -55.004  94.806 0.1111110002
46104  14.883  -46.342  92.275 0.1111110002
47189  15.491  -46.110  93.290 0.1111110002
62544  38.276  -31.051  73.612 0.3333329856
61570  38.072  -32.159  73.904 0.3333329856
148712  39.454  -29.637  74.084 0.3333329856
64437  39.123  -29.075  73.677 0.3333329856
63528  37.755  -30.348  73.353 0.5555559993
65378  40.433  -28.640  74.418 0.2222220004
65377  41.251  -28.399  74.463 0.1111110002
65408  38.129  -28.706  72.533 0.5555559993
65388  37.975  -28.971  72.948 0.5555559993
131057  38.903  -28.595  72.489 0.5555559993
65403  43.474  -28.087  72.936 0.1111110002
66342  43.662  -27.682  72.263 0.2222220004
66352  44.046  -27.146  71.941 0.3333329856
68339  46.032  -25.340  71.898 0.1111110002
130500  20.222  -60.502  93.585 0.1111110002
41134  28.072  -52.273  85.730 0.1111110002
41114  27.594  -52.858  86.158 0.1111110002
40167  26.776  -53.850  87.270 0.1111110002
39089  23.874  -55.286  95.294 0.1111110002
42094  26.990  -52.085  84.870 0.1111110002
40189  26.269  -53.481  86.666 0.2222220004
40151  25.487  -53.936  88.091 0.2222220004
39179  25.138  -54.406  89.364 0.1111110002
39167  24.245  -54.378  90.544 0.1111110002
39154  24.063  -54.393  91.367 0.1111110002
39117  23.878  -54.586  93.939 0.1111110002
146945  26.602  -52.505  85.296 0.2222220004
41116  25.631  -53.099  86.118 0.2222220004
40169  24.938  -53.644  87.377 0.2222220004
40134  24.446  -54.203  88.931 0.1111110002
39180  24.386  -54.335  89.739 0.1111110002
41150  26.179  -52.214  84.829 0.2222220004
36102  21.500  -57.522  96.355 0.1111110002
36101  21.632  -57.739  96.200 0.1111110002
37058  22.674  -56.837  96.048 0.1111110002
39090  23.293  -55.313  95.618 0.1111110002
145791  23.354  -54.317  91.477 0.1111110002
126485  23.392  -54.454  92.981 0.1111110002
40153  23.732  -53.870  88.388 0.1111110002
40116  23.040  -54.191  89.828 0.1111110002
40117  22.362  -54.245  90.422 0.1111110002
123717  22.793  -54.063  88.924 0.1111110002
39140  9.867  -53.592  92.811 0.1111110002
39079  20.746  -55.007  95.858 0.1111110002
130331  21.001  -55.550  96.269 0.1111110002
38054  21.170  -56.295  96.454 0.1111110002
38063  21.777  -56.095  96.305 0.1111110002
37041  22.649  -56.325  96.100 0.1111110002
39091  22.593  -55.243  95.723 0.1111110002
39106  22.182  -54.793  94.948 0.1111110002
124285  23.270  -54.693  94.674 0.1111110002
128523  22.312  -54.478  94.002 0.1111110002
39118  22.454  -54.382  93.004 0.1111110002
142260  22.776  -54.298  91.171 0.1111110002
127528  20.922  -54.799  95.575 0.1111110002
40060  21.407  -54.486  94.423 0.1111110002
39119  21.371  -54.371  93.268 0.1111110002
39138  21.750  -54.375  92.185 0.1111110002
40118  21.407  -54.221  90.611 0.1111110002
131654  29.246  -43.040  83.661 0.2222220004
51557  32.860  -43.125  81.887 0.1111110002
61557  39.319  -31.927  74.481 0.2222220004
61558  38.660  -32.399  74.487 0.2222220004
130260  38.758  -31.745  74.101 0.2222220004
65370  40.466  -28.856  74.959 0.1111110002
64422  39.919  -29.528  74.458 0.1111110002
60531  29.681  -33.830  82.581 0.2222220004
67333  45.176  -25.954  71.775 0.1111110002
70398  40.929  -23.521  73.634 0.1111110002
132351  24.194  -53.654  87.722 0.2222220004
56844  31.337  -37.856  81.789 0.2222220004
51540  32.842  -43.283  82.476 0.1111110002
71350  40.443  -23.277  73.026 0.3333329856
41136  25.888  -52.694  85.396 0.2222220004
34173  20.540  -59.858  94.192 0.1111110002
42093  27.746  -51.885  85.087 0.1111110002
41135  27.287  -52.460  85.490 0.1111110002
40188  27.157  -53.433  86.661 0.1111110002
40168  25.890  -53.774  87.344 0.1111110002
40150  26.378  -54.075  88.008 0.1111110002
38073  23.651  -55.794  95.504 0.1111110002
37056  24.124  -56.146  95.049 0.1111110002
39104  23.760  -55.068  95.277 0.1111110002
41115  26.631  -52.950  85.967 0.2222220004
39193  25.941  -54.395  88.832 0.1111110002
40133  25.128  -54.193  88.674 0.1111110002
39136  23.789  -54.400  92.182 0.1111110002
39116  24.704  -54.942  94.090 0.1111110002
124061  24.242  -54.936  94.761 0.1111110002
139362  25.487  -53.478  86.773 0.2222220004
40152  24.655  -53.868  88.209 0.1111110002
40135  23.684  -54.190  89.294 0.1111110002
39181  23.740  -54.263  90.024 0.1111110002
37042  21.515  -56.848  96.422 0.1111110002
35158  21.168  -58.306  96.328 0.1111110002
36114  22.366  -57.147  96.045 0.1111110002
35170  21.261  -58.473  96.121 0.1111110002
35169  21.799  -57.687  95.882 0.1111110002
126294  22.106  -56.876  96.234 0.1111110002
38061  23.088  -55.732  95.894 0.1111110002
39155  23.364  -54.296  90.690 0.1111110002
39137  22.794  -54.294  92.021 0.1111110002
147282  23.081  -54.439  93.720 0.1111110002
146286  22.324  -54.176  89.593 0.1111110002
144996  21.448  -55.404  96.065 0.1111110002
38062  22.366  -55.538  96.002 0.1111110002
39077  22.925  -55.369  95.838 0.1111110002
136543  21.874  -55.063  95.497 0.1111110002
39105  22.921  -54.985  95.460 0.1111110002
40100  22.030  -54.324  91.291 0.1111110002
40051  21.193  -54.646  95.279 0.1111110002
40070  20.574  -54.286  94.069 0.1111110002
40101  21.118  -54.312  91.428 0.1111110002
54761  37.472  -39.818  81.214 0.1111110002
55800  37.032  -38.901  81.249 0.1111110002
55791  36.613  -37.891  81.129 0.1111110002
147843  35.828  -37.171  80.344 0.2222220004
69429  41.301  -24.301  76.441 0.1111110002
73145  41.271  -20.211  70.160 0.2222220004
73137  41.372  -20.258  71.172 0.2222220004
126682  44.127  -19.311  69.853 0.1111110002
74039  47.342  -19.868  67.054 0.2222220004
74026  47.349  -19.589  68.461 0.2222220004
74018  46.381  -19.673  69.599 0.1111110002
72303  49.385  -21.075  66.720 0.3333329856
73162  48.058  -19.795  68.788 0.2222220004
73160  49.447  -20.491  68.543 0.2222220004
145404  50.117  -21.145  67.195 0.3333329856
72292  50.256  -20.892  68.355 0.2222220004
72302  50.469  -21.651  66.742 0.2222220004
72279  51.596  -21.695  68.689 0.1111110002
72291  50.824  -21.282  67.900 0.2222220004
127121  52.118  -21.785  66.998 0.2222220004
75948  59.969  -17.143  63.947 0.2222220004
75949  59.177  -16.779  64.275 0.2222220004
127783  51.480  -21.998  70.569 0.1111110002
71398  52.800  -22.032  67.705 0.2222220004
147203  59.015  -16.428  63.754 0.2222220004
148206  59.406  -16.290  62.843 0.2222220004
75957  57.872  -16.828  62.732 0.3333329856
75963  58.497  -16.705  61.972 0.3333329856
75964  57.401  -17.435  61.386 0.3333329856
71388  52.761  -22.337  68.917 0.1111110002
75950  58.383  -16.522  63.957 0.2222220004
124542  57.678  -16.808  64.678 0.3333329856
123576  57.454  -16.870  63.610 0.3333329856
75951  56.661  -17.216  63.774 0.3333329856
75959  55.758  -17.486  62.790 0.3333329856
75965  56.466  -17.532  61.310 0.3333329856
75966  54.990  -17.232  61.965 0.3333329856
75960  54.846  -17.402  63.013 0.3333329856
124479  55.774  -17.467  61.659 0.2222220004
76905  54.300  -16.697  62.292 0.2222220004
77915  54.201  -15.712  61.945 0.1111110002
76912  54.723  -16.302  61.516 0.1111110002
77916  53.808  -15.022  62.470 0.1111110002
77911  53.295  -15.533  63.279 0.1111110002
78874  54.592  -14.350  62.217 0.1111110002
78873  55.621  -13.696  61.736 0.1111110002
144040  54.986  -14.538  61.640 0.1111110002
79824  56.627  -12.781  61.018 0.1111110002
77919  54.872  -15.250  61.327 0.1111110002
133900  54.418  -14.963  61.871 0.1111110002
79809  54.522  -13.347  63.438 0.1111110002
78869  54.011  -14.050  62.862 0.1111110002
78870  53.397  -14.618  63.311 0.1111110002
142747  56.106  -12.644  62.752 0.1111110002
79816  54.878  -13.675  62.637 0.1111110002
79815  55.564  -13.160  62.570 0.1111110002
79814  56.291  -12.780  62.012 0.1111110002
149067  43.399  -19.387  69.705 0.1111110002
74027  46.471  -19.454  68.540 0.2222220004
74025  47.791  -19.706  67.812 0.2222220004
142711  56.834  -17.093  64.803 0.3333329856
71387  53.165  -22.069  68.473 0.3333329856
141729  48.751  -20.181  69.046 0.2222220004
73161  48.613  -20.001  68.070 0.2222220004
73171  49.081  -20.417  67.287 0.2222220004
148982  49.716  -20.738  67.564 0.2222220004
72290  51.376  -21.618  67.187 0.2222220004
71399  52.254  -21.936  68.179 0.2222220004
72271  51.535  -21.952  69.818 0.1111110002
71389  52.234  -22.225  69.353 0.1111110002
138307  58.203  -17.205  60.956 0.2222220004
75958  56.731  -17.422  62.423 0.3333329856
75975  55.929  -17.169  60.723 0.2222220004
32178  6.243  -62.249  93.962 0.1111110002
31111  5.541  -62.585  93.374 0.1111110002
32184  6.205  -62.216  93.877 0.1111110002
32193  5.872  -61.841  92.990 0.1111110002
33245  5.650  -61.167  92.406 0.1111110002
32186  4.832  -62.392  92.817 0.1111110002
133451  4.678  -62.785  92.833 0.1111110002
31112  4.267  -62.458  92.495 0.1111110002
32194  5.064  -61.779  92.688 0.1111110002
32195  4.302  -61.792  92.416 0.1111110002
32196  3.776  -61.899  92.194 0.1111110002
33246  4.700  -60.982  92.447 0.1111110002
55785  33.620  -38.628  82.376 0.1111110002
62419  31.791  -31.683  83.039 0.1111110002
61460  33.071  -31.529  83.887 0.1111110002
62418  32.629  -31.274  83.138 0.1111110002
61474  31.077  -32.109  82.854 0.1111110002
140881  31.838  -31.249  81.659 0.1111110002
146428  31.739  -31.247  80.985 0.1111110002
124704  34.981  -31.637  79.521 0.1111110002
62457  33.439  -31.174  80.626 0.1111110002
71349  41.223  -22.223  73.029 0.1111110002
145033  40.638  -22.608  72.643 0.2222220004
72237  41.424  -21.430  73.247 0.1111110002
73128  41.487  -20.464  72.017 0.1111110002
75003  60.246  -17.914  60.693 0.1111110002
75956  60.177  -16.889  63.093 0.1111110002
75985  60.478  -17.297  59.468 0.1111110002
76918  59.854  -16.394  60.796 0.1111110002
125253  59.284  -16.316  62.273 0.1111110002
54755  34.799  -39.670  82.203 0.1111110002
61485  30.997  -31.773  82.141 0.1111110002
62445  31.017  -31.509  81.177 0.1111110002
124042  34.176  -31.571  79.859 0.1111110002
62471  34.584  -31.727  79.026 0.1111110002
71362  40.791  -21.821  72.240 0.2222220004
72250  41.200  -21.283  72.514 0.1111110002
76903  60.160  -16.711  62.114 0.1111110002
76910  59.200  -16.515  61.210 0.1111110002
31109  6.243  -62.376  94.054 0.1111110002
32185  5.568  -62.295  93.290 0.1111110002
30112  5.186  -63.069  93.199 0.1111110002
30114  4.276  -62.885  92.490 0.1111110002
62432  32.281  -31.206  82.374 0.1111110002
62433  31.585  -31.589  82.454 0.1111110002
62417  33.542  -30.980  83.177 0.1111110002
130432  32.606  -31.907  84.443 0.1111110002
75962  60.293  -17.196  61.296 0.1111110002
75971  60.416  -17.184  60.235 0.1111110002
75022  60.296  -17.721  59.905 0.1111110002
76932  60.385  -16.647  59.611 0.1111110002
131911  60.365  -17.422  57.960 0.1111110002
76908  60.081  -16.609  61.289 0.1111110002
37092  3.161  -55.876  92.896 0.1111110002
142044  6.106  -55.497  94.631 0.1111110002
37075  5.548  -55.535  93.968 0.1111110002
37066  5.299  -55.298  94.472 0.1111110002
37076  4.764  -55.530  93.782 0.1111110002
57786  30.763  -37.110  82.907 0.1111110002
57780  30.858  -36.835  83.550 0.1111110002
57779  31.355  -37.501  83.146 0.1111110002
58659  30.493  -36.033  83.805 0.1111110002
61547  39.861  -32.186  75.094 0.1111110002
58660  30.034  -35.443  83.370 0.1111110002
62512  41.048  -31.765  75.671 0.1111110002
63508  40.367  -30.243  74.871 0.1111110002
62526  40.575  -31.436  75.044 0.1111110002
58672  30.320  -36.348  83.193 0.1111110002
56829  31.358  -37.706  82.473 0.1111110002
66341  44.377  -27.653  72.690 0.1111110002
67319  44.814  -26.796  72.201 0.1111110002
75023  54.565  -18.393  59.614 0.1111110002
75989  54.336  -17.389  59.314 0.1111110002
75990  53.710  -16.984  59.769 0.1111110002
76956  58.995  -15.595  57.852 0.1111110002
76935  57.442  -16.434  58.730 0.1111110002
76993  57.681  -15.241  55.340 0.1111110002
76975  58.669  -14.902  56.623 0.1111110002
76936  56.712  -16.237  58.887 0.1111110002
77992  57.259  -14.138  55.484 0.1111110002
76994  56.826  -15.313  55.781 0.1111110002
76026  55.728  -16.729  57.309 0.1111110002
76010  55.333  -17.232  58.100 0.1111110002
139858  53.371  -18.469  60.550 0.1111110002
75967  51.987  -18.260  61.290 0.1111110002
76976  56.243  -16.068  56.502 0.1111110002
76959  55.179  -16.278  57.761 0.1111110002
76960  54.642  -15.819  58.279 0.1111110002
76995  56.388  -14.777  56.092 0.1111110002
76938  54.181  -16.431  59.078 0.1111110002
76919  59.492  -16.260  60.130 0.1111110002
76009  58.233  -16.380  58.604 0.1111110002
75987  57.813  -16.978  59.396 0.1111110002
75988  56.983  -17.083  59.528 0.1111110002
77991  57.954  -14.093  55.336 0.1111110002
77954  57.873  -14.328  56.542 0.1111110002
76958  57.297  -15.321  57.773 0.1111110002
76937  56.266  -15.779  59.388 0.1111110002
75000  50.625  -18.329  61.194 0.1111110002
141459  57.584  -13.432  55.933 0.1111110002
75976  53.141  -17.531  60.466 0.1111110002
76977  55.678  -15.567  56.884 0.1111110002
77956  54.752  -14.679  58.026 0.1111110002
78921  56.342  -13.279  56.480 0.1111110002
77975  55.480  -13.855  57.104 0.1111110002
71380  52.999  -22.315  69.444 0.1111110002
76920  56.348  -16.738  59.895 0.1111110002
76911  55.358  -16.772  61.178 0.1111110002
78934  57.564  -13.543  55.757 0.1111110002
77973  57.171  -13.440  56.680 0.1111110002
78935  56.768  -13.553  55.855 0.1111110002
146849  56.671  -13.036  56.899 0.1111110002
78908  56.757  -13.321  57.566 0.1111110002
79870  56.499  -13.041  56.873 0.1111110002
75973  57.556  -17.388  60.275 0.1111110002
75972  58.526  -16.900  60.222 0.1111110002
75024  53.862  -17.885  59.995 0.1111110002
76957  57.984  -15.686  57.683 0.1111110002
76955  59.742  -15.871  58.246 0.1111110002
76025  56.356  -17.140  56.920 0.1111110002
75977  52.328  -17.600  60.997 0.1111110002
77955  55.214  -15.085  57.408 0.1111110002
77974  55.911  -14.199  56.480 0.1111110002
76934  59.457  -16.021  59.018 0.1111110002
77972  58.149  -13.956  55.737 0.1111110002
77941  56.743  -14.881  58.116 0.1111110002
76921  55.741  -16.341  60.330 0.1111110002
77928  55.835  -15.351  60.031 0.1111110002
36094  20.957  -56.985  96.582 0.1111110002
39078  21.616  -55.174  95.745 0.1111110002
48353  19.223  -45.495  85.912 0.2222220004
48431  23.057  -45.727  78.859 0.7777780294
51588  36.864  -41.899  80.451 0.3333329856
51591  24.451  -42.394  80.700 0.7777780294
52689  26.286  -41.556  80.156 0.7777780294
53734  37.248  -40.441  80.675 0.3333329856
53789  32.258  -40.276  75.481 1.0000000000
60608  35.994  -33.909  74.038 0.7777780294
63472  35.645  -30.882  78.768 0.1111110002
64431  39.025  -29.432  73.764 0.3333329856
66259  36.329  -27.679  79.447 0.1111110002
66387  50.654  -27.302  69.086 0.2222220004
68341  33.705  -25.842  72.582 0.6666669846
69454  40.401  -24.440  74.730 0.4444440007
74050  45.980  -19.876  66.809 0.4444440007
74061  60.858  -19.270  64.186 0.1111110002
74068  50.754  -19.123  61.044 0.1111110002
74998  52.110  -18.982  61.313 0.1111110002
75930  51.700  -17.169  66.874 0.2222220004
75944  53.743  -17.277  65.061 0.2222220004
75974  56.696  -17.411  60.460 0.1111110002
75986  58.765  -16.432  59.483 0.1111110002
76898  59.575  -16.480  63.447 0.2222220004
76899  58.861  -16.319  63.018 0.2222220004
76901  53.405  -16.442  63.567 0.3333329856
76904  59.792  -16.411  62.613 0.1111110002
76909  59.784  -16.380  61.746 0.1111110002
76917  60.277  -16.630  60.513 0.1111110002
78920  56.992  -13.209  56.377 0.1111110002
79798  52.717  -13.906  66.759 0.1111110002
124937  23.519  -48.816  78.926 0.8888890147
130552  54.002  -18.657  60.215 0.1111110002
140857  35.035  -25.353  76.887 0.4444440007
140973  43.341  -19.865  67.742 0.4444440007
142544  53.044  -14.325  63.937 0.1111110002
142755  55.852  -18.627  66.139 0.4444440007
144824  22.055  -57.245  96.139 0.1111110002
146020  32.548  -31.322  75.586 0.7777780294
147659  60.439  -17.583  58.768 0.1111110002
148224  34.999  -24.198  75.280 0.5555559993
