#!ascii label  , from subject sub-01 vox2ras=TkReg
6587
134587  44.645  7.012  72.027 0.2000000030
97750  42.800  7.332  71.561 0.3000000119
97748  45.513  6.960  72.008 0.2000000030
97763  43.102  7.687  70.980 0.2000000030
97762  44.025  8.027  70.876 0.3000000119
98552  44.761  7.570  71.392 0.2000000030
126200  44.992  8.254  70.724 0.3000000119
98565  42.734  8.691  69.843 0.3000000119
98558  44.227  8.837  70.169 0.3000000119
98557  45.958  8.449  70.721 0.2000000030
99309  41.736  9.493  68.293 0.4000000060
99302  43.061  9.339  69.253 0.3000000119
99301  43.855  9.445  69.409 0.4000000060
99300  44.689  9.575  69.563 0.3000000119
99295  45.275  9.073  70.192 0.4000000060
99299  45.565  9.792  69.597 0.3000000119
99323  41.410  9.709  66.752 0.5000000000
99318  42.124  10.020  67.482 0.5000000000
99307  43.456  9.843  68.666 0.5000000000
99306  44.228  10.047  68.905 0.5000000000
98588  41.238  8.584  65.385 0.4000000060
99327  41.623  9.475  65.832 0.5000000000
99322  42.155  10.104  66.406 0.5000000000
100063  42.856  10.473  66.956 0.5000000000
100052  44.627  10.560  68.381 0.5000000000
100048  44.993  10.276  69.095 0.5000000000
97804  41.753  7.350  64.529 0.4000000060
98593  41.788  8.211  64.689 0.4000000060
100068  42.925  10.378  66.016 0.5000000000
100062  43.625  10.578  67.362 0.5000000000
100047  45.695  10.399  69.126 0.4000000060
146087  42.206  6.240  64.257 0.4000000060
98592  42.380  8.626  64.397 0.4000000060
99329  42.682  9.443  64.702 0.5000000000
100067  43.597  10.649  66.545 0.5000000000
144046  44.115  10.867  66.976 0.5000000000
100060  45.066  10.992  67.804 0.5000000000
100051  45.396  10.718  68.539 0.5000000000
96255  43.403  5.844  63.525 0.5000000000
97038  42.290  6.827  64.047 0.4000000060
98591  42.955  9.031  63.993 0.5000000000
140501  43.811  10.328  65.024 0.5000000000
100066  44.422  10.811  66.248 0.5000000000
100065  44.762  11.078  67.043 0.5000000000
100797  45.890  11.139  67.979 0.5000000000
95451  49.669  4.475  70.123 0.8000000119
94708  47.228  4.061  68.630 0.8999999762
94720  46.257  3.979  67.707 0.8000000119
95492  45.035  3.979  66.141 0.6000000238
96246  43.807  5.098  64.021 0.6000000238
97046  42.867  6.533  63.539 0.5000000000
141955  43.529  9.808  64.403 0.5000000000
100070  45.063  10.858  65.669 0.5000000000
100050  46.184  10.807  68.747 0.4000000060
95457  50.446  5.288  69.870 0.8000000119
95459  48.046  4.563  69.027 0.8999999762
95471  46.912  4.389  67.958 0.8000000119
96234  46.127  4.902  65.119 0.8000000119
96245  44.704  5.056  63.899 0.6999999881
97045  43.495  6.725  62.989 0.5000000000
99338  43.666  9.273  63.632 0.5000000000
123412  44.992  10.694  64.984 0.5000000000
148620  45.486  10.873  65.270 0.5000000000
139685  45.301  11.095  66.396 0.5000000000
100806  46.485  11.471  67.357 0.5000000000
94691  52.951  4.789  70.532 0.6999999881
95444  51.574  4.884  71.216 0.8000000119
96216  47.273  5.300  66.892 0.8000000119
95510  45.134  4.757  64.835 0.6999999881
97055  44.380  6.670  62.500 0.6000000238
98599  43.959  8.759  63.021 0.5000000000
124852  45.189  10.416  64.206 0.5000000000
100810  46.230  11.392  66.432 0.5000000000
95456  51.613  5.619  70.030 0.8000000119
95458  49.334  5.069  69.325 0.8999999762
95481  47.460  5.091  67.539 0.8999999762
95499  46.373  4.871  65.967 0.8000000119
96253  45.409  5.433  63.289 0.6999999881
98611  44.362  8.215  62.363 0.5000000000
125825  45.918  10.482  63.516 0.5000000000
100075  45.582  10.766  64.792 0.5000000000
100814  46.476  11.295  65.600 0.5000000000
95455  52.807  5.385  70.019 0.6999999881
96201  49.392  6.129  68.071 0.8999999762
96215  48.170  5.836  67.124 0.8999999762
96224  47.108  5.341  66.254 0.8000000119
96261  45.971  5.838  62.602 0.8999999762
97054  45.116  6.752  62.081 0.5000000000
100074  46.148  10.851  64.364 0.5000000000
95467  51.690  4.985  68.314 0.6999999881
96188  52.360  5.664  69.559 0.8000000119
96200  50.618  6.454  68.272 0.8999999762
142495  47.514  5.865  64.944 0.8000000119
137837  45.670  6.347  62.122 0.5000000000
98610  45.034  8.662  62.022 0.6000000238
100091  45.898  10.040  62.701 0.5000000000
126680  46.671  11.243  64.892 0.5000000000
90513  46.088  -1.152  64.528 0.6000000238
92224  45.785  0.563  65.496 0.6999999881
93904  48.312  2.770  67.687 0.6999999881
94717  49.922  4.163  67.477 0.6999999881
97008  51.489  6.449  68.028 0.8999999762
96214  49.208  6.309  67.405 0.8999999762
96232  48.186  6.167  65.517 0.8999999762
96252  46.497  5.568  63.495 0.8999999762
99357  45.662  8.935  61.693 0.5000000000
100085  46.689  10.943  63.682 0.5000000000
91410  45.803  -0.538  64.867 0.6999999881
93080  45.791  1.110  65.308 0.6999999881
94719  47.945  3.059  66.973 0.6999999881
95468  50.949  4.719  67.666 0.6999999881
96198  52.038  6.051  68.770 0.8000000119
97025  50.297  6.754  67.014 0.8000000119
96222  49.254  6.483  66.673 0.8999999762
96260  46.845  5.859  62.626 0.8999999762
139534  46.204  7.571  61.188 0.6000000238
144544  46.466  10.173  62.267 0.5000000000
90522  45.602  -1.372  63.331 0.6999999881
92232  45.640  0.560  64.866 0.6999999881
93077  46.775  2.174  66.312 0.6999999881
93934  47.617  3.057  66.065 0.6999999881
95489  49.779  4.620  65.847 0.6999999881
96213  51.487  6.272  67.101 0.8999999762
134767  49.727  6.958  65.090 0.8999999762
96242  47.498  5.915  64.173 0.8999999762
99356  46.329  9.143  61.301 0.5000000000
91411  45.560  -0.079  64.505 0.6999999881
93086  45.694  1.172  64.518 0.6999999881
93935  46.805  2.480  65.304 0.6999999881
94730  48.687  3.765  66.386 0.6999999881
95488  50.701  5.410  66.212 0.8000000119
96221  51.163  6.359  66.083 0.8999999762
127650  50.563  6.776  66.236 0.8000000119
97043  48.575  6.451  63.928 0.8999999762
141359  47.370  6.569  61.527 0.8000000119
98630  46.637  8.486  60.828 0.6000000238
90531  45.470  -1.322  62.579 0.6999999881
91418  45.371  -0.621  63.211 0.6999999881
93094  45.643  1.189  63.796 0.6999999881
93938  47.135  2.894  64.556 0.6999999881
94739  48.635  3.983  65.523 0.6999999881
95497  50.807  5.752  65.495 0.8000000119
96230  51.023  6.650  65.253 0.8000000119
96241  51.358  6.856  64.543 0.8000000119
97035  51.060  7.109  64.318 0.8999999762
127402  48.643  6.474  63.209 0.8999999762
91437  45.405  -0.755  61.390 0.6999999881
92263  45.552  0.174  61.758 0.6999999881
93939  46.540  2.353  64.353 0.6999999881
94747  47.777  3.502  64.234 0.6999999881
94746  48.720  4.158  64.693 0.6000000238
95508  51.007  6.109  64.746 0.8000000119
133237  45.844  0.647  61.056 0.6999999881
93093  45.896  1.572  63.068 0.6999999881
93949  47.046  2.845  62.922 0.6000000238
94750  47.789  3.504  63.382 0.6000000238
94749  48.776  4.249  63.895 0.8000000119
95509  50.032  5.091  64.370 0.8000000119
95515  51.321  6.090  64.182 0.8000000119
133558  45.823  0.256  59.977 0.6999999881
92274  46.049  0.721  60.370 0.6000000238
145813  46.542  2.213  61.935 0.6000000238
93958  47.032  2.719  61.923 0.6000000238
94756  48.802  4.161  63.022 0.8000000119
95519  50.067  5.007  62.822 0.8000000119
93125  46.568  1.289  60.028 0.6000000238
93971  46.951  1.922  60.465 0.6000000238
94757  47.785  3.404  62.436 0.6999999881
94766  48.748  3.912  61.964 0.8000000119
92286  46.165  0.636  58.890 0.6000000238
93131  46.622  1.242  59.178 0.6000000238
129076  47.513  2.410  59.995 0.6000000238
93130  47.144  1.755  58.695 0.6000000238
96982  44.955  6.151  73.392 0.2000000030
97733  45.237  6.406  72.690 0.2000000030
97732  46.362  6.363  72.927 0.2000000030
98551  45.720  7.660  71.321 0.2000000030
99298  46.322  9.319  70.188 0.2000000030
94685  50.270  4.131  70.888 0.8000000119
100796  46.746  11.312  68.223 0.4000000060
95443  52.478  4.798  71.586 0.6999999881
94693  50.616  3.420  69.460 0.6999999881
124219  46.924  11.558  66.025 0.5000000000
90512  46.776  -1.453  64.861 0.5000000000
91390  46.662  -0.149  66.646 0.6000000238
143475  48.647  2.514  68.331 0.6999999881
89550  47.161  -1.800  64.385 0.5000000000
93067  46.465  1.325  66.569 0.6999999881
94706  50.508  3.946  68.371 0.6999999881
89551  46.468  -1.678  64.139 0.6000000238
131473  46.082  0.152  65.943 0.6999999881
93066  46.960  1.779  67.066 0.6999999881
94707  49.163  3.369  68.022 0.6999999881
125460  47.359  11.487  64.627 0.5000000000
89558  46.080  -1.911  63.443 0.6999999881
125824  46.585  10.560  62.939 0.6000000238
140654  47.384  11.320  63.872 0.6000000238
88645  46.737  -3.068  61.955 0.6999999881
100099  46.726  9.919  61.596 0.5000000000
136010  46.710  -3.325  61.168 0.6999999881
89580  45.923  -2.536  61.959 0.6999999881
146188  45.381  -1.299  61.900 0.6999999881
124841  48.634  6.727  61.624 0.8999999762
133777  45.614  -0.042  60.694 0.6999999881
97051  49.708  6.697  62.812 0.8999999762
135004  45.435  -0.987  60.540 0.6999999881
95518  51.450  6.010  63.692 0.8000000119
96250  51.605  6.802  64.026 0.8000000119
90570  45.448  -1.219  59.726 0.6999999881
91477  45.456  -0.734  58.350 0.6000000238
133861  45.701  0.007  58.649 0.6999999881
147079  47.905  3.052  60.940 0.6999999881
95530  49.098  4.071  61.150 0.8000000119
145527  45.933  0.520  58.225 0.6000000238
93138  46.496  1.158  58.219 0.6000000238
94792  48.515  3.222  59.572 0.6999999881
94778  48.726  3.631  60.334 0.8000000119
93978  47.626  2.309  59.135 0.6999999881
93991  48.363  2.658  57.746 0.6999999881
93137  47.139  1.802  57.754 0.6000000238
93992  47.710  2.335  57.309 0.6999999881
93999  47.826  2.446  56.313 0.6999999881
96966  45.866  5.926  74.553 0.2000000030
96981  46.088  6.012  73.752 0.2000000030
97747  46.585  7.049  72.218 0.2000000030
98550  46.718  7.845  71.494 0.2000000030
98556  46.891  8.609  70.881 0.2000000030
100046  46.440  10.216  69.498 0.3000000119
100791  47.020  10.888  69.001 0.3000000119
100805  47.441  11.684  67.630 0.5000000000
100809  47.105  11.690  66.710 0.5000000000
101531  48.018  11.928  66.843 0.5000000000
89555  48.872  -2.157  63.222 0.6000000238
89556  48.085  -2.261  63.436 0.5000000000
140207  48.036  11.821  65.136 0.5000000000
101539  47.639  11.797  66.008 0.5000000000
89563  50.037  -2.257  62.288 0.6000000238
89578  49.616  -2.738  61.648 0.6000000238
89565  48.375  -2.602  62.668 0.6000000238
126831  47.176  10.633  62.253 0.5000000000
100827  48.104  11.435  63.319 0.6000000238
89579  48.718  -2.922  61.926 0.6000000238
88644  47.806  -3.101  62.060 0.6000000238
98628  48.364  8.161  60.097 0.6999999881
99364  48.018  9.162  60.171 0.6999999881
88651  47.444  -3.387  61.348 0.6000000238
88653  45.907  -2.994  60.642 0.6999999881
89581  45.647  -2.441  61.102 0.6999999881
97079  49.897  7.097  61.351 0.8999999762
88666  47.114  -3.514  60.608 0.6000000238
97065  51.547  7.194  62.601 0.8999999762
97041  51.232  7.076  63.767 0.8999999762
125693  46.678  -3.469  59.906 0.6000000238
89595  45.731  -2.584  60.176 0.6000000238
90559  45.477  -1.852  60.384 0.6999999881
96271  51.858  6.380  62.974 0.8000000119
96259  51.823  6.802  63.520 0.8000000119
89609  45.861  -2.720  59.353 0.6000000238
126560  50.031  4.852  61.398 0.8000000119
143249  51.503  5.934  63.225 0.8000000119
131558  45.540  -2.029  59.528 0.6999999881
129568  45.578  -1.592  57.142 0.5000000000
91483  45.513  -0.812  57.506 0.6000000238
92287  45.633  -0.060  57.881 0.6000000238
94801  49.175  3.159  57.983 0.6999999881
123529  49.040  3.338  58.883 0.6999999881
89649  45.870  -2.250  56.755 0.5000000000
134176  45.668  -1.561  56.300 0.5000000000
91488  45.532  -0.810  56.621 0.5000000000
92293  45.655  -0.054  57.035 0.5000000000
93145  46.587  1.268  57.216 0.6000000238
131523  48.279  2.622  56.993 0.6999999881
90612  46.224  -1.989  55.268 0.5000000000
91493  45.661  -0.818  55.709 0.5000000000
92303  46.192  0.653  55.815 0.5000000000
93151  46.629  1.296  56.286 0.6000000238
93144  47.181  1.859  56.791 0.6000000238
94008  47.743  2.379  55.267 0.6000000238
91504  46.165  -0.535  53.753 0.5000000000
126964  46.205  0.636  55.063 0.5000000000
93158  46.614  1.258  55.358 0.5000000000
94016  47.750  2.364  54.327 0.6000000238
94015  48.451  2.814  54.708 0.6999999881
93164  46.513  1.053  54.351 0.5000000000
93176  46.878  1.226  52.321 0.5000000000
93170  47.304  1.825  52.901 0.5000000000
96958  45.434  6.141  75.117 0.2000000030
96952  45.926  6.328  75.752 0.2000000030
96965  47.007  5.792  74.940 0.2000000030
96963  47.780  6.042  74.906 0.2000000030
96980  46.947  6.129  74.047 0.2000000030
132662  47.567  6.470  73.368 0.2000000030
96979  47.968  6.182  74.356 0.2000000030
98549  47.652  8.027  71.683 0.2000000030
97746  47.731  7.134  72.521 0.2000000030
97745  48.699  7.453  72.678 0.2000000030
98555  47.626  8.718  71.144 0.2000000030
99294  47.281  9.238  70.549 0.2000000030
99284  48.505  8.359  71.827 0.2000000030
100040  47.861  9.840  70.386 0.3000000119
99283  49.395  8.898  71.929 0.2000000030
99293  48.194  9.182  71.108 0.3000000119
100045  47.435  10.407  69.700 0.3000000119
99292  48.945  9.828  71.130 0.3000000119
100044  48.582  10.588  70.136 0.3000000119
100790  47.901  11.044  69.258 0.3000000119
100783  49.582  11.056  70.287 0.3000000119
100795  47.631  11.442  68.516 0.4000000060
100794  48.481  11.686  68.479 0.3000000119
100804  48.331  11.911  67.685 0.5000000000
101521  49.232  12.005  68.039 0.4000000060
101530  49.105  12.086  67.081 0.4000000060
101538  48.666  11.990  65.999 0.5000000000
90544  51.182  -1.905  61.743 0.5000000000
100819  48.992  11.719  63.863 0.6000000238
100820  48.662  11.836  64.614 0.6000000238
141722  48.853  11.945  65.178 0.6000000238
129455  51.837  -1.563  61.680 0.5000000000
89577  50.442  -2.343  61.736 0.6000000238
101567  49.726  11.717  63.169 0.6000000238
90541  53.886  -0.700  60.771 0.5000000000
90543  51.707  -2.107  61.049 0.5000000000
89576  50.923  -2.538  61.056 0.6000000238
100836  49.231  11.544  62.402 0.6000000238
100097  47.937  10.959  61.934 0.6000000238
100098  47.461  10.367  61.311 0.5000000000
129889  52.380  -1.561  61.175 0.5000000000
90558  52.299  -2.069  60.381 0.6000000238
138337  50.199  -2.758  61.106 0.6000000238
88650  48.216  -3.330  61.462 0.6999999881
142635  48.182  10.803  61.125 0.6000000238
100106  47.915  10.123  60.519 0.5000000000
99355  47.121  9.428  60.750 0.5000000000
88663  49.702  -3.363  60.160 0.6000000238
88665  48.117  -3.562  60.693 0.6000000238
99375  48.720  9.911  59.952 0.5000000000
97848  49.370  7.993  59.946 0.8999999762
89593  50.425  -3.029  60.348 0.5000000000
88676  49.261  -3.552  59.626 0.5000000000
97834  50.203  7.482  60.600 0.8999999762
97078  51.429  7.216  61.803 0.8000000119
89607  51.603  -2.704  59.248 0.5000000000
88688  49.509  -3.484  58.720 0.6000000238
144445  48.736  -3.647  59.087 0.6000000238
96258  52.083  7.108  63.086 0.8000000119
88690  47.320  -3.500  58.401 0.6000000238
88691  46.645  -3.258  58.477 0.6000000238
96279  51.935  5.973  61.617 0.8999999762
130478  50.115  -3.251  57.899 0.5000000000
139328  49.314  -3.386  57.838 0.6000000238
88689  48.532  -3.558  58.289 0.6000000238
88700  46.932  -3.288  57.652 0.6000000238
89635  45.799  -2.351  57.733 0.6000000238
95537  49.515  4.270  60.450 0.8000000119
88696  50.670  -3.009  56.941 0.6000000238
88697  49.658  -3.186  57.124 0.6000000238
132943  48.274  -3.227  56.367 0.6000000238
143822  49.433  3.500  58.462 0.6999999881
88707  49.200  -3.151  56.424 0.6000000238
88716  48.840  -2.999  55.699 0.6000000238
89647  47.077  -2.784  55.608 0.5000000000
89663  46.028  -2.138  55.971 0.5000000000
94007  48.491  2.795  55.581 0.6999999881
94811  49.027  2.791  57.126 0.6999999881
89660  48.469  -2.856  55.109 0.6000000238
89662  46.857  -2.396  54.846 0.5000000000
94830  50.179  3.394  54.370 0.8000000119
140256  48.241  -2.525  53.610 0.5000000000
89678  47.562  -2.524  54.141 0.5000000000
91499  45.998  -0.957  54.349 0.5000000000
94022  47.838  2.439  53.381 0.6000000238
94841  49.405  3.245  53.369 0.8000000119
123824  49.484  -2.510  54.054 0.5000000000
89691  47.564  -2.426  53.272 0.5000000000
89692  46.953  -2.187  52.882 0.5000000000
91510  46.357  -0.586  52.907 0.5000000000
92320  46.522  0.427  52.684 0.5000000000
93175  47.523  1.877  51.956 0.5000000000
93182  47.611  1.961  50.916 0.5000000000
94033  48.260  2.591  51.394 0.6000000238
89701  47.740  -2.447  52.314 0.5000000000
89702  47.110  -2.231  51.933 0.5000000000
91521  46.567  -0.950  51.096 0.5000000000
92331  47.140  0.973  50.609 0.5000000000
144190  47.133  -1.701  50.389 0.5000000000
91531  46.820  -0.753  50.135 0.5000000000
89698  51.710  -2.615  51.623 0.4000000060
89699  50.931  -2.760  51.270 0.4000000060
98494  46.352  7.219  76.323 0.2000000030
96957  46.760  5.894  75.544 0.2000000030
99236  46.462  8.533  76.892 0.1000000015
130216  46.198  8.133  76.471 0.1000000015
126997  46.631  6.437  75.703 0.2000000030
96956  47.517  5.921  75.319 0.2000000030
141387  45.779  8.126  75.715 0.1000000015
98502  45.550  7.931  75.128 0.1000000015
97715  47.708  6.188  75.119 0.2000000030
98515  47.259  6.762  75.110 0.2000000030
97714  48.172  6.611  74.338 0.2000000030
98514  48.069  7.098  74.477 0.2000000030
97731  48.634  6.710  73.626 0.2000000030
97730  49.579  7.320  73.432 0.2000000030
98513  49.099  7.495  74.092 0.2000000030
99254  49.988  8.123  73.941 0.2000000030
98511  50.374  7.884  73.872 0.2000000030
125415  49.812  9.124  73.522 0.2000000030
99282  50.672  8.587  72.887 0.2000000030
101483  51.233  12.033  72.003 0.2000000030
100765  51.193  11.014  72.236 0.3000000119
100024  51.203  10.000  72.800 0.3000000119
100026  50.319  9.578  72.007 0.3000000119
100781  51.329  11.440  71.544 0.3000000119
100038  51.077  10.387  72.041 0.3000000119
101513  52.042  12.800  70.602 0.3000000119
101482  51.513  11.916  71.549 0.3000000119
101519  51.708  12.425  69.049 0.3000000119
101514  51.739  12.448  70.197 0.3000000119
100787  51.260  11.858  70.645 0.3000000119
100788  50.103  11.608  69.943 0.3000000119
143575  52.556  12.886  68.953 0.4000000060
101515  50.787  12.122  69.562 0.3000000119
100793  49.573  11.803  68.930 0.3000000119
101527  52.228  12.509  68.086 0.4000000060
101536  51.593  12.171  67.143 0.4000000060
101528  50.998  12.264  67.946 0.4000000060
101529  49.918  12.155  67.713 0.4000000060
124236  50.756  12.011  66.102 0.6000000238
141122  49.641  12.053  66.327 0.5000000000
123944  50.607  12.097  64.949 0.6000000238
101545  49.610  12.048  65.519 0.6000000238
101566  50.879  11.964  63.285 0.6000000238
123413  50.128  11.983  64.001 0.6000000238
100843  50.442  11.781  61.495 0.6000000238
100835  50.309  11.827  62.348 0.6000000238
100104  49.325  11.096  60.645 0.6000000238
129454  53.077  -1.496  60.549 0.6000000238
100859  50.695  11.280  59.860 0.6999999881
100860  49.819  10.959  60.025 0.6000000238
99373  50.229  9.455  59.406 0.8000000119
147755  51.855  11.007  59.286 0.6999999881
98639  50.765  8.436  59.512 0.8999999762
99372  51.804  9.364  59.050 0.8000000119
98638  51.878  8.415  59.405 0.8999999762
97846  51.548  7.718  59.973 0.8999999762
96269  52.294  6.818  62.008 0.8999999762
89620  51.146  -3.015  58.786 0.5000000000
98637  53.057  8.139  59.361 0.6999999881
97845  52.559  7.519  59.927 0.8999999762
97076  52.419  6.888  61.302 0.8999999762
97084  53.581  6.829  59.552 0.8999999762
96287  53.341  6.014  59.357 0.8999999762
96288  52.532  5.747  60.013 0.8999999762
95536  50.629  5.089  60.717 0.8000000119
89646  51.544  -2.829  56.549 0.5000000000
88706  49.919  -3.005  56.457 0.6000000238
96297  52.610  5.415  58.703 0.8999999762
140080  51.014  4.670  58.704 0.8999999762
95560  50.305  4.293  58.782 0.8999999762
124193  51.037  -2.751  55.945 0.6000000238
141406  49.692  -2.852  55.789 0.6000000238
95558  51.796  4.780  58.022 0.8999999762
95559  50.894  4.212  58.006 0.8999999762
94809  50.902  3.793  57.186 0.8999999762
124224  51.902  -2.702  55.788 0.5000000000
123822  50.447  -2.560  55.169 0.6000000238
89659  49.384  -2.653  54.927 0.6000000238
94829  51.239  3.501  54.379 0.8999999762
123992  51.481  -2.531  55.018 0.5000000000
89676  50.220  -2.471  54.198 0.6000000238
94840  50.399  3.513  53.025 0.8000000119
89675  51.212  -2.415  53.982 0.6000000238
89689  50.205  -2.454  53.227 0.5000000000
124981  48.512  -2.521  52.782 0.5000000000
94039  48.594  2.655  50.168 0.5000000000
94856  50.037  3.859  50.473 0.8000000119
94046  49.346  3.737  47.619 0.6000000238
123990  49.774  -2.522  52.211 0.5000000000
89700  48.835  -2.624  51.680 0.5000000000
89714  47.993  -2.521  51.176 0.5000000000
89724  47.733  -2.328  50.496 0.5000000000
125191  47.474  0.981  49.587 0.5000000000
93188  47.879  1.780  49.873 0.5000000000
94047  49.267  3.107  48.181 0.5000000000
123991  50.840  -2.537  52.166 0.5000000000
123836  50.040  -2.664  51.000 0.5000000000
89713  49.301  -2.688  50.518 0.5000000000
89723  47.961  -2.275  49.644 0.5000000000
90647  47.631  -1.772  49.420 0.5000000000
92332  47.032  0.174  49.831 0.5000000000
93203  48.343  1.360  47.664 0.5000000000
93211  48.310  1.179  46.779 0.5000000000
99985  45.631  9.521  76.100 0.1000000015
130124  46.141  7.716  74.366 0.1000000015
98534  47.771  8.205  73.615 0.2000000030
100766  50.831  11.308  72.415 0.2000000030
100751  50.160  10.599  72.714 0.2000000030
100027  47.454  10.654  72.273 0.2000000030
102187  50.857  13.065  71.604 0.3000000119
129415  50.249  12.435  71.948 0.2000000030
100752  48.786  10.788  72.506 0.2000000030
128012  50.210  14.456  70.237 0.3000000119
102949  49.677  14.330  70.697 0.3000000119
124776  50.589  14.453  69.581 0.3000000119
102962  51.313  14.240  70.082 0.3000000119
102205  52.019  13.129  70.812 0.3000000119
102980  51.495  14.396  69.265 0.3000000119
102979  52.635  13.990  68.965 0.3000000119
102225  52.232  13.463  69.750 0.4000000060
102998  52.690  14.210  68.308 0.4000000060
101518  52.772  13.559  68.603 0.4000000060
142745  52.939  12.943  68.015 0.4000000060
101535  52.716  12.510  67.215 0.4000000060
102242  53.160  13.545  67.784 0.4000000060
126261  53.359  12.933  67.155 0.4000000060
123972  52.131  12.315  66.293 0.4000000060
101543  52.843  12.298  65.413 0.4000000060
101565  52.397  12.328  63.385 0.6000000238
101585  51.233  12.145  61.878 0.6000000238
100842  51.140  11.885  61.074 0.6000000238
100852  50.242  11.484  60.677 0.6000000238
100118  54.449  10.326  58.255 0.6999999881
99384  53.637  9.577  58.598 0.6999999881
99382  54.943  9.077  57.933 0.6999999881
98636  53.932  7.935  59.106 0.8999999762
97856  54.888  7.843  57.730 0.8999999762
97083  54.290  6.962  58.734 0.8999999762
96296  53.565  5.687  58.018 0.8999999762
97090  54.611  7.259  57.054 0.8000000119
96295  54.162  6.064  57.268 0.8999999762
96307  53.873  5.479  56.672 0.8999999762
95577  52.954  4.354  55.749 0.8999999762
94808  51.919  3.982  56.437 0.8999999762
94822  51.272  3.550  55.246 0.8999999762
125449  52.275  3.758  54.438 0.8999999762
94839  51.319  3.680  52.824 0.8999999762
94855  50.591  4.421  50.443 0.8000000119
94862  49.847  4.350  49.451 0.8000000119
95627  49.240  4.176  47.814 0.6999999881
140885  48.983  12.843  71.702 0.3000000119
100768  48.002  11.517  72.025 0.2000000030
100012  47.522  9.422  72.802 0.2000000030
125053  49.258  14.443  68.139 0.2000000030
102981  49.453  14.488  69.409 0.3000000119
102950  48.577  14.408  70.655 0.3000000119
102188  49.576  13.446  71.458 0.3000000119
101484  47.818  12.564  71.626 0.3000000119
100770  46.127  11.805  71.511 0.2000000030
103033  48.851  14.249  65.927 0.3000000119
143987  49.078  14.340  67.216 0.3000000119
103000  50.181  14.467  67.444 0.3000000119
125054  50.435  14.483  68.675 0.3000000119
102209  47.919  14.350  70.916 0.3000000119
102190  46.860  13.655  71.254 0.3000000119
101485  46.724  12.515  71.480 0.2000000030
100771  45.192  11.807  71.265 0.1000000015
102267  48.816  14.093  65.121 0.3000000119
103019  50.374  14.365  66.410 0.3000000119
102999  51.654  14.490  68.201 0.3000000119
137078  51.500  14.459  66.312 0.3000000119
103018  52.475  14.452  67.252 0.3000000119
102997  53.169  14.041  67.609 0.3000000119
102253  53.683  13.614  66.084 0.5000000000
136645  53.637  12.999  66.300 0.4000000060
101563  54.045  13.307  64.376 0.5000000000
101550  54.062  13.104  65.076 0.5000000000
101551  53.692  12.612  64.844 0.5000000000
141511  54.405  13.872  62.734 0.6000000238
101564  53.616  12.823  63.952 0.6000000238
101552  52.721  12.307  64.428 0.5000000000
103081  54.194  14.395  60.211 0.5000000000
101592  54.086  13.294  61.071 0.6000000238
101583  53.416  12.866  61.746 0.6000000238
101575  53.819  13.014  62.858 0.6000000238
101602  54.419  13.431  59.209 0.6000000238
101593  53.983  12.925  60.376 0.6000000238
100850  53.080  12.395  59.966 0.6000000238
101584  52.149  12.343  61.396 0.6000000238
101616  54.394  12.781  57.884 0.6000000238
100865  54.481  11.970  58.395 0.6000000238
149023  51.959  11.527  59.709 0.6000000238
100872  54.288  12.064  57.465 0.5000000000
100864  54.623  11.808  57.778 0.6000000238
124138  54.868  11.040  58.213 0.6999999881
100110  52.688  11.164  58.963 0.6999999881
100127  53.961  11.464  56.824 0.5000000000
125470  54.516  11.189  57.313 0.6000000238
100117  54.774  10.137  57.773 0.6000000238
100119  53.188  10.441  58.595 0.6999999881
99390  53.021  9.529  57.074 0.6000000238
143776  54.134  9.551  56.551 0.6000000238
99389  54.850  9.430  57.231 0.6000000238
99391  51.551  9.471  57.528 0.6000000238
98660  53.666  8.506  56.307 0.6999999881
97866  54.849  8.038  56.975 0.6999999881
97098  51.766  6.951  56.594 0.6999999881
97881  53.261  6.923  55.882 0.6999999881
96306  54.232  5.997  56.026 0.8000000119
95567  53.513  4.880  56.179 0.8999999762
97868  50.626  7.529  57.373 0.6999999881
97099  50.344  6.716  57.127 0.6999999881
97110  53.094  6.122  55.428 0.8000000119
95584  53.186  4.326  54.877 0.8999999762
97112  49.903  6.141  56.653 0.8000000119
96324  51.290  5.454  54.888 0.8000000119
96332  52.911  4.544  54.234 0.8000000119
138549  52.509  4.289  53.725 0.8999999762
95604  51.363  4.408  51.829 0.8999999762
96361  47.528  6.261  50.767 0.8999999762
96314  50.642  5.729  55.750 0.8000000119
96323  52.424  5.135  54.281 0.8000000119
123440  52.233  4.737  53.664 0.8000000119
125877  50.665  5.407  52.172 0.8999999762
97144  49.360  6.265  51.095 0.8999999762
96325  50.150  5.575  55.124 0.8000000119
126367  51.088  5.235  54.065 0.8000000119
96344  50.248  5.575  53.206 0.8000000119
96333  49.701  5.628  54.312 0.8000000119
102982  48.389  14.482  68.747 0.2000000030
102964  48.297  14.541  69.956 0.2000000030
102963  49.214  14.479  70.325 0.3000000119
131355  47.569  13.644  62.819 0.2000000030
103021  48.485  14.267  66.575 0.2000000030
102951  47.652  14.442  70.632 0.2000000030
101486  45.939  12.760  71.251 0.2000000030
145463  48.768  13.774  61.745 0.2000000030
102299  49.290  14.064  63.219 0.2000000030
102266  49.689  14.206  64.991 0.2000000030
103031  50.589  14.294  65.455 0.3000000119
102965  47.313  14.472  69.944 0.2000000030
129871  46.211  14.008  70.694 0.2000000030
102192  45.086  13.483  70.705 0.2000000030
101487  45.107  12.891  70.986 0.2000000030
102313  49.226  13.999  62.330 0.2000000030
102298  50.263  14.178  63.561 0.2000000030
131229  52.635  14.460  66.191 0.3000000119
103073  51.222  14.349  61.890 0.4000000060
102297  50.792  14.259  62.740 0.4000000060
103042  52.096  14.385  64.672 0.3000000119
103030  51.806  14.382  65.468 0.3000000119
146065  53.178  14.318  65.998 0.3000000119
103053  53.442  14.518  63.431 0.4000000060
103041  53.236  14.461  64.402 0.4000000060
103028  53.763  14.116  64.920 0.5000000000
103083  52.804  14.582  60.645 0.4000000060
103062  54.138  14.476  62.037 0.6000000238
135277  54.196  14.261  63.026 0.5000000000
103099  53.089  14.319  58.799 0.5000000000
103090  53.797  14.489  59.457 0.5000000000
103070  54.093  14.437  61.263 0.5000000000
102311  54.343  14.234  62.049 0.5000000000
102379  52.592  13.672  58.011 0.4000000060
103098  53.752  14.264  58.753 0.6000000238
102351  54.282  14.109  59.155 0.6000000238
144312  42.819  12.251  54.429 0.6000000238
101619  51.866  13.280  57.777 0.4000000060
102378  53.538  13.663  57.943 0.6000000238
141063  54.314  13.472  58.432 0.6000000238
101658  44.681  12.173  52.534 0.6999999881
101650  43.642  12.118  52.661 0.6000000238
100905  43.136  11.803  53.116 0.6000000238
100896  42.627  11.445  55.208 0.6000000238
132217  51.320  12.739  57.454 0.4000000060
101618  53.008  13.180  57.707 0.5000000000
101617  53.919  12.994  57.659 0.6000000238
100913  44.410  11.679  52.568 0.6000000238
101659  43.907  11.749  52.429 0.6000000238
100914  43.331  11.354  52.544 0.6000000238
100915  42.938  11.107  52.640 0.6000000238
100156  42.684  10.700  52.950 0.6000000238
100873  53.582  12.334  57.393 0.5000000000
100912  45.637  11.909  53.035 0.6999999881
100904  44.557  11.202  53.103 0.6000000238
100162  43.623  10.930  52.521 0.6000000238
100171  43.068  10.923  52.380 0.6000000238
100875  50.715  12.023  57.407 0.4000000060
100128  51.712  11.675  57.492 0.5000000000
100895  45.462  11.298  54.108 0.6000000238
100153  44.712  10.693  54.154 0.6000000238
100154  44.013  10.422  53.263 0.6000000238
142413  50.819  10.641  57.527 0.6000000238
98662  50.979  8.423  57.580 0.6000000238
100144  45.367  10.525  55.195 0.6000000238
99410  44.972  9.587  55.681 0.6000000238
99406  44.818  8.939  55.847 0.6000000238
99411  44.432  9.179  54.988 0.6000000238
99392  50.209  9.299  57.729 0.6999999881
99405  45.412  9.018  56.479 0.6000000238
98672  45.567  8.204  56.695 0.6000000238
97884  45.282  7.839  56.244 0.6000000238
97897  44.944  7.360  54.849 0.6999999881
98663  49.914  8.223  57.749 0.6999999881
97869  49.591  7.391  57.547 0.6999999881
139207  46.886  8.227  57.423 0.6999999881
97882  46.325  7.321  56.798 0.6999999881
138387  46.482  6.515  55.306 0.8000000119
97127  45.988  6.612  54.377 0.8000000119
97113  48.854  6.183  56.742 0.6999999881
97101  48.272  6.780  57.239 0.6999999881
97114  47.935  6.368  56.582 0.6999999881
96327  48.009  6.012  55.016 0.8000000119
97126  46.961  6.407  54.276 0.8000000119
97135  47.096  6.539  52.811 0.8000000119
97146  47.427  6.688  51.668 0.8999999762
96315  49.438  5.713  56.028 0.8000000119
96316  48.460  5.869  55.991 0.6999999881
140766  48.742  5.821  54.376 0.8000000119
96353  49.488  6.120  52.200 0.8000000119
96326  49.033  5.646  55.234 0.8000000119
123939  47.187  13.468  60.708 0.2000000030
102329  47.514  13.530  61.378 0.2000000030
102344  46.461  13.475  60.262 0.2000000030
102328  48.250  13.610  61.385 0.2000000030
102343  47.480  13.485  59.885 0.2000000030
102327  49.531  13.907  61.465 0.3000000119
102326  50.463  14.099  61.178 0.4000000060
102325  51.564  14.311  60.910 0.4000000060
103072  52.524  14.550  61.683 0.4000000060
102340  50.768  14.013  60.193 0.3000000119
103063  53.599  14.616  62.392 0.4000000060
102353  51.063  13.926  59.193 0.3000000119
102339  51.855  14.201  59.904 0.4000000060
102367  50.673  13.721  58.484 0.4000000060
102366  52.327  13.846  58.322 0.5000000000
101642  43.376  12.635  53.618 0.6999999881
102412  42.882  13.171  54.560 0.6999999881
102368  50.476  13.448  57.732 0.4000000060
102380  51.517  13.538  57.968 0.4000000060
101649  44.377  12.396  52.568 0.6000000238
102411  43.605  13.491  54.011 0.5000000000
137146  49.825  13.324  57.231 0.4000000060
100911  46.956  12.439  52.889 0.5000000000
101657  45.882  12.531  52.693 0.5000000000
101621  50.093  13.152  57.129 0.4000000060
142986  50.587  12.960  57.161 0.4000000060
100894  46.428  11.309  54.836 0.5000000000
100876  50.040  12.509  57.080 0.4000000060
100143  46.481  10.730  55.767 0.6000000238
100877  49.351  11.895  56.978 0.4000000060
125044  49.920  11.331  57.357 0.5000000000
139921  49.689  10.174  57.551 0.6000000238
99404  46.291  9.403  56.893 0.6999999881
140838  49.086  10.751  57.331 0.5000000000
145780  49.486  9.477  57.694 0.6000000238
130655  47.263  8.904  57.508 0.6999999881
131291  49.309  8.876  57.796 0.6999999881
141954  48.304  7.976  57.712 0.6999999881
98665  47.742  8.410  57.634 0.6999999881
131483  45.810  13.627  58.986 0.2000000030
102356  46.500  13.500  59.374 0.2000000030
123971  47.982  13.532  60.736 0.2000000030
124674  48.881  13.651  60.871 0.2000000030
102342  48.520  13.601  60.007 0.2000000030
102341  49.277  13.725  60.025 0.3000000119
130768  49.808  13.839  60.541 0.3000000119
128988  50.084  13.717  59.416 0.3000000119
124194  49.853  13.607  58.418 0.3000000119
124418  48.108  13.584  57.396 0.3000000119
141198  48.860  13.604  57.751 0.3000000119
102381  48.657  13.375  56.428 0.3000000119
102369  49.577  13.522  57.691 0.3000000119
102419  46.204  13.721  52.555 0.5000000000
102429  45.483  12.779  52.633 0.5000000000
101628  49.370  13.101  56.583 0.3000000119
101656  48.017  13.145  51.982 0.5000000000
102428  47.047  13.248  52.278 0.5000000000
100892  48.459  12.198  53.756 0.5000000000
148465  48.431  12.757  52.419 0.5000000000
100910  48.026  12.228  53.013 0.5000000000
142371  47.705  11.666  54.180 0.5000000000
102390  48.877  13.103  55.519 0.4000000060
101629  49.041  12.805  55.673 0.4000000060
138311  48.980  12.189  56.136 0.5000000000
100893  47.322  11.298  55.193 0.5000000000
100137  46.807  10.228  56.550 0.6000000238
100135  48.616  11.251  56.841 0.5000000000
100884  48.372  11.524  55.895 0.5000000000
100142  47.558  11.032  55.910 0.5000000000
99403  47.243  9.659  57.214 0.6999999881
99393  48.861  9.627  57.604 0.6000000238
99394  47.945  9.250  57.550 0.6999999881
131250  48.511  8.684  57.730 0.6999999881
103100  45.049  14.381  58.295 0.2000000030
103109  45.526  14.466  57.483 0.2000000030
102372  45.645  13.925  58.340 0.2000000030
102371  46.537  13.658  58.444 0.2000000030
123970  48.332  13.535  59.105 0.2000000030
144463  47.423  13.685  58.145 0.2000000030
124502  49.195  13.601  59.217 0.3000000119
103117  45.904  14.973  56.190 0.2000000030
102383  46.476  14.115  56.724 0.2000000030
123617  47.008  13.746  57.520 0.2000000030
102370  48.212  13.618  58.286 0.3000000119
102354  49.038  13.610  58.373 0.3000000119
102382  47.547  13.653  56.554 0.3000000119
102391  48.112  13.492  55.552 0.3000000119
102410  44.432  13.883  53.552 0.5000000000
102418  47.499  14.227  52.151 0.5000000000
102420  44.951  13.265  52.893 0.5000000000
103139  45.004  14.968  53.895 0.3000000119
136577  48.925  12.908  54.534 0.4000000060
102408  48.813  13.377  52.834 0.5000000000
127434  48.797  12.267  54.822 0.5000000000
101636  48.859  12.739  53.590 0.5000000000
103110  44.728  14.932  57.861 0.2000000030
103697  45.257  15.241  57.068 0.2000000030
103698  44.763  15.702  57.522 0.2000000030
103705  45.818  15.776  56.124 0.2000000030
103116  46.543  14.622  55.735 0.2000000030
103125  47.193  14.887  54.704 0.2000000030
102400  47.639  13.957  54.850 0.3000000119
103148  45.523  14.381  53.129 0.5000000000
103127  44.534  15.384  54.595 0.3000000119
102399  48.485  13.512  54.381 0.4000000060
102409  48.482  14.073  53.161 0.3000000119
103145  48.019  15.352  52.625 0.5000000000
103147  46.742  14.932  52.545 0.5000000000
103138  46.232  15.742  53.229 0.3000000119
104297  45.150  16.436  56.933 0.2000000030
104884  45.197  17.213  57.095 0.2000000030
137545  46.351  18.507  55.956 0.2000000030
146275  47.615  18.428  53.888 0.2000000030
106812  47.392  19.955  54.563 0.2000000030
142583  45.251  15.855  56.783 0.2000000030
104303  45.861  16.413  55.975 0.2000000030
128806  47.486  18.076  54.302 0.2000000030
106144  46.419  19.752  54.448 0.2000000030
105509  45.771  19.037  54.544 0.2000000030
106140  45.097  19.847  55.525 0.2000000030
104296  45.936  17.071  55.833 0.2000000030
104891  47.246  17.546  54.370 0.2000000030
105512  47.596  18.145  53.868 0.2000000030
105510  44.508  19.123  55.881 0.2000000030
106135  44.051  19.829  56.702 0.2000000030
106808  43.597  20.725  57.490 0.2000000030
124597  46.499  16.538  55.175 0.2000000030
129998  46.890  17.067  54.621 0.2000000030
144517  45.029  18.523  55.164 0.2000000030
105502  43.552  18.926  56.952 0.2000000030
103126  46.675  15.391  55.169 0.2000000030
103713  47.382  16.541  53.833 0.2000000030
103723  47.623  16.501  53.074 0.2000000030
104315  46.826  17.167  53.545 0.2000000030
104309  46.203  17.225  53.868 0.2000000030
103724  45.693  16.322  53.874 0.3000000119
104304  44.266  17.034  55.477 0.3000000119
104305  43.196  16.432  56.470 0.3000000119
103124  47.887  14.514  53.870 0.2000000030
103137  47.645  15.783  53.506 0.2000000030
103722  47.782  16.246  52.932 0.2000000030
141012  47.596  16.492  53.067 0.2000000030
146442  46.504  16.610  53.471 0.3000000119
103715  44.199  15.744  55.174 0.3000000119
103716  43.229  15.198  55.788 0.3000000119
103136  48.118  15.438  52.823 0.2000000030
103728  47.724  16.193  52.827 0.3000000119
107532  46.248  21.066  55.631 0.2000000030
106814  45.690  20.516  55.421 0.2000000030
126289  45.192  21.023  56.282 0.2000000030
106807  44.610  20.558  56.453 0.2000000030
127291  47.232  17.628  53.723 0.2000000030
105513  46.435  18.157  53.935 0.2000000030
106136  43.246  19.718  57.612 0.2000000030
134212  44.142  18.499  56.066 0.2000000030
104896  45.877  17.606  54.192 0.2000000030
105498  41.896  18.210  58.748 0.2000000030
104308  47.276  17.141  54.110 0.2000000030
104314  47.418  16.642  53.319 0.2000000030
127116  47.086  17.208  53.596 0.2000000030
104299  42.647  16.739  57.234 0.2000000030
104879  42.339  17.833  58.122 0.2000000030
127581  46.661  17.444  53.774 0.2000000030
107520  46.708  21.525  56.274 0.2000000030
107521  45.391  21.530  56.748 0.2000000030
107522  44.387  21.243  57.150 0.2000000030
108221  47.282  22.118  56.927 0.2000000030
108222  45.724  22.145  57.492 0.2000000030
138163  42.890  18.315  57.554 0.2000000030
129741  42.018  18.939  58.766 0.2000000030
104892  44.609  17.872  55.366 0.2000000030
104885  43.492  18.066  56.664 0.2000000030
105497  42.439  18.611  58.259 0.2000000030
104298  43.440  17.269  56.479 0.2000000030
104886  42.814  17.529  57.379 0.2000000030
97734  44.110  6.691  72.484 0.3000000119
97749  43.778  7.364  71.631 0.2000000030
98559  43.334  8.368  70.388 0.2000000030
98564  43.455  8.953  69.833 0.3000000119
98571  41.346  8.865  68.943 0.3000000119
99317  43.081  10.191  67.849 0.5000000000
98589  40.593  8.487  65.891 0.4000000060
98587  41.977  9.050  65.033 0.5000000000
97803  42.260  7.782  64.150 0.5000000000
99325  43.122  10.132  65.157 0.5000000000
96256  42.617  6.043  63.947 0.5000000000
98601  42.696  8.249  63.869 0.5000000000
100072  43.708  10.519  65.706 0.5000000000
127599  43.019  5.374  64.203 0.6000000238
95512  43.389  4.700  64.621 0.6000000238
97808  42.826  7.422  63.511 0.4000000060
100071  44.395  10.610  65.373 0.5000000000
94694  48.490  4.098  69.780 0.8000000119
95470  47.714  4.834  68.233 0.8999999762
95491  45.819  4.330  66.421 0.8000000119
95490  46.566  4.745  66.665 0.8000000119
95511  44.204  4.616  64.607 0.6000000238
97044  44.153  5.970  62.973 0.6000000238
97807  43.408  7.603  63.022 0.6000000238
99328  44.313  9.899  63.880 0.5000000000
96190  50.801  5.964  69.240 0.8000000119
95469  48.672  5.363  68.528 0.8999999762
96244  45.738  5.116  64.186 0.6999999881
96254  44.670  5.531  63.229 0.6999999881
97816  43.943  7.444  62.556 0.6000000238
99337  44.289  9.421  63.278 0.5000000000
94705  51.876  4.456  69.106 0.6999999881
96184  52.524  5.543  70.125 0.8000000119
99336  45.008  9.936  63.173 0.5000000000
96199  51.494  6.244  68.756 0.8999999762
96223  48.075  5.930  66.345 0.8999999762
96243  46.692  5.466  64.590 0.8000000119
99347  45.354  9.402  62.338 0.5000000000
97053  46.541  6.300  61.905 0.8999999762
98621  45.429  8.323  61.611 0.5000000000
91400  46.024  -0.349  65.456 0.6000000238
95479  51.540  5.690  67.516 0.8999999762
97024  51.054  6.636  66.713 0.8000000119
96231  49.487  6.687  65.859 0.8999999762
93079  46.143  1.744  64.891 0.6999999881
97068  46.663  6.953  61.239 0.8000000119
97052  47.823  6.337  62.359 0.8999999762
92249  45.367  0.111  62.733 0.6999999881
94740  47.688  3.360  65.071 0.6999999881
95498  49.863  4.909  65.083 0.8000000119
97036  49.829  6.932  64.458 0.8999999762
97836  47.890  7.555  60.568 0.8000000119
97824  46.899  7.656  60.784 0.6999999881
93942  46.442  2.289  63.465 0.6999999881
93104  46.112  1.677  61.959 0.6000000238
93970  47.447  2.600  60.931 0.6999999881
143676  49.655  4.570  61.915 0.8000000119
134275  48.360  3.448  61.023 0.8000000119
140234  47.978  2.770  59.549 0.6999999881
89566  47.363  -2.704  62.793 0.6000000238
137176  48.082  11.624  64.235 0.6000000238
145872  48.483  7.060  60.876 0.8000000119
97066  50.282  7.012  62.278 0.8999999762
90594  45.492  -1.541  58.037 0.6000000238
93977  48.350  2.802  58.735 0.6999999881
94800  49.591  3.832  58.897 0.8000000119
100090  47.771  11.145  62.623 0.6000000238
98641  48.867  8.844  59.708 0.8000000119
126513  47.897  -3.657  58.987 0.6000000238
95529  50.795  5.317  62.425 0.8000000119
96270  52.146  6.691  62.578 0.8000000119
128996  46.348  -2.915  57.917 0.6000000238
88709  46.902  -3.080  56.888 0.6000000238
92304  45.834  0.014  55.347 0.5000000000
144493  49.441  3.091  56.455 0.6999999881
130041  46.864  -2.238  53.837 0.5000000000
93157  47.130  1.806  54.836 0.6000000238
92315  46.340  0.294  53.583 0.5000000000
93163  47.198  1.754  53.870 0.5000000000
94014  49.305  3.161  54.975 0.6999999881
94021  48.526  2.847  53.823 0.6999999881
92326  46.636  0.510  51.687 0.5000000000
94027  48.038  2.497  52.436 0.6000000238
97713  49.380  7.431  73.791 0.2000000030
98548  49.671  7.906  72.757 0.2000000030
100039  49.927  10.440  71.131 0.3000000119
144196  48.166  11.407  68.899 0.3000000119
101520  50.323  12.133  68.515 0.3000000119
101537  50.296  12.088  67.040 0.4000000060
124160  48.889  11.539  63.061 0.6000000238
89592  51.434  -2.581  60.182 0.6000000238
100844  49.529  11.496  61.481 0.6000000238
100105  48.650  10.631  60.557 0.6000000238
88675  50.057  -3.340  59.527 0.5000000000
140459  49.169  10.594  60.153 0.6999999881
98640  49.803  8.608  59.625 0.8999999762
97833  51.429  7.397  60.809 0.8999999762
97832  52.324  7.164  60.901 0.8999999762
88699  47.783  -3.507  57.811 0.6000000238
96289  51.670  5.462  60.431 0.8999999762
89632  51.755  -2.806  57.430 0.5000000000
95547  50.816  4.817  59.568 0.8000000119
88717  47.937  -3.023  55.657 0.5000000000
94799  50.015  3.724  58.038 0.8999999762
89661  47.678  -2.765  54.944 0.5000000000
94810  49.936  3.401  56.989 0.8999999762
94823  50.264  3.366  55.131 0.8000000119
126140  50.970  3.447  53.630 0.8999999762
89690  49.109  -2.508  53.404 0.5000000000
90629  46.465  -1.506  53.535 0.5000000000
94026  48.722  2.906  52.899 0.6999999881
94032  48.828  3.203  51.926 0.6999999881
90635  46.638  -1.612  52.484 0.5000000000
148228  46.448  -0.176  52.200 0.5000000000
143812  46.510  -0.328  51.601 0.5000000000
130267  49.143  3.283  50.858 0.8000000119
89715  47.276  -2.167  51.146 0.5000000000
90642  46.722  -1.671  51.526 0.5000000000
90653  47.253  -1.259  49.574 0.5000000000
97704  47.340  6.115  75.633 0.2000000030
98501  46.756  7.038  75.689 0.2000000030
98512  49.992  7.715  73.925 0.2000000030
99267  50.634  8.348  73.544 0.2000000030
100010  50.699  9.575  73.316 0.2000000030
100009  51.184  9.175  73.254 0.2000000030
102186  51.600  12.650  71.371 0.3000000119
143953  52.178  12.794  69.749 0.4000000060
101544  51.591  12.185  65.507 0.5000000000
101553  51.379  12.151  64.139 0.6000000238
100851  52.013  12.012  60.556 0.6000000238
100112  50.366  10.500  59.588 0.8000000119
100111  51.944  10.371  58.973 0.6999999881
99371  52.722  8.935  58.933 0.6999999881
98651  53.822  8.701  58.821 0.6999999881
97844  53.368  7.406  59.652 0.8999999762
97075  52.928  7.026  60.479 0.8999999762
96277  52.844  6.566  60.411 0.8999999762
96286  53.996  6.299  58.549 0.8999999762
95546  51.661  5.177  59.233 0.8999999762
95557  52.976  5.116  57.384 0.8999999762
95568  52.471  4.496  56.848 0.8999999762
127205  50.672  3.834  51.343 0.8000000119
94857  49.704  3.494  51.388 0.8000000119
93187  48.717  2.411  49.018 0.5000000000
128851  49.223  3.073  49.155 0.6000000238
94871  49.534  3.750  48.617 0.6000000238
94878  49.194  3.959  47.212 0.6000000238
94870  49.496  4.108  48.235 0.6999999881
93202  48.649  2.189  46.989 0.5000000000
123924  48.678  -2.530  49.989 0.5000000000
92339  47.610  0.496  48.641 0.5000000000
93196  48.080  1.549  48.809 0.5000000000
93195  48.768  2.336  47.914 0.5000000000
91538  47.866  -0.507  47.954 0.5000000000
91547  48.341  -0.478  46.837 0.5000000000
92357  47.763  0.568  46.442 0.5000000000
100767  49.292  11.748  72.140 0.2000000030
100769  47.038  11.674  71.741 0.2000000030
102948  50.885  14.130  70.664 0.3000000119
102961  52.121  14.099  69.665 0.4000000060
102254  53.538  13.590  66.963 0.5000000000
101541  53.825  13.158  65.633 0.5000000000
142427  51.800  12.193  64.864 0.5000000000
101576  52.386  12.473  62.303 0.6000000238
98649  54.920  8.354  58.093 0.6999999881
98658  54.980  8.573  57.455 0.6000000238
97091  54.422  6.650  57.786 0.8999999762
97108  54.307  6.906  56.095 0.8000000119
97880  53.959  7.481  55.900 0.6999999881
142672  52.384  3.829  55.326 0.8999999762
140834  53.092  4.313  54.437 0.8000000119
126584  51.962  3.806  53.570 0.8999999762
94838  51.727  3.991  52.674 0.8999999762
131646  51.026  4.352  51.209 0.8000000119
143017  50.964  5.151  51.110 0.8999999762
95621  49.622  4.658  49.016 0.6999999881
96365  50.484  5.279  50.093 0.8000000119
96372  49.523  5.298  49.319 0.8000000119
102189  48.165  13.762  71.306 0.3000000119
102255  48.119  14.117  65.796 0.2000000030
140488  47.479  14.186  71.105 0.3000000119
102191  45.771  13.501  70.906 0.2000000030
143020  51.233  14.489  67.121 0.3000000119
103017  53.306  14.156  66.585 0.3000000119
102264  53.929  13.643  65.312 0.5000000000
103040  53.931  14.136  64.072 0.4000000060
101574  54.162  13.618  63.542 0.6000000238
101582  54.288  13.597  61.968 0.6000000238
128968  54.363  13.548  60.228 0.6000000238
101594  53.109  12.620  60.808 0.6000000238
101603  54.223  12.875  59.626 0.6999999881
100858  53.716  11.981  59.191 0.6999999881
125062  53.035  11.546  57.291 0.5000000000
125123  53.705  10.576  56.891 0.6000000238
100126  54.346  10.496  56.938 0.6000000238
125063  52.296  10.581  57.426 0.5000000000
98661  52.244  8.521  57.121 0.6999999881
147078  54.076  8.120  56.102 0.6000000238
98659  54.518  9.226  56.661 0.6000000238
97867  52.794  7.663  56.444 0.6999999881
133296  51.616  7.764  57.164 0.6999999881
97109  54.003  6.437  55.673 0.8000000119
96312  53.889  5.576  55.343 0.8000000119
97100  49.243  6.701  57.252 0.6999999881
97111  51.257  6.218  56.195 0.8000000119
96313  52.177  5.642  55.107 0.8000000119
124433  53.318  5.169  54.802 0.8000000119
95603  51.731  4.272  52.652 0.8999999762
96343  51.391  5.069  53.025 0.8999999762
143288  47.822  6.683  51.061 0.8999999762
96360  50.104  5.816  50.516 0.8999999762
96352  50.179  5.801  51.380 0.8999999762
97145  48.442  6.560  51.517 0.8999999762
96366  49.715  5.778  49.827 0.8000000119
97165  48.812  6.202  50.147 0.8000000119
124975  47.697  14.492  69.207 0.2000000030
140380  48.489  13.829  62.844 0.2000000030
125058  48.059  13.655  62.083 0.2000000030
102952  46.801  14.344  70.534 0.2000000030
125185  49.912  14.118  62.777 0.2000000030
102281  49.312  14.144  64.180 0.2000000030
102265  50.327  14.222  64.521 0.3000000119
102312  50.146  14.166  62.059 0.4000000060
103043  51.150  14.280  64.843 0.3000000119
128175  51.305  14.335  63.410 0.2000000030
103064  52.173  14.517  62.770 0.4000000060
129939  52.277  14.490  63.819 0.3000000119
103029  53.003  14.441  65.365 0.4000000060
103091  52.985  14.523  59.625 0.5000000000
103071  53.671  14.648  61.415 0.5000000000
102352  51.986  14.026  58.898 0.5000000000
100906  42.865  11.371  53.717 0.6000000238
100874  52.392  12.515  57.561 0.5000000000
102421  43.991  12.959  53.046 0.6000000238
147493  42.621  10.727  55.524 0.6000000238
101620  50.858  13.241  57.536 0.4000000060
100170  43.442  11.141  52.481 0.6000000238
100163  43.059  10.683  52.314 0.6000000238
100145  44.491  9.972  54.593 0.6000000238
130323  43.697  9.553  53.571 0.6000000238
100138  45.777  9.936  56.225 0.6000000238
98673  45.050  8.377  56.121 0.6000000238
98678  44.560  8.475  55.347 0.6000000238
131164  44.307  7.930  54.660 0.6999999881
99396  46.125  8.605  57.062 0.6000000238
97115  46.177  6.925  56.151 0.6999999881
97890  45.436  7.350  55.813 0.8000000119
97870  48.661  7.375  57.558 0.6999999881
97102  47.372  6.830  57.061 0.6999999881
97871  47.696  7.530  57.479 0.6999999881
124370  47.044  6.487  56.241 0.6999999881
97119  47.226  6.272  55.381 0.8000000119
96334  48.000  6.134  53.752 0.8000000119
97134  48.238  6.439  52.555 0.8999999762
97147  46.273  6.731  51.887 0.8000000119
96345  49.062  5.969  53.417 0.8000000119
148989  51.234  13.819  58.600 0.5000000000
146801  51.347  13.695  58.241 0.4000000060
101648  48.066  12.697  52.335 0.5000000000
100903  46.710  11.826  53.698 0.5000000000
100883  49.509  12.806  56.580 0.4000000060
102355  47.395  13.518  58.883 0.2000000030
144605  49.148  13.440  57.130 0.3000000119
101655  48.613  13.580  51.928 0.5000000000
103153  48.287  14.381  52.025 0.5000000000
134642  48.188  11.604  54.875 0.5000000000
100129  48.229  10.200  57.283 0.6000000238
102384  46.194  13.913  57.734 0.2000000030
102392  47.137  13.998  55.700 0.3000000119
102398  48.826  13.207  53.578 0.4000000060
138108  47.237  15.908  52.729 0.3000000119
104883  46.124  17.756  55.837 0.2000000030
105508  47.550  18.793  54.488 0.2000000030
105507  47.673  19.096  54.050 0.2000000030
106143  47.313  18.776  53.752 0.2000000030
127782  47.350  20.487  55.329 0.2000000030
106813  46.844  20.377  54.700 0.2000000030
104310  45.137  16.891  54.642 0.3000000119
103706  43.743  16.136  55.686 0.3000000119
85095  53.409  -7.521  67.586 0.3000000119
85108  53.159  -7.257  66.729 0.3000000119
85109  52.272  -7.363  66.406 0.3000000119
85984  50.735  -6.534  65.556 0.3000000119
77847  55.883  -15.402  71.922 0.2000000030
76865  55.501  -16.069  72.239 0.2000000030
85969  53.988  -6.927  67.022 0.3000000119
85978  52.885  -6.832  66.110 0.3000000119
85982  52.203  -6.692  65.835 0.3000000119
86823  50.613  -5.665  65.505 0.3000000119
86824  49.610  -5.479  65.521 0.3000000119
79738  56.512  -13.518  71.739 0.2000000030
85976  54.630  -6.227  66.852 0.3000000119
85981  52.823  -6.271  65.690 0.3000000119
133116  52.032  -5.948  65.524 0.3000000119
87709  50.297  -4.747  65.667 0.3000000119
87710  49.332  -4.543  65.767 0.3000000119
80649  56.525  -12.825  71.273 0.2000000030
129969  56.673  -11.460  70.469 0.3000000119
84155  56.539  -8.649  70.659 0.3000000119
85041  56.449  -6.499  71.861 0.3000000119
86812  54.329  -5.784  66.135 0.3000000119
86820  52.960  -5.458  65.361 0.3000000119
86821  52.023  -4.978  65.348 0.3000000119
88623  50.197  -3.962  66.029 0.3000000119
139946  49.560  -3.861  66.217 0.3000000119
86819  53.927  -5.346  65.480 0.3000000119
139048  52.764  -4.645  65.088 0.3000000119
132658  51.614  -4.271  65.489 0.3000000119
88609  50.129  -3.537  66.608 0.3000000119
88600  49.644  -2.790  67.719 0.3000000119
90476  57.200  -1.052  68.284 0.3000000119
88608  50.849  -3.242  66.544 0.3000000119
146424  51.254  -2.758  66.743 0.3000000119
89520  50.872  -2.586  68.077 0.3000000119
90483  57.302  -0.534  67.237 0.3000000119
91392  56.908  0.089  66.294 0.3000000119
93089  57.076  2.019  63.548 0.3000000119
92235  57.284  1.577  64.275 0.3000000119
92245  57.305  1.078  62.875 0.3000000119
85064  53.467  -7.378  69.631 0.3000000119
85096  52.597  -7.755  67.302 0.3000000119
85110  51.376  -7.593  66.335 0.3000000119
85123  50.150  -7.149  65.735 0.3000000119
85124  49.084  -7.093  65.714 0.3000000119
76862  55.744  -16.358  72.630 0.2000000030
75906  55.021  -17.686  72.842 0.2000000030
85079  54.130  -7.239  68.890 0.3000000119
85985  49.855  -6.392  65.512 0.3000000119
85986  48.941  -6.174  65.402 0.3000000119
135732  47.805  -5.177  65.349 0.3000000119
77846  56.323  -15.040  72.243 0.2000000030
85926  54.961  -5.103  72.325 0.3000000119
128510  55.580  -4.603  71.763 0.3000000119
149076  55.246  -6.188  69.257 0.3000000119
85968  54.664  -6.592  67.668 0.3000000119
88625  47.856  -3.929  65.714 0.3000000119
86765  55.584  -4.589  72.723 0.3000000119
87655  56.065  -4.133  71.974 0.3000000119
132900  55.617  -5.050  70.621 0.3000000119
128915  55.383  -5.734  67.597 0.3000000119
88624  48.771  -3.924  65.984 0.3000000119
89532  47.899  -3.008  66.998 0.2000000030
81551  56.587  -11.734  71.288 0.3000000119
83287  56.219  -9.568  72.310 0.3000000119
127432  56.238  -8.622  71.757 0.3000000119
85917  56.169  -5.200  72.753 0.3000000119
87647  56.398  -4.185  71.645 0.3000000119
86790  56.166  -4.588  69.261 0.3000000119
87691  55.899  -4.776  67.238 0.3000000119
87698  54.769  -5.086  65.818 0.3000000119
88601  48.715  -3.078  67.142 0.3000000119
89507  48.219  -2.296  68.262 0.2000000030
134025  56.069  -7.491  72.430 0.3000000119
88605  56.599  -2.627  67.539 0.3000000119
88606  56.195  -3.529  66.526 0.3000000119
87705  54.338  -4.593  65.298 0.3000000119
87707  52.267  -4.092  65.228 0.3000000119
88621  51.794  -3.520  65.484 0.3000000119
128123  49.970  -2.182  69.161 0.4000000060
90467  48.902  -2.120  68.855 0.3000000119
89529  56.819  -1.288  67.624 0.3000000119
88617  56.422  -2.529  66.497 0.3000000119
135405  55.312  -3.177  65.200 0.3000000119
88633  53.670  -3.213  64.641 0.3000000119
88607  51.437  -2.898  66.002 0.3000000119
89531  51.185  -2.550  67.403 0.3000000119
89504  51.183  -2.204  68.755 0.4000000060
90454  50.615  -1.657  69.766 0.4000000060
90492  56.753  -0.080  66.305 0.3000000119
89540  56.217  -1.488  65.489 0.3000000119
89546  55.364  -2.288  64.885 0.3000000119
89547  54.296  -2.458  64.460 0.3000000119
90494  52.148  -1.519  65.171 0.3000000119
134358  51.550  -2.003  67.547 0.3000000119
90465  51.426  -1.711  68.996 0.4000000060
90466  51.036  -2.038  69.283 0.4000000060
91404  56.804  0.956  65.732 0.3000000119
90485  51.507  -1.354  66.896 0.3000000119
90478  51.497  -1.448  68.472 0.3000000119
91378  51.379  -0.970  68.845 0.4000000060
92236  55.264  1.599  64.100 0.4000000060
92260  55.933  1.336  61.563 0.4000000060
93115  56.333  1.715  62.273 0.4000000060
92246  55.437  1.685  62.684 0.4000000060
129934  56.536  1.274  60.370 0.3000000119
92259  57.281  1.133  61.768 0.3000000119
91476  55.483  -0.399  58.455 0.5000000000
91462  56.214  0.447  58.869 0.4000000060
90568  54.551  -0.875  59.225 0.5000000000
123473  54.600  -1.141  58.544 0.5000000000
84193  50.297  -8.249  67.719 0.3000000119
84204  50.043  -8.185  66.812 0.3000000119
148727  49.320  -8.130  66.769 0.3000000119
131722  48.775  -7.752  66.334 0.3000000119
75905  55.596  -16.975  73.008 0.2000000030
85065  52.731  -7.654  69.320 0.3000000119
84174  51.981  -7.847  69.102 0.3000000119
85111  50.532  -7.653  66.252 0.3000000119
85112  49.669  -7.716  66.173 0.3000000119
135714  48.082  -5.940  65.369 0.3000000119
77836  56.068  -15.744  72.444 0.2000000030
85927  54.204  -5.603  72.827 0.3000000119
85054  54.314  -6.046  71.544 0.3000000119
85063  54.130  -7.039  69.756 0.3000000119
88626  46.852  -4.097  65.558 0.3000000119
86753  54.985  -4.958  74.057 0.3000000119
85942  54.566  -6.497  70.357 0.3000000119
85954  54.740  -6.654  69.259 0.3000000119
88610  47.365  -3.390  66.219 0.2000000030
88611  46.316  -3.236  66.138 0.2000000030
80643  56.607  -12.945  72.245 0.3000000119
85918  55.497  -5.155  73.645 0.3000000119
89533  47.024  -2.794  66.823 0.2000000030
89534  46.273  -2.627  66.829 0.2000000030
132873  56.593  -12.312  71.744 0.3000000119
82412  56.460  -10.743  71.493 0.3000000119
84136  55.947  -8.476  72.989 0.3000000119
85032  55.919  -6.170  73.184 0.3000000119
90480  47.267  -2.017  68.118 0.2000000030
129651  56.485  -11.465  72.328 0.3000000119
90456  48.032  -1.498  69.692 0.2000000030
91367  49.881  -0.733  70.932 0.4000000060
147080  49.910  -1.563  70.012 0.4000000060
91359  50.372  -0.132  71.592 0.4000000060
90493  55.992  -1.035  64.855 0.3000000119
129016  54.928  -1.495  64.447 0.3000000119
136150  52.884  -1.445  64.592 0.3000000119
90453  51.090  -1.166  70.037 0.4000000060
90447  50.671  -0.618  70.445 0.4000000060
90503  56.327  0.147  65.191 0.3000000119
91406  54.923  0.426  64.259 0.4000000060
90506  53.256  -0.350  64.383 0.3000000119
90507  52.230  -0.584  64.716 0.3000000119
90495  51.616  -0.859  65.752 0.3000000119
91394  50.841  -0.669  67.089 0.4000000060
91386  51.274  -0.971  67.964 0.4000000060
135996  51.145  -0.763  69.592 0.4000000060
92189  50.604  0.247  70.727 0.4000000060
144674  55.334  1.278  64.360 0.4000000060
92230  53.561  0.746  64.020 0.4000000060
132418  52.196  -0.136  64.396 0.4000000060
90508  51.687  -0.438  64.863 0.4000000060
90496  50.631  -0.629  66.053 0.4000000060
90479  49.734  -0.713  67.274 0.4000000060
125352  49.390  -0.593  68.061 0.4000000060
92190  49.854  0.476  69.935 0.4000000060
91449  55.884  0.645  59.816 0.4000000060
129194  56.749  1.021  59.374 0.3000000119
92273  55.465  0.703  60.911 0.4000000060
92261  54.963  0.949  62.012 0.4000000060
92237  54.246  1.105  63.703 0.4000000060
91415  52.422  0.190  63.862 0.4000000060
91416  51.750  -0.218  64.136 0.4000000060
90509  50.367  -0.794  65.086 0.4000000060
90486  49.921  -0.802  66.505 0.4000000060
91388  48.818  -0.705  67.286 0.4000000060
91380  48.891  -0.245  68.608 0.4000000060
92204  48.874  0.349  69.194 0.5000000000
92262  54.013  0.561  62.381 0.4000000060
91422  53.178  0.291  62.675 0.4000000060
89605  53.175  -2.093  58.616 0.5000000000
75881  55.708  -17.552  75.197 0.2000000030
74924  55.313  -18.287  75.626 0.1000000015
84176  50.401  -8.072  68.792 0.3000000119
136428  49.738  -8.049  68.592 0.3000000119
84178  48.561  -8.053  68.150 0.3000000119
76855  56.402  -16.174  73.812 0.2000000030
75898  56.164  -16.815  74.105 0.2000000030
75890  55.763  -17.479  74.303 0.2000000030
73963  55.025  -18.813  74.058 0.1000000015
85043  51.794  -7.105  72.250 0.3000000119
85042  52.414  -6.796  71.837 0.3000000119
84163  51.063  -7.504  70.243 0.3000000119
84164  50.274  -7.505  69.944 0.3000000119
84194  49.376  -8.212  67.699 0.3000000119
84205  48.646  -8.170  67.186 0.3000000119
85125  47.924  -7.362  65.858 0.3000000119
85988  46.620  -6.359  65.570 0.3000000119
77827  56.492  -15.610  73.462 0.3000000119
75904  56.050  -16.682  73.430 0.2000000030
75899  55.693  -17.301  73.563 0.2000000030
74943  55.341  -18.068  73.765 0.1000000015
85928  52.655  -6.612  72.695 0.3000000119
125654  52.447  -7.258  70.601 0.3000000119
84175  51.180  -8.038  68.979 0.3000000119
85987  47.517  -6.504  65.599 0.3000000119
135713  47.230  -5.785  65.312 0.3000000119
78763  56.507  -14.558  72.745 0.3000000119
85911  54.780  -5.710  74.276 0.3000000119
137101  53.479  -6.116  73.108 0.3000000119
85937  53.382  -6.318  72.214 0.3000000119
85055  53.564  -6.845  70.834 0.3000000119
135730  46.122  -4.806  65.425 0.2000000030
79720  56.544  -13.672  72.661 0.3000000119
78785  56.479  -14.283  72.039 0.3000000119
85919  54.371  -5.608  73.744 0.3000000119
88612  45.426  -3.391  65.982 0.2000000030
85033  55.500  -6.054  73.989 0.3000000119
90481  46.437  -1.886  67.977 0.2000000030
89524  45.788  -2.251  67.416 0.2000000030
140156  45.039  -2.149  67.842 0.2000000030
84137  55.604  -7.246  73.690 0.3000000119
90457  46.915  -1.311  69.804 0.3000000119
128077  46.043  -1.236  70.341 0.3000000119
91368  48.600  -0.839  71.266 0.4000000060
91360  49.308  -0.418  72.044 0.4000000060
91341  49.821  0.254  72.801 0.6000000238
92155  50.872  0.496  72.510 0.5000000000
92154  51.411  0.816  72.228 0.5000000000
93029  50.726  1.221  71.129 0.5000000000
93039  49.860  1.218  70.327 0.6000000238
93881  50.294  1.973  70.576 0.6000000238
91434  54.465  0.142  61.391 0.4000000060
91435  53.583  -0.243  61.822 0.5000000000
92239  52.967  0.535  63.479 0.4000000060
148943  52.021  -0.608  62.638 0.4000000060
90518  50.387  -1.236  63.463 0.4000000060
135104  49.504  -1.447  64.028 0.4000000060
90487  48.861  -0.902  66.472 0.4000000060
91396  47.256  -0.696  66.472 0.4000000060
92217  47.425  0.329  67.691 0.5000000000
93052  47.529  0.927  68.083 0.6000000238
93890  49.619  2.164  69.767 0.6000000238
91450  54.920  -0.094  60.401 0.4000000060
91436  52.883  -0.384  62.154 0.4000000060
90527  52.286  -0.896  62.021 0.4000000060
90530  49.979  -1.812  62.829 0.4000000060
90519  49.570  -1.685  63.446 0.4000000060
124256  47.673  -1.531  64.942 0.4000000060
90498  47.221  -1.177  65.668 0.4000000060
91399  46.541  -0.551  65.935 0.5000000000
92218  46.849  0.925  67.374 0.6000000238
91463  55.251  -0.173  59.447 0.4000000060
90542  52.995  -0.905  61.395 0.4000000060
90555  54.477  -0.688  59.963 0.4000000060
90569  53.838  -1.509  59.033 0.5000000000
90557  53.000  -2.001  59.611 0.5000000000
77807  56.178  -15.547  75.207 0.2000000030
76845  56.014  -16.238  75.544 0.2000000030
76828  55.597  -16.672  76.198 0.2000000030
139087  56.296  -16.262  74.815 0.2000000030
75880  55.893  -16.860  75.653 0.2000000030
143491  55.518  -17.622  76.135 0.2000000030
84139  52.206  -7.655  72.558 0.3000000119
84140  51.391  -7.320  72.227 0.3000000119
85044  50.854  -7.281  71.915 0.3000000119
85045  50.130  -7.401  71.616 0.3000000119
85067  49.523  -7.339  70.716 0.3000000119
84177  48.909  -7.742  69.183 0.3000000119
85113  47.893  -7.835  66.778 0.3000000119
145794  56.481  -14.746  74.329 0.3000000119
75889  56.104  -16.959  74.841 0.2000000030
84138  53.233  -7.721  73.241 0.3000000119
85034  52.576  -7.010  73.140 0.3000000119
85035  51.981  -7.187  72.529 0.3000000119
85056  51.405  -7.064  71.713 0.3000000119
85057  50.588  -7.141  71.585 0.3000000119
85098  47.868  -7.965  67.913 0.3000000119
85126  46.877  -6.932  65.939 0.3000000119
78742  56.561  -14.804  73.649 0.3000000119
85025  53.603  -6.933  73.778 0.3000000119
85921  52.335  -6.897  72.833 0.3000000119
85989  45.773  -6.231  65.524 0.3000000119
146197  56.494  -13.369  73.412 0.3000000119
79697  56.502  -13.931  73.484 0.3000000119
84116  54.868  -7.795  74.570 0.3000000119
136984  54.737  -6.388  74.441 0.3000000119
87711  45.225  -4.657  65.458 0.2000000030
86826  44.681  -5.343  65.424 0.3000000119
84115  55.172  -8.380  74.462 0.3000000119
85013  54.995  -7.104  74.606 0.3000000119
88613  44.637  -3.194  66.323 0.2000000030
88629  44.055  -3.865  65.834 0.2000000030
81545  56.482  -12.163  72.919 0.3000000119
83279  55.927  -9.435  73.621 0.3000000119
84127  55.524  -8.439  74.013 0.3000000119
137608  55.271  -7.562  74.374 0.3000000119
90459  44.956  -1.738  69.408 0.2000000030
89525  44.302  -2.342  67.804 0.2000000030
88614  43.646  -3.373  66.490 0.2000000030
91369  47.389  -0.871  71.607 0.5000000000
92136  49.307  0.444  73.908 0.6000000238
92135  50.454  0.834  73.642 0.6000000238
92134  51.496  1.187  73.280 0.6000000238
92995  52.786  2.633  73.531 0.6000000238
93019  52.219  1.570  72.745 0.6000000238
93880  51.441  2.355  71.292 0.6000000238
93891  48.663  1.841  68.976 0.6000000238
93903  49.454  2.854  68.800 0.6000000238
77808  55.678  -16.114  75.805 0.2000000030
77809  54.863  -16.015  76.033 0.2000000030
77798  55.207  -16.564  76.677 0.2000000030
134370  56.500  -15.408  74.327 0.2000000030
83290  52.975  -8.492  72.678 0.3000000119
83296  52.338  -8.685  72.125 0.3000000119
84147  50.660  -7.464  72.016 0.3000000119
83298  50.208  -7.724  71.763 0.3000000119
84156  49.625  -7.682  71.403 0.3000000119
84157  48.997  -7.734  71.208 0.3000000119
85069  48.331  -7.526  70.129 0.3000000119
85082  48.034  -7.656  69.089 0.3000000119
84179  47.331  -7.852  68.813 0.3000000119
83281  54.645  -8.976  74.164 0.3000000119
83289  53.926  -8.901  73.279 0.3000000119
85114  47.080  -7.493  66.564 0.3000000119
85100  46.544  -7.853  67.139 0.3000000119
84129  54.281  -7.955  74.102 0.3000000119
85115  46.251  -7.430  66.374 0.3000000119
85127  45.858  -6.928  65.798 0.3000000119
85128  44.946  -7.230  65.756 0.3000000119
126088  56.481  -12.781  73.407 0.3000000119
84128  54.981  -8.712  74.526 0.3000000119
85990  45.004  -6.091  65.487 0.2000000030
85991  44.213  -6.005  65.447 0.2000000030
129815  43.771  -6.644  65.527 0.2000000030
82401  56.048  -10.246  74.036 0.3000000119
87713  43.668  -4.477  65.682 0.2000000030
87714  43.016  -4.830  65.792 0.2000000030
86829  42.308  -5.944  65.769 0.2000000030
131795  56.346  -11.245  73.647 0.3000000119
82407  56.295  -10.445  72.998 0.3000000119
90451  45.265  -1.581  70.362 0.3000000119
89526  43.645  -2.631  67.770 0.2000000030
88615  42.843  -3.669  66.814 0.2000000030
87701  41.810  -5.111  66.621 0.2000000030
92121  48.800  0.617  74.312 0.5000000000
90435  46.348  -1.357  73.020 0.4000000060
90437  45.014  -2.123  72.324 0.3000000119
93009  49.653  1.700  74.113 0.5000000000
94668  52.443  3.406  73.550 0.6000000238
94675  53.069  3.690  72.851 0.6000000238
94684  52.497  3.709  70.873 0.6000000238
94692  52.193  4.118  69.941 0.6000000238
93889  50.921  2.940  70.358 0.6000000238
78707  52.477  -15.300  76.773 0.2000000030
77799  54.192  -16.203  76.891 0.2000000030
78716  55.499  -15.487  75.426 0.2000000030
78729  55.976  -14.147  74.799 0.3000000119
78715  56.285  -14.773  74.788 0.3000000119
148397  55.970  -14.883  75.154 0.2000000030
134754  54.147  -9.938  72.982 0.3000000119
83295  53.327  -9.604  72.268 0.3000000119
137332  52.430  -9.727  71.455 0.3000000119
83297  50.914  -8.188  71.855 0.3000000119
83311  48.527  -8.174  70.894 0.3000000119
83312  48.112  -8.050  70.715 0.3000000119
125315  47.305  -8.114  69.576 0.3000000119
83288  54.609  -9.744  73.881 0.3000000119
84195  46.678  -8.057  68.107 0.3000000119
85101  45.865  -8.020  66.851 0.3000000119
130369  46.171  -8.229  67.541 0.3000000119
79677  56.394  -13.069  74.133 0.3000000119
145092  54.922  -10.289  74.293 0.3000000119
82408  54.611  -10.707  73.579 0.3000000119
85116  45.405  -7.639  66.217 0.3000000119
84206  45.169  -8.387  66.649 0.3000000119
80617  56.268  -12.262  74.222 0.3000000119
83280  55.068  -9.647  74.437 0.3000000119
132927  44.529  -8.002  66.045 0.2000000030
84215  43.674  -7.982  65.795 0.2000000030
84208  43.260  -8.650  66.014 0.2000000030
81541  56.353  -11.879  74.006 0.3000000119
83273  55.434  -9.650  74.345 0.3000000119
85992  42.879  -6.475  65.603 0.2000000030
85131  42.482  -7.303  65.699 0.2000000030
85132  41.670  -7.432  65.927 0.2000000030
85979  41.095  -6.747  66.387 0.2000000030
82395  56.039  -11.154  74.370 0.3000000119
89486  44.291  -2.474  71.790 0.3000000119
88579  42.965  -3.004  69.324 0.2000000030
88603  42.590  -3.486  67.714 0.2000000030
131585  41.236  -5.443  67.052 0.2000000030
86816  40.940  -6.037  66.799 0.2000000030
85102  40.391  -7.179  66.729 0.2000000030
93873  50.164  2.903  72.673 0.6000000238
92123  47.051  0.724  74.326 0.5000000000
90436  45.720  -1.724  72.770 0.4000000060
89487  43.595  -2.819  71.107 0.3000000119
87682  41.881  -4.287  69.271 0.2000000030
87683  41.468  -4.816  68.621 0.2000000030
86808  40.717  -5.958  67.559 0.2000000030
85955  40.140  -6.453  68.043 0.2000000030
94669  51.503  3.392  73.372 0.6000000238
88551  43.025  -3.616  71.550 0.3000000119
87656  41.939  -4.631  70.433 0.2000000030
87667  41.466  -5.074  69.802 0.2000000030
86774  41.034  -5.527  70.015 0.2000000030
77800  53.061  -15.763  76.272 0.2000000030
78694  51.987  -14.385  77.195 0.2000000030
79678  56.067  -13.216  74.618 0.3000000119
81552  53.551  -11.614  71.975 0.3000000119
82409  53.901  -10.716  72.452 0.3000000119
82413  53.192  -10.695  71.612 0.3000000119
82414  52.582  -10.769  71.009 0.3000000119
139597  51.501  -10.718  70.285 0.3000000119
78728  56.315  -14.075  74.336 0.3000000119
79679  55.722  -12.762  74.536 0.2000000030
80632  55.368  -12.197  74.340 0.3000000119
81547  54.314  -11.600  72.850 0.3000000119
83308  51.507  -9.210  71.261 0.3000000119
82424  51.041  -9.634  70.613 0.3000000119
82425  50.126  -9.556  70.362 0.3000000119
83310  49.263  -8.511  70.958 0.3000000119
83319  47.946  -8.801  70.376 0.3000000119
84180  46.768  -8.357  68.981 0.3000000119
84167  47.004  -8.766  69.623 0.3000000119
84181  46.095  -8.699  68.223 0.3000000119
80618  55.992  -12.173  74.573 0.3000000119
148376  55.576  -11.562  74.471 0.3000000119
82402  55.216  -11.079  74.362 0.3000000119
83329  45.685  -9.517  68.462 0.3000000119
83341  45.026  -9.070  67.201 0.2000000030
141192  45.292  -10.106  68.532 0.3000000119
81531  56.032  -11.703  74.446 0.3000000119
82397  55.467  -10.413  74.407 0.3000000119
83342  44.331  -9.518  67.097 0.2000000030
83343  43.578  -9.946  66.888 0.2000000030
83351  42.987  -9.469  66.288 0.2000000030
82473  42.694  -10.361  66.763 0.2000000030
82474  41.745  -10.355  66.604 0.2000000030
82396  55.774  -10.592  74.363 0.3000000119
84209  42.358  -8.743  65.919 0.2000000030
84211  40.972  -8.587  66.157 0.2000000030
83354  40.716  -9.318  66.362 0.2000000030
84197  39.629  -8.550  66.846 0.2000000030
85971  39.818  -7.151  67.491 0.2000000030
85103  39.342  -7.926  67.393 0.2000000030
94686  48.976  3.611  70.534 0.6999999881
93020  48.356  1.817  72.663 0.5000000000
90412  45.318  -1.498  73.986 0.4000000060
89470  44.488  -2.655  72.937 0.4000000060
86793  40.562  -5.920  68.583 0.2000000030
85943  40.028  -6.322  68.978 0.2000000030
85956  39.513  -6.771  68.396 0.2000000030
85957  38.832  -6.970  68.660 0.3000000119
94687  47.988  3.224  70.177 0.6999999881
93021  47.472  1.568  71.783 0.6000000238
92137  46.245  0.800  73.435 0.5000000000
91331  44.925  -0.838  74.120 0.4000000060
89460  43.916  -2.977  73.054 0.3000000119
132171  43.016  -3.630  72.151 0.3000000119
88566  41.202  -4.574  71.041 0.3000000119
87658  40.823  -5.236  70.444 0.4000000060
143178  40.411  -5.606  69.966 0.2000000030
92156  46.213  0.976  72.188 0.6000000238
92138  45.248  0.483  73.195 0.5000000000
144744  44.153  -0.948  73.945 0.4000000060
90423  43.493  -2.405  73.342 0.3000000119
127036  42.610  -2.209  73.173 0.3000000119
77821  54.429  -15.534  75.253 0.2000000030
77810  53.660  -15.820  75.758 0.2000000030
79685  45.091  -13.044  74.200 0.1000000015
142655  44.341  -13.214  74.051 0.1000000015
79704  47.030  -13.598  73.394 0.1000000015
79705  46.010  -13.594  73.548 0.1000000015
78749  44.901  -13.886  73.398 0.1000000015
79706  43.915  -13.675  73.614 0.1000000015
78750  43.435  -14.098  73.155 0.1000000015
78752  41.924  -13.752  73.206 0.1000000015
78774  40.555  -14.119  72.932 0.1000000015
77839  40.179  -14.873  72.176 0.1000000015
78777  37.782  -14.510  72.415 0.1000000015
77841  37.090  -15.133  71.967 0.2000000030
79728  47.502  -13.886  72.665 0.1000000015
79729  46.628  -14.076  72.705 0.1000000015
78748  45.731  -14.270  72.650 0.1000000015
78770  44.905  -14.535  72.415 0.1000000015
126681  44.112  -14.828  72.007 0.1000000015
78794  42.246  -14.993  71.968 0.1000000015
77837  41.502  -15.148  71.778 0.1000000015
77850  40.753  -15.375  71.455 0.1000000015
77852  38.889  -15.392  71.616 0.1000000015
77853  37.564  -15.595  71.107 0.1000000015
77875  36.783  -15.563  70.542 0.2000000030
78730  55.302  -14.703  74.909 0.2000000030
80645  53.782  -12.456  72.450 0.3000000119
81553  52.849  -11.614  71.257 0.3000000119
78769  47.137  -14.335  71.992 0.1000000015
124812  46.304  -14.451  71.928 0.1000000015
78793  45.211  -14.729  71.063 0.1000000015
143445  44.401  -14.904  71.117 0.1000000015
124359  43.540  -15.015  71.210 0.1000000015
77869  42.365  -15.272  70.811 0.1000000015
77871  41.089  -15.500  70.697 0.1000000015
77884  39.813  -15.504  69.940 0.1000000015
77885  38.880  -15.409  69.810 0.1000000015
142526  37.212  -15.270  69.697 0.2000000030
123908  55.571  -13.626  74.590 0.2000000030
79698  54.913  -13.103  74.095 0.3000000119
80644  54.575  -12.347  73.501 0.3000000119
80650  53.130  -12.388  71.687 0.3000000119
80651  52.370  -12.532  71.061 0.3000000119
81563  52.102  -11.434  70.579 0.3000000119
81569  51.311  -11.539  70.034 0.3000000119
82432  50.835  -10.590  69.925 0.3000000119
82433  49.992  -10.566  69.665 0.3000000119
139845  48.226  -9.726  69.858 0.3000000119
78810  46.485  -14.427  70.332 0.1000000015
78811  45.635  -14.539  70.316 0.1000000015
78825  45.197  -14.286  69.663 0.1000000015
78826  44.367  -14.418  69.598 0.1000000015
78827  42.932  -14.912  69.675 0.1000000015
78847  40.946  -14.355  68.872 0.1000000015
78830  40.366  -14.935  69.365 0.1000000015
78832  38.573  -14.846  69.102 0.1000000015
78833  37.704  -14.730  69.124 0.1000000015
82435  48.082  -10.734  69.417 0.3000000119
82436  47.562  -9.751  69.680 0.3000000119
82437  46.716  -9.848  69.311 0.3000000119
78824  46.077  -14.213  69.664 0.1000000015
79768  44.715  -13.845  69.072 0.1000000015
78845  43.150  -14.323  69.003 0.1000000015
79784  41.526  -13.781  68.509 0.1000000015
135347  40.673  -13.661  68.432 0.1000000015
79786  39.004  -13.426  68.341 0.1000000015
79787  38.233  -13.395  68.470 0.1000000015
79788  35.935  -13.082  68.569 0.1000000015
82445  45.896  -10.002  68.885 0.3000000119
81575  45.967  -10.546  68.920 0.3000000119
82446  45.336  -10.641  68.703 0.2000000030
81582  44.692  -11.358  68.576 0.2000000030
80686  44.394  -12.353  68.564 0.1000000015
80688  42.715  -12.965  68.325 0.1000000015
80705  41.025  -12.318  67.690 0.1000000015
80690  40.390  -12.931  68.000 0.1000000015
142660  39.362  -12.052  67.626 0.1000000015
80708  38.095  -11.800  67.901 0.1000000015
130006  37.270  -12.176  68.203 0.1000000015
131369  36.318  -12.266  68.402 0.2000000030
82461  44.152  -10.237  67.652 0.2000000030
81597  43.266  -11.390  67.836 0.2000000030
142094  42.783  -11.025  67.369 0.2000000030
81599  41.597  -11.649  67.452 0.2000000030
81600  40.687  -11.556  67.335 0.2000000030
81601  39.718  -11.374  67.346 0.1000000015
81603  38.212  -11.005  67.652 0.1000000015
82449  36.737  -10.531  68.174 0.2000000030
143740  36.002  -10.290  68.364 0.2000000030
82476  39.987  -9.933  66.714 0.2000000030
83345  38.597  -9.377  67.313 0.2000000030
84184  36.762  -8.978  68.323 0.1000000015
136702  36.345  -8.226  68.427 0.2000000030
84182  37.893  -8.059  68.366 0.1000000015
126819  38.081  -7.210  68.675 0.2000000030
85086  36.113  -7.357  68.530 0.2000000030
87668  39.712  -5.523  69.865 0.2000000030
86779  39.122  -5.923  69.475 0.3000000119
85945  38.453  -6.437  69.054 0.3000000119
85946  37.745  -6.032  69.057 0.3000000119
89473  41.592  -2.924  72.207 0.3000000119
88554  41.035  -3.483  71.502 0.4000000060
148776  40.180  -5.248  70.219 0.3000000119
130033  38.885  -5.207  69.704 0.4000000060
87670  38.020  -4.849  69.475 0.4000000060
93030  47.003  1.646  70.806 0.6000000238
92175  45.873  0.904  71.131 0.5000000000
132342  44.319  0.474  71.414 0.4000000060
92140  43.488  0.379  72.967 0.3000000119
91333  42.428  -0.518  73.473 0.3000000119
89462  41.741  -2.028  72.932 0.3000000119
74846  34.465  -18.862  81.898 0.1000000015
74863  33.094  -18.630  80.813 0.1000000015
74875  32.903  -18.614  79.352 0.1000000015
124020  34.708  -18.922  81.005 0.1000000015
74862  34.029  -18.769  80.322 0.1000000015
125371  33.755  -18.646  79.413 0.1000000015
74891  32.519  -18.508  78.561 0.1000000015
74892  31.627  -18.506  78.486 0.1000000015
75836  35.582  -17.799  78.510 0.1000000015
75837  34.732  -18.036  78.233 0.1000000015
74906  33.901  -18.272  77.966 0.1000000015
74908  32.125  -18.326  77.793 0.1000000015
75858  30.816  -17.974  77.129 0.1000000015
75875  30.307  -17.468  76.581 0.1000000015
76799  37.525  -16.240  78.601 0.1000000015
76800  36.732  -16.639  78.331 0.1000000015
75853  35.141  -17.324  77.813 0.1000000015
76822  34.665  -16.734  77.223 0.1000000015
75855  33.463  -17.745  77.373 0.1000000015
75873  32.156  -17.387  76.589 0.1000000015
76841  30.781  -16.870  75.979 0.1000000015
77773  37.527  -15.511  78.193 0.1000000015
77791  36.510  -15.377  77.413 0.1000000015
77792  35.729  -15.614  77.193 0.1000000015
76823  33.892  -17.024  76.905 0.1000000015
76839  32.575  -16.603  76.258 0.1000000015
76847  31.289  -16.127  75.614 0.1000000015
83249  49.251  -8.449  77.841 0.2000000030
78699  38.215  -14.270  77.843 0.1000000015
78701  36.822  -14.633  77.130 0.1000000015
77803  34.409  -15.234  76.508 0.2000000030
77804  33.639  -15.454  76.310 0.2000000030
77805  32.893  -15.751  76.075 0.1000000015
77814  32.463  -15.290  75.725 0.1000000015
129915  47.039  -11.150  75.592 0.2000000030
82387  46.487  -10.447  75.856 0.2000000030
79662  38.658  -13.530  76.627 0.1000000015
79663  37.812  -13.745  76.321 0.1000000015
140154  36.461  -14.240  76.474 0.2000000030
78711  34.652  -14.615  76.172 0.2000000030
78712  33.901  -14.751  76.099 0.2000000030
77813  33.109  -14.907  75.811 0.1000000015
78722  32.330  -14.651  75.361 0.1000000015
77801  52.328  -15.450  75.831 0.2000000030
80600  51.301  -12.586  77.028 0.2000000030
80609  48.206  -12.136  75.259 0.2000000030
80610  47.182  -11.895  75.115 0.2000000030
81521  46.303  -11.206  75.427 0.2000000030
81533  45.398  -11.153  75.223 0.2000000030
142087  39.069  -13.131  75.539 0.1000000015
79671  36.850  -13.757  75.070 0.2000000030
145847  36.125  -13.885  75.046 0.2000000030
133492  34.233  -14.244  75.146 0.2000000030
78735  33.440  -14.285  74.682 0.2000000030
78736  32.374  -14.275  74.712 0.2000000030
80620  48.669  -12.640  74.688 0.2000000030
80621  47.800  -12.609  74.616 0.2000000030
139900  45.060  -11.943  74.708 0.2000000030
131909  43.540  -11.752  74.459 0.1000000015
80623  42.808  -11.771  74.348 0.1000000015
80634  42.262  -12.138  74.073 0.1000000015
139626  41.023  -12.272  73.835 0.1000000015
79711  39.928  -12.570  73.726 0.1000000015
142258  39.065  -12.663  74.154 0.1000000015
78753  37.147  -13.696  73.498 0.2000000030
79713  36.481  -13.664  73.810 0.2000000030
78755  34.671  -14.304  73.450 0.2000000030
148444  34.135  -14.565  73.119 0.2000000030
80619  49.318  -12.743  74.836 0.2000000030
79683  47.444  -13.205  74.048 0.2000000030
79684  45.975  -12.760  74.339 0.1000000015
79708  42.242  -12.891  73.653 0.1000000015
79709  41.415  -12.855  73.573 0.1000000015
79730  41.205  -13.659  73.224 0.1000000015
79731  39.795  -13.265  73.339 0.1000000015
79733  38.378  -13.868  72.846 0.2000000030
131803  37.006  -14.294  72.753 0.2000000030
78779  35.373  -14.501  72.772 0.2000000030
78780  34.480  -14.717  72.664 0.2000000030
79702  48.776  -13.451  73.320 0.2000000030
129219  36.223  -15.542  71.093 0.2000000030
77857  33.899  -15.089  71.152 0.2000000030
78743  54.641  -14.134  74.186 0.2000000030
79699  54.002  -13.713  73.357 0.2000000030
78764  53.145  -14.135  72.831 0.2000000030
79723  52.548  -13.725  72.189 0.2000000030
79739  52.813  -13.061  71.754 0.2000000030
79740  51.976  -13.419  71.466 0.2000000030
79727  48.350  -13.742  72.598 0.2000000030
78768  47.926  -14.083  71.964 0.1000000015
78791  46.799  -14.428  71.181 0.1000000015
78835  35.920  -14.711  69.189 0.2000000030
77889  34.778  -14.913  69.813 0.2000000030
79722  53.430  -13.292  72.453 0.3000000119
147750  53.310  -12.824  72.010 0.3000000119
80669  50.934  -12.350  69.959 0.3000000119
81570  50.540  -11.556  69.626 0.3000000119
81571  49.655  -11.614  69.402 0.3000000119
82434  49.001  -10.449  69.589 0.3000000119
78822  47.754  -14.031  69.984 0.1000000015
78852  35.632  -13.987  68.751 0.2000000030
129218  35.150  -14.519  69.283 0.2000000030
81572  48.739  -11.686  69.261 0.3000000119
79765  47.763  -13.611  69.600 0.1000000015
78823  47.011  -14.052  69.744 0.1000000015
143192  34.551  -11.762  68.524 0.2000000030
79790  34.360  -13.317  68.750 0.2000000030
81573  47.869  -11.784  69.072 0.3000000119
80684  46.104  -12.024  68.727 0.2000000030
80675  45.836  -12.907  68.774 0.1000000015
82451  35.231  -10.516  68.414 0.2000000030
84185  35.976  -9.025  68.382 0.2000000030
83333  35.576  -9.716  68.369 0.2000000030
131303  34.689  -9.728  68.365 0.2000000030
142290  35.271  -7.190  68.448 0.2000000030
85087  34.441  -7.288  68.527 0.2000000030
86794  36.998  -5.951  68.797 0.3000000119
85960  35.657  -6.602  68.598 0.2000000030
139947  37.116  -4.579  69.299 0.3000000119
87671  36.191  -4.421  69.224 0.3000000119
86783  35.606  -5.153  68.972 0.3000000119
89463  40.773  -1.859  72.666 0.3000000119
89474  40.610  -2.588  71.861 0.4000000060
89488  39.334  -3.053  70.609 0.3000000119
87669  38.687  -4.303  69.781 0.4000000060
88582  36.781  -3.714  69.520 0.3000000119
88570  36.443  -2.838  69.923 0.3000000119
94695  47.576  3.692  69.397 0.6999999881
93893  46.616  2.641  69.428 0.6000000238
93032  45.815  1.316  70.151 0.5000000000
92177  43.470  0.465  71.348 0.4000000060
147141  42.213  0.757  72.101 0.4000000060
92142  41.138  0.537  72.488 0.3000000119
90425  40.320  -1.018  72.981 0.4000000060
91349  39.740  -0.305  72.884 0.4000000060
94709  46.496  3.683  68.348 0.6999999881
75786  32.218  -17.893  82.639 0.1000000015
74833  31.947  -18.080  81.761 0.1000000015
74819  32.971  -18.169  82.886 0.1000000015
74832  32.732  -18.334  82.112 0.1000000015
74849  31.381  -18.095  80.981 0.1000000015
74829  36.917  -18.852  82.131 0.1000000015
140214  33.167  -18.564  81.592 0.1000000015
124019  32.515  -18.628  80.119 0.1000000015
74876  31.955  -18.592  79.371 0.1000000015
74877  30.542  -18.323  79.437 0.1000000015
83223  46.534  -8.983  81.403 0.1000000015
74827  38.370  -18.327  82.188 0.1000000015
126312  37.726  -18.554  81.703 0.1000000015
74861  36.434  -18.715  80.702 0.1000000015
74873  35.435  -18.688  79.741 0.1000000015
128499  31.206  -18.526  79.092 0.1000000015
74911  30.090  -18.197  78.072 0.1000000015
83234  46.337  -9.264  80.229 0.1000000015
83233  46.954  -8.598  79.603 0.1000000015
125532  37.610  -17.671  79.915 0.1000000015
75820  37.178  -17.448  79.272 0.1000000015
75822  35.954  -18.222  79.252 0.1000000015
134562  29.950  -17.882  77.372 0.1000000015
76784  38.266  -16.134  79.137 0.1000000015
75834  37.171  -16.983  78.829 0.1000000015
76842  29.819  -16.804  76.092 0.1000000015
81510  48.196  -10.871  76.242 0.2000000030
78687  39.299  -14.276  78.869 0.1000000015
78688  38.563  -14.718  78.572 0.1000000015
76848  30.345  -16.121  75.573 0.1000000015
83250  48.077  -8.437  77.641 0.2000000030
82379  45.896  -9.722  76.125 0.2000000030
83267  44.943  -9.632  75.923 0.2000000030
82370  44.648  -10.306  76.940 0.2000000030
79646  40.699  -13.037  77.825 0.1000000015
123515  40.018  -13.292  77.950 0.1000000015
79648  38.873  -13.961  78.181 0.1000000015
78724  30.649  -14.477  74.975 0.1000000015
129139  30.751  -13.891  74.473 0.1000000015
82375  49.624  -10.454  76.998 0.2000000030
126657  45.616  -10.337  75.609 0.2000000030
82388  45.113  -9.740  75.761 0.2000000030
82380  44.534  -9.902  76.026 0.2000000030
81511  43.220  -11.035  75.824 0.2000000030
80602  42.742  -11.807  76.744 0.2000000030
80603  41.898  -12.332  76.557 0.2000000030
79653  40.194  -13.249  77.130 0.1000000015
125341  39.332  -13.506  77.500 0.1000000015
78737  31.455  -14.149  74.624 0.1000000015
81520  47.791  -11.446  75.691 0.2000000030
81522  44.807  -10.342  75.379 0.2000000030
81524  43.242  -10.761  75.031 0.2000000030
81512  42.466  -11.606  75.848 0.1000000015
123442  41.155  -12.478  75.797 0.1000000015
79669  39.835  -12.930  75.628 0.1000000015
147264  39.061  -12.934  74.754 0.1000000015
78758  31.771  -14.104  73.812 0.2000000030
79691  31.017  -13.726  74.030 0.1000000015
81508  50.393  -11.087  76.921 0.2000000030
81534  44.050  -11.312  74.703 0.2000000030
81536  42.634  -11.289  74.700 0.1000000015
81526  41.952  -11.612  74.700 0.1000000015
80626  40.471  -12.238  74.322 0.1000000015
125907  33.028  -14.637  73.156 0.2000000030
77822  53.372  -15.501  74.866 0.2000000030
77811  52.745  -15.570  75.365 0.2000000030
78708  51.687  -14.803  75.964 0.2000000030
79668  49.784  -13.172  74.664 0.2000000030
79681  49.197  -13.162  74.109 0.2000000030
78782  32.786  -14.735  72.359 0.2000000030
132496  32.284  -14.434  73.027 0.2000000030
131708  50.246  -13.611  74.470 0.2000000030
79700  50.336  -13.873  73.222 0.2000000030
79701  49.589  -13.593  73.232 0.2000000030
78796  33.347  -14.945  71.756 0.2000000030
78731  54.067  -15.032  74.466 0.2000000030
78744  53.607  -14.508  73.653 0.2000000030
78765  52.191  -14.320  72.753 0.2000000030
79725  50.150  -13.794  72.323 0.2000000030
79726  49.212  -13.678  72.451 0.2000000030
78837  32.749  -14.073  69.882 0.2000000030
146093  51.682  -13.004  70.861 0.3000000119
80660  51.622  -12.348  70.446 0.3000000119
80661  51.092  -12.944  70.490 0.3000000119
79742  50.487  -13.670  71.368 0.2000000030
78788  48.908  -13.908  70.957 0.2000000030
78808  48.152  -13.988  70.596 0.1000000015
78790  47.586  -14.222  71.268 0.1000000015
79771  33.216  -13.573  69.351 0.2000000030
80670  50.162  -12.445  69.682 0.3000000119
79762  49.897  -13.171  69.996 0.3000000119
79763  49.115  -13.455  69.906 0.2000000030
79754  48.854  -13.727  70.351 0.1000000015
81589  33.921  -11.188  68.496 0.2000000030
79791  33.714  -13.058  68.799 0.2000000030
80672  48.414  -12.488  69.242 0.3000000119
80673  47.644  -12.796  69.132 0.1000000015
83334  33.777  -9.750  68.437 0.2000000030
138280  34.067  -8.070  68.455 0.3000000119
132347  34.147  -8.884  68.396 0.2000000030
86796  35.058  -5.916  68.761 0.2000000030
139396  34.939  -6.648  68.546 0.2000000030
87672  35.238  -4.395  69.314 0.3000000119
87673  34.331  -4.425  69.510 0.3000000119
88583  35.819  -3.551  69.539 0.3000000119
142384  39.037  -0.668  72.902 0.4000000060
90438  39.150  -1.675  72.009 0.4000000060
90439  38.189  -1.479  72.036 0.3000000119
89490  37.047  -2.374  70.588 0.3000000119
89491  36.187  -2.187  70.748 0.3000000119
93906  46.150  2.839  68.783 0.6000000238
93043  44.697  1.056  69.391 0.5000000000
92192  43.240  0.393  70.236 0.4000000060
92178  42.485  0.506  71.282 0.3000000119
92162  40.621  0.823  71.753 0.2000000030
92143  40.259  0.486  72.400 0.4000000060
92144  38.961  -0.006  72.769 0.3000000119
91350  38.389  -0.597  72.900 0.4000000060
75798  31.066  -17.672  81.713 0.1000000015
147877  30.255  -17.970  80.124 0.1000000015
128137  29.790  -17.856  79.551 0.1000000015
83216  46.877  -8.828  82.390 0.1000000015
145255  47.312  -8.288  80.913 0.1000000015
75785  39.479  -17.496  82.355 0.1000000015
125281  38.906  -17.705  81.798 0.1000000015
74844  38.282  -18.145  81.524 0.1000000015
75838  29.542  -17.806  78.133 0.1000000015
83242  46.796  -8.691  78.371 0.1000000015
76760  39.706  -16.978  81.704 0.2000000030
127052  39.533  -16.537  80.860 0.2000000030
75809  38.392  -17.343  80.419 0.1000000015
75876  29.404  -17.330  76.803 0.1000000015
84098  48.007  -8.119  78.081 0.1000000015
76759  40.191  -16.176  81.281 0.2000000030
77742  39.929  -15.477  80.072 0.2000000030
76783  38.866  -15.998  79.506 0.1000000015
76849  29.309  -15.977  75.716 0.1000000015
78668  39.792  -14.730  79.544 0.1000000015
78669  39.113  -14.906  79.147 0.1000000015
82378  46.829  -9.786  76.397 0.2000000030
83260  47.357  -9.002  76.910 0.2000000030
83261  46.430  -9.169  76.795 0.2000000030
83254  45.283  -9.664  76.599 0.2000000030
82369  45.216  -10.023  77.481 0.2000000030
147574  41.144  -12.914  78.441 0.2000000030
78738  30.084  -13.894  74.712 0.1000000015
132768  43.561  -11.730  78.034 0.2000000030
81502  43.025  -11.979  77.619 0.2000000030
81492  42.817  -12.134  78.612 0.2000000030
80585  41.876  -12.553  78.700 0.2000000030
81509  49.604  -11.367  76.334 0.2000000030
140723  31.056  -13.908  73.328 0.1000000015
148582  50.754  -12.306  76.570 0.2000000030
78798  31.951  -14.528  72.073 0.2000000030
136126  31.232  -14.117  71.862 0.2000000030
79734  30.765  -13.832  72.556 0.2000000030
142893  50.539  -14.014  73.953 0.2000000030
78767  50.798  -14.035  72.728 0.2000000030
147624  31.767  -14.255  71.092 0.2000000030
79756  30.799  -13.179  70.771 0.2000000030
77828  53.054  -15.120  74.092 0.2000000030
77829  52.322  -15.019  73.981 0.2000000030
78745  52.650  -14.669  73.429 0.2000000030
78787  50.991  -13.914  72.140 0.2000000030
148040  31.454  -13.633  70.629 0.2000000030
81564  31.191  -11.518  69.839 0.2000000030
79724  51.719  -13.954  72.139 0.2000000030
79753  49.631  -13.603  70.624 0.2000000030
80677  32.197  -12.684  69.441 0.2000000030
79741  51.275  -13.664  71.647 0.2000000030
80652  51.189  -13.393  71.051 0.2000000030
79752  50.475  -13.333  70.599 0.2000000030
142093  50.528  -12.896  70.123 0.2000000030
81590  33.043  -11.218  68.631 0.2000000030
81576  32.384  -11.109  68.904 0.2000000030
82454  32.620  -10.491  68.709 0.2000000030
83321  32.244  -9.807  69.048 0.2000000030
137567  33.651  -6.776  68.873 0.3000000119
144348  33.304  -9.114  68.544 0.2000000030
87674  33.565  -4.798  69.630 0.3000000119
85947  33.694  -5.989  68.955 0.3000000119
88585  33.999  -3.778  69.923 0.3000000119
86797  34.302  -5.724  68.882 0.3000000119
89492  34.702  -2.245  70.976 0.3000000119
88584  34.853  -3.565  69.663 0.3000000119
90428  36.926  -1.048  72.927 0.3000000119
89478  35.954  -1.747  71.825 0.3000000119
94731  45.334  3.797  66.865 0.6999999881
93907  45.456  2.677  68.333 0.6000000238
144148  44.262  1.294  68.680 0.5000000000
92207  42.967  0.522  69.137 0.4000000060
92194  41.487  0.392  69.858 0.3000000119
148978  40.317  0.635  70.451 0.4000000060
92163  39.784  0.917  71.842 0.3000000119
134559  38.490  0.885  71.318 0.4000000060
92146  37.423  -0.099  72.774 0.3000000119
75810  29.714  -17.469  80.339 0.1000000015
82328  45.841  -9.625  81.780 0.1000000015
132626  40.486  -16.447  82.106 0.1000000015
84091  47.499  -8.279  78.118 0.2000000030
134666  42.728  -13.861  82.319 0.1000000015
77728  41.594  -15.252  82.085 0.1000000015
83259  48.311  -9.237  77.151 0.2000000030
83251  47.283  -8.625  77.489 0.2000000030
129670  42.002  -14.410  81.740 0.1000000015
78641  41.278  -14.883  81.256 0.1000000015
77741  40.513  -15.380  80.777 0.2000000030
77818  28.555  -15.382  75.802 0.1000000015
82376  48.644  -10.223  76.757 0.2000000030
83252  46.659  -8.835  77.437 0.2000000030
78654  40.893  -14.493  80.504 0.2000000030
78655  40.356  -14.884  80.123 0.2000000030
82377  47.746  -9.958  76.574 0.2000000030
133274  45.969  -9.231  76.854 0.2000000030
82361  44.711  -10.652  77.999 0.2000000030
138518  43.987  -11.409  79.349 0.2000000030
81477  43.460  -11.583  79.791 0.2000000030
79628  41.315  -13.049  79.892 0.2000000030
79629  40.720  -13.477  79.524 0.2000000030
82360  45.414  -10.146  78.477 0.1000000015
82350  44.695  -10.843  79.196 0.2000000030
81491  43.467  -11.724  78.986 0.2000000030
80570  41.809  -12.605  79.617 0.2000000030
79645  41.229  -12.977  79.170 0.2000000030
79692  30.327  -13.483  74.136 0.1000000015
79716  30.432  -13.583  73.353 0.1000000015
79659  50.650  -12.937  76.053 0.2000000030
79735  30.052  -13.266  72.455 0.1000000015
77812  51.970  -15.347  75.142 0.2000000030
79666  50.991  -13.952  75.525 0.2000000030
78718  50.715  -14.081  74.699 0.2000000030
80663  30.321  -12.327  70.862 0.1000000015
79745  30.172  -12.912  71.520 0.1000000015
77823  52.501  -15.328  74.616 0.2000000030
78717  51.334  -14.713  74.955 0.2000000030
78733  51.170  -14.524  74.120 0.2000000030
78747  51.001  -14.284  73.349 0.2000000030
81565  30.600  -11.563  70.448 0.2000000030
78732  51.817  -15.028  74.371 0.2000000030
78746  51.768  -14.657  73.508 0.2000000030
78766  51.418  -14.224  72.762 0.2000000030
82426  30.913  -10.831  70.155 0.2000000030
81577  31.847  -11.346  69.326 0.2000000030
82439  31.456  -10.762  69.648 0.2000000030
84159  31.506  -8.940  70.304 0.2000000030
142231  32.336  -7.680  69.475 0.2000000030
85072  31.903  -7.835  69.896 0.2000000030
85948  32.640  -6.382  69.691 0.2000000030
88574  32.878  -3.754  70.847 0.3000000119
87662  32.821  -4.933  70.037 0.3000000119
88556  33.088  -2.932  71.256 0.3000000119
90444  33.868  -1.250  72.619 0.3000000119
89493  33.828  -2.513  71.045 0.3000000119
94732  44.527  3.529  66.614 0.5000000000
93928  43.159  2.911  66.795 0.4000000060
93920  41.811  2.139  66.963 0.4000000060
93071  41.285  1.532  67.523 0.4000000060
91352  35.857  -0.498  72.980 0.3000000119
91364  35.106  -0.582  72.803 0.3000000119
90443  34.876  -1.204  72.744 0.3000000119
143443  44.865  3.204  67.294 0.6000000238
93918  43.557  2.441  67.356 0.4000000060
93055  42.626  0.957  68.254 0.4000000060
93056  41.699  0.908  68.163 0.4000000060
92210  40.222  0.509  68.925 0.4000000060
130946  38.898  0.640  69.686 0.4000000060
125615  37.215  0.874  70.210 0.4000000060
130187  36.118  0.620  71.366 0.3000000119
82329  45.204  -10.297  82.044 0.1000000015
81445  44.455  -10.941  81.916 0.1000000015
82338  45.589  -9.827  80.804 0.1000000015
82339  45.015  -10.401  81.217 0.1000000015
148139  44.556  -10.785  81.464 0.1000000015
81427  43.868  -11.558  81.889 0.1000000015
80527  42.820  -13.069  81.938 0.1000000015
80552  43.263  -11.921  81.112 0.1000000015
80526  43.337  -12.382  82.031 0.1000000015
79602  42.358  -13.489  81.487 0.1000000015
78653  41.603  -13.877  80.910 0.1000000015
139718  46.133  -9.364  78.960 0.1000000015
82349  45.473  -10.051  79.676 0.1000000015
127578  44.812  -10.569  80.327 0.1000000015
81460  44.328  -10.958  80.831 0.1000000015
81446  44.002  -11.258  81.286 0.1000000015
80554  41.913  -12.722  80.230 0.1000000015
83253  45.950  -9.392  77.645 0.2000000030
81476  44.135  -11.176  80.041 0.1000000015
81461  43.659  -11.468  80.541 0.1000000015
81462  42.854  -11.896  80.170 0.1000000015
127437  42.263  -12.321  80.034 0.2000000030
147586  42.942  -11.882  79.453 0.2000000030
85060  31.688  -8.246  70.479 0.1000000015
83299  31.072  -9.423  70.792 0.1000000015
85059  31.941  -7.425  70.641 0.1000000015
85073  31.754  -8.473  69.881 0.2000000030
86766  32.244  -5.124  71.610 0.2000000030
147522  32.256  -5.959  70.768 0.2000000030
131994  32.262  -3.964  72.083 0.2000000030
139082  32.449  -5.170  70.822 0.2000000030
139267  32.530  -5.723  70.145 0.2000000030
142366  32.756  -4.461  70.604 0.3000000119
91353  32.670  -0.769  72.970 0.2000000030
89465  33.074  -1.757  72.758 0.2000000030
90431  33.678  -0.932  72.760 0.3000000119
89480  33.467  -2.147  71.982 0.3000000119
94741  44.157  3.817  65.917 0.5000000000
94733  43.640  3.395  66.412 0.4000000060
93929  42.282  2.834  66.599 0.4000000060
93072  40.339  1.540  67.520 0.4000000060
92167  35.522  0.078  72.139 0.3000000119
92168  34.723  0.062  71.780 0.3000000119
92170  32.887  0.677  71.116 0.3000000119
93059  38.888  1.016  68.149 0.4000000060
145577  37.784  1.137  68.699 0.4000000060
93044  36.730  1.231  69.411 0.4000000060
142229  35.258  1.479  69.782 0.4000000060
148459  32.171  0.015  77.775 0.2000000030
89446  31.406  -2.560  75.832 0.2000000030
88538  31.609  -3.572  74.582 0.2000000030
87643  32.170  -4.698  72.198 0.2000000030
85929  32.110  -6.682  71.178 0.2000000030
92985  32.418  1.773  76.885 0.2000000030
92107  31.323  0.605  76.612 0.2000000030
90404  30.885  -1.099  75.178 0.2000000030
88544  31.962  -3.170  73.303 0.2000000030
92988  31.252  1.391  75.837 0.2000000030
92992  30.652  1.158  74.340 0.3000000119
91336  30.844  -0.108  74.182 0.2000000030
89466  32.467  -2.432  72.977 0.2000000030
92128  30.705  0.670  73.864 0.2000000030
91354  31.715  -0.357  73.039 0.2000000030
91334  32.114  -0.916  73.490 0.2000000030
92148  32.042  -0.013  72.290 0.2000000030
95503  42.806  4.315  65.193 0.4000000060
94735  41.886  3.565  66.171 0.3000000119
93931  40.469  3.048  66.649 0.4000000060
93923  39.045  2.360  67.211 0.4000000060
93034  34.169  1.420  70.195 0.3000000119
92185  33.590  1.015  70.618 0.3000000119
93932  39.546  3.001  66.800 0.4000000060
93075  37.709  1.897  67.781 0.4000000060
93909  36.522  2.264  68.197 0.4000000060
93894  35.244  1.914  69.040 0.4000000060
93845  31.651  2.358  75.334 0.3000000119
93847  30.731  1.965  74.071 0.3000000119
94659  30.861  3.054  73.078 0.3000000119
92150  30.830  0.947  73.068 0.2000000030
93025  30.630  1.901  71.961 0.2000000030
135363  31.030  2.167  71.402 0.2000000030
94743  41.947  4.280  65.588 0.3000000119
94736  41.090  3.519  66.342 0.3000000119
93895  34.432  2.413  69.191 0.4000000060
93045  33.922  2.032  69.684 0.3000000119
93886  32.481  2.411  70.212 0.3000000119
94737  39.902  3.567  66.503 0.3000000119
93896  33.646  2.794  69.322 0.3000000119
94671  30.824  3.289  72.297 0.3000000119
93877  30.821  2.655  71.754 0.2000000030
93876  31.179  2.718  71.055 0.2000000030
94698  32.646  3.769  69.687 0.3000000119
94688  32.267  3.216  70.261 0.3000000119
126269  48.968  -10.954  76.410 0.2000000030
81519  48.779  -11.604  75.847 0.2000000030
81518  49.531  -11.973  75.810 0.2000000030
82368  49.157  -9.574  77.322 0.2000000030
80601  50.249  -11.990  76.264 0.2000000030
79667  50.346  -13.391  75.132 0.2000000030
80594  50.922  -11.725  77.064 0.2000000030
94710  45.875  3.355  68.057 0.6999999881
95442  52.806  4.357  71.914 0.6000000238
94677  51.207  4.007  71.980 0.6000000238
94678  49.600  3.243  71.425 0.6000000238
94676  52.510  4.089  72.619 0.6000000238
91389  47.418  -0.286  67.273 0.4000000060
148353  47.321  1.494  67.651 0.6000000238
90520  48.887  -1.739  63.959 0.4000000060
90528  51.564  -1.129  62.460 0.4000000060
95502  43.752  4.185  65.213 0.5000000000
85080  53.487  -7.588  68.574 0.3000000119
129033  54.577  -6.838  68.404 0.3000000119
85122  51.006  -7.152  65.820 0.3000000119
86813  53.553  -6.094  65.806 0.3000000119
86822  51.420  -5.509  65.459 0.3000000119
135733  48.677  -5.299  65.464 0.3000000119
86811  55.131  -5.425  66.601 0.3000000119
87708  51.145  -4.848  65.531 0.3000000119
84145  56.359  -7.759  71.390 0.3000000119
88622  51.012  -3.947  65.770 0.3000000119
142540  49.359  -3.416  66.783 0.3000000119
87706  53.500  -4.685  65.065 0.3000000119
87718  53.036  -3.881  64.807 0.3000000119
88599  50.432  -3.037  67.234 0.3000000119
89505  50.413  -2.426  68.628 0.3000000119
89506  49.263  -2.438  68.406 0.3000000119
131227  57.129  -0.872  68.054 0.3000000119
89518  56.926  -1.336  68.304 0.3000000119
89503  57.103  -1.623  68.734 0.3000000119
89530  51.492  -2.257  66.843 0.3000000119
90484  57.096  -0.575  67.416 0.3000000119
92223  57.020  1.224  65.606 0.3000000119
93102  56.750  2.060  62.912 0.4000000060
93090  56.635  2.327  63.993 0.4000000060
93084  56.622  2.162  64.750 0.3000000119
91403  57.419  1.099  65.071 0.3000000119
92227  56.735  1.689  65.190 0.3000000119
85081  52.752  -7.883  68.297 0.3000000119
84192  51.951  -8.114  68.076 0.3000000119
84203  50.901  -8.167  66.893 0.3000000119
139797  48.320  -6.610  65.614 0.3000000119
76861  56.211  -16.164  73.005 0.2000000030
74953  55.199  -17.874  73.205 0.2000000030
139796  48.314  -4.562  65.593 0.3000000119
85936  55.126  -5.688  71.087 0.3000000119
86760  54.936  -4.803  73.498 0.3000000119
86773  56.000  -4.252  71.084 0.3000000119
85953  55.199  -6.229  68.541 0.3000000119
86791  55.710  -5.431  68.558 0.3000000119
133092  48.302  -3.471  66.446 0.2000000030
144661  47.549  -4.559  65.462 0.2000000030
86764  56.293  -4.512  72.306 0.3000000119
86777  55.654  -5.475  69.472 0.3000000119
134016  56.151  -4.359  70.297 0.3000000119
86806  56.136  -4.806  68.198 0.3000000119
89523  46.722  -2.319  67.432 0.2000000030
89522  47.594  -2.516  67.552 0.2000000030
87654  56.561  -3.903  71.166 0.3000000119
87681  56.587  -3.339  70.064 0.3000000119
131647  56.678  -3.015  69.150 0.3000000119
134882  56.401  -3.887  68.951 0.3000000119
87697  55.575  -4.450  66.328 0.3000000119
87696  56.265  -3.936  67.050 0.3000000119
87704  55.064  -4.388  65.618 0.3000000119
89521  48.525  -2.697  67.692 0.2000000030
145803  47.386  -1.565  69.267 0.2000000030
90468  47.941  -1.808  68.897 0.2000000030
126240  56.809  -2.258  68.689 0.3000000119
87690  56.565  -3.736  68.043 0.3000000119
88618  55.689  -3.586  65.766 0.3000000119
87717  53.993  -3.984  64.848 0.3000000119
88619  54.837  -3.892  65.198 0.3000000119
88620  52.418  -3.261  64.979 0.3000000119
90455  49.214  -1.750  69.524 0.3000000119
89539  56.650  -1.286  66.559 0.3000000119
134048  56.042  -2.496  65.604 0.3000000119
88632  54.598  -3.255  64.776 0.3000000119
88634  52.962  -3.067  64.665 0.3000000119
89541  52.058  -2.577  65.329 0.3000000119
89519  51.439  -2.068  68.280 0.3000000119
89548  53.347  -2.398  64.530 0.3000000119
89542  51.730  -1.812  66.038 0.3000000119
89549  52.619  -2.404  64.812 0.3000000119
90477  51.522  -1.447  67.801 0.3000000119
124862  51.296  -1.318  69.581 0.4000000060
91405  55.993  0.960  64.868 0.4000000060
92228  55.996  1.912  64.726 0.4000000060
91393  51.222  -0.725  66.454 0.3000000119
91385  51.265  -0.937  67.279 0.4000000060
92229  54.429  0.981  64.050 0.4000000060
93092  55.217  1.805  63.570 0.4000000060
93123  57.019  1.490  60.589 0.3000000119
92247  54.463  1.341  62.973 0.4000000060
136429  51.124  -8.264  67.876 0.3000000119
145022  51.963  -7.502  69.981 0.3000000119
135731  46.991  -4.990  65.255 0.2000000030
77835  56.416  -15.358  72.845 0.2000000030
88627  45.791  -3.970  65.588 0.2000000030
85903  55.000  -6.230  74.484 0.3000000119
139737  45.547  -2.831  66.576 0.2000000030
85023  55.216  -6.594  74.359 0.3000000119
90469  46.767  -1.645  68.813 0.2000000030
90449  47.767  -1.122  70.535 0.3000000119
143509  49.130  -1.279  70.302 0.3000000119
90448  50.455  -1.237  70.267 0.4000000060
91358  50.715  0.181  71.368 0.4000000060
90504  55.483  -0.379  64.540 0.3000000119
90505  54.384  -0.551  64.277 0.4000000060
134158  53.845  -1.528  64.321 0.3000000119
91371  51.164  -0.912  70.053 0.4000000060
92188  50.569  -0.422  70.547 0.5000000000
91407  53.820  0.365  64.175 0.4000000060
91408  52.717  0.135  64.294 0.4000000060
130383  53.187  0.400  64.205 0.4000000060
91387  50.685  -0.691  68.038 0.4000000060
91372  50.057  -0.146  69.504 0.4000000060
91379  50.442  -0.539  68.850 0.4000000060
92174  50.908  0.446  71.442 0.5000000000
92231  52.984  0.605  64.018 0.4000000060
92238  53.419  0.748  63.760 0.4000000060
91409  51.195  -0.523  65.492 0.4000000060
91417  51.001  -0.567  64.449 0.4000000060
133230  48.340  -0.457  67.703 0.4000000060
92248  53.623  0.846  63.232 0.4000000060
91424  51.866  -0.373  63.276 0.4000000060
90517  51.172  -0.779  63.399 0.4000000060
123381  50.067  -1.154  64.185 0.4000000060
132019  49.470  -1.000  65.576 0.4000000060
91395  48.035  -0.774  66.940 0.4000000060
91381  47.961  -0.146  67.961 0.4000000060
92205  48.114  0.340  68.356 0.5000000000
93051  48.219  0.960  68.809 0.6000000238
91423  52.457  -0.092  62.884 0.4000000060
74933  55.396  -18.212  74.615 0.1000000015
124189  51.448  -7.231  70.907 0.3000000119
85066  49.984  -7.295  71.169 0.3000000119
135712  46.374  -5.636  65.403 0.3000000119
85912  54.194  -6.247  74.080 0.3000000119
88628  44.905  -3.893  65.677 0.2000000030
89535  44.883  -2.547  67.128 0.2000000030
90458  45.902  -1.431  69.470 0.2000000030
89509  44.622  -2.039  68.573 0.2000000030
135448  46.677  -1.111  70.916 0.3000000119
91361  48.061  -0.533  72.423 0.5000000000
92120  49.873  0.962  74.145 0.5000000000
93028  51.672  1.285  71.889 0.6000000238
126626  48.640  -1.428  64.805 0.4000000060
90488  47.881  -1.081  66.275 0.4000000060
76810  55.228  -17.003  77.172 0.2000000030
75846  55.039  -17.484  77.416 0.2000000030
133267  51.745  -8.747  71.738 0.3000000119
85058  49.382  -7.499  71.169 0.3000000119
85068  48.963  -7.392  70.496 0.3000000119
85099  47.164  -7.772  67.590 0.3000000119
86825  45.525  -5.479  65.414 0.3000000119
134974  44.561  -6.685  65.545 0.3000000119
86827  43.759  -5.252  65.523 0.2000000030
89536  43.986  -2.664  66.985 0.2000000030
139035  55.506  -9.305  74.178 0.3000000119
89510  43.723  -2.436  68.701 0.2000000030
88602  43.254  -3.045  67.279 0.2000000030
87699  43.236  -4.062  66.096 0.2000000030
91362  47.046  -0.907  72.770 0.4000000060
90450  46.469  -1.263  72.094 0.3000000119
131532  45.688  -1.495  71.419 0.3000000119
91327  48.353  -0.095  74.220 0.5000000000
92119  51.019  1.528  74.182 0.5000000000
92996  52.414  2.028  73.685 0.6000000238
129644  51.636  2.805  74.042 0.6000000238
93871  53.106  3.226  72.542 0.6000000238
84158  48.597  -7.666  70.850 0.3000000119
85070  47.754  -7.724  69.825 0.3000000119
85129  44.144  -7.340  65.646 0.2000000030
142102  43.512  -5.991  65.552 0.2000000030
85130  43.310  -7.309  65.591 0.2000000030
86814  42.348  -5.308  66.057 0.2000000030
87700  42.418  -4.492  66.531 0.2000000030
85993  41.964  -6.605  65.841 0.2000000030
140333  44.879  -1.919  71.280 0.3000000119
129079  44.224  -2.137  69.392 0.3000000119
142516  42.277  -4.051  67.301 0.2000000030
87693  41.670  -4.686  67.421 0.2000000030
86815  41.625  -5.852  66.294 0.2000000030
91319  47.901  0.133  74.503 0.5000000000
92998  48.688  1.130  74.287 0.5000000000
92997  49.814  1.275  74.174 0.5000000000
90411  46.000  -1.281  73.949 0.4000000060
91344  46.586  -1.097  73.634 0.5000000000
134612  45.110  -2.194  73.152 0.4000000060
93010  48.550  1.530  73.960 0.5000000000
93866  49.368  2.120  73.500 0.5000000000
93865  50.585  2.474  73.934 0.6000000238
134404  50.697  -8.568  71.427 0.3000000119
83309  50.061  -8.484  71.263 0.3000000119
84166  47.613  -8.251  70.209 0.3000000119
144464  45.494  -9.153  67.829 0.3000000119
81546  54.894  -11.573  74.036 0.3000000119
84216  42.881  -8.003  65.723 0.2000000030
132668  43.922  -8.507  66.169 0.2000000030
83350  43.757  -9.153  66.484 0.2000000030
84217  42.187  -7.958  65.735 0.2000000030
85117  40.830  -7.778  66.266 0.2000000030
84210  41.567  -8.259  65.944 0.2000000030
89497  43.618  -2.602  69.907 0.2000000030
89471  43.604  -3.122  72.325 0.3000000119
88592  42.414  -3.525  68.740 0.2000000030
88563  43.020  -3.364  70.500 0.2000000030
87692  41.924  -4.026  68.126 0.2000000030
86807  41.093  -5.380  68.038 0.2000000030
85970  40.458  -6.546  67.105 0.2000000030
93882  48.460  2.810  71.011 0.6999999881
93874  48.973  2.446  72.042 0.6000000238
92999  47.751  1.136  74.236 0.5000000000
92114  46.678  0.031  74.434 0.4000000060
145995  46.429  0.472  74.180 0.5000000000
93000  47.046  1.144  73.814 0.5000000000
88580  42.413  -3.822  69.899 0.2000000030
86792  41.006  -5.472  69.149 0.2000000030
88564  42.491  -4.183  71.002 0.3000000119
87657  41.447  -5.055  70.578 0.2000000030
88565  41.977  -4.650  71.211 0.2000000030
82423  51.941  -10.253  70.738 0.3000000119
83317  49.425  -9.627  70.147 0.3000000119
83328  46.340  -9.194  69.018 0.3000000119
81532  55.799  -11.209  74.465 0.3000000119
83330  44.922  -9.724  67.937 0.2000000030
82447  44.688  -10.495  68.365 0.2000000030
83352  42.116  -9.648  66.264 0.2000000030
82462  43.409  -10.670  67.455 0.2000000030
82463  42.098  -11.034  67.086 0.2000000030
82464  41.239  -10.958  66.970 0.2000000030
82475  40.894  -10.208  66.572 0.2000000030
144815  41.389  -9.720  66.352 0.2000000030
83353  41.504  -9.051  66.116 0.2000000030
85118  40.021  -7.833  66.784 0.2000000030
83355  39.990  -9.137  66.570 0.2000000030
83344  39.342  -9.283  66.902 0.2000000030
85083  39.090  -7.396  68.061 0.3000000119
84198  38.925  -8.633  67.317 0.1000000015
85104  38.621  -8.029  67.874 0.3000000119
93012  46.857  1.171  72.666 0.5000000000
90413  44.620  -1.631  73.879 0.4000000060
91330  45.874  -0.731  74.220 0.4000000060
90422  44.289  -2.368  73.451 0.3000000119
85944  39.338  -6.449  69.068 0.3000000119
93883  47.573  2.300  70.665 0.6999999881
93892  47.240  2.855  69.749 0.6999999881
93022  46.630  1.247  71.458 0.6000000238
92157  45.551  0.688  72.291 0.5000000000
92124  45.796  0.146  74.055 0.4000000060
92125  44.975  -0.026  73.716 0.3000000119
89461  43.162  -3.116  72.743 0.3000000119
89472  42.509  -3.511  72.172 0.3000000119
138986  42.350  -2.808  72.655 0.3000000119
88553  41.905  -3.993  71.631 0.3000000119
87659  40.258  -4.627  70.499 0.4000000060
92159  43.819  0.487  72.261 0.4000000060
91332  43.238  -0.362  73.533 0.3000000119
90424  42.052  -1.194  73.398 0.3000000119
79658  51.351  -13.695  76.489 0.2000000030
136338  44.263  -12.342  74.409 0.1000000015
80633  43.522  -12.661  74.095 0.1000000015
79707  43.099  -13.321  73.636 0.1000000015
79703  47.918  -13.479  73.346 0.2000000030
144343  46.672  -13.273  74.043 0.1000000015
139330  44.170  -14.332  72.870 0.1000000015
78771  43.606  -14.525  72.537 0.1000000015
78772  42.448  -14.476  72.662 0.1000000015
78751  42.701  -13.883  73.233 0.1000000015
78773  41.553  -14.539  72.615 0.1000000015
77838  40.925  -14.900  72.203 0.1000000015
78775  39.648  -14.184  72.782 0.1000000015
77851  39.777  -15.437  71.489 0.1000000015
77840  39.349  -14.881  72.184 0.1000000015
138975  38.995  -14.232  72.631 0.1000000015
78795  38.044  -15.233  71.758 0.1000000015
137829  36.246  -15.287  71.722 0.2000000030
78778  36.247  -14.720  72.445 0.2000000030
77854  36.784  -15.501  71.300 0.1000000015
143152  45.516  -14.598  71.823 0.1000000015
147129  44.846  -14.767  71.691 0.1000000015
126036  43.129  -14.848  72.062 0.1000000015
77849  42.727  -15.118  71.302 0.1000000015
130441  42.023  -15.291  71.302 0.1000000015
77872  40.232  -15.649  70.715 0.1000000015
77873  39.186  -15.712  70.746 0.1000000015
144269  37.587  -15.526  70.296 0.1000000015
77876  35.794  -15.459  70.497 0.2000000030
79721  54.194  -13.014  73.103 0.3000000119
78792  45.989  -14.522  71.104 0.1000000015
78812  44.777  -14.652  70.345 0.1000000015
78813  43.816  -14.829  70.267 0.1000000015
77868  42.957  -15.111  70.544 0.1000000015
77882  41.531  -15.281  70.095 0.1000000015
77881  42.275  -15.181  70.224 0.1000000015
77883  40.718  -15.419  70.013 0.1000000015
78831  39.458  -14.932  69.209 0.1000000015
77886  38.042  -15.266  69.720 0.1000000015
78834  36.750  -14.630  69.096 0.1000000015
78809  47.309  -14.256  70.459 0.1000000015
139110  43.650  -14.526  69.483 0.1000000015
79769  43.926  -14.053  68.992 0.1000000015
78828  42.035  -14.885  69.577 0.1000000015
147206  42.474  -14.530  69.114 0.1000000015
78829  41.227  -14.898  69.466 0.1000000015
78848  40.048  -14.291  68.797 0.1000000015
78846  41.777  -14.432  68.949 0.1000000015
78850  38.262  -14.196  68.707 0.1000000015
139487  36.461  -13.846  68.688 0.1000000015
78851  37.396  -13.865  68.652 0.1000000015
79767  45.546  -13.691  69.154 0.1000000015
79780  44.991  -13.063  68.717 0.1000000015
79781  44.158  -13.270  68.696 0.1000000015
79782  43.333  -13.546  68.637 0.1000000015
79783  42.431  -13.867  68.623 0.1000000015
80689  41.280  -13.049  68.120 0.1000000015
143478  41.999  -13.220  68.270 0.1000000015
79785  39.778  -13.565  68.357 0.1000000015
80692  38.108  -12.547  68.224 0.1000000015
80691  39.445  -12.755  67.985 0.1000000015
80707  38.749  -12.276  67.864 0.1000000015
78849  39.107  -14.220  68.605 0.1000000015
143077  37.577  -12.964  68.441 0.1000000015
79789  35.060  -13.199  68.601 0.2000000030
80693  35.360  -12.265  68.508 0.2000000030
81574  46.363  -11.020  68.970 0.3000000119
137756  45.568  -11.269  68.775 0.2000000030
80685  45.230  -12.141  68.683 0.2000000030
80687  43.565  -12.662  68.426 0.1000000015
81583  43.821  -11.788  68.307 0.2000000030
80704  42.025  -12.436  67.875 0.1000000015
81584  42.978  -12.126  68.101 0.1000000015
80706  40.107  -12.186  67.617 0.1000000015
81602  38.839  -11.580  67.549 0.1000000015
81585  37.412  -11.230  67.964 0.1000000015
81586  36.612  -11.466  68.252 0.1000000015
82450  35.987  -10.966  68.385 0.2000000030
139969  35.304  -11.364  68.484 0.2000000030
82448  43.995  -10.990  68.104 0.2000000030
81598  42.465  -11.620  67.629 0.2000000030
82465  40.361  -10.792  66.981 0.2000000030
133576  39.642  -10.599  67.092 0.2000000030
82467  38.376  -10.178  67.446 0.1000000015
82466  39.138  -10.040  67.092 0.1000000015
83331  37.131  -9.660  68.072 0.1000000015
83346  37.855  -9.503  67.693 0.1000000015
84199  38.189  -8.722  67.749 0.1000000015
84183  37.478  -8.853  68.075 0.2000000030
136867  37.147  -8.334  68.389 0.2000000030
142418  35.572  -8.459  68.370 0.2000000030
85085  37.128  -7.519  68.569 0.3000000119
85959  36.599  -6.670  68.668 0.3000000119
130130  39.530  -4.843  70.081 0.3000000119
86780  38.283  -5.661  69.365 0.4000000060
86781  37.444  -5.394  69.199 0.3000000119
88567  40.234  -3.573  70.875 0.4000000060
87660  39.424  -3.907  70.262 0.3000000119
88581  37.748  -3.940  69.598 0.4000000060
93031  46.381  1.509  70.491 0.5000000000
92191  45.163  0.803  70.328 0.5000000000
140651  44.233  0.530  70.377 0.4000000060
91345  42.777  0.470  72.908 0.3000000119
92160  42.846  0.668  72.298 0.4000000060
92141  42.094  0.669  72.605 0.3000000119
123749  41.164  -1.068  73.204 0.3000000119
74847  33.853  -18.729  81.311 0.1000000015
74831  33.588  -18.563  82.236 0.1000000015
74845  35.326  -19.007  81.642 0.1000000015
74890  33.414  -18.502  78.613 0.1000000015
141321  35.622  -18.900  80.660 0.1000000015
124021  36.210  -18.899  81.435 0.1000000015
123815  34.605  -18.694  79.534 0.1000000015
74889  34.277  -18.479  78.742 0.1000000015
74888  35.140  -18.451  78.935 0.1000000015
75835  36.487  -17.478  78.823 0.1000000015
76801  35.961  -17.018  78.087 0.1000000015
75854  34.320  -17.587  77.543 0.1000000015
74907  33.036  -18.351  77.840 0.1000000015
75856  32.582  -17.851  77.245 0.1000000015
75874  31.241  -17.476  76.517 0.1000000015
76798  38.064  -15.476  78.621 0.1000000015
77774  36.994  -15.881  77.938 0.1000000015
76820  36.257  -16.202  77.703 0.1000000015
76821  35.455  -16.470  77.491 0.1000000015
75872  33.029  -17.198  76.765 0.1000000015
77790  37.209  -15.114  77.703 0.1000000015
78689  37.850  -14.909  78.074 0.1000000015
77793  34.932  -15.840  76.980 0.1000000015
76837  34.176  -16.121  76.692 0.1000000015
76838  33.384  -16.362  76.484 0.1000000015
77816  30.934  -15.317  75.321 0.1000000015
79655  38.003  -13.958  77.110 0.1000000015
79654  38.587  -13.807  77.489 0.1000000015
78700  37.556  -14.475  77.452 0.1000000015
78702  36.020  -14.808  76.873 0.2000000030
78709  37.268  -14.113  76.775 0.1000000015
77802  35.189  -15.005  76.688 0.2000000030
78723  31.540  -14.624  75.182 0.1000000015
82386  47.346  -10.629  76.042 0.2000000030
79661  39.583  -13.242  76.458 0.1000000015
126325  38.320  -13.469  75.750 0.1000000015
140142  37.013  -13.838  76.032 0.1000000015
78719  36.221  -13.954  75.770 0.2000000030
78710  35.521  -14.319  76.205 0.2000000030
79672  35.541  -14.048  75.392 0.2000000030
78720  34.833  -14.277  75.626 0.2000000030
78721  33.634  -14.445  75.471 0.2000000030
127269  32.980  -14.445  75.234 0.2000000030
80622  46.142  -11.951  74.880 0.2000000030
145421  44.590  -10.990  75.030 0.2000000030
79670  37.657  -13.614  75.440 0.1000000015
79686  38.388  -13.244  74.739 0.1000000015
130916  36.991  -13.547  74.190 0.2000000030
140141  37.529  -13.509  74.658 0.2000000030
79714  35.863  -13.757  73.899 0.2000000030
79690  34.963  -14.074  74.887 0.2000000030
79715  35.164  -13.988  74.111 0.2000000030
78734  34.369  -14.160  74.349 0.2000000030
78756  33.724  -14.429  73.653 0.2000000030
78757  32.760  -14.346  73.900 0.2000000030
126583  49.074  -12.271  75.302 0.2000000030
134933  46.889  -12.639  74.496 0.2000000030
81535  43.308  -11.091  74.706 0.1000000015
80624  42.067  -11.787  74.387 0.1000000015
80635  41.650  -12.172  73.948 0.1000000015
80625  41.242  -12.032  74.237 0.1000000015
80637  39.774  -12.379  73.995 0.1000000015
79710  40.587  -12.866  73.540 0.1000000015
79712  39.201  -12.772  73.663 0.1000000015
140198  38.482  -12.937  73.849 0.1000000015
130602  38.009  -13.438  73.437 0.1000000015
147003  37.655  -13.889  72.957 0.2000000030
78754  36.211  -14.020  73.249 0.2000000030
131739  35.466  -14.089  73.500 0.2000000030
78781  33.655  -14.773  72.676 0.2000000030
79682  48.323  -13.103  74.038 0.2000000030
79732  39.071  -13.491  73.092 0.1000000015
77843  34.957  -15.090  72.058 0.2000000030
77844  34.150  -15.123  71.971 0.2000000030
79680  49.947  -13.527  73.930 0.2000000030
132642  35.107  -15.400  70.790 0.2000000030
77855  35.514  -15.394  71.377 0.2000000030
78815  33.693  -14.828  70.367 0.2000000030
124279  33.144  -14.830  70.900 0.2000000030
143663  48.255  -14.022  71.318 0.1000000015
124207  33.560  -14.332  69.668 0.2000000030
79764  48.385  -13.725  69.943 0.1000000015
79770  33.952  -13.804  69.053 0.2000000030
136151  47.214  -10.807  69.202 0.3000000119
79766  46.392  -13.567  69.224 0.1000000015
80674  46.695  -12.790  68.895 0.1000000015
80694  34.426  -12.619  68.597 0.2000000030
81588  34.673  -11.062  68.478 0.2000000030
80671  49.243  -12.675  69.484 0.3000000119
125233  46.988  -11.898  68.862 0.3000000119
135882  34.838  -8.163  68.329 0.2000000030
85961  34.332  -6.368  68.707 0.2000000030
86782  36.568  -5.217  68.999 0.3000000119
86795  36.057  -5.910  68.781 0.2000000030
145238  40.157  -1.445  72.673 0.4000000060
88555  39.779  -2.538  71.368 0.4000000060
90426  39.550  -1.168  72.759 0.4000000060
88568  38.467  -3.253  70.121 0.4000000060
89475  38.647  -2.291  71.033 0.4000000060
89489  37.846  -2.565  70.516 0.4000000060
88569  37.396  -3.099  69.974 0.3000000119
94696  46.840  3.311  69.053 0.6999999881
148714  45.617  2.200  68.934 0.6000000238
93053  44.935  1.877  68.621 0.5000000000
92161  41.604  0.737  71.774 0.3000000119
91348  40.678  -0.208  73.033 0.4000000060
148717  39.541  0.451  72.416 0.4000000060
74864  32.209  -18.394  80.899 0.1000000015
74865  31.693  -18.474  80.237 0.1000000015
125568  30.452  -17.691  80.936 0.1000000015
124574  37.038  -18.650  81.170 0.1000000015
74878  29.928  -18.161  78.763 0.1000000015
74871  37.017  -18.363  80.330 0.1000000015
75797  37.837  -18.143  80.846 0.1000000015
75821  36.773  -18.031  79.566 0.1000000015
75819  37.793  -16.926  79.318 0.1000000015
125287  38.534  -16.629  79.826 0.1000000015
79630  40.015  -13.889  79.191 0.1000000015
79647  39.628  -13.664  78.425 0.1000000015
77817  30.009  -15.291  75.286 0.1000000015
83262  45.561  -9.622  76.342 0.2000000030
82371  43.991  -10.620  76.384 0.2000000030
81500  44.094  -11.050  77.466 0.2000000030
80596  41.503  -12.727  77.713 0.2000000030
134824  40.481  -13.308  78.667 0.1000000015
82389  44.562  -10.060  75.599 0.2000000030
82381  43.998  -10.430  75.532 0.2000000030
81501  43.441  -11.385  77.002 0.2000000030
80595  42.344  -12.349  77.675 0.2000000030
80604  41.004  -12.900  76.866 0.2000000030
81523  44.004  -10.561  75.101 0.2000000030
81525  42.547  -11.179  75.098 0.1000000015
81513  41.849  -11.752  75.365 0.1000000015
80612  40.445  -12.521  75.204 0.1000000015
80608  49.858  -12.609  75.412 0.2000000030
80611  41.175  -11.976  74.795 0.1000000015
78783  31.476  -14.190  72.767 0.2000000030
78797  32.547  -14.694  71.437 0.2000000030
79743  49.559  -13.783  71.516 0.2000000030
78789  48.714  -13.860  71.792 0.2000000030
78816  32.508  -14.434  70.590 0.2000000030
129700  32.407  -13.376  69.616 0.2000000030
80676  32.932  -12.782  69.116 0.2000000030
139612  48.464  -13.216  69.502 0.2000000030
83335  32.903  -9.751  68.560 0.2000000030
142406  33.576  -12.086  68.657 0.2000000030
132580  33.490  -7.595  68.746 0.3000000119
147734  35.483  -2.048  71.039 0.3000000119
88571  35.412  -2.688  70.188 0.3000000119
90440  37.271  -1.381  72.243 0.3000000119
133862  37.731  -1.019  72.863 0.3000000119
140553  37.741  -0.547  72.904 0.3000000119
89476  37.629  -1.918  71.259 0.4000000060
89477  36.752  -1.747  71.480 0.3000000119
93916  45.333  3.126  67.796 0.6999999881
92206  43.869  0.704  69.302 0.4000000060
92193  42.342  0.367  70.021 0.4000000060
92179  41.766  0.456  70.771 0.4000000060
92181  39.999  0.878  71.108 0.3000000119
92164  38.902  0.736  72.137 0.3000000119
92145  38.221  0.051  72.696 0.3000000119
75796  39.020  -17.190  81.048 0.1000000015
76769  39.930  -15.964  80.597 0.2000000030
141075  38.962  -16.756  80.453 0.1000000015
77729  40.886  -15.697  81.659 0.1000000015
76770  39.349  -16.160  80.079 0.1000000015
77755  39.320  -15.478  79.555 0.1000000015
78667  40.449  -14.172  79.865 0.2000000030
81490  44.127  -11.336  78.508 0.2000000030
80662  30.989  -12.349  70.209 0.2000000030
79772  31.566  -13.099  69.970 0.2000000030
80678  31.663  -12.185  69.569 0.2000000030
80695  32.503  -11.919  69.036 0.2000000030
84168  32.503  -8.906  68.807 0.2000000030
128276  32.112  -8.324  69.387 0.2000000030
139504  31.675  -10.032  69.566 0.2000000030
83322  31.800  -9.140  69.515 0.2000000030
85071  32.873  -7.120  69.243 0.2000000030
141313  33.124  -5.620  69.538 0.3000000119
85088  32.711  -8.009  69.021 0.2000000030
87661  33.293  -4.189  70.160 0.3000000119
88573  33.543  -3.355  70.543 0.3000000119
88572  34.373  -2.996  70.317 0.3000000119
89479  34.247  -1.769  71.855 0.3000000119
141136  35.164  -1.702  71.925 0.3000000119
92147  36.617  -0.335  72.915 0.3000000119
91351  37.074  -0.725  73.031 0.3000000119
90441  36.458  -1.344  72.536 0.3000000119
90442  35.699  -1.278  72.744 0.3000000119
139314  35.429  -0.941  73.134 0.3000000119
141654  44.274  2.659  67.500 0.6000000238
93054  43.524  1.134  68.443 0.4000000060
92208  42.054  0.427  68.977 0.4000000060
92209  41.145  0.499  68.926 0.4000000060
92196  39.734  0.617  70.017 0.4000000060
138323  39.011  0.805  70.566 0.4000000060
92165  37.941  0.578  72.113 0.3000000119
126253  38.138  0.755  70.158 0.4000000060
92166  36.958  0.397  72.051 0.3000000119
79616  41.051  -13.662  80.198 0.2000000030
80653  29.758  -12.175  71.483 0.1000000015
81554  29.961  -11.505  71.006 0.1000000015
148906  31.253  -10.279  69.995 0.2000000030
128443  32.250  -7.131  69.849 0.2000000030
89481  32.774  -2.628  72.117 0.3000000119
94722  44.001  3.052  67.013 0.5000000000
94734  42.790  3.377  66.253 0.3000000119
93919  42.699  2.252  67.134 0.4000000060
93930  41.409  2.886  66.615 0.4000000060
93921  40.875  2.231  67.038 0.4000000060
93057  40.751  0.944  68.153 0.4000000060
91363  36.210  0.104  72.472 0.3000000119
91365  34.244  -0.581  72.397 0.3000000119
93058  39.811  0.922  68.131 0.4000000060
92211  39.302  0.604  68.908 0.4000000060
92212  38.356  0.810  68.954 0.4000000060
92213  37.546  0.974  69.285 0.4000000060
92197  36.427  1.007  70.323 0.4000000060
92198  35.648  1.079  70.411 0.4000000060
80540  42.730  -12.695  81.319 0.1000000015
79614  42.117  -13.032  80.816 0.1000000015
80553  42.535  -12.424  80.592 0.1000000015
139413  32.199  -5.877  71.479 0.2000000030
88548  32.324  -3.282  72.481 0.2000000030
88557  32.578  -3.443  71.612 0.2000000030
87644  31.939  -4.081  72.900 0.2000000030
87648  32.470  -4.357  71.363 0.2000000030
143913  32.556  -1.494  73.356 0.2000000030
148924  33.213  -1.221  72.972 0.3000000119
91366  33.085  -0.229  72.078 0.3000000119
93073  39.415  1.573  67.556 0.4000000060
93922  39.941  2.256  67.065 0.4000000060
129698  35.220  0.699  71.150 0.3000000119
92184  34.401  0.739  70.841 0.3000000119
92169  33.828  0.241  71.424 0.3000000119
143538  32.264  0.459  71.608 0.2000000030
93074  38.526  1.724  67.659 0.4000000060
93061  37.198  1.579  68.496 0.4000000060
140788  37.126  2.187  67.936 0.4000000060
93063  35.904  1.409  69.602 0.4000000060
93062  36.173  1.728  68.770 0.4000000060
93033  34.900  1.226  70.332 0.4000000060
90395  31.472  -1.203  77.048 0.2000000030
91314  31.281  -0.322  76.932 0.2000000030
92981  32.011  1.031  77.225 0.2000000030
90400  31.228  -1.792  75.489 0.2000000030
90398  31.314  -1.746  76.351 0.2000000030
90401  30.893  -1.229  75.837 0.2000000030
88545  31.699  -3.808  73.768 0.2000000030
138763  31.614  -2.988  74.083 0.2000000030
89448  31.424  -2.615  74.929 0.2000000030
92986  31.721  1.422  76.627 0.2000000030
91315  30.968  -0.875  76.378 0.2000000030
91317  30.693  -0.598  75.665 0.2000000030
92989  30.650  0.894  75.154 0.2000000030
91321  31.123  -0.878  74.471 0.2000000030
92111  30.613  0.123  75.407 0.2000000030
90403  31.327  -1.654  74.747 0.2000000030
89456  31.630  -2.197  74.324 0.2000000030
89455  32.004  -2.291  73.688 0.2000000030
92991  31.026  1.676  74.858 0.3000000119
92115  30.652  0.380  74.636 0.2000000030
91335  31.448  -0.579  73.790 0.2000000030
125345  31.783  -1.393  73.991 0.2000000030
92127  31.120  0.187  73.431 0.2000000030
92149  31.329  0.442  72.621 0.2000000030
93023  31.936  1.196  70.994 0.2000000030
92171  31.556  0.758  71.806 0.2000000030
95493  40.481  3.881  66.273 0.3000000119
94723  38.725  3.149  66.969 0.4000000060
93924  38.120  2.597  67.405 0.4000000060
93035  33.532  1.658  70.141 0.2000000030
92186  32.796  1.579  70.464 0.2000000030
93036  32.053  1.950  70.585 0.2000000030
140694  39.220  3.737  66.628 0.4000000060
148463  37.425  2.522  67.641 0.4000000060
93911  34.903  2.787  68.588 0.4000000060
93852  31.057  2.730  73.780 0.3000000119
93853  30.703  2.228  73.299 0.2000000030
93014  30.681  1.701  72.759 0.2000000030
93013  30.974  1.211  72.265 0.2000000030
93885  33.187  2.218  69.862 0.3000000119
93897  32.881  2.962  69.705 0.3000000119
94689  31.507  3.507  70.716 0.3000000119
88705  56.552  -3.763  56.145 0.2000000030
86904  55.024  -5.875  55.535 0.3000000119
86905  54.210  -5.614  55.569 0.2000000030
98583  40.894  9.145  66.199 0.4000000060
90604  55.723  -1.615  56.096 0.4000000060
90592  55.034  -1.756  56.904 0.4000000060
89642  56.112  -1.911  55.597 0.4000000060
90602  56.859  -1.328  56.801 0.4000000060
88715  56.347  -3.371  55.319 0.4000000060
89641  56.612  -2.790  56.068 0.2000000030
91482  56.632  -0.517  57.297 0.3000000119
87795  55.634  -4.049  54.330 0.3000000119
87787  53.740  -4.696  54.789 0.2000000030
86906  53.221  -5.410  55.623 0.2000000030
86907  52.169  -5.246  55.738 0.2000000030
86893  51.867  -5.895  56.296 0.1000000015
140015  51.030  -5.263  55.971 0.1000000015
86895  48.986  -5.675  56.127 0.1000000015
86896  47.974  -5.836  56.138 0.1000000015
125627  42.407  7.216  73.769 0.2000000030
143573  42.592  7.142  72.016 0.2000000030
96969  42.057  7.234  73.008 0.2000000030
95513  42.698  4.961  64.677 0.3000000119
89630  53.341  -2.187  57.678 0.4000000060
89629  53.983  -2.188  56.884 0.4000000060
90582  54.018  -1.618  58.190 0.4000000060
142978  54.480  -2.378  55.077 0.4000000060
87794  55.990  -3.839  54.613 0.3000000119
86915  54.697  -4.882  54.807 0.2000000030
87789  51.643  -4.609  55.065 0.2000000030
87790  50.627  -4.619  54.970 0.1000000015
138018  49.146  -5.147  55.370 0.1000000015
86910  47.283  -5.773  55.417 0.1000000015
86909  48.341  -5.337  55.265 0.1000000015
86918  47.663  -5.440  54.451 0.1000000015
86926  46.564  -5.763  53.284 0.2000000030
86079  45.735  -6.351  53.753 0.2000000030
86087  44.536  -6.796  51.848 0.2000000030
86096  44.836  -6.526  51.167 0.2000000030
89606  52.334  -2.416  58.953 0.4000000060
126549  53.147  -2.449  56.936 0.4000000060
89644  53.565  -2.421  56.056 0.4000000060
125933  54.254  -2.462  54.010 0.4000000060
88732  54.419  -3.035  52.815 0.3000000119
87806  54.772  -3.421  53.307 0.3000000119
87807  54.245  -3.574  53.003 0.3000000119
87808  53.406  -3.777  52.814 0.3000000119
87797  54.743  -4.097  53.830 0.3000000119
87798  53.060  -4.303  54.005 0.3000000119
87799  52.199  -4.390  54.288 0.3000000119
87800  51.404  -4.331  53.778 0.3000000119
87788  52.647  -4.623  55.039 0.2000000030
87801  50.306  -4.530  53.904 0.1000000015
86916  48.975  -4.973  54.697 0.1000000015
86917  48.478  -5.107  54.150 0.1000000015
88726  41.928  -4.228  53.838 0.1000000015
86925  47.305  -5.368  52.926 0.2000000030
86932  46.662  -5.820  52.250 0.2000000030
139364  42.224  -4.064  53.118 0.1000000015
86095  45.272  -6.582  51.258 0.2000000030
138061  42.423  -3.590  52.708 0.1000000015
86940  44.408  -6.108  51.198 0.2000000030
86941  43.741  -5.983  51.752 0.2000000030
89619  51.699  -2.748  58.424 0.4000000060
89631  52.599  -2.550  57.360 0.4000000060
89645  52.436  -2.627  56.551 0.4000000060
124223  53.163  -2.355  54.216 0.4000000060
124477  53.874  -2.480  53.088 0.4000000060
89673  53.063  -2.278  52.992 0.4000000060
89686  53.416  -2.570  52.493 0.4000000060
140777  53.816  -3.264  52.505 0.3000000119
88740  52.941  -2.701  51.964 0.4000000060
87816  52.649  -3.706  52.285 0.3000000119
148038  51.992  -4.039  52.680 0.3000000119
142196  50.793  -4.355  53.122 0.3000000119
87810  50.161  -4.502  52.939 0.2000000030
129444  48.611  -4.853  53.169 0.2000000030
87791  41.440  -4.059  54.698 0.1000000015
148488  47.976  -5.014  52.763 0.2000000030
86085  45.850  -6.309  52.625 0.2000000030
87822  42.719  -4.660  52.611 0.2000000030
87821  43.310  -4.970  51.951 0.2000000030
89674  52.240  -2.364  52.919 0.5000000000
89687  52.894  -2.406  52.320 0.5000000000
123821  52.358  -2.442  52.004 0.4000000060
88741  52.586  -3.250  51.646 0.4000000060
87817  52.009  -3.794  51.917 0.3000000119
87825  51.777  -3.311  51.359 0.4000000060
137919  43.639  -4.192  51.654 0.2000000030
88742  42.973  -3.944  52.139 0.2000000030
136655  44.311  -4.396  51.103 0.2000000030
89693  42.882  -2.184  52.890 0.2000000030
88752  50.526  -3.370  50.624 0.3000000119
87838  48.199  -4.589  49.481 0.3000000119
87829  48.316  -4.805  50.278 0.3000000119
124722  46.698  -5.895  50.471 0.2000000030
86103  46.035  -6.338  50.786 0.2000000030
89721  50.084  -3.050  50.353 0.3000000119
134835  49.006  -4.094  49.316 0.3000000119
86946  47.214  -5.462  49.777 0.3000000119
86104  45.511  -6.271  50.615 0.2000000030
86953  47.382  -4.944  48.897 0.2000000030
86954  46.436  -5.476  49.323 0.2000000030
86948  45.741  -5.909  49.980 0.2000000030
87830  44.617  -5.408  50.743 0.2000000030
87839  45.821  -5.453  49.517 0.2000000030
89703  42.887  -2.924  52.307 0.2000000030
144482  44.569  -3.750  50.741 0.2000000030
88749  44.036  -3.337  51.358 0.2000000030
89717  43.570  -2.626  51.813 0.2000000030
89722  49.323  -2.996  49.565 0.3000000119
88760  48.838  -3.482  49.049 0.4000000060
88766  48.312  -3.525  48.008 0.4000000060
87845  46.793  -4.824  48.598 0.2000000030
87851  47.534  -4.197  48.158 0.3000000119
88754  45.513  -4.781  49.628 0.2000000030
90631  42.708  -1.964  53.759 0.1000000015
90623  43.438  -1.468  54.277 0.2000000030
88748  44.876  -4.604  50.379 0.2000000030
142900  44.048  -0.925  54.815 0.2000000030
89732  48.360  -2.292  48.652 0.4000000060
90630  43.530  -1.478  53.366 0.1000000015
94804  41.011  4.166  59.064 0.3000000119
89739  48.509  -2.963  47.606 0.4000000060
88775  48.147  -3.227  47.307 0.4000000060
87853  46.540  -4.502  48.544 0.2000000030
90637  43.769  -1.422  52.463 0.2000000030
88767  47.816  -3.584  47.545 0.3000000119
89716  44.090  -2.268  51.235 0.2000000030
137959  43.371  -2.164  52.251 0.2000000030
88761  45.959  -4.059  49.055 0.2000000030
88762  45.532  -2.918  49.490 0.3000000119
92305  44.480  0.512  55.011 0.3000000119
92299  44.133  0.333  56.002 0.2000000030
93152  44.090  1.372  56.274 0.3000000119
90652  47.826  -1.454  48.566 0.4000000060
90658  48.394  -1.432  47.306 0.4000000060
94813  41.861  3.891  57.840 0.4000000060
94803  41.771  3.761  58.806 0.3000000119
88776  47.735  -3.160  47.055 0.3000000119
91501  44.133  -0.899  53.908 0.2000000030
94802  42.503  3.156  58.480 0.3000000119
137562  47.311  -3.750  47.656 0.3000000119
88769  46.671  -3.841  48.122 0.4000000060
90644  43.821  -1.750  51.790 0.2000000030
134916  44.951  -2.606  50.109 0.2000000030
125032  44.515  -2.881  50.672 0.2000000030
93159  44.457  1.261  55.514 0.3000000119
94001  43.837  2.260  56.230 0.3000000119
95562  40.299  4.756  58.347 0.3000000119
90664  48.228  -1.347  46.453 0.4000000060
95561  41.152  4.467  58.149 0.3000000119
95572  40.365  5.156  57.293 0.4000000060
88777  47.426  -2.761  46.781 0.4000000060
89753  47.900  -2.030  46.250 0.4000000060
143925  46.163  -3.187  48.798 0.3000000119
94002  42.859  3.461  56.758 0.3000000119
94812  42.510  3.496  57.567 0.3000000119
94000  44.208  1.959  55.760 0.3000000119
94819  43.490  3.044  56.131 0.3000000119
92352  48.212  0.321  46.635 0.4000000060
91554  48.001  -0.842  46.076 0.4000000060
91548  47.178  -0.484  46.423 0.4000000060
91540  46.092  -0.316  48.230 0.4000000060
90648  44.530  -0.914  50.680 0.3000000119
90665  46.948  -1.415  46.605 0.4000000060
91539  46.607  -0.448  47.169 0.4000000060
89742  46.384  -1.980  48.174 0.4000000060
89734  45.124  -1.893  49.744 0.3000000119
89725  44.548  -1.814  50.505 0.3000000119
95571  41.282  4.661  57.175 0.4000000060
95580  40.595  5.334  56.415 0.4000000060
96319  39.821  5.901  56.188 0.4000000060
89741  46.855  -2.367  47.078 0.4000000060
89733  45.843  -2.166  48.959 0.3000000119
95570  42.073  4.106  56.991 0.4000000060
95579  41.515  4.794  56.421 0.4000000060
91494  44.400  -0.197  54.441 0.3000000119
94826  43.129  3.903  55.951 0.3000000119
95578  42.357  4.328  56.293 0.4000000060
93165  44.530  1.362  54.656 0.3000000119
94009  44.434  2.064  55.163 0.3000000119
94065  48.117  2.265  46.470 0.4000000060
93217  47.553  1.270  46.591 0.4000000060
94062  47.779  2.089  46.482 0.4000000060
92345  46.482  1.335  47.700 0.4000000060
90636  44.227  -0.914  51.762 0.2000000030
91506  44.153  -0.749  52.949 0.3000000119
97116  39.864  6.305  56.137 0.4000000060
97887  39.674  6.783  56.540 0.4000000060
146666  39.989  6.056  55.825 0.4000000060
91505  44.531  -0.081  53.512 0.3000000119
144794  41.007  5.332  55.879 0.4000000060
96318  40.348  5.844  55.682 0.5000000000
94010  44.052  2.640  55.616 0.3000000119
135243  44.666  1.498  53.769 0.3000000119
94017  44.611  2.153  54.383 0.3000000119
94824  44.361  2.920  54.898 0.3000000119
94825  43.761  3.435  55.473 0.3000000119
99366  38.285  9.379  60.705 0.4000000060
146088  38.349  8.846  60.212 0.4000000060
99378  38.904  9.119  60.049 0.6000000238
94060  48.585  2.857  46.826 0.4000000060
127845  39.310  8.595  59.418 0.6000000238
98653  39.568  8.148  58.649 0.6000000238
93212  47.161  1.777  46.970 0.4000000060
92346  45.816  0.652  48.581 0.4000000060
97858  39.879  7.753  57.938 0.6000000238
97875  39.276  7.131  57.089 0.4000000060
91522  44.689  -0.247  50.508 0.3000000119
97874  40.272  7.503  57.107 0.5000000000
91511  44.487  -0.028  51.704 0.3000000119
127955  44.449  0.041  52.538 0.3000000119
97122  40.213  6.291  55.665 0.4000000060
95587  41.782  5.056  55.811 0.5000000000
96329  41.137  5.728  55.249 0.5000000000
92316  44.645  0.844  53.028 0.3000000119
92311  44.650  0.631  54.074 0.3000000119
95585  43.453  4.377  55.169 0.5000000000
96328  42.111  5.425  55.185 0.5000000000
148000  44.829  1.596  53.028 0.3000000119
146247  44.696  2.795  54.190 0.3000000119
94833  44.096  3.755  54.896 0.3000000119
99358  38.520  10.412  61.030 0.3000000119
100108  39.236  10.621  60.562 0.4000000060
100107  39.832  10.439  60.115 0.5000000000
144105  47.300  2.647  47.364 0.4000000060
99377  39.843  9.487  59.788 0.5000000000
98642  40.141  8.765  59.162 0.6000000238
93204  46.710  2.027  47.652 0.4000000060
93197  46.283  1.834  48.570 0.4000000060
98652  41.385  8.823  58.077 0.6000000238
134191  40.241  8.338  58.542 0.6000000238
92333  45.264  0.996  49.884 0.4000000060
93190  44.947  0.929  50.787 0.4000000060
97873  41.078  8.127  57.488 0.6000000238
147982  44.683  0.630  51.415 0.3000000119
92321  44.613  0.715  52.062 0.3000000119
97886  40.277  6.931  56.058 0.6000000238
93178  44.810  1.360  52.348 0.3000000119
94024  45.046  1.971  52.699 0.4000000060
134422  40.681  6.234  55.181 0.5000000000
95593  42.837  5.091  55.038 0.5000000000
96337  42.483  5.706  54.390 0.5000000000
132051  41.191  6.284  54.732 0.5000000000
139129  44.863  2.270  53.532 0.3000000119
94843  45.014  3.181  53.736 0.4000000060
94832  44.554  3.546  54.340 0.3000000119
96336  43.354  5.240  54.426 0.5000000000
100853  39.564  11.236  60.244 0.3000000119
94053  47.937  3.216  46.893 0.5000000000
99365  39.157  9.900  60.443 0.4000000060
94048  47.567  3.261  47.779 0.5000000000
94041  46.244  2.124  49.186 0.4000000060
141921  40.765  8.840  58.688 0.6000000238
99376  40.635  9.503  59.215 0.6000000238
94035  45.690  2.022  50.636 0.4000000060
93184  44.855  1.170  51.603 0.4000000060
94034  46.240  2.813  50.959 0.4000000060
93183  45.260  1.560  51.152 0.4000000060
97885  41.112  7.731  56.688 0.6999999881
93177  45.117  1.756  51.958 0.4000000060
94028  45.342  2.356  52.372 0.4000000060
97121  41.228  6.707  54.589 0.6000000238
94023  45.241  2.774  53.018 0.5000000000
94851  45.782  3.287  52.411 0.5000000000
96338  41.633  6.029  54.487 0.6999999881
94842  45.408  3.844  53.153 0.5000000000
95600  44.905  4.248  53.736 0.5000000000
95592  44.173  4.578  54.313 0.5000000000
96335  43.893  5.526  53.675 0.5000000000
97130  42.000  6.378  53.494 0.6999999881
96346  44.619  5.388  53.209 0.5000000000
95628  48.870  4.305  47.825 0.5000000000
94872  48.019  4.030  48.274 0.6000000238
94873  47.101  3.058  49.109 0.5000000000
94040  46.308  2.457  50.037 0.4000000060
94865  46.917  3.375  50.290 0.5000000000
97892  41.355  7.262  54.587 0.6999999881
140695  46.168  3.228  51.688 0.5000000000
97131  41.552  6.645  53.910 0.6999999881
95606  45.851  4.611  52.449 0.6000000238
97139  42.376  6.791  52.388 0.6999999881
95599  45.294  4.978  52.931 0.6000000238
96347  43.056  6.112  53.372 0.6000000238
96356  43.940  6.287  52.539 0.6000000238
134033  45.475  5.787  51.985 0.6000000238
96355  44.568  6.257  52.184 0.6000000238
95622  49.227  4.774  48.627 0.5000000000
96367  49.074  5.827  49.677 0.6000000238
94864  47.647  4.133  49.501 0.5000000000
95623  48.565  4.692  48.842 0.6000000238
95615  47.287  4.458  50.491 0.6000000238
96368  48.264  5.918  50.134 0.6999999881
94858  46.667  3.791  51.170 0.6000000238
95610  46.888  4.934  51.253 0.6000000238
97157  47.968  6.434  50.638 0.6999999881
94850  46.324  4.188  51.881 0.6000000238
95605  46.236  5.441  51.719 0.6000000238
96362  46.862  6.099  51.184 0.6000000238
96354  46.053  6.407  51.744 0.6999999881
132864  45.441  6.744  52.060 0.6999999881
97158  47.149  6.516  51.258 0.6000000238
96984  42.507  7.058  72.554 0.2000000030
96991  43.251  6.858  72.534 0.2000000030
147952  50.790  -4.275  52.446 0.3000000119
87819  50.356  -4.286  51.903 0.3000000119
87820  49.455  -4.538  51.568 0.2000000030
86931  47.575  -5.214  51.926 0.2000000030
86094  45.943  -6.424  51.624 0.2000000030
86938  47.492  -5.371  50.807 0.2000000030
89688  51.354  -2.444  52.752 0.5000000000
89697  52.253  -2.828  51.518 0.4000000060
89712  50.651  -2.979  50.779 0.3000000119
88747  51.107  -3.269  51.028 0.3000000119
126334  52.775  -2.462  55.493 0.4000000060
123993  52.236  -2.376  54.001 0.4000000060
89731  48.738  -3.017  48.551 0.4000000060
91475  56.487  0.053  58.089 0.4000000060
90581  55.100  -1.154  57.726 0.4000000060
90580  55.985  -0.352  57.519 0.4000000060
87785  56.271  -4.339  55.457 0.3000000119
86903  55.634  -5.517  55.499 0.2000000030
90591  55.911  -0.780  56.802 0.4000000060
90611  56.557  -1.934  56.153 0.4000000060
89656  55.460  -2.254  55.225 0.4000000060
89655  55.752  -2.635  54.758 0.4000000060
87796  55.262  -3.738  53.839 0.3000000119
148548  54.337  -4.430  54.263 0.3000000119
89657  53.621  -2.399  55.016 0.4000000060
89671  55.428  -2.985  53.821 0.4000000060
130818  49.889  -5.186  55.703 0.1000000015
86908  49.678  -4.801  54.773 0.1000000015
132298  47.238  -5.512  53.756 0.2000000030
87840  45.267  -5.482  50.088 0.2000000030
89672  54.707  -2.854  53.224 0.4000000060
87809  51.393  -4.153  52.569 0.3000000119
87802  49.358  -4.746  53.745 0.2000000030
86939  46.721  -5.902  51.265 0.2000000030
86924  48.595  -4.801  52.200 0.2000000030
87811  49.428  -4.616  52.580 0.2000000030
87818  51.267  -3.946  51.815 0.3000000119
87826  50.926  -3.697  51.274 0.3000000119
88753  49.685  -3.616  49.929 0.3000000119
87837  50.121  -4.022  50.384 0.3000000119
87836  50.647  -3.709  50.808 0.3000000119
87844  48.282  -4.194  48.737 0.3000000119
136318  49.258  -4.318  49.897 0.3000000119
87828  49.397  -4.463  50.650 0.3000000119
86930  48.486  -4.883  51.213 0.3000000119
86947  46.232  -6.021  50.062 0.2000000030
89740  48.491  -2.257  47.651 0.4000000060
90657  48.438  -2.254  46.890 0.4000000060
145709  40.034  5.555  56.610 0.4000000060
138329  46.805  0.234  46.790 0.4000000060
90654  45.352  -1.250  49.373 0.3000000119
91532  45.362  -0.314  49.224 0.4000000060
91533  44.992  -0.073  49.900 0.3000000119
90655  44.934  -0.895  50.027 0.3000000119
95586  42.639  4.688  55.628 0.4000000060
92340  45.294  0.499  49.534 0.4000000060
139030  45.542  1.067  49.174 0.4000000060
127835  40.662  8.197  58.039 0.6000000238
92327  44.636  0.238  50.971 0.3000000119
142915  44.936  0.415  50.280 0.3000000119
97893  40.761  6.699  55.319 0.6000000238
138713  37.714  10.764  61.551 0.2000000030
94049  46.805  2.480  48.259 0.5000000000
93198  45.728  1.522  49.350 0.4000000060
129042  41.186  7.415  55.667 0.6000000238
123394  40.506  10.254  59.561 0.5000000000
94859  45.635  2.374  51.613 0.5000000000
95614  48.043  5.092  49.809 0.6000000238
95609  47.483  5.586  50.585 0.6000000238
87827  50.263  -4.205  50.977 0.3000000119
94713  33.778  3.868  68.746 0.2000000030
95452  32.051  4.043  70.261 0.2000000030
97738  37.652  7.700  71.978 0.2000000030
139962  36.804  7.794  71.886 0.2000000030
97739  36.042  7.803  71.770 0.2000000030
139333  36.427  7.463  71.225 0.2000000030
97771  34.859  7.218  70.742 0.2000000030
96993  34.080  6.944  71.001 0.2000000030
97769  36.415  7.369  70.499 0.2000000030
97004  35.110  6.612  69.115 0.2000000030
96193  33.813  5.954  69.579 0.2000000030
96185  32.936  5.651  70.012 0.2000000030
134193  31.660  4.277  70.773 0.2000000030
97779  35.733  7.153  69.843 0.2000000030
96192  34.463  5.933  68.957 0.2000000030
96206  33.997  5.235  68.919 0.2000000030
96205  34.624  5.233  68.429 0.3000000119
93912  34.178  3.162  68.839 0.2000000030
97758  34.623  7.512  71.509 0.2000000030
96994  33.236  6.724  71.284 0.2000000030
133841  37.174  7.305  70.965 0.2000000030
97778  36.477  7.348  69.732 0.2000000030
97740  35.224  8.049  72.085 0.2000000030
97759  33.751  7.285  71.781 0.2000000030
96995  32.523  6.450  71.685 0.2000000030
97012  35.023  5.842  68.497 0.2000000030
96180  32.035  5.751  71.366 0.2000000030
95445  31.336  4.696  71.744 0.2000000030
96204  35.429  5.200  67.867 0.3000000119
97717  41.542  7.636  73.505 0.1000000015
98517  40.784  8.240  73.715 0.1000000015
98518  39.502  8.404  73.269 0.1000000015
98519  38.656  8.716  73.326 0.2000000030
97718  40.646  7.676  72.902 0.1000000015
98538  39.008  7.939  72.627 0.1000000015
98539  38.135  8.137  72.565 0.2000000030
98520  37.685  8.792  73.099 0.2000000030
98541  36.183  8.350  72.412 0.2000000030
124720  39.412  7.335  72.032 0.1000000015
97737  38.514  7.481  72.047 0.2000000030
145473  35.362  8.585  72.766 0.2000000030
97742  33.408  7.592  72.556 0.2000000030
97768  37.752  7.339  70.563 0.2000000030
97777  37.329  7.456  69.659 0.2000000030
97741  34.223  7.871  72.293 0.2000000030
144989  32.462  6.749  72.357 0.2000000030
96181  31.565  5.375  71.910 0.2000000030
97003  35.929  6.986  69.011 0.3000000119
97011  35.619  6.257  68.353 0.2000000030
94680  31.078  4.085  72.023 0.2000000030
143168  36.177  5.930  67.747 0.3000000119
94711  35.433  3.287  68.155 0.3000000119
91295  40.145  0.181  80.263 0.1000000015
135200  38.794  -1.084  79.852 0.1000000015
96967  43.650  6.508  73.697 0.1000000015
96968  42.822  6.866  73.339 0.1000000015
125950  40.036  8.723  73.969 0.1000000015
98507  39.330  8.929  73.957 0.1000000015
87631  32.107  -5.078  73.772 0.1000000015
97736  40.876  7.411  72.222 0.1000000015
98521  36.767  8.887  73.009 0.2000000030
87638  31.971  -5.010  72.976 0.1000000015
97754  39.463  7.147  71.308 0.2000000030
97767  38.689  7.169  70.795 0.2000000030
98522  35.878  8.995  73.143 0.2000000030
97765  40.251  7.274  70.667 0.2000000030
141797  38.170  7.340  70.094 0.2000000030
97784  37.442  7.499  68.629 0.3000000119
136309  35.043  8.967  73.376 0.2000000030
96988  31.979  6.144  72.287 0.2000000030
97009  36.984  7.103  68.045 0.3000000119
95438  31.299  4.839  72.554 0.2000000030
140013  37.361  6.802  67.517 0.3000000119
96203  36.425  5.105  67.489 0.2000000030
94726  35.898  3.639  67.834 0.3000000119
93925  36.139  2.965  67.953 0.3000000119
92952  43.036  1.587  79.840 0.1000000015
92081  43.464  0.612  80.374 0.1000000015
92080  44.399  0.671  80.416 0.1000000015
92953  42.196  1.565  79.718 0.1000000015
92084  40.812  0.925  80.110 0.1000000015
92088  40.081  1.255  79.828 0.1000000015
92085  39.325  0.573  79.962 0.1000000015
90374  39.451  -0.488  80.131 0.1000000015
91298  38.566  -0.070  79.953 0.1000000015
91299  37.898  -0.784  79.741 0.1000000015
90380  37.353  -1.496  79.466 0.1000000015
91300  36.998  -0.595  79.578 0.1000000015
90381  36.500  -1.355  79.320 0.1000000015
89431  34.699  -2.571  78.265 0.1000000015
146278  44.660  6.189  74.072 0.1000000015
87614  33.076  -4.103  76.886 0.1000000015
145875  42.077  7.611  74.164 0.1000000015
87628  31.708  -4.146  75.043 0.1000000015
96983  43.944  6.397  73.131 0.1000000015
87632  31.790  -4.363  74.248 0.1000000015
87639  31.838  -4.475  73.543 0.1000000015
96992  41.902  7.205  71.908 0.1000000015
99249  38.787  9.159  74.122 0.1000000015
97751  42.078  7.283  71.538 0.1000000015
96986  41.171  7.312  71.755 0.1000000015
99259  36.448  9.443  73.611 0.2000000030
97764  42.280  7.448  71.060 0.1000000015
132940  41.011  7.419  70.703 0.2000000030
124290  38.859  7.327  69.986 0.2000000030
97720  33.153  7.746  73.359 0.2000000030
96987  32.249  6.733  72.957 0.2000000030
96177  31.600  5.605  72.627 0.2000000030
97773  41.190  7.865  70.224 0.2000000030
123483  39.669  7.506  69.980 0.2000000030
97776  38.113  7.590  69.309 0.2000000030
94670  31.016  3.944  72.866 0.2000000030
98567  40.891  8.282  69.549 0.2000000030
98573  39.662  8.471  68.394 0.2000000030
97021  37.383  6.100  67.150 0.3000000119
97020  37.971  6.853  66.996 0.3000000119
96217  37.235  5.143  67.164 0.2000000030
94725  36.551  3.524  67.667 0.3000000119
95495  37.963  4.744  66.807 0.4000000060
94724  37.367  3.269  67.425 0.3000000119
93908  36.840  2.768  67.768 0.3000000119
147714  38.056  3.375  67.152 0.3000000119
90369  45.953  -1.760  80.392 0.1000000015
89411  45.196  -2.235  80.380 0.1000000015
91290  44.961  -0.293  80.520 0.1000000015
141312  47.069  -1.843  81.116 0.1000000015
92951  43.882  1.594  79.866 0.1000000015
92079  46.585  0.215  80.338 0.1000000015
90368  46.989  -1.492  80.617 0.1000000015
92959  43.460  2.462  79.463 0.1000000015
92958  44.328  2.338  79.647 0.1000000015
92950  45.218  2.028  79.878 0.1000000015
142050  45.408  0.807  80.336 0.1000000015
92077  48.719  0.165  80.443 0.1000000015
92954  41.421  1.625  79.566 0.1000000015
92949  46.201  1.480  80.118 0.1000000015
137202  47.139  1.122  80.178 0.1000000015
92078  47.711  0.173  80.311 0.1000000015
142084  39.406  1.583  79.385 0.1000000015
142623  38.813  1.867  79.059 0.1000000015
92089  38.591  0.978  79.586 0.1000000015
92090  37.654  0.369  79.582 0.1000000015
89423  36.887  -2.112  79.122 0.1000000015
92963  38.058  1.574  79.017 0.1000000015
92964  37.085  1.260  79.131 0.1000000015
92091  36.607  0.286  79.405 0.1000000015
90386  36.048  -2.016  79.008 0.1000000015
88521  35.412  -3.089  78.140 0.1000000015
92092  35.748  0.229  79.226 0.1000000015
91301  36.119  -0.530  79.356 0.1000000015
91304  35.272  -0.505  79.073 0.1000000015
90388  34.300  -1.775  78.545 0.1000000015
89432  33.698  -2.333  78.175 0.1000000015
89437  33.918  -3.062  77.806 0.1000000015
142729  33.304  -3.412  77.445 0.1000000015
91306  33.474  -0.517  78.473 0.1000000015
90390  32.684  -1.730  77.919 0.1000000015
88530  32.627  -3.188  77.260 0.1000000015
90394  32.115  -1.505  77.568 0.1000000015
89443  31.987  -2.842  76.956 0.1000000015
87624  31.801  -3.799  75.686 0.1000000015
96959  44.222  6.402  74.614 0.1000000015
97707  42.784  7.288  74.474 0.1000000015
97706  43.681  6.820  74.914 0.1000000015
98504  42.254  7.928  74.744 0.1000000015
98505  41.493  8.176  74.286 0.1000000015
128373  49.600  10.049  73.049 0.1000000015
100011  48.603  9.838  72.947 0.1000000015
98506  40.723  8.691  74.545 0.1000000015
99257  37.992  9.276  73.943 0.2000000030
99258  37.204  9.288  73.514 0.2000000030
99260  35.586  9.457  73.823 0.2000000030
94658  31.357  3.637  73.640 0.2000000030
98566  41.797  8.388  69.869 0.2000000030
97721  32.616  7.235  73.548 0.2000000030
96971  31.816  6.135  73.112 0.2000000030
95429  31.430  4.556  73.368 0.2000000030
99303  42.205  9.151  69.164 0.2000000030
98572  40.506  8.651  68.698 0.2000000030
98581  38.891  8.234  67.933 0.3000000119
98579  40.192  8.829  67.790 0.3000000119
97792  38.387  7.656  67.408 0.3000000119
99319  41.340  9.606  67.555 0.3000000119
98585  39.714  8.322  66.722 0.3000000119
97026  39.400  6.883  66.173 0.3000000119
99320  40.632  9.272  67.132 0.3000000119
97796  39.492  7.687  66.411 0.3000000119
96226  38.386  5.474  66.548 0.4000000060
98584  40.283  8.721  66.502 0.3000000119
96225  39.134  5.510  66.242 0.3000000119
141182  38.426  3.947  66.843 0.3000000119
97800  40.695  7.717  65.454 0.3000000119
97033  40.029  6.384  65.807 0.3000000119
97032  40.618  6.728  65.383 0.2000000030
95505  40.411  4.747  65.887 0.2000000030
96236  41.510  5.647  64.975 0.2000000030
89390  45.127  -2.732  82.896 0.1000000015
89398  45.875  -2.526  82.171 0.1000000015
139292  42.331  2.822  79.094 0.1000000015
139359  43.933  2.826  79.587 0.1000000015
94615  44.848  2.740  79.953 0.1000000015
93816  45.970  2.288  80.008 0.1000000015
92947  48.498  1.844  80.315 0.1000000015
92935  49.863  1.733  81.246 0.1000000015
93819  41.616  2.848  78.727 0.1000000015
135923  40.327  2.271  78.862 0.1000000015
93820  40.872  2.873  78.405 0.1000000015
93821  40.168  2.837  78.267 0.1000000015
93826  39.485  2.946  78.156 0.1000000015
92969  38.636  2.542  78.348 0.1000000015
92970  37.617  2.285  78.296 0.1000000015
92971  36.600  1.813  78.576 0.1000000015
92972  35.718  1.488  78.553 0.1000000015
137744  35.459  0.805  78.870 0.1000000015
92096  34.966  0.238  78.862 0.1000000015
91305  34.450  -0.470  78.781 0.1000000015
92978  35.287  1.942  78.033 0.1000000015
92097  34.129  0.298  78.558 0.1000000015
92974  33.898  1.019  78.200 0.1000000015
92098  33.264  0.376  78.263 0.1000000015
91307  32.613  -0.191  78.088 0.1000000015
132931  44.147  7.099  75.636 0.1000000015
98497  41.523  8.639  75.130 0.1000000015
99269  48.863  8.653  73.584 0.1000000015
99248  40.021  9.110  74.686 0.1000000015
139516  38.600  9.524  74.598 0.1000000015
125155  37.110  9.699  74.134 0.2000000030
132535  31.330  2.509  74.505 0.2000000030
98523  34.277  8.704  73.639 0.2000000030
98524  33.559  8.302  73.938 0.2000000030
95426  31.793  4.322  73.908 0.2000000030
96164  31.852  5.066  73.904 0.2000000030
147570  41.147  6.305  65.043 0.2000000030
97039  41.738  6.438  64.569 0.2000000030
97085  35.865  6.654  58.492 0.2000000030
97086  35.318  6.391  58.979 0.3000000119
97093  36.186  6.334  58.058 0.2000000030
97106  37.604  6.425  57.687 0.3000000119
97092  36.807  6.405  57.854 0.2000000030
96300  37.223  5.874  57.935 0.2000000030
97105  38.348  6.382  57.349 0.3000000119
97877  37.992  6.820  57.649 0.3000000119
96309  38.071  5.921  57.688 0.3000000119
96299  37.927  5.454  58.407 0.3000000119
96298  38.699  5.390  57.982 0.3000000119
96308  39.514  5.711  56.807 0.3000000119
95573  39.495  5.318  57.655 0.3000000119
94628  42.007  3.093  79.080 0.1000000015
94627  42.757  3.029  79.331 0.1000000015
144321  41.317  3.078  78.649 0.1000000015
93825  40.260  3.008  78.221 0.1000000015
94634  38.851  3.151  78.139 0.1000000015
93827  38.628  2.991  77.941 0.1000000015
93828  37.565  2.939  77.554 0.1000000015
93829  36.157  2.267  78.028 0.1000000015
142894  34.952  2.324  77.537 0.1000000015
92973  34.818  1.090  78.489 0.1000000015
92102  33.203  0.995  77.940 0.1000000015
92103  32.529  0.548  77.766 0.1000000015
97698  46.061  7.018  76.462 0.1000000015
97705  44.803  6.497  75.412 0.1000000015
98495  43.539  7.876  75.807 0.1000000015
97700  43.129  7.518  75.135 0.1000000015
98498  40.597  9.190  75.240 0.1000000015
94651  32.086  3.194  74.842 0.2000000030
99250  36.228  9.811  74.335 0.2000000030
99261  34.785  9.249  74.120 0.2000000030
96970  32.245  6.605  73.684 0.2000000030
96960  32.379  6.360  74.380 0.2000000030
143284  31.550  3.156  74.209 0.2000000030
97799  41.320  7.776  64.958 0.3000000119
97852  35.556  7.104  59.195 0.3000000119
97851  36.254  7.322  58.921 0.3000000119
97861  37.331  7.078  57.966 0.2000000030
97850  37.034  7.499  58.764 0.3000000119
97876  38.561  6.937  57.313 0.3000000119
97860  38.184  7.311  57.960 0.4000000060
97104  39.174  6.340  56.763 0.3000000119
128825  38.766  5.805  57.169 0.3000000119
97140  41.890  7.057  52.731 0.6000000238
127308  42.568  3.205  79.627 0.1000000015
145865  40.242  3.235  78.445 0.1000000015
94620  39.775  3.555  78.969 0.1000000015
94630  39.048  3.600  78.685 0.1000000015
95407  38.281  3.727  78.312 0.1000000015
95408  37.574  4.038  77.894 0.1000000015
93833  36.769  2.972  77.320 0.1000000015
93834  35.754  2.661  77.395 0.1000000015
94641  36.102  3.374  76.908 0.1000000015
93835  35.074  2.984  76.880 0.1000000015
93836  34.204  2.319  77.357 0.1000000015
141723  34.452  1.723  77.933 0.1000000015
147679  34.777  3.483  76.308 0.1000000015
130977  34.021  2.908  76.509 0.1000000015
93839  34.265  3.610  75.917 0.1000000015
93843  33.449  3.253  75.843 0.1000000015
92980  32.825  1.356  77.481 0.1000000015
97699  45.239  6.755  76.162 0.1000000015
94650  33.041  3.674  75.219 0.2000000030
93840  32.910  2.537  76.412 0.1000000015
98489  43.833  8.205  76.591 0.1000000015
98496  42.574  8.280  75.398 0.1000000015
93844  32.514  2.885  75.641 0.1000000015
93841  31.951  2.154  76.240 0.1000000015
99239  42.119  8.963  75.788 0.1000000015
145749  40.761  9.536  75.635 0.1000000015
95423  32.961  4.328  74.915 0.2000000030
144625  37.839  9.842  74.625 0.2000000030
97702  32.697  6.774  74.868 0.2000000030
96163  32.343  5.536  74.455 0.2000000030
97709  32.618  7.073  74.304 0.2000000030
126749  46.364  10.931  71.779 0.1000000015
100885  42.295  11.734  56.144 0.5000000000
128784  42.484  10.997  56.273 0.5000000000
100878  42.126  11.296  56.961 0.5000000000
100879  41.574  11.652  57.528 0.5000000000
97837  36.078  7.697  59.852 0.3000000119
100130  42.330  10.546  57.070 0.5000000000
100131  41.904  10.855  57.762 0.5000000000
98645  36.895  7.893  59.656 0.3000000119
98632  36.667  8.442  60.523 0.3000000119
100164  42.872  10.620  52.365 0.5000000000
100146  42.728  10.755  54.333 0.5000000000
97849  37.895  7.621  58.800 0.4000000060
98643  38.378  8.362  59.610 0.4000000060
136588  42.560  10.041  53.607 0.5000000000
100139  42.571  10.276  56.236 0.5000000000
97859  38.972  7.544  57.873 0.5000000000
98654  38.723  7.913  58.736 0.5000000000
100155  43.221  10.302  52.302 0.5000000000
99423  42.884  9.867  52.137 0.6000000238
99417  42.600  9.967  52.475 0.5000000000
99416  43.084  9.375  52.041 0.6000000238
97900  41.654  7.370  53.389 0.6000000238
97150  43.525  7.068  51.699 0.6000000238
97151  42.781  7.301  51.605 0.6000000238
97148  44.663  6.851  52.013 0.6000000238
97149  44.281  6.785  51.912 0.6000000238
125024  45.025  6.512  51.966 0.6000000238
94619  40.442  3.463  79.131 0.1000000015
94618  41.966  3.384  80.088 0.1000000015
94598  42.059  4.178  81.179 0.1000000015
95393  39.878  3.981  80.175 0.1000000015
95394  39.148  4.185  79.781 0.1000000015
95402  38.423  4.352  79.311 0.1000000015
95403  37.727  4.564  78.858 0.1000000015
96146  37.122  4.862  78.395 0.1000000015
95409  36.993  4.351  77.558 0.1000000015
95415  36.210  4.045  76.774 0.1000000015
140507  35.666  4.712  76.970 0.1000000015
95418  35.359  4.274  76.447 0.1000000015
95419  34.762  4.418  76.146 0.2000000030
94649  33.798  3.821  75.542 0.2000000030
97693  45.427  7.170  76.671 0.1000000015
96161  33.503  5.398  75.718 0.2000000030
98490  42.957  8.538  75.977 0.1000000015
133745  32.950  5.180  75.050 0.2000000030
95422  33.573  4.484  75.418 0.2000000030
98499  34.061  8.718  75.366 0.2000000030
97701  33.053  7.454  75.057 0.2000000030
96954  32.640  6.097  75.033 0.2000000030
99229  41.765  9.585  76.199 0.1000000015
99241  39.089  9.735  75.075 0.1000000015
99251  35.402  9.621  74.636 0.2000000030
99252  34.654  9.259  75.000 0.2000000030
98509  33.461  8.248  74.813 0.2000000030
98535  46.530  8.012  73.765 0.1000000015
99992  36.900  10.215  74.901 0.2000000030
98508  34.089  8.792  74.484 0.2000000030
100028  46.458  10.034  72.219 0.1000000015
99285  45.698  9.622  72.213 0.1000000015
140248  45.643  11.103  71.519 0.1000000015
142629  42.455  12.160  55.448 0.5000000000
100886  41.770  12.090  56.715 0.5000000000
101622  41.197  12.470  57.230 0.5000000000
100868  40.921  12.044  57.984 0.4000000060
100867  41.328  11.219  58.342 0.4000000060
100861  40.674  11.653  58.806 0.4000000060
100120  41.511  10.341  58.470 0.5000000000
100114  41.011  10.822  59.096 0.4000000060
98631  37.680  8.536  60.236 0.4000000060
99397  42.400  9.783  56.965 0.5000000000
99398  42.103  10.084  57.779 0.5000000000
99385  41.224  9.549  58.688 0.4000000060
143060  42.618  10.108  55.053 0.5000000000
99407  42.532  9.510  55.932 0.6000000238
130667  41.965  9.307  57.546 0.5000000000
98686  42.259  9.257  53.017 0.6000000238
98679  42.236  8.743  55.507 0.6000000238
98685  43.437  8.916  52.846 0.6000000238
99430  42.848  8.661  51.817 0.6000000238
98687  41.918  8.360  52.661 0.6000000238
97898  44.283  7.488  53.664 0.6000000238
97899  43.721  8.125  53.351 0.6000000238
97903  43.664  7.624  52.238 0.6000000238
98680  41.669  7.869  53.825 0.6000000238
97904  42.238  7.372  51.882 0.6000000238
126074  43.102  7.741  51.435 0.6000000238
97137  45.286  6.948  52.293 0.6000000238
97129  44.434  7.192  52.399 0.6000000238
97908  43.825  7.103  51.819 0.6000000238
97136  46.047  6.778  53.092 0.6999999881
95391  41.387  3.781  80.543 0.1000000015
96126  39.536  5.129  80.768 0.1000000015
95379  41.226  4.650  81.305 0.1000000015
96127  38.696  5.116  80.220 0.1000000015
96928  37.742  6.178  79.822 0.1000000015
96137  37.376  5.461  79.196 0.1000000015
96138  36.754  5.721  78.754 0.1000000015
147501  36.519  6.484  78.994 0.2000000030
96148  36.041  6.131  78.382 0.2000000030
96153  35.752  5.400  77.592 0.2000000030
126372  35.430  6.247  77.882 0.2000000030
96154  34.901  5.883  77.355 0.2000000030
96946  34.348  6.612  77.193 0.2000000030
97687  45.902  7.495  77.049 0.1000000015
98488  44.999  7.617  76.951 0.1000000015
96949  33.819  6.893  76.674 0.2000000030
96158  34.141  5.891  76.656 0.2000000030
98491  34.152  8.591  76.243 0.2000000030
97696  33.407  7.236  75.935 0.2000000030
130048  33.496  6.248  76.057 0.2000000030
99227  43.599  8.905  76.919 0.1000000015
99228  42.753  9.128  76.425 0.1000000015
99974  42.223  9.888  76.603 0.1000000015
99994  35.667  10.213  75.874 0.2000000030
99244  34.593  9.244  75.889 0.2000000030
98492  33.587  8.064  75.682 0.2000000030
99230  40.930  9.929  76.024 0.1000000015
99989  40.314  9.756  75.583 0.1000000015
100737  37.949  11.028  75.707 0.2000000030
100001  35.944  10.053  75.094 0.2000000030
101637  42.360  12.878  55.256 0.5000000000
101630  42.056  12.544  55.996 0.5000000000
126083  40.292  12.481  58.405 0.3000000119
101605  39.396  12.559  59.496 0.2000000030
100115  40.252  11.215  59.603 0.4000000060
141906  41.047  10.120  59.076 0.4000000060
145731  41.691  9.631  58.187 0.5000000000
98674  42.216  8.988  56.646 0.6000000238
139770  42.057  8.563  54.085 0.6000000238
98667  41.627  8.529  57.174 0.6000000238
98684  43.876  8.658  54.312 0.6000000238
98675  41.740  8.227  56.185 0.6000000238
143234  43.109  8.461  51.663 0.6000000238
98693  42.399  8.343  51.738 0.6000000238
97909  42.544  7.868  51.487 0.6000000238
97128  45.161  6.981  53.742 0.6999999881
137360  40.339  4.793  81.079 0.1000000015
96112  40.972  5.787  81.490 0.1000000015
96917  39.227  6.166  80.712 0.1000000015
96918  38.424  6.101  80.310 0.1000000015
96919  38.238  6.940  80.211 0.1000000015
137179  37.116  6.323  79.360 0.1000000015
97673  37.295  7.767  79.700 0.2000000030
96930  36.786  7.106  79.384 0.2000000030
96941  35.503  6.805  78.288 0.2000000030
96940  35.972  7.141  78.895 0.2000000030
135477  35.347  7.526  78.300 0.2000000030
99213  44.153  9.402  77.377 0.1000000015
97688  34.802  7.899  77.760 0.2000000030
96945  34.880  6.920  77.782 0.2000000030
98482  44.497  8.316  77.217 0.1000000015
99964  43.230  10.369  77.211 0.1000000015
146468  42.261  10.725  77.005 0.1000000015
98483  34.421  8.321  77.064 0.2000000030
97689  34.291  7.437  77.204 0.2000000030
99221  43.026  9.762  76.842 0.1000000015
99975  41.540  10.301  76.530 0.1000000015
99976  40.805  10.766  76.447 0.1000000015
100722  40.019  11.314  76.395 0.2000000030
99978  38.600  11.281  75.938 0.2000000030
99980  35.592  10.276  76.667 0.2000000030
99232  34.714  9.217  76.832 0.2000000030
97695  33.867  7.802  76.504 0.2000000030
126252  40.196  10.436  75.964 0.1000000015
99979  36.189  10.707  76.200 0.2000000030
99231  35.138  9.740  76.304 0.2000000030
99990  39.603  10.101  75.495 0.2000000030
100738  37.014  10.909  75.673 0.2000000030
102401  43.107  13.985  54.822 0.4000000060
102403  41.876  13.316  55.891 0.5000000000
101631  41.453  12.900  56.498 0.5000000000
102394  40.963  13.275  57.047 0.3000000119
142991  40.539  12.853  57.629 0.3000000119
96125  40.256  5.771  81.263 0.1000000015
96916  39.901  6.259  81.095 0.1000000015
125733  39.030  6.983  80.547 0.1000000015
98457  37.751  8.271  80.030 0.2000000030
140839  37.114  8.673  79.615 0.2000000030
98463  36.290  8.758  79.000 0.2000000030
97684  35.758  8.082  78.766 0.2000000030
98475  35.636  8.860  78.410 0.2000000030
137508  35.282  8.244  78.214 0.2000000030
99955  35.923  10.136  78.133 0.2000000030
98476  35.047  8.820  77.685 0.2000000030
99965  41.400  11.026  76.785 0.1000000015
100723  39.112  11.672  76.459 0.2000000030
99968  35.633  10.133  77.481 0.2000000030
99222  35.225  9.510  77.395 0.2000000030
100714  39.701  12.308  76.979 0.2000000030
148913  38.061  11.395  76.105 0.2000000030
99967  36.089  10.768  77.077 0.2000000030
97665  39.481  7.663  80.639 0.1000000015
97666  38.764  7.664  80.425 0.1000000015
98456  38.419  8.309  80.359 0.2000000030
135658  38.707  8.891  80.547 0.1000000015
136513  37.944  9.012  80.183 0.2000000030
99203  36.699  9.388  79.237 0.2000000030
99202  37.346  9.684  79.712 0.2000000030
99936  36.769  10.121  79.107 0.2000000030
100707  36.686  11.183  78.306 0.2000000030
99954  36.423  10.463  78.512 0.2000000030
101439  37.746  12.214  77.516 0.2000000030
126766  36.183  10.684  77.877 0.2000000030
100724  38.128  11.751  76.624 0.2000000030
100716  36.606  11.280  77.500 0.2000000030
100726  36.705  11.233  76.591 0.2000000030
98455  39.302  8.356  80.644 0.1000000015
97655  40.088  8.010  80.832 0.1000000015
146400  37.877  9.689  80.173 0.2000000030
99928  37.855  10.374  80.117 0.2000000030
99935  37.291  10.489  79.500 0.2000000030
101428  38.187  12.821  78.776 0.2000000030
101411  37.783  12.223  79.258 0.2000000030
99953  36.963  10.896  78.984 0.2000000030
101429  37.645  12.323  78.377 0.2000000030
101438  38.207  12.772  77.953 0.2000000030
99187  39.115  9.986  81.078 0.1000000015
98449  39.858  8.657  81.061 0.1000000015
100691  37.607  11.280  79.606 0.2000000030
101410  38.455  12.729  79.543 0.2000000030
98560  42.494  8.004  70.482 0.2000000030
99310  40.898  9.229  68.089 0.3000000119
96235  42.064  4.949  65.043 0.2000000030
99270  46.496  9.014  72.732 0.1000000015
97801  40.042  7.268  65.861 0.3000000119
88536  31.565  -3.332  75.401 0.1000000015
89444  31.616  -2.496  76.538 0.1000000015
92984  33.303  2.116  77.121 0.1000000015
93910  35.721  2.460  68.419 0.3000000119
94744  41.181  4.154  65.960 0.2000000030
95506  39.618  4.934  66.163 0.2000000030
94712  34.630  3.756  68.340 0.3000000119
95461  32.558  4.707  69.881 0.2000000030
95474  33.682  4.582  68.910 0.2000000030
89440  31.765  -2.050  77.047 0.1000000015
129792  38.926  4.652  66.486 0.2000000030
97735  41.355  7.422  72.752 0.1000000015
143394  41.753  7.954  54.981 0.6000000238
97138  43.107  6.667  52.146 0.6000000238
95473  34.236  4.537  68.536 0.2000000030
145219  31.991  4.670  70.516 0.2000000030
98540  37.210  8.262  72.469 0.2000000030
144670  37.239  7.508  71.479 0.2000000030
97757  35.490  7.549  71.314 0.2000000030
97770  35.658  7.316  70.606 0.2000000030
96999  34.277  6.701  70.187 0.2000000030
96998  35.017  6.919  70.009 0.2000000030
97000  33.494  6.384  70.441 0.2000000030
135579  37.015  7.405  70.336 0.2000000030
132709  33.317  5.081  69.357 0.2000000030
97001  32.713  6.071  70.858 0.2000000030
95453  31.592  4.968  71.070 0.2000000030
149027  34.814  4.578  68.149 0.3000000119
97755  38.839  7.213  71.532 0.2000000030
97760  32.929  7.107  72.030 0.2000000030
143282  36.081  4.308  67.632 0.3000000119
95472  35.338  4.140  67.912 0.3000000119
126062  40.184  7.505  72.252 0.1000000015
97753  40.280  7.293  71.669 0.2000000030
98543  33.814  8.177  73.093 0.2000000030
97743  32.732  7.255  72.785 0.2000000030
97022  36.815  6.436  67.663 0.2000000030
97716  43.237  6.807  74.146 0.1000000015
97752  40.834  7.238  71.215 0.2000000030
97774  40.492  7.708  70.103 0.2000000030
97783  38.200  7.825  68.361 0.3000000119
95484  36.981  4.261  67.392 0.2000000030
90382  35.638  -1.263  79.079 0.1000000015
90387  35.187  -1.896  78.732 0.1000000015
88533  32.251  -3.595  76.678 0.1000000015
125571  41.567  7.313  71.139 0.1000000015
97775  38.988  8.010  69.066 0.2000000030
98568  40.003  8.177  69.338 0.2000000030
97028  37.973  6.076  66.716 0.3000000119
97797  38.769  7.304  66.637 0.3000000119
147521  37.487  4.537  67.115 0.2000000030
94738  37.701  3.999  67.134 0.4000000060
90365  46.235  -2.012  80.703 0.1000000015
91289  46.452  -1.024  80.343 0.1000000015
137147  45.783  -0.315  80.448 0.1000000015
91288  47.345  -0.713  80.424 0.1000000015
140035  49.841  0.647  80.782 0.1000000015
140914  34.084  -1.104  78.635 0.1000000015
90389  33.385  -1.531  78.320 0.1000000015
89438  33.115  -2.768  77.739 0.1000000015
89439  32.435  -2.344  77.509 0.1000000015
98580  39.557  8.466  67.434 0.3000000119
148480  40.022  8.776  67.072 0.3000000119
96238  39.876  5.559  65.937 0.3000000119
96237  40.692  5.726  65.451 0.2000000030
94635  37.947  3.274  77.705 0.1000000015
99242  38.439  9.957  74.972 0.2000000030
95425  32.374  4.578  74.429 0.2000000030
97862  36.490  6.921  58.183 0.2000000030
96301  36.452  5.887  58.115 0.2000000030
95551  37.924  4.962  59.261 0.2000000030
95564  38.649  4.939  58.913 0.3000000119
95413  37.268  3.753  77.373 0.1000000015
98644  37.593  7.967  59.453 0.4000000060
95414  36.843  4.035  77.088 0.1000000015
94644  35.453  3.712  76.491 0.1000000015
128987  37.813  10.395  75.194 0.2000000030
96953  33.037  6.659  75.434 0.2000000030
99412  42.431  9.352  54.546 0.6000000238
98692  42.463  9.043  52.164 0.6000000238
97905  42.004  7.746  52.091 0.6000000238
96152  36.373  4.555  77.290 0.2000000030
96157  34.942  5.069  76.602 0.2000000030
99243  35.211  9.700  75.475 0.2000000030
99993  36.334  10.445  75.520 0.2000000030
100029  45.634  10.333  71.784 0.1000000015
98698  42.792  8.216  51.454 0.6000000238
101611  39.638  12.897  58.731 0.2000000030
101604  40.046  12.140  59.195 0.2000000030
97674  36.480  7.915  79.285 0.2000000030
99214  36.159  9.631  78.624 0.2000000030
99215  35.536  9.555  77.995 0.2000000030
77928  55.835  -15.351  60.031 0.1000000015
133900  54.418  -14.963  61.871 0.1000000015
125732  55.508  -15.036  60.677 0.1000000015
144040  54.986  -14.538  61.640 0.1000000015
78888  56.186  -14.174  59.855 0.1000000015
78877  55.595  -14.392  61.014 0.1000000015
78869  54.011  -14.050  62.862 0.1000000015
78866  53.085  -13.839  64.488 0.1000000015
79816  54.878  -13.675  62.637 0.1000000015
78873  55.621  -13.696  61.736 0.1000000015
78887  56.671  -12.967  59.412 0.1000000015
79824  56.627  -12.781  61.018 0.1000000015
79825  56.331  -13.433  60.480 0.1000000015
145199  53.893  -13.175  64.521 0.1000000015
79806  52.653  -14.202  65.132 0.1000000015
79809  54.522  -13.347  63.438 0.1000000015
79815  55.564  -13.160  62.570 0.1000000015
144780  56.695  -12.485  59.415 0.1000000015
79837  56.966  -12.487  59.996 0.1000000015
80775  56.230  -12.623  58.179 0.1000000015
80767  56.045  -12.184  58.800 0.1000000015
80768  55.263  -12.393  59.034 0.1000000015
79805  53.160  -13.512  65.326 0.1000000015
79804  53.907  -13.001  65.643 0.1000000015
80720  55.008  -12.831  64.243 0.1000000015
128666  55.889  -12.269  64.128 0.1000000015
80724  55.496  -12.843  63.346 0.1000000015
142383  56.383  -12.264  63.341 0.1000000015
142747  56.106  -12.644  62.752 0.1000000015
80726  57.329  -11.656  62.341 0.1000000015
80756  57.040  -11.947  59.800 0.1000000015
80740  57.345  -11.604  61.348 0.1000000015
81620  57.656  -11.079  62.193 0.1000000015
80766  56.460  -12.369  59.071 0.1000000015
81658  56.533  -11.768  59.452 0.1000000015
81659  55.681  -11.809  59.491 0.1000000015
81635  54.584  -11.336  61.134 0.1000000015
81690  50.645  -11.663  54.420 0.1000000015
80801  50.809  -12.221  53.700 0.1000000015
80810  50.974  -12.858  53.082 0.1000000015
80716  54.716  -12.672  65.179 0.1000000015
80715  55.475  -12.113  65.654 0.1000000015
80719  55.429  -12.271  64.835 0.1000000015
80722  57.121  -11.734  63.257 0.1000000015
81615  57.955  -10.700  63.121 0.1000000015
81646  56.968  -11.326  60.043 0.1000000015
82528  57.199  -10.909  60.694 0.1000000015
81633  57.427  -11.154  61.194 0.1000000015
81647  56.234  -11.293  59.952 0.1000000015
81634  55.678  -10.969  60.698 0.1000000015
80742  53.563  -11.740  61.421 0.1000000015
136314  48.560  -13.621  59.187 0.1000000015
141384  49.781  -14.674  57.449 0.1000000015
77976  50.331  -15.173  56.885 0.1000000015
77994  51.148  -15.243  56.001 0.1000000015
132325  50.278  -14.194  56.765 0.1000000015
78936  51.686  -14.644  55.196 0.1000000015
78949  52.511  -14.563  54.109 0.1000000015
78950  51.613  -13.759  54.840 0.1000000015
128393  52.194  -13.827  53.736 0.1000000015
79886  51.694  -13.116  54.033 0.1000000015
79897  51.831  -13.618  53.248 0.1000000015
126067  51.165  -10.727  55.549 0.1000000015
138697  51.299  -12.714  53.694 0.1000000015
81609  57.124  -11.285  65.758 0.1000000015
80714  56.364  -11.654  66.147 0.1000000015
81613  57.209  -11.245  64.814 0.1000000015
80718  56.293  -11.658  65.049 0.1000000015
81617  57.429  -11.253  63.992 0.1000000015
80723  56.772  -11.733  64.086 0.1000000015
83369  58.119  -9.679  62.641 0.1000000015
82529  56.719  -10.832  60.471 0.1000000015
83385  56.451  -9.987  61.822 0.1000000015
82511  56.116  -10.466  61.216 0.1000000015
82495  54.327  -10.327  62.367 0.1000000015
81621  53.078  -11.200  62.186 0.1000000015
81622  52.235  -11.384  62.386 0.1000000015
129734  50.693  -10.881  62.786 0.1000000015
80731  49.436  -12.659  62.187 0.1000000015
80745  48.562  -12.476  61.426 0.1000000015
148458  48.305  -12.971  60.495 0.1000000015
79851  48.321  -13.272  59.936 0.1000000015
83372  54.674  -9.660  62.815 0.1000000015
82487  52.871  -10.064  63.265 0.1000000015
82488  51.974  -10.103  63.305 0.1000000015
134435  49.731  -11.034  62.620 0.1000000015
82515  48.775  -11.153  61.673 0.1000000015
81650  48.466  -11.741  60.428 0.1000000015
79863  48.594  -12.927  59.268 0.1000000015
79862  49.026  -13.113  58.388 0.1000000015
130279  52.933  -8.816  63.804 0.1000000015
83365  51.512  -9.367  63.386 0.1000000015
84229  50.673  -8.891  62.895 0.1000000015
83386  49.362  -9.812  61.921 0.1000000015
82514  48.918  -10.382  61.394 0.1000000015
82541  48.759  -11.096  60.021 0.1000000015
80777  48.911  -12.195  58.910 0.1000000015
79872  49.573  -12.973  57.607 0.1000000015
79871  50.058  -13.198  56.865 0.1000000015
79877  50.761  -13.429  55.953 0.1000000015
85143  52.505  -7.046  63.435 0.1000000015
84235  50.931  -8.123  62.751 0.1000000015
84237  49.726  -8.967  61.791 0.1000000015
83397  49.794  -8.975  60.258 0.1000000015
82540  49.287  -10.533  59.505 0.1000000015
82539  49.851  -10.022  58.967 0.1000000015
124306  50.164  -11.183  57.766 0.1000000015
80788  50.596  -12.432  56.083 0.1000000015
79887  51.142  -12.834  55.042 0.1000000015
142709  51.225  -12.516  54.374 0.1000000015
85144  51.722  -7.795  63.283 0.1000000015
85146  51.810  -6.992  62.870 0.1000000015
85155  51.090  -7.141  61.463 0.1000000015
84246  50.200  -8.305  61.477 0.1000000015
84259  50.828  -7.920  60.045 0.1000000015
83405  50.151  -9.331  59.409 0.1000000015
83412  50.662  -9.677  58.562 0.1000000015
82556  50.966  -10.746  57.198 0.1000000015
80787  50.880  -11.506  55.718 0.1000000015
80794  50.931  -12.096  55.049 0.1000000015
86007  51.672  -6.576  62.004 0.1000000015
145161  52.137  -6.066  61.306 0.1000000015
86025  52.316  -6.239  60.377 0.1000000015
85182  51.692  -7.670  59.592 0.1000000015
84269  52.305  -8.127  58.684 0.1000000015
83411  51.622  -9.309  58.210 0.1000000015
81670  51.301  -10.840  56.238 0.1000000015
83410  52.433  -9.089  57.474 0.1000000015
83419  52.069  -9.649  57.113 0.1000000015
82562  51.751  -10.156  55.901 0.1000000015
134305  52.677  -8.636  56.343 0.1000000015
81606  57.119  -11.413  66.681 0.1000000015
81608  57.474  -10.895  65.377 0.1000000015
81612  57.699  -10.807  64.538 0.1000000015
82483  57.825  -10.556  65.061 0.1000000015
81611  57.883  -10.751  63.903 0.1000000015
83368  58.395  -9.787  63.272 0.1000000015
134073  58.099  -10.411  64.479 0.1000000015
84233  57.252  -8.794  62.635 0.1000000015
83371  55.747  -9.521  62.545 0.1000000015
83362  55.085  -8.971  63.185 0.1000000015
85136  54.969  -7.711  63.917 0.1000000015
83363  53.970  -9.115  63.567 0.1000000015
84226  53.543  -8.195  63.983 0.1000000015
85996  53.912  -6.799  64.079 0.1000000015
86839  53.405  -5.512  63.079 0.1000000015
86842  52.734  -5.761  62.518 0.1000000015
86012  52.242  -6.048  62.065 0.1000000015
86846  52.631  -5.544  61.657 0.1000000015
86860  52.656  -5.586  60.731 0.1000000015
86024  52.940  -5.843  59.841 0.1000000015
86032  53.562  -6.332  59.060 0.1000000015
85180  53.350  -7.087  58.620 0.1000000015
85191  53.092  -7.835  58.186 0.1000000015
84277  53.419  -8.110  57.231 0.1000000015
84285  53.292  -8.035  56.581 0.1000000015
81605  57.407  -11.027  66.298 0.1000000015
82479  57.672  -10.578  65.679 0.1000000015
82471  57.836  -10.282  65.899 0.1000000015
84214  58.512  -9.298  64.708 0.1000000015
82482  58.043  -10.310  65.178 0.1000000015
137690  58.539  -8.459  64.049 0.1000000015
83361  58.463  -9.910  63.980 0.1000000015
84222  58.285  -8.505  63.272 0.1000000015
84224  56.669  -8.165  63.227 0.1000000015
86000  56.718  -6.519  63.618 0.1000000015
85135  55.939  -7.360  63.759 0.1000000015
86002  54.542  -6.152  64.075 0.1000000015
86838  54.226  -5.422  63.592 0.1000000015
87729  53.816  -4.436  62.213 0.1000000015
87731  54.169  -3.787  61.811 0.1000000015
86841  53.266  -5.035  62.136 0.1000000015
87732  53.625  -4.456  61.430 0.1000000015
86859  53.236  -5.214  60.239 0.1000000015
87753  53.792  -4.974  59.820 0.1000000015
86877  54.378  -6.007  58.656 0.1000000015
86039  55.187  -6.398  57.741 0.1000000015
86040  54.207  -6.779  58.163 0.1000000015
85190  53.841  -7.454  57.661 0.1000000015
85197  54.091  -7.517  56.768 0.1000000015
85196  54.779  -7.128  56.604 0.1000000015
85207  53.775  -7.442  56.452 0.1000000015
85222  53.656  -7.363  56.325 0.1000000015
86051  53.043  -7.216  56.267 0.1000000015
86892  52.744  -6.151  56.164 0.1000000015
80668  56.357  -12.589  69.296 0.1000000015
82460  57.592  -10.800  67.565 0.1000000015
81581  57.445  -11.269  68.056 0.1000000015
143986  57.219  -11.571  68.435 0.1000000015
82472  57.629  -10.586  66.740 0.1000000015
84202  57.904  -9.365  66.441 0.1000000015
83349  57.869  -9.997  66.509 0.1000000015
143995  58.383  -9.327  65.312 0.1000000015
83357  58.295  -9.818  65.253 0.1000000015
138870  58.494  -8.563  64.875 0.1000000015
84201  58.243  -8.770  65.766 0.1000000015
85138  58.289  -7.547  63.618 0.1000000015
85998  58.118  -6.662  63.549 0.1000000015
85140  57.265  -7.384  63.346 0.1000000015
131002  57.184  -5.784  63.533 0.1000000015
86836  56.338  -5.169  63.655 0.1000000015
136049  55.585  -4.765  63.544 0.2000000030
88642  55.682  -3.007  62.736 0.2000000030
88648  54.821  -3.055  61.918 0.2000000030
89590  55.652  -1.977  60.247 0.2000000030
88662  54.455  -3.134  61.010 0.1000000015
144003  55.007  -2.658  60.225 0.1000000015
87751  55.071  -3.806  59.123 0.1000000015
87762  55.050  -4.691  58.721 0.1000000015
89617  56.405  -2.513  58.353 0.2000000030
87761  55.859  -4.167  58.200 0.2000000030
134059  55.693  -5.051  58.100 0.1000000015
86875  55.752  -5.648  57.646 0.1000000015
86045  55.383  -6.725  56.826 0.1000000015
86044  55.901  -6.118  56.656 0.1000000015
86063  55.350  -6.327  55.922 0.1000000015
86064  54.783  -6.720  56.042 0.1000000015
86065  54.517  -6.537  55.912 0.1000000015
78818  55.514  -13.923  70.295 0.1000000015
78807  54.169  -14.898  70.296 0.1000000015
77866  53.727  -15.653  70.680 0.1000000015
80667  56.646  -12.208  69.504 0.1000000015
79759  56.347  -12.856  70.143 0.1000000015
81568  56.810  -11.785  69.611 0.1000000015
80659  56.487  -12.490  70.373 0.1000000015
83327  57.638  -10.569  67.905 0.2000000030
139317  57.454  -10.510  68.616 0.2000000030
81567  57.234  -11.463  68.666 0.1000000015
147684  57.591  -10.186  68.170 0.2000000030
84173  57.665  -9.795  67.696 0.2000000030
83340  57.694  -10.364  67.222 0.2000000030
138397  57.799  -8.471  66.590 0.1000000015
85106  58.047  -7.695  66.087 0.2000000030
85120  58.376  -7.725  65.168 0.1000000015
85980  58.431  -6.804  64.567 0.1000000015
86832  58.479  -5.976  64.163 0.2000000030
136192  58.014  -5.830  63.470 0.1000000015
87721  58.051  -4.278  63.681 0.1000000015
88637  57.744  -3.417  63.616 0.2000000030
87723  56.369  -4.412  63.522 0.1000000015
87722  57.200  -3.939  63.575 0.2000000030
88641  56.580  -2.498  62.796 0.2000000030
89562  55.911  -2.110  62.027 0.2000000030
90540  56.595  -1.208  60.840 0.2000000030
148782  57.388  -0.117  59.430 0.2000000030
90567  56.293  -1.676  59.561 0.2000000030
89604  55.798  -2.380  59.356 0.2000000030
91461  57.287  -0.050  58.741 0.2000000030
89603  56.653  -1.638  58.720 0.2000000030
88686  56.271  -3.350  58.015 0.1000000015
88695  56.702  -3.021  57.045 0.1000000015
87769  56.473  -4.895  57.013 0.1000000015
134804  56.594  -3.978  56.813 0.1000000015
86884  56.251  -5.564  56.640 0.1000000015
86891  56.035  -5.899  56.050 0.1000000015
75908  54.377  -18.057  72.496 0.1000000015
75915  53.690  -17.931  71.909 0.1000000015
76867  53.922  -16.940  71.698 0.1000000015
126591  53.181  -17.551  71.162 0.1000000015
76874  53.418  -16.557  70.953 0.1000000015
82431  56.901  -11.197  69.723 0.1000000015
82422  56.698  -10.620  70.326 0.2000000030
84161  57.398  -9.433  68.589 0.2000000030
83316  57.170  -9.807  69.244 0.2000000030
83307  56.843  -9.696  70.038 0.2000000030
135238  57.279  -8.326  68.852 0.2000000030
84162  57.040  -8.690  69.620 0.2000000030
84191  57.650  -9.077  67.125 0.2000000030
85078  57.403  -7.472  68.672 0.2000000030
85093  57.496  -7.473  67.805 0.2000000030
135647  57.542  -6.519  68.515 0.2000000030
88578  56.943  -2.910  70.181 0.2000000030
88562  56.879  -3.490  70.787 0.2000000030
85107  57.631  -7.536  66.954 0.2000000030
146011  57.429  -2.638  69.569 0.2000000030
136953  57.996  -6.002  65.946 0.2000000030
89502  57.314  -1.707  68.788 0.2000000030
86818  58.392  -6.072  64.980 0.2000000030
86810  58.035  -5.181  66.244 0.2000000030
88576  57.654  -2.342  69.053 0.2000000030
87695  58.274  -4.140  66.537 0.2000000030
89538  58.304  -1.932  66.615 0.2000000030
90474  57.790  -1.049  67.681 0.2000000030
87716  58.509  -4.602  64.487 0.2000000030
138405  58.416  -2.892  65.521 0.2000000030
90501  58.113  -1.422  65.418 0.2000000030
90490  57.979  -0.977  66.588 0.2000000030
87720  58.452  -4.459  63.942 0.2000000030
89552  58.268  -3.021  64.082 0.2000000030
89545  58.161  -2.159  64.372 0.2000000030
90502  57.885  -0.931  64.812 0.2000000030
91398  57.421  0.416  65.681 0.2000000030
89553  57.931  -2.069  63.723 0.2000000030
90516  57.688  -1.001  63.728 0.2000000030
91414  57.504  0.234  63.730 0.2000000030
89561  56.847  -1.854  62.556 0.2000000030
90526  57.108  -1.176  62.226 0.2000000030
89574  56.526  -1.431  61.652 0.2000000030
90539  57.136  -0.732  61.188 0.2000000030
91421  57.405  0.374  61.906 0.2000000030
91433  57.445  0.216  60.262 0.2000000030
92272  57.306  1.160  60.050 0.2000000030
92278  57.131  0.962  59.275 0.2000000030
90579  57.162  -0.748  58.203 0.2000000030
88685  56.598  -2.739  57.572 0.1000000015
89628  56.950  -1.938  57.142 0.2000000030
135345  56.792  -2.307  56.636 0.1000000015
76863  55.107  -16.945  72.514 0.1000000015
141704  54.387  -17.235  72.200 0.1000000015
77848  55.157  -15.707  71.684 0.1000000015
76866  54.784  -16.480  71.981 0.1000000015
78786  56.157  -14.681  71.685 0.1000000015
77864  55.488  -15.003  71.379 0.1000000015
78805  55.822  -14.275  71.076 0.1000000015
85062  57.219  -7.499  69.519 0.2000000030
85935  57.059  -6.063  70.980 0.2000000030
85925  56.737  -5.232  71.827 0.2000000030
134235  57.441  -6.530  69.405 0.2000000030
85934  57.448  -5.594  70.299 0.2000000030
85924  57.239  -5.147  71.192 0.2000000030
87646  56.962  -3.874  71.215 0.2000000030
86776  57.646  -4.590  70.082 0.2000000030
87653  57.318  -3.695  70.626 0.2000000030
85975  57.799  -6.726  66.523 0.2000000030
85967  57.618  -6.590  67.551 0.2000000030
86789  57.805  -4.680  69.149 0.2000000030
87665  57.709  -3.687  69.851 0.2000000030
88577  57.256  -2.960  70.111 0.2000000030
86804  58.063  -4.735  67.211 0.2000000030
138695  57.905  -4.751  68.149 0.2000000030
87680  58.052  -3.799  68.998 0.2000000030
87664  57.728  -3.045  69.478 0.2000000030
88598  58.361  -3.151  67.377 0.2000000030
139500  58.390  -3.056  66.463 0.2000000030
89528  58.318  -2.098  67.572 0.2000000030
89516  57.773  -1.558  68.441 0.2000000030
137917  57.396  0.777  60.982 0.2000000030
92279  56.911  0.571  58.704 0.2000000030
78804  56.312  -13.933  71.396 0.1000000015
79750  56.391  -13.194  70.965 0.1000000015
76829  54.917  -16.779  77.671 0.1000000015
144441  54.138  -15.817  79.073 0.1000000015
77767  53.700  -15.201  78.851 0.1000000015
80592  52.908  -12.505  79.082 0.1000000015
80593  51.768  -11.572  77.875 0.1000000015
82366  51.293  -9.466  78.221 0.1000000015
82367  50.224  -9.217  77.732 0.1000000015
76830  54.357  -16.426  78.179 0.1000000015
79651  52.681  -13.622  78.418 0.1000000015
81499  51.352  -10.643  77.829 0.1000000015
90616  41.450  -1.924  55.609 0.1000000015
90615  42.366  -1.717  55.395 0.1000000015
77782  53.507  -15.786  77.677 0.1000000015
140888  50.544  -10.237  77.522 0.1000000015
90606  42.242  -1.597  56.252 0.1000000015
90595  42.074  -1.400  57.089 0.1000000015
90596  41.258  -1.706  57.373 0.1000000015
91485  41.843  -1.257  57.847 0.1000000015
90584  41.240  -1.403  58.353 0.1000000015
146730  41.564  -0.818  59.056 0.1000000015
90614  43.297  -1.434  55.140 0.1000000015
79652  51.794  -13.407  77.414 0.1000000015
125459  52.152  -12.514  78.080 0.1000000015
91466  41.415  -0.470  59.747 0.1000000015
91490  42.866  -1.072  56.843 0.1000000015
129247  43.231  -0.472  57.241 0.1000000015
132909  42.015  -0.777  58.500 0.1000000015
92275  41.318  0.783  60.731 0.1000000015
93961  39.560  2.103  61.643 0.1000000015
93963  38.075  2.382  61.727 0.1000000015
94771  36.614  2.771  61.753 0.1000000015
91495  43.756  -0.714  55.622 0.1000000015
90605  43.124  -1.321  56.008 0.1000000015
91484  42.626  -0.741  57.707 0.1000000015
93972  41.371  2.260  60.583 0.1000000015
93960  40.793  2.554  60.914 0.1000000015
91479  42.749  0.045  58.468 0.1000000015
91465  42.052  -0.210  59.249 0.1000000015
92283  41.788  0.516  59.989 0.1000000015
141965  40.343  2.089  61.404 0.1000000015
94768  39.218  3.013  61.376 0.1000000015
94770  37.450  3.011  61.553 0.1000000015
93965  35.893  2.463  62.071 0.1000000015
139342  43.625  0.273  57.096 0.1000000015
92282  42.528  0.690  59.223 0.1000000015
93133  41.662  1.553  60.381 0.1000000015
94781  40.453  3.326  60.600 0.1000000015
94782  39.595  3.549  60.818 0.1000000015
147161  43.925  0.768  56.552 0.1000000015
93146  43.489  1.287  57.520 0.1000000015
93140  42.743  1.504  58.905 0.1000000015
93980  41.885  2.498  59.932 0.1000000015
94795  40.783  3.767  59.880 0.1000000015
94796  39.982  4.041  60.124 0.1000000015
93153  43.678  1.800  56.875 0.2000000030
93985  43.330  2.019  57.612 0.2000000030
93979  42.485  2.366  59.171 0.1000000015
94794  41.522  3.425  59.606 0.1000000015
95539  38.049  4.367  60.135 0.1000000015
95538  39.073  4.207  60.267 0.1000000015
125258  43.392  2.581  56.847 0.2000000030
95563  39.484  4.914  58.619 0.2000000030
139637  38.611  4.610  59.669 0.1000000015
95549  40.212  4.432  59.304 0.2000000030
95550  39.389  4.548  59.509 0.1000000015
95552  37.156  4.913  59.489 0.1000000015
96290  37.177  5.497  58.729 0.1000000015
96291  36.387  5.457  58.894 0.1000000015
96302  35.732  5.944  58.430 0.1000000015
97853  34.987  6.845  59.501 0.2000000030
97838  35.287  7.428  60.029 0.2000000030
97826  35.001  7.752  60.913 0.2000000030
97827  34.227  7.460  61.198 0.2000000030
97839  34.482  7.009  60.196 0.2000000030
98633  35.783  8.096  60.668 0.2000000030
98624  34.633  8.219  61.703 0.1000000015
99361  35.851  9.231  61.754 0.1000000015
98622  36.210  8.752  61.184 0.1000000015
99367  37.297  9.106  60.927 0.3000000119
99360  36.678  9.479  61.418 0.2000000030
99349  36.194  9.948  62.007 0.1000000015
99359  37.638  9.893  61.327 0.3000000119
128950  39.697  11.846  59.791 0.2000000030
103130  41.906  14.046  55.926 0.3000000119
103140  43.958  14.411  54.352 0.3000000119
102402  42.428  13.622  55.352 0.3000000119
103128  43.597  14.815  55.135 0.2000000030
103707  42.790  15.592  56.405 0.2000000030
103699  42.353  15.944  57.085 0.2000000030
77865  54.687  -15.311  71.043 0.1000000015
79751  56.128  -13.570  70.663 0.1000000015
81562  56.577  -12.180  70.736 0.1000000015
83294  56.406  -9.684  71.041 0.2000000030
85052  57.215  -6.619  70.138 0.2000000030
85053  56.768  -7.398  70.524 0.2000000030
90491  57.603  -0.334  66.183 0.2000000030
141095  57.467  -0.011  62.641 0.2000000030
86763  56.991  -4.683  71.548 0.2000000030
78693  52.919  -14.835  78.029 0.1000000015
88590  56.925  -2.431  69.437 0.2000000030
139884  57.648  -0.035  64.654 0.2000000030
86066  53.761  -6.571  56.048 0.1000000015
90590  57.108  -0.963  57.476 0.2000000030
91489  43.495  -0.521  56.509 0.1000000015
94793  42.143  3.105  59.286 0.1000000015
93993  42.961  2.828  57.631 0.2000000030
77942  56.501  -14.524  58.895 0.1000000015
77919  54.872  -15.250  61.327 0.1000000015
79810  53.551  -13.766  63.696 0.1000000015
79814  56.291  -12.780  62.012 0.1000000015
79848  56.470  -12.726  58.634 0.1000000015
80741  57.224  -12.021  60.585 0.1000000015
80727  57.031  -12.159  61.598 0.1000000015
80776  55.696  -12.612  58.207 0.1000000015
81648  55.165  -11.543  60.271 0.1000000015
80757  54.597  -12.265  59.923 0.1000000015
142821  54.522  -12.783  59.371 0.1000000015
126456  56.780  -12.196  62.534 0.1000000015
81616  57.631  -11.161  63.268 0.1000000015
80755  57.209  -11.474  60.527 0.1000000015
81649  54.284  -11.900  60.724 0.1000000015
128793  50.974  -12.081  54.305 0.1000000015
81684  50.795  -11.445  54.995 0.1000000015
80811  49.876  -12.606  52.896 0.1000000015
80712  54.751  -12.624  66.075 0.1000000015
80711  55.592  -12.187  66.555 0.1000000015
146440  57.693  -10.966  63.964 0.1000000015
82486  58.216  -10.331  63.663 0.1000000015
82492  58.243  -10.220  63.019 0.1000000015
82509  57.431  -10.547  61.651 0.1000000015
82513  53.968  -10.988  61.906 0.1000000015
82494  55.361  -10.123  62.079 0.1000000015
137365  48.876  -13.947  58.431 0.1000000015
78911  49.150  -14.765  58.223 0.1000000015
78901  48.287  -14.059  59.972 0.1000000015
78922  49.504  -13.831  57.664 0.1000000015
146175  50.651  -14.748  56.418 0.1000000015
78937  50.975  -14.347  55.889 0.1000000015
77993  52.090  -15.435  54.962 0.1000000015
78961  52.516  -14.472  53.255 0.1000000015
84231  58.320  -9.189  62.979 0.1000000015
83370  57.543  -9.430  62.340 0.1000000015
83383  57.684  -9.979  62.175 0.1000000015
82510  57.007  -10.382  61.120 0.1000000015
131975  56.788  -9.377  62.266 0.1000000015
83384  57.227  -9.909  61.821 0.1000000015
83373  53.743  -9.907  63.107 0.1000000015
82497  52.530  -10.676  62.775 0.1000000015
82498  51.619  -10.786  62.816 0.1000000015
81623  51.256  -11.632  62.487 0.1000000015
80730  50.102  -12.865  62.261 0.1000000015
81624  50.305  -11.593  62.576 0.1000000015
80732  48.928  -12.535  61.944 0.1000000015
128580  48.335  -13.090  61.074 0.1000000015
81637  48.504  -11.771  61.209 0.1000000015
82501  49.133  -11.311  62.196 0.1000000015
81661  48.649  -11.739  59.681 0.1000000015
84225  54.529  -8.339  63.771 0.1000000015
143907  53.186  -9.491  63.524 0.1000000015
84227  52.041  -8.654  63.610 0.1000000015
82499  50.396  -10.210  62.827 0.1000000015
83366  50.829  -9.520  63.111 0.1000000015
131069  49.751  -10.130  62.501 0.1000000015
82531  48.591  -11.042  60.888 0.1000000015
80782  49.488  -12.357  58.000 0.1000000015
129278  52.613  -7.950  63.779 0.1000000015
84228  51.288  -8.644  63.276 0.1000000015
138966  50.143  -9.027  62.414 0.1000000015
82530  48.971  -10.349  60.469 0.1000000015
84261  49.745  -8.752  61.061 0.1000000015
83406  49.475  -9.724  59.896 0.1000000015
81660  49.107  -11.313  59.148 0.1000000015
80781  49.967  -12.393  57.134 0.1000000015
86004  52.921  -6.234  63.253 0.1000000015
86003  53.240  -6.711  63.705 0.1000000015
85147  51.242  -7.354  62.451 0.1000000015
85156  50.601  -7.742  61.955 0.1000000015
84260  50.236  -8.352  60.606 0.1000000015
84271  50.495  -8.643  59.723 0.1000000015
82547  50.456  -10.441  58.138 0.1000000015
81665  49.546  -11.621  58.340 0.1000000015
81671  50.520  -11.588  56.785 0.1000000015
86006  52.275  -6.426  62.723 0.1000000015
86026  51.629  -6.607  60.913 0.1000000015
85171  51.236  -7.263  60.474 0.1000000015
84270  51.409  -8.495  59.101 0.1000000015
84279  52.169  -8.754  58.278 0.1000000015
82546  51.303  -10.041  57.658 0.1000000015
86845  53.083  -4.993  61.111 0.1000000015
85170  51.929  -6.885  59.959 0.1000000015
86033  52.777  -6.632  59.524 0.1000000015
85181  52.549  -7.400  59.119 0.1000000015
84278  52.788  -8.505  57.780 0.1000000015
82555  51.712  -10.208  56.657 0.1000000015
84286  52.932  -8.693  56.899 0.1000000015
83418  52.511  -9.204  56.573 0.1000000015
81595  57.412  -11.191  67.177 0.1000000015
138199  58.471  -9.309  63.494 0.1000000015
83359  58.406  -9.942  64.656 0.1000000015
84223  57.751  -8.198  63.003 0.1000000015
84232  57.985  -8.918  62.707 0.1000000015
84234  56.174  -8.855  62.904 0.1000000015
85141  55.545  -8.263  63.498 0.1000000015
84220  54.132  -7.551  64.080 0.1000000015
134530  53.680  -6.115  63.714 0.1000000015
87725  53.902  -4.821  62.916 0.1000000015
87743  53.607  -4.613  60.532 0.1000000015
86869  53.695  -5.590  59.467 0.1000000015
86868  54.379  -5.217  59.121 0.1000000015
85208  53.073  -7.991  56.303 0.1000000015
125769  57.533  -10.915  66.973 0.1000000015
85134  58.478  -7.627  64.262 0.1000000015
85139  58.022  -7.477  63.296 0.1000000015
86001  55.571  -6.345  64.028 0.1000000015
85995  54.806  -6.981  64.164 0.1000000015
86837  55.278  -5.454  63.824 0.1000000015
87727  55.355  -4.035  63.168 0.1000000015
87728  54.404  -4.218  62.690 0.1000000015
87742  53.989  -3.914  60.771 0.1000000015
87752  54.272  -4.365  59.730 0.1000000015
88661  54.524  -3.435  60.064 0.1000000015
85206  54.449  -7.121  56.341 0.1000000015
85221  54.227  -7.050  56.215 0.1000000015
82444  57.516  -11.060  68.271 0.1000000015
137725  57.777  -9.798  66.982 0.2000000030
85999  57.735  -6.601  63.401 0.1000000015
137463  58.299  -5.877  63.760 0.1000000015
85994  58.378  -6.709  63.872 0.1000000015
86835  57.472  -4.943  63.604 0.1000000015
88639  56.284  -3.647  63.312 0.2000000030
145722  55.322  -2.637  62.004 0.2000000030
89575  55.909  -1.665  61.011 0.2000000030
90554  56.401  -1.374  60.156 0.2000000030
148391  55.181  -3.072  59.493 0.1000000015
89616  56.937  -1.675  57.791 0.2000000030
87770  56.190  -4.932  57.548 0.1000000015
139495  55.783  -6.171  57.157 0.1000000015
78806  55.086  -14.624  70.670 0.1000000015
82430  57.280  -11.191  69.013 0.2000000030
137434  57.097  -10.568  69.464 0.2000000030
128889  57.504  -8.559  67.972 0.2000000030
137415  57.558  -8.231  67.263 0.2000000030
85974  58.216  -6.833  65.521 0.1000000015
128534  58.464  -5.359  64.614 0.2000000030
137420  58.541  -5.220  63.984 0.2000000030
86834  58.253  -5.116  63.711 0.1000000015
88636  58.229  -3.690  63.879 0.2000000030
89554  57.454  -2.533  63.249 0.2000000030
88638  56.887  -3.145  63.255 0.2000000030
90566  56.968  -0.835  59.195 0.2000000030
76873  54.299  -16.079  71.383 0.1000000015
86805  57.811  -5.677  67.146 0.2000000030
87703  58.356  -4.808  65.374 0.2000000030
88589  58.243  -2.577  68.338 0.2000000030
87689  58.233  -3.773  67.960 0.2000000030
134939  58.437  -3.912  65.377 0.2000000030
136972  58.281  -1.962  65.759 0.2000000030
88631  58.451  -3.652  64.457 0.2000000030
89544  58.344  -2.563  64.846 0.2000000030
89560  57.507  -1.668  63.019 0.2000000030
90525  57.503  -0.832  62.836 0.2000000030
90538  57.337  -0.473  61.995 0.2000000030
86771  57.335  -4.499  70.918 0.2000000030
85940  57.621  -5.586  69.298 0.2000000030
85952  57.702  -5.639  68.322 0.2000000030
91478  43.175  -0.085  57.739 0.1000000015
93117  40.131  1.345  61.496 0.1000000015
93962  38.786  2.457  61.620 0.1000000015
127084  37.303  2.225  61.831 0.1000000015
94769  38.338  3.059  61.419 0.1000000015
93964  36.578  1.976  62.092 0.1000000015
94780  41.248  3.031  60.364 0.1000000015
92289  42.975  0.842  58.603 0.1000000015
93132  42.270  1.526  59.677 0.1000000015
94783  38.691  3.680  60.864 0.1000000015
148191  43.563  0.806  57.397 0.1000000015
93139  43.225  1.400  58.241 0.1000000015
93986  42.924  2.218  58.393 0.2000000030
98623  35.445  8.489  61.447 0.1000000015
103129  42.718  14.379  55.573 0.2000000030
99927  38.576  10.580  80.672 0.1000000015
99919  39.032  10.884  81.423 0.1000000015
100671  38.686  11.424  80.790 0.1000000015
143376  38.189  11.132  80.265 0.1000000015
100685  38.283  11.977  80.107 0.1000000015
102101  39.043  13.265  79.825 0.1000000015
102118  38.741  13.364  79.049 0.1000000015
101387  38.902  12.209  80.792 0.1000000015
101398  38.759  12.639  80.214 0.1000000015
102134  39.254  13.476  78.352 0.1000000015
102117  39.453  13.796  79.210 0.1000000015
101427  39.832  13.205  77.576 0.1000000015
102135  38.644  13.123  78.377 0.1000000015
102100  39.806  13.741  80.196 0.1000000015
101437  39.000  12.978  77.658 0.1000000015
101447  38.619  12.334  77.186 0.1000000015
97080  34.086  6.348  60.146 0.1000000015
97087  34.617  6.215  59.514 0.1000000015
148069  48.669  14.011  63.618 0.1000000015
125057  47.052  13.575  62.052 0.1000000015
125590  46.452  13.469  61.185 0.1000000015
99330  31.289  9.584  64.037 0.1000000015
100078  30.749  10.155  64.447 0.1000000015
99341  32.529  10.189  63.602 0.1000000015
99332  29.097  9.931  64.768 0.1000000015
99351  34.279  9.484  62.677 0.1000000015
102282  48.349  13.993  64.278 0.1000000015
102300  47.952  13.826  63.554 0.1000000015
102314  46.012  13.466  62.016 0.1000000015
131353  45.620  13.366  62.786 0.1000000015
102330  45.294  13.503  61.253 0.1000000015
102315  45.037  13.504  62.059 0.1000000015
140271  45.710  13.509  60.589 0.1000000015
102331  44.570  13.612  61.527 0.1000000015
124692  44.562  13.682  61.015 0.1000000015
102346  44.229  14.003  60.549 0.1000000015
123618  45.551  13.614  59.791 0.1000000015
102345  44.946  13.607  60.485 0.1000000015
131807  44.639  13.974  59.841 0.1000000015
103119  41.603  14.395  56.643 0.1000000015
138380  31.901  11.087  64.236 0.1000000015
146230  30.496  10.935  64.760 0.1000000015
123973  29.872  11.310  65.011 0.1000000015
100080  28.299  10.288  64.798 0.1000000015
103118  42.349  14.766  56.243 0.1000000015
126532  34.991  9.907  62.593 0.1000000015
99340  33.641  9.842  63.039 0.1000000015
100821  32.449  11.622  64.068 0.1000000015
101556  31.214  12.616  64.619 0.1000000015
123484  29.078  10.820  64.966 0.1000000015
99350  35.563  9.663  62.230 0.1000000015
100093  35.094  10.704  62.857 0.1000000015
126651  33.862  10.880  63.330 0.1000000015
100101  36.939  10.341  61.750 0.1000000015
131358  47.516  13.803  64.235 0.1000000015
125384  47.896  13.824  65.003 0.1000000015
131357  46.721  13.656  64.211 0.1000000015
102301  47.115  13.664  63.526 0.1000000015
131354  46.623  13.509  62.790 0.1000000015
102302  46.235  13.506  63.520 0.1000000015
132651  44.605  13.323  62.755 0.1000000015
102316  44.171  13.561  62.038 0.1000000015
102332  43.906  13.895  61.316 0.1000000015
103085  43.561  14.536  60.745 0.1000000015
103084  43.938  14.618  59.942 0.1000000015
103675  43.467  15.157  60.317 0.1000000015
103682  43.694  15.378  59.768 0.1000000015
103092  44.443  14.465  59.357 0.1000000015
103688  44.343  15.596  58.449 0.1000000015
102357  45.051  14.008  59.036 0.1000000015
103046  31.755  14.215  64.253 0.1000000015
125926  30.971  14.169  64.575 0.1000000015
137850  30.521  14.867  64.621 0.1000000015
103048  30.234  14.153  64.876 0.1000000015
103057  32.506  14.249  63.798 0.1000000015
102289  31.428  13.457  64.482 0.1000000015
102290  30.580  13.337  64.797 0.1000000015
102291  29.899  13.555  65.079 0.1000000015
131610  33.194  14.486  63.323 0.1000000015
102308  33.212  13.486  63.661 0.1000000015
101571  32.833  12.536  63.981 0.1000000015
101557  30.463  12.551  64.905 0.1000000015
101546  29.370  12.526  65.278 0.1000000015
103708  41.933  15.175  56.845 0.1000000015
103111  41.229  14.783  57.270 0.1000000015
101580  35.354  12.893  62.856 0.1000000015
101569  34.546  12.715  63.319 0.1000000015
100830  33.786  11.552  63.506 0.1000000015
100831  33.166  11.821  63.735 0.1000000015
100822  31.615  11.748  64.480 0.1000000015
123469  29.911  12.132  65.118 0.1000000015
101547  28.700  12.557  65.347 0.1000000015
103120  41.005  14.034  57.089 0.2000000030
101579  36.361  12.381  62.352 0.1000000015
149110  35.900  12.621  62.579 0.1000000015
100838  35.776  11.991  62.808 0.1000000015
100828  35.273  11.416  63.019 0.1000000015
145041  34.343  12.017  63.420 0.1000000015
102393  41.428  13.666  56.497 0.1000000015
101586  38.075  12.150  61.153 0.1000000015
101578  36.971  11.998  61.975 0.1000000015
100100  37.065  11.141  62.017 0.1000000015
126791  35.686  10.317  62.469 0.1000000015
127800  45.008  14.327  70.022 0.1000000015
102212  44.753  13.766  70.523 0.1000000015
102967  45.665  14.280  69.458 0.1000000015
102968  44.182  14.391  69.866 0.1000000015
102213  43.932  13.837  70.499 0.1000000015
102268  47.343  13.912  65.630 0.1000000015
102244  46.712  14.088  67.303 0.1000000015
103002  46.176  14.113  67.913 0.1000000015
102985  45.574  14.172  68.476 0.1000000015
102956  42.943  14.318  70.083 0.1000000015
102227  42.415  14.036  70.158 0.1000000015
102215  42.150  13.627  70.354 0.1000000015
125061  47.094  13.706  64.909 0.1000000015
145144  46.838  13.913  66.008 0.1000000015
102258  45.736  13.730  66.560 0.1000000015
137996  45.249  13.833  67.247 0.1000000015
103004  44.050  14.291  68.259 0.1000000015
102969  43.461  14.395  69.736 0.1000000015
102228  41.617  13.961  70.079 0.1000000015
145142  41.414  13.438  70.419 0.1000000015
102216  40.693  13.558  70.262 0.1000000015
102283  46.282  13.584  64.920 0.1000000015
125060  45.642  13.519  65.267 0.1000000015
102271  44.445  13.470  65.886 0.1000000015
102246  44.499  13.922  67.476 0.1000000015
103005  43.122  14.419  67.992 0.1000000015
102987  43.306  14.329  68.891 0.1000000015
102971  41.602  14.135  69.209 0.1000000015
102229  40.837  13.958  69.660 0.1000000015
102217  39.802  13.294  70.245 0.1000000015
102303  45.194  13.322  63.636 0.1000000015
102285  44.480  13.283  64.319 0.1000000015
102272  43.358  13.469  65.917 0.1000000015
102259  44.155  13.575  66.762 0.1000000015
103006  42.273  14.420  67.703 0.1000000015
102989  41.513  14.425  68.194 0.1000000015
102235  40.058  13.926  68.976 0.1000000015
127490  40.165  13.701  69.829 0.1000000015
102230  39.246  13.538  69.668 0.1000000015
129771  43.670  13.500  62.676 0.1000000015
102305  43.145  13.533  63.340 0.1000000015
102273  42.466  13.634  65.659 0.1000000015
102261  42.649  13.798  66.406 0.1000000015
103007  41.513  14.543  67.267 0.1000000015
102972  40.929  14.125  68.837 0.1000000015
102236  38.997  13.909  68.705 0.1000000015
103074  43.223  14.490  61.508 0.1000000015
102991  39.659  14.304  68.083 0.1000000015
104276  43.407  15.988  60.197 0.1000000015
103689  43.856  15.989  59.217 0.1000000015
104878  44.662  17.404  58.144 0.1000000015
148025  44.198  16.212  58.615 0.1000000015
130852  44.533  16.478  57.949 0.1000000015
104873  41.344  17.796  59.254 0.1000000015
104874  40.681  17.431  59.676 0.1000000015
105486  40.232  18.103  60.331 0.1000000015
104291  42.228  17.033  57.985 0.1000000015
104880  41.759  17.398  58.617 0.1000000015
104285  41.173  16.959  59.107 0.1000000015
104277  39.980  17.049  60.117 0.1000000015
104866  39.430  17.533  60.800 0.1000000015
104843  32.740  17.145  63.750 0.1000000015
104253  32.289  16.454  63.697 0.1000000015
103058  31.983  15.073  63.822 0.1000000015
103653  30.777  15.597  64.469 0.1000000015
133933  29.833  14.828  64.863 0.1000000015
103036  29.123  14.845  64.989 0.1000000015
127222  28.749  14.086  65.204 0.1000000015
104292  41.512  16.626  58.380 0.1000000015
104286  40.415  16.619  59.437 0.1000000015
141980  39.651  16.317  59.676 0.1000000015
104859  38.769  17.649  61.359 0.1000000015
148163  38.237  17.693  61.684 0.1000000015
104850  37.121  17.744  62.315 0.1000000015
104851  36.364  17.396  62.474 0.1000000015
104852  35.557  17.143  62.604 0.1000000015
104853  34.715  16.982  62.706 0.1000000015
104263  33.508  16.360  62.801 0.1000000015
104252  32.909  16.444  63.266 0.1000000015
103660  32.541  15.689  63.360 0.1000000015
145789  32.651  14.945  63.429 0.1000000015
103700  41.905  16.293  57.722 0.1000000015
103690  41.102  15.916  58.034 0.1000000015
104293  40.773  16.248  58.724 0.1000000015
103683  40.017  15.917  59.051 0.1000000015
104279  38.206  16.308  60.245 0.1000000015
104867  38.678  16.953  60.964 0.1000000015
104268  37.909  16.676  61.106 0.1000000015
104269  36.955  16.522  61.201 0.1000000015
146320  36.431  16.534  61.516 0.1000000015
104271  35.295  15.985  61.423 0.1000000015
104272  34.686  15.904  61.745 0.1000000015
133971  34.275  15.356  62.057 0.1000000015
103037  28.332  14.840  65.064 0.1000000015
139294  41.544  15.541  57.478 0.1000000015
103701  40.720  15.209  57.735 0.1000000015
103692  39.429  15.250  58.635 0.1000000015
103693  38.830  14.751  58.728 0.1000000015
103684  38.605  15.320  59.155 0.1000000015
104280  37.335  16.177  60.475 0.1000000015
134736  36.606  14.897  60.425 0.1000000015
103076  36.150  14.681  61.070 0.1000000015
103670  35.634  15.417  61.114 0.1000000015
103077  35.408  14.750  61.539 0.1000000015
103067  34.418  14.428  62.505 0.1000000015
102307  33.876  14.030  63.133 0.1000000015
102277  27.501  13.306  65.123 0.1000000015
143237  39.929  13.278  58.009 0.2000000030
103103  39.331  14.503  58.344 0.1000000015
103093  38.303  14.574  59.089 0.1000000015
103094  37.859  14.267  59.719 0.1000000015
103086  37.202  14.750  60.035 0.1000000015
102348  37.511  13.872  60.446 0.1000000015
102334  36.534  13.791  61.531 0.1000000015
102319  36.066  13.264  62.244 0.1000000015
102320  35.277  13.998  62.327 0.1000000015
102358  39.050  13.340  59.069 0.1000000015
101606  38.710  12.942  59.758 0.1000000015
102347  38.115  13.428  60.099 0.1000000015
101597  37.809  13.015  60.834 0.1000000015
101587  37.457  12.528  61.495 0.1000000015
101588  36.797  12.911  61.841 0.1000000015
100854  38.917  11.230  60.750 0.1000000015
143412  38.562  11.856  60.789 0.1000000015
103001  48.195  14.355  67.555 0.1000000015
125359  47.559  14.383  68.335 0.1000000015
127596  45.915  14.224  70.273 0.1000000015
101505  43.390  13.242  70.636 0.1000000015
124525  46.844  14.231  68.122 0.1000000015
102984  46.299  14.232  68.785 0.1000000015
102966  46.489  14.366  69.756 0.1000000015
102193  44.322  13.203  70.744 0.1000000015
101490  41.784  12.786  70.677 0.1000000015
129137  40.848  12.869  70.674 0.1000000015
129712  40.165  12.923  70.568 0.1000000015
102218  38.371  13.178  70.165 0.1000000015
101509  37.578  12.692  70.799 0.1000000015
102286  43.496  13.370  64.155 0.1000000015
102219  37.489  13.320  69.981 0.1000000015
147596  42.931  14.350  62.128 0.1000000015
102306  42.378  14.005  63.403 0.1000000015
102287  42.052  13.862  64.310 0.1000000015
102262  41.961  13.992  65.996 0.1000000015
103024  40.851  14.956  66.838 0.1000000015
137045  40.961  14.627  67.570 0.1000000015
102992  38.784  14.406  67.976 0.1000000015
102231  38.254  13.619  69.358 0.1000000015
103668  43.119  15.306  61.062 0.1000000015
103065  42.544  14.510  62.646 0.1000000015
103055  42.064  14.687  63.300 0.1000000015
103034  41.483  14.520  64.792 0.1000000015
140776  41.588  14.333  65.593 0.1000000015
103023  41.495  14.525  66.393 0.1000000015
103009  39.386  14.840  67.464 0.1000000015
103045  41.621  14.899  63.958 0.1000000015
103651  41.331  15.369  64.573 0.1000000015
103035  41.178  14.886  65.837 0.1000000015
103647  40.613  15.500  66.232 0.1000000015
103008  40.248  14.774  67.511 0.1000000015
103010  38.596  15.025  67.520 0.1000000015
131898  38.143  14.682  67.933 0.1000000015
104872  43.773  16.823  59.592 0.1000000015
105496  44.865  18.222  58.364 0.1000000015
105491  41.427  18.771  59.360 0.1000000015
106122  41.074  19.829  59.660 0.1000000015
129956  40.740  18.884  59.981 0.1000000015
148649  40.325  18.875  60.363 0.1000000015
106113  40.377  19.665  60.233 0.1000000015
131623  39.874  18.941  60.754 0.1000000015
106114  39.722  20.057  60.682 0.1000000015
106093  38.086  19.086  62.085 0.1000000015
106768  38.052  20.170  62.188 0.1000000015
106094  37.376  19.619  62.589 0.1000000015
129440  36.710  19.103  62.969 0.1000000015
103652  31.447  15.691  64.169 0.1000000015
104244  31.057  16.353  64.442 0.1000000015
104245  30.319  16.278  64.586 0.1000000015
133646  38.757  18.978  61.582 0.1000000015
106105  38.645  19.806  61.681 0.1000000015
105473  37.319  18.649  62.512 0.1000000015
105474  36.623  18.242  62.742 0.1000000015
105464  36.190  18.616  63.173 0.1000000015
105465  35.546  18.500  63.464 0.1000000015
104841  34.358  17.499  63.302 0.1000000015
104842  33.505  17.153  63.378 0.1000000015
103648  28.789  15.717  65.002 0.1000000015
128979  36.004  20.195  63.666 0.1000000015
106085  35.106  19.156  63.917 0.1000000015
105466  34.739  18.311  63.679 0.1000000015
105467  33.909  18.057  63.817 0.1000000015
104830  33.223  17.774  63.917 0.1000000015
131465  27.926  14.075  65.128 0.1000000015
101595  39.120  12.075  60.285 0.1000000015
101596  38.401  12.574  60.483 0.1000000015
101489  42.702  12.317  70.815 0.1000000015
100773  42.273  11.155  71.180 0.1000000015
146218  41.796  11.803  70.987 0.1000000015
101491  40.095  12.104  70.990 0.1000000015
140773  38.748  12.197  71.169 0.1000000015
101510  36.712  13.074  70.574 0.1000000015
102220  35.986  13.503  70.447 0.1000000015
103075  42.667  14.924  61.883 0.1000000015
124518  36.658  13.644  69.858 0.1000000015
103658  41.971  15.412  63.405 0.1000000015
104251  42.083  16.263  63.714 0.1000000015
102237  38.033  14.178  68.541 0.1000000015
102232  37.367  13.882  69.256 0.1000000015
104266  43.041  16.289  61.105 0.1000000015
144424  41.660  15.591  63.982 0.1000000015
104242  41.539  16.175  64.354 0.1000000015
104234  40.510  16.104  65.751 0.1000000015
138170  40.048  16.030  66.354 0.1000000015
103641  39.122  15.562  67.111 0.1000000015
102993  37.490  14.848  68.190 0.1000000015
104858  43.336  17.260  61.435 0.1000000015
104865  43.505  16.998  60.504 0.1000000015
126395  41.396  16.907  64.758 0.1000000015
104233  40.971  16.108  64.999 0.1000000015
104864  44.059  17.698  59.961 0.1000000015
105495  45.429  18.972  58.748 0.1000000015
105490  44.691  18.312  59.409 0.1000000015
105500  45.671  18.787  57.447 0.1000000015
145747  42.845  20.394  58.077 0.1000000015
106129  41.770  19.706  58.992 0.1000000015
106780  40.104  20.844  60.006 0.1000000015
106769  37.407  20.613  62.582 0.1000000015
106781  39.444  21.089  60.549 0.1000000015
131491  39.135  20.399  61.174 0.1000000015
106775  38.493  20.817  61.582 0.1000000015
131631  37.938  21.089  62.027 0.1000000015
106095  36.693  20.119  63.176 0.1000000015
143398  33.654  19.609  64.745 0.1000000015
108181  38.696  22.221  61.447 0.1000000015
107472  38.050  21.908  61.793 0.1000000015
107473  37.471  21.546  62.426 0.1000000015
108163  37.015  22.053  62.895 0.1000000015
106770  36.917  21.149  63.058 0.1000000015
106762  36.261  20.864  63.545 0.1000000015
106071  34.595  19.867  64.430 0.1000000015
105456  34.258  18.926  64.220 0.1000000015
124993  44.328  12.151  70.945 0.1000000015
126710  44.274  11.054  71.227 0.1000000015
101488  43.631  12.493  70.807 0.1000000015
100772  43.344  11.376  71.083 0.1000000015
100031  43.543  10.307  71.482 0.1000000015
100032  42.677  10.369  71.492 0.1000000015
124520  41.930  10.446  71.584 0.1000000015
131894  41.009  11.932  70.989 0.1000000015
100775  40.384  11.270  71.423 0.1000000015
101492  39.268  11.868  71.306 0.1000000015
100777  38.561  11.731  71.690 0.1000000015
101493  38.056  12.174  71.351 0.1000000015
101495  36.670  12.628  71.441 0.1000000015
102195  35.401  13.538  71.052 0.1000000015
102233  35.995  13.994  69.873 0.1000000015
102196  34.814  14.258  71.035 0.1000000015
104259  42.530  16.060  62.412 0.1000000015
103666  42.394  15.286  62.616 0.1000000015
104250  42.355  16.034  63.057 0.1000000015
102973  36.538  14.399  69.270 0.1000000015
102957  35.020  14.712  70.388 0.1000000015
103621  35.010  15.520  70.103 0.1000000015
104267  42.696  15.709  61.792 0.1000000015
104258  42.823  16.590  61.943 0.1000000015
104848  42.720  16.789  62.862 0.1000000015
104241  42.028  16.919  64.224 0.1000000015
127803  39.992  16.758  66.079 0.1000000015
149089  39.734  16.388  66.393 0.1000000015
103642  38.857  16.320  66.868 0.1000000015
103011  37.874  15.345  67.737 0.1000000015
103632  37.121  15.681  68.078 0.1000000015
103630  36.182  15.176  69.057 0.1000000015
103631  35.742  15.690  69.375 0.1000000015
104217  35.417  16.372  69.763 0.1000000015
104828  42.520  17.628  64.267 0.1000000015
104829  41.866  17.484  64.548 0.1000000015
104818  40.703  17.007  65.436 0.1000000015
104804  37.597  17.117  67.773 0.1000000015
103633  36.388  15.978  68.652 0.1000000015
104216  36.012  16.463  69.234 0.1000000015
104857  43.903  17.966  60.896 0.1000000015
106121  46.176  19.562  58.744 0.1000000015
106134  46.686  19.377  56.168 0.1000000015
128390  42.165  20.568  58.589 0.1000000015
106788  41.447  20.700  59.115 0.1000000015
148765  41.096  21.536  59.164 0.1000000015
107496  40.511  21.746  59.563 0.1000000015
143533  40.220  22.125  59.915 0.1000000015
107497  39.853  21.736  60.130 0.1000000015
107485  39.246  21.837  60.818 0.1000000015
108179  40.152  22.512  61.387 0.1000000015
108180  39.341  22.380  61.211 0.1000000015
108161  38.201  22.595  62.070 0.1000000015
108831  38.448  23.235  62.557 0.1000000015
108832  37.736  23.055  62.581 0.1000000015
108824  37.307  23.476  62.993 0.1000000015
137888  39.550  22.714  61.921 0.1000000015
108160  38.886  22.751  61.893 0.1000000015
108830  39.400  23.334  62.732 0.1000000015
108822  38.789  23.769  63.144 0.1000000015
108823  37.951  23.842  63.047 0.1000000015
99289  42.218  9.886  71.929 0.1000000015
100033  41.365  10.246  72.025 0.1000000015
100034  40.549  10.653  71.867 0.1000000015
100035  39.851  10.980  71.862 0.1000000015
145186  41.770  9.953  73.233 0.1000000015
100014  40.690  10.533  72.520 0.1000000015
100015  40.099  10.761  72.275 0.1000000015
100776  39.220  11.385  71.851 0.1000000015
101494  37.373  12.288  71.600 0.1000000015
101472  36.236  12.680  72.124 0.1000000015
143250  36.100  12.824  71.663 0.1000000015
103611  34.369  15.737  71.279 0.1000000015
104208  34.755  16.377  70.399 0.1000000015
104847  43.273  17.435  62.378 0.1000000015
104837  43.277  17.612  63.272 0.1000000015
104827  43.275  17.876  64.003 0.1000000015
104788  34.559  17.157  70.808 0.1000000015
105471  44.559  18.475  62.922 0.1000000015
105472  43.805  18.029  62.845 0.1000000015
140497  42.964  18.344  64.452 0.1000000015
105439  41.612  18.579  65.025 0.1000000015
129743  40.592  17.881  65.518 0.1000000015
104809  39.471  17.572  66.346 0.1000000015
104803  38.236  17.567  67.383 0.1000000015
104800  37.782  17.929  68.118 0.1000000015
104801  37.216  17.489  68.508 0.1000000015
104220  36.562  17.109  68.952 0.1000000015
104798  35.982  17.157  69.639 0.1000000015
104787  35.231  17.124  70.199 0.1000000015
105484  45.349  19.078  60.800 0.1000000015
105455  42.095  18.154  64.647 0.1000000015
137296  39.387  18.428  66.622 0.1000000015
105429  38.762  18.043  66.886 0.1000000015
105424  38.221  18.551  68.757 0.1000000015
104796  37.094  17.910  69.177 0.1000000015
104797  36.696  18.008  69.640 0.1000000015
105420  35.830  17.892  70.060 0.1000000015
140057  45.873  19.364  59.463 0.1000000015
106126  46.930  20.162  58.034 0.1000000015
106139  47.560  19.891  54.976 0.1000000015
126475  43.376  21.725  57.999 0.1000000015
106798  42.675  21.293  58.279 0.1000000015
106799  41.755  21.627  58.746 0.1000000015
107503  41.134  22.043  59.068 0.1000000015
107495  40.769  22.227  59.602 0.1000000015
108193  41.256  22.398  60.144 0.1000000015
108178  41.078  22.455  61.254 0.1000000015
108131  43.231  22.872  63.671 0.1000000015
108159  40.986  22.671  62.310 0.1000000015
108143  40.240  22.959  62.506 0.1000000015
138970  43.716  23.440  64.238 0.1000000015
108821  40.464  23.617  63.315 0.1000000015
139721  39.528  24.100  63.440 0.1000000015
140137  39.386  24.941  63.701 0.1000000015
109379  44.754  24.149  64.699 0.1000000015
100004  41.496  10.423  73.628 0.1000000015
100000  41.267  10.895  74.080 0.1000000015
100745  40.224  11.101  73.662 0.1000000015
100746  39.589  11.299  73.417 0.1000000015
100748  38.029  11.755  72.930 0.1000000015
101467  37.365  12.244  72.832 0.1000000015
102180  35.911  13.163  72.610 0.1000000015
147347  37.737  12.255  73.399 0.1000000015
101468  36.615  12.688  72.806 0.1000000015
102181  35.319  13.702  72.300 0.1000000015
102182  34.848  14.325  71.894 0.1000000015
103608  34.356  15.629  71.880 0.1000000015
104204  34.350  16.420  71.073 0.1000000015
104783  34.266  17.144  71.590 0.1000000015
106102  47.211  19.383  61.333 0.1000000015
106103  46.282  19.274  61.135 0.1000000015
105478  45.610  19.011  61.703 0.1000000015
105454  43.831  18.553  64.278 0.1000000015
105406  34.957  17.950  70.564 0.1000000015
127057  34.477  18.008  71.190 0.1000000015
137034  45.009  18.714  62.257 0.1000000015
105438  42.348  19.016  64.914 0.1000000015
136124  41.523  19.170  65.298 0.1000000015
142184  40.431  19.176  66.073 0.1000000015
106038  40.573  19.785  66.674 0.1000000015
106111  47.005  19.560  60.407 0.1000000015
106112  46.071  19.322  60.223 0.1000000015
106039  39.766  19.238  66.842 0.1000000015
131772  38.416  18.338  67.745 0.1000000015
105417  38.156  18.804  69.537 0.1000000015
144437  37.485  18.529  69.559 0.1000000015
142633  36.411  18.516  69.976 0.1000000015
106120  46.770  19.686  59.323 0.1000000015
106806  47.670  20.882  56.173 0.1000000015
107531  47.208  20.818  55.252 0.1000000015
107509  44.415  21.889  57.671 0.1000000015
107502  41.750  22.135  58.849 0.1000000015
141060  42.928  22.413  59.653 0.1000000015
108192  42.119  22.419  59.895 0.1000000015
108158  42.684  22.155  62.109 0.1000000015
108130  44.129  22.860  64.026 0.1000000015
144944  42.472  22.510  63.023 0.1000000015
108809  44.505  23.430  64.447 0.1000000015
127569  43.855  22.483  63.478 0.1000000015
100736  42.281  12.051  75.167 0.1000000015
100741  41.551  11.512  74.631 0.1000000015
101459  40.790  11.974  74.658 0.1000000015
100743  40.000  11.683  74.185 0.1000000015
101465  39.101  11.799  73.940 0.1000000015
101461  39.547  12.411  74.493 0.1000000015
101463  37.935  12.711  73.976 0.1000000015
102176  36.374  13.358  73.311 0.1000000015
102935  35.122  14.410  72.642 0.1000000015
104200  34.534  15.973  72.513 0.1000000015
137324  34.305  16.722  72.239 0.1000000015
104782  34.362  17.419  72.396 0.1000000015
136979  34.272  18.050  71.857 0.1000000015
106092  46.485  19.170  62.076 0.1000000015
133863  45.439  18.776  63.001 0.1000000015
106013  34.957  19.654  70.536 0.1000000015
105462  45.013  18.740  63.634 0.1000000015
126104  44.671  18.776  64.170 0.1000000015
106049  41.008  19.596  65.757 0.1000000015
105419  35.496  18.822  70.306 0.1000000015
106119  47.914  19.860  59.499 0.1000000015
106069  44.347  19.181  64.589 0.1000000015
106047  43.954  19.848  65.005 0.1000000015
106738  42.649  20.588  65.946 0.1000000015
106034  39.497  19.302  68.165 0.1000000015
106030  38.754  19.042  69.496 0.1000000015
136484  38.048  19.008  69.868 0.1000000015
106026  36.510  19.322  70.008 0.1000000015
106012  35.605  19.761  70.199 0.1000000015
106787  48.972  20.312  58.515 0.1000000015
106739  41.976  20.529  66.349 0.1000000015
106729  41.763  20.480  67.282 0.1000000015
106717  40.841  19.810  68.995 0.1000000015
106029  39.342  19.262  69.385 0.1000000015
106011  39.110  19.482  70.097 0.1000000015
106025  37.631  19.372  69.950 0.1000000015
131174  36.951  20.157  69.805 0.1000000015
107519  47.801  21.330  56.300 0.1000000015
106022  39.947  19.475  70.136 0.1000000015
108215  44.475  22.310  58.365 0.1000000015
108206  43.491  22.436  58.939 0.1000000015
108207  42.358  22.398  58.936 0.1000000015
108176  43.032  22.111  60.869 0.1000000015
108140  43.301  22.291  62.930 0.1000000015
108800  45.543  24.404  64.955 0.1000000015
109934  46.992  25.259  65.273 0.1000000015
109378  46.409  24.709  65.242 0.1000000015
108808  45.381  23.488  64.775 0.1000000015
102163  42.990  13.410  75.659 0.1000000015
127069  42.235  12.919  75.403 0.1000000015
101455  41.502  12.396  75.081 0.1000000015
101456  40.781  12.744  75.012 0.1000000015
102169  40.085  13.038  74.888 0.1000000015
101460  40.236  12.365  74.641 0.1000000015
102170  39.276  13.262  74.815 0.1000000015
102172  37.577  13.365  74.116 0.1000000015
102933  35.513  14.546  73.214 0.1000000015
102171  38.328  13.540  74.586 0.1000000015
102929  37.598  14.150  74.389 0.1000000015
102932  36.233  14.297  73.644 0.1000000015
103604  35.764  15.205  73.564 0.1000000015
137769  34.646  16.815  72.900 0.1000000015
102928  38.351  14.695  74.816 0.1000000015
102930  37.000  14.509  74.089 0.1000000015
105403  34.339  18.823  71.531 0.1000000015
106101  48.228  19.477  61.450 0.1000000015
124820  47.391  19.317  62.162 0.1000000015
105470  46.242  19.009  62.887 0.1000000015
105407  34.660  18.832  70.785 0.1000000015
106110  48.062  19.630  60.513 0.1000000015
106091  46.848  19.226  62.663 0.1000000015
105461  45.898  19.039  63.657 0.1000000015
106068  45.132  19.277  64.474 0.1000000015
106671  34.736  20.242  70.792 0.1000000015
106118  49.092  20.044  59.579 0.1000000015
106082  47.640  19.402  63.222 0.1000000015
137832  46.829  19.301  63.322 0.1000000015
106044  46.355  19.701  64.704 0.1000000015
106045  45.613  19.726  64.817 0.1000000015
106737  43.559  20.567  65.683 0.1000000015
107369  35.296  21.599  70.287 0.1000000015
106795  49.782  20.932  57.793 0.1000000015
106735  45.342  20.343  65.363 0.1000000015
106736  44.477  20.495  65.512 0.1000000015
106727  43.272  20.963  66.661 0.1000000015
106728  42.481  20.782  66.976 0.1000000015
106716  41.613  20.137  68.566 0.1000000015
106708  40.874  19.533  70.220 0.1000000015
106669  38.506  19.467  70.030 0.1000000015
106690  37.940  20.117  69.947 0.1000000015
125346  37.214  20.982  69.628 0.1000000015
147602  36.426  20.913  69.654 0.1000000015
106804  49.282  21.440  57.228 0.1000000015
107508  49.399  21.833  57.241 0.1000000015
106726  44.143  21.058  66.409 0.1000000015
107425  43.895  21.021  67.609 0.1000000015
106714  43.109  20.726  67.880 0.1000000015
135578  42.292  19.513  70.560 0.1000000015
106707  41.681  19.535  70.021 0.1000000015
106687  40.684  19.765  70.508 0.1000000015
106689  38.960  19.965  70.260 0.1000000015
127812  38.195  21.081  69.655 0.1000000015
108220  48.308  21.995  56.800 0.1000000015
136196  47.990  22.377  57.683 0.1000000015
108204  45.416  22.464  58.684 0.1000000015
144092  45.297  22.479  59.523 0.1000000015
108205  44.535  22.442  59.282 0.1000000015
124857  44.258  22.000  61.093 0.1000000015
138114  44.341  21.909  62.079 0.1000000015
108157  43.611  22.000  62.012 0.1000000015
108156  44.076  22.110  62.825 0.1000000015
138588  44.974  22.851  64.264 0.1000000015
108139  44.628  22.345  63.559 0.1000000015
110453  48.922  25.922  65.327 0.1000000015
109933  47.828  25.482  65.355 0.1000000015
110462  48.626  26.462  64.659 0.1000000015
109937  47.687  26.249  64.671 0.1000000015
102919  44.163  14.125  76.148 0.1000000015
147240  42.722  14.000  75.765 0.1000000015
102165  40.683  13.518  75.276 0.1000000015
102920  42.138  13.837  75.616 0.1000000015
127126  41.268  14.055  75.524 0.1000000015
139760  40.587  14.217  75.425 0.1000000015
102166  39.958  13.850  75.199 0.1000000015
102927  39.139  14.223  75.140 0.1000000015
104197  35.202  16.082  73.388 0.1000000015
103602  36.642  15.202  74.000 0.1000000015
104196  36.193  16.067  73.895 0.1000000015
104781  34.764  17.734  73.169 0.1000000015
105401  34.294  18.753  72.240 0.1000000015
105400  34.642  18.622  72.922 0.1000000015
106774  51.607  20.595  60.019 0.1000000015
106100  49.457  19.665  61.415 0.1000000015
106090  48.402  19.414  62.506 0.1000000015
128903  48.399  19.505  63.516 0.1000000015
108069  35.217  22.615  71.231 0.1000000015
106785  51.184  20.911  58.939 0.1000000015
106779  50.376  20.312  59.634 0.1000000015
124618  47.442  19.555  63.864 0.1000000015
106043  47.225  19.761  64.565 0.1000000015
108090  35.856  22.362  69.698 0.1000000015
143956  51.333  21.382  59.087 0.1000000015
108200  50.364  21.967  57.995 0.1000000015
106724  45.875  20.829  65.953 0.1000000015
106725  45.020  20.982  66.192 0.1000000015
107390  37.303  21.897  69.382 0.1000000015
107391  36.484  21.698  69.558 0.1000000015
144350  49.054  22.305  57.737 0.1000000015
107423  45.595  21.286  67.069 0.1000000015
124956  43.005  20.028  69.298 0.1000000015
107368  41.568  19.835  70.938 0.1000000015
107388  40.139  20.474  70.378 0.1000000015
107389  39.200  20.909  69.879 0.1000000015
108203  47.221  22.593  58.935 0.1000000015
108189  45.711  22.416  60.111 0.1000000015
108190  44.809  22.371  60.155 0.1000000015
108175  45.282  22.009  60.902 0.1000000015
107454  45.203  22.011  63.221 0.1000000015
108129  45.733  22.753  64.577 0.1000000015
108138  45.507  22.258  63.902 0.1000000015
109932  49.632  25.387  65.891 0.1000000015
141522  47.933  24.661  65.762 0.1000000015
108798  46.902  23.977  65.475 0.1000000015
108120  46.783  23.215  65.231 0.1000000015
102909  43.852  14.921  76.220 0.1000000015
139848  42.528  14.546  75.767 0.1000000015
102923  40.040  14.843  75.387 0.1000000015
102924  39.147  15.251  75.190 0.1000000015
103601  37.553  15.201  74.444 0.1000000015
135360  37.065  15.956  74.294 0.1000000015
137766  36.129  16.974  73.998 0.1000000015
106089  50.017  19.603  62.172 0.1000000015
104778  35.625  17.734  73.748 0.1000000015
106003  34.999  19.421  73.341 0.1000000015
106663  34.490  20.497  72.121 0.1000000015
107355  34.804  21.222  72.376 0.1000000015
108067  35.384  22.696  72.056 0.1000000015
106099  50.992  19.955  61.106 0.1000000015
106081  49.333  19.462  63.056 0.1000000015
107359  34.639  21.157  71.537 0.1000000015
108745  35.554  23.321  71.533 0.1000000015
128557  48.358  19.713  64.348 0.1000000015
108078  34.855  21.844  70.935 0.1000000015
108752  35.514  23.344  70.732 0.1000000015
107491  51.637  21.117  59.561 0.1000000015
107492  51.566  21.420  59.543 0.1000000015
123245  49.691  19.777  64.969 0.1000000015
106750  48.071  20.103  65.164 0.1000000015
142595  46.676  20.617  65.774 0.1000000015
128090  36.638  22.479  69.412 0.1000000015
108763  35.814  23.319  69.951 0.1000000015
107493  50.647  22.010  59.840 0.1000000015
147710  48.312  22.383  60.320 0.1000000015
147085  47.391  20.456  65.664 0.1000000015
106723  47.295  20.923  66.391 0.1000000015
107414  45.341  21.163  68.433 0.1000000015
107415  44.510  20.794  68.752 0.1000000015
106705  43.583  19.696  70.435 0.1000000015
106685  42.533  19.600  71.050 0.1000000015
107386  41.777  20.384  70.894 0.1000000015
108086  40.511  21.264  70.004 0.1000000015
140681  38.977  22.025  69.211 0.1000000015
108088  38.108  22.264  69.165 0.1000000015
127856  37.224  22.820  69.140 0.1000000015
146185  37.183  23.415  69.068 0.1000000015
109334  36.156  24.071  69.772 0.1000000015
109320  35.803  24.119  70.349 0.1000000015
108187  47.823  22.521  59.698 0.1000000015
108173  47.283  22.236  60.581 0.1000000015
108174  46.237  22.095  60.770 0.1000000015
126686  46.010  20.570  69.756 0.1000000015
107406  45.130  20.238  70.004 0.1000000015
106704  44.379  19.979  70.256 0.1000000015
106684  43.218  19.700  71.062 0.1000000015
146520  42.379  20.308  71.139 0.1000000015
107387  41.013  20.360  70.661 0.1000000015
108100  40.468  22.372  69.099 0.1000000015
108101  39.508  22.665  68.877 0.1000000015
108102  38.679  22.949  68.782 0.1000000015
108103  37.801  23.371  68.841 0.1000000015
107481  46.821  21.780  61.455 0.1000000015
107482  45.835  21.769  61.646 0.1000000015
107470  46.371  21.639  62.540 0.1000000015
107483  44.984  21.825  61.796 0.1000000015
132497  45.741  21.850  63.211 0.1000000015
107471  45.462  21.771  62.516 0.1000000015
107439  46.164  22.299  64.302 0.1000000015
109931  50.808  25.669  65.916 0.1000000015
129457  48.640  25.043  65.846 0.1000000015
102908  44.741  14.754  76.279 0.1000000015
102921  41.799  14.700  75.616 0.1000000015
102922  40.988  14.838  75.537 0.1000000015
103600  38.438  15.795  74.859 0.1000000015
137803  37.736  16.044  74.575 0.1000000015
104194  36.771  16.561  74.231 0.1000000015
137573  36.958  17.191  74.349 0.1000000015
106000  35.918  19.214  74.031 0.1000000015
108064  35.483  21.936  72.738 0.1000000015
106098  52.339  20.270  61.013 0.1000000015
106080  50.690  19.503  62.934 0.1000000015
109307  36.237  24.474  71.892 0.1000000015
109311  35.725  24.043  71.214 0.1000000015
109876  36.693  25.268  71.731 0.1000000015
107478  51.759  21.490  60.392 0.1000000015
107494  49.246  22.305  60.437 0.1000000015
106732  49.077  20.296  65.701 0.1000000015
107421  48.118  21.115  67.088 0.1000000015
107413  46.223  21.396  68.026 0.1000000015
108089  36.548  23.437  69.449 0.1000000015
109319  36.240  24.803  70.037 0.1000000015
107479  49.852  21.924  61.196 0.1000000015
106722  49.382  20.655  66.610 0.1000000015
107412  47.936  21.215  68.423 0.1000000015
126677  46.950  21.152  68.969 0.1000000015
106682  44.973  19.894  70.924 0.1000000015
107384  43.691  20.218  71.186 0.1000000015
132532  42.204  21.200  70.449 0.1000000015
108085  41.327  21.536  69.891 0.1000000015
138971  39.209  23.459  68.590 0.1000000015
109893  36.727  25.468  69.728 0.1000000015
136900  47.344  21.587  62.098 0.1000000015
107381  46.304  20.271  70.866 0.1000000015
107382  45.510  20.128  71.102 0.1000000015
142010  45.155  20.905  71.303 0.1000000015
108083  43.583  21.580  70.337 0.1000000015
141510  42.737  21.723  70.091 0.1000000015
108084  42.078  22.351  69.324 0.1000000015
109345  41.128  23.999  68.417 0.1000000015
108770  39.980  23.385  68.538 0.1000000015
108771  38.523  23.872  68.568 0.1000000015
109349  37.476  24.821  68.813 0.1000000015
109333  36.758  24.606  69.380 0.1000000015
107437  48.636  21.837  64.566 0.1000000015
107452  47.335  21.600  63.140 0.1000000015
108761  42.971  22.557  69.375 0.1000000015
108767  42.444  23.406  68.846 0.1000000015
108768  41.594  23.347  68.659 0.1000000015
108794  48.956  23.222  66.313 0.1000000015
108126  48.148  22.449  65.282 0.1000000015
107453  46.314  21.894  63.615 0.1000000015
109368  49.227  23.810  66.488 0.1000000015
123745  47.471  22.971  65.425 0.1000000015
108127  47.224  22.575  64.967 0.1000000015
109922  50.309  24.933  66.538 0.1000000015
108797  48.085  23.254  65.813 0.1000000015
102907  45.648  14.555  76.315 0.1000000015
103591  43.023  15.121  76.013 0.1000000015
103593  41.522  15.508  75.574 0.1000000015
103594  40.689  15.672  75.473 0.1000000015
103596  39.173  16.036  75.130 0.1000000015
104192  38.126  16.613  74.795 0.1000000015
104193  37.420  16.612  74.481 0.1000000015
104775  37.154  17.919  74.585 0.1000000015
105999  36.864  19.361  74.560 0.1000000015
104187  39.535  16.584  75.260 0.1000000015
104773  38.476  17.369  75.055 0.1000000015
105395  36.587  18.559  74.420 0.1000000015
107352  35.980  21.540  73.456 0.1000000015
108742  36.436  23.428  72.723 0.1000000015
106079  52.389  19.628  62.747 0.1000000015
109875  37.404  25.399  72.315 0.1000000015
109299  36.859  24.143  72.651 0.1000000015
106078  52.788  20.032  61.977 0.1000000015
123343  51.417  19.492  63.735 0.1000000015
140135  50.890  19.496  64.507 0.1000000015
110403  37.106  26.319  71.059 0.1000000015
123634  52.604  21.151  61.201 0.1000000015
123309  50.453  19.987  65.867 0.1000000015
109310  36.142  24.898  70.953 0.1000000015
110404  36.931  26.158  70.307 0.1000000015
138139  52.352  21.384  62.181 0.1000000015
107411  49.055  21.135  67.845 0.1000000015
107403  48.847  20.776  69.529 0.1000000015
107405  46.847  20.549  70.212 0.1000000015
108076  45.789  21.216  71.209 0.1000000015
110413  37.210  26.157  69.449 0.1000000015
147436  51.919  21.470  63.111 0.1000000015
107468  49.524  21.666  62.475 0.1000000015
109346  40.389  24.178  68.361 0.1000000015
109347  39.365  24.317  68.400 0.1000000015
109907  38.578  25.773  68.446 0.1000000015
109892  37.228  25.461  69.102 0.1000000015
111025  38.076  27.645  69.447 0.1000000015
123254  49.764  21.654  64.464 0.1000000015
126002  48.408  21.573  63.102 0.1000000015
108082  45.328  22.097  70.580 0.1000000015
145929  43.733  22.721  69.480 0.1000000015
109343  42.964  24.330  68.859 0.1000000015
109344  41.905  24.333  68.486 0.1000000015
140344  40.986  24.781  68.329 0.1000000015
135024  40.117  26.072  68.252 0.1000000015
136701  39.391  25.957  68.306 0.1000000015
110422  38.124  26.339  68.706 0.1000000015
111039  37.736  26.742  69.126 0.1000000015
108115  49.836  22.552  66.454 0.1000000015
109330  45.853  24.756  70.245 0.1000000015
108760  44.308  23.517  69.443 0.1000000015
109904  42.639  25.172  68.731 0.1000000015
109905  41.683  25.312  68.421 0.1000000015
110419  40.667  26.636  68.308 0.1000000015
147839  40.245  27.127  68.333 0.1000000015
111037  39.144  27.431  68.580 0.1000000015
109891  45.279  25.598  70.336 0.1000000015
109903  43.595  25.137  69.307 0.1000000015
110417  43.289  25.964  69.339 0.1000000015
110418  42.441  26.547  68.818 0.1000000015
141403  41.565  27.040  68.531 0.1000000015
111035  40.723  27.451  68.427 0.1000000015
111036  39.933  27.582  68.443 0.1000000015
109890  45.674  25.554  70.235 0.1000000015
110409  45.536  26.120  70.454 0.1000000015
110410  45.015  26.300  70.666 0.1000000015
110411  44.281  26.435  70.371 0.1000000015
111034  42.467  27.389  68.921 0.1000000015
111032  45.786  26.711  69.938 0.1000000015
111022  45.763  27.293  70.238 0.1000000015
110407  44.900  26.798  70.884 0.1000000015
129817  44.154  27.088  70.542 0.1000000015
111024  43.232  27.667  69.639 0.1000000015
111678  45.467  27.762  70.862 0.1000000015
111017  44.857  27.344  70.978 0.1000000015
103582  43.573  15.716  76.184 0.1000000015
103583  42.766  15.906  75.948 0.1000000015
104185  41.285  16.300  75.557 0.1000000015
104186  40.408  16.635  75.446 0.1000000015
137256  39.153  17.124  75.221 0.1000000015
104774  37.885  18.020  74.928 0.1000000015
105394  37.382  18.681  74.777 0.1000000015
110387  37.877  25.989  72.468 0.1000000015
140157  53.241  19.893  62.860 0.1000000015
106064  52.948  19.502  63.746 0.1000000015
141886  52.172  19.413  64.475 0.1000000015
109880  37.283  26.006  71.739 0.1000000015
124709  53.070  21.111  62.882 0.1000000015
123319  53.575  19.866  63.940 0.1000000015
123208  51.831  19.439  65.264 0.1000000015
110408  37.359  26.881  70.693 0.1000000015
106721  50.949  20.054  66.598 0.1000000015
145644  49.926  20.834  68.421 0.1000000015
107404  47.670  20.647  69.943 0.1000000015
107364  48.206  20.527  71.063 0.1000000015
111026  37.387  26.933  69.835 0.1000000015
107380  47.349  20.413  70.822 0.1000000015
107365  47.011  20.567  71.132 0.1000000015
107366  46.052  20.458  71.196 0.1000000015
108749  48.399  22.719  71.293 0.1000000015
108750  47.435  22.774  70.953 0.1000000015
108751  46.521  22.215  70.828 0.1000000015
147421  45.925  22.242  70.668 0.1000000015
111698  38.690  27.872  68.892 0.1000000015
109328  47.718  24.232  70.138 0.1000000015
109318  47.299  23.984  70.591 0.1000000015
108757  46.872  23.457  70.589 0.1000000015
108758  46.114  23.273  70.300 0.1000000015
109341  47.395  24.511  69.149 0.1000000015
109889  46.109  25.040  70.268 0.1000000015
111696  40.484  28.234  68.647 0.1000000015
111697  39.456  28.281  68.809 0.1000000015
109901  46.514  24.999  69.426 0.1000000015
111685  42.911  28.530  69.643 0.1000000015
111695  41.560  27.995  68.673 0.1000000015
111679  44.789  28.064  70.939 0.1000000015
112369  45.678  28.520  71.098 0.1000000015
111684  43.739  28.615  70.385 0.1000000015
104767  39.753  17.320  75.434 0.1000000015
105387  38.112  18.758  75.125 0.1000000015
133737  37.688  24.111  73.138 0.1000000015
110981  38.911  26.904  74.044 0.1000000015
142065  38.561  26.618  73.432 0.1000000015
109866  38.092  25.332  72.854 0.1000000015
134118  38.399  25.990  73.111 0.1000000015
110386  38.129  26.765  72.784 0.1000000015
133811  37.484  26.733  71.486 0.1000000015
124400  51.252  20.394  68.072 0.1000000015
106703  50.338  20.643  69.442 0.1000000015
107379  48.183  20.461  70.646 0.1000000015
111013  38.089  27.971  71.756 0.1000000015
111674  38.129  28.127  70.914 0.1000000015
107363  49.346  20.765  71.029 0.1000000015
111018  38.301  28.277  70.134 0.1000000015
108072  49.786  21.833  71.268 0.1000000015
108748  49.346  22.828  71.394 0.1000000015
109316  48.956  23.865  71.184 0.1000000015
111688  39.436  28.920  69.530 0.1000000015
109326  49.706  24.340  70.207 0.1000000015
109327  48.628  24.219  70.113 0.1000000015
137753  40.983  29.417  69.407 0.1000000015
112378  42.040  29.234  69.448 0.1000000015
112381  41.220  28.845  68.903 0.1000000015
112370  44.182  29.074  70.747 0.1000000015
112363  45.074  29.330  71.404 0.1000000015
104769  38.479  18.151  75.223 0.1000000015
110980  39.330  26.839  74.894 0.1000000015
106702  51.955  20.315  68.567 0.1000000015
106712  52.627  19.936  67.733 0.1000000015
106681  51.354  20.619  69.529 0.1000000015
107378  50.174  20.712  70.359 0.1000000015
112366  38.742  29.150  71.614 0.1000000015
106680  52.515  20.404  68.765 0.1000000015
145284  52.036  20.610  69.508 0.1000000015
107362  51.352  21.493  70.525 0.1000000015
143691  50.355  21.192  70.815 0.1000000015
111680  38.851  28.839  70.142 0.1000000015
107376  52.164  20.956  69.820 0.1000000015
108747  50.260  22.959  71.352 0.1000000015
112374  39.419  29.346  70.329 0.1000000015
108756  51.599  23.594  70.619 0.1000000015
109314  50.768  23.743  71.116 0.1000000015
112373  40.131  29.451  69.765 0.1000000015
144997  50.652  24.724  70.053 0.1000000015
112372  41.524  29.803  69.933 0.1000000015
111687  40.252  28.968  69.033 0.1000000015
112371  42.420  29.707  70.092 0.1000000015
131004  43.196  29.584  70.452 0.1000000015
112362  46.304  29.216  71.401 0.1000000015
109297  38.241  24.672  73.229 0.1000000015
110376  38.964  26.043  73.655 0.1000000015
110992  38.475  27.437  73.484 0.1000000015
108081  52.285  21.731  70.002 0.1000000015
108070  51.565  22.453  70.710 0.1000000015
142131  50.994  23.044  71.187 0.1000000015
105386  38.847  18.742  75.435 0.1000000015
102256  47.419  14.133  66.601 0.1000000015
102211  45.440  13.765  70.588 0.1000000015
103101  44.571  14.712  58.710 0.1000000015
105501  45.344  18.021  57.249 0.1000000015
108214  46.585  22.510  58.127 0.1000000015
100846  38.279  11.311  61.229 0.1000000015
100847  37.606  11.618  61.602 0.1000000015
102374  39.368  13.697  58.396 0.2000000030
100092  36.391  10.725  62.272 0.1000000015
100077  31.743  10.308  64.068 0.1000000015
125319  31.236  10.979  64.540 0.1000000015
100076  32.338  10.824  63.879 0.1000000015
100079  29.864  10.484  64.743 0.1000000015
99339  34.272  10.360  62.965 0.1000000015
123443  33.099  10.926  63.571 0.1000000015
124921  30.699  11.751  64.828 0.1000000015
100823  28.273  11.174  65.112 0.1000000015
100086  33.608  10.426  63.250 0.1000000015
100816  29.074  11.767  65.229 0.1000000015
124398  35.804  11.099  62.682 0.1000000015
100829  34.537  11.264  63.249 0.1000000015
131356  45.987  13.542  64.168 0.1000000015
102304  44.069  13.273  63.452 0.1000000015
102317  43.432  13.917  62.031 0.1000000015
103681  44.097  15.124  59.236 0.1000000015
142746  31.758  12.983  64.443 0.1000000015
102288  32.261  13.347  64.224 0.1000000015
103047  31.245  14.934  64.328 0.1000000015
103654  30.075  15.521  64.658 0.1000000015
102275  29.220  13.289  65.293 0.1000000015
101558  29.915  12.896  65.120 0.1000000015
129588  34.019  13.264  63.392 0.1000000015
101570  33.706  12.486  63.588 0.1000000015
101555  32.057  12.478  64.370 0.1000000015
102321  34.604  13.556  62.959 0.1000000015
101568  35.047  12.047  63.283 0.1000000015
103112  40.475  14.457  57.532 0.1000000015
100837  36.425  11.539  62.385 0.1000000015
102986  44.762  14.223  69.059 0.1000000015
148065  46.755  13.749  65.460 0.1000000015
102257  46.499  13.897  66.571 0.1000000015
102245  46.008  13.896  67.218 0.1000000015
103003  44.961  14.157  68.013 0.1000000015
102970  42.309  14.214  69.737 0.1000000015
102988  42.433  14.327  68.730 0.1000000015
101506  42.617  13.243  70.570 0.1000000015
102270  45.339  13.577  65.873 0.1000000015
126678  44.969  13.640  66.565 0.1000000015
102247  43.681  13.990  67.422 0.1000000015
102284  45.417  13.412  64.570 0.1000000015
125059  44.873  13.347  65.150 0.1000000015
125436  43.882  13.237  65.044 0.1000000015
102248  42.853  14.102  67.206 0.1000000015
129138  39.077  13.087  70.328 0.1000000015
129214  42.753  13.444  64.867 0.1000000015
102318  42.911  13.886  62.642 0.1000000015
102274  41.904  13.826  65.165 0.1000000015
102990  40.581  14.352  68.162 0.1000000015
104871  44.326  17.541  59.064 0.1000000015
105492  40.887  18.177  59.732 0.1000000015
104278  39.171  16.657  60.315 0.1000000015
147045  39.713  18.219  60.827 0.1000000015
103661  31.958  15.852  63.787 0.1000000015
102276  28.335  13.318  65.289 0.1000000015
104287  38.841  16.034  59.685 0.1000000015
148296  39.307  15.763  59.232 0.1000000015
105480  39.240  18.402  61.252 0.1000000015
105481  38.509  18.305  61.681 0.1000000015
148141  38.271  17.226  61.399 0.1000000015
104860  37.609  17.244  61.744 0.1000000015
104849  37.853  18.108  62.091 0.1000000015
104861  36.770  16.961  61.921 0.1000000015
104260  35.958  16.592  61.917 0.1000000015
104839  35.953  17.905  63.009 0.1000000015
104261  35.035  16.451  62.072 0.1000000015
104840  35.175  17.699  63.195 0.1000000015
104262  34.167  16.254  62.245 0.1000000015
147575  34.018  16.860  62.839 0.1000000015
103667  33.586  15.659  62.520 0.1000000015
103659  33.107  15.879  62.927 0.1000000015
103691  40.321  15.552  58.337 0.1000000015
103676  38.148  15.734  59.618 0.1000000015
104281  36.674  15.979  60.647 0.1000000015
104270  36.102  16.075  61.100 0.1000000015
103669  36.296  15.448  60.676 0.1000000015
103671  34.978  15.408  61.554 0.1000000015
103066  34.835  14.807  61.934 0.1000000015
103056  33.699  14.862  62.688 0.1000000015
101548  27.886  12.548  65.266 0.1000000015
102373  39.789  14.108  57.816 0.1000000015
103102  39.959  14.864  58.013 0.1000000015
103104  38.769  14.086  58.699 0.1000000015
103685  37.778  15.126  59.507 0.1000000015
147960  37.334  15.281  59.854 0.1000000015
103678  36.940  15.476  60.198 0.1000000015
103087  36.869  14.258  60.784 0.1000000015
102335  35.915  14.117  61.774 0.1000000015
103038  27.507  14.770  65.040 0.1000000015
102359  38.413  13.772  59.334 0.1000000015
102333  37.214  13.427  61.221 0.1000000015
103044  41.847  14.328  63.920 0.1000000015
103025  39.993  15.424  66.920 0.1000000015
103646  41.012  15.383  65.362 0.1000000015
103635  38.382  15.830  67.329 0.1000000015
147211  40.596  20.290  59.882 0.1000000015
106104  39.284  19.412  61.251 0.1000000015
104243  32.063  17.162  64.121 0.1000000015
106083  35.970  19.366  63.524 0.1000000015
106084  35.429  19.957  64.031 0.1000000015
105457  33.302  18.574  64.405 0.1000000015
104237  28.149  16.424  65.272 0.1000000015
103649  27.858  15.549  65.178 0.1000000015
104838  42.613  17.116  63.676 0.1000000015
143147  37.219  14.450  68.728 0.1000000015
104224  37.633  16.227  67.660 0.1000000015
104846  44.034  18.135  62.002 0.1000000015
104817  41.296  17.825  65.021 0.1000000015
105485  44.587  18.490  60.374 0.1000000015
106127  46.234  19.596  57.661 0.1000000015
106789  40.784  20.863  59.542 0.1000000015
146444  38.271  21.414  61.664 0.1000000015
107484  39.811  22.192  60.497 0.1000000015
133515  38.959  21.200  61.051 0.1000000015
108162  37.598  22.353  62.388 0.1000000015
108144  37.141  22.853  62.856 0.1000000015
107456  36.375  21.694  63.430 0.1000000015
100774  41.277  10.946  71.364 0.1000000015
100754  38.611  11.516  72.379 0.1000000015
142167  35.177  13.766  71.605 0.1000000015
102974  35.642  14.752  69.726 0.1000000015
104808  40.148  17.510  65.855 0.1000000015
139703  39.365  16.711  66.486 0.1000000015
104223  38.217  16.707  67.260 0.1000000015
104219  37.013  16.609  68.190 0.1000000015
105440  40.881  18.703  65.444 0.1000000015
105431  40.052  18.370  66.018 0.1000000015
104810  38.758  17.169  66.782 0.1000000015
105479  44.691  18.654  61.338 0.1000000015
105489  45.265  18.997  59.874 0.1000000015
106133  47.258  20.390  56.527 0.1000000015
108208  41.480  22.300  59.264 0.1000000015
108194  40.466  22.333  60.336 0.1000000015
109393  38.655  24.468  63.441 0.1000000015
109394  37.848  24.658  63.421 0.1000000015
100005  40.799  10.687  73.423 0.1000000015
100006  40.104  10.841  72.943 0.1000000015
100753  39.453  11.153  72.517 0.1000000015
105463  44.037  18.368  63.625 0.1000000015
106070  43.423  19.083  64.714 0.1000000015
105425  37.611  18.226  68.982 0.1000000015
105432  39.071  18.750  67.379 0.1000000015
105423  38.838  18.910  68.480 0.1000000015
106125  47.829  20.263  58.365 0.1000000015
106797  48.052  20.653  57.106 0.1000000015
108217  42.991  22.226  58.478 0.1000000015
108177  41.979  22.305  61.101 0.1000000015
128725  41.806  22.430  62.228 0.1000000015
108142  40.979  23.083  62.978 0.1000000015
108820  41.457  23.424  63.446 0.1000000015
109391  41.179  24.041  63.729 0.1000000015
109392  40.428  24.595  63.747 0.1000000015
102175  37.178  12.839  73.531 0.1000000015
126035  42.970  19.849  65.208 0.1000000015
106048  41.918  19.912  65.591 0.1000000015
106033  40.254  19.705  67.870 0.1000000015
106730  41.011  20.171  67.574 0.1000000015
106024  38.716  19.244  69.859 0.1000000015
105418  37.226  18.775  69.846 0.1000000015
106805  48.511  21.249  56.783 0.1000000015
106796  48.833  20.799  57.529 0.1000000015
102173  36.981  13.729  73.875 0.1000000015
106067  45.818  19.330  64.325 0.1000000015
106037  41.297  20.235  66.430 0.1000000015
106046  44.833  19.807  64.895 0.1000000015
106028  40.057  19.488  69.304 0.1000000015
107392  35.793  21.296  69.832 0.1000000015
106786  50.121  20.558  58.667 0.1000000015
106715  42.359  20.420  68.207 0.1000000015
126411  39.753  19.949  70.451 0.1000000015
107518  48.768  21.714  56.893 0.1000000015
108191  43.832  22.420  59.981 0.1000000015
108799  46.158  23.801  65.183 0.1000000015
109377  47.260  24.688  65.525 0.1000000015
102164  41.432  13.242  75.347 0.1000000015
137765  35.276  16.971  73.522 0.1000000015
106006  34.243  19.640  71.988 0.1000000015
106665  34.496  20.351  71.374 0.1000000015
106109  49.203  19.830  60.554 0.1000000015
106066  46.551  19.452  64.089 0.1000000015
107370  34.764  20.983  70.795 0.1000000015
106108  50.367  20.002  60.508 0.1000000015
106734  46.132  20.160  65.251 0.1000000015
107507  50.048  21.632  57.678 0.1000000015
106794  50.487  21.102  58.236 0.1000000015
106733  46.946  20.075  65.167 0.1000000015
130767  42.312  19.744  69.604 0.1000000015
108213  48.989  22.073  57.133 0.1000000015
108201  49.801  22.291  58.202 0.1000000015
107424  44.724  21.212  67.359 0.1000000015
107416  43.734  20.487  69.009 0.1000000015
106706  42.868  19.532  70.524 0.1000000015
108202  48.496  22.481  58.652 0.1000000015
129511  46.116  22.564  59.251 0.1000000015
145713  48.242  26.036  65.039 0.1000000015
105398  35.291  18.523  73.536 0.1000000015
139891  50.829  21.962  58.761 0.1000000015
139959  46.467  21.166  66.702 0.1000000015
108186  49.351  22.416  59.418 0.1000000015
108087  39.780  21.645  69.552 0.1000000015
108188  46.685  22.504  59.929 0.1000000015
109375  49.296  24.572  66.340 0.1000000015
138220  47.630  24.018  65.751 0.1000000015
143653  47.365  23.490  65.521 0.1000000015
106088  51.773  19.709  61.869 0.1000000015
106662  34.792  20.589  72.741 0.1000000015
108743  35.834  23.346  72.212 0.1000000015
106065  49.714  19.465  63.916 0.1000000015
106767  52.753  20.664  61.516 0.1000000015
107467  51.142  21.570  61.697 0.1000000015
107480  48.115  21.987  61.209 0.1000000015
124800  48.168  20.625  66.062 0.1000000015
107422  47.142  21.279  67.548 0.1000000015
106683  44.122  19.853  71.014 0.1000000015
106667  42.798  19.916  71.291 0.1000000015
141868  37.821  24.236  68.691 0.1000000015
144704  45.538  20.071  70.705 0.1000000015
107383  44.830  20.255  71.275 0.1000000015
107385  42.887  20.718  70.982 0.1000000015
108769  40.815  23.324  68.573 0.1000000015
108099  41.262  22.626  68.994 0.1000000015
109376  48.447  24.071  66.155 0.1000000015
107469  48.353  21.641  62.222 0.1000000015
106713  50.399  20.570  67.399 0.1000000015
129207  44.523  21.082  71.098 0.1000000015
137197  39.136  25.209  68.326 0.1000000015
109908  37.821  25.579  68.658 0.1000000015
108119  48.989  22.549  65.913 0.1000000015
124176  47.979  21.640  63.944 0.1000000015
145296  47.737  22.100  64.623 0.1000000015
123209  49.391  21.937  65.236 0.1000000015
107451  49.299  21.573  63.617 0.1000000015
107438  46.977  22.042  64.269 0.1000000015
108766  43.352  23.493  69.098 0.1000000015
106766  53.132  20.419  62.312 0.1000000015
123210  50.777  21.608  62.817 0.1000000015
123266  50.807  21.530  63.851 0.1000000015
126605  44.495  22.415  69.962 0.1000000015
109906  40.824  25.714  68.298 0.1000000015
110421  38.864  26.600  68.464 0.1000000015
140123  51.263  21.366  65.044 0.1000000015
107420  50.220  21.852  66.005 0.1000000015
108759  45.254  23.450  69.854 0.1000000015
109332  43.937  24.368  69.302 0.1000000015
109331  44.941  24.525  69.807 0.1000000015
139764  44.448  25.092  69.768 0.1000000015
135064  41.571  26.184  68.449 0.1000000015
110406  45.387  26.721  70.677 0.1000000015
129547  44.394  25.783  70.068 0.1000000015
110412  43.333  26.848  69.547 0.1000000015
111694  42.453  28.084  69.080 0.1000000015
109902  45.939  25.608  70.093 0.1000000015
110416  45.764  26.172  69.300 0.1000000015
111016  45.390  27.249  70.817 0.1000000015
111033  45.490  27.316  69.090 0.1000000015
107465  53.488  20.429  62.869 0.1000000015
111007  37.836  27.203  72.034 0.1000000015
124465  49.094  20.551  70.588 0.1000000015
108074  47.834  21.333  71.291 0.1000000015
108075  47.046  21.451  71.200 0.1000000015
108073  48.817  21.471  71.342 0.1000000015
109317  48.058  23.827  70.888 0.1000000015
109342  46.844  24.477  70.143 0.1000000015
109329  46.576  24.301  70.267 0.1000000015
112375  38.905  29.202  70.780 0.1000000015
109315  49.938  23.782  71.216 0.1000000015
107375  52.967  21.167  69.159 0.1000000015
128375  43.232  -7.107  56.785 0.1000000015
86059  42.989  -6.306  56.127 0.1000000015
85226  43.250  -7.279  55.754 0.1000000015
86071  42.967  -6.730  55.172 0.1000000015
141272  43.050  -7.628  54.170 0.1000000015
86919  46.714  -5.805  54.432 0.1000000015
86920  42.824  -5.891  54.596 0.1000000015
86077  42.890  -7.102  54.312 0.1000000015
85238  43.376  -7.677  53.818 0.1000000015
86081  43.094  -7.373  53.510 0.1000000015
86076  44.396  -7.306  54.195 0.1000000015
85243  43.658  -7.503  53.058 0.1000000015
135215  45.135  -6.806  52.867 0.1000000015
86082  42.961  -6.732  53.059 0.1000000015
86934  42.805  -5.696  53.026 0.1000000015
85236  44.315  -7.283  52.609 0.1000000015
132913  43.930  -7.243  52.307 0.1000000015
86086  45.108  -6.754  52.046 0.1000000015
86097  44.191  -6.690  51.724 0.1000000015
86933  43.214  -5.752  52.321 0.1000000015
86088  43.611  -6.696  52.177 0.1000000015
85232  43.109  -7.446  54.817 0.1000000015
86927  42.862  -6.335  53.741 0.1000000015
85237  43.963  -7.582  53.525 0.1000000015
136503  43.392  -7.163  52.734 0.1000000015
86080  44.748  -7.028  53.575 0.1000000015
74848  32.618  -18.421  81.443 0.1000000015
74850  30.898  -18.259  80.259 0.1000000015
74872  36.251  -18.611  79.988 0.1000000015
74874  33.257  -18.695  80.005 0.1000000015
74893  30.710  -18.433  78.455 0.1000000015
74909  31.246  -18.355  77.730 0.1000000015
74910  30.546  -18.227  77.727 0.1000000015
75857  31.695  -17.982  77.115 0.1000000015
75863  55.477  -17.194  76.612 0.2000000030
76840  31.712  -16.803  76.044 0.1000000015
76843  28.938  -16.614  76.440 0.1000000015
76846  32.143  -16.025  75.781 0.1000000015
76850  28.562  -15.996  76.202 0.1000000015
77756  38.683  -15.436  79.106 0.1000000015
77815  31.780  -15.291  75.534 0.1000000015
77842  35.657  -15.065  72.105 0.2000000030
77856  34.671  -15.289  71.327 0.2000000030
77870  41.795  -15.383  70.726 0.1000000015
77874  38.274  -15.572  70.467 0.1000000015
77877  34.471  -15.145  70.504 0.2000000030
77887  36.316  -15.280  69.720 0.2000000030
77888  35.507  -15.116  69.743 0.2000000030
78776  38.569  -14.738  72.262 0.1000000015
78814  34.123  -14.817  69.865 0.2000000030
78836  34.357  -14.400  69.392 0.2000000030
78853  34.731  -13.885  68.911 0.2000000030
78912  48.546  -14.447  59.121 0.1000000015
79593  43.171  -13.114  82.439 0.1000000015
79615  41.588  -13.206  80.411 0.2000000030
79660  40.378  -12.934  76.196 0.1000000015
79687  37.735  -13.268  74.000 0.2000000030
79688  36.320  -13.706  74.390 0.2000000030
79689  35.661  -13.886  74.610 0.2000000030
79693  29.626  -13.371  74.430 0.1000000015
79744  30.651  -13.567  71.692 0.1000000015
79755  32.036  -13.844  70.252 0.2000000030
80569  42.409  -12.232  79.471 0.2000000030
80627  39.677  -12.667  74.731 0.1000000015
80636  40.473  -12.270  73.927 0.1000000015
80759  48.346  -12.416  60.785 0.1000000015
80769  48.407  -12.456  59.934 0.1000000015
81426  44.441  -11.264  82.393 0.1000000015
81587  35.924  -11.654  68.421 0.2000000030
81625  49.354  -11.863  62.276 0.1000000015
81626  48.817  -11.844  61.845 0.1000000015
81672  49.910  -11.827  57.588 0.1000000015
81699  50.232  -12.154  53.249 0.1000000015
82438  32.024  -10.585  69.171 0.2000000030
82452  34.286  -10.463  68.434 0.2000000030
82453  33.413  -10.483  68.515 0.2000000030
82468  37.597  -10.356  67.799 0.1000000015
82489  51.132  -10.141  63.134 0.1000000015
82493  57.892  -10.390  62.493 0.1000000015
82496  53.414  -10.541  62.629 0.1000000015
82500  49.203  -10.642  62.148 0.1000000015
82512  54.969  -10.687  61.563 0.1000000015
82548  49.692  -10.826  58.617 0.1000000015
82554  52.168  -9.678  56.208 0.1000000015
83313  31.373  -9.657  70.125 0.2000000030
83318  48.654  -9.151  70.431 0.3000000119
83320  47.353  -9.031  69.943 0.3000000119
83332  36.377  -9.708  68.302 0.2000000030
83348  58.120  -9.690  65.834 0.1000000015
83364  52.401  -9.421  63.554 0.1000000015
83374  50.275  -9.524  62.691 0.1000000015
83375  49.809  -9.454  62.291 0.1000000015
83398  49.284  -9.482  60.991 0.1000000015
83404  50.805  -9.037  58.974 0.1000000015
84146  51.431  -7.899  72.155 0.3000000119
84165  49.604  -7.581  69.676 0.3000000119
84186  33.341  -8.416  68.644 0.2000000030
84196  45.636  -8.593  67.376 0.3000000119
84207  44.461  -8.788  66.580 0.2000000030
84212  40.359  -8.536  66.461 0.2000000030
84219  58.565  -9.255  64.021 0.1000000015
84236  50.340  -8.469  62.261 0.1000000015
85024  54.467  -6.994  74.416 0.3000000119
85084  38.482  -7.522  68.381 0.3000000119
85094  54.132  -7.261  67.952 0.3000000119
85097  51.753  -7.987  67.064 0.3000000119
85121  51.688  -7.146  65.906 0.3000000119
85142  53.287  -7.362  63.902 0.1000000015
85172  50.606  -7.697  60.985 0.1000000015
85189  54.723  -7.154  57.267 0.1000000015
85195  55.063  -6.841  56.273 0.1000000015
85910  55.131  -5.639  74.264 0.3000000119
85920  53.276  -6.462  73.314 0.3000000119
85938  32.246  -6.529  70.356 0.2000000030
85941  55.206  -6.036  69.967 0.3000000119
85958  37.528  -6.653  68.804 0.3000000119
85977  53.462  -6.646  66.361 0.3000000119
85983  51.489  -6.604  65.657 0.3000000119
86050  55.532  -6.430  56.312 0.1000000015
86067  47.249  -6.116  56.204 0.1000000015
86089  43.172  -6.443  52.625 0.1000000015
86758  55.783  -4.731  72.929 0.3000000119
86759  55.411  -4.791  73.285 0.3000000119
86772  56.509  -3.744  70.802 0.3000000119
86778  39.906  -6.018  69.558 0.2000000030
86784  34.657  -5.126  69.112 0.3000000119
86785  33.888  -5.339  69.171 0.3000000119
86828  42.924  -5.610  65.592 0.2000000030
86876  55.161  -5.556  58.350 0.1000000015
86885  56.169  -5.614  57.102 0.1000000015
86902  56.126  -5.189  55.593 0.1000000015
86914  55.314  -4.654  54.718 0.3000000119
86949  45.062  -6.132  50.555 0.2000000030
87642  55.876  -4.460  72.503 0.3000000119
87666  56.721  -3.492  70.685 0.3000000119
87679  58.094  -3.048  68.888 0.2000000030
87712  44.378  -4.562  65.552 0.3000000119
87724  54.742  -4.746  63.377 0.1000000015
87760  56.457  -3.922  57.442 0.1000000015
87778  56.420  -4.896  56.261 0.2000000030
87786  55.794  -4.630  55.003 0.3000000119
87831  43.997  -5.191  51.420 0.2000000030
87846  46.126  -5.011  48.968 0.2000000030
87852  46.943  -4.323  48.107 0.2000000030
88534  31.703  -3.234  76.269 0.1000000015
88550  56.755  -3.866  71.197 0.2000000030
88552  42.492  -3.980  71.641 0.3000000119
88591  43.047  -2.930  68.234 0.2000000030
88643  54.805  -3.589  62.512 0.1000000015
88647  55.203  -2.407  61.181 0.2000000030
88649  48.930  -3.324  61.193 0.6000000238
88652  46.107  -3.048  61.259 0.6999999881
88664  49.040  -3.509  60.403 0.5000000000
88667  46.367  -3.304  60.601 0.6999999881
88674  55.708  -3.184  58.723 0.2000000030
88677  48.440  -3.627  59.786 0.6000000238
88678  47.525  -3.608  59.857 0.6000000238
88679  46.074  -3.145  59.992 0.6000000238
88687  50.464  -3.233  58.743 0.5000000000
88698  48.637  -3.390  57.241 0.6000000238
88708  47.349  -3.074  56.301 0.6000000238
88723  55.970  -3.089  54.488 0.3000000119
88724  55.556  -3.429  53.982 0.3000000119
88725  55.065  -3.151  53.402 0.4000000060
88733  53.649  -2.861  52.413 0.3000000119
88734  53.245  -3.225  52.089 0.3000000119
88755  45.144  -3.650  50.044 0.2000000030
88768  47.113  -3.227  47.311 0.3000000119
89406  46.558  -2.199  81.507 0.1000000015
89430  35.658  -2.581  78.566 0.1000000015
89433  33.027  -2.164  77.965 0.1000000015
89464  40.004  -1.851  72.210 0.4000000060
89495  57.139  -2.336  69.392 0.2000000030
89496  44.362  -2.138  70.455 0.3000000119
89508  45.630  -1.774  68.443 0.2000000030
89517  57.300  -1.257  68.488 0.3000000119
89557  47.012  -2.220  63.658 0.6000000238
89564  49.326  -2.340  62.574 0.6000000238
89567  46.383  -2.479  62.779 0.6999999881
89568  45.733  -1.960  62.681 0.6999999881
89591  52.125  -2.365  59.676 0.6000000238
89594  49.661  -3.165  60.816 0.6000000238
89608  50.882  -3.039  59.479 0.5000000000
89618  52.460  -2.481  58.092 0.4000000060
89621  46.084  -2.805  58.556 0.6000000238
89622  45.636  -2.178  58.671 0.6000000238
89633  50.988  -3.071  58.038 0.5000000000
89634  46.351  -2.778  57.204 0.5000000000
89643  54.717  -2.193  56.063 0.4000000060
89648  46.529  -2.681  56.328 0.5000000000
89654  56.243  -2.542  55.388 0.4000000060
89658  52.273  -2.474  54.963 0.4000000060
89677  48.546  -2.621  54.330 0.6000000238
89685  54.046  -2.777  52.718 0.3000000119
89710  51.591  -2.956  51.187 0.3000000119
89711  51.033  -3.080  50.956 0.3000000119
89745  48.231  -2.823  46.874 0.4000000060
89746  47.883  -2.596  46.526 0.3000000119
89747  47.453  -2.128  46.470 0.4000000060
89752  48.151  -2.209  46.400 0.4000000060
90414  43.790  -1.561  73.704 0.3000000119
90415  42.918  -1.384  73.518 0.3000000119
90419  45.978  -1.478  73.476 0.4000000060
90420  45.455  -1.738  73.544 0.4000000060
90421  44.936  -2.154  73.563 0.4000000060
90427  38.667  -1.096  72.724 0.4000000060
90429  36.268  -0.921  73.148 0.3000000119
90430  34.634  -0.952  72.924 0.3000000119
90475  57.397  -1.014  68.238 0.2000000030
90497  48.283  -1.235  65.626 0.4000000060
90499  46.370  -0.884  65.226 0.6000000238
90510  49.503  -1.259  64.594 0.4000000060
90511  47.924  -1.886  64.221 0.4000000060
90514  45.680  -0.756  64.017 0.6999999881
90521  45.915  -1.385  63.895 0.6000000238
90529  50.656  -1.624  62.528 0.4000000060
90545  45.431  -1.593  61.215 0.6999999881
90553  57.092  -0.648  60.136 0.2000000030
90556  53.817  -1.290  59.887 0.4000000060
90583  45.448  -1.398  58.902 0.6000000238
90593  54.258  -1.766  57.517 0.4000000060
90603  56.326  -1.295  56.354 0.4000000060
90613  45.831  -1.566  55.644 0.5000000000
90621  46.361  -1.793  54.480 0.5000000000
90622  45.882  -1.295  55.049 0.5000000000
90643  44.256  -1.316  51.201 0.3000000119
90659  46.504  -1.282  47.699 0.4000000060
90660  45.846  -1.199  48.661 0.3000000119
90669  48.030  -1.591  46.148 0.4000000060
90670  47.659  -1.284  46.216 0.4000000060
91311  31.964  -0.569  77.608 0.2000000030
91320  47.325  -0.132  74.477 0.4000000060
91322  30.663  -0.382  74.908 0.2000000030
91328  47.599  -0.307  74.308 0.5000000000
91329  46.837  -0.639  74.190 0.4000000060
91342  48.716  -0.149  73.311 0.6000000238
91343  47.601  -0.596  73.727 0.5000000000
91346  42.419  0.183  73.216 0.3000000119
91347  41.656  -0.087  73.299 0.3000000119
91401  45.711  0.047  65.227 0.6999999881
91425  45.351  -0.618  62.295 0.6999999881
91448  57.327  0.525  59.334 0.2000000030
91451  45.596  -0.398  59.899 0.6999999881
91464  45.531  -0.587  59.149 0.6000000238
91473  57.146  0.429  58.805 0.2000000030
91474  57.054  -0.139  58.157 0.2000000030
91487  56.514  -0.841  56.754 0.4000000060
91500  45.793  -0.581  54.976 0.5000000000
91516  44.424  -0.486  51.144 0.3000000119
91530  47.299  -0.542  49.171 0.5000000000
91546  48.098  -0.306  46.328 0.4000000060
91555  47.715  -0.318  46.256 0.4000000060
92076  49.590  0.080  80.687 0.1000000015
92095  36.161  1.005  79.110 0.1000000015
92104  31.786  0.240  77.413 0.2000000030
92108  30.748  -0.085  76.215 0.2000000030
92110  30.811  0.577  75.852 0.2000000030
92113  47.380  0.307  74.492 0.5000000000
92122  47.886  0.682  74.442 0.5000000000
92126  44.171  -0.184  73.624 0.3000000119
92139  44.349  0.381  73.065 0.3000000119
92158  44.702  0.472  72.286 0.5000000000
92176  45.066  0.561  71.356 0.4000000060
92180  40.911  0.563  70.818 0.4000000060
92182  37.590  0.837  71.180 0.3000000119
92183  36.861  0.789  71.014 0.4000000060
92195  40.642  0.478  69.805 0.4000000060
92220  46.448  0.557  66.636 0.6999999881
92221  45.964  0.905  66.024 0.6999999881
92226  57.069  1.861  65.064 0.3000000119
92240  45.507  0.497  64.009 0.6999999881
92280  46.203  0.719  59.629 0.6000000238
92281  45.784  0.144  59.364 0.6999999881
92288  43.273  0.637  57.908 0.1000000015
92292  46.034  0.610  57.529 0.6000000238
92294  43.732  1.062  56.966 0.1000000015
92297  46.132  0.640  56.667 0.6000000238
92298  45.734  -0.038  56.180 0.5000000000
92310  46.037  0.028  54.473 0.5000000000
92325  47.144  1.313  51.512 0.5000000000
92344  48.220  0.416  47.284 0.5000000000
92351  48.014  0.720  46.483 0.5000000000
92353  46.894  0.989  46.920 0.4000000060
92358  47.357  0.383  46.493 0.4000000060
92945  49.776  1.599  80.785 0.1000000015
92946  49.222  1.022  80.470 0.1000000015
92960  42.661  2.318  79.322 0.1000000015
92961  41.936  2.313  79.083 0.1000000015
92962  41.203  2.364  78.844 0.1000000015
92968  39.509  2.446  78.609 0.1000000015
92979  33.631  1.601  77.718 0.1000000015
93001  30.679  1.455  73.568 0.2000000030
93011  47.641  1.398  73.301 0.5000000000
93017  53.066  2.570  73.113 0.6000000238
93018  52.976  2.391  72.944 0.6000000238
93024  31.222  1.529  71.511 0.2000000030
93037  31.478  2.009  70.936 0.2000000030
93040  49.045  1.082  69.509 0.6000000238
93041  46.143  2.002  69.562 0.6000000238
93042  45.423  1.517  69.448 0.5000000000
93060  38.063  1.295  68.220 0.4000000060
93068  44.093  1.933  67.985 0.5000000000
93069  43.150  1.654  67.703 0.4000000060
93070  42.233  1.520  67.538 0.4000000060
93083  57.006  2.165  64.471 0.3000000119
93085  45.983  1.748  64.032 0.6999999881
93091  55.960  2.202  64.228 0.4000000060
93101  57.030  1.614  62.282 0.3000000119
93103  56.033  2.229  63.368 0.4000000060
93105  45.651  0.909  62.390 0.6999999881
93113  57.138  1.380  61.115 0.3000000119
93114  56.871  1.607  61.694 0.3000000119
93116  45.824  0.990  61.605 0.6999999881
93118  38.662  1.671  61.717 0.1000000015
93124  56.662  1.488  61.233 0.4000000060
93126  46.338  1.316  60.968 0.6000000238
93150  47.188  1.849  55.807 0.6000000238
93171  46.717  1.127  53.296 0.5000000000
93189  45.389  1.443  50.263 0.4000000060
93205  46.106  1.424  48.530 0.4000000060
93210  48.257  1.844  46.554 0.4000000060
93216  47.930  1.517  46.428 0.4000000060
93817  43.379  2.968  79.434 0.1000000015
93849  52.505  2.726  73.791 0.6000000238
93850  51.787  2.433  74.135 0.6000000238
93851  50.821  2.049  74.275 0.5000000000
93862  53.118  2.890  73.344 0.6000000238
93863  52.812  3.198  73.518 0.6000000238
93864  52.027  3.030  74.018 0.6000000238
93867  30.689  2.473  72.524 0.3000000119
93870  53.231  3.046  73.143 0.6000000238
93872  52.519  2.249  72.198 0.6000000238
93875  48.137  2.148  71.542 0.6000000238
93884  46.789  2.176  70.102 0.6000000238
93887  31.788  2.628  70.586 0.2000000030
93905  47.944  1.790  68.189 0.6000000238
93915  47.560  2.264  67.431 0.6999999881
93917  44.812  2.610  67.927 0.6000000238
93941  47.056  2.907  63.820 0.6000000238
93950  46.465  2.238  62.541 0.6000000238
93959  46.718  2.092  61.345 0.6000000238
93973  40.046  2.822  61.268 0.1000000015
93984  47.698  2.309  58.238 0.6999999881
93998  48.705  2.809  56.391 0.6999999881
94006  49.378  3.118  55.765 0.6999999881
94052  49.118  3.045  47.261 0.5000000000
94054  47.502  2.473  46.878 0.4000000060
94059  49.111  3.551  47.039 0.4000000060
94061  48.121  2.812  46.657 0.4000000060
94629  40.762  3.125  78.488 0.1000000015
94639  37.326  3.379  77.387 0.1000000015
94640  36.831  3.647  77.114 0.1000000015
94645  34.905  3.940  76.025 0.1000000015
94648  34.315  4.171  75.761 0.2000000030
94653  32.570  3.872  74.664 0.2000000030
94654  31.960  3.778  74.276 0.2000000030
94657  52.931  2.973  73.534 0.6000000238
94674  53.132  3.175  73.277 0.6000000238
94679  31.042  3.419  71.473 0.2000000030
94683  52.977  4.181  71.707 0.6000000238
94697  33.290  3.490  69.240 0.2000000030
94704  52.632  4.910  69.742 0.6999999881
94718  48.888  3.578  67.204 0.6999999881
94721  45.624  3.620  67.467 0.6999999881
94729  49.760  4.395  66.652 0.6999999881
94742  43.271  3.768  65.770 0.4000000060
94767  47.827  3.198  61.518 0.6999999881
94779  48.030  3.030  60.323 0.6999999881
94791  49.171  3.761  59.613 0.8000000119
94818  50.227  3.335  55.982 0.8999999762
94821  52.913  4.078  54.537 0.8000000119
94831  49.258  3.231  54.192 0.8000000119
94847  51.288  3.910  51.971 0.8999999762
94848  50.838  3.633  52.249 0.8000000119
94849  49.743  3.434  52.324 0.8000000119
94863  49.452  3.529  49.763 0.8000000119
94879  48.986  4.130  47.176 0.6000000238
94880  48.477  3.836  47.291 0.5000000000
94884  48.701  3.602  46.950 0.5000000000
95392  40.675  3.848  80.383 0.1000000015
95420  34.133  4.976  76.073 0.2000000030
95448  53.040  5.234  71.032 0.6999999881
95449  52.286  5.397  70.824 0.8000000119
95450  50.972  5.109  70.550 0.8000000119
95460  33.178  4.236  69.238 0.2000000030
95466  52.323  5.387  69.168 0.6999999881
95478  51.953  5.765  68.353 0.6999999881
95480  50.728  5.083  66.980 0.8999999762
95482  46.725  4.601  67.307 0.8000000119
95483  46.049  4.173  67.097 0.8000000119
95487  51.372  6.023  66.651 0.8999999762
95494  39.774  4.237  66.318 0.2000000030
95500  45.528  4.490  65.659 0.6999999881
95501  44.630  4.292  65.397 0.6000000238
95504  41.277  4.898  65.434 0.2000000030
95516  50.090  5.094  63.663 0.8000000119
95528  51.394  5.650  62.056 0.8000000119
95548  49.910  4.362  59.654 0.8000000119
95569  51.563  4.209  57.306 0.8999999762
95576  53.633  4.874  55.213 0.8999999762
95583  53.293  4.614  54.668 0.8000000119
95591  52.769  4.116  53.985 0.8999999762
95598  52.183  4.149  53.381 0.8999999762
95608  50.829  4.786  50.586 0.8999999762
95613  50.354  4.856  49.801 0.6999999881
95620  50.083  5.207  49.525 0.8000000119
96136  37.997  5.250  79.697 0.1000000015
96147  36.512  5.155  77.987 0.2000000030
96167  31.946  5.897  73.822 0.2000000030
96168  31.592  5.385  73.247 0.2000000030
96186  32.259  5.315  70.587 0.2000000030
96189  51.959  5.876  69.421 0.8000000119
96191  49.722  5.846  68.672 0.8999999762
96202  48.360  5.607  67.812 0.8999999762
96212  51.778  6.237  67.807 0.8000000119
96220  51.261  6.437  66.603 0.8000000119
96227  37.752  5.514  66.844 0.4000000060
96229  51.034  6.561  66.057 0.8000000119
96233  47.028  5.487  65.523 0.8000000119
96247  42.241  5.648  64.491 0.4000000060
96251  47.585  6.025  63.270 0.8999999762
96262  45.025  5.984  62.590 0.6999999881
96278  52.305  6.330  61.071 0.8999999762
96317  47.707  6.137  55.887 0.8000000119
96342  51.956  4.439  53.156 0.8999999762
96351  51.429  4.741  52.250 0.8999999762
96373  48.876  5.374  49.357 0.6000000238
96929  37.530  7.000  79.793 0.1000000015
96964  47.633  5.915  74.868 0.2000000030
96985  41.653  7.270  72.310 0.1000000015
97010  36.331  6.704  68.258 0.2000000030
97018  51.340  6.460  67.219 0.8999999762
97019  50.918  6.679  67.439 0.8000000119
97027  38.683  6.330  66.416 0.3000000119
97030  50.902  7.030  65.312 0.8000000119
97031  41.173  7.050  64.906 0.3000000119
97037  48.475  6.410  64.699 0.8999999762
97042  49.885  6.788  63.743 0.8999999762
97050  51.491  7.146  63.134 0.8999999762
97064  52.089  7.101  62.602 0.8000000119
97067  47.573  7.017  61.008 0.8000000119
97069  45.793  6.934  61.565 0.6000000238
97077  52.152  7.056  61.824 0.8999999762
97097  54.368  6.541  56.769 0.8999999762
97103  46.731  6.936  56.780 0.6999999881
97120  45.664  6.839  55.100 0.8000000119
97156  48.560  6.468  50.724 0.8999999762
97164  49.322  6.197  50.355 0.8000000119
97664  39.950  7.152  80.841 0.1000000015
97667  37.992  7.658  80.131 0.2000000030
97694  44.567  7.362  76.376 0.1000000015
97708  33.030  7.716  74.188 0.2000000030
97712  50.081  7.649  73.758 0.2000000030
97719  39.806  7.805  72.675 0.1000000015
97756  38.022  7.378  71.342 0.2000000030
97766  39.509  7.180  70.659 0.2000000030
97785  36.681  7.268  68.868 0.3000000119
97791  39.036  8.057  66.992 0.3000000119
97793  37.663  7.382  67.766 0.3000000119
97795  40.091  8.080  66.110 0.3000000119
97815  44.644  7.382  62.133 0.6000000238
97825  44.991  7.943  61.806 0.6000000238
97835  48.942  7.484  60.488 0.8000000119
97843  53.973  7.331  59.208 0.8999999762
97847  50.437  7.843  59.899 0.8999999762
97857  54.512  7.711  58.563 0.8999999762
97872  46.833  7.418  57.178 0.6999999881
97883  45.785  7.552  56.538 0.6999999881
97891  44.864  7.834  55.610 0.6999999881
98533  50.262  7.818  73.542 0.2000000030
98542  34.623  8.431  72.866 0.2000000030
98561  41.724  7.668  70.608 0.2000000030
98600  43.282  8.362  63.396 0.4000000060
98612  43.738  8.090  62.818 0.6000000238
98620  45.994  8.325  61.242 0.5000000000
98629  47.428  8.378  60.448 0.6999999881
98650  54.513  8.509  58.461 0.6999999881
98664  49.021  8.058  57.786 0.6999999881
98666  46.172  7.868  57.089 0.6999999881
98671  54.701  8.650  56.731 0.6999999881
99192  39.237  9.153  80.837 0.1000000015
99193  38.483  9.673  80.525 0.1000000015
99240  39.812  9.486  75.153 0.1000000015
99268  50.611  8.587  73.649 0.2000000030
99308  42.621  9.693  68.451 0.5000000000
99326  42.377  9.806  65.486 0.5000000000
99346  46.025  9.633  61.924 0.5000000000
99348  44.607  9.120  62.642 0.5000000000
99368  36.720  8.928  61.047 0.3000000119
99374  49.388  9.421  59.598 0.8000000119
99383  54.544  9.377  58.265 0.6999999881
99395  46.706  8.966  57.332 0.6999999881
99402  54.526  9.806  56.884 0.6000000238
99977  39.413  10.914  75.864 0.2000000030
99991  38.718  10.482  75.424 0.2000000030
100013  41.304  10.219  72.879 0.1000000015
100025  51.096  9.468  72.725 0.3000000119
100041  47.019  9.823  70.057 0.3000000119
100053  43.874  10.360  68.147 0.5000000000
100061  44.335  10.749  67.625 0.5000000000
100084  47.275  11.055  63.112 0.6000000238
100113  49.545  10.202  59.671 0.6999999881
100125  54.661  10.380  57.289 0.6000000238
100136  47.797  10.656  56.720 0.6000000238
100706  37.260  11.649  78.768 0.2000000030
100715  37.113  11.806  77.939 0.2000000030
100725  37.235  11.716  77.038 0.2000000030
100742  40.755  11.276  74.147 0.1000000015
100747  38.802  11.501  73.162 0.1000000015
100750  51.158  10.214  72.914 0.3000000119
100755  37.756  11.824  72.133 0.1000000015
100782  50.785  11.085  70.991 0.3000000119
100789  48.839  11.355  69.390 0.3000000119
100807  45.587  11.287  67.174 0.5000000000
100811  45.783  11.063  65.750 0.5000000000
100813  47.177  11.560  65.378 0.5000000000
100815  46.039  10.995  65.117 0.5000000000
100845  48.835  11.091  61.102 0.6000000238
100857  54.410  12.643  58.887 0.6999999881
100866  54.068  11.222  58.579 0.6999999881
101462  38.712  12.566  74.287 0.1000000015
101466  38.335  12.008  73.646 0.1000000015
101471  36.968  12.338  72.174 0.1000000015
101473  35.664  13.161  71.802 0.1000000015
101503  51.842  12.486  71.101 0.3000000119
101504  51.741  12.180  71.056 0.3000000119
101507  39.385  12.596  70.739 0.1000000015
101508  38.534  12.640  70.730 0.1000000015
101542  53.666  12.685  65.584 0.5000000000
101554  49.438  11.972  64.675 0.6000000238
101577  51.411  12.126  62.653 0.6000000238
101610  54.457  12.689  58.358 0.6000000238
101641  48.675  12.790  52.644 0.5000000000
101646  48.831  13.342  52.054 0.5000000000
101647  48.615  13.001  52.002 0.5000000000
102133  40.000  13.909  78.292 0.1000000015
102177  35.652  13.828  73.035 0.1000000015
102194  36.028  13.050  71.162 0.1000000015
102206  51.435  13.547  71.082 0.3000000119
102207  50.287  13.907  71.103 0.3000000119
102208  48.988  14.180  70.975 0.3000000119
102210  47.146  14.335  70.933 0.3000000119
102214  43.022  13.911  70.391 0.1000000015
102221  35.417  14.079  70.396 0.1000000015
102226  51.799  13.790  70.404 0.3000000119
102243  47.327  14.255  67.549 0.1000000015
102260  43.335  13.724  66.752 0.1000000015
102269  46.179  13.713  65.810 0.1000000015
102280  54.080  13.732  64.637 0.5000000000
102296  54.118  13.884  63.962 0.5000000000
102324  54.401  14.057  61.014 0.6000000238
102338  54.447  14.045  59.980 0.6000000238
102363  54.119  13.476  57.969 0.6000000238
102364  53.999  13.960  58.322 0.6000000238
102365  53.252  14.026  58.287 0.6000000238
102385  40.394  13.664  57.481 0.1000000015
102417  48.587  14.151  52.242 0.5000000000
102427  48.108  13.697  51.899 0.5000000000
102938  34.510  15.007  71.511 0.1000000015
102953  45.297  14.004  70.412 0.1000000015
102954  44.439  14.112  70.284 0.1000000015
102955  43.659  14.214  70.218 0.1000000015
102958  34.610  15.144  70.798 0.1000000015
102978  52.976  13.941  68.305 0.4000000060
102983  47.031  14.306  69.032 0.2000000030
102994  36.769  15.083  68.584 0.1000000015
103020  49.396  14.322  66.526 0.3000000119
103022  42.097  14.243  66.852 0.1000000015
103032  49.594  14.258  65.726 0.3000000119
103049  29.516  14.122  65.101 0.1000000015
103054  51.192  14.297  64.135 0.3000000119
103082  53.746  14.636  60.419 0.5000000000
103146  47.733  15.276  52.394 0.3000000119
103592  42.279  15.335  75.717 0.1000000015
103595  39.840  15.855  75.313 0.1000000015
103605  35.016  15.187  73.005 0.1000000015
103607  34.652  15.086  72.266 0.1000000015
103622  34.532  15.818  70.705 0.1000000015
103677  37.563  15.715  59.897 0.1000000015
103714  46.556  16.096  55.070 0.2000000030
103729  47.281  16.610  53.112 0.3000000119
104188  38.836  16.579  75.059 0.1000000015
104201  34.242  16.278  71.756 0.1000000015
104228  39.505  16.054  66.644 0.1000000015
104254  31.685  16.435  64.114 0.1000000015
104284  44.190  16.747  58.787 0.1000000015
104768  39.097  17.887  75.422 0.1000000015
104777  36.396  17.794  74.214 0.1000000015
105397  35.945  18.371  74.022 0.1000000015
105453  45.344  18.991  64.092 0.1000000015
105503  42.927  18.993  57.794 0.2000000030
106005  34.597  19.968  72.699 0.1000000015
106008  34.492  19.598  71.130 0.1000000015
106023  39.267  19.346  69.994 0.1000000015
106128  42.504  19.532  58.339 0.1000000015
106668  42.189  19.808  71.160 0.1000000015
106670  35.250  20.580  70.289 0.1000000015
106686  41.796  19.646  70.791 0.1000000015
106688  39.672  19.620  70.251 0.1000000015
106691  36.007  20.347  69.842 0.1000000015
106701  53.077  20.005  67.998 0.1000000015
106820  47.308  19.547  54.176 0.2000000030
107358  34.929  21.947  71.796 0.1000000015
107367  45.421  20.506  71.320 0.1000000015
107377  51.187  20.872  70.164 0.1000000015
107455  44.771  21.937  62.675 0.1000000015
107466  53.122  20.913  62.074 0.1000000015
107477  52.158  20.937  60.390 0.1000000015
107486  38.608  21.642  61.351 0.1000000015
107501  50.723  21.517  58.493 0.1000000015
107510  42.402  21.999  58.531 0.1000000015
108066  35.990  22.786  72.745 0.1000000015
108071  50.722  22.135  71.136 0.1000000015
108077  35.390  22.513  70.425 0.1000000015
108128  46.460  22.647  64.786 0.1000000015
108212  49.730  22.036  57.499 0.1000000015
108216  43.666  22.199  58.254 0.1000000015
108755  52.401  22.755  69.926 0.1000000015
108762  37.223  24.030  69.012 0.1000000015
108807  46.089  23.159  64.950 0.1000000015
109298  37.591  24.744  72.721 0.1000000015
109306  36.909  24.851  72.292 0.1000000015
109308  35.864  23.828  71.828 0.1000000015
109325  50.622  24.293  70.700 0.1000000015
109348  38.330  24.857  68.467 0.1000000015
109865  38.657  25.315  73.426 0.1000000015
109881  36.702  25.711  71.046 0.1000000015
109884  36.509  25.419  70.408 0.1000000015
109938  47.132  25.748  64.965 0.1000000015
110397  37.711  26.533  72.115 0.1000000015
110420  39.741  26.796  68.315 0.1000000015
110423  37.556  26.080  68.912 0.1000000015
111014  37.735  27.469  71.189 0.1000000015
111019  37.741  27.641  70.329 0.1000000015
111023  43.966  27.877  70.453 0.1000000015
111038  38.405  27.160  68.811 0.1000000015
111645  38.614  28.213  74.038 0.1000000015
111673  38.365  28.541  71.463 0.1000000015
111677  45.877  27.776  70.416 0.1000000015
111681  38.541  28.716  70.806 0.1000000015
111686  42.023  28.598  69.068 0.1000000015
111689  38.741  28.375  69.417 0.1000000015
112364  40.113  29.864  70.696 0.1000000015
112377  43.053  29.194  70.014 0.1000000015
123212  53.395  20.436  63.735 0.1000000015
123431  48.670  11.231  61.768 0.6000000238
123454  55.164  -2.634  54.182 0.4000000060
123506  40.068  7.121  71.089 0.2000000030
123579  31.246  -18.492  79.696 0.1000000015
124868  41.265  3.352  79.272 0.1000000015
125592  39.330  9.289  74.618 0.1000000015
125632  47.886  -5.218  53.567 0.2000000030
125720  33.147  10.166  63.345 0.1000000015
126133  47.384  19.317  62.789 0.1000000015
126368  43.273  14.241  75.937 0.1000000015
126386  38.393  -15.605  71.155 0.1000000015
126470  56.208  -5.809  63.804 0.1000000015
126629  35.130  -15.259  70.265 0.2000000030
126632  51.025  9.948  59.185 0.8000000119
126679  53.195  12.572  66.326 0.4000000060
126739  47.085  1.816  59.585 0.6000000238
126774  32.576  -4.384  76.158 0.1000000015
127481  57.993  -2.957  63.723 0.2000000030
127519  39.742  11.468  71.503 0.1000000015
128518  52.451  -4.136  53.285 0.3000000119
128664  51.074  9.067  59.214 0.8999999762
128790  50.827  7.110  64.745 0.8000000119
128974  48.424  11.340  62.524 0.6000000238
129221  41.444  -15.412  71.197 0.1000000015
129243  54.756  10.967  57.636 0.6000000238
129319  51.138  11.616  60.365 0.6000000238
129794  41.251  9.305  75.681 0.1000000015
129918  34.647  1.749  69.672 0.4000000060
130020  42.869  14.347  69.521 0.1000000015
130114  57.061  1.339  59.822 0.3000000119
130298  40.149  8.162  73.285 0.1000000015
131030  33.076  5.927  75.509 0.2000000030
131121  31.273  4.192  71.235 0.2000000030
131367  35.130  -8.998  68.321 0.2000000030
131550  53.896  5.367  55.775 0.8000000119
131878  38.714  -12.862  68.186 0.1000000015
131887  52.662  3.180  71.724 0.6000000238
131918  51.118  3.591  56.210 0.8999999762
131929  46.659  -0.064  50.814 0.5000000000
132174  46.244  1.633  65.766 0.6999999881
132304  38.979  -10.817  67.312 0.1000000015
132634  50.809  -0.444  70.139 0.4000000060
132710  45.570  7.724  61.469 0.5000000000
132720  44.362  10.319  64.638 0.5000000000
133247  39.707  3.154  78.274 0.1000000015
133409  43.947  14.324  69.174 0.1000000015
134018  34.817  -1.180  78.843 0.1000000015
134282  54.364  7.886  56.329 0.6999999881
134493  38.488  -17.723  81.128 0.1000000015
134528  51.261  -6.067  65.487 0.3000000119
134591  46.441  0.522  47.598 0.4000000060
134721  57.238  -0.791  67.940 0.3000000119
134924  44.126  5.430  63.481 0.6000000238
135013  35.535  -7.833  68.381 0.2000000030
135138  48.064  -7.766  70.481 0.3000000119
135163  39.289  0.935  71.339 0.3000000119
135210  46.429  -0.915  51.991 0.5000000000
135499  57.498  -11.118  67.556 0.1000000015
135567  50.004  3.435  53.752 0.8999999762
135741  57.569  -10.681  66.317 0.1000000015
136204  44.652  1.608  79.983 0.1000000015
136472  37.689  17.282  74.708 0.1000000015
136693  48.118  1.018  80.277 0.1000000015
136759  35.220  9.800  76.959 0.2000000030
136773  40.025  25.177  68.292 0.1000000015
136887  45.473  -0.205  63.846 0.6999999881
136892  42.762  -12.501  73.943 0.1000000015
137062  36.212  23.852  72.290 0.1000000015
137122  47.604  -3.349  57.018 0.6000000238
137307  46.458  25.536  64.911 0.1000000015
137392  32.617  -1.015  78.136 0.1000000015
137397  49.905  -12.146  62.432 0.1000000015
137413  52.557  9.694  58.730 0.6999999881
137988  36.832  -13.034  68.504 0.1000000015
138020  45.391  0.117  63.406 0.6999999881
138226  45.493  -1.927  61.933 0.6999999881
138335  34.499  19.284  72.625 0.1000000015
138457  37.498  11.398  76.255 0.2000000030
138626  53.979  -4.145  53.677 0.3000000119
138709  46.572  -2.849  48.083 0.4000000060
138738  40.479  -5.812  69.455 0.2000000030
139010  34.997  20.238  73.179 0.1000000015
139432  51.039  -9.084  63.273 0.1000000015
139476  46.439  21.003  71.285 0.1000000015
139482  45.501  0.720  63.231 0.6999999881
139587  50.032  0.796  81.074 0.1000000015
139616  54.630  7.236  58.043 0.8999999762
139714  45.600  14.028  67.748 0.1000000015
139864  43.209  6.671  73.005 0.1000000015
140295  38.150  2.897  77.766 0.1000000015
140301  53.185  -6.466  65.957 0.3000000119
140564  30.824  -17.338  82.302 0.1000000015
140634  36.965  2.494  77.948 0.1000000015
140705  34.897  -18.866  80.234 0.1000000015
140912  50.725  -2.439  53.582 0.6000000238
140913  45.778  1.845  49.876 0.4000000060
141373  54.246  8.655  56.338 0.6000000238
141805  48.676  -2.687  49.178 0.4000000060
141831  45.211  7.330  61.772 0.5000000000
141882  44.272  -0.610  52.234 0.3000000119
141944  45.106  16.342  54.486 0.3000000119
142004  28.285  17.214  65.332 0.1000000015
142161  52.818  20.585  68.929 0.1000000015
142267  54.020  -6.378  66.402 0.3000000119
142391  46.523  -2.414  55.618 0.5000000000
142415  42.710  13.591  63.979 0.1000000015
142486  45.570  -1.211  80.362 0.1000000015
142498  53.542  14.059  65.719 0.5000000000
142570  34.513  6.444  69.546 0.2000000030
142743  46.881  0.243  67.165 0.6000000238
142841  57.438  -0.007  61.254 0.2000000030
142858  51.224  24.236  70.662 0.1000000015
143434  43.372  -3.388  51.864 0.2000000030
143450  46.362  -3.208  59.240 0.6000000238
143531  47.021  -3.519  59.140 0.6000000238
143679  47.330  2.470  66.776 0.6999999881
143688  58.283  -5.491  65.390 0.2000000030
143854  43.074  -14.396  72.725 0.1000000015
143895  50.336  -2.841  56.061 0.6000000238
144044  51.223  10.832  59.446 0.6999999881
144123  32.028  -3.925  76.104 0.1000000015
144193  43.261  7.096  72.070 0.3000000119
144245  47.901  -0.100  46.262 0.4000000060
144251  47.862  -1.081  80.741 0.1000000015
144587  46.384  7.986  60.928 0.6000000238
144713  45.230  -6.655  65.608 0.3000000119
144737  33.126  15.255  63.021 0.1000000015
144770  44.745  13.710  67.047 0.1000000015
144880  52.282  14.276  68.968 0.3000000119
145080  48.464  -2.683  47.187 0.4000000060
145429  47.323  12.851  52.362 0.5000000000
145537  42.316  25.841  68.688 0.1000000015
145800  35.319  5.258  77.140 0.1000000015
145846  42.918  2.788  79.318 0.1000000015
146056  45.792  18.928  62.416 0.1000000015
146078  48.639  13.817  62.253 0.2000000030
146227  33.772  5.614  76.183 0.2000000030
146232  42.541  3.842  65.787 0.3000000119
146316  38.105  -17.152  79.856 0.1000000015
146456  36.191  -14.328  68.861 0.2000000030
146626  34.225  -14.446  75.737 0.2000000030
146710  33.734  3.342  69.038 0.2000000030
146759  39.503  0.848  70.821 0.4000000060
146836  41.500  7.310  71.504 0.1000000015
146899  44.323  -0.253  55.223 0.2000000030
147018  49.344  3.970  47.599 0.6000000238
147046  33.768  -4.285  69.773 0.3000000119
147118  31.927  -14.352  75.020 0.1000000015
147147  44.980  5.840  52.336 0.6000000238
147188  42.454  16.566  63.342 0.1000000015
147217  47.551  5.685  65.945 0.8999999762
147331  39.405  6.128  66.074 0.3000000119
147454  33.116  -14.487  70.260 0.2000000030
147475  40.772  1.702  79.435 0.1000000015
147483  35.004  -7.588  68.385 0.2000000030
147549  46.842  11.197  64.279 0.5000000000
147672  38.615  21.594  69.451 0.1000000015
148012  56.674  -3.163  56.603 0.1000000015
148020  38.623  -13.239  73.375 0.1000000015
148109  44.699  0.551  70.846 0.4000000060
148227  58.091  -2.641  63.900 0.2000000030
148284  47.929  11.754  68.082 0.5000000000
148440  31.161  -13.773  71.191 0.2000000030
148470  51.111  4.655  51.134 0.8999999762
148632  29.718  -12.640  72.038 0.1000000015
148633  55.234  -17.712  76.861 0.2000000030
148659  45.403  -0.402  74.108 0.4000000060
148710  34.436  18.104  72.536 0.1000000015
148741  34.115  -4.917  69.323 0.3000000119
148760  41.868  4.977  81.630 0.1000000015
148806  40.432  -3.017  71.355 0.4000000060
148819  35.700  16.518  73.716 0.1000000015
148821  36.788  5.751  67.418 0.2000000030
148902  50.100  6.598  67.645 0.8999999762
148915  39.667  9.050  74.360 0.1000000015
148929  55.102  -13.266  62.988 0.1000000015
148931  33.154  -6.353  69.252 0.3000000119
148963  49.795  -11.653  62.504 0.1000000015
148974  38.635  -13.841  68.520 0.1000000015
149081  47.118  -13.423  69.286 0.1000000015
149103  47.859  -3.591  58.367 0.6000000238
