#!ascii label  , from subject sub-01 vox2ras=TkReg
2963
36672  -5.063  -59.288  88.602 0.6250000000
36671  -4.731  -59.348  89.072 0.6250000000
137385  -5.137  -58.754  89.052 0.6250000000
125281  -5.275  -58.287  89.551 0.5000000000
37664  -5.454  -58.793  88.381 0.6250000000
38525  -5.588  -58.261  88.838 0.6250000000
138477  -5.748  -58.888  87.664 0.6250000000
38542  -5.897  -58.214  88.115 0.6250000000
38543  -5.984  -57.657  88.499 0.6250000000
38526  -5.588  -57.716  89.296 0.5000000000
141358  -6.167  -59.075  87.091 0.5000000000
140391  -5.906  -56.442  89.794 0.5000000000
38514  -5.338  -57.652  90.099 0.5000000000
39509  -5.816  -56.905  89.040 0.5000000000
41280  -6.684  -54.980  89.661 0.6250000000
41273  -6.595  -54.914  90.883 0.5000000000
41274  -7.169  -54.270  91.554 0.1250000000
137041  -7.277  -54.249  89.550 0.6250000000
41270  -7.308  -54.313  92.511 0.1250000000
125235  -7.642  -53.641  89.987 0.5000000000
42168  -8.149  -53.339  89.485 0.6250000000
42175  -8.246  -53.544  88.567 0.6250000000
47706  -28.687  -47.899  94.277 0.3750000000
42151  -7.701  -53.553  92.192 0.1250000000
45890  -27.441  -48.967  92.862 0.3750000000
46821  -28.228  -48.385  93.553 0.3750000000
47707  -28.930  -47.684  94.098 0.3750000000
42160  -7.533  -53.444  91.069 0.3750000000
45899  -27.336  -48.836  92.295 0.3750000000
46825  -28.177  -48.159  92.882 0.3750000000
47713  -28.893  -47.388  93.172 0.3750000000
42161  -8.321  -52.918  90.490 0.6250000000
45921  -25.727  -48.789  90.234 0.7500000000
146501  -26.199  -48.860  90.948 0.5000000000
45908  -27.172  -48.634  91.686 0.5000000000
47718  -28.049  -47.859  92.163 0.5000000000
49442  -29.621  -46.157  93.035 0.5000000000
50260  -30.197  -44.764  93.344 0.3750000000
42169  -8.887  -52.698  89.462 0.7500000000
46840  -26.581  -48.529  90.917 0.7500000000
47717  -27.710  -47.945  91.647 0.7500000000
48580  -28.332  -47.222  91.922 0.6250000000
48581  -28.755  -46.722  92.227 0.5000000000
50276  -29.713  -45.247  92.647 0.5000000000
141580  -30.496  -44.091  93.389 0.3750000000
51157  -31.105  -43.015  92.395 0.3750000000
132883  -31.546  -42.636  92.652 0.3750000000
42176  -9.011  -52.835  88.370 0.7500000000
45027  -24.495  -49.355  88.759 0.8750000000
46849  -26.802  -47.964  90.569 0.8750000000
47731  -27.445  -47.691  91.042 0.7500000000
48588  -28.046  -46.518  91.155 0.7500000000
132687  -28.762  -46.165  91.964 0.5000000000
50291  -29.634  -44.742  92.095 0.5000000000
53200  -31.905  -42.181  92.893 0.3750000000
46848  -26.078  -48.278  89.969 0.8750000000
127988  -27.020  -47.390  90.331 0.7500000000
48594  -27.613  -46.480  90.598 0.7500000000
124473  -29.019  -45.497  91.900 0.5000000000
51171  -30.270  -43.922  91.980 0.6250000000
51172  -30.722  -43.297  92.097 0.5000000000
51173  -31.292  -42.583  91.810 0.3750000000
47740  -25.700  -47.315  89.131 1.0000000000
49461  -27.917  -45.846  90.753 0.7500000000
50314  -28.196  -44.968  90.526 0.8750000000
51188  -29.671  -43.831  91.506 0.7500000000
51189  -30.561  -42.977  91.629 0.5000000000
52194  -31.262  -42.387  91.398 0.5000000000
47750  -26.133  -46.709  89.016 1.0000000000
48600  -26.473  -46.105  89.229 1.0000000000
50322  -27.524  -45.408  89.965 0.8750000000
51205  -28.562  -43.985  90.231 0.7500000000
51187  -29.263  -43.266  90.704 0.7500000000
52204  -30.214  -42.603  90.892 0.6250000000
52205  -31.146  -42.086  90.771 0.5000000000
49476  -26.433  -45.465  88.800 1.0000000000
50321  -27.002  -44.963  89.292 1.0000000000
51216  -27.826  -44.530  89.745 0.7500000000
52222  -28.939  -42.874  89.904 0.6250000000
143469  -30.837  -41.825  90.117 0.6250000000
47749  -25.388  -47.062  88.224 1.0000000000
48610  -26.017  -46.158  88.255 1.0000000000
131308  -27.315  -43.920  88.987 0.8750000000
52238  -28.718  -42.579  89.251 0.7500000000
50329  -26.529  -44.592  88.489 1.0000000000
52248  -28.031  -42.576  88.575 0.8750000000
52249  -29.061  -41.810  87.697 0.8750000000
131357  -26.001  -45.175  88.035 1.0000000000
50328  -26.130  -44.365  87.808 1.0000000000
51225  -26.797  -43.361  87.978 0.8750000000
123546  -27.792  -41.968  87.248 0.8750000000
48619  -24.878  -46.665  86.653 1.0000000000
49481  -25.202  -45.971  87.051 1.0000000000
50335  -25.724  -44.693  87.460 1.0000000000
52260  -26.676  -42.652  87.098 1.0000000000
52272  -28.476  -41.549  85.986 1.0000000000
49489  -24.840  -45.834  86.487 1.0000000000
50340  -24.942  -44.931  86.555 1.0000000000
52259  -26.153  -42.939  86.860 1.0000000000
52271  -26.740  -41.976  86.235 1.0000000000
124478  -27.938  -41.492  85.524 1.0000000000
46023  -15.948  -50.691  81.768 0.1250000000
135138  -16.717  -50.936  81.428 0.1250000000
51237  -25.098  -43.878  86.497 1.0000000000
52281  -26.284  -41.943  85.891 1.0000000000
49495  -23.827  -46.386  84.110 1.0000000000
50348  -24.154  -45.505  85.316 1.0000000000
53285  -25.228  -42.100  84.862 1.0000000000
53286  -26.245  -41.646  85.015 1.0000000000
45115  -17.783  -51.070  80.478 0.1250000000
44115  -18.382  -51.327  79.779 0.1250000000
141887  -19.577  -52.450  79.762 0.1250000000
44117  -20.021  -52.725  79.170 0.1250000000
51243  -23.686  -44.119  85.001 1.0000000000
53306  -24.399  -42.524  84.379 1.0000000000
48672  -22.997  -47.174  80.231 0.8750000000
49511  -23.242  -46.522  82.512 1.0000000000
51249  -22.956  -44.330  83.262 1.0000000000
53328  -23.323  -42.522  82.937 1.0000000000
44133  -21.599  -51.965  77.127 0.3750000000
48683  -23.223  -47.416  79.142 0.8750000000
49510  -22.687  -46.010  81.843 0.8750000000
51279  -22.544  -44.376  81.523 0.8750000000
52345  -22.939  -43.011  80.694 0.8750000000
46075  -22.049  -50.385  76.737 0.6250000000
129560  -22.843  -50.642  76.721 0.6250000000
42152  -8.228  -52.845  91.752 0.2500000000
43992  -25.365  -50.203  91.868 0.5000000000
45002  -25.494  -49.718  91.442 0.5000000000
45003  -26.316  -49.460  91.851 0.5000000000
44007  -24.745  -49.972  91.108 0.5000000000
126803  -24.986  -49.567  90.588 0.5000000000
43075  -9.746  -52.194  88.978 0.7500000000
45015  -24.332  -49.970  90.095 0.6250000000
141062  -25.218  -49.207  90.151 0.6250000000
51149  -31.005  -43.378  93.040 0.3750000000
43082  -9.762  -52.364  88.069 0.8750000000
45016  -24.655  -49.474  89.649 0.6250000000
52186  -31.681  -42.353  91.957 0.3750000000
139124  -10.466  -52.086  87.787 0.8750000000
44033  -23.569  -50.254  88.633 0.6250000000
44045  -23.666  -50.177  87.919 0.7500000000
45041  -24.246  -49.748  88.171 0.8750000000
45945  -24.722  -48.873  88.695 0.8750000000
46856  -25.392  -47.915  89.317 0.8750000000
52195  -31.759  -41.911  91.145 0.3750000000
43083  -10.729  -52.128  87.189 0.8750000000
143518  -23.993  -49.970  87.836 0.8750000000
45054  -24.121  -49.670  87.406 0.8750000000
45946  -24.759  -48.284  88.849 0.8750000000
47741  -26.566  -47.106  89.627 1.0000000000
53211  -32.194  -41.755  91.529 0.2500000000
43084  -11.447  -51.714  87.004 0.7500000000
44057  -23.397  -50.076  86.764 0.8750000000
44064  -23.043  -50.213  86.114 0.8750000000
46869  -24.636  -48.671  88.066 1.0000000000
46870  -24.835  -47.812  88.454 1.0000000000
52206  -31.784  -41.739  90.487 0.3750000000
44061  -12.057  -51.417  85.865 0.7500000000
45072  -23.885  -49.469  86.165 0.8750000000
45959  -24.219  -49.221  86.423 1.0000000000
46885  -24.795  -47.686  87.752 1.0000000000
52240  -30.172  -41.803  88.896 0.5000000000
52223  -29.922  -42.133  89.951 0.6250000000
45064  -12.412  -51.258  85.271 0.5000000000
48620  -25.315  -46.606  87.445 1.0000000000
123340  -30.943  -41.675  89.147 0.5000000000
45992  -13.447  -50.905  83.861 0.6250000000
47761  -24.761  -47.346  86.925 1.0000000000
52250  -30.185  -41.673  87.970 0.7500000000
45981  -13.804  -50.104  84.375 0.6250000000
48626  -24.635  -47.503  86.158 1.0000000000
52273  -29.416  -41.497  85.612 1.0000000000
123407  -29.884  -41.673  87.089 0.8750000000
46008  -14.526  -50.483  82.706 0.5000000000
147762  -24.463  -48.258  84.615 1.0000000000
52261  -29.176  -41.587  86.572 1.0000000000
46009  -15.185  -50.598  82.190 0.3750000000
46945  -15.618  -49.658  81.984 0.5000000000
49488  -24.557  -46.764  85.728 1.0000000000
126862  -24.443  -45.731  85.899 1.0000000000
52283  -28.538  -41.471  84.670 1.0000000000
46040  -23.188  -50.066  81.298 1.0000000000
46950  -23.653  -49.610  81.407 1.0000000000
47822  -24.012  -49.156  81.933 1.0000000000
47800  -24.236  -48.601  83.448 1.0000000000
48635  -24.472  -47.292  84.811 1.0000000000
53287  -27.236  -41.597  84.065 1.0000000000
52282  -27.369  -41.427  85.071 1.0000000000
46025  -17.177  -50.444  80.877 0.1250000000
47811  -24.049  -48.460  82.539 1.0000000000
48634  -24.168  -47.182  84.128 1.0000000000
140901  -24.306  -46.427  84.904 1.0000000000
142929  -19.057  -51.350  78.783 0.1250000000
45136  -19.601  -51.473  78.356 0.1250000000
45137  -20.238  -51.531  77.715 0.1250000000
127929  -23.405  -49.098  80.585 1.0000000000
141522  -23.737  -48.979  81.232 1.0000000000
48653  -23.637  -47.461  82.310 1.0000000000
54368  -26.026  -41.589  81.083 0.8750000000
147185  -25.676  -41.797  83.310 1.0000000000
44132  -20.870  -52.458  77.654 0.1250000000
48662  -23.185  -47.439  81.241 1.0000000000
139207  -25.122  -41.530  80.422 0.8750000000
54366  -24.390  -41.603  81.532 0.7500000000
46074  -21.217  -50.512  76.973 0.6250000000
47018  -21.525  -49.959  76.986 0.7500000000
124903  -22.995  -49.776  76.726 0.6250000000
47846  -22.626  -48.596  77.869 0.7500000000
47847  -22.938  -48.274  78.660 0.7500000000
54399  -24.473  -41.747  79.992 0.7500000000
53370  -24.214  -42.238  79.748 0.7500000000
47019  -22.183  -49.626  77.005 0.7500000000
42162  -9.199  -52.423  90.473 0.5000000000
43068  -9.760  -51.982  90.005 0.6250000000
44006  -24.221  -50.234  90.836 0.5000000000
44019  -23.451  -50.352  89.439 0.6250000000
44031  -22.370  -50.391  88.803 0.6250000000
44030  -21.883  -50.299  89.347 0.6250000000
43076  -10.517  -51.804  88.512 0.8750000000
143891  -22.753  -50.403  89.022 0.6250000000
137325  -21.973  -50.340  88.492 0.7500000000
44020  -23.884  -50.156  89.283 0.6250000000
44032  -23.133  -50.373  88.814 0.7500000000
147459  -22.339  -50.400  88.130 0.7500000000
44042  -22.064  -50.393  87.715 0.7500000000
43077  -11.301  -51.668  87.926 0.8750000000
44044  -23.225  -50.347  88.049 0.7500000000
44043  -22.440  -50.465  87.564 0.7500000000
44055  -22.106  -50.523  87.037 0.7500000000
125531  -22.865  -50.448  87.479 0.8750000000
44052  -12.000  -51.309  86.672 0.7500000000
126579  -22.986  -50.413  86.826 0.8750000000
44063  -22.517  -50.495  86.275 0.8750000000
145824  -32.282  -41.517  89.901 0.3750000000
52224  -31.661  -41.659  89.652 0.3750000000
44075  -22.550  -50.284  85.432 0.8750000000
122862  -22.671  -49.921  84.402 0.8750000000
148533  -31.978  -41.596  89.577 0.3750000000
45065  -12.869  -50.659  85.612 0.7500000000
45980  -13.321  -50.466  84.940 0.7500000000
45070  -23.112  -49.822  85.265 1.0000000000
45082  -23.571  -49.412  85.290 1.0000000000
52262  -30.702  -41.474  87.500 0.3750000000
52251  -30.962  -41.557  88.460 0.3750000000
52241  -31.374  -41.670  89.115 0.3750000000
45079  -12.870  -51.084  84.588 0.7500000000
45985  -23.677  -49.137  84.471 1.0000000000
132645  -24.478  -48.686  85.917 1.0000000000
142489  -30.694  -41.552  87.971 0.3750000000
45997  -23.883  -48.943  84.370 1.0000000000
52274  -29.806  -41.459  85.613 1.0000000000
123405  -29.921  -41.565  86.321 0.8750000000
46930  -14.636  -49.743  83.114 0.6250000000
46920  -14.930  -48.906  83.523 0.6250000000
46014  -23.796  -49.945  82.710 1.0000000000
46923  -23.985  -49.067  83.555 1.0000000000
47789  -24.373  -48.520  85.086 1.0000000000
52284  -29.398  -41.483  85.025 1.0000000000
46931  -15.167  -49.173  82.693 0.6250000000
46951  -24.015  -49.792  82.303 1.0000000000
143519  -24.038  -49.722  82.888 1.0000000000
53312  -29.466  -41.464  83.979 1.0000000000
130154  -28.898  -41.556  84.747 1.0000000000
46039  -22.631  -50.140  80.828 1.0000000000
46936  -24.130  -49.274  82.763 1.0000000000
53310  -28.522  -41.762  83.462 1.0000000000
46024  -16.485  -49.826  81.287 0.5000000000
46963  -16.767  -49.036  80.970 0.3750000000
46970  -23.172  -49.704  80.586 1.0000000000
53309  -27.773  -41.749  83.351 1.0000000000
46037  -17.552  -50.133  80.246 0.2500000000
46038  -17.997  -50.420  79.651 0.3750000000
45126  -18.522  -50.803  78.971 0.2500000000
46990  -23.030  -49.118  79.684 1.0000000000
145967  -26.763  -41.791  81.334 0.8750000000
53331  -27.233  -41.965  82.650 1.0000000000
45135  -19.164  -50.742  78.454 0.3750000000
45146  -19.814  -50.665  77.962 0.6250000000
54382  -25.974  -41.522  80.093 0.8750000000
46073  -20.503  -50.598  77.415 0.7500000000
52351  -24.765  -42.578  79.005 0.7500000000
43059  -9.846  -51.991  91.086 0.6250000000
43069  -10.526  -51.585  89.495 0.6250000000
45919  -18.508  -49.193  90.145 0.8750000000
43070  -11.286  -51.306  88.975 0.8750000000
45930  -17.940  -48.718  89.756 1.0000000000
45931  -18.913  -48.827  89.349 1.0000000000
45038  -19.700  -49.089  88.790 0.8750000000
45039  -20.499  -49.433  88.207 0.8750000000
44041  -21.627  -50.118  88.115 0.7500000000
46855  -17.035  -48.228  89.162 1.0000000000
45944  -19.220  -48.707  88.254 0.8750000000
45040  -21.213  -49.828  87.682 0.7500000000
44054  -21.719  -50.299  87.135 0.7500000000
46854  -15.700  -48.310  88.805 1.0000000000
45943  -18.359  -48.290  88.857 1.0000000000
44040  -12.411  -50.725  87.238 1.0000000000
46866  -16.428  -47.785  88.240 1.0000000000
46867  -17.715  -47.781  88.201 1.0000000000
46868  -18.731  -48.207  87.715 1.0000000000
45958  -19.433  -48.748  87.073 0.8750000000
132356  -20.677  -49.596  87.089 0.8750000000
127400  -20.917  -49.710  85.951 0.8750000000
45068  -21.752  -50.395  85.924 0.8750000000
53219  -32.361  -41.539  90.748 0.2500000000
44053  -12.482  -50.955  86.260 0.7500000000
45049  -12.922  -50.279  86.830 1.0000000000
47748  -17.077  -47.489  87.409 1.0000000000
46883  -18.989  -48.224  86.604 1.0000000000
45970  -20.261  -49.309  85.385 0.8750000000
45066  -20.927  -49.830  84.790 0.8750000000
142359  -32.299  -41.506  89.755 0.2500000000
45956  -13.276  -50.077  85.970 0.8750000000
45969  -19.646  -48.761  85.974 0.8750000000
126466  -21.546  -50.557  85.110 0.8750000000
138030  -21.974  -50.618  84.677 0.8750000000
140910  -31.948  -41.551  89.389 0.3750000000
45080  -21.143  -50.633  84.551 0.8750000000
45081  -21.338  -50.946  84.417 0.8750000000
52263  -31.155  -41.341  87.371 0.3750000000
53261  -32.156  -41.082  88.060 0.3750000000
46908  -14.115  -49.309  84.798 0.7500000000
47772  -14.487  -48.453  85.210 0.7500000000
145245  -21.153  -50.940  83.441 1.0000000000
142369  -21.573  -50.905  83.655 1.0000000000
45089  -23.086  -49.844  83.365 1.0000000000
124219  -30.788  -41.429  86.494 0.5000000000
52264  -31.777  -41.188  87.248 0.3750000000
46909  -14.693  -48.697  84.370 0.6250000000
146801  -15.024  -47.879  84.871 0.7500000000
143439  -21.432  -50.846  82.989 1.0000000000
140827  -22.663  -50.232  82.953 1.0000000000
45996  -23.769  -49.417  83.411 1.0000000000
52275  -30.253  -41.388  85.705 1.0000000000
46012  -21.696  -50.459  82.201 1.0000000000
46013  -23.006  -50.207  82.574 1.0000000000
52285  -29.610  -41.412  85.161 1.0000000000
52286  -30.311  -41.178  84.969 0.8750000000
47796  -15.568  -48.306  83.080 0.7500000000
135322  -16.170  -47.988  82.675 0.8750000000
46026  -21.841  -50.257  81.250 1.0000000000
46027  -22.604  -50.311  81.861 1.0000000000
53313  -30.138  -41.248  84.129 1.0000000000
46932  -15.784  -48.619  82.253 0.5000000000
47806  -16.525  -48.165  81.990 0.6250000000
46968  -21.948  -50.008  80.386 1.0000000000
53311  -29.058  -41.659  83.703 1.0000000000
127708  -29.497  -41.821  83.201 1.0000000000
46946  -16.244  -48.896  81.521 0.5000000000
47831  -17.403  -48.863  80.598 0.7500000000
136587  -21.363  -49.596  79.448 1.0000000000
53347  -28.417  -42.120  81.745 1.0000000000
53333  -28.971  -42.062  82.699 1.0000000000
46964  -17.228  -49.496  80.638 0.5000000000
46965  -17.832  -49.372  79.871 0.5000000000
46054  -18.396  -49.824  79.127 0.5000000000
46987  -21.126  -49.484  78.412 0.7500000000
46969  -22.507  -49.684  79.757 1.0000000000
54402  -27.309  -41.410  79.133 0.8750000000
53357  -27.751  -41.676  80.104 0.8750000000
53346  -27.428  -41.974  81.677 1.0000000000
146346  -18.831  -50.116  78.639 0.5000000000
142556  -19.418  -49.950  78.306 0.6250000000
47001  -19.715  -49.460  78.515 0.7500000000
47002  -20.570  -49.610  78.061 0.7500000000
46988  -21.929  -49.448  78.624 0.7500000000
46989  -22.517  -49.054  78.741 0.8750000000
140604  -26.811  -41.543  79.827 0.8750000000
46064  -20.140  -49.893  77.866 0.7500000000
47017  -20.901  -49.951  77.395 0.6250000000
47003  -21.484  -49.557  77.583 0.7500000000
47004  -22.196  -49.124  77.698 0.7500000000
43060  -10.581  -51.543  90.591 0.6250000000
43061  -11.290  -51.147  90.054 0.7500000000
44026  -11.945  -51.009  88.520 0.8750000000
44027  -12.385  -50.575  88.190 1.0000000000
45036  -12.786  -50.080  87.938 1.0000000000
45929  -16.884  -48.756  90.008 1.0000000000
44039  -11.951  -51.182  87.585 0.8750000000
45941  -14.064  -49.265  88.529 1.0000000000
45037  -13.308  -49.656  87.823 1.0000000000
46864  -14.133  -48.847  87.290 1.0000000000
46865  -15.169  -48.156  87.907 1.0000000000
45957  -13.477  -49.619  87.020 1.0000000000
46882  -18.151  -47.710  87.166 1.0000000000
127952  -13.627  -49.338  86.301 1.0000000000
46880  -14.084  -48.656  86.483 0.8750000000
47758  -15.405  -47.623  86.329 1.0000000000
47760  -17.567  -47.445  86.655 1.0000000000
46897  -18.378  -47.732  86.203 1.0000000000
46898  -19.188  -48.232  85.620 1.0000000000
45982  -19.800  -48.868  85.019 1.0000000000
45983  -20.384  -49.398  84.485 1.0000000000
46896  -13.908  -48.906  85.659 0.8750000000
47757  -14.489  -48.160  86.056 1.0000000000
47775  -17.420  -47.271  85.862 1.0000000000
46912  -20.012  -48.859  84.179 1.0000000000
145973  -20.342  -49.445  83.833 1.0000000000
45984  -20.773  -50.099  83.987 1.0000000000
56321  -33.207  -39.729  85.711 0.5000000000
55336  -33.139  -40.169  86.325 0.5000000000
53275  -32.137  -41.127  86.366 0.3750000000
47773  -15.004  -47.775  85.571 1.0000000000
47774  -15.986  -47.282  85.325 1.0000000000
122964  -17.291  -47.063  84.964 1.0000000000
47788  -18.581  -47.627  84.334 1.0000000000
46921  -19.318  -48.276  83.823 1.0000000000
46922  -19.871  -49.056  83.408 1.0000000000
45994  -20.312  -49.804  83.263 1.0000000000
46010  -20.437  -50.043  82.538 1.0000000000
55343  -32.927  -40.226  85.551 0.6250000000
47786  -15.469  -47.879  84.112 1.0000000000
47787  -16.423  -47.259  84.364 1.0000000000
47798  -17.429  -47.143  83.983 1.0000000000
47799  -18.285  -47.571  83.239 1.0000000000
131645  -21.062  -50.413  82.558 1.0000000000
54354  -31.799  -40.651  84.404 0.8750000000
53288  -31.277  -41.060  85.164 0.8750000000
124387  -17.071  -47.483  82.771 1.0000000000
46933  -19.062  -48.505  82.894 1.0000000000
46934  -19.728  -49.263  82.512 1.0000000000
46935  -20.095  -49.706  81.830 1.0000000000
46011  -20.889  -50.127  81.702 1.0000000000
129693  -30.990  -40.425  82.994 1.0000000000
54353  -31.259  -40.827  84.200 1.0000000000
47797  -16.264  -47.570  83.466 0.8750000000
145903  -17.770  -47.517  82.512 1.0000000000
131708  -18.211  -48.099  81.373 1.0000000000
47820  -18.878  -48.331  80.949 1.0000000000
46947  -19.530  -48.949  81.416 1.0000000000
46948  -20.231  -49.434  80.958 1.0000000000
55379  -30.617  -39.750  81.584 1.0000000000
54384  -30.663  -40.405  82.250 1.0000000000
53334  -29.930  -41.595  83.236 1.0000000000
47807  -17.447  -47.883  81.817 0.8750000000
47818  -17.682  -48.414  80.915 1.0000000000
47819  -18.286  -48.389  80.660 1.0000000000
46949  -21.129  -49.889  80.583 1.0000000000
54405  -28.801  -40.828  80.620 1.0000000000
140548  -29.585  -40.673  81.293 1.0000000000
134388  -29.750  -41.899  82.142 1.0000000000
47817  -16.959  -48.527  81.256 0.7500000000
47833  -18.764  -48.494  80.178 0.7500000000
46966  -19.461  -48.735  80.451 0.8750000000
46967  -20.230  -49.180  79.888 1.0000000000
54422  -28.318  -40.544  79.028 1.0000000000
53373  -28.511  -41.590  80.897 1.0000000000
53359  -29.294  -41.922  81.440 1.0000000000
47832  -18.126  -48.688  80.109 0.6250000000
46985  -18.546  -49.088  79.385 0.6250000000
46986  -19.212  -48.984  79.100 0.7500000000
122822  -20.145  -49.203  78.925 0.7500000000
54421  -28.104  -41.034  78.695 1.0000000000
147968  -28.231  -41.838  80.556 1.0000000000
47000  -18.980  -49.438  78.754 0.7500000000
44012  -12.511  -50.475  89.173 1.0000000000
45009  -12.976  -50.065  88.897 1.0000000000
144609  -32.933  -38.684  83.939 0.6250000000
56327  -33.027  -39.736  84.950 0.6250000000
147229  -31.368  -39.173  82.584 1.0000000000
56339  -32.514  -39.467  83.925 0.8750000000
143363  -32.782  -39.764  84.439 0.7500000000
131887  -30.990  -39.323  82.074 1.0000000000
55366  -31.417  -40.056  83.075 1.0000000000
55349  -32.260  -40.212  84.242 0.8750000000
56378  -30.217  -38.758  80.405 1.0000000000
54385  -31.125  -39.969  82.402 1.0000000000
132784  -28.920  -39.458  79.195 1.0000000000
55391  -29.520  -39.510  79.983 1.0000000000
127906  -29.944  -39.917  80.924 1.0000000000
55403  -28.794  -40.014  79.426 1.0000000000
57355  -31.729  -38.770  83.173 0.7500000000
58284  -31.951  -38.251  83.661 0.6250000000
57364  -31.103  -38.650  82.390 1.0000000000
58290  -31.673  -38.498  83.249 0.7500000000
57371  -30.459  -38.583  80.977 1.0000000000
58289  -31.109  -38.078  82.861 0.7500000000
58305  -30.309  -38.264  80.866 1.0000000000
56387  -28.700  -39.657  78.795 1.0000000000
56388  -29.246  -39.106  79.226 1.0000000000
141855  -29.544  -38.901  79.300 1.0000000000
57386  -28.964  -39.251  78.953 1.0000000000
58319  -29.698  -38.284  79.734 1.0000000000
148232  -31.649  -37.866  83.981 0.6250000000
58283  -31.202  -37.846  83.405 0.6250000000
146246  -30.744  -37.975  82.276 0.8750000000
58312  -29.966  -38.120  80.349 1.0000000000
137403  -30.350  -38.105  81.272 1.0000000000
58318  -29.104  -37.510  79.643 1.0000000000
143960  -30.980  -37.644  84.069 0.6250000000
58282  -30.370  -37.328  83.704 0.6250000000
58277  -30.345  -37.334  84.674 0.3750000000
58288  -30.504  -37.567  82.728 0.6250000000
59158  -29.473  -37.326  80.811 0.8750000000
58304  -29.966  -37.912  80.840 1.0000000000
59145  -30.269  -37.644  81.879 0.7500000000
59162  -29.515  -37.466  80.429 1.0000000000
58311  -29.573  -37.621  80.051 1.0000000000
59168  -29.163  -36.955  80.001 1.0000000000
58317  -28.365  -37.437  79.194 1.0000000000
59166  -27.767  -36.796  79.075 1.0000000000
58263  -29.667  -36.955  86.168 0.3750000000
59144  -29.694  -36.933  82.218 0.7500000000
59138  -29.638  -36.851  83.233 0.6250000000
58276  -29.481  -36.837  85.180 0.5000000000
59151  -29.599  -37.136  81.358 0.7500000000
59137  -29.072  -36.261  83.767 0.6250000000
59132  -28.984  -36.107  84.686 0.6250000000
59157  -28.967  -36.626  80.373 0.8750000000
59150  -29.060  -36.237  81.715 0.6250000000
59143  -28.972  -36.039  82.815 0.5000000000
60049  -28.913  -36.304  80.837 0.7500000000
60061  -28.654  -36.226  79.983 0.7500000000
146304  -28.598  -36.023  80.208 0.7500000000
60059  -27.610  -36.053  79.071 1.0000000000
60060  -28.008  -35.780  79.569 0.8750000000
124895  -27.614  -35.243  78.881 1.0000000000
138855  -27.857  -35.067  79.350 0.8750000000
60068  -27.138  -35.531  78.244 1.0000000000
141128  -28.717  -35.431  82.135 0.6250000000
125446  -28.464  -35.216  80.713 0.6250000000
60976  -28.596  -34.532  82.057 0.6250000000
60991  -28.243  -34.322  80.439 0.6250000000
60069  -27.479  -34.756  78.014 0.8750000000
61007  -27.832  -34.491  78.681 0.8750000000
61012  -27.420  -34.303  77.315 0.8750000000
60984  -28.452  -34.110  81.197 0.6250000000
61000  -28.091  -34.445  79.936 0.7500000000
61985  -28.584  -33.091  80.714 0.7500000000
144530  -29.371  -32.750  82.106 0.3750000000
61997  -28.309  -33.481  79.357 0.8750000000
130148  -28.392  -33.326  80.020 0.7500000000
61970  -28.952  -32.842  81.455 0.6250000000
62004  -28.214  -33.551  78.537 0.8750000000
143011  -28.756  -32.492  79.555 0.8750000000
62974  -28.996  -32.287  80.252 0.8750000000
62005  -28.692  -32.612  78.839 0.8750000000
62013  -28.698  -32.588  78.017 0.8750000000
62945  -29.912  -32.236  81.736 0.5000000000
62975  -30.161  -31.570  80.398 0.6250000000
62946  -31.028  -32.135  82.064 0.6250000000
60967  -35.638  -33.492  84.280 0.1250000000
148138  -29.407  -31.780  79.773 0.8750000000
62976  -31.444  -31.524  80.778 0.6250000000
62993  -30.280  -31.268  79.490 0.8750000000
123444  -31.182  -31.244  79.958 0.8750000000
132816  -33.243  -31.740  80.834 0.3750000000
61986  -33.790  -31.922  81.416 0.2500000000
61973  -34.515  -32.255  82.052 0.2500000000
63007  -29.207  -31.792  78.389 0.8750000000
63936  -30.988  -30.936  78.938 1.0000000000
62994  -31.823  -31.098  79.300 0.7500000000
140588  -32.693  -31.342  79.529 0.7500000000
123540  -33.337  -31.412  79.909 0.5000000000
62978  -33.868  -31.533  80.444 0.3750000000
61987  -34.473  -31.715  80.949 0.2500000000
63022  -29.919  -31.243  77.907 0.8750000000
63949  -30.860  -30.929  78.177 1.0000000000
63950  -31.746  -30.796  77.695 0.8750000000
63009  -32.573  -31.056  78.624 0.8750000000
62995  -33.290  -31.276  78.838 0.7500000000
62996  -34.028  -31.353  79.255 0.6250000000
63960  -31.794  -30.744  77.004 0.8750000000
63951  -32.511  -30.881  77.258 0.8750000000
63011  -33.891  -31.239  78.058 0.8750000000
63961  -32.289  -31.082  76.367 0.8750000000
63108  -32.192  -32.026  72.228 0.8750000000
62111  -31.889  -32.925  70.888 0.8750000000
60968  -36.449  -33.547  84.317 0.1250000000
60953  -36.750  -33.826  84.684 0.1250000000
60979  -36.108  -33.071  83.920 0.1250000000
61974  -35.462  -32.287  82.229 0.2500000000
61954  -35.776  -32.648  83.173 0.1250000000
61988  -35.228  -31.785  81.270 0.2500000000
147750  -34.455  -31.360  80.064 0.6250000000
62979  -35.085  -31.421  80.244 0.2500000000
63012  -34.577  -31.377  78.241 0.5000000000
62997  -34.850  -31.371  79.241 0.5000000000
63025  -34.455  -31.461  77.280 0.8750000000
63023  -33.180  -31.193  76.787 0.8750000000
63038  -33.856  -31.592  76.220 0.8750000000
63978  -32.330  -31.344  75.450 1.0000000000
63037  -33.102  -31.439  75.899 0.8750000000
63056  -33.759  -31.942  75.429 0.8750000000
63994  -32.342  -31.420  74.719 0.8750000000
63073  -32.910  -31.629  73.951 0.8750000000
138291  -33.682  -32.061  74.599 0.8750000000
137488  -37.337  -33.859  84.925 0.1250000000
60969  -37.231  -33.625  84.261 0.1250000000
60954  -37.664  -33.794  84.595 0.1250000000
122946  -36.715  -32.687  83.336 0.1250000000
60980  -36.813  -33.261  83.962 0.1250000000
61975  -36.336  -32.218  82.402 0.1250000000
62980  -35.880  -31.404  80.409 0.2500000000
61989  -36.080  -31.734  81.457 0.2500000000
62998  -35.665  -31.372  79.325 0.5000000000
62999  -36.606  -31.424  79.408 0.3750000000
63013  -35.370  -31.495  78.317 0.5000000000
63014  -36.304  -31.667  78.347 0.5000000000
63026  -35.108  -31.603  77.394 0.6250000000
63027  -35.927  -31.877  77.416 0.6250000000
62014  -35.625  -32.159  76.666 0.8750000000
63039  -34.513  -31.805  76.389 0.8750000000
147848  -34.959  -32.126  76.204 0.8750000000
62026  -35.382  -32.468  76.093 0.8750000000
63057  -34.450  -32.217  75.673 0.8750000000
122949  -35.024  -32.916  75.139 0.8750000000
62053  -34.928  -33.250  74.419 1.0000000000
137339  -33.679  -32.072  73.949 0.8750000000
62052  -34.300  -32.589  73.992 0.8750000000
62073  -34.815  -33.446  73.643 1.0000000000
61068  -35.103  -34.092  73.231 1.0000000000
63093  -33.640  -32.288  73.233 0.8750000000
63109  -33.171  -32.363  72.271 0.8750000000
61955  -37.476  -33.108  83.781 0.1250000000
61976  -37.169  -32.124  82.464 0.1250000000
61049  -35.319  -34.035  74.007 1.0000000000
61085  -35.360  -34.580  72.865 1.0000000000
132603  -37.425  -32.548  83.093 0.1250000000
62981  -36.812  -31.393  80.519 0.2500000000
62964  -36.973  -31.694  81.564 0.2500000000
62982  -37.743  -31.631  80.566 0.2500000000
63000  -37.602  -31.666  79.510 0.3750000000
62015  -36.286  -32.453  76.718 0.6250000000
63028  -36.930  -32.345  77.345 0.5000000000
62027  -36.123  -32.968  76.014 0.8750000000
62040  -35.669  -33.228  75.345 0.8750000000
141025  -36.710  -33.576  75.893 0.8750000000
62054  -35.503  -33.755  74.641 0.8750000000
61050  -35.755  -34.618  74.285 0.8750000000
61069  -35.540  -34.693  73.680 1.0000000000
60134  -35.208  -34.519  72.007 0.8750000000
60135  -35.701  -34.945  72.579 1.0000000000
62965  -37.807  -31.825  81.535 0.2500000000
63015  -37.319  -31.977  78.460 0.5000000000
63016  -38.304  -32.364  78.666 0.3750000000
63001  -38.527  -32.081  79.597 0.3750000000
62983  -38.602  -31.881  80.510 0.2500000000
122939  -36.831  -33.039  76.434 0.6250000000
62016  -37.638  -33.188  76.836 0.3750000000
62006  -37.990  -32.687  77.703 0.5000000000
62028  -37.295  -33.753  76.209 0.6250000000
62017  -38.499  -33.540  77.261 0.3750000000
61034  -36.051  -34.256  74.767 0.8750000000
61022  -37.024  -34.150  75.624 0.7500000000
61023  -37.676  -34.412  76.049 0.7500000000
61024  -38.460  -34.714  76.426 0.6250000000
61051  -36.228  -35.052  74.469 0.8750000000
60094  -37.411  -35.243  75.116 0.7500000000
59194  -38.281  -35.419  75.534 0.7500000000
59206  -38.590  -35.618  75.218 0.7500000000
60105  -35.938  -35.182  74.036 0.8750000000
60120  -36.283  -35.488  73.636 0.8750000000
59205  -37.567  -35.684  74.270 0.7500000000
128725  -38.073  -35.703  74.576 0.7500000000
60119  -35.767  -35.102  73.346 0.8750000000
60136  -36.114  -35.338  73.034 0.8750000000
59204  -36.995  -35.693  73.849 0.8750000000
59221  -37.382  -35.786  73.339 0.7500000000
58351  -38.277  -35.729  73.741 0.7500000000
58339  -38.492  -35.687  74.459 0.7500000000
60151  -35.602  -34.791  71.830 0.8750000000
59236  -36.196  -35.224  72.483 1.0000000000
139689  -36.791  -35.427  72.481 1.0000000000
130162  -37.253  -35.719  72.895 1.0000000000
59238  -37.739  -35.743  73.015 0.8750000000
60169  -37.162  -34.883  71.506 0.8750000000
61998  -39.209  -32.830  78.825 0.3750000000
62007  -38.860  -33.210  78.068 0.3750000000
61014  -38.906  -34.358  77.049 0.6250000000
60083  -38.751  -35.293  76.207 0.6250000000
59183  -39.479  -35.406  76.508 0.5000000000
142048  -38.954  -35.667  74.543 0.6250000000
59195  -39.320  -35.629  75.851 0.6250000000
59240  -38.621  -35.610  73.401 0.7500000000
59222  -38.777  -35.664  73.925 0.7500000000
59255  -37.452  -35.408  72.389 1.0000000000
59256  -38.162  -35.473  72.619 0.7500000000
60138  -39.338  -34.778  72.684 0.7500000000
126674  -37.847  -34.575  71.431 0.8750000000
60152  -38.019  -35.059  71.957 1.0000000000
61108  -39.000  -34.483  72.211 0.8750000000
59196  -39.623  -35.615  75.759 0.6250000000
60121  -39.201  -35.326  73.362 0.6250000000
59223  -39.278  -35.461  74.164 0.6250000000
61037  -40.262  -34.810  75.020 0.5000000000
60139  -39.684  -34.708  73.134 0.6250000000
123959  -37.993  -34.078  71.170 0.8750000000
61127  -39.039  -33.842  71.826 0.8750000000
62125  -38.517  -33.619  71.258 0.7500000000
60122  -39.722  -34.944  73.735 0.6250000000
138924  -40.896  -33.879  75.408 0.3750000000
61070  -40.146  -34.183  73.382 0.7500000000
62055  -40.415  -33.813  73.883 0.6250000000
61053  -40.562  -33.986  74.618 0.5000000000
144425  -39.922  -33.761  72.550 0.7500000000
132262  -40.249  -33.679  72.971 0.5000000000
62126  -39.076  -33.366  71.639 0.7500000000
63127  -39.352  -32.885  71.891 0.8750000000
62124  -37.552  -33.631  70.569 0.8750000000
63134  -38.788  -32.928  71.342 0.8750000000
64038  -38.124  -32.295  71.167 0.7500000000
128576  -39.028  -32.105  71.727 0.6250000000
64029  -38.133  -31.440  71.427 0.7500000000
64028  -37.337  -30.838  71.119 0.8750000000
67706  -39.249  -26.929  72.743 0.8750000000
134756  -40.359  -26.330  73.573 0.7500000000
68614  -40.929  -26.052  74.127 0.6250000000
69577  -41.953  -25.069  74.279 0.6250000000
67695  -39.752  -26.660  73.178 0.8750000000
62075  -40.718  -32.766  73.877 0.5000000000
123672  -40.936  -32.799  74.517 0.5000000000
63058  -41.283  -32.313  75.178 0.2500000000
63111  -40.346  -32.794  72.849 0.5000000000
63094  -40.591  -32.528  73.465 0.5000000000
64031  -39.905  -32.309  72.393 0.7500000000
126653  -40.426  -32.251  73.041 0.7500000000
64030  -39.550  -31.561  72.293 0.7500000000
64901  -39.546  -30.789  72.567 0.7500000000
124855  -38.865  -31.098  72.026 0.7500000000
64910  -38.771  -30.064  72.327 0.7500000000
64909  -38.064  -30.528  71.702 0.7500000000
65821  -39.196  -29.302  72.794 0.7500000000
66768  -39.521  -28.716  73.219 0.7500000000
66761  -40.119  -28.605  73.702 0.7500000000
138232  -37.843  -29.637  71.870 0.7500000000
65820  -38.436  -29.056  72.321 0.8750000000
133946  -40.321  -27.859  73.883 0.7500000000
67680  -41.456  -26.826  74.602 0.6250000000
66766  -38.193  -28.140  72.167 0.8750000000
67696  -40.222  -27.127  73.754 0.7500000000
146661  -40.710  -26.748  74.126 0.7500000000
68603  -42.238  -26.484  74.976 0.5000000000
69562  -43.101  -25.729  75.093 0.6250000000
63075  -41.029  -32.152  74.534 0.3750000000
64009  -40.599  -31.866  73.619 0.6250000000
64010  -40.813  -31.370  74.287 0.3750000000
63980  -42.151  -30.957  75.698 0.1250000000
63979  -41.468  -31.518  75.163 0.2500000000
64893  -40.437  -31.021  73.763 0.7500000000
143206  -41.247  -30.839  74.735 0.2500000000
64880  -41.723  -30.670  75.282 0.2500000000
64902  -40.014  -30.522  73.210 0.7500000000
64894  -40.879  -30.362  74.345 0.3750000000
65800  -41.509  -30.032  75.005 0.3750000000
65822  -39.875  -29.538  73.399 0.7500000000
65813  -40.575  -29.403  74.019 0.6250000000
65814  -41.213  -29.327  74.650 0.6250000000
140676  -41.549  -28.558  74.870 0.5000000000
66762  -40.866  -28.425  74.341 0.7500000000
66748  -41.537  -27.801  74.769 0.5000000000
67668  -42.958  -27.682  75.438 0.2500000000
67681  -42.208  -27.314  75.123 0.5000000000
68593  -44.111  -26.677  75.770 0.2500000000
141322  -42.771  -26.273  75.131 0.5000000000
63981  -42.843  -30.473  76.173 0.1250000000
64881  -42.227  -29.704  75.495 0.1250000000
65791  -43.075  -29.277  75.839 0.1250000000
147306  -43.166  -29.796  76.113 0.1250000000
65801  -41.884  -29.121  75.188 0.2500000000
66740  -43.116  -28.463  75.629 0.2500000000
65781  -44.300  -28.865  76.502 0.1250000000
65775  -45.366  -28.872  77.311 0.1250000000
66749  -42.279  -28.255  75.234 0.2500000000
65792  -43.834  -28.612  76.065 0.2500000000
66730  -44.507  -28.273  76.481 0.1250000000
67670  -44.180  -27.444  75.987 0.2500000000
67661  -45.408  -27.330  76.677 0.1250000000
67655  -46.660  -27.200  77.342 0.1250000000
67669  -43.533  -27.203  75.608 0.2500000000
68594  -44.814  -26.966  76.285 0.2500000000
68588  -46.451  -26.517  77.067 0.1250000000
68581  -47.182  -26.504  77.544 0.1250000000
132319  -47.647  -25.798  77.814 0.1250000000
69540  -46.930  -25.790  77.257 0.1250000000
38515  -5.592  -57.030  89.893 0.5000000000
38571  -6.783  -58.883  86.662 0.3750000000
38557  -6.199  -58.377  87.373 0.6250000000
128212  -5.934  -56.377  90.630 0.5000000000
40416  -6.266  -56.037  89.241 0.5000000000
40402  -6.228  -55.724  90.267 0.5000000000
41281  -7.096  -54.198  90.453 0.6250000000
125335  -8.636  -53.581  87.684 0.7500000000
45907  -26.697  -48.989  91.608 0.5000000000
47710  -28.874  -47.638  93.675 0.3750000000
125484  -28.238  -48.002  92.733 0.3750000000
48577  -29.140  -46.813  92.799 0.5000000000
46841  -27.284  -48.216  91.334 0.5000000000
50277  -30.069  -44.736  92.870 0.3750000000
143684  -28.123  -47.021  91.419 0.6250000000
49445  -29.243  -46.009  92.407 0.6250000000
147125  -29.405  -45.379  92.292 0.6250000000
50292  -30.132  -44.293  92.417 0.3750000000
51156  -30.497  -43.929  92.771 0.3750000000
47732  -27.676  -47.077  90.869 0.7500000000
49453  -28.450  -46.001  91.477 0.7500000000
50305  -29.142  -44.793  91.596 0.6250000000
48593  -27.177  -46.814  90.138 0.8750000000
129486  -26.703  -46.576  89.597 0.8750000000
49462  -28.568  -45.282  91.254 0.7500000000
48601  -27.196  -46.143  89.968 0.8750000000
50304  -28.819  -44.379  91.059 0.7500000000
51215  -28.204  -43.417  89.487 0.7500000000
141583  -24.933  -47.314  87.510 1.0000000000
52239  -29.268  -42.037  88.649 0.7500000000
49482  -25.614  -45.643  87.540 1.0000000000
139693  -27.318  -41.879  86.452 1.0000000000
130303  -25.313  -45.170  87.026 1.0000000000
51230  -25.543  -44.048  86.985 1.0000000000
51224  -26.080  -43.710  87.344 1.0000000000
124026  -24.539  -47.835  85.187 1.0000000000
52270  -25.805  -42.844  86.573 1.0000000000
45106  -16.266  -51.618  81.706 0.1250000000
50339  -24.501  -44.788  86.084 1.0000000000
132412  -25.292  -42.652  85.915 1.0000000000
51236  -24.606  -43.793  86.027 1.0000000000
130264  -23.988  -45.850  84.675 1.0000000000
49512  -23.772  -46.914  83.251 1.0000000000
51244  -24.087  -44.481  85.562 1.0000000000
50347  -23.836  -45.106  84.803 1.0000000000
52280  -24.346  -43.192  85.315 1.0000000000
44116  -18.992  -52.007  79.933 0.1250000000
44124  -19.410  -52.011  79.055 0.1250000000
50355  -23.564  -45.582  84.119 1.0000000000
49500  -23.361  -46.120  83.319 1.0000000000
52300  -23.762  -43.392  84.399 1.0000000000
51250  -23.466  -44.479  84.079 1.0000000000
53305  -23.730  -42.765  83.798 1.0000000000
142455  -23.058  -46.770  81.767 1.0000000000
47834  -23.241  -48.314  79.753 1.0000000000
49528  -22.713  -46.529  81.067 0.8750000000
125778  -22.951  -45.872  82.641 1.0000000000
52299  -23.185  -43.472  83.466 1.0000000000
50354  -22.996  -45.235  83.235 1.0000000000
50367  -22.658  -45.416  82.351 1.0000000000
138767  -22.779  -43.900  82.780 1.0000000000
129515  -24.190  -42.130  83.488 1.0000000000
52322  -22.791  -43.232  82.407 0.8750000000
53329  -23.958  -41.802  82.329 1.0000000000
53343  -23.032  -42.470  81.606 0.8750000000
45147  -20.935  -51.396  77.135 0.5000000000
146300  -21.582  -51.122  76.827 0.6250000000
49527  -22.562  -45.722  81.078 0.8750000000
126882  -8.966  -52.549  92.323 0.2500000000
44034  -23.955  -50.054  88.436 0.7500000000
44046  -23.728  -49.993  87.343 0.8750000000
45042  -24.494  -49.296  87.892 0.8750000000
45053  -23.782  -49.750  86.775 1.0000000000
45071  -23.484  -49.801  86.070 1.0000000000
46884  -24.558  -48.404  87.461 1.0000000000
134785  -24.075  -49.479  86.781 1.0000000000
43093  -11.450  -51.858  85.994 0.7500000000
46900  -24.501  -48.567  86.654 1.0000000000
142043  -23.997  -49.080  85.482 1.0000000000
137386  -24.615  -47.913  87.138 1.0000000000
148275  -31.100  -41.763  88.944 0.3750000000
47777  -24.567  -48.073  86.464 1.0000000000
123406  -30.377  -41.580  87.191 0.6250000000
45993  -14.059  -50.311  83.457 0.6250000000
47776  -24.561  -48.194  85.808 1.0000000000
123404  -30.303  -41.514  86.429 1.0000000000
47801  -24.337  -48.552  84.190 1.0000000000
126085  -28.950  -41.503  85.097 1.0000000000
143245  -15.011  -49.952  82.531 0.5000000000
48644  -24.499  -48.022  84.204 1.0000000000
52301  -28.162  -41.553  84.066 1.0000000000
52302  -28.840  -41.545  84.190 1.0000000000
125438  -24.163  -47.779  83.283 1.0000000000
47810  -23.723  -48.357  81.643 1.0000000000
53308  -26.191  -41.718  83.909 1.0000000000
141363  -18.827  -51.519  79.261 0.2500000000
44125  -20.072  -52.282  78.342 0.1250000000
47821  -23.449  -48.321  80.726 1.0000000000
53345  -26.620  -41.839  81.904 1.0000000000
54361  -25.785  -41.665  81.983 0.8750000000
54367  -25.087  -41.510  81.308 0.8750000000
145564  -26.351  -41.841  82.836 1.0000000000
140445  -25.571  -41.725  82.694 1.0000000000
53330  -24.890  -41.756  83.048 1.0000000000
53307  -25.100  -41.889  83.917 1.0000000000
124628  -27.029  -41.790  83.346 1.0000000000
54381  -24.394  -41.620  80.775 0.7500000000
54360  -24.932  -41.559  82.172 0.7500000000
53344  -23.719  -41.821  81.185 0.8750000000
142917  -23.858  -41.951  80.408 0.7500000000
53355  -23.338  -42.288  80.784 0.8750000000
47865  -22.912  -48.921  77.152 0.7500000000
47854  -23.158  -48.144  77.683 0.7500000000
147008  -24.593  -41.868  79.525 0.7500000000
52346  -24.245  -43.052  79.611 0.7500000000
44018  -23.006  -50.463  89.592 0.6250000000
147868  -21.864  -50.448  86.537 0.8750000000
44062  -22.086  -50.535  86.432 0.8750000000
45069  -22.003  -50.547  85.721 0.8750000000
45088  -22.389  -50.318  83.629 1.0000000000
125094  -31.496  -41.589  89.223 0.3750000000
52252  -31.085  -41.446  88.317 0.3750000000
45968  -13.678  -49.812  85.329 0.8750000000
46919  -14.366  -49.570  83.932 0.6250000000
46028  -23.435  -50.078  82.011 1.0000000000
52303  -29.185  -41.500  84.583 1.0000000000
53332  -28.076  -42.022  82.611 1.0000000000
54369  -26.952  -41.690  80.724 0.8750000000
52352  -24.931  -43.334  79.170 0.7500000000
53371  -24.819  -42.019  79.071 0.5000000000
45050  -19.951  -49.126  87.630 0.8750000000
45025  -20.976  -49.794  88.676 0.7500000000
138800  -16.081  -48.554  89.513 1.0000000000
144074  -21.262  -49.998  86.786 0.8750000000
45051  -20.122  -49.220  86.455 0.8750000000
45052  -21.537  -50.181  86.253 0.8750000000
47747  -15.877  -47.605  87.304 1.0000000000
45067  -21.374  -50.142  85.362 0.8750000000
45087  -21.036  -50.956  83.932 0.8750000000
45995  -20.852  -50.518  83.282 1.0000000000
137090  -31.468  -41.330  86.425 0.6250000000
45099  -22.181  -50.565  82.796 1.0000000000
52276  -30.995  -41.311  85.712 0.8750000000
123983  -31.739  -41.215  85.686 0.7500000000
142037  -30.323  -41.149  84.088 1.0000000000
53314  -30.921  -40.970  84.571 1.0000000000
124722  -29.616  -42.015  82.555 1.0000000000
127784  -27.938  -41.856  80.960 1.0000000000
53358  -28.681  -41.962  81.014 1.0000000000
53348  -29.228  -42.120  81.836 1.0000000000
54403  -28.069  -41.375  79.364 1.0000000000
45942  -14.593  -48.789  88.287 1.0000000000
140938  -13.830  -49.251  87.811 1.0000000000
46881  -14.789  -48.114  86.953 1.0000000000
47759  -16.545  -47.329  86.524 1.0000000000
46910  -18.436  -47.580  85.258 1.0000000000
46911  -19.314  -48.284  84.737 1.0000000000
145377  -18.011  -47.283  84.698 1.0000000000
54328  -32.767  -40.558  86.133 0.5000000000
54342  -32.537  -40.630  85.490 0.5000000000
55342  -32.667  -40.252  84.914 0.6250000000
127403  -32.182  -40.708  84.938 0.7500000000
47809  -18.943  -48.413  81.910 1.0000000000
47808  -18.307  -47.802  82.273 1.0000000000
53349  -30.012  -41.439  82.550 1.0000000000
53336  -30.848  -40.796  83.570 1.0000000000
54362  -31.522  -40.452  83.716 1.0000000000
53360  -29.676  -41.535  81.832 1.0000000000
54404  -28.269  -41.088  79.746 1.0000000000
53372  -28.256  -41.623  80.306 1.0000000000
54423  -28.590  -40.465  79.806 1.0000000000
126376  -29.185  -40.173  80.348 1.0000000000
53374  -29.166  -41.387  81.283 1.0000000000
47845  -18.772  -48.731  79.647 0.7500000000
128134  -19.353  -48.788  79.644 0.8750000000
56353  -31.896  -39.178  83.380 0.7500000000
138848  -33.113  -38.632  84.501 0.6250000000
57341  -32.351  -38.611  83.719 0.6250000000
56370  -30.831  -38.777  81.809 1.0000000000
56377  -29.928  -38.949  79.982 1.0000000000
57379  -29.894  -38.772  79.751 1.0000000000
58279  -32.291  -37.917  84.347 0.6250000000
145474  -30.095  -38.499  80.011 1.0000000000
57363  -30.662  -38.386  81.654 0.8750000000
58296  -30.085  -37.808  81.277 1.0000000000
144852  -28.110  -38.103  78.836 1.0000000000
58316  -27.547  -37.455  78.708 1.0000000000
59167  -28.440  -36.637  79.545 1.0000000000
59172  -27.025  -36.542  78.424 1.0000000000
60045  -28.657  -35.352  81.346 0.6250000000
60053  -28.165  -35.403  79.915 0.8750000000
127189  -28.439  -35.568  80.325 0.6250000000
60999  -27.986  -34.409  79.345 0.8750000000
62011  -27.809  -33.973  77.865 0.8750000000
62959  -29.467  -32.172  80.985 0.7500000000
62992  -29.282  -31.761  79.134 0.8750000000
62960  -30.666  -31.815  81.274 0.5000000000
62961  -31.844  -31.870  81.565 0.6250000000
139704  -31.092  -31.074  79.430 0.7500000000
123214  -32.129  -31.456  80.163 0.7500000000
62977  -32.536  -31.750  81.039 0.5000000000
145449  -32.818  -31.568  80.324 0.6250000000
63008  -30.035  -31.222  78.694 0.8750000000
63942  -31.783  -30.878  78.440 0.8750000000
63959  -30.788  -30.859  77.286 0.8750000000
63010  -33.156  -31.045  77.788 0.8750000000
63958  -30.170  -30.962  76.517 1.0000000000
63024  -33.855  -31.346  77.085 0.8750000000
63092  -32.778  -31.919  72.936 0.8750000000
63126  -32.555  -32.582  71.496 0.8750000000
63091  -31.964  -31.511  73.116 0.8750000000
62123  -32.046  -33.332  70.569 0.8750000000
63055  -33.007  -31.676  75.042 0.8750000000
63074  -34.394  -32.502  74.901 0.8750000000
61013  -38.102  -33.984  76.580 0.6250000000
61035  -36.705  -34.691  75.006 0.7500000000
60082  -38.005  -34.991  75.816 0.7500000000
60093  -36.704  -35.261  74.623 0.7500000000
59193  -37.827  -35.636  74.899 0.7500000000
129789  -37.557  -35.749  73.763 0.7500000000
59237  -36.748  -35.669  73.077 1.0000000000
140230  -36.771  -35.168  71.908 1.0000000000
60070  -39.215  -34.991  76.851 0.5000000000
60095  -39.924  -35.400  75.467 0.5000000000
61107  -38.495  -34.392  71.675 0.8750000000
61038  -40.597  -34.467  75.433 0.3750000000
62112  -39.553  -33.473  72.154 0.8750000000
62074  -40.459  -33.435  73.525 0.5000000000
62095  -40.146  -33.332  72.666 0.6250000000
124114  -40.475  -33.102  73.208 0.5000000000
66760  -39.594  -27.723  73.257 0.8750000000
69561  -42.431  -25.732  74.786 0.6250000000
69576  -41.260  -25.264  73.876 0.7500000000
63095  -40.827  -32.088  74.086 0.5000000000
64021  -40.190  -31.486  72.930 0.7500000000
66767  -38.991  -28.412  72.699 0.8750000000
67697  -40.829  -27.464  74.285 0.6250000000
63995  -41.171  -31.485  74.692 0.2500000000
132622  -40.365  -30.179  73.752 0.7500000000
68604  -42.827  -26.903  75.309 0.3750000000
68592  -43.352  -26.455  75.389 0.3750000000
64870  -42.538  -30.120  75.797 0.1250000000
64871  -43.704  -29.307  76.252 0.1250000000
65782  -44.916  -28.515  76.864 0.1250000000
66741  -44.184  -28.027  76.165 0.2500000000
66731  -45.171  -27.936  76.790 0.1250000000
67660  -44.704  -27.685  76.433 0.2500000000
66732  -45.928  -27.632  76.989 0.1250000000
67662  -46.056  -27.080  76.902 0.1250000000
68587  -45.635  -26.510  76.604 0.2500000000
42182  -9.185  -53.640  86.669 0.6250000000
134292  -9.988  -53.330  85.713 0.6250000000
43091  -10.170  -52.645  86.515 0.6250000000
124088  -10.724  -52.572  85.814 0.5000000000
43098  -10.679  -53.317  84.998 0.5000000000
123911  -11.630  -52.439  84.014 0.2500000000
43109  -12.478  -52.666  83.346 0.3750000000
52179  -31.321  -42.831  93.283 0.2500000000
127710  -9.855  -52.557  87.282 0.6250000000
43099  -11.224  -52.508  85.010 0.6250000000
140473  -11.824  -51.807  85.059 0.6250000000
44073  -12.277  -51.697  84.128 0.3750000000
44074  -12.983  -51.629  83.724 0.3750000000
140893  -13.922  -51.059  82.881 0.3750000000
43092  -10.946  -52.187  86.542 0.6250000000
46076  -23.621  -50.467  76.747 0.5000000000
50398  -24.873  -44.558  80.258 0.7500000000
51299  -24.120  -43.797  80.025 0.6250000000
51315  -25.767  -44.053  79.808 0.1250000000
52360  -25.579  -43.746  78.427 0.1250000000
52207  -32.148  -41.589  90.240 0.2500000000
53227  -32.529  -41.448  90.076 0.2500000000
136615  -23.848  -49.717  76.741 0.5000000000
47867  -24.341  -48.365  77.187 0.6250000000
48691  -24.169  -47.123  78.082 0.7500000000
49550  -23.804  -46.336  79.354 0.7500000000
50416  -24.066  -45.317  79.951 0.7500000000
144655  -23.941  -44.403  80.121 0.7500000000
51298  -23.263  -43.891  80.423 0.7500000000
126450  -23.639  -42.976  80.178 0.7500000000
52359  -25.238  -43.118  78.022 0.2500000000
130320  -25.674  -43.727  77.469 0.2500000000
52373  -25.977  -44.013  76.741 0.2500000000
43033  -14.207  -51.315  94.578 0.3750000000
148049  -13.384  -51.345  94.557 0.3750000000
43951  -14.065  -51.006  93.966 0.3750000000
44011  -11.936  -50.790  89.561 0.6250000000
134418  -12.623  -50.455  90.263 0.7500000000
44013  -13.222  -50.047  89.945 0.7500000000
52243  -31.658  -41.475  88.844 0.2500000000
53251  -32.074  -41.386  88.862 0.2500000000
54401  -26.180  -41.546  79.166 0.7500000000
123549  -27.857  -41.282  78.567 0.8750000000
47020  -23.688  -49.027  76.852 0.5000000000
48700  -23.915  -47.724  77.558 0.6250000000
138431  -23.154  -46.581  79.565 0.7500000000
51297  -22.557  -44.905  81.018 0.7500000000
52337  -22.655  -43.477  81.433 0.7500000000
54400  -25.120  -41.707  79.499 0.7500000000
54418  -25.563  -41.827  78.563 0.6250000000
53395  -25.508  -42.699  77.430 0.3750000000
51280  -22.696  -44.027  80.903 0.7500000000
53356  -23.567  -42.451  80.372 0.7500000000
128421  -25.988  -43.551  76.066 0.2500000000
51362  -26.512  -44.182  75.871 0.2500000000
43039  -13.077  -51.055  93.943 0.3750000000
43966  -13.010  -50.919  93.080 0.5000000000
43967  -13.973  -50.804  93.157 0.5000000000
43982  -12.810  -50.748  92.121 0.5000000000
124074  -13.717  -50.473  92.188 0.5000000000
137614  -12.013  -50.843  90.657 0.5000000000
43981  -12.137  -51.049  91.718 0.5000000000
145798  -13.154  -50.496  91.675 0.5000000000
43998  -13.475  -50.286  91.088 0.6250000000
44997  -14.257  -49.772  90.657 0.7500000000
45010  -13.854  -49.684  89.629 0.7500000000
45022  -13.494  -49.657  88.691 0.8750000000
53262  -32.607  -40.708  87.848 0.2500000000
54419  -26.859  -41.487  78.180 0.7500000000
123087  -27.085  -41.371  77.401 0.7500000000
54441  -27.854  -40.762  78.222 0.8750000000
47866  -23.580  -48.394  77.218 0.6250000000
48690  -23.419  -47.501  78.209 0.6250000000
49561  -23.616  -46.895  78.745 0.6250000000
53386  -25.981  -41.960  77.494 0.7500000000
54439  -26.626  -41.685  76.806 0.5000000000
53412  -25.931  -42.830  75.508 0.3750000000
147139  -25.798  -42.969  76.226 0.5000000000
52388  -26.210  -43.623  75.180 0.3750000000
43968  -14.994  -50.408  92.498 0.6250000000
43999  -14.652  -50.065  91.591 0.7500000000
45927  -14.501  -49.297  89.385 0.8750000000
56397  -28.212  -40.138  78.429 0.8750000000
55415  -27.808  -40.589  78.033 0.8750000000
53403  -26.079  -42.166  76.195 0.5000000000
123807  -26.275  -41.421  75.710 0.5000000000
44998  -15.503  -49.619  91.168 0.7500000000
45011  -15.009  -49.420  90.318 0.7500000000
44029  -21.390  -50.157  89.027 0.6250000000
45928  -15.073  -48.835  89.129 0.8750000000
56305  -33.510  -39.706  87.583 0.2500000000
57279  -33.402  -38.902  89.239 0.2500000000
56315  -33.397  -39.665  86.664 0.3750000000
57390  -27.659  -39.169  77.903 0.7500000000
57397  -26.403  -38.976  76.708 0.6250000000
56404  -27.237  -39.672  77.221 0.6250000000
56396  -28.377  -39.662  78.456 0.8750000000
57406  -26.070  -39.443  75.908 0.6250000000
133835  -26.291  -40.276  75.615 0.6250000000
44015  -21.166  -50.087  90.015 0.5000000000
45917  -16.231  -49.312  90.877 0.7500000000
44016  -21.847  -50.290  90.107 0.5000000000
45916  -15.771  -48.996  90.036 0.8750000000
58273  -32.725  -38.166  85.679 0.5000000000
57301  -33.108  -38.536  86.378 0.3750000000
59171  -26.490  -36.743  77.610 0.7500000000
57389  -26.488  -38.204  77.278 0.6250000000
57384  -27.532  -38.289  78.326 0.8750000000
57396  -25.595  -37.732  75.683 0.6250000000
137901  -25.901  -37.980  76.576 0.6250000000
60091  -25.521  -36.051  74.790 0.5000000000
59219  -25.706  -36.732  73.693 0.5000000000
59232  -26.782  -36.710  72.739 0.2500000000
143716  -16.783  -49.175  90.535 0.8750000000
45024  -20.159  -49.496  89.229 0.7500000000
59181  -26.581  -35.932  77.528 0.7500000000
58324  -26.787  -37.584  77.986 0.8750000000
60080  -26.310  -35.596  76.463 0.6250000000
60104  -25.727  -35.274  74.299 0.6250000000
61032  -26.182  -34.534  74.841 0.6250000000
59220  -26.157  -36.298  73.250 0.6250000000
45014  -19.759  -49.646  90.040 0.6250000000
45918  -17.605  -49.224  90.401 0.8750000000
45023  -19.341  -49.293  89.733 0.7500000000
61020  -26.483  -34.711  75.993 0.6250000000
61048  -26.641  -33.821  74.288 0.6250000000
60118  -26.701  -34.828  72.859 0.3750000000
61067  -26.814  -33.977  73.233 0.3750000000
60132  -27.519  -35.028  72.244 0.3750000000
60133  -28.302  -35.657  72.012 0.3750000000
59268  -29.346  -36.135  71.272 0.5000000000
59269  -30.031  -36.457  70.532 0.5000000000
59278  -30.878  -36.403  69.805 0.5000000000
61021  -27.067  -34.089  76.532 0.7500000000
61033  -26.750  -33.869  75.452 0.6250000000
62050  -27.297  -33.237  74.902 0.6250000000
62071  -27.324  -33.306  73.797 0.5000000000
61082  -27.875  -34.254  72.055 0.5000000000
137212  -28.335  -34.801  71.742 0.5000000000
61101  -28.520  -34.183  71.718 0.5000000000
60161  -29.710  -35.539  70.722 0.5000000000
60162  -30.465  -35.616  70.161 0.5000000000
59279  -31.792  -36.231  69.249 0.5000000000
134683  -31.986  -37.049  68.871 0.3750000000
60038  -28.826  -35.499  83.773 0.3750000000
62024  -27.604  -33.563  77.048 0.7500000000
62037  -27.373  -33.172  76.053 0.7500000000
63020  -28.475  -32.262  77.172 0.7500000000
62038  -27.793  -32.611  75.318 0.6250000000
62072  -28.116  -32.934  73.471 0.6250000000
62090  -28.541  -33.071  72.704 0.6250000000
62108  -29.063  -33.750  71.524 0.6250000000
61102  -29.009  -34.486  71.368 0.5000000000
61119  -29.476  -34.831  70.924 0.5000000000
135158  -30.905  -34.929  70.011 0.5000000000
139954  -36.160  -35.039  71.827 0.8750000000
60182  -31.296  -35.508  69.735 0.5000000000
60183  -32.121  -35.247  69.524 0.5000000000
131437  -32.518  -35.711  69.102 0.5000000000
60167  -35.337  -34.646  70.875 0.6250000000
61139  -32.915  -34.973  69.389 0.5000000000
60165  -33.830  -34.625  69.506 0.5000000000
138053  -34.571  -34.561  69.539 0.6250000000
60187  -35.397  -34.485  69.929 0.6250000000
61125  -36.335  -34.432  70.443 0.6250000000
61126  -37.305  -34.317  70.859 0.7500000000
59280  -32.555  -36.474  68.718 0.2500000000
59292  -33.314  -36.691  68.240 0.3750000000
60200  -34.023  -36.036  68.153 0.5000000000
60201  -34.839  -35.358  68.040 0.3750000000
61153  -35.627  -34.580  67.950 0.6250000000
61141  -36.577  -33.844  69.929 0.6250000000
63021  -29.146  -31.718  77.566 0.7500000000
139432  -28.206  -32.123  75.595 0.6250000000
63034  -28.321  -32.046  76.295 0.7500000000
63053  -28.392  -32.148  74.853 0.6250000000
63071  -28.530  -32.291  73.967 0.6250000000
63088  -28.715  -32.580  73.265 0.6250000000
63106  -29.181  -32.475  72.704 0.6250000000
133475  -28.436  -33.652  72.079 0.6250000000
62091  -29.110  -33.080  72.009 0.6250000000
61103  -29.589  -34.043  70.889 0.6250000000
61120  -30.188  -34.708  70.426 0.6250000000
61121  -31.071  -34.182  70.160 0.6250000000
60163  -31.641  -34.655  69.855 0.5000000000
60150  -34.958  -34.489  71.199 0.7500000000
61122  -32.090  -33.790  70.219 0.6250000000
142617  -33.349  -34.353  69.891 0.5000000000
60166  -34.625  -34.420  70.368 0.6250000000
62135  -36.427  -33.519  68.666 0.6250000000
62136  -36.741  -33.246  69.668 0.7500000000
62142  -36.840  -32.998  68.064 0.5000000000
145122  -37.581  -34.131  67.239 0.3750000000
132190  -38.320  -33.117  67.237 0.2500000000
62154  -39.290  -33.101  67.116 0.1250000000
135755  -28.896  -31.567  75.487 0.6250000000
63072  -29.120  -31.743  74.425 0.6250000000
63054  -29.938  -31.169  74.943 0.7500000000
63976  -30.575  -30.969  75.747 0.8750000000
130927  -31.229  -30.868  76.433 0.8750000000
63089  -29.216  -32.053  73.489 0.6250000000
63090  -29.960  -31.520  73.900 0.7500000000
63992  -30.917  -31.084  75.114 0.8750000000
63993  -31.639  -31.246  74.917 0.8750000000
59173  -40.116  -35.328  77.148 0.2500000000
59174  -40.448  -35.298  76.998 0.2500000000
63107  -29.969  -31.817  72.804 0.6250000000
64007  -30.848  -31.232  74.386 0.7500000000
59184  -39.907  -35.510  76.394 0.2500000000
60084  -40.159  -35.476  76.274 0.2500000000
63123  -29.760  -32.467  72.026 0.6250000000
135564  -31.028  -31.849  72.374 0.7500000000
62109  -29.820  -33.115  71.249 0.6250000000
62110  -30.880  -32.892  70.924 0.7500000000
63125  -31.501  -32.407  71.542 0.7500000000
146678  -34.376  -32.892  73.211 0.7500000000
62121  -30.433  -33.701  70.588 0.6250000000
62122  -31.404  -33.457  70.492 0.7500000000
61104  -32.785  -33.214  70.840 0.7500000000
62092  -33.665  -33.019  71.651 0.7500000000
62093  -34.373  -33.440  72.153 0.7500000000
61105  -33.872  -33.520  71.099 0.7500000000
61123  -33.289  -33.826  70.411 0.7500000000
61124  -34.177  -34.191  70.496 0.7500000000
141045  -36.623  -32.863  68.802 0.6250000000
63141  -36.623  -32.448  69.527 0.6250000000
63149  -37.264  -32.241  67.863 0.3750000000
147787  -37.674  -31.801  67.650 0.5000000000
62143  -37.518  -33.039  67.573 0.3750000000
63162  -37.928  -32.411  67.450 0.2500000000
63163  -38.631  -32.519  67.273 0.2500000000
61015  -39.633  -34.761  77.685 0.3750000000
60071  -39.757  -35.191  77.242 0.2500000000
60072  -40.792  -35.168  77.867 0.2500000000
60085  -40.666  -35.113  76.739 0.2500000000
60096  -40.415  -35.062  75.911 0.2500000000
61084  -34.837  -34.037  72.305 0.8750000000
140706  -38.006  -33.004  70.911 0.7500000000
64037  -37.271  -31.818  70.814 0.7500000000
63148  -36.734  -32.075  68.530 0.5000000000
64058  -36.607  -31.227  68.697 0.6250000000
64069  -37.793  -31.241  67.651 0.5000000000
64944  -37.511  -30.570  67.889 0.5000000000
67762  -41.066  -27.805  67.179 0.2500000000
67771  -41.323  -27.374  66.684 0.1250000000
68688  -42.053  -26.389  65.581 0.1250000000
69622  -41.801  -25.524  65.648 0.1250000000
70510  -42.349  -24.818  65.455 0.2500000000
69627  -44.048  -26.023  64.657 0.1250000000
134937  -43.162  -24.972  65.069 0.2500000000
69625  -44.084  -25.128  64.730 0.2500000000
64916  -36.782  -30.143  70.826 0.7500000000
129195  -36.606  -31.020  70.327 0.7500000000
65845  -36.456  -29.641  69.553 0.5000000000
64927  -36.392  -30.591  69.314 0.5000000000
65866  -37.990  -29.814  67.800 0.5000000000
147312  -37.259  -28.267  68.542 0.5000000000
65867  -38.885  -29.774  67.633 0.3750000000
134715  -38.420  -29.003  67.844 0.5000000000
67760  -39.105  -27.252  67.393 0.3750000000
66824  -39.762  -28.132  67.482 0.2500000000
67761  -40.146  -27.548  67.168 0.2500000000
68678  -40.510  -27.024  66.761 0.2500000000
68682  -40.924  -26.388  66.330 0.1250000000
70511  -42.983  -24.123  65.401 0.3750000000
70512  -43.789  -24.260  65.112 0.2500000000
70513  -44.526  -24.315  64.907 0.2500000000
135410  -37.383  -30.087  71.382 0.7500000000
65835  -36.554  -29.438  70.464 0.6250000000
65853  -36.727  -29.156  68.894 0.5000000000
139893  -37.255  -28.811  68.493 0.5000000000
66805  -36.908  -28.374  68.911 0.5000000000
66806  -37.780  -28.192  68.123 0.3750000000
123664  -38.784  -28.150  67.691 0.3750000000
67749  -37.757  -27.128  68.258 0.3750000000
67759  -38.318  -27.428  67.820 0.3750000000
68676  -38.933  -26.374  67.397 0.3750000000
68681  -40.039  -26.040  66.555 0.3750000000
69614  -39.266  -25.600  67.240 0.3750000000
69617  -40.544  -25.477  66.377 0.3750000000
69618  -41.111  -25.447  66.031 0.3750000000
70504  -40.750  -24.591  66.415 0.3750000000
70505  -41.556  -24.670  65.871 0.3750000000
70506  -42.193  -23.955  65.777 0.3750000000
71402  -43.227  -22.608  66.762 0.3750000000
72304  -44.389  -22.351  66.678 0.5000000000
71417  -45.479  -22.415  66.499 0.3750000000
140495  -42.985  -23.347  65.900 0.3750000000
71425  -43.618  -23.640  65.538 0.3750000000
71427  -45.612  -23.111  65.598 0.3750000000
144065  -46.918  -22.681  66.172 0.3750000000
133307  -46.927  -23.751  65.126 0.2500000000
71429  -47.304  -23.290  65.615 0.2500000000
70517  -48.320  -23.840  64.959 0.2500000000
70518  -49.172  -23.704  64.946 0.1250000000
65836  -37.028  -29.330  71.290 0.7500000000
66786  -36.735  -28.745  70.780 0.6250000000
66775  -37.114  -28.541  71.259 0.7500000000
67735  -37.141  -27.385  69.444 0.6250000000
67724  -36.921  -27.843  69.861 0.6250000000
67748  -37.240  -27.699  68.741 0.6250000000
68669  -37.442  -26.823  68.941 0.6250000000
68670  -37.887  -26.261  68.447 0.3750000000
68675  -38.346  -26.663  67.806 0.3750000000
74799  -46.214  -19.677  72.760 0.5000000000
75709  -47.369  -18.668  73.670 0.1250000000
75698  -48.033  -18.163  74.199 0.1250000000
126317  -48.344  -17.934  74.970 0.1250000000
76600  -48.952  -17.611  74.425 0.1250000000
69610  -38.211  -25.473  68.744 0.3750000000
69613  -38.468  -25.803  67.886 0.3750000000
74829  -46.630  -19.629  70.688 0.6250000000
74814  -47.168  -19.063  71.172 0.2500000000
75722  -47.443  -18.532  72.733 0.2500000000
75710  -48.163  -18.133  73.204 0.1250000000
76612  -48.765  -17.785  73.629 0.1250000000
134721  -39.987  -25.050  66.788 0.3750000000
71412  -40.809  -23.752  66.842 0.3750000000
71399  -40.631  -23.454  67.601 0.5000000000
73141  -46.382  -20.781  68.848 0.7500000000
73986  -46.708  -20.313  69.367 0.7500000000
73975  -47.066  -19.831  69.832 0.5000000000
75740  -47.783  -18.589  71.748 0.2500000000
144999  -49.292  -18.268  72.052 0.3750000000
71413  -41.433  -23.842  66.319 0.3750000000
128396  -43.902  -21.969  67.564 0.5000000000
72289  -44.903  -21.925  67.354 0.5000000000
72290  -45.748  -21.948  67.220 0.5000000000
72277  -46.727  -21.628  67.723 0.6250000000
73142  -47.389  -20.722  68.790 0.7500000000
73987  -47.685  -20.208  69.260 0.7500000000
74815  -48.400  -18.848  70.727 0.3750000000
73976  -48.577  -19.469  69.948 0.3750000000
75741  -48.906  -18.476  71.510 0.3750000000
71428  -46.543  -23.181  65.595 0.3750000000
71403  -47.519  -22.420  66.675 0.5000000000
72293  -48.067  -22.137  67.262 0.6250000000
73156  -49.210  -21.059  68.409 0.7500000000
128062  -48.080  -23.404  65.546 0.2500000000
71419  -48.737  -23.060  66.015 0.3750000000
71404  -48.481  -22.562  66.647 0.6250000000
69563  -43.579  -25.021  75.079 0.3750000000
70466  -44.082  -24.280  74.930 0.3750000000
70467  -44.973  -24.039  75.342 0.2500000000
66776  -37.640  -28.775  71.790 0.7500000000
70465  -43.409  -24.392  74.621 0.3750000000
71366  -45.205  -23.079  74.765 0.2500000000
72237  -45.783  -22.478  75.011 0.1250000000
138075  -37.061  -27.930  70.677 0.6250000000
130258  -37.507  -27.997  71.524 0.7500000000
70472  -41.653  -24.617  73.452 0.6250000000
70464  -42.770  -24.878  74.604 0.5000000000
70475  -43.735  -23.750  74.293 0.3750000000
73107  -45.832  -21.735  74.519 0.2500000000
67725  -37.157  -27.352  70.104 0.7500000000
69586  -41.111  -24.892  72.959 0.7500000000
70473  -42.235  -24.328  73.852 0.7500000000
70474  -42.961  -24.011  74.090 0.5000000000
71373  -43.404  -23.387  73.545 0.7500000000
143117  -44.763  -22.874  74.145 0.3750000000
72245  -45.253  -22.258  74.125 0.2500000000
73108  -46.217  -21.242  74.799 0.2500000000
73937  -46.754  -20.700  75.667 0.1250000000
77420  -50.723  -16.317  80.382 0.1250000000
68644  -37.754  -26.066  70.223 0.7500000000
70477  -41.000  -24.576  72.183 0.7500000000
128189  -42.007  -24.112  73.102 0.7500000000
70480  -42.609  -23.666  73.200 0.7500000000
71381  -43.161  -23.060  72.752 0.7500000000
71375  -44.563  -22.470  73.489 0.7500000000
72254  -45.000  -21.793  73.142 0.3750000000
140645  -45.471  -21.574  73.823 0.6250000000
73944  -46.225  -20.613  74.308 0.2500000000
74778  -47.023  -19.921  75.779 0.1250000000
76561  -50.712  -17.275  78.678 0.1250000000
76546  -50.904  -17.013  79.252 0.1250000000
68660  -37.676  -26.037  69.292 0.6250000000
70484  -41.318  -24.074  71.928 0.7500000000
70479  -42.104  -23.693  72.565 0.7500000000
71380  -42.609  -23.278  72.470 0.7500000000
72252  -43.643  -22.540  72.275 0.7500000000
72262  -44.070  -22.059  71.816 0.7500000000
73123  -45.129  -21.341  72.568 0.6250000000
73949  -45.831  -20.471  73.289 0.5000000000
74786  -46.918  -19.380  74.174 0.1250000000
126556  -47.110  -19.310  75.061 0.1250000000
128358  -48.066  -18.242  76.543 0.1250000000
76577  -49.041  -17.581  76.555 0.1250000000
76560  -49.347  -17.578  77.727 0.1250000000
141905  -50.309  -17.415  78.074 0.1250000000
129137  -51.244  -17.589  77.801 0.1250000000
76562  -51.659  -17.448  78.324 0.1250000000
77421  -51.352  -16.324  79.586 0.1250000000
125857  -42.063  -22.983  71.242 0.7500000000
72261  -43.467  -22.379  71.515 0.7500000000
73122  -44.643  -21.657  72.207 0.7500000000
73955  -45.420  -20.847  72.456 0.6250000000
143287  -47.354  -18.821  74.442 0.1250000000
75697  -47.659  -18.525  75.082 0.1250000000
76589  -49.102  -17.540  75.404 0.1250000000
76578  -50.261  -17.396  77.131 0.1250000000
76579  -51.396  -17.810  76.727 0.1250000000
124163  -52.122  -17.880  77.570 0.1250000000
76563  -52.197  -17.552  78.027 0.1250000000
69611  -38.752  -24.924  68.104 0.3750000000
70495  -39.362  -24.244  68.592 0.5000000000
70496  -39.947  -23.794  68.027 0.5000000000
71387  -42.753  -22.611  71.202 0.7500000000
72265  -43.418  -22.142  70.820 0.7500000000
72266  -44.018  -21.700  70.474 0.7500000000
73138  -44.985  -21.057  70.963 0.7500000000
73966  -45.884  -20.100  71.153 0.6250000000
74813  -46.305  -19.563  71.695 0.3750000000
76613  -49.656  -17.619  73.679 0.1250000000
76602  -51.057  -17.742  74.608 0.1250000000
70498  -39.497  -24.564  67.576 0.5000000000
71395  -41.244  -23.056  68.261 0.5000000000
71392  -41.884  -22.806  69.035 0.5000000000
72270  -43.245  -21.898  69.515 0.7500000000
73151  -43.996  -21.478  69.063 0.7500000000
133798  -45.396  -20.961  69.024 0.7500000000
73974  -46.219  -20.145  70.193 0.6250000000
75742  -49.865  -18.584  71.572 0.3750000000
75724  -50.044  -18.237  72.181 0.3750000000
76624  -50.326  -17.826  72.887 0.3750000000
71396  -42.107  -22.717  68.076 0.5000000000
72288  -42.947  -22.245  67.827 0.5000000000
142476  -45.496  -21.350  68.334 0.7500000000
73988  -50.238  -20.517  69.390 0.5000000000
133858  -50.153  -19.405  70.436 0.3750000000
74816  -49.581  -18.844  70.883 0.3750000000
72295  -50.093  -22.269  67.283 0.6250000000
72280  -49.662  -21.716  67.831 0.7500000000
73144  -49.966  -20.903  68.877 0.6250000000
142586  -48.621  -20.049  69.379 0.5000000000
71405  -49.615  -22.692  66.571 0.5000000000
72294  -49.118  -22.180  67.245 0.7500000000
71420  -50.456  -22.938  66.260 0.3750000000
130888  -50.994  -23.261  65.109 0.2500000000
68613  -40.660  -25.553  73.340 0.6250000000
148028  -37.515  -27.537  71.156 0.7500000000
67715  -38.021  -27.268  71.683 0.7500000000
68632  -38.770  -26.647  72.083 0.7500000000
68622  -40.049  -25.862  72.855 0.7500000000
68631  -38.247  -26.386  71.177 0.7500000000
69596  -38.954  -25.818  71.668 0.7500000000
69584  -39.730  -25.396  72.057 0.7500000000
69585  -40.478  -25.112  72.491 0.7500000000
69602  -38.517  -25.577  70.698 0.7500000000
69597  -39.287  -25.058  71.187 0.7500000000
145572  -40.920  -24.295  71.742 0.7500000000
69608  -38.201  -25.402  69.704 0.7500000000
69603  -38.924  -24.847  70.200 0.7500000000
70490  -39.580  -24.209  69.706 0.7500000000
70488  -40.261  -24.016  70.556 0.7500000000
70485  -41.742  -23.729  72.137 0.7500000000
71385  -41.630  -23.480  71.586 0.7500000000
77431  -52.041  -16.473  78.890 0.1250000000
69609  -38.751  -24.768  69.158 0.5000000000
70489  -40.965  -23.476  70.274 0.7500000000
71389  -41.574  -23.189  70.832 0.7500000000
76591  -51.084  -17.749  75.505 0.1250000000
76581  -52.708  -17.717  77.283 0.1250000000
77447  -52.765  -16.852  77.641 0.1250000000
77432  -52.407  -16.474  78.302 0.1250000000
71394  -40.525  -23.380  68.427 0.5000000000
125106  -41.729  -23.034  69.933 0.6250000000
71390  -42.264  -22.755  70.540 0.7500000000
72264  -42.935  -22.271  70.354 0.7500000000
76614  -50.686  -17.730  73.807 0.1250000000
76592  -52.098  -18.284  75.953 0.1250000000
75687  -52.624  -18.547  75.275 0.1250000000
75676  -52.758  -18.444  76.077 0.1250000000
72269  -42.484  -22.524  69.713 0.5000000000
74817  -50.597  -18.990  71.156 0.3750000000
75743  -50.600  -18.621  71.763 0.3750000000
71406  -50.485  -22.615  66.814 0.5000000000
129009  -51.066  -23.036  66.016 0.2500000000
67705  -38.818  -27.510  72.473 0.7500000000
68621  -39.410  -26.189  72.459 0.7500000000
71407  -51.043  -22.701  66.658 0.5000000000
131576  -50.882  -22.369  67.295 0.6250000000
71433  -51.609  -22.997  65.682 0.2500000000
72296  -51.595  -22.342  67.136 0.5000000000
50366  -22.489  -45.215  81.689 0.7500000000
134248  -22.847  -44.614  80.655 0.7500000000
52226  -32.511  -41.380  89.391 0.2500000000
57314  -33.112  -38.601  85.370 0.5000000000
55326  -33.291  -40.119  87.181 0.2500000000
54317  -32.987  -40.415  87.540 0.2500000000
55402  -28.339  -40.089  78.741 0.8750000000
54420  -27.722  -41.120  77.995 0.8750000000
57313  -32.847  -38.073  84.795 0.5000000000
125539  -28.906  -38.385  79.192 0.8750000000
58272  -32.101  -37.757  85.275 0.5000000000
60042  -28.598  -34.944  82.914 0.3750000000
60081  -27.006  -35.015  77.117 0.6250000000
63035  -29.119  -31.451  76.598 0.7500000000
63036  -29.770  -31.165  77.188 0.8750000000
63977  -31.530  -31.103  75.677 0.8750000000
64008  -31.772  -31.344  74.099 0.7500000000
62094  -34.640  -33.483  72.822 0.8750000000
63110  -34.062  -32.860  72.487 0.7500000000
146967  -37.643  -32.444  70.800 0.6250000000
49540  -22.761  -46.177  80.371 0.7500000000
51300  -24.996  -43.921  80.035 0.6250000000
53385  -25.244  -42.355  78.240 0.3750000000
57385  -28.333  -38.898  78.570 0.8750000000
45097  -13.522  -51.722  83.083 0.3750000000
46077  -24.453  -50.255  76.978 0.3750000000
48701  -24.889  -47.613  77.712 0.6250000000
49562  -24.221  -46.752  78.732 0.6250000000
50415  -23.270  -45.775  79.959 0.7500000000
50397  -23.358  -44.867  80.325 0.7500000000
52372  -25.703  -43.333  76.923 0.3750000000
138772  -25.925  -42.517  76.745 0.6250000000
43997  -12.712  -50.672  91.244 0.5000000000
56395  -27.821  -40.082  77.908 0.8750000000
54469  -25.988  -42.002  74.819 0.3750000000
57302  -33.536  -39.094  87.126 0.2500000000
57398  -27.020  -38.897  77.327 0.6250000000
131495  -27.077  -38.439  77.758 0.7500000000
140419  -25.768  -38.583  75.947 0.6250000000
56403  -26.749  -40.031  76.474 0.6250000000
44028  -20.618  -49.845  89.593 0.5000000000
58328  -25.794  -37.086  76.246 0.6250000000
59180  -26.155  -36.465  76.819 0.7500000000
58323  -26.202  -37.332  77.117 0.6250000000
59191  -25.505  -36.886  75.284 0.5000000000
59192  -25.828  -36.229  75.832 0.5000000000
59203  -25.479  -36.777  74.324 0.5000000000
58335  -25.434  -37.583  74.744 0.5000000000
60092  -25.908  -35.366  75.374 0.6250000000
58348  -26.094  -37.110  73.209 0.2500000000
60117  -26.109  -35.432  73.405 0.3750000000
61047  -26.209  -34.558  73.755 0.5000000000
60131  -26.881  -35.769  72.688 0.2500000000
61081  -27.244  -34.329  72.545 0.3750000000
127121  -27.681  -35.761  72.362 0.2500000000
59234  -28.215  -36.237  72.369 0.2500000000
58399  -31.328  -37.191  69.384 0.3750000000
62089  -27.693  -33.614  72.769 0.6250000000
60149  -28.999  -35.340  71.409 0.5000000000
58400  -31.796  -37.851  68.923 0.3750000000
62025  -27.885  -32.744  76.733 0.7500000000
143898  -27.843  -32.491  76.037 0.7500000000
62051  -27.858  -32.678  74.382 0.6250000000
60164  -32.546  -34.417  69.825 0.7500000000
60168  -36.162  -34.848  71.125 0.7500000000
60184  -33.250  -35.641  68.734 0.3750000000
60185  -34.079  -35.155  68.729 0.5000000000
145727  -34.501  -34.887  68.723 0.5000000000
60186  -35.004  -34.640  68.738 0.6250000000
61140  -35.762  -34.108  68.894 0.6250000000
60211  -34.692  -36.297  67.735 0.3750000000
61162  -35.856  -35.216  67.489 0.5000000000
61154  -36.327  -33.929  67.975 0.6250000000
145241  -29.680  -31.116  75.847 0.6250000000
145533  -34.070  -33.825  70.825 0.7500000000
62152  -37.084  -33.809  67.559 0.5000000000
61164  -37.276  -34.537  67.219 0.3750000000
62153  -37.882  -33.735  67.234 0.2500000000
146931  -30.298  -32.117  72.158 0.7500000000
134512  -30.895  -31.415  73.434 0.7500000000
63124  -30.530  -32.461  71.655 0.7500000000
61106  -34.591  -34.060  71.378 0.7500000000
63133  -37.201  -32.692  70.349 0.7500000000
63132  -36.693  -31.930  70.168 0.6250000000
64046  -36.503  -31.561  69.474 0.6250000000
64059  -37.148  -31.375  68.037 0.5000000000
64070  -38.400  -31.743  67.423 0.2500000000
64936  -36.831  -30.562  68.428 0.5000000000
65854  -37.193  -29.710  68.297 0.5000000000
64945  -38.426  -30.710  67.559 0.3750000000
68683  -41.636  -26.919  66.087 0.1250000000
68687  -41.443  -26.145  65.894 0.1250000000
69623  -42.554  -25.702  65.226 0.1250000000
130424  -36.410  -30.169  70.135 0.6250000000
126930  -36.618  -29.923  68.819 0.5000000000
66823  -37.720  -29.120  68.122 0.5000000000
68677  -39.616  -26.655  66.975 0.3750000000
71426  -44.498  -23.559  65.407 0.2500000000
70514  -45.300  -23.942  64.950 0.2500000000
66785  -36.652  -28.607  69.800 0.5000000000
71414  -42.266  -23.261  66.496 0.3750000000
71415  -43.899  -22.981  65.977 0.3750000000
71416  -44.804  -22.799  65.976 0.3750000000
124030  -46.213  -22.680  66.071 0.3750000000
143504  -46.843  -22.227  66.719 0.6250000000
71418  -47.812  -22.896  66.101 0.5000000000
70516  -47.598  -23.796  65.073 0.2500000000
71430  -48.792  -23.448  65.444 0.2500000000
70519  -50.085  -23.505  65.012 0.1250000000
71431  -49.646  -23.226  65.718 0.2500000000
74794  -46.738  -19.121  73.239 0.1250000000
74800  -46.819  -18.997  72.220 0.2500000000
75686  -48.190  -18.028  75.762 0.1250000000
75723  -48.436  -18.259  72.330 0.2500000000
70499  -40.169  -24.122  67.113 0.3750000000
71400  -41.535  -23.222  67.234 0.3750000000
73153  -46.173  -21.262  68.285 0.6250000000
141373  -47.894  -19.750  69.679 0.7500000000
71401  -42.414  -22.816  67.280 0.5000000000
125321  -45.231  -21.623  67.935 0.5000000000
72275  -44.400  -21.636  68.212 0.5000000000
72305  -46.293  -22.302  66.630 0.5000000000
72276  -45.984  -21.640  67.762 0.6250000000
72291  -46.456  -21.928  67.159 0.6250000000
72278  -47.604  -21.629  67.746 0.7500000000
72292  -47.167  -21.958  67.160 0.6250000000
73155  -48.051  -21.127  68.290 0.7500000000
73143  -48.413  -20.581  68.835 0.6250000000
74831  -49.293  -19.248  70.300 0.3750000000
72279  -48.635  -21.614  67.777 0.7500000000
133907  -49.376  -20.475  69.078 0.6250000000
71365  -44.501  -23.505  74.554 0.2500000000
71374  -44.158  -23.109  73.839 0.5000000000
71382  -43.861  -22.764  73.082 0.6250000000
73116  -45.813  -21.093  74.032 0.3750000000
70483  -40.270  -24.565  71.555 0.7500000000
124780  -42.996  -22.859  71.980 0.7500000000
72253  -44.311  -22.208  72.648 0.7500000000
73115  -45.439  -21.163  73.236 0.6250000000
144458  -46.597  -20.090  74.854 0.1250000000
75685  -47.508  -18.947  75.993 0.1250000000
76547  -51.735  -17.049  78.838 0.1250000000
125479  -40.957  -23.822  71.264 0.7500000000
133174  -43.903  -22.004  71.154 0.7500000000
73134  -45.018  -21.214  71.831 0.7500000000
74793  -46.406  -19.921  73.780 0.2500000000
73133  -44.454  -21.583  71.263 0.7500000000
73956  -45.760  -20.196  72.175 0.6250000000
73965  -45.402  -20.673  71.539 0.6250000000
76590  -50.151  -17.481  75.998 0.1250000000
76601  -50.095  -17.483  74.758 0.1250000000
76564  -52.410  -17.167  78.230 0.1250000000
70491  -40.054  -23.673  68.975 0.5000000000
72271  -43.827  -21.618  69.783 0.6250000000
73137  -44.573  -21.305  70.479 0.7500000000
73973  -45.511  -20.563  70.598 0.7500000000
73140  -45.070  -20.915  70.055 0.7500000000
73139  -44.482  -21.270  69.646 0.7500000000
73985  -45.812  -20.546  69.652 0.6250000000
72273  -42.678  -22.262  68.809 0.5000000000
72274  -43.519  -21.802  68.520 0.5000000000
73152  -44.802  -21.331  68.695 0.7500000000
73977  -49.597  -19.867  69.743 0.5000000000
70487  -39.638  -24.509  70.665 0.7500000000
135112  -40.361  -23.739  69.746 0.6250000000
78302  -52.069  -15.811  78.649 0.1250000000
76580  -52.488  -18.201  76.771 0.1250000000
78313  -51.622  -14.966  78.554 0.1250000000
70492  -40.947  -23.257  69.245 0.5000000000
76603  -51.826  -18.251  74.982 0.1250000000
130881  -1.569  -63.092  86.430 0.1250000000
35692  -2.105  -61.713  87.485 0.2500000000
34735  -1.899  -62.352  86.889 0.2500000000
34736  -2.431  -62.316  87.358 0.2500000000
35691  -1.669  -61.648  86.949 0.2500000000
125085  -1.994  -63.076  86.730 0.2500000000
125956  -1.493  -62.285  86.320 0.1250000000
146235  -3.602  -63.312  87.186 0.2500000000
35716  -1.458  -62.142  85.832 0.1250000000
35676  -1.909  -61.102  87.596 0.2500000000
34721  -2.523  -61.646  87.856 0.2500000000
34722  -3.022  -61.869  87.994 0.2500000000
138957  -1.549  -61.428  85.681 0.3750000000
34723  -3.523  -62.155  87.790 0.2500000000
36687  -2.271  -60.475  88.135 0.3750000000
35677  -2.317  -61.135  88.010 0.3750000000
128459  -1.532  -60.889  86.946 0.3750000000
36703  -1.912  -60.455  87.571 0.3750000000
35661  -2.586  -60.540  88.499 0.3750000000
36716  -1.641  -60.185  86.874 0.3750000000
35678  -2.825  -61.169  88.319 0.3750000000
35703  -1.303  -61.347  86.155 0.3750000000
136538  -1.408  -60.345  86.187 0.3750000000
148550  -3.236  -61.340  88.245 0.2500000000
36730  -1.570  -60.607  85.655 0.3750000000
35679  -3.673  -61.446  88.091 0.2500000000
35693  -4.171  -62.014  87.632 0.2500000000
35694  -4.890  -61.670  87.191 0.2500000000
123697  -5.591  -61.238  86.821 0.2500000000
36717  -6.320  -60.697  86.585 0.2500000000
36718  -7.061  -60.505  86.134 0.2500000000
36731  -7.661  -60.387  85.640 0.1250000000
38611  -10.133  -58.200  84.346 0.1250000000
37676  -1.941  -59.706  87.331 0.3750000000
140360  -2.952  -60.561  88.781 0.3750000000
37688  -1.646  -59.434  86.293 0.3750000000
38556  -2.001  -58.898  87.044 0.2500000000
35680  -4.370  -61.086  87.882 0.3750000000
36705  -5.623  -60.397  87.219 0.2500000000
37677  -5.925  -59.713  87.187 0.2500000000
37689  -6.586  -59.777  86.675 0.2500000000
37690  -7.185  -59.710  86.130 0.1250000000
141682  -7.414  -59.077  86.069 0.2500000000
38572  -7.327  -58.336  86.256 0.2500000000
39557  -8.454  -57.581  85.233 0.1250000000
38610  -9.234  -58.135  84.615 0.1250000000
132928  -9.756  -57.416  84.363 0.1250000000
37663  -2.249  -59.925  88.118 0.2500000000
36667  -2.504  -59.957  88.760 0.3750000000
37646  -2.502  -59.313  88.845 0.2500000000
36668  -2.789  -60.043  89.242 0.3750000000
35662  -3.463  -60.752  88.535 0.3750000000
133481  -2.466  -58.409  87.878 0.2500000000
36669  -3.437  -60.166  89.268 0.5000000000
36688  -4.076  -60.680  88.401 0.3750000000
36689  -4.676  -60.094  88.391 0.3750000000
36690  -5.332  -59.640  87.879 0.5000000000
38573  -7.892  -57.954  85.772 0.2500000000
39558  -8.986  -57.134  84.765 0.1250000000
141233  -8.881  -56.369  85.013 0.2500000000
40483  -9.485  -56.549  84.505 0.1250000000
41350  -9.995  -55.818  84.202 0.1250000000
40498  -10.675  -56.339  83.825 0.1250000000
40499  -11.337  -56.273  83.669 0.1250000000
40500  -12.094  -56.149  83.499 0.1250000000
40501  -12.904  -56.176  83.497 0.1250000000
41365  -10.821  -55.603  83.769 0.1250000000
41366  -11.572  -55.471  83.429 0.1250000000
42225  -11.698  -54.566  83.190 0.1250000000
42226  -12.462  -54.279  82.807 0.1250000000
38512  -2.448  -57.880  90.054 0.1250000000
38513  -2.623  -58.270  90.319 0.1250000000
37621  -2.890  -58.561  90.654 0.1250000000
37632  -3.104  -59.158  90.243 0.2500000000
37630  -2.614  -58.694  89.646 0.2500000000
37631  -2.771  -58.947  89.983 0.2500000000
36646  -2.863  -59.488  89.742 0.2500000000
37622  -3.519  -58.709  90.932 0.3750000000
47678  -21.690  -48.870  95.565 0.1250000000
47690  -22.318  -48.679  95.231 0.1250000000
38524  -2.498  -58.319  89.370 0.2500000000
37633  -3.645  -59.264  90.291 0.2500000000
36648  -4.048  -59.628  89.898 0.5000000000
46799  -22.157  -49.038  95.462 0.1250000000
39517  -2.422  -57.769  88.861 0.2500000000
36647  -3.290  -59.694  89.818 0.5000000000
36649  -4.551  -59.392  89.571 0.5000000000
38541  -2.310  -59.207  88.011 0.2500000000
36670  -4.213  -60.104  89.100 0.5000000000
123042  -6.685  -57.897  86.922 0.3750000000
39527  -6.852  -56.995  87.206 0.5000000000
39541  -7.312  -57.421  86.474 0.2500000000
39542  -7.838  -57.004  85.948 0.2500000000
40470  -8.412  -56.665  85.468 0.1250000000
131430  -10.361  -54.864  84.237 0.1250000000
42212  -11.027  -54.761  83.670 0.1250000000
147690  -11.211  -54.010  83.599 0.1250000000
48562  -22.760  -47.957  94.307 0.1250000000
48545  -25.015  -47.939  94.153 0.2500000000
47693  -25.277  -48.500  94.496 0.2500000000
36629  -4.232  -58.926  90.659 0.2500000000
46797  -20.881  -48.989  95.974 0.1250000000
47689  -21.568  -48.551  95.406 0.1250000000
48544  -22.993  -48.503  94.742 0.1250000000
47692  -24.034  -48.744  94.458 0.1250000000
48546  -26.164  -47.942  94.601 0.2500000000
36630  -4.572  -59.072  90.075 0.5000000000
44952  -19.591  -49.956  95.904 0.1250000000
129114  -20.748  -49.333  95.827 0.1250000000
46798  -21.502  -49.136  95.620 0.1250000000
45867  -21.423  -49.556  95.444 0.1250000000
47691  -23.058  -48.794  94.996 0.1250000000
46808  -23.824  -49.123  94.621 0.1250000000
138648  -25.528  -48.751  94.571 0.2500000000
143332  -25.886  -49.173  94.557 0.2500000000
45876  -26.181  -49.192  94.515 0.2500000000
45881  -26.959  -49.339  93.972 0.2500000000
37634  -4.903  -58.800  89.743 0.3750000000
44953  -20.025  -50.053  95.628 0.1250000000
44954  -20.621  -49.793  95.553 0.1250000000
44958  -21.317  -50.082  95.090 0.1250000000
45872  -22.352  -49.857  94.985 0.1250000000
45873  -22.927  -49.397  95.029 0.1250000000
44960  -24.146  -49.960  94.204 0.2500000000
45875  -25.505  -49.343  94.488 0.2500000000
44962  -25.803  -49.675  94.300 0.2500000000
44963  -26.390  -49.510  94.203 0.2500000000
134638  -26.961  -49.413  93.520 0.2500000000
43924  -19.825  -50.323  95.171 0.1250000000
43932  -20.382  -50.442  94.488 0.1250000000
43933  -21.123  -50.386  94.488 0.1250000000
43944  -21.681  -50.543  93.954 0.1250000000
44959  -23.086  -50.254  94.269 0.1250000000
43947  -24.671  -50.293  93.451 0.2500000000
44969  -25.961  -49.934  93.915 0.2500000000
44977  -26.082  -49.936  92.829 0.2500000000
44990  -26.076  -49.892  92.454 0.2500000000
143678  -26.002  -49.852  92.049 0.3750000000
133386  -19.710  -50.508  94.475 0.2500000000
43942  -20.292  -50.480  93.769 0.2500000000
43958  -21.104  -50.426  93.210 0.1250000000
136658  -22.446  -50.595  93.798 0.1250000000
123101  -22.292  -50.692  92.668 0.2500000000
133518  -23.465  -50.620  92.746 0.2500000000
43976  -23.965  -50.568  92.380 0.2500000000
43991  -25.019  -50.457  92.041 0.2500000000
126918  -24.534  -50.337  91.498 0.3750000000
39518  -6.484  -56.553  88.170 0.3750000000
43956  -19.796  -50.316  93.393 0.2500000000
43971  -20.072  -50.086  92.724 0.3750000000
43972  -20.888  -50.352  92.491 0.2500000000
43974  -22.001  -50.653  92.247 0.2500000000
43040  -22.634  -50.663  92.233 0.2500000000
43052  -23.017  -50.635  91.587 0.3750000000
43990  -24.148  -50.526  91.798 0.3750000000
123716  -23.909  -50.439  91.103 0.3750000000
38558  -6.338  -57.634  87.749 0.5000000000
39528  -7.483  -56.525  86.698 0.5000000000
41321  -8.220  -55.350  86.465 0.5000000000
40456  -7.972  -56.123  86.201 0.3750000000
40457  -8.543  -55.822  85.671 0.2500000000
42189  -8.880  -54.824  85.839 0.2500000000
41335  -9.663  -54.891  84.942 0.1250000000
42199  -10.114  -54.068  84.925 0.2500000000
43107  -10.680  -54.021  84.205 0.1250000000
43117  -11.825  -53.531  83.282 0.1250000000
135320  -12.689  -52.068  83.566 0.2500000000
48692  -24.835  -47.026  78.517 0.5000000000
48693  -25.560  -47.546  78.481 0.2500000000
39472  -2.941  -56.871  91.888 0.1250000000
38493  -2.977  -57.462  91.693 0.1250000000
39486  -2.142  -56.813  90.961 0.1250000000
38492  -2.563  -57.182  91.238 0.1250000000
37611  -3.099  -58.152  91.444 0.1250000000
37612  -3.712  -58.207  91.802 0.1250000000
39497  -2.258  -57.059  90.443 0.1250000000
38503  -2.659  -57.915  91.024 0.1250000000
129777  -4.109  -58.541  91.412 0.1250000000
44947  -18.540  -49.710  96.103 0.1250000000
45858  -18.944  -49.432  96.290 0.1250000000
47665  -19.607  -48.906  96.336 0.1250000000
47677  -19.926  -48.632  96.132 0.1250000000
142146  -22.062  -48.281  94.975 0.1250000000
48564  -26.086  -47.587  94.453 0.2500000000
46786  -19.285  -49.183  96.368 0.1250000000
46787  -20.083  -49.212  96.201 0.1250000000
47688  -20.802  -48.663  95.801 0.1250000000
47705  -23.827  -48.254  94.134 0.2500000000
48547  -27.097  -47.364  94.848 0.2500000000
147815  -27.039  -47.882  94.774 0.2500000000
37623  -4.758  -58.470  90.552 0.3750000000
37635  -5.068  -58.154  90.295 0.3750000000
123446  -18.498  -50.385  95.368 0.1250000000
43923  -19.339  -50.257  95.537 0.1250000000
45866  -20.089  -49.663  95.951 0.1250000000
130626  -26.080  -48.384  94.598 0.2500000000
125935  -26.744  -47.906  94.716 0.2500000000
142569  -26.884  -48.287  94.637 0.2500000000
43939  -17.522  -50.433  93.805 0.2500000000
43930  -18.553  -50.508  94.800 0.1250000000
43931  -19.189  -50.458  94.996 0.1250000000
43954  -16.964  -50.396  93.499 0.3750000000
43940  -18.230  -50.484  94.214 0.2500000000
43941  -19.061  -50.545  94.380 0.1250000000
43983  -16.849  -49.854  91.960 0.3750000000
128399  -17.804  -49.883  92.499 0.3750000000
43970  -18.433  -49.947  92.728 0.3750000000
40417  -6.726  -55.515  88.649 0.5000000000
40431  -7.140  -55.486  87.913 0.5000000000
43984  -17.623  -49.791  91.981 0.3750000000
126948  -19.290  -49.920  92.286 0.3750000000
43987  -20.425  -50.205  92.013 0.2500000000
43988  -21.401  -50.527  91.984 0.2500000000
133293  -21.795  -50.569  91.339 0.3750000000
43062  -22.529  -50.608  91.282 0.3750000000
43063  -23.075  -50.592  91.114 0.3750000000
44005  -23.403  -50.504  90.752 0.3750000000
122913  -23.300  -50.452  90.109 0.3750000000
41287  -7.293  -54.717  88.665 0.5000000000
44986  -16.810  -49.673  91.388 0.3750000000
44999  -17.756  -49.696  91.246 0.5000000000
45000  -18.541  -49.625  91.025 0.3750000000
44989  -19.057  -49.678  91.291 0.5000000000
44000  -19.887  -49.872  91.053 0.3750000000
44001  -20.676  -50.179  90.843 0.3750000000
44017  -22.441  -50.398  89.715 0.3750000000
40444  -7.245  -56.113  87.367 0.5000000000
125093  -7.596  -55.427  87.404 0.5000000000
41294  -7.642  -54.843  87.831 0.5000000000
45012  -18.119  -49.544  90.764 0.6250000000
45013  -18.969  -49.422  90.480 0.6250000000
44014  -20.204  -49.883  90.362 0.2500000000
41306  -7.797  -55.747  86.927 0.5000000000
41295  -8.056  -54.249  87.769 0.5000000000
42181  -8.494  -54.619  86.698 0.5000000000
144256  -9.533  -54.127  85.614 0.3750000000
49551  -24.648  -46.257  79.489 0.3750000000
49541  -25.594  -45.903  80.351 0.1250000000
39471  -2.459  -56.547  91.397 0.1250000000
37613  -4.316  -58.072  92.028 0.1250000000
37614  -4.895  -57.696  91.610 0.1250000000
124616  -4.580  -58.259  91.290 0.1250000000
147280  -4.822  -58.080  91.067 0.2500000000
47676  -19.088  -48.530  96.281 0.1250000000
131015  -16.647  -50.613  95.593 0.1250000000
43918  -18.024  -50.100  95.826 0.1250000000
43922  -17.452  -50.470  95.460 0.1250000000
43929  -17.662  -50.608  94.925 0.1250000000
43928  -16.669  -50.846  94.841 0.2500000000
43953  -16.105  -50.606  93.631 0.2500000000
43969  -16.875  -50.066  92.767 0.2500000000
42174  -7.754  -54.238  88.333 0.5000000000
45906  -17.262  -49.566  90.929 0.3750000000
50417  -24.897  -45.341  80.182 0.5000000000
37604  -4.339  -57.643  92.586 0.1250000000
37602  -3.394  -57.652  92.159 0.1250000000
37624  -5.008  -57.881  91.001 0.1250000000
39487  -5.647  -56.966  90.815 0.1250000000
45857  -18.086  -49.327  96.298 0.1250000000
47664  -18.778  -48.786  96.412 0.1250000000
38504  -5.334  -57.499  90.943 0.1250000000
44946  -17.412  -49.786  96.189 0.1250000000
43022  -15.633  -51.135  94.870 0.2500000000
43937  -15.383  -50.986  94.383 0.2500000000
130569  -15.675  -50.461  93.077 0.1250000000
141337  -4.697  -57.283  92.900 0.1250000000
38494  -5.150  -57.065  92.250 0.1250000000
130702  -5.618  -56.535  92.427 0.1250000000
39474  -6.037  -56.123  92.316 0.1250000000
37615  -5.236  -57.231  91.666 0.1250000000
39473  -5.568  -56.743  91.642 0.1250000000
44944  -15.609  -50.489  96.578 0.1250000000
45846  -16.061  -49.467  96.749 0.1250000000
138875  -17.250  -48.269  96.528 0.1250000000
47675  -18.263  -48.340  96.446 0.1250000000
39488  -5.972  -56.259  91.511 0.1250000000
43032  -12.959  -51.593  94.895 0.1250000000
43016  -15.337  -51.222  95.306 0.2500000000
44945  -16.423  -50.204  96.405 0.1250000000
48529  -18.601  -48.049  96.247 0.1250000000
40390  -6.304  -55.651  91.271 0.2500000000
43026  -14.712  -51.351  94.853 0.1250000000
43038  -12.331  -51.340  93.902 0.3750000000
42167  -7.733  -53.942  89.069 0.5000000000
143719  -9.239  -52.962  87.608 0.6250000000
51363  -27.269  -44.580  76.400 0.1250000000
51375  -27.428  -44.534  75.515 0.1250000000
39458  -5.953  -56.159  93.103 0.1250000000
40376  -6.514  -55.505  92.879 0.1250000000
40381  -6.430  -55.617  92.150 0.2500000000
43014  -13.684  -51.916  95.783 0.1250000000
41269  -6.871  -55.029  91.897 0.2500000000
43048  -10.702  -51.752  91.770 0.3750000000
43049  -11.518  -51.500  92.375 0.3750000000
125042  -11.394  -51.273  91.184 0.3750000000
52397  -26.597  -43.481  74.364 0.1250000000
52398  -27.438  -43.864  74.009 0.1250000000
52399  -28.436  -43.957  73.866 0.1250000000
52415  -27.089  -43.170  73.560 0.1250000000
53433  -27.593  -42.678  72.971 0.1250000000
54505  -28.797  -41.651  72.849 0.1250000000
53432  -26.800  -42.363  73.262 0.1250000000
54503  -27.095  -41.082  72.668 0.1250000000
54504  -27.963  -41.333  72.601 0.1250000000
55493  -27.727  -40.411  72.679 0.1250000000
55494  -28.742  -40.605  72.881 0.1250000000
129036  -29.256  -39.567  73.385 0.1250000000
55414  -27.323  -40.586  77.199 0.7500000000
55416  -27.984  -40.421  78.437 0.7500000000
140802  -27.075  -40.972  76.873 0.5000000000
132314  -26.084  -41.128  74.255 0.3750000000
55454  -25.987  -40.476  73.886 0.2500000000
133628  -26.281  -40.980  73.504 0.2500000000
56439  -26.030  -39.179  73.429 0.2500000000
148047  -25.723  -39.006  75.347 0.5000000000
57413  -25.510  -38.286  74.214 0.3750000000
57481  -31.158  -38.153  69.748 0.2500000000
58398  -30.589  -37.284  70.134 0.3750000000
60963  -28.689  -33.955  82.882 0.3750000000
61907  -29.342  -33.584  83.577 0.3750000000
61948  -30.161  -32.546  82.477 0.2500000000
62947  -32.227  -32.350  82.381 0.3750000000
62042  -41.158  -33.133  75.308 0.2500000000
73179  -54.636  -21.414  64.554 0.1250000000
133975  -54.251  -22.116  63.204 0.1250000000
73182  -54.631  -21.497  63.611 0.1250000000
73183  -55.220  -20.830  64.085 0.1250000000
73176  -54.448  -21.531  65.364 0.2500000000
71421  -51.545  -22.720  66.379 0.3750000000
72306  -52.001  -22.466  66.655 0.3750000000
71422  -52.061  -22.684  66.072 0.3750000000
136851  -53.237  -22.170  66.257 0.3750000000
73172  -54.523  -21.264  66.765 0.3750000000
72310  -53.374  -22.360  65.555 0.1250000000
139327  -55.256  -20.779  64.898 0.2500000000
74011  -55.767  -20.237  65.331 0.2500000000
72281  -50.544  -21.884  67.873 0.5000000000
73158  -50.960  -21.548  68.507 0.5000000000
139096  -51.673  -21.517  68.513 0.5000000000
72282  -52.022  -21.799  67.892 0.3750000000
138647  -53.078  -22.037  66.867 0.3750000000
72298  -53.753  -21.667  66.833 0.3750000000
73177  -55.144  -20.818  66.553 0.3750000000
74008  -55.669  -20.292  66.201 0.2500000000
74006  -56.124  -19.816  66.677 0.2500000000
74009  -56.182  -19.641  65.810 0.2500000000
74853  -56.469  -18.747  65.435 0.2500000000
74012  -56.258  -19.460  64.795 0.2500000000
77547  -55.753  -16.301  65.493 0.2500000000
139156  -54.369  -16.744  65.551 0.2500000000
73145  -50.649  -21.064  69.014 0.5000000000
147418  -52.050  -21.144  69.050 0.5000000000
72283  -52.851  -21.415  68.012 0.5000000000
141371  -54.466  -20.865  68.408 0.5000000000
73170  -55.024  -20.720  68.134 0.5000000000
74003  -56.046  -19.959  67.449 0.3750000000
75768  -56.447  -18.724  67.593 0.3750000000
141058  -56.519  -18.573  66.793 0.3750000000
124823  -56.586  -17.699  66.888 0.3750000000
74851  -56.430  -19.048  66.323 0.3750000000
77542  -56.155  -16.094  66.350 0.3750000000
76683  -56.421  -16.904  65.397 0.3750000000
77540  -55.140  -16.243  66.069 0.3750000000
77546  -55.326  -16.429  65.392 0.2500000000
77539  -54.231  -16.507  66.464 0.3750000000
76670  -52.707  -17.299  66.285 0.2500000000
132665  -56.517  -16.894  68.971 0.2500000000
129652  -56.499  -16.597  67.042 0.3750000000
78418  -55.808  -15.817  66.663 0.3750000000
78417  -55.565  -15.990  66.440 0.3750000000
78411  -55.056  -15.487  67.847 0.3750000000
125656  -55.629  -16.182  65.850 0.3750000000
126061  -53.889  -16.301  67.269 0.2500000000
124015  -14.655  -51.267  82.330 0.2500000000
44003  -22.185  -50.510  90.630 0.3750000000
61947  -28.816  -33.502  82.056 0.3750000000
43108  -11.149  -53.275  84.139 0.1250000000
47021  -24.620  -49.296  77.033 0.3750000000
43025  -13.867  -51.644  95.010 0.2500000000
43031  -12.478  -51.685  94.832 0.2500000000
43050  -12.227  -51.176  92.837 0.3750000000
140562  -14.768  -50.683  93.315 0.2500000000
43952  -15.045  -50.816  93.851 0.1250000000
54440  -27.394  -41.024  77.354 0.5000000000
123321  -26.082  -41.946  75.745 0.3750000000
142200  -26.106  -42.952  74.771 0.2500000000
123000  -16.096  -50.203  92.404 0.5000000000
54456  -26.625  -41.375  76.465 0.3750000000
55427  -26.683  -40.833  76.274 0.3750000000
44985  -15.868  -50.014  91.814 0.6250000000
56413  -25.873  -39.653  75.029 0.3750000000
135654  -25.993  -40.400  74.648 0.3750000000
55440  -26.232  -41.032  75.204 0.3750000000
44002  -21.450  -50.406  90.739 0.3750000000
57405  -25.529  -38.358  75.111 0.3750000000
142065  -30.089  -37.199  70.878 0.2500000000
73157  -50.195  -21.397  68.459 0.5000000000
138141  -51.283  -21.956  67.876 0.5000000000
58347  -25.595  -37.519  73.792 0.3750000000
125582  -1.245  -62.923  86.012 0.1250000000
36704  -5.047  -60.689  87.578 0.2500000000
145404  -2.399  -59.946  88.470 0.3750000000
37704  -1.706  -59.754  85.670 0.3750000000
38589  -7.901  -58.823  85.590 0.2500000000
38590  -8.511  -58.502  85.090 0.1250000000
40484  -10.237  -56.813  84.081 0.1250000000
143187  -2.493  -58.677  88.677 0.2500000000
37647  -2.674  -59.409  89.363 0.3750000000
39526  -2.464  -57.583  87.789 0.1250000000
41334  -9.205  -55.701  84.984 0.2500000000
40485  -11.010  -57.042  83.815 0.1250000000
40486  -11.769  -56.831  83.819 0.1250000000
128195  -12.443  -56.642  83.840 0.1250000000
41367  -12.467  -55.321  83.104 0.1250000000
38502  -2.445  -57.487  90.628 0.1250000000
47679  -22.574  -48.913  95.280 0.1250000000
137553  -24.557  -48.854  94.522 0.2500000000
135681  -20.293  -48.896  96.189 0.1250000000
139862  -20.943  -48.067  95.234 0.1250000000
135730  -23.452  -48.932  94.865 0.1250000000
45859  -19.564  -49.546  96.174 0.1250000000
46800  -22.838  -49.081  95.177 0.1250000000
128716  -23.491  -49.665  94.594 0.1250000000
46809  -25.045  -49.052  94.572 0.2500000000
46810  -26.141  -48.748  94.598 0.2500000000
44973  -26.022  -49.968  93.337 0.2500000000
43934  -21.994  -50.347  94.446 0.1250000000
43945  -23.210  -50.537  93.695 0.2500000000
44967  -24.530  -50.233  93.924 0.2500000000
43962  -24.704  -50.354  92.880 0.2500000000
129417  -19.040  -50.452  93.741 0.2500000000
43943  -21.051  -50.465  93.840 0.1250000000
124660  -21.159  -50.435  92.758 0.2500000000
43946  -23.820  -50.485  93.392 0.2500000000
43977  -24.656  -50.476  92.337 0.2500000000
124595  -19.173  -50.097  93.063 0.2500000000
43957  -20.581  -50.282  93.054 0.2500000000
123940  -21.645  -50.599  92.738 0.2500000000
43989  -22.068  -50.626  91.776 0.2500000000
43041  -22.967  -50.666  91.946 0.2500000000
43042  -23.459  -50.615  91.876 0.2500000000
136196  -20.349  -50.126  91.424 0.2500000000
128526  -21.031  -50.388  91.418 0.2500000000
41307  -8.019  -54.962  87.190 0.5000000000
146013  -4.666  -57.871  91.785 0.1250000000
44951  -18.942  -50.072  95.878 0.1250000000
46785  -18.490  -49.045  96.434 0.1250000000
48530  -19.431  -48.235  95.997 0.1250000000
48531  -20.204  -48.342  95.791 0.1250000000
135358  -21.793  -47.686  94.470 0.1250000000
48563  -24.604  -47.634  93.816 0.2500000000
138570  -17.335  -50.618  94.410 0.2500000000
132888  -17.665  -50.103  93.125 0.3750000000
43955  -18.349  -50.253  93.437 0.2500000000
43985  -18.352  -49.818  92.068 0.3750000000
44987  -17.502  -49.724  91.542 0.3750000000
129569  -18.870  -49.781  91.752 0.3750000000
43986  -19.654  -49.901  91.660 0.3750000000
44988  -18.196  -49.725  91.515 0.5000000000
45001  -19.384  -49.625  90.702 0.3750000000
146709  -8.446  -54.253  87.208 0.5000000000
37605  -4.756  -57.513  92.262 0.1250000000
124164  -16.755  -50.754  95.253 0.2500000000
134562  -16.070  -50.977  95.169 0.2500000000
43938  -16.529  -50.710  94.222 0.2500000000
47663  -17.870  -48.560  96.494 0.1250000000
45847  -17.044  -49.316  96.419 0.1250000000
134372  -18.991  -47.752  95.756 0.1250000000
44935  -16.648  -50.008  96.421 0.1250000000
43921  -15.994  -50.862  95.490 0.1250000000
43011  -14.300  -51.584  95.927 0.1250000000
43915  -14.918  -51.051  96.430 0.1250000000
43920  -15.203  -51.179  95.743 0.1250000000
46776  -16.537  -49.140  96.617 0.1250000000
139347  -17.630  -48.193  96.541 0.1250000000
48542  -18.210  -47.610  95.993 0.1250000000
43021  -14.593  -51.494  95.106 0.1250000000
43020  -13.649  -51.725  95.227 0.1250000000
123647  -13.067  -51.736  95.164 0.1250000000
51391  -26.857  -44.207  74.802 0.1250000000
51392  -27.886  -44.375  74.642 0.1250000000
43024  -12.429  -51.887  95.137 0.2500000000
52414  -26.375  -42.650  74.077 0.1250000000
53434  -28.460  -42.622  72.979 0.1250000000
53445  -27.299  -41.922  72.701 0.2500000000
54493  -26.622  -41.524  73.059 0.2500000000
53446  -28.040  -42.107  72.664 0.1250000000
54481  -26.276  -41.784  73.808 0.3750000000
55472  -26.259  -40.131  73.303 0.2500000000
55492  -26.865  -40.263  72.786 0.1250000000
56459  -27.422  -39.513  72.759 0.1250000000
56425  -25.744  -39.704  74.013 0.2500000000
56424  -25.617  -38.984  74.585 0.3750000000
56438  -25.652  -38.915  73.891 0.3750000000
72314  -54.012  -22.052  64.700 0.1250000000
72317  -54.138  -22.099  63.942 0.1250000000
73180  -55.124  -20.865  65.676 0.2500000000
72311  -53.858  -22.082  65.299 0.1250000000
72307  -52.547  -22.363  66.476 0.3750000000
72297  -52.468  -22.037  67.209 0.3750000000
72308  -54.012  -21.821  66.029 0.3750000000
71423  -52.701  -22.562  65.806 0.2500000000
73169  -54.332  -21.177  67.638 0.3750000000
138006  -55.775  -20.201  64.490 0.2500000000
73989  -51.089  -20.628  69.604 0.5000000000
73146  -51.405  -21.137  69.078 0.5000000000
73168  -53.370  -21.567  67.469 0.3750000000
74005  -55.628  -20.361  67.041 0.3750000000
73173  -55.092  -20.820  67.367 0.3750000000
74849  -56.365  -19.330  67.111 0.3750000000
75778  -56.539  -17.705  65.034 0.2500000000
75770  -56.574  -17.921  66.016 0.3750000000
77541  -55.799  -16.051  66.034 0.3750000000
77548  -56.071  -16.314  65.723 0.3750000000
76690  -56.310  -16.910  64.547 0.2500000000
77556  -55.942  -16.706  64.200 0.2500000000
76671  -53.566  -16.934  66.099 0.3750000000
73159  -52.414  -21.313  68.606 0.5000000000
129778  -53.233  -21.026  68.783 0.5000000000
74002  -55.572  -20.389  67.809 0.5000000000
75765  -56.360  -18.586  68.491 0.3750000000
76662  -56.576  -17.689  67.770 0.3750000000
76672  -56.456  -16.804  66.202 0.3750000000
130635  -56.597  -16.756  68.033 0.3750000000
144737  -56.159  -15.880  66.908 0.3750000000
77532  -54.919  -16.061  67.040 0.3750000000
77525  -56.469  -15.968  68.417 0.2500000000
76657  -56.506  -17.730  68.702 0.2500000000
78407  -56.078  -15.390  68.126 0.3750000000
77531  -54.391  -15.840  67.729 0.2500000000
44134  -23.004  -52.140  77.299 0.2500000000
46078  -25.172  -50.007  77.452 0.1250000000
47022  -25.357  -49.301  77.545 0.2500000000
47006  -26.183  -49.417  78.664 0.1250000000
49552  -25.447  -46.861  79.361 0.2500000000
47868  -25.179  -48.522  77.468 0.2500000000
47855  -25.620  -48.084  77.929 0.2500000000
56244  -33.519  -39.015  93.028 0.1250000000
55259  -32.924  -38.860  93.407 0.1250000000
54258  -33.056  -40.170  92.452 0.1250000000
55264  -33.388  -39.626  92.608 0.1250000000
129632  -33.876  -39.564  91.872 0.1250000000
56253  -34.147  -38.826  92.308 0.1250000000
53201  -32.356  -41.483  92.457 0.1250000000
53220  -32.840  -41.232  91.333 0.1250000000
55274  -33.588  -40.211  91.412 0.1250000000
135786  -33.803  -39.838  91.217 0.1250000000
123792  -33.127  -41.076  90.154 0.1250000000
55280  -33.543  -40.412  90.586 0.1250000000
55263  -32.812  -39.795  92.902 0.1250000000
124093  -33.917  -39.159  90.682 0.1250000000
137064  -32.194  -40.718  93.133 0.1250000000
56266  -33.762  -39.781  90.627 0.1250000000
52187  -32.078  -42.018  92.246 0.1250000000
54278  -33.345  -40.720  89.864 0.1250000000
55281  -33.523  -40.269  89.884 0.1250000000
55290  -33.374  -40.672  89.327 0.1250000000
132054  -33.554  -40.171  89.199 0.1250000000
137335  -33.593  -39.803  89.154 0.1250000000
54299  -33.261  -40.797  88.910 0.1250000000
54310  -33.107  -40.557  88.359 0.1250000000
55302  -33.417  -40.376  88.726 0.1250000000
57198  -32.200  -38.114  93.934 0.1250000000
55257  -31.415  -40.049  93.414 0.1250000000
55258  -32.158  -39.719  93.312 0.1250000000
133186  -30.941  -41.067  93.627 0.1250000000
54248  -31.283  -41.773  93.633 0.1250000000
51143  -30.137  -44.281  94.583 0.1250000000
51144  -30.678  -43.650  93.799 0.1250000000
57280  -33.531  -39.456  88.727 0.1250000000
49428  -29.692  -46.222  93.818 0.1250000000
57292  -33.577  -39.424  87.945 0.1250000000
56292  -33.556  -39.904  88.459 0.1250000000
55314  -33.359  -40.156  88.015 0.1250000000
143126  -31.160  -39.288  93.539 0.1250000000
57197  -31.291  -38.341  93.898 0.1250000000
57185  -30.056  -37.611  94.879 0.1250000000
131806  -30.020  -41.283  93.921 0.1250000000
53184  -30.005  -43.038  94.681 0.1250000000
53191  -29.628  -42.186  94.534 0.1250000000
54238  -28.875  -42.097  94.984 0.1250000000
56220  -28.215  -39.453  95.707 0.1250000000
138026  -26.039  -37.817  73.236 0.2500000000
58265  -31.801  -37.803  86.862 0.2500000000
58271  -30.970  -37.567  85.385 0.3750000000
131783  -31.424  -37.727  86.099 0.2500000000
132305  -32.307  -37.960  86.176 0.2500000000
58270  -30.107  -37.294  85.514 0.2500000000
55532  -36.697  -40.771  70.287 0.1250000000
59118  -29.410  -36.263  86.679 0.2500000000
59126  -29.188  -36.280  85.708 0.2500000000
56495  -32.739  -40.236  70.474 0.1250000000
55511  -33.572  -40.671  70.807 0.1250000000
57482  -31.785  -38.598  69.183 0.1250000000
125072  -32.659  -39.955  69.616 0.1250000000
55529  -33.405  -40.498  69.635 0.1250000000
138432  -35.765  -40.814  69.797 0.1250000000
56510  -35.575  -40.450  68.866 0.1250000000
60030  -29.093  -35.668  85.354 0.2500000000
130987  -28.902  -34.517  83.700 0.2500000000
56507  -32.240  -39.313  69.148 0.1250000000
56525  -33.539  -39.358  68.305 0.1250000000
57497  -34.082  -38.817  67.832 0.1250000000
56509  -34.681  -40.356  68.681 0.1250000000
56528  -36.321  -39.957  68.365 0.1250000000
57495  -32.338  -38.489  68.594 0.1250000000
58414  -34.016  -37.967  67.707 0.1250000000
58427  -34.774  -37.708  67.554 0.1250000000
142755  -35.470  -36.076  67.427 0.2500000000
133323  -36.798  -35.196  67.166 0.3750000000
134172  -38.731  -33.850  66.961 0.1250000000
145130  -39.823  -31.021  67.555 0.1250000000
64071  -39.191  -31.314  67.420 0.1250000000
64946  -39.375  -30.493  67.559 0.1250000000
75711  -51.289  -18.106  73.110 0.1250000000
75725  -50.943  -18.318  72.317 0.2500000000
75712  -52.196  -18.398  73.380 0.1250000000
75700  -52.454  -18.456  74.317 0.1250000000
75744  -51.412  -18.794  71.729 0.2500000000
73978  -50.619  -20.037  70.036 0.2500000000
74832  -51.002  -19.508  70.653 0.2500000000
73160  -53.766  -21.142  68.258 0.3750000000
75726  -51.864  -18.487  72.514 0.2500000000
74801  -52.387  -18.820  71.990 0.2500000000
74833  -51.643  -19.471  70.849 0.2500000000
74818  -51.992  -19.214  71.360 0.2500000000
74834  -52.277  -19.601  70.796 0.2500000000
74819  -52.897  -19.282  71.469 0.2500000000
73979  -51.593  -19.987  70.262 0.3750000000
73147  -52.730  -20.884  69.253 0.3750000000
73991  -53.095  -20.361  69.932 0.3750000000
73997  -54.838  -20.476  68.810 0.3750000000
73999  -55.937  -19.969  68.144 0.3750000000
73980  -53.038  -19.758  70.673 0.3750000000
73981  -53.764  -19.860  70.466 0.3750000000
73148  -53.450  -20.689  69.383 0.3750000000
73993  -54.625  -20.228  69.525 0.3750000000
73161  -54.086  -20.705  69.023 0.3750000000
73983  -55.036  -19.739  69.966 0.3750000000
74838  -55.552  -19.520  69.587 0.3750000000
74839  -56.029  -19.199  69.127 0.3750000000
78406  -55.695  -15.265  68.086 0.2500000000
77538  -53.249  -16.798  66.803 0.2500000000
58158  -29.787  -37.133  95.583 0.1250000000
50259  -30.006  -45.450  93.802 0.2500000000
50249  -30.231  -44.796  94.071 0.2500000000
49429  -29.920  -45.454  93.248 0.2500000000
141099  -32.496  -41.465  91.918 0.1250000000
126699  -32.870  -41.283  90.604 0.1250000000
53239  -32.797  -41.297  89.716 0.1250000000
45148  -22.360  -51.429  76.855 0.3750000000
45149  -23.332  -51.316  76.956 0.2500000000
52174  -31.548  -42.249  93.442 0.1250000000
52173  -31.030  -42.955  93.804 0.1250000000
54271  -33.311  -40.861  90.957 0.1250000000
58413  -32.620  -37.481  68.415 0.1250000000
135051  -33.460  -37.501  67.990 0.2500000000
59293  -34.156  -37.012  67.750 0.2500000000
61163  -36.451  -34.496  67.531 0.3750000000
45151  -24.963  -50.821  77.553 0.2500000000
73990  -52.068  -20.644  69.645 0.3750000000
73998  -55.418  -20.257  68.502 0.3750000000
137897  -56.227  -19.530  67.743 0.2500000000
76661  -52.160  -17.151  67.177 0.2500000000
56493  -31.558  -39.024  69.833 0.1250000000
141376  -22.267  -52.294  77.253 0.2500000000
44135  -23.865  -51.936  77.510 0.2500000000
46065  -25.728  -49.769  78.038 0.1250000000
47005  -25.792  -48.894  77.993 0.1250000000
47856  -26.164  -48.401  78.706 0.1250000000
56236  -32.413  -38.717  93.596 0.1250000000
54257  -32.565  -40.747  92.644 0.1250000000
54264  -32.916  -40.822  92.068 0.1250000000
55269  -33.449  -40.009  92.086 0.1250000000
56261  -34.023  -39.298  91.431 0.1250000000
129548  -33.272  -40.627  91.587 0.1250000000
54256  -32.139  -41.561  93.033 0.1250000000
58174  -31.677  -37.520  94.450 0.1250000000
56235  -31.828  -39.036  93.548 0.1250000000
135872  -31.655  -40.836  93.381 0.1250000000
53192  -30.879  -42.644  93.998 0.1250000000
54249  -31.793  -41.473  93.342 0.1250000000
55256  -30.424  -40.100  93.644 0.1250000000
54247  -30.533  -42.087  94.048 0.1250000000
52172  -30.463  -43.444  94.369 0.1250000000
124861  -29.813  -45.140  94.808 0.1250000000
57196  -30.440  -38.136  94.251 0.1250000000
58173  -30.869  -37.670  94.466 0.1250000000
135605  -29.733  -43.956  95.101 0.1250000000
53183  -29.160  -42.860  95.222 0.1250000000
53182  -28.306  -42.433  95.649 0.1250000000
54237  -28.371  -41.523  95.152 0.1250000000
56221  -28.736  -38.807  95.117 0.1250000000
57183  -28.244  -38.463  96.251 0.1250000000
54245  -28.237  -40.485  95.092 0.1250000000
55546  -36.482  -40.529  69.176 0.1250000000
56474  -31.549  -39.165  70.782 0.1250000000
56494  -32.050  -39.694  70.125 0.1250000000
56508  -33.043  -39.780  68.914 0.1250000000
55530  -34.260  -40.869  70.111 0.1250000000
140168  -34.205  -40.628  69.273 0.1250000000
55531  -35.085  -40.937  70.436 0.1250000000
55545  -34.922  -40.790  69.482 0.1250000000
56527  -35.255  -39.832  68.226 0.1250000000
56524  -32.827  -39.108  68.523 0.1250000000
56526  -34.371  -39.632  68.188 0.1250000000
125670  -33.837  -40.133  68.734 0.1250000000
57498  -34.874  -39.063  67.826 0.1250000000
57509  -34.595  -38.390  67.675 0.1250000000
57500  -36.696  -39.137  67.976 0.1250000000
57499  -35.768  -39.139  67.939 0.1250000000
57496  -33.248  -38.389  68.130 0.1250000000
59302  -35.098  -36.914  67.483 0.2500000000
58428  -35.630  -37.618  67.436 0.2500000000
57510  -35.295  -38.397  67.628 0.1250000000
133314  -36.367  -35.950  67.135 0.2500000000
75713  -53.030  -18.569  73.625 0.1250000000
75727  -52.753  -18.613  72.785 0.1250000000
134655  -52.430  -20.069  70.249 0.2500000000
74844  -55.736  -19.773  68.827 0.3750000000
73992  -53.960  -20.372  69.812 0.3750000000
37706  -7.796  -59.642  85.538 0.1250000000
37707  -8.606  -59.490  85.011 0.1250000000
42153  -9.071  -52.475  91.399 0.3750000000
43128  -13.930  -53.271  82.440 0.1250000000
43119  -13.193  -53.063  82.693 0.1250000000
44087  -13.714  -52.506  82.578 0.1250000000
44088  -14.438  -52.687  82.291 0.1250000000
133317  -14.896  -52.090  82.031 0.1250000000
60947  -29.479  -34.082  84.402 0.2500000000
61926  -29.307  -33.117  82.769 0.1250000000
61927  -30.251  -32.933  83.278 0.2500000000
61949  -31.236  -32.578  82.854 0.2500000000
61928  -31.367  -33.014  83.635 0.2500000000
62962  -32.664  -31.996  81.812 0.2500000000
140358  -39.186  -33.988  77.670 0.2500000000
62008  -39.681  -33.956  78.351 0.2500000000
69550  -43.882  -25.831  75.481 0.2500000000
44081  -13.118  -52.307  83.150 0.1250000000
45098  -14.150  -51.894  82.453 0.1250000000
36732  -8.403  -60.471  85.235 0.1250000000
42241  -14.260  -53.979  82.507 0.1250000000
49400  -29.112  -46.344  95.337 0.2500000000
49390  -27.997  -46.266  95.486 0.1250000000
49391  -28.618  -46.084  95.491 0.1250000000
49412  -26.629  -46.882  94.530 0.1250000000
48565  -26.708  -47.315  94.660 0.1250000000
49399  -27.700  -46.758  95.251 0.1250000000
48532  -27.925  -46.955  95.407 0.1250000000
48548  -28.549  -47.200  95.243 0.1250000000
48533  -28.735  -46.645  95.427 0.2500000000
47680  -27.768  -47.524  95.115 0.1250000000
144935  -28.145  -47.181  95.381 0.1250000000
47695  -27.423  -47.454  94.959 0.1250000000
47697  -28.449  -47.820  94.710 0.1250000000
45878  -27.426  -48.956  94.136 0.1250000000
128253  -27.825  -48.808  94.047 0.1250000000
45885  -27.131  -49.342  93.152 0.1250000000
46817  -28.303  -48.461  93.987 0.2500000000
138642  -28.024  -45.107  95.617 0.1250000000
50235  -28.202  -45.824  95.512 0.1250000000
136582  -28.963  -45.131  95.553 0.2500000000
50234  -27.795  -45.915  95.351 0.1250000000
134034  -27.029  -46.062  94.686 0.1250000000
48549  -29.034  -46.958  95.161 0.2500000000
50246  -26.404  -46.217  94.148 0.1250000000
48573  -23.546  -47.596  93.685 0.1250000000
128144  -24.215  -47.093  93.392 0.1250000000
49427  -25.742  -46.343  93.642 0.1250000000
50258  -26.041  -45.461  93.599 0.1250000000
49441  -24.368  -46.330  92.901 0.1250000000
49401  -29.443  -46.341  94.944 0.2500000000
50247  -26.725  -45.191  94.472 0.1250000000
48550  -29.314  -46.830  94.787 0.2500000000
49413  -29.533  -46.474  94.456 0.2500000000
48574  -29.309  -46.928  93.457 0.2500000000
139653  -24.865  -45.533  92.554 0.1250000000
50257  -25.322  -45.902  93.100 0.1250000000
50290  -24.076  -45.647  92.150 0.1250000000
129634  -33.324  -38.547  87.231 0.1250000000
58256  -33.034  -38.210  87.813 0.1250000000
58244  -32.342  -37.923  88.563 0.1250000000
58266  -32.776  -38.120  86.908 0.1250000000
58220  -31.787  -37.273  90.152 0.1250000000
58255  -32.127  -37.883  87.666 0.1250000000
58232  -31.557  -37.493  89.237 0.1250000000
59083  -31.378  -36.509  90.483 0.1250000000
59094  -30.966  -36.899  89.721 0.1250000000
58243  -31.363  -37.622  88.339 0.1250000000
58254  -31.137  -37.644  87.525 0.1250000000
59988  -31.256  -35.612  90.586 0.1250000000
60880  -32.120  -34.133  91.097 0.1250000000
58242  -30.558  -37.284  88.052 0.1250000000
59082  -30.782  -36.142  89.932 0.1250000000
144416  -30.890  -35.359  89.944 0.1250000000
58264  -30.869  -37.574  86.788 0.1250000000
58231  -30.744  -37.121  88.873 0.1250000000
59093  -30.539  -36.424  89.129 0.1250000000
59994  -30.581  -35.655  89.280 0.1250000000
61850  -32.730  -33.468  90.653 0.1250000000
59109  -30.022  -36.898  87.725 0.1250000000
59101  -30.224  -36.628  88.346 0.1250000000
129759  -31.403  -34.687  90.344 0.1250000000
60000  -30.117  -35.955  88.524 0.1250000000
60885  -30.918  -34.863  89.435 0.1250000000
60012  -29.599  -35.551  87.035 0.1250000000
60004  -29.961  -35.422  87.883 0.1250000000
60894  -30.510  -35.196  88.620 0.1250000000
138506  -31.962  -33.933  90.248 0.1250000000
61857  -33.668  -33.139  90.204 0.1250000000
60886  -31.566  -34.268  89.521 0.1250000000
146135  -31.937  -34.131  88.824 0.1250000000
143433  -31.162  -34.501  88.615 0.1250000000
60021  -29.287  -35.625  86.149 0.1250000000
60902  -30.563  -34.769  87.919 0.1250000000
61856  -32.648  -33.712  89.443 0.1250000000
60895  -32.538  -34.008  88.472 0.1250000000
125527  -31.959  -34.233  88.107 0.1250000000
144978  -30.812  -34.547  87.287 0.1250000000
60915  -31.546  -34.389  87.007 0.1250000000
127870  -29.592  -34.423  85.087 0.1250000000
60914  -29.738  -34.892  86.415 0.1250000000
60903  -31.314  -34.434  87.734 0.1250000000
60930  -29.353  -34.984  85.591 0.1250000000
60896  -33.342  -33.728  88.411 0.1250000000
125880  -31.881  -34.189  86.248 0.1250000000
140354  -32.027  -34.309  87.466 0.1250000000
60904  -32.818  -34.080  87.680 0.1250000000
138321  -32.359  -34.019  85.407 0.1250000000
60932  -31.216  -34.124  85.589 0.1250000000
123690  -30.718  -34.453  86.508 0.1250000000
60931  -30.098  -34.360  85.721 0.1250000000
60905  -33.907  -33.934  87.626 0.1250000000
60916  -32.462  -34.293  86.892 0.1250000000
60917  -33.480  -34.149  86.864 0.1250000000
60948  -30.523  -33.912  84.901 0.1250000000
60949  -31.827  -33.774  84.796 0.1250000000
61908  -30.331  -33.356  84.100 0.1250000000
61909  -31.353  -33.407  84.313 0.1250000000
138867  -34.507  -34.011  86.708 0.1250000000
125665  -34.042  -34.280  85.971 0.1250000000
60934  -33.498  -34.107  85.138 0.1250000000
60933  -32.970  -34.065  86.104 0.1250000000
60950  -32.801  -33.976  84.614 0.1250000000
61929  -32.612  -33.536  83.855 0.1250000000
60964  -33.617  -34.067  84.181 0.1250000000
61950  -32.346  -32.940  83.135 0.1250000000
58429  -36.552  -37.545  67.348 0.1250000000
59304  -36.914  -36.727  67.138 0.1250000000
128563  -34.421  -34.105  85.170 0.1250000000
147664  -34.089  -34.142  84.659 0.1250000000
146640  -33.445  -33.790  83.547 0.1250000000
142345  -32.940  -32.839  82.827 0.1250000000
61930  -33.138  -33.438  83.252 0.1250000000
61980  -43.051  -33.806  81.426 0.1250000000
134763  -34.041  -33.872  83.775 0.1250000000
60951  -34.488  -33.978  84.475 0.1250000000
60965  -33.655  -33.421  83.442 0.1250000000
61951  -33.442  -32.875  82.981 0.1250000000
60985  -42.613  -34.381  80.455 0.1250000000
60993  -42.008  -34.536  79.760 0.1250000000
61003  -43.204  -34.573  79.595 0.1250000000
60063  -40.799  -34.950  78.462 0.1250000000
60050  -41.956  -34.666  79.267 0.1250000000
61002  -42.719  -34.557  79.150 0.1250000000
60073  -41.089  -35.092  77.517 0.1250000000
60065  -42.143  -34.627  78.673 0.1250000000
61016  -41.238  -34.672  77.038 0.1250000000
60977  -34.601  -33.078  83.580 0.1250000000
137706  -34.174  -33.384  83.639 0.1250000000
61952  -34.088  -32.822  83.088 0.1250000000
61972  -33.699  -32.360  82.290 0.1250000000
61971  -33.080  -32.376  82.358 0.1250000000
62963  -33.180  -31.963  81.664 0.1250000000
61979  -42.118  -33.444  80.964 0.1250000000
61992  -41.745  -34.021  80.172 0.1250000000
61001  -40.276  -34.245  78.774 0.1250000000
60992  -41.309  -34.357  79.445 0.1250000000
60062  -40.213  -35.144  77.870 0.1250000000
60074  -41.746  -34.619  77.930 0.1250000000
62018  -41.677  -34.103  77.207 0.1250000000
62029  -41.931  -33.317  76.844 0.1250000000
138991  -41.340  -33.796  76.306 0.1250000000
63041  -41.568  -32.741  75.987 0.1250000000
61991  -40.955  -33.419  79.852 0.1250000000
62000  -40.576  -33.920  79.255 0.1250000000
61008  -40.253  -34.742  78.374 0.1250000000
62019  -42.168  -33.885  77.697 0.1250000000
61953  -34.915  -32.682  83.020 0.1250000000
61978  -41.281  -32.950  80.644 0.1250000000
61999  -39.948  -33.364  79.026 0.1250000000
61990  -40.184  -32.860  79.650 0.1250000000
63059  -41.810  -31.806  75.769 0.1250000000
63002  -39.377  -32.460  79.608 0.1250000000
69624  -43.343  -25.849  64.844 0.1250000000
69628  -44.864  -25.791  64.492 0.1250000000
127031  -56.533  -18.293  62.710 0.1250000000
74017  -56.405  -18.868  63.829 0.1250000000
129029  -54.849  -19.375  70.735 0.2500000000
75754  -55.631  -18.654  70.749 0.2500000000
144386  -56.281  -17.654  70.303 0.2500000000
74835  -55.361  -19.218  70.386 0.2500000000
75755  -56.127  -18.310  70.215 0.2500000000
146398  -56.467  -17.479  64.242 0.1250000000
132195  -56.387  -17.313  62.606 0.1250000000
73982  -54.443  -19.848  70.254 0.2500000000
74822  -55.169  -18.940  71.203 0.2500000000
76639  -55.850  -17.080  71.372 0.2500000000
135748  -56.468  -16.979  69.854 0.2500000000
77511  -56.427  -16.164  70.113 0.2500000000
75758  -56.260  -18.492  69.377 0.2500000000
77515  -56.487  -16.094  69.297 0.1250000000
79252  -56.105  -14.710  69.553 0.1250000000
77551  -55.579  -16.547  64.807 0.1250000000
76698  -56.206  -17.011  63.547 0.1250000000
76697  -55.933  -16.849  63.280 0.1250000000
76702  -55.221  -17.427  62.288 0.1250000000
79269  -55.592  -14.884  68.696 0.1250000000
77555  -55.479  -16.829  64.014 0.1250000000
125408  -54.811  -17.090  63.918 0.1250000000
76701  -54.414  -17.778  62.703 0.1250000000
78392  -53.721  -15.245  69.306 0.1250000000
147473  -53.989  -17.203  64.901 0.1250000000
76689  -54.089  -17.342  64.237 0.1250000000
76687  -52.448  -17.929  65.166 0.1250000000
76694  -53.352  -17.950  63.902 0.1250000000
45889  -27.146  -49.305  92.873 0.2500000000
137378  -30.490  -37.470  86.121 0.1250000000
58252  -29.731  -36.873  87.100 0.1250000000
125964  -29.030  -35.082  84.668 0.1250000000
131382  -41.530  -34.855  78.289 0.1250000000
60064  -41.348  -34.876  78.542 0.1250000000
70522  -45.036  -24.820  64.648 0.1250000000
46813  -27.937  -48.383  94.488 0.1250000000
49426  -25.023  -46.828  93.442 0.1250000000
49411  -25.725  -47.193  94.022 0.1250000000
49398  -27.345  -46.561  94.983 0.1250000000
146865  -56.138  -19.669  64.036 0.1250000000
76688  -53.251  -17.686  64.672 0.1250000000
130544  -55.485  -15.233  68.116 0.1250000000
78393  -54.640  -14.941  69.003 0.1250000000
77524  -53.533  -16.040  68.030 0.1250000000
75788  -56.500  -18.380  64.506 0.1250000000
78394  -56.257  -15.287  68.907 0.1250000000
79261  -55.863  -14.926  68.783 0.1250000000
142330  -30.140  -37.309  86.724 0.1250000000
59100  -29.718  -36.250  87.664 0.1250000000
74836  -55.888  -18.978  69.956 0.2500000000
59303  -36.012  -36.768  67.233 0.1250000000
47696  -28.112  -47.699  95.052 0.1250000000
49440  -23.563  -46.272  92.583 0.1250000000
60013  -30.129  -34.876  87.208 0.1250000000
60055  -41.551  -34.718  79.017 0.1250000000
60994  -42.802  -34.601  79.477 0.1250000000
60056  -42.113  -34.693  78.923 0.1250000000
60054  -40.780  -34.628  78.896 0.1250000000
61009  -42.502  -34.394  78.602 0.1250000000
75795  -56.508  -17.792  63.567 0.1250000000
74879  -56.257  -19.206  62.254 0.1250000000
74869  -56.186  -19.393  63.240 0.1250000000
75746  -55.923  -17.919  71.008 0.2500000000
75745  -55.426  -18.440  71.562 0.2500000000
76648  -56.253  -17.042  70.635 0.2500000000
128258  -56.066  -16.969  62.650 0.1250000000
74820  -54.134  -19.177  71.746 0.2500000000
78380  -56.319  -15.270  70.254 0.1250000000
79260  -55.720  -14.533  69.384 0.1250000000
76696  -55.290  -17.200  63.172 0.1250000000
79259  -55.285  -14.525  69.261 0.1250000000
136079  -2.290  -60.167  85.178 0.1250000000
37724  -2.828  -59.679  85.098 0.1250000000
37705  -1.966  -59.464  85.539 0.1250000000
38588  -2.319  -59.023  85.587 0.1250000000
38606  -2.686  -59.199  85.388 0.1250000000
37725  -3.714  -59.646  84.753 0.1250000000
125422  -3.816  -58.413  85.066 0.1250000000
127878  -1.999  -58.583  86.249 0.1250000000
39555  -2.578  -58.276  85.820 0.1250000000
134212  -2.163  -58.092  86.943 0.1250000000
40467  -2.628  -57.470  86.074 0.1250000000
43037  -11.687  -51.717  93.524 0.2500000000
43035  -9.880  -52.320  92.314 0.2500000000
57428  -26.402  -38.465  72.989 0.1250000000
59233  -27.595  -36.353  72.491 0.1250000000
59235  -28.769  -36.417  72.433 0.1250000000
58360  -28.636  -36.802  72.906 0.1250000000
57456  -31.107  -38.388  71.354 0.1250000000
58376  -29.342  -36.542  72.152 0.1250000000
58361  -29.462  -36.689  73.085 0.1250000000
141703  -30.015  -37.153  71.848 0.1250000000
57455  -30.633  -37.663  71.857 0.1250000000
57470  -30.613  -37.878  70.853 0.1250000000
58358  -26.654  -37.556  72.843 0.1250000000
58388  -29.687  -36.744  71.313 0.1250000000
59254  -28.869  -36.059  71.847 0.2500000000
36743  -1.866  -60.915  85.403 0.2500000000
38587  -2.001  -58.986  85.769 0.1250000000
37722  -1.883  -60.010  85.416 0.1250000000
37723  -2.247  -59.589  85.366 0.1250000000
38607  -3.365  -59.087  85.155 0.1250000000
39554  -2.344  -58.311  85.990 0.1250000000
39540  -2.352  -57.850  86.364 0.1250000000
124036  -2.349  -57.318  86.942 0.1250000000
128867  -29.899  -36.662  72.956 0.1250000000
33879  -5.370  -63.717  86.856 0.1250000000
32991  -4.698  -64.342  87.051 0.1250000000
34737  -3.098  -62.683  87.413 0.1250000000
34738  -3.911  -62.756  87.397 0.1250000000
34739  -4.837  -62.703  86.949 0.1250000000
35704  -6.334  -61.768  86.295 0.1250000000
34748  -5.616  -62.182  86.646 0.1250000000
34750  -7.242  -62.358  86.107 0.1250000000
125833  -7.054  -61.393  85.998 0.1250000000
35705  -7.873  -61.818  85.733 0.1250000000
132960  -7.660  -61.073  85.661 0.1250000000
43177  -23.114  -53.573  78.227 0.1250000000
44126  -22.642  -52.899  77.694 0.1250000000
44127  -23.511  -52.760  77.872 0.1250000000
42140  -11.820  -52.194  94.939 0.1250000000
42144  -11.342  -52.595  94.578 0.1250000000
130370  -10.662  -52.703  94.193 0.1250000000
140039  -9.987  -53.044  94.155 0.1250000000
43030  -11.797  -51.986  94.498 0.1250000000
146763  -9.970  -52.783  94.049 0.1250000000
43029  -11.349  -52.324  94.016 0.1250000000
42146  -9.343  -52.577  93.082 0.1250000000
43036  -10.868  -52.143  93.143 0.1250000000
65868  -39.781  -29.694  67.666 0.1250000000
131217  -39.346  -28.925  67.649 0.1250000000
131996  -40.269  -28.917  67.645 0.1250000000
70451  -45.210  -24.971  76.012 0.1250000000
127292  -44.402  -25.024  75.499 0.1250000000
69539  -46.214  -25.767  76.798 0.1250000000
143899  -45.940  -24.977  76.474 0.1250000000
141812  -46.303  -24.326  76.469 0.1250000000
71355  -45.720  -23.333  75.518 0.1250000000
70453  -46.282  -23.593  76.191 0.1250000000
70526  -48.635  -24.445  64.348 0.1250000000
71437  -51.793  -23.286  64.901 0.1250000000
71434  -52.248  -22.946  65.396 0.1250000000
74802  -53.223  -18.909  72.268 0.1250000000
75728  -53.606  -18.574  72.951 0.1250000000
75729  -54.204  -18.383  73.165 0.1250000000
126035  -53.592  -19.161  71.848 0.1250000000
135071  -54.682  -18.399  72.636 0.1250000000
73967  -53.634  -19.420  71.197 0.1250000000
74805  -54.996  -18.731  71.984 0.1250000000
143637  -55.556  -17.818  71.826 0.1250000000
76615  -54.742  -17.744  73.707 0.1250000000
75716  -55.074  -17.946  72.750 0.1250000000
76638  -55.524  -17.113  72.052 0.1250000000
77504  -55.787  -16.200  71.612 0.1250000000
77480  -55.347  -16.540  72.954 0.1250000000
78349  -55.532  -15.430  72.651 0.1250000000
78364  -55.789  -15.246  71.869 0.1250000000
78379  -56.059  -15.189  71.024 0.1250000000
79230  -55.630  -14.319  72.179 0.1250000000
80172  -55.387  -13.495  71.044 0.1250000000
80160  -55.202  -12.819  71.440 0.1250000000
133494  -55.460  -13.351  72.535 0.1250000000
78348  -55.221  -15.675  73.242 0.1250000000
143575  -55.539  -13.545  71.700 0.1250000000
79251  -55.662  -13.977  70.360 0.1250000000
136498  -55.475  -13.799  70.400 0.1250000000
138837  -21.803  -52.839  77.576 0.1250000000
66825  -40.730  -28.285  67.479 0.1250000000
70515  -46.175  -23.742  65.031 0.1250000000
139424  -47.222  -24.243  64.743 0.1250000000
70525  -47.796  -24.414  64.602 0.1250000000
70452  -45.744  -24.193  76.004 0.1250000000
45150  -24.217  -51.127  77.131 0.1250000000
133005  -2.482  -63.050  86.925 0.1250000000
71435  -52.915  -22.804  65.120 0.1250000000
50248  -29.767  -45.785  94.464 0.1250000000
69551  -44.821  -25.984  75.994 0.1250000000
135395  -29.392  -45.220  95.305 0.1250000000
74821  -54.691  -19.095  71.530 0.1250000000
79242  -56.031  -14.430  70.312 0.1250000000
76625  -55.332  -17.256  72.630 0.1250000000
139093  -54.188  -18.592  72.690 0.1250000000
33878  -4.379  -63.491  87.066 0.1250000000
42147  -10.054  -52.592  93.542 0.1250000000
65869  -40.605  -29.660  67.866 0.1250000000
69538  -45.564  -25.666  76.411 0.1250000000
75703  -54.304  -18.288  73.790 0.1250000000
75715  -54.672  -18.093  73.191 0.1250000000
77479  -55.018  -16.799  73.519 0.1250000000
36744  -2.467  -60.856  85.161 0.1250000000
38482  -3.275  -57.073  92.398 0.1250000000
38484  -5.509  -56.664  92.828 0.1250000000
43015  -14.448  -51.551  95.428 0.1250000000
43051  -22.540  -50.644  91.860 0.2500000000
43053  -23.495  -50.549  91.384 0.3750000000
43916  -15.993  -50.669  96.002 0.1250000000
43917  -17.013  -50.305  95.893 0.1250000000
43948  -25.378  -50.152  93.429 0.2500000000
43959  -21.857  -50.642  93.302 0.1250000000
43960  -22.844  -50.680  93.135 0.2500000000
43961  -24.103  -50.491  92.989 0.2500000000
43963  -25.363  -50.217  92.748 0.2500000000
43973  -21.441  -50.547  92.441 0.2500000000
43975  -23.213  -50.655  92.250 0.2500000000
44004  -22.870  -50.540  90.470 0.3750000000
44056  -22.492  -50.544  86.936 0.8750000000
44934  -15.769  -50.028  96.802 0.1250000000
44948  -19.202  -49.748  96.104 0.1250000000
44957  -20.533  -50.219  95.136 0.1250000000
44961  -25.076  -49.829  94.261 0.2500000000
44966  -23.789  -50.323  93.892 0.2500000000
44968  -25.309  -50.110  93.996 0.2500000000
44970  -26.503  -49.644  93.726 0.2500000000
44974  -26.603  -49.668  93.230 0.2500000000
44978  -26.681  -49.610  92.863 0.2500000000
44991  -26.583  -49.555  92.478 0.3750000000
45026  -24.211  -49.785  89.020 0.7500000000
45055  -24.312  -49.280  87.115 1.0000000000
45090  -23.308  -49.477  84.288 1.0000000000
45868  -22.191  -49.319  95.351 0.1250000000
45874  -24.589  -49.452  94.433 0.2500000000
45877  -26.813  -49.143  94.354 0.2500000000
45882  -27.451  -49.058  93.598 0.1250000000
45886  -27.498  -48.981  93.201 0.2500000000
45898  -27.014  -49.211  92.371 0.3750000000
45920  -25.777  -49.189  91.005 0.6250000000
45932  -24.962  -49.010  89.461 0.8750000000
45933  -25.200  -48.485  89.440 0.8750000000
45960  -24.510  -48.980  87.427 1.0000000000
45971  -24.422  -48.957  86.846 1.0000000000
46784  -17.640  -49.066  96.445 0.1250000000
46801  -27.244  -47.905  94.802 0.1250000000
46802  -27.565  -48.111  94.782 0.1250000000
46811  -26.636  -48.798  94.527 0.2500000000
46812  -27.231  -48.720  94.448 0.2500000000
46814  -28.357  -48.288  94.233 0.1250000000
46816  -27.901  -48.668  93.541 0.2500000000
46820  -27.795  -48.669  93.222 0.3750000000
46824  -27.701  -48.611  92.744 0.3750000000
46833  -27.629  -48.375  92.083 0.5000000000
46834  -27.934  -48.280  92.582 0.3750000000
46857  -26.324  -47.694  89.776 0.8750000000
46899  -24.386  -48.975  86.102 1.0000000000
46913  -24.201  -48.826  85.287 1.0000000000
46924  -24.149  -48.751  84.454 1.0000000000
47694  -26.657  -48.290  94.629 0.2500000000
47709  -28.606  -48.084  93.837 0.3750000000
47712  -28.548  -47.765  93.057 0.3750000000
47724  -27.913  -47.491  91.523 0.6250000000
48566  -29.053  -47.353  94.568 0.2500000000
48567  -29.311  -47.085  94.152 0.2500000000
48576  -28.558  -47.444  92.607 0.5000000000
48589  -28.431  -46.622  91.689 0.6250000000
50241  -29.029  -45.701  95.473 0.2500000000
50242  -29.482  -45.813  95.132 0.2500000000
50396  -22.802  -45.355  80.535 0.7500000000
51261  -22.665  -43.927  82.106 0.8750000000
51262  -22.605  -44.649  82.433 1.0000000000
52225  -32.140  -41.579  89.854 0.3750000000
52242  -31.140  -41.666  88.969 0.3750000000
52253  -31.668  -41.247  87.982 0.3750000000
52304  -29.602  -41.359  84.685 1.0000000000
52416  -27.969  -43.399  73.304 0.1250000000
53252  -32.775  -41.061  88.734 0.2500000000
53267  -32.249  -40.950  87.247 0.2500000000
53268  -32.590  -40.727  86.819 0.3750000000
53276  -32.466  -40.860  86.017 0.5000000000
53289  -31.591  -40.859  84.780 0.8750000000
53335  -30.331  -41.141  83.417 1.0000000000
53350  -30.478  -40.873  82.842 1.0000000000
53361  -30.131  -40.876  82.088 1.0000000000
54288  -33.173  -41.023  89.619 0.1250000000
54383  -30.281  -40.361  81.608 1.0000000000
54442  -28.040  -40.527  78.565 0.8750000000
54502  -26.591  -40.812  72.990 0.2500000000
55355  -31.859  -39.806  83.536 0.8750000000
55367  -31.439  -39.533  82.843 1.0000000000
55392  -30.146  -39.242  80.686 1.0000000000
56314  -33.269  -39.176  86.044 0.5000000000
56320  -33.205  -39.245  85.050 0.6250000000
56369  -30.558  -39.028  81.240 1.0000000000
57326  -32.752  -38.291  84.089 0.6250000000
57327  -33.020  -39.220  84.270 0.7500000000
57342  -32.553  -38.957  83.712 0.7500000000
57354  -31.128  -38.444  82.561 0.7500000000
57380  -30.215  -38.521  80.320 1.0000000000
57427  -25.804  -38.372  73.559 0.3750000000
58253  -30.352  -37.317  87.337 0.1250000000
58278  -31.423  -37.642  84.616 0.3750000000
58297  -30.650  -38.143  81.914 1.0000000000
58350  -37.957  -35.771  74.028 0.7500000000
58363  -37.849  -35.777  73.499 0.7500000000
59133  -29.551  -36.781  84.224 0.5000000000
59182  -38.929  -35.600  75.907 0.6250000000
59207  -39.048  -35.667  75.174 0.7500000000
59208  -39.380  -35.557  74.967 0.6250000000
59239  -38.223  -35.693  73.190 0.7500000000
60103  -25.625  -36.047  73.923 0.5000000000
60106  -36.460  -35.428  74.270 0.7500000000
60107  -37.090  -35.516  74.537 0.7500000000
60108  -39.782  -35.159  74.584 0.6250000000
60137  -38.612  -35.014  72.276 0.8750000000
61025  -40.855  -34.560  76.199 0.3750000000
61036  -37.364  -34.691  75.507 0.7500000000
61052  -40.177  -34.489  74.160 0.6250000000
61083  -34.350  -33.645  71.706 0.7500000000
61086  -39.866  -34.202  72.787 0.7500000000
61109  -39.499  -34.084  72.330 0.8750000000
62012  -28.120  -33.138  77.574 0.7500000000
62039  -35.009  -32.449  75.782 0.8750000000
62041  -36.379  -33.823  75.377 0.8750000000
62056  -40.656  -33.297  74.106 0.3750000000
63040  -34.999  -31.844  76.625 0.8750000000
63128  -39.893  -32.981  72.374 0.5000000000
63943  -32.426  -30.874  77.947 0.8750000000
67714  -37.550  -27.007  70.694 0.7500000000
67747  -36.926  -27.971  69.292 0.6250000000
68602  -41.696  -25.880  74.515 0.6250000000
68659  -37.377  -26.715  69.768 0.6250000000
70478  -41.566  -24.270  72.590 0.7500000000
71386  -42.241  -23.188  71.901 0.7500000000
73154  -47.058  -21.252  68.301 0.6250000000
73936  -46.449  -20.803  75.043 0.1250000000
73968  -54.266  -19.416  70.978 0.2500000000
73994  -55.209  -20.014  69.199 0.3750000000
74803  -53.900  -18.892  72.341 0.1250000000
74804  -54.471  -18.838  72.220 0.1250000000
74830  -47.585  -19.366  70.276 0.7500000000
74845  -56.165  -19.371  68.341 0.3750000000
75699  -51.615  -18.051  74.009 0.1250000000
75730  -55.200  -18.246  72.254 0.1250000000
76532  -50.956  -16.718  79.695 0.1250000000
76616  -55.074  -17.479  73.136 0.1250000000
76623  -49.226  -17.869  72.782 0.3750000000
76650  -56.416  -17.734  69.596 0.2500000000
76681  -53.244  -17.362  65.485 0.1250000000
76682  -54.838  -16.835  64.660 0.1250000000
76695  -54.248  -17.568  63.509 0.1250000000
77489  -55.546  -16.331  72.328 0.1250000000
77505  -56.162  -16.161  70.869 0.2500000000
77530  -52.881  -16.519  67.562 0.2500000000
77533  -56.344  -15.919  67.566 0.3750000000
77552  -56.019  -16.491  65.019 0.2500000000
78385  -56.391  -15.428  69.610 0.1250000000
78404  -54.294  -15.477  68.453 0.2500000000
78405  -55.181  -15.021  68.511 0.1250000000
78412  -55.515  -15.638  67.348 0.3750000000
78413  -55.884  -15.597  67.390 0.2500000000
79241  -55.769  -14.202  71.161 0.1250000000
123408  -30.767  -41.655  88.430 0.3750000000
123570  -22.737  -50.411  88.239 0.7500000000
123837  -23.778  -50.328  90.236 0.5000000000
124148  -30.722  -40.978  84.004 1.0000000000
124224  -33.080  -41.104  89.297 0.2500000000
124232  -43.663  -27.930  75.802 0.2500000000
124800  -51.330  -19.199  71.171 0.2500000000
126735  -25.591  -50.167  92.385 0.2500000000
127252  -23.330  -50.265  87.380 0.8750000000
130451  -55.654  -14.097  69.876 0.1250000000
130951  -43.477  -21.903  70.201 0.7500000000
131726  -38.769  -35.358  72.832 0.7500000000
133473  -16.993  -48.588  96.528 0.1250000000
134856  -28.305  -46.587  95.483 0.1250000000
135149  -28.796  -47.453  94.833 0.2500000000
136994  -39.497  -30.038  72.841 0.7500000000
138909  -28.556  -47.960  93.457 0.3750000000
139944  -26.875  -45.638  89.476 1.0000000000
140908  -19.578  -50.570  93.960 0.2500000000
141034  -32.202  -40.975  85.570 0.5000000000
141039  -54.680  -21.288  66.096 0.2500000000
141431  -29.392  -42.219  89.362 0.7500000000
142033  -22.872  -50.681  92.561 0.2500000000
143153  -40.832  -33.362  74.708 0.5000000000
144385  -32.958  -40.430  86.798 0.5000000000
144902  -55.834  -14.216  69.888 0.1250000000
144917  -38.975  -34.956  72.476 0.8750000000
146051  -54.855  -21.134  65.139 0.2500000000
147208  -26.643  -42.351  86.656 1.0000000000
147268  -32.735  -38.200  86.279 0.2500000000
147362  -42.560  -28.953  75.489 0.2500000000
147901  -19.693  -50.165  95.610 0.1250000000
147943  -55.341  -17.740  72.358 0.1250000000
148210  -29.240  -46.627  95.125 0.2500000000
148279  -31.874  -41.006  85.210 0.7500000000
148602  -29.525  -39.040  79.521 1.0000000000
