#!ascii label  , from subject sub-01 vox2ras=TkReg
4380
34760  -1.473  -62.670  85.761 0.1250000000
33885  -1.430  -63.680  86.211 0.1250000000
33889  -1.371  -63.423  85.909 0.1250000000
125085  -1.994  -63.076  86.730 0.1250000000
33893  -1.700  -63.244  85.553 0.1250000000
133603  -2.266  -63.950  85.204 0.1250000000
32991  -4.698  -64.342  87.051 0.1250000000
33001  -3.039  -64.027  84.505 0.1250000000
34770  -3.976  -62.989  84.030 0.1250000000
33879  -5.370  -63.717  86.856 0.1250000000
34740  -5.719  -62.961  86.657 0.1250000000
35736  -4.861  -61.766  83.527 0.2500000000
34749  -6.413  -62.658  86.440 0.1250000000
34779  -4.905  -62.579  82.713 0.2500000000
35745  -5.206  -61.750  82.361 0.2500000000
35746  -5.574  -60.855  82.234 0.2500000000
34750  -7.242  -62.358  86.107 0.1250000000
34787  -4.812  -62.488  81.974 0.2500000000
35755  -5.107  -61.300  81.558 0.3750000000
36761  -5.745  -60.128  82.101 0.2500000000
35705  -7.873  -61.818  85.733 0.1250000000
35717  -8.356  -61.230  85.511 0.1250000000
36768  -5.378  -60.456  81.497 0.2500000000
37765  -5.338  -59.107  80.912 0.2500000000
39596  -5.332  -58.305  80.556 0.3750000000
39605  -5.860  -57.428  80.635 0.3750000000
39606  -6.338  -56.706  80.712 0.5000000000
40525  -5.289  -56.696  80.208 0.3750000000
41394  -5.957  -56.031  80.335 0.5000000000
40524  -3.990  -56.578  79.818 0.3750000000
35716  -1.458  -62.142  85.832 0.1250000000
130881  -1.569  -63.092  86.430 0.1250000000
34735  -1.899  -62.352  86.889 0.1250000000
33876  -2.159  -64.007  86.775 0.1250000000
33877  -2.964  -63.658  87.043 0.1250000000
146235  -3.602  -63.312  87.186 0.1250000000
34769  -1.928  -62.490  85.406 0.1250000000
129591  -3.837  -64.112  87.088 0.1250000000
33878  -4.379  -63.491  87.066 0.1250000000
34738  -3.911  -62.756  87.397 0.2500000000
136142  -2.958  -62.440  84.865 0.1250000000
35735  -3.987  -62.079  84.290 0.1250000000
35727  -3.148  -61.425  84.929 0.1250000000
35728  -4.117  -61.159  84.398 0.2500000000
134651  -4.822  -60.915  83.855 0.2500000000
34748  -5.616  -62.182  86.646 0.1250000000
35704  -6.334  -61.768  86.295 0.1250000000
36754  -5.628  -60.232  82.915 0.3750000000
37750  -6.076  -59.490  82.671 0.3750000000
125833  -7.054  -61.393  85.998 0.1250000000
37751  -6.370  -59.060  82.025 0.3750000000
39593  -6.841  -57.788  82.368 0.3750000000
132960  -7.660  -61.073  85.661 0.1250000000
141609  -8.015  -60.828  85.432 0.1250000000
38653  -6.037  -58.791  81.380 0.2500000000
123280  -6.751  -57.238  81.375 0.5000000000
36732  -8.403  -60.471  85.235 0.1250000000
39597  -6.414  -58.067  81.260 0.3750000000
132605  -6.680  -55.490  80.591 0.5000000000
41393  -4.796  -55.903  79.843 0.5000000000
42262  -6.709  -54.639  80.392 0.6250000000
40530  -2.787  -56.418  79.483 0.3750000000
42273  -4.873  -54.461  79.754 0.5000000000
43151  -6.825  -53.754  80.193 0.6250000000
41403  -4.257  -55.084  79.705 0.3750000000
42281  -2.246  -54.980  78.850 0.2500000000
42286  -2.562  -54.916  78.232 0.2500000000
36648  -4.048  -59.628  89.898 0.2500000000
36670  -4.213  -60.104  89.100 0.2500000000
36649  -4.551  -59.392  89.571 0.2500000000
36630  -4.572  -59.072  90.075 0.3750000000
136538  -1.408  -60.345  86.187 0.1250000000
125956  -1.493  -62.285  86.320 0.1250000000
35692  -2.105  -61.713  87.485 0.1250000000
34736  -2.431  -62.316  87.358 0.1250000000
34722  -3.022  -61.869  87.994 0.2500000000
35679  -3.673  -61.446  88.091 0.2500000000
36688  -4.076  -60.680  88.401 0.2500000000
36671  -4.731  -59.348  89.072 0.2500000000
35725  -1.675  -61.907  85.611 0.1250000000
35693  -4.171  -62.014  87.632 0.2500000000
36689  -4.676  -60.094  88.391 0.3750000000
36743  -1.866  -60.915  85.403 0.1250000000
35694  -4.890  -61.670  87.191 0.2500000000
36745  -3.185  -60.395  84.850 0.1250000000
34739  -4.837  -62.703  86.949 0.2500000000
36704  -5.047  -60.689  87.578 0.1250000000
37739  -4.735  -59.634  84.340 0.3750000000
38609  -4.820  -58.370  84.598 0.3750000000
123697  -5.591  -61.238  86.821 0.1250000000
36717  -6.320  -60.697  86.585 0.1250000000
36753  -5.226  -60.319  83.784 0.3750000000
37740  -5.542  -59.595  83.668 0.3750000000
38627  -6.385  -57.956  83.461 0.3750000000
36718  -7.061  -60.505  86.134 0.1250000000
37690  -7.185  -59.710  86.130 0.1250000000
39585  -6.563  -57.071  83.314 0.3750000000
140239  -7.061  -56.628  82.404 0.5000000000
40518  -7.032  -56.509  81.370 0.5000000000
37706  -7.796  -59.642  85.538 0.1250000000
41385  -7.255  -55.792  81.306 0.5000000000
41395  -7.315  -54.997  80.942 0.5000000000
43141  -8.069  -53.691  81.036 0.5000000000
42263  -7.461  -54.169  80.714 0.6250000000
43142  -8.157  -52.873  80.784 0.6250000000
43152  -7.616  -53.346  80.459 0.6250000000
44103  -7.686  -52.516  80.247 0.6250000000
43164  -5.911  -53.178  79.836 0.6250000000
43165  -6.982  -52.909  79.915 0.6250000000
45113  -7.705  -51.601  80.178 0.6250000000
41401  -2.179  -55.596  79.058 0.2500000000
42271  -2.772  -54.661  79.293 0.3750000000
42272  -3.765  -54.245  79.568 0.5000000000
43163  -4.812  -53.649  79.721 0.5000000000
146061  -5.593  -52.594  79.732 0.5000000000
45125  -7.027  -52.070  79.811 0.6250000000
43160  -2.547  -54.278  78.804 0.2500000000
43161  -3.097  -53.737  79.190 0.5000000000
137266  -2.489  -54.438  78.398 0.2500000000
38493  -2.977  -57.462  91.693 0.7500000000
39457  -3.300  -56.570  92.546 0.8750000000
37631  -2.771  -58.947  89.983 0.7500000000
37621  -2.890  -58.561  90.654 0.8750000000
37611  -3.099  -58.152  91.444 0.7500000000
37602  -3.394  -57.652  92.159 0.7500000000
37603  -3.892  -57.767  92.489 0.8750000000
145404  -2.399  -59.946  88.470 0.5000000000
37646  -2.502  -59.313  88.845 0.6250000000
37647  -2.674  -59.409  89.363 0.6250000000
36646  -2.863  -59.488  89.742 0.6250000000
37632  -3.104  -59.158  90.243 0.8750000000
37622  -3.519  -58.709  90.932 0.6250000000
129777  -4.109  -58.541  91.412 0.7500000000
37613  -4.316  -58.072  92.028 0.7500000000
36687  -2.271  -60.475  88.135 0.3750000000
36668  -2.789  -60.043  89.242 0.5000000000
36647  -3.290  -59.694  89.818 0.5000000000
37633  -3.645  -59.264  90.291 0.6250000000
36629  -4.232  -58.926  90.659 0.6250000000
146013  -4.666  -57.871  91.785 0.7500000000
35676  -1.909  -61.102  87.596 0.1250000000
35661  -2.586  -60.540  88.499 0.2500000000
140360  -2.952  -60.561  88.781 0.3750000000
36669  -3.437  -60.166  89.268 0.3750000000
124616  -4.580  -58.259  91.290 0.7500000000
35691  -1.669  -61.648  86.949 0.1250000000
35678  -2.825  -61.169  88.319 0.2500000000
35662  -3.463  -60.752  88.535 0.3750000000
147280  -4.822  -58.080  91.067 0.6250000000
37624  -5.008  -57.881  91.001 0.7500000000
37704  -1.706  -59.754  85.670 0.2500000000
37705  -1.966  -59.464  85.539 0.3750000000
39555  -2.578  -58.276  85.820 0.5000000000
136079  -2.290  -60.167  85.178 0.2500000000
37724  -2.828  -59.679  85.098 0.3750000000
38607  -3.365  -59.087  85.155 0.5000000000
39571  -4.216  -57.813  85.004 0.5000000000
37725  -3.714  -59.646  84.753 0.3750000000
38608  -4.203  -59.002  84.703 0.5000000000
135996  -4.505  -56.152  85.226 0.6250000000
127193  -5.659  -57.979  84.181 0.3750000000
40482  -5.190  -56.510  84.721 0.5000000000
41349  -5.640  -55.875  84.427 0.5000000000
40496  -6.084  -56.461  84.028 0.5000000000
41363  -6.312  -55.813  83.854 0.5000000000
40497  -6.685  -56.390  83.380 0.5000000000
42223  -7.273  -55.082  82.977 0.5000000000
42239  -7.586  -54.778  82.169 0.6250000000
42252  -7.702  -54.463  81.350 0.5000000000
44104  -8.139  -52.174  80.599 0.6250000000
132241  -8.005  -50.917  80.459 0.7500000000
43162  -3.849  -53.212  79.524 0.3750000000
44113  -4.796  -52.690  79.669 0.5000000000
128388  -5.396  -52.104  79.615 0.5000000000
46052  -6.268  -50.656  79.666 0.6250000000
46053  -7.369  -50.634  79.952 0.6250000000
148315  -7.425  -49.978  80.016 0.6250000000
125037  -3.280  -52.883  79.135 0.3750000000
43174  -2.499  -53.670  78.137 0.3750000000
44111  -2.819  -53.126  78.608 0.3750000000
39471  -2.459  -56.547  91.397 1.0000000000
39472  -2.941  -56.871  91.888 0.7500000000
38512  -2.448  -57.880  90.054 0.8750000000
39497  -2.258  -57.059  90.443 0.8750000000
38502  -2.445  -57.487  90.628 0.8750000000
38492  -2.563  -57.182  91.238 0.8750000000
39443  -3.475  -56.264  93.002 0.8750000000
38524  -2.498  -58.319  89.370 0.7500000000
37630  -2.614  -58.694  89.646 0.7500000000
38513  -2.623  -58.270  90.319 0.8750000000
38503  -2.659  -57.915  91.024 0.8750000000
37593  -3.609  -57.289  92.844 0.8750000000
38471  -3.847  -56.938  93.335 0.8750000000
143187  -2.493  -58.677  88.677 0.6250000000
37594  -4.076  -57.381  93.034 0.8750000000
126631  -4.147  -56.507  93.651 0.8750000000
37676  -1.941  -59.706  87.331 0.6250000000
38541  -2.310  -59.207  88.011 0.5000000000
136308  -2.189  -56.097  89.080 0.8750000000
131775  -2.409  -56.156  88.088 0.8750000000
37604  -4.339  -57.643  92.586 0.7500000000
141337  -4.697  -57.283  92.900 0.7500000000
38556  -2.001  -58.898  87.044 0.5000000000
134159  -2.284  -56.908  88.531 0.8750000000
37605  -4.756  -57.513  92.262 0.7500000000
38483  -5.122  -57.067  92.668 0.8750000000
127878  -1.999  -58.583  86.249 0.7500000000
36716  -1.641  -60.185  86.874 0.2500000000
37614  -4.895  -57.696  91.610 0.7500000000
38494  -5.150  -57.065  92.250 0.7500000000
39554  -2.344  -58.311  85.990 0.7500000000
39556  -2.910  -57.332  85.816 0.6250000000
40469  -3.277  -56.464  85.799 0.6250000000
41333  -3.650  -55.736  85.748 0.6250000000
39569  -2.994  -58.514  85.494 0.6250000000
39570  -3.411  -57.134  85.556 0.6250000000
40480  -3.869  -56.322  85.537 0.6250000000
42211  -5.761  -55.109  84.501 0.5000000000
146094  -6.904  -54.543  83.513 0.5000000000
42224  -7.453  -54.283  82.935 0.5000000000
43127  -7.886  -53.834  82.011 0.6250000000
44096  -8.293  -53.005  81.511 0.7500000000
46007  -8.406  -51.116  82.445 0.7500000000
45105  -8.488  -51.370  81.512 0.7500000000
46022  -8.634  -50.502  81.744 0.7500000000
46036  -8.444  -50.714  80.954 0.7500000000
128833  -8.606  -49.878  81.087 0.6250000000
47805  -8.521  -48.585  82.014 0.6250000000
146038  -8.234  -49.357  80.591 0.6250000000
125027  -4.582  -51.947  79.502 0.5000000000
130190  -5.433  -50.919  79.492 0.6250000000
46034  -6.633  -49.873  79.779 0.6250000000
44112  -3.184  -52.187  78.847 0.5000000000
45122  -4.155  -51.357  79.322 0.5000000000
46051  -5.204  -50.214  79.561 0.6250000000
145375  -5.909  -50.068  79.685 0.6250000000
47844  -6.203  -48.990  79.813 0.6250000000
45134  -3.063  -51.499  78.474 0.5000000000
45121  -3.558  -51.223  78.970 0.6250000000
44122  -2.565  -52.757  77.981 0.3750000000
44123  -2.823  -52.279  78.396 0.2500000000
39456  -2.970  -56.268  92.032 0.8750000000
40369  -3.154  -55.296  92.884 0.8750000000
40389  -1.977  -56.218  91.196 1.0000000000
40374  -2.856  -55.585  92.326 0.8750000000
40375  -3.307  -55.979  92.679 0.8750000000
141602  -1.837  -56.410  90.750 1.0000000000
41279  -1.567  -55.726  90.648 1.0000000000
123593  -1.980  -54.990  92.023 1.0000000000
39508  -2.351  -57.439  89.809 0.8750000000
40415  -2.213  -56.864  89.500 0.8750000000
123019  -1.902  -56.091  90.006 0.8750000000
131963  -1.561  -55.360  89.998 1.0000000000
130814  -1.818  -54.028  90.091 1.0000000000
38472  -4.504  -56.806  93.396 0.8750000000
42166  -1.633  -54.569  89.639 1.0000000000
43067  -1.991  -53.638  89.283 1.0000000000
130507  -2.278  -52.892  89.027 1.0000000000
37595  -5.212  -56.791  93.145 0.8750000000
133481  -2.466  -58.409  87.878 0.7500000000
39526  -2.464  -57.583  87.789 0.8750000000
40443  -2.392  -56.876  87.641 0.8750000000
130967  -2.029  -53.567  88.308 0.8750000000
43074  -2.112  -53.107  88.670 1.0000000000
134212  -2.163  -58.092  86.943 0.7500000000
124036  -2.349  -57.318  86.942 0.7500000000
40454  -2.518  -56.449  87.046 0.8750000000
42187  -2.812  -54.703  87.362 0.8750000000
133255  -3.096  -54.038  87.018 0.7500000000
37615  -5.236  -57.231  91.666 0.7500000000
141976  -2.485  -57.132  86.446 0.7500000000
41320  -2.995  -55.961  86.333 0.8750000000
42188  -3.180  -55.110  86.650 0.6250000000
43097  -3.416  -53.378  86.645 0.7500000000
134981  -3.808  -53.697  85.918 0.7500000000
39540  -2.352  -57.850  86.364 0.6250000000
40467  -2.628  -57.470  86.074 0.6250000000
43103  -4.270  -53.468  85.559 0.6250000000
41347  -4.222  -55.382  85.398 0.6250000000
42209  -4.221  -54.308  85.506 0.6250000000
128752  -4.598  -52.923  85.305 0.6250000000
43104  -4.768  -53.777  85.223 0.6250000000
140072  -5.228  -53.196  84.839 0.5000000000
44072  -6.362  -52.021  84.515 0.7500000000
42210  -4.896  -54.727  85.094 0.6250000000
123673  -5.480  -54.107  84.743 0.5000000000
43105  -6.048  -53.485  84.363 0.5000000000
43115  -6.824  -53.827  83.680 0.5000000000
45078  -7.606  -51.008  84.008 0.7500000000
44080  -7.751  -52.504  83.172 0.6250000000
45990  -7.834  -50.069  83.922 0.7500000000
126656  -8.117  -53.024  82.384 0.6250000000
46006  -8.204  -50.667  83.274 0.7500000000
145088  -8.509  -50.336  82.547 0.7500000000
46918  -7.930  -49.159  83.705 0.7500000000
46944  -8.668  -49.578  82.082 0.6250000000
46929  -8.387  -48.929  82.925 0.6250000000
46962  -8.599  -49.001  81.145 0.6250000000
47830  -7.993  -48.499  80.403 0.6250000000
46983  -4.674  -49.452  79.401 0.6250000000
47829  -6.919  -48.317  79.851 0.6250000000
46961  -7.416  -49.297  80.083 0.6250000000
124851  -3.970  -50.683  79.196 0.6250000000
46050  -4.271  -50.101  79.297 0.6250000000
46984  -5.580  -49.545  79.662 0.6250000000
46063  -3.371  -50.615  78.472 0.5000000000
137167  -2.860  -50.953  77.965 0.3750000000
42141  -2.727  -54.384  92.768 1.0000000000
42145  -2.363  -54.621  92.503 1.0000000000
41258  -3.055  -54.663  93.025 0.8750000000
40370  -3.447  -55.629  93.189 0.8750000000
124323  -1.663  -55.246  91.250 1.0000000000
43047  -2.218  -53.821  91.597 1.0000000000
39436  -3.661  -56.011  93.428 1.0000000000
39438  -4.158  -56.088  93.970 1.0000000000
42159  -1.538  -54.914  90.447 1.0000000000
43058  -2.050  -53.470  90.633 1.0000000000
43980  -2.474  -52.945  91.093 1.0000000000
141977  -2.744  -52.217  90.711 1.0000000000
38458  -4.565  -56.269  93.872 0.8750000000
44010  -2.394  -52.273  89.224 1.0000000000
44996  -2.532  -51.821  89.895 1.0000000000
45896  -2.972  -50.527  90.253 1.0000000000
42180  -2.228  -54.394  88.041 0.8750000000
43089  -2.277  -52.589  87.835 0.8750000000
44038  -2.204  -52.033  88.175 1.0000000000
126393  -2.282  -51.673  88.419 1.0000000000
131980  -2.513  -49.870  89.041 1.0000000000
45905  -2.568  -50.345  89.369 1.0000000000
38484  -5.509  -56.664  92.828 0.8750000000
134734  -3.254  -52.493  87.038 0.7500000000
45035  -2.423  -51.445  88.121 1.0000000000
45953  -2.696  -50.962  87.922 1.0000000000
141149  -2.767  -50.303  88.116 1.0000000000
39474  -6.037  -56.123  92.316 0.7500000000
125979  -3.725  -52.722  86.380 0.7500000000
44069  -4.147  -52.815  85.784 0.7500000000
46877  -3.099  -50.333  87.653 1.0000000000
136388  -3.901  -52.072  86.149 0.7500000000
46878  -3.568  -49.862  87.107 1.0000000000
44070  -4.501  -52.086  85.614 0.8750000000
45063  -4.672  -51.244  85.726 1.0000000000
131370  -5.958  -51.502  84.999 0.7500000000
45978  -6.290  -50.732  85.067 0.8750000000
46907  -7.372  -49.427  84.414 0.7500000000
47784  -7.721  -48.414  84.360 0.7500000000
47795  -8.091  -48.467  83.538 0.7500000000
140130  -8.339  -48.039  82.841 0.6250000000
47785  -8.143  -47.905  83.697 0.7500000000
140904  -8.505  -47.905  81.919 0.6250000000
144077  -6.530  -46.339  80.139 0.6250000000
48670  -7.348  -47.049  80.296 0.6250000000
48661  -8.441  -47.452  81.370 0.6250000000
48668  -5.033  -47.254  79.690 0.6250000000
47828  -5.682  -48.103  79.670 0.6250000000
48669  -6.349  -47.354  79.903 0.6250000000
128132  -7.409  -47.773  80.128 0.6250000000
48682  -4.610  -47.932  79.452 0.6250000000
46982  -4.102  -49.494  79.076 0.6250000000
46049  -3.804  -50.138  78.897 0.6250000000
46999  -3.548  -49.713  78.422 0.5000000000
46072  -2.958  -50.554  77.200 0.3750000000
42142  -2.864  -54.259  92.891 1.0000000000
43027  -2.589  -54.203  92.714 1.0000000000
42137  -3.151  -54.321  93.154 1.0000000000
129925  -3.374  -54.639  93.444 1.0000000000
41254  -3.875  -55.040  94.171 1.0000000000
43964  -2.618  -53.139  91.822 1.0000000000
43950  -3.231  -52.913  92.618 1.0000000000
40365  -3.729  -55.478  93.788 1.0000000000
40366  -4.048  -55.464  94.146 1.0000000000
146253  -2.798  -52.532  91.403 1.0000000000
43965  -2.997  -52.441  91.938 1.0000000000
45897  -3.340  -49.951  90.911 1.0000000000
38459  -5.296  -56.332  93.691 0.8750000000
142332  -2.689  -52.294  87.462 0.8750000000
46847  -2.498  -49.974  88.812 1.0000000000
46831  -2.974  -49.591  90.199 1.0000000000
39444  -6.166  -55.839  93.567 1.0000000000
44060  -3.514  -52.013  86.832 0.8750000000
45047  -2.749  -51.495  87.658 0.8750000000
128961  -3.029  -49.230  88.309 1.0000000000
145354  -2.839  -48.971  89.408 1.0000000000
137809  -6.192  -55.902  92.945 0.8750000000
45061  -3.677  -51.498  86.609 0.8750000000
45954  -3.114  -51.044  87.423 1.0000000000
47746  -3.413  -48.847  87.894 1.0000000000
48605  -3.311  -48.620  88.532 1.0000000000
40376  -6.514  -55.505  92.879 0.6250000000
45062  -4.065  -51.382  86.067 1.0000000000
46892  -3.842  -50.143  86.496 1.0000000000
46879  -3.939  -49.452  86.698 1.0000000000
48607  -4.117  -48.098  87.886 1.0000000000
40390  -6.304  -55.651  91.271 0.5000000000
45967  -4.836  -50.435  85.784 1.0000000000
46893  -4.331  -49.724  86.108 1.0000000000
47755  -4.339  -48.990  86.463 1.0000000000
48615  -4.443  -48.422  87.097 0.8750000000
46905  -5.679  -50.201  85.545 0.8750000000
47768  -4.914  -49.072  85.910 0.7500000000
47756  -5.090  -48.551  86.418 0.8750000000
46906  -6.587  -49.712  85.128 0.7500000000
47769  -5.748  -48.644  85.843 0.7500000000
45979  -7.113  -50.383  84.548 0.7500000000
47783  -7.077  -48.932  84.869 0.7500000000
48632  -7.735  -47.637  85.048 0.7500000000
48633  -8.121  -47.431  84.254 0.7500000000
48652  -8.584  -47.340  82.270 0.6250000000
48643  -8.485  -47.216  83.321 0.6250000000
50394  -7.206  -45.592  80.251 0.6250000000
49538  -7.600  -46.311  80.403 0.6250000000
50378  -8.555  -45.545  80.936 0.6250000000
135761  -8.552  -46.799  81.572 0.6250000000
49539  -8.349  -46.263  80.860 0.6250000000
47842  -4.232  -48.668  79.144 0.6250000000
139674  -4.283  -47.112  79.454 0.6250000000
48681  -3.985  -47.633  79.189 0.6250000000
47841  -3.771  -48.249  78.859 0.5000000000
47016  -3.305  -49.376  77.816 0.3750000000
43023  -3.100  -53.840  93.063 1.0000000000
42134  -4.115  -54.345  94.286 1.0000000000
39431  -4.279  -55.666  94.225 1.0000000000
44964  -3.679  -52.341  92.970 1.0000000000
38450  -5.231  -55.979  94.247 1.0000000000
44976  -3.240  -51.361  91.757 1.0000000000
39439  -6.373  -55.643  94.151 1.0000000000
46823  -3.461  -49.420  91.615 1.0000000000
39459  -6.418  -55.650  93.420 1.0000000000
47716  -3.099  -48.709  90.453 1.0000000000
40382  -6.932  -54.980  92.749 0.7500000000
47739  -2.889  -48.954  88.933 1.0000000000
40381  -6.430  -55.617  92.150 0.7500000000
48606  -3.667  -48.337  88.208 1.0000000000
48616  -5.392  -48.109  86.938 0.8750000000
48624  -5.983  -48.144  86.312 0.8750000000
48609  -5.794  -47.628  87.295 0.8750000000
48618  -6.758  -47.492  86.087 0.7500000000
48617  -6.165  -47.780  86.696 0.8750000000
141214  -7.486  -47.045  85.523 0.7500000000
49494  -8.450  -46.645  84.054 0.5000000000
52321  -9.111  -43.761  82.524 0.7500000000
52336  -8.262  -43.935  81.315 0.7500000000
49499  -8.778  -46.473  83.367 0.5000000000
51277  -7.614  -44.254  80.741 0.6250000000
51296  -7.861  -45.062  80.504 0.6250000000
51278  -8.524  -44.698  81.087 0.6250000000
141763  -8.720  -46.149  81.541 0.6250000000
132646  -8.832  -46.539  82.494 0.6250000000
51295  -6.887  -44.804  80.342 0.6250000000
49537  -4.724  -46.096  80.199 0.6250000000
47853  -3.574  -48.811  78.422 0.5000000000
48689  -3.558  -47.906  78.492 0.5000000000
47864  -3.404  -48.464  77.741 0.1250000000
42130  -4.555  -54.224  94.772 1.0000000000
41242  -4.935  -54.246  95.179 1.0000000000
43018  -4.278  -53.788  94.370 1.0000000000
44955  -4.466  -52.190  94.188 1.0000000000
43925  -3.827  -53.604  93.770 1.0000000000
128190  -3.585  -54.464  93.707 1.0000000000
40358  -4.483  -55.122  94.593 1.0000000000
39428  -5.683  -55.370  95.190 1.0000000000
39434  -5.868  -55.657  94.679 1.0000000000
44965  -4.180  -51.804  93.371 1.0000000000
144728  -5.003  -55.092  95.031 1.0000000000
45879  -4.366  -50.824  93.074 1.0000000000
45883  -3.584  -50.813  92.208 1.0000000000
135119  -6.489  -55.476  94.845 1.0000000000
138847  -3.388  -48.617  91.668 1.0000000000
40371  -6.914  -55.218  93.674 1.0000000000
47723  -3.126  -48.582  89.988 1.0000000000
48592  -3.522  -47.859  89.574 1.0000000000
47706  -28.687  -47.899  94.277 0.7500000000
48549  -29.034  -46.958  95.161 0.7500000000
48599  -3.910  -47.852  88.593 1.0000000000
49472  -4.480  -47.618  88.345 1.0000000000
49474  -6.319  -47.032  87.612 0.8750000000
49475  -7.256  -46.624  87.105 0.8750000000
49478  -6.629  -47.253  86.785 0.8750000000
49486  -8.055  -46.809  84.853 0.7500000000
55325  -10.248  -41.202  86.849 0.8750000000
53274  -10.130  -41.731  86.156 0.8750000000
49487  -8.465  -46.010  84.609 0.6250000000
134841  -9.182  -41.148  85.279 0.8750000000
54327  -9.749  -41.540  85.554 0.8750000000
53284  -9.749  -42.581  84.671 0.8750000000
141454  -9.986  -42.200  85.450 0.8750000000
50345  -8.859  -45.942  83.813 0.5000000000
53303  -8.476  -42.348  83.293 0.7500000000
52297  -8.971  -43.092  82.811 0.7500000000
53304  -9.512  -42.998  83.743 0.7500000000
140863  -9.658  -43.908  84.025 0.7500000000
50353  -9.184  -45.260  83.463 0.7500000000
50352  -9.121  -45.875  83.000 0.6250000000
53327  -8.133  -42.701  82.523 0.7500000000
52335  -7.356  -43.506  81.282 0.7500000000
52320  -8.415  -43.265  81.900 0.7500000000
51259  -8.954  -44.321  81.963 0.7500000000
50364  -8.933  -45.467  81.951 0.6250000000
50365  -9.133  -45.104  82.704 0.6250000000
51294  -5.770  -44.756  80.511 0.6250000000
49536  -4.331  -46.416  79.829 0.6250000000
134129  -4.060  -45.685  80.161 0.6250000000
49549  -3.966  -46.687  79.374 0.6250000000
49535  -3.713  -45.824  79.665 0.6250000000
48680  -3.766  -47.335  78.985 0.5000000000
47873  -3.439  -48.110  76.888 0.1250000000
42131  -5.116  -53.713  95.341 1.0000000000
41250  -4.914  -54.681  95.078 1.0000000000
40351  -5.404  -54.655  95.350 1.0000000000
43926  -4.446  -53.071  94.336 1.0000000000
40352  -5.979  -54.764  95.543 1.0000000000
45869  -4.429  -51.256  93.895 1.0000000000
46815  -4.102  -49.876  93.174 1.0000000000
39446  -7.077  -55.198  94.169 1.0000000000
46818  -3.682  -49.804  92.192 1.0000000000
41265  -7.558  -54.083  93.140 0.7500000000
49443  -3.439  -46.972  91.961 1.0000000000
126023  -3.305  -48.036  91.343 1.0000000000
41271  -7.932  -53.644  93.128 0.7500000000
46813  -27.937  -48.383  94.488 0.8750000000
47697  -28.449  -47.820  94.710 0.7500000000
48548  -28.549  -47.200  95.243 0.8750000000
48533  -28.735  -46.645  95.427 0.7500000000
49458  -3.540  -47.294  90.278 1.0000000000
128253  -27.825  -48.808  94.047 0.8750000000
135395  -29.392  -45.220  95.305 0.6250000000
51135  -29.249  -44.625  95.464 0.8750000000
51136  -29.694  -44.662  95.109 1.0000000000
145257  -3.700  -47.354  89.798 1.0000000000
126918  -24.534  -50.337  91.498 0.6250000000
49401  -29.443  -46.341  94.944 0.7500000000
51143  -30.137  -44.281  94.583 0.8750000000
53184  -30.005  -43.038  94.681 0.8750000000
52172  -30.463  -43.444  94.369 0.7500000000
49460  -4.395  -46.931  89.453 1.0000000000
123716  -23.909  -50.439  91.103 0.6250000000
124861  -29.813  -45.140  94.808 0.8750000000
53192  -30.879  -42.644  93.998 0.5000000000
49468  -4.945  -47.041  88.881 0.8750000000
135235  -9.439  -40.858  92.796 0.8750000000
55265  -9.705  -40.224  92.031 0.8750000000
54265  -9.584  -41.232  91.963 0.8750000000
129351  -6.328  -45.941  89.205 0.8750000000
129438  -9.858  -40.636  91.225 0.8750000000
54273  -10.042  -40.990  90.466 0.7500000000
53234  -10.130  -41.977  89.220 0.8750000000
50333  -7.917  -46.088  86.461 0.7500000000
55275  -10.092  -40.150  90.497 0.7500000000
143833  -10.222  -40.532  89.934 0.7500000000
145773  -10.298  -41.324  89.188 1.0000000000
53244  -10.267  -42.201  88.258 0.8750000000
50334  -8.410  -45.577  86.005 0.7500000000
56286  -10.225  -39.910  89.033 0.8750000000
54293  -10.327  -41.302  88.520 0.8750000000
135585  -10.361  -42.001  86.869 0.8750000000
53256  -10.294  -42.284  87.512 0.8750000000
52247  -9.747  -43.324  86.904 0.8750000000
128539  -9.831  -40.330  86.971 0.7500000000
53273  -10.014  -43.051  85.415 0.8750000000
52258  -9.937  -43.404  86.046 0.7500000000
54340  -8.743  -41.525  84.650 0.7500000000
52279  -9.825  -43.509  84.663 0.7500000000
51242  -9.544  -44.519  84.751 0.7500000000
50346  -9.125  -45.339  84.308 0.7500000000
51276  -6.490  -44.024  80.737 0.7500000000
52334  -5.975  -43.272  81.463 0.6250000000
137854  -4.786  -44.713  80.595 0.6250000000
51293  -4.032  -45.040  80.397 0.6250000000
43919  -4.811  -53.216  95.027 1.0000000000
42135  -4.676  -53.816  94.938 1.0000000000
42125  -5.605  -53.597  95.634 1.0000000000
44956  -4.918  -51.572  94.733 1.0000000000
142874  -5.391  -52.728  95.516 1.0000000000
43007  -5.934  -53.032  95.995 1.0000000000
41244  -6.017  -54.053  95.737 1.0000000000
129295  -5.468  -51.756  95.659 0.8750000000
41245  -6.605  -54.014  95.940 1.0000000000
39435  -6.978  -55.307  94.673 1.0000000000
40353  -6.678  -54.627  95.668 1.0000000000
148135  -4.409  -50.441  93.563 1.0000000000
45880  -4.413  -49.672  93.813 1.0000000000
40362  -7.809  -54.403  94.873 1.0000000000
142798  -3.545  -48.092  92.778 1.0000000000
42143  -8.717  -53.221  93.745 0.7500000000
41260  -7.759  -54.112  93.895 0.6250000000
48575  -3.448  -47.236  92.071 1.0000000000
129658  -8.562  -53.016  92.926 0.7500000000
45878  -27.426  -48.956  94.136 0.7500000000
132610  -8.577  -41.690  94.778 0.7500000000
134638  -26.961  -49.413  93.520 0.7500000000
44977  -26.082  -49.936  92.829 0.7500000000
49400  -29.112  -46.344  95.337 0.7500000000
55249  -8.968  -40.912  95.168 0.7500000000
43991  -25.019  -50.457  92.041 0.7500000000
54239  -9.068  -41.181  94.274 0.8750000000
54251  -9.061  -41.463  93.487 0.8750000000
54259  -8.620  -42.121  93.416 0.8750000000
51144  -30.678  -43.650  93.799 0.7500000000
55260  -9.390  -40.500  93.617 0.8750000000
53204  -9.036  -41.894  92.688 0.8750000000
131469  -5.834  -46.013  89.736 0.8750000000
126194  -9.553  -39.709  92.858 0.7500000000
54272  -9.640  -41.507  91.093 0.8750000000
51221  -7.682  -45.289  88.178 0.8750000000
54284  -9.803  -41.934  90.254 0.8750000000
53243  -9.849  -42.779  88.773 1.0000000000
50326  -7.821  -45.741  87.340 0.8750000000
51222  -8.465  -44.818  87.533 0.8750000000
55270  -9.864  -39.557  91.212 0.7500000000
50327  -8.441  -45.329  86.720 0.7500000000
56270  -10.180  -39.884  89.754 0.7500000000
129300  -9.970  -42.912  87.806 0.8750000000
147647  -9.464  -43.589  87.676 0.7500000000
51234  -8.947  -44.988  86.148 0.7500000000
50338  -8.863  -45.365  85.290 0.7500000000
56285  -9.763  -39.582  88.402 0.8750000000
51229  -9.430  -44.150  86.327 0.7500000000
51235  -9.376  -44.616  85.615 0.7500000000
55324  -9.144  -39.974  86.461 0.7500000000
132777  -7.848  -41.440  84.624 0.7500000000
54351  -7.008  -41.684  84.211 0.6250000000
53326  -7.327  -42.431  82.982 0.7500000000
53325  -6.283  -42.532  82.868 0.6250000000
52317  -5.074  -42.846  82.051 0.6250000000
52316  -4.256  -42.867  81.867 0.6250000000
42126  -6.115  -53.536  95.933 1.0000000000
140671  -7.767  -54.179  95.646 1.0000000000
46803  -5.009  -49.552  94.822 0.7500000000
39441  -7.369  -54.891  94.444 1.0000000000
40367  -7.649  -54.418  94.300 0.8750000000
48551  -3.707  -47.057  93.919 1.0000000000
47698  -3.905  -47.938  93.640 1.0000000000
41261  -8.849  -53.341  94.161 0.6250000000
123628  -3.651  -46.130  93.675 0.8750000000
48568  -3.518  -47.048  92.854 1.0000000000
42146  -9.343  -52.577  93.082 0.7500000000
43040  -22.634  -50.663  92.233 0.7500000000
43976  -23.965  -50.568  92.380 0.7500000000
44973  -26.022  -49.968  93.337 0.6250000000
54229  -8.197  -41.722  95.615 0.7500000000
53176  -7.943  -42.419  94.754 0.8750000000
50261  -4.052  -45.957  92.922 0.8750000000
49431  -3.637  -46.594  92.589 0.8750000000
42153  -9.071  -52.475  91.399 0.3750000000
128526  -21.031  -50.388  91.418 0.7500000000
133293  -21.795  -50.569  91.339 0.6250000000
43041  -22.967  -50.666  91.946 0.7500000000
43977  -24.656  -50.476  92.337 0.7500000000
53193  -7.670  -42.949  93.566 0.8750000000
130656  -4.638  -46.068  91.033 1.0000000000
44014  -20.204  -49.883  90.362 0.7500000000
44015  -21.166  -50.087  90.015 0.6250000000
43062  -22.529  -50.608  91.282 0.6250000000
43063  -23.075  -50.592  91.114 0.6250000000
127245  -8.626  -40.909  95.952 0.5000000000
45013  -18.969  -49.422  90.480 0.5000000000
45014  -19.759  -49.646  90.040 0.6250000000
44002  -21.450  -50.406  90.739 0.6250000000
127692  -8.686  -42.500  92.231 0.8750000000
50298  -5.544  -45.495  91.304 1.0000000000
55250  -9.338  -40.238  94.454 0.7500000000
53213  -9.229  -42.037  91.730 1.0000000000
53212  -8.766  -42.813  91.435 1.0000000000
51161  -7.246  -44.478  91.707 1.0000000000
51195  -6.860  -45.102  90.279 1.0000000000
50320  -6.935  -45.622  88.780 0.8750000000
135672  -9.347  -42.199  90.991 0.8750000000
52198  -9.199  -43.264  89.977 1.0000000000
52196  -7.936  -44.183  90.993 1.0000000000
51209  -7.574  -44.990  88.992 0.8750000000
54264  -32.916  -40.822  92.068 0.5000000000
55269  -33.449  -40.009  92.086 0.6250000000
53233  -9.644  -42.693  89.673 1.0000000000
52214  -9.329  -43.345  89.237 0.8750000000
52230  -8.850  -43.958  88.857 0.8750000000
51197  -8.243  -44.446  89.334 0.8750000000
141099  -32.496  -41.465  91.918 0.6250000000
53220  -32.840  -41.232  91.333 0.6250000000
129548  -33.272  -40.627  91.587 0.7500000000
140573  -9.694  -39.326  92.055 0.7500000000
52231  -9.438  -43.460  88.402 0.8750000000
51211  -8.972  -44.116  88.037 0.8750000000
51223  -9.190  -44.145  87.231 0.7500000000
139876  -8.934  -44.716  86.816 0.7500000000
54271  -33.311  -40.861  90.957 0.7500000000
128001  -9.901  -39.515  90.405 0.7500000000
57270  -9.297  -39.129  88.874 0.7500000000
56303  -9.326  -39.597  87.424 0.7500000000
55335  -8.737  -40.472  85.711 0.7500000000
134096  -6.544  -42.162  83.537 0.6250000000
53324  -4.566  -42.482  82.722 0.6250000000
53323  -3.814  -42.543  82.320 0.6250000000
53342  -3.717  -42.894  81.648 0.6250000000
53341  -3.306  -42.591  81.787 0.6250000000
53354  -2.428  -42.488  80.114 0.2500000000
54395  -2.539  -41.959  79.741 0.1250000000
41255  -9.070  -53.425  94.506 0.7500000000
54200  -6.045  -42.689  99.248 0.5000000000
53157  -5.672  -43.321  98.033 0.6250000000
48534  -4.115  -47.530  94.320 0.8750000000
41267  -9.420  -53.045  94.152 0.7500000000
54201  -6.849  -41.912  99.151 0.5000000000
54206  -6.301  -42.508  98.299 0.5000000000
124405  -5.999  -42.972  97.643 0.6250000000
53163  -5.845  -43.393  97.159 0.6250000000
52148  -5.727  -43.560  96.351 0.6250000000
52147  -5.326  -44.005  96.107 0.6250000000
49392  -4.298  -45.661  95.073 0.7500000000
146763  -9.970  -52.783  94.049 0.6250000000
55224  -7.592  -40.809  99.459 0.5000000000
125475  -7.037  -41.948  98.070 0.5000000000
53158  -6.762  -42.449  97.243 0.6250000000
53164  -6.226  -43.141  96.598 0.7500000000
145299  -6.424  -43.410  95.278 0.7500000000
123271  -5.996  -43.674  95.150 0.7500000000
147577  -4.975  -44.269  94.806 0.7500000000
141845  -4.687  -45.006  93.920 0.8750000000
51138  -4.554  -44.681  94.699 0.7500000000
50250  -3.754  -45.873  93.729 0.8750000000
43035  -9.880  -52.320  92.314 0.6250000000
54208  -8.328  -40.838  97.420 0.5000000000
54207  -7.655  -41.634  97.345 0.5000000000
53175  -7.408  -42.598  95.673 0.7500000000
53174  -7.060  -43.056  95.045 0.8750000000
52167  -7.136  -43.505  93.808 0.8750000000
141104  -6.348  -44.316  93.326 1.0000000000
51146  -5.689  -44.508  93.629 1.0000000000
51150  -5.280  -45.136  93.083 0.8750000000
128463  -4.333  -45.918  92.482 0.8750000000
43059  -9.846  -51.991  91.086 0.2500000000
44000  -19.887  -49.872  91.053 0.5000000000
136196  -20.349  -50.126  91.424 0.6250000000
55237  -8.658  -40.270  96.657 0.5000000000
54219  -8.238  -41.298  96.578 0.6250000000
45919  -18.508  -49.193  90.145 0.3750000000
45001  -19.384  -49.625  90.702 0.5000000000
55243  -8.923  -40.109  95.768 0.5000000000
52181  -7.526  -43.901  92.546 1.0000000000
52180  -6.729  -44.413  92.695 1.0000000000
56212  -9.137  -39.281  95.464 0.6250000000
142967  -9.480  -39.394  93.806 0.6250000000
52197  -8.635  -43.557  90.657 1.0000000000
52188  -8.131  -43.724  91.659 1.0000000000
54258  -33.056  -40.170  92.452 0.5000000000
52213  -8.793  -43.848  89.718 0.8750000000
57225  -9.512  -38.670  91.624 0.7500000000
55280  -33.543  -40.412  90.586 0.7500000000
55274  -33.588  -40.211  91.412 0.6250000000
132573  -9.727  -39.292  89.951 0.7500000000
130721  -9.488  -38.726  90.598 0.7500000000
54278  -33.345  -40.720  89.864 0.7500000000
55281  -33.523  -40.269  89.884 0.7500000000
145814  -9.153  -38.775  89.624 0.6250000000
54299  -33.261  -40.797  88.910 0.7500000000
132054  -33.554  -40.171  89.199 0.7500000000
55323  -8.121  -39.954  86.247 0.7500000000
55334  -7.583  -40.605  85.699 0.6250000000
54339  -6.131  -41.594  84.728 0.6250000000
54349  -5.093  -41.920  83.953 0.6250000000
53299  -3.962  -42.138  82.966 0.6250000000
53322  -3.481  -42.155  82.545 0.6250000000
136763  -2.575  -42.220  80.848 0.3750000000
54379  -2.474  -41.736  80.436 0.2500000000
145456  -6.414  -42.165  100.100 0.5000000000
54195  -6.986  -41.286  100.296 0.5000000000
43036  -10.868  -52.143  93.143 0.6250000000
43048  -10.702  -51.752  91.770 0.3750000000
55225  -8.178  -40.121  98.876 0.5000000000
43060  -10.581  -51.543  90.591 0.2500000000
125042  -11.394  -51.273  91.184 0.3750000000
45906  -17.262  -49.566  90.929 0.3750000000
45000  -18.541  -49.625  91.025 0.5000000000
44989  -19.057  -49.678  91.291 0.3750000000
55230  -8.326  -40.306  98.042 0.5000000000
43061  -11.290  -51.147  90.054 0.3750000000
45012  -18.119  -49.544  90.764 0.2500000000
129998  -8.532  -40.007  97.475 0.5000000000
56203  -8.571  -39.298  97.149 0.5000000000
45916  -15.771  -48.996  90.036 0.1250000000
143716  -16.783  -49.175  90.535 0.1250000000
44011  -11.936  -50.790  89.561 0.1250000000
44027  -12.385  -50.575  88.190 0.1250000000
45918  -17.605  -49.224  90.401 0.3750000000
145511  -9.549  -39.045  93.177 0.6250000000
56245  -33.826  -39.270  92.531 0.3750000000
57224  -9.128  -38.075  92.109 0.6250000000
135786  -33.803  -39.838  91.217 0.7500000000
129632  -33.876  -39.564  91.872 0.6250000000
125983  -8.928  -38.046  91.240 0.6250000000
56266  -33.762  -39.781  90.627 0.7500000000
56284  -9.068  -39.015  88.147 0.7500000000
137335  -33.593  -39.803  89.154 0.7500000000
56275  -33.634  -39.779  89.862 0.8750000000
56301  -7.766  -39.251  87.519 0.7500000000
57269  -8.574  -38.756  88.857 0.7500000000
56305  -33.510  -39.706  87.583 0.6250000000
56292  -33.556  -39.904  88.459 0.7500000000
56312  -7.397  -39.695  86.888 0.7500000000
55322  -6.939  -40.257  86.340 0.7500000000
54324  -5.808  -41.240  85.269 0.6250000000
53300  -4.588  -42.064  83.441 0.6250000000
143507  -5.118  -41.151  85.196 0.6250000000
136336  -4.709  -41.582  83.951 0.6250000000
53321  -3.079  -42.134  82.240 0.6250000000
54365  -2.571  -41.703  81.265 0.3750000000
54380  -2.645  -41.084  80.101 0.2500000000
54396  -3.129  -41.348  79.570 0.1250000000
55219  -6.741  -40.496  101.078 0.5000000000
43981  -12.137  -51.049  91.718 0.3750000000
137614  -12.013  -50.843  90.657 0.2500000000
56187  -6.631  -39.410  101.403 0.5000000000
55221  -7.379  -40.293  100.304 0.5000000000
134418  -12.623  -50.455  90.263 0.1250000000
45917  -16.231  -49.312  90.877 0.3750000000
56211  -8.834  -39.289  96.273 0.5000000000
44012  -12.511  -50.475  89.173 0.1250000000
45009  -12.976  -50.065  88.897 0.1250000000
45927  -14.501  -49.297  89.385 0.1250000000
45010  -13.854  -49.684  89.629 0.1250000000
56222  -9.350  -39.334  94.712 0.5000000000
57202  -9.301  -38.513  93.450 0.6250000000
145010  -9.128  -38.157  92.808 0.6250000000
56261  -34.023  -39.298  91.431 0.7500000000
56253  -34.147  -38.826  92.308 0.6250000000
57232  -34.203  -38.226  92.352 0.3750000000
57247  -33.977  -38.402  91.123 0.7500000000
133302  -34.142  -38.647  91.653 0.7500000000
57237  -8.481  -38.044  90.326 0.5000000000
57280  -33.531  -39.456  88.727 0.7500000000
57279  -33.402  -38.902  89.239 0.8750000000
57260  -33.684  -38.739  90.272 0.8750000000
56302  -8.631  -39.159  87.604 0.7500000000
57251  -8.243  -38.387  89.491 0.6250000000
57302  -33.536  -39.094  87.126 0.6250000000
57291  -33.445  -38.830  88.045 0.8750000000
129634  -33.324  -38.547  87.231 0.7500000000
55321  -5.898  -40.405  86.392 0.7500000000
55333  -6.450  -40.720  85.759 0.6250000000
147879  -5.303  -40.346  86.358 0.7500000000
55332  -5.431  -40.653  85.782 0.6250000000
54337  -4.782  -41.201  84.610 0.6250000000
54347  -3.674  -41.651  82.951 0.6250000000
54359  -3.264  -41.666  82.551 0.6250000000
55331  -4.850  -40.649  85.312 0.6250000000
55341  -4.596  -40.804  84.468 0.5000000000
55347  -3.437  -41.202  82.805 0.5000000000
55377  -2.554  -41.056  80.857 0.2500000000
54397  -4.181  -41.224  79.144 0.1250000000
55387  -3.087  -40.461  79.981 0.2500000000
137771  -6.139  -41.340  78.694 0.1250000000
56189  -7.254  -39.375  100.397 0.5000000000
56192  -7.732  -39.181  99.237 0.5000000000
57163  -8.141  -38.607  97.608 0.5000000000
57169  -8.435  -38.522  96.726 0.5000000000
57186  -8.835  -38.139  94.940 0.3750000000
57201  -8.858  -37.969  94.110 0.6250000000
58203  -8.286  -37.751  91.801 0.5000000000
58210  -34.080  -37.936  91.914 0.5000000000
58199  -34.239  -37.585  92.768 0.3750000000
58202  -7.389  -37.716  91.515 0.5000000000
58222  -33.587  -38.005  90.902 0.7500000000
146769  -33.919  -37.977  91.394 0.6250000000
137651  -6.780  -39.539  87.513 0.7500000000
56282  -7.164  -39.108  88.145 0.7500000000
57268  -7.519  -38.587  88.898 0.7500000000
58245  -33.000  -38.400  88.815 0.8750000000
58234  -33.205  -38.296  89.893 0.8750000000
56300  -5.862  -39.696  87.512 0.6250000000
58266  -32.776  -38.120  86.908 0.7500000000
58256  -33.034  -38.210  87.813 0.7500000000
55308  -5.330  -40.107  86.888 0.7500000000
56311  -6.304  -39.971  86.938 0.6250000000
132305  -32.307  -37.960  86.176 0.6250000000
143441  -4.903  -39.882  86.908 0.7500000000
55320  -4.938  -40.208  86.260 0.7500000000
55348  -3.859  -41.075  83.307 0.5000000000
56310  -4.815  -39.689  86.610 0.6250000000
138541  -4.351  -40.819  83.777 0.5000000000
56351  -3.137  -40.247  81.899 0.2500000000
55365  -2.886  -40.547  81.366 0.2500000000
56318  -4.783  -40.071  85.828 0.6250000000
56325  -4.538  -40.371  84.126 0.5000000000
137373  -4.116  -40.467  83.371 0.3750000000
56352  -3.505  -39.627  81.896 0.2500000000
55378  -2.953  -40.349  80.525 0.2500000000
56373  -4.057  -39.370  79.851 0.1250000000
54398  -5.381  -40.846  79.064 0.1250000000
57311  -4.832  -39.322  86.164 0.6250000000
56326  -4.870  -39.708  84.437 0.5000000000
56338  -4.600  -39.791  83.592 0.3750000000
56337  -4.010  -39.779  82.744 0.2500000000
56363  -3.678  -39.060  81.131 0.1250000000
57360  -3.769  -39.044  80.547 0.1250000000
56374  -4.817  -39.051  79.574 0.1250000000
55390  -5.591  -39.861  79.243 0.1250000000
57339  -4.858  -39.154  82.871 0.2500000000
57352  -4.201  -38.900  81.806 0.2500000000
57361  -4.094  -38.589  80.809 0.1250000000
56368  -3.958  -39.057  80.185 0.1250000000
57168  -7.597  -37.891  97.142 0.3750000000
147972  -8.194  -37.929  96.345 0.3750000000
58153  -8.166  -37.684  95.624 0.3750000000
59063  -34.248  -36.870  93.278 0.2500000000
134694  -7.860  -37.479  93.190 0.5000000000
58209  -33.807  -37.559  91.688 0.3750000000
59073  -34.059  -37.214  92.468 0.3750000000
59072  -33.564  -36.801  92.136 0.3750000000
57267  -6.471  -38.910  88.583 0.7500000000
57249  -6.586  -38.489  89.383 0.7500000000
57235  -6.406  -38.219  90.355 0.6250000000
58233  -32.487  -37.867  89.549 0.8750000000
58221  -32.743  -37.643  90.520 0.6250000000
56281  -5.583  -39.247  88.170 0.7500000000
143096  -6.337  -39.371  88.013 0.7500000000
58265  -31.801  -37.803  86.862 0.6250000000
58255  -32.127  -37.883  87.666 0.7500000000
58220  -31.787  -37.273  90.152 0.6250000000
56299  -5.183  -39.583  87.409 0.7500000000
147825  -5.877  -38.435  89.701 0.7500000000
58254  -31.137  -37.644  87.525 0.8750000000
58243  -31.363  -37.622  88.339 0.7500000000
56298  -4.822  -39.323  87.221 0.7500000000
58264  -30.869  -37.574  86.788 0.8750000000
56319  -4.898  -39.578  85.314 0.5000000000
138137  -5.592  -38.697  83.084 0.2500000000
57353  -5.163  -38.420  82.206 0.1250000000
57369  -4.721  -38.288  80.483 0.1250000000
57375  -4.705  -38.490  79.971 0.1250000000
56383  -6.545  -39.683  79.015 0.1250000000
57368  -4.203  -38.684  80.289 0.1250000000
58152  -7.226  -37.169  95.549 0.3750000000
58181  -8.204  -37.547  93.850 0.5000000000
59062  -33.897  -36.460  92.997 0.3750000000
59071  -32.589  -36.378  91.835 0.3750000000
59084  -32.159  -36.895  91.020 0.5000000000
57222  -5.680  -38.004  91.114 0.5000000000
58232  -31.557  -37.493  89.237 0.7500000000
59083  -31.378  -36.509  90.483 0.5000000000
56280  -4.849  -39.111  87.936 0.7500000000
57248  -5.229  -38.399  89.420 0.7500000000
58242  -30.558  -37.284  88.052 0.6250000000
58231  -30.744  -37.121  88.873 0.6250000000
59094  -30.966  -36.899  89.721 0.5000000000
57287  -4.515  -38.627  87.622 0.7500000000
137378  -30.490  -37.470  86.121 0.8750000000
57299  -4.650  -38.796  86.884 0.6250000000
142330  -30.140  -37.309  86.724 0.8750000000
57312  -5.188  -38.721  85.582 0.5000000000
57325  -5.376  -38.945  84.659 0.5000000000
57340  -5.289  -39.134  83.758 0.2500000000
57362  -4.807  -38.241  81.222 0.1250000000
58300  -5.476  -37.813  80.826 0.1250000000
57370  -5.515  -38.026  80.142 0.1250000000
127960  -6.867  -38.145  79.479 0.1250000000
56376  -6.755  -38.866  79.242 0.1250000000
56384  -7.429  -39.454  78.757 0.1250000000
57382  -8.628  -38.408  78.588 0.1250000000
59967  -33.626  -35.358  93.195 0.2500000000
59966  -32.834  -35.136  92.619 0.3750000000
59979  -32.282  -35.458  92.099 0.3750000000
59978  -31.742  -35.013  91.374 0.3750000000
57266  -5.034  -38.784  88.661 0.7500000000
57233  -4.763  -38.020  89.765 0.5000000000
59082  -30.782  -36.142  89.932 0.5000000000
138669  -4.187  -37.874  87.960 0.5000000000
137906  -4.527  -38.442  88.317 0.6250000000
59101  -30.224  -36.628  88.346 0.5000000000
59093  -30.539  -36.424  89.129 0.5000000000
124610  -4.293  -37.970  87.340 0.5000000000
60000  -30.117  -35.955  88.524 0.5000000000
58258  -4.589  -37.861  86.675 0.5000000000
60004  -29.961  -35.422  87.883 0.6250000000
58274  -5.832  -38.129  85.067 0.5000000000
58280  -6.054  -38.378  83.888 0.2500000000
58294  -5.693  -37.864  81.655 0.1250000000
58287  -6.478  -37.512  82.168 0.1250000000
58301  -6.242  -37.428  80.551 0.1250000000
58307  -6.453  -37.640  79.921 0.1250000000
58268  -5.967  -37.317  85.496 0.2500000000
58275  -6.505  -37.346  84.639 0.2500000000
58295  -6.248  -37.338  81.235 0.1250000000
57377  -7.647  -38.483  79.010 0.1250000000
60863  -33.169  -34.558  92.826 0.3750000000
58211  -4.570  -37.557  90.389 0.5000000000
58236  -4.209  -37.685  88.694 0.6250000000
144416  -30.890  -35.359  89.944 0.3750000000
59994  -30.581  -35.655  89.280 0.5000000000
129759  -31.403  -34.687  90.344 0.2500000000
58246  -4.166  -37.330  87.705 0.3750000000
60894  -30.510  -35.196  88.620 0.5000000000
60902  -30.563  -34.769  87.919 0.5000000000
58267  -5.304  -37.750  85.995 0.5000000000
59134  -6.964  -36.755  83.915 0.2500000000
60012  -29.599  -35.551  87.035 0.7500000000
58281  -6.606  -37.557  83.326 0.1250000000
59152  -6.798  -36.843  80.913 0.1250000000
58302  -6.944  -36.997  80.238 0.1250000000
58308  -7.411  -37.505  79.593 0.1250000000
57378  -8.159  -37.817  79.121 0.1250000000
60914  -29.738  -34.892  86.415 0.6250000000
60013  -30.129  -34.876  87.208 0.6250000000
59147  -7.479  -36.666  81.464 0.1250000000
59153  -7.510  -36.634  80.648 0.1250000000
128109  -8.238  -36.722  79.817 0.1250000000
58313  -8.787  -37.581  78.869 0.1250000000
127870  -29.592  -34.423  85.087 0.8750000000
60930  -29.353  -34.984  85.591 0.8750000000
59159  -8.749  -36.647  79.676 0.1250000000
60947  -29.479  -34.082  84.402 0.7500000000
61907  -29.342  -33.584  83.577 0.5000000000
60874  -32.460  -34.441  92.150 0.3750000000
60880  -32.120  -34.133  91.097 0.3750000000
58224  -4.290  -37.565  89.501 0.2500000000
57265  -4.632  -38.204  89.084 0.5000000000
138506  -31.962  -33.933  90.248 0.2500000000
58235  -3.949  -37.021  88.276 0.3750000000
59103  -4.151  -36.606  87.696 0.3750000000
58257  -4.388  -37.141  87.235 0.3750000000
143433  -31.162  -34.501  88.615 0.5000000000
59111  -4.378  -36.106  87.065 0.3750000000
60006  -4.472  -35.144  86.617 0.2500000000
59112  -4.893  -36.904  86.641 0.2500000000
60015  -5.583  -35.673  85.929 0.2500000000
59119  -5.526  -36.682  86.044 0.2500000000
59139  -6.991  -37.024  82.781 0.1250000000
59146  -6.939  -37.041  81.757 0.1250000000
123690  -30.718  -34.453  86.508 0.6250000000
144978  -30.812  -34.547  87.287 0.6250000000
61874  -35.417  -33.197  87.536 0.5000000000
61875  -36.136  -33.010  87.119 0.5000000000
62880  -36.826  -32.009  87.178 0.2500000000
59120  -6.198  -36.502  85.471 0.2500000000
59127  -6.741  -36.274  84.857 0.1250000000
59135  -7.411  -36.470  83.434 0.1250000000
59140  -7.513  -36.718  82.426 0.1250000000
58303  -7.725  -36.799  79.956 0.1250000000
60931  -30.098  -34.360  85.721 0.7500000000
60918  -35.216  -33.896  86.148 0.5000000000
60908  -35.673  -33.575  86.607 0.5000000000
61876  -36.943  -32.817  86.678 0.3750000000
59128  -7.244  -35.982  84.338 0.1250000000
60023  -7.549  -35.271  84.548 0.1250000000
59136  -8.083  -36.226  83.086 0.1250000000
60936  -35.541  -33.905  85.412 0.6250000000
61881  -36.512  -33.458  86.227 0.5000000000
60031  -7.815  -35.792  83.906 0.1250000000
60032  -8.522  -35.464  83.587 0.1250000000
61909  -31.353  -33.407  84.313 0.8750000000
131100  -35.103  -33.929  85.065 0.6250000000
60919  -35.969  -33.772  85.729 0.5000000000
61882  -37.399  -33.411  85.936 0.3750000000
61928  -31.367  -33.014  83.635 0.8750000000
61950  -32.346  -32.940  83.135 0.8750000000
146640  -33.445  -33.790  83.547 0.6250000000
134763  -34.041  -33.872  83.775 0.5000000000
60951  -34.488  -33.978  84.475 0.5000000000
61930  -33.138  -33.438  83.252 0.8750000000
60886  -31.566  -34.268  89.521 0.2500000000
125527  -31.959  -34.233  88.107 0.3750000000
62874  -35.476  -32.050  89.017 0.3750000000
62875  -35.664  -31.583  88.849 0.2500000000
148084  -35.898  -31.941  88.350 0.2500000000
60903  -31.314  -34.434  87.734 0.6250000000
61873  -34.894  -33.420  87.957 0.3750000000
61866  -35.190  -32.703  88.473 0.3750000000
62879  -36.112  -31.716  88.039 0.2500000000
60915  -31.546  -34.389  87.007 0.5000000000
61867  -35.728  -32.470  88.005 0.3750000000
135793  -36.331  -32.285  87.586 0.2500000000
60906  -34.603  -33.763  87.556 0.5000000000
60014  -4.832  -34.973  86.066 0.2500000000
60016  -6.260  -35.534  85.452 0.1250000000
60932  -31.216  -34.124  85.589 0.6250000000
138321  -32.359  -34.019  85.407 0.6250000000
60933  -32.970  -34.065  86.104 0.5000000000
60917  -33.480  -34.149  86.864 0.5000000000
138867  -34.507  -34.011  86.708 0.5000000000
60907  -35.065  -33.719  87.102 0.5000000000
60022  -6.937  -35.414  85.006 0.1250000000
60940  -7.120  -34.657  84.841 0.1250000000
60948  -30.523  -33.912  84.901 0.7500000000
60949  -31.827  -33.774  84.796 0.6250000000
128563  -34.421  -34.105  85.170 0.5000000000
60935  -34.848  -34.136  85.741 0.6250000000
144573  -37.645  -32.963  86.174 0.3750000000
60024  -8.067  -35.207  84.184 0.1250000000
60950  -32.801  -33.976  84.614 0.7500000000
60934  -33.498  -34.107  85.138 0.5000000000
147664  -34.089  -34.142  84.659 0.5000000000
61929  -32.612  -33.536  83.855 0.7500000000
60964  -33.617  -34.067  84.181 0.6250000000
60921  -37.804  -33.627  85.252 0.3750000000
61856  -32.648  -33.712  89.443 0.2500000000
146135  -31.937  -34.131  88.824 0.2500000000
61865  -34.622  -32.907  88.823 0.3750000000
61859  -35.013  -32.360  89.479 0.3750000000
61864  -33.852  -33.235  89.144 0.3750000000
125880  -31.881  -34.189  86.248 0.5000000000
140354  -32.027  -34.309  87.466 0.5000000000
60904  -32.818  -34.080  87.680 0.3750000000
60897  -34.272  -33.558  88.237 0.3750000000
63866  -36.431  -31.398  87.589 0.1250000000
139691  -37.317  -31.571  86.592 0.2500000000
60916  -32.462  -34.293  86.892 0.5000000000
60905  -33.907  -33.934  87.626 0.5000000000
62888  -37.492  -32.379  86.457 0.2500000000
60924  -5.432  -34.623  85.562 0.2500000000
61883  -38.205  -33.140  85.616 0.2500000000
60954  -37.664  -33.794  84.595 0.6250000000
62865  -34.887  -32.156  90.341 0.3750000000
62867  -35.430  -31.594  89.524 0.2500000000
63842  -35.524  -31.166  89.356 0.2500000000
61858  -34.561  -32.733  89.840 0.3750000000
63853  -35.833  -31.228  88.504 0.1250000000
148404  -38.159  -31.723  86.028 0.1250000000
63875  -38.087  -32.205  86.093 0.1250000000
62889  -38.037  -32.705  85.988 0.2500000000
62890  -38.826  -32.556  85.614 0.1250000000
60938  -38.059  -33.657  84.865 0.5000000000
60970  -37.940  -33.535  84.247 0.6250000000
61910  -38.278  -33.477  84.614 0.6250000000
64757  -36.053  -30.774  87.909 0.1250000000
64758  -36.693  -31.024  87.177 0.1250000000
60955  -38.484  -33.325  85.088 0.2500000000
142172  -38.540  -33.317  84.859 0.5000000000
61955  -37.476  -33.108  83.781 0.6250000000
132603  -37.425  -32.548  83.093 0.6250000000
146411  -38.119  -33.089  83.852 0.6250000000
61884  -39.049  -32.824  85.284 0.2500000000
61894  -39.231  -32.889  84.932 0.2500000000
146252  -39.843  -32.553  85.204 0.2500000000
61931  -38.663  -33.037  84.216 0.6250000000
61911  -38.968  -32.992  84.683 0.5000000000
61977  -37.885  -32.181  82.401 0.6250000000
61956  -37.990  -32.664  83.191 0.6250000000
61957  -38.661  -32.624  83.381 0.6250000000
62948  -38.605  -32.188  82.431 0.6250000000
62983  -38.602  -31.881  80.510 0.6250000000
62966  -38.579  -31.899  81.467 0.6250000000
61895  -40.213  -32.580  84.891 0.2500000000
62929  -39.509  -32.494  83.557 0.5000000000
61932  -39.691  -32.644  84.308 0.3750000000
61912  -40.072  -32.594  84.716 0.2500000000
63002  -39.377  -32.460  79.608 0.6250000000
61998  -39.209  -32.830  78.825 0.7500000000
62008  -39.681  -33.956  78.351 0.6250000000
62949  -39.459  -32.189  82.561 0.6250000000
62930  -40.540  -32.337  83.493 0.5000000000
61933  -40.861  -32.438  84.219 0.3750000000
62967  -39.475  -31.989  81.444 0.6250000000
62968  -40.554  -32.222  81.584 0.6250000000
62984  -39.440  -32.141  80.439 0.7500000000
61015  -39.633  -34.761  77.685 0.7500000000
131381  -41.012  -32.557  84.938 0.2500000000
61913  -41.257  -32.514  84.729 0.3750000000
62985  -40.353  -32.495  80.492 0.6250000000
62950  -41.200  -32.285  82.352 0.6250000000
61990  -40.184  -32.860  79.650 0.6250000000
61978  -41.281  -32.950  80.644 0.5000000000
62000  -40.576  -33.920  79.255 0.6250000000
61001  -40.276  -34.245  78.774 0.5000000000
61008  -40.253  -34.742  78.374 0.7500000000
60062  -40.213  -35.144  77.870 0.8750000000
60071  -39.757  -35.191  77.242 0.7500000000
60072  -40.792  -35.168  77.867 0.6250000000
59174  -40.448  -35.298  76.998 0.7500000000
60073  -41.089  -35.092  77.517 0.7500000000
61016  -41.238  -34.672  77.038 0.7500000000
62969  -41.519  -32.662  81.438 0.5000000000
61991  -40.955  -33.419  79.852 0.5000000000
60054  -40.780  -34.628  78.896 0.7500000000
60992  -41.309  -34.357  79.445 0.5000000000
61992  -41.745  -34.021  80.172 0.5000000000
60063  -40.799  -34.950  78.462 0.6250000000
60064  -41.348  -34.876  78.542 0.6250000000
60074  -41.746  -34.619  77.930 0.7500000000
60065  -42.143  -34.627  78.673 0.6250000000
138991  -41.340  -33.796  76.306 0.7500000000
62018  -41.677  -34.103  77.207 0.6250000000
62042  -41.158  -33.133  75.308 0.7500000000
60055  -41.551  -34.718  79.017 0.5000000000
60993  -42.008  -34.536  79.760 0.5000000000
60056  -42.113  -34.693  78.923 0.5000000000
60050  -41.956  -34.666  79.267 0.5000000000
131382  -41.530  -34.855  78.289 0.6250000000
61002  -42.719  -34.557  79.150 0.5000000000
61009  -42.502  -34.394  78.602 0.3750000000
62029  -41.931  -33.317  76.844 0.6250000000
63058  -41.283  -32.313  75.178 0.7500000000
63041  -41.568  -32.741  75.987 0.7500000000
63059  -41.810  -31.806  75.769 0.7500000000
62019  -42.168  -33.885  77.697 0.5000000000
63029  -42.444  -32.936  77.388 0.6250000000
139328  -42.957  -32.578  78.099 0.2500000000
63017  -43.386  -32.775  78.887 0.1250000000
63030  -42.721  -31.875  77.100 0.6250000000
63980  -42.151  -30.957  75.698 0.6250000000
63962  -42.486  -31.354  76.289 0.5000000000
63952  -43.347  -31.439  77.545 0.3750000000
64859  -43.570  -30.028  76.568 0.3750000000
64848  -43.665  -30.632  77.175 0.3750000000
64860  -44.103  -29.420  76.661 0.3750000000
65774  -44.665  -29.171  76.978 0.3750000000
63937  -44.766  -31.841  79.627 0.1250000000
63953  -44.014  -30.957  77.846 0.2500000000
63945  -44.327  -31.358  78.768 0.1250000000
63946  -45.153  -30.904  79.044 0.1250000000
64844  -45.552  -30.127  78.437 0.1250000000
64843  -44.757  -30.497  78.108 0.2500000000
64850  -45.065  -29.638  77.630 0.1250000000
65769  -45.865  -29.350  77.993 0.1250000000
64849  -44.267  -30.007  77.241 0.3750000000
65776  -46.163  -28.610  77.620 0.1250000000
65775  -45.366  -28.872  77.311 0.2500000000
66719  -46.961  -28.297  78.111 0.1250000000
66726  -47.177  -27.625  77.923 0.2500000000
66720  -47.934  -28.109  78.606 0.1250000000
65770  -46.719  -29.070  78.420 0.1250000000
65771  -47.764  -28.848  78.892 0.1250000000
67651  -47.967  -27.420  78.452 0.1250000000
147976  -47.974  -26.989  78.362 0.1250000000
66721  -48.802  -27.830  79.250 0.1250000000
67652  -48.658  -27.036  78.980 0.1250000000
67653  -49.339  -26.850  79.692 0.1250000000
69513  -49.245  -25.631  79.618 0.1250000000
70395  -48.953  -24.581  80.904 0.1250000000
69494  -49.145  -25.491  80.711 0.1250000000
67643  -49.490  -27.111  80.413 0.1250000000
54250  -8.594  -41.957  94.093 0.8750000000
53194  -8.105  -42.532  93.843 0.8750000000
53203  -8.267  -42.626  93.007 1.0000000000
49444  -3.566  -46.763  91.686 1.0000000000
122797  -6.999  -43.979  93.317 1.0000000000
53202  -7.618  -43.301  93.096 1.0000000000
49430  -3.588  -46.694  92.762 1.0000000000
49451  -3.576  -46.845  90.888 1.0000000000
51160  -6.274  -44.956  92.042 1.0000000000
50312  -4.989  -46.510  89.611 1.0000000000
129225  -5.204  -46.041  90.360 1.0000000000
50299  -6.113  -45.520  90.379 1.0000000000
51175  -6.529  -44.989  91.030 1.0000000000
51158  -4.898  -45.534  92.643 0.8750000000
32999  -1.633  -64.131  85.679 0.1250000000
125582  -1.245  -62.923  86.012 0.1250000000
33894  -2.487  -63.203  85.036 0.1250000000
33895  -3.263  -63.296  84.461 0.1250000000
34778  -4.571  -62.585  83.541 0.1250000000
33899  -4.560  -63.329  83.084 0.1250000000
35737  -5.393  -61.019  83.156 0.2500000000
134700  -4.768  -61.992  81.622 0.3750000000
37757  -5.781  -59.582  81.584 0.2500000000
139682  -6.743  -56.148  80.789 0.5000000000
138957  -1.549  -61.428  85.681 0.1250000000
34737  -3.098  -62.683  87.413 0.1250000000
133005  -2.482  -63.050  86.925 0.1250000000
35726  -2.193  -61.662  85.296 0.1250000000
36746  -4.346  -60.334  84.379 0.2500000000
38626  -5.874  -58.773  83.729 0.3750000000
38641  -6.511  -58.647  82.687 0.3750000000
38654  -6.600  -58.529  81.933 0.3750000000
36731  -7.661  -60.387  85.640 0.1250000000
40531  -3.473  -55.729  79.622 0.3750000000
42261  -5.644  -55.137  80.000 0.5000000000
42274  -5.856  -54.156  79.947 0.6250000000
145222  -3.208  -55.017  79.519 0.3750000000
42270  -2.289  -55.055  79.103 0.3750000000
36730  -1.570  -60.607  85.655 0.1250000000
35703  -1.303  -61.347  86.155 0.1250000000
128459  -1.532  -60.889  86.946 0.1250000000
34721  -2.523  -61.646  87.856 0.2500000000
148550  -3.236  -61.340  88.245 0.2500000000
34723  -3.523  -62.155  87.790 0.2500000000
35680  -4.370  -61.086  87.882 0.2500000000
38625  -5.048  -59.059  84.263 0.3750000000
39572  -5.011  -57.484  84.732 0.6250000000
37689  -6.586  -59.777  86.675 0.1250000000
41364  -7.040  -55.845  83.166 0.5000000000
41377  -7.376  -55.675  82.232 0.5000000000
147693  -7.481  -55.161  81.586 0.5000000000
44097  -8.419  -52.220  81.158 0.7500000000
44114  -6.222  -52.408  79.742 0.6250000000
146465  -6.975  -51.312  79.746 0.6250000000
45124  -6.087  -51.555  79.627 0.6250000000
37612  -3.712  -58.207  91.802 0.7500000000
36667  -2.504  -59.957  88.760 0.5000000000
37663  -2.249  -59.925  88.118 0.6250000000
36703  -1.912  -60.455  87.571 0.3750000000
35677  -2.317  -61.135  88.010 0.2500000000
37688  -1.646  -59.434  86.293 0.2500000000
37722  -1.883  -60.010  85.416 0.2500000000
38587  -2.001  -58.986  85.769 0.6250000000
37723  -2.247  -59.589  85.366 0.2500000000
38588  -2.319  -59.023  85.587 0.3750000000
38606  -2.686  -59.199  85.388 0.3750000000
125422  -3.816  -58.413  85.066 0.5000000000
143773  -3.556  -57.790  85.349 0.6250000000
40481  -4.230  -57.028  85.223 0.6250000000
41348  -5.011  -55.612  84.911 0.6250000000
39584  -5.908  -57.235  84.178 0.3750000000
43114  -6.245  -54.368  84.113 0.5000000000
43116  -7.595  -53.428  83.094 0.6250000000
45114  -8.283  -51.512  80.762 0.7500000000
46035  -8.024  -50.112  80.423 0.6250000000
45123  -5.022  -51.431  79.459 0.6250000000
140339  -3.813  -52.193  79.345 0.5000000000
40380  -2.410  -55.888  91.656 1.0000000000
39486  -2.142  -56.813  90.961 0.8750000000
123479  -1.746  -55.268  89.320 0.8750000000
41293  -2.137  -55.225  88.498 0.8750000000
40468  -2.898  -56.577  86.026 0.8750000000
141348  -3.309  -55.625  86.068 0.6250000000
42197  -3.430  -54.459  86.269 0.6250000000
42198  -3.695  -54.857  85.772 0.6250000000
45096  -8.002  -51.583  83.232 0.7500000000
147635  -8.374  -52.156  82.202 0.7500000000
127496  -4.624  -50.773  79.356 0.6250000000
143810  -1.681  -55.946  91.105 1.0000000000
41272  -1.940  -55.617  91.534 1.0000000000
41268  -2.287  -55.185  92.104 1.0000000000
135612  -2.158  -56.771  90.203 0.8750000000
42150  -1.912  -54.601  91.719 1.0000000000
43034  -2.240  -54.400  92.284 1.0000000000
39517  -2.422  -57.769  88.861 0.8750000000
131446  -2.135  -53.171  89.679 1.0000000000
42173  -1.916  -54.191  88.805 0.8750000000
43996  -2.373  -52.643  90.179 1.0000000000
38473  -5.706  -56.299  93.331 1.0000000000
41305  -2.553  -55.416  87.647 0.8750000000
43081  -2.071  -53.000  88.220 0.8750000000
44025  -2.241  -52.286  88.620 1.0000000000
131893  -2.139  -52.547  88.333 0.8750000000
124322  -2.327  -51.601  88.725 1.0000000000
130702  -5.618  -56.535  92.427 0.7500000000
41319  -2.818  -55.704  86.856 0.7500000000
43090  -2.833  -53.017  87.290 0.7500000000
40455  -2.687  -56.558  86.362 0.7500000000
44071  -5.142  -52.428  85.111 0.6250000000
140222  -5.710  -52.060  84.953 0.7500000000
44079  -6.813  -52.829  83.964 0.5000000000
45086  -7.215  -51.874  83.934 0.7500000000
45077  -6.757  -51.271  84.522 0.7500000000
47816  -8.505  -48.162  81.159 0.6250000000
47843  -5.105  -48.783  79.535 0.6250000000
46062  -3.186  -50.173  77.908 0.5000000000
130533  -1.742  -54.337  91.013 1.0000000000
43949  -2.854  -53.454  92.384 1.0000000000
44975  -3.061  -51.844  91.225 1.0000000000
44984  -3.263  -50.923  91.020 1.0000000000
125993  -2.424  -51.355  89.185 1.0000000000
44050  -2.458  -51.909  87.766 1.0000000000
140980  -2.350  -51.077  88.941 1.0000000000
45915  -2.422  -50.423  88.805 1.0000000000
47722  -2.766  -49.343  89.556 1.0000000000
39458  -5.953  -56.159  93.103 0.7500000000
46853  -2.495  -50.436  88.562 1.0000000000
47738  -2.679  -49.770  88.624 1.0000000000
45955  -3.507  -50.571  87.002 1.0000000000
47754  -3.662  -49.166  87.296 1.0000000000
45966  -4.173  -50.602  86.065 1.0000000000
45076  -5.226  -51.741  85.324 1.0000000000
45977  -5.427  -51.045  85.423 0.8750000000
46895  -5.717  -49.332  85.586 0.7500000000
139651  -5.368  -46.609  80.017 0.6250000000
133986  -8.057  -47.642  80.610 0.6250000000
46981  -3.860  -49.169  78.776 0.5000000000
43028  -2.980  -53.847  92.907 1.0000000000
43017  -3.648  -54.151  93.746 1.0000000000
40357  -4.058  -54.909  94.258 1.0000000000
44971  -3.434  -51.865  92.321 1.0000000000
45888  -3.473  -50.372  91.625 1.0000000000
38451  -5.750  -55.930  94.090 1.0000000000
46832  -3.139  -49.004  91.049 1.0000000000
39445  -6.678  -55.443  93.778 1.0000000000
45048  -3.261  -51.539  87.209 0.8750000000
48587  -3.365  -47.892  90.219 1.0000000000
144693  -6.668  -55.379  93.293 0.8750000000
49466  -3.780  -47.608  89.246 1.0000000000
145626  -3.999  -48.905  86.993 1.0000000000
49467  -4.177  -47.379  89.033 1.0000000000
41269  -6.871  -55.029  91.897 0.6250000000
46894  -5.048  -49.720  85.772 0.8750000000
48608  -4.850  -47.860  87.586 0.8750000000
47770  -6.481  -48.827  85.359 0.7500000000
130213  -6.580  -48.161  85.736 0.7500000000
47771  -7.221  -48.317  85.223 0.7500000000
50395  -7.964  -45.741  80.521 0.6250000000
137612  -3.199  -49.224  76.866 0.1250000000
47029  -3.036  -50.170  76.478 0.1250000000
43936  -4.008  -52.766  93.653 1.0000000000
44972  -3.937  -51.318  92.686 1.0000000000
47708  -3.559  -48.837  92.222 1.0000000000
40377  -7.066  -54.925  93.465 0.7500000000
138933  -3.384  -47.421  91.441 1.0000000000
49473  -5.337  -47.368  88.036 0.8750000000
49479  -7.333  -46.776  86.173 0.7500000000
49480  -8.028  -46.230  85.517 0.7500000000
52298  -9.404  -43.818  83.292 0.7500000000
138469  -5.531  -46.027  80.236 0.6250000000
50392  -4.952  -45.458  80.418 0.6250000000
45884  -3.935  -50.280  92.645 1.0000000000
39440  -6.943  -55.281  94.128 1.0000000000
40372  -7.379  -54.623  93.943 0.8750000000
49450  -3.385  -47.248  91.036 1.0000000000
49459  -3.966  -47.136  89.643 1.0000000000
49469  -5.928  -46.752  88.429 0.8750000000
50319  -6.378  -46.206  88.740 0.8750000000
129744  -6.949  -46.230  88.047 0.8750000000
54305  -10.356  -41.646  87.603 0.8750000000
55310  -10.221  -40.772  87.659 0.8750000000
54316  -9.660  -40.861  86.094 0.8750000000
53283  -9.151  -42.053  84.098 0.8750000000
54352  -8.163  -41.760  84.010 0.7500000000
51260  -9.265  -44.500  82.961 0.7500000000
52319  -7.103  -42.809  82.091 0.7500000000
49548  -3.643  -46.416  79.032 0.3750000000
48699  -3.482  -47.340  77.699 0.2500000000
43012  -5.320  -53.175  95.469 1.0000000000
43927  -4.941  -52.356  94.923 1.0000000000
45870  -4.756  -50.584  94.321 1.0000000000
128680  -3.989  -48.939  93.408 1.0000000000
46819  -3.767  -49.160  92.810 1.0000000000
41266  -8.309  -53.582  93.825 0.7500000000
47696  -28.112  -47.699  95.052 0.7500000000
49391  -28.618  -46.084  95.491 0.8750000000
136582  -28.963  -45.131  95.553 0.7500000000
50296  -3.945  -46.477  90.859 1.0000000000
50297  -4.333  -46.573  90.136 1.0000000000
50313  -6.739  -45.415  89.590 0.8750000000
55286  -10.310  -40.600  89.228 0.8750000000
56269  -9.788  -39.447  89.287 0.8750000000
52269  -9.759  -43.881  85.464 0.7500000000
54326  -8.210  -41.063  85.158 0.7500000000
53302  -7.502  -41.996  83.547 0.6250000000
52333  -4.743  -43.401  81.371 0.6250000000
51275  -5.295  -44.020  80.841 0.6250000000
52318  -5.958  -42.736  82.207 0.6250000000
47699  -4.304  -48.641  94.081 1.0000000000
40354  -8.099  -54.080  95.407 0.8750000000
135789  -3.596  -47.409  93.296 1.0000000000
40373  -8.110  -53.914  94.235 0.7500000000
49414  -3.604  -46.466  93.254 1.0000000000
125261  -9.431  -52.923  93.995 0.7500000000
45881  -26.959  -49.339  93.972 0.5000000000
51210  -8.318  -44.599  88.477 0.8750000000
56313  -8.457  -39.530  86.975 0.7500000000
54325  -6.984  -41.219  85.090 0.6250000000
145256  -5.439  -42.584  82.686 0.6250000000
40368  -8.405  -53.825  94.607 0.8750000000
146169  -4.901  -48.800  95.315 0.7500000000
132847  -4.021  -46.480  94.551 0.7500000000
137021  -3.622  -46.439  94.059 1.0000000000
131596  -3.699  -46.267  93.198 0.8750000000
49402  -3.900  -45.830  94.305 0.8750000000
50243  -3.970  -45.610  94.219 0.8750000000
43989  -22.068  -50.626  91.776 0.7500000000
43052  -23.017  -50.635  91.587 0.7500000000
43042  -23.459  -50.615  91.876 0.7500000000
43962  -24.704  -50.354  92.880 0.7500000000
43947  -24.671  -50.293  93.451 0.7500000000
44969  -25.961  -49.934  93.915 0.6250000000
135245  -3.857  -46.368  92.183 0.8750000000
50251  -4.177  -45.472  93.682 0.8750000000
50262  -4.536  -45.521  93.129 0.8750000000
44001  -20.676  -50.179  90.843 0.6250000000
43988  -21.401  -50.527  91.984 0.6250000000
54218  -7.496  -42.035  96.446 0.7500000000
126350  -7.407  -42.990  94.243 0.8750000000
51159  -5.486  -45.301  92.361 0.8750000000
44016  -21.847  -50.290  90.107 0.5000000000
51151  -5.986  -44.762  92.893 1.0000000000
51176  -7.369  -44.652  90.664 1.0000000000
51196  -7.500  -44.824  89.817 0.8750000000
51177  -8.140  -44.321  90.220 0.8750000000
55264  -33.388  -39.626  92.608 0.5000000000
57212  -9.498  -38.722  92.579 0.7500000000
54350  -5.843  -41.862  84.099 0.6250000000
53301  -5.432  -42.293  83.390 0.6250000000
52330  -2.819  -42.858  80.837 0.3750000000
53369  -2.786  -42.282  79.302 0.1250000000
141940  -5.791  -42.940  98.415 0.6250000000
53155  -5.688  -43.119  98.791 0.6250000000
47681  -4.613  -48.289  94.862 0.8750000000
48535  -4.331  -47.212  95.196 0.7500000000
52158  -5.583  -43.762  95.570 0.6250000000
52157  -4.993  -44.176  95.287 0.7500000000
42147  -10.054  -52.592  93.542 0.6250000000
140039  -9.987  -53.044  94.155 0.7500000000
55229  -7.830  -41.137  98.359 0.5000000000
53165  -6.931  -42.750  96.354 0.7500000000
122819  -6.655  -43.133  95.781 0.7500000000
52149  -6.025  -43.452  95.765 0.7500000000
130439  -6.051  -43.847  94.601 0.8750000000
52175  -5.766  -44.147  94.277 0.8750000000
52165  -5.452  -43.979  94.868 0.6250000000
51139  -5.133  -44.511  94.299 1.0000000000
51130  -4.169  -45.033  94.798 0.8750000000
55222  -7.797  -39.947  99.663 0.5000000000
52166  -6.641  -43.537  94.597 0.8750000000
52176  -6.391  -43.985  93.947 0.8750000000
50278  -4.187  -46.184  91.668 1.0000000000
52182  -8.176  -43.111  92.334 1.0000000000
57177  -8.767  -38.472  95.782 0.3750000000
57187  -9.269  -38.646  94.354 0.5000000000
55290  -33.374  -40.672  89.327 0.7500000000
55302  -33.417  -40.376  88.726 0.7500000000
54338  -5.268  -41.569  84.624 0.6250000000
54348  -4.177  -41.612  83.389 0.6250000000
42138  -10.243  -53.061  94.487 0.7500000000
54194  -6.463  -41.527  101.117 0.5000000000
43049  -11.518  -51.500  92.375 0.3750000000
56196  -8.276  -39.427  98.096 0.5000000000
58192  -8.474  -37.762  92.592 0.6250000000
57261  -33.632  -39.373  89.664 0.8750000000
124093  -33.917  -39.159  90.682 0.8750000000
56283  -8.160  -38.855  88.151 0.7500000000
57292  -33.577  -39.424  87.945 0.7500000000
134597  -4.454  -41.167  83.846 0.6250000000
55364  -2.724  -41.195  81.615 0.2500000000
45011  -15.009  -49.420  90.318 0.1250000000
58213  -8.143  -37.759  91.089 0.5000000000
57250  -7.436  -38.193  89.840 0.6250000000
131045  -4.734  -40.281  84.962 0.5000000000
56336  -3.483  -40.522  82.685 0.2500000000
55388  -3.685  -40.284  79.706 0.1250000000
56367  -3.490  -39.643  80.218 0.1250000000
58165  -7.996  -37.481  94.690 0.5000000000
58191  -7.416  -37.594  92.399 0.5000000000
57236  -7.410  -37.868  90.707 0.5000000000
58244  -32.342  -37.923  88.563 0.8750000000
56362  -3.315  -39.719  81.025 0.2500000000
55389  -4.599  -40.074  79.443 0.1250000000
55399  -6.343  -40.565  78.880 0.1250000000
58144  -7.373  -37.440  96.336 0.3750000000
59054  -34.407  -36.581  93.869 0.2500000000
59085  -33.123  -37.238  91.369 0.6250000000
133019  -5.782  -38.724  88.978 0.7500000000
57234  -5.338  -38.152  90.281 0.5000000000
131783  -31.424  -37.727  86.099 0.7500000000
58286  -6.060  -38.149  82.694 0.1250000000
137051  -5.342  -38.527  79.702 0.1250000000
56375  -5.848  -39.033  79.402 0.1250000000
59968  -34.346  -36.021  93.683 0.2500000000
59980  -33.084  -35.899  92.545 0.3750000000
58212  -5.011  -37.798  90.998 0.3750000000
59070  -31.807  -35.996  91.307 0.3750000000
57376  -6.105  -38.342  79.640 0.1250000000
56385  -8.266  -39.238  78.471 0.1250000000
59988  -31.256  -35.612  90.586 0.2500000000
59100  -29.718  -36.250  87.664 0.6250000000
58223  -3.858  -37.030  89.097 0.2500000000
60885  -30.918  -34.863  89.435 0.5000000000
58309  -8.280  -37.091  79.437 0.1250000000
59148  -8.251  -36.473  81.232 0.1250000000
58310  -9.084  -36.966  79.129 0.1250000000
59155  -9.290  -36.391  80.153 0.1250000000
60963  -28.689  -33.955  82.882 0.6250000000
61908  -30.331  -33.356  84.100 0.8750000000
59110  -4.172  -35.862  87.630 0.3750000000
60007  -4.942  -35.890  86.413 0.2500000000
62947  -32.227  -32.350  82.381 0.7500000000
142345  -32.940  -32.839  82.827 0.8750000000
61951  -33.442  -32.875  82.981 0.7500000000
60895  -32.538  -34.008  88.472 0.2500000000
125665  -34.042  -34.280  85.971 0.5000000000
60925  -6.363  -34.681  85.227 0.1250000000
62866  -35.198  -31.889  89.936 0.3750000000
62965  -37.807  -31.825  81.535 0.6250000000
61999  -39.948  -33.364  79.026 0.6250000000
139195  -40.257  -32.223  82.736 0.6250000000
60085  -40.666  -35.113  76.739 0.7500000000
60994  -42.802  -34.601  79.477 0.3750000000
63042  -42.161  -32.311  76.540 0.6250000000
62020  -42.610  -33.573  78.143 0.3750000000
63944  -43.595  -31.854  78.464 0.1250000000
63981  -42.843  -30.473  76.173 0.3750000000
64845  -46.441  -29.861  78.786 0.1250000000
66725  -46.426  -27.916  77.406 0.2500000000
68563  -49.361  -26.278  79.848 0.1250000000
68574  -48.880  -26.194  79.097 0.1250000000
68554  -49.275  -26.388  80.557 0.1250000000
70405  -49.184  -24.901  80.608 0.1250000000
39604  -4.607  -57.410  80.105 0.2500000000
36690  -5.332  -59.640  87.879 0.1250000000
36672  -5.063  -59.288  88.602 0.1250000000
37664  -5.454  -58.793  88.381 0.1250000000
138477  -5.748  -58.888  87.664 0.1250000000
38557  -6.199  -58.377  87.373 0.1250000000
141358  -6.167  -59.075  87.091 0.1250000000
123042  -6.685  -57.897  86.922 0.1250000000
137385  -5.137  -58.754  89.052 0.1250000000
38543  -5.984  -57.657  88.499 0.1250000000
38542  -5.897  -58.214  88.115 0.1250000000
38558  -6.338  -57.634  87.749 0.1250000000
39527  -6.852  -56.995  87.206 0.1250000000
39528  -7.483  -56.525  86.698 0.1250000000
40456  -7.972  -56.123  86.201 0.1250000000
39542  -7.838  -57.004  85.948 0.1250000000
37634  -4.903  -58.800  89.743 0.3750000000
125281  -5.275  -58.287  89.551 0.2500000000
38525  -5.588  -58.261  88.838 0.2500000000
38526  -5.588  -57.716  89.296 0.2500000000
39518  -6.484  -56.553  88.170 0.2500000000
40444  -7.245  -56.113  87.367 0.1250000000
41306  -7.797  -55.747  86.927 0.1250000000
41321  -8.220  -55.350  86.465 0.1250000000
42181  -8.494  -54.619  86.698 0.1250000000
42189  -8.880  -54.824  85.839 0.1250000000
40457  -8.543  -55.822  85.671 0.1250000000
41334  -9.205  -55.701  84.984 0.1250000000
44131  -2.789  -53.151  77.464 0.1250000000
37635  -5.068  -58.154  90.295 0.3750000000
39509  -5.816  -56.905  89.040 0.2500000000
40416  -6.266  -56.037  89.241 0.2500000000
40417  -6.726  -55.515  88.649 0.1250000000
40431  -7.140  -55.486  87.913 0.1250000000
125093  -7.596  -55.427  87.404 0.1250000000
41295  -8.056  -54.249  87.769 0.1250000000
42182  -9.185  -53.640  86.669 0.1250000000
144256  -9.533  -54.127  85.614 0.1250000000
134292  -9.988  -53.330  85.713 0.1250000000
140370  -2.757  -52.435  77.336 0.1250000000
142823  -2.950  -52.477  76.844 0.1250000000
37623  -4.758  -58.470  90.552 0.3750000000
38514  -5.338  -57.652  90.099 0.2500000000
137041  -7.277  -54.249  89.550 0.1250000000
41287  -7.293  -54.717  88.665 0.1250000000
41294  -7.642  -54.843  87.831 0.1250000000
125335  -8.636  -53.581  87.684 0.1250000000
143719  -9.239  -52.962  87.608 0.1250000000
45145  -2.840  -51.218  77.223 0.1250000000
45133  -2.722  -51.846  77.759 0.1250000000
46084  -3.024  -50.939  76.499 0.1250000000
38504  -5.334  -57.499  90.943 0.6250000000
39473  -5.568  -56.743  91.642 0.6250000000
39487  -5.647  -56.966  90.815 0.5000000000
128212  -5.934  -56.377  90.630 0.2500000000
38515  -5.592  -57.030  89.893 0.2500000000
140391  -5.906  -56.442  89.794 0.2500000000
40402  -6.228  -55.724  90.267 0.2500000000
41273  -6.595  -54.914  90.883 0.2500000000
41280  -6.684  -54.980  89.661 0.1250000000
42167  -7.733  -53.942  89.069 0.1250000000
42174  -7.754  -54.238  88.333 0.1250000000
42175  -8.246  -53.544  88.567 0.1250000000
52173  -31.030  -42.955  93.804 0.5000000000
52174  -31.548  -42.249  93.442 0.2500000000
54248  -31.283  -41.773  93.633 0.2500000000
42176  -9.011  -52.835  88.370 0.1250000000
51149  -31.005  -43.378  93.040 0.7500000000
39488  -5.972  -56.259  91.511 0.3750000000
41281  -7.096  -54.198  90.453 0.2500000000
125235  -7.642  -53.641  89.987 0.2500000000
42168  -8.149  -53.339  89.485 0.1250000000
42169  -8.887  -52.698  89.462 0.1250000000
54249  -31.793  -41.473  93.342 0.2500000000
50260  -30.197  -44.764  93.344 0.6250000000
50277  -30.069  -44.736  92.870 0.6250000000
52187  -32.078  -42.018  92.246 0.3750000000
52186  -31.681  -42.353  91.957 0.7500000000
41274  -7.169  -54.270  91.554 0.5000000000
136682  -28.477  -45.306  95.572 0.7500000000
51129  -28.651  -44.641  95.683 0.7500000000
52164  -29.016  -44.062  95.669 0.7500000000
126934  -29.328  -43.515  95.337 0.7500000000
53183  -29.160  -42.860  95.222 0.7500000000
135605  -29.733  -43.956  95.101 0.7500000000
131806  -30.020  -41.283  93.921 0.3750000000
143126  -31.160  -39.288  93.539 0.2500000000
43075  -9.746  -52.194  88.978 0.1250000000
50248  -29.767  -45.785  94.464 0.6250000000
55256  -30.424  -40.100  93.644 0.2500000000
55257  -31.415  -40.049  93.414 0.2500000000
55258  -32.158  -39.719  93.312 0.2500000000
49428  -29.692  -46.222  93.818 0.7500000000
50249  -30.231  -44.796  94.071 0.7500000000
133186  -30.941  -41.067  93.627 0.2500000000
135872  -31.655  -40.836  93.381 0.2500000000
137064  -32.194  -40.718  93.133 0.2500000000
49429  -29.920  -45.454  93.248 0.6250000000
54256  -32.139  -41.561  93.033 0.2500000000
50276  -29.713  -45.247  92.647 0.6250000000
53201  -32.356  -41.483  92.457 0.3750000000
53211  -32.194  -41.755  91.529 0.5000000000
52195  -31.759  -41.911  91.145 0.7500000000
53219  -32.361  -41.539  90.748 0.6250000000
136331  -7.286  -54.421  95.615 0.8750000000
41240  -8.214  -53.574  96.807 0.8750000000
43024  -12.429  -51.887  95.137 0.6250000000
43032  -12.959  -51.593  94.895 0.5000000000
42140  -11.820  -52.194  94.939 0.6250000000
148049  -13.384  -51.345  94.557 0.5000000000
43031  -12.478  -51.685  94.832 0.3750000000
41270  -7.308  -54.313  92.511 0.6250000000
43025  -13.867  -51.644  95.010 0.3750000000
42152  -8.228  -52.845  91.752 0.6250000000
42160  -7.533  -53.444  91.069 0.5000000000
42161  -8.321  -52.918  90.490 0.1250000000
43068  -9.760  -51.982  90.005 0.1250000000
46825  -28.177  -48.159  92.882 0.6250000000
48550  -29.314  -46.830  94.787 0.6250000000
54237  -28.371  -41.523  95.152 0.3750000000
54246  -29.007  -41.246  94.480 0.5000000000
125484  -28.238  -48.002  92.733 0.6250000000
49413  -29.533  -46.474  94.456 0.6250000000
56232  -28.582  -39.681  94.786 0.5000000000
56233  -29.374  -39.490  94.218 0.5000000000
56235  -31.828  -39.036  93.548 0.2500000000
43069  -10.526  -51.585  89.495 0.1250000000
46841  -27.284  -48.216  91.334 0.5000000000
48577  -29.140  -46.813  92.799 0.5000000000
49442  -29.621  -46.157  93.035 0.5000000000
56236  -32.413  -38.717  93.596 0.2500000000
48580  -28.332  -47.222  91.922 0.5000000000
55263  -32.812  -39.795  92.902 0.2500000000
126699  -32.870  -41.283  90.604 0.6250000000
53227  -32.529  -41.448  90.076 0.6250000000
142359  -32.299  -41.506  89.755 0.6250000000
42111  -7.887  -53.014  97.697 0.8750000000
42118  -7.056  -52.865  96.862 0.8750000000
41238  -7.171  -53.458  96.588 0.8750000000
41235  -8.036  -53.270  97.368 0.7500000000
41241  -8.949  -53.533  96.719 0.7500000000
41246  -9.630  -53.572  96.231 0.7500000000
40350  -8.271  -53.862  96.123 0.7500000000
40355  -8.816  -53.779  95.853 0.7500000000
40356  -9.319  -53.648  95.477 0.7500000000
40364  -9.394  -53.595  95.097 0.7500000000
140286  -9.951  -53.383  94.827 0.6250000000
41262  -9.778  -53.140  94.430 0.5000000000
41263  -10.569  -53.138  94.711 0.7500000000
147818  -10.809  -53.100  94.773 0.6250000000
145915  -11.892  -52.341  95.303 0.7500000000
125396  -10.707  -53.055  94.666 0.6250000000
42139  -11.307  -52.811  94.867 0.6250000000
43029  -11.349  -52.324  94.016 0.5000000000
43030  -11.797  -51.986  94.498 0.5000000000
130370  -10.662  -52.703  94.193 0.5000000000
43038  -12.331  -51.340  93.902 0.3750000000
43033  -14.207  -51.315  94.578 0.3750000000
43037  -11.687  -51.717  93.524 0.5000000000
50235  -28.202  -45.824  95.512 0.6250000000
43050  -12.227  -51.176  92.837 0.2500000000
43951  -14.065  -51.006  93.966 0.3750000000
45885  -27.131  -49.342  93.152 0.7500000000
42162  -9.199  -52.423  90.473 0.1250000000
45003  -26.316  -49.460  91.851 0.5000000000
46817  -28.303  -48.461  93.987 0.6250000000
126803  -24.986  -49.567  90.588 0.5000000000
45899  -27.336  -48.836  92.295 0.6250000000
146501  -26.199  -48.860  90.948 0.5000000000
57199  -32.957  -38.017  93.926 0.2500000000
55259  -32.924  -38.860  93.407 0.2500000000
123792  -33.127  -41.076  90.154 0.6250000000
53239  -32.797  -41.297  89.716 0.6250000000
53251  -32.074  -41.386  88.862 0.6250000000
129471  -7.314  -52.916  97.118 0.8750000000
42998  -6.392  -52.733  96.432 0.7500000000
42994  -8.096  -52.949  97.878 0.8750000000
42995  -8.624  -53.017  97.947 0.8750000000
42120  -9.368  -53.233  97.373 0.7500000000
42115  -10.415  -53.004  97.528 0.7500000000
43003  -10.869  -52.749  97.539 0.6250000000
137734  -5.688  -52.204  95.933 0.7500000000
43912  -6.435  -52.042  96.657 0.7500000000
43904  -7.056  -52.237  97.142 0.7500000000
124976  -7.792  -51.832  97.445 0.8750000000
43906  -8.251  -52.578  97.775 0.8750000000
43002  -8.767  -52.837  97.907 0.8750000000
42121  -10.046  -53.188  97.343 0.7500000000
42122  -11.028  -53.046  97.461 0.7500000000
42127  -11.031  -53.275  96.980 0.7500000000
42124  -11.979  -52.676  96.666 0.7500000000
43013  -12.721  -52.276  95.845 0.7500000000
43019  -12.645  -52.014  95.389 0.7500000000
44950  -5.625  -51.247  96.252 0.6250000000
44936  -6.178  -51.930  96.517 0.7500000000
44937  -6.516  -51.681  96.847 0.7500000000
41251  -10.085  -53.514  95.551 0.7500000000
41253  -11.288  -53.154  95.768 0.7500000000
42132  -11.598  -52.853  95.761 0.7500000000
42133  -12.025  -52.425  95.678 0.6250000000
41256  -10.721  -53.287  95.012 0.6250000000
42136  -11.241  -53.105  95.028 0.6250000000
142415  -11.474  -52.869  95.316 0.7500000000
147024  -12.168  -52.241  95.476 0.7500000000
43967  -13.973  -50.804  93.157 0.2500000000
47680  -27.768  -47.524  95.115 0.6250000000
48532  -27.925  -46.955  95.407 0.6250000000
140562  -14.768  -50.683  93.315 0.3750000000
142569  -26.884  -48.287  94.637 0.3750000000
43968  -14.994  -50.408  92.498 0.1250000000
44990  -26.076  -49.892  92.454 0.6250000000
44006  -24.221  -50.234  90.836 0.5000000000
43992  -25.365  -50.203  91.868 0.5000000000
44007  -24.745  -49.972  91.108 0.5000000000
57209  -33.607  -38.060  93.600 0.2500000000
130192  -34.039  -38.542  93.031 0.2500000000
55314  -33.359  -40.156  88.015 0.6250000000
44927  -9.502  -51.921  97.459 0.7500000000
42996  -9.283  -53.010  97.765 0.7500000000
126187  -10.777  -52.156  97.542 0.7500000000
43006  -13.239  -51.803  96.969 0.7500000000
43011  -14.300  -51.584  95.927 0.6250000000
142234  -6.742  -51.534  97.078 0.7500000000
44925  -7.210  -51.789  97.270 0.7500000000
43905  -7.573  -52.368  97.460 0.7500000000
44926  -8.479  -51.885  97.491 0.7500000000
44940  -9.819  -51.654  97.330 0.6250000000
43908  -10.019  -52.293  97.536 0.7500000000
44929  -11.210  -51.545  97.499 0.6250000000
43909  -11.985  -52.035  97.644 0.6250000000
43009  -12.613  -52.355  96.487 0.7500000000
43014  -13.684  -51.916  95.783 0.7500000000
43920  -15.203  -51.179  95.743 0.5000000000
43016  -15.337  -51.222  95.306 0.3750000000
45860  -5.251  -50.905  95.321 0.6250000000
45848  -5.986  -50.786  96.681 0.6250000000
45839  -6.489  -51.171  96.956 0.7500000000
45840  -6.816  -51.022  97.252 0.6250000000
45849  -7.527  -50.813  97.178 0.6250000000
44939  -8.841  -51.723  97.366 0.7500000000
45851  -10.101  -51.168  97.091 0.6250000000
44928  -10.380  -51.878  97.478 0.7500000000
123647  -13.067  -51.736  95.164 0.6250000000
43021  -14.593  -51.494  95.106 0.3750000000
46788  -5.198  -49.267  95.835 0.6250000000
131808  -6.268  -50.718  96.883 0.6250000000
46772  -6.768  -49.860  97.308 0.5000000000
141980  -7.145  -50.587  97.285 0.6250000000
46778  -7.475  -49.860  96.956 0.6250000000
45862  -8.241  -50.610  96.756 0.5000000000
45850  -9.067  -51.314  97.028 0.6250000000
43026  -14.712  -51.351  94.853 0.3750000000
47667  -5.390  -48.908  96.586 0.6250000000
46777  -5.974  -49.887  96.967 0.3750000000
46771  -6.270  -49.247  97.371 0.3750000000
47655  -7.000  -48.984  97.469 0.3750000000
47657  -7.263  -48.784  97.336 0.3750000000
47668  -7.631  -49.092  96.802 0.3750000000
141578  -4.859  -48.135  95.804 0.6250000000
47656  -5.808  -48.508  97.163 0.5000000000
47654  -6.700  -48.589  97.556 0.3750000000
147815  -27.039  -47.882  94.774 0.3750000000
43999  -14.652  -50.065  91.591 0.1250000000
44003  -22.185  -50.510  90.630 0.5000000000
44005  -23.403  -50.504  90.752 0.5000000000
57220  -34.264  -38.063  92.939 0.2500000000
45854  -12.829  -50.464  97.370 0.5000000000
131940  -13.414  -51.214  97.424 0.6250000000
146489  -14.002  -51.513  96.467 0.7500000000
45852  -11.066  -50.953  97.058 0.6250000000
133634  -11.799  -51.261  97.524 0.6250000000
44931  -13.156  -50.951  97.575 0.6250000000
44944  -15.609  -50.489  96.578 0.5000000000
45863  -9.251  -50.721  96.553 0.6250000000
44941  -10.797  -51.411  97.379 0.6250000000
47658  -7.756  -48.236  97.111 0.3750000000
47669  -8.124  -48.803  96.354 0.3750000000
46790  -8.057  -49.640  96.483 0.5000000000
43022  -15.633  -51.135  94.870 0.2500000000
49387  -4.531  -45.972  96.397 0.5000000000
135544  -4.917  -46.575  96.975 0.5000000000
48520  -5.708  -47.248  97.357 0.5000000000
47653  -6.284  -47.970  97.575 0.3750000000
48517  -6.773  -47.491  97.973 0.3750000000
133408  -7.097  -48.032  97.716 0.3750000000
43937  -15.383  -50.986  94.383 0.3750000000
49386  -4.486  -45.553  95.813 0.5000000000
48523  -4.560  -46.937  96.140 0.5000000000
47666  -5.254  -47.677  96.650 0.6250000000
43952  -15.045  -50.816  93.851 0.5000000000
43953  -16.105  -50.606  93.631 0.3750000000
132888  -17.665  -50.103  93.125 0.3750000000
43970  -18.433  -49.947  92.728 0.3750000000
43942  -20.292  -50.480  93.769 0.5000000000
130569  -15.675  -50.461  93.077 0.5000000000
43983  -16.849  -49.854  91.960 0.3750000000
128399  -17.804  -49.883  92.499 0.3750000000
43985  -18.352  -49.818  92.068 0.3750000000
126948  -19.290  -49.920  92.286 0.3750000000
43957  -20.581  -50.282  93.054 0.5000000000
123000  -16.096  -50.203  92.404 0.3750000000
43971  -20.072  -50.086  92.724 0.3750000000
123940  -21.645  -50.599  92.738 0.5000000000
43945  -23.210  -50.537  93.695 0.5000000000
44985  -15.868  -50.014  91.814 0.2500000000
123101  -22.292  -50.692  92.668 0.5000000000
45875  -25.505  -49.343  94.488 0.3750000000
44998  -15.503  -49.619  91.168 0.1250000000
133518  -23.465  -50.620  92.746 0.6250000000
147176  -3.725  -44.664  80.344 0.5000000000
51274  -4.204  -44.187  80.775 0.5000000000
46793  -12.120  -50.144  96.522 0.6250000000
44943  -12.233  -50.875  97.446 0.6250000000
45842  -12.918  -50.597  97.442 0.5000000000
44932  -13.916  -50.658  97.382 0.6250000000
138978  -10.393  -50.619  96.463 0.6250000000
45864  -11.646  -50.631  96.936 0.6250000000
46791  -8.657  -49.372  95.954 0.5000000000
45871  -9.358  -50.070  95.925 0.5000000000
49383  -5.479  -46.178  97.742 0.5000000000
49373  -6.964  -45.744  98.931 0.3750000000
49378  -6.839  -46.572  98.500 0.3750000000
49379  -7.491  -46.314  98.625 0.3750000000
48518  -7.519  -47.604  97.692 0.3750000000
48521  -8.107  -47.265  97.541 0.3750000000
134296  -8.285  -47.943  96.548 0.3750000000
50227  -4.898  -44.895  97.356 0.5000000000
49382  -4.798  -45.641  97.254 0.5000000000
48516  -6.247  -46.843  98.005 0.3750000000
129646  -4.604  -45.232  96.545 0.5000000000
43969  -16.875  -50.066  92.767 0.3750000000
144633  -4.779  -44.675  96.042 0.5000000000
50230  -4.508  -45.070  95.761 0.5000000000
43984  -17.623  -49.791  91.981 0.3750000000
51131  -4.541  -44.610  95.202 0.5000000000
50236  -4.206  -45.338  95.058 0.5000000000
44987  -17.502  -49.724  91.542 0.3750000000
129569  -18.870  -49.781  91.752 0.3750000000
43986  -19.654  -49.901  91.660 0.3750000000
44986  -16.810  -49.673  91.388 0.2500000000
52331  -3.368  -43.260  81.109 0.5000000000
52332  -3.962  -43.435  81.255 0.5000000000
58271  -30.970  -37.567  85.385 0.6250000000
47683  -10.134  -48.929  94.929 0.3750000000
139079  -10.875  -49.493  95.311 0.6250000000
48536  -9.247  -47.724  95.159 0.3750000000
46805  -9.380  -49.232  95.447 0.3750000000
46804  -8.753  -48.437  95.674 0.3750000000
46806  -10.217  -49.853  95.559 0.6250000000
49377  -6.106  -45.728  98.498 0.3750000000
49376  -5.372  -45.218  97.978 0.5000000000
49380  -8.097  -46.060  98.647 0.3750000000
51115  -5.399  -44.522  98.035 0.5000000000
51116  -5.498  -44.103  98.758 0.5000000000
50231  -4.797  -44.718  96.626 0.5000000000
146125  -5.318  -44.150  97.302 0.5000000000
51124  -4.875  -44.437  95.775 0.5000000000
44999  -17.756  -49.696  91.246 0.2500000000
44988  -18.196  -49.725  91.515 0.2500000000
45023  -19.341  -49.293  89.733 0.3750000000
58263  -29.667  -36.955  86.168 0.6250000000
58277  -30.345  -37.334  84.674 0.6250000000
142473  -8.678  -47.627  95.883 0.3750000000
48524  -8.592  -47.150  96.724 0.3750000000
49384  -8.343  -46.420  98.153 0.3750000000
49388  -8.580  -46.670  97.539 0.3750000000
51108  -5.808  -44.269  99.262 0.5000000000
50220  -7.193  -45.015  99.293 0.3750000000
51120  -5.465  -44.021  97.942 0.5000000000
59118  -29.410  -36.263  86.679 0.7500000000
59109  -30.022  -36.898  87.725 0.5000000000
59132  -28.984  -36.107  84.686 0.5000000000
59126  -29.188  -36.280  85.708 0.6250000000
58252  -29.731  -36.873  87.100 0.7500000000
53148  -6.149  -42.977  100.476 0.5000000000
60021  -29.287  -35.625  86.149 0.7500000000
60030  -29.093  -35.668  85.354 0.6250000000
60038  -28.826  -35.499  83.773 0.6250000000
125964  -29.030  -35.082  84.668 0.7500000000
130987  -28.902  -34.517  83.700 0.6250000000
61947  -28.816  -33.502  82.056 0.3750000000
144530  -29.371  -32.750  82.106 0.5000000000
61970  -28.952  -32.842  81.455 0.2500000000
61948  -30.161  -32.546  82.477 0.5000000000
61926  -29.307  -33.117  82.769 0.6250000000
62960  -30.666  -31.815  81.274 0.3750000000
62975  -30.161  -31.570  80.398 0.2500000000
123444  -31.182  -31.244  79.958 0.1250000000
61949  -31.236  -32.578  82.854 0.6250000000
62946  -31.028  -32.135  82.064 0.3750000000
61971  -33.080  -32.376  82.358 0.7500000000
62961  -31.844  -31.870  81.565 0.3750000000
62977  -32.536  -31.750  81.039 0.5000000000
132816  -33.243  -31.740  80.834 0.6250000000
62976  -31.444  -31.524  80.778 0.3750000000
145449  -32.818  -31.568  80.324 0.3750000000
123540  -33.337  -31.412  79.909 0.6250000000
139704  -31.092  -31.074  79.430 0.2500000000
140588  -32.693  -31.342  79.529 0.2500000000
62995  -33.290  -31.276  78.838 0.2500000000
60965  -33.655  -33.421  83.442 0.5000000000
61972  -33.699  -32.360  82.290 0.7500000000
62963  -33.180  -31.963  81.664 0.7500000000
61986  -33.790  -31.922  81.416 0.7500000000
63011  -33.891  -31.239  78.058 0.2500000000
63016  -38.304  -32.364  78.666 0.5000000000
62007  -38.860  -33.210  78.068 0.6250000000
62015  -36.286  -32.453  76.718 0.6250000000
62016  -37.638  -33.188  76.836 0.6250000000
62006  -37.990  -32.687  77.703 0.6250000000
140358  -39.186  -33.988  77.670 0.6250000000
61952  -34.088  -32.822  83.088 0.6250000000
60977  -34.601  -33.078  83.580 0.6250000000
61953  -34.915  -32.682  83.020 0.7500000000
60978  -35.275  -33.068  83.748 0.6250000000
61973  -34.515  -32.255  82.052 0.7500000000
147750  -34.455  -31.360  80.064 0.6250000000
61988  -35.228  -31.785  81.270 0.7500000000
62979  -35.085  -31.421  80.244 0.7500000000
63012  -34.577  -31.377  78.241 0.5000000000
62997  -34.850  -31.371  79.241 0.5000000000
63000  -37.602  -31.666  79.510 0.5000000000
63001  -38.527  -32.081  79.597 0.6250000000
63013  -35.370  -31.495  78.317 0.5000000000
63014  -36.304  -31.667  78.347 0.5000000000
63025  -34.455  -31.461  77.280 0.3750000000
63026  -35.108  -31.603  77.394 0.3750000000
63027  -35.927  -31.877  77.416 0.3750000000
63015  -37.319  -31.977  78.460 0.5000000000
62014  -35.625  -32.159  76.666 0.3750000000
123672  -40.936  -32.799  74.517 0.5000000000
61975  -36.336  -32.218  82.402 0.6250000000
61974  -35.462  -32.287  82.229 0.7500000000
62980  -35.880  -31.404  80.409 0.7500000000
61989  -36.080  -31.734  81.457 0.7500000000
62999  -36.606  -31.424  79.408 0.5000000000
61003  -43.204  -34.573  79.595 0.2500000000
64010  -40.813  -31.370  74.287 0.6250000000
63075  -41.029  -32.152  74.534 0.5000000000
143206  -41.247  -30.839  74.735 0.7500000000
63995  -41.171  -31.485  74.692 0.5000000000
64894  -40.879  -30.362  74.345 0.6250000000
72238  -46.281  -21.923  75.321 0.5000000000
73099  -46.978  -21.339  76.361 0.6250000000
74761  -47.591  -19.609  77.664 0.3750000000
75659  -48.029  -18.758  77.995 0.2500000000
73930  -47.143  -20.596  76.465 0.6250000000
74772  -47.364  -19.762  76.689 0.5000000000
75674  -47.739  -18.888  77.037 0.3750000000
75660  -48.696  -18.097  78.356 0.3750000000
76544  -49.584  -17.607  78.923 0.1250000000
76545  -50.150  -17.322  79.803 0.1250000000
76546  -50.904  -17.013  79.252 0.1250000000
75675  -48.420  -18.136  77.358 0.3750000000
76560  -49.347  -17.578  77.727 0.2500000000
65800  -41.509  -30.032  75.005 0.6250000000
65813  -40.575  -29.403  74.019 0.3750000000
65814  -41.213  -29.327  74.650 0.3750000000
70467  -44.973  -24.039  75.342 0.5000000000
71355  -45.720  -23.333  75.518 0.3750000000
72229  -46.286  -22.734  75.818 0.5000000000
72222  -46.773  -22.141  76.289 0.6250000000
74750  -47.848  -19.438  78.841 0.2500000000
75647  -48.327  -18.646  78.837 0.1250000000
138335  -48.834  -18.199  79.430 0.1250000000
47707  -28.930  -47.684  94.098 0.6250000000
46821  -28.228  -48.385  93.553 0.6250000000
144935  -28.145  -47.181  95.381 0.6250000000
45889  -27.146  -49.305  92.873 0.6250000000
122913  -23.300  -50.452  90.109 0.5000000000
43990  -24.148  -50.526  91.798 0.5000000000
54247  -30.533  -42.087  94.048 0.2500000000
50391  -3.641  -45.135  80.023 0.5000000000
42116  -6.097  -53.099  96.082 0.8750000000
43008  -6.275  -52.462  96.415 0.7500000000
43911  -5.913  -52.499  96.126 0.7500000000
42117  -6.547  -53.066  96.432 0.8750000000
42151  -7.701  -53.553  92.192 0.6250000000
41239  -7.657  -53.509  96.740 0.8750000000
126882  -8.966  -52.549  92.323 0.5000000000
43946  -23.820  -50.485  93.392 0.6250000000
44963  -26.390  -49.510  94.203 0.5000000000
44017  -22.441  -50.398  89.715 0.5000000000
54257  -32.565  -40.747  92.644 0.3750000000
145065  -5.570  -43.652  98.008 0.5000000000
52144  -5.515  -43.800  97.198 0.5000000000
43974  -22.001  -50.653  92.247 0.5000000000
43972  -20.888  -50.352  92.491 0.5000000000
43987  -20.425  -50.205  92.013 0.5000000000
54310  -33.107  -40.557  88.359 0.6250000000
56244  -33.519  -39.015  93.028 0.1250000000
57301  -33.108  -38.536  86.378 0.5000000000
58270  -30.107  -37.294  85.514 0.6250000000
61927  -30.251  -32.933  83.278 0.6250000000
48522  -4.383  -46.228  95.480 0.5000000000
44962  -25.803  -49.675  94.300 0.5000000000
44967  -24.530  -50.233  93.924 0.6250000000
45876  -26.181  -49.192  94.515 0.3750000000
52141  -5.586  -43.546  98.682 0.5000000000
51123  -4.476  -44.831  95.417 0.5000000000
137706  -34.174  -33.384  83.639 0.5000000000
39541  -7.312  -57.421  86.474 0.1250000000
41307  -8.019  -54.962  87.190 0.1250000000
146709  -8.446  -54.253  87.208 0.1250000000
42199  -10.114  -54.068  84.925 0.1250000000
53200  -31.905  -42.181  92.893 0.2500000000
54238  -28.875  -42.097  94.984 0.3750000000
53191  -29.628  -42.186  94.534 0.3750000000
55255  -29.520  -40.489  94.028 0.5000000000
56234  -30.367  -38.898  93.818 0.5000000000
48574  -29.309  -46.928  93.457 0.6250000000
50259  -30.006  -45.450  93.802 0.6250000000
132687  -28.762  -46.165  91.964 0.5000000000
41236  -8.659  -53.291  97.370 0.8750000000
45908  -27.172  -48.634  91.686 0.6250000000
47710  -28.874  -47.638  93.675 0.6250000000
54245  -28.237  -40.485  95.092 0.3750000000
47718  -28.049  -47.859  92.163 0.5000000000
47713  -28.893  -47.388  93.172 0.6250000000
56221  -28.736  -38.807  95.117 0.3750000000
57195  -29.611  -38.397  94.523 0.5000000000
48581  -28.755  -46.722  92.227 0.5000000000
143684  -28.123  -47.021  91.419 0.3750000000
135387  -7.878  -52.806  97.780 0.8750000000
42999  -6.937  -52.630  96.886 0.8750000000
42113  -8.974  -53.141  97.718 0.7500000000
142116  -10.311  -53.377  96.786 0.7500000000
41252  -10.770  -53.333  95.364 0.6250000000
42144  -11.342  -52.595  94.578 0.6250000000
143678  -26.002  -49.852  92.049 0.5000000000
45890  -27.441  -48.967  92.862 0.6250000000
45002  -25.494  -49.718  91.442 0.5000000000
45907  -26.697  -48.989  91.608 0.5000000000
124658  -7.410  -52.637  97.348 0.7500000000
43913  -6.781  -51.904  97.007 0.7500000000
139115  -9.021  -53.012  97.898 0.7500000000
42997  -10.105  -52.693  97.563 0.7500000000
129943  -11.746  -51.960  97.684 0.6250000000
43004  -11.507  -52.591  97.431 0.6250000000
44949  -5.862  -51.788  96.320 0.7500000000
44938  -7.962  -51.606  97.386 0.6250000000
41247  -10.802  -53.375  96.136 0.7500000000
42123  -11.575  -52.903  97.112 0.7500000000
42128  -11.511  -53.026  96.371 0.7500000000
43005  -12.249  -52.368  97.244 0.7500000000
42129  -11.994  -52.590  96.104 0.6250000000
43010  -13.455  -52.007  96.187 0.7500000000
41257  -11.197  -53.137  95.307 0.6250000000
43020  -13.649  -51.725  95.227 0.5000000000
45841  -7.295  -51.337  97.314 0.6250000000
141620  -8.278  -51.309  97.176 0.6250000000
44942  -11.591  -51.129  97.459 0.6250000000
44930  -12.322  -51.276  97.561 0.6250000000
43921  -15.994  -50.862  95.490 0.5000000000
45861  -5.420  -50.320  95.950 0.6250000000
46789  -5.651  -49.875  96.406 0.6250000000
46773  -7.113  -49.854  97.276 0.3750000000
144975  -8.645  -50.083  96.299 0.5000000000
45843  -13.689  -50.324  97.400 0.5000000000
45853  -12.088  -50.821  97.401 0.6250000000
143188  -7.280  -47.080  98.153 0.3750000000
43954  -16.964  -50.396  93.499 0.3750000000
43955  -18.349  -50.253  93.437 0.3750000000
124595  -19.173  -50.097  93.063 0.3750000000
43956  -19.796  -50.316  93.393 0.3750000000
43958  -21.104  -50.426  93.210 0.5000000000
124660  -21.159  -50.435  92.758 0.5000000000
44960  -24.146  -49.960  94.204 0.5000000000
46807  -11.890  -49.512  95.666 0.6250000000
45865  -12.615  -50.371  97.183 0.6250000000
46792  -11.236  -50.268  95.926 0.6250000000
48519  -7.814  -46.749  98.171 0.3750000000
51119  -5.184  -44.418  97.335 0.5000000000
136928  -5.107  -44.314  96.634 0.5000000000
47682  -9.419  -48.499  95.093 0.3750000000
50219  -6.328  -44.957  99.076 0.5000000000
50224  -5.668  -44.709  98.657 0.5000000000
51102  -6.098  -43.911  99.738 0.5000000000
52139  -5.730  -43.703  99.378 0.5000000000
48525  -9.035  -46.988  95.858 0.3750000000
62945  -29.912  -32.236  81.736 0.5000000000
62962  -32.664  -31.996  81.812 0.7500000000
123214  -32.129  -31.456  80.163 0.2500000000
62978  -33.868  -31.533  80.444 0.6250000000
62994  -31.823  -31.098  79.300 0.2500000000
62996  -34.028  -31.353  79.255 0.3750000000
61987  -34.473  -31.715  80.949 0.7500000000
62017  -38.499  -33.540  77.261 0.7500000000
63028  -36.930  -32.345  77.345 0.5000000000
62998  -35.665  -31.372  79.325 0.6250000000
64880  -41.723  -30.670  75.282 0.6250000000
73098  -46.565  -21.350  75.574 0.6250000000
74778  -47.023  -19.921  75.779 0.6250000000
128358  -48.066  -18.242  76.543 0.3750000000
124517  -47.570  -20.360  78.236 0.1250000000
48563  -24.604  -47.634  93.816 0.2500000000
135358  -21.793  -47.686  94.470 0.2500000000
48573  -23.546  -47.596  93.685 0.2500000000
48572  -22.435  -47.171  93.653 0.2500000000
49439  -22.790  -46.520  92.760 0.2500000000
48565  -26.708  -47.315  94.660 0.2500000000
49398  -27.345  -46.561  94.983 0.3750000000
49411  -25.725  -47.193  94.022 0.2500000000
49412  -26.629  -46.882  94.530 0.2500000000
49399  -27.700  -46.758  95.251 0.3750000000
48530  -19.431  -48.235  95.997 0.3750000000
49426  -25.023  -46.828  93.442 0.2500000000
49427  -25.742  -46.343  93.642 0.2500000000
125935  -26.744  -47.906  94.716 0.3750000000
47695  -27.423  -47.454  94.959 0.3750000000
145398  -21.646  -47.264  94.012 0.2500000000
49425  -23.484  -46.844  93.178 0.2500000000
49441  -24.368  -46.330  92.901 0.1250000000
50257  -25.322  -45.902  93.100 0.1250000000
48571  -21.392  -46.900  93.460 0.2500000000
139438  -22.049  -46.673  92.959 0.2500000000
49440  -23.563  -46.272  92.583 0.2500000000
50274  -24.727  -44.821  92.086 0.2500000000
139653  -24.865  -45.533  92.554 0.2500000000
50272  -22.100  -46.235  92.238 0.2500000000
50273  -23.064  -45.910  91.892 0.2500000000
50289  -23.673  -45.218  91.509 0.2500000000
51170  -24.124  -44.524  91.525 0.2500000000
51168  -22.929  -44.533  90.634 0.2500000000
51186  -23.192  -43.829  90.660 0.2500000000
51185  -22.547  -44.081  90.239 0.2500000000
53217  -22.724  -42.682  90.957 0.2500000000
46849  -26.802  -47.964  90.569 0.2500000000
50246  -26.404  -46.217  94.148 0.2500000000
134034  -27.029  -46.062  94.686 0.2500000000
50234  -27.795  -45.915  95.351 0.2500000000
48543  -19.433  -47.414  95.100 0.2500000000
48560  -20.224  -47.562  94.944 0.2500000000
50247  -26.725  -45.191  94.472 0.2500000000
138844  -19.727  -46.682  93.884 0.2500000000
49424  -20.442  -46.807  93.679 0.2500000000
50275  -25.540  -44.834  92.846 0.3750000000
49436  -19.928  -46.455  93.182 0.2500000000
49438  -21.479  -46.485  92.654 0.2500000000
52193  -24.581  -43.906  91.897 0.2500000000
52185  -24.946  -43.471  92.562 0.2500000000
50286  -20.527  -45.803  91.308 0.2500000000
137436  -22.110  -45.705  91.385 0.2500000000
50303  -22.124  -44.938  90.547 0.2500000000
52192  -23.805  -43.662  91.299 0.2500000000
52184  -24.192  -43.106  92.020 0.2500000000
53210  -24.397  -42.718  92.968 0.2500000000
51184  -21.126  -44.845  89.956 0.2500000000
126941  -21.903  -44.312  89.932 0.2500000000
51204  -22.081  -43.621  89.805 0.2500000000
52203  -23.218  -43.214  90.895 0.2500000000
136517  -22.910  -42.470  91.730 0.2500000000
53197  -22.502  -42.156  93.321 0.2500000000
47731  -27.445  -47.691  91.042 0.2500000000
47717  -27.710  -47.945  91.647 0.2500000000
52221  -22.069  -43.048  89.834 0.2500000000
53226  -22.117  -42.745  90.296 0.2500000000
53207  -22.002  -42.296  91.713 0.2500000000
53196  -21.664  -42.167  92.837 0.2500000000
127988  -27.020  -47.390  90.331 0.2500000000
53225  -21.459  -42.289  90.323 0.2500000000
54270  -21.213  -42.071  91.184 0.2500000000
54263  -20.817  -41.970  92.275 0.2500000000
54269  -20.266  -41.610  91.562 0.2500000000
54268  -19.576  -41.298  92.436 0.1250000000
50239  -27.425  -45.434  95.185 0.2500000000
49390  -27.997  -46.266  95.486 0.5000000000
48528  -17.764  -47.938  96.476 0.2500000000
51148  -26.115  -44.507  93.687 0.3750000000
51142  -26.500  -44.202  94.645 0.3750000000
49409  -18.172  -46.847  94.768 0.2500000000
49397  -18.607  -47.284  95.324 0.2500000000
52178  -25.947  -43.671  93.942 0.3750000000
49422  -18.428  -46.494  93.893 0.2500000000
53199  -24.491  -42.486  94.093 0.2500000000
50269  -18.950  -45.898  92.097 0.2500000000
53198  -23.472  -42.218  93.722 0.2500000000
50301  -19.454  -45.330  90.489 0.2500000000
50302  -20.374  -45.431  90.551 0.2500000000
53208  -22.542  -42.297  92.371 0.2500000000
51202  -20.498  -44.198  89.160 0.2500000000
51203  -21.418  -43.955  89.441 0.2500000000
53224  -20.957  -42.129  89.637 0.2500000000
54255  -20.627  -42.034  93.485 0.2500000000
53186  -21.436  -42.099  94.008 0.1250000000
53237  -21.046  -42.675  89.062 0.2500000000
54277  -20.733  -41.762  90.523 0.2500000000
54261  -19.391  -41.275  93.414 0.1250000000
54254  -19.687  -41.626  94.240 0.1250000000
135703  -20.433  -42.021  94.707 0.1250000000
54276  -20.044  -41.230  90.750 0.1250000000
55273  -19.141  -40.743  92.098 0.1250000000
54253  -19.021  -40.839  94.282 0.1250000000
49560  -3.440  -46.247  78.239 0.1250000000
44933  -14.809  -50.399  96.995 0.5000000000
46783  -16.094  -48.866  96.890 0.5000000000
143776  -27.489  -44.850  95.438 0.3750000000
146748  -27.952  -45.606  95.509 0.3750000000
48527  -17.078  -47.853  96.459 0.3750000000
52171  -26.726  -43.846  95.487 0.3750000000
51133  -27.102  -44.528  95.319 0.3750000000
49396  -17.881  -47.233  95.544 0.2500000000
52169  -25.374  -42.933  94.484 0.3750000000
49408  -17.465  -46.889  95.005 0.2500000000
53188  -23.400  -42.081  94.934 0.2500000000
53187  -22.189  -42.066  94.731 0.2500000000
129491  -21.111  -42.101  95.066 0.1250000000
47732  -27.676  -47.077  90.869 0.2500000000
51182  -19.110  -44.942  89.864 0.2500000000
54242  -19.792  -41.606  95.481 0.1250000000
48594  -27.613  -46.480  90.598 0.2500000000
51214  -20.255  -43.537  88.689 0.2500000000
53250  -20.370  -41.951  88.827 0.2500000000
54241  -19.377  -41.157  95.103 0.1250000000
54298  -19.635  -41.516  88.484 0.2500000000
125997  -19.907  -41.153  89.152 0.1250000000
55268  -19.014  -40.791  93.121 0.1250000000
55246  -18.691  -39.999  95.294 0.1250000000
55267  -18.698  -40.307  92.682 0.1250000000
50414  -3.210  -45.155  79.444 0.2500000000
124676  -3.298  -45.619  78.967 0.1250000000
130996  -3.250  -45.413  78.413 0.1250000000
46774  -14.821  -49.538  97.030 0.3750000000
52163  -27.424  -43.914  95.910 0.3750000000
51127  -27.751  -44.354  95.786 0.5000000000
138642  -28.024  -45.107  95.617 0.6250000000
47661  -15.950  -48.802  96.748 0.3750000000
52162  -27.011  -43.692  95.920 0.3750000000
48540  -16.859  -47.468  95.966 0.2500000000
52170  -26.075  -43.445  94.994 0.3750000000
53189  -24.529  -42.291  95.122 0.2500000000
50268  -18.039  -45.786  92.544 0.2500000000
53178  -22.283  -41.831  95.798 0.2500000000
49445  -29.243  -46.009  92.407 0.3750000000
50284  -18.818  -45.481  91.169 0.2500000000
54235  -21.485  -41.524  96.633 0.2500000000
49461  -27.917  -45.846  90.753 0.2500000000
48588  -28.046  -46.518  91.155 0.2500000000
52235  -18.587  -43.383  88.155 0.1250000000
138353  -18.789  -44.537  89.395 0.2500000000
54233  -19.979  -41.378  96.304 0.1250000000
54234  -20.647  -41.487  96.482 0.1250000000
133942  -18.946  -42.843  87.849 0.1250000000
53260  -19.539  -42.323  88.145 0.1250000000
54297  -18.909  -41.475  87.893 0.1250000000
55288  -18.840  -40.157  89.253 0.1250000000
55272  -18.863  -40.234  91.613 0.1250000000
55252  -18.496  -40.138  94.771 0.1250000000
55253  -19.111  -40.582  95.252 0.1250000000
56255  -18.136  -39.047  91.479 0.1250000000
56256  -18.413  -39.728  92.119 0.1250000000
56238  -18.089  -39.610  94.304 0.1250000000
55262  -18.548  -40.275  93.770 0.1250000000
56213  -18.420  -39.167  95.151 0.1250000000
56214  -19.142  -39.847  95.455 0.1250000000
56247  -17.873  -39.061  92.649 0.1250000000
56237  -17.699  -39.013  93.830 0.1250000000
56224  -17.798  -38.867  94.761 0.1250000000
56225  -18.138  -39.408  95.021 0.1250000000
57204  -17.696  -38.278  94.367 0.1250000000
148162  -18.337  -37.812  94.767 0.1250000000
131032  -18.520  -38.128  94.870 0.1250000000
58184  -19.295  -37.275  93.802 0.1250000000
144898  -19.078  -37.795  94.401 0.1250000000
52344  -3.613  -43.995  80.635 0.3750000000
52343  -3.173  -43.728  80.357 0.2500000000
51292  -3.460  -44.503  80.129 0.2500000000
51291  -3.029  -44.092  79.590 0.1250000000
51313  -2.942  -44.571  79.188 0.1250000000
52154  -27.621  -43.758  96.029 0.3750000000
147852  -28.009  -43.977  96.034 0.5000000000
51128  -28.150  -44.565  95.774 0.6250000000
47672  -15.846  -48.672  96.735 0.3750000000
52152  -26.506  -42.865  96.123 0.3750000000
123773  -16.221  -46.897  94.595 0.2500000000
48559  -16.438  -47.298  95.392 0.2500000000
53169  -25.782  -42.033  96.566 0.3750000000
49435  -16.406  -46.034  93.078 0.2500000000
125949  -16.916  -46.641  94.396 0.2500000000
53190  -25.491  -42.712  95.405 0.3750000000
50283  -17.364  -45.368  92.062 0.2500000000
53179  -23.427  -41.865  95.835 0.2500000000
147125  -29.405  -45.379  92.292 0.3750000000
52217  -17.367  -43.920  88.994 0.1250000000
51199  -17.564  -44.407  89.658 0.1250000000
51181  -18.204  -44.773  89.994 0.2500000000
49462  -28.568  -45.282  91.254 0.2500000000
124473  -29.019  -45.497  91.900 0.5000000000
52205  -31.146  -42.086  90.771 0.5000000000
53249  -18.126  -42.673  87.723 0.1250000000
52218  -18.150  -43.834  88.634 0.1250000000
51200  -18.159  -44.306  89.198 0.2500000000
54309  -18.187  -41.142  87.585 0.1250000000
140509  -18.750  -42.264  87.742 0.1250000000
55248  -19.901  -40.879  96.457 0.1250000000
54222  -20.442  -41.042  96.762 0.1250000000
52240  -30.172  -41.803  88.896 0.5000000000
123340  -30.943  -41.675  89.147 0.5000000000
52206  -31.784  -41.739  90.487 0.6250000000
145824  -32.282  -41.517  89.901 0.6250000000
55299  -17.725  -39.984  87.843 0.1250000000
56273  -18.476  -39.621  89.884 0.1250000000
56265  -18.539  -39.662  91.007 0.1250000000
56215  -19.922  -40.377  96.188 0.1250000000
148533  -31.978  -41.596  89.577 0.6250000000
52241  -31.374  -41.670  89.115 0.6250000000
125094  -31.496  -41.589  89.223 0.6250000000
57214  -17.617  -38.279  93.241 0.1250000000
57205  -19.270  -38.413  94.598 0.1250000000
52251  -30.962  -41.557  88.460 0.6250000000
58167  -17.881  -37.784  94.646 0.1250000000
58169  -18.685  -37.351  94.403 0.1250000000
57215  -19.613  -38.108  93.519 0.1250000000
52262  -30.702  -41.474  87.500 0.6250000000
58195  -19.625  -37.442  92.795 0.1250000000
59058  -19.456  -36.586  93.128 0.1250000000
59059  -19.672  -36.718  92.190 0.1250000000
52156  -28.351  -44.088  95.929 0.5000000000
46795  -13.895  -49.517  97.004 0.3750000000
47671  -14.386  -49.130  96.825 0.3750000000
53173  -28.588  -43.452  95.813 0.5000000000
135721  -14.667  -48.512  96.258 0.3750000000
48538  -15.237  -47.925  95.607 0.3750000000
52153  -27.163  -43.371  96.106 0.3750000000
138981  -14.931  -46.365  93.024 0.3750000000
141580  -30.496  -44.091  93.389 0.6250000000
141662  -15.786  -46.154  93.073 0.3750000000
50282  -16.406  -45.261  91.945 0.2500000000
53161  -24.931  -41.347  97.270 0.3750000000
50292  -30.132  -44.293  92.417 0.5000000000
51171  -30.270  -43.922  91.980 0.5000000000
51165  -15.996  -44.781  91.265 0.2500000000
51166  -16.908  -44.895  91.254 0.2500000000
53160  -23.873  -41.319  97.597 0.3750000000
50291  -29.634  -44.742  92.095 0.5000000000
51188  -29.671  -43.831  91.506 0.3750000000
52194  -31.262  -42.387  91.398 0.5000000000
51180  -17.295  -44.671  90.402 0.2500000000
54225  -22.799  -41.338  97.733 0.1250000000
53248  -17.215  -42.707  87.923 0.1250000000
54211  -21.719  -40.994  97.706 0.1250000000
54308  -17.406  -41.216  87.513 0.1250000000
54223  -21.124  -41.136  97.095 0.1250000000
56290  -17.444  -39.389  88.354 0.1250000000
56264  -18.132  -39.069  90.384 0.1250000000
140910  -31.948  -41.551  89.389 0.5000000000
52252  -31.085  -41.446  88.317 0.6250000000
52243  -31.658  -41.475  88.844 0.6250000000
134038  -19.953  -38.041  92.522 0.1250000000
57206  -20.002  -38.812  93.923 0.1250000000
123404  -30.303  -41.514  86.429 0.1250000000
58196  -19.938  -37.545  91.934 0.1250000000
126175  -19.791  -36.003  90.952 0.1250000000
59069  -19.817  -36.898  91.254 0.1250000000
124219  -30.788  -41.429  86.494 0.1250000000
53172  -28.013  -43.066  96.168 0.3750000000
46779  -13.394  -49.976  97.242 0.3750000000
122817  -27.591  -42.210  96.161 0.3750000000
53171  -27.453  -43.041  96.234 0.3750000000
47686  -13.889  -48.538  95.802 0.3750000000
54226  -26.952  -41.944  96.493 0.3750000000
145850  -26.352  -41.559  96.777 0.3750000000
49418  -14.695  -46.982  93.718 0.3750000000
48557  -14.836  -47.528  94.610 0.3750000000
53162  -25.790  -41.538  96.990 0.3750000000
133070  -15.171  -45.802  92.437 0.3750000000
54215  -25.028  -40.848  97.816 0.2500000000
54214  -24.122  -41.053  98.139 0.3750000000
51156  -30.497  -43.929  92.771 0.6250000000
51157  -31.105  -43.015  92.395 0.6250000000
132883  -31.546  -42.636  92.652 0.5000000000
51172  -30.722  -43.297  92.097 0.5000000000
52201  -15.989  -43.982  90.038 0.1250000000
51173  -31.292  -42.583  91.810 0.6250000000
54295  -15.417  -41.591  88.134 0.1250000000
52232  -16.004  -43.011  88.812 0.1250000000
55298  -15.781  -40.392  87.721 0.1250000000
54306  -15.884  -41.193  87.645 0.1250000000
52207  -32.148  -41.589  90.240 0.5000000000
143324  -17.030  -39.742  87.739 0.1250000000
52226  -32.511  -41.380  89.391 0.5000000000
53261  -32.156  -41.082  88.060 0.5000000000
58206  -20.175  -37.751  91.260 0.1250000000
52263  -31.155  -41.341  87.371 0.6250000000
53262  -32.607  -40.708  87.848 0.5000000000
59080  -19.837  -36.697  90.548 0.1250000000
53275  -32.137  -41.127  86.366 0.6250000000
52276  -30.995  -41.311  85.712 0.1250000000
52286  -30.311  -41.178  84.969 0.1250000000
47704  -13.476  -48.220  94.839 0.3750000000
46794  -12.963  -49.674  96.644 0.3750000000
54227  -27.125  -41.055  96.511 0.2500000000
49417  -12.972  -46.461  93.037 0.2500000000
48556  -13.954  -47.745  94.341 0.3750000000
55235  -26.221  -40.050  97.637 0.2500000000
49434  -14.244  -45.906  92.444 0.2500000000
52190  -14.146  -43.513  91.004 0.2500000000
50280  -14.663  -44.820  91.544 0.2500000000
52200  -15.201  -43.641  90.301 0.1250000000
53236  -15.241  -42.671  89.118 0.1250000000
54317  -32.987  -40.415  87.540 0.6250000000
54328  -32.767  -40.558  86.133 0.5000000000
123983  -31.739  -41.215  85.686 0.2500000000
54342  -32.537  -40.630  85.490 0.5000000000
53288  -31.277  -41.060  85.164 0.1250000000
134140  -12.085  -47.649  93.817 0.3750000000
47703  -12.510  -48.250  94.458 0.3750000000
47685  -12.750  -49.118  95.828 0.5000000000
53182  -28.306  -42.433  95.649 0.2500000000
48570  -12.599  -47.079  93.481 0.2500000000
54228  -27.755  -41.144  95.856 0.2500000000
56315  -33.397  -39.665  86.664 0.5000000000
55326  -33.291  -40.119  87.181 0.5000000000
138848  -33.113  -38.632  84.501 0.3750000000
55343  -32.927  -40.226  85.551 0.3750000000
55336  -33.139  -40.169  86.325 0.6250000000
143363  -32.782  -39.764  84.439 0.2500000000
55342  -32.667  -40.252  84.914 0.3750000000
54354  -31.799  -40.651  84.404 0.2500000000
47684  -11.082  -48.873  94.793 0.5000000000
125801  -12.100  -48.741  95.045 0.5000000000
55241  -27.386  -40.088  96.570 0.2500000000
55242  -27.867  -40.079  96.014 0.2500000000
55236  -26.969  -40.096  97.067 0.2500000000
58272  -32.101  -37.757  85.275 0.3750000000
58273  -32.725  -38.166  85.679 0.3750000000
57314  -33.112  -38.601  85.370 0.3750000000
57313  -32.847  -38.073  84.795 0.3750000000
58284  -31.951  -38.251  83.661 0.3750000000
144609  -32.933  -38.684  83.939 0.3750000000
57355  -31.729  -38.770  83.173 0.2500000000
56353  -31.896  -39.178  83.380 0.2500000000
57196  -30.440  -38.136  94.251 0.2500000000
56202  -26.857  -39.274  97.525 0.2500000000
57223  -6.545  -37.875  91.252 0.2500000000
58283  -31.202  -37.846  83.405 0.3750000000
143960  -30.980  -37.644  84.069 0.3750000000
58279  -32.291  -37.917  84.347 0.3750000000
58282  -30.370  -37.328  83.704 0.3750000000
56220  -28.215  -39.453  95.707 0.1250000000
56210  -27.727  -39.269  96.544 0.2500000000
57183  -28.244  -38.463  96.251 0.1250000000
56209  -27.293  -39.231  97.215 0.2500000000
133925  -27.528  -38.605  97.000 0.2500000000
57175  -27.897  -37.951  96.686 0.2500000000
132711  -7.019  -37.345  93.159 0.3750000000
58201  -5.897  -37.702  91.864 0.2500000000
57221  -5.120  -37.609  91.689 0.2500000000
58200  -4.618  -37.314  91.322 0.2500000000
59138  -29.638  -36.851  83.233 0.3750000000
57176  -28.536  -37.665  96.280 0.2500000000
57184  -29.112  -37.796  95.601 0.2500000000
59137  -29.072  -36.261  83.767 0.3750000000
59143  -28.972  -36.039  82.815 0.3750000000
60042  -28.598  -34.944  82.914 0.3750000000
60005  -4.230  -35.171  87.233 0.1250000000
60910  -4.304  -34.510  86.178 0.1250000000
134896  -35.304  -33.791  84.598 0.5000000000
60966  -34.767  -33.601  84.025 0.5000000000
60952  -35.883  -33.894  84.892 0.5000000000
60937  -36.416  -33.898  85.114 0.5000000000
137193  -36.008  -33.756  84.598 0.5000000000
60967  -35.638  -33.492  84.280 0.5000000000
60968  -36.449  -33.547  84.317 0.5000000000
122939  -36.831  -33.039  76.434 0.5000000000
61013  -38.102  -33.984  76.580 0.5000000000
61024  -38.460  -34.714  76.426 0.5000000000
60083  -38.751  -35.293  76.207 0.5000000000
59195  -39.320  -35.629  75.851 0.5000000000
60084  -40.159  -35.476  76.274 0.6250000000
60096  -40.415  -35.062  75.911 0.6250000000
138924  -40.896  -33.879  75.408 0.5000000000
60953  -36.750  -33.826  84.684 0.5000000000
60969  -37.231  -33.625  84.261 0.5000000000
60979  -36.108  -33.071  83.920 0.5000000000
60980  -36.813  -33.261  83.962 0.5000000000
61954  -35.776  -32.648  83.173 0.5000000000
60070  -39.215  -34.991  76.851 0.5000000000
59183  -39.479  -35.406  76.508 0.6250000000
59184  -39.907  -35.510  76.394 0.6250000000
61038  -40.597  -34.467  75.433 0.6250000000
63979  -41.468  -31.518  75.163 0.5000000000
65791  -43.075  -29.277  75.839 0.2500000000
64881  -42.227  -29.704  75.495 0.6250000000
66740  -43.116  -28.463  75.629 0.5000000000
65801  -41.884  -29.121  75.188 0.3750000000
66749  -42.279  -28.255  75.234 0.3750000000
66748  -41.537  -27.801  74.769 0.3750000000
67668  -42.958  -27.682  75.438 0.3750000000
122946  -36.715  -32.687  83.336 0.5000000000
61976  -37.169  -32.124  82.464 0.5000000000
62981  -36.812  -31.393  80.519 0.6250000000
61014  -38.906  -34.358  77.049 0.5000000000
59173  -40.116  -35.328  77.148 0.6250000000
147306  -43.166  -29.796  76.113 0.2500000000
65792  -43.834  -28.612  76.065 0.2500000000
68604  -42.827  -26.903  75.309 0.2500000000
67681  -42.208  -27.314  75.123 0.5000000000
62982  -37.743  -31.631  80.566 0.3750000000
64871  -43.704  -29.307  76.252 0.2500000000
65781  -44.300  -28.865  76.502 0.2500000000
66730  -44.507  -28.273  76.481 0.2500000000
65782  -44.916  -28.515  76.864 0.2500000000
66724  -45.653  -28.220  77.116 0.2500000000
66741  -44.184  -28.027  76.165 0.2500000000
67660  -44.704  -27.685  76.433 0.1250000000
67661  -45.408  -27.330  76.677 0.2500000000
66732  -45.928  -27.632  76.989 0.2500000000
67669  -43.533  -27.203  75.608 0.3750000000
68594  -44.814  -26.966  76.285 0.2500000000
68592  -43.352  -26.455  75.389 0.2500000000
68593  -44.111  -26.677  75.770 0.3750000000
68587  -45.635  -26.510  76.604 0.2500000000
69550  -43.882  -25.831  75.481 0.2500000000
69551  -44.821  -25.984  75.994 0.3750000000
69562  -43.101  -25.729  75.093 0.2500000000
67662  -46.056  -27.080  76.902 0.2500000000
69539  -46.214  -25.767  76.798 0.2500000000
70451  -45.210  -24.971  76.012 0.3750000000
69538  -45.564  -25.666  76.411 0.2500000000
69563  -43.579  -25.021  75.079 0.3750000000
127292  -44.402  -25.024  75.499 0.3750000000
70465  -43.409  -24.392  74.621 0.2500000000
70466  -44.082  -24.280  74.930 0.3750000000
69540  -46.930  -25.790  77.257 0.3750000000
143899  -45.940  -24.977  76.474 0.2500000000
70436  -46.692  -24.901  76.943 0.3750000000
70475  -43.735  -23.750  74.293 0.2500000000
141812  -46.303  -24.326  76.469 0.3750000000
71344  -47.356  -23.570  77.267 0.3750000000
70452  -45.744  -24.193  76.004 0.3750000000
71343  -46.807  -23.103  76.586 0.5000000000
71366  -45.205  -23.079  74.765 0.3750000000
72245  -45.253  -22.258  74.125 0.2500000000
73091  -47.285  -21.965  77.137 0.2500000000
135060  -47.320  -21.220  77.165 0.3750000000
73107  -45.832  -21.735  74.519 0.3750000000
73116  -45.813  -21.093  74.032 0.5000000000
73108  -46.217  -21.242  74.799 0.5000000000
73937  -46.754  -20.700  75.667 0.5000000000
73944  -46.225  -20.613  74.308 0.3750000000
75685  -47.508  -18.947  75.993 0.5000000000
74786  -46.918  -19.380  74.174 0.3750000000
75697  -47.659  -18.525  75.082 0.3750000000
74800  -46.819  -18.997  72.220 0.3750000000
74814  -47.168  -19.063  71.172 0.3750000000
75722  -47.443  -18.532  72.733 0.3750000000
143287  -47.354  -18.821  74.442 0.5000000000
75698  -48.033  -18.163  74.199 0.5000000000
126317  -48.344  -17.934  74.970 0.3750000000
75710  -48.163  -18.133  73.204 0.6250000000
76600  -48.952  -17.611  74.425 0.3750000000
74815  -48.400  -18.848  70.727 0.2500000000
75741  -48.906  -18.476  71.510 0.3750000000
74816  -49.581  -18.844  70.883 0.3750000000
142586  -48.621  -20.049  69.379 0.1250000000
74831  -49.293  -19.248  70.300 0.3750000000
75742  -49.865  -18.584  71.572 0.3750000000
133858  -50.153  -19.405  70.436 0.3750000000
73978  -50.619  -20.037  70.036 0.2500000000
73991  -53.095  -20.361  69.932 0.1250000000
73148  -53.450  -20.689  69.383 0.1250000000
73983  -55.036  -19.739  69.966 0.1250000000
74836  -55.888  -18.978  69.956 0.2500000000
73997  -54.838  -20.476  68.810 0.1250000000
74838  -55.552  -19.520  69.587 0.1250000000
73999  -55.937  -19.969  68.144 0.1250000000
75723  -48.436  -18.259  72.330 0.5000000000
76612  -48.765  -17.785  73.629 0.6250000000
144999  -49.292  -18.268  72.052 0.3750000000
75743  -50.600  -18.621  71.763 0.3750000000
74817  -50.597  -18.990  71.156 0.3750000000
74833  -51.643  -19.471  70.849 0.3750000000
74834  -52.277  -19.601  70.796 0.1250000000
74819  -52.897  -19.282  71.469 0.3750000000
73979  -51.593  -19.987  70.262 0.2500000000
73980  -53.038  -19.758  70.673 0.1250000000
73981  -53.764  -19.860  70.466 0.2500000000
129029  -54.849  -19.375  70.735 0.2500000000
73993  -54.625  -20.228  69.525 0.1250000000
74835  -55.361  -19.218  70.386 0.2500000000
144386  -56.281  -17.654  70.303 0.2500000000
75758  -56.260  -18.492  69.377 0.2500000000
74820  -54.134  -19.177  71.746 0.2500000000
74822  -55.169  -18.940  71.203 0.2500000000
143637  -55.556  -17.818  71.826 0.2500000000
144274  -6.671  -37.675  91.930 0.3750000000
58190  -6.268  -37.462  92.703 0.2500000000
60909  -4.087  -34.481  86.624 0.1250000000
137488  -37.337  -33.859  84.925 0.5000000000
52342  -2.657  -43.271  79.856 0.2500000000
60976  -28.596  -34.532  82.057 0.5000000000
52179  -31.321  -42.831  93.283 0.5000000000
43914  -14.084  -51.113  97.075 0.5000000000
44934  -15.769  -50.028  96.802 0.5000000000
51314  -3.258  -44.754  79.708 0.1250000000
45855  -13.514  -50.070  97.317 0.3750000000
45856  -14.178  -49.789  97.219 0.3750000000
148232  -31.649  -37.866  83.981 0.3750000000
58276  -29.481  -36.837  85.180 0.5000000000
62964  -36.973  -31.694  81.564 0.3750000000
140676  -41.549  -28.558  74.870 0.3750000000
71365  -44.501  -23.505  74.554 0.3750000000
72237  -45.783  -22.478  75.011 0.5000000000
73919  -47.400  -20.459  77.312 0.2500000000
49453  -28.450  -46.001  91.477 0.2500000000
64870  -42.538  -30.120  75.797 0.5000000000
75686  -48.190  -18.028  75.762 0.3750000000
48564  -26.086  -47.587  94.453 0.2500000000
129222  -19.866  -47.908  95.536 0.2500000000
48561  -20.907  -47.359  94.331 0.2500000000
128144  -24.215  -47.093  93.392 0.2500000000
50258  -26.041  -45.461  93.599 0.3750000000
50290  -24.076  -45.647  92.150 0.2500000000
139816  -25.183  -44.152  92.425 0.2500000000
147880  -24.179  -45.095  91.750 0.2500000000
50271  -21.178  -46.062  91.903 0.2500000000
50288  -22.951  -45.227  91.074 0.2500000000
51169  -23.521  -44.512  91.019 0.2500000000
52202  -22.614  -43.264  90.357 0.2500000000
53216  -21.967  -42.405  90.842 0.2500000000
50240  -27.752  -45.022  95.524 0.3750000000
49410  -19.943  -47.098  94.390 0.2500000000
131925  -19.076  -46.861  94.439 0.2500000000
49423  -19.205  -46.438  93.587 0.2500000000
49437  -20.743  -46.521  92.803 0.2500000000
51155  -25.651  -43.920  93.033 0.2500000000
50270  -20.052  -46.075  92.208 0.2500000000
52177  -25.254  -43.154  93.421 0.2500000000
50287  -21.257  -45.562  90.862 0.2500000000
53218  -23.444  -42.874  91.491 0.2500000000
53209  -23.426  -42.467  92.453 0.2500000000
52220  -21.587  -43.216  89.389 0.2500000000
145216  -20.095  -41.714  92.298 0.2500000000
47674  -17.071  -48.029  96.542 0.3750000000
48542  -18.210  -47.610  95.993 0.2500000000
48541  -17.530  -47.540  96.105 0.2500000000
50256  -19.364  -46.213  92.847 0.2500000000
50255  -18.628  -46.136  93.065 0.2500000000
50285  -19.697  -45.713  91.264 0.2500000000
51183  -20.036  -44.948  89.810 0.2500000000
50300  -18.690  -45.163  90.494 0.2500000000
52219  -20.937  -43.396  88.931 0.2500000000
51201  -19.543  -44.473  89.247 0.2500000000
129108  -20.380  -41.465  89.771 0.2500000000
54243  -20.423  -41.855  95.763 0.1250000000
52237  -20.351  -42.845  88.564 0.2500000000
55279  -19.416  -40.651  90.943 0.1250000000
45844  -14.442  -50.225  97.249 0.5000000000
45845  -15.179  -49.772  97.003 0.5000000000
47662  -16.631  -48.399  96.540 0.5000000000
47673  -16.588  -48.285  96.549 0.5000000000
45846  -16.061  -49.467  96.749 0.5000000000
51134  -27.457  -44.301  95.725 0.3750000000
48526  -16.446  -47.931  96.323 0.3750000000
52161  -26.307  -43.163  95.726 0.3750000000
49395  -17.334  -47.238  95.635 0.2500000000
49421  -17.621  -46.562  94.147 0.2500000000
54236  -22.506  -41.536  96.718 0.2500000000
50254  -17.818  -46.173  93.332 0.2500000000
54244  -21.253  -41.886  95.823 0.1250000000
128449  -18.204  -45.509  91.794 0.2500000000
55247  -19.453  -40.511  95.788 0.1250000000
52236  -19.521  -43.317  88.304 0.2500000000
55301  -19.269  -40.827  88.661 0.1250000000
55289  -19.427  -40.534  89.742 0.1250000000
46782  -15.302  -49.136  96.884 0.3750000000
47660  -15.217  -49.083  96.911 0.3750000000
46781  -14.630  -49.429  97.014 0.3750000000
49407  -16.888  -47.040  95.243 0.2500000000
53181  -25.664  -42.399  96.085 0.3750000000
138555  -17.371  -45.832  92.828 0.2500000000
51167  -17.907  -45.128  91.034 0.2500000000
51212  -18.947  -44.042  88.728 0.2500000000
55300  -18.493  -40.506  88.097 0.1250000000
142619  -18.016  -38.674  95.126 0.1250000000
143691  -18.283  -38.545  95.137 0.1250000000
46796  -14.361  -49.369  96.985 0.3750000000
46780  -14.056  -49.678  97.189 0.3750000000
132079  -14.835  -48.947  96.806 0.3750000000
47687  -15.490  -48.213  96.174 0.3750000000
53170  -26.608  -42.393  96.381 0.3750000000
49420  -16.340  -46.412  93.728 0.2500000000
48539  -16.091  -47.688  95.871 0.3750000000
50253  -17.016  -46.210  93.448 0.2500000000
50267  -16.755  -45.693  92.676 0.2500000000
50266  -16.003  -45.664  92.519 0.2500000000
53168  -24.804  -41.674  96.662 0.3750000000
53180  -24.620  -42.045  95.937 0.3750000000
53167  -23.632  -41.545  96.714 0.3750000000
52233  -16.844  -43.246  88.529 0.1250000000
50305  -29.142  -44.793  91.596 0.3750000000
51189  -30.561  -42.977  91.629 0.5000000000
53258  -17.394  -42.066  87.539 0.1250000000
55240  -21.067  -40.892  97.189 0.1250000000
143469  -30.837  -41.825  90.117 0.5000000000
52224  -31.661  -41.659  89.652 0.6250000000
56291  -18.208  -39.743  88.764 0.1250000000
148275  -31.100  -41.763  88.944 0.6250000000
123064  -14.152  -48.792  96.422 0.3750000000
47670  -13.616  -49.029  96.383 0.3750000000
47659  -14.713  -49.309  97.011 0.3750000000
48537  -14.366  -48.106  95.258 0.3750000000
48558  -15.764  -47.425  95.072 0.3750000000
49419  -15.597  -46.630  93.746 0.3750000000
50281  -15.416  -45.236  91.798 0.2500000000
54205  -24.251  -40.621  98.312 0.3750000000
51179  -16.433  -44.486  90.584 0.2500000000
51178  -15.585  -44.247  90.727 0.1250000000
51198  -16.842  -44.217  89.792 0.2500000000
52216  -16.433  -43.652  89.266 0.1250000000
54307  -16.653  -41.566  87.571 0.1250000000
53247  -16.436  -42.560  88.209 0.1250000000
55311  -16.498  -40.776  87.515 0.1250000000
133614  -17.727  -38.509  89.889 0.1250000000
137090  -31.468  -41.330  86.425 0.5000000000
130432  -13.058  -48.653  95.395 0.3750000000
54217  -26.555  -40.898  96.962 0.2500000000
146813  -14.300  -47.413  94.006 0.3750000000
50265  -14.495  -45.352  91.927 0.2500000000
51164  -15.140  -44.542  91.241 0.1250000000
52215  -15.579  -43.376  89.561 0.1250000000
127747  -15.238  -40.864  88.017 0.1250000000
56289  -16.534  -39.208  88.133 0.1250000000
52264  -31.777  -41.188  87.248 0.6250000000
48555  -13.044  -47.766  93.985 0.3750000000
131450  -13.973  -46.519  92.989 0.3750000000
49433  -13.273  -45.837  92.548 0.2500000000
147795  -13.659  -47.197  93.585 0.2500000000
52191  -14.792  -43.907  90.850 0.1250000000
53245  -14.974  -41.940  88.742 0.1250000000
127403  -32.182  -40.708  84.938 0.2500000000
142766  -11.326  -47.339  93.912 0.3750000000
56321  -33.207  -39.729  85.711 0.5000000000
56327  -33.027  -39.736  84.950 0.3750000000
57341  -32.351  -38.611  83.719 0.3750000000
58290  -31.673  -38.498  83.249 0.2500000000
67670  -44.180  -27.444  75.987 0.2500000000
66731  -45.171  -27.936  76.790 0.2500000000
68588  -46.451  -26.517  77.067 0.3750000000
130166  -46.774  -23.961  76.803 0.3750000000
70437  -47.248  -24.320  77.285 0.3750000000
72223  -47.328  -22.743  77.165 0.3750000000
70453  -46.282  -23.593  76.191 0.3750000000
143117  -44.763  -22.874  74.145 0.2500000000
144458  -46.597  -20.090  74.854 0.5000000000
126556  -47.110  -19.310  75.061 0.5000000000
74793  -46.406  -19.921  73.780 0.3750000000
74794  -46.738  -19.121  73.239 0.5000000000
75709  -47.369  -18.668  73.670 0.5000000000
74813  -46.305  -19.563  71.695 0.3750000000
75740  -47.783  -18.589  71.748 0.5000000000
73976  -48.577  -19.469  69.948 0.2500000000
75724  -50.044  -18.237  72.181 0.3750000000
73988  -50.238  -20.517  69.390 0.2500000000
74832  -51.002  -19.508  70.653 0.3750000000
73147  -52.730  -20.884  69.253 0.1250000000
73161  -54.086  -20.705  69.023 0.1250000000
73160  -53.766  -21.142  68.258 0.1250000000
73992  -53.960  -20.372  69.812 0.1250000000
74844  -55.736  -19.773  68.827 0.1250000000
75755  -56.127  -18.310  70.215 0.2500000000
75754  -55.631  -18.654  70.749 0.2500000000
75746  -55.923  -17.919  71.008 0.2500000000
73998  -55.418  -20.257  68.502 0.1250000000
137897  -56.227  -19.530  67.743 0.1250000000
74839  -56.029  -19.199  69.127 0.1250000000
134655  -52.430  -20.069  70.249 0.1250000000
73990  -52.068  -20.644  69.645 0.2500000000
73967  -53.634  -19.420  71.197 0.2500000000
73982  -54.443  -19.848  70.254 0.2500000000
74821  -54.691  -19.095  71.530 0.2500000000
76639  -55.850  -17.080  71.372 0.2500000000
134562  -16.070  -50.977  95.169 0.2500000000
43915  -14.918  -51.051  96.430 0.3750000000
44945  -16.423  -50.204  96.405 0.3750000000
131015  -16.647  -50.613  95.593 0.3750000000
43918  -18.024  -50.100  95.826 0.3750000000
124164  -16.755  -50.754  95.253 0.2500000000
43929  -17.662  -50.608  94.925 0.2500000000
43922  -17.452  -50.470  95.460 0.2500000000
58176  -34.193  -36.884  94.554 0.1250000000
142362  -33.612  -37.291  94.428 0.1250000000
49374  -7.729  -45.624  99.029 0.2500000000
44935  -16.648  -50.008  96.421 0.3750000000
44946  -17.412  -49.786  96.189 0.3750000000
123446  -18.498  -50.385  95.368 0.2500000000
43930  -18.553  -50.508  94.800 0.2500000000
47701  -10.460  -48.212  94.471 0.2500000000
47702  -11.411  -48.125  94.249 0.3750000000
43941  -19.061  -50.545  94.380 0.2500000000
48553  -10.672  -47.411  94.231 0.2500000000
58162  -34.287  -36.468  94.905 0.1250000000
48552  -9.953  -47.520  94.626 0.2500000000
49415  -11.398  -46.072  93.619 0.2500000000
49416  -12.026  -46.255  93.197 0.2500000000
59044  -34.434  -36.489  94.392 0.1250000000
59034  -34.495  -35.972  94.830 0.1250000000
52133  -6.143  -43.443  100.067 0.3750000000
145887  -7.089  -43.717  100.797 0.3750000000
49404  -10.203  -46.653  94.588 0.2500000000
49405  -10.904  -46.521  94.026 0.2500000000
50252  -11.612  -45.301  93.398 0.2500000000
51104  -7.558  -44.093  100.582 0.2500000000
51111  -8.223  -44.576  100.146 0.2500000000
49393  -9.439  -46.367  95.849 0.2500000000
49394  -9.942  -45.902  95.251 0.2500000000
137892  -10.468  -45.898  94.533 0.2500000000
50245  -10.976  -45.548  94.072 0.2500000000
133120  -33.666  -36.564  95.110 0.1250000000
57200  -34.088  -37.351  93.981 0.1250000000
130384  -34.349  -36.893  94.084 0.1250000000
50221  -7.979  -45.022  99.480 0.2500000000
50222  -8.721  -44.897  99.567 0.2500000000
51140  -11.273  -44.675  94.181 0.2500000000
51147  -11.866  -44.347  93.523 0.2500000000
58187  -34.241  -37.247  93.485 0.1250000000
49381  -8.656  -45.723  98.550 0.2500000000
49385  -8.930  -46.088  97.968 0.2500000000
50232  -9.502  -45.616  97.551 0.2500000000
50237  -9.677  -45.715  96.420 0.2500000000
50238  -10.270  -45.091  95.958 0.2500000000
50244  -10.587  -45.046  94.871 0.2500000000
50226  -9.756  -44.888  98.929 0.2500000000
50228  -9.308  -45.433  98.420 0.2500000000
50229  -9.956  -45.007  98.151 0.2500000000
50233  -10.064  -45.009  97.108 0.2500000000
141256  -10.827  -44.509  95.694 0.2500000000
51141  -11.770  -43.830  94.390 0.2500000000
51125  -10.706  -44.436  96.630 0.2500000000
127920  -11.256  -44.201  95.074 0.2500000000
44951  -18.942  -50.072  95.878 0.2500000000
43923  -19.339  -50.257  95.537 0.2500000000
134821  -7.822  -42.013  102.622 0.2500000000
43931  -19.189  -50.458  94.996 0.2500000000
53139  -6.969  -41.833  102.486 0.3750000000
53143  -7.544  -42.494  102.037 0.2500000000
43924  -19.825  -50.323  95.171 0.2500000000
128192  -6.430  -42.037  101.310 0.3750000000
53149  -6.408  -42.654  101.159 0.3750000000
52128  -7.018  -42.922  101.567 0.3750000000
48554  -11.706  -46.834  93.621 0.2500000000
52129  -7.809  -43.026  101.620 0.3750000000
132935  -8.604  -43.366  101.279 0.2500000000
49432  -12.355  -45.609  92.824 0.1250000000
52134  -6.605  -43.337  100.914 0.3750000000
51105  -8.421  -44.026  100.746 0.2500000000
147994  -12.088  -44.842  92.923 0.2500000000
50263  -12.719  -44.979  92.469 0.1250000000
59033  -34.104  -36.021  95.393 0.1250000000
51112  -9.059  -44.461  100.217 0.2500000000
51152  -12.397  -44.141  92.868 0.1250000000
131107  -33.689  -35.261  95.815 0.1250000000
50223  -9.477  -44.706  99.589 0.2500000000
145196  -33.310  -36.978  94.847 0.1250000000
141325  -12.293  -43.379  93.665 0.2500000000
52183  -12.686  -43.297  92.743 0.2500000000
58161  -32.808  -36.620  95.046 0.1250000000
51117  -10.468  -44.507  98.697 0.2500000000
51121  -10.610  -44.489  97.731 0.2500000000
51126  -11.205  -43.874  97.313 0.2500000000
52168  -12.238  -43.068  94.722 0.2500000000
126759  -12.531  -42.600  94.190 0.2500000000
44947  -18.540  -49.710  96.103 0.3750000000
134641  -8.033  -41.409  102.963 0.2500000000
54189  -7.127  -41.447  103.062 0.3750000000
44953  -20.025  -50.053  95.628 0.2500000000
135516  -6.630  -41.391  102.027 0.3750000000
43932  -20.382  -50.442  94.488 0.3750000000
133386  -19.710  -50.508  94.475 0.3750000000
60829  -34.196  -34.626  95.411 0.1250000000
53144  -8.505  -42.482  102.047 0.2500000000
52131  -9.049  -42.868  101.507 0.2500000000
59939  -34.319  -35.432  95.301 0.1250000000
54197  -6.286  -42.512  100.411 0.3750000000
52130  -8.300  -42.856  101.720 0.2500000000
52136  -9.566  -43.236  101.018 0.2500000000
52137  -10.391  -43.046  100.871 0.2500000000
53153  -5.879  -43.119  99.572 0.3750000000
51106  -9.302  -43.818  100.679 0.2500000000
51107  -10.114  -43.600  100.554 0.2500000000
51113  -9.885  -44.250  100.174 0.2500000000
59933  -32.898  -35.454  95.883 0.1250000000
125546  -10.248  -44.436  99.493 0.2500000000
53206  -13.056  -42.565  92.583 0.1250000000
51118  -10.917  -44.014  99.208 0.2500000000
45024  -20.159  -49.496  89.229 0.3750000000
58160  -31.853  -36.770  94.919 0.1250000000
51122  -11.125  -44.007  98.349 0.2500000000
53195  -12.690  -42.547  93.390 0.1250000000
51132  -11.380  -43.834  96.163 0.2500000000
52159  -11.811  -43.454  95.359 0.2500000000
143454  -12.816  -41.907  94.103 0.2500000000
45847  -17.044  -49.316  96.419 0.3750000000
45857  -18.086  -49.327  96.298 0.3750000000
56181  -10.384  -40.239  101.673 0.1250000000
141864  -11.223  -39.796  101.410 0.1250000000
55211  -9.146  -40.732  102.467 0.1250000000
55212  -9.893  -40.732  101.893 0.1250000000
55214  -10.918  -40.987  101.612 0.1250000000
44952  -19.591  -49.956  95.904 0.3750000000
45859  -19.564  -49.546  96.174 0.2500000000
142885  -9.718  -41.365  101.987 0.1250000000
54188  -6.623  -41.184  102.846 0.3750000000
53140  -8.900  -41.928  102.386 0.2500000000
54192  -11.591  -41.484  101.449 0.1250000000
44954  -20.621  -49.793  95.553 0.2500000000
129114  -20.748  -49.333  95.827 0.2500000000
53145  -9.397  -42.426  101.737 0.2500000000
53150  -10.863  -42.525  101.237 0.2500000000
43943  -21.051  -50.465  93.840 0.3750000000
43933  -21.123  -50.386  94.488 0.3750000000
44958  -21.317  -50.082  95.090 0.2500000000
55218  -6.558  -40.387  101.893 0.3750000000
52132  -9.921  -42.758  101.297 0.2500000000
50264  -13.586  -45.235  92.092 0.1250000000
43944  -21.681  -50.543  93.954 0.3750000000
43934  -21.994  -50.347  94.446 0.3750000000
45872  -22.352  -49.857  94.985 0.3750000000
60828  -33.471  -34.317  95.753 0.1250000000
59945  -34.543  -35.093  94.725 0.1250000000
123822  -10.708  -43.296  100.442 0.2500000000
51153  -13.112  -44.227  92.169 0.1250000000
136658  -22.446  -50.595  93.798 0.3750000000
44959  -23.086  -50.254  94.269 0.3750000000
45873  -22.927  -49.397  95.029 0.3750000000
135975  -34.541  -35.958  94.244 0.1250000000
143662  -11.195  -43.473  99.540 0.2500000000
52140  -11.195  -43.164  100.072 0.2500000000
53205  -13.280  -43.333  92.089 0.1250000000
51114  -10.674  -43.834  99.998 0.2500000000
59934  -32.962  -34.816  95.947 0.1250000000
45025  -20.976  -49.794  88.676 0.2500000000
59932  -31.315  -35.164  95.627 0.1250000000
52145  -11.672  -43.413  97.956 0.2500000000
52160  -12.157  -42.804  96.644 0.2500000000
124312  -12.976  -41.872  93.127 0.1250000000
45039  -20.499  -49.433  88.207 0.2500000000
44029  -21.390  -50.157  89.027 0.3750000000
59931  -30.464  -35.620  95.762 0.1250000000
52150  -11.775  -43.296  96.992 0.2500000000
147216  -11.901  -43.194  96.178 0.2500000000
45040  -21.213  -49.828  87.682 0.2500000000
44031  -22.370  -50.391  88.803 0.3750000000
53185  -12.565  -42.286  95.068 0.2500000000
54252  -13.066  -41.303  93.664 0.1250000000
44041  -21.627  -50.118  88.115 0.2500000000
44042  -22.064  -50.393  87.715 0.2500000000
44032  -23.133  -50.373  88.814 0.2500000000
45015  -24.332  -49.970  90.095 0.3750000000
58149  -29.212  -37.091  96.101 0.1250000000
59020  -29.268  -36.488  96.091 0.1250000000
44055  -22.106  -50.523  87.037 0.2500000000
44033  -23.569  -50.254  88.633 0.3750000000
141062  -25.218  -49.207  90.151 0.3750000000
58148  -28.495  -37.246  96.370 0.1250000000
59043  -28.663  -36.063  95.516 0.1250000000
46840  -26.581  -48.529  90.917 0.2500000000
59052  -27.751  -36.299  93.714 0.1250000000
58157  -27.682  -36.941  96.284 0.1250000000
59042  -27.437  -36.774  94.430 0.1250000000
145016  -27.539  -36.004  92.216 0.1250000000
58198  -26.540  -37.440  92.169 0.1250000000
58171  -26.775  -37.317  94.885 0.1250000000
135557  -26.837  -37.395  93.812 0.1250000000
59051  -27.314  -36.832  93.275 0.1250000000
59060  -27.116  -36.661  92.197 0.1250000000
59986  -26.887  -36.034  90.507 0.1250000000
58208  -26.538  -37.202  91.457 0.1250000000
59976  -27.039  -36.405  91.180 0.1250000000
59993  -26.568  -35.424  89.433 0.1250000000
59081  -26.431  -36.904  90.511 0.1250000000
46776  -16.537  -49.140  96.617 0.3750000000
56182  -11.679  -40.268  101.495 0.1250000000
55209  -8.219  -40.628  103.029 0.2500000000
56177  -9.438  -40.332  102.128 0.2500000000
55215  -12.180  -40.766  101.406 0.1250000000
46787  -20.083  -49.212  96.201 0.3750000000
56175  -7.877  -39.797  102.980 0.2500000000
54193  -12.198  -41.471  101.282 0.1250000000
45866  -20.089  -49.663  95.951 0.3750000000
55208  -6.876  -40.333  103.255 0.3750000000
56174  -7.146  -39.619  103.064 0.3750000000
53152  -12.150  -41.962  101.017 0.2500000000
53147  -11.605  -42.014  101.332 0.2500000000
55213  -6.522  -40.736  102.538 0.3750000000
53151  -11.694  -42.412  100.878 0.2500000000
47690  -22.318  -48.679  95.231 0.3750000000
46799  -22.157  -49.038  95.462 0.3750000000
46798  -21.502  -49.136  95.620 0.2500000000
53154  -11.745  -42.671  100.218 0.2500000000
47691  -23.058  -48.794  94.996 0.3750000000
135730  -23.452  -48.932  94.865 0.2500000000
133238  -33.968  -33.789  95.443 0.1250000000
60839  -34.327  -33.923  94.905 0.1250000000
59957  -34.462  -35.224  94.129 0.1250000000
52143  -11.709  -42.906  99.424 0.2500000000
51162  -13.598  -43.973  91.689 0.1250000000
53215  -13.806  -42.805  91.058 0.1250000000
48545  -25.015  -47.939  94.153 0.1250000000
47692  -24.034  -48.744  94.458 0.2500000000
46808  -23.824  -49.123  94.621 0.2500000000
143109  -32.695  -33.319  95.429 0.1250000000
59956  -34.209  -35.108  93.747 0.1250000000
46809  -25.045  -49.052  94.572 0.3750000000
61797  -32.122  -33.680  95.292 0.1250000000
61811  -32.490  -32.927  95.146 0.1250000000
52142  -11.439  -43.437  98.851 0.2500000000
52146  -11.964  -42.899  98.494 0.2500000000
53214  -13.488  -42.679  91.860 0.1250000000
54267  -13.849  -41.947  91.007 0.1250000000
48546  -26.164  -47.942  94.601 0.2500000000
143332  -25.886  -49.173  94.557 0.2500000000
61822  -31.222  -32.731  93.721 0.1250000000
52151  -12.107  -42.870  97.574 0.2500000000
53166  -12.373  -42.323  97.152 0.2500000000
54240  -12.813  -41.634  94.867 0.1250000000
133003  -13.635  -42.165  91.654 0.1250000000
130626  -26.080  -48.384  94.598 0.2500000000
46810  -26.141  -48.748  94.598 0.2500000000
61796  -31.429  -34.063  95.140 0.1250000000
125741  -12.214  -42.836  95.698 0.2500000000
55251  -13.188  -40.746  94.234 0.1250000000
129810  -13.411  -41.986  92.347 0.1250000000
54266  -13.600  -41.421  91.858 0.1250000000
54260  -13.217  -41.341  92.776 0.1250000000
56201  -26.121  -39.349  97.719 0.1250000000
59053  -28.211  -36.060  94.537 0.1250000000
57172  -25.684  -38.686  97.023 0.1250000000
59061  -27.707  -36.036  92.848 0.1250000000
60860  -27.881  -35.442  92.184 0.1250000000
59954  -28.697  -35.472  94.248 0.1250000000
57181  -25.525  -38.315  95.845 0.1250000000
57182  -26.362  -37.949  96.490 0.1250000000
59977  -27.494  -35.850  91.676 0.1250000000
60872  -27.858  -34.973  91.478 0.1250000000
57173  -26.705  -38.360  97.301 0.1250000000
60877  -27.091  -35.239  90.054 0.1250000000
59987  -27.404  -35.503  90.893 0.1250000000
60883  -26.876  -34.714  89.342 0.1250000000
58124  -13.818  -37.842  101.535 0.1250000000
137866  -14.323  -38.274  101.702 0.1250000000
57145  -14.877  -37.838  101.782 0.1250000000
57144  -14.614  -38.563  101.542 0.1250000000
57152  -14.914  -38.806  101.098 0.1250000000
58125  -15.264  -38.179  100.825 0.1250000000
58987  -13.329  -37.185  100.738 0.1250000000
58123  -12.934  -38.085  100.988 0.1250000000
57151  -13.563  -38.617  101.613 0.1250000000
57143  -14.032  -39.003  101.753 0.1250000000
57156  -14.830  -38.718  100.328 0.1250000000
57140  -10.246  -39.508  101.433 0.1250000000
56183  -12.723  -39.967  101.441 0.1250000000
56184  -13.499  -39.617  101.472 0.1250000000
56185  -14.227  -39.337  101.301 0.1250000000
56191  -14.463  -39.391  100.548 0.1250000000
56179  -8.264  -39.486  102.513 0.3750000000
57139  -9.275  -39.055  101.625 0.1250000000
57148  -9.966  -38.731  101.056 0.1250000000
55217  -12.970  -40.221  101.364 0.1250000000
56190  -13.856  -40.020  100.609 0.1250000000
56194  -14.162  -39.203  99.557 0.1250000000
47665  -19.607  -48.906  96.336 0.3750000000
46786  -19.285  -49.183  96.368 0.3750000000
57135  -7.468  -39.002  102.608 0.3750000000
58113  -8.809  -38.337  101.404 0.1250000000
55216  -12.789  -40.812  101.192 0.1250000000
56188  -13.448  -40.090  101.166 0.1250000000
56193  -13.913  -39.913  99.895 0.1250000000
56173  -6.713  -39.762  102.857 0.3750000000
57134  -6.813  -38.946  102.632 0.2500000000
58112  -7.597  -37.925  101.909 0.2500000000
55220  -13.195  -40.730  100.636 0.2500000000
54199  -12.963  -41.397  100.090 0.1250000000
55223  -13.437  -40.594  99.931 0.1250000000
147814  -13.599  -39.735  99.192 0.1250000000
46797  -20.881  -48.989  95.974 0.3750000000
143362  -6.546  -39.203  102.433 0.3750000000
57136  -6.437  -38.420  102.071 0.2500000000
125061  -12.392  -42.143  100.383 0.2500000000
144149  -13.315  -40.306  99.247 0.1250000000
57160  -13.628  -39.358  98.562 0.1250000000
47678  -21.690  -48.870  95.565 0.3750000000
129803  -6.283  -38.396  101.665 0.3750000000
54198  -12.646  -41.945  99.517 0.2500000000
54203  -12.920  -41.072  99.172 0.2500000000
143472  -13.077  -40.629  98.598 0.2500000000
56197  -13.351  -39.729  97.658 0.1250000000
51163  -14.251  -44.130  91.301 0.1250000000
48544  -22.993  -48.503  94.742 0.3750000000
61798  -33.170  -32.763  95.277 0.1250000000
60851  -34.406  -34.199  94.309 0.1250000000
61812  -34.233  -33.024  94.302 0.1250000000
135259  -12.223  -42.469  99.735 0.2500000000
54202  -12.617  -41.782  98.615 0.2500000000
54210  -12.889  -41.157  98.196 0.2500000000
55231  -13.129  -40.532  97.832 0.2500000000
54221  -12.877  -41.086  97.233 0.1250000000
47705  -23.827  -48.254  94.134 0.1250000000
60850  -34.328  -34.443  93.909 0.1250000000
60864  -33.772  -34.222  93.383 0.1250000000
53156  -12.280  -42.403  98.989 0.2500000000
54209  -12.622  -41.757  97.675 0.2500000000
55238  -13.131  -40.278  96.783 0.1250000000
61823  -31.655  -32.860  94.392 0.1250000000
53159  -12.356  -42.360  98.096 0.2500000000
54220  -12.619  -41.716  96.691 0.1250000000
54231  -12.998  -41.076  96.211 0.1250000000
55245  -13.159  -40.319  95.791 0.1250000000
132809  -13.061  -41.031  95.152 0.1250000000
53177  -12.412  -42.285  96.170 0.1250000000
54274  -13.890  -41.080  90.904 0.1250000000
61833  -30.531  -33.167  93.250 0.1250000000
54230  -12.697  -41.683  95.705 0.1250000000
60849  -30.530  -34.079  94.416 0.1250000000
55266  -13.399  -40.813  92.403 0.1250000000
62840  -30.100  -32.968  92.260 0.1250000000
61832  -29.788  -33.515  92.681 0.1250000000
61842  -29.371  -33.298  91.774 0.1250000000
139054  -25.410  -39.860  98.072 0.1250000000
61841  -28.693  -33.549  91.283 0.1250000000
61831  -28.989  -33.943  92.154 0.1250000000
60879  -28.190  -33.817  90.780 0.1250000000
57194  -25.488  -38.535  94.589 0.1250000000
61847  -27.762  -33.782  90.018 0.1250000000
60873  -28.299  -34.180  91.402 0.1250000000
129806  -28.370  -34.689  92.133 0.1250000000
59965  -28.777  -35.051  93.630 0.1250000000
58170  -26.269  -37.961  94.209 0.1250000000
143276  -26.370  -37.854  93.364 0.1250000000
60892  -26.635  -34.229  88.656 0.1250000000
60884  -27.212  -34.028  89.293 0.1250000000
127730  -27.361  -34.446  89.843 0.1250000000
60878  -27.706  -34.510  90.638 0.1250000000
57219  -25.517  -38.422  92.329 0.1250000000
58197  -26.047  -37.882  91.815 0.1250000000
59992  -26.130  -36.014  89.104 0.1250000000
59999  -26.324  -35.118  88.832 0.1250000000
58988  -13.920  -36.456  101.213 0.1250000000
126449  -14.065  -37.149  101.519 0.1250000000
58981  -14.484  -36.694  101.869 0.1250000000
57153  -15.107  -38.052  101.332 0.1250000000
58134  -15.549  -37.531  100.537 0.1250000000
58132  -12.291  -37.465  100.197 0.1250000000
46785  -18.490  -49.045  96.434 0.3750000000
58131  -11.253  -37.584  99.942 0.1250000000
58121  -10.673  -38.212  100.457 0.1250000000
57161  -14.519  -38.420  99.320 0.1250000000
45858  -18.944  -49.432  96.290 0.3750000000
58120  -9.481  -37.926  100.665 0.1250000000
135681  -20.293  -48.896  96.189 0.3750000000
125512  -8.380  -37.485  101.117 0.1250000000
136265  -13.962  -38.730  98.703 0.1250000000
47689  -21.568  -48.551  95.406 0.3750000000
58118  -6.325  -37.237  101.185 0.1250000000
58119  -7.261  -37.237  101.304 0.1250000000
131787  -13.667  -38.777  97.687 0.1250000000
48562  -22.760  -47.957  94.307 0.3750000000
58110  -6.211  -37.946  101.569 0.3750000000
58111  -6.517  -37.761  101.704 0.1250000000
61799  -33.916  -33.010  95.023 0.1250000000
62826  -33.980  -32.519  94.399 0.1250000000
62836  -34.140  -32.253  93.804 0.1250000000
61825  -34.169  -32.519  93.625 0.1250000000
62843  -34.313  -32.092  93.225 0.1250000000
57155  -6.814  -38.319  100.193 0.3750000000
145103  -13.219  -39.834  96.188 0.1250000000
134897  -13.308  -39.389  95.595 0.1250000000
62824  -32.945  -32.348  94.857 0.1250000000
62834  -32.731  -32.092  94.224 0.1250000000
62835  -33.835  -32.232  94.171 0.1250000000
61824  -34.215  -33.389  93.720 0.1250000000
61836  -34.190  -32.463  92.939 0.1250000000
133576  -13.217  -40.093  94.897 0.1250000000
62842  -31.624  -32.178  93.156 0.1250000000
62833  -31.949  -32.334  94.014 0.1250000000
63800  -32.480  -31.806  93.456 0.1250000000
61844  -33.982  -32.861  92.138 0.2500000000
61843  -32.922  -33.485  91.671 0.2500000000
56223  -13.259  -39.867  93.980 0.1250000000
62841  -30.839  -32.580  92.749 0.1250000000
55261  -13.189  -40.566  93.235 0.1250000000
143526  -13.561  -39.670  91.785 0.1250000000
55271  -13.652  -40.436  91.612 0.1250000000
55276  -13.965  -40.224  90.643 0.1250000000
62848  -30.464  -32.373  91.819 0.1250000000
122938  -29.687  -32.725  91.416 0.1250000000
55227  -24.018  -40.328  98.438 0.1250000000
61848  -28.486  -33.329  90.522 0.1250000000
61849  -29.031  -33.069  91.043 0.1250000000
57171  -24.695  -39.115  97.101 0.1250000000
61855  -28.168  -33.214  89.690 0.1250000000
59091  -25.979  -36.857  89.607 0.1250000000
59900  -14.460  -35.812  101.609 0.1250000000
58109  -14.993  -36.257  102.158 0.1250000000
58115  -15.009  -37.098  102.173 0.1250000000
58116  -15.415  -37.369  101.702 0.1250000000
59906  -13.624  -35.346  99.900 0.1250000000
58982  -15.916  -36.924  101.546 0.1250000000
58989  -15.954  -36.997  100.968 0.1250000000
58999  -15.200  -37.180  99.565 0.1250000000
138875  -17.250  -48.269  96.528 0.3750000000
47663  -17.870  -48.560  96.494 0.3750000000
59905  -12.960  -35.830  99.276 0.1250000000
58133  -15.135  -38.043  99.971 0.1250000000
58996  -11.681  -36.885  99.477 0.1250000000
58138  -14.673  -37.640  98.934 0.1250000000
58130  -10.124  -37.431  99.893 0.1250000000
57164  -14.166  -38.120  98.279 0.1250000000
47677  -19.926  -48.632  96.132 0.3750000000
58994  -8.961  -36.522  99.759 0.1250000000
47688  -20.802  -48.663  95.801 0.3750000000
58117  -6.111  -37.540  101.115 0.1250000000
58985  -6.951  -36.709  100.733 0.1250000000
59903  -6.841  -35.609  99.331 0.2500000000
58141  -13.842  -37.871  97.291 0.1250000000
57170  -13.590  -38.379  96.737 0.1250000000
142146  -22.062  -48.281  94.975 0.2500000000
139862  -20.943  -48.067  95.234 0.2500000000
58984  -5.989  -36.850  100.676 0.1250000000
126469  -5.696  -36.402  99.919 0.2500000000
59911  -5.280  -35.690  99.121 0.2500000000
56204  -13.365  -39.254  96.628 0.1250000000
57157  -6.066  -37.493  99.802 0.3750000000
57158  -7.107  -38.204  99.096 0.3750000000
145039  -13.406  -38.704  95.238 0.1250000000
63809  -32.192  -31.585  92.572 0.1250000000
62850  -34.681  -32.144  92.001 0.2500000000
62849  -31.288  -31.966  92.214 0.1250000000
61851  -34.443  -32.392  91.477 0.2500000000
61850  -32.730  -33.468  90.653 0.2500000000
54213  -23.212  -41.104  98.295 0.1250000000
62855  -29.349  -32.587  90.567 0.1250000000
142594  -23.864  -39.337  97.076 0.1250000000
145847  -28.871  -32.981  90.593 0.1250000000
57207  -24.629  -39.126  94.451 0.1250000000
57230  -24.698  -38.906  91.905 0.1250000000
61854  -27.572  -33.500  89.197 0.1250000000
57231  -25.434  -38.359  91.433 0.1250000000
57246  -25.326  -38.242  90.613 0.1250000000
60891  -26.042  -34.803  88.139 0.1250000000
59998  -25.756  -35.687  88.382 0.1250000000
58137  -6.325  -37.553  98.673 0.2500000000
58135  -5.062  -36.417  98.648 0.2500000000
60798  -4.937  -35.413  98.507 0.2500000000
59909  -4.479  -35.661  98.155 0.2500000000
58140  -6.757  -37.515  97.796 0.2500000000
58139  -5.828  -36.934  98.027 0.2500000000
59002  -4.504  -35.957  98.445 0.2500000000
138836  -4.394  -35.519  97.622 0.2500000000
60812  -4.344  -35.041  97.187 0.1250000000
142623  -4.427  -34.401  96.991 0.1250000000
123028  -6.582  -37.199  97.102 0.2500000000
59016  -5.561  -36.723  97.094 0.2500000000
139452  -4.533  -36.087  97.212 0.2500000000
60822  -4.350  -34.934  96.625 0.1250000000
128676  -4.388  -34.471  96.739 0.1250000000
61774  -4.558  -33.683  96.425 0.1250000000
58143  -6.421  -36.945  96.307 0.2500000000
59025  -5.683  -36.591  96.204 0.2500000000
59014  -4.709  -36.037  96.555 0.1250000000
61852  -34.412  -32.486  90.737 0.2500000000
58151  -6.389  -36.786  95.488 0.2500000000
61857  -33.668  -33.139  90.204 0.2500000000
58164  -7.084  -36.966  94.860 0.2500000000
60896  -33.342  -33.728  88.411 0.2500000000
60901  -26.255  -34.035  87.915 0.1250000000
61862  -26.792  -33.603  88.250 0.1250000000
131061  -4.525  -34.781  95.814 0.1250000000
123259  -4.635  -33.877  95.419 0.1250000000
59024  -5.225  -36.269  95.998 0.1250000000
59940  -4.784  -35.460  95.308 0.1250000000
60830  -4.868  -34.682  94.895 0.1250000000
59036  -5.214  -36.285  95.012 0.2500000000
59035  -4.862  -36.012  94.653 0.1250000000
60831  -5.099  -33.816  94.563 0.1250000000
58180  -7.273  -37.196  93.978 0.2500000000
63841  -35.320  -31.299  90.143 0.1250000000
60920  -36.918  -33.750  85.454 0.3750000000
60152  -38.019  -35.059  71.957 0.1250000000
61107  -38.495  -34.392  71.675 0.1250000000
62125  -38.517  -33.619  71.258 0.1250000000
62891  -39.933  -32.183  85.540 0.1250000000
61885  -40.801  -32.330  85.578 0.1250000000
62028  -37.295  -33.753  76.209 0.3750000000
61023  -37.676  -34.412  76.049 0.2500000000
60082  -38.005  -34.991  75.816 0.2500000000
59206  -38.590  -35.618  75.218 0.2500000000
142048  -38.954  -35.667  74.543 0.3750000000
61022  -37.024  -34.150  75.624 0.2500000000
60094  -37.411  -35.243  75.116 0.2500000000
128725  -38.073  -35.703  74.576 0.2500000000
59222  -38.777  -35.664  73.925 0.2500000000
60139  -39.684  -34.708  73.134 0.3750000000
61051  -36.228  -35.052  74.469 0.2500000000
59205  -37.567  -35.684  74.270 0.2500000000
58351  -38.277  -35.729  73.741 0.2500000000
60138  -39.338  -34.778  72.684 0.2500000000
132262  -40.249  -33.679  72.971 0.5000000000
126653  -40.426  -32.251  73.041 0.2500000000
64893  -40.437  -31.021  73.763 0.2500000000
60093  -36.704  -35.261  74.623 0.2500000000
59221  -37.382  -35.786  73.339 0.2500000000
144425  -39.922  -33.761  72.550 0.2500000000
63111  -40.346  -32.794  72.849 0.5000000000
132622  -40.365  -30.179  73.752 0.3750000000
66761  -40.119  -28.605  73.702 0.2500000000
133946  -40.321  -27.859  73.883 0.2500000000
146661  -40.710  -26.748  74.126 0.2500000000
68614  -40.929  -26.052  74.127 0.2500000000
59256  -38.162  -35.473  72.619 0.2500000000
61127  -39.039  -33.842  71.826 0.1250000000
63127  -39.352  -32.885  71.891 0.1250000000
64030  -39.550  -31.561  72.293 0.2500000000
64902  -40.014  -30.522  73.210 0.2500000000
66768  -39.521  -28.716  73.219 0.2500000000
69576  -41.260  -25.264  73.876 0.2500000000
62126  -39.076  -33.366  71.639 0.2500000000
128576  -39.028  -32.105  71.727 0.2500000000
124855  -38.865  -31.098  72.026 0.1250000000
67697  -40.829  -27.464  74.285 0.2500000000
64038  -38.124  -32.295  71.167 0.1250000000
61037  -40.262  -34.810  75.020 0.5000000000
60095  -39.924  -35.400  75.467 0.5000000000
60122  -39.722  -34.944  73.735 0.5000000000
62074  -40.459  -33.435  73.525 0.5000000000
63094  -40.591  -32.528  73.465 0.5000000000
68603  -42.238  -26.484  74.976 0.2500000000
70472  -41.653  -24.617  73.452 0.2500000000
70464  -42.770  -24.878  74.604 0.2500000000
70480  -42.609  -23.666  73.200 0.1250000000
71373  -43.404  -23.387  73.545 0.2500000000
70474  -42.961  -24.011  74.090 0.2500000000
62892  -41.402  -32.069  86.209 0.1250000000
61896  -41.435  -32.460  85.575 0.1250000000
147319  -41.622  -32.529  85.197 0.1250000000
61958  -42.176  -32.765  81.927 0.2500000000
61934  -42.243  -32.436  83.913 0.2500000000
61053  -40.562  -33.986  74.618 0.5000000000
62055  -40.415  -33.813  73.883 0.5000000000
124114  -40.475  -33.102  73.208 0.5000000000
62075  -40.718  -32.766  73.877 0.5000000000
64009  -40.599  -31.866  73.619 0.5000000000
69561  -42.431  -25.732  74.786 0.2500000000
69577  -41.953  -25.069  74.279 0.2500000000
71382  -43.861  -22.764  73.082 0.2500000000
71375  -44.563  -22.470  73.489 0.2500000000
72253  -44.311  -22.208  72.648 0.2500000000
72254  -45.000  -21.793  73.142 0.3750000000
66762  -40.866  -28.425  74.341 0.2500000000
67680  -41.456  -26.826  74.602 0.2500000000
140645  -45.471  -21.574  73.823 0.3750000000
61959  -42.822  -32.851  82.627 0.2500000000
129828  -43.314  -32.826  83.242 0.1250000000
60985  -42.613  -34.381  80.455 0.1250000000
61980  -43.051  -33.806  81.426 0.2500000000
60986  -43.434  -34.509  80.591 0.2500000000
61960  -43.800  -33.651  82.349 0.1250000000
73115  -45.439  -21.163  73.236 0.3750000000
141322  -42.771  -26.273  75.131 0.2500000000
73949  -45.831  -20.471  73.289 0.3750000000
74799  -46.214  -19.677  72.760 0.3750000000
76613  -49.656  -17.619  73.679 0.3750000000
76602  -51.057  -17.742  74.608 0.2500000000
76614  -50.686  -17.730  73.807 0.3750000000
76592  -52.098  -18.284  75.953 0.2500000000
76580  -52.488  -18.201  76.771 0.2500000000
75676  -52.758  -18.444  76.077 0.2500000000
75687  -52.624  -18.547  75.275 0.2500000000
76581  -52.708  -17.717  77.283 0.1250000000
76582  -53.309  -17.855  76.515 0.1250000000
76603  -51.826  -18.251  74.982 0.2500000000
75677  -53.057  -18.252  76.451 0.2500000000
77457  -53.483  -17.332  76.218 0.1250000000
77463  -53.240  -16.652  75.994 0.1250000000
75701  -53.202  -18.581  74.518 0.2500000000
75688  -53.455  -18.175  75.979 0.2500000000
77464  -53.776  -16.956  75.505 0.1250000000
75728  -53.606  -18.574  72.951 0.2500000000
76605  -54.397  -18.031  74.467 0.2500000000
76594  -54.176  -17.456  75.038 0.1250000000
74802  -53.223  -18.909  72.268 0.2500000000
78331  -53.468  -16.197  75.030 0.1250000000
75729  -54.204  -18.383  73.165 0.2500000000
75703  -54.304  -18.288  73.790 0.1250000000
77472  -54.603  -17.133  74.208 0.1250000000
78338  -53.890  -15.666  74.267 0.1250000000
139093  -54.188  -18.592  72.690 0.2500000000
75715  -54.672  -18.093  73.191 0.2500000000
76615  -54.742  -17.744  73.707 0.2500000000
78339  -54.651  -15.956  73.833 0.1250000000
135071  -54.682  -18.399  72.636 0.2500000000
75716  -55.074  -17.946  72.750 0.2500000000
77480  -55.347  -16.540  72.954 0.2500000000
75745  -55.426  -18.440  71.562 0.1250000000
76625  -55.332  -17.256  72.630 0.1250000000
76662  -56.576  -17.689  67.770 0.1250000000
78348  -55.221  -15.675  73.242 0.2500000000
135748  -56.468  -16.979  69.854 0.1250000000
77511  -56.427  -16.164  70.113 0.1250000000
77515  -56.487  -16.094  69.297 0.1250000000
77525  -56.469  -15.968  68.417 0.1250000000
78407  -56.078  -15.390  68.126 0.1250000000
79204  -54.374  -15.071  73.782 0.1250000000
79252  -56.105  -14.710  69.553 0.1250000000
79242  -56.031  -14.430  70.312 0.2500000000
79260  -55.720  -14.533  69.384 0.1250000000
79258  -54.436  -14.555  69.612 0.1250000000
78393  -54.640  -14.941  69.003 0.1250000000
78392  -53.721  -15.245  69.306 0.1250000000
77531  -54.391  -15.840  67.729 0.1250000000
79251  -55.662  -13.977  70.360 0.2500000000
79249  -54.208  -14.036  70.346 0.1250000000
79257  -53.266  -14.799  70.021 0.1250000000
78384  -52.091  -14.938  70.294 0.1250000000
78390  -51.343  -15.445  69.753 0.1250000000
77514  -52.013  -15.990  69.087 0.1250000000
78383  -50.531  -15.060  69.861 0.1250000000
77524  -53.533  -16.040  68.030 0.1250000000
78391  -52.571  -15.434  69.586 0.1250000000
77513  -51.015  -16.003  69.151 0.1250000000
78402  -50.152  -15.858  69.107 0.1250000000
77523  -52.530  -16.302  68.354 0.1250000000
146721  -52.113  -16.736  67.919 0.1250000000
77529  -51.321  -16.878  67.879 0.1250000000
77527  -49.425  -16.707  67.866 0.1250000000
76667  -49.075  -17.732  66.350 0.1250000000
126662  -51.601  -16.439  68.527 0.1250000000
76668  -50.672  -17.724  66.496 0.1250000000
79247  -51.737  -14.228  70.744 0.1250000000
143527  -48.727  -16.493  67.730 0.1250000000
60827  -32.605  -34.119  95.637 0.1250000000
61810  -31.859  -33.282  94.844 0.1250000000
60826  -31.780  -34.450  95.488 0.1250000000
143449  -31.048  -34.490  95.313 0.1250000000
60838  -30.882  -34.269  94.979 0.1250000000
60825  -30.644  -34.822  95.403 0.1250000000
58150  -30.008  -36.510  95.820 0.1250000000
59944  -29.485  -35.586  95.572 0.1250000000
59955  -29.458  -34.997  94.578 0.1250000000
60848  -29.923  -34.318  94.061 0.1250000000
60861  -28.854  -34.554  92.902 0.1250000000
44028  -20.618  -49.845  89.593 0.3750000000
56186  -6.362  -39.215  102.072 0.3750000000
57147  -6.325  -38.425  101.101 0.3750000000
57162  -7.385  -38.074  98.115 0.3750000000
57159  -7.827  -38.691  98.395 0.3750000000
61834  -33.283  -33.750  92.574 0.2500000000
62931  -41.726  -32.334  83.111 0.2500000000
61979  -42.118  -33.444  80.964 0.1250000000
44030  -21.883  -50.299  89.347 0.3750000000
136772  -42.951  -34.650  80.217 0.2500000000
45016  -24.655  -49.474  89.649 0.3750000000
58175  -32.719  -37.345  94.559 0.1250000000
45921  -25.727  -48.789  90.234 0.2500000000
44019  -23.451  -50.352  89.439 0.3750000000
44020  -23.884  -50.156  89.283 0.3750000000
44018  -23.006  -50.463  89.592 0.3750000000
47700  -9.792  -48.196  94.721 0.2500000000
49375  -8.378  -45.392  99.017 0.2500000000
49403  -9.580  -46.845  95.126 0.2500000000
49389  -9.074  -46.364  96.865 0.2500000000
51109  -6.537  -44.413  99.617 0.3750000000
51103  -6.717  -43.901  100.283 0.3750000000
51110  -7.372  -44.526  99.930 0.2500000000
63095  -40.827  -32.088  74.086 0.5000000000
65822  -39.875  -29.538  73.399 0.2500000000
143891  -22.753  -50.403  89.022 0.3750000000
48547  -27.097  -47.364  94.848 0.2500000000
54204  -23.660  -40.752  98.419 0.1250000000
55234  -25.463  -40.362  97.909 0.1250000000
56195  -24.770  -39.928  98.326 0.1250000000
51154  -13.895  -44.687  91.673 0.1250000000
57167  -26.815  -38.815  97.514 0.1250000000
136864  -27.217  -38.794  97.368 0.1250000000
58147  -27.801  -37.533  96.599 0.1250000000
58179  -6.340  -37.060  93.661 0.2500000000
59194  -38.281  -35.419  75.534 0.2500000000
59196  -39.623  -35.615  75.759 0.3750000000
64021  -40.190  -31.486  72.930 0.2500000000
126035  -53.592  -19.161  71.848 0.2500000000
76648  -56.253  -17.042  70.635 0.1250000000
76657  -56.506  -17.730  68.702 0.1250000000
74805  -54.996  -18.731  71.984 0.1250000000
76638  -55.524  -17.113  72.052 0.1250000000
50225  -9.042  -45.161  99.013 0.2500000000
59032  -32.871  -36.052  95.519 0.1250000000
54187  -7.334  -40.868  103.304 0.3750000000
60821  -32.242  -34.926  95.721 0.1250000000
59031  -31.967  -36.126  95.274 0.1250000000
56180  -9.184  -39.718  101.998 0.1250000000
57141  -12.195  -39.605  101.364 0.1250000000
54191  -10.733  -41.873  101.578 0.2500000000
45867  -21.423  -49.556  95.444 0.2500000000
46800  -22.838  -49.081  95.177 0.2500000000
47679  -22.574  -48.913  95.280 0.2500000000
128716  -23.491  -49.665  94.594 0.3750000000
137553  -24.557  -48.854  94.522 0.3750000000
59022  -32.060  -35.550  95.582 0.1250000000
59021  -30.460  -36.037  95.807 0.1250000000
126093  -31.174  -35.766  95.590 0.1250000000
59938  -30.728  -35.168  95.613 0.1250000000
60824  -30.045  -35.021  95.322 0.1250000000
59029  -29.754  -35.862  96.022 0.1250000000
137325  -21.973  -50.340  88.492 0.2500000000
44054  -21.719  -50.299  87.135 0.2500000000
147459  -22.339  -50.400  88.130 0.2500000000
44043  -22.440  -50.465  87.564 0.2500000000
44044  -23.225  -50.347  88.049 0.2500000000
44045  -23.666  -50.177  87.919 0.3750000000
59019  -28.439  -36.791  96.305 0.1250000000
59027  -28.355  -36.495  96.031 0.1250000000
130326  -28.903  -35.630  94.914 0.1250000000
58172  -27.920  -36.507  95.437 0.1250000000
57174  -27.321  -38.277  97.103 0.1250000000
58146  -27.188  -37.661  96.819 0.1250000000
142529  -27.312  -36.922  95.461 0.1250000000
58186  -26.768  -37.406  92.871 0.1250000000
58185  -26.171  -37.925  92.628 0.1250000000
58156  -26.898  -37.332  96.011 0.1250000000
58155  -26.151  -37.803  95.348 0.1250000000
59092  -26.498  -36.076  89.877 0.1250000000
56176  -8.696  -40.118  102.597 0.2500000000
47693  -25.277  -48.500  94.496 0.1250000000
138648  -25.528  -48.751  94.571 0.3750000000
61809  -31.046  -33.488  94.367 0.1250000000
57166  -25.972  -38.977  97.697 0.1250000000
59953  -28.220  -35.687  93.612 0.1250000000
59964  -28.295  -35.235  92.854 0.1250000000
57180  -24.963  -38.696  96.289 0.1250000000
58998  -13.399  -36.209  100.239 0.1250000000
57150  -12.550  -38.862  101.259 0.1250000000
57142  -13.214  -39.304  101.538 0.1250000000
57149  -11.291  -39.102  100.951 0.1250000000
57138  -8.244  -38.831  102.090 0.2500000000
58122  -11.853  -38.260  100.566 0.1250000000
145416  -7.473  -38.434  102.305 0.2500000000
62825  -33.586  -32.441  94.683 0.1250000000
61835  -33.791  -33.247  93.019 0.2500000000
61821  -30.231  -33.737  93.668 0.1250000000
60862  -29.534  -34.080  93.153 0.1250000000
57165  -25.113  -39.384  97.841 0.1250000000
123588  -29.336  -34.583  93.641 0.1250000000
57208  -25.723  -38.411  93.388 0.1250000000
60893  -27.104  -33.710  88.771 0.1250000000
58207  -25.959  -37.747  90.980 0.1250000000
124470  -13.916  -35.741  100.768 0.1250000000
58997  -12.635  -36.664  99.726 0.1250000000
58129  -9.071  -37.167  100.329 0.1250000000
58986  -8.107  -36.772  100.665 0.1250000000
57146  -6.138  -37.877  101.368 0.2500000000
57154  -6.022  -37.664  100.820 0.3750000000
56208  -24.124  -39.594  97.939 0.1250000000
56199  -24.473  -39.843  98.280 0.1250000000
57193  -24.804  -38.805  95.392 0.1250000000
56219  -24.234  -39.013  96.195 0.1250000000
147582  -25.093  -38.957  93.771 0.1250000000
59007  -12.036  -36.168  98.824 0.1250000000
58995  -10.845  -37.048  99.415 0.1250000000
128956  -10.045  -36.670  99.291 0.1250000000
58993  -7.835  -36.144  100.107 0.1250000000
58992  -6.599  -36.153  100.102 0.1250000000
59902  -5.769  -35.860  99.695 0.2500000000
58128  -5.827  -36.942  100.211 0.2500000000
58136  -5.536  -36.912  99.172 0.2500000000
58991  -5.155  -36.027  99.379 0.2500000000
59003  -4.813  -36.068  98.893 0.2500000000
132360  -33.665  -32.909  91.168 0.2500000000
56198  -23.527  -40.204  98.327 0.1250000000
56207  -23.052  -39.825  97.626 0.1250000000
56231  -23.957  -39.200  95.223 0.1250000000
56243  -24.335  -39.255  93.585 0.1250000000
57218  -24.946  -38.932  92.924 0.1250000000
135148  -4.997  -35.043  97.982 0.2500000000
59010  -4.324  -35.911  97.838 0.2500000000
143615  -5.081  -36.518  97.875 0.2500000000
139803  -4.744  -36.304  97.516 0.2500000000
59015  -5.019  -36.377  96.786 0.2500000000
59929  -4.444  -35.770  96.843 0.1250000000
59935  -4.578  -35.510  96.245 0.1250000000
125464  -4.383  -34.125  96.185 0.1250000000
59037  -5.732  -36.557  95.307 0.2500000000
59023  -4.887  -35.967  95.685 0.1250000000
58163  -6.413  -36.802  94.621 0.2500000000
59946  -4.852  -35.458  94.300 0.1250000000
62858  -35.003  -31.693  90.719 0.1250000000
61108  -39.000  -34.483  72.211 0.1250000000
61035  -36.705  -34.691  75.006 0.2500000000
59193  -37.827  -35.636  74.899 0.2500000000
58339  -38.492  -35.687  74.459 0.2500000000
59223  -39.278  -35.461  74.164 0.3750000000
129789  -37.557  -35.749  73.763 0.2500000000
59240  -38.621  -35.610  73.401 0.2500000000
60121  -39.201  -35.326  73.362 0.3750000000
61070  -40.146  -34.183  73.382 0.2500000000
62095  -40.146  -33.332  72.666 0.3750000000
64031  -39.905  -32.309  72.393 0.2500000000
64901  -39.546  -30.789  72.567 0.2500000000
62112  -39.553  -33.473  72.154 0.1250000000
63134  -38.788  -32.928  71.342 0.2500000000
64910  -38.771  -30.064  72.327 0.1250000000
64029  -38.133  -31.440  71.427 0.1250000000
64909  -38.064  -30.528  71.702 0.1250000000
146967  -37.643  -32.444  70.800 0.1250000000
139081  -41.682  -32.310  86.148 0.1250000000
131780  -43.259  -32.599  84.115 0.1250000000
61981  -43.812  -34.275  81.447 0.2500000000
76604  -53.899  -18.188  75.292 0.1250000000
75713  -53.030  -18.569  73.625 0.2500000000
75702  -53.845  -18.398  74.554 0.2500000000
75714  -53.735  -18.491  73.766 0.2500000000
77479  -55.018  -16.799  73.519 0.2500000000
132665  -56.517  -16.894  68.971 0.1250000000
78380  -56.319  -15.270  70.254 0.1250000000
78394  -56.257  -15.287  68.907 0.1250000000
79261  -55.863  -14.926  68.783 0.1250000000
79269  -55.592  -14.884  68.696 0.1250000000
79259  -55.285  -14.525  69.261 0.1250000000
136498  -55.475  -13.799  70.400 0.1250000000
148281  -55.139  -13.603  70.394 0.1250000000
80169  -53.557  -13.675  70.931 0.1250000000
130544  -55.485  -15.233  68.116 0.1250000000
126061  -53.889  -16.301  67.269 0.1250000000
80160  -55.202  -12.819  71.440 0.2500000000
79248  -52.845  -14.293  70.693 0.1250000000
78388  -49.959  -15.176  69.520 0.1250000000
77521  -49.753  -16.265  68.497 0.1250000000
77528  -50.332  -16.842  67.903 0.1250000000
138101  -49.882  -17.626  66.719 0.1250000000
76659  -49.990  -17.273  67.335 0.1250000000
77537  -48.126  -16.533  67.223 0.1250000000
60837  -30.290  -34.572  94.867 0.1250000000
58159  -30.751  -37.041  95.116 0.1250000000
43039  -13.077  -51.055  93.943 0.2500000000
43966  -13.010  -50.919  93.080 0.1250000000
43982  -12.810  -50.748  92.121 0.1250000000
145798  -13.154  -50.496  91.675 0.1250000000
43998  -13.475  -50.286  91.088 0.1250000000
44013  -13.222  -50.047  89.945 0.1250000000
44997  -14.257  -49.772  90.657 0.1250000000
48593  -27.177  -46.814  90.138 0.1250000000
129486  -26.703  -46.576  89.597 0.1250000000
45931  -18.913  -48.827  89.349 0.1250000000
45054  -24.121  -49.670  87.406 0.1250000000
45945  -24.722  -48.873  88.695 0.1250000000
46856  -25.392  -47.915  89.317 0.1250000000
45930  -17.940  -48.718  89.756 0.1250000000
45946  -24.759  -48.284  88.849 0.1250000000
50314  -28.196  -44.968  90.526 0.1250000000
48601  -27.196  -46.143  89.968 0.1250000000
50322  -27.524  -45.408  89.965 0.1250000000
44034  -23.955  -50.054  88.436 0.2500000000
45027  -24.495  -49.355  88.759 0.1250000000
143518  -23.993  -49.970  87.836 0.1250000000
45041  -24.246  -49.748  88.171 0.1250000000
44064  -23.043  -50.213  86.114 0.1250000000
50304  -28.819  -44.379  91.059 0.2500000000
45944  -19.220  -48.707  88.254 0.1250000000
51216  -27.826  -44.530  89.745 0.1250000000
51205  -28.562  -43.985  90.231 0.2500000000
51187  -29.263  -43.266  90.704 0.2500000000
46868  -18.731  -48.207  87.715 0.1250000000
45071  -23.484  -49.801  86.070 0.1250000000
52222  -28.939  -42.874  89.904 0.2500000000
58189  -5.327  -37.346  92.480 0.1250000000
58188  -4.679  -37.112  92.197 0.1250000000
59064  -4.427  -36.608  91.655 0.1250000000
126579  -22.986  -50.413  86.826 0.1250000000
147868  -21.864  -50.448  86.537 0.1250000000
44062  -22.086  -50.535  86.432 0.1250000000
44057  -23.397  -50.076  86.764 0.1250000000
44046  -23.728  -49.993  87.343 0.1250000000
45958  -19.433  -48.748  87.073 0.1250000000
44063  -22.517  -50.495  86.275 0.1250000000
52223  -29.922  -42.133  89.951 0.3750000000
52204  -30.214  -42.603  90.892 0.3750000000
44075  -22.550  -50.284  85.432 0.1250000000
51215  -28.204  -43.417  89.487 0.2500000000
59047  -5.724  -36.628  94.315 0.1250000000
45969  -19.646  -48.761  85.974 0.1250000000
52238  -28.718  -42.579  89.251 0.2500000000
58178  -5.585  -36.989  93.342 0.1250000000
59046  -5.173  -36.406  93.951 0.1250000000
58177  -5.018  -36.711  93.020 0.1250000000
59045  -4.817  -36.078  93.635 0.1250000000
59055  -4.672  -36.147  92.607 0.1250000000
59074  -4.304  -36.838  90.767 0.2500000000
124900  -4.540  -35.428  91.121 0.1250000000
59086  -4.047  -36.381  89.384 0.1250000000
125296  -4.250  -36.294  90.159 0.1250000000
59981  -4.443  -35.601  90.377 0.1250000000
45038  -19.700  -49.089  88.790 0.1250000000
45050  -19.951  -49.126  87.630 0.1250000000
60803  -5.539  -34.763  97.870 0.1250000000
132356  -20.677  -49.596  87.089 0.1250000000
144074  -21.262  -49.998  86.786 0.1250000000
45051  -20.122  -49.220  86.455 0.1250000000
45052  -21.537  -50.181  86.253 0.1250000000
45068  -21.752  -50.395  85.924 0.1250000000
127400  -20.917  -49.710  85.951 0.1250000000
45066  -20.927  -49.830  84.790 0.1250000000
45067  -21.374  -50.142  85.362 0.1250000000
45982  -19.800  -48.868  85.019 0.1250000000
45970  -20.261  -49.309  85.385 0.1250000000
126466  -21.546  -50.557  85.110 0.1250000000
45069  -22.003  -50.547  85.721 0.1250000000
45984  -20.773  -50.099  83.987 0.1250000000
45087  -21.036  -50.956  83.932 0.1250000000
138030  -21.974  -50.618  84.677 0.1250000000
122862  -22.671  -49.921  84.402 0.1250000000
52239  -29.268  -42.037  88.649 0.2500000000
142489  -30.694  -41.552  87.971 0.5000000000
60852  -5.171  -34.524  93.143 0.1250000000
138258  -4.870  -35.146  92.519 0.1250000000
60866  -5.162  -33.994  92.070 0.1250000000
60875  -4.633  -34.887  90.709 0.1250000000
59989  -4.133  -35.826  88.960 0.1250000000
59095  -4.006  -36.338  88.690 0.1250000000
60881  -4.214  -35.077  88.926 0.1250000000
59102  -4.054  -36.124  88.106 0.1250000000
59995  -4.100  -35.568  88.428 0.1250000000
60888  -4.187  -34.006  88.645 0.1250000000
59912  -6.960  -35.191  98.479 0.1250000000
60001  -4.108  -35.296  87.858 0.1250000000
60887  -4.010  -34.696  88.150 0.1250000000
125972  -3.737  -33.743  87.857 0.1250000000
60898  -3.920  -34.387  87.340 0.1250000000
55349  -32.260  -40.212  84.242 0.1250000000
55366  -31.417  -40.056  83.075 0.1250000000
54362  -31.522  -40.452  83.716 0.1250000000
56339  -32.514  -39.467  83.925 0.1250000000
57364  -31.103  -38.650  82.390 0.1250000000
57363  -30.662  -38.386  81.654 0.1250000000
58289  -31.109  -38.078  82.861 0.1250000000
146246  -30.744  -37.975  82.276 0.1250000000
58304  -29.966  -37.912  80.840 0.1250000000
137403  -30.350  -38.105  81.272 0.1250000000
59145  -30.269  -37.644  81.879 0.2500000000
59151  -29.599  -37.136  81.358 0.2500000000
59150  -29.060  -36.237  81.715 0.2500000000
59144  -29.694  -36.933  82.218 0.2500000000
60049  -28.913  -36.304  80.837 0.2500000000
141128  -28.717  -35.431  82.135 0.2500000000
60045  -28.657  -35.352  81.346 0.2500000000
60984  -28.452  -34.110  81.197 0.2500000000
60053  -28.165  -35.403  79.915 0.1250000000
60991  -28.243  -34.322  80.439 0.2500000000
69525  -47.432  -25.018  77.541 0.2500000000
70424  -48.012  -24.168  77.878 0.2500000000
71329  -47.951  -23.244  77.851 0.2500000000
129388  -47.748  -22.534  77.874 0.2500000000
73080  -47.589  -21.775  78.048 0.1250000000
43997  -12.712  -50.672  91.244 0.1250000000
59087  -4.114  -36.963  89.900 0.1250000000
46848  -26.078  -48.278  89.969 0.1250000000
52250  -30.185  -41.673  87.970 0.3750000000
58288  -30.504  -37.567  82.728 0.2500000000
60799  -5.916  -35.154  98.503 0.1250000000
125531  -22.865  -50.448  87.479 0.1250000000
124074  -13.717  -50.473  92.188 0.1250000000
45042  -24.494  -49.296  87.892 0.1250000000
45072  -23.885  -49.469  86.165 0.1250000000
59958  -4.915  -35.356  93.339 0.1250000000
59969  -4.544  -35.717  91.789 0.1250000000
138514  -4.353  -36.102  90.994 0.1250000000
60865  -4.812  -34.812  91.704 0.1250000000
59990  -4.277  -35.729  89.563 0.1250000000
132035  -4.495  -35.036  89.804 0.1250000000
45080  -21.143  -50.633  84.551 0.1250000000
45081  -21.338  -50.946  84.417 0.1250000000
52249  -29.061  -41.810  87.697 0.2500000000
143430  -5.092  -34.450  92.489 0.1250000000
61837  -4.880  -34.134  91.110 0.1250000000
127189  -28.439  -35.568  80.325 0.2500000000
125446  -28.464  -35.216  80.713 0.2500000000
48531  -20.204  -48.342  95.791 0.2500000000
139347  -17.630  -48.193  96.541 0.2500000000
47675  -18.263  -48.340  96.446 0.2500000000
47676  -19.088  -48.530  96.281 0.2500000000
129184  -3.497  -63.743  81.302 0.1250000000
34793  -4.148  -62.692  81.293 0.2500000000
33913  -2.923  -63.032  80.688 0.2500000000
35754  -4.257  -61.712  81.059 0.2500000000
62857  -34.796  -31.987  91.179 0.1250000000
60995  -43.376  -34.625  79.960 0.1250000000
62001  -43.423  -34.411  79.563 0.1250000000
148559  -43.779  -34.499  80.389 0.1250000000
76577  -49.041  -17.581  76.555 0.2500000000
76589  -49.102  -17.540  75.404 0.2500000000
134753  -55.114  -13.668  73.242 0.1250000000
73975  -47.066  -19.831  69.832 0.2500000000
79218  -54.962  -14.805  73.442 0.1250000000
78349  -55.532  -15.430  72.651 0.1250000000
133494  -55.460  -13.351  72.535 0.1250000000
78364  -55.789  -15.246  71.869 0.1250000000
143575  -55.539  -13.545  71.700 0.1250000000
78379  -56.059  -15.189  71.024 0.1250000000
80172  -55.387  -13.495  71.044 0.1250000000
76601  -50.095  -17.483  74.758 0.2500000000
75725  -50.943  -18.318  72.317 0.3750000000
75726  -51.864  -18.487  72.514 0.1250000000
75727  -52.753  -18.613  72.785 0.2500000000
75744  -51.412  -18.794  71.729 0.2500000000
74801  -52.387  -18.820  71.990 0.1250000000
74818  -51.992  -19.214  71.360 0.1250000000
81058  -55.465  -11.731  72.497 0.1250000000
81075  -55.404  -12.187  71.917 0.1250000000
134372  -18.991  -47.752  95.756 0.2500000000
73977  -49.597  -19.867  69.743 0.1250000000
76624  -50.326  -17.826  72.887 0.2500000000
77504  -55.787  -16.200  71.612 0.1250000000
47664  -18.778  -48.786  96.412 0.2500000000
75711  -51.289  -18.106  73.110 0.2500000000
48529  -18.601  -48.049  96.247 0.2500000000
144558  -2.360  -63.530  80.467 0.1250000000
76590  -50.151  -17.481  75.998 0.2500000000
76578  -50.261  -17.396  77.131 0.2500000000
79219  -55.371  -14.506  72.950 0.1250000000
79230  -55.630  -14.319  72.179 0.1250000000
80161  -55.426  -12.866  71.804 0.1250000000
131308  -27.315  -43.920  88.987 0.1250000000
43939  -17.522  -50.433  93.805 0.1250000000
43940  -18.230  -50.484  94.214 0.1250000000
129417  -19.040  -50.452  93.741 0.2500000000
52248  -28.031  -42.576  88.575 0.1250000000
51225  -26.797  -43.361  87.978 0.1250000000
43928  -16.669  -50.846  94.841 0.1250000000
43938  -16.529  -50.710  94.222 0.2500000000
123546  -27.792  -41.968  87.248 0.1250000000
123405  -29.921  -41.565  86.321 0.2500000000
123406  -30.377  -41.580  87.191 0.2500000000
58296  -30.085  -37.808  81.277 0.1250000000
59158  -29.473  -37.326  80.811 0.1250000000
59157  -28.967  -36.626  80.373 0.1250000000
61000  -28.091  -34.445  79.936 0.1250000000
130148  -28.392  -33.326  80.020 0.1250000000
61985  -28.584  -33.091  80.714 0.1250000000
62959  -29.467  -32.172  80.985 0.1250000000
66760  -39.594  -27.723  73.257 0.1250000000
67706  -39.249  -26.929  72.743 0.1250000000
67695  -39.752  -26.660  73.178 0.1250000000
67696  -40.222  -27.127  73.754 0.1250000000
134756  -40.359  -26.330  73.573 0.1250000000
68613  -40.660  -25.553  73.340 0.1250000000
69586  -41.111  -24.892  72.959 0.1250000000
70473  -42.235  -24.328  73.852 0.1250000000
71374  -44.158  -23.109  73.839 0.1250000000
72296  -51.595  -22.342  67.136 0.1250000000
71422  -52.061  -22.684  66.072 0.1250000000
71423  -52.701  -22.562  65.806 0.1250000000
73145  -50.649  -21.064  69.014 0.1250000000
73158  -50.960  -21.548  68.507 0.1250000000
138141  -51.283  -21.956  67.876 0.1250000000
72282  -52.022  -21.799  67.892 0.1250000000
72307  -52.547  -22.363  66.476 0.1250000000
72308  -54.012  -21.821  66.029 0.1250000000
73989  -51.089  -20.628  69.604 0.1250000000
73146  -51.405  -21.137  69.078 0.1250000000
73159  -52.414  -21.313  68.606 0.1250000000
72283  -52.851  -21.415  68.012 0.1250000000
138647  -53.078  -22.037  66.867 0.1250000000
73169  -54.332  -21.177  67.638 0.1250000000
72298  -53.753  -21.667  66.833 0.1250000000
73172  -54.523  -21.264  66.765 0.1250000000
73168  -53.370  -21.567  67.469 0.1250000000
73173  -55.092  -20.820  67.367 0.1250000000
138570  -17.335  -50.618  94.410 0.1250000000
146304  -28.598  -36.023  80.208 0.1250000000
123407  -29.884  -41.673  87.089 0.1250000000
60061  -28.654  -36.226  79.983 0.1250000000
72306  -52.001  -22.466  66.655 0.1250000000
71421  -51.545  -22.720  66.379 0.1250000000
136851  -53.237  -22.170  66.257 0.1250000000
139096  -51.673  -21.517  68.513 0.1250000000
72297  -52.468  -22.037  67.209 0.1250000000
33906  -4.559  -63.247  82.072 0.1250000000
35763  -3.554  -61.206  80.337 0.1250000000
36777  -3.777  -60.349  80.295 0.1250000000
128488  -3.686  -59.528  80.023 0.1250000000
38665  -2.493  -58.584  79.360 0.1250000000
124927  -2.153  -57.778  79.135 0.1250000000
127101  -2.200  -58.169  78.915 0.1250000000
137432  -3.048  -57.197  78.143 0.1250000000
40541  -2.551  -56.380  78.356 0.1250000000
134151  -3.949  -57.236  77.771 0.1250000000
41413  -2.858  -55.601  77.869 0.1250000000
38666  -3.300  -58.742  79.696 0.1250000000
125293  -3.952  -58.124  79.874 0.1250000000
39602  -2.282  -58.058  79.281 0.1250000000
40523  -3.258  -57.285  79.697 0.1250000000
39613  -2.335  -57.279  79.268 0.1250000000
140821  -2.090  -57.020  79.051 0.1250000000
41412  -2.332  -55.625  78.656 0.1250000000
133440  -4.645  -56.183  77.364 0.1250000000
41415  -4.768  -55.403  77.300 0.1250000000
43181  -2.612  -54.105  77.836 0.1250000000
63942  -31.783  -30.878  78.440 0.1250000000
63960  -31.794  -30.744  77.004 0.1250000000
63009  -32.573  -31.056  78.624 0.1250000000
63010  -33.156  -31.045  77.788 0.1250000000
63951  -32.511  -30.881  77.258 0.1250000000
63023  -33.180  -31.193  76.787 0.1250000000
63961  -32.289  -31.082  76.367 0.1250000000
63037  -33.102  -31.439  75.899 0.1250000000
63038  -33.856  -31.592  76.220 0.1250000000
63056  -33.759  -31.942  75.429 0.1250000000
63074  -34.394  -32.502  74.901 0.1250000000
63039  -34.513  -31.805  76.389 0.1250000000
63057  -34.450  -32.217  75.673 0.1250000000
122949  -35.024  -32.916  75.139 0.1250000000
61069  -35.540  -34.693  73.680 0.1250000000
62040  -35.669  -33.228  75.345 0.1250000000
61034  -36.051  -34.256  74.767 0.1250000000
61050  -35.755  -34.618  74.285 0.1250000000
60119  -35.767  -35.102  73.346 0.1250000000
59204  -36.995  -35.693  73.849 0.1250000000
60136  -36.114  -35.338  73.034 0.1250000000
59237  -36.748  -35.669  73.077 0.1250000000
59238  -37.739  -35.743  73.015 0.1250000000
62026  -35.382  -32.468  76.093 0.1250000000
62027  -36.123  -32.968  76.014 0.1250000000
141025  -36.710  -33.576  75.893 0.1250000000
68581  -47.182  -26.504  77.544 0.1250000000
67656  -47.441  -27.033  77.937 0.1250000000
68582  -47.981  -26.487  78.265 0.1250000000
67655  -46.660  -27.200  77.342 0.1250000000
132319  -47.647  -25.798  77.814 0.1250000000
69526  -48.161  -25.087  78.171 0.1250000000
71330  -48.594  -23.636  78.724 0.1250000000
73123  -45.129  -21.341  72.568 0.1250000000
73955  -45.420  -20.847  72.456 0.1250000000
73965  -45.402  -20.673  71.539 0.1250000000
73966  -45.884  -20.100  71.153 0.1250000000
73956  -45.760  -20.196  72.175 0.1250000000
73985  -45.812  -20.546  69.652 0.1250000000
73974  -46.219  -20.145  70.193 0.1250000000
74829  -46.630  -19.629  70.688 0.1250000000
73986  -46.708  -20.313  69.367 0.1250000000
75712  -52.196  -18.398  73.380 0.1250000000
75700  -52.454  -18.456  74.317 0.1250000000
129137  -51.244  -17.589  77.801 0.1250000000
76579  -51.396  -17.810  76.727 0.1250000000
57197  -31.291  -38.341  93.898 0.1250000000
35764  -4.562  -60.826  80.939 0.1250000000
36767  -4.824  -59.864  80.753 0.1250000000
38667  -4.454  -58.966  80.251 0.1250000000
40529  -2.226  -56.319  79.092 0.1250000000
41402  -2.505  -55.499  79.296 0.1250000000
63024  -33.855  -31.346  77.085 0.1250000000
147848  -34.959  -32.126  76.204 0.1250000000
60105  -35.938  -35.182  74.036 0.1250000000
60120  -36.283  -35.488  73.636 0.1250000000
76591  -51.084  -17.749  75.505 0.1250000000
141905  -50.309  -17.415  78.074 0.1250000000
36776  -3.027  -60.664  79.804 0.1250000000
144010  -2.890  -59.214  79.545 0.1250000000
37764  -2.998  -59.928  79.682 0.1250000000
39603  -2.926  -57.889  79.669 0.1250000000
38675  -2.269  -58.512  79.191 0.1250000000
39621  -2.214  -57.251  78.803 0.1250000000
40535  -2.138  -56.344  78.963 0.1250000000
40542  -3.578  -56.430  77.675 0.1250000000
41414  -3.798  -55.519  77.417 0.1250000000
42287  -3.144  -54.792  77.616 0.1250000000
42288  -4.090  -54.716  77.345 0.1250000000
63959  -30.788  -30.859  77.286 0.1250000000
63950  -31.746  -30.796  77.695 0.1250000000
62054  -35.503  -33.755  74.641 0.1250000000
36744  -2.467  -60.856  85.161 0.2500000000
38456  -3.682  -56.406  93.337 0.8750000000
38457  -3.921  -56.450  93.581 1.0000000000
38460  -5.802  -56.034  93.802 1.0000000000
38470  -3.457  -56.793  92.896 0.8750000000
38482  -3.275  -57.073  92.398 0.7500000000
39429  -6.254  -55.289  95.301 1.0000000000
39430  -6.909  -55.134  95.289 1.0000000000
39432  -4.763  -56.009  94.254 1.0000000000
39433  -5.219  -55.610  94.740 1.0000000000
39437  -3.889  -55.998  93.799 1.0000000000
40348  -7.184  -53.961  96.106 0.8750000000
40349  -7.860  -54.017  95.978 0.8750000000
40359  -4.776  -55.406  94.674 1.0000000000
40360  -5.296  -55.145  95.144 1.0000000000
40361  -7.490  -54.743  95.149 1.0000000000
40363  -8.639  -53.843  95.115 0.8750000000
40509  -7.270  -56.185  81.852 0.5000000000
41237  -6.646  -53.457  96.279 1.0000000000
41243  -5.454  -54.148  95.491 1.0000000000
41248  -4.229  -54.674  94.416 1.0000000000
41249  -4.525  -54.704  94.707 1.0000000000
41259  -3.405  -55.103  93.432 1.0000000000
41264  -2.675  -54.860  92.634 1.0000000000
42112  -8.371  -53.071  97.798 0.8750000000
42114  -9.852  -53.085  97.536 0.7500000000
42119  -7.543  -53.091  97.204 0.8750000000
42222  -6.626  -55.142  83.710 0.5000000000
43000  -7.712  -53.003  97.578 0.8750000000
43001  -8.337  -52.876  97.949 0.8750000000
43015  -14.448  -51.551  95.428 0.5000000000
43051  -22.540  -50.644  91.860 0.7500000000
43053  -23.495  -50.549  91.384 0.6250000000
43106  -5.848  -52.646  84.622 0.7500000000
43902  -9.325  -52.740  97.748 0.7500000000
43903  -6.656  -52.287  96.768 0.7500000000
43907  -9.030  -52.378  97.638 0.7500000000
43910  -12.715  -51.600  97.486 0.6250000000
43916  -15.993  -50.669  96.002 0.3750000000
43917  -17.013  -50.305  95.893 0.3750000000
43935  -3.439  -53.309  93.233 1.0000000000
43948  -25.378  -50.152  93.429 0.6250000000
43959  -21.857  -50.642  93.302 0.3750000000
43960  -22.844  -50.680  93.135 0.5000000000
43961  -24.103  -50.491  92.989 0.7500000000
43963  -25.363  -50.217  92.748 0.6250000000
43973  -21.441  -50.547  92.441 0.5000000000
43975  -23.213  -50.655  92.250 0.6250000000
44004  -22.870  -50.540  90.470 0.5000000000
44051  -2.956  -51.904  87.375 0.8750000000
44056  -22.492  -50.544  86.936 0.1250000000
44140  -2.864  -51.781  76.752 0.1250000000
44948  -19.202  -49.748  96.104 0.3750000000
44957  -20.533  -50.219  95.136 0.3750000000
44961  -25.076  -49.829  94.261 0.6250000000
44966  -23.789  -50.323  93.892 0.5000000000
44968  -25.309  -50.110  93.996 0.5000000000
44970  -26.503  -49.644  93.726 0.5000000000
44974  -26.603  -49.668  93.230 0.7500000000
44978  -26.681  -49.610  92.863 0.6250000000
44983  -2.885  -51.407  90.469 1.0000000000
44991  -26.583  -49.555  92.478 0.5000000000
45026  -24.211  -49.785  89.020 0.2500000000
45868  -22.191  -49.319  95.351 0.2500000000
45874  -24.589  -49.452  94.433 0.3750000000
45877  -26.813  -49.143  94.354 0.5000000000
45882  -27.451  -49.058  93.598 0.8750000000
45886  -27.498  -48.981  93.201 0.6250000000
45898  -27.014  -49.211  92.371 0.6250000000
45920  -25.777  -49.189  91.005 0.3750000000
45932  -24.962  -49.010  89.461 0.1250000000
45933  -25.200  -48.485  89.440 0.1250000000
45940  -2.506  -50.889  88.313 1.0000000000
45964  -3.491  -51.117  86.959 0.8750000000
45965  -3.774  -50.860  86.485 0.8750000000
45991  -8.314  -49.792  83.103 0.7500000000
46775  -15.558  -49.225  96.834 0.5000000000
46784  -17.640  -49.066  96.445 0.3750000000
46801  -27.244  -47.905  94.802 0.3750000000
46802  -27.565  -48.111  94.782 0.7500000000
46811  -26.636  -48.798  94.527 0.3750000000
46812  -27.231  -48.720  94.448 0.3750000000
46814  -28.357  -48.288  94.233 0.8750000000
46816  -27.901  -48.668  93.541 0.6250000000
46820  -27.795  -48.669  93.222 0.6250000000
46824  -27.701  -48.611  92.744 0.6250000000
46833  -27.629  -48.375  92.083 0.6250000000
46834  -27.934  -48.280  92.582 0.6250000000
46857  -26.324  -47.694  89.776 0.1250000000
46863  -2.934  -49.853  88.135 1.0000000000
47015  -3.100  -49.890  77.235 0.1250000000
47694  -26.657  -48.290  94.629 0.3750000000
47709  -28.606  -48.084  93.837 0.6250000000
47711  -3.480  -47.925  92.140 1.0000000000
47712  -28.548  -47.765  93.057 0.6250000000
47724  -27.913  -47.491  91.523 0.5000000000
47729  -2.614  -49.482  89.064 1.0000000000
47730  -3.202  -48.473  89.544 1.0000000000
47753  -3.272  -49.521  87.716 1.0000000000
48566  -29.053  -47.353  94.568 0.7500000000
48567  -29.311  -47.085  94.152 0.6250000000
48569  -3.496  -46.772  93.629 1.0000000000
48576  -28.558  -47.444  92.607 0.5000000000
48579  -3.277  -47.934  90.764 1.0000000000
48589  -28.431  -46.622  91.689 0.3750000000
48598  -3.586  -48.102  88.860 1.0000000000
48614  -3.828  -48.592  87.540 1.0000000000
48625  -7.179  -47.705  85.556 0.7500000000
48671  -8.101  -46.925  80.814 0.6250000000
49406  -15.467  -47.088  94.350 0.3750000000
49452  -3.751  -46.923  90.234 1.0000000000
50241  -29.029  -45.701  95.473 0.7500000000
50242  -29.482  -45.813  95.132 0.7500000000
50279  -4.849  -45.763  91.954 0.8750000000
50318  -5.703  -46.434  89.119 1.0000000000
50393  -6.169  -45.496  80.294 0.6250000000
51137  -4.112  -45.347  94.258 0.7500000000
51145  -4.903  -45.046  93.663 0.8750000000
51213  -19.788  -43.958  88.741 0.2500000000
51248  -9.434  -44.600  83.801 0.7500000000
52135  -7.556  -43.560  101.175 0.3750000000
52138  -11.121  -42.869  100.656 0.2500000000
52155  -27.983  -43.638  96.122 0.5000000000
52189  -13.698  -43.409  91.460 0.1250000000
52225  -32.140  -41.579  89.854 0.6250000000
52234  -17.711  -43.338  88.265 0.1250000000
52242  -31.140  -41.666  88.969 0.6250000000
52253  -31.668  -41.247  87.982 0.6250000000
53141  -9.798  -42.018  101.804 0.2500000000
53142  -6.739  -42.217  101.815 0.3750000000
53146  -10.175  -42.347  101.505 0.2500000000
53221  -9.285  -42.754  90.514 1.0000000000
53238  -21.575  -42.703  89.699 0.2500000000
53246  -15.660  -42.305  88.439 0.1250000000
53252  -32.775  -41.061  88.734 0.6250000000
53255  -10.144  -42.603  87.046 0.8750000000
53257  -16.763  -42.170  87.742 0.1250000000
53259  -18.128  -41.866  87.497 0.1250000000
53266  -10.162  -42.596  86.237 0.8750000000
53267  -32.249  -40.950  87.247 0.5000000000
53268  -32.590  -40.727  86.819 0.6250000000
53276  -32.466  -40.860  86.017 0.5000000000
53289  -31.591  -40.859  84.780 0.2500000000
53340  -2.818  -42.256  81.600 0.6250000000
54186  -6.744  -40.925  103.216 0.3750000000
54190  -8.805  -41.236  102.643 0.1250000000
54196  -12.617  -41.459  100.809 0.2500000000
54212  -22.385  -41.082  98.144 0.1250000000
54216  -25.927  -40.905  97.408 0.1250000000
54224  -21.890  -41.240  97.495 0.1250000000
54232  -19.537  -41.070  95.891 0.1250000000
54262  -19.961  -41.735  93.000 0.1250000000
54285  -10.190  -41.264  89.724 1.0000000000
54287  -19.877  -40.943  90.060 0.1250000000
54288  -33.173  -41.023  89.619 0.6250000000
54296  -16.096  -41.918  87.843 0.1250000000
54341  -9.485  -41.804  84.905 0.8750000000
54358  -2.821  -41.718  82.069 0.3750000000
55210  -6.536  -40.541  102.973 0.3750000000
55226  -13.310  -40.054  98.515 0.2500000000
55228  -24.789  -40.296  98.281 0.1250000000
55232  -21.734  -40.803  97.764 0.1250000000
55233  -23.012  -40.748  98.408 0.1250000000
55239  -20.429  -40.736  96.801 0.1250000000
55244  -9.200  -39.976  95.121 0.7500000000
55254  -28.858  -40.254  94.416 0.5000000000
55278  -18.948  -40.106  90.462 0.1250000000
55296  -10.178  -40.341  88.425 0.8750000000
55309  -9.898  -40.076  87.746 0.8750000000
55312  -17.146  -40.362  87.533 0.1250000000
55313  -17.817  -40.628  87.606 0.1250000000
55354  -3.056  -41.025  82.245 0.2500000000
55355  -31.859  -39.806  83.536 0.1250000000
55367  -31.439  -39.533  82.843 0.1250000000
56172  -7.468  -40.232  103.248 0.3750000000
56178  -6.543  -39.973  102.498 0.3750000000
56200  -25.312  -39.564  98.034 0.1250000000
56205  -21.109  -40.592  97.244 0.1250000000
56248  -18.205  -39.727  93.230 0.1250000000
56272  -17.885  -39.055  89.283 0.1250000000
56288  -15.730  -39.567  88.009 0.1250000000
56304  -16.413  -39.973  87.609 0.1250000000
56314  -33.269  -39.176  86.044 0.5000000000
56320  -33.205  -39.245  85.050 0.3750000000
57137  -6.940  -38.278  102.351 0.2500000000
57178  -9.209  -38.733  95.053 0.5000000000
57189  -17.850  -38.316  94.932 0.1250000000
57190  -18.106  -38.113  94.971 0.1250000000
57210  -34.091  -37.817  93.428 0.1250000000
57211  -8.710  -37.855  93.326 0.6250000000
57300  -4.870  -38.507  86.262 0.5000000000
57326  -32.752  -38.291  84.089 0.3750000000
57327  -33.020  -39.220  84.270 0.2500000000
57342  -32.553  -38.957  83.712 0.2500000000
57354  -31.128  -38.444  82.561 0.2500000000
58114  -14.505  -37.495  101.820 0.1250000000
58126  -15.626  -37.574  101.176 0.1250000000
58127  -5.324  -36.265  99.400 0.2500000000
58145  -13.678  -37.675  96.366 0.1250000000
58219  -25.725  -37.584  90.159 0.1250000000
58253  -30.352  -37.317  87.337 0.8750000000
58278  -31.423  -37.642  84.616 0.6250000000
58297  -30.650  -38.143  81.914 0.1250000000
58350  -37.957  -35.771  74.028 0.2500000000
58363  -37.849  -35.777  73.499 0.2500000000
59011  -4.570  -36.160  98.263 0.2500000000
59028  -29.009  -36.172  96.088 0.1250000000
59030  -31.002  -36.333  95.434 0.1250000000
59133  -29.551  -36.781  84.224 0.5000000000
59182  -38.929  -35.600  75.907 0.5000000000
59207  -39.048  -35.667  75.174 0.2500000000
59208  -39.380  -35.557  74.967 0.3750000000
59239  -38.223  -35.693  73.190 0.2500000000
59910  -4.703  -35.941  98.832 0.2500000000
59937  -30.203  -35.362  95.698 0.1250000000
60106  -36.460  -35.428  74.270 0.2500000000
60107  -37.090  -35.516  74.537 0.2500000000
60108  -39.782  -35.159  74.584 0.3750000000
60137  -38.612  -35.014  72.276 0.1250000000
60941  -7.814  -34.616  84.429 0.1250000000
61010  -43.117  -34.366  79.141 0.1250000000
61025  -40.855  -34.560  76.199 0.6250000000
61036  -37.364  -34.691  75.507 0.2500000000
61052  -40.177  -34.489  74.160 0.5000000000
61086  -39.866  -34.202  72.787 0.2500000000
61109  -39.499  -34.084  72.330 0.1250000000
62039  -35.009  -32.449  75.782 0.1250000000
62041  -36.379  -33.823  75.377 0.1250000000
62056  -40.656  -33.297  74.106 0.5000000000
62823  -32.266  -32.607  94.654 0.1250000000
63040  -34.999  -31.844  76.625 0.3750000000
63128  -39.893  -32.981  72.374 0.5000000000
63795  -33.416  -32.085  94.262 0.1250000000
63943  -32.426  -30.874  77.947 0.1250000000
63963  -43.112  -30.912  76.755 0.3750000000
68602  -41.696  -25.880  74.515 0.2500000000
69504  -49.367  -25.589  80.097 0.1250000000
70396  -49.099  -24.913  80.811 0.1250000000
73936  -46.449  -20.803  75.043 0.5000000000
73968  -54.266  -19.416  70.978 0.2500000000
73994  -55.209  -20.014  69.199 0.1250000000
74803  -53.900  -18.892  72.341 0.2500000000
74804  -54.471  -18.838  72.220 0.2500000000
74845  -56.165  -19.371  68.341 0.1250000000
75699  -51.615  -18.051  74.009 0.2500000000
75730  -55.200  -18.246  72.254 0.1250000000
76593  -53.717  -17.723  75.821 0.1250000000
76616  -55.074  -17.479  73.136 0.2500000000
76623  -49.226  -17.869  72.782 0.3750000000
76650  -56.416  -17.734  69.596 0.2500000000
77456  -53.230  -17.199  76.873 0.1250000000
77471  -54.112  -16.554  74.614 0.1250000000
77489  -55.546  -16.331  72.328 0.1250000000
77505  -56.162  -16.161  70.869 0.1250000000
77520  -48.937  -16.083  68.292 0.1250000000
77522  -50.666  -16.425  68.556 0.1250000000
77533  -56.344  -15.919  67.566 0.1250000000
78385  -56.391  -15.428  69.610 0.1250000000
78389  -50.557  -15.515  69.507 0.1250000000
78403  -53.132  -15.824  68.835 0.1250000000
78404  -54.294  -15.477  68.453 0.1250000000
78405  -55.181  -15.021  68.511 0.1250000000
79240  -52.573  -13.649  71.096 0.1250000000
79241  -55.769  -14.202  71.161 0.1250000000
79250  -55.223  -13.952  69.879 0.1250000000
80146  -55.454  -12.378  72.508 0.1250000000
80168  -51.624  -13.481  70.989 0.1250000000
80170  -54.590  -13.357  70.846 0.1250000000
123408  -30.767  -41.655  88.430 0.6250000000
123570  -22.737  -50.411  88.239 0.2500000000
123837  -23.778  -50.328  90.236 0.5000000000
124224  -33.080  -41.104  89.297 0.5000000000
124232  -43.663  -27.930  75.802 0.2500000000
124321  -2.351  -51.070  88.527 1.0000000000
124800  -51.330  -19.199  71.171 0.2500000000
125046  -9.677  -53.388  96.926 0.7500000000
125476  -6.489  -50.422  97.109 0.6250000000
125813  -53.300  -18.445  75.500 0.2500000000
126302  -2.402  -53.569  87.716 0.8750000000
126735  -25.591  -50.167  92.385 0.7500000000
127252  -23.330  -50.265  87.380 0.1250000000
127656  -31.143  -34.710  95.478 0.1250000000
128068  -6.140  -35.459  99.105 0.1250000000
129394  -33.303  -33.469  95.522 0.1250000000
130451  -55.654  -14.097  69.876 0.1250000000
131726  -38.769  -35.358  72.832 0.2500000000
131791  -3.601  -47.052  78.530 0.3750000000
132131  -11.285  -52.311  97.556 0.6250000000
132922  -6.119  -51.469  96.621 0.7500000000
133473  -16.993  -48.588  96.528 0.3750000000
134410  -33.491  -35.918  95.666 0.1250000000
134595  -2.651  -51.073  89.772 1.0000000000
134856  -28.305  -46.587  95.483 0.6250000000
135149  -28.796  -47.453  94.833 0.7500000000
136685  -12.982  -41.326  94.400 0.1250000000
136994  -39.497  -30.038  72.841 0.1250000000
138539  -10.591  -53.201  97.318 0.7500000000
138909  -28.556  -47.960  93.457 0.6250000000
140753  -10.185  -53.442  95.141 0.6250000000
140908  -19.578  -50.570  93.960 0.3750000000
141034  -32.202  -40.975  85.570 0.5000000000
141301  -28.754  -32.877  90.086 0.1250000000
141431  -29.392  -42.219  89.362 0.2500000000
142033  -22.872  -50.681  92.561 0.5000000000
142863  -29.976  -36.052  96.066 0.1250000000
143153  -40.832  -33.362  74.708 0.3750000000
143698  -19.636  -41.095  91.574 0.1250000000
143845  -27.137  -44.072  95.731 0.3750000000
143905  -3.772  -46.527  91.448 0.8750000000
144078  -51.008  -14.714  70.298 0.1250000000
144385  -32.958  -40.430  86.798 0.5000000000
144651  -49.054  -17.134  67.187 0.1250000000
144902  -55.834  -14.216  69.888 0.1250000000
144917  -38.975  -34.956  72.476 0.1250000000
145142  -10.227  -53.497  96.183 0.7500000000
145581  -3.317  -48.398  89.075 1.0000000000
145762  -11.718  -52.680  95.595 0.6250000000
146774  -3.706  -48.310  93.181 1.0000000000
146925  -50.381  -17.538  66.926 0.1250000000
147196  -2.528  -53.871  92.223 1.0000000000
147230  -9.549  -36.965  99.784 0.1250000000
147268  -32.735  -38.200  86.279 0.6250000000
147362  -42.560  -28.953  75.489 0.3750000000
147371  -10.770  -52.501  97.554 0.6250000000
147586  -4.271  -38.845  79.968 0.1250000000
147901  -19.693  -50.165  95.610 0.2500000000
147943  -55.341  -17.740  72.358 0.1250000000
148094  -7.099  -39.884  100.804 0.5000000000
148210  -29.240  -46.627  95.125 0.7500000000
148279  -31.874  -41.006  85.210 0.2500000000
148536  -3.040  -57.838  85.678 0.6250000000
