#!ascii label  , from subject sub-01 vox2ras=TkReg
6962
30094  -12.944  -67.998  90.342 0.1000000015
132808  -13.167  -67.398  88.955 0.1000000015
31078  -12.785  -67.524  90.777 0.1000000015
31073  -12.521  -66.860  91.226 0.1000000015
31084  -12.941  -67.384  89.816 0.1000000015
31077  -12.659  -66.753  90.186 0.1000000015
32073  -12.856  -66.417  88.183 0.1000000015
31083  -12.871  -66.687  89.140 0.1000000015
32078  -12.968  -66.217  87.237 0.1000000015
32085  -13.076  -66.081  86.142 0.1000000015
32077  -12.537  -65.320  86.727 0.1000000015
32093  -12.927  -65.377  85.161 0.1000000015
32998  -12.577  -64.535  85.426 0.1000000015
32106  -13.475  -65.166  83.814 0.1000000015
31199  -18.751  -66.486  77.389 0.2000000030
31191  -22.604  -67.075  78.392 0.2000000030
32158  -21.376  -65.630  79.184 0.2000000030
30211  -22.475  -67.236  78.834 0.2000000030
35625  -9.988  -61.341  95.689 0.2000000030
35635  -10.543  -61.711  93.894 0.3000000119
33855  -10.019  -63.778  92.954 0.1000000015
34702  -10.072  -62.311  93.588 0.2000000030
35630  -10.725  -61.345  95.117 0.3000000119
33859  -10.375  -63.455  92.209 0.1000000015
33858  -9.908  -62.898  93.043 0.1000000015
32972  -10.671  -64.335  91.839 0.1000000015
34709  -10.766  -62.749  91.607 0.1000000015
145522  -10.286  -62.383  92.992 0.2000000030
134727  -12.151  -66.159  91.233 0.1000000015
32058  -11.764  -65.452  90.798 0.1000000015
33864  -11.039  -63.795  90.707 0.1000000015
33863  -10.752  -63.639  91.361 0.1000000015
32059  -12.263  -66.079  90.514 0.2000000030
32973  -11.165  -64.686  91.214 0.1000000015
32062  -12.285  -65.911  89.544 0.1000000015
147408  -12.122  -65.466  89.003 0.1000000015
32996  -12.432  -64.465  86.238 0.3000000119
32994  -12.193  -64.427  87.086 0.1000000015
33896  -12.539  -63.983  84.984 0.1000000015
33003  -13.077  -64.480  84.014 0.1000000015
33900  -13.342  -63.725  83.563 0.1000000015
136829  -13.665  -62.814  83.254 0.1000000015
135601  -17.888  -66.419  76.247 0.2000000030
30224  -21.531  -67.402  76.748 0.2000000030
31209  -19.087  -66.194  76.592 0.2000000030
31200  -19.879  -66.559  77.254 0.2000000030
30225  -21.989  -67.571  77.502 0.2000000030
134225  -21.447  -67.458  77.449 0.2000000030
30223  -20.578  -67.160  77.868 0.2000000030
32160  -22.482  -66.763  78.629 0.1000000015
125112  -12.526  -60.818  95.406 0.3000000119
147853  -11.002  -61.793  92.554 0.3000000119
35636  -11.412  -61.341  94.123 0.3000000119
125500  -12.326  -61.050  94.387 0.3000000119
34706  -11.231  -61.933  91.868 0.2000000030
35642  -11.636  -61.459  92.451 0.3000000119
35638  -12.983  -60.796  93.707 0.3000000119
33866  -10.979  -62.954  90.824 0.2000000030
35643  -12.466  -61.171  92.233 0.3000000119
125872  -12.926  -60.953  92.877 0.3000000119
32977  -11.415  -64.464  90.343 0.2000000030
34710  -11.161  -62.283  91.140 0.2000000030
145992  -12.929  -61.053  91.800 0.3000000119
32978  -11.848  -65.232  89.984 0.2000000030
32982  -11.567  -64.207  89.581 0.2000000030
33867  -11.304  -63.316  90.048 0.2000000030
35652  -12.110  -61.541  90.434 0.2000000030
35648  -12.491  -61.250  91.328 0.3000000119
32983  -11.869  -64.972  89.215 0.2000000030
33870  -11.683  -63.976  88.758 0.2000000030
33873  -11.792  -62.924  88.856 0.2000000030
35665  -12.612  -61.457  89.633 0.3000000119
35666  -13.447  -61.149  89.193 0.3000000119
131378  -12.015  -64.982  88.545 0.2000000030
34726  -12.152  -62.386  88.370 0.3000000119
136114  -12.712  -61.663  88.743 0.3000000119
33882  -12.084  -63.504  87.345 0.3000000119
34743  -12.739  -62.155  87.132 0.3000000119
33887  -12.394  -63.089  86.204 0.3000000119
137807  -12.666  -63.318  84.944 0.1000000015
133744  -13.060  -62.002  84.568 0.2000000030
136826  -13.023  -62.902  84.165 0.1000000015
34781  -13.974  -62.073  83.026 0.3000000119
35747  -15.578  -61.642  82.297 0.3000000119
35748  -16.230  -61.708  82.177 0.2000000030
126390  -18.424  -62.753  81.279 0.1000000015
33922  -18.760  -63.079  80.741 0.1000000015
33947  -20.097  -64.177  78.766 0.1000000015
32174  -21.859  -65.844  77.459 0.2000000030
33070  -20.812  -64.990  78.539 0.1000000015
30242  -22.311  -67.248  77.091 0.2000000030
32166  -21.754  -65.932  78.368 0.2000000030
35639  -13.785  -60.640  94.208 0.3000000119
35644  -13.309  -60.966  92.258 0.3000000119
35649  -13.503  -60.932  91.436 0.3000000119
35645  -13.808  -60.812  93.100 0.3000000119
35673  -30.103  -61.053  89.434 0.6000000238
35660  -30.530  -60.716  89.491 0.4000000060
36666  -30.912  -60.293  89.519 0.4000000060
35653  -12.990  -61.106  90.524 0.3000000119
36683  -31.690  -60.402  89.336 0.4000000060
138494  -13.471  -61.047  89.915 0.3000000119
123487  -28.875  -61.562  87.622 0.8999999762
129973  -29.060  -61.493  88.441 0.8000000119
34719  -30.433  -61.346  89.000 0.8000000119
127060  -30.881  -61.018  89.296 0.6000000238
35674  -31.219  -60.760  89.307 0.4000000060
34727  -12.738  -61.885  87.936 0.3000000119
125621  -13.340  -61.208  88.375 0.4000000060
130988  -28.008  -61.550  87.063 0.8999999762
34744  -29.571  -61.552  87.431 0.8000000119
34731  -29.809  -61.556  88.234 0.8000000119
34720  -31.181  -61.194  88.981 0.6999999881
144532  -31.396  -61.017  89.141 0.5000000000
127807  -31.764  -60.791  89.128 0.4000000060
35697  -13.318  -61.321  87.466 0.4000000060
35698  -13.903  -60.745  88.029 0.4000000060
33883  -28.936  -61.613  86.915 0.8999999762
34745  -30.093  -61.459  87.363 0.8000000119
126480  -30.796  -61.346  87.885 0.8000000119
34762  -12.952  -61.988  85.581 0.3000000119
35709  -13.385  -61.144  85.951 0.3000000119
142735  -13.771  -60.936  86.822 0.4000000060
34765  -27.967  -61.671  85.791 0.8999999762
33891  -28.358  -61.588  86.381 0.8999999762
34757  -29.397  -61.454  86.614 0.8999999762
34758  -29.945  -61.388  86.912 0.8999999762
135386  -30.680  -61.199  87.370 0.8999999762
35718  -13.325  -61.299  85.069 0.3000000119
146837  -13.665  -60.816  84.692 0.4000000060
129048  -27.728  -61.754  85.174 0.8999999762
34766  -29.124  -61.382  85.967 0.8999999762
34777  -29.318  -61.239  85.841 0.8999999762
35738  -13.932  -61.234  83.353 0.3000000119
36755  -14.301  -60.383  83.468 0.3000000119
34775  -28.227  -61.622  85.405 0.8999999762
34776  -28.794  -61.369  85.507 0.8999999762
36751  -29.515  -60.503  85.139 0.8999999762
36764  -15.808  -60.964  82.025 0.3000000119
35743  -27.734  -61.362  83.454 0.8999999762
35733  -28.816  -61.068  84.933 0.8999999762
35758  -17.903  -62.194  81.018 0.1000000015
35744  -28.263  -61.185  84.166 1.0000000000
36759  -28.849  -60.532  84.395 1.0000000000
37747  -28.974  -59.734  83.826 1.0000000000
35765  -17.416  -61.438  80.711 0.2000000030
34799  -18.404  -62.515  80.421 0.1000000015
36758  -28.235  -60.752  83.580 1.0000000000
37756  -28.841  -59.127  83.184 1.0000000000
33058  -19.699  -64.072  79.793 0.1000000015
33946  -19.404  -63.425  78.889 0.1000000015
29302  -16.574  -68.458  74.084 0.2000000030
37746  -28.148  -59.964  82.935 1.0000000000
38650  -28.418  -58.862  82.586 1.0000000000
33076  -21.094  -65.098  77.704 0.1000000015
30241  -21.932  -67.479  76.504 0.2000000030
30278  -17.097  -67.042  74.708 0.2000000030
130841  -17.563  -66.571  75.312 0.2000000030
37763  -27.726  -59.484  82.121 1.0000000000
38663  -27.977  -58.436  81.849 1.0000000000
31211  -21.112  -67.262  76.297 0.2000000030
127095  -19.909  -66.219  75.937 0.2000000030
38674  -27.669  -58.089  81.045 1.0000000000
36585  -14.257  -60.144  95.432 0.4000000060
36594  -15.252  -60.198  94.437 0.4000000060
36593  -14.460  -60.401  94.781 0.4000000060
36662  -27.050  -60.495  90.789 0.4000000060
36604  -14.568  -60.483  93.789 0.5000000000
35656  -26.865  -60.848  90.137 0.5000000000
35650  -14.140  -60.786  92.194 0.4000000060
36616  -14.719  -60.587  92.860 0.5000000000
147667  -28.111  -60.771  90.156 0.5000000000
35658  -28.821  -60.844  89.942 0.5000000000
36665  -30.059  -60.377  89.700 0.3000000119
144006  -14.842  -60.433  92.137 0.5000000000
35671  -28.275  -61.077  89.751 0.6999999881
34717  -28.540  -61.404  89.058 0.6999999881
37645  -30.224  -60.023  89.713 0.3000000119
137419  -30.884  -60.083  89.630 0.3000000119
39515  -33.457  -58.330  89.366 0.4000000060
35667  -14.184  -60.581  89.730 0.3000000119
35654  -13.896  -60.782  90.600 0.4000000060
34729  -27.795  -61.451  88.488 0.6999999881
34730  -28.438  -61.482  88.237 0.8000000119
37658  -31.589  -60.085  89.514 0.4000000060
36674  -14.407  -60.402  89.135 0.4000000060
127194  -27.493  -61.556  86.877 0.8000000119
34733  -31.456  -61.101  88.484 0.8000000119
35687  -31.709  -60.952  88.941 0.5000000000
36684  -32.415  -60.451  89.156 0.5000000000
144664  -14.386  -60.229  87.964 0.4000000060
34756  -27.750  -61.606  86.262 0.8000000119
34746  -31.433  -61.038  87.920 0.8000000119
35675  -32.268  -60.666  88.914 0.6000000238
37660  -33.179  -60.013  89.143 0.5000000000
36735  -13.749  -60.685  85.399 0.4000000060
36721  -14.367  -60.109  86.679 0.4000000060
34774  -27.324  -61.776  84.654 0.8999999762
34767  -29.678  -61.310  86.482 0.8999999762
34768  -30.510  -61.038  86.807 0.8999999762
34747  -32.099  -60.663  87.839 0.8999999762
35702  -32.814  -60.410  87.962 0.8999999762
36748  -14.103  -60.195  84.784 0.4000000060
37693  -14.865  -59.518  86.073 0.4000000060
34785  -27.211  -61.795  83.700 0.8999999762
35722  -29.993  -61.007  86.245 0.8999999762
35713  -31.290  -60.701  86.839 1.0000000000
35714  -32.029  -60.585  87.094 0.8999999762
36763  -15.093  -60.801  82.459 0.3000000119
37752  -14.824  -59.941  82.844 0.3000000119
143045  -30.249  -60.603  85.759 1.0000000000
36739  -31.272  -60.098  85.735 1.0000000000
36770  -16.163  -60.303  81.531 0.4000000060
35752  -27.352  -61.675  82.847 0.8999999762
37735  -30.374  -59.452  84.736 1.0000000000
132981  -26.968  -61.669  81.015 0.8999999762
38636  -29.576  -58.787  83.538 1.0000000000
37748  -29.927  -59.145  84.228 1.0000000000
34813  -18.411  -62.193  79.499 0.2000000030
144161  -27.081  -61.076  80.705 1.0000000000
124897  -20.440  -64.283  77.927 0.1000000015
37775  -26.493  -59.910  79.017 1.0000000000
136572  -26.874  -60.494  80.092 1.0000000000
37770  -27.002  -59.830  80.699 1.0000000000
38651  -29.210  -58.352  82.930 1.0000000000
130062  -21.834  -65.458  76.145 0.2000000030
31230  -18.197  -65.980  74.919 0.2000000030
131461  -17.028  -66.994  74.050 0.2000000030
38692  -26.414  -58.951  79.108 1.0000000000
37776  -26.678  -59.503  79.848 1.0000000000
38662  -27.421  -59.103  81.298 1.0000000000
38664  -28.711  -57.881  82.301 1.0000000000
123975  -20.969  -66.846  75.036 0.2000000030
31255  -18.127  -65.830  74.336 0.2000000030
37800  -25.917  -59.619  76.887 1.0000000000
123528  -26.064  -58.431  78.411 1.0000000000
38693  -26.490  -57.986  79.139 1.0000000000
39610  -27.407  -57.852  80.429 1.0000000000
32210  -19.783  -65.698  73.699 0.2000000030
31254  -17.546  -66.167  73.668 0.2000000030
38708  -25.674  -58.510  77.496 1.0000000000
128585  -25.983  -57.283  77.902 1.0000000000
39625  -26.492  -57.284  78.707 1.0000000000
39619  -27.386  -57.229  80.068 1.0000000000
39639  -25.545  -57.675  77.179 1.0000000000
39651  -25.693  -56.682  77.073 0.8999999762
40536  -26.580  -56.618  78.296 1.0000000000
39657  -24.659  -57.027  75.414 0.8999999762
124297  -25.161  -56.837  76.255 1.0000000000
40550  -26.402  -56.257  77.728 1.0000000000
40572  -24.368  -56.473  74.582 0.8999999762
40573  -24.739  -55.947  75.234 0.8999999762
40561  -25.659  -55.858  76.378 1.0000000000
41444  -24.547  -55.401  74.477 0.8999999762
41452  -24.265  -55.257  73.703 0.8000000119
41445  -25.048  -55.217  75.100 0.8000000119
35983  -23.164  -61.126  64.635 0.3000000119
42330  -24.535  -54.604  73.986 0.8000000119
36661  -26.463  -60.465  90.877 0.5000000000
36617  -15.467  -60.247  92.570 0.5000000000
35655  -26.269  -60.775  90.124 0.5000000000
36633  -15.444  -60.077  91.674 0.5000000000
35668  -26.328  -60.969  89.305 0.5000000000
137449  -29.158  -60.357  89.921 0.4000000060
145152  -15.019  -60.071  90.955 0.5000000000
35685  -26.645  -61.275  88.661 0.6000000238
36664  -28.591  -59.721  90.290 0.3000000119
137659  -29.336  -59.874  89.791 0.3000000119
36653  -15.031  -59.856  90.202 0.6999999881
37638  -15.957  -59.324  90.127 0.4000000060
129411  -27.044  -61.531  87.281 0.6999999881
34728  -27.393  -61.508  87.802 0.8000000119
37657  -30.235  -59.610  89.377 0.3000000119
37673  -31.281  -59.709  89.278 0.3000000119
38536  -32.174  -59.598  89.338 0.2000000030
36693  -14.387  -60.338  88.563 0.4000000060
37650  -15.387  -59.555  89.473 0.4000000060
34755  -27.056  -61.559  86.516 0.8000000119
38534  -29.155  -59.162  89.224 0.3000000119
38535  -29.834  -58.796  88.546 0.3000000119
38551  -30.791  -59.019  88.534 0.2000000030
137783  -33.331  -59.580  89.248 0.4000000060
126000  -33.974  -58.147  89.564 0.6000000238
36709  -14.719  -59.855  87.508 0.4000000060
37679  -15.510  -59.185  87.772 0.5000000000
130100  -27.014  -61.841  85.016 0.8000000119
38566  -30.318  -58.293  87.839 0.2000000030
36700  -33.313  -60.128  88.501 0.8000000119
36686  -33.560  -59.857  88.744 0.8000000119
38539  -34.242  -58.678  89.346 0.8000000119
145133  -34.305  -57.931  89.504 0.8000000119
36722  -15.122  -59.400  86.906 0.4000000060
34772  -26.473  -61.847  83.419 0.8000000119
35715  -32.761  -60.359  87.380 0.8999999762
36715  -33.760  -59.815  87.909 0.8000000119
37674  -34.241  -59.379  88.626 0.8000000119
142103  -34.473  -58.971  88.994 0.8000000119
37741  -14.637  -59.727  83.632 0.4000000060
37730  -15.118  -59.157  84.697 0.4000000060
34784  -26.821  -62.077  83.034 0.8999999762
35724  -31.765  -60.394  86.428 1.0000000000
36727  -33.240  -59.970  87.070 0.8000000119
36728  -33.693  -59.720  87.408 0.8000000119
36769  -15.483  -60.022  82.182 0.4000000060
37753  -15.469  -59.227  82.526 0.4000000060
34791  -26.719  -62.136  82.162 0.8999999762
37736  -31.093  -59.391  85.084 1.0000000000
36740  -32.306  -59.844  86.017 1.0000000000
36741  -33.162  -59.564  86.286 1.0000000000
136899  -27.042  -61.864  81.871 0.8999999762
37749  -30.825  -58.873  84.440 1.0000000000
36752  -31.972  -59.356  85.401 1.0000000000
35775  -17.477  -60.779  79.859 0.4000000060
35769  -26.829  -61.731  80.217 0.8999999762
38637  -30.447  -58.454  83.790 1.0000000000
34830  -18.814  -62.615  78.786 0.1000000015
35778  -26.717  -61.820  79.464 0.8999999762
36787  -26.937  -61.320  79.779 0.8999999762
33075  -20.712  -64.363  77.114 0.1000000015
127082  -26.731  -60.801  77.699 1.0000000000
140888  -30.090  -58.019  83.173 1.0000000000
33082  -20.996  -64.420  76.204 0.1000000015
28380  -17.044  -69.675  72.225 0.2000000030
39601  -29.125  -57.098  81.908 1.0000000000
31221  -21.992  -67.237  75.177 0.2000000030
30299  -16.958  -66.977  73.220 0.2000000030
29333  -17.011  -68.670  72.105 0.2000000030
28391  -17.254  -69.417  71.353 0.2000000030
145742  -25.995  -59.408  77.695 1.0000000000
39611  -27.971  -57.191  80.698 1.0000000000
31258  -22.059  -66.427  74.291 0.2000000030
32209  -18.601  -65.530  73.763 0.2000000030
128364  -17.041  -67.081  72.473 0.2000000030
38719  -25.392  -58.602  76.558 1.0000000000
40537  -27.132  -56.432  78.849 1.0000000000
39626  -26.948  -57.226  79.416 1.0000000000
39620  -27.854  -56.649  80.173 1.0000000000
32208  -17.983  -65.531  72.974 0.2000000030
38730  -25.258  -58.950  75.617 0.8999999762
40532  -27.535  -56.545  79.597 1.0000000000
39658  -25.036  -57.856  75.958 0.8999999762
40538  -27.829  -55.861  79.177 1.0000000000
38748  -25.167  -58.962  73.300 0.8999999762
39673  -24.488  -58.112  73.483 0.8999999762
39650  -25.308  -57.502  76.638 0.8999999762
41419  -26.245  -55.690  77.114 0.8999999762
41407  -27.531  -55.667  78.464 1.0000000000
38803  -24.799  -58.726  70.528 0.8000000119
38763  -24.944  -58.535  71.718 0.8000000119
129738  -24.221  -57.649  72.738 0.8000000119
142842  -22.107  -63.730  65.317 0.3000000119
140250  -22.685  -58.545  68.123 0.6000000238
39714  -24.656  -58.198  70.297 0.8000000119
142197  -24.426  -57.474  71.203 0.8000000119
131835  -24.094  -56.092  73.764 0.8000000119
41437  -25.323  -55.507  75.671 0.8999999762
34993  -22.480  -62.671  65.072 0.3000000119
37920  -22.174  -58.787  66.217 0.5000000000
134286  -22.581  -58.243  67.226 0.6000000238
39743  -23.886  -57.742  68.532 0.6999999881
40613  -24.284  -57.082  70.223 0.8000000119
41458  -23.766  -55.550  72.287 0.8000000119
42323  -25.098  -54.527  74.708 0.8999999762
135955  -22.282  -61.839  65.066 0.3000000119
131739  -22.449  -59.880  65.030 0.3000000119
145390  -22.754  -58.144  66.510 0.6000000238
39760  -23.720  -57.439  67.721 0.6000000238
130538  -23.993  -56.380  69.715 0.6000000238
41470  -23.712  -55.665  71.365 0.6999999881
42337  -24.162  -54.745  73.078 0.8000000119
42331  -24.852  -53.987  74.179 0.8999999762
38902  -23.159  -58.701  64.812 0.4000000060
39793  -23.608  -57.260  65.805 0.5000000000
146611  -24.181  -56.766  67.819 0.5000000000
124928  -23.785  -55.223  69.962 0.5000000000
42357  -23.690  -54.324  70.641 0.6000000238
43233  -24.184  -53.828  72.672 0.8999999762
39794  -24.086  -56.788  65.357 0.4000000060
40684  -24.376  -56.167  65.661 0.4000000060
41519  -24.293  -55.612  66.898 0.4000000060
42384  -23.914  -54.577  68.142 0.4000000060
43252  -23.856  -53.357  70.479 0.5000000000
41545  -24.874  -55.629  65.022 0.4000000060
42412  -24.496  -54.706  66.262 0.5000000000
123721  -23.975  -53.590  68.776 0.5000000000
36642  -26.102  -60.183  91.704 0.3000000119
36643  -26.800  -60.221  91.635 0.3000000119
36619  -16.964  -59.947  92.766 0.6000000238
36618  -16.231  -60.016  92.263 0.6999999881
36634  -16.366  -59.676  91.532 0.6999999881
35684  -25.100  -60.795  87.944 0.6000000238
144695  -25.921  -61.020  88.520 0.5000000000
36645  -27.967  -59.857  90.842 0.2000000030
35699  -25.171  -60.810  87.009 0.6999999881
35700  -25.883  -61.137  87.453 0.6999999881
37644  -28.566  -59.367  90.215 0.2000000030
40441  -33.333  -57.283  89.091 0.4000000060
40428  -33.239  -56.311  89.537 0.4000000060
40429  -33.646  -56.793  89.935 0.5000000000
37666  -15.536  -59.382  88.697 0.5000000000
127916  -16.935  -59.053  89.978 0.6999999881
35710  -25.066  -60.966  86.023 0.8000000119
35720  -25.882  -61.406  85.757 0.8000000119
38522  -28.602  -59.281  90.158 0.3000000119
38567  -31.302  -58.365  87.858 0.2000000030
38553  -32.621  -58.785  89.044 0.2000000030
137785  -32.841  -57.879  88.545 0.3000000119
39516  -33.858  -57.489  89.754 0.4000000060
40412  -33.924  -56.526  90.365 0.6999999881
40399  -33.946  -55.960  90.780 0.6000000238
37667  -16.347  -58.965  88.416 0.4000000060
35719  -25.367  -61.111  85.316 0.8000000119
139064  -25.976  -61.343  84.932 0.8000000119
38550  -29.104  -58.591  88.414 0.3000000119
39505  -34.167  -57.284  89.802 0.8000000119
39506  -34.618  -57.298  89.683 0.8000000119
40413  -34.351  -56.484  90.315 0.8000000119
132524  -15.857  -58.979  87.008 0.4000000060
37680  -16.575  -58.762  87.507 0.5000000000
35730  -25.318  -61.043  84.541 0.8000000119
34763  -26.564  -61.687  84.454 0.8000000119
37712  -15.337  -59.101  85.499 0.4000000060
37694  -15.625  -59.053  86.298 0.4000000060
35750  -25.389  -61.198  82.700 0.8999999762
36702  -34.253  -59.466  88.169 0.8000000119
37687  -34.691  -58.925  87.943 0.8999999762
38554  -35.135  -58.360  88.283 0.8999999762
38555  -35.294  -57.944  88.749 0.8000000119
37742  -15.207  -59.111  83.317 0.4000000060
38594  -15.816  -58.764  84.904 0.4000000060
35759  -25.287  -61.319  81.787 0.8999999762
34783  -26.393  -62.084  82.533 0.8999999762
36742  -33.629  -59.542  86.821 0.8999999762
37702  -34.082  -59.174  86.986 0.8999999762
37703  -34.524  -58.679  87.263 0.8999999762
38628  -15.817  -58.585  83.568 0.5000000000
34790  -26.333  -62.165  81.671 0.8999999762
37737  -32.427  -58.806  85.165 1.0000000000
37719  -32.752  -59.183  85.628 1.0000000000
37759  -16.339  -59.260  81.195 0.5000000000
34801  -26.416  -62.142  80.271 0.8999999762
38638  -31.293  -58.257  83.991 1.0000000000
38620  -31.763  -58.691  84.714 1.0000000000
35776  -18.066  -61.234  79.241 0.4000000060
37766  -16.717  -59.152  80.488 0.5000000000
34833  -26.309  -62.307  78.650 0.8999999762
39590  -31.511  -57.228  83.206 1.0000000000
39589  -30.950  -57.822  83.403 1.0000000000
35792  -18.503  -61.678  78.593 0.1000000015
34844  -26.330  -62.322  77.701 0.8999999762
34834  -26.510  -62.087  79.254 0.8999999762
39594  -30.627  -57.233  82.789 1.0000000000
147212  -19.573  -63.184  77.527 0.1000000015
35806  -26.793  -61.473  77.926 0.8999999762
36803  -26.811  -61.363  78.925 0.8999999762
123488  -29.972  -56.820  82.205 1.0000000000
33957  -20.324  -63.615  76.580 0.1000000015
27497  -18.416  -70.520  70.364 0.2000000030
36824  -26.857  -61.424  75.894 0.8999999762
36816  -26.862  -61.322  76.893 0.8999999762
40520  -29.468  -56.391  81.599 1.0000000000
38652  -29.641  -57.546  82.563 1.0000000000
32190  -22.289  -65.807  75.384 0.2000000030
29351  -17.238  -68.494  71.149 0.2000000030
28392  -17.670  -70.045  70.753 0.2000000030
37811  -26.596  -60.604  76.317 1.0000000000
37801  -26.428  -60.346  77.256 1.0000000000
40528  -29.750  -55.644  81.332 1.0000000000
40527  -29.041  -55.982  80.950 1.0000000000
31257  -21.789  -66.322  73.743 0.2000000030
31291  -17.254  -66.671  71.941 0.2000000030
30325  -17.334  -67.688  70.848 0.2000000030
37821  -26.556  -60.639  75.408 1.0000000000
41398  -29.404  -55.305  80.603 1.0000000000
40526  -28.410  -56.378  80.518 1.0000000000
134416  -17.608  -65.790  72.129 0.2000000030
37820  -25.862  -59.902  75.079 0.8999999762
41404  -28.502  -55.439  79.478 1.0000000000
38749  -25.495  -59.317  73.918 0.8999999762
42282  -28.586  -54.663  78.455 1.0000000000
41408  -28.238  -55.251  78.768 1.0000000000
38786  -25.195  -59.028  71.486 0.8999999762
38764  -25.332  -59.216  72.415 0.8999999762
41421  -27.882  -55.040  78.089 1.0000000000
33214  -20.208  -64.449  66.072 0.3000000119
38840  -22.845  -58.855  69.020 0.8000000119
37880  -25.167  -59.379  71.336 0.8999999762
41429  -26.186  -55.201  76.606 0.8999999762
41430  -26.732  -54.984  77.022 1.0000000000
125848  -21.809  -63.057  65.313 0.3000000119
42316  -26.092  -54.351  75.859 1.0000000000
42306  -27.084  -54.323  76.803 1.0000000000
129938  -21.591  -62.122  65.425 0.3000000119
37927  -21.899  -59.658  65.596 0.4000000060
37913  -21.347  -59.553  67.328 0.6000000238
43215  -25.383  -53.675  74.549 0.8999999762
42324  -25.732  -54.043  75.198 0.8999999762
35967  -21.788  -61.227  65.381 0.3000000119
36995  -22.079  -60.475  65.211 0.3000000119
43223  -24.528  -53.919  73.521 0.8999999762
42344  -23.898  -53.627  71.573 0.6000000238
44191  -24.326  -53.100  72.389 0.8999999762
43263  -23.916  -53.132  69.627 0.5000000000
43288  -24.191  -53.556  67.609 0.5000000000
124645  -19.356  -59.792  94.556 0.6000000238
143068  -25.467  -59.841  91.914 0.4000000060
36660  -24.824  -60.076  90.667 0.5000000000
124246  -25.510  -60.154  91.223 0.3000000119
36627  -26.574  -59.758  92.338 0.2000000030
36635  -17.673  -59.760  92.257 0.6999999881
122843  -25.604  -60.452  90.415 0.4000000060
37640  -17.587  -59.215  90.725 0.6999999881
37627  -17.197  -59.450  91.481 0.6999999881
36681  -24.937  -60.301  89.789 0.6000000238
36699  -25.048  -60.559  88.860 0.6000000238
38510  -27.544  -58.904  91.957 0.2000000030
37629  -27.695  -59.389  91.456 0.3000000119
127379  -23.833  -60.284  87.055 0.6999999881
38520  -27.641  -58.658  91.456 0.2000000030
37643  -28.158  -59.212  90.861 0.2000000030
36725  -24.400  -60.533  86.629 0.6999999881
147778  -28.219  -58.888  90.391 0.2000000030
40411  -33.383  -56.019  90.411 0.4000000060
41284  -33.631  -55.664  90.851 0.5000000000
37652  -17.249  -58.956  88.987 0.6000000238
36724  -23.662  -60.214  86.364 0.8000000119
36738  -24.657  -60.693  85.161 0.8000000119
38562  -26.743  -58.683  87.358 0.2000000030
38548  -27.695  -58.561  88.802 0.2000000030
38549  -28.462  -58.606  88.605 0.2000000030
39538  -32.444  -57.495  87.806 0.2000000030
137169  -32.874  -56.998  88.014 0.4000000060
143894  -24.109  -60.354  85.358 0.8000000119
38563  -27.704  -58.604  87.715 0.2000000030
38564  -28.644  -58.356  87.759 0.2000000030
39535  -29.863  -57.817  87.184 0.2000000030
39536  -30.781  -57.785  87.211 0.2000000030
39537  -31.764  -57.617  87.330 0.2000000030
39552  -31.740  -56.884  86.789 0.2000000030
40400  -34.150  -55.883  90.793 0.8000000119
37695  -16.522  -58.697  86.526 0.4000000060
38576  -16.817  -58.505  85.832 0.4000000060
36749  -24.054  -59.995  83.801 0.8000000119
36750  -24.663  -60.587  84.206 0.8000000119
38584  -29.026  -57.953  87.083 0.2000000030
39550  -29.464  -57.639  86.569 0.2000000030
128850  -30.283  -57.308  86.534 0.1000000015
128935  -31.041  -56.717  86.320 0.2000000030
38540  -35.338  -57.307  89.283 0.8000000119
39507  -35.055  -56.655  89.923 0.8000000119
37713  -16.138  -58.803  85.703 0.4000000060
36756  -24.072  -59.843  82.833 0.8000000119
36757  -24.712  -60.538  83.260 0.8000000119
39566  -29.509  -57.283  85.900 0.1000000015
40430  -35.802  -56.171  89.119 0.8999999762
41285  -35.237  -55.648  90.206 0.8999999762
38614  -16.302  -58.422  84.228 0.5000000000
142252  -17.026  -58.294  84.671 0.5000000000
36765  -24.164  -60.073  82.019 0.8000000119
38602  -33.425  -58.806  85.751 1.0000000000
37721  -34.364  -58.361  86.398 1.0000000000
38586  -35.325  -57.439  87.282 0.8999999762
142515  -35.757  -57.008  88.274 0.8999999762
40453  -35.932  -56.495  87.908 0.8999999762
38643  -16.474  -58.340  82.571 0.6000000238
36785  -24.537  -61.149  79.722 0.8999999762
35768  -25.574  -62.157  80.210 0.8999999762
146364  -33.131  -57.963  84.957 1.0000000000
140146  -34.381  -57.839  85.838 1.0000000000
38604  -34.727  -57.550  86.139 1.0000000000
38605  -35.176  -57.123  86.542 1.0000000000
35777  -25.662  -62.432  79.465 0.8999999762
34796  -26.218  -62.228  80.712 0.8999999762
38639  -32.068  -57.964  84.146 1.0000000000
140138  -33.615  -57.533  84.926 1.0000000000
36798  -17.679  -60.255  78.979 0.3000000119
34816  -26.038  -62.567  79.086 0.8999999762
34800  -26.097  -62.458  79.844 0.8999999762
39591  -32.207  -57.328  83.665 1.0000000000
36799  -18.344  -60.581  78.359 0.2000000030
34852  -26.480  -62.293  76.867 0.8999999762
34843  -26.009  -62.546  77.439 0.8999999762
34840  -19.274  -62.519  77.337 0.2000000030
35814  -26.494  -62.171  76.075 0.8999999762
34851  -26.086  -62.483  76.632 0.8999999762
40514  -30.637  -56.502  82.396 1.0000000000
34841  -19.708  -63.026  76.875 0.1000000015
123486  -26.874  -61.977  76.529 0.8999999762
40522  -30.492  -55.350  81.713 1.0000000000
40515  -30.969  -55.838  82.338 1.0000000000
40521  -30.206  -56.074  81.949 1.0000000000
33095  -21.952  -65.305  74.540 0.1000000015
31279  -21.490  -66.209  73.060 0.2000000030
128994  -21.008  -66.097  72.900 0.2000000030
36833  -26.685  -61.053  75.011 1.0000000000
41406  -29.712  -54.684  80.260 1.0000000000
41399  -30.015  -54.944  81.048 1.0000000000
32230  -19.216  -65.214  73.001 0.2000000030
137395  -18.377  -65.178  72.287 0.2000000030
32250  -17.799  -65.384  71.472 0.2000000030
37860  -26.068  -60.271  73.339 1.0000000000
36843  -26.484  -60.813  74.286 1.0000000000
42279  -29.464  -54.473  79.506 1.0000000000
41405  -29.094  -55.021  79.865 1.0000000000
35881  -22.835  -61.703  70.673 0.8000000119
37872  -25.428  -59.652  71.953 0.8999999762
41409  -28.886  -54.869  79.113 1.0000000000
136861  -19.095  -64.901  66.988 0.3000000119
37878  -24.319  -59.637  70.593 0.8999999762
42294  -28.207  -54.344  77.802 1.0000000000
32330  -20.308  -65.560  66.217 0.3000000119
37888  -22.247  -59.569  69.323 0.6999999881
43197  -27.414  -53.570  76.533 0.8999999762
42307  -27.781  -53.946  77.181 1.0000000000
33231  -20.918  -64.228  65.627 0.3000000119
34106  -21.349  -63.636  65.477 0.3000000119
36969  -20.951  -59.935  67.903 0.6000000238
43217  -26.537  -52.828  75.361 0.8999999762
42317  -26.724  -53.970  76.216 0.8999999762
35949  -21.119  -61.271  65.871 0.4000000060
36981  -21.008  -60.328  66.836 0.5000000000
44183  -25.765  -52.097  73.948 0.8999999762
43216  -25.917  -53.248  74.983 0.8999999762
36994  -21.360  -60.432  65.889 0.4000000060
44205  -24.564  -51.920  71.869 0.5000000000
36625  -24.973  -59.446  92.334 0.4000000060
36609  -19.645  -59.922  93.818 0.6000000238
147614  -23.801  -59.523  91.592 0.4000000060
36641  -24.708  -59.683  91.556 0.4000000060
128547  -25.130  -59.229  92.779 0.2000000030
36636  -18.580  -59.851  92.153 0.6999999881
140886  -19.404  -60.028  92.175 0.6000000238
145712  -23.287  -59.878  90.459 0.5000000000
36626  -25.786  -59.576  92.532 0.2000000030
37628  -18.085  -59.490  91.469 0.6999999881
36656  -19.489  -59.644  90.847 0.6000000238
36698  -23.392  -60.084  88.576 0.6000000238
36659  -24.012  -60.096  90.098 0.6000000238
37620  -26.478  -58.975  92.868 0.2000000030
37642  -19.167  -59.321  90.036 0.8000000119
38509  -27.146  -58.355  92.161 0.2000000030
38501  -27.084  -58.857  92.518 0.2000000030
123566  -18.179  -59.015  88.918 0.6999999881
37653  -18.941  -59.166  89.168 0.8000000119
36723  -23.094  -59.993  87.001 0.6999999881
36712  -23.624  -60.239  87.729 0.6999999881
38519  -27.165  -58.314  91.260 0.2000000030
41291  -32.758  -55.337  90.116 0.3000000119
41282  -32.553  -54.769  90.719 0.3000000119
37668  -17.888  -58.749  88.294 0.6999999881
37717  -22.267  -59.337  85.439 0.8000000119
37701  -22.858  -59.864  86.069 0.8000000119
38547  -26.775  -58.470  89.002 0.2000000030
38532  -27.752  -58.628  90.776 0.2000000030
40452  -32.696  -56.136  87.494 0.1000000015
126110  -32.996  -56.344  88.431 0.3000000119
41283  -33.001  -55.284  90.833 0.5000000000
41275  -33.245  -55.082  91.094 0.5000000000
127615  -17.120  -58.773  88.171 0.5000000000
37681  -17.543  -58.599  87.602 0.6999999881
37682  -18.436  -58.657  87.637 0.6999999881
37718  -23.084  -59.693  85.110 0.8000000119
126087  -27.687  -58.581  89.820 0.2000000030
40464  -31.714  -56.142  86.421 0.1000000015
134557  -32.249  -56.357  86.889 0.2000000030
41276  -33.762  -55.435  91.052 0.6999999881
42156  -33.442  -54.747  91.332 0.5000000000
37696  -17.214  -58.556  86.985 0.5000000000
38578  -18.269  -58.314  86.275 0.6999999881
37744  -22.754  -59.145  83.489 0.8000000119
37734  -23.290  -59.591  84.197 0.8000000119
38582  -27.273  -58.585  86.684 0.2000000030
38583  -28.191  -58.339  86.874 0.2000000030
40463  -30.266  -56.619  85.808 0.1000000015
42157  -33.945  -54.925  91.327 0.6999999881
38577  -17.439  -58.407  86.287 0.5000000000
145663  -17.863  -58.282  85.874 0.6999999881
37754  -22.796  -58.996  82.530 0.8000000119
37745  -23.508  -59.551  83.450 0.8000000119
39548  -27.735  -58.248  85.984 0.2000000030
39549  -28.698  -57.866  86.146 0.2000000030
41278  -34.825  -55.449  90.588 0.8999999762
41277  -34.255  -55.474  90.927 0.8000000119
38596  -17.404  -58.321  85.424 0.5000000000
126089  -17.766  -58.206  84.629 0.5000000000
125806  -27.263  -57.918  85.119 0.1000000015
41286  -35.588  -55.585  89.650 0.8999999762
38630  -17.137  -58.127  83.005 0.5000000000
37761  -23.512  -59.499  81.226 0.6999999881
36772  -24.051  -60.103  80.850 0.8000000119
36780  -24.566  -60.862  80.501 0.8999999762
128568  -28.104  -57.836  85.437 0.1000000015
39565  -28.772  -57.349  85.335 0.1000000015
39539  -35.686  -57.023  87.737 0.8999999762
41304  -36.079  -55.918  88.262 0.8999999762
38656  -16.476  -58.534  81.753 0.6000000238
139051  -17.102  -58.222  81.292 0.6000000238
123656  -17.591  -58.058  81.672 0.6000000238
37769  -23.560  -59.589  80.412 0.6999999881
36779  -24.126  -60.279  80.034 0.8999999762
38624  -34.558  -57.259  85.663 1.0000000000
136749  -35.662  -56.129  86.712 1.0000000000
41332  -35.792  -55.713  86.725 1.0000000000
37767  -17.134  -59.136  79.795 0.4000000060
37772  -17.550  -59.326  79.113 0.4000000060
39614  -17.800  -57.969  80.042 0.5000000000
36784  -24.131  -60.565  79.226 0.8999999762
139105  -24.480  -61.462  79.014 0.8999999762
38640  -32.889  -57.530  84.331 1.0000000000
39582  -34.211  -56.938  85.081 1.0000000000
40493  -34.587  -56.085  85.086 1.0000000000
40478  -35.257  -56.081  85.896 1.0000000000
133592  -35.939  -55.175  86.744 1.0000000000
134340  -18.079  -59.522  78.425 0.3000000119
36801  -24.246  -60.940  78.504 0.8999999762
35794  -24.817  -62.054  78.637 0.8999999762
40507  -32.866  -56.768  83.763 1.0000000000
139948  -34.327  -55.631  84.627 1.0000000000
41360  -34.793  -55.325  85.040 1.0000000000
35802  -18.755  -61.179  77.772 0.3000000119
145905  -18.452  -59.905  78.001 0.3000000119
138510  -24.829  -61.689  76.988 0.8999999762
34831  -25.400  -62.437  78.058 0.8999999762
39595  -31.352  -56.539  82.755 1.0000000000
40516  -32.135  -56.596  83.230 1.0000000000
40517  -32.743  -55.989  83.356 1.0000000000
136283  -33.291  -55.425  83.525 1.0000000000
41374  -33.830  -55.528  84.093 1.0000000000
35803  -19.050  -61.651  77.143 0.1000000015
35812  -25.447  -62.113  76.454 0.8999999762
41383  -31.924  -55.720  82.772 1.0000000000
134365  -32.681  -55.223  83.053 1.0000000000
34850  -19.970  -62.764  76.117 0.1000000015
125803  -24.430  -61.686  72.794 0.8000000119
124426  -25.576  -61.924  74.873 0.8999999762
41392  -32.117  -54.843  82.480 1.0000000000
33963  -20.969  -64.040  75.378 0.1000000015
33969  -20.743  -63.298  74.952 0.1000000015
34875  -23.695  -62.641  71.974 0.6999999881
132920  -25.743  -61.640  74.120 0.8999999762
35831  -26.203  -61.775  74.726 0.8999999762
41400  -30.750  -54.657  81.429 1.0000000000
33970  -21.428  -64.170  74.528 0.1000000015
141836  -22.028  -66.089  73.034 0.1000000015
34889  -23.466  -62.673  71.672 0.6999999881
35841  -26.329  -61.274  74.008 0.8999999762
35832  -26.508  -61.300  74.673 1.0000000000
42268  -30.325  -54.369  80.677 1.0000000000
32232  -21.177  -65.627  72.487 0.2000000030
33131  -18.688  -64.337  71.256 0.3000000119
32264  -17.973  -64.914  70.866 0.2000000030
34016  -21.845  -63.162  71.147 0.4000000060
34908  -23.071  -62.521  71.195 0.8000000119
34876  -24.212  -62.152  71.907 0.8000000119
36875  -25.992  -60.538  73.039 1.0000000000
36852  -26.275  -60.691  73.631 1.0000000000
42280  -30.001  -54.093  79.936 1.0000000000
33153  -18.323  -64.363  70.450 0.3000000119
125238  -17.819  -65.269  69.778 0.2000000030
34907  -22.257  -62.558  70.931 0.6999999881
34909  -23.560  -61.781  70.970 0.8000000119
36874  -25.635  -60.352  72.348 1.0000000000
42284  -29.800  -53.875  79.198 1.0000000000
137207  -18.053  -65.137  68.809 0.3000000119
33178  -18.277  -64.489  68.587 0.3000000119
35883  -24.158  -61.111  71.169 0.8000000119
36920  -24.577  -60.158  71.093 0.8999999762
43199  -28.787  -52.823  77.207 0.8999999762
43179  -29.505  -53.577  78.537 1.0000000000
34087  -19.885  -63.649  66.416 0.3000000119
34955  -19.363  -62.611  67.882 0.4000000060
34070  -19.453  -63.271  67.129 0.4000000060
143077  -20.388  -61.196  69.135 0.5000000000
36937  -20.986  -60.571  69.214 0.6000000238
36918  -22.941  -60.718  70.466 0.8999999762
36919  -23.500  -59.971  70.453 0.8999999762
43185  -28.513  -53.593  77.501 0.8999999762
34991  -20.050  -62.930  66.537 0.3000000119
34956  -19.818  -62.377  67.291 0.5000000000
35934  -20.194  -61.576  67.423 0.5000000000
36956  -21.348  -59.977  68.812 0.5000000000
43198  -28.120  -53.197  76.857 0.8999999762
140238  -20.524  -62.678  66.073 0.4000000060
36968  -20.549  -60.765  67.557 0.5000000000
44169  -26.097  -52.439  74.695 0.8999999762
37590  -19.627  -59.379  95.010 0.6000000238
36599  -20.389  -59.532  94.468 0.5000000000
141276  -20.579  -60.036  92.006 0.6000000238
36622  -21.545  -59.725  92.252 0.6000000238
125733  -23.123  -59.496  92.006 0.5000000000
36624  -24.042  -59.287  92.145 0.4000000060
36657  -20.353  -60.047  91.000 0.6000000238
36638  -21.377  -60.075  91.165 0.6000000238
123753  -22.375  -59.939  90.622 0.6000000238
140125  -23.138  -59.678  91.201 0.5000000000
36676  -20.040  -59.762  90.174 0.6999999881
36677  -20.545  -59.816  89.520 0.6999999881
36658  -21.616  -60.074  90.321 0.6999999881
36679  -23.005  -59.957  89.627 0.5000000000
37619  -25.651  -58.870  93.073 0.2000000030
37654  -19.783  -59.490  89.384 0.8000000119
36697  -22.505  -59.924  88.687 0.6999999881
39484  -26.280  -57.992  92.855 0.2000000030
38500  -26.668  -58.324  92.751 0.2000000030
37670  -19.660  -59.204  88.505 0.8000000119
37700  -22.022  -59.469  86.436 0.8000000119
37686  -22.334  -59.793  87.200 0.8000000119
39504  -26.614  -57.964  91.771 0.2000000030
42179  -32.464  -54.640  88.990 0.3000000119
41290  -32.220  -54.345  90.192 0.3000000119
131732  -19.048  -58.625  86.864 0.8000000119
37683  -19.263  -58.901  87.715 0.8000000119
147379  -22.565  -59.769  86.670 0.8000000119
38530  -26.048  -58.345  89.610 0.2000000030
141949  -32.495  -55.247  87.369 0.2000000030
41303  -32.786  -55.393  88.121 0.3000000119
135103  -32.949  -55.625  88.978 0.2000000030
42165  -32.678  -54.654  90.985 0.3000000119
42155  -32.859  -54.356  91.283 0.4000000060
37732  -21.657  -58.983  84.778 0.8000000119
38546  -25.887  -58.444  88.677 0.2000000030
41331  -31.656  -55.182  86.290 0.1000000015
38579  -18.934  -58.260  86.046 0.6999999881
37743  -21.872  -58.868  83.862 0.8000000119
126842  -27.005  -58.677  88.141 0.2000000030
41330  -30.987  -55.820  85.828 0.1000000015
127803  -34.115  -54.205  91.468 0.6999999881
38597  -18.315  -58.207  85.464 0.6000000238
38598  -19.235  -58.175  85.349 0.8000000119
38581  -26.402  -58.523  86.557 0.2000000030
42158  -34.511  -54.881  90.969 0.8000000119
38631  -18.054  -58.136  83.657 0.5000000000
123763  -18.711  -58.145  83.081 0.8000000119
127709  -18.912  -58.139  82.361 0.6000000238
38649  -22.124  -58.643  82.054 0.6999999881
37760  -22.888  -58.971  81.662 0.6999999881
38601  -26.825  -58.355  85.861 0.1000000015
40475  -28.692  -56.760  84.776 0.1000000015
40476  -29.458  -56.473  85.162 0.1000000015
41344  -29.476  -55.091  84.881 0.1000000015
41292  -35.898  -55.452  88.929 0.8999999762
42172  -35.685  -54.955  89.448 0.8000000119
38645  -17.931  -58.059  82.494 0.5000000000
147523  -19.142  -58.106  81.675 0.6000000238
38658  -19.804  -58.232  82.148 0.6999999881
38661  -22.226  -58.582  81.189 0.6999999881
37768  -22.969  -58.979  80.812 0.6999999881
39580  -27.996  -57.381  84.734 0.1000000015
41318  -36.006  -55.876  87.374 0.8999999762
142428  -36.013  -55.180  88.251 0.8999999762
39598  -17.838  -58.042  80.861 0.5000000000
39599  -18.832  -57.991  80.988 0.6000000238
39608  -19.368  -57.786  80.282 0.6999999881
38680  -22.464  -58.592  79.612 0.6999999881
37774  -23.608  -59.723  79.542 0.6999999881
145366  -27.234  -57.515  84.428 0.1000000015
130155  -36.058  -55.213  87.516 1.0000000000
124494  -36.069  -54.340  87.657 0.8999999762
38677  -18.163  -58.310  78.994 0.4000000060
39607  -18.453  -57.838  80.168 0.6000000238
38690  -19.036  -57.952  78.155 0.5000000000
39616  -19.804  -57.708  79.555 0.6000000238
139348  -23.679  -59.954  78.563 0.6999999881
36800  -24.023  -60.566  77.798 0.8999999762
40494  -35.098  -55.731  85.521 1.0000000000
41346  -35.749  -55.061  86.192 1.0000000000
42196  -35.921  -54.483  86.266 1.0000000000
43087  -36.240  -53.556  86.896 0.8999999762
37785  -18.624  -59.306  77.809 0.4000000060
38703  -19.033  -58.559  77.644 0.4000000060
38704  -19.617  -58.095  77.627 0.6000000238
36814  -23.750  -60.098  77.028 0.6999999881
41376  -34.875  -54.595  84.824 1.0000000000
43113  -35.754  -53.963  85.684 1.0000000000
43102  -35.970  -53.886  86.035 1.0000000000
43088  -36.487  -52.697  86.589 1.0000000000
36812  -18.795  -60.175  77.532 0.2000000030
36813  -19.032  -60.826  77.095 0.3000000119
37797  -19.140  -59.273  77.170 0.4000000060
37806  -19.711  -59.230  76.524 0.4000000060
148591  -23.966  -60.588  76.433 0.8000000119
36823  -24.617  -61.411  76.215 0.8000000119
42238  -34.411  -54.292  84.105 1.0000000000
42221  -35.370  -54.284  85.269 1.0000000000
44078  -35.922  -53.107  85.486 1.0000000000
34849  -19.483  -62.133  76.565 0.1000000015
35811  -19.444  -61.039  76.394 0.1000000015
35818  -19.980  -60.877  75.760 0.2000000030
138301  -23.383  -60.556  74.129 0.6999999881
36842  -23.992  -60.646  74.647 0.6999999881
36831  -24.016  -60.617  75.645 0.8000000119
35820  -25.468  -62.042  75.666 0.8999999762
144377  -33.193  -54.840  83.264 1.0000000000
42251  -33.978  -54.115  83.631 1.0000000000
43126  -34.946  -53.935  84.557 1.0000000000
44086  -34.992  -53.189  84.490 1.0000000000
44077  -35.667  -52.723  84.979 1.0000000000
44067  -36.430  -52.438  85.831 1.0000000000
35819  -19.948  -61.739  75.771 0.1000000015
34856  -20.353  -62.538  75.369 0.1000000015
35827  -20.474  -61.747  75.065 0.3000000119
130143  -21.164  -63.176  74.299 0.1000000015
35829  -24.101  -61.190  73.675 0.8000000119
41391  -31.302  -55.083  82.122 1.0000000000
42249  -32.766  -54.560  82.847 1.0000000000
135045  -32.873  -54.008  82.715 1.0000000000
44095  -33.831  -53.136  83.351 1.0000000000
44085  -34.337  -52.671  83.920 1.0000000000
45095  -35.139  -51.985  84.495 1.0000000000
34860  -20.777  -62.453  74.652 0.1000000015
33103  -22.384  -65.316  73.159 0.1000000015
33977  -22.482  -64.527  72.903 0.2000000030
35849  -23.621  -62.245  72.430 0.6000000238
35839  -23.620  -61.557  73.070 0.6999999881
35840  -25.224  -61.581  73.381 0.8000000119
42269  -30.911  -54.027  81.101 1.0000000000
43150  -32.027  -53.653  81.731 1.0000000000
43139  -33.283  -53.459  82.904 1.0000000000
33102  -22.123  -64.803  73.713 0.1000000015
33112  -22.198  -65.333  72.276 0.2000000030
32252  -21.842  -65.189  71.922 0.3000000119
33999  -22.030  -64.453  71.535 0.3000000119
33986  -23.097  -63.380  71.905 0.5000000000
34874  -23.162  -63.228  72.140 0.6000000238
130653  -24.989  -61.539  72.488 0.8000000119
43172  -30.313  -53.457  79.622 1.0000000000
43157  -30.555  -53.740  80.366 1.0000000000
43159  -31.683  -53.103  81.178 1.0000000000
44102  -32.318  -52.753  81.736 1.0000000000
33111  -20.965  -64.910  71.966 0.4000000060
33997  -20.433  -63.904  71.411 0.4000000060
33998  -21.399  -63.806  71.335 0.3000000119
141145  -22.030  -63.747  71.340 0.3000000119
35865  -24.589  -61.496  71.752 0.8000000119
139091  -25.686  -61.321  73.100 0.8000000119
43173  -30.806  -53.051  80.080 1.0000000000
34013  -18.712  -63.674  70.193 0.3000000119
138780  -20.601  -63.359  71.127 0.3000000119
34904  -20.092  -62.906  70.618 0.3000000119
35866  -25.230  -60.897  72.060 0.8999999762
43180  -30.103  -53.179  78.914 1.0000000000
34039  -18.533  -63.750  69.180 0.3000000119
34040  -19.162  -63.054  69.801 0.4000000060
34905  -20.451  -62.420  70.447 0.4000000060
34930  -19.912  -61.962  69.534 0.5000000000
44136  -29.356  -52.393  77.636 0.8999999762
43187  -29.747  -52.804  78.281 1.0000000000
33179  -18.621  -63.914  68.249 0.3000000119
133525  -19.323  -62.594  68.876 0.4000000060
35879  -20.745  -61.731  70.228 0.5000000000
44159  -27.864  -51.972  76.058 0.8000000119
43208  -27.706  -52.803  76.255 0.8999999762
37591  -20.501  -58.856  94.924 0.2000000030
37599  -20.373  -59.443  94.629 0.4000000060
37600  -20.833  -59.176  94.200 0.4000000060
36600  -20.905  -59.333  93.803 0.5000000000
36613  -23.139  -59.094  92.564 0.4000000060
37618  -24.242  -59.017  92.653 0.4000000060
141072  -23.410  -58.731  92.926 0.4000000060
126509  -23.928  -58.458  93.157 0.3000000119
36695  -20.928  -59.766  88.842 0.8000000119
36678  -21.401  -59.966  89.565 0.6999999881
37655  -20.290  -59.569  88.909 0.8000000119
37671  -20.496  -59.414  88.264 0.8000000119
36696  -21.695  -59.835  88.739 0.8000000119
38499  -25.227  -58.256  93.073 0.2000000030
124369  -19.996  -59.078  87.686 0.8000000119
37684  -20.763  -59.281  87.477 0.8000000119
37672  -21.236  -59.675  88.093 0.8000000119
36710  -21.987  -59.910  87.960 0.8000000119
39496  -25.966  -57.754  92.281 0.2000000030
42178  -31.789  -54.039  88.417 0.2000000030
42164  -32.293  -54.151  90.763 0.3000000119
146400  -19.614  -58.882  87.278 0.8000000119
37715  -20.584  -58.657  85.957 0.8000000119
37699  -21.087  -59.136  86.629 0.8000000119
39503  -25.917  -57.806  91.251 0.2000000030
42185  -32.323  -54.599  87.805 0.2000000030
43065  -32.083  -53.588  90.872 0.3000000119
42154  -32.422  -53.906  91.137 0.3000000119
37714  -19.709  -58.358  86.109 0.8000000119
38599  -20.086  -58.339  85.246 0.8000000119
37731  -20.860  -58.707  85.032 0.8000000119
41317  -32.146  -54.695  86.905 0.1000000015
43044  -32.652  -53.226  91.947 0.5000000000
39524  -25.309  -58.293  87.929 0.2000000030
137470  -30.953  -54.764  85.784 0.1000000015
43046  -33.838  -53.418  91.780 0.6999999881
38617  -19.556  -58.257  84.556 0.8000000119
38633  -20.434  -58.480  83.603 0.8000000119
38634  -21.208  -58.619  83.287 0.8000000119
38648  -21.333  -58.501  82.399 0.8000000119
38580  -25.725  -58.352  86.521 0.2000000030
148349  -30.582  -55.227  85.538 0.1000000015
133061  -34.437  -53.006  91.338 0.6999999881
126155  -19.817  -58.356  83.905 0.8000000119
38647  -20.530  -58.370  82.733 0.6999999881
38660  -21.466  -58.365  81.526 0.6999999881
40492  -28.939  -55.872  84.532 0.1000000015
42171  -35.274  -54.276  89.949 0.8000000119
38670  -19.867  -58.043  81.180 0.6999999881
38671  -20.841  -58.095  80.966 0.6999999881
38679  -21.677  -58.196  79.724 0.6999999881
39563  -25.367  -57.843  85.240 0.2000000030
38600  -25.971  -58.279  85.873 0.2000000030
39564  -26.306  -57.981  85.143 0.1000000015
43080  -35.885  -53.682  88.166 0.8000000119
43079  -35.539  -52.874  88.685 0.8000000119
39609  -20.293  -57.876  80.288 0.6999999881
38691  -22.566  -58.638  78.368 0.6999999881
37786  -23.024  -59.004  79.020 0.6999999881
39578  -26.578  -57.641  84.424 0.1000000015
39579  -27.559  -57.129  84.126 0.1000000015
144663  -36.126  -53.341  87.438 0.8999999762
44036  -36.098  -52.478  87.826 0.8999999762
39623  -19.350  -57.740  78.843 0.6000000238
39617  -20.717  -57.819  79.441 0.6000000238
39638  -21.127  -57.811  77.865 0.6000000238
38707  -22.496  -58.561  77.593 0.6999999881
37799  -23.558  -59.755  77.697 0.6999999881
39577  -25.808  -57.670  84.419 0.1000000015
44048  -36.496  -52.597  87.077 1.0000000000
38705  -20.138  -58.127  77.156 0.5000000000
39649  -20.816  -57.876  77.056 0.5000000000
38706  -21.689  -58.080  77.253 0.6000000238
132602  -22.718  -58.962  76.142 0.6999999881
37808  -23.179  -59.096  77.026 0.6999999881
37809  -23.393  -59.763  76.118 0.6999999881
44068  -36.385  -52.835  86.205 1.0000000000
44049  -37.106  -51.804  86.882 1.0000000000
36822  -19.865  -60.026  75.948 0.4000000060
38716  -20.398  -58.511  76.537 0.4000000060
37807  -20.297  -59.161  76.009 0.5000000000
38728  -21.903  -58.658  75.797 0.5000000000
37819  -23.447  -59.978  75.264 0.6999999881
140206  -37.766  -51.192  86.495 1.0000000000
36829  -20.416  -60.441  75.367 0.4000000060
36839  -20.774  -60.973  74.888 0.4000000060
36830  -21.137  -60.077  74.904 0.4000000060
37828  -22.065  -59.815  74.613 0.6000000238
37818  -22.624  -59.356  75.331 0.6000000238
132693  -36.241  -52.093  85.373 1.0000000000
131410  -37.063  -51.685  86.213 1.0000000000
45074  -37.060  -51.179  85.611 1.0000000000
34861  -21.349  -62.478  73.887 0.3000000119
35837  -21.694  -61.645  73.625 0.4000000060
36850  -22.241  -61.034  73.649 0.5000000000
36851  -23.066  -60.975  73.557 0.6999999881
44094  -33.428  -52.704  82.907 1.0000000000
44084  -33.804  -52.193  83.272 1.0000000000
147558  -35.873  -51.821  84.940 1.0000000000
45987  -37.198  -50.261  84.740 1.0000000000
137486  -22.569  -63.604  72.667 0.3000000119
35838  -22.648  -61.747  73.059 0.6000000238
45104  -33.226  -51.806  82.652 1.0000000000
45094  -34.399  -51.374  83.748 1.0000000000
126741  -35.154  -50.911  84.223 1.0000000000
140061  -36.483  -50.389  84.466 1.0000000000
33133  -22.390  -64.821  71.938 0.3000000119
33985  -22.696  -64.197  72.197 0.3000000119
34867  -22.817  -62.692  72.603 0.4000000060
44109  -31.330  -52.660  80.539 1.0000000000
45112  -32.863  -51.264  81.980 1.0000000000
45093  -33.792  -51.228  83.071 1.0000000000
46017  -33.499  -50.715  82.430 1.0000000000
46000  -35.055  -50.413  83.607 1.0000000000
46001  -35.988  -50.150  83.858 1.0000000000
44121  -31.017  -52.256  79.888 1.0000000000
44110  -31.801  -52.226  81.107 1.0000000000
45111  -32.346  -51.780  81.562 1.0000000000
142204  -32.550  -51.040  81.378 1.0000000000
44130  -30.269  -52.368  78.740 1.0000000000
45118  -31.510  -51.778  80.407 1.0000000000
46043  -31.824  -50.742  80.249 1.0000000000
46031  -32.509  -50.555  80.841 1.0000000000
44137  -29.880  -51.944  78.115 1.0000000000
45152  -29.469  -51.504  77.517 0.8999999762
45164  -28.445  -51.498  76.507 0.8000000119
38490  -23.572  -58.088  93.533 0.4000000060
42170  -31.762  -53.761  89.413 0.2000000030
42184  -31.557  -54.037  87.494 0.1000000015
42177  -31.310  -53.491  88.191 0.1000000015
42163  -31.946  -53.735  90.325 0.3000000119
44008  -31.824  -53.149  90.998 0.3000000119
44992  -31.896  -52.679  91.354 0.3000000119
44979  -32.579  -52.339  92.147 0.3000000119
42194  -30.476  -53.923  86.179 0.1000000015
140903  -30.814  -53.256  87.334 0.1000000015
123522  -31.086  -53.037  88.043 0.1000000015
43978  -33.098  -52.644  92.249 0.6000000238
41345  -30.139  -54.571  85.414 0.1000000015
43094  -29.849  -53.105  86.031 0.1000000015
43995  -34.029  -52.635  91.992 0.6999999881
39534  -25.168  -58.155  86.949 0.2000000030
42206  -28.971  -54.124  84.860 0.1000000015
44009  -34.926  -52.380  90.506 0.6999999881
40491  -28.221  -56.478  84.156 0.1000000015
141248  -28.933  -54.849  84.473 0.1000000015
44024  -35.761  -51.960  88.590 0.8000000119
40506  -27.488  -56.636  83.621 0.1000000015
45031  -36.500  -51.482  88.269 0.8999999762
44037  -36.894  -51.711  87.444 0.8999999762
44059  -37.035  -51.802  86.565 1.0000000000
45085  -37.976  -50.884  86.035 1.0000000000
45988  -38.142  -50.192  85.124 1.0000000000
46020  -36.850  -49.673  82.884 1.0000000000
46018  -34.413  -50.278  82.947 1.0000000000
46032  -33.174  -50.359  81.488 1.0000000000
46033  -34.088  -49.844  81.972 1.0000000000
46939  -35.187  -49.526  82.157 1.0000000000
45139  -30.366  -51.482  78.607 1.0000000000
45130  -31.186  -51.352  79.756 1.0000000000
46954  -34.922  -49.294  81.313 1.0000000000
46955  -35.947  -49.249  81.399 0.8999999762
45153  -29.997  -51.051  77.986 1.0000000000
46057  -31.401  -50.448  79.492 1.0000000000
46058  -32.023  -49.821  79.721 0.8999999762
46992  -32.957  -49.268  79.777 0.8999999762
129122  -33.858  -49.109  80.276 0.8999999762
46079  -29.650  -50.628  77.371 0.8000000119
46066  -30.557  -50.604  78.400 0.8000000119
46067  -31.142  -50.127  78.782 0.8999999762
46068  -31.678  -49.750  79.101 0.8000000119
47008  -32.345  -49.192  79.006 0.8999999762
140257  -33.963  -48.718  79.517 0.8999999762
46081  -30.899  -49.784  78.100 0.8000000119
43071  -31.702  -53.537  89.877 0.1000000015
45004  -31.678  -52.675  90.559 0.2000000030
43994  -32.257  -52.189  91.834 0.2000000030
44035  -31.383  -52.916  89.112 0.1000000015
45017  -31.544  -52.499  89.615 0.1000000015
45891  -32.817  -51.679  92.200 0.2000000030
123877  -33.339  -50.966  92.370 0.3000000119
44993  -34.255  -51.795  92.352 0.5000000000
45893  -34.591  -50.556  92.716 0.4000000060
141579  -35.194  -51.096  92.009 0.6999999881
45894  -35.130  -50.187  92.727 0.4000000060
45007  -35.934  -50.957  90.527 0.6999999881
45019  -35.952  -51.211  89.291 0.6999999881
45044  -37.844  -51.148  87.325 1.0000000000
45032  -37.570  -51.059  88.020 0.8999999762
45033  -38.645  -50.684  87.848 1.0000000000
45075  -38.731  -50.804  86.385 1.0000000000
45059  -39.111  -50.641  86.965 0.8999999762
45974  -38.803  -50.569  85.748 1.0000000000
143774  -39.285  -50.615  86.462 0.8999999762
144384  -37.992  -49.872  83.855 1.0000000000
46021  -37.880  -49.734  82.790 1.0000000000
46940  -36.353  -49.433  82.126 1.0000000000
46941  -37.398  -49.495  82.058 1.0000000000
46956  -36.855  -49.316  81.419 0.8999999762
46972  -34.781  -49.036  80.575 0.8999999762
127725  -36.433  -49.158  80.962 0.8999999762
126441  -37.611  -49.298  81.461 0.8999999762
46993  -34.654  -48.865  79.953 0.8999999762
125135  -36.397  -48.940  80.518 0.8999999762
46974  -37.074  -49.146  80.906 0.8999999762
47024  -31.316  -49.218  77.693 0.8000000119
47007  -31.689  -49.308  78.377 0.8999999762
47011  -34.931  -48.563  79.413 0.8999999762
47848  -35.841  -48.520  79.433 0.8999999762
123050  -32.608  -48.736  78.193 0.8999999762
47027  -33.431  -48.372  78.116 0.8999999762
47857  -34.317  -48.030  78.135 0.8999999762
47032  -32.103  -48.487  77.027 0.8000000119
47026  -32.758  -48.382  77.504 0.8000000119
45005  -32.122  -52.089  91.055 0.2000000030
45900  -32.757  -51.323  91.704 0.2000000030
133021  -31.942  -51.997  90.077 0.1000000015
45909  -32.598  -51.397  90.521 0.1000000015
45901  -33.333  -50.356  92.009 0.1000000015
46826  -33.923  -50.138  92.548 0.3000000119
46828  -35.278  -49.536  92.712 0.3000000119
44995  -35.821  -50.723  91.574 0.6999999881
45903  -36.186  -50.071  91.895 0.4000000060
45008  -36.714  -50.484  90.009 0.8000000119
45912  -37.269  -49.961  90.585 0.6000000238
45924  -37.675  -50.112  89.585 0.6999999881
45925  -38.396  -49.878  89.087 0.6000000238
45937  -38.918  -50.265  88.413 0.8999999762
146645  -38.995  -49.921  88.758 0.8000000119
45951  -39.679  -50.234  87.766 0.8000000119
45939  -39.933  -49.963  88.052 0.8000000119
45046  -39.688  -50.292  87.303 0.8999999762
145041  -39.550  -50.254  85.573 0.8999999762
45060  -39.630  -50.415  86.610 0.8999999762
127481  -38.617  -49.773  84.033 1.0000000000
46005  -39.068  -49.735  84.244 1.0000000000
46004  -38.685  -49.566  83.225 1.0000000000
122929  -37.867  -49.444  81.900 0.8999999762
46942  -38.395  -49.498  82.532 0.8999999762
46957  -38.084  -49.222  81.551 0.8999999762
46975  -37.732  -49.020  81.006 0.8999999762
139811  -36.345  -48.703  79.993 0.8999999762
46995  -37.110  -48.741  80.359 0.8999999762
47010  -34.188  -48.357  78.768 0.8999999762
47849  -36.670  -48.425  79.609 0.8999999762
47858  -35.149  -48.198  78.825 0.8999999762
47870  -35.336  -47.863  78.307 0.8999999762
47041  -31.779  -48.507  76.435 0.6999999881
47875  -32.416  -48.249  76.809 0.6999999881
47869  -33.478  -48.127  77.712 0.8000000119
48702  -34.863  -47.585  77.642 0.8999999762
47876  -33.125  -47.995  77.159 0.8999999762
48714  -33.604  -47.494  76.716 0.8000000119
146757  -33.780  -49.830  92.196 0.1000000015
146492  -35.681  -49.307  92.578 0.3000000119
47719  -35.566  -48.390  92.218 0.2000000030
45904  -36.856  -49.807  91.460 0.5000000000
48578  -36.522  -48.218  91.862 0.2000000030
46844  -37.518  -49.487  90.921 0.5000000000
46839  -37.608  -48.892  91.221 0.5000000000
45914  -38.631  -49.620  89.364 0.6999999881
46845  -38.273  -49.269  90.278 0.5000000000
46852  -40.105  -49.533  88.396 0.8000000119
47735  -39.533  -49.261  89.067 0.6999999881
45963  -40.121  -50.011  86.972 0.8999999762
46861  -40.290  -49.679  87.988 0.8999999762
139335  -39.875  -50.242  85.980 0.8999999762
46890  -40.530  -49.451  87.097 0.8999999762
46916  -39.451  -49.603  84.582 1.0000000000
46917  -39.847  -49.501  84.935 1.0000000000
46958  -38.434  -49.196  81.968 0.8999999762
142682  -39.199  -49.022  82.926 0.8999999762
46928  -39.600  -49.253  84.159 1.0000000000
47814  -38.799  -48.958  82.202 0.8999999762
46976  -38.193  -48.902  81.307 0.8999999762
47837  -37.838  -48.538  80.631 0.8999999762
47838  -38.225  -48.516  81.084 0.8999999762
47850  -37.338  -48.301  79.922 0.8999999762
47859  -36.120  -48.131  78.871 0.8999999762
47860  -36.919  -48.055  79.216 0.8999999762
48704  -35.999  -47.692  78.291 0.8999999762
48694  -36.573  -47.648  78.589 0.8999999762
48695  -37.069  -47.596  78.889 0.8999999762
48703  -35.595  -47.466  77.834 0.8999999762
48728  -33.240  -47.181  75.962 0.6999999881
48715  -34.463  -47.204  76.957 0.8999999762
48716  -35.419  -46.898  77.213 0.8999999762
49593  -33.627  -46.497  75.510 0.8000000119
49583  -34.840  -46.468  76.459 0.8000000119
45910  -33.349  -50.669  90.935 0.1000000015
48591  -38.870  -48.214  90.172 0.4000000060
132997  -40.344  -48.944  88.642 0.6000000238
46862  -40.855  -48.965  87.851 0.8999999762
148422  -41.091  -48.351  87.902 0.8000000119
130207  -40.276  -49.456  85.670 0.8999999762
46904  -40.599  -49.197  86.574 0.8999999762
47794  -40.120  -49.032  84.934 1.0000000000
126695  -39.334  -48.543  83.118 0.8999999762
47813  -38.743  -48.593  81.970 0.8999999762
141477  -38.664  -47.945  81.837 0.8999999762
48675  -38.077  -48.115  80.580 0.8999999762
49544  -37.950  -47.151  80.644 0.8999999762
141465  -37.716  -48.124  80.159 0.8999999762
48684  -37.389  -47.790  79.508 0.8999999762
48685  -37.738  -47.645  80.018 0.8999999762
141668  -37.490  -47.239  79.450 0.8999999762
49570  -36.238  -47.106  77.864 0.8999999762
48705  -36.835  -47.059  78.359 0.8999999762
49584  -35.622  -46.033  76.596 0.8999999762
49585  -36.137  -46.305  77.237 0.8999999762
49609  -34.007  -45.839  75.045 0.8000000119
49594  -34.370  -46.126  75.764 0.8000000119
50473  -35.052  -45.683  75.995 0.8999999762
50465  -36.222  -45.504  76.776 0.8999999762
50484  -33.656  -45.500  74.309 0.6999999881
50485  -34.386  -45.184  74.573 0.6999999881
141941  -34.687  -45.481  75.292 0.8000000119
50500  -34.076  -44.861  73.826 0.6000000238
50499  -33.370  -45.231  73.509 0.5000000000
47736  -40.543  -48.029  88.698 0.6000000238
47752  -40.973  -48.349  87.554 0.8999999762
47745  -41.171  -48.037  87.950 0.8999999762
140547  -40.600  -48.618  86.004 0.8999999762
48631  -40.975  -47.847  86.693 0.8999999762
142753  -38.973  -48.047  82.554 0.8999999762
49508  -38.594  -46.700  83.076 0.8999999762
132881  -38.223  -47.140  81.573 0.8999999762
145263  -38.469  -47.219  82.253 0.8999999762
49543  -37.594  -46.734  79.827 0.8999999762
49554  -37.328  -46.450  79.140 0.8999999762
49563  -36.949  -46.160  78.386 0.8999999762
49571  -36.565  -46.364  77.769 0.8999999762
139923  -36.489  -45.803  77.250 0.8999999762
50474  -35.781  -45.098  76.046 0.8000000119
50486  -35.058  -44.881  74.838 0.8000000119
147377  -35.245  -45.154  75.485 0.8000000119
51394  -34.830  -44.593  74.075 0.6999999881
51411  -33.839  -44.633  72.985 0.5000000000
48613  -41.231  -47.646  87.812 0.8000000119
47737  -41.134  -47.960  88.095 0.6999999881
49492  -40.991  -47.061  86.351 0.8999999762
49493  -41.278  -47.101  86.938 0.8999999762
142312  -39.532  -46.495  84.718 0.8999999762
49509  -39.082  -46.609  84.038 0.8999999762
49521  -38.199  -46.261  82.253 0.8999999762
49532  -37.937  -45.934  81.331 0.8999999762
50409  -37.684  -45.874  80.331 0.8999999762
50408  -37.448  -45.786  79.613 0.8999999762
50435  -37.284  -45.283  78.933 0.8999999762
51319  -37.765  -44.480  79.004 0.8999999762
51353  -37.194  -44.493  77.453 0.8999999762
50466  -36.690  -45.032  77.011 0.8999999762
51368  -36.526  -44.601  76.356 0.8999999762
51369  -37.188  -44.185  76.664 0.8000000119
147098  -37.137  -43.837  75.850 0.6999999881
51395  -35.554  -44.306  74.371 0.6999999881
51396  -36.263  -44.034  74.700 0.6999999881
51397  -36.877  -43.848  75.066 0.6999999881
51412  -34.577  -44.322  73.283 0.4000000060
51413  -35.332  -44.034  73.557 0.6000000238
52403  -37.005  -43.532  74.190 0.6999999881
52419  -35.878  -43.585  72.985 0.5000000000
52420  -36.729  -43.384  73.201 0.5000000000
52447  -36.259  -43.312  71.470 0.5000000000
52462  -36.151  -43.390  70.526 0.3000000119
123289  -41.444  -47.012  87.594 0.8000000119
50344  -40.589  -46.067  85.973 0.8000000119
50343  -39.748  -45.880  85.159 0.8999999762
51240  -39.395  -45.099  84.724 0.8999999762
50373  -38.309  -45.278  82.109 0.8999999762
50358  -38.436  -45.534  82.929 0.8999999762
50350  -38.767  -44.926  83.500 0.8999999762
52325  -40.830  -43.459  82.786 0.8999999762
51268  -42.446  -43.657  81.847 0.8999999762
51306  -38.039  -45.071  80.703 0.8999999762
50386  -38.275  -45.030  81.427 0.8999999762
52340  -41.373  -43.606  81.951 0.8000000119
52326  -41.869  -43.261  82.498 0.8000000119
51305  -37.715  -44.932  79.789 0.8999999762
51285  -40.930  -43.898  81.298 0.8000000119
51286  -42.030  -43.901  81.226 0.8000000119
51323  -41.417  -44.336  79.674 0.8000000119
51309  -41.711  -44.174  80.525 0.8000000119
51310  -42.686  -44.383  80.609 0.8000000119
51287  -43.029  -44.086  81.290 0.8000000119
51354  -38.080  -43.826  77.606 0.8000000119
50424  -42.864  -45.323  79.255 0.8000000119
50423  -42.048  -44.852  78.954 0.8000000119
135192  -37.705  -43.605  74.928 0.6999999881
146312  -37.953  -43.596  75.644 0.8000000119
50436  -41.754  -45.145  78.078 0.8000000119
49564  -42.314  -45.688  77.623 0.6999999881
49565  -42.948  -46.181  78.003 0.6999999881
52404  -37.870  -43.376  74.078 0.6999999881
49572  -42.268  -45.657  76.833 0.6999999881
49573  -42.827  -46.140  77.210 0.6999999881
52421  -37.601  -43.253  73.365 0.5000000000
49587  -42.848  -46.066  76.400 0.6999999881
49588  -43.311  -46.607  76.717 0.6999999881
127455  -36.952  -43.227  71.696 0.5000000000
52477  -36.992  -43.537  69.881 0.4000000060
51467  -36.606  -44.188  69.348 0.3000000119
148528  -36.338  -44.790  69.057 0.3000000119
47957  -37.201  -47.528  70.784 0.3000000119
47093  -37.194  -48.107  70.944 0.3000000119
142679  -37.174  -48.791  70.841 0.3000000119
44222  -35.252  -51.716  70.157 0.3000000119
49485  -41.471  -46.219  87.012 0.6999999881
54320  -43.892  -40.880  86.795 0.3000000119
51241  -40.087  -45.024  85.540 0.8999999762
54332  -44.349  -41.307  85.689 0.5000000000
51246  -39.231  -44.594  84.067 0.8999999762
53293  -42.526  -41.988  84.519 0.6999999881
53294  -43.595  -42.190  84.199 0.6999999881
51252  -39.188  -44.351  83.322 0.8999999762
52307  -39.681  -43.921  83.953 0.8999999762
52309  -41.326  -43.018  83.352 0.8999999762
53317  -41.860  -42.487  83.919 0.8000000119
125220  -44.453  -42.024  84.646 0.5000000000
51283  -38.736  -44.593  81.879 0.8999999762
51265  -38.683  -44.733  82.734 0.8999999762
52308  -40.445  -43.395  83.678 0.8999999762
52310  -42.428  -42.846  83.010 0.8999999762
52311  -43.707  -43.176  82.971 0.8999999762
146477  -43.910  -42.739  83.601 0.8000000119
130856  -38.714  -44.523  81.023 0.8999999762
51284  -39.653  -44.134  81.412 0.8999999762
51267  -40.300  -43.819  82.167 0.8999999762
52327  -42.990  -43.430  82.374 0.8999999762
51269  -43.392  -43.974  81.922 0.8000000119
124738  -38.538  -44.417  80.179 0.8999999762
51307  -39.468  -44.161  80.425 0.8999999762
51335  -38.419  -43.922  78.445 0.8000000119
51320  -38.420  -44.213  79.343 0.8000000119
128933  -39.114  -43.870  78.907 0.8000000119
124863  -40.000  -43.875  78.867 0.8000000119
51322  -40.348  -44.057  79.646 0.8000000119
51308  -40.602  -44.065  80.514 0.8000000119
142859  -43.231  -45.021  80.048 0.8000000119
51355  -39.024  -43.668  77.674 0.8000000119
51336  -39.526  -43.789  78.220 0.8000000119
51338  -41.063  -44.378  78.693 0.8000000119
50425  -43.599  -45.888  79.638 0.6999999881
51370  -37.929  -43.794  76.901 0.8000000119
142424  -38.585  -43.638  76.410 0.8000000119
51371  -39.069  -43.648  76.890 0.8000000119
51337  -40.406  -44.078  78.145 0.8000000119
50451  -41.086  -44.568  77.690 0.8000000119
49555  -43.258  -46.058  78.807 0.6999999881
51381  -38.646  -43.624  75.852 0.8000000119
51382  -39.480  -43.786  76.063 0.8000000119
50467  -41.056  -44.630  76.866 0.6999999881
49566  -43.570  -46.785  78.429 0.6999999881
52405  -38.527  -43.449  74.385 0.6999999881
51399  -39.276  -43.595  74.656 0.6999999881
50468  -41.709  -45.125  76.461 0.6999999881
126225  -38.131  -43.166  72.770 0.5000000000
52423  -39.402  -43.406  73.276 0.5000000000
49586  -42.371  -45.546  75.912 0.6999999881
49596  -43.386  -46.525  75.870 0.6999999881
52464  -38.383  -43.496  70.621 0.4000000060
143590  -38.188  -43.194  72.105 0.5000000000
140145  -42.800  -45.735  74.977 0.6999999881
49610  -42.908  -46.013  74.031 0.6999999881
49611  -43.412  -46.468  74.838 0.6999999881
147905  -37.619  -43.436  70.459 0.4000000060
52448  -37.747  -43.258  71.367 0.4000000060
50536  -37.064  -44.924  69.178 0.3000000119
132824  -36.505  -45.591  69.202 0.3000000119
127884  -36.861  -46.820  70.229 0.3000000119
49659  -37.113  -46.291  69.684 0.3000000119
131175  -35.602  -52.645  64.802 0.3000000119
133541  -37.323  -47.259  70.461 0.3000000119
46172  -36.993  -49.501  69.713 0.3000000119
44236  -34.996  -51.848  69.047 0.3000000119
44252  -35.119  -52.277  68.208 0.3000000119
54321  -44.800  -40.877  86.560 0.3000000119
51247  -39.701  -44.330  84.786 0.8999999762
54333  -45.339  -41.340  85.801 0.3000000119
52289  -40.270  -43.529  84.662 0.8999999762
52290  -40.970  -42.900  84.257 0.8999999762
52291  -44.463  -42.618  83.992 0.6000000238
53279  -45.340  -41.936  84.940 0.6000000238
53280  -45.908  -41.901  85.200 0.4000000060
125624  -44.697  -43.192  83.470 0.8000000119
52292  -45.341  -42.819  84.137 0.6999999881
51270  -43.947  -43.898  82.421 0.8000000119
147323  -44.085  -44.355  82.052 0.8000000119
50387  -43.550  -44.746  80.827 0.8000000119
50388  -44.296  -45.231  81.201 0.8000000119
51356  -40.166  -43.930  77.364 0.8000000119
50410  -43.980  -45.572  80.435 0.8000000119
51372  -40.290  -44.045  76.471 0.8000000119
146352  -39.858  -43.857  75.611 0.6999999881
49556  -43.853  -46.737  79.272 0.6999999881
147413  -39.133  -43.448  73.944 0.6999999881
51415  -39.885  -43.683  73.928 0.6999999881
132403  -40.100  -43.899  74.993 0.6999999881
50487  -41.029  -44.447  75.121 0.6999999881
50476  -41.730  -44.950  75.633 0.6999999881
50475  -41.046  -44.584  76.075 0.6999999881
49574  -43.403  -46.721  77.554 0.6999999881
48717  -43.761  -47.236  76.947 0.6999999881
146569  -39.955  -43.550  73.246 0.6999999881
51416  -40.529  -43.838  73.202 0.6000000238
51417  -41.272  -44.418  73.487 0.6999999881
50488  -41.825  -44.872  74.749 0.6999999881
141900  -42.269  -45.264  75.149 0.6999999881
48730  -43.888  -47.099  75.437 0.6999999881
48706  -44.188  -47.854  77.059 0.6999999881
52437  -38.925  -43.275  72.491 0.5000000000
52438  -39.887  -43.533  72.615 0.5000000000
52451  -40.156  -43.780  71.941 0.5000000000
51431  -40.507  -43.905  72.414 0.5000000000
125461  -41.536  -44.940  72.056 0.6999999881
50502  -42.395  -45.524  73.413 0.6999999881
49622  -43.321  -46.806  73.765 0.6999999881
48740  -43.880  -47.503  74.435 0.6999999881
48731  -44.236  -47.814  75.257 0.6999999881
48718  -44.164  -47.662  76.160 0.6999999881
51455  -38.865  -44.012  70.019 0.4000000060
52465  -39.270  -43.618  70.847 0.4000000060
51443  -40.042  -43.896  71.205 0.5000000000
51444  -40.742  -44.307  71.732 0.5000000000
50518  -41.699  -45.644  71.610 0.6999999881
49640  -42.049  -46.480  71.759 0.6999999881
48765  -42.164  -47.463  71.796 0.6999999881
48756  -43.125  -47.991  72.785 0.6999999881
47922  -43.287  -48.731  73.094 0.6999999881
128879  -38.211  -44.336  69.587 0.4000000060
51456  -39.713  -44.192  70.466 0.5000000000
47931  -41.672  -49.004  71.284 0.6000000238
47083  -42.299  -49.551  71.991 0.6999999881
47071  -42.559  -50.316  72.434 0.6999999881
50537  -37.913  -44.982  69.314 0.4000000060
50538  -38.798  -44.916  69.534 0.4000000060
50539  -39.548  -45.271  69.739 0.4000000060
47096  -41.297  -49.763  70.937 0.6000000238
46162  -41.158  -50.718  71.050 0.6999999881
45239  -41.069  -51.711  71.137 0.6999999881
134342  -37.487  -45.648  69.396 0.3000000119
135403  -37.990  -46.423  69.682 0.4000000060
48786  -38.377  -47.365  69.813 0.4000000060
46161  -40.534  -51.301  70.597 0.6000000238
45237  -40.252  -52.220  70.146 0.6000000238
44223  -40.749  -52.625  69.993 0.6000000238
135604  -37.847  -47.547  70.049 0.3000000119
47959  -38.233  -48.228  69.711 0.3000000119
47108  -38.834  -49.253  69.439 0.4000000060
45250  -37.712  -51.109  68.811 0.3000000119
45264  -37.320  -51.840  68.426 0.3000000119
45329  -36.510  -51.592  64.487 0.3000000119
45344  -36.574  -51.871  63.823 0.3000000119
48785  -37.577  -46.919  70.106 0.3000000119
47958  -37.713  -47.947  70.174 0.3000000119
46173  -37.379  -49.835  69.258 0.3000000119
46182  -36.815  -50.699  68.860 0.3000000119
45263  -36.367  -51.595  68.432 0.3000000119
127028  -37.061  -52.223  68.006 0.3000000119
44274  -36.431  -52.442  67.098 0.3000000119
45313  -36.670  -51.421  65.155 0.3000000119
46239  -37.310  -50.261  64.200 0.3000000119
47106  -37.445  -48.599  70.001 0.3000000119
45249  -36.267  -50.740  69.143 0.3000000119
45262  -35.647  -51.618  68.669 0.3000000119
44273  -35.221  -52.630  67.304 0.3000000119
143658  -38.143  -49.830  63.174 0.3000000119
47167  -38.665  -49.995  62.793 0.3000000119
54322  -45.458  -40.745  86.572 0.4000000060
54334  -45.896  -41.305  85.861 0.4000000060
51253  -44.758  -43.854  82.884 0.6999999881
132214  -44.734  -44.498  82.417 0.6999999881
51255  -46.252  -44.522  83.030 0.6999999881
52312  -46.383  -43.892  83.471 0.5000000000
51256  -46.859  -44.355  83.140 0.6000000238
51288  -44.565  -44.934  81.890 0.8000000119
50374  -45.408  -45.273  82.329 0.6999999881
51271  -46.100  -45.254  82.692 0.5000000000
50375  -46.436  -46.067  82.527 0.4000000060
50376  -46.971  -46.086  82.663 0.6999999881
50411  -44.647  -46.119  80.976 0.6999999881
49545  -45.010  -47.033  80.902 0.6999999881
49557  -44.350  -46.630  80.166 0.6999999881
47871  -44.424  -48.493  77.630 0.6999999881
48697  -44.410  -48.401  78.612 0.6999999881
138885  -43.999  -47.534  77.908 0.6999999881
140046  -44.493  -49.235  75.450 0.6999999881
50517  -41.147  -45.004  71.257 0.6000000238
129902  -43.886  -49.453  74.137 0.6999999881
51457  -40.454  -44.513  70.855 0.5000000000
50527  -40.683  -45.283  70.563 0.5000000000
49649  -41.256  -45.799  70.903 0.5000000000
48764  -41.573  -47.254  71.217 0.6999999881
47060  -43.485  -50.062  73.601 0.6999999881
49648  -40.685  -46.172  70.357 0.5000000000
48775  -40.472  -47.107  70.220 0.6000000238
125428  -40.654  -48.026  70.377 0.5000000000
47945  -40.922  -48.981  70.575 0.5000000000
46149  -42.120  -50.787  71.992 0.6999999881
142367  -39.041  -45.720  69.558 0.4000000060
49660  -39.587  -46.127  69.736 0.4000000060
148322  -40.155  -46.427  69.961 0.4000000060
48774  -39.863  -47.886  69.857 0.4000000060
135596  -40.237  -49.412  70.127 0.5000000000
46160  -39.909  -51.377  70.052 0.6000000238
46148  -41.562  -51.330  71.535 0.6999999881
45228  -42.064  -52.071  71.965 0.6999999881
137332  -38.869  -46.572  69.656 0.4000000060
48788  -39.685  -46.958  69.803 0.4000000060
47943  -39.659  -48.843  69.763 0.4000000060
143529  -39.661  -49.711  69.738 0.4000000060
46175  -39.324  -50.673  69.543 0.4000000060
44237  -39.297  -52.424  69.091 0.4000000060
44238  -40.108  -52.584  69.555 0.5000000000
44239  -40.633  -52.675  69.404 0.6000000238
48787  -39.140  -47.430  69.687 0.4000000060
46174  -38.245  -50.225  69.150 0.4000000060
45265  -38.372  -52.201  68.669 0.3000000119
44276  -38.858  -52.635  67.899 0.3000000119
44277  -39.479  -52.523  67.927 0.4000000060
44256  -40.520  -52.710  68.962 0.5000000000
44275  -37.274  -52.377  67.610 0.3000000119
44297  -37.793  -52.190  66.820 0.3000000119
45297  -37.790  -51.428  66.217 0.3000000119
144413  -37.328  -50.239  65.089 0.3000000119
46206  -37.778  -50.507  65.777 0.3000000119
47156  -37.575  -49.575  64.019 0.3000000119
47158  -38.515  -49.326  63.209 0.3000000119
48019  -40.021  -48.731  62.995 0.3000000119
47993  -38.220  -48.024  65.383 0.3000000119
124751  -38.657  -47.919  63.667 0.3000000119
125828  -39.537  -47.933  63.267 0.3000000119
49710  -38.861  -46.670  63.941 0.3000000119
48855  -40.074  -47.107  63.242 0.3000000119
49712  -40.240  -46.260  63.368 0.3000000119
49533  -45.310  -46.561  81.492 0.6000000238
145169  -45.967  -45.716  82.492 0.6000000238
49524  -46.855  -46.855  82.334 0.6999999881
50362  -47.434  -45.106  82.581 0.6000000238
52315  -48.002  -43.743  82.950 0.4000000060
48658  -46.738  -47.619  81.902 0.6999999881
125313  -44.868  -47.624  80.423 0.6000000238
48660  -47.231  -47.290  81.931 0.6000000238
48686  -44.414  -47.488  79.710 0.6999999881
126189  -44.812  -48.173  80.075 0.6000000238
47839  -45.353  -48.565  80.691 0.6999999881
47861  -44.774  -49.166  79.264 0.6999999881
134100  -44.580  -49.282  76.251 0.6999999881
131758  -44.638  -49.345  77.225 0.6999999881
140463  -44.697  -49.505  78.325 0.6000000238
47051  -44.376  -49.868  74.878 0.6999999881
44198  -42.625  -52.503  71.726 0.6999999881
46137  -43.026  -50.497  72.985 0.6999999881
44212  -42.169  -52.733  70.989 0.6999999881
140944  -41.964  -52.590  71.368 0.6999999881
44240  -41.448  -52.642  69.790 0.6999999881
44225  -41.554  -52.651  70.371 0.6999999881
44211  -41.558  -52.652  70.857 0.6999999881
45266  -40.813  -52.489  68.687 0.6000000238
46198  -39.238  -51.524  67.022 0.3000000119
45282  -39.786  -52.089  67.594 0.4000000060
44278  -40.079  -52.524  68.362 0.5000000000
131556  -40.002  -50.987  67.379 0.5000000000
127910  -39.132  -50.389  66.768 0.3000000119
47137  -38.224  -48.876  65.831 0.3000000119
47992  -37.743  -48.754  65.060 0.3000000119
48824  -38.624  -47.307  65.762 0.3000000119
49696  -38.713  -46.557  65.322 0.3000000119
49704  -39.102  -46.115  64.154 0.3000000119
50589  -39.744  -45.669  63.769 0.3000000119
50581  -39.828  -45.030  64.324 0.4000000060
141615  -45.844  -46.973  81.809 0.6999999881
48665  -45.586  -47.430  81.407 0.6999999881
139011  -46.166  -47.644  81.743 0.6999999881
47840  -45.970  -49.256  81.099 0.8000000119
48667  -47.208  -48.066  81.549 0.6999999881
46996  -45.286  -49.867  79.861 0.6999999881
46977  -45.616  -49.599  80.545 0.8000000119
46978  -46.229  -50.063  80.718 0.6999999881
134338  -47.386  -49.272  81.041 0.6999999881
141457  -47.547  -48.294  80.868 0.6000000238
47012  -45.064  -50.050  79.152 0.6000000238
46060  -45.980  -51.089  80.033 0.8999999762
45120  -46.606  -51.278  79.927 0.8999999762
130936  -47.277  -50.663  79.880 0.8000000119
47852  -47.418  -49.040  80.254 0.6000000238
47033  -44.698  -50.292  76.827 0.6999999881
124760  -44.788  -50.283  77.717 0.6000000238
46082  -44.936  -51.418  77.544 0.8000000119
45142  -45.951  -51.928  78.513 0.8999999762
45143  -46.591  -51.786  78.967 0.8999999762
46061  -47.084  -51.269  79.638 0.8999999762
47042  -44.569  -50.187  75.815 0.6999999881
46088  -44.664  -51.340  76.394 0.6999999881
45166  -44.961  -52.097  76.910 0.6999999881
44152  -45.121  -52.235  76.445 0.8999999762
44154  -46.038  -52.303  77.324 0.8999999762
46126  -43.450  -51.123  73.563 0.6999999881
46112  -43.827  -51.750  74.222 0.6999999881
44177  -44.495  -52.306  74.408 0.6999999881
44164  -44.841  -52.242  75.413 0.8000000119
44165  -45.377  -52.284  76.037 0.8999999762
145099  -43.066  -52.550  71.865 0.6999999881
45207  -43.505  -52.013  73.455 0.6999999881
44200  -43.899  -52.389  72.819 0.6999999881
44176  -44.188  -52.362  73.609 0.6999999881
44227  -42.690  -52.558  70.820 0.6999999881
44199  -43.257  -52.384  72.351 0.6999999881
44241  -41.989  -52.350  69.609 0.6999999881
44226  -42.190  -52.526  70.308 0.6999999881
45240  -42.567  -52.246  70.137 0.6999999881
45267  -41.419  -52.459  69.088 0.5000000000
45268  -41.941  -51.541  69.010 0.5000000000
45253  -42.426  -51.740  69.577 0.6999999881
47115  -40.832  -50.862  68.007 0.5000000000
47124  -39.661  -49.820  67.183 0.5000000000
47978  -39.877  -48.821  67.314 0.4000000060
48825  -39.173  -47.468  66.503 0.3000000119
49689  -39.084  -46.639  66.110 0.3000000119
49697  -39.214  -45.933  65.625 0.4000000060
51507  -40.029  -44.624  64.833 0.4000000060
47863  -47.359  -49.944  79.600 0.8999999762
48688  -47.422  -47.861  80.426 0.6999999881
45156  -47.066  -51.708  78.458 1.0000000000
46071  -47.213  -51.380  78.976 0.8999999762
47014  -47.337  -50.703  79.040 0.8999999762
48687  -46.987  -48.220  79.559 0.6999999881
45167  -46.539  -52.054  77.229 0.8999999762
129356  -46.957  -51.816  77.698 1.0000000000
47013  -47.213  -49.795  78.693 0.8999999762
47872  -46.856  -49.222  78.025 0.8999999762
48698  -46.482  -47.801  78.701 0.8999999762
44189  -44.720  -52.412  74.005 0.6999999881
44178  -45.151  -52.358  74.858 0.8000000119
45183  -46.563  -51.804  76.351 0.8999999762
45168  -47.089  -51.502  76.937 1.0000000000
46089  -47.497  -50.568  76.392 1.0000000000
47879  -46.881  -49.030  77.223 0.8999999762
141335  -46.441  -48.240  77.730 0.8999999762
44201  -44.572  -52.281  73.334 0.6999999881
45195  -45.865  -51.949  74.666 0.8999999762
124472  -46.586  -51.523  75.395 0.8999999762
45241  -43.248  -52.028  70.562 0.6999999881
44214  -43.544  -52.431  71.979 0.6999999881
45218  -44.364  -52.164  72.532 0.6999999881
45231  -44.904  -51.504  72.271 0.6999999881
45242  -43.827  -51.796  70.977 0.6999999881
131694  -44.307  -51.083  71.101 0.6999999881
45230  -44.191  -51.938  71.665 0.6999999881
46185  -42.114  -50.480  68.960 0.6000000238
46176  -42.524  -50.872  69.409 0.6999999881
46177  -43.067  -50.278  69.840 0.6999999881
46163  -43.651  -50.918  70.463 0.6999999881
47116  -41.120  -49.750  68.205 0.6000000238
47117  -41.899  -49.498  68.768 0.6000000238
47980  -40.969  -48.244  68.005 0.4000000060
47985  -39.289  -48.251  66.776 0.4000000060
48813  -40.467  -47.317  67.407 0.4000000060
49690  -40.168  -45.864  66.647 0.4000000060
137465  -39.550  -46.075  66.277 0.4000000060
50566  -40.575  -44.953  66.451 0.4000000060
51500  -40.882  -44.065  65.837 0.4000000060
52532  -40.597  -44.053  64.917 0.4000000060
49576  -46.060  -47.164  77.920 0.8000000119
45184  -47.208  -51.093  76.001 1.0000000000
47034  -47.980  -49.664  75.969 0.8999999762
48719  -46.540  -48.086  76.743 0.6999999881
45219  -45.226  -51.805  73.079 0.8999999762
45220  -45.932  -51.176  73.230 0.8999999762
45196  -47.219  -50.723  75.141 1.0000000000
46115  -48.185  -49.686  75.043 1.0000000000
47892  -48.720  -48.906  75.400 0.8999999762
48720  -47.446  -48.713  76.379 0.8000000119
46150  -44.758  -51.120  71.643 0.6999999881
46138  -45.640  -51.016  72.617 0.8999999762
46139  -46.322  -50.459  73.017 0.8999999762
47061  -47.032  -49.914  73.502 1.0000000000
47062  -48.799  -48.937  74.408 1.0000000000
47904  -49.247  -48.622  74.833 0.8999999762
46164  -44.152  -50.194  70.806 0.6999999881
47084  -44.798  -50.143  71.323 0.6999999881
47085  -45.530  -49.620  71.731 0.8000000119
47073  -46.661  -49.603  72.824 1.0000000000
47923  -47.001  -48.742  72.658 1.0000000000
47924  -48.074  -48.452  73.158 1.0000000000
47914  -49.179  -48.550  74.040 0.8999999762
47109  -42.523  -49.855  69.334 0.6000000238
47960  -42.544  -48.910  69.323 0.6999999881
47097  -43.595  -49.581  70.292 0.6999999881
47947  -44.557  -48.607  70.782 0.8000000119
47948  -45.057  -48.163  71.030 0.8999999762
47935  -46.400  -48.195  72.027 1.0000000000
48757  -47.212  -47.901  72.445 1.0000000000
48759  -48.932  -47.857  73.304 0.8000000119
47915  -49.838  -48.151  74.615 0.8000000119
48790  -43.542  -47.753  69.909 0.6999999881
140881  -44.364  -47.913  70.486 0.8000000119
48776  -44.913  -47.309  70.740 0.8000000119
49641  -46.292  -46.648  71.402 1.0000000000
131970  -47.044  -46.660  71.830 1.0000000000
48758  -47.980  -47.546  72.653 1.0000000000
47972  -42.044  -48.352  68.788 0.5000000000
48804  -42.250  -47.400  68.788 0.6000000238
48789  -42.964  -47.139  69.342 0.5000000000
49662  -43.945  -46.386  69.903 0.8000000119
127058  -44.434  -45.721  70.041 0.8999999762
49652  -46.020  -45.877  70.949 1.0000000000
50519  -46.889  -45.876  71.362 1.0000000000
49682  -41.087  -47.017  67.809 0.4000000060
49672  -41.794  -46.790  68.252 0.5000000000
50550  -42.558  -45.567  68.458 0.5000000000
50551  -43.708  -44.989  68.987 0.6999999881
51470  -44.348  -45.091  69.516 0.8000000119
51458  -45.830  -45.007  70.446 0.8000000119
139776  -41.368  -46.068  67.672 0.4000000060
50559  -41.973  -45.250  67.853 0.5000000000
51477  -42.647  -44.820  68.224 0.6000000238
51478  -43.331  -44.531  68.465 0.6000000238
51480  -45.048  -43.933  69.146 0.6000000238
139599  -40.815  -45.700  67.049 0.4000000060
51492  -41.381  -44.287  66.630 0.4000000060
52516  -42.388  -43.371  66.618 0.6000000238
52517  -43.713  -43.030  67.138 0.6000000238
146076  -41.337  -43.836  66.146 0.4000000060
48733  -48.402  -48.357  75.661 0.6999999881
48732  -47.115  -47.661  75.880 0.6999999881
47905  -50.071  -47.962  74.920 0.6999999881
49642  -47.739  -46.772  72.270 0.8999999762
49632  -48.563  -47.002  72.737 0.8000000119
131516  -47.516  -46.177  71.847 0.8999999762
51471  -45.464  -44.410  69.741 0.6999999881
146528  -46.578  -44.733  70.556 0.8000000119
50529  -46.497  -45.328  70.858 0.8999999762
52509  -44.440  -43.295  67.865 0.6000000238
52479  -45.777  -43.850  69.359 0.6000000238
51472  -46.331  -44.110  69.948 0.8000000119
53503  -42.998  -42.887  66.514 0.5000000000
52510  -45.458  -43.087  68.130 0.6000000238
53505  -44.799  -42.276  66.584 0.5000000000
53486  -46.122  -42.519  67.690 0.5000000000
49599  -48.119  -47.349  75.448 0.6000000238
132242  -47.164  -46.904  75.369 0.6000000238
48734  -49.162  -47.785  75.434 0.6999999881
48741  -50.354  -47.720  74.704 0.6999999881
139272  -50.086  -47.579  75.277 0.6999999881
48749  -49.803  -47.911  74.101 0.8000000119
49643  -48.191  -46.197  72.232 0.8999999762
50511  -49.060  -46.371  72.734 0.6999999881
50521  -48.675  -45.552  72.151 0.8999999762
50512  -49.467  -45.701  72.649 0.8000000119
51459  -47.170  -44.232  70.431 0.8000000119
126461  -47.854  -44.487  70.991 0.8000000119
52492  -45.688  -43.504  68.763 0.6999999881
52480  -46.414  -43.493  69.155 0.8000000119
52493  -46.305  -43.059  68.441 0.6000000238
53472  -47.006  -42.619  68.128 0.6000000238
53527  -45.285  -41.759  66.023 0.5000000000
142882  -46.914  -42.245  67.534 0.5000000000
53509  -48.092  -41.836  67.114 0.5000000000
54581  -48.568  -41.528  66.521 0.5000000000
54582  -49.351  -41.491  66.418 0.4000000060
49600  -48.980  -46.792  75.369 0.6000000238
49613  -47.684  -46.449  75.083 0.6000000238
50479  -49.411  -46.031  75.208 0.6000000238
142892  -50.683  -47.467  75.011 0.6999999881
49602  -51.283  -46.907  75.072 0.6999999881
49623  -50.344  -47.356  74.183 0.6999999881
49624  -50.951  -46.849  74.333 0.6999999881
49614  -51.340  -46.853  74.853 0.6999999881
49634  -50.068  -46.517  73.408 0.6999999881
50503  -50.861  -46.036  73.637 0.8000000119
49615  -51.690  -46.538  75.004 0.6999999881
50522  -49.224  -44.938  72.139 0.8999999762
127823  -49.935  -44.464  72.201 0.6999999881
51460  -48.642  -43.956  70.933 0.6999999881
51446  -49.296  -44.211  71.530 0.6999999881
51447  -50.871  -44.158  72.241 0.6999999881
52466  -48.000  -43.755  70.302 0.8000000119
52467  -48.900  -43.483  70.142 0.6999999881
52468  -50.508  -43.496  70.623 0.6000000238
131715  -47.840  -43.029  69.061 0.6000000238
52496  -49.299  -42.833  68.844 0.6000000238
52482  -50.058  -43.039  69.098 0.6000000238
53487  -47.619  -42.287  67.684 0.6000000238
146447  -50.553  -42.799  68.648 0.5000000000
53508  -47.299  -41.836  67.002 0.5000000000
54562  -48.856  -41.805  67.224 0.5000000000
54563  -49.508  -41.812  67.264 0.5000000000
53490  -50.004  -42.129  67.691 0.5000000000
54564  -50.118  -41.660  66.837 0.4000000060
53511  -51.573  -41.944  66.963 0.4000000060
54583  -50.893  -41.621  66.348 0.4000000060
53512  -52.408  -42.002  66.608 0.4000000060
51404  -47.269  -45.048  74.198 0.6000000238
139391  -48.222  -44.905  74.328 0.6000000238
51421  -47.744  -44.388  73.800 0.6000000238
51422  -48.927  -44.339  74.195 0.6999999881
51406  -49.904  -44.922  74.822 0.6999999881
50493  -50.680  -45.616  75.381 0.6999999881
52407  -51.122  -43.928  74.786 0.6999999881
50494  -52.130  -46.039  75.027 0.6999999881
50495  -52.575  -45.451  75.061 0.6999999881
50513  -51.438  -45.488  73.621 0.6999999881
51423  -52.264  -45.257  73.908 0.6999999881
51424  -53.161  -44.820  73.952 0.6999999881
51436  -52.660  -44.400  73.077 0.6000000238
52452  -50.179  -43.819  71.491 0.6000000238
52454  -52.413  -43.695  71.373 0.6000000238
51449  -53.121  -43.996  72.157 0.6000000238
141235  -54.236  -43.978  71.952 0.6000000238
52469  -51.730  -43.462  70.443 0.6000000238
52470  -53.079  -43.606  70.607 0.6999999881
146379  -54.198  -43.760  70.698 0.6999999881
52497  -51.064  -43.017  69.062 0.6000000238
130088  -52.886  -43.419  69.458 0.6000000238
52485  -53.747  -43.673  70.088 0.6000000238
127187  -55.672  -43.436  70.878 0.6000000238
53454  -55.482  -42.419  71.583 0.6000000238
53510  -50.772  -42.019  67.352 0.4000000060
53491  -51.407  -42.450  67.823 0.4000000060
53477  -52.143  -42.790  68.349 0.6000000238
52486  -54.301  -43.601  69.567 0.6000000238
143879  -55.063  -43.524  69.300 0.6000000238
52471  -55.133  -43.695  70.424 0.6000000238
53478  -53.190  -42.744  68.101 0.5000000000
52500  -54.132  -43.320  68.798 0.6999999881
53492  -52.248  -42.367  67.526 0.4000000060
138422  -52.991  -42.295  67.208 0.4000000060
52427  -48.261  -43.647  73.490 0.6999999881
53451  -48.999  -42.180  72.887 0.6000000238
53439  -48.675  -42.893  73.134 0.6999999881
53440  -49.615  -42.666  73.414 0.6000000238
52429  -50.341  -43.191  74.093 0.6000000238
53441  -50.555  -42.233  73.802 0.6999999881
53425  -51.535  -42.921  74.538 0.6999999881
53442  -51.459  -41.990  74.314 0.6999999881
54499  -51.777  -41.275  74.432 0.6999999881
54487  -52.813  -40.930  74.789 0.6999999881
55468  -53.352  -40.093  74.774 0.6000000238
133924  -52.563  -43.057  74.896 0.6999999881
52409  -53.014  -43.648  75.036 0.6999999881
54488  -53.322  -41.651  74.941 0.6999999881
126894  -53.827  -41.841  74.964 0.6999999881
54489  -53.886  -40.972  74.932 0.6000000238
55488  -54.544  -40.723  74.345 0.6000000238
142784  -53.450  -44.331  74.623 0.6999999881
52411  -54.095  -43.189  74.460 0.6999999881
53428  -54.013  -42.498  74.807 0.6000000238
53429  -54.593  -42.457  74.270 0.6000000238
51438  -54.482  -43.956  72.989 0.6999999881
133842  -54.605  -43.163  73.841 0.6000000238
54500  -54.952  -41.728  74.001 0.6000000238
52442  -55.064  -43.562  72.605 0.6000000238
53452  -55.423  -42.928  72.500 0.6000000238
52456  -54.941  -43.824  71.254 0.6000000238
52457  -55.546  -43.407  71.616 0.6000000238
54509  -48.382  -41.564  72.485 0.4000000060
129572  -48.747  -40.907  72.547 0.5000000000
132715  -49.755  -41.990  73.222 0.6999999881
56435  -53.591  -39.268  74.721 0.6000000238
54512  -55.202  -42.050  73.124 0.6000000238
54519  -55.329  -42.426  72.319 0.6000000238
56436  -54.064  -39.220  74.564 0.6000000238
54511  -54.971  -41.508  72.838 0.6000000238
36644  -27.394  -60.056  91.311 0.3000000119
53479  -55.158  -43.274  68.719 0.5000000000
53493  -53.893  -42.477  67.438 0.4000000060
52501  -55.993  -43.289  69.398 0.6000000238
53460  -56.398  -42.924  70.306 0.6000000238
52487  -55.718  -43.497  69.942 0.6000000238
53455  -55.711  -42.960  71.703 0.6000000238
53459  -56.008  -42.680  70.790 0.6000000238
54517  -53.850  -41.609  71.588 0.6000000238
56471  -54.741  -40.072  73.847 0.6000000238
55521  -52.986  -40.886  71.829 0.6000000238
56455  -54.420  -39.660  74.262 0.5000000000
30087  -12.748  -68.262  91.290 0.1000000015
30102  -13.053  -67.827  89.511 0.1000000015
30111  -13.373  -67.513  88.131 0.1000000015
30086  -12.653  -67.738  91.650 0.1000000015
32055  -12.119  -66.536  91.881 0.1000000015
31092  -13.214  -67.010  88.436 0.1000000015
31106  -13.515  -66.908  86.848 0.1000000015
31116  -13.626  -66.996  85.948 0.1000000015
32072  -12.400  -65.363  87.791 0.1000000015
32084  -12.684  -65.172  85.933 0.1000000015
124024  -13.471  -66.328  85.203 0.1000000015
130457  -13.461  -65.731  84.463 0.1000000015
146167  -13.079  -65.057  84.410 0.1000000015
33002  -12.753  -64.538  84.701 0.1000000015
33009  -13.595  -64.496  83.370 0.1000000015
34705  -10.559  -61.951  93.046 0.2000000030
132180  -11.157  -61.519  93.152 0.3000000119
32066  -12.407  -65.849  88.716 0.1000000015
32987  -11.982  -64.232  87.930 0.1000000015
141809  -12.283  -63.659  86.572 0.3000000119
33890  -12.474  -63.685  85.691 0.1000000015
33897  -12.798  -63.828  84.371 0.1000000015
33901  -14.091  -63.508  82.909 0.1000000015
34771  -12.802  -62.609  84.954 0.2000000030
34788  -14.590  -62.694  82.676 0.2000000030
30256  -17.088  -67.154  75.988 0.2000000030
35632  -13.100  -60.763  94.742 0.3000000119
35637  -12.132  -61.194  93.238 0.3000000119
144740  -11.890  -61.459  91.799 0.3000000119
35647  -11.669  -61.714  91.140 0.2000000030
34713  -11.412  -62.229  90.359 0.2000000030
33869  -11.585  -63.351  89.329 0.2000000030
34715  -11.641  -62.567  89.546 0.2000000030
34714  -11.861  -61.890  89.752 0.2000000030
34716  -12.109  -62.121  89.121 0.3000000119
33874  -11.836  -63.242  88.107 0.3000000119
34742  -12.210  -62.646  87.601 0.3000000119
133034  -12.330  -62.897  86.855 0.3000000119
34753  -12.649  -62.438  86.322 0.3000000119
34761  -12.596  -62.851  85.601 0.3000000119
34754  -13.110  -61.657  86.558 0.4000000060
35729  -13.475  -61.318  84.211 0.3000000119
35739  -14.662  -61.643  82.631 0.2000000030
36762  -14.515  -60.777  82.930 0.3000000119
35749  -16.831  -62.168  82.314 0.1000000015
35756  -16.497  -61.420  81.772 0.3000000119
35757  -17.267  -61.959  81.649 0.1000000015
130076  -17.947  -62.560  81.915 0.1000000015
34814  -18.884  -63.124  79.811 0.1000000015
32175  -22.375  -66.463  77.086 0.2000000030
35659  -29.681  -60.800  89.689 0.5000000000
35672  -29.202  -61.143  89.584 0.8000000119
34718  -29.554  -61.398  89.033 0.8000000119
128688  -27.996  -61.520  87.610 0.6999999881
34732  -30.699  -61.398  88.420 0.8000000119
35683  -14.074  -60.869  88.863 0.4000000060
145606  -13.786  -60.872  87.431 0.4000000060
36708  -14.122  -60.454  87.420 0.4000000060
34764  -27.442  -61.694  85.563 0.8000000119
33884  -29.506  -61.526  87.160 0.8000000119
33888  -28.951  -61.549  86.506 0.8999999762
36720  -13.890  -60.594  86.134 0.4000000060
33892  -28.472  -61.580  86.044 0.8999999762
34759  -31.345  -60.857  87.369 0.8999999762
36747  -13.842  -60.618  84.048 0.3000000119
34786  -27.682  -61.641  84.446 0.8999999762
35734  -29.426  -60.997  85.647 0.8999999762
133553  -14.227  -60.086  84.027 0.3000000119
142707  -27.831  -61.484  84.040 0.8999999762
35723  -30.846  -60.664  86.326 1.0000000000
35742  -27.438  -61.626  83.506 0.8999999762
35753  -27.597  -61.173  82.681 0.8999999762
36760  -29.640  -59.892  84.620 1.0000000000
36771  -16.759  -61.068  81.109 0.4000000060
35766  -17.975  -61.745  80.143 0.1000000015
35761  -27.304  -61.229  81.660 1.0000000000
36774  -27.569  -60.456  82.223 1.0000000000
30298  -16.757  -67.727  73.655 0.2000000030
31229  -17.538  -66.442  74.492 0.2000000030
30277  -16.696  -67.686  74.542 0.2000000030
37762  -27.279  -60.210  81.498 1.0000000000
148087  -22.053  -65.793  76.801 0.2000000030
30259  -22.242  -67.244  76.247 0.2000000030
31218  -18.809  -65.894  75.615 0.2000000030
31220  -20.885  -66.976  75.696 0.2000000030
127385  -27.152  -58.721  80.522 1.0000000000
39600  -28.334  -57.515  81.499 1.0000000000
36605  -15.382  -60.281  93.460 0.5000000000
35669  -26.798  -61.099  89.422 0.5000000000
35657  -27.514  -60.843  90.138 0.6999999881
142675  -14.467  -60.476  91.387 0.4000000060
36663  -27.702  -60.454  90.618 0.5000000000
35670  -27.538  -61.206  89.418 0.6999999881
142373  -28.388  -60.381  90.330 0.4000000060
37656  -29.329  -59.691  89.742 0.3000000119
38537  -33.038  -59.288  89.342 0.4000000060
38538  -33.701  -58.961  89.391 0.6999999881
36652  -14.470  -60.309  90.598 0.5000000000
146127  -14.728  -59.992  89.519 0.4000000060
124161  -27.336  -61.587  86.208 0.8000000119
127122  -27.043  -61.645  85.823 0.8000000119
35688  -32.039  -60.769  88.607 0.8000000119
37659  -32.495  -59.996  89.364 0.4000000060
140636  -32.301  -60.633  88.272 0.8000000119
36685  -32.955  -60.313  88.874 0.8000000119
35689  -32.743  -60.451  88.494 0.8000000119
36736  -14.264  -60.105  85.730 0.4000000060
34773  -26.908  -61.827  84.018 0.8999999762
35690  -33.340  -60.141  88.124 0.8000000119
37711  -14.669  -59.578  85.211 0.4000000060
36726  -32.634  -60.193  86.687 0.8999999762
34792  -27.124  -61.954  82.799 0.8999999762
140677  -30.347  -59.973  85.229 1.0000000000
36778  -16.589  -60.077  80.785 0.5000000000
145723  -17.031  -60.695  80.495 0.4000000060
34802  -26.677  -61.924  80.709 0.8999999762
33952  -19.236  -62.934  78.078 0.1000000015
136177  -19.776  -63.627  78.078 0.1000000015
33953  -20.098  -63.679  77.350 0.1000000015
36802  -26.737  -60.697  78.478 1.0000000000
37787  -26.341  -59.839  78.241 1.0000000000
31222  -22.358  -67.009  75.635 0.2000000030
33083  -21.435  -65.130  76.911 0.1000000015
146191  -22.381  -65.938  75.952 0.2000000030
31219  -20.093  -66.271  75.215 0.2000000030
144098  -16.838  -68.513  72.732 0.2000000030
38681  -26.868  -58.168  79.844 1.0000000000
31231  -20.511  -66.323  74.342 0.2000000030
31233  -21.732  -66.812  74.626 0.2000000030
37810  -25.876  -59.776  75.990 1.0000000000
40551  -26.936  -56.052  78.220 1.0000000000
39665  -24.429  -57.600  74.464 0.8999999762
40580  -24.095  -57.123  73.703 0.8999999762
40566  -25.080  -56.222  75.817 0.8999999762
123225  -23.844  -56.745  72.901 0.8000000119
128595  -23.811  -56.367  71.752 0.8000000119
42315  -25.528  -54.782  75.431 0.8999999762
36606  -16.190  -60.105  93.130 0.6000000238
148609  -26.014  -60.422  90.888 0.5000000000
36654  -15.755  -59.726  90.886 0.6999999881
35686  -27.180  -61.403  88.677 0.6999999881
143224  -26.983  -61.509  88.050 0.6999999881
35701  -26.535  -61.394  87.813 0.6999999881
35712  -26.549  -61.394  86.925 0.8000000119
38552  -31.744  -58.971  88.672 0.2000000030
36694  -14.880  -59.786  88.245 0.4000000060
35721  -26.542  -61.542  86.159 0.8000000119
37661  -33.882  -59.422  89.120 0.8000000119
37651  -16.220  -59.141  89.290 0.6000000238
129098  -26.571  -61.619  85.390 0.8000000119
38565  -29.445  -58.225  87.819 0.2000000030
36701  -33.745  -59.808  88.327 0.8000000119
38523  -34.779  -58.183  89.190 0.8999999762
36714  -33.311  -60.079  87.654 0.8999999762
37675  -34.619  -58.992  88.379 0.8999999762
138484  -14.973  -59.262  84.020 0.4000000060
36729  -34.211  -59.392  87.649 0.8999999762
34797  -26.569  -62.072  81.213 0.8999999762
37720  -33.812  -58.990  86.294 1.0000000000
37758  -15.903  -59.282  81.856 0.6000000238
145516  -17.264  -59.904  79.494 0.4000000060
34818  -26.582  -62.011  79.869 0.8999999762
35795  -26.554  -62.022  77.993 0.8999999762
27471  -17.487  -70.307  71.649 0.2000000030
39612  -28.721  -56.749  81.194 1.0000000000
30312  -17.130  -67.644  71.781 0.2000000030
32200  -22.302  -66.097  74.534 0.2000000030
38739  -25.270  -59.199  74.712 0.8999999762
38738  -24.824  -58.609  74.203 0.8999999762
40533  -28.133  -56.065  79.865 1.0000000000
39685  -24.571  -57.985  71.984 0.8999999762
41420  -27.041  -55.472  77.716 1.0000000000
37903  -23.755  -58.719  69.453 0.8000000119
38785  -24.928  -58.450  70.937 0.8000000119
37891  -24.574  -59.056  70.348 0.8000000119
132263  -24.665  -57.928  71.339 0.8000000119
38842  -24.130  -58.124  69.245 0.6000000238
37914  -21.904  -58.868  67.291 0.6000000238
39731  -24.448  -57.920  69.664 0.6999999881
40601  -24.105  -56.874  71.056 0.8000000119
137607  -24.527  -57.708  70.039 0.8000000119
130545  -23.153  -57.731  67.112 0.6000000238
39744  -24.197  -57.513  68.990 0.6000000238
40628  -24.324  -57.226  69.436 0.6000000238
41482  -23.845  -56.135  70.500 0.6999999881
38895  -22.838  -58.400  65.666 0.6000000238
39761  -23.987  -56.929  67.399 0.6000000238
39776  -23.594  -57.261  66.825 0.6000000238
41494  -23.836  -55.698  69.252 0.5000000000
134957  -23.678  -54.661  71.282 0.6000000238
38896  -23.394  -57.965  65.288 0.4000000060
136667  -24.035  -59.852  64.067 0.3000000119
39810  -23.893  -57.464  64.932 0.4000000060
39777  -23.949  -56.647  66.391 0.4000000060
40653  -24.202  -56.297  67.717 0.5000000000
126752  -23.779  -54.045  69.766 0.5000000000
139630  -24.076  -55.511  67.780 0.4000000060
43224  -24.987  -53.337  73.910 0.8999999762
40668  -24.307  -56.075  66.408 0.4000000060
38904  -24.317  -58.411  63.974 0.4000000060
42396  -24.144  -54.601  67.183 0.4000000060
44204  -24.286  -52.626  71.798 0.5000000000
128418  -24.950  -54.806  65.483 0.4000000060
36628  -27.230  -59.581  92.121 0.2000000030
122834  -16.880  -59.698  92.055 0.6999999881
36682  -25.739  -60.713  89.534 0.5000000000
37639  -16.638  -59.347  90.800 0.6999999881
36713  -24.408  -60.525  87.478 0.6999999881
38511  -27.830  -58.933  91.321 0.2000000030
35711  -25.865  -61.265  86.534 0.8000000119
38521  -28.182  -58.947  90.863 0.2000000030
38533  -28.362  -58.868  89.553 0.2000000030
38568  -32.161  -58.243  88.134 0.2000000030
35731  -25.963  -61.486  83.969 0.8000000119
35740  -25.369  -61.092  83.618 0.8000000119
35741  -25.958  -61.769  83.033 0.8000000119
35751  -25.898  -61.973  82.178 0.8999999762
35760  -25.807  -62.022  81.241 0.8999999762
132375  -24.923  -61.644  80.143 0.8999999762
35767  -25.145  -61.462  80.876 0.8999999762
38569  -35.033  -58.216  87.623 0.8999999762
38655  -15.990  -58.727  82.302 0.5000000000
38629  -16.418  -58.317  83.356 0.5000000000
38621  -32.558  -58.232  84.767 1.0000000000
34817  -26.320  -62.269  79.490 0.8999999762
38668  -16.732  -58.610  81.013 0.5000000000
35805  -26.769  -61.999  77.233 0.8999999762
35793  -18.834  -62.134  77.909 0.1000000015
33090  -21.519  -64.891  75.366 0.2000000030
141270  -17.276  -67.038  71.256 0.2000000030
40534  -28.743  -55.665  80.225 1.0000000000
146456  -22.187  -65.561  73.863 0.1000000015
133548  -17.426  -66.258  71.286 0.2000000030
37831  -26.395  -60.500  74.581 1.0000000000
37843  -25.828  -59.744  73.378 0.8999999762
42293  -27.471  -54.710  77.428 1.0000000000
37889  -23.223  -59.379  69.723 0.6999999881
37902  -21.823  -59.239  68.290 0.6000000238
42305  -26.446  -54.648  76.436 1.0000000000
34971  -20.789  -62.008  65.931 0.4000000060
43207  -27.000  -53.204  75.955 0.8999999762
44192  -24.726  -52.346  72.640 0.8000000119
44182  -25.185  -52.592  73.533 0.8999999762
140073  -19.877  -59.834  94.380 0.6000000238
139834  -26.889  -59.310  92.533 0.2000000030
126915  -18.082  -59.057  89.812 0.6999999881
36680  -24.118  -60.197  89.197 0.6000000238
123323  -24.282  -60.419  88.294 0.6000000238
136547  -24.251  -60.479  85.856 0.8000000119
128126  -23.634  -60.130  85.589 0.8000000119
36737  -23.935  -60.118  84.786 0.8000000119
39551  -31.124  -57.276  86.796 0.1000000015
40401  -34.811  -55.991  90.485 0.8999999762
38595  -16.582  -58.483  85.139 0.5000000000
39525  -35.642  -57.254  88.699 0.8999999762
134163  -35.520  -56.610  89.438 0.8999999762
36766  -24.709  -60.567  82.332 0.8000000119
136083  -35.527  -57.558  88.337 0.8999999762
38615  -17.094  -58.205  83.915 0.5000000000
144791  -23.962  -59.940  81.513 0.8000000119
38603  -34.000  -58.304  85.811 1.0000000000
38585  -34.804  -57.869  86.863 1.0000000000
138989  -24.967  -62.075  79.448 0.8999999762
38623  -34.102  -57.688  85.465 1.0000000000
39567  -34.977  -56.818  85.985 1.0000000000
40466  -35.819  -56.310  87.240 1.0000000000
34815  -25.477  -62.476  78.827 0.8999999762
35813  -26.037  -62.396  76.000 0.8999999762
35822  -26.558  -61.719  75.292 0.8999999762
35821  -26.127  -62.196  75.411 0.8999999762
34842  -25.386  -62.237  77.238 0.8999999762
33962  -20.502  -63.435  75.776 0.1000000015
32234  -22.228  -65.615  72.779 0.1000000015
142174  -19.250  -64.826  72.323 0.2000000030
32263  -17.581  -65.840  70.553 0.2000000030
32251  -18.584  -64.730  71.722 0.3000000119
37859  -25.814  -59.967  72.722 0.8999999762
42283  -29.200  -54.271  78.837 1.0000000000
35901  -21.197  -60.987  69.999 0.6000000238
35880  -21.763  -61.753  70.553 0.6999999881
35902  -22.169  -60.886  70.333 0.8999999762
33213  -19.503  -64.201  66.698 0.3000000119
34055  -19.030  -63.244  68.023 0.3000000119
42295  -28.876  -53.969  78.164 1.0000000000
36938  -21.748  -60.303  69.687 0.6999999881
44158  -27.196  -52.388  75.724 0.8999999762
36621  -19.112  -59.973  92.920 0.6000000238
36610  -20.372  -59.723  93.870 0.6000000238
36640  -23.980  -59.746  90.892 0.5000000000
36655  -18.978  -59.689  91.487 0.6999999881
36637  -19.788  -60.023  91.592 0.6000000238
37641  -18.563  -59.319  90.743 0.8000000119
36711  -22.794  -60.057  87.857 0.6999999881
127130  -26.082  -58.281  93.045 0.2000000030
39485  -26.612  -58.064  92.526 0.2000000030
37669  -18.737  -58.950  88.366 0.6999999881
38518  -26.359  -58.090  90.700 0.2000000030
37733  -22.492  -59.222  84.487 0.8000000119
38531  -26.982  -58.357  90.194 0.2000000030
40465  -32.263  -55.620  86.815 0.1000000015
37697  -17.996  -58.497  86.954 0.6999999881
133248  -26.242  -58.639  88.020 0.2000000030
42148  -33.052  -53.906  91.611 0.4000000060
42149  -33.658  -54.135  91.583 0.6999999881
40477  -30.179  -55.688  85.344 0.1000000015
37755  -23.545  -59.497  82.083 0.8000000119
143176  -34.859  -54.460  90.629 0.8000000119
38669  -17.219  -58.418  80.402 0.6000000238
37773  -23.023  -59.042  79.968 0.6999999881
39581  -33.521  -56.894  84.367 1.0000000000
39583  -34.812  -56.511  85.565 1.0000000000
40495  -35.488  -55.347  85.862 1.0000000000
38676  -17.674  -58.498  79.511 0.4000000060
35804  -24.596  -61.652  77.862 0.8999999762
39592  -33.981  -56.236  84.516 1.0000000000
38689  -18.440  -58.559  78.341 0.3000000119
36815  -24.259  -61.017  77.077 0.8999999762
40508  -33.405  -56.172  83.885 1.0000000000
41375  -34.346  -54.995  84.385 1.0000000000
41361  -35.276  -54.991  85.446 1.0000000000
35830  -24.876  -61.557  74.248 0.8000000119
42259  -31.591  -54.340  81.753 1.0000000000
34018  -22.892  -63.182  71.572 0.6000000238
140028  -25.924  -61.435  73.566 0.8999999762
35850  -25.723  -60.978  72.724 1.0000000000
146974  -20.735  -64.458  71.697 0.4000000060
31325  -17.578  -67.133  69.632 0.2000000030
34890  -23.882  -62.050  71.405 0.8000000119
34014  -19.677  -63.369  70.776 0.4000000060
33170  -18.189  -64.413  69.485 0.3000000119
32292  -17.915  -65.994  68.864 0.2000000030
35882  -23.527  -60.968  70.745 0.8999999762
34941  -19.759  -61.846  68.316 0.5000000000
35920  -20.228  -61.150  68.159 0.5000000000
126644  -20.033  -60.003  92.864 0.6000000238
125734  -20.884  -59.715  93.030 0.5000000000
145316  -19.958  -60.114  92.143 0.6000000238
36611  -21.635  -59.374  93.096 0.5000000000
36639  -22.315  -59.758  91.647 0.6000000238
36623  -22.358  -59.415  92.450 0.5000000000
127915  -20.878  -60.053  90.285 0.6000000238
125507  -22.094  -60.044  89.913 0.6000000238
127914  -22.147  -59.904  89.317 0.6999999881
39483  -25.503  -57.875  92.898 0.2000000030
37685  -21.573  -59.552  87.301 0.8000000119
37716  -21.427  -59.018  85.716 0.8000000119
39514  -25.236  -58.146  89.012 0.2000000030
134866  -25.364  -57.951  90.226 0.2000000030
42195  -31.297  -54.278  86.554 0.1000000015
38616  -18.680  -58.174  84.592 0.6999999881
38635  -22.001  -58.800  82.939 0.8000000119
38561  -25.905  -58.524  87.201 0.2000000030
43056  -34.134  -53.499  91.599 0.6999999881
43057  -34.461  -54.021  91.197 0.6999999881
38632  -19.086  -58.197  83.829 0.8000000119
38657  -18.335  -58.028  81.674 0.6000000238
38646  -19.634  -58.237  83.103 0.6999999881
38672  -21.596  -58.269  80.672 0.6999999881
38673  -22.331  -58.560  80.340 0.6999999881
43066  -34.821  -53.569  90.559 0.6999999881
129293  -35.907  -54.701  88.621 0.8000000119
43073  -35.633  -54.020  89.068 0.8000000119
137751  -18.950  -57.741  79.513 0.6000000238
139095  -22.200  -58.381  78.948 0.6999999881
42186  -36.090  -54.466  86.827 0.8999999762
39622  -18.645  -57.929  78.844 0.5000000000
134324  -20.059  -57.683  78.918 0.6999999881
37798  -23.127  -59.131  78.055 0.6999999881
41362  -35.636  -54.669  85.805 1.0000000000
42208  -35.805  -54.438  85.981 1.0000000000
43096  -36.150  -53.706  86.385 1.0000000000
39636  -19.799  -57.766  78.258 0.6000000238
43112  -35.474  -53.582  85.074 1.0000000000
132720  -36.066  -53.354  85.841 1.0000000000
138762  -19.297  -60.087  76.742 0.3000000119
36832  -24.735  -61.498  75.184 0.8999999762
41384  -33.784  -54.748  83.716 1.0000000000
133564  -20.310  -61.161  75.381 0.4000000060
42250  -33.391  -54.211  83.219 1.0000000000
43140  -33.784  -53.730  83.396 1.0000000000
43125  -34.339  -53.654  83.881 1.0000000000
35828  -21.023  -61.657  74.383 0.4000000060
42260  -32.350  -54.184  82.278 1.0000000000
34866  -22.056  -62.582  73.141 0.3000000119
43149  -31.464  -53.742  81.300 1.0000000000
43158  -31.115  -53.407  80.756 1.0000000000
45103  -32.708  -52.066  82.092 1.0000000000
44120  -30.583  -52.743  79.373 1.0000000000
44150  -28.956  -51.979  77.030 0.8999999762
44149  -28.335  -52.400  76.633 0.8999999762
37698  -20.120  -58.878  86.864 0.8000000119
143145  -32.214  -53.121  91.821 0.3000000119
38618  -20.314  -58.489  84.411 0.8000000119
38619  -21.054  -58.713  84.160 0.8000000119
42183  -30.838  -53.568  87.095 0.1000000015
38659  -20.651  -58.273  81.830 0.6999999881
43072  -35.133  -53.197  89.612 0.6999999881
38678  -21.031  -58.041  80.225 0.6999999881
39618  -21.389  -57.967  78.774 0.6999999881
44023  -35.354  -52.155  89.386 0.6999999881
39587  -26.077  -57.430  83.694 0.1000000015
39624  -20.586  -57.739  78.494 0.6000000238
134384  -21.921  -58.207  78.142 0.6999999881
38718  -22.283  -58.487  76.658 0.6999999881
38727  -21.004  -58.744  75.791 0.5000000000
37816  -20.670  -59.547  75.465 0.4000000060
37817  -21.546  -59.236  75.201 0.5000000000
37829  -23.058  -59.986  74.633 0.6999999881
45058  -38.046  -51.071  86.880 1.0000000000
36840  -21.579  -60.745  74.248 0.5000000000
36841  -22.571  -60.411  74.094 0.6000000238
45084  -36.416  -51.066  85.068 1.0000000000
46002  -37.113  -49.864  83.783 1.0000000000
46019  -35.629  -49.770  82.971 1.0000000000
43078  -31.535  -53.354  89.132 0.1000000015
44021  -31.584  -53.325  89.762 0.2000000030
43095  -30.315  -53.312  86.544 0.1000000015
44980  -33.433  -51.699  92.407 0.6000000238
44994  -34.643  -51.923  91.814 0.6000000238
45018  -35.400  -51.575  90.104 0.6999999881
45006  -35.300  -51.454  91.096 0.6999999881
45020  -37.053  -50.694  88.892 0.8000000119
46953  -33.894  -49.470  81.099 0.8999999762
45140  -30.812  -50.957  79.108 1.0000000000
46044  -32.431  -50.005  80.296 0.8999999762
46973  -35.708  -49.044  80.786 0.8999999762
47009  -33.243  -48.702  78.860 0.8999999762
44981  -34.218  -51.361  92.576 0.4000000060
44982  -34.771  -51.018  92.491 0.5000000000
45902  -35.482  -50.413  92.311 0.5000000000
45895  -35.774  -49.699  92.459 0.4000000060
45911  -36.554  -50.360  91.129 0.6000000238
45021  -38.114  -50.402  88.606 1.0000000000
45045  -38.662  -50.771  87.344 1.0000000000
45034  -39.251  -50.504  87.554 0.8999999762
45975  -39.402  -50.515  85.974 1.0000000000
45989  -39.099  -50.132  85.139 1.0000000000
46837  -36.394  -49.593  92.024 0.3000000119
45913  -38.026  -49.743  90.032 0.6000000238
45938  -39.440  -50.141  88.255 0.8000000119
45926  -39.360  -49.737  88.724 0.8000000119
45952  -40.084  -49.951  87.604 0.8999999762
45976  -39.905  -49.852  85.422 1.0000000000
46927  -39.105  -49.385  83.494 1.0000000000
47877  -33.958  -47.760  77.426 0.8999999762
47715  -36.152  -48.559  92.235 0.2000000030
46838  -36.931  -49.275  91.718 0.3000000119
46830  -36.858  -48.570  91.821 0.2000000030
47727  -38.849  -48.942  89.861 0.6000000238
145772  -40.645  -49.185  88.141 0.6999999881
47728  -39.637  -48.544  89.335 0.6000000238
46875  -40.463  -49.518  87.550 0.8999999762
139129  -40.264  -49.809  86.301 0.8999999762
46876  -40.795  -48.928  87.572 0.8999999762
48651  -39.666  -48.553  84.059 0.8999999762
48664  -38.429  -48.171  81.234 0.8999999762
48729  -33.996  -46.792  76.269 0.8000000119
131913  -41.028  -48.336  87.815 0.8999999762
48642  -40.207  -48.145  85.134 0.8999999762
48623  -41.167  -47.768  87.382 0.8999999762
48630  -40.643  -47.768  85.936 1.0000000000
48641  -39.683  -47.441  84.482 0.8999999762
48650  -39.265  -47.703  83.533 0.8999999762
50450  -36.715  -45.533  77.617 0.8999999762
51379  -35.714  -44.647  75.173 0.6999999881
51380  -36.367  -44.332  75.540 0.8000000119
48597  -41.004  -47.200  88.367 0.5000000000
49498  -40.288  -46.990  85.358 0.8999999762
50351  -39.159  -45.796  84.456 0.8999999762
50359  -38.740  -45.733  83.717 0.8999999762
129954  -36.975  -45.114  78.158 0.8999999762
51334  -37.486  -44.409  78.292 0.8999999762
51414  -36.114  -43.759  73.852 0.5000000000
52435  -36.464  -43.320  72.330 0.5000000000
52436  -37.393  -43.183  72.411 0.5000000000
52463  -36.954  -43.307  70.871 0.4000000060
144204  -39.001  -45.164  84.099 0.8999999762
51324  -42.369  -44.648  79.830 0.8000000119
50437  -42.524  -45.568  78.424 0.6999999881
52422  -38.523  -43.282  73.473 0.6000000238
49595  -43.009  -46.029  75.612 0.6999999881
127885  -43.703  -47.011  76.226 0.6999999881
46171  -36.438  -49.872  69.990 0.3000000119
45248  -35.705  -51.053  69.521 0.3000000119
53318  -42.976  -42.489  83.626 0.8999999762
52324  -39.899  -43.825  83.074 0.8999999762
51266  -39.326  -44.225  82.456 0.8999999762
51321  -39.292  -44.025  79.585 0.8999999762
50452  -41.695  -45.216  77.246 0.6999999881
52449  -38.699  -43.321  71.503 0.5000000000
52478  -37.935  -43.725  69.898 0.4000000060
51468  -37.458  -44.244  69.482 0.4000000060
44315  -36.152  -52.080  65.255 0.3000000119
44251  -34.552  -52.624  68.699 0.3000000119
53295  -45.962  -42.605  84.561 0.6999999881
132934  -45.649  -43.768  83.394 0.6999999881
51383  -40.336  -44.112  75.755 0.6999999881
48696  -44.093  -47.526  78.926 0.6999999881
51400  -40.723  -44.117  74.168 0.6999999881
51401  -41.370  -44.535  74.268 0.6999999881
51432  -41.116  -44.349  72.605 0.6999999881
50501  -41.874  -44.931  73.846 0.6999999881
50509  -41.780  -44.962  72.941 0.6999999881
50489  -42.393  -45.371  74.348 0.6999999881
47878  -44.437  -48.472  76.656 0.6999999881
52450  -39.519  -43.519  71.760 0.5000000000
50510  -42.225  -45.716  72.440 0.6999999881
49621  -42.792  -46.287  73.143 0.6999999881
48748  -43.459  -47.729  73.451 0.6999999881
49631  -43.053  -47.164  72.954 0.6999999881
47903  -44.260  -48.633  74.769 0.6999999881
47902  -43.759  -48.513  73.871 0.6999999881
47890  -44.419  -48.460  75.721 0.6999999881
133852  -41.144  -46.700  70.719 0.5000000000
49630  -42.554  -46.754  72.393 0.6999999881
47932  -42.231  -48.425  71.852 0.6999999881
48755  -42.635  -47.750  72.363 0.6999999881
129207  -41.766  -48.066  71.419 0.6999999881
47921  -42.743  -48.667  72.440 0.6999999881
133510  -42.854  -49.543  72.675 0.6999999881
47912  -43.530  -49.245  73.561 0.6999999881
141244  -43.232  -49.590  73.176 0.6999999881
50540  -40.168  -45.684  70.017 0.5000000000
47095  -40.730  -50.065  70.546 0.6000000238
47082  -41.690  -50.173  71.471 0.6999999881
135932  -38.343  -45.721  69.510 0.4000000060
45238  -40.831  -52.213  70.659 0.6999999881
44224  -41.228  -52.624  70.355 0.6000000238
47107  -37.888  -48.987  69.502 0.3000000119
130349  -38.982  -48.190  69.637 0.4000000060
44253  -36.127  -52.213  67.809 0.3000000119
46238  -36.955  -50.895  64.710 0.3000000119
46250  -36.936  -51.079  63.985 0.3000000119
146851  -37.365  -52.362  67.154 0.3000000119
44296  -36.555  -52.282  66.426 0.3000000119
46221  -37.211  -51.032  65.450 0.3000000119
47146  -37.522  -49.524  64.694 0.3000000119
131021  -37.690  -50.014  63.506 0.3000000119
47157  -37.922  -49.365  63.623 0.3000000119
47168  -39.273  -49.437  62.876 0.3000000119
137336  -39.700  -50.917  62.574 0.3000000119
51254  -45.547  -44.538  82.790 0.6999999881
51257  -47.355  -44.446  82.890 0.6000000238
50389  -45.011  -45.704  81.674 0.6999999881
47050  -43.876  -50.602  74.240 0.6999999881
129919  -41.291  -48.134  70.899 0.6999999881
147184  -41.043  -47.459  70.659 0.5000000000
47944  -40.283  -48.614  70.121 0.4000000060
46136  -42.584  -51.287  72.490 0.6999999881
47094  -40.071  -50.409  70.097 0.5000000000
45227  -41.506  -52.270  71.288 0.6999999881
45251  -38.715  -51.583  69.176 0.3000000119
45252  -39.529  -52.009  69.700 0.3000000119
44255  -39.047  -52.589  68.495 0.3000000119
123411  -39.907  -52.684  68.896 0.5000000000
44257  -40.991  -52.721  69.307 0.6000000238
44254  -38.075  -52.495  68.128 0.3000000119
44299  -39.132  -52.292  67.391 0.3000000119
46199  -40.530  -51.952  67.980 0.5000000000
129141  -38.079  -52.460  67.533 0.3000000119
44298  -38.541  -52.369  67.334 0.3000000119
133699  -38.490  -50.976  66.420 0.3000000119
45298  -38.564  -51.910  66.840 0.3000000119
46222  -37.767  -49.579  65.440 0.3000000119
46207  -38.316  -49.869  66.188 0.3000000119
48002  -37.765  -48.948  64.251 0.3000000119
48010  -38.246  -48.677  63.695 0.3000000119
48011  -39.016  -48.668  63.221 0.3000000119
47984  -38.672  -48.144  66.211 0.3000000119
48003  -38.096  -48.061  64.443 0.3000000119
48854  -39.096  -47.190  63.583 0.3000000119
48835  -38.310  -47.222  64.930 0.3000000119
147714  -40.376  -47.885  63.203 0.3000000119
49711  -39.466  -46.478  63.644 0.3000000119
47826  -46.886  -48.963  81.493 0.6999999881
48659  -46.886  -47.401  82.019 0.6999999881
45206  -43.092  -51.643  72.967 0.6999999881
45217  -42.775  -52.182  72.429 0.6999999881
140988  -43.264  -52.203  72.850 0.6999999881
47131  -38.992  -49.137  66.631 0.3000000119
50580  -39.380  -45.566  64.436 0.4000000060
46960  -47.029  -49.541  81.151 0.6999999881
46997  -45.849  -50.522  80.315 0.8000000119
46046  -46.411  -50.791  80.348 0.8000000119
46047  -46.772  -50.845  80.310 0.8000000119
46998  -47.301  -50.061  80.404 0.6000000238
46069  -45.146  -50.852  78.580 0.8000000119
45141  -45.461  -51.734  78.311 0.8999999762
46059  -45.508  -50.763  79.573 0.8999999762
46048  -47.074  -50.826  80.237 0.8999999762
45155  -46.413  -52.106  78.045 0.8999999762
44139  -45.723  -52.165  77.621 0.8999999762
46100  -44.302  -51.282  75.185 0.6999999881
45182  -44.684  -52.030  75.881 0.6999999881
44179  -45.903  -52.161  75.660 0.8999999762
44188  -43.669  -52.284  73.144 0.6999999881
45194  -44.313  -52.117  74.835 0.6999999881
46183  -41.235  -51.771  68.466 0.5000000000
46184  -41.551  -50.662  68.519 0.5000000000
45254  -42.964  -51.379  69.952 0.6999999881
47125  -40.387  -49.868  67.658 0.5000000000
48812  -39.825  -47.780  67.114 0.3000000119
50565  -39.767  -45.370  66.011 0.4000000060
51499  -40.177  -44.674  65.541 0.4000000060
47862  -46.936  -48.917  78.890 0.8999999762
130775  -47.308  -51.295  77.516 0.8999999762
47028  -47.369  -50.065  77.850 0.8999999762
45208  -45.249  -52.250  73.915 0.8000000119
126214  -47.428  -50.482  77.067 0.8999999762
47880  -47.529  -49.632  76.714 0.8999999762
45209  -45.901  -51.599  73.822 0.8999999762
46113  -46.577  -51.192  74.525 0.8999999762
45229  -43.400  -52.360  71.245 0.6999999881
47110  -42.997  -49.402  69.718 0.6999999881
47126  -40.691  -48.921  67.886 0.5000000000
47971  -41.352  -48.729  68.345 0.5000000000
47979  -40.463  -48.122  67.599 0.4000000060
48803  -41.471  -47.740  68.269 0.4000000060
136912  -40.641  -46.479  67.230 0.4000000060
49681  -39.821  -46.795  66.795 0.4000000060
140093  -41.142  -43.645  65.237 0.4000000060
46101  -47.708  -50.243  75.535 1.0000000000
47891  -48.042  -49.072  76.069 0.8999999762
47043  -48.522  -49.224  75.248 0.8999999762
49590  -46.213  -47.068  76.387 0.6999999881
46127  -46.614  -50.696  73.798 0.8999999762
139369  -47.159  -50.491  74.466 1.0000000000
47053  -48.586  -49.252  74.775 0.8999999762
46114  -47.864  -49.941  74.797 1.0000000000
46151  -45.325  -50.632  71.943 0.8999999762
47072  -45.980  -50.112  72.336 0.8999999762
47074  -47.500  -49.215  73.320 1.0000000000
47052  -48.228  -49.437  74.313 1.0000000000
47913  -48.341  -49.046  73.857 1.0000000000
47893  -49.468  -48.294  75.211 0.8000000119
47098  -44.340  -49.347  70.816 0.6999999881
47086  -46.208  -49.147  72.167 0.8999999762
47961  -43.205  -48.667  69.837 0.6999999881
47946  -43.907  -48.618  70.373 0.6999999881
47934  -45.668  -48.610  71.580 1.0000000000
48767  -46.647  -47.349  71.889 1.0000000000
48766  -45.775  -47.547  71.372 1.0000000000
48768  -47.298  -47.228  72.221 1.0000000000
132164  -42.740  -48.007  69.340 0.6999999881
48791  -44.134  -47.125  70.228 0.8000000119
49651  -45.483  -46.618  70.895 1.0000000000
49650  -44.655  -46.486  70.409 0.8000000119
49673  -42.567  -46.433  68.772 0.5000000000
143800  -43.574  -46.952  69.742 0.6000000238
49661  -43.308  -46.382  69.374 0.6999999881
50541  -43.787  -45.710  69.478 0.6999999881
50528  -45.207  -45.786  70.505 0.8000000119
50549  -42.027  -46.022  68.234 0.5000000000
141425  -43.083  -45.126  68.624 0.6000000238
49674  -43.161  -45.710  68.948 0.6000000238
146686  -43.914  -44.342  68.703 0.6000000238
142419  -44.839  -44.573  69.508 0.6999999881
51486  -42.302  -44.532  67.688 0.5000000000
50567  -41.292  -45.128  67.193 0.5000000000
51493  -42.188  -43.959  67.115 0.6000000238
52507  -42.911  -44.041  67.886 0.6000000238
52491  -44.420  -43.888  68.616 0.6000000238
52508  -43.545  -43.513  67.704 0.6000000238
123643  -45.030  -43.544  68.494 0.6000000238
52526  -41.477  -43.552  65.744 0.4000000060
124430  -42.940  -43.416  67.208 0.6000000238
52518  -44.394  -42.730  67.090 0.5000000000
49633  -49.502  -47.228  73.389 0.6999999881
50520  -47.807  -45.438  71.584 0.8999999762
141038  -47.125  -45.021  70.981 0.8000000119
53485  -45.136  -42.668  67.403 0.5000000000
53506  -45.635  -42.127  66.852 0.5000000000
146383  -50.002  -46.796  75.456 0.6000000238
141387  -50.143  -45.684  73.044 0.8000000119
51473  -47.281  -43.500  69.635 0.8000000119
51445  -48.539  -44.735  71.572 0.8000000119
52494  -47.132  -43.031  68.805 0.6000000238
52495  -48.572  -42.886  68.940 0.6000000238
53507  -46.482  -41.953  66.963 0.5000000000
54580  -47.816  -41.440  66.139 0.5000000000
53488  -48.432  -42.280  67.798 0.5000000000
53489  -49.240  -42.228  67.834 0.5000000000
142229  -48.206  -45.707  74.764 0.6000000238
50491  -46.918  -45.748  74.601 0.5000000000
49601  -50.754  -47.026  75.318 0.6000000238
50492  -49.874  -45.591  75.157 0.6999999881
48742  -50.897  -47.288  74.785 0.6999999881
51386  -51.696  -45.581  75.397 0.6000000238
51433  -49.822  -45.137  72.601 0.6999999881
49625  -51.683  -46.181  74.532 0.6999999881
51435  -51.614  -44.630  73.024 0.6999999881
51461  -49.531  -43.664  70.773 0.6999999881
52481  -48.292  -43.281  69.551 0.8000000119
52453  -51.216  -43.660  71.421 0.6000000238
140475  -49.812  -43.349  69.925 0.6999999881
133601  -49.155  -43.122  69.398 0.6000000238
53474  -48.882  -42.585  68.394 0.6000000238
52483  -50.796  -43.276  69.742 0.6000000238
53475  -49.806  -42.608  68.396 0.5000000000
53476  -51.270  -42.786  68.520 0.5000000000
54584  -51.737  -41.703  65.945 0.4000000060
52406  -50.070  -44.096  74.442 0.6000000238
52428  -49.328  -43.468  73.734 0.6999999881
51408  -51.720  -44.690  75.304 0.6999999881
51388  -52.963  -44.944  75.127 0.6999999881
50504  -52.492  -45.488  74.676 0.6999999881
51409  -53.107  -44.899  74.677 0.6999999881
51448  -51.929  -43.947  72.255 0.6000000238
51425  -53.840  -44.256  73.858 0.6000000238
51437  -53.850  -44.174  72.933 0.6000000238
52455  -53.712  -43.819  71.310 0.6000000238
124561  -52.623  -43.484  69.979 0.6999999881
52484  -51.808  -43.288  69.547 0.6999999881
52498  -52.001  -43.078  68.951 0.5000000000
52499  -53.056  -43.256  68.850 0.6999999881
127490  -56.025  -43.071  70.952 0.6000000238
52472  -56.143  -43.269  70.442 0.6000000238
54518  -54.892  -41.819  72.182 0.6000000238
52473  -56.584  -43.032  69.958 0.6999999881
53450  -48.048  -42.325  72.598 0.6000000238
54510  -49.313  -41.440  72.882 0.6000000238
53426  -52.420  -42.041  74.759 0.6999999881
53427  -53.281  -42.561  74.930 0.6999999881
55467  -52.657  -40.114  74.684 0.6000000238
52410  -53.551  -43.324  74.806 0.6999999881
147406  -55.017  -43.214  73.153 0.6000000238
55522  -54.059  -41.142  72.366 0.6000000238
55506  -54.513  -40.399  73.123 0.6000000238
127404  -56.554  -42.736  69.841 0.6999999881
26478  -17.785  -71.005  81.353 0.1000000015
26484  -17.955  -71.809  81.219 0.1000000015
26483  -17.349  -71.289  80.685 0.1000000015
20946  -18.619  -77.861  79.719 0.1000000015
141872  -18.528  -74.427  80.685 0.1000000015
19256  -18.615  -79.388  80.047 0.1000000015
24693  -18.823  -72.999  81.437 0.1000000015
19255  -18.287  -80.203  79.876 0.1000000015
25612  -18.178  -72.687  81.071 0.1000000015
20073  -20.381  -79.280  81.926 0.1000000015
130960  -16.922  -71.190  80.221 0.1000000015
21897  -18.886  -77.147  80.014 0.1000000015
22814  -19.524  -75.993  80.848 0.1000000015
20088  -18.271  -78.576  79.500 0.1000000015
20085  -19.017  -78.677  80.286 0.1000000015
20947  -19.386  -77.931  80.437 0.1000000015
23785  -18.887  -75.126  80.781 0.1000000015
25607  -19.299  -72.768  81.926 0.1000000015
24701  -19.153  -74.390  81.123 0.1000000015
20083  -19.793  -78.804  81.163 0.1000000015
20930  -21.246  -78.176  82.342 0.1000000015
20082  -19.287  -79.421  80.860 0.1000000015
26487  -16.650  -71.056  79.732 0.1000000015
26493  -16.269  -71.379  79.039 0.1000000015
21889  -19.707  -77.128  80.738 0.1000000015
22815  -20.428  -76.676  81.373 0.1000000015
23786  -19.549  -75.136  81.188 0.1000000015
21890  -20.580  -77.678  81.512 0.1000000015
21878  -21.262  -77.320  82.111 0.1000000015
139616  -20.036  -78.028  81.075 0.1000000015
25606  -18.613  -72.265  81.632 0.1000000015
20931  -21.901  -77.745  82.881 0.1000000015
20941  -20.587  -78.565  81.752 0.1000000015
20924  -22.014  -77.779  83.232 0.1000000015
26503  -15.977  -71.601  78.163 0.1000000015
27388  -16.157  -70.667  78.310 0.1000000015
22800  -20.393  -75.635  81.541 0.1000000015
23771  -19.960  -74.604  81.575 0.1000000015
22801  -21.425  -75.876  82.209 0.1000000015
24694  -20.403  -74.103  82.097 0.1000000015
24688  -20.019  -73.298  82.291 0.1000000015
22791  -22.368  -76.153  82.949 0.1000000015
22802  -21.892  -76.882  82.594 0.1000000015
21871  -22.489  -76.463  83.541 0.1000000015
22775  -22.700  -75.524  84.388 0.1000000015
23772  -20.864  -74.950  82.035 0.1000000015
24689  -20.849  -73.790  82.737 0.1000000015
22790  -21.687  -75.289  82.539 0.1000000015
23759  -22.269  -75.106  83.110 0.1000000015
23743  -22.757  -75.148  83.713 0.1000000015
23742  -22.460  -74.606  83.569 0.1000000015
22782  -22.668  -75.744  83.857 0.1000000015
26479  -18.372  -71.284  81.939 0.1000000015
21854  -21.801  -76.441  84.344 0.1000000015
22774  -22.282  -75.905  84.440 0.1000000015
27383  -16.672  -70.196  79.695 0.1000000015
26513  -16.060  -71.518  76.517 0.1000000015
25592  -22.938  -72.993  85.021 0.1000000015
26467  -22.629  -72.085  85.418 0.1000000015
25598  -22.056  -73.209  84.196 0.1000000015
24682  -21.376  -73.470  83.413 0.1000000015
25591  -21.789  -72.306  84.598 0.1000000015
24683  -22.310  -73.956  83.797 0.1000000015
25602  -20.461  -72.993  82.994 0.1000000015
25596  -20.133  -72.118  83.299 0.1000000015
24684  -22.787  -74.490  84.149 0.1000000015
26471  -19.849  -71.303  83.483 0.1000000015
23728  -22.897  -75.007  84.307 0.1000000015
24676  -23.058  -74.253  84.902 0.1000000015
23712  -22.632  -74.610  85.409 0.1000000015
22762  -22.580  -75.200  84.872 0.1000000015
23727  -22.142  -75.214  85.122 0.1000000015
27379  -16.972  -70.628  80.317 0.1000000015
129614  -21.764  -75.649  84.708 0.1000000015
27382  -16.407  -70.635  79.133 0.1000000015
28301  -16.163  -69.879  78.096 0.1000000015
27412  -16.127  -69.808  76.668 0.1000000015
27428  -16.268  -70.168  75.780 0.1000000015
27442  -16.884  -70.961  74.456 0.1000000015
28379  -16.779  -69.084  72.813 0.1000000015
125004  -17.821  -71.146  72.052 0.1000000015
27484  -18.067  -70.860  71.178 0.1000000015
26571  -20.092  -72.274  71.192 0.1000000015
28403  -17.518  -69.136  70.504 0.1000000015
24675  -22.862  -73.779  84.611 0.1000000015
26468  -23.321  -72.617  85.814 0.1000000015
25597  -21.027  -72.610  83.756 0.1000000015
139166  -22.644  -71.260  85.590 0.1000000015
25593  -23.181  -73.433  85.446 0.1000000015
26472  -20.630  -71.567  84.182 0.1000000015
26466  -21.658  -71.389  85.001 0.1000000015
24668  -23.164  -73.928  85.694 0.1000000015
26480  -19.023  -71.960  82.267 0.1000000015
147369  -19.109  -69.786  82.859 0.1000000015
23711  -21.785  -74.511  85.628 0.1000000015
27376  -18.070  -70.164  81.772 0.1000000015
28296  -16.424  -69.851  78.867 0.1000000015
22773  -21.032  -75.609  84.453 0.1000000015
29225  -16.669  -68.871  78.873 0.1000000015
28309  -16.234  -69.314  77.482 0.1000000015
144364  -16.283  -69.081  76.730 0.1000000015
28337  -16.357  -69.352  75.314 0.1000000015
28321  -16.263  -69.290  76.083 0.1000000015
28351  -16.446  -69.289  74.452 0.1000000015
28364  -16.588  -69.229  73.588 0.1000000015
25688  -21.262  -72.968  71.720 0.1000000015
27498  -19.182  -70.981  70.018 0.1000000015
26582  -19.625  -71.658  70.563 0.1000000015
25696  -20.824  -72.617  70.967 0.1000000015
28405  -18.832  -70.163  69.569 0.1000000015
27499  -20.018  -71.379  69.765 0.1000000015
24777  -22.315  -73.251  70.828 0.1000000015
26593  -20.988  -71.631  69.636 0.1000000015
26459  -23.399  -71.232  86.377 0.1000000015
26458  -23.292  -71.670  86.007 0.1000000015
26449  -23.378  -71.255  86.800 0.1000000015
27333  -23.350  -70.360  87.062 0.1000000015
27343  -23.494  -70.542  86.618 0.1000000015
24657  -23.418  -72.926  86.058 0.1000000015
26440  -22.654  -70.634  87.355 0.1000000015
27351  -23.151  -70.541  85.976 0.1000000015
25580  -23.190  -72.202  86.525 0.1000000015
26448  -22.659  -71.562  87.137 0.1000000015
24656  -22.833  -73.068  86.447 0.1000000015
146363  -22.539  -72.232  86.863 0.1000000015
27369  -20.020  -70.547  83.968 0.1000000015
27362  -20.911  -70.596  84.645 0.1000000015
24667  -22.416  -73.973  86.104 0.1000000015
25579  -21.601  -72.427  86.931 0.1000000015
27372  -18.691  -70.420  82.465 0.1000000015
23726  -21.221  -74.921  84.964 0.1000000015
24666  -21.162  -73.758  86.150 0.1000000015
28297  -16.821  -69.304  79.600 0.1000000015
124939  -16.355  -69.278  78.287 0.1000000015
29252  -16.475  -68.438  77.099 0.1000000015
30255  -16.582  -67.948  75.695 0.1000000015
23880  -23.702  -74.215  70.837 0.1000000015
29364  -17.464  -68.346  70.421 0.1000000015
28404  -18.096  -69.652  69.969 0.1000000015
26594  -21.843  -72.179  69.769 0.1000000015
24771  -22.957  -73.653  70.871 0.1000000015
29365  -17.848  -68.635  69.692 0.1000000015
28415  -18.600  -69.251  69.198 0.1000000015
27506  -19.675  -70.580  69.357 0.1000000015
31307  -17.396  -66.873  70.442 0.1000000015
30360  -17.892  -67.741  69.288 0.1000000015
28416  -19.404  -69.758  68.919 0.1000000015
28417  -20.217  -70.207  68.787 0.1000000015
125147  -21.715  -71.547  69.266 0.1000000015
30374  -18.255  -67.621  68.682 0.1000000015
29389  -19.254  -68.815  68.434 0.1000000015
28429  -20.865  -69.894  68.351 0.1000000015
30376  -19.683  -68.140  67.797 0.1000000015
27332  -21.571  -70.055  87.801 0.1000000015
28244  -22.643  -69.655  87.363 0.1000000015
26439  -21.543  -70.942  87.546 0.1000000015
28241  -19.779  -69.728  87.676 0.1000000015
28253  -23.400  -69.784  86.863 0.1000000015
27330  -19.798  -70.392  87.854 0.1000000015
131798  -23.210  -69.321  86.365 0.1000000015
25570  -21.541  -71.742  87.311 0.1000000015
26438  -20.482  -71.261  87.780 0.1000000015
28263  -23.162  -69.611  85.944 0.1000000015
29165  -22.567  -68.403  86.684 0.1000000015
24655  -21.557  -73.148  86.538 0.1000000015
137402  -21.398  -69.879  84.864 0.1000000015
28284  -19.791  -69.529  83.464 0.1000000015
28273  -21.515  -69.073  84.587 0.1000000015
29201  -19.128  -68.669  82.168 0.1000000015
28294  -17.128  -69.641  80.413 0.1000000015
28291  -17.728  -69.433  81.173 0.1000000015
131686  -17.204  -68.845  80.117 0.1000000015
30221  -16.818  -67.701  77.443 0.1000000015
30205  -16.978  -67.671  78.156 0.1000000015
30238  -16.718  -67.753  76.575 0.1000000015
24778  -23.593  -73.436  70.249 0.1000000015
23881  -24.695  -74.273  70.577 0.1000000015
23882  -25.570  -74.243  70.450 0.1000000015
25709  -22.660  -72.279  69.559 0.1000000015
25699  -23.332  -72.725  69.723 0.1000000015
23883  -26.411  -74.232  70.497 0.1000000015
28418  -20.913  -70.488  68.738 0.1000000015
26595  -22.397  -71.710  69.238 0.1000000015
24790  -25.276  -72.961  69.812 0.1000000015
26597  -24.752  -71.621  69.246 0.1000000015
127547  -18.357  -67.192  68.311 0.1000000015
28428  -20.062  -69.459  68.365 0.1000000015
27519  -21.698  -70.399  68.426 0.1000000015
27520  -22.769  -70.621  68.460 0.1000000015
26606  -24.273  -70.941  68.856 0.1000000015
29402  -20.584  -68.385  67.507 0.1000000015
29391  -21.600  -69.557  67.982 0.1000000015
134790  -23.137  -70.021  68.161 0.1000000015
146111  -21.311  -68.252  67.192 0.1000000015
29392  -22.420  -69.102  67.696 0.1000000015
27350  -18.133  -70.609  85.898 0.1000000015
144184  -18.571  -69.857  86.021 0.1000000015
27361  -17.469  -70.708  84.953 0.1000000015
28252  -19.770  -69.055  87.277 0.1000000015
29153  -20.140  -69.082  87.634 0.1000000015
28240  -19.396  -69.789  87.372 0.1000000015
29155  -21.969  -68.651  87.348 0.1000000015
26447  -18.485  -71.265  87.583 0.1000000015
27329  -19.210  -70.615  87.694 0.1000000015
29164  -21.780  -67.800  86.825 0.1000000015
27321  -19.275  -71.195  87.973 0.1000000015
134830  -19.860  -70.954  87.995 0.1000000015
24654  -19.555  -72.857  87.081 0.1000000015
25578  -20.462  -72.557  87.044 0.1000000015
26437  -19.578  -71.579  88.068 0.1000000015
29180  -21.781  -68.406  84.144 0.1000000015
29181  -22.283  -68.531  84.766 0.1000000015
132982  -20.498  -73.064  86.526 0.1000000015
29204  -21.765  -67.987  83.446 0.1000000015
29193  -20.809  -68.716  83.790 0.1000000015
28285  -20.624  -69.707  84.266 0.1000000015
23710  -20.540  -74.139  85.418 0.1000000015
28288  -18.739  -69.505  82.318 0.1000000015
28292  -18.349  -69.066  81.756 0.1000000015
29226  -17.136  -68.433  79.532 0.1000000015
29239  -16.999  -67.963  78.824 0.1000000015
30195  -17.750  -67.574  79.479 0.1000000015
30206  -17.576  -67.308  78.587 0.1000000015
31198  -17.903  -66.756  77.430 0.1000000015
30239  -17.328  -67.037  76.909 0.1000000015
146283  -26.343  -73.199  70.179 0.1000000015
23884  -27.273  -74.192  70.673 0.1000000015
25711  -25.444  -72.143  69.595 0.1000000015
138401  -26.739  -72.902  70.263 0.1000000015
145654  -27.697  -73.829  70.823 0.1000000015
31346  -18.759  -66.968  67.789 0.1000000015
26598  -25.584  -71.268  69.474 0.1000000015
31345  -18.231  -66.512  68.215 0.1000000015
144213  -20.125  -67.629  67.241 0.1000000015
29393  -23.392  -69.052  67.729 0.1000000015
148181  -25.756  -70.544  69.497 0.1000000015
31358  -19.246  -66.505  67.183 0.1000000015
30389  -21.660  -67.798  66.841 0.1000000015
29404  -22.936  -68.438  67.375 0.1000000015
29394  -24.259  -69.083  68.002 0.1000000015
26465  -16.891  -71.304  84.895 0.1000000015
28261  -18.081  -69.931  85.095 0.1000000015
26457  -17.445  -71.407  85.894 0.1000000015
27341  -18.135  -71.124  86.734 0.1000000015
28251  -19.176  -69.257  86.586 0.1000000015
26432  -18.097  -72.279  88.377 0.1000000015
26436  -18.655  -71.581  88.054 0.1000000015
139708  -19.867  -67.558  86.977 0.1000000015
29162  -20.100  -68.283  87.360 0.1000000015
25568  -18.558  -72.548  88.284 0.1000000015
25562  -18.744  -71.991  88.327 0.1000000015
30125  -20.704  -67.096  86.802 0.1000000015
30127  -22.483  -67.892  86.108 0.1000000015
24645  -19.378  -72.496  87.813 0.1000000015
25569  -19.246  -72.132  88.175 0.1000000015
30126  -21.683  -67.154  86.199 0.1000000015
30135  -22.633  -68.111  85.399 0.1000000015
29202  -19.944  -68.352  82.586 0.1000000015
29210  -18.902  -68.206  81.516 0.1000000015
30184  -17.677  -68.204  80.158 0.1000000015
24782  -27.395  -73.289  70.625 0.1000000015
143320  -28.105  -74.254  71.074 0.1000000015
26599  -26.253  -70.879  69.787 0.1000000015
28419  -25.086  -69.886  68.855 0.2000000030
27512  -26.184  -70.110  69.843 0.2000000030
26586  -27.434  -71.296  70.955 0.2000000030
31359  -20.442  -67.083  66.740 0.1000000015
30401  -22.105  -67.235  66.498 0.1000000015
30390  -22.491  -67.851  66.925 0.1000000015
30377  -23.904  -68.325  67.507 0.2000000030
30378  -24.824  -68.421  67.996 0.2000000030
29379  -25.792  -68.880  69.037 0.2000000030
32332  -22.120  -65.957  65.774 0.1000000015
31360  -23.855  -67.547  66.956 0.1000000015
31361  -24.542  -67.050  66.847 0.2000000030
30379  -25.495  -67.785  68.070 0.2000000030
24648  -12.434  -73.226  86.021 0.1000000015
25583  -12.553  -72.442  85.669 0.1000000015
24660  -14.147  -72.951  85.561 0.1000000015
25585  -14.220  -72.389  85.025 0.1000000015
25575  -15.595  -73.056  86.574 0.1000000015
25586  -15.059  -72.693  85.470 0.1000000015
25590  -14.726  -72.076  84.687 0.1000000015
27360  -16.639  -70.739  84.308 0.1000000015
28271  -17.272  -69.925  84.139 0.1000000015
25576  -16.405  -72.856  87.327 0.1000000015
25587  -16.063  -72.523  85.972 0.1000000015
26455  -15.633  -72.103  84.987 0.1000000015
26456  -16.519  -71.822  85.423 0.1000000015
26464  -16.050  -71.421  84.472 0.1000000015
25577  -17.121  -72.420  87.665 0.1000000015
26446  -16.882  -72.150  86.572 0.1000000015
140337  -17.668  -71.786  87.347 0.1000000015
28262  -18.668  -69.147  85.507 0.1000000015
129726  -19.055  -68.417  86.047 0.1000000015
30124  -19.880  -66.815  86.693 0.1000000015
30123  -19.593  -67.147  86.519 0.1000000015
31120  -21.525  -66.626  85.561 0.1000000015
30164  -21.837  -67.585  82.601 0.1000000015
29203  -20.863  -68.109  82.998 0.1000000015
30170  -19.241  -67.654  80.810 0.1000000015
29217  -18.243  -68.145  80.803 0.1000000015
124442  -19.495  -67.302  80.058 0.1000000015
30207  -18.472  -66.994  79.003 0.1000000015
31189  -18.357  -66.788  78.119 0.1000000015
25689  -27.930  -72.637  71.006 0.2000000030
25690  -28.242  -71.993  71.653 0.2000000030
25681  -29.444  -72.701  72.970 0.2000000030
32312  -18.811  -65.649  67.328 0.2000000030
32329  -19.473  -65.687  66.734 0.1000000015
28406  -26.577  -69.686  70.399 0.2000000030
26560  -27.796  -70.756  72.230 0.2000000030
26561  -28.243  -71.317  72.373 0.2000000030
32331  -21.243  -65.827  65.905 0.2000000030
30361  -26.019  -68.209  68.832 0.2000000030
29380  -26.347  -68.620  69.568 0.2000000030
27486  -26.952  -69.962  71.144 0.2000000030
32348  -22.450  -65.195  65.588 0.2000000030
31377  -24.551  -66.368  66.435 0.2000000030
136213  -25.096  -66.628  66.835 0.2000000030
31347  -26.002  -67.027  67.741 0.2000000030
136617  -12.018  -71.924  85.948 0.1000000015
26452  -12.620  -71.462  85.521 0.1000000015
25584  -13.405  -72.216  85.196 0.1000000015
26453  -13.433  -71.150  84.867 0.1000000015
27358  -14.639  -70.487  84.037 0.1000000015
27367  -16.235  -70.174  83.736 0.1000000015
26463  -15.202  -71.623  84.439 0.1000000015
27359  -15.255  -71.051  84.038 0.1000000015
27366  -15.405  -70.345  83.798 0.1000000015
28272  -18.104  -69.142  84.486 0.1000000015
30143  -18.829  -66.632  85.490 0.1000000015
128757  -19.206  -67.479  86.068 0.1000000015
32079  -19.619  -65.728  86.013 0.1000000015
31131  -22.179  -66.861  84.598 0.1000000015
125702  -22.160  -67.315  82.865 0.1000000015
30163  -20.917  -67.880  82.104 0.1000000015
31153  -22.210  -67.179  82.072 0.1000000015
30171  -20.160  -67.747  81.424 0.1000000015
130476  -21.889  -67.493  81.793 0.1000000015
30185  -18.442  -67.661  80.177 0.1000000015
126976  -20.754  -67.377  80.600 0.1000000015
30196  -18.671  -67.274  79.624 0.1000000015
30197  -20.732  -67.283  79.593 0.1000000015
30208  -20.706  -67.281  78.718 0.1000000015
129175  -19.557  -67.058  79.297 0.1000000015
148436  -19.425  -66.644  77.881 0.1000000015
27473  -28.088  -70.561  72.950 0.2000000030
26547  -28.639  -71.334  73.246 0.2000000030
33232  -21.735  -64.474  65.516 0.2000000030
33233  -22.658  -64.339  65.418 0.2000000030
31327  -26.969  -67.174  68.893 0.2000000030
129166  -27.284  -69.896  71.865 0.2000000030
133135  -24.013  -65.874  65.955 0.2000000030
32335  -25.298  -65.516  66.246 0.2000000030
31362  -25.758  -66.423  67.106 0.2000000030
31363  -26.374  -66.425  67.563 0.2000000030
32334  -24.741  -65.818  66.186 0.2000000030
26445  -12.093  -71.227  86.374 0.1000000015
27339  -12.513  -70.544  86.053 0.1000000015
27340  -12.983  -69.924  85.800 0.1000000015
26462  -14.398  -71.259  84.377 0.1000000015
27349  -13.409  -70.161  85.132 0.1000000015
27357  -13.915  -70.411  84.487 0.1000000015
135179  -14.224  -69.864  84.214 0.1000000015
28280  -14.795  -69.775  83.831 0.1000000015
28281  -15.557  -69.616  83.600 0.1000000015
28282  -16.488  -69.273  83.504 0.1000000015
28283  -17.443  -69.079  83.781 0.1000000015
144717  -15.607  -68.969  83.403 0.1000000015
29191  -17.132  -68.454  83.345 0.1000000015
29178  -17.964  -68.319  83.992 0.1000000015
30142  -18.358  -67.230  84.408 0.1000000015
137052  -18.452  -66.192  84.825 0.1000000015
31118  -19.078  -65.423  85.804 0.1000000015
131551  -19.408  -65.315  85.738 0.1000000015
32096  -18.714  -65.025  85.439 0.1000000015
32097  -20.195  -65.364  85.151 0.1000000015
32110  -21.848  -66.459  83.737 0.1000000015
32109  -21.074  -65.690  83.438 0.1000000015
129252  -22.214  -66.953  82.967 0.1000000015
32121  -21.897  -66.510  82.738 0.1000000015
32133  -21.970  -66.580  81.807 0.1000000015
30173  -22.083  -67.317  81.111 0.1000000015
32147  -22.205  -66.740  80.368 0.1000000015
136407  -21.841  -67.437  79.862 0.1000000015
31182  -22.481  -66.914  79.678 0.1000000015
30198  -21.751  -67.536  78.945 0.1000000015
30209  -21.595  -67.586  78.129 0.1000000015
49534  -47.652  -46.895  81.531 0.3000000119
29367  -27.152  -68.665  70.980 0.2000000030
27458  -27.735  -69.953  72.948 0.2000000030
26548  -28.905  -71.467  74.271 0.2000000030
148077  -22.317  -63.251  65.206 0.2000000030
30363  -27.237  -67.550  69.731 0.2000000030
29352  -27.447  -68.726  71.917 0.2000000030
28366  -27.844  -69.463  73.248 0.2000000030
136722  -23.366  -64.188  65.347 0.2000000030
32336  -26.046  -65.124  66.410 0.2000000030
32293  -26.981  -66.086  67.800 0.2000000030
30345  -27.886  -67.206  70.199 0.2000000030
34995  -24.556  -63.036  65.076 0.2000000030
33217  -26.665  -64.370  66.365 0.2000000030
32315  -27.380  -65.278  67.387 0.2000000030
32316  -28.165  -65.019  67.933 0.2000000030
30315  -29.106  -67.395  72.832 0.2000000030
34972  -26.891  -62.987  65.789 0.2000000030
34071  -28.068  -63.943  67.083 0.2000000030
34056  -30.059  -63.506  68.803 0.2000000030
33171  -30.434  -64.143  69.982 0.2000000030
34042  -30.676  -63.501  69.605 0.2000000030
133802  -31.625  -57.849  67.655 0.2000000030
47976  -29.727  -48.606  67.662 0.2000000030
47967  -30.122  -47.807  68.029 0.3000000119
49666  -30.665  -46.506  69.051 0.3000000119
29334  -27.742  -68.804  72.743 0.2000000030
30327  -28.280  -67.516  71.742 0.2000000030
136022  -28.327  -66.478  69.688 0.2000000030
31308  -28.570  -66.700  70.482 0.2000000030
31280  -28.932  -67.138  72.066 0.2000000030
34111  -26.142  -63.056  65.519 0.2000000030
34997  -26.342  -62.343  65.270 0.2000000030
33195  -28.485  -64.263  67.743 0.2000000030
32296  -28.939  -65.169  69.051 0.2000000030
32278  -29.269  -65.328  69.666 0.2000000030
32253  -29.878  -65.823  71.204 0.2000000030
34998  -27.251  -62.300  65.631 0.2000000030
34974  -28.421  -62.498  66.578 0.2000000030
133837  -29.471  -64.074  68.683 0.2000000030
33155  -29.959  -64.770  69.992 0.2000000030
50508  -32.339  -45.288  72.405 0.4000000060
36982  -28.984  -61.034  65.805 0.2000000030
134837  -29.250  -62.200  66.975 0.2000000030
35921  -30.699  -61.890  68.096 0.2000000030
36972  -31.215  -60.659  67.643 0.2000000030
50515  -31.341  -45.487  71.375 0.4000000060
39796  -30.269  -57.444  65.949 0.2000000030
38884  -31.253  -58.246  66.940 0.2000000030
40654  -30.862  -56.549  67.428 0.2000000030
48781  -29.850  -46.839  69.633 0.4000000060
39778  -30.727  -57.837  66.449 0.2000000030
40669  -30.315  -56.079  66.745 0.2000000030
42398  -29.676  -54.539  67.745 0.2000000030
129162  -29.263  -51.669  67.260 0.2000000030
47120  -29.342  -49.340  67.368 0.2000000030
48797  -29.533  -47.623  68.574 0.3000000119
42416  -29.501  -54.709  66.761 0.2000000030
42397  -29.366  -53.951  67.086 0.2000000030
43290  -29.187  -53.270  67.371 0.2000000030
48585  -38.231  -47.826  90.817 0.2000000030
47726  -38.228  -48.597  90.695 0.4000000060
35984  -23.853  -61.375  64.527 0.2000000030
139291  -24.704  -61.666  64.587 0.2000000030
35985  -25.391  -61.268  64.439 0.2000000030
35015  -25.503  -62.013  64.827 0.2000000030
36996  -26.665  -60.976  64.683 0.2000000030
36997  -27.565  -61.018  65.024 0.2000000030
49629  -31.913  -45.910  72.882 0.4000000060
50498  -32.651  -45.593  73.198 0.4000000060
36998  -28.406  -60.653  65.281 0.2000000030
35952  -29.472  -61.382  66.492 0.2000000030
36983  -29.727  -60.490  66.138 0.2000000030
49638  -30.615  -46.186  71.547 0.4000000060
49628  -31.172  -46.184  72.374 0.4000000060
37930  -29.686  -59.662  65.686 0.2000000030
38882  -30.239  -59.112  65.993 0.2000000030
48772  -29.691  -46.697  70.640 0.4000000060
40686  -29.774  -56.177  65.874 0.2000000030
41535  -29.701  -55.452  66.360 0.2000000030
132207  -28.917  -50.818  66.951 0.2000000030
46194  -28.955  -49.957  67.066 0.2000000030
47966  -29.252  -48.110  68.155 0.2000000030
44270  -29.230  -52.517  67.510 0.2000000030
49448  -38.088  -46.416  90.806 0.2000000030
136172  -38.393  -46.961  90.691 0.3000000119
49456  -39.570  -45.804  90.070 0.2000000030
129538  -41.627  -46.328  87.809 0.5000000000
37928  -22.519  -59.142  65.228 0.4000000060
37008  -23.587  -60.583  64.393 0.2000000030
130859  -24.552  -60.767  64.200 0.2000000030
37936  -23.744  -58.982  64.155 0.3000000119
37022  -24.897  -59.863  63.868 0.2000000030
37010  -26.273  -60.351  64.295 0.2000000030
37940  -27.540  -59.522  64.371 0.2000000030
49620  -32.906  -45.821  74.039 0.6000000238
37011  -27.113  -60.300  64.504 0.2000000030
144963  -28.600  -60.008  65.042 0.2000000030
49637  -29.878  -46.772  71.662 0.5000000000
38898  -29.631  -58.768  65.377 0.2000000030
130846  -29.797  -56.975  65.493 0.2000000030
48780  -29.381  -47.355  69.272 0.3000000119
48771  -29.229  -47.191  70.195 0.5000000000
42415  -28.913  -54.218  66.256 0.2000000030
44294  -28.501  -52.714  66.839 0.2000000030
45279  -28.421  -51.805  66.899 0.2000000030
47974  -27.896  -48.728  67.981 0.2000000030
49449  -38.768  -46.098  90.545 0.2000000030
51193  -40.142  -44.353  90.293 0.1000000015
51194  -40.809  -44.201  89.992 0.1000000015
50310  -40.519  -45.530  89.562 0.1000000015
51207  -41.329  -44.080  89.531 0.2000000030
51208  -41.624  -43.796  89.191 0.3000000119
127477  -41.848  -45.101  88.429 0.4000000060
52257  -41.973  -42.930  88.476 0.3000000119
53264  -41.801  -42.777  87.535 0.3000000119
54319  -43.003  -41.250  87.180 0.3000000119
54344  -43.347  -41.567  85.061 0.4000000060
52267  -40.812  -43.721  86.078 0.5000000000
125393  -40.257  -44.080  85.465 0.8000000119
53292  -41.487  -42.330  84.993 0.6000000238
52294  -46.446  -42.913  84.286 0.5000000000
142316  -40.594  -43.449  85.400 0.8000000119
140758  -47.386  -47.740  81.469 0.4000000060
127413  -40.815  -42.975  85.006 0.8000000119
45165  -29.013  -51.024  76.988 0.6999999881
46080  -30.280  -50.227  77.734 0.6999999881
45188  -26.310  -51.593  74.374 0.6000000238
45190  -27.536  -50.581  75.243 0.6999999881
46086  -29.330  -50.195  76.757 0.5000000000
47030  -30.459  -49.260  76.639 0.6000000238
44193  -25.383  -51.769  73.169 0.5000000000
45200  -25.946  -51.240  73.638 0.6000000238
46108  -27.184  -50.212  74.510 0.5000000000
39825  -24.762  -57.916  63.821 0.3000000119
48739  -32.884  -46.864  75.223 0.6000000238
37949  -25.276  -59.140  63.662 0.2000000030
39812  -24.872  -57.245  63.918 0.3000000119
48747  -31.795  -46.906  74.134 0.5000000000
49607  -32.533  -46.544  74.463 0.6000000238
38916  -25.595  -58.565  63.569 0.2000000030
37950  -27.142  -58.853  63.872 0.2000000030
39813  -27.624  -57.302  63.864 0.2000000030
48754  -30.708  -46.838  73.013 0.5000000000
49619  -32.212  -46.242  73.677 0.6000000238
38918  -27.462  -58.078  63.828 0.2000000030
39814  -28.475  -56.983  64.298 0.2000000030
48763  -29.160  -47.138  71.208 0.4000000060
38897  -28.890  -58.755  64.746 0.2000000030
39815  -29.263  -57.352  64.860 0.2000000030
40685  -29.208  -56.289  64.987 0.2000000030
41548  -29.341  -55.636  65.639 0.2000000030
43307  -28.671  -53.460  66.593 0.2000000030
136535  -27.848  -50.942  66.808 0.2000000030
47965  -28.461  -48.287  68.470 0.2000000030
41534  -29.172  -54.953  65.894 0.2000000030
46193  -28.110  -50.129  67.037 0.2000000030
52210  -40.482  -43.618  90.322 0.1000000015
52212  -41.630  -42.636  89.827 0.2000000030
53242  -42.006  -42.433  89.418 0.3000000119
54312  -42.892  -41.440  88.210 0.3000000119
125347  -42.418  -42.102  88.583 0.3000000119
54313  -43.669  -40.911  87.838 0.1000000015
46099  -29.794  -49.586  76.488 0.6000000238
47025  -31.991  -48.748  77.620 0.6999999881
45212  -25.623  -50.920  72.800 0.4000000060
46121  -26.818  -49.835  73.745 0.5000000000
46098  -29.134  -49.618  76.071 0.5000000000
47039  -30.093  -49.078  75.924 0.6000000238
45233  -24.458  -51.629  70.506 0.4000000060
45222  -24.773  -51.285  71.271 0.4000000060
46120  -26.232  -50.395  73.262 0.4000000060
46122  -27.534  -49.346  74.190 0.5000000000
47047  -29.254  -48.761  74.889 0.5000000000
47049  -30.668  -48.614  75.519 0.6000000238
44232  -24.157  -52.467  69.037 0.4000000060
45234  -24.717  -50.985  70.250 0.4000000060
45223  -25.375  -50.672  71.849 0.4000000060
47057  -27.268  -49.039  73.336 0.5000000000
47058  -28.007  -48.601  73.789 0.5000000000
47909  -28.928  -48.270  74.103 0.5000000000
127668  -30.401  -48.393  74.951 0.5000000000
47889  -32.813  -47.820  76.428 0.6999999881
43303  -24.466  -53.825  66.614 0.4000000060
45245  -24.794  -50.968  69.343 0.4000000060
45258  -25.033  -51.174  68.452 0.4000000060
47919  -29.078  -47.811  73.229 0.5000000000
47911  -30.521  -47.852  74.345 0.5000000000
48727  -32.531  -47.569  75.627 0.6000000238
41533  -24.498  -55.490  65.909 0.3000000119
43304  -24.988  -53.390  66.283 0.3000000119
45276  -25.356  -51.508  67.571 0.3000000119
47078  -26.879  -48.552  71.392 0.5000000000
47928  -27.724  -48.021  71.853 0.4000000060
48738  -32.186  -47.266  74.869 0.6000000238
40704  -25.971  -56.191  64.058 0.3000000119
145121  -25.475  -54.934  64.904 0.3000000119
42433  -26.713  -54.178  65.088 0.3000000119
44269  -25.762  -51.907  66.785 0.3000000119
123009  -28.485  -47.841  72.557 0.4000000060
48752  -29.293  -47.452  72.283 0.5000000000
39828  -26.971  -56.953  63.677 0.2000000030
41564  -27.431  -55.588  64.278 0.3000000119
41546  -27.993  -54.999  64.744 0.3000000119
48753  -30.043  -47.136  72.639 0.5000000000
40706  -28.311  -55.876  64.477 0.2000000030
41547  -28.765  -55.359  65.166 0.2000000030
42435  -28.436  -54.586  65.496 0.2000000030
47113  -26.995  -48.852  68.451 0.2000000030
47964  -27.632  -48.417  68.890 0.3000000119
47940  -28.651  -47.436  70.690 0.4000000060
43306  -27.657  -53.006  66.210 0.2000000030
47118  -27.291  -49.432  67.636 0.2000000030
47953  -28.236  -47.993  69.328 0.3000000119
45295  -27.624  -52.212  66.551 0.2000000030
132100  -40.217  -42.949  90.440 0.1000000015
54282  -41.779  -41.461  89.900 0.1000000015
54302  -42.596  -41.704  89.041 0.3000000119
54304  -44.164  -40.481  88.306 0.2000000030
128188  -46.915  -42.709  84.415 0.4000000060
46142  -25.763  -49.866  71.369 0.4000000060
46132  -26.606  -49.568  72.854 0.4000000060
46154  -25.234  -50.463  70.814 0.4000000060
47067  -27.061  -48.740  72.418 0.5000000000
47899  -29.835  -48.353  74.572 0.5000000000
46167  -25.208  -50.339  69.808 0.4000000060
46143  -26.416  -49.330  71.894 0.4000000060
47068  -27.799  -48.332  72.909 0.5000000000
46168  -25.723  -49.700  69.351 0.3000000119
47077  -26.240  -49.136  70.862 0.4000000060
43305  -26.492  -52.939  65.856 0.2000000030
46180  -25.937  -49.796  68.464 0.2000000030
47090  -26.764  -48.518  70.348 0.3000000119
47929  -28.577  -47.573  71.622 0.4000000060
44293  -26.955  -52.422  66.245 0.2000000030
130281  -26.436  -50.567  67.274 0.2000000030
47101  -26.287  -49.164  68.923 0.2000000030
47952  -27.465  -48.148  69.823 0.3000000119
132505  -28.071  -47.652  71.053 0.3000000119
42434  -27.613  -54.298  65.194 0.2000000030
43324  -27.183  -53.609  65.574 0.2000000030
45294  -26.727  -51.787  66.582 0.2000000030
46192  -27.142  -50.289  67.114 0.2000000030
47939  -28.094  -47.732  70.240 0.3000000119
45278  -26.947  -51.021  66.804 0.2000000030
145348  -40.947  -41.662  90.388 0.1000000015
55285  -41.738  -40.711  89.915 0.1000000015
55306  -44.475  -39.956  88.580 0.2000000030
148592  -45.041  -40.591  86.993 0.2000000030
55317  -44.852  -40.156  88.004 0.2000000030
52227  -38.764  -43.298  89.641 0.1000000015
54290  -39.787  -41.199  90.018 0.1000000015
55284  -41.273  -40.614  90.105 0.1000000015
55294  -43.303  -40.071  89.418 0.1000000015
55328  -45.801  -40.148  87.023 0.2000000030
53296  -46.408  -42.334  84.770 0.3000000119
50377  -47.346  -45.881  82.515 0.4000000060
55283  -40.847  -40.759  90.229 0.1000000015
56279  -42.218  -39.490  89.639 0.1000000015
56295  -43.837  -39.137  89.072 0.1000000015
57286  -45.215  -38.720  87.941 0.1000000015
55295  -43.956  -39.689  89.009 0.1000000015
56297  -45.252  -39.273  88.002 0.2000000030
55329  -46.457  -39.693  86.591 0.2000000030
55339  -46.664  -40.525  86.089 0.2000000030
54335  -46.359  -41.136  85.847 0.2000000030
53282  -46.956  -41.987  84.963 0.3000000119
52314  -47.392  -43.701  83.437 0.5000000000
53281  -46.377  -41.693  85.365 0.2000000030
51258  -47.891  -44.481  82.533 0.3000000119
56309  -46.181  -38.998  87.059 0.2000000030
54336  -47.025  -41.053  85.501 0.2000000030
52295  -47.456  -42.953  83.970 0.4000000060
53298  -48.207  -42.183  83.841 0.3000000119
50363  -47.844  -45.289  82.193 0.3000000119
140564  -44.742  -38.343  87.937 0.1000000015
56317  -46.482  -38.834  86.405 0.2000000030
55330  -47.165  -39.885  85.786 0.1000000015
54345  -47.633  -41.301  84.804 0.1000000015
57309  -45.891  -38.337  86.958 0.1000000015
55345  -47.710  -40.320  84.947 0.1000000015
49547  -47.840  -46.824  81.153 0.5000000000
55486  -51.228  -39.889  74.037 0.6000000238
55487  -51.948  -40.455  74.462 0.5000000000
56453  -50.803  -38.954  73.810 0.5000000000
49546  -47.684  -47.222  80.826 0.5000000000
54497  -50.249  -41.285  73.453 0.6000000238
55504  -49.605  -40.518  72.975 0.5000000000
55485  -50.265  -39.748  73.379 0.5000000000
54498  -51.104  -40.807  73.965 0.6000000238
142055  -50.481  -40.449  73.554 0.5000000000
51289  -48.492  -44.640  81.691 0.3000000119
56468  -49.418  -39.563  72.783 0.5000000000
55503  -48.648  -40.153  72.381 0.4000000060
53438  -47.646  -43.060  72.892 0.6000000238
54508  -47.363  -41.638  72.108 0.4000000060
55502  -47.808  -40.787  72.031 0.3000000119
142201  -47.113  -40.295  71.555 0.3000000119
56483  -47.763  -39.820  71.765 0.3000000119
57447  -48.495  -38.263  71.857 0.3000000119
56467  -48.573  -39.203  72.100 0.5000000000
57448  -49.361  -38.607  72.630 0.5000000000
134703  -50.118  -38.504  73.290 0.5000000000
56434  -52.833  -39.313  74.719 0.5000000000
57460  -46.979  -38.184  71.422 0.3000000119
58380  -46.633  -37.769  71.816 0.3000000119
58367  -48.426  -37.390  71.833 0.3000000119
140530  -49.058  -37.788  72.246 0.5000000000
57435  -50.665  -38.068  73.749 0.5000000000
57449  -49.845  -37.709  72.891 0.5000000000
52256  -41.724  -43.737  87.778 0.4000000060
53278  -42.317  -41.675  85.522 0.5000000000
51228  -41.806  -44.105  88.546 0.5000000000
52268  -41.386  -43.084  86.742 0.5000000000
49457  -40.038  -46.464  89.495 0.2000000030
49465  -40.875  -46.370  88.871 0.3000000119
140312  -39.645  -47.508  89.581 0.3000000119
51219  -41.627  -44.791  88.912 0.3000000119
51227  -41.930  -44.690  87.925 0.4000000060
50337  -40.878  -45.288  86.333 0.5000000000
31183  -22.600  -67.035  79.069 0.1000000015
146522  -16.585  -67.849  75.104 0.1000000015
35014  -24.088  -62.201  64.783 0.2000000030
35013  -23.106  -61.914  64.829 0.2000000030
32349  -23.462  -65.029  65.578 0.2000000030
34994  -23.464  -62.857  64.959 0.2000000030
40719  -25.597  -56.935  63.784 0.3000000119
33215  -20.983  -65.004  65.736 0.1000000015
44217  -24.143  -52.344  70.127 0.4000000060
134508  -19.675  -64.965  66.487 0.1000000015
31373  -20.787  -66.454  66.309 0.1000000015
44170  -26.672  -51.953  75.126 0.6999999881
32275  -17.620  -66.353  69.655 0.1000000015
32311  -18.250  -65.637  68.058 0.1000000015
45179  -27.901  -50.990  75.980 0.6999999881
45178  -27.329  -51.495  75.502 0.6999999881
45180  -28.609  -50.539  76.389 0.6999999881
46087  -29.984  -49.857  77.081 0.6999999881
47888  -32.150  -48.166  76.063 0.6999999881
47887  -31.427  -48.408  75.786 0.6000000238
48586  -38.836  -47.457  90.354 0.3000000119
49608  -33.271  -46.184  74.773 0.6000000238
48604  -41.304  -47.328  87.992 0.6999999881
146225  -41.470  -46.644  88.024 0.6000000238
50325  -41.644  -45.911  88.172 0.5000000000
50332  -41.826  -45.561  87.790 0.5000000000
54314  -44.556  -40.576  87.447 0.2000000030
51232  -40.676  -44.525  86.043 0.6999999881
54331  -43.135  -41.236  86.092 0.5000000000
54315  -45.206  -40.326  87.338 0.2000000030
49558  -46.883  -47.274  79.572 0.5000000000
42413  -24.943  -54.013  65.861 0.3000000119
48596  -40.488  -47.109  88.950 0.4000000060
49471  -41.309  -46.444  88.290 0.5000000000
56454  -51.879  -39.083  74.397 0.5000000000
27375  -17.471  -70.369  80.968 0.1000000015
25601  -19.714  -72.479  82.576 0.1000000015
23758  -21.324  -74.540  82.570 0.1000000015
27396  -16.037  -70.241  77.421 0.1000000015
27441  -16.489  -70.125  74.866 0.1000000015
27363  -21.957  -70.521  85.291 0.1000000015
27368  -19.343  -70.608  83.109 0.1000000015
26583  -20.428  -72.011  70.353 0.1000000015
25697  -21.645  -72.799  70.686 0.1000000015
28274  -22.393  -69.498  85.402 0.1000000015
123868  -20.747  -69.185  67.912 0.1000000015
30387  -19.398  -67.358  67.502 0.1000000015
28243  -21.464  -69.330  87.742 0.1000000015
28242  -20.502  -69.645  87.853 0.1000000015
27331  -20.549  -70.485  87.892 0.1000000015
29172  -22.875  -68.642  86.191 0.1000000015
133133  -20.291  -72.004  87.670 0.1000000015
29192  -20.047  -68.644  83.182 0.1000000015
126383  -24.292  -73.740  70.275 0.1000000015
24779  -25.041  -73.636  70.157 0.1000000015
24789  -24.333  -73.102  69.762 0.1000000015
24780  -25.926  -73.525  70.159 0.1000000015
26604  -22.791  -71.320  68.827 0.1000000015
25710  -24.066  -72.278  69.347 0.1000000015
141089  -23.969  -71.567  69.051 0.1000000015
28430  -22.440  -69.877  68.079 0.1000000015
27522  -24.528  -70.319  68.722 0.1000000015
28431  -23.677  -69.642  68.099 0.1000000015
27342  -18.745  -70.340  86.977 0.1000000015
29154  -20.758  -68.803  87.670 0.1000000015
29163  -20.853  -68.002  87.286 0.1000000015
134164  -20.175  -67.529  87.121 0.1000000015
30145  -22.413  -67.565  84.578 0.1000000015
30156  -22.261  -67.649  83.995 0.1000000015
30144  -22.311  -67.376  85.372 0.1000000015
30155  -22.118  -67.575  83.358 0.1000000015
25701  -26.624  -72.213  70.126 0.1000000015
28432  -24.416  -69.743  68.435 0.1000000015
27511  -25.643  -69.971  69.366 0.2000000030
30402  -22.992  -67.313  66.651 0.1000000015
142598  -19.581  -68.150  86.760 0.1000000015
25561  -18.084  -72.579  88.494 0.1000000015
31109  -20.121  -66.265  86.400 0.1000000015
31110  -20.894  -66.515  86.253 0.1000000015
31190  -19.509  -66.833  78.535 0.1000000015
25702  -27.288  -72.247  70.559 0.1000000015
141243  -28.084  -73.450  71.018 0.1000000015
26585  -26.805  -71.344  70.312 0.2000000030
28421  -26.126  -69.382  69.683 0.2000000030
28420  -25.581  -69.444  69.083 0.2000000030
144537  -27.092  -70.640  70.850 0.2000000030
129469  -27.774  -71.886  71.130 0.2000000030
31374  -21.676  -66.555  66.158 0.1000000015
30391  -24.654  -67.723  67.454 0.2000000030
31376  -23.659  -66.694  66.365 0.1000000015
24650  -14.233  -73.737  86.439 0.1000000015
26454  -13.979  -71.848  84.721 0.1000000015
29179  -18.646  -68.078  85.130 0.1000000015
30134  -19.310  -66.653  86.046 0.1000000015
31108  -19.534  -66.053  86.079 0.1000000015
31119  -20.422  -65.881  85.846 0.1000000015
31142  -22.283  -67.199  83.669 0.1000000015
30172  -21.475  -67.547  81.290 0.1000000015
132765  -28.710  -73.662  71.476 0.2000000030
24763  -29.166  -73.081  72.153 0.2000000030
26572  -27.807  -71.283  71.678 0.2000000030
25680  -28.824  -72.154  72.473 0.2000000030
24764  -29.833  -73.399  72.839 0.2000000030
25672  -29.257  -72.103  73.581 0.2000000030
28393  -26.896  -69.364  70.912 0.2000000030
30362  -26.623  -67.902  69.286 0.2000000030
27348  -12.926  -70.652  85.384 0.1000000015
31117  -19.108  -65.857  85.826 0.1000000015
32098  -21.205  -66.149  84.851 0.1000000015
31160  -22.243  -67.055  80.923 0.1000000015
30187  -22.264  -67.253  80.143 0.1000000015
30188  -22.476  -67.156  79.493 0.1000000015
30344  -26.888  -68.282  70.100 0.2000000030
32314  -26.461  -65.765  67.083 0.2000000030
33234  -24.122  -64.385  65.423 0.2000000030
34109  -24.585  -63.821  65.327 0.2000000030
33235  -25.025  -64.408  65.574 0.2000000030
32313  -25.771  -65.807  66.685 0.2000000030
30154  -17.689  -67.547  83.499 0.1000000015
31141  -17.696  -65.670  83.678 0.1000000015
31129  -18.253  -65.381  84.660 0.1000000015
130628  -19.307  -64.927  85.238 0.1000000015
129823  -20.869  -65.707  84.278 0.1000000015
33006  -19.994  -64.904  84.339 0.1000000015
32120  -21.230  -65.757  82.484 0.1000000015
32132  -21.285  -65.797  81.558 0.1000000015
128148  -21.870  -66.551  81.044 0.1000000015
27459  -28.001  -70.075  73.621 0.2000000030
133985  -27.396  -67.868  70.548 0.2000000030
30326  -27.669  -67.956  71.335 0.2000000030
34110  -25.476  -63.575  65.467 0.2000000030
31349  -27.317  -66.461  68.532 0.2000000030
32294  -27.702  -65.736  68.193 0.2000000030
30346  -28.147  -67.297  70.963 0.2000000030
141946  -24.887  -62.341  64.862 0.2000000030
34089  -26.437  -63.672  65.857 0.2000000030
33218  -27.400  -64.476  66.868 0.2000000030
32295  -28.414  -65.427  68.624 0.2000000030
31293  -29.428  -66.494  71.619 0.2000000030
31281  -29.631  -66.773  72.406 0.2000000030
35986  -26.142  -61.556  64.761 0.2000000030
34090  -28.182  -63.195  66.833 0.2000000030
32266  -30.284  -65.142  70.809 0.2000000030
34942  -30.001  -62.887  68.252 0.2000000030
34943  -30.502  -62.395  68.333 0.2000000030
34057  -30.627  -62.864  68.867 0.2000000030
40670  -30.649  -56.964  66.603 0.2000000030
47121  -30.233  -49.328  67.458 0.2000000030
31292  -28.732  -66.870  71.302 0.2000000030
31329  -29.017  -66.072  70.014 0.2000000030
34072  -28.759  -63.484  67.544 0.2000000030
147250  -29.033  -63.988  68.097 0.2000000030
33181  -29.415  -64.679  69.207 0.2000000030
35970  -27.590  -61.719  65.484 0.2000000030
35951  -28.714  -61.782  66.248 0.2000000030
141174  -28.754  -62.820  67.165 0.2000000030
34957  -29.362  -62.844  67.648 0.2000000030
35935  -29.908  -61.656  67.090 0.2000000030
36970  -30.167  -61.004  66.810 0.2000000030
36984  -30.450  -60.266  66.661 0.2000000030
37922  -30.757  -59.477  66.620 0.2000000030
37915  -31.297  -59.426  67.154 0.2000000030
49647  -30.761  -45.795  70.653 0.3000000119
49646  -30.207  -46.312  70.933 0.4000000060
142778  -31.190  -58.930  66.879 0.2000000030
38899  -30.275  -58.282  65.876 0.2000000030
41520  -29.966  -55.247  67.301 0.2000000030
41521  -30.515  -55.759  67.816 0.2000000030
47975  -28.840  -48.698  67.750 0.2000000030
48779  -28.932  -47.800  68.890 0.2000000030
128674  -37.693  -47.361  91.071 0.2000000030
143407  -25.985  -60.938  64.438 0.2000000030
37929  -29.085  -59.490  65.138 0.2000000030
39795  -29.782  -57.840  65.402 0.2000000030
141331  -39.200  -46.694  90.181 0.3000000119
50295  -39.123  -45.351  90.436 0.2000000030
50309  -39.875  -45.030  90.125 0.1000000015
37939  -26.676  -59.642  64.080 0.2000000030
49618  -31.475  -46.574  73.322 0.4000000060
38905  -28.039  -58.634  64.297 0.2000000030
38907  -29.273  -58.149  64.931 0.2000000030
49627  -30.471  -46.633  72.256 0.3000000119
48770  -28.771  -47.592  69.759 0.2000000030
132796  -40.518  -44.745  89.901 0.1000000015
50311  -41.104  -44.826  89.478 0.2000000030
134864  -41.062  -43.612  90.035 0.1000000015
50317  -41.300  -45.622  88.897 0.2000000030
52229  -41.714  -43.048  89.438 0.3000000119
137408  -41.558  -45.733  88.390 0.4000000060
52246  -41.837  -43.314  89.093 0.3000000119
53254  -42.222  -42.503  89.078 0.3000000119
53265  -42.256  -41.948  87.676 0.3000000119
53271  -41.810  -42.250  86.889 0.4000000060
53272  -42.284  -41.619  86.545 0.5000000000
51233  -41.465  -44.634  86.977 0.4000000060
137898  -41.562  -42.118  86.075 0.5000000000
52278  -40.986  -42.852  85.742 0.6000000238
45211  -25.028  -51.449  72.309 0.6000000238
45189  -26.922  -51.094  74.792 0.6000000238
46097  -28.189  -50.041  75.736 0.5000000000
47031  -31.339  -48.895  76.964 0.6000000238
45201  -26.534  -50.725  74.075 0.5000000000
46109  -27.889  -49.717  74.944 0.5000000000
131852  -26.040  -58.193  63.486 0.2000000030
48746  -31.064  -47.258  73.779 0.5000000000
39827  -26.293  -57.471  63.579 0.3000000119
41563  -26.528  -55.477  64.299 0.3000000119
48745  -30.293  -47.449  73.450 0.5000000000
52211  -41.022  -42.874  90.284 0.1000000015
53231  -41.291  -41.996  90.223 0.1000000015
53232  -41.833  -42.099  89.773 0.2000000030
54303  -43.359  -40.928  88.647 0.2000000030
47038  -29.466  -49.077  75.473 0.5000000000
47046  -28.362  -48.967  74.575 0.5000000000
47048  -30.000  -48.732  75.197 0.5000000000
47040  -30.987  -48.794  76.173 0.6000000238
45257  -24.504  -51.667  69.020 0.4000000060
44267  -24.511  -52.721  67.606 0.4000000060
47900  -31.025  -48.125  75.117 0.5000000000
47901  -31.801  -47.878  75.339 0.6000000238
44268  -25.011  -52.279  67.175 0.4000000060
46179  -25.332  -50.372  68.847 0.3000000119
47920  -29.673  -47.535  73.106 0.5000000000
48737  -31.415  -47.580  74.581 0.6000000238
44291  -25.493  -52.720  66.381 0.3000000119
42450  -26.194  -54.769  64.655 0.3000000119
46190  -25.747  -50.598  67.866 0.3000000119
47938  -27.447  -48.007  70.804 0.3000000119
43323  -26.355  -53.666  65.501 0.3000000119
45277  -26.117  -51.183  67.062 0.2000000030
47102  -26.819  -48.628  69.365 0.3000000119
54279  -40.241  -41.626  90.378 0.1000000015
53230  -40.643  -42.059  90.427 0.1000000015
54291  -42.280  -41.622  89.482 0.1000000015
54292  -42.989  -40.892  89.204 0.2000000030
55305  -43.787  -40.328  88.942 0.2000000030
46155  -25.698  -49.735  70.332 0.4000000060
47089  -26.202  -49.101  69.851 0.3000000119
54280  -40.727  -41.399  90.366 0.1000000015
54283  -42.435  -40.801  89.583 0.1000000015
56268  -41.680  -40.137  89.858 0.1000000015
56296  -44.633  -39.300  88.500 0.2000000030
54289  -39.411  -41.823  89.569 0.1000000015
53241  -39.727  -41.914  90.217 0.1000000015
56267  -41.059  -40.198  89.985 0.1000000015
129290  -43.166  -39.401  89.457 0.1000000015
55319  -45.921  -39.469  87.228 0.2000000030
140089  -43.330  -38.303  88.469 0.1000000015
57285  -44.381  -38.657  88.485 0.1000000015
125942  -47.585  -38.798  71.504 0.3000000119
57461  -47.735  -37.838  71.540 0.3000000119
59243  -47.132  -36.671  72.613 0.3000000119
146188  -21.280  -58.475  94.266 0.3000000119
37608  -21.603  -59.003  93.571 0.3000000119
36589  -19.036  -59.586  94.911 0.5000000000
36597  -18.428  -59.850  94.727 0.4000000060
140040  -17.852  -59.969  94.129 0.6000000238
36608  -18.650  -59.991  93.776 0.5000000000
37601  -22.153  -58.533  93.621 0.3000000119
124388  -17.737  -59.973  93.230 0.6000000238
36612  -22.261  -59.137  93.013 0.4000000060
36620  -18.336  -59.934  92.829 0.6000000238
37589  -18.574  -59.375  95.233 0.4000000060
36596  -17.447  -60.021  94.914 0.4000000060
51430  -35.074  -43.769  72.754 0.4000000060
52434  -35.644  -43.432  72.137 0.4000000060
47148  -43.932  -48.247  64.433 0.2000000030
47162  -43.775  -48.147  64.211 0.2000000030
47170  -43.602  -48.281  63.576 0.2000000030
138649  -44.054  -49.712  63.060 0.2000000030
45365  -44.910  -51.803  62.061 0.2000000030
125154  -42.642  -48.069  63.916 0.3000000119
48020  -43.104  -47.857  62.988 0.2000000030
47174  -43.691  -49.275  61.515 0.2000000030
45372  -44.431  -51.192  61.520 0.2000000030
49717  -42.264  -46.514  62.571 0.3000000119
48023  -43.414  -48.302  61.691 0.2000000030
45378  -44.518  -50.712  60.752 0.2000000030
48024  -44.125  -48.628  60.920 0.2000000030
49716  -41.668  -45.890  62.721 0.3000000119
49724  -42.720  -45.973  61.890 0.2000000030
49725  -43.525  -46.222  61.400 0.2000000030
138444  -44.226  -46.069  61.166 0.2000000030
48027  -45.131  -49.033  60.365 0.2000000030
48869  -44.186  -47.654  60.894 0.2000000030
50412  -48.133  -46.111  80.833 0.4000000060
49559  -47.540  -46.719  80.339 0.4000000060
50428  -48.324  -44.907  80.387 0.4000000060
50426  -46.996  -46.167  79.480 0.5000000000
49568  -46.372  -46.717  78.755 0.5000000000
48707  -46.059  -47.301  77.111 0.5000000000
53538  -42.423  -42.791  64.944 0.4000000060
146139  -42.928  -43.130  63.286 0.3000000119
51530  -43.428  -43.972  62.230 0.3000000119
48879  -46.816  -48.428  60.529 0.2000000030
141784  -40.380  -44.426  64.215 0.3000000119
51515  -41.059  -44.356  63.461 0.3000000119
51528  -41.626  -44.603  62.850 0.3000000119
51539  -43.006  -44.614  62.031 0.2000000030
51531  -44.335  -44.187  62.045 0.2000000030
50611  -45.506  -45.800  61.363 0.2000000030
50439  -47.236  -45.114  79.286 0.4000000060
50438  -46.505  -45.629  78.721 0.4000000060
51339  -46.884  -44.585  78.544 0.3000000119
51357  -45.721  -44.885  77.213 0.4000000060
50453  -45.799  -45.714  77.491 0.4000000060
50469  -45.594  -45.867  76.888 0.4000000060
49575  -45.816  -46.473  77.340 0.4000000060
146020  -46.010  -45.680  74.786 0.4000000060
49598  -46.347  -46.676  75.687 0.5000000000
49589  -45.825  -46.559  76.755 0.4000000060
141672  -43.141  -42.542  64.838 0.4000000060
53556  -43.567  -42.770  63.517 0.3000000119
131009  -47.028  -47.173  61.282 0.2000000030
53526  -44.526  -42.023  65.689 0.4000000060
52553  -44.904  -42.945  62.970 0.2000000030
52568  -46.010  -44.071  62.543 0.2000000030
143926  -46.367  -46.121  61.497 0.2000000030
50612  -47.339  -46.057  61.928 0.2000000030
53542  -46.158  -41.967  64.138 0.3000000119
131001  -45.809  -43.205  62.966 0.2000000030
50600  -47.245  -45.133  62.436 0.2000000030
129331  -46.471  -42.711  63.492 0.2000000030
51325  -47.958  -44.725  79.685 0.4000000060
51358  -46.550  -44.119  77.776 0.2000000030
50454  -46.213  -45.175  77.960 0.3000000119
52385  -46.659  -42.783  76.678 0.2000000030
51373  -45.434  -44.500  76.385 0.2000000030
50490  -45.455  -45.149  74.973 0.4000000060
50477  -45.454  -45.208  75.771 0.4000000060
51403  -46.064  -45.034  74.278 0.4000000060
54607  -48.633  -41.819  64.650 0.2000000030
53545  -49.435  -42.393  64.371 0.2000000030
54606  -46.344  -41.535  64.907 0.3000000119
53544  -48.537  -42.640  64.033 0.2000000030
51519  -49.006  -44.590  63.402 0.2000000030
129345  -46.953  -42.239  63.946 0.2000000030
52555  -47.578  -43.095  63.573 0.2000000030
51534  -47.718  -44.712  62.885 0.2000000030
52355  -49.043  -42.909  79.467 0.2000000030
131338  -47.543  -43.542  78.266 0.2000000030
51340  -47.773  -44.146  79.044 0.2000000030
52364  -47.329  -42.940  77.428 0.2000000030
53407  -46.143  -42.502  76.014 0.2000000030
52392  -45.157  -43.298  75.382 0.3000000119
51402  -45.328  -44.395  74.502 0.4000000060
51420  -46.628  -44.419  73.706 0.4000000060
51419  -45.712  -44.247  73.771 0.4000000060
54579  -46.863  -41.510  66.233 0.4000000060
54600  -49.504  -41.502  65.483 0.2000000030
52535  -49.218  -43.181  63.866 0.2000000030
51520  -49.859  -44.958  63.457 0.2000000030
51522  -51.584  -45.385  63.365 0.2000000030
54609  -49.976  -41.745  64.925 0.2000000030
53528  -50.955  -41.823  65.216 0.2000000030
53547  -51.424  -42.664  64.390 0.2000000030
52538  -51.975  -43.598  63.988 0.2000000030
52560  -52.620  -44.475  63.684 0.2000000030
53550  -55.245  -42.562  65.009 0.2000000030
52541  -54.691  -43.182  64.242 0.2000000030
52540  -53.775  -43.415  64.198 0.2000000030
131916  -54.226  -43.947  63.598 0.2000000030
53494  -55.211  -42.743  67.850 0.3000000119
129090  -55.981  -42.335  65.999 0.3000000119
53552  -56.772  -41.571  64.571 0.2000000030
54585  -52.570  -42.000  65.679 0.3000000119
53513  -53.448  -42.165  66.404 0.3000000119
53530  -54.628  -42.363  65.844 0.3000000119
63098  -54.733  -32.828  74.495 0.4000000060
62080  -54.548  -33.378  73.923 0.4000000060
60145  -53.842  -35.963  72.831 0.4000000060
61094  -54.153  -35.371  73.352 0.4000000060
56486  -52.516  -40.141  71.931 0.4000000060
58370  -53.466  -37.560  72.445 0.4000000060
54537  -54.524  -41.951  69.814 0.5000000000
54526  -52.921  -41.595  70.809 0.5000000000
56485  -51.717  -39.566  71.554 0.4000000060
58384  -52.842  -36.970  72.071 0.4000000060
54549  -55.189  -41.569  69.061 0.6000000238
54550  -56.254  -41.438  68.572 0.5000000000
54547  -52.294  -41.337  69.361 0.5000000000
53495  -56.493  -42.433  67.968 0.4000000060
54566  -56.942  -41.560  67.675 0.4000000060
55579  -55.579  -40.469  66.920 0.3000000119
57436  -51.549  -38.271  74.320 0.4000000060
57437  -54.571  -39.222  73.907 0.5000000000
142474  -53.568  -39.036  72.561 0.5000000000
59248  -53.657  -36.800  72.606 0.4000000060
57463  -52.158  -38.519  71.807 0.4000000060
130102  -52.604  -40.896  68.421 0.5000000000
56502  -51.228  -40.270  70.897 0.5000000000
53480  -55.969  -43.063  68.776 0.5000000000
59228  -50.760  -36.159  73.330 0.4000000060
139606  -51.272  -37.646  74.169 0.4000000060
57422  -52.607  -38.279  74.751 0.4000000060
58344  -53.416  -37.038  74.937 0.4000000060
57425  -54.292  -38.806  74.256 0.4000000060
143692  -54.441  -38.519  73.878 0.4000000060
57452  -54.298  -37.987  73.481 0.4000000060
59249  -54.124  -36.595  73.284 0.4000000060
59262  -52.138  -36.336  71.682 0.4000000060
58383  -51.963  -37.143  71.561 0.4000000060
60144  -53.170  -35.636  72.401 0.4000000060
58392  -50.979  -37.489  71.083 0.5000000000
56501  -50.448  -39.962  70.339 0.5000000000
57462  -51.104  -38.597  71.256 0.4000000060
55556  -50.439  -40.350  68.767 0.5000000000
58356  -51.514  -36.950  74.246 0.4000000060
60112  -52.939  -35.881  75.291 0.4000000060
62081  -54.784  -33.463  74.818 0.4000000060
61074  -54.580  -34.251  74.347 0.4000000060
58345  -53.801  -36.932  74.700 0.4000000060
137645  -54.135  -36.893  74.337 0.4000000060
60128  -54.261  -35.832  73.694 0.4000000060
61075  -54.473  -35.124  74.088 0.4000000060
124768  -53.638  -35.206  72.772 0.4000000060
61092  -53.400  -34.415  72.604 0.4000000060
62100  -53.998  -33.867  73.215 0.4000000060
145125  -51.527  -36.099  71.344 0.4000000060
60156  -51.670  -35.617  71.423 0.4000000060
134525  -50.379  -38.224  70.730 0.5000000000
60175  -50.939  -35.873  71.018 0.4000000060
136844  -51.917  -34.730  71.517 0.4000000060
63116  -53.846  -32.965  72.973 0.4000000060
62099  -53.054  -33.436  72.299 0.4000000060
61112  -52.562  -34.122  71.920 0.4000000060
62115  -51.811  -33.604  71.297 0.4000000060
45386  -46.321  -51.725  59.432 0.2000000030
45379  -44.969  -51.414  60.598 0.2000000030
46279  -46.028  -50.880  59.264 0.2000000030
46275  -45.211  -50.649  60.088 0.2000000030
48877  -44.787  -48.213  60.620 0.2000000030
47178  -46.065  -49.458  59.644 0.2000000030
36607  -16.990  -60.015  93.839 0.5000000000
125384  -22.587  -58.836  93.165 0.4000000060
124295  -40.379  -45.017  63.635 0.3000000119
49713  -40.955  -46.049  63.054 0.3000000119
51514  -40.869  -43.910  64.162 0.3000000119
52527  -42.211  -43.090  65.850 0.4000000060
53524  -43.030  -42.575  65.642 0.4000000060
53504  -43.869  -42.454  66.318 0.4000000060
53525  -43.783  -42.281  65.269 0.4000000060
50478  -45.797  -45.852  75.410 0.4000000060
54595  -45.142  -41.796  65.125 0.3000000119
54596  -45.810  -41.561  65.441 0.3000000119
54597  -47.141  -41.386  65.236 0.3000000119
54599  -48.743  -41.436  65.569 0.2000000030
126345  -50.150  -41.462  65.840 0.2000000030
52426  -47.162  -43.757  73.290 0.4000000060
136650  -53.257  -38.612  74.779 0.5000000000
57424  -53.798  -38.442  74.629 0.4000000060
53465  -56.042  -42.401  70.058 0.5000000000
54527  -54.699  -42.173  70.828 0.5000000000
55505  -53.462  -40.096  72.463 0.5000000000
134143  -41.683  -43.214  65.103 0.3000000119
54598  -48.017  -41.446  65.138 0.2000000030
129711  -54.359  -38.795  73.454 0.5000000000
54538  -56.537  -42.161  69.340 0.6000000238
52441  -46.588  -43.151  72.756 0.4000000060
58355  -50.633  -37.232  73.564 0.4000000060
50427  -47.738  -45.613  80.044 0.4000000060
48015  -43.268  -48.054  64.019 0.3000000119
47173  -43.452  -48.649  62.471 0.2000000030
46267  -43.729  -49.425  62.546 0.2000000030
144843  -44.012  -50.456  62.201 0.2000000030
45373  -45.055  -51.859  61.226 0.2000000030
48014  -42.671  -47.779  63.485 0.2000000030
48857  -42.120  -47.247  63.142 0.3000000119
48861  -43.155  -47.537  61.834 0.2000000030
48860  -42.651  -47.277  62.712 0.2000000030
137223  -43.682  -47.853  61.257 0.2000000030
46271  -43.949  -50.283  61.459 0.2000000030
49714  -41.529  -46.616  63.007 0.3000000119
48868  -43.572  -47.142  61.266 0.2000000030
47176  -44.477  -49.815  60.663 0.2000000030
50597  -41.901  -45.165  62.547 0.3000000119
50590  -41.098  -45.213  62.995 0.3000000119
48867  -42.921  -46.781  61.839 0.2000000030
50608  -43.234  -45.353  61.706 0.2000000030
145102  -42.225  -45.749  62.371 0.3000000119
50598  -42.568  -45.215  62.145 0.3000000119
49726  -44.209  -46.775  60.976 0.2000000030
50609  -43.954  -45.467  61.427 0.2000000030
51541  -44.487  -44.928  61.654 0.2000000030
50610  -44.684  -45.606  61.321 0.2000000030
137240  -44.876  -46.347  61.004 0.2000000030
49727  -45.067  -47.343  60.723 0.2000000030
49728  -45.822  -46.707  61.048 0.2000000030
49567  -45.998  -46.151  78.051 0.4000000060
52534  -41.960  -43.149  64.298 0.3000000119
53555  -42.795  -42.739  64.047 0.3000000119
52550  -42.277  -43.361  63.501 0.3000000119
52566  -42.687  -43.690  62.717 0.3000000119
146285  -42.846  -44.144  62.306 0.3000000119
52552  -44.140  -42.930  63.082 0.3000000119
132151  -44.215  -43.469  62.550 0.2000000030
48870  -46.288  -47.698  60.793 0.2000000030
146000  -45.698  -49.309  60.081 0.2000000030
52549  -41.511  -43.660  63.790 0.3000000119
51516  -41.879  -43.971  63.058 0.3000000119
52567  -45.085  -43.703  62.473 0.2000000030
51540  -43.708  -44.724  61.755 0.2000000030
51532  -45.218  -44.515  62.048 0.2000000030
50599  -46.224  -45.118  61.999 0.2000000030
51542  -45.207  -45.167  61.645 0.2000000030
144358  -45.481  -45.329  76.472 0.4000000060
49597  -45.723  -46.083  76.181 0.4000000060
53539  -43.710  -42.409  64.324 0.3000000119
129335  -44.512  -42.420  63.710 0.2000000030
53540  -44.477  -42.093  64.707 0.3000000119
53541  -45.243  -41.992  64.269 0.2000000030
53557  -45.532  -42.486  63.532 0.3000000119
50601  -48.020  -45.571  62.538 0.2000000030
54605  -45.732  -41.713  64.752 0.3000000119
129121  -46.848  -41.727  64.477 0.3000000119
52554  -46.696  -43.589  63.101 0.2000000030
51533  -46.893  -44.422  62.711 0.2000000030
51517  -47.405  -44.013  63.156 0.2000000030
52377  -46.009  -43.743  77.054 0.2000000030
51385  -45.203  -44.298  75.385 0.4000000060
54608  -49.271  -41.693  64.898 0.2000000030
52556  -48.654  -43.618  63.616 0.2000000030
53543  -47.694  -41.943  64.324 0.2000000030
51518  -48.145  -44.195  63.296 0.2000000030
52557  -49.488  -44.035  63.678 0.2000000030
51535  -48.555  -45.107  62.999 0.2000000030
50591  -49.432  -45.528  63.068 0.2000000030
52366  -48.373  -43.209  78.846 0.2000000030
52384  -45.571  -43.528  76.203 0.2000000030
51384  -45.008  -43.658  74.628 0.3000000119
52425  -46.152  -43.772  73.223 0.4000000060
53546  -50.457  -42.540  64.358 0.2000000030
52536  -49.981  -43.355  63.923 0.2000000030
51521  -50.735  -45.275  63.442 0.2000000030
52558  -50.330  -44.355  63.689 0.2000000030
142114  -51.056  -44.678  63.637 0.2000000030
52559  -51.753  -44.570  63.680 0.2000000030
52537  -50.977  -43.673  63.880 0.2000000030
128256  -52.328  -42.758  64.510 0.2000000030
52539  -52.892  -43.544  64.122 0.2000000030
51523  -52.403  -45.336  63.267 0.2000000030
52561  -53.463  -44.288  63.650 0.2000000030
54601  -51.935  -42.139  65.098 0.2000000030
53549  -54.137  -42.644  64.821 0.2000000030
53551  -56.287  -42.075  65.124 0.2000000030
52542  -55.619  -42.839  64.195 0.2000000030
53529  -52.645  -42.340  65.027 0.2000000030
53548  -53.169  -42.766  64.661 0.2000000030
53514  -55.659  -42.485  66.899 0.4000000060
131145  -54.546  -42.398  66.872 0.3000000119
147678  -56.537  -42.200  66.994 0.3000000119
53531  -56.708  -41.767  66.403 0.2000000030
142715  -56.976  -41.323  65.675 0.2000000030
54610  -57.168  -41.050  65.088 0.2000000030
54586  -53.390  -42.305  65.360 0.2000000030
57450  -53.142  -38.342  72.284 0.4000000060
55520  -52.031  -40.600  71.377 0.5000000000
54536  -53.245  -41.778  70.002 0.5000000000
55536  -51.810  -41.085  70.722 0.5000000000
54525  -52.212  -41.458  70.168 0.5000000000
54551  -56.854  -41.934  68.476 0.5000000000
53467  -56.744  -42.237  68.895 0.6000000238
55558  -55.068  -40.939  68.061 0.5000000000
55557  -53.834  -40.959  68.248 0.6000000238
54565  -56.694  -41.500  68.136 0.5000000000
55550  -51.416  -41.110  69.885 0.5000000000
145995  -51.746  -37.865  71.540 0.4000000060
128330  -56.928  -41.902  67.434 0.4000000060
55572  -57.099  -41.013  67.002 0.3000000119
130060  -56.104  -40.806  67.721 0.4000000060
131496  -54.974  -40.579  67.390 0.5000000000
55583  -55.792  -40.401  66.234 0.4000000060
55580  -56.607  -40.677  66.753 0.3000000119
56470  -54.160  -39.319  73.017 0.4000000060
57451  -53.990  -38.307  72.855 0.4000000060
129748  -51.427  -40.745  68.803 0.5000000000
55549  -50.691  -40.534  69.660 0.5000000000
58342  -52.100  -37.563  74.676 0.4000000060
59213  -52.519  -36.773  74.953 0.4000000060
58343  -52.931  -37.331  75.040 0.4000000060
59214  -53.245  -36.534  75.243 0.4000000060
135710  -53.566  -35.949  75.391 0.4000000060
136377  -53.659  -37.590  74.667 0.4000000060
58372  -54.239  -37.163  73.697 0.4000000060
60157  -52.449  -35.625  71.938 0.4000000060
57475  -50.280  -39.054  70.662 0.5000000000
56517  -49.971  -40.026  69.519 0.5000000000
60127  -51.872  -36.029  74.310 0.4000000060
59215  -53.664  -36.304  75.116 0.4000000060
45385  -45.589  -51.562  59.914 0.2000000030
38480  -21.845  -58.179  94.007 0.2000000030
37609  -23.102  -58.420  93.400 0.2000000030
37610  -24.782  -58.692  93.042 0.3000000119
40387  -21.454  -57.196  92.789 0.2000000030
40388  -22.009  -57.186  92.100 0.2000000030
40440  -23.165  -56.847  88.263 0.1000000015
138083  -22.590  -56.391  87.760 0.1000000015
132446  -16.080  -60.115  94.115 0.4000000060
130381  -17.144  -59.757  95.330 0.3000000119
143229  -21.055  -58.820  94.445 0.2000000030
39452  -20.832  -58.067  94.571 0.1000000015
39453  -21.556  -58.110  94.229 0.2000000030
38481  -22.701  -58.068  93.756 0.2000000030
40378  -20.175  -57.254  93.276 0.1000000015
132894  -22.027  -57.950  94.146 0.2000000030
39468  -22.534  -57.766  93.794 0.2000000030
124218  -23.197  -57.519  93.386 0.2000000030
38491  -24.371  -58.163  93.270 0.2000000030
131776  -16.518  -57.679  92.509 0.1000000015
40383  -17.984  -57.148  92.168 0.1000000015
40385  -19.727  -57.013  92.413 0.1000000015
40386  -20.563  -57.082  92.553 0.1000000015
40379  -21.019  -57.352  93.487 0.1000000015
39480  -21.851  -57.536  93.693 0.2000000030
39482  -23.814  -57.343  92.874 0.2000000030
39470  -24.741  -57.963  93.119 0.2000000030
40391  -16.926  -57.084  91.251 0.1000000015
39492  -17.145  -57.336  91.923 0.1000000015
40393  -18.466  -56.868  91.508 0.1000000015
40394  -19.370  -56.845  91.503 0.1000000015
141467  -20.145  -56.927  91.812 0.1000000015
39493  -22.939  -57.219  92.533 0.2000000030
39495  -25.084  -57.490  92.305 0.2000000030
39500  -15.482  -57.599  90.855 0.1000000015
40404  -16.384  -57.120  90.756 0.1000000015
40392  -17.640  -56.933  91.375 0.1000000015
142173  -18.825  -56.704  90.933 0.1000000015
40408  -20.194  -56.697  90.174 0.1000000015
123519  -25.234  -57.607  91.330 0.1000000015
131914  -16.562  -56.793  90.127 0.1000000015
134130  -17.906  -56.470  90.016 0.1000000015
40423  -19.428  -56.434  89.694 0.1000000015
39513  -24.488  -57.709  89.438 0.1000000015
40421  -17.100  -56.482  89.617 0.1000000015
144703  -18.509  -56.343  89.487 0.1000000015
40435  -17.318  -56.208  88.701 0.1000000015
39523  -24.498  -57.769  88.396 0.1000000015
41313  -19.745  -55.733  87.548 0.1000000015
41327  -20.029  -55.487  86.769 0.1000000015
40448  -22.034  -55.982  87.320 0.1000000015
40460  -22.700  -56.120  86.944 0.1000000015
40449  -23.274  -56.650  87.400 0.1000000015
40450  -23.951  -57.084  87.005 0.1000000015
126122  -19.078  -55.487  86.904 0.1000000015
124568  -20.765  -55.531  86.666 0.1000000015
41315  -21.377  -55.738  86.963 0.1000000015
41316  -22.014  -55.773  86.526 0.1000000015
40461  -23.338  -56.521  86.526 0.1000000015
39546  -24.527  -57.667  86.559 0.1000000015
39547  -25.238  -57.977  86.143 0.1000000015
38468  -18.179  -58.842  95.480 0.2000000030
125901  -18.971  -58.924  95.354 0.3000000119
36586  -15.033  -60.152  95.057 0.3000000119
37584  -16.220  -59.573  95.551 0.1000000015
38467  -17.321  -58.787  95.569 0.1000000015
38469  -19.675  -58.563  95.181 0.1000000015
142866  -15.822  -58.347  94.138 0.1000000015
39448  -17.065  -58.046  94.800 0.1000000015
131874  -17.864  -58.177  95.340 0.1000000015
39442  -18.730  -58.247  95.371 0.1000000015
39451  -20.009  -57.919  94.677 0.1000000015
38479  -20.459  -58.492  94.860 0.1000000015
39461  -16.122  -57.916  93.348 0.1000000015
39447  -16.568  -58.047  94.146 0.1000000015
39463  -17.643  -57.624  93.690 0.1000000015
132494  -18.268  -57.592  94.164 0.1000000015
39464  -19.086  -57.534  94.226 0.1000000015
39475  -15.015  -58.370  92.500 0.1000000015
39476  -15.714  -57.935  92.597 0.1000000015
39462  -16.896  -57.738  93.407 0.1000000015
39477  -17.425  -57.469  92.784 0.1000000015
39479  -19.334  -57.271  93.185 0.1000000015
39465  -19.840  -57.464  93.921 0.1000000015
39490  -14.558  -58.289  91.825 0.1000000015
134601  -15.405  -57.933  91.801 0.1000000015
145835  -15.981  -57.778  92.101 0.1000000015
40396  -21.761  -56.941  91.062 0.1000000015
39494  -23.423  -57.245  91.824 0.2000000030
123941  -24.252  -57.347  92.126 0.1000000015
39489  -14.074  -58.184  91.190 0.1000000015
39491  -16.281  -57.560  91.573 0.1000000015
40409  -21.648  -56.872  90.146 0.1000000015
39501  -23.806  -57.236  90.967 0.1000000015
146297  -24.572  -57.408  91.450 0.1000000015
39498  -13.632  -58.008  90.511 0.1000000015
39499  -14.518  -57.798  90.607 0.1000000015
39511  -15.048  -57.489  89.976 0.1000000015
41288  -19.019  -56.204  88.866 0.1000000015
41289  -19.846  -56.178  88.931 0.1000000015
40425  -20.970  -56.671  89.690 0.1000000015
40426  -22.248  -56.878  89.569 0.1000000015
39512  -23.763  -57.319  89.827 0.1000000015
39502  -24.509  -57.553  90.511 0.1000000015
40419  -15.509  -57.065  89.356 0.1000000015
143353  -16.656  -56.450  89.002 0.1000000015
41299  -18.672  -55.988  88.153 0.1000000015
40437  -20.652  -56.286  88.935 0.1000000015
40427  -23.082  -56.984  89.188 0.1000000015
39522  -23.781  -57.296  88.815 0.1000000015
39510  -14.109  -57.632  89.858 0.1000000015
123687  -16.000  -56.638  88.811 0.1000000015
40436  -18.189  -56.167  88.756 0.1000000015
41300  -19.441  -55.942  88.244 0.1000000015
40438  -21.545  -56.516  88.955 0.1000000015
40439  -22.413  -56.658  88.614 0.1000000015
133506  -13.753  -57.456  89.077 0.1000000015
40418  -14.658  -57.312  89.202 0.1000000015
132003  -15.165  -56.868  88.535 0.1000000015
40434  -16.544  -56.265  88.345 0.1000000015
41297  -17.089  -55.967  87.837 0.1000000015
41298  -17.873  -56.025  87.992 0.1000000015
134845  -19.073  -55.785  87.649 0.1000000015
41314  -20.653  -55.788  87.436 0.1000000015
144492  -21.403  -55.956  87.613 0.1000000015
40432  -14.669  -56.788  87.973 0.1000000015
40433  -15.796  -56.394  88.108 0.1000000015
41296  -16.342  -56.059  87.607 0.1000000015
40446  -15.575  -56.217  87.407 0.1000000015
36581  -14.838  -59.939  95.407 0.2000000030
37583  -15.457  -59.461  95.565 0.2000000030
38455  -16.167  -59.084  95.663 0.1000000015
38466  -16.536  -58.827  95.510 0.1000000015
125169  -14.200  -58.752  94.054 0.1000000015
38489  -15.018  -58.603  94.088 0.1000000015
126945  -12.420  -58.985  93.132 0.1000000015
143094  -13.045  -58.824  92.953 0.1000000015
38498  -14.191  -58.544  92.487 0.1000000015
143098  -13.090  -58.584  91.915 0.1000000015
38508  -13.748  -58.451  91.830 0.1000000015
38507  -13.125  -58.368  91.217 0.1000000015
38517  -12.903  -58.301  90.451 0.1000000015
133059  -11.914  -58.928  89.928 0.1000000015
38529  -13.175  -57.956  89.719 0.1000000015
38528  -12.483  -58.315  89.286 0.1000000015
39519  -13.007  -57.825  88.812 0.1000000015
39521  -14.288  -57.114  88.462 0.1000000015
39530  -13.421  -57.336  87.530 0.1000000015
36580  -14.131  -59.946  95.659 0.1000000015
35627  -12.728  -60.478  96.000 0.1000000015
36579  -13.042  -59.971  96.278 0.1000000015
37581  -13.667  -59.555  95.891 0.2000000030
37582  -14.530  -59.458  95.605 0.2000000030
132582  -11.989  -60.810  95.981 0.2000000030
140204  -13.140  -60.596  95.518 0.2000000030
38463  -13.775  -59.033  95.519 0.2000000030
38453  -14.275  -59.332  95.693 0.2000000030
127222  -13.507  -58.881  94.064 0.1000000015
38476  -14.545  -58.802  94.913 0.2000000030
37607  -11.561  -59.371  93.275 0.1000000015
45923  -33.202  -50.819  89.736 0.1000000015
124534  -32.634  -51.189  89.110 0.1000000015
38452  -13.016  -59.587  96.221 0.2000000030
35620  -11.308  -60.657  96.153 0.2000000030
35621  -12.092  -60.291  96.173 0.2000000030
140720  -13.582  -59.387  95.892 0.1000000015
136184  -11.627  -59.465  95.605 0.1000000015
38461  -12.291  -59.020  95.290 0.1000000015
38475  -13.714  -58.877  94.870 0.1000000015
148247  -11.832  -59.074  94.972 0.1000000015
38486  -12.964  -58.955  93.677 0.1000000015
50507  -31.730  -45.571  72.160 0.3000000119
51427  -33.064  -44.929  72.682 0.3000000119
49655  -30.327  -46.296  70.086 0.2000000030
50516  -32.034  -44.831  70.890 0.3000000119
124991  -32.010  -45.134  71.698 0.3000000119
125151  -30.024  -47.148  68.732 0.2000000030
49656  -31.056  -45.821  69.689 0.2000000030
50545  -31.562  -46.101  68.873 0.2000000030
51428  -33.551  -44.306  72.160 0.3000000119
51453  -32.843  -44.406  70.582 0.3000000119
144041  -32.699  -44.632  71.700 0.3000000119
50525  -32.264  -44.799  69.953 0.2000000030
50533  -32.738  -45.222  69.148 0.2000000030
42387  -34.092  -54.006  69.194 0.2000000030
134317  -35.333  -52.137  70.934 0.2000000030
43265  -34.407  -53.350  69.840 0.2000000030
51429  -34.314  -44.023  72.481 0.3000000119
51454  -33.671  -44.047  70.272 0.3000000119
52475  -35.107  -43.865  69.492 0.2000000030
51464  -33.247  -44.591  69.561 0.3000000119
51475  -33.863  -44.801  68.977 0.2000000030
51466  -35.030  -44.514  68.910 0.2000000030
41550  -35.096  -55.646  65.376 0.2000000030
137975  -35.763  -54.718  64.120 0.2000000030
50534  -33.425  -45.115  68.914 0.2000000030
51476  -34.430  -44.834  68.812 0.2000000030
50548  -34.932  -45.274  68.711 0.2000000030
49671  -35.618  -45.861  68.990 0.2000000030
43308  -34.330  -53.816  66.536 0.2000000030
41549  -34.648  -54.829  65.624 0.2000000030
49669  -33.090  -46.495  68.328 0.2000000030
125941  -33.841  -46.133  68.506 0.2000000030
49670  -34.724  -46.167  68.763 0.2000000030
49657  -35.539  -46.531  69.309 0.2000000030
43278  -34.102  -53.386  68.347 0.2000000030
47942  -35.861  -47.807  70.850 0.2000000030
47930  -36.778  -47.931  71.304 0.2000000030
47081  -37.082  -48.433  71.896 0.2000000030
45236  -36.164  -50.537  70.571 0.2000000030
44235  -34.653  -52.525  69.529 0.2000000030
44332  -42.964  -51.305  64.256 0.2000000030
43353  -40.849  -52.790  63.053 0.2000000030
43366  -39.382  -53.102  62.540 0.2000000030
52476  -35.984  -43.697  69.700 0.2000000030
43352  -36.339  -53.686  63.482 0.2000000030
50535  -35.710  -45.022  68.851 0.2000000030
136021  -35.230  -53.278  65.013 0.2000000030
43340  -35.381  -53.918  64.386 0.2000000030
43293  -34.793  -53.130  66.678 0.2000000030
43326  -34.898  -54.099  65.244 0.2000000030
48783  -36.100  -47.006  70.066 0.2000000030
48784  -36.822  -47.196  70.620 0.2000000030
44272  -34.548  -52.770  67.970 0.2000000030
43292  -34.249  -53.329  67.375 0.2000000030
48773  -36.528  -47.451  70.724 0.2000000030
45330  -42.911  -50.083  64.346 0.2000000030
45345  -40.618  -50.958  62.884 0.2000000030
45346  -41.495  -51.227  63.328 0.2000000030
128749  -42.136  -49.418  63.802 0.2000000030
45363  -39.258  -51.436  62.490 0.2000000030
45361  -37.778  -52.096  62.711 0.2000000030
44347  -36.241  -52.800  63.661 0.2000000030
44314  -35.571  -52.715  65.642 0.2000000030
44295  -35.540  -52.708  66.463 0.2000000030
47159  -40.841  -49.173  63.184 0.2000000030
47161  -42.803  -48.428  64.225 0.2000000030
48012  -41.068  -48.260  63.319 0.2000000030
46264  -38.811  -50.800  62.567 0.2000000030
48856  -41.196  -47.347  63.231 0.2000000030
55578  -54.253  -40.300  66.855 0.3000000119
55569  -52.911  -40.455  67.630 0.4000000060
55577  -53.172  -40.143  66.969 0.5000000000
148513  -51.549  -40.137  67.468 0.5000000000
62164  -52.923  -33.461  66.539 0.1000000015
62165  -53.767  -33.442  66.282 0.1000000015
134747  -54.652  -33.199  66.697 0.1000000015
62172  -53.073  -33.596  65.791 0.1000000015
142600  -53.751  -33.531  65.616 0.1000000015
137144  -54.685  -31.533  74.415 0.3000000119
64015  -54.837  -32.261  74.814 0.3000000119
131498  -51.926  -40.423  67.844 0.5000000000
56534  -49.787  -39.972  68.796 0.5000000000
57487  -49.171  -38.675  69.478 0.5000000000
63173  -55.511  -32.831  67.081 0.2000000030
62173  -54.524  -33.459  65.915 0.1000000015
62166  -55.576  -33.177  66.303 0.1000000015
130246  -52.500  -33.605  65.196 0.1000000015
123622  -54.188  -33.503  64.980 0.1000000015
123215  -55.213  -33.443  65.405 0.1000000015
62180  -52.750  -33.357  64.505 0.1000000015
63188  -53.197  -32.937  63.973 0.1000000015
62191  -54.258  -33.311  64.012 0.1000000015
54357  -48.919  -41.237  83.501 0.1000000015
53320  -49.487  -41.050  82.758 0.2000000030
53338  -48.917  -42.902  82.742 0.2000000030
61059  -53.579  -34.503  75.291 0.3000000119
60114  -53.988  -35.592  75.231 0.3000000119
59216  -54.087  -36.282  74.794 0.3000000119
61060  -54.136  -34.798  75.356 0.3000000119
124997  -54.172  -33.948  75.379 0.3000000119
61061  -54.403  -34.906  74.928 0.3000000119
62064  -54.763  -33.279  75.050 0.3000000119
63066  -54.739  -32.766  75.239 0.3000000119
63987  -54.657  -32.073  75.577 0.2000000030
127123  -54.694  -30.837  75.093 0.2000000030
63998  -54.930  -32.163  75.082 0.3000000119
64025  -54.501  -30.900  73.634 0.2000000030
130580  -52.524  -31.736  71.410 0.1000000015
57474  -49.683  -38.487  70.264 0.4000000060
132738  -53.166  -30.857  70.154 0.2000000030
64053  -54.886  -30.827  69.096 0.2000000030
130433  -49.294  -37.931  69.826 0.4000000060
145326  -50.549  -35.298  70.601 0.3000000119
64064  -56.346  -31.559  68.319 0.1000000015
64063  -55.368  -31.531  68.421 0.3000000119
64065  -56.933  -31.432  68.222 0.2000000030
63158  -55.860  -32.097  67.934 0.2000000030
63159  -56.592  -31.935  67.830 0.2000000030
63171  -56.754  -32.183  67.309 0.2000000030
63170  -56.142  -32.375  67.450 0.2000000030
62168  -56.950  -32.534  65.841 0.2000000030
62167  -56.444  -32.825  66.103 0.1000000015
51273  -49.035  -43.731  81.835 0.2000000030
50413  -48.124  -46.038  81.285 0.3000000119
147349  -53.035  -35.010  75.207 0.3000000119
62062  -53.193  -33.192  75.086 0.3000000119
60113  -53.646  -35.390  75.409 0.3000000119
132860  -54.079  -33.292  75.582 0.2000000030
63986  -54.192  -31.710  76.108 0.2000000030
64885  -54.705  -31.574  75.440 0.1000000015
123830  -54.559  -30.575  75.607 0.2000000030
66751  -54.821  -27.373  74.953 0.1000000015
124103  -54.674  -30.046  74.530 0.1000000015
65818  -54.766  -29.010  74.166 0.1000000015
65817  -54.735  -29.540  73.631 0.1000000015
67701  -55.961  -26.690  73.524 0.1000000015
64906  -54.317  -30.157  72.616 0.1000000015
64914  -54.492  -29.830  71.443 0.1000000015
64930  -54.565  -30.344  69.841 0.1000000015
66764  -56.022  -27.570  72.966 0.1000000015
138744  -55.211  -29.052  72.560 0.1000000015
142726  -55.782  -28.978  71.587 0.1000000015
64923  -55.888  -29.823  70.205 0.1000000015
64054  -55.913  -30.917  68.874 0.1000000015
64074  -57.058  -31.726  67.715 0.1000000015
63175  -56.858  -32.358  66.635 0.2000000030
63178  -57.245  -32.258  65.509 0.2000000030
62183  -55.856  -33.452  64.847 0.1000000015
146596  -54.813  -33.177  63.490 0.1000000015
122979  -55.434  -33.470  63.896 0.1000000015
63189  -54.074  -32.740  63.545 0.1000000015
52329  -49.575  -42.887  82.038 0.2000000030
52341  -49.677  -43.014  81.424 0.2000000030
51290  -49.140  -43.793  81.407 0.2000000030
123520  -48.498  -45.126  81.017 0.3000000119
61073  -51.279  -34.296  73.641 0.3000000119
127449  -52.140  -34.975  74.339 0.3000000119
61058  -52.301  -33.859  74.450 0.3000000119
63063  -52.658  -31.956  75.782 0.2000000030
63064  -53.695  -32.007  76.052 0.2000000030
127163  -50.759  -30.388  74.263 0.2000000030
64897  -51.517  -29.804  74.262 0.2000000030
63968  -53.586  -30.956  76.701 0.2000000030
65815  -51.642  -29.501  73.335 0.1000000015
65816  -52.058  -29.115  74.323 0.1000000015
66750  -52.543  -28.211  74.449 0.1000000015
63969  -54.389  -31.127  76.031 0.2000000030
66770  -50.826  -28.538  72.437 0.1000000015
66763  -52.057  -28.048  73.500 0.1000000015
67700  -52.306  -27.356  74.176 0.1000000015
66742  -53.215  -28.060  75.834 0.1000000015
66734  -53.707  -28.709  76.428 0.1000000015
65786  -53.981  -29.415  76.494 0.1000000015
67699  -51.595  -26.910  73.689 0.1000000015
67682  -52.031  -26.168  74.515 0.1000000015
67671  -53.540  -26.732  75.622 0.1000000015
135566  -54.457  -27.772  75.580 0.1000000015
148326  -51.444  -24.774  73.158 0.1000000015
68595  -53.288  -25.177  75.326 0.1000000015
68597  -54.113  -25.969  75.588 0.1000000015
69590  -52.015  -24.727  72.982 0.1000000015
69579  -53.606  -24.833  74.571 0.1000000015
67685  -55.444  -26.694  74.281 0.1000000015
68626  -53.239  -25.345  73.170 0.1000000015
68628  -56.207  -25.812  73.173 0.1000000015
66772  -56.157  -28.357  72.184 0.1000000015
125950  -56.597  -28.658  71.182 0.1000000015
64933  -57.035  -30.333  69.252 0.1000000015
64055  -56.734  -30.947  68.737 0.1000000015
68627  -54.519  -25.763  72.920 0.1000000015
69592  -55.297  -25.602  73.426 0.1000000015
68618  -56.379  -26.080  73.074 0.1000000015
66782  -56.986  -27.952  71.580 0.1000000015
65842  -57.008  -29.135  70.430 0.1000000015
64066  -57.260  -31.174  68.106 0.1000000015
64077  -57.177  -31.923  67.113 0.2000000030
63176  -57.230  -32.036  66.335 0.2000000030
63181  -57.128  -32.787  65.172 0.1000000015
126929  -57.427  -32.010  65.022 0.1000000015
62192  -56.290  -33.470  63.371 0.1000000015
62184  -57.132  -33.153  64.472 0.1000000015
64963  -52.833  -30.922  63.356 0.1000000015
64089  -54.119  -31.964  63.176 0.1000000015
63190  -55.476  -33.286  63.108 0.1000000015
62185  -57.478  -33.012  63.741 0.1000000015
64964  -53.554  -31.264  63.246 0.1000000015
62199  -56.154  -33.338  62.752 0.1000000015
53353  -49.965  -42.079  81.538 0.2000000030
55376  -49.537  -40.733  82.151 0.2000000030
53367  -49.840  -42.352  80.872 0.2000000030
52349  -49.487  -43.379  80.828 0.3000000119
51326  -48.603  -43.894  79.698 0.3000000119
58369  -49.876  -36.610  72.729 0.3000000119
58368  -49.107  -36.948  72.204 0.3000000119
60143  -50.304  -35.232  72.846 0.3000000119
60126  -51.153  -35.215  73.509 0.3000000119
62061  -51.967  -32.873  74.534 0.3000000119
63965  -50.495  -32.057  77.579 0.2000000030
144764  -50.305  -31.312  77.166 0.2000000030
63078  -52.546  -32.456  75.106 0.3000000119
64872  -49.863  -30.832  76.215 0.2000000030
64873  -50.622  -30.667  76.798 0.2000000030
64861  -51.055  -31.283  77.524 0.2000000030
64862  -51.408  -30.471  77.369 0.2000000030
63967  -52.963  -31.093  77.230 0.2000000030
64882  -49.836  -30.709  74.896 0.2000000030
64874  -51.109  -29.970  76.338 0.2000000030
63955  -52.384  -30.769  77.756 0.2000000030
65802  -51.800  -29.358  75.578 0.2000000030
65803  -52.505  -28.716  75.365 0.2000000030
65784  -52.726  -29.325  77.253 0.2000000030
65785  -53.198  -29.478  77.187 0.2000000030
67710  -51.242  -27.697  73.035 0.1000000015
65793  -52.616  -28.930  76.577 0.1000000015
64864  -53.740  -30.236  76.712 0.2000000030
67698  -50.699  -26.440  73.213 0.1000000015
69578  -51.376  -24.896  73.678 0.1000000015
68625  -52.636  -25.831  72.413 0.1000000015
64940  -57.167  -30.801  68.621 0.1000000015
69599  -55.707  -25.705  72.366 0.1000000015
67722  -57.194  -26.473  71.359 0.1000000015
65843  -57.299  -28.361  70.816 0.1000000015
64934  -57.424  -30.104  69.062 0.1000000015
125400  -57.536  -30.760  67.953 0.1000000015
64082  -57.599  -32.167  64.019 0.1000000015
64097  -54.868  -31.872  62.698 0.1000000015
63197  -55.625  -32.772  62.518 0.1000000015
62193  -57.047  -33.395  63.554 0.1000000015
64096  -54.209  -31.099  62.878 0.1000000015
63196  -54.804  -32.701  63.053 0.1000000015
54377  -49.569  -41.124  81.519 0.1000000015
54394  -49.804  -41.619  81.105 0.1000000015
53366  -49.572  -41.878  80.345 0.1000000015
52348  -49.253  -43.366  80.093 0.3000000119
52424  -45.387  -43.535  73.445 0.3000000119
52440  -45.704  -43.117  72.805 0.2000000030
54507  -46.315  -41.710  71.895 0.2000000030
59246  -49.152  -35.985  72.264 0.3000000119
60099  -48.403  -36.142  75.595 0.2000000030
59247  -49.902  -35.799  72.636 0.3000000119
61091  -49.842  -34.532  72.914 0.3000000119
61028  -49.978  -34.441  77.533 0.2000000030
61057  -49.622  -33.844  74.599 0.2000000030
62059  -50.395  -33.307  75.268 0.2000000030
62078  -50.305  -33.476  74.036 0.3000000119
145409  -49.869  -33.367  77.951 0.2000000030
62044  -50.392  -33.616  76.996 0.2000000030
62045  -50.873  -32.669  75.977 0.3000000119
62060  -51.059  -32.919  74.632 0.3000000119
63964  -49.520  -31.605  76.914 0.2000000030
63031  -50.818  -32.363  77.501 0.2000000030
63046  -51.217  -32.346  76.994 0.2000000030
63954  -51.310  -31.575  77.509 0.2000000030
63966  -52.099  -31.171  77.660 0.2000000030
136179  -51.956  -31.836  76.568 0.2000000030
63984  -52.633  -31.465  76.864 0.2000000030
68624  -50.011  -26.128  72.610 0.1000000015
69588  -50.090  -25.402  72.270 0.1000000015
125021  -50.635  -25.153  72.117 0.1000000015
68637  -52.635  -26.646  71.585 0.1000000015
68639  -54.731  -26.035  71.788 0.1000000015
69606  -56.772  -25.959  71.136 0.1000000015
67733  -57.647  -26.810  70.471 0.1000000015
65849  -57.724  -29.235  69.411 0.1000000015
64941  -57.445  -30.497  68.479 0.1000000015
64075  -57.369  -31.392  67.543 0.1000000015
64949  -57.716  -30.860  67.329 0.1000000015
64080  -57.607  -31.579  65.877 0.2000000030
63191  -57.856  -32.814  62.850 0.1000000015
62200  -56.869  -33.416  62.734 0.1000000015
63205  -56.202  -32.649  61.927 0.1000000015
139382  -45.357  -42.469  72.598 0.2000000030
54515  -45.815  -40.910  71.622 0.2000000030
55519  -46.417  -40.228  71.494 0.2000000030
60124  -47.882  -35.540  73.024 0.2000000030
60141  -48.507  -35.533  72.598 0.3000000119
60110  -47.929  -35.663  74.051 0.2000000030
61071  -49.632  -34.097  73.569 0.3000000119
60125  -48.382  -35.084  73.476 0.2000000030
61056  -48.947  -34.452  74.011 0.3000000119
67708  -49.475  -26.779  72.182 0.1000000015
66769  -49.826  -27.937  72.154 0.1000000015
69598  -51.474  -25.408  72.028 0.1000000015
68651  -53.805  -26.576  71.196 0.1000000015
68640  -55.833  -25.761  71.400 0.1000000015
129655  -57.442  -26.341  69.949 0.1000000015
66802  -58.227  -27.451  69.107 0.1000000015
123033  -57.775  -29.691  68.793 0.1000000015
65863  -58.192  -29.119  68.270 0.1000000015
64950  -57.915  -30.062  67.776 0.1000000015
64952  -57.922  -30.849  66.553 0.1000000015
63199  -57.494  -33.219  62.761 0.1000000015
64977  -55.653  -30.888  61.751 0.1000000015
127972  -57.357  -33.198  61.974 0.1000000015
141144  -55.666  -30.085  61.250 0.1000000015
64102  -56.285  -31.919  61.486 0.1000000015
66902  -53.338  -28.454  60.554 0.1000000015
65919  -54.852  -29.256  61.145 0.1000000015
66921  -52.960  -28.153  59.866 0.1000000015
56480  -45.832  -39.443  71.742 0.2000000030
67707  -48.848  -26.323  71.551 0.1000000015
68647  -48.327  -26.015  70.771 0.1000000015
68636  -50.551  -25.614  71.394 0.1000000015
68652  -54.925  -26.119  70.611 0.1000000015
68663  -56.472  -26.226  70.021 0.1000000015
68666  -57.858  -26.672  69.238 0.1000000015
65850  -58.163  -28.618  68.991 0.1000000015
66821  -58.422  -27.815  68.411 0.1000000015
64103  -57.023  -32.279  60.797 0.1000000015
63206  -57.039  -32.954  61.402 0.1000000015
64990  -55.810  -29.639  60.555 0.1000000015
64978  -56.419  -31.009  60.967 0.1000000015
142181  -53.706  -28.342  59.902 0.1000000015
65931  -55.199  -28.878  60.176 0.1000000015
147308  -56.172  -30.239  60.755 0.1000000015
66942  -53.609  -28.219  59.020 0.1000000015
65942  -56.102  -29.455  59.686 0.1000000015
69587  -49.609  -25.639  71.615 0.1000000015
68648  -48.971  -25.734  70.796 0.1000000015
68635  -49.987  -25.470  71.561 0.1000000015
68650  -50.509  -26.174  70.732 0.1000000015
67720  -51.472  -26.587  71.071 0.1000000015
68671  -56.824  -26.526  69.331 0.1000000015
68664  -57.399  -26.355  69.818 0.1000000015
68679  -57.745  -26.712  68.421 0.1000000015
67758  -58.021  -26.896  68.472 0.1000000015
66837  -58.535  -28.148  67.817 0.1000000015
67768  -57.955  -26.927  67.501 0.1000000015
66847  -58.625  -27.857  67.053 0.1000000015
132806  -58.333  -29.826  66.272 0.1000000015
64083  -57.708  -31.292  64.884 0.1000000015
64090  -58.007  -32.004  63.032 0.1000000015
67774  -58.334  -27.084  66.715 0.1000000015
67769  -58.337  -27.319  67.663 0.1000000015
65891  -58.505  -28.911  66.744 0.1000000015
64115  -57.703  -32.456  60.263 0.1000000015
63208  -58.158  -32.828  60.986 0.1000000015
136098  -57.148  -31.779  60.295 0.1000000015
63220  -58.071  -32.738  60.525 0.1000000015
65943  -57.051  -30.327  59.074 0.1000000015
64991  -56.797  -30.608  60.059 0.1000000015
64116  -58.236  -32.321  59.873 0.1000000015
67756  -56.143  -27.241  68.860 0.1000000015
67757  -57.138  -26.728  68.580 0.1000000015
67766  -56.385  -27.521  68.090 0.1000000015
64955  -58.072  -30.620  65.668 0.1000000015
142135  -58.473  -29.617  65.552 0.1000000015
124298  -57.962  -31.197  63.915 0.1000000015
64099  -58.189  -32.484  61.884 0.1000000015
145714  -58.734  -28.095  66.505 0.1000000015
125881  -58.220  -31.627  62.445 0.1000000015
64104  -58.399  -32.340  60.820 0.1000000015
65944  -57.959  -31.583  58.405 0.1000000015
65006  -57.631  -31.414  59.188 0.1000000015
127085  -58.613  -31.678  58.111 0.1000000015
65007  -58.395  -31.918  59.045 0.1000000015
67767  -57.415  -26.889  67.811 0.1000000015
64965  -58.272  -30.240  63.628 0.1000000015
145488  -58.087  -31.154  63.118 0.1000000015
65904  -58.696  -29.025  64.169 0.1000000015
127183  -58.409  -31.614  61.601 0.1000000015
145081  -58.624  -30.657  60.857 0.1000000015
64117  -58.455  -32.167  60.022 0.1000000015
64993  -58.674  -31.681  59.603 0.1000000015
64133  -58.484  -31.973  59.437 0.1000000015
128863  -57.632  -26.937  67.052 0.1000000015
130536  -58.309  -30.588  62.526 0.1000000015
65907  -58.526  -29.266  63.161 0.1000000015
139087  -58.524  -30.638  61.484 0.1000000015
134852  -58.734  -30.610  60.186 0.1000000015
66885  -59.006  -28.011  63.701 0.1000000015
66888  -58.839  -28.307  62.708 0.1000000015
65912  -58.498  -29.522  62.132 0.1000000015
66894  -58.671  -28.626  61.675 0.1000000015
129672  -20.988  -56.991  91.681 0.1000000015
131967  -20.942  -56.863  90.602 0.1000000015
40395  -20.169  -56.854  91.037 0.1000000015
146436  -21.608  -56.744  89.583 0.1000000015
40447  -21.840  -56.287  88.073 0.1000000015
63137  -51.630  -32.802  70.825 0.2000000030
63097  -54.355  -32.647  73.612 0.3000000119
64044  -53.044  -30.932  71.138 0.2000000030
64043  -52.508  -31.398  70.364 0.2000000030
63115  -53.065  -32.348  72.220 0.3000000119
64051  -52.964  -31.335  69.212 0.2000000030
64905  -53.939  -31.083  72.920 0.2000000030
62149  -51.917  -32.775  67.935 0.2000000030
63138  -51.940  -32.100  70.647 0.2000000030
64913  -53.669  -30.465  71.896 0.1000000015
63146  -52.022  -31.897  69.605 0.2000000030
63156  -53.418  -31.951  68.178 0.2000000030
63982  -48.754  -31.631  76.013 0.2000000030
62022  -50.275  -32.997  77.753 0.2000000030
65823  -50.651  -29.635  72.114 0.1000000015
62021  -49.532  -33.937  78.026 0.2000000030
60100  -49.101  -35.606  76.268 0.2000000030
59227  -47.471  -36.142  73.334 0.2000000030
57459  -46.334  -38.720  71.680 0.2000000030
60077  -49.362  -34.991  77.591 0.2000000030
63997  -49.268  -31.282  74.297 0.2000000030
132951  -10.765  -61.061  95.926 0.2000000030
35631  -11.699  -61.037  95.180 0.2000000030
35633  -13.738  -60.534  95.175 0.2000000030
134424  -15.850  -60.068  95.033 0.2000000030
39455  -23.098  -57.907  93.749 0.2000000030
52433  -34.834  -43.569  71.927 0.3000000119
52461  -35.284  -43.497  70.296 0.3000000119
46159  -37.110  -49.188  71.258 0.2000000030
49658  -36.281  -46.400  69.541 0.2000000030
44331  -36.023  -52.296  64.315 0.2000000030
44330  -35.590  -53.001  64.258 0.2000000030
145356  -37.432  -51.775  62.989 0.2000000030
44348  -37.060  -52.306  63.159 0.2000000030
45296  -36.961  -51.734  65.959 0.2000000030
46251  -37.454  -50.744  63.434 0.2000000030
145307  -38.246  -51.043  62.661 0.2000000030
47169  -40.061  -49.677  62.799 0.2000000030
129696  -40.803  -46.670  63.177 0.2000000030
52296  -48.157  -43.003  83.453 0.1000000015
35626  -11.310  -61.031  95.851 0.2000000030
36595  -16.662  -60.067  94.689 0.4000000060
46266  -40.110  -50.377  62.703 0.2000000030
49667  -31.372  -46.700  68.465 0.2000000030
51272  -48.380  -44.394  82.132 0.2000000030
53449  -46.993  -42.423  72.352 0.2000000030
56482  -46.990  -39.570  71.374 0.2000000030
54516  -46.749  -40.947  71.667 0.2000000030
58381  -47.211  -37.446  71.673 0.2000000030
59245  -48.281  -36.449  71.976 0.3000000119
58382  -47.814  -37.148  71.705 0.2000000030
50524  -31.485  -45.265  70.312 0.2000000030
59244  -47.754  -36.096  72.491 0.2000000030
36588  -18.019  -59.698  95.180 0.2000000030
39454  -22.238  -57.916  93.908 0.2000000030
52445  -34.673  -43.561  71.029 0.3000000119
48013  -42.050  -47.851  63.552 0.2000000030
51311  -48.862  -44.137  80.605 0.3000000119
56500  -49.683  -39.354  70.038 0.4000000060
60115  -54.353  -35.674  74.547 0.3000000119
58391  -49.885  -37.506  70.408 0.4000000060
127077  -51.054  -35.025  71.038 0.3000000119
134232  -53.777  -32.013  72.963 0.3000000119
63130  -52.292  -32.773  71.494 0.2000000030
39481  -22.375  -57.292  93.155 0.2000000030
36587  -16.471  -59.777  95.421 0.3000000119
141610  -16.781  -59.658  95.449 0.1000000015
39466  -20.605  -57.609  94.143 0.2000000030
39467  -21.423  -57.804  94.211 0.2000000030
39469  -23.944  -57.808  93.361 0.2000000030
39478  -18.369  -57.377  93.183 0.1000000015
40384  -18.864  -57.040  92.309 0.1000000015
132004  -24.607  -57.623  92.911 0.2000000030
40405  -17.225  -56.739  90.574 0.1000000015
40406  -18.126  -56.666  90.789 0.1000000015
40407  -19.449  -56.676  90.599 0.1000000015
40397  -22.606  -57.088  91.477 0.1000000015
40403  -15.867  -57.104  90.113 0.1000000015
40422  -18.710  -56.523  90.263 0.1000000015
40424  -20.224  -56.447  89.495 0.1000000015
40420  -16.282  -56.743  89.512 0.1000000015
132731  -17.797  -56.317  89.315 0.1000000015
39532  -23.862  -57.212  87.882 0.1000000015
39533  -24.503  -57.771  87.437 0.1000000015
41301  -20.241  -55.941  88.252 0.1000000015
41302  -21.059  -56.099  88.231 0.1000000015
41339  -19.537  -55.093  86.137 0.1000000015
41329  -22.688  -55.968  85.968 0.1000000015
40462  -23.973  -57.058  86.139 0.1000000015
41328  -21.305  -55.432  86.229 0.1000000015
142845  -17.453  -58.034  95.138 0.1000000015
36582  -15.747  -59.762  95.473 0.2000000030
140722  -17.126  -58.361  95.258 0.1000000015
37585  -16.705  -59.024  95.634 0.1000000015
145965  -19.209  -57.848  95.091 0.1000000015
38477  -15.403  -58.623  94.989 0.1000000015
39460  -15.403  -58.349  93.279 0.1000000015
38465  -15.724  -58.891  95.501 0.1000000015
147090  -17.187  -57.874  94.112 0.1000000015
39449  -17.720  -57.834  94.675 0.1000000015
39450  -18.501  -57.780  94.989 0.1000000015
126811  -14.805  -57.958  91.248 0.1000000015
40398  -23.073  -57.042  90.964 0.1000000015
143924  -22.397  -56.977  90.531 0.1000000015
40410  -23.044  -57.138  90.147 0.1000000015
41312  -18.409  -55.749  87.420 0.1000000015
39520  -13.544  -57.383  88.261 0.1000000015
143579  -15.175  -56.527  87.873 0.1000000015
38454  -15.171  -59.035  95.648 0.1000000015
38487  -13.712  -58.745  93.243 0.1000000015
38488  -14.617  -58.603  93.235 0.1000000015
38485  -12.165  -59.043  94.222 0.1000000015
38496  -12.759  -58.799  92.408 0.1000000015
38497  -13.418  -58.662  92.451 0.1000000015
38516  -12.473  -58.482  89.965 0.1000000015
141700  -12.146  -58.616  89.567 0.1000000015
39529  -12.858  -57.853  87.889 0.1000000015
39531  -14.039  -56.959  87.695 0.1000000015
39545  -14.008  -56.737  86.982 0.1000000015
37580  -12.167  -59.981  96.327 0.1000000015
36578  -11.525  -60.167  96.280 0.2000000030
38474  -12.938  -58.918  94.628 0.1000000015
38462  -12.888  -59.100  95.547 0.2000000030
37587  -12.371  -59.550  96.027 0.2000000030
50532  -31.884  -45.453  69.404 0.2000000030
51441  -33.465  -44.126  71.232 0.3000000119
50546  -32.430  -45.867  68.657 0.2000000030
49668  -32.130  -46.565  68.329 0.2000000030
137006  -34.322  -53.158  69.123 0.2000000030
51442  -34.118  -43.839  71.653 0.3000000119
52460  -34.469  -43.718  70.176 0.2000000030
51465  -34.234  -44.262  69.387 0.2000000030
42436  -35.157  -54.841  64.819 0.2000000030
41566  -36.349  -55.343  63.942 0.2000000030
42465  -35.848  -54.071  63.770 0.2000000030
42466  -36.393  -54.509  63.594 0.2000000030
135698  -33.273  -45.697  68.600 0.2000000030
43309  -34.926  -53.414  65.900 0.2000000030
42399  -33.902  -54.361  67.283 0.2000000030
48802  -34.043  -46.854  68.631 0.2000000030
45347  -42.293  -51.324  63.722 0.2000000030
43367  -40.212  -53.183  62.798 0.2000000030
45364  -39.973  -51.659  62.625 0.2000000030
44349  -40.782  -51.913  62.956 0.2000000030
44369  -38.502  -52.575  62.535 0.2000000030
44370  -39.291  -52.151  62.533 0.2000000030
42467  -37.150  -54.057  63.123 0.2000000030
138192  -36.830  -53.198  63.138 0.2000000030
46255  -42.231  -50.306  63.762 0.2000000030
46253  -40.752  -50.047  62.991 0.2000000030
46254  -41.445  -50.317  63.349 0.2000000030
45362  -38.495  -51.621  62.553 0.2000000030
46263  -37.749  -51.293  62.845 0.2000000030
47160  -41.879  -48.642  63.699 0.2000000030
133804  -52.527  -39.836  66.524 0.5000000000
55567  -50.167  -39.928  67.951 0.5000000000
63174  -56.286  -32.640  66.866 0.2000000030
123163  -53.286  -33.553  65.073 0.1000000015
64898  -54.647  -30.705  74.308 0.1000000015
147944  -55.431  -32.471  67.538 0.2000000030
62179  -51.859  -33.463  64.572 0.1000000015
62174  -56.036  -33.255  65.618 0.1000000015
62182  -54.959  -33.489  64.583 0.1000000015
53319  -48.968  -42.034  83.120 0.1000000015
132714  -54.503  -34.002  75.086 0.3000000119
62063  -54.435  -33.287  75.351 0.3000000119
64875  -54.303  -30.182  76.130 0.2000000030
65804  -54.627  -29.639  75.141 0.2000000030
64035  -53.201  -31.339  72.160 0.1000000015
64921  -53.882  -30.326  70.641 0.1000000015
64052  -53.862  -30.752  69.551 0.2000000030
64062  -54.165  -31.371  68.647 0.2000000030
64931  -55.455  -30.331  69.627 0.1000000015
59271  -49.673  -36.592  70.101 0.3000000119
61131  -51.111  -34.130  70.845 0.3000000119
62130  -51.149  -33.257  70.482 0.3000000119
64932  -56.367  -30.359  69.416 0.1000000015
62175  -56.701  -33.135  65.221 0.1000000015
63985  -53.388  -31.330  76.542 0.2000000030
65794  -54.446  -29.380  75.870 0.1000000015
123769  -54.557  -28.524  75.451 0.1000000015
65805  -54.730  -28.452  74.767 0.1000000015
67684  -55.069  -26.226  74.810 0.1000000015
66752  -55.255  -27.731  73.940 0.1000000015
65826  -55.298  -28.533  73.159 0.1000000015
135731  -54.602  -29.869  73.165 0.1000000015
68617  -55.716  -25.998  73.873 0.1000000015
65825  -54.992  -29.468  72.055 0.1000000015
65832  -55.357  -29.410  71.029 0.1000000015
64922  -54.898  -29.891  70.439 0.1000000015
66765  -56.477  -26.785  72.840 0.1000000015
65841  -56.252  -29.253  70.707 0.1000000015
64924  -56.713  -29.772  69.949 0.1000000015
64078  -57.515  -31.512  66.838 0.2000000030
126665  -56.500  -33.447  64.249 0.1000000015
128623  -52.422  -32.402  63.807 0.1000000015
64088  -53.187  -31.976  63.582 0.1000000015
66771  -51.708  -28.729  72.933 0.1000000015
67683  -52.850  -26.977  75.050 0.1000000015
66733  -53.200  -28.816  76.687 0.2000000030
67663  -54.159  -27.829  75.925 0.1000000015
68616  -51.238  -25.684  73.848 0.1000000015
68606  -52.826  -25.662  75.203 0.1000000015
68605  -51.927  -25.147  74.511 0.1000000015
67672  -53.988  -26.701  75.763 0.1000000015
128015  -52.694  -24.628  74.501 0.1000000015
145577  -51.219  -24.912  72.636 0.1000000015
69566  -54.168  -25.196  75.009 0.1000000015
69591  -54.038  -25.146  73.888 0.1000000015
69567  -55.014  -25.629  74.595 0.1000000015
69581  -55.619  -25.759  73.701 0.1000000015
69593  -56.237  -25.741  72.716 0.1000000015
66773  -56.726  -27.410  72.303 0.1000000015
65848  -57.274  -29.610  69.699 0.1000000015
68638  -53.595  -26.211  72.214 0.1000000015
68629  -56.494  -25.862  72.514 0.1000000015
67711  -56.828  -26.432  72.274 0.1000000015
66783  -57.483  -27.429  71.096 0.1000000015
67721  -57.197  -27.149  71.787 0.1000000015
122914  -57.582  -28.798  70.100 0.1000000015
64087  -52.055  -31.475  63.517 0.1000000015
145988  -50.575  -34.653  73.164 0.3000000119
62032  -50.556  -33.018  77.432 0.2000000030
65783  -51.966  -29.643  77.118 0.2000000030
64863  -52.891  -30.404  77.539 0.2000000030
68641  -56.554  -25.832  71.828 0.1000000015
68655  -57.138  -26.198  70.543 0.1000000015
67712  -56.757  -25.988  71.877 0.1000000015
66791  -57.817  -27.803  70.370 0.1000000015
140725  -57.738  -30.105  68.295 0.1000000015
63198  -56.575  -33.178  62.198 0.1000000015
53448  -45.997  -42.487  72.308 0.3000000119
60142  -49.434  -35.229  72.624 0.3000000119
61041  -49.283  -34.655  75.371 0.2000000030
61042  -49.965  -34.162  76.244 0.2000000030
67730  -52.305  -27.194  70.816 0.1000000015
68653  -56.077  -25.971  70.675 0.1000000015
68654  -56.954  -26.141  70.558 0.1000000015
68656  -57.613  -26.435  69.778 0.1000000015
66801  -58.064  -28.199  69.685 0.1000000015
64953  -58.105  -29.994  67.051 0.1000000015
54506  -45.404  -41.689  72.188 0.1000000015
67719  -48.941  -27.435  71.823 0.1000000015
68665  -57.663  -26.501  69.493 0.1000000015
66792  -58.028  -27.110  69.785 0.1000000015
64976  -54.947  -30.043  61.925 0.1000000015
66903  -54.227  -28.632  60.463 0.1000000015
67732  -53.994  -26.754  70.345 0.1000000015
68662  -55.524  -26.219  70.080 0.1000000015
68673  -57.752  -26.649  68.959 0.1000000015
65880  -58.365  -29.044  67.486 0.1000000015
66922  -54.447  -28.510  59.587 0.1000000015
66923  -55.378  -28.829  59.226 0.1000000015
64958  -58.270  -30.132  64.717 0.1000000015
63221  -58.272  -32.510  60.374 0.1000000015
64992  -57.713  -32.024  59.661 0.1000000015
64979  -58.608  -31.492  60.602 0.1000000015
65008  -58.709  -31.662  58.762 0.1000000015
131705  -58.776  -28.734  65.098 0.1000000015
65920  -58.579  -29.858  61.164 0.1000000015
135203  -58.818  -29.940  59.525 0.1000000015
56559  -56.087  -40.348  64.795 0.2000000030
56554  -55.406  -40.257  65.446 0.2000000030
123133  -51.082  -39.862  67.210 0.4000000060
60191  -49.050  -35.656  69.062 0.3000000119
58405  -48.740  -37.748  69.205 0.3000000119
60173  -49.569  -35.794  69.737 0.3000000119
59283  -48.585  -36.232  68.791 0.3000000119
61146  -50.166  -34.376  69.636 0.2000000030
140786  -44.871  -43.123  73.905 0.2000000030
52439  -45.051  -42.860  73.107 0.2000000030
58354  -46.691  -37.520  73.779 0.1000000015
145321  -48.155  -36.785  75.756 0.1000000015
55518  -45.746  -40.099  71.630 0.1000000015
57446  -46.179  -38.233  72.309 0.1000000015
58366  -46.594  -37.391  72.717 0.1000000015
59212  -47.616  -36.544  74.656 0.1000000015
51418  -45.154  -43.839  74.027 0.2000000030
56549  -54.591  -40.150  66.111 0.2000000030
58406  -49.188  -37.237  69.713 0.3000000119
140157  -50.193  -35.886  70.409 0.2000000030
60089  -49.154  -35.755  77.325 0.1000000015
127424  -49.094  -33.101  77.612 0.1000000015
132473  -45.426  -39.835  71.977 0.1000000015
62129  -50.571  -33.738  70.055 0.2000000030
63996  -48.558  -31.565  74.937 0.1000000015
56548  -53.427  -39.987  66.371 0.3000000119
56547  -51.656  -39.669  66.566 0.3000000119
61130  -50.541  -34.596  70.405 0.2000000030
56553  -54.307  -39.951  65.140 0.2000000030
142541  -53.461  -39.831  65.654 0.2000000030
56546  -50.691  -39.448  66.547 0.4000000060
61145  -49.642  -34.992  69.326 0.2000000030
59284  -48.975  -36.520  69.384 0.3000000119
58421  -48.293  -37.737  68.392 0.4000000060
59211  -47.229  -37.393  74.627 0.1000000015
125839  -11.565  -66.477  93.007 0.1000000015
32049  -11.180  -66.380  93.700 0.1000000015
31069  -12.009  -66.862  92.552 0.1000000015
35618  -9.488  -61.261  95.854 0.1000000015
35624  -9.235  -61.931  95.785 0.1000000015
32967  -11.126  -65.231  92.123 0.1000000015
32054  -11.709  -65.736  91.614 0.1000000015
34692  -8.794  -61.935  96.033 0.1000000015
35622  -7.882  -61.846  95.624 0.1000000015
143204  -10.724  -60.223  96.229 0.1000000015
37579  -11.314  -60.153  96.304 0.1000000015
37596  -9.853  -60.144  95.494 0.1000000015
37578  -10.215  -60.159  96.085 0.1000000015
36576  -10.158  -60.524  96.057 0.1000000015
36601  -9.108  -61.076  94.151 0.1000000015
148225  -10.383  -59.888  95.784 0.1000000015
46827  -34.655  -49.742  92.677 0.1000000015
47714  -35.018  -49.036  92.616 0.1000000015
47720  -36.173  -48.143  91.970 0.1000000015
48583  -36.615  -47.647  91.475 0.1000000015
47721  -37.618  -48.200  91.308 0.1000000015
49447  -37.012  -46.920  91.009 0.1000000015
49446  -36.414  -47.146  91.039 0.1000000015
138955  -37.555  -46.702  90.906 0.1000000015
49454  -36.861  -46.558  90.654 0.1000000015
50293  -37.963  -45.931  90.759 0.1000000015
50308  -38.415  -45.269  90.541 0.1000000015
50307  -37.930  -45.495  90.603 0.1000000015
34698  -9.688  -62.004  94.812 0.1000000015
35617  -8.777  -61.525  95.942 0.1000000015
35623  -8.556  -61.453  95.642 0.1000000015
35616  -8.058  -61.888  96.122 0.1000000015
36583  -9.083  -60.917  95.760 0.1000000015
35629  -8.460  -61.449  94.932 0.1000000015
36590  -8.900  -60.866  95.170 0.1000000015
36584  -9.707  -60.536  95.845 0.1000000015
48584  -37.108  -47.920  91.546 0.1000000015
50294  -38.469  -45.659  90.606 0.1000000015
142995  -38.809  -45.079  90.494 0.1000000015
35619  -10.339  -61.010  95.978 0.1000000015
36575  -9.404  -60.906  95.867 0.1000000015
143442  -37.200  -47.350  91.208 0.1000000015
49455  -37.459  -46.221  90.729 0.1000000015
53408  -47.206  -42.068  76.453 0.1000000015
124608  -52.080  -39.580  66.012 0.2000000030
56551  -51.305  -39.393  65.969 0.2000000030
57522  -49.986  -38.984  65.398 0.2000000030
53423  -44.776  -42.353  74.055 0.1000000015
57518  -49.914  -39.136  66.192 0.2000000030
56545  -49.891  -39.315  66.839 0.3000000119
57520  -48.479  -38.337  66.246 0.2000000030
57516  -48.403  -38.396  67.135 0.2000000030
54486  -45.021  -41.552  74.134 0.1000000015
57503  -49.034  -39.078  68.868 0.2000000030
56542  -49.480  -39.341  67.564 0.3000000119
56532  -48.897  -39.004  68.215 0.3000000119
57515  -48.830  -38.853  67.538 0.3000000119
58433  -48.018  -37.784  67.582 0.3000000119
58436  -47.954  -37.845  66.705 0.3000000119
58439  -47.977  -37.813  65.849 0.2000000030
53399  -47.825  -42.284  77.515 0.1000000015
53391  -48.512  -42.471  78.931 0.1000000015
54415  -49.012  -41.741  79.913 0.1000000015
52365  -48.033  -42.665  78.141 0.1000000015
53424  -45.190  -42.046  74.873 0.1000000015
146704  -45.360  -42.527  75.342 0.1000000015
53415  -44.871  -42.880  74.699 0.1000000015
55465  -45.511  -40.712  74.169 0.1000000015
54485  -44.718  -41.867  73.330 0.1000000015
53398  -47.560  -42.167  76.945 0.1000000015
53379  -49.083  -42.176  79.649 0.1000000015
53380  -49.542  -42.611  80.152 0.1000000015
53417  -47.076  -41.660  76.166 0.1000000015
53416  -46.148  -41.831  75.578 0.1000000015
59297  -48.164  -36.346  68.197 0.3000000119
54467  -47.376  -41.625  76.683 0.1000000015
142104  -51.718  -39.399  65.460 0.2000000030
143279  -50.593  -39.230  65.868 0.2000000030
60218  -48.200  -35.655  67.691 0.2000000030
59308  -47.780  -36.401  67.338 0.2000000030
61166  -49.199  -34.497  67.671 0.2000000030
136976  -48.433  -34.941  67.125 0.2000000030
61169  -49.289  -34.311  66.805 0.2000000030
60207  -48.598  -35.625  68.398 0.2000000030
145787  -49.732  -34.169  68.108 0.2000000030
146644  -51.993  -33.240  67.364 0.2000000030
62160  -52.722  -33.121  67.291 0.2000000030
62159  -51.367  -33.329  67.557 0.2000000030
63168  -53.691  -32.642  67.549 0.2000000030
135261  -49.889  -34.214  68.816 0.1000000015
62147  -50.437  -33.662  68.055 0.2000000030
63157  -54.709  -32.153  67.886 0.2000000030
63154  -51.541  -32.491  68.974 0.1000000015
63167  -52.782  -32.499  67.846 0.2000000030
62148  -51.042  -33.106  68.486 0.1000000015
63155  -52.390  -32.118  68.578 0.1000000015
62140  -50.926  -33.038  69.506 0.1000000015
62139  -50.400  -33.624  69.133 0.1000000015
63145  -51.407  -32.490  70.010 0.1000000015
62161  -53.741  -33.175  66.977 0.1000000015
61167  -49.955  -33.956  67.378 0.2000000030
62158  -50.896  -33.652  67.038 0.2000000030
19299  -33.853  -78.956  72.484 0.1000000015
20140  -34.336  -78.342  72.662 0.1000000015
20141  -34.517  -77.669  72.700 0.1000000015
20136  -34.219  -78.359  73.113 0.1000000015
20122  -34.052  -78.081  73.383 0.1000000015
132211  -34.394  -77.325  72.091 0.1000000015
20995  -34.608  -77.374  73.017 0.1000000015
20979  -34.301  -77.330  73.466 0.1000000015
21956  -34.493  -76.757  73.426 0.1000000015
21945  -34.379  -76.707  73.627 0.1000000015
20993  -32.368  -77.518  72.634 0.1000000015
20994  -33.214  -77.369  73.144 0.1000000015
21943  -33.683  -76.750  73.679 0.1000000015
21955  -32.639  -76.720  72.912 0.1000000015
133730  -34.347  -76.193  74.084 0.1000000015
23876  -30.535  -75.008  72.327 0.1000000015
22892  -34.411  -75.956  72.968 0.1000000015
143826  -34.328  -75.829  74.243 0.1000000015
23859  -34.484  -75.798  73.860 0.1000000015
23845  -33.742  -75.114  75.163 0.1000000015
22890  -32.905  -76.250  73.468 0.1000000015
22889  -32.094  -75.985  72.711 0.1000000015
22877  -32.578  -75.692  73.706 0.1000000015
22878  -33.673  -75.993  74.294 0.1000000015
22866  -33.984  -75.482  74.765 0.1000000015
23864  -30.188  -74.185  72.593 0.1000000015
23865  -31.028  -74.605  73.320 0.1000000015
23857  -32.074  -75.068  74.096 0.1000000015
23844  -33.245  -74.909  75.594 0.1000000015
24746  -33.751  -74.741  75.040 0.1000000015
45317  -48.745  -50.354  66.009 0.1000000015
128891  -28.541  -72.835  71.549 0.1000000015
24755  -30.577  -73.840  73.655 0.1000000015
23856  -31.482  -74.460  74.546 0.1000000015
24766  -33.581  -74.383  72.952 0.1000000015
24765  -33.201  -73.731  73.150 0.1000000015
45318  -49.713  -50.956  66.041 0.1000000015
24744  -30.868  -73.846  74.980 0.1000000015
24756  -33.308  -73.834  74.420 0.1000000015
46209  -48.928  -49.772  67.083 0.1000000015
25682  -32.603  -73.103  72.543 0.1000000015
44303  -48.093  -52.172  67.299 0.1000000015
45284  -48.467  -50.439  67.505 0.1000000015
46227  -49.244  -50.031  66.716 0.1000000015
44318  -50.167  -52.047  65.325 0.1000000015
25673  -32.681  -73.066  73.427 0.1000000015
45302  -49.747  -50.033  67.185 0.1000000015
45319  -50.679  -51.426  66.048 0.1000000015
144782  -50.152  -50.459  66.739 0.1000000015
45285  -49.231  -50.570  67.738 0.1000000015
45336  -48.245  -51.064  65.195 0.1000000015
45316  -47.715  -49.818  65.816 0.1000000015
126740  -47.599  -49.691  66.438 0.1000000015
131816  -32.462  -74.842  75.416 0.1000000015
140241  -47.635  -49.773  66.789 0.1000000015
46226  -48.379  -49.740  66.604 0.1000000015
140357  -31.715  -74.474  75.940 0.1000000015
45301  -47.286  -50.361  66.912 0.1000000015
46208  -48.195  -49.669  66.962 0.1000000015
45337  -49.198  -51.606  65.290 0.1000000015
44336  -48.701  -52.216  64.488 0.1000000015
44338  -50.660  -52.628  64.476 0.1000000015
139819  -30.267  -73.245  75.570 0.1000000015
130327  -31.106  -73.992  76.431 0.1000000015
23829  -32.741  -74.447  76.245 0.1000000015
25664  -32.986  -73.561  75.201 0.1000000015
42418  -47.111  -53.734  66.272 0.1000000015
44302  -47.381  -51.757  66.943 0.1000000015
44337  -49.672  -52.488  64.501 0.1000000015
44319  -51.168  -52.246  65.291 0.1000000015
44339  -51.655  -52.620  64.452 0.1000000015
127467  -29.514  -72.319  74.788 0.1000000015
26550  -32.333  -72.387  73.850 0.1000000015
43311  -47.621  -53.005  66.757 0.1000000015
27460  -31.640  -70.857  74.003 0.1000000015
41411  -38.583  -55.190  79.070 0.1000000015
41422  -37.112  -55.490  78.622 0.1000000015
142670  -37.153  -56.641  78.118 0.1000000015
24745  -33.288  -74.267  75.601 0.1000000015
24723  -32.446  -74.247  76.693 0.1000000015
44301  -46.695  -51.327  66.585 0.1000000015
44335  -47.800  -51.820  64.379 0.1000000015
128151  -51.191  -52.853  63.599 0.1000000015
25651  -30.392  -73.476  77.018 0.1000000015
23820  -32.221  -74.349  76.740 0.1000000015
42439  -46.620  -54.440  65.874 0.1000000015
43329  -46.408  -53.389  65.922 0.1000000015
45351  -46.902  -51.373  64.186 0.1000000015
44354  -47.459  -52.361  63.552 0.1000000015
44355  -48.305  -52.611  63.656 0.1000000015
44356  -49.220  -52.825  63.644 0.1000000015
44357  -50.211  -52.914  63.589 0.1000000015
25662  -29.633  -72.653  76.225 0.1000000015
25663  -32.474  -72.801  75.183 0.1000000015
41555  -46.184  -55.137  65.643 0.1000000015
44373  -46.281  -52.611  62.295 0.1000000015
44353  -46.560  -52.157  63.328 0.1000000015
44320  -52.195  -52.210  65.212 0.1000000015
26533  -28.587  -70.958  74.865 0.1000000015
26522  -29.118  -72.053  76.778 0.1000000015
26535  -31.864  -71.853  74.443 0.1000000015
45320  -51.720  -51.662  66.020 0.1000000015
136505  -28.299  -70.263  74.489 0.1000000015
38889  -42.818  -58.545  66.701 0.1000000015
28367  -28.151  -69.583  74.143 0.1000000015
27430  -30.971  -71.169  76.611 0.1000000015
27444  -31.533  -71.209  75.263 0.1000000015
38870  -41.548  -58.601  67.359 0.1000000015
28339  -31.300  -70.178  75.663 0.1000000015
38789  -38.724  -58.324  71.507 0.1000000015
38826  -39.163  -58.475  69.379 0.1000000015
38766  -38.300  -58.186  72.293 0.1000000015
38806  -38.287  -58.322  70.750 0.1000000015
40578  -38.365  -56.937  75.354 0.1000000015
39677  -37.964  -57.610  73.641 0.1000000015
41441  -38.803  -55.484  76.886 0.1000000015
41433  -39.314  -54.817  77.780 0.1000000015
40562  -34.870  -56.380  76.788 0.1000000015
38721  -33.110  -58.480  76.504 0.1000000015
39652  -33.890  -58.022  76.874 0.1000000015
40552  -35.502  -56.965  77.549 0.1000000015
37788  -33.586  -59.985  78.208 0.1000000015
133200  -34.074  -60.022  78.371 0.1000000015
134822  -34.605  -58.390  77.348 0.1000000015
36788  -33.786  -60.780  79.144 0.1000000015
45335  -47.332  -50.524  64.993 0.1000000015
46225  -46.867  -49.545  65.811 0.1000000015
46245  -46.949  -49.789  65.384 0.1000000015
45300  -46.608  -50.263  66.474 0.1000000015
44300  -46.067  -50.772  66.241 0.1000000015
43328  -45.680  -52.972  65.650 0.1000000015
25642  -32.084  -73.955  77.160 0.1000000015
137772  -45.184  -54.653  65.133 0.1000000015
44377  -50.809  -52.937  62.593 0.1000000015
44358  -51.820  -52.763  62.862 0.1000000015
128398  -52.047  -52.735  63.700 0.1000000015
24721  -31.365  -73.879  77.389 0.1000000015
25652  -32.124  -73.146  76.601 0.1000000015
40696  -45.244  -56.101  65.407 0.1000000015
143956  -47.970  -52.829  62.985 0.1000000015
128150  -48.729  -52.971  62.823 0.1000000015
44376  -49.710  -53.010  62.707 0.1000000015
25650  -29.727  -72.849  77.585 0.1000000015
25640  -30.513  -73.167  77.760 0.1000000015
25641  -31.181  -73.336  77.514 0.1000000015
26523  -31.441  -72.223  76.677 0.1000000015
40675  -44.564  -57.255  65.797 0.1000000015
126762  -43.152  -56.881  65.064 0.1000000015
45321  -52.819  -51.530  65.883 0.1000000015
26521  -28.672  -71.204  75.966 0.1000000015
39787  -43.143  -58.030  65.981 0.1000000015
39803  -42.677  -57.575  65.435 0.1000000015
45304  -52.306  -51.004  66.713 0.1000000015
29319  -28.147  -68.763  73.598 0.1000000015
27429  -28.524  -70.589  76.254 0.1000000015
27399  -29.678  -70.426  78.913 0.1000000015
38847  -40.399  -58.534  68.340 0.1000000015
38887  -41.061  -58.510  66.660 0.1000000015
30300  -28.544  -67.951  73.271 0.1000000015
28311  -30.178  -69.998  79.312 0.1000000015
28302  -29.947  -69.741  79.583 0.1000000015
137304  -38.749  -58.381  70.098 0.1000000015
38825  -38.412  -58.430  69.410 0.1000000015
38845  -38.547  -58.442  68.544 0.1000000015
30212  -30.188  -68.332  79.339 0.1000000015
30228  -30.231  -67.669  77.862 0.1000000015
39689  -37.617  -57.749  72.692 0.1000000015
134947  -37.055  -57.928  71.412 0.1000000015
38824  -37.806  -58.355  69.919 0.1000000015
30229  -30.720  -67.462  78.674 0.1000000015
40577  -36.886  -56.351  74.838 0.1000000015
39676  -36.819  -57.227  73.176 0.1000000015
40568  -37.811  -56.015  75.812 0.1000000015
42297  -37.754  -54.344  78.526 0.1000000015
40567  -34.114  -57.097  76.095 0.1000000015
41431  -35.167  -55.431  76.791 0.1000000015
42296  -36.461  -54.735  77.926 0.1000000015
36804  -33.348  -60.553  78.506 0.1000000015
45334  -46.467  -49.930  64.809 0.1000000015
46223  -45.637  -49.188  65.382 0.1000000015
46224  -46.288  -49.511  65.661 0.1000000015
43327  -44.961  -52.406  65.400 0.1000000015
133347  -45.526  -51.545  65.818 0.1000000015
43342  -43.724  -52.852  64.557 0.1000000015
42454  -44.570  -54.437  64.821 0.1000000015
41573  -44.023  -55.142  64.655 0.1000000015
44378  -51.611  -52.706  61.963 0.1000000015
127636  -31.827  -72.246  75.556 0.1000000015
41552  -43.812  -56.121  64.827 0.1000000015
44372  -45.479  -52.158  62.400 0.1000000015
44375  -48.061  -52.942  62.181 0.1000000015
142960  -49.056  -52.932  61.791 0.1000000015
123409  -50.925  -52.786  61.715 0.1000000015
44340  -52.758  -52.396  64.350 0.1000000015
44321  -53.121  -51.868  65.146 0.1000000015
26514  -28.812  -71.400  77.211 0.1000000015
144771  -29.991  -72.762  78.271 0.1000000015
25637  -30.293  -72.901  78.083 0.1000000015
26517  -30.530  -72.291  77.855 0.1000000015
44390  -46.443  -52.723  61.260 0.1000000015
124500  -48.039  -52.833  61.142 0.1000000015
140172  -48.906  -52.774  60.869 0.1000000015
28338  -28.464  -70.004  76.410 0.1000000015
27416  -30.430  -71.200  77.728 0.1000000015
39785  -41.462  -58.329  65.924 0.1000000015
44404  -45.494  -52.083  60.613 0.1000000015
45305  -53.559  -50.812  66.592 0.1000000015
29320  -28.669  -68.175  74.089 0.1000000015
28352  -28.368  -69.900  75.273 0.1000000015
38868  -39.752  -58.511  67.608 0.1000000015
38844  -37.769  -58.362  68.960 0.1000000015
38866  -37.798  -58.258  68.153 0.1000000015
31214  -31.382  -66.479  76.888 0.1000000015
39705  -36.179  -57.546  71.483 0.1000000015
39718  -36.441  -57.851  70.602 0.1000000015
31204  -31.465  -66.690  78.007 0.1000000015
32193  -32.357  -65.334  75.572 0.1000000015
40576  -36.080  -55.947  74.302 0.1000000015
40590  -35.957  -56.783  73.084 0.1000000015
31205  -32.209  -66.196  77.859 0.1000000015
138743  -38.911  -54.223  77.070 0.1000000015
41449  -36.784  -55.591  75.104 0.1000000015
42310  -37.117  -53.803  77.598 0.1000000015
43189  -38.963  -53.815  77.771 0.1000000015
39660  -33.324  -57.815  75.837 0.1000000015
145683  -34.334  -56.301  75.958 0.1000000015
137232  -35.658  -54.962  77.227 0.1000000015
35808  -33.025  -60.988  78.271 0.1000000015
38709  -32.987  -59.103  77.076 0.1000000015
46244  -46.074  -49.319  65.312 0.1000000015
45314  -44.966  -49.189  65.416 0.1000000015
145795  -45.534  -48.989  65.141 0.1000000015
44334  -44.288  -51.795  65.117 0.1000000015
44316  -44.874  -50.734  65.551 0.1000000015
42472  -41.996  -54.040  63.688 0.1000000015
133110  -43.131  -53.521  64.146 0.1000000015
41583  -40.970  -55.108  63.645 0.1000000015
42453  -42.674  -54.402  64.046 0.1000000015
44352  -45.783  -51.986  63.040 0.1000000015
41582  -40.058  -55.315  63.505 0.1000000015
41570  -41.535  -55.677  64.043 0.1000000015
41572  -43.251  -55.276  64.418 0.1000000015
144713  -40.616  -56.005  64.001 0.1000000015
40713  -41.384  -56.468  64.408 0.1000000015
124354  -49.718  -52.721  61.016 0.1000000015
44392  -51.398  -52.606  61.173 0.1000000015
44379  -52.496  -52.523  62.204 0.1000000015
44359  -52.856  -52.493  63.241 0.1000000015
27413  -28.657  -70.666  77.386 0.1000000015
27414  -29.102  -71.433  78.326 0.1000000015
26505  -29.891  -72.427  78.368 0.1000000015
133619  -40.972  -57.926  65.344 0.1000000015
142272  -45.988  -52.507  60.731 0.1000000015
44406  -47.449  -52.616  60.325 0.1000000015
124213  -50.607  -52.666  61.077 0.1000000015
134289  -53.618  -52.150  63.906 0.1000000015
29282  -28.506  -69.438  75.693 0.1000000015
142193  -28.630  -70.079  77.313 0.1000000015
27397  -28.839  -70.508  78.275 0.1000000015
26516  -29.892  -71.569  78.489 0.1000000015
38886  -40.138  -58.468  66.727 0.1000000015
142013  -39.697  -58.268  65.930 0.1000000015
44421  -46.065  -52.230  60.078 0.1000000015
44341  -53.882  -51.652  64.674 0.1000000015
30301  -29.182  -67.568  73.635 0.1000000015
29283  -28.728  -68.833  75.667 0.1000000015
29267  -28.639  -69.456  76.537 0.1000000015
28310  -29.193  -70.106  78.806 0.1000000015
29253  -29.292  -68.763  77.534 0.1000000015
29240  -29.595  -69.661  79.222 0.1000000015
38867  -38.267  -58.315  67.570 0.1000000015
39766  -38.021  -58.173  66.819 0.1000000015
144037  -29.222  -67.746  74.327 0.1000000015
31259  -29.802  -67.035  73.205 0.1000000015
31260  -30.439  -66.600  73.595 0.1000000015
31223  -30.531  -66.996  75.798 0.1000000015
30227  -29.693  -68.104  77.424 0.1000000015
39733  -36.280  -57.896  69.625 0.1000000015
39747  -36.258  -57.849  68.675 0.1000000015
31294  -30.139  -66.122  71.986 0.1000000015
32235  -30.747  -65.663  72.470 0.1000000015
125276  -30.874  -65.951  73.257 0.1000000015
140236  -31.290  -65.591  73.692 0.1000000015
32192  -31.921  -65.952  76.159 0.1000000015
39717  -35.640  -57.417  70.827 0.1000000015
39732  -35.606  -57.465  70.026 0.1000000015
33156  -30.585  -64.464  70.564 0.1000000015
34019  -30.921  -63.871  70.401 0.1000000015
33115  -31.733  -64.211  72.191 0.1000000015
33091  -32.763  -64.626  75.146 0.1000000015
33084  -32.885  -64.810  75.860 0.1000000015
40589  -35.355  -56.513  72.512 0.1000000015
40588  -34.777  -56.003  71.847 0.1000000015
135196  -32.678  -65.666  77.326 0.1000000015
35834  -33.213  -61.567  74.568 0.1000000015
41440  -37.932  -54.674  76.082 0.1000000015
42333  -36.296  -54.547  74.225 0.1000000015
33958  -33.454  -62.975  76.371 0.1000000015
35833  -32.688  -60.682  75.156 0.1000000015
38740  -32.325  -58.306  74.094 0.1000000015
42309  -35.908  -54.229  77.113 0.1000000015
43213  -38.335  -52.372  75.926 0.1000000015
43221  -38.400  -51.943  75.305 0.1000000015
35824  -32.973  -61.527  75.576 0.1000000015
37822  -32.331  -59.351  75.645 0.1000000015
39667  -32.831  -57.755  75.077 0.1000000015
42319  -34.461  -54.345  75.761 0.1000000015
43201  -36.501  -53.405  76.726 0.1000000015
44161  -36.738  -52.050  75.652 0.1000000015
128422  -33.448  -62.743  77.397 0.1000000015
35823  -32.565  -60.828  76.272 0.1000000015
36825  -32.653  -60.226  77.112 0.1000000015
45333  -45.635  -49.145  64.843 0.1000000015
46243  -45.220  -48.728  65.106 0.1000000015
44333  -43.648  -51.392  64.734 0.1000000015
45350  -45.888  -50.916  63.923 0.1000000015
134346  -40.734  -53.644  63.132 0.1000000015
44351  -42.368  -52.396  63.724 0.1000000015
138631  -37.787  -54.649  63.087 0.1000000015
42480  -39.002  -53.973  62.693 0.1000000015
46268  -44.439  -50.858  62.528 0.1000000015
41579  -37.157  -55.100  63.457 0.1000000015
41581  -39.049  -55.476  63.413 0.1000000015
44394  -53.264  -52.212  61.519 0.1000000015
132075  -36.932  -55.826  63.880 0.1000000015
41567  -37.652  -55.841  63.715 0.1000000015
40711  -39.345  -56.725  64.153 0.1000000015
137737  -40.025  -56.577  64.176 0.1000000015
44410  -51.104  -52.564  60.440 0.1000000015
44411  -51.876  -52.480  60.549 0.1000000015
44393  -52.221  -52.498  61.322 0.1000000015
44380  -53.379  -52.252  62.469 0.1000000015
40708  -36.422  -56.175  64.500 0.1000000015
40691  -38.009  -57.097  64.578 0.1000000015
142131  -39.978  -57.635  64.960 0.1000000015
44422  -46.833  -52.309  59.758 0.1000000015
44423  -47.697  -52.387  59.514 0.1000000015
44408  -49.309  -52.644  60.188 0.1000000015
44409  -50.257  -52.585  60.301 0.1000000015
27389  -29.538  -70.098  79.141 0.1000000015
27398  -29.304  -70.676  78.753 0.1000000015
39797  -36.777  -57.304  65.791 0.1000000015
39799  -38.517  -57.641  65.261 0.1000000015
39764  -36.378  -57.742  67.711 0.1000000015
39781  -37.410  -57.787  66.359 0.1000000015
32201  -31.494  -65.698  74.383 0.1000000015
31213  -30.720  -66.977  76.763 0.1000000015
40616  -34.581  -56.297  69.967 0.1000000015
39746  -35.543  -57.443  69.071 0.1000000015
33135  -31.375  -64.216  71.544 0.1000000015
128332  -31.700  -65.848  75.266 0.1000000015
40604  -34.643  -56.239  70.895 0.1000000015
40617  -34.998  -56.977  70.475 0.1000000015
128476  -31.168  -62.070  68.753 0.1000000015
34043  -31.378  -63.231  70.306 0.1000000015
34020  -31.422  -63.681  71.011 0.1000000015
33987  -31.922  -63.585  71.756 0.1000000015
33964  -33.127  -63.875  74.799 0.1000000015
43228  -36.252  -53.986  73.660 0.1000000015
41460  -34.877  -54.959  72.034 0.1000000015
127893  -31.704  -59.796  67.747 0.1000000015
36940  -32.293  -60.582  68.899 0.1000000015
34891  -31.990  -63.012  71.069 0.1000000015
35842  -33.049  -60.906  74.100 0.1000000015
38750  -32.221  -58.224  73.265 0.1000000015
43220  -38.016  -52.799  74.774 0.1000000015
37845  -32.334  -58.816  73.767 0.1000000015
126877  -32.059  -57.099  73.433 0.1000000015
42326  -33.292  -54.537  74.232 0.1000000015
44162  -37.881  -51.612  75.706 0.1000000015
45181  -38.247  -51.227  75.247 0.1000000015
41447  -33.552  -55.377  74.803 0.1000000015
43209  -33.913  -54.001  75.035 0.1000000015
44173  -36.380  -51.625  75.024 0.1000000015
44174  -37.607  -51.151  75.285 0.1000000015
46242  -44.405  -48.674  64.881 0.1000000015
46258  -44.893  -48.792  64.663 0.1000000015
46241  -43.564  -48.746  64.704 0.1000000015
45349  -45.080  -51.274  63.079 0.1000000015
139388  -45.209  -49.880  63.993 0.1000000015
44368  -37.657  -53.114  62.711 0.1000000015
44412  -52.715  -52.318  60.608 0.1000000015
45380  -53.621  -51.955  60.652 0.1000000015
45389  -53.131  -52.099  59.860 0.1000000015
45374  -54.177  -51.774  61.314 0.1000000015
41565  -35.703  -55.513  64.575 0.1000000015
40688  -35.507  -56.384  65.736 0.1000000015
44424  -48.718  -52.430  59.298 0.1000000015
44426  -50.833  -52.449  59.582 0.1000000015
142624  -51.544  -52.471  59.951 0.1000000015
144400  -34.962  -56.048  66.096 0.1000000015
40672  -35.221  -56.620  66.535 0.1000000015
44437  -47.877  -52.066  58.727 0.1000000015
136391  -48.627  -52.043  58.561 0.1000000015
40656  -34.310  -55.962  67.471 0.1000000015
47177  -45.354  -49.796  60.072 0.1000000015
145147  -45.757  -50.188  59.545 0.1000000015
41496  -34.294  -55.619  69.473 0.1000000015
40657  -34.837  -56.724  67.517 0.1000000015
33096  -31.852  -64.998  73.774 0.1000000015
33105  -32.366  -64.206  73.481 0.1000000015
33097  -32.533  -64.447  74.307 0.1000000015
41484  -34.412  -55.514  70.310 0.1000000015
34001  -32.465  -63.086  72.157 0.1000000015
33978  -32.691  -63.582  73.366 0.1000000015
35843  -33.265  -61.201  73.232 0.1000000015
43238  -36.258  -53.125  72.955 0.1000000015
42348  -35.292  -53.930  72.109 0.1000000015
35885  -32.510  -61.737  70.188 0.1000000015
35867  -32.921  -61.416  70.900 0.1000000015
39704  -31.912  -57.565  71.943 0.1000000015
39674  -31.767  -56.981  72.980 0.1000000015
41459  -31.683  -55.488  72.438 0.1000000015
44186  -38.200  -51.002  74.440 0.1000000015
36941  -32.648  -60.054  69.444 0.1000000015
37892  -32.550  -59.127  69.083 0.1000000015
41453  -31.954  -55.664  73.005 0.1000000015
146626  -32.778  -54.327  73.573 0.1000000015
44184  -33.624  -52.797  73.481 0.1000000015
45203  -35.274  -51.012  73.693 0.1000000015
45192  -37.215  -50.582  74.705 0.1000000015
43218  -33.540  -53.746  74.321 0.1000000015
44172  -35.040  -52.408  74.563 0.1000000015
45191  -35.865  -51.235  74.429 0.1000000015
46240  -42.864  -49.087  64.391 0.1000000015
46257  -44.283  -48.543  64.229 0.1000000015
45348  -44.580  -49.830  63.542 0.1000000015
132618  -53.637  -51.831  59.122 0.1000000015
45390  -54.094  -51.674  59.960 0.1000000015
45388  -52.601  -52.143  59.012 0.1000000015
45375  -55.213  -51.220  61.529 0.1000000015
45397  -49.039  -51.712  58.092 0.1000000015
147740  -49.803  -51.913  58.220 0.1000000015
138413  -51.610  -52.369  59.355 0.1000000015
46285  -46.698  -50.663  58.530 0.1000000015
45396  -48.159  -51.570  58.141 0.1000000015
125471  -34.035  -54.967  68.911 0.1000000015
124908  -34.308  -54.117  70.027 0.1000000015
34868  -32.865  -62.947  73.010 0.1000000015
44210  -35.949  -52.028  71.691 0.1000000015
43244  -35.112  -53.606  71.462 0.1000000015
36921  -33.068  -60.417  70.863 0.1000000015
35853  -33.193  -61.552  72.409 0.1000000015
33979  -33.052  -63.195  73.715 0.1000000015
47059  -37.593  -48.796  73.362 0.1000000015
44197  -37.789  -50.599  73.581 0.1000000015
43245  -35.722  -52.974  71.987 0.1000000015
37881  -32.630  -59.208  70.003 0.1000000015
38805  -32.451  -58.375  70.575 0.1000000015
37861  -32.611  -58.888  71.993 0.1000000015
41472  -31.470  -55.643  71.908 0.1000000015
40587  -31.665  -56.194  72.535 0.1000000015
45213  -33.847  -51.582  72.547 0.1000000015
46123  -35.845  -49.765  73.413 0.1000000015
46111  -37.649  -49.708  74.065 0.1000000015
40655  -31.443  -56.983  67.955 0.1000000015
40641  -31.404  -56.767  68.787 0.1000000015
39715  -31.884  -57.214  70.204 0.1000000015
40615  -31.435  -56.366  71.015 0.1000000015
41471  -31.212  -55.187  71.375 0.1000000015
43235  -31.792  -54.322  72.340 0.1000000015
44195  -33.318  -52.546  72.803 0.1000000015
47147  -43.475  -48.312  64.458 0.1000000015
46256  -43.959  -48.369  63.802 0.1000000015
45412  -53.644  -51.304  57.636 0.1000000015
45413  -54.752  -50.917  57.874 0.1000000015
45402  -54.167  -51.461  58.419 0.1000000015
45401  -53.113  -51.751  58.271 0.1000000015
144549  -55.064  -51.235  60.130 0.1000000015
45409  -50.812  -51.394  57.526 0.1000000015
45399  -51.359  -51.899  58.082 0.1000000015
45391  -55.913  -50.466  59.960 0.1000000015
44440  -51.080  -52.222  58.764 0.1000000015
45376  -56.346  -50.419  61.719 0.1000000015
47180  -46.320  -50.005  58.867 0.1000000015
46286  -47.266  -50.565  57.937 0.1000000015
133776  -36.015  -51.228  71.206 0.1000000015
46146  -36.964  -49.914  71.723 0.1000000015
46135  -37.750  -48.808  73.257 0.1000000015
45226  -37.721  -49.234  72.762 0.1000000015
43291  -29.523  -53.869  68.068 0.1000000015
42385  -29.868  -54.421  68.690 0.1000000015
43264  -30.284  -53.634  69.524 0.1000000015
44218  -30.803  -53.317  70.122 0.1000000015
44220  -32.069  -52.211  70.238 0.1000000015
134125  -32.729  -51.531  70.342 0.1000000015
46144  -34.188  -50.358  71.412 0.1000000015
46145  -35.182  -49.348  72.046 0.1000000015
41507  -30.112  -55.065  68.318 0.1000000015
41508  -30.562  -55.607  68.865 0.1000000015
42386  -30.262  -54.936  69.256 0.1000000015
41483  -30.934  -55.294  70.647 0.1000000015
43241  -31.081  -54.280  71.020 0.1000000015
43243  -31.963  -53.578  72.068 0.1000000015
44208  -33.030  -52.249  72.058 0.1000000015
46316  -53.814  -50.409  56.420 0.1000000015
46296  -53.168  -50.999  56.943 0.1000000015
46297  -54.310  -50.745  57.113 0.1000000015
46295  -52.168  -51.000  56.930 0.1000000015
144411  -55.129  -50.993  58.565 0.1000000015
128921  -50.306  -50.786  57.079 0.1000000015
46280  -56.835  -49.757  59.613 0.1000000015
47191  -47.527  -49.837  57.613 0.1000000015
45408  -49.756  -51.365  57.611 0.1000000015
46277  -56.943  -50.018  60.953 0.1000000015
126687  -56.756  -50.038  60.467 0.1000000015
48029  -46.995  -48.723  60.090 0.1000000015
48033  -46.676  -49.207  59.121 0.1000000015
47183  -46.909  -49.982  58.173 0.1000000015
46276  -56.778  -50.142  61.208 0.1000000015
135342  -47.246  -48.126  60.926 0.1000000015
48800  -32.568  -47.109  68.226 0.1000000015
48798  -30.818  -47.185  68.310 0.1000000015
48799  -31.780  -47.337  68.095 0.1000000015
146490  -34.865  -47.605  69.620 0.1000000015
132096  -29.841  -51.103  67.306 0.1000000015
45280  -30.448  -51.360  67.682 0.1000000015
47104  -33.412  -49.216  69.005 0.1000000015
47105  -34.218  -48.784  69.809 0.1000000015
47079  -35.665  -48.516  71.771 0.1000000015
47080  -36.666  -48.339  72.034 0.1000000015
43276  -29.815  -53.799  68.857 0.1000000015
44249  -30.272  -52.514  68.583 0.1000000015
45260  -31.437  -51.559  68.461 0.1000000015
45246  -31.752  -51.902  69.257 0.1000000015
46169  -32.722  -50.708  69.098 0.1000000015
46157  -33.769  -50.276  70.462 0.1000000015
46158  -34.590  -49.416  71.119 0.1000000015
47217  -54.594  -49.665  55.826 0.1000000015
47230  -51.666  -49.085  55.860 0.1000000015
47216  -53.225  -49.856  55.849 0.1000000015
46317  -55.196  -50.040  56.596 0.1000000015
46298  -55.575  -50.135  57.483 0.1000000015
138271  -51.041  -48.981  56.167 0.1000000015
46314  -51.708  -50.380  56.535 0.1000000015
46299  -56.808  -49.087  58.129 0.1000000015
46300  -57.596  -48.873  58.246 0.1000000015
47211  -48.716  -49.317  56.925 0.1000000015
47212  -49.521  -49.276  56.690 0.1000000015
46313  -50.805  -50.231  56.637 0.1000000015
46288  -56.896  -49.415  58.824 0.1000000015
48037  -47.268  -48.578  58.289 0.1000000015
48050  -47.592  -48.984  57.595 0.1000000015
47193  -49.173  -49.889  56.888 0.1000000015
46281  -57.073  -49.825  59.878 0.1000000015
48862  -49.488  -47.731  61.745 0.1000000015
48025  -48.484  -48.362  60.957 0.1000000015
48030  -47.937  -48.372  60.489 0.1000000015
133914  -47.166  -49.358  57.999 0.1000000015
46282  -57.221  -50.172  60.230 0.1000000015
50602  -48.979  -46.211  62.546 0.1000000015
49729  -48.103  -47.237  61.677 0.1000000015
48871  -47.964  -48.183  61.207 0.1000000015
140253  -48.287  -46.445  62.158 0.1000000015
130114  -30.665  -49.964  67.408 0.1000000015
48811  -31.090  -47.918  67.890 0.1000000015
132040  -32.598  -47.852  68.188 0.1000000015
48801  -33.312  -47.403  68.443 0.1000000015
48782  -35.017  -47.083  69.325 0.1000000015
128608  -30.562  -50.671  67.484 0.1000000015
47122  -31.195  -49.381  67.606 0.1000000015
47123  -31.990  -49.063  67.837 0.1000000015
129165  -32.674  -48.722  68.208 0.1000000015
47954  -33.975  -48.440  69.260 0.1000000015
45259  -30.708  -51.829  68.191 0.1000000015
46181  -32.239  -50.381  68.271 0.1000000015
47233  -55.494  -48.725  55.241 0.1000000015
130300  -55.035  -48.130  54.587 0.1000000015
48074  -52.902  -48.198  55.282 0.1000000015
47232  -53.881  -48.986  55.130 0.1000000015
48073  -51.988  -48.344  55.662 0.1000000015
47231  -52.568  -49.111  55.583 0.1000000015
125923  -56.208  -49.055  56.154 0.1000000015
48913  -48.302  -47.648  57.071 0.1000000015
48062  -50.621  -48.459  56.277 0.1000000015
46318  -56.623  -49.035  57.267 0.1000000015
47194  -57.540  -48.655  57.772 0.1000000015
48903  -47.419  -47.572  58.190 0.1000000015
48060  -48.995  -48.504  56.721 0.1000000015
47213  -50.439  -49.317  56.469 0.1000000015
48885  -48.621  -48.205  60.600 0.1000000015
48890  -47.383  -48.010  58.881 0.1000000015
138612  -47.676  -48.247  57.507 0.1000000015
46290  -57.341  -49.868  59.287 0.1000000015
46289  -57.246  -49.504  58.917 0.1000000015
128594  -50.263  -47.268  62.299 0.1000000015
48863  -50.127  -47.676  61.811 0.1000000015
48881  -49.238  -48.213  60.958 0.1000000015
49719  -49.623  -47.216  62.263 0.1000000015
48093  -56.185  -47.134  54.244 0.1000000015
142226  -54.925  -47.406  54.476 0.1000000015
48075  -53.934  -47.903  54.685 0.1000000015
48915  -50.373  -47.110  56.331 0.1000000015
137415  -51.106  -46.861  56.047 0.1000000015
50630  -47.606  -46.244  58.160 0.1000000015
49772  -48.900  -46.587  56.903 0.1000000015
48929  -51.516  -47.615  55.829 0.1000000015
47218  -57.632  -48.496  56.849 0.1000000015
47195  -57.930  -48.629  57.540 0.1000000015
50618  -48.694  -46.904  60.053 0.1000000015
49739  -47.980  -46.839  59.480 0.1000000015
49753  -47.954  -46.581  57.566 0.1000000015
46301  -58.071  -48.856  57.854 0.1000000015
50593  -52.163  -45.914  62.797 0.1000000015
148334  -51.368  -47.296  61.628 0.1000000015
140255  -50.647  -47.481  60.915 0.1000000015
49735  -49.253  -47.891  60.594 0.1000000015
129705  -48.408  -47.800  59.979 0.1000000015
125709  -57.675  -49.363  58.442 0.1000000015
49721  -51.524  -47.098  62.007 0.1000000015
48864  -50.905  -47.483  61.868 0.1000000015
48874  -50.582  -47.628  61.255 0.1000000015
45404  -57.571  -50.771  58.566 0.1000000015
141024  -57.922  -49.812  57.987 0.1000000015
50592  -50.320  -45.901  63.072 0.1000000015
45392  -57.440  -51.031  59.491 0.1000000015
45383  -57.367  -51.245  60.377 0.1000000015
125712  -57.329  -51.450  61.195 0.1000000015
44428  -57.267  -52.239  59.639 0.1000000015
48950  -55.660  -46.355  54.166 0.1000000015
49800  -53.865  -45.821  55.032 0.1000000015
48949  -54.365  -46.816  54.628 0.1000000015
49798  -52.271  -45.917  55.758 0.1000000015
49799  -52.961  -45.951  55.459 0.1000000015
48076  -56.597  -47.808  54.775 0.1000000015
52572  -49.510  -43.729  61.653 0.1000000015
51551  -48.565  -44.783  60.592 0.1000000015
50631  -48.565  -44.430  57.861 0.1000000015
49774  -50.620  -45.939  56.366 0.1000000015
139039  -51.831  -46.764  55.767 0.1000000015
47234  -57.032  -48.276  55.717 0.1000000015
141844  -52.242  -43.908  61.776 0.1000000015
125075  -51.357  -44.037  61.854 0.1000000015
145495  -49.325  -45.264  60.876 0.1000000015
50623  -47.997  -45.836  59.600 0.1000000015
49754  -48.677  -45.547  57.348 0.1000000015
47219  -57.876  -48.561  56.706 0.1000000015
135122  -53.357  -45.398  61.553 0.1000000015
129732  -52.758  -45.812  61.370 0.1000000015
126590  -51.138  -46.217  60.907 0.1000000015
51552  -49.125  -46.066  60.427 0.1000000015
129109  -47.607  -46.164  58.955 0.1000000015
141876  -58.058  -48.680  57.256 0.1000000015
51524  -53.219  -45.167  63.134 0.1000000015
133785  -53.120  -45.951  61.882 0.1000000015
49732  -52.182  -46.324  61.331 0.1000000015
49736  -50.978  -47.021  60.746 0.1000000015
50619  -49.954  -47.251  60.592 0.1000000015
44444  -57.519  -51.330  57.527 0.1000000015
124543  -57.337  -52.164  58.778 0.1000000015
49817  -55.019  -45.514  54.490 0.1000000015
48094  -57.411  -47.309  54.206 0.1000000015
53568  -52.098  -42.823  62.078 0.1000000015
124463  -51.242  -42.344  62.135 0.1000000015
52571  -48.781  -43.260  61.433 0.1000000015
50626  -48.188  -43.998  58.619 0.1000000015
50653  -50.467  -44.662  56.724 0.1000000015
50655  -52.877  -44.289  55.666 0.1000000015
50698  -54.356  -44.651  54.827 0.1000000015
132118  -54.083  -43.557  61.494 0.1000000015
53579  -48.124  -42.690  61.115 0.1000000015
51556  -47.816  -43.840  59.327 0.1000000015
51568  -50.173  -43.719  56.878 0.1000000015
51585  -51.796  -43.936  56.158 0.1000000015
50676  -53.773  -44.010  55.141 0.1000000015
48077  -57.768  -47.854  55.004 0.1000000015
47235  -57.879  -48.310  55.803 0.1000000015
51537  -55.077  -44.146  61.965 0.1000000015
142027  -54.292  -44.513  61.636 0.1000000015
53578  -47.353  -42.180  60.731 0.1000000015
52594  -48.246  -43.430  58.205 0.1000000015
52613  -49.760  -43.372  56.868 0.1000000015
50712  -56.018  -45.038  53.244 0.1000000015
51525  -53.954  -44.760  63.034 0.1000000015
53577  -46.619  -42.064  60.273 0.1000000015
52593  -47.562  -43.294  58.738 0.1000000015
122789  -49.438  -43.129  56.650 0.1000000015
46319  -58.039  -48.743  56.526 0.1000000015
45415  -57.334  -51.239  56.502 0.1000000015
136803  -57.384  -52.173  58.086 0.1000000015
44449  -56.958  -52.424  56.885 0.1000000015
54623  -54.345  -41.731  61.374 0.1000000015
127509  -51.199  -41.368  61.797 0.1000000015
141156  -49.448  -42.221  61.921 0.1000000015
53572  -56.184  -42.878  61.862 0.1000000015
53570  -54.698  -42.874  61.482 0.1000000015
135706  -50.965  -40.585  61.328 0.1000000015
54619  -49.258  -41.329  61.767 0.1000000015
50700  -55.735  -44.772  53.538 0.1000000015
49818  -55.978  -45.305  53.699 0.1000000015
47245  -58.000  -48.250  54.995 0.1000000015
53558  -56.261  -42.337  64.075 0.1000000015
52577  -55.478  -43.590  61.822 0.1000000015
53571  -55.428  -43.178  61.597 0.1000000015
56571  -48.759  -40.035  61.153 0.1000000015
55599  -48.592  -40.648  61.398 0.1000000015
51619  -55.190  -44.158  53.969 0.1000000015
49819  -56.425  -45.508  53.182 0.1000000015
51526  -55.146  -43.884  62.655 0.1000000015
55610  -48.100  -40.136  61.017 0.1000000015
49833  -56.702  -45.802  52.896 0.1000000015
143113  -57.867  -49.082  55.607 0.1000000015
45432  -57.647  -50.007  56.077 0.1000000015
45431  -56.859  -51.145  55.610 0.1000000015
55615  -57.049  -39.802  59.653 0.1000000015
55623  -56.323  -40.125  59.181 0.1000000015
140229  -56.803  -39.963  62.006 0.1000000015
142655  -55.843  -40.568  60.108 0.1000000015
55614  -53.414  -40.351  60.296 0.1000000015
48095  -57.585  -47.701  54.420 0.1000000015
55595  -57.008  -40.327  62.235 0.1000000015
54625  -56.432  -41.244  61.056 0.1000000015
56582  -51.852  -39.742  60.058 0.1000000015
54612  -57.097  -41.206  64.020 0.1000000015
53561  -56.757  -42.101  62.427 0.1000000015
132158  -50.008  -39.345  60.206 0.1000000015
129647  -57.546  -47.469  53.816 0.1000000015
47244  -57.703  -47.965  54.398 0.1000000015
48965  -57.353  -47.036  53.160 0.1000000015
46353  -57.568  -49.014  54.721 0.1000000015
48129  -56.728  -47.734  52.894 0.1000000015
47260  -57.303  -47.821  53.511 0.1000000015
46371  -57.041  -48.858  53.908 0.1000000015
46351  -55.701  -50.535  54.134 0.1000000015
45450  -56.306  -50.888  54.824 0.1000000015
148350  -54.900  -50.766  54.111 0.1000000015
57552  -56.357  -38.914  60.447 0.1000000015
55625  -57.073  -39.440  59.072 0.1000000015
148130  -53.264  -39.532  64.054 0.1000000015
56572  -55.613  -39.191  61.567 0.1000000015
57561  -56.862  -38.862  59.298 0.1000000015
56563  -54.895  -39.719  63.617 0.1000000015
56617  -56.466  -39.088  57.770 0.1000000015
134526  -55.687  -39.746  58.646 0.1000000015
55584  -56.528  -40.572  65.762 0.1000000015
55590  -56.649  -40.437  64.113 0.1000000015
57594  -53.479  -38.924  58.013 0.1000000015
143574  -52.280  -39.546  59.391 0.1000000015
60217  -47.890  -35.640  67.029 0.1000000015
60220  -47.968  -35.369  66.350 0.1000000015
57525  -48.475  -38.239  65.333 0.1000000015
57532  -48.536  -37.988  64.423 0.1000000015
58441  -47.984  -37.605  65.026 0.1000000015
57528  -51.041  -38.995  64.195 0.1000000015
57543  -52.465  -38.661  62.243 0.1000000015
57533  -49.331  -38.345  63.960 0.1000000015
56552  -52.505  -39.555  65.312 0.1000000015
57596  -56.202  -38.586  57.530 0.1000000015
57560  -55.692  -38.410  59.825 0.1000000015
57572  -55.538  -38.083  58.990 0.1000000015
57611  -53.757  -38.483  56.836 0.1000000015
61173  -48.561  -34.669  66.179 0.1000000015
57541  -50.548  -38.366  62.755 0.1000000015
58444  -48.019  -37.158  64.076 0.1000000015
57548  -51.884  -38.188  61.597 0.1000000015
58445  -48.683  -37.708  63.464 0.1000000015
58468  -55.884  -37.868  57.887 0.1000000015
58465  -54.384  -37.645  59.129 0.1000000015
57625  -53.067  -37.897  55.829 0.1000000015
57624  -51.999  -37.928  55.318 0.1000000015
58516  -53.626  -37.214  54.069 0.1000000015
58504  -52.486  -37.631  53.779 0.1000000015
58527  -51.257  -37.651  52.840 0.1000000015
57655  -49.435  -37.914  51.662 0.1000000015
57665  -48.640  -37.610  51.194 0.1000000015
61170  -50.209  -33.901  66.462 0.1000000015
60225  -47.767  -35.828  64.840 0.1000000015
58450  -49.929  -37.863  62.239 0.1000000015
60223  -48.095  -35.217  65.504 0.1000000015
58456  -51.737  -37.613  60.804 0.1000000015
58448  -48.252  -36.858  62.980 0.1000000015
58485  -55.840  -37.875  56.864 0.1000000015
58467  -53.011  -37.187  59.374 0.1000000015
59329  -49.937  -36.909  61.059 0.1000000015
58498  -55.479  -37.742  56.300 0.1000000015
58484  -55.265  -37.404  57.341 0.1000000015
58463  -51.681  -36.746  59.983 0.1000000015
57626  -54.729  -37.942  55.572 0.1000000015
59360  -55.206  -37.161  56.592 0.1000000015
146960  -53.359  -36.218  58.042 0.1000000015
58507  -54.857  -37.445  55.159 0.1000000015
59396  -54.838  -36.933  55.087 0.1000000015
60273  -53.487  -35.757  57.518 0.1000000015
60312  -53.895  -36.521  54.779 0.1000000015
60287  -53.982  -35.743  56.615 0.1000000015
60311  -52.979  -36.144  54.877 0.1000000015
60299  -52.633  -35.168  56.217 0.1000000015
59410  -51.706  -36.786  53.614 0.1000000015
60310  -51.934  -36.203  54.841 0.1000000015
61240  -51.685  -34.784  56.540 0.1000000015
58535  -48.588  -36.840  51.233 0.1000000015
146022  -49.789  -36.598  51.517 0.1000000015
59395  -50.756  -36.106  55.143 0.1000000015
60297  -51.110  -35.504  55.931 0.1000000015
61174  -49.427  -34.189  65.908 0.1000000015
61177  -48.704  -34.589  65.295 0.1000000015
59318  -47.975  -35.946  63.073 0.1000000015
59328  -49.228  -36.503  61.456 0.1000000015
59334  -50.503  -36.427  60.405 0.1000000015
60272  -52.816  -34.969  57.901 0.1000000015
138845  -52.394  -34.179  57.851 0.1000000015
62251  -51.896  -33.730  57.768 0.1000000015
61231  -51.490  -34.051  57.355 0.1000000015
24754  -30.016  -72.993  73.986 0.1000000015
32254  -30.527  -65.388  71.637 0.1000000015
37904  -32.206  -59.045  68.235 0.1000000015
127149  -32.008  -58.298  68.099 0.1000000015
46195  -29.810  -50.159  67.211 0.1000000015
35922  -31.234  -61.328  68.178 0.1000000015
35903  -31.861  -61.272  68.834 0.1000000015
146958  -29.732  -52.716  68.235 0.1000000015
47977  -30.609  -48.569  67.661 0.1000000015
40640  -30.986  -56.277  68.376 0.1000000015
44248  -29.557  -53.247  68.183 0.1000000015
44389  -45.605  -52.390  61.485 0.1000000015
48878  -45.710  -48.313  60.521 0.1000000015
49720  -50.734  -46.842  62.530 0.1000000015
134819  -51.381  -46.213  62.817 0.1000000015
45394  -46.619  -51.305  58.862 0.1000000015
45387  -47.052  -51.933  59.028 0.1000000015
52562  -55.045  -43.562  63.497 0.1000000015
55585  -57.068  -40.868  65.485 0.1000000015
139319  -33.837  -54.289  68.250 0.1000000015
44209  -35.218  -52.894  71.199 0.1000000015
44221  -34.828  -52.707  70.402 0.1000000015
42417  -34.267  -54.663  66.392 0.1000000015
47956  -35.552  -47.499  70.151 0.1000000015
47092  -36.122  -48.070  71.471 0.1000000015
43341  -43.066  -52.552  64.131 0.1000000015
43354  -41.628  -53.260  63.451 0.1000000015
44350  -41.573  -52.188  63.368 0.1000000015
43365  -38.527  -53.370  62.552 0.1000000015
42481  -39.893  -53.852  62.871 0.1000000015
45331  -43.607  -49.786  64.878 0.1000000015
41522  -34.120  -55.328  66.968 0.1000000015
47970  -34.203  -47.720  69.033 0.1000000015
42479  -38.079  -54.020  62.707 0.1000000015
55588  -57.069  -40.802  64.545 0.1000000015
56564  -55.912  -39.982  63.885 0.1000000015
56557  -54.076  -39.771  64.231 0.1000000015
57523  -50.935  -39.207  65.167 0.1000000015
57527  -50.118  -38.812  64.526 0.1000000015
138181  -47.590  -36.752  66.653 0.1000000015
56556  -51.771  -39.284  64.736 0.1000000015
132351  -52.561  -39.414  64.385 0.1000000015
62163  -51.955  -33.529  66.835 0.1000000015
21009  -33.863  -77.767  71.298 0.1000000015
23866  -31.534  -75.333  72.955 0.1000000015
22865  -33.209  -75.381  74.890 0.1000000015
46200  -48.712  -49.927  67.305 0.1000000015
44280  -48.618  -51.356  67.652 0.1000000015
44279  -47.904  -50.914  67.405 0.1000000015
124263  -49.507  -50.071  67.444 0.1000000015
124931  -46.935  -49.700  66.313 0.1000000015
43310  -46.875  -52.613  66.458 0.1000000015
42298  -38.953  -54.159  78.377 0.1000000015
24731  -31.242  -73.939  77.259 0.1000000015
44317  -46.184  -52.164  66.137 0.1000000015
41538  -46.812  -55.473  66.072 0.1000000015
42438  -45.840  -54.245  65.493 0.1000000015
41554  -45.539  -55.311  65.372 0.1000000015
44374  -47.260  -52.741  62.688 0.1000000015
39786  -42.330  -58.232  65.948 0.1000000015
38888  -41.915  -58.536  66.606 0.1000000015
38849  -42.137  -58.658  68.056 0.1000000015
38869  -40.700  -58.538  67.475 0.1000000015
27415  -30.198  -70.550  78.552 0.1000000015
38788  -37.887  -58.159  71.418 0.1000000015
38807  -39.617  -58.422  70.191 0.1000000015
38846  -39.486  -58.521  68.508 0.1000000015
127943  -36.876  -57.599  72.170 0.1000000015
39719  -37.408  -58.216  70.718 0.1000000015
39668  -37.431  -57.017  74.310 0.1000000015
135012  -38.970  -53.870  77.472 0.1000000015
41432  -35.858  -55.780  77.700 0.1000000015
41439  -34.373  -55.387  75.871 0.1000000015
39641  -34.962  -57.878  77.382 0.1000000015
39653  -34.709  -57.582  77.153 0.1000000015
38710  -33.707  -58.712  77.345 0.1000000015
37803  -34.087  -59.575  77.966 0.1000000015
140959  -34.184  -61.088  79.459 0.1000000015
45299  -46.016  -49.841  66.019 0.1000000015
45315  -45.509  -49.983  65.806 0.1000000015
42437  -45.119  -53.703  65.215 0.1000000015
40695  -44.588  -56.492  65.348 0.1000000015
41553  -44.733  -55.495  65.014 0.1000000015
40676  -45.276  -56.801  65.779 0.1000000015
123410  -50.140  -52.875  61.815 0.1000000015
26515  -29.355  -72.241  77.963 0.1000000015
39789  -45.148  -57.453  66.324 0.1000000015
143514  -43.365  -57.432  65.521 0.1000000015
44391  -47.210  -52.859  61.738 0.1000000015
124420  -29.576  -71.551  78.505 0.1000000015
39802  -41.827  -57.734  65.374 0.1000000015
29254  -29.629  -68.698  78.616 0.1000000015
141416  -38.985  -58.464  67.802 0.1000000015
31203  -30.882  -67.010  77.612 0.1000000015
126995  -36.960  -58.225  70.052 0.1000000015
40584  -36.309  -56.591  73.918 0.1000000015
43202  -37.801  -52.988  76.959 0.1000000015
143855  -33.801  -56.266  75.333 0.1000000015
43200  -35.277  -53.877  76.338 0.1000000015
37812  -32.587  -59.551  76.612 0.1000000015
43343  -44.420  -53.280  64.899 0.1000000015
144939  -43.703  -54.167  64.473 0.1000000015
41551  -42.828  -56.164  64.576 0.1000000015
26504  -29.663  -72.302  78.315 0.1000000015
40693  -42.199  -56.915  64.821 0.1000000015
125406  -47.153  -52.757  60.975 0.1000000015
138872  -40.577  -58.350  65.932 0.1000000015
38885  -38.980  -58.355  66.784 0.1000000015
39748  -37.072  -58.115  68.350 0.1000000015
39734  -37.000  -58.227  69.277 0.1000000015
39765  -37.330  -58.072  67.366 0.1000000015
39688  -36.006  -57.189  72.336 0.1000000015
31215  -32.073  -66.075  77.061 0.1000000015
32202  -32.144  -65.195  74.717 0.1000000015
40583  -35.597  -56.169  73.468 0.1000000015
42320  -38.596  -53.349  76.583 0.1000000015
42327  -37.126  -54.311  74.970 0.1000000015
43212  -37.261  -52.448  76.263 0.1000000015
44151  -38.128  -52.219  76.121 0.1000000015
40575  -33.353  -57.114  75.113 0.1000000015
38731  -32.657  -58.321  75.538 0.1000000015
42318  -33.891  -54.669  75.135 0.1000000015
142110  -32.656  -60.876  77.121 0.1000000015
45332  -44.241  -49.961  65.302 0.1000000015
43355  -42.510  -53.401  63.786 0.1000000015
42471  -41.275  -54.240  63.474 0.1000000015
42470  -40.422  -54.479  63.269 0.1000000015
42452  -41.806  -54.831  63.824 0.1000000015
41569  -39.677  -56.053  63.846 0.1000000015
40714  -42.057  -56.152  64.358 0.1000000015
41571  -42.350  -55.436  64.178 0.1000000015
40692  -41.254  -57.229  64.869 0.1000000015
39800  -39.434  -57.771  65.168 0.1000000015
44407  -48.358  -52.653  60.206 0.1000000015
28322  -28.884  -69.607  77.695 0.1000000015
39783  -38.944  -58.098  65.835 0.1000000015
29268  -28.962  -68.776  76.593 0.1000000015
30243  -29.490  -68.110  76.570 0.1000000015
30261  -29.862  -67.577  75.737 0.1000000015
31282  -30.322  -66.390  72.795 0.1000000015
30279  -29.558  -67.652  74.934 0.1000000015
132953  -30.529  -66.705  74.304 0.1000000015
30244  -30.111  -67.556  76.655 0.1000000015
32213  -30.973  -66.175  74.011 0.1000000015
33134  -30.843  -64.706  71.270 0.1000000015
32214  -31.319  -65.280  73.025 0.1000000015
40605  -35.247  -56.949  71.504 0.1000000015
40632  -34.946  -56.958  69.527 0.1000000015
33092  -33.347  -64.014  75.784 0.1000000015
33972  -33.287  -63.152  74.413 0.1000000015
41461  -35.116  -55.586  72.796 0.1000000015
41473  -34.574  -55.324  71.166 0.1000000015
36854  -32.946  -60.368  73.519 0.1000000015
34862  -33.361  -62.352  74.935 0.1000000015
34857  -33.249  -62.239  75.967 0.1000000015
42334  -37.014  -53.681  74.270 0.1000000015
41455  -35.646  -55.192  73.768 0.1000000015
133874  -32.582  -60.082  74.391 0.1000000015
126226  -32.831  -61.452  76.613 0.1000000015
36844  -32.353  -59.816  75.204 0.1000000015
36834  -32.352  -60.046  76.032 0.1000000015
37832  -32.264  -59.188  74.613 0.1000000015
39675  -32.121  -57.617  73.393 0.1000000015
39659  -32.469  -58.047  74.644 0.1000000015
43211  -35.893  -53.064  75.965 0.1000000015
44163  -38.310  -51.622  75.554 0.1000000015
43230  -38.386  -51.636  74.854 0.1000000015
134373  -33.705  -63.498  77.882 0.1000000015
38720  -32.495  -58.925  76.116 0.1000000015
40574  -33.036  -56.300  74.389 0.1000000015
41454  -32.440  -55.922  73.620 0.1000000015
39666  -32.707  -57.278  74.434 0.1000000015
43210  -34.750  -53.604  75.558 0.1000000015
42469  -39.518  -54.653  63.084 0.1000000015
41580  -38.092  -55.294  63.332 0.1000000015
41568  -38.388  -55.864  63.643 0.1000000015
144926  -38.668  -56.795  64.183 0.1000000015
40709  -37.330  -56.428  64.216 0.1000000015
39816  -38.952  -57.279  64.569 0.1000000015
44427  -52.226  -52.346  59.802 0.1000000015
45366  -54.437  -51.708  62.244 0.1000000015
40689  -36.215  -56.700  65.336 0.1000000015
40690  -37.016  -56.974  64.906 0.1000000015
39798  -37.640  -57.501  65.470 0.1000000015
44425  -49.820  -52.452  59.470 0.1000000015
39780  -36.568  -57.563  66.720 0.1000000015
40673  -35.968  -57.018  66.176 0.1000000015
39763  -35.515  -57.402  68.091 0.1000000015
39779  -35.695  -57.245  67.089 0.1000000015
40631  -34.509  -56.316  69.087 0.1000000015
40643  -34.888  -56.914  68.574 0.1000000015
34910  -31.978  -62.515  70.226 0.1000000015
33116  -32.300  -63.772  72.670 0.1000000015
43229  -37.527  -52.560  74.002 0.1000000015
42340  -35.432  -54.472  72.909 0.1000000015
36958  -32.288  -59.872  68.576 0.1000000015
34911  -32.534  -62.248  70.906 0.1000000015
141595  -32.513  -59.010  72.919 0.1000000015
36876  -32.896  -59.867  72.988 0.1000000015
39687  -31.922  -57.561  72.772 0.1000000015
40582  -32.387  -56.780  73.794 0.1000000015
40581  -31.959  -56.449  73.224 0.1000000015
42332  -33.063  -53.999  73.860 0.1000000015
42325  -32.529  -55.009  73.427 0.1000000015
45205  -37.983  -50.772  74.669 0.1000000015
44171  -33.966  -53.040  74.139 0.1000000015
43219  -34.346  -53.327  74.804 0.1000000015
44160  -35.418  -52.730  75.262 0.1000000015
45204  -36.652  -50.039  74.184 0.1000000015
45381  -54.628  -51.490  60.722 0.1000000015
44438  -49.380  -52.194  58.701 0.1000000015
44439  -50.259  -52.241  58.782 0.1000000015
148142  -52.074  -52.305  59.238 0.1000000015
40671  -34.558  -56.066  66.769 0.1000000015
45395  -47.266  -51.342  58.346 0.1000000015
41509  -33.976  -55.296  67.971 0.1000000015
135312  -34.223  -55.697  68.740 0.1000000015
40642  -34.398  -56.205  68.222 0.1000000015
42372  -34.222  -54.829  69.758 0.1000000015
42347  -34.790  -54.385  71.334 0.1000000015
42359  -34.445  -54.664  70.559 0.1000000015
34877  -32.908  -62.380  72.301 0.1000000015
34869  -33.289  -62.436  73.894 0.1000000015
36877  -33.181  -60.633  72.644 0.1000000015
44196  -36.726  -51.908  72.646 0.1000000015
141802  -32.828  -61.046  70.277 0.1000000015
35852  -32.942  -61.900  71.617 0.1000000015
141661  -32.791  -60.499  70.063 0.1000000015
40603  -31.520  -56.276  71.770 0.1000000015
39703  -31.694  -56.920  71.482 0.1000000015
38765  -32.228  -58.216  72.436 0.1000000015
148001  -31.486  -54.520  71.882 0.1000000015
42338  -31.950  -54.970  72.699 0.1000000015
43239  -37.478  -51.796  73.517 0.1000000015
39745  -31.849  -57.504  68.609 0.1000000015
38823  -32.432  -58.388  69.696 0.1000000015
133676  -32.847  -59.899  70.254 0.1000000015
43237  -32.936  -53.336  73.118 0.1000000015
43236  -32.343  -53.785  72.767 0.1000000015
42339  -32.325  -54.373  73.037 0.1000000015
45202  -34.159  -51.888  73.209 0.1000000015
44185  -34.626  -52.152  73.860 0.1000000015
43227  -33.253  -53.528  73.723 0.1000000015
45382  -55.829  -50.646  60.835 0.1000000015
45398  -50.518  -51.893  58.110 0.1000000015
44441  -51.828  -52.199  58.752 0.1000000015
45406  -47.754  -51.047  57.818 0.1000000015
43255  -34.680  -53.691  70.701 0.1000000015
37873  -32.785  -59.240  71.031 0.1000000015
47070  -37.268  -48.537  72.847 0.1000000015
46134  -36.790  -48.728  73.228 0.1000000015
46124  -37.300  -49.119  73.715 0.1000000015
46125  -37.758  -49.144  73.548 0.1000000015
45216  -37.877  -49.407  73.436 0.1000000015
38822  -32.107  -57.653  69.506 0.1000000015
39716  -32.049  -57.550  70.969 0.1000000015
131712  -33.021  -59.841  72.028 0.1000000015
42345  -31.262  -54.650  71.477 0.1000000015
45214  -34.690  -50.359  72.434 0.1000000015
126222  -34.699  -50.928  73.054 0.1000000015
45225  -33.627  -51.310  71.710 0.1000000015
46133  -35.763  -49.157  72.810 0.1000000015
132450  -37.858  -49.865  74.001 0.1000000015
40630  -31.662  -56.949  69.475 0.1000000015
40629  -31.113  -56.200  69.442 0.1000000015
134642  -31.502  -56.564  70.229 0.1000000015
41495  -30.706  -55.447  69.810 0.1000000015
40602  -31.271  -55.751  71.218 0.1000000015
42358  -30.911  -54.743  70.843 0.1000000015
43242  -31.428  -54.058  71.606 0.1000000015
44194  -32.607  -53.076  72.436 0.1000000015
45411  -52.633  -51.431  57.530 0.1000000015
137235  -54.877  -51.315  59.285 0.1000000015
45400  -52.200  -51.887  58.140 0.1000000015
45403  -55.917  -50.285  59.150 0.1000000015
46294  -51.244  -50.910  56.989 0.1000000015
45410  -51.719  -51.439  57.493 0.1000000015
45407  -48.577  -51.046  57.559 0.1000000015
46147  -37.473  -48.752  72.472 0.1000000015
45215  -37.047  -50.624  72.407 0.1000000015
42371  -30.184  -54.303  69.486 0.1000000015
132459  -30.521  -54.807  70.092 0.1000000015
43253  -30.619  -54.125  70.316 0.1000000015
43277  -29.961  -53.168  68.842 0.1000000015
44233  -30.535  -52.914  69.362 0.1000000015
44250  -31.015  -52.251  68.913 0.1000000015
43254  -31.143  -53.696  70.851 0.1000000015
44234  -31.243  -52.602  69.778 0.1000000015
44219  -31.412  -52.942  70.607 0.1000000015
143645  -32.033  -52.689  70.997 0.1000000015
45247  -32.436  -51.428  69.587 0.1000000015
45224  -32.711  -52.008  71.129 0.1000000015
46156  -33.105  -50.908  69.936 0.1000000015
45235  -33.395  -51.126  70.796 0.1000000015
44207  -32.306  -52.824  71.680 0.1000000015
46315  -52.673  -50.468  56.434 0.1000000015
46287  -55.859  -50.166  58.341 0.1000000015
46293  -49.348  -50.574  57.152 0.1000000015
46312  -49.920  -50.055  56.758 0.1000000015
47192  -48.422  -50.108  57.204 0.1000000015
135688  -48.065  -49.382  57.244 0.1000000015
48880  -47.707  -48.367  60.752 0.1000000015
48036  -46.859  -49.472  58.479 0.1000000015
47968  -31.929  -48.244  67.900 0.1000000015
47955  -34.827  -48.097  69.898 0.1000000015
47941  -35.034  -48.555  70.757 0.1000000015
44271  -29.912  -51.992  67.818 0.1000000015
47969  -33.364  -48.266  68.632 0.1000000015
46170  -33.371  -50.147  69.501 0.1000000015
47091  -34.039  -49.431  70.099 0.1000000015
47069  -36.329  -48.557  72.543 0.1000000015
45281  -31.709  -50.953  68.121 0.1000000015
47103  -32.897  -50.029  68.762 0.1000000015
48063  -51.258  -48.380  55.988 0.1000000015
47215  -52.149  -49.812  56.046 0.1000000015
47214  -51.290  -49.651  56.279 0.1000000015
48051  -48.205  -48.673  57.118 0.1000000015
48034  -47.236  -48.580  59.547 0.1000000015
48872  -48.908  -48.077  61.390 0.1000000015
48873  -49.742  -47.970  61.272 0.1000000015
49718  -48.912  -47.261  62.023 0.1000000015
46196  -31.389  -50.339  67.703 0.1000000015
144014  -31.371  -48.631  67.743 0.1000000015
46197  -31.932  -49.756  67.817 0.1000000015
47114  -32.542  -49.539  68.245 0.1000000015
48930  -52.269  -47.477  55.541 0.1000000015
48916  -50.847  -47.728  56.139 0.1000000015
48914  -49.502  -47.550  56.564 0.1000000015
48061  -49.898  -48.501  56.497 0.1000000015
49738  -47.681  -47.403  59.220 0.1000000015
49752  -47.490  -46.954  57.971 0.1000000015
48904  -47.577  -47.539  57.742 0.1000000015
48884  -47.917  -48.246  59.874 0.1000000015
48882  -49.976  -47.882  60.905 0.1000000015
50603  -49.893  -46.517  62.674 0.1000000015
48931  -53.185  -47.042  55.167 0.1000000015
126733  -49.811  -46.587  56.568 0.1000000015
138054  -52.462  -46.671  55.541 0.1000000015
148050  -48.027  -45.600  57.824 0.1000000015
49722  -52.359  -46.437  61.903 0.1000000015
50594  -52.847  -45.789  62.511 0.1000000015
48865  -51.217  -47.355  61.392 0.1000000015
49731  -51.692  -47.010  61.343 0.1000000015
49730  -51.233  -47.263  61.053 0.1000000015
45416  -58.006  -49.673  57.185 0.1000000015
50675  -52.203  -45.030  55.995 0.1000000015
49775  -51.576  -45.892  56.049 0.1000000015
137040  -52.743  -45.190  55.704 0.1000000015
51544  -50.026  -45.010  61.352 0.1000000015
51543  -48.997  -44.319  61.278 0.1000000015
52573  -50.399  -43.975  61.843 0.1000000015
53567  -50.738  -43.035  62.157 0.1000000015
51557  -48.064  -44.793  59.923 0.1000000015
52582  -48.336  -43.680  60.947 0.1000000015
50622  -47.807  -44.919  59.235 0.1000000015
50632  -49.539  -44.449  57.243 0.1000000015
141423  -47.871  -45.196  58.461 0.1000000015
49773  -49.635  -45.630  56.800 0.1000000015
51545  -51.197  -45.129  61.410 0.1000000015
134450  -52.233  -45.099  61.402 0.1000000015
51546  -53.096  -44.873  61.420 0.1000000015
52574  -53.126  -43.491  61.669 0.1000000015
135184  -48.401  -45.665  60.114 0.1000000015
51547  -53.910  -45.068  61.604 0.1000000015
50616  -53.452  -45.530  61.703 0.1000000015
130379  -52.033  -46.119  61.104 0.1000000015
50613  -50.149  -46.265  60.723 0.1000000015
50604  -53.602  -45.419  62.294 0.1000000015
50615  -52.914  -45.949  61.510 0.1000000015
50605  -54.001  -45.211  61.836 0.1000000015
135907  -53.460  -44.903  55.422 0.1000000015
48951  -56.827  -46.296  53.561 0.1000000015
53569  -53.687  -42.541  61.615 0.1000000015
146794  -51.506  -43.185  62.114 0.1000000015
126047  -52.679  -42.248  61.842 0.1000000015
148448  -51.868  -41.987  61.994 0.1000000015
53566  -49.898  -42.936  62.005 0.1000000015
54620  -50.256  -41.958  62.099 0.1000000015
51550  -47.931  -43.904  60.292 0.1000000015
123155  -49.242  -42.856  61.752 0.1000000015
51559  -48.667  -43.484  57.898 0.1000000015
51567  -49.336  -43.534  57.391 0.1000000015
51584  -51.091  -43.867  56.484 0.1000000015
141350  -52.170  -44.295  56.030 0.1000000015
51597  -53.165  -43.649  55.189 0.1000000015
52575  -53.874  -44.543  61.487 0.1000000015
53565  -48.707  -42.196  61.612 0.1000000015
52581  -47.722  -43.071  60.519 0.1000000015
52569  -55.783  -43.487  62.256 0.1000000015
51536  -54.390  -44.699  62.307 0.1000000015
52576  -54.870  -44.054  61.709 0.1000000015
53582  -47.056  -42.709  60.149 0.1000000015
52588  -47.449  -43.325  59.787 0.1000000015
54631  -47.327  -41.403  60.956 0.1000000015
53564  -47.919  -41.754  61.250 0.1000000015
52612  -49.032  -43.206  57.430 0.1000000015
51569  -50.620  -43.531  56.260 0.1000000015
51634  -54.849  -43.968  53.979 0.1000000015
138831  -46.510  -42.506  59.803 0.1000000015
52587  -46.886  -42.982  59.437 0.1000000015
54630  -46.851  -41.539  60.618 0.1000000015
145342  -56.005  -41.057  60.657 0.1000000015
55605  -55.110  -41.072  60.750 0.1000000015
54622  -53.237  -41.531  61.496 0.1000000015
55604  -53.934  -40.882  60.966 0.1000000015
55602  -51.794  -40.718  61.239 0.1000000015
55601  -50.221  -40.885  61.681 0.1000000015
54621  -52.231  -41.402  61.610 0.1000000015
122991  -56.061  -42.236  61.575 0.1000000015
53573  -56.556  -41.792  61.736 0.1000000015
54624  -55.511  -41.875  61.366 0.1000000015
55612  -51.355  -40.125  60.751 0.1000000015
55611  -50.324  -39.983  61.012 0.1000000015
55613  -52.311  -40.255  60.571 0.1000000015
54618  -48.431  -41.322  61.488 0.1000000015
48964  -57.081  -46.328  53.090 0.1000000015
53559  -56.698  -42.118  63.398 0.1000000015
52564  -56.396  -42.858  62.568 0.1000000015
55600  -49.393  -40.383  61.387 0.1000000015
56579  -48.513  -39.597  60.629 0.1000000015
56580  -49.336  -39.670  60.850 0.1000000015
48978  -57.106  -46.544  52.884 0.1000000015
137288  -47.458  -40.260  60.776 0.1000000015
45451  -57.302  -50.086  55.116 0.1000000015
44461  -56.495  -52.095  56.165 0.1000000015
55622  -54.895  -40.372  59.909 0.1000000015
56584  -56.924  -39.236  60.115 0.1000000015
54632  -56.622  -40.316  59.997 0.1000000015
56601  -56.999  -39.217  58.635 0.1000000015
124756  -54.879  -39.423  62.610 0.1000000015
56573  -56.804  -39.522  61.154 0.1000000015
55606  -57.105  -40.346  61.364 0.1000000015
142590  -55.673  -39.795  63.080 0.1000000015
54633  -56.986  -40.380  60.580 0.1000000015
55603  -52.807  -40.791  61.125 0.1000000015
54626  -56.845  -40.958  61.395 0.1000000015
55594  -56.518  -40.159  62.997 0.1000000015
55591  -57.109  -40.704  63.343 0.1000000015
56583  -52.817  -39.851  59.788 0.1000000015
56597  -51.517  -39.344  59.444 0.1000000015
56581  -50.939  -39.565  60.187 0.1000000015
136122  -57.055  -41.439  63.077 0.1000000015
56595  -49.094  -39.218  60.068 0.1000000015
47259  -56.325  -48.719  53.186 0.1000000015
46352  -56.673  -49.920  54.341 0.1000000015
56567  -54.367  -39.049  61.822 0.1000000015
57551  -55.016  -38.716  60.970 0.1000000015
56562  -53.782  -39.449  63.335 0.1000000015
57529  -51.911  -39.118  63.868 0.1000000015
123754  -52.752  -39.275  63.567 0.1000000015
143741  -53.843  -39.184  62.514 0.1000000015
57574  -57.007  -39.001  58.605 0.1000000015
57595  -55.854  -38.580  57.122 0.1000000015
56616  -54.901  -39.289  58.018 0.1000000015
56618  -56.800  -38.998  58.200 0.1000000015
57573  -56.610  -38.604  58.450 0.1000000015
56599  -54.096  -39.827  59.288 0.1000000015
56598  -53.216  -39.489  58.875 0.1000000015
57571  -52.274  -39.200  58.747 0.1000000015
57570  -51.345  -38.920  58.727 0.1000000015
124585  -54.849  -38.751  57.186 0.1000000015
57593  -52.310  -38.709  57.964 0.1000000015
59310  -47.528  -36.702  65.961 0.1000000015
59312  -47.677  -36.734  65.044 0.1000000015
60222  -47.644  -35.953  65.695 0.1000000015
57534  -50.283  -38.592  63.614 0.1000000015
57535  -51.241  -38.780  63.314 0.1000000015
57550  -53.871  -38.616  61.297 0.1000000015
57544  -53.368  -38.861  62.023 0.1000000015
57542  -51.531  -38.514  62.483 0.1000000015
57549  -52.907  -38.452  61.467 0.1000000015
57536  -52.153  -38.890  63.049 0.1000000015
57540  -49.569  -38.110  63.063 0.1000000015
57559  -54.442  -38.058  59.939 0.1000000015
143357  -54.430  -38.407  60.593 0.1000000015
57613  -55.747  -38.051  56.634 0.1000000015
57612  -55.319  -38.242  56.423 0.1000000015
57610  -52.286  -38.387  57.153 0.1000000015
57558  -53.523  -38.247  60.736 0.1000000015
58457  -52.592  -37.979  60.858 0.1000000015
57547  -50.874  -38.141  61.942 0.1000000015
59314  -47.745  -36.391  64.277 0.1000000015
58449  -49.006  -37.481  62.558 0.1000000015
58464  -53.325  -37.765  60.100 0.1000000015
59341  -54.289  -37.240  58.345 0.1000000015
57609  -51.529  -38.293  56.785 0.1000000015
58505  -53.196  -37.572  54.205 0.1000000015
141504  -51.288  -37.982  54.866 0.1000000015
58515  -53.102  -37.242  53.666 0.1000000015
58506  -54.110  -37.410  54.726 0.1000000015
59413  -54.261  -37.058  54.578 0.1000000015
59412  -53.541  -36.885  54.049 0.1000000015
58503  -51.764  -37.727  53.405 0.1000000015
58514  -52.329  -37.264  53.502 0.1000000015
57646  -50.544  -38.117  52.835 0.1000000015
58528  -51.300  -37.236  52.876 0.1000000015
57656  -50.246  -37.922  52.064 0.1000000015
58545  -49.360  -37.045  51.175 0.1000000015
58546  -49.768  -36.632  51.459 0.1000000015
134260  -50.920  -37.271  52.122 0.1000000015
57664  -47.734  -37.321  50.858 0.1000000015
59317  -47.853  -35.674  63.935 0.1000000015
128630  -51.125  -37.788  61.320 0.1000000015
58454  -49.476  -37.223  61.791 0.1000000015
58455  -50.328  -37.574  61.493 0.1000000015
132232  -52.418  -37.470  60.270 0.1000000015
59340  -53.259  -36.634  58.532 0.1000000015
58462  -50.825  -37.237  60.794 0.1000000015
59322  -48.759  -36.740  62.126 0.1000000015
59378  -55.199  -37.405  55.705 0.1000000015
59359  -54.199  -36.651  57.646 0.1000000015
130455  -52.431  -36.474  59.097 0.1000000015
59377  -54.805  -36.584  55.970 0.1000000015
126346  -54.390  -36.321  56.868 0.1000000015
59339  -51.883  -35.767  59.119 0.1000000015
60300  -54.210  -36.194  55.519 0.1000000015
129745  -53.387  -35.340  56.403 0.1000000015
138558  -53.452  -35.802  55.513 0.1000000015
60286  -53.121  -35.021  57.269 0.1000000015
59411  -52.776  -36.815  53.799 0.1000000015
61233  -52.787  -34.674  57.051 0.1000000015
60298  -52.040  -35.510  55.684 0.1000000015
61232  -52.192  -34.322  57.180 0.1000000015
59423  -50.874  -36.789  52.749 0.1000000015
58537  -50.821  -36.864  52.111 0.1000000015
59428  -49.024  -36.645  51.528 0.1000000015
58526  -47.905  -36.576  51.607 0.1000000015
59429  -50.358  -36.520  52.008 0.1000000015
59433  -49.406  -36.696  51.367 0.1000000015
59409  -50.341  -36.420  54.264 0.1000000015
60296  -50.038  -35.688  56.351 0.1000000015
59333  -49.674  -36.117  60.789 0.1000000015
60241  -50.240  -35.573  60.218 0.1000000015
60271  -52.238  -34.785  58.474 0.1000000015
56561  -53.024  -39.091  62.777 0.1000000015
20123  -34.343  -77.768  73.303 0.1000000015
20137  -34.550  -77.843  72.966 0.1000000015
20978  -33.833  -77.461  73.556 0.1000000015
20980  -34.425  -77.266  73.353 0.1000000015
21002  -34.296  -78.123  72.016 0.1000000015
21870  -22.254  -77.148  83.236 0.1000000015
21888  -19.046  -76.507  80.310 0.1000000015
21944  -33.934  -76.910  73.716 0.1000000015
21964  -34.633  -76.962  72.890 0.1000000015
22792  -22.598  -75.766  83.466 0.1000000015
22879  -34.432  -76.200  73.814 0.1000000015
22903  -26.037  -74.919  70.743 0.1000000015
23713  -22.925  -74.753  84.947 0.1000000015
23830  -33.279  -74.677  75.640 0.1000000015
23843  -32.389  -74.544  76.292 0.1000000015
24690  -21.780  -74.244  83.163 0.1000000015
24700  -18.539  -73.615  80.946 0.1000000015
24722  -31.858  -74.177  77.098 0.1000000015
24732  -31.781  -74.347  76.812 0.1000000015
24733  -32.949  -74.346  76.175 0.1000000015
24757  -33.832  -74.532  73.962 0.1000000015
24772  -29.423  -73.886  71.961 0.2000000030
24776  -21.798  -73.239  71.481 0.1000000015
24781  -26.670  -73.569  70.397 0.1000000015
25567  -17.606  -72.400  88.245 0.1000000015
25636  -29.831  -72.718  78.180 0.1000000015
25653  -32.784  -73.862  76.276 0.1000000015
25698  -22.456  -72.734  70.126 0.1000000015
25700  -26.088  -72.712  69.923 0.1000000015
25712  -26.179  -71.772  69.760 0.1000000015
26476  -19.460  -71.630  82.875 0.1000000015
26488  -16.836  -71.748  80.109 0.1000000015
26534  -29.055  -71.720  75.445 0.1000000015
26584  -21.125  -72.301  70.236 0.1000000015
26596  -23.248  -71.862  69.183 0.1000000015
26605  -23.478  -71.118  68.767 0.1000000015
27443  -28.479  -70.549  75.329 0.1000000015
27472  -27.573  -70.183  72.372 0.2000000030
27485  -18.800  -71.312  70.819 0.2000000030
27487  -27.407  -70.521  71.613 0.2000000030
27500  -26.644  -70.398  70.380 0.2000000030
27507  -20.512  -70.902  69.203 0.1000000015
27508  -21.300  -71.062  68.953 0.1000000015
27509  -22.078  -71.171  68.737 0.1000000015
27510  -25.115  -70.652  69.088 0.1000000015
27521  -23.763  -70.353  68.467 0.1000000015
28289  -19.369  -69.017  82.807 0.1000000015
28365  -16.790  -69.929  73.059 0.1000000015
28381  -27.502  -69.496  72.405 0.2000000030
28394  -27.180  -69.380  71.570 0.2000000030
29156  -23.042  -69.013  86.876 0.1000000015
29182  -22.778  -68.824  85.596 0.1000000015
29194  -22.207  -67.929  84.020 0.1000000015
29195  -22.502  -68.073  84.707 0.1000000015
29209  -18.078  -68.681  81.240 0.1000000015
29211  -19.748  -68.146  81.983 0.1000000015
29216  -17.586  -68.781  80.705 0.1000000015
29238  -16.558  -68.417  78.044 0.1000000015
29266  -16.440  -68.525  76.313 0.1000000015
29281  -16.458  -68.449  74.980 0.1000000015
29303  -28.975  -68.265  74.887 0.1000000015
29318  -16.708  -68.468  73.270 0.2000000030
29335  -28.134  -68.297  72.870 0.1000000015
29366  -26.603  -68.977  70.339 0.2000000030
29378  -18.429  -68.334  68.876 0.1000000015
29390  -20.044  -68.815  67.983 0.1000000015
29395  -25.093  -69.146  68.527 0.2000000030
29403  -22.045  -68.391  67.242 0.1000000015
30186  -21.893  -67.456  80.621 0.1000000015
30199  -22.294  -67.383  79.260 0.1000000015
30210  -22.173  -67.525  78.461 0.1000000015
30222  -17.435  -67.213  77.770 0.1000000015
30226  -22.421  -67.295  78.035 0.2000000030
30240  -21.498  -67.387  75.981 0.2000000030
30257  -21.536  -67.164  75.280 0.2000000030
30258  -21.945  -67.412  75.715 0.2000000030
30260  -29.253  -68.185  75.695 0.1000000015
30311  -16.875  -67.860  72.742 0.2000000030
30313  -27.888  -68.154  72.214 0.2000000030
30314  -28.448  -67.733  72.509 0.2000000030
30343  -17.507  -67.741  70.027 0.1000000015
30375  -18.819  -67.817  68.130 0.1000000015
30380  -26.298  -67.471  68.486 0.2000000030
30388  -20.865  -67.772  66.922 0.1000000015
30392  -25.275  -67.121  67.322 0.2000000030
30400  -21.237  -67.171  66.528 0.1000000015
31107  -19.515  -66.469  86.190 0.1000000015
31130  -18.726  -65.478  85.439 0.1000000015
31201  -20.901  -67.115  77.016 0.2000000030
31202  -22.601  -67.003  77.540 0.2000000030
31208  -18.106  -66.518  76.920 0.2000000030
31210  -20.367  -66.611  76.488 0.2000000030
31212  -22.503  -66.822  76.553 0.2000000030
31224  -31.244  -66.454  75.933 0.1000000015
31232  -21.288  -66.802  74.689 0.2000000030
31234  -22.180  -66.765  74.930 0.2000000030
31235  -29.904  -67.245  74.106 0.1000000015
31236  -30.250  -67.103  74.945 0.1000000015
31237  -31.013  -66.452  74.926 0.1000000015
31256  -20.806  -66.190  73.401 0.2000000030
31278  -17.332  -66.323  72.740 0.2000000030
31309  -29.226  -66.262  70.821 0.2000000030
31326  -17.873  -66.940  68.902 0.2000000030
31328  -27.613  -66.825  69.337 0.2000000030
31348  -26.645  -66.764  68.161 0.2000000030
31357  -18.603  -66.267  67.654 0.1000000015
31372  -19.981  -66.411  66.645 0.1000000015
31375  -22.601  -66.624  66.173 0.1000000015
31378  -25.230  -66.113  66.571 0.2000000030
32086  -18.832  -65.189  85.602 0.1000000015
32159  -22.248  -66.505  79.155 0.2000000030
32167  -22.400  -66.651  77.915 0.2000000030
32182  -22.383  -66.158  76.401 0.2000000030
32183  -22.457  -66.372  75.876 0.2000000030
32191  -22.385  -66.444  75.276 0.2000000030
32199  -19.150  -65.698  74.627 0.2000000030
32211  -20.393  -65.653  72.996 0.2000000030
32212  -22.181  -65.950  73.582 0.1000000015
32231  -20.155  -65.035  72.479 0.2000000030
32233  -21.911  -65.751  72.524 0.1000000015
32265  -29.614  -65.564  70.409 0.2000000030
32276  -28.032  -66.147  68.921 0.2000000030
32277  -28.674  -65.772  69.322 0.2000000030
32333  -23.055  -65.952  65.800 0.1000000015
32337  -26.832  -65.050  66.765 0.2000000030
32347  -21.698  -65.309  65.669 0.2000000030
32350  -24.589  -65.171  65.779 0.2000000030
33104  -31.800  -64.560  72.878 0.1000000015
33113  -22.448  -65.041  72.473 0.2000000030
33114  -31.216  -64.872  72.136 0.1000000015
33132  -19.792  -64.427  71.803 0.4000000060
33154  -19.231  -63.865  71.104 0.4000000060
33157  -31.050  -64.200  70.943 0.1000000015
33180  -28.858  -64.659  68.471 0.2000000030
33192  -18.554  -64.814  67.783 0.2000000030
33193  -19.029  -64.063  67.437 0.3000000119
33194  -27.927  -64.588  67.382 0.2000000030
33196  -29.444  -63.462  68.170 0.2000000030
33216  -25.384  -64.945  65.918 0.2000000030
33971  -32.877  -63.753  73.995 0.1000000015
33976  -21.809  -63.616  73.524 0.3000000119
34000  -22.551  -63.962  71.659 0.5000000000
34015  -21.121  -63.085  71.060 0.4000000060
34017  -22.425  -63.230  71.335 0.5000000000
34041  -30.005  -64.111  69.376 0.2000000030
34088  -25.874  -64.364  65.874 0.2000000030
34105  -20.521  -63.488  65.885 0.3000000119
34107  -22.878  -63.542  65.173 0.3000000119
34108  -23.812  -63.660  65.167 0.2000000030
34734  -31.860  -60.823  88.275 0.8000000119
34780  -13.434  -62.040  83.714 0.3000000119
34832  -25.978  -62.592  78.282 0.8999999762
34853  -33.133  -62.029  77.026 0.1000000015
34878  -33.277  -62.066  73.064 0.1000000015
34892  -32.521  -62.639  71.612 0.1000000015
34906  -21.391  -62.499  70.795 0.6999999881
34929  -19.660  -62.496  69.893 0.4000000060
34931  -31.298  -62.705  69.531 0.1000000015
34958  -30.056  -62.213  67.682 0.2000000030
34970  -20.313  -62.142  66.628 0.5000000000
34973  -27.673  -62.787  66.227 0.2000000030
34992  -21.062  -62.826  65.607 0.3000000119
34996  -25.500  -62.722  65.186 0.2000000030
35628  -13.474  -60.250  95.789 0.2000000030
35732  -28.254  -61.494  84.723 0.8999999762
35780  -34.433  -61.538  79.794 0.1000000015
35796  -26.633  -61.896  78.693 0.8999999762
35807  -32.874  -60.637  77.834 0.1000000015
35851  -26.118  -61.062  73.313 1.0000000000
35868  -33.201  -60.976  71.718 0.1000000015
35884  -31.914  -61.914  69.492 0.1000000015
35904  -32.492  -61.046  69.549 0.1000000015
35936  -30.564  -61.364  67.525 0.2000000030
35948  -20.656  -61.249  66.609 0.5000000000
35950  -27.990  -62.117  65.950 0.2000000030
35968  -22.509  -61.212  64.917 0.3000000119
35969  -26.919  -61.655  65.173 0.2000000030
35971  -28.225  -61.415  65.605 0.2000000030
36577  -10.933  -60.347  96.265 0.1000000015
36598  -19.910  -59.645  94.733 0.6000000238
36675  -14.875  -59.892  88.943 0.4000000060
36773  -24.545  -60.609  81.408 0.8000000119
36786  -26.753  -60.590  79.348 1.0000000000
36817  -33.052  -60.213  77.937 0.1000000015
36853  -32.568  -59.553  73.725 0.1000000015
36899  -24.769  -60.753  71.524 0.8999999762
36900  -25.187  -60.077  71.545 0.8999999762
36939  -22.622  -60.077  70.093 0.6999999881
36955  -20.657  -60.566  68.441 0.5000000000
36957  -31.804  -60.594  68.291 0.1000000015
36971  -30.691  -60.680  67.158 0.2000000030
36999  -29.099  -60.235  65.488 0.2000000030
37007  -22.804  -60.495  64.738 0.3000000119
37009  -25.472  -60.506  64.149 0.2000000030
37012  -27.955  -60.193  64.736 0.2000000030
37588  -17.514  -59.442  95.424 0.1000000015
37592  -20.938  -58.564  94.539 0.2000000030
37662  -34.779  -58.686  88.672 0.8999999762
37729  -14.584  -59.641  84.390 0.4000000060
37738  -33.002  -58.528  85.272 1.0000000000
37802  -33.000  -59.709  77.547 0.1000000015
37830  -25.983  -59.862  74.191 0.8999999762
37844  -26.252  -60.323  73.881 1.0000000000
37879  -24.916  -59.369  70.848 0.8999999762
37890  -24.066  -59.206  70.035 0.8000000119
37919  -21.512  -59.571  66.464 0.6000000238
37921  -30.179  -59.805  66.192 0.2000000030
37935  -23.138  -59.662  64.568 0.2000000030
37937  -24.495  -59.134  63.777 0.2000000030
37938  -25.791  -59.765  63.907 0.2000000030
37941  -28.379  -59.429  64.682 0.2000000030
38464  -14.882  -58.963  95.380 0.2000000030
38478  -16.322  -58.368  95.051 0.1000000015
38570  -35.428  -57.747  87.899 0.8999999762
38613  -15.500  -58.808  84.115 0.4000000060
38622  -33.593  -58.130  85.369 1.0000000000
38642  -15.818  -58.618  82.907 0.5000000000
38644  -17.051  -58.087  82.094 0.6000000238
38688  -17.914  -58.790  78.827 0.3000000119
38711  -34.297  -58.925  77.514 0.1000000015
38715  -19.629  -58.582  77.072 0.6000000238
38717  -21.341  -58.293  76.446 0.6000000238
38729  -24.733  -58.225  75.141 0.8999999762
38787  -32.350  -58.268  71.508 0.1000000015
38804  -25.125  -58.944  70.938 0.8999999762
38821  -24.427  -58.558  69.927 0.8000000119
38841  -23.510  -58.309  68.746 0.6000000238
38843  -32.326  -58.314  68.827 0.1000000015
38864  -23.256  -57.946  67.970 0.6000000238
38865  -31.660  -58.809  67.482 0.2000000030
38881  -23.215  -57.768  66.191 0.6000000238
38883  -30.733  -58.648  66.432 0.2000000030
38903  -23.777  -58.201  64.534 0.4000000060
38906  -28.687  -57.952  64.513 0.2000000030
38915  -24.964  -58.508  63.664 0.2000000030
38917  -26.717  -58.204  63.595 0.2000000030
39553  -35.582  -56.709  86.968 1.0000000000
39568  -35.387  -56.399  86.360 1.0000000000
39615  -18.245  -57.962  79.500 0.6000000238
39637  -20.337  -57.830  77.706 0.6000000238
39640  -34.417  -58.355  77.364 0.1000000015
39686  -31.692  -56.902  72.280 0.1000000015
39702  -24.584  -57.727  70.689 0.6999999881
39762  -31.158  -57.374  67.130 0.2000000030
39782  -38.235  -57.999  66.087 0.1000000015
39784  -40.185  -57.972  65.358 0.1000000015
39801  -40.474  -57.484  64.905 0.1000000015
39811  -24.434  -56.976  64.569 0.4000000060
39817  -39.831  -57.231  64.563 0.1000000015
39826  -25.407  -57.804  63.600 0.2000000030
40414  -35.405  -56.106  89.849 0.8999999762
40442  -35.851  -56.645  88.546 0.8999999762
40451  -32.379  -56.917  87.323 0.2000000030
40479  -35.564  -55.743  86.269 1.0000000000
40539  -38.191  -55.737  79.018 0.1000000015
40586  -24.152  -57.214  71.872 0.8000000119
40614  -31.151  -55.902  70.415 0.1000000015
40639  -24.267  -56.887  68.492 0.6000000238
40687  -30.197  -56.722  66.100 0.2000000030
40694  -43.896  -56.995  65.375 0.1000000015
40702  -24.529  -56.368  64.930 0.4000000060
40703  -25.102  -56.396  64.351 0.3000000119
40705  -26.820  -56.204  63.910 0.2000000030
40707  -35.694  -56.158  65.009 0.1000000015
40710  -38.155  -56.417  63.996 0.1000000015
40712  -40.607  -56.833  64.466 0.1000000015
40720  -26.323  -56.736  63.754 0.3000000119
41410  -37.955  -55.053  79.018 0.1000000015
41438  -25.853  -55.029  76.096 0.8999999762
41446  -33.004  -55.400  74.025 0.1000000015
41448  -36.227  -55.254  74.478 0.1000000015
41536  -34.544  -55.426  66.193 0.1000000015
41562  -25.669  -55.524  64.495 0.3000000119
42207  -29.441  -54.089  85.212 0.1000000015
42285  -38.511  -54.649  78.880 0.1000000015
42299  -39.307  -54.837  78.312 0.1000000015
42308  -35.086  -54.684  76.509 0.1000000015
42311  -39.220  -54.149  78.000 0.1000000015
42328  -38.356  -53.043  75.604 0.1000000015
42346  -31.515  -54.978  72.033 0.1000000015
42370  -23.880  -54.772  69.085 0.4000000060
42414  -28.112  -53.823  65.852 0.2000000030
42432  -25.732  -54.226  65.286 0.3000000119
42451  -27.100  -54.799  64.597 0.3000000119
42468  -38.582  -54.695  63.014 0.1000000015
43043  -32.386  -52.864  92.072 0.3000000119
43045  -33.340  -53.333  91.916 0.5000000000
43054  -32.160  -53.334  91.420 0.3000000119
43055  -32.500  -53.573  91.529 0.4000000060
43064  -31.805  -53.455  90.367 0.3000000119
43138  -32.644  -53.496  82.269 1.0000000000
43186  -29.155  -53.213  77.864 1.0000000000
43188  -38.348  -53.629  77.762 0.1000000015
43203  -38.544  -53.178  76.899 0.1000000015
43206  -26.338  -53.627  75.607 0.8999999762
43225  -25.562  -52.897  74.281 0.8999999762
43226  -32.719  -53.896  73.386 0.1000000015
43234  -24.622  -53.162  73.143 0.8999999762
43275  -24.249  -52.844  68.237 0.4000000060
43289  -24.663  -53.025  66.881 0.4000000060
43322  -25.629  -53.465  65.814 0.3000000119
43325  -34.548  -54.186  65.912 0.2000000030
43351  -35.811  -53.470  63.858 0.2000000030
43979  -33.833  -52.165  92.368 0.6999999881
43993  -32.028  -52.856  91.817 0.3000000119
44022  -31.530  -53.087  90.104 0.1000000015
44093  -32.941  -52.752  82.413 1.0000000000
44138  -45.333  -52.188  77.156 0.8999999762
44153  -45.557  -52.298  76.919 0.8999999762
44166  -45.993  -52.312  76.625 0.8999999762
44175  -38.374  -51.365  75.183 0.1000000015
44187  -38.348  -51.148  75.008 0.1000000015
44206  -31.670  -53.306  71.326 0.1000000015
44213  -42.899  -52.553  71.455 0.6999999881
44247  -24.656  -52.060  68.156 0.4000000060
44292  -26.273  -52.339  66.337 0.2000000030
44371  -40.100  -52.481  62.689 0.2000000030
44405  -46.635  -52.553  60.496 0.1000000015
45083  -35.781  -50.998  84.627 1.0000000000
45119  -32.051  -51.346  80.942 1.0000000000
45129  -30.720  -51.891  79.238 1.0000000000
45131  -46.400  -51.557  79.384 0.8999999762
45132  -46.752  -51.489  79.555 0.8999999762
45144  -47.033  -51.608  79.015 0.8999999762
45154  -45.368  -52.022  77.695 0.8000000119
45193  -43.944  -52.271  73.962 0.6999999881
45221  -24.358  -52.085  71.117 0.4000000060
45244  -24.450  -51.567  69.773 0.4000000060
45261  -32.107  -51.189  68.728 0.1000000015
45283  -48.000  -49.928  67.244 0.1000000015
45887  -34.430  -50.243  92.734 0.4000000060
45892  -33.996  -50.785  92.686 0.4000000060
45922  -32.442  -51.412  89.665 0.1000000015
46003  -38.387  -49.676  83.122 1.0000000000
46045  -33.088  -49.787  80.645 0.8999999762
46070  -45.761  -51.528  79.142 0.8999999762
46083  -47.439  -51.079  78.210 0.8999999762
46110  -28.695  -49.320  75.302 0.5000000000
46128  -47.500  -50.017  74.111 1.0000000000
46131  -25.957  -50.099  72.371 0.4000000060
46191  -26.428  -49.925  67.714 0.2000000030
46252  -38.055  -50.498  62.898 0.2000000030
46265  -39.427  -50.204  62.641 0.3000000119
46292  -47.842  -50.545  57.550 0.1000000015
46370  -55.994  -49.705  53.604 0.1000000015
46822  -34.844  -50.047  92.804 0.4000000060
46829  -36.192  -49.134  92.318 0.3000000119
46846  -38.878  -49.385  89.447 0.6000000238
46891  -40.800  -48.791  87.106 0.8999999762
46943  -38.730  -49.305  82.617 1.0000000000
46959  -46.567  -49.543  81.139 0.6999999881
46979  -46.683  -50.200  80.698 0.6999999881
46980  -47.023  -50.161  80.680 0.8000000119
46994  -35.560  -48.832  80.077 0.8999999762
47023  -30.684  -49.505  77.381 0.6999999881
47112  -26.514  -49.364  68.214 0.2000000030
47119  -28.411  -49.358  67.415 0.2000000030
47236  -57.830  -48.328  55.757 0.1000000015
47744  -40.904  -48.620  88.150 0.8000000119
47767  -40.893  -48.483  86.981 0.8999999762
47804  -39.383  -49.017  83.263 0.8999999762
47815  -46.869  -48.244  81.667 0.6999999881
47824  -38.487  -48.762  81.644 0.8999999762
47825  -46.410  -48.938  81.408 0.8000000119
47827  -47.184  -48.805  81.396 0.6999999881
47851  -45.031  -48.940  80.022 0.6999999881
47908  -28.446  -48.123  73.336 0.5000000000
47910  -29.700  -47.840  73.838 0.5000000000
47933  -44.979  -49.057  71.249 0.8000000119
48028  -46.136  -48.906  60.170 0.2000000030
48078  -57.852  -47.976  55.115 0.1000000015
48130  -56.972  -47.033  52.784 0.1000000015
48657  -39.087  -48.819  82.571 0.8999999762
48666  -46.574  -48.341  81.624 0.6999999881
48676  -45.343  -47.820  80.973 0.6999999881
48677  -45.873  -48.342  81.367 0.6999999881
48678  -47.377  -48.400  81.308 0.4000000060
48679  -47.633  -47.659  81.008 0.5000000000
48814  -40.892  -47.690  67.826 0.4000000060
48846  -38.531  -47.233  64.156 0.3000000119
48952  -57.373  -47.156  53.656 0.1000000015
49522  -45.762  -46.193  82.137 0.6000000238
49523  -46.354  -46.917  82.126 0.6999999881
49525  -47.185  -46.727  82.296 0.4000000060
49526  -47.577  -46.405  82.079 0.6000000238
49603  -51.798  -46.256  75.194 0.6999999881
49612  -46.587  -46.269  75.076 0.4000000060
49639  -41.580  -46.344  71.243 0.5000000000
49703  -38.685  -46.595  64.538 0.3000000119
49743  -47.470  -47.051  58.492 0.1000000015
50360  -46.668  -45.259  82.756 0.6000000238
50361  -47.080  -45.230  82.743 0.6999999881
50390  -48.016  -45.800  81.700 0.3000000119
50480  -51.233  -46.407  75.386 0.6999999881
50481  -52.313  -45.612  75.225 0.6999999881
50526  -40.076  -44.843  70.155 0.5000000000
50547  -34.074  -45.421  68.655 0.2000000030
50572  -38.976  -45.928  64.859 0.3000000119
50573  -39.531  -45.238  65.109 0.4000000060
50614  -51.633  -46.774  61.026 0.1000000015
50654  -51.461  -44.760  56.337 0.1000000015
50699  -55.290  -44.523  54.170 0.1000000015
51220  -41.714  -44.278  88.838 0.3000000119
51312  -48.822  -44.354  81.196 0.2000000030
51387  -52.436  -44.969  75.349 0.6999999881
51398  -38.587  -43.582  75.166 0.8000000119
51405  -49.075  -45.223  74.706 0.6000000238
51407  -50.852  -44.788  75.145 0.6000000238
51434  -50.615  -45.027  72.953 0.6999999881
51450  -54.789  -43.841  72.183 0.6999999881
51469  -39.452  -44.581  69.881 0.5000000000
51479  -44.377  -44.451  69.086 0.6999999881
51485  -41.803  -44.618  67.312 0.4000000060
51529  -42.348  -44.457  62.484 0.3000000119
51548  -54.405  -44.680  61.769 0.1000000015
51586  -52.352  -43.788  55.643 0.1000000015
51620  -55.477  -44.493  53.683 0.1000000015
52228  -41.452  -43.323  89.713 0.3000000119
52293  -46.132  -43.303  83.969 0.5000000000
52313  -46.807  -43.446  83.834 0.4000000060
52328  -48.652  -43.720  82.382 0.2000000030
52393  -52.859  -44.432  75.193 0.6999999881
52394  -53.283  -44.160  74.970 0.6999999881
52408  -52.253  -43.989  75.182 0.6999999881
52430  -54.530  -43.679  73.413 0.6000000238
52444  -34.056  -43.804  70.877 0.3000000119
52446  -35.457  -43.391  71.234 0.4000000060
52490  -43.727  -43.884  68.274 0.6000000238
52502  -56.587  -42.835  69.417 0.5000000000
52515  -41.779  -43.630  66.365 0.4000000060
52533  -41.260  -43.567  64.579 0.3000000119
52551  -43.463  -43.278  62.834 0.3000000119
52563  -56.000  -43.164  63.242 0.1000000015
53297  -47.540  -42.180  84.444 0.4000000060
53339  -49.738  -41.816  82.265 0.2000000030
53437  -44.830  -42.483  73.408 0.1000000015
53443  -55.033  -42.588  73.484 0.6000000238
53466  -56.634  -42.540  69.386 0.6000000238
53473  -47.932  -42.681  68.403 0.6000000238
53481  -56.655  -42.486  68.943 0.6000000238
53496  -56.845  -42.098  68.362 0.4000000060
54281  -41.191  -41.246  90.265 0.1000000015
54323  -46.130  -40.665  86.396 0.2000000030
54364  -49.710  -40.976  82.239 0.2000000030
54378  -49.821  -41.317  81.756 0.2000000030
54435  -48.475  -42.019  79.171 0.1000000015
54490  -54.374  -41.676  74.665 0.6000000238
54539  -56.732  -41.842  68.828 0.5000000000
54548  -53.519  -41.500  69.102 0.5000000000
54578  -46.046  -41.586  66.234 0.5000000000
54587  -57.117  -41.277  66.681 0.2000000030
54602  -57.224  -41.017  65.905 0.2000000030
54614  -56.998  -41.093  62.227 0.1000000015
55293  -42.467  -40.071  89.698 0.1000000015
55307  -44.957  -39.691  88.190 0.2000000030
55318  -45.412  -39.716  87.674 0.2000000030
55340  -47.606  -39.496  84.912 0.1000000015
55375  -49.220  -40.442  81.999 0.1000000015
55469  -54.029  -39.981  74.666 0.6000000238
55507  -54.941  -41.058  73.596 0.6000000238
55535  -51.054  -40.629  70.323 0.5000000000
55537  -52.574  -41.239  71.261 0.5000000000
55568  -51.056  -40.314  67.950 0.5000000000
55570  -53.989  -40.528  67.489 0.5000000000
55571  -56.756  -41.001  67.431 0.4000000060
55581  -57.070  -40.900  66.317 0.3000000119
55587  -56.756  -40.639  64.975 0.1000000015
55609  -47.764  -40.860  61.202 0.1000000015
55624  -56.806  -39.713  58.856 0.1000000015
56308  -45.747  -38.970  87.528 0.1000000015
56452  -49.987  -39.087  73.200 0.5000000000
56469  -52.730  -39.257  72.162 0.4000000060
56481  -46.315  -39.502  71.478 0.2000000030
56484  -50.869  -39.505  70.999 0.4000000060
56516  -49.438  -39.470  69.242 0.5000000000
56533  -49.407  -39.515  68.454 0.5000000000
56543  -52.127  -40.033  67.120 0.5000000000
56558  -55.118  -39.988  64.527 0.1000000015
56568  -57.147  -39.942  61.453 0.1000000015
56574  -57.162  -39.801  60.453 0.1000000015
56585  -57.089  -39.478  59.531 0.1000000015
56600  -56.719  -39.396  58.487 0.1000000015
57297  -43.911  -38.219  88.192 0.1000000015
57310  -46.042  -38.592  87.010 0.2000000030
57423  -53.306  -37.859  74.843 0.4000000060
57434  -46.326  -38.115  73.363 0.1000000015
57486  -48.706  -38.462  68.716 0.2000000030
57514  -48.427  -38.403  67.963 0.3000000119
57517  -49.147  -38.904  66.754 0.2000000030
57521  -49.175  -38.721  65.789 0.2000000030
57526  -49.191  -38.584  64.872 0.1000000015
57562  -57.120  -39.175  59.071 0.1000000015
57627  -55.248  -37.757  55.939 0.1000000015
58357  -54.141  -37.793  74.252 0.4000000060
58371  -54.070  -37.394  73.006 0.4000000060
58420  -47.886  -37.084  67.977 0.3000000119
58432  -47.708  -37.207  67.120 0.2000000030
58435  -47.653  -37.302  66.309 0.1000000015
58438  -47.691  -37.278  65.618 0.1000000015
58536  -50.147  -37.219  51.509 0.1000000015
59226  -46.992  -36.854  73.600 0.1000000015
59229  -54.279  -36.389  74.057 0.4000000060
59260  -46.936  -37.159  72.047 0.3000000119
59261  -47.458  -36.800  72.028 0.2000000030
59263  -53.022  -36.244  72.262 0.4000000060
59272  -50.496  -36.649  70.724 0.4000000060
59273  -51.347  -36.590  71.226 0.4000000060
59358  -52.730  -35.813  58.381 0.1000000015
60076  -48.864  -35.685  77.747 0.1000000015
60101  -49.628  -35.069  76.919 0.2000000030
60111  -48.566  -35.180  74.725 0.2000000030
60174  -50.069  -35.138  70.054 0.2000000030
60219  -47.645  -36.115  66.512 0.1000000015
60253  -51.523  -34.847  59.156 0.1000000015
60313  -54.383  -36.734  54.892 0.1000000015
61018  -49.753  -34.428  77.936 0.2000000030
61072  -50.421  -33.977  73.353 0.3000000119
61090  -49.068  -34.736  73.071 0.3000000119
61093  -54.154  -34.711  73.368 0.4000000060
61158  -48.689  -35.091  67.908 0.2000000030
61159  -49.242  -34.862  68.504 0.1000000015
62031  -50.146  -33.800  77.914 0.2000000030
62079  -51.156  -33.497  73.936 0.3000000119
62181  -53.508  -33.366  64.452 0.1000000015
63044  -48.840  -32.236  76.853 0.2000000030
63045  -49.762  -32.599  77.638 0.2000000030
63047  -51.580  -31.723  77.330 0.2000000030
63061  -48.189  -32.055  75.720 0.1000000015
63062  -51.768  -32.321  75.427 0.2000000030
63065  -54.424  -32.507  75.642 0.3000000119
63079  -53.508  -32.536  75.536 0.3000000119
63080  -53.983  -32.944  75.718 0.2000000030
63081  -54.940  -32.889  75.014 0.4000000060
63169  -54.658  -32.793  67.314 0.2000000030
63182  -57.335  -32.628  64.689 0.1000000015
63200  -57.884  -33.033  61.856 0.1000000015
63207  -57.790  -33.005  61.164 0.1000000015
63219  -57.631  -32.806  60.786 0.1000000015
63983  -49.198  -31.150  75.533 0.2000000030
64014  -54.486  -31.904  73.848 0.3000000119
64851  -51.885  -30.914  77.811 0.2000000030
64852  -52.354  -30.519  77.763 0.2000000030
64853  -52.527  -29.900  77.644 0.2000000030
64883  -50.449  -30.322  75.607 0.2000000030
64884  -51.097  -29.926  75.170 0.2000000030
65777  -51.954  -30.240  77.621 0.2000000030
65824  -51.309  -29.381  72.639 0.1000000015
65945  -58.883  -31.096  59.257 0.1000000015
66735  -54.196  -28.727  76.189 0.1000000015
66743  -53.731  -27.867  75.939 0.1000000015
66744  -54.383  -28.453  75.844 0.1000000015
67673  -54.445  -26.725  75.485 0.1000000015
67709  -50.234  -27.232  72.704 0.1000000015
68596  -53.670  -25.808  75.554 0.1000000015
68607  -54.470  -25.752  75.234 0.1000000015
68615  -50.620  -25.463  73.097 0.1000000015
68623  -49.443  -25.898  71.944 0.1000000015
68634  -48.974  -25.787  71.233 0.1000000015
68642  -56.816  -25.975  71.326 0.1000000015
68672  -57.606  -26.588  69.114 0.1000000015
69552  -53.846  -25.368  75.389 0.1000000015
69564  -52.642  -24.879  74.933 0.1000000015
69565  -53.367  -24.826  75.122 0.1000000015
69580  -54.659  -25.327  74.347 0.1000000015
69589  -50.811  -24.928  72.817 0.1000000015
69600  -56.328  -25.744  71.915 0.1000000015
69604  -49.434  -25.631  71.196 0.1000000015
69605  -56.533  -25.879  71.321 0.1000000015
122918  -39.340  -43.707  75.416 0.6999999881
122920  -46.210  -38.548  86.494 0.1000000015
122931  -56.122  -39.676  62.253 0.1000000015
123070  -24.331  -57.703  64.272 0.4000000060
123103  -37.195  -51.485  63.395 0.2000000030
123521  -23.939  -55.560  68.568 0.5000000000
123713  -53.327  -39.692  64.795 0.1000000015
123796  -41.124  -52.691  69.853 0.6000000238
123891  -23.771  -54.631  72.085 0.8000000119
123955  -33.629  -59.370  77.718 0.1000000015
124058  -58.747  -27.346  66.211 0.1000000015
124124  -48.356  -45.188  81.376 0.3000000119
124194  -54.791  -31.641  75.013 0.3000000119
124310  -51.995  -24.553  73.766 0.1000000015
124313  -39.479  -52.571  68.349 0.3000000119
124497  -52.850  -24.653  73.874 0.1000000015
125083  -27.624  -56.462  64.023 0.3000000119
125092  -21.093  -76.458  81.915 0.1000000015
125287  -21.356  -64.508  71.611 0.4000000060
125514  -22.939  -73.139  70.339 0.1000000015
125762  -23.709  -55.196  70.739 0.6000000238
126082  -21.299  -66.510  73.942 0.2000000030
126182  -48.387  -36.987  68.783 0.3000000119
126266  -52.604  -37.697  71.937 0.4000000060
126319  -21.378  -58.829  93.856 0.3000000119
126921  -56.087  -47.609  52.587 0.1000000015
127052  -26.191  -58.955  63.666 0.2000000030
127179  -27.344  -63.622  66.431 0.2000000030
127286  -44.549  -48.270  79.462 0.6000000238
127945  -23.020  -69.556  67.907 0.1000000015
128024  -37.273  -47.138  78.882 0.8999999762
128712  -54.585  -43.902  61.548 0.1000000015
128789  -16.864  -67.369  75.216 0.2000000030
129268  -32.299  -58.717  75.126 0.1000000015
129941  -16.894  -59.964  80.060 0.5000000000
130113  -35.235  -55.112  90.264 0.8000000119
130252  -52.127  -39.773  74.504 0.5000000000
130637  -19.805  -79.516  81.542 0.1000000015
130748  -35.738  -56.841  89.020 0.8999999762
130764  -34.054  -78.727  72.022 0.1000000015
131460  -33.640  -52.793  92.098 0.6999999881
131574  -24.282  -62.044  72.195 0.6999999881
131682  -16.407  -68.705  75.685 0.1000000015
131888  -24.089  -56.437  68.948 0.6000000238
131994  -40.479  -45.632  63.376 0.3000000119
132078  -24.122  -57.209  68.213 0.6000000238
132472  -32.619  -65.398  76.454 0.1000000015
132591  -28.421  -68.989  74.755 0.1000000015
132791  -35.678  -48.989  92.579 0.3000000119
133045  -50.261  -39.582  67.201 0.3000000119
133122  -25.452  -68.481  68.508 0.2000000030
133460  -28.089  -57.796  64.117 0.2000000030
133496  -24.012  -60.338  70.835 0.8999999762
133624  -52.832  -34.989  72.222 0.4000000060
134040  -24.152  -56.391  67.130 0.4000000060
134246  -16.755  -60.012  94.990 0.3000000119
134663  -23.370  -72.016  86.258 0.1000000015
134696  -37.856  -43.681  76.269 0.8000000119
134800  -46.824  -38.925  71.400 0.2000000030
135250  -19.470  -73.650  81.596 0.1000000015
136465  -28.404  -70.724  73.889 0.2000000030
136515  -50.262  -47.876  56.355 0.1000000015
137376  -32.741  -73.107  74.373 0.1000000015
137587  -23.800  -56.351  72.348 0.8000000119
138077  -11.690  -59.934  96.241 0.1000000015
138123  -24.780  -58.454  72.563 0.8000000119
138290  -29.252  -69.398  78.458 0.1000000015
138587  -15.927  -70.791  83.968 0.1000000015
138858  -33.305  -61.639  73.748 0.1000000015
139111  -23.252  -67.902  67.107 0.1000000015
139151  -50.614  -42.511  68.105 0.5000000000
139192  -35.784  -44.294  69.170 0.2000000030
139201  -50.381  -46.288  75.436 0.6000000238
139278  -54.274  -42.882  68.220 0.5000000000
139315  -38.894  -56.249  63.833 0.1000000015
139360  -23.353  -59.345  82.880 0.8000000119
140664  -41.411  -49.568  63.407 0.2000000030
140717  -27.505  -51.556  66.681 0.2000000030
141031  -32.204  -57.802  70.203 0.1000000015
141035  -46.430  -41.438  65.610 0.3000000119
141200  -50.354  -36.681  51.735 0.1000000015
141257  -51.004  -41.509  73.978 0.6000000238
141349  -10.549  -62.409  92.431 0.2000000030
141673  -52.778  -39.734  66.018 0.2000000030
141794  -32.320  -57.552  73.918 0.1000000015
141837  -31.068  -60.071  67.124 0.2000000030
142156  -39.523  -49.991  85.161 0.8999999762
142185  -43.603  -39.540  89.282 0.1000000015
142561  -24.061  -52.793  71.036 0.5000000000
142563  -13.812  -64.005  83.124 0.1000000015
142578  -46.849  -51.263  79.956 0.8999999762
142611  -39.298  -50.406  87.939 0.8999999762
142773  -54.557  -44.229  63.029 0.1000000015
143048  -21.452  -68.833  67.562 0.1000000015
143079  -52.058  -24.700  74.315 0.1000000015
143315  -24.154  -56.207  68.276 0.5000000000
143613  -30.202  -61.518  87.823 0.8000000119
144070  -31.621  -57.730  83.640 1.0000000000
144088  -43.835  -44.517  81.536 0.8000000119
144340  -23.932  -55.754  73.038 0.8000000119
144356  -31.711  -56.906  70.790 0.1000000015
144370  -31.115  -51.173  67.820 0.1000000015
144678  -47.981  -49.787  75.621 1.0000000000
144705  -22.414  -67.084  80.067 0.1000000015
144810  -54.056  -43.789  74.192 0.6999999881
144973  -52.038  -28.780  73.603 0.1000000015
145138  -27.751  -67.583  70.773 0.2000000030
145308  -44.977  -45.066  70.023 0.8000000119
145499  -54.480  -39.550  73.531 0.5000000000
145615  -37.558  -57.917  71.980 0.1000000015
145647  -23.380  -69.960  86.378 0.1000000015
145940  -18.870  -63.260  68.815 0.3000000119
145996  -48.765  -37.133  69.283 0.3000000119
146018  -32.219  -63.091  71.649 0.1000000015
146320  -52.421  -33.495  71.722 0.4000000060
146414  -47.888  -36.442  63.630 0.1000000015
146580  -33.861  -53.812  67.801 0.2000000030
146609  -56.356  -40.701  67.230 0.3000000119
146680  -24.767  -72.451  69.544 0.1000000015
146756  -53.662  -43.820  74.634 0.6999999881
147113  -54.737  -43.982  54.145 0.1000000015
147236  -27.026  -57.593  63.626 0.2000000030
147495  -20.990  -60.817  66.275 0.4000000060
147786  -46.841  -39.288  86.149 0.1000000015
147930  -24.508  -61.558  78.518 0.8999999762
148078  -21.670  -63.477  71.249 0.3000000119
148211  -47.777  -49.525  73.831 1.0000000000
148368  -19.810  -67.024  66.998 0.1000000015
148401  -18.241  -65.024  68.264 0.3000000119
148420  -18.102  -71.874  88.089 0.1000000015
148466  -43.379  -38.939  89.256 0.1000000015
148548  -16.544  -71.585  79.586 0.1000000015
148611  -24.308  -51.994  69.474 0.4000000060
