#!ascii label  , from subject sub-01 vox2ras=TkReg
3720
1823  1.753  -103.583  12.441 0.6999999881
1044  1.414  -105.080  10.891 0.6999999881
437  0.402  -106.947  12.946 0.6000000238
44  -1.882  -108.413  16.108 0.8000000119
1060  2.174  -105.298  10.250 0.5000000000
448  0.799  -106.879  11.445 0.5000000000
135551  -1.042  -107.585  14.083 0.8000000119
187  -1.145  -107.561  12.935 0.8000000119
298  1.051  -107.173  10.249 0.6000000238
130098  0.847  -103.672  14.960 0.6999999881
1803  -0.487  -103.707  14.490 0.8999999762
1801  1.477  -103.801  14.585 0.6999999881
2  -3.449  -108.477  21.910 0.6999999881
134798  -3.083  -108.560  17.102 0.8000000119
188  -1.793  -107.548  13.367 0.8000000119
214  -0.700  -107.250  10.183 0.6000000238
198  -1.483  -107.373  12.333 0.6999999881
1470  2.212  -103.003  7.812 0.5000000000
125240  -2.544  -105.698  26.280 0.5000000000
1664  -3.719  -103.655  26.933 0.5000000000
338  -2.805  -106.934  25.899 0.5000000000
126879  -3.273  -107.553  25.181 0.6000000238
221  -3.921  -107.480  25.269 0.5000000000
561  -0.391  -106.112  26.653 0.5000000000
97  -2.565  -107.640  24.675 0.6999999881
141399  0.414  -106.302  26.141 0.6000000238
136340  -2.274  -108.457  22.090 0.6999999881
1800  1.475  -103.666  13.791 0.6999999881
1401  0.335  -103.902  12.926 0.6999999881
267  -0.697  -107.346  15.419 0.8000000119
20  -2.195  -108.227  20.014 0.8000000119
124  -2.736  -108.429  22.191 0.6999999881
140  -4.510  -108.326  20.699 0.6000000238
701  0.519  -106.126  12.535 0.6999999881
1420  1.466  -103.809  11.825 0.6000000238
245  -4.419  -108.315  19.244 0.6000000238
250  -4.442  -108.249  18.404 0.6999999881
148170  -0.993  -107.400  11.422 0.6000000238
181  -3.045  -107.825  14.592 0.8000000119
153  -4.142  -108.322  17.052 0.8000000119
140141  -2.787  -107.243  13.062 0.8000000119
278  -3.306  -107.445  14.266 0.8000000119
141640  -0.821  -101.625  7.631 0.6999999881
1894  0.853  -101.440  7.573 0.5000000000
1500  -2.587  -103.824  4.261 0.6000000238
1912  -3.190  -103.114  4.433 0.6000000238
2076  0.123  -101.755  34.028 0.4000000060
2077  -0.583  -101.799  33.390 0.4000000060
2586  1.175  -101.242  32.595 0.6000000238
2084  0.271  -101.544  32.842 0.6000000238
129551  -0.923  -101.749  32.597 0.6000000238
2112  -1.265  -103.552  30.779 0.6000000238
1643  -3.274  -104.263  30.251 0.3000000119
2603  0.641  -101.070  30.275 0.6000000238
133927  0.406  -101.305  31.286 0.6000000238
2111  -0.797  -102.287  30.258 0.6000000238
129350  -0.721  -104.852  29.788 0.5000000000
1259  -2.901  -103.786  27.224 0.4000000060
1257  -0.196  -105.266  27.846 0.5000000000
1256  0.126  -105.114  28.306 0.6000000238
2615  0.659  -100.781  28.605 0.6000000238
2129  0.050  -102.972  28.202 0.6000000238
5026  -6.682  -97.365  22.521 0.8999999762
1280  1.090  -105.221  26.116 0.6999999881
378  -1.775  -107.899  21.159 0.6999999881
121  -1.676  -108.126  22.263 0.6999999881
1809  1.032  -103.557  13.203 0.8000000119
1027  -0.034  -105.578  13.001 0.6999999881
400  -1.791  -107.917  18.984 0.8000000119
132  -1.759  -108.294  21.251 0.6999999881
236  -5.752  -107.931  21.354 0.6000000238
149  -1.901  -108.049  18.833 0.8000000119
22  -3.021  -108.733  20.185 0.6999999881
7  -4.221  -108.519  21.018 0.6999999881
139099  0.148  -104.666  12.734 0.6999999881
682  -0.141  -106.729  13.965 0.6999999881
168  -1.932  -108.080  14.852 0.8000000119
246  -5.097  -107.751  19.677 0.6000000238
1848  2.142  -103.580  11.804 0.6000000238
277  0.253  -107.008  13.264 0.6999999881
127891  -3.420  -108.513  16.961 0.8000000119
256  -5.034  -107.616  18.467 0.6000000238
196  -0.037  -107.418  11.982 0.6000000238
211  1.094  -107.180  10.106 0.5000000000
312  -0.255  -107.242  9.556 0.6000000238
1081  2.544  -103.132  7.166 0.5000000000
1482  2.632  -101.754  7.211 0.5000000000
2381  -1.713  -102.217  5.185 0.6000000238
128433  -5.265  -104.322  5.431 0.6999999881
1107  -2.817  -105.255  5.429 0.6000000238
1084  -5.822  -106.164  7.323 0.6000000238
2050  -0.598  -102.310  36.812 0.3000000119
2069  0.161  -101.635  35.006 0.4000000060
2051  -1.139  -102.608  36.492 0.3000000119
3127  1.061  -100.597  33.197 0.5000000000
138584  -1.872  -102.321  33.983 0.4000000060
134469  0.782  -101.323  33.352 0.4000000060
3724  -0.101  -99.566  32.690 0.5000000000
2585  1.340  -100.919  32.706 0.5000000000
130709  -0.253  -99.754  31.053 0.6000000238
3723  0.597  -99.864  32.464 0.5000000000
126404  1.129  -100.313  30.143 0.6000000238
3746  0.115  -99.637  30.247 0.6000000238
133569  -1.331  -104.730  29.831 0.4000000060
141877  0.829  -100.660  29.414 0.6000000238
1230  -0.269  -104.487  29.496 0.6000000238
4400  -1.499  -99.118  27.638 0.6999999881
3765  0.392  -99.632  28.458 0.6000000238
1255  0.383  -104.892  28.291 0.6000000238
1269  -3.174  -104.502  26.569 0.5000000000
1662  1.148  -104.439  26.670 0.6000000238
876  0.763  -105.448  26.961 0.6000000238
98  -3.293  -107.665  24.623 0.6000000238
122990  0.541  -106.284  25.291 0.6999999881
1389  -1.126  -104.257  14.541 0.8000000119
133665  -4.728  -108.238  22.293 0.6000000238
132748  -5.976  -107.904  22.372 0.6000000238
1028  -0.309  -104.559  13.381 0.6999999881
671  -0.967  -105.709  14.957 0.8000000119
647  -1.014  -106.940  16.656 0.8000000119
150  -4.230  -108.373  18.437 0.6999999881
138999  -0.438  -106.431  15.033 0.8000000119
55  -2.189  -108.456  16.095 0.8000000119
251  -5.513  -107.358  19.188 0.6000000238
67  -3.302  -108.090  15.150 0.8000000119
261  -4.626  -107.847  16.999 0.6999999881
3911  -15.778  -98.751  12.851 0.3000000119
3388  -13.700  -99.402  9.978 0.4000000060
210  -1.559  -107.216  11.348 0.6000000238
290  -2.906  -106.885  12.467 0.6000000238
123117  -3.814  -107.268  14.529 0.8000000119
3386  -11.712  -99.791  10.075 0.5000000000
3405  -12.549  -100.173  9.261 0.6000000238
731  -0.095  -105.728  8.985 0.5000000000
475  -0.087  -106.688  9.008 0.5000000000
1872  0.198  -102.420  8.980 0.6000000238
2847  -10.612  -101.305  8.613 0.6000000238
2365  -0.263  -101.469  6.856 0.5000000000
144313  -11.215  -102.069  8.646 0.6000000238
1503  -6.136  -104.152  5.645 0.8999999762
1108  -3.671  -105.329  5.928 0.6000000238
477  -6.566  -107.022  7.051 0.6999999881
137129  -5.729  -106.698  6.495 0.6000000238
2559  0.283  -101.015  37.102 0.3000000119
2039  -0.709  -102.299  37.608 0.3000000119
1614  -3.539  -104.672  32.231 0.4000000060
5644  -6.647  -96.706  22.406 1.0000000000
1599  -3.167  -103.281  33.850 0.5000000000
126616  0.737  -99.860  30.912 0.6000000238
1613  -2.745  -104.356  31.807 0.4000000060
3144  1.174  -100.200  30.914 0.6000000238
1203  -3.417  -104.724  31.599 0.4000000060
1633  -0.891  -104.314  30.318 0.5000000000
1651  -2.873  -103.598  29.292 0.3000000119
4402  -3.149  -98.243  27.245 0.6999999881
130367  -1.900  -98.868  28.104 0.6999999881
2626  0.109  -101.809  28.407 0.6000000238
5659  -5.440  -96.610  21.743 1.0000000000
3166  0.450  -100.651  27.439 0.6000000238
1254  1.011  -105.138  27.142 0.6000000238
130331  -0.243  -106.510  26.274 0.6999999881
95  -1.568  -107.575  24.804 0.6999999881
125376  -0.366  -107.150  24.705 0.6999999881
112  -1.437  -107.696  23.124 0.6999999881
133598  -2.704  -108.079  23.148 0.6999999881
99  -4.192  -107.698  24.624 0.5000000000
983  -2.294  -104.793  16.307 0.8999999762
380  -1.870  -107.919  20.091 0.8000000119
125713  -1.917  -108.008  20.109 0.6999999881
648  -1.554  -106.322  17.111 0.8000000119
242  -6.074  -107.782  20.921 0.5000000000
284  -3.220  -106.945  12.991 0.8000000119
268  -4.027  -107.784  15.807 0.8000000119
300  -1.877  -106.998  11.003 0.6000000238
729  -1.646  -106.493  10.286 0.6000000238
2321  -3.157  -102.178  9.743 0.6000000238
3939  -13.105  -99.029  10.707 0.4000000060
3940  -13.989  -99.004  10.802 0.4000000060
1873  -0.586  -102.950  9.515 0.6000000238
2334  -1.387  -102.167  9.274 0.6000000238
2353  -3.633  -101.865  6.813 0.6999999881
3938  -12.162  -99.198  10.806 0.5000000000
1464  -0.562  -104.311  9.648 0.5000000000
1463  0.260  -103.391  9.230 0.6000000238
2846  -9.667  -100.633  8.143 0.6000000238
2848  -11.208  -101.126  8.980 0.6000000238
2366  -1.277  -101.706  6.314 0.6000000238
2367  -2.252  -102.046  5.967 0.6999999881
2382  -2.746  -102.381  4.852 0.6000000238
125012  -10.709  -104.249  8.434 0.5000000000
126799  -11.131  -104.897  8.306 0.5000000000
732  -9.174  -106.416  7.984 0.6999999881
741  -10.137  -107.364  7.356 0.6999999881
496  -5.583  -106.553  5.836 0.6000000238
500  -9.194  -107.048  6.476 0.6999999881
765  -7.329  -106.781  6.393 0.6999999881
499  -8.022  -107.162  6.664 0.6000000238
4896  0.288  -97.654  35.700 0.3000000119
4311  0.482  -98.501  36.139 0.3000000119
4322  0.326  -98.353  35.181 0.4000000060
4332  0.396  -99.248  34.809 0.5000000000
3114  0.548  -100.336  35.363 0.4000000060
125116  0.437  -100.921  36.014 0.4000000060
4344  -0.256  -99.155  34.015 0.5000000000
3119  0.797  -100.566  33.971 0.5000000000
3711  0.698  -100.085  33.109 0.5000000000
2070  -0.557  -102.090  34.979 0.4000000060
2064  -2.167  -102.771  35.433 0.4000000060
126407  -7.814  -96.258  24.891 0.8999999762
3738  -1.236  -99.762  31.653 0.5000000000
2594  1.285  -101.176  31.875 0.6000000238
2087  -2.480  -102.967  32.408 0.5000000000
2100  -2.161  -103.491  31.654 0.4000000060
6344  -4.264  -94.799  23.518 0.8999999762
6345  -5.456  -94.693  23.441 0.8999999762
4381  -4.160  -98.371  29.541 0.6000000238
1634  -1.373  -104.404  30.659 0.5000000000
5641  -3.716  -95.994  22.433 0.8999999762
5643  -6.161  -96.298  22.194 1.0000000000
4379  -2.653  -99.102  29.480 0.6000000238
4378  -0.970  -99.323  29.088 0.6000000238
3755  0.165  -99.570  29.278 0.6000000238
2130  -0.407  -102.927  29.030 0.6000000238
2632  0.568  -101.661  27.214 0.6000000238
141148  -3.143  -97.136  21.391 0.8000000119
1244  -1.270  -104.485  28.666 0.3000000119
125359  -2.778  -96.076  22.670 0.8999999762
134731  1.052  -103.617  26.841 0.6999999881
1258  -2.083  -104.310  27.342 0.3000000119
5038  -1.344  -97.817  21.531 0.6999999881
137337  0.178  -106.474  24.752 0.6999999881
997  -2.210  -104.195  15.879 1.0000000000
609  -1.400  -107.088  22.692 0.6999999881
132836  1.877  -104.615  16.441 0.5000000000
1777  0.975  -104.020  16.402 0.6000000238
1778  -0.680  -103.464  16.285 0.8999999762
630  -3.172  -106.543  19.316 0.8999999762
621  -2.154  -107.730  19.994 0.8000000119
1765  -0.635  -103.528  17.422 0.6999999881
637  -2.814  -106.337  18.397 0.8999999762
629  -2.499  -107.292  18.990 0.8000000119
142395  -5.922  -106.770  18.617 0.6000000238
450  -3.404  -106.664  12.502 0.8000000119
125953  -4.507  -107.366  15.548 0.6999999881
419  -5.199  -107.089  16.983 0.6999999881
710  -3.816  -106.274  12.328 0.8000000119
1063  -2.994  -105.789  11.048 0.8000000119
3923  -14.364  -98.725  11.681 0.3000000119
1072  -1.884  -105.650  10.277 0.6999999881
2308  -2.030  -102.838  10.267 0.6999999881
133283  -1.237  -105.706  9.847 0.5000000000
1071  -1.388  -104.844  9.987 0.6000000238
1454  -1.762  -104.237  10.385 0.6999999881
1869  -1.473  -102.869  9.944 0.6000000238
2333  -0.545  -101.916  8.824 0.6000000238
131892  -1.499  -101.749  8.303 0.6999999881
138935  -1.814  -101.706  7.139 0.6999999881
2352  -2.734  -101.807  6.910 0.8000000119
2383  -3.749  -102.572  4.831 0.8000000119
2384  -4.841  -102.597  4.915 0.6999999881
2356  -8.906  -102.133  6.672 0.6000000238
1485  -6.611  -104.619  6.577 0.8999999762
2341  -12.275  -102.709  7.861 0.5000000000
2368  -3.226  -102.182  5.748 0.8000000119
147020  -5.717  -103.609  5.103 0.8999999762
138508  -8.056  -105.209  7.607 0.6999999881
1086  -7.616  -106.161  7.734 0.8000000119
1087  -8.533  -105.758  7.890 0.8000000119
147649  -4.649  -106.349  6.601 0.5000000000
787  -5.247  -106.032  4.542 0.6000000238
1113  -6.673  -105.735  4.948 0.5000000000
775  -7.524  -106.287  5.629 0.6000000238
137893  -9.181  -106.581  6.012 0.6999999881
1123  -7.697  -104.818  4.479 0.6000000238
137183  -7.560  -105.515  5.067 0.6000000238
776  -8.481  -106.078  5.537 0.6000000238
1513  -10.468  -104.668  4.976 0.6000000238
128577  -0.241  -97.036  35.833 0.3000000119
3687  0.436  -99.514  35.826 0.3000000119
4334  -0.682  -98.328  34.492 0.5000000000
3702  0.591  -99.873  34.229 0.5000000000
2571  0.573  -101.065  35.153 0.4000000060
141501  0.122  -101.342  36.499 0.4000000060
2052  -1.803  -102.830  36.250 0.3000000119
4345  -1.228  -98.782  33.907 0.6000000238
3714  -1.737  -99.152  33.230 0.5000000000
2577  0.667  -101.194  34.176 0.5000000000
3713  -0.697  -99.332  33.335 0.5000000000
130401  -2.928  -103.068  34.763 0.4000000060
2079  -2.559  -102.723  33.400 0.5000000000
1604  -3.127  -103.674  32.788 0.4000000060
4372  -3.529  -98.972  30.191 0.6000000238
3748  -2.564  -99.461  30.389 0.6000000238
4405  -0.817  -99.481  27.381 0.6999999881
3167  0.146  -100.260  27.185 0.6999999881
4390  -0.403  -99.410  28.609 0.6000000238
5613  -7.059  -97.130  24.612 0.8999999762
4996  -5.673  -98.074  24.822 0.8999999762
2143  0.681  -102.514  26.821 0.6999999881
4436  -6.589  -97.908  23.356 0.8999999762
4425  -6.129  -98.582  24.035 0.8999999762
5043  -6.274  -97.030  21.819 1.0000000000
148389  0.675  -105.580  25.532 0.6999999881
5039  -2.420  -97.603  21.379 0.8000000119
137505  -3.431  -97.903  21.295 0.8000000119
4471  -4.491  -98.216  21.452 0.8999999762
4472  -5.456  -98.036  21.681 1.0000000000
3815  -5.723  -99.373  22.446 0.8000000119
134816  -1.355  -103.521  15.871 1.0000000000
908  -0.747  -106.517  23.742 0.6999999881
133736  -3.236  -100.149  21.676 0.8000000119
3246  -4.325  -100.421  21.557 0.8999999762
901  0.106  -105.916  24.567 0.8000000119
2709  -2.058  -102.076  20.656 0.8999999762
1367  0.814  -104.218  17.269 0.6000000238
1780  -2.487  -103.703  16.442 1.0000000000
972  -3.433  -104.556  17.340 1.0000000000
638  -3.492  -105.713  18.691 0.8999999762
611  -2.171  -107.170  21.806 0.6999999881
101  -5.616  -107.493  24.276 0.5000000000
1766  -1.665  -103.150  17.649 0.8999999762
2244  -2.629  -102.775  17.636 1.0000000000
686  -5.131  -106.147  14.570 0.6999999881
123869  -4.600  -106.203  13.073 0.6999999881
685  -4.438  -106.703  14.295 0.6999999881
133524  -3.425  -105.352  11.519 0.8000000119
139084  -2.141  -103.840  10.686 0.6999999881
1863  -2.880  -102.825  11.090 0.6999999881
134704  -2.927  -101.867  9.101 0.6999999881
1062  -2.436  -105.375  10.698 0.6999999881
1456  -2.904  -104.878  11.127 0.8000000119
134534  -11.071  -100.244  9.642 0.6000000238
143651  -2.290  -101.738  7.850 0.6000000238
2863  -8.384  -101.007  6.830 0.6000000238
126398  -11.697  -102.458  8.461 0.5000000000
2369  -4.178  -102.135  5.630 0.6999999881
132712  -6.275  -102.614  5.261 0.6999999881
1895  -6.941  -103.682  5.763 0.6999999881
1875  -10.238  -103.383  8.145 0.5000000000
1876  -11.008  -103.434  8.580 0.5000000000
130483  -3.118  -101.738  8.063 0.6999999881
129565  -4.082  -101.803  7.859 0.6999999881
1896  -7.692  -103.194  5.887 0.6999999881
1473  -7.234  -105.141  7.301 0.8999999762
1077  -9.975  -105.654  8.170 0.5000000000
479  -8.161  -107.360  7.207 0.8000000119
478  -7.354  -107.173  7.104 0.8000000119
481  -10.868  -107.425  6.985 0.6999999881
1122  -6.900  -104.950  4.338 0.5000000000
778  -10.772  -106.355  5.285 0.6000000238
147427  -11.245  -106.327  5.075 0.6000000238
1921  -9.818  -103.960  4.740 0.6000000238
133766  -10.952  -103.813  4.754 0.6000000238
1929  -9.421  -103.331  4.175 0.6000000238
1922  -10.193  -103.393  4.542 0.6000000238
2397  -10.807  -102.358  4.169 0.6000000238
2399  -12.751  -102.387  3.866 0.6000000238
9635  -5.323  -91.322  25.370 0.8000000119
9653  -5.332  -91.601  24.641 0.8000000119
4346  -2.271  -98.373  33.730 0.6000000238
3727  -2.893  -99.218  32.245 0.6000000238
4401  -2.398  -98.650  27.607 0.6999999881
6363  -2.239  -95.515  23.164 0.8999999762
4394  -4.045  -97.953  28.534 0.6000000238
143235  -1.429  -99.652  26.784 0.6999999881
4975  -5.946  -97.151  26.020 0.6999999881
4408  -3.310  -98.303  26.773 0.6999999881
3185  -0.622  -100.909  26.618 0.6999999881
4972  -3.969  -97.995  26.551 0.6999999881
3777  -2.796  -99.663  26.294 0.6999999881
3174  -1.014  -100.146  26.635 0.6999999881
6364  -3.053  -95.449  23.179 0.8999999762
5614  -7.552  -96.770  23.978 0.8999999762
3189  -4.298  -99.900  25.324 0.8999999762
3186  -1.652  -100.781  26.438 0.6999999881
2646  -0.110  -101.782  26.561 0.6999999881
2151  0.377  -102.852  26.516 0.6999999881
5640  -1.912  -96.206  22.921 0.6000000238
3212  -5.828  -99.782  23.166 0.8000000119
3791  -5.802  -99.369  23.962 0.8999999762
2153  -1.565  -102.867  26.134 0.6999999881
1675  -0.082  -103.804  25.969 0.6999999881
1289  -1.570  -104.762  24.760 0.6999999881
131383  -5.299  -99.010  21.832 0.8000000119
902  -1.011  -105.885  24.071 0.8000000119
126866  -3.692  -98.790  21.495 0.8000000119
3829  -3.941  -99.616  21.647 0.8000000119
3247  -5.087  -100.693  21.622 0.8999999762
1295  -0.245  -105.561  24.640 0.8000000119
910  -2.102  -106.254  22.934 0.8000000119
602  -2.383  -106.591  22.207 0.8000000119
4469  -2.177  -98.653  21.324 0.8000000119
1753  -1.587  -103.122  18.722 0.8999999762
133728  -2.272  -103.221  16.825 1.0000000000
1368  -2.946  -104.140  16.602 1.0000000000
943  -3.814  -105.852  19.584 0.8999999762
613  -3.335  -106.352  21.047 0.8999999762
2204  -1.596  -102.758  20.296 0.8999999762
143091  -4.598  -104.117  18.221 1.0000000000
958  -4.191  -105.021  18.914 1.0000000000
2217  -2.905  -102.547  19.330 1.0000000000
1754  -4.604  -103.250  18.275 1.0000000000
1030  -5.205  -105.093  13.851 0.6999999881
2232  -2.373  -102.765  18.643 1.0000000000
1442  -2.669  -103.763  11.190 0.8000000119
2322  -4.050  -102.159  9.724 0.6999999881
131986  -3.713  -101.910  8.924 0.6999999881
133082  -10.185  -99.619  9.620 0.6000000238
123903  -4.615  -101.871  8.901 0.6999999881
2385  -5.718  -102.296  5.396 0.6000000238
2371  -6.993  -102.675  5.524 0.6999999881
1897  -8.257  -102.730  6.313 0.6000000238
2860  -5.754  -101.238  7.145 0.6000000238
127897  -4.874  -101.625  7.643 0.6999999881
751  -11.701  -107.073  6.695 0.6999999881
1128  -5.388  -104.808  2.940 0.6000000238
767  -10.106  -106.682  5.924 0.6999999881
1116  -10.107  -105.564  5.288 0.6000000238
2406  -10.309  -102.036  3.403 0.5000000000
3476  -12.642  -100.575  3.497 0.6000000238
141538  -1.034  -96.351  35.865 0.4000000060
4897  -0.271  -97.757  35.120 0.5000000000
9651  -2.247  -90.934  24.711 0.8000000119
4406  -1.594  -99.292  27.102 0.6999999881
4949  -4.785  -97.640  29.302 0.6000000238
5590  -6.507  -96.123  27.371 0.6000000238
4973  -4.354  -97.575  26.722 0.6999999881
4412  -2.972  -98.871  26.520 0.6999999881
5600  -7.684  -96.047  25.960 0.6999999881
4414  -4.528  -99.011  25.562 0.8999999762
146906  -7.402  -94.779  23.637 1.0000000000
130056  -7.922  -95.893  24.011 1.0000000000
3779  -5.153  -99.641  24.753 0.8999999762
2648  -2.437  -101.494  26.096 0.6999999881
1676  -1.197  -103.550  25.780 0.6999999881
2154  -2.307  -102.475  25.891 0.6999999881
1677  -2.162  -103.321  25.572 0.6999999881
3830  -4.959  -99.873  21.752 0.8000000119
3230  -5.543  -100.172  22.534 0.8000000119
1686  -1.907  -104.060  25.181 0.6999999881
911  -3.343  -105.613  22.331 0.8000000119
3828  -2.181  -99.788  21.543 0.8000000119
2711  -4.336  -101.771  20.606 1.0000000000
2234  -3.990  -102.590  18.281 1.0000000000
944  -4.426  -105.143  19.829 0.8000000119
1334  -5.135  -103.811  19.581 1.0000000000
2844  -6.876  -100.484  8.050 0.6000000238
125535  1.336  -93.966  0.686 0.6000000238
7445  2.353  -95.553  0.953 0.5000000000
7446  1.719  -94.773  0.253 0.6999999881
7453  1.992  -95.461  -0.246 0.5000000000
1121  -6.219  -105.107  4.051 0.6000000238
1117  -11.105  -105.734  4.846 0.6000000238
1522  -12.147  -105.254  3.987 0.6000000238
147030  -11.505  -102.245  4.155 0.5000000000
2909  -10.609  -101.378  2.727 0.5000000000
2929  -10.980  -100.810  1.932 0.5000000000
2910  -11.404  -100.808  3.037 0.5000000000
3502  -12.405  -99.611  1.923 0.5000000000
5530  -1.917  -96.825  34.798 0.5000000000
5531  -2.517  -96.688  34.110 0.6000000238
133677  -2.416  -91.389  25.465 0.8000000119
9652  -4.734  -91.015  24.797 0.8000000119
9625  -5.104  -91.356  26.242 0.8000000119
4920  -4.027  -97.283  32.326 0.6000000238
132258  -4.702  -91.866  23.521 0.8000000119
8832  -6.027  -91.846  25.107 0.8000000119
5566  -5.177  -96.628  30.882 0.6000000238
5555  -4.202  -95.865  31.601 0.6000000238
8860  -5.054  -92.749  23.918 0.8000000119
138823  -5.472  -96.872  29.226 0.6000000238
148264  -4.802  -96.056  31.258 0.6000000238
8032  -3.921  -93.797  23.475 0.8000000119
8846  -5.696  -92.435  24.507 0.8000000119
8847  -6.523  -92.620  24.974 0.8000000119
7182  -7.584  -94.324  27.639 0.8000000119
5567  -5.599  -96.330  30.244 0.6000000238
3188  -3.468  -100.199  25.763 0.6999999881
137267  -5.444  -94.000  24.104 1.0000000000
8024  -7.049  -93.348  24.696 0.8999999762
6321  -8.205  -95.081  26.216 0.8000000119
6314  -7.434  -95.678  26.865 0.6999999881
7208  -6.450  -93.787  24.274 1.0000000000
134854  -8.285  -94.197  25.800 0.8000000119
3187  -2.627  -100.512  26.181 0.6999999881
3201  -5.543  -100.140  23.955 0.8999999762
3200  -4.905  -100.453  24.652 0.8999999762
2650  -4.152  -100.796  25.225 0.8000000119
2656  -3.947  -101.723  25.053 0.8000000119
2163  -3.727  -102.608  24.844 0.6999999881
2657  -4.685  -101.315  24.522 0.8999999762
1297  -2.157  -105.147  24.022 0.8000000119
2681  -5.571  -101.124  22.472 0.8999999762
2665  -5.542  -101.251  23.255 0.8000000119
1688  -4.191  -103.089  24.138 0.8000000119
2700  -5.307  -101.522  21.565 0.8999999762
2171  -5.523  -101.902  23.037 0.8999999762
2182  -5.287  -102.701  22.897 0.8999999762
1315  -4.695  -104.485  21.422 0.8999999762
1694  -3.491  -103.873  24.081 0.8000000119
128864  -3.137  -104.723  23.652 0.8000000119
904  -2.705  -105.532  23.154 0.8000000119
1307  -3.671  -104.987  22.845 0.8000000119
2712  -5.160  -101.870  20.673 0.8999999762
2208  -5.187  -102.611  20.187 0.8999999762
1325  -4.908  -104.461  20.033 0.8999999762
923  -3.692  -105.750  21.525 0.8000000119
2206  -3.808  -102.266  19.783 1.0000000000
2207  -4.776  -102.358  19.967 1.0000000000
2219  -4.917  -102.876  18.889 1.0000000000
1737  -5.286  -103.069  19.614 1.0000000000
924  -4.215  -105.247  21.240 0.8000000119
3402  -7.926  -99.694  8.547 0.6000000238
9896  1.251  -92.314  4.302 0.6000000238
9906  0.401  -91.346  3.880 0.6000000238
2336  -5.348  -101.570  8.457 0.6000000238
9897  0.566  -91.602  4.480 0.6999999881
8287  0.555  -93.117  1.161 0.6000000238
122876  1.926  -94.100  2.709 0.6000000238
9887  0.743  -91.842  5.101 0.6999999881
9127  -0.094  -92.425  0.208 0.6999999881
127459  0.576  -92.229  5.915 0.6999999881
148387  -0.145  -90.616  3.843 0.6999999881
8304  1.237  -93.835  -0.498 0.8000000119
9167  -0.462  -92.264  -2.306 0.6999999881
9875  -0.515  -91.845  6.145 0.6999999881
7454  1.773  -94.468  -1.011 0.8000000119
5258  2.375  -97.177  -2.713 0.5000000000
802  -15.291  -105.563  2.283 0.5000000000
147874  -14.891  -105.525  1.926 0.5000000000
9889  -0.851  -91.101  5.333 0.6000000238
7483  2.048  -95.034  -2.397 0.8000000119
1561  -15.999  -104.264  0.061 0.5000000000
1548  -14.788  -104.892  0.850 0.5000000000
1537  -13.883  -104.864  1.614 0.6000000238
1529  -13.176  -105.214  2.838 0.6000000238
6662  2.155  -95.855  -2.726 0.6000000238
2429  -15.161  -103.667  0.654 0.5000000000
1945  -14.043  -104.552  1.601 0.5000000000
1937  -12.969  -104.451  3.244 0.6000000238
142743  -12.594  -103.380  3.891 0.6000000238
11337  -4.551  -89.635  6.452 0.6000000238
140484  1.785  -99.003  -3.095 0.5000000000
4112  1.091  -99.060  -4.355 0.6000000238
2430  -15.624  -103.261  -0.094 0.5000000000
127537  -12.032  -102.760  4.211 0.6000000238
11338  -5.310  -89.484  6.683 0.6000000238
142686  2.119  -96.897  -3.439 0.6000000238
2891  -12.908  -101.279  3.718 0.6000000238
4056  -12.780  -98.927  0.463 0.5000000000
3494  -12.825  -100.014  3.035 0.5000000000
3503  -13.513  -99.483  2.318 0.6000000238
3504  -14.467  -100.010  2.230 0.6000000238
4092  -14.638  -99.302  -1.214 0.6999999881
5523  -0.313  -96.234  36.273 0.3000000119
134471  -1.684  -96.000  35.274 0.4000000060
6224  -2.239  -96.109  34.569 0.4000000060
5538  -3.090  -96.462  33.336 0.6000000238
5544  -3.375  -95.935  32.585 0.6000000238
147275  -6.113  -95.123  29.800 0.6999999881
140702  -5.701  -95.327  30.329 0.6000000238
8023  -6.034  -93.304  24.448 0.8999999762
8013  -7.846  -93.384  25.784 0.8000000119
126849  -7.522  -94.179  24.288 0.8999999762
6315  -7.978  -94.223  26.764 0.8000000119
2658  -5.359  -100.926  23.911 0.8999999762
1689  -4.930  -102.492  23.641 0.8999999762
141745  -3.461  -103.281  24.647 0.6999999881
143205  -4.739  -103.149  23.464 0.8999999762
1695  -4.270  -103.629  23.598 0.8999999762
1714  -5.118  -103.638  21.844 0.8999999762
1298  -3.994  -104.234  23.277 0.8000000119
1715  -5.555  -102.891  21.257 0.8999999762
1316  -5.301  -103.637  20.969 0.8999999762
130667  0.285  -91.564  3.267 0.6000000238
10651  -0.282  -90.747  3.344 0.6000000238
9109  1.001  -93.233  2.362 0.6000000238
136632  0.324  -92.524  1.879 0.6000000238
9955  -0.896  -91.741  -1.900 0.6999999881
9963  -1.175  -92.271  -2.475 0.6000000238
9146  0.170  -92.393  -0.845 0.6999999881
8355  -1.518  -93.151  -2.379 0.6000000238
8324  0.704  -93.091  -1.203 0.6999999881
9183  -0.629  -92.716  -2.776 0.6999999881
9876  -1.357  -91.442  5.975 0.6999999881
9890  -1.633  -90.950  5.497 0.6000000238
8361  1.012  -93.815  -2.958 0.6999999881
127453  0.807  -95.963  -2.942 0.8000000119
1538  -14.295  -105.066  1.206 0.5000000000
6663  1.728  -95.176  -2.913 0.8000000119
1951  -15.388  -104.115  0.344 0.5000000000
5895  1.904  -96.375  -3.432 0.8000000119
4671  1.560  -98.592  -4.048 0.8000000119
4136  -1.698  -98.994  -5.028 0.6000000238
1968  -16.356  -103.087  -0.806 0.6000000238
1946  -14.614  -103.702  1.432 0.5000000000
2417  -14.092  -103.288  2.530 0.5000000000
2400  -13.601  -102.189  3.394 0.6000000238
4124  0.455  -99.068  -5.011 0.8000000119
2943  -16.082  -101.989  0.144 0.5000000000
2930  -15.269  -101.949  1.701 0.5000000000
2912  -14.705  -101.483  2.552 0.5000000000
4076  -15.384  -99.960  -1.057 0.6000000238
4127  -2.097  -99.022  -4.922 0.5000000000
130518  -3.993  -98.824  -5.213 0.5000000000
4658  -13.008  -98.337  -1.556 0.6000000238
8830  -1.314  -92.091  25.679 0.8000000119
140181  -0.370  -95.191  36.329 0.3000000119
6223  -1.893  -95.377  34.392 0.4000000060
7048  -1.349  -94.951  35.037 0.4000000060
6253  -2.834  -95.082  32.178 0.6000000238
10418  -3.078  -90.748  24.921 0.8000000119
9634  -4.457  -91.020  25.592 0.8000000119
9624  -4.025  -91.505  26.389 0.8000000119
7122  -3.729  -94.642  30.789 0.6000000238
7123  -4.883  -94.684  30.656 0.6000000238
126744  -4.400  -95.304  31.159 0.6000000238
8817  -6.700  -92.205  26.417 0.8000000119
134827  -6.859  -92.377  27.192 0.8000000119
142554  -5.695  -94.459  29.916 0.8000000119
8834  -7.445  -92.692  26.188 0.8000000119
7965  -7.242  -93.698  28.199 0.8000000119
7964  -6.666  -93.384  28.697 0.8000000119
8818  -7.500  -92.819  27.029 0.8000000119
9094  0.489  -92.231  2.725 0.6000000238
10637  -0.135  -90.629  4.164 0.6000000238
9128  -0.578  -91.658  0.362 0.6999999881
132052  -0.629  -89.922  3.146 0.6999999881
9110  -0.210  -92.220  1.206 0.6999999881
9937  -0.846  -91.388  -0.434 0.6999999881
10672  -1.537  -90.817  0.508 0.6000000238
10624  -0.114  -90.946  4.512 0.6000000238
9888  0.001  -91.369  5.195 0.6999999881
10616  -1.227  -90.252  4.893 0.6999999881
127395  -1.027  -94.038  -1.216 0.6000000238
11348  -1.473  -89.266  4.746 0.6999999881
8353  0.574  -93.259  -2.867 0.6999999881
8354  -0.692  -93.408  -2.779 0.6999999881
5262  0.096  -97.486  -2.390 0.8000000119
5899  -2.180  -97.051  -1.822 0.6999999881
10617  -2.323  -90.352  5.229 0.6999999881
5907  -1.646  -97.441  -2.613 0.6999999881
5908  -2.656  -96.798  -3.602 0.6999999881
5272  0.320  -97.805  -3.827 0.6999999881
5273  -0.668  -97.753  -2.923 0.6999999881
4672  0.730  -98.526  -4.527 0.8000000119
143027  0.311  -98.380  -4.943 0.8000000119
2438  -16.260  -102.721  -0.766 0.6000000238
4680  0.206  -98.630  -5.159 0.8000000119
124013  -2.324  -98.701  -5.319 0.6000000238
4151  -4.821  -98.624  -5.912 0.6000000238
2966  -16.647  -101.846  -1.531 0.5000000000
136363  -15.044  -100.889  1.992 0.5000000000
4148  -1.417  -98.620  -5.360 0.6000000238
4150  -3.951  -98.563  -5.717 0.6000000238
4107  -15.780  -99.790  -3.026 0.5000000000
4075  -14.994  -99.607  -0.339 0.6999999881
127681  -13.949  -98.746  -1.859 0.6000000238
4707  -6.836  -99.115  -7.377 0.4000000060
4666  -13.414  -98.323  -2.520 0.5000000000
5276  -11.832  -97.328  -3.742 0.5000000000
8828  0.833  -93.046  25.213 0.8000000119
7047  -0.540  -94.297  34.696 0.5000000000
7033  -0.618  -94.604  35.557 0.4000000060
7064  -1.192  -94.651  34.057 0.5000000000
126949  -0.873  -94.491  33.246 0.5000000000
10426  -2.789  -90.604  24.369 0.8000000119
7083  -1.982  -94.720  32.316 0.6000000238
10436  -3.657  -90.633  23.594 0.8000000119
7105  -2.208  -94.615  31.561 0.6000000238
10437  -4.296  -91.034  23.458 0.8000000119
144235  -4.828  -91.711  26.916 0.8000000119
8815  -5.014  -92.173  27.721 0.8000000119
7143  -4.068  -94.142  30.177 0.6999999881
7121  -2.710  -94.539  30.950 0.6000000238
8816  -5.832  -91.869  26.938 0.8000000119
7941  -4.429  -93.636  29.486 0.6999999881
7984  -7.176  -92.823  27.984 0.8000000119
141883  -1.394  -89.620  2.401 0.6999999881
9913  -0.681  -90.554  2.484 0.6999999881
9111  -0.638  -91.318  1.523 0.6999999881
135842  -1.662  -90.341  1.464 0.6999999881
124742  -3.035  -91.263  -0.293 0.6000000238
11378  -0.650  -89.034  3.364 0.6999999881
11391  -0.928  -89.687  2.686 0.6999999881
9957  -2.554  -92.000  -1.952 0.6000000238
12203  -0.719  -88.019  4.078 0.6999999881
9956  -1.625  -91.856  -2.052 0.6000000238
9964  -1.763  -92.463  -2.271 0.6000000238
9168  -2.300  -92.434  -1.908 0.6000000238
10615  -0.546  -90.364  4.602 0.6999999881
12213  -0.831  -88.245  3.624 0.6999999881
130242  -0.662  -95.596  -0.270 0.6999999881
6651  -1.562  -96.161  0.193 0.6000000238
6666  -0.131  -96.535  -0.879 0.6000000238
6667  -1.025  -96.684  -0.511 0.6000000238
6664  0.861  -95.044  -2.902 0.8000000119
5909  -3.210  -96.410  -4.360 0.6999999881
5916  -2.589  -96.565  -4.950 0.6999999881
5936  -3.593  -96.541  -6.310 0.6999999881
5924  -1.897  -97.149  -5.403 0.6999999881
2452  -17.163  -102.267  -1.650 0.4000000060
5298  -0.967  -98.101  -5.371 0.6999999881
6688  -4.246  -96.219  -6.889 0.6999999881
2973  -17.579  -101.253  -3.382 0.5000000000
2971  -16.677  -101.232  -2.426 0.5000000000
3518  -15.654  -100.384  -0.453 0.6000000238
3530  -16.564  -100.672  -3.277 0.5000000000
4157  -3.737  -98.282  -6.228 0.6999999881
146777  -6.211  -99.113  -6.798 0.4000000060
4696  -8.145  -98.351  -7.198 0.4000000060
4106  -14.857  -99.231  -2.309 0.6999999881
4093  -15.547  -99.851  -1.889 0.6999999881
5277  -12.640  -97.492  -3.704 0.4000000060
4119  -15.026  -99.123  -3.217 0.5000000000
4667  -14.268  -98.690  -2.844 0.5000000000
5278  -13.357  -97.596  -4.084 0.4000000060
7046  0.481  -93.697  34.400 0.4000000060
9632  -1.467  -91.454  24.977 0.8000000119
8811  -0.670  -92.769  26.051 0.8000000119
7063  -0.264  -94.138  33.766 0.5000000000
7062  1.016  -93.941  33.458 0.4000000060
7081  0.154  -94.366  32.741 0.4000000060
7103  -0.230  -94.590  31.973 0.5000000000
7999  -1.463  -93.076  27.057 0.8000000119
7180  0.276  -94.502  27.509 0.6000000238
8813  -2.994  -92.182  26.832 0.8000000119
8000  -2.321  -92.792  27.408 0.8000000119
7120  -1.566  -94.463  30.847 0.6000000238
7981  -2.592  -93.178  28.062 0.8000000119
139868  -3.348  -93.795  29.445 0.6999999881
7142  -2.799  -94.159  30.136 0.6000000238
7982  -3.574  -92.991  28.383 0.8000000119
7961  -3.667  -93.457  28.971 0.6999999881
7963  -6.034  -93.177  29.132 0.8000000119
10662  -2.283  -90.450  1.529 0.6000000238
10675  -4.813  -90.617  -0.260 0.5000000000
11392  -1.568  -88.661  2.809 0.6999999881
11404  -1.828  -89.622  2.229 0.6999999881
10674  -3.873  -90.895  0.256 0.6000000238
9927  -1.035  -91.103  0.477 0.6999999881
142397  -3.593  -91.572  -1.048 0.6000000238
12215  -1.893  -87.907  3.174 0.6999999881
12204  -1.058  -87.772  3.823 0.6999999881
5883  -2.435  -96.652  -0.700 0.5000000000
129043  -1.982  -87.226  4.339 0.6999999881
137976  -1.337  -95.309  0.398 0.5000000000
5901  -4.363  -95.997  -2.441 0.4000000060
7486  -0.125  -94.566  -2.450 0.6999999881
7487  -0.628  -94.371  -1.818 0.6999999881
125791  -2.501  -89.120  4.774 0.6999999881
139800  -3.376  -89.000  4.855 0.6000000238
130920  0.049  -95.667  -1.002 0.6999999881
5910  -3.954  -96.201  -3.633 0.6000000238
144007  -5.863  -97.458  -5.265 0.6000000238
10602  -2.691  -90.768  6.918 0.6999999881
148240  0.874  -96.671  -2.921 0.8000000119
5261  1.047  -97.130  -3.310 0.8000000119
5915  -1.785  -97.397  -3.992 0.6999999881
5917  -3.200  -96.451  -5.489 0.6999999881
5919  -5.122  -97.176  -5.727 0.6999999881
6680  -6.508  -95.691  -5.912 0.5000000000
5292  -1.119  -97.800  -5.443 0.6999999881
5927  -5.123  -96.385  -6.484 0.6999999881
7506  -6.922  -94.109  -5.760 0.5000000000
5299  -1.693  -97.588  -5.836 0.6999999881
5934  -2.025  -97.044  -6.122 0.6999999881
125779  -3.333  -96.603  -6.542 0.6999999881
6690  -5.443  -95.050  -7.413 0.6999999881
7513  -5.883  -94.753  -7.310 0.6999999881
4695  -2.111  -98.359  -5.863 0.5000000000
5947  -4.519  -96.296  -7.444 0.6999999881
7517  -9.357  -94.685  -6.504 0.6000000238
7508  -10.957  -94.424  -5.728 0.6000000238
3533  -16.378  -100.083  -4.012 0.5000000000
5310  -4.396  -97.693  -7.283 0.5000000000
4711  -6.368  -98.218  -7.439 0.6000000238
145801  -9.083  -99.220  -6.371 0.5000000000
126758  -11.367  -95.626  -6.335 0.5000000000
5294  -11.533  -96.312  -5.535 0.4000000060
4683  -15.096  -98.633  -4.939 0.5000000000
147580  -16.254  -99.766  -4.526 0.4000000060
4689  -9.456  -97.343  -5.702 0.4000000060
5285  -10.711  -96.843  -4.700 0.4000000060
4682  -14.514  -97.924  -5.482 0.5000000000
130067  -13.781  -98.208  -3.505 0.5000000000
5288  -13.693  -97.520  -5.140 0.5000000000
4162  -7.948  -99.717  -7.394 0.6000000238
8843  1.776  -92.566  24.782 0.8000000119
8022  1.673  -93.214  25.237 0.6999999881
7863  1.918  -92.186  34.843 0.3000000119
8829  -0.234  -92.562  25.477 0.8000000119
7061  2.059  -93.664  33.167 0.4000000060
9650  -1.505  -91.040  24.376 0.8000000119
7080  1.540  -94.380  32.467 0.4000000060
7893  2.223  -93.483  32.632 0.4000000060
143584  -2.450  -90.499  23.400 0.8000000119
8812  -1.398  -92.613  26.416 0.8000000119
6300  1.537  -95.708  28.263 0.4000000060
7102  0.935  -94.772  31.674 0.4000000060
6250  1.585  -95.169  30.832 0.4000000060
7100  2.111  -94.625  31.487 0.4000000060
10454  -3.134  -90.931  21.982 0.6999999881
7980  -1.639  -93.381  27.708 0.8000000119
6267  -0.770  -94.508  30.070 0.6999999881
6266  0.417  -94.929  30.193 0.4000000060
7163  -2.272  -93.844  29.235 0.6999999881
127874  -2.885  -93.501  28.731 0.6999999881
11405  -2.695  -89.987  2.443 0.6000000238
10663  -3.578  -90.589  1.693 0.6000000238
11393  -2.289  -88.766  2.627 0.6999999881
145900  -4.509  -90.493  0.802 0.5000000000
11406  -4.703  -90.012  1.732 0.5000000000
11407  -5.918  -88.753  1.335 0.5000000000
10685  -4.066  -91.010  -0.545 0.5000000000
9169  -3.089  -92.022  -1.537 0.6000000238
11365  -0.988  -88.370  4.500 0.6999999881
13042  -2.071  -87.076  3.921 0.6999999881
13056  -3.232  -86.967  3.244 0.6000000238
14002  -6.856  -87.195  2.863 0.6000000238
12229  -7.419  -88.072  1.254 0.4000000060
8325  -1.973  -93.542  -0.273 0.6000000238
9148  -3.507  -92.081  -1.152 0.5000000000
13013  -3.129  -87.070  4.830 0.6000000238
5900  -3.400  -96.365  -2.196 0.6000000238
5912  -6.005  -97.474  -4.396 0.5000000000
143189  -6.658  -97.411  -5.044 0.5000000000
5898  -0.528  -97.318  -1.515 0.6999999881
5284  -0.812  -97.772  -4.543 0.6999999881
7505  -6.332  -94.476  -6.317 0.5000000000
2984  -17.627  -100.793  -4.312 0.5000000000
5945  -3.029  -96.816  -6.791 0.6999999881
5309  -3.819  -97.500  -7.175 0.6999999881
6703  -4.971  -95.855  -7.856 0.6999999881
124957  -6.670  -94.265  -6.414 0.5000000000
3546  -17.587  -99.890  -5.575 0.4000000060
3534  -16.927  -100.752  -4.169 0.5000000000
5950  -4.945  -96.333  -7.718 0.6999999881
6706  -6.758  -95.416  -7.878 0.6999999881
134524  -7.119  -94.836  -7.436 0.6000000238
7509  -11.971  -94.566  -5.609 0.6000000238
5305  -15.324  -97.295  -6.512 0.5000000000
4144  -16.384  -99.397  -5.723 0.4000000060
5951  -5.848  -96.552  -7.991 0.6999999881
5312  -8.638  -96.644  -6.752 0.4000000060
6694  -12.588  -95.926  -6.442 0.5000000000
5296  -14.616  -97.553  -6.057 0.5000000000
5316  -6.515  -97.324  -7.694 0.5000000000
127180  -7.715  -97.821  -7.428 0.5000000000
124566  -9.311  -96.197  -6.477 0.4000000060
5303  -9.834  -96.226  -5.991 0.4000000060
5929  -11.219  -96.044  -5.908 0.4000000060
5295  -12.538  -96.633  -5.571 0.4000000060
5302  -9.010  -96.981  -6.283 0.4000000060
5930  -12.409  -96.238  -6.110 0.4000000060
122909  -13.414  -96.994  -5.647 0.4000000060
5286  -11.710  -96.770  -4.681 0.4000000060
8827  2.090  -93.197  25.361 0.6999999881
8844  1.282  -92.577  24.654 0.8000000119
8845  0.224  -92.268  24.803 0.8000000119
7192  1.413  -94.704  26.760 0.6000000238
8728  2.170  -92.625  32.878 0.3000000119
9546  1.903  -91.933  33.092 0.3000000119
9668  -1.057  -90.903  23.751 0.8000000119
7998  -0.635  -93.357  26.584 0.8000000119
8011  0.301  -93.401  25.989 0.6999999881
7193  0.384  -94.156  26.758 0.6000000238
138094  1.086  -94.880  27.221 0.5000000000
135240  2.273  -94.593  31.002 0.4000000060
9560  1.774  -92.380  32.325 0.3000000119
7979  -0.674  -93.744  27.238 0.6999999881
7181  -0.767  -93.900  28.028 0.6999999881
7910  2.219  -93.751  31.321 0.4000000060
6285  0.256  -94.872  29.658 0.6000000238
6265  1.269  -95.443  30.219 0.4000000060
6264  1.922  -95.616  30.132 0.4000000060
7960  -1.903  -93.616  28.430 0.6999999881
7162  -1.046  -93.979  28.910 0.6999999881
6284  1.570  -95.794  29.045 0.4000000060
7119  2.332  -94.919  30.221 0.4000000060
11394  -3.659  -89.338  2.580 0.6000000238
12226  -4.975  -88.802  2.207 0.5000000000
144440  -6.556  -88.903  0.753 0.4000000060
12216  -2.890  -88.035  3.099 0.6000000238
12217  -4.039  -88.072  2.987 0.6000000238
9941  -4.508  -91.623  -0.800 0.5000000000
13029  -2.723  -86.789  4.386 0.6000000238
13982  -6.160  -86.880  3.432 0.6000000238
13046  -7.585  -87.289  3.022 0.5000000000
9149  -4.331  -92.035  -0.773 0.5000000000
8339  -2.735  -92.559  -1.410 0.6000000238
10601  -2.029  -91.144  7.328 0.6999999881
12180  -3.733  -88.096  4.910 0.6000000238
13034  -6.928  -87.212  4.189 0.6000000238
123597  -7.795  -87.353  3.893 0.6000000238
10609  -3.038  -90.554  6.091 0.6999999881
13016  -6.444  -87.317  4.712 0.6000000238
10618  -3.262  -89.824  5.366 0.6999999881
11349  -4.119  -89.231  5.441 0.6000000238
12181  -4.623  -88.242  5.214 0.6000000238
12161  -5.754  -89.109  6.016 0.6000000238
3542  -18.281  -100.284  -4.456 0.4000000060
7522  -5.623  -94.931  -7.593 0.6999999881
8380  -7.961  -93.837  -6.012 0.5000000000
4685  -17.722  -97.955  -5.048 0.4000000060
137301  -5.290  -96.039  -8.057 0.6999999881
7518  -10.377  -94.932  -6.492 0.6000000238
4692  -16.460  -98.764  -6.158 0.4000000060
5297  -17.124  -97.175  -5.928 0.4000000060
5952  -6.619  -96.455  -7.934 0.6999999881
5953  -7.440  -96.376  -7.747 0.6999999881
6691  -9.849  -95.430  -6.654 0.5000000000
7519  -11.306  -95.023  -6.275 0.5000000000
5942  -14.018  -96.487  -6.292 0.5000000000
5939  -10.238  -95.658  -6.316 0.5000000000
5940  -12.108  -95.921  -6.260 0.5000000000
5931  -13.467  -96.725  -5.991 0.5000000000
10408  2.322  -90.708  26.304 0.5000000000
9647  1.795  -91.805  24.207 0.8000000119
8797  2.356  -92.588  26.539 0.5000000000
8009  2.071  -93.855  25.722 0.5000000000
9648  0.660  -91.862  24.129 0.8000000119
8010  1.405  -93.730  25.708 0.6999999881
7995  2.231  -94.303  26.305 0.5000000000
7978  2.118  -94.812  27.455 0.4000000060
9667  -0.029  -91.574  23.466 0.6999999881
10453  -0.904  -91.211  21.588 0.6000000238
7178  2.009  -95.571  27.578 0.5000000000
7959  2.077  -94.638  28.603 0.4000000060
6313  1.866  -95.846  27.774 0.4000000060
9561  0.860  -92.175  31.678 0.3000000119
9689  -1.495  -91.354  21.023 0.5000000000
6283  2.035  -95.858  29.371 0.4000000060
7140  2.262  -95.298  29.318 0.4000000060
8738  1.581  -93.064  31.257 0.3000000119
12228  -6.603  -88.095  1.432 0.5000000000
12218  -4.898  -87.553  2.567 0.6000000238
13072  -6.991  -87.598  1.831 0.4000000060
13058  -5.336  -87.025  2.792 0.6000000238
10594  -1.657  -90.832  8.187 0.6999999881
13965  -3.373  -86.337  4.120 0.6000000238
136975  -2.623  -90.473  7.839 0.8000000119
10603  -3.339  -90.321  7.023 0.6999999881
13030  -3.586  -86.527  4.568 0.6000000238
13015  -4.977  -87.340  5.011 0.6000000238
12183  -6.882  -87.893  5.469 0.6000000238
3547  -18.295  -99.678  -5.066 0.4000000060
11329  -5.612  -89.479  7.575 0.6000000238
144579  -7.402  -94.506  -7.040 0.6000000238
142006  -17.470  -97.647  -5.961 0.4000000060
123269  -5.932  -95.732  -8.196 0.6999999881
6701  -7.688  -95.642  -7.538 0.6000000238
5933  -16.672  -96.625  -6.186 0.4000000060
6695  -13.765  -95.676  -6.258 0.5000000000
5943  -15.014  -96.466  -6.489 0.5000000000
140710  2.522  -91.770  25.982 0.5000000000
9612  2.117  -92.017  27.211 0.5000000000
8858  1.519  -91.869  24.097 0.8000000119
7977  2.341  -94.312  26.686 0.4000000060
9666  1.196  -91.651  23.183 0.8000000119
127301  1.826  -91.515  22.436 0.6000000238
146432  1.619  -93.859  28.505 0.4000000060
125988  1.209  -91.564  20.828 0.6999999881
8767  1.312  -93.692  29.182 0.4000000060
8750  1.784  -93.676  30.321 0.4000000060
8739  0.591  -92.488  30.782 0.3000000119
13057  -4.293  -86.918  3.121 0.6000000238
12227  -5.727  -87.839  2.083 0.6000000238
14001  -6.134  -87.071  2.784 0.6000000238
13060  -7.527  -87.381  2.439 0.5000000000
11316  -0.010  -90.221  8.985 0.6999999881
10578  -2.186  -90.362  8.818 0.8000000119
13031  -4.459  -86.521  4.577 0.6000000238
145961  -2.867  -90.107  8.414 0.8000000119
10595  -3.343  -89.913  8.034 0.6999999881
11336  -3.821  -90.009  6.226 0.6999999881
13018  -8.520  -87.664  4.889 0.6000000238
11328  -3.950  -89.764  7.337 0.6999999881
12162  -6.421  -88.626  5.955 0.6000000238
11162  2.277  -89.775  26.673 0.5000000000
9611  2.342  -91.400  26.845 0.5000000000
10417  2.307  -90.985  25.201 0.5000000000
10424  2.212  -90.791  24.104 0.8000000119
130466  2.178  -90.060  24.697 0.6999999881
9673  2.109  -91.278  22.628 0.6999999881
145570  2.017  -92.773  26.965 0.4000000060
8799  0.796  -92.446  27.941 0.4000000060
127930  1.919  -93.902  27.888 0.4000000060
9688  0.702  -91.770  21.399 0.6000000238
10439  2.252  -90.938  22.239 0.6000000238
8783  0.879  -93.227  28.288 0.4000000060
8768  0.332  -92.801  29.142 0.4000000060
9577  -0.047  -91.870  30.894 0.3000000119
8752  -0.012  -92.336  29.918 0.3000000119
8751  0.668  -93.230  30.088 0.3000000119
127319  0.802  -88.540  8.793 0.5000000000
145854  -4.710  -86.121  3.860 0.6000000238
11301  -1.237  -90.196  9.512 0.6999999881
13032  -5.480  -86.797  4.503 0.6000000238
13017  -7.377  -87.540  4.817 0.6000000238
11302  -2.393  -90.030  9.661 0.8000000119
128834  -4.721  -89.575  7.706 0.6000000238
11947  1.850  -89.089  26.058 0.5000000000
10396  2.326  -90.430  27.211 0.5000000000
135371  2.186  -89.938  25.683 0.6000000238
11165  1.796  -89.247  25.146 0.6999999881
10385  1.982  -90.368  27.941 0.4000000060
11150  -0.988  -89.479  28.528 0.3000000119
11168  1.803  -89.547  24.277 0.8000000119
10397  2.094  -90.996  27.439 0.4000000060
10398  1.427  -91.087  27.654 0.4000000060
138576  -0.804  -90.127  28.388 0.3000000119
130589  2.241  -90.171  22.599 0.6000000238
9613  1.652  -91.841  27.608 0.4000000060
9601  0.456  -91.523  27.901 0.4000000060
9602  -0.420  -91.457  28.446 0.3000000119
10388  -1.055  -90.742  28.595 0.3000000119
11173  1.897  -90.578  21.416 0.6000000238
8769  -0.443  -92.083  29.028 0.3000000119
9592  -1.290  -91.065  29.208 0.3000000119
9578  -0.787  -91.588  29.824 0.3000000119
12897  -3.371  -87.593  13.968 0.6999999881
12184  -7.872  -87.938  5.714 0.6000000238
12067  -3.813  -88.445  13.586 0.6999999881
11300  -0.018  -89.608  9.098 0.6000000238
12125  -0.461  -89.440  9.490 0.6000000238
12079  -4.124  -88.986  12.569 0.6000000238
12165  -9.122  -88.100  7.056 0.6000000238
10579  -3.054  -89.829  8.831 0.8000000119
12099  -4.548  -89.128  11.562 0.6000000238
12163  -7.385  -88.476  6.325 0.6000000238
11317  -3.897  -89.504  8.512 0.6999999881
11286  -4.580  -89.280  9.985 0.6000000238
12164  -8.297  -88.316  6.692 0.6000000238
11304  -4.246  -89.315  9.348 0.6000000238
11305  -4.986  -89.233  9.280 0.6000000238
12148  -7.763  -88.757  7.331 0.6000000238
12149  -8.630  -88.478  7.672 0.6000000238
11319  -5.213  -89.372  8.430 0.6000000238
11320  -6.040  -89.327  8.231 0.6000000238
11330  -6.353  -89.331  7.503 0.6000000238
12147  -6.915  -89.156  6.927 0.6000000238
12138  -8.092  -88.813  8.346 0.6000000238
11321  -7.038  -89.124  8.039 0.6000000238
12130  -7.524  -88.951  9.039 0.6000000238
11157  2.293  -89.607  27.552 0.5000000000
11147  2.114  -89.534  28.242 0.5000000000
11948  1.417  -88.493  25.564 0.6999999881
11959  1.339  -88.810  24.713 0.6999999881
11149  0.079  -89.836  28.151 0.4000000060
11171  1.764  -89.514  22.985 0.6000000238
14700  -5.423  -85.720  14.722 0.6999999881
12066  -2.746  -88.050  13.409 0.8000000119
12124  0.347  -88.351  8.892 0.5000000000
12126  -1.227  -89.681  10.347 0.8000000119
12110  -3.081  -89.361  11.118 0.8000000119
12127  -2.651  -89.583  10.385 0.8000000119
12111  -4.162  -89.241  10.790 0.6999999881
11287  -5.386  -89.138  10.052 0.6000000238
11318  -4.568  -89.369  8.714 0.6000000238
11307  -6.489  -89.104  8.886 0.6000000238
11923  2.244  -88.672  27.832 0.5000000000
11924  2.025  -88.150  27.056 0.6000000238
11910  2.055  -89.086  28.886 0.5000000000
11148  1.678  -89.794  28.319 0.4000000060
11936  0.920  -87.951  26.089 0.6999999881
11949  0.693  -88.268  25.286 0.6000000238
11911  1.159  -89.197  28.764 0.4000000060
11960  0.490  -88.637  24.308 0.6000000238
11979  0.828  -89.254  22.547 0.6999999881
14699  -4.672  -85.757  14.379 0.6999999881
15586  -5.410  -84.747  14.499 0.6999999881
13839  -3.106  -86.659  13.972 0.8000000119
12960  0.537  -87.227  8.494 0.5000000000
12961  -0.390  -88.779  9.794 0.6000000238
12097  -2.323  -88.835  12.064 0.8000000119
12946  -0.075  -87.087  9.025 0.5000000000
12948  -0.648  -88.808  11.069 0.6999999881
12098  -3.595  -89.135  11.821 0.6999999881
12139  -8.851  -88.377  8.619 0.6000000238
11306  -5.907  -89.048  9.476 0.6000000238
124201  -8.328  -88.584  9.261 0.6000000238
127386  -7.794  -88.705  9.863 0.6000000238
12744  2.329  -88.103  28.344 0.5000000000
11909  2.249  -88.695  28.731 0.5000000000
11896  2.239  -88.401  29.419 0.5000000000
11913  -1.133  -88.870  28.712 0.3000000119
12757  1.367  -87.689  26.825 0.6999999881
11898  0.752  -88.538  29.418 0.3000000119
12768  -0.276  -87.757  25.959 0.6000000238
11950  -0.508  -88.047  25.091 0.6999999881
11899  -0.539  -88.409  29.174 0.3000000119
12769  -0.975  -87.335  25.563 0.6000000238
11980  -0.384  -88.748  22.033 0.6999999881
12906  -1.227  -87.299  12.336 0.8000000119
12929  -0.660  -87.938  11.536 0.6000000238
141203  -1.205  -88.622  11.790 0.6999999881
12068  -4.798  -88.540  13.940 0.6000000238
12109  -1.713  -89.246  11.264 0.8000000119
124615  -5.021  -88.952  12.334 0.6000000238
12100  -5.438  -89.076  11.555 0.6000000238
11288  -6.372  -88.962  10.199 0.6000000238
147145  -7.252  -88.791  10.294 0.6000000238
12114  -8.355  -88.273  10.044 0.5000000000
12745  2.019  -87.588  27.599 0.5000000000
13626  2.291  -87.335  28.820 0.5000000000
13644  1.381  -87.019  28.106 0.6000000238
12710  2.140  -87.925  30.736 0.5000000000
137761  1.231  -87.835  30.692 0.3000000119
12723  0.204  -88.011  29.954 0.3000000119
12724  -0.919  -87.807  29.800 0.3000000119
13672  -0.901  -86.788  25.931 0.6999999881
12770  -1.290  -86.998  25.121 0.6999999881
12711  -0.143  -87.348  30.679 0.3000000119
12677  -0.043  -86.796  32.122 0.3000000119
14709  -3.310  -85.558  13.699 0.8000000119
14708  -2.702  -84.889  12.721 0.8000000119
12895  -1.769  -86.861  13.049 0.8000000119
13864  -0.807  -86.750  11.263 0.6000000238
12896  -2.489  -87.285  13.562 0.8000000119
12886  -4.013  -87.128  14.462 0.6999999881
12928  -0.565  -87.077  10.140 0.6000000238
12907  -1.921  -87.683  13.016 0.8000000119
12899  -5.200  -88.146  14.511 0.6000000238
12947  -0.386  -88.060  10.254 0.6000000238
143953  -5.555  -88.553  14.052 0.6000000238
12069  -6.288  -88.577  13.679 0.6000000238
124084  -5.818  -88.956  12.303 0.6000000238
12081  -6.445  -88.738  12.769 0.6000000238
127883  -5.928  -89.094  10.856 0.6000000238
12082  -7.208  -88.522  12.439 0.6000000238
12102  -7.386  -88.498  11.576 0.6000000238
13627  1.970  -86.828  28.709 0.5000000000
12722  2.499  -87.917  29.852 0.5000000000
13645  0.073  -86.844  28.049 0.6000000238
12709  2.368  -87.724  30.513 0.5000000000
14569  -0.606  -86.063  26.522 0.6999999881
136668  2.364  -87.003  30.015 0.5000000000
12692  1.844  -87.442  31.322 0.5000000000
11962  -1.076  -88.219  23.860 0.6999999881
12693  0.816  -87.184  31.552 0.3000000119
11972  -1.124  -88.312  23.031 0.6999999881
15593  -2.750  -83.657  12.518 0.5000000000
15584  -3.857  -84.210  13.873 0.8000000119
14716  -1.863  -84.852  11.833 0.6000000238
14715  -1.606  -84.992  10.910 0.6000000238
13847  -1.425  -86.060  11.976 0.6999999881
13889  -0.418  -86.012  9.005 0.5000000000
137175  -1.297  -85.624  10.621 0.5000000000
13829  -5.701  -86.817  15.163 0.6000000238
12888  -5.778  -87.726  14.946 0.6000000238
12058  -6.054  -88.339  14.474 0.6000000238
12059  -6.936  -88.331  14.153 0.6000000238
12070  -7.101  -88.491  13.304 0.6000000238
13628  0.850  -86.527  28.714 0.6000000238
13646  -0.389  -86.424  27.777 0.6000000238
13614  0.234  -86.057  29.450 0.6000000238
14510  1.840  -85.658  30.768 0.5000000000
13601  2.358  -86.786  30.738 0.5000000000
13550  1.186  -86.308  33.662 0.5000000000
13567  2.450  -86.145  31.832 0.5000000000
147510  0.906  -86.830  32.391 0.4000000060
13705  -0.972  -86.354  23.554 0.5000000000
17374  -3.340  -82.458  13.263 0.8000000119
17362  -4.080  -82.248  13.738 0.8000000119
128347  -4.742  -82.638  14.521 0.6999999881
16500  -4.041  -83.327  14.138 0.8000000119
15598  -2.277  -83.755  11.473 0.5000000000
16510  -3.276  -83.490  13.424 0.6999999881
12875  -7.183  -87.535  15.289 0.6000000238
140212  1.162  -85.873  30.073 0.6000000238
14568  -0.121  -85.314  26.042 0.6999999881
128312  -0.347  -85.636  29.094 0.5000000000
145875  0.283  -85.719  29.959 0.6000000238
14499  0.864  -85.296  31.153 0.5000000000
126013  1.812  -86.311  33.266 0.5000000000
14599  -0.148  -85.663  23.734 0.6000000238
17375  -3.681  -81.352  12.634 0.8000000119
129131  -4.855  -80.368  13.779 0.8000000119
19117  -4.786  -79.346  13.561 0.6999999881
17392  -2.379  -81.854  11.580 0.5000000000
17363  -4.564  -81.772  14.036 0.8000000119
148319  -4.903  -81.181  14.098 0.6999999881
19118  -5.491  -79.931  14.315 0.6000000238
16509  -2.811  -82.609  12.411 0.5000000000
16523  -2.335  -82.623  11.223 0.5000000000
15609  -2.106  -83.144  10.457 0.5000000000
14726  -1.261  -84.736  9.841 0.5000000000
15395  0.746  -84.877  31.864 0.5000000000
15445  -0.437  -85.205  27.810 0.6999999881
15435  -0.458  -85.104  28.724 0.6000000238
128815  0.393  -84.853  26.394 0.6999999881
14512  -0.277  -85.097  30.221 0.6000000238
14500  -0.046  -84.999  30.925 0.5000000000
14498  2.103  -85.450  31.664 0.5000000000
14582  1.200  -85.118  24.713 0.6000000238
15379  1.139  -84.702  32.889 0.5000000000
14467  0.643  -85.507  34.860 0.5000000000
130289  -1.924  -86.331  33.616 0.3000000119
19970  -3.114  -78.599  12.969 0.6999999881
141238  -4.024  -78.641  12.962 0.8000000119
19953  -4.709  -78.531  13.618 0.8000000119
19132  -2.401  -79.819  12.067 0.6999999881
19969  -2.482  -79.211  12.685 0.6000000238
18258  -2.883  -80.730  11.756 0.6000000238
19133  -3.249  -79.346  12.477 0.8000000119
21752  -4.748  -77.809  14.534 0.6000000238
140682  -4.327  -80.891  13.136 0.8000000119
16537  -1.713  -83.216  9.925 0.6000000238
15452  0.421  -84.506  27.155 0.6000000238
15444  0.085  -84.335  28.131 0.6999999881
15420  -0.490  -84.923  29.634 0.6000000238
15405  -0.321  -84.597  30.457 0.5000000000
13536  0.053  -85.685  34.848 0.4000000060
14459  -1.163  -85.570  35.516 0.4000000060
19099  -1.825  -79.527  12.966 0.5000000000
19119  -6.112  -79.513  14.896 0.6000000238
140641  0.995  -83.829  27.639 0.6000000238
16309  -0.399  -83.837  30.738 0.6000000238
16324  0.470  -83.339  29.333 0.8000000119
16296  -0.399  -83.869  32.288 0.5000000000
15367  1.060  -84.728  33.733 0.5000000000
14458  0.146  -85.383  35.556 0.5000000000
20786  -2.078  -77.091  15.659 0.5000000000
133344  -3.844  -75.858  15.690 0.6999999881
142023  -2.930  -76.622  15.122 0.6000000238
21732  -4.047  -76.870  14.639 0.6999999881
20787  -4.075  -76.962  15.919 0.6999999881
20820  -2.976  -77.929  13.885 0.5000000000
21731  -3.429  -76.989  14.578 0.6000000238
19952  -2.247  -78.808  13.406 0.6000000238
20822  -4.317  -77.880  13.611 0.8000000119
21733  -4.367  -77.348  14.654 0.6999999881
21751  -4.371  -77.458  14.218 0.8000000119
20821  -3.730  -77.996  13.310 0.8000000119
21734  -5.077  -77.899  14.981 0.6000000238
21719  -5.609  -78.409  15.506 0.6000000238
20806  -6.046  -78.630  15.224 0.6000000238
15451  1.548  -83.773  26.960 0.6999999881
15396  -0.249  -84.306  31.421 0.5000000000
16359  2.028  -83.399  26.174 0.6000000238
16342  1.568  -82.843  28.926 0.6999999881
17201  1.146  -82.652  29.665 0.8000000119
15354  0.885  -84.806  34.544 0.5000000000
17150  -0.576  -82.890  32.304 0.6000000238
15355  0.079  -84.244  34.007 0.5000000000
15344  0.389  -84.704  35.841 0.5000000000
21700  -3.494  -75.577  16.441 0.6000000238
21701  -3.824  -75.754  16.311 0.6999999881
20775  -3.821  -76.885  17.014 0.6999999881
20805  -2.423  -77.560  14.880 0.5000000000
146480  -4.088  -75.966  15.656 0.6999999881
21750  -3.928  -77.364  13.941 0.6999999881
20777  -4.603  -79.040  16.936 0.6000000238
142990  -4.354  -78.482  16.292 0.6000000238
20788  -5.002  -78.649  16.115 0.6000000238
20789  -6.021  -78.376  16.238 0.6000000238
16352  1.702  -83.317  27.639 0.6000000238
16308  0.189  -83.206  30.134 0.6000000238
17217  1.974  -82.474  28.517 0.6999999881
141316  1.482  -82.215  30.046 0.8000000119
16284  -0.561  -83.644  33.199 0.5000000000
130217  0.369  -84.311  35.144 0.5000000000
17232  2.248  -81.893  26.286 0.6000000238
18048  -0.037  -82.026  31.805 0.6000000238
17139  -0.787  -82.641  33.398 0.5000000000
16240  -0.188  -83.924  36.595 0.5000000000
135481  -1.377  -84.042  36.519 0.5000000000
21716  -3.027  -75.993  15.736 0.6000000238
126392  -3.729  -76.231  15.139 0.6999999881
20768  -3.762  -78.406  18.093 0.5000000000
20769  -4.405  -79.085  17.659 0.6000000238
20776  -3.903  -78.549  16.996 0.6000000238
19909  -5.020  -79.252  18.539 0.6000000238
123429  -5.302  -79.272  17.710 0.6000000238
17183  -0.080  -82.995  30.859 0.6000000238
16253  0.309  -83.818  35.940 0.5000000000
18093  1.955  -81.471  28.625 0.6999999881
17200  1.744  -82.218  29.368 0.6999999881
18047  0.983  -81.643  31.401 0.6999999881
18034  -0.489  -81.810  32.745 0.6000000238
18020  -0.516  -81.635  33.787 0.6000000238
16241  -0.751  -83.639  36.828 0.5000000000
18968  1.903  -80.513  28.837 0.8000000119
18033  0.480  -81.261  32.282 0.6999999881
18019  0.102  -80.910  33.263 0.6000000238
17123  -0.232  -82.336  35.479 0.5000000000
19799  1.631  -79.229  28.191 0.8000000119
23556  -3.605  -74.613  17.617 0.5000000000
21690  -4.052  -75.089  17.291 0.6999999881
20767  -3.755  -76.636  18.003 0.6999999881
23541  -3.902  -73.851  18.734 0.4000000060
21676  -4.073  -75.193  18.448 0.6999999881
20762  -3.912  -77.295  19.073 0.6999999881
142318  -4.412  -78.572  19.108 0.6000000238
17088  -0.871  -82.519  36.781 0.5000000000
18046  1.517  -81.332  30.808 0.8000000119
16229  -1.777  -82.655  36.610 0.5000000000
18914  0.633  -80.148  33.771 0.6999999881
143817  -0.333  -81.647  34.778 0.6000000238
17098  -0.219  -82.609  36.238 0.5000000000
17099  -2.666  -82.444  36.348 0.5000000000
133563  1.879  -79.781  29.132 0.6999999881
20668  1.101  -78.381  27.401 0.6000000238
19787  1.542  -78.800  28.885 0.8000000119
20643  0.947  -77.781  28.330 0.6000000238
21658  -4.156  -75.669  19.517 0.6000000238
126132  -4.639  -78.221  19.936 0.5000000000
21632  -3.559  -76.658  22.550 0.5000000000
17101  -3.488  -81.685  36.215 0.4000000060
18961  1.757  -80.774  29.885 0.6999999881
123305  0.124  -80.671  34.471 0.6000000238
128458  -0.215  -80.919  35.327 0.6000000238
145720  -2.984  -81.660  36.560 0.5000000000
17997  -4.292  -81.301  35.908 0.4000000060
18942  1.231  -80.751  31.742 0.8000000119
18929  0.733  -80.415  32.743 0.8000000119
18856  -1.695  -81.506  36.559 0.5000000000
17984  -3.536  -81.132  36.544 0.5000000000
20632  1.245  -77.832  29.877 0.6000000238
144417  0.940  -76.748  30.756 0.6000000238
22611  -4.163  -74.215  18.969 0.4000000060
22598  -4.015  -74.803  20.059 0.5000000000
21659  -4.156  -76.252  20.521 0.6000000238
22585  -4.016  -75.385  21.130 0.5000000000
22574  -3.288  -75.994  23.367 0.5000000000
21639  -4.099  -77.335  21.672 0.6000000238
18864  -1.440  -80.892  36.234 0.5000000000
18941  1.594  -80.335  30.765 0.8000000119
18892  0.242  -80.364  35.028 0.6000000238
18866  -3.483  -80.816  36.566 0.5000000000
18928  1.167  -80.002  32.390 0.8000000119
18879  -0.174  -80.164  35.547 0.6000000238
17985  -4.068  -80.970  36.495 0.4000000060
19765  1.386  -79.649  31.529 0.8000000119
19756  1.256  -79.260  32.572 0.8000000119
19752  0.854  -79.568  34.130 0.6999999881
19735  0.536  -79.691  34.747 0.6000000238
19695  -1.028  -80.035  35.764 0.6000000238
135222  1.354  -77.515  31.857 0.8000000119
129841  1.475  -78.680  29.762 0.6999999881
21520  1.142  -76.869  30.995 0.6000000238
21508  1.166  -76.613  31.908 0.6999999881
22584  -3.422  -74.911  21.810 0.4000000060
23503  -3.668  -76.003  24.040 0.5000000000
22575  -3.977  -76.775  23.453 0.6000000238
19751  1.192  -79.014  33.568 0.8000000119
20582  0.521  -78.840  34.708 0.6999999881
20583  0.081  -78.699  35.084 0.6999999881
20620  1.376  -78.557  31.723 0.6999999881
20612  1.381  -78.311  32.805 0.8000000119
21477  0.831  -76.901  34.607 0.8000000119
21453  0.455  -77.812  34.751 0.6999999881
22466  0.453  -76.103  31.660 0.6999999881
22452  1.070  -75.472  32.669 0.6000000238
23395  0.539  -75.628  32.276 0.6999999881
23477  -2.921  -74.563  23.948 0.5000000000
20609  1.221  -78.110  33.797 0.8000000119
21456  -2.614  -78.120  35.039 0.6000000238
22403  0.392  -76.799  34.902 0.8000000119
21455  -0.945  -77.707  35.248 0.6999999881
129689  1.437  -77.193  33.023 0.8000000119
22420  1.143  -76.184  34.369 0.8000000119
22439  1.247  -75.651  33.569 0.8000000119
23396  0.144  -75.323  32.309 0.6999999881
25248  0.600  -73.419  33.516 0.6000000238
22453  -0.736  -75.889  32.850 0.6000000238
148429  -0.499  -73.128  32.414 0.6999999881
22409  -12.607  -76.387  37.029 0.6000000238
22411  -14.582  -76.748  36.822 0.5000000000
24425  -2.678  -73.971  24.275 0.5000000000
21633  -4.570  -77.525  22.755 0.6000000238
24426  -3.552  -74.589  24.422 0.4000000060
137540  -3.470  -73.904  24.711 0.4000000060
22421  1.031  -75.905  35.052 0.8000000119
21478  -1.770  -77.240  35.092 0.6000000238
23353  -0.175  -75.269  35.031 0.8000000119
22423  -1.331  -76.365  35.197 0.8000000119
21479  -2.947  -77.277  34.724 0.6000000238
132902  0.293  -74.491  34.665 0.8000000119
23354  -1.396  -75.575  34.985 0.8000000119
21432  -8.869  -77.740  36.622 0.5000000000
25279  -0.120  -72.788  32.648 0.6999999881
24342  -1.262  -73.127  32.310 0.6999999881
22454  -1.661  -76.133  32.886 0.6000000238
134964  -10.951  -75.665  35.853 0.6000000238
22408  -11.667  -76.187  36.627 0.6000000238
24355  -3.198  -74.001  31.985 0.6000000238
141397  -11.371  -76.114  35.675 0.6000000238
24356  -5.468  -74.279  31.095 0.6000000238
136301  -7.088  -75.133  30.388 0.6000000238
23412  -7.845  -75.228  29.831 0.6000000238
21545  -9.995  -77.602  30.437 0.6000000238
125891  -10.725  -78.220  30.949 0.6000000238
25366  -4.296  -73.386  24.943 0.4000000060
127742  -11.307  -76.828  37.414 0.5000000000
26135  -0.629  -72.202  32.569 0.6999999881
26149  -1.434  -71.914  31.924 0.6999999881
26162  -2.743  -72.580  32.405 0.6999999881
123212  -10.327  -75.476  35.218 0.6000000238
26163  -3.420  -73.038  32.620 0.6999999881
143593  -4.880  -73.930  31.175 0.6000000238
23399  -6.295  -74.625  30.302 0.6000000238
21527  -9.136  -77.717  31.416 0.6000000238
21529  -11.708  -78.268  30.897 0.6000000238
21548  -13.279  -77.582  30.786 0.5000000000
146664  -2.742  -73.169  25.131 0.5000000000
130163  -1.440  -72.546  34.017 0.8000000119
25252  -3.154  -73.110  33.520 0.6999999881
25254  -5.246  -73.788  33.749 0.6000000238
24316  -5.707  -74.042  34.054 0.6000000238
22429  -7.780  -74.660  34.704 0.6000000238
23360  -9.074  -74.376  34.564 0.6000000238
26137  -2.128  -71.918  33.144 0.6999999881
26121  -2.970  -72.295  33.233 0.6999999881
26139  -4.210  -73.116  32.941 0.6999999881
24330  -6.407  -73.862  33.676 0.6000000238
23359  -8.452  -74.001  34.269 0.6000000238
27028  -2.219  -71.867  32.297 0.6999999881
26151  -3.362  -72.574  32.823 0.6999999881
25269  -5.479  -73.604  33.366 0.6000000238
143875  -7.870  -75.367  33.120 0.5000000000
23372  -9.173  -74.736  34.242 0.5000000000
21499  -10.614  -77.289  33.934 0.5000000000
21485  -11.867  -77.091  35.053 0.5000000000
25293  -4.593  -73.549  31.976 0.8000000119
126484  -6.616  -73.919  33.345 0.6000000238
22440  -8.670  -74.891  33.687 0.5000000000
21502  -13.458  -77.509  33.741 0.5000000000
21487  -14.220  -77.210  34.011 0.5000000000
22444  -15.190  -75.919  33.718 0.4000000060
138833  -15.442  -74.829  33.838 0.3000000119
24344  -5.244  -73.727  32.150 0.6000000238
23386  -7.271  -75.022  32.881 0.6000000238
22456  -8.059  -76.257  32.890 0.5000000000
21514  -9.344  -77.635  32.737 0.6000000238
22443  -14.567  -76.526  33.363 0.5000000000
24332  -15.027  -74.273  33.256 0.3000000119
22470  -7.514  -75.907  32.288 0.6000000238
22471  -7.846  -76.682  31.772 0.6000000238
21528  -10.010  -78.217  31.709 0.6000000238
21515  -11.926  -78.310  32.179 0.5000000000
23373  -14.608  -75.700  32.858 0.5000000000
25270  -14.809  -73.569  32.979 0.3000000119
124913  -10.985  -78.355  31.976 0.6000000238
21531  -13.318  -77.608  31.752 0.6000000238
148329  -14.584  -74.982  32.480 0.5000000000
24347  -14.629  -74.303  32.649 0.5000000000
22473  -14.256  -76.365  31.679 0.6000000238
25347  -2.638  -72.845  25.235 0.4000000060
21497  -8.997  -76.177  33.582 0.5000000000
26165  -4.435  -73.262  32.747 0.6999999881
129051  -11.292  -77.929  33.297 0.5000000000
26142  -15.026  -72.819  33.430 0.3000000119
138344  -14.906  -75.006  33.121 0.3000000119
25284  -14.407  -73.612  32.215 0.4000000060
26232  -4.225  -71.634  25.482 0.4000000060
28013  -5.138  -70.845  25.521 0.4000000060
27126  -5.605  -71.641  25.115 0.6000000238
28014  -5.813  -70.712  24.888 0.6000000238
27965  -16.376  -70.785  30.202 0.4000000060
27947  -13.786  -71.117  30.035 0.4000000060
27080  -15.762  -71.441  29.887 0.4000000060
27082  -18.119  -71.392  30.233 0.4000000060
27927  -13.256  -70.683  31.823 0.4000000060
27938  -12.810  -71.002  30.888 0.4000000060
27946  -12.946  -70.939  30.450 0.4000000060
27084  -19.534  -71.366  29.094 0.4000000060
145117  -19.585  -71.192  28.499 0.5000000000
28847  -11.923  -69.650  31.961 0.3000000119
28831  -12.386  -69.539  33.100 0.3000000119
27926  -12.831  -69.967  32.401 0.3000000119
27950  -17.469  -70.767  30.427 0.4000000060
27966  -18.597  -70.218  30.075 0.4000000060
27967  -19.246  -70.409  29.505 0.4000000060
27985  -19.579  -69.934  27.760 0.5000000000
28856  -11.662  -69.830  30.305 0.3000000119
27963  -12.479  -70.303  30.203 0.5000000000
29840  -19.232  -68.863  29.072 0.4000000060
29868  -18.867  -68.663  26.589 0.5000000000
137459  -11.450  -69.765  30.886 0.3000000119
29861  -19.194  -68.562  27.396 0.5000000000
30873  -18.313  -67.776  25.827 0.5000000000
140361  -18.623  -68.085  26.308 0.5000000000
30837  -18.842  -67.199  28.147 0.4000000060
31830  -18.653  -66.508  26.640 0.5000000000
30848  -18.840  -67.240  27.254 0.5000000000
31843  -17.751  -66.475  25.380 0.5000000000
32720  -18.563  -65.934  27.242 0.5000000000
31829  -18.396  -65.931  25.945 0.5000000000
32750  -17.757  -65.506  25.430 0.5000000000
32749  -16.948  -65.138  25.116 0.5000000000
138864  -17.628  -63.639  26.078 0.4000000060
33630  -17.850  -64.227  26.005 0.5000000000
33646  -17.032  -64.248  25.430 0.5000000000
35436  -14.081  -62.257  24.070 0.3000000119
34494  -16.029  -63.310  24.973 0.4000000060
34517  -15.235  -63.154  24.539 0.3000000119
145173  -17.801  -63.606  27.589 0.3000000119
34467  -17.936  -63.174  26.878 0.4000000060
35437  -14.911  -62.367  24.426 0.3000000119
36375  -16.155  -61.924  25.316 0.3000000119
208  -0.099  -107.616  10.378 0.6000000238
140652  -1.583  -107.780  18.250 0.8000000119
167  -0.467  -107.258  14.079 0.8000000119
1472  0.799  -103.748  8.915 0.5000000000
619  -1.894  -107.547  21.617 0.6999999881
2335  -2.248  -101.831  8.775 0.6000000238
4392  -2.649  -98.640  28.524 0.6999999881
144668  -4.374  -105.657  12.628 0.6999999881
137100  -4.781  -97.897  30.105 0.6000000238
4958  -5.451  -96.901  28.295 0.6000000238
6328  -8.254  -95.343  24.745 0.8000000119
7221  -8.052  -95.018  24.033 1.0000000000
2862  -7.395  -100.722  7.041 0.6000000238
2386  -6.474  -101.955  5.555 0.6999999881
5581  -5.952  -96.281  28.751 0.6000000238
6343  -3.424  -94.911  23.453 0.8999999762
1687  -2.783  -103.673  24.858 0.6999999881
125611  -5.491  -102.294  21.553 0.8999999762
4663  1.843  -98.510  -3.414 0.6000000238
7218  -3.190  -94.468  23.290 0.8999999762
2164  -4.452  -102.189  24.357 0.8999999762
3512  -15.778  -100.814  0.318 0.5000000000
9912  -0.249  -91.405  2.604 0.6999999881
2956  -16.229  -101.381  -0.634 0.6000000238
137265  -3.204  -96.451  -3.205 0.6999999881
124671  -4.986  -97.269  -4.731 0.6999999881
10443  -3.662  -90.808  22.805 0.6000000238
7470  -1.200  -94.422  -0.088 0.6000000238
5911  -5.079  -96.714  -3.476 0.5000000000
5920  -6.144  -97.004  -5.960 0.6000000238
5937  -4.431  -96.060  -6.901 0.6999999881
4708  -7.440  -99.237  -7.441 0.5000000000
129764  -2.857  -90.626  22.500 0.8000000119
5928  -5.736  -95.624  -6.540 0.6000000238
5293  -10.353  -96.500  -5.496 0.4000000060
7161  0.307  -94.773  28.368 0.6000000238
11418  -5.268  -90.087  0.492 0.5000000000
4700  -16.828  -97.908  -6.348 0.4000000060
9676  0.617  -91.672  22.476 0.6000000238
8784  0.181  -92.254  28.429 0.4000000060
136516  -5.924  -87.634  5.229 0.6000000238
12182  -5.504  -88.323  5.505 0.6000000238
11912  -0.232  -89.044  28.635 0.3000000119
135502  -2.682  -85.950  13.438 0.8000000119
12887  -4.925  -87.438  14.752 0.6000000238
15594  -3.358  -84.542  13.368 0.8000000119
14573  0.243  -85.305  25.291 0.6999999881
14574  -0.556  -85.987  25.510 0.6999999881
13569  1.447  -86.572  32.901 0.5000000000
134594  -3.508  -80.247  12.174 0.6999999881
18259  -4.133  -79.849  12.967 0.8000000119
13549  1.697  -86.082  33.660 0.5000000000
15463  1.063  -84.859  25.567 0.6000000238
15353  1.209  -85.380  34.267 0.5000000000
138048  2.075  -81.504  27.683 0.6000000238
17124  -0.600  -82.514  34.485 0.5000000000
22629  -3.293  -74.956  16.991 0.4000000060
16226  -0.159  -83.289  36.493 0.5000000000
20653  1.264  -77.985  27.837 0.6999999881
19777  1.576  -79.433  30.547 0.6999999881
21541  0.299  -77.299  30.061 0.6000000238
20731  -4.813  -77.958  20.892 0.6000000238
132148  -4.294  -80.451  36.531 0.5000000000
123865  -3.098  -74.792  22.680 0.4000000060
123883  -3.086  -75.145  23.710 0.4000000060
23486  -3.573  -75.271  24.221 0.4000000060
21462  -12.198  -76.584  35.888 0.5000000000
21463  -13.176  -76.929  35.729 0.5000000000
24312  -0.904  -74.465  34.588 0.8000000119
22405  -8.904  -75.914  35.606 0.6000000238
22383  -11.007  -76.216  36.703 0.5000000000
21464  -14.260  -77.119  35.364 0.5000000000
21486  -12.688  -77.387  34.664 0.5000000000
26247  -3.485  -72.715  25.231 0.5000000000
124803  -0.537  -72.549  33.978 0.6000000238
24311  0.055  -73.466  34.294 0.8000000119
142813  -2.807  -73.766  33.930 0.8000000119
21517  -13.389  -77.510  32.750 0.6000000238
21516  -12.727  -77.970  32.448 0.6000000238
23387  -14.408  -75.517  32.037 0.5000000000
26231  -3.054  -71.985  25.308 0.5000000000
22458  -14.296  -76.370  32.508 0.6000000238
26123  -15.479  -72.866  34.221 0.3000000119
133098  -14.675  -72.217  33.104 0.3000000119
27964  -13.270  -70.373  29.947 0.5000000000
27945  -12.340  -70.305  30.440 0.3000000119
28903  -19.414  -69.185  27.784 0.5000000000
29852  -19.066  -67.878  28.805 0.4000000060
31801  -18.464  -66.564  28.494 0.4000000060
138739  -5.437  -107.798  23.372 0.5000000000
118  -5.953  -107.762  23.022 0.5000000000
130160  -4.604  -106.844  25.635 0.5000000000
222  -4.679  -107.582  25.143 0.5000000000
342  -5.394  -107.167  25.119 0.5000000000
119  -6.514  -107.738  22.738 0.5000000000
123913  -6.725  -108.034  21.875 0.5000000000
1185  -2.990  -103.446  35.945 0.4000000060
577  -6.086  -106.833  24.632 0.5000000000
402  -6.400  -106.984  19.312 0.6000000238
424  -5.100  -106.855  16.176 0.6999999881
128294  -5.954  -106.528  17.720 0.6000000238
131138  -2.423  -103.099  35.991 0.3000000119
998  -5.826  -105.565  15.358 0.6999999881
694  -4.868  -106.059  13.751 0.6999999881
1403  -4.834  -104.838  13.283 0.6999999881
3924  -15.330  -98.894  11.848 0.3000000119
2310  -3.407  -102.426  10.504 0.6999999881
3406  -13.504  -99.874  9.189 0.5000000000
2831  -13.257  -100.489  8.510 0.6000000238
141938  -1.101  -103.140  19.956 0.6999999881
133270  -4.872  -102.102  9.861 0.6999999881
510  -11.832  -106.793  5.181 0.6999999881
5882  2.500  -96.625  -2.285 0.5000000000
142940  2.098  -97.509  -1.782 0.5000000000
146583  -11.170  -100.433  0.425 0.5000000000
3510  -12.172  -99.387  0.872 0.5000000000
2324  -5.941  -101.672  9.823 0.6000000238
2826  -7.003  -100.338  9.127 0.6000000238
9886  1.534  -92.421  5.006 0.5000000000
800  -13.648  -105.455  2.591 0.6000000238
788  -12.314  -106.037  4.116 0.6999999881
1159  -15.729  -104.660  0.687 0.5000000000
4655  1.727  -98.591  -2.440 0.5000000000
4074  -13.407  -98.783  -0.106 0.6000000238
4072  -11.778  -99.398  -0.641 0.5000000000
8859  -4.504  -92.947  23.464 0.8000000119
9082  1.868  -93.185  3.952 0.6999999881
5260  1.649  -97.251  -3.482 0.8000000119
4058  -14.542  -99.354  0.480 0.6000000238
4659  -13.670  -98.776  -0.938 0.6999999881
4657  -12.085  -98.422  -1.824 0.5000000000
9874  0.233  -92.248  6.754 0.6999999881
138486  1.153  -97.738  -3.910 0.8000000119
1956  -16.218  -103.479  -0.526 0.4000000060
1969  -16.678  -103.038  -1.044 0.4000000060
4142  -9.396  -98.803  -5.676 0.5000000000
4690  -9.860  -97.642  -4.961 0.4000000060
7879  2.119  -92.706  33.947 0.3000000119
9850  -1.095  -91.384  7.683 0.6999999881
2462  -17.344  -101.585  -2.498 0.4000000060
10441  -1.422  -90.751  22.399 0.6999999881
134295  -2.111  -90.642  21.861 0.6000000238
9690  -2.521  -91.268  21.261 0.6000000238
10592  0.066  -90.986  9.021 0.6999999881
5884  -3.716  -96.181  -1.274 0.5000000000
124428  -0.095  -91.815  20.787 0.6000000238
10593  -0.708  -91.067  8.610 0.6999999881
11970  0.941  -89.073  23.424 0.6999999881
11181  0.121  -89.099  20.935 0.6000000238
11961  -0.643  -88.301  24.298 0.6000000238
11971  -0.273  -88.715  23.374 0.6999999881
12781  -1.364  -87.623  23.734 0.6999999881
13686  -0.848  -86.311  24.616 0.6999999881
13591  -1.164  -86.742  32.136 0.3000000119
15585  -4.587  -84.413  14.258 0.8000000119
15587  -5.979  -84.340  14.728 0.6000000238
14701  -6.148  -85.061  14.766 0.6000000238
13818  -6.715  -86.787  15.438 0.6000000238
14702  -6.893  -85.236  15.206 0.6000000238
14598  1.054  -85.263  23.884 0.5000000000
124275  0.545  -86.567  32.999 0.4000000060
13570  -0.498  -86.426  32.942 0.3000000119
13571  -1.555  -86.486  32.930 0.3000000119
17364  -5.288  -81.856  14.791 0.6999999881
18239  -5.458  -80.907  14.600 0.6000000238
123482  0.624  -85.924  34.283 0.4000000060
13552  -0.942  -86.019  33.713 0.3000000119
138020  -1.474  -85.835  34.975 0.3000000119
146875  1.878  -84.269  25.437 0.6000000238
15380  0.027  -84.294  33.063 0.5000000000
13528  -3.006  -86.036  35.229 0.3000000119
14453  -1.782  -85.392  35.669 0.4000000060
15345  0.257  -85.084  35.893 0.5000000000
15337  -0.567  -84.558  36.430 0.5000000000
15338  -1.543  -84.866  36.168 0.4000000060
15339  -2.204  -84.313  36.024 0.4000000060
20770  -5.943  -79.334  18.450 0.6000000238
16242  -1.992  -83.377  36.298 0.5000000000
144481  1.020  -77.662  29.057 0.5000000000
22621  -3.965  -74.200  18.119 0.6999999881
18865  -2.474  -81.045  36.555 0.6000000238
19715  -1.107  -79.467  35.631 0.6000000238
20556  -3.496  -79.784  36.153 0.6000000238
19698  -4.056  -80.206  36.607 0.5000000000
18867  -5.207  -80.037  36.688 0.5000000000
20585  -1.788  -79.101  35.423 0.6000000238
20587  -4.311  -79.133  35.729 0.6000000238
21435  -12.133  -76.814  37.755 0.5000000000
23383  -2.304  -75.230  32.626 0.6000000238
22410  -13.557  -76.639  36.867 0.5000000000
24354  -2.285  -73.416  32.349 0.6999999881
24343  -2.854  -74.315  32.267 0.6000000238
23408  -4.224  -74.383  30.584 0.6000000238
24367  -4.987  -73.947  30.010 0.6000000238
21544  -9.137  -76.914  30.451 0.6000000238
21546  -11.033  -77.618  30.127 0.6000000238
21547  -12.605  -77.689  30.360 0.5000000000
21457  -3.650  -78.253  34.947 0.6000000238
21458  -4.719  -78.270  34.993 0.6000000238
135133  -8.085  -77.936  36.573 0.5000000000
22425  -3.431  -76.365  34.459 0.6999999881
21434  -10.453  -76.960  37.126 0.5000000000
143792  -8.724  -77.248  36.117 0.5000000000
22382  -10.122  -76.316  36.523 0.5000000000
22384  -12.350  -76.533  37.448 0.5000000000
22433  -15.259  -76.674  35.412 0.3000000119
25292  -4.019  -73.566  31.809 0.6000000238
24357  -14.363  -74.456  31.937 0.5000000000
145148  -2.215  -75.592  34.763 0.8000000119
24313  -2.932  -74.508  34.175 0.8000000119
21483  -7.300  -76.457  34.796 0.6000000238
24314  -3.706  -73.912  33.950 0.6999999881
23356  -4.949  -74.973  34.103 0.8000000119
22428  -6.722  -75.607  34.475 0.6000000238
23338  -15.992  -76.144  35.429 0.5000000000
140287  -15.460  -76.277  34.576 0.5000000000
26248  -5.009  -72.427  25.244 0.5000000000
25253  -4.284  -73.528  33.569 0.6999999881
147496  -5.160  -71.681  25.384 0.5000000000
27044  -14.181  -72.090  32.235 0.4000000060
28883  -14.014  -69.838  29.584 0.5000000000
27949  -15.886  -70.069  30.281 0.4000000060
28881  -12.510  -69.906  29.919 0.4000000060
29830  -18.280  -68.757  30.280 0.4000000060
126510  -18.741  -68.358  29.663 0.4000000060
143194  -18.703  -67.142  28.886 0.4000000060
31800  -17.870  -65.955  28.914 0.4000000060
31815  -18.644  -66.551  27.630 0.5000000000
32735  -18.257  -64.889  26.336 0.5000000000
33621  -17.936  -64.417  27.641 0.3000000119
32706  -17.775  -65.204  28.275 0.3000000119
33631  -18.032  -63.958  26.732 0.4000000060
32719  -18.375  -65.256  27.336 0.5000000000
23381  -0.292  -74.678  32.505 0.6999999881
569  -5.081  -106.497  25.589 0.5000000000
120  -6.885  -107.658  22.729 0.5000000000
128231  -6.015  -106.347  24.951 0.5000000000
659  -6.585  -105.734  16.650 0.6999999881
672  -5.734  -106.059  16.084 0.6999999881
4073  -12.555  -98.837  -0.313 0.6000000238
127674  -17.476  -103.419  -0.457 0.3000000119
4681  -10.408  -97.852  -4.206 0.4000000060
5275  -11.061  -97.231  -4.103 0.4000000060
9849  -0.193  -91.639  8.098 0.6999999881
10452  1.609  -91.284  21.005 0.6000000238
11180  0.930  -90.240  20.755 0.6000000238
11174  0.854  -89.626  21.493 0.6999999881
136654  -5.207  -83.705  14.655 0.6999999881
143310  -5.648  -82.803  15.001 0.6000000238
13553  -2.771  -86.421  33.971 0.3000000119
128248  -1.748  -86.079  34.325 0.3000000119
127942  -6.040  -78.981  36.432 0.5000000000
24366  -4.550  -74.291  30.261 0.6000000238
20588  -5.306  -78.859  35.976 0.6000000238
21459  -5.793  -78.165  35.006 0.6000000238
21431  -7.451  -78.310  36.211 0.6000000238
21480  -4.034  -77.311  34.545 0.6000000238
21481  -5.131  -77.236  34.452 0.6000000238
22426  -4.506  -76.261  34.226 0.6000000238
21460  -6.870  -77.907  35.396 0.6000000238
21461  -7.984  -77.182  35.538 0.6000000238
134891  -3.882  -74.662  34.166 0.8000000119
23355  -3.929  -75.524  34.219 0.6999999881
30823  -18.565  -67.467  29.548 0.4000000060
31789  -17.806  -66.211  29.780 0.4000000060
146575  -6.882  -78.619  36.134 0.5000000000
21482  -6.267  -77.038  34.467 0.6000000238
134263  1.389  -105.901  10.779 0.5000000000
708  0.897  -105.910  11.703 0.6999999881
1453  2.049  -104.482  10.681 0.5000000000
700  0.594  -106.662  12.347 0.6999999881
281  0.389  -107.111  12.702 0.5000000000
162  -1.115  -107.677  15.228 0.8000000119
157  -1.183  -107.879  15.977 0.8000000119
124674  -1.971  -108.364  17.808 0.8000000119
45  -2.381  -108.489  16.690 0.8000000119
460  1.126  -106.832  10.670 0.5000000000
206  0.701  -107.271  10.684 0.5000000000
176  -0.423  -107.377  13.367 0.6999999881
1791  -0.754  -103.528  15.377 0.8999999762
1802  0.600  -103.613  14.213 0.8000000119
1378  1.530  -104.147  15.560 0.6999999881
1402  0.006  -103.740  13.637 0.6999999881
145794  -1.316  -103.671  15.449 0.8999999762
5  -3.120  -108.693  20.682 0.6999999881
107  -4.438  -107.745  23.978 0.6000000238
133484  -3.260  -107.901  23.510 0.6999999881
57  -3.032  -108.426  15.643 0.8000000119
30  -3.809  -108.586  18.298 0.8000000119
29  -3.092  -108.620  18.375 0.8000000119
169  -2.392  -108.021  14.717 0.8000000119
189  -2.154  -107.430  13.041 0.8000000119
305  -1.074  -106.864  10.110 0.6000000238
216  0.223  -107.345  9.409 0.6000000238
128971  -1.939  -107.051  11.900 0.6000000238
1884  1.883  -102.037  8.088 0.5000000000
1471  1.519  -103.614  8.451 0.5000000000
139392  0.995  -102.518  8.654 0.5000000000
123477  -1.208  -106.114  26.466 0.5000000000
1268  -2.020  -105.060  26.689 0.5000000000
337  -1.834  -107.040  25.853 0.5000000000
145892  -2.787  -105.120  26.408 0.5000000000
880  -3.387  -105.473  26.207 0.5000000000
134421  -3.502  -102.990  28.399 0.3000000119
219  -1.806  -107.354  25.410 0.6000000238
339  -3.633  -107.140  25.675 0.5000000000
138276  -0.975  -104.801  27.538 0.4000000060
114  -2.104  -107.883  23.524 0.6999999881
562  1.145  -105.619  26.080 0.6999999881
343  0.278  -106.647  25.260 0.6999999881
4  -2.555  -108.589  21.019 0.6999999881
410  -1.006  -107.325  16.486 0.8000000119
646  -0.633  -107.022  15.983 0.8000000119
669  -0.259  -106.803  14.652 0.8000000119
145008  -2.473  -108.447  18.646 0.8000000119
141  -5.181  -108.099  21.410 0.6000000238
127  -5.321  -108.124  22.042 0.6000000238
24  -4.031  -108.530  19.034 0.6999999881
683  -0.303  -105.880  13.771 0.8000000119
2351  0.231  -101.715  8.261 0.6000000238
1910  -0.984  -102.275  4.673 0.5000000000
142906  -1.663  -103.023  4.066 0.5000000000
1913  -4.169  -103.362  4.577 0.8000000119
1501  -3.562  -104.238  4.512 0.6999999881
2063  -1.216  -102.503  35.699 0.4000000060
2587  0.842  -101.434  32.095 0.6000000238
2086  -1.670  -102.327  31.948 0.5000000000
2098  -1.135  -102.215  31.168 0.6000000238
1232  -2.751  -104.708  30.828 0.3000000119
1650  -2.041  -103.982  29.039 0.3000000119
2616  -0.230  -101.761  29.294 0.6000000238
1242  -0.241  -104.813  29.200 0.5000000000
1222  -0.796  -104.785  29.773 0.5000000000
1648  0.527  -104.160  28.316 0.6000000238
4454  -6.309  -98.110  22.569 0.8999999762
1684  -0.104  -104.518  25.465 0.6999999881
1674  0.603  -103.892  26.251 0.6999999881
369  -1.617  -107.548  22.312 0.6999999881
1013  -0.949  -104.939  14.099 0.8000000119
249  -1.500  -107.983  18.138 0.8000000119
401  -1.908  -107.817  19.207 0.8000000119
127582  -3.429  -108.591  19.704 0.8000000119
728  -0.790  -106.400  9.585 0.5000000000
1484  -5.558  -105.188  6.737 0.6999999881
1096  -6.326  -105.487  7.244 0.8999999762
1085  -6.623  -106.162  7.572 0.8000000119
3138  1.384  -100.598  31.690 0.5000000000
4343  0.422  -99.664  33.767 0.5000000000
3747  -1.322  -99.678  30.599 0.6000000238
3754  0.896  -99.831  28.944 0.6000000238
1224  -1.852  -104.601  30.356 0.4000000060
3767  0.623  -99.981  27.736 0.6000000238
3768  -0.000  -99.770  27.477 0.6999999881
126966  -4.251  -106.131  25.870 0.5000000000
146114  -1.390  -105.284  15.230 0.8999999762
996  -1.758  -104.861  15.560 0.8999999762
982  -1.690  -105.611  16.312 0.8000000119
657  -1.117  -106.285  16.388 0.8000000119
636  -2.140  -106.825  17.970 0.8000000119
3387  -12.777  -99.497  9.931 0.5000000000
127198  -2.196  -106.619  10.798 0.6000000238
445  -3.683  -106.765  13.183 0.8000000119
130309  -11.698  -101.601  8.720 0.6000000238
2338  -10.122  -102.057  8.036 0.6000000238
2339  -10.757  -102.602  8.473 0.5000000000
498  -7.136  -106.911  6.684 0.8000000119
497  -6.375  -106.730  6.521 0.6000000238
6347  -7.448  -95.497  23.385 1.0000000000
1600  -3.561  -103.807  34.423 0.4000000060
1215  -1.710  -104.586  30.438 0.5000000000
4963  -3.724  -97.762  26.967 0.6999999881
4956  -3.833  -97.820  27.579 0.6999999881
5642  -4.692  -95.889  22.204 0.8999999762
2635  0.450  -101.324  26.990 0.6999999881
336  -0.978  -107.283  25.435 0.6000000238
133002  -0.875  -107.069  23.353 0.6999999881
100  -4.844  -107.676  24.412 0.5000000000
956  -3.118  -105.425  17.844 0.8999999762
649  -2.385  -105.930  17.556 0.8999999762
2354  -4.462  -101.729  6.666 0.6999999881
1465  -9.888  -104.586  8.105 0.5000000000
123047  -11.628  -103.252  8.377 0.5000000000
1078  -10.718  -105.702  8.151 0.6000000238
480  -9.497  -107.560  7.142 0.6999999881
739  -8.585  -107.118  7.593 0.8000000119
147654  -11.670  -106.260  7.575 0.6999999881
491  -9.727  -107.425  6.754 0.6999999881
774  -5.956  -106.287  5.309 0.6000000238
5607  -6.971  -96.859  25.542 0.8000000119
3726  -2.083  -99.462  32.405 0.5000000000
132612  -4.991  -95.287  22.799 0.8999999762
7219  -3.924  -94.357  23.573 0.8999999762
6366  -6.016  -95.508  22.649 1.0000000000
142558  -2.524  -96.703  21.928 0.8000000119
5024  -1.660  -96.905  22.150 0.6999999881
601  -1.737  -106.791  22.563 0.8000000119
1366  1.727  -104.678  17.286 0.6000000238
123118  -1.446  -103.334  16.652 1.0000000000
135365  -3.007  -106.935  20.718 0.8000000119
1752  -0.863  -103.527  18.516 0.6999999881
2357  -9.555  -102.708  7.397 0.5000000000
1885  -8.791  -103.404  6.988 0.5000000000
1474  -8.094  -104.326  7.108 0.6999999881
2849  -12.206  -101.808  8.281 0.5000000000
1874  -9.476  -103.747  7.673 0.5000000000
797  -5.246  -105.426  3.812 0.6000000238
777  -9.659  -106.210  5.614 0.6999999881
1511  -8.577  -104.717  4.777 0.6000000238
1521  -9.000  -104.026  4.399 0.5000000000
1512  -9.515  -104.733  4.985 0.6999999881
1514  -11.380  -104.929  4.584 0.6000000238
5524  -1.224  -96.950  35.460 0.4000000060
148394  -2.143  -103.148  37.074 0.3000000119
4335  -1.582  -98.150  34.298 0.6000000238
4373  -4.360  -98.346  30.558 0.6000000238
3740  -3.347  -99.102  31.718 0.6000000238
3739  -2.452  -99.520  31.422 0.6000000238
4426  -6.453  -97.782  24.285 0.8999999762
4985  -6.189  -97.455  25.126 0.8999999762
4415  -4.992  -98.325  25.537 0.8000000119
4984  -5.374  -97.715  25.675 0.8000000119
3780  -5.424  -98.850  24.786 0.8999999762
3799  -6.208  -98.914  23.074 0.8999999762
135751  -4.462  -99.102  21.658 0.8999999762
3245  -2.623  -100.624  21.508 0.8000000119
2698  -3.570  -101.049  21.260 0.8999999762
2699  -4.755  -101.234  21.268 0.8999999762
2710  -3.165  -101.823  20.586 1.0000000000
2205  -2.570  -102.572  20.098 0.8999999762
1768  -3.608  -103.249  17.352 1.0000000000
229  -6.099  -107.495  23.711 0.5000000000
2245  -3.499  -102.838  17.662 1.0000000000
2845  -8.740  -100.238  7.703 0.6000000238
2875  -7.563  -101.375  6.312 0.6999999881
140514  -10.868  -107.152  5.956 0.6999999881
502  -11.346  -106.964  5.633 0.6999999881
779  -11.668  -106.234  4.622 0.6000000238
1930  -11.983  -104.115  4.212 0.6000000238
2889  -11.232  -101.568  3.737 0.5000000000
138160  -14.250  -102.081  2.848 0.6000000238
2398  -12.081  -101.792  4.037 0.6000000238
4930  -4.002  -98.066  32.011 0.6000000238
4911  -2.795  -97.438  33.662 0.6000000238
7233  -2.397  -94.821  23.130 0.8999999762
4964  -4.366  -97.481  27.249 0.6999999881
4965  -5.181  -97.156  27.555 0.6999999881
5589  -5.847  -96.541  27.838 0.6999999881
124804  -4.853  -97.295  26.927 0.6999999881
5599  -6.699  -96.512  26.470 0.6999999881
4413  -3.785  -98.615  26.317 0.8000000119
127860  -5.666  -100.570  23.183 0.8000000119
1296  -1.176  -105.418  24.351 0.8000000119
1726  -1.821  -102.999  19.629 0.8999999762
2873  -5.821  -101.540  5.957 0.6999999881
3426  -7.087  -101.024  6.669 0.6000000238
1088  -12.065  -105.586  7.540 0.6000000238
3495  -13.866  -100.176  3.080 0.6000000238
6301  -6.797  -94.941  28.718 0.6999999881
8286  1.630  -94.036  1.791 0.6000000238
8285  2.680  -94.956  2.376 0.6000000238
136854  2.274  -96.053  -0.806 0.5000000000
7468  2.128  -95.157  -1.476 0.6000000238
1125  -12.724  -105.548  3.540 0.6000000238
1523  -12.553  -105.116  3.464 0.6000000238
3501  -11.812  -100.257  2.419 0.5000000000
3509  -11.441  -100.108  1.207 0.5000000000
4057  -13.628  -99.035  0.656 0.6000000238
126430  -3.635  -96.851  32.732 0.6000000238
9623  -3.023  -91.598  26.120 0.8000000119
10427  -3.444  -90.577  24.326 0.8000000119
5556  -4.657  -96.672  31.489 0.6000000238
4931  -4.426  -97.355  31.791 0.6000000238
6254  -3.526  -95.518  31.949 0.6000000238
8034  -5.339  -93.323  24.127 0.8999999762
7164  -6.781  -94.097  28.860 0.8000000119
8274  2.909  -94.969  3.344 0.6000000238
148343  1.521  -93.458  2.907 0.6000000238
8305  0.553  -93.172  -0.054 0.6999999881
10625  -0.570  -89.615  4.260 0.6999999881
8336  1.198  -93.695  -2.536 0.8000000119
5253  1.901  -97.862  -2.545 0.5000000000
1146  -15.115  -105.321  1.264 0.5000000000
809  -14.043  -105.356  1.913 0.5000000000
1950  -14.665  -104.470  0.940 0.6000000238
1143  -13.682  -105.175  2.168 0.6999999881
1530  -13.544  -104.876  2.231 0.6000000238
799  -12.910  -105.608  3.453 0.6999999881
1955  -15.934  -103.543  -0.376 0.4000000060
5896  1.494  -96.356  -3.343 0.8000000119
144750  -14.496  -100.665  2.774 0.6000000238
4125  -0.243  -99.646  -5.037 0.5000000000
3517  -15.311  -99.986  0.285 0.5000000000
6240  -2.677  -95.419  32.938 0.6000000238
9921  -0.304  -92.069  2.072 0.6999999881
9938  -1.363  -91.117  -0.443 0.6999999881
8362  -0.071  -93.887  -2.890 0.6999999881
6665  0.497  -95.959  -1.775 0.8000000119
4135  -0.755  -99.095  -5.152 0.5000000000
2418  -14.745  -102.579  2.100 0.5000000000
3505  -15.633  -101.340  1.073 0.5000000000
130516  -3.040  -98.704  -5.115 0.6000000238
4665  -12.608  -98.134  -2.399 0.6000000238
4651  -13.008  -98.514  -0.752 0.6000000238
6198  0.008  -94.328  36.147 0.3000000119
6239  -1.808  -94.913  33.311 0.5000000000
6268  -2.986  -94.866  31.624 0.6000000238
7942  -5.502  -93.721  29.566 0.6999999881
8801  -6.241  -92.402  27.857 0.8000000119
10661  -1.154  -90.505  1.653 0.6999999881
10684  -2.040  -91.037  -0.458 0.6000000238
11347  -0.767  -89.186  4.519 0.6999999881
12179  -2.039  -87.963  4.886 0.6999999881
4149  -2.823  -98.385  -5.812 0.5000000000
4159  -5.543  -98.782  -6.599 0.5000000000
4158  -4.571  -98.477  -6.381 0.5000000000
5267  -13.001  -97.911  -3.180 0.5000000000
4664  -11.951  -98.141  -2.466 0.5000000000
7104  -1.105  -94.552  31.593 0.6000000238
8814  -4.007  -92.123  27.226 0.8000000119
7983  -4.560  -92.779  28.381 0.6999999881
9958  -3.386  -91.908  -1.327 0.6000000238
5925  -2.686  -96.644  -5.993 0.6999999881
6689  -5.014  -95.626  -7.345 0.6999999881
2972  -17.117  -101.215  -3.182 0.5000000000
146073  -3.550  -97.797  -6.665 0.6999999881
146684  -5.474  -98.684  -6.996 0.5000000000
5301  -8.451  -97.662  -6.762 0.5000000000
5311  -8.037  -97.117  -7.214 0.5000000000
4120  -15.580  -99.383  -4.111 0.5000000000
4676  -14.632  -98.682  -3.877 0.5000000000
4675  -14.161  -98.131  -4.582 0.5000000000
7864  1.494  -93.045  34.709 0.3000000119
9649  -0.550  -91.514  24.392 0.8000000119
6252  -0.393  -94.633  30.785 0.5000000000
138457  -1.930  -94.348  30.275 0.6999999881
6676  -7.029  -96.830  -5.337 0.5000000000
7515  -7.276  -94.168  -6.544 0.5000000000
5300  -2.378  -97.099  -6.341 0.6999999881
6700  -6.481  -94.744  -7.528 0.6999999881
7516  -8.247  -94.422  -6.636 0.5000000000
3540  -17.099  -100.660  -4.917 0.4000000060
5314  -5.016  -97.349  -7.574 0.6999999881
146481  -15.034  -98.336  -5.560 0.5000000000
144507  2.355  -91.987  25.227 0.5000000000
134470  2.218  -92.930  33.271 0.3000000119
7079  2.104  -94.241  32.205 0.4000000060
124547  2.201  -93.184  32.095 0.3000000119
4693  -17.841  -98.297  -5.826 0.4000000060
7520  -12.279  -95.329  -6.226 0.4000000060
143532  -9.111  -95.919  -6.814 0.5000000000
5949  -8.382  -96.335  -7.090 0.5000000000
7521  -13.150  -95.293  -6.077 0.4000000060
10433  -0.686  -91.007  22.949 0.6000000238
7526  -8.902  -95.237  -6.934 0.6000000238
6697  -15.587  -95.714  -6.257 0.5000000000
10577  -1.022  -90.591  8.953 0.6999999881
9675  1.649  -91.667  21.779 0.6000000238
10432  2.329  -90.634  23.133 0.6000000238
9686  1.882  -91.502  21.470 0.6000000238
9687  1.608  -91.703  21.110 0.6000000238
11167  2.143  -90.153  23.888 0.6999999881
11934  2.199  -88.907  26.946 0.5000000000
11935  1.689  -88.284  26.364 0.6000000238
11170  2.090  -89.812  23.411 0.6000000238
10386  0.807  -90.616  27.850 0.4000000060
143455  1.852  -89.908  22.134 0.6000000238
12898  -4.315  -87.915  14.306 0.6000000238
12078  -3.115  -88.693  12.793 0.6999999881
136566  -0.049  -87.898  9.000 0.6000000238
12128  -3.831  -89.339  10.114 0.6999999881
12077  -2.233  -88.308  12.850 0.8000000119
11897  1.893  -88.643  29.494 0.4000000060
145681  0.969  -88.174  30.046 0.3000000119
138105  0.081  -87.585  26.742 0.6999999881
12747  -0.293  -87.031  27.259 0.6000000238
126511  -6.967  -88.887  10.934 0.6000000238
13658  -0.572  -86.605  26.903 0.6999999881
12694  -0.792  -86.981  31.311 0.3000000119
13613  1.860  -86.289  29.384 0.5000000000
13590  2.155  -86.877  31.743 0.5000000000
14558  -0.629  -85.930  27.429 0.6999999881
12890  -7.713  -88.183  13.793 0.6000000238
13551  0.189  -86.234  33.690 0.4000000060
15378  1.899  -85.208  32.586 0.5000000000
19954  -5.346  -79.116  14.086 0.6000000238
133952  0.739  -85.119  35.147 0.5000000000
20824  -5.403  -78.252  14.848 0.6000000238
15434  -0.193  -84.203  29.057 0.8000000119
133886  -0.378  -85.424  35.753 0.4000000060
132373  -0.370  -83.483  31.531 0.6000000238
21715  -1.978  -76.678  16.405 0.4000000060
17224  2.066  -82.539  27.532 0.6000000238
133673  2.274  -82.306  25.606 0.6000000238
17162  0.556  -82.326  31.105 0.8000000119
18070  1.367  -82.007  30.681 0.8000000119
19813  1.223  -78.724  27.237 0.6000000238
17089  -1.539  -82.254  36.743 0.5000000000
17971  -0.700  -82.061  36.564 0.5000000000
129324  0.597  -80.019  34.551 0.6000000238
18913  0.963  -79.708  33.223 0.6999999881
132336  -4.154  -77.090  20.062 0.6000000238
17970  -0.542  -81.472  36.065 0.5000000000
17983  -2.881  -81.433  36.592 0.5000000000
127987  1.244  -77.720  30.827 0.8000000119
22480  0.949  -76.339  31.235 0.6999999881
19697  -3.231  -80.453  36.450 0.5000000000
19713  0.206  -79.595  35.122 0.6000000238
19696  -2.138  -80.110  35.876 0.6000000238
21496  1.330  -76.467  33.629 0.6999999881
20600  0.840  -77.953  34.422 0.8000000119
20584  -0.777  -78.613  35.395 0.6000000238
23394  0.774  -75.678  32.232 0.6000000238
23370  0.987  -74.868  33.364 0.6000000238
23380  0.393  -74.657  32.623 0.6999999881
24339  0.714  -74.034  33.046 0.6999999881
127521  -2.632  -74.434  23.223 0.4000000060
125905  -1.712  -78.231  35.243 0.6000000238
139300  -2.397  -78.764  35.232 0.6000000238
22404  -0.506  -76.802  35.185 0.6999999881
23352  0.794  -75.135  34.956 0.8000000119
24310  0.681  -74.174  34.251 0.6999999881
23382  -1.177  -75.103  32.853 0.6000000238
144994  -13.079  -76.486  37.662 0.5000000000
23487  -4.110  -75.430  24.329 0.5000000000
22424  -2.310  -76.270  34.858 0.6000000238
22431  -9.801  -74.878  34.983 0.6000000238
22407  -10.376  -75.614  35.720 0.6000000238
22442  -10.459  -76.148  34.684 0.5000000000
23385  -6.447  -74.525  32.287 0.6999999881
22486  -8.360  -76.170  30.456 0.5000000000
22485  -7.508  -75.859  31.100 0.6000000238
23400  -6.887  -75.313  31.612 0.5000000000
21558  -9.814  -76.323  29.717 0.6000000238
136853  -10.553  -76.697  29.667 0.6000000238
142011  -11.902  -77.531  29.964 0.6000000238
127475  -2.397  -73.472  24.770 0.4000000060
22441  -9.827  -75.448  34.493 0.5000000000
21526  -8.458  -77.156  31.237 0.6000000238
21530  -12.639  -78.097  31.350 0.6000000238
22472  -13.810  -76.970  32.152 0.6000000238
22488  -13.884  -77.059  31.116 0.6000000238
25250  -1.128  -73.295  34.255 0.8000000119
25255  -6.000  -73.860  33.858 0.6000000238
24315  -4.708  -74.037  34.025 0.6000000238
23358  -7.096  -74.330  34.452 0.6000000238
23357  -6.182  -74.625  34.291 0.6000000238
140368  -8.186  -75.745  35.106 0.6000000238
23337  -9.297  -74.893  35.151 0.6000000238
22430  -8.660  -74.675  34.969 0.6000000238
146896  -8.879  -74.181  34.035 0.6000000238
24331  -7.370  -73.931  33.888 0.6000000238
24318  -7.679  -73.901  34.278 0.6000000238
25282  -5.114  -73.418  32.738 0.6000000238
23371  -8.281  -74.156  33.746 0.6000000238
21484  -11.148  -76.974  34.692 0.5000000000
24346  -7.451  -73.995  33.542 0.5000000000
21500  -11.965  -77.580  34.060 0.5000000000
140818  -10.330  -77.926  32.978 0.5000000000
24345  -5.906  -73.965  32.481 0.6000000238
137394  -13.567  -77.367  34.671 0.5000000000
141839  -12.128  -78.054  33.145 0.5000000000
22432  -14.918  -76.719  34.300 0.5000000000
24319  -15.663  -74.218  34.260 0.3000000119
21513  -8.437  -77.238  32.366 0.6000000238
22457  -14.018  -77.090  33.069 0.5000000000
25271  -15.336  -73.720  33.747 0.3000000119
25256  -15.697  -73.588  34.347 0.3000000119
26141  -14.547  -72.853  32.606 0.4000000060
26122  -15.034  -71.943  33.995 0.3000000119
27043  -13.572  -71.527  31.485 0.4000000060
135909  -15.290  -70.712  29.722 0.4000000060
27081  -16.945  -71.604  30.111 0.4000000060
129580  -14.790  -71.257  29.838 0.4000000060
27079  -14.343  -70.534  29.693 0.4000000060
27066  -18.261  -70.722  30.317 0.4000000060
27055  -13.403  -71.579  30.896 0.4000000060
27083  -18.970  -71.173  29.910 0.4000000060
27978  -19.582  -70.437  28.669 0.4000000060
128845  -19.562  -70.976  27.732 0.5000000000
27937  -12.278  -70.176  31.092 0.3000000119
132926  -16.980  -70.008  30.493 0.4000000060
27951  -17.910  -70.065  30.452 0.4000000060
28884  -18.842  -69.394  29.747 0.4000000060
28885  -19.387  -69.684  29.175 0.4000000060
28898  -19.483  -69.457  28.470 0.5000000000
29853  -19.324  -68.589  28.242 0.4000000060
29860  -18.929  -67.953  26.947 0.5000000000
30849  -19.146  -67.867  27.802 0.5000000000
30858  -18.664  -67.408  26.417 0.5000000000
30857  -18.422  -66.864  25.814 0.5000000000
32736  -18.536  -65.658  26.644 0.5000000000
32707  -18.285  -65.890  27.980 0.5000000000
33645  -16.146  -64.726  24.788 0.4000000060
32734  -17.703  -64.731  25.611 0.5000000000
128348  -16.265  -63.968  25.095 0.5000000000
34516  -14.447  -63.025  24.233 0.3000000119
34495  -16.815  -63.470  25.484 0.4000000060
133539  -17.407  -62.950  26.069 0.3000000119
135273  -16.573  -62.658  25.452 0.3000000119
35417  -15.704  -62.519  24.896 0.3000000119
36395  -15.390  -61.720  24.784 0.3000000119
147059  -16.727  -62.068  25.586 0.3000000119
22381  -9.376  -76.694  36.348 0.5000000000
139069  -4.445  -79.750  36.534 0.6000000238
20589  -6.173  -78.750  36.167 0.5000000000
138622  -2.971  -75.434  34.466 0.6999999881
22427  -5.635  -76.033  34.166 0.6000000238
26153  -13.884  -72.261  31.293 0.4000000060
27030  -13.941  -71.176  32.482 0.3000000119
27948  -14.934  -69.975  29.660 0.4000000060
780  -12.528  -106.431  4.616 0.6000000238
134144  -13.240  -105.874  3.628 0.6000000238
503  -11.871  -106.916  6.126 0.5000000000
142588  -13.194  -106.464  5.746 0.5000000000
1079  -11.428  -105.600  7.972 0.5000000000
744  -12.836  -106.233  6.518 0.5000000000
2191  -0.316  -102.344  21.057 0.6999999881
3827  -1.197  -99.943  21.422 0.6000000238
3244  -1.813  -100.694  21.432 0.6000000238
2695  -0.640  -101.611  21.306 0.5000000000
2192  -1.177  -102.258  20.874 0.8000000119
129355  -0.768  -102.826  20.460 0.6999999881
132924  -1.298  -98.953  21.343 0.6000000238
3826  -0.469  -99.284  21.425 0.6000000238
124145  -0.469  -100.096  21.415 0.6000000238
122957  -1.602  -95.830  23.041 0.6000000238
8046  -3.446  -93.620  23.018 0.6999999881
7232  -1.612  -95.205  22.879 0.6000000238
8869  -3.782  -92.617  22.307 0.6999999881
8055  -3.323  -93.400  22.008 0.6999999881
8874  -3.492  -92.751  21.266 0.6000000238
8061  -3.215  -93.487  20.901 0.6000000238
8883  -2.550  -92.298  20.177 0.5000000000
7239  -2.128  -94.393  22.451 0.6000000238
8060  -2.823  -93.901  21.595 0.6000000238
8067  -2.761  -93.917  19.516 0.5000000000
7244  -2.342  -94.385  20.984 0.6000000238
127237  -2.938  -94.105  20.411 0.5000000000
9677  -3.831  -91.593  22.371 0.6999999881
9706  -2.965  -92.051  20.809 0.6999999881
8895  -2.610  -92.993  19.599 0.5000000000
8045  -2.814  -94.123  22.797 0.6999999881
129378  -14.396  -105.961  3.891 0.5000000000
140153  -13.202  -106.488  5.198 0.5000000000
352  -7.060  -107.159  23.116 0.3000000119
586  -6.852  -106.529  23.731 0.3000000119
594  -7.227  -106.820  23.132 0.3000000119
578  -6.431  -106.793  24.173 0.4000000060
593  -7.381  -106.090  23.199 0.3000000119
130  -7.564  -107.739  22.063 0.3000000119
129816  -7.557  -108.045  21.197 0.3000000119
134237  -7.814  -108.045  21.356 0.3000000119
243  -7.049  -107.773  20.639 0.4000000060
126456  -5.029  -105.575  25.798 0.4000000060
889  -5.680  -105.087  25.513 0.4000000060
890  -6.126  -105.600  25.028 0.4000000060
1282  -6.365  -104.505  25.212 0.4000000060
1292  -7.511  -104.453  23.827 0.3000000119
1299  -7.817  -104.455  23.135 0.3000000119
142  -7.689  -108.183  20.225 0.4000000060
403  -7.270  -107.135  19.139 0.4000000060
650  -6.726  -106.060  17.356 0.5000000000
412  -6.994  -106.390  18.166 0.4000000060
1864  -6.737  -102.346  11.276 0.5000000000
123475  -5.695  -101.960  10.322 0.5000000000
2314  -6.982  -101.903  10.875 0.5000000000
2315  -7.523  -101.803  11.130 0.5000000000
2316  -8.011  -101.365  11.449 0.5000000000
2323  -5.334  -101.841  9.560 0.5000000000
2325  -6.544  -101.371  10.002 0.5000000000
2816  -7.616  -100.391  10.806 0.5000000000
2825  -6.315  -101.084  9.024 0.5000000000
1665  -4.477  -103.439  26.697 0.4000000060
1281  -5.717  -104.306  25.780 0.4000000060
1679  -6.653  -103.520  25.457 0.4000000060
1690  -6.934  -103.932  24.972 0.3000000119
984  -7.375  -105.276  16.289 0.4000000060
985  -8.074  -105.380  16.265 0.3000000119
1001  -8.443  -105.338  15.489 0.3000000119
1391  -6.801  -103.913  14.542 0.6000000238
1380  -7.408  -104.399  15.101 0.4000000060
144190  -8.110  -104.599  14.827 0.3000000119
1810  -4.825  -103.916  13.334 0.6000000238
1812  -6.234  -103.102  13.340 0.6000000238
1392  -7.541  -103.950  14.348 0.5000000000
128669  -8.111  -104.125  14.023 0.5000000000
1444  -3.969  -104.908  12.044 0.6000000238
1825  -4.653  -103.231  12.789 0.6000000238
1826  -5.537  -102.785  12.807 0.6000000238
1813  -6.903  -103.126  13.161 0.5000000000
1445  -7.990  -103.624  12.085 0.5000000000
1850  -4.092  -102.798  12.076 0.6000000238
2304  -5.506  -102.344  11.419 0.6000000238
1854  -8.370  -102.995  11.754 0.5000000000
1830  -8.948  -103.097  12.106 0.4000000060
1849  -3.368  -103.233  11.667 0.6000000238
2312  -5.245  -102.197  10.577 0.6000000238
147398  -7.398  -102.324  11.302 0.5000000000
2306  -8.510  -102.278  11.813 0.5000000000
2817  -8.126  -100.094  11.547 0.5000000000
3384  -8.328  -99.452  10.442 0.4000000060
3403  -8.413  -99.436  9.297 0.5000000000
3417  -9.046  -99.673  8.534 0.5000000000
3463  -23.871  -100.528  4.468 0.3000000119
4615  -23.837  -99.807  3.759 0.3000000119
4614  -23.244  -99.455  3.185 0.3000000119
4621  -22.428  -99.122  2.800 0.3000000119
142616  -11.018  -98.693  -3.142 0.4000000060
1751  -0.170  -103.843  19.144 0.6000000238
132170  -0.180  -103.856  18.344 0.5000000000
2288  -5.736  -102.474  12.130 0.6000000238
138329  -9.229  -103.813  12.431 0.4000000060
2271  -9.576  -102.090  13.255 0.3000000119
2784  -9.635  -101.119  13.701 0.3000000119
3354  -9.361  -100.163  13.160 0.3000000119
3371  -9.480  -99.452  12.374 0.3000000119
3936  -10.106  -99.166  11.377 0.4000000060
3906  -10.572  -99.091  12.334 0.3000000119
3385  -10.601  -99.464  10.369 0.4000000060
3462  -23.579  -100.808  4.427 0.3000000119
8261  2.484  -94.286  3.855 0.5000000000
122927  -21.366  -98.370  3.235 0.3000000119
4091  -12.363  -98.745  -1.090 0.4000000060
1734  -0.160  -103.791  19.759 0.6000000238
3920  -11.578  -98.954  11.777 0.3000000119
3937  -11.172  -99.271  10.992 0.4000000060
2850  -12.980  -101.129  7.911 0.4000000060
2342  -12.748  -101.811  7.524 0.4000000060
1468  -12.063  -103.824  7.946 0.4000000060
2358  -13.211  -102.363  6.847 0.4000000060
1886  -13.143  -104.090  6.429 0.4000000060
2885  -22.999  -101.285  3.894 0.3000000119
9071  2.142  -93.262  4.815 0.4000000060
3922  -13.476  -98.710  11.546 0.3000000119
3389  -14.569  -99.504  10.202 0.3000000119
3407  -14.344  -99.861  9.338 0.4000000060
2833  -14.954  -100.500  8.869 0.5000000000
2851  -14.652  -100.844  8.022 0.5000000000
2867  -15.144  -101.447  7.717 0.5000000000
2359  -14.204  -101.936  6.662 0.4000000060
1489  -14.645  -104.403  5.950 0.4000000060
1901  -16.058  -103.899  6.502 0.4000000060
1090  -13.315  -105.699  6.345 0.4000000060
133500  -15.744  -104.573  6.145 0.4000000060
9016  1.315  -92.548  8.263 0.4000000060
753  -13.579  -106.186  6.002 0.4000000060
148318  -16.026  -105.662  5.660 0.4000000060
769  -15.241  -106.119  5.219 0.4000000060
4032  -21.694  -100.510  4.718 0.3000000119
9046  1.372  -92.661  6.831 0.5000000000
9083  0.886  -92.267  3.623 0.5000000000
145630  -15.212  -106.071  4.185 0.4000000060
124923  -21.809  -101.178  3.948 0.3000000119
9060  1.600  -92.607  5.818 0.5000000000
147181  -16.204  -103.828  -0.321 0.4000000060
3548  -7.608  -100.677  -6.965 0.4000000060
2361  -16.625  -102.888  7.600 0.5000000000
1887  -15.791  -103.006  6.805 0.4000000060
1888  -16.762  -103.817  7.043 0.4000000060
10591  0.599  -90.654  9.201 0.5000000000
124814  -17.289  -105.089  6.312 0.4000000060
9848  0.521  -91.920  8.745 0.6000000238
1100  -16.968  -105.490  5.821 0.4000000060
789  -15.727  -105.920  4.135 0.4000000060
757  -16.518  -105.775  5.101 0.4000000060
9862  0.552  -92.281  7.584 0.6000000238
784  -16.761  -105.592  4.659 0.4000000060
3481  -20.553  -100.974  3.669 0.3000000119
1550  -16.643  -104.336  0.625 0.3000000119
4161  -7.340  -99.926  -7.209 0.4000000060
4697  -8.612  -98.898  -6.783 0.4000000060
1492  -18.519  -104.533  6.504 0.4000000060
2389  -18.222  -103.202  5.660 0.4000000060
1504  -17.651  -104.918  5.404 0.4000000060
2388  -17.444  -102.346  5.591 0.3000000119
136015  -18.822  -99.301  4.669 0.3000000119
790  -15.865  -105.677  3.380 0.4000000060
145666  -16.758  -105.063  3.405 0.4000000060
2402  -16.724  -103.170  3.379 0.3000000119
3480  -19.417  -100.617  3.486 0.3000000119
3459  -20.038  -100.291  4.172 0.3000000119
1133  -16.651  -104.998  2.829 0.4000000060
1524  -16.861  -104.773  3.112 0.4000000060
1531  -16.940  -104.583  2.185 0.4000000060
1939  -17.514  -104.111  1.612 0.3000000119
1540  -17.135  -104.360  1.304 0.4000000060
4131  -9.926  -99.004  -4.698 0.5000000000
2387  -16.743  -102.089  4.771 0.3000000119
142873  -16.545  -100.905  4.312 0.3000000119
4029  -17.971  -99.281  4.470 0.3000000119
9715  -1.761  -92.214  19.730 0.5000000000
9704  -0.875  -91.789  20.150 0.5000000000
16501  -6.372  -83.636  14.943 0.5000000000
15588  -6.665  -84.487  14.946 0.5000000000
17351  -5.984  -82.132  15.268 0.5000000000
17350  -5.991  -81.400  15.289 0.5000000000
19100  -6.066  -80.499  15.111 0.5000000000
19910  -6.135  -79.431  19.131 0.5000000000
18099  1.856  -80.417  26.633 0.6000000238
18105  1.908  -80.761  25.857 0.5000000000
16368  2.282  -83.200  25.155 0.5000000000
21640  -5.446  -78.285  22.075 0.5000000000
142305  -13.656  -77.170  30.505 0.4000000060
22576  -5.285  -77.184  23.321 0.4000000060
130157  -14.087  -76.648  30.147 0.4000000060
23413  -14.892  -75.394  30.457 0.5000000000
22489  -14.425  -76.251  30.738 0.5000000000
23504  -4.515  -76.345  23.729 0.5000000000
23401  -14.609  -75.051  31.376 0.4000000060
142703  -14.844  -74.773  30.798 0.4000000060
144435  -14.530  -75.764  31.312 0.5000000000
24370  -14.524  -74.299  31.245 0.4000000060
25294  -14.328  -73.624  31.528 0.4000000060
24438  -5.299  -74.632  23.951 0.5000000000
25304  -14.521  -73.619  30.932 0.3000000119
25377  -5.396  -73.645  24.267 0.4000000060
26174  -14.586  -72.774  30.664 0.3000000119
26167  -14.153  -72.929  31.145 0.3000000119
26154  -14.228  -72.924  31.765 0.3000000119
26257  -5.579  -72.879  24.429 0.4000000060
27064  -14.289  -71.781  30.404 0.3000000119
146750  -5.775  -72.243  24.545 0.4000000060
143606  -6.069  -71.495  23.964 0.4000000060
27065  -15.344  -72.106  30.109 0.3000000119
27063  -13.554  -71.516  30.588 0.3000000119
125561  -18.807  -72.032  29.832 0.3000000119
28023  -6.017  -70.543  23.284 0.4000000060
135537  -5.686  -69.638  24.167 0.4000000060
28942  -6.006  -69.573  22.984 0.3000000119
28870  -16.493  -69.276  30.629 0.3000000119
28871  -17.564  -69.164  30.574 0.3000000119
28868  -14.564  -69.361  30.057 0.3000000119
28869  -15.493  -69.391  30.408 0.3000000119
29829  -17.706  -68.307  30.577 0.3000000119
29828  -16.855  -68.313  30.856 0.3000000119
140244  -16.650  -67.503  31.059 0.3000000119
30814  -18.194  -67.870  30.239 0.3000000119
123854  -17.417  -67.447  30.664 0.3000000119
30813  -18.072  -66.956  30.114 0.3000000119
31790  -18.300  -66.699  29.339 0.3000000119
145085  -16.230  -67.100  31.257 0.3000000119
127553  -16.770  -66.779  30.945 0.3000000119
31779  -17.409  -66.434  30.409 0.3000000119
30804  -16.106  -66.397  31.205 0.3000000119
32687  -17.339  -65.669  30.000 0.3000000119
1270  -4.313  -104.124  26.430 0.4000000060
3921  -12.607  -98.797  11.561 0.3000000119
135766  -12.622  -103.399  6.933 0.4000000060
1390  -5.945  -104.334  14.380 0.6000000238
1016  -6.458  -104.617  15.036 0.5000000000
1422  -3.884  -103.666  12.277 0.6000000238
2311  -4.310  -102.304  10.548 0.6000000238
142030  -9.499  -99.238  10.415 0.4000000060
2827  -7.573  -99.834  9.779 0.5000000000
9863  -0.432  -91.854  7.176 0.6000000238
136266  -15.099  -105.811  3.318 0.4000000060
1147  -15.710  -105.180  1.466 0.4000000060
801  -14.190  -105.720  2.917 0.4000000060
1562  -16.934  -103.899  0.087 0.3000000119
4673  -10.948  -97.899  -3.545 0.4000000060
3552  -8.587  -100.254  -7.036 0.4000000060
10461  0.767  -90.934  20.172 0.5000000000
131346  -19.407  -71.942  29.377 0.3000000119
27097  -19.652  -71.847  28.302 0.4000000060
28911  -18.722  -69.545  26.149 0.4000000060
28912  -19.248  -69.355  27.058 0.4000000060
142964  -6.475  -105.969  24.615 0.4000000060
2832  -14.111  -100.288  8.511 0.5000000000
29838  -12.799  -69.252  29.712 0.4000000060
28872  -18.274  -69.516  30.293 0.3000000119
32695  -17.296  -65.210  29.223 0.3000000119
1476  -13.035  -105.006  6.590 0.4000000060
1475  -12.439  -104.624  7.194 0.4000000060
26166  -13.875  -72.153  30.915 0.3000000119
135662  -14.798  -106.203  4.729 0.4000000060
897  -7.046  -105.479  23.927 0.3000000119
133497  -7.709  -106.574  22.487 0.3000000119
1271  -5.050  -104.608  26.016 0.4000000060
1291  -6.940  -104.573  24.479 0.3000000119
1696  -7.708  -103.679  23.939 0.3000000119
247  -7.554  -107.755  19.363 0.3000000119
1851  -7.131  -102.764  11.708 0.5000000000
1852  -7.714  -103.098  11.760 0.5000000000
134064  -6.057  -102.215  10.920 0.5000000000
2289  -9.051  -102.191  12.443 0.4000000060
3370  -8.723  -100.082  12.343 0.3000000119
999  -6.976  -104.841  15.760 0.5000000000
1811  -5.445  -103.390  13.388 0.6000000238
1031  -8.563  -105.762  13.314 0.3000000119
1424  -8.347  -104.302  12.574 0.5000000000
147001  -7.882  -103.692  12.421 0.5000000000
1814  -9.606  -103.139  12.824 0.4000000060
125204  -8.886  -99.408  11.472 0.3000000119
4042  -22.978  -99.822  2.435 0.3000000119
3442  -23.484  -100.664  5.000 0.3000000119
127035  -13.051  -98.573  12.272 0.3000000119
2865  -13.578  -101.487  7.268 0.4000000060
1899  -14.342  -103.341  6.135 0.4000000060
1488  -13.703  -104.781  6.123 0.4000000060
2852  -15.475  -101.222  8.453 0.5000000000
2360  -15.176  -102.064  7.107 0.5000000000
2376  -14.795  -102.683  6.406 0.4000000060
1097  -14.271  -105.565  5.888 0.4000000060
1490  -16.705  -104.638  6.534 0.4000000060
754  -14.768  -105.911  5.569 0.4000000060
138448  -18.333  -104.156  7.426 0.4000000060
1101  -17.987  -105.024  6.013 0.4000000060
1109  -17.195  -105.423  5.448 0.4000000060
1515  -17.397  -104.856  4.543 0.4000000060
2895  -19.936  -101.381  2.956 0.3000000119
1505  -18.326  -104.511  5.930 0.4000000060
1916  -17.660  -103.688  5.097 0.3000000119
1924  -17.227  -104.153  4.170 0.4000000060
3458  -18.865  -99.848  4.073 0.3000000119
124531  -17.080  -104.742  3.773 0.3000000119
1932  -16.994  -104.279  3.134 0.3000000119
4037  -17.709  -99.929  3.970 0.3000000119
23488  -5.375  -75.631  23.604 0.5000000000
28937  -5.999  -68.853  23.208 0.4000000060
141102  -16.003  -68.722  30.844 0.3000000119
29839  -13.694  -69.202  29.792 0.4000000060
134677  -16.671  -65.797  30.619 0.3000000119
9678  -4.215  -91.430  22.975 0.6000000238
2343  -15.974  -101.975  7.885 0.4000000060
2344  -16.938  -102.389  8.366 0.4000000060
2345  -17.909  -102.746  8.618 0.4000000060
2362  -17.471  -103.068  8.080 0.4000000060
1889  -17.571  -103.690  7.567 0.4000000060
2329  -21.933  -102.529  8.964 0.3000000119
2348  -20.692  -102.969  8.412 0.3000000119
1880  -20.168  -103.389  7.911 0.3000000119
1891  -19.597  -103.705  7.371 0.4000000060
1479  -19.174  -104.205  6.924 0.4000000060
3422  -22.093  -101.565  8.754 0.3000000119
2856  -21.408  -101.872  8.222 0.3000000119
2364  -20.729  -102.677  7.894 0.3000000119
1904  -20.039  -103.266  7.617 0.3000000119
1903  -19.503  -103.674  6.963 0.4000000060
1902  -18.907  -104.054  6.458 0.4000000060
3421  -21.036  -100.977  8.536 0.3000000119
2855  -20.447  -101.378  7.975 0.3000000119
2853  -16.407  -101.667  8.820 0.4000000060
2854  -17.374  -101.975  9.040 0.3000000119
129212  -20.255  -102.662  9.184 0.3000000119
2835  -17.663  -101.653  9.710 0.3000000119
128313  -16.884  -101.375  9.608 0.3000000119
141079  -20.833  -102.561  9.493 0.3000000119
2836  -19.023  -101.962  9.788 0.3000000119
2834  -15.931  -100.882  9.397 0.4000000060
138364  -8.714  -104.863  12.382 0.3000000119
3410  -17.430  -101.099  10.241 0.3000000119
3408  -15.267  -100.149  9.802 0.3000000119
2818  -18.340  -101.423  10.195 0.3000000119
128518  -17.208  -100.534  10.802 0.3000000119
19721  -11.864  -78.630  35.949 0.4000000060
20594  -13.394  -78.109  36.862 0.4000000060
20595  -14.507  -78.038  37.028 0.3000000119
20567  -14.857  -77.324  38.158 0.3000000119
20566  -13.948  -77.404  38.097 0.4000000060
20557  -5.091  -79.442  36.520 0.4000000060
18883  -7.626  -79.640  35.220 0.3000000119
19737  -9.152  -79.271  34.903 0.3000000119
19738  -10.093  -79.000  34.971 0.3000000119
19719  -9.358  -78.615  35.720 0.3000000119
19720  -10.959  -78.759  35.668 0.4000000060
20591  -10.163  -78.174  36.433 0.4000000060
20592  -11.376  -77.812  36.861 0.4000000060
21440  -15.982  -76.986  38.299 0.3000000119
20565  -13.061  -77.404  37.951 0.4000000060
130724  -8.967  -77.990  36.752 0.4000000060
20562  -9.830  -77.656  36.785 0.4000000060
21439  -15.300  -76.946  38.240 0.3000000119
141964  -15.916  -76.951  38.248 0.4000000060
20563  -10.781  -77.383  37.116 0.4000000060
21436  -12.815  -76.883  38.189 0.4000000060
21437  -13.547  -76.943  38.343 0.4000000060
21438  -14.348  -76.950  38.323 0.4000000060
22388  -15.764  -76.765  38.012 0.3000000119
143494  -11.539  -77.162  37.491 0.4000000060
21420  -13.190  -76.607  38.077 0.4000000060
22385  -12.814  -76.519  37.723 0.4000000060
22386  -13.720  -76.578  37.840 0.4000000060
22413  -16.400  -76.374  36.745 0.3000000119
23361  -15.733  -75.650  34.480 0.3000000119
24320  -16.001  -74.851  34.552 0.3000000119
28867  -11.895  -69.984  29.978 0.3000000119
29825  -13.257  -68.671  30.081 0.3000000119
19718  -8.301  -78.761  35.962 0.4000000060
20590  -9.082  -78.183  36.592 0.4000000060
4644  1.784  -98.035  -1.470 0.4000000060
19699  -4.847  -79.892  36.712 0.4000000060
20560  -7.590  -78.384  36.265 0.4000000060
142712  -12.059  -69.489  29.792 0.3000000119
19716  -6.426  -79.416  36.299 0.4000000060
19717  -7.267  -79.092  36.185 0.4000000060
19702  -6.965  -78.865  36.264 0.4000000060
19703  -7.794  -78.475  36.379 0.4000000060
2377  -18.550  -102.656  6.103 0.3000000119
29826  -14.222  -68.732  30.462 0.3000000119
1878  -18.435  -103.600  8.019 0.4000000060
2326  -18.363  -102.231  9.330 0.3000000119
2347  -19.927  -103.222  8.478 0.3000000119
1879  -19.297  -103.553  8.078 0.4000000060
2869  -19.959  -101.815  7.417 0.3000000119
146608  -15.930  -100.476  9.969 0.3000000119
20593  -12.432  -77.842  36.925 0.4000000060
20568  -15.671  -77.379  38.029 0.3000000119
20564  -12.221  -77.246  37.708 0.4000000060
21421  -13.834  -76.797  38.211 0.4000000060
17100  -3.386  -82.842  35.611 0.3000000119
16254  -3.603  -83.995  35.392 0.3000000119
15348  -3.966  -84.883  35.396 0.3000000119
14462  -4.319  -85.371  35.209 0.3000000119
17112  -4.695  -81.792  34.873 0.3000000119
129877  1.062  -91.714  20.812 0.4000000060
17998  -5.034  -80.919  35.595 0.3000000119
17999  -5.781  -80.648  35.303 0.3000000119
15346  -2.451  -85.116  35.737 0.3000000119
18881  -6.059  -80.164  35.972 0.3000000119
22387  -14.689  -76.767  38.086 0.3000000119
16255  -4.226  -83.427  35.024 0.3000000119
16256  -4.915  -84.236  34.757 0.3000000119
1188  -3.903  -104.314  34.546 0.3000000119
1194  -4.040  -104.623  33.639 0.3000000119
1204  -3.890  -104.825  32.259 0.3000000119
1225  -3.345  -104.705  31.378 0.3000000119
2156  -6.841  -102.639  25.700 0.3000000119
1666  -5.753  -102.922  26.335 0.3000000119
1658  -4.151  -102.997  27.409 0.3000000119
2138  -4.836  -102.501  27.502 0.3000000119
24427  -4.240  -74.311  24.572 0.3000000119
0  -2.218  -108.456  21.448 0.6999999881
1  -3.163  -108.627  21.319 0.6999999881
3  -4.061  -108.474  21.674 0.6000000238
6  -3.511  -108.634  21.090 0.6999999881
8  -7.937  -108.340  20.583 0.4000000060
12  -2.264  -108.445  20.916 0.6999999881
13  -2.472  -108.462  20.303 0.8000000119
14  -3.136  -108.663  20.054 0.8000000119
15  -3.467  -108.603  20.406 0.6999999881
16  -4.079  -108.547  20.104 0.6999999881
21  -2.549  -108.453  19.574 0.8000000119
23  -3.411  -108.591  19.071 0.8000000119
28  -2.992  -108.736  18.937 0.6999999881
35  -1.906  -108.389  16.902 0.8000000119
36  -2.497  -108.505  17.612 0.8000000119
37  -2.950  -108.601  17.753 0.8000000119
38  -3.229  -108.590  17.871 0.8000000119
39  -3.665  -108.553  17.757 0.6999999881
46  -2.779  -108.524  16.475 0.8000000119
47  -3.300  -108.416  16.172 0.8000000119
54  -1.935  -108.311  15.373 0.8000000119
56  -2.760  -108.457  15.733 0.8000000119
58  -3.291  -108.300  15.646 0.8000000119
64  -2.373  -108.334  15.228 0.8000000119
65  -2.744  -108.302  15.149 0.8000000119
66  -3.120  -108.113  14.994 0.8000000119
88  -1.614  -107.529  25.074 0.6999999881
89  -2.191  -107.627  24.921 0.6000000238
90  -2.933  -107.664  24.962 0.6000000238
91  -3.685  -107.666  24.983 0.5000000000
92  -4.417  -107.690  24.991 0.5000000000
93  -4.913  -107.719  24.951 0.5000000000
94  -5.227  -107.627  24.690 0.5000000000
96  -2.023  -107.633  24.768 0.6999999881
102  -1.544  -107.651  23.768 0.6999999881
103  -1.807  -107.625  24.336 0.6999999881
104  -2.259  -107.651  24.336 0.6999999881
105  -2.822  -107.662  24.005 0.6999999881
106  -3.653  -107.725  24.065 0.6999999881
108  -5.119  -107.695  23.904 0.5000000000
109  -5.686  -107.620  23.777 0.5000000000
110  -5.881  -107.526  23.885 0.5000000000
111  -6.210  -107.661  23.119 0.5000000000
113  -1.729  -107.982  23.076 0.6999999881
115  -3.922  -107.988  23.385 0.6999999881
116  -4.771  -108.001  23.213 0.5000000000
117  -5.388  -107.982  22.748 0.6000000238
122  -1.866  -108.362  21.778 0.6999999881
123  -1.977  -108.199  22.806 0.6999999881
125  -3.325  -108.222  22.790 0.6999999881
126  -4.048  -108.282  22.549 0.6999999881
128  -6.464  -107.857  22.500 0.5000000000
129  -7.026  -108.024  22.073 0.5000000000
131  -1.878  -108.279  21.450 0.6999999881
133  -4.627  -108.323  21.487 0.6000000238
134  -5.896  -107.964  21.775 0.6000000238
135  -7.304  -107.934  20.896 0.4000000060
139  -1.791  -108.038  20.915 0.6999999881
144  -2.035  -108.074  19.559 0.6999999881
145  -4.231  -108.411  19.886 0.6000000238
146  -4.734  -108.108  20.162 0.6000000238
147  -7.926  -108.282  19.272 0.3000000119
152  -1.448  -108.130  16.915 0.8000000119
158  -1.535  -108.221  16.302 0.8000000119
161  -0.654  -107.387  14.820 0.8000000119
163  -1.519  -108.116  15.620 0.8000000119
164  -3.552  -108.101  15.611 0.8000000119
170  -2.684  -107.986  14.709 0.8000000119
175  0.071  -107.132  13.305 0.6999999881
177  -1.056  -107.575  13.488 0.8000000119
178  -2.014  -107.713  14.134 0.8000000119
179  -2.331  -107.613  13.999 0.8000000119
180  -2.985  -107.401  13.709 0.8000000119
185  0.204  -107.252  12.534 0.5000000000
186  -0.469  -107.421  12.726 0.6999999881
190  -2.603  -107.431  13.443 0.8000000119
195  0.477  -107.223  11.538 0.5000000000
197  -0.485  -107.457  11.062 0.6000000238
199  -2.115  -107.154  12.286 0.6000000238
207  0.394  -107.431  10.361 0.6000000238
209  -0.773  -107.355  10.621 0.6000000238
212  0.224  -107.523  9.865 0.6000000238
213  -0.172  -107.464  10.001 0.6000000238
215  1.032  -107.365  9.332 0.5000000000
217  -0.089  -107.335  9.568 0.6000000238
218  -0.407  -107.292  9.858 0.6000000238
220  -2.620  -107.500  25.245 0.6000000238
223  -5.166  -107.623  24.981 0.5000000000
224  -5.544  -107.436  24.646 0.5000000000
225  -0.380  -107.091  25.232 0.6999999881
226  -0.987  -107.467  25.011 0.6000000238
227  -5.982  -107.379  24.190 0.5000000000
228  -1.181  -107.538  24.485 0.6999999881
230  -6.639  -107.413  23.235 0.3000000119
231  -0.770  -107.232  23.610 0.6999999881
232  -7.206  -107.486  22.653 0.5000000000
233  -1.259  -107.686  23.196 0.6999999881
235  -1.602  -107.866  21.960 0.6999999881
237  -6.484  -107.911  21.355 0.5000000000
241  -5.214  -107.979  20.895 0.6000000238
244  -1.835  -107.992  19.684 0.6999999881
252  -7.810  -107.686  18.575 0.3000000119
254  -1.285  -107.862  17.188 0.8000000119
255  -4.535  -108.070  17.705 0.6999999881
260  -1.060  -107.603  16.274 0.8000000119
262  -5.179  -107.298  17.773 0.6999999881
266  -0.343  -107.089  14.565 0.8000000119
271  -0.193  -107.286  13.700 0.6999999881
272  -3.704  -107.751  15.159 0.8000000119
282  -2.532  -107.252  12.852 0.8000000119
283  -3.004  -107.112  13.024 0.8000000119
289  -2.615  -107.014  12.472 0.6000000238
299  -1.250  -107.136  10.564 0.6000000238
301  -2.445  -106.795  11.768 0.6000000238
306  -1.657  -106.849  10.572 0.6000000238
311  0.013  -107.067  9.087 0.6000000238
318  0.002  -106.990  9.092 0.6000000238
340  -4.442  -107.267  25.442 0.5000000000
341  -5.058  -107.124  25.397 0.5000000000
344  -5.961  -106.902  24.690 0.5000000000
345  -6.196  -107.187  24.206 0.5000000000
350  -0.489  -107.159  24.215 0.6999999881
351  -6.638  -106.904  23.810 0.3000000119
358  -0.315  -106.997  24.373 0.6999999881
359  -7.505  -106.948  22.686 0.3000000119
379  -1.922  -107.841  20.580 0.8000000119
381  -5.521  -107.683  20.374 0.6000000238
382  -6.453  -107.557  20.324 0.5000000000
383  -6.854  -107.309  19.740 0.4000000060
392  -1.755  -108.013  19.867 0.8000000119
393  -5.924  -107.344  19.831 0.6000000238
411  -1.303  -107.594  17.348 0.8000000119
418  -0.619  -107.121  15.753 0.8000000119
422  -0.343  -106.914  15.027 0.8000000119
423  -4.602  -107.608  16.281 0.6999999881
430  -0.233  -106.807  14.230 0.8000000119
431  -4.344  -107.200  14.988 0.6999999881
432  -4.992  -106.639  15.248 0.6999999881
438  -3.382  -107.089  13.622 0.8000000119
444  0.620  -106.991  12.140 0.5000000000
449  -2.867  -106.655  11.799 0.8000000119
461  -2.305  -106.694  11.129 0.6000000238
468  -1.101  -106.832  10.080 0.6000000238
470  -0.558  -106.888  9.546 0.6000000238
476  -5.770  -106.756  6.986 0.6000000238
488  -6.928  -106.947  6.805 0.8000000119
489  -7.712  -107.264  6.882 0.8000000119
490  -8.713  -107.483  6.915 0.8000000119
492  -10.523  -107.315  6.554 0.6999999881
493  -11.186  -107.238  6.278 0.6999999881
501  -10.928  -106.842  5.554 0.6999999881
508  -5.198  -106.459  5.156 0.6000000238
509  -11.527  -106.651  5.138 0.6000000238
538  -4.497  -104.890  33.696 0.3000000119
558  1.079  -105.309  26.479 0.6999999881
559  0.845  -105.719  26.339 0.6999999881
560  0.337  -105.945  26.639 0.6000000238
563  0.748  -106.073  25.789 0.6000000238
564  -0.157  -106.772  25.732 0.6999999881
565  -1.071  -106.634  26.251 0.6999999881
566  -2.051  -106.430  26.154 0.5000000000
567  -3.262  -106.448  26.010 0.5000000000
568  -4.073  -106.847  25.752 0.5000000000
570  -5.636  -106.853  25.133 0.5000000000
576  1.096  -106.027  25.972 0.6999999881
585  0.610  -105.971  25.297 0.6999999881
592  -0.417  -106.649  24.090 0.6999999881
599  -0.902  -106.794  23.411 0.6999999881
600  -1.270  -106.823  23.002 0.6999999881
610  -2.086  -106.964  22.004 0.6999999881
612  -2.722  -106.822  21.437 0.8000000119
620  -1.994  -107.690  20.983 0.6999999881
622  -2.849  -107.182  19.984 0.8000000119
623  -3.420  -106.501  20.187 0.8999999762
635  -1.547  -107.187  17.583 0.8000000119
658  -5.837  -106.296  16.895 0.6999999881
660  -7.471  -105.767  16.808 0.4000000060
670  -0.372  -106.864  15.283 0.8000000119
673  -6.458  -105.434  16.079 0.6999999881
674  -8.668  -106.031  15.507 0.3000000119
684  -0.485  -105.901  14.351 0.8000000119
692  0.261  -106.611  13.208 0.6999999881
693  -4.296  -106.542  13.393 0.6999999881
702  -4.117  -106.440  12.812 0.8000000119
707  0.917  -106.647  11.329 0.6999999881
709  -3.370  -106.376  11.810 0.8000000119
721  -2.415  -106.180  10.677 0.6999999881
722  -2.880  -106.162  11.187 0.8000000119
733  -10.178  -106.637  7.886 0.6999999881
734  -10.740  -107.022  7.475 0.6999999881
737  0.439  -106.002  8.470 0.5000000000
738  -7.000  -106.795  7.381 0.8000000119
740  -9.402  -107.200  7.579 0.6999999881
742  -11.429  -106.902  7.306 0.6999999881
743  -12.199  -106.471  7.077 0.6999999881
750  -5.110  -106.613  6.575 0.6000000238
752  -12.548  -106.657  6.260 0.5000000000
755  -15.695  -105.861  5.467 0.4000000060
756  -16.347  -105.687  5.501 0.4000000060
764  -6.464  -106.672  6.313 0.6000000238
766  -8.268  -106.728  6.172 0.6000000238
768  -14.113  -106.180  5.376 0.4000000060
770  -15.957  -105.990  5.142 0.4000000060
773  -5.830  -105.612  4.394 0.6000000238
781  -13.708  -106.180  4.590 0.5000000000
782  -15.571  -106.109  4.723 0.4000000060
783  -15.940  -105.980  4.822 0.4000000060
791  -16.477  -105.354  3.550 0.4000000060
798  -5.712  -105.128  3.689 0.6000000238
810  -14.224  -105.486  2.096 0.5000000000
811  -14.701  -105.628  2.429 0.5000000000
835  -4.226  -104.639  34.267 0.3000000119
877  0.184  -105.584  27.330 0.6000000238
878  -0.811  -105.541  26.896 0.4000000060
879  -1.734  -105.744  26.436 0.5000000000
881  -5.640  -106.024  25.366 0.5000000000
888  1.393  -105.608  26.085 0.6999999881
894  0.931  -105.681  25.930 0.6999999881
895  0.371  -105.693  25.009 0.6999999881
896  -6.552  -105.252  24.593 0.3000000119
903  -1.687  -105.831  23.628 0.8000000119
905  -7.535  -105.178  23.194 0.3000000119
909  -1.321  -106.444  23.305 0.8000000119
922  -3.060  -106.241  21.879 0.8000000119
933  -3.984  -105.763  20.574 0.8000000119
934  -4.535  -104.938  20.630 0.8999999762
957  -3.884  -104.847  18.039 1.0000000000
970  -2.124  -105.548  16.874 0.8999999762
971  -2.747  -105.034  17.048 0.8999999762
986  -8.382  -105.791  16.081 0.3000000119
1000  -7.900  -104.827  15.769 0.3000000119
1012  -0.458  -105.443  13.653 0.8000000119
1014  -1.362  -104.821  14.859 0.8999999762
1015  -5.512  -105.315  14.526 0.6999999881
1017  -8.627  -105.387  14.476 0.3000000119
1029  -4.811  -105.674  13.258 0.6999999881
1035  0.427  -105.207  12.260 0.6999999881
1045  0.954  -104.717  11.607 0.6999999881
1046  -3.352  -106.049  11.426 0.8000000119
1047  -3.756  -105.841  11.917 0.8000000119
1061  -1.988  -104.948  10.359 0.6999999881
1074  0.069  -104.592  9.115 0.5000000000
1075  -0.633  -105.363  9.407 0.5000000000
1076  -9.293  -105.415  8.038 0.8000000119
1083  0.640  -104.840  8.663 0.5000000000
1089  -12.652  -105.688  6.935 0.4000000060
1094  -4.547  -105.319  6.324 0.6000000238
1095  -4.966  -106.013  6.910 0.5000000000
1098  -15.445  -105.452  5.787 0.4000000060
1099  -16.415  -105.375  6.019 0.4000000060
1114  -8.249  -105.307  5.101 0.6000000238
1115  -9.068  -105.436  5.267 0.6000000238
1118  -17.022  -105.012  3.919 0.4000000060
1124  -11.952  -105.766  4.168 0.6000000238
1131  -13.422  -105.354  2.754 0.6999999881
1132  -16.143  -105.350  2.583 0.4000000060
1144  -13.884  -105.211  1.873 0.5000000000
1145  -14.380  -105.268  1.474 0.5000000000
1148  -16.580  -104.898  1.936 0.4000000060
1157  -14.656  -105.173  1.042 0.5000000000
1158  -15.058  -105.081  0.792 0.5000000000
1183  -3.041  -103.511  36.363 0.4000000060
1216  -3.777  -104.804  31.812 0.3000000119
1223  -1.290  -104.736  30.183 0.5000000000
1231  -1.273  -104.889  29.991 0.4000000060
1241  0.136  -104.685  28.998 0.6000000238
1243  -0.347  -104.917  28.788 0.5000000000
1267  1.166  -105.075  26.409 0.6999999881
1286  0.876  -105.096  25.797 0.6999999881
1287  0.051  -104.972  25.247 0.6999999881
1288  -0.647  -105.010  25.047 0.6999999881
1290  -2.495  -104.359  24.385 0.6999999881
1308  -4.420  -104.368  22.407 0.8999999762
1314  -4.064  -105.130  22.000 0.8000000119
1326  -5.250  -103.682  20.200 0.8999999762
1344  0.582  -104.235  18.721 0.6000000238
1345  -4.046  -104.168  17.612 1.0000000000
1357  -3.585  -103.816  17.225 1.0000000000
1358  -4.160  -103.562  17.692 1.0000000000
1369  -3.160  -103.568  16.885 1.0000000000
1379  -1.601  -104.225  15.208 0.8999999762
1404  -5.391  -104.162  13.752 0.6000000238
1405  -6.159  -103.615  13.938 0.6000000238
1406  -7.622  -103.669  13.284 0.5000000000
1407  -8.191  -104.796  13.061 0.5000000000
1421  0.662  -104.282  12.295 0.6999999881
1423  -4.365  -104.352  12.795 0.6999999881
1441  2.313  -103.987  11.209 0.6000000238
1443  -3.306  -104.275  11.712 0.6000000238
1455  -2.310  -104.519  10.745 0.8000000119
1460  -1.195  -103.781  10.029 0.6000000238
1466  -10.504  -105.017  8.304 0.5000000000
1467  -11.802  -104.757  7.961 0.5000000000
1477  -17.663  -104.559  6.999 0.4000000060
1478  -18.549  -104.516  6.967 0.4000000060
1486  -7.459  -104.059  6.516 0.8999999762
1487  -8.086  -103.532  6.524 0.6999999881
1491  -17.973  -104.859  6.451 0.4000000060
1499  -0.918  -102.869  4.041 0.5000000000
1502  -4.424  -104.390  4.884 0.6999999881
1516  -17.765  -104.408  5.246 0.4000000060
1539  -16.391  -104.694  1.195 0.4000000060
1547  -14.264  -104.918  1.170 0.6000000238
1549  -15.408  -104.459  0.498 0.5000000000
1551  -17.522  -104.051  0.625 0.3000000119
1560  -15.801  -103.982  -0.120 0.4000000060
1563  -17.782  -103.748  0.181 0.3000000119
1585  -1.788  -102.877  37.388 0.3000000119
1586  -2.334  -103.129  37.452 0.3000000119
1594  -1.710  -102.909  36.865 0.3000000119
1595  -2.375  -103.188  36.541 0.3000000119
1597  -2.994  -103.260  35.380 0.4000000060
1605  -3.643  -104.285  33.210 0.4000000060
1625  -1.945  -104.396  31.079 0.5000000000
1642  -2.093  -104.604  30.172 0.3000000119
1649  0.225  -104.069  29.006 0.6000000238
1655  0.992  -104.524  27.357 0.6000000238
1656  -2.326  -103.691  28.030 0.4000000060
1657  -3.235  -103.328  27.690 0.3000000119
1663  0.843  -103.649  26.553 0.6999999881
1667  -6.354  -103.021  25.933 0.3000000119
1673  0.978  -104.562  26.199 0.6999999881
1678  -6.065  -103.669  25.848 0.4000000060
1685  -0.910  -104.301  25.375 0.6999999881
1691  -7.354  -103.815  24.464 0.3000000119
1697  -7.933  -103.856  23.358 0.3000000119
1704  -4.799  -103.553  22.831 0.8999999762
1705  -5.456  -102.853  22.094 0.8999999762
1725  -0.463  -103.460  20.133 0.6999999881
1727  -5.490  -102.962  20.477 0.8999999762
1735  -0.863  -103.449  19.487 0.6000000238
1736  -5.005  -103.526  18.901 1.0000000000
1764  0.271  -104.025  17.775 0.5000000000
1767  -3.040  -103.081  16.963 1.0000000000
1769  -4.148  -102.877  17.824 1.0000000000
1779  -1.917  -103.537  16.217 1.0000000000
1789  0.694  -103.693  15.548 0.6999999881
1790  0.125  -103.532  15.039 0.8999999762
1792  -1.757  -103.813  15.676 0.8999999762
1804  -1.255  -103.802  15.067 0.8999999762
1805  -6.853  -103.486  13.858 0.5000000000
1824  1.054  -103.722  12.560 0.6999999881
1827  -6.485  -102.744  12.472 0.6000000238
1828  -7.387  -103.267  12.341 0.5000000000
1829  -8.570  -103.849  12.223 0.5000000000
1831  -9.867  -104.120  12.919 0.4000000060
1853  -8.116  -103.312  11.823 0.5000000000
1861  -1.789  -103.446  10.356 0.6999999881
1862  -2.326  -103.202  10.678 0.6999999881
1865  -7.232  -102.485  11.415 0.5000000000
1866  -7.826  -102.731  11.528 0.5000000000
1867  -8.088  -102.345  11.513 0.5000000000
1877  -11.422  -104.085  8.368 0.5000000000
1881  -21.268  -102.672  8.586 0.3000000119
1882  -21.192  -102.640  8.408 0.3000000119
1890  -18.888  -104.137  7.332 0.4000000060
1892  -20.738  -102.919  8.157 0.3000000119
1898  -13.788  -103.915  5.955 0.4000000060
1900  -15.244  -103.562  6.161 0.4000000060
1909  0.065  -101.529  5.914 0.5000000000
1911  -2.170  -102.667  4.366 0.6000000238
1914  -5.688  -102.889  4.919 0.6999999881
1915  -6.335  -103.251  5.253 0.6999999881
1917  -18.503  -103.914  5.783 0.4000000060
1923  -11.321  -103.007  4.440 0.6000000238
1931  -13.278  -103.311  3.325 0.6000000238
1938  -13.564  -104.194  2.541 0.6000000238
1957  -16.685  -103.448  -0.639 0.4000000060
2032  -0.864  -102.201  38.391 0.3000000119
2038  -0.180  -101.719  37.225 0.4000000060
2061  0.148  -101.440  35.819 0.4000000060
2062  -0.478  -102.062  35.897 0.3000000119
2071  -1.485  -102.396  34.835 0.4000000060
2072  -2.422  -102.658  34.410 0.4000000060
2078  -1.675  -102.170  33.102 0.4000000060
2085  -0.466  -101.678  31.849 0.6000000238
2099  -1.627  -103.425  31.153 0.5000000000
2123  -0.766  -103.133  29.735 0.6000000238
2137  0.677  -103.068  27.341 0.6000000238
2144  -4.983  -102.908  26.813 0.4000000060
2145  -6.373  -102.306  26.376 0.3000000119
2152  -0.600  -102.794  26.310 0.6999999881
2155  -3.148  -102.100  25.478 0.6999999881
2162  -2.981  -102.966  25.247 0.6999999881
2165  -7.622  -103.059  24.285 0.3000000119
2183  -5.586  -102.039  22.217 0.8999999762
2193  -5.402  -102.325  20.901 0.8999999762
2218  -3.753  -102.429  18.911 1.0000000000
2233  -3.245  -102.585  18.352 1.0000000000
2235  -4.436  -102.775  18.427 1.0000000000
2287  -4.926  -102.562  12.209 0.6000000238
2302  -3.698  -102.639  11.294 0.6999999881
2303  -4.568  -102.444  11.416 0.6000000238
2305  -6.349  -102.449  11.573 0.5000000000
2309  -2.629  -102.637  10.363 0.6999999881
2313  -6.410  -102.005  10.785 0.5000000000
2317  -21.706  -102.473  9.417 0.3000000119
2320  -2.228  -102.335  9.685 0.6999999881
2327  -19.404  -102.593  9.180 0.3000000119
2328  -21.150  -102.813  9.027 0.3000000119
2337  -5.769  -101.493  9.035 0.6000000238
2340  -11.263  -102.817  8.558 0.5000000000
2346  -18.938  -103.068  8.588 0.4000000060
2349  -21.735  -102.467  8.761 0.3000000119
2355  -5.171  -101.538  6.557 0.6999999881
2363  -20.089  -102.726  7.388 0.3000000119
2370  -5.062  -101.947  5.723 0.6000000238
2372  -7.696  -102.265  5.928 0.6000000238
2373  -8.237  -101.857  6.307 0.6000000238
2374  -13.505  -103.225  6.355 0.4000000060
2375  -13.989  -102.596  6.283 0.4000000060
2378  -18.959  -103.453  6.339 0.4000000060
2396  -9.962  -102.676  4.021 0.6000000238
2419  -15.547  -102.545  0.762 0.5000000000
2451  -16.772  -102.604  -1.300 0.6000000238
2463  -17.584  -101.654  -2.442 0.4000000060
2582  1.155  -101.038  33.310 0.5000000000
2593  1.459  -100.963  32.228 0.5000000000
2602  1.158  -100.803  31.102 0.6000000238
2625  0.500  -101.030  27.832 0.6000000238
2636  0.113  -100.965  26.847 0.6999999881
2645  0.361  -101.817  26.765 0.6999999881
2647  -1.327  -101.878  26.384 0.6999999881
2649  -3.325  -101.132  25.667 0.6999999881
2664  -5.147  -101.706  23.811 0.8999999762
2696  -1.526  -101.514  21.165 0.6000000238
2697  -2.447  -101.304  21.116 0.8000000119
2800  -9.047  -101.085  12.889 0.3000000119
2807  -8.521  -101.169  12.074 0.4000000060
2815  -7.075  -100.902  10.280 0.5000000000
2828  -10.722  -100.443  9.182 0.6000000238
2829  -11.710  -100.714  9.276 0.6000000238
2830  -12.351  -100.971  8.697 0.6000000238
2837  -19.945  -102.133  9.846 0.3000000119
2843  -6.041  -101.010  8.142 0.6000000238
2857  -22.076  -102.173  8.740 0.3000000119
2861  -6.635  -100.899  7.192 0.6000000238
2864  -9.330  -101.369  7.332 0.6000000238
2866  -14.436  -101.356  7.349 0.5000000000
2870  -20.800  -102.261  7.789 0.3000000119
2871  -21.335  -102.322  8.278 0.3000000119
2874  -6.672  -101.352  6.293 0.6000000238
2884  -16.530  -101.618  4.172 0.3000000119
2890  -12.038  -100.977  3.667 0.6000000238
2911  -14.000  -101.085  3.357 0.6000000238
2967  -17.083  -101.814  -2.066 0.5000000000
2979  -17.271  -100.888  -4.027 0.5000000000
3132  1.197  -100.454  32.405 0.5000000000
3152  1.096  -100.024  29.039 0.6000000238
3161  0.871  -100.173  28.135 0.6000000238
3173  -0.335  -100.364  26.831 0.6999999881
3243  -0.947  -100.778  21.387 0.5000000000
3248  -5.364  -100.534  21.951 0.8999999762
3355  -10.037  -99.505  13.242 0.3000000119
3404  -9.280  -99.389  9.435 0.4000000060
3409  -16.551  -100.693  10.248 0.3000000119
3418  -10.005  -99.926  8.804 0.6000000238
3443  -24.081  -100.547  5.052 0.3000000119
3457  -16.884  -100.378  4.114 0.3000000119
3460  -20.941  -100.631  4.289 0.3000000119
3461  -22.772  -100.830  4.550 0.3000000119
3477  -13.307  -100.527  3.509 0.6000000238
3478  -17.460  -100.571  3.443 0.3000000119
3493  -12.149  -100.491  3.199 0.6000000238
3511  -15.100  -100.169  1.169 0.5000000000
3524  -16.126  -100.712  -1.495 0.5000000000
3529  -16.179  -100.459  -2.449 0.5000000000
3539  -16.651  -100.328  -4.894 0.4000000060
3541  -17.769  -100.422  -4.992 0.4000000060
3551  -8.032  -100.339  -7.237 0.4000000060
3693  0.511  -99.632  35.209 0.3000000119
3712  0.162  -99.550  33.222 0.5000000000
3725  -0.973  -99.585  32.579 0.5000000000
3736  1.019  -100.029  31.665 0.5000000000
3737  0.078  -99.733  31.855 0.5000000000
3745  1.036  -99.870  29.909 0.6000000238
3749  -3.222  -99.281  30.984 0.6000000238
3756  -0.763  -99.524  29.791 0.6000000238
3757  -1.745  -99.421  29.693 0.6000000238
3764  0.874  -99.871  28.348 0.6000000238
3771  -0.641  -99.789  26.980 0.6999999881
3772  -1.922  -99.937  26.492 0.6999999881
3773  -2.177  -99.296  26.714 0.6999999881
3778  -3.656  -99.382  26.024 0.6999999881
3831  -5.381  -99.781  22.100 0.8000000119
3908  -12.300  -98.721  12.515 0.3000000119
3912  -16.643  -99.123  12.976 0.3000000119
4033  -24.183  -100.116  4.447 0.3000000119
4045  -13.065  -99.059  1.351 0.5000000000
4046  -14.120  -99.332  1.434 0.6000000238
4111  1.681  -99.083  -3.762 0.5000000000
4126  -1.145  -99.468  -4.882 0.6000000238
4132  -16.089  -99.457  -5.084 0.4000000060
4133  -16.736  -100.058  -5.484 0.4000000060
4134  0.025  -99.072  -5.333 0.8000000119
4137  -3.190  -98.657  -5.217 0.6000000238
4138  -3.937  -98.688  -5.478 0.5000000000
4139  -4.705  -98.745  -5.770 0.6000000238
4145  -16.999  -99.469  -6.018 0.4000000060
4146  -17.733  -99.068  -5.957 0.4000000060
4156  -17.297  -98.568  -6.152 0.4000000060
4163  -8.387  -99.534  -7.173 0.4000000060
4321  0.412  -98.911  35.456 0.3000000119
4333  0.071  -98.623  34.606 0.4000000060
4347  -3.127  -98.119  33.172 0.6000000238
4353  -2.664  -98.867  32.922 0.6000000238
4354  -3.419  -98.590  32.431 0.6000000238
4363  -3.870  -98.716  31.246 0.6000000238
4380  -3.316  -98.664  29.313 0.6999999881
4391  -1.174  -99.143  28.309 0.6999999881
4393  -3.228  -98.253  27.962 0.6999999881
4399  -0.404  -99.421  27.924 0.6999999881
4407  -2.466  -98.693  26.997 0.6999999881
4453  -5.919  -98.557  22.186 0.8999999762
4470  -2.934  -98.474  21.345 0.8000000119
4674  -11.548  -98.025  -2.995 0.5000000000
4684  -15.649  -98.738  -5.732 0.5000000000
4687  -18.438  -99.138  -4.956 0.4000000060
4688  -0.499  -98.534  -5.226 0.6999999881
4691  -14.068  -97.264  -5.814 0.5000000000
4694  -1.390  -98.124  -5.669 0.6999999881
4698  -15.090  -98.053  -5.990 0.5000000000
4699  -15.923  -98.062  -6.388 0.4000000060
4701  -17.398  -97.885  -6.125 0.4000000060
4702  -2.150  -97.703  -6.177 0.5000000000
4703  -2.897  -98.005  -6.259 0.6999999881
4704  -4.181  -98.037  -6.833 0.6999999881
4705  -4.882  -98.334  -7.078 0.5000000000
4706  -6.092  -98.903  -7.039 0.4000000060
4709  -7.834  -98.867  -7.413 0.4000000060
4710  -5.583  -98.185  -7.306 0.6000000238
4712  -7.166  -98.297  -7.536 0.5000000000
4903  -1.346  -97.596  34.808 0.4000000060
4904  -2.131  -97.564  34.296 0.5000000000
4919  -3.630  -97.694  32.666 0.6000000238
4941  -4.813  -97.482  30.951 0.6000000238
4942  -5.287  -97.248  30.151 0.6000000238
4957  -4.747  -97.433  28.209 0.6999999881
4974  -5.071  -97.414  26.430 0.8000000119
4983  -4.678  -97.910  26.214 0.8000000119
4997  -7.021  -97.371  23.890 0.8999999762
5010  -7.181  -97.147  23.293 0.8999999762
5023  -0.976  -97.077  22.373 0.6999999881
5025  -6.129  -97.739  21.949 1.0000000000
5027  -7.084  -96.754  22.771 1.0000000000
5040  -3.973  -97.195  21.277 0.8000000119
5041  -4.953  -97.287  21.406 0.8999999762
5042  -5.702  -97.332  21.643 1.0000000000
5252  2.350  -97.192  -1.606 0.5000000000
5259  1.954  -97.527  -3.366 0.6000000238
5266  -12.258  -97.803  -3.058 0.4000000060
5270  1.609  -97.995  -3.680 0.8000000119
5271  1.203  -97.996  -3.990 0.8000000119
5282  0.696  -98.167  -4.404 0.8000000119
5283  0.064  -98.083  -4.990 0.8000000119
5287  -12.735  -97.102  -4.670 0.4000000060
5290  -17.561  -97.814  -5.657 0.4000000060
5291  -0.220  -98.299  -5.171 0.6999999881
5304  -14.369  -97.081  -6.218 0.5000000000
5306  -16.397  -97.195  -6.500 0.4000000060
5307  -17.046  -97.345  -6.188 0.4000000060
5308  -2.993  -97.343  -6.753 0.6999999881
5313  -4.340  -96.982  -7.524 0.6999999881
5315  -5.786  -97.326  -7.653 0.6999999881
5317  -7.248  -97.231  -7.643 0.5000000000
5318  -7.750  -96.985  -7.532 0.6999999881
5539  -3.313  -97.301  33.137 0.6000000238
5576  -5.977  -95.922  29.651 0.6000000238
5582  -6.491  -95.787  28.311 0.6000000238
5598  -5.707  -96.946  26.937 0.6999999881
5608  -8.191  -95.517  25.440 0.8000000119
5624  -7.431  -96.380  23.304 1.0000000000
5639  -1.103  -96.306  22.806 0.6000000238
5657  -3.424  -96.567  21.708 0.8000000119
5658  -4.392  -96.525  21.597 0.8000000119
5868  2.372  -96.697  -1.260 0.5000000000
5894  2.221  -96.485  -3.128 0.5000000000
5897  0.364  -97.009  -1.885 0.8000000119
5918  -3.972  -96.502  -5.003 0.6999999881
5926  -4.114  -96.534  -6.121 0.6999999881
5935  -2.620  -96.809  -6.397 0.6999999881
5938  -5.379  -95.403  -6.872 0.6999999881
5941  -12.993  -96.307  -6.253 0.5000000000
5944  -16.012  -96.264  -6.436 0.4000000060
5946  -3.852  -96.411  -7.095 0.6999999881
5948  -8.019  -96.423  -7.442 0.5000000000
6211  -1.048  -95.479  35.825 0.4000000060
6233  -2.545  -95.777  33.862 0.6000000238
6249  2.102  -95.163  30.784 0.4000000060
6251  0.723  -94.938  30.813 0.4000000060
6269  -3.585  -95.065  31.386 0.6000000238
6270  -5.203  -95.701  30.881 0.6000000238
6282  2.185  -95.534  29.937 0.4000000060
6286  -0.357  -94.583  29.279 0.6999999881
6287  -6.347  -95.457  29.158 0.6999999881
6288  -6.340  -94.597  29.373 0.8000000119
6299  2.040  -95.974  28.382 0.4000000060
6342  -2.768  -95.044  23.327 0.8999999762
6346  -6.701  -95.095  23.143 1.0000000000
6365  -3.940  -95.381  23.121 0.8999999762
6367  -6.900  -95.958  22.646 1.0000000000
6650  2.398  -95.900  -1.865 0.6000000238
6675  1.510  -95.553  -3.156 0.8000000119
6684  -5.840  -94.907  -6.781 0.6999999881
6692  -10.852  -95.496  -6.434 0.6000000238
6693  -11.713  -95.704  -6.357 0.5000000000
6696  -14.825  -95.706  -6.243 0.5000000000
6698  -4.780  -95.925  -7.405 0.6999999881
6699  -5.175  -95.354  -7.655 0.6999999881
6702  -8.425  -95.832  -7.203 0.5000000000
6704  -5.461  -95.411  -8.033 0.6999999881
6705  -6.012  -95.115  -7.945 0.6999999881
7032  0.274  -93.736  35.351 0.5000000000
7045  1.620  -93.385  33.942 0.4000000060
7082  -1.027  -94.557  32.496 0.5000000000
7101  1.844  -94.766  31.543 0.4000000060
7139  2.138  -95.800  29.070 0.4000000060
7141  -1.552  -94.168  29.692 0.6999999881
7144  -4.963  -94.087  30.050 0.6000000238
7145  -6.222  -93.797  29.385 0.8000000119
7159  2.163  -95.633  28.358 0.4000000060
7160  1.363  -95.299  27.727 0.5000000000
7165  -7.149  -94.449  28.286 0.8000000119
7177  2.124  -94.847  26.886 0.4000000060
7179  1.765  -95.334  27.405 0.5000000000
7191  1.955  -94.910  26.864 0.5000000000
7209  -8.262  -94.576  24.870 0.8000000119
7220  -6.518  -94.354  23.767 1.0000000000
7252  -2.409  -94.573  19.802 0.5000000000
7469  1.787  -94.310  -2.084 0.8000000119
7484  1.524  -94.375  -2.695 0.8000000119
7485  0.634  -94.138  -3.014 0.8000000119
7497  1.269  -94.592  -2.922 0.8000000119
7514  -6.253  -94.571  -6.887 0.6999999881
7523  -6.151  -94.707  -7.392 0.6999999881
7524  -6.700  -94.485  -7.073 0.6000000238
7525  -7.992  -95.028  -7.192 0.6000000238
7926  2.223  -94.133  30.621 0.4000000060
7940  2.067  -94.442  29.720 0.4000000060
7962  -5.080  -93.195  29.024 0.6999999881
7985  -7.657  -93.491  27.396 0.8000000119
7996  1.839  -94.360  26.206 0.5000000000
7997  1.111  -94.147  26.217 0.6999999881
8001  -7.887  -93.448  26.490 0.8000000119
8012  -7.319  -92.952  25.371 0.8999999762
8025  -7.860  -93.738  25.117 0.8999999762
8033  -4.611  -93.719  23.816 0.8999999762
8068  -3.086  -93.531  20.115 0.6000000238
8275  2.003  -93.780  3.343 0.5000000000
8323  1.340  -93.669  -1.681 0.8000000119
8337  0.744  -93.065  -2.106 0.6999999881
8338  -1.877  -93.216  -1.499 0.6000000238
8721  2.123  -92.187  33.563 0.3000000119
8785  -5.570  -92.704  28.490 0.8000000119
8786  -6.439  -92.846  28.512 0.8000000119
8798  1.600  -92.909  27.479 0.4000000060
8800  -3.246  -92.642  27.619 0.8000000119
8810  2.395  -92.858  25.698 0.6999999881
8831  -2.210  -92.052  26.220 0.8000000119
8833  -6.676  -92.332  25.640 0.8000000119
8842  2.115  -92.445  24.915 0.5000000000
8870  -4.272  -92.210  22.905 0.6000000238
8884  -3.196  -92.868  20.400 0.5000000000
9093  1.329  -92.920  3.185 0.6000000238
9147  -0.381  -91.863  -0.536 0.6999999881
9166  0.090  -92.732  -2.724 0.6999999881
9170  -3.773  -91.822  -1.034 0.6000000238
9184  -1.261  -92.816  -2.604 0.6000000238
9189  -0.059  -93.140  -3.059 0.6999999881
9591  -0.903  -91.433  28.911 0.3000000119
9626  -5.999  -91.674  25.929 0.8000000119
9633  -3.506  -91.069  25.581 0.8000000119
9646  2.151  -91.624  24.474 0.8000000119
9664  2.067  -91.315  23.532 0.8000000119
9665  1.781  -91.471  23.294 0.8000000119
9669  -5.206  -91.917  24.090 0.8000000119
9674  2.050  -91.407  21.946 0.6000000238
9691  -3.478  -91.825  21.571 0.6999999881
9705  -2.060  -91.631  20.439 0.5000000000
9864  -1.303  -91.485  6.780 0.6999999881
9877  -2.167  -91.119  6.245 0.6999999881
9939  -1.917  -91.473  -1.305 0.6000000238
9940  -2.800  -91.539  -1.227 0.6000000238
9959  -4.028  -91.576  -0.936 0.5000000000
10387  -0.268  -90.719  28.105 0.3000000119
10419  -3.926  -90.701  24.935 0.8000000119
10425  -2.125  -90.688  23.969 0.8000000119
10428  -4.215  -90.768  24.174 0.8000000119
10434  -1.694  -90.681  23.224 0.8000000119
10435  -2.951  -90.436  23.810 0.8000000119
10440  -0.428  -91.349  22.175 0.6000000238
10442  -2.290  -90.520  22.746 0.8000000119
10451  2.095  -91.134  21.641 0.6000000238
10638  -0.439  -89.813  3.785 0.6999999881
10673  -2.126  -90.791  0.537 0.6000000238
11158  2.202  -90.157  27.772 0.5000000000
11303  -3.414  -89.544  9.489 0.6999999881
11315  0.599  -89.823  8.986 0.5000000000
11339  -6.109  -89.341  6.748 0.6000000238
11350  -5.055  -89.189  5.684 0.6000000238
11364  -0.764  -88.495  4.304 0.6999999881
11885  2.299  -88.142  30.081 0.5000000000
11886  1.659  -88.254  30.103 0.3000000119
11969  1.459  -89.230  23.856 0.6999999881
12080  -5.526  -88.787  13.181 0.6000000238
12101  -6.498  -88.894  11.776 0.6000000238
12112  -4.961  -89.168  10.731 0.6000000238
12113  -7.766  -88.429  10.722 0.6000000238
12129  -6.937  -88.955  9.641 0.6000000238
12178  -1.584  -88.406  4.745 0.6999999881
12196  -0.942  -87.954  4.262 0.6999999881
12197  -1.525  -87.757  4.523 0.6999999881
12198  -2.344  -87.331  4.646 0.6999999881
12205  -1.601  -87.496  3.641 0.6999999881
12214  -1.310  -88.044  3.386 0.6999999881
12241  -7.154  -88.695  0.654 0.4000000060
12676  1.637  -86.891  32.104 0.5000000000
12691  2.246  -87.382  31.124 0.5000000000
12732  2.445  -87.971  29.043 0.5000000000
12733  2.196  -87.460  28.410 0.5000000000
12746  0.668  -87.260  27.422 0.6000000238
12758  -0.610  -87.206  26.423 0.6000000238
12780  -1.191  -87.586  24.610 0.6999999881
12874  -6.373  -87.387  15.261 0.6000000238
12889  -6.673  -87.991  14.894 0.6000000238
12891  -8.389  -87.827  14.172 0.6000000238
12930  -1.423  -88.142  12.415 0.8000000119
13014  -4.004  -87.007  5.123 0.6000000238
13027  -0.943  -87.809  4.071 0.6999999881
13028  -1.348  -87.516  4.059 0.6999999881
13033  -6.261  -86.807  4.043 0.6000000238
13043  -3.697  -86.400  3.658 0.6000000238
13044  -4.570  -86.381  3.550 0.6000000238
13045  -5.322  -86.540  3.509 0.6000000238
13047  -8.443  -87.359  3.143 0.5000000000
13055  -2.292  -87.193  3.466 0.6999999881
13059  -6.903  -87.349  2.298 0.5000000000
13071  -6.317  -87.356  2.158 0.4000000060
13526  -0.546  -85.630  35.272 0.4000000060
13527  -2.113  -85.761  35.245 0.3000000119
13535  1.260  -85.903  34.136 0.5000000000
13537  -0.788  -85.820  34.583 0.4000000060
13568  2.144  -86.414  32.570 0.5000000000
13589  2.368  -86.622  31.336 0.5000000000
13602  2.206  -86.097  30.263 0.5000000000
13612  2.345  -87.174  29.278 0.5000000000
13629  -0.211  -86.250  28.600 0.6000000238
13687  -1.479  -86.978  24.271 0.6999999881
13706  -1.495  -86.982  23.426 0.5000000000
13827  -3.989  -86.178  14.251 0.6999999881
13828  -4.772  -86.556  14.678 0.6999999881
13830  -6.319  -85.934  15.231 0.6000000238
13838  -2.399  -86.600  13.450 0.8000000119
13848  -2.127  -85.919  12.806 0.8000000119
13890  -1.056  -85.844  9.731 0.5000000000
13966  -4.165  -86.032  4.060 0.6000000238
13967  -4.954  -86.158  4.081 0.6000000238
13983  -6.900  -87.129  3.533 0.6000000238
14451  -0.052  -85.164  36.052 0.5000000000
14452  -0.834  -85.286  36.038 0.4000000060
14457  0.408  -85.223  35.539 0.5000000000
14460  -2.583  -85.597  35.442 0.4000000060
14478  1.644  -85.781  33.744 0.5000000000
14490  2.132  -85.823  33.176 0.5000000000
14509  2.381  -85.990  31.075 0.5000000000
14511  0.384  -85.473  30.449 0.6000000238
14541  -0.489  -85.812  28.275 0.6999999881
14583  -0.021  -85.442  24.580 0.6000000238
14690  -7.245  -86.098  15.491 0.6000000238
14698  -4.163  -85.155  13.899 0.8000000119
15336  0.121  -84.636  36.210 0.5000000000
15347  -3.072  -84.632  35.620 0.4000000060
15366  1.652  -85.237  33.402 0.5000000000
15419  -0.321  -84.102  29.936 0.6000000238
15453  -0.347  -85.300  26.919 0.6999999881
15462  1.497  -84.298  26.197 0.6000000238
15608  -1.976  -83.952  10.357 0.5000000000
16227  -0.514  -83.162  36.775 0.5000000000
16228  -1.045  -82.912  36.941 0.5000000000
16239  0.162  -83.997  36.281 0.5000000000
16243  -2.784  -83.597  35.824 0.3000000119
16262  -0.224  -83.292  35.255 0.5000000000
16263  -0.508  -83.487  34.233 0.5000000000
16343  0.896  -83.459  28.417 0.8000000119
17087  -0.452  -82.648  36.551 0.5000000000
17090  -2.364  -81.970  36.689 0.5000000000
17110  -0.141  -82.431  35.908 0.5000000000
17111  -4.010  -82.223  35.281 0.3000000119
17163  -0.228  -82.735  31.481 0.6000000238
17182  0.824  -82.510  30.390 0.8000000119
17365  -6.550  -82.707  15.193 0.5000000000
17393  -2.984  -81.609  11.969 0.5000000000
17972  -1.307  -81.989  36.742 0.5000000000
17973  -2.089  -81.771  36.687 0.5000000000
17982  -0.429  -81.409  35.743 0.6000000238
17986  -4.738  -80.551  36.413 0.4000000060
18069  1.668  -81.795  30.092 0.8000000119
18082  1.810  -81.507  29.442 0.6999999881
18855  -1.153  -81.464  36.440 0.5000000000
18863  -0.659  -80.851  35.863 0.5000000000
18868  -5.807  -79.744  36.469 0.3000000119
18878  -0.338  -80.777  35.534 0.5000000000
18880  -5.500  -80.266  36.356 0.5000000000
18882  -6.770  -79.757  35.740 0.3000000119
18980  1.890  -80.024  27.584 0.6000000238
19700  -5.567  -79.548  36.557 0.4000000060
19701  -6.184  -79.262  36.410 0.5000000000
19714  -0.326  -79.452  35.459 0.6000000238
19734  0.895  -78.905  34.306 0.8000000119
19814  0.938  -78.884  26.739 0.6000000238
19955  -5.712  -78.704  14.738 0.6000000238
20555  -2.613  -79.365  35.535 0.6000000238
20558  -5.660  -79.209  36.450 0.5000000000
20559  -6.741  -78.812  36.283 0.5000000000
20561  -8.278  -78.147  36.613 0.4000000060
20586  -3.217  -78.995  35.302 0.6000000238
20642  1.172  -77.874  28.879 0.6000000238
20763  -5.351  -79.090  19.509 0.6000000238
20823  -4.941  -78.166  14.218 0.6000000238
21419  -12.714  -76.636  37.922 0.4000000060
21433  -9.641  -77.340  36.763 0.5000000000
21454  -0.129  -77.731  35.095 0.6999999881
21476  1.218  -77.137  34.133 0.8000000119
21498  -9.841  -76.940  33.894 0.5000000000
21501  -12.736  -77.763  33.497 0.5000000000
21539  1.040  -77.224  30.206 0.6000000238
21540  0.706  -77.029  30.462 0.6000000238
21554  0.850  -77.497  29.721 0.5000000000
21717  -4.119  -76.428  15.163 0.6999999881
21718  -4.486  -77.889  15.245 0.6000000238
22406  -9.723  -75.587  35.722 0.5000000000
22422  0.325  -75.951  35.199 0.8000000119
22464  0.912  -75.995  31.982 0.6999999881
22465  0.762  -76.116  31.691 0.6999999881
22481  0.752  -76.455  31.037 0.6999999881
22630  -3.686  -75.086  16.972 0.6000000238
23351  1.142  -75.100  34.398 0.8000000119
23379  0.670  -75.077  32.739 0.6000000238
24309  0.904  -74.260  33.722 0.6999999881
24317  -6.714  -74.007  34.078 0.6000000238
24340  0.212  -73.644  32.576 0.6999999881
24341  -0.741  -73.992  32.487 0.6000000238
24365  -3.992  -74.085  31.165 0.6000000238
25249  0.201  -72.824  33.724 0.6000000238
25251  -2.146  -73.087  34.042 0.8000000119
25266  0.180  -72.643  33.104 0.6999999881
25267  -3.782  -72.862  33.064 0.6999999881
25268  -4.605  -73.361  33.261 0.6999999881
25278  0.492  -73.169  32.948 0.6999999881
25280  -0.895  -72.394  32.104 0.6999999881
25281  -1.723  -72.368  31.994 0.6999999881
25283  -5.862  -73.609  33.043 0.6000000238
25290  -2.678  -73.238  32.408 0.6999999881
25291  -3.489  -73.413  32.170 0.6000000238
25303  -4.645  -73.937  31.055 0.6000000238
25365  -3.005  -73.466  24.994 0.5000000000
26118  -0.407  -72.155  33.300 0.6999999881
26119  -1.272  -72.071  33.540 0.8000000119
26120  -2.182  -72.378  33.614 0.6999999881
26136  -1.261  -71.774  32.701 0.6999999881
26138  -3.477  -72.415  33.116 0.6999999881
26140  -4.594  -73.237  33.008 0.6999999881
26150  -2.262  -72.070  31.989 0.6999999881
26152  -3.937  -72.763  33.021 0.6999999881
26164  -4.060  -73.146  32.815 0.6999999881
27029  -2.802  -71.985  32.871 0.6999999881
27042  -2.873  -71.980  32.802 0.6999999881
27054  -2.748  -72.260  32.410 0.6999999881
28882  -13.244  -69.711  29.783 0.4000000060
122863  -0.990  -107.043  25.919 0.6999999881
123017  -5.049  -103.494  4.837 0.8999999762
123420  -0.196  -81.315  35.365 0.6000000238
123481  -0.851  -107.419  23.987 0.6999999881
123616  1.842  -82.991  28.290 0.6999999881
123631  1.019  -106.941  11.136 0.5000000000
123648  -4.631  -94.302  23.752 1.0000000000
124582  -4.647  -88.829  13.151 0.6000000238
125158  -1.766  -108.178  22.480 0.6999999881
125256  -5.437  -89.440  1.204 0.5000000000
125311  -19.411  -102.932  6.771 0.3000000119
125357  -3.092  -108.500  16.331 0.8000000119
125437  -16.274  -105.704  4.237 0.4000000060
125897  2.343  -93.632  26.987 0.4000000060
126058  -2.436  -107.370  20.841 0.8000000119
126106  0.047  -83.229  36.189 0.5000000000
126196  -1.773  -108.034  18.894 0.8000000119
126567  0.622  -100.077  34.691 0.5000000000
126770  -21.699  -98.977  2.493 0.3000000119
126781  -4.961  -107.670  24.048 0.5000000000
126786  -2.078  -92.514  26.816 0.8000000119
127140  0.727  -100.216  33.661 0.5000000000
127241  -1.831  -107.957  20.359 0.6999999881
127273  1.050  -77.587  29.479 0.5000000000
127280  2.184  -96.582  -0.377 0.5000000000
127363  0.092  -106.670  24.749 0.6999999881
127430  -3.976  -104.874  32.577 0.3000000119
127468  -0.273  -106.588  14.558 0.8000000119
127561  -7.497  -107.953  19.941 0.4000000060
127622  -5.334  -96.580  -7.846 0.6999999881
127682  -4.078  -108.469  17.728 0.6999999881
127704  -2.845  -86.680  3.789 0.6000000238
127750  -8.431  -104.816  13.963 0.3000000119
127902  -13.844  -100.779  7.774 0.4000000060
128066  -3.015  -90.408  23.145 0.8000000119
128531  -2.008  -74.061  34.245 0.8000000119
128533  -7.808  -107.012  7.516 0.8000000119
128557  -4.047  -92.526  27.848 0.8000000119
128564  0.767  -95.310  29.029 0.4000000060
128847  -6.784  -106.453  5.740 0.6000000238
129000  -2.095  -74.976  34.575 0.8000000119
129016  -0.336  -81.901  35.591 0.6000000238
129142  0.113  -84.398  32.292 0.5000000000
129419  -0.213  -85.488  29.813 0.6000000238
129691  1.417  -78.660  30.713 0.6999999881
129710  -8.861  -98.140  -6.160 0.5000000000
130037  -1.871  -99.111  28.810 0.6000000238
130195  -0.707  -106.555  15.768 0.8000000119
130549  0.989  -95.512  29.660 0.4000000060
130681  -2.427  -107.296  25.552 0.5000000000
130692  -3.003  -99.280  21.532 0.8000000119
130873  0.139  -103.717  16.818 0.6999999881
130895  -2.806  -87.987  4.902 0.6999999881
130921  -1.619  -107.674  14.163 0.8000000119
130978  -4.199  -105.024  26.095 0.4000000060
131105  -2.915  -108.992  20.356 0.6999999881
131152  0.108  -80.222  35.224 0.6000000238
131375  -0.628  -107.410  11.939 0.8000000119
131427  -3.478  -98.336  28.763 0.6999999881
131665  -4.785  -104.390  19.230 1.0000000000
131797  -0.522  -88.651  3.995 0.6999999881
131952  -0.940  -102.066  34.113 0.4000000060
132016  -4.738  -91.327  24.112 0.8000000119
132070  -2.341  -108.348  19.390 0.8000000119
132074  -17.070  -104.424  2.404 0.4000000060
132152  -3.063  -108.643  19.257 0.8000000119
132173  -3.418  -107.716  14.756 0.8000000119
132574  -8.000  -73.807  33.978 0.6000000238
132755  1.977  -82.947  26.729 0.6000000238
132788  -6.912  -106.683  18.868 0.4000000060
133134  1.756  -79.640  29.837 0.6999999881
133400  -2.824  -107.542  14.037 0.8000000119
133729  -23.779  -100.466  3.798 0.3000000119
133800  -3.133  -107.370  25.481 0.6000000238
133849  -7.793  -100.211  7.647 0.6000000238
133903  -5.211  -103.686  26.270 0.4000000060
134316  -2.814  -103.427  28.450 0.3000000119
134522  -0.129  -85.901  34.239 0.4000000060
134586  -6.305  -106.833  6.709 0.6999999881
135283  -1.772  -74.202  32.562 0.6999999881
135330  -4.895  -85.164  14.317 0.6999999881
135364  -0.060  -107.455  11.054 0.6000000238
135448  -1.198  -91.415  -1.250 0.6999999881
135581  0.570  -107.114  11.894 0.5000000000
135622  1.288  -107.024  10.104 0.6000000238
135643  -2.826  -108.581  18.279 0.8000000119
135763  -12.375  -105.797  4.016 0.6999999881
135805  -2.508  -108.537  21.425 0.6999999881
136078  -14.231  -99.076  -0.287 0.6000000238
136188  0.724  -89.359  8.958 0.5000000000
136257  -8.867  -104.629  7.693 0.6999999881
136368  -3.692  -108.283  16.359 0.8000000119
136545  -8.318  -106.576  7.803 0.8000000119
136592  1.344  -76.148  32.736 0.6999999881
136779  0.093  -106.916  13.543 0.6999999881
137016  -8.865  -107.439  7.258 0.6999999881
137058  0.069  -103.551  15.877 0.8999999762
137254  -4.446  -102.538  19.053 1.0000000000
137406  -1.021  -88.717  2.986 0.6999999881
137471  -1.656  -108.155  17.968 0.8000000119
137572  2.415  -93.672  26.275 0.5000000000
137611  -0.289  -91.945  -1.446 0.6999999881
137640  -10.288  -107.056  6.209 0.6999999881
137767  -1.971  -108.245  20.925 0.6999999881
137769  -10.148  -107.580  6.976 0.6999999881
137789  0.210  -92.489  -1.855 0.6999999881
137945  0.446  -99.721  27.946 0.6000000238
137964  0.075  -83.001  35.917 0.5000000000
138014  -2.967  -91.122  0.908 0.6000000238
138023  -4.316  -84.407  35.169 0.3000000119
138164  -7.177  -95.202  27.808 0.6999999881
138182  -6.563  -107.071  23.745 0.5000000000
138404  2.333  -85.761  32.387 0.5000000000
138765  -0.392  -82.030  36.224 0.5000000000
138849  -2.534  -104.643  30.958 0.4000000060
139161  -1.315  -83.316  36.747 0.5000000000
139384  0.437  -101.999  27.648 0.6000000238
139426  1.612  -104.327  11.193 0.5000000000
139431  0.516  -104.493  25.807 0.6999999881
139633  -3.836  -106.830  13.803 0.8000000119
139802  -0.672  -104.215  13.958 0.6999999881
139804  -4.062  -96.491  32.137 0.6000000238
139863  -2.757  -75.731  16.575 0.4000000060
139991  -1.284  -105.745  15.692 0.8000000119
140002  -8.412  -94.932  25.410 0.8000000119
140018  -0.964  -107.568  14.633 0.8000000119
140525  -5.658  -89.195  8.871 0.6000000238
140711  -0.687  -91.588  -1.112 0.6999999881
140769  -4.858  -107.693  24.744 0.5000000000
140823  -5.015  -102.659  19.488 1.0000000000
140895  2.279  -94.035  31.841 0.4000000060
140953  -7.145  -107.647  20.045 0.4000000060
140999  -5.494  -95.911  22.244 0.8999999762
141090  -2.255  -108.258  22.736 0.6999999881
141123  -0.815  -101.811  5.642 0.6000000238
141172  -3.679  -96.863  -7.253 0.6999999881
141305  -5.928  -107.722  23.138 0.5000000000
141379  -4.393  -98.376  26.092 0.6999999881
141453  -7.230  -93.962  -6.072 0.5000000000
141561  0.344  -94.581  -2.767 0.8000000119
141796  -0.684  -91.935  25.090 0.8000000119
141953  -0.574  -75.982  35.282 0.8000000119
142483  -17.548  -105.218  6.036 0.4000000060
142505  -13.963  -99.023  0.206 0.6000000238
142599  -12.495  -106.726  5.481 0.6000000238
142652  -17.239  -105.280  4.800 0.4000000060
142750  -16.747  -105.609  5.456 0.4000000060
142793  -7.753  -94.917  27.085 0.8000000119
142817  -2.099  -108.393  22.105 0.6999999881
142819  -5.629  -86.500  3.959 0.6000000238
142837  0.691  -100.667  34.643 0.5000000000
142936  -4.847  -107.901  19.004 0.6000000238
143090  -1.574  -107.593  13.625 0.8000000119
143397  -8.283  -100.014  -7.290 0.6000000238
143541  -11.731  -76.478  37.274 0.5000000000
143546  -11.044  -106.407  7.770 0.6999999881
143572  1.876  -95.905  -3.174 0.8000000119
143700  -2.795  -108.549  17.143 0.8000000119
143770  -7.155  -101.831  5.734 0.6999999881
143809  -10.788  -75.875  35.320 0.5000000000
144047  0.556  -105.201  27.622 0.6000000238
144080  -4.260  -93.212  28.863 0.6999999881
144151  -2.507  -98.778  -5.040 0.6000000238
144168  -4.386  -98.025  31.366 0.6000000238
144273  -4.200  -108.029  16.494 0.6999999881
144398  0.263  -99.312  34.298 0.5000000000
144410  0.015  -94.670  31.348 0.4000000060
144450  -12.150  -99.244  0.112 0.5000000000
144626  -15.136  -102.911  1.329 0.5000000000
144710  -4.981  -107.466  25.219 0.5000000000
144714  -0.056  -87.012  31.369 0.3000000119
144719  -0.222  -101.752  36.438 0.4000000060
145007  -3.281  -108.744  21.017 0.6999999881
145162  -16.622  -105.472  4.159 0.4000000060
145180  -11.906  -106.513  4.675 0.6999999881
145182  -5.318  -102.012  10.071 0.6000000238
145225  -7.007  -106.817  23.400 0.3000000119
145573  -1.445  -107.013  10.542 0.6000000238
145678  0.727  -105.044  27.602 0.6000000238
145783  0.432  -93.540  -2.980 0.6999999881
145841  -17.350  -102.886  5.076 0.3000000119
145852  -4.088  -93.051  23.054 0.6999999881
145932  -4.117  -106.028  6.624 0.5000000000
145958  -10.393  -103.943  4.800 0.6000000238
146052  -2.722  -106.029  22.519 0.8000000119
146137  2.255  -95.125  30.506 0.4000000060
146158  -6.303  -106.664  7.294 0.6999999881
146184  -4.148  -107.457  15.193 0.8000000119
146236  0.505  -73.404  33.982 0.6000000238
146250  -16.401  -105.768  4.706 0.4000000060
146262  -3.710  -98.648  31.883 0.6000000238
146406  -1.886  -107.453  18.371 0.8000000119
146504  -0.985  -86.613  25.338 0.6999999881
146566  -15.863  -102.470  7.367 0.5000000000
146573  -4.937  -104.279  20.644 0.8999999762
146668  -14.090  -105.090  1.440 0.5000000000
146826  -10.854  -99.127  11.628 0.3000000119
146891  -2.067  -102.894  18.135 1.0000000000
146955  -3.131  -108.606  18.608 0.8000000119
146956  0.298  -100.754  27.104 0.6999999881
147105  -0.982  -105.091  9.656 0.6000000238
147172  -1.527  -107.840  14.835 0.8000000119
147215  -19.654  -102.976  7.136 0.4000000060
147263  2.140  -90.587  21.990 0.6000000238
147311  1.623  -95.768  29.696 0.4000000060
147317  -3.770  -108.490  17.161 0.8000000119
147500  -4.177  -81.573  13.384 0.8000000119
147512  1.181  -105.024  26.800 0.6000000238
147603  -2.035  -98.982  27.311 0.6999999881
148020  2.075  -81.505  26.855 0.6000000238
148070  -10.653  -103.003  4.443 0.6000000238
148134  2.317  -93.696  25.843 0.5000000000
148228  -7.191  -92.497  26.697 0.8000000119
148270  0.306  -106.511  25.828 0.6999999881
148285  -7.386  -100.087  8.331 0.6000000238
148300  2.030  -93.612  30.923 0.4000000060
148499  1.449  -91.625  22.442 0.6000000238
148569  -8.426  -78.255  36.611 0.4000000060
