#!ascii label  , from subject sub-01 vox2ras=TkReg
10088
43234  23.612  -48.361  95.389 0.5000000000
42389  26.587  -48.899  91.773 0.3750000000
43270  29.258  -49.068  92.304 0.3750000000
44305  32.122  -49.244  92.831 0.5000000000
46399  33.159  -47.512  94.161 0.6250000000
127669  32.828  -45.230  93.996 0.7500000000
46389  33.017  -47.164  94.315 0.6250000000
139889  32.770  -43.083  93.578 1.0000000000
52799  32.876  -41.133  93.816 1.0000000000
51688  32.806  -42.057  93.477 0.8750000000
146896  32.362  -41.742  93.284 1.0000000000
53871  32.741  -39.616  94.526 1.0000000000
53872  32.405  -39.626  94.352 1.0000000000
53888  32.458  -40.327  94.061 1.0000000000
54932  31.667  -39.742  93.746 1.0000000000
55931  32.004  -38.418  95.046 1.0000000000
55938  31.815  -38.593  94.664 1.0000000000
56977  30.952  -37.780  94.095 1.0000000000
56978  30.508  -37.262  93.602 1.0000000000
55957  30.576  -38.578  92.784 1.0000000000
56988  30.307  -37.580  92.539 1.0000000000
56981  17.096  -37.434  93.469 1.0000000000
44245  24.665  -48.026  96.556 0.7500000000
43245  24.961  -48.846  95.027 0.6250000000
43233  24.214  -48.446  95.473 0.5000000000
43224  24.298  -48.308  95.840 0.6250000000
42344  25.354  -49.239  93.555 0.5000000000
42345  24.632  -49.008  93.870 0.3750000000
133135  25.654  -49.158  91.951 0.5000000000
42358  25.462  -49.164  92.435 0.5000000000
131996  25.239  -49.079  92.973 0.5000000000
43303  28.209  -48.481  91.686 0.3750000000
43287  27.688  -48.668  91.971 0.3750000000
42374  26.288  -49.102  92.202 0.3750000000
44307  30.348  -49.324  92.332 0.3750000000
45336  32.589  -48.053  94.371 0.6250000000
45337  32.196  -48.789  94.248 0.6250000000
44306  31.340  -49.460  92.681 0.6250000000
48582  32.917  -45.999  94.250 0.6250000000
51689  32.311  -42.730  93.371 1.0000000000
55959  20.280  -38.757  92.441 1.0000000000
53909  31.088  -40.630  92.774 1.0000000000
55960  19.608  -38.543  92.882 1.0000000000
134412  31.169  -39.938  93.273 1.0000000000
55965  30.131  -38.490  91.835 1.0000000000
56996  29.797  -37.550  91.419 1.0000000000
55961  18.908  -38.434  92.410 1.0000000000
56946  31.428  -36.896  95.826 0.8750000000
56956  31.329  -37.245  95.342 1.0000000000
129493  30.924  -36.815  95.201 1.0000000000
57972  30.742  -37.072  94.466 1.0000000000
58894  29.598  -35.793  93.410 1.0000000000
57998  29.340  -36.738  91.044 1.0000000000
58006  28.819  -36.710  90.336 1.0000000000
56997  17.286  -37.690  92.009 1.0000000000
56990  17.421  -37.702  92.809 1.0000000000
56945  32.068  -37.226  95.838 0.8750000000
56955  31.738  -37.637  95.394 1.0000000000
57973  30.410  -36.303  94.864 1.0000000000
58890  29.098  -34.901  93.874 1.0000000000
57990  29.435  -35.904  92.407 1.0000000000
132367  29.762  -36.692  91.934 1.0000000000
139362  28.837  -36.149  90.829 1.0000000000
58007  28.262  -35.878  90.298 1.0000000000
56982  16.441  -37.042  93.358 1.0000000000
59818  27.393  -34.350  92.265 1.0000000000
58901  28.004  -34.866  91.620 1.0000000000
58907  28.475  -35.550  91.147 1.0000000000
56971  16.657  -37.063  94.141 1.0000000000
48549  25.076  -45.446  97.825 1.0000000000
46353  25.358  -46.776  97.381 0.8750000000
43222  25.704  -48.606  95.662 0.7500000000
45297  24.167  -47.707  96.808 0.8750000000
42318  25.891  -49.107  94.941 0.7500000000
43223  25.012  -48.436  95.842 0.6250000000
134492  25.972  -49.298  93.090 0.5000000000
42343  26.127  -49.515  93.843 0.5000000000
42336  25.492  -49.343  94.055 0.5000000000
42326  25.715  -49.279  94.469 0.6250000000
42373  26.799  -49.062  92.425 0.3750000000
42357  26.484  -49.251  92.789 0.5000000000
43286  28.347  -48.847  92.292 0.3750000000
42372  27.297  -49.077  92.630 0.3750000000
44297  31.640  -49.409  93.679 0.6250000000
43260  29.732  -49.699  93.073 0.5000000000
47524  32.607  -46.845  94.476 0.6250000000
50565  32.460  -43.911  93.597 0.8750000000
146189  31.725  -42.927  93.092 0.8750000000
51700  31.821  -42.004  92.924 1.0000000000
54942  21.737  -39.433  92.466 1.0000000000
55958  21.049  -38.952  92.968 1.0000000000
134256  30.700  -40.068  92.597 1.0000000000
54939  30.405  -39.374  92.232 1.0000000000
54943  20.935  -39.145  92.012 1.0000000000
55973  29.668  -38.384  90.862 1.0000000000
55967  19.500  -38.596  91.966 1.0000000000
57956  31.117  -36.311  96.278 1.0000000000
57957  30.893  -36.498  95.987 1.0000000000
148732  17.795  -38.059  91.597 1.0000000000
58885  16.252  -36.018  95.255 1.0000000000
58865  31.255  -35.790  96.639 1.0000000000
58883  29.924  -35.625  95.307 1.0000000000
58889  29.756  -35.715  94.411 1.0000000000
147242  28.512  -34.535  93.196 1.0000000000
58909  27.081  -34.811  90.517 1.0000000000
58914  27.569  -35.341  90.139 1.0000000000
135286  17.239  -37.721  91.142 1.0000000000
56991  16.630  -37.266  92.558 1.0000000000
59817  27.731  -34.093  93.101 1.0000000000
59820  25.955  -33.581  92.344 1.0000000000
59825  27.126  -34.510  91.369 1.0000000000
151166  26.546  -34.404  90.879 1.0000000000
59833  26.424  -34.627  90.336 1.0000000000
59827  25.375  -33.646  91.742 1.0000000000
59828  24.682  -33.695  91.196 1.0000000000
59834  25.714  -34.158  90.788 1.0000000000
59782  11.929  -34.867  96.038 1.0000000000
58870  11.427  -35.326  96.714 1.0000000000
59783  10.925  -35.032  95.970 1.0000000000
58871  10.369  -35.298  96.873 1.0000000000
58856  13.081  -34.892  96.917 1.0000000000
58869  12.396  -35.179  96.733 1.0000000000
59780  13.467  -34.248  96.991 1.0000000000
59769  13.973  -34.101  97.935 1.0000000000
58847  8.631  -35.685  99.015 1.0000000000
135963  26.256  -48.344  95.962 0.8750000000
44243  25.593  -48.142  96.353 0.7500000000
131415  25.422  -47.865  96.737 0.7500000000
43244  27.117  -49.334  95.114 0.6250000000
43220  26.754  -48.928  95.458 0.7500000000
126907  25.957  -48.524  95.855 0.7500000000
143456  27.003  -49.581  93.704 0.5000000000
136743  26.622  -49.623  93.976 0.5000000000
42335  26.590  -49.555  94.315 0.5000000000
141920  14.717  -32.306  99.529 1.0000000000
143394  27.271  -49.361  93.209 0.5000000000
61601  15.087  -32.155  99.639 1.0000000000
43273  27.757  -49.026  92.591 0.3750000000
42355  27.695  -49.326  93.151 0.3750000000
61600  15.647  -32.405  99.677 0.8750000000
44298  30.749  -49.754  93.372 0.6250000000
60680  16.548  -33.160  98.599 0.8750000000
61603  16.050  -32.406  99.052 0.8750000000
45322  32.269  -47.873  94.549 0.7500000000
61612  16.257  -32.611  97.974 0.8750000000
48590  32.536  -45.578  94.052 0.7500000000
48583  32.097  -46.421  94.431 0.7500000000
61622  16.101  -32.843  97.043 0.8750000000
51701  31.216  -41.828  92.597 1.0000000000
54941  22.419  -39.726  92.880 1.0000000000
60701  16.109  -33.453  96.713 0.8750000000
52826  30.899  -41.303  92.424 1.0000000000
53927  22.889  -41.065  90.853 1.0000000000
53919  23.027  -40.950  91.647 1.0000000000
59791  16.095  -34.858  96.268 1.0000000000
57003  29.283  -37.503  90.553 1.0000000000
53937  22.955  -41.076  89.319 1.0000000000
132820  22.314  -40.328  90.658 1.0000000000
53928  22.669  -40.605  91.149 1.0000000000
54949  21.597  -39.612  91.443 1.0000000000
58886  15.813  -35.105  94.908 1.0000000000
59792  15.792  -34.433  95.508 1.0000000000
148514  23.438  -41.511  89.328 1.0000000000
53938  22.580  -40.793  90.216 1.0000000000
54964  22.094  -40.221  89.923 1.0000000000
54957  20.963  -39.439  90.428 1.0000000000
55966  20.182  -38.868  91.562 1.0000000000
133445  19.408  -38.713  91.081 1.0000000000
58867  30.244  -35.141  96.582 1.0000000000
59789  29.747  -34.673  96.429 1.0000000000
132169  22.478  -40.490  89.242 1.0000000000
54965  21.469  -39.740  89.564 1.0000000000
54966  20.745  -39.360  89.536 1.0000000000
55976  19.479  -38.685  90.197 1.0000000000
55977  18.693  -38.456  90.542 1.0000000000
57976  15.765  -35.934  94.368 1.0000000000
60725  28.414  -33.805  95.288 1.0000000000
59804  27.949  -33.796  94.612 1.0000000000
54979  21.679  -39.703  88.541 1.0000000000
129329  22.042  -40.026  89.122 1.0000000000
54980  20.915  -39.421  88.782 1.0000000000
55988  20.182  -39.040  89.876 1.0000000000
55989  19.510  -38.737  89.322 1.0000000000
130929  18.059  -38.127  89.949 1.0000000000
56998  16.593  -37.277  91.544 1.0000000000
57992  15.940  -36.731  91.940 1.0000000000
57985  15.576  -35.902  93.380 1.0000000000
57975  16.304  -36.522  94.547 1.0000000000
58864  31.967  -35.822  96.540 1.0000000000
59811  27.141  -33.510  94.030 1.0000000000
60737  25.947  -32.970  93.833 1.0000000000
60743  24.900  -33.194  92.768 1.0000000000
130384  20.287  -39.130  88.158 1.0000000000
56002  18.837  -38.404  88.697 1.0000000000
55990  18.799  -38.428  89.647 1.0000000000
57016  17.512  -37.668  89.193 1.0000000000
57004  17.351  -37.699  90.249 1.0000000000
58000  16.091  -36.721  91.025 1.0000000000
143400  23.932  -32.490  93.510 1.0000000000
134099  24.025  -33.079  92.651 1.0000000000
60752  23.703  -33.362  91.866 1.0000000000
56011  20.451  -38.930  87.185 1.0000000000
126109  19.715  -38.714  87.670 1.0000000000
57031  18.078  -37.912  88.423 1.0000000000
149505  18.227  -38.153  89.175 1.0000000000
57017  16.774  -37.203  89.695 1.0000000000
60744  23.246  -32.570  92.759 1.0000000000
59793  12.465  -34.136  95.586 1.0000000000
59794  11.448  -34.420  95.402 1.0000000000
59781  12.883  -34.531  96.318 1.0000000000
126778  10.035  -34.840  96.050 1.0000000000
58872  9.398  -34.929  96.810 1.0000000000
58859  9.506  -35.374  97.615 1.0000000000
48560  25.355  -45.220  97.295 1.0000000000
134525  25.156  -44.405  97.593 1.0000000000
47497  25.566  -46.084  97.278 1.0000000000
59759  8.008  -34.954  98.469 1.0000000000
45294  26.437  -47.371  96.224 0.8750000000
46352  25.823  -46.725  97.085 1.0000000000
59768  14.466  -33.969  98.796 1.0000000000
44263  27.362  -49.082  95.331 0.8750000000
151022  26.858  -48.667  95.626 0.8750000000
142570  26.513  -48.026  96.067 0.8750000000
60691  14.331  -33.016  98.655 1.0000000000
58848  7.678  -35.556  99.452 1.0000000000
42333  28.079  -49.584  94.029 0.3750000000
42323  27.660  -49.533  94.700 0.5000000000
42324  27.181  -49.486  94.785 0.6250000000
130815  7.611  -36.104  100.160 1.0000000000
58825  6.432  -36.096  100.752 0.8750000000
57932  6.990  -36.601  101.188 1.0000000000
57933  6.241  -36.639  101.237 0.8750000000
43262  28.289  -49.532  93.391 0.3750000000
42341  27.963  -49.543  93.714 0.3750000000
44287  31.282  -49.123  94.422 0.6250000000
43251  30.079  -49.897  94.010 0.5000000000
43271  28.758  -49.460  92.878 0.5000000000
52818  23.685  -41.632  93.885 1.0000000000
45323  31.881  -48.471  94.558 0.6250000000
52828  23.567  -41.561  92.973 1.0000000000
52819  23.479  -40.984  93.546 1.0000000000
147767  32.071  -46.977  94.680 0.7500000000
50587  24.230  -43.425  91.300 1.0000000000
51715  23.712  -42.685  91.725 1.0000000000
141056  23.721  -42.422  92.589 1.0000000000
130063  23.368  -40.925  92.923 1.0000000000
53905  23.218  -40.517  93.347 1.0000000000
50573  31.961  -43.522  93.347 0.8750000000
50603  24.874  -43.096  89.759 1.0000000000
49579  24.602  -44.061  91.768 1.0000000000
51724  23.896  -42.866  90.842 1.0000000000
51709  23.484  -41.852  92.112 1.0000000000
53911  23.073  -40.598  92.527 1.0000000000
54940  22.897  -40.098  93.162 1.0000000000
130963  24.262  -42.888  90.110 1.0000000000
52835  23.209  -41.590  90.872 1.0000000000
53920  22.746  -40.401  91.885 1.0000000000
54948  22.348  -39.891  92.068 1.0000000000
60713  15.925  -33.886  96.151 1.0000000000
54947  29.941  -39.423  91.271 1.0000000000
51737  24.385  -42.411  89.540 1.0000000000
52856  23.610  -41.885  89.845 1.0000000000
59805  15.485  -34.256  94.731 1.0000000000
52870  24.603  -41.477  88.336 1.0000000000
51745  24.071  -41.834  88.994 1.0000000000
54955  22.335  -40.108  91.309 1.0000000000
58866  30.752  -35.650  96.552 1.0000000000
59777  29.920  -34.340  96.878 1.0000000000
150430  29.499  -33.936  96.664 1.0000000000
53952  22.962  -40.673  88.606 1.0000000000
143878  15.134  -35.130  92.877 1.0000000000
60710  28.166  -33.318  95.931 1.0000000000
60726  27.382  -33.214  95.122 1.0000000000
59841  25.875  -34.642  89.861 1.0000000000
53962  23.381  -40.449  87.744 1.0000000000
54992  22.767  -39.804  87.399 1.0000000000
54978  22.456  -40.112  88.310 1.0000000000
57993  15.489  -36.000  92.373 1.0000000000
58902  15.196  -35.347  91.944 1.0000000000
59776  31.603  -35.146  96.919 1.0000000000
61645  24.591  -32.023  94.761 1.0000000000
61659  23.647  -31.988  94.018 1.0000000000
125743  24.763  -34.149  90.175 1.0000000000
54993  22.002  -39.550  87.594 1.0000000000
54994  21.112  -39.355  87.874 1.0000000000
134983  19.183  -38.458  88.002 1.0000000000
56012  18.621  -38.098  87.820 1.0000000000
58008  16.217  -36.708  90.160 1.0000000000
143592  15.752  -36.267  90.535 1.0000000000
61660  23.349  -31.803  93.571 1.0000000000
62648  22.826  -31.801  92.890 1.0000000000
57049  17.954  -37.643  87.525 1.0000000000
57032  17.435  -37.378  88.156 1.0000000000
58024  16.278  -36.610  89.255 1.0000000000
143323  15.797  -36.129  89.766 1.0000000000
61673  22.442  -32.032  92.662 1.0000000000
60759  23.054  -33.489  91.321 1.0000000000
142868  19.737  -38.535  86.917 1.0000000000
57048  19.166  -38.292  87.290 1.0000000000
144323  18.548  -37.838  86.958 1.0000000000
57050  17.427  -37.127  87.350 1.0000000000
58038  16.374  -36.403  88.341 1.0000000000
58053  17.107  -36.500  86.777 1.0000000000
58037  16.927  -36.775  87.790 1.0000000000
55953  9.761  -38.648  93.945 0.8750000000
60703  13.231  -33.592  96.291 1.0000000000
59795  10.547  -34.432  95.395 1.0000000000
59796  9.681  -34.295  95.522 1.0000000000
59784  8.494  -34.459  96.765 1.0000000000
143970  9.299  -34.535  96.172 1.0000000000
48569  25.324  -44.657  97.177 1.0000000000
60704  7.935  -33.825  96.325 1.0000000000
47511  25.954  -46.547  96.932 1.0000000000
142905  25.753  -46.038  96.952 1.0000000000
59785  7.538  -34.051  97.185 1.0000000000
126217  7.982  -34.536  97.611 0.8750000000
136985  8.701  -34.938  97.581 1.0000000000
46364  26.022  -47.141  96.837 1.0000000000
48559  25.589  -45.527  96.809 1.0000000000
59771  6.176  -34.051  98.419 0.8750000000
59770  7.193  -34.328  98.059 0.8750000000
59761  5.682  -34.455  99.111 0.8750000000
59760  6.790  -34.790  99.084 0.8750000000
58836  6.788  -35.598  100.073 0.8750000000
43229  27.772  -49.336  95.124 0.7500000000
45305  26.936  -48.095  95.956 0.8750000000
127675  25.061  -43.798  96.193 1.0000000000
59762  4.963  -34.417  99.055 0.8750000000
59755  5.337  -34.902  99.633 0.8750000000
59754  6.036  -34.972  99.691 0.8750000000
43241  28.866  -49.627  94.874 0.6250000000
43242  28.100  -49.524  94.938 0.7500000000
50551  24.830  -43.932  95.446 1.0000000000
61602  14.642  -31.636  99.357 1.0000000000
59756  4.860  -34.935  99.444 0.8750000000
58838  5.188  -35.448  100.028 0.8750000000
58837  5.835  -35.460  100.206 0.8750000000
43252  29.099  -49.681  94.388 0.6250000000
50566  24.353  -43.261  94.916 1.0000000000
51702  23.950  -42.454  94.359 1.0000000000
61604  15.414  -31.871  99.264 0.8750000000
58849  4.909  -35.925  99.168 0.8750000000
57945  4.920  -36.333  99.866 0.8750000000
44273  31.199  -48.642  94.702 0.7500000000
44288  30.503  -49.510  94.386 0.6250000000
61613  15.798  -31.965  98.388 0.8750000000
47525  31.498  -47.084  94.812 0.7500000000
50580  24.312  -43.873  92.778 1.0000000000
147628  23.944  -43.038  92.977 1.0000000000
140363  23.826  -42.368  93.429 1.0000000000
49578  25.443  -44.635  91.237 1.0000000000
141096  23.993  -43.282  92.202 1.0000000000
140868  15.930  -32.272  97.493 0.8750000000
49552  32.217  -44.994  93.770 0.8750000000
50593  25.349  -43.601  90.136 1.0000000000
50586  24.976  -43.985  90.822 1.0000000000
49586  25.978  -44.194  90.435 1.0000000000
51744  24.930  -41.975  88.898 1.0000000000
50602  25.658  -43.115  89.624 1.0000000000
51743  25.737  -41.995  88.886 1.0000000000
58891  15.333  -35.031  94.014 1.0000000000
54898  8.093  -38.965  96.327 0.8750000000
58851  31.051  -34.989  97.100 1.0000000000
59765  30.541  -34.267  97.213 1.0000000000
59778  29.537  -33.521  97.007 1.0000000000
60699  28.893  -33.216  96.621 1.0000000000
53950  24.342  -40.928  87.691 1.0000000000
55934  8.472  -38.530  95.740 0.8750000000
60686  31.009  -33.687  97.390 1.0000000000
61632  27.026  -32.452  96.118 1.0000000000
61633  26.154  -32.049  95.592 1.0000000000
55944  9.275  -38.823  94.708 0.8750000000
63593  24.836  -31.263  94.526 1.0000000000
63594  24.224  -31.382  94.053 1.0000000000
148636  22.431  -39.516  87.115 1.0000000000
63610  25.147  -30.831  93.703 1.0000000000
136030  25.075  -30.767  92.952 1.0000000000
62647  23.499  -31.394  93.026 1.0000000000
60754  21.863  -32.799  91.994 0.8750000000
143333  20.912  -38.720  86.512 1.0000000000
58932  15.864  -35.976  88.886 1.0000000000
62657  24.999  -31.041  91.559 1.0000000000
62658  23.845  -31.223  91.960 1.0000000000
127277  22.206  -31.636  91.544 0.8750000000
56023  20.212  -38.441  86.308 1.0000000000
57064  19.322  -37.999  86.381 1.0000000000
127536  15.982  -35.774  88.011 1.0000000000
58933  15.548  -35.293  88.522 1.0000000000
62659  22.723  -31.592  92.247 0.8750000000
150398  18.633  -37.461  86.286 1.0000000000
58052  17.899  -37.198  86.618 1.0000000000
58946  16.525  -35.700  86.652 1.0000000000
149484  16.081  -35.574  87.275 1.0000000000
55962  10.114  -38.986  93.094 0.8750000000
58068  17.706  -36.462  85.922 1.0000000000
52871  10.162  -41.179  87.907 0.5000000000
52920  10.705  -41.808  83.303 0.2500000000
52910  10.639  -41.426  84.902 0.2500000000
52900  10.301  -41.474  85.772 0.2500000000
59806  11.004  -33.941  94.811 1.0000000000
60718  10.113  -33.863  94.856 1.0000000000
59797  8.815  -34.134  95.840 1.0000000000
60692  13.750  -33.366  97.427 1.0000000000
49525  25.415  -44.993  96.748 1.0000000000
49526  25.282  -44.108  97.062 1.0000000000
61614  13.719  -32.279  98.121 1.0000000000
62588  13.542  -31.281  98.525 1.0000000000
60693  6.650  -33.675  97.625 0.8750000000
47518  26.035  -46.332  96.501 1.0000000000
49533  25.289  -44.392  96.530 1.0000000000
61605  14.140  -31.668  99.137 1.0000000000
60694  5.676  -33.408  97.926 0.8750000000
46373  26.725  -47.252  95.950 0.8750000000
47521  26.348  -46.483  96.043 1.0000000000
48576  25.801  -45.860  96.439 1.0000000000
60682  5.192  -33.891  98.522 0.8750000000
44262  28.011  -49.063  95.317 0.8750000000
45313  28.074  -48.415  95.450 0.8750000000
135892  27.109  -47.003  95.604 0.8750000000
48584  26.062  -46.098  95.874 1.0000000000
48577  25.476  -45.236  96.152 1.0000000000
60683  4.642  -34.004  98.309 0.8750000000
59772  4.628  -34.606  98.377 0.8750000000
59763  4.692  -34.574  98.889 0.8750000000
45314  27.471  -47.739  95.583 0.8750000000
46382  27.644  -47.603  95.498 0.8750000000
47529  26.742  -46.764  95.697 1.0000000000
48585  25.740  -45.688  95.545 1.0000000000
48594  25.445  -45.299  94.946 1.0000000000
49543  25.238  -44.709  95.776 1.0000000000
62576  14.867  -31.405  99.304 0.8750000000
150400  4.906  -35.461  98.394 0.8750000000
58850  4.664  -35.137  99.031 0.8750000000
136763  27.074  -46.892  95.052 0.8750000000
129776  26.418  -46.408  95.299 1.0000000000
49553  25.026  -44.595  95.072 1.0000000000
50575  24.189  -43.366  93.810 1.0000000000
58861  5.493  -36.082  98.021 0.8750000000
57948  5.236  -36.387  98.722 0.8750000000
47535  26.886  -46.607  94.317 1.0000000000
48603  25.760  -45.655  94.035 1.0000000000
133602  25.074  -44.951  94.285 1.0000000000
49554  24.591  -44.126  94.571 1.0000000000
48609  27.704  -46.031  92.397 1.0000000000
48602  26.401  -46.197  93.854 1.0000000000
49561  25.403  -45.316  93.266 1.0000000000
49562  24.664  -44.458  93.536 1.0000000000
57962  5.838  -35.770  97.270 0.8750000000
56944  5.896  -36.874  98.395 0.8750000000
48610  26.833  -45.966  92.329 1.0000000000
151024  25.889  -45.189  91.593 1.0000000000
61635  15.485  -32.592  95.807 0.8750000000
57952  6.251  -36.507  97.652 0.8750000000
49559  31.814  -44.388  93.449 0.8750000000
48617  27.515  -45.564  91.701 1.0000000000
48618  26.660  -45.460  91.575 1.0000000000
60702  15.800  -33.099  96.287 1.0000000000
60714  15.557  -33.486  95.403 1.0000000000
139902  31.151  -42.713  92.586 1.0000000000
49576  27.312  -45.065  90.986 1.0000000000
49577  26.383  -44.967  90.900 1.0000000000
60729  15.233  -33.497  94.462 1.0000000000
53918  30.130  -40.864  91.594 1.0000000000
49585  27.027  -44.377  90.500 1.0000000000
50591  26.765  -43.650  90.077 1.0000000000
136103  15.186  -34.161  94.065 1.0000000000
60739  14.871  -33.648  93.488 1.0000000000
55924  6.808  -38.426  98.181 0.8750000000
54886  6.730  -39.502  98.127 0.8750000000
53848  6.101  -39.970  98.652 0.8750000000
54872  5.619  -39.314  99.315 0.8750000000
59821  14.844  -34.367  92.877 1.0000000000
55927  7.608  -38.505  96.858 0.8750000000
60687  30.185  -33.393  97.348 1.0000000000
60688  29.613  -33.065  97.254 1.0000000000
55945  8.847  -38.179  95.137 0.8750000000
148259  31.300  -33.094  97.443 1.0000000000
61609  29.825  -32.446  97.539 1.0000000000
62585  28.557  -31.976  97.336 1.0000000000
62594  27.245  -31.647  96.632 1.0000000000
58021  27.685  -35.946  89.457 1.0000000000
58020  28.324  -36.664  89.673 1.0000000000
58001  15.460  -36.017  91.324 1.0000000000
58910  15.399  -35.626  90.369 1.0000000000
63557  28.513  -31.468  97.330 1.0000000000
63569  26.857  -31.060  96.397 1.0000000000
58915  26.892  -35.096  89.710 1.0000000000
54991  23.518  -39.817  86.907 1.0000000000
55005  22.847  -39.374  86.637 1.0000000000
59837  14.934  -34.908  89.985 1.0000000000
56973  8.502  -37.400  94.718 0.8750000000
146346  26.252  -30.774  95.054 1.0000000000
145401  26.349  -30.470  93.600 1.0000000000
62660  21.774  -31.903  91.979 0.8750000000
59835  23.852  -33.688  90.829 1.0000000000
58917  15.447  -35.452  89.436 1.0000000000
56983  9.372  -37.699  93.676 0.8750000000
56972  9.210  -37.924  94.449 0.8750000000
63642  25.548  -30.743  92.167 1.0000000000
62672  23.243  -31.473  91.101 0.8750000000
60760  22.163  -33.372  91.263 1.0000000000
125314  23.824  -33.928  90.107 1.0000000000
56022  21.685  -38.718  86.247 1.0000000000
151506  9.826  -38.208  93.220 0.8750000000
142678  25.982  -30.705  91.176 1.0000000000
147704  24.431  -31.272  90.887 1.0000000000
62683  24.231  -31.505  89.321 0.8750000000
126456  22.241  -31.566  90.684 0.8750000000
57084  19.178  -37.256  85.704 1.0000000000
131894  26.306  -30.705  90.185 1.0000000000
63669  25.653  -30.979  89.591 1.0000000000
63682  25.663  -31.162  88.625 0.8750000000
62682  24.829  -31.470  88.659 0.8750000000
62695  24.053  -31.700  88.296 0.8750000000
142655  23.381  -31.623  89.088 0.8750000000
144054  17.135  -35.806  85.922 1.0000000000
63681  26.516  -30.830  88.226 0.8750000000
63695  25.878  -31.207  87.685 0.8750000000
62694  25.045  -31.558  87.926 0.8750000000
55970  10.069  -38.201  92.393 0.8750000000
54944  10.308  -39.241  92.281 0.8750000000
63705  26.758  -30.625  86.474 0.8750000000
54951  10.511  -39.442  91.495 0.8750000000
53913  10.174  -40.048  91.913 0.8750000000
53929  10.525  -40.149  90.183 0.7500000000
53939  10.554  -40.291  89.289 0.7500000000
146629  10.902  -39.791  88.808 0.7500000000
53921  10.383  -40.138  91.069 0.7500000000
53940  10.016  -40.735  89.689 0.7500000000
141779  10.756  -40.597  87.702 0.6250000000
53964  10.608  -41.042  87.124 0.7500000000
52892  10.227  -41.416  86.532 0.5000000000
53969  10.786  -40.878  86.327 0.7500000000
60717  11.854  -33.774  94.971 1.0000000000
60716  12.573  -33.260  95.397 1.0000000000
60732  10.575  -33.311  94.325 0.8750000000
61650  10.228  -32.646  93.814 0.8750000000
135495  9.465  -32.428  93.811 0.8750000000
61665  9.905  -31.946  93.429 0.8750000000
62637  9.606  -31.108  93.293 0.8750000000
60719  9.241  -33.711  95.134 1.0000000000
60733  9.574  -33.147  94.366 0.8750000000
61666  8.952  -31.699  93.608 0.8750000000
60705  7.077  -33.414  96.799 1.0000000000
60720  8.351  -33.526  95.507 1.0000000000
60734  8.730  -33.210  94.835 1.0000000000
61651  8.580  -32.494  94.324 0.8750000000
44275  29.331  -49.298  95.067 0.7500000000
44261  28.799  -48.931  95.352 0.8750000000
46381  28.442  -48.041  95.485 0.8750000000
58874  4.704  -34.650  97.610 0.8750000000
44274  30.383  -49.067  94.822 0.6250000000
47528  27.723  -47.187  94.965 0.8750000000
145771  5.181  -35.417  97.665 0.8750000000
45324  30.714  -48.405  94.960 0.7500000000
47534  27.722  -47.036  94.426 0.8750000000
46391  31.105  -47.781  94.933 0.7500000000
47548  28.075  -46.376  93.039 1.0000000000
47542  27.677  -46.685  93.719 0.8750000000
57961  6.586  -36.161  96.816 0.8750000000
56951  6.940  -37.009  97.185 0.8750000000
48608  28.524  -45.872  92.434 1.0000000000
56943  6.644  -37.390  98.006 0.8750000000
49575  28.264  -44.943  91.299 1.0000000000
56950  7.470  -37.547  96.657 0.8750000000
49584  27.817  -44.435  90.746 1.0000000000
50590  27.745  -43.612  90.342 1.0000000000
50600  27.243  -42.956  89.824 1.0000000000
56942  7.204  -37.957  97.464 0.8750000000
59813  15.039  -34.472  93.473 1.0000000000
57960  7.215  -36.653  96.310 0.8750000000
56936  6.185  -37.830  98.680 0.8750000000
147736  29.952  -40.281  91.248 1.0000000000
50601  26.442  -43.056  89.655 1.0000000000
51734  26.843  -42.404  89.366 1.0000000000
129659  14.876  -34.616  92.107 1.0000000000
55935  7.992  -38.049  96.214 0.8750000000
54885  7.272  -38.990  97.556 0.8750000000
55974  29.088  -38.273  90.067 1.0000000000
143474  26.138  -41.567  88.483 1.0000000000
52855  26.482  -41.894  88.914 1.0000000000
59829  15.025  -34.949  91.095 1.0000000000
61607  31.685  -32.368  97.435 1.0000000000
61608  30.611  -31.817  97.669 1.0000000000
52869  25.469  -41.569  88.362 1.0000000000
53961  25.177  -40.509  87.202 1.0000000000
59838  14.678  -34.113  90.439 1.0000000000
61606  32.865  -31.558  97.201 1.0000000000
137009  29.821  -31.528  97.703 1.0000000000
63567  28.346  -30.774  96.915 1.0000000000
133291  23.049  -38.796  85.948 1.0000000000
126629  27.714  -30.437  95.376 1.0000000000
127093  27.069  -30.515  94.798 1.0000000000
58916  26.273  -35.042  89.018 1.0000000000
56021  22.420  -38.921  86.256 1.0000000000
59859  15.306  -34.587  88.159 1.0000000000
132885  8.736  -37.184  94.001 0.8750000000
149264  27.215  -30.401  93.324 1.0000000000
60768  22.323  -33.700  90.237 0.8750000000
56037  20.934  -38.314  85.836 1.0000000000
57083  20.142  -37.723  85.527 1.0000000000
63626  26.864  -30.377  92.716 1.0000000000
63641  26.580  -30.492  91.854 1.0000000000
62685  21.244  -31.656  90.416 0.8750000000
60755  21.290  -32.968  91.497 0.8750000000
135067  21.455  -33.376  90.684 0.8750000000
62674  20.704  -31.985  90.933 0.8750000000
57085  18.979  -36.430  85.314 1.0000000000
150134  18.289  -36.252  85.427 1.0000000000
59882  15.635  -34.198  86.580 1.0000000000
59871  15.442  -34.439  87.275 1.0000000000
63655  26.856  -30.468  90.804 1.0000000000
63668  26.563  -30.724  89.153 1.0000000000
145381  27.100  -30.577  88.536 0.8750000000
62684  22.263  -31.559  89.521 0.8750000000
58957  16.641  -35.028  85.942 1.0000000000
62707  25.265  -31.539  87.075 0.8750000000
62708  24.377  -31.762  87.269 0.8750000000
125853  23.398  -31.801  87.476 0.8750000000
62696  22.897  -31.697  88.404 0.8750000000
62722  23.680  -31.833  86.565 0.8750000000
60811  16.279  -33.655  85.554 1.0000000000
55969  10.422  -38.673  91.753 0.8750000000
63693  27.400  -30.369  87.237 0.8750000000
63694  26.630  -30.749  87.407 0.8750000000
146110  25.433  -31.364  86.411 0.8750000000
62720  25.233  -31.307  85.710 0.8750000000
62737  24.569  -31.516  85.464 0.8750000000
62738  23.853  -31.722  85.671 0.8750000000
57006  10.235  -37.851  91.268 0.8750000000
63720  26.457  -30.637  85.655 0.8750000000
63721  25.789  -30.871  85.245 0.8750000000
62736  24.980  -31.251  84.794 0.8750000000
54958  10.732  -39.421  90.703 0.8750000000
55978  10.712  -38.507  90.482 0.8750000000
54967  10.954  -39.265  89.662 0.8750000000
54996  11.088  -39.752  87.959 0.8750000000
63735  26.504  -30.342  84.841 0.8750000000
63744  26.260  -30.275  83.875 0.7500000000
53963  11.219  -40.257  87.014 0.7500000000
52919  11.282  -41.177  83.166 0.1250000000
52909  11.035  -41.172  84.054 0.2500000000
60730  12.308  -32.718  94.968 1.0000000000
61664  10.692  -32.075  93.558 0.8750000000
60715  13.146  -32.782  96.062 1.0000000000
138207  13.450  -32.658  96.923 1.0000000000
60721  7.482  -33.160  95.973 1.0000000000
61637  7.916  -32.869  95.162 1.0000000000
62624  7.957  -31.669  94.121 0.8750000000
62638  8.210  -31.019  93.692 0.8750000000
63616  7.489  -30.362  93.788 0.8750000000
61638  7.066  -32.460  95.651 1.0000000000
61652  7.501  -32.146  94.837 0.8750000000
62625  7.080  -31.404  94.611 0.8750000000
63597  6.777  -30.695  94.349 0.8750000000
60706  6.211  -32.996  97.264 0.8750000000
61626  5.755  -32.359  96.886 1.0000000000
61625  6.197  -32.054  96.111 1.0000000000
62626  6.191  -31.032  94.983 0.8750000000
63617  6.586  -30.070  93.992 0.8750000000
63598  5.839  -30.276  94.539 0.8750000000
64571  6.046  -29.489  93.889 0.8750000000
61615  5.220  -32.750  97.555 0.8750000000
62599  5.245  -31.794  96.420 1.0000000000
62612  4.746  -31.248  95.889 0.8750000000
63583  5.261  -30.751  95.285 0.8750000000
60695  4.757  -33.329  97.930 0.8750000000
61616  4.407  -32.804  97.494 0.8750000000
61628  3.934  -32.561  96.909 0.8750000000
62600  4.294  -31.857  96.405 1.0000000000
63599  4.849  -30.267  94.776 0.8750000000
64556  5.252  -29.819  94.291 0.8750000000
46380  29.339  -48.090  95.370 0.8750000000
151568  28.932  -48.390  95.408 0.8750000000
136224  4.402  -34.005  97.824 0.8750000000
60696  4.112  -33.319  97.568 0.8750000000
60707  3.775  -33.147  96.739 0.8750000000
59800  4.298  -33.666  96.230 1.0000000000
59786  4.821  -34.418  96.617 0.8750000000
131563  30.219  -47.971  95.186 0.7500000000
45325  29.689  -48.603  95.259 0.7500000000
46393  28.743  -47.756  95.209 0.8750000000
62586  15.282  -31.321  98.756 0.8750000000
62595  15.560  -31.619  97.548 0.8750000000
59787  4.204  -33.805  97.162 0.8750000000
59799  5.292  -34.313  95.571 1.0000000000
62596  15.155  -31.051  97.000 0.8750000000
62606  15.379  -31.814  96.363 0.8750000000
58880  6.084  -35.507  96.420 0.8750000000
47526  30.631  -47.308  94.972 0.7500000000
46392  29.781  -47.628  95.086 0.8750000000
47533  28.620  -47.280  94.629 1.0000000000
62620  15.103  -31.977  95.254 0.8750000000
58873  5.329  -35.116  96.954 0.8750000000
58881  5.520  -34.940  96.164 0.8750000000
47532  31.117  -46.583  94.594 0.7500000000
47527  30.134  -46.975  94.691 0.7500000000
47540  29.871  -46.609  93.917 0.8750000000
48600  29.627  -46.121  93.197 1.0000000000
47541  28.714  -46.727  93.740 1.0000000000
61646  15.239  -32.782  94.890 1.0000000000
57969  6.844  -35.907  95.893 0.8750000000
48591  31.835  -45.886  94.057 0.8750000000
48601  28.844  -46.176  92.965 1.0000000000
56963  7.697  -37.186  95.823 0.8750000000
56962  8.253  -37.669  95.472 0.8750000000
50574  31.334  -43.790  92.958 1.0000000000
48615  28.964  -45.273  91.876 1.0000000000
50585  28.596  -43.948  90.929 1.0000000000
56974  7.881  -36.916  94.973 0.8750000000
51707  30.678  -42.034  92.227 1.0000000000
51733  27.580  -42.242  89.567 1.0000000000
59830  14.614  -33.982  91.467 1.0000000000
57977  8.164  -36.670  94.205 0.8750000000
62580  32.557  -30.358  97.465 1.0000000000
146279  31.553  -29.985  97.569 1.0000000000
134112  29.413  -39.163  90.324 1.0000000000
53949  26.057  -41.097  87.908 1.0000000000
62581  31.584  -31.079  97.590 1.0000000000
63565  29.820  -30.223  97.351 1.0000000000
57014  28.713  -37.456  89.857 1.0000000000
56034  23.107  -38.182  85.640 1.0000000000
59847  14.717  -34.143  89.477 1.0000000000
62592  34.245  -31.421  96.675 0.8750000000
64534  29.859  -29.923  96.576 1.0000000000
63577  29.206  -30.191  95.773 1.0000000000
58083  20.769  -36.801  84.972 1.0000000000
60779  14.855  -34.044  88.627 1.0000000000
61617  34.437  -32.050  96.194 0.8750000000
62602  35.566  -31.172  95.687 0.8750000000
135471  28.821  -30.532  92.999 1.0000000000
59844  23.254  -33.975  89.678 1.0000000000
56036  21.661  -38.177  85.644 1.0000000000
56992  9.398  -37.519  92.861 0.8750000000
56999  9.484  -37.278  92.051 0.8750000000
61630  35.208  -31.728  95.531 0.8750000000
63639  28.437  -30.474  92.033 1.0000000000
127082  28.102  -30.447  91.225 1.0000000000
61691  20.468  -32.437  90.635 0.8750000000
62698  20.986  -31.552  89.474 0.8750000000
58085  17.842  -35.742  85.324 1.0000000000
59881  16.121  -34.282  85.985 1.0000000000
57007  9.807  -37.273  90.628 1.0000000000
125977  28.141  -30.403  89.646 1.0000000000
59892  16.897  -34.206  85.269 1.0000000000
57018  10.361  -37.752  90.213 1.0000000000
126616  28.186  -30.430  88.847 1.0000000000
63680  27.750  -30.396  88.284 0.8750000000
63704  27.595  -30.244  86.428 0.8750000000
55991  10.763  -38.297  89.763 0.8750000000
129735  27.804  -29.747  85.242 0.8750000000
148522  27.224  -29.908  84.874 0.7500000000
64643  26.993  -29.911  84.153 0.7500000000
134598  24.090  -31.524  84.834 0.8750000000
133672  10.900  -38.442  89.153 0.8750000000
54981  11.185  -38.706  87.768 1.0000000000
125230  27.337  -29.461  83.682 0.7500000000
64665  26.699  -29.710  83.375 0.7500000000
63745  25.458  -30.540  83.578 0.8750000000
54995  11.316  -39.335  87.242 0.7500000000
131619  11.462  -40.417  83.599 0.2500000000
53976  10.936  -40.824  85.505 0.6250000000
53968  11.368  -40.189  86.038 0.7500000000
53983  11.381  -40.243  84.364 0.3750000000
53975  11.389  -40.130  85.168 0.5000000000
55021  11.536  -39.543  83.855 0.2500000000
60731  11.377  -33.308  94.472 0.8750000000
62635  11.166  -31.459  93.628 0.8750000000
62636  10.408  -31.286  93.336 0.8750000000
63613  10.065  -30.429  93.134 0.8750000000
61624  13.094  -31.995  96.491 1.0000000000
61636  12.772  -32.345  95.591 1.0000000000
61648  11.764  -32.595  94.379 0.8750000000
62623  11.863  -31.581  94.361 0.8750000000
61663  11.317  -32.149  93.827 0.8750000000
62597  13.255  -31.723  97.527 1.0000000000
62608  12.622  -31.406  95.984 0.8750000000
62622  12.403  -31.968  94.991 0.8750000000
63614  9.260  -30.297  93.161 0.8750000000
63615  8.438  -30.315  93.407 0.8750000000
145291  7.961  -29.755  93.467 0.8750000000
136080  6.665  -32.723  96.472 1.0000000000
133666  7.922  -29.020  93.396 0.8750000000
65532  7.859  -27.953  93.476 0.8750000000
62578  13.873  -30.966  99.099 0.8750000000
64570  7.118  -29.563  93.654 0.8750000000
126388  6.858  -28.689  93.546 0.8750000000
63551  14.131  -30.566  98.958 0.8750000000
63558  14.431  -30.400  98.423 0.8750000000
60723  3.769  -33.030  95.851 1.0000000000
61629  3.709  -32.031  96.128 1.0000000000
135582  6.630  -27.570  93.537 0.8750000000
63550  14.700  -30.853  98.995 0.8750000000
62613  3.992  -31.359  95.758 0.8750000000
63584  4.384  -30.798  95.277 0.8750000000
65533  5.827  -28.557  93.628 0.8750000000
62587  15.009  -30.898  98.118 0.8750000000
63585  3.797  -30.981  95.048 0.8750000000
63600  4.086  -30.480  94.617 0.8750000000
61647  14.907  -32.299  94.373 1.0000000000
57968  7.433  -36.395  95.389 0.8750000000
61661  14.975  -32.895  94.067 1.0000000000
47539  30.628  -46.480  94.210 0.7500000000
48607  29.368  -45.622  92.539 1.0000000000
60740  14.749  -32.884  93.395 1.0000000000
58082  21.828  -36.642  84.996 1.0000000000
135094  21.201  -36.004  84.820 1.0000000000
52868  26.803  -41.155  88.487 1.0000000000
53960  26.140  -40.285  87.434 1.0000000000
56020  24.536  -38.790  86.174 1.0000000000
126755  20.200  -35.280  84.867 1.0000000000
131866  17.613  -31.587  84.813 1.0000000000
62752  16.970  -30.494  84.739 1.0000000000
64648  16.749  -29.866  84.936 1.0000000000
52827  30.363  -41.446  91.912 1.0000000000
54989  25.672  -39.741  86.854 1.0000000000
134240  22.785  -37.719  85.490 1.0000000000
144682  20.448  -35.957  84.820 1.0000000000
59890  18.752  -34.442  84.737 1.0000000000
61751  17.435  -32.680  84.789 1.0000000000
61752  16.723  -32.344  84.853 1.0000000000
64522  31.340  -29.610  97.246 1.0000000000
141492  30.571  -30.130  97.509 1.0000000000
55986  28.513  -38.195  89.426 1.0000000000
55003  24.340  -39.553  86.570 1.0000000000
55004  23.684  -39.153  86.289 1.0000000000
130249  19.619  -35.823  84.899 1.0000000000
60810  17.601  -33.486  84.815 1.0000000000
62579  33.570  -30.854  97.088 0.8750000000
63554  33.359  -29.803  97.296 1.0000000000
151577  31.251  -29.481  96.936 1.0000000000
63589  30.201  -30.143  94.492 1.0000000000
133099  27.937  -36.772  89.098 1.0000000000
58022  26.994  -35.665  88.875 1.0000000000
57081  22.136  -37.582  85.363 1.0000000000
58084  19.824  -36.702  85.153 1.0000000000
144600  18.066  -35.076  84.861 1.0000000000
143855  14.955  -33.312  87.436 1.0000000000
56993  8.741  -36.859  92.521 1.0000000000
62591  34.768  -31.273  96.345 0.8750000000
62590  35.220  -30.707  96.235 0.8750000000
63607  29.585  -30.424  93.756 1.0000000000
59842  25.273  -34.591  89.087 1.0000000000
150364  23.783  -34.268  88.987 1.0000000000
59891  17.823  -34.348  84.857 1.0000000000
132003  16.823  -33.248  85.075 1.0000000000
141104  15.211  -33.761  86.946 1.0000000000
57000  9.292  -37.018  91.268 1.0000000000
57008  8.948  -36.838  90.501 0.8750000000
127083  29.057  -30.509  91.171 1.0000000000
142731  22.488  -33.880  89.467 1.0000000000
57019  9.636  -37.128  89.806 0.8750000000
133141  8.953  -36.827  89.258 0.8750000000
57034  9.627  -37.189  88.918 0.8750000000
61641  35.932  -31.484  94.813 0.7500000000
63653  28.611  -30.486  90.421 1.0000000000
62697  21.746  -31.558  88.540 0.8750000000
62724  22.037  -31.761  86.664 0.8750000000
57033  10.433  -37.738  89.264 0.8750000000
125978  28.986  -30.548  89.735 1.0000000000
63666  28.869  -30.474  89.028 1.0000000000
143082  22.880  -31.808  86.819 0.8750000000
56003  10.797  -38.113  88.380 0.8750000000
145657  10.211  -37.552  88.516 0.8750000000
63692  28.759  -30.193  87.258 0.8750000000
63703  28.112  -30.160  86.922 0.8750000000
146927  28.185  -30.021  86.303 0.7500000000
64656  28.317  -29.408  84.887 0.7500000000
64657  27.740  -29.511  84.383 0.7500000000
63737  25.050  -30.996  84.014 0.8750000000
54982  11.115  -38.964  88.641 0.8750000000
56013  10.873  -37.983  87.394 1.0000000000
65621  27.228  -29.052  82.956 0.7500000000
65633  26.721  -28.832  82.255 0.7500000000
64666  25.936  -30.020  83.074 0.7500000000
65634  26.066  -29.090  81.872 0.7500000000
55007  11.462  -39.379  86.485 0.7500000000
63596  11.641  -30.773  94.171 0.8750000000
63612  10.940  -30.506  93.489 0.8750000000
62589  12.980  -30.952  97.825 0.8750000000
62598  12.857  -31.337  96.969 0.8750000000
147673  12.067  -30.825  94.890 0.8750000000
139627  10.437  -29.828  93.308 0.8750000000
64568  9.661  -29.503  93.133 0.8750000000
62609  12.314  -31.215  95.199 0.8750000000
64569  8.719  -29.580  93.197 0.8750000000
63559  13.534  -30.532  98.477 0.8750000000
137334  8.876  -27.694  93.423 0.8750000000
66448  7.470  -27.117  93.514 0.8750000000
61640  3.647  -32.427  95.563 1.0000000000
62614  3.659  -31.702  95.336 0.8750000000
61639  3.823  -32.745  95.125 1.0000000000
64572  5.137  -29.299  93.893 0.8750000000
62607  14.925  -31.233  95.965 0.8750000000
61654  3.608  -32.127  94.894 0.8750000000
62628  3.741  -31.328  94.569 0.8750000000
64557  4.491  -29.895  94.220 0.8750000000
64573  4.420  -29.378  93.711 0.8750000000
62621  14.721  -31.767  94.509 1.0000000000
59807  6.252  -34.681  94.661 0.8750000000
58888  6.808  -35.264  94.532 0.7500000000
61662  14.745  -32.373  93.641 1.0000000000
57979  7.144  -35.736  94.952 0.7500000000
48592  31.217  -46.092  94.032 0.7500000000
57978  7.672  -36.184  94.490 0.7500000000
48599  30.658  -45.873  93.544 0.8750000000
48606  30.237  -45.308  92.869 1.0000000000
60746  14.629  -33.157  92.824 1.0000000000
49560  31.070  -44.856  93.205 0.8750000000
49568  29.913  -44.696  92.171 1.0000000000
67483  17.476  -26.701  85.639 0.8750000000
68555  19.358  -25.554  86.553 0.8750000000
129174  18.922  -24.802  87.053 0.8750000000
59822  14.639  -33.823  92.441 1.0000000000
49574  29.153  -44.406  91.543 1.0000000000
51714  28.617  -43.047  90.571 1.0000000000
65604  17.080  -28.294  85.280 0.8750000000
66532  16.589  -27.779  85.446 0.8750000000
68556  18.366  -25.365  86.396 0.8750000000
68534  17.830  -24.710  86.999 0.8750000000
60763  14.424  -33.236  90.788 1.0000000000
147648  8.302  -36.643  93.566 0.7500000000
52854  27.657  -40.899  88.871 1.0000000000
132012  22.832  -36.917  85.305 1.0000000000
60809  18.360  -33.649  84.793 1.0000000000
149792  16.176  -27.374  85.695 0.8750000000
68557  17.370  -25.440  86.437 0.8750000000
53925  29.687  -40.861  90.900 1.0000000000
150531  19.575  -34.132  84.938 1.0000000000
63727  16.276  -30.439  84.922 1.0000000000
65606  15.673  -28.844  85.646 1.0000000000
138374  14.508  -33.388  89.796 1.0000000000
56984  8.731  -37.055  93.243 0.8750000000
54953  29.584  -40.064  90.584 1.0000000000
55987  28.100  -38.079  88.915 1.0000000000
62742  16.618  -31.313  84.735 1.0000000000
63728  15.544  -30.277  85.457 1.0000000000
149716  15.414  -29.587  85.708 1.0000000000
142159  8.745  -36.726  91.845 1.0000000000
64530  33.579  -28.731  96.780 1.0000000000
126131  32.170  -29.294  95.809 1.0000000000
63588  31.065  -29.998  94.430 1.0000000000
57030  27.247  -37.023  87.972 1.0000000000
58036  26.247  -35.829  87.793 1.0000000000
58944  24.662  -34.888  87.587 1.0000000000
60812  16.106  -32.924  85.451 1.0000000000
61753  15.939  -32.036  85.272 1.0000000000
58002  8.207  -36.500  91.190 0.8750000000
57020  8.692  -36.762  89.815 0.8750000000
63564  34.822  -29.622  96.608 0.8750000000
64564  32.025  -29.722  94.609 1.0000000000
58930  25.849  -35.172  88.352 1.0000000000
59855  24.509  -34.542  88.604 1.0000000000
61736  15.448  -32.600  85.996 1.0000000000
60798  15.632  -33.517  86.141 1.0000000000
57035  8.707  -36.875  88.562 0.8750000000
62601  36.153  -30.920  95.321 0.8750000000
143515  30.338  -30.605  91.905 1.0000000000
63638  30.022  -30.628  91.169 1.0000000000
59845  21.574  -33.678  89.695 0.8750000000
62687  19.671  -31.944  89.673 0.8750000000
62616  36.511  -31.130  94.763 0.8750000000
63652  29.640  -30.616  90.266 1.0000000000
63665  29.663  -30.549  89.312 1.0000000000
62686  20.316  -31.781  90.122 0.8750000000
132906  20.605  -31.379  88.659 0.8750000000
62739  22.447  -31.571  85.107 0.8750000000
133370  9.488  -37.240  88.127 0.8750000000
129089  8.461  -37.114  87.544 0.8750000000
61669  36.476  -31.715  93.668 0.7500000000
63678  29.584  -30.456  88.448 1.0000000000
62723  22.832  -31.781  85.908 0.8750000000
62750  22.668  -31.441  84.355 0.8750000000
57052  9.594  -37.313  87.452 0.8750000000
63691  29.557  -30.266  87.568 1.0000000000
64632  29.368  -29.582  86.061 0.7500000000
132625  29.337  -29.249  85.447 0.7500000000
63746  24.637  -30.785  83.391 0.7500000000
62757  23.658  -30.961  83.336 0.8750000000
57065  10.276  -37.506  87.008 0.8750000000
64633  28.573  -29.630  85.660 0.7500000000
65613  28.454  -28.968  84.272 0.6250000000
64677  25.586  -29.676  82.331 0.7500000000
64688  25.233  -29.284  81.637 0.7500000000
63755  25.109  -30.278  82.804 0.7500000000
56024  11.243  -38.568  86.906 0.8750000000
64664  27.895  -28.974  83.632 0.7500000000
65620  27.868  -28.458  83.047 0.7500000000
65632  27.350  -28.184  82.349 0.7500000000
65648  26.510  -28.283  81.585 0.7500000000
65647  27.075  -27.471  81.714 0.7500000000
56038  11.355  -38.514  86.023 0.7500000000
142546  11.107  -38.414  82.932 0.2500000000
55014  11.568  -39.349  84.686 0.5000000000
137240  11.582  -39.325  85.589 0.7500000000
135752  11.837  -30.212  94.943 0.8750000000
147362  11.502  -30.089  94.143 0.8750000000
63582  12.080  -30.610  95.830 0.8750000000
64554  11.416  -29.565  94.710 0.8750000000
64566  11.042  -29.615  93.783 0.8750000000
64567  10.403  -29.082  93.529 0.8750000000
63572  11.849  -30.211  96.791 0.8750000000
64555  10.943  -28.872  94.241 0.8750000000
138516  9.836  -28.619  93.315 0.8750000000
64517  13.833  -29.958  98.362 0.8750000000
151464  12.200  -30.316  97.324 0.8750000000
64545  11.555  -29.789  95.907 0.8750000000
65515  11.169  -28.963  95.336 0.8750000000
66438  10.451  -27.321  94.194 0.8750000000
65530  9.648  -27.873  93.401 0.8750000000
64523  13.562  -29.226  97.931 0.8750000000
65508  11.135  -29.145  96.471 0.8750000000
65516  10.880  -28.352  95.878 0.8750000000
64535  14.169  -29.780  97.839 0.8750000000
67388  7.626  -26.482  93.718 0.8750000000
138662  14.660  -30.429  97.494 0.8750000000
64543  14.233  -29.946  96.660 0.8750000000
63570  14.698  -30.644  96.554 0.8750000000
63581  14.324  -30.580  95.666 0.8750000000
60722  4.523  -33.386  95.270 1.0000000000
143510  4.360  -32.876  94.787 0.8750000000
61653  4.035  -32.369  94.592 0.8750000000
62627  3.880  -31.820  94.391 0.8750000000
63619  3.717  -30.720  94.032 0.8750000000
63601  3.785  -30.717  94.422 0.8750000000
65534  5.009  -28.549  93.543 0.8750000000
146837  22.165  -24.620  91.935 0.7500000000
70662  21.495  -23.950  92.098 0.7500000000
59808  5.527  -33.992  94.675 1.0000000000
61667  4.776  -32.647  94.213 0.8750000000
61668  4.344  -31.949  93.898 0.8750000000
62641  3.855  -31.293  93.964 0.8750000000
64558  3.806  -30.113  93.974 0.8750000000
65535  4.404  -28.619  93.321 0.8750000000
69623  22.975  -25.045  91.568 0.7500000000
126935  19.384  -23.002  91.843 0.8750000000
60735  5.108  -33.267  94.538 0.8750000000
63618  3.930  -30.738  93.577 0.8750000000
63632  3.841  -30.280  93.581 0.8750000000
64574  3.959  -29.430  93.413 0.8750000000
68484  23.016  -25.256  90.692 0.7500000000
69625  21.606  -24.449  91.440 0.7500000000
127672  14.634  -31.842  93.852 1.0000000000
132497  5.278  -32.415  93.384 0.8750000000
62640  4.447  -31.262  93.321 0.8750000000
148541  4.266  -30.717  93.145 0.8750000000
150332  3.797  -29.906  93.428 0.8750000000
68485  22.481  -25.382  90.188 0.7500000000
69646  21.295  -24.762  90.095 0.7500000000
70683  20.070  -23.543  90.762 0.7500000000
58887  7.332  -35.632  93.996 0.8750000000
63630  4.933  -30.716  92.405 0.8750000000
68495  21.821  -25.320  89.778 0.7500000000
69633  20.360  -23.982  90.044 0.8750000000
61674  14.580  -32.425  92.799 1.0000000000
58892  6.864  -35.079  93.699 0.8750000000
49567  30.657  -44.478  92.718 1.0000000000
132984  21.526  -25.397  89.019 0.7500000000
69658  19.902  -24.444  88.671 0.7500000000
69659  18.998  -23.902  88.442 0.8750000000
57987  7.853  -36.078  93.520 0.7500000000
58897  7.410  -35.517  93.053 0.7500000000
50579  29.875  -43.723  91.808 1.0000000000
67456  20.292  -25.910  86.835 0.8750000000
68533  19.968  -25.285  87.466 0.8750000000
69672  19.439  -24.456  87.847 0.8750000000
69673  18.418  -24.177  87.695 0.8750000000
51722  28.738  -42.230  90.269 1.0000000000
52844  28.644  -41.464  89.914 1.0000000000
66517  18.254  -26.533  85.738 0.8750000000
147044  16.537  -25.735  86.748 0.8750000000
57995  7.712  -35.930  92.528 0.8750000000
53947  27.299  -40.288  88.344 1.0000000000
56009  25.925  -38.899  86.692 1.0000000000
58080  23.704  -36.748  85.507 1.0000000000
58081  22.565  -35.962  85.261 1.0000000000
63726  17.571  -30.535  84.984 1.0000000000
129206  17.542  -28.807  85.376 1.0000000000
66519  15.643  -27.430  86.267 1.0000000000
57986  8.208  -36.440  92.910 1.0000000000
57994  8.102  -36.397  92.093 0.8750000000
58911  6.855  -35.349  90.825 0.8750000000
58912  6.224  -35.051  90.176 0.8750000000
58918  6.435  -35.625  90.098 0.8750000000
139888  30.411  -42.884  91.982 1.0000000000
51708  30.057  -42.208  91.674 1.0000000000
59889  20.328  -34.461  85.187 1.0000000000
61735  18.590  -31.540  85.618 1.0000000000
134910  18.063  -29.182  85.644 1.0000000000
148416  14.593  -33.545  89.048 1.0000000000
58003  7.471  -35.982  91.553 0.8750000000
58011  6.996  -35.780  90.769 0.8750000000
126715  6.652  -36.024  90.044 0.8750000000
150450  6.106  -35.909  89.526 0.8750000000
135161  6.323  -36.223  89.283 0.8750000000
53926  29.126  -40.747  90.189 1.0000000000
54963  28.501  -39.696  89.303 1.0000000000
55999  27.725  -38.409  88.382 1.0000000000
64636  14.953  -30.068  86.155 1.0000000000
58009  7.975  -36.568  90.214 0.8750000000
58025  7.118  -36.369  89.731 0.8750000000
149239  34.368  -28.296  96.093 1.0000000000
65506  33.409  -28.633  96.549 1.0000000000
148101  33.200  -28.734  95.819 1.0000000000
57045  27.425  -37.849  87.934 1.0000000000
58945  23.797  -34.625  87.216 1.0000000000
63710  15.065  -30.876  85.964 1.0000000000
61722  15.089  -33.038  86.748 1.0000000000
61737  14.969  -32.224  86.709 1.0000000000
61723  14.796  -32.667  87.491 1.0000000000
57021  7.949  -36.685  89.266 0.8750000000
58039  6.868  -36.595  88.878 0.8750000000
64527  35.822  -28.479  96.051 1.0000000000
64528  35.285  -28.974  96.410 1.0000000000
63605  31.533  -30.136  93.524 1.0000000000
59866  23.798  -34.468  88.201 1.0000000000
130849  21.938  -34.056  87.968 1.0000000000
60776  19.888  -32.919  88.997 0.8750000000
64538  36.582  -28.882  95.722 1.0000000000
63574  36.469  -30.352  95.465 0.8750000000
63637  30.944  -30.612  91.304 0.8750000000
63651  30.630  -30.635  90.464 0.8750000000
59857  22.218  -33.959  88.784 0.8750000000
59858  21.331  -33.753  88.756 0.8750000000
62700  19.444  -31.583  88.766 0.8750000000
144391  21.246  -31.445  86.609 0.8750000000
63573  37.036  -30.262  95.057 0.8750000000
63587  36.705  -30.713  94.987 0.8750000000
63650  31.493  -30.618  90.557 0.8750000000
63664  30.475  -30.602  89.625 0.8750000000
62751  21.856  -31.306  84.678 0.8750000000
62615  37.294  -30.812  94.457 0.7500000000
62646  37.346  -31.627  93.099 0.7500000000
63690  30.334  -30.333  87.898 1.0000000000
62758  22.876  -31.218  83.702 0.8750000000
62656  37.445  -31.841  92.088 0.7500000000
64618  30.477  -29.842  87.036 1.0000000000
136364  30.015  -29.554  86.327 0.8750000000
64678  23.911  -29.919  81.976 0.7500000000
63757  23.380  -30.327  82.564 0.8750000000
57066  9.386  -37.294  86.763 0.8750000000
65599  29.719  -28.613  85.020 0.6250000000
133302  29.134  -28.432  84.347 0.6250000000
65649  25.653  -28.605  81.272 0.7500000000
130508  24.741  -29.878  82.094 0.7500000000
65612  29.660  -27.954  84.510 0.6250000000
131997  29.262  -27.665  83.985 0.6250000000
131374  28.568  -28.238  83.579 0.6250000000
66549  28.160  -27.759  82.829 0.7500000000
66561  27.731  -27.267  82.265 0.6250000000
66579  26.481  -27.519  81.203 0.7500000000
56025  10.911  -37.879  86.494 0.7500000000
67524  27.403  -26.630  81.795 0.6250000000
56045  11.356  -38.686  84.085 0.7500000000
63560  12.643  -30.271  97.924 0.8750000000
65497  12.986  -29.312  98.175 0.8750000000
63552  13.179  -29.931  98.246 0.8750000000
63561  11.947  -29.956  97.545 0.8750000000
64537  11.398  -29.715  97.045 0.8750000000
64526  11.099  -29.172  97.398 0.8750000000
66431  10.656  -27.458  95.255 0.8750000000
67373  10.262  -26.691  94.724 0.8750000000
67387  9.089  -26.501  93.769 0.8750000000
135532  8.667  -25.894  94.270 0.8750000000
65503  10.697  -28.762  97.806 0.8750000000
65509  10.749  -28.642  96.947 0.8750000000
66426  10.573  -27.796  96.410 0.8750000000
66447  8.402  -26.993  93.503 0.8750000000
67380  7.779  -25.829  94.119 0.8750000000
69604  17.875  -24.137  95.108 1.0000000000
133665  6.894  -26.668  93.578 0.8750000000
70651  23.417  -24.289  93.681 0.7500000000
127076  20.156  -23.030  94.420 1.0000000000
70647  19.349  -23.029  94.798 1.0000000000
70640  19.145  -23.291  95.449 1.0000000000
66449  5.602  -27.566  93.403 0.8750000000
138514  23.589  -23.463  92.147 0.6250000000
70650  23.587  -24.189  93.003 0.6250000000
70652  22.504  -24.206  93.390 0.8750000000
127077  21.486  -23.558  94.056 1.0000000000
136302  18.577  -23.347  94.855 1.0000000000
64544  13.750  -29.346  95.860 0.8750000000
72484  21.743  -21.041  90.858 0.6250000000
71612  23.209  -22.620  91.623 0.6250000000
69611  23.134  -24.533  92.789 0.6250000000
125658  21.457  -23.674  92.992 0.8750000000
70653  20.308  -23.051  93.471 0.8750000000
70654  19.076  -22.929  93.997 1.0000000000
150868  13.988  -30.003  95.780 0.8750000000
67390  5.190  -26.613  93.303 0.8750000000
73370  21.338  -20.413  90.250 0.6250000000
72497  21.862  -21.491  90.257 0.6250000000
70661  23.616  -24.106  92.434 0.6250000000
69616  22.766  -24.813  92.092 0.7500000000
70663  20.402  -23.293  92.457 1.0000000000
70664  19.276  -22.831  92.916 1.0000000000
70655  18.390  -23.037  93.307 1.0000000000
132114  14.556  -31.295  95.039 1.0000000000
66450  4.863  -27.635  93.198 0.8750000000
71611  23.513  -23.466  91.380 0.6250000000
69622  23.374  -24.538  91.907 0.7500000000
70665  18.359  -22.951  92.444 1.0000000000
59814  6.398  -34.341  93.974 0.8750000000
59815  5.846  -33.759  94.072 0.8750000000
65536  3.913  -28.664  92.920 0.8750000000
71621  23.451  -23.506  90.591 0.7500000000
70674  18.371  -23.002  91.486 1.0000000000
60741  6.498  -33.914  93.315 0.8750000000
60742  5.592  -33.196  93.763 0.8750000000
61683  5.530  -31.769  92.543 0.8750000000
64581  3.774  -29.839  92.950 0.8750000000
69644  23.385  -24.835  89.818 0.7500000000
70685  18.371  -23.191  90.608 1.0000000000
141875  14.611  -31.900  93.222 1.0000000000
133708  6.761  -34.707  93.220 0.8750000000
60748  6.153  -33.100  92.965 0.8750000000
63645  4.545  -30.010  91.772 0.8750000000
68493  22.882  -25.371  89.003 0.7500000000
70698  18.443  -23.432  89.772 0.8750000000
69648  16.503  -24.490  89.465 0.8750000000
59823  6.827  -34.657  92.473 0.8750000000
60747  6.729  -33.770  92.333 0.8750000000
61675  6.404  -32.761  92.079 0.8750000000
63658  5.194  -30.549  91.192 0.8750000000
63659  4.459  -29.886  90.539 0.8750000000
67430  22.587  -25.785  88.318 0.7500000000
69660  17.974  -23.790  88.494 0.8750000000
69661  16.512  -24.596  88.594 0.8750000000
67458  15.678  -25.965  88.102 0.8750000000
58898  6.993  -35.167  92.673 0.8750000000
62663  6.255  -31.910  91.370 0.8750000000
62677  5.716  -31.350  90.680 0.8750000000
67455  21.214  -26.141  87.098 0.8750000000
67471  22.558  -26.287  86.751 0.8750000000
68535  16.876  -24.946  87.143 0.8750000000
67457  16.211  -25.460  87.561 0.8750000000
66505  14.966  -27.899  87.783 0.8750000000
59831  6.828  -34.521  91.583 0.8750000000
61693  6.576  -32.748  91.077 0.8750000000
61694  6.138  -32.307  90.393 0.8750000000
50578  30.605  -43.698  92.359 1.0000000000
139771  29.133  -43.213  91.073 1.0000000000
66516  19.039  -26.899  85.792 0.8750000000
66515  20.102  -27.001  85.905 0.8750000000
66513  22.090  -26.783  85.871 0.8750000000
66504  15.343  -27.111  87.261 0.8750000000
61703  14.322  -32.459  90.014 1.0000000000
132928  6.928  -35.189  91.703 0.8750000000
151537  6.810  -34.937  90.957 0.8750000000
59839  6.544  -34.349  90.697 0.8750000000
60764  6.372  -33.371  90.416 0.8750000000
59840  5.838  -34.183  89.895 0.8750000000
139421  29.696  -43.004  91.490 1.0000000000
52843  29.280  -41.560  90.566 1.0000000000
52853  27.984  -41.511  89.406 1.0000000000
54977  26.945  -39.769  87.766 1.0000000000
57062  25.543  -37.336  86.353 1.0000000000
58066  23.903  -35.842  85.864 1.0000000000
133253  18.677  -27.775  85.710 0.8750000000
66528  20.432  -27.563  85.484 0.8750000000
66527  21.307  -27.413  85.246 0.8750000000
146194  15.789  -26.761  86.606 0.8750000000
65581  15.230  -27.866  86.992 1.0000000000
65582  14.893  -28.548  87.187 1.0000000000
58903  7.248  -35.563  92.133 0.8750000000
141707  7.122  -35.562  91.393 0.8750000000
54988  27.154  -38.722  87.646 1.0000000000
58065  24.446  -36.575  85.791 1.0000000000
58964  22.347  -35.111  85.624 1.0000000000
61749  18.942  -32.304  85.597 1.0000000000
64646  18.720  -29.054  85.916 1.0000000000
64637  15.006  -29.218  86.430 1.0000000000
63711  14.662  -30.578  86.773 1.0000000000
62714  14.654  -31.859  87.529 1.0000000000
142583  14.750  -33.228  88.275 1.0000000000
53936  27.982  -39.987  88.808 1.0000000000
57046  26.826  -37.707  87.346 1.0000000000
58963  23.098  -35.437  85.750 1.0000000000
60796  20.223  -33.231  86.685 1.0000000000
62726  18.736  -30.836  86.822 1.0000000000
65615  20.369  -28.837  84.950 1.0000000000
66540  21.359  -27.755  84.471 0.8750000000
58026  5.640  -36.122  88.930 0.8750000000
58040  6.031  -36.448  88.491 0.8750000000
65504  34.897  -28.282  96.200 1.0000000000
65513  34.994  -28.101  95.755 1.0000000000
64539  33.670  -28.494  96.103 1.0000000000
58051  25.844  -36.309  86.969 1.0000000000
58955  24.333  -35.260  86.614 1.0000000000
59868  22.411  -34.282  87.062 1.0000000000
60788  19.410  -32.416  87.593 1.0000000000
63724  19.406  -29.940  86.563 1.0000000000
65614  20.949  -28.702  84.238 0.8750000000
67497  22.371  -26.980  83.774 0.8750000000
62728  14.794  -31.393  86.713 1.0000000000
57037  6.571  -36.888  88.028 0.8750000000
65511  36.364  -28.052  95.614 1.0000000000
64548  33.524  -28.981  95.124 1.0000000000
63604  32.337  -29.923  93.530 1.0000000000
60786  20.773  -33.641  87.473 1.0000000000
61721  19.097  -31.717  88.288 1.0000000000
63723  20.292  -30.373  85.775 0.8750000000
64658  21.128  -29.753  83.945 0.8750000000
66551  21.512  -28.089  83.671 0.8750000000
57036  7.597  -36.914  88.340 0.8750000000
63586  37.646  -30.168  94.613 0.8750000000
64578  33.373  -29.682  92.970 0.8750000000
63622  32.675  -30.054  92.678 0.8750000000
62725  20.439  -31.010  87.129 0.8750000000
63722  21.060  -30.952  85.142 0.8750000000
64668  21.637  -29.606  83.268 0.8750000000
63603  38.032  -30.726  93.959 0.8750000000
128011  33.884  -29.587  92.389 0.8750000000
63635  32.732  -30.289  91.717 0.8750000000
149712  31.165  -30.621  89.899 0.8750000000
63738  22.130  -31.092  83.835 0.8750000000
64667  22.139  -29.853  82.872 0.8750000000
62645  38.156  -31.570  92.488 0.7500000000
63661  33.111  -30.299  90.076 0.8750000000
63663  31.866  -30.613  89.795 0.8750000000
64679  23.177  -29.648  82.066 0.7500000000
63758  22.719  -30.007  82.528 0.8750000000
62655  38.207  -31.745  91.514 0.6250000000
125309  37.802  -31.776  90.179 0.5000000000
63675  32.227  -30.411  89.075 0.8750000000
64617  31.420  -29.773  87.516 0.8750000000
151159  30.837  -30.110  87.624 1.0000000000
65650  24.773  -28.699  81.163 0.7500000000
64689  24.362  -29.318  81.556 0.7500000000
64630  31.274  -29.218  86.749 0.8750000000
64631  30.630  -29.172  86.192 1.0000000000
66525  30.216  -27.792  84.920 0.6250000000
67539  26.021  -27.000  80.747 0.7500000000
57086  10.187  -37.463  86.082 0.8750000000
65598  30.565  -28.443  85.549 0.7500000000
67489  29.307  -26.169  84.163 0.5000000000
67496  28.913  -26.275  83.646 0.5000000000
67504  28.467  -26.360  82.998 0.5000000000
66560  28.277  -27.039  82.715 0.5000000000
68616  27.017  -25.974  81.416 0.5000000000
127741  10.104  -37.660  84.188 0.7500000000
57099  10.129  -37.661  85.138 0.7500000000
148856  9.728  -37.470  85.618 0.7500000000
67488  29.754  -26.479  84.551 0.5000000000
68584  29.017  -25.562  84.061 0.5000000000
68590  28.599  -25.543  83.366 0.5000000000
67505  27.976  -26.449  82.356 0.5000000000
68599  27.643  -25.767  81.937 0.5000000000
56046  10.868  -38.048  84.629 0.7500000000
134389  28.324  -24.665  82.959 0.5000000000
68598  28.179  -25.609  82.609 0.5000000000
131320  11.368  -38.567  85.100 0.7500000000
56039  10.927  -37.926  85.587 0.7500000000
65498  12.206  -28.527  98.097 0.8750000000
64524  12.429  -29.650  98.072 0.8750000000
64518  11.993  -29.078  98.144 0.8750000000
64525  11.643  -29.460  97.783 0.8750000000
65502  11.206  -28.973  98.036 0.8750000000
68465  9.040  -25.534  95.000 0.8750000000
68460  8.346  -25.139  95.680 0.8750000000
67374  9.764  -26.129  95.345 0.8750000000
135327  19.997  -23.077  95.234 1.0000000000
143563  19.737  -23.277  95.936 1.0000000000
67363  10.267  -27.202  96.956 0.8750000000
67368  9.843  -26.311  96.426 0.8750000000
145260  22.714  -24.211  94.172 0.7500000000
70646  20.927  -23.275  94.913 1.0000000000
70641  18.492  -23.774  95.536 1.0000000000
133681  13.221  -28.470  97.289 0.7500000000
64536  13.715  -29.182  97.082 0.8750000000
66423  10.400  -28.212  97.444 0.8750000000
66424  9.928  -27.769  97.895 0.8750000000
67361  9.488  -27.098  98.373 0.8750000000
67381  6.836  -25.893  93.865 0.8750000000
71601  23.728  -23.565  92.969 0.6250000000
67382  6.031  -25.615  93.830 0.8750000000
72474  21.879  -21.035  91.577 0.6250000000
71602  23.313  -22.556  92.475 0.6250000000
74214  21.297  -19.284  90.607 0.6250000000
72473  22.608  -21.754  91.976 0.6250000000
70648  17.875  -23.556  94.116 1.0000000000
64552  13.804  -30.021  94.976 0.8750000000
148053  14.166  -30.726  94.763 1.0000000000
73379  21.067  -20.366  89.384 0.6250000000
143752  21.406  -21.145  89.663 0.6250000000
71633  21.892  -21.949  89.515 0.7500000000
72496  22.514  -22.307  90.187 0.6250000000
131047  23.110  -22.903  90.127 0.6250000000
70666  17.578  -23.420  92.094 1.0000000000
138850  3.760  -29.386  92.865 0.8750000000
71632  22.703  -22.739  89.363 0.7500000000
70675  17.550  -23.422  91.137 1.0000000000
62634  14.461  -31.324  93.283 1.0000000000
64588  3.967  -29.700  92.257 0.8750000000
146889  23.355  -24.179  88.689 0.6250000000
130331  16.116  -25.137  90.039 0.8750000000
62650  14.449  -31.549  92.471 1.0000000000
70716  22.938  -23.865  87.527 0.6250000000
68497  16.002  -25.115  89.190 0.8750000000
60756  14.427  -33.038  91.919 1.0000000000
61682  14.377  -32.182  91.956 1.0000000000
141184  23.249  -25.397  87.440 0.7500000000
68515  15.590  -25.810  88.936 0.8750000000
61692  14.294  -32.362  91.121 1.0000000000
62678  4.798  -30.727  90.014 0.8750000000
69687  22.894  -24.708  86.315 0.7500000000
67431  15.309  -26.545  88.651 1.0000000000
62689  5.231  -31.758  89.639 0.8750000000
68575  22.899  -25.917  85.481 0.7500000000
67482  22.592  -26.410  85.447 0.8750000000
66487  15.082  -27.215  88.246 1.0000000000
65567  14.660  -28.697  88.150 1.0000000000
60765  5.461  -33.057  89.520 0.8750000000
140652  22.758  -26.084  84.748 0.8750000000
64621  14.621  -29.360  87.445 1.0000000000
62701  14.416  -31.498  88.369 1.0000000000
62688  14.375  -31.993  89.135 1.0000000000
66526  22.107  -27.158  84.980 0.8750000000
140640  14.458  -31.030  87.551 1.0000000000
58919  5.697  -35.621  89.304 0.8750000000
130770  22.558  -26.308  83.778 0.8750000000
135098  38.233  -27.567  94.446 1.0000000000
65518  37.573  -27.688  94.896 1.0000000000
66427  36.866  -27.570  95.229 1.0000000000
68600  22.535  -25.367  82.353 0.6250000000
136810  22.404  -26.914  83.074 0.8750000000
66428  36.279  -27.697  95.306 1.0000000000
65528  34.997  -28.263  94.816 1.0000000000
67506  22.614  -26.899  82.210 0.7500000000
66550  22.089  -27.551  83.323 0.8750000000
65525  38.808  -27.971  94.079 1.0000000000
65517  38.167  -28.489  94.534 1.0000000000
64546  37.866  -29.361  94.677 1.0000000000
133730  34.655  -28.762  93.829 0.8750000000
67526  23.231  -26.460  80.952 0.7500000000
129503  22.949  -26.906  81.490 0.7500000000
56077  5.593  -38.083  81.701 0.5000000000
141819  7.195  -37.159  87.626 0.8750000000
65524  39.331  -28.456  93.449 1.0000000000
133070  38.772  -29.049  93.887 1.0000000000
63602  38.643  -30.610  93.321 0.8750000000
125622  34.043  -29.243  93.357 0.8750000000
66582  22.771  -27.732  81.717 0.7500000000
57143  7.137  -37.698  81.937 0.7500000000
57113  6.639  -37.855  83.352 0.7500000000
64576  39.747  -29.192  92.862 1.0000000000
64559  39.147  -29.897  93.318 1.0000000000
62644  38.786  -31.450  92.237 0.7500000000
64586  33.550  -29.988  91.556 0.8750000000
64608  32.661  -29.874  88.504 0.8750000000
66601  23.779  -26.905  80.671 0.7500000000
57053  7.299  -37.322  86.910 0.8750000000
63634  40.414  -30.796  91.106 1.0000000000
62668  39.147  -31.578  90.646 0.6250000000
149755  38.640  -31.634  91.752 0.6250000000
64601  32.967  -30.157  89.242 0.8750000000
64616  32.295  -29.512  87.815 0.8750000000
65580  31.712  -28.544  86.754 0.8750000000
134833  25.009  -26.089  80.478 0.6250000000
66600  24.563  -27.387  80.609 0.7500000000
57112  7.845  -37.568  83.181 0.7500000000
129496  9.189  -37.358  85.959 0.8750000000
61715  39.230  -31.558  88.392 0.5000000000
61705  39.226  -31.582  89.121 0.5000000000
61707  38.065  -31.675  88.951 0.5000000000
61697  37.283  -31.808  89.378 0.5000000000
69747  26.514  -24.796  80.920 0.5000000000
133326  25.690  -26.152  80.609 0.7500000000
57111  8.899  -37.565  83.826 0.7500000000
61716  38.548  -31.623  87.928 0.3750000000
61717  37.764  -31.643  87.394 0.3750000000
65589  31.173  -28.593  86.172 0.8750000000
65597  31.175  -28.043  85.793 0.6250000000
69732  28.168  -23.819  82.961 0.5000000000
69733  27.852  -24.100  82.378 0.5000000000
69746  27.215  -25.059  81.467 0.5000000000
148502  26.660  -25.475  81.059 0.5000000000
57110  9.925  -37.555  83.350 0.7500000000
57100  9.376  -37.616  84.606 0.7500000000
61743  38.865  -31.292  86.541 0.3750000000
61728  39.100  -31.472  87.586 0.3750000000
61729  38.315  -31.474  87.004 0.3750000000
67481  30.108  -26.037  85.213 0.5000000000
69710  29.163  -24.931  84.620 0.5000000000
139860  27.859  -24.914  82.142 0.5000000000
61745  37.201  -31.549  85.475 0.3750000000
65501  12.442  -27.690  97.802 0.8750000000
134456  11.233  -28.533  98.334 0.8750000000
143978  12.884  -27.799  97.333 0.8750000000
66418  11.160  -27.833  98.795 0.8750000000
68459  9.230  -25.550  95.980 0.8750000000
66425  13.188  -27.522  96.479 0.7500000000
65495  10.405  -28.439  98.837 0.8750000000
67364  9.722  -26.681  97.442 0.8750000000
68452  9.314  -25.768  97.032 0.8750000000
68454  7.565  -24.812  96.362 0.8750000000
68461  7.403  -24.857  95.411 0.8750000000
70645  22.172  -23.780  95.024 0.8750000000
65507  13.424  -28.475  96.288 0.8750000000
66413  10.665  -27.928  99.484 0.8750000000
66419  10.260  -28.475  98.279 0.8750000000
66420  9.813  -28.188  98.742 0.8750000000
68443  9.233  -26.147  97.902 0.8750000000
68462  6.467  -24.717  95.186 0.8750000000
141032  23.783  -23.959  93.531 0.6250000000
66430  13.456  -27.722  95.433 0.8750000000
66415  9.788  -28.272  99.559 0.8750000000
67355  9.317  -27.500  99.315 0.8750000000
69607  4.974  -24.662  94.870 0.8750000000
68469  5.451  -25.118  94.335 0.8750000000
67391  4.511  -26.649  93.000 0.8750000000
75155  20.336  -17.951  88.804 0.2500000000
74221  21.069  -19.365  89.802 0.6250000000
73359  21.562  -20.171  91.088 0.6250000000
67392  3.866  -26.641  92.493 0.8750000000
66451  4.279  -27.704  92.918 0.8750000000
134795  19.807  -17.550  87.207 0.1250000000
74230  20.568  -18.685  88.545 0.3750000000
74222  20.683  -18.645  89.359 0.5000000000
69617  16.970  -24.110  92.718 1.0000000000
135193  14.331  -31.189  94.121 1.0000000000
66459  3.536  -27.640  91.575 0.8750000000
66452  3.784  -27.759  92.394 0.8750000000
77106  18.773  -16.904  86.173 0.1250000000
76130  19.085  -17.173  86.978 0.1250000000
126093  20.466  -18.042  88.117 0.3750000000
72509  21.263  -21.327  88.866 0.6250000000
69626  16.939  -24.036  91.735 1.0000000000
63611  14.251  -30.611  93.361 1.0000000000
65549  3.540  -28.235  91.042 0.8750000000
64589  3.603  -29.145  91.937 0.8750000000
76128  19.963  -17.774  86.688 0.2500000000
136255  20.399  -19.665  87.239 0.3750000000
73380  20.620  -19.789  88.104 0.3750000000
128739  21.304  -21.844  88.009 0.5000000000
71641  21.896  -22.325  88.678 0.5000000000
69627  16.360  -24.722  91.377 1.0000000000
63629  14.381  -30.739  92.657 1.0000000000
135728  3.399  -27.310  90.440 0.8750000000
64596  3.544  -28.716  90.383 0.8750000000
64595  4.012  -29.385  91.147 0.8750000000
72519  20.892  -21.370  87.324 0.6250000000
149312  21.359  -22.040  87.255 0.6250000000
64603  3.585  -29.259  89.714 0.8750000000
71660  21.640  -22.582  86.816 0.6250000000
67415  15.346  -26.535  89.534 1.0000000000
70729  21.968  -23.257  86.338 0.6250000000
66488  14.750  -27.947  88.732 1.0000000000
137386  14.222  -31.663  90.540 1.0000000000
70741  21.629  -23.241  85.436 0.6250000000
64610  14.459  -29.662  88.505 1.0000000000
137378  14.313  -31.113  89.235 1.0000000000
62676  14.280  -31.682  89.770 1.0000000000
70740  21.970  -23.865  84.927 0.7500000000
135423  14.361  -30.639  88.396 1.0000000000
69711  22.250  -24.534  84.350 0.7500000000
142036  5.122  -34.109  89.229 0.8750000000
128973  22.365  -24.926  83.696 0.6250000000
58920  5.145  -35.373  88.756 0.8750000000
70772  21.812  -23.905  82.295 0.6250000000
130089  22.207  -24.766  82.817 0.6250000000
58934  5.149  -35.934  88.564 0.8750000000
66441  37.560  -26.870  94.160 1.0000000000
66442  36.936  -27.100  94.307 1.0000000000
69749  22.398  -24.606  81.901 0.6250000000
150063  3.630  -36.576  79.485 0.5000000000
66432  37.963  -26.932  94.347 1.0000000000
66455  37.519  -26.754  93.388 1.0000000000
66435  36.301  -27.537  94.828 1.0000000000
65541  35.320  -28.415  93.793 0.8750000000
67527  22.820  -26.070  81.735 0.5000000000
57160  4.093  -37.506  80.799 0.6250000000
67383  38.518  -26.703  93.637 1.0000000000
67395  38.158  -26.469  93.333 1.0000000000
66456  36.859  -27.305  92.527 0.8750000000
65539  36.241  -27.939  92.690 0.8750000000
65540  35.552  -28.494  92.827 0.8750000000
68617  23.148  -25.533  80.944 0.6250000000
57144  6.181  -38.007  82.164 0.6250000000
66461  40.521  -27.372  91.631 1.0000000000
148808  40.053  -27.149  92.197 1.0000000000
67400  38.695  -26.449  92.041 0.8750000000
66464  36.935  -27.285  91.585 0.8750000000
65546  36.382  -28.000  91.715 0.8750000000
64584  35.194  -29.068  92.050 0.8750000000
64585  34.478  -29.536  91.581 0.8750000000
68630  23.817  -24.923  80.574 0.7500000000
66466  42.043  -28.062  89.994 1.0000000000
65551  41.705  -28.429  90.563 1.0000000000
65544  41.302  -28.800  91.144 1.0000000000
65537  40.399  -28.726  92.275 1.0000000000
66469  37.012  -27.134  90.599 0.8750000000
66477  36.202  -27.966  89.270 0.8750000000
64598  35.439  -29.170  90.138 0.8750000000
64599  34.558  -29.607  89.768 0.8750000000
70795  25.256  -23.854  80.516 0.5000000000
68629  24.486  -25.610  80.450 0.7500000000
57114  5.746  -38.039  83.393 0.7500000000
57068  7.313  -37.470  86.160 0.8750000000
143087  41.899  -29.452  89.606 0.8750000000
142000  41.464  -29.839  90.062 1.0000000000
64583  40.661  -30.082  91.419 1.0000000000
66486  35.885  -27.684  88.329 0.8750000000
65564  35.465  -28.480  88.681 0.8750000000
65560  35.070  -29.141  89.149 0.8750000000
65565  34.714  -28.869  88.343 0.8750000000
64607  33.449  -29.654  88.683 0.8750000000
65579  32.664  -28.867  87.548 0.8750000000
130833  32.234  -28.372  87.229 0.8750000000
70794  26.199  -23.988  80.891 0.5000000000
69764  25.727  -24.701  80.577 0.5000000000
140377  7.500  -37.663  83.972 0.7500000000
57088  7.087  -37.747  84.764 0.7500000000
57087  8.004  -37.525  85.535 0.7500000000
64597  42.206  -29.343  88.927 0.7500000000
63646  41.670  -29.822  89.244 0.7500000000
63660  41.297  -30.267  88.943 0.7500000000
62665  40.699  -30.838  89.416 0.7500000000
66499  35.469  -27.382  87.566 0.8750000000
66500  34.496  -27.739  87.393 0.8750000000
65578  33.476  -28.581  87.652 0.8750000000
66503  31.866  -27.672  86.890 0.8750000000
71704  27.906  -22.462  83.038 0.5000000000
71712  27.438  -22.493  82.492 0.5000000000
70780  26.710  -23.393  81.413 0.5000000000
68627  26.100  -25.446  80.683 0.5000000000
57101  8.356  -37.603  84.661 0.7500000000
134997  9.160  -37.532  85.240 0.7500000000
63674  41.348  -30.091  88.352 0.7500000000
62679  40.784  -30.729  88.667 0.7500000000
62692  40.304  -31.125  88.393 0.5000000000
66501  33.387  -27.679  87.339 0.8750000000
66502  32.480  -27.653  87.263 0.8750000000
141436  31.326  -27.443  86.140 0.6250000000
72568  28.784  -21.745  83.863 0.5000000000
71703  28.545  -22.449  83.636 0.5000000000
70763  27.728  -23.228  82.600 0.5000000000
70779  27.377  -23.670  81.881 0.5000000000
125803  26.949  -24.202  81.369 0.5000000000
62705  40.283  -30.969  87.745 0.6250000000
62719  39.626  -31.189  87.183 0.3750000000
61762  38.578  -31.061  85.466 0.3750000000
61744  38.060  -31.357  85.831 0.3750000000
67450  32.638  -26.956  87.219 0.6250000000
67451  32.104  -26.859  87.219 0.8750000000
67469  31.536  -26.731  86.758 0.7500000000
68572  30.285  -25.593  86.087 0.6250000000
68573  29.605  -25.132  85.466 0.5000000000
69709  29.272  -24.298  85.224 0.5000000000
70750  28.782  -23.250  84.059 0.5000000000
146295  37.676  -31.275  84.977 0.3750000000
68552  31.027  -25.897  86.802 0.5000000000
68553  30.361  -25.214  86.971 0.5000000000
137112  29.842  -24.912  86.346 0.6250000000
65500  12.908  -28.526  97.880 0.8750000000
66417  11.817  -27.710  98.266 0.8750000000
67366  13.381  -26.503  96.472 0.7500000000
67359  11.954  -26.882  98.563 0.8750000000
68453  8.518  -25.166  96.709 0.8750000000
68444  8.615  -25.499  97.706 0.8750000000
127828  7.596  -24.932  97.409 0.8750000000
69599  6.610  -24.639  96.089 0.8750000000
70639  20.879  -23.312  95.819 1.0000000000
67354  11.299  -27.304  100.276 0.8750000000
68433  8.702  -26.140  98.821 0.8750000000
128746  7.943  -25.346  98.272 0.8750000000
70643  23.871  -23.979  94.227 0.6250000000
70644  23.524  -24.215  94.728 0.7500000000
66409  10.385  -28.139  100.362 0.8750000000
66410  9.738  -28.489  100.527 0.8750000000
66416  9.125  -27.921  100.358 0.8750000000
67356  8.636  -26.810  99.872 0.8750000000
69600  5.689  -24.602  95.888 0.8750000000
72463  22.703  -21.572  92.811 0.5000000000
71591  23.888  -23.332  93.795 0.6250000000
66429  13.900  -27.160  94.659 0.8750000000
129982  10.233  -28.405  101.336 0.8750000000
65494  9.596  -28.620  101.586 0.8750000000
68470  4.592  -24.999  94.280 0.8750000000
72455  22.816  -21.250  93.580 0.6250000000
72454  23.597  -21.971  94.168 0.6250000000
69612  17.111  -24.316  93.655 1.0000000000
65521  14.122  -28.417  93.883 1.0000000000
68476  3.963  -25.645  93.035 0.8750000000
76102  20.136  -17.690  87.995 0.2500000000
73347  21.789  -20.017  91.840 0.5000000000
73346  22.028  -20.880  92.361 0.5000000000
69613  16.657  -25.050  93.246 1.0000000000
64565  14.144  -29.796  93.303 1.0000000000
63595  13.989  -30.365  94.081 1.0000000000
67403  3.335  -25.974  90.619 0.8750000000
67398  3.466  -26.216  91.657 0.8750000000
148548  18.037  -16.600  86.054 0.1250000000
77105  19.196  -16.944  85.627 0.1250000000
75168  20.302  -18.016  87.350 0.3750000000
69618  16.549  -24.851  92.357 1.0000000000
68480  16.238  -25.459  92.114 1.0000000000
141808  3.295  -26.544  90.176 0.8750000000
78074  18.349  -15.495  84.279 0.1250000000
77138  18.645  -16.106  84.651 0.1250000000
76129  19.486  -17.356  86.326 0.1250000000
75179  20.044  -18.498  86.424 0.3750000000
73394  20.340  -20.384  86.636 0.3750000000
64580  14.396  -30.037  92.184 1.0000000000
134663  14.283  -30.120  92.800 1.0000000000
65555  3.357  -27.891  89.691 0.8750000000
77121  19.264  -16.669  84.801 0.1250000000
76152  19.532  -17.356  85.420 0.1250000000
149720  20.573  -21.049  86.784 0.5000000000
68487  15.763  -25.745  90.705 1.0000000000
63644  14.353  -30.758  91.864 1.0000000000
64604  2.889  -28.561  88.765 0.8750000000
78073  19.041  -15.964  83.941 0.1250000000
76163  19.573  -17.397  84.518 0.1250000000
75223  19.702  -18.857  84.930 0.2500000000
133735  20.052  -20.272  85.883 0.5000000000
72530  20.945  -21.776  86.496 0.6250000000
67408  15.473  -26.590  90.564 1.0000000000
66470  15.068  -27.251  90.087 1.0000000000
63657  14.209  -30.759  90.838 1.0000000000
62662  14.283  -31.544  91.474 1.0000000000
63671  3.591  -30.145  89.215 0.8750000000
74277  19.696  -19.632  84.842 0.2500000000
149026  19.871  -20.677  84.772 0.5000000000
72544  20.505  -21.807  85.363 0.6250000000
66478  14.996  -27.235  89.165 1.0000000000
66479  14.676  -27.958  89.708 1.0000000000
138045  14.516  -28.766  89.190 1.0000000000
142833  14.250  -31.142  90.030 1.0000000000
62690  3.948  -31.129  88.858 0.8750000000
74291  19.812  -19.888  83.379 0.2500000000
72557  20.037  -21.230  84.405 0.5000000000
135096  21.002  -22.609  84.958 0.6250000000
64602  14.391  -29.633  89.607 1.0000000000
73430  19.928  -20.808  83.392 0.5000000000
71689  20.943  -22.672  84.177 0.7500000000
63684  14.338  -30.310  89.121 1.0000000000
61704  4.311  -32.296  88.724 0.8750000000
72580  20.662  -21.984  82.602 0.6250000000
70751  21.598  -23.766  83.980 0.6250000000
59849  4.778  -34.597  88.542 0.8750000000
60772  4.507  -33.504  88.641 0.8750000000
71714  21.080  -22.818  82.708 0.6250000000
70764  21.389  -23.560  83.085 0.6250000000
71724  21.609  -22.975  81.908 0.6250000000
58041  5.397  -36.294  88.137 0.8750000000
57038  5.819  -36.663  87.601 0.8750000000
70798  22.820  -23.432  80.880 0.5000000000
70782  22.386  -23.965  81.478 0.5000000000
139182  3.732  -36.185  80.295 0.5000000000
57161  3.738  -37.077  81.033 0.6250000000
57054  6.312  -37.102  87.055 0.8750000000
69748  22.936  -24.496  81.051 0.5000000000
57145  4.278  -37.653  81.733 0.6250000000
56066  5.434  -38.286  82.441 0.6250000000
56057  5.070  -38.019  83.257 0.7500000000
67410  41.316  -27.188  89.392 1.0000000000
66468  41.038  -27.464  90.952 1.0000000000
67399  39.965  -26.822  91.744 0.8750000000
67406  38.725  -26.337  91.123 0.8750000000
144502  37.604  -26.576  90.721 0.8750000000
71722  24.437  -22.645  80.580 0.3750000000
135088  24.389  -24.168  80.479 0.6250000000
57128  5.930  -38.164  82.856 0.7500000000
56047  5.268  -37.993  83.515 0.7500000000
66475  41.521  -27.524  90.170 1.0000000000
66460  41.136  -27.995  91.339 1.0000000000
67445  37.302  -25.905  88.062 0.8750000000
149411  37.717  -26.271  89.625 0.8750000000
66476  36.766  -27.273  89.700 0.8750000000
136908  36.712  -26.985  88.869 0.8750000000
132149  25.855  -22.235  81.201 0.3750000000
71729  25.139  -22.984  80.600 0.5000000000
127700  6.591  -37.657  85.442 0.8750000000
67423  42.046  -27.133  88.695 1.0000000000
66473  42.604  -28.140  89.137 1.0000000000
68525  36.932  -25.829  87.345 0.8750000000
67446  36.582  -26.169  87.671 0.8750000000
67429  36.262  -26.853  87.972 0.8750000000
73413  28.251  -20.027  84.244 0.2500000000
136521  27.774  -20.898  83.181 0.3750000000
73435  27.064  -20.833  82.593 0.3750000000
72577  26.731  -21.446  82.090 0.3750000000
146556  26.447  -21.969  81.683 0.5000000000
70781  25.917  -23.083  80.908 0.5000000000
57102  6.292  -37.812  84.094 0.7500000000
139660  42.460  -29.147  88.313 0.7500000000
63673  41.923  -29.565  88.507 0.7500000000
68547  35.914  -25.570  86.257 0.8750000000
68526  36.296  -25.980  86.955 0.8750000000
67447  35.838  -26.553  87.282 0.8750000000
67449  34.062  -27.016  86.902 0.8750000000
73426  28.607  -20.846  83.933 0.2500000000
72569  28.200  -21.661  83.352 0.5000000000
71713  26.960  -22.190  82.095 0.5000000000
63687  41.968  -29.459  88.029 0.6250000000
63688  41.392  -29.923  87.798 0.6250000000
62691  40.810  -30.590  88.106 0.6250000000
67467  34.483  -26.252  86.498 0.7500000000
67468  33.624  -26.285  86.639 0.7500000000
71687  29.469  -21.793  84.964 0.6250000000
72556  29.125  -21.515  84.325 0.5000000000
62718  40.159  -30.775  86.767 0.5000000000
62735  39.371  -30.916  86.016 0.5000000000
61763  38.076  -31.127  84.965 0.3750000000
68551  32.511  -25.728  87.359 0.6250000000
68527  32.895  -26.324  87.120 0.6250000000
68528  32.202  -26.223  87.644 0.5000000000
68530  30.984  -25.558  87.765 0.5000000000
132747  29.471  -23.751  86.553 0.6250000000
132559  29.410  -22.600  85.219 0.5000000000
71688  29.102  -22.390  84.413 0.5000000000
62747  38.915  -30.696  84.983 0.1250000000
75259  48.715  -18.789  81.899 0.5000000000
74301  48.416  -19.547  81.429 0.3750000000
72583  48.057  -21.028  81.135 0.2500000000
66421  12.909  -27.070  97.181 0.7500000000
67362  13.108  -26.261  97.304 0.7500000000
66422  12.468  -26.916  97.871 0.8750000000
68431  13.100  -25.547  98.712 0.7500000000
68450  14.599  -25.404  96.330 0.7500000000
150701  11.931  -26.552  98.999 0.8750000000
69592  6.795  -24.651  96.854 0.8750000000
67372  13.602  -26.805  95.566 0.8750000000
68402  13.746  -25.692  100.735 0.7500000000
67346  12.116  -26.542  100.818 0.8750000000
67348  8.311  -27.119  100.691 0.8750000000
68418  8.043  -26.132  99.563 0.8750000000
130192  5.537  -24.565  97.543 0.8750000000
67347  11.538  -27.385  101.487 0.8750000000
66404  10.853  -27.982  102.102 0.8750000000
69601  4.780  -24.561  95.710 0.8750000000
66437  14.398  -27.534  93.967 1.0000000000
66403  11.784  -27.666  102.739 0.8750000000
66406  8.973  -28.591  101.822 0.8750000000
69609  3.841  -24.347  94.503 0.8750000000
69608  4.323  -24.355  95.098 0.8750000000
74209  21.533  -19.251  91.389 0.5000000000
68472  16.838  -25.348  94.048 1.0000000000
138787  13.912  -29.442  93.992 1.0000000000
68478  3.595  -25.482  92.266 0.8750000000
76103  19.374  -17.511  87.736 0.1250000000
75140  20.301  -18.331  89.721 0.3750000000
75112  21.095  -18.694  91.044 0.3750000000
146367  21.389  -18.813  91.745 0.3750000000
73334  21.993  -19.815  92.555 0.5000000000
68482  3.438  -25.299  91.240 0.8750000000
81817  21.588  -11.072  84.991 0.1250000000
81835  21.346  -10.881  84.109 0.1250000000
79962  18.371  -13.068  83.189 0.1250000000
147583  20.592  -18.564  90.491 0.3750000000
141956  20.988  -18.601  91.808 0.3750000000
67409  3.371  -26.044  89.825 0.8750000000
68489  3.419  -25.242  90.239 0.8750000000
148209  23.127  -11.859  86.596 0.1250000000
81816  22.402  -11.430  85.391 0.1250000000
81836  20.551  -10.760  83.945 0.1250000000
79003  18.656  -13.709  82.703 0.1250000000
145408  18.225  -13.817  83.298 0.1250000000
68481  15.948  -25.596  91.496 1.0000000000
67421  3.499  -26.380  89.289 0.8750000000
66472  3.237  -26.958  89.441 0.8750000000
147558  24.659  -11.792  86.545 0.1250000000
80880  23.854  -11.874  86.768 0.1250000000
81834  22.264  -11.271  84.251 0.1250000000
139782  21.027  -10.932  83.433 0.1250000000
80936  19.429  -12.171  82.480 0.1250000000
78993  18.509  -14.430  83.077 0.1250000000
78992  18.839  -15.002  82.882 0.1250000000
67402  15.685  -26.368  91.457 1.0000000000
64587  14.341  -29.973  91.416 1.0000000000
66482  3.337  -27.214  88.767 0.8750000000
65561  2.966  -27.783  88.655 0.8750000000
80879  25.295  -11.700  86.744 0.1250000000
80881  23.299  -11.726  85.823 0.1250000000
81833  23.117  -11.634  84.718 0.1250000000
81853  21.726  -11.167  83.389 0.1250000000
81873  20.147  -11.610  82.485 0.1250000000
134435  19.586  -12.765  82.069 0.1250000000
76190  19.736  -16.923  82.728 0.1250000000
76176  19.646  -17.581  83.528 0.1250000000
66471  14.851  -27.917  90.690 1.0000000000
65554  14.543  -28.842  90.329 1.0000000000
64594  14.332  -29.814  90.545 1.0000000000
66494  3.322  -27.621  88.211 0.8750000000
65572  2.701  -28.215  87.942 0.8750000000
65573  2.668  -28.215  88.173 0.8750000000
63672  2.736  -29.609  88.364 0.8750000000
81801  25.860  -11.649  86.821 0.1250000000
126283  25.109  -12.031  85.962 0.1250000000
80898  23.969  -11.864  85.000 0.1250000000
80911  23.700  -12.063  84.108 0.1250000000
81871  22.072  -11.504  82.629 0.1250000000
80934  21.563  -11.813  81.922 0.1250000000
79986  20.171  -13.133  81.456 0.1250000000
139933  19.595  -14.876  81.853 0.2500000000
77167  19.727  -16.097  82.230 0.1250000000
64613  2.580  -29.014  87.866 0.8750000000
63685  2.784  -30.512  88.045 0.8750000000
132769  27.312  -10.998  87.217 0.1250000000
81787  26.713  -11.156  87.123 0.1250000000
81800  26.556  -11.804  86.654 0.1250000000
80878  25.960  -12.157  86.167 0.1250000000
80897  24.741  -12.270  85.204 0.1250000000
79016  20.603  -14.079  81.048 0.1250000000
78110  20.395  -15.664  81.235 0.2500000000
76208  20.010  -16.740  81.810 0.2500000000
75256  19.841  -17.787  82.691 0.1250000000
62702  3.128  -31.489  87.774 0.8750000000
81799  27.250  -11.605  86.856 0.1250000000
80877  26.655  -12.409  86.142 0.1250000000
80895  26.338  -12.855  85.623 0.1250000000
80896  25.537  -12.609  85.413 0.1250000000
78123  20.935  -16.003  80.772 0.2500000000
77179  20.462  -16.434  81.238 0.2500000000
75255  20.084  -18.390  82.181 0.2500000000
73447  20.533  -20.754  81.901 0.3750000000
81786  27.921  -11.416  87.158 0.1250000000
147460  27.695  -12.041  86.749 0.1250000000
131472  27.182  -12.263  86.459 0.1250000000
79936  26.610  -13.696  85.526 0.1250000000
75275  20.514  -18.066  81.499 0.2500000000
74306  20.512  -18.987  81.595 0.2500000000
80867  28.285  -12.208  86.972 0.1250000000
80876  27.809  -12.778  86.558 0.1250000000
79919  27.103  -13.045  86.023 0.1250000000
78967  26.775  -14.492  85.641 0.1250000000
73446  21.235  -20.638  81.404 0.3750000000
72589  20.832  -21.426  81.873 0.5000000000
60780  4.180  -33.719  87.927 0.8750000000
79917  28.230  -13.580  86.731 0.1250000000
78950  27.826  -14.315  86.505 0.1250000000
78058  25.841  -15.213  84.998 0.1250000000
127564  21.976  -20.154  81.165 0.3750000000
72588  21.599  -21.569  81.438 0.5000000000
58935  4.790  -35.485  88.167 0.8750000000
78937  29.071  -14.112  87.752 0.1250000000
78938  28.453  -14.451  87.265 0.1250000000
131197  27.137  -15.911  86.743 0.1250000000
78044  26.682  -15.812  86.189 0.1250000000
145140  25.938  -15.863  85.343 0.1250000000
77136  25.474  -16.846  84.605 0.1250000000
72587  22.442  -21.895  81.052 0.3750000000
132660  21.802  -22.281  81.482 0.5000000000
59921  6.480  -35.004  81.108 0.6250000000
59017  5.877  -35.638  81.322 0.6250000000
58042  5.013  -36.089  87.773 0.8750000000
136503  5.393  -36.471  87.220 0.8750000000
78932  28.872  -14.878  88.111 0.1250000000
78033  27.535  -16.154  87.571 0.2500000000
77103  26.955  -16.624  87.198 0.2500000000
77119  26.009  -17.039  85.984 0.2500000000
151567  25.615  -17.607  84.694 0.2500000000
72594  23.156  -21.882  80.766 0.3750000000
127966  22.961  -21.356  80.915 0.3750000000
59034  3.399  -35.680  79.630 0.6250000000
58131  4.104  -36.824  81.352 0.6250000000
57055  5.838  -36.962  86.892 0.8750000000
77065  27.574  -16.752  88.371 0.2500000000
77084  27.140  -17.030  87.779 0.2500000000
76127  26.390  -17.541  86.532 0.2500000000
76150  25.755  -17.326  85.306 0.2500000000
76174  25.361  -17.568  83.920 0.3750000000
72586  23.786  -21.365  80.882 0.3750000000
58113  4.819  -37.446  82.813 0.7500000000
57069  6.452  -37.404  86.239 0.8750000000
67424  41.084  -26.867  88.515 1.0000000000
140617  39.461  -26.504  88.891 1.0000000000
67412  39.646  -26.578  89.816 0.8750000000
67405  39.662  -26.604  90.895 0.8750000000
76082  27.898  -17.692  88.833 0.2500000000
75154  27.616  -18.048  88.153 0.2500000000
76126  26.745  -18.004  87.070 0.2500000000
75201  26.471  -18.344  85.458 0.2500000000
75202  25.951  -17.979  85.088 0.2500000000
75237  25.477  -18.431  83.598 0.3750000000
73436  25.709  -20.100  82.286 0.3750000000
73442  25.376  -20.724  81.558 0.3750000000
150776  24.661  -21.192  81.131 0.3750000000
72585  24.520  -21.881  80.828 0.3750000000
72593  23.730  -22.233  80.657 0.3750000000
150525  6.030  -37.576  85.535 0.8750000000
67442  40.755  -26.494  87.656 1.0000000000
67443  39.759  -26.325  87.465 1.0000000000
135206  39.161  -26.386  88.068 0.8750000000
67426  38.574  -26.222  88.720 0.8750000000
75176  27.944  -18.703  86.889 0.2500000000
75178  26.604  -18.148  86.273 0.2500000000
74259  26.902  -18.953  84.978 0.2500000000
74275  26.591  -19.246  84.221 0.3750000000
73429  25.804  -19.721  82.954 0.3750000000
130908  25.292  -21.612  81.159 0.3750000000
57103  5.803  -37.979  84.068 0.7500000000
57089  6.227  -37.823  84.823 0.7500000000
67441  41.946  -26.636  87.896 1.0000000000
67465  39.285  -26.067  86.755 1.0000000000
68544  38.687  -25.884  86.079 0.8750000000
141529  37.539  -25.793  87.247 0.8750000000
74245  28.670  -19.120  86.226 0.2500000000
74257  28.430  -19.429  85.419 0.5000000000
74258  27.639  -19.184  85.228 0.2500000000
74288  26.980  -19.806  83.618 0.3750000000
73428  26.464  -20.153  82.893 0.3750000000
72578  26.308  -20.725  82.061 0.3750000000
72584  26.061  -21.404  81.550 0.3750000000
133947  6.224  -37.807  84.736 0.7500000000
65556  43.128  -28.084  88.407 0.8750000000
68568  36.400  -25.337  85.584 0.8750000000
68569  35.438  -25.085  85.490 0.8750000000
68548  34.938  -25.575  86.060 0.7500000000
68549  33.992  -25.621  86.022 0.7500000000
73386  30.454  -20.748  86.804 0.5000000000
73393  29.944  -20.350  86.044 0.5000000000
73400  29.428  -20.457  85.312 0.5000000000
74273  28.180  -19.616  84.763 0.2500000000
64615  43.134  -28.692  87.259 0.5000000000
69693  36.090  -24.779  84.790 0.8750000000
68570  34.482  -24.965  85.536 0.7500000000
68550  33.206  -25.441  86.429 0.7500000000
72529  30.151  -21.439  86.325 0.5000000000
72543  29.743  -21.177  85.486 0.6250000000
72555  29.306  -20.941  84.713 0.3750000000
63701  42.232  -29.245  87.339 0.3750000000
62717  40.735  -30.189  86.151 0.5000000000
69684  32.650  -24.726  86.753 0.6250000000
69668  32.381  -24.962  87.860 0.6250000000
68506  32.111  -25.575  88.314 0.6250000000
68507  31.634  -25.576  88.417 0.5000000000
68508  30.818  -25.233  88.650 0.5000000000
70715  29.683  -23.623  87.504 0.3750000000
71672  29.691  -22.253  85.938 0.5000000000
63732  41.962  -28.885  85.425 0.2500000000
63733  40.950  -29.440  85.100 0.1250000000
139986  39.496  -30.524  85.296 0.1250000000
62756  38.805  -30.672  84.068 0.1250000000
61788  38.244  -30.904  83.780 0.1250000000
68509  30.297  -24.692  88.610 0.5000000000
69669  29.871  -24.291  88.139 0.5000000000
62755  39.203  -30.175  83.724 0.1250000000
63754  39.558  -29.601  83.466 0.1250000000
62769  38.422  -30.374  82.780 0.1250000000
74300  49.215  -19.433  82.041 0.3750000000
131986  48.983  -20.042  81.693 0.3750000000
76180  48.967  -18.025  82.380 0.5000000000
71716  48.353  -21.438  81.886 0.3750000000
71718  46.995  -22.461  81.298 0.1250000000
76181  48.182  -17.400  82.380 0.5000000000
78986  48.358  -13.721  83.821 1.0000000000
81858  48.282  -10.207  83.481 0.8750000000
142892  48.229  -11.070  83.605 0.8750000000
80926  47.729  -12.126  83.251 1.0000000000
82765  48.188  -9.300  83.165 0.8750000000
132297  47.791  -11.126  82.869 0.7500000000
81875  48.067  -10.122  82.624 0.8750000000
80968  50.576  -11.257  79.652 0.8750000000
68441  15.675  -24.827  97.843 0.7500000000
68429  15.931  -24.744  98.852 0.7500000000
125513  15.169  -24.888  96.945 0.7500000000
134159  14.268  -25.138  97.070 0.7500000000
69576  15.013  -24.743  98.527 0.7500000000
125438  5.850  -25.839  100.595 0.8750000000
68436  5.636  -25.216  99.175 0.8750000000
69568  4.739  -25.083  99.279 0.8750000000
68422  4.424  -25.341  100.083 0.8750000000
70634  21.331  -23.510  96.762 0.8750000000
70628  20.040  -23.604  96.731 1.0000000000
68449  15.714  -25.460  96.155 0.7500000000
68415  14.307  -25.213  99.857 0.7500000000
68401  14.787  -25.564  100.770 0.7500000000
151519  6.819  -26.401  101.072 0.8750000000
68435  6.601  -25.327  99.094 0.8750000000
69578  5.054  -24.804  98.642 0.8750000000
70638  22.037  -23.708  95.957 0.8750000000
67371  14.474  -26.449  95.023 0.8750000000
68393  14.528  -26.137  101.662 0.7500000000
67349  7.404  -26.530  100.798 0.8750000000
68419  7.199  -25.936  99.877 0.8750000000
69577  5.878  -24.841  98.313 0.8750000000
69579  4.045  -24.608  98.600 0.8750000000
67370  15.517  -26.294  94.667 0.8750000000
133288  13.303  -26.863  102.368 0.7500000000
67327  12.808  -27.429  103.129 0.8750000000
65493  8.922  -28.438  102.507 0.8750000000
69595  3.728  -24.296  96.891 0.8750000000
69588  3.782  -24.396  97.671 0.8750000000
71581  24.116  -23.252  94.604 0.6250000000
69605  17.307  -24.732  94.544 1.0000000000
65522  13.738  -28.041  94.568 0.8750000000
66398  12.216  -27.498  103.565 0.7500000000
66399  10.988  -28.100  103.127 0.8750000000
138415  10.137  -28.278  103.093 0.8750000000
65492  9.497  -28.538  102.458 0.8750000000
70657  3.505  -23.303  94.166 0.8750000000
136913  3.578  -23.772  94.591 0.8750000000
69596  3.241  -23.823  96.610 0.8750000000
145990  19.848  -17.924  89.198 0.2500000000
73333  22.267  -20.564  93.074 0.5000000000
66444  14.755  -27.771  93.321 1.0000000000
148296  12.280  -27.331  103.878 0.8750000000
66393  11.152  -27.726  103.516 0.8750000000
137466  3.440  -23.658  93.291 0.8750000000
69619  3.606  -24.570  92.965 0.8750000000
78059  17.941  -15.814  84.928 0.1250000000
77107  17.423  -16.353  86.423 0.1250000000
140496  21.741  -19.195  92.106 0.5000000000
74204  21.918  -19.112  92.778 0.3750000000
66458  14.908  -27.818  92.650 1.0000000000
141283  14.413  -28.735  93.127 1.0000000000
130565  3.613  -24.404  90.872 0.8750000000
126097  19.738  -10.909  83.790 0.1250000000
80912  18.095  -12.353  83.819 0.1250000000
76071  18.945  -18.064  89.062 0.3750000000
75141  19.417  -18.307  89.772 0.3750000000
75128  19.948  -18.438  90.478 0.3750000000
130408  20.217  -18.696  91.924 0.3750000000
68477  16.361  -25.712  92.850 1.0000000000
67396  16.001  -26.253  92.343 1.0000000000
65542  14.608  -28.554  92.206 1.0000000000
134965  14.365  -29.408  92.566 1.0000000000
81803  21.743  -11.167  85.916 0.1250000000
76072  17.622  -17.934  89.053 0.2500000000
75129  18.917  -18.642  90.516 0.3750000000
75114  19.583  -18.714  91.223 0.3750000000
133903  15.635  -26.943  92.077 1.0000000000
66465  15.092  -27.665  91.731 1.0000000000
138047  14.444  -29.283  91.804 1.0000000000
67435  3.743  -26.929  88.688 0.8750000000
67420  3.703  -26.258  89.008 0.8750000000
128992  24.603  -11.851  87.393 0.1250000000
80869  23.874  -12.221  87.834 0.1250000000
75143  17.263  -18.157  90.075 0.2500000000
75130  17.880  -18.579  90.647 0.2500000000
151776  15.454  -26.992  91.359 1.0000000000
65548  14.650  -28.574  91.328 1.0000000000
138046  14.448  -29.289  91.091 1.0000000000
81789  25.121  -11.616  87.624 0.1250000000
147719  15.234  -27.301  90.891 1.0000000000
147609  3.259  -28.190  87.720 0.8750000000
82707  25.165  -11.328  87.900 0.1250000000
81788  25.972  -11.317  87.121 0.1250000000
80921  23.510  -12.210  83.208 0.1250000000
80922  22.868  -11.797  82.838 0.1250000000
80933  22.457  -12.097  82.073 0.1250000000
80945  21.867  -12.582  81.439 0.1250000000
64627  2.592  -29.858  87.347 0.8750000000
63686  2.501  -30.139  87.519 0.8750000000
82706  26.031  -10.730  87.371 0.1250000000
80910  24.411  -12.483  84.403 0.1250000000
80932  23.219  -12.482  82.376 0.1250000000
79973  22.783  -12.901  81.655 0.2500000000
79984  22.164  -13.474  81.129 0.2500000000
79015  21.552  -14.181  80.831 0.2500000000
65571  4.137  -28.798  87.554 0.8750000000
64626  2.884  -28.868  87.546 0.8750000000
82705  26.893  -10.349  87.337 0.1250000000
80909  25.108  -12.960  84.694 0.1250000000
79972  23.508  -13.336  82.034 0.2500000000
79983  23.023  -13.803  81.386 0.2500000000
78122  21.559  -15.638  80.611 0.2500000000
76219  20.979  -16.816  80.849 0.2500000000
138532  2.441  -30.800  87.327 0.8750000000
82704  27.747  -10.465  87.511 0.1250000000
79937  25.827  -13.476  85.037 0.1250000000
79948  25.281  -13.705  84.401 0.1250000000
129189  24.659  -14.818  83.279 0.2500000000
79014  22.449  -14.362  80.934 0.2500000000
78121  22.254  -15.792  80.542 0.2500000000
75290  21.676  -17.938  80.765 0.2500000000
75274  21.147  -18.480  81.075 0.3750000000
61713  3.675  -32.700  87.974 0.8750000000
81785  28.709  -11.670  87.504 0.1250000000
78979  25.614  -14.412  84.624 0.1250000000
78980  25.037  -14.441  83.905 0.1250000000
78072  24.920  -15.395  83.684 0.2500000000
78098  24.062  -15.282  82.064 0.2500000000
78108  23.459  -15.372  81.334 0.2500000000
77189  23.004  -16.016  80.753 0.2500000000
75289  22.473  -17.659  80.744 0.2500000000
74311  22.027  -18.625  80.827 0.2500000000
81775  28.857  -10.901  88.040 0.1250000000
148562  29.173  -12.076  87.709 0.1250000000
80865  29.530  -12.468  88.138 0.1250000000
78968  26.202  -14.429  85.203 0.1250000000
78071  25.352  -15.265  84.370 0.1250000000
78086  24.539  -15.523  82.832 0.2500000000
131936  24.223  -15.945  82.212 0.2500000000
145081  23.718  -17.010  81.326 0.2500000000
76205  23.381  -17.689  81.141 0.2500000000
74304  22.520  -19.420  81.184 0.3750000000
81763  30.240  -11.757  89.365 0.1250000000
135916  30.164  -12.647  89.003 0.1250000000
79896  30.084  -13.709  89.135 0.1250000000
78931  29.484  -14.205  88.504 0.1250000000
128750  25.603  -15.982  84.803 0.1250000000
77151  24.879  -16.210  83.383 0.2500000000
77166  24.550  -16.417  82.593 0.2500000000
77177  24.172  -16.600  81.800 0.2500000000
75273  22.897  -18.500  81.070 0.2500000000
59930  5.985  -34.477  80.723 0.6250000000
129748  7.207  -34.704  81.688 0.6250000000
58948  4.740  -35.598  87.365 0.8750000000
136218  30.557  -12.298  89.996 0.1250000000
79895  30.432  -13.219  89.700 0.1250000000
78925  30.284  -14.050  90.008 0.1250000000
78021  28.485  -15.691  88.605 0.1250000000
77137  25.192  -16.079  84.151 0.3750000000
77150  25.183  -16.756  83.837 0.3750000000
76175  24.922  -17.120  83.093 0.2500000000
75271  24.396  -18.510  82.035 0.3750000000
74302  23.912  -19.134  81.756 0.3750000000
74303  23.424  -19.819  81.440 0.3750000000
127546  22.663  -20.214  81.218 0.3750000000
59003  6.144  -35.798  82.179 0.6250000000
58055  5.328  -36.722  86.410 0.8750000000
57070  5.316  -37.103  85.859 0.8750000000
80837  30.909  -12.336  90.845 0.1250000000
79886  30.799  -13.267  90.588 0.1250000000
78020  29.094  -15.182  89.005 0.1250000000
76070  28.113  -17.231  89.569 0.1250000000
75254  24.733  -17.841  82.482 0.3750000000
74298  24.578  -19.258  82.184 0.3750000000
138925  24.224  -19.712  81.723 0.3750000000
59004  5.248  -36.448  82.764 0.6250000000
58992  5.197  -36.541  83.696 0.8750000000
58103  4.850  -36.996  83.918 0.8750000000
57071  5.274  -37.319  85.026 0.8750000000
75139  28.490  -17.938  89.288 0.1250000000
75153  28.272  -18.231  88.520 0.2500000000
75253  25.016  -18.686  82.780 0.3750000000
73437  24.925  -19.928  81.908 0.3750000000
73443  24.243  -20.481  81.389 0.3750000000
151457  5.033  -37.554  83.991 0.7500000000
67464  40.287  -26.161  86.786 1.0000000000
75152  29.131  -18.427  88.797 0.2500000000
75166  28.087  -18.471  87.721 0.3750000000
57091  5.124  -37.454  84.256 0.8750000000
130336  42.002  -25.931  86.398 1.0000000000
67463  41.406  -26.255  86.979 1.0000000000
68543  39.664  -25.890  85.967 1.0000000000
68566  38.016  -25.678  85.399 0.8750000000
75151  30.091  -18.655  89.003 0.3750000000
74234  30.463  -19.636  87.687 0.3750000000
68524  43.508  -26.087  87.154 0.8750000000
67439  43.960  -26.541  87.410 0.8750000000
146272  42.730  -26.944  88.246 1.0000000000
68580  39.278  -25.318  84.462 0.8750000000
68581  38.294  -25.340  84.542 0.8750000000
68567  37.220  -25.556  85.728 0.8750000000
72518  30.668  -21.135  87.548 0.3750000000
74243  30.238  -19.895  86.886 0.3750000000
74235  29.733  -19.153  87.336 0.3750000000
135447  44.667  -26.443  87.084 0.7500000000
66498  44.636  -27.269  87.067 0.7500000000
65562  44.047  -27.764  87.420 0.7500000000
69708  35.977  -24.038  84.309 0.8750000000
70738  33.766  -23.533  85.356 0.6250000000
69683  33.238  -24.315  85.876 0.7500000000
70726  32.752  -23.847  86.425 0.6250000000
71630  30.096  -23.242  88.829 0.3750000000
71639  30.318  -22.553  88.625 0.3750000000
65574  44.767  -27.273  86.646 0.6250000000
65588  43.989  -28.136  86.848 0.5000000000
64629  42.991  -28.697  86.554 0.5000000000
71656  33.350  -22.503  86.330 0.5000000000
71657  32.763  -23.107  86.729 0.5000000000
70714  32.497  -23.940  87.231 0.6250000000
69654  32.281  -25.020  88.975 0.5000000000
68491  31.161  -25.198  89.411 0.5000000000
68492  30.578  -24.780  89.269 0.3750000000
70705  29.886  -23.708  88.510 0.3750000000
71647  29.952  -22.969  87.960 0.3750000000
71646  30.354  -22.055  87.753 0.3750000000
65595  44.439  -27.591  86.014 0.5000000000
65596  43.983  -27.852  85.787 0.2500000000
64640  42.835  -28.542  85.710 0.2500000000
63734  39.995  -29.662  84.267 0.1250000000
69655  30.105  -24.243  88.970 0.3750000000
64654  42.625  -28.291  84.937 0.1250000000
63743  40.824  -28.989  84.328 0.1250000000
64663  41.358  -28.384  83.942 0.1250000000
63753  40.302  -29.000  83.785 0.1250000000
76179  49.816  -17.894  83.029 0.7500000000
74296  49.796  -19.282  82.717 0.3750000000
78080  49.216  -15.615  83.732 0.8750000000
78985  48.996  -14.060  84.439 0.8750000000
78090  48.519  -15.932  83.165 0.5000000000
151436  46.476  -22.853  81.508 0.1250000000
80916  48.498  -12.209  84.590 1.0000000000
78081  48.541  -14.868  83.602 1.0000000000
80917  48.369  -11.625  84.013 0.8750000000
82753  48.126  -9.634  83.826 0.8750000000
82755  46.857  -9.748  83.721 0.8750000000
82777  48.286  -9.158  82.128 0.8750000000
82766  47.396  -9.128  83.320 0.8750000000
82767  46.311  -9.662  82.888 0.8750000000
84535  48.053  -8.287  82.391 0.8750000000
83672  47.472  -8.484  82.226 0.7500000000
148358  48.745  -8.247  81.319 0.8750000000
84545  47.963  -8.012  81.869 0.7500000000
83682  47.137  -8.541  81.251 0.6250000000
81907  49.962  -10.123  79.631 0.8750000000
84564  48.507  -7.710  80.201 0.6250000000
83706  46.231  -9.361  79.243 0.6250000000
80967  51.233  -12.168  80.068 0.8750000000
82800  51.491  -8.942  80.097 0.8750000000
83692  51.049  -7.943  80.007 0.8750000000
132439  49.896  -7.632  79.676 0.6250000000
136947  48.351  -7.829  78.941 0.6250000000
83705  46.928  -8.717  78.853 0.6250000000
82813  45.580  -10.016  78.448 0.5000000000
148031  17.546  -25.566  99.006 0.7500000000
68428  16.993  -25.359  98.095 0.7500000000
126073  16.308  -25.292  97.010 0.7500000000
69567  15.006  -24.889  99.314 0.7500000000
132238  5.122  -25.653  100.579 0.8750000000
130135  4.513  -25.667  101.031 0.8750000000
68440  17.295  -25.761  97.032 0.7500000000
67350  6.295  -26.357  101.293 0.8750000000
68405  5.425  -25.966  101.236 0.8750000000
142819  18.942  -23.846  96.265 1.0000000000
68458  15.070  -25.805  95.455 0.8750000000
67336  15.135  -26.489  102.615 0.7500000000
68392  15.462  -25.970  101.607 0.7500000000
66395  8.960  -27.679  103.238 0.8750000000
67339  7.049  -26.797  101.482 0.8750000000
67340  6.611  -26.891  101.951 0.8750000000
137332  23.119  -24.132  95.613 0.7500000000
69597  18.135  -24.613  95.901 1.0000000000
68457  16.270  -25.886  95.266 0.8750000000
67312  13.897  -27.291  103.965 0.7500000000
66391  13.627  -27.235  104.194 0.7500000000
68369  11.389  -26.748  103.675 0.8750000000
67315  10.571  -27.243  103.623 0.8750000000
66401  8.601  -27.987  102.871 0.8750000000
69589  3.114  -23.965  97.375 0.8750000000
67377  14.792  -26.796  94.195 1.0000000000
66388  13.989  -27.020  104.353 0.7500000000
67307  13.104  -26.988  104.452 0.7500000000
67314  11.909  -27.184  103.958 0.8750000000
66400  9.319  -28.285  103.047 0.8750000000
70649  3.536  -23.384  95.079 0.8750000000
69603  3.416  -23.653  95.846 0.8750000000
67386  15.885  -26.775  93.396 1.0000000000
143167  3.513  -23.936  92.516 0.8750000000
133799  3.597  -23.093  93.429 0.8750000000
78969  17.053  -14.403  85.176 0.1250000000
77123  17.673  -16.076  85.702 0.1250000000
76104  18.308  -17.374  87.540 0.1250000000
76084  18.569  -17.726  88.309 0.1250000000
73323  22.435  -20.066  93.768 0.3750000000
68473  16.489  -25.874  93.610 1.0000000000
66443  15.446  -27.270  93.033 1.0000000000
136274  3.621  -24.693  90.079 0.8750000000
150647  4.029  -23.349  91.807 0.8750000000
82750  20.009  -10.613  84.475 0.1250000000
81855  18.687  -11.708  83.580 0.1250000000
78982  17.427  -13.951  84.438 0.1250000000
78045  17.071  -15.620  86.201 0.1250000000
134886  20.853  -18.791  92.694 0.3750000000
66457  15.423  -27.294  92.485 1.0000000000
68503  4.117  -25.632  89.263 0.8750000000
81802  22.515  -11.602  86.463 0.1250000000
76105  17.528  -17.480  88.169 0.1250000000
75115  18.540  -18.853  91.330 0.2500000000
125382  19.246  -18.986  91.962 0.3750000000
75104  18.296  -19.107  92.126 0.2500000000
134829  5.274  -27.787  88.663 0.8750000000
66493  4.399  -27.277  88.603 0.8750000000
77067  16.616  -16.680  88.397 0.1250000000
76073  16.662  -17.405  89.662 0.2500000000
143482  16.586  -17.610  90.754 0.2500000000
78023  16.421  -15.990  88.352 0.1250000000
77053  16.370  -16.483  89.179 0.1250000000
65570  5.609  -28.545  88.329 0.8750000000
80920  24.108  -12.715  83.588 0.1250000000
79961  23.791  -12.975  82.824 0.1250000000
64625  4.771  -29.744  87.333 0.8750000000
137806  3.352  -29.618  87.094 0.8750000000
79960  24.253  -13.390  83.226 0.1250000000
79971  24.060  -13.783  82.597 0.2500000000
79001  23.696  -14.379  81.841 0.2500000000
141803  4.058  -30.406  86.806 0.8750000000
62703  2.589  -31.328  87.056 0.8750000000
78991  24.521  -14.078  83.253 0.1250000000
79000  24.297  -14.635  82.626 0.2500000000
62715  2.706  -31.133  86.806 0.8750000000
62716  2.906  -31.643  86.890 0.8750000000
61739  3.566  -32.344  86.767 0.8750000000
82703  28.408  -10.227  87.934 0.1250000000
61724  3.613  -32.777  87.313 0.8750000000
60789  4.149  -33.788  87.120 0.8750000000
140068  29.939  -10.967  89.300 0.1250000000
60844  8.428  -33.432  81.957 0.6250000000
59872  4.475  -34.867  86.961 0.8750000000
81753  30.723  -11.636  90.688 0.1250000000
79903  29.757  -13.287  88.500 0.1250000000
59912  7.030  -35.194  82.416 0.6250000000
59897  7.395  -34.440  83.842 0.7500000000
137808  4.470  -34.714  87.711 0.8750000000
141575  4.880  -35.766  86.593 0.8750000000
136203  31.095  -11.597  91.568 0.1250000000
78926  29.700  -14.639  89.484 0.1250000000
78009  29.248  -15.541  89.939 0.1250000000
59906  7.325  -34.905  83.188 0.6250000000
58991  6.264  -35.669  83.208 0.7500000000
58979  5.785  -35.816  84.290 0.8750000000
130420  4.910  -36.330  85.884 0.8750000000
79870  31.099  -13.970  92.444 0.1250000000
78907  30.684  -14.609  91.813 0.1250000000
78917  29.879  -14.977  90.425 0.1250000000
77051  28.784  -16.350  90.312 0.1250000000
76063  28.557  -17.001  90.328 0.1250000000
78899  30.844  -14.893  92.707 0.1250000000
77986  30.583  -15.707  92.394 0.1250000000
76056  30.221  -17.105  91.663 0.1250000000
76062  29.142  -17.240  90.627 0.1250000000
76069  28.758  -17.575  90.018 0.1250000000
58095  4.890  -37.107  84.393 0.8750000000
58086  4.960  -36.976  85.058 0.8750000000
75126  30.441  -18.195  90.569 0.2500000000
75137  30.256  -18.450  89.798 0.3750000000
68562  42.352  -25.346  85.882 1.0000000000
148576  41.684  -25.671  85.914 1.0000000000
140475  40.681  -25.413  85.105 1.0000000000
75125  31.258  -18.707  90.962 0.3750000000
74219  31.413  -19.943  89.873 0.3750000000
74220  30.906  -19.215  89.348 0.3750000000
74227  30.672  -19.443  88.535 0.3750000000
68523  43.963  -25.564  86.781 0.8750000000
68541  42.989  -25.688  86.654 1.0000000000
69706  37.647  -24.766  84.013 0.8750000000
74212  31.511  -19.728  90.723 0.3750000000
73368  31.258  -20.960  89.766 0.3750000000
73369  31.033  -21.219  89.043 0.3750000000
142020  44.389  -25.998  87.029 0.7500000000
69720  38.547  -24.077  83.418 0.8750000000
70761  36.729  -23.796  83.901 0.8750000000
70747  36.169  -23.287  84.256 0.7500000000
71670  34.464  -22.410  85.314 0.5000000000
136244  30.340  -23.556  90.322 0.3750000000
71629  30.257  -23.005  89.482 0.3750000000
72508  30.668  -21.625  88.395 0.3750000000
69666  45.512  -25.246  86.724 0.7500000000
128519  45.179  -26.231  86.797 0.7500000000
71669  35.224  -22.210  85.087 0.6250000000
71645  32.627  -23.089  87.710 0.5000000000
70692  32.396  -24.187  89.407 0.3750000000
69641  31.330  -24.805  90.166 0.3750000000
69642  30.756  -24.768  89.993 0.3750000000
67437  45.728  -25.970  86.539 0.7500000000
66509  45.746  -26.466  85.990 0.7500000000
66536  44.544  -27.255  85.379 0.3750000000
65610  43.745  -27.602  85.124 0.2500000000
147127  45.435  -26.607  84.851 0.2500000000
133348  44.630  -26.996  84.984 0.2500000000
65611  43.110  -27.780  84.673 0.1250000000
132311  42.348  -28.055  84.304 0.1250000000
67495  43.737  -26.625  83.892 0.1250000000
66546  42.900  -27.357  83.921 0.1250000000
64662  42.118  -27.834  83.869 0.1250000000
67501  43.277  -26.314  83.377 0.1250000000
66545  43.272  -27.086  83.971 0.1250000000
65629  42.295  -27.449  83.628 0.1250000000
75244  50.010  -18.628  83.003 0.6250000000
72582  48.909  -20.676  81.871 0.5000000000
71717  47.834  -22.267  82.148 0.2500000000
70774  47.077  -22.901  82.136 0.1250000000
68594  45.061  -24.932  83.205 0.1250000000
68595  44.328  -25.391  83.176 0.1250000000
78984  49.363  -15.001  84.337 0.8750000000
77143  49.422  -16.453  83.451 0.7500000000
70771  45.466  -23.507  82.122 0.1250000000
69730  44.442  -24.537  82.669 0.1250000000
80902  48.414  -11.953  85.057 1.0000000000
81824  47.559  -10.810  84.720 0.8750000000
82742  47.909  -10.157  84.257 0.8750000000
81906  51.269  -10.112  79.907 0.8750000000
83691  51.828  -8.355  79.948 0.8750000000
84575  49.967  -7.442  78.938 0.6250000000
84577  47.500  -8.358  78.539 0.5000000000
133630  46.994  -8.688  78.008 0.5000000000
83714  45.829  -9.512  77.353 0.5000000000
143232  51.922  -11.044  80.442 0.8750000000
83690  52.365  -8.810  79.927 0.8750000000
125558  51.395  -7.875  79.345 0.5000000000
84583  49.368  -7.798  78.477 0.5000000000
84585  47.501  -8.457  77.851 0.5000000000
83713  46.632  -8.998  77.336 0.5000000000
80005  51.801  -13.107  80.343 0.8750000000
82823  45.207  -10.067  77.387 0.5000000000
125817  18.828  -26.272  98.852 0.7500000000
68427  18.067  -26.038  98.380 0.7500000000
68412  18.246  -25.900  99.405 0.7500000000
68399  16.656  -25.445  100.365 0.7500000000
68439  17.932  -26.127  97.471 0.7500000000
68391  16.416  -25.815  101.385 0.7500000000
68394  4.911  -25.917  101.851 0.8750000000
68407  3.772  -24.890  99.886 0.8750000000
68448  16.856  -25.625  96.222 0.7500000000
67317  8.383  -27.055  103.245 0.8750000000
67318  7.552  -26.839  102.941 0.8750000000
141435  6.349  -26.686  102.315 0.8750000000
69563  3.575  -24.339  100.185 0.8750000000
69570  3.443  -24.344  99.200 0.8750000000
70633  22.647  -23.818  96.545 0.8750000000
67310  15.180  -26.496  103.958 0.7500000000
68380  10.685  -26.255  103.104 0.7500000000
67316  9.358  -27.222  103.413 0.8750000000
68370  8.693  -26.383  102.942 0.8750000000
68371  7.619  -26.096  102.920 0.8750000000
140559  3.087  -23.504  97.682 0.8750000000
69580  3.147  -24.074  98.207 0.8750000000
70637  23.830  -24.171  95.450 0.7500000000
67369  16.248  -26.189  94.447 1.0000000000
68365  14.595  -26.081  104.245 0.7500000000
68377  13.173  -25.586  103.614 0.7500000000
68378  12.481  -25.699  103.424 0.7500000000
69547  10.065  -25.448  102.366 0.8750000000
71587  3.672  -22.795  94.891 0.8750000000
70642  3.463  -23.079  95.592 0.8750000000
66436  15.207  -27.086  93.565 1.0000000000
67376  15.748  -26.598  93.979 1.0000000000
135167  15.242  -24.890  103.296 0.7500000000
69532  13.670  -25.283  103.456 0.7500000000
69545  12.054  -25.211  102.528 0.6250000000
70668  3.726  -23.311  92.597 0.8750000000
71597  3.800  -22.815  93.927 0.8750000000
71579  3.620  -22.758  95.688 0.8750000000
73322  22.927  -20.814  94.197 0.6250000000
69543  14.519  -24.441  102.561 0.6250000000
69544  13.065  -25.078  102.857 0.6250000000
69553  13.548  -24.505  102.152 0.6250000000
69639  3.903  -24.043  90.322 0.8750000000
145806  3.915  -23.584  91.060 0.8750000000
71596  4.073  -22.609  93.565 0.8750000000
132777  17.240  -16.609  87.040 0.1250000000
75091  21.606  -18.952  93.115 0.3750000000
68488  3.915  -24.571  89.873 0.8750000000
70691  4.309  -23.527  90.691 0.8750000000
70667  4.111  -23.078  92.268 0.8750000000
75103  19.796  -19.098  92.630 0.3750000000
67419  4.506  -26.374  89.042 0.8750000000
69653  4.366  -24.906  89.612 0.8750000000
69638  4.549  -24.049  89.995 0.8750000000
75116  17.486  -18.663  91.555 0.2500000000
66481  5.559  -27.158  89.160 0.8750000000
66492  6.301  -27.866  88.963 0.8750000000
147343  25.267  -10.598  87.665 0.1250000000
138658  26.203  -9.948  87.319 0.1250000000
83615  25.494  -9.940  87.331 0.1250000000
64612  5.454  -29.222  87.773 0.8750000000
139737  27.372  -9.724  87.518 0.1250000000
63716  3.538  -31.097  86.635 0.8750000000
62732  3.375  -31.661  86.678 0.8750000000
82688  29.547  -10.099  89.299 0.1250000000
139437  4.125  -33.224  86.552 0.8750000000
131325  30.731  -10.748  91.088 0.1250000000
61799  8.993  -32.832  82.422 0.7500000000
60828  8.395  -33.521  83.553 0.7500000000
60800  4.540  -34.165  86.558 0.8750000000
60836  7.820  -34.300  82.387 0.7500000000
60821  7.791  -33.774  84.140 0.7500000000
59898  6.703  -35.045  83.986 0.8750000000
59899  6.058  -34.849  84.860 0.8750000000
58969  5.274  -35.668  85.251 0.8750000000
60815  4.974  -34.801  86.043 0.8750000000
58980  5.101  -36.651  84.492 0.8750000000
142843  5.005  -36.724  85.160 0.8750000000
58970  5.029  -36.813  85.509 0.8750000000
78898  31.301  -14.132  93.339 0.1250000000
76050  30.955  -16.856  92.561 0.2500000000
76055  31.157  -17.625  92.175 0.2500000000
76049  31.611  -17.436  93.157 0.2500000000
74202  31.862  -19.456  92.462 0.2500000000
127694  31.482  -18.535  91.828 0.2500000000
69690  43.513  -25.040  86.206 1.0000000000
69692  41.890  -24.875  85.123 1.0000000000
68578  41.059  -24.778  84.634 0.8750000000
130524  31.810  -20.528  93.151 0.2500000000
131536  31.118  -21.782  92.130 0.3750000000
69703  40.354  -24.487  84.084 0.7500000000
70758  38.851  -23.517  83.382 0.7500000000
70658  31.662  -23.575  92.969 0.3750000000
72461  31.146  -22.367  92.872 0.3750000000
72481  31.071  -21.721  91.349 0.3750000000
72495  30.981  -21.742  90.476 0.3750000000
70724  44.355  -24.576  86.221 0.8750000000
71701  37.742  -23.017  83.737 0.7500000000
72540  36.640  -21.819  85.617 0.5000000000
72526  35.414  -21.468  86.474 0.5000000000
72507  33.461  -21.592  88.760 0.3750000000
72494  33.215  -21.755  89.779 0.3750000000
71619  32.240  -23.525  91.645 0.3750000000
69621  30.944  -24.206  91.494 0.3750000000
71620  30.486  -23.342  91.181 0.3750000000
69681  45.149  -24.791  86.613 0.8750000000
71684  36.501  -22.674  84.452 0.6250000000
72541  35.728  -21.762  85.663 0.5000000000
72527  34.552  -21.573  86.611 0.5000000000
72517  33.520  -21.737  87.748 0.3750000000
71627  32.819  -22.359  89.246 0.3750000000
142238  32.172  -24.151  90.316 0.3750000000
69629  31.202  -24.497  90.947 0.3750000000
69630  30.858  -24.490  90.707 0.3750000000
69665  46.186  -24.996  86.731 0.7500000000
67436  46.357  -25.629  86.313 0.7500000000
69664  46.979  -24.834  86.592 0.7500000000
67479  46.953  -25.483  85.930 0.6250000000
67492  46.023  -26.108  84.463 0.2500000000
67493  45.327  -26.257  84.229 0.2500000000
77128  49.848  -16.306  84.474 1.0000000000
150508  50.255  -17.254  84.214 1.0000000000
69727  46.770  -23.988  83.285 0.3750000000
68588  46.376  -25.618  84.151 0.2500000000
136931  45.761  -25.893  84.042 0.1250000000
77142  50.105  -16.729  83.924 1.0000000000
75229  50.266  -18.206  83.526 1.0000000000
73432  49.978  -19.706  83.089 0.7500000000
72575  49.175  -21.237  82.560 0.5000000000
69728  45.837  -24.272  83.057 0.1250000000
69717  45.799  -25.337  83.660 0.1250000000
67500  44.062  -26.065  83.571 0.1250000000
78064  49.672  -15.294  84.799 1.0000000000
70770  46.337  -23.366  82.325 0.1250000000
78973  49.434  -14.304  84.927 0.8750000000
79942  49.179  -13.437  84.978 1.0000000000
80903  47.815  -11.571  85.166 0.8750000000
80950  53.123  -11.950  80.749 0.8750000000
82812  52.669  -9.548  79.492 0.8750000000
83704  51.359  -8.421  78.643 0.5000000000
83711  49.647  -8.417  77.911 0.5000000000
140996  47.640  -8.595  77.521 0.5000000000
83712  47.017  -8.794  77.195 0.5000000000
83722  46.382  -9.278  76.789 0.5000000000
135469  45.932  -9.406  76.819 0.5000000000
68411  19.534  -26.286  99.447 0.7500000000
151657  20.088  -26.231  99.602 0.7500000000
135672  18.160  -25.938  100.286 0.7500000000
68406  3.859  -25.187  100.667 0.8750000000
68426  19.212  -26.305  98.353 0.7500000000
67343  19.141  -26.305  100.878 0.7500000000
142285  18.315  -26.284  102.134 0.7500000000
150996  5.030  -25.776  102.320 0.8750000000
68386  4.453  -25.388  102.229 0.8750000000
128073  18.613  -26.265  97.897 0.7500000000
67320  19.319  -25.906  102.208 0.7500000000
67323  16.704  -26.316  103.112 0.7500000000
67329  5.671  -26.209  102.469 0.8750000000
68395  4.056  -25.386  101.552 0.8750000000
69558  3.763  -24.645  101.150 0.8750000000
68446  18.458  -25.984  96.913 1.0000000000
68447  17.792  -25.843  96.709 0.8750000000
68362  18.043  -25.992  103.527 0.6250000000
68363  16.730  -26.051  103.654 0.7500000000
68382  8.207  -25.309  102.659 0.8750000000
67319  6.857  -26.232  103.053 0.8750000000
70617  3.470  -23.715  99.466 0.8750000000
70616  3.919  -23.346  99.710 0.8750000000
69590  19.263  -24.433  97.096 1.0000000000
68455  17.841  -25.516  96.258 1.0000000000
138105  16.704  -25.907  94.843 1.0000000000
69541  16.966  -24.993  103.321 0.6250000000
69531  15.471  -25.649  103.910 0.7500000000
69546  11.050  -25.335  102.353 0.7500000000
69556  10.486  -24.524  101.643 0.7500000000
70622  3.317  -23.389  98.190 0.8750000000
71557  3.861  -22.855  98.189 0.8750000000
70632  23.674  -24.018  96.145 0.6250000000
71572  24.236  -23.235  95.473 0.5000000000
68463  17.019  -25.602  94.787 1.0000000000
69542  16.052  -24.907  103.359 0.7500000000
69555  11.595  -24.627  101.685 0.7500000000
70593  11.208  -23.956  101.014 0.7500000000
71578  3.922  -22.498  95.354 0.8750000000
71565  3.887  -22.595  97.067 0.8750000000
71556  4.822  -22.799  98.704 0.7500000000
73311  23.363  -20.847  94.801 0.5000000000
73312  22.787  -19.985  94.517 0.6250000000
68464  16.576  -25.930  94.272 1.0000000000
67375  16.239  -26.324  93.825 1.0000000000
70574  15.536  -24.296  102.517 0.6250000000
70589  14.958  -23.784  101.666 0.6250000000
71586  4.022  -22.510  94.432 0.8750000000
71570  4.403  -22.395  96.019 0.8750000000
74187  22.272  -19.428  94.192 0.5000000000
75080  21.790  -19.140  93.898 0.3750000000
70590  14.044  -23.949  101.524 0.6250000000
71606  4.930  -22.818  92.534 0.8750000000
71607  4.201  -22.775  92.758 0.8750000000
75093  20.185  -19.239  93.503 0.3750000000
70677  4.727  -23.216  91.175 0.8750000000
74197  19.097  -19.384  93.232 0.2500000000
67418  5.848  -26.336  89.502 0.8750000000
69652  5.456  -24.634  89.785 0.8750000000
75105  17.478  -18.776  92.520 0.2500000000
75095  17.486  -18.786  93.407 0.2500000000
76044  16.444  -17.633  93.440 0.2500000000
66480  6.682  -27.070  89.355 0.8750000000
76051  16.349  -17.667  92.602 0.1250000000
143174  15.998  -16.956  93.011 0.1250000000
77988  16.018  -15.765  91.279 0.1250000000
77989  15.717  -15.120  91.822 0.1250000000
64611  6.559  -29.247  88.164 0.8750000000
83628  24.958  -9.181  86.768 0.1250000000
78909  15.842  -14.730  91.112 0.1250000000
142954  28.439  -9.478  88.243 0.1250000000
139978  27.943  -9.581  87.807 0.1250000000
62731  4.321  -31.859  86.524 0.8750000000
144455  3.832  -32.089  86.618 0.8750000000
82677  29.945  -10.285  89.931 0.1250000000
132532  4.284  -32.608  86.471 0.8750000000
61783  9.463  -32.345  82.954 0.7500000000
61784  8.925  -32.990  83.284 0.7500000000
61772  8.386  -32.952  84.285 0.7500000000
61754  7.928  -32.452  85.041 0.7500000000
60813  7.257  -33.247  85.103 0.8750000000
130316  6.372  -33.943  85.346 0.8750000000
60814  5.518  -34.407  85.693 0.8750000000
60799  4.856  -33.579  86.203 0.8750000000
74195  32.194  -19.534  93.492 0.2500000000
69702  41.943  -24.176  84.437 1.0000000000
70746  40.919  -23.838  83.854 0.8750000000
73320  32.031  -20.767  94.283 0.2500000000
70736  43.633  -24.293  85.544 1.0000000000
70757  40.293  -23.159  83.462 0.7500000000
71682  38.203  -22.500  84.026 0.7500000000
71598  32.649  -22.864  92.989 0.3750000000
71590  31.792  -23.020  93.868 0.3750000000
72453  31.826  -22.477  94.291 0.2500000000
135259  44.364  -24.040  85.716 0.8750000000
72539  37.562  -21.849  85.579 0.7500000000
126049  36.021  -21.284  87.250 0.5000000000
73376  35.110  -20.846  88.844 0.3750000000
151794  33.558  -21.418  90.137 0.3750000000
150894  33.119  -21.818  90.882 0.3750000000
132179  45.805  -24.227  86.544 0.7500000000
72505  34.760  -21.143  88.118 0.3750000000
72506  34.297  -21.083  88.815 0.3750000000
70712  47.420  -24.293  86.564 0.7500000000
68540  47.394  -25.024  86.159 0.7500000000
67486  46.850  -25.596  85.417 0.6250000000
70743  48.857  -23.406  84.865 0.7500000000
69701  47.753  -24.667  84.831 0.6250000000
134527  47.320  -25.194  85.189 0.3750000000
135419  48.469  -23.296  83.800 0.5000000000
69714  48.144  -23.987  84.387 0.5000000000
68587  47.046  -25.188  84.420 0.3750000000
74295  50.265  -19.049  83.367 1.0000000000
72574  49.713  -20.965  83.342 0.6250000000
71693  49.209  -22.703  84.241 0.6250000000
70769  47.109  -23.392  82.815 0.2500000000
79928  49.104  -13.810  85.285 1.0000000000
80889  48.561  -12.821  85.391 1.0000000000
80890  48.005  -12.453  85.553 1.0000000000
79988  54.026  -13.826  80.483 0.8750000000
80003  54.125  -13.084  80.142 0.7500000000
82822  49.009  -9.296  77.349 0.5000000000
82830  48.519  -10.043  76.771 0.5000000000
79035  54.196  -14.608  80.252 0.8750000000
80965  53.774  -11.486  80.048 0.8750000000
81922  53.058  -10.420  79.553 0.8750000000
82820  50.931  -9.370  77.994 0.5000000000
83721  47.129  -9.002  76.871 0.5000000000
78127  53.436  -15.589  80.556 0.8750000000
79020  52.883  -13.784  80.954 0.8750000000
83723  45.581  -9.684  76.373 0.5000000000
144071  53.707  -16.226  80.265 0.8750000000
77195  53.535  -16.755  79.802 0.8750000000
146571  53.600  -17.775  78.570 0.8750000000
67342  20.233  -26.285  100.255 0.7500000000
68410  20.743  -26.081  100.140 0.7500000000
67351  19.667  -26.348  100.442 0.7500000000
68398  21.041  -26.123  100.939 0.7500000000
68389  20.088  -25.882  101.557 0.7500000000
68437  19.468  -25.967  97.980 0.8750000000
147323  19.249  -25.182  102.586 0.6250000000
68372  6.661  -25.296  103.242 0.8750000000
69535  5.337  -24.434  103.185 0.7500000000
69551  3.970  -24.753  102.004 0.7500000000
70595  4.625  -23.508  102.296 0.7500000000
70625  23.389  -23.967  97.167 0.7500000000
70626  21.972  -23.827  97.487 0.8750000000
69585  19.014  -25.663  97.304 1.0000000000
68438  18.917  -26.205  97.526 0.8750000000
70572  17.614  -24.508  102.571 0.6250000000
69548  8.653  -24.479  102.520 0.7500000000
69549  8.048  -24.414  102.986 0.8750000000
69533  6.848  -24.342  103.553 0.8750000000
70611  4.028  -23.671  100.630 0.8750000000
70615  4.590  -23.300  100.318 0.7500000000
69591  18.500  -25.078  96.680 1.0000000000
70573  16.560  -24.233  102.431 0.6250000000
70587  17.361  -23.863  101.768 0.6250000000
69557  9.455  -24.544  102.047 0.7500000000
71547  5.086  -23.035  99.692 0.7500000000
70631  24.037  -23.857  95.947 0.6250000000
69598  17.523  -25.166  95.390 1.0000000000
144154  15.896  -23.696  101.696 0.6250000000
70592  12.189  -24.080  101.084 0.6250000000
71564  4.811  -22.662  97.747 0.8750000000
74177  22.520  -19.391  95.290 0.3750000000
70607  12.773  -23.528  100.584 0.6250000000
71576  5.520  -22.366  95.485 0.8750000000
127069  5.348  -22.405  96.256 0.8750000000
140326  5.663  -22.671  98.254 0.7500000000
75081  21.364  -19.210  94.557 0.3750000000
71585  4.701  -22.440  93.993 0.8750000000
126428  6.301  -22.493  96.227 0.8750000000
142723  5.882  -22.460  96.761 0.8750000000
144894  18.593  -19.134  94.590 0.3750000000
69637  5.438  -23.966  90.112 0.8750000000
71616  5.297  -22.952  91.751 0.8750000000
71584  5.897  -22.551  93.961 0.8750000000
125940  5.358  -22.369  94.630 0.8750000000
149300  17.486  -18.708  94.148 0.2500000000
69636  6.326  -24.228  90.066 0.8750000000
77977  15.791  -15.653  92.243 0.1250000000
77010  15.935  -16.230  92.664 0.1250000000
66491  7.412  -27.741  89.020 0.8750000000
78910  15.451  -14.392  91.872 0.1250000000
78900  15.599  -14.939  92.557 0.1250000000
65585  7.669  -29.042  88.119 0.8750000000
64623  7.294  -29.793  87.741 0.8750000000
65568  8.032  -28.250  88.442 0.7500000000
63697  6.852  -30.539  87.279 0.8750000000
64624  6.120  -29.887  87.662 0.8750000000
78919  15.428  -13.884  91.172 0.1250000000
63698  5.526  -30.582  87.160 0.8750000000
63749  10.257  -30.391  83.464 0.7500000000
142140  9.621  -31.806  83.496 0.7500000000
62754  8.651  -32.044  84.739 0.7500000000
63742  9.894  -30.575  84.255 0.7500000000
63729  9.323  -30.511  85.114 0.7500000000
62743  8.721  -31.242  85.224 0.8750000000
149308  6.482  -33.374  85.588 0.8750000000
61755  6.429  -32.840  85.848 0.8750000000
131505  41.653  -23.395  83.770 0.8750000000
70737  42.923  -23.913  84.666 1.0000000000
70756  41.072  -22.830  83.474 0.8750000000
71698  40.478  -22.323  83.421 0.8750000000
72552  38.706  -21.945  84.545 0.7500000000
70744  43.884  -23.558  84.835 1.0000000000
71696  42.887  -22.122  83.589 1.0000000000
71697  41.216  -21.946  83.356 0.8750000000
72536  39.963  -21.110  84.875 0.7500000000
72538  38.443  -21.726  85.495 0.6250000000
72514  36.958  -21.396  87.175 0.5000000000
73375  36.409  -20.948  88.672 0.3750000000
70735  44.845  -23.556  85.530 1.0000000000
71678  44.591  -22.821  84.509 1.0000000000
147094  37.856  -21.515  87.097 0.5000000000
142584  37.331  -20.985  88.809 0.5000000000
71676  46.499  -22.285  84.938 0.8750000000
71666  46.185  -22.937  85.655 1.0000000000
71677  45.541  -22.476  84.710 1.0000000000
148072  48.127  -22.650  85.832 0.8750000000
70720  47.627  -23.767  86.458 0.7500000000
72534  49.139  -21.128  85.413 0.8750000000
71664  48.977  -22.902  85.776 0.7500000000
69689  48.242  -24.080  85.890 0.7500000000
74266  50.318  -19.236  84.437 1.0000000000
73419  50.091  -20.561  84.004 0.8750000000
72561  49.827  -21.311  84.142 0.8750000000
77111  49.842  -16.751  84.789 1.0000000000
74284  50.451  -19.183  83.928 1.0000000000
78959  49.328  -14.680  85.357 1.0000000000
78050  49.498  -15.785  85.313 1.0000000000
78960  48.733  -14.241  85.863 1.0000000000
78051  48.792  -15.077  85.981 1.0000000000
79929  48.624  -13.507  85.672 1.0000000000
80891  47.390  -12.193  85.513 0.8750000000
80019  54.326  -13.981  80.044 0.7500000000
80004  53.821  -12.259  79.861 0.8750000000
80980  52.529  -11.254  78.672 0.7500000000
141039  51.276  -10.260  77.876 0.5000000000
149885  50.451  -10.140  77.446 0.5000000000
82831  47.575  -9.812  76.582 0.5000000000
78126  54.090  -15.709  80.197 0.7500000000
82832  46.692  -9.687  76.449 0.5000000000
76222  53.868  -17.178  79.617 0.8750000000
75308  53.414  -18.090  77.881 0.8750000000
73486  53.654  -20.706  74.116 0.7500000000
68408  22.479  -25.557  101.016 0.6250000000
69562  23.156  -25.109  101.431 0.6250000000
68423  21.308  -25.555  99.759 0.7500000000
69566  22.443  -25.249  100.078 0.7500000000
68409  21.645  -25.826  100.616 0.7500000000
68387  21.877  -25.424  101.724 0.6250000000
68374  21.241  -25.435  101.821 0.7500000000
70567  5.552  -23.544  103.864 0.7500000000
70563  5.817  -22.800  104.418 0.7500000000
69582  21.387  -24.361  98.290 0.8750000000
69574  20.868  -25.099  98.948 0.7500000000
68424  20.388  -25.830  99.346 0.7500000000
69536  21.728  -25.091  102.083 0.7500000000
70569  20.432  -24.620  102.064 0.6250000000
70599  20.293  -23.703  101.588 0.6250000000
69534  6.093  -24.337  103.558 0.7500000000
70578  4.952  -23.667  103.063 0.7500000000
150475  23.939  -24.072  97.261 0.7500000000
69581  22.633  -24.209  98.211 0.8750000000
69583  20.489  -24.676  98.293 0.8750000000
70585  19.192  -24.265  101.898 0.6250000000
70600  19.621  -23.850  101.592 0.6250000000
70575  8.875  -23.467  102.456 0.7500000000
70577  7.498  -23.810  103.562 0.7500000000
70624  24.031  -23.949  96.737 0.7500000000
70627  20.646  -23.950  97.593 1.0000000000
69584  19.744  -24.818  97.841 1.0000000000
70586  18.284  -24.106  101.869 0.6250000000
70602  18.017  -23.524  101.165 0.6250000000
71523  16.945  -22.971  100.167 0.6250000000
145048  10.391  -23.625  101.181 0.7500000000
70594  9.677  -23.640  101.707 0.7500000000
70610  4.604  -23.422  101.346 0.7500000000
70588  16.646  -23.682  101.569 0.6250000000
70604  16.335  -23.372  100.852 0.6250000000
72437  24.103  -21.987  96.072 0.6250000000
74170  23.483  -19.988  96.227 0.6250000000
137852  22.943  -19.602  95.849 0.6250000000
133827  15.413  -23.351  100.806 0.6250000000
70606  13.567  -23.583  100.815 0.6250000000
71526  13.407  -23.084  100.030 0.6250000000
70608  11.808  -23.458  100.435 0.6250000000
71563  5.983  -22.521  97.494 0.7500000000
75071  21.884  -19.203  95.318 0.3750000000
75072  21.044  -19.208  95.520 0.6250000000
71562  6.732  -22.568  96.927 0.8750000000
74179  20.326  -19.314  94.981 0.3750000000
71615  6.316  -22.775  91.617 0.7500000000
71605  5.922  -22.671  92.410 0.8750000000
125941  6.364  -22.492  94.739 0.7500000000
134108  17.914  -18.780  94.711 0.2500000000
68500  7.255  -25.314  89.595 0.8750000000
71626  6.675  -23.051  91.004 0.8750000000
75075  17.213  -18.155  94.743 0.2500000000
67434  7.719  -26.860  89.201 0.7500000000
63714  6.282  -31.296  86.620 0.8750000000
65584  8.547  -28.633  87.734 0.7500000000
64622  8.264  -29.455  87.466 0.8750000000
63715  4.831  -31.225  86.707 0.8750000000
65593  9.058  -29.071  87.099 0.7500000000
64638  9.418  -29.409  86.344 0.7500000000
143342  8.732  -29.820  86.761 0.8750000000
63713  7.529  -30.903  86.569 0.8750000000
140405  5.411  -31.800  86.371 0.8750000000
63741  10.368  -29.867  84.147 0.7500000000
64651  9.702  -29.703  85.504 0.7500000000
63730  8.695  -30.650  85.684 0.7500000000
63712  8.377  -30.482  86.342 0.8750000000
62729  7.283  -31.573  86.053 0.8750000000
62730  6.317  -32.035  86.082 0.8750000000
61738  5.297  -32.592  86.204 0.8750000000
64661  9.967  -30.005  84.808 0.7500000000
64652  9.039  -30.093  85.963 0.7500000000
63731  8.122  -31.091  85.883 0.8750000000
62745  7.214  -32.298  85.613 0.8750000000
65637  9.975  -28.554  81.988 0.5000000000
66585  7.435  -27.820  81.914 0.5000000000
66566  6.810  -27.086  82.444 0.6250000000
73398  41.225  -20.200  85.800 0.8750000000
73399  40.549  -20.644  85.355 0.8750000000
72564  43.055  -21.185  83.404 1.0000000000
73411  41.131  -20.288  84.454 1.0000000000
145406  39.970  -21.053  86.181 0.6250000000
72522  39.106  -21.479  86.464 0.6250000000
72503  38.349  -21.333  88.563 0.5000000000
73365  36.487  -20.728  89.468 0.5000000000
73366  35.505  -20.658  89.569 0.3750000000
71694  44.813  -21.849  83.888 1.0000000000
72535  47.613  -21.991  85.117 1.0000000000
74252  49.086  -19.361  85.052 1.0000000000
73397  49.458  -20.197  85.121 1.0000000000
130346  49.143  -22.082  85.590 0.8750000000
75189  49.873  -18.487  85.032 1.0000000000
74251  49.683  -19.310  85.050 1.0000000000
72546  49.843  -21.265  84.726 0.8750000000
77112  48.618  -15.918  86.018 1.0000000000
126514  49.338  -16.772  85.441 1.0000000000
79931  47.233  -13.188  85.912 0.8750000000
79930  48.047  -13.297  85.972 1.0000000000
79052  54.261  -15.033  79.851 0.7500000000
79053  53.737  -14.423  79.207 0.7500000000
80020  53.798  -13.291  79.583 0.7500000000
80992  52.796  -12.467  78.796 0.7500000000
80999  51.046  -12.078  76.894 0.3750000000
149151  50.568  -11.016  76.992 0.5000000000
76221  54.175  -17.135  79.550 0.7500000000
128251  48.943  -10.789  76.444 0.5000000000
81948  48.133  -10.698  76.276 0.3750000000
76239  53.932  -17.620  79.171 0.8750000000
74338  53.763  -18.614  76.834 0.8750000000
141120  53.700  -19.607  75.377 0.7500000000
73494  54.050  -21.341  73.468 0.6250000000
69571  23.953  -24.360  98.888 0.7500000000
69565  23.409  -24.731  99.891 0.7500000000
70598  24.002  -24.385  101.441 0.6250000000
138919  23.265  -24.555  102.001 0.6250000000
126701  22.870  -24.015  102.126 0.6250000000
69572  23.092  -24.591  99.034 0.7500000000
69573  21.932  -24.808  99.110 0.7500000000
135984  21.797  -24.032  101.989 0.6250000000
71509  21.175  -23.538  101.573 0.6250000000
70565  7.293  -22.940  104.101 0.7500000000
70562  6.574  -22.588  104.468 0.7500000000
71534  20.093  -22.715  100.424 0.6250000000
71535  19.367  -22.644  100.111 0.6250000000
148320  9.372  -22.219  101.866 0.7500000000
71504  8.313  -21.958  103.328 0.7500000000
71501  7.231  -22.208  104.317 0.7500000000
71499  5.708  -22.158  104.340 0.7500000000
143560  24.240  -23.930  97.381 0.7500000000
71559  24.543  -22.817  97.161 0.6250000000
71536  18.495  -22.581  99.777 0.6250000000
71538  16.735  -22.368  99.296 0.6250000000
72417  12.761  -21.992  98.891 0.6250000000
71543  11.380  -21.853  99.563 0.6250000000
71510  9.853  -22.721  101.349 0.7500000000
72397  9.551  -21.628  101.571 0.7500000000
139708  5.491  -21.863  103.700 0.7500000000
72433  24.660  -21.840  97.453 0.6250000000
73291  24.460  -20.838  97.352 0.6250000000
74165  24.366  -20.044  97.616 0.6250000000
71539  15.904  -22.107  99.018 0.6250000000
71551  14.135  -21.925  98.665 0.6250000000
71528  11.553  -22.697  99.951 0.6250000000
70609  10.817  -23.033  100.594 0.7500000000
71513  6.201  -22.318  101.736 0.7500000000
72436  24.383  -22.296  96.762 0.6250000000
73295  24.237  -21.353  96.802 0.6250000000
73292  24.031  -20.378  96.896 0.6250000000
71525  14.945  -22.864  100.007 0.6250000000
143026  14.175  -22.820  99.858 0.6250000000
71546  6.286  -22.814  99.972 0.7500000000
71541  13.613  -22.435  99.189 0.6250000000
131006  6.991  -22.731  99.284 0.7500000000
71604  7.103  -22.481  92.332 0.7500000000
125371  7.924  -22.420  94.060 0.8750000000
125708  7.685  -22.474  97.160 0.7500000000
70703  7.179  -23.822  90.185 0.7500000000
71614  7.317  -22.629  91.430 0.7500000000
71593  7.468  -22.410  93.282 0.7500000000
71574  8.042  -22.541  95.637 0.7500000000
71568  8.573  -22.333  96.576 0.7500000000
138192  7.938  -23.869  89.837 0.7500000000
149855  8.066  -22.462  91.179 0.7500000000
67416  7.953  -25.963  89.227 0.7500000000
68499  8.349  -25.124  89.303 0.7500000000
149408  9.019  -24.668  89.158 0.7500000000
67433  8.582  -26.587  88.863 0.7500000000
68518  8.739  -25.852  88.948 0.7500000000
68517  9.307  -25.318  88.722 0.7500000000
66490  8.358  -27.434  88.728 0.7500000000
67432  9.262  -26.235  88.499 0.7500000000
66508  8.820  -27.840  88.016 0.7500000000
66507  9.538  -27.473  87.634 0.7500000000
67460  9.715  -26.656  87.854 0.7500000000
65583  9.294  -28.255  87.356 0.7500000000
64660  10.810  -29.136  83.941 0.7500000000
65607  10.725  -28.471  85.404 0.7500000000
65608  10.115  -29.001  85.893 0.7500000000
65636  10.572  -28.259  82.540 0.6250000000
64669  10.827  -28.779  83.086 0.7500000000
65616  11.379  -27.870  83.939 0.7500000000
66583  9.275  -27.822  81.832 0.5000000000
66564  10.773  -27.355  82.528 0.5000000000
66563  11.201  -27.068  82.866 0.5000000000
66552  11.402  -27.129  83.476 0.7500000000
66565  8.092  -27.026  82.223 0.5000000000
132186  10.104  -27.655  82.157 0.5000000000
67508  10.858  -26.502  82.636 0.5000000000
67507  11.297  -26.406  83.134 0.3750000000
151764  6.372  -26.644  82.746 0.5000000000
67511  6.923  -26.387  82.661 0.5000000000
67510  8.888  -26.282  82.311 0.5000000000
68602  10.305  -25.771  82.547 0.5000000000
68601  11.034  -25.691  82.858 0.5000000000
138917  11.532  -25.627  83.457 0.5000000000
68604  6.727  -25.627  82.842 0.5000000000
137778  7.753  -25.905  82.572 0.5000000000
142647  9.480  -25.798  82.424 0.6250000000
72501  40.789  -21.315  88.757 0.5000000000
72490  39.977  -21.458  90.000 0.5000000000
72491  39.062  -21.222  90.306 0.5000000000
129060  7.541  -25.096  82.768 0.5000000000
68603  8.574  -25.380  82.596 0.3750000000
73392  40.771  -20.719  86.539 0.7500000000
72511  40.597  -21.170  87.898 0.6250000000
126640  39.156  -21.394  89.258 0.5000000000
73354  37.604  -20.841  90.661 0.5000000000
69737  6.458  -25.022  82.698 0.3750000000
69736  8.559  -24.612  82.540 0.3750000000
137875  42.429  -20.496  83.516 1.0000000000
74255  41.824  -19.699  85.110 1.0000000000
72512  39.288  -21.557  87.481 0.6250000000
72502  39.256  -21.528  88.328 0.5000000000
72492  38.245  -21.140  89.478 0.5000000000
73406  48.831  -20.230  85.033 1.0000000000
73407  47.810  -20.123  84.475 1.0000000000
76139  49.388  -17.625  85.276 1.0000000000
79067  52.910  -14.790  77.982 0.6250000000
79068  52.154  -14.239  77.437 0.5000000000
77209  54.312  -16.125  79.322 0.6250000000
78142  53.867  -15.429  78.739 0.6250000000
80998  51.929  -12.014  77.782 0.3750000000
77208  54.576  -16.920  79.059 0.7500000000
149527  54.665  -17.247  78.636 0.6250000000
77225  54.555  -16.599  78.328 0.6250000000
81947  49.645  -11.209  76.373 0.3750000000
81954  48.832  -11.449  75.927 0.3750000000
76238  54.365  -17.547  78.888 0.7500000000
76253  54.711  -17.457  78.211 0.7500000000
75335  54.925  -18.209  76.708 0.7500000000
75322  53.849  -18.275  77.712 0.7500000000
74336  54.971  -18.667  75.848 0.7500000000
74352  54.642  -19.646  74.325 0.6250000000
74377  54.695  -20.000  72.681 0.6250000000
69564  24.146  -24.396  99.783 0.7500000000
70597  24.622  -23.737  100.921 0.6250000000
70581  23.758  -23.879  101.910 0.6250000000
71507  23.506  -23.247  101.738 0.6250000000
70619  24.437  -24.003  98.167 0.7500000000
70614  24.509  -24.096  98.973 0.7500000000
70613  24.792  -23.797  99.839 0.6250000000
147685  25.098  -23.101  100.484 0.6250000000
71506  24.141  -23.260  101.597 0.6250000000
71517  23.207  -22.394  101.221 0.6250000000
71518  22.095  -22.318  100.743 0.6250000000
72404  20.950  -22.329  100.324 0.6250000000
70620  23.798  -24.151  97.944 0.7500000000
71533  25.348  -22.964  99.582 0.7500000000
132824  25.304  -22.048  100.595 0.6250000000
150363  24.892  -22.120  101.167 0.6250000000
72403  21.737  -21.429  100.201 0.6250000000
72412  20.083  -22.140  99.779 0.6250000000
134092  19.267  -21.866  99.316 0.6250000000
73265  8.451  -20.646  103.425 0.7500000000
72389  7.084  -21.602  104.570 0.7500000000
72390  5.798  -21.490  104.481 0.7500000000
70623  24.669  -23.468  97.741 0.7500000000
144254  24.939  -22.677  97.782 0.6250000000
72423  25.178  -21.903  98.327 0.6250000000
72410  25.460  -22.029  99.376 0.5000000000
72409  25.284  -20.953  100.615 0.6250000000
130115  25.069  -20.155  100.852 0.6250000000
127217  20.155  -19.910  99.059 0.6250000000
72413  18.273  -21.896  99.041 0.6250000000
72414  17.391  -21.854  98.783 0.6250000000
72418  11.977  -21.338  98.949 0.6250000000
73272  10.165  -20.452  100.574 0.6250000000
72398  9.172  -20.985  102.315 0.6250000000
71505  5.632  -22.149  102.735 0.7500000000
73282  24.855  -20.794  98.140 0.5000000000
137634  25.046  -20.286  99.034 0.5000000000
75032  24.773  -18.782  99.849 0.5000000000
75033  24.362  -17.942  100.333 0.6250000000
75987  23.271  -16.764  99.757 0.5000000000
72426  17.114  -21.004  98.297 0.6250000000
72428  15.115  -21.016  98.150 0.6250000000
71552  13.413  -21.791  98.652 0.6250000000
73279  12.288  -20.280  98.654 0.6250000000
72419  11.242  -21.092  99.478 0.6250000000
72399  6.405  -21.498  102.291 0.7500000000
76955  23.915  -16.774  101.009 0.6250000000
76968  22.917  -16.202  100.305 0.5000000000
77941  20.864  -15.818  99.483 0.3750000000
73288  14.327  -20.512  98.031 0.6250000000
73289  13.316  -20.301  98.191 0.6250000000
71530  7.530  -21.935  100.431 0.7500000000
76969  21.944  -15.916  99.865 0.3750000000
142562  7.737  -22.529  98.793 0.7500000000
77942  19.884  -15.656  99.119 0.3750000000
72466  8.747  -21.871  92.223 0.7500000000
71603  8.043  -22.325  91.873 0.7500000000
71573  9.158  -22.180  95.665 0.7500000000
71561  8.608  -22.220  97.575 0.7500000000
70702  8.623  -23.572  89.660 0.7500000000
70711  9.825  -23.765  88.903 0.7500000000
69663  9.599  -24.488  88.744 0.7500000000
68516  10.071  -24.992  88.226 0.7500000000
68538  9.882  -25.820  88.078 0.7500000000
68537  10.481  -25.433  87.617 0.7500000000
68536  11.094  -25.126  87.125 0.7500000000
67459  10.335  -26.232  87.446 0.7500000000
67478  10.866  -26.544  86.715 0.7500000000
65591  10.408  -28.236  86.259 0.7500000000
67485  11.453  -26.290  85.800 0.7500000000
67491  11.632  -26.364  84.769 0.6250000000
68586  11.896  -25.616  84.207 0.5000000000
145796  11.928  -24.734  83.703 0.5000000000
70753  12.330  -23.341  84.152 0.5000000000
72558  12.330  -21.623  84.771 0.3750000000
147967  11.981  -21.255  84.413 0.3750000000
72467  40.926  -21.100  91.557 0.5000000000
69734  10.510  -24.937  82.726 0.5000000000
143790  11.604  -24.206  83.144 0.5000000000
71707  11.828  -22.799  83.703 0.5000000000
71692  11.931  -21.895  84.130 0.3750000000
72489  40.929  -21.391  89.872 0.6250000000
126482  40.643  -21.345  90.664 0.5000000000
126341  9.507  -25.054  82.608 0.5000000000
69725  10.884  -24.140  82.800 0.3750000000
70766  11.336  -23.485  83.160 0.5000000000
72571  11.172  -21.989  83.667 0.3750000000
73416  11.638  -20.709  84.460 0.3750000000
74279  11.035  -20.024  84.531 0.3750000000
72500  41.332  -21.001  88.437 0.6250000000
72488  41.601  -21.083  89.418 0.6250000000
70785  7.398  -24.195  81.676 0.2500000000
69750  8.279  -24.303  82.294 0.2500000000
69735  9.723  -24.140  82.698 0.3750000000
69726  10.289  -23.331  82.942 0.3750000000
72560  10.963  -20.732  84.084 0.3750000000
74262  10.586  -19.322  85.051 0.3750000000
74242  41.960  -19.746  86.378 1.0000000000
72572  10.479  -21.329  83.712 0.3750000000
74280  10.107  -19.779  84.508 0.3750000000
75190  49.133  -18.361  85.177 1.0000000000
78158  53.226  -15.613  77.285 0.6250000000
79078  51.707  -14.255  76.706 0.3750000000
77242  54.823  -16.656  77.537 0.6250000000
129104  49.965  -12.287  75.722 0.3750000000
76252  55.089  -17.177  77.427 0.6250000000
77241  55.150  -16.761  77.138 0.6250000000
125591  50.227  -11.805  76.304 0.3750000000
81000  49.600  -11.783  75.933 0.3750000000
81008  48.364  -12.049  75.361 0.2500000000
75343  55.427  -18.142  75.186 0.7500000000
76272  55.367  -17.428  76.605 0.6250000000
74361  54.893  -19.157  73.065 0.6250000000
138428  54.135  -18.229  72.244 0.5000000000
75371  54.914  -18.482  72.908 0.6250000000
76313  53.552  -18.141  71.720 0.3750000000
77287  53.708  -15.940  70.894 0.3750000000
77288  53.260  -16.882  70.996 0.3750000000
75381  53.106  -18.563  71.136 0.2500000000
78230  53.305  -15.400  70.317 0.2500000000
78231  52.848  -16.188  70.406 0.3750000000
77289  52.543  -17.002  70.283 0.1250000000
79197  52.846  -14.944  69.632 0.1250000000
78243  52.583  -15.677  69.861 0.1250000000
139664  53.894  -13.608  68.557 0.1250000000
79213  53.322  -14.274  69.106 0.1250000000
79214  52.410  -14.728  68.689 0.1250000000
71516  24.251  -22.396  101.382 0.6250000000
74132  8.555  -19.879  103.378 0.7500000000
72401  23.946  -21.615  101.291 0.6250000000
73270  22.410  -20.402  100.379 0.6250000000
73261  7.879  -20.386  104.015 0.7500000000
73258  7.052  -20.451  104.619 0.7500000000
72400  24.805  -21.224  101.171 0.6250000000
73269  23.538  -20.187  101.032 0.6250000000
74149  20.947  -19.720  99.533 0.6250000000
73283  19.342  -20.106  98.754 0.6250000000
142848  9.627  -20.550  101.520 0.6250000000
73260  5.791  -20.624  104.557 0.7500000000
134090  24.462  -20.109  101.224 0.6250000000
74141  23.990  -19.213  101.194 0.6250000000
75024  22.397  -18.486  100.965 0.6250000000
73284  18.509  -20.195  98.509 0.6250000000
73286  16.679  -20.085  98.005 0.6250000000
72396  5.549  -20.941  103.644 0.7500000000
75016  23.767  -17.216  101.266 0.6250000000
76956  23.299  -16.216  101.070 0.6250000000
141216  15.814  -20.538  98.030 0.6250000000
77935  21.562  -15.295  100.310 0.5000000000
72408  7.869  -21.229  100.800 0.7500000000
72407  8.276  -21.487  100.006 0.7500000000
77936  20.512  -15.186  99.889 0.3750000000
141020  8.522  -21.709  99.245 0.7500000000
73273  8.534  -20.662  100.245 0.7500000000
72458  8.846  -21.860  93.065 0.7500000000
72449  8.888  -22.004  94.014 0.7500000000
72438  9.973  -21.767  96.047 0.7500000000
72432  9.284  -21.708  97.983 0.7500000000
144866  9.065  -20.390  99.614 0.7500000000
72475  9.404  -21.445  91.144 0.7500000000
71613  8.701  -21.953  91.332 0.7500000000
72457  9.603  -21.530  93.526 0.7500000000
72442  9.895  -21.733  95.248 0.7500000000
132038  9.934  -21.576  96.754 0.7500000000
72431  9.638  -20.975  98.235 0.7500000000
72420  9.397  -20.643  99.013 0.7500000000
71636  8.847  -22.823  89.863 0.7500000000
72486  9.644  -21.562  90.467 0.7500000000
70701  9.373  -23.308  89.410 0.7500000000
69649  9.172  -24.028  89.265 0.7500000000
72499  10.075  -21.807  89.792 0.7500000000
70700  10.077  -23.090  89.113 0.7500000000
70710  10.487  -23.465  88.589 0.7500000000
69677  10.756  -24.641  87.772 0.6250000000
70731  11.973  -23.350  86.708 0.6250000000
127184  11.649  -24.915  86.440 0.6250000000
69688  12.083  -24.148  86.262 0.6250000000
68576  11.892  -25.598  85.148 0.6250000000
69699  12.105  -24.794  85.582 0.5000000000
69713  12.170  -24.870  84.613 0.5000000000
69698  12.341  -24.040  85.548 0.5000000000
129667  12.482  -22.808  85.420 0.3750000000
71691  12.403  -22.563  84.604 0.3750000000
72532  12.468  -21.534  86.165 0.3750000000
71674  12.498  -22.046  85.450 0.3750000000
74248  12.094  -20.021  85.831 0.3750000000
74261  11.468  -19.558  85.322 0.3750000000
75181  10.792  -18.130  86.228 0.3750000000
137784  9.847  -17.872  86.191 0.3750000000
75205  11.100  -18.837  85.727 0.3750000000
75206  10.016  -18.663  85.542 0.3750000000
73417  10.066  -20.489  84.003 0.3750000000
74263  9.554  -19.384  84.917 0.3750000000
75182  8.940  -18.503  85.759 0.3750000000
129277  53.239  -15.788  76.191 0.5000000000
78173  52.417  -15.440  76.136 0.5000000000
78174  51.721  -14.853  75.994 0.5000000000
80051  51.179  -13.837  75.963 0.3750000000
79091  50.610  -13.870  74.960 0.3750000000
78172  54.136  -16.211  77.196 0.6250000000
78171  54.875  -16.373  76.744 0.6250000000
80041  50.487  -12.423  76.164 0.3750000000
78170  55.384  -16.399  76.243 0.5000000000
75352  55.481  -18.255  74.160 0.6250000000
76296  55.828  -17.402  74.554 0.7500000000
77258  55.760  -16.776  75.766 0.5000000000
76310  55.453  -17.408  73.059 0.6250000000
76311  54.857  -17.830  72.685 0.6250000000
144514  55.307  -16.450  72.322 0.5000000000
77279  54.733  -17.140  72.358 0.6250000000
131849  54.757  -16.426  71.901 0.5000000000
143595  54.074  -16.403  71.429 0.3750000000
79182  54.806  -14.833  70.821 0.5000000000
78228  55.555  -15.069  71.480 0.5000000000
79183  54.105  -15.288  70.686 0.3750000000
79196  53.925  -14.671  70.049 0.1250000000
79195  54.886  -14.181  70.178 0.2500000000
80185  54.224  -13.147  67.836 0.1250000000
148872  54.550  -13.549  69.053 0.1250000000
81108  54.957  -12.744  67.580 0.1250000000
74128  8.936  -19.110  103.032 0.6250000000
75017  9.837  -18.883  101.542 0.6250000000
74136  9.545  -19.694  101.936 0.6250000000
148254  7.952  -19.596  103.914 0.7500000000
74126  6.382  -19.735  104.568 0.7500000000
75034  21.259  -18.820  99.987 0.6250000000
75035  20.285  -18.412  99.819 0.6250000000
74151  19.288  -18.578  99.322 0.6250000000
75039  11.514  -18.960  99.391 0.6250000000
74144  10.506  -19.635  100.317 0.6250000000
74135  9.906  -19.664  101.052 0.6250000000
74130  5.699  -19.357  104.240 0.7500000000
75976  22.338  -17.517  101.408 0.6250000000
133972  18.187  -19.320  98.503 0.6250000000
74160  16.599  -19.087  97.997 0.6250000000
74143  11.100  -19.650  99.665 0.6250000000
74133  5.615  -19.468  103.548 0.7500000000
75967  23.039  -17.069  101.540 0.6250000000
76946  22.795  -16.494  101.482 0.6250000000
130076  15.181  -18.690  97.863 0.6250000000
148388  13.925  -19.913  97.902 0.6250000000
74163  12.762  -19.579  98.357 0.6250000000
74137  6.989  -20.035  102.023 0.7500000000
74146  7.623  -19.969  101.341 0.7500000000
77915  22.655  -15.823  101.489 0.5000000000
77927  22.125  -14.842  101.063 0.5000000000
73274  7.986  -20.553  100.934 0.7500000000
74145  8.261  -19.851  100.670 0.7500000000
143329  8.833  -19.072  99.593 0.6250000000
73336  9.843  -20.906  91.694 0.7500000000
72464  10.126  -21.093  93.223 0.7500000000
72456  10.297  -21.215  93.977 0.7500000000
150966  10.335  -21.253  96.345 0.7500000000
73290  9.765  -20.133  98.441 0.7500000000
73349  9.948  -21.026  90.873 0.6250000000
73335  10.378  -20.601  92.584 0.6250000000
129501  10.583  -22.889  88.805 0.6250000000
71643  10.837  -22.430  88.749 0.6250000000
70719  11.021  -23.827  88.027 0.6250000000
70709  11.033  -22.952  88.276 0.6250000000
69676  11.488  -24.203  87.166 0.6250000000
71662  11.896  -22.558  87.140 0.6250000000
71650  12.218  -21.747  86.911 0.6250000000
71661  12.364  -22.495  86.244 0.3750000000
70730  12.350  -23.403  85.866 0.5000000000
72520  12.377  -20.935  86.792 0.3750000000
75180  11.483  -18.689  86.606 0.3750000000
76132  10.517  -17.609  86.766 0.3750000000
76108  9.753  -17.186  86.971 0.3750000000
73395  12.380  -20.753  86.061 0.3750000000
132205  8.794  -17.851  86.389 0.3750000000
74281  9.218  -19.828  84.242 0.3750000000
74264  8.616  -19.348  84.812 0.3750000000
75207  9.001  -19.072  85.296 0.3750000000
75183  7.908  -18.624  85.977 0.3750000000
78185  53.380  -15.678  75.363 0.5000000000
78186  52.578  -15.512  75.369 0.3750000000
78187  51.966  -15.276  75.398 0.3750000000
79090  51.366  -14.718  74.968 0.2500000000
78184  55.000  -15.939  75.833 0.5000000000
140587  54.118  -15.991  76.136 0.5000000000
78183  55.829  -15.797  75.440 0.5000000000
77265  56.401  -16.008  74.452 0.5000000000
129597  55.680  -16.361  75.807 0.5000000000
76295  56.220  -16.667  74.018 0.5000000000
76287  56.107  -16.650  74.959 0.5000000000
78208  56.144  -15.565  72.346 0.3750000000
77275  55.786  -16.172  72.507 0.5000000000
79156  56.174  -14.607  71.680 0.5000000000
77278  55.575  -15.808  71.976 0.5000000000
79180  56.223  -13.945  71.363 0.2500000000
79181  55.591  -14.221  70.984 0.3750000000
80143  56.035  -13.516  70.597 0.2500000000
81073  56.444  -12.492  69.247 0.2500000000
147862  55.878  -13.148  69.602 0.2500000000
79194  55.511  -13.709  70.218 0.2500000000
80153  55.038  -13.588  69.556 0.1250000000
80165  56.034  -12.691  68.839 0.2500000000
80184  55.838  -12.488  68.110 0.1250000000
75013  9.393  -19.007  102.341 0.6250000000
75996  11.426  -18.032  99.823 0.6250000000
140858  10.794  -18.249  100.493 0.6250000000
74124  7.554  -18.964  104.084 0.7500000000
75025  21.360  -17.971  100.709 0.6250000000
75989  19.474  -17.863  99.919 0.6250000000
75994  13.031  -17.060  98.975 0.6250000000
75995  12.236  -17.471  99.341 0.6250000000
75027  10.857  -18.870  100.015 0.6250000000
75957  6.359  -18.376  104.306 0.7500000000
75026  20.402  -17.540  100.593 0.6250000000
75036  18.696  -18.133  99.379 0.6250000000
75047  17.063  -18.396  98.373 0.6250000000
76006  14.193  -17.546  98.261 0.6250000000
75051  12.743  -18.728  98.455 0.6250000000
75963  5.768  -18.293  103.849 0.7500000000
75968  22.252  -16.773  101.622 0.6250000000
75969  21.440  -16.428  101.718 0.6250000000
138140  15.116  -17.783  98.087 0.6250000000
74162  13.565  -19.250  98.060 0.6250000000
74138  6.150  -19.520  102.685 0.7500000000
76947  22.077  -16.105  101.804 0.6250000000
78846  22.117  -14.939  101.607 0.5000000000
75019  6.120  -18.436  102.410 0.7500000000
75018  6.962  -19.010  101.740 0.7500000000
79826  20.812  -13.899  101.793 0.5000000000
145367  7.753  -19.170  101.020 0.7500000000
75029  8.284  -18.853  100.305 0.6250000000
73325  10.654  -20.650  93.558 0.6250000000
73297  10.672  -20.583  96.203 0.7500000000
73293  10.468  -20.290  96.918 0.6250000000
74164  9.639  -19.185  98.447 0.6250000000
132496  10.423  -20.280  91.769 0.6250000000
73313  11.099  -20.164  94.824 0.7500000000
74172  10.693  -19.621  96.492 0.7500000000
74168  10.392  -19.657  97.327 0.6250000000
75040  9.096  -18.678  98.998 0.6250000000
73348  10.291  -20.378  91.099 0.6250000000
74206  10.903  -19.845  92.258 0.6250000000
147339  10.115  -21.212  90.268 0.6250000000
73360  10.362  -20.609  90.396 0.6250000000
74216  10.677  -19.834  90.515 0.6250000000
72498  10.840  -21.681  89.051 0.6250000000
74224  10.793  -20.154  89.766 0.6250000000
73372  11.120  -20.652  89.041 0.6250000000
71642  11.284  -22.141  88.332 0.6250000000
71651  11.750  -21.896  87.643 0.6250000000
73389  12.121  -20.297  87.389 0.3750000000
75169  11.657  -18.674  87.598 0.3750000000
76131  11.262  -17.907  87.077 0.3750000000
76107  10.691  -17.322  87.496 0.3750000000
74239  11.937  -19.494  86.935 0.3750000000
77089  9.316  -16.641  87.557 0.5000000000
132658  8.588  -17.183  87.036 0.3750000000
75209  7.209  -19.054  85.402 0.3750000000
76133  7.775  -17.914  86.582 0.3750000000
147395  8.785  -19.790  83.766 0.3750000000
74282  8.359  -19.424  84.228 0.3750000000
74265  7.766  -19.172  84.763 0.3750000000
75208  8.181  -19.015  85.339 0.3750000000
75184  6.885  -18.639  86.215 0.5000000000
130670  8.993  -19.786  83.184 0.3750000000
78196  52.787  -15.394  74.652 0.2500000000
78202  53.100  -15.103  74.017 0.2500000000
78194  54.380  -15.610  75.331 0.5000000000
78195  53.628  -15.355  74.663 0.3750000000
78197  52.053  -15.255  74.705 0.2500000000
78182  56.316  -15.454  74.838 0.5000000000
125731  56.563  -14.779  72.958 0.3750000000
78201  56.501  -15.399  73.194 0.3750000000
78207  56.399  -15.259  72.632 0.3750000000
77274  56.216  -15.934  72.861 0.3750000000
150556  56.390  -13.815  71.608 0.3750000000
80129  56.496  -13.718  71.840 0.3750000000
81066  56.433  -12.634  70.547 0.2500000000
80142  56.325  -13.334  71.116 0.3750000000
80152  56.331  -12.864  70.117 0.2500000000
82003  56.893  -11.631  69.372 0.3750000000
81072  56.628  -12.181  69.513 0.2500000000
81071  57.056  -11.678  68.560 0.2500000000
136393  56.806  -12.079  68.810 0.2500000000
143901  57.431  -11.182  67.791 0.2500000000
142606  57.245  -11.495  67.821 0.2500000000
81086  56.918  -11.896  68.179 0.2500000000
82032  57.058  -11.595  67.436 0.2500000000
151174  9.240  -18.486  102.757 0.6250000000
74129  8.307  -19.040  103.606 0.7500000000
75982  11.043  -17.448  100.612 0.6250000000
75972  10.395  -17.986  101.253 0.6250000000
75012  9.738  -18.097  102.146 0.6250000000
75008  8.776  -18.387  103.325 0.7500000000
75960  7.866  -17.358  104.076 0.7500000000
76978  14.926  -16.855  98.633 0.6250000000
76979  13.888  -16.851  98.716 0.6250000000
75961  6.843  -17.586  104.172 0.7500000000
76958  19.393  -16.422  101.312 0.6250000000
75991  17.500  -17.166  99.504 0.6250000000
76005  15.907  -17.292  98.595 0.6250000000
77907  20.834  -14.967  102.453 0.6250000000
75966  5.736  -17.825  103.231 0.7500000000
78839  21.101  -14.239  102.132 0.5000000000
142787  6.061  -17.160  101.337 0.6250000000
75030  7.398  -18.246  100.959 0.7500000000
75041  8.472  -18.234  99.498 0.6250000000
73324  11.120  -20.083  94.076 0.6250000000
127216  10.915  -19.116  95.902 0.6250000000
75057  10.440  -19.004  97.020 0.6250000000
75052  9.291  -18.148  98.253 0.6250000000
74198  11.408  -19.370  93.793 0.6250000000
75085  11.384  -18.765  94.418 0.6250000000
75076  10.665  -18.396  95.693 0.6250000000
75064  9.975  -18.260  96.937 0.6250000000
74210  10.774  -19.622  91.339 0.6250000000
74205  11.317  -19.272  92.849 0.6250000000
75086  10.909  -18.172  94.928 0.6250000000
133145  11.134  -19.091  90.688 0.6250000000
75106  11.330  -18.503  92.480 0.6250000000
75118  11.285  -18.421  91.678 0.6250000000
133886  11.206  -19.234  89.829 0.6250000000
133801  11.285  -18.362  90.957 0.6250000000
73371  11.302  -19.722  89.057 0.6250000000
75131  11.308  -18.405  90.203 0.6250000000
73381  11.697  -20.172  88.254 0.5000000000
74223  11.434  -18.970  89.034 0.6250000000
149035  11.888  -20.688  87.837 0.5000000000
74231  11.657  -19.208  88.368 0.3750000000
76086  11.238  -17.676  88.859 0.6250000000
76075  10.874  -17.001  89.237 0.6250000000
76106  11.335  -17.770  87.957 0.3750000000
77068  10.352  -16.417  88.760 0.6250000000
78024  9.088  -15.595  89.082 0.6250000000
77069  9.438  -16.078  88.343 0.6250000000
78025  8.359  -15.795  88.528 0.6250000000
76087  10.824  -17.090  88.349 0.5000000000
77088  10.161  -16.655  87.855 0.6250000000
77070  8.297  -16.448  87.699 0.5000000000
76109  7.560  -17.275  87.163 0.5000000000
74283  7.653  -19.099  84.169 0.3750000000
75225  7.051  -19.061  84.698 0.3750000000
128258  6.544  -18.856  85.606 0.3750000000
76134  6.954  -17.961  86.810 0.5000000000
74294  8.299  -19.361  83.646 0.1250000000
131832  6.629  -18.960  85.124 0.3750000000
75185  5.992  -18.648  85.953 0.3750000000
76136  4.990  -17.969  86.788 0.5000000000
126503  55.513  -14.250  74.684 0.5000000000
79104  54.627  -14.974  74.685 0.3750000000
79105  53.879  -14.900  74.179 0.3750000000
79119  53.554  -14.525  73.619 0.2500000000
79103  56.006  -14.340  74.765 0.5000000000
79089  55.536  -15.179  75.155 0.5000000000
80083  53.981  -13.881  73.417 0.3750000000
79133  53.178  -14.085  72.870 0.2500000000
79117  56.484  -14.278  73.731 0.3750000000
79102  56.373  -14.691  74.435 0.5000000000
79088  56.099  -15.070  74.978 0.5000000000
80106  56.553  -13.876  72.475 0.3750000000
125877  56.548  -14.073  73.091 0.3750000000
125936  56.504  -14.463  72.424 0.3750000000
81050  56.561  -13.236  72.312 0.3750000000
81986  56.544  -12.296  71.091 0.3750000000
81996  56.654  -11.704  70.367 0.3750000000
145276  56.561  -11.633  71.268 0.3750000000
82884  56.838  -11.034  69.915 0.3750000000
83765  56.607  -10.167  70.524 0.3750000000
82002  57.268  -11.316  68.566 0.3750000000
83774  57.332  -10.158  68.865 0.3750000000
84649  57.115  -9.467  69.427 0.3750000000
84642  57.077  -8.496  69.620 0.3750000000
85563  57.301  -7.902  68.932 0.3750000000
75971  10.744  -17.031  101.361 0.6250000000
75964  9.923  -17.200  102.523 0.6250000000
76943  9.394  -16.839  103.281 0.7500000000
75959  8.723  -17.581  103.604 0.7500000000
77928  17.093  -15.421  101.304 0.5000000000
76961  15.728  -15.966  99.777 0.6250000000
77938  14.882  -15.719  99.788 0.6250000000
76962  13.007  -15.788  100.038 0.6250000000
76964  11.392  -16.593  100.853 0.6250000000
76952  11.159  -16.306  101.699 0.6250000000
135101  8.639  -16.829  103.774 0.6250000000
76934  8.085  -16.290  103.990 0.6250000000
77918  17.914  -15.628  101.495 0.6250000000
75980  17.930  -16.650  100.283 0.6250000000
75993  15.801  -16.582  99.184 0.6250000000
139292  6.555  -16.007  103.968 0.7500000000
77904  5.998  -15.411  103.700 0.6250000000
77917  19.257  -15.286  102.346 0.5000000000
135883  5.886  -17.472  103.399 0.7500000000
77905  5.675  -15.940  103.123 0.6250000000
78828  20.648  -14.227  102.548 0.5000000000
76944  5.477  -16.385  102.517 0.7500000000
75042  7.653  -17.754  100.035 0.6250000000
76009  8.394  -17.237  98.180 0.6250000000
75997  7.960  -17.395  99.149 0.6250000000
75053  8.688  -17.911  98.826 0.6250000000
76029  9.247  -17.064  95.979 0.6250000000
76020  9.331  -17.454  96.785 0.6250000000
142657  11.083  -18.057  94.198 0.6250000000
76028  10.202  -17.535  95.424 0.6250000000
75097  11.348  -18.483  93.467 0.6250000000
77002  9.546  -16.651  94.267 0.6250000000
144638  11.195  -17.865  92.105 0.6250000000
76052  10.864  -17.113  92.222 0.6250000000
77021  10.179  -16.472  92.827 0.6250000000
76059  11.175  -17.567  91.401 0.6250000000
77033  10.378  -16.407  91.891 0.6250000000
134059  9.676  -16.063  92.247 0.6250000000
150098  10.826  -16.829  91.494 0.6250000000
76064  11.228  -17.634  90.543 0.6250000000
141943  10.605  -16.496  90.418 0.6250000000
77034  9.809  -15.878  91.463 0.6250000000
77045  10.008  -15.900  90.418 0.6250000000
76074  11.226  -17.653  89.729 0.6250000000
132042  10.982  -16.971  90.078 0.6250000000
78012  9.166  -15.552  89.959 0.6250000000
78014  6.998  -15.461  89.571 0.6250000000
77055  9.847  -15.889  89.342 0.6250000000
137889  7.539  -16.095  88.108 0.6250000000
77091  5.636  -16.774  88.037 0.6250000000
75211  5.360  -18.346  85.569 0.3750000000
75226  6.471  -18.638  84.703 0.2500000000
80066  55.900  -13.597  74.621 0.5000000000
80067  55.461  -13.388  74.442 0.5000000000
80082  54.654  -13.313  73.814 0.3750000000
80065  56.155  -13.683  74.414 0.3750000000
81018  55.906  -12.941  74.544 0.3750000000
81017  56.196  -12.781  74.292 0.3750000000
81034  56.480  -13.229  73.326 0.3750000000
143889  56.420  -13.611  73.843 0.3750000000
81973  56.342  -12.236  74.008 0.3750000000
128484  56.481  -12.500  72.962 0.3750000000
81979  56.529  -11.823  72.305 0.3750000000
82868  56.405  -10.910  71.987 0.3750000000
83752  56.335  -10.058  71.588 0.3750000000
135578  56.368  -9.270  71.182 0.3750000000
143852  55.991  -6.376  73.030 0.3750000000
84643  56.750  -9.114  70.270 0.3750000000
129440  56.282  -5.367  72.670 0.3750000000
140079  56.722  -7.984  70.369 0.3750000000
87348  56.357  -4.447  72.206 0.3750000000
127484  16.267  -14.963  101.363 0.5000000000
76960  16.530  -15.797  100.503 0.6250000000
77939  13.948  -15.662  99.856 0.6250000000
77932  12.697  -15.495  100.974 0.6250000000
77924  11.534  -15.626  102.067 0.6250000000
77913  10.349  -15.628  103.042 0.6250000000
76932  9.610  -15.893  103.358 0.6250000000
77902  8.249  -15.263  103.830 0.6250000000
130632  7.466  -14.824  103.898 0.6250000000
150760  16.896  -14.953  101.689 0.5000000000
77919  16.775  -14.439  102.143 0.5000000000
77929  15.530  -15.358  100.505 0.5000000000
77930  14.558  -15.192  100.551 0.6250000000
77923  12.349  -15.229  101.834 0.6250000000
77912  11.088  -15.370  102.647 0.6250000000
132495  7.373  -15.634  104.043 0.6250000000
77903  6.684  -14.992  103.989 0.6250000000
77909  18.582  -14.657  102.620 0.5000000000
78832  17.075  -13.869  102.691 0.5000000000
77922  13.236  -14.836  101.552 0.6250000000
78826  6.312  -14.502  103.545 0.6250000000
78819  19.403  -13.790  103.282 0.5000000000
78820  18.349  -13.592  103.292 0.5000000000
77914  5.471  -15.636  102.635 0.6250000000
78827  5.683  -15.042  103.227 0.6250000000
77934  5.484  -15.924  101.154 0.5000000000
138224  6.093  -15.951  99.615 0.5000000000
76965  5.667  -16.028  100.383 0.5000000000
76010  7.357  -16.654  98.666 0.6250000000
75998  7.041  -16.866  99.589 0.6250000000
149581  8.109  -16.735  97.411 0.6250000000
76015  8.826  -17.251  97.397 0.6250000000
76038  9.460  -16.910  95.084 0.6250000000
77022  9.166  -15.972  93.029 0.6250000000
147625  8.661  -15.770  92.106 0.6250000000
150554  8.285  -15.493  91.312 0.6250000000
78000  9.149  -15.456  90.976 0.6250000000
78001  8.355  -15.363  90.506 0.6250000000
135621  7.504  -15.433  91.055 0.6250000000
78002  6.514  -15.514  90.640 0.6250000000
78015  6.002  -15.697  89.689 0.6250000000
77072  5.718  -16.099  88.800 0.6250000000
79118  54.581  -14.186  74.122 0.3750000000
138434  55.871  -12.147  74.486 0.3750000000
81035  55.344  -12.558  74.248 0.5000000000
81962  56.073  -11.946  74.424 0.2500000000
81963  55.815  -11.332  74.409 0.2500000000
133945  56.370  -11.586  73.638 0.3750000000
82850  56.086  -11.396  74.320 0.2500000000
82862  56.339  -10.822  73.220 0.3750000000
82857  56.095  -10.711  74.091 0.3750000000
83745  56.234  -9.975  72.854 0.3750000000
84623  56.154  -8.892  72.429 0.3750000000
84632  56.314  -8.089  71.338 0.3750000000
85534  55.979  -7.506  72.724 0.3750000000
85542  56.348  -6.770  72.021 0.3750000000
85553  57.088  -7.320  69.994 0.3750000000
139997  57.207  -6.066  70.696 0.3750000000
86463  56.773  -6.032  71.604 0.3750000000
86469  57.503  -5.522  70.109 0.2500000000
135198  57.343  -5.015  70.934 0.3750000000
78822  9.346  -14.346  103.182 0.6250000000
78823  8.656  -14.547  103.513 0.5000000000
78824  7.893  -14.429  103.678 0.6250000000
128967  16.276  -13.790  102.527 0.5000000000
78840  15.814  -14.283  102.049 0.5000000000
78841  14.880  -14.198  102.024 0.5000000000
77921  14.216  -14.649  101.365 0.5000000000
78835  11.796  -14.371  102.172 0.5000000000
78837  10.375  -14.806  102.996 0.6250000000
78833  15.537  -13.767  102.388 0.5000000000
78842  13.867  -14.227  102.049 0.5000000000
78843  12.782  -14.528  102.152 0.5000000000
79808  6.740  -13.845  103.301 0.6250000000
78821  17.318  -13.501  103.100 0.5000000000
79811  16.079  -13.163  102.875 0.3750000000
79820  14.548  -13.576  102.237 0.3750000000
130471  13.054  -13.539  101.771 0.3750000000
146185  12.704  -14.047  102.155 0.3750000000
78838  6.235  -14.228  102.974 0.6250000000
80759  17.999  -12.499  103.892 0.5000000000
78849  6.145  -14.953  101.198 0.5000000000
78845  5.608  -15.064  102.440 0.6250000000
150483  5.862  -15.794  100.035 0.5000000000
77933  5.750  -15.669  100.702 0.5000000000
77945  6.579  -15.853  98.841 0.5000000000
77948  7.041  -15.775  98.008 0.5000000000
76022  7.362  -16.336  96.943 0.5000000000
76983  7.004  -16.037  97.389 0.5000000000
145554  6.854  -16.043  96.406 0.5000000000
76031  7.328  -16.455  96.097 0.5000000000
76993  7.509  -16.626  95.261 0.6250000000
77003  8.517  -16.677  94.745 0.6250000000
77004  6.724  -16.383  94.715 0.5000000000
146608  7.379  -16.479  93.868 0.6250000000
77023  8.018  -16.061  93.201 0.6250000000
77978  7.475  -15.949  92.681 0.6250000000
77024  6.715  -16.359  93.395 0.6250000000
77979  6.591  -16.122  92.573 0.6250000000
77990  7.511  -15.745  91.918 0.6250000000
77991  6.584  -15.762  91.710 0.6250000000
79805  8.570  -13.888  103.250 0.5000000000
129207  10.727  -14.245  102.475 0.5000000000
79813  9.891  -13.480  102.394 0.5000000000
79814  8.192  -13.210  103.158 0.5000000000
79806  7.857  -13.712  103.436 0.5000000000
79823  11.056  -13.686  101.885 0.5000000000
79816  7.305  -12.590  102.973 0.5000000000
80761  16.582  -12.347  103.367 0.3750000000
148071  16.343  -12.906  103.131 0.3750000000
80764  15.476  -12.908  102.649 0.2500000000
80772  14.714  -13.076  102.269 0.2500000000
80773  13.951  -13.339  101.871 0.2500000000
80775  11.397  -13.150  101.231 0.5000000000
79817  6.839  -13.253  103.079 0.5000000000
81674  17.618  -12.023  103.915 0.3750000000
133183  16.812  -11.483  103.571 0.3750000000
80763  16.065  -12.710  102.971 0.2500000000
81678  15.656  -12.202  102.576 0.2500000000
80782  14.184  -12.579  101.455 0.2500000000
80783  13.353  -12.813  101.111 0.2500000000
79825  6.629  -13.482  102.618 0.5000000000
82583  19.183  -10.692  104.113 0.3750000000
83485  17.317  -9.772  103.918 0.2500000000
78855  7.066  -14.843  99.755 0.5000000000
79831  6.521  -13.864  101.801 0.5000000000
78860  7.146  -15.190  98.699 0.5000000000
77940  6.384  -15.605  99.501 0.5000000000
77952  7.052  -15.778  97.126 0.5000000000
77959  6.673  -15.965  95.563 0.5000000000
76995  6.409  -16.063  94.831 0.5000000000
77013  6.599  -16.500  94.103 0.5000000000
125212  8.710  -12.924  102.673 0.5000000000
80767  7.738  -12.323  102.871 0.5000000000
80765  9.352  -12.704  102.206 0.5000000000
80768  7.325  -11.626  102.648 0.5000000000
80785  11.677  -12.630  100.485 0.3750000000
80776  10.330  -12.948  101.728 0.5000000000
80769  7.211  -12.444  102.715 0.5000000000
81683  15.970  -11.400  102.622 0.2500000000
82595  15.707  -10.428  102.193 0.2500000000
82602  14.664  -10.870  100.763 0.2500000000
81691  13.698  -11.930  100.444 0.2500000000
135900  13.072  -11.703  99.690 0.2500000000
79824  6.886  -12.640  102.389 0.5000000000
82588  16.682  -10.724  103.465 0.3750000000
83491  15.961  -9.566  102.682 0.2500000000
78848  6.830  -14.414  100.774 0.5000000000
79837  7.527  -13.680  100.146 0.5000000000
78859  8.034  -14.355  98.150 0.5000000000
79842  7.827  -14.083  99.084 0.5000000000
78869  7.731  -15.078  96.909 0.5000000000
78864  8.164  -14.529  97.426 0.5000000000
78868  8.551  -14.223  96.817 0.5000000000
129693  7.058  -15.640  96.284 0.5000000000
78875  7.202  -15.370  95.434 0.5000000000
80777  9.451  -12.076  101.706 0.5000000000
80766  8.437  -12.037  102.498 0.5000000000
81692  10.067  -11.796  100.660 0.5000000000
81684  8.237  -11.240  102.347 0.5000000000
80790  11.830  -12.237  99.828 0.3750000000
81703  10.485  -11.569  99.683 0.5000000000
83495  15.535  -9.417  101.819 0.2500000000
139216  15.146  -10.216  101.336 0.2500000000
82608  14.267  -10.610  99.908 0.2500000000
82609  12.785  -11.236  99.094 0.2500000000
80778  7.182  -11.414  102.610 0.5000000000
81695  6.773  -10.539  102.316 0.5000000000
84378  15.224  -8.557  101.505 0.1250000000
83500  14.634  -9.811  100.452 0.1250000000
80787  6.992  -11.822  101.959 0.5000000000
81705  7.273  -11.403  100.954 0.5000000000
79836  8.260  -13.054  99.501 0.5000000000
80792  7.991  -12.048  99.686 0.5000000000
79841  8.546  -13.379  98.494 0.5000000000
80796  8.570  -12.443  98.729 0.5000000000
79846  8.735  -13.637  97.526 0.5000000000
80799  9.007  -12.651  97.910 0.5000000000
79850  8.902  -13.689  96.184 0.5000000000
78874  8.151  -14.699  95.999 0.5000000000
78882  8.161  -14.595  94.999 0.5000000000
82610  10.009  -10.918  99.342 0.5000000000
81704  9.536  -11.171  100.244 0.5000000000
82603  8.648  -10.670  100.984 0.5000000000
81685  7.343  -10.675  102.685 0.5000000000
83517  11.900  -9.803  98.296 0.1250000000
81709  10.935  -11.246  98.872 0.3750000000
131942  7.018  -10.554  102.644 0.5000000000
84388  13.717  -8.199  99.463 0.1250000000
82616  13.204  -10.501  98.992 0.1250000000
82617  12.349  -10.582  98.612 0.2500000000
84377  15.723  -8.451  102.373 0.1250000000
84387  14.322  -8.925  99.923 0.1250000000
83507  14.152  -9.799  99.580 0.2500000000
82613  6.740  -10.204  100.480 0.5000000000
81711  7.471  -11.054  99.767 0.5000000000
81715  8.812  -11.757  98.097 0.5000000000
145288  7.811  -10.974  98.836 0.5000000000
82622  7.353  -10.338  99.017 0.5000000000
145114  9.006  -13.446  96.811 0.5000000000
79845  9.227  -12.776  97.117 0.5000000000
142167  8.774  -11.294  97.506 0.5000000000
82621  8.213  -10.929  98.136 0.5000000000
79849  9.257  -12.892  96.394 0.5000000000
81718  9.040  -11.328  96.807 0.5000000000
80803  9.321  -12.328  95.940 0.5000000000
81721  9.172  -11.554  95.901 0.5000000000
79861  8.712  -13.665  94.563 0.5000000000
80804  9.249  -12.226  95.177 0.5000000000
80808  9.007  -12.693  94.378 0.5000000000
135843  10.449  -8.965  98.274 0.2500000000
82611  9.197  -10.526  99.980 0.5000000000
82612  8.445  -10.007  100.738 0.5000000000
82604  8.001  -10.051  101.780 0.5000000000
136686  11.463  -9.008  98.178 0.1250000000
82619  10.450  -10.440  98.676 0.2500000000
82597  7.284  -10.024  102.380 0.5000000000
84389  12.944  -8.040  98.758 0.1250000000
82598  6.925  -9.892  102.309 0.5000000000
83497  6.445  -8.687  101.607 0.5000000000
85272  15.361  -6.754  102.471 0.1250000000
125700  14.732  -7.927  101.186 0.1250000000
82606  6.688  -9.237  101.770 0.5000000000
85270  16.127  -7.172  103.116 0.1250000000
86201  15.256  -6.103  102.736 0.1250000000
82614  6.310  -9.384  101.246 0.3750000000
131865  16.073  -5.630  103.626 0.1250000000
82627  7.584  -10.233  97.809 0.5000000000
82632  7.629  -10.200  96.613 0.5000000000
82633  6.806  -9.663  97.459 0.5000000000
81722  8.701  -11.025  95.506 0.5000000000
145341  6.569  -9.901  96.500 0.5000000000
81728  8.942  -11.811  94.424 0.5000000000
81729  8.301  -11.033  94.750 0.5000000000
82639  8.014  -10.501  95.582 0.5000000000
82640  6.889  -10.099  95.634 0.5000000000
83520  9.068  -9.487  99.212 0.2500000000
83510  8.310  -9.349  100.326 0.5000000000
83519  9.941  -9.637  98.550 0.2500000000
84383  7.408  -8.549  100.967 0.5000000000
84399  10.109  -8.247  98.363 0.2500000000
85295  9.369  -7.679  98.642 0.2500000000
83502  6.845  -8.828  101.670 0.5000000000
86214  12.713  -6.506  99.344 0.2500000000
84397  12.063  -8.226  98.394 0.1250000000
84384  6.405  -8.200  101.623 0.5000000000
83503  6.027  -8.640  101.579 0.3750000000
86206  13.801  -6.573  100.597 0.1250000000
87067  14.005  -5.422  101.431 0.1250000000
87066  14.486  -5.513  102.023 0.1250000000
87063  14.904  -5.544  102.612 0.1250000000
83511  5.671  -8.899  100.809 0.3750000000
87059  15.720  -4.902  103.563 0.1250000000
87062  15.412  -5.594  103.165 0.1250000000
87060  15.026  -4.855  103.017 0.1250000000
88898  15.947  -3.382  103.338 0.1250000000
83522  5.590  -9.220  99.574 0.3750000000
88904  16.554  -3.616  102.584 0.1250000000
90790  15.272  -1.352  102.318 0.1250000000
82628  6.722  -9.670  98.662 0.5000000000
90802  15.120  -1.407  101.237 0.1250000000
90794  15.320  -1.369  101.862 0.1250000000
90810  14.572  -1.680  99.681 0.1250000000
83534  5.725  -9.703  97.063 0.3750000000
82634  5.766  -9.912  96.059 0.3750000000
83521  8.399  -8.654  99.648 0.3750000000
84400  9.371  -8.716  98.666 0.2500000000
140443  8.593  -7.915  99.116 0.2500000000
85286  7.790  -7.850  100.101 0.3750000000
84398  10.998  -8.220  98.225 0.2500000000
127359  8.810  -6.913  98.765 0.2500000000
84390  6.860  -7.864  101.000 0.2500000000
87976  12.726  -4.371  99.865 0.1250000000
134436  12.707  -5.744  99.618 0.2500000000
86221  10.857  -6.571  98.525 0.2500000000
86222  9.808  -6.843  98.604 0.2500000000
143009  9.320  -6.345  98.591 0.2500000000
85279  6.025  -7.818  101.622 0.2500000000
87971  13.214  -4.540  100.684 0.1250000000
87970  13.696  -4.714  101.404 0.1250000000
130476  14.150  -4.915  101.869 0.1250000000
85288  5.808  -7.646  101.038 0.2500000000
85280  5.741  -7.893  101.485 0.2500000000
88906  13.501  -3.440  101.907 0.1250000000
87965  13.921  -4.158  102.074 0.1250000000
87964  14.472  -4.840  102.427 0.1250000000
83504  5.531  -8.203  101.199 0.3750000000
88903  13.842  -3.350  102.362 0.1250000000
87961  14.454  -3.988  102.869 0.1250000000
149101  5.192  -8.204  100.355 0.2500000000
89800  14.564  -2.520  102.846 0.1250000000
89804  15.557  -2.064  102.761 0.1250000000
83513  4.089  -8.853  99.323 0.3750000000
83523  4.517  -9.216  99.098 0.3750000000
90785  15.086  -1.316  102.571 0.1250000000
139913  14.935  -0.812  101.424 0.1250000000
83528  4.664  -9.507  97.831 0.3750000000
135609  14.454  -0.634  99.475 0.1250000000
83535  4.858  -9.553  96.614 0.3750000000
136418  14.504  0.699  97.739 0.1250000000
139476  10.554  -4.790  98.328 0.1250000000
87983  10.395  -4.123  98.008 0.1250000000
87079  11.800  -5.114  98.756 0.1250000000
87984  9.869  -4.922  98.215 0.1250000000
86223  8.626  -6.276  98.644 0.2500000000
141419  8.088  -6.675  99.091 0.2500000000
150541  7.321  -7.495  100.169 0.2500000000
88914  12.847  -3.715  100.560 0.1250000000
88920  12.351  -3.490  99.653 0.1250000000
86220  11.425  -5.855  98.647 0.2500000000
138962  10.697  -5.823  98.512 0.2500000000
136528  10.044  -6.094  98.570 0.2500000000
85297  7.351  -7.078  99.593 0.2500000000
88907  12.847  -3.107  101.416 0.1250000000
133902  7.191  -6.684  99.099 0.2500000000
85298  6.447  -7.327  99.981 0.2500000000
85299  5.522  -7.615  100.009 0.2500000000
127434  13.455  -1.381  102.643 0.1250000000
141011  4.640  -7.900  99.576 0.2500000000
90787  14.084  -1.331  102.692 0.1250000000
148250  13.892  -0.479  102.388 0.1250000000
84401  3.596  -8.468  99.026 0.3750000000
90791  14.836  -0.723  102.213 0.1250000000
91761  14.526  -0.028  101.168 0.1250000000
130693  14.298  0.834  101.276 0.1250000000
144625  3.680  -9.087  98.572 0.3750000000
131591  14.622  1.151  98.502 0.1250000000
83529  3.924  -9.345  97.183 0.3750000000
92689  14.946  1.817  96.975 0.1250000000
83536  4.136  -9.315  96.102 0.3750000000
93642  15.229  2.226  95.530 0.1250000000
87982  11.245  -4.358  98.490 0.1250000000
88927  10.981  -3.544  98.355 0.1250000000
87091  9.084  -5.144  98.058 0.2500000000
87086  8.525  -5.808  98.387 0.2500000000
89824  11.709  -2.486  99.534 0.1250000000
86224  7.921  -6.385  98.937 0.2500000000
89816  12.287  -2.449  101.203 0.1250000000
86233  6.853  -6.399  98.116 0.2500000000
89809  12.636  -2.263  101.817 0.1250000000
89806  12.919  -2.038  102.376 0.1250000000
87094  6.443  -5.836  97.283 0.2500000000
86225  6.199  -7.151  98.913 0.2500000000
90788  12.777  -0.937  102.665 0.1250000000
86234  5.624  -6.576  97.899 0.2500000000
86226  5.031  -7.420  98.862 0.2500000000
87096  3.773  -6.172  97.190 0.2500000000
86235  4.169  -6.913  98.092 0.2500000000
92656  13.747  0.477  101.835 0.1250000000
93581  14.389  1.336  99.890 0.1250000000
92657  13.809  1.167  101.328 0.1250000000
93593  14.535  1.730  98.512 0.1250000000
94581  15.078  2.890  94.921 0.1250000000
88928  10.417  -3.132  98.046 0.1250000000
88933  9.756  -3.580  97.594 0.1250000000
90811  11.157  -1.573  100.034 0.1250000000
89829  11.061  -2.707  98.598 0.1250000000
87092  8.260  -5.328  97.710 0.2500000000
90797  11.582  -1.255  102.229 0.1250000000
87093  7.368  -5.664  97.528 0.2500000000
90789  11.862  -0.480  103.128 0.1250000000
91736  13.493  -0.774  102.586 0.1250000000
149821  13.277  -0.037  102.435 0.1250000000
87095  4.792  -6.258  97.271 0.2500000000
93594  14.244  1.840  99.103 0.1250000000
93571  14.204  1.356  100.657 0.1250000000
93612  14.284  2.075  98.149 0.1250000000
93595  13.480  1.676  98.808 0.1250000000
94542  14.291  2.444  96.903 0.1250000000
89830  10.325  -2.236  98.306 0.1250000000
89836  9.753  -2.689  97.755 0.2500000000
136300  8.828  -4.666  97.566 0.2500000000
88934  8.950  -3.849  97.153 0.2500000000
90804  10.378  -1.180  100.848 0.1250000000
90822  9.987  -1.584  98.651 0.1250000000
89837  8.965  -2.333  97.588 0.2500000000
87991  8.205  -4.518  97.202 0.2500000000
90798  10.780  -1.080  102.212 0.1250000000
88938  8.025  -3.703  96.847 0.2500000000
87997  7.432  -4.424  96.783 0.2500000000
90793  11.054  -0.740  103.208 0.1250000000
144194  11.775  -0.922  102.829 0.1250000000
87998  6.408  -4.356  96.466 0.2500000000
92643  11.600  0.194  103.444 0.1250000000
91737  12.518  -0.229  102.916 0.1250000000
87999  5.426  -4.725  96.455 0.2500000000
93564  11.964  1.025  102.373 0.1250000000
93553  12.363  0.847  102.492 0.1250000000
88000  4.331  -4.503  96.442 0.2500000000
126054  12.837  1.279  100.499 0.1250000000
93596  12.264  1.390  98.456 0.1250000000
93583  13.680  1.623  99.782 0.1250000000
93613  13.100  1.778  97.863 0.1250000000
89831  9.633  -2.003  98.066 0.1250000000
91762  9.861  -0.730  102.048 0.1250000000
90813  9.391  -1.242  99.240 0.1250000000
90823  8.931  -1.580  98.365 0.1250000000
150241  8.348  -2.362  97.325 0.2500000000
89838  8.503  -2.948  96.956 0.2500000000
89844  7.723  -3.033  96.692 0.2500000000
91753  10.306  -0.569  103.203 0.1250000000
88939  7.160  -3.581  96.571 0.2500000000
91738  10.415  0.077  104.046 0.1250000000
91746  10.505  -0.296  103.774 0.1250000000
88940  6.227  -3.311  96.429 0.2500000000
93555  10.942  0.851  102.946 0.1250000000
135856  5.145  -2.969  96.504 0.2500000000
88941  5.385  -3.899  96.283 0.2500000000
93573  12.018  1.000  101.304 0.1250000000
88942  3.988  -3.091  96.392 0.2500000000
125929  11.613  1.218  99.024 0.1250000000
91754  7.626  -0.585  102.586 0.1250000000
91764  8.510  -0.729  100.839 0.1250000000
90805  9.663  -1.109  100.081 0.1250000000
129467  8.707  -0.610  102.019 0.1250000000
90824  7.801  -1.314  98.371 0.1250000000
90832  8.195  -1.826  97.683 0.2500000000
89839  7.688  -2.353  97.087 0.2500000000
91748  8.590  -0.413  103.600 0.1250000000
147144  9.431  -0.398  103.008 0.1250000000
90833  7.240  -1.643  97.659 0.2500000000
89845  6.958  -2.759  96.640 0.2500000000
92644  9.053  0.125  104.587 0.1250000000
138083  9.614  0.150  104.406 0.1250000000
91747  9.741  -0.246  104.097 0.1250000000
89840  6.662  -2.032  97.024 0.2500000000
89846  6.027  -2.476  96.677 0.2500000000
93556  9.686  0.847  103.353 0.1250000000
93566  10.063  1.047  102.109 0.1250000000
130423  5.232  -2.198  96.678 0.2500000000
93567  9.154  1.221  102.105 0.1250000000
93574  10.258  1.077  101.080 0.1250000000
90841  3.806  -1.797  96.233 0.2500000000
89847  4.408  -2.314  96.462 0.2500000000
126443  10.591  1.244  99.097 0.1250000000
127346  7.695  -0.636  101.311 0.1250000000
91773  7.909  -0.820  100.189 0.1250000000
128921  7.507  -0.475  103.790 0.1250000000
90814  8.358  -1.106  99.207 0.1250000000
91740  8.125  -0.302  104.313 0.1250000000
90815  7.116  -0.996  99.393 0.2500000000
90825  6.693  -1.231  98.421 0.2500000000
93557  8.989  0.722  104.009 0.1250000000
90834  6.189  -1.497  97.663 0.2500000000
93586  8.991  1.589  100.031 0.1250000000
90840  4.730  -1.545  96.733 0.2500000000
143487  9.749  1.389  99.524 0.1250000000
91797  4.013  -1.073  96.315 0.2500000000
91798  3.293  -1.447  95.734 0.2500000000
126033  6.694  -0.497  103.010 0.1250000000
128124  6.893  -0.650  100.602 0.2500000000
125362  7.444  -0.174  104.347 0.1250000000
143911  6.746  -0.429  103.984 0.1250000000
91755  6.734  -0.633  101.798 0.2500000000
137834  7.899  0.281  104.447 0.1250000000
90816  6.089  -0.932  99.143 0.2500000000
93558  7.770  1.067  102.978 0.1250000000
91788  5.363  -0.535  97.954 0.2500000000
93575  8.640  1.586  101.065 0.1250000000
92684  5.131  -0.039  97.523 0.2500000000
93599  9.080  1.794  99.059 0.1250000000
92691  4.439  -0.506  96.210 0.2500000000
91796  4.869  -0.719  96.989 0.2500000000
92690  4.949  -0.147  96.807 0.2500000000
91811  3.663  -0.795  95.507 0.2500000000
141026  5.148  0.069  95.978 0.2500000000
148096  5.598  0.576  96.854 0.2500000000
92646  7.057  0.033  104.431 0.1250000000
91756  5.876  -0.614  102.237 0.2500000000
91765  5.972  -0.573  101.051 0.2500000000
91774  6.111  -0.820  100.028 0.2500000000
146003  6.722  1.329  102.838 0.1250000000
142618  5.562  -0.698  99.604 0.2500000000
91781  5.433  -0.497  98.887 0.2500000000
92662  5.032  -0.308  99.565 0.2500000000
93568  7.563  1.594  102.081 0.1250000000
93576  7.802  1.795  101.180 0.1250000000
92676  5.164  0.035  98.365 0.2500000000
93587  5.122  1.037  99.416 0.2500000000
94507  8.068  1.994  100.243 0.1250000000
94514  8.360  2.194  99.381 0.1250000000
93600  5.490  1.021  98.441 0.2500000000
95489  8.210  3.143  98.379 0.1250000000
94531  8.817  2.740  97.888 0.1250000000
93618  5.866  1.320  97.436 0.2500000000
94524  5.427  1.958  98.933 0.2500000000
96359  8.326  4.351  96.946 0.1250000000
94532  5.803  2.168  97.943 0.2500000000
93634  5.790  0.833  95.731 0.2500000000
93633  6.179  1.589  96.449 0.2500000000
91749  5.866  -0.422  103.499 0.1250000000
150102  5.231  -0.516  102.545 0.2500000000
91757  5.023  -0.633  101.423 0.2500000000
93559  5.555  1.166  103.493 0.1250000000
93548  6.284  0.419  104.123 0.1250000000
91767  4.248  -0.409  101.235 0.2500000000
91766  4.629  -0.371  100.462 0.2500000000
92671  4.634  0.172  99.903 0.2500000000
95484  7.125  3.562  99.549 0.1250000000
94508  7.357  2.365  100.592 0.1250000000
94515  7.592  2.709  99.642 0.1250000000
95497  7.786  3.896  98.305 0.1250000000
94516  4.916  1.829  99.622 0.2500000000
147825  8.479  4.838  96.430 0.1250000000
95498  5.345  2.968  98.569 0.2500000000
143106  5.586  3.240  97.778 0.2500000000
94548  6.008  2.726  97.177 0.2500000000
92648  4.792  0.462  103.937 0.2500000000
91742  5.261  0.058  104.014 0.1250000000
94503  6.434  2.113  101.839 0.1250000000
94497  5.850  1.913  102.470 0.1250000000
91743  4.397  0.379  104.006 0.2500000000
95480  6.982  3.103  100.264 0.1250000000
92658  3.912  -0.012  101.727 0.2500000000
92663  4.017  -0.004  100.681 0.2500000000
95490  7.645  3.336  98.932 0.1250000000
93569  3.810  0.773  101.266 0.2500000000
146035  4.470  1.113  100.300 0.2500000000
96360  7.787  4.616  97.643 0.1250000000
96353  7.442  4.544  98.380 0.1250000000
80107  54.564  -12.680  73.506 0.3750000000
43302  28.858  -48.529  91.683 0.3750000000
49551  32.775  -44.753  93.801 0.8750000000
139903  32.975  -42.882  93.594 0.8750000000
53903  32.046  -40.364  93.717 1.0000000000
52787  33.127  -41.326  93.793 1.0000000000
52816  31.926  -40.997  93.189 1.0000000000
54904  32.466  -38.930  94.770 1.0000000000
55939  31.471  -38.314  94.507 1.0000000000
54921  31.692  -38.936  94.184 1.0000000000
55956  30.975  -38.626  93.530 1.0000000000
150343  31.034  -38.197  93.843 1.0000000000
54938  30.804  -39.327  93.075 1.0000000000
55932  31.538  -38.018  95.002 1.0000000000
56966  31.209  -37.678  94.735 1.0000000000
136951  30.003  -36.606  92.976 1.0000000000
56987  30.768  -38.003  93.412 1.0000000000
57984  15.994  -36.612  92.877 1.0000000000
45296  24.897  -47.820  96.965 0.8750000000
44244  25.157  -48.032  96.629 0.7500000000
42327  24.782  -48.983  94.369 0.5000000000
55968  18.575  -38.430  91.552 1.0000000000
55930  32.165  -37.966  95.411 0.8750000000
57965  30.478  -36.120  95.657 1.0000000000
57983  30.172  -36.480  93.984 1.0000000000
57999  29.162  -36.015  91.505 1.0000000000
58884  29.357  -34.989  94.892 1.0000000000
59810  28.208  -34.165  93.899 1.0000000000
57991  28.726  -35.364  91.976 1.0000000000
58895  28.989  -35.160  92.853 1.0000000000
129134  15.994  -36.615  93.806 1.0000000000
59819  26.675  -34.074  92.100 1.0000000000
53910  30.576  -40.761  92.199 1.0000000000
54950  20.760  -39.237  91.234 1.0000000000
58877  29.948  -35.474  95.912 1.0000000000
130930  17.903  -38.174  90.840 1.0000000000
59802  29.508  -34.917  95.749 1.0000000000
59803  28.718  -34.311  94.634 1.0000000000
59812  26.651  -33.662  92.965 1.0000000000
59826  26.263  -34.037  91.513 1.0000000000
150920  25.653  -33.221  93.151 1.0000000000
58860  8.879  -35.372  98.235 1.0000000000
45295  25.978  -47.725  96.495 0.7500000000
60678  15.562  -32.870  100.106 1.0000000000
61623  15.719  -32.382  96.726 0.8750000000
51716  23.466  -42.121  91.286 1.0000000000
52829  23.316  -41.169  92.306 1.0000000000
54956  21.815  -39.915  90.571 1.0000000000
55975  20.162  -39.002  90.728 1.0000000000
59790  29.098  -34.000  96.031 1.0000000000
56000  20.169  -39.146  89.021 1.0000000000
60727  26.277  -32.735  94.624 1.0000000000
60738  24.868  -32.736  93.768 1.0000000000
58023  16.839  -37.050  88.728 1.0000000000
61671  23.324  -32.085  93.543 1.0000000000
60745  22.480  -32.409  92.448 0.8750000000
46374  26.347  -46.959  96.505 0.8750000000
58852  30.391  -34.735  96.901 1.0000000000
60711  27.363  -32.887  95.829 1.0000000000
61644  25.554  -32.259  95.044 1.0000000000
142961  32.136  -34.331  97.044 1.0000000000
144659  24.017  -31.914  94.308 1.0000000000
60728  25.108  -32.462  94.491 1.0000000000
61634  25.253  -31.933  95.166 1.0000000000
132622  23.753  -31.512  93.707 1.0000000000
58826  5.636  -36.016  100.631 0.8750000000
49569  25.128  -44.775  92.342 1.0000000000
60689  29.106  -32.825  97.154 1.0000000000
61620  27.702  -32.211  96.720 1.0000000000
149801  31.556  -34.024  97.298 1.0000000000
61621  26.844  -32.034  96.296 1.0000000000
62605  25.680  -31.578  95.389 1.0000000000
63580  25.503  -31.165  95.050 1.0000000000
63643  24.509  -30.995  92.564 1.0000000000
63627  25.911  -30.413  92.823 1.0000000000
63592  25.704  -30.810  94.429 1.0000000000
61681  21.401  -32.399  91.865 0.8750000000
63656  25.397  -30.955  90.541 1.0000000000
62671  24.026  -31.406  90.223 0.8750000000
53953  10.606  -40.494  88.433 0.6250000000
53984  11.095  -40.786  84.806 0.3750000000
47520  26.991  -46.788  95.703 0.8750000000
62577  14.372  -31.117  99.224 0.8750000000
48593  26.058  -46.047  94.681 1.0000000000
47549  27.077  -46.416  93.189 1.0000000000
133285  26.191  -46.012  93.109 1.0000000000
48611  25.984  -45.543  92.328 1.0000000000
55917  6.250  -38.903  98.785 0.8750000000
61610  29.239  -32.429  97.413 1.0000000000
62584  28.949  -31.926  97.500 1.0000000000
128779  27.577  -30.717  96.314 1.0000000000
150658  28.978  -31.490  97.507 1.0000000000
144982  26.876  -30.699  95.682 1.0000000000
146019  26.513  -30.579  94.363 1.0000000000
131034  23.260  -31.539  89.984 0.8750000000
62670  24.811  -31.176  89.932 0.8750000000
145794  25.053  -31.253  89.207 0.8750000000
138412  26.014  -31.129  86.853 0.8750000000
141156  27.247  -41.704  89.062 1.0000000000
136390  24.936  -39.916  86.721 1.0000000000
134535  29.815  -30.770  97.655 1.0000000000
63566  29.097  -30.347  96.825 1.0000000000
63578  28.408  -30.440  96.049 1.0000000000
63591  28.523  -30.240  95.043 1.0000000000
133472  27.911  -30.401  93.592 1.0000000000
63625  27.781  -30.463  92.774 1.0000000000
148845  20.855  -33.334  90.264 0.8750000000
63640  27.502  -30.427  91.982 1.0000000000
148155  27.336  -30.434  91.281 1.0000000000
58967  18.714  -35.561  84.913 1.0000000000
126426  27.178  -30.419  89.893 1.0000000000
62610  6.620  -31.769  95.307 0.8750000000
62611  5.717  -31.381  95.733 0.8750000000
61627  4.744  -32.288  97.033 1.0000000000
46400  29.383  -47.370  94.840 0.8750000000
133320  28.213  -42.059  89.792 1.0000000000
62582  30.554  -30.780  97.736 1.0000000000
64533  30.566  -29.744  97.148 1.0000000000
56033  23.845  -38.315  85.753 1.0000000000
63576  29.978  -29.957  95.481 1.0000000000
63590  29.339  -30.183  94.743 1.0000000000
63608  28.654  -30.368  94.081 1.0000000000
58034  27.451  -36.481  88.671 1.0000000000
62603  35.048  -31.555  95.940 0.8750000000
63575  35.888  -30.515  95.858 0.8750000000
61642  35.382  -31.873  95.051 0.7500000000
62617  35.764  -31.346  95.226 0.7500000000
60762  20.313  -32.899  90.237 0.8750000000
63679  28.664  -30.370  88.154 1.0000000000
64676  26.388  -29.415  82.620 0.7500000000
59798  6.286  -35.205  95.439 0.8750000000
58966  20.994  -35.199  85.093 1.0000000000
53948  26.655  -40.521  87.990 1.0000000000
55002  25.152  -39.242  86.484 1.0000000000
141520  26.444  -39.344  87.184 1.0000000000
57063  24.783  -37.922  85.903 1.0000000000
57079  24.210  -37.389  85.627 1.0000000000
61750  18.298  -32.639  84.899 1.0000000000
151675  17.183  -30.996  84.674 1.0000000000
64647  17.385  -29.701  85.120 1.0000000000
132305  16.898  -29.139  85.119 1.0000000000
63555  32.519  -29.592  97.374 1.0000000000
64532  31.950  -29.217  96.963 1.0000000000
134408  28.828  -39.023  89.596 1.0000000000
63553  34.366  -30.425  96.798 1.0000000000
64520  33.049  -29.114  97.136 1.0000000000
64542  30.762  -29.717  96.198 1.0000000000
64541  31.645  -29.396  96.402 1.0000000000
64550  31.382  -29.654  95.416 1.0000000000
58035  26.862  -36.186  88.188 1.0000000000
63563  35.518  -29.905  96.271 0.8750000000
63606  30.592  -30.328  93.542 1.0000000000
141249  30.005  -30.549  92.749 1.0000000000
59856  23.085  -34.104  88.852 0.8750000000
63624  29.459  -30.563  91.989 1.0000000000
61656  35.645  -31.944  94.305 0.7500000000
61655  36.396  -31.473  94.374 0.7500000000
62710  21.220  -31.468  87.602 0.8750000000
64620  28.741  -29.937  86.507 0.7500000000
62749  23.474  -31.413  84.161 0.8750000000
65531  8.945  -28.611  93.277 0.8750000000
66531  17.274  -27.486  85.458 0.8750000000
67476  17.836  -25.967  85.866 0.8750000000
67475  18.784  -26.020  85.950 0.8750000000
151104  20.771  -25.729  87.468 0.8750000000
68532  20.952  -25.445  88.181 0.8750000000
65605  16.396  -28.588  85.331 0.8750000000
65603  17.816  -28.002  85.530 0.8750000000
66530  18.102  -27.228  85.631 0.8750000000
66518  16.183  -26.803  85.984 0.8750000000
60808  19.100  -33.311  85.099 1.0000000000
64649  16.138  -29.523  85.206 1.0000000000
60807  19.908  -33.587  85.615 1.0000000000
145351  28.187  -38.967  88.936 1.0000000000
64519  33.943  -29.245  97.023 1.0000000000
64529  34.385  -28.757  96.588 1.0000000000
64540  32.917  -28.774  96.283 1.0000000000
64531  32.782  -28.874  96.843 1.0000000000
126901  32.344  -29.073  96.608 1.0000000000
64549  32.791  -29.224  95.364 1.0000000000
58050  26.601  -36.675  87.490 1.0000000000
58931  25.183  -34.879  88.245 1.0000000000
58954  25.094  -35.643  86.804 1.0000000000
64563  32.871  -29.576  94.328 1.0000000000
133856  31.187  -30.463  92.409 0.8750000000
60775  20.547  -33.333  89.490 0.8750000000
61702  19.549  -32.259  89.597 0.8750000000
148046  19.808  -31.262  88.639 0.8750000000
62632  37.186  -31.320  94.000 0.8750000000
127702  21.719  -31.524  85.699 0.8750000000
61676  36.468  -31.867  92.648 0.7500000000
64619  29.495  -29.917  86.782 0.8750000000
63756  24.223  -30.422  82.628 0.7500000000
66548  28.774  -27.196  83.333 0.6250000000
65667  25.131  -28.069  80.823 0.7500000000
65529  10.403  -28.107  93.743 0.8750000000
65523  10.783  -28.139  94.736 0.8750000000
66446  9.421  -27.127  93.497 0.8750000000
67378  9.952  -26.753  93.854 0.8750000000
70673  20.573  -23.621  91.482 0.7500000000
69615  23.127  -24.705  92.189 0.7500000000
132133  22.334  -24.347  92.552 0.7500000000
69645  21.812  -24.903  90.880 0.7500000000
141052  23.242  -24.872  91.249 0.7500000000
149627  19.776  -23.298  91.269 1.0000000000
70682  23.538  -24.241  90.243 0.7500000000
69632  21.015  -24.191  90.757 0.7500000000
63631  4.057  -30.286  92.916 0.8750000000
132761  22.935  -25.431  89.858 0.7500000000
70684  19.327  -23.420  90.214 0.8750000000
69657  20.534  -24.510  89.385 0.7500000000
68512  20.730  -25.003  88.836 0.7500000000
68494  22.364  -25.535  89.258 0.7500000000
70697  19.467  -23.832  89.331 0.8750000000
62664  5.645  -31.203  91.624 0.8750000000
68513  20.206  -24.934  88.211 0.7500000000
68511  21.888  -25.794  88.394 0.7500000000
70708  18.494  -23.678  89.068 0.8750000000
144130  21.425  -25.882  87.750 0.8750000000
69674  17.255  -24.307  87.884 0.8750000000
53935  28.428  -40.606  89.453 1.0000000000
67473  20.709  -26.501  86.376 0.8750000000
56018  26.124  -38.026  86.707 1.0000000000
59888  21.669  -34.894  85.521 1.0000000000
63725  18.096  -29.830  85.664 1.0000000000
135335  18.331  -28.506  85.699 1.0000000000
146807  21.148  -34.409  85.688 1.0000000000
62741  18.337  -30.612  85.657 1.0000000000
65602  19.083  -28.401  85.797 1.0000000000
54976  27.570  -39.364  88.298 1.0000000000
59867  22.916  -34.276  87.869 1.0000000000
59877  23.136  -34.505  86.925 1.0000000000
65512  35.657  -27.986  95.741 1.0000000000
63562  36.100  -29.565  95.995 0.8750000000
63623  31.974  -30.222  92.835 0.8750000000
142915  20.576  -33.488  88.497 1.0000000000
60777  19.396  -32.406  88.687 1.0000000000
63683  19.451  -31.017  88.180 1.0000000000
132558  36.722  -29.742  95.522 0.8750000000
63636  31.921  -30.521  91.395 0.8750000000
62711  20.099  -30.951  88.061 0.8750000000
62740  20.765  -31.065  86.127 0.8750000000
64547  37.253  -29.371  95.242 1.0000000000
149376  32.529  -30.456  91.130 0.8750000000
63689  31.052  -30.310  88.156 0.8750000000
63748  21.778  -30.342  83.485 0.8750000000
62631  37.768  -31.082  93.813 0.7500000000
62669  37.559  -31.868  91.055 0.7500000000
64690  23.651  -29.270  81.642 0.7500000000
66599  25.386  -27.451  80.665 0.7500000000
66547  29.358  -26.844  83.964 0.5000000000
66538  29.780  -27.268  84.471 0.5000000000
134222  26.403  -26.145  80.922 0.7500000000
65499  10.576  -28.552  98.335 0.8750000000
67367  10.354  -26.856  95.844 0.8750000000
67379  9.517  -26.199  94.418 0.8750000000
68466  8.103  -25.329  94.799 0.8750000000
68467  7.155  -25.249  94.575 0.8750000000
67389  6.089  -26.469  93.490 0.8750000000
144556  23.624  -24.043  91.851 0.6250000000
65514  13.556  -28.559  95.351 0.8750000000
68474  5.339  -25.712  93.678 0.8750000000
72483  22.447  -21.867  91.033 0.6250000000
71622  23.143  -22.740  90.809 0.6250000000
70656  17.613  -23.450  93.074 1.0000000000
70672  23.553  -24.286  91.159 0.7500000000
71631  23.340  -23.487  89.767 0.7500000000
146012  23.164  -25.220  89.576 0.6250000000
70696  23.194  -23.515  88.961 0.6250000000
69647  16.929  -23.909  89.834 0.8750000000
69634  16.875  -23.913  90.759 1.0000000000
70706  23.303  -24.428  88.064 0.6250000000
70699  17.655  -23.658  89.378 0.8750000000
128882  17.085  -24.049  88.920 0.8750000000
67453  22.761  -25.986  87.576 0.7500000000
69670  23.363  -25.088  87.924 0.6250000000
68514  16.030  -25.248  88.369 0.8750000000
69675  16.534  -24.838  87.876 0.8750000000
67472  21.702  -26.529  86.590 0.8750000000
67452  23.020  -25.847  87.168 0.7500000000
149692  22.584  -26.365  86.101 0.8750000000
66514  21.091  -26.996  85.883 0.8750000000
66529  19.556  -27.636  85.687 0.8750000000
57047  26.274  -37.183  86.891 1.0000000000
58064  25.134  -36.454  86.261 1.0000000000
59879  21.064  -33.967  86.453 1.0000000000
135577  21.913  -34.407  86.214 1.0000000000
60797  19.495  -32.629  86.169 1.0000000000
150095  18.526  -29.534  86.055 1.0000000000
65601  19.827  -28.393  85.477 0.8750000000
65600  20.629  -28.086  84.934 0.8750000000
58956  23.554  -35.002  86.383 1.0000000000
61734  18.933  -31.709  86.956 1.0000000000
63708  18.982  -30.269  87.165 1.0000000000
64644  19.963  -29.464  85.492 1.0000000000
64635  18.864  -29.722  86.456 1.0000000000
63709  18.674  -30.080  86.648 1.0000000000
64645  19.223  -29.144  85.950 1.0000000000
66539  21.986  -27.354  84.095 0.8750000000
65520  34.298  -28.393  95.525 1.0000000000
62712  18.951  -31.081  87.674 1.0000000000
63696  19.144  -30.821  87.663 0.8750000000
60787  19.942  -33.057  88.056 1.0000000000
64659  20.587  -29.453  84.639 0.8750000000
65623  21.406  -28.932  83.397 0.8750000000
65510  37.064  -28.276  95.424 1.0000000000
65527  35.710  -27.912  94.590 1.0000000000
64561  34.182  -28.830  94.453 0.8750000000
64562  33.492  -29.385  93.912 1.0000000000
131026  19.223  -31.223  88.135 0.8750000000
128890  20.031  -30.538  86.679 0.8750000000
63740  20.643  -30.209  84.775 0.8750000000
65622  21.859  -28.305  82.951 0.8750000000
64560  38.372  -29.950  94.071 0.8750000000
143031  33.236  -29.938  92.241 0.8750000000
63739  21.396  -30.682  84.260 0.8750000000
65635  22.360  -28.466  82.304 0.8750000000
62630  38.305  -31.144  93.118 0.8750000000
63648  33.066  -30.366  90.925 0.8750000000
63676  31.311  -30.529  89.068 0.8750000000
65652  23.032  -28.732  81.718 0.7500000000
64680  22.534  -29.303  82.366 0.8750000000
64593  33.906  -29.961  90.563 0.8750000000
63662  32.515  -30.442  89.735 0.8750000000
129417  23.316  -28.029  81.260 0.7500000000
65669  23.818  -27.753  80.841 0.7500000000
64609  31.859  -30.133  88.309 0.8750000000
67540  25.189  -26.773  80.507 0.7500000000
65668  24.401  -28.124  80.845 0.7500000000
127943  31.963  -29.095  87.214 0.8750000000
66511  31.499  -28.080  86.300 0.8750000000
66512  30.806  -27.531  85.460 0.6250000000
66537  30.334  -26.911  85.006 0.5000000000
68583  29.509  -25.699  84.651 0.5000000000
141363  28.757  -24.794  83.847 0.5000000000
66414  10.028  -28.378  99.546 0.8750000000
68468  6.281  -25.132  94.404 0.8750000000
72462  23.436  -22.383  93.296 0.6250000000
69606  5.613  -24.655  95.016 0.8750000000
74215  20.916  -18.695  90.167 0.6250000000
64553  13.735  -29.021  94.745 1.0000000000
68475  4.616  -25.702  93.443 0.8750000000
151660  20.870  -20.399  88.688 0.6250000000
74229  20.791  -19.512  88.993 0.3750000000
65543  3.601  -28.562  92.201 0.8750000000
71640  22.628  -22.991  88.446 0.6250000000
70707  23.046  -23.692  88.240 0.6250000000
68486  16.013  -25.070  90.800 1.0000000000
71648  22.594  -23.277  87.821 0.6250000000
69671  23.228  -24.722  87.241 0.6250000000
70717  22.330  -23.239  87.159 0.6250000000
131259  22.696  -23.930  86.726 0.6250000000
69686  23.130  -25.432  86.748 0.7500000000
70728  22.316  -23.933  85.865 0.6250000000
68554  22.918  -26.006  86.253 0.7500000000
68574  22.951  -25.410  85.872 0.7500000000
69697  22.571  -24.625  85.371 0.7500000000
127913  22.713  -25.334  84.897 0.7500000000
68585  22.615  -25.552  84.123 0.7500000000
147195  22.531  -25.069  84.268 0.7500000000
67490  22.463  -26.731  84.513 0.8750000000
68591  22.447  -25.510  83.261 0.6250000000
136018  37.596  -28.628  95.047 1.0000000000
66562  22.327  -27.638  82.559 0.8750000000
148904  38.296  -29.257  94.316 1.0000000000
64577  34.721  -29.046  92.805 0.8750000000
66581  23.297  -27.306  81.116 0.7500000000
56090  4.707  -37.929  81.466 0.6250000000
56078  5.072  -38.269  82.015 0.6250000000
149486  39.267  -29.172  93.377 1.0000000000
65538  39.837  -28.099  92.831 1.0000000000
66439  39.195  -27.400  93.472 1.0000000000
64575  40.325  -29.706  92.168 1.0000000000
137290  39.717  -30.198  92.572 1.0000000000
63621  39.591  -30.911  92.256 0.8750000000
143284  39.069  -31.561  91.448 0.7500000000
67542  23.711  -25.991  80.539 0.7500000000
67541  24.426  -26.465  80.478 0.7500000000
62653  39.524  -31.439  91.086 0.7500000000
63620  40.185  -30.570  91.914 1.0000000000
62667  39.596  -31.477  90.288 0.7500000000
62651  40.566  -30.876  90.265 0.8750000000
61685  38.771  -31.644  90.280 0.6250000000
61695  38.692  -31.638  89.517 0.5000000000
62643  39.370  -31.370  91.913 0.8750000000
61684  39.186  -31.602  89.889 0.6250000000
61696  38.119  -31.676  89.620 0.5000000000
69765  24.826  -24.770  80.435 0.6250000000
68628  25.315  -25.451  80.500 0.6250000000
61706  38.681  -31.630  88.688 0.3750000000
62681  39.674  -31.490  89.493 0.6250000000
62693  39.762  -31.453  88.742 0.6250000000
128663  37.963  -31.719  88.167 0.3750000000
67470  30.809  -26.556  85.899 0.6250000000
71719  27.180  -22.905  81.969 0.5000000000
61730  37.525  -31.581  86.490 0.3750000000
140585  28.978  -24.103  84.387 0.5000000000
69723  28.568  -23.961  83.580 0.5000000000
67360  11.472  -27.095  99.231 0.8750000000
67365  14.036  -25.964  95.833 0.8750000000
149346  9.169  -28.538  101.096 0.8750000000
75156  19.680  -17.712  88.525 0.1250000000
144685  3.587  -27.033  91.925 0.8750000000
74237  20.449  -18.788  87.756 0.3750000000
73388  20.576  -20.555  87.361 0.3750000000
73387  20.842  -20.924  88.073 0.3750000000
71649  21.961  -22.637  87.746 0.6250000000
71673  21.276  -22.548  85.907 0.6250000000
70752  21.378  -23.191  84.526 0.7500000000
69724  21.831  -24.285  83.368 0.6250000000
148380  21.448  -23.310  82.506 0.6250000000
65526  36.112  -27.764  93.817 0.8750000000
68618  22.754  -25.195  81.541 0.5000000000
131466  37.433  -26.859  92.333 0.8750000000
144050  36.739  -27.311  93.388 0.8750000000
58132  3.750  -36.899  80.958 0.6250000000
67394  38.667  -26.450  92.919 0.8750000000
67401  38.039  -26.479  92.480 0.8750000000
65547  35.796  -28.620  91.888 0.8750000000
65545  40.815  -28.481  91.716 1.0000000000
66453  40.410  -27.819  92.148 1.0000000000
67404  40.423  -27.008  91.154 1.0000000000
125828  39.311  -26.525  91.699 0.8750000000
66454  39.708  -27.264  92.725 1.0000000000
66462  39.416  -26.705  92.426 1.0000000000
127824  38.077  -26.392  91.379 0.8750000000
66463  37.550  -26.739  91.522 0.8750000000
65552  36.520  -27.950  90.818 0.8750000000
65553  36.032  -28.712  90.954 0.8750000000
64592  34.752  -29.548  90.625 0.8750000000
64591  35.325  -29.201  91.190 0.8750000000
70797  23.654  -23.912  80.640 0.5000000000
64590  41.703  -29.170  90.355 1.0000000000
66474  42.151  -27.609  89.388 1.0000000000
66467  41.582  -27.875  90.685 1.0000000000
148544  40.805  -29.229  91.626 1.0000000000
64582  41.171  -29.596  90.878 1.0000000000
127287  36.130  -28.478  90.087 0.8750000000
64600  33.730  -29.918  89.505 0.8750000000
64606  34.271  -29.454  88.870 0.8750000000
63647  41.125  -30.367  89.731 0.8750000000
63633  40.900  -30.300  90.580 1.0000000000
65576  35.124  -28.212  87.893 0.8750000000
132807  33.919  -29.117  88.137 0.8750000000
65577  34.311  -28.494  87.761 0.8750000000
65566  33.091  -29.268  88.032 0.8750000000
65557  42.724  -28.721  88.532 1.0000000000
142598  32.841  -28.232  87.459 0.8750000000
70762  28.284  -23.193  83.312 0.5000000000
72576  27.438  -21.696  82.685 0.3750000000
148319  33.288  -26.887  87.093 0.7500000000
68529  31.677  -26.121  87.509 0.6250000000
69696  29.528  -24.375  86.088 0.6250000000
70749  29.224  -23.379  84.978 0.5000000000
69685  29.753  -24.451  87.102 0.6250000000
67358  12.760  -26.187  98.133 0.7500000000
68451  13.745  -25.689  96.742 0.7500000000
67353  12.079  -26.367  99.645 0.8750000000
69586  6.440  -24.674  97.543 0.8750000000
68434  7.615  -25.549  99.031 0.8750000000
142298  10.847  -27.831  101.094 0.8750000000
66411  8.664  -28.027  101.275 0.8750000000
66407  8.386  -27.970  102.111 0.8750000000
69593  5.831  -24.497  96.798 0.8750000000
144165  5.037  -24.575  96.420 0.8750000000
66405  10.157  -28.430  102.388 0.8750000000
68471  3.921  -24.922  93.733 0.8750000000
69614  3.429  -24.089  93.899 0.8750000000
136241  3.438  -26.795  91.072 0.8750000000
77122  18.515  -16.464  85.385 0.1250000000
78981  17.989  -14.404  83.797 0.1250000000
78088  18.534  -15.125  83.584 0.1250000000
78075  17.673  -14.946  84.539 0.1250000000
76151  19.795  -17.870  85.963 0.1250000000
74247  20.157  -19.517  86.484 0.5000000000
77152  19.525  -16.710  83.832 0.1250000000
75204  19.735  -18.006  85.123 0.1250000000
75203  19.794  -18.490  85.643 0.1250000000
74260  19.833  -19.362  85.634 0.3750000000
72531  20.337  -21.079  86.089 0.5000000000
78087  19.056  -15.510  83.189 0.1250000000
75224  19.586  -18.385  84.125 0.1250000000
131877  19.801  -20.217  85.129 0.3750000000
126296  20.060  -20.915  85.278 0.5000000000
73414  19.754  -20.282  84.297 0.3750000000
74278  19.675  -19.367  84.177 0.1250000000
74292  19.767  -19.092  83.468 0.1250000000
75239  20.057  -19.321  82.527 0.2500000000
71690  20.499  -22.113  84.304 0.5000000000
73438  20.138  -20.343  82.526 0.5000000000
129746  20.326  -21.197  82.543 0.5000000000
72570  20.291  -21.660  83.431 0.5000000000
71705  21.167  -23.058  83.651 0.6250000000
71706  20.700  -22.417  83.462 0.7500000000
72579  21.197  -22.200  81.954 0.6250000000
137791  22.139  -23.409  81.492 0.5000000000
71731  22.967  -22.549  80.723 0.5000000000
71723  22.272  -22.749  81.180 0.5000000000
135172  4.081  -35.293  80.309 0.6250000000
59032  4.780  -36.064  80.830 0.6250000000
58121  4.538  -36.922  82.340 0.6250000000
56068  4.952  -37.989  82.893 0.7500000000
57105  4.971  -37.495  83.389 0.7500000000
58112  4.838  -36.994  83.176 0.7500000000
67411  40.611  -27.011  90.259 1.0000000000
67425  40.390  -26.793  89.200 1.0000000000
67413  38.794  -26.344  90.190 0.8750000000
67427  38.128  -26.144  89.431 0.8750000000
67414  37.999  -26.235  90.341 0.8750000000
67407  37.333  -26.623  89.809 0.8750000000
70796  24.422  -23.430  80.487 0.3750000000
71730  23.629  -23.045  80.541 0.5000000000
150023  37.865  -26.000  88.639 0.8750000000
67428  36.831  -26.287  88.337 0.8750000000
71721  25.144  -22.325  80.815 0.3750000000
66485  42.929  -27.500  88.604 1.0000000000
68546  36.861  -25.678  86.551 0.8750000000
73427  27.797  -20.194  83.670 0.2500000000
74274  27.480  -19.561  84.377 0.2500000000
131706  27.255  -20.361  83.154 0.3750000000
64605  42.937  -28.778  87.918 0.8750000000
131592  42.625  -29.033  87.911 0.6250000000
67466  35.420  -26.123  86.645 0.8750000000
67448  34.976  -26.919  86.921 0.8750000000
62704  40.840  -30.466  87.359 0.5000000000
61778  38.352  -30.966  84.525 0.2500000000
68531  30.265  -24.975  87.903 0.5000000000
70727  29.647  -23.066  86.717 0.5000000000
70739  29.444  -23.155  85.872 0.5000000000
140126  29.351  -23.800  85.761 0.6250000000
68442  13.554  -25.393  97.748 0.7500000000
68430  14.044  -24.925  98.793 0.7500000000
68432  12.407  -26.180  98.851 0.7500000000
68417  12.735  -25.782  99.386 0.7500000000
68416  13.417  -25.396  99.604 0.7500000000
68403  12.795  -25.848  100.251 0.7500000000
68445  7.025  -25.037  98.287 0.8750000000
67345  12.963  -26.288  101.264 0.8750000000
66412  7.906  -27.262  101.454 0.8750000000
67338  12.411  -27.077  101.977 0.8750000000
67337  13.745  -26.332  101.688 0.7500000000
130986  4.346  -24.502  96.452 0.8750000000
144668  3.766  -23.943  95.226 0.8750000000
69602  3.798  -24.296  96.006 0.8750000000
69628  3.535  -24.564  91.936 0.8750000000
77085  17.995  -16.939  86.771 0.1250000000
75113  20.467  -18.585  91.159 0.3750000000
75102  21.444  -18.835  92.364 0.3750000000
74203  22.151  -19.624  93.128 0.3750000000
82749  20.814  -10.697  84.695 0.1250000000
80924  18.718  -12.236  83.052 0.1250000000
79950  17.849  -13.427  83.794 0.1250000000
80870  23.022  -12.083  87.301 0.1250000000
81854  20.319  -11.114  83.223 0.1250000000
79974  19.335  -13.530  82.101 0.1250000000
79975  18.942  -12.900  82.557 0.1250000000
68504  3.680  -25.426  89.607 0.8750000000
129533  24.276  -11.856  85.873 0.1250000000
81851  23.035  -11.663  83.725 0.1250000000
81872  21.101  -11.276  82.631 0.1250000000
80923  19.360  -11.475  83.121 0.1250000000
80935  20.112  -12.211  81.858 0.1250000000
79002  19.102  -14.452  82.350 0.1250000000
131922  19.447  -16.061  83.090 0.1250000000
78099  19.357  -15.351  82.456 0.1250000000
66495  2.859  -27.850  88.271 0.8750000000
81852  22.431  -11.449  83.355 0.1250000000
139372  20.761  -11.766  81.977 0.1250000000
79017  19.768  -14.160  81.613 0.1250000000
80946  20.932  -12.372  81.474 0.1250000000
130642  20.170  -14.892  81.351 0.1250000000
78111  19.844  -15.497  81.758 0.2500000000
79029  20.999  -15.061  80.836 0.2500000000
79985  21.181  -13.215  80.991 0.1250000000
77180  20.082  -16.092  81.639 0.2500000000
76189  20.028  -17.555  81.991 0.2500000000
76207  20.472  -17.224  81.364 0.2500000000
76206  21.030  -17.638  80.972 0.2500000000
128427  20.556  -19.954  81.750 0.3750000000
80875  28.462  -12.905  86.912 0.1250000000
78966  27.286  -14.017  85.917 0.1250000000
79918  27.662  -13.528  86.325 0.1250000000
78951  27.218  -15.027  86.135 0.1250000000
74305  21.388  -19.494  81.200 0.3750000000
80866  28.944  -12.577  87.415 0.1250000000
79909  28.797  -13.485  87.278 0.1250000000
78939  27.778  -15.222  86.964 0.1250000000
78057  26.425  -15.305  85.600 0.1250000000
135712  26.195  -16.219  85.856 0.2500000000
73445  22.258  -20.940  81.099 0.3750000000
79908  29.334  -13.364  87.875 0.1250000000
78032  28.253  -15.445  87.751 0.1250000000
77104  26.512  -16.649  86.573 0.1250000000
77120  25.781  -16.563  85.348 0.2500000000
59920  6.955  -34.271  81.070 0.6250000000
78022  27.948  -16.113  88.278 0.1250000000
76101  26.724  -17.345  87.196 0.2500000000
76149  26.130  -17.761  85.826 0.2500000000
73444  23.211  -20.697  81.136 0.3750000000
76083  27.486  -17.450  88.320 0.2500000000
150211  27.699  -17.155  88.924 0.1250000000
75167  27.372  -18.267  87.421 0.3750000000
74276  25.919  -18.900  83.988 0.3750000000
137646  40.100  -26.594  88.279 1.0000000000
75177  27.210  -18.444  86.618 0.2500000000
75200  27.078  -18.663  85.785 0.2500000000
75221  26.258  -18.589  84.685 0.2500000000
74290  25.588  -19.159  83.274 0.3750000000
74289  26.183  -19.534  83.537 0.3750000000
147962  38.950  -26.180  87.393 0.8750000000
68505  38.201  -25.992  87.891 0.8750000000
74246  27.834  -18.877  86.021 0.2500000000
68565  38.990  -25.780  85.174 0.8750000000
67444  38.386  -25.907  86.961 0.8750000000
74256  29.222  -19.769  85.648 0.5000000000
74244  29.522  -19.451  86.481 0.5000000000
74236  28.866  -18.813  87.065 0.3750000000
73401  28.834  -20.144  84.811 0.3750000000
66484  43.630  -27.650  87.933 0.8750000000
67422  43.481  -27.066  87.903 0.8750000000
68571  33.731  -24.953  85.743 0.7500000000
71658  30.416  -21.569  87.049 0.3750000000
64614  43.531  -28.375  87.412 0.6250000000
65563  43.396  -28.279  87.864 0.7500000000
63702  41.477  -29.786  86.908 0.5000000000
69694  35.085  -24.322  84.903 0.7500000000
68582  37.158  -25.244  84.783 0.8750000000
69695  34.089  -24.295  85.321 0.7500000000
71659  30.080  -22.406  86.989 0.5000000000
128977  43.744  -28.275  86.477 0.5000000000
63718  41.457  -29.521  85.983 0.3750000000
62734  39.971  -30.573  85.852 0.3750000000
148885  29.794  -23.048  87.314 0.3750000000
64655  41.697  -28.640  84.630 0.1250000000
62733  40.060  -30.135  85.168 0.1250000000
62746  39.374  -30.310  84.547 0.1250000000
62762  38.624  -30.523  83.365 0.1250000000
77157  48.631  -16.696  82.867 0.7500000000
145563  49.875  -17.151  83.453 0.7500000000
78995  47.547  -14.349  83.168 0.8750000000
79965  47.576  -13.317  83.286 1.0000000000
136950  48.296  -12.655  83.926 1.0000000000
81840  48.266  -10.617  84.138 0.8750000000
79966  46.816  -13.107  82.602 0.8750000000
80927  46.867  -12.180  82.283 0.7500000000
125557  14.562  -24.841  97.796 0.7500000000
68413  16.783  -25.191  99.355 0.7500000000
68414  15.883  -25.057  99.806 0.7500000000
68404  6.614  -26.087  100.605 0.8750000000
128500  15.118  -25.297  100.049 0.7500000000
68400  15.696  -25.516  100.655 0.7500000000
69594  4.719  -24.512  97.112 0.8750000000
66408  7.503  -27.267  102.057 0.8750000000
67325  14.561  -26.848  103.596 0.7500000000
67326  13.687  -27.167  103.399 0.7500000000
125459  14.179  -26.678  102.595 0.7500000000
66397  13.268  -27.406  103.833 0.7500000000
70629  3.111  -23.316  97.099 0.8750000000
67313  12.700  -26.841  104.281 0.7500000000
67385  16.188  -26.377  93.181 1.0000000000
70679  3.751  -23.808  91.782 0.8750000000
75142  18.292  -18.389  89.815 0.3750000000
79028  21.950  -15.008  80.598 0.2500000000
79949  24.701  -13.385  83.899 0.1250000000
79013  23.113  -14.601  81.198 0.2500000000
77191  21.613  -16.350  80.589 0.2500000000
77190  22.393  -16.652  80.613 0.2500000000
61714  3.169  -31.973  87.343 0.8750000000
133103  28.330  -10.940  87.590 0.1250000000
81784  29.286  -11.622  88.070 0.1250000000
78107  23.900  -15.895  81.723 0.2500000000
77178  23.579  -16.289  81.266 0.2500000000
81774  29.430  -10.884  88.627 0.1250000000
130939  29.814  -11.726  88.703 0.1250000000
76188  24.584  -17.109  82.262 0.2500000000
76204  24.190  -17.594  81.701 0.2500000000
142767  23.268  -19.067  81.426 0.3750000000
81762  30.369  -11.106  90.118 0.1250000000
78010  28.576  -15.983  89.515 0.1250000000
79878  31.006  -13.711  91.561 0.1250000000
80827  31.159  -12.737  91.509 0.1250000000
78916  30.502  -14.339  90.916 0.1250000000
77052  28.312  -16.653  89.841 0.1250000000
75165  29.028  -18.569  87.922 0.3750000000
68542  40.875  -25.852  85.942 1.0000000000
74228  29.922  -18.875  88.179 0.3750000000
75138  29.307  -18.170  89.580 0.2500000000
67462  42.499  -26.220  87.163 1.0000000000
68564  39.933  -25.629  85.158 1.0000000000
143891  30.601  -20.356  87.391 0.3750000000
66483  44.314  -27.097  87.493 0.7500000000
67440  43.051  -26.536  87.716 1.0000000000
69705  38.641  -24.732  83.802 0.8750000000
69707  36.794  -24.487  84.186 0.8750000000
73378  30.901  -20.485  88.190 0.3750000000
68522  45.071  -25.830  86.843 0.8750000000
66497  45.142  -26.684  86.682 0.7500000000
65575  44.316  -27.788  86.975 0.6250000000
70748  35.307  -23.448  84.498 0.6250000000
136653  34.482  -23.574  84.860 0.6250000000
71671  33.764  -22.755  85.574 0.5000000000
70725  33.139  -23.308  85.938 0.5000000000
70694  30.127  -23.784  89.464 0.3750000000
126960  30.615  -22.138  89.254 0.3750000000
66510  45.228  -26.856  86.307 0.7500000000
64628  44.192  -27.881  86.340 0.3750000000
65594  44.731  -27.308  85.733 0.6250000000
71644  33.037  -22.317  87.216 0.5000000000
70704  32.456  -24.114  88.367 0.5000000000
68490  31.793  -25.180  89.232 0.5000000000
141176  31.946  -24.691  89.842 0.3750000000
69643  30.362  -24.359  89.633 0.3750000000
128300  41.487  -27.892  83.544 0.1250000000
73434  49.514  -20.620  82.636 0.5000000000
79954  48.733  -13.110  84.567 1.0000000000
81822  48.318  -11.421  84.536 0.8750000000
81823  48.071  -10.993  84.675 0.8750000000
82754  47.746  -9.527  83.848 0.8750000000
83660  48.070  -8.567  82.578 0.8750000000
83651  47.986  -9.041  83.342 0.8750000000
83661  47.812  -8.637  82.840 0.8750000000
83673  46.888  -8.975  82.613 0.7500000000
82779  45.815  -9.652  82.013 0.7500000000
83671  48.377  -8.323  81.907 0.8750000000
84544  48.211  -8.211  81.998 0.8750000000
84553  48.422  -7.935  81.316 0.7500000000
84554  47.823  -8.002  80.810 0.6250000000
83695  46.144  -9.424  80.505 0.6250000000
83694  46.978  -8.703  80.035 0.6250000000
84565  47.699  -8.151  79.557 0.6250000000
85477  49.248  -7.523  79.602 0.6250000000
83693  49.952  -7.958  80.024 0.8750000000
84562  50.542  -7.649  79.693 0.7500000000
85476  49.764  -7.468  79.360 0.6250000000
84576  49.236  -7.502  78.938 0.5000000000
131980  46.387  -9.233  78.138 0.5000000000
80966  52.370  -12.024  80.671 0.8750000000
79038  51.140  -13.969  79.556 0.8750000000
67335  16.095  -26.250  102.420 0.7500000000
68381  9.705  -26.443  103.067 0.8750000000
135514  7.989  -27.471  102.619 0.8750000000
146762  7.756  -27.225  102.875 0.8750000000
67328  6.598  -26.539  102.767 0.8750000000
67305  14.500  -26.642  104.228 0.7500000000
68360  13.962  -26.616  104.320 0.7500000000
68379  11.606  -25.954  103.202 0.7500000000
72446  23.939  -22.024  95.093 0.5000000000
68366  13.735  -25.921  104.084 0.7500000000
68368  12.182  -26.490  103.850 0.7500000000
70635  3.353  -23.101  96.317 0.8750000000
74196  22.063  -19.231  93.466 0.3750000000
79951  17.502  -12.943  84.477 0.1250000000
76085  16.805  -17.260  88.720 0.2500000000
143737  18.932  -19.256  92.563 0.2500000000
144226  17.134  -18.292  90.840 0.2500000000
75094  18.249  -19.197  92.929 0.2500000000
77043  16.277  -16.523  90.390 0.1250000000
82689  28.987  -9.945  88.571 0.1250000000
60835  8.504  -33.566  82.765 0.7500000000
60829  7.965  -34.133  83.310 0.7500000000
143097  4.761  -35.108  86.451 0.8750000000
79877  31.271  -13.170  92.185 0.1250000000
137147  31.158  -10.553  91.837 0.1250000000
77975  30.929  -15.506  93.195 0.1250000000
77987  30.068  -15.896  91.636 0.1250000000
77999  29.461  -15.926  90.886 0.1250000000
78908  30.129  -15.216  91.293 0.1250000000
77042  29.125  -16.721  90.814 0.1250000000
75127  29.572  -17.828  90.277 0.1250000000
77030  30.385  -16.406  92.044 0.1250000000
77031  29.725  -16.564  91.339 0.1250000000
76057  29.518  -17.013  91.100 0.1250000000
75111  30.706  -17.901  91.360 0.2500000000
74213  31.106  -18.947  90.140 0.3750000000
69691  42.736  -24.625  85.348 1.0000000000
68579  40.159  -25.108  84.517 1.0000000000
73345  31.473  -20.752  91.573 0.3750000000
74208  31.652  -19.529  91.563 0.2500000000
73358  31.357  -20.825  90.600 0.3750000000
73377  31.199  -20.198  89.070 0.3750000000
69682  44.396  -25.108  86.579 0.8750000000
69704  39.613  -24.674  83.923 0.8750000000
70760  37.423  -23.637  83.637 0.8750000000
146707  30.882  -21.733  89.747 0.3750000000
71700  38.517  -22.936  83.558 0.7500000000
71702  36.977  -23.160  83.992 0.7500000000
71655  34.083  -22.067  86.018 0.5000000000
70693  30.459  -24.213  90.242 0.3750000000
69680  45.990  -24.682  86.728 0.7500000000
72542  34.873  -21.815  85.783 0.5000000000
72528  33.735  -21.831  86.850 0.5000000000
71638  32.606  -23.196  88.793 0.3750000000
71637  32.889  -22.259  88.216 0.3750000000
69640  31.642  -24.437  90.676 0.3750000000
133098  45.051  -27.009  85.406 0.5000000000
66523  45.655  -26.577  85.498 0.6250000000
65618  43.389  -27.384  84.487 0.1250000000
66543  44.706  -26.634  84.467 0.2500000000
67487  46.218  -26.188  85.069 0.5000000000
66544  43.949  -26.926  84.492 0.1250000000
67494  44.526  -26.344  84.013 0.1250000000
143842  48.680  -21.861  82.613 0.5000000000
71711  48.611  -22.535  83.166 0.5000000000
69716  46.583  -24.918  83.764 0.2500000000
135838  48.854  -12.723  85.034 1.0000000000
82799  52.520  -9.881  80.245 0.8750000000
84574  50.673  -7.488  79.387 0.6250000000
84584  48.410  -8.070  78.264 0.5000000000
84582  50.478  -7.757  78.661 0.5000000000
81891  52.936  -11.059  80.573 0.8750000000
134235  52.892  -9.422  80.025 0.8750000000
83703  52.138  -8.690  79.498 0.5000000000
140968  48.597  -8.414  77.745 0.5000000000
83710  50.495  -8.611  78.110 0.5000000000
79990  52.856  -12.894  80.898 0.8750000000
67352  18.925  -26.252  100.030 0.7500000000
67344  18.423  -26.250  101.116 0.7500000000
68390  17.459  -25.925  101.012 0.7500000000
140727  18.427  -26.138  97.281 0.7500000000
67334  17.062  -26.118  102.162 0.7500000000
67333  17.832  -26.236  101.887 0.7500000000
67309  16.261  -26.186  103.672 0.7500000000
68384  6.091  -25.926  103.066 0.8750000000
69559  3.759  -24.060  100.737 0.8750000000
68456  17.123  -25.639  95.630 1.0000000000
68364  15.939  -26.138  103.984 0.7500000000
127708  9.092  -25.481  102.437 0.7500000000
144321  14.465  -25.267  103.585 0.7500000000
71571  3.726  -22.652  96.251 0.8750000000
69554  12.605  -24.632  101.861 0.6250000000
70591  13.135  -24.061  101.316 0.6250000000
71617  4.487  -23.089  91.960 0.8750000000
75092  21.177  -19.019  93.610 0.3750000000
68502  5.052  -25.520  89.504 0.8750000000
76058  16.390  -17.621  91.747 0.2500000000
139716  16.760  -18.315  92.124 0.2500000000
77032  16.188  -16.772  91.412 0.1250000000
65569  6.985  -28.539  88.640 0.8750000000
82669  29.797  -9.378  90.101 0.1250000000
60822  6.938  -34.201  84.558 0.8750000000
78889  31.245  -14.931  93.716 0.1250000000
75101  31.835  -18.428  92.785 0.2500000000
75090  32.279  -18.294  93.892 0.2500000000
139135  31.719  -20.296  92.229 0.2500000000
73321  31.537  -21.810  93.781 0.3750000000
73332  31.437  -21.255  92.637 0.3750000000
72471  30.826  -22.531  92.083 0.3750000000
151335  39.145  -22.950  83.428 0.7500000000
127384  31.409  -22.835  93.504 0.3750000000
70659  31.393  -23.379  93.112 0.3750000000
70669  31.682  -23.776  92.084 0.3750000000
70660  31.073  -23.603  92.585 0.3750000000
72472  30.673  -23.152  91.896 0.3750000000
72482  30.656  -22.516  91.228 0.3750000000
70723  45.061  -24.154  86.177 0.8750000000
71683  37.355  -22.625  84.255 0.7500000000
72524  37.253  -21.624  86.382 0.5000000000
72525  36.326  -21.526  86.415 0.5000000000
72515  35.105  -21.253  87.320 0.3750000000
147331  34.058  -21.377  88.168 0.3750000000
71618  32.730  -22.564  90.246 0.3750000000
71609  32.651  -22.752  91.897 0.3750000000
142262  32.390  -23.522  90.742 0.3750000000
69620  31.378  -24.196  91.491 0.3750000000
70670  31.181  -23.819  92.334 0.3750000000
71628  32.514  -23.355  89.812 0.3750000000
70680  31.949  -24.078  91.205 0.3750000000
70713  46.691  -24.493  86.688 0.7500000000
70754  47.639  -23.725  83.502 0.3750000000
75228  50.470  -18.463  83.852 1.0000000000
73433  49.881  -20.262  83.204 0.7500000000
81921  53.558  -10.715  80.037 0.8750000000
80949  53.501  -12.455  80.694 0.8750000000
82819  51.922  -9.319  78.620 0.5000000000
80979  53.457  -11.341  79.658 0.8750000000
83720  48.008  -9.089  77.064 0.5000000000
82821  50.002  -9.390  77.569 0.5000000000
68425  19.742  -26.119  98.858 0.7500000000
67332  18.907  -26.211  101.761 0.7500000000
67321  18.518  -26.276  102.755 0.7500000000
68373  5.854  -25.114  103.221 0.8750000000
68375  18.640  -26.060  103.099 0.6250000000
136038  20.229  -25.424  101.929 0.7500000000
69538  19.954  -25.090  102.242 0.6250000000
67308  17.159  -26.195  103.427 0.6250000000
68376  17.945  -26.280  103.334 0.7500000000
69550  4.568  -24.644  102.606 0.7500000000
70571  18.681  -24.799  102.582 0.6250000000
69529  17.237  -25.749  103.552 0.6250000000
69539  18.684  -25.585  103.096 0.6250000000
69530  16.402  -25.651  103.679 0.7500000000
135715  4.377  -23.152  99.669 0.8750000000
70621  3.588  -23.270  98.900 0.8750000000
71558  3.353  -22.997  97.514 0.8750000000
71577  4.494  -22.303  94.972 0.8750000000
73302  23.571  -20.893  95.659 0.6250000000
73303  23.114  -19.885  95.258 0.5000000000
134354  22.564  -19.491  94.774 0.5000000000
133518  4.982  -22.477  96.880 0.8750000000
74178  22.076  -19.209  94.658 0.2500000000
74188  20.673  -19.248  94.170 0.3750000000
70605  14.367  -23.366  100.670 0.6250000000
71595  5.403  -22.627  93.213 0.8750000000
74189  19.989  -19.369  94.295 0.3750000000
74190  19.226  -19.374  94.034 0.3750000000
70690  5.059  -23.550  90.524 0.8750000000
75083  18.238  -19.207  93.865 0.2500000000
128218  6.531  -24.801  89.825 0.8750000000
67417  6.976  -26.172  89.518 0.8750000000
75096  16.834  -18.303  93.008 0.2500000000
148033  15.921  -16.318  93.302 0.1250000000
77020  16.081  -16.908  92.239 0.1250000000
77976  15.947  -16.246  91.977 0.1250000000
62760  9.856  -31.628  82.769 0.7500000000
62753  9.376  -31.409  84.352 0.7500000000
61756  5.809  -33.475  85.897 0.8750000000
70745  42.316  -23.487  83.983 0.8750000000
71699  39.744  -22.660  83.459 0.7500000000
72460  33.169  -22.171  93.383 0.3750000000
71588  32.461  -22.751  93.905 0.3750000000
73385  35.698  -21.057  88.161 0.3750000000
72480  34.033  -20.996  90.420 0.3750000000
70722  46.391  -23.894  86.570 0.7500000000
70734  45.791  -23.607  86.148 0.8750000000
136088  47.976  -24.053  86.315 0.7500000000
68539  47.806  -24.604  86.075 0.6250000000
69700  48.371  -24.060  85.321 0.7500000000
71675  49.682  -22.007  84.674 0.8750000000
82829  49.575  -10.333  76.974 0.5000000000
81937  52.280  -10.274  78.597 0.5000000000
151297  21.409  -25.758  101.484 0.6250000000
68397  21.808  -25.711  101.274 0.6250000000
69575  20.077  -25.521  98.543 0.8750000000
70584  20.012  -24.188  101.930 0.6250000000
70570  19.609  -24.699  102.198 0.6250000000
70579  4.302  -24.128  102.344 0.7500000000
70596  3.994  -24.032  101.574 0.7500000000
132085  5.239  -22.871  103.060 0.7500000000
70576  8.215  -23.656  103.050 0.7500000000
70603  17.179  -23.431  100.981 0.6250000000
71532  5.594  -22.977  100.905 0.7500000000
71566  24.350  -23.162  96.350 0.6250000000
70630  24.235  -23.654  96.864 0.6250000000
71527  12.399  -23.031  99.882 0.6250000000
71555  5.952  -22.834  99.045 0.7500000000
71554  6.752  -22.630  98.340 0.8750000000
70689  6.178  -23.624  90.520 0.8750000000
70676  5.651  -23.182  91.055 0.8750000000
126939  7.466  -22.563  94.803 0.7500000000
125734  6.958  -22.616  94.009 0.8750000000
71680  42.972  -23.131  83.976 0.8750000000
70755  41.995  -22.573  83.555 0.8750000000
72551  39.466  -21.594  84.239 0.7500000000
72550  40.176  -21.230  83.936 0.8750000000
72537  39.247  -21.445  85.285 0.7500000000
71679  43.647  -22.748  84.050 1.0000000000
72565  42.022  -21.413  83.389 0.8750000000
71695  43.820  -21.959  83.693 1.0000000000
141535  41.231  -21.252  83.460 0.8750000000
73412  40.502  -20.779  84.361 0.8750000000
130169  38.151  -21.623  86.353 0.6250000000
71667  45.385  -23.108  85.361 1.0000000000
72523  38.599  -21.591  87.033 0.6250000000
73364  37.446  -20.893  89.799 0.5000000000
148054  46.640  -21.543  84.431 1.0000000000
72549  45.782  -21.665  84.144 1.0000000000
71665  47.213  -22.791  85.809 0.8750000000
71654  46.868  -23.438  86.382 0.8750000000
71652  48.617  -22.767  85.907 0.8750000000
137496  48.688  -22.025  85.624 1.0000000000
145369  48.303  -23.470  86.069 0.7500000000
150715  48.394  -23.670  85.998 0.7500000000
71663  49.514  -22.066  85.310 0.8750000000
73404  50.295  -19.856  84.224 1.0000000000
76138  50.010  -17.650  84.785 1.0000000000
73396  49.866  -20.008  84.908 1.0000000000
81938  51.590  -11.164  77.742 0.6250000000
82841  47.173  -10.490  76.101 0.5000000000
73478  53.992  -19.958  74.669 0.6250000000
69561  23.774  -24.807  100.705 0.6250000000
69537  20.876  -25.071  102.173 0.6250000000
71498  6.091  -22.060  104.572 0.7500000000
70568  21.319  -24.609  102.073 0.6250000000
70583  20.815  -24.109  101.896 0.6250000000
145087  21.405  -22.903  101.043 0.6250000000
70601  18.902  -23.721  101.321 0.6250000000
71503  8.656  -22.525  102.685 0.7500000000
132245  9.271  -22.720  102.135 0.7500000000
134107  8.230  -22.811  103.157 0.7500000000
71500  7.804  -22.443  103.835 0.7500000000
71521  18.689  -23.172  100.603 0.6250000000
71537  17.613  -22.511  99.524 0.6250000000
71522  17.810  -23.065  100.372 0.6250000000
71514  5.212  -22.891  102.097 0.7500000000
73296  23.815  -20.886  96.341 0.6250000000
74171  23.148  -19.398  96.625 0.6250000000
143836  12.871  -22.613  99.407 0.6250000000
71542  12.141  -22.292  99.353 0.6250000000
71575  6.865  -22.553  95.546 0.7500000000
126700  7.749  -22.476  97.984 0.7500000000
69651  7.433  -24.471  89.756 0.7500000000
70688  7.143  -23.351  90.607 0.7500000000
64639  7.918  -30.228  87.110 0.8750000000
65592  9.719  -28.645  86.661 0.7500000000
64650  10.461  -29.297  84.917 0.7500000000
133171  9.345  -27.090  82.077 0.5000000000
65638  6.355  -27.829  82.161 0.6250000000
73410  41.951  -19.894  84.029 1.0000000000
127314  39.962  -21.352  87.249 0.6250000000
73424  41.551  -20.632  83.627 0.8750000000
72547  48.381  -21.115  85.046 1.0000000000
80032  52.774  -13.783  78.382 0.6250000000
75336  54.336  -18.258  77.276 0.7500000000
130171  53.762  -19.183  76.071 0.6250000000
74343  54.386  -19.313  75.423 0.6250000000
73493  54.517  -20.935  73.012 0.6250000000
74362  54.704  -19.884  73.388 0.6250000000
70580  24.324  -23.669  101.521 0.6250000000
71508  22.332  -23.226  101.581 0.6250000000
71520  19.646  -23.345  100.923 0.6250000000
140867  20.043  -21.438  99.386 0.6250000000
71511  8.937  -21.853  102.382 0.7500000000
72394  8.645  -21.186  103.027 0.7500000000
72391  8.113  -21.194  103.758 0.7500000000
141364  5.556  -21.817  104.171 0.7500000000
72415  16.563  -21.661  98.592 0.6250000000
71524  15.933  -22.813  99.938 0.6250000000
72430  12.891  -21.177  98.545 0.6250000000
142209  10.887  -22.221  100.143 0.6250000000
71529  10.253  -22.028  100.755 0.7500000000
72406  9.958  -21.190  100.853 0.7500000000
72393  5.518  -20.976  104.210 0.7500000000
72416  15.817  -21.377  98.392 0.6250000000
144958  15.270  -22.440  99.380 0.6250000000
71550  15.054  -21.861  98.677 0.6250000000
71540  14.532  -22.432  99.267 0.6250000000
151698  14.475  -21.343  98.353 0.6250000000
72429  13.741  -21.205  98.356 0.6250000000
72395  5.676  -21.488  103.087 0.7500000000
74166  23.777  -19.649  97.119 0.6250000000
71531  6.758  -22.454  100.800 0.7500000000
71545  7.094  -22.460  100.004 0.7500000000
71583  8.503  -22.375  94.834 0.7500000000
71625  7.631  -22.847  90.831 0.7500000000
142287  8.085  -22.206  92.698 0.7500000000
71592  8.242  -22.190  93.418 0.7500000000
70687  8.012  -23.258  90.261 0.7500000000
69650  8.448  -24.280  89.492 0.7500000000
71624  8.493  -22.444  90.564 0.7500000000
66522  10.014  -27.887  86.998 0.7500000000
66506  10.249  -27.090  87.269 0.7500000000
65617  11.035  -28.552  84.468 0.7500000000
66535  10.951  -27.728  85.788 0.7500000000
65624  11.159  -27.864  83.056 0.7500000000
66541  11.450  -27.114  84.363 0.7500000000
66542  11.207  -27.826  84.896 0.7500000000
67498  11.604  -26.389  83.849 0.6250000000
68592  11.327  -24.902  83.048 0.5000000000
129573  40.058  -21.453  89.012 0.5000000000
73384  41.052  -20.855  87.548 0.6250000000
73363  38.156  -21.048  90.242 0.5000000000
69751  7.498  -24.681  82.514 0.2500000000
128664  40.051  -21.445  88.090 0.5000000000
79077  52.240  -14.942  76.901 0.5000000000
78157  54.074  -16.079  78.212 0.6250000000
80033  51.724  -13.210  77.283 0.3750000000
145364  50.919  -12.908  76.379 0.3750000000
149587  55.334  -18.005  76.066 0.7500000000
74342  55.071  -18.944  74.808 0.6250000000
74351  55.088  -19.066  73.794 0.6250000000
142302  54.452  -20.799  72.187 0.6250000000
74376  54.673  -19.278  72.653 0.6250000000
70618  24.972  -23.629  98.694 0.7500000000
144531  25.449  -21.242  100.039 0.5000000000
72411  20.767  -21.469  99.715 0.6250000000
73277  20.491  -20.658  99.346 0.6250000000
73278  19.706  -20.872  98.992 0.6250000000
73264  8.878  -20.480  102.850 0.7500000000
73262  7.483  -21.111  104.425 0.7500000000
143788  6.876  -21.058  104.803 0.7500000000
73259  6.335  -20.563  104.743 0.7500000000
72422  25.275  -21.073  99.152 0.5000000000
74139  25.054  -19.399  100.372 0.5000000000
72425  17.975  -21.079  98.526 0.6250000000
72424  18.884  -21.073  98.693 0.6250000000
72405  10.603  -21.329  100.103 0.6250000000
73271  10.771  -20.412  99.836 0.6250000000
73267  9.316  -20.311  102.311 0.6250000000
74156  24.682  -19.805  98.495 0.5000000000
74147  25.008  -19.586  99.499 0.5000000000
75021  24.581  -18.673  100.555 0.6250000000
75022  24.206  -18.129  101.157 0.6250000000
75975  24.168  -17.310  100.937 0.6250000000
75986  24.038  -17.114  100.324 0.6250000000
75988  22.216  -16.636  99.403 0.3750000000
73285  17.653  -20.168  98.233 0.6250000000
72427  16.397  -20.952  98.199 0.6250000000
73280  11.509  -20.425  99.260 0.6250000000
71512  7.129  -21.744  101.340 0.7500000000
73287  15.122  -20.234  97.918 0.6250000000
128498  14.595  -19.521  97.860 0.6250000000
138102  7.363  -20.879  101.664 0.7500000000
76957  22.567  -15.518  100.831 0.3750000000
150257  8.216  -22.170  99.036 0.7500000000
71544  7.804  -22.211  99.555 0.7500000000
71553  8.531  -22.070  98.499 0.7500000000
71567  9.458  -22.020  96.452 0.7500000000
71582  9.273  -22.019  94.829 0.7500000000
71560  9.358  -21.922  97.153 0.7500000000
72487  9.072  -21.864  90.681 0.7500000000
71635  9.654  -22.574  89.576 0.7500000000
69662  10.307  -24.207  88.382 0.7500000000
68559  10.799  -25.809  87.086 0.7500000000
68558  11.279  -25.707  86.520 0.7500000000
66521  10.619  -27.451  86.542 0.7500000000
66520  11.083  -27.045  86.051 0.7500000000
134225  11.726  -25.480  85.919 0.6250000000
70765  12.026  -23.770  83.573 0.5000000000
69712  12.326  -24.088  84.261 0.5000000000
73403  11.876  -20.214  84.981 0.3750000000
73402  12.258  -20.593  85.410 0.3750000000
71708  10.815  -22.689  83.325 0.3750000000
72559  11.409  -21.299  84.035 0.3750000000
73391  41.501  -20.399  87.006 0.8750000000
133883  9.632  -23.526  82.693 0.3750000000
80052  50.417  -13.027  75.582 0.3750000000
76288  55.666  -17.366  75.563 0.6250000000
75360  55.273  -18.290  73.375 0.6250000000
77280  53.921  -17.248  71.792 0.5000000000
75372  54.514  -18.868  72.517 0.6250000000
76318  53.252  -17.718  71.296 0.3750000000
75375  53.664  -18.993  71.639 0.3750000000
76319  52.674  -17.877  70.592 0.2500000000
78252  52.131  -15.574  69.092 0.1250000000
80154  54.255  -13.947  69.440 0.1250000000
80166  52.821  -14.044  68.212 0.1250000000
78253  51.723  -15.417  68.038 0.1250000000
72402  22.995  -21.352  100.812 0.6250000000
74131  9.150  -19.759  102.679 0.7500000000
140556  24.059  -20.842  101.290 0.6250000000
73276  21.377  -20.530  99.784 0.6250000000
74148  21.886  -19.529  100.210 0.6250000000
74125  7.273  -19.682  104.357 0.7500000000
74142  22.986  -19.355  100.799 0.6250000000
74158  18.968  -19.327  98.803 0.6250000000
74150  19.757  -19.186  99.123 0.6250000000
150613  5.612  -20.321  104.305 0.7500000000
139524  5.891  -20.042  104.591 0.7500000000
74140  24.548  -19.264  100.916 0.6250000000
134135  23.494  -18.528  101.188 0.6250000000
75023  23.285  -17.772  101.422 0.6250000000
74161  15.731  -19.500  97.848 0.6250000000
74159  17.377  -19.232  98.220 0.6250000000
74152  12.108  -19.245  98.765 0.6250000000
73263  5.443  -20.135  104.025 0.7500000000
73266  5.781  -20.286  103.265 0.7500000000
73268  6.438  -20.588  102.488 0.7500000000
73281  8.910  -21.063  99.522 0.7500000000
72448  9.760  -21.642  94.394 0.7500000000
74155  8.787  -19.780  99.954 0.7500000000
71623  9.240  -22.140  90.114 0.7500000000
141572  9.247  -21.491  91.795 0.7500000000
72447  10.424  -21.282  94.832 0.7500000000
72435  9.797  -21.272  97.446 0.7500000000
74154  9.352  -19.710  99.218 0.6250000000
70718  11.486  -23.256  87.526 0.6250000000
70742  12.473  -23.508  84.957 0.5000000000
143234  12.028  -19.770  86.386 0.3750000000
74249  11.753  -19.349  86.122 0.3750000000
76302  55.743  -17.416  73.659 0.7500000000
77257  56.140  -16.094  75.293 0.5000000000
77276  55.362  -16.883  72.659 0.5000000000
76309  55.792  -16.554  72.849 0.6250000000
76301  56.010  -16.617  73.277 0.5000000000
78229  54.695  -15.669  71.332 0.5000000000
147229  55.079  -13.127  68.644 0.1250000000
75028  10.393  -18.891  100.783 0.6250000000
74127  5.806  -19.487  104.393 0.7500000000
75005  6.737  -18.985  104.376 0.7500000000
149871  18.635  -18.726  98.915 0.6250000000
75038  12.090  -18.364  99.042 0.6250000000
75007  5.767  -19.089  104.272 0.7500000000
74134  5.526  -19.486  103.981 0.7500000000
75046  17.946  -18.466  98.755 0.6250000000
75048  16.084  -18.288  98.067 0.6250000000
75015  5.664  -18.717  103.642 0.7500000000
75049  14.347  -18.473  97.980 0.6250000000
75050  13.481  -18.208  98.273 0.6250000000
77926  22.400  -15.252  101.347 0.5000000000
77916  22.131  -15.463  101.785 0.5000000000
78847  21.470  -14.539  101.579 0.5000000000
127474  20.606  -14.181  101.023 0.5000000000
138486  10.851  -20.679  95.278 0.7500000000
72434  10.247  -20.889  96.890 0.7500000000
74169  10.073  -19.666  97.947 0.6250000000
74199  11.072  -20.018  93.172 0.6250000000
78193  56.548  -15.400  74.007 0.3750000000
77268  56.398  -15.998  73.565 0.5000000000
78210  56.378  -14.918  72.201 0.3750000000
78211  56.079  -15.244  71.915 0.3750000000
79155  56.437  -14.258  71.906 0.2500000000
81087  56.535  -12.257  68.524 0.2500000000
75981  11.691  -16.969  100.024 0.6250000000
144547  10.259  -17.389  101.864 0.6250000000
75009  8.106  -18.257  103.980 0.7500000000
75010  7.222  -18.256  104.254 0.7500000000
75977  21.415  -17.164  101.336 0.6250000000
128043  19.487  -17.171  100.612 0.6250000000
75990  18.778  -17.446  99.946 0.6250000000
76007  13.452  -17.489  98.540 0.6250000000
76008  12.786  -17.858  98.683 0.6250000000
76973  12.536  -16.562  99.604 0.6250000000
76972  13.450  -16.337  99.358 0.6250000000
75958  5.847  -18.613  104.213 0.7500000000
75978  20.448  -16.781  101.262 0.6250000000
75037  18.121  -17.705  99.414 0.6250000000
76003  17.523  -17.845  98.929 0.6250000000
76004  16.799  -17.610  98.733 0.6250000000
76948  21.350  -15.914  101.966 0.6250000000
76939  20.800  -15.534  102.246 0.6250000000
75970  20.494  -16.047  101.870 0.6250000000
75014  5.720  -18.831  103.091 0.7500000000
76938  21.529  -15.544  102.063 0.6250000000
77906  21.524  -14.878  102.082 0.6250000000
75031  6.571  -17.878  101.591 0.7500000000
75020  5.740  -18.068  102.865 0.7500000000
75973  5.924  -17.518  102.083 0.7500000000
73304  11.031  -19.805  95.537 0.7500000000
75058  10.032  -18.795  97.703 0.6250000000
74191  11.294  -19.508  94.678 0.6250000000
136401  11.265  -19.151  91.968 0.6250000000
72510  11.513  -21.189  88.235 0.6250000000
75157  11.504  -18.391  88.519 0.5000000000
76135  6.027  -18.200  86.702 0.3750000000
79120  52.694  -14.670  73.430 0.2500000000
127816  56.574  -14.904  73.626 0.3750000000
81056  56.492  -13.020  71.447 0.3750000000
129636  56.596  -12.127  70.117 0.2500000000
82883  57.262  -10.978  69.071 0.3750000000
75965  9.331  -17.778  102.940 0.6250000000
76971  14.377  -16.271  99.241 0.6250000000
138447  15.152  -16.264  99.288 0.6250000000
147580  6.555  -16.981  103.847 0.7500000000
76935  7.220  -16.656  104.070 0.6250000000
76949  19.601  -15.799  101.951 0.6250000000
76950  18.795  -15.756  101.733 0.6250000000
75979  18.684  -16.856  100.531 0.6250000000
76970  17.084  -16.490  100.015 0.6250000000
137491  18.235  -17.122  99.902 0.6250000000
75992  16.623  -16.889  99.266 0.6250000000
76936  6.093  -16.637  103.493 0.7500000000
76940  20.066  -15.564  102.264 0.6250000000
77908  20.099  -15.115  102.542 0.5000000000
75974  5.648  -17.104  102.429 0.7500000000
141736  5.671  -17.106  102.916 0.7500000000
79809  20.350  -13.598  102.760 0.6250000000
75985  5.681  -16.779  101.565 0.6250000000
75983  6.654  -17.230  100.616 0.6250000000
74180  11.220  -18.961  95.242 0.6250000000
75063  10.523  -18.699  96.404 0.6250000000
76014  9.466  -17.879  97.497 0.6250000000
76019  10.023  -17.830  96.230 0.6250000000
76045  11.149  -17.763  92.832 0.6250000000
78026  7.356  -15.719  88.748 0.6250000000
131154  7.138  -16.677  87.643 0.5000000000
77090  6.317  -16.960  87.717 0.5000000000
76111  5.695  -17.539  87.397 0.5000000000
80108  53.878  -13.217  72.883 0.3750000000
127024  56.588  -12.643  71.974 0.3750000000
82877  56.566  -10.987  70.879 0.3750000000
83775  56.998  -10.219  69.642 0.3750000000
76953  10.499  -16.696  102.095 0.6250000000
76942  10.165  -16.397  102.833 0.6250000000
76959  17.492  -16.056  100.786 0.6250000000
131342  17.446  -14.996  101.883 0.5000000000
129780  16.372  -16.345  99.739 0.6250000000
77931  13.596  -15.223  100.691 0.6250000000
76963  12.141  -16.151  100.401 0.6250000000
76951  11.876  -15.888  101.313 0.6250000000
76941  10.855  -16.027  102.449 0.6250000000
76933  8.897  -16.063  103.701 0.6250000000
136025  18.266  -15.145  102.128 0.5000000000
131217  18.364  -16.285  101.046 0.6250000000
76937  5.704  -16.733  103.059 0.7500000000
135242  19.381  -14.766  102.700 0.5000000000
78818  20.128  -13.742  103.115 0.5000000000
78829  19.990  -14.434  102.918 0.5000000000
76954  5.459  -16.342  101.732 0.6250000000
75984  5.918  -16.593  100.801 0.6250000000
75999  6.218  -16.415  99.970 0.5000000000
76046  10.879  -17.586  93.621 0.6250000000
76037  10.388  -17.326  94.480 0.6250000000
77011  9.591  -16.406  93.554 0.6250000000
77001  10.277  -16.846  93.659 0.6250000000
131565  7.529  -15.363  90.238 0.6250000000
77071  6.589  -16.267  88.243 0.6250000000
86455  56.912  -5.068  71.638 0.3750000000
85554  56.692  -7.039  70.937 0.3750000000
141167  57.380  -6.591  69.613 0.3750000000
77920  15.212  -14.682  101.295 0.5000000000
77911  11.877  -15.054  102.386 0.6250000000
77900  9.605  -15.088  103.376 0.6250000000
77901  9.048  -15.352  103.631 0.6250000000
78825  7.141  -14.143  103.636 0.6250000000
77910  17.685  -14.479  102.451 0.5000000000
78836  11.224  -14.821  102.594 0.6250000000
78831  17.977  -14.023  102.856 0.5000000000
78830  18.942  -14.256  103.006 0.5000000000
79821  13.653  -13.935  102.201 0.5000000000
79801  19.019  -13.292  103.531 0.5000000000
133170  17.591  -13.077  103.514 0.3750000000
149662  18.592  -12.596  103.901 0.5000000000
77925  5.384  -15.795  101.948 0.6250000000
78850  5.645  -15.377  101.560 0.5000000000
76974  6.532  -16.228  99.087 0.5000000000
76980  6.949  -16.093  98.282 0.5000000000
76016  7.500  -16.404  97.805 0.6250000000
76021  8.354  -16.818  96.669 0.6250000000
76030  8.109  -16.761  95.892 0.6250000000
76039  8.547  -16.772  95.426 0.6250000000
133127  7.454  -16.595  94.437 0.6250000000
77012  8.570  -16.383  93.897 0.6250000000
83739  55.978  -10.027  73.795 0.3750000000
79804  9.034  -13.694  102.887 0.5000000000
130305  9.889  -14.107  102.857 0.6250000000
78834  14.709  -13.845  102.285 0.5000000000
79822  12.096  -13.694  101.700 0.5000000000
79810  16.543  -13.432  102.879 0.3750000000
148075  15.978  -13.462  102.658 0.3750000000
79812  15.360  -13.427  102.519 0.3750000000
79807  7.201  -13.329  103.295 0.5000000000
79803  16.728  -13.057  103.282 0.3750000000
80760  17.205  -12.528  103.655 0.3750000000
78844  6.035  -14.503  102.145 0.5000000000
80756  18.137  -11.874  104.133 0.3750000000
80755  18.801  -12.091  104.114 0.3750000000
78856  6.234  -15.322  100.276 0.5000000000
76994  6.803  -16.210  95.444 0.5000000000
79815  7.598  -12.963  103.194 0.5000000000
81675  17.171  -11.791  103.765 0.3750000000
82589  16.436  -11.497  103.218 0.3750000000
131784  14.950  -12.358  102.022 0.2500000000
81690  14.488  -11.736  101.090 0.2500000000
80774  12.420  -13.065  101.040 0.3750000000
80784  12.657  -12.332  100.234 0.3750000000
81672  17.821  -11.285  104.154 0.3750000000
82592  16.257  -10.588  102.931 0.3750000000
82586  17.207  -10.797  103.848 0.3750000000
82596  15.264  -11.342  101.772 0.2500000000
81699  14.212  -11.273  100.274 0.2500000000
81700  13.661  -11.120  99.612 0.2500000000
82584  18.441  -10.717  104.297 0.3750000000
79830  7.161  -13.157  101.400 0.5000000000
78865  7.375  -15.148  97.712 0.5000000000
77964  6.498  -15.787  94.916 0.5000000000
81679  7.593  -11.207  102.739 0.5000000000
80791  10.998  -12.212  100.047 0.3750000000
80786  10.659  -12.533  100.916 0.5000000000
81686  7.039  -10.894  102.900 0.5000000000
81701  12.303  -11.837  99.410 0.3750000000
82591  16.447  -9.809  103.284 0.2500000000
80793  7.626  -12.502  100.628 0.5000000000
81693  8.954  -11.303  101.321 0.5000000000
81694  8.066  -10.554  102.152 0.5000000000
81708  11.866  -11.351  98.796 0.2500000000
81702  11.424  -11.803  99.357 0.3750000000
83496  15.057  -9.345  101.147 0.1250000000
146357  13.799  -10.381  99.388 0.2500000000
151681  6.936  -10.857  102.803 0.5000000000
84374  16.086  -7.958  102.876 0.1250000000
138802  15.705  -7.429  102.613 0.1250000000
84381  14.719  -8.752  100.753 0.1250000000
81710  8.195  -11.549  98.823 0.5000000000
79854  8.794  -13.805  95.395 0.5000000000
82620  9.581  -10.215  99.150 0.2500000000
83516  12.795  -9.755  98.598 0.1250000000
82618  11.412  -10.580  98.486 0.2500000000
83518  10.920  -9.768  98.266 0.1250000000
83508  13.546  -9.740  99.044 0.2500000000
132328  13.803  -9.114  99.334 0.1250000000
84396  13.214  -8.902  98.743 0.1250000000
85285  13.176  -7.333  99.356 0.1250000000
85274  15.247  -7.585  101.906 0.1250000000
85278  13.828  -7.322  100.088 0.1250000000
84382  14.328  -8.033  100.363 0.1250000000
133313  6.866  -10.618  101.115 0.5000000000
82623  6.417  -9.647  99.978 0.3750000000
81714  9.211  -11.946  97.370 0.5000000000
79853  9.207  -12.993  95.677 0.5000000000
82626  8.438  -10.685  97.200 0.5000000000
148865  9.100  -13.046  95.018 0.5000000000
82631  8.621  -10.784  96.260 0.5000000000
134949  9.009  -11.485  95.119 0.5000000000
83509  8.914  -9.973  99.789 0.3750000000
83501  7.533  -9.424  101.573 0.5000000000
150344  12.660  -8.555  98.537 0.1250000000
82599  6.921  -9.355  101.964 0.5000000000
86213  13.400  -6.730  99.870 0.1250000000
85292  12.408  -7.313  98.736 0.1250000000
84385  5.905  -8.083  101.753 0.3750000000
86199  15.719  -6.374  103.131 0.1250000000
86202  14.899  -6.157  102.192 0.1250000000
86204  14.333  -6.220  101.435 0.1250000000
85277  14.326  -7.203  101.012 0.1250000000
135644  14.857  -6.859  101.744 0.1250000000
82605  6.612  -9.870  101.809 0.5000000000
85294  10.434  -7.490  98.441 0.2500000000
86219  11.888  -6.560  98.681 0.2500000000
85293  11.466  -7.383  98.432 0.2500000000
87072  13.507  -5.302  100.802 0.1250000000
86207  13.293  -5.991  100.173 0.1250000000
136254  13.763  -5.913  100.924 0.1250000000
87958  15.385  -4.096  103.365 0.1250000000
89799  15.456  -2.567  103.058 0.1250000000
83512  5.041  -8.612  99.955 0.3750000000
88901  16.033  -2.735  103.101 0.1250000000
88897  16.457  -4.013  103.295 0.2500000000
89807  15.684  -2.082  102.295 0.1250000000
88905  16.161  -2.895  102.078 0.1250000000
83527  5.745  -9.484  98.300 0.3750000000
129168  14.704  -0.889  100.569 0.1250000000
89815  14.992  -1.904  100.581 0.1250000000
89814  15.519  -2.221  101.467 0.1250000000
90795  14.947  -0.667  101.877 0.1250000000
135455  14.569  0.532  99.300 0.1250000000
91780  14.316  -0.234  98.373 0.1250000000
85296  8.063  -7.240  99.386 0.2500000000
85287  6.563  -7.603  100.654 0.2500000000
87078  12.429  -5.103  99.395 0.2500000000
87073  12.990  -5.188  100.091 0.1250000000
89823  12.363  -2.869  100.472 0.1250000000
87083  11.009  -5.215  98.477 0.1250000000
87085  9.377  -5.694  98.440 0.2500000000
88913  13.347  -3.948  101.381 0.1250000000
84391  5.315  -7.951  100.646 0.2500000000
89801  13.945  -1.889  102.745 0.1250000000
84392  4.553  -8.280  99.610 0.3750000000
90786  14.820  -1.744  102.842 0.1250000000
91735  14.459  -0.908  102.529 0.1250000000
92675  14.569  1.308  99.203 0.1250000000
91771  14.552  0.164  100.201 0.1250000000
84413  3.575  -8.952  96.602 0.3750000000
133418  14.772  1.671  97.674 0.1250000000
93628  14.936  2.084  97.171 0.1250000000
87084  10.237  -5.405  98.423 0.1250000000
86215  12.166  -5.827  99.053 0.2500000000
87977  12.092  -4.310  99.114 0.1250000000
88921  11.679  -3.444  98.863 0.1250000000
86232  7.769  -6.056  98.337 0.2500000000
89805  13.672  -2.541  102.556 0.1250000000
151667  4.013  -7.528  98.971 0.2500000000
91744  14.190  -0.242  102.143 0.1250000000
86227  3.442  -7.496  98.439 0.2500000000
91752  14.412  -0.043  101.734 0.1250000000
92661  14.476  0.913  100.581 0.1250000000
84406  3.297  -8.761  97.552 0.3750000000
137045  14.862  1.400  96.302 0.1250000000
93648  15.455  2.094  94.845 0.1250000000
94561  14.938  2.588  95.688 0.1250000000
87990  9.536  -4.408  97.708 0.1250000000
89825  10.832  -1.845  99.015 0.1250000000
89817  11.788  -2.090  100.653 0.1250000000
89810  11.998  -1.796  101.528 0.1250000000
90796  12.287  -1.500  102.198 0.1250000000
89802  13.149  -1.716  102.577 0.1250000000
90792  12.474  -1.208  102.596 0.1250000000
142456  5.581  -5.902  97.035 0.2500000000
87103  5.980  -5.266  96.685 0.2500000000
87104  4.803  -5.487  96.692 0.2500000000
93552  13.089  0.727  101.864 0.1250000000
85307  2.974  -7.412  97.941 0.2500000000
93582  14.133  1.638  99.897 0.1250000000
93572  13.738  1.469  100.662 0.1250000000
94529  14.562  2.264  97.349 0.1250000000
94562  14.306  2.493  96.213 0.1250000000
141270  9.225  -3.105  97.339 0.2500000000
90803  11.308  -1.498  101.221 0.1250000000
87992  7.661  -5.064  97.180 0.2500000000
87102  6.942  -5.167  96.829 0.2500000000
138836  12.410  0.322  103.000 0.1250000000
93563  12.882  1.028  101.521 0.1250000000
93584  12.602  1.312  99.420 0.1250000000
94543  13.443  2.264  96.506 0.1250000000
91763  9.346  -0.809  100.925 0.1250000000
90812  10.293  -1.358  99.546 0.1250000000
91745  11.026  -0.175  103.671 0.1250000000
92652  11.105  0.422  103.546 0.1250000000
93554  11.747  0.878  103.060 0.1250000000
149282  10.950  0.155  103.795 0.1250000000
137472  11.092  0.904  101.081 0.1250000000
93565  10.781  0.957  101.883 0.1250000000
146256  4.529  -3.656  96.355 0.2500000000
93585  11.610  1.064  100.065 0.1250000000
93597  11.125  1.392  98.264 0.1250000000
91772  8.860  -1.020  100.055 0.1250000000
91739  8.860  -0.096  104.528 0.1250000000
92653  10.220  0.432  103.949 0.1250000000
143973  10.486  1.096  100.164 0.1250000000
93546  8.253  0.761  104.020 0.1250000000
91733  8.596  0.041  104.649 0.1250000000
90839  5.708  -1.778  96.964 0.2500000000
142872  8.701  1.068  103.115 0.1250000000
135758  9.487  1.343  101.099 0.1250000000
91734  8.008  0.014  104.628 0.1250000000
90826  5.791  -1.043  98.341 0.2500000000
132662  8.296  1.445  102.042 0.1250000000
90835  5.409  -1.151  97.456 0.2500000000
92647  5.847  0.071  104.425 0.1250000000
93547  7.340  0.574  103.994 0.1250000000
148470  5.076  -0.167  98.949 0.2500000000
128197  5.493  0.587  97.756 0.2500000000
94522  8.597  2.436  98.631 0.1250000000
141150  5.324  -0.637  100.339 0.2500000000
92670  5.020  0.189  99.076 0.2500000000
94502  7.067  1.943  101.523 0.1250000000
94523  8.040  2.745  98.956 0.1250000000
95496  8.366  3.650  97.591 0.1250000000
97199  8.030  5.163  96.875 0.1250000000
93617  6.213  1.997  97.157 0.2500000000
94509  6.654  2.614  101.035 0.1250000000
74385  54.476  -19.855  72.148 0.6250000000
52793  12.240  -41.801  94.803 0.7500000000
141291  12.689  -40.500  95.533 0.7500000000
53881  12.014  -40.983  95.478 0.7500000000
52794  11.404  -41.763  95.388 0.7500000000
130617  17.073  -44.869  98.714 0.5000000000
49495  6.287  -43.677  100.689 0.7500000000
148192  5.753  -44.786  100.577 0.6250000000
48547  5.214  -44.509  100.441 0.6250000000
48533  6.269  -44.714  100.513 0.6250000000
138301  5.175  -45.445  100.131 0.6250000000
48548  4.741  -44.856  99.865 0.6250000000
49515  7.448  -43.814  99.525 0.7500000000
130983  6.959  -44.501  100.051 0.6250000000
125312  4.590  -45.731  99.209 0.5000000000
48558  4.381  -44.930  99.190 0.7500000000
128981  8.740  -42.910  97.749 0.7500000000
49523  8.320  -43.848  98.521 0.7500000000
48567  4.297  -45.071  98.415 0.6250000000
53864  11.280  -40.175  96.781 0.7500000000
51667  9.663  -42.338  96.690 0.7500000000
47522  4.114  -46.277  96.871 0.5000000000
53880  13.559  -40.396  95.110 0.8750000000
52780  11.135  -40.980  96.172 0.7500000000
128662  4.221  -46.049  96.337 0.5000000000
53862  13.001  -39.973  96.102 0.7500000000
46430  3.987  -45.983  93.787 0.3750000000
47536  3.995  -46.176  95.171 0.3750000000
46429  4.316  -46.234  92.929 0.2500000000
48581  33.203  -45.649  94.103 0.6250000000
49542  33.115  -44.591  93.769 0.6250000000
48580  33.412  -45.439  93.942 0.6250000000
48541  17.898  -44.914  99.008 0.5000000000
49511  17.008  -44.495  98.487 0.6250000000
146007  16.612  -45.066  98.691 0.5000000000
150219  15.987  -44.869  98.174 0.6250000000
49496  5.728  -43.975  100.706 0.7500000000
141564  5.239  -43.494  100.690 0.7500000000
49494  6.778  -43.547  100.434 0.7500000000
51651  8.468  -42.137  99.003 0.7500000000
49505  4.768  -43.886  100.330 0.7500000000
51694  14.180  -42.356  94.192 0.7500000000
51660  9.180  -42.170  97.505 0.7500000000
51650  8.748  -42.144  98.260 0.7500000000
49516  4.398  -44.309  98.918 0.7500000000
49506  4.505  -44.105  99.734 0.7500000000
52808  14.302  -41.433  94.159 0.8750000000
52809  13.577  -41.743  94.312 0.8750000000
53865  10.613  -40.686  96.928 0.7500000000
49524  4.289  -44.618  98.055 0.6250000000
53895  14.494  -40.607  94.493 0.8750000000
53896  13.748  -40.979  94.465 0.8750000000
53863  12.028  -40.163  96.313 0.7500000000
49540  4.069  -45.216  96.593 0.5000000000
53879  14.350  -40.121  95.180 0.8750000000
54915  13.913  -39.913  95.912 0.8750000000
48604  4.046  -45.520  94.352 0.3750000000
49547  4.100  -45.277  95.888 0.5000000000
49571  4.062  -44.830  92.567 0.3750000000
48612  4.098  -45.206  93.457 0.3750000000
48624  3.793  -45.020  91.204 0.2500000000
48620  3.989  -45.165  92.111 0.2500000000
49502  17.896  -44.321  98.619 0.5000000000
49541  33.395  -44.990  93.726 0.7500000000
50550  33.307  -43.842  93.661 0.7500000000
130279  18.177  -45.182  98.822 0.5000000000
50549  33.600  -43.327  93.603 0.7500000000
50517  16.396  -44.546  98.253 0.7500000000
49512  16.198  -44.991  98.432 0.6250000000
50527  16.007  -44.456  98.041 0.7500000000
50536  15.653  -44.015  97.557 0.8750000000
125339  15.171  -43.841  97.076 0.7500000000
50498  6.483  -42.876  100.995 0.7500000000
50499  5.814  -42.972  101.063 0.7500000000
50543  15.032  -43.680  96.054 0.8750000000
51632  7.622  -41.952  100.083 0.7500000000
50497  6.942  -42.875  100.693 0.7500000000
50500  5.203  -42.704  100.916 0.7500000000
51679  15.762  -42.809  94.700 0.8750000000
52761  8.176  -41.548  99.588 0.7500000000
51633  7.328  -42.558  100.350 0.7500000000
51634  4.738  -42.540  100.546 0.7500000000
52807  15.597  -41.476  94.012 0.8750000000
140444  14.893  -41.932  94.029 0.8750000000
52774  9.261  -41.404  98.049 0.7500000000
50520  4.478  -43.526  99.431 0.7500000000
53894  15.581  -40.594  94.336 0.8750000000
139842  14.949  -41.141  94.039 0.8750000000
145329  9.753  -40.705  97.869 0.7500000000
50531  4.398  -43.791  98.539 0.7500000000
53878  15.122  -40.048  94.963 0.8750000000
54897  12.633  -39.594  97.006 0.7500000000
49546  4.160  -44.667  95.658 0.5000000000
50537  4.359  -44.134  97.088 0.5000000000
54913  15.775  -39.694  95.950 0.8750000000
54914  14.756  -39.848  95.906 0.8750000000
135708  14.309  -39.763  96.635 0.8750000000
50576  4.448  -43.688  93.239 0.5000000000
49555  4.299  -44.527  94.701 0.5000000000
49580  4.088  -44.217  91.992 0.3750000000
49570  4.228  -44.252  92.840 0.5000000000
50595  3.993  -43.634  90.706 0.2500000000
50596  3.721  -44.118  90.490 0.2500000000
49501  18.620  -44.277  98.980 0.7500000000
48540  18.740  -44.692  99.044 0.5000000000
51671  33.294  -42.469  93.570 0.7500000000
50526  16.710  -44.146  98.151 0.7500000000
50563  33.891  -43.913  93.535 0.7500000000
51686  34.175  -43.226  93.449 0.7500000000
50535  16.333  -43.885  97.618 0.8750000000
50541  16.618  -43.505  96.667 0.8750000000
51629  6.193  -42.057  101.421 0.7500000000
51630  5.533  -42.151  101.328 0.7500000000
51678  16.645  -42.755  94.883 0.8750000000
140065  7.320  -41.859  100.581 0.7500000000
52753  6.620  -41.243  101.242 0.7500000000
51692  16.198  -42.076  94.222 0.8750000000
52756  7.644  -41.146  100.401 0.7500000000
52767  8.730  -41.431  98.749 0.7500000000
51644  4.497  -43.004  99.218 0.7500000000
53846  10.116  -39.953  98.071 0.7500000000
53847  9.302  -40.475  98.498 0.7500000000
51653  4.364  -43.624  97.934 0.7500000000
54894  16.791  -39.443  96.413 0.8750000000
54926  16.018  -39.947  94.891 0.8750000000
53855  11.791  -39.590  97.168 0.7500000000
54884  10.738  -39.616  97.781 0.7500000000
51669  4.488  -43.303  96.002 0.6250000000
144992  4.493  -43.535  96.710 0.6250000000
126175  16.118  -39.286  97.087 0.8750000000
128206  13.248  -39.404  97.716 0.7500000000
151258  4.723  -43.266  93.556 0.5000000000
51684  4.768  -43.245  95.118 0.5000000000
54895  15.090  -39.554  96.988 0.8750000000
126634  14.165  -39.524  97.547 0.8750000000
54896  13.519  -39.712  96.844 0.8750000000
136315  4.947  -42.663  91.642 0.3750000000
51711  4.608  -43.090  91.973 0.5000000000
54882  14.870  -39.319  97.868 0.8750000000
127390  14.384  -39.130  98.347 0.8750000000
51719  4.472  -43.020  91.051 0.3750000000
51738  4.652  -43.140  89.875 0.2500000000
49510  17.890  -44.084  98.665 0.8750000000
53887  32.806  -40.380  94.226 0.7500000000
47485  18.757  -45.042  98.926 0.5000000000
50506  18.990  -43.907  99.232 0.7500000000
127871  33.162  -40.510  94.245 0.7500000000
48539  19.411  -44.716  99.314 0.5000000000
50525  17.469  -43.979  98.517 0.8750000000
52786  33.395  -41.379  93.771 0.7500000000
149996  33.306  -41.803  93.620 0.7500000000
151683  16.972  -43.900  97.978 0.8750000000
143051  33.189  -39.794  94.551 0.7500000000
52785  33.914  -41.722  93.671 0.7500000000
50540  17.541  -43.372  96.718 0.8750000000
52784  34.129  -41.128  93.743 0.7500000000
135363  34.293  -42.115  93.418 0.7500000000
50553  17.079  -43.162  95.751 0.8750000000
51625  5.783  -41.553  101.430 0.7500000000
54901  34.293  -39.836  94.315 0.7500000000
51677  17.532  -42.551  95.000 0.8750000000
52754  6.134  -41.038  101.385 0.7500000000
51627  5.092  -41.320  101.022 0.7500000000
52755  4.886  -40.899  100.727 0.7500000000
52805  17.568  -41.202  94.298 0.8750000000
52806  16.560  -41.051  94.058 0.8750000000
53840  7.288  -40.396  100.910 0.7500000000
143746  4.535  -42.126  100.227 0.7500000000
52758  4.637  -41.389  100.134 0.7500000000
53892  17.310  -40.397  94.493 0.8750000000
53893  16.517  -40.249  94.554 0.8750000000
52760  8.578  -40.639  99.253 0.7500000000
128290  8.150  -40.694  99.950 0.7500000000
51652  4.644  -42.522  98.974 0.7500000000
52762  4.772  -41.660  99.357 0.7500000000
54924  17.119  -39.851  94.896 0.8750000000
54925  16.586  -39.886  94.870 0.8750000000
52768  4.921  -42.104  98.548 0.7500000000
54912  16.658  -39.712  95.409 0.8750000000
54883  11.498  -39.190  97.918 0.7500000000
54870  10.711  -39.082  98.359 0.7500000000
52783  5.036  -42.397  96.283 0.6250000000
131115  4.922  -42.538  97.656 0.6250000000
139269  13.127  -38.955  98.599 0.8750000000
143147  5.222  -42.815  94.234 0.6250000000
51697  5.077  -42.787  94.965 0.6250000000
126579  16.913  -39.119  97.291 0.8750000000
54868  13.876  -38.855  98.847 0.8750000000
52841  5.507  -42.595  92.099 0.6250000000
52823  5.508  -42.618  93.863 0.6250000000
54880  16.576  -38.906  98.026 0.8750000000
54881  15.620  -39.112  97.870 0.8750000000
51718  5.484  -42.492  91.410 0.3750000000
54866  15.927  -38.906  98.708 0.8750000000
51717  5.921  -42.351  90.869 0.3750000000
140092  5.064  -42.552  90.918 0.2500000000
44264  23.794  -48.264  95.703 0.6250000000
49500  19.202  -44.255  99.370 0.7500000000
126711  18.265  -43.907  98.908 0.8750000000
46359  19.254  -45.651  98.008 0.5000000000
50534  17.558  -43.624  97.746 0.8750000000
53870  33.595  -40.178  94.361 0.7500000000
51676  18.436  -42.165  95.011 0.8750000000
51666  17.966  -42.900  95.762 0.8750000000
51690  17.820  -41.918  94.568 0.8750000000
53836  6.884  -40.602  101.189 0.7500000000
54843  6.295  -39.676  101.657 0.7500000000
53835  5.293  -40.331  101.249 0.7500000000
53838  4.919  -40.274  100.941 0.7500000000
53902  35.746  -40.407  92.593 0.7500000000
52804  18.343  -41.387  94.561 0.8750000000
54852  8.299  -39.224  100.484 0.8750000000
53839  7.862  -40.116  100.469 0.7500000000
53841  4.760  -40.091  100.796 0.7500000000
129747  4.736  -40.569  100.383 0.7500000000
146439  36.244  -40.242  91.736 0.5000000000
53876  18.619  -40.289  94.905 0.8750000000
53891  18.145  -40.606  94.570 0.8750000000
54860  9.755  -38.674  99.313 0.8750000000
54861  8.901  -38.946  99.852 0.8750000000
53843  8.448  -39.859  99.879 0.7500000000
53845  4.857  -40.627  99.738 0.7500000000
53877  17.942  -39.991  94.923 0.8750000000
53842  9.019  -39.591  99.131 0.7500000000
53850  5.144  -41.235  98.875 0.7500000000
54911  17.652  -39.600  95.722 0.8750000000
139569  12.252  -38.817  98.626 0.7500000000
54869  11.509  -38.758  98.671 0.8750000000
52782  5.552  -41.744  97.345 0.6250000000
52775  5.267  -41.824  97.977 0.7500000000
52797  5.602  -42.066  95.423 0.6250000000
127479  5.452  -42.015  96.376 0.6250000000
54893  17.743  -39.181  96.990 0.8750000000
52822  5.888  -42.406  93.484 0.6250000000
52812  5.931  -42.154  94.439 0.6250000000
138813  17.376  -38.968  97.832 0.8750000000
54867  14.519  -38.835  99.072 0.8750000000
52840  6.096  -42.405  91.676 0.5000000000
54864  17.362  -38.781  98.432 0.8750000000
52839  6.808  -42.169  91.284 0.5000000000
45287  24.340  -47.489  97.138 0.7500000000
45298  23.598  -47.554  96.688 0.7500000000
45299  22.904  -47.318  96.473 0.7500000000
44255  23.328  -48.001  95.932 0.6250000000
45306  22.775  -47.528  96.024 0.5000000000
47484  19.510  -45.107  99.076 0.6250000000
49499  19.921  -44.374  99.576 0.7500000000
50524  18.848  -43.592  98.945 0.8750000000
44266  21.729  -47.667  94.772 0.3750000000
46367  19.966  -45.819  97.286 0.5000000000
47501  19.772  -45.469  98.456 0.6250000000
126445  18.165  -43.523  98.112 0.8750000000
44279  21.663  -47.642  94.503 0.3750000000
130096  19.884  -45.940  96.371 0.2500000000
51659  18.961  -42.965  96.844 0.8750000000
50539  18.261  -43.330  97.387 0.8750000000
128505  32.524  -38.540  95.095 0.8750000000
45352  21.042  -47.166  93.579 0.2500000000
45339  20.577  -46.665  93.719 0.2500000000
46394  19.980  -45.944  95.155 0.2500000000
125623  33.255  -38.568  95.024 0.7500000000
55928  34.685  -38.929  94.384 0.7500000000
45353  20.587  -46.829  93.094 0.2500000000
51665  18.772  -42.601  95.867 0.8750000000
56917  7.462  -38.027  101.366 0.7500000000
56918  6.717  -37.960  101.498 0.7500000000
55929  34.142  -38.335  94.675 0.7500000000
54919  35.074  -39.499  93.886 0.7500000000
55906  8.269  -38.057  101.022 0.8750000000
54846  7.107  -39.295  101.518 0.7500000000
54848  5.574  -39.341  101.600 0.7500000000
55897  5.128  -38.932  101.312 0.7500000000
54918  35.658  -39.160  93.288 0.7500000000
55936  35.778  -38.490  93.134 0.7500000000
52791  18.964  -41.421  94.782 0.8750000000
55905  9.401  -38.088  100.326 0.8750000000
144338  8.748  -38.183  100.600 0.8750000000
54845  7.614  -39.461  101.041 0.7500000000
55907  4.955  -38.521  100.870 0.7500000000
54946  36.278  -39.643  91.468 0.5000000000
54910  18.730  -39.820  95.604 0.8750000000
52803  18.887  -40.811  94.698 0.8750000000
55912  10.283  -38.114  100.008 0.8750000000
146741  9.414  -38.352  100.024 0.8750000000
54863  4.911  -39.036  100.404 0.7500000000
55911  11.408  -38.091  100.006 0.8750000000
54859  10.886  -38.471  99.237 0.8750000000
53844  5.357  -40.295  99.145 0.7500000000
129555  18.478  -39.408  96.444 0.8750000000
55910  12.430  -38.190  100.159 0.8750000000
54858  11.923  -38.422  99.373 0.8750000000
53849  5.731  -41.016  98.183 0.7500000000
125479  18.780  -39.117  97.451 0.8750000000
54856  13.481  -38.672  99.419 0.8750000000
142865  5.863  -41.729  96.040 0.6250000000
54879  18.136  -38.975  98.068 0.8750000000
142421  14.030  -38.746  99.475 0.8750000000
52811  6.634  -41.569  94.581 0.6250000000
52796  6.141  -41.646  95.330 0.6250000000
55923  19.016  -38.783  98.199 0.8750000000
125845  15.264  -38.801  99.358 0.8750000000
52820  7.169  -41.499  93.803 0.6250000000
146516  18.242  -38.478  98.664 0.8750000000
54865  16.642  -38.755  98.752 0.8750000000
129529  7.293  -41.880  92.026 0.6250000000
52831  6.676  -42.251  92.070 0.6250000000
151474  7.235  -41.948  90.879 0.5000000000
46354  24.595  -46.882  97.438 0.7500000000
132392  23.778  -47.052  97.293 0.7500000000
45289  22.956  -47.098  96.912 0.7500000000
132460  22.266  -46.498  97.123 0.7500000000
45307  21.935  -47.019  95.688 0.5000000000
45290  22.193  -46.638  96.761 0.5000000000
47483  20.204  -45.327  98.938 0.6250000000
50505  19.639  -43.887  99.342 0.7500000000
50523  19.415  -43.434  98.870 0.8750000000
45301  20.854  -46.210  96.402 0.5000000000
46366  21.157  -46.180  96.917 0.5000000000
46358  20.360  -45.777  97.691 0.6250000000
145441  21.438  -47.256  94.596 0.3750000000
46383  20.535  -46.178  95.374 0.3750000000
46375  19.633  -45.955  97.079 0.5000000000
50533  19.041  -43.277  98.081 0.8750000000
45338  21.169  -47.064  94.216 0.3750000000
45326  20.959  -46.571  94.706 0.3750000000
51664  19.564  -42.339  96.121 0.8750000000
149135  7.874  -37.496  101.268 0.8750000000
57922  7.098  -37.216  101.427 0.7500000000
143446  5.627  -37.798  101.389 0.7500000000
52779  19.979  -41.444  95.616 0.8750000000
51675  19.268  -41.855  95.266 0.8750000000
56929  8.511  -37.400  100.916 0.8750000000
56921  5.287  -38.119  101.188 0.7500000000
56964  35.422  -37.947  93.462 0.7500000000
52790  19.491  -41.045  94.986 0.8750000000
56927  10.179  -37.540  100.394 0.8750000000
56928  9.185  -37.765  100.519 0.8750000000
56985  35.941  -38.460  91.972 0.6250000000
53875  19.262  -40.404  95.181 0.8750000000
136439  10.004  -37.837  100.297 0.8750000000
55913  5.290  -38.751  99.830 0.7500000000
54862  5.018  -39.634  99.829 0.7500000000
54909  19.710  -39.903  96.012 0.8750000000
54892  19.453  -39.309  96.779 0.8750000000
149774  13.086  -38.205  100.601 0.8750000000
53858  6.458  -40.472  97.783 0.7500000000
147930  19.516  -38.919  97.794 0.8750000000
55901  13.663  -38.341  100.684 0.8750000000
54855  14.541  -38.699  99.900 0.8750000000
55900  14.448  -38.435  100.740 0.8750000000
53899  7.558  -40.929  94.800 0.7500000000
138137  6.935  -40.743  96.175 0.7500000000
55908  15.278  -38.563  100.263 0.8750000000
55915  19.198  -38.313  98.409 0.8750000000
54854  16.164  -38.645  99.566 0.8750000000
52830  8.031  -41.389  91.943 0.6250000000
53916  7.771  -41.402  92.984 0.6250000000
56935  18.143  -37.743  99.072 0.8750000000
52837  8.207  -41.280  91.133 0.5000000000
48550  24.508  -44.992  98.348 0.8750000000
47480  23.817  -45.497  98.330 0.7500000000
46339  23.035  -45.997  98.134 0.7500000000
46340  22.385  -46.131  97.863 0.7500000000
46341  21.862  -46.144  97.675 0.7500000000
47482  21.587  -45.750  98.386 0.7500000000
148709  20.562  -44.471  99.715 0.7500000000
50538  25.134  -43.558  96.828 0.8750000000
46357  21.443  -46.151  97.362 0.6250000000
50515  19.373  -43.686  99.168 0.8750000000
135802  24.714  -43.164  95.770 0.8750000000
51658  19.766  -42.802  97.160 0.8750000000
148567  32.716  -37.205  95.631 0.7500000000
57943  7.281  -36.342  100.751 0.8750000000
57924  5.825  -37.203  101.349 0.7500000000
57934  5.522  -36.607  100.895 0.7500000000
56953  34.367  -37.512  94.493 0.7500000000
138135  8.550  -36.952  100.815 0.8750000000
57921  7.825  -36.889  101.181 0.8750000000
56930  5.261  -37.644  100.677 0.7500000000
148139  34.984  -37.481  93.694 0.7500000000
56975  35.714  -38.024  92.821 0.7500000000
52789  20.062  -40.583  95.702 0.8750000000
57931  9.370  -37.173  100.519 0.8750000000
56933  5.274  -37.151  100.016 0.7500000000
57980  35.354  -37.585  92.638 0.7500000000
56994  35.645  -38.098  91.702 0.6250000000
54891  20.389  -39.333  96.820 0.8750000000
55903  11.816  -37.746  100.390 0.8750000000
55918  5.739  -38.241  99.350 0.7500000000
57012  35.265  -38.214  90.210 0.3750000000
55902  12.708  -37.867  100.683 0.8750000000
55892  13.429  -38.042  101.032 0.8750000000
55890  15.280  -38.298  101.071 0.8750000000
53866  7.328  -40.224  96.568 0.7500000000
138673  19.832  -38.422  98.097 0.8750000000
53882  8.227  -40.235  95.332 0.7500000000
54917  7.866  -39.791  96.102 0.7500000000
56941  19.658  -37.771  98.283 0.8750000000
55899  15.982  -38.351  100.570 0.8750000000
53898  8.464  -40.508  94.481 0.7500000000
54928  8.904  -39.688  94.841 0.7500000000
56934  18.921  -37.832  98.634 0.8750000000
55898  16.834  -38.177  100.009 0.8750000000
53915  8.721  -40.949  92.620 0.7500000000
57946  18.519  -37.133  98.740 0.8750000000
55916  17.130  -38.539  99.104 0.8750000000
53906  9.364  -40.370  93.186 0.7500000000
52836  9.064  -40.976  90.851 0.5000000000
50532  24.967  -43.389  97.330 0.8750000000
50521  24.707  -43.307  97.797 0.8750000000
49508  24.373  -44.121  98.523 0.8750000000
48551  23.731  -44.663  98.804 0.8750000000
48536  22.941  -45.201  98.759 0.7500000000
47481  22.235  -45.633  98.585 0.7500000000
132111  21.573  -45.271  98.968 0.7500000000
150365  21.181  -44.687  99.574 0.7500000000
149141  20.913  -44.256  99.725 0.7500000000
50504  20.517  -43.977  99.517 0.8750000000
51654  24.675  -42.903  97.617 0.8750000000
137211  20.902  -45.297  98.993 0.7500000000
131016  20.208  -43.658  99.184 0.8750000000
51674  24.584  -42.451  96.174 0.8750000000
50552  24.233  -42.453  95.287 0.8750000000
51649  19.956  -43.194  98.198 0.8750000000
54875  22.501  -39.438  97.119 0.8750000000
53854  22.609  -40.409  97.237 0.8750000000
51663  20.353  -42.039  96.450 0.8750000000
51657  20.637  -42.618  97.395 0.8750000000
57955  31.596  -36.466  96.269 0.7500000000
55920  21.899  -38.503  97.170 0.8750000000
148829  22.185  -38.855  97.221 0.8750000000
54889  21.884  -40.026  96.972 0.8750000000
57964  33.371  -37.021  95.361 0.7500000000
56938  21.458  -37.979  96.979 0.8750000000
54876  21.801  -38.939  97.303 0.8750000000
53861  20.952  -40.292  96.359 0.8750000000
52778  20.735  -41.144  96.098 0.8750000000
58834  9.268  -36.205  99.589 0.8750000000
58827  5.023  -36.020  100.400 0.7500000000
57963  34.128  -36.763  94.728 0.7500000000
56948  20.940  -37.611  96.733 0.8750000000
56939  20.842  -37.841  97.347 0.8750000000
55921  21.238  -38.336  97.324 0.8750000000
54908  20.454  -39.898  96.295 0.8750000000
57929  11.462  -36.926  100.440 0.8750000000
57940  10.838  -36.566  100.016 0.8750000000
133725  9.850  -36.641  100.124 0.8750000000
57944  5.143  -36.741  99.367 0.7500000000
57970  34.724  -36.976  93.695 0.7500000000
54877  20.959  -38.774  97.403 0.8750000000
57928  12.300  -36.829  100.428 0.8750000000
56926  11.181  -37.400  100.483 0.8750000000
56937  5.508  -37.255  99.013 0.7500000000
56995  35.334  -37.763  91.378 0.5000000000
56940  20.271  -37.773  97.820 0.8750000000
56925  12.237  -37.348  100.667 0.8750000000
57013  34.801  -37.860  89.739 0.3750000000
55891  14.019  -38.171  101.158 0.8750000000
56916  13.217  -37.555  101.022 0.8750000000
58004  34.629  -37.484  90.169 0.2500000000
138290  14.644  -38.071  101.389 0.8750000000
54916  8.452  -39.431  95.607 0.7500000000
57950  19.142  -37.179  98.223 0.8750000000
53897  9.168  -40.122  94.023 0.7500000000
54945  9.961  -39.847  92.767 0.7500000000
131391  17.556  -38.143  99.300 0.8750000000
56931  17.472  -37.534  99.748 0.8750000000
53923  8.894  -40.959  91.712 0.5000000000
53914  9.520  -40.504  92.279 0.7500000000
53922  9.716  -40.572  91.401 0.6250000000
140961  24.127  -43.413  98.687 0.8750000000
49509  23.609  -43.854  98.979 0.8750000000
48537  22.079  -44.892  99.168 0.8750000000
49498  21.919  -44.327  99.618 0.8750000000
50503  21.380  -43.996  99.609 0.8750000000
51662  24.803  -42.676  97.066 0.8750000000
51655  24.539  -42.466  97.699 0.8750000000
51645  24.420  -42.714  98.121 0.8750000000
51636  24.088  -42.870  98.618 0.8750000000
50514  21.078  -43.623  99.258 0.8750000000
52788  24.188  -41.652  95.668 0.8750000000
52776  24.387  -41.691  96.615 0.8750000000
51640  20.936  -43.376  98.956 0.8750000000
52770  22.897  -41.279  97.626 0.8750000000
51648  20.839  -43.053  98.375 0.8750000000
51641  20.087  -43.452  98.970 0.8750000000
52801  23.839  -41.671  94.769 0.8750000000
55919  22.474  -38.875  97.070 0.8750000000
53853  23.119  -40.422  97.246 0.8750000000
52771  22.095  -41.286  97.239 0.8750000000
51656  21.540  -42.400  97.667 0.8750000000
52772  21.176  -41.764  96.839 0.8750000000
134339  10.211  -35.610  97.784 0.8750000000
58862  33.602  -35.186  95.463 0.7500000000
52777  21.403  -40.876  96.661 0.8750000000
58844  11.477  -35.804  98.294 0.8750000000
58845  10.606  -35.870  98.451 0.8750000000
138005  34.164  -35.956  94.763 0.7500000000
58832  11.143  -36.196  99.162 0.8750000000
57971  34.383  -36.402  94.243 0.7500000000
57981  34.830  -36.961  93.109 0.7500000000
54890  21.144  -39.483  96.874 0.8750000000
57938  13.047  -36.324  100.000 0.8750000000
57982  34.441  -36.216  93.863 0.7500000000
56949  20.376  -37.442  97.141 0.8750000000
57937  13.791  -36.315  100.527 0.8750000000
57996  34.943  -37.341  91.340 0.5000000000
57958  19.574  -37.161  96.593 0.8750000000
54878  20.192  -38.809  97.599 0.8750000000
149669  14.048  -37.734  101.383 0.8750000000
148843  34.771  -37.393  90.742 0.3750000000
142623  34.277  -36.940  90.763 0.3750000000
57949  19.772  -37.268  97.669 0.8750000000
56915  15.396  -37.740  101.466 0.8750000000
136438  14.818  -37.539  101.517 0.8750000000
58017  34.337  -37.713  89.309 0.2500000000
142699  18.858  -36.885  97.317 0.8750000000
56914  16.269  -37.329  101.351 0.8750000000
58032  33.901  -37.882  88.202 0.2500000000
56923  16.381  -37.900  100.799 0.8750000000
56924  15.877  -37.999  101.168 0.8750000000
136291  17.751  -36.575  96.867 0.8750000000
57951  18.401  -36.620  98.026 0.8750000000
50511  23.427  -43.190  98.903 0.8750000000
50512  22.569  -43.359  99.073 0.8750000000
50513  21.850  -43.501  99.283 0.8750000000
52769  24.445  -41.942  97.453 0.8750000000
52763  24.283  -42.103  98.072 0.8750000000
51646  24.007  -42.393  98.500 0.8750000000
51637  23.603  -42.719  98.713 0.8750000000
51638  22.970  -42.908  98.846 0.8750000000
141806  22.299  -43.170  98.933 0.8750000000
53874  23.705  -40.125  95.611 0.8750000000
53873  24.108  -40.894  95.994 0.8750000000
130844  24.064  -41.555  97.755 0.8750000000
52764  23.813  -41.943  98.240 0.8750000000
52765  23.161  -41.992  98.233 0.8750000000
51647  22.530  -42.692  98.652 0.8750000000
51639  21.723  -43.251  98.948 0.8750000000
53889  23.875  -40.874  95.135 0.8750000000
54874  23.002  -39.541  96.978 0.8750000000
54873  23.494  -40.265  96.908 0.8750000000
146237  23.512  -41.411  97.717 0.8750000000
52766  22.403  -42.176  98.029 0.8750000000
134601  21.695  -42.870  98.564 0.8750000000
53890  23.522  -40.308  94.651 0.8750000000
129983  23.377  -40.533  93.962 0.8750000000
55926  22.118  -38.403  96.417 0.8750000000
59775  32.479  -34.992  96.484 0.8750000000
56947  21.405  -37.800  96.292 0.8750000000
145379  12.793  -35.346  97.438 0.8750000000
58858  11.012  -35.586  97.559 0.8750000000
56959  20.396  -37.390  96.301 0.8750000000
56958  20.916  -37.524  96.067 0.8750000000
58831  12.694  -36.002  99.004 0.8750000000
138719  12.323  -35.692  98.211 0.8750000000
58882  34.132  -35.488  94.531 0.7500000000
58893  34.392  -36.009  93.286 0.7500000000
128160  13.603  -35.665  99.126 0.8750000000
57939  11.876  -36.437  99.807 0.8750000000
58824  14.402  -35.845  100.582 0.8750000000
57997  34.533  -36.674  91.762 0.6250000000
58819  15.176  -36.030  101.411 0.8750000000
57927  14.326  -36.449  101.037 0.8750000000
58018  34.171  -37.323  89.781 0.2500000000
57966  18.481  -36.940  96.221 0.8750000000
57918  15.491  -36.830  101.581 0.8750000000
57919  14.594  -36.990  101.448 0.8750000000
57926  17.017  -36.588  101.094 0.8750000000
127820  33.967  -37.559  89.081 0.2500000000
135360  33.433  -37.275  88.638 0.2500000000
56922  16.949  -37.406  100.570 0.8750000000
57936  17.944  -36.863  99.412 0.8750000000
53859  24.129  -40.956  96.639 0.8750000000
53851  24.186  -41.256  97.173 0.8750000000
53860  23.858  -40.392  96.425 0.8750000000
134714  23.919  -40.723  96.929 0.8750000000
54906  23.257  -39.484  95.836 0.8750000000
54887  23.412  -39.751  96.421 0.8750000000
53852  23.735  -40.943  97.312 0.8750000000
54888  22.866  -39.125  96.488 0.8750000000
54922  23.233  -39.657  95.038 0.8750000000
54933  23.109  -39.969  94.058 0.8750000000
58857  11.931  -35.560  97.442 0.8750000000
59774  33.293  -34.700  95.919 0.8750000000
54934  22.527  -39.535  93.748 0.8750000000
58842  14.070  -34.903  98.538 0.8750000000
58843  13.220  -35.457  98.231 0.8750000000
59773  33.811  -34.523  95.427 0.7500000000
139433  19.841  -37.377  95.791 0.8750000000
56960  19.024  -37.351  95.609 0.8750000000
148881  14.272  -35.252  99.402 0.8750000000
58899  34.001  -35.782  92.432 0.6250000000
58904  33.764  -36.073  91.459 0.5000000000
58823  14.994  -35.422  100.963 0.8750000000
57967  17.644  -36.725  95.844 0.8750000000
58818  15.964  -35.772  101.592 0.8750000000
58906  32.882  -35.981  90.209 0.3750000000
57959  16.981  -36.322  95.973 0.8750000000
57917  16.356  -36.436  101.521 0.8750000000
58019  33.580  -36.769  90.043 0.2500000000
58927  32.935  -36.573  89.310 0.2500000000
58868  16.904  -35.902  96.852 0.8750000000
57925  17.468  -36.739  100.216 0.8750000000
58033  32.689  -36.731  88.237 0.1250000000
58853  17.593  -36.138  97.830 0.8750000000
57947  18.023  -36.426  98.724 0.8750000000
54907  22.750  -39.024  95.616 0.8750000000
55933  21.672  -38.073  95.703 0.8750000000
54923  22.657  -39.251  94.656 0.8750000000
55948  21.974  -38.892  94.335 0.8750000000
54935  21.821  -39.214  93.420 0.8750000000
56967  20.409  -37.648  95.448 0.8750000000
55949  21.141  -38.593  94.010 0.8750000000
58855  13.505  -34.862  97.585 0.8750000000
59788  34.010  -34.610  95.030 0.7500000000
131501  34.150  -35.128  94.151 0.7500000000
59751  15.291  -34.404  100.738 0.8750000000
132681  14.763  -35.038  100.218 0.8750000000
138139  33.966  -34.912  93.312 0.6250000000
58900  33.372  -35.229  91.803 0.6250000000
58905  32.991  -35.362  91.000 0.3750000000
58829  16.973  -34.951  100.670 0.8750000000
58913  32.365  -35.639  89.632 0.1250000000
58820  17.438  -35.916  100.632 0.8750000000
58928  32.143  -35.836  88.837 0.1250000000
128308  17.785  -36.148  99.335 0.8750000000
141514  17.692  -36.222  99.891 0.8750000000
55941  21.483  -38.267  94.940 0.8750000000
55940  22.160  -38.553  95.262 0.8750000000
56957  21.139  -37.797  95.539 0.8750000000
60684  33.018  -33.613  96.826 0.8750000000
56968  19.535  -37.687  95.070 0.8750000000
56969  18.594  -37.586  94.692 0.8750000000
55950  20.375  -38.593  93.387 0.8750000000
56961  18.065  -37.153  95.295 0.8750000000
131239  34.088  -33.781  95.482 0.7500000000
136191  34.185  -33.897  95.121 0.7500000000
57974  17.032  -36.801  95.079 0.8750000000
60681  14.749  -33.261  99.680 0.8750000000
135222  34.158  -34.050  94.669 0.7500000000
60676  15.444  -33.571  100.437 0.8750000000
59753  14.991  -33.817  100.286 0.8750000000
59824  33.081  -34.454  91.433 0.6250000000
58879  16.015  -35.206  95.606 0.8750000000
148595  15.707  -34.088  100.816 0.8750000000
59750  16.184  -34.306  100.932 0.8750000000
59832  32.412  -34.986  90.226 0.3750000000
58878  16.435  -35.665  96.076 0.8750000000
150653  16.460  -35.410  96.529 0.8750000000
148605  16.346  -35.064  101.267 0.8750000000
146375  32.020  -34.670  89.283 0.1250000000
59752  17.207  -34.714  99.630 0.8750000000
58828  17.575  -35.547  99.887 0.8750000000
58854  17.053  -35.345  97.794 0.8750000000
58840  17.532  -35.606  98.818 0.8750000000
55942  20.785  -38.080  94.800 0.8750000000
145963  20.425  -38.313  94.135 0.8750000000
56970  17.561  -37.353  94.390 0.8750000000
61618  33.774  -32.870  96.444 0.7500000000
55951  19.759  -38.301  93.762 0.8750000000
56989  18.103  -38.127  92.462 0.8750000000
60697  34.214  -32.923  95.857 0.7500000000
60724  34.450  -33.172  95.014 0.7500000000
59809  34.030  -34.076  93.933 0.6250000000
60736  34.154  -33.270  93.458 0.6250000000
145299  33.806  -33.349  92.564 0.6250000000
60758  33.078  -33.811  90.772 0.5000000000
60767  32.585  -33.964  89.957 0.1250000000
59757  16.820  -33.884  99.199 0.8750000000
130825  32.305  -33.688  88.959 0.1250000000
58841  17.106  -34.748  98.639 0.8750000000
56979  19.164  -37.995  94.190 0.8750000000
132647  32.941  -32.697  97.079 0.7500000000
56980  18.105  -37.837  93.612 0.8750000000
141681  34.359  -33.258  94.338 0.7500000000
60750  33.465  -33.512  91.613 0.5000000000
148941  33.534  -33.242  90.792 0.5000000000
60677  16.238  -33.000  99.840 0.8750000000
60774  32.085  -33.445  88.124 0.1250000000
59779  16.519  -35.052  97.003 0.8750000000
59767  16.710  -34.255  97.876 0.8750000000
55943  20.037  -38.026  94.604 0.8750000000
144494  33.786  -32.075  96.760 0.7500000000
61631  34.694  -32.234  95.708 0.7500000000
61657  34.889  -32.510  94.702 0.7500000000
135508  34.844  -32.601  93.821 0.6250000000
60749  33.961  -32.823  91.943 0.6250000000
61679  33.971  -32.833  91.160 0.5000000000
129857  33.249  -33.221  90.132 0.5000000000
60690  16.391  -33.397  97.442 0.7500000000
60766  33.021  -33.134  89.277 0.1250000000
133800  16.299  -34.148  96.857 0.8750000000
60773  32.762  -32.922  88.414 0.2500000000
73409  46.191  -20.817  83.809 0.8750000000
72548  47.241  -20.945  84.397 0.8750000000
78996  46.869  -13.917  82.805 0.6250000000
80938  46.218  -12.399  81.388 0.5000000000
61643  34.820  -32.387  95.304 0.7500000000
61670  35.546  -32.094  93.224 0.6250000000
147065  34.535  -32.561  92.684 0.6250000000
61677  35.468  -32.058  92.140 0.6250000000
61678  34.612  -32.409  91.614 0.5000000000
61689  33.918  -32.706  90.336 0.5000000000
61711  33.714  -32.450  88.549 0.3750000000
61700  33.824  -32.629  89.497 0.3750000000
61720  33.415  -32.345  87.696 0.3750000000
60795  32.535  -32.816  87.575 0.1250000000
150424  33.729  -32.258  87.106 0.3750000000
72563  44.002  -21.035  83.496 0.8750000000
73408  46.720  -20.006  83.941 0.8750000000
72562  45.026  -20.747  83.560 0.8750000000
73423  43.335  -20.347  83.480 0.8750000000
74268  47.208  -19.240  84.385 0.8750000000
74267  48.223  -19.333  84.694 0.8750000000
75191  48.210  -17.919  85.186 0.8750000000
145245  48.656  -17.418  85.469 0.8750000000
81859  47.026  -11.249  81.744 0.5000000000
80951  46.328  -11.919  80.527 0.5000000000
125840  36.529  -31.975  91.566 0.6250000000
61688  34.660  -32.398  90.665 0.5000000000
61698  35.536  -32.174  90.098 0.5000000000
61699  34.647  -32.348  89.779 0.5000000000
61719  34.396  -32.119  87.226 0.3750000000
74285  44.653  -19.679  83.592 0.8750000000
73422  44.121  -20.249  83.458 0.8750000000
73421  45.665  -19.867  83.636 0.8750000000
73420  46.208  -19.036  84.093 0.8750000000
75215  46.768  -18.364  84.724 0.8750000000
75214  47.710  -18.525  84.785 0.8750000000
76153  47.328  -17.749  85.265 0.8750000000
76140  47.816  -17.126  85.663 0.8750000000
77113  47.329  -16.438  86.215 0.8750000000
141202  46.851  -15.976  86.768 0.8750000000
78037  47.074  -15.481  86.763 0.8750000000
79913  47.395  -14.014  86.471 0.8750000000
78943  47.378  -14.771  86.637 0.8750000000
81892  47.057  -10.925  80.748 0.6250000000
80952  45.825  -12.649  79.909 0.5000000000
80008  45.571  -13.235  79.564 0.5000000000
80970  46.444  -12.261  79.494 0.5000000000
80007  45.999  -12.876  79.156 0.5000000000
80026  45.679  -13.526  78.898 0.2500000000
137977  36.660  -32.004  90.403 0.5000000000
144522  35.510  -32.073  88.359 0.3750000000
61710  34.625  -32.097  88.059 0.3750000000
125987  36.408  -32.025  87.900 0.3750000000
61718  35.484  -32.049  87.508 0.3750000000
74286  43.713  -19.519  83.732 0.8750000000
74287  42.825  -19.762  83.808 0.8750000000
74272  42.542  -19.400  84.630 0.8750000000
74270  44.350  -18.921  84.007 0.8750000000
74269  45.202  -18.890  84.021 0.8750000000
149452  44.688  -18.247  84.904 0.8750000000
62759  10.159  -30.863  82.718 0.6250000000
62772  9.267  -31.601  81.708 0.6250000000
127838  45.788  -18.148  84.820 0.8750000000
150209  44.711  -18.009  87.090 0.7500000000
63759  10.291  -30.110  82.771 0.6250000000
62764  9.771  -31.253  82.133 0.6250000000
63766  9.521  -30.919  81.734 0.6250000000
75193  45.434  -17.808  85.782 0.8750000000
76116  45.198  -17.514  87.000 0.8750000000
76088  45.253  -16.859  87.486 0.8750000000
64682  10.325  -29.316  82.469 0.6250000000
63760  9.930  -30.343  82.124 0.6250000000
140140  9.312  -30.260  81.577 0.6250000000
76154  46.488  -17.698  85.394 0.8750000000
75192  46.093  -17.272  86.200 0.8750000000
145344  45.688  -16.300  87.177 0.8750000000
77076  45.236  -16.370  87.342 0.7500000000
78029  44.530  -16.356  87.550 0.7500000000
76141  46.943  -17.035  85.876 0.8750000000
76114  46.534  -16.510  86.556 0.8750000000
77095  46.235  -16.084  87.033 0.8750000000
78039  45.958  -15.682  87.052 0.7500000000
78946  45.581  -15.049  86.791 0.7500000000
78961  45.982  -14.293  86.424 0.8750000000
82743  47.288  -10.180  84.251 0.7500000000
80904  47.078  -11.523  85.213 0.7500000000
80892  46.667  -12.473  85.507 0.7500000000
79932  46.336  -13.466  85.907 0.7500000000
81841  46.336  -10.581  83.983 0.7500000000
81826  45.939  -11.318  84.322 0.7500000000
80906  45.279  -12.151  84.343 0.7500000000
81876  47.620  -10.239  81.599 0.7500000000
81842  45.288  -11.278  83.545 0.7500000000
81910  46.927  -11.456  79.791 0.6250000000
130990  44.978  -10.938  82.761 0.7500000000
80984  46.702  -12.673  78.817 0.3750000000
80024  47.080  -13.302  78.260 0.3750000000
80025  46.313  -13.246  78.642 0.3750000000
132281  43.154  -18.866  85.186 0.7500000000
73390  42.307  -20.024  87.510 0.7500000000
75194  43.932  -18.371  85.683 0.7500000000
135897  44.725  -18.019  86.264 0.7500000000
143838  36.878  -20.679  90.242 0.3750000000
138974  10.528  -29.615  83.314 0.6250000000
76089  44.568  -17.470  87.834 0.7500000000
73356  36.010  -20.487  90.392 0.2500000000
73343  35.201  -20.422  91.943 0.2500000000
142099  34.379  -20.780  91.985 0.2500000000
73331  34.581  -20.865  92.879 0.2500000000
133695  7.945  -31.011  81.169 0.6250000000
77078  44.058  -16.868  88.067 0.5000000000
77097  42.907  -16.494  87.207 0.2500000000
143570  35.362  -20.461  91.005 0.2500000000
73344  34.601  -20.637  91.166 0.2500000000
72459  33.831  -21.485  93.773 0.2500000000
64683  9.688  -29.461  81.834 0.6250000000
64691  8.812  -29.452  81.444 0.5000000000
77077  44.644  -16.950  87.802 0.7500000000
77096  43.715  -16.361  87.476 0.5000000000
78042  43.363  -16.022  86.683 0.5000000000
73357  35.002  -20.557  90.316 0.2500000000
129319  33.824  -21.176  91.508 0.2500000000
78041  44.196  -15.801  87.017 0.5000000000
77114  42.611  -16.388  86.224 0.2500000000
77115  41.882  -16.777  85.768 0.2500000000
65653  9.131  -28.659  81.643 0.5000000000
65654  8.082  -28.631  81.576 0.5000000000
78962  45.088  -14.469  86.137 0.7500000000
78963  44.221  -14.776  85.676 0.7500000000
78066  42.733  -15.604  84.727 0.2500000000
131380  41.143  -16.975  84.546 0.2500000000
77132  40.277  -17.359  83.899 0.1250000000
76169  39.609  -17.768  83.604 0.1250000000
66584  8.408  -27.964  81.753 0.5000000000
80905  46.225  -11.814  84.951 0.7500000000
79943  45.796  -12.781  85.239 0.7500000000
79933  45.458  -13.695  85.667 0.7500000000
78974  44.579  -14.023  85.229 0.6250000000
78065  43.469  -15.202  85.173 0.3750000000
78067  42.052  -16.038  84.304 0.2500000000
77131  40.795  -17.013  84.080 0.2500000000
76158  39.022  -18.288  84.172 0.1250000000
75230  38.208  -18.578  83.750 0.1250000000
79945  44.118  -13.638  84.335 0.7500000000
78987  43.428  -14.134  83.854 0.7500000000
78082  42.431  -15.354  83.816 0.3750000000
78083  41.775  -15.816  83.385 0.2500000000
77145  40.669  -16.826  83.382 0.2500000000
76184  38.796  -18.051  82.292 0.1250000000
75246  38.207  -18.517  82.784 0.1250000000
82756  45.786  -10.391  83.205 0.7500000000
150347  44.624  -12.049  83.520 0.7500000000
79956  43.733  -13.306  83.480 0.7500000000
77160  41.127  -16.260  82.939 0.3750000000
76183  39.443  -17.637  82.656 0.1250000000
75264  37.444  -18.642  81.593 0.1250000000
147166  36.929  -18.932  82.040 0.1250000000
82778  47.758  -9.930  80.917 0.7500000000
79967  43.404  -13.000  82.671 0.7500000000
79957  43.186  -13.860  82.989 0.7500000000
78997  42.581  -14.377  82.544 0.6250000000
78094  41.539  -15.575  82.500 0.3750000000
78095  40.883  -15.995  82.080 0.3750000000
77161  40.474  -16.636  82.527 0.2500000000
77162  39.872  -17.075  82.127 0.2500000000
76198  38.593  -17.845  81.510 0.1250000000
80969  47.170  -11.986  79.099 0.7500000000
78998  41.955  -14.839  82.119 0.3750000000
77171  40.227  -16.407  81.657 0.3750000000
76197  39.234  -17.481  81.802 0.2500000000
75281  37.228  -18.437  80.824 0.1250000000
136472  46.687  -14.579  77.688 0.3750000000
77172  39.497  -16.803  81.244 0.1250000000
77173  38.935  -17.297  81.163 0.1250000000
76212  38.391  -17.545  80.784 0.1250000000
78161  46.614  -15.340  77.268 0.2500000000
77185  39.896  -16.063  80.794 0.2500000000
77186  38.880  -16.831  80.522 0.1250000000
75061  20.673  -18.890  96.367 0.3750000000
75073  19.463  -18.920  95.607 0.2500000000
146955  19.716  -18.612  96.335 0.2500000000
130133  18.569  -18.753  95.335 0.2500000000
75062  18.917  -18.426  96.111 0.2500000000
75074  17.812  -18.280  95.380 0.1250000000
149831  18.310  -18.203  95.866 0.1250000000
76027  17.351  -17.728  95.467 0.1250000000
74253  43.354  -18.792  86.379 0.7500000000
74241  42.830  -19.406  86.971 0.7500000000
73383  41.839  -20.616  88.003 0.5000000000
73341  37.815  -20.767  91.747 0.3750000000
126623  37.279  -20.490  92.642 0.3750000000
75171  44.236  -18.439  87.064 0.7500000000
75159  43.946  -18.482  88.109 0.7500000000
146659  36.817  -20.549  91.807 0.3750000000
73330  35.494  -20.470  93.123 0.2500000000
73318  35.696  -20.263  94.194 0.2500000000
75170  44.460  -17.979  87.673 0.7500000000
76090  44.139  -17.532  88.249 0.5000000000
76091  42.956  -17.299  88.352 0.3750000000
76078  42.620  -17.804  88.746 0.1250000000
129265  36.047  -20.372  91.379 0.2500000000
73319  34.682  -20.854  94.076 0.2500000000
72450  33.750  -21.390  94.928 0.2500000000
72451  33.018  -22.127  94.455 0.2500000000
77059  43.670  -17.420  88.440 0.3750000000
76092  42.129  -17.399  87.944 0.1250000000
76093  41.252  -17.791  87.573 0.1250000000
76095  39.561  -18.357  86.893 0.1250000000
75163  38.738  -18.550  87.076 0.1250000000
71580  32.314  -22.435  94.516 0.2500000000
72452  32.023  -22.716  94.386 0.2500000000
77098  42.144  -16.893  86.813 0.1250000000
76143  40.516  -17.707  85.641 0.1250000000
76120  39.084  -18.434  86.234 0.1250000000
75172  38.127  -18.623  86.477 0.1250000000
76142  41.392  -17.298  86.205 0.1250000000
150646  39.056  -18.412  85.643 0.1250000000
75196  37.634  -18.680  85.243 0.1250000000
76156  40.644  -17.376  84.679 0.1250000000
131324  39.052  -18.358  85.072 0.1250000000
75216  38.268  -18.574  84.716 0.1250000000
129264  37.293  -18.834  84.411 0.1250000000
75231  37.431  -18.826  83.285 0.1250000000
66567  5.807  -27.030  82.714 0.3750000000
75248  36.748  -18.969  82.758 0.1250000000
75233  35.937  -18.961  83.019 0.1250000000
80918  43.974  -12.454  83.119 0.7500000000
75250  35.070  -19.145  82.058 0.1250000000
142939  47.462  -10.724  80.145 0.7500000000
81909  47.800  -11.091  79.452 0.7500000000
80928  44.373  -11.621  82.757 0.7500000000
79968  42.840  -13.521  82.235 0.7500000000
75265  36.685  -18.847  81.389 0.1250000000
129002  35.828  -19.092  81.259 0.1250000000
145767  35.047  -19.135  81.076 0.1250000000
80929  43.650  -12.195  82.320 0.7500000000
80930  43.076  -12.720  81.904 0.7500000000
79008  42.301  -14.046  81.781 0.3750000000
78104  41.291  -15.276  81.699 0.3750000000
142558  40.598  -15.662  81.296 0.3750000000
75282  36.421  -18.715  80.554 0.1250000000
75284  34.475  -18.960  80.379 0.1250000000
80983  47.493  -12.528  78.615 0.5000000000
79058  47.208  -14.091  77.796 0.3750000000
78160  47.434  -14.845  77.459 0.5000000000
75283  35.511  -18.948  80.375 0.1250000000
75296  35.070  -18.727  79.542 0.1250000000
75297  33.939  -18.731  79.275 0.1250000000
79057  48.037  -14.337  77.708 0.3750000000
133601  47.634  -15.597  77.045 0.3750000000
143475  47.016  -16.120  76.697 0.2500000000
79009  41.656  -14.472  81.392 0.3750000000
79010  40.998  -14.896  80.982 0.3750000000
78117  40.370  -15.291  80.555 0.3750000000
79024  40.686  -14.486  80.314 0.3750000000
78118  39.852  -15.572  80.160 0.1250000000
76273  49.234  -17.486  75.689 0.3750000000
77243  48.963  -16.912  76.239 0.3750000000
125763  50.793  -18.353  75.528 0.5000000000
75340  50.286  -17.727  76.019 0.3750000000
74347  51.135  -19.010  75.032 0.3750000000
74348  50.378  -18.796  74.656 0.3750000000
73482  51.363  -19.548  74.583 0.3750000000
73489  51.169  -19.961  73.838 0.3750000000
73488  51.738  -20.627  73.481 0.5000000000
72630  52.100  -21.444  72.812 0.3750000000
71773  51.232  -21.755  71.683 0.1250000000
71787  52.573  -22.421  70.549 0.1250000000
71797  52.779  -22.394  69.722 0.1250000000
71798  52.237  -22.298  69.920 0.1250000000
71807  52.343  -22.007  68.255 0.1250000000
71831  53.461  -21.871  66.455 0.1250000000
71830  54.119  -21.590  66.784 0.1250000000
72710  54.599  -21.383  65.905 0.1250000000
74157  24.139  -19.212  98.062 0.3750000000
125723  23.603  -18.609  98.141 0.5000000000
74167  22.910  -18.881  97.343 0.5000000000
75059  22.418  -19.383  96.089 0.5000000000
129836  22.210  -18.580  97.545 0.3750000000
75060  21.586  -19.160  96.214 0.3750000000
75055  20.158  -18.327  97.096 0.3750000000
76012  19.730  -17.536  97.641 0.2500000000
75056  19.261  -18.051  96.843 0.3750000000
76017  18.513  -17.811  96.480 0.2500000000
76984  18.003  -17.056  96.819 0.2500000000
126682  17.848  -17.698  96.008 0.2500000000
76018  17.217  -17.024  96.024 0.2500000000
133795  16.804  -17.349  95.143 0.1250000000
76992  16.533  -16.493  95.487 0.1250000000
76986  16.801  -16.184  96.347 0.1250000000
73362  42.292  -20.538  89.981 0.5000000000
72477  41.261  -21.136  90.836 0.5000000000
72468  40.185  -21.088  91.929 0.3750000000
73327  38.858  -20.348  93.529 0.3750000000
73328  37.771  -20.277  93.590 0.3750000000
74233  43.135  -19.618  88.028 0.6250000000
73374  42.155  -20.704  88.973 0.5000000000
73340  39.198  -20.908  92.147 0.3750000000
126816  38.447  -20.659  92.882 0.3750000000
73317  36.815  -20.071  94.040 0.3750000000
73306  36.251  -19.867  94.596 0.3750000000
149294  35.485  -20.245  94.888 0.2500000000
74240  43.608  -19.008  87.584 0.7500000000
75145  43.669  -18.524  88.796 0.5000000000
73329  36.546  -20.261  93.347 0.3750000000
73308  34.680  -20.642  95.128 0.1250000000
72443  33.715  -21.048  95.788 0.1250000000
74232  43.623  -19.025  88.534 0.6250000000
76066  43.468  -18.481  89.034 0.5000000000
75147  42.230  -18.322  89.331 0.2500000000
75160  41.696  -17.884  88.489 0.1250000000
72439  33.067  -21.042  96.061 0.2500000000
72440  32.526  -21.415  95.459 0.2500000000
75161  40.692  -18.193  88.094 0.1250000000
73309  32.349  -20.745  95.229 0.1250000000
75162  39.544  -18.460  87.734 0.2500000000
141763  37.498  -18.568  85.970 0.1250000000
75197  36.780  -18.650  85.443 0.1250000000
75198  35.852  -18.375  85.477 0.1250000000
75217  36.229  -18.714  84.625 0.1250000000
129001  35.522  -18.714  83.887 0.1250000000
139356  6.002  -26.204  82.934 0.3750000000
141533  5.100  -26.446  82.934 0.3750000000
75232  36.519  -18.922  83.682 0.1250000000
75234  34.623  -18.541  83.623 0.1250000000
68605  5.781  -25.527  82.862 0.3750000000
128335  35.183  -18.877  83.001 0.1250000000
129000  34.406  -18.765  82.806 0.1250000000
75251  33.604  -18.591  82.585 0.1250000000
82801  48.176  -9.965  80.216 0.7500000000
82788  48.538  -8.940  81.268 0.7500000000
82768  45.187  -10.417  82.262 0.7500000000
81860  44.509  -11.064  82.236 0.7500000000
81861  43.935  -11.523  81.939 0.7500000000
127633  33.767  -18.935  80.926 0.1250000000
75267  33.463  -18.779  81.693 0.1250000000
81924  47.843  -11.846  78.887 0.7500000000
80940  43.368  -12.060  81.531 0.7500000000
79979  42.525  -13.216  81.515 0.5000000000
128001  33.054  -18.784  80.947 0.1250000000
80982  48.324  -12.298  78.688 0.6250000000
133807  47.989  -13.097  78.302 0.5000000000
146444  47.754  -13.712  77.973 0.3750000000
81877  44.375  -10.978  81.613 0.5000000000
79980  41.953  -13.632  81.131 0.5000000000
75285  33.502  -18.855  80.247 0.1250000000
127005  48.411  -15.164  77.454 0.3750000000
81879  43.095  -12.010  80.766 0.5000000000
79023  41.326  -14.061  80.716 0.3750000000
77228  48.452  -15.949  76.950 0.3750000000
148680  47.803  -16.195  76.675 0.3750000000
80953  42.294  -12.523  80.372 0.5000000000
79994  40.991  -13.649  80.059 0.2500000000
79025  40.095  -14.903  79.903 0.2500000000
77244  48.368  -16.561  76.473 0.3750000000
80971  42.175  -12.391  79.507 0.5000000000
74340  51.606  -18.604  75.899 0.5000000000
74346  51.908  -19.248  75.378 0.6250000000
73481  51.899  -19.992  74.527 0.6250000000
72623  52.550  -21.116  73.526 0.5000000000
71772  51.928  -21.992  71.883 0.1250000000
130150  52.648  -21.851  72.557 0.2500000000
71779  52.497  -22.292  71.397 0.2500000000
71806  52.926  -22.297  68.820 0.1250000000
129618  53.328  -21.876  68.351 0.1250000000
71814  53.633  -21.697  67.441 0.1250000000
75043  24.259  -18.422  99.110 0.3750000000
151633  23.745  -17.982  98.847 0.3750000000
127615  23.508  -17.429  99.261 0.3750000000
75045  21.827  -18.020  98.090 0.2500000000
130050  22.535  -17.347  98.878 0.2500000000
76011  20.758  -17.850  97.855 0.2500000000
76001  20.454  -17.114  98.387 0.2500000000
76976  19.278  -16.230  98.312 0.2500000000
76002  19.745  -16.856  98.177 0.2500000000
128025  17.863  -16.169  97.358 0.2500000000
76977  18.419  -15.784  98.059 0.2500000000
76985  17.413  -16.424  96.739 0.2500000000
77949  17.162  -15.833  97.086 0.2500000000
75084  16.946  -18.250  93.866 0.1250000000
77957  16.218  -15.690  95.858 0.1250000000
77950  16.523  -15.482  96.674 0.2500000000
76036  16.613  -17.544  94.282 0.1250000000
77000  16.307  -16.714  94.592 0.1250000000
77962  15.897  -15.791  94.872 0.1250000000
75088  39.499  -18.758  94.204 0.2500000000
74182  38.888  -19.208  94.532 0.2500000000
76033  37.903  -17.710  94.795 0.1250000000
75065  37.262  -18.266  94.940 0.1250000000
76023  36.476  -17.458  94.506 0.1250000000
73351  42.184  -20.319  90.847 0.3750000000
74207  41.372  -20.176  91.716 0.3750000000
73338  41.032  -20.627  91.927 0.3750000000
74192  39.790  -20.031  93.570 0.3750000000
73316  39.101  -19.931  93.916 0.3750000000
76024  35.405  -17.812  94.341 0.1250000000
76988  34.398  -17.085  94.304 0.1250000000
74218  43.081  -19.271  89.581 0.5000000000
73373  42.760  -20.025  89.455 0.5000000000
73352  41.556  -20.735  91.286 0.5000000000
73326  40.473  -20.592  92.551 0.3750000000
73315  40.042  -20.464  93.130 0.3750000000
74193  38.456  -19.709  94.276 0.3750000000
73305  37.594  -19.824  94.277 0.3750000000
74173  36.189  -19.187  95.211 0.1250000000
75068  34.503  -18.767  95.662 0.1250000000
76025  33.245  -17.866  95.191 0.1250000000
144790  34.354  -20.090  96.242 0.1250000000
75070  33.187  -18.804  95.721 0.1250000000
75079  32.828  -18.683  95.391 0.1250000000
75119  42.734  -19.405  90.058 0.3750000000
74225  43.518  -19.029  89.089 0.5000000000
75132  43.160  -18.866  89.555 0.5000000000
73299  33.716  -20.394  96.293 0.1250000000
75146  42.958  -18.324  89.244 0.5000000000
75148  41.100  -18.307  89.102 0.2500000000
75149  39.990  -18.468  88.694 0.2500000000
74176  32.965  -19.674  96.008 0.1250000000
74186  32.672  -19.694  95.449 0.1250000000
143813  38.487  -18.669  87.892 0.2500000000
75164  37.731  -18.618  87.336 0.1250000000
76121  36.852  -18.370  87.205 0.1250000000
75173  37.380  -18.542  86.657 0.1250000000
76122  36.073  -18.167  87.056 0.1250000000
75174  36.686  -18.420  86.364 0.1250000000
75175  35.914  -18.191  86.284 0.1250000000
75218  35.477  -18.466  84.752 0.1250000000
75235  33.822  -18.372  83.383 0.1250000000
82790  44.982  -10.413  81.259 0.5000000000
75268  32.591  -18.502  81.532 0.1250000000
75269  31.851  -18.233  81.258 0.1250000000
81923  48.620  -11.292  79.162 0.7500000000
133834  48.863  -13.008  78.524 0.6250000000
80023  48.481  -13.784  78.133 0.5000000000
128875  44.645  -10.705  80.433 0.5000000000
81893  44.216  -11.054  80.828 0.5000000000
81894  43.553  -11.560  80.416 0.5000000000
78146  48.877  -14.527  77.938 0.5000000000
81911  44.103  -11.174  80.003 0.5000000000
77227  49.278  -16.448  76.815 0.3750000000
81925  44.122  -11.383  79.020 0.5000000000
81895  42.822  -11.957  80.011 0.5000000000
129626  49.759  -17.118  76.420 0.5000000000
76256  50.658  -17.328  76.780 0.5000000000
75339  51.291  -17.961  76.484 0.5000000000
72629  52.957  -21.746  73.047 0.5000000000
71786  53.142  -22.396  71.051 0.1250000000
71796  53.048  -22.282  70.236 0.1250000000
71805  53.139  -22.185  69.337 0.1250000000
76000  24.092  -17.694  99.602 0.5000000000
76975  21.156  -16.529  99.102 0.2500000000
129914  20.205  -16.367  98.742 0.2500000000
77943  19.026  -15.398  98.778 0.2500000000
77947  16.899  -15.167  97.407 0.2500000000
77946  17.641  -15.447  97.765 0.2500000000
77951  15.966  -15.019  96.247 0.1250000000
78866  16.279  -14.808  96.965 0.2500000000
76987  35.411  -15.986  94.641 0.1250000000
77970  15.825  -16.126  93.959 0.1250000000
77958  15.708  -15.082  95.446 0.1250000000
78867  15.508  -14.444  95.886 0.1250000000
76996  37.526  -16.724  94.448 0.1250000000
147600  15.527  -15.049  94.736 0.1250000000
76040  39.677  -18.624  93.628 0.1250000000
143381  34.507  -16.160  94.457 0.1250000000
74201  40.269  -20.157  93.120 0.3750000000
76989  33.754  -16.010  94.459 0.1250000000
73350  42.451  -19.834  90.577 0.5000000000
74211  42.138  -20.041  91.126 0.3750000000
129092  33.927  -17.928  94.968 0.1250000000
76026  32.899  -17.770  95.117 0.1250000000
75120  42.394  -19.516  90.535 0.3750000000
76034  32.574  -17.521  94.835 0.1250000000
75121  41.730  -19.557  91.079 0.3750000000
135003  40.732  -18.966  90.639 0.2500000000
144366  32.074  -17.053  94.253 0.1250000000
75133  42.703  -18.915  89.898 0.3750000000
133063  40.357  -18.651  89.640 0.2500000000
75135  39.597  -18.760  89.945 0.2500000000
76079  36.836  -18.137  88.627 0.1250000000
76080  36.252  -17.675  88.703 0.1250000000
145566  39.061  -18.715  88.531 0.2500000000
151773  38.317  -18.681  88.591 0.2500000000
151171  37.330  -18.363  88.809 0.2500000000
76097  36.291  -18.035  87.928 0.1250000000
76081  35.742  -17.415  88.365 0.1250000000
82787  48.974  -8.907  80.547 0.7500000000
81908  48.812  -10.081  79.687 0.7500000000
83683  46.456  -9.106  81.679 0.6250000000
80981  49.379  -11.939  79.081 0.7500000000
82789  45.634  -9.747  81.206 0.5000000000
136801  45.270  -10.200  80.435 0.5000000000
149743  49.221  -15.134  77.774 0.5000000000
78159  49.217  -15.727  77.383 0.5000000000
143677  49.948  -15.464  77.908 0.5000000000
82802  45.610  -9.997  79.623 0.5000000000
82803  44.889  -10.690  79.454 0.5000000000
77226  50.085  -16.199  77.462 0.5000000000
137877  51.033  -16.815  77.549 0.5000000000
75337  52.305  -18.713  76.268 0.6250000000
74345  52.433  -19.587  75.265 0.6250000000
73480  52.620  -20.102  74.822 0.6250000000
73487  52.940  -20.719  74.242 0.5000000000
72622  53.365  -21.359  73.606 0.5000000000
71770  53.229  -21.944  72.578 0.5000000000
71778  53.200  -22.110  71.884 0.1250000000
72650  53.554  -21.946  71.604 0.1250000000
72659  53.393  -22.035  70.818 0.1250000000
72668  53.317  -21.830  69.884 0.1250000000
72675  53.416  -21.746  68.791 0.1250000000
78861  17.351  -14.760  98.099 0.2500000000
77944  18.229  -14.966  98.539 0.2500000000
78862  16.610  -14.479  97.687 0.2500000000
78863  15.918  -14.164  97.208 0.2500000000
78873  15.295  -14.478  95.076 0.1250000000
79851  15.035  -13.838  95.537 0.1250000000
146133  15.787  -14.461  96.565 0.2500000000
76041  39.209  -17.830  94.120 0.1250000000
76032  38.824  -18.186  94.617 0.1250000000
76997  36.438  -16.367  94.482 0.1250000000
79852  14.709  -13.263  95.229 0.1250000000
75098  40.886  -19.837  92.256 0.3750000000
75099  40.301  -19.509  92.965 0.1250000000
75100  39.620  -18.485  92.654 0.1250000000
76042  38.430  -17.258  94.327 0.1250000000
76990  33.167  -15.765  94.564 0.1250000000
75108  40.318  -19.121  92.096 0.3750000000
76048  38.410  -17.089  92.941 0.1250000000
77006  38.553  -17.056  93.769 0.1250000000
76991  32.607  -16.015  94.478 0.1250000000
75107  40.946  -19.440  91.568 0.3750000000
76053  38.803  -17.800  92.577 0.1250000000
76054  38.156  -17.456  91.955 0.1250000000
147823  39.481  -18.604  91.637 0.2500000000
75109  38.753  -18.185  91.769 0.2500000000
76043  31.940  -17.191  94.025 0.1250000000
75122  39.855  -18.791  90.962 0.2500000000
75110  37.932  -18.069  91.018 0.2500000000
76060  37.211  -17.869  90.266 0.1250000000
77060  35.963  -17.105  89.143 0.1250000000
75136  38.705  -18.709  89.318 0.2500000000
76067  37.224  -18.222  89.367 0.1250000000
83681  49.181  -8.060  80.720 0.7500000000
83670  48.592  -8.162  81.411 0.6250000000
80022  49.772  -13.007  78.919 0.7500000000
79056  49.442  -13.906  78.470 0.5000000000
78145  49.700  -14.778  78.236 0.5000000000
78144  50.556  -15.106  78.543 0.5000000000
75325  51.450  -17.488  77.206 0.5000000000
75324  52.099  -17.905  77.255 0.6250000000
73479  53.301  -20.107  74.863 0.6250000000
74344  53.099  -19.517  75.576 0.6250000000
72627  54.233  -21.681  72.978 0.2500000000
72643  53.863  -21.910  72.451 0.2500000000
72658  53.734  -21.626  71.337 0.1250000000
78851  21.137  -14.715  100.695 0.3750000000
131279  19.290  -14.405  99.769 0.2500000000
78852  20.149  -14.568  100.216 0.2500000000
78853  18.524  -14.348  99.264 0.2500000000
77954  33.597  -15.186  94.811 0.1250000000
79843  16.243  -13.786  97.968 0.2500000000
78870  34.292  -14.870  94.818 0.1250000000
79848  14.711  -13.139  95.984 0.1250000000
77008  37.217  -15.835  94.232 0.1250000000
77016  37.995  -16.306  93.324 0.1250000000
77007  38.038  -16.318  94.048 0.1250000000
76998  32.419  -15.540  94.571 0.1250000000
77039  37.354  -17.073  91.189 0.1250000000
76999  32.014  -15.620  94.472 0.1250000000
77040  36.621  -16.460  90.823 0.1250000000
77048  36.213  -16.829  89.991 0.1250000000
136541  49.664  -8.841  80.077 0.7500000000
144216  50.274  -12.326  79.378 0.7500000000
80006  50.716  -13.071  79.516 0.7500000000
79055  50.359  -14.373  78.750 0.5000000000
79054  51.046  -14.723  79.150 0.6250000000
77211  50.984  -15.912  78.245 0.5000000000
78143  51.436  -15.346  79.169 0.6250000000
75323  52.696  -18.299  77.128 0.6250000000
76255  52.226  -17.232  78.006 0.6250000000
151016  52.843  -18.689  76.562 0.6250000000
133975  53.229  -18.908  76.360 0.6250000000
72642  54.365  -21.486  72.545 0.2500000000
72649  54.056  -21.514  71.946 0.1250000000
73513  53.973  -20.967  71.456 0.1250000000
74407  53.298  -20.399  69.516 0.1250000000
144698  53.499  -21.176  69.974 0.1250000000
73532  53.484  -21.286  69.191 0.1250000000
79832  19.738  -13.931  100.505 0.2500000000
77953  34.583  -15.583  94.659 0.1250000000
78878  33.304  -13.583  95.193 0.1250000000
77955  33.100  -14.893  95.038 0.1250000000
77967  36.727  -15.116  94.019 0.1250000000
77956  32.662  -15.162  94.785 0.1250000000
77973  36.837  -15.158  93.209 0.1250000000
77983  36.598  -15.428  92.282 0.1250000000
77028  37.020  -16.138  91.769 0.1250000000
77029  36.261  -15.792  91.351 0.1250000000
77961  32.439  -14.974  94.849 0.1250000000
77041  35.896  -16.173  90.488 0.1250000000
76035  31.896  -16.420  94.258 0.1250000000
139840  50.495  -8.548  80.009 0.7500000000
131601  51.830  -14.710  79.858 0.7500000000
79036  52.868  -14.688  80.762 0.7500000000
77196  53.009  -16.236  80.076 0.7500000000
78128  52.440  -15.466  80.009 0.7500000000
131461  51.770  -16.559  78.372 0.6250000000
76241  52.673  -16.724  79.109 0.7500000000
76254  52.947  -17.796  77.985 0.7500000000
73521  53.586  -21.432  70.685 0.1250000000
142966  53.543  -20.517  70.590 0.1250000000
79819  20.355  -13.230  101.997 0.2500000000
79857  32.926  -13.508  95.136 0.1250000000
78885  35.933  -14.642  94.212 0.1250000000
79037  52.156  -13.965  80.395 0.7500000000
74386  53.944  -19.984  71.490 0.2500000000
148231  54.288  -20.450  71.789 0.1250000000
74396  53.308  -19.507  70.896 0.2500000000
144588  53.107  -19.790  70.136 0.1250000000
74408  52.739  -19.416  69.464 0.1250000000
80770  20.238  -13.080  102.573 0.1250000000
79799  20.096  -13.059  103.072 0.1250000000
144837  32.673  -13.516  94.956 0.1250000000
80758  19.178  -12.688  103.783 0.3750000000
139468  8.414  -30.236  81.294 0.6250000000
44246  24.118  -47.912  96.453 0.6250000000
55925  32.773  -37.806  95.400 0.7500000000
145514  24.511  -45.665  97.985 0.8750000000
45286  24.994  -47.357  97.311 0.7500000000
58846  9.610  -35.787  98.569 0.8750000000
58835  8.342  -36.190  99.856 0.8750000000
60679  15.098  -32.915  100.044 0.8750000000
60675  15.945  -33.532  100.528 0.8750000000
149679  32.211  -36.441  96.206 0.7500000000
49518  24.801  -43.846  98.030 0.8750000000
59758  14.612  -34.396  99.513 0.8750000000
57923  6.383  -37.332  101.471 0.7500000000
52802  23.627  -40.952  94.307 0.8750000000
58863  32.895  -35.675  95.965 0.7500000000
54927  9.430  -39.405  94.246 0.7500000000
51673  24.895  -43.143  96.458 0.8750000000
58839  4.857  -35.567  99.697 0.7500000000
57935  5.264  -36.787  100.472 0.7500000000
143262  8.872  -38.955  95.273 0.7500000000
54900  7.087  -39.947  97.370 0.7500000000
54899  7.562  -39.423  96.828 0.7500000000
52845  9.246  -40.976  89.984 0.5000000000
149240  36.306  -32.002  89.531 0.3750000000
61708  37.272  -31.821  88.416 0.3750000000
125988  36.412  -31.931  88.750 0.3750000000
84563  49.151  -7.840  80.466 0.5000000000
81825  46.748  -10.947  84.660 0.7500000000
61798  9.441  -32.044  82.211 0.6250000000
72470  33.232  -22.028  92.204 0.2500000000
78036  47.864  -15.320  86.419 0.8750000000
79912  48.076  -14.034  86.295 0.8750000000
78942  48.148  -14.674  86.318 0.8750000000
150505  22.692  -19.245  96.698 0.5000000000
126211  20.243  -19.023  95.770 0.3750000000
129813  48.315  -16.625  85.834 0.8750000000
77094  47.617  -15.940  86.417 0.8750000000
79914  46.725  -14.116  86.509 0.8750000000
72478  40.052  -21.327  90.982 0.3750000000
72479  39.406  -21.144  91.285 0.3750000000
77937  19.605  -15.007  99.498 0.2500000000
133031  18.907  -14.827  99.172 0.2500000000
74254  42.546  -19.227  85.764 0.7500000000
79800  19.666  -13.193  103.414 0.3750000000
57942  8.097  -36.555  100.617 0.8750000000
143203  23.531  -19.143  97.423 0.5000000000
142752  24.561  -19.143  98.984 0.3750000000
52792  12.932  -41.130  94.790 0.7500000000
136688  5.623  -45.445  100.445 0.6250000000
48535  4.904  -45.683  99.745 0.6250000000
134148  6.646  -45.792  100.318 0.6250000000
127933  6.615  -44.295  100.332 0.6250000000
47479  5.205  -46.299  99.954 0.5000000000
50518  7.878  -43.385  99.211 0.7500000000
49504  7.137  -43.770  99.980 0.7500000000
147514  4.417  -46.213  98.588 0.5000000000
47510  4.342  -45.656  98.574 0.5000000000
50530  8.386  -42.898  98.625 0.7500000000
47516  4.277  -46.280  98.067 0.5000000000
48568  4.229  -45.753  97.910 0.5000000000
142721  4.234  -45.237  97.741 0.6250000000
52773  9.836  -41.309  97.300 0.7500000000
49532  4.139  -45.068  97.244 0.6250000000
48579  4.108  -45.663  96.746 0.5000000000
48575  4.114  -45.731  97.294 0.6250000000
48586  4.189  -45.729  96.096 0.5000000000
46417  3.996  -46.334  94.694 0.3750000000
47554  4.019  -45.653  93.644 0.3750000000
47546  3.952  -45.957  94.538 0.3750000000
140701  4.048  -45.614  92.808 0.2500000000
125471  16.851  -44.162  98.367 0.7500000000
50508  7.120  -43.177  100.335 0.7500000000
51642  7.922  -42.530  99.571 0.7500000000
50519  7.450  -43.185  99.875 0.7500000000
50510  4.550  -43.318  100.157 0.7500000000
50509  4.870  -43.166  100.562 0.7500000000
50568  13.930  -43.193  94.482 0.8750000000
53856  11.003  -39.830  97.291 0.7500000000
53857  10.338  -40.339  97.531 0.7500000000
49531  4.275  -44.374  97.633 0.7500000000
132463  4.135  -44.773  97.013 0.5000000000
49539  4.115  -44.746  96.461 0.5000000000
49556  4.080  -45.190  95.028 0.5000000000
49564  4.168  -44.958  94.091 0.3750000000
46445  4.156  -45.791  92.354 0.2500000000
132670  4.185  -44.744  93.308 0.3750000000
137463  4.003  -45.080  90.456 0.2500000000
150513  3.674  -44.517  90.971 0.2500000000
50542  15.774  -43.646  96.819 0.8750000000
51628  6.908  -42.162  101.006 0.7500000000
136616  15.249  -43.310  95.121 0.8750000000
50554  16.039  -43.322  95.690 0.8750000000
51693  15.455  -42.224  94.206 0.8750000000
51631  5.037  -42.001  101.070 0.7500000000
51635  4.458  -42.773  99.920 0.7500000000
143170  4.496  -43.188  98.602 0.7500000000
143388  12.421  -39.227  97.856 0.7500000000
50548  4.270  -44.064  96.249 0.5000000000
50560  4.438  -43.935  95.350 0.5000000000
51661  4.569  -43.275  97.399 0.6250000000
151509  13.755  -39.217  98.230 0.8750000000
51698  4.926  -43.109  94.237 0.6250000000
50570  4.586  -43.735  94.267 0.5000000000
135929  4.200  -43.608  91.529 0.3750000000
50581  4.365  -43.648  92.381 0.5000000000
51728  4.289  -43.332  90.249 0.2500000000
50516  18.697  -43.875  99.088 0.8750000000
142956  16.986  -43.641  97.363 0.8750000000
51691  17.094  -41.984  94.322 0.8750000000
52757  7.119  -41.273  100.957 0.7500000000
51626  5.408  -41.491  101.264 0.7500000000
128895  4.800  -41.726  100.657 0.7500000000
51643  4.532  -42.243  99.689 0.7500000000
54871  9.841  -39.357  98.610 0.7500000000
135355  4.628  -42.885  98.209 0.7500000000
51668  4.764  -42.822  96.693 0.6250000000
51683  4.817  -42.733  95.788 0.6250000000
51703  5.003  -42.859  93.415 0.5000000000
126126  15.110  -38.997  98.532 0.8750000000
51710  4.961  -42.757  92.470 0.5000000000
47502  19.083  -45.482  98.501 0.5000000000
53869  34.005  -40.512  94.118 0.7500000000
138645  34.920  -41.823  92.926 0.7500000000
52750  5.896  -41.005  101.351 0.7500000000
53833  6.055  -40.285  101.548 0.7500000000
54902  33.701  -39.327  94.681 0.7500000000
53837  6.513  -40.292  101.426 0.7500000000
53834  5.684  -40.313  101.423 0.7500000000
52752  5.136  -40.781  101.034 0.7500000000
149069  10.316  -38.801  98.820 0.8750000000
143098  5.215  -42.257  97.048 0.6250000000
52798  5.197  -42.392  95.609 0.6250000000
52813  5.423  -42.494  94.760 0.6250000000
142999  6.137  -42.379  92.647 0.6250000000
44247  23.517  -47.795  96.301 0.7500000000
149553  18.306  -43.085  96.496 0.8750000000
131852  7.028  -39.930  101.292 0.7500000000
55889  6.016  -39.167  101.824 0.7500000000
54847  6.689  -39.640  101.559 0.7500000000
54842  6.574  -39.207  101.704 0.7500000000
54849  5.088  -39.755  101.247 0.7500000000
146869  5.523  -39.881  101.477 0.7500000000
54930  35.910  -39.564  92.793 0.6250000000
130604  8.231  -38.670  100.864 0.8750000000
54851  8.795  -38.497  100.372 0.8750000000
54853  4.750  -39.348  100.915 0.7500000000
132215  4.767  -39.861  100.389 0.7500000000
54929  36.139  -39.130  92.470 0.7500000000
54857  12.773  -38.564  99.384 0.8750000000
53884  6.369  -41.244  96.145 0.6250000000
53868  6.035  -41.356  97.005 0.6250000000
52821  6.482  -42.077  93.634 0.6250000000
127543  6.917  -41.958  92.846 0.6250000000
45288  23.675  -47.447  96.939 0.7500000000
45300  22.059  -46.749  96.270 0.5000000000
44256  22.561  -47.790  95.549 0.5000000000
45315  21.807  -47.455  95.160 0.3750000000
48538  20.239  -44.894  99.491 0.7500000000
45327  20.395  -46.339  94.399 0.2500000000
46408  20.100  -46.277  93.263 0.2500000000
55893  7.643  -38.725  101.288 0.7500000000
55894  6.999  -38.681  101.591 0.7500000000
55895  6.342  -38.609  101.704 0.7500000000
56954  33.702  -37.671  94.966 0.7500000000
56952  34.923  -37.928  94.127 0.7500000000
55896  5.695  -38.554  101.621 0.7500000000
56919  6.080  -37.889  101.552 0.7500000000
55955  35.887  -38.359  92.380 0.7500000000
55904  10.850  -37.788  100.311 0.8750000000
55909  13.218  -38.447  100.111 0.8750000000
54850  13.868  -38.619  100.122 0.8750000000
53867  6.710  -40.684  96.882 0.7500000000
53900  6.818  -41.105  95.442 0.6250000000
137871  7.684  -41.610  90.807 0.5000000000
46355  23.125  -46.558  97.481 0.7500000000
46356  22.664  -46.558  97.280 0.7500000000
45308  21.146  -46.490  95.476 0.3750000000
47500  20.829  -45.725  98.223 0.6250000000
45316  21.359  -46.833  94.988 0.3750000000
56920  5.381  -37.311  101.053 0.7500000000
57930  10.482  -37.035  100.412 0.8750000000
55914  5.307  -38.101  100.210 0.7500000000
136668  5.477  -38.152  99.773 0.7500000000
53883  7.483  -40.509  95.733 0.7500000000
53908  7.894  -40.994  93.953 0.7500000000
53907  8.592  -40.759  93.583 0.7500000000
57953  33.734  -36.034  95.346 0.7500000000
57941  8.925  -36.645  100.321 0.8750000000
56932  5.436  -37.563  99.626 0.7500000000
57988  35.348  -37.599  91.967 0.6250000000
57001  35.521  -38.147  91.041 0.5000000000
57002  35.065  -37.696  90.677 0.5000000000
150383  24.461  -43.616  98.381 0.8750000000
58833  10.225  -36.237  99.338 0.8750000000
55922  20.561  -38.303  97.659 0.8750000000
133432  34.990  -37.130  91.987 0.6250000000
135586  13.203  -36.910  100.772 0.8750000000
57920  13.834  -37.165  101.239 0.8750000000
49497  22.776  -44.324  99.235 0.8750000000
58875  33.946  -35.263  95.023 0.7500000000
149176  11.897  -36.063  98.883 0.8750000000
57989  34.680  -36.679  92.513 0.6250000000
58830  13.988  -35.791  100.004 0.8750000000
52759  23.389  -42.433  98.583 0.8750000000
58005  33.478  -36.263  90.725 0.5000000000
60698  33.735  -33.824  96.095 0.7500000000
59801  34.051  -34.680  94.748 0.7500000000
58822  15.656  -34.938  101.197 0.8750000000
132371  33.831  -33.962  93.169 0.6250000000
59816  33.481  -34.436  92.414 0.6250000000
132145  16.601  -33.946  100.276 0.8750000000
60709  34.350  -33.006  95.425 0.7500000000
55952  18.921  -38.259  93.236 0.8750000000
151266  33.998  -32.119  87.885 0.3750000000
61687  35.538  -32.127  91.070 0.5000000000
61709  35.492  -32.092  89.216 0.5000000000
131545  34.625  -32.241  88.894 0.3750000000
143902  46.513  -15.669  86.944 0.8750000000
78944  46.882  -14.635  86.744 0.8750000000
78038  46.653  -15.207  86.873 0.8750000000
74271  43.777  -18.766  84.551 0.8750000000
148670  43.182  -19.247  84.284 0.8750000000
63767  8.942  -30.991  81.395 0.6250000000
76115  45.825  -16.688  86.991 0.8750000000
78040  45.087  -15.747  87.139 0.7500000000
78052  44.691  -15.199  86.540 0.6250000000
73382  42.615  -20.161  88.492 0.6250000000
75158  44.105  -18.022  88.382 0.7500000000
72469  33.826  -21.359  92.590 0.2500000000
77079  43.311  -16.835  87.948 0.3750000000
77080  42.586  -16.969  87.662 0.2500000000
77129  42.341  -16.239  85.238 0.2500000000
78054  43.059  -15.833  85.688 0.3750000000
76155  41.232  -17.179  85.266 0.1250000000
77130  41.656  -16.618  84.833 0.2500000000
78053  43.828  -15.451  86.166 0.5000000000
77144  41.330  -16.525  83.897 0.2500000000
76157  39.830  -17.874  84.667 0.1250000000
76170  38.912  -18.167  83.211 0.1250000000
79944  44.909  -13.152  84.817 0.7500000000
78975  43.789  -14.441  84.745 0.7500000000
79955  44.446  -12.814  83.897 0.7500000000
78976  43.071  -14.884  84.269 0.6250000000
78988  42.810  -14.632  83.384 0.3750000000
77146  40.076  -17.228  83.015 0.2500000000
75263  38.158  -18.447  81.911 0.1250000000
78093  42.223  -15.145  82.919 0.3750000000
76199  37.965  -18.197  81.141 0.1250000000
76226  37.422  -17.566  79.672 0.1250000000
75054  21.302  -18.663  97.202 0.3750000000
76077  43.364  -17.903  88.825 0.5000000000
76076  43.806  -18.049  88.675 0.5000000000
76117  41.645  -17.371  87.119 0.1250000000
76118  40.871  -17.757  86.673 0.1250000000
76094  40.352  -18.143  87.189 0.1250000000
76119  40.026  -18.146  86.354 0.1250000000
76144  39.614  -18.184  85.604 0.1250000000
128923  34.160  -18.939  82.114 0.1250000000
71780  51.785  -22.113  71.280 0.1250000000
150719  52.165  -22.332  70.957 0.1250000000
129074  52.477  -22.298  69.242 0.1250000000
71815  53.013  -21.999  67.515 0.1250000000
75044  22.906  -18.116  98.288 0.3750000000
126078  22.158  -19.141  96.877 0.3750000000
76013  18.853  -17.373  97.219 0.2500000000
74226  43.185  -19.511  88.926 0.5000000000
75078  37.205  -18.962  95.106 0.1250000000
73298  35.065  -19.635  95.733 0.1250000000
74194  32.457  -19.640  94.576 0.1250000000
80941  42.777  -12.555  81.152 0.6250000000
79992  42.242  -12.988  80.922 0.5000000000
81878  43.719  -11.503  81.184 0.5000000000
79993  41.674  -13.220  80.496 0.5000000000
80009  41.445  -12.927  79.706 0.5000000000
126997  21.445  -17.297  98.644 0.2500000000
76982  18.595  -16.597  97.594 0.2500000000
74183  37.944  -19.354  94.702 0.2500000000
75066  36.359  -18.412  94.925 0.1250000000
75067  35.405  -18.642  95.174 0.1250000000
75069  33.722  -18.792  95.904 0.1250000000
75089  32.572  -18.555  94.841 0.1250000000
76096  37.031  -18.359  87.866 0.1250000000
81912  43.440  -11.656  79.617 0.5000000000
75134  41.695  -18.879  90.134 0.3750000000
147723  39.467  -18.671  89.197 0.2500000000
75123  38.949  -18.691  90.146 0.2500000000
76068  36.569  -17.606  89.501 0.1250000000
78857  17.778  -14.299  98.796 0.2500000000
77027  37.762  -16.558  92.317 0.1250000000
139417  38.795  -18.485  90.856 0.2500000000
75124  38.042  -18.450  89.983 0.2500000000
76061  36.745  -17.168  90.365 0.1250000000
77017  37.360  -15.784  92.794 0.1250000000
77996  35.468  -15.547  90.996 0.1250000000
140088  10.557  -49.040  100.262 0.3750000000
45265  10.073  -49.503  100.612 0.3750000000
45266  9.458  -49.358  100.660 0.3750000000
45267  8.815  -49.285  100.669 0.3750000000
126932  8.179  -49.896  100.708 0.3750000000
42291  7.953  -50.507  100.750 0.3750000000
43204  7.293  -50.168  100.658 0.2500000000
43208  6.658  -50.284  100.398 0.2500000000
44222  10.610  -49.377  100.385 0.3750000000
126933  9.019  -49.746  100.862 0.3750000000
43201  8.780  -49.974  100.805 0.3750000000
126631  8.315  -50.337  100.777 0.2500000000
42292  7.589  -50.488  100.686 0.2500000000
42293  7.058  -50.821  100.555 0.2500000000
42298  6.595  -50.804  100.148 0.2500000000
44227  7.474  -49.267  100.711 0.3750000000
128182  7.384  -48.948  100.738 0.3750000000
139436  6.952  -49.763  100.673 0.2500000000
45277  10.001  -48.892  100.274 0.3750000000
46332  9.141  -48.616  100.123 0.3750000000
44226  7.716  -49.424  100.658 0.3750000000
42302  6.474  -50.928  99.731 0.2500000000
46330  10.862  -48.449  99.709 0.3750000000
46331  9.943  -48.601  99.974 0.3750000000
46348  9.741  -48.345  99.781 0.3750000000
45268  8.261  -49.195  100.611 0.3750000000
42303  6.282  -50.308  99.717 0.2500000000
46347  10.693  -48.036  99.414 0.5000000000
46361  10.054  -47.940  99.465 0.5000000000
142245  6.322  -50.618  99.256 0.2500000000
44228  7.074  -49.171  100.824 0.3750000000
46349  9.039  -48.193  99.772 0.3750000000
142067  8.521  -48.846  100.456 0.3750000000
45279  7.972  -48.649  100.429 0.3750000000
45271  6.806  -48.530  100.872 0.3750000000
148833  6.552  -49.870  100.456 0.3750000000
46333  8.335  -48.420  100.172 0.3750000000
127204  5.728  -49.345  100.112 0.3750000000
42299  6.192  -49.866  100.111 0.2500000000
47492  11.819  -47.454  98.911 0.6250000000
47506  10.410  -47.382  98.809 0.6250000000
46362  9.455  -47.653  99.282 0.3750000000
43219  5.359  -49.331  98.635 0.2500000000
43211  5.792  -49.693  99.503 0.2500000000
47505  11.600  -47.203  98.727 0.6250000000
47513  11.255  -46.780  98.319 0.6250000000
43228  5.372  -49.227  98.258 0.2500000000
43218  5.642  -49.671  98.532 0.2500000000
47470  6.674  -47.299  100.533 0.3750000000
46324  6.761  -47.923  100.797 0.3750000000
46336  6.157  -47.243  100.453 0.3750000000
46337  5.777  -47.667  100.439 0.3750000000
46335  7.238  -47.657  100.496 0.3750000000
46323  6.962  -47.865  100.753 0.3750000000
45272  6.065  -48.357  100.712 0.3750000000
47474  7.728  -47.844  100.110 0.3750000000
46322  7.420  -48.426  100.624 0.3750000000
45280  5.546  -48.160  100.146 0.3750000000
46350  8.096  -47.962  99.893 0.3750000000
143577  8.082  -48.400  100.245 0.3750000000
137582  5.030  -48.787  99.076 0.3750000000
47491  13.015  -47.063  98.890 0.5000000000
47504  13.238  -46.591  98.603 0.6250000000
47512  12.265  -46.639  98.449 0.6250000000
47507  9.232  -46.891  98.694 0.6250000000
44250  5.157  -48.904  98.423 0.2500000000
48553  14.829  -46.233  98.615 0.6250000000
127362  12.535  -46.983  98.753 0.6250000000
47514  10.229  -46.677  98.132 0.6250000000
129328  5.570  -48.952  96.675 0.2500000000
44271  5.330  -48.774  97.200 0.2500000000
129635  15.539  -45.428  98.359 0.6250000000
44285  5.113  -48.373  96.044 0.2500000000
139492  5.606  -46.941  100.166 0.3750000000
47475  7.054  -46.703  100.273 0.3750000000
46338  5.343  -47.251  99.839 0.3750000000
47495  7.231  -46.744  100.100 0.5000000000
46363  4.725  -47.523  98.689 0.3750000000
47494  7.684  -46.931  99.746 0.5000000000
46371  4.538  -47.556  98.193 0.2500000000
45293  4.907  -48.350  98.640 0.2500000000
48565  9.422  -46.068  98.016 0.6250000000
48555  8.639  -45.828  98.516 0.6250000000
45320  4.522  -47.674  97.319 0.2500000000
44260  4.958  -48.491  97.925 0.2500000000
49513  15.033  -45.726  98.311 0.6250000000
49521  14.409  -45.866  98.191 0.6250000000
48561  13.847  -46.332  98.539 0.6250000000
48562  12.918  -46.286  98.281 0.6250000000
48563  11.884  -46.261  97.963 0.6250000000
48564  10.916  -46.241  97.711 0.6250000000
144482  10.107  -46.066  97.622 0.6250000000
143524  8.929  -45.308  97.994 0.6250000000
45334  4.483  -47.599  96.666 0.2500000000
44272  4.894  -48.301  97.347 0.2500000000
49520  14.967  -45.109  97.945 0.6250000000
142757  14.166  -45.238  97.723 0.6250000000
48570  13.514  -45.786  97.881 0.6250000000
49528  12.075  -45.269  97.038 0.6250000000
48572  11.416  -45.668  97.226 0.6250000000
48573  10.448  -45.657  97.190 0.6250000000
49527  14.332  -44.708  97.512 0.6250000000
125240  13.571  -44.955  97.414 0.6250000000
151269  13.055  -44.721  96.766 0.6250000000
49536  11.404  -44.931  96.481 0.6250000000
48578  10.734  -45.228  96.780 0.6250000000
129521  12.382  -44.820  96.513 0.6250000000
48534  6.187  -45.579  100.461 0.3750000000
47477  6.199  -46.422  100.407 0.3750000000
47478  5.595  -46.264  100.305 0.3750000000
47496  4.944  -46.445  99.483 0.3750000000
47476  6.784  -46.798  100.368 0.3750000000
47509  4.654  -46.665  98.894 0.3750000000
48532  6.851  -45.419  100.189 0.5000000000
48546  7.229  -45.649  99.905 0.3750000000
47515  4.427  -46.852  98.327 0.3750000000
147018  7.620  -45.806  99.499 0.5000000000
45311  4.555  -47.770  97.709 0.2500000000
133755  4.187  -46.771  97.272 0.2500000000
48557  7.380  -44.696  99.574 0.5000000000
48556  7.924  -45.308  98.994 0.6250000000
46397  4.184  -46.497  96.112 0.2500000000
45335  4.123  -46.585  95.873 0.2500000000
50528  15.178  -44.491  97.710 0.6250000000
49534  14.524  -44.089  96.867 0.6250000000
50544  14.043  -44.084  95.838 0.6250000000
49537  10.421  -44.566  96.437 0.6250000000
49529  9.965  -44.975  96.851 0.6250000000
49544  13.029  -44.464  95.845 0.6250000000
49545  11.963  -44.484  95.713 0.6250000000
49514  7.788  -44.272  98.988 0.5000000000
48566  8.378  -44.815  98.450 0.6250000000
46388  4.154  -46.658  96.719 0.2500000000
49522  8.919  -44.414  97.887 0.6250000000
147243  9.428  -44.508  97.285 0.6250000000
45349  4.034  -46.713  95.281 0.2500000000
49538  9.640  -44.087  96.857 0.6250000000
137215  4.187  -46.810  94.527 0.2500000000
50557  12.596  -43.983  95.066 0.6250000000
50545  10.942  -44.221  95.845 0.6250000000
50559  10.644  -43.394  95.642 0.6250000000
49530  9.089  -43.746  97.483 0.6250000000
50547  9.185  -43.126  96.983 0.6250000000
46416  4.139  -46.349  93.794 0.2500000000
50555  14.461  -43.594  95.048 0.6250000000
50556  13.542  -43.900  95.008 0.6250000000
50546  9.974  -43.522  96.252 0.6250000000
146618  12.359  -43.315  94.790 0.6250000000
51681  10.957  -42.647  95.421 0.6250000000
51682  10.253  -42.553  95.976 0.6250000000
51696  12.637  -42.652  94.551 0.6250000000
51680  11.804  -42.648  94.910 0.6250000000
52781  10.328  -41.606  96.489 0.6250000000
52848  6.722  -42.170  90.590 0.2500000000
149944  6.341  -42.327  89.620 0.2500000000
52862  6.167  -42.401  90.170 0.2500000000
51758  6.639  -42.602  87.264 0.2500000000
51785  5.813  -42.784  84.938 0.2500000000
51767  5.955  -42.845  85.942 0.2500000000
130798  6.834  -42.077  89.188 0.2500000000
51756  8.188  -42.258  86.604 0.2500000000
52887  7.492  -42.070  87.777 0.2500000000
129601  8.072  -42.455  85.644 0.2500000000
51775  7.038  -42.586  85.568 0.2500000000
46407  33.593  -47.247  93.578 0.5000000000
45351  32.397  -48.985  93.591 0.5000000000
46398  33.842  -46.483  93.668 0.5000000000
52847  7.393  -41.835  90.381 0.2500000000
52874  7.555  -41.888  88.619 0.2500000000
52886  8.244  -42.009  87.371 0.2500000000
138373  7.846  -42.673  84.094 0.1250000000
52902  8.969  -42.248  86.200 0.1250000000
51797  8.546  -42.655  83.776 0.1250000000
47531  33.513  -46.204  94.259 0.5000000000
47530  33.793  -46.107  93.868 0.5000000000
48596  34.138  -45.636  93.052 0.5000000000
48605  34.141  -45.142  92.282 0.3750000000
52846  8.257  -41.363  90.306 0.3750000000
146716  8.344  -41.702  88.825 0.3750000000
134838  8.872  -41.797  87.692 0.3750000000
51796  9.302  -42.520  83.432 0.1250000000
51782  9.350  -42.392  84.319 0.1250000000
135169  9.968  -41.705  86.204 0.1250000000
52893  9.613  -41.791  86.632 0.2500000000
51795  10.040  -42.294  83.298 0.1250000000
49550  33.606  -44.555  93.589 0.5000000000
49558  34.305  -44.818  92.867 0.5000000000
49572  34.383  -44.671  91.618 0.3750000000
52858  9.499  -41.136  89.259 0.3750000000
52872  9.242  -41.522  88.456 0.3750000000
52885  9.482  -41.613  87.475 0.3750000000
52911  9.958  -42.029  85.072 0.1250000000
50562  34.290  -44.115  93.243 0.5000000000
49557  34.461  -44.502  92.407 0.5000000000
52857  10.080  -40.991  88.862 0.3750000000
50583  35.072  -43.314  91.058 0.3750000000
51699  35.045  -42.566  92.507 0.5000000000
51685  34.613  -42.938  93.105 0.5000000000
52824  35.790  -41.387  91.997 0.5000000000
51706  35.207  -42.764  91.989 0.5000000000
131294  35.879  -41.473  91.152 0.5000000000
132991  34.737  -41.070  93.338 0.6250000000
53885  35.315  -40.112  93.228 0.5000000000
52814  35.996  -40.718  92.118 0.5000000000
148568  11.233  -38.557  83.469 0.6250000000
56055  10.785  -38.059  83.630 0.6250000000
127582  9.020  -37.293  82.983 0.6250000000
81913  42.820  -12.050  79.157 0.3750000000
136623  41.616  -12.683  78.892 0.2500000000
81002  41.980  -12.299  76.644 0.2500000000
80985  42.256  -12.389  78.635 0.3750000000
80986  41.762  -12.611  78.226 0.2500000000
81927  43.041  -12.110  78.065 0.3750000000
80993  42.228  -12.394  77.735 0.2500000000
80994  41.636  -12.660  77.553 0.2500000000
125244  43.409  -11.384  76.893 0.3750000000
81940  42.680  -11.987  77.093 0.2500000000
81001  42.699  -11.528  76.093 0.2500000000
81926  43.422  -11.768  78.816 0.3750000000
129562  43.841  -11.495  78.020 0.3750000000
82825  43.961  -10.516  76.248 0.3750000000
81949  43.325  -10.819  75.672 0.3750000000
82814  44.649  -10.748  78.047 0.3750000000
81939  44.108  -10.906  77.196 0.3750000000
82824  44.625  -10.299  76.834 0.3750000000
82834  44.485  -9.920  75.979 0.3750000000
83727  44.946  -9.673  75.911 0.3750000000
82843  45.234  -9.840  75.766 0.3750000000
52884  10.042  -41.439  87.144 0.3750000000
52921  10.250  -41.960  84.119 0.1250000000
51774  9.102  -42.323  85.309 0.1250000000
53930  9.896  -40.635  90.544 0.3750000000
57127  6.946  -37.832  82.630 0.6250000000
83715  45.235  -9.729  76.535 0.3750000000
52795  10.736  -41.871  95.868 0.6250000000
50529  8.687  -43.536  98.053 0.6250000000
134462  4.208  -46.411  96.336 0.3750000000
134133  4.188  -46.206  95.790 0.2500000000
48597  34.015  -45.859  93.580 0.5000000000
49519  15.626  -44.947  98.165 0.6250000000
51695  13.422  -42.617  94.365 0.6250000000
49549  34.019  -45.059  93.332 0.5000000000
50567  14.852  -42.816  94.455 0.7500000000
50572  34.492  -44.388  92.788 0.6250000000
51726  5.319  -42.662  90.205 0.2500000000
46372  4.294  -46.863  97.789 0.2500000000
45278  9.378  -48.971  100.432 0.3750000000
44224  9.189  -49.872  100.854 0.3750000000
44225  8.584  -49.793  100.772 0.3750000000
151259  8.045  -49.494  100.664 0.3750000000
142736  7.744  -50.084  100.659 0.3750000000
45269  7.732  -49.000  100.633 0.3750000000
143828  10.807  -47.626  99.039 0.5000000000
42308  5.908  -49.955  99.143 0.2500000000
45270  6.886  -48.500  100.871 0.3750000000
46334  7.641  -47.987  100.264 0.3750000000
44234  6.371  -49.443  100.564 0.3750000000
44229  6.469  -48.881  100.763 0.3750000000
47493  8.562  -47.440  99.407 0.5000000000
44240  5.312  -48.706  99.647 0.3750000000
139864  5.442  -49.464  99.054 0.2500000000
44235  5.801  -48.871  100.423 0.3750000000
43215  5.590  -49.620  98.800 0.2500000000
44239  5.313  -49.229  99.316 0.2500000000
43216  5.020  -48.924  98.923 0.2500000000
44259  5.366  -49.050  97.865 0.2500000000
43240  5.585  -49.529  97.827 0.2500000000
147255  7.334  -47.531  100.345 0.3750000000
45285  5.042  -48.179  99.079 0.3750000000
45281  5.264  -47.955  99.527 0.3750000000
45304  4.775  -48.222  98.180 0.2500000000
144936  14.498  -46.289  98.625 0.6250000000
48552  15.492  -45.790  98.573 0.6250000000
44286  4.844  -48.129  96.655 0.2500000000
45333  4.567  -47.662  95.935 0.2500000000
46351  4.983  -47.343  99.220 0.3750000000
47508  8.212  -46.427  99.118 0.5000000000
46379  4.410  -47.360  97.711 0.2500000000
48574  9.551  -45.323  97.458 0.6250000000
45312  4.270  -47.130  97.244 0.2500000000
132462  12.815  -45.148  97.237 0.6250000000
48571  12.442  -45.796  97.602 0.6250000000
136195  4.167  -47.090  95.933 0.2500000000
45321  4.167  -47.031  96.596 0.2500000000
49535  13.714  -44.456  96.694 0.6250000000
50558  11.591  -43.612  95.234 0.6250000000
52888  6.741  -42.239  88.324 0.2500000000
150927  6.516  -42.668  85.128 0.2500000000
51757  7.576  -42.320  87.075 0.2500000000
52860  7.699  -41.761  89.537 0.2500000000
52894  8.912  -41.970  87.003 0.2500000000
52873  8.311  -41.792  88.109 0.2500000000
51784  7.358  -42.610  84.776 0.1250000000
52859  8.744  -41.436  89.395 0.2500000000
51783  8.398  -42.537  84.661 0.1250000000
133072  34.143  -45.249  92.965 0.5000000000
50571  34.816  -43.647  92.370 0.5000000000
51705  35.603  -41.925  91.656 0.5000000000
52825  35.466  -41.963  92.093 0.5000000000
129380  23.937  -48.593  94.876 0.3750000000
44265  23.098  -48.195  95.513 0.3750000000
43247  22.495  -48.288  94.701 0.2500000000
44333  30.033  -48.524  91.027 0.3750000000
45392  29.692  -48.077  90.806 0.3750000000
137903  32.424  -48.978  92.156 0.3750000000
44319  31.125  -49.162  91.920 0.3750000000
44277  22.303  -48.080  95.091 0.2500000000
45379  31.380  -48.733  91.334 0.3750000000
45391  30.419  -48.065  90.727 0.3750000000
43256  22.027  -48.093  94.313 0.2500000000
44278  21.956  -47.999  94.731 0.2500000000
45363  32.720  -48.681  92.876 0.3750000000
46432  33.257  -47.160  92.043 0.2500000000
45362  33.307  -47.868  92.848 0.3750000000
45389  31.773  -48.237  91.023 0.2500000000
45390  31.103  -48.148  90.839 0.2500000000
46418  33.749  -46.418  92.443 0.2500000000
46433  32.648  -47.444  91.334 0.2500000000
46453  31.354  -47.648  90.690 0.2500000000
127478  33.012  -46.695  91.362 0.2500000000
130301  31.599  -46.819  90.531 0.2500000000
47561  33.168  -45.936  90.985 0.2500000000
47577  32.011  -45.851  90.208 0.2500000000
47576  32.825  -45.538  90.290 0.2500000000
47600  31.844  -45.398  89.572 0.2500000000
47599  32.633  -45.153  89.635 0.2500000000
48637  33.258  -44.550  89.117 0.2500000000
40374  9.073  -51.663  100.581 0.2500000000
40375  8.752  -51.566  100.667 0.2500000000
42289  9.139  -50.803  100.942 0.2500000000
40379  9.983  -51.844  99.965 0.1250000000
46406  34.043  -46.619  92.853 0.3750000000
46431  33.467  -46.219  91.707 0.2500000000
47575  33.507  -45.183  90.463 0.2500000000
48627  33.356  -44.869  89.700 0.2500000000
48650  33.057  -44.187  88.513 0.2500000000
49606  33.929  -43.838  87.994 0.2500000000
42297  10.029  -50.924  100.399 0.1250000000
42288  9.608  -50.936  100.704 0.2500000000
42290  8.680  -50.681  100.932 0.2500000000
41358  10.452  -51.172  99.916 0.1250000000
41361  11.514  -51.229  99.313 0.1250000000
46368  18.899  -45.879  97.638 0.3750000000
145278  18.801  -46.206  96.755 0.2500000000
46385  18.216  -46.343  96.473 0.2500000000
47547  33.971  -45.927  92.721 0.3750000000
47555  33.964  -45.438  92.115 0.2500000000
48614  34.061  -45.100  91.558 0.2500000000
48622  33.951  -44.887  90.714 0.2500000000
48621  34.317  -44.719  90.946 0.2500000000
48626  33.937  -44.631  89.860 0.2500000000
48636  33.856  -44.365  89.166 0.2500000000
49592  34.242  -44.266  89.355 0.2500000000
49599  34.090  -44.040  88.757 0.2500000000
49598  34.442  -43.829  89.028 0.2500000000
49605  34.275  -43.644  88.337 0.2500000000
50620  34.062  -43.419  87.492 0.2500000000
127111  9.415  -50.377  100.845 0.2500000000
41359  10.022  -51.135  100.257 0.1250000000
42294  12.089  -50.198  99.726 0.1250000000
41365  12.017  -51.348  98.610 0.1250000000
42305  13.144  -50.478  98.234 0.1250000000
46369  18.005  -46.233  97.727 0.2500000000
46378  16.903  -46.907  97.181 0.2500000000
46377  17.845  -46.462  97.178 0.2500000000
46386  17.180  -46.825  96.767 0.2500000000
130127  34.632  -44.191  91.489 0.2500000000
49583  34.558  -44.334  90.429 0.2500000000
49590  34.858  -43.712  89.963 0.2500000000
136352  35.184  -43.079  89.648 0.2500000000
50599  34.886  -43.333  89.318 0.2500000000
50610  34.984  -42.794  88.985 0.2500000000
51755  34.644  -42.444  87.605 0.2500000000
150060  10.051  -50.157  100.677 0.2500000000
42287  10.221  -50.326  100.542 0.2500000000
43198  10.006  -49.830  100.703 0.2500000000
42296  10.484  -50.721  100.192 0.1250000000
43207  10.900  -50.123  100.371 0.1250000000
43197  10.440  -50.038  100.597 0.2500000000
43210  13.031  -49.738  99.431 0.1250000000
138823  18.173  -46.124  98.065 0.3750000000
131335  17.313  -46.476  98.094 0.2500000000
43217  14.331  -49.328  97.186 0.1250000000
42304  13.795  -49.871  97.597 0.1250000000
45309  16.422  -47.298  97.210 0.2500000000
44258  14.773  -48.940  97.006 0.1250000000
42309  13.814  -49.695  97.134 0.1250000000
45317  16.414  -47.437  96.911 0.2500000000
44268  14.817  -48.838  96.869 0.1250000000
46387  16.558  -47.379  96.471 0.2500000000
45318  15.882  -47.959  96.707 0.2500000000
45319  15.354  -48.419  96.574 0.2500000000
44280  14.531  -48.500  96.035 0.2500000000
44281  13.816  -48.921  95.997 0.1250000000
51721  35.433  -42.583  89.826 0.3750000000
51732  35.261  -42.596  89.321 0.2500000000
51731  35.581  -41.991  89.622 0.3750000000
51741  35.447  -41.979  89.123 0.2500000000
52867  35.363  -41.774  88.418 0.2500000000
51742  35.180  -42.328  88.770 0.2500000000
51754  35.047  -42.106  88.060 0.2500000000
57140  10.153  -37.217  81.732 0.3750000000
56065  10.471  -37.816  82.823 0.3750000000
148715  10.851  -36.760  79.735 0.1250000000
44223  9.636  -49.865  100.815 0.2500000000
43206  11.447  -49.638  100.123 0.2500000000
43196  11.053  -49.541  100.280 0.2500000000
47486  17.889  -45.644  98.717 0.3750000000
45291  16.585  -46.696  98.367 0.2500000000
45292  16.065  -47.533  97.822 0.2500000000
44248  15.433  -48.336  97.295 0.2500000000
43212  14.850  -48.938  97.287 0.1250000000
43209  13.902  -49.226  99.022 0.1250000000
45302  16.540  -47.011  97.654 0.2500000000
44257  15.344  -48.392  96.793 0.2500000000
45310  15.858  -47.891  96.820 0.2500000000
137114  14.280  -49.009  96.844 0.1250000000
44267  15.312  -48.434  96.719 0.2500000000
130940  36.115  -41.071  90.704 0.3750000000
52852  35.690  -41.474  89.497 0.3750000000
53934  35.784  -40.889  89.392 0.3750000000
54962  36.013  -39.771  90.106 0.3750000000
143068  9.656  -36.869  81.140 0.2500000000
57155  10.644  -37.034  80.640 0.1250000000
138604  9.643  -36.720  80.482 0.2500000000
58140  10.491  -36.506  79.041 0.1250000000
134511  17.358  -45.649  98.814 0.3750000000
137538  12.230  -48.633  99.742 0.2500000000
46342  16.774  -46.218  98.823 0.2500000000
44238  13.351  -48.920  99.601 0.1250000000
45282  16.049  -46.605  98.873 0.2500000000
149050  15.603  -47.992  98.094 0.1250000000
44241  15.122  -48.670  98.015 0.1250000000
44242  14.568  -48.741  98.660 0.1250000000
44236  15.064  -47.888  98.791 0.2500000000
55997  35.714  -39.503  89.487 0.3750000000
55985  35.443  -38.853  89.779 0.2500000000
57141  8.900  -36.999  81.668 0.3750000000
134774  10.182  -37.462  82.369 0.3750000000
57172  10.032  -36.598  79.822 0.2500000000
58171  10.517  -36.110  77.559 0.1250000000
58155  10.020  -36.390  78.178 0.1250000000
46329  11.994  -47.960  99.333 0.2500000000
45276  11.206  -48.706  99.877 0.2500000000
48542  16.843  -45.499  98.840 0.3750000000
47487  16.381  -46.190  98.877 0.2500000000
45275  12.088  -48.284  99.560 0.2500000000
44233  11.448  -48.959  100.008 0.2500000000
46343  15.786  -46.612  98.997 0.2500000000
44231  12.966  -48.660  99.698 0.2500000000
43205  12.247  -49.452  99.827 0.2500000000
44237  14.190  -48.377  99.268 0.1250000000
44230  13.732  -48.177  99.503 0.1250000000
55964  35.964  -38.667  91.367 0.5000000000
57027  34.979  -38.425  89.243 0.2500000000
126592  8.193  -37.074  81.156 0.3750000000
57124  9.820  -37.420  82.742 0.5000000000
58156  9.110  -36.330  78.196 0.1250000000
58141  9.528  -36.507  78.959 0.1250000000
59075  10.189  -35.570  77.144 0.1250000000
59088  10.730  -35.093  76.693 0.1250000000
59074  11.005  -35.687  77.008 0.1250000000
59981  11.393  -34.556  76.466 0.1250000000
60900  11.360  -33.757  76.425 0.1250000000
46346  11.857  -47.664  99.066 0.2500000000
134675  16.053  -45.986  98.938 0.3750000000
47488  15.472  -46.575  99.151 0.3750000000
46345  12.776  -47.275  99.029 0.2500000000
47471  15.115  -46.971  99.707 0.3750000000
46326  14.417  -47.190  99.708 0.2500000000
47473  13.713  -47.186  99.455 0.2500000000
45283  15.471  -47.067  99.292 0.2500000000
45284  14.542  -47.529  99.499 0.1250000000
57126  8.145  -37.350  82.379 0.5000000000
57173  8.951  -36.740  79.814 0.2500000000
58142  8.589  -36.619  78.883 0.2500000000
58172  9.663  -36.021  77.652 0.1250000000
59076  9.424  -35.374  77.519 0.1250000000
142151  9.996  -34.869  76.958 0.1250000000
147000  9.302  -34.472  77.516 0.1250000000
60901  10.720  -33.370  76.846 0.1250000000
59966  10.684  -34.314  76.719 0.1250000000
61879  11.419  -32.863  76.413 0.1250000000
62841  11.654  -31.822  76.540 0.1250000000
49503  16.235  -45.413  98.688 0.3750000000
48543  15.438  -46.196  98.834 0.3750000000
47489  14.979  -46.652  99.351 0.3750000000
47490  13.741  -46.829  99.104 0.5000000000
47472  14.339  -46.937  99.658 0.3750000000
131890  14.257  -46.679  99.226 0.3750000000
125854  7.410  -37.440  81.173 0.2500000000
57157  7.956  -37.146  80.301 0.2500000000
58157  8.211  -36.341  78.249 0.1250000000
60890  10.029  -33.931  77.229 0.1250000000
61880  10.938  -32.395  77.092 0.1250000000
139682  11.566  -30.981  76.884 0.1250000000
48545  14.147  -46.501  98.766 0.5000000000
48554  14.057  -46.489  98.759 0.5000000000
57158  6.854  -37.551  80.445 0.3750000000
58143  7.705  -36.753  78.886 0.2500000000
58158  7.291  -36.358  78.500 0.2500000000
57174  8.093  -36.895  79.461 0.3750000000
59967  8.530  -35.047  77.950 0.1250000000
58173  8.815  -35.911  77.889 0.1250000000
60891  9.310  -33.545  77.663 0.1250000000
148987  9.750  -32.186  77.932 0.1250000000
62828  11.120  -31.460  77.313 0.1250000000
125798  6.427  -37.820  81.381 0.3750000000
57175  6.760  -36.986  79.027 0.3750000000
143006  7.294  -37.211  79.569 0.2500000000
59950  7.698  -34.318  78.139 0.1250000000
131357  7.611  -35.203  78.168 0.3750000000
131606  8.566  -34.022  77.827 0.1250000000
61871  9.277  -32.767  77.989 0.1250000000
60892  8.645  -33.240  78.096 0.1250000000
62813  10.566  -31.022  77.805 0.1250000000
126698  6.288  -37.496  79.752 0.3750000000
143336  5.709  -37.842  80.730 0.3750000000
57176  5.695  -37.211  79.248 0.3750000000
59058  6.798  -35.748  78.340 0.3750000000
58159  6.171  -36.459  78.776 0.3750000000
57177  4.729  -37.403  79.553 0.3750000000
57178  4.000  -37.335  79.884 0.3750000000
59951  6.877  -34.856  78.263 0.3750000000
59952  6.007  -34.468  78.380 0.2500000000
137688  6.799  -34.116  78.233 0.2500000000
60877  8.024  -33.584  78.170 0.1250000000
60878  7.215  -33.474  78.271 0.2500000000
78092  46.701  -14.712  82.589 0.5000000000
59059  5.499  -35.837  78.597 0.3750000000
59060  4.241  -35.799  78.785 0.3750000000
133913  33.191  -32.410  86.983 0.1250000000
59953  4.924  -34.993  78.591 0.2500000000
59061  3.447  -35.707  79.039 0.3750000000
60879  5.999  -33.532  78.435 0.2500000000
60880  4.538  -33.423  78.685 0.2500000000
129999  4.001  -34.245  78.785 0.2500000000
59933  3.117  -34.355  79.658 0.5000000000
149238  3.261  -35.019  79.445 0.3750000000
61860  6.680  -32.555  78.502 0.2500000000
61861  5.296  -32.667  78.665 0.2500000000
146318  5.831  -32.027  78.769 0.2500000000
79007  45.508  -14.401  81.487 0.3750000000
79977  46.120  -13.075  81.860 0.5000000000
79978  45.666  -13.137  81.124 0.5000000000
139015  45.323  -13.840  80.826 0.1250000000
79039  45.130  -14.019  79.729 0.1250000000
79061  44.705  -14.777  79.095 0.1250000000
59931  4.610  -34.476  80.434 0.5000000000
61732  33.276  -32.457  86.158 0.1250000000
61846  2.977  -32.611  79.607 0.2500000000
59941  3.222  -34.475  79.359 0.2500000000
60857  3.788  -33.550  80.267 0.5000000000
59932  3.308  -34.299  80.054 0.5000000000
62818  4.728  -31.951  78.924 0.2500000000
61862  3.885  -32.647  78.949 0.2500000000
61831  2.920  -32.287  80.140 0.3750000000
60858  2.890  -33.253  79.967 0.5000000000
138359  4.645  -32.908  80.412 0.5000000000
60855  6.232  -33.046  80.609 0.5000000000
62799  3.227  -31.159  79.637 0.3750000000
133813  2.798  -31.849  79.914 0.3750000000
62783  6.010  -31.587  80.809 0.5000000000
133779  2.865  -31.134  80.091 0.5000000000
63780  3.949  -30.895  81.076 0.5000000000
62784  4.592  -31.560  80.843 0.5000000000
79991  45.486  -13.243  80.302 0.3750000000
79060  45.391  -14.287  78.652 0.1250000000
78163  44.702  -15.741  77.940 0.1250000000
61731  33.914  -32.317  86.652 0.2500000000
126781  34.278  -32.361  85.993 0.2500000000
61747  32.666  -32.336  85.364 0.1250000000
62774  7.399  -31.837  80.986 0.5000000000
61828  7.405  -32.763  80.872 0.5000000000
60854  7.280  -33.553  80.936 0.5000000000
61767  34.455  -32.017  84.597 0.1250000000
64695  4.158  -29.436  81.438 0.3750000000
63769  4.626  -30.171  81.377 0.3750000000
63779  5.274  -30.871  81.150 0.5000000000
63770  3.671  -30.194  81.074 0.5000000000
78162  45.572  -15.479  77.538 0.1250000000
77229  45.120  -16.164  77.188 0.1250000000
79069  45.919  -14.758  77.923 0.1250000000
77246  45.517  -16.696  76.553 0.1250000000
135851  44.893  -17.153  76.220 0.1250000000
150487  34.620  -32.226  86.492 0.2500000000
149173  36.736  -31.662  84.910 0.2500000000
61765  36.171  -31.875  84.802 0.2500000000
125982  35.138  -32.228  85.999 0.2500000000
125979  34.811  -32.187  85.342 0.2500000000
62773  8.513  -31.771  81.351 0.5000000000
127061  35.948  -31.719  84.079 0.2500000000
61766  35.380  -31.972  84.688 0.2500000000
64693  6.493  -29.402  81.585 0.5000000000
126172  35.363  -32.088  86.705 0.2500000000
125986  37.161  -31.829  87.628 0.2500000000
125985  36.344  -31.939  86.994 0.2500000000
142710  37.104  -31.773  86.957 0.2500000000
125984  36.756  -31.801  86.244 0.2500000000
125983  35.985  -32.085  86.125 0.2500000000
125980  35.680  -32.094  85.404 0.2500000000
75186  4.826  -18.256  86.105 0.3750000000
77993  4.755  -16.168  91.494 0.5000000000
78003  5.372  -15.767  90.612 0.5000000000
128936  4.303  -16.181  89.211 0.5000000000
150362  4.359  -16.808  88.034 0.5000000000
76113  4.390  -17.776  86.350 0.3750000000
127506  23.201  -48.502  94.604 0.3750000000
57142  7.930  -37.266  81.703 0.5000000000
125981  36.419  -31.875  85.480 0.2500000000
58144  4.826  -36.624  78.962 0.3750000000
128215  5.397  -37.678  79.913 0.3750000000
60856  5.319  -33.705  80.542 0.5000000000
61814  8.086  -33.172  81.346 0.5000000000
61813  8.790  -32.512  81.738 0.5000000000
76112  4.801  -17.173  87.607 0.3750000000
77073  4.820  -16.444  88.505 0.5000000000
77056  4.937  -15.972  89.635 0.5000000000
78091  47.466  -15.444  82.818 0.5000000000
53924  36.170  -40.672  90.357 0.3750000000
46384  19.348  -45.905  96.041 0.2500000000
54952  36.200  -39.897  90.740 0.3750000000
138986  36.205  -39.251  91.277 0.3750000000
80939  45.816  -12.671  80.668 0.5000000000
79059  46.307  -13.960  78.234 0.1250000000
63778  6.669  -30.930  81.122 0.5000000000
139439  7.233  -30.193  81.296 0.5000000000
47503  13.780  -46.714  98.947 0.5000000000
48544  14.861  -46.376  98.808 0.3750000000
47560  33.701  -45.463  91.267 0.2500000000
50582  35.426  -42.678  90.456 0.3750000000
57125  9.380  -37.204  82.335 0.3750000000
45378  32.152  -48.713  91.545 0.2500000000
146841  32.324  -48.155  91.274 0.2500000000
46452  32.016  -47.534  90.911 0.2500000000
46451  32.435  -46.542  90.806 0.2500000000
41353  9.260  -51.280  100.721 0.2500000000
48649  33.719  -44.102  88.571 0.2500000000
41357  10.967  -50.966  99.755 0.1250000000
132765  11.550  -49.995  100.057 0.1250000000
46376  18.817  -46.134  97.225 0.2500000000
50619  34.466  -43.080  87.941 0.2500000000
42300  12.707  -50.428  99.100 0.1250000000
42306  12.353  -50.948  98.819 0.1250000000
43214  13.522  -49.886  98.557 0.1250000000
46370  17.119  -46.695  97.558 0.2500000000
46360  17.355  -46.186  98.550 0.2500000000
43213  14.413  -49.372  98.025 0.1250000000
138055  14.388  -49.206  97.075 0.1250000000
44249  14.874  -48.897  97.137 0.1250000000
45328  15.952  -47.878  96.232 0.2500000000
45303  15.938  -47.722  97.148 0.2500000000
141100  15.842  -47.235  98.567 0.2500000000
57156  8.881  -36.841  80.810 0.2500000000
45274  12.977  -47.955  99.508 0.2500000000
46328  12.898  -47.576  99.298 0.2500000000
46327  13.678  -47.223  99.476 0.2500000000
45273  14.043  -47.839  99.574 0.2500000000
60912  11.992  -33.291  75.983 0.1250000000
46344  15.141  -46.908  99.593 0.3750000000
61870  10.069  -32.856  77.486 0.1250000000
59057  7.894  -35.891  78.035 0.2500000000
61859  7.909  -32.793  78.364 0.1250000000
150470  6.064  -35.206  78.438 0.2500000000
134788  5.114  -34.118  78.521 0.2500000000
79006  46.177  -13.993  82.139 0.3750000000
59955  3.479  -35.268  78.958 0.3750000000
60881  3.345  -33.463  79.186 0.3750000000
151747  45.683  -13.684  81.504 0.3750000000
61830  3.933  -32.219  80.516 0.5000000000
61829  5.355  -32.258  80.648 0.5000000000
63781  3.209  -30.888  80.500 0.3750000000
62785  3.370  -31.571  80.525 0.5000000000
78147  45.036  -15.025  78.309 0.1250000000
77247  44.603  -16.756  76.893 0.1250000000
61746  33.842  -32.289  85.329 0.1250000000
64694  5.270  -29.420  81.648 0.3750000000
63768  5.931  -30.147  81.358 0.5000000000
42337  23.717  -48.743  93.744 0.2500000000
42346  24.442  -48.873  93.225 0.2500000000
142758  23.536  -48.702  93.231 0.2500000000
43255  22.891  -48.513  94.172 0.2500000000
42377  23.321  -48.631  91.713 0.2500000000
42359  23.689  -48.766  92.517 0.2500000000
43289  22.990  -48.388  91.076 0.2500000000
43328  23.024  -48.522  89.925 0.2500000000
43345  22.901  -48.355  89.252 0.2500000000
43329  22.363  -48.187  89.473 0.2500000000
43346  22.204  -48.128  88.637 0.2500000000
129095  24.658  -49.016  92.439 0.2500000000
42393  23.659  -48.591  91.063 0.2500000000
43309  23.211  -48.502  90.534 0.2500000000
43360  22.894  -48.312  88.604 0.1250000000
44381  22.401  -48.247  87.956 0.1250000000
44397  22.686  -48.209  87.222 0.1250000000
44380  23.072  -48.305  87.945 0.1250000000
42391  25.120  -49.053  91.289 0.3750000000
42375  24.892  -49.124  91.780 0.3750000000
43307  25.378  -48.852  90.861 0.2500000000
42392  24.364  -48.868  91.112 0.2500000000
42376  24.090  -48.887  91.735 0.2500000000
126472  24.238  -48.400  89.594 0.2500000000
43327  24.033  -48.610  89.944 0.2500000000
43308  23.774  -48.634  90.391 0.2500000000
132285  23.445  -48.527  89.737 0.2500000000
43359  23.455  -48.252  88.584 0.2500000000
43344  23.550  -48.371  89.245 0.2500000000
44419  22.932  -48.083  86.520 0.1250000000
44418  23.269  -47.680  86.302 0.1250000000
42390  25.908  -49.019  91.546 0.2500000000
43324  26.704  -48.491  90.842 0.2500000000
43325  25.716  -48.469  90.407 0.2500000000
43343  24.916  -48.176  89.611 0.1250000000
43358  24.064  -48.135  88.994 0.2500000000
44379  23.843  -47.993  88.068 0.1250000000
44396  23.301  -48.065  87.177 0.1250000000
43304  27.445  -48.526  91.421 0.2500000000
45414  29.821  -47.094  90.010 0.1250000000
45415  28.987  -47.169  90.008 0.1250000000
46494  28.582  -46.661  89.536 0.1250000000
43341  26.226  -48.103  90.194 0.1250000000
43342  25.570  -47.732  89.394 0.1250000000
46491  30.708  -46.329  89.843 0.1250000000
46492  30.131  -46.438  89.674 0.1250000000
46510  28.970  -45.986  89.130 0.1250000000
132198  28.155  -46.094  89.019 0.1250000000
148772  25.614  -48.113  89.916 0.1250000000
44365  24.626  -47.750  88.758 0.1250000000
47601  31.110  -45.591  89.423 0.1250000000
47602  30.409  -45.619  89.182 0.1250000000
47625  29.217  -45.422  88.626 0.1250000000
47627  27.874  -45.747  88.359 0.1250000000
47624  29.903  -45.199  88.613 0.1250000000
47645  27.699  -45.303  87.838 0.1250000000
140048  24.411  -47.414  87.982 0.1250000000
44395  23.856  -47.386  87.128 0.1250000000
48652  31.420  -44.378  88.343 0.1250000000
47642  30.153  -44.513  88.045 0.1250000000
48667  28.975  -44.501  87.579 0.1250000000
146244  28.287  -44.817  87.597 0.1250000000
48664  31.331  -43.832  87.503 0.1250000000
48665  30.286  -43.867  87.383 0.1250000000
48681  29.302  -43.770  86.877 0.1250000000
44321  29.714  -48.747  91.612 0.2500000000
44349  28.099  -48.064  90.985 0.2500000000
44350  27.524  -48.136  90.852 0.2500000000
46473  30.960  -46.993  90.352 0.1250000000
45402  30.163  -47.559  90.439 0.1250000000
44363  27.136  -47.768  90.250 0.1250000000
46490  31.299  -46.154  90.039 0.1250000000
46495  27.671  -46.753  89.394 0.1250000000
144021  25.954  -46.954  88.781 0.1250000000
44378  25.086  -47.301  88.445 0.1250000000
46512  26.402  -46.357  88.345 0.1250000000
46513  25.667  -46.587  88.114 0.1250000000
44394  24.585  -46.943  87.586 0.1250000000
47622  31.640  -44.928  88.972 0.1250000000
47646  25.845  -45.595  87.444 0.1250000000
46525  25.918  -46.150  87.879 0.1250000000
45439  24.709  -46.547  87.277 0.1250000000
48651  32.219  -44.320  88.465 0.1250000000
44417  23.584  -47.197  86.212 0.1250000000
49612  33.721  -43.564  87.138 0.1250000000
48663  31.988  -43.932  87.837 0.1250000000
49613  33.217  -43.583  86.922 0.1250000000
50626  34.221  -42.858  87.030 0.1250000000
50627  33.909  -43.230  86.525 0.1250000000
50634  34.198  -42.787  85.974 0.1250000000
51765  34.437  -42.146  86.650 0.1250000000
137230  35.227  -41.561  87.620 0.1250000000
147244  34.831  -41.908  87.392 0.1250000000
51764  34.939  -41.456  86.857 0.1250000000
51772  34.684  -41.467  85.982 0.1250000000
52881  35.574  -41.072  87.966 0.1250000000
53958  35.627  -40.551  87.979 0.1250000000
52882  35.428  -40.968  87.063 0.1250000000
53967  35.510  -40.316  86.406 0.1250000000
55012  35.640  -39.718  85.671 0.1250000000
56030  35.399  -39.252  85.963 0.1250000000
55013  35.566  -39.249  85.138 0.1250000000
128145  35.821  -40.200  89.306 0.1250000000
54974  35.630  -39.796  88.729 0.1250000000
53959  35.575  -40.346  87.325 0.1250000000
54987  35.475  -39.667  87.387 0.1250000000
57043  34.773  -38.672  88.178 0.1250000000
56016  35.202  -39.253  86.761 0.1250000000
56007  34.743  -38.854  87.121 0.1250000000
56017  34.926  -38.937  86.285 0.1250000000
57076  34.659  -38.725  85.869 0.1250000000
150873  33.987  -38.255  87.379 0.1250000000
56076  10.971  -37.949  82.203 0.2500000000
149956  47.847  -19.406  81.137 0.2500000000
75277  47.269  -19.289  80.870 0.2500000000
62798  4.306  -31.213  79.191 0.2500000000
76193  48.233  -18.206  81.965 0.2500000000
77158  47.754  -16.481  82.622 0.3750000000
75261  46.916  -18.457  81.281 0.2500000000
76182  47.098  -17.107  82.132 0.1250000000
151098  46.507  -15.455  82.395 0.1250000000
63793  3.187  -30.543  79.934 0.2500000000
78103  45.330  -15.258  81.446 0.1250000000
79040  40.338  -14.094  79.668 0.1250000000
80010  40.712  -13.463  79.350 0.1250000000
80011  39.994  -13.804  79.000 0.1250000000
65655  6.973  -28.601  81.724 0.3750000000
80027  40.482  -13.329  78.591 0.1250000000
63771  3.391  -30.202  80.691 0.3750000000
80972  41.071  -13.049  78.956 0.1250000000
80987  41.138  -12.933  78.136 0.1250000000
80034  40.313  -13.251  77.697 0.1250000000
65639  5.244  -27.878  82.297 0.3750000000
80042  40.073  -13.240  76.716 0.1250000000
125434  41.045  -12.899  76.895 0.1250000000
132043  41.328  -12.299  75.748 0.1250000000
81003  40.496  -12.744  75.843 0.1250000000
76275  47.361  -17.244  75.896 0.1250000000
76292  46.630  -17.450  75.581 0.1250000000
81950  42.030  -11.640  75.457 0.1250000000
81969  42.099  -11.438  74.699 0.1250000000
75345  47.595  -18.190  74.129 0.1250000000
81010  41.479  -11.737  74.897 0.1250000000
77245  47.525  -16.724  76.323 0.1250000000
82835  43.919  -10.377  75.495 0.2500000000
81957  43.262  -10.646  75.008 0.1250000000
81967  43.317  -10.859  74.747 0.1250000000
81023  43.816  -11.559  74.474 0.1250000000
76291  47.550  -17.636  75.131 0.1250000000
81958  42.672  -11.019  75.107 0.1250000000
81968  42.726  -11.082  74.661 0.1250000000
75354  48.900  -18.517  73.994 0.1250000000
74354  49.485  -19.449  73.229 0.1250000000
70767  9.768  -23.034  82.791 0.2500000000
82844  44.467  -10.109  75.603 0.2500000000
146647  44.646  -10.550  75.237 0.2500000000
81966  43.948  -10.783  74.814 0.1250000000
76289  49.060  -18.046  74.837 0.1250000000
146499  44.610  -11.382  74.770 0.1250000000
81022  44.707  -12.142  74.439 0.1250000000
75344  49.618  -18.621  74.336 0.1250000000
71709  10.021  -22.635  83.173 0.2500000000
82842  46.194  -10.191  75.949 0.2500000000
81956  45.688  -10.714  75.483 0.2500000000
151631  46.090  -11.317  75.281 0.2500000000
126681  49.922  -18.140  75.154 0.1250000000
81955  46.703  -11.130  75.522 0.2500000000
81964  46.493  -11.822  74.998 0.1250000000
81965  45.526  -11.467  75.012 0.1250000000
126074  49.991  -19.201  73.867 0.1250000000
81021  46.074  -12.326  74.503 0.1250000000
81036  46.490  -13.099  73.959 0.1250000000
73431  9.625  -21.040  83.425 0.2500000000
72573  9.846  -21.637  83.400 0.2500000000
140740  10.294  -22.060  83.423 0.2500000000
128608  47.781  -11.335  75.743 0.2500000000
74353  50.717  -19.423  74.201 0.1250000000
81009  47.422  -11.947  75.170 0.2500000000
73495  51.014  -20.304  73.143 0.1250000000
79818  20.611  -13.717  102.323 0.2500000000
74293  9.279  -20.325  83.555 0.2500000000
81007  49.242  -12.134  75.458 0.2500000000
125507  50.110  -13.248  74.856 0.2500000000
80155  49.749  -13.196  69.994 0.1250000000
77005  6.109  -16.211  94.312 0.3750000000
77972  5.615  -16.005  94.036 0.3750000000
77014  5.853  -16.332  93.784 0.3750000000
77025  5.727  -16.372  93.086 0.3750000000
77980  5.817  -16.281  92.370 0.3750000000
79108  50.897  -14.286  74.119 0.2500000000
142185  51.049  -13.867  71.900 0.1250000000
80111  50.789  -14.030  72.610 0.1250000000
129043  51.264  -13.566  71.326 0.1250000000
80144  51.041  -13.252  70.729 0.1250000000
143367  49.972  -12.446  69.632 0.1250000000
82005  50.502  -11.770  69.652 0.1250000000
78884  6.226  -15.603  94.410 0.3750000000
78893  5.882  -15.352  93.792 0.3750000000
78894  5.207  -15.700  93.373 0.3750000000
77035  5.032  -16.306  92.465 0.3750000000
77981  4.770  -15.838  92.923 0.3750000000
77026  4.585  -16.075  92.543 0.3750000000
77992  5.621  -15.994  91.592 0.3750000000
79106  52.327  -15.027  74.014 0.1250000000
79107  51.637  -14.757  74.051 0.1250000000
79121  51.950  -14.624  73.358 0.1250000000
80109  52.426  -13.925  72.310 0.1250000000
79135  51.631  -14.217  72.576 0.1250000000
79122  51.243  -14.350  73.327 0.1250000000
80131  52.583  -13.303  71.745 0.1250000000
80110  51.802  -13.748  71.786 0.1250000000
81067  52.076  -12.084  70.589 0.1250000000
81068  51.400  -12.664  70.472 0.1250000000
81997  52.306  -11.002  70.696 0.1250000000
81998  51.606  -11.157  70.266 0.1250000000
81074  51.282  -11.992  70.021 0.1250000000
82004  50.980  -11.174  69.868 0.1250000000
80757  19.829  -12.506  103.443 0.2500000000
80754  19.545  -11.975  103.837 0.2500000000
78883  7.168  -15.130  94.678 0.3750000000
78892  6.898  -14.854  94.017 0.3750000000
78891  8.022  -14.381  94.176 0.3750000000
147557  7.739  -14.171  93.516 0.3750000000
78901  6.831  -14.473  93.141 0.3750000000
78902  5.525  -14.949  93.140 0.3750000000
77982  4.238  -15.620  92.359 0.3750000000
77037  4.013  -16.120  91.967 0.3750000000
78004  4.555  -16.038  90.648 0.3750000000
77057  4.097  -16.256  90.143 0.3750000000
75242  7.081  -18.754  84.135 0.1250000000
75227  5.805  -18.353  84.989 0.1250000000
76165  6.105  -18.020  84.604 0.1250000000
136207  53.107  -13.480  72.305 0.1250000000
81052  54.187  -12.212  72.767 0.1250000000
80130  53.364  -12.790  72.065 0.1250000000
81988  52.778  -11.600  71.190 0.1250000000
82870  52.319  -10.053  71.166 0.1250000000
82878  51.671  -10.135  70.696 0.1250000000
82031  57.390  -11.157  67.034 0.1250000000
125626  56.524  -12.034  67.770 0.1250000000
79873  7.212  -13.717  92.478 0.3750000000
78903  4.798  -15.310  92.822 0.3750000000
78911  5.323  -14.630  92.312 0.3750000000
78921  3.613  -14.735  90.899 0.3750000000
77038  3.631  -16.041  91.284 0.3750000000
78005  3.282  -15.816  90.577 0.3750000000
77058  3.680  -16.029  89.410 0.3750000000
78016  3.063  -15.493  89.713 0.2500000000
78028  3.174  -15.588  88.689 0.2500000000
77074  4.057  -16.517  88.497 0.3750000000
75243  6.736  -18.301  84.279 0.1250000000
141674  53.457  -11.920  71.845 0.1250000000
150004  52.783  -10.791  71.195 0.1250000000
82864  53.708  -10.301  72.293 0.1250000000
82869  53.020  -10.082  71.617 0.1250000000
83753  53.190  -9.336  72.317 0.1250000000
83754  52.218  -8.966  71.904 0.1250000000
82897  57.513  -10.739  68.263 0.2500000000
82912  57.617  -10.507  67.378 0.1250000000
83802  57.675  -9.704  67.457 0.1250000000
79866  7.857  -13.551  92.939 0.3750000000
138357  8.285  -11.943  93.158 0.3750000000
79881  6.966  -13.405  91.898 0.3750000000
80817  8.321  -12.637  92.994 0.3750000000
79882  6.097  -13.922  91.639 0.3750000000
78912  4.408  -14.862  92.145 0.3750000000
78920  4.222  -14.462  91.257 0.3750000000
78913  3.813  -15.090  91.753 0.3750000000
128668  2.849  -14.905  88.918 0.2500000000
77075  3.635  -16.314  88.255 0.3750000000
77092  4.014  -16.953  87.658 0.2500000000
77093  3.722  -16.500  87.456 0.2500000000
77109  3.967  -16.966  86.710 0.2500000000
77127  4.259  -17.177  85.903 0.2500000000
77126  4.972  -17.215  85.361 0.2500000000
132065  5.701  -16.194  85.266 0.1250000000
81051  54.835  -12.104  73.755 0.1250000000
81980  54.734  -11.339  73.641 0.1250000000
82863  54.419  -10.411  73.194 0.1250000000
136281  53.981  -9.477  72.969 0.1250000000
143465  53.425  -8.698  72.892 0.1250000000
83747  52.614  -8.264  72.666 0.1250000000
126561  53.168  -7.857  73.160 0.1250000000
84626  52.313  -7.172  73.105 0.1250000000
83788  57.604  -9.973  68.111 0.2500000000
84659  57.535  -8.971  68.033 0.2500000000
140837  7.502  -10.409  94.930 0.3750000000
81737  8.246  -11.483  93.809 0.3750000000
80824  7.766  -12.799  92.269 0.3750000000
81744  8.123  -11.960  92.476 0.3750000000
80834  6.841  -13.097  91.132 0.3750000000
80833  7.477  -12.673  91.541 0.3750000000
128129  7.899  -11.982  91.645 0.3750000000
79889  5.864  -13.517  90.834 0.3750000000
79890  4.856  -13.774  90.599 0.3750000000
79891  4.098  -14.066  90.311 0.2500000000
79892  3.470  -14.461  89.975 0.2500000000
78941  3.437  -14.215  87.367 0.2500000000
78958  3.728  -14.447  86.738 0.2500000000
80887  4.040  -12.826  86.923 0.1250000000
79900  3.207  -14.262  89.155 0.2500000000
78934  3.305  -14.058  88.237 0.2500000000
78049  3.406  -15.101  87.105 0.2500000000
140090  3.780  -15.312  86.391 0.2500000000
79926  4.090  -13.833  86.670 0.1250000000
77110  3.700  -15.996  86.882 0.2500000000
78048  3.881  -16.237  86.075 0.2500000000
126412  4.268  -15.459  85.911 0.1250000000
78047  5.259  -15.397  85.740 0.1250000000
79925  4.920  -14.157  86.523 0.1250000000
140894  5.825  -14.493  86.195 0.1250000000
81974  55.397  -11.725  74.295 0.1250000000
139922  55.346  -11.065  74.317 0.1250000000
82858  54.929  -10.467  74.175 0.1250000000
83746  54.635  -9.561  73.907 0.1250000000
84615  54.485  -7.494  74.297 0.1250000000
87358  54.861  -4.995  72.504 0.1250000000
87349  55.567  -4.490  72.739 0.1250000000
84648  57.308  -9.193  68.801 0.2500000000
88257  56.166  -4.006  71.566 0.1250000000
82646  7.483  -10.609  94.104 0.3750000000
82652  6.876  -9.911  94.184 0.2500000000
83543  5.992  -9.836  95.303 0.3750000000
83544  5.091  -9.469  95.713 0.2500000000
127118  7.770  -11.182  93.043 0.3750000000
80842  7.511  -12.201  90.748 0.3750000000
80843  6.543  -12.683  90.374 0.3750000000
80844  5.544  -13.047  90.010 0.3750000000
79898  4.624  -13.299  89.723 0.2500000000
79899  3.848  -13.555  89.398 0.2500000000
79927  3.772  -13.485  86.996 0.1250000000
81808  3.957  -11.673  87.094 0.1250000000
80853  4.233  -12.568  89.086 0.2500000000
151726  3.582  -13.531  88.742 0.2500000000
79911  3.603  -13.215  87.501 0.1250000000
80888  3.810  -12.413  87.170 0.1250000000
80863  3.645  -11.861  88.116 0.1250000000
82699  3.668  -10.249  87.933 0.1250000000
143285  4.834  -13.286  86.871 0.1250000000
80886  4.552  -12.408  86.984 0.1250000000
82851  55.809  -10.678  74.293 0.1250000000
82852  55.502  -10.584  74.331 0.1250000000
83740  55.632  -9.929  74.142 0.1250000000
83732  55.300  -9.315  74.299 0.1250000000
132669  54.961  -9.906  74.295 0.1250000000
84614  55.409  -8.921  74.126 0.2500000000
84602  55.078  -8.209  74.487 0.1250000000
83741  54.851  -8.791  74.340 0.1250000000
85525  55.245  -7.606  74.343 0.1250000000
85516  54.939  -7.207  74.538 0.1250000000
86434  55.089  -6.448  74.475 0.1250000000
86443  55.280  -5.547  74.162 0.2500000000
86442  55.557  -4.985  73.553 0.2500000000
86450  55.724  -5.673  73.597 0.2500000000
87342  55.909  -4.587  72.940 0.2500000000
146523  6.297  -9.691  94.745 0.3750000000
82651  7.406  -10.210  93.392 0.2500000000
83545  4.480  -9.003  95.391 0.2500000000
84422  3.506  -7.775  95.890 0.2500000000
132007  8.029  -11.185  91.972 0.3750000000
81760  6.997  -12.024  90.012 0.2500000000
80851  6.133  -12.200  89.647 0.2500000000
80852  5.028  -12.394  89.378 0.2500000000
81771  4.356  -11.635  88.842 0.1250000000
80862  3.869  -11.712  88.559 0.1250000000
81809  3.760  -11.355  87.418 0.1250000000
82730  3.854  -10.671  87.459 0.1250000000
136732  4.130  -9.900  87.411 0.1250000000
81782  3.844  -10.861  88.388 0.1250000000
83607  3.767  -9.948  87.760 0.1250000000
81807  4.937  -11.582  87.152 0.1250000000
136045  55.839  -9.269  73.608 0.2500000000
84624  55.666  -8.166  73.655 0.2500000000
85535  55.549  -6.706  73.880 0.2500000000
142097  3.205  -8.474  98.411 0.2500000000
84407  2.887  -8.033  97.848 0.1250000000
83550  6.407  -9.324  94.313 0.2500000000
83551  5.513  -9.289  94.922 0.2500000000
82659  7.741  -10.362  92.440 0.3750000000
84429  4.128  -8.221  95.303 0.2500000000
139412  7.647  -10.666  90.258 0.1250000000
81759  7.433  -11.382  90.148 0.2500000000
133051  7.901  -11.149  90.957 0.2500000000
82665  7.887  -10.330  91.509 0.2500000000
83557  7.489  -9.547  92.807 0.2500000000
81769  6.667  -11.422  89.513 0.2500000000
81770  5.416  -11.373  89.040 0.2500000000
81781  4.447  -10.846  88.613 0.1250000000
84484  3.978  -8.451  88.016 0.1250000000
83621  3.990  -9.302  87.690 0.1250000000
83632  4.425  -8.990  87.133 0.1250000000
82698  4.160  -9.978  88.261 0.1250000000
83605  4.359  -8.774  88.311 0.1250000000
144152  2.918  -7.470  97.325 0.1250000000
84414  3.110  -8.181  96.761 0.1250000000
83564  7.747  -9.525  91.942 0.1250000000
141044  7.286  -8.951  93.145 0.1250000000
85336  6.766  -7.821  94.130 0.2500000000
84427  5.968  -8.606  94.371 0.2500000000
83573  7.810  -9.559  91.158 0.1250000000
84435  6.835  -8.757  93.816 0.1250000000
84428  4.998  -8.447  94.879 0.2500000000
82675  7.800  -10.142  90.684 0.1250000000
81768  7.157  -10.653  89.617 0.1250000000
82684  7.535  -9.905  89.892 0.1250000000
82685  6.618  -9.667  89.223 0.1250000000
82686  6.193  -10.590  89.025 0.2500000000
83591  6.411  -8.663  89.125 0.1250000000
150295  5.716  -9.833  88.701 0.1250000000
83604  5.388  -8.819  88.816 0.1250000000
85395  4.197  -7.881  88.034 0.1250000000
84482  4.802  -8.087  88.695 0.1250000000
84483  4.376  -7.954  88.299 0.1250000000
86236  3.323  -6.854  97.617 0.1250000000
85319  3.115  -7.099  96.546 0.1250000000
84438  7.616  -8.762  92.417 0.1250000000
84434  7.522  -8.166  93.227 0.1250000000
86257  6.302  -6.964  94.487 0.2500000000
144475  5.243  -6.910  94.751 0.2500000000
86259  4.205  -6.728  94.997 0.2500000000
85329  3.307  -6.963  95.828 0.1250000000
85353  7.954  -7.800  92.190 0.1250000000
85335  7.450  -7.424  93.606 0.2500000000
85326  5.627  -7.746  94.531 0.2500000000
85327  4.615  -7.599  94.915 0.2500000000
85328  3.809  -7.307  95.306 0.2500000000
84445  7.771  -8.623  91.403 0.1250000000
134477  7.562  -7.975  90.536 0.1250000000
83590  7.237  -8.954  89.516 0.1250000000
85364  7.525  -7.154  90.342 0.1250000000
84469  5.651  -8.013  88.982 0.1250000000
85378  6.944  -7.361  89.775 0.1250000000
85379  5.971  -7.274  89.093 0.1250000000
84470  5.063  -7.631  88.628 0.1250000000
86323  6.155  -6.860  88.970 0.1250000000
85394  4.729  -7.584  88.207 0.1250000000
85411  5.335  -7.270  87.966 0.1250000000
84499  4.634  -7.689  87.776 0.1250000000
85393  5.523  -7.293  88.537 0.1250000000
86339  6.201  -6.841  88.395 0.1250000000
86352  6.233  -7.115  87.716 0.1250000000
84512  4.889  -8.167  87.196 0.1250000000
84511  6.052  -8.238  86.984 0.1250000000
85313  3.127  -6.711  97.099 0.1250000000
86250  2.989  -6.358  96.088 0.1250000000
86268  7.137  -6.912  94.000 0.2500000000
135430  5.766  -6.167  94.688 0.2500000000
86258  4.803  -6.211  94.878 0.2500000000
133804  3.908  -5.914  94.848 0.1250000000
86260  3.355  -6.304  95.387 0.1250000000
85342  8.240  -6.871  92.401 0.1250000000
130357  7.677  -6.891  93.486 0.2500000000
87125  3.159  -5.363  94.961 0.1250000000
128491  7.868  -7.600  91.199 0.1250000000
85352  8.030  -6.993  90.871 0.1250000000
85363  7.817  -6.607  90.228 0.1250000000
87177  8.586  -6.029  90.231 0.1250000000
86306  6.853  -6.777  89.562 0.1250000000
87188  8.485  -5.910  89.295 0.1250000000
86305  7.632  -6.356  89.506 0.1250000000
86322  6.811  -6.507  88.997 0.1250000000
86321  7.753  -6.169  88.695 0.1250000000
148114  7.046  -6.477  88.399 0.1250000000
136992  9.309  -5.615  88.874 0.1250000000
143002  8.593  -5.850  88.574 0.1250000000
87105  3.472  -5.343  96.661 0.1250000000
87097  3.169  -6.031  96.858 0.1250000000
88001  3.161  -4.494  96.439 0.1250000000
86242  2.950  -5.876  96.425 0.1250000000
87107  2.689  -5.099  96.094 0.1250000000
87113  2.802  -5.657  95.722 0.1250000000
86275  8.136  -6.584  93.116 0.1250000000
86267  7.660  -6.210  93.739 0.2500000000
86256  6.815  -6.196  94.367 0.2500000000
86286  8.587  -6.344  91.805 0.1250000000
138456  8.441  -6.508  90.983 0.1250000000
87176  9.411  -5.380  90.625 0.1250000000
87163  9.020  -5.904  91.218 0.1250000000
88083  9.795  -4.995  90.097 0.1250000000
87187  9.298  -5.522  89.753 0.1250000000
130215  10.640  -4.466  89.346 0.1250000000
87186  10.038  -5.071  89.298 0.1250000000
90842  3.002  -2.114  96.037 0.1250000000
90852  2.710  -1.928  95.449 0.1250000000
89848  3.420  -2.552  96.285 0.1250000000
90866  2.660  -2.059  94.587 0.1250000000
90853  2.503  -2.552  95.348 0.1250000000
89850  2.531  -3.084  95.929 0.1250000000
88943  2.955  -3.486  96.320 0.1250000000
136865  3.709  -3.826  96.376 0.1250000000
88002  2.798  -4.465  96.226 0.1250000000
88966  2.554  -3.530  94.757 0.1250000000
88950  2.519  -3.703  95.518 0.1250000000
88008  2.610  -4.397  95.801 0.1250000000
88965  2.951  -3.942  94.410 0.1250000000
88019  2.602  -4.253  95.035 0.1250000000
88018  3.339  -4.663  94.549 0.1250000000
87126  2.940  -4.677  94.781 0.1250000000
88016  5.370  -4.540  94.523 0.2500000000
88017  4.187  -4.616  94.483 0.1250000000
150140  3.786  -5.220  94.656 0.1250000000
86266  8.527  -6.121  92.603 0.1250000000
87138  7.954  -5.356  93.630 0.1250000000
87122  7.235  -5.472  94.200 0.2500000000
87124  4.873  -5.428  94.696 0.2500000000
87151  8.966  -5.625  92.064 0.1250000000
88067  9.921  -4.582  90.834 0.1250000000
88082  10.293  -4.493  89.998 0.1250000000
136740  10.764  -3.877  89.775 0.1250000000
140755  2.953  -1.256  94.767 0.1250000000
139449  2.832  -3.195  94.170 0.1250000000
89869  2.932  -2.423  93.778 0.1250000000
88981  3.149  -3.119  93.889 0.1250000000
88980  3.875  -3.020  93.878 0.1250000000
88963  4.613  -3.762  94.298 0.1250000000
87137  8.613  -5.257  92.905 0.1250000000
88028  8.191  -4.534  93.503 0.1250000000
88961  6.844  -3.714  94.219 0.2500000000
88962  5.796  -3.672  94.421 0.1250000000
87150  9.176  -4.797  92.235 0.1250000000
88041  8.807  -4.295  92.898 0.1250000000
88991  8.924  -3.435  92.843 0.1250000000
88976  8.287  -3.662  93.405 0.1250000000
88977  7.394  -3.007  93.772 0.1250000000
88052  9.639  -4.346  91.673 0.1250000000
128731  2.995  -1.590  93.760 0.1250000000
89888  3.402  -2.268  93.493 0.1250000000
89887  4.234  -2.253  93.471 0.1250000000
88979  5.015  -2.937  94.056 0.1250000000
89884  7.517  -2.206  93.346 0.1250000000
88978  6.231  -2.889  94.130 0.1250000000
88990  9.474  -3.224  92.257 0.1250000000
89900  8.155  -1.815  92.783 0.1250000000
89883  8.300  -2.768  93.225 0.1250000000
89898  9.505  -2.513  91.998 0.1250000000
92700  5.090  0.316  94.970 0.1250000000
92710  4.157  -0.126  94.205 0.1250000000
91835  3.411  -0.611  93.469 0.1250000000
91836  3.186  -1.122  93.058 0.1250000000
90884  3.267  -1.662  93.119 0.1250000000
89886  5.416  -2.198  93.633 0.1250000000
91852  7.912  -0.544  91.502 0.1250000000
91841  7.406  -0.892  92.276 0.1250000000
90880  6.779  -1.436  92.898 0.1250000000
90897  8.516  -1.309  91.968 0.1250000000
89885  6.561  -2.191  93.545 0.1250000000
140325  4.346  0.807  104.295 0.1250000000
91750  5.029  -0.310  103.255 0.1250000000
91758  4.449  -0.386  102.358 0.1250000000
93560  4.573  1.206  104.079 0.1250000000
92655  3.798  0.025  102.943 0.1250000000
93645  5.695  1.046  94.664 0.1250000000
92718  4.009  -0.082  93.113 0.1250000000
91856  3.808  0.121  91.102 0.1250000000
90900  3.521  -1.044  92.469 0.1250000000
128944  3.589  -0.625  92.567 0.1250000000
91854  5.137  -0.223  91.324 0.1250000000
131151  4.786  -0.657  91.868 0.1250000000
91843  3.994  -0.700  92.001 0.1250000000
90883  3.625  -1.630  92.878 0.1250000000
91853  6.647  -0.235  91.607 0.1250000000
90899  4.650  -1.176  92.370 0.1250000000
90882  4.497  -1.664  92.918 0.1250000000
91842  6.093  -0.682  92.150 0.1250000000
90898  5.618  -1.102  92.475 0.1250000000
90881  5.635  -1.580  93.044 0.1250000000
94500  2.784  1.759  103.507 0.1250000000
93577  3.344  1.421  101.838 0.1250000000
94511  3.297  2.464  101.418 0.1250000000
93570  3.036  1.079  102.907 0.1250000000
94517  4.334  2.257  100.092 0.1250000000
94547  6.244  2.372  96.631 0.1250000000
93644  6.228  1.663  95.296 0.1250000000
94585  6.430  2.469  94.851 0.1250000000
93650  6.243  1.722  94.284 0.1250000000
93657  6.100  1.819  93.411 0.1250000000
93651  5.609  1.163  93.666 0.1250000000
93658  5.362  1.386  92.778 0.1250000000
92731  4.571  0.202  90.790 0.1250000000
91855  3.958  -0.219  91.158 0.1250000000
94525  4.825  2.795  99.370 0.1250000000
137490  4.120  3.095  99.914 0.1250000000
95491  4.702  3.538  98.845 0.1250000000
95499  4.954  3.820  98.235 0.1250000000
95505  6.113  3.211  96.362 0.1250000000
94566  6.333  2.419  95.832 0.1250000000
94599  6.400  2.473  93.935 0.1250000000
94612  6.157  2.474  93.140 0.1250000000
94622  4.527  2.152  90.166 0.1250000000
150666  4.628  2.431  90.663 0.1250000000
93671  4.539  1.627  90.820 0.1250000000
93665  5.059  1.684  91.885 0.1250000000
93664  5.855  1.946  92.712 0.1250000000
94631  4.697  2.047  89.886 0.1250000000
93679  4.570  1.408  90.382 0.1250000000
92743  4.214  0.688  90.774 0.1250000000
92723  4.596  0.897  92.087 0.1250000000
92742  4.525  0.737  90.629 0.1250000000
93666  4.232  0.751  91.272 0.1250000000
95486  4.167  3.638  99.381 0.1250000000
96361  5.289  4.060  97.469 0.1250000000
133338  5.742  3.479  97.063 0.1250000000
96368  5.599  4.065  96.615 0.1250000000
135077  5.896  3.995  95.784 0.1250000000
95512  6.018  4.018  94.875 0.1250000000
95520  6.372  3.267  94.421 0.1250000000
95545  4.837  3.119  91.087 0.1250000000
96406  4.905  3.903  91.480 0.1250000000
95539  5.444  3.282  92.078 0.1250000000
95529  6.244  3.173  93.552 0.1250000000
95546  4.617  2.863  90.354 0.1250000000
94621  5.068  2.453  91.458 0.1250000000
95538  6.017  3.026  92.834 0.1250000000
94642  4.628  2.689  89.975 0.1250000000
94613  5.720  2.493  92.374 0.1250000000
94641  5.141  2.727  89.727 0.1250000000
96351  3.286  4.622  99.915 0.1250000000
96355  4.154  4.241  98.721 0.1250000000
96362  4.484  4.510  97.863 0.1250000000
96369  4.829  4.715  96.893 0.1250000000
96375  5.369  4.623  95.315 0.1250000000
96384  4.602  5.302  94.836 0.1250000000
96397  5.097  4.292  92.307 0.1250000000
95521  5.972  3.964  93.934 0.1250000000
97213  4.081  5.837  94.026 0.1250000000
145878  4.681  3.795  90.817 0.1250000000
134394  4.210  4.834  91.500 0.1250000000
96398  4.365  5.115  92.590 0.1250000000
97218  3.854  5.802  92.974 0.1250000000
97214  3.575  6.248  93.397 0.1250000000
96413  4.787  3.487  90.327 0.1250000000
126367  4.409  4.688  90.854 0.1250000000
97230  3.423  5.701  91.222 0.1250000000
97224  3.375  5.659  91.978 0.1250000000
97219  2.973  6.071  92.405 0.1250000000
95559  4.929  3.434  89.905 0.1250000000
97185  3.216  5.321  99.726 0.1250000000
97191  3.375  5.561  98.891 0.1250000000
97195  3.976  5.114  97.404 0.1250000000
96363  3.781  4.982  98.316 0.1250000000
97200  4.066  5.308  96.497 0.1250000000
97206  4.030  5.562  95.616 0.1250000000
146406  3.942  5.778  94.860 0.1250000000
97225  2.774  5.976  91.670 0.1250000000
98023  2.862  6.173  91.241 0.1250000000
97236  4.165  5.386  90.712 0.1250000000
98030  3.417  5.998  90.823 0.1250000000
98017  2.802  6.424  91.929 0.1250000000
150779  3.945  6.332  90.759 0.1250000000
98022  3.312  6.493  91.038 0.1250000000
98805  3.051  6.774  91.551 0.1250000000
98803  4.669  7.851  91.340 0.1250000000
98804  3.742  7.329  91.449 0.1250000000
98802  5.730  8.253  91.242 0.1250000000
97972  3.184  6.246  100.995 0.1250000000
127423  3.316  6.467  100.186 0.1250000000
97183  2.870  5.016  101.088 0.1250000000
130515  3.113  5.649  100.452 0.1250000000
97974  3.187  5.953  99.517 0.1250000000
97981  3.386  6.295  98.597 0.1250000000
97196  3.583  5.697  97.968 0.1250000000
140076  3.639  5.748  97.033 0.1250000000
97987  3.528  6.359  97.512 0.1250000000
142014  3.562  6.302  96.702 0.1250000000
97201  3.639  5.872  96.180 0.1250000000
137917  3.640  6.071  95.323 0.1250000000
98000  3.539  6.786  94.869 0.1250000000
97207  3.711  6.237  94.408 0.1250000000
98005  3.484  7.155  93.864 0.1250000000
144271  3.535  6.600  93.878 0.1250000000
98011  3.173  6.647  92.884 0.1250000000
136487  2.976  6.898  92.377 0.1250000000
99645  4.038  8.337  91.729 0.1250000000
99644  4.956  8.746  91.607 0.1250000000
134585  3.338  7.007  101.078 0.1250000000
98733  3.494  7.264  100.412 0.1250000000
98736  3.559  7.091  99.672 0.1250000000
142267  3.379  6.501  99.360 0.1250000000
98743  3.781  7.718  98.343 0.1250000000
98744  3.552  7.038  98.847 0.1250000000
98754  3.537  7.033  97.918 0.1250000000
98753  4.000  7.713  97.449 0.1250000000
98763  3.681  7.009  96.823 0.1250000000
98772  3.745  7.295  95.734 0.1250000000
97992  3.548  6.556  95.950 0.1250000000
98788  3.308  7.532  92.891 0.1250000000
99635  3.474  8.202  92.388 0.1250000000
100406  3.614  8.793  92.010 0.1250000000
100403  6.837  9.618  91.462 0.1250000000
99551  3.455  8.059  101.091 0.1250000000
100341  3.678  8.993  100.551 0.1250000000
99561  3.696  7.937  100.069 0.1250000000
99573  3.774  7.762  99.190 0.1250000000
99560  3.922  8.608  99.481 0.1250000000
144209  4.013  8.330  98.746 0.1250000000
98762  4.252  7.808  96.455 0.1250000000
99595  4.517  8.462  97.086 0.1250000000
99605  4.625  8.619  96.112 0.1250000000
99615  3.714  8.885  94.081 0.1250000000
143820  4.055  8.257  94.671 0.1250000000
98771  4.296  8.033  95.452 0.1250000000
100377  3.537  9.557  93.468 0.1250000000
98780  3.661  7.995  93.861 0.1250000000
132602  3.515  10.075  93.067 0.1250000000
99625  3.330  8.731  93.038 0.1250000000
126547  3.734  10.196  92.618 0.1250000000
100385  3.443  9.525  92.721 0.1250000000
100396  3.682  9.471  92.269 0.1250000000
100404  5.200  9.476  91.833 0.1250000000
125324  5.949  9.145  91.487 0.1250000000
127401  5.976  9.950  91.807 0.1250000000
101166  6.833  10.460  91.661 0.1250000000
101165  7.663  10.129  91.239 0.1250000000
134995  3.411  9.036  101.539 0.1250000000
100340  3.803  9.572  99.639 0.1250000000
101089  3.590  10.420  99.876 0.1250000000
100344  4.193  9.173  98.678 0.1250000000
101099  4.027  10.282  98.986 0.1250000000
129180  4.691  10.124  97.383 0.1250000000
131276  4.395  9.870  98.163 0.1250000000
100352  4.467  9.227  97.666 0.1250000000
101850  4.744  11.890  96.419 0.1250000000
101118  4.845  11.023  96.977 0.1250000000
100361  4.746  9.309  96.741 0.1250000000
101877  4.315  11.514  94.736 0.1250000000
101124  4.765  11.014  95.671 0.1250000000
100370  4.682  9.953  95.287 0.1250000000
99614  4.483  8.941  95.098 0.1250000000
101131  4.230  10.606  94.582 0.1250000000
100376  4.088  9.706  94.361 0.1250000000
142612  3.804  11.121  93.864 0.1250000000
101132  3.729  10.308  93.711 0.1250000000
101140  3.588  10.743  93.123 0.1250000000
101902  3.922  11.943  92.806 0.1250000000
101152  3.814  11.114  92.766 0.1250000000
101151  4.165  10.726  92.449 0.1250000000
100405  4.176  9.342  91.921 0.1250000000
101900  4.964  11.214  92.338 0.1250000000
100395  4.901  10.204  92.235 0.1250000000
101167  5.904  10.836  92.082 0.1250000000
101915  6.786  11.446  91.704 0.1250000000
102648  8.053  11.524  91.154 0.1250000000
101914  7.522  10.950  91.405 0.1250000000
134169  8.707  11.096  90.752 0.1250000000
101164  8.125  10.772  91.109 0.1250000000
102564  4.087  12.000  98.356 0.1250000000
101822  4.079  11.244  98.770 0.1250000000
101835  4.517  11.256  97.910 0.1250000000
140384  4.451  10.588  98.162 0.1250000000
144163  4.539  11.915  97.413 0.1250000000
101863  4.619  11.919  95.512 0.1250000000
102637  4.891  12.102  92.235 0.1250000000
102650  6.391  12.465  91.676 0.1250000000
102664  7.876  12.989  91.021 0.1250000000
102649  7.430  12.190  91.393 0.1250000000
103371  7.013  13.146  91.359 0.1250000000
132268  8.164  12.283  90.999 0.1250000000
103372  5.969  13.522  91.536 0.1250000000
103385  8.397  13.681  90.632 0.1250000000
88245  56.296  -4.079  71.754 0.2500000000
133250  3.657  12.825  98.794 0.1250000000
101823  3.532  12.143  99.439 0.1250000000
43305  26.970  -48.674  91.331 0.2500000000
43306  26.266  -48.803  91.124 0.2500000000
76194  47.470  -17.949  81.796 0.2500000000
75187  4.717  -17.932  85.664 0.2500000000
88242  55.920  -4.295  72.558 0.1250000000
83488  16.778  -9.112  103.588 0.2500000000
79865  8.504  -13.372  93.665 0.3750000000
80816  8.688  -12.305  93.682 0.3750000000
92701  4.354  -0.285  95.246 0.1250000000
91751  4.403  -0.026  103.566 0.1250000000
92659  3.499  0.533  102.353 0.1250000000
94510  3.858  1.828  100.902 0.1250000000
94518  3.737  2.847  100.577 0.1250000000
44336  27.746  -48.311  91.199 0.2500000000
44335  28.393  -48.292  91.304 0.2500000000
150326  55.743  -9.507  73.856 0.1250000000
57028  34.441  -38.151  88.751 0.1250000000
57044  34.328  -38.396  87.687 0.1250000000
64692  7.700  -29.423  81.432 0.3750000000
65656  5.824  -28.640  81.924 0.3750000000
148594  47.856  -17.402  75.622 0.1250000000
76290  48.350  -17.584  75.315 0.1250000000
44334  29.254  -48.394  91.205 0.2500000000
45403  29.358  -47.592  90.467 0.2500000000
44348  28.862  -48.052  90.959 0.2500000000
45401  30.756  -47.580  90.506 0.1250000000
48638  32.462  -44.780  89.064 0.1250000000
49607  33.517  -43.844  87.802 0.1250000000
55998  35.310  -39.125  88.731 0.1250000000
77159  46.743  -16.211  82.348 0.2500000000
78102  45.945  -14.962  82.075 0.1250000000
79021  45.017  -14.647  80.725 0.1250000000
42404  24.571  -48.754  90.640 0.2500000000
43326  24.780  -48.545  90.201 0.2500000000
43323  27.299  -48.425  91.082 0.2500000000
46493  29.414  -46.553  89.579 0.1250000000
45416  28.130  -47.268  90.017 0.1250000000
44364  26.459  -47.710  89.840 0.1250000000
46509  29.709  -45.843  89.158 0.1250000000
46511  27.246  -46.280  88.688 0.1250000000
47644  28.611  -45.202  88.112 0.1250000000
46524  26.809  -45.829  88.030 0.1250000000
47623  30.913  -44.990  88.818 0.1250000000
138748  30.401  -44.951  88.589 0.1250000000
47643  29.440  -44.842  88.109 0.1250000000
139432  26.856  -45.253  87.569 0.1250000000
47641  30.761  -44.418  88.212 0.1250000000
48666  29.701  -44.122  87.507 0.1250000000
48679  30.861  -43.620  86.738 0.1250000000
45404  27.775  -47.743  90.501 0.1250000000
132022  28.512  -47.668  90.541 0.1250000000
45417  27.304  -47.368  89.792 0.1250000000
44377  25.851  -47.255  89.019 0.1250000000
45428  26.621  -46.798  89.003 0.1250000000
45430  25.321  -46.889  88.160 0.1250000000
45429  26.552  -47.348  89.463 0.1250000000
45440  23.997  -46.792  86.712 0.1250000000
45453  23.537  -47.085  85.966 0.1250000000
48662  32.777  -43.853  87.762 0.1250000000
50628  33.546  -43.501  86.149 0.1250000000
49614  32.310  -43.582  86.891 0.1250000000
50635  33.935  -43.222  85.515 0.1250000000
52891  35.173  -40.868  86.252 0.1250000000
55001  35.526  -39.710  86.554 0.1250000000
53974  35.492  -40.321  85.557 0.1250000000
151041  35.165  -38.975  85.683 0.1250000000
57061  34.213  -38.486  86.658 0.1250000000
75260  47.845  -18.812  81.454 0.2500000000
77169  46.078  -16.757  81.724 0.1250000000
82845  43.848  -10.504  75.141 0.2500000000
81075  50.638  -12.718  70.096 0.1250000000
80084  50.493  -13.945  73.401 0.1250000000
125497  50.252  -13.845  71.914 0.1250000000
81058  51.897  -13.110  71.047 0.1250000000
79134  52.350  -14.376  72.867 0.1250000000
81057  52.700  -12.502  71.373 0.1250000000
79874  6.345  -14.254  92.392 0.3750000000
81987  53.348  -11.025  71.669 0.1250000000
81981  54.031  -11.238  72.481 0.1250000000
78063  4.622  -16.305  85.632 0.1250000000
83742  54.063  -8.410  73.621 0.1250000000
82647  6.813  -10.051  94.801 0.3750000000
78957  4.161  -14.689  86.317 0.1250000000
87357  55.532  -4.539  71.767 0.1250000000
125933  5.847  -12.631  87.016 0.1250000000
146398  55.521  -10.104  74.238 0.1250000000
86444  54.796  -5.625  74.291 0.1250000000
86451  54.558  -5.343  73.907 0.1250000000
83558  7.021  -9.479  93.603 0.2500000000
83579  7.689  -9.093  90.373 0.1250000000
84468  6.571  -7.977  89.377 0.1250000000
85343  7.908  -7.313  93.023 0.2500000000
87106  2.921  -5.225  96.458 0.1250000000
87123  6.250  -5.334  94.535 0.2500000000
144654  8.260  -5.931  93.230 0.1250000000
146525  8.172  -7.013  91.592 0.1250000000
88944  2.650  -3.831  96.046 0.1250000000
87162  9.402  -5.119  91.459 0.1250000000
89849  2.789  -2.723  96.153 0.1250000000
88964  3.630  -3.840  94.311 0.1250000000
88029  7.360  -4.621  94.073 0.2500000000
88015  6.453  -4.457  94.433 0.2500000000
91824  3.490  -0.642  94.494 0.1250000000
135649  7.636  -3.907  93.815 0.2500000000
88040  9.322  -3.979  92.325 0.1250000000
137826  3.118  -1.026  93.853 0.1250000000
89899  8.964  -2.612  92.616 0.1250000000
145103  3.381  0.500  103.332 0.1250000000
92709  4.852  0.528  93.937 0.1250000000
92717  4.683  0.650  92.906 0.1250000000
91844  3.911  -0.378  91.863 0.1250000000
144387  3.871  -1.223  92.407 0.1250000000
92724  3.860  0.137  91.985 0.1250000000
94505  2.915  2.038  102.373 0.1250000000
95511  6.332  3.256  95.355 0.1250000000
92732  3.953  0.214  90.827 0.1250000000
95530  5.742  3.718  93.038 0.1250000000
96356  3.527  4.848  99.144 0.1250000000
147978  5.340  4.529  96.113 0.1250000000
96383  5.390  4.671  94.335 0.1250000000
97182  3.095  5.023  100.385 0.1250000000
96376  4.704  5.031  95.897 0.1250000000
96389  5.311  4.570  93.320 0.1250000000
96390  4.627  5.271  93.682 0.1250000000
137941  3.795  7.564  94.749 0.1250000000
132527  3.420  9.026  92.369 0.1250000000
99584  4.169  8.430  98.013 0.1250000000
147249  4.819  9.375  95.885 0.1250000000
128101  4.908  10.129  96.311 0.1250000000
102574  4.151  12.673  97.882 0.1250000000
40384  7.547  -51.955  100.250 0.1250000000
148245  6.989  -51.825  100.018 0.1250000000
41367  6.567  -51.375  99.421 0.1250000000
42307  6.461  -51.038  99.014 0.1250000000
42312  6.103  -50.242  98.821 0.1250000000
40376  7.919  -51.601  100.576 0.1250000000
40377  7.337  -51.380  100.489 0.1250000000
135186  5.698  -49.338  97.336 0.1250000000
45331  6.573  -48.791  95.413 0.1250000000
45332  6.001  -48.388  95.121 0.1250000000
149694  7.713  -51.206  100.687 0.1250000000
45347  4.772  -47.691  95.173 0.1250000000
44296  5.380  -48.059  95.191 0.1250000000
45346  5.734  -47.810  94.451 0.1250000000
141713  5.835  -47.426  93.753 0.1250000000
46428  5.990  -46.758  92.562 0.1250000000
45369  6.274  -47.184  93.295 0.1250000000
46441  6.327  -46.713  91.814 0.1250000000
46427  6.745  -46.954  92.661 0.1250000000
129233  6.001  -46.119  87.358 0.1250000000
45348  4.268  -47.244  95.190 0.1250000000
45361  4.583  -46.696  93.657 0.1250000000
45360  4.885  -47.157  93.919 0.1250000000
137940  5.686  -46.932  93.244 0.1250000000
45359  5.338  -47.302  93.833 0.1250000000
45383  5.064  -46.538  92.144 0.1250000000
45370  5.515  -46.664  92.587 0.1250000000
125848  5.956  -46.594  90.989 0.1250000000
46442  5.540  -46.583  91.730 0.1250000000
126240  5.347  -46.468  90.908 0.1250000000
46503  5.532  -46.160  88.842 0.1250000000
46481  5.695  -46.349  89.391 0.1250000000
47612  5.336  -45.984  88.174 0.1250000000
47611  5.756  -46.208  88.127 0.1250000000
47586  6.003  -46.361  88.836 0.1250000000
47613  4.826  -45.640  88.111 0.1250000000
47634  5.571  -45.959  87.470 0.1250000000
48686  4.661  -45.143  85.479 0.1250000000
48694  5.065  -45.514  84.235 0.1250000000
48695  4.539  -45.124  84.761 0.1250000000
129852  4.556  -47.249  94.465 0.1250000000
45372  4.698  -46.413  92.618 0.1250000000
45371  5.154  -46.752  93.179 0.1250000000
46443  4.965  -46.406  91.253 0.1250000000
150498  4.508  -45.912  90.267 0.1250000000
46463  4.997  -46.354  90.439 0.1250000000
47587  5.052  -45.847  89.030 0.1250000000
46482  5.266  -46.236  89.614 0.1250000000
128252  4.287  -45.136  87.973 0.1250000000
128366  4.522  -45.377  88.881 0.1250000000
47636  4.765  -45.499  87.276 0.1250000000
47635  5.379  -45.737  86.781 0.1250000000
47655  5.800  -45.778  86.048 0.1250000000
49608  4.201  -44.648  87.609 0.1250000000
48655  4.277  -45.142  87.003 0.1250000000
48670  4.895  -45.470  86.495 0.1250000000
47675  5.677  -45.636  85.525 0.1250000000
48671  4.525  -45.106  86.203 0.1250000000
49616  4.283  -44.637  86.648 0.1250000000
49631  4.388  -44.589  85.871 0.1250000000
49647  4.303  -44.670  85.229 0.1250000000
50660  4.304  -44.180  84.477 0.1250000000
142082  4.481  -43.516  83.850 0.1250000000
147234  4.382  -46.109  92.169 0.1250000000
46465  4.236  -45.789  91.467 0.1250000000
47588  4.567  -45.696  89.733 0.1250000000
132125  4.003  -45.388  91.096 0.1250000000
47589  4.255  -45.202  89.704 0.1250000000
48640  4.126  -44.911  88.920 0.1250000000
149317  4.162  -44.684  88.385 0.1250000000
50622  4.364  -44.221  87.029 0.1250000000
50621  4.570  -43.884  87.450 0.1250000000
50630  4.444  -44.158  86.166 0.1250000000
50639  4.612  -43.797  85.553 0.1250000000
50640  4.397  -44.120  85.368 0.1250000000
50638  4.852  -43.521  85.614 0.1250000000
50659  4.556  -43.671  84.775 0.1250000000
50658  4.982  -43.026  84.955 0.1250000000
128019  4.674  -43.357  84.434 0.1250000000
50679  4.614  -43.107  83.826 0.1250000000
131787  4.150  -43.345  82.951 0.1250000000
49587  3.801  -44.597  90.441 0.1250000000
50606  3.916  -43.781  89.994 0.1250000000
50605  4.253  -43.628  89.584 0.1250000000
141838  4.196  -44.345  88.508 0.1250000000
50613  4.364  -44.181  87.937 0.1250000000
50612  4.544  -43.777  88.323 0.1250000000
149724  4.800  -43.587  87.917 0.1250000000
51768  5.161  -43.371  86.327 0.1250000000
51759  5.623  -43.102  87.139 0.1250000000
51776  5.186  -43.231  85.670 0.1250000000
50657  5.442  -42.799  84.220 0.1250000000
132229  4.266  -43.926  88.808 0.1250000000
50604  4.597  -43.506  89.156 0.1250000000
150929  4.945  -43.500  87.198 0.1250000000
51748  4.933  -43.367  88.647 0.1250000000
125226  5.127  -43.046  89.447 0.1250000000
130589  5.260  -43.222  87.986 0.1250000000
51747  5.508  -42.890  88.829 0.1250000000
51746  5.939  -42.727  88.109 0.1250000000
52875  6.118  -42.394  88.961 0.1250000000
71728  45.714  -22.694  79.990 0.1250000000
71739  45.587  -22.699  79.375 0.1250000000
71727  47.533  -21.759  81.210 0.1250000000
72592  46.832  -22.121  80.484 0.1250000000
73450  47.640  -20.597  80.612 0.1250000000
72598  46.629  -21.763  79.833 0.1250000000
71738  46.172  -22.402  79.883 0.1250000000
126574  46.296  -21.345  79.399 0.1250000000
72599  45.962  -22.100  79.177 0.1250000000
70807  45.085  -23.153  78.913 0.1250000000
73461  45.662  -21.265  78.801 0.1250000000
73441  48.332  -20.319  81.226 0.1250000000
74308  47.840  -19.871  80.854 0.1250000000
74309  47.190  -20.029  80.381 0.1250000000
73452  46.888  -20.843  79.933 0.1250000000
72591  47.311  -21.381  80.460 0.1250000000
49594  3.871  -44.232  89.828 0.1250000000
142315  8.388  -51.331  100.768 0.1250000000
41363  6.727  -51.344  100.117 0.1250000000
51799  6.394  -42.700  84.430 0.1250000000
147607  46.672  -19.516  80.455 0.1250000000
125725  5.034  -47.560  94.480 0.1250000000
46464  4.560  -46.104  90.788 0.1250000000
46462  5.622  -46.470  90.165 0.1250000000
50629  4.672  -43.816  86.459 0.1250000000
57139  11.255  -37.707  81.368 0.1250000000
56075  11.705  -38.616  81.691 0.1250000000
56064  11.533  -38.858  82.396 0.1250000000
56054  11.542  -39.029  83.220 0.1250000000
55028  11.722  -39.652  82.607 0.1250000000
64713  3.742  -29.954  79.864 0.2500000000
145200  6.080  -29.746  79.390 0.1250000000
148582  3.486  -29.673  80.731 0.2500000000
65683  5.149  -28.914  79.701 0.1250000000
64703  3.695  -29.451  80.322 0.2500000000
141265  3.560  -28.022  81.409 0.2500000000
66586  3.645  -27.942  81.672 0.2500000000
65684  4.148  -28.694  80.163 0.2500000000
66569  3.820  -27.216  82.217 0.2500000000
65657  4.676  -28.648  81.841 0.2500000000
65659  3.549  -28.747  81.208 0.2500000000
66568  4.686  -27.160  82.572 0.2500000000
144582  6.625  -24.588  82.198 0.1250000000
70784  8.576  -23.780  81.860 0.1250000000
141218  9.786  -22.079  83.149 0.1250000000
71726  8.946  -23.122  81.164 0.1250000000
71725  9.520  -22.511  81.563 0.1250000000
81019  48.889  -12.590  74.716 0.1250000000
80068  50.254  -13.637  74.207 0.1250000000
83810  57.777  -9.811  66.751 0.1250000000
85577  57.460  -7.905  67.947 0.1250000000
85598  57.618  -7.854  67.235 0.1250000000
85609  57.810  -8.266  66.629 0.1250000000
131498  57.579  -6.960  67.819 0.1250000000
87395  57.769  -5.951  67.678 0.1250000000
86498  57.976  -6.197  66.333 0.1250000000
138971  57.486  -6.881  68.709 0.1250000000
87381  57.788  -5.176  68.756 0.1250000000
87380  57.971  -4.777  68.237 0.1250000000
87394  57.974  -5.232  67.073 0.1250000000
87365  57.708  -5.023  69.601 0.1250000000
135904  57.648  -3.997  70.188 0.1250000000
87347  56.936  -4.214  71.378 0.1250000000
88267  57.877  -3.260  69.509 0.1250000000
89216  57.076  -2.940  70.167 0.1250000000
134946  58.340  -3.565  67.547 0.1250000000
88283  58.205  -3.639  68.646 0.1250000000
89228  56.930  -1.895  69.123 0.1250000000
88268  57.541  -3.322  70.061 0.1250000000
89227  58.015  -2.768  69.192 0.1250000000
90130  57.445  -2.258  69.353 0.1250000000
91121  57.268  -1.214  68.595 0.1250000000
89244  58.353  -2.498  67.430 0.1250000000
89237  58.243  -2.575  68.445 0.1250000000
90151  57.939  -1.539  68.296 0.1250000000
91135  57.075  -0.772  68.219 0.1250000000
91134  57.405  -0.783  68.026 0.1250000000
91139  57.496  -0.424  67.087 0.1250000000
90170  58.195  -1.571  66.117 0.1250000000
91146  57.842  -0.672  65.816 0.1250000000
82587  19.413  -10.522  103.617 0.1250000000
84373  18.914  -8.637  102.631 0.1250000000
84369  19.181  -9.196  103.254 0.1250000000
125753  18.674  -7.802  102.215 0.1250000000
84375  18.720  -8.402  101.995 0.1250000000
135690  17.896  -7.715  100.865 0.1250000000
83483  18.680  -9.079  104.042 0.1250000000
127660  18.646  -7.727  102.673 0.1250000000
85273  18.434  -7.471  101.621 0.1250000000
86205  17.992  -6.196  101.149 0.1250000000
85276  18.094  -6.916  100.954 0.1250000000
83484  17.957  -9.281  104.169 0.1250000000
84366  18.507  -8.233  103.651 0.1250000000
139964  18.563  -7.688  103.131 0.1250000000
85271  18.538  -6.952  102.201 0.1250000000
88925  15.357  -3.806  99.119 0.1250000000
139131  17.317  -8.973  103.894 0.1250000000
85265  18.161  -7.282  103.370 0.1250000000
87065  17.832  -5.353  102.190 0.1250000000
87056  17.856  -5.991  102.793 0.1250000000
87969  16.220  -4.046  100.708 0.1250000000
151788  16.647  -4.369  101.088 0.1250000000
144811  17.458  -4.847  101.974 0.1250000000
86203  18.187  -5.880  101.837 0.1250000000
88918  15.569  -3.602  100.137 0.1250000000
87968  16.728  -4.643  100.492 0.1250000000
87071  17.230  -5.275  100.529 0.1250000000
87960  16.949  -4.253  103.038 0.1250000000
87955  17.300  -4.997  103.214 0.1250000000
85267  17.372  -7.478  103.770 0.1250000000
88911  16.499  -3.947  101.667 0.1250000000
87963  17.032  -4.419  102.296 0.1250000000
88912  15.845  -3.282  101.137 0.1250000000
84372  16.497  -8.078  103.321 0.1250000000
86196  17.098  -6.562  103.696 0.1250000000
85269  16.729  -7.292  103.606 0.1250000000
69738  5.210  -25.018  82.572 0.1250000000
70783  9.392  -23.220  82.206 0.1250000000
80053  49.700  -12.709  75.115 0.1250000000
86483  57.657  -5.985  68.665 0.1250000000
87356  57.462  -4.477  70.566 0.1250000000
81670  19.275  -11.460  104.100 0.1250000000
83486  19.133  -9.768  103.768 0.1250000000
137539  16.414  -6.411  103.562 0.1250000000
67513  4.229  -26.522  82.680 0.1250000000
64696  3.540  -29.499  81.065 0.2500000000
64714  3.391  -30.138  80.255 0.2500000000
80069  49.613  -13.110  74.395 0.1250000000
84371  17.011  -8.219  103.755 0.1250000000
55035  11.847  -39.553  81.870 0.1250000000
135199  4.222  -29.340  79.850 0.1250000000
65640  4.176  -27.923  82.093 0.2500000000
88284  57.929  -4.133  69.391 0.1250000000
88255  57.161  -3.621  70.766 0.1250000000
89215  57.489  -2.740  69.703 0.1250000000
90131  57.123  -2.309  69.556 0.1250000000
91122  57.025  -1.171  68.596 0.1250000000
90162  58.102  -1.375  67.354 0.1250000000
91140  57.028  -0.374  67.716 0.1250000000
144674  19.277  -9.476  102.833 0.1250000000
83487  18.953  -8.930  103.632 0.1250000000
85275  18.350  -6.561  101.661 0.1250000000
84376  18.234  -8.357  101.397 0.1250000000
87070  17.682  -5.467  101.406 0.1250000000
85266  17.970  -7.746  103.841 0.1250000000
86200  18.201  -6.325  102.525 0.1250000000
87975  16.100  -4.357  99.632 0.1250000000
86195  17.632  -6.888  103.539 0.1250000000
87959  17.438  -4.869  102.628 0.1250000000
87962  17.088  -4.730  101.386 0.1250000000
89821  15.264  -2.799  100.492 0.1250000000
87974  16.734  -5.065  99.654 0.1250000000
43310  22.515  -48.257  90.388 0.1250000000
43290  22.649  -48.385  91.735 0.1250000000
125651  22.418  -48.159  91.158 0.1250000000
43291  22.044  -48.015  91.741 0.1250000000
44322  21.423  -47.592  91.783 0.1250000000
43311  21.787  -47.767  90.891 0.1250000000
44309  20.856  -47.169  92.026 0.1250000000
44323  21.041  -47.329  91.145 0.1250000000
147548  20.646  -46.945  91.369 0.1250000000
44337  21.808  -47.823  89.864 0.1250000000
44338  21.269  -47.324  90.247 0.1250000000
46454  20.404  -46.593  90.502 0.1250000000
46455  19.917  -46.208  91.146 0.1250000000
44366  21.735  -47.804  89.012 0.1250000000
44352  21.313  -47.379  89.395 0.1250000000
45406  20.723  -46.780  90.008 0.1250000000
46476  20.009  -46.183  90.225 0.1250000000
139828  21.655  -47.780  88.424 0.1250000000
147288  21.035  -47.129  89.154 0.1250000000
46475  20.501  -46.599  89.794 0.1250000000
47562  19.234  -45.525  90.648 0.1250000000
128580  22.928  -48.576  93.562 0.1250000000
43265  21.821  -47.964  93.693 0.1250000000
43263  22.908  -48.591  92.914 0.1250000000
43275  22.277  -48.269  92.483 0.1250000000
136006  21.709  -47.856  92.319 0.1250000000
44308  21.280  -47.528  92.439 0.1250000000
44300  20.969  -47.275  92.903 0.1250000000
45380  20.437  -46.739  91.859 0.1250000000
46434  20.143  -46.451  91.699 0.1250000000
47557  19.221  -45.584  91.600 0.1250000000
149592  18.486  -45.314  91.222 0.1250000000
140235  18.183  -45.336  91.909 0.1250000000
47563  18.061  -45.196  90.508 0.1250000000
138326  22.361  -48.308  93.855 0.1250000000
44291  14.438  -48.460  95.570 0.1250000000
44290  21.551  -47.662  93.883 0.1250000000
45342  14.220  -48.339  94.654 0.1250000000
143648  20.259  -46.490  92.737 0.1250000000
45354  14.614  -47.648  94.154 0.1250000000
46435  19.726  -46.076  91.975 0.1250000000
46421  19.686  -45.912  92.756 0.1250000000
46413  14.205  -47.708  93.429 0.1250000000
47550  19.008  -45.428  92.385 0.1250000000
47553  15.388  -46.017  92.745 0.1250000000
46412  14.784  -46.838  93.404 0.1250000000
48619  17.333  -45.259  91.227 0.1250000000
135320  16.005  -45.652  91.909 0.1250000000
125468  19.328  -45.860  94.835 0.1250000000
45340  15.877  -47.701  95.622 0.1250000000
45329  15.287  -48.189  95.928 0.1250000000
46403  17.360  -46.362  95.037 0.1250000000
46396  16.569  -47.215  95.761 0.1250000000
45341  15.181  -47.778  95.082 0.1250000000
46401  19.785  -46.040  94.012 0.1250000000
46402  18.630  -45.825  94.493 0.1250000000
46404  16.144  -47.022  95.101 0.1250000000
46409  19.199  -45.683  93.638 0.1250000000
46410  17.928  -45.854  94.115 0.1250000000
46411  16.647  -46.348  94.365 0.1250000000
133057  15.503  -46.937  94.355 0.1250000000
47544  17.212  -45.725  93.573 0.1250000000
47545  15.954  -46.175  93.637 0.1250000000
47551  17.775  -45.337  92.740 0.1250000000
47552  16.530  -45.630  92.836 0.1250000000
127950  17.044  -45.367  92.049 0.1250000000
46395  18.745  -45.964  95.674 0.1250000000
127452  17.535  -46.603  95.961 0.1250000000
126492  18.277  -46.024  95.235 0.1250000000
129479  6.641  -31.614  78.795 0.1250000000
63805  6.419  -30.763  79.166 0.1250000000
62817  5.574  -31.369  79.084 0.1250000000
63791  5.197  -30.568  79.331 0.1250000000
64712  4.702  -29.817  79.574 0.1250000000
63792  3.957  -30.508  79.502 0.1250000000
79833  18.821  -13.733  100.011 0.1250000000
79838  17.479  -13.675  99.112 0.1250000000
78858  16.979  -14.108  98.450 0.1250000000
79827  20.131  -13.557  101.306 0.1250000000
79828  19.360  -13.294  100.841 0.1250000000
45393  20.748  -46.936  90.591 0.1250000000
45405  21.012  -47.041  89.785 0.1250000000
44367  21.328  -47.388  88.670 0.1250000000
45419  20.818  -46.881  89.407 0.1250000000
47578  20.117  -46.219  89.491 0.1250000000
142271  21.610  -47.855  92.978 0.1250000000
44299  21.366  -47.544  93.467 0.1250000000
45365  20.535  -46.821  92.490 0.1250000000
46420  20.161  -46.437  92.249 0.1250000000
47543  18.527  -45.449  93.266 0.1250000000
47558  15.130  -46.075  91.894 0.1250000000
46422  14.574  -46.625  92.283 0.1250000000
41354  8.982  -51.212  100.881 0.2500000000
41355  8.195  -51.115  100.897 0.2500000000
41356  7.619  -50.920  100.726 0.2500000000
41360  9.732  -51.541  100.257 0.1250000000
42295  11.211  -50.482  99.956 0.1250000000
42301  11.781  -50.802  99.520 0.1250000000
42317  26.839  -49.386  94.826 0.6250000000
42325  26.500  -49.448  94.513 0.5000000000
42332  28.449  -49.636  94.060 0.3750000000
42334  27.425  -49.630  94.019 0.5000000000
42342  27.533  -49.537  93.684 0.5000000000
42356  26.909  -49.305  93.022 0.3750000000
43199  9.810  -50.160  100.772 0.2500000000
43200  9.180  -49.948  100.870 0.2500000000
43202  7.880  -49.858  100.659 0.3750000000
43203  7.505  -49.641  100.681 0.3750000000
43221  26.355  -49.062  95.218 0.7500000000
43230  27.260  -49.310  95.087 0.6250000000
43231  26.908  -49.246  95.106 0.7500000000
43232  26.292  -49.041  95.176 0.7500000000
43243  27.486  -49.442  94.953 0.6250000000
43246  23.060  -48.367  95.061 0.3750000000
43253  28.359  -49.591  94.600 0.6250000000
43254  23.848  -48.729  94.239 0.2500000000
43261  29.059  -49.723  93.657 0.3750000000
43264  22.290  -48.299  93.277 0.1250000000
43272  28.101  -49.239  92.852 0.3750000000
43274  22.928  -48.585  92.272 0.1250000000
43288  27.126  -48.784  91.909 0.3750000000
44232  11.830  -49.148  99.963 0.2500000000
44251  27.354  -48.598  95.550 0.8750000000
44252  25.182  -48.265  96.220 0.7500000000
44253  24.536  -48.169  96.248 0.7500000000
44254  23.973  -48.073  96.135 0.6250000000
44276  28.491  -49.376  95.123 0.7500000000
44289  29.719  -49.562  94.638 0.6250000000
44320  30.587  -48.837  91.488 0.3750000000
44351  26.969  -48.125  90.584 0.1250000000
45350  32.942  -48.260  93.841 0.6250000000
45364  31.827  -49.172  92.004 0.3750000000
45377  32.812  -48.290  91.905 0.2500000000
46325  6.304  -47.969  100.774 0.3750000000
46365  25.572  -47.370  97.049 0.7500000000
46390  31.974  -47.503  94.705 0.7500000000
46405  4.068  -46.402  95.482 0.2500000000
46419  33.704  -47.110  92.805 0.2500000000
46444  4.618  -46.240  91.700 0.1250000000
46474  30.459  -47.047  90.167 0.1250000000
46483  4.771  -46.091  89.984 0.1250000000
46526  25.220  -46.232  87.375 0.1250000000
47498  24.926  -46.175  97.648 1.0000000000
47499  23.966  -46.239  97.657 0.8750000000
47517  26.543  -46.839  96.141 0.8750000000
47519  4.168  -46.316  97.490 0.2500000000
47523  33.328  -46.292  94.160 0.5000000000
47537  34.048  -45.544  92.815 0.5000000000
47538  33.959  -46.028  93.394 0.3750000000
47556  33.851  -45.687  92.024 0.2500000000
47559  4.058  -45.418  91.813 0.2500000000
47569  4.269  -45.602  90.517 0.1250000000
47626  28.578  -45.654  88.633 0.1250000000
47656  5.450  -45.663  86.084 0.1250000000
48587  34.084  -45.507  93.225 0.5000000000
48588  33.753  -45.834  93.719 0.5000000000
48589  33.616  -46.077  94.136 0.5000000000
48595  4.050  -45.798  95.269 0.3750000000
48598  31.518  -45.344  93.684 0.8750000000
48613  34.195  -44.958  91.663 0.3750000000
48616  28.218  -45.571  91.895 1.0000000000
48625  34.327  -44.496  90.134 0.2500000000
48631  4.027  -44.700  89.735 0.1250000000
48685  5.133  -45.479  85.776 0.1250000000
49507  25.002  -44.633  98.011 0.8750000000
49517  25.098  -43.910  97.519 0.8750000000
49548  34.189  -44.973  93.045 0.5000000000
49563  4.306  -44.331  93.717 0.5000000000
49565  34.402  -44.648  92.048 0.3750000000
49566  34.261  -44.913  92.556 0.5000000000
49573  34.422  -44.616  91.116 0.2500000000
49581  3.839  -44.677  91.647 0.2500000000
49582  34.713  -44.019  90.846 0.2500000000
49591  34.577  -44.058  89.653 0.2500000000
49593  4.030  -44.035  89.292 0.1250000000
49600  4.060  -44.455  89.089 0.1250000000
50501  22.893  -43.641  99.165 0.8750000000
50502  22.201  -43.789  99.450 0.8750000000
50507  18.549  -44.095  99.149 0.7500000000
50522  24.446  -43.243  98.268 0.8750000000
50561  34.707  -43.568  92.827 0.5000000000
50564  32.959  -43.864  93.708 0.6250000000
50569  13.100  -43.356  94.605 0.6250000000
50577  34.829  -43.755  91.835 0.5000000000
50584  29.293  -43.655  91.374 1.0000000000
50588  3.778  -44.113  91.196 0.3750000000
50589  35.158  -43.258  90.231 0.3750000000
50592  26.046  -43.559  89.946 1.0000000000
50594  24.583  -43.383  90.430 1.0000000000
50611  34.650  -43.246  88.723 0.2500000000
50618  34.862  -42.650  88.406 0.2500000000
51670  33.543  -42.232  93.587 0.7500000000
51672  33.100  -42.048  93.553 0.7500000000
51687  34.014  -42.787  93.575 0.7500000000
51704  4.645  -43.137  92.831 0.5000000000
51712  35.261  -42.811  91.525 0.5000000000
51713  29.377  -42.406  90.982 1.0000000000
51720  35.721  -41.895  90.358 0.3750000000
51723  28.044  -42.724  90.016 1.0000000000
51725  23.718  -42.324  90.378 1.0000000000
51727  4.704  -42.867  90.442 0.2500000000
51735  26.076  -42.528  89.249 1.0000000000
51736  25.261  -42.554  89.284 1.0000000000
51766  7.250  -42.523  86.354 0.2500000000
52751  5.454  -40.897  101.201 0.7500000000
52800  32.501  -41.052  93.592 0.8750000000
52810  12.946  -41.972  94.466 0.6250000000
52815  35.504  -41.378  92.405 0.5000000000
52817  31.482  -41.189  92.819 1.0000000000
52832  5.449  -42.582  92.964 0.5000000000
52833  36.162  -40.813  91.318 0.3750000000
52834  29.818  -41.565  91.308 1.0000000000
52838  7.527  -41.737  91.307 0.5000000000
52842  35.958  -41.348  90.001 0.3750000000
52861  6.841  -42.104  89.942 0.2500000000
52866  35.556  -41.356  88.870 0.2500000000
52876  5.764  -42.619  89.591 0.1250000000
52883  25.229  -41.157  87.749 1.0000000000
52901  9.672  -41.993  85.875 0.1250000000
53886  34.596  -40.362  93.836 0.7500000000
53901  36.142  -39.874  92.289 0.6250000000
53904  31.580  -40.482  93.299 1.0000000000
53912  22.763  -40.181  92.489 1.0000000000
53917  36.230  -40.362  91.074 0.3750000000
53946  35.655  -40.650  88.625 0.1250000000
53951  23.645  -41.187  88.532 1.0000000000
54844  5.889  -39.744  101.656 0.7500000000
54903  33.041  -39.181  94.833 1.0000000000
54905  32.250  -38.988  94.614 1.0000000000
54920  31.965  -39.059  94.342 1.0000000000
54931  31.980  -39.684  94.028 1.0000000000
54936  9.711  -39.598  93.567 0.8750000000
54937  36.277  -39.380  92.004 0.5000000000
54954  29.034  -39.887  89.849 1.0000000000
54975  35.422  -39.588  88.098 0.1250000000
54986  35.625  -40.113  88.098 0.1250000000
54990  24.252  -40.275  87.040 1.0000000000
55006  22.121  -39.239  86.803 1.0000000000
55937  35.341  -38.607  93.733 0.7500000000
55946  35.967  -38.590  92.645 0.7500000000
55947  31.293  -38.379  94.144 1.0000000000
55954  36.117  -38.771  92.215 0.7500000000
55963  36.231  -38.974  91.758 0.3750000000
55971  36.046  -39.241  90.771 0.5000000000
55972  35.699  -38.700  90.617 0.5000000000
55984  35.778  -39.239  90.201 0.3750000000
56001  19.605  -38.772  88.481 1.0000000000
56006  35.122  -39.194  87.674 0.1250000000
56008  26.542  -38.544  87.078 1.0000000000
56010  21.370  -39.150  87.018 1.0000000000
56019  25.367  -38.374  86.343 1.0000000000
56035  22.401  -38.351  85.739 1.0000000000
56048  5.058  -37.787  83.585 0.7500000000
56056  5.201  -38.191  83.114 0.7500000000
56067  5.033  -38.221  82.750 0.6250000000
56079  4.868  -38.146  82.273 0.6250000000
56965  34.614  -37.130  94.121 0.7500000000
56976  35.202  -37.512  93.233 0.7500000000
56986  35.587  -37.896  92.162 0.6250000000
57005  16.671  -37.264  90.636 1.0000000000
57015  28.236  -37.427  89.250 1.0000000000
57029  27.777  -37.425  88.589 1.0000000000
57051  10.262  -37.608  87.825 0.8750000000
57067  8.302  -37.350  86.505 0.8750000000
57080  23.424  -37.554  85.527 1.0000000000
57082  21.227  -37.597  85.310 1.0000000000
57090  5.385  -37.619  84.439 0.8750000000
57104  5.190  -37.747  83.928 0.7500000000
57115  4.977  -37.808  82.933 0.7500000000
57129  4.731  -37.766  82.542 0.7500000000
57159  4.774  -37.806  80.500 0.6250000000
57179  3.546  -36.904  80.161 0.3750000000
57954  32.844  -36.627  95.792 0.7500000000
58010  7.341  -36.190  90.612 0.8750000000
58054  16.470  -36.148  87.456 1.0000000000
58056  5.135  -36.323  86.748 0.8750000000
58067  18.399  -36.879  85.854 1.0000000000
58069  5.099  -36.763  85.791 0.8750000000
58122  4.220  -37.210  81.852 0.6250000000
58133  3.575  -36.528  80.221 0.5000000000
58145  4.075  -36.948  79.299 0.5000000000
58160  3.790  -36.288  79.077 0.3750000000
58821  16.792  -35.740  101.295 0.8750000000
58876  30.504  -35.805  96.236 1.0000000000
58896  28.266  -34.678  92.457 1.0000000000
58908  27.773  -35.135  90.825 1.0000000000
58943  25.516  -35.406  87.605 1.0000000000
58947  15.679  -35.135  87.643 1.0000000000
58965  21.785  -35.622  85.174 1.0000000000
58968  17.370  -35.064  85.292 1.0000000000
59018  5.116  -36.347  81.765 0.6250000000
59031  5.428  -35.249  80.721 0.6250000000
59033  3.542  -34.936  80.041 0.3750000000
59046  3.325  -35.493  79.244 0.3750000000
59764  31.221  -34.496  97.237 1.0000000000
59766  29.967  -33.925  97.173 1.0000000000
59836  23.068  -33.711  90.560 1.0000000000
59843  24.233  -34.247  89.456 1.0000000000
59846  15.111  -34.745  89.034 1.0000000000
59848  5.476  -34.861  89.291 0.8750000000
59869  21.593  -34.001  87.174 1.0000000000
59870  15.960  -34.937  86.724 1.0000000000
59878  22.788  -34.712  86.277 1.0000000000
59880  20.591  -33.909  85.880 1.0000000000
59883  5.015  -35.978  85.898 0.8750000000
59942  3.270  -34.930  79.378 0.3750000000
59954  3.686  -35.113  78.928 0.3750000000
60685  31.969  -33.434  97.304 1.0000000000
60700  27.933  -32.780  96.416 1.0000000000
60708  3.710  -32.644  96.261 1.0000000000
60712  26.594  -32.551  95.378 1.0000000000
60751  24.550  -33.420  92.040 1.0000000000
60753  22.643  -33.075  92.027 0.8750000000
60757  6.722  -33.628  91.352 0.8750000000
60761  20.799  -32.964  90.871 0.8750000000
60769  19.874  -32.703  89.651 0.8750000000
60770  19.518  -32.429  89.279 0.8750000000
60771  14.464  -32.834  89.096 1.0000000000
60778  15.089  -33.893  87.795 1.0000000000
60845  7.767  -33.964  81.485 0.6250000000
60868  2.961  -33.421  79.764 0.3750000000
61611  28.806  -32.313  97.302 1.0000000000
61619  28.508  -32.553  96.946 1.0000000000
61649  11.022  -32.729  93.950 0.8750000000
61658  24.215  -32.202  94.259 1.0000000000
61672  22.885  -32.039  93.049 1.0000000000
61680  21.993  -32.223  92.268 0.8750000000
61686  38.305  -31.718  90.657 0.6250000000
61690  20.956  -32.447  91.315 0.8750000000
61701  19.902  -32.354  90.059 0.8750000000
61712  19.282  -32.019  89.167 0.8750000000
61725  3.028  -31.965  87.016 0.8750000000
61764  37.252  -31.402  84.590 0.3750000000
61771  9.151  -32.308  83.872 0.7500000000
61779  37.830  -31.185  84.258 0.2500000000
61827  8.139  -32.452  81.260 0.5000000000
61832  2.672  -32.472  79.973 0.3750000000
61845  3.514  -31.890  79.340 0.2500000000
62583  29.316  -31.462  97.599 1.0000000000
62593  28.040  -31.808  97.077 1.0000000000
62604  26.465  -31.569  96.013 1.0000000000
62618  24.869  -31.623  94.977 1.0000000000
62619  24.271  -31.690  94.484 1.0000000000
62629  38.931  -31.031  92.576 0.7500000000
62633  23.798  -31.763  94.070 1.0000000000
62639  7.478  -31.049  94.079 0.8750000000
62642  39.910  -31.161  91.532 1.0000000000
62649  22.304  -31.896  92.464 0.8750000000
62652  40.048  -31.268  90.725 0.7500000000
62654  38.720  -31.635  91.017 0.6250000000
62661  21.113  -32.037  91.617 0.8750000000
62666  40.137  -31.283  89.889 0.6250000000
62673  21.430  -31.759  91.303 0.8750000000
62675  20.140  -32.053  90.319 0.8750000000
62680  40.249  -31.252  89.075 0.6250000000
62699  19.993  -31.561  89.299 0.8750000000
62706  39.771  -31.357  88.068 0.5000000000
62709  22.377  -31.748  87.565 0.8750000000
62713  18.911  -30.581  87.308 1.0000000000
62721  24.647  -31.657  86.311 0.8750000000
62727  15.265  -31.733  85.917 1.0000000000
62744  8.010  -31.772  85.439 0.8750000000
62748  24.332  -31.255  84.062 0.7500000000
62786  2.870  -31.720  80.097 0.5000000000
63556  29.111  -30.888  97.426 1.0000000000
63568  27.694  -31.224  96.916 1.0000000000
63571  12.457  -30.727  96.943 0.8750000000
63579  26.190  -31.097  95.673 1.0000000000
63609  27.843  -30.339  94.449 1.0000000000
63628  24.272  -31.103  93.412 1.0000000000
63649  32.367  -30.519  90.516 0.8750000000
63654  27.695  -30.398  90.534 1.0000000000
63667  27.502  -30.522  89.067 1.0000000000
63670  14.292  -30.470  89.884 1.0000000000
63677  30.410  -30.494  88.745 1.0000000000
63699  2.833  -30.432  86.808 0.8750000000
63700  2.409  -30.670  87.114 0.8750000000
63706  25.977  -31.039  86.060 0.8750000000
63707  19.493  -30.628  87.440 0.8750000000
63717  42.172  -29.116  86.353 0.3750000000
63719  27.187  -30.237  85.633 0.7500000000
63736  25.676  -30.727  84.385 0.7500000000
63747  22.626  -30.606  83.136 0.8750000000
63750  9.957  -31.159  83.526 0.7500000000
63782  3.199  -30.488  80.393 0.2500000000
64521  32.190  -29.328  97.174 1.0000000000
64551  30.661  -29.844  95.163 1.0000000000
64579  32.960  -29.777  93.454 0.8750000000
64634  27.877  -29.993  85.877 0.8750000000
64641  29.982  -29.161  85.705 0.8750000000
64642  28.955  -29.101  84.904 0.7500000000
64653  43.395  -28.037  85.298 0.1250000000
64681  21.883  -29.090  82.774 0.8750000000
65496  10.119  -28.550  98.898 0.8750000000
65505  34.028  -28.463  96.406 1.0000000000
65519  35.698  -27.846  95.294 1.0000000000
65550  42.200  -28.797  89.616 0.8750000000
65558  36.548  -27.793  90.070 0.8750000000
65559  35.682  -28.701  89.436 0.8750000000
65586  44.819  -27.307  86.207 0.6250000000
65587  44.441  -27.654  86.527 0.3750000000
65590  15.361  -28.315  86.322 1.0000000000
65609  44.069  -27.295  85.047 0.1250000000
65619  42.750  -27.618  84.113 0.1250000000
65651  23.861  -28.583  81.205 0.7500000000
65658  3.837  -28.653  81.499 0.2500000000
65670  3.603  -28.585  80.836 0.2500000000
66389  13.252  -27.190  104.321 0.7500000000
66390  12.769  -27.173  104.236 0.8750000000
66392  12.984  -27.376  104.100 0.7500000000
66394  9.906  -27.861  103.375 0.8750000000
66396  8.201  -27.431  103.099 0.8750000000
66402  7.202  -26.984  102.500 0.8750000000
66433  37.249  -27.181  94.673 1.0000000000
66434  36.748  -27.366  94.915 1.0000000000
66440  38.591  -27.198  94.076 1.0000000000
66445  10.085  -27.328  93.594 0.8750000000
66489  9.106  -27.072  88.333 0.7500000000
66496  45.728  -26.241  86.303 0.7500000000
66524  45.223  -26.988  85.882 0.6250000000
66533  15.905  -28.003  85.627 0.8750000000
66534  11.327  -27.082  85.302 0.7500000000
66558  42.704  -27.103  83.572 0.1250000000
66580  25.907  -27.881  80.925 0.7500000000
67306  13.556  -27.033  104.413 0.7500000000
67311  14.220  -27.009  104.135 0.7500000000
67322  17.732  -26.409  102.868 0.7500000000
67324  15.681  -26.468  103.359 0.7500000000
67330  20.299  -26.228  100.986 0.7500000000
67331  19.615  -26.158  101.284 0.7500000000
67341  5.824  -26.457  101.883 0.8750000000
67357  7.968  -26.446  100.187 0.8750000000
67384  37.969  -26.587  93.856 1.0000000000
67393  39.138  -26.780  93.098 0.8750000000
67397  15.871  -26.879  92.799 1.0000000000
67438  44.839  -26.785  87.071 0.7500000000
67454  22.125  -26.201  87.549 0.8750000000
67461  46.332  -25.885  86.032 0.7500000000
67474  19.720  -26.296  86.180 0.8750000000
67477  16.865  -26.210  85.950 0.8750000000
67480  46.291  -26.045  85.688 0.6250000000
67484  16.729  -27.026  85.615 0.8750000000
67509  10.055  -26.639  82.268 0.5000000000
67525  26.760  -26.801  81.270 0.7500000000
68361  13.322  -26.629  104.330 0.7500000000
68367  12.932  -26.198  104.020 0.7500000000
68383  7.471  -24.876  103.103 0.8750000000
68385  5.238  -25.402  102.742 0.8750000000
68388  20.803  -25.871  101.475 0.6250000000
68396  22.364  -25.380  101.517 0.6250000000
68420  6.190  -25.677  99.868 0.8750000000
68421  5.328  -25.512  99.899 0.8750000000
68479  22.487  -25.191  90.906 0.7500000000
68483  23.211  -25.209  90.139 0.7500000000
68496  21.205  -25.040  89.437 0.7500000000
68498  15.705  -25.814  89.824 1.0000000000
68501  6.200  -25.462  89.694 0.8750000000
68510  23.097  -25.580  88.039 0.6250000000
68519  47.030  -25.130  86.382 0.7500000000
68520  46.357  -25.358  86.529 0.7500000000
68521  45.670  -25.596  86.642 0.7500000000
68545  37.780  -25.751  86.338 0.8750000000
68560  47.867  -24.640  85.618 0.6250000000
68561  47.456  -25.086  85.796 0.6250000000
68563  41.413  -25.358  85.414 1.0000000000
68577  46.667  -25.678  84.724 0.2500000000
68589  45.024  -25.815  83.696 0.1250000000
69540  17.883  -25.298  103.215 0.6250000000
69552  22.526  -25.018  101.937 0.6250000000
69560  24.329  -24.293  100.591 0.6250000000
69569  4.037  -24.878  99.394 0.8750000000
69587  4.841  -24.589  97.959 0.8750000000
69610  23.375  -24.394  92.486 0.6250000000
69624  22.363  -24.924  91.487 0.7500000000
69631  23.371  -24.860  90.590 0.7500000000
69635  16.456  -24.492  90.358 1.0000000000
69656  23.280  -24.931  88.824 0.7500000000
69667  44.802  -25.449  86.775 0.8750000000
69678  48.009  -24.163  86.208 0.7500000000
69679  47.612  -24.574  86.370 0.7500000000
69715  47.368  -24.489  84.000 0.5000000000
69718  39.992  -23.958  83.644 0.7500000000
69719  39.206  -24.118  83.486 0.7500000000
69721  37.911  -24.220  83.547 0.8750000000
69722  37.261  -24.216  83.735 0.8750000000
69731  43.851  -24.963  82.699 0.1250000000
70564  7.822  -23.089  103.581 0.7500000000
70566  6.479  -23.517  104.123 0.7500000000
70582  22.199  -24.579  102.115 0.6250000000
70612  3.680  -23.769  100.122 0.8750000000
70636  24.077  -24.040  95.053 0.7500000000
70671  30.859  -23.710  91.969 0.3750000000
70678  4.238  -23.276  91.451 0.8750000000
70681  30.612  -24.015  91.051 0.3750000000
70686  17.539  -23.497  90.232 0.8750000000
70695  23.441  -24.233  89.390 0.6250000000
70721  46.938  -23.977  86.699 0.7500000000
70732  49.302  -22.731  85.259 0.7500000000
70733  48.746  -23.432  85.657 0.7500000000
70759  38.143  -23.549  83.476 0.8750000000
70768  47.775  -23.016  82.914 0.2500000000
70773  9.036  -23.914  82.495 0.2500000000
71497  6.657  -21.957  104.548 0.7500000000
71502  5.308  -22.687  103.968 0.7500000000
71515  24.750  -22.911  101.164 0.6250000000
71519  20.580  -23.144  100.972 0.6250000000
71548  4.127  -22.924  99.168 0.8750000000
71549  25.243  -22.866  98.503 0.7500000000
71569  7.384  -22.561  96.349 0.7500000000
71589  32.029  -23.005  94.027 0.3750000000
71594  6.481  -22.576  93.194 0.8750000000
71599  32.099  -23.304  93.479 0.3750000000
71600  30.948  -23.243  92.680 0.3750000000
71608  3.873  -22.819  93.090 0.8750000000
71610  32.167  -23.444  92.595 0.3750000000
71634  10.380  -22.433  89.216 0.7500000000
71653  47.855  -23.204  86.162 0.7500000000
71668  36.077  -22.153  84.961 0.6250000000
71681  39.097  -22.333  83.774 0.7500000000
71685  35.638  -22.722  84.597 0.7500000000
71686  34.812  -22.838  84.765 0.6250000000
71710  49.366  -21.831  83.515 0.5000000000
71720  26.533  -22.621  81.528 0.5000000000
71771  52.625  -22.009  72.129 0.2500000000
72392  7.728  -21.762  104.106 0.7500000000
72421  9.142  -21.396  98.788 0.7500000000
72441  10.475  -21.288  95.684 0.7500000000
72444  32.874  -21.758  95.325 0.2500000000
72445  32.225  -22.164  94.872 0.2500000000
72465  9.539  -21.333  92.574 0.7500000000
72476  41.756  -20.932  90.459 0.5000000000
72485  10.513  -21.011  89.725 0.6250000000
72493  33.849  -21.222  89.560 0.3750000000
72504  36.672  -21.173  87.996 0.5000000000
72513  38.506  -21.533  87.723 0.6250000000
72516  34.268  -21.436  87.448 0.5000000000
72521  12.083  -21.120  87.487 0.5000000000
72533  49.566  -21.057  85.107 0.8750000000
72545  12.426  -21.234  85.448 0.3750000000
72553  37.877  -22.171  84.778 0.7500000000
72554  36.977  -22.187  84.882 0.7500000000
72566  40.624  -21.542  83.525 0.8750000000
72567  39.901  -21.886  83.610 0.7500000000
72628  53.726  -21.861  73.106 0.5000000000
72644  52.147  -21.828  72.345 0.1250000000
73275  25.382  -20.316  100.073 0.6250000000
73294  10.104  -20.439  97.617 0.7500000000
73300  33.143  -20.332  96.227 0.1250000000
73301  32.781  -20.575  95.897 0.1250000000
73307  35.263  -20.138  95.254 0.2500000000
73310  32.014  -21.674  94.789 0.1250000000
73314  10.779  -20.726  94.415 0.7500000000
73337  41.643  -20.401  91.391 0.3750000000
73339  40.189  -20.764  92.657 0.3750000000
73342  36.194  -20.334  92.346 0.2500000000
73353  38.528  -20.994  91.050 0.3750000000
73355  36.856  -20.581  91.008 0.3750000000
73361  42.642  -19.829  90.225 0.5000000000
73367  34.628  -20.816  89.564 0.3750000000
73405  50.030  -20.433  84.649 1.0000000000
73415  12.208  -20.887  84.850 0.3750000000
73418  50.217  -19.782  83.621 1.0000000000
73425  40.808  -20.855  83.756 0.8750000000
73440  49.548  -20.033  82.418 0.7500000000
73485  54.312  -20.486  73.823 0.6250000000
74153  11.681  -19.727  99.136 0.6250000000
74174  34.132  -19.563  96.271 0.1250000000
74175  33.426  -19.640  96.239 0.1250000000
74181  39.499  -19.495  93.995 0.3750000000
74184  36.901  -19.442  94.752 0.1250000000
74185  35.919  -19.664  95.080 0.1250000000
74200  40.738  -20.286  92.409 0.3750000000
74217  43.417  -18.797  89.242 0.5000000000
74238  12.217  -20.214  86.588 0.3750000000
74250  50.075  -19.265  84.840 1.0000000000
74297  25.252  -19.486  82.578 0.3750000000
74313  46.442  -20.029  80.020 0.1250000000
74330  53.287  -18.462  77.094 0.6250000000
74337  54.337  -18.727  76.395 0.7500000000
74339  52.651  -19.095  75.911 0.6250000000
75006  6.131  -18.968  104.401 0.7500000000
75011  5.683  -18.949  104.126 0.7500000000
75077  38.095  -18.647  94.902 0.2500000000
75082  19.362  -19.249  94.836 0.2500000000
75087  39.899  -19.431  93.641 0.3750000000
75117  16.780  -18.168  91.367 0.2500000000
75144  11.388  -18.368  89.375 0.6250000000
75150  37.836  -18.569  89.052 0.2500000000
75188  50.239  -18.565  84.601 1.0000000000
75195  38.390  -18.546  85.625 0.1250000000
75210  6.112  -18.653  85.297 0.3750000000
75212  50.452  -18.678  84.205 1.0000000000
75213  48.511  -18.672  84.942 0.8750000000
75222  25.714  -18.210  84.369 0.3750000000
75238  25.137  -17.937  83.171 0.2500000000
75240  19.799  -18.434  83.092 0.1250000000
75245  49.460  -18.680  82.479 0.6250000000
75247  37.516  -18.780  82.377 0.1250000000
75249  36.119  -19.057  82.161 0.1250000000
75252  32.798  -18.389  82.315 0.1250000000
75266  34.329  -19.041  81.368 0.1250000000
75272  23.693  -18.429  81.510 0.3750000000
75306  54.359  -17.940  78.147 0.7500000000
75307  53.952  -17.966  78.544 0.8750000000
75321  54.862  -17.787  77.504 0.7500000000
75338  52.001  -18.339  76.650 0.6250000000
75353  49.356  -18.985  73.670 0.1250000000
75374  54.148  -19.259  72.053 0.6250000000
75962  6.080  -17.770  103.944 0.7500000000
76047  39.135  -17.758  93.398 0.1250000000
76065  10.971  -16.935  90.842 0.6250000000
76100  27.126  -17.752  87.699 0.3750000000
76110  6.606  -17.508  87.280 0.5000000000
76137  50.403  -18.041  84.232 1.0000000000
76164  6.804  -17.704  84.225 0.1250000000
76166  5.305  -17.965  85.059 0.1250000000
76167  50.459  -17.834  83.918 1.0000000000
76168  50.259  -17.481  83.732 0.8750000000
76213  37.708  -17.880  80.398 0.1250000000
76217  23.123  -16.885  80.902 0.2500000000
76218  21.677  -17.189  80.665 0.2500000000
76240  53.345  -17.379  78.986 0.8750000000
76257  50.163  -16.787  76.979 0.5000000000
76274  48.221  -17.149  75.958 0.1250000000
76945  23.418  -16.740  101.291 0.6250000000
76966  5.586  -16.258  101.085 0.5000000000
76967  23.599  -16.575  100.594 0.6250000000
76981  19.219  -16.929  97.787 0.2500000000
77009  16.141  -16.886  93.768 0.1250000000
77015  5.173  -16.118  93.261 0.3750000000
77018  31.403  -16.630  93.553 0.2500000000
77036  4.410  -16.227  92.044 0.3750000000
77044  10.493  -16.359  91.092 0.6250000000
77046  4.050  -16.224  91.241 0.3750000000
77047  3.671  -16.114  90.510 0.3750000000
77054  10.474  -16.408  89.691 0.6250000000
77064  27.983  -16.510  89.089 0.1250000000
77156  49.218  -17.241  82.869 0.7500000000
77193  54.189  -16.567  79.733 0.7500000000
77194  54.010  -16.630  79.984 0.8750000000
77210  52.027  -16.060  79.196 0.7500000000
77224  54.877  -16.995  78.123 0.6250000000
77240  55.419  -16.793  76.512 0.5000000000
77960  35.440  -15.110  94.627 0.1250000000
77965  6.049  -16.011  94.503 0.3750000000
77966  37.435  -15.697  93.658 0.1250000000
77994  3.750  -15.728  91.802 0.3750000000
77995  3.457  -15.434  91.187 0.3750000000
78013  8.170  -15.439  89.481 0.6250000000
78027  6.520  -15.792  88.959 0.6250000000
78035  3.366  -15.787  87.727 0.2500000000
78079  49.748  -15.899  84.153 1.0000000000
78109  22.741  -15.181  80.797 0.2500000000
78114  53.800  -14.772  80.702 0.8750000000
78854  18.126  -13.872  99.399 0.2500000000
78871  33.606  -14.270  95.148 0.1250000000
78872  32.865  -14.340  95.112 0.1250000000
78876  34.968  -14.380  94.495 0.1250000000
78879  32.538  -14.204  94.965 0.1250000000
78922  3.162  -15.136  90.381 0.3750000000
78928  2.935  -14.883  89.637 0.2500000000
78945  46.346  -14.864  86.852 0.8750000000
78956  4.849  -14.837  86.089 0.1250000000
79019  53.470  -14.104  80.949 0.8750000000
79802  18.425  -12.996  103.680 0.5000000000
79847  15.329  -13.778  96.488 0.2500000000
79856  33.322  -12.844  94.964 0.1250000000
79858  32.493  -13.075  94.595 0.1250000000
79869  31.458  -13.148  93.027 0.1250000000
79883  5.127  -14.259  91.452 0.3750000000
79905  3.612  -12.919  88.127 0.1250000000
79989  53.499  -13.345  80.897 0.8750000000
80021  50.284  -13.675  78.958 0.5000000000
80826  31.388  -12.183  92.470 0.1250000000
80854  3.873  -12.686  88.686 0.2500000000
80873  3.636  -12.115  87.598 0.1250000000
80948  53.854  -13.005  80.479 0.8750000000
80964  53.799  -12.264  80.193 0.8750000000
81671  18.637  -11.355  104.255 0.3750000000
81677  16.151  -12.104  103.017 0.2500000000
81717  9.333  -12.107  96.597 0.5000000000
81783  3.551  -10.979  88.065 0.1250000000
81794  3.581  -11.268  87.718 0.1250000000
81890  53.510  -11.399  80.325 0.8750000000
82585  17.864  -10.310  104.246 0.3750000000
82668  30.293  -9.986  90.677 0.1250000000
82697  5.139  -10.359  88.627 0.1250000000
82714  3.800  -10.092  87.638 0.1250000000
82715  3.674  -10.578  87.675 0.1250000000
82786  53.260  -10.306  80.184 0.8750000000
82811  53.186  -9.838  79.988 0.8750000000
82833  45.931  -9.670  76.313 0.5000000000
83489  16.197  -8.821  103.082 0.1250000000
83490  19.429  -9.985  103.255 0.1250000000
83492  19.422  -10.146  102.710 0.1250000000
83606  3.894  -9.408  87.906 0.1250000000
83614  26.773  -9.430  87.247 0.1250000000
83689  52.741  -9.225  79.913 0.5000000000
84367  18.201  -8.528  104.008 0.1250000000
84368  17.663  -8.360  103.959 0.1250000000
84370  18.832  -8.400  103.180 0.1250000000
84402  3.168  -7.960  98.569 0.2500000000
84421  3.728  -8.698  95.892 0.2500000000
84500  4.225  -8.316  87.701 0.1250000000
84560  51.802  -8.291  79.793 0.5000000000
84561  51.264  -7.807  79.768 0.8750000000
85268  18.349  -7.004  102.790 0.1250000000
85300  3.724  -7.948  99.126 0.2500000000
85425  5.518  -7.632  87.503 0.1250000000
85475  50.209  -7.511  79.459 0.6250000000
86197  17.852  -6.397  103.040 0.1250000000
86198  17.421  -6.132  103.470 0.1250000000
86338  6.939  -6.657  87.872 0.1250000000
87057  17.487  -5.677  103.148 0.1250000000
87061  17.655  -5.420  102.715 0.1250000000
87064  18.062  -5.812  102.353 0.1250000000
87114  2.711  -4.948  95.383 0.1250000000
87343  55.492  -4.715  73.249 0.1250000000
87344  55.081  -4.918  74.007 0.2500000000
88246  55.945  -4.070  72.199 0.1250000000
88899  15.020  -3.272  103.130 0.1250000000
88900  16.383  -3.404  103.078 0.2500000000
88902  14.283  -3.167  102.698 0.1250000000
89002  9.744  -3.701  91.857 0.1250000000
89217  56.967  -2.407  69.612 0.1250000000
89803  16.163  -2.715  102.784 0.1250000000
89808  13.270  -2.794  102.106 0.1250000000
89857  2.436  -3.116  95.273 0.1250000000
89870  2.564  -2.820  94.596 0.1250000000
90137  57.645  -1.922  68.933 0.1250000000
90138  57.137  -1.782  69.088 0.1250000000
90843  2.642  -2.469  95.873 0.1250000000
91741  6.368  -0.146  104.355 0.1250000000
92645  8.650  0.297  104.506 0.1250000000
92650  12.763  0.528  102.485 0.1250000000
92651  12.003  0.673  103.157 0.1250000000
92654  9.421  0.407  104.313 0.1250000000
92669  14.556  0.924  99.837 0.1250000000
93611  14.785  2.054  97.777 0.1250000000
93643  15.022  2.141  96.378 0.1250000000
94521  9.270  2.047  98.300 0.1250000000
94541  14.755  2.289  96.692 0.1250000000
94560  15.273  2.571  95.139 0.1250000000
96348  7.248  4.069  98.902 0.1250000000
96350  3.701  4.238  99.427 0.1250000000
98796  3.078  7.202  92.115 0.1250000000
98816  4.269  6.988  91.000 0.1250000000
99646  3.515  7.746  91.922 0.1250000000
101888  3.696  11.547  93.215 0.1250000000
125453  30.923  -49.725  94.046 0.6250000000
125835  38.421  -20.018  93.919 0.3750000000
126038  33.620  -40.911  93.985 0.7500000000
126340  25.448  -48.738  95.395 0.6250000000
126490  17.525  -25.547  99.904 0.7500000000
126584  9.933  -50.455  100.641 0.2500000000
126931  33.475  -16.856  94.620 0.1250000000
127084  9.042  -50.317  100.912 0.3750000000
127198  28.038  -30.253  87.625 0.8750000000
127211  29.893  -17.467  90.912 0.1250000000
127285  5.485  -37.432  85.260 0.8750000000
127356  19.204  -23.106  90.995 1.0000000000
127405  30.541  -22.575  90.250 0.3750000000
127899  19.259  -25.543  102.532 0.6250000000
127989  37.823  -31.351  93.359 0.7500000000
128144  30.652  -43.982  87.658 0.1250000000
128477  44.271  -27.488  85.511 0.3750000000
128585  11.477  -22.563  87.790 0.6250000000
128744  35.363  -16.885  94.196 0.1250000000
129008  26.887  -49.516  94.586 0.5000000000
129280  5.185  -45.791  87.546 0.1250000000
129410  14.567  -32.344  88.331 1.0000000000
129595  14.613  0.806  96.894 0.1250000000
129677  34.053  -15.528  94.620 0.1250000000
129728  38.890  -26.352  89.404 0.8750000000
129825  35.527  -42.334  91.040 0.5000000000
129898  34.450  -20.431  95.876 0.1250000000
129951  14.639  -29.877  86.849 1.0000000000
130142  20.479  -19.178  99.440 0.6250000000
130251  27.160  -30.497  87.915 0.8750000000
130367  6.996  -22.557  97.574 0.8750000000
130418  19.544  -34.967  84.752 1.0000000000
131110  58.189  -4.387  67.648 0.1250000000
131136  34.027  -46.147  93.844 0.5000000000
131269  3.070  -14.952  87.987 0.2500000000
131641  30.330  -40.152  91.841 1.0000000000
131676  37.421  -26.224  88.961 0.8750000000
131905  13.847  -24.811  102.982 0.7500000000
132107  36.097  -40.430  89.962 0.3750000000
132310  26.165  -49.493  94.240 0.5000000000
132374  20.351  -18.841  87.051 0.3750000000
132434  52.379  -8.974  80.061 0.8750000000
132474  6.844  -51.847  99.782 0.1250000000
132848  36.026  -41.069  91.699 0.5000000000
133082  40.453  -21.065  87.147 0.7500000000
133362  32.393  -16.383  94.483 0.1250000000
133658  16.877  -10.052  103.653 0.3750000000
133728  14.487  -30.193  87.585 1.0000000000
133753  18.608  -9.966  104.192 0.1250000000
134029  36.321  -15.532  94.476 0.1250000000
134147  23.276  -41.473  91.675 1.0000000000
134174  38.404  -31.666  90.050 0.5000000000
134210  4.272  -28.011  88.129 0.8750000000
134577  48.289  -18.028  74.504 0.1250000000
134894  52.291  -20.549  74.145 0.5000000000
135010  4.370  -10.657  87.269 0.1250000000
135448  56.819  -1.516  68.269 0.1250000000
135598  5.727  -37.241  86.108 0.8750000000
136087  20.379  -46.656  91.198 0.1250000000
136341  6.328  -21.353  104.732 0.7500000000
136382  22.516  -26.179  82.759 0.8750000000
136672  27.870  -48.403  91.434 0.3750000000
136675  39.490  -20.623  93.089 0.3750000000
136924  30.692  -32.815  97.494 1.0000000000
137163  15.398  -26.602  87.893 0.8750000000
137615  5.356  -18.392  86.224 0.3750000000
137760  40.677  -20.820  92.254 0.5000000000
137777  18.356  -6.243  102.112 0.1250000000
137805  27.075  -49.609  94.330 0.5000000000
138269  37.612  -21.341  87.892 0.5000000000
138603  37.614  -18.535  88.284 0.2500000000
138630  12.378  -9.042  98.368 0.1250000000
139150  39.543  -23.403  83.444 0.7500000000
139279  32.938  -12.848  94.980 0.1250000000
139349  10.707  -17.132  93.041 0.6250000000
139361  31.329  -39.154  93.689 1.0000000000
139454  15.735  -31.134  85.246 1.0000000000
139488  8.916  -30.890  93.420 0.8750000000
139730  3.242  -23.720  98.785 0.8750000000
140018  10.646  -38.766  91.170 0.8750000000
140285  5.659  -19.873  104.319 0.7500000000
140398  5.292  -25.918  83.039 0.3750000000
140441  26.549  -49.438  93.410 0.5000000000
140639  31.551  -48.185  94.738 0.7500000000
141077  35.973  -39.081  92.950 0.6250000000
141119  32.374  -18.556  80.894 0.1250000000
141426  35.082  -37.243  92.437 0.6250000000
141638  12.349  -24.272  84.989 0.5000000000
141730  29.361  -31.988  97.582 1.0000000000
141740  4.873  -9.521  88.526 0.1250000000
141777  16.939  -5.540  103.687 0.1250000000
142016  15.182  -26.263  104.179 0.7500000000
142110  33.538  -46.752  94.023 0.5000000000
142205  23.053  -41.368  90.097 1.0000000000
142253  3.426  -36.158  79.548 0.5000000000
142653  3.389  -22.832  96.900 0.8750000000
142742  5.129  -38.020  81.310 0.6250000000
143027  7.926  -51.144  100.879 0.1250000000
143215  29.070  -34.370  95.315 1.0000000000
143316  15.104  1.733  95.812 0.1250000000
143346  8.631  -51.094  100.918 0.1250000000
143459  11.117  -28.461  83.663 0.7500000000
143559  52.431  -13.460  80.696 0.7500000000
143791  4.346  -17.491  87.032 0.2500000000
143943  7.055  -49.034  100.882 0.3750000000
144027  27.165  -30.434  93.992 1.0000000000
144044  17.402  -26.098  103.515 0.6250000000
144257  4.522  -22.616  93.210 0.8750000000
144266  29.352  -47.024  94.373 0.8750000000
144479  33.171  -16.788  94.733 0.1250000000
144500  14.391  1.632  99.281 0.1250000000
144632  24.876  -37.128  85.898 1.0000000000
144655  35.279  -40.942  92.877 0.5000000000
144727  4.001  9.998  92.235 0.1250000000
144799  24.635  -35.923  86.192 1.0000000000
144941  3.801  -33.045  86.882 0.8750000000
145056  25.661  -40.786  87.553 1.0000000000
145239  6.645  -35.302  81.738 0.6250000000
145470  7.307  -8.273  89.868 0.1250000000
145534  8.314  -26.323  93.825 0.8750000000
145656  11.218  -18.954  91.297 0.6250000000
145723  46.918  -25.373  86.134 0.6250000000
145860  26.037  -49.218  92.495 0.5000000000
145929  30.427  -15.295  91.961 0.1250000000
145931  43.502  -28.289  85.935 0.5000000000
146048  23.246  -31.620  84.974 0.8750000000
146118  23.242  -36.178  85.473 1.0000000000
146211  26.464  -35.561  88.434 1.0000000000
146233  6.880  -4.989  94.370 0.2500000000
146252  57.562  -5.985  69.328 0.1250000000
146377  50.134  -19.787  84.650 1.0000000000
146415  31.794  -23.298  93.570 0.3750000000
146535  45.276  -12.057  74.575 0.1250000000
146609  3.344  -32.803  80.267 0.5000000000
146645  3.394  -36.002  79.213 0.3750000000
146737  33.017  -34.300  96.510 0.8750000000
146832  5.891  -20.992  102.938 0.7500000000
147032  11.887  -19.544  87.717 0.3750000000
147042  24.760  -48.510  95.585 0.6250000000
147126  35.838  -20.855  88.944 0.3750000000
147246  27.495  -24.375  81.807 0.5000000000
147254  4.032  -46.009  93.110 0.2500000000
147554  32.605  -22.799  91.075 0.3750000000
147865  6.564  -32.298  80.688 0.5000000000
147884  48.948  -13.190  85.218 1.0000000000
147938  23.121  -25.223  100.694 0.6250000000
148002  11.987  -33.197  94.761 1.0000000000
148196  9.076  -17.586  97.863 0.6250000000
148253  4.685  -43.466  85.020 0.1250000000
148366  39.397  -16.461  80.649 0.1250000000
148395  45.941  -17.724  85.545 0.8750000000
148542  32.109  -30.365  92.190 0.8750000000
148586  42.129  -17.145  87.413 0.1250000000
148588  16.234  -26.344  86.479 0.8750000000
148596  33.713  -31.523  96.947 0.8750000000
148616  4.850  -31.825  93.331 0.8750000000
148629  11.364  -0.543  103.301 0.1250000000
148686  27.596  -30.370  87.773 0.8750000000
148766  32.684  -16.898  94.595 0.1250000000
148785  34.700  -18.066  94.717 0.1250000000
148864  32.495  -47.407  94.524 0.6250000000
148968  42.491  -29.099  87.747 0.6250000000
149114  19.879  -24.082  97.355 1.0000000000
149142  22.760  -24.560  102.124 0.6250000000
149226  5.865  -32.495  92.777 0.8750000000
149248  3.385  -15.929  90.106 0.3750000000
149315  27.245  -49.552  94.617 0.5000000000
149382  33.685  -37.168  89.362 0.2500000000
149496  21.217  -33.873  88.006 1.0000000000
149613  48.952  -17.109  85.558 1.0000000000
149648  21.987  -25.226  90.413 0.7500000000
149651  8.695  -7.423  98.916 0.2500000000
149667  36.317  -18.387  85.898 0.1250000000
149696  32.764  -34.479  90.700 0.3750000000
149752  39.172  -30.569  92.792 1.0000000000
149753  10.119  -51.427  100.023 0.1250000000
149873  25.518  -22.657  80.847 0.5000000000
149952  36.237  -15.039  94.453 0.1250000000
149974  5.026  -36.965  85.035 0.8750000000
150012  33.938  -28.165  87.496 0.8750000000
150013  4.668  10.754  97.634 0.1250000000
150043  9.744  -42.314  83.795 0.1250000000
150057  5.028  -48.700  98.548 0.2500000000
150089  9.772  1.279  100.336 0.1250000000
150188  44.213  -26.606  84.217 0.2500000000
150234  32.344  -17.646  94.466 0.1250000000
150237  35.683  -40.201  88.692 0.1250000000
150484  4.047  -45.331  92.884 0.3750000000
150528  35.999  -40.991  89.831 0.3750000000
150700  15.821  -26.254  87.226 0.8750000000
150744  56.929  -2.122  69.283 0.1250000000
150850  11.408  0.978  102.004 0.1250000000
150855  39.533  -20.301  93.465 0.3750000000
150911  3.063  -6.458  96.554 0.1250000000
150934  56.513  -14.138  72.128 0.3750000000
150949  35.579  -19.028  82.571 0.1250000000
151025  28.370  -32.167  97.132 1.0000000000
151066  34.177  -22.976  85.028 0.6250000000
151097  56.463  -14.888  72.503 0.3750000000
151123  30.728  -48.476  91.046 0.3750000000
151192  6.442  -33.818  80.740 0.5000000000
151256  14.769  -7.396  101.458 0.1250000000
151326  7.472  11.513  91.424 0.1250000000
151339  46.405  -24.247  86.671 0.7500000000
151586  18.138  -14.994  84.051 0.1250000000
151697  23.223  -47.035  97.166 0.7500000000
151766  8.239  -0.081  104.559 0.1250000000
