#!ascii label  , from subject sub-01 vox2ras=TkReg
2986
37400  25.215  -56.207  93.870 0.5555559993
35589  25.461  -57.774  91.842 0.4444440007
134223  26.239  -57.543  92.828 0.4444440007
35575  25.748  -57.645  92.752 0.4444440007
36482  24.556  -57.232  93.420 0.5555559993
36471  25.171  -57.119  93.572 0.4444440007
35563  25.789  -57.377  93.151 0.4444440007
36470  26.176  -56.968  93.129 0.5555559993
36461  25.370  -56.753  93.644 0.5555559993
36515  25.247  -57.635  90.788 0.4444440007
148755  25.239  -56.993  93.588 0.5555559993
126151  23.730  -57.187  92.568 0.4444440007
38440  25.141  -55.644  93.897 0.4444440007
38439  25.926  -56.069  93.513 0.4444440007
37388  24.585  -55.854  94.557 0.4444440007
37399  25.854  -56.529  93.446 0.5555559993
134514  26.289  -57.773  92.336 0.4444440007
35562  26.170  -57.417  92.866 0.4444440007
127291  24.781  -56.789  94.013 0.5555559993
36472  24.293  -57.012  94.360 0.5555559993
36462  24.130  -56.637  94.832 0.5555559993
132783  22.598  -56.942  92.541 0.4444440007
36483  23.304  -57.096  93.709 0.5555559993
36518  22.342  -56.691  90.898 0.2222220004
37443  21.445  -56.571  91.381 0.1111110002
37457  21.126  -56.492  90.650 0.1111110002
39451  24.919  -55.255  94.117 0.3333329856
134653  24.466  -55.345  94.644 0.4444440007
150938  25.924  -55.796  93.455 0.4444440007
35587  27.334  -57.544  91.972 0.4444440007
132190  26.720  -56.814  92.595 0.4444440007
37414  26.449  -56.424  93.078 0.4444440007
139794  26.120  -57.886  91.412 0.4444440007
35574  26.693  -57.553  92.410 0.4444440007
36473  23.495  -57.150  94.786 0.5555559993
36500  22.208  -56.730  91.737 0.4444440007
36484  21.986  -56.956  93.378 0.4444440007
35586  28.099  -57.403  91.493 0.4444440007
36481  28.139  -57.084  91.542 0.4444440007
136029  28.029  -56.667  91.613 0.4444440007
37412  27.836  -56.251  91.740 0.4444440007
38463  25.980  -55.310  93.029 0.3333329856
39462  25.275  -55.006  93.398 0.3333329856
35597  28.313  -57.627  91.236 0.3333329856
35572  27.535  -57.388  91.805 0.4444440007
37413  27.204  -56.557  92.186 0.4444440007
38462  26.853  -55.931  92.688 0.4444440007
35599  26.971  -57.769  90.466 0.3333329856
149744  26.741  -57.964  91.137 0.3333329856
39480  26.723  -55.499  92.491 0.3333329856
128547  26.122  -55.003  92.262 0.3333329856
39501  24.900  -54.630  91.793 0.3333329856
35600  26.101  -57.733  90.515 0.2222220004
36501  20.767  -56.811  92.043 0.1111110002
133863  21.585  -56.748  92.364 0.2222220004
36479  29.834  -56.381  91.212 0.4444440007
37427  29.488  -56.152  91.349 0.5555559993
38460  29.133  -55.951  91.444 0.4444440007
137224  29.630  -56.678  91.046 0.3333329856
36480  29.012  -56.617  91.261 0.4444440007
37428  28.725  -56.225  91.437 0.4444440007
137442  28.392  -56.035  91.577 0.4444440007
36495  29.193  -57.084  91.012 0.3333329856
35585  28.643  -57.358  91.192 0.3333329856
36496  28.821  -57.114  91.193 0.4444440007
39478  28.474  -55.838  91.579 0.5555559993
36513  28.769  -57.482  90.735 0.3333329856
36514  27.910  -57.738  90.603 0.3333329856
38461  27.544  -56.053  92.021 0.4444440007
36534  27.273  -57.429  89.656 0.2222220004
39500  25.641  -54.728  91.440 0.3333329856
39482  24.605  -54.613  92.624 0.2222220004
37426  30.108  -56.077  91.377 0.4444440007
38459  29.785  -55.857  91.374 0.5555559993
39477  29.558  -55.636  91.326 0.5555559993
36494  30.783  -56.464  91.017 0.3333329856
129579  30.390  -56.611  90.855 0.3333329856
39497  28.891  -55.465  91.382 0.5555559993
36553  29.471  -57.222  88.819 0.2222220004
146308  29.448  -57.140  90.491 0.2222220004
39513  28.876  -54.942  90.755 0.4444440007
132569  28.137  -55.590  91.630 0.5555559993
36533  28.233  -57.425  89.725 0.2222220004
149125  28.909  -57.139  88.203 0.1111110002
37425  30.962  -56.119  91.258 0.4444440007
38458  30.423  -55.694  91.292 0.5555559993
131145  30.142  -55.047  91.129 0.5555559993
37455  31.537  -56.317  90.737 0.3333329856
37441  31.165  -56.207  91.135 0.3333329856
39496  29.807  -55.043  91.057 0.5555559993
37469  32.741  -55.998  89.697 0.3333329856
36510  31.999  -56.385  90.018 0.3333329856
36511  31.115  -56.553  90.559 0.3333329856
39512  29.470  -54.536  90.409 0.4444440007
141187  32.001  -56.389  89.269 0.1111110002
36551  31.512  -56.603  88.652 0.2222220004
36530  31.341  -56.610  89.724 0.2222220004
141268  30.632  -56.751  90.235 0.2222220004
40478  29.592  -54.083  89.587 0.3333329856
36566  31.911  -56.514  87.933 0.1111110002
36552  30.792  -56.866  89.202 0.1111110002
126176  30.274  -57.055  88.530 0.1111110002
36567  31.254  -56.652  87.705 0.1111110002
36569  29.590  -57.069  87.867 0.1111110002
36579  28.062  -56.794  87.239 0.1111110002
36568  30.425  -56.780  87.360 0.1111110002
36577  29.495  -56.778  86.960 0.1111110002
36578  28.739  -56.661  86.637 0.1111110002
37501  27.402  -56.598  87.069 0.1111110002
37520  26.996  -56.312  86.450 0.1111110002
39495  30.866  -55.054  91.170 0.5555559993
40449  30.803  -54.583  90.990 0.6666669846
37440  31.969  -55.917  90.908 0.4444440007
135992  31.240  -55.358  91.225 0.5555559993
40465  30.191  -54.246  90.497 0.5555559993
37454  32.385  -56.018  90.354 0.4444440007
37439  32.818  -55.540  90.616 0.5555559993
130876  32.433  -55.313  91.111 0.4444440007
41413  31.272  -53.425  89.895 0.6666669846
40477  30.536  -53.724  89.754 0.5555559993
37452  33.920  -55.593  89.222 0.4444440007
36528  33.406  -55.876  89.119 0.4444440007
38480  33.572  -55.247  90.302 0.4444440007
38496  34.670  -55.203  88.613 0.3333329856
37481  34.200  -55.542  88.620 0.3333329856
129047  33.655  -55.846  88.664 0.3333329856
36550  32.469  -56.334  88.532 0.2222220004
37497  33.678  -55.807  88.226 0.3333329856
37498  33.158  -56.015  87.835 0.3333329856
37499  32.500  -56.256  87.712 0.2222220004
37500  31.672  -56.384  87.328 0.1111110002
146875  29.964  -56.506  86.465 0.1111110002
37519  27.975  -56.511  86.440 0.1111110002
37518  28.675  -56.383  85.748 0.1111110002
39474  32.645  -54.383  91.128 0.6666669846
38457  32.078  -54.978  91.230 0.6666669846
40448  31.700  -54.360  90.990 0.6666669846
40463  31.594  -54.023  90.798 0.6666669846
132387  33.337  -54.911  90.915 0.5555559993
39473  33.398  -54.205  91.159 0.5555559993
133888  34.798  -54.894  89.625 0.3333329856
38479  34.102  -55.297  89.711 0.4444440007
38503  35.025  -54.893  88.329 0.3333329856
37467  34.622  -55.271  88.859 0.3333329856
37468  34.095  -55.603  88.890 0.3333329856
40433  32.623  -53.900  91.031 0.6666669846
41405  32.319  -53.641  90.837 0.6666669846
41412  31.925  -53.362  90.360 0.7777780294
38471  34.313  -54.802  90.368 0.5555559993
40432  33.773  -53.522  91.221 0.5555559993
139813  33.130  -53.830  91.146 0.6666669846
41404  33.074  -53.101  90.889 0.6666669846
41411  32.727  -52.824  90.612 0.7777780294
144765  35.110  -54.500  90.117 0.4444440007
39472  34.336  -53.869  91.183 0.5555559993
126575  34.645  -53.206  91.337 0.5555559993
42387  32.927  -51.934  90.416 0.6666669846
38495  35.199  -54.823  88.754 0.3333329856
38487  35.059  -54.890  89.127 0.3333329856
39492  35.671  -54.007  90.211 0.4444440007
40447  35.194  -53.604  91.108 0.6666669846
39550  36.192  -54.122  88.325 0.4444440007
39540  35.587  -54.556  88.451 0.4444440007
39539  35.944  -54.386  88.760 0.4444440007
39527  36.259  -54.017  89.419 0.4444440007
126740  34.014  -52.861  91.298 0.6666669846
128632  33.651  -52.573  91.141 0.6666669846
42371  33.300  -52.271  90.975 0.7777780294
40431  35.974  -53.183  91.036 0.6666669846
41393  34.632  -52.573  91.406 0.6666669846
39510  36.862  -53.551  89.724 0.4444440007
39511  36.241  -53.798  89.909 0.4444440007
39549  36.824  -53.668  88.447 0.5555559993
134437  36.297  -54.151  89.072 0.4444440007
40506  37.269  -53.296  88.264 0.5555559993
42370  33.915  -51.874  91.184 0.6666669846
42386  33.566  -51.542  90.747 0.7777780294
41392  36.380  -52.480  91.134 0.6666669846
41402  35.036  -52.035  91.431 0.6666669846
42369  34.653  -51.643  91.296 0.6666669846
42401  33.190  -51.185  90.014 0.7777780294
40445  37.107  -53.015  90.427 0.5555559993
39538  36.585  -53.910  88.784 0.5555559993
40476  37.485  -53.254  89.455 0.5555559993
140707  37.830  -53.071  89.081 0.5555559993
40505  37.887  -52.950  88.614 0.5555559993
43283  36.503  -50.971  91.061 0.6666669846
43298  36.313  -50.638  90.740 0.6666669846
42366  37.595  -51.936  90.696 0.6666669846
41391  37.093  -52.236  90.862 0.6666669846
42367  36.377  -51.417  91.165 0.6666669846
43284  35.711  -50.943  91.053 0.6666669846
40444  37.619  -52.740  90.255 0.5555559993
41400  37.366  -52.540  90.561 0.5555559993
41401  36.796  -52.841  90.746 0.6666669846
43319  35.439  -50.383  89.560 0.5555559993
40461  37.827  -52.857  89.834 0.5555559993
40462  37.343  -53.170  90.042 0.5555559993
40475  38.041  -52.807  89.398 0.5555559993
41449  38.330  -52.464  88.191 0.5555559993
41448  38.932  -52.025  88.404 0.5555559993
43282  37.725  -50.651  90.816 0.7777780294
44318  37.104  -50.434  90.858 0.6666669846
44332  36.914  -50.049  90.394 0.6666669846
144952  38.024  -51.671  90.592 0.6666669846
42365  37.773  -51.236  90.785 0.6666669846
43318  36.162  -50.313  89.936 0.6666669846
41398  38.513  -51.796  90.270 0.6666669846
125487  38.422  -51.131  90.564 0.7777780294
40489  38.280  -52.697  89.032 0.5555559993
128358  38.674  -52.263  89.323 0.6666669846
41433  38.895  -52.167  88.892 0.5555559993
42418  39.629  -51.506  88.010 0.5555559993
44317  37.707  -50.185  90.771 0.7777780294
44345  37.316  -49.364  89.994 0.6666669846
43281  38.255  -50.544  90.687 0.6666669846
44346  36.679  -49.738  89.466 0.6666669846
43297  39.239  -51.051  90.176 0.6666669846
42384  39.081  -51.571  89.842 0.6666669846
43352  41.225  -50.529  87.705 0.6666669846
42410  39.626  -51.583  88.577 0.5555559993
41421  39.512  -51.677  89.023 0.6666669846
42400  39.281  -51.649  89.425 0.6666669846
42426  40.332  -50.892  87.591 0.6666669846
42417  40.462  -51.064  88.180 0.6666669846
140312  37.838  -48.901  90.470 0.6666669846
45388  38.404  -48.594  90.661 0.6666669846
45399  37.539  -48.488  89.646 0.6666669846
43280  38.921  -50.436  90.513 0.7777780294
44315  38.753  -49.811  90.644 0.6666669846
43365  42.693  -49.651  87.352 0.7777780294
43296  40.100  -50.546  89.729 0.7777780294
43279  39.618  -50.335  90.215 0.7777780294
43351  41.891  -50.100  87.699 0.7777780294
42416  41.248  -50.510  88.214 0.6666669846
43317  40.546  -50.677  89.206 0.6666669846
42383  39.750  -51.137  89.569 0.6666669846
42409  40.350  -51.096  88.675 0.6666669846
46450  38.035  -48.160  90.318 0.6666669846
45386  39.683  -48.365  90.347 0.8888890147
45387  39.035  -48.385  90.623 0.8888890147
46449  38.630  -47.828  90.330 0.8888890147
45412  37.416  -47.828  88.988 0.6666669846
45373  39.968  -49.055  90.290 0.8888890147
45374  39.251  -49.059  90.609 0.8888890147
44371  43.197  -49.424  87.420 0.7777780294
43333  42.445  -49.750  87.912 0.7777780294
44329  41.558  -49.414  89.294 0.8888890147
150926  40.922  -49.618  89.578 0.8888890147
44330  40.289  -49.792  89.950 0.7777780294
44314  39.446  -49.730  90.444 0.7777780294
43379  42.819  -49.527  86.577 0.7777780294
43350  42.279  -49.840  87.656 0.7777780294
43335  41.971  -50.029  88.025 0.7777780294
126067  41.566  -50.186  88.433 0.7777780294
43316  41.204  -50.321  88.863 0.7777780294
42398  40.874  -50.640  88.730 0.6666669846
44405  42.888  -49.306  85.660 0.6666669846
133978  39.546  -47.077  89.858 0.7777780294
46471  38.862  -47.168  89.898 0.6666669846
46470  40.050  -47.257  89.794 0.8888890147
46448  39.434  -47.613  90.205 0.8888890147
45384  41.996  -48.370  89.244 0.8888890147
46446  41.038  -48.253  89.620 0.8888890147
46447  40.189  -47.851  89.981 0.8888890147
142146  43.802  -48.920  87.231 0.7777780294
44357  43.415  -49.031  87.870 0.8888890147
44358  42.900  -49.452  88.035 0.7777780294
44343  42.790  -49.112  88.485 0.8888890147
45398  42.609  -48.555  88.808 0.8888890147
44389  43.209  -49.420  86.687 0.7777780294
44359  42.393  -49.579  88.326 0.7777780294
43315  41.777  -49.853  88.715 0.8888890147
45436  44.243  -48.672  86.392 0.7777780294
44388  43.728  -49.083  86.067 0.6666669846
44404  43.650  -48.909  85.264 0.6666669846
44426  43.108  -49.033  84.913 0.6666669846
47573  39.953  -46.910  89.423 0.7777780294
46469  40.803  -47.565  89.517 0.8888890147
47572  40.648  -47.077  89.271 0.7777780294
45410  43.878  -48.409  87.710 0.8888890147
45411  43.506  -48.465  88.162 0.8888890147
45397  43.132  -48.465  88.462 0.8888890147
46467  42.543  -47.872  88.811 0.8888890147
47594  41.423  -46.903  88.682 0.8888890147
47595  40.566  -46.727  88.744 0.7777780294
45425  44.381  -48.260  87.084 0.8888890147
47570  42.365  -47.426  88.721 0.8888890147
134885  42.144  -47.085  88.607 0.8888890147
45446  44.268  -48.620  85.546 0.6666669846
45435  44.797  -48.099  85.748 0.7777780294
44425  43.478  -48.756  84.642 0.6666669846
47617  40.375  -46.290  87.991 0.6666669846
46505  44.308  -47.617  87.606 0.8888890147
144558  43.929  -47.950  87.910 0.8888890147
46486  43.537  -47.746  88.204 0.8888890147
48644  43.145  -45.851  87.438 0.8888890147
47616  41.329  -46.471  88.002 0.7777780294
48646  41.061  -45.975  87.217 0.6666669846
45424  44.823  -47.942  86.375 0.8888890147
140113  43.636  -46.938  88.034 0.8888890147
47592  43.007  -47.058  88.150 0.8888890147
47615  42.468  -46.695  88.020 0.8888890147
148976  45.173  -47.587  85.854 0.8888890147
45445  44.807  -48.026  85.141 0.7777780294
46484  44.731  -46.707  87.588 0.8888890147
47591  44.250  -45.996  88.063 0.8888890147
48656  42.534  -45.587  86.692 0.5555559993
48657  41.745  -45.662  86.488 0.6666669846
151483  43.851  -46.296  88.029 0.8888890147
48635  43.560  -46.374  88.005 0.8888890147
49611  42.329  -45.162  86.017 0.5555559993
46520  45.581  -46.680  86.114 0.8888890147
46521  45.273  -47.267  86.287 0.8888890147
47657  45.769  -46.287  85.537 0.8888890147
145272  45.225  -47.464  85.372 0.7777780294
46543  45.247  -47.269  84.889 0.7777780294
47590  44.610  -45.856  87.995 0.7777780294
51770  42.654  -43.190  85.919 0.5555559993
50632  42.468  -43.803  85.487 0.4444440007
126475  45.189  -45.862  87.595 0.8888890147
48634  44.362  -45.377  88.207 0.8888890147
48643  43.859  -45.536  88.060 0.8888890147
50625  42.991  -43.937  86.381 0.7777780294
49618  42.612  -44.530  85.907 0.5555559993
47614  45.290  -46.694  86.870 0.8888890147
140834  43.335  -44.342  87.131 0.7777780294
51779  41.629  -43.106  84.505 0.2222220004
143641  45.693  -46.028  86.412 0.8888890147
47677  45.614  -46.423  84.729 0.6666669846
47696  45.480  -46.219  84.293 0.6666669846
47676  46.005  -45.637  84.695 0.7777780294
147432  45.760  -45.929  84.486 0.7777780294
48632  44.811  -45.124  88.239 0.8888890147
48633  44.637  -45.259  88.219 0.7777780294
51771  42.196  -42.922  85.119 0.3333329856
139132  41.888  -42.024  85.407 0.2222220004
144663  45.181  -45.041  87.854 0.8888890147
49596  44.792  -44.657  88.321 0.7777780294
49597  44.319  -44.856  88.344 0.7777780294
50616  43.670  -44.020  88.005 0.6666669846
50617  43.273  -43.659  87.286 0.7777780294
48642  45.595  -45.438  87.024 0.8888890147
48672  46.202  -45.037  85.311 0.8888890147
48687  46.355  -44.928  84.881 0.7777780294
137415  45.703  -44.727  83.464 0.6666669846
49632  46.627  -44.093  84.782 0.7777780294
49656  45.768  -44.009  83.170 0.6666669846
49655  46.243  -43.822  83.781 0.6666669846
50681  46.011  -43.341  83.507 0.5555559993
51763  42.400  -42.446  86.042 0.2222220004
49595  45.126  -44.527  88.412 0.8888890147
50608  43.893  -43.935  88.380 0.7777780294
134845  43.286  -43.054  88.034 0.7777780294
51762  42.886  -42.924  86.924 0.6666669846
52896  41.410  -41.583  85.002 0.1111110002
49601  45.691  -44.664  86.729 0.8888890147
50607  45.023  -43.968  88.416 0.8888890147
50597  44.421  -43.466  88.301 0.8888890147
50609  43.789  -43.213  88.354 0.7777780294
145125  46.132  -44.066  86.051 0.8888890147
50631  46.887  -43.398  85.306 0.7777780294
50661  46.834  -42.770  84.393 0.7777780294
49664  45.099  -43.889  82.392 0.5555559993
50699  44.592  -43.758  81.773 0.4444440007
51786  46.337  -42.790  83.927 0.6666669846
50683  44.919  -43.394  82.262 0.4444440007
51820  44.563  -43.164  81.870 0.2222220004
51838  43.548  -43.277  80.875 0.2222220004
51800  45.711  -42.843  83.329 0.4444440007
51802  44.455  -42.640  82.119 0.3333329856
51822  43.247  -42.658  81.273 0.2222220004
52934  42.799  -42.077  81.804 0.2222220004
52949  42.205  -42.299  81.184 0.2222220004
52924  42.228  -41.309  82.295 0.2222220004
52936  40.686  -41.000  81.200 0.2222220004
55042  39.732  -39.786  80.193 0.2222220004
51753  42.418  -41.958  86.996 0.3333329856
145818  42.011  -41.748  86.244 0.3333329856
53972  40.342  -40.197  85.200 0.2222220004
53966  40.685  -39.759  86.107 0.2222220004
51752  42.804  -42.254  87.956 0.6666669846
136477  41.477  -41.202  85.857 0.2222220004
50614  45.850  -43.645  86.502 0.8888890147
50615  45.123  -43.445  87.604 0.8888890147
138644  44.636  -43.629  88.318 0.8888890147
146290  43.590  -42.268  88.348 0.7777780294
51730  43.422  -42.378  88.395 0.7777780294
51761  46.849  -42.729  85.967 0.8888890147
132171  47.254  -42.721  85.258 0.7777780294
51778  46.784  -42.213  84.326 0.7777780294
52912  46.235  -41.978  83.992 0.6666669846
52905  46.223  -41.402  84.249 0.5555559993
128584  45.678  -41.805  83.737 0.5555559993
52913  44.872  -41.779  83.235 0.3333329856
53994  42.535  -40.770  82.869 0.3333329856
53987  42.861  -40.056  83.447 0.3333329856
53995  41.711  -40.341  82.380 0.3333329856
54000  40.512  -40.148  81.248 0.2222220004
137885  41.286  -40.349  86.536 0.3333329856
52890  41.935  -41.043  86.969 0.4444440007
151336  40.921  -40.515  85.764 0.2222220004
52880  42.422  -41.424  87.835 0.5555559993
132963  45.151  -41.660  87.061 0.8888890147
52864  44.402  -41.763  87.709 0.7777780294
132753  43.772  -41.925  88.313 0.7777780294
52851  43.230  -41.479  88.378 0.6666669846
143561  42.903  -41.696  88.366 0.7777780294
53956  46.453  -40.351  87.411 0.8888890147
52879  46.324  -41.157  86.894 0.8888890147
51750  46.889  -41.905  86.288 0.8888890147
51760  47.433  -42.058  85.794 0.8888890147
52878  47.129  -41.023  86.552 0.8888890147
52877  47.380  -41.234  86.228 0.8888890147
52889  47.503  -41.460  85.847 0.7777780294
53954  47.078  -40.364  87.086 0.8888890147
144428  47.336  -41.395  84.936 0.7777780294
53977  46.946  -40.960  84.816 0.7777780294
53985  45.261  -41.183  84.012 0.4444440007
53986  43.720  -40.429  83.831 0.3333329856
143705  42.136  -40.693  87.824 0.4444440007
53957  41.695  -40.089  87.412 0.4444440007
53943  44.313  -40.637  87.756 0.7777780294
52850  43.142  -40.792  88.407 0.7777780294
53944  42.904  -40.330  88.445 0.6666669846
53945  42.220  -39.915  88.142 0.5555559993
128988  41.631  -39.172  87.718 0.4444440007
54998  41.120  -39.426  86.938 0.5555559993
53941  46.782  -39.688  87.692 0.8888890147
54984  47.100  -39.643  87.505 0.8888890147
134947  47.332  -39.946  87.038 0.8888890147
53970  47.487  -40.900  85.796 0.8888890147
53971  47.256  -40.481  85.596 0.6666669846
55016  45.696  -39.442  85.176 0.6666669846
56040  44.830  -38.516  84.782 0.5555559993
57094  44.588  -37.707  84.134 0.5555559993
136750  45.022  -37.204  83.469 0.5555559993
53978  45.750  -40.452  84.637 0.6666669846
55017  44.960  -39.579  84.709 0.5555559993
56049  43.918  -38.303  83.988 0.4444440007
54973  41.995  -39.011  88.245 0.6666669846
53933  43.024  -39.681  88.527 0.7777780294
54972  42.570  -39.221  88.475 0.6666669846
54971  44.810  -39.507  88.029 0.8888890147
54970  46.150  -39.257  88.163 0.8888890147
53942  45.741  -40.021  87.726 0.8888890147
54983  47.302  -39.251  87.430 0.7777780294
56027  46.786  -38.533  86.150 0.7777780294
57073  46.283  -37.520  85.650 0.7777780294
148487  46.642  -36.928  85.719 0.7777780294
135727  47.370  -40.236  86.463 0.7777780294
55008  47.338  -39.681  86.354 0.7777780294
55009  46.632  -39.451  85.684 0.6666669846
56028  45.861  -38.443  85.460 0.5555559993
57106  45.833  -36.832  83.944 0.6666669846
144526  46.004  -36.925  82.857 0.5555559993
58114  47.332  -36.329  82.153 0.4444440007
55996  42.197  -38.559  88.360 0.5555559993
141143  43.303  -39.541  88.462 0.6666669846
54961  42.887  -38.858  88.586 0.5555559993
56005  41.707  -38.308  87.900 0.5555559993
54959  45.037  -38.610  88.427 0.8888890147
134581  44.015  -38.410  88.553 0.7777780294
54969  46.829  -39.143  87.927 0.8888890147
54968  47.088  -39.000  87.768 0.8888890147
56014  47.396  -38.755  87.364 0.7777780294
56026  47.246  -38.002  86.841 0.7777780294
150041  47.012  -37.506  86.415 0.7777780294
58072  47.139  -36.451  85.641 0.7777780294
58089  47.235  -36.261  84.538 0.7777780294
58097  47.929  -36.129  83.743 0.6666669846
58105  47.711  -36.337  82.858 0.5555559993
59006  47.844  -35.679  81.815 0.6666669846
55983  43.027  -38.260  88.591 0.5555559993
55981  44.525  -37.904  88.669 0.8888890147
55982  43.641  -38.024  88.623 0.7777780294
55994  46.217  -38.561  88.391 0.8888890147
55980  45.435  -38.003  88.617 0.8888890147
55993  46.804  -38.451  88.123 0.8888890147
56004  47.262  -38.592  87.559 0.7777780294
146490  47.303  -38.136  87.432 0.7777780294
57057  47.316  -37.119  87.265 0.7777780294
57072  47.319  -36.753  86.698 0.7777780294
58071  47.590  -35.807  85.865 0.7777780294
58087  48.343  -35.416  84.864 0.6666669846
58096  48.503  -35.626  83.976 0.6666669846
58971  48.774  -35.129  84.106 0.7777780294
58104  48.442  -35.838  83.262 0.7777780294
58981  49.048  -34.782  83.603 0.7777780294
59907  49.366  -34.613  82.647 0.8888890147
59915  48.436  -34.796  81.419 0.7777780294
135178  44.916  -36.830  88.796 0.8888890147
55979  46.090  -37.725  88.525 0.8888890147
58012  46.224  -36.967  88.446 0.8888890147
57039  47.185  -37.677  87.562 0.7777780294
57056  47.261  -36.862  87.315 0.7777780294
58027  46.855  -36.640  87.866 0.8888890147
58057  47.541  -35.970  86.785 0.7777780294
58058  47.549  -36.101  86.754 0.7777780294
58070  47.806  -35.362  85.934 0.8888890147
59885  48.475  -34.468  85.365 0.8888890147
135740  48.582  -34.944  84.970 0.7777780294
150401  47.769  -35.047  86.519 0.8888890147
59884  48.865  -34.390  84.536 0.7777780294
58013  45.611  -36.477  88.626 0.8888890147
58028  46.291  -36.293  88.396 0.8888890147
58922  46.455  -35.767  88.175 0.8888890147
58937  47.303  -35.508  87.329 0.8888890147
58043  47.363  -36.324  87.237 0.7777780294
59860  47.684  -34.987  86.809 0.8888890147
59874  47.602  -34.284  86.579 0.7777780294
58923  45.674  -35.735  88.527 0.6666669846
59851  46.098  -35.109  88.122 0.7777780294
59850  46.762  -35.323  87.713 0.8888890147
60782  46.357  -33.986  87.159 0.6666669846
59861  47.245  -34.794  87.220 0.8888890147
60781  47.039  -34.165  87.022 0.6666669846
38441  23.981  -55.206  95.187 0.4444440007
149975  23.892  -56.503  95.193 0.4444440007
37401  24.646  -56.427  94.328 0.5555559993
36464  22.944  -57.174  95.461 0.5555559993
39464  23.714  -54.470  93.277 0.2222220004
38429  24.077  -55.636  95.124 0.4444440007
37389  24.170  -56.256  94.995 0.4444440007
35561  26.652  -57.276  92.510 0.4444440007
35588  26.919  -57.881  91.955 0.4444440007
36463  23.754  -56.933  95.075 0.5555559993
133846  25.588  -55.521  93.585 0.3333329856
39452  24.398  -54.966  94.672 0.3333329856
39463  24.495  -54.726  93.696 0.2222220004
38449  26.456  -55.979  93.191 0.4444440007
144345  26.306  -55.712  93.199 0.3333329856
35573  27.065  -57.489  92.134 0.4444440007
36469  27.305  -57.072  92.057 0.4444440007
149598  26.772  -56.489  92.634 0.4444440007
38448  26.877  -56.190  92.607 0.4444440007
36474  22.514  -57.256  94.542 0.5555559993
38447  27.312  -56.243  92.143 0.4444440007
35598  27.574  -57.832  91.417 0.4444440007
39481  25.439  -54.853  92.443 0.3333329856
39499  26.594  -54.961  91.616 0.3333329856
36535  26.249  -57.363  89.590 0.2222220004
36536  25.394  -57.417  89.948 0.2222220004
144488  30.198  -56.484  91.079 0.3333329856
36512  29.914  -56.830  90.710 0.2222220004
39479  27.534  -55.800  92.048 0.4444440007
36555  27.569  -57.091  88.750 0.2222220004
39498  27.443  -55.350  91.738 0.4444440007
39502  24.189  -54.433  91.675 0.2222220004
39483  23.734  -54.395  92.368 0.2222220004
149236  24.143  -54.517  92.985 0.2222220004
37442  30.461  -56.295  91.213 0.3333329856
36531  30.023  -57.059  89.715 0.2222220004
36532  29.156  -57.301  89.762 0.2222220004
36570  28.806  -56.982  87.468 0.1111110002
38472  31.591  -55.646  91.207 0.4444440007
37453  33.269  -55.632  89.819 0.4444440007
36529  32.672  -56.177  89.242 0.2222220004
126177  30.871  -56.844  88.270 0.1111110002
36575  31.008  -56.456  86.961 0.1111110002
36584  29.369  -56.434  86.071 0.1111110002
40464  31.075  -53.925  90.462 0.6666669846
39475  31.867  -54.696  91.136 0.5555559993
38456  32.739  -54.717  91.139 0.5555559993
150327  33.145  -56.078  88.757 0.3333329856
36549  33.163  -56.092  88.297 0.3333329856
37532  27.844  -56.214  85.594 0.1111110002
39494  34.081  -54.407  90.982 0.6666669846
41394  33.368  -53.277  91.088 0.6666669846
39493  34.963  -54.156  90.721 0.5555559993
38478  35.575  -54.407  89.623 0.4444440007
38494  35.728  -54.494  89.117 0.3333329856
128065  35.412  -52.678  91.357 0.6666669846
41403  34.278  -52.220  91.347 0.6666669846
133798  36.495  -53.274  90.559 0.6666669846
40490  37.306  -53.445  88.834 0.5555559993
42385  34.237  -51.256  91.021 0.7777780294
42354  35.922  -51.942  91.331 0.6666669846
42353  36.737  -51.788  91.106 0.6666669846
42368  35.570  -51.410  91.242 0.6666669846
43300  34.561  -50.843  90.627 0.6666669846
43269  37.130  -51.174  91.015 0.6666669846
41422  38.252  -52.533  89.692 0.5555559993
44316  38.218  -49.976  90.730 0.7777780294
45400  37.040  -49.151  89.203 0.6666669846
42399  40.118  -51.180  89.117 0.6666669846
142224  40.302  -48.481  90.018 0.8888890147
45385  40.806  -49.053  89.762 0.8888890147
46468  41.747  -47.806  89.245 0.8888890147
44328  42.096  -48.903  89.181 0.8888890147
139434  43.170  -48.974  88.269 0.8888890147
44344  42.288  -49.289  88.812 0.8888890147
47571  41.508  -47.296  89.064 0.8888890147
46466  43.101  -47.788  88.473 0.8888890147
47593  42.807  -47.053  88.264 0.8888890147
45461  44.182  -48.507  84.886 0.6666669846
45479  43.975  -48.338  84.421 0.6666669846
48647  40.092  -45.991  87.106 0.6666669846
46504  44.846  -47.454  87.002 0.8888890147
46485  44.118  -46.912  87.921 0.7777780294
48645  42.132  -46.111  87.267 0.7777780294
49604  43.571  -44.957  87.623 0.7777780294
49610  43.030  -44.979  86.616 0.7777780294
133608  45.856  -46.169  85.027 0.8888890147
47658  45.593  -46.768  85.169 0.7777780294
46558  45.143  -47.016  84.464 0.7777780294
46559  44.487  -47.591  84.226 0.6666669846
49603  43.892  -44.919  88.160 0.8888890147
52906  41.489  -42.303  84.528 0.2222220004
48641  45.855  -45.247  86.064 0.8888890147
126662  45.920  -45.686  85.619 0.8888890147
48697  45.847  -45.406  84.083 0.6666669846
49609  46.297  -44.304  85.641 0.7777780294
48696  46.308  -44.788  84.472 0.7777780294
49649  46.155  -44.482  83.877 0.7777780294
147176  46.948  -43.498  85.035 0.7777780294
50642  46.523  -43.310  84.114 0.7777780294
49588  44.884  -44.100  88.414 0.8888890147
49602  45.160  -44.317  87.851 0.8888890147
49589  44.574  -44.028  88.324 0.7777780294
51729  43.880  -42.610  88.378 0.7777780294
50598  43.981  -43.110  88.423 0.7777780294
50624  46.623  -43.441  85.708 0.8888890147
50623  47.199  -42.668  85.554 0.7777780294
51769  47.500  -42.007  85.433 0.7777780294
129992  46.097  -42.418  83.816 0.5555559993
51801  45.041  -42.870  82.595 0.3333329856
50700  44.143  -43.549  81.269 0.3333329856
51821  44.036  -42.899  81.483 0.2222220004
50713  43.132  -43.614  80.171 0.2222220004
50712  43.698  -43.985  80.544 0.2222220004
52922  45.486  -42.329  83.341 0.4444440007
127682  44.836  -42.395  82.706 0.3333329856
52923  44.191  -42.103  82.541 0.3333329856
52933  43.732  -42.382  81.888 0.2222220004
127248  43.181  -41.736  82.469 0.2222220004
128557  41.897  -42.683  80.369 0.2222220004
52935  41.404  -41.439  81.504 0.2222220004
52925  41.614  -41.043  81.985 0.2222220004
53999  41.044  -40.424  81.730 0.2222220004
54007  40.148  -40.432  80.751 0.2222220004
54017  39.128  -40.845  79.410 0.2222220004
51751  45.552  -42.225  86.752 0.8888890147
51739  44.726  -42.684  87.738 0.7777780294
51740  44.221  -42.834  88.343 0.7777780294
130259  43.433  -41.763  88.371 0.7777780294
138890  47.614  -41.868  86.057 0.8888890147
52903  47.354  -41.825  84.869 0.7777780294
52914  43.653  -41.219  83.217 0.3333329856
128983  44.392  -41.001  83.745 0.4444440007
52865  42.660  -40.925  88.265 0.5555559993
52863  45.375  -40.868  87.327 0.8888890147
52849  43.380  -40.985  88.283 0.7777780294
51749  47.498  -41.625  86.296 0.8888890147
52895  47.474  -41.415  85.032 0.8888890147
145676  47.207  -40.854  85.000 0.7777780294
53979  44.507  -40.220  84.267 0.4444440007
53931  43.655  -39.957  88.220 0.7777780294
149164  47.380  -40.448  85.822 0.8888890147
55015  46.499  -40.187  85.204 0.6666669846
57093  45.405  -37.412  84.704 0.7777780294
55018  44.268  -39.206  84.435 0.5555559993
57117  45.252  -37.150  82.214 0.4444440007
56050  43.293  -38.586  83.458 0.3333329856
55022  43.557  -39.437  83.953 0.3333329856
54997  47.448  -39.474  87.038 0.7777780294
130774  47.447  -38.694  86.881 0.7777780294
57092  46.401  -36.732  84.866 0.7777780294
58098  46.863  -36.504  83.553 0.6666669846
58106  46.863  -36.683  82.368 0.5555559993
58115  46.521  -36.584  81.694 0.4444440007
55992  46.929  -38.226  88.052 0.7777780294
58088  47.920  -35.934  84.775 0.7777780294
58995  48.203  -35.889  82.596 0.7777780294
58994  48.903  -35.334  82.966 0.7777780294
59005  48.815  -35.163  82.232 0.7777780294
58982  48.851  -35.269  83.515 0.7777780294
58958  48.906  -34.746  84.128 0.7777780294
59900  49.384  -34.295  83.039 0.8888890147
59893  49.115  -34.357  83.787 0.8888890147
58993  49.167  -34.857  83.192 0.8888890147
132790  46.692  -36.824  88.110 0.8888890147
60816  49.019  -33.840  84.227 0.8888890147
60801  48.765  -33.845  85.000 0.8888890147
38430  23.483  -55.555  95.587 0.4444440007
37390  23.736  -56.189  95.415 0.4444440007
36454  23.523  -56.672  95.437 0.4444440007
149632  23.905  -54.618  94.131 0.2222220004
30478  4.274  -63.285  91.966 0.1111110002
31479  3.784  -62.678  92.000 0.1111110002
29492  4.942  -64.050  91.043 0.1111110002
29491  5.098  -63.632  91.086 0.1111110002
32551  3.431  -61.973  91.793 0.1111110002
30504  7.325  -63.008  89.970 0.1111110002
42388  32.315  -52.408  89.995 0.5555559993
41423  31.646  -52.794  89.571 0.5555559993
28516  10.557  -65.113  95.004 0.1111110002
133137  6.340  -63.853  91.583 0.1111110002
29481  5.462  -63.731  91.720 0.1111110002
29502  7.612  -63.631  91.405 0.1111110002
29503  6.519  -63.739  91.164 0.1111110002
29504  5.563  -63.749  91.163 0.1111110002
30476  4.620  -63.110  92.707 0.1111110002
30488  8.368  -62.994  90.744 0.1111110002
133089  7.328  -63.333  90.657 0.1111110002
30490  5.824  -63.732  90.753 0.1111110002
30502  9.556  -62.573  90.040 0.1111110002
30503  8.300  -62.545  89.892 0.1111110002
150694  7.817  -62.983  90.298 0.1111110002
30489  6.519  -63.465  90.316 0.1111110002
31494  10.061  -62.187  89.260 0.1111110002
31495  9.201  -62.039  89.369 0.1111110002
41424  30.961  -53.172  89.155 0.4444440007
144844  10.057  -63.583  95.723 0.2222220004
29459  9.918  -64.682  94.953 0.1111110002
28521  10.189  -64.761  94.314 0.1111110002
29479  6.837  -64.043  92.045 0.1111110002
29480  6.383  -63.983  92.082 0.1111110002
29471  5.302  -63.466  92.639 0.1111110002
29489  7.098  -63.970  91.859 0.1111110002
29472  4.833  -63.469  92.164 0.1111110002
31475  4.755  -62.815  92.937 0.1111110002
29451  10.538  -63.693  95.742 0.3333329856
30481  8.597  -63.442  91.469 0.1111110002
32544  5.061  -61.796  92.748 0.1111110002
32538  4.687  -62.427  92.766 0.1111110002
30486  10.493  -63.102  90.328 0.1111110002
30501  10.755  -62.717  89.383 0.1111110002
29512  11.307  -63.531  89.615 0.1111110002
41435  31.311  -52.425  88.754 0.5555559993
41425  30.142  -53.510  88.874 0.3333329856
41436  30.616  -52.871  88.347 0.3333329856
40491  29.307  -53.829  88.558 0.2222220004
40492  28.466  -53.988  88.284 0.2222220004
30465  9.330  -63.028  95.601 0.2222220004
28517  9.655  -64.521  94.660 0.1111110002
28526  10.152  -64.705  93.760 0.1111110002
28523  8.154  -64.352  93.227 0.1111110002
127403  6.985  -64.100  92.460 0.1111110002
30475  5.181  -63.010  93.244 0.1111110002
31474  5.347  -62.690  93.295 0.1111110002
30459  9.824  -62.840  95.780 0.3333329856
28534  8.304  -64.308  92.852 0.1111110002
125588  7.669  -64.162  92.374 0.1111110002
29488  8.220  -63.988  92.117 0.1111110002
32537  5.544  -62.326  93.276 0.1111110002
30458  10.359  -62.820  95.670 0.3333329856
29478  8.455  -64.222  92.670 0.1111110002
29487  9.363  -63.666  91.788 0.1111110002
31456  9.223  -61.858  97.345 0.3333329856
29476  10.566  -64.552  92.522 0.1111110002
131297  10.184  -64.657  93.229 0.1111110002
143393  10.289  -64.044  91.917 0.1111110002
29499  11.701  -64.596  90.557 0.1111110002
29501  10.341  -63.576  91.166 0.1111110002
29511  11.701  -64.417  89.718 0.1111110002
42403  31.910  -51.952  89.218 0.4444440007
29519  11.671  -64.235  88.907 0.1111110002
39456  17.932  -54.703  94.731 0.2222220004
41437  29.818  -53.243  88.039 0.2222220004
40425  18.395  -54.315  94.256 0.2222220004
40509  28.985  -53.518  87.795 0.2222220004
40510  28.271  -53.738  87.642 0.1111110002
40493  27.590  -54.025  88.004 0.1111110002
29464  7.852  -64.234  93.816 0.1111110002
29465  6.972  -63.803  93.769 0.1111110002
29461  7.172  -63.387  94.535 0.1111110002
30472  6.612  -63.060  94.365 0.1111110002
31459  9.558  -62.165  96.524 0.3333329856
30460  8.876  -62.398  96.354 0.3333329856
29469  7.336  -64.216  93.067 0.1111110002
29466  6.024  -63.429  93.358 0.1111110002
31471  5.951  -62.802  93.744 0.1111110002
31473  6.178  -62.498  93.806 0.1111110002
32519  9.395  -61.503  97.668 0.3333329856
29500  11.213  -63.808  90.453 0.1111110002
39447  17.108  -55.275  95.887 0.2222220004
144306  16.373  -55.621  95.344 0.2222220004
42402  32.565  -51.579  89.608 0.6666669846
39457  17.174  -55.217  95.273 0.3333329856
38442  16.688  -55.767  94.476 0.2222220004
43301  33.886  -50.899  90.350 0.6666669846
39467  17.945  -54.520  93.611 0.2222220004
125559  18.369  -54.192  93.299 0.2222220004
126707  18.209  -54.065  92.270 0.2222220004
40454  18.150  -53.762  91.438 0.1111110002
146532  26.785  -53.846  87.344 0.1111110002
29455  8.713  -63.449  95.272 0.2222220004
29456  7.894  -63.021  95.457 0.2222220004
30467  7.276  -62.788  95.076 0.1111110002
31467  6.908  -62.344  94.848 0.1111110002
32532  6.894  -62.234  94.484 0.1111110002
29463  8.498  -64.068  94.580 0.1111110002
29460  7.784  -63.444  94.914 0.1111110002
31470  6.589  -62.502  94.228 0.1111110002
33600  9.024  -60.916  97.738 0.3333329856
33603  8.733  -60.321  97.411 0.3333329856
34522  9.281  -59.586  96.813 0.3333329856
35560  9.931  -59.196  94.236 0.1111110002
35559  10.506  -58.640  94.754 0.1111110002
42412  31.587  -51.614  88.430 0.4444440007
150165  11.872  -57.869  94.005 0.1111110002
42413  30.978  -52.087  87.980 0.4444440007
37431  13.002  -57.411  92.955 0.1111110002
39468  17.440  -55.251  94.176 0.2222220004
43321  33.653  -50.693  89.422 0.6666669846
135291  17.473  -55.163  93.280 0.2222220004
37415  15.449  -56.696  93.133 0.1111110002
39486  17.710  -54.614  92.608 0.2222220004
40437  18.080  -54.239  92.695 0.2222220004
40438  17.864  -54.151  91.970 0.2222220004
143249  26.016  -53.972  87.989 0.1111110002
140388  24.825  -53.376  86.889 0.1111110002
40513  24.166  -53.593  87.578 0.1111110002
40453  18.727  -53.730  91.417 0.1111110002
40514  23.283  -53.513  87.434 0.1111110002
40532  23.049  -53.252  86.744 0.1111110002
129629  19.187  -53.648  90.540 0.1111110002
31463  7.887  -62.075  96.049 0.2222220004
31464  7.382  -62.204  95.438 0.1111110002
32529  7.135  -62.049  95.193 0.1111110002
33610  8.356  -61.149  95.818 0.2222220004
32528  7.630  -61.796  95.558 0.1111110002
33607  8.322  -60.725  96.755 0.1111110002
34544  8.969  -60.450  95.317 0.1111110002
34543  9.462  -59.808  94.719 0.1111110002
138421  10.980  -58.443  93.133 0.1111110002
35570  10.517  -58.796  93.759 0.1111110002
41452  29.439  -52.889  87.331 0.2222220004
41453  28.551  -53.212  87.073 0.1111110002
36477  12.362  -57.700  93.547 0.1111110002
41454  27.892  -53.179  86.680 0.1111110002
40511  27.719  -53.644  87.199 0.1111110002
135271  13.842  -56.997  92.714 0.1111110002
130043  25.088  -53.742  87.774 0.1111110002
37416  14.538  -56.858  93.357 0.1111110002
40495  24.398  -53.908  88.367 0.1111110002
40496  23.537  -53.768  88.178 0.1111110002
132320  23.009  -53.956  88.802 0.1111110002
40497  22.639  -53.703  88.077 0.1111110002
132756  22.060  -53.945  88.776 0.1111110002
38464  17.125  -55.541  92.448 0.1111110002
38451  16.348  -56.337  92.812 0.1111110002
39505  17.488  -54.645  91.769 0.1111110002
148871  21.548  -53.640  87.921 0.1111110002
145961  17.914  -53.898  91.513 0.1111110002
41415  18.261  -53.501  90.471 0.1111110002
40516  21.641  -53.185  87.030 0.1111110002
148937  20.353  -53.781  89.237 0.1111110002
150707  19.122  -53.135  89.247 0.1111110002
34552  9.068  -60.667  94.298 0.1111110002
33617  8.553  -61.095  94.909 0.1111110002
33618  7.793  -61.593  95.008 0.1111110002
128747  8.341  -61.415  94.085 0.1111110002
35571  9.996  -59.251  93.438 0.1111110002
143121  11.631  -57.960  93.318 0.1111110002
43322  32.852  -50.886  89.183 0.6666669846
43338  33.404  -50.561  88.548 0.4444440007
40512  25.785  -53.654  87.156 0.1111110002
135824  20.970  -53.853  88.858 0.1111110002
40498  20.541  -53.585  88.152 0.1111110002
40455  17.877  -53.715  90.739 0.1111110002
40515  22.409  -53.419  87.313 0.1111110002
40517  20.610  -53.231  87.339 0.1111110002
40484  19.750  -53.667  89.656 0.1111110002
42411  32.174  -51.200  88.852 0.5555559993
41451  30.224  -52.506  87.638 0.2222220004
42421  30.538  -51.688  87.334 0.3333329856
37429  15.613  -56.630  92.191 0.1111110002
37430  14.734  -56.862  92.472 0.1111110002
44374  34.468  -49.926  87.191 0.4444440007
43353  33.964  -50.286  87.854 0.3333329856
43340  31.829  -50.934  88.125 0.4444440007
42420  31.187  -51.268  87.752 0.4444440007
42422  29.821  -52.118  86.987 0.2222220004
41469  29.088  -52.485  86.687 0.2222220004
38465  16.451  -56.231  91.830 0.1111110002
43357  30.824  -50.951  87.088 0.4444440007
42431  29.999  -51.200  86.707 0.3333329856
42433  28.840  -52.045  86.035 0.1111110002
43356  31.559  -50.697  87.354 0.4444440007
43373  30.555  -50.649  86.530 0.2222220004
42432  29.432  -51.815  86.439 0.2222220004
41470  28.366  -52.702  86.364 0.1111110002
43372  31.207  -50.399  86.668 0.3333329856
43374  30.017  -50.556  86.057 0.2222220004
43375  29.296  -51.160  85.923 0.1111110002
42446  28.478  -51.533  85.461 0.1111110002
42434  28.066  -52.266  85.742 0.1111110002
44393  30.728  -50.173  86.044 0.2222220004
42447  27.710  -51.852  85.099 0.1111110002
143942  21.637  -54.054  89.559 0.1111110002
44415  30.157  -49.959  85.515 0.1111110002
43387  29.489  -50.357  85.479 0.2222220004
43388  28.800  -50.706  85.266 0.1111110002
43389  28.037  -51.012  84.908 0.1111110002
40483  20.714  -53.962  89.660 0.1111110002
40456  17.655  -54.008  91.267 0.1111110002
150813  30.170  -49.433  85.116 0.1111110002
137686  29.620  -49.722  85.062 0.1111110002
44416  29.084  -50.090  85.021 0.1111110002
43399  28.488  -50.238  84.699 0.1111110002
42462  27.301  -51.389  84.486 0.1111110002
44434  29.778  -49.146  84.710 0.1111110002
44435  29.043  -49.493  84.595 0.1111110002
45468  30.028  -48.477  84.277 0.1111110002
131715  29.396  -48.894  84.235 0.1111110002
45486  29.191  -48.186  83.822 0.1111110002
141701  10.338  -58.965  92.884 0.1111110002
37446  14.040  -57.067  91.833 0.1111110002
34551  9.552  -59.999  93.602 0.1111110002
37445  14.898  -56.829  91.600 0.1111110002
37444  15.707  -56.572  91.313 0.1111110002
43339  32.589  -50.741  88.374 0.5555559993
40528  27.200  -53.376  86.640 0.1111110002
38474  16.412  -56.116  90.892 0.1111110002
142299  35.568  -49.063  87.019 0.4444440007
44362  34.794  -50.101  87.967 0.5555559993
43354  33.128  -50.415  87.774 0.4444440007
38473  17.006  -55.479  91.393 0.1111110002
45437  35.288  -48.387  86.559 0.3333329856
41471  27.613  -52.844  86.147 0.1111110002
43355  32.315  -50.514  87.608 0.3333329856
41472  26.810  -52.955  86.032 0.1111110002
43371  32.051  -50.101  86.824 0.4444440007
41489  27.274  -52.463  85.511 0.1111110002
134442  32.189  -49.684  86.129 0.4444440007
44392  31.477  -49.881  86.109 0.3333329856
44414  30.880  -49.514  85.463 0.1111110002
45451  30.483  -48.970  84.867 0.1111110002
46550  29.882  -47.804  83.836 0.1111110002
46564  29.434  -47.356  83.335 0.1111110002
46565  28.673  -47.722  83.190 0.1111110002
44390  34.900  -49.327  86.716 0.3333329856
40529  26.357  -53.413  86.583 0.1111110002
44375  33.602  -50.087  87.119 0.3333329856
142101  17.357  -54.531  90.081 0.1111110002
39520  17.378  -54.575  90.956 0.1111110002
46522  35.978  -47.012  86.781 0.2222220004
46523  35.404  -47.423  86.321 0.1111110002
44376  32.807  -50.176  87.159 0.3333329856
140560  17.637  -53.923  90.517 0.1111110002
47639  36.452  -46.607  86.312 0.2222220004
134897  33.014  -49.800  86.416 0.3333329856
40530  25.582  -53.304  86.506 0.1111110002
41414  18.721  -53.282  89.772 0.1111110002
41473  25.949  -52.978  85.965 0.1111110002
44413  31.791  -49.317  85.617 0.2222220004
45450  31.366  -48.879  85.033 0.1111110002
45467  30.975  -48.381  84.454 0.1111110002
46549  30.632  -47.814  83.957 0.1111110002
38481  16.950  -55.408  90.448 0.1111110002
41416  17.993  -53.467  89.840 0.1111110002
40470  17.852  -53.687  90.031 0.1111110002
47660  36.209  -46.355  85.500 0.2222220004
41426  18.500  -52.957  89.212 0.1111110002
47659  37.082  -46.252  85.692 0.3333329856
44391  34.045  -49.637  86.479 0.2222220004
41427  18.186  -53.165  89.494 0.1111110002
44412  32.672  -49.260  85.720 0.3333329856
45449  32.287  -48.790  85.124 0.1111110002
45466  31.897  -48.292  84.558 0.1111110002
48678  36.821  -45.971  84.929 0.3333329856
45438  34.488  -48.880  86.072 0.2222220004
44411  33.595  -49.176  85.844 0.3333329856
132470  33.180  -48.658  85.252 0.1111110002
45448  34.020  -48.358  85.502 0.2222220004
45465  32.767  -48.135  84.707 0.1111110002
48688  38.216  -45.227  84.694 0.2222220004
48689  37.353  -45.452  84.483 0.2222220004
49635  39.773  -44.468  84.316 0.1111110002
47640  35.670  -46.766  86.044 0.1111110002
45447  34.734  -47.895  85.920 0.1111110002
50662  40.214  -43.263  83.569 0.1111110002
50645  39.440  -43.862  83.676 0.1111110002
47661  35.353  -46.502  85.277 0.1111110002
47678  35.950  -46.082  84.710 0.1111110002
49622  39.127  -45.038  84.844 0.1111110002
50644  40.421  -43.791  84.018 0.1111110002
49636  38.765  -44.548  84.235 0.1111110002
52916  40.028  -41.679  83.316 0.1111110002
51803  39.520  -42.263  82.768 0.1111110002
49637  37.811  -44.729  84.132 0.1111110002
52926  39.490  -41.413  82.804 0.1111110002
49650  38.320  -44.057  83.665 0.1111110002
49651  37.420  -44.332  83.483 0.1111110002
50665  37.918  -43.761  82.968 0.1111110002
53990  39.061  -40.151  83.143 0.1111110002
53996  39.097  -40.756  82.651 0.1111110002
50664  38.814  -43.536  83.063 0.1111110002
55024  39.283  -39.813  83.771 0.1111110002
50663  39.615  -43.088  83.161 0.1111110002
55025  38.778  -39.335  83.289 0.1111110002
55019  39.047  -38.755  84.127 0.1111110002
56041  39.118  -37.799  84.743 0.1111110002
57075  39.855  -37.310  85.394 0.3333329856
59864  44.462  -34.982  87.688 0.5555559993
58951  43.323  -36.086  87.021 0.5555559993
58060  41.611  -37.296  86.908 0.4444440007
57059  40.865  -37.537  86.486 0.4444440007
58939  43.796  -35.640  87.903 0.5555559993
144549  42.007  -36.879  86.513 0.4444440007
58061  40.985  -37.441  86.391 0.4444440007
135028  38.625  -39.983  82.614 0.1111110002
54001  38.581  -40.724  82.015 0.1111110002
56029  39.620  -37.720  85.392 0.3333329856
58090  41.342  -36.883  85.309 0.4444440007
58076  40.068  -37.113  85.233 0.4444440007
59875  44.844  -34.548  87.068 0.5555559993
148591  42.753  -36.472  86.278 0.4444440007
60783  45.580  -34.105  87.225 0.6666669846
60791  47.446  -33.491  86.352 0.7777780294
61727  46.889  -32.951  86.307 0.6666669846
59914  49.465  -34.301  81.888 0.7777780294
59923  47.865  -34.466  80.585 0.7777780294
60860  48.088  -33.701  80.125 0.6666669846
60861  47.291  -33.706  79.483 0.6666669846
56042  38.813  -37.785  84.050 0.1111110002
58092  39.748  -36.761  84.405 0.3333329856
56061  38.187  -38.877  82.622 0.1111110002
58075  40.688  -37.141  85.705 0.4444440007
58073  42.104  -36.762  85.731 0.4444440007
58959  43.651  -35.822  85.849 0.5555559993
132142  44.651  -34.802  86.079 0.5555559993
58950  44.173  -35.352  86.789 0.5555559993
60793  46.199  -33.467  86.596 0.6666669846
60803  47.833  -33.062  85.869 0.7777780294
66556  49.896  -28.478  83.414 0.6666669846
65626  50.190  -28.768  83.109 0.6666669846
64670  50.188  -29.200  82.400 0.6666669846
63772  49.743  -30.578  80.829 0.6666669846
63783  49.516  -30.750  80.037 0.5555559993
66573  50.088  -27.655  83.429 0.5555559993
61847  47.523  -32.265  78.943 0.5555559993
67519  49.323  -27.030  82.537 0.6666669846
62789  48.439  -32.048  79.415 0.5555559993
67533  49.546  -26.246  81.950 0.6666669846
67550  48.534  -26.258  80.066 0.3333329856
139510  54.108  -25.251  80.291 0.4444440007
69757  52.720  -24.285  80.967 0.5555559993
68635  50.378  -24.758  80.092 0.3333329856
68636  49.793  -25.292  80.367 0.6666669846
67551  47.814  -26.660  79.574 0.3333329856
139662  49.879  -25.035  79.525 0.5555559993
68637  49.249  -25.674  79.489 0.5555559993
67563  47.838  -26.666  78.605 0.3333329856
66636  47.167  -27.034  78.142 0.3333329856
128211  39.572  -37.043  84.893 0.1111110002
57096  38.864  -37.150  84.283 0.1111110002
56051  38.575  -38.241  83.430 0.1111110002
58960  42.940  -36.354  85.234 0.5555559993
61741  47.480  -32.752  85.750 0.6666669846
60817  48.738  -33.349  84.727 0.7777780294
59913  49.673  -34.028  82.236 0.7777780294
65641  48.977  -28.731  83.133 0.6666669846
64671  49.850  -29.422  82.515 0.6666669846
63761  49.698  -30.050  81.443 0.6666669846
62787  49.607  -31.289  80.547 0.6666669846
62788  49.145  -31.757  80.110 0.6666669846
61833  48.767  -32.404  80.020 0.5555559993
59922  49.011  -33.819  81.020 0.7777780294
66574  49.157  -27.916  83.009 0.6666669846
61816  49.322  -32.369  80.582 0.7777780294
61834  48.036  -32.909  79.579 0.5555559993
66593  48.424  -27.275  81.840 0.5555559993
67535  47.968  -26.828  80.654 0.3333329856
69781  51.951  -24.554  78.851 0.3333329856
69771  51.034  -24.381  79.899 0.2222220004
68649  50.397  -24.600  79.172 0.4444440007
66609  47.213  -27.191  80.150 0.3333329856
66623  46.358  -27.345  78.854 0.2222220004
66624  45.575  -27.590  78.566 0.2222220004
67571  55.015  -26.206  77.868 0.3333329856
68665  51.218  -24.598  77.945 0.2222220004
69782  51.104  -24.341  78.936 0.3333329856
68650  49.769  -25.074  78.710 0.4444440007
68651  49.142  -25.710  78.391 0.3333329856
141376  47.938  -26.660  77.825 0.3333329856
66638  45.499  -27.469  77.745 0.1111110002
66625  44.799  -27.757  78.233 0.1111110002
65705  43.325  -28.361  77.476 0.1111110002
66648  47.068  -27.263  76.691 0.1111110002
66650  45.547  -27.569  76.880 0.1111110002
66649  46.427  -27.536  76.360 0.1111110002
57119  37.958  -37.576  82.993 0.1111110002
60794  45.271  -33.971  86.372 0.5555559993
61742  46.570  -32.845  85.752 0.6666669846
61757  49.036  -33.495  83.898 0.7777780294
65627  49.667  -29.125  83.125 0.6666669846
64673  48.593  -30.006  82.392 0.7777780294
63751  49.497  -30.217  81.674 0.7777780294
62765  49.630  -31.081  81.069 0.7777780294
62776  49.521  -31.839  80.690 0.7777780294
140704  48.076  -29.497  82.440 0.5555559993
62775  49.574  -31.640  80.828 0.7777780294
60859  48.866  -33.043  80.372 0.7777780294
66575  48.169  -28.111  82.315 0.4444440007
65662  47.391  -28.415  81.543 0.4444440007
66594  47.580  -27.565  81.182 0.5555559993
66595  46.799  -27.910  80.620 0.3333329856
65675  46.039  -28.244  80.163 0.3333329856
68647  54.217  -25.585  78.632 0.3333329856
69780  52.869  -24.958  78.655 0.2222220004
66610  46.484  -27.559  79.743 0.3333329856
66611  45.713  -27.849  79.398 0.1111110002
65690  45.000  -28.106  79.020 0.1111110002
65677  44.778  -28.784  79.204 0.1111110002
64706  44.464  -29.423  78.946 0.1111110002
68661  54.618  -25.604  77.832 0.3333329856
68662  53.918  -25.259  77.701 0.3333329856
69794  52.136  -24.875  78.014 0.2222220004
68666  49.637  -25.090  77.740 0.4444440007
134100  48.542  -26.307  78.058 0.2222220004
67573  47.664  -26.827  77.113 0.1111110002
65704  44.070  -27.961  77.843 0.1111110002
64717  43.907  -29.319  78.442 0.1111110002
63809  43.167  -30.105  77.536 0.1111110002
146105  50.583  -24.666  77.570 0.4444440007
131375  49.353  -25.139  76.885 0.1111110002
147043  48.810  -25.678  76.787 0.1111110002
67581  48.338  -26.202  76.319 0.1111110002
66645  56.073  -27.104  77.021 0.3333329856
68681  48.868  -25.202  76.048 0.1111110002
137497  48.403  -25.569  75.550 0.1111110002
67591  47.890  -26.419  75.462 0.1111110002
66659  46.491  -27.582  75.504 0.1111110002
68693  49.335  -25.007  75.498 0.1111110002
59886  44.303  -35.177  85.197 0.5555559993
131679  38.403  -37.227  83.632 0.1111110002
60805  44.924  -34.161  85.268 0.4444440007
132655  46.847  -32.673  85.064 0.6666669846
140315  48.376  -30.747  81.748 0.7777780294
62767  48.111  -31.593  81.572 0.7777780294
60830  49.505  -33.703  82.563 0.7777780294
64684  47.730  -30.017  81.921 0.7777780294
148999  48.989  -31.346  81.595 0.7777780294
61800  49.490  -32.214  81.156 0.7777780294
60838  49.760  -33.497  81.735 0.7777780294
65642  48.015  -28.902  82.552 0.5555559993
63762  49.368  -31.319  81.294 0.7777780294
60846  49.654  -32.942  81.554 0.7777780294
60847  49.516  -33.042  81.069 0.7777780294
65663  46.608  -28.849  80.888 0.3333329856
64698  46.200  -29.682  80.599 0.3333329856
65664  45.893  -28.954  80.295 0.2222220004
61838  44.096  -33.120  79.264 0.2222220004
65676  45.324  -28.653  79.739 0.2222220004
64699  45.552  -29.573  80.061 0.1111110002
64705  44.962  -29.484  79.543 0.1111110002
63786  44.760  -30.314  79.165 0.1111110002
150958  44.402  -32.529  78.999 0.2222220004
63797  44.221  -30.231  78.618 0.1111110002
68648  53.572  -25.246  78.400 0.2222220004
62804  43.943  -31.040  78.295 0.1111110002
68660  55.681  -25.448  76.970 0.3333329856
68663  52.895  -25.068  77.588 0.3333329856
125499  50.877  -24.800  77.117 0.3333329856
68679  50.426  -24.994  76.488 0.2222220004
67580  56.225  -25.864  76.832 0.3333329856
68678  51.423  -25.164  76.419 0.3333329856
68680  49.634  -24.992  76.314 0.2222220004
148855  56.575  -26.418  76.504 0.3333329856
68691  50.828  -25.338  75.990 0.2222220004
68692  50.135  -25.154  75.800 0.2222220004
58091  40.557  -36.881  84.875 0.4444440007
60804  45.790  -33.361  85.737 0.6666669846
58100  38.601  -36.618  83.598 0.1111110002
61758  48.728  -33.154  84.458 0.7777780294
62766  49.288  -32.212  81.542 0.7777780294
61785  49.590  -32.892  82.015 0.7777780294
132584  49.524  -33.305  82.367 0.7777780294
61773  49.239  -33.557  83.036 0.7777780294
63763  47.445  -30.758  81.369 0.5555559993
135717  49.622  -32.946  81.754 0.7777780294
60837  49.743  -33.382  82.038 0.7777780294
63773  46.639  -30.616  80.768 0.4444440007
64685  46.948  -29.827  81.220 0.5555559993
63774  45.944  -30.485  80.234 0.4444440007
63785  45.365  -30.379  79.671 0.2222220004
62791  45.137  -31.203  79.307 0.2222220004
62803  44.539  -31.131  78.806 0.2222220004
61837  44.830  -31.976  79.069 0.2222220004
126593  55.271  -25.219  77.125 0.3333329856
68676  53.543  -24.959  76.786 0.3333329856
68677  52.502  -25.106  76.590 0.3333329856
68690  52.176  -25.485  75.897 0.3333329856
68674  56.024  -24.647  76.625 0.3333329856
142333  51.398  -25.610  75.801 0.2222220004
67589  50.834  -25.791  75.378 0.1111110002
66657  56.948  -26.536  75.832 0.3333329856
65736  56.567  -27.988  74.414 0.3333329856
126868  56.948  -28.215  73.664 0.3333329856
68704  49.975  -25.326  75.051 0.1111110002
66666  57.001  -27.162  74.825 0.3333329856
65750  56.928  -28.531  73.095 0.3333329856
67600  51.272  -26.395  74.707 0.1111110002
67601  50.546  -25.968  74.723 0.1111110002
65769  57.913  -28.071  72.476 0.3333329856
149576  57.455  -28.365  72.630 0.3333329856
129820  58.029  -27.619  73.000 0.3333329856
148946  46.066  -32.930  85.154 0.5555559993
61776  47.301  -32.812  83.087 0.7777780294
61775  48.572  -32.916  83.024 0.7777780294
61759  48.555  -32.908  84.181 0.7777780294
130912  47.864  -32.690  84.867 0.7777780294
62777  47.069  -31.510  81.010 0.6666669846
62768  47.340  -32.070  81.240 0.7777780294
61801  48.029  -32.220  81.777 0.7777780294
141973  49.004  -32.618  82.218 0.7777780294
137965  49.264  -33.006  82.516 0.7777780294
61774  49.121  -33.312  83.370 0.7777780294
61802  46.931  -32.430  81.385 0.7777780294
61819  44.957  -32.819  79.663 0.4444440007
60849  44.673  -33.546  80.532 0.4444440007
62778  46.358  -31.425  80.397 0.4444440007
62790  45.771  -31.307  79.789 0.2222220004
61836  45.464  -31.998  79.438 0.2222220004
150231  54.243  -24.863  76.289 0.3333329856
68689  53.194  -25.176  76.017 0.2222220004
68673  56.395  -24.743  76.589 0.3333329856
67588  51.762  -26.136  75.349 0.2222220004
67585  56.961  -25.315  76.421 0.3333329856
67586  53.974  -25.541  75.400 0.2222220004
67587  52.784  -25.996  75.337 0.2222220004
65735  57.280  -27.677  73.977 0.3333329856
65749  57.510  -28.032  73.179 0.3333329856
67598  53.289  -26.522  74.575 0.2222220004
67599  52.208  -26.628  74.664 0.1111110002
58974  41.391  -36.732  84.367 0.4444440007
61761  46.058  -32.876  84.384 0.5555559993
58973  42.218  -36.675  84.752 0.3333329856
61787  46.628  -32.911  82.446 0.7777780294
61760  47.006  -32.650  84.128 0.7777780294
61786  47.538  -32.627  82.188 0.7777780294
60839  45.742  -33.254  81.480 0.6666669846
60833  45.290  -33.679  82.077 0.5555559993
147219  44.731  -33.950  81.869 0.4444440007
59901  44.207  -34.660  82.956 0.5555559993
60831  46.448  -32.861  81.726 0.6666669846
61803  46.242  -32.765  80.948 0.6666669846
60840  45.034  -33.604  81.312 0.4444440007
60841  44.342  -33.969  81.303 0.3333329856
61817  46.695  -32.173  80.754 0.6666669846
61818  45.925  -32.292  80.139 0.4444440007
60848  45.487  -33.137  80.620 0.4444440007
60850  43.810  -33.960  80.577 0.4444440007
69803  56.499  -24.240  76.481 0.3333329856
68688  55.983  -24.302  76.329 0.3333329856
126981  55.005  -24.684  75.941 0.2222220004
66656  57.438  -26.354  75.176 0.3333329856
68703  54.864  -25.232  75.156 0.3333329856
139822  42.957  -36.183  84.251 0.5555559993
58972  43.634  -35.786  84.731 0.5555559993
60824  45.426  -33.502  83.833 0.5555559993
60818  45.478  -33.456  84.767 0.5555559993
61777  46.157  -32.991  83.287 0.5555559993
60832  45.933  -33.249  82.314 0.6666669846
142002  44.782  -34.079  82.550 0.4444440007
125359  55.683  -24.430  75.591 0.3333329856
70858  59.197  -22.676  70.878 0.2222220004
60819  44.924  -34.097  84.257 0.4444440007
134093  44.561  -34.701  84.531 0.5555559993
59895  44.117  -35.224  84.244 0.5555559993
130398  45.408  -33.641  82.910 0.5555559993
60825  44.864  -34.129  83.383 0.4444440007
59894  44.477  -34.698  83.803 0.4444440007
70859  58.647  -22.835  71.210 0.2222220004
150421  9.290  -64.159  95.127 0.1111110002
129463  8.438  -62.728  95.783 0.3333329856
31460  8.767  -62.031  97.143 0.3333329856
28525  10.907  -65.306  93.903 0.1111110002
32520  8.643  -61.472  97.511 0.3333329856
28532  11.121  -65.114  93.091 0.1111110002
142198  8.311  -60.524  97.185 0.3333329856
147750  9.175  -64.399  93.480 0.1111110002
28533  9.206  -64.366  93.107 0.1111110002
28522  8.937  -64.400  93.945 0.1111110002
30466  7.778  -62.487  95.695 0.3333329856
30461  8.192  -62.311  96.174 0.3333329856
151757  11.022  -64.485  91.845 0.1111110002
35551  10.254  -58.766  95.601 0.1111110002
34517  9.374  -59.666  97.241 0.3333329856
32524  8.174  -61.658  96.446 0.2222220004
34533  8.818  -60.286  96.389 0.2222220004
29486  11.106  -64.167  91.239 0.1111110002
36488  12.633  -57.635  92.093 0.1111110002
149606  58.438  -26.220  73.568 0.3333329856
67594  58.157  -25.894  74.228 0.3333329856
130243  57.714  -27.479  73.575 0.3333329856
66665  57.663  -26.792  74.331 0.3333329856
68713  58.526  -25.079  73.916 0.3333329856
67597  54.387  -26.217  74.347 0.2222220004
67595  57.820  -25.581  75.007 0.3333329856
68687  56.866  -24.263  76.369 0.3333329856
68701  57.617  -24.506  75.472 0.3333329856
61740  48.207  -32.976  85.175 0.7777780294
29482  4.765  -63.596  91.125 0.1111110002
31478  4.270  -62.758  92.548 0.1111110002
29490  5.942  -63.858  91.519 0.1111110002
30487  9.464  -63.082  91.014 0.1111110002
127941  9.660  -63.923  95.590 0.1111110002
29454  10.590  -64.343  95.628 0.2222220004
131911  5.983  -63.839  92.492 0.1111110002
28527  7.529  -64.203  92.612 0.1111110002
29470  6.647  -63.974  92.826 0.1111110002
31458  10.146  -62.074  96.239 0.3333329856
29477  9.403  -64.149  92.603 0.1111110002
151592  7.601  -63.837  94.319 0.1111110002
31461  8.307  -62.021  96.648 0.3333329856
32518  9.935  -61.293  97.528 0.3333329856
148846  8.363  -61.635  97.012 0.3333329856
34523  8.565  -60.042  97.127 0.3333329856
35542  9.819  -58.994  96.328 0.1111110002
34532  9.475  -59.773  95.801 0.3333329856
35552  9.780  -59.012  95.217 0.1111110002
32526  7.721  -61.876  95.790 0.1111110002
33608  8.158  -61.427  96.265 0.2222220004
134037  49.696  -30.985  80.884 0.7777780294
135955  49.304  -31.234  79.901 0.5555559993
63784  49.061  -30.871  79.429 0.5555559993
67518  50.226  -26.773  83.100 0.5555559993
67534  48.742  -26.502  81.280 0.5555559993
68611  50.262  -26.074  82.459 0.5555559993
67549  49.201  -25.850  80.743 0.5555559993
69769  52.818  -24.563  79.754 0.4444440007
69758  51.688  -24.345  80.835 0.4444440007
69770  51.865  -24.332  79.890 0.4444440007
68624  50.473  -25.021  81.119 0.4444440007
67562  48.535  -26.260  78.986 0.3333329856
66622  47.120  -27.054  79.171 0.3333329856
147511  46.285  -27.302  78.010 0.3333329856
151468  48.385  -32.897  84.810 0.7777780294
64672  49.366  -29.734  82.548 0.7777780294
61815  49.546  -32.346  81.011 0.7777780294
126485  50.367  -24.603  78.126 0.4444440007
66637  46.295  -27.406  77.203 0.1111110002
66639  44.704  -27.620  77.391 0.1111110002
65692  43.741  -28.598  78.109 0.1111110002
66658  47.215  -27.279  75.854 0.1111110002
65628  48.807  -29.394  82.924 0.6666669846
63752  49.103  -30.521  81.801 0.7777780294
65643  47.433  -29.228  81.774 0.4444440007
65691  44.346  -28.487  78.578 0.1111110002
129013  50.062  -24.747  77.141 0.4444440007
68667  48.995  -25.683  77.501 0.1111110002
67572  48.452  -26.316  77.247 0.1111110002
67582  47.670  -26.869  76.267 0.1111110002
64718  43.361  -29.241  77.918 0.1111110002
63798  43.666  -30.135  78.117 0.2222220004
62821  43.463  -30.863  77.807 0.2222220004
68664  51.832  -24.975  77.240 0.4444440007
66667  47.237  -27.050  74.976 0.1111110002
60862  44.258  -33.463  79.905 0.4444440007
68675  54.523  -24.994  77.015 0.3333329856
139471  55.267  -24.737  76.558 0.3333329856
66691  58.389  -27.654  72.306 0.3333329856
65770  57.711  -28.437  72.039 0.2222220004
66676  58.091  -26.932  73.604 0.3333329856
128861  47.916  -32.718  83.902 0.7777780294
59908  44.219  -34.351  82.067 0.4444440007
69815  56.612  -23.942  76.048 0.3333329856
138418  43.971  -35.097  83.571 0.5555559993
67579  57.312  -24.583  76.076 0.3333329856
69814  57.215  -23.974  75.809 0.3333329856
69827  57.078  -23.765  75.263 0.1111110002
37514  32.803  -55.951  87.329 0.2222220004
38517  31.529  -55.892  86.477 0.1111110002
37516  31.301  -56.180  86.728 0.1111110002
38529  31.014  -55.690  85.780 0.1111110002
37543  30.332  -55.782  85.167 0.1111110002
38504  34.272  -55.353  88.136 0.2222220004
39552  34.768  -54.746  87.686 0.2222220004
38514  33.889  -55.176  87.483 0.2222220004
38505  33.499  -55.695  87.681 0.2222220004
38516  32.347  -55.773  86.780 0.2222220004
39560  33.494  -54.922  86.840 0.2222220004
38515  33.152  -55.545  87.087 0.2222220004
39570  33.001  -54.388  86.257 0.1111110002
39561  32.660  -55.192  86.528 0.1111110002
39571  32.071  -54.717  85.871 0.1111110002
38528  31.805  -55.463  86.208 0.1111110002
136933  31.408  -55.242  85.637 0.1111110002
38539  30.866  -55.341  85.171 0.1111110002
132494  34.179  -54.640  87.126 0.2222220004
40527  33.862  -54.143  86.563 0.1111110002
40543  33.405  -53.532  85.903 0.2222220004
40544  32.570  -53.808  85.601 0.1111110002
39576  31.394  -54.685  85.216 0.1111110002
40508  36.007  -53.931  87.756 0.3333329856
40525  35.646  -53.598  87.084 0.3333329856
39551  35.558  -54.503  88.035 0.3333329856
40541  35.178  -53.132  86.359 0.2222220004
39559  35.374  -54.191  87.534 0.3333329856
40542  34.296  -53.331  86.162 0.2222220004
41467  36.718  -52.685  86.887 0.3333329856
41468  35.997  -52.911  86.565 0.3333329856
40507  36.670  -53.628  87.971 0.3333329856
41485  36.339  -52.230  86.131 0.2222220004
40524  36.383  -53.329  87.327 0.3333329856
42445  35.961  -51.822  85.358 0.2222220004
41486  35.570  -52.415  85.831 0.2222220004
41501  35.176  -51.948  84.981 0.2222220004
42458  35.714  -51.516  84.723 0.2222220004
40523  37.029  -53.057  87.655 0.4444440007
41466  37.403  -52.453  87.233 0.3333329856
42430  37.034  -52.023  86.460 0.3333329856
42444  36.642  -51.605  85.697 0.2222220004
41450  37.709  -52.815  87.943 0.4444440007
41465  38.098  -52.190  87.528 0.4444440007
42428  38.523  -51.490  87.114 0.4444440007
42442  38.139  -51.026  86.354 0.4444440007
44406  42.438  -49.275  85.490 0.6666669846
43385  37.725  -50.527  85.548 0.3333329856
42429  37.749  -51.777  86.805 0.3333329856
43386  36.927  -50.897  85.263 0.2222220004
141504  41.737  -48.856  84.113 0.4444440007
43395  37.300  -50.154  84.807 0.2222220004
44429  40.928  -48.765  84.330 0.3333329856
42427  39.395  -51.197  87.380 0.4444440007
43366  42.377  -49.787  87.228 0.6666669846
43370  39.016  -50.684  86.667 0.4444440007
43369  40.013  -50.409  86.916 0.5555559993
43367  41.898  -49.987  87.193 0.5555559993
43382  40.740  -49.612  86.255 0.5555559993
43383  39.592  -49.801  86.110 0.5555559993
43381  41.792  -49.598  86.352 0.6666669846
44409  39.178  -49.256  85.361 0.4444440007
44407  41.541  -49.091  85.221 0.4444440007
44430  39.838  -48.651  84.578 0.3333329856
47596  39.749  -46.625  88.692 0.6666669846
49657  45.233  -44.529  82.783 0.5555559993
49665  44.548  -44.410  81.950 0.4444440007
48658  40.720  -45.651  86.386 0.5555559993
48673  41.354  -45.201  85.769 0.3333329856
49619  41.929  -44.529  85.324 0.3333329856
58029  44.912  -36.213  88.713 0.6666669846
57026  42.170  -37.996  88.295 0.4444440007
54985  41.148  -38.505  87.144 0.4444440007
57010  44.129  -37.320  88.759 0.5555559993
56015  40.659  -37.980  86.538 0.3333329856
55000  40.005  -38.314  85.913 0.2222220004
58014  44.205  -36.620  88.778 0.5555559993
59863  45.813  -34.528  87.794 0.5555559993
59852  45.328  -35.026  88.331 0.5555559993
57011  43.295  -37.623  88.594 0.5555559993
57041  41.788  -37.668  87.750 0.3333329856
57040  42.451  -37.437  88.200 0.3333329856
57058  41.423  -37.566  87.077 0.3333329856
57042  41.315  -37.787  87.151 0.3333329856
58015  43.533  -37.021  88.668 0.3333329856
58031  43.138  -36.927  88.438 0.3333329856
58046  41.968  -37.338  87.634 0.3333329856
58926  43.415  -36.342  88.343 0.3333329856
58059  42.466  -36.801  87.256 0.3333329856
57116  46.018  -36.936  81.835 0.4444440007
58983  43.559  -35.632  83.838 0.4444440007
59916  43.661  -34.465  81.459 0.2222220004
59924  46.899  -34.897  80.187 0.4444440007
59935  46.663  -34.401  79.500 0.4444440007
68715  55.955  -24.820  73.964 0.1111110002
141710  56.703  -23.947  73.925 0.1111110002
69855  57.225  -23.735  73.276 0.1111110002
69854  58.017  -23.133  72.683 0.1111110002
69864  57.182  -24.216  72.146 0.1111110002
68733  56.312  -24.766  73.112 0.1111110002
70850  58.686  -22.772  72.081 0.2222220004
68743  57.783  -23.658  71.500 0.1111110002
69871  58.728  -22.909  70.473 0.1111110002
80195  53.018  -13.860  64.754 0.1111110002
151815  52.750  -13.997  65.229 0.1111110002
44410  38.170  -49.556  85.051 0.2222220004
44432  37.605  -49.447  84.424 0.2222220004
44433  36.948  -49.777  84.100 0.2222220004
44408  40.309  -49.081  85.367 0.4444440007
45462  40.354  -48.550  83.388 0.3333329856
43384  38.610  -50.133  85.846 0.2222220004
42419  38.817  -51.853  87.792 0.4444440007
43368  41.060  -50.225  87.088 0.5555559993
43380  42.480  -49.578  86.477 0.6666669846
50633  41.864  -43.704  84.864 0.1111110002
50643  41.217  -43.692  84.380 0.1111110002
54999  40.553  -38.826  86.426 0.3333329856
59019  47.361  -35.325  80.990 0.5555559993
59873  47.926  -34.531  86.094 0.7777780294
58938  44.520  -35.166  88.236 0.4444440007
57060  40.214  -37.563  85.977 0.3333329856
58940  43.121  -36.352  87.832 0.3333329856
58925  44.049  -35.835  88.522 0.4444440007
59934  47.358  -34.239  79.935 0.4444440007
37515  32.041  -56.121  87.041 0.1111110002
40526  34.782  -53.998  86.935 0.3333329856
42443  37.349  -51.336  86.034 0.2222220004
44431  38.877  -48.831  84.722 0.3333329856
49633  41.382  -44.238  84.766 0.1111110002
127936  15.147  -57.974  96.772 0.2222220004
35549  14.759  -58.185  95.683 0.3333329856
35557  14.451  -58.447  94.634 0.3333329856
126665  15.809  -57.611  96.295 0.2222220004
35548  15.658  -57.848  95.734 0.2222220004
35558  13.558  -58.799  94.317 0.2222220004
34540  12.849  -59.192  93.871 0.2222220004
35538  16.459  -57.294  96.104 0.2222220004
35568  14.198  -58.706  93.757 0.1111110002
35556  15.446  -58.131  94.830 0.1111110002
35567  15.256  -58.573  93.944 0.2222220004
35546  17.592  -57.833  95.191 0.2222220004
35547  16.479  -57.643  95.482 0.2222220004
34539  16.429  -58.425  94.214 0.1111110002
34547  17.082  -58.830  93.451 0.1111110002
134506  17.751  -58.692  94.011 0.1111110002
35528  14.456  -58.066  97.173 0.3333329856
35550  13.645  -58.482  95.415 0.3333329856
144264  14.899  -57.691  97.403 0.3333329856
36440  16.007  -56.966  96.754 0.2222220004
35527  15.493  -57.421  96.919 0.2222220004
36450  17.565  -57.303  95.541 0.2222220004
35545  18.651  -58.573  95.298 0.2222220004
34528  18.257  -58.647  94.701 0.2222220004
35544  19.358  -59.034  95.719 0.2222220004
34527  18.982  -59.335  95.086 0.2222220004
34537  18.631  -59.555  94.220 0.2222220004
35523  14.158  -57.805  97.630 0.3333329856
35529  14.075  -58.027  97.534 0.3333329856
149706  13.375  -58.446  96.383 0.3333329856
36441  14.666  -57.623  97.515 0.3333329856
150591  14.435  -57.798  97.581 0.3333329856
37380  16.974  -56.131  96.337 0.1111110002
37367  16.737  -56.706  96.305 0.2222220004
125615  17.997  -56.654  95.639 0.2222220004
148446  18.884  -56.213  95.819 0.2222220004
36457  18.300  -57.940  95.362 0.2222220004
36448  19.439  -57.276  95.962 0.1111110002
35537  19.034  -58.244  95.729 0.2222220004
34518  20.544  -59.118  95.953 0.2222220004
35536  19.850  -58.507  96.158 0.2222220004
34524  20.725  -59.158  95.529 0.2222220004
34535  19.887  -60.096  94.897 0.2222220004
35539  13.656  -58.288  97.210 0.3333329856
146251  15.075  -56.860  97.487 0.2222220004
37363  14.074  -57.233  97.660 0.3333329856
135097  15.323  -57.117  97.356 0.3333329856
37369  15.410  -56.562  97.318 0.2222220004
37368  15.842  -56.411  97.224 0.2222220004
38412  16.308  -56.035  96.826 0.2222220004
38424  15.870  -55.787  96.763 0.2222220004
133417  18.051  -55.780  95.799 0.1111110002
39436  17.517  -55.299  95.692 0.2222220004
37379  19.669  -56.163  96.107 0.1111110002
38421  18.204  -55.200  95.561 0.1111110002
36447  20.540  -57.848  96.442 0.1111110002
35534  21.208  -58.120  96.409 0.2222220004
35566  20.863  -58.410  94.152 0.2222220004
36497  24.609  -57.551  91.384 0.3333329856
36517  23.329  -57.082  90.619 0.3333329856
35524  13.460  -57.923  97.745 0.3333329856
144973  12.739  -58.184  97.817 0.3333329856
35530  12.998  -58.331  97.564 0.3333329856
37370  13.908  -56.966  97.481 0.2222220004
145996  12.725  -58.755  95.777 0.3333329856
37378  20.426  -56.696  96.426 0.1111110002
38419  20.272  -55.524  96.110 0.1111110002
38420  19.151  -55.405  95.781 0.1111110002
147636  19.977  -54.673  95.487 0.3333329856
36446  21.882  -57.388  96.233 0.2222220004
36456  21.982  -57.591  95.965 0.4444440007
36475  21.428  -57.486  94.102 0.4444440007
35576  24.819  -57.542  92.446 0.3333329856
36476  20.760  -57.637  93.421 0.3333329856
36498  24.031  -57.377  91.781 0.3333329856
36499  23.142  -57.084  91.571 0.3333329856
36437  13.396  -57.646  97.632 0.2222220004
36442  12.644  -57.737  97.559 0.3333329856
37382  13.612  -56.929  96.760 0.2222220004
136297  21.225  -57.196  96.524 0.2222220004
134446  20.938  -55.323  96.085 0.2222220004
136365  20.488  -54.767  95.492 0.3333329856
37376  21.860  -56.490  96.340 0.3333329856
136129  25.644  -57.184  93.286 0.4444440007
39528  28.809  -54.532  89.897 0.2222220004
35564  25.369  -57.423  93.216 0.3333329856
45463  39.243  -48.294  83.939 0.2222220004
38418  21.605  -55.586  96.171 0.3333329856
38431  21.986  -55.269  95.765 0.3333329856
39443  21.263  -54.875  95.456 0.3333329856
40421  21.000  -54.455  94.320 0.2222220004
36445  22.534  -56.680  96.152 0.4444440007
40434  20.954  -54.365  93.171 0.2222220004
126712  28.136  -55.206  91.159 0.3333329856
45482  40.259  -48.620  82.359 0.2222220004
39442  22.351  -55.054  95.495 0.3333329856
148805  23.087  -55.733  95.907 0.3333329856
134094  22.873  -55.343  95.793 0.3333329856
39455  21.701  -54.715  94.986 0.3333329856
37375  23.168  -56.303  95.894 0.3333329856
39514  27.174  -54.858  90.706 0.2222220004
39466  21.904  -54.509  94.030 0.2222220004
141507  28.067  -54.790  90.224 0.2222220004
39529  27.305  -54.602  89.480 0.1111110002
39530  26.339  -54.642  89.913 0.1111110002
39516  25.530  -54.581  90.391 0.2222220004
45481  40.892  -48.708  82.588 0.1111110002
140466  40.338  -48.625  81.778 0.1111110002
39441  23.278  -55.071  95.460 0.3333329856
39454  22.706  -54.744  94.892 0.3333329856
44428  42.327  -48.965  84.507 0.3333329856
44444  41.801  -48.751  83.658 0.2222220004
44457  41.383  -48.706  83.106 0.2222220004
44372  35.948  -49.177  87.637 0.5555559993
44361  35.619  -49.810  88.154 0.5555559993
43337  34.248  -50.421  88.689 0.3333329856
46507  36.409  -47.516  87.440 0.3333329856
45427  35.933  -48.393  87.221 0.2222220004
44373  35.263  -49.628  87.386 0.4444440007
46508  35.803  -47.689  86.863 0.1111110002
44427  42.623  -48.839  84.239 0.4444440007
147374  42.227  -48.686  83.655 0.3333329856
44347  35.977  -50.047  89.006 0.5555559993
44360  36.441  -49.337  88.523 0.5555559993
46489  36.943  -47.655  88.289 0.5555559993
45426  36.429  -48.417  87.951 0.5555559993
47598  37.935  -46.783  88.250 0.5555559993
46506  37.083  -46.971  87.944 0.4444440007
47637  38.284  -46.421  86.675 0.3333329856
47638  37.344  -46.512  86.493 0.3333329856
47620  37.611  -46.696  87.349 0.3333329856
48660  38.912  -46.013  86.048 0.3333329856
48661  37.998  -46.184  85.853 0.2222220004
131162  43.232  -49.247  85.836 0.5555559993
48677  37.689  -45.827  85.140 0.2222220004
48690  36.537  -45.640  84.235 0.1111110002
46544  44.686  -47.831  84.661 0.6666669846
44442  43.008  -48.851  84.360 0.4444440007
46488  37.585  -47.186  88.742 0.5555559993
45413  36.983  -48.516  88.731 0.5555559993
46487  38.364  -46.906  89.150 0.5555559993
48648  39.202  -46.229  86.888 0.4444440007
48659  39.799  -45.784  86.242 0.2222220004
48675  39.490  -45.495  85.477 0.2222220004
48706  45.334  -45.231  83.361 0.4444440007
49620  41.005  -44.806  85.083 0.2222220004
137799  52.297  -29.591  68.374 0.1111110002
63922  53.528  -30.855  66.598 0.1111110002
53980  39.887  -40.272  84.281 0.1111110002
64749  51.222  -29.889  75.574 0.2222220004
65726  50.503  -29.042  75.540 0.2222220004
62842  52.017  -31.294  75.038 0.2222220004
62855  50.857  -31.787  74.262 0.2222220004
63877  52.567  -30.372  72.535 0.1111110002
62879  51.861  -31.511  73.844 0.2222220004
62880  51.140  -31.694  73.668 0.2222220004
64805  53.113  -29.726  71.748 0.1111110002
64806  52.116  -29.690  71.764 0.1111110002
64844  53.718  -29.435  68.618 0.1111110002
126589  52.860  -29.275  69.116 0.1111110002
148621  52.067  -29.029  69.913 0.1111110002
63904  53.057  -30.389  67.178 0.1111110002
64845  52.972  -29.568  68.267 0.1111110002
53973  39.752  -39.641  84.959 0.1111110002
64704  49.624  -29.832  80.296 0.4444440007
134560  48.969  -29.955  79.019 0.4444440007
65673  49.984  -28.351  80.251 0.4444440007
65674  49.463  -29.007  79.594 0.4444440007
66621  50.918  -27.240  79.293 0.4444440007
142295  50.248  -27.569  78.461 0.4444440007
65688  49.631  -28.223  79.054 0.4444440007
63794  48.295  -30.741  78.765 0.4444440007
63796  47.233  -30.813  77.897 0.4444440007
66633  51.784  -27.643  78.008 0.4444440007
128128  51.155  -27.362  78.449 0.3333329856
65700  53.316  -28.846  78.235 0.3333329856
65701  52.484  -28.361  77.599 0.3333329856
66634  50.932  -27.532  77.583 0.3333329856
64736  53.507  -29.779  76.711 0.2222220004
65713  52.976  -29.233  77.255 0.2222220004
64761  54.295  -29.940  74.876 0.1111110002
63827  53.713  -30.488  75.125 0.2222220004
62853  52.453  -31.237  74.849 0.2222220004
63862  54.132  -30.210  73.140 0.1111110002
64818  55.314  -29.482  70.748 0.1111110002
64803  54.894  -29.593  71.542 0.1111110002
64804  54.048  -29.659  71.684 0.1111110002
64842  55.421  -29.357  68.640 0.2222220004
64843  54.633  -29.355  69.058 0.1111110002
55010  40.045  -39.273  85.658 0.1111110002
55011  39.475  -38.731  85.092 0.1111110002
65625  50.714  -28.344  82.932 0.4444440007
142178  49.857  -29.109  80.707 0.4444440007
62800  48.784  -31.383  79.374 0.4444440007
65660  50.884  -28.037  82.222 0.4444440007
62801  47.878  -31.477  78.838 0.4444440007
67548  51.425  -27.213  80.021 0.4444440007
66607  50.861  -27.308  80.398 0.4444440007
61848  46.631  -32.403  78.385 0.4444440007
138625  46.376  -33.224  78.572 0.3333329856
67547  52.148  -27.314  80.495 0.4444440007
62820  45.753  -31.463  77.270 0.3333329856
61849  45.869  -32.920  78.084 0.3333329856
66619  53.159  -28.056  79.574 0.4444440007
65699  54.330  -28.876  78.260 0.2222220004
64716  53.806  -28.842  78.670 0.2222220004
64734  54.691  -29.111  76.586 0.1111110002
64725  54.019  -29.428  77.530 0.2222220004
64760  55.098  -29.322  74.393 0.1111110002
64771  56.208  -29.072  72.995 0.2222220004
64772  55.338  -29.469  73.527 0.2222220004
125976  56.157  -29.397  70.629 0.2222220004
129119  44.608  -37.279  81.560 0.2222220004
57130  45.211  -36.989  81.339 0.3333329856
59021  45.547  -35.845  80.018 0.3333329856
58124  45.460  -36.352  80.582 0.3333329856
66572  51.215  -27.595  82.795 0.4444440007
59035  46.012  -35.172  79.634 0.3333329856
61835  47.038  -33.043  79.022 0.4444440007
60869  46.523  -33.821  78.980 0.3333329856
67532  51.726  -27.278  81.186 0.4444440007
66590  51.784  -27.184  82.458 0.4444440007
66604  53.930  -27.728  80.337 0.4444440007
66589  53.698  -27.427  80.922 0.4444440007
66618  54.565  -28.121  79.128 0.3333329856
151332  55.664  -27.814  77.175 0.3333329856
65698  54.851  -28.521  78.110 0.3333329856
139199  55.397  -28.430  76.053 0.2222220004
64747  54.820  -29.180  75.443 0.1111110002
59020  46.290  -35.760  80.583 0.3333329856
58123  46.156  -36.357  81.141 0.4444440007
66554  51.035  -27.535  83.193 0.4444440007
66555  50.448  -28.032  83.284 0.4444440007
66553  51.318  -26.785  83.146 0.4444440007
67517  50.896  -26.345  83.158 0.4444440007
66588  53.982  -27.227  80.923 0.4444440007
67530  53.402  -26.850  81.559 0.4444440007
68608  52.851  -24.805  82.018 0.4444440007
69741  51.410  -24.843  81.803 0.4444440007
66587  54.250  -26.882  80.671 0.4444440007
65712  55.248  -28.434  77.195 0.3333329856
130193  60.307  -20.413  64.671 0.1111110002
73574  60.413  -19.983  64.499 0.1111110002
35569  13.472  -58.956  93.587 0.2222220004
34550  12.300  -59.776  93.377 0.2222220004
34541  12.256  -59.524  94.310 0.3333329856
34558  12.672  -59.672  92.510 0.2222220004
43336  35.112  -50.253  88.799 0.5555559993
43320  34.579  -50.565  89.696 0.4444440007
46472  38.007  -47.537  89.668 0.5555559993
145594  42.786  -49.084  84.881 0.4444440007
47574  39.222  -46.827  89.352 0.4444440007
47597  38.863  -46.647  88.512 0.4444440007
47618  39.475  -46.377  87.807 0.5555559993
149751  40.495  -40.821  84.536 0.1111110002
59007  46.887  -36.106  81.436 0.4444440007
36485  21.022  -56.966  93.019 0.3333329856
58116  45.719  -36.666  81.231 0.3333329856
36465  21.894  -57.659  95.227 0.4444440007
38432  16.492  -55.452  96.087 0.2222220004
38423  16.607  -55.671  96.463 0.2222220004
47621  36.744  -46.826  87.103 0.1111110002
48676  38.588  -45.677  85.323 0.2222220004
64697  49.908  -29.681  81.409 0.4444440007
62802  47.143  -31.705  78.375 0.4444440007
69740  52.225  -24.554  81.669 0.4444440007
68623  53.405  -24.782  81.425 0.4444440007
69759  50.946  -24.574  80.732 0.3333329856
68625  49.938  -25.607  81.472 0.4444440007
67499  50.732  -27.226  83.361 0.4444440007
68610  50.760  -25.546  82.242 0.4444440007
44445  41.336  -48.764  83.382 0.2222220004
48674  40.400  -45.308  85.625 0.2222220004
125522  14.188  -58.244  96.539 0.3333329856
34549  13.011  -59.199  93.079 0.2222220004
34538  17.159  -58.104  94.699 0.2222220004
35555  16.223  -57.873  94.942 0.1111110002
34529  12.852  -59.029  94.787 0.3333329856
144516  16.236  -56.375  96.843 0.2222220004
38422  17.186  -55.661  96.131 0.1111110002
36449  18.489  -57.539  95.551 0.2222220004
34519  19.969  -59.170  96.012 0.2222220004
35535  20.588  -58.665  96.252 0.2222220004
35543  21.046  -58.725  96.139 0.2222220004
138602  14.746  -56.778  97.435 0.2222220004
38414  15.177  -56.099  97.224 0.2222220004
38413  15.883  -56.034  97.158 0.2222220004
39435  19.015  -54.882  95.500 0.1111110002
39445  18.486  -54.787  95.330 0.1111110002
35553  21.316  -58.462  95.731 0.2222220004
35565  21.223  -58.179  94.895 0.2222220004
130672  23.875  -57.326  91.131 0.3333329856
36438  12.791  -57.976  97.851 0.3333329856
39434  19.788  -54.914  95.684 0.1111110002
39433  20.325  -55.203  95.886 0.3333329856
39432  21.114  -55.098  95.757 0.3333329856
40403  20.989  -54.500  94.810 0.3333329856
38417  22.531  -55.873  96.138 0.3333329856
36455  22.759  -57.013  95.982 0.3333329856
45499  39.746  -48.539  81.877 0.1111110002
39515  26.249  -54.736  90.785 0.1111110002
44443  42.667  -48.722  83.931 0.4444440007
47619  38.548  -46.551  87.572 0.4444440007
149058  52.029  -29.219  68.976 0.1111110002
64862  51.726  -30.041  67.855 0.1111110002
146191  52.877  -32.384  66.660 0.1111110002
63903  53.904  -30.000  67.020 0.1111110002
63923  52.722  -31.410  66.909 0.1111110002
64738  52.339  -29.720  76.210 0.2222220004
65714  52.213  -28.736  76.727 0.2222220004
62843  51.305  -31.424  74.769 0.2222220004
127623  50.848  -30.984  75.153 0.2222220004
139316  51.285  -28.690  76.082 0.2222220004
65715  50.140  -28.369  75.936 0.3333329856
63818  52.869  -30.322  76.072 0.2222220004
134822  52.622  -30.896  75.413 0.2222220004
62854  51.679  -31.476  74.536 0.2222220004
62869  50.424  -32.036  73.944 0.2222220004
63863  53.542  -30.211  72.674 0.1111110002
141882  53.337  -30.692  73.609 0.1111110002
144460  52.826  -30.772  73.214 0.2222220004
62867  52.264  -31.387  74.273 0.2222220004
142805  52.957  -31.105  74.544 0.2222220004
63852  52.567  -31.185  73.747 0.2222220004
63878  51.583  -30.495  72.448 0.1111110002
63865  50.976  -31.309  72.994 0.2222220004
63866  50.087  -31.449  72.762 0.2222220004
64820  52.594  -29.267  70.914 0.1111110002
64821  51.611  -29.134  70.973 0.1111110002
64807  51.116  -29.717  71.743 0.1111110002
64829  53.903  -29.309  69.775 0.1111110002
64860  53.440  -29.737  67.722 0.1111110002
64830  53.003  -29.237  70.102 0.1111110002
64831  51.195  -28.972  69.101 0.1111110002
64859  54.483  -29.494  67.918 0.1111110002
63905  52.286  -30.647  67.418 0.1111110002
66592  50.482  -27.796  80.979 0.4444440007
66608  50.270  -27.680  79.691 0.4444440007
65689  49.051  -28.842  78.463 0.4444440007
66620  51.924  -27.382  79.267 0.4444440007
65702  49.461  -28.076  77.941 0.3333329856
133670  48.418  -29.233  77.861 0.4444440007
63795  47.960  -30.011  78.025 0.4444440007
62819  46.509  -31.557  77.819 0.4444440007
66646  51.625  -27.995  76.983 0.3333329856
66606  52.707  -27.569  80.266 0.4444440007
66632  52.689  -28.052  78.590 0.4444440007
66635  50.101  -27.714  77.456 0.3333329856
65716  49.663  -28.024  76.813 0.3333329856
65687  53.511  -28.562  78.980 0.4444440007
65672  53.827  -28.294  79.516 0.4444440007
64737  53.188  -29.706  76.769 0.2222220004
64715  53.997  -29.043  78.295 0.2222220004
63817  53.262  -30.383  75.910 0.2222220004
63850  53.923  -30.369  73.802 0.1111110002
63839  53.818  -30.459  74.440 0.1111110002
64773  54.464  -29.968  74.033 0.1111110002
63851  52.944  -31.124  74.100 0.2222220004
132627  53.383  -30.810  74.203 0.1111110002
64748  54.163  -29.892  75.917 0.1111110002
63816  53.593  -30.343  75.706 0.1111110002
63828  53.157  -30.861  75.189 0.2222220004
147527  54.632  -29.924  73.344 0.1111110002
149429  54.763  -29.838  72.793 0.1111110002
64788  54.443  -29.816  72.392 0.1111110002
144048  55.822  -29.423  72.155 0.1111110002
135620  56.519  -29.229  71.890 0.2222220004
127391  54.908  -29.421  69.988 0.1111110002
126918  55.192  -29.627  72.202 0.1111110002
64819  54.470  -29.470  70.772 0.1111110002
141315  53.550  -29.406  70.840 0.1111110002
126164  55.713  -29.451  70.031 0.2222220004
125974  55.368  -29.403  69.424 0.1111110002
65661  50.399  -28.746  81.771 0.4444440007
66591  51.164  -27.529  81.674 0.4444440007
61863  45.952  -32.119  77.859 0.4444440007
60870  45.760  -33.845  78.457 0.3333329856
130754  45.225  -33.432  77.796 0.3333329856
67546  53.073  -27.319  81.153 0.4444440007
67531  52.570  -27.028  82.084 0.4444440007
61864  45.276  -32.397  77.382 0.2222220004
66605  53.561  -27.774  80.363 0.4444440007
141919  54.212  -29.514  76.907 0.1111110002
65686  54.170  -28.565  78.911 0.3333329856
64787  55.449  -29.546  72.776 0.1111110002
126595  56.762  -29.204  71.143 0.2222220004
67516  51.996  -26.558  82.745 0.4444440007
65671  54.213  -28.008  79.667 0.4444440007
67515  53.338  -25.765  81.865 0.4444440007
68593  51.679  -25.784  82.846 0.4444440007
139868  52.513  -25.683  82.482 0.4444440007
68609  52.222  -25.043  82.350 0.4444440007
46560  43.736  -48.091  83.942 0.5555559993
45480  43.271  -48.642  84.183 0.4444440007
46576  44.160  -47.281  83.756 0.3333329856
45495  43.127  -48.289  83.634 0.4444440007
46577  43.375  -47.454  83.285 0.3333329856
47719  43.396  -46.550  82.689 0.3333329856
47718  44.111  -46.391  83.198 0.3333329856
146591  52.920  -42.031  66.976 0.1111110002
53117  53.356  -41.735  67.532 0.1111110002
53139  45.541  -41.560  66.348 0.1111110002
53140  44.869  -40.716  66.425 0.1111110002
55218  44.252  -39.262  65.742 0.1111110002
131883  50.072  -42.501  67.004 0.1111110002
139545  49.251  -42.603  66.899 0.1111110002
52037  47.385  -42.483  66.726 0.1111110002
53121  45.361  -41.175  67.116 0.1111110002
56292  43.823  -37.525  65.929 0.1111110002
58265  43.667  -35.899  65.758 0.1111110002
125367  50.896  -42.389  67.123 0.1111110002
54171  44.603  -39.852  67.052 0.1111110002
53137  52.248  -42.259  66.792 0.1111110002
143773  43.561  -36.222  66.478 0.1111110002
149717  45.343  -45.871  83.845 0.3333329856
48707  44.771  -45.060  82.636 0.3333329856
56294  44.147  -38.320  65.535 0.1111110002
52036  48.355  -42.604  66.804 0.1111110002
151744  43.897  -34.663  65.395 0.1111110002
61000  43.601  -33.307  65.554 0.1111110002
60987  43.199  -33.876  65.830 0.1111110002
61990  42.647  -32.263  65.810 0.1111110002
60079  44.335  -34.870  64.974 0.1111110002
63946  43.437  -30.966  65.782 0.1111110002
64853  44.173  -29.438  68.099 0.1111110002
58264  44.164  -36.642  65.083 0.1111110002
61989  43.549  -32.430  65.544 0.1111110002
63929  43.411  -30.317  66.293 0.1111110002
52035  49.809  -42.498  66.371 0.1111110002
52038  46.425  -42.168  66.391 0.1111110002
63910  43.111  -29.925  67.189 0.1111110002
147556  43.474  -30.646  69.596 0.1111110002
62900  44.095  -31.770  71.217 0.1111110002
53150  45.930  -41.810  65.461 0.1111110002
56298  44.637  -38.997  65.036 0.1111110002
60090  44.888  -34.349  64.719 0.1111110002
63911  42.358  -30.472  67.303 0.1111110002
63897  42.802  -30.622  69.261 0.1111110002
62924  43.168  -31.093  69.986 0.1111110002
133389  49.060  -42.530  66.021 0.1111110002
64883  44.548  -29.412  66.848 0.1111110002
64836  44.687  -30.029  69.403 0.1111110002
62911  45.997  -31.416  71.118 0.1111110002
62871  46.789  -32.117  73.507 0.1111110002
62958  44.682  -31.323  65.508 0.1111110002
63899  44.050  -29.801  68.818 0.1111110002
61918  45.752  -32.100  72.551 0.1111110002
61893  45.080  -32.004  73.549 0.1111110002
61014  44.733  -33.573  64.979 0.1111110002
63900  43.519  -29.766  68.098 0.1111110002
62923  43.952  -30.994  70.112 0.1111110002
61919  44.795  -32.268  72.541 0.1111110002
60998  45.132  -32.816  65.153 0.1111110002
61906  44.296  -32.447  73.098 0.1111110002
141434  47.408  -29.379  75.791 0.1111110002
64754  46.883  -29.677  75.462 0.1111110002
63893  46.162  -30.190  70.139 0.1111110002
62897  46.419  -31.772  71.786 0.1111110002
62859  46.938  -31.691  74.048 0.1111110002
63831  46.321  -30.094  74.961 0.1111110002
63819  46.287  -30.021  75.907 0.2222220004
64868  44.827  -29.149  67.677 0.1111110002
63883  46.523  -30.961  70.871 0.1111110002
63844  45.952  -30.828  74.540 0.1111110002
63832  45.588  -30.429  75.350 0.1111110002
63944  44.939  -30.489  65.825 0.1111110002
64825  46.991  -30.086  70.469 0.1111110002
131699  45.078  -31.007  74.779 0.1111110002
62844  44.901  -30.982  75.737 0.2222220004
141351  45.145  -31.950  65.364 0.1111110002
63927  45.194  -29.722  66.356 0.1111110002
65815  45.990  -28.841  68.181 0.1111110002
150964  44.727  -32.250  73.301 0.1111110002
61881  44.056  -32.127  74.707 0.1111110002
64741  47.093  -29.633  76.404 0.2222220004
144289  47.266  -29.953  77.289 0.2222220004
63843  47.494  -31.136  74.414 0.1111110002
63807  46.587  -30.240  76.878 0.2222220004
62858  48.008  -32.006  74.111 0.1111110002
62830  45.048  -31.500  76.617 0.2222220004
61916  47.840  -32.443  72.936 0.1111110002
62896  47.735  -31.666  71.830 0.1111110002
62831  44.452  -31.736  76.034 0.1111110002
61890  49.011  -32.363  73.760 0.1111110002
63881  48.171  -30.880  71.492 0.1111110002
62882  49.511  -32.058  73.169 0.1111110002
64832  48.204  -29.120  70.212 0.1111110002
65809  48.104  -28.741  69.435 0.1111110002
130525  48.940  -30.852  71.781 0.1111110002
64809  49.340  -29.960  71.404 0.1111110002
64823  49.782  -29.251  70.895 0.1111110002
64727  48.291  -28.781  76.761 0.2222220004
63806  47.742  -29.395  77.147 0.2222220004
65728  48.753  -28.979  75.326 0.1111110002
64751  49.282  -29.767  74.959 0.1111110002
60883  44.651  -33.929  77.604 0.1111110002
62856  49.581  -32.191  74.063 0.1111110002
64750  50.228  -29.934  75.224 0.1111110002
62870  49.730  -32.170  73.714 0.1111110002
63879  50.606  -30.556  72.291 0.1111110002
55037  40.785  -39.628  81.402 0.2222220004
59944  45.334  -34.684  78.543 0.2222220004
59036  45.261  -35.637  79.372 0.1111110002
60882  45.117  -34.169  78.120 0.2222220004
59048  44.401  -35.741  78.419 0.1111110002
59062  43.751  -35.312  77.749 0.1111110002
59049  43.773  -36.182  78.239 0.1111110002
58149  42.184  -37.076  78.274 0.1111110002
57191  41.374  -37.319  78.009 0.1111110002
56113  39.902  -38.173  78.068 0.1111110002
58164  41.040  -36.911  77.353 0.1111110002
145135  40.682  -37.372  77.584 0.1111110002
55029  42.411  -39.223  82.937 0.2222220004
56070  41.691  -38.680  81.680 0.2222220004
56082  41.033  -38.899  81.178 0.2222220004
59943  45.948  -34.512  79.015 0.2222220004
59037  44.696  -36.019  79.125 0.1111110002
56081  41.752  -38.232  80.649 0.2222220004
58147  43.598  -36.732  78.664 0.1111110002
57180  42.542  -37.420  78.827 0.1111110002
57165  41.925  -37.854  79.121 0.1111110002
58146  44.158  -36.405  78.854 0.1111110002
58148  42.949  -36.950  78.489 0.1111110002
57181  41.883  -37.500  78.573 0.1111110002
56102  41.214  -37.737  78.599 0.1111110002
56059  42.862  -38.496  82.855 0.2222220004
55030  41.843  -39.350  82.406 0.2222220004
57131  44.555  -37.114  80.882 0.1111110002
137878  43.339  -37.689  81.172 0.1111110002
58134  45.007  -36.231  79.833 0.2222220004
58135  44.424  -36.635  79.619 0.1111110002
126603  43.362  -37.380  79.788 0.1111110002
56080  42.188  -37.929  79.789 0.1111110002
58136  43.888  -36.825  79.207 0.1111110002
69756  53.557  -24.652  80.576 0.3333329856
68621  54.337  -26.099  80.441 0.3333329856
67545  54.483  -26.895  80.047 0.3333329856
139593  54.525  -27.544  79.589 0.3333329856
65685  54.550  -28.464  78.655 0.2222220004
57107  44.224  -37.624  83.472 0.2222220004
56060  42.304  -38.554  82.263 0.2222220004
57118  44.382  -37.380  82.599 0.2222220004
57132  43.799  -37.524  81.900 0.1111110002
56069  42.452  -38.093  81.364 0.2222220004
68633  54.562  -26.346  79.643 0.2222220004
147315  54.831  -27.629  79.014 0.2222220004
68646  54.649  -26.107  78.778 0.2222220004
66617  54.942  -28.039  78.594 0.2222220004
67570  55.667  -26.569  77.535 0.2222220004
66631  55.416  -27.743  77.754 0.2222220004
65711  55.851  -27.785  76.581 0.2222220004
65737  55.666  -28.496  74.899 0.2222220004
65821  59.507  -28.861  67.469 0.2222220004
133815  60.655  -25.279  65.147 0.2222220004
69768  53.759  -25.095  79.468 0.2222220004
65725  56.266  -27.650  75.548 0.2222220004
64759  56.147  -28.747  73.820 0.2222220004
66747  59.726  -28.236  67.954 0.2222220004
65820  59.852  -28.338  67.013 0.2222220004
126753  60.504  -26.182  65.109 0.2222220004
68827  60.690  -25.375  65.957 0.2222220004
144833  60.703  -24.459  65.217 0.2222220004
131825  60.672  -23.633  65.291 0.2222220004
69946  60.642  -24.345  64.499 0.2222220004
70924  60.517  -24.028  63.696 0.1111110002
132168  60.607  -23.471  64.647 0.2222220004
146963  56.202  -29.229  72.439 0.2222220004
64786  56.963  -28.820  72.395 0.2222220004
64858  55.561  -29.426  67.703 0.1111110002
66739  59.912  -27.292  68.348 0.2222220004
150393  59.387  -28.676  68.299 0.2222220004
64838  59.143  -29.056  68.074 0.1111110002
64878  54.877  -29.757  66.926 0.1111110002
66746  60.045  -27.464  67.436 0.2222220004
148649  58.906  -29.203  68.123 0.1111110002
64857  57.246  -29.420  67.943 0.1111110002
64877  55.950  -29.617  66.835 0.1111110002
144798  60.330  -26.714  66.927 0.2222220004
145780  60.140  -27.563  66.442 0.2222220004
67717  60.595  -25.584  66.983 0.2222220004
68812  60.761  -24.489  66.679 0.2222220004
135618  60.696  -23.673  66.456 0.2222220004
69935  60.741  -24.493  65.888 0.2222220004
145157  60.698  -23.834  65.810 0.2222220004
70914  60.537  -22.766  65.279 0.2222220004
71854  59.551  -21.567  65.245 0.1111110002
70921  60.514  -22.594  64.304 0.1111110002
64801  57.321  -28.845  71.617 0.1111110002
151424  56.434  -29.366  69.986 0.1111110002
64817  57.027  -29.184  70.363 0.1111110002
64828  57.170  -29.290  69.588 0.1111110002
66740  59.557  -28.108  68.769 0.2222220004
65811  59.211  -28.683  68.973 0.1111110002
64839  58.959  -29.063  68.767 0.1111110002
64840  58.635  -29.242  68.550 0.1111110002
125975  56.223  -29.376  69.277 0.1111110002
64856  58.621  -29.393  67.704 0.1111110002
126230  58.068  -29.394  68.303 0.1111110002
151808  56.447  -29.426  67.568 0.1111110002
126914  56.344  -29.352  68.343 0.1111110002
67709  60.318  -26.414  67.764 0.2222220004
70906  60.559  -23.022  66.053 0.1111110002
71828  59.783  -22.319  66.428 0.1111110002
71853  60.384  -21.929  65.246 0.1111110002
71845  60.253  -22.242  65.801 0.1111110002
72706  60.094  -21.770  65.616 0.1111110002
71846  59.639  -21.915  65.843 0.1111110002
72707  59.947  -21.584  65.558 0.1111110002
64816  57.627  -28.899  70.835 0.1111110002
65788  58.266  -28.151  71.790 0.2222220004
66730  59.787  -27.173  69.257 0.2222220004
147550  59.407  -28.050  69.473 0.2222220004
65805  59.145  -28.416  69.684 0.1111110002
65806  58.937  -28.771  69.482 0.1111110002
125628  58.620  -29.071  69.294 0.1111110002
125863  58.039  -29.316  69.102 0.1111110002
67695  60.288  -26.147  68.681 0.2222220004
67675  60.233  -25.774  69.550 0.2222220004
144036  60.446  -24.804  69.481 0.2222220004
64841  57.217  -29.362  68.776 0.1111110002
68783  60.560  -24.833  68.921 0.2222220004
69906  60.598  -23.596  68.019 0.2222220004
68799  60.658  -24.314  68.282 0.2222220004
68800  58.356  -25.142  66.956 0.1111110002
71812  60.062  -22.700  67.239 0.1111110002
71813  59.465  -22.702  66.925 0.1111110002
136781  58.915  -23.157  67.268 0.1111110002
70893  58.855  -23.290  66.249 0.1111110002
67608  58.482  -26.983  72.956 0.2222220004
66702  59.153  -27.225  71.399 0.2222220004
66703  58.732  -27.743  71.577 0.2222220004
67656  59.520  -26.848  70.795 0.2222220004
66716  59.071  -27.820  70.873 0.2222220004
65789  58.065  -28.541  71.331 0.1111110002
64827  58.012  -29.123  69.972 0.1111110002
148519  59.515  -27.552  69.746 0.2222220004
65797  58.909  -28.410  70.249 0.2222220004
64815  58.638  -28.799  69.907 0.1111110002
70872  60.345  -23.104  68.468 0.2222220004
69895  60.579  -23.691  68.787 0.2222220004
68784  58.452  -24.581  68.102 0.1111110002
68785  57.959  -25.490  68.672 0.1111110002
69907  58.887  -23.210  68.136 0.1111110002
70879  59.534  -22.746  67.959 0.1111110002
146703  58.670  -24.074  67.378 0.1111110002
69826  57.609  -23.840  74.884 0.2222220004
68714  56.709  -23.843  74.604 0.1111110002
66690  58.929  -26.911  72.175 0.2222220004
68732  58.849  -25.791  73.061 0.2222220004
69825  58.406  -23.767  74.019 0.2222220004
67640  59.405  -26.319  71.617 0.2222220004
147515  58.837  -24.466  73.497 0.2222220004
67676  59.700  -26.859  69.993 0.2222220004
150405  59.772  -24.628  71.318 0.2222220004
69852  59.267  -23.582  72.485 0.2222220004
67655  59.992  -25.705  70.377 0.2222220004
68755  60.045  -24.344  70.771 0.2222220004
70848  59.249  -22.811  71.349 0.2222220004
68767  60.330  -24.659  69.981 0.2222220004
70856  60.265  -23.481  70.156 0.2222220004
69870  59.860  -23.232  70.804 0.2222220004
70873  59.955  -22.801  68.777 0.2222220004
70865  60.243  -23.088  69.396 0.2222220004
68768  58.316  -24.435  69.041 0.1111110002
70867  59.218  -22.782  69.870 0.1111110002
69881  58.456  -23.544  69.768 0.1111110002
138477  58.041  -23.312  74.201 0.1111110002
68712  58.913  -23.544  73.285 0.2222220004
69837  58.484  -23.137  73.447 0.1111110002
69863  59.580  -23.647  71.540 0.2222220004
69853  58.916  -22.892  72.783 0.1111110002
70841  58.692  -22.888  72.826 0.1111110002
132407  59.037  -22.611  71.640 0.2222220004
70857  59.755  -22.838  70.305 0.2222220004
70866  59.798  -22.698  69.506 0.1111110002
70849  58.995  -22.632  72.197 0.2222220004
55023  42.897  -39.118  83.405 0.2222220004
56058  43.555  -37.851  82.933 0.2222220004
68634  54.335  -25.732  79.588 0.2222220004
130094  56.402  -27.146  76.321 0.2222220004
68700  58.088  -24.445  74.702 0.2222220004
47717  44.827  -45.765  83.318 0.3333329856
63830  49.839  -30.937  74.834 0.1111110002
65727  49.660  -28.937  75.364 0.1111110002
63840  50.326  -31.720  74.445 0.1111110002
141258  46.322  -30.895  77.271 0.2222220004
149004  44.112  -37.421  81.085 0.1111110002
57146  45.001  -36.791  80.792 0.2222220004
58125  44.830  -36.608  80.255 0.2222220004
127996  45.495  -35.088  79.011 0.2222220004
67529  53.979  -26.430  81.199 0.3333329856
63880  49.730  -30.689  72.069 0.1111110002
65703  48.877  -28.440  77.322 0.2222220004
65717  49.048  -28.372  76.042 0.1111110002
61872  44.662  -32.262  76.705 0.1111110002
57313  43.778  -36.752  65.775 0.1111110002
55213  44.152  -39.111  66.722 0.1111110002
140434  43.407  -35.272  66.108 0.1111110002
54188  44.747  -40.251  65.448 0.1111110002
139403  48.047  -42.487  66.016 0.1111110002
60080  44.046  -34.035  65.303 0.1111110002
62960  43.122  -31.605  65.725 0.1111110002
62944  42.818  -30.982  66.067 0.1111110002
62945  42.126  -31.213  66.418 0.1111110002
60999  44.245  -33.055  65.292 0.1111110002
64884  43.825  -29.723  66.763 0.1111110002
63928  44.300  -29.983  66.253 0.1111110002
62959  43.875  -31.507  65.531 0.1111110002
64852  44.710  -29.457  68.615 0.1111110002
57319  44.672  -38.218  64.906 0.1111110002
52055  46.768  -42.201  65.392 0.1111110002
63901  42.664  -30.301  68.201 0.1111110002
63896  43.395  -30.178  68.971 0.1111110002
61930  44.221  -32.183  71.896 0.1111110002
64882  45.422  -29.067  66.950 0.1111110002
151052  45.201  -29.612  69.175 0.1111110002
63894  45.398  -30.202  69.806 0.1111110002
63891  44.796  -30.788  70.143 0.1111110002
62912  45.247  -31.399  70.855 0.1111110002
150042  46.479  -31.436  71.316 0.1111110002
146634  46.684  -30.701  74.530 0.1111110002
61904  46.486  -32.262  73.004 0.1111110002
62872  45.909  -32.061  73.344 0.1111110002
61928  45.940  -31.947  72.073 0.1111110002
61929  45.208  -32.048  71.975 0.1111110002
61905  45.322  -32.258  73.031 0.1111110002
62860  45.741  -31.672  73.974 0.1111110002
62913  44.449  -31.412  70.705 0.1111110002
64740  47.779  -29.152  76.284 0.1111110002
65729  47.992  -29.178  75.541 0.1111110002
64764  47.091  -30.130  74.761 0.1111110002
64835  45.841  -29.501  69.378 0.1111110002
127503  47.204  -32.326  72.822 0.1111110002
139656  46.973  -31.515  71.527 0.1111110002
61892  47.752  -32.297  73.635 0.1111110002
64867  45.715  -28.879  67.673 0.1111110002
63882  47.377  -30.875  71.154 0.1111110002
64834  46.635  -29.363  69.680 0.1111110002
64833  47.476  -29.219  70.001 0.1111110002
64850  46.357  -28.920  68.739 0.1111110002
62861  44.688  -31.668  74.277 0.1111110002
63808  45.702  -30.679  76.447 0.2222220004
62845  44.469  -31.519  75.180 0.1111110002
145290  46.132  -28.914  67.153 0.1111110002
65814  46.999  -28.686  68.417 0.1111110002
64763  47.939  -30.393  74.679 0.1111110002
61902  48.162  -32.441  73.376 0.1111110002
63842  48.434  -31.530  74.412 0.1111110002
64752  48.389  -29.673  74.940 0.1111110002
61915  48.433  -32.429  73.042 0.1111110002
146091  48.614  -32.408  73.532 0.1111110002
62883  48.801  -32.246  72.874 0.1111110002
62895  48.502  -31.718  72.166 0.1111110002
63841  49.346  -31.716  74.421 0.1111110002
61889  49.619  -32.225  73.861 0.1111110002
63890  47.935  -29.915  70.781 0.1111110002
133833  48.630  -30.143  71.248 0.1111110002
65810  47.194  -28.777  69.162 0.1111110002
64808  50.190  -29.828  71.602 0.1111110002
64739  48.313  -28.779  75.953 0.1111110002
59047  44.995  -35.365  78.701 0.2222220004
59956  44.664  -34.841  78.073 0.2222220004
58161  43.258  -36.524  78.175 0.1111110002
58162  42.553  -36.527  77.837 0.1111110002
57192  40.620  -37.717  78.033 0.1111110002
57193  39.976  -37.789  77.402 0.1111110002
56103  40.396  -38.087  78.626 0.1111110002
137309  41.527  -38.124  79.801 0.2222220004
57163  43.315  -37.169  79.151 0.1111110002
147143  40.857  -38.160  79.348 0.2222220004
57147  44.415  -36.940  80.325 0.1111110002
57148  43.835  -37.344  80.450 0.1111110002
57149  42.814  -37.739  80.346 0.2222220004
57162  43.907  -37.078  79.749 0.1111110002
57164  42.732  -37.595  79.443 0.1111110002
57133  43.001  -37.959  82.091 0.2222220004
67560  55.162  -27.210  78.354 0.2222220004
129932  60.568  -25.262  68.049 0.2222220004
69919  60.676  -23.592  67.241 0.2222220004
70892  60.472  -23.017  66.910 0.2222220004
71855  58.771  -21.777  64.191 0.1111110002
133564  60.712  -24.430  67.551 0.2222220004
71827  60.190  -22.516  66.427 0.1111110002
72694  59.989  -21.956  65.982 0.1111110002
129286  58.620  -28.268  71.065 0.2222220004
66715  59.329  -27.807  70.141 0.2222220004
69880  60.544  -23.980  69.479 0.2222220004
70878  60.411  -23.053  67.685 0.2222220004
71804  60.136  -22.859  68.053 0.2222220004
69896  58.743  -23.352  68.985 0.1111110002
70874  59.400  -22.837  68.912 0.1111110002
149830  58.049  -23.660  74.533 0.2222220004
136621  59.197  -25.785  72.308 0.2222220004
68742  59.519  -24.908  71.897 0.2222220004
68731  59.195  -24.643  72.825 0.2222220004
137126  59.761  -25.519  71.119 0.2222220004
26622  13.130  -66.926  95.471 0.1111110002
136353  14.563  -66.079  93.762 0.2222220004
145589  14.133  -65.719  94.228 0.2222220004
27589  13.329  -66.344  95.492 0.1111110002
125247  12.544  -66.743  95.297 0.1111110002
28512  14.018  -66.251  95.171 0.1111110002
26627  13.102  -67.894  94.219 0.1111110002
129230  12.689  -66.903  93.808 0.1111110002
135976  12.946  -67.708  93.823 0.1111110002
27590  12.679  -66.359  95.557 0.1111110002
27591  12.265  -66.265  95.338 0.1111110002
28513  13.460  -65.784  95.367 0.1111110002
27595  12.214  -66.556  95.056 0.1111110002
148340  12.466  -66.955  95.088 0.1111110002
27598  12.657  -67.150  94.658 0.1111110002
27600  11.638  -65.918  94.563 0.1111110002
29457  13.146  -65.172  95.305 0.1111110002
28514  12.819  -65.676  95.603 0.1111110002
27588  12.330  -65.866  95.584 0.1111110002
29462  13.312  -64.901  94.897 0.2222220004
28519  13.799  -65.561  94.887 0.1111110002
27592  11.737  -65.911  95.063 0.1111110002
29453  11.134  -64.349  95.717 0.1111110002
29452  12.285  -65.208  95.701 0.1111110002
137080  11.976  -65.417  95.685 0.1111110002
30470  13.049  -64.331  94.312 0.2222220004
138255  11.040  -65.464  94.911 0.1111110002
28511  10.829  -65.018  95.416 0.1111110002
30469  11.802  -63.812  95.332 0.2222220004
30462  12.110  -64.441  95.546 0.2222220004
30471  12.436  -63.596  94.417 0.2222220004
31465  12.032  -63.536  95.149 0.2222220004
142878  12.695  -64.402  95.135 0.2222220004
30474  12.758  -63.617  93.398 0.2222220004
32527  11.152  -61.453  95.299 0.2222220004
31462  11.143  -62.943  95.474 0.2222220004
30463  11.509  -63.862  95.503 0.2222220004
133276  11.034  -62.377  95.627 0.2222220004
31466  11.735  -63.161  95.048 0.2222220004
33609  11.140  -60.583  95.729 0.2222220004
31469  11.427  -62.530  95.112 0.2222220004
32530  11.517  -61.348  94.348 0.2222220004
144717  10.879  -61.407  95.771 0.2222220004
32525  10.611  -61.843  96.026 0.2222220004
30457  10.818  -62.908  95.568 0.2222220004
33616  11.456  -60.489  94.931 0.2222220004
33615  11.800  -60.220  94.134 0.2222220004
32522  10.048  -61.550  97.055 0.2222220004
32523  9.743  -61.745  97.116 0.2222220004
31457  10.454  -61.978  96.010 0.2222220004
150297  11.343  -59.884  96.181 0.2222220004
34530  12.200  -59.348  95.195 0.2222220004
34531  11.615  -59.819  95.479 0.2222220004
142290  9.723  -59.119  97.082 0.2222220004
35541  10.400  -58.720  97.029 0.2222220004
35533  10.015  -59.061  97.360 0.2222220004
33598  10.065  -60.520  97.527 0.2222220004
146053  9.598  -60.985  97.721 0.2222220004
35526  11.011  -58.943  97.628 0.2222220004
35532  10.768  -58.791  97.460 0.2222220004
34515  10.195  -59.504  97.464 0.2222220004
33602  10.314  -60.809  97.277 0.2222220004
35531  11.633  -58.369  97.587 0.2222220004
131056  11.650  -58.744  97.565 0.2222220004
33601  10.803  -60.125  97.043 0.2222220004
32521  10.420  -61.212  96.741 0.2222220004
34513  12.268  -58.573  97.633 0.2222220004
34516  11.557  -59.218  97.336 0.2222220004
34521  11.400  -59.592  96.841 0.2222220004
33606  10.785  -60.625  96.465 0.2222220004
35540  12.820  -58.674  96.869 0.2222220004
130541  11.976  -59.227  96.233 0.2222220004
40405  19.707  -54.363  95.209 0.2222220004
40406  18.982  -54.369  95.105 0.2222220004
40415  18.413  -54.498  94.974 0.1111110002
38433  15.749  -55.808  95.867 0.1111110002
36444  11.210  -58.302  97.289 0.2222220004
36453  10.981  -58.263  96.532 0.2222220004
36443  11.864  -57.930  97.564 0.2222220004
36452  11.594  -57.882  96.873 0.2222220004
36439  12.212  -57.986  97.840 0.2222220004
143870  12.197  -57.697  97.117 0.2222220004
40414  18.804  -54.173  94.613 0.1111110002
39446  17.847  -55.018  95.360 0.1111110002
40424  18.610  -54.129  93.886 0.1111110002
126350  18.554  -54.015  93.145 0.1111110002
135686  10.478  -58.670  96.226 0.1111110002
36460  10.822  -58.419  95.618 0.1111110002
38425  15.101  -56.083  96.519 0.1111110002
37383  12.813  -57.436  96.873 0.2222220004
38434  15.067  -56.325  95.376 0.1111110002
37393  12.961  -57.365  95.934 0.1111110002
151137  20.312  -54.203  93.854 0.1111110002
37391  14.420  -56.683  96.041 0.1111110002
40422  19.553  -53.991  93.947 0.1111110002
38443  15.819  -56.056  94.807 0.1111110002
36554  28.578  -57.197  88.880 0.1111110002
130958  28.179  -57.040  88.044 0.1111110002
36571  27.391  -56.886  87.768 0.1111110002
36572  26.711  -56.943  88.196 0.1111110002
36556  25.971  -56.985  88.595 0.1111110002
36539  22.676  -56.833  90.011 0.1111110002
37456  21.782  -56.549  90.265 0.1111110002
37482  26.098  -56.697  87.873 0.1111110002
37471  21.975  -56.512  89.456 0.1111110002
37503  25.737  -56.453  87.205 0.1111110002
37504  24.890  -56.493  87.490 0.1111110002
37470  22.964  -56.817  89.190 0.1111110002
39485  22.043  -54.381  92.895 0.2222220004
130444  26.749  -57.101  88.956 0.1111110002
37484  24.782  -56.717  88.141 0.1111110002
149291  24.328  -56.521  87.795 0.1111110002
37483  25.454  -56.695  87.969 0.1111110002
37505  23.668  -56.454  87.790 0.1111110002
37485  22.303  -56.459  88.593 0.1111110002
137702  23.285  -56.642  88.442 0.1111110002
137669  24.157  -56.354  87.216 0.1111110002
39453  23.648  -54.799  94.843 0.2222220004
39465  23.012  -54.439  93.849 0.2222220004
149109  24.883  -57.376  90.187 0.1111110002
36516  24.309  -57.318  90.481 0.1111110002
36538  23.632  -57.059  89.798 0.1111110002
36557  25.345  -57.154  89.152 0.1111110002
36537  24.587  -57.189  89.604 0.1111110002
36559  23.858  -57.023  88.979 0.1111110002
36558  24.644  -57.018  88.762 0.1111110002
135975  24.104  -56.705  88.319 0.1111110002
37506  22.760  -56.375  87.807 0.1111110002
37523  23.302  -56.249  87.136 0.1111110002
45496  42.172  -48.583  83.180 0.2222220004
45497  41.504  -48.544  82.608 0.2222220004
45512  41.788  -48.140  82.279 0.1111110002
46592  41.375  -47.968  81.590 0.1111110002
46578  42.520  -47.977  82.844 0.2222220004
46590  42.824  -47.109  82.610 0.2222220004
46591  42.148  -47.271  82.010 0.1111110002
46599  41.636  -46.845  81.208 0.1111110002
47751  41.415  -46.405  80.368 0.1111110002
46610  40.719  -47.024  80.147 0.1111110002
47737  42.325  -46.273  81.361 0.1111110002
47736  42.977  -46.183  81.923 0.1111110002
47749  42.903  -45.508  80.943 0.1111110002
47750  42.155  -45.859  80.601 0.1111110002
48731  42.773  -45.246  79.993 0.1111110002
47761  42.058  -45.543  79.649 0.1111110002
47762  41.342  -45.979  79.420 0.1111110002
47775  41.325  -45.621  78.323 0.1111110002
48767  41.870  -44.992  77.647 0.1111110002
48768  41.595  -45.209  77.377 0.1111110002
48719  43.589  -45.270  81.419 0.1111110002
48745  42.991  -44.908  79.762 0.1111110002
48746  42.516  -45.065  79.083 0.1111110002
48760  42.145  -45.072  78.312 0.1111110002
48761  41.990  -45.348  78.699 0.1111110002
127693  41.875  -45.183  77.984 0.1111110002
49715  41.579  -44.786  77.049 0.1111110002
48769  41.311  -45.135  76.602 0.1111110002
126365  41.236  -44.887  76.311 0.1111110002
48773  40.965  -44.937  75.719 0.1111110002
48718  44.168  -45.045  81.982 0.1111110002
49666  43.964  -44.713  81.238 0.1111110002
48730  43.390  -44.951  80.533 0.1111110002
49700  42.262  -44.832  78.465 0.1111110002
50746  42.360  -44.268  78.703 0.1111110002
49701  41.900  -44.581  77.891 0.1111110002
49726  40.948  -44.699  75.873 0.1111110002
50779  40.805  -44.157  76.261 0.1111110002
131792  40.041  -43.825  76.092 0.1111110002
51897  39.179  -43.173  76.860 0.1111110002
55059  39.039  -39.228  78.678 0.1111110002
54037  38.162  -40.585  78.042 0.1111110002
51898  38.219  -42.685  76.714 0.1111110002
49673  44.162  -44.170  81.189 0.1111110002
49674  43.715  -44.502  80.716 0.1111110002
49686  43.303  -44.543  80.123 0.1111110002
50728  43.193  -44.152  79.881 0.1111110002
49687  42.769  -44.572  79.350 0.1111110002
50729  42.794  -43.918  79.434 0.1111110002
50747  41.850  -43.902  78.250 0.1111110002
50748  41.170  -43.564  77.954 0.1111110002
50778  41.242  -44.515  76.578 0.1111110002
51882  40.335  -43.302  77.819 0.1111110002
50763  41.014  -43.846  77.085 0.1111110002
50764  40.186  -43.530  76.957 0.1111110002
52966  39.672  -41.705  79.552 0.1111110002
51869  39.643  -42.623  78.450 0.1111110002
130149  40.882  -38.520  80.311 0.1111110002
52967  39.089  -41.708  78.894 0.1111110002
51870  38.929  -42.194  78.253 0.1111110002
56092  39.484  -39.267  79.390 0.1111110002
54026  38.617  -40.722  78.754 0.1111110002
52993  38.456  -41.453  78.257 0.1111110002
129994  39.417  -42.906  77.712 0.1111110002
56091  40.153  -38.847  79.909 0.1111110002
55049  39.320  -40.147  79.684 0.1111110002
51883  38.471  -42.263  77.589 0.1111110002
52994  37.920  -41.348  77.630 0.1111110002
51839  42.780  -42.975  80.605 0.1111110002
51851  42.426  -43.295  79.861 0.1111110002
50730  42.153  -43.572  79.058 0.1111110002
51867  41.368  -43.229  78.796 0.1111110002
51852  41.595  -42.967  79.608 0.1111110002
138404  40.596  -42.531  79.415 0.1111110002
127436  41.222  -41.983  80.876 0.1111110002
51868  40.525  -42.948  78.582 0.1111110002
52950  40.419  -41.464  80.582 0.1111110002
59910  42.863  -35.492  82.540 0.2222220004
59909  43.535  -34.842  82.311 0.2222220004
59903  42.912  -35.900  83.373 0.2222220004
151575  19.168  -54.195  94.936 0.1111110002
40412  20.163  -54.168  94.745 0.2222220004
40413  19.331  -54.080  94.653 0.2222220004
40423  18.920  -53.959  93.938 0.1111110002
55041  40.386  -39.391  80.762 0.1111110002
30464  10.980  -63.896  95.893 0.1111110002
28510  11.403  -65.081  95.642 0.1111110002
59902  43.519  -35.282  83.080 0.2222220004
37381  14.535  -56.584  97.050 0.1111110002
47735  43.777  -45.750  82.311 0.1111110002
127855  40.055  -38.501  79.201 0.1111110002
28518  14.355  -66.200  94.559 0.1111110002
28509  11.917  -65.757  95.450 0.1111110002
27599  12.239  -66.442  94.284 0.1111110002
29458  12.590  -64.841  95.504 0.1111110002
28515  11.345  -65.511  95.247 0.1111110002
145319  11.719  -64.648  95.695 0.1111110002
30468  12.186  -64.115  95.317 0.1111110002
34542  11.828  -59.820  94.761 0.2222220004
34514  10.791  -59.633  97.335 0.2222220004
35525  12.244  -58.232  97.816 0.2222220004
34520  12.179  -58.987  97.196 0.2222220004
148991  25.237  -56.939  88.509 0.1111110002
46600  40.991  -47.565  80.892 0.1111110002
50762  41.533  -44.257  77.402 0.1111110002
54025  38.903  -39.989  79.130 0.1111110002
51884  37.787  -41.976  77.146 0.1111110002
52965  40.208  -41.833  80.021 0.1111110002
51840  40.967  -42.337  80.183 0.1111110002
126236  42.889  -34.968  81.713 0.2222220004
150380  28.157  -54.546  89.450 0.1111110002
40479  28.721  -54.288  89.047 0.1111110002
39541  27.906  -54.354  88.789 0.1111110002
148661  23.503  -54.331  91.573 0.1111110002
39517  24.691  -54.491  90.884 0.1111110002
39531  25.469  -54.437  89.481 0.1111110002
39532  24.842  -54.421  90.003 0.1111110002
39484  22.971  -54.362  92.676 0.1111110002
39503  23.063  -54.292  91.904 0.1111110002
49621  40.086  -44.933  84.946 0.1111110002
58985  40.485  -36.588  82.966 0.1111110002
58975  40.498  -36.622  84.010 0.1111110002
58984  41.420  -36.609  83.421 0.1111110002
58996  42.216  -36.194  82.901 0.1111110002
58998  41.034  -36.239  81.801 0.1111110002
59008  42.090  -35.744  81.942 0.1111110002
59917  42.320  -35.111  81.033 0.1111110002
59926  42.530  -34.602  80.263 0.1111110002
60864  42.760  -34.005  79.522 0.1111110002
59925  43.077  -34.556  80.865 0.1111110002
60851  43.149  -34.145  80.200 0.1111110002
60871  43.325  -33.331  78.977 0.1111110002
61851  43.792  -32.623  78.631 0.1111110002
60863  43.591  -33.694  79.710 0.1111110002
61850  44.208  -31.908  78.568 0.1111110002
132487  42.974  -32.747  78.304 0.1111110002
133365  42.235  -36.474  83.808 0.1111110002
58976  39.728  -36.489  83.699 0.1111110002
65829  59.998  -29.327  65.853 0.1111110002
138900  60.308  -29.639  64.970 0.1111110002
129392  60.060  -28.515  66.064 0.1111110002
147380  60.673  -29.234  64.409 0.1111110002
65852  61.701  -29.185  62.101 0.1111110002
66783  62.496  -28.556  59.851 0.1111110002
65867  61.789  -29.192  59.618 0.1111110002
66757  60.767  -28.358  64.245 0.1111110002
66767  61.212  -28.495  63.197 0.1111110002
66776  62.286  -28.767  60.892 0.1111110002
65866  62.103  -29.395  59.840 0.1111110002
137087  60.775  -25.438  55.516 0.1111110002
67721  60.392  -26.552  65.959 0.1111110002
67731  60.953  -27.038  63.408 0.1111110002
68836  61.442  -27.036  62.370 0.1111110002
68861  61.687  -26.423  60.998 0.1111110002
68846  61.818  -27.038  61.351 0.1111110002
69957  62.016  -26.245  60.060 0.1111110002
69953  61.077  -25.345  61.196 0.1111110002
69958  61.324  -25.251  60.124 0.1111110002
69969  61.873  -25.641  59.082 0.1111110002
69970  61.365  -24.795  58.712 0.1111110002
69977  61.469  -24.861  57.687 0.1111110002
133907  60.950  -24.319  56.165 0.1111110002
150586  61.083  -24.311  56.869 0.1111110002
70000  60.730  -24.414  55.575 0.1111110002
70999  60.474  -23.635  55.071 0.1111110002
68834  60.630  -26.160  64.284 0.1111110002
68837  60.839  -26.172  63.356 0.1111110002
146935  60.813  -25.454  62.223 0.1111110002
70926  60.267  -24.221  61.331 0.1111110002
138468  61.062  -24.706  59.525 0.1111110002
70935  60.296  -24.114  60.274 0.1111110002
70946  60.836  -24.075  58.299 0.1111110002
70955  60.791  -23.754  57.417 0.1111110002
71924  60.962  -22.277  55.765 0.1111110002
70984  60.733  -23.085  55.482 0.1111110002
71947  60.689  -22.380  54.943 0.1111110002
72782  60.441  -21.679  54.754 0.1111110002
73639  60.512  -20.560  54.573 0.1111110002
69950  60.677  -25.218  63.384 0.1111110002
128871  60.636  -25.260  64.360 0.1111110002
149618  60.575  -24.796  62.988 0.1111110002
70927  59.806  -23.446  61.003 0.1111110002
70936  59.612  -23.101  60.289 0.1111110002
71894  59.636  -22.486  59.324 0.1111110002
70947  60.365  -23.790  59.267 0.1111110002
71893  60.244  -23.167  58.290 0.1111110002
71908  59.896  -22.159  58.308 0.1111110002
71907  60.557  -22.571  57.131 0.1111110002
72761  60.261  -21.681  57.565 0.1111110002
72771  60.826  -21.572  56.368 0.1111110002
140075  61.287  -20.713  55.047 0.1111110002
71938  59.445  -22.227  55.428 0.1111110002
72794  61.062  -21.239  54.856 0.1111110002
72783  59.609  -21.203  55.213 0.1111110002
73631  58.952  -20.574  56.279 0.1111110002
73632  58.251  -20.213  57.358 0.1111110002
72763  57.754  -21.737  58.078 0.1111110002
72750  56.395  -21.894  59.073 0.1111110002
147544  60.396  -24.402  62.469 0.1111110002
125711  60.062  -23.335  62.427 0.1111110002
71868  59.660  -22.378  61.375 0.1111110002
71880  59.428  -21.905  60.482 0.1111110002
148321  59.590  -21.792  58.980 0.1111110002
72737  59.551  -20.934  60.691 0.1111110002
73610  59.480  -20.516  59.306 0.1111110002
72762  59.689  -21.213  58.531 0.1111110002
73620  60.365  -20.859  57.362 0.1111110002
74502  60.364  -19.879  57.298 0.1111110002
73638  61.163  -19.994  55.173 0.1111110002
73630  61.022  -20.610  55.929 0.1111110002
73647  61.059  -20.259  54.775 0.1111110002
73640  59.680  -20.321  54.983 0.1111110002
74513  58.055  -19.220  57.063 0.1111110002
74503  57.467  -19.790  57.921 0.1111110002
71895  55.793  -22.240  59.208 0.1111110002
72752  54.966  -21.491  60.008 0.1111110002
74523  59.306  -19.601  55.448 0.1111110002
73622  57.672  -20.784  58.158 0.1111110002
142412  56.276  -21.078  59.284 0.1111110002
147052  56.108  -20.317  59.288 0.1111110002
140451  60.702  -19.727  56.168 0.1111110002
74521  60.612  -19.129  55.719 0.1111110002
74532  60.723  -19.279  54.940 0.1111110002
75485  59.962  -17.924  54.966 0.1111110002
72738  54.206  -21.421  60.341 0.1111110002
72739  53.388  -21.407  60.583 0.1111110002
74474  52.466  -19.762  61.138 0.1111110002
75486  59.642  -17.917  54.974 0.1111110002
149589  58.404  -18.050  55.861 0.1111110002
74504  56.733  -19.367  58.298 0.1111110002
74493  56.281  -19.728  58.916 0.1111110002
150861  55.010  -20.058  60.026 0.1111110002
73599  53.818  -20.759  60.622 0.1111110002
130522  53.423  -19.978  60.812 0.1111110002
76440  59.034  -17.077  54.993 0.1111110002
75477  58.183  -17.312  55.685 0.1111110002
74514  57.798  -18.267  56.571 0.1111110002
75459  56.552  -18.535  57.842 0.1111110002
74505  56.055  -19.014  58.586 0.1111110002
76441  57.492  -16.447  55.811 0.1111110002
75467  57.236  -17.502  56.524 0.1111110002
76425  60.210  -17.536  56.593 0.1111110002
76448  59.903  -17.561  55.142 0.1111110002
76449  59.554  -17.123  55.131 0.1111110002
76439  59.698  -16.805  55.525 0.1111110002
131293  54.752  -19.095  59.814 0.1111110002
77410  59.086  -16.313  55.097 0.1111110002
75460  55.914  -18.181  58.183 0.1111110002
75461  55.354  -17.869  58.496 0.1111110002
75442  54.766  -17.934  59.165 0.1111110002
151014  58.396  -16.009  55.262 0.1111110002
150236  56.754  -16.906  56.522 0.1111110002
127968  56.148  -16.687  56.965 0.1111110002
77401  56.837  -14.875  55.655 0.1111110002
77400  56.778  -15.923  56.072 0.1111110002
77397  59.867  -16.701  56.398 0.1111110002
78317  59.239  -15.366  56.443 0.1111110002
78305  59.287  -15.458  57.012 0.1111110002
77365  57.752  -15.864  57.857 0.1111110002
78348  58.779  -15.493  55.445 0.1111110002
78335  58.482  -14.681  55.701 0.1111110002
77383  57.780  -14.639  56.864 0.1111110002
78349  58.305  -14.952  55.300 0.1111110002
77399  57.634  -15.059  55.354 0.1111110002
77368  54.844  -16.238  58.168 0.1111110002
78320  57.619  -13.374  56.091 0.1111110002
78337  57.335  -14.033  55.421 0.1111110002
150495  57.072  -13.394  55.647 0.1111110002
132283  55.341  -15.344  57.335 0.1111110002
149494  56.289  -12.845  56.578 0.1111110002
134103  55.349  -14.212  57.230 0.1111110002
133065  55.632  -13.259  57.155 0.1111110002
141631  56.159  -12.711  57.374 0.1111110002
79291  57.093  -12.995  56.052 0.1111110002
81173  56.746  -12.326  59.242 0.1111110002
81174  56.493  -12.192  58.910 0.1111110002
148223  60.421  -26.888  65.158 0.1111110002
147601  60.320  -23.351  63.238 0.1111110002
66752  60.366  -27.716  65.324 0.1111110002
65831  60.420  -28.861  65.175 0.1111110002
64891  60.732  -29.968  63.963 0.1111110002
65837  61.050  -29.203  63.485 0.1111110002
65858  62.192  -29.521  60.608 0.1111110002
67745  62.174  -27.850  61.097 0.1111110002
140221  60.615  -27.153  64.418 0.1111110002
131072  61.011  -27.795  63.564 0.1111110002
67730  61.608  -28.003  62.418 0.1111110002
68847  61.154  -26.245  62.298 0.1111110002
146236  62.199  -26.292  59.348 0.1111110002
69984  61.522  -25.215  56.831 0.1111110002
70969  60.820  -23.380  56.363 0.1111110002
71936  61.039  -21.969  55.122 0.1111110002
148006  59.835  -23.181  61.714 0.1111110002
72781  61.182  -21.370  55.303 0.1111110002
72772  58.841  -21.639  56.518 0.1111110002
74512  58.613  -19.684  56.457 0.1111110002
72773  58.343  -21.171  57.438 0.1111110002
72764  57.042  -21.388  58.745 0.1111110002
73623  56.825  -20.349  58.748 0.1111110002
71867  60.003  -22.375  62.340 0.1111110002
72724  59.818  -21.201  61.386 0.1111110002
72749  59.381  -21.277  59.676 0.1111110002
134216  60.619  -19.705  54.643 0.1111110002
74522  60.049  -19.615  54.653 0.1111110002
130394  59.563  -18.729  55.037 0.1111110002
145456  57.194  -18.894  57.454 0.1111110002
72751  55.665  -21.624  59.529 0.1111110002
73611  55.488  -20.727  59.749 0.1111110002
73612  54.657  -20.770  60.259 0.1111110002
142200  54.483  -21.944  60.045 0.1111110002
75476  58.926  -17.950  55.139 0.1111110002
129530  55.614  -19.638  59.382 0.1111110002
75475  60.442  -18.429  55.435 0.1111110002
75484  60.243  -18.277  55.077 0.1111110002
74494  54.285  -19.996  60.401 0.1111110002
74473  53.152  -19.234  60.872 0.1111110002
72741  51.762  -21.222  60.611 0.1111110002
75441  55.413  -18.617  58.948 0.1111110002
75468  56.436  -17.672  57.290 0.1111110002
76438  60.105  -17.619  55.576 0.1111110002
78334  59.065  -15.269  55.887 0.1111110002
76411  55.676  -17.388  57.793 0.1111110002
76412  55.062  -17.174  58.345 0.1111110002
77384  56.085  -15.424  56.516 0.1111110002
77367  55.473  -16.442  57.528 0.1111110002
78338  56.572  -14.146  55.805 0.1111110002
78321  55.871  -14.254  56.456 0.1111110002
77382  59.639  -15.951  57.198 0.1111110002
78318  58.814  -14.935  56.164 0.1111110002
134498  58.583  -15.072  56.730 0.1111110002
127932  57.172  -16.528  58.840 0.1111110002
78319  58.245  -14.070  55.829 0.1111110002
78336  58.026  -14.164  55.423 0.1111110002
79290  57.621  -13.532  55.795 0.1111110002
79306  56.502  -13.267  55.943 0.1111110002
80251  56.552  -12.806  56.164 0.1111110002
79277  57.094  -12.980  56.530 0.1111110002
80242  56.717  -12.887  57.269 0.1111110002
81183  56.478  -12.597  58.239 0.1111110002
27594  14.508  -66.822  94.785 0.1111110002
26623  14.380  -67.585  94.712 0.1111110002
29468  13.664  -65.028  94.070 0.1111110002
30473  13.284  -64.321  93.217 0.1111110002
31468  11.857  -62.599  94.360 0.1111110002
31472  12.233  -62.773  93.455 0.1111110002
149024  12.877  -61.083  90.864 0.1111110002
32550  12.518  -61.267  91.760 0.1111110002
31476  12.781  -62.513  91.917 0.1111110002
33632  12.265  -60.345  92.681 0.1111110002
32534  11.892  -61.710  93.413 0.1111110002
32542  12.105  -61.104  92.635 0.1111110002
35577  20.428  -58.561  93.306 0.1111110002
34557  13.339  -59.089  92.333 0.1111110002
33643  12.559  -60.304  92.012 0.1111110002
33613  19.036  -60.295  93.999 0.1111110002
34568  13.010  -59.625  91.772 0.1111110002
33642  12.845  -60.345  91.265 0.1111110002
34553  20.282  -59.745  93.066 0.1111110002
34545  20.482  -59.562  94.039 0.1111110002
33620  19.420  -60.513  93.574 0.1111110002
145178  20.135  -60.257  93.524 0.1111110002
33619  19.904  -60.452  93.878 0.1111110002
32533  19.322  -60.695  92.917 0.1111110002
33621  18.888  -60.488  93.215 0.1111110002
37392  13.631  -56.920  95.505 0.1111110002
34534  20.346  -59.764  94.772 0.1111110002
150055  20.202  -60.170  94.171 0.1111110002
34536  19.310  -59.922  94.655 0.1111110002
35554  20.854  -58.997  94.845 0.1111110002
33611  20.011  -60.294  94.449 0.1111110002
41488  33.843  -52.764  85.449 0.1111110002
41502  34.302  -52.155  84.909 0.1111110002
43398  35.027  -51.154  83.765 0.1111110002
45498  41.061  -48.630  82.342 0.1111110002
42457  36.284  -51.274  84.905 0.1111110002
43397  35.800  -50.998  84.165 0.1111110002
43396  36.569  -50.589  84.475 0.1111110002
43407  36.214  -50.217  83.758 0.1111110002
45464  38.256  -48.786  84.296 0.1111110002
44446  37.547  -48.862  83.794 0.1111110002
44447  36.668  -49.210  83.318 0.1111110002
44456  41.706  -48.674  83.096 0.1111110002
45484  38.511  -48.146  83.428 0.1111110002
45485  37.681  -48.095  82.895 0.1111110002
45483  39.537  -48.245  82.885 0.1111110002
36451  12.253  -57.701  96.298 0.1111110002
41487  34.726  -52.591  85.629 0.1111110002
134516  35.266  -51.474  84.344 0.1111110002
34526  19.616  -59.579  95.332 0.1111110002
33612  19.586  -60.324  94.274 0.1111110002
27602  14.974  -66.527  93.164 0.1111110002
26621  13.937  -66.942  95.316 0.1111110002
139058  13.747  -64.886  93.071 0.1111110002
33624  11.880  -60.705  93.379 0.1111110002
29473  14.159  -65.119  92.465 0.1111110002
142662  13.417  -63.807  91.819 0.1111110002
30477  13.101  -63.550  92.349 0.1111110002
148450  12.321  -60.726  92.252 0.1111110002
30480  13.225  -63.280  91.369 0.1111110002
34567  13.416  -59.521  91.044 0.1111110002
33599  9.453  -60.331  97.567 0.2222220004
33604  8.455  -60.832  97.432 0.3333329856
33605  8.213  -61.107  96.993 0.3333329856
33614  18.596  -60.058  93.610 0.1111110002
34525  20.215  -59.557  95.433 0.2222220004
37377  21.086  -56.068  96.437 0.2222220004
38488  34.478  -55.321  89.156 0.3333329856
39444  19.344  -54.586  95.340 0.2222220004
39476  30.109  -55.461  91.255 0.5555559993
39490  36.762  -53.390  90.204 0.4444440007
39491  36.224  -53.590  90.305 0.4444440007
39526  36.835  -53.714  89.201 0.5555559993
40404  20.481  -54.536  95.286 0.3333329856
40446  35.778  -53.638  90.642 0.4444440007
41399  37.885  -52.227  90.446 0.6666669846
41409  38.653  -52.087  89.785 0.6666669846
41410  38.150  -52.449  90.090 0.5555559993
41434  38.441  -52.510  88.680 0.5555559993
42352  37.305  -51.651  90.887 0.6666669846
43285  34.959  -51.025  91.133 0.6666669846
43295  40.976  -50.094  89.338 0.7777780294
43299  35.370  -50.688  90.472 0.6666669846
43334  42.062  -49.869  88.242 0.7777780294
44331  37.563  -49.725  90.608 0.7777780294
45375  38.644  -49.183  90.718 0.6666669846
45376  38.108  -49.398  90.760 0.6666669846
46532  45.500  -47.019  85.670 0.7777780294
47697  44.885  -46.621  83.910 0.6666669846
49617  46.598  -44.196  85.081 0.7777780294
49648  46.512  -43.968  84.331 0.7777780294
50641  46.937  -43.248  84.721 0.7777780294
50682  45.429  -43.370  82.829 0.5555559993
51777  47.256  -42.440  84.840 0.7777780294
51853  39.844  -42.349  79.048 0.1111110002
52897  40.898  -41.005  85.126 0.1111110002
52904  46.911  -41.631  84.514 0.7777780294
52951  39.672  -40.893  80.129 0.2222220004
53120  45.956  -41.719  67.304 0.1111110002
53151  45.287  -41.126  65.490 0.1111110002
53932  43.165  -40.223  88.429 0.7777780294
53955  46.994  -40.259  87.235 0.8888890147
53965  47.338  -40.740  86.386 0.8888890147
54038  37.677  -40.559  77.356 0.1111110002
54181  44.383  -39.902  66.248 0.1111110002
54960  43.308  -38.807  88.555 0.6666669846
55036  41.272  -39.518  81.860 0.2222220004
55224  44.725  -39.664  65.073 0.1111110002
55995  42.589  -38.438  88.504 0.4444440007
56291  43.907  -38.189  66.335 0.1111110002
57009  45.106  -37.442  88.722 0.8888890147
57022  47.119  -36.866  87.532 0.8888890147
57023  46.902  -37.220  87.931 0.7777780294
57024  46.759  -37.586  88.173 0.8888890147
57025  42.716  -37.836  88.476 0.5555559993
57074  40.409  -37.393  85.879 0.4444440007
57095  39.322  -37.247  84.873 0.1111110002
57309  43.779  -36.764  66.681 0.1111110002
57312  44.158  -37.492  65.309 0.1111110002
58016  43.002  -37.354  88.485 0.5555559993
58030  43.737  -36.449  88.628 0.5555559993
58044  47.211  -36.163  87.438 0.7777780294
58045  42.738  -36.892  88.045 0.3333329856
58074  41.348  -37.013  86.161 0.4444440007
58093  39.166  -36.833  84.335 0.1111110002
58921  46.898  -35.974  87.751 0.8888890147
58924  44.786  -35.643  88.571 0.4444440007
58936  47.577  -35.589  86.925 0.8888890147
58949  47.893  -35.065  86.110 0.8888890147
58997  41.490  -36.390  82.570 0.1111110002
59150  44.289  -35.739  64.952 0.1111110002
59151  43.809  -35.162  65.502 0.1111110002
59862  46.535  -34.611  87.541 0.8888890147
60067  43.434  -34.652  65.859 0.1111110002
60790  47.955  -33.734  85.987 0.7777780294
60792  46.922  -33.384  86.661 0.6666669846
60802  48.318  -33.374  85.372 0.8888890147
60823  49.263  -33.861  83.392 0.7777780294
61001  42.916  -33.083  65.795 0.1111110002
61726  47.392  -33.029  86.256 0.6666669846
61891  48.460  -32.385  73.696 0.1111110002
61903  47.473  -32.379  73.220 0.1111110002
61914  49.050  -32.341  73.522 0.1111110002
61917  46.565  -32.086  72.468 0.1111110002
61988  44.437  -32.179  65.368 0.1111110002
62857  48.866  -32.229  74.081 0.1111110002
62868  51.334  -31.711  74.120 0.2222220004
62881  50.297  -31.874  73.485 0.2222220004
62884  48.100  -32.249  72.581 0.1111110002
62885  47.293  -32.089  72.331 0.1111110002
62894  49.269  -31.609  72.482 0.1111110002
62898  45.615  -31.734  71.519 0.1111110002
62899  44.823  -31.785  71.352 0.1111110002
62914  43.637  -31.501  70.650 0.1111110002
62961  42.486  -31.602  65.985 0.1111110002
63829  51.922  -30.826  75.502 0.2222220004
63864  51.960  -31.140  73.233 0.2222220004
63895  44.059  -30.404  69.534 0.1111110002
63930  42.570  -30.563  66.678 0.1111110002
63945  44.082  -30.688  65.745 0.1111110002
64724  54.546  -29.048  77.554 0.3333329856
64726  53.625  -29.298  77.709 0.2222220004
64735  53.780  -29.880  76.465 0.1111110002
64753  47.570  -29.612  75.116 0.1111110002
64762  48.864  -30.670  74.688 0.1111110002
64802  55.803  -29.447  71.476 0.1111110002
64824  48.855  -29.331  70.692 0.1111110002
64851  45.501  -29.124  68.481 0.1111110002
64861  52.621  -29.951  67.740 0.1111110002
64869  43.970  -29.501  67.399 0.1111110002
65798  58.386  -28.667  70.562 0.1111110002
65824  46.474  -28.765  67.838 0.1111110002
65870  62.290  -28.888  59.428 0.1111110002
66571  51.507  -27.122  83.023 0.4444440007
66603  54.224  -27.428  80.288 0.4444440007
66647  50.637  -27.925  76.677 0.3333329856
67561  54.812  -26.878  79.108 0.2222220004
68622  53.966  -25.377  81.087 0.3333329856
68716  49.953  -25.674  74.270 0.1111110002
69838  58.113  -23.035  73.597 0.1111110002
70840  59.131  -22.897  72.126 0.2222220004
71896  55.063  -22.243  59.556 0.1111110002
71897  54.187  -22.427  59.667 0.1111110002
74524  58.657  -18.756  55.883 0.1111110002
74533  60.225  -18.778  54.837 0.1111110002
77398  59.538  -15.830  56.084 0.1111110002
77409  59.347  -16.075  55.474 0.1111110002
78306  57.257  -14.133  57.107 0.1111110002
79278  55.965  -13.284  56.442 0.1111110002
125568  56.753  -12.764  56.503 0.1111110002
128276  45.989  -42.780  86.453 0.8888890147
128369  46.059  -45.655  85.130 0.7777780294
129193  42.043  -41.694  81.763 0.2222220004
131088  45.689  -30.866  70.493 0.1111110002
133757  43.649  -49.195  86.768 0.7777780294
134089  44.355  -45.549  82.674 0.3333329856
134418  52.736  -26.382  82.189 0.4444440007
136609  57.455  -25.465  75.760 0.3333329856
136749  62.404  -29.089  59.896 0.1111110002
137641  37.263  -50.715  90.919 0.6666669846
138636  45.593  -37.060  88.652 0.8888890147
139089  45.035  -34.584  87.854 0.5555559993
139214  52.857  -20.731  60.937 0.1111110002
143043  21.478  -58.142  96.209 0.2222220004
143093  43.844  -37.423  66.446 0.1111110002
143301  43.936  -39.074  88.380 0.7777780294
144046  53.389  -30.805  74.683 0.2222220004
144231  47.429  -42.186  85.615 0.7777780294
144583  41.539  -48.797  89.451 0.8888890147
145427  56.159  -12.349  58.220 0.1111110002
145687  44.231  -35.334  85.935 0.5555559993
145868  41.563  -44.997  76.924 0.1111110002
147388  50.163  -32.079  74.053 0.1111110002
147404  52.398  -27.253  81.332 0.4444440007
148561  44.300  -36.119  88.699 0.6666669846
148608  34.038  -51.926  84.473 0.1111110002
148753  35.318  -53.221  91.276 0.6666669846
149200  48.373  -33.984  85.574 0.7777780294
149798  21.675  -56.536  90.790 0.1111110002
149829  52.279  -21.011  60.884 0.1111110002
149917  47.228  -42.407  65.967 0.1111110002
150177  46.333  -33.042  85.999 0.6666669846
150397  42.758  -49.606  87.707 0.7777780294
150741  42.174  -39.957  82.899 0.3333329856
150789  46.924  -27.217  77.432 0.1111110002
150982  46.680  -36.276  88.046 0.8888890147
151236  57.021  -18.174  57.182 0.1111110002
151610  60.304  -17.982  55.923 0.1111110002
