global_signal	global_signal_derivative1	global_signal_power2	global_signal_derivative1_power2	csf	csf_derivative1	csf_derivative1_power2	csf_power2	white_matter	white_matter_derivative1	white_matter_power2	white_matter_derivative1_power2	csf_wm	tcompcor	std_dvars	dvars	framewise_displacement	rmsd	t_comp_cor_00	t_comp_cor_01	t_comp_cor_02	t_comp_cor_03	t_comp_cor_04	t_comp_cor_05	c_comp_cor_00	c_comp_cor_01	c_comp_cor_02	c_comp_cor_03	c_comp_cor_04	c_comp_cor_05	c_comp_cor_06	c_comp_cor_07	c_comp_cor_08	c_comp_cor_09	c_comp_cor_10	c_comp_cor_11	c_comp_cor_12	c_comp_cor_13	c_comp_cor_14	w_comp_cor_00	w_comp_cor_01	w_comp_cor_02	w_comp_cor_03	w_comp_cor_04	w_comp_cor_05	w_comp_cor_06	w_comp_cor_07	w_comp_cor_08	w_comp_cor_09	w_comp_cor_10	w_comp_cor_11	w_comp_cor_12	w_comp_cor_13	w_comp_cor_14	w_comp_cor_15	w_comp_cor_16	w_comp_cor_17	w_comp_cor_18	w_comp_cor_19	w_comp_cor_20	w_comp_cor_21	w_comp_cor_22	w_comp_cor_23	w_comp_cor_24	w_comp_cor_25	w_comp_cor_26	w_comp_cor_27	w_comp_cor_28	w_comp_cor_29	w_comp_cor_30	w_comp_cor_31	w_comp_cor_32	w_comp_cor_33	w_comp_cor_34	w_comp_cor_35	w_comp_cor_36	w_comp_cor_37	w_comp_cor_38	w_comp_cor_39	w_comp_cor_40	w_comp_cor_41	w_comp_cor_42	w_comp_cor_43	w_comp_cor_44	w_comp_cor_45	w_comp_cor_46	w_comp_cor_47	w_comp_cor_48	w_comp_cor_49	w_comp_cor_50	w_comp_cor_51	w_comp_cor_52	w_comp_cor_53	w_comp_cor_54	w_comp_cor_55	w_comp_cor_56	w_comp_cor_57	w_comp_cor_58	w_comp_cor_59	w_comp_cor_60	w_comp_cor_61	w_comp_cor_62	w_comp_cor_63	w_comp_cor_64	w_comp_cor_65	w_comp_cor_66	w_comp_cor_67	w_comp_cor_68	w_comp_cor_69	w_comp_cor_70	w_comp_cor_71	w_comp_cor_72	w_comp_cor_73	w_comp_cor_74	w_comp_cor_75	w_comp_cor_76	w_comp_cor_77	w_comp_cor_78	a_comp_cor_00	a_comp_cor_01	a_comp_cor_02	a_comp_cor_03	a_comp_cor_04	a_comp_cor_05	a_comp_cor_06	a_comp_cor_07	a_comp_cor_08	a_comp_cor_09	a_comp_cor_10	a_comp_cor_11	a_comp_cor_12	a_comp_cor_13	a_comp_cor_14	a_comp_cor_15	a_comp_cor_16	a_comp_cor_17	a_comp_cor_18	a_comp_cor_19	a_comp_cor_20	a_comp_cor_21	a_comp_cor_22	a_comp_cor_23	a_comp_cor_24	a_comp_cor_25	a_comp_cor_26	a_comp_cor_27	a_comp_cor_28	a_comp_cor_29	a_comp_cor_30	a_comp_cor_31	a_comp_cor_32	a_comp_cor_33	a_comp_cor_34	a_comp_cor_35	a_comp_cor_36	a_comp_cor_37	a_comp_cor_38	a_comp_cor_39	a_comp_cor_40	a_comp_cor_41	a_comp_cor_42	a_comp_cor_43	a_comp_cor_44	a_comp_cor_45	a_comp_cor_46	a_comp_cor_47	a_comp_cor_48	a_comp_cor_49	a_comp_cor_50	a_comp_cor_51	a_comp_cor_52	a_comp_cor_53	a_comp_cor_54	a_comp_cor_55	a_comp_cor_56	a_comp_cor_57	a_comp_cor_58	a_comp_cor_59	a_comp_cor_60	a_comp_cor_61	a_comp_cor_62	a_comp_cor_63	a_comp_cor_64	a_comp_cor_65	a_comp_cor_66	a_comp_cor_67	a_comp_cor_68	a_comp_cor_69	a_comp_cor_70	a_comp_cor_71	a_comp_cor_72	a_comp_cor_73	edge_comp_00	edge_comp_01	edge_comp_02	edge_comp_03	edge_comp_04	edge_comp_05	edge_comp_06	edge_comp_07	edge_comp_08	edge_comp_09	edge_comp_10	edge_comp_11	edge_comp_12	edge_comp_13	edge_comp_14	edge_comp_15	edge_comp_16	edge_comp_17	edge_comp_18	edge_comp_19	edge_comp_20	edge_comp_21	edge_comp_22	edge_comp_23	cosine00	cosine01	cosine02	cosine03	cosine04	cosine05	non_steady_state_outlier00	trans_x	trans_x_derivative1	trans_x_derivative1_power2	trans_x_power2	trans_y	trans_y_derivative1	trans_y_derivative1_power2	trans_y_power2	trans_z	trans_z_derivative1	trans_z_power2	trans_z_derivative1_power2	rot_x	rot_x_derivative1	rot_x_power2	rot_x_derivative1_power2	rot_y	rot_y_derivative1	rot_y_derivative1_power2	rot_y_power2	rot_z	rot_z_derivative1	rot_z_power2	rot_z_derivative1_power2
375.9192011634532	n/a	141315.24580336877	n/a	375.2827534980481	n/a	n/a	140837.14507307674	253.82148216578585	n/a	64425.34480883634	n/a	267.4071675566027	421.8044736771202	n/a	n/a	n/a	n/a	0.0	0.0	0.0	0.0	0.0	0.0	0.0	0.0	0.0	0.0	0.0	0.0	0.0	0.0	0.0	0.0	0.0	0.0	0.0	0.0	0.0	0.0	0.0	0.0	0.0	0.0	0.0	0.0	0.0	0.0	0.0	0.0	0.0	0.0	0.0	0.0	0.0	0.0	0.0	0.0	0.0	0.0	0.0	0.0	0.0	0.0	0.0	0.0	0.0	0.0	0.0	0.0	0.0	0.0	0.0	0.0	0.0	0.0	0.0	0.0	0.0	0.0	0.0	0.0	0.0	0.0	0.0	0.0	0.0	0.0	0.0	0.0	0.0	0.0	0.0	0.0	0.0	0.0	0.0	0.0	0.0	0.0	0.0	0.0	0.0	0.0	0.0	0.0	0.0	0.0	0.0	0.0	0.0	0.0	0.0	0.0	0.0	0.0	0.0	0.0	0.0	0.0	0.0	0.0	0.0	0.0	0.0	0.0	0.0	0.0	0.0	0.0	0.0	0.0	0.0	0.0	0.0	0.0	0.0	0.0	0.0	0.0	0.0	0.0	0.0	0.0	0.0	0.0	0.0	0.0	0.0	0.0	0.0	0.0	0.0	0.0	0.0	0.0	0.0	0.0	0.0	0.0	0.0	0.0	0.0	0.0	0.0	0.0	0.0	0.0	0.0	0.0	0.0	0.0	0.0	0.0	0.0	0.0	0.0	0.0	0.0	0.0	0.0	0.0	0.0	0.0	0.0	0.0	0.0	0.0	0.0	0.0	0.0	0.0	0.0	0.0	0.0	0.0	0.0	0.0	0.0	0.0	0.0	0.0	0.0	0.0	0.0	0.0	0.0	0.0	0.0	0.0	0.0	0.0	0.0	0.0	0.0	0.0	0.0	0.0	0.0	0.0	0.0	0.0	1.0	0.0102784942186247	n/a	n/a	0.0001056474434023	-0.0039896716379672	n/a	n/a	1.591747977879988e-05	0.0269576646817313	n/a	0.0007267156850926	n/a	-0.0024220183061558	n/a	5.866172675353811e-06	n/a	-0.0006490726746004	n/a	n/a	4.212953369129168e-07	-0.0015927901388871	n/a	2.536980426535987e-06	n/a
374.24055905923	-1.6786421042231725	140055.99604496502	2.8178393140708	370.3534598777361	-4.929293620312024	24.297935595248816	137161.68524340988	253.54818292097613	-0.2732992448097207	64286.68106252877	0.0746924772135636	266.70788520036376	412.7342594563453	1.051694	29.242929	0.1363003731177995	0.0794888528599937	-0.0143470562	0.0053043551	-0.0827722045	0.0540653051	-0.0290571192	-0.0169693455	0.0110636546	-0.0609549387	0.011466046	-0.0175535478	0.0601518683	-0.0461685343	0.0542853726	-0.0404849214	0.1098489647	-0.0181842648	0.056304239	-0.0108180981	0.0026998505	-0.0741538302	0.1848151413	0.0104286462	0.0354127334	-0.0929593134	0.0742268167	-0.1070755914	0.0390997551	-0.0440542508	0.0466320758	-0.0167616565	0.0711862916	-0.0874669032	0.0076668456	-0.0669712234	0.0433793379	-0.0512492214	0.0380352102	-0.0462141696	0.066592094	-0.0799005272	0.0811422742	-0.0560164944	0.130924012	-0.0263677921	0.0592451916	-0.0348299446	0.0352258617	-0.0479138079	0.0721738834	-0.1155090644	0.0979513285	-0.0285454195	0.026455568	-0.058975441	0.0063031797	0.0740066281	-0.0087388688	0.0586663038	-0.1658038477	0.1135276481	-0.0147865929	-0.0600474508	0.0449820257	-0.0831652054	-0.0194786252	-0.0747041762	0.0216819949	-0.0341644674	-0.0001488782	-0.0735077818	0.0112656841	0.0071848051	-0.0869780669	-0.0230581837	-0.065912818	0.1261466967	-0.0801236991	-0.036002611	0.0533918024	0.1042406715	-0.0314682966	-0.0188861895	-0.0160073429	0.0629346076	0.0379747221	-0.116803435	-0.0210198031	0.0632468669	0.106911332	-0.0164698534	-0.0387411616	-0.067453883	0.1636793064	0.0070635706	0.0156701454	-0.1076736047	-0.0244099879	0.0590889755	0.1176355896	-0.0221569515	0.0319114871	-0.0560621513	0.0079436144	0.0144370555	-0.0689472104	0.0097759794	-0.0442040562	0.0946894378	-0.0403564048	0.0223117493	-0.0741717432	0.0265505162	-0.0141167175	0.0607631949	-0.0638894146	0.0671933055	-0.0349107224	0.1023763878	-0.0529555425	0.001281281	-0.1090676428	0.012630516	-0.0214503785	0.0238351635	-0.0749970971	0.0294387114	-0.0048245542	0.0370407347	-0.0474857975	0.0957124067	-0.0229211632	0.015133653	-0.0969548304	0.0199792065	-0.1457201294	0.015210554	-0.0323191761	0.038178985	-0.1064702467	0.0365674006	-0.0353565573	0.0231433591	0.0063111295	-0.1456532409	0.0450537924	0.0291345101	-0.0636311291	-0.0456078505	0.0544184925	0.0050372834	-0.0804331707	0.18103369	0.0628725593	0.0860016443	-0.1458098795	0.1115044757	0.013412192	0.0623523501	-0.0501920237	-0.0358336832	0.0510876287	0.0229326342	-0.0278411521	-0.0162525417	-0.2071386194	0.0233506542	0.0804123606	-0.1363453587	-0.1331212988	-0.0636581779	-0.0374111374	0.0821123276	0.0088394005	0.0892568027	0.0171285782	-0.0079036791	0.0831227358	0.0764905209	-0.0398091231	0.0591597796	-0.0100226265	0.0009694238	-0.0124763697	0.047034493	-0.0349473481	0.055090344	-0.0205318472	0.1000105305	-0.1409555273	0.0042620205	-0.0103704181	0.0101039314	-0.060603849	0.0287130503	-0.0196268733	0.0088642376	-0.0264695083	0.0365670433	0.091475895	0.0914699679	0.0914600897	0.0914462607	0.0914284817	0.0914067533	0.0	0.0038433877283807	-0.006435106490244	4.141059554078047e-05	1.4771629230667358e-05	-0.0275807213357666	-0.0235910496977994	0.000556537625844	0.0007606961894012	0.0220405735203002	-0.004917091161431	0.0004857868811037	2.417778548982384e-05	-0.0010281747161028	0.001393843590053	1.0571432468330736e-06	1.9427999535318355e-06	-0.0001980876937699	0.0004509849808304	2.0338745293468642e-07	3.9238734423077684e-08	-0.0017751040833701	-0.000182313944483	3.1509945067972034e-06	3.3238374352950486e-08
373.5627397434976	-0.6778193157323926	139549.1205246681	0.459439024779929	369.0974516514927	-1.2560082262434094	1.5775566643911154	136232.928815626	253.17240386757967	-0.3757790533964567	64096.26608008887	0.141209896971537	266.1841198028162	413.4102924239696	0.957049	26.611292	0.0716979025718648	0.0362089240629615	-0.0307355973	-0.0224934219	-0.0680313607	0.0519603101	0.0299690991	-0.0125221099	-0.0141352716	-0.0244265354	-6.39056e-05	-0.09429204	-0.0220523204	0.0311807778	0.0233287015	-0.1755728611	0.0238693332	-0.0620302264	-0.0342629243	-0.0350150391	-0.0375490887	0.0004450709	0.0211286257	0.0403242672	0.0485138486	-0.0499304067	0.0738970672	-0.1648081645	-0.0186493354	0.0557963406	-0.1197422126	0.0506229553	-0.0237223554	-0.0739566993	0.0613777594	0.1485021835	-0.0201850488	0.0419958623	0.0984796038	0.0247140057	-0.086343723	-0.0811560241	-0.059937385	0.0011604115	-0.0540783118	0.0334886879	-0.1129835293	-0.0890413725	0.0801084136	0.1430690995	-0.0454933942	-0.0033523197	0.073504046	0.0562170569	0.1515998839	0.0540679673	-0.0292074446	-0.0027230604	0.0049358387	-0.0172780846	-0.0350646845	-0.0909844734	-0.137133483	-0.0469377198	0.0210660424	-0.0226554019	-0.071482802	0.103735934	-0.0083900635	0.0154499881	0.051932997	-0.0330887547	0.1720634295	-0.0288564541	0.0948326319	-0.0833848238	0.0892833608	-0.0332057549	-0.0471250681	0.1187603673	0.0348075466	-0.0359850422	-0.0013783748	0.0566424743	0.0545203272	-0.0698820144	0.0244066031	-0.0124660275	-0.0347367776	-0.0549637927	-0.0202251417	0.0493851988	0.0218163921	0.038324917	-0.0076360247	-0.0535475647	0.0099885382	0.069962532	0.0261080379	-0.0652301866	-0.0692793403	-0.1797190314	-0.0119842315	-0.025987478	-0.0028703137	-0.0469943711	-0.055228967	-0.0058136399	-0.0515364626	0.0446458849	-0.0411328302	-0.0067959058	0.0087292482	-0.1038037795	-0.0692830412	0.1103148682	-0.16249356	0.110265933	0.0580500482	-0.0420853017	0.0349012431	-0.064754336	0.035538743	-0.0913376321	0.0450184859	0.0747527709	-0.1084594513	0.0129449337	-0.0729588079	0.0974205744	0.1538756449	-0.0486446671	-0.0327129967	0.041884746	0.1262575933	0.0252024567	-0.1000255488	-0.0285076372	0.0313229422	-0.0308863098	0.0623953896	-0.0438942025	-0.0112378805	0.182470828	0.0337716546	-0.0261578977	0.0017472191	-0.1045523558	-0.0897364602	-0.0434880863	0.0253019918	-0.0896681667	-0.0250817752	-0.021559921	-0.0544759377	0.0318973757	-0.0460387963	-0.0123147104	-0.0773431068	-0.1497441632	0.0638289235	0.0395698709	0.0721074668	-0.055449305	0.0361147052	-0.0351727871	0.0443207316	0.0058917765	-0.0095423307	0.0454119166	0.0364567939	0.0228424493	0.1004470696	-0.0288507398	0.0958420485	-0.0594442076	-0.0154426796	-0.0412603676	0.069038926	0.1216317674	-0.0274271552	0.0399777024	0.0062168782	0.0007355811	0.0185855078	0.0152445168	-0.0713306675	0.014637649	0.108085617	-0.0054215147	-0.0647956799	0.0040377834	0.0326628652	0.0827416285	-0.0820995377	-0.0364999959	0.0217246586	0.0083724397	0.0466337327	-0.0151466766	0.0914600897	0.0914067533	0.0913178824	0.0911935115	0.091033689	0.0908384769	0.0	-0.0033675028591488	-0.0072108905875295	5.1996943065321535e-05	1.1340075506375342e-05	-0.0039236735658221	0.0236570477699445	0.0005596559091894	1.5395214251131113e-05	0.023700073160036	0.0016594996397358	0.000561693467791	2.753939054283253e-06	-0.0013551824211704	-0.0003270077050675	1.8365193946492672e-06	1.0693403917357836e-07	-0.0002615633755826	-6.347568181269998e-05	4.029162181587131e-09	6.841539944616428e-08	-0.0013821781787573	0.0003929259046128	1.9104165178328465e-06	1.5439076651578734e-07
373.2578676688756	-0.3048720746220397	139321.43577671584	0.0929469818843465	367.7866790069034	-1.3107726445892922	1.7181249258036069	135267.041254927	253.0170259357484	-0.155377931831282	64017.615413371175	0.0241423017001665	265.8030337713278	409.452058147125	0.903078	25.110582	0.0957388136509865	0.0501226745192577	-0.0169406495	-0.032678332	-0.0750242606	0.0678839886	-0.0125427361	0.036270927	-0.0506444704	-0.0359983694	0.0697991748	0.0062809833	0.0646581186	0.0104445752	0.0304939253	-0.0172923182	0.0759635427	-0.0714027962	0.0235523226	-0.0179764769	0.0507576388	-0.0200134059	0.0536433339	0.0743948704	0.0343445561	-0.050167597	-0.0234603495	-0.1381196444	0.0523382423	-0.0432525287	-0.0373852995	-0.0294537754	-0.0622055276	0.0536102422	0.0343881542	0.0489251407	0.0683740163	0.0347056922	0.0482274119	-0.0464735975	-0.0610348554	-0.0258807263	0.0007430319	0.0949165189	-0.1355679276	0.045656479	0.0622157688	-0.0391303212	-0.0772815918	-0.0001178849	0.0733060317	0.0348974125	-0.0671603485	-0.0070449892	0.0879689899	0.0228766322	0.0578748672	-0.0838633699	-0.0178211708	0.1152341014	0.0446757415	0.0755754337	0.0292356012	-0.0256055088	0.0154491647	0.040446147	-0.0188971783	0.0245111507	-0.1254332735	0.0256280079	-0.0083548165	0.0269070335	0.0627969931	-0.0844609867	0.0782306585	0.0136184564	-0.0377846641	0.1110745079	-0.0805112409	-0.0449625248	0.2119139994	-0.0382123514	-0.0853289521	0.039846382	0.0402166506	-0.0275660261	0.025443598	-0.1043886331	0.0148825254	0.1610059296	0.0843591536	-0.0133191837	0.0386936764	0.1089144528	-0.057513556	0.1200969524	0.001581115	-0.0724736571	0.042884075	0.1039925574	0.0935905443	0.0439847675	-0.039652584	-0.0703782735	-0.0252966113	0.0155668466	-0.0495441432	-0.0083638539	-0.0176640806	0.0955711616	0.0258317966	-0.0608224246	-0.034541451	-0.0073361395	0.0377128227	0.0376592205	-0.0720743075	0.0670941691	0.0045096116	-0.0312907009	-0.02184511	0.0082562241	-0.0593176247	-0.0891366488	0.0266502816	0.1445576172	0.0292861931	-0.0376901534	-0.0917836628	0.0125670422	0.017284478	-0.0856519398	0.1491106544	-0.0523372698	0.0654396188	0.1074198448	-0.0592931987	-0.0416173548	-0.0811053912	-0.0503711123	0.0055956257	-0.0021176713	-0.0278403101	0.0246048666	-0.0882345063	0.0474680072	0.0772962143	-0.0861062432	-0.0717817143	0.0134844166	0.0004909882	-0.0186918054	0.0495921123	-0.0679174517	0.0302812978	0.0714917384	-0.0197706696	0.0746772873	0.0735987294	0.0386317126	-0.0029546908	0.0500617338	-0.0045259006	-0.0310157189	0.1215826989	-0.1238189505	0.0304357781	-0.0785096881	0.0138923349	-0.013299186	-0.0378327083	-0.0116690909	-0.0737306687	0.130015832	-0.0640623188	0.090947875	0.0156377986	-0.0157289078	0.0789669484	0.0749523282	-0.0125329747	0.053122166	-0.0013443001	0.0028963859	-0.024088716	0.0500907518	-0.0293587826	0.041540391	0.0031946679	0.0794856856	-0.1107941647	-0.038131725	0.0071483655	0.0071816286	-0.0963424882	0.0190087726	-0.0341846181	-0.0620961638	-0.0017187884	0.0016524355	0.0914284817	0.0912803678	0.091033689	0.0906887116	0.0902458083	0.0897054572	0.0	-0.0073369073098064	-0.0039694044506576	1.575617169290037e-05	5.383020887269059e-05	-0.0426368038529858	-0.0387131302871637	0.0014987064566309	0.0018178970427979	0.0215439562624908	-0.0021561168975452	0.0004641420514401	4.648840075879943e-06	-0.0009220151088797	0.0004331673122906	8.501118610024449e-07	1.876339204371488e-07	-0.0006512739137933	-0.0003897105382107	1.5187430359247346e-07	4.241577107876428e-07	-0.0015773035685683	-0.000195125389811	2.487886547418294e-06	3.8073917748894735e-08
373.1977980680661	-0.0600696008094701	139276.59648285306	0.003608356941409	369.2222011205181	1.4355221136146952	2.060723738676802	136325.0338002803	252.8687891487248	-0.1482367870235919	63942.62452554224	0.0219741450270777	265.67787268647965	409.8409019617246	0.96486	26.828459	0.0680312538074295	0.0366379723337867	-0.0112867932	-0.0265545974	-0.0717735836	0.0760161994	0.0364390584	0.0140857659	-0.0382280782	-0.0540612469	-0.0281512255	-0.0285214758	-0.0300447384	0.0308843494	0.0085000958	-0.1229976276	0.0206435557	-0.0418720883	-0.0890729108	-0.0241251026	-0.0456182941	0.0798448283	0.045768832	0.1033129191	0.0616843874	-0.0049985779	0.0064823484	-0.0893730473	0.0262963813	0.0549810781	-0.1149575221	0.0347626879	0.0196872032	-0.0525402754	0.0487476728	-0.027396325	0.0002612688	0.0335379033	-0.0573179312	0.0991140733	-0.0721081525	-0.0396065691	-0.0209358777	0.1457048246	0.1255282564	-0.052477309	-0.0503380107	-0.1123130983	-0.1555689723	0.0183543386	-0.0174588955	0.038463221	-0.0191327418	-0.0437583942	0.0076598414	0.1124426245	-0.0583716259	-0.0369442245	0.1089527807	0.068148029	0.0626061013	0.0276195073	-0.072455129	-0.0495572653	0.0225373676	-0.0829054468	-0.0560856685	0.0153210924	0.0501442462	0.0058331684	0.0392442397	0.0132397072	0.0495808136	0.0373640052	-0.0852022588	-0.0233774014	-0.0301854092	-0.0354813623	0.062310094	-0.0372193413	-0.1137859632	0.04855278	0.03047803	0.0017888617	-0.0721403818	0.0128171889	0.0692299675	0.0243397451	-0.0400866731	-0.0752999535	-0.0380554355	0.0010450398	0.0512556579	0.1385958944	-0.1175971567	0.0228626193	0.0231688703	-0.0274047909	0.0473395207	0.1306546163	0.0955946158	-0.0323575753	-0.0472072609	-0.0550783929	0.0039429554	-0.0691660423	-0.0260968749	-0.0363292038	-0.0151685906	0.0699564527	0.0398375723	-0.0750230513	0.0466684909	-0.1133414678	-0.0767942981	-0.0241029851	-0.0494977132	0.0760089469	0.0680723077	-0.0429250573	0.0646734992	-0.0624193377	0.0669077663	-0.0734371744	0.1417675164	-0.045480876	-0.0471960136	-0.086582853	-0.050944548	0.0626373163	-0.125858121	0.0423340533	-0.0825117785	-0.0177483481	0.0044977276	0.1597298985	0.0158933659	-0.1177180088	0.0386980268	0.0891483426	0.0536712195	-0.0841603901	-0.0003918319	0.0447692567	0.0730334397	0.0177380372	-0.0812980667	0.056748988	0.0283045508	-0.0297998782	0.0268825469	0.0395300596	0.1341054154	-0.1143668108	0.0239504297	-0.1023379014	-0.0118650359	-0.0011502583	-0.0276272844	-0.071632905	-0.0780652653	-0.1349384526	-0.0652975968	0.0257907266	0.0178904022	0.0856698678	-0.0848238601	-0.0531553694	0.038938199	0.0373612346	-0.0271311621	-0.082839112	-0.0030370476	0.1492130657	-0.1278302925	-0.0813324655	0.0015581965	-0.027988239	0.0710482047	0.1132308659	0.0129790722	0.0408623216	-0.0363671863	0.0012142167	0.0209228681	0.0270225947	-0.0082423371	0.0125131669	0.0731444137	0.0402551313	-0.0949055704	-0.081761609	0.0512835985	0.0761266398	-0.0247584557	-0.0699816084	-0.0636756425	0.0624720217	0.0889410535	0.0140649999	0.0913810765	0.0910908987	0.0906079513	0.0899332563	0.0890682417	0.088014738	0.0	-0.0131720396555863	-0.0058351323457799	3.404876949276684e-05	0.0001735026286883	-0.0277363692349581	0.0149004346180277	0.0002220229518061	0.0007693061783379	0.0243372651242239	0.002793308861733	0.0005923024737267	7.802574397036663e-06	-0.0012385700775722	-0.0003165549686925	1.5340558370572057e-06	1.0020704820390969e-07	-8.602911510702249e-05	0.0005652447986862	3.195016824418904e-07	7.401008646097325e-09	-0.0015690557763093	8.247792259000013e-06	2.46193602916958e-06	6.802607714762053e-11
372.9447118693903	-0.2530861986758168	139087.75811134255	0.064052623960175	366.6344093947155	-2.5877917258026173	6.696666016132489	134420.79015221182	252.7475814701112	-0.1212076786136151	63881.33993899049	0.0146913013549014	265.8047134972199	409.3108315313492	0.967631	26.905516	0.0881857893799932	0.0450228459275104	-0.0339588479	0.0021197776	-0.0041193673	0.0972848246	-0.0350576514	0.0095180328	0.0220415469	-0.0760208997	0.0530871136	0.0113375322	0.0135434743	0.091510362	-0.0332186709	0.0303964577	0.036838021	-0.0569867784	-0.0027488302	-0.082442072	-0.0327811986	-0.1010090127	0.0265925008	0.0889520782	0.003636965	0.0029265021	0.0168003395	-0.0603635943	-0.0356692618	0.010706389	-0.0440246381	0.0080337251	0.0855645411	0.1251129783	-0.0631029901	0.1616163187	0.0247993379	-0.0252857533	-0.0346009538	-0.0897591055	-0.0248022695	0.0865280519	-0.0995636772	0.0549182672	0.0552513488	-0.0564850943	0.0596260276	0.0436672407	0.0026949109	-0.0013351895	-0.0080288594	0.0090366457	0.0234925426	0.0362481168	0.0192554368	-0.0004156423	-0.0858477656	0.0403240239	-0.1572552448	0.1152111446	-0.0443944072	-0.0116805267	0.0334960863	0.0276415866	-0.092324397	0.0443988768	0.0377081293	-0.0569901192	0.0842225894	0.0351622254	-0.0502827067	-0.0040205234	-0.0701681221	-0.0333400501	-0.0006996731	0.0110637785	0.0862013875	-0.0365208615	-0.0150353341	-0.1425738739	0.1023255265	-0.0557701701	-0.022543916	0.0486108885	-0.0741221075	-0.0167810322	-0.0075828441	0.0879324598	-0.0441390167	-0.0096945552	-0.1199805185	-0.0033847697	-0.0114939512	-0.0105531287	0.0295361639	-0.0618463075	-0.0176797225	0.0905923068	-0.0075395172	0.069639583	0.0571723619	0.0902070508	0.027608986	-0.0963315883	-0.015732941	0.0161918162	0.0340226158	-0.006495619	0.0513596179	0.020493136	-0.0850835308	-0.0137175113	-0.055798837	-0.0447083076	0.0499956857	0.0354387079	-0.0316092508	0.1756321618	-0.0105620962	-0.027523039	0.0152707254	-0.0704712148	0.0029052669	0.0059888401	0.03165981	-0.023636903	0.042607399	0.0142394079	-0.0089604292	-0.0473286745	-0.0061597354	0.0085678399	0.0811875766	-0.0486926607	0.0258163218	0.0542177622	0.0421730793	0.0300394528	-0.0934943558	0.0468161267	0.0001023234	0.0069849839	-0.0310033917	-0.0090579737	-0.0099900414	0.0321947011	-0.0298299928	0.0772098439	0.0017373642	-0.007376011	-0.0458010866	0.0203471118	-0.108563097	0.0124960945	-0.1004525193	-0.0365908177	-0.0143308532	-0.0404765668	0.0609411042	0.1527612631	0.1530906242	0.0082608176	0.0537177369	-0.1799711461	-0.0553598602	0.0706080344	-0.0169774838	-0.089693357	-0.0900094525	0.0374505227	-0.0653931382	0.1120361595	-0.0272305719	-0.0815896239	-0.0313034704	0.0445715491	0.0178457198	-0.0275806086	0.0615818707	0.0558810433	-0.0129868551	0.0464156187	-0.0211421458	-0.0101533647	-0.0314815292	0.0629856611	-0.0556943056	0.0408604332	0.0503179347	0.0573059994	-0.0582408036	-0.0501700906	0.0313962822	0.041700064	-0.0756620605	-0.0029332802	-0.0620677101	-0.0223228882	0.0458415906	0.0438405382	0.0913178824	0.0908384769	0.0900413312	0.0889292336	0.0875060741	0.0857768306	0.0	-0.0129405719823409	0.0002314676732454	5.3577283757639834e-08	0.0001674584032301	-0.0549256630251875	-0.0271892937902294	0.0007392576968114	0.0030168284587564	-0.0036517724238507	-0.0279890375480745	1.3335441835596417e-05	0.0007833862228675	-0.0009087492071863	0.0003298208703858	8.258251215617289e-07	1.0878180654211261e-07	-0.0003328225542864	-0.0002467934391793	6.090700162198513e-08	1.1077085264172369e-07	-0.0014901502785057	7.890549780359998e-05	2.2205478525306154e-06	6.226077583633921e-09
372.8985721478754	-0.0461397215148622	139053.34510992427	0.002128873901469	367.4520857145109	0.817676319795396	0.6685945639541427	135021.03529594425	253.1653324946884	0.4177510245772282	64092.68557714613	0.1745159185353239	265.96310870454727	409.60546014418594	0.892525	24.817165	0.0744061932271019	0.0366606640524267	-0.0483311028	-0.0288097079	-0.0315292926	0.1097324632	0.012489165	-0.0416019765	-0.0221854127	-0.0405430095	0.0209342706	0.0091962961	-0.0244100731	0.0428428951	0.0060162441	-0.114344942	-0.0180329937	-0.1006519821	-0.0782362278	-0.1185897946	-0.0421628014	0.0987590825	0.0806898049	0.0552476516	0.053710611	-0.0468861545	0.1129252569	-0.1089058742	-0.0093116416	-0.0811183114	0.0368862382	-0.0290684703	-0.0077599206	-0.0929539899	0.0222843197	0.0426318887	0.0621695392	-0.0848667231	0.0052960697	-0.0181721388	0.011140862	0.1712238023	0.0572732379	0.0076979004	0.1371316824	-0.0098814802	0.1010290155	0.0573805006	-0.0490434448	0.0499792134	-0.0609225637	0.0447573946	-0.0488604606	0.0174470114	0.0032004498	-0.0674147416	-0.0181581589	-0.0123376148	-0.1118454745	-0.0055560452	0.0107522036	-0.0010223868	0.0815143719	0.0044092397	0.0329699756	-0.0516428192	-0.0555447713	0.0579102218	0.0778614577	0.0473512063	0.0393344086	-0.0775741585	-0.039614131	-0.0887707732	0.0344064614	-0.1255282924	0.0668388336	0.0620177319	0.0373786083	0.0231038375	-0.0882850574	0.0033364943	0.0391369727	-0.0217127524	0.0113329256	0.086918233	0.0185461368	-0.1026078718	0.1160943258	0.0283942677	-0.0222555404	0.0178540945	0.0031288186	0.0247118772	0.0230735118	0.0605165546	-0.1901614542	0.0289346711	0.1037070309	0.0529909104	-0.068199621	0.042238542	-0.00724433	-0.0544708256	0.0155080305	-0.0131487885	0.0090792433	0.0220629943	-0.0664663093	0.0738897118	0.0010147527	0.0002228605	0.0182270995	-0.0809631334	0.0037638633	0.0983787608	-0.1092000381	0.0878252333	0.1150591247	0.1507948722	-0.0076906922	0.0097332257	0.0703918897	0.0554366516	-0.0572797963	0.013339246	-0.024581968	-0.0008515091	0.0199801527	0.0079318649	-0.0548069026	0.1037423769	0.012111453	-0.1133604381	-0.0674588704	-0.0528884974	-0.0518997954	0.0843905945	-0.0539025617	0.1140598042	0.0089852828	0.028448957	-0.0490010092	-0.0329674368	-0.0806655306	-0.0314137177	0.0505995694	-0.0884437313	-0.053187885	-0.0312270859	-0.0482594249	-0.0486135387	0.0641902144	-0.0153056755	-0.030890477	-0.1434732856	-0.0194269419	0.0307189312	0.0415785114	-0.0068645988	-6.34902e-05	-0.0316317027	-0.131164376	0.0436146102	0.0067523159	-0.0164408549	-0.0180873309	0.1060047121	0.0049817687	0.0684308691	-0.005541299	-0.0051316309	-0.0752446945	-0.0358054405	-0.006770132	0.0545991239	0.0043829619	-0.0419396563	0.0682081082	0.0765409214	0.0070968336	0.0466307693	-0.0387319874	0.0020156518	0.0032750064	0.0522639516	-0.053921204	0.0276341216	0.0916670766	0.0205657469	-0.071032135	-0.0427542179	0.0481029431	0.138622266	-0.0155355215	-0.01218119	-0.0227668203	-0.0065815576	0.0422361097	0.0108190102	0.0912389102	0.090523277	0.0893347099	0.0876794186	0.0855660509	0.0830056482	0.0	-0.0188833093377809	-0.00594273735544	3.531612727574203e-05	0.0003565793715463	-0.0436306618515089	0.0112950011736785	0.0001275770515134	0.0019036346536007	0.0180580867624726	0.0217098591863233	0.0003260944975209	0.0004713179858899	-0.0013791386440051	-0.0004703894368187	1.9020233993882255e-06	2.212662222707077e-07	-0.00020104714604	0.0001317754082464	1.7364758218505393e-08	4.041995493082908e-08	-0.0013831432133377	0.000107007065168	1.9130851486021382e-06	1.14505119958686e-08
372.8325877258165	-0.065984422058932	139004.13847032865	0.0043539439544512	366.8323951096791	-0.6196906048317601	0.3840164457167526	134566.00610190374	253.19799500457512	0.0326625098867054	64109.224674336845	0.0010668395520991	265.8768730395784	404.308273770334	1.017497	28.292065	0.0324576383017552	0.0160401804334096	0.0055999203	-0.0209744817	-0.0507843889	0.1155973818	-0.0480803946	-0.0464178133	-0.0039105892	-0.0274092299	0.0868557531	0.0158733588	0.0859644494	-0.0096255086	0.0579006123	0.050158309	0.0434617408	-0.0999481393	0.0447330096	-0.0441774549	0.0348707495	-0.0486622868	0.1264761247	0.0436478585	0.0329974319	-0.077876351	0.0396456367	-0.1295012958	0.0300536728	-0.0910919059	-0.0404738895	0.029576626	-0.048164367	-0.0237209364	0.0146824098	0.0123266152	-0.0648248372	-0.1435020965	-0.0377728098	0.0321630699	-0.0035794881	0.1033612102	0.0684448694	-0.0355482821	0.0191742944	0.0451600259	0.0019812536	0.0816789422	0.0454549396	-0.0425575898	0.1560419664	-0.127519515	0.0637571124	0.0241683912	0.0019292599	0.0375793539	0.13467101	-0.1486099223	0.0113751459	0.1278104382	0.0060487486	0.0517964233	-0.0312845468	0.0946529214	0.0112303946	-0.0753003428	0.0323573895	-0.0269729381	0.0234334403	0.0352495662	-2.46139e-05	-0.0311115227	0.0191461675	0.0885197217	-0.1413086464	0.0406880979	0.0322717438	0.0208694731	0.1116761237	-0.0012872019	-0.180133709	-0.1435374748	0.0167577393	-0.096801804	0.04045284	0.0201888042	-0.0070794953	-0.0414094973	0.0392510033	-0.013112647	-0.0212606939	0.0189011724	-0.068210307	0.0246578452	-0.0017038035	-0.057212241	0.0706089091	0.1318448115	-0.0382270624	-0.1387313889	0.0722785716	-0.0152382272	-0.0121919314	-0.045870486	-0.0303581026	-0.024396814	-0.0610681659	-0.0132330894	-0.0723190254	0.1125284721	-0.0455198376	-0.0583698664	-0.0975293431	0.0436318247	0.0812531346	0.0557523617	-0.094268449	-0.0312546315	-0.0523079288	0.0442525849	-0.0245316094	-0.0278465782	0.0224048993	0.0455808844	0.0125085457	-0.0480444993	-0.0790839858	-0.1386364633	0.0844507494	0.0336197638	0.0218888091	0.0367235098	0.0627059433	-0.0268152814	-0.0683086056	0.0644117788	-0.0891420827	-0.0119818171	-0.1765533066	-0.0628966934	0.0342640396	0.0488510326	0.0013949013	-0.1547947698	-0.0551133561	-0.0532953604	-0.0276498092	0.0816970716	0.1654652234	0.1311764507	0.0544844419	0.0106585575	0.0333265716	0.0154331841	0.0535186857	-0.0287341507	0.1254244859	-0.0392249386	-0.0338598089	0.0202843291	-0.0705895139	-0.0206425142	-0.138189971	0.0032144149	0.0050587871	0.086296877	-0.0203419658	0.1404713681	-0.0152944206	-0.0416317383	0.0458022815	0.0182127521	-0.0004159181	-0.0253428975	-0.0420327933	-0.0893778655	8.02809e-05	-0.0107918583	0.085499328	0.0604248832	0.0314056128	0.0747490137	-0.0041641292	-0.058760354	-0.0434245841	0.0521848527	0.0071059481	0.0319671158	0.0111389932	0.0149737613	-0.0744735295	0.0777870127	0.0704626351	0.1071294955	0.0639227057	0.0069319291	0.0578828745	-0.0371055185	-0.1367743289	0.0055850863	0.0911441736	0.0901455167	0.088489186	0.0861872655	0.0832565493	0.0797184191	0.0	-0.0303446966632918	-0.0114613873255109	0.0001313633994253	0.0009208006155871	-0.0419403794563635	0.0016902823951453	2.8570545753384598e-06	0.0017589954289437	0.0274392139611165	0.0093811271986439	0.0007529104628039	8.800554751713633e-05	-0.0014506591793694	-7.152053536430003e-05	2.104412054688701e-06	5.115186978796092e-09	-0.0002430592740287	-4.2012127988700005e-05	1.76501889813891e-09	5.907781069135868e-08	-0.0012981790490416	8.496416429610004e-05	1.685268843370553e-06	7.218909214534681e-09
373.5190234174998	0.6864356916833003	139516.46085476276	0.4711939588167309	367.0727532623369	0.2403581526577909	0.0577720415490659	134742.40618759248	253.6648341919765	0.4668391874013764	64345.84810564293	0.2179388268935774	266.50075817591926	408.0026679753851	0.985363	27.39856	0.1210607861651155	0.0578012610975267	-0.0036205798	0.0191407709	-0.0724140361	0.0624215765	-0.0500279828	-0.0280704614	0.018334808	-0.0560538813	0.0470297328	0.0353344379	0.0448155935	-0.044789679	0.0328824966	0.0283213538	0.0035254377	-0.0977022459	-0.0318152757	0.0209978073	-0.0068677631	-0.0319685341	0.0411297744	0.0219873957	0.0641308087	-0.092509797	0.0989545906	-0.1179350109	0.0027474563	0.050089184	-0.0384750113	0.0183055172	-0.0659239386	0.0705579329	0.0224015047	0.0237354914	-0.0880201554	-0.014512438	-0.0280183369	-0.0073990109	-0.0250638944	-0.003975365	0.0043138139	-0.1238619955	0.0010439913	-0.0401755293	0.089074898	0.0578764581	0.0665678461	-0.0564819344	0.0162232076	0.1004288349	-0.0912671461	-0.1020272001	0.0667467353	0.027932191	-0.1033830655	0.0770500674	-0.0606737064	-0.0440055771	0.0903798583	0.1382966145	-0.0011695492	0.0456665368	-0.0547590544	0.0464964393	0.0331703261	0.0004527639	-0.1094445204	0.0781769181	-0.0513518309	0.1857534384	-0.0147231385	0.1171135061	0.1264758316	-0.0518525401	0.0740094715	-0.0523281054	0.0335690827	0.0095503004	0.030181742	0.004317225	0.0454336797	-0.0448476386	-0.1089875912	0.1003783968	-0.0460696418	0.068237076	0.1115604835	-0.0320438286	0.0957257813	-0.0085522375	-0.0794760063	-0.0766848466	-0.0407602994	-0.0385084327	0.036414829	-0.1415404919	0.0144010497	-0.12343699	0.0250175892	-0.0125373268	0.0331706814	-0.0557781862	-0.0303578506	0.0275341333	0.0141203457	0.0019966438	-0.0821075654	0.0883814826	-0.0532937439	-0.0047973555	-0.0732125265	0.034754947	-0.0437560571	-0.0661728824	-0.1081762171	0.051986744	-0.0869580701	0.1295240823	-0.0149114166	0.0338391574	-0.035747557	-0.0466220176	-0.0577293762	-0.0305461682	0.0113114285	-0.097184376	-0.0378430167	-0.142374889	-0.0005204563	-0.0337865842	-0.0279360066	-0.13356105	-0.004838724	0.0076855312	0.086628574	-0.0432310975	0.0321050589	-0.1126069599	-0.00287938	-0.1081104403	0.0047371884	0.0147810738	0.0753014238	0.0743500935	-0.0338320943	-0.061286146	-0.0756978298	0.0118458053	-0.0231949847	0.09688116	-0.0226547063	0.0179303613	0.0268052425	0.0386070875	-0.0435836908	-0.0623508728	-0.0510387576	0.1366141035	0.04894787	-0.0218063342	0.1253329128	-0.0140947898	-0.0469837049	-0.0768431622	0.0607193057	-0.0127516237	-0.0740825684	0.0579569495	0.0730028553	-0.0732352861	-0.0185788426	-0.0108375217	0.0166182901	-0.1231684549	0.0185289881	-0.019324627	0.0717813791	0.0257320001	-0.0373988159	0.0886074209	-0.0170156029	-0.0107080042	-0.0913229458	0.0550870339	-0.0111812654	0.0922248467	-0.1065473431	0.0629286816	-0.1192721128	0.0412651668	-0.0248503748	-0.0088935054	0.0526760339	0.020868802	-0.0230827444	0.089467265	-0.0698881617	0.1460667767	0.091033689	0.0897054572	0.0875060741	0.0844568986	0.0805875418	0.07593558	0.0	-0.0056243657129471	0.0247203309503447	0.0006110947622945	3.163348967297494e-05	-0.0714021700669746	-0.029461790610611	0.0008679971059834	0.0050982698902731	-0.0002276281274333	-0.0276668420885498	5.1814564398790666e-08	0.0007654541511527	-0.0008397040068486	0.0006109551725208	7.051028191175936e-07	3.732662228299205e-07	-0.0002849002887734	-4.184101474469999e-05	1.7506705148662021e-09	8.11681745431667e-08	-0.0014296193120883	-0.0001314402630466	2.043811377495824e-06	1.7276542749785663e-08
373.5250277710626	0.0060043535627869	139520.94637137308	3.605226170695229e-05	367.2037254587159	0.1309721963789911	0.017153716224337	134838.57599076	253.36750943601623	-0.2973247559602612	64195.094837809775	0.0884020105068288	266.1035007512928	410.1913403424941	0.931547	25.902199	0.1081180423725717	0.0676441825035172	0.0136726897	0.0015180734	-0.0748007757	0.0042870322	-0.0862965869	-0.0409662532	0.0197357643	-0.0121072808	0.0624526492	-0.0047069397	0.049886606	-0.0354406749	0.0465700684	0.0517208172	-0.0019592257	-0.0057415644	0.0168632288	0.0196093863	-0.0469775216	0.0310661732	0.0433877742	0.0124223388	-0.0320858154	-0.1025375436	0.041212478	-0.0916952063	0.0568422563	0.0922122113	-0.0802775905	0.0442336897	0.0466633506	0.0145031604	-0.0274899547	0.0426930756	0.0368292092	-0.0834558083	-0.0576711938	0.0301760341	0.1199493432	0.0193568357	0.0475931576	-0.0273517886	-0.0105155261	-0.0219725164	-0.1110850078	-0.0359528905	0.0116758597	-0.1245019074	0.0156735635	0.056938107	0.0663164992	0.0451116707	0.072225271	-0.0529250525	0.0655205349	-0.0237066621	0.0468422184	-0.0758626487	0.011390364	-0.0450670406	0.1980988705	0.0389448577	-0.0249287274	0.0653090685	-0.073439532	0.0466955904	-0.0894064545	-0.0106164863	-0.0416277235	-0.0761266682	-0.1249516805	0.0183729292	0.1338043728	0.0789822804	-0.0292124323	0.0074724902	0.1831334783	0.1385834612	-0.0997236328	0.0436696496	-0.0535495726	0.0639368138	0.0411801935	-0.0462698685	-0.2031097667	0.0648961533	-0.0765835505	0.0113331576	-0.0503799221	-0.0223871114	0.0632239465	0.0558711252	-0.0772357533	0.0377169961	0.0340656973	-0.0559771924	-0.0133037035	0.0133688373	-0.1468178548	0.0259357221	0.0249712142	-0.0418621513	-0.0539930301	0.0154945909	-0.0667845111	0.0427892626	-0.0511271125	0.054177519	-0.0310539824	-0.0086844306	-0.0075467099	-0.0076257605	-0.0338511886	-0.0179736526	-0.0362993244	0.0371954519	-0.0469747634	0.0915975366	0.1006540806	-0.023652535	-0.0619703973	-0.0104934099	-0.0503560704	-0.0760546826	-0.0803768659	-0.0735874828	0.0774834941	-0.1455975282	-0.0290973111	-0.0116765485	0.0490621284	0.0078039555	0.0492973319	-0.0679310153	-0.0253407929	0.1033807284	0.0010701472	-0.0142145601	0.0232676487	0.0644167954	-0.0946960179	-0.0911252878	0.0454900319	-0.0402916692	-0.0183446933	-0.0577326931	0.0859740236	0.028301134	-0.0073331824	0.0124647827	0.0441516958	-0.0388009585	0.0186098395	0.0740807498	0.0792454811	-0.0937146659	-0.040795837	-0.0859344953	-0.0748144113	-0.0005249304	0.0427381525	0.1602087491	0.0322323886	0.0396064712	0.1473096063	-0.1223672374	-0.0465617405	-0.0177722478	-0.0028701854	0.0456921477	0.0930835427	-0.0716026954	0.1040307421	-0.1516633533	-0.0043157254	0.0016863955	0.075484239	0.0251266871	-0.0230170943	0.0862161259	0.0623513073	-0.0580048612	0.0158109069	0.0491758719	0.0283352582	0.0471865223	-0.0466844285	0.0247757604	-0.0077719757	0.0644027262	0.0807760088	0.0801120058	0.0272852737	-0.0288455175	-0.0758039778	0.0271850528	-0.0129237345	-0.0642523858	0.0909074754	0.0892034024	0.0863869029	0.0824931004	0.0775705533	0.071680649	0.0	-0.0103911106277081	-0.0047667449147609	2.272185708239985e-05	0.0001079751800772	-0.0079503686331037	0.0634518014338708	0.0040261311052033	6.320836140223921e-05	0.0167275977872165	0.0169552259146498	0.0002798125277308	0.0002874796858168	-0.0009391095679496	-9.940556110100008e-05	8.819267806144844e-07	9.88146557780466e-09	-0.0001869515710322	9.79487177412e-05	9.593951307145265e-09	3.4950889911407723e-08	-0.0011680881887447	0.0002615311233435	1.364430016684874e-06	6.839852847736524e-08
373.6445321393568	0.1195043682942014	139610.23639763883	0.0142812940413961	366.4805867812213	-0.7231386774946031	0.5229295468886437	134308.02048750827	253.6208859593415	0.2533765233252723	64323.55379480131	0.0641996625724022	266.179188362924	409.5048171129503	0.936174	26.030853	0.128380663979254	0.0705972694037102	0.0040838095	-0.0290276414	-0.0343025743	-0.0274284881	-0.1176850146	-0.0729427481	0.004002122	0.0243861027	0.0878923392	0.0534282404	0.0282248668	-0.0375130606	0.0530705408	-0.0136369577	-0.069897193	-0.0432959882	-0.0434847505	0.0061458941	-0.0553973724	0.0348895626	0.0456228614	-0.006827558	-0.0067789349	-0.1265483812	0.0578964252	-0.0475798776	0.0689246735	0.0856223749	-0.0841953455	0.05049318	0.0676691312	0.2199916804	-0.0073546483	-0.0528983494	-0.123002357	0.0640653874	0.044324406	0.0718979454	-0.0115698052	-0.1434286472	0.0061403685	0.0552618198	0.1328490658	-0.0294904044	0.0568067175	0.0325222263	0.0849961723	0.0309307911	0.037765211	0.0564872966	-0.0279715955	0.0361207031	-0.0772926131	-0.1725923519	-0.03901341	-0.0579865751	0.0826091279	-0.0413027327	-0.0181715526	0.0030850819	0.0830525497	-0.0786939473	0.1235722132	0.009948615	0.0058929786	-0.0482458982	0.0350065781	0.0063288801	-0.0142136222	-0.0160148235	-0.1363985976	-0.0576317756	0.10437831	0.1161364916	-0.1055806584	0.0246495873	-0.0470797756	-0.0575752884	-0.0153391252	-0.0595576513	0.0361254575	-0.1048183373	0.0067197347	-0.1162686789	0.0718826208	-0.0492461454	-0.0533112971	-0.0163512583	-0.0015260079	0.0037044087	0.1216235186	-0.0484229001	0.0745567787	-0.0461618774	0.0307875709	-0.0072562895	-0.099120238	-0.0620634448	-0.0714451335	0.0142028694	0.0040911361	-0.0163084013	-0.0775555927	0.0095155481	-0.0419255317	0.0525455959	-0.0936699759	0.0706958746	-0.0554335336	-0.0053474165	-0.0470830644	-0.0455805449	-0.137692189	-0.1005226887	-0.014872245	0.07610032	0.0391766667	-0.0282688114	-0.0766948642	-0.071880485	-0.1469537993	-0.0197423763	0.0313981827	-0.1763679535	0.0224342602	0.0803615641	0.0450297217	-0.0472347745	-0.0167502123	-0.0913566786	0.0284690518	0.0572468595	-0.0522367576	-0.0942675782	-0.0685492472	0.0565311942	0.0982177437	-0.0439614213	0.0143551903	-0.0726207338	0.0965612334	-0.0719969884	0.1169822303	-0.0203213703	0.1238118161	0.0367343684	0.0188549899	-0.0146810437	0.0579601928	-0.0605001506	0.0219600611	0.009539149	-0.0330908397	0.009941295	0.0062886103	0.041930042	0.0863254327	-0.0572520462	0.0260007892	0.0123173728	0.0843918079	-0.07790808	-0.0659820879	0.1069436996	-0.0396082462	-0.0538392637	0.1258264162	0.0016608635	0.1355179134	0.0414336519	-0.1230765835	0.0289116131	-0.0261981706	0.1263638356	-4.73199e-05	-0.006128935	0.0872806646	-0.0032884492	-0.0474447093	0.0949451826	-0.0252172088	-0.0518152392	0.0898922222	0.0704138364	0.0239489809	-0.0069998425	-0.0084567929	0.1051088499	0.0316340658	-0.0614506179	0.0746317818	-0.0067217199	-0.0319146107	0.0020215377	-0.1093805138	-0.0766669821	0.0837971761	-0.0556980841	0.0907655546	0.0886396995	0.0851334125	0.0803012987	0.0742186113	0.0669800789	0.0	-0.0123137067363217	-0.0019225961086136	3.696375796856162e-06	0.0001516273735881	-0.0683789840257276	-0.0604286153926239	0.0036516175582696	0.0046756854563907	0.025942465850278	0.0092148680630614	0.0006730115343928	8.491379341963077e-05	-0.0012879824072971	-0.0003488728393474	1.6588986815068326e-06	1.217122580343865e-07	-0.0006510395008918	-0.0004640879298596	2.15377606641369e-07	4.238524317214441e-07	-0.0014914191078367	-0.0003233309190919	2.224330955220418e-06	1.045428832408774e-07
373.8805730573061	0.2360409179493103	139786.6829096596	0.055715314946353	368.2713433190075	1.7907565377861945	3.2068089776239974	135623.78230998627	254.0070373795249	0.3861514201833813	64519.57503832335	0.1491129193096423	266.76485749439166	412.24045288826784	0.924333	25.701591	0.1531652261369886	0.0861648707538303	-0.0208318737	-0.0626741818	-0.0341423478	-0.0219173436	-0.0820482633	-0.0977040126	0.0623674008	0.0193864545	0.024832248	0.0051027217	0.0399483088	-0.0584827464	0.0936319317	-0.0242504359	-0.0290627617	0.0279363136	-0.0253609275	0.0422188311	0.0306165247	0.0306717963	0.0837973363	-0.0436442281	0.0202315583	-0.1502184484	0.0448354014	-0.0022847741	0.1547719776	0.035766088	0.0174919647	-0.2039562193	-0.0518463518	-0.0953350237	0.0826702894	0.0003879296	0.0035797499	0.01485444	-0.0152620189	-0.0690982387	0.0247458757	-0.0053207706	-0.1001764697	0.077331989	-0.060456699	-0.0068692612	0.0875630202	-0.0263227098	0.1599937913	0.1491464199	-0.0702129403	0.0278588892	-0.0165205324	0.0534768247	-0.0169002731	0.0677835458	-0.0032174137	0.1252538838	-0.0575142876	-0.0020678541	0.0317638928	-0.0925357761	0.0069420201	-0.0631760543	-0.0566517629	0.0063033028	0.026353068	-0.1199090782	-0.013563803	-0.1337586446	-0.05018277	0.0463630121	-0.0327667749	0.0154700256	-0.0612050876	0.0245383975	-0.0954083178	-0.1927545886	0.0597735574	0.0247764478	0.063216293	0.0524629061	-0.0950553929	0.0042237143	0.086989288	-0.0889905466	-0.0176457109	0.0087624155	-0.04496211	-0.0566746014	0.0701169351	-0.1229730019	-0.091899389	0.0385643625	-0.0395508313	0.0212618978	-0.1082023949	0.1831514379	-0.0229753484	0.001580668	0.0479923155	0.110430675	0.058341173	-0.004925483	-0.0411378261	0.0454362595	-0.0691473101	0.0075773124	-0.0484048113	0.0870997948	0.0153942968	0.0921264182	-0.0667681428	0.0183731542	-0.1514328194	-0.0233236944	0.0968035456	0.1053253399	0.1192462779	0.019273799	-0.0444103172	0.1605246551	0.0281873133	-0.0106027914	0.0260385374	0.0713025032	-0.0586744011	0.0527678558	0.0376456939	0.0652779966	0.1147515557	-0.0903372292	0.0592022291	0.0801769153	-0.0021878352	-0.1008227071	0.1461116673	0.0706231183	-0.0429203152	0.0284428862	-0.0057745589	0.0945398274	0.0423960293	0.0076257999	-0.0263238897	0.0491765512	-0.0625927574	0.1313071222	-0.116318984	-0.0970034811	0.0459041844	0.002500373	-0.1009455524	-0.0351429344	-0.0075994798	-0.1766981456	0.1016768676	0.0373301207	-0.1352906003	-0.0507414231	-0.0679874876	0.0699084319	-0.0374460755	0.0128629977	-0.03125141	-0.0513499341	0.1182304075	-0.0803221834	-0.0439349233	-0.0845042283	0.0288939694	-0.0419528418	0.001248856	0.0417846836	-0.0228227066	0.0587210554	-0.0254900841	-0.0151067904	0.06810731	0.0338413925	-0.0240076074	0.0622823528	0.0435064764	-0.0860180623	0.1301525982	0.0719556337	-0.002455197	-0.0571263177	0.1230335443	0.0036010974	0.1183882529	-0.0019424046	0.074551669	0.1270710154	-0.0430387368	-0.0591696252	0.0588401873	-0.1006026682	-0.0414112721	0.0533011757	0.0906079513	0.088014738	0.0837475519	0.0778875515	0.0705461896	0.0618630933	0.0	-0.0149179680055198	-0.002604261269198	6.782176758245297e-06	0.0002225457694137	0.0049215648184883	0.0733005488442159	0.0053729704608632	2.4221800262581775e-05	0.0100044579976383	-0.0159380078526397	0.0001000891798265	0.0002540200943108	-0.0015156355225537	-0.0002276531152566	2.297151037226627e-06	5.1825940886034815e-08	-0.0003488984284856	0.0003021410724062	9.128922763476859e-08	1.2173011339972136e-07	-0.0007947651320808	0.0006966539757559	6.316516151714115e-07	4.853267619365021e-07
373.5541427847659	-0.3264302725402217	139542.69759166124	0.1065567228306834	364.9112286092071	-3.3601147098003707	11.290370863016827	133160.20476508103	252.98062934954305	-1.0264080299818374	63999.19882609088	1.0535134440111966	265.56315110444945	414.3488277024264	1.088116	30.255669	0.1874699177374564	0.0996694686517439	-0.0247003671	-0.0312049368	0.0069155164	-0.0569908389	-0.1367681957	-0.0163879898	0.0304003215	0.010843858	0.1124859635	-0.0007898348	0.0323899979	-6.57967e-05	0.0068485289	0.0351774143	-0.0257848372	-0.0724326706	-0.1128749806	0.0716319217	-0.039851174	0.0734506241	-0.0728993043	0.0437836918	-0.1030282954	-0.033440251	-0.0731310639	0.0945045723	-0.0852279875	-0.1001716498	0.1740162816	0.0850501193	0.0167979242	0.0457949918	-0.001466467	-0.1091749243	-0.0371854357	-0.0404673457	-0.0670954915	-0.0624436597	-0.0504500295	-0.0227455441	0.0828950655	0.1007790349	-0.0540682573	-0.0161456524	-0.079040791	0.1589391773	-0.0589264779	0.0967080595	-0.0606140084	0.0013730228	0.1067756408	0.0930390278	-0.1896699923	-0.0840355743	-0.0821124574	0.0374044662	0.1155936277	-0.0229349281	-0.2320178017	-0.0128111537	-0.0093182378	0.0812952619	-0.1231757646	-0.0169931883	-0.0785451244	0.0078407196	-0.001709585	0.0269928461	-0.0754386008	-0.0808602951	0.1111814432	0.0754815829	0.0304765151	-0.0996355897	-0.0365314721	-0.0541139538	-0.1464587353	-0.0032394616	0.0026289983	-0.0771259332	0.0989352108	-0.0979069816	0.0581184094	-0.0272571574	-0.0670375876	0.0388576066	0.029965551	-0.0891915394	0.0045395058	0.0537336786	-0.0253162739	0.0983726893	-0.1426865323	-0.0105753511	-0.0262860763	-0.0051090385	0.066436519	0.0124092621	0.0265747522	-0.0202603297	-0.0020983482	-0.0125348533	-0.1139020782	-0.0147896856	-0.0055387634	0.0883149894	-0.0052280077	-0.0877131911	0.0009509682	0.0190791336	-0.0289583203	-0.0757846795	-0.0385377513	-0.0015072989	-0.0203056845	-0.1337210804	0.0112451905	-0.1556346884	0.0363329335	0.0086175566	-0.0111755986	0.2580787368	-0.053042712	-0.0234890193	0.1907587137	0.0766415671	0.0830092995	0.126449358	-0.1000510032	-0.0392278545	-0.0282901473	-0.0129856751	0.1142036038	0.0159488191	-0.0364905754	0.0427217344	0.2162746841	0.1951202451	0.0179711583	0.0578369785	0.1367563798	-0.1271715107	-0.1823254391	-0.1554015591	0.0640015429	0.0526902965	-0.1327098791	0.0823375905	0.0475605577	-0.0191099531	-0.0328765311	0.034355823	-0.0082426892	0.0973511365	0.0596838269	0.0022664633	-0.0525401754	-0.0823590635	0.0292973925	-0.0223291425	-0.0513918858	0.0710100675	-0.065244746	0.0071147481	-0.0332186265	0.0629032022	-0.0585226502	0.1137747603	0.0093446901	-0.010802432	-0.0722861183	-0.0756618225	-0.1222564655	0.0123730653	0.0054094164	-0.0258265373	0.0460932242	-0.0713862649	0.0486497269	0.0432229336	-0.060868055	-0.0795609634	0.0819055486	0.0462323601	0.0124633745	-0.1089724509	-0.0221948198	0.0458317327	0.0206137811	-0.0334382331	-0.091071233	-0.0124169816	-0.0208632499	0.1793445488	-0.0086028014	-0.0453126477	0.0348451256	0.0087383738	0.0904346925	0.0873289498	0.0822314759	0.0752585301	0.0665691461	0.0563615044	0.0	-0.031756750478749	-0.0168387824732292	0.0002835445951807	0.0010084912009695	-0.0723244317895392	-0.0772459966080275	0.0059669439919673	0.0052308234336797	-0.0201049047883614	-0.0301093627859997	0.000404207196549	0.0009065737273789	-0.0005941668665089	0.0009214686560447	3.530342652570051e-07	8.491044840730098e-07	-0.000304673797099	4.42246313866e-05	1.9558180212806462e-09	9.282612263872264e-08	-0.0010945873620534	-0.0002998222299726	1.198121493167021e-06	8.989336958574267e-08
374.1746267162939	0.6204839315280424	140006.6512782779	0.3850003092844963	369.2814139832011	4.370185373993991	19.098520203071	136368.76271343237	253.32912308322497	0.34849373368192	64175.64460211575	0.121447882415565	266.2842348619293	411.5788936915552	1.131245	31.454908	0.0923950930567933	0.0419066412400833	0.0354303832	0.002065947	0.0407342336	-0.0282589542	-0.0103580602	-0.0789012508	0.0208460472	0.0970960843	-0.0075596407	-0.1153596045	-0.0057216549	-0.0578237331	-0.0214910284	0.0463400601	0.1110150118	-0.0990687815	0.0274193701	0.0082646222	0.1029176213	0.048152187	-0.0138708259	-0.0433962903	-0.071393095	-0.0105163646	0.011014333	0.0488171978	-0.0713767076	-0.0467630318	-0.094277749	-0.0891728976	-0.0244875099	0.0772025343	-0.0633149649	-0.1918677234	-0.1101036207	0.0327061799	-0.0488014459	-0.1554868204	-0.1381148697	0.1406630264	0.1045991337	0.0042138435	-0.0018836347	0.0222461957	0.0128500342	-0.0856377083	0.0920223569	-0.0249215399	-0.0220802958	-0.060640788	-0.1266004703	0.0167950031	-0.1447927697	0.115224968	-0.1168107069	0.0302198293	-0.0109990916	0.0213992295	-0.0032793262	-0.0223070032	0.095018563	0.0273137555	-0.0303878507	-0.0657946436	0.259587193	-0.0248873788	0.0676774735	-0.0059132479	0.1134208628	0.023477943	0.0712805712	0.0501915855	0.0822674055	0.0693499166	-0.1163575084	-0.0321612554	-0.1021968134	0.0351447435	-0.0183241871	0.0114293021	-0.0524966821	0.0619414323	0.0267019543	0.1675618573	-0.0373154129	0.0920461156	-0.0195843016	-0.0373144283	0.0694430643	0.0137751898	0.0045573298	-0.003490693	-0.0242086842	0.0150337692	0.0780926679	1.80356e-05	-0.0136855698	0.0017483182	-0.1470986573	-0.0372836226	-0.0355631032	0.1231536065	-0.0416286155	-0.0938489791	0.049128025	-0.0253126738	-0.0395212799	-0.0034750809	0.0985235556	0.0035978583	-0.1018505808	-0.0101416429	0.0935581209	-0.0173842528	0.0054295766	0.0196021015	-0.0163166932	0.0898032089	-0.1189712307	0.1278028575	-0.0397380751	0.1707675153	-0.0846723719	-0.0050387172	0.0539275767	0.0100384447	0.0140858853	0.0888272747	-0.0728061271	0.1299569633	0.0784927666	0.0964083229	-0.1043334915	0.0818601888	0.2296431589	-0.0662843121	0.0160349999	-0.0478533177	-0.0147926586	-0.0228057831	0.0709096704	0.078513758	0.078578069	0.0939156961	0.0057485865	0.1427910786	0.0448309544	0.0764163304	0.0065430716	0.0487529699	0.103721304	0.0629128533	0.0533286116	-0.0591967314	-0.0498353201	-0.091047914	0.0174890399	0.0160447849	0.0109744541	0.0438818695	0.1049986083	0.0015479156	-0.0257145777	-0.1351771485	0.1243196007	-0.0168045544	0.1529930748	-0.0059012194	0.0728216798	0.1205653034	0.0048198832	-0.0566025029	-0.1077464611	-0.093977986	-0.0023323879	0.0314125823	-0.0154400644	-0.0325887881	-0.0283439284	-0.0860015191	-0.0314540869	-0.0739653903	0.0462363921	0.0707666402	0.0491192014	-0.0405388561	-0.0430758973	0.0632403083	-0.0453220313	-0.0268393065	-0.0945420511	-0.1646366634	0.1551038112	-0.006516108	-0.1169168844	0.056663087	-0.1177299611	-0.1696083418	0.0902458083	0.0865828087	0.0805875418	0.072421501	0.0623046536	0.0505095157	0.0	-0.0227338818334601	0.0090228686452888	8.141215859013752e-05	0.0005168293832177	-0.0637372012367762	0.008587230552763	7.37405285663064e-05	0.0040624308214973	0.0113252536185228	0.0314301584068842	0.0001282613695238	0.0009878548574818	-0.0004359599388149	0.000158206927694	1.9006106825149134e-07	2.5029431970374563e-08	5.581381251884565e-05	0.0003604876096178	1.299513166879883e-07	3.1151816678888516e-09	-0.0014429895337787	-0.0003484021717253	2.0822187945948703e-06	1.2138407326290544e-07
374.0388957187048	-0.1357309975891212	139905.09551046812	0.018422903706538	370.9940332085885	1.7126192253874135	2.933064611166585	137636.57267637528	253.8180038121121	0.4888807288871248	64423.57905916535	0.2390043670772065	267.41674898603617	415.29008430110537	1.019663	28.352299	0.0979163082371034	0.0470147661248171	-0.0095562924	-0.0288126994	0.0448457248	-0.0162565152	0.06068105	-0.0830080503	0.0752209588	0.0446419099	-0.145716814	-0.0464653941	0.0289280677	0.005574412	-0.0366478332	-0.0145103113	-0.0758192001	0.1592224156	0.0556286628	0.0274287377	-0.0460310358	0.0649290962	0.0624657357	-0.0696764029	0.0182459476	0.0306088523	-0.0002658867	0.1631824882	0.0776916599	-0.0498882532	0.0537844037	0.0933601687	0.1257369099	0.0444819648	-0.1397363966	0.0785059486	0.0600024135	0.0230242206	0.0025838889	-0.1097313423	-0.1366877832	0.0987990872	-0.0422292209	-0.0833627961	-0.0735979228	-0.0343149918	-0.0128052355	0.0561092317	-0.0877776765	0.0387179167	-0.0566511095	-0.0233993381	0.0425105047	-0.0640828059	-0.113980686	-0.0151542035	0.0813688002	-0.0482125122	-0.0935506958	0.0471478565	0.032538563	-0.0782973572	-0.0010541982	0.1392322819	-0.0442724314	0.0106264898	0.0499729618	-0.0329245925	0.1021323583	-0.1173932268	0.0168158417	-0.0001737067	-0.0743556538	-0.0320451203	-0.0129971045	-0.0030526036	-0.0176072674	0.1066413823	-0.0042810421	0.0706907473	0.0520079802	0.1484883794	0.0483471481	-0.0050197062	-0.1198257467	-0.1266360228	-0.0058245139	-0.0020934552	0.0327427733	0.0675895458	0.0011998678	-0.0904276074	0.0132107181	-0.0027878628	0.0654263566	-0.0199712323	-0.0239931049	0.0154560482	0.0439234433	0.0786169646	-0.02384342	-0.0889881916	0.0937779001	0.0798167489	0.0920987737	-0.0810269219	0.0093725276	0.0405392749	0.0516538243	-0.089427806	-0.0218421422	0.1220619262	0.0086848606	0.0580891494	-0.0401382541	0.1148016814	0.0857921478	-0.0005010804	0.037503607	0.0313786053	0.0510446902	-0.0737160935	0.0271175166	0.1700268695	-0.1015391164	-0.0100321794	0.1400414089	-0.0111088743	-0.1247903098	-0.1054002665	0.0185619792	0.0021136169	-0.031178035	0.0310462866	-0.0129920361	0.0048862348	0.1728918701	-0.0413744312	-0.0636338309	0.019529186	0.0872836853	-0.100013875	-0.0582670402	-0.0147631343	-0.1298202202	-0.0011122675	0.0127664984	0.0670808656	0.1021025745	-0.0125071448	-0.0503327526	-0.0256642446	-0.0619586156	0.0460972816	0.0352287757	0.0514206469	-0.0590060865	-0.0125022946	0.0971653992	-0.0282103333	0.0923191804	0.0449968084	-0.1279350358	-0.0249349709	0.0857887847	-0.0177303339	-0.0667322948	-0.0582376622	0.0055741377	0.0633753664	-0.0741604261	-0.0384725684	0.1046016234	-0.0033236065	0.0565266006	0.0132419669	-0.0123761549	-0.0093821065	-0.0293069129	-0.0187249807	0.0465363945	-0.1129958499	-0.0313700088	-0.0162859138	0.0704549488	0.038538757	0.0154879589	-0.0959977327	0.0155911853	-0.0241156985	0.0387166454	0.0937185234	-0.0263052909	0.0453077799	0.2278127184	0.0470752697	-0.0008165373	0.1105688241	-0.0050560935	-0.0906961951	0.0900413312	0.0857768306	0.0788183057	0.0693843053	0.0577711266	0.0443435089	0.0	-0.0310287734577343	-0.0082948916242742	6.880522705845429e-05	0.0009627847822913	-0.0481011712997343	0.0156360299370419	0.000244485432192	0.0023137226804063	-0.0009024380126518	-0.0122276916311746	8.143943666789305e-07	0.000149516442627	-0.0010179550345731	-0.0005819950957582	1.0362324524127214e-06	3.3871829148659645e-07	0.0001079285982847	5.211478576585434e-05	2.715950895420894e-09	1.1648582327700146e-08	-0.0008419455144105	0.0006010440193682	7.088722492359614e-07	3.612539132182813e-07
373.0490842357513	-0.9898114829534848	139165.61924913267	0.9797267717865766	367.66468604202464	-3.3293471665638776	11.08455255550692	135177.32136238055	253.209200996998	-0.6088028151141032	64114.899469538126	0.3706408676908569	266.02540337462904	410.7540537803299	0.960543	26.708437	0.0986751050249937	0.0510358628562493	0.0271384614	-0.0148652011	0.0799473592	0.0231685535	0.0141759349	-0.0707727735	-0.0271478143	0.0944369176	0.0170740306	0.0241619881	-0.0517667318	0.0361870256	0.01545259	0.0116057174	0.0724301468	0.0439729695	0.0383803376	0.0776571376	0.0190430364	-0.0995119565	-0.1233378622	-0.054687018	-0.0506373651	0.1106323743	-0.0911869632	0.0567097862	0.0166914572	0.0007961055	-0.0002472417	-0.0481480604	-0.0411876916	-0.0084849947	-0.0592110359	0.0483878844	0.0047468436	-0.0276617608	-0.0627985218	-0.0735252135	0.1099126488	0.0545937266	0.032691011	-0.0804321247	-0.1215682356	-0.0928320669	-0.081398436	0.0059380347	0.0418169406	-0.042157948	0.107031514	0.0581638586	-0.0218497149	0.1074852316	-0.0699075535	-0.0023227899	-0.0779152211	-0.0330735942	-0.0412180967	0.0070891824	-0.0154657083	-0.0513414842	0.0029692289	-0.0453663368	0.1326249678	-0.0165274194	-0.1707080103	-0.0451325487	-0.0277621066	0.0555300126	0.0172002935	0.0926652977	0.1102279799	0.0007622473	0.0218556672	0.0397643373	0.0461509496	0.0120587994	-0.0460576488	-0.0806912724	0.0322451724	-0.0143785045	0.0629315945	0.0621746595	0.0545834108	0.0097665517	0.0118035977	-0.0816345407	-0.0413466606	0.0373721939	-0.0731197346	0.0011931168	-0.0812722344	-0.1191410115	0.0240677528	0.0722119117	0.0283004306	-0.067222565	-0.0440196073	0.002581208	-0.0751170748	0.0013027799	-0.0259340784	0.0825963954	0.0073509363	-0.0279465204	5.53071e-05	0.0010563594	0.0630428876	-0.0729285071	0.0460416032	-0.0405144531	0.0359541587	-0.0244071042	0.0229409009	0.0394491921	0.0172208757	-0.0618297435	-0.0142614466	-0.0317444662	-0.0384349072	0.1311345197	-0.0376755607	0.0781387509	0.0190949198	-0.0475222972	0.0046740808	-0.0298734889	0.0258865625	-0.0866484721	0.1140433746	0.0117695389	0.0417573752	0.088739402	0.0558216055	-0.0442361039	0.0560309499	0.0335676744	0.0085642813	0.0551416297	-0.0359344428	0.1245661151	-0.037843521	0.0042963744	-0.0779250349	0.0272245881	0.0637255356	0.0173744923	-0.0055058219	-0.0174373397	-0.033329603	-0.0455192605	0.0701217791	-0.1092790645	-0.0871730336	0.0925066255	0.0604163753	-0.0334621954	0.0449932565	0.0706051565	-0.1433232464	0.0299199039	0.0256118275	-0.062903825	-0.0104316489	0.0360811347	0.0138261958	0.068156283	-0.0249503302	0.1312142903	0.0290858441	0.0454807824	0.0430967413	-0.125212856	0.1351679078	0.0946645738	-0.0101975858	0.0056613271	-0.0553131942	-0.0121951452	-0.0430637878	-0.1019231731	-0.005399776	-0.0098995884	0.0583014093	0.0478621512	0.0162638297	0.016880979	-0.0192375824	0.0371028334	0.0200858915	0.0202971561	-0.0890605581	-0.1055005549	0.1999795994	0.0502499281	-0.0125754044	-0.0495221345	-0.0366000032	-0.087883603	0.0898212967	0.0849115724	0.0769265184	0.0661553376	0.052988141	0.0379018183	0.0	-0.0007134158037729	0.0303153576539614	0.0009190209096875	5.08962109072933e-07	-0.0787722192050637	-0.0306710479053294	0.000940713179611	0.0062050625184906	-0.0007481173630239	0.0001543206496279	5.596795888578338e-07	2.38148629015771e-08	-0.0005280554374013	0.0004898995971718	2.7884254496907826e-07	2.40001615309092e-07	-0.0001277711509815	-0.0002356997492662	5.5554371804149547e-08	1.6325467023137273e-08	-0.000867033744294	-2.508822988350008e-05	7.517475137444735e-07	6.294192786873466e-10
372.8120487765289	-0.2370354592223975	138988.82371295296	0.0561858089287728	367.0962249092434	-0.5684611327812377	0.3231480594829279	134759.6383426178	253.29426249196703	0.0850614949690395	64157.98341134949	0.0072354579263679	265.7791719375368	410.0860216983132	0.923265	25.671906	0.116436002302406	0.0740012511227612	0.0249981763	-0.0089170324	0.084891516	0.0112798372	0.0372371181	-0.0333478304	-0.044960185	0.0620111306	0.0029661326	-0.0045821964	-0.0068975457	0.1301093685	-0.0321166614	-0.0160154459	-0.0308617574	0.0716797612	0.0393689917	0.0586372778	-0.0461574406	-0.0437072827	-0.0645148921	-0.0565541728	-0.038197203	0.0485157566	-0.0799979508	0.1076539852	0.027574639	0.135125592	0.0051051329	-0.0707996075	-0.0384469414	-0.0188122126	-0.1062251991	-0.076189334	-0.0174488419	0.1466572187	0.0256357416	-0.0412979492	0.072954383	-0.0306824709	-0.0448673945	0.0348201275	-0.046560287	0.0783613734	0.019887423	0.095479264	0.0142536896	-0.0173937877	-0.0073298913	-0.1435328171	0.0819223006	0.0137262078	0.0561401611	-0.1300735042	0.0538876922	0.0968035079	0.0127792273	-0.0557109236	0.0544591573	0.0041199093	0.0134021325	0.1251053397	0.0732453524	0.0351447638	0.0344656443	-0.049473291	-0.1058699308	0.0540282763	-0.0016949936	-0.0546518727	-0.033174162	0.1126367618	-0.056192779	0.0423692598	0.0284066051	-0.0022584409	0.0136630959	-0.0834368687	-0.0313431722	0.0323464254	0.0209081087	0.0660997553	-0.0486610223	0.0726568516	-0.0751246422	0.1578230143	0.0308783886	0.1254510974	0.0119773707	0.1628120929	-0.066377826	-0.0679301164	0.0414584844	0.0208775187	0.0365207103	0.0566308856	-0.0096547914	0.0566777769	0.0520495505	-0.0531237875	-0.0635787003	0.0720074577	0.0214975357	-0.0657640536	-0.0286197619	0.0677951766	0.0909278604	-0.0088439353	0.0128089621	-0.0586470392	0.0701843271	-0.0557055104	0.0202245817	-0.0639801886	0.1520548021	-0.0837990211	0.0132123215	-0.1152591414	-0.0326065948	0.1491370431	0.0527073673	-0.0368058495	0.0165593909	-0.0863430669	0.1191299866	0.083272793	0.0331657493	0.0410543367	0.0623824798	0.074837117	-0.056261189	-0.013592921	0.0076132786	-0.0804638579	-0.1499238109	-0.0067920593	-0.0243287765	-0.1172141689	0.0109065296	0.0293542831	-0.1077592743	0.0059334993	0.0242710471	-0.0238868854	-0.047852558	0.0378006743	0.0850431825	0.022809967	0.0758961577	0.0056079977	-0.0173490784	0.047280885	0.0518385413	0.077805204	0.051771323	-0.0343023976	0.174386138	0.0916868464	0.0030436459	-0.0199482105	0.1293187824	0.0014490482	-0.037756607	-0.1171771109	-0.052740903	-0.1075264969	-0.0936418522	-0.1283277133	-0.1917782245	0.0010516992	0.0934158725	-0.0816916415	-0.108237407	0.0140758454	-0.0333629644	0.0129248445	-0.0594055012	0.034215863	0.0189304805	-0.034694969	0.0172450907	0.0290295207	0.0707167899	-0.0257933793	0.0066547777	-0.0582117987	0.048505171	-0.0540885982	0.0530800658	0.1090643033	-0.0123753241	-0.0003751993	0.1371247993	-0.0059170118	0.072405632	0.0047006544	0.0008577699	-0.0210853003	0.0895857427	0.0839876321	0.0749151215	0.0627435226	0.04797635	0.0312244919	0.0	-0.0099101861832906	-0.0091967703795176	8.458058541357411e-05	9.82117901874839e-05	-0.0101791344750239	0.0685930847300398	0.0047050112727824	0.0001036147786606	-0.0034215747213224	-0.0026734573582985	1.1707173573592458e-05	7.1473742466403945e-06	-0.0008920332481483	-0.0003639778107469	7.957233158020065e-07	1.324798467161789e-07	-0.0001272716542406	4.994967409000103e-07	2.49496994169732e-13	1.6198073973138833e-08	-0.0005120572550909	0.0003549764892031	2.6220263249122704e-07	1.260083078869586e-07
373.5539238313497	0.7418750548208095	139542.53400979782	0.5503785969653792	369.9238149540504	2.827590044806982	7.995265461491551	136843.6288701585	253.0553522425249	-0.2389102494421422	64037.011298588346	0.0570781072885066	266.49179592203524	413.0201555411292	1.051704	29.243214	0.1900001041253936	0.0969428831576026	-0.0082157677	0.0413920995	0.0566326226	0.0367610305	0.0440847524	0.0447009439	-0.1178997751	-0.0709383893	-0.0786020922	0.1544382013	-0.0131801016	-0.0368893449	-0.0112684642	0.1210755386	0.1607683412	0.0113761749	-0.013436971	-0.0596509935	-0.0984483028	-0.0430263263	-0.1825475144	0.0092698457	-0.0023856495	0.1280250712	-0.0563917256	-0.0405955952	-0.0366877761	-0.0484399034	0.1914398706	0.0301393169	0.0275385538	-0.0331399849	0.0325217868	0.0140824852	0.0389834049	0.0104816799	-0.0417311893	-0.0354000872	0.0431626186	-0.0102978917	-0.0158823324	-0.0510838058	-0.0253670588	0.193976667	-0.1154530094	0.0172669804	0.0299559474	-0.0567466199	-0.0929464908	0.0895303535	-0.0092562812	-0.1419031081	-0.0315401644	0.0563905175	0.0499123135	-0.0332392081	0.0471355178	-0.0391605163	0.0316947853	0.0214188834	0.0507976143	0.0415931764	0.0544505345	0.1237226426	-0.0579031752	-0.025150169	0.11742958	-0.080274873	0.0640180605	-0.0178485941	0.0876483812	-0.0150677014	-0.0447805282	0.0989616616	0.0407465072	-0.0451010006	0.04530827	0.0688398823	0.0765284212	0.1146729503	0.0175305648	0.0165579324	0.0916959843	0.0043978293	0.040857513	-0.03151583	0.0355230683	-0.0078103068	-0.0463410872	0.0177989882	0.0748857517	0.0132499628	0.0565837149	-0.1071480022	-0.0112461156	0.1128619648	-0.0417786539	-0.0200016283	-0.0301014197	0.0301934945	-0.000315322	-0.0733663304	0.0817543419	0.2197298493	0.0902723958	-0.0314441372	0.1119284442	-0.0630125381	0.0819535957	0.024511752	-0.0580661416	-0.0048792138	-0.0082602568	0.0104817477	-0.1012068279	-0.1168494224	-0.0626925749	-0.0189924182	0.068322136	-0.0171607858	0.0487509136	0.0542419242	0.0584399851	0.0387335214	-0.0195294655	0.0683958842	-0.0516404935	-0.0220388472	-0.0710075721	-0.0031513298	0.1032334529	0.0908149478	0.1013325993	-0.087197523	0.0562636288	-0.0268627095	-0.0044147352	-0.1492934253	-0.0769503034	-0.0152842433	0.1164732285	0.0329086284	0.0008446555	0.1194055102	-0.0371597472	-0.1055011889	-0.005879489	-0.0574590423	-0.0421190757	0.004841976	-0.0248375628	0.0238154234	0.0639317529	0.0439677331	0.0617106554	-0.0499123245	-0.0250918061	0.0381286108	0.0365281302	-0.0122265562	-0.0092681649	0.0193789661	0.0606388223	0.0811904591	-0.1399603721	0.0938209349	-0.0440475472	-0.0383429564	-0.0308251653	-0.1333593645	-0.0662473815	0.0400643862	0.1683180713	0.0574606177	0.0216148344	-0.005014093	-0.0692929734	-0.0265049714	-0.0491768095	-0.0315889345	0.0167015724	0.0419934448	-0.1224726484	-0.0659826108	-0.0234170785	0.0028258403	-0.1189291771	0.0691119038	0.0764869547	-0.0562005245	0.0105155822	-0.1646363025	-0.0713050332	0.0730951666	0.0173310132	0.0869996351	-0.0106087264	-0.0093513598	0.0893347099	0.0830056482	0.0727872424	0.0591582902	0.0427573947	0.0243530426	0.0	0.0043107505049562	0.0142209366882468	0.0002022350402911	1.858256991598013e-05	-0.0738485376592024	-0.0636694031841785	0.0040537929018294	0.0054536065144026	-0.0347471848851057	-0.0313256101637832	0.0012073668574397	0.0009812938521333	0.0002918963422238	0.0011839295903721	8.520347460363379e-08	1.4016892749586485e-06	-0.0002541193035279	-0.0001268476492873	1.6090326129713863e-08	6.457662042550497e-08	-0.0008169630972152	-0.0003049058421242	6.674287022114522e-07	9.296757256152853e-08
374.0240001242096	0.4700762928598578	139893.95266891472	0.2209717211088668	370.70075726326166	0.7769423092112788	0.6036393518425544	137419.05143555565	253.23874217419583	0.1833899316709448	64129.86053796883	0.0336318670382738	266.2266341510317	415.9016427620103	0.983859	27.356743	0.1297834235785683	0.0654629952605129	0.0007772254	0.01677381	-0.0132778678	-0.0151898547	0.1026268759	0.0083474078	-0.0957489338	-0.0277672199	-0.0903436524	0.0341127032	-0.0357943296	-0.0621164522	0.0168669273	0.0562620912	0.0691772421	0.0382792419	0.0541676652	-0.0315724045	-0.0836354371	0.0893388219	-0.0492800068	-0.0027370236	0.0250146961	0.0297387622	-0.0378644588	-0.0006695737	-0.0879014687	-0.1079747975	-0.0177192197	0.0134470595	-0.1007679875	-0.0148966118	-0.0647977124	-0.05967127	0.0662446873	-0.0267713684	0.0056602553	0.1632985694	0.0554953662	-0.0912560289	0.0155163429	-0.0542104378	-0.0233349034	-0.0520924798	0.0820518471	-0.0852718018	0.0020175635	0.0898172982	0.0038917578	-0.0094423479	-0.103090239	-0.0323190446	0.0667015472	0.0324542439	0.0253085462	0.0073792107	0.0422559592	-0.1315976873	-0.0348397416	-0.1161772553	0.0340765449	-0.166495154	-0.0668680465	0.044933503	0.0602108757	0.1484514251	0.0450794776	-0.0539946878	-0.0010411173	-0.0108531989	0.0729289094	-0.100588856	0.0304960779	-0.0606820575	0.0433952415	0.0202373378	0.0691847523	-0.012754592	-0.0150187981	0.0179203142	0.0538157871	-0.0873153635	-0.0968267837	-0.0314347997	0.0452980284	0.1317170965	0.058603396	0.0619720085	-0.1389763348	0.0563282517	-0.0223653725	-0.1426692595	0.0499160143	-0.0491028992	0.0474301857	-0.0186638283	-0.1121338391	0.0279074081	-0.0495070266	0.0304763982	-0.0521999625	-0.0231334069	0.0422571128	0.1009958852	0.0229356955	-0.0385575998	-0.0199056668	-0.0069988862	0.1021899547	-0.0311033308	0.0347577888	0.051592224	0.0064814456	-0.0650461684	0.0194406094	-0.0521315505	-0.0644774879	0.0537333154	0.0783751091	-0.0074642497	0.0654345502	-0.171900179	-0.120641881	0.107139049	0.0267825102	-0.0179975214	-0.0414733553	0.0641013814	-0.0291898083	-0.0969879687	-0.038775835	0.0453068008	-0.1093180093	-0.0307722407	0.0458025365	0.0410657577	0.1271790759	0.0196184448	-0.0654935302	0.0457853387	0.0207731858	0.0305000236	0.17811257	-0.0098588176	-0.0263516142	-0.0731181907	0.0125853674	-0.024327167	-0.0603888002	-0.0099967912	-0.064049142	-0.0165242054	0.026099231	-0.0491284847	-0.0471853528	0.0498871822	-0.0435632135	-0.054996264	0.120686289	-0.0630616303	-0.0068398305	-0.0807712826	-0.0289876842	-0.009167827	-0.1009006276	0.1478047156	-0.00165302	0.0027262757	-0.0238359256	0.0572562811	0.0148016002	-0.0254690174	-0.0028909287	-0.0095594267	-0.0117848285	-0.0001783997	-0.0467976406	0.0588736521	0.0401938392	-0.0058327305	0.022122808	0.0117131895	-0.0546390142	-0.1403696005	0.0401356529	-0.0189764152	-0.0057734355	-0.0540372282	0.1139589274	-0.0226046065	-0.0024903064	-0.0583629572	-0.0418912803	-0.0329618938	0.1199987373	0.1351450234	-0.0833000932	-0.0062218206	0.0890682417	0.0819662993	0.0705461896	0.0554095495	0.0373538109	0.0173301903	0.0	-0.0100335711925652	-0.0143443216975213	0.0002057595649619	0.0001006725508762	-0.0205648940311249	0.0532836436280775	0.0028391466782839	0.0004229148665113	-0.0264441494669966	0.008303035418109	0.0006992930410328	6.89403971543741e-05	-0.0002570036891767	-0.0005489000314005	6.605089625043382e-08	3.012912444714699e-07	-1.4932224601693632e-05	0.0002391870789262	5.7210458725251276e-08	2.2297133155542452e-10	-0.0005280017508447	0.0002889613463705	2.787858488950686e-07	8.349865969625209e-08
373.8642984453048	-0.1597016789047529	139774.51365199997	0.0255046262449968	368.6599470465384	-2.040810216723287	4.164906340682149	135910.1565563565	253.1646217393481	-0.0741204348477424	64092.3257004272	0.0054938388620184	266.26494505246586	416.5487825143479	0.892798	24.824743	0.0870948256349547	0.0451308470974373	-0.0121751433	0.043500523	-0.0229896488	0.0096033844	0.0596495596	0.0359336973	-0.0118123482	-0.1202511232	-0.0304420992	-0.0044542484	-0.1197973861	0.0377603541	-0.0017281927	0.0134135625	-0.0020513638	0.0272039213	-0.0283898566	0.0108965976	0.0110291924	0.1184457618	0.0078269351	0.0508100984	0.044881729	0.0694167095	0.0130598861	0.0989597606	-0.1021736097	-0.0537513542	0.0526515322	0.0121507211	0.0195814311	0.017778926	0.0063860371	-0.0191249886	-0.1185925615	0.0510630898	-0.0468757386	0.1097611218	0.0485587073	-0.040615028	-0.1285701816	0.0409888123	-0.0086779831	-0.0538871018	0.0584146007	0.0502907556	-0.0349382115	-0.026903738	-0.1713144981	0.0615130347	-0.055698823	-0.0368736444	-0.1228134968	0.0051081442	-0.0118238357	-0.004120763	0.1170064075	0.0403281185	0.0923503823	0.028783597	-0.088341508	0.0485269375	-0.0721039479	0.0049820394	-0.0463380797	0.0066436842	0.0439908896	-0.0067103652	0.0313534329	0.0774136096	-0.1073182682	-0.083306171	-0.0247016697	0.0432337628	-0.0058350388	-0.0614020123	0.0457869574	-0.0238571666	0.0973755906	-0.0570711723	-0.0393125668	0.0304690432	0.0325775502	-0.0992215733	0.032845207	-0.0334796391	-0.094811118	-0.0061362379	0.0134627239	-0.0525299885	0.0044782369	-0.0192017032	-0.083100503	0.0532901677	0.1350952684	-0.094559173	0.0391703864	0.0111174795	0.0615311651	-0.0280191185	0.0019003099	-0.0536260948	0.0454610565	-0.002996285	0.0598174532	-0.0985536015	0.0192407884	-0.0449413621	-0.004991054	0.0255074334	0.1371521488	-0.0394713322	-0.0061127017	-0.0739577662	-0.0321786336	-0.0501469251	-0.0112540341	-0.0532703095	0.024074812	-0.0133774156	0.0561824696	-0.0086194004	0.0502785915	-0.0654194304	0.115832269	0.0521382109	0.0126499147	-0.0532448046	0.0322877228	-0.0258667946	-0.0641026719	-0.0480730981	-0.0828553992	-0.0117734959	0.109974714	-0.0529225455	0.1624355928	0.0335257278	0.021352659	-0.1331053146	0.1254524541	0.0365856824	-0.0932828174	-0.0296585498	-0.084500677	-0.0926925653	0.0214148493	-0.0273259618	0.0332439239	-0.0512637218	0.0499483693	0.0452839308	-0.0054474745	-0.0760314643	-0.0519568221	0.0086567735	-0.1499897092	0.1047140838	0.0225923574	0.063871111	-0.0368368995	-0.0091251993	0.0578394909	0.0431954963	0.0370792391	-0.0570507647	0.0014973835	-0.0506609821	-0.0664204454	0.0014763339	0.028668413	0.0314270971	-0.0282653623	-0.0156475889	0.0215241969	-0.0043538925	-0.0364895796	-0.0018557204	-0.0066739981	-0.0321536876	0.0282485602	0.0529948929	-0.0809891222	-0.0697042537	0.0495794115	0.0078249261	-0.0488319919	-0.0241471377	0.0794532171	-0.1248830068	-0.0383918515	-0.1259755468	-0.0005503896	0.003583135	0.0353180013	0.1151284357	-0.0773694187	0.0176600126	0.0887863842	0.0808703038	0.0681954477	0.0515076619	0.0317889315	0.010199596	0.0	0.0055738046684439	0.0156073758610091	0.0002435901812668	3.106729848196701e-05	-0.0547420971799681	-0.0341772031488432	0.0011680812150772	0.002996697203661	-0.0346995632269298	-0.0082554137599331	0.0012040596881396	6.815185634769434e-05	0.0001879773557293	0.000444981044906	3.53354862669798e-08	1.9800813032563563e-07	-7.405657078107808e-05	-5.9124346179384446e-05	3.495688311139692e-09	5.484375675852827e-09	-0.0006049930170627	-7.6991266218e-05	3.6601655069462834e-07	5.927655073850949e-09
374.1246193011851	0.2603208558802521	139969.23076725667	0.0677669480062269	369.83417965628	1.174232609741637	1.3788222217806547	136777.3204420336	253.3076643116218	0.143042572273714	64164.77279900928	0.0204611774826807	266.1532875857	418.0197415977361	0.985741	27.409082	0.145764428701188	0.076240424951368	0.0034064902	0.0098358734	-0.0225515915	-0.0297727885	0.145908918	-0.0089010732	-0.0783848675	-0.0021782886	-0.0902390426	-0.0717742994	0.0540218594	-0.0509535435	0.0606420277	0.1047008481	-0.0068883938	0.0168576088	0.023308848	-0.182109236	-0.0322157193	0.1005541803	-0.0717219791	-0.0027728037	0.0362859171	0.0634167296	0.0082263279	-0.0442235933	-0.0390073458	-0.0521310066	0.077429601	0.0432275402	-0.0438303041	0.0382628206	0.045052465	-0.0904990231	0.1918669284	-0.0114531711	0.0633259571	0.0066823439	-0.0496024607	-0.0640992833	-0.0313123596	-0.0282974378	-0.0526521338	-0.1081704415	0.0195701654	0.0937042013	-0.0825498725	0.0340068771	0.0189627737	-0.0215561914	0.020327134	0.1453037045	0.0193768561	-0.0226243142	-0.0076670621	-0.0127118014	0.0571606206	-0.1192299635	0.0311243244	-0.1495194955	-0.0792456634	-0.0852514308	0.0508950448	0.02292496	0.1028130943	-0.0037517529	0.0952060059	-0.0576876711	-0.1202544536	0.0620966169	-0.0597904154	-0.0399425909	-0.1780096384	0.1005898989	0.0600935951	0.0216047214	0.011112119	-0.0352648238	-0.0434071299	0.106478206	0.0171723469	-0.090308751	0.0739844779	0.0497152719	0.1050435367	0.1108650922	-0.0602694973	0.0290711284	0.1260640972	-0.0367097968	0.0662621708	0.1447243899	0.0717819296	0.062409138	-0.0427964479	-0.0736302037	0.0933224112	-0.0889646999	-0.0689435504	0.0324794583	-0.0733681854	-0.0007935359	0.0587212393	0.0732018723	-0.0552466029	-0.0058660888	-0.0286384053	-0.0083093775	0.1155844786	-0.0004112227	-0.0278651089	-0.0262698331	0.0249293448	-0.0068857279	0.0628245335	-0.092019634	-0.0776109273	-0.0117822508	0.0292831654	-0.0978764615	-0.0150857664	-0.0264433785	-0.0511065613	0.1154020764	0.0565252045	-0.0512567355	-0.0441783136	0.0967534175	0.0660141478	-0.0604053716	-0.1366733171	-0.0379780233	0.008002243	-0.0508163503	0.0487704858	0.0199154014	0.0157758173	0.09244293	0.0739358584	-0.022540085	-0.1139025772	-0.02268483	0.1201668562	0.0274746619	0.0069318322	0.0265864762	0.063065795	-0.0902958955	-9.71191e-05	0.0419419694	-0.0222882496	-0.0431576209	-0.1126443864	-0.0937242373	0.0099684909	-0.0346932585	0.0372482296	-0.0126532889	0.0440067323	0.196534582	-0.018465487	-0.0130721436	-0.1193760159	0.0625269511	-0.0543427533	0.1320225457	0.0540507155	-0.1440918813	-0.0019753548	-0.0017283773	0.0556624771	-0.0379445468	0.1019941161	0.064738122	-0.0198159894	0.0120812092	-0.0390972427	0.0857151767	0.014633904	-0.025995418	0.0319819431	0.0241360861	-0.0518928707	-0.1568321558	0.0253978167	-0.0265949486	-0.0167837924	-0.040730612	0.1356871339	0.0232666124	0.0385355541	-0.0657159283	-0.0596903634	-0.0510672271	0.140541304	0.0887633258	-0.0627519802	0.0051767889	0.088489186	0.0797184191	0.0657386716	0.0474634117	0.0260867859	0.0030055908	0.0	0.0023013057578964	-0.0032724989105475	1.0709249119534572e-05	5.2960081913271245e-06	0.0036442711549966	0.0583863683349647	0.0034089680073461	1.3280712251140252e-05	-0.0004957754047154	0.0342037878222144	2.457932519207187e-07	0.001169899101387	-2.122762423206699e-06	-0.0001901001181525	4.5061203053783756e-12	3.6138054921597006e-08	-0.0006529997964925	-0.0005789432257114	3.351752585971465e-07	4.264087342192465e-07	-0.0003760008882574	0.0002289921288052	1.4137666797035384e-07	5.2437395054783085e-08
373.6312461856261	-0.4933731155589953	139600.3081262239	0.2434170311563897	368.6615007307829	-1.1726789254971095	1.3751758623050554	135911.30212107304	253.0249423704857	-0.282721941136117	64021.6214615876	0.079931695999774	266.027236057368	415.5518827868889	0.891171	24.779495	0.1125251976593979	0.0570994042382569	0.0274471794	0.018372466	-0.0206072803	-0.013800522	0.1355557749	0.0275765185	-0.0242816846	-0.0273469905	-0.0632227871	-0.110238083	0.0253245944	0.0557889899	0.0455638303	0.1424139607	-0.0082826676	0.0459333722	-0.0114347627	-0.050048125	0.0508542014	0.0640955742	-0.0425636224	0.0172229501	-0.0017405113	0.0807750721	-0.1159772278	-0.0057566579	0.004291222	0.0429622748	0.0661112319	-0.0710571335	-0.0476607886	-0.0195630552	0.0957735144	0.1265145281	0.0369914546	0.094709433	-0.1416532546	0.0404258183	0.0092409012	-0.1055190272	0.0796383804	0.0715408339	0.0414424522	0.0714491531	-0.0130790916	0.0286888201	-0.1274138008	-0.0656630595	0.0299974418	0.0032548169	0.0908090326	-0.0158502443	-0.083493844	0.0474161202	-0.0214413728	0.1227479217	0.0460692961	-0.1361621978	0.1314320189	0.0491745331	-0.039190618	-0.0271554938	0.0118701578	-0.0141987904	-0.0178629721	-0.0492568803	-0.0650642246	0.0072131679	0.1031119993	0.0711107705	0.0438105258	0.1652432733	-0.0325861132	-0.0092128191	-0.0256784822	0.064669406	-0.0364964262	0.0757457639	-0.0279963901	0.0617260405	0.0643162234	-0.0923237374	-0.1559676839	0.111787424	-0.0003482116	-0.0542521861	0.0762274297	-0.0956485628	-0.0564918755	0.0809138679	-0.0002514362	-0.126901034	0.087204866	0.0728858149	0.0070334446	0.014302988	-0.0389291423	0.0178450707	-0.0437885072	0.0216664435	-0.045187811	-0.0105356012	0.045458557	0.0297960143	-0.0249492336	-0.0199912257	0.0605710476	-0.0265297706	0.0543533939	-0.0215293564	-0.0256957307	-0.0228361458	0.0260091787	-0.0664992054	0.0252145723	-0.0500542176	-0.0469084045	-0.1452408148	-0.0105028377	0.0301871446	0.0309327806	0.0062061199	0.0615543437	0.1528211321	0.0054603283	-0.0518369501	-0.0284284088	-0.1335252213	-0.0569754067	0.0105669793	-0.1807682983	-0.0082159782	0.0139274285	-0.0175250886	-0.050674217	-0.0039367817	-0.0044709266	0.0217180207	-0.0715744617	-0.1064366888	0.0677914936	0.0275334661	0.0626780788	-0.0465431057	-0.057139677	0.0361531736	-0.0046775408	-0.0577231598	-0.0057511159	0.0553571886	-0.0174600077	-0.0230793044	0.0428696035	0.0207536665	0.0925544494	0.0146526916	0.1287628955	-0.0278101465	-0.1140023988	-0.0641975795	0.1362586953	0.0825085055	0.0349984249	-0.0663951637	-0.0413908909	0.0045724318	-0.1192190259	-0.0383806955	0.1369490832	-0.1403267782	0.000744453	-0.1135754776	-0.0426508252	-0.002195995	-0.005819783	0.032105059	-0.0233336611	0.0503355583	-0.0014450436	-0.0936500066	0.0269130833	-0.0067598889	-0.0792414611	-0.0852125277	0.0135454152	-0.0618441807	-0.10100921	0.032566314	0.0699846354	-0.0093785167	0.0419982772	-0.1056003626	-0.0179953378	-0.0020967437	0.0417061693	0.066541399	-0.0548648915	0.0373393581	0.0881766985	0.0785114412	0.0631796814	0.0432879769	0.0202719962	-0.0042071001	0.0	-0.0076744293803869	-0.0099757351382833	9.951529154918016e-05	5.889686631454565e-05	-0.0254327715104523	-0.0290770426654488	0.0008454744101683	0.0006468258667028	-0.00040141963769	9.435576702540002e-05	1.6113772552317088e-07	8.903010770951566e-09	0.0004545417017015	0.0004566644641247	2.0660815858569545e-07	2.0854243279430562e-07	0.0001418657616563	0.0007948655581488	6.318112555312034e-07	2.0125894330322124e-08	-0.0005920321477567	-0.0002160312594993	3.505020639774111e-07	4.666950508085391e-08
373.8887536471586	0.2575074615324979	139792.80010382563	0.0663100927449109	369.70769473414896	1.046194003366054	1.094521892679091	136683.77954563868	252.8210289537414	-0.2039134167442853	63918.47268122855	0.0415806815283285	265.9546021612101	416.1918566600631	0.998941	27.776115	0.1193933279671734	0.0642677623241914	-0.0032978662	-0.0057203096	0.0019028905	-0.0632246848	0.1037493028	0.0534449685	0.0298767266	0.0527771141	-0.0731776206	-0.1735725023	0.0266240341	0.050437282	-0.1267216352	0.007056128	-0.0866649387	0.0986832075	0.0845209998	-0.0176551192	-0.071883396	-0.017934769	-0.0093437515	0.0172080774	-0.0351939235	0.0874947254	-0.1467954428	0.0373311011	-0.0177437313	-5.33428e-05	0.0238009766	0.0633361286	-0.0412536483	-0.0275825149	-0.1128971015	-0.0689901557	0.0190799619	0.0207416105	0.0165701262	-0.0577901726	0.1363925115	0.1083379844	-0.0525789488	0.0385331322	0.0312292548	0.091837811	0.0162211742	-0.1231780411	-0.0774192192	-0.0521835144	-0.0778292758	-0.0787343266	0.0561883171	-0.1057778084	0.0558642004	-0.0747268945	0.1260602511	-0.2294757075	0.082563467	-0.0333727376	-0.0459549241	0.0719443945	-0.0827290641	-0.1530429383	0.0242871557	0.0639211896	0.0937286691	0.0730233877	-0.0227211032	-0.08373447	0.0111025069	0.031492915	0.0466527099	-0.0884381343	0.1502498988	-0.0252728562	0.0008890911	-0.1519165171	-0.0972633306	-0.0501859	0.0494755402	0.0442585779	0.0759124446	-0.0803496049	0.0027070685	0.0681357486	-0.0551731976	0.0122126565	0.0011878125	-0.0683522358	-0.0902106606	-0.0406821001	-0.1076365259	-0.0399976755	-0.0563896626	0.1036394827	0.0500724528	-0.0076833128	0.0206719595	-0.1041078245	0.0830802428	-0.0697042819	-0.057930622	0.0553436438	0.0205771821	-0.113387498	-0.0365222548	0.0829937902	0.111547054	-0.0780491083	0.0792466981	0.0036602856	0.0369075145	-0.0773702325	0.0736302223	0.0630876916	0.1727566334	0.007816867	-0.0970722862	-0.0740710267	0.1034325443	-0.0895712936	0.1234968549	-0.1038800925	-0.1287687617	0.025416107	0.0224735898	0.1117522993	0.036007043	0.019509368	-0.0811182094	0.0289185377	-0.0868182271	0.0064106046	-0.0172048835	-0.0331512038	0.0190056734	0.0014984433	-0.1631140577	-0.0392450403	-0.1198179368	0.0429497808	0.0795429154	-0.013403031	-0.0077359396	-0.0288024706	0.1266303643	0.0256493864	0.0623328159	-0.0646936189	-0.0994648257	0.0222905661	0.1214827041	0.0094575219	-0.0736960774	0.1152283068	-0.228538706	0.0667137076	-0.1290583129	-0.0529315673	0.0627566836	-0.0244015045	-0.0535044183	-0.0566691003	0.157476452	-0.0511782618	-0.0429396585	0.0133258205	0.0100973119	0.0443105429	0.1601487756	0.0315517314	0.042761047	0.0725410192	-0.0186717047	-0.1229967689	-0.0265987965	0.0226998618	-0.0402101695	0.0496379263	0.0575909664	-0.0765435715	0.0098357405	0.0538268663	0.0344288749	-0.0732223844	-0.0277077051	-0.1045472886	-0.0334743776	-0.0599705433	0.0332770456	0.0826427318	0.0445628274	0.0691416873	0.0473130946	-0.0458314029	0.1037847581	-0.0694031618	0.0774179764	0.0515288543	0.0878489756	0.0772502043	0.0605224558	0.0389928981	0.0143696711	-0.0113936355	0.0	-0.0247178377283887	-0.0170434083480018	0.0002904777681167	0.0006109715019669	-0.0121983225747044	0.0132344489357478	0.0001751506386329	0.0001487990736365	-0.0004003448209601	1.074816729900016e-06	1.6027597566957453e-07	1.155231002872964e-12	-0.0005720020380819	-0.0010265437397833	3.271863315698474e-07	1.0537920496884883e-06	0.0002879953932946	0.0001461296316382	2.1353869242745245e-08	8.294134655891134e-08	1.7582398155476127e-05	0.0006096145459121	3.0914072489769027e-10	3.716298945877088e-07
373.995443694749	0.1066900475904049	139872.59190443216	0.0113827662548428	368.6726490030508	-1.035045731098137	1.0713196654644768	135919.52212292672	253.03966281827817	0.2186338645367698	64029.07095918791	0.0478007667222826	266.00926195466525	416.41226555500975	0.929526	25.846003	0.1949999328015189	0.0903442461525445	0.0208167019	0.0220848076	0.0348600412	-0.0655748499	0.0687463132	0.0313191396	0.0567067636	0.0157548718	-0.0592738251	-0.0669383535	-0.0181622257	0.0346388797	-0.0882360172	0.0574902069	-0.0446294044	0.050616991	0.0947929139	0.0528266267	0.031896232	-0.0623040733	-0.090235676	-0.0020552347	-0.0428084656	0.0847120908	-0.1010934762	0.0928256102	0.0842398982	0.0504000285	0.0603373504	0.0423089885	-0.0318107256	-0.0472965933	-0.004145239	0.0609779416	0.0708669379	0.038130802	0.0673834915	0.0258275961	-9.99529e-05	0.0276970304	-0.0738829732	-0.0251005354	-0.1033691856	0.0132091406	-0.0086340556	-0.077996488	-0.0353809966	-0.1612801128	-0.0348139646	-0.1471425713	0.0078207073	0.0462743633	0.0151510092	-0.1046288981	-0.0882574081	-0.0383898655	0.0133507914	0.0446475061	0.0985341697	-0.0183390199	0.0826872276	0.0048230317	0.020809736	-0.0498758601	0.0372217023	0.0590457642	-0.0603273395	-0.0013141489	0.0660785158	0.0221861088	-0.0782594721	-0.0431325821	-0.0521061831	0.0247127861	0.0635946521	-0.0481869497	-0.0411740618	0.0166192576	-0.2022824411	-0.1416764183	0.1144170312	-0.0032564439	0.0614527066	-0.0594079836	-0.0669955543	-0.0429128141	0.0818713457	-0.0136529135	-0.0203727205	-0.0460731538	0.0592119663	-0.0111549458	-0.0190503333	-0.0669978789	-0.0075550718	-0.0046237453	-0.066764594	0.1710971451	0.0350307038	0.0499630606	-0.0029026579	0.0353724739	0.0132139015	-0.097004215	-0.0070657529	0.0241693924	0.1326291429	-0.0863632818	0.0411346193	0.0013537455	0.0300444516	0.0002339431	0.0451336118	0.012402551	0.1569803491	-0.0482575396	-0.0668211672	-0.0074284134	0.0148269454	-0.031488159	0.0149951142	-0.0743974658	-0.0290430979	0.065637044	0.0636276308	0.0212677078	0.0075821966	-0.0825001971	0.0943506926	0.108989156	0.1324126654	-0.0108811697	-0.0466436944	0.0127609069	-0.066274773	-0.0015586386	-0.01153877	0.0655436278	-0.0387658141	0.0942238391	-0.0276555319	-0.1271906211	0.0028890705	0.053106779	-0.1312510211	-0.1238826897	0.0490048291	0.0027746333	0.0236150254	-0.0106190726	0.1343753021	-0.0362752427	-0.0312423193	0.0222102049	-0.0356907068	-0.0994053786	0.0516765264	-0.0969121011	0.0580372105	-0.007152478	0.0447124386	-0.0005486696	0.0384452956	0.085983508	0.1550562473	0.0127615785	0.0084422249	-0.0288160203	0.0600094926	-0.0920564482	-0.0717074461	0.0586304096	-0.0927989957	0.0333873012	0.0031629777	0.0278458056	-0.0708290006	-0.0295695219	0.0086579564	-0.1121234899	0.0043137389	0.032219984	-0.0102247905	0.0013578214	0.0381128517	-0.0770797547	-0.0630731265	-0.0339976142	0.014995278	0.0157203294	-0.0449208684	-0.074052987	0.067449631	-0.0650091538	-0.065911038	-0.035525966	0.0256236625	0.0088301709	0.0875060741	0.07593558	0.0577711266	0.0345900464	0.008405297	-0.0185093366	0.0	-0.0115239699154301	0.0131938678129586	0.0001740781478658	0.0001328018826117	-0.0465452097584204	-0.034346887183716	0.0011797086592109	0.0021664565514553	-0.0446247462057982	-0.044224401384838	0.0019913679739319	0.0019557976778472	0.0005799810677008	0.0011519831057827	3.363780388913599e-07	1.3270650760087553e-06	-7.115543515134881e-05	-0.0003591508284459	1.2898931757341134e-07	5.063095951577806e-09	-0.000535979196016	-0.0005535615941714	2.8727369856195773e-07	3.06430438541666e-07
374.0062582877152	0.0108145929661986	139880.68123837712	0.0001169554210245	368.9501829610761	0.2775339580252876	0.077025097857182	136124.23750701154	253.1411457692296	0.1014829509514356	64080.43968135835	0.0102987893338114	266.1627860264396	416.2690505139669	0.881309	24.505299	0.1144460951928188	0.0602717067311961	0.0032568203	-0.0167264222	0.035905085	-0.0991532739	0.0746384195	0.0104352608	0.0430382797	0.0101312885	-0.0225551676	-0.0097913401	-0.0943473946	-0.0858925147	-0.0680009205	-0.0205350032	-0.063771599	0.0354318407	0.1456013658	0.0649231253	0.0787809843	-0.0868462465	-0.0894270561	-0.0474678217	-0.0658379695	0.0361157523	-0.0753228666	0.0139685412	0.0692169145	0.084042552	0.0479809087	0.0032960495	-0.0131619953	0.0105541749	-0.0027827617	-0.1351435889	-0.0326151885	0.0403040067	0.0760790207	0.0074335132	0.0185455621	0.0885049282	-0.0872936142	-0.0211910963	0.0522681181	-0.1488550173	-0.0660718922	0.0994784696	-0.0199161705	-0.0542907236	0.061566147	-0.0688114183	-0.0085322118	0.0951232143	0.0330047952	0.1764438848	0.0882432049	0.0506604342	-0.0855849505	-0.1360794421	-0.0308684874	-0.0349526235	0.0245002781	0.1477263626	0.0318518889	0.0492608386	-0.0225423791	-0.0171049898	-0.031052586	-0.1029741617	0.1169412043	-0.0523364753	0.1104919115	0.0084399838	0.0019793025	-0.0195201164	0.0201767764	0.0672198947	0.1140158625	0.0271420175	-0.0346946499	-0.0801097372	0.0236579971	0.0382614004	0.0809966758	-0.1069086161	0.0284811875	0.0001528348	0.1042566031	-0.0211162235	0.0730338622	-0.0272013055	-0.0140801716	-0.0165482244	0.1062765593	0.0417359597	-0.0583395906	-0.0598695512	-0.0162267246	-0.0600908606	0.057207504	-0.0858515814	0.0043776867	0.067983725	-0.0323237628	-0.0860110175	0.0690476782	-0.0689642129	0.0373321371	0.0370262069	0.0770987925	-0.0067563704	0.0079437509	0.0286352841	-0.0010381128	0.0601297352	0.1630545277	-0.1025909415	-0.0390835776	0.0108386222	-0.056476667	0.0310975567	-0.0788017827	0.0711416214	0.0849711744	-0.0140571161	0.0178521672	-0.0820827924	0.0797567065	0.0440999325	-0.0043456731	0.1129295617	-0.051542969	-0.0180093785	-0.0930288536	-0.0249068257	0.0750146432	0.1225485105	-0.008215493	0.0202983353	0.0766830261	0.0307522328	-0.11035492	0.0768049713	0.1099116264	0.0061661123	0.0166398484	-0.1189552778	0.0080797188	0.1599620551	-0.0485386497	-0.0942594868	-0.1975682662	0.0068779421	0.0865107802	0.129607365	0.0025071644	-0.1733415997	-0.1061997055	-0.0655612014	-0.0953604715	0.0546582657	0.0144345979	0.0070932571	0.0711894958	0.0279390204	0.0617271858	0.0665671206	-0.0359221125	0.0603157702	-0.0614278875	-0.0124507444	0.0442161713	0.0358539952	0.036788597	0.0091938467	-0.0216356074	0.0193532677	-0.066862145	-0.00341823	0.061924882	-0.0851097851	-0.0040988732	0.0050284783	0.0903947148	-0.069571676	0.0474736624	-0.0324113585	0.03225638	-0.1044027366	0.0419346225	0.0663613604	-0.1062959672	0.0199967585	0.0198169905	-0.0585769512	0.0415428104	-0.024583993	-0.0040234939	0.0178240725	0.0871480531	0.0745684769	0.0549299716	0.0300915909	0.0024046285	-0.025509965	0.0	-0.0168094867172499	-0.0052855168018198	2.793668786231941e-05	0.0002825588436974	-0.0186449679176661	0.0279002418407543	0.0007784234947725	0.0003476348286507	-0.0448287144268562	-0.000203968221058	0.0020096136371646	4.1603035201566816e-08	-4.201559912648615e-05	-0.0006219966668272	1.7653105699575839e-09	3.868798535442539e-07	0.0001109940101691	0.0001821494453204	3.3178420430547174e-08	1.2319670293418276e-08	0.00028100205842	0.000816981254436	7.896215683627708e-08	6.674583700998201e-07
374.3038984332271	0.2976401455119344	140103.4083823116	0.0885896562203654	369.0682103188751	0.1180273577990078	0.013930457189015	136211.34386797744	253.2293916654981	0.0882458962684893	64125.12480327824	0.0077873382082289	266.4533736364721	418.0089978302561	0.938105	26.084543	0.1228987150465734	0.0659749672047768	-0.0035083955	0.0257721565	0.0418698745	-0.0878735611	0.0588987194	0.1130226775	0.0115938101	0.0351871722	-0.0753048337	0.0480510635	0.1171123913	0.0548531498	-0.1117955411	-0.0016769221	-0.0995790546	0.0570142787	-0.0116112541	0.0792084505	0.0259795839	0.0324794689	-0.0742638632	-0.0084905701	0.0074645525	0.1196687575	-0.1197823005	0.0934514229	0.0049374769	-0.0277998606	-0.0066923099	0.054572528	0.0327185689	0.0305117822	-0.025906713	0.0101126464	0.0468877843	0.0535516474	-0.0406851275	0.0541753006	-0.0476014892	-0.051759389	-0.168224155	-0.0253767222	0.0743202587	0.0690545767	-0.0399709561	0.0405636098	-0.0053091678	-0.0148524794	-0.105500783	0.0349758542	-0.0320828525	-0.0958434753	-0.0342470625	-0.0776942218	-0.1189389573	0.0719428753	0.0198326638	0.1027740474	0.028921954	-0.1699393728	0.0281384911	-0.0489323418	-0.1105970249	0.0333382432	-0.0001415116	0.0982119743	-0.0413292216	-0.0077372735	0.0010519175	-0.0309533914	0.0167969738	-0.0568603135	0.0157733874	-0.018655839	-0.0993043867	0.1131266936	-0.0224713024	0.0196256417	-0.040947339	0.0339520182	-0.0135064976	0.1210023514	-0.0881219789	0.0042712093	-0.0291377792	-0.111667369	0.0125693948	0.1306982682	0.0066471769	-0.0593089124	0.0110956893	-0.0300651403	-0.036205359	-0.097874855	0.013519691	-0.0192688225	-0.0209445785	-0.1339033413	-0.014299555	0.0402063421	0.0205159114	0.0186297884	0.0932855604	-0.0237442546	0.0293830348	0.0898391347	0.1365627235	-0.0937441793	-0.0179545847	-0.0013470548	0.0160537252	0.025841855	0.049360231	-0.0720140139	0.0712751398	0.0546451798	-0.0297090957	-0.0200762834	0.0951409624	-0.1071385172	0.1291610952	-0.0883983137	0.1065859111	-0.0222073591	0.0392827887	0.0210585884	-0.0324313019	-0.0090657524	-0.0277274	0.009046792	-0.0072114406	-0.0421266481	0.0664584392	-0.0896883424	0.061046124	0.0088085401	0.0511805376	0.0421255892	0.0431559974	-0.0618909249	0.152957233	-0.0055070735	-0.0101242851	0.0512922822	-0.0841376082	-0.0778537914	-0.0486275196	-0.0241444981	0.0196129656	0.0134790369	0.0472717356	0.0085056844	0.0680472802	-0.0235124722	-0.0088549562	0.0318502371	0.1213671304	0.0290744987	0.0201298026	-0.0749644068	-0.1806810944	0.1060005853	0.0221419982	-0.0387961676	0.0971667003	-0.0275912116	0.0743762308	0.0073102545	-0.1210730513	0.081508606	0.0346847779	-0.0574637319	0.1149494187	0.0355623163	0.0092053437	0.0107671042	-0.0864996683	-0.0740228435	0.0143773987	-0.0881527909	-0.0019490091	0.081189214	-0.0330571465	0.0120095955	0.0123755896	-0.0856447767	-0.1050450386	-0.0486354232	-0.0094173746	0.0023384484	-0.0313199155	-0.0436814412	0.0194924092	-0.0445491228	-0.0612448281	-0.0596780417	0.0668132085	0.0569490335	0.0867749746	0.0731498398	0.0520034083	0.025509965	-0.0036064234	-0.0323519979	0.0	-0.0078239511339717	0.0089855355832782	8.073984971835872e-05	6.121421134677703e-05	-0.058340347374937	-0.0396953794572709	0.0015757231502567	0.0034035961318283	-0.0539109012379412	-0.0090821868110849	0.002906385272287	8.248611727144627e-05	0.0009229774725567	0.0009649930716831	8.518874148471539e-07	9.312116283965508e-07	0.0003130670289537	0.0002020730187846	4.0833504920721314e-08	9.801096461789684e-08	0.000145355884989	-0.0001356461734309	2.11283333009354e-08	1.839988436647293e-08
373.9418197969349	-0.3620786362922104	139832.48459304334	0.1311009388592267	369.30301254545634	0.2348022265812233	0.0551320856075001	136384.7150751495	253.58156459193583	0.3521729264377313	64303.60990089413	0.1240257701157157	266.71780549089044	415.323387696349	0.992019	27.583639	0.0804657390997915	0.0472569436254806	0.0314681786	0.0014278812	0.052262976	-0.0886285043	0.0449105257	0.0253561112	0.0323482625	0.0209407049	-0.0240701021	0.0606223726	-0.1280311417	-0.1543958831	-0.0022772944	-0.0419512571	-0.0924663388	0.0784589351	0.1721791803	-0.0080211688	0.1113132691	-0.0802448155	-0.0953619286	-0.0849958896	-0.0317282304	-0.0439572381	-0.0148315987	0.061877974	0.0258121388	-0.0275136902	-0.108177587	-0.0685582236	-0.0023656684	-0.078606197	-0.0903461046	-0.1416312086	-0.0656864412	0.0334127766	0.0912198301	-0.0102182874	0.0013818958	0.071965343	-0.0711764579	0.0118517104	0.0189510379	0.124190309	0.0047835805	-0.1422581103	0.0107498181	0.0519339423	0.0213432455	0.0224566022	-0.0241728186	-0.0137444837	-0.1864159244	0.060214355	0.0699545145	-0.0686857116	-0.0047634594	-0.0908519228	-0.0238609423	0.1585011044	-0.0486489273	-0.0243625262	0.005949654	-0.0150189548	-0.036211272	0.0050097442	0.03213779	0.0259739011	-0.0673433617	-0.0083456126	-0.1305676384	0.0169068051	-0.0610761599	-0.0589875905	-0.0305163337	-0.040473425	0.0540840046	0.0329790802	-0.0570348098	0.0288544981	0.0105723984	0.0570907315	-0.0517171878	-0.0047623126	0.1106016618	-0.0478778656	-0.0375345423	-0.0781303484	0.0111209296	0.078122788	-0.0841615788	-0.0649242177	0.0089433976	-0.0187066148	-0.0797820572	-0.0582731228	-0.1574848373	0.0590569077	0.0005359892	0.0197382405	0.0287887758	0.0760609539	-0.0264446445	0.0501130406	0.0315438268	-0.1497096806	-0.041173776	0.0437407106	0.0469459125	0.0182029795	0.0551252542	0.1213921238	0.0386220714	0.0667367745	0.1473248128	-0.0092146774	0.0428165103	-0.0894720375	-0.0221179237	0.0775654886	-0.0406569195	-0.0773934425	-0.0062367562	-0.0875909471	-0.0590163561	-0.0043256047	0.0588216601	0.0980084874	-0.0402012966	0.0673284983	0.0255166872	0.1008698253	-0.0573277811	-0.0890387497	0.0772537996	-0.0684711089	0.0492734511	-0.1979302715	0.0692953678	-0.0286618405	0.0179680291	-0.0293458545	-0.0012491126	-0.0458250754	0.0811538941	0.0070461986	0.1228006621	-0.0046497743	-0.0255692742	0.1287487927	0.0211301003	-0.0271371497	-0.0310975377	-0.0578867412	-0.0367207742	0.1283086044	-0.0662667767	0.0431640847	-0.0715746338	-0.1185061719	-0.1051209432	-0.0576022132	-0.0397983368	0.0068550717	-0.0508849399	-0.1083389446	0.0414571175	0.1186728873	-0.0109540935	-0.0718034526	-0.0098297073	-0.0158001885	0.0794188715	0.1355822075	-0.0186559018	0.0307530158	-0.0817324724	-0.0373101399	0.0599885833	-0.033522619	-0.0102538359	-0.0348778072	0.0662344652	-0.0708001703	0.0726318098	0.0344700157	0.0072024479	-0.079429878	0.0219222204	-0.003551602	-0.0672688068	-0.0253947626	-0.0951724213	-0.0187752429	0.0448518836	-0.0262647591	-0.0485618805	-0.0316785101	0.0863869029	0.071680649	0.0489959873	0.0208578319	-0.0096019025	-0.0389928981	0.0	-0.0077687969692874	5.515416468429915e-05	3.0419818820227916e-09	6.035420635000909e-05	-0.0168610777134858	0.0414792696614512	0.0017205298116473	0.0002842959416602	-0.0446353568344051	0.009275544403536	0.0019923150797346	8.60357239819698e-05	0.0006009334236538	-0.0003220440489029	3.611209796642775e-07	1.0371236943377347e-07	0.0003746068812231	6.153985226940001e-05	3.787153417339578e-09	1.4033031545969777e-07	0.0003548874012191	0.0002095315162301	1.259450675440465e-07	4.3903456293684666e-08
373.4899254032916	-0.4518943936433288	139494.7243777563	0.2042085430062718	366.6832972182642	-2.619715327192125	6.862908395525343	134456.6404588579	253.37750147590955	-0.2040631160262762	64200.15825417455	0.0416417553223534	266.3930715509956	413.7425543112487	0.926884	25.772532	0.1519589186759811	0.067947532689988	0.0099974148	0.0005454709	0.0720444986	-0.0622206976	-0.0233830536	0.0206639201	0.0718497098	0.0021091907	0.0253248086	0.1071453552	-0.0864035813	0.0247591187	-0.0299844764	0.0256899092	-0.0762267922	0.0656687174	-0.0031779722	0.0256787847	0.0499903453	-0.0207211731	-0.0788169395	-0.0815889554	-0.0160100744	0.0417167824	0.058771542	0.0491068447	-0.0289747707	0.0618377129	0.0199166045	-0.0233117043	0.0384190969	-0.1635190531	-0.0984993032	-0.1072410605	-0.0281290514	-0.138595046	-0.1230903168	0.0782345929	-0.0050170908	-0.0771372063	0.1348762938	-0.0099337671	-0.0877750273	0.0500727135	-0.0172533857	0.0329384112	-0.0762171041	-0.0323957545	0.1110831907	0.0226605556	-0.0860230811	-0.0495170589	0.0542983499	0.1091109313	-0.0791463939	0.0713154284	-0.0724251543	-0.1383957766	-0.0446242965	0.0293591198	-0.0150096868	0.0820402417	-0.0559097493	0.0345982093	-0.0092685239	0.1229607428	-0.0928041627	0.1159780687	-0.0578694431	-0.0248182773	-0.156778121	-0.0566761256	-0.0466578775	0.0450947011	-0.0374157508	-0.0246875002	-0.1027873027	-0.1127939463	0.0663904261	0.0337261047	-0.069387257	0.0470898926	-0.0320750762	-0.0624621911	0.0123092381	-0.0742706976	-0.0501769659	0.0589650504	-0.005249805	-0.0571174554	0.0047534865	0.0241660142	0.0397876176	-0.0709032062	-0.0409301661	0.1163671016	0.0536125568	0.0487382966	0.0739619915	0.0496891896	0.0868406175	0.0407148059	-0.0114535588	0.0840802513	0.0575102199	-0.0845230282	-0.0062559762	-0.0515155499	-0.0766868434	0.0335878471	0.0711737788	0.0387529311	0.0571875442	-0.018822442	0.04540886	-0.1164259793	-0.047828842	0.0133096843	0.1432017502	0.167296905	0.0600182579	0.0453101942	0.0188477589	-0.0048424984	-0.1798166298	-0.0517277101	0.0228062873	-0.0736870694	-0.1149444336	0.0042897402	-0.0011151312	0.0545811701	-0.0184528432	0.1140075083	-0.1380255196	-0.0432654602	0.172126991	-0.0446660124	-0.0544645125	0.0721976039	-0.1495906601	-0.0638337994	0.0713608973	0.0382353245	0.0039209368	-0.0355343426	-0.0767326514	0.0445595013	-0.0102031898	-0.0349025395	-0.0127822812	-0.066881458	0.030432424	-0.0556597648	0.0176804755	0.0710081108	0.0950175737	0.0994449698	0.0961408195	0.0624690956	-0.0739285889	-0.0644645104	-0.0986175213	0.0256532603	0.0696127682	-0.1451340901	0.0094480462	-0.0825393326	0.0448921293	0.0719720536	0.0038781758	0.0891066512	0.0993209544	0.0494161088	0.0102542381	0.0189183871	-0.0828691422	-0.0972461306	-0.0273119163	-0.0234569879	-0.0438983458	-0.0586373814	-0.020216139	-0.0532494955	0.0153878724	0.1128374902	-0.0581360299	-0.0702798966	0.0343373323	-0.0543960835	-0.0272872513	-0.0689283159	-0.1265817122	0.0070582073	0.0037796047	-0.0472081733	0.0846460017	0.0737132576	0.0859839051	0.07016192	0.0459123846	0.0161480496	-0.0155559202	-0.0453913792	0.0	0.0071124659633881	0.0148812629326755	0.0002214519864714	5.058717208035422e-05	-0.0509909356768787	-0.0341298579633929	0.0011648472046013	0.0026000755212035	-0.0829771001217878	-0.0383417432873827	0.0068851991446211	0.0014700892783155	0.0007509840126268	0.000150050588973	5.639769872210497e-07	2.25151792511442e-08	-0.0001046155598409	-0.000479222441064	2.29654148019339e-07	1.0944415360824928e-08	-0.0003079606585945	-0.0006628480598136	9.483976724195817e-08	4.393675503986538e-07
373.9222298651917	0.4323044619001166	139817.83398735727	0.1868871477787493	366.6422294363037	-0.0410677819605211	0.0016865627151569	134426.52440602315	253.02348665363533	-0.3540148222742232	64020.88479836238	0.1253264943898498	265.7795356889814	415.6820558884278	0.9339	25.967613	0.1518300118933311	0.0751749997908498	-0.0044901265	-0.0199297296	0.0641426438	-0.0908458002	-0.0026031743	0.0422117449	-0.0273193805	0.0539614784	0.0412009968	0.0239091571	-0.0716479168	-0.0351872128	0.0055436629	-0.0081073332	-0.056493129	-0.0547446269	0.0362431691	0.0208460092	0.0181669964	0.0181150679	-0.0865194831	-0.0259965944	-0.0502217478	0.0325679389	-0.0548834354	0.0313398904	0.0357931007	0.0086134597	0.0040487143	-0.0404677186	0.0335444897	0.0277889109	-0.0185843742	-0.0073732039	-0.0971967037	-0.1144091942	0.0644781171	0.0224316141	0.0621473968	-0.1312706813	0.0645174271	-0.0539215366	-0.1421725841	-0.1080380398	-0.0922265351	0.0282889287	-0.0145062382	0.0857678887	0.0750347789	0.0452643678	-0.112802636	-0.1765186245	0.1043382948	0.1702545322	0.0205117606	0.0054545733	-0.0315492022	-0.0015258196	0.0545500971	-0.0802570227	-0.0280681047	0.0315720576	0.0931193401	-0.0513411637	-0.0054343648	-0.0421854971	0.0539777095	0.1066351439	-0.0418058274	-0.0548655318	-0.0675348768	-0.0288294451	-0.0630723849	0.0140040572	0.003289143	-0.048897228	0.0261715451	-0.1197356076	0.0411407878	-0.0129635578	-0.0219700881	0.0666911805	-0.0436988506	0.0501694476	-0.0943193785	-0.020087682	-0.0302235845	-0.1743097406	0.0802036109	0.068087563	0.0083798145	-0.0403777778	-0.0225694444	0.0778664839	0.0056710263	0.0517725502	0.1372423346	-0.0242187489	0.1282354034	0.0712531147	-0.0458544929	0.0538143157	-0.0337943565	0.0029842628	0.0538330672	-0.0628630586	0.0128848495	0.0404931572	0.0332039107	-0.053850459	0.04212822	0.0627887886	-0.0103980577	-0.0468743749	0.0636260045	-0.098019196	0.0503824369	0.0354530293	-0.0042114263	0.0059221297	-0.0400076058	0.0001098829	0.0428433494	-0.0702267155	0.0494674569	-0.0753914589	0.0601792948	-0.0352223873	0.0476497449	-0.1505822066	-0.0931894761	0.1397467076	0.0473884009	0.1195791887	0.0255203629	-0.1028577116	-0.0539493154	-0.0564269725	0.0116391482	0.000909424	-0.1221936994	0.1404439229	-0.0278439307	-0.0671850545	-0.0215993197	-0.0688577612	-0.0996651305	0.0313164896	-0.0056940971	0.0368905994	-0.037550501	-0.0597066649	0.0274802181	-0.0352243061	-0.0101327092	-0.0681513039	0.0015662199	-0.0132084853	-0.1521253847	0.0310655583	-0.0770547795	-0.0747367772	-0.1243396307	0.0245174853	0.0763972734	0.0143703756	-0.0009266356	0.0492175761	-0.1220346895	0.0863511508	-0.1350391919	0.0552403551	-0.0772144312	-0.1502553805	-0.018103618	0.0085078054	-0.0773729572	-0.0544514234	0.0191731696	-0.0106668122	0.0243228072	-0.0183388112	0.104679479	-0.0947752942	0.01931897	0.099771964	0.0153279931	-0.0975366808	0.0484704164	0.0013538088	-0.0783877639	0.0293634331	-0.0876125428	-0.0042840898	0.0479194275	-0.1050631569	-0.0047896521	-0.0544317902	0.0855660509	0.0685947023	0.0427573947	0.0113936355	-0.0214427666	-0.0515076619	0.0	0.0138960263633407	0.0067835603999526	4.601669169980507e-05	0.0001930995486906	-0.0016524963866828	0.0493384392901959	0.0024342815915923	2.73074430799971e-06	-0.0694481602427501	0.0135289398790376	0.0048230469611026	0.0001830322142506	1.6981499745128803e-05	-0.0007340025128816	2.8837133359380956e-10	5.387596889166079e-07	9.10034736534282e-05	0.0001956190334943	3.8266806265255096e-08	8.281632216990202e-09	0.0004059992415124	0.0007139599001068	1.6483538410864412e-07	5.097387389606546e-07
374.27341722685054	0.3511873616588445	140080.59084266415	0.1233325629889001	368.5373370080348	1.8951075717311028	3.591432708432557	135819.76876897382	253.1127794990855	0.08929284545016	64066.07914575267	0.0079732122485861	266.3246472538989	418.2194558134274	0.964518	26.818953	0.1803183146732156	0.0947630195741868	-0.0186519437	0.0349712135	0.080592803	-0.0908651424	-0.0028952696	0.0856608084	0.0639287888	0.0463468293	-0.0549314655	0.022208828	-0.0086658313	0.0867301786	-0.1178005243	0.0849060257	-0.0656262525	-0.0445735377	-0.0281622962	0.085260889	0.0088133774	0.0183209711	0.0144350234	-0.0301603139	0.0090089614	0.061352396	-0.0399151725	0.0849193455	-0.1050876674	-0.0086291291	-0.0874866042	-0.0984766303	-0.0737098646	-0.0287945925	0.110477303	-0.0861195398	-0.013016807	-0.0373729348	0.0614925356	0.0365739799	-0.0345565503	-0.0375336003	-0.065178926	0.0172672284	0.0056367934	0.0649677358	0.0158508518	0.0751177307	0.0720194596	-0.0655041203	-0.075511834	-0.0310076485	-0.026773616	-0.0248250169	0.0861341388	0.0256861879	-0.0090243234	-0.0398259422	-0.0059848934	0.1037560199	0.0008073221	0.0890067235	-0.0256222294	0.0221113772	-0.1333310701	0.0247880963	-0.090567929	0.1518122517	-0.0937237448	0.0085558765	-0.0171716548	0.0123542078	0.0720863847	-0.0324125764	-0.1062330627	-0.0395765072	0.0488571703	0.0124264006	-0.0598057915	0.0855647814	-0.0355214545	0.0855862084	-0.0815905088	0.0683913428	0.1029798228	0.1244875113	-0.0548178273	-0.0186672361	-0.0472938549	0.0763308414	-0.1173491359	-0.0438332184	0.0177728171	0.0059185978	0.1013733044	0.0051977789	-0.0403727006	-0.078197286	0.1650205377	-0.1940508113	-0.0116891938	0.0085085084	0.051393321	0.0454151761	0.049006634	-0.0735068345	0.1440458189	0.0181499352	0.0523309166	-0.0845987852	-0.0574984715	-0.0275184693	-0.0048762759	0.0170396232	0.0192205622	-0.0943302174	0.0084755609	-0.0274741434	0.0221841354	0.0927283392	-0.0069151129	0.0202744465	0.0244836573	0.0204637333	0.0254567599	0.0112823335	-0.0395829475	-0.0146391319	0.1334946226	0.1552192716	0.0646505599	-0.019532727	0.0551028701	-0.1057776348	0.0652821751	0.0723261758	-0.0521337323	-0.0815325456	-0.0300276781	0.0223487962	0.0036273251	0.022648574	0.0408398634	-0.0058178856	-0.0312608965	0.0179371263	0.043279759	-0.0299421411	-0.030082943	-0.0034723787	-0.0993769955	-0.1001942025	0.0009997935	0.0447553077	-0.0658876024	-0.0553647614	0.0122496662	0.0768385185	0.0729595152	0.1024965518	-0.0258087371	-0.0679847618	-0.0344220154	0.0966199502	0.0907941345	0.0206153527	0.1317473	0.0532902125	-0.0202704855	-0.1169766083	0.1332420103	0.0449820554	0.2345948594	-0.0207331541	0.0466318718	-0.0842876225	0.0251251676	-0.0128797678	-0.1072474881	-0.131833675	-0.0675538346	-0.0462316317	-0.0275168303	0.0943475757	-0.0087715925	0.0160456503	0.0116940674	0.0391730384	-0.0213884177	-0.0302154226	-0.0002938134	-0.0152390376	-0.124637925	-0.0793835695	-0.0487881145	-0.0194202366	-0.0604339622	-0.0136395922	0.0962490877	0.0095524169	0.0851334125	0.0669800789	0.0395359232	0.0066077305	-0.0272370221	-0.057303721	0.0	0.028579595260453	0.0146835688971122	0.0002156071955562	0.0008167932652513	-0.0696116707644023	-0.0679591743777195	0.0046184493821012	0.0048457847066115	-0.0941738797150435	-0.0247257194722933	0.0088687196205834	0.0006113612034225	0.0010979994286078	0.0010810179288626	1.2056027452230552e-06	1.168599762522539e-06	3.8044465356268375e-05	-5.295900829715983e-05	2.804656559818643e-09	1.4473813442443047e-09	8.097914015042231e-05	-0.0003250201013619	6.557621139501739e-09	1.0563806628935026e-07
373.9134175863182	-0.3599996405323509	139811.24385108036	0.1295997411834218	367.46389386111207	-1.0734431469227277	1.1522801896753685	135029.71329157063	253.37002208804296	0.2572425889574674	64196.368092895376	0.0661737495735405	266.3285225554419	412.7816504585276	1.064789	29.607046	0.2393894117439688	0.1241265261197028	0.0513014564	-0.0044202184	0.0352063202	-0.071946944	0.0317950466	-0.0047052898	-0.0266765657	0.0454704659	0.0574234296	0.1106779309	-0.0137469	-0.0378604277	0.0414659132	-0.0661605613	-0.0575836313	0.1513667494	0.024839375	-0.0737149761	-0.0149209114	0.0006748179	-0.0626087092	-0.0750350121	-0.0324490052	0.0040467653	0.0478467712	0.0137050937	0.0119221654	-0.0214917781	0.0677791136	-0.2200921502	0.1431741299	-0.1041493167	0.0626113055	0.0136040762	0.0006636555	0.0642929921	0.1193537002	-0.0014904705	-0.0001610164	0.051240979	0.0350161032	-0.0146626963	-0.1499231828	-0.1048295065	0.0059876264	-0.0227264093	-0.0054010766	0.0798836113	-0.019263624	-0.0512516208	-0.0211571279	0.0239801155	0.0172498637	0.0133588945	0.1008325692	-0.0902449258	0.0602334772	-0.0476085442	0.0236218461	0.0712252522	-0.0091717981	0.032102767	-0.0383347923	0.1718938446	0.0437580334	-0.0680816704	-0.0178396016	0.0782376255	-0.057317694	-0.013161577	-0.1148107507	0.0203997403	0.0219432429	-0.0590672534	-0.0032036027	0.0922135162	0.0552002978	-0.0587221111	0.0401062319	-0.0613942346	-0.0585059615	0.0474766787	0.0013537476	-0.0666049811	0.0439382554	0.0378947947	0.0177984858	0.0004942409	-0.1483393065	0.0959058378	0.1005008028	0.0401634698	-0.0691701618	-0.0249312006	0.044652879	-0.0100480334	-0.022378672	-0.0470889033	-0.1523558071	0.0677274964	-0.0088106833	0.0456928553	-0.0261308166	0.1609528677	-0.0058691994	-0.0414971641	0.0059815875	0.0172813861	-0.0026197218	0.0322362322	0.1098987468	0.0108716405	0.0464479367	0.0169439365	0.0864176973	-0.0459319042	0.1352253491	0.0438008451	-0.0111085676	0.1362804459	-0.0790499021	-0.018087246	-0.0508616529	-0.0141954026	-0.111443086	0.1194140939	-0.0198514273	0.017254091	0.1949595472	-0.1052416881	-0.0356915031	-0.1045494636	0.0112476197	0.1020383968	-0.0237159173	-0.036951045	0.0117489891	-0.0148247338	-0.0252067417	0.0284245657	-0.0395588975	0.0109773406	-0.0425644459	0.0048487935	-0.0515581237	-0.0600849494	0.0407678383	0.0694749212	-0.0936910724	0.1087226566	-0.125094107	-0.0232182899	-0.0136882516	0.1011073481	0.0127760959	0.0318828231	0.0026867291	0.0159224585	-0.0263512604	-0.0181780566	-0.0843901121	0.0355169895	0.0452445275	0.0211868129	-0.066873627	-0.0605408567	0.040282251	0.0535323184	0.1308716424	0.0593677339	0.0362265542	0.0703960551	-0.0324746915	0.1050683845	-0.023174086	0.0428034052	-0.0649715325	-0.0219016273	-0.0072439656	0.0048100099	0.0253689012	-0.0737928383	0.0506014799	-0.1245921242	-0.0258890888	0.1285195421	0.0367082979	-0.1262932223	0.0341792492	0.0103120384	0.0738932217	0.015730241	-0.1087434187	0.0040991245	0.1344410738	-0.0551027867	0.1410635122	0.0038594849	0.0846860645	0.0653191659	0.0362529791	0.0018035623	-0.0329136668	-0.0627435226	0.0	0.0043170215620875	-0.0242625736983655	0.0005886724824686	1.8636675167528394e-05	0.0259914696626708	0.0956031404270731	0.0091399604595186	0.0006755564952255	-0.0350059391153578	0.0591679405996857	0.0012254157733481	0.0035008451948079	0.0004459774668437	-0.0006520219617641	1.9889590093232357e-07	4.251326386227055e-07	7.513335652498121e-05	3.7088891168712834e-05	1.375585848124625e-09	5.6450212627099366e-09	0.0005989834275945	0.000518004287444	3.587811465328557e-07	2.683284418104467e-07
373.4423812963177	-0.4710362900004838	139459.21214826434	0.2218751864974199	366.0045001720224	-1.4593936890896655	2.129829939754744	133959.29414617195	253.1358235296139	-0.2341985584290569	64077.74515401583	0.0548489647702483	266.0823839088933	410.39017657405066	0.967583	26.904182	0.1771559482683043	0.0885647088969479	0.030059199	0.0230163005	0.0621144165	-0.0326975775	-0.0407952645	0.0470451667	0.0609143976	0.0106295044	0.0469262481	0.0718914138	-0.0595073454	0.0566871355	-0.0308043331	0.0650493699	-0.0759823357	0.0964794399	-0.0781516788	0.0334591621	-0.0231097165	-0.0760457269	-0.0171714987	-0.0674691372	-0.0355494527	0.0148527517	0.0190536319	0.0385101385	-0.1672223837	0.0323942839	0.0738347618	-0.0066170681	-0.0093832654	0.0286239655	0.0619060639	0.0105741086	0.0866092771	0.0966106737	-0.0394455541	0.1106160894	0.0019260954	-0.0506892664	0.0153962287	0.0969388204	0.0012549805	0.0077174737	-0.0509573225	-0.0538800922	-0.0047157642	0.0136422487	0.0162743536	0.1909503626	-0.0107869462	0.0536553851	0.1065774377	-0.1739611478	0.0677719558	0.0637994569	0.0953234294	0.1358280326	-0.2019423875	0.0461889832	-0.1386218106	-0.0898124094	0.1067172443	-0.0682068403	0.0766204209	0.0399804616	0.0541329626	-0.1085540858	-0.1175408869	0.0616001097	-0.0064818807	0.0883776372	0.021818205	-0.0045096552	0.0708751883	0.0659982159	0.0413115786	-0.0891349933	-0.0028150684	-0.0060879956	0.0114815	0.1129628816	0.0418656419	-0.0034114712	0.0337154913	0.0675904729	0.1190647117	-0.0038757251	-0.0155147662	0.0570342802	-0.038161868	-0.0109286301	-0.0113270417	-0.0388837974	0.0397223779	-0.0432368263	-0.0117810367	-0.0097620138	0.0391242308	0.0696107802	0.057427673	0.0222810479	-0.0364840817	0.1008695301	0.0492497176	0.0267088607	0.0345400355	-0.049288608	-0.1126199761	0.0055431692	0.139267038	-0.0594057614	0.0858157022	-0.1154798062	0.0329823069	-0.04993256	-0.016498293	0.0033756796	-0.061292933	-0.0464393133	-0.0113600547	-0.1456974888	0.0039401126	0.0295987591	-0.0882692419	0.0575823816	-0.0489186718	0.0758482696	-0.1170510884	-0.1967780422	-0.0318428285	-0.0444516135	0.055272544	0.0577906513	-0.0975504895	0.002870532	-0.0561738886	0.1063747898	0.0702523463	-0.0807988388	-0.0522533912	-0.0500625906	-0.0294852526	0.1159050572	0.0208850242	0.1211200973	-0.0090173609	-0.0912670183	0.0822250341	0.0376718467	-0.0250389115	0.1823027769	-0.1548129687	0.0269812861	0.0322122388	-0.066049046	-0.082650723	0.0231633437	-0.0806125004	-0.0036986281	0.0174198067	0.0270029256	0.0074972107	-0.0751272692	-0.07518471	0.0907361416	-0.1513835823	0.0846310768	-0.0651791572	0.0653210475	-0.003769242	0.0017207191	0.0494269373	0.0968686063	0.0006020775	0.0131028385	-0.0619900787	-0.0857553953	-0.0863883286	0.0214214021	-0.0085253336	-0.0207617572	-0.076476036	-0.0739448901	-0.0753258942	0.0388389275	-0.0589323402	-0.0775270812	0.0074927738	-0.0582222489	0.0031592215	-0.0249909502	-0.0467836638	-0.0503136704	-0.0101866126	-0.054719312	0.1474373169	0.0116209876	0.0842240844	0.063613111	0.0329136668	-0.0030055908	-0.0384481886	-0.0677932473	0.0	0.026424368695757	0.0221073471336695	0.0004887347972885	0.0006982472609693	-0.0380630724512798	-0.0640545421139506	0.0041029843654278	0.0014487974844313	-0.0800479447407411	-0.0450420056253833	0.0064076734572167	0.002028782270757	0.0009669839598703	0.0005210064930266	9.35057978646446e-07	2.714477657758767e-07	0.0001281227591409	5.29894026159188e-05	2.807876789591942e-09	1.6415441409877076e-08	0.000253938255331	-0.0003450451722635	6.448463752055215e-08	1.1905617090234845e-07
373.7914636109383	0.3490823146206026	139720.05826840742	0.1218584623808773	366.64571868428186	0.6412185122594565	0.4111611804642307	134429.08302951354	253.13695106033447	0.0011275307205664	64078.31599212217	1.2713255258211726e-06	265.9427156058122	411.4714709043097	0.904236	25.142796	0.1799268302746624	0.0875208847191911	0.033561921	0.0099769941	0.0365118585	-0.0483993991	-0.0239712366	0.0072735319	-0.0480347901	0.0450343522	0.0815069763	0.0411177243	-0.0267288199	-0.0072095149	0.024258384	-0.0131552947	0.0380605671	0.0843667449	0.0066722609	0.0114570043	-0.0514427693	-0.0165921336	-0.002714935	-0.0311432062	-0.1119181019	-0.0458433237	0.0617613875	0.0771430676	-0.014873794	0.0373619799	0.1295750398	-0.0546419042	0.1541244165	-0.0017310097	0.0647052181	0.0089217688	-0.0643091103	0.0374359013	0.0635370637	0.0230659555	0.0714773014	0.0346242337	0.1404139666	-0.0139296663	0.0683303874	-0.0636431606	-0.102181625	-0.0800355939	-0.0592229814	0.0532468565	-0.1279121156	0.0337615283	-0.0143212187	0.0632671725	-0.0297540319	-0.089857574	0.0782701809	0.0722702574	-0.0196656298	0.0085938346	0.0568366083	-0.015755191	-0.0472140417	-0.1415694351	0.0358753681	-0.0958740917	-0.1377738973	0.0236863134	0.1209530505	0.1148714983	0.0990747816	-0.0137851495	-0.0703199713	-0.0175870966	-0.0433100303	0.0353523465	0.0422793758	0.0692223088	-0.0258411366	0.1073517074	-0.0442994294	-0.0878968952	-0.1236746217	0.0460544857	-0.0268524516	-0.0141536334	-0.0957523276	0.068171996	0.1145602659	0.0172131603	0.0694301624	-0.0807756667	-0.006182495	0.1087384599	0.0245674035	0.0253757276	0.0559282983	0.0589919826	-0.0591512599	0.0429501134	0.0470484343	-0.0400884137	-0.0262548578	0.0132031123	-0.0807220852	0.1185512353	0.0236015339	0.0405482268	0.024354307	-0.0234106241	-0.0118995684	-0.0037555561	0.096562842	0.0208849563	0.036365865	0.0298911213	0.0366572607	-0.0418331422	0.1086759577	0.0177494768	-0.1419924069	-0.0164421922	-0.1155396614	0.0696069976	-0.0671745801	-0.1377971647	-0.0665861882	0.1696546902	-0.0134873437	-0.0472216177	-0.0539182504	-0.0175583432	-0.0306279216	0.028705315	0.0364858943	0.0331902913	-0.0164847338	0.0980346412	-0.0579109473	0.114694009	0.0100077129	-0.0492166245	-0.017256642	0.0503117129	-0.0321602692	-0.0079908339	-0.0627719487	0.0171958757	0.0432924799	-0.099841871	0.1142280997	0.0808399611	-0.0262422266	-0.1274378132	-0.0253923114	-0.0275584995	-0.0166493537	-0.0228074035	0.0622650065	-0.1391611844	0.0667538043	-0.0880285438	0.0521753441	0.1153297647	0.0691213811	-0.0397390504	0.0432808407	0.1024080531	0.0296323075	-0.1363099466	-0.0646380305	0.0070439263	-0.1522524595	0.0972517412	0.1017299847	-0.0799252346	-0.0306259239	0.0275372755	-0.0507008758	-0.024767151	-0.0430845479	0.059581935	0.0309924577	-0.047397711	-0.0167624191	-0.1408776047	-0.093792505	0.0039285205	0.0122566202	-0.1211474792	0.0200301183	-0.0001410071	0.0475230003	0.0052109129	-0.052192065	-0.0574710574	0.1140661197	-0.080045074	0.0447857741	-0.0652878536	0.0837475519	0.0618630933	0.0295231785	-0.0078064368	-0.0438166893	-0.072421501	0.0	0.0111395155681037	-0.0152848531276533	0.0002336267351339	0.000124088807092	0.0220973242818161	0.0601603967330959	0.0036192733350834	0.0004882917404157	-0.0411667398295563	0.0388812049111848	0.0016947004681943	0.0015117480953455	0.0003889639071489	-0.0005780200527214	1.512929210645381e-07	3.341071813480501e-07	7.718212047103101e-05	-5.0940638669869e-05	2.594948668094152e-09	5.957079720404745e-09	0.0009369850739943	0.0006830468186633	8.779410288881039e-07	4.66552956486055e-07
374.5982328954905	0.8067692845522174	140323.83608842417	0.6508766784968968	369.4569802052529	2.811261520971016	7.903191339292269	136498.4602223846	253.73688739587453	0.5999363355400646	64382.40802534671	0.359923606701241	266.64666308782614	411.1977469811448	1.082253	30.092663	0.1819901040339184	0.0926912388413574	0.0238037493	0.0623218443	0.0787406454	-0.04948891	0.0337237012	-0.0528773854	0.0073941475	0.067948231	-0.0315175355	-0.0569212902	-0.0063043757	-0.0181465024	-0.1609401685	0.0640141372	0.0975673732	-0.1350138855	-0.0437477079	0.0951485387	0.0413006429	0.0203015602	0.0505136099	-0.0635644422	0.0019342951	0.0629003455	-4.33167e-05	0.1643962983	0.0268052975	0.0317534256	-0.0176775144	0.0427507984	-0.0960431634	0.0602381519	0.2143214999	-0.0488382614	-0.0466957911	-0.0877803702	-0.0016083675	0.005077779	-0.1298304191	-0.0031287765	0.0446707449	-0.0897898755	-0.0368396609	-0.0001922446	-0.0592773509	0.0411195223	0.0408366479	-0.0831794777	0.030397815	-0.032849777	0.0161549673	-0.0423835901	-0.0023994573	-0.0096718444	0.0194268073	0.0029544879	-0.0559433183	-0.1263529257	-0.1136274496	-0.0510962069	0.0554725983	-0.0377951655	-0.0098257335	-0.0111140982	-0.0270027259	0.0226917118	0.0757188314	0.0528347079	-0.0859426573	-0.0077412165	0.0625126608	0.0278065452	0.0381643809	-0.0472001559	0.004236396	0.0573768568	-0.0634914131	0.089813341	0.0101044492	-0.0653515154	-0.0712301222	0.0427729692	-0.1294964881	-0.0888155404	-0.0097079741	-0.1021820997	-0.1038029173	-0.0743133653	-0.1664343608	-0.0882712801	-0.1049174607	-0.0088755624	-0.080703099	0.0044995398	0.109933708	0.0129061065	-0.0230497059	0.0673885744	-0.0445719167	0.0499999255	-0.0301182802	0.076174151	0.0432983565	-0.1041599469	0.1221739124	0.0435692213	0.0378165413	-0.0226107886	0.0287551405	0.0633194496	-0.0987830748	0.1106238883	-0.0087428492	-0.111341935	-0.0481291515	-0.1412763875	0.0361874358	0.0646872468	-0.1205712627	-0.0721180767	0.0365318967	0.0911030475	0.0406657141	0.1209550667	-0.0828015065	0.0028265998	0.0571332934	-0.0255778109	0.0020315161	0.0568952852	0.0449714172	-0.0211560032	0.1319989349	0.0679431968	0.0258361935	0.0026721609	0.1408488398	-0.0631798124	0.004521932	0.0058415558	0.0006235066	0.0087425616	0.020899283	0.0558248657	0.0382981422	0.0779520026	-0.0109236687	-0.0129986097	0.089261592	0.0496749577	0.0698099509	-0.0687554898	-0.0685885178	0.1254627893	0.0570615327	0.1079169156	-0.070943149	-0.1056024609	0.1785848203	0.0346954012	-0.0749367707	0.0513585204	-0.0663081512	0.1794459007	-0.0386387871	-0.0701760115	-0.0486755851	-0.0347219803	-0.0156101155	0.0715123046	-0.0772619823	-0.0380117619	-0.0488787544	-0.101400752	0.00036865	0.0080004463	-0.0982044908	-0.0703502915	-0.0563960601	-0.0538876677	-0.027623799	0.0800430756	-0.0014007403	-0.0099747721	0.0611157397	-0.0077134441	0.0478395294	-0.090111342	0.022265866	0.0674634758	-0.0695408135	-0.0411540143	-0.0096237015	-0.0046995742	-0.0603680071	0.0361609121	0.0098229583	0.0502647394	0.0832565493	0.0600703222	0.0260867859	-0.0125857064	-0.0489959873	-0.0765995097	0.0	0.0160655989478186	0.0049260833797148	2.426629746390335e-05	0.0002581034695521	-0.0355165068770588	-0.0576138311588749	0.0033193535408033	0.0012614222607481	-0.0743909323038565	-0.0332241924743002	0.0055340108090369	0.0011038469655693	0.0015298719526114	0.0011409080454625	2.340508191387018e-06	1.301671168201062e-06	0.0003910102810733	0.0003138281606022	9.848811438700357e-08	1.5288903990502108e-07	0.0006672013396385	-0.0002697837343558	4.4515762761540905e-07	7.278326332296089e-08
375.7174769732214	1.1192440777308548	141163.62250312313	1.2527073055355915	370.1445109960063	0.687530790753442	0.4726985882340533	137006.95902047266	253.79956589060384	0.0626784947293117	64414.21964625896	0.0039285937015323	266.8598141887924	421.929862802642	1.064529	29.599831	0.1450007222463814	0.0825062873215285	-0.0162478039	0.0435614206	0.0142111983	-0.1342814513	0.0532584358	0.0464678729	-0.0181562624	0.0391551397	-0.0496623966	-0.0297365695	0.021729547	-0.0708193287	-0.0966503081	-0.0487750401	0.0072798493	0.0690338435	0.0126600794	0.083347104	0.0314745622	0.0323126748	-0.0464650765	-0.0657835863	0.0176851338	0.0928581898	0.0541446145	0.0363962823	0.113046419	0.0072604687	-0.0678435879	0.0485896349	-0.0134953196	0.0202745521	0.0590239341	0.0413582957	0.1405738362	0.0327790784	0.0217311445	0.1209074253	0.0028634814	0.0486979764	0.0428105208	-0.0838957591	-0.0315183976	0.2067970628	-0.0480014437	0.0443108793	0.0632234201	0.1857592052	0.0614606729	0.0289212247	-0.0375412364	-0.0453719746	0.0534842779	0.0148636404	0.0655262557	0.0861958231	-0.0809864598	0.0267804379	-0.0287399493	-0.0530205353	-0.09264308	0.0646275831	-0.0048562234	-0.0905456724	0.072888389	-0.1451629795	0.0370027406	-0.1062609034	-0.0520853256	-0.0786021432	-0.0083113227	0.0340463121	0.1609419983	0.021533529	-0.087868874	-0.0170845716	-0.0478239892	-0.0658712397	-0.0609739877	-0.0770013963	0.0278176369	-0.1303885148	0.0375496702	0.0894586158	0.0246399437	-0.0278817995	0.0359583863	-0.0102106718	-0.0146862822	-0.0685579642	-0.0275808773	-0.0129258315	-0.0637552362	0.0221211576	-0.0775290322	0.1018316116	0.0241089823	0.0454510464	-0.0578706714	-0.0541806892	-0.0457691544	0.0721390291	0.055680685	-0.0879283694	0.0333403666	0.0511032845	0.0119912249	0.0365758899	0.0553599505	0.1088349195	0.042777118	0.0859599342	-0.018716871	0.0280203215	0.0352507829	-0.0942050444	0.0944673692	0.0372125425	0.0467434623	-0.1007897556	0.0238184785	-0.0008895366	0.0255637452	0.0625309391	-0.0980471557	-0.0503051149	-0.1971237565	0.0738095628	0.0103525776	-0.0873035409	0.0232074108	0.0797109767	-0.0221110881	-0.107230662	-0.1037921323	0.1206340775	-0.0395388334	-0.1372982728	0.0516365475	-0.040901949	0.0523254802	0.0098476892	-0.0935463228	0.0177161949	0.0296289358	0.1307419393	-0.1148187229	0.0425193996	-0.1034911217	-0.1154542534	0.0364072314	0.0916425512	0.033552783	-0.0377003236	0.0211347122	-0.0417600906	0.0388581787	-0.0489441697	-0.0727100517	0.0992423909	0.0188789192	0.0209885004	-0.0821705566	0.051694434	-0.0036924465	0.0015028882	0.0283506447	-0.032543214	7.40334e-05	0.0310804437	-0.0882416676	-0.0122074222	-0.0165165297	-0.0272254712	-0.0184755624	0.0096533482	-0.0690052042	-0.047167284	0.007838434	-0.0725769377	0.0774508479	0.093982152	0.0959870182	-0.0449974683	-0.0285734936	-0.0370591206	0.0383502556	-0.0916419676	0.005803236	0.0449932078	-0.0478822849	0.0449025441	0.0399217002	-0.0585832278	0.0249836469	-0.162280896	0.0383091755	-0.0610635173	0.0827511615	0.0582360367	0.0226098321	-0.0173301903	-0.0539637182	-0.0803012987	0.0	0.0051231609413235	-0.010942438006495	0.0001197369495259	2.624677803070269e-05	0.0087648623940452	0.0442813692711039	0.0019608396645238	7.682281278654775e-05	-0.0748587824396338	-0.0004678501357772	0.0056038373083444	2.1888374954683614e-07	0.0002578119149103	-0.0012720600377011	6.646698346971578e-08	1.618136739516124e-06	0.0003346449856593	-5.636529541400002e-05	3.1770465271074916e-09	1.119872664269131e-07	0.0011249573031835	0.000457755963545	1.2655289339858932e-06	2.0954052216101132e-07
374.8237465306684	-0.8937304425529646	140492.84096328676	0.7987541039459181	369.7713644120394	-0.3731465839668999	0.1392383731261667	136730.86193914126	254.1107146680848	0.3111487774809518	64572.255309124805	0.0968135617278908	267.311040926673	418.4993613225232	1.076247	29.925638	0.1751127680177069	0.093736199319869	-0.0051235766	0.0589992528	0.0444205199	-0.0777699753	0.0585920529	0.0370611301	0.0657702426	0.0476618719	-0.1308348278	0.0110720715	0.0957460345	0.0450329276	-0.0067738036	-0.0489710596	-0.0972020984	0.0461619332	-0.0729095164	0.0883734771	0.0406979696	0.0104407872	-0.0128894331	-0.1124388434	0.1036451944	0.0414382846	0.1077317948	0.1334213649	-0.0340580347	-0.0230136754	-0.0048718281	0.0199111815	0.0597661587	0.0106230583	0.0265684584	0.0148005852	-0.0760918547	0.0676836474	-0.0252189802	-0.0601244241	0.0094851731	-0.0067796986	-0.0627575665	0.0775876977	0.0409106966	0.050175368	0.0694668903	-0.0064792585	-0.0151377102	0.0071549081	0.1144957153	-0.0215969702	0.1289445051	-0.0140650779	0.1055872401	-0.0156762141	-0.0062841904	-0.0491251877	0.0089066855	0.0430904949	-0.0295690986	-0.0341580119	0.0443268929	-0.1263650301	0.0253829579	-0.0723182335	-0.0123188317	-0.1507410433	-0.1385913952	0.0265350539	-0.0194735274	0.0951373327	-0.0553548784	-0.0246165619	-0.0774297327	-0.0515807382	0.1023365956	-0.1101577895	-0.024864129	0.0827654743	-0.0875565686	0.022472085	-0.160315905	-0.044228557	0.0125984844	-0.0697819495	0.052536654	-0.0027490157	0.0194461756	0.0826234561	0.1120644952	-0.0028564448	0.0481529675	-0.134135917	-0.0157714612	-0.0081815552	-0.040065818	-0.069445464	0.0527246593	0.0247005493	-0.1117637538	-0.1118302531	0.0706803273	0.0641708833	0.1525834439	-0.0340395745	-0.0647990202	0.0565831483	-0.0156138771	-0.0697351906	-0.0907221685	0.093427464	-0.0493535784	0.0212464109	0.0564026169	-0.0542252447	0.0324468654	0.0671238314	0.0597829994	-0.036983312	-0.0175937818	-0.1008747098	0.0200060464	-0.0580608096	0.0207492388	-0.0461246484	0.0018380731	0.091571616	0.0521815307	-0.037882791	0.0249126326	0.0538173337	0.0779182407	-0.1329228376	0.0779850286	-0.0309815176	-0.051009248	-0.0768160204	-0.027289177	-0.0305317533	-0.1386384813	-0.0197007506	0.0783185773	-0.0849586332	0.0607167603	-0.0809595628	-0.0144514902	0.0482923066	0.0392567256	-0.0379503619	0.0133360226	-0.0164195475	-0.0386808079	0.0381222912	0.0339960104	-0.0685213212	0.0747547446	0.1319041891	-0.0489719279	-0.0390947962	-0.0911532416	0.0818615216	0.0664691137	0.0238730417	-0.0772177597	-0.1257745228	0.0250302126	0.0535560686	0.0080363332	-0.036461288	-0.0498711808	-0.0029210751	0.0180575963	-0.0251635594	0.0624707879	-0.1008683284	0.0161289208	0.0017106838	-0.0879015496	-0.0896246089	-0.025038767	-0.0637335796	-0.0396155896	0.1244862872	-0.0533905901	0.017824987	0.0131165665	-0.0394061329	-0.0514186274	-0.0101964669	-0.0329822519	0.0230436097	-0.0100070681	-0.0031612536	0.0047769762	-0.0043341258	-0.0739184975	0.0647850285	0.0456783593	0.0382269954	0.0822314759	0.0563615044	0.0190977232	-0.0220267751	-0.0586984312	-0.0835038541	0.0	0.0109856432556938	0.0058624823143702	3.436869888630454e-05	0.0001206843577413	-0.0377365837509842	-0.0465014461450294	0.002162384493579	0.001424049753195	-0.079301604358001	-0.0044428219183672	0.0062887444537529	1.9738666598324014e-05	0.0016109099014658	0.0013530979865555	2.5950307106405534e-06	1.830874161220548e-06	0.0005517654966082	0.0002171205109489	4.714131627471143e-08	3.044451632472937e-07	0.0003290554478891	-0.0007959018552944	1.0827748778549623e-07	6.33459763261068e-07
374.295081004383	-0.5286655262854083	140096.80766407764	0.2794872386826277	369.3502969961337	-0.4210674159057248	0.1772977687375246	136419.64189113217	253.4659043658864	-0.6448103021984082	64244.964676016665	0.4157803258212025	266.9617861533915	413.0638206131008	1.024464	28.485796	0.0935929880346381	0.0560625911078936	0.0307485125	0.0197509386	0.0442118951	-0.0136544419	-0.0107514187	0.0397476656	0.0586501967	0.0227311936	-0.0580017132	-0.0464387862	-0.0882223167	-0.0242298363	0.0054864307	-0.1037271547	-0.0244085669	0.038488919	0.0306650407	0.0214014727	0.0519285437	-0.0958534214	0.009683217	-0.0621998405	0.0325959394	0.0733178554	0.0043114214	0.0417828192	0.1265527685	0.1201488432	0.122042969	0.0525011754	-0.104013661	-0.1076725888	-0.003504212	0.0580312322	-0.0030132908	0.0740286342	0.0981828218	-0.081991324	-0.1221104006	-0.0495910182	0.0925212343	0.0833031067	0.0730526186	0.0326224943	-0.0084761245	-0.0185204082	0.1397558216	-0.1068677387	0.023375341	-0.0219470669	0.0163775564	-0.0310114294	-0.03132495	-0.0084380616	-0.0435188968	-0.0714678242	-0.1505072606	-0.0291493357	0.0341587139	0.0626592667	-0.083253626	0.0312151067	0.0901569146	0.0056472958	0.0067759735	0.0027700731	0.0229775835	-0.0473625534	-0.0200127474	-0.1195632193	0.0787183372	0.0073065536	-0.088631502	-0.0574839342	-0.00405349	0.0103466487	0.1207331824	0.1121970476	0.099449867	0.0343025331	-0.0627608711	0.0122712489	0.0279213139	0.1611189294	-0.0125940289	0.1155357136	-0.1777182082	0.0688622877	0.0464376739	0.0070965162	0.0422722892	-0.0224154778	-0.0951181694	-0.1181289184	0.0538134577	0.0888607822	0.0535851971	-0.047317128	0.0010348295	0.0103376349	0.0675585464	0.0623556456	0.0461508779	-0.0678489296	-0.037483886	-0.0770998184	0.0498455482	-0.0515469466	-0.0417156435	0.0437532124	0.0764156806	0.0766738074	-0.1141365214	0.1511525908	-0.0370185632	-0.0264682372	-0.0381435094	-0.0367345881	-0.127372458	0.0608199315	-0.1105579701	-0.0352320746	0.0395975334	0.0850958819	-0.1101790117	0.0826520591	0.0209062624	-0.0735589374	-0.0089526472	0.0715404288	0.0541446848	-0.0087480238	0.0451066649	-0.1654263588	-0.0559749943	-0.1376031748	-0.0769463274	-0.0591837986	0.1658105534	0.0940390864	0.0470263062	0.0574282054	0.004361866	0.0519538732	0.1691292277	-0.0649370738	-0.1063716176	0.0465932131	0.0347153982	0.0176796222	-0.083149924	0.0078613484	0.0161196193	-0.1447890796	0.072552697	-0.002183307	0.0964756516	0.0381675809	-0.0293205884	0.0017354734	0.0055840193	0.0128380639	0.1006911462	0.092925399	-0.069225918	0.0262088711	0.0977557558	-0.0389021604	-0.0321017037	-0.0630513758	0.0942929727	-0.1001346823	-0.0817803052	-0.0714271698	-0.0069642193	0.014883098	-0.0652878365	-0.0859204925	-0.0065523639	-0.1096342909	0.1060126958	0.0602748759	0.053198647	0.0718806978	0.004548191	-0.0015360682	0.0294833428	-0.0289347631	-0.027767067	-0.0061193428	-0.0285390446	-0.047136649	0.102364905	0.0456477676	0.0235960727	-0.0877087866	0.034243775	-0.1437493565	0.0816975821	0.0544480209	0.0155559202	-0.0266624798	-0.0631796814	-0.0861872655	0.0	0.0048242944239262	-0.0061613488317675	3.796221942672396e-05	2.3273816688725428e-05	0.012776637717252	0.0505132214682362	0.002551585543099	0.0001632424713579	-0.0718508218088516	0.0074507825491493	0.0051625405946073	5.5514160594709166e-05	0.0013708152872284	-0.0002400946142374	1.8791345516990809e-06	5.7645423785805935e-08	0.0005579611576385	6.195661030299906e-06	3.8386215602376886e-11	3.11320653433295e-07	0.0006721178763311	0.0003430624284419	4.517424396838278e-07	1.1769182980852236e-07
373.5511413670012	-0.7439396373817999	139540.45521658933	0.5534461840677639	369.2848180785508	-0.0654789175828796	0.0042874886478255	136371.27686330836	252.82976083913124	-0.6361435267551485	63922.8879659723	0.4046785866324783	266.02114580868465	411.9403732773392	1.207778	33.582951	0.0321089857012212	0.0200680554360262	-0.0334338471	0.0135005401	0.0355027993	0.0132625906	0.0474841069	0.1038227468	-0.0865029861	0.0994895451	-0.0907834422	0.0768152213	0.0752906736	0.0560376237	0.0452658711	-0.0253646977	-0.0321284919	-0.0086920403	-0.0589805612	-0.0719289398	0.049675609	0.0479699686	-0.1024126634	0.0038363101	0.0668881663	0.1223853806	-0.0473621321	-0.070993701	-0.0656206121	0.0517187852	0.0857009417	0.0381192709	0.0105659184	-0.0089926451	0.1069753625	0.0462833587	-0.0834424112	-0.0974651751	-0.0670732709	-0.0436584766	-0.0375679028	0.0968740994	-0.0711196608	-0.0051399739	0.0206070081	-0.0467695726	0.0585812313	0.0192074183	-0.0315114176	-0.0116208617	0.0813513188	0.0335201267	-0.0460006718	-0.0104673385	0.0929491859	-0.0959336625	0.0317752514	0.0256633313	-0.0458819236	0.1100919146	0.1323826504	0.1241589056	-0.0549804805	-0.0015758133	0.0104354013	0.0068891144	0.1521032695	-0.0138378205	-0.078350855	-0.040586363	0.1575164686	-0.1260810933	0.0040073658	-0.0082196809	0.0033004607	-0.0446433752	-0.0819316168	-0.0894147432	0.0022642216	-0.058222333	0.0312982466	-0.1060468729	0.010155517	-0.1197985027	-0.0117602487	0.0011145364	0.0319369379	0.0450744089	-0.1219037614	-0.0366070121	0.0505578048	-0.0182257876	0.139186722	-0.0055575644	0.0883836616	0.0150042279	0.0378009567	-0.0320285354	-0.0750017373	-0.0964126294	-0.1087246098	-0.0232657633	-0.074762267	0.02581636	0.1365112583	0.0527750776	-0.0764113412	0.0502902508	-0.015157442	-0.0607190447	-0.0681265999	-0.0642351116	-0.0930182248	-0.043176834	0.0661375985	0.03716128	0.0087132757	-0.0323108664	-0.0238884064	-0.1299946116	-0.0639758527	-0.079769491	0.0585752148	-0.0214804415	0.0526529284	-0.0051229648	-0.0199765571	-0.0328216276	-0.0091780499	-0.0407823237	0.0040673576	0.0114034411	-0.062651295	-0.2064902209	-0.0333267611	0.0152293046	0.0308166185	0.0510666332	-0.1002619665	-0.0893162257	0.008012313	-0.0036124136	-0.1103219809	0.0154986481	-0.0211263509	0.0669571608	-0.0464139596	0.0626565518	-0.0904413574	0.1318357682	0.015719524	-0.0945015297	-0.0314991947	0.1034563674	0.1061774945	-0.1291419711	-0.0884354519	0.0470937183	-0.0791981809	0.0811778243	0.0675060697	-0.1681732229	0.0441674902	-0.0032376628	-0.0852499592	-0.0219210436	0.0667680913	0.0167663127	0.089441142	0.0282460828	0.077698538	-0.0134442257	-0.034132585	0.0627092218	-0.0633088883	0.0473563451	0.009160692	-0.0043823262	-0.0566276826	-0.0227730528	0.0907737111	-0.0082841335	-0.074933994	0.1128625688	-0.0754015032	-0.0471031405	-0.0163783982	-0.0674070694	-0.0418169545	0.0134949149	0.0082102465	0.0470946286	0.0802189083	0.1293382681	-0.0258480545	0.0682388479	0.073628664	0.0276313165	0.0746012169	0.0740797667	0.0811495725	0.0524969085	0.0119899299	-0.0312244919	-0.0673881186	-0.0883348501	0.0	0.0049840908769454	0.0001597964530191	2.5534906397517284e-08	2.4841161869650365e-05	0.0001648888062959	-0.0126117489109561	0.000159056210593	2.7188318441686833e-08	-0.0716729875323807	0.0001778342764709	0.0051370171418167	3.162502988792972e-08	0.0014086907630331	3.787547580470004e-05	1.9844096658547776e-06	1.4345516674324183e-09	0.0008630027504519	0.0003050415928134	9.305037334613617e-08	7.447737472875444e-07	0.0007123929289285	4.027505259740006e-05	5.075036851873269e-07	1.622079861723341e-09
373.9129298868	0.3617885197987789	139810.879136531	0.1308909330581914	371.2203206991601	1.9355026206092705	3.7461703943853526	137804.52649998726	253.0140816042246	0.1843207650933607	64016.125490029226	0.0339741444446018	266.6310974213978	414.16334696390766	1.151126	32.007702	0.0879617511962625	0.0588260372542491	-0.0364794957	0.005796389	-0.0082652335	0.0531613353	-0.0108685224	0.1207732597	-0.0341569587	-0.1201623726	-0.1169005474	0.0967422294	-0.1348397644	-0.0433398459	0.0784944062	-0.0386068178	0.1005232921	-0.001516634	-0.1282974757	0.0777161026	0.1173735073	-0.0047745361	-0.0390965271	0.0448142601	0.094820452	0.0522285834	-0.0465039922	0.1281953446	-0.1823131698	-0.0356083982	-0.0400586568	-0.0506501729	0.0439719089	0.0277089028	-0.0298880376	-0.018107848	0.0715649466	-0.0401129178	-0.2283147787	0.1656386912	0.0787293619	-0.0040112482	0.0217033353	0.1177832046	0.01601972	-0.0270141897	0.161167606	-0.036456527	0.0730373251	0.0699618217	0.0554139589	-0.0289209942	0.1039696493	0.056097286	0.0605900175	-0.0341526604	0.0731567158	0.0544857532	-0.1271670744	-0.0915185062	0.0462713996	-0.0091976191	0.0350623787	0.1343196172	-0.056083522	-0.0994557533	-0.0276727982	0.0087215782	-0.0371687747	0.022093066	-0.0108260645	-0.041347877	0.0697774524	0.0126065606	0.0265599165	-0.1259894824	-0.0337469041	-0.0901104722	-0.0674163905	0.0588033963	0.0368274106	-0.0125796353	0.0009179218	0.070882901	0.1637472161	0.002316539	0.1170461333	0.0180163995	-0.0351976455	-0.1171538493	0.0441779944	0.0316494535	0.1134545556	0.0862206832	0.0233824898	0.002254404	-0.0966251083	-0.1190251451	-0.1647456226	0.0086895071	0.0052676179	0.0391942755	0.0619738003	-0.0868682149	0.0899674166	0.0810429788	0.0571043779	-0.1708731069	-0.0267272312	-0.1503393544	0.058186781	-0.0397103478	0.1062567833	0.0357880472	-0.0704854429	-0.1261137768	-0.060332084	0.0289567166	0.0120761888	-0.0456912676	-0.0115833532	0.044024366	0.1126499924	-0.011010292	0.0351963903	-0.0226396693	0.0062605939	-0.101037426	-0.1086835309	0.0097878769	-0.0921178091	0.0166365829	0.1216835674	-0.0558480051	-0.1177185229	-0.1105974855	-0.0745945694	0.1016640691	0.0851941769	0.0470620052	-0.0222796096	0.071020447	-0.095834688	0.0560787504	0.0096661708	-0.1896694311	-0.0581607582	0.1880039114	-0.0429953006	0.0596963462	0.030590246	-0.0574102615	0.0013596533	-0.0331047606	0.0502923671	0.034824402	0.0817520702	0.0873469782	-0.0788350031	-0.0157989878	0.0254251687	0.0562934721	0.0766652912	-0.0567414163	0.0354982785	-0.0549293793	0.0053931074	-0.0184365499	0.0563729819	0.0815101945	0.0665554683	0.006501716	0.1027624966	0.1062769293	-0.0819821254	0.0258194983	0.0334949614	-0.0406543342	-0.0310235799	-0.0843516543	0.0150455344	-0.0426906738	0.0853417821	0.0750777955	-0.1163602892	-0.0031268997	0.0119883857	0.0611163793	-0.019574898	0.0242321739	0.0268399667	-0.2107754612	0.0567045649	-0.0278451086	-0.0310056538	0.0185979856	-0.0028733192	-0.0134242643	-0.0438239856	-0.0059529371	0.0805875418	0.0505095157	0.008405297	-0.0357002023	-0.0713055705	-0.0899332563	0.0	0.005039421624545	5.533074759959955e-05	3.061491629930591e-09	2.5395770309931764e-05	-0.0155718942981621	-0.015736783104458	0.0002476463424767	0.0002424838920331	-0.1248183844859056	-0.0531453969535248	0.0155796291056713	0.0028244332173477	0.0017291650114942	0.0003204742484611	2.990011636975737e-06	1.027037439267069e-07	0.0008711614210565	8.158670604599925e-06	6.656390603436291e-11	7.589222215371804e-07	0.0007642448176764	5.185188874789993e-05	5.840701413452338e-07	2.688618366724591e-09
373.90506234217656	-0.0078675446234228	139804.99564510694	6.189825840155015e-05	367.5780348619232	-3.642285837236898	13.26624612013649	135113.61171295322	252.84141653628387	-0.1726650679407271	63928.78191607461	0.0298132256869759	265.6323325963773	412.6451550062105	1.075227	29.897285	0.1147420665562658	0.0574945425330202	-0.0553142615	-0.0216216814	-0.0495850105	0.0357792024	-0.03253686	0.1456350598	-0.044942742	-0.0865446094	0.0398146174	-0.026454047	0.0435302549	0.0811638264	-0.0263694945	-0.1861295329	-0.0758042084	-0.0076077468	0.074997188	-0.0370473247	0.014435639	0.0077249086	0.0162021439	0.0764012706	0.048607487	-0.0018668381	-0.0503496128	0.0508346093	0.059501204	-0.0274296718	0.0289141985	0.1071992608	-0.006200118	-0.0556584207	-0.0144300699	0.1591471439	0.0016527798	0.1199948251	0.0916200434	0.1043276893	0.1548412166	0.0672265454	0.0347169163	0.0341913157	-0.0131724696	0.0102788754	-0.1351143575	-0.1171057897	-0.1017664042	0.0029031273	0.0327603514	0.030049942	-0.0495645653	0.0264195442	0.012312192	0.0518750017	-0.1141837396	-0.0304694427	0.0201185725	-0.0904045359	-0.0489540593	0.1270558545	0.0380877444	0.0664168384	0.0347984348	0.0072464065	-0.0094585719	-0.0600618565	0.0323305468	0.1679662861	-0.1378057382	0.0711298759	0.0403691862	0.0422090583	-0.0475603612	-0.0118115139	0.1231581668	0.0470276823	0.0045769249	-0.0284551625	-0.0944783656	-0.0389025772	-0.0244284642	-0.0905874506	-0.0257899106	-0.0185356398	0.030943034	0.0144933492	-0.0583298423	-0.0236799351	0.1473666184	-0.0905248332	-0.0127655111	0.0194746658	-0.133014955	-0.0620376446	-0.051269716	-0.0576818363	0.0801252169	-0.1018350423	-0.0185049543	0.0326191856	-0.0540773451	-0.0803212911	0.0007257565	-0.0998921652	-0.0300652279	0.0142778845	-0.0162201167	0.05110539	-0.0429369068	-0.047054813	0.1627113508	0.0774155619	0.1221077886	0.0840702298	0.0027223467	-0.0879622537	0.0681684909	-0.104989779	0.0167499615	-0.1018455574	-0.0122622294	-0.0809534297	-0.0051641658	-0.0129777741	-0.0143087699	0.0597111441	-0.0005009429	-0.1225618763	0.0126610109	0.0098416255	-0.0697646463	0.0594227331	-0.0557167595	0.0481576562	-0.0416060768	-0.0004848564	0.0081039922	0.0134618863	-0.0326974542	0.0549784753	-0.0039211731	-0.0058466785	0.0466625252	-0.0613193154	-0.0520619459	-0.0828072474	0.0156317671	-0.0003803196	-0.0667817276	0.2083029999	-0.0265421769	0.0017454511	0.0057680181	0.0230896584	0.1545651481	-0.0461210828	-0.0771226217	0.0126662098	0.0464868253	0.0543416485	0.085119129	0.0549376061	-0.1659124828	0.0196507329	-0.0295786405	0.0567084906	-0.0326400659	0.1150033604	0.000767969	-0.1308482565	-0.078463275	-0.0128604314	-0.0183341836	-0.0746278589	0.0135613247	-0.0363395923	0.0390184869	-0.0129442191	0.1217033348	0.0246688533	0.0237539207	0.0993418474	-0.0507842168	-0.0343413472	-0.0368041518	0.0173594367	0.0555624285	-0.1457386349	0.0015911409	-0.0569569463	0.0371079132	0.1510249422	-0.0590190795	0.0657344455	0.0491440923	-0.0579430683	0.0052879775	0.1001307737	0.080011587	0.0484872159	0.0048075951	-0.0400772406	-0.0749151215	-0.090972547	0.0	-0.003007196648312	-0.008046618272857	6.474806562907616e-05	9.043231681618929e-06	0.011093892619499	0.0266657869176611	0.0007110641919381	0.0001230744534529	-0.1038724734448379	0.0209459110410677	0.0107894907395485	0.0004387311893403	0.0008946300898256	-0.0008345349216686	8.00362997621361e-07	6.964485354844166e-07	0.0007489432251999	-0.0001222181958565	1.4937287398442223e-08	5.609159545728282e-07	0.0009891667066448	0.0002249218889684	9.7845077353452e-07	5.058985613711329e-08
373.9403116817885	0.0352493396119371	139831.35670067312	0.0012425159430776	368.63072479716345	1.0526899352402663	1.1081560997561566	135888.61126448205	253.5916013126531	0.750184776369224	64308.7002563156	0.5627771986961426	267.16662651838624	413.6488644138512	1.148555	31.936201	0.2050217965164084	0.1076154072741154	-0.0887232287	-0.0099598756	-0.0457217027	0.0427464822	-0.144429207	0.1106947275	0.1045565684	-0.1068169721	-0.0345132524	0.1276812474	0.0244226821	-0.0568391636	-0.0266014368	0.0578537238	-0.029572094	-0.0267158547	-0.0657238789	0.0193153737	0.1609117902	-0.1774134619	0.0904953072	0.0476152782	0.0975682861	-0.021339531	0.0208575868	0.1215210152	-0.0642461327	-0.107743859	0.0249994905	0.0553954625	-0.0883633557	0.0610919772	-0.0825934249	0.0968812836	0.0423853515	-0.0500708473	0.1189138144	0.0224096747	-0.1480150524	-0.0893971247	0.1441397139	-0.0983240498	0.1050156759	-0.0638913789	-0.0134844464	-0.0624536422	0.0022645473	-0.0247092208	0.0379852531	0.1219413471	0.0304727118	-0.0868099397	-0.0330248963	0.0078135802	0.1297988913	0.0504803772	-0.0160435584	0.1219066103	0.0004039847	-0.0728592592	0.0615833153	0.0364218729	-0.1197644251	0.0433429039	0.0885950736	0.0280533735	-0.0505188062	0.0745637183	0.1049204847	-0.0299038055	0.0866950915	0.0048766815	-0.086621047	0.1421387999	-0.0068849093	-0.116769812	-0.0289574921	0.0022949364	-0.0739176356	0.0320652956	-0.0878356986	0.0374176825	0.0415796697	-0.0240064897	-0.0206155117	-0.0767079621	0.088557588	-0.1170973545	-0.0211879975	-0.0803526839	-0.0125145606	0.068095662	0.0325871125	-0.0411260955	-0.0377116188	-0.0124448855	-0.0532296263	0.0725294924	0.0880316075	0.0140644262	0.1505745595	-0.1048222282	0.0585246543	0.0217615727	0.0662872308	-0.0524289618	-0.0649626338	-0.0656438525	-0.1153252567	0.0075403342	0.0022877554	0.2383841514	0.0414300179	-0.0082919305	-0.0647984138	0.0406330594	-0.1325425566	0.1340361291	-0.1392627899	-0.0358041955	0.0201677917	0.0026072332	-0.0189291643	0.0206992168	0.0907905905	-0.0393157728	-0.0123891538	-0.0190769303	-0.1314598713	-0.0489855662	-0.0835666565	0.1307678556	0.1130187522	0.08022054	0.0027734488	-0.1011417738	-0.0840545052	0.023582525	0.0613863296	0.0582711852	-0.0051901477	-0.0997395753	-0.0399375806	0.1005818023	-0.0679045846	-0.002118149	0.0125259264	0.0407580587	-0.0354982951	-0.1319900176	0.033920962	0.0006166408	0.0540339528	0.0303387298	0.0655694982	-0.0468702857	-0.0645308299	-0.0019389677	0.0873004723	-0.0190421737	0.0217203483	0.0248755536	0.0344703402	-0.080345418	0.0148453112	-0.0086221095	0.0422941501	-0.0607746005	0.1105882216	0.0648427254	-0.0546595604	0.0169635083	0.0420385993	0.0798865206	0.0618934396	-0.0702585465	0.0670215825	-0.1769470717	0.0563156046	0.0640409415	0.007234333	0.0266352773	-0.1641218498	0.0630425536	0.0032952374	0.0970473995	-0.1065804964	0.0108241994	-0.044521008	0.0295857724	-0.0833244826	0.0273821719	0.025420569	0.0822896145	-0.0166363046	0.0741778126	-0.063047927	0.1259921176	0.0794218076	0.0464314067	0.0012024181	-0.0443435089	-0.0782011853	-0.0914462607	0.0	-0.0038346941055777	-0.0008274974572656	6.847520417811985e-07	1.4704878883352357e-05	-0.0527368016270202	-0.0638306942465192	0.0040743575279926	0.0027811702458476	-0.1637634138399164	-0.0598909403950785	0.0268184557125037	0.0035869247414068	0.0019288350106218	0.0010342049207962	3.720404498200399e-06	1.0695798181990745e-06	0.000653991498962	-9.495172623790002e-05	9.015830315557112e-09	4.2770488071456363e-07	0.000508870065328	-0.0004802966413168	2.58948743386923e-07	2.306848636601989e-07
373.3854259807319	-0.5548857010566053	139416.67633481263	0.3078981412370803	366.3306770227144	-2.300047774449069	5.290219764748118	134198.16492792027	253.36517696932327	-0.2264243433298247	64193.9129006965	0.0512679832523423	266.0163731521797	410.7126867360922	1.007383	28.01086	0.1170633842964851	0.0650803931917468	-0.055917107	-0.0244964063	-0.0305192936	0.0522614692	-0.1361787187	0.0632390876	0.0073509634	-0.0008296639	0.0340332636	-0.0513387284	0.0272580721	0.0007811193	0.066768676	-0.0720268652	-0.0648305366	-0.1009765292	-0.0856600255	0.0178084684	0.0366615829	-0.0548288733	-0.023402898	0.0485271426	0.0453491079	-0.1034460341	0.0697473651	0.0758799978	-0.0440627577	-0.1016988101	-0.0540215475	0.0873998398	-0.0601870855	-0.0076941692	-0.043786083	0.1242007059	-0.1268883675	-0.0806585697	0.014438291	-0.0313490957	0.1591541094	-0.0203325711	0.0919211837	-0.030995201	0.0413142631	-0.0611391044	0.1381177827	-0.0242788618	0.065176723	-0.0639368906	-0.134809486	-0.0060442503	0.0265406289	0.0410655069	0.0328232371	0.0325603451	-0.0039622403	-0.0384674109	0.0892733704	0.0833846891	-0.0455150453	-0.0017255281	-0.0087747308	0.09782976	-0.0430342837	0.0499837114	-0.0928789336	-0.0397093714	0.1586575647	-0.0784291718	-0.0491034582	0.1236537441	-0.0017102341	0.1354894473	0.0227465545	0.0125860589	-0.2183077834	0.0685014011	0.0035468569	0.0180394945	0.0481361392	-0.0791616132	-0.0907921825	-0.0042839684	0.0280670091	-0.0111780845	-0.0124901047	0.0723640258	-0.0076790819	0.0154635115	-0.010331924	-0.0141633511	0.0201941256	-0.0721904136	0.0591309887	-0.0210682918	0.0384053233	-0.0287226397	0.0143573324	0.0264519571	0.0058179286	-0.061172376	0.0045439218	-0.0362556636	-0.0386509411	-0.0344211904	-0.0808101281	-0.012764542	-0.167227963	-0.0813804455	-0.0375126547	-0.0249267832	0.0438491841	0.0711438198	0.0066186367	0.0024815363	-0.1199933614	0.0104727887	-0.0245261387	0.0730667711	0.0577566743	0.0257379818	-0.0418012454	-0.0352094265	-0.008712824	-0.01173493	0.0383135513	0.0462482524	0.1546400688	-0.0464487676	0.0274331277	-0.0416874963	0.0176333774	-0.0182822047	-0.0892642921	0.0143967502	0.0433371532	0.0506827502	0.0253310709	0.038291284	-0.1493395165	-0.0164285696	0.089252048	0.2311940711	-0.1300867317	-0.0804563598	0.1291154167	0.0243292587	0.1993642664	0.1086591332	0.0446333029	0.039661278	0.0262467188	0.1376242291	-0.0467379847	-0.0360181576	0.0594688974	-0.1009610444	0.0442953226	-0.0642134797	0.0326251186	-0.0091476367	-0.0711633029	-0.0282987127	0.0187992945	-0.0670249799	-0.0074085582	-0.1295119962	-0.040183313	-0.060016916	0.0039921367	-0.0740863249	0.0140704669	0.0289021312	0.0908160085	0.0104849004	0.0260681556	-0.0471628499	0.0714560054	-0.0964765509	0.0795650435	0.0862436552	0.0324460509	0.0023967715	-0.0568646752	-0.004735082	0.0211653294	0.0812190669	-0.0268917317	-0.0333701727	0.0731592598	0.044684253	0.017144062	0.1337743612	0.0068006753	0.077192221	-0.0829668953	-0.0560841818	-0.0292059397	-0.0767546958	0.0788183057	0.0443435089	-0.0024046285	-0.0484872159	-0.0811495725	-0.0913514525	0.0	0.0049455904175204	0.008780284523098	7.709339630655601e-05	2.44588645778696e-05	0.0032893094688972	0.0560261110959174	0.003138925124532	1.081955678217678e-05	-0.1378677498764418	0.0258956639634746	0.0190075164559931	0.0006705854121091	0.0017062315351948	-0.0002226034754269	2.911226051693204e-06	4.9552307272178944e-08	0.0007436180955531	8.962659659109997e-05	8.032926816503772e-09	5.529678720340193e-07	0.0007238664875898	0.0002149964222618	5.239826918555941e-07	4.622346158537423e-08
373.5455313449446	0.1601053642127112	139536.263987777	0.0256337276496849	366.35541247589816	0.02473545318378	0.0006118426442069	134216.2882503855	253.21673113846583	-0.1484458308574403	64118.71292845009	0.0220361646989557	266.65542555452	411.1719695287019	1.095332	30.456316	0.1056173026223724	0.0569750147080802	-0.0985990411	-0.0283462687	0.0655484935	0.001708068	-0.2316605116	0.0233222741	0.1163056563	0.0022583242	0.0173956051	0.0837453849	-0.014764315	-0.0425720187	-0.0432426448	-0.0275454738	-0.0869697576	-0.0824951184	-0.1397922199	-0.0552168903	-0.035193624	-0.1376394436	0.0358616265	0.020016657	8.78109e-05	-0.1210917197	0.0132719509	0.0900368144	-0.168255517	0.0994182282	-0.0535748907	0.0532304598	0.0127661894	0.1317900288	-0.1232889611	0.0884499277	-0.0403340928	-0.1108419248	0.0508517134	-0.0919049572	-0.0031104193	-0.1298513806	-0.1314726928	-0.0871603915	0.03997694	-0.0391809858	-0.0159764172	-0.0770777652	-0.0248593292	-0.0175056642	-0.0121494764	-0.0266084591	0.0266201313	0.0623723601	-0.0003471203	-0.0338806662	0.0566274937	-0.0654289179	0.0912000625	-0.1095081224	-0.0328742602	0.0686615561	0.0580151143	-0.0311962924	-0.0671793172	0.0765782751	0.0185797429	-0.0841672821	-0.1095216232	-0.0697797717	-0.073573873	0.0026920085	0.002290755	0.0574545924	-0.0985223062	-0.030414006	0.0141035672	0.0368482496	0.0193807473	-0.0112117243	-0.0407081831	0.037610729	0.02906359	0.0491304103	-0.064749074	0.0421228413	0.0771338885	-0.1866843835	0.1512770721	0.005137286	0.1198363245	0.0166934838	0.1003396488	0.0740140559	-0.001051135	0.0345963558	0.0146861635	0.1584241436	0.0942859961	-0.0982725246	-0.0768105283	0.0705135914	0.1427397317	-0.0284044664	-0.0614388803	0.0373949364	0.062368073	0.0395045217	-0.143030518	-0.1536443536	-0.1280092723	0.026495866	-0.0519161783	0.0548519041	-0.0456956782	-0.0184238701	0.0217778663	0.1186150694	-0.1298975614	-0.1103496359	0.0494601836	-0.0340643476	-0.0318682398	-0.0645330364	-0.0203055125	-0.0435269294	0.1140783549	-0.0332512038	0.0517298132	-0.0075924579	0.0740382623	-0.066227331	0.0722471215	-0.0181661686	0.0134698546	0.0499063614	0.0310186058	0.053286983	-0.007963679	0.1032732452	0.043688492	-0.0418042103	-0.0041807019	0.0317419936	0.08626176	0.0559949977	0.1010499839	-0.0108892723	0.0198786347	0.0223683123	-0.0419017355	0.1554129896	-0.0688266642	0.1115877798	0.0290939437	0.1023962361	-0.0395358008	0.0620629114	0.0181588898	-0.0428279223	-0.0949469359	0.027944877	0.0073392764	0.139045506	-0.0058226053	0.0925996515	-0.0193225615	0.0198742952	0.0599648835	0.0339031575	0.0916134164	-0.0186655652	-0.0244153304	0.1597936063	0.0522125763	-0.0667960755	0.0601223468	-0.0788654116	0.0413393483	-0.2285921125	-0.023063149	0.0892067757	-0.0283856843	0.0682347093	0.0091323458	0.1371443803	-0.066597516	-0.0194316843	0.0288095625	0.0848689627	0.0988164705	-0.0917060034	-0.0059011573	-0.0003410767	-0.0870796456	0.1068456526	-0.0351380151	0.0006872739	0.0313245315	0.0079155201	0.0782011853	0.0422249655	-0.0060079362	-0.0524969085	-0.0837475519	-0.0906887116	0.0	0.0156290744597669	0.0106834840422465	0.0001141368312809	0.0002442679684689	-0.0449697597672695	-0.0482590692361667	0.0023289377635411	0.0020222792935259	-0.159922872745966	-0.0220551228695242	0.0255753252273224	0.0004864284447898	0.0016952847265142	-1.094680868060009e-05	2.873990303952326e-06	1.198326202896615e-10	0.0009563869508042	0.000212768855251	4.5270585764863544e-08	9.146759996685552e-07	0.0004551896220328	-0.000268676865557	2.071975920063633e-07	7.218725808553428e-08
374.0224212530872	0.4768899081425957	139892.7716000218	0.2274239844882533	366.26440021875874	-0.0910122571394254	0.0082832309496128	134149.6108676071	253.02285984527967	-0.193871293186163	64020.56760428404	0.0375860783216751	265.7152822705431	409.4411919281471	1.202465	33.4352	0.2301314009067581	0.1265419585911835	0.0180433782	-0.0105867138	-0.0069193777	0.0046570026	-0.0471852463	0.000557299	-0.0366164274	0.0891025727	0.0816119081	-0.0310429402	0.0075939117	-0.0002465824	0.0201883301	-0.0977939704	-0.0788494888	-0.0443711039	-0.041211963	-0.0198206598	-0.1025140918	-0.0083554602	-0.009820125	-0.0259019112	-0.0453097352	-0.0116099459	-0.0046157505	-0.0415653045	-0.0992992103	0.0169261965	-0.0342671312	0.0685618646	0.037533716	0.1017900056	0.0184816794	0.0750275199	0.1027664484	-0.0234010054	0.0489162937	0.0420118032	-0.0599232758	0.0500149258	0.0636719946	-0.1152996086	-0.1165244633	0.0251366336	-0.1133568282	0.1574959275	0.1143861801	-0.0421743067	-0.0437942714	0.031785931	0.0357311562	0.0930981542	-0.0375841325	0.0067024691	-0.0251592846	-0.0797481887	0.0910781929	0.0414191148	-0.0446285614	0.1182482732	0.0295366741	0.0116290022	-0.0315884689	-0.0879470711	-0.0966917509	-0.0199996516	-0.1005661837	-0.0002738771	0.0719152514	-0.0417092497	0.0180339946	-0.123981494	-0.0174858274	0.055985696	-0.0459847371	-0.0236126415	0.1104061765	0.038730472	0.0280090747	0.0061496571	-0.0046549905	-0.0903007942	-0.0910779922	0.1464441351	-0.0177989484	0.0156958191	-0.1265197265	0.0919383843	0.0783894599	0.1339363937	0.0716915022	0.0385547511	-0.0121237065	-0.0309084494	0.0058629578	-0.0349933357	-0.0890465642	0.0652240075	0.0363171278	-0.1330456519	-0.0597433634	0.0590936603	-0.0843282789	0.0194104636	-0.0110518115	0.0969927128	-0.0912213053	-0.0503511533	0.006808274	-0.0506399455	0.0713274237	-0.0019050353	0.0288793036	0.0662158033	-0.0603987801	0.0063671919	0.0313581524	-0.0022262945	0.0007713499	-0.1039627899	-0.0120903333	0.184997521	-0.0305435165	0.0146875246	0.0340834872	-0.0909964533	-0.071230208	-0.01091695	0.1224844199	-0.0235676727	-0.0036572985	-0.0087819694	0.0668145798	-0.0454962513	-0.1059614508	-0.0180289035	0.0531380852	0.0404435928	0.0363961305	-0.0186728394	0.0413941093	-0.0525704217	0.0297266641	0.0117606972	0.1244143077	0.0280524018	0.0590948521	0.0694053292	-0.0107003296	-0.0069078098	0.0580360106	-0.0143204946	0.0272523053	0.0042770458	-0.0084848513	-0.0167595786	-0.0535355827	0.1067936499	-0.0780918382	-0.2113705974	0.0930711955	-0.074712348	-0.0552016101	0.0072077493	0.0668133838	0.0014435478	0.1417778802	-0.0794282339	-0.0104054535	-0.0915277637	0.0933574144	-0.026887119	-0.0154864223	0.0543848188	-0.0078515898	0.0245242272	0.0173837813	-0.0095154067	0.0424750258	0.0232977173	0.0173730876	-0.0512291859	-0.0299983539	0.0413993407	-0.0704344739	-0.1174100227	0.0821153488	-0.0331624078	-0.0135262055	-0.0005653586	0.0165354527	0.0800811108	0.0359571561	0.0578301442	0.0420113811	0.061988985	-0.0296045255	-0.0122175837	0.0775705533	0.0400772406	-0.0096019025	-0.0563615044	-0.0859839051	-0.0894621585	0.0	-0.0042853888763687	-0.0199144633361356	0.0003965858499662	1.8364557821704588e-05	0.0445903895796675	0.089560149346937	0.0080210203510456	0.0019883028428665	-0.0741318991621255	0.0857909735838405	0.0054955384733835	0.0073600911484632	0.0019520927058927	0.0002568079793785	3.810665932399484e-06	6.595033827246816e-08	0.0011411960524094	0.0001848091016052	3.415440403612119e-08	1.3023284300347982e-06	0.000710888833846	0.0002556992118132	5.053629340869258e-07	6.538208692189171e-08
373.738177191043	-0.2842440620441948	139680.22509008346	0.080794686807384	368.40453869363535	2.140138474876608	4.580192691647173	135721.90413007027	253.0902092082441	0.0673493629644212	64054.65399707276	0.0045359366917133	266.4501895936792	409.2443374699994	0.968604	26.932564	0.1425704313079377	0.0747748984810833	0.0270865299	-0.002973038	0.0216429581	-0.0189893674	-0.097671498	0.0350504782	0.0441269799	0.0305452821	0.0155423081	0.0308531445	-0.0909051471	-0.0480664101	-0.0608372588	0.0109759674	0.0703173533	0.0474095796	-0.1063870018	-0.0001461017	0.0037907555	-0.052700757	0.1136538614	-0.009289829	-0.0521798481	-0.0586252809	-0.0294028059	0.0792540109	-0.1096452971	0.1186257717	-0.0503835644	-0.1430676236	-0.0593991642	-0.0269705947	0.0575047701	0.0995389112	0.1017508038	-0.0010413987	0.0346668927	0.0710573746	0.0269932002	0.0781175915	-0.0152656365	-0.1530661281	0.1207077055	-0.0960267109	0.1605986577	-0.0961922269	-0.0683759254	0.0382797599	0.0911670137	-0.047308283	0.0266712841	0.0689661718	-0.036224332	0.0918051763	-0.1634222534	0.0311246505	0.1614362567	0.1630890269	-0.00046561	0.0083187626	-0.0299051005	0.0085508205	-0.0582507696	0.0211470103	-0.0607365117	-0.0166414652	0.058785689	-0.0298707795	-0.0030189641	-0.0471495772	0.0333182695	-0.0512746904	-0.0221362875	0.0722795955	-0.027092982	0.068679931	0.0267529758	-0.0317116449	0.0686204715	0.0192358938	0.1308982948	0.0009128911	0.0362957243	-0.0328311127	0.0350086011	-0.0013176242	-0.1257436511	0.0773814069	-0.097197683	0.0031751622	-0.0151714435	-0.0338768207	-0.0588870874	-0.0727595925	-0.1315861753	-0.0235149794	-0.022651025	0.0057233845	-0.0295381872	-0.1058925808	0.0410608405	0.0136669708	-0.0766049692	0.0240644849	0.1108879339	0.0532836339	-0.0399767303	-0.0944042334	0.0221029496	0.0065828785	0.0032442004	0.0765872141	-0.0694596611	-0.0434388541	-0.0658752087	0.1313426257	0.0281164827	-0.0588752898	-0.1239468967	0.0458452775	0.0382244355	-0.1233511211	0.0729924958	-0.0204169698	0.000951886	-0.112208621	-0.1228563196	0.0654079582	0.0403731123	0.0456932631	-0.0721978644	-0.1011268181	-0.0170254216	0.0955779673	0.0331446568	0.0473464931	-0.0052371925	0.1436850913	-0.19567359	0.1001760094	0.0427301472	-0.0521413019	-0.0403534003	-0.0186341179	-0.0654612381	-0.0737183451	0.0366052233	0.0114223873	-0.007623293	-0.0254146671	0.0341518026	-0.0834399991	-0.1373890892	-0.0356744171	-0.1310946621	-0.0505302739	0.016116818	0.0722224025	-0.0475795814	0.0168044745	0.0221074498	-0.0054538011	-0.0370815706	0.107659824	-0.0485349382	-0.0754673607	-0.0150684928	-0.0895635653	-0.0340531788	-0.0883782133	-0.0092317441	-0.1437914037	0.030653749	-0.0421476524	0.0111022056	0.0036366041	-0.007427502	-0.1469283476	0.0057632266	0.0462397471	-0.0080173668	-0.0350456972	-0.0777858413	0.0506524117	-0.0352253994	-0.0691156222	0.0099486483	0.0881619332	-0.1289522416	-0.0684664166	0.0224465124	-0.0723241993	0.0092184529	-0.0208329102	0.0310120174	0.0440529061	0.0652775364	0.069038637	0.0769265184	0.0379018183	-0.0131809392	-0.0600703222	-0.0878489756	-0.0876794186	0.0	0.0046173198310697	0.0089027087074384	7.92582223294995e-05	2.1319642422389523e-05	-0.0094981981532242	-0.0540885877328917	0.0029255753229387	9.02157681579116e-05	-0.1082029319699131	-0.0340710328077876	0.0117078744868856	0.0011608352765893	0.0026221557861742	0.0006700630802815	6.875700966966838e-06	4.4898453155633205e-07	0.0009369799847265	-0.0002042160676829	4.170420229986684e-08	8.779314917780722e-07	0.000746771727078	3.588289323200008e-05	5.576680123630589e-07	1.2875820266991171e-09
372.6725039618378	-1.065673229205231	138884.795209186	1.135659431444705	366.42523731904873	-1.979301374586612	3.9176339314404514	134267.4545443212	252.90149213459867	-0.1887170736454209	63959.16472390647	0.0356141338852912	265.4109977042308	407.6441706949036	1.126567	31.324833	0.1161704954482406	0.0663674410971533	0.0136008525	-0.0032209955	-0.0184691215	0.0640350338	-0.102837916	-0.0322639267	-0.0551138989	0.0459087819	0.0799651839	-0.0032863903	-0.0095392897	0.1006843842	0.1709432778	-0.0220835183	0.0165150523	0.0133302264	-0.0900008904	0.0167440827	0.0315337051	0.0037458012	0.054255836	0.0310336593	-0.0427587759	-0.1049069691	0.0039943375	-0.0226075335	-0.0047847382	0.0004785383	-0.0627787522	0.0792230721	0.1457678808	0.0628212512	0.0292436076	-0.0773821608	-0.0295248188	0.0080078868	-0.0120419714	-0.1162891551	0.0565717824	-0.0280142126	0.0497886723	-0.0263707892	-0.0276509841	0.0087573182	-0.0957823889	-0.0669765329	-0.0327636374	0.0745890918	-0.0455151099	-0.0004707598	0.0102393088	-0.1345337983	-0.0516301599	-0.0291758462	0.0940625719	0.1225713497	0.0370681402	0.1282041736	0.0618863408	-0.090253542	0.1189139774	0.0057263385	0.0462637235	0.0606645447	0.1264265142	0.0670636559	-0.0054810077	0.1278937556	-0.0339443008	0.0807433285	-0.0503226857	-0.1266706689	0.0213461967	-0.1244959973	0.1328732543	-0.1029535947	0.0066337025	0.0477333004	0.0504136573	-0.0804860775	0.0758570049	-0.1243105492	0.0033326375	0.0703919892	0.0975586688	0.0902204053	0.0390392782	0.1754834946	-0.0010874693	0.070749903	-0.0361129644	-0.0861419881	0.0758472643	0.035124045	-0.0196137812	0.0162718147	-0.0330630279	0.0650550728	0.1412242936	-0.0820735591	-0.045354363	-0.0182866948	-0.0601568703	0.0097174728	-0.103503955	0.0176453328	-0.0659591569	-0.0538162899	-0.1232835862	-0.1174549354	-0.0384007605	-0.0879814484	-0.0648920723	-0.1030625829	0.0428115648	0.0390243076	0.1332730699	-0.0307398536	0.0001155824	-0.0124145188	-0.069240348	0.0596668666	-0.1819788781	-0.1085675585	0.039700464	0.0017670538	-0.0636732821	0.0377989661	-0.0513736158	-0.0102398713	0.0212344952	0.2267799365	0.0031707905	-0.0602622046	-0.001979734	-0.0602023824	0.0014768722	-0.0802797142	-0.0416581914	-0.0027092827	-0.0353683479	-0.063382875	-0.1017732742	0.0527990746	-0.1727795805	-0.1133520528	0.0665102852	0.0415472945	-0.1470647555	0.0977486991	-0.086924364	0.0118919736	0.0331153574	-0.078245642	-0.0480938121	0.0803287686	-0.0496324083	-0.0393655497	0.0781250069	0.0604875854	0.0562503584	-0.0640510425	0.0434782875	-0.0076824657	0.0037007824	0.0858391401	0.0028434434	0.0088853411	-0.0824762016	0.0716852382	-0.0047632307	-0.0238142232	-0.1058255832	0.1247444933	-0.0018536058	0.0178195038	0.0794423386	-0.0239058015	0.0534636228	0.1101815889	0.0022883366	0.017219143	0.0249608523	0.0717439257	0.0794829605	-0.0495418805	0.1048092678	0.0189585518	0.1136638437	0.0159238318	0.1366876773	0.0084552975	-0.0610292176	0.0584288061	-0.1317813704	0.0096652425	0.00540827	-0.0625755305	0.0762691921	0.0357002023	-0.0167394815	-0.063613111	-0.0893347099	-0.0853515751	0.0	-0.0042022929535221	-0.0088196127845917	7.778556967013511e-05	1.7659266067221493e-05	0.0319456412146763	0.0414438393679005	0.0017175918215523	0.0010205239926168	-0.0577520421735897	0.0504508897963233	0.00333529837522	0.0025452922812407	0.0027070699039275	8.49141177532999e-05	7.328227464750044e-06	7.210407393821281e-09	0.0011540225307238	0.0002170425459972	4.710746677299008e-08	1.3317680014181638e-06	0.0007539381333159	7.166406237899946e-06	5.684227088678637e-07	5.135737836661127e-11
372.413286709708	-0.2592172521297584	138691.6561179272	0.0671935838017027	366.2006310270265	-0.2246062920222584	0.050447986415988	134102.90216459238	252.8877456010865	-0.0137465335121476	63952.21187519986	0.0001889671836005	266.08288813524246	398.09935657210406	1.072787	29.82943	0.0793814383563629	0.0520243033089092	0.0703255622	0.0076440905	0.0510425061	0.1031416661	-0.1079485963	-0.0552156467	0.0203379244	-0.0023360253	0.0786825368	-0.0158416899	-0.0790868168	0.0039681704	-0.0606591645	0.1176436861	0.067698635	0.0368379621	-0.1272486293	-0.0513696918	-0.0391948779	-0.0384557045	0.0968984779	0.0259343001	-0.1155313191	-0.0472022095	0.061346254	-0.0249056442	-0.1065129749	0.0516087341	-0.0737293484	0.0281488846	0.114816307	-0.0181242041	-0.0561306314	-0.0277579701	-0.0607211316	-0.0068310499	0.0556267887	-0.1493718855	0.0273567537	0.0502463724	0.0751429523	-0.0589961236	-0.0562112383	0.0791861869	-0.0242181718	0.0199032442	-0.0092354423	-0.0613192929	-0.0273126845	0.1040444256	-0.0141503733	-0.1338074168	0.0016835126	0.0856733508	-0.0205387202	0.1378490814	0.0172116506	0.0524424021	0.0770830813	-0.0752833432	-0.0382914352	-0.0910695244	0.0852133772	-0.0938683151	0.0345708845	0.087458615	-0.0322950747	-0.0984531281	-0.0018813814	-0.0870909744	0.0741699384	0.0455206225	0.0240589952	0.0902413606	-0.0937642568	0.108024341	0.0270212565	0.0396374539	0.0310062282	-0.0925442679	0.0169276437	-0.1137997839	0.0164461664	-0.0953021993	0.1000994975	0.0100124227	-0.0758034433	-0.107936623	-0.0414293385	0.0354246993	-0.0374220293	0.1282899905	-0.0269209325	0.0473374222	-0.1182909812	-0.031071548	0.0986131118	-0.0078554887	-0.0239270609	0.0630731105	0.0079757446	-0.0031320663	-0.1213690768	-0.001538195	0.1129188883	0.0900546007	0.0022693068	-0.0785516849	0.0065840413	0.013450542	-0.0365520141	-0.0419369518	0.0135747101	0.0260099561	-0.0690888397	0.1471504733	-0.0372745636	0.0421376335	0.0353623876	-0.0072476279	-0.0593518579	0.0915653043	-0.012133713	0.0105144618	0.0192350351	0.0650852413	-0.0572508481	-0.0076923509	-0.0707372265	0.0306691076	-0.0148324662	0.0114011545	-0.0073959958	0.0146838158	0.017888024	-0.0811570224	-0.0093123363	-0.1998960891	-0.0617657307	-0.0626121435	-0.0773506813	0.1385588613	-0.0581812593	0.0938990444	-0.0981113422	-0.0431153726	-0.031730754	0.0608374686	0.1016627493	-0.1690072835	0.0265350746	-0.108764077	-0.0315444393	-0.0411634267	-0.0496479719	0.036854221	0.0108647738	-0.1603645834	-0.0708075215	-0.0731486209	0.1074449409	0.0549279717	-0.1108854768	-0.0773152267	-0.1379677551	0.0231537564	-0.0465327729	0.024283138	0.0046599199	0.0567170718	0.0193205505	0.04759942	-0.0057984763	-0.0418714661	0.006463848	0.021913644	0.0158390536	-0.0963057136	0.0189348231	0.0611183549	-0.0122342585	-0.0524376485	-0.0994502213	0.0679798827	0.0212359635	-0.062176593	0.0668995885	0.0760763722	-0.0806538192	-0.0082079953	0.1196441978	-0.0480005191	0.0523980391	0.0372053184	-0.0148254499	0.1105828773	0.0146568436	0.0520614644	0.0755986879	0.033473914	-0.0202719962	-0.0669800789	-0.0904346925	-0.0824931004	0.0	-0.0075830507732064	-0.0033807578196843	1.1429523435356543e-05	5.750265902902618e-05	0.0097625231769171	-0.0221831180377592	0.0004920907258771	9.530685877984354e-05	-0.1033209692929091	-0.0455689271193194	0.0106752226956262	0.0020765271188058	0.0028660674403935	0.0001589975364659	8.214342572883748e-06	2.528021660225693e-08	0.0011540904304165	6.789969269997699e-08	4.610368268751307e-15	1.331924721578942e-06	0.0007598454047492	5.907271433299973e-06	5.773650391184755e-07	3.489585578668192e-11
375.22093611781526	2.8076494081072383	140790.7509011296	7.882895198844926	371.5906997251389	5.3900686981124295	29.05284057037142	138079.64812221835	253.93667766476463	1.0489320636781088	64483.83626341857	1.100258474212016	266.990704045894	410.9968373113434	1.189319	33.069675	0.1453108009393659	0.0779153802271282	0.0336328166	0.0289695261	0.0542874889	-0.0581666759	0.0675146645	-0.0163574948	-0.0797123574	0.1129070225	0.0328278861	-0.1257385031	-0.0863308293	-0.1446192823	-0.215514156	0.0253390834	0.2605900544	0.060747955	-0.0315940601	0.0553329907	0.123301529	0.0331520083	0.1308148789	-0.0534938573	0.003557698	0.0951806475	0.0337124225	0.0127582235	0.1743428451	0.0234224363	-0.0487070179	-0.0206076335	-0.1175858719	0.0575651144	-0.0153760243	-0.0448233724	-0.1058736028	0.0723177363	0.0147819826	0.1025929474	0.1097579586	0.0524652711	-0.0621962411	-0.0854524276	0.137564557	-0.0107723446	-0.0874128243	-0.0270189791	-0.0280139745	-0.0241097949	-0.0947231676	-0.0679804648	-0.0181608732	0.1574243693	-0.0496308184	-0.0462338591	-0.0074727291	0.0574368792	-0.0944911035	0.0908364294	-0.0219559256	-0.0311357511	-0.0208526907	-0.1169572681	0.0417814031	0.0937800793	-0.0046078446	0.0686948588	-0.1585164911	-0.0442869536	0.0199559236	0.0973632763	-0.0392302625	0.0453610588	0.1307336555	0.0160031348	-0.0280706162	0.1121598399	-0.1070818884	-0.0043786875	0.0651396963	0.0677180655	-0.0854488902	-0.0159306774	-0.0228449554	0.0042151643	-0.0102343599	-0.1096175797	-0.0158982289	-0.162869382	0.0137282882	0.1365352079	-0.0032274788	0.139676017	0.0843334118	-0.0744038374	-0.0612643004	0.0110587541	-0.0145480614	0.0146097232	0.0115374869	0.1132856202	-0.1333899144	0.1215138328	-0.0133957274	-0.1297805886	0.078029893	0.0719067861	0.0293091545	0.1002406118	0.2383508196	0.0657978636	-0.0342257741	0.0680458965	-0.0040921833	0.0262444771	-0.1290784888	0.0889725242	-0.1058019356	0.036082315	-0.082336082	-0.0166807658	0.1045992174	-0.1165208407	0.0571298218	-0.1277280922	-0.0458628107	0.133805961	0.0533959154	-0.0627597613	0.1144617002	0.1813372002	-0.0712468736	0.1014269906	0.1136575717	-0.0010838672	0.0148408408	0.1934566784	-0.0433282512	0.0757788748	-0.0726285049	-0.0605649406	-0.0028313388	0.0007814739	0.0221476442	0.1398598357	-0.0193924758	0.0254283229	0.0181862413	-0.022325595	0.0929050196	-0.1180964968	-0.0354921133	-0.0080581969	0.0098178518	0.0777258523	-0.0164324013	0.1618893559	-0.0021187928	0.0422380019	0.0124125417	0.0626916137	0.0366566844	0.0493500163	-0.0261656368	-0.0545424184	-0.0008652618	-0.0403583625	-0.0200269014	0.0998472224	0.0231636274	0.0472242538	-0.0346272829	0.1416641508	-0.0388575832	0.1116700737	-0.0348721265	0.0490587442	-0.0463551952	0.0199641742	0.0452492585	-0.0652276825	-0.0149087847	0.0265291714	0.0582721931	0.0036323234	0.0705363014	-0.0340068255	0.1079858765	0.0205008437	-0.1158961774	0.0789683937	-0.0329613998	0.0070006962	0.1103565204	-0.0203668166	0.0012115957	0.0442689363	-0.1111570284	-0.0184288942	0.0749151215	0.0312244919	-0.0237729909	-0.07016192	-0.0911441736	-0.0791217655	0.0	-0.0015986494216235	0.0059844013515829	3.581305953682724e-05	2.5556799732571508e-06	0.0050086403843181	-0.0047538827925989	2.2599401605768865e-05	2.5086478499422163e-05	-0.0407468545063451	0.062574114786564	0.0016603061521612	0.003915519841322	0.0022545951532057	-0.0006114722871877	5.083199304858635e-06	3.738983579986789e-07	0.0016267608374791	0.0004726704070626	2.2341731371272409e-07	2.646350822355703e-06	0.0011156707506712	0.0003558253459219	1.2447212239032388e-06	1.2661167680051094e-07
374.9139325550287	-0.3070035627865763	140560.4568238766	0.0942511875636513	367.92639298695127	-3.6643067381876335	13.427143871527294	135369.8306563885	254.09939446725136	0.1627168024867273	64566.50226862381	0.0264767578115046	267.0453750854172	415.8751108624054	1.121475	31.183245	0.0816539810799731	0.0475143399946553	0.0764715257	0.0523598268	-0.0205428445	-0.0812116937	0.0889402772	-0.0893679321	0.0123488053	0.0175231843	-0.0442168351	0.0159136895	0.0586188726	-0.0580462885	0.0960917588	-0.0090154346	-0.081263101	-0.0180537296	0.1592528598	-0.0435881597	0.0509223415	0.0897982127	-0.0752798625	-0.121068971	0.0964628529	0.0191662151	0.1373975754	-0.0676188455	0.0091275752	-0.0605880255	-0.0023591165	0.0039886806	0.057081886	0.0774198259	0.0917505379	-0.0080571531	0.0333997834	-0.0227441851	-0.03783496	0.0352083095	-0.0249776169	-0.0037049016	-0.1224702227	0.0850256699	0.0165911376	0.1922642563	0.0229934672	0.0110487325	-0.0184264387	-0.2470241766	0.0962170919	-0.1261809101	0.0203972969	-0.0792027876	-0.1011833197	0.0633316648	0.0601150915	-0.0234798173	0.0776335304	-0.023880921	0.1055852537	-0.020028242	-0.0518547237	-0.1173271603	0.0593856618	-0.0832659595	-0.0765549131	-0.0832440171	0.0252285858	0.0371162471	0.0253341811	0.0879666386	0.0064277946	-0.1674728602	0.0978920868	-0.0417004341	-0.0561232714	-0.0343847124	0.033058381	0.006634697	-0.0364097109	-0.0091617717	0.0970750105	0.0277119338	-0.0653739748	-0.1068694566	0.0114409955	-0.0203545409	-0.0079449708	0.0421407143	0.0172112052	0.1183512244	-0.0323734571	-0.1354777018	-0.0842440578	0.0404106186	-0.0627389775	0.0681808775	0.0472786666	-0.0325750357	0.0329330955	0.0849537609	0.0143626601	0.0924305217	0.0760778957	0.0375772119	-0.0980164259	-0.1006283537	-0.0505411718	0.150985951	-0.0192768717	0.1168033917	-0.0180356742	-0.013371789	0.0650851039	-0.1213755984	0.0332303065	-0.0757019546	-0.0190834018	-0.006822152	0.0437818345	-0.1043455285	0.025642077	0.1076922476	0.1189338291	0.0208833484	-0.0331026673	-0.1145268871	0.0666455141	-0.0059253463	0.0415811792	0.1061869136	0.1050055388	-0.0410149188	-0.1993771261	-0.0663977065	-0.1025948554	-0.1072933491	-0.0074331091	-0.098844327	-0.0060133077	-0.0510147714	0.1286908118	0.0108048478	-0.0258367332	-0.0318988157	0.0170280728	-0.083874358	0.0507466933	-0.0964003062	-0.021172918	0.0508252308	0.0640718516	-0.0916750731	-0.0786658611	0.0351076738	-0.1186436523	0.0735614414	-0.0305713657	0.0058662964	-0.1204467916	-0.0393306557	0.1479376541	-0.0453893485	0.1156060055	-0.064692209	-0.0051357711	0.0252735441	0.0195264463	0.064877292	0.0577137472	0.035862053	-0.1009004641	-0.1207332247	0.0204956796	0.0639476969	-0.0346311344	0.0693497815	-0.0266258427	0.0194209306	0.0200430057	-0.049081946	-0.0636684098	-0.0717362857	0.015454081	-0.0157752089	0.141225213	-0.0665931005	0.0537645924	0.0354085454	-0.1104114157	0.0299103971	-0.0329452715	-0.0483960292	-0.0388277655	-0.0711425728	-0.2100196705	0.0042585508	-0.2701053343	-0.2321887108	0.0742186113	0.0289534907	-0.0272370221	-0.0731498398	-0.0914600897	-0.0752585301	0.0	-0.0096937386543345	-0.008095089232711	6.553046968555356e-05	9.396856909853883e-05	-0.0028238747584907	-0.0078325151428088	6.134829346232915e-05	7.97426865164091e-06	-0.0518360122895984	-0.0110891577832533	0.0026869721700873	0.0001229694203418	0.0031001020889002	0.0008455069356945	9.610632961603384e-06	7.148819783075033e-07	0.0017740776717412	0.000147316834262	2.1702249657007023e-08	3.147351585370677e-06	0.0010157501422038	-9.992060846740005e-05	1.0317483513870398e-06	9.984127996495455e-09
373.8330520114719	-1.0808805435567592	139751.15077621187	1.1683027494395553	368.4671982474949	0.5408052605436069	0.2924703298316385	135768.07618435868	253.7583410050258	-0.3410534622255454	64393.29562962297	0.1163174640960315	266.7534306313002	412.3925579374044	1.068486	29.709843	0.1267699761792121	0.0635096441173172	0.0777004601	0.0519624511	-0.0536289701	-0.0062584313	-0.0011660195	-0.1160887169	-0.020163835	-0.0531933073	0.0304209513	0.0994055458	0.0050283998	-0.0028777747	0.0605366054	-0.0028643632	0.1190928326	0.2415599552	-0.0225257663	0.0148752859	-0.0161815243	-0.0187855053	0.2032959689	-0.025052625	-0.0082346034	-0.0490402555	0.1759324704	-0.0049079801	0.0619216892	-0.0380183507	-0.0067432639	0.0737873937	-0.13030017	-0.029738192	-0.0638356275	-0.000847061	0.1606819288	-0.0220540307	-0.0304295168	-0.0192427897	-0.0176580284	-0.0342637473	0.1208843638	-0.031414342	-0.0552686351	-0.0967938162	0.0413678364	-0.0769657732	0.092236296	-0.0516395869	-0.0090328146	-0.0302894756	-0.1377511473	-0.1257404775	-0.006089434	-0.0184811773	-0.1805582455	-0.0798702762	-0.0081700514	-0.0648635643	0.0780371082	-0.027799565	0.0348366556	0.0911686111	0.0869667683	-0.1272405638	-0.0366825144	0.0086370034	-0.1240778448	-0.1296464329	0.1215677931	-0.0144604183	-0.0163055636	-0.0087638498	0.0309822799	-0.0615759563	0.0901462725	0.0017310411	0.0148869076	-0.128532891	0.0826232789	0.1043833319	0.1352010725	0.0374273537	0.0420909838	-0.1511166389	0.0153710121	-0.0270759039	0.0936394483	-0.0485016888	-0.0702125175	0.0300500879	-0.0579864761	0.068398974	-0.0527223148	-0.0197205265	0.0814162726	-0.0712483665	-0.01751811	-0.0222499406	-0.0335990249	-0.0499757553	0.0182616316	-0.0425620286	-0.0012637451	0.0737203301	-0.0786431723	0.0333960855	0.0342140921	0.1005942414	-0.0613378855	0.1235118728	0.1058513241	0.0504999657	-0.1168441433	-0.1018904196	-0.1208593365	-0.077888536	-0.0847973706	0.0163542985	0.0570360903	0.124624732	-0.0894316811	-0.0308180595	-0.1241220477	0.0363931877	0.0452130141	-0.0411911407	-0.078261526	-0.0387448983	0.0537492327	0.1294037937	0.0549397016	-0.0286644956	-0.0326365712	-0.0901531963	0.0879317267	-0.1185441955	-0.0444009669	0.0624682468	0.0246235987	0.1268438187	0.0063778026	0.0594666533	0.1458835956	-0.0230232291	-0.091659224	-0.040660529	-0.1112413176	0.0269445948	-0.0203783523	-0.1358063589	0.1650596712	0.0349701559	-0.0181965837	0.0350019864	-0.1228155897	0.0403183589	0.0526640009	0.0044792734	-0.0198262584	0.0527313035	-0.0701095996	-0.0771249938	-0.0698402386	0.035165055	0.000664951	0.0889125208	-0.096658782	0.1991893006	-0.0238906939	0.0251667911	-0.0692600911	-0.0045044617	0.0696047743	0.0051222196	-0.0062995948	0.0625045857	0.06006868	0.0192839048	-0.027535968	0.0101546201	0.0003420404	-0.0630243742	-0.0285246853	0.0613808682	0.0268819632	-0.1351807939	0.1166482481	0.0959791084	-0.0414035731	0.0174828951	-0.0550732089	-0.153614922	-0.0725449398	0.0182102987	-0.053986089	0.0024631364	-0.0399218846	0.0137726468	0.0735092774	0.0266624798	-0.0306587036	-0.07593558	-0.0913810765	-0.070927412	0.0	-0.0004604723440451	0.0092332663102894	8.525320675672524e-05	2.1203477963038894e-07	0.0454912310839574	0.048315105842448	0.0023343494525669	0.002069452105534	-0.0626222168035681	-0.0107862045139696	0.003921542037393	0.0001163422078171	0.0033590734412779	0.0002589713523776	1.1283374383898552e-05	6.706616135233471e-08	0.0010638746576689	-0.0007102030140722	5.043883211973794e-07	1.131829287230119e-06	0.0008162165184037	-0.0001995336238	6.662094049150575e-07	3.98136670267998e-08
373.0453412274824	-0.7877107839894961	139162.82661152878	0.6204882792133466	366.2661705114653	-2.201027736029573	4.844523094771469	134150.90766113377	252.828481721484	-0.9298592835418162	63922.241169590765	0.8646382871888998	266.04673810629254	409.5987965244248	1.07411	29.866222	0.0838246589721273	0.0417932793644947	0.0079552247	0.0357324576	-0.007913883	0.0131643064	-0.0932701435	-0.1024991953	0.0499942377	-0.0479063639	0.0149895396	0.0466002132	0.0284115245	0.0704343763	0.0690776324	0.0377759234	-0.0294251397	0.0504868427	-0.0537469625	-0.0257506187	-0.0267964496	0.0535834596	0.063176686	0.0453998112	-0.0392435246	-0.0731291158	0.0161240199	-0.0884139122	0.0019784574	0.0462912738	-0.0032062112	0.0148720939	0.0784697398	-0.0162200567	0.041274567	0.0207034066	0.0910375746	0.0292857765	0.0454077491	-0.1639460451	-0.133675329	-0.1421371025	-0.0713237909	-0.0288980875	0.0434642718	-0.1156198421	0.132665522	0.0357651194	-0.0406062314	0.0425213297	0.0858951916	-0.0920563259	0.0446215189	-0.1328171984	0.0144550272	-0.0859526796	0.0018635837	-0.0147066846	0.0203473667	-0.0594242738	0.019715561	-0.1381396325	-0.1530767641	0.0341445874	-0.0112225056	-0.0082228765	-0.02580082	-0.0877214426	-0.0234033097	0.1298403586	-0.0038200245	0.0611184551	0.0213121747	-0.0521013604	-0.0239006427	-0.0962915377	0.0786062915	0.0610710142	-0.1681562701	-0.0353187669	0.0609051975	-0.1101911521	0.0031178629	-0.0028761096	0.0277909571	0.0657573515	-0.1536788524	0.0741118586	-0.0839009537	-0.0539159148	-0.0784413429	-0.0604811009	0.0298413618	0.0143497238	0.0516151202	0.0123567481	-0.1141716642	-0.0120845712	-0.0070047541	0.0071952483	0.0009016668	0.0711656659	0.0696526903	-0.081650651	-0.0197009698	0.026731957	-0.0843131136	0.0260802336	0.004082218	-0.0285576901	-0.1663480681	0.0315622448	-0.0995340983	-0.0157055708	-0.1166641434	-0.036988766	0.0173783664	0.0494776928	0.016729568	-0.070668204	-0.023761147	0.0583693315	-0.083880865	0.0744089924	0.068705334	0.0362150636	0.0379769031	-0.0411845672	-0.09530635	0.1040908038	-0.0067507773	-0.0248550444	-0.1451768882	-0.05367918	0.002896013	0.0566876779	-0.0214074218	-0.1105087047	-0.0395445643	0.0077940448	0.0637380742	0.0349602206	-0.0336656567	-0.0375595428	-0.0418118989	-0.0864774179	0.045783386	0.0047425015	-0.0172723672	-0.1236138921	0.0351716053	-0.0024548442	-0.0314946476	-0.1287198392	-0.006366464	0.1570425406	-0.0805563923	0.0488820094	0.0938009582	-0.0499248516	0.1081050151	0.1614560009	-0.0035465762	-0.0206488521	-0.0273954612	0.0033514353	0.1095700567	0.0658261028	0.013665102	0.0381894232	-0.0522572493	-0.0477099419	0.1111124464	-0.0343348827	-0.111486029	-0.0725515549	0.0130879775	0.0147865162	0.0664792217	-0.0387142308	-0.0037620656	0.0957936469	0.0022992391	0.0194466389	-0.0046759326	0.032180337	0.0651815327	-0.0094953876	0.0865258198	0.0501151945	0.0487506681	0.0313376206	0.1276622673	0.0119599694	-0.0204659151	-0.0040874031	-0.1592452076	0.0476869015	-0.0429171763	-0.0027452265	0.0727872424	0.0243530426	-0.0340327152	-0.0785114412	-0.0909074754	-0.0661553376	0.0	0.0076787353524281	0.0081392076964732	6.624670192632856e-05	5.896297661262909e-05	0.0417027313255005	-0.0037884997584568	1.4352730419827953e-05	0.0017391178000068	-0.0902980078876254	-0.0276757910840573	0.0081537302284736	0.0007659494121283	0.0027739857337835	-0.0005850877074943	7.694996851234384e-06	3.4232762546105214e-07	0.0009919492697012	-7.19253879677001e-05	5.1732614343041784e-09	9.83963353660744e-07	0.0010436266316044	0.0002274101132007	1.0891565461939462e-06	5.171535958595521e-08
372.869910953848	-0.175430273634447	139031.9704947305	0.0307757809074569	365.9085297450385	-0.3576407664268117	0.1279069178103573	133889.0521401757	252.58596707572624	-0.2425146457577511	63799.67076357986	0.0588133534070075	265.6357708435265	408.0503488456167	1.027022	28.55691	0.0643039891346102	0.0326076291967197	0.0180649164	0.0251926815	-0.0793863967	0.0578734693	-0.0548311897	-0.0113008639	0.0140286703	-0.0307043403	0.0467063497	0.0127658902	0.0351894547	0.0637157572	0.1022510263	0.0491494015	-0.01620102	-0.0787493423	-0.0462827699	-0.0107243478	0.0162167211	0.0631302615	0.0617129447	0.0726072146	0.0033847558	-0.0521061941	-0.0495958116	0.0089216106	-0.0048255819	-0.0129237993	0.0105393179	0.0370378157	0.0662998937	-0.0870109445	-0.0831726231	0.1205089874	0.0511183054	-0.0085026876	-0.0627027941	0.0478363638	0.0046734498	0.0034169047	-0.0183937759	-0.1063643187	-0.0709014955	-0.0195281777	0.1199367611	-0.0596043334	0.037305177	0.0046056395	-0.0235354996	-0.09075065	0.016392469	0.1259006638	-0.0966843107	-0.0002790198	0.0512569398	0.0585823541	-0.1093910355	0.0423799146	-0.0583742116	0.0114113936	0.0571304708	-0.0249652987	0.1038056192	0.0172479776	0.0798411955	0.1214141575	0.0289314004	0.0481486861	0.0812722599	0.0101836521	0.0452138641	0.0661413062	0.0414160815	-0.0996542471	0.1416283678	0.0515986278	0.0700129902	-0.0296853439	-0.0762843552	0.0954959618	-0.1209217688	0.0546014772	0.0460154022	-0.1198548941	-0.1547841792	0.0382985566	-0.0302821232	0.0514282537	0.1931338804	0.0706919389	-0.004628649	0.0035113263	0.0791069508	0.0920433047	0.0255002889	0.0079920533	0.0094075009	0.0023257772	0.0104687157	-0.0861517059	0.017932243	-0.069199065	-0.0169645497	-0.0219983365	0.0188642438	-0.0405121638	-0.0311415944	-0.0328975893	-0.0754875434	-0.0627429326	-0.073018788	0.0008076661	0.0092417141	0.0402387693	0.0198942312	0.0371646189	-0.0145512378	0.0556977681	0.0103159051	0.0184308285	0.095885807	-0.0255748752	-0.1188158759	0.0687790605	-0.0269365384	0.0241596375	-0.117703704	-0.0758468742	0.1455833853	0.0617990932	-0.0965932121	0.0589019098	-0.0964654673	0.0278877034	-0.0103943859	0.0090665432	0.0230948506	0.0908125087	-0.0505380393	0.0557388932	-0.1165388398	-0.0393533506	-0.0093830357	0.0013895941	0.1059195701	-0.0116468775	0.0397710817	-0.0404358015	0.1375962716	0.0229205339	0.0011734953	0.0659095244	0.0747261159	-0.0379920734	0.1354588188	-0.0248869008	-0.0387752764	-0.0343605829	0.0213522057	-0.0626216404	-0.0513423869	-0.0358902435	0.1438226148	-0.0995609305	0.1163399318	0.0317608262	-0.0326929472	0.0774221271	-0.2010463546	0.0486795079	0.0408846619	-0.1604807857	-0.0674715229	-0.0152224768	0.0272367848	0.008109307	0.0938024646	0.0196601267	-0.026235329	0.070582419	-0.0043944661	0.0117583411	-0.0830200333	0.0115230815	0.0054627797	0.1057834346	-0.0297657181	0.0503967313	-0.0510940892	0.1152411502	-0.0295878369	0.0148652425	0.133045024	-0.007925676	-0.0463176644	0.0435300546	-0.0231288874	0.0861571571	0.0720526312	0.0220267751	-0.0373538109	-0.0808703038	-0.0900413312	-0.0609719752	0.0	0.0098328749901099	0.0021541396376818	4.64031757863188e-06	9.668543057112876e-05	0.0235739710008999	-0.0181287603246006	0.0003286519509068	0.0005557321087512	-0.0880849736717976	0.0022130342158278	0.0077589625867612	4.8975204404245775e-06	0.0024766552536294	-0.0002973304801541	6.133821245330108e-06	8.840541442866779e-08	0.0011122767164428	0.0001203274467416	1.4478694439352592e-08	1.237159493940777e-06	0.0006251234593701	-0.0004185031722343	3.9077933945484107e-07	1.751449051701722e-07
372.2067934061549	-0.6631175476931048	138537.89705769203	0.4397248820585172	365.25373856917673	-0.6547911758617602	0.4287514839864265	133410.2935387605	252.0528510030636	-0.5331160726626365	63530.63969877258	0.2842127469312335	264.7433172709078	405.6257953050799	0.945512	26.29048	0.0728789660295815	0.0365313712549348	0.0445606133	0.0064215184	-0.09038298	0.1103802811	-0.0022509102	0.0101946636	-0.0134268967	-0.0094530942	0.0772750806	-0.0944552949	0.0571502384	0.0922828624	0.1043442904	0.0349804587	-0.0111071675	-0.0615470615	0.0366225403	-0.0409132118	0.01632178	-0.0324786379	0.0487210672	0.1033084523	-0.0864164001	0.0044905646	-0.1028416466	-0.1723686297	-0.0455861273	-0.1497281511	-0.0356031588	-0.0583641013	0.0199032397	-0.0206871871	0.0623402317	-0.0516236651	-0.0674683566	-0.0903124176	-0.0209534609	0.0096143873	-0.0257564958	-0.0022341819	-0.0230331672	-0.0517981692	-0.0358477189	-0.0237029456	-0.0427519208	-0.0793093172	0.0115592109	-0.1152743294	0.0057615217	-0.0515780547	0.1365757106	0.0628979139	-0.0076624644	-0.040072326	-0.0710370662	-0.1336494224	-0.1398926522	0.0394282131	0.119959354	-0.0190535718	-0.0660905545	-0.0791780003	-0.0468674753	0.1096170608	-0.0379607564	-0.0197043328	0.091041017	0.0225914549	-0.0862968851	0.1259973305	0.0490704196	0.1935032102	0.2299119367	0.0113807611	-0.020498219	-0.0905258738	0.0587095625	-0.0311110297	0.1033819802	0.029890521	0.0535446345	-0.0367240151	0.040816626	0.0069950569	-0.0360506175	0.0449214188	0.0426603838	0.0377975806	0.0801331051	-0.0962464952	0.0788807939	0.096456126	0.0558768341	-0.0050936348	-0.0100452603	-0.0796846143	-0.0476616717	-0.018662864	0.0011109391	0.0606526954	-0.0581494362	-0.0501940685	-0.0788387177	-0.0144783991	-0.068500001	-0.0860175821	0.0083543105	-0.0429950987	-0.0152271314	-0.1767039423	-0.129090299	-0.0407255978	0.102886408	0.0409662753	-0.0149777137	0.0077586544	-0.0650474669	0.1247861438	0.0275915228	0.006205287	-0.0133662611	0.0598719263	-0.0556744858	0.0810205026	-0.0693235061	-0.0507097829	0.0492779448	-0.0117616078	0.1011395898	-0.0144994968	-0.0337911466	-0.0446069698	0.0540117546	0.0252772799	0.0271291053	0.0293519276	-0.0485096372	-0.019876565	0.0002882157	-0.0177750936	0.0540551983	-0.0105466967	-0.0792801636	-0.0962007724	-0.0265079359	0.0302401102	-0.0160505235	-0.0721057216	-0.0441825719	0.1438258301	0.126023915	-0.0391088159	-0.0521314139	-0.0109081566	0.0139455296	-0.1232825458	-0.0880263662	-0.031639034	0.0400956372	0.0347435951	0.0656176263	0.003329507	0.1630830887	-0.0576200108	0.0543509244	-0.0656103138	0.040710743	0.1027929769	-0.0211362082	0.0030239168	0.0513125288	0.1388898626	0.0229608939	0.1435816665	-0.0001438191	0.0167058217	0.0725207385	0.0741164736	0.0208439598	0.0440153442	0.0352890631	0.0173055399	-0.0869516804	0.0203511206	-0.0204769188	0.0657624698	0.0491294513	-0.0384632912	-0.044771383	0.130971019	0.0066331033	0.0055987807	0.0494335672	0.0772762125	0.0385443144	0.0419669206	-0.1668682076	0.0946234758	0.0713055705	0.0196852849	-0.0406168267	-0.0830056482	-0.0887863842	-0.0554095495	0.0	-0.0004063868935588	-0.0102392618836687	0.0001048424839223	1.6515030725637146e-07	0.052132748850795	0.028558777849895	0.0008156037922796	0.00271782350274	-0.0734519161485849	0.0146330575232127	0.0053951839858987	0.0002141263724776	0.0024135487489376	-6.310650469179991e-05	5.8252175634982544e-06	3.982430934416164e-09	0.001034555356709	-7.772135973380004e-05	6.040609758870753e-09	1.070304786095286e-06	0.0008732529704006	0.0002481295110304	7.625707503134711e-07	6.1568254244235e-08
372.151021299267	-0.0557721068879004	138496.38265408747	0.0031105279067153	365.06942635850834	-0.1843122106683949	0.0339709910014708	133275.68606173035	252.5229579161021	0.470106913038478	63767.84427469747	0.2210005096865671	265.3546268829511	404.5695544897597	0.8805819999999999	24.485088	0.1056120027825092	0.0529916314377517	0.0109885253	-0.0064659986	-0.0734884809	0.1098960938	-0.0257744211	0.0198662792	-0.0543422872	-0.0759013645	0.1125035613	-0.0282017799	0.0338997281	0.0884095105	-0.0026121253	0.0605819148	0.073493229	-0.1151985363	0.0589083226	0.0108753349	-0.0448953012	-0.1043295751	-0.0476370761	0.1334605521	-0.0277742175	-0.0441927659	-0.1030548318	-0.0033951745	0.014273934	-0.0039156319	0.0120266425	0.0955902915	0.0053924405	0.0159159392	0.0519717298	0.0060953658	-0.0618491228	0.0607836652	-0.0341379663	-0.0428437398	-0.0188228212	-0.0308262912	0.0420090387	-0.0078286341	0.135226353	0.061198738	0.025865259	-0.098277688	-0.0095288831	0.0448314998	0.1384569276	0.0774190602	-0.175274084	0.0428840744	0.0009857535	0.0466432924	-0.0766736586	-0.0432142386	-0.1049150391	-0.0154483076	-0.0391841485	0.055280494	-0.0368362135	0.0493094125	-0.0633818272	0.0542143054	-0.0313606079	0.0060492061	0.0088294976	0.0033112836	-0.0328856263	0.0184251041	-0.1106765867	0.0895034378	-0.0573014476	-0.0379560985	-0.0674081948	-0.0939274718	0.0964950279	-0.0108831695	0.0778868929	0.0201553076	-0.0342450755	0.0709941325	-0.0568413416	0.0078777899	0.103703531	0.1053652332	0.0111951931	0.0996524108	-0.0011642303	0.0391517374	-0.0839248009	0.0317824009	0.0098021504	0.0936623004	0.0251384775	0.0404535416	0.0045202553	0.0370449566	-0.0001502395	0.027501289	-0.0495799484	-0.10800063	-0.0633068702	-0.0320981774	0.0276770397	-0.0467232769	0.0340634192	-0.0039286896	0.0073581433	-0.1219820598	-0.0753128511	0.0218615416	0.0527589406	0.0410769374	-0.0907283047	-0.0535094253	-0.0345327217	-0.0909026799	-0.0382585826	0.0019197937	-0.1094519899	-0.1405825623	0.008225611	-0.0629996429	-0.0881824751	0.0201258142	-0.0577489086	-0.0125949987	-0.0745710582	0.002709502	0.0210550315	0.0588481061	-0.0491522838	0.0396597556	0.0500052227	0.0151758713	-0.0111003775	0.0138208729	0.038179901	0.0579574251	0.0584793371	-0.0105103714	-0.0364157829	0.0321876427	0.1111629854	0.0537762642	-0.0264699048	-0.0758710521	-0.0842366082	0.0364035405	0.0251971186	-0.0134772438	0.0143032265	-0.1244315823	0.0065247792	-0.0480610491	0.065103185	0.0925546425	0.0631362875	-0.0501504073	-0.0344737892	-0.0231151212	-0.1269367385	-0.1338621072	-0.0858672551	-0.0662994897	-0.1331424547	-0.0193651466	0.0342405663	0.0090185801	0.0215177566	-0.1224027738	-0.1026935885	-0.0447256884	0.0273093283	-0.0049440144	0.0808690757	0.0574144186	-0.0656144311	0.0430470314	0.003130118	0.0501881822	-0.0925931932	0.015695366	-0.0592016502	0.1397340375	-0.0034216201	0.0565743519	-0.0561226826	0.0905410254	-0.0700144438	-0.0526836796	0.0536928593	0.0059608732	0.0499406005	-0.0526509946	-0.0708557931	0.1133138695	0.0705461896	0.0173301903	-0.0438166893	-0.0849115724	-0.0871480531	-0.0495026423	0.0	0.0194464098830735	0.0198527967766323	0.0003941335398542	0.0003781628573404	0.0088812760840824	-0.0432514727667125	0.0018706898964896	7.8877064881694e-05	-0.0843137934467392	-0.0108618772981542	0.0071088157653794	0.0001179803784401	0.0025887440305895	0.0001751952816519	6.701595655912771e-06	3.06933867130886e-08	0.0006929815691005	-0.0003415737876085	1.1667265238121665e-07	4.80223455112991e-07	0.0007571049208408	-0.0001161480495598	5.73207861161354e-07	1.3490369416545757e-08
372.7615102281202	0.6104889288532149	138951.14350754896	0.3726967322523457	366.5853402218245	1.5159138633161433	2.297994840994075	134384.8116655508	252.96699944409457	0.4440415279924821	63992.30280774854	0.1971728785818982	265.71603337114715	403.56849413003386	0.934987	25.997835	0.1676107425639341	0.0778641541124584	0.057455745	-0.0085906932	-0.0795963848	0.0745122333	-0.0294119332	-0.0201474062	-0.0749800987	-0.0286050606	0.0888162779	-0.0279874568	0.0620400389	-0.0142911232	0.0836513111	0.0110394993	0.0610510855	-0.025789625	0.1255526814	0.05192376	-0.1183640595	-0.0814202994	0.0015580671	0.0579879779	-0.0678094186	-0.013607309	0.0245850257	-0.0697350023	0.0584645613	-0.1056970663	-0.1111015906	0.0686341848	-0.0251245949	-0.1762840745	-0.0442024094	-0.0707421026	-0.1241732416	-0.0203595489	-0.0080634225	0.054810971	-0.0071005248	-0.0636693876	0.0434417714	0.0443485881	-0.0402965525	0.1201205851	0.0892858253	0.0901628163	-0.001062378	0.0024914162	-0.0893096296	-0.0365546515	-0.1010578407	-0.0275135454	0.0882728982	-0.0874148339	-0.0593703745	0.0270075035	0.06683328	0.0797364539	-0.0264633106	0.0009745845	-0.0773412605	-0.0421436334	0.0364754325	0.1321161278	-0.1509503527	-0.0122509452	-0.0340526987	-0.0626752093	0.0341743262	-0.1157110658	0.0031944011	0.0679916312	-0.0398258318	0.0792505826	-0.014323479	-0.0862582206	0.0075397086	0.0298157628	-0.0041547219	-0.0141747456	0.0100362285	0.0213720796	0.0385033708	0.0519955034	-0.1388379066	0.0477716418	0.0356493954	0.0285466249	0.0898408934	0.0346091753	-0.0416780152	-0.1215925566	0.0472952007	0.0493555295	-0.0332480773	0.1112302217	0.0198556115	0.0323189309	0.0628722633	-0.0920689545	-0.0816678077	-0.0421533089	-0.0549436357	-0.0010997552	-0.0753478609	-0.0073946849	0.0094657316	0.0452609421	0.0064913442	-0.069078355	-0.0204712407	-0.0058876051	-0.0275403337	0.0191928413	-0.1039667503	-0.0583869633	0.0211966783	0.0738904646	0.1887364285	0.0622565956	0.0405804694	-0.0981513158	-0.0060559109	-0.0710541308	0.0622526063	0.1232603571	0.0999581548	0.0841096975	0.0157709075	0.0366077372	0.004336541	0.0178016238	0.0152857972	0.0762509583	-0.0724961799	0.0315718113	0.0483668155	-0.1042077564	0.0396271846	0.0360706653	0.1140486327	-0.0701601875	-0.0658092003	-0.0037653063	0.0401108637	0.017928353	-0.0252734238	-0.1450631148	0.0704213892	-0.1704737493	0.008529832	0.0188156169	0.0712445908	-0.1076569818	-0.063732491	-0.170781056	-0.004945999	-0.0048780077	-0.1017480579	-0.0496195812	-0.0141435953	-0.0325015801	0.0407971734	-0.070311823	0.0481369896	-0.010941917	-0.0664854058	-0.1130493851	-0.0992308486	-0.0236737841	0.0456198323	-0.0422036755	-0.0112796021	-0.061904098	-0.0136959614	0.0366997725	0.0839732245	0.0981591683	-0.016672647	0.0612515739	0.0883157549	-0.0024530241	0.0098776825	-0.0473428751	-0.0203824755	0.106850182	0.0046672283	-0.0411951561	0.0287669931	0.0988826498	0.0092454217	0.0632786203	0.1365610685	-0.0515814852	-0.0177004463	-0.0519683539	-0.116225474	0.0358552931	0.0697746196	0.0149631188	-0.0469484232	-0.0865828087	-0.0851334125	-0.0432879769	0.0	0.0061594357438679	-0.0132869741392056	0.0001765436817759	3.793864868283751e-05	0.0636224097928277	0.0547411337087452	0.0029965917197187	0.0040478110278464	-0.058484616938621	0.0258291765081182	0.0034204504184572	0.0006671463590875	0.0019208800391326	-0.0006678639914569	3.689780124738059e-06	4.460423110847424e-07	0.00097723017433	0.0002842486052295	8.079726957491616e-08	9.549788136210423e-07	0.0012800614883117	0.0005229565674709	1.6385574138587644e-06	2.73483571460946e-07
372.4615986655455	-0.299911562574664	138727.6424804939	0.0899469453659766	365.5825989081732	-1.0027413136512564	1.005490142103047	133650.63662445426	253.18155895185865	0.2145595077640791	64100.90179329347	0.0460357823719639	266.1286507214007	402.6054556455076	0.914112	25.417408	0.1308632902286839	0.0660927931727153	0.0467715815	0.0029307282	-0.0323374163	0.0745907068	-0.074876236	-0.0522826796	0.0248820714	-0.0571998773	0.0671701587	-0.0261823629	0.0359068934	0.0260249819	0.0630268527	0.0788235808	0.0022472621	-0.0425373309	0.0286941982	-0.0215995206	-0.0850881204	-0.0060934379	0.0443288582	0.0639273499	0.0092626632	-0.0594337129	-0.0272269631	-0.065085085	0.0694617795	0.0362072635	-0.0443735928	0.0500349652	-0.1730640533	0.0563366065	-0.0063670608	0.0212895438	-0.1364410883	-0.0041733545	-0.0134621412	0.0685500174	0.0473110303	0.0047227729	-0.0355524544	-0.013897834	0.0073395866	0.0283287197	0.0444509785	-0.0310634068	-0.0204588387	0.038186885	0.057848911	0.0847762482	0.1950396876	0.0023606518	0.0985569133	0.0543346948	0.0987054806	0.0360335389	0.0752969799	0.0597923265	-0.1086423625	-0.0337699888	0.0299866105	0.1904356485	-0.0326630327	0.0635078749	0.0375015056	-0.1015088723	0.0443197892	-0.0125522141	0.2354104026	0.0093131003	-0.0375479028	-0.1215301887	0.0720784858	0.0446071356	0.0607003881	0.0901011397	-0.0108883447	0.0598380123	0.0583427978	0.0139526101	0.0453413125	0.0443872087	0.0079544499	0.0836507887	0.0429388592	-0.0556006474	0.0040594761	0.0377383571	-0.0565424739	-0.0731269038	-0.1439882675	0.0077629658	-0.0842804311	0.0372945884	-0.0025257769	0.0613985152	-0.0152630348	-0.0483693706	0.0148131297	0.0834917907	0.010345408	-0.050982898	-0.0241217932	-0.0505470058	-0.0287797178	-0.0175100484	-0.0127301299	0.0800405344	-0.0462451586	-0.0058184045	-0.048486683	-0.0303066083	-0.0501113604	0.0135266404	-0.0720098065	-0.0035783416	-0.0189793939	-0.0326486824	-0.0731633582	-0.0392222551	0.1062134825	-0.0695306435	0.015518681	-0.0042419573	0.0456144239	-0.0797801653	0.0741762506	0.0524180939	-0.0868023049	-0.1299857931	0.0998793672	0.05511114	0.0461451951	-0.0431013103	-0.0256231761	0.0450917654	-0.0286173984	-0.0480795248	-0.1612967526	-0.0546763439	0.0332281466	0.0012193665	-0.058269713	-0.0154268964	-0.0710275647	0.0630293306	0.1173761024	-0.0302834249	0.0688676895	-0.0854592086	-0.089004645	-0.0327215627	0.1289399419	0.157066166	-0.064867978	-0.0340870174	-0.0708395111	0.1083262559	0.0052176971	0.0456026364	-0.1227503697	-0.0115582821	0.0739105774	0.1315130267	-0.0022829709	-0.0131234306	0.0280997475	-0.0252730276	0.0074888543	-0.0833861683	-0.0129098419	-0.0855268182	-0.0145668091	0.0299595442	0.0125647316	0.0251362144	0.0895828526	0.0340940343	-0.0697803678	0.0779846796	0.0012944496	0.0283711447	0.0199871427	0.0184619283	0.0121213945	0.0834141937	-0.0211934062	0.0719891327	0.0415551674	0.0190278997	0.0736474021	-0.0181279702	0.065565799	-0.0448556636	-0.1211119356	-0.0649118056	0.0127142641	0.0077301503	0.0689909938	0.0125857064	-0.0500071591	-0.088014738	-0.0827511615	-0.0368041899	0.0	0.0157915750511392	0.0096321393072713	9.277810763468084e-05	0.0002493738425957	0.0142829447514998	-0.0493394650413279	0.0024343828105644	0.0002040025107743	-0.0651319694013707	-0.0066473524627497	0.004242173438101	4.4187294764024525e-05	0.0025040841029862	0.0005832040638536	6.270437194828202e-06	3.40126980095354e-07	0.0011479145808563	0.0001706844065262	2.9133166631235237e-08	1.317707884942495e-06	0.0007290632903449	-0.0005509981979668	5.315332813285319e-07	3.035990141626609e-07
372.9265915060524	0.4649928405068522	139074.24265232205	0.2162183417226308	366.5937317362832	1.0111328281099643	1.0223895960816551	134390.96414833397	253.3701051325837	0.1885461807250408	64196.41017489651	0.0355496622659997	266.2418406973185	404.3498528055479	0.936653	26.044168	0.1087226724526237	0.047319480656472	0.0380411416	-0.0334627816	-0.0098179832	0.0580551168	-0.0694361249	-0.1046804387	-0.0008744246	-0.0177376465	0.0454910342	-0.0494000335	0.0124311443	0.0050742063	0.0504803708	0.0181432313	0.0020237752	0.0034268461	0.0249323574	-0.0375494765	-0.1137195591	-0.0130725077	-0.0048253883	0.0053428324	-0.0386489414	-0.1155859369	0.0227733967	-0.0800730974	0.0731252552	0.0495094632	-0.0180832078	-0.0288558555	-0.0109550635	-0.0486344924	-0.0464623266	-0.1485217137	0.1750512709	-0.0537381568	-0.0079151821	-0.0681042067	0.0339967621	0.0210424419	-0.0971478499	-0.0718487754	0.1036343528	0.1064067566	-0.0840053018	0.0465421752	0.0375864182	0.1132729359	-0.0605735085	0.0882356162	-0.0745518579	0.0070595961	-0.0045895777	0.0902727362	0.1145611079	-0.0377732789	-0.0264605166	-0.0213531591	-0.0438086381	-0.0554694932	0.0445533734	0.0294093923	-0.0200697582	-0.047856103	-0.0027219405	0.0359445989	-0.0087736925	0.0016101142	-0.0014661008	0.0311719221	-0.065266636	0.0828039454	-0.045283955	0.0795213145	0.0197403316	0.0044841726	-0.0272537175	-0.0339714632	0.0950118414	-0.0712748474	0.0337820152	0.0484484222	-0.2019258599	0.049027434	-0.0189468743	0.0710847656	0.0003143616	0.0132501869	-0.0262056558	0.0069512783	0.0773909211	-0.0070173064	-0.0413183973	-0.0727016683	0.0243285631	-0.1202711594	-0.0988050265	-0.0063648759	0.0594836583	0.0145861481	0.0156036637	-0.0260477977	-0.0726541763	0.0328361191	-0.0827836239	0.0427153636	-0.0012230003	0.0479696716	0.0339763436	0.0581659322	0.0025487113	-0.0592200647	-0.1149679299	0.0131015144	0.0133911798	0.0247420825	-0.0490925342	0.0332487989	0.1243689457	0.0992453509	-0.0127611267	0.0022716073	0.0238673787	-0.0586843407	-0.0667766159	-0.0865103633	-0.0206336053	0.1841540671	-0.0645964297	-0.0480795645	0.0038461171	0.0812784814	-0.0431792294	-0.0953507567	0.1165103033	0.0944330504	-0.0938449962	0.0116478522	0.0102331048	-0.1330834574	0.009150114	-0.0741669674	0.0106713196	0.0510488958	0.0464740117	-0.0811634997	0.0817646703	0.0624617712	-0.0636250706	0.027217321	-0.0193601535	-0.0353769109	-0.02516085	0.1328017	0.058920216	0.0242495577	0.0481774334	0.0303044421	0.0257512979	-0.0662263782	-0.0403280009	-0.0320543518	-0.0494384812	-0.0527989343	-0.0357237477	0.0158542029	0.0028604117	-0.0181634337	-0.0647056634	-0.0218721856	0.0344477452	-0.0084617809	-0.0391467619	-0.0777799197	-0.0149869151	0.0248072133	0.0758078118	0.0548139268	-0.0215296352	0.0242618233	0.056531904	-0.0466489121	0.124021026	0.0560742781	0.0109407729	-0.0050748675	0.0878426831	0.0235040298	0.1448020402	-0.0290656142	0.0616455584	-0.0102430659	-0.0069902808	0.0212066712	-0.0609840405	-0.0879745819	-0.0617281232	0.0319046011	0.0681954477	0.010199596	-0.052988141	-0.0892034024	-0.080011587	-0.0300915909	0.0	1.7055914995012245e-05	-0.0157745191361441	0.0002488354539765	2.9090423631708355e-10	0.0470457268312287	0.0327627820797289	0.0010733998896038	0.0022133004130785	-0.0798649994732514	-0.0147330300718807	0.0063784181408624	0.0002170621750989	0.0021732550679233	-0.0003308290350629	4.723037590254308e-06	1.0944785044064953e-07	0.0013711811025469	0.0002232665216905	4.9847939707819146e-08	1.880137615981732e-06	0.0010840145568888	0.0003549512665438	1.1750875595468212e-06	1.259904016211187e-07
372.9182301742479	-0.0083613318044513	139068.00639629335	6.991186954412902e-05	366.2661619844949	-0.3275697517883031	0.1073019422866505	134150.90141485224	252.7692056253921	-0.6008995071915706	63892.271312491765	0.3610802177430724	265.94628788016314	406.0615037381141	0.964762	26.825743	0.0867828857144922	0.0475079188796117	0.010571823	-0.0264410002	0.0087614987	0.040715334	-0.048254413	-0.0455306636	0.0155238283	-0.0132640645	0.073813987	-0.0074224644	0.046691537	-0.0273521347	-0.0096105701	0.0263203896	0.014299954	-0.0947192981	0.0007654807	-0.0275660724	-0.0530739184	0.0569810515	-0.0153849671	0.0409140698	-0.068575034	0.0178699726	-0.0076004541	-0.0321066836	0.0788763007	0.03701826	-0.0814545576	0.0697051979	0.0515979377	-0.024728895	0.0471894433	0.0353201146	-0.0115407002	0.0506384021	-0.0721472964	-0.1030832998	0.1272787811	0.0537293623	-0.0186870557	0.0887743729	0.0883952885	0.0082566799	0.0026458672	0.0500692171	0.0256300598	0.1673974833	-0.0359258723	0.0902130647	-0.0980743007	0.0480623276	-0.1374749134	-0.0572049581	-0.1631983598	-0.1412303996	-0.1266133694	0.0018158723	-0.0055184626	0.0441372288	-0.1203681691	-0.0266620301	-0.1548738929	-0.0078167779	0.0018993339	-0.1348400129	-0.0232083756	-0.0758788446	0.0317595186	0.0838832091	0.1249124282	-0.104613012	0.0350296629	0.0998985887	0.1156047534	-0.1220447825	0.0632096248	0.0435345213	-0.0614112383	0.0887447618	-0.0252268836	0.0626787764	0.0154386346	-0.011676426	0.0390447851	0.0367617142	0.0274506564	-0.0877542562	-0.0513652641	-0.0360100717	0.0364513319	-0.0885219883	-0.0348832103	-0.0735128731	0.0731911353	0.0386680927	0.0327150099	0.0898097936	-0.1095320581	0.0256199957	6.74233e-05	-0.0120955384	-0.0800447424	-0.0056964846	0.0466659212	0.0093148476	0.0231102684	0.0168040535	0.0353885538	0.0448347828	-0.0805674851	-0.0408469546	-0.064207729	0.0501386979	-0.0556804031	0.0174618356	0.029656027	-0.1616552633	0.1356200413	-0.0183707155	-0.1038475861	0.0314998279	0.0881399504	-0.0440044544	-0.0405886354	0.0830355645	0.0747041015	-0.1047062528	-0.0212539681	0.0051578741	-0.0885742361	-0.0279000015	-0.0247949237	-0.0190580296	0.1840633182	0.0078387875	-0.0812639222	0.0110307328	0.0536136704	-0.0021582535	0.1110949975	-0.047071536	0.0089939603	-0.0806190057	0.0009398534	0.1167557109	-0.0949892265	-0.1235756253	-0.1242520105	-0.0652427301	0.0821710021	-0.0318445512	0.03434023	-0.0660779454	0.095185207	-0.0940626619	-0.1723583757	0.1667242343	0.0231695846	0.098334355	0.0563125397	-0.0091660702	-0.0259104713	0.000357991	-0.0305619555	-0.0228497428	0.0922962209	0.0634774952	0.0753650815	0.0257798374	-0.0759045128	-0.0756945391	0.0566175237	0.0807879442	0.0051740462	0.0199051632	0.0492066505	0.0504082393	-0.0542124815	0.0098818037	-0.0391122663	-0.0211112102	0.0729122368	0.0940593569	-0.1086394879	-0.0777709332	0.0111988259	0.0862423127	0.0198079855	-0.0439118113	-0.0569005173	-0.0919515563	-0.0270202254	0.0149709924	0.0962302114	-0.0755585398	-0.0283091747	0.0202612146	0.0673881186	0.0078064368	-0.055886734	-0.0901455167	-0.0769265184	-0.0231919124	0.0	-0.0001721825184972	-0.0001892384334922	3.581118471058644e-08	2.9646819676038624e-08	0.0072067111259457	-0.039839015705283	0.0015871471723657	5.193668525282954e-05	-0.0680856908713494	0.011779308601902	0.0046356613014289	0.0001387521111388	0.0023010817329262	0.0001278266650029	5.294977141606644e-06	1.633965628576365e-08	0.0011538411929075	-0.0002173399096394	4.723663632206257e-08	1.3313494984502023e-06	0.0007296746720548	-0.0003543398848339	5.324251270382799e-07	1.2555675398417237e-07
373.429449322187	0.5112191479390731	139449.55362107183	0.2613450172195519	369.1624820640935	2.896320079598638	8.388670003486261	136280.93816372217	252.7116224273177	-0.0575831980744112	63863.16410984719	0.0033158247004768	266.3858150666656	405.27394208327263	1.048756	29.161243	0.0974896490911897	0.046253829922835	0.0782166915	-0.0195870516	0.0157767984	0.0099800435	0.004881543	-0.0504252055	0.0494944505	0.0397485017	-0.0162150639	-0.0478819793	-0.019713665	-0.1042111662	-0.0385831226	0.0079816701	0.0045778177	0.0597671184	-0.0094594139	-0.1384461732	-0.0452385692	0.0718584953	0.0220943855	-0.0175470344	-0.076269954	0.0184169426	-0.0054936755	-0.0684583505	-0.1393152219	-0.0216187478	-0.0230726503	-0.0422709856	-0.0219932768	-0.1257704919	-0.1097945661	0.0220053879	0.023361699	-0.124443349	-0.0435719866	-0.0152875008	0.060939393	-0.0828591478	-0.010154862	0.0555128816	-0.1028315987	0.0290026892	0.1825842998	0.1399934162	0.0914117266	0.0009437709	0.0428470553	0.0912868987	-0.0223066393	0.1162017834	-0.0177492607	0.1132232203	0.0533905507	0.061644568	0.1411088241	-0.1131267241	0.0056928446	-0.0204868763	-0.0350563703	-0.0246029548	0.0190768189	-0.0840253664	0.1156814189	-0.016012708	-0.024906335	0.0155267988	-0.0832554783	0.0654000152	-0.108515324	0.0123978963	0.0522795492	0.0264305968	0.0550467742	0.037953092	-0.0266693478	0.0391887637	-0.1134282215	-0.006927721	-0.0438216418	-0.050381299	0.1060140728	-0.0054883192	-0.0592073076	-0.0362760965	-0.0287600707	0.1170513889	-0.0427521871	-0.1413881214	-0.054835282	-0.0491594852	-0.0445612546	0.0077259054	0.1073290714	0.045052109	-0.0013420173	0.113464087	-0.031765695	-0.0477083532	0.0534220559	0.0634205122	-0.0466618436	0.0654234839	0.0490586797	-0.0048667657	0.0186594475	-0.0552490033	0.0419590073	0.0528167536	0.0120824567	-0.097901588	0.0439663653	0.1032008272	-0.0208271603	0.1175772041	-0.0248242316	0.0424467107	0.0910706429	0.0420845143	0.080656249	0.0309877601	-0.0037435608	0.1568570773	0.0095179252	-0.0366788864	0.0950581244	0.0724624859	-0.0432186263	-0.1936550128	-0.0043292283	-0.0175651075	-0.190412845	-0.0743398028	-0.0082714002	-0.0852360871	0.1425186216	0.0371497106	-0.0421689034	-0.0380836697	-0.0904357291	-0.0526478744	0.0670445483	0.0044004925	0.0465480113	0.0307654315	0.0811265356	0.0358392533	0.0267245932	0.0129017232	0.0337703491	-0.0343219655	0.0706467977	-0.0949117021	0.0337602171	0.0486296007	-0.0063845817	0.0012104549	-0.0150140934	0.140553877	0.018631379	0.0166046445	-0.0247923059	-0.0247710817	0.0238129281	-0.1092707068	-0.0680543938	-0.0454368076	-0.0038534444	-0.0130529684	-0.0671822101	0.0096223419	-0.0020645707	-0.0847418291	-0.0243686625	0.036299793	-0.0184355861	0.0345213463	-0.0883569099	-0.0223611658	0.0203513137	-0.1372105699	-0.0207517289	0.0068648164	-0.0545062421	0.0059902589	-0.0353019194	0.007823861	-0.0329398871	-0.0582385567	0.0455447318	-0.0015842595	0.0485918677	-0.0734256608	0.0028405873	0.0088566418	0.000224989	-0.1463806782	0.0665691461	0.0054078825	-0.0586984312	-0.0908384769	-0.0735092774	-0.0161480496	0.0	-6.528043277853612e-05	0.0001069020857186	1.1428055931000562e-08	4.261534903752973e-09	0.0344767619300512	0.0272700508041054	0.0007436556708584	0.0011886471131814	-0.084336439070455	-0.0162507481991056	0.0071126349550845	0.0002640868170307	0.0026656728929749	0.0003645911600487	7.1058119723411735e-06	1.329267139856568e-07	0.0014270622052279	0.0002732210123204	7.46497215733842e-08	2.0365065375899167e-06	0.0011691014597309	0.000439426787676	1.366798223144921e-06	1.9309590172733627e-07
374.1005000504687	0.6710507282817275	139951.18413801075	0.4503090799274369	369.00342883722254	-0.1590532268709807	0.0252979289780716	136163.53049362716	253.0051628104912	0.2935403831735073	64011.61240876317	0.0861659565536494	266.4599025243837	411.8015395534912	1.318877	36.672108	0.0921010396947557	0.0461228565937864	-0.062715332	-0.0348542926	0.0686819314	-0.0365562072	0.0736147371	0.0307525456	0.038643902	0.0182502719	-0.040993663	-0.0953719178	-0.0504504831	-0.004425282	-0.0911054589	0.0317671054	0.0491546959	-0.1873989112	0.0458647578	0.1445945251	0.0234372147	0.009014847	-0.087213051	-0.0206013784	-0.0204930342	0.0303100394	-0.0571921268	-0.0317534962	0.1130424521	-0.0396101707	0.032326671	-0.0297204325	0.0330275609	0.0297242376	0.0071102321	-0.0810439427	0.0360719982	0.0395048962	0.094612613	0.0346645689	0.0117297254	-0.0954579503	-0.0484680225	0.0107075716	0.0508099224	0.1040865362	-0.0555525751	0.0899013573	0.0264644305	-0.0340006871	-0.0391876093	0.0317610305	0.059538657	0.1068203791	0.0145294814	0.023615873	-0.0882231027	-0.0117549414	-0.2058244353	0.1076691455	0.0429864876	0.0385237618	0.0749744652	0.0521719663	0.1125422587	0.0328120712	-0.0090424125	0.0582396526	0.0893569339	0.1090359052	-0.0577023205	-0.088682078	-0.0507427001	0.0007343449	-0.0307585295	-0.0614155857	-0.1155119795	-0.0479273327	-0.0802303065	0.0569554722	-0.0390851921	0.0460642999	0.1181092852	-0.0633563626	0.1302915543	-0.0516459729	0.07920185	0.0878762038	0.0358395098	0.0252893934	-0.1876489974	-0.0703484419	0.0071978943	-0.0344692585	-0.0698356974	0.0650701279	0.0529962006	-0.0085854804	0.0462495179	-0.0533477303	-0.0037463025	-0.0323467162	0.0179374436	0.0551559221	-0.0014526438	-0.1558359454	0.1134034232	-0.0746567856	0.1044640889	-0.0365621889	0.063637721	-0.0619210976	-0.0822913622	0.0047997107	-0.0610586719	0.0894726765	-0.0779276593	-0.0148257452	0.0146945373	0.1238809799	-0.0340724149	-0.0940862623	-0.153187892	0.0433636659	0.1307625605	-0.0717849668	0.0096403952	0.0296473756	-0.0024178041	0.1076411735	0.0533940349	0.0618925589	0.0417762892	-0.0041056258	0.0313053118	-0.1721742144	-0.1247121687	0.0122192211	0.0180582486	0.0372916654	-0.0122674647	-0.0514127486	-0.1179862646	-0.10762695	-0.0565337005	-0.0207925136	-0.0310867453	-0.0551139785	-0.1229900369	-0.0358120879	-0.0739225539	0.1027869531	-0.0294111399	0.015426031	-0.1098900829	-0.0891314959	0.0486114613	-0.0153979815	0.0241263336	-0.0934460681	0.0119264213	-0.0408920523	0.0159071286	-0.0776282586	0.0131003912	0.0833030564	0.023007158	-0.0104186253	-0.11936735	0.061929958	0.0342464077	-0.053121146	0.0672816541	0.0329006588	-0.0934530569	0.0594116298	0.0132799359	-0.0117986911	-0.0445765156	0.0201886166	0.0292530052	-0.0744789666	-0.1468642701	-0.0021101172	0.0963317191	-0.0079511434	-0.0019261235	0.0800338915	0.0066106334	0.0750295184	-0.0685601144	0.0117053182	-0.1052222177	0.1581089899	0.0010006688	0.0731982741	0.1807377534	0.2893895035	0.2073578301	0.1779234198	0.0657386716	0.0030055908	-0.0614188607	-0.0912803678	-0.0697746196	-0.0090037942	0.0	-0.0039976189505779	-0.0039323385177993	1.5463286218568497e-05	1.598095727401955e-05	0.0164886095488299	-0.0179881523812212	0.00032357362609	0.0002718742448537	-0.1202919086995351	-0.0359554696290801	0.0144701432985772	0.0012927957962477	0.0023669048966094	-0.0002987679963655	5.602238789593554e-06	8.926231565225556e-08	0.0014609674221561	3.39052169282001e-05	1.1495637349483067e-09	2.1344258086014403e-06	0.0008172730896915	-0.0003518283700393	6.679353031338905e-07	1.2378320196458093e-07
375.43231831667447	1.3318182662057438	140949.42563663278	1.7737398941992737	369.1880123401847	0.1845835029621412	0.0340710695657747	136299.78845569637	253.4378989432469	0.4327361327556787	64230.76862076743	0.1872605605923403	266.2902653938941	417.5463589233881	1.284902	35.727432	0.1025705179569428	0.052732792608441	-0.1213621113	-0.0303857688	-0.0303416638	-0.0348028294	0.0492589872	-0.0187093064	-0.1210925845	-0.0521796121	-0.0142755024	0.1855802587	0.0625032398	0.0522546438	-0.051707761	-0.2323797137	0.0194563885	0.0005469604	0.0747908374	-0.0344519062	-0.0646845947	0.0988630587	0.038555763	0.0385757833	0.01489151	-0.0188813076	0.0141579626	0.0309733487	0.0114043373	-0.0393432462	-0.0450564817	-0.1036957703	-0.0737151342	0.0023734148	0.1613266949	0.1713782431	0.0213918527	-0.0297205899	0.0582340476	0.0030342994	-0.0594125733	0.0405070023	-0.0063680391	0.1101679729	0.0351042789	0.0557187524	-0.0741010214	0.0248564587	0.0309010019	0.0591577071	-0.0961012429	-0.0968458379	0.1116755712	0.0251606292	-0.0039228568	0.102693958	-0.0071492583	0.0470626628	0.159645373	-0.1937200079	0.0500630838	0.1756227792	0.1235034395	0.0088794885	0.0004824153	-0.1469437244	0.0213730518	0.0308774547	0.0507166669	-0.0187791544	0.0263489046	-0.0159653911	-0.0131901769	-0.0345102144	-0.0172154827	-0.0234758002	-0.0611600655	-0.0137037995	-0.0996701345	-0.1365094438	0.0583425292	0.0444717679	-0.0952941185	-0.0439526255	0.0485069529	-0.0576960549	-0.0981280927	0.1624566769	-0.0510364884	-0.0619975771	-0.0043902524	0.000802469	-0.0882052794	0.0112425718	0.1242057827	-0.0331808306	0.0720642242	0.0010590573	0.05534465	0.0114706164	0.0197403394	0.0776450182	-0.045883871	-0.0892101262	0.081312171	0.0738638385	0.046317474	0.0980223148	0.0112240173	0.1633377198	-0.1106621634	0.0412863988	0.0695599404	0.0385185478	0.0100372042	0.040768398	0.0121571657	0.0199030859	0.3469908532	-0.1502282057	-0.075289014	0.0160837971	0.1889200219	0.1899245135	0.0055451954	0.1008218024	-0.0211670878	-0.067655702	0.0590538674	0.0730339331	0.0635428131	0.0081151232	0.0193616664	0.1620904058	-0.023198021	0.0268871826	0.0202396752	-0.0225483941	-0.0426821188	0.0837611831	-0.0100644375	0.0827062334	-0.0126068815	0.1149980936	0.1948238863	0.0048740123	0.0618249201	0.0485383064	-0.0072475995	0.0535719084	0.0448457176	-0.0203648391	0.0663332086	0.0463877635	-0.1065122313	-0.0176464647	-0.0472416464	-0.0156950707	0.0714215732	-0.0066155465	0.0444682773	-0.0637325471	0.1027071169	0.0446008383	0.1412507546	0.023880067	-0.0073129983	-0.0942007189	-0.0085715121	0.0068152526	0.0742596383	-0.0232334196	0.0808960261	0.0475328384	-0.0008102151	-0.1015730934	0.0258422189	-0.0508904423	0.0744438211	0.059468877	0.070600244	-0.022446157	-0.0811421461	-0.0406535237	0.0505105592	-0.0425721044	-0.0485044751	-0.0171684804	0.0607860472	0.0357985402	0.1053208367	-0.0107589845	-0.0309973404	0.1997093292	-0.0683837616	-0.1334662557	-0.1435233334	-0.0135445298	0.0444118518	-0.0365629028	0.0648968387	0.000601222	-0.0640437928	-0.0914699679	-0.0657386716	-0.0018035623	0.0	-0.0089787318840421	-0.0049811129334642	2.481148605592433e-05	8.06176262455142e-05	0.0475613978025677	0.0310727882537378	0.0009655181698616	0.002262086560934	-0.155231321222196	-0.0349394125226608	0.0240967630883885	0.0012207625474286	0.0027509166995444	0.0003840118029349	7.567542687832253e-06	1.4746506479338913e-07	0.0016190034662479	0.0001580360440917	2.4975391232185336e-08	2.6211722237227158e-06	0.0007277768517767	-8.949623791479995e-05	5.296591459820048e-07	8.009576600902475e-09
374.91573553809945	-0.5165827785750139	140561.80875407413	0.2668577671202818	368.0329024370979	-1.1551099030867815	1.3342788882091543	135448.21727627443	253.69682429447647	0.2589253512295784	64362.07865710247	0.0670423375093605	266.7726460464266	416.43168291403856	1.245014	34.618324	0.0805092702560566	0.040009085495773	-0.0062801013	0.0094121524	0.0179109444	-0.1011215337	-0.0079965	-0.0042190429	0.0804573251	0.0679589807	-0.0448631276	-0.0479863566	0.0078355145	-0.1313746408	0.0046180724	0.0274368995	-0.1064087834	0.0580821996	-0.0121698247	-0.1047460954	0.0116854964	0.0682212513	0.0275674237	-0.0514839338	-0.0198155703	-0.0012547901	0.1423523756	0.0107367608	0.0439242065	-0.1269844836	-0.0890117042	-0.037224686	-0.0094074425	0.1098900496	0.090381417	-0.0194063546	-0.0116674963	-0.0373163079	-0.0331905557	-0.1255854198	-0.0024374948	-0.0293721022	-0.1085977264	0.0484768385	-0.0673705179	0.0752291223	-0.0289202053	-0.0261916745	-0.0458267356	-0.040515707	-0.0989368652	-0.0554364518	0.0301677942	0.0704989113	0.0325157571	-0.1187361204	-0.0342624286	0.0604623963	-0.1015051704	-0.0957690495	0.0749207143	-0.0983407769	0.0551999484	0.0909684397	0.0105236329	-0.0688995438	-0.0582259788	0.0472841861	-0.0168399198	-0.0340575363	0.0316307672	-0.1566768094	-0.026997738	-0.1062362641	-0.0569863824	0.0965024908	0.070330223	0.0221864813	0.0154043029	-0.0375187272	-0.0171377618	0.1433844519	0.0591274298	-0.086012588	-0.0852089411	0.0949761189	-0.019232387	-0.1109422074	0.0652077287	-0.0410868409	0.0502365443	-0.0750978122	-0.0531946342	0.0597164695	-0.1380938998	0.0687768444	0.0903319627	-0.0589954161	-0.0229296547	0.0667351582	-0.0200890872	0.0391924043	0.0354728701	0.0870871846	-0.0265827102	0.0478731281	-0.07523785	-0.0592552203	-0.0808388558	0.0198950348	0.0464050274	0.1185163238	-0.025558228	-0.0156073057	0.1300224112	-0.0572183361	0.0734362365	0.0944804574	0.0802232597	-0.0457970229	0.0960741582	-0.037022883	-0.0200742156	0.0243441653	-0.0822362153	0.0720598728	0.0714490307	-0.0779814677	0.0841349075	-0.020356221	0.0535227022	0.0653758246	0.1036486961	0.0197385981	0.0756503505	-0.1289856139	-0.0074826856	0.056861517	0.0498805641	0.0522881201	0.1638445438	-0.0335963386	-0.07582342	0.0346513693	-0.0975262751	0.0222459955	-0.1395885203	-0.0299839636	-0.0334008398	-0.1166359157	0.0506327337	-0.1355345344	0.081516656	-0.0255190659	0.078008271	-0.0358333296	0.0303991599	-0.0623153064	0.1278300342	0.0797656423	0.0847286641	0.0195430245	-0.1026235816	0.1062595886	0.0024210712	0.12750172	-0.0517967494	0.015158007	0.0451499622	0.0253639947	-0.0430902744	-0.0316235621	-0.089148626	0.0627260431	-0.0366522952	-0.0552421335	0.0081241831	-0.0002775572	-0.0211888589	-0.055468527	-0.0315902829	0.0105388572	-0.0275528367	-0.1054021805	0.0154381308	-0.0122306592	-0.0271105273	0.0397350229	-0.0859996944	0.0767225485	-0.0914406068	-0.0368927242	0.0348503974	-0.0204623634	-0.0915038763	-0.0891789272	-0.0059737163	-0.1096528784	0.0948966943	-0.1324127468	0.0640437928	-0.0018035623	-0.0665691461	-0.0914067533	-0.0614188607	0.0054078825	0.0	-0.0078358263160396	0.0011429055680025	1.3062331373711185e-06	6.140017405513873e-05	0.0152049622722927	-0.032356435530275	0.0010469389202248	0.0002311908777018	-0.1422543618291669	0.012976959393029	0.0202363034594235	0.0001684014750883	0.0030258622463599	0.0002749455468155	9.15584233394618e-06	7.559505371367452e-08	0.0014028929647902	-0.0002161105014577	4.6703748840298584e-08	1.9681086706578373e-06	0.0009173801987985	0.0001896033470217	8.415864291475754e-07	3.59494292018691e-08
373.4873938618335	-1.4283416762659726	139492.83337370434	2.0401599441582885	368.4012284339846	0.3683259968867105	0.135664039982589	135719.46511166892	253.52318266009496	-0.1736416343815108	64274.00414610387	0.0301514171906822	266.5805693617696	411.3607959940243	1.014912	28.2202	0.0917994545920172	0.0459295002797329	0.006070106	-0.024010924	0.0638542262	-0.0197879126	0.0816494802	-0.0377280924	0.030195092	0.0710603513	-0.0538666388	-0.0205129126	-0.0492832983	-0.0027424517	0.1186691018	-0.0482199587	-0.0548056538	0.0911828316	-0.05625388	-0.0418956498	0.0839180333	-0.0173090336	-0.0228895726	-0.0810603039	0.0004630259	-0.0291938034	0.1157977622	-0.0967946926	-0.0163131766	-0.1120869105	-0.1009644983	0.0345500778	0.0039232612	-0.0234102896	-0.0459421919	-0.120197205	0.0572969354	0.0601098863	0.0089319166	0.0196790193	-0.1216972154	0.1152950497	-0.0623352807	0.0951261237	0.0517237338	-0.1419791369	-0.0668748614	-0.098340783	-0.0210450117	-0.0312809892	0.0272521283	0.0086273683	-0.0791823038	0.0185039644	-0.0563558251	-0.1525153456	0.0942041466	0.0133574103	-0.0201421455	-0.0051855441	-0.0696486776	0.0617384656	-0.0639010479	0.0361408592	0.0794639665	0.0242701638	0.0691124531	0.0330406871	-0.0229783965	0.119991919	-0.0888239991	-0.1203838589	0.0076046773	0.0406394274	-0.0006364975	0.0876145241	-0.0760101331	0.0770931685	-0.0457952405	-0.0033567972	-0.0110953797	0.028627091	0.1730334571	0.1232027193	0.128554129	0.0105948899	-0.130745933	-0.0636925898	-0.0174793948	0.0081694186	0.0197374823	0.0814402668	-0.0637664395	-0.0540466284	0.0154045429	0.0419086043	0.0199463801	0.0010116477	0.0103090106	-0.0164790954	-0.0567960387	0.0475483872	0.0129949192	0.0807117132	0.0017012208	0.0905683603	-0.122364036	-0.0984904765	-0.0646917914	0.0622473367	0.0106762087	0.0130237271	0.0688153592	-0.0756574675	0.0610222946	-0.0309898252	0.0194048885	0.0561225442	0.0136509491	0.1068728889	0.0454099434	-0.0199943581	-0.069559062	-0.1432826025	-0.0513897361	-0.0607817518	0.0360902439	0.0428041116	-0.039040581	0.0812288978	-0.0982749632	0.1572273499	0.0043264621	-0.0377648671	-0.0182124441	0.1351845387	0.0720383137	0.0115103328	-0.0305123229	-0.0280716184	0.1978603117	-0.0341353237	-0.023619796	-0.0179281734	-0.0486487516	0.0136744988	0.065502256	0.0190094865	-0.053974327	0.053585476	0.0801291506	-0.0131729043	0.0225729735	0.0332130308	-0.0463692591	0.1714876776	-0.0360238852	0.103973867	0.0568833766	-0.0374198162	-0.1330357941	-0.0236279499	-0.0293700159	-0.011890412	0.0286204812	0.110024444	0.0790836209	-0.0396345932	0.0726649889	-0.0463882981	0.0345461804	0.0448913817	-0.0316029399	-0.1076671808	-0.0834444501	0.0168605156	-0.0271524131	0.0208988648	-0.0478898513	0.0758844299	0.0203615549	0.0148989043	-0.0647825209	-0.1432224506	0.0436821257	-0.0784331046	0.0090663785	0.0893995177	0.0123876195	-0.0121834357	-0.0182641058	-0.0309019879	0.0651573177	0.0950257469	-0.052512272	-0.0365886933	0.02892667	0.1124033041	0.075657141	-0.0383032583	0.0631796814	-0.0042071001	-0.0689909938	-0.0910908987	-0.0568338402	0.0125857064	0.0	-0.0076128635218424	0.0002229627941971	4.9712407596222736e-08	5.7955691002198674e-05	0.0438949706036453	0.0286900083313526	0.000823116578053	0.0019267684442948	-0.1133623345440995	0.0288920272850674	0.0128510188932883	0.000834749240641	0.00288601289009	-0.0001398493562699	8.329070401765634e-06	1.955784244910552e-08	0.001670721603235	0.0002678286384447	7.173217957119538e-08	2.7913106755161287e-06	0.0011895913277118	0.0002722111289133	1.415127526967123e-06	7.409889870425324e-08
372.6515116747243	-0.8358821871091777	138869.1491534572	0.6986990307264224	368.7962318869198	0.3950034529352138	0.1560277278307416	136010.66065399075	253.1110471772753	-0.4121354828196502	64065.20220317689	0.1698556561989861	266.19362029990594	405.15718024877714	1.03885	28.885798	0.0798658937444593	0.0409023887467897	0.0037363959	-0.0245542729	0.0960321865	0.0317090161	0.0266467096	0.0460888997	0.0103344288	0.1056701702	-0.0555924413	-0.1264082292	-0.0089075989	0.0996374584	-0.0733159539	0.0908317535	0.0807569099	-0.1226351249	-0.0320382323	0.0555937371	-0.0491876986	-0.1289742468	-0.0104429262	-0.0475800862	0.0275091638	0.091563776	-0.0301896073	-0.0469513415	-0.0406189016	-0.0060650024	-0.000295617	-0.0383228941	0.0932429961	-0.0086164513	-0.0929874719	-0.0644533991	0.0466497894	0.0269994205	-0.075206449	-0.0874299152	-0.0223930412	-0.0592960128	0.0441626608	0.0527931781	0.0940609359	-0.0660667721	-0.0566100868	0.0563109304	-0.0382080588	-0.0816636264	0.0754331924	-0.0880461331	-0.0465550883	0.0399372612	0.1177669196	0.0826111912	0.009013355	0.1166608487	-0.0028981598	0.0248990744	-0.0086278018	-0.0358269552	-0.0223700258	-0.0641113423	-0.0504372183	0.1550409622	0.0452909693	-0.0713354313	-0.020836662	-0.0569347171	0.0476095069	0.0435551344	0.0314203611	-0.0274091675	-0.0055161765	-0.0328824128	0.0212908011	0.0500933037	0.0649393545	0.1157314058	-0.0581056357	-0.0191557813	0.1277359885	-0.0573234331	-0.0026417644	-0.0209583155	-0.0336307521	0.0212162478	0.0022779683	-0.1086328342	-0.0559962421	-0.0276041081	-0.0636054183	0.1698619804	-0.0007992084	-0.0551406866	0.0679961095	0.0041971106	-0.0277190657	-0.0601163024	0.0508211342	0.0917282519	-0.0530749147	0.0975475429	0.0493710837	-0.0974807347	0.0059161255	0.0127332245	0.021405491	-0.0435342735	0.0383845171	-0.0493128256	-0.0762993409	-0.102006276	0.0120774629	-0.0445132777	-0.0267627407	0.0386774762	-0.1257490859	0.0604850381	0.0563176507	0.0255984666	-0.049536787	0.0588244971	0.1201471676	0.0432611541	-0.0293962259	0.0643505618	-0.0447218673	0.0526146723	-0.0610369645	0.0687892871	-0.00043184	-0.0515578034	-0.0143630637	0.1321261492	-0.029924578	0.0076521178	0.0032605894	0.0059301803	0.0087672039	0.0621137882	-0.0175911126	0.1161845743	0.0350481278	0.0843271885	-0.0898633096	0.0800980844	0.0568639203	-0.0158163463	-0.0909824087	0.0418940076	-0.1774998633	-0.0299143387	0.0908492488	0.0123710896	0.0153371518	0.0072614896	0.0070070547	-0.0144177896	-0.0517696824	0.0809004498	-0.0018493589	0.0309142262	0.0260271064	0.0892823438	-0.0403790738	0.0661080071	-0.0217070841	0.0067169436	-0.0129825925	4.66879e-05	-0.0850664124	-0.0535911974	-0.0338168324	-0.0453930451	-0.0088292655	-0.0040731533	-0.0630785584	0.0076363445	-0.0105614442	-0.0332129245	-0.0347939874	0.0445033023	0.0806804829	0.046154587	0.0196012291	0.0112365493	0.0031015209	0.1381520798	-0.0623714696	0.0288937368	-0.0123591608	-0.0301328626	0.0496970153	-0.0351745144	0.0599309088	-0.0703941603	0.0890146104	-0.0510643938	0.0623046536	-0.0066077305	-0.0713055705	-0.090523277	-0.0520034083	0.0196852849	0.0	-0.0001135054417886	0.0074993580800538	5.624037161286821e-05	1.2883485315625264e-08	0.0126463411660466	-0.0312486294375987	0.0009764768417283	0.000159929944888	-0.1238162359063963	-0.0104539013622968	0.0153304602740283	0.0001092840536926	0.0032753936950321	0.0003893808049421	1.0728203857456037e-05	1.5161741125735797e-07	0.0018879446374866	0.0002172230342516	4.718584660947186e-08	3.5643349542144097e-06	0.0011829150696153	-6.676258096500066e-06	1.39928806192297e-06	4.457242217108268e-11
373.6116908324997	0.9601791577753716	139585.69552671933	0.9219440150262218	370.3279275820993	1.531695695179451	2.346091702631261	137142.77394725257	252.9394272102797	-0.1716199669956211	63978.353837464376	0.029453413071578	266.0753522601368	408.5549036924437	1.065201	29.618521	0.1364885876069236	0.0749718740187302	-0.0345595632	-0.0334321456	0.0124115559	0.0468462221	0.1202089927	0.0317683345	-0.1840539512	-0.0006594816	-0.0653509571	0.0810845469	0.0799491023	-0.0072133824	-0.0342307868	-0.025295505	0.1173146428	-0.0100974363	0.1381001829	-0.0474195906	-0.1163472137	0.0679428461	-0.166445069	0.0424005804	0.021914704	0.1164434963	-0.0402719465	-0.1169156149	0.0944696203	-0.0325940266	0.0044959858	0.1892720391	0.0817407011	0.0091978896	0.0947638651	-0.0164553268	0.0549499124	0.0412199191	-0.0284578655	0.0617176738	-0.1003234518	0.1010329657	-0.0751707261	0.125775902	-0.0533477681	-0.106409757	-0.0013751045	0.2284800906	0.0242038791	-0.0139260788	0.0231258711	0.0456984281	0.0605295728	0.0355708415	0.0237353606	0.0598895471	0.0126003431	-0.01512867	0.0146079976	-0.0674950539	-0.0250251321	0.0217734933	0.1159060083	-0.0084058602	-0.176928073	0.025761422	0.0126925027	0.1215163976	-0.0506732952	-0.0407641734	-0.0583423119	-0.0226786533	-0.0673341321	0.0025607191	-0.006405789	-0.0441361341	0.0716598927	0.0462478714	0.0953537883	0.0359865712	0.0331970101	-0.0125814294	-0.0626167582	0.0046549994	-0.0162821368	0.0046126772	0.0896467397	-0.048409412	0.0615194423	-0.0337273663	-0.0340858983	0.0008427409	-0.0837112865	-0.0142615552	0.0158806183	0.012904897	0.0641157051	0.0666988156	0.0140635944	0.0790661649	0.1132344416	-0.0228215406	-0.1066784133	-0.0635927871	0.0965275863	0.1116204926	0.0099341813	0.0137880123	0.0794783155	0.0600491275	0.0869273328	-0.0856164804	-0.0938300597	-0.0252649512	-0.0405403953	0.0594005114	-0.0502291058	-0.1129613885	0.1027094247	0.0449738024	0.1621303297	-0.2099963443	-0.007199454	0.0258230238	0.0139140368	0.0795710797	0.0497796384	-0.0235731063	0.0070027643	-0.0627271824	-0.0163823338	-0.0467319235	0.0423196315	-0.1078959438	0.0273081213	-0.0029647784	0.0733496962	0.0230976122	0.0357366122	0.0309931889	0.1009347134	0.0309689086	-0.0336254743	-0.0483240442	0.1359647062	0.0220563059	0.0438727744	-0.0293246709	0.0069198462	0.1780650192	0.109549119	-0.0350625956	-0.1905933594	-0.0647740823	0.0013764855	0.0278478782	-0.085171941	0.0612095828	0.0157770445	0.0965021224	0.0535526696	0.0020276836	0.0341663841	0.0504082924	0.0173826013	0.0044800744	-0.0123908419	-0.0248866244	-0.0668356757	-0.0168329261	-0.0241111403	0.0544997899	-0.0092036063	0.0615497668	-0.030076311	0.0537158672	-0.0188257327	-0.009273269	-0.0220781874	0.1575502457	0.02228189	-0.064062709	0.0236895896	0.0119013832	0.0398581709	-0.0747980314	-0.0656285871	0.0301531379	-0.0145038749	0.0444994644	0.1038017608	-0.0410475358	0.0523326242	0.1270366849	-0.001799669	-0.0728247216	0.0562153933	0.0004785982	-0.0227912784	-0.0887804106	0.0614188607	-0.0090037942	-0.0735092774	-0.0897054572	-0.0469484232	0.0266624798	0.0	-0.0103223228610715	-0.0102088174192829	0.0001042199531002	0.0001065503492481	0.06495908125396	0.0523127400879133	0.0027366227755055	0.0042196822373585	-0.1097824722752989	0.0140337636310974	0.0120521912188767	0.0001969465216535	0.0023096877101499	-0.0009657059848822	5.334657318417489e-06	9.325880492372998e-07	0.0019510702312313	6.312559374469992e-05	3.984840585620898e-09	3.806675047196959e-06	0.001352748820361	0.0001698337507457	1.8299293709880767e-06	2.8843502892352585e-08
374.2719385657314	0.6602477332316994	140079.4839977506	0.4359270692375973	367.4263469666776	-2.901580615421665	8.419170067790766	135002.12044527737	252.9037979023516	-0.035629307928076	63960.33099343351	0.0012694475834336	266.09032404128465	412.6757099106527	1.072796	29.829706	0.1145964210641122	0.0621063596250503	-0.0637494326	0.0096731539	-0.0670873537	0.0318069825	0.0412500749	0.0524489988	-0.0335107064	-0.1540368682	0.035594308	0.0600491855	-0.0293993032	0.0949108703	-0.096023251	-0.0459502136	0.0275419692	0.0596422757	0.1024880898	0.0708808672	0.067142521	0.0844513733	0.0695126952	0.094614825	0.0101654593	0.0680746212	-0.1068635097	-0.0229773418	0.0681503066	-0.0560609525	0.0108244288	-0.1259167157	0.0488661151	0.1907007463	-0.0094051515	0.0418521143	-0.0121379757	0.0542904149	0.0059809198	-0.0238787302	0.0062932095	0.0422077199	0.0296999106	0.026909053	0.1575060512	-0.0100205537	-0.0027345105	0.0756072092	-0.1156940279	0.1118538235	0.0249667127	-0.0511372125	-0.0905967021	-0.0568305056	0.0756920964	-0.0415185519	-0.0880635101	0.0205325902	-0.004019096	0.0012775459	0.0190167544	0.0424263131	-0.0322316828	0.0436162735	0.0581114166	-0.0208722436	0.0729041617	-0.1302716738	0.1340345913	-0.0058826722	-0.0534015285	-0.072200782	-0.0104415498	0.0121850633	0.0383521905	0.040078807	0.0606164052	-0.0519865567	0.0528031083	-0.0409549315	-0.0620173507	-0.0283847222	-0.0766427674	0.0681974529	0.0148356303	0.0050801337	-0.0868895446	-0.1455807592	-0.0032054633	0.0458632773	-0.0725898958	-0.0176506405	0.1122828415	-0.023765784	0.0649872184	0.0283047587	-0.0156334257	0.0048909691	0.1099749942	-0.0182676014	0.0923508051	-0.0618556664	-0.0099698468	-0.1427225917	0.0353626891	-0.0085326315	0.0986162563	-0.0018677076	0.1460364242	0.1182430323	-0.0365548133	-0.0673920099	0.0639013716	0.0589728843	0.1129488445	0.0268484014	0.0348471644	0.0775956469	0.0677571499	-0.0469397769	-0.0272946641	0.0070000756	-0.0462707146	0.1017326546	-0.0022192733	-0.1032832184	0.0944094637	0.0066637063	-0.0326664174	-0.0199405051	-0.079232327	0.0009376904	0.0140728403	-0.0034925493	-0.0091784027	0.0945900903	-0.0418613894	0.0660054514	-0.117652876	-0.0189499712	-0.0285352984	-0.1208978296	0.0285386633	0.0020397026	0.0862666449	-0.0182493386	0.0015354861	-0.0264740854	-0.1863162933	-0.1066724101	-0.110693104	-0.0059069513	-0.0247244713	0.1454608399	-0.0355723021	0.0352282435	0.0307785733	-0.1167179994	0.0535789743	-0.0568838903	-0.0109209208	0.0961318408	-0.1119485316	-0.0881542071	0.1319234385	0.0421491446	-0.0760177863	-0.1041333261	0.0053132845	-0.1606311715	0.0710303628	0.0819200132	-0.0300159808	-0.0037669934	-0.044694067	0.0099207219	0.0324070127	-0.0293584865	0.0510359557	0.0754684862	0.0464292553	0.0139537046	-0.0358587878	0.0371433531	0.0006044788	0.0280497993	-0.0474242857	0.0568527285	-0.0201041726	-0.0012539594	-0.0367192573	-0.0175557408	-0.0396301829	-0.0081995993	-0.0872607711	-0.0047635952	0.0667840502	-0.0207036267	0.0117665165	0.0090004386	0.0605224558	-0.0113936355	-0.0755986879	-0.0886396995	-0.0416907124	0.033473914	0.0	-0.0133923522704577	-0.0030700294093861	9.425080574496172e-06	0.000179355099336	0.0138150310779536	-0.0511440501760063	0.0026157138684058	0.0001908550836848	-0.1197724581632186	-0.0099899858879197	0.0143454417344599	9.979981804083482e-05	0.0028640253523604	0.0005543376422104	8.202641218963113e-06	3.0729022157149615e-07	0.0016701986100611	-0.0002808716211701	7.888886757877632e-08	2.7895633970500305e-06	0.0011801109719257	-0.0001726378484353	1.39266190605942e-06	2.9803826712369655e-08
373.4752117899573	-0.7967267757740615	139483.73382155347	0.6347735552353316	366.90165796304296	-0.5246890036346485	0.2752985505351202	134616.82661602978	253.04298476936404	0.1391868670124267	64030.7521409886	0.0193729839487349	265.5379928728193	410.66427391158254	1.067134	29.672268	0.093810509750897	0.0540396567376023	0.0084958488	0.0128371741	-0.1534475779	0.0608713056	0.1173808627	-0.0425311092	-0.0398004112	-0.0549045126	0.0211431582	-0.0510200518	0.044745959	-0.0019919641	0.0635481691	-0.0074572774	-0.0324985629	0.016872543	0.1133014134	-0.0602095287	0.0686928914	0.0556455284	0.0568946726	0.0797848022	0.0945949212	0.0139281504	-0.0211436225	-0.0914923152	-0.0004285281	-0.1469546264	-0.0854519741	-0.080051522	-0.0696740914	0.023926318	-0.0116204003	-0.0161631636	-0.0606253703	0.109745444	-0.0297147156	0.0749244782	-0.0240754927	0.1015536198	0.0915823007	0.0470197742	-0.0742231704	-0.081135128	-0.0662067624	-0.0656060129	0.014160601	0.0808592912	-0.0762307813	-0.0842705372	-0.0250404748	-0.1033756487	0.055087254	0.0210329011	0.0773611964	0.1417648988	0.0013236287	-0.0913600301	0.0763631093	0.0381276662	0.0999363332	-0.0965978006	0.010654563	0.0896461666	0.0274929295	-0.0082466738	0.0110875024	-0.1525370601	-0.1036012096	0.0264226293	-0.0058330958	0.0146637226	-0.1607408276	0.0248569964	0.0099590467	0.0330415173	-0.1043560444	0.0031409943	0.029784522	-0.0664639098	0.0317294421	-0.0942066735	-0.0234320256	-0.0724019179	-0.0091336466	-0.0043628042	0.1202753272	0.0645088208	0.0237590183	0.0251919978	-0.003854081	-0.0243924744	-0.0881345061	-0.0825479067	-0.0226956353	-0.0146459484	-0.0291779349	-0.0558734555	-0.066396443	-0.0874900877	-0.0706762241	-0.077123871	0.0004561487	-0.0240451197	-0.0702614116	-0.0258254961	-0.0060414375	0.1227522729	0.0279752962	-0.0755468258	7.65361e-05	-0.0509186803	0.0713380991	-0.0374010944	0.0696716884	0.0248419296	0.078240686	0.1250765291	-0.0371956979	0.055420293	0.0719088763	-0.100932932	-0.1803937527	0.0557629467	0.0776960549	0.0009067876	0.0441589271	0.0153607192	0.0018414923	0.0119686285	-0.0229265276	0.0071441742	0.0644865602	0.0580405642	-0.0184629399	0.1323868066	0.1413713661	-0.1352857155	0.0565054301	0.0486334509	0.1150329457	0.0652769772	0.050787514	0.0434385999	-0.0907805397	0.0873974921	0.0446491535	0.0824030375	-0.1717712973	-0.0146751518	-0.1214919571	-0.0021632032	-0.1178562593	-0.0687437395	0.0722591248	0.0675216397	0.116626989	-0.0519553226	0.005719045	-0.0475153222	0.0186590613	0.0054855144	-0.0108232378	-0.0676871806	0.0015932155	0.1398989248	0.0793653665	0.0466324881	0.0303594237	-0.1303741057	0.020885838	-0.0249588318	0.137774947	-0.0454123896	-0.0012453909	0.0264642101	0.0696360057	0.1982045501	-0.0130704085	0.0076268355	-0.0063483846	-0.0041493782	-0.0072345986	0.0106785452	-0.0367478183	0.0541473976	-0.057504515	-0.0679866408	-0.0159341615	0.1205883076	-0.0743376185	-0.0018957807	-0.028985946	-0.0327258998	0.1046771417	0.0212063805	-0.110476066	0.0850480904	0.0596155937	-0.0137756027	-0.0775705533	-0.0873289498	-0.0362529791	0.0400772406	0.0	-0.0062610282303552	0.0071313240401024	5.085578256494383e-05	3.920047450130477e-05	0.0485851471539575	0.0347701160760039	0.0012089609719387	0.0023605165239717	-0.080689511751963	0.0390829464112556	0.0065107973067701	0.001527476700185	0.0027221145198784	-0.0001419108324819	7.409907459332813e-06	2.0138684375734228e-08	0.001667961420172	-2.237189889100089e-06	5.005018599891669e-12	2.782095299182195e-06	0.0010677365298261	-0.0001123744420995	1.1400612971250822e-06	1.2628015237196336e-08
372.9837719909581	-0.491439798999238	139116.894168603	0.2415130760404115	366.46380593770607	-0.4378520253368947	0.1917143960916207	134295.7210623487	253.10240964259	0.0594248732259643	64060.82976688544	0.0035313155579219	266.294922559375	406.9871107768362	1.174725	32.663887	0.114768758398128	0.0681079868625116	-0.0052245119	-0.004032534	-0.0251103021	0.0111719218	-0.0615252046	0.0086001208	0.066119505	-0.0707388865	0.0301150009	-0.0449395622	0.0242448461	-0.0485599258	0.0046232246	0.1193801948	-0.0175958964	-0.0717486203	0.0468234342	0.0133684378	-0.0526421326	-0.0224546942	0.0396579891	0.043550853	-0.016075934	-0.0724557322	0.027665434	0.0393577035	0.0597862807	0.0688325651	0.0464675645	-0.1268820103	0.0283513476	-0.0318332995	-0.0334750507	-0.1018287627	-0.1479826996	-0.1339882803	0.1209168972	0.0605902287	0.016924574	0.0710881304	-0.0117072245	0.0645399895	0.0220495453	-0.16002207	-0.0171953597	0.06788184	0.1156437151	-0.010024079	-0.0801992763	0.0388505269	-0.0215005678	0.0060141861	-0.0259564833	-0.0124290835	0.0171323361	0.0641894491	-0.0310672934	-0.0144125292	-0.0593583437	0.0044049986	-0.0916954482	-0.0694293385	-0.0159658821	-0.1564785139	-0.0014823069	0.091396015	0.0130812428	0.1349313072	0.0011363399	0.0634396634	0.0006791575	-0.0381531391	-0.0118932974	0.0060102758	-0.00826017	0.0218884064	0.0979851669	0.0274360444	-0.0080731059	0.0026402757	0.1912036615	0.0263049222	-0.0495828938	0.0360656153	0.0705452915	-0.1179301626	0.0591438814	0.0777319032	-0.050994513	-0.0226003869	0.0778276124	0.0244094337	0.0183319754	0.0345043365	-0.0252364375	0.0603535594	0.0171963855	0.0080377794	-0.0568728847	-0.0841838188	0.057216429	-0.044811644	-0.0513250217	-0.0295770844	-0.0063341356	-0.0251169147	-0.0079489389	0.0025859735	0.0050555026	0.042261515	-0.0451478192	-0.0006757473	-0.0811981084	0.0030513594	0.0802767981	0.0528208987	-0.0321048021	0.0982677206	-0.0213220955	0.0856371788	-0.0220363251	0.0218387808	-0.0022178677	-0.1359988575	-0.0409126284	0.0780447881	0.1716413136	0.0145910509	-0.0171093941	-0.0837376929	-0.0187634997	-0.0800094346	-0.0270595567	-0.0043567639	0.0150393696	0.0695836142	0.1032522624	0.0464306803	0.1117731801	-0.0680660475	-0.0484244646	0.046370187	0.0602002188	-0.0001610969	-0.1378250432	-0.0857231036	-0.1074378482	0.1268056447	0.0607616839	0.1212424816	0.0821224456	-0.086098801	-0.0328100148	0.0275746815	-0.0879977142	0.0653829613	-0.024543198	0.1437650785	0.0476106997	-0.0234029375	-0.0521169413	-0.0884755593	0.0568574206	-0.0057205872	-0.0661565831	0.0180355403	-0.0414917779	-0.0914404971	-0.0410057587	-0.0089185379	-0.0599419055	-0.0536462217	0.0907556067	0.0233054294	0.008129759	-0.0139783331	0.0533739931	0.0032686467	-0.0292818979	0.0728466342	0.0307606194	0.0050322024	0.051282335	0.0176387389	0.0380108586	0.0320333653	-0.0720840518	0.04601681	0.038403699	-0.0094179772	0.0446814789	0.002417811	-0.0171274208	-0.0718593208	-0.0273801848	-0.030857316	0.0247804225	0.0338673324	0.0586984312	-0.0161480496	-0.0794218076	-0.0857768306	-0.0306587036	0.0464314067	0.0	-0.0067742340501411	-0.0005132058197858	2.633802134621175e-07	4.589024696609109e-05	0.0217696534461708	-0.0268154937077867	0.0007190707027923	0.0004739178111663	-0.1378672191589984	-0.0571777074070354	0.0190073701186353	0.0032692902243245	0.0031310382861919	0.0004089237663134	9.803400749599511e-06	1.6721864665601788e-07	0.0016068873982737	-6.107402189829995e-05	3.730036150834022e-09	2.5820871107308207e-06	0.0012029857708847	0.0001352492410586	1.4471747649510558e-06	1.829235720692729e-08
373.5424495129772	0.5586775220191385	139533.96158815513	0.3121205736094449	365.8824331766504	-0.5813727610556612	0.3379942872974829	133869.95490726604	252.8660577663705	-0.2363518762195156	63941.24317030542	0.0558622093924852	265.9680156881921	406.8922841581413	1.025056	28.502253	0.0789677104434559	0.0389045011000731	0.0011373063	0.0067454062	-0.0045476555	0.0143969725	-0.0094672827	-0.0972926417	0.0277225497	0.0101672922	0.0414610929	0.0386429901	0.0005499214	-0.0428744588	-0.0516040374	0.0558418605	-0.0713133831	-0.0298046648	-0.0478593705	-0.0339104232	-0.0394116548	0.1055579243	-0.0147379163	0.0015726436	-0.0212517476	-0.0540918818	-0.0100971249	-0.113792404	0.017785494	0.1611450097	-0.0659320287	-0.1014013134	-0.0595193398	0.0031339396	-0.0004129317	0.0733844778	-0.0471424738	0.0681126764	-0.0640078459	-0.1815880117	-0.0147598596	-0.0556082268	-0.106159989	-0.0476679613	-0.0222393983	-0.0636871165	-0.0826942527	0.1409749291	-0.0255493202	-0.020298308	-0.04245256	-0.0331632477	-0.0094726686	-0.0610657918	0.011532641	-0.0333247586	0.0191251966	-0.0083277544	0.0362897123	-0.1261384458	-0.1135368252	-0.026763505	0.0286219695	-0.0873370151	-0.0572621803	0.0409209214	0.0498501666	0.1062640691	0.1100796915	-0.0283618503	0.0187981291	-0.0040972832	0.0970757053	0.0814914879	-0.0671472185	0.0154361573	-0.0751449766	-0.0620601287	-0.0237559808	-0.0158943868	-0.0707009702	0.0575019288	-0.0575437707	0.0351276698	0.0838872736	-0.030520054	0.1191476448	0.0139171147	0.0345963897	0.0511592735	-0.018782905	0.1110745171	0.0544064368	-0.0860386576	-0.0803490113	0.0195342085	-0.0454575445	-0.0258149054	-0.0866138802	0.0485523537	0.0564653899	-0.0431634025	0.010809949	0.0037267044	-0.049808899	-0.0005440739	0.0633715456	0.074172965	-0.0038519794	0.070812107	-0.0254371825	0.0478525015	-0.0931935018	-0.1361730611	-0.063495562	-0.0262154733	0.0597053398	0.0964269459	0.016687001	-0.0803423725	0.0433562969	0.1294911101	-0.0319073892	-0.0195348762	0.0859132271	0.1389696489	0.0522114304	-0.0627134834	0.0450599837	-0.0892450156	0.052184816	0.0327498302	-0.0796408348	0.0013243146	0.0760299016	-0.0621243642	0.0491077578	0.0622705421	0.0629240128	-0.0818734735	0.0223756113	-0.067777501	-0.0168771193	0.0024334995	0.0358149751	0.0916627842	0.0642418748	-0.0297119381	0.0200537808	0.049680535	-0.0831525764	0.0909820246	-0.0095082792	0.0997948982	-0.0826928214	0.0418690825	-0.0100030652	-0.0566807486	-0.0369180041	-0.070763929	0.0009835689	-0.0162513504	-0.1244150199	0.0062624853	-0.0425388212	-0.0963169302	-0.0766982436	0.123873695	0.0284002062	-0.1095986772	-0.0234555099	0.067085713	0.1220697421	0.0722390651	0.004215624	0.0216254368	0.0003585445	0.0225449035	0.0413714133	0.0731409637	-0.0394388347	0.0358612028	-0.0534856507	-0.0294053635	0.1151750086	0.0989115627	-0.0280594588	-0.1208675382	0.0070168201	0.040076396	0.0861269158	-0.0202680485	-0.0023118071	-0.0702288994	-0.0990708012	-0.0514036018	0.0361667293	0.059366642	-0.0050563065	-0.0291574409	0.0577711266	-0.0185093366	-0.0811495725	-0.0839876321	-0.0249320423	0.0524969085	0.0	-0.0167018172687534	-0.0099275832186122	9.855690856247251e-05	0.0002789507000788	0.033713880227495	0.0119442267813241	0.0001426645534037	0.0011366257199938	-0.106330222333419	0.0315369968255794	0.0113061161814743	0.0009945821687766	0.0030509918879606	-8.004639823130022e-05	9.308551500401383e-06	6.407425869803902e-09	0.0019011347788508	0.000294247380577	8.658152097648464e-08	3.61431344735608e-06	0.0010661014773343	-0.0001368842935504	1.136572359974377e-06	1.8737309820792082e-08
373.26019055319017	-0.2822589597870433	139323.16985180383	0.0796701203800637	366.0585755253082	0.1761423486577769	0.0310261269906778	133998.88071561776	252.9423511245034	0.076293358132915	63979.832992391566	0.0058206764951972	265.74550643239746	409.7991537698489	0.968095	26.918417	0.0317539077495685	0.0184924684805631	0.0198214332	0.0075642354	-0.0012877638	-0.0183230499	0.0519353741	-0.044531245	0.0327327257	0.0266776987	0.0404681671	-0.0485250091	-0.008354978	-0.0150959656	0.005403954	0.0135531563	-0.0946501697	0.0364631276	-0.0031488853	0.0033418267	-0.0559846347	0.0041630471	0.0050513003	-0.0282814164	-0.0963625912	0.0237230019	0.0614114862	-0.0695495829	-0.0060183713	0.0338134099	0.0638218574	0.0536307633	0.0512543358	-0.035624597	-0.0919854787	0.0452729275	-0.0116080786	0.1336459657	-0.0017884129	-0.0205520954	0.0652009782	-0.046705074	0.0700036139	0.0494065548	-0.0273018326	0.0254138244	0.0104269978	0.0243638415	-0.1051125971	-0.0368223622	0.1025207412	-0.0037707255	-0.169580274	-0.0394674817	0.0127120019	0.0017025238	0.0877164061	-0.1275295464	0.0291835329	0.0281442879	-0.0394109131	0.0104272362	0.0148983645	-0.0314743303	-0.0211038015	0.0286729213	-0.0712595523	0.0901018638	0.0553786701	0.0698563589	0.0389986397	0.0903461258	0.0409948116	-0.1110144583	-0.0145132307	0.0679812295	-0.1006348733	0.0537532065	-0.0140436882	-0.0803554423	-0.076136235	0.0352996099	-0.1059958423	-0.0616365707	-0.0551594147	0.0541689316	-0.165005729	-0.1018342889	-0.0378036653	-0.20109263	0.0127372732	-0.1817777822	-0.0021320831	-0.0441922713	0.080680596	0.1062591997	0.0094589377	0.0357124725	-0.0442589841	-0.0095180429	-0.0201146838	-0.1002229729	-0.023193955	0.0551308897	-0.0861274866	0.0144292185	-0.0141845419	0.055666687	0.0309032669	0.0244030874	0.0283196106	0.0440086613	0.0380437649	-0.1349096713	0.0554465724	0.0223047706	0.0306686332	-0.022760981	0.0090306134	0.0469395655	0.0017552727	0.0185869303	-0.0808860588	-0.013928519	0.0984610967	0.0525055459	0.0848907799	0.0864867169	-0.0690988109	-0.1861608827	-0.098529912	-0.0319966756	-0.0148588404	0.09322732	-0.043535143	0.0984475696	-0.0602099682	-0.0503276555	-0.0543854219	-0.0203759124	0.0624436591	0.0651919373	-0.0495193201	-0.0526694252	0.0465422932	-0.0467023883	0.1012306282	-0.0673019486	0.1250266486	-0.0909270594	0.0393966666	-0.0909361214	0.0540240189	-0.1171210595	0.0495365533	-0.0096455354	0.0037220087	0.0081188316	-0.0555790854	0.0104094621	0.0569694743	-0.0463190583	-0.1151537253	0.0084849271	-0.0576245794	-0.0020862007	0.1051549794	-0.0920898797	0.0512165063	-0.0543879058	0.0641458283	-0.0569421658	-0.0978680498	0.0746910636	0.0605825181	-0.0711550223	-0.0196449412	0.0229036725	-0.0094896146	0.09013475	-0.0443249231	0.0053818547	-0.0277864876	-0.0807139785	0.0152455244	-0.0062464151	-0.0909640178	-0.0969325133	-0.0759693319	0.0063241229	-0.0602125662	0.0256102684	-0.0628538131	-0.0032941395	-0.0190699955	-0.1194318689	0.0654810155	0.038658527	0.0562869372	-0.0674241236	0.0568338402	-0.0208578319	-0.0827511615	-0.0819662993	-0.0190977232	0.0582360367	0.0	-0.0145971993042479	0.0021046179645054	4.429416776519271e-06	0.0002130782275279	0.0386474681949806	0.0049335879674856	2.434029023291871e-05	0.001493626797882	-0.1220647248669664	-0.0157345025335473	0.0148997970568482	0.0002475745699782	0.0030698570040915	1.8865116130900323e-05	9.42402202556964e-06	3.5589260663235555e-10	0.0018913740032655	-9.76077558529991e-06	9.527274002658679e-11	3.577295620228564e-06	0.0012170995712987	0.0001509980939644	1.4813313664554797e-06	2.2800424380881813e-08
373.3316821303819	0.0714915771917503	139376.5448823005	0.005111045609364	366.3928326267721	0.3342571014638906	0.1117278098790416	134243.70780026985	253.2544674164008	0.3121162918973823	64137.82526636481	0.0974165796677719	266.2730776225952	409.39166642920935	0.924786	25.71419	0.0531895556679528	0.0239232502232486	0.023839771	0.0091302267	0.0306383522	-0.0199620358	0.0597620736	-0.0715244453	0.0470167023	0.0356978195	0.0197454394	0.0148176689	-0.0384618263	-0.0138080997	0.0170907347	0.0334557083	-0.06947803	0.0541994886	0.0190260019	-0.043400669	-0.0449609523	0.0318198589	-0.0606532214	-0.042890464	-0.061566477	-0.0057397034	-0.0078983395	-0.0575333337	-0.0096901444	0.0245236747	0.0423560399	-0.0010125661	0.0091659646	-0.0621928015	0.0144324239	0.0060387973	-0.0129741767	0.0816724688	0.0025016107	0.0959043068	-0.0446153431	0.0903912404	-0.0382449088	0.0572503314	0.0180472439	0.0280558111	0.0802468453	-0.0748921512	0.0808044368	0.1243146333	0.0183103263	0.0873304471	0.1276443544	-0.0665314544	-0.1478445048	0.0717047491	-0.0496648344	-0.0129869445	0.0308222817	-0.0127113813	-0.1031605859	0.097113341	0.2357975232	-0.0864388064	0.1074912401	0.101998003	0.0724737797	-0.0761984286	-0.0492502515	0.0214224073	0.0061284585	-0.0457811245	0.1152380562	-0.0935225794	-0.1305186173	0.0659959892	-0.0284765832	-0.0099779422	-0.0814965826	0.0465325479	-0.0098395919	-0.0765180883	0.0055269285	0.0320426882	-0.0655954582	0.0070676117	0.0218617138	-0.0420519828	0.1026713263	0.0556307619	0.0004678503	0.0227686535	0.0187807439	0.0573408732	0.0717483443	-0.021106157	0.0456290437	-0.172012122	0.1060032891	0.0347310454	0.0535696976	0.0318448937	0.0398547006	0.0383823866	-0.0515739501	0.0699039417	0.0244488441	0.0063564945	0.045738597	0.0138489809	-0.0162508305	0.0524507317	-0.0149976238	-0.1402829533	-0.0182067283	0.0795386769	0.0390216364	0.0655073581	0.0889171802	0.0599676564	-0.088422963	-0.0470343074	0.0418143221	-0.1122907075	-0.0814698809	0.0046668412	-0.0068709793	0.0326096444	-0.05718063	-0.0037988542	-0.0672178665	-0.0008743098	0.0453980199	0.0370491808	0.0014510921	0.0053888673	0.1094760299	-0.0054241769	0.0615939042	-0.0185029676	-0.1016024249	-0.0375723951	0.1132142754	-0.1469027985	0.0656302027	-0.0519695912	0.0358635091	-0.0212207485	-0.0401288544	0.1069228217	0.0530555692	0.065155523	-0.0278022356	0.0295724874	-0.0009283993	0.0409000662	0.0890469835	-0.0476981711	0.1138544089	0.045104611	-0.123180077	-0.0914268808	0.0061424779	-0.00321672	0.096283725	0.1772199884	0.0037773242	0.0586020541	0.0059989557	0.039499994	-0.0206517588	-0.0394506566	-0.1245682253	-0.0488338971	0.1005506964	-0.0649939851	-0.0067562203	0.0414449595	-0.0436367339	0.077859911	-0.1075567736	0.0059625666	-0.0736895661	-0.1178896671	0.0231505495	-0.0504282659	-0.111184982	0.0431573817	-0.1005573648	0.0320455559	-0.0785234176	-0.0570435816	-0.0041896268	-0.0484031252	0.050270563	-0.142996091	-0.0123643384	0.1383714761	0.165678443	-0.0745462468	0.055886734	-0.0231919124	-0.0842240844	-0.0797184191	-0.0131809392	0.063613111	0.0	-0.0002742254472565	0.0143229738569913	0.000205147580108	7.519959592302747e-08	0.0271001078637311	-0.0115473603312495	0.0001333415306197	0.0007344158462258	-0.1106162323063344	0.011448492560632	0.0122359508496489	0.0001310679819108	0.0032150138201321	0.0001451568160405	1.03363138636404e-05	2.10705012430445e-08	0.001870219153178	-2.1154850087499967e-05	4.475276822245973e-10	3.497719680913836e-06	0.0010659966590452	-0.0001511029122535	1.1363488770955284e-06	2.2832090091488963e-08
373.1564030392462	-0.1752790911357351	139245.70112918835	0.0307227597893693	368.2157748483331	1.8229422215610496	3.323118343149936	135582.85684715834	253.36914282396805	0.1146754075672618	64195.92253535232	0.0131504491007176	266.32037103244653	410.4329942885209	1.083405	30.12467	0.0948695852164477	0.0477282563489743	0.0460743643	0.0270803988	0.0275530056	-0.0002734643	0.1069180128	-0.0399970657	0.0214068271	0.076561961	-0.028966136	-0.1918189923	-0.0661226715	0.0271663517	0.0649042397	0.0570351682	0.0868945298	-0.0412378191	0.0897822682	0.0542158093	-0.0187990175	-0.0902844356	-0.0160666202	-0.0572081794	-0.0111700007	0.049201391	0.0294045235	-0.0356872293	0.0840152869	0.0538908477	-0.0324263067	-0.0709017028	-0.0254153996	-0.0300965282	-0.1218380013	-0.0606114813	-0.0210112922	-0.0002740454	-0.0531281632	0.0732356879	-0.0513199552	-0.0943899344	0.0123342532	0.0038682249	-0.0179729246	-0.0366196583	0.0024695848	0.1338172164	-0.1398861582	0.0748004143	0.0304142614	0.1196218829	0.2059827202	-0.0580034887	-0.0969249376	-0.0841410361	-0.0426276045	-0.1138626541	-0.0245017648	0.0475373702	0.0280198458	-0.0873857851	0.1033070023	-0.0699878859	0.0971851438	-0.1749701295	0.016614037	0.0405762366	-0.0248765363	0.0234674624	0.1232935947	-0.0661582354	0.0146970239	0.1662966463	0.0357182751	-0.0277882795	0.0041891406	-0.126301078	0.1002341125	-0.0566244691	0.1064810311	-0.0695134492	-0.0471508168	0.0584837926	0.0074903952	0.0897060085	0.1441006632	-0.0909243321	0.0235619355	-0.0088310105	0.1193894389	-0.0214084165	0.019436782	0.0498330688	0.0163210992	-0.0832826156	-0.0004952032	-0.0010805969	-0.0548949579	-0.0757264924	-0.0541029134	-0.0212837327	-0.0376993684	0.1212434896	-0.0094905398	-0.1251277724	-0.0586533737	-0.1152899843	0.029952795	-0.0115982654	0.0551904225	-0.0359871209	-0.0358662849	-0.0597221964	-0.0785476939	0.0208906837	-0.0024854974	-0.011745716	0.0181807678	0.1162269559	-0.0175548922	0.090647231	0.034864478	0.0087466434	0.0357882178	-0.0586417738	0.0728863741	-0.1418599758	-0.0338319803	-0.0225821165	0.0112168663	-0.0021615246	-0.034412285	0.0217827841	0.1700416554	-0.1319293365	-0.0419310769	-0.0991520028	-0.0999575768	0.0459866905	-0.0124120631	-0.1789526368	0.0210684596	-0.0867265207	0.0920747649	-0.1251050299	-0.0329088572	0.0621120337	-0.0700228222	0.0506817902	0.1438871098	0.0437959621	0.0416338416	-0.0252224575	0.0552756522	-0.0321848708	-0.0466391719	-0.0984301941	0.0414900013	-0.0017657664	0.0243092567	-0.0311220457	-0.0160420398	0.0388532261	-0.0602735763	-0.1143822299	-0.0491852381	0.0853199853	-0.0605559008	0.011501318	0.127332466	0.1305832731	-0.0208262799	0.0244404817	0.0290308528	0.1453392988	-0.0240267078	0.0584860956	-0.0449242317	0.1133812292	-0.015929258	-0.0698376526	0.0176236369	-0.0400939946	0.1151804229	-0.0128518828	0.0086484265	0.0437136492	0.0112553528	-0.0151334184	-0.0022692912	0.0888146465	-0.0338185228	-0.0315519561	0.0391878269	-0.0094484449	0.0449000173	-0.0053409835	0.0223004573	0.0333149973	0.0549299716	-0.025509965	-0.0855660509	-0.0772502043	-0.0072072393	0.0685947023	0.0	-0.0167644456296898	-0.0164902201824333	0.0002719273616651	0.0002810466372708	0.0620674733838058	0.0349673655200747	0.0012227166514145	0.0038523712522494	-0.1059660080136097	0.0046502242927247	0.0112287948543403	2.1624585972646936e-05	0.0029106231775535	-0.0003043906425786	8.471727281711633e-06	9.265366328941305e-08	0.0018412012674609	-2.901788571710003e-05	8.420376914906779e-10	3.3900221072996248e-06	0.0015078236351738	0.0004418269761286	2.2735321147887327e-06	1.952110768349425e-07
373.5326449385903	0.3762418993441088	139526.63683481896	0.1415579668220624	369.9852269360477	1.7694520877145692	3.130960690717448	136889.06815091873	253.28644545610285	-0.0826973678651938	64154.02345178737	0.0068388546518312	266.4750557893992	407.2856851168345	1.102462	30.654575	0.1138193231920424	0.0733198109349842	0.0375866026	0.0670910951	0.019178147	0.0692721669	0.1058131259	-0.0351873746	-0.2075577246	-0.0379373069	-0.0709338617	0.1136564787	0.0174046245	-0.0051389658	0.0623424872	0.0478928099	0.2119700572	-0.0770175394	-0.0282219902	-0.0342262782	-0.2393903632	0.0295892335	-0.1378810545	-0.0027825899	0.033921746	0.0205773158	-0.079905787	-0.1234666877	-0.0130211647	-0.0811311757	0.1217741137	-0.0219343577	-0.0372111015	0.0555640389	0.0555330502	0.0012273915	0.0013190917	-0.0061425666	-0.0279696314	-0.0926447887	0.0318603597	0.0341883952	0.1075227461	0.0584108965	-0.0618580509	0.0613575532	0.1117026537	0.0523164239	-0.0119026529	0.0715874633	-0.1161081485	-0.061253468	0.0250410971	0.0734607271	0.0781578582	-0.0555608056	-0.0199685426	-0.0645334117	0.0491183416	-0.0862426899	0.0251797759	-0.0340121146	-0.0251708155	0.0651343732	0.0951180544	0.0897796865	0.0609392876	0.0104605091	0.1061165628	0.0141312581	-0.0195240438	-0.0109783833	-0.0175824292	-0.0607130001	-0.0418675184	-0.0266148368	-0.0539337469	0.0427023374	0.0206332073	0.099846245	-0.0645261081	0.0180190703	0.0155722281	0.1346628605	-0.2240804321	-0.0629378403	0.131606592	0.022472748	-0.151985922	-0.0754741683	0.0627805933	-0.1510717656	0.0628790591	0.0280441881	0.0444226299	-0.0094180665	0.0611404698	0.1125966006	-0.1314799271	-0.0458976655	-0.0759760637	-0.0368477685	-0.1026190282	-0.043123249	0.1028827357	0.1493490268	0.0513485741	-0.0111415432	0.0907395806	0.078214502	0.1125291717	-0.0794644804	-0.1104704437	-0.0270771735	-0.0982470295	-0.0230438425	-0.175981025	-0.0876753244	0.0296170271	-0.0867459322	-0.0342925464	0.0336739426	0.0238033118	0.1040097247	-0.0811587556	0.0141614533	0.0413679516	0.0921114457	0.0459084221	0.0075621314	0.0277381285	-0.0199712598	0.0392421548	-0.1195409028	-0.1110254892	-0.0540660679	-0.0919659323	-0.0550124014	-0.0529984653	-0.0266165665	0.046086124	0.0759378152	-0.0565097111	0.0595508406	0.0230530169	0.0529343372	0.0030065347	0.102357844	0.0535659486	-0.1198192485	0.0234045405	0.0953364151	-0.0435494509	-0.0225968977	0.0338713805	0.02236157	0.0624456297	-0.1014112882	-0.0774516032	-0.1284280403	0.0769427882	-0.0317753879	-0.0737344136	0.087994097	-0.0303473504	0.0564654393	-0.023295493	-0.0108707191	0.1246630386	-0.0015066313	0.0194569322	0.0129139309	0.035289377	0.0127882281	0.0858687851	0.0205777284	0.0118121785	0.0231788257	-0.0437254593	0.1173638638	-0.0625173109	-0.0374042239	-0.000144128	0.0835230259	0.0139645919	-0.0284695247	0.0363356213	0.011173615	-0.0615649957	0.119650841	0.0360565217	-0.1029940525	0.0656928746	-0.1108625936	0.059873346	0.0116797179	0.0157970654	-0.034671322	-0.0302835447	-0.0198731007	0.0539637182	-0.0278103878	-0.0867749746	-0.0745684769	-0.0012024181	0.0731498398	0.0	-2.376794161307316e-05	0.0167406776880767	0.000280250289456	5.649150485224548e-10	-0.0060299499103138	-0.0680974232941196	0.0046372590592985	3.6360295920893405e-05	-0.1001611824098986	0.005804825603711	0.0100322624617489	3.369600028949987e-05	0.0032981796443543	0.0003875564668008	1.0877988966433056e-05	1.5020001495911969e-07	0.0017659961472495	-7.520512021139993e-05	5.655810106011113e-09	3.1187423921000777e-06	0.0015085899802843	7.66345110499991e-07	2.2758437286141845e-06	5.872848283872435e-13
374.5418595649517	1.0092146263614268	140281.60456637203	1.0185141620618343	367.9102999889637	-2.074926947084009	4.305321835735366	135357.98883796926	253.69957061641472	0.4131251603118642	64363.4721309532	0.1706723980827034	266.7366277503129	413.36260550026185	1.092469	30.376709	0.1226365381796157	0.0661606270117424	0.019168077	0.0683336612	-0.0837592995	0.0365502578	0.0934059226	-0.0305342996	-0.076017771	-0.1042306508	0.0447368592	-0.0485351372	-0.002197198	0.0857752365	-0.035097995	-0.1123245109	0.0661996974	0.1174990736	0.1140288026	-0.0585869411	0.0193667475	0.1367803181	0.0637636135	0.0319157415	0.0694585872	-0.0076471634	0.0408410682	-0.0351444913	0.1215438134	-0.0510821297	0.1250733359	0.0078597582	-0.1648645877	0.0027826251	-0.1164008641	-0.0507994365	0.0649462621	-0.0597914493	-0.1626390264	0.1165346185	0.0290142172	0.1109003722	0.0321794322	-0.0463795382	-0.105182838	-0.0338624345	-0.0541832232	-0.0110617389	0.017524927	0.0820714986	-0.0050695466	0.0007961684	0.0636750091	-0.0742194903	0.0131357907	-0.0755888734	-0.0847396496	-0.0842267827	0.0611457398	-0.0236428215	0.0152127869	0.143022293	-0.0717472931	0.0576103595	-0.1011338957	0.0140434791	0.0758039466	0.0290977087	0.0773964193	-0.0096876089	-0.0140780713	0.057254876	0.0045805129	0.1175174851	0.0034132406	-0.005882857	0.0517540918	0.1381661762	-0.0836443922	0.0430679566	0.0025266951	-0.0466590337	0.0181132633	-0.0121537563	0.0377755655	-0.1172272501	0.0165180702	-0.0089192596	-0.0366881561	0.055490668	0.0006158545	0.0946208915	0.0066880039	0.006432539	-0.0583076891	-0.0009091484	-0.038426047	0.0464689046	-0.0232193841	-0.0162982686	0.1159488323	-0.0550491361	-0.0542849119	-0.0806644603	0.0344260288	-0.0388392386	-0.084814794	0.0445142216	0.0764252308	0.1703372774	0.0466199039	0.0726745144	0.1878249273	0.0402631671	-0.0254812111	0.0748330328	-0.0975596719	-0.0874806388	-0.102468386	-0.0071663508	0.043157814	0.0614250297	0.0973572466	-0.0480833454	-0.104459482	-0.0742924558	0.023817084	-0.0126549733	-0.0772760818	0.0046234805	0.0489975931	-0.0313811133	-0.0105990464	-0.0987975599	-0.0338140023	0.1059886207	0.0216931916	0.1021694248	0.0785970929	-0.0929745366	-0.1176269468	-0.1071413431	-0.0417470905	-0.0286921925	-0.0087076168	-0.0548541426	0.0370118142	0.1177786002	-0.0508660664	0.0893095241	0.0570729577	0.0615143925	0.0674540582	0.029683097	-0.1351339765	-0.0161403598	0.0610072562	0.0353984215	0.012752563	-0.0016250142	0.0091663553	0.0823481301	-0.0764205943	0.0407523187	0.0453282605	0.0608851483	0.0246487268	0.0872975272	-0.0252969096	0.0739159077	0.0121973758	0.0343092019	0.1065591861	0.0298116938	-0.0681992186	-0.0024755996	-0.0049070944	0.0172538886	0.0135570031	0.1712736854	-0.0241438036	-0.0464935553	0.1028054337	0.0662435399	0.0509273524	-0.0120777059	-0.0278441487	0.0360466021	0.0392559092	-0.1305469753	0.005137394	-0.0969339249	-0.0154403804	-0.0316677389	0.0005561053	0.0813634006	0.0410643074	-0.0461343332	-0.0167210905	0.0419159269	0.052988141	-0.0300915909	-0.0878489756	-0.071680649	0.0048075951	0.0772502043	0.0	-0.0021405165067278	-0.0021167485651147	4.480624487915256e-06	4.581810915574185e-06	0.0458422032851615	0.0518721531954752	0.0026907202771348	0.002101507602038	-0.1059517727236993	-0.0057905903138006	0.0112257781432944	3.35309361822824e-05	0.0027165587532386	-0.0005816208911157	7.379691459797256e-06	3.38282860982221e-07	0.0019422381119011	0.0001762419646515	3.1061230104255776e-08	3.7722888833211495e-06	0.0020078680466215	0.0004992780663372	4.031534092643638e-06	2.4927858752541345e-07
373.9673186481241	-0.5745409168276296	139851.55541686757	0.3300972651091332	367.2539758316392	-0.6563241573244909	0.4307613994877031	134875.48276414623	253.2120971167383	-0.4874734996764118	64116.36612625652	0.2376304128867687	266.0141539420475	413.0676109965453	0.988292	27.480021	0.1318580257887318	0.0571650060186118	0.0349680652	0.0504824875	-0.118266209	0.0420257191	0.1075189014	-0.0179805392	-0.0451961354	-0.0709293656	0.0291569238	-0.0921102924	0.0807408246	0.0686017721	0.0930356787	-0.0095486401	0.0234613969	-0.0175894003	0.0392445066	-0.043339761	0.0161359355	0.1080234903	-0.001052522	0.0526188492	0.0100500305	0.0358138686	0.0515842979	0.0105160183	0.0774574361	0.0356709093	0.1375181113	-0.1391269436	-0.0359672785	-0.0191350837	0.1140032535	-0.0564959496	-0.1209750347	0.0562622299	-0.0138368055	0.0015375217	0.0328587558	-0.0573062255	0.0497859369	0.0226494146	-0.0570057536	-0.1113206413	-0.0595944186	-0.1166435091	-0.106891263	-0.0932916254	-0.0739499385	0.0876297425	0.0797371634	-0.0181144326	0.0391069352	0.0409539324	0.0918199754	-0.1625094354	0.0275341564	0.0587152008	-0.009118086	-0.0764698785	0.0847345073	0.0931745212	-0.1174979572	-0.0912157753	-0.0133155698	-0.0759997975	-0.1269368976	-0.0017335187	-0.0818284756	0.0123406769	0.0245609144	0.0692325751	-0.0154983636	0.1295300965	0.0020334785	0.0171735502	0.0014196087	-0.0706472235	-0.1698588401	0.0314709178	-0.0005858812	-0.1218701541	0.0468511743	-0.0786047962	0.0070975022	0.0874580922	-0.0220767438	0.0494369596	0.0063643462	0.0449201367	-0.0436243481	-0.0438464168	-0.0125763928	-0.0370011881	-0.108652561	-0.0496332973	0.0186447814	-0.0118468885	-0.0087050598	-0.0484666114	-0.0753483508	-0.0511777305	0.0274732685	-0.0464136471	-0.141071492	-0.0145727903	0.044870098	0.1164103414	0.0109546955	0.0611997566	-0.0247794898	-0.0558440302	0.0603082148	-0.0386432197	0.0450105462	-0.0817000081	0.0247803738	-0.0210824755	-0.113969222	0.0840874319	-0.00838047	-0.0455959522	0.0500752124	-0.0356099026	-0.06473782	0.0279909889	0.1004335256	-0.0855081198	-0.0621272689	-0.066507929	0.0224400911	-0.0849420085	0.1423966039	0.0237713612	-0.0053515168	-0.0662274162	0.0468333612	0.1318170754	-0.0703335605	-0.0522070894	-0.029504673	-0.0462441084	-0.0793227345	-0.1097759341	-0.0994852609	-0.0422887557	0.0853529371	0.1217292371	-0.1460430666	-0.0572870013	0.1407823383	0.0005480957	0.0386163616	0.0079308071	0.0528436246	0.0272341355	-0.1493499603	-0.0176636817	-0.1002672631	0.0295887462	0.0822636117	0.0036982372	-0.1246643646	-0.0498530137	-0.1036482164	0.0474006007	0.114059682	-0.0871577419	-0.0685323788	-0.0717059036	0.1465454681	0.0725424962	-0.0214110842	-0.0360887514	0.0161028448	0.0578453499	0.0565841997	0.1764477782	-0.034035989	-0.0491378894	0.0052285342	0.0822440062	0.0313579345	0.0294769318	0.005295911	-0.0042078019	-0.0440111613	-0.0167752412	-0.0052206538	-0.0786587736	0.0078907841	-0.1278694402	-0.0252791603	0.0166775451	-0.0603773954	-0.1059084683	0.0005752035	0.0406638248	0.0520034083	-0.0323519979	-0.0887863842	-0.0685947023	0.010796849	0.0808703038	0.0	-0.0168479915282091	-0.0147074750214813	0.0002163098215074	0.0002838548185346	0.0196484504940031	-0.0261937527911583	0.0006861126852843	0.0003860616068152	-0.0821617259602121	0.0237900467634872	0.0067505492127609	0.0005659663250089	0.0032917583483762	0.0005751995951376	1.0835673024104408e-05	3.3085457424645895e-07	0.0017548549549371	-0.0001873831569639	3.5112447513795036e-08	3.0795159128672915e-06	0.001427115774471	-0.0005807522721505	2.036659433743962e-06	3.372732016079684e-07
373.4549661464145	-0.5123525017095858	139468.6117394196	0.2625050860080711	369.7193982838975	2.465422452258281	6.078307868099235	136692.43346740722	252.93367528127249	-0.2784218354658208	63975.44409129219	0.0775187184641565	266.66251760049977	409.5794634969312	0.979543	27.236742	0.1085307750215232	0.0564665582642851	0.040092249	0.0062647998	-0.0996655743	0.083306678	0.0844298589	0.0306581292	0.0526169845	-0.0883538463	-0.0802286954	-0.120235855	-0.0142859088	0.0072840724	0.0477534545	-0.0127570261	0.0091522618	-0.0112171229	-0.0089924895	-0.1124518634	0.038033639	0.044989822	0.0727362016	0.05337213	0.0447217089	0.0426813483	-0.0170780171	-0.0797564456	0.0251167233	0.0148640771	0.1722769572	0.0651100642	0.0792858573	0.0611090647	-0.0787213486	-0.0309872657	0.0604495525	0.0975041387	-0.0398492054	-0.0965989863	-0.0741570145	-0.0325084099	0.0406626169	-0.0490055488	-0.0756183627	0.0537584571	0.017678951	-0.0017136646	0.0621149595	0.023012342	-0.0235146301	0.1492786829	0.0543368507	0.1474321651	0.041566711	0.0190893077	0.0417663916	0.0864342432	0.0483761051	0.0942303164	0.1276826515	-0.0120763097	0.0119148805	-0.0491678693	-0.0768277046	-0.0791663376	-0.0371087001	-0.039901822	0.0244902658	0.0090324672	-0.067244583	-0.0477386033	0.0251549552	0.1007355502	0.0164438281	-0.1544697072	0.0910233321	0.0535710874	-0.0252647071	-0.1341340766	0.0403308916	0.0558218148	0.0352835423	0.0478434904	-0.0584290063	-0.0253775735	-0.1152917541	-0.0110647654	-0.0126635536	-0.0775487582	-0.1213275686	0.0045816014	0.0313412088	-0.0634790378	0.0402090386	-0.0045477141	-0.0254886854	-0.1356413364	0.1073370671	-0.0105691963	-0.037597421	-0.0071250173	0.0407674927	-0.0340361026	0.0488303134	-0.0489903918	-0.061620359	-0.0596153598	0.0631083299	0.0268526117	0.027786777	0.0666764365	-0.0054710772	-0.0966499982	-0.0020659599	0.1132007404	0.0535126948	-0.0110621002	-0.0784885669	0.0272519164	0.0296171183	0.0125650873	-0.0597491759	0.1127274101	-0.0456076683	0.0571070161	0.0434207251	-0.0355344839	-0.1525526344	0.0324293119	-0.1057071117	-0.1784378605	-0.0986546326	-0.0514118474	0.0374262537	-0.0383848061	0.0146235022	0.0036675342	-0.0680906781	0.0988993001	-0.0570295012	-0.086571811	-0.0230201503	0.1258821537	-0.0710307127	0.0741948823	0.0008140132	-0.0647707786	0.0664405449	-0.048154662	0.1128224865	-0.030445599	0.0504872535	0.1472943495	-0.0298965031	0.0115457178	0.0965816017	0.1117118397	0.0029277433	0.0313119755	0.0318931943	-0.0894850038	0.0829329619	0.0100721681	-0.1005063004	0.0136567982	0.0086931036	-0.1339436813	0.0059078099	0.1295608919	0.0140815386	0.0392386095	0.0489930351	-0.0910668026	0.037774082	-0.0050023903	-0.0008641708	0.0213030753	0.0335417025	0.1485612709	0.0172275148	-0.0818082283	0.0853912187	0.0219388356	0.0261577521	0.0457694971	-0.0056286505	0.0129075029	0.0034700406	-0.1174879275	-0.0175695958	-0.1139521872	-0.0108253566	-0.0212810591	0.0176107146	0.0691295716	0.0049734121	-0.0249614835	0.0384751572	0.0047941444	0.0510096905	-0.0345900464	-0.0895857427	-0.0653191659	0.0167394815	0.0839876321	0.0	-0.0187019601101496	-0.0018539685819405	3.4371995028224694e-06	0.0003497633119616	0.0447247867033127	0.0250763362093096	0.0006288226376823	0.0020003065456568	-0.1268684112217002	-0.0447066852614881	0.0160955937659184	0.0019986877070697	0.003171724899039	-0.0001200334493372	1.0059838835183951e-05	1.4408028959786188e-08	0.0021201715958711	0.0003653166409339	1.3345624814330106e-07	4.495127595938607e-06	0.0016796413835755	0.0002525256091045	2.82119517741942e-06	6.37691832535988e-08
373.0148141137991	-0.4401520326154013	139140.0515483521	0.1937338118154693	366.2024531449808	-3.5169451389166966	12.368903110149782	134104.23668940185	252.68421844214447	-0.2494568391280154	63849.31424971738	0.0622287145877405	265.8444454275679	409.7190720511051	1.15564	32.133224	0.1018374391055224	0.062275229496882	-0.0298385152	-0.0155701853	-0.061102752	0.0317841197	-0.050110044	0.0336233865	0.0304612593	-0.0640830987	0.048535624	0.0459548673	0.0691524252	0.0055617536	0.0355684989	0.0863872006	-0.0280372946	-0.0743626731	0.069511383	0.0255831848	0.1204948056	0.0016190753	-0.0335159239	0.0886856411	-0.0038453474	-0.0378190577	-0.0241419821	-0.0526419099	0.0119867557	0.0770989112	0.1401436607	-0.0307276235	0.1216368697	-0.0255237583	-0.0856287967	0.1185917548	-0.1345917401	0.0122902628	0.0403765446	0.0396823614	-0.0805574482	0.0820675481	0.0042465683	-0.0610815961	-0.0878004258	0.097324725	0.0502550752	-0.1149063214	-0.0243079974	-0.0675150428	-0.0226680996	-0.1152921784	-0.1283216157	0.0075674478	0.0372179268	-0.061029077	0.0659099863	-0.0368840095	-0.1266655273	-0.0752140105	-0.0883843775	-0.123324012	0.0657896962	0.0458927843	-0.0842355796	-0.0458978798	-0.1033423636	0.0714602906	-0.0253986373	-0.048225736	-0.0461964967	0.0818491771	0.0388661204	-0.053099705	-0.0427659877	-0.115736725	-0.0745010395	-0.0528068758	-0.0190146352	-0.0027411686	-0.0062259086	-0.0052838772	-0.0298779449	-0.0491121774	-0.007948509	-0.0044240489	0.033889477	-0.0119975868	-0.1230753695	0.0292296607	-0.0690256291	0.0525285462	-0.0421249297	0.0132400455	0.0607642774	0.0314422999	-0.0790677941	-0.0484784558	0.0654365498	-0.048812554	0.0050999335	0.0529430903	0.0264838494	-0.0785739572	-0.0176679013	-0.0221005559	-0.0124256796	-0.0426169305	0.008563858	0.0514159372	-0.0900409344	-0.0405465455	-0.1375084884	-0.0107391422	0.0452951267	0.1106817689	0.1442093513	-0.0231522656	-0.1150737284	-0.0254164216	-0.0597122505	0.0454575293	0.0808753232	0.0346463991	-0.0313798755	0.0332976327	-0.1045897031	0.0830930907	-0.0946874556	-0.20724441	0.028272468	0.008438678	0.1414408582	-0.0181208425	0.0269655192	-0.0075626787	-0.0809099854	0.0093770666	0.0154475768	0.0188760054	0.0640665806	0.1120829324	0.0975943565	0.0339155465	-0.0686587463	-0.0526831611	-0.0527349375	-0.1267076949	0.0281683998	-0.0412374326	-0.0708801474	-0.0953307607	-0.0580061707	-0.0172883601	0.0257642963	0.0482136238	-0.029777909	0.0910133606	-0.0933982989	-0.0759935741	0.0943103003	-0.018931397	-0.0270581521	-0.1754764541	-0.1090666865	0.0123886977	-0.0221485935	-0.0516305576	-0.1107071639	-0.0433184219	0.0327972949	0.0499615428	0.0941478527	0.0245240393	0.0246365892	-0.0992773204	0.0117642784	-0.0124728792	0.0485258403	0.0495647413	0.0122416629	0.0639775467	-0.0243213944	0.0326243826	-0.0204054744	0.0159555117	0.0654214354	0.0300405784	-0.1661556514	-0.0316902735	0.0044461457	0.0065658478	-0.042538561	-0.0263938133	0.011823129	0.082603012	0.0041599254	0.0009601958	-0.0548499158	-0.0028749652	0.0500071591	-0.0368041899	-0.0902458083	-0.0618630933	0.0226098321	0.0865828087	0.0	-0.0255003812819012	-0.0067984211717515	4.621853042852037e-05	0.0006502694455223	-0.0106193185147276	-0.0553441052180403	0.0030629699823855	0.0001127699257172	-0.1498871133442207	-0.0230187021225204	0.0224661467466632	0.0005298606474053	0.0034602791248686	0.0002885542258296	1.1973531622001404e-05	8.326354124411987e-08	0.0021208413552449	6.697593737999691e-07	4.4857761879292674e-13	4.497968054117024e-06	0.0016353411569147	-4.430022666080009e-05	2.6743406994991094e-06	1.9625100821982635e-09
373.9330384933144	0.9182243795153228	139825.91727684258	0.8431360111362993	368.4802081993474	2.277755054366594	5.188168087692565	135777.66383463438	253.0417844993024	0.3575660571579249	64030.1447025914	0.1278534852314644	266.5420166934145	411.44427502419313	1.053137	29.283064	0.1055192600677552	0.0541409630574983	-0.013909561	-0.0317776276	-0.007595711	-0.0384818028	-0.064606947	-0.0753376802	0.0994179476	-0.0321731295	-0.0424910005	0.0455577891	0.018005771	-0.0998866401	-0.0518210961	-0.0383216452	-0.0670228065	0.0259360807	-0.0048784613	-0.0072008405	-0.0805651936	-0.0076799816	-0.0459281682	0.0272912878	-0.0111379249	-0.0792189223	-0.0558388178	-0.0226674421	0.0009093053	0.207186415	0.0356485747	-0.0481674805	-0.1129346412	-5.26803e-05	-0.0322386859	-0.0581344192	0.0487110978	0.0302562361	-0.003740161	0.0028465472	0.1364988277	0.020595029	0.1371520843	-0.0132802298	-0.0574004069	0.0557407941	0.0539048796	-0.0129268402	-0.0243674417	-0.0069023373	-3.51243e-05	-0.0629720183	0.1335606361	-0.1166317283	0.040499776	0.0450147282	0.0234898557	-0.0579964909	-0.0650379238	0.19334725	-0.0381792362	-0.0667242367	-0.0678300864	0.0136401828	-0.0657402557	-0.0742496536	-0.048355361	-0.043443497	0.0519496345	0.0154138679	-0.0339052049	-0.134654142	-0.0478649534	-0.1040449502	0.0107428193	-0.0171986296	-0.0149339523	0.0169198367	-0.0986596832	-0.0139919135	-0.0324937867	0.0482602596	0.0453919599	0.0217397484	-0.020367028	-0.0564803852	-0.0015500869	0.1062149189	0.0304143374	-0.0161533843	0.1093040556	0.0836226383	0.0212131093	-0.0504221472	-0.0256499611	0.0384786549	0.0218985422	0.0578513249	-0.0100581069	0.148975185	-0.0617478646	0.1847304514	0.0909944543	-0.0274857791	-0.0498992637	-0.0343755861	0.0757338324	0.0499772913	-0.0080141123	0.0193480127	0.0661376193	0.0309336396	0.0131243826	0.0035094041	-0.1209802347	0.029314022	0.1247910131	0.0169039062	-0.0368891266	0.0045282356	-0.025359011	0.0674501775	0.0440128295	-0.0703223901	-0.0453876202	0.0287787478	0.0244463022	-0.1340503854	-0.0050224528	-0.0276256649	-0.0977436482	-0.0067435998	-0.0111279726	-0.0105427269	-0.0188054447	0.0366871127	-0.096890939	-0.0606419838	-0.1630741846	-0.0602744497	-0.1526882005	0.0606727724	-0.0425216834	0.0530208022	-0.1683423807	-0.0839463332	0.045278418	0.0665939798	-0.0541171744	0.0211509457	0.0503112338	-0.0010701446	0.0095006843	-0.0165642766	0.0242022545	-0.0417348812	-0.0013777272	-0.0301688383	-0.0137701312	-0.0122242701	0.0294568082	0.0353582306	0.0697968732	0.0592840467	-0.1133630839	0.1146348568	0.0351363034	0.0162606693	0.1704822006	-0.070148304	-0.1204828354	-0.0502749846	-0.0002504371	0.1183000119	0.0650440493	0.1313270601	-0.0012475436	-0.0199454941	0.028171184	-0.0336757481	-0.0221736359	-0.0164171463	0.0456438839	-0.0664468721	0.0686755918	0.1014601152	0.0260929142	-0.1147535803	-0.0710997795	-0.0316687406	0.0802726747	-0.080277681	-0.0375932259	-0.0248824528	0.0289641229	0.0138134298	-0.0293051426	0.0021479333	-0.0437165528	0.0546559191	0.0489959873	-0.0389928981	-0.0907655546	-0.0582360367	0.0283825523	0.0886396995	0.0	-0.0304377226789114	-0.0049373413970102	2.437734007063064e-05	0.0009264549618783	0.0042423328248872	0.0148616513396148	0.0002208686805402	1.799738779711541e-05	-0.197220328845816	-0.0473332155015953	0.0388958581100518	0.0022404332897204	0.003133327231335	-0.0003269518935335	9.81773953862546e-06	1.0689754068520637e-07	0.0022740228338766	0.0001531814786316	2.3464565395793925e-08	5.171179848992162e-06	0.0019229488213401	0.0002876076644253	3.69773216949328e-06	8.271816863623347e-08
373.7205021642358	-0.2125363290786026	139667.0137378886	0.045171691178208	366.460026558098	-2.020181641249394	4.081133863641095	134292.95106496188	253.26248674156253	0.2207022422601312	64141.88719052014	0.0487094797386496	266.172551478572	416.2738665015369	1.05897	29.445251	0.1163751959980659	0.0592312143256799	-0.0089687314	-0.0194736795	0.0319542638	-0.0847458315	0.0097987994	-0.0042616857	0.0154759322	0.0665388853	0.067008281	-0.0150933804	0.0181282277	-0.032869789	-0.0295819994	-0.0108515153	-0.0490498164	0.0150667591	-0.0988000089	0.0237456965	0.0137466563	0.0927777916	-0.0477566564	-0.0473876819	-0.0406880947	-0.0099349756	0.01669672	-0.040708622	-0.0466443659	0.1029799943	-0.0049743229	-0.0848169083	-0.0156128325	0.0099314691	-0.015362128	0.004703238	0.0315224712	-0.0272396327	0.0132220449	-0.0191618082	-0.0419060949	0.0502490399	-0.0131850771	0.0769079589	-0.0858393104	-0.0798933157	0.1272231614	-0.0960497908	-0.052100252	-0.1249483705	0.0697944618	0.0099379369	-0.0812815977	0.0346963992	-0.0655047424	-0.1139818142	-0.0175150123	-0.0162012727	0.0393295262	0.0126516362	-0.1257707804	-0.1459481384	0.0190328207	-0.0095654166	-0.0197652237	-0.0446936184	-0.1632656029	-0.0148608253	0.0335180344	-0.0641228173	0.0056859827	-0.0921133475	-0.1062552044	-0.008854621	0.1285503561	-0.0338804003	0.0489885455	-0.0890639136	-0.1238237036	0.1418284586	-0.0483840826	0.0366326914	-0.0708209684	-0.0371287111	-0.0370142952	-0.0096582988	0.0576670746	-0.0580827291	0.0523192678	0.0840956401	0.0309122847	0.0058750975	-0.0410066703	-0.0261512435	-0.0268384069	-0.138063041	0.0013108753	-0.0293359497	0.0576691535	-0.0575369226	0.0842460757	0.0340355686	-0.0221672752	0.054666555	-0.0630493056	0.0294215402	-0.0099656232	0.1038701695	-3.55691e-05	0.0004318866	0.0587845708	0.0210827715	0.0429175741	-0.0989739579	0.0122626226	-0.0079801652	0.0916135475	0.1018844779	-0.0209833765	0.0546233139	-0.1171270403	-0.0288993392	-0.0147650975	-0.020912787	0.0143696619	0.0372860921	-0.0420621754	-0.0726479521	0.0954387492	-0.0572455696	-0.0082558312	0.0608776785	0.0573995613	-0.0988924778	-0.000362015	0.0079005341	0.0472736802	-0.0038010416	0.1529172598	0.0980519868	0.016768535	0.0587266215	0.0231652414	-0.083175164	-0.0641377654	-0.0304282849	0.091876022	0.0420329313	0.0024301184	-0.1312857822	0.0528921126	-0.0441587515	0.0552225242	0.0381543516	0.1373630797	-0.0409843461	-0.0835363397	0.0605447891	0.0422178992	-0.1070237105	-0.0185981856	0.1135995588	0.0645691207	-0.1070248548	-0.0072121978	0.0271042281	-0.0515694646	0.0507223866	-0.135017089	-0.0330460855	0.0186935753	0.0284114835	0.0736330761	0.0217175018	0.0747460292	-0.0147101736	-0.0163708613	0.0186488799	-0.0322043362	0.0272724308	0.0160147118	0.0401771423	-0.078195271	-0.1069590302	-0.021141789	-0.0380544071	-0.0484797095	-0.1341257797	-0.0386421308	-0.0057249938	-0.0753745177	-0.0173910058	-0.0612517337	-0.0613154678	0.0123281747	0.0200823845	0.0550645498	0.1164607416	0.066023221	-0.005330764	0.04797635	-0.0411546584	-0.0911441736	-0.0544480209	0.0340327152	0.0901455167	0.0	-0.0322536178723424	-0.0018158951934309	3.297475353525803e-06	0.001040295865855	0.0120484847328299	0.0078061519079427	6.093600760987747e-05	0.0001451659843572	-0.1561976212324438	0.0410227076133722	0.0243976968786739	0.0016828625399322	0.0039248671829113	0.0007915399515762	1.5404582403494084e-05	6.265354949414112e-07	0.0021210585143209	-0.0001529643195556	2.3398083057138254e-08	4.498889221173184e-06	0.0015528442668057	-0.0003701045545343	2.411325316951332e-06	1.3697738128710666e-07
373.1111925802552	-0.6093095839806324	139211.9620286603	0.3712581691306513	369.77960150443073	3.31957494633275	11.01957782432008	136736.9536887756	253.69480123992795	0.4323144983654288	64361.05217616655	0.1868958254969523	266.9313945350995	407.1773888431172	1.112495	30.933535	0.0923635528838184	0.0446221906847972	0.0370762792	-0.0472300667	0.0423464167	0.0057038364	0.0097329097	-0.0205601682	0.0719182369	0.1037503514	-0.0974830098	-0.1358147308	-0.0205215318	0.0275959018	0.0208340483	0.0312946349	0.0336099244	-0.1312576417	0.0402573702	0.0605763256	0.0690145488	0.0219177762	0.0600023712	-0.0940325137	0.0123327152	0.0377112552	-0.0346149153	0.0566709518	0.0767160554	-0.0032503782	-0.0191311481	0.0402779522	0.0346764515	-0.0193016363	0.0295005677	-0.0503154184	0.0183446652	-0.0374203579	-0.0213439483	0.0014601543	-0.064647706	0.0062779668	-0.0599592861	0.0604550854	-0.0513249543	-0.0841202848	-0.0113845505	-0.0294660162	0.0390096175	0.0340546321	0.1730979929	-0.0655528518	-0.0373543751	0.0068650973	0.0235394851	0.0616085231	-0.0408144525	0.1100258284	0.0702874881	0.0755478761	0.0057149715	0.0127772708	0.0092245282	-0.0271020066	-0.0185089194	0.0260987263	-0.0820529487	-0.0799789096	0.0698317851	0.0457574353	-0.0177979058	-0.0440280272	0.0565630427	-0.0150704906	0.0722816969	0.0105969761	-0.0351811272	0.0176694895	-0.0008032742	0.0290082609	0.0888230753	0.1264821777	-0.0888928973	-0.0787614536	-0.0852868603	0.012998131	0.1449702678	-0.015763317	0.1199807376	0.0080089319	-0.0145741331	0.0704025677	0.0914760893	-0.0065833286	0.1158526937	-0.0137636994	0.0773880135	0.067995125	-0.0033719347	-0.0374733292	0.0364590279	0.0236113315	0.0082323896	0.1314996555	0.0515086475	-0.1242097513	-0.0310955069	-0.0519281756	0.0065731642	-0.0101531395	0.0090270153	-0.0183508038	-0.0597616849	0.0266351631	-0.0142606775	-0.0266031022	0.0287252104	-0.0383625416	-0.0049001945	0.0078106204	-0.0268294155	-0.0591898162	-0.0056989597	0.0560280279	0.0506725857	-0.0141301448	0.0230026592	-0.0713148424	-0.0392960888	0.0613792813	0.0261922455	-0.0393897137	0.0160332603	0.0343266008	0.0254912934	0.1404200378	0.0602248912	0.0689398609	0.0189906753	-0.0398727807	-0.0488094725	0.1208895031	-0.0869887044	-0.0569702599	0.0535274091	-0.0110583397	-0.0394542205	-0.0425135189	-0.0487667639	-0.0779114342	0.074184025	0.0945240459	-0.0541345913	0.0520398741	0.1394290826	-0.0241443872	-0.0303453989	0.0383184223	0.048134663	0.0622998097	-0.0423317775	0.0927802567	0.0655387412	-0.0240753679	0.093374784	-0.1200697813	-0.1720425388	0.0182858705	-0.0941324833	0.0470342681	0.048045449	0.0360005713	0.0244664421	-0.019991638	0.1057661785	-0.0631380298	-0.032332572	0.0139852808	-0.0781861086	0.0038746667	0.0071592921	-0.0704223838	0.0190033038	-0.052161753	0.0471286868	0.0780920486	0.1097869126	0.0026008112	-0.0496877518	-0.0512336486	-0.0464089377	-0.023427935	0.018231866	0.0906848887	0.1131805008	0.0645836996	-0.0323871872	-0.0096793707	0.0317750352	-0.022529013	0.0469484232	-0.0432879769	-0.0913810765	-0.0505095157	0.0395359232	0.0910908987	0.0	-0.030959873753062	0.0012937441192803	1.6737738461726115e-06	0.0009585137828055	0.0174473565776622	0.0053988718448322	2.9147817196922914e-05	0.000304410251548	-0.1840195439551095	-0.0278219227226657	0.0338631925574464	0.0007740593839859	0.0036669483486785	-0.0002579188342328	1.3446510191875978e-05	6.652212505200669e-08	0.0025766764067791	0.0004556178924581	2.075876639280519e-07	6.639261305252054e-06	0.0019962878240555	0.0004434435572497	3.985165076472242e-06	1.9664218846635653e-07
374.0884402635356	0.9772476832803818	139942.16113880483	0.9550130344768736	370.5563567764009	0.7767552719701598	0.6033487525334369	137312.0135473993	253.62476418235084	-0.0700370575771103	64325.52100655308	0.0049051894340594	266.6956710499366	414.724499024565	1.188613	33.050056	0.0468161153610873	0.0228688721858919	-0.0387973531	-0.022869469	0.0271774319	-0.0231630969	0.0872495743	0.1029442794	-0.1649219149	0.0929606081	-0.0529943742	0.0460239166	0.1039141543	0.055216433	-0.0663772993	-0.0403060175	0.0899843595	0.0502196591	-0.0403941275	-0.1131004999	0.018019112	0.0469861373	-0.203919392	-0.0168887241	0.0596941455	0.0469920004	0.0001127559	-0.0525616331	0.0589010697	-0.0304008731	0.1527300227	-0.0250426009	-0.0711036655	0.0304852349	-0.1355104442	-0.0397947031	0.0297790168	-0.0328552842	0.0630739488	-0.0505198862	0.0506331112	0.0254875567	-0.0936717285	-0.010310393	0.0298697589	-0.032217797	-0.0527485897	0.0249066505	0.0605773274	0.0335331461	0.0161913179	0.0639773717	0.0200453663	-0.0225596119	-0.0191965795	-0.016918056	-0.0415128779	0.0073117836	0.2038436692	0.0289599637	0.0901244028	0.066596552	-0.0345721712	0.10353388	-0.0052976015	0.0927420335	-0.1168669603	0.0582661231	-0.1318363488	-0.0675554113	-0.1025606547	0.0373296466	-0.0136458469	-0.18940429	0.0213849283	-0.1098789006	-0.095046947	-0.0867437197	0.0614271604	-0.0165491056	-0.0968007153	-0.0754086799	-0.0550794709	0.1198397193	0.0044369632	0.0918370999	-0.0406682257	0.04611427	-0.0743224154	-0.0235818498	0.0279431402	0.0866954809	-0.0645452192	0.0851441016	0.0633024143	0.097488683	0.0375798506	0.0578194018	0.0157319965	0.0469131857	-0.0849858057	0.0496380988	-0.1422003876	0.0241902432	0.1024670576	0.0516885778	-0.1006383963	0.1276263384	0.048816682	0.0452862266	0.1108402517	0.0476698122	-0.0305335519	-0.0153352475	0.0041860722	0.0664950198	-0.0670837802	0.0294306805	-0.0869951321	-0.1126900991	-0.0026533393	0.0134518884	0.0787080378	0.0263163903	0.0418595201	-0.2334736279	0.0695797597	-0.0096238039	-0.0132602022	0.0855889503	-0.024135575	-0.1056478246	-0.0166954744	-0.045504845	0.0613947582	-0.1023662689	0.0004509903	-0.1817943647	0.0642776295	0.018118485	0.0848901924	0.2763114315	0.0048878647	0.0111380303	-0.0271911928	0.0095556263	0.0133998511	-0.0893870959	0.031765371	-0.0273906964	-0.0845418545	0.0982879728	-0.0706786172	0.0652461631	-0.0419367107	-0.0046903637	-0.0207423998	0.011355479	0.0142926335	0.0797865267	-0.0514689085	-0.0387085165	0.0244854974	0.0515003314	0.0699823759	-0.0248893755	0.1963155484	-0.1170527233	-0.0069800989	-0.031695164	-0.0214882874	0.0490935604	-0.0524929366	0.0611204962	0.009208829	-0.0471775781	-0.0220730978	-0.0143960391	-0.0615337824	0.0680260791	0.1199986011	-0.032394127	-0.0293222217	0.047202516	0.0207122431	-0.0534862215	0.0367805433	-0.1374796025	-0.0624654855	0.0648877816	0.0210029705	0.0053286694	0.0030338984	0.0658253748	-0.0411089952	0.0973798534	0.0567329617	-0.0595021204	0.0189130488	-0.0008956118	0.0459123846	-0.0453913792	-0.091475895	-0.0464314067	0.0448684131	0.0914699679	0.0	-0.039300627141273	-0.0083407533882109	6.956816708295324e-05	0.0015445392936973	0.0118232199998118	-0.0056241365778503	3.1630912246314804e-05	0.0001397885311639	-0.1772760972526086	0.0067434467025009	0.0314268146571163	4.547407342947033e-05	0.0035300068620365	-0.0001369414866419	1.2460948446024778e-05	1.875297076372105e-08	0.002554176175223	-2.250023155609977e-05	5.062604200781076e-10	6.523815934076794e-06	0.0023590016797079	0.0003627138556524	5.564888924864694e-06	1.3156134108223024e-07
374.14533105173217	0.0568907881965969	139984.72874781027	0.00323656178163	369.78337711812287	-0.7729796582780182	0.5974975521116017	136739.7459928839	253.72839453200663	0.1036303496557877	64378.09819178961	0.0107392493697808	267.0232660508374	413.5574053410168	1.200229	33.373051	0.1140254011690242	0.0742548387277812	-0.046584997	-0.0558498564	-0.0601140475	0.0167607741	0.0476518683	-0.0054549011	8.51453e-05	-0.1239256674	-0.0587939645	0.1065189769	-0.1198314383	0.0630702938	0.0406127744	-0.0651852013	0.0420640292	0.0255212592	-0.0457967675	0.1613693836	0.1333462541	0.0551473201	0.003593487	-0.0064789063	0.1270306429	-0.0247491639	-0.024873886	0.0977738192	0.0171662707	0.0443801456	0.0727807927	0.019323302	0.0211074412	0.0972822451	-0.0311089479	0.0381007952	-0.0211057585	-0.0969304427	-0.0568319756	0.1309170461	-0.1223886636	0.0193901017	-0.0064517856	-0.0311046094	-0.0800768747	-0.0534444901	-0.0160993495	-0.0211971741	0.1639849433	-0.033321194	0.0359703006	-0.0033955437	-0.0360953659	-0.0620148015	-0.0876103059	0.000519748	0.1839954091	0.0388605243	0.0048726745	0.0416368252	-0.0502037995	0.045846278	0.0375136281	-0.0324962519	0.0966729259	0.0670244701	-0.1231310148	-0.0264439646	0.0951390677	-0.0185304097	0.0828713495	-0.033556978	-0.0297397226	0.0152290748	0.0774161416	0.0037933545	-0.0445464368	-0.0028475455	-0.0364184512	-0.030785136	-0.0007657913	0.0093248383	-0.0146835765	0.0050393869	0.0632438805	0.0630951421	0.0241353672	0.0517496994	-0.0082110348	0.0236292101	-0.0610790269	-0.0232695999	-0.0130979667	-0.0412582302	-0.0245742952	0.059780886	0.0309801347	-0.0258771452	0.0515982023	-0.0384037551	-0.0469927253	0.0431373575	0.0512925544	-0.0708382793	0.10907175	-0.0232852816	-0.0136179016	-0.0901263308	0.0115093335	0.0395158252	-0.045238664	0.0001086907	0.1526218814	0.0106813081	-0.1301724312	-0.1248256075	0.0432116579	-0.0410384541	-0.0870470972	-0.0019272406	-0.1425229484	-0.024271123	0.0958142078	0.129276324	0.0004625001	-0.0377287558	-0.0299535432	-0.029814441	-0.0443289051	-0.037659156	0.0657334131	-0.0860928888	0.0462438963	0.14977363	-0.0066691448	0.03635298	0.0406781964	0.0663824376	0.0697423473	-0.0707805247	0.0066331999	0.111262629	0.0505891323	0.0198512612	-0.0882670389	0.0276253763	0.0996595505	0.0256447103	0.0316559278	0.0313981475	0.0037640406	-0.0737616319	0.0044222999	0.0128148457	0.057455167	0.0495975794	-0.0551373348	0.0426927669	-0.0515677722	-0.0347219865	0.0205291019	-0.1193599443	-0.0207598417	0.0055066866	0.0354402236	-0.0080617019	-0.0038315827	0.0376516003	-0.1317707346	-0.0314718068	-0.0973555302	0.0860517799	-0.0379054544	0.0012586115	-0.0115847028	0.0545077489	-0.0067439732	-0.0671006445	0.0057586452	0.0116996444	0.0524641684	-0.0636961966	0.0518768543	-0.0251862808	-0.0950132466	0.0072710709	0.1177835167	-0.0051317284	-0.0557050533	-0.1395634765	-0.0099113829	-0.1532276136	0.0057754862	0.0735578567	0.0382444685	0.0556515502	-0.0458889673	0.0782810396	0.0082370755	0.0744556504	0.0448684131	-0.0474634117	-0.0914284817	-0.0422249655	0.0500071591	0.0912803678	0.0	-0.0396332089655118	-0.0003325818242388	1.106106698140085e-07	0.0015707912529039	-0.0039297534426054	-0.0157529734424172	0.0002481561722775	1.544296211966899e-05	-0.2417766918911468	-0.0645005946385382	0.0584559687418265	0.004160326708725	0.0040831517451989	0.0005531448831624	1.6672128174320823e-05	3.0596926176874534e-07	0.0025211662805273	-3.300989469569998e-05	1.0896531478212015e-09	6.356279414067861e-06	0.0022763714322894	-8.263024741849995e-05	5.181866897743295e-06	6.827757788442518e-09
375.0436323134364	0.898301261704205	140657.72613885606	0.8069451567793666	367.5014968052545	-2.2818803128683958	5.206977762256366	135057.35015410246	253.8255783782517	0.0971838462450591	64427.424239054	0.0094446999709833	266.81373374430683	417.2086387440265	1.305611	36.303242	0.0719148239243906	0.0473405639406212	-0.0499192862	-0.0422168429	-0.0454336189	-0.1215208441	-0.1007137569	0.1051038953	0.0174300488	-0.0360700228	0.0616761808	0.0743727169	0.0688585766	-0.1549422411	-0.0603271436	0.0174144555	-0.0888543981	-0.0117233549	0.0611794244	0.1586559079	0.051505676	-0.0758898846	-0.0361665104	-0.0181486977	0.0100998337	-0.1070605994	-0.0596126904	0.0962317695	0.0545345765	-0.0157908592	-0.01853436	0.0167338737	-0.0602254176	-0.0803252982	0.1455533732	-0.0404471943	0.1447843646	-0.0564210162	-0.0041480559	-0.0571570323	-0.1193338193	-0.096160058	-0.0880997697	-0.0003328285	-0.1031387208	-0.0031580704	0.025209515	-0.0791225929	-0.1507889695	0.0652753384	0.0308523477	-0.0650940669	0.0293842659	0.0135371198	-0.0481854582	-0.0045789405	-0.1116616556	0.0626725404	0.0163605234	0.039183521	-0.0249406454	0.0580920913	-0.0585536267	0.0899215662	-0.0169127853	0.0519466289	-0.0043226248	0.0715434349	0.0832747178	-0.0430988359	-0.015430977	0.0960993174	-0.0471630212	-0.0337609751	0.0941396078	0.0488647032	-0.0985421225	0.0889857442	0.1072010711	0.0552903709	0.0289842814	-0.2222516786	-0.0410104416	-0.0393920483	0.010678828	0.1717524431	-0.0383440901	-0.0479330965	0.1047375445	-0.1287646279	0.1415489131	0.0545723612	-0.1045534696	-0.0999352998	0.0496238546	-0.1315638137	0.0147075847	-0.0899232682	0.0605371156	-0.004215211	-0.0891992212	-0.0978453617	0.0044100138	-0.038669324	-0.0402460662	0.0092165582	-0.0217866827	0.0646108945	-0.0363226656	0.0423642273	0.1008775603	0.0309808447	0.0155846804	0.1829245608	-0.0404354887	-0.0280156554	0.1187270937	-0.1015061042	-0.0402070922	-0.0714249393	0.0438829852	-0.0183306837	-0.0376916348	-0.0903972511	0.0499435963	0.1270817536	-0.079792118	-0.0555059783	-0.0441709898	0.1007272908	0.0083033006	0.0674413052	0.121869548	-0.0452215254	0.0615022493	0.1419446411	0.1295065152	-0.0423783862	0.0942756731	-0.0046199487	0.0136698978	-0.0117472062	-0.0004715964	-0.0238416885	-0.0795499349	-0.1018888752	0.0061935079	-0.0167060211	0.0196727069	-0.073441029	0.044834068	-0.0028442871	-0.191386276	0.0627060079	-0.0975038639	-0.0256660081	-0.0986369314	-0.1933932275	0.0679266488	-0.0253489665	0.0643956514	-0.0459435215	0.0714455882	0.1354373014	-0.0901735229	-0.0905188855	0.036627771	-0.0399275886	0.0071920637	-0.0057895774	0.1338769939	-0.1060425603	-0.0835452033	-0.0664073991	-0.0703894076	0.1451015507	-0.0263263802	-0.0550433051	0.0331321561	-0.0585044787	0.099422565	0.0598758641	0.082206528	0.0020875766	0.0942396732	-0.0196664497	0.0741127002	-0.1348522829	-0.0670867903	-0.0428505477	-0.038948086	-0.0082276297	-0.0791956886	-0.0344760284	-0.0994653335	0.0793464932	0.0575791076	-0.1168518983	-0.0098855926	0.0926672951	0.0438166893	-0.0495026423	-0.0912389102	-0.0379018183	0.0549299716	0.090523277	0.0	-0.0468827558123194	-0.0072495468468075	5.2555929484058e-05	0.0021979927925575	-0.0034004021889586	0.0005293512536467	2.802127497374385e-07	1.156273504667444e-05	-0.2451006395326231	-0.0033239476414762	0.0600743234993008	1.1048627923275742e-05	0.0031922389215797	-0.0008909128236192	1.0190389332448327e-05	7.937256592891357e-07	0.0026130235660319	9.185728550459989e-05	8.437760900273574e-09	6.827892156638068e-06	0.0025098408868148	0.0002334694545254	6.299301277127303e-06	5.450798619638781e-08
375.0097075500704	-0.0339247633659738	140632.28075678932	0.0011508895694373	369.4841196201646	1.982622814910144	3.930793226202223	136518.5146514881	253.7167973439556	-0.1087810342961006	64372.21325447384	0.0118333134225294	267.24350255786226	420.6212542938415	1.217161	33.843845	0.1441227529709864	0.0863261786078837	-0.0306392744	-0.0630443529	0.0190225791	-0.1245236193	-0.0096908348	-0.045880419	0.1471983253	0.018567184	-0.0654765361	-0.0386337606	0.0255476728	-0.0976044087	-0.0251660891	-0.0297844378	-0.1434207502	0.0840964307	-0.0802341361	-0.0026769101	-0.0929179419	0.0093433112	-0.0428454839	-0.0669129358	0.0292871097	-0.0686793348	0.0046024075	0.0953208796	-0.0797214139	0.1014939887	0.0705302323	-0.0548544661	0.0461595948	0.0139583029	0.0437394748	0.1205381412	-0.0007302301	-0.1026663136	-0.1216144358	0.0186484252	-0.0749464259	-0.0334442562	0.049457317	0.1008735689	0.047520351	0.1104752271	0.000785799	-0.0090686044	0.1257304488	-0.027848232	0.0016756385	-0.1325902405	-0.0087075924	-0.032276163	-0.0019470646	0.1460484767	-0.1325879716	-0.0128927699	-0.065449214	-0.0582054894	-0.0935376466	-0.0668226307	-0.0161492636	-0.0793496842	0.0428408064	0.0684825493	-0.0015620174	0.0341523213	0.0527210868	-0.1262118017	0.0378263125	0.0625881155	-0.124534034	0.0165771195	0.057701715	0.1220751649	0.052608163	-0.039686464	0.0331431544	-0.1268869218	-0.1059395375	-0.050451879	0.0526859414	-0.06364676	-0.0323119279	0.0222173927	-0.1277127319	-0.0400988946	-0.008186867	-0.0090186492	0.0122943912	0.0399849785	0.0442322653	0.1009862083	0.079568071	0.0006594344	-0.0070763177	-0.1722887271	0.050018199	0.0157241591	0.0088800569	-0.0228946167	0.1283527731	0.0550289664	-0.0066014839	0.0223785521	-0.0062285753	0.0179848161	-0.0320970419	-0.0921021192	0.024858903	0.0983788354	0.0156957581	-0.0182648293	0.0059787338	-0.0942140008	0.0620499205	0.114116666	-0.108222689	-0.041200363	-0.0528699545	-0.0672501761	0.10813966	0.0941778773	-0.0014671933	0.1458401346	-0.192055686	0.0647038377	0.0826738629	-0.0988132262	-0.0430175435	0.0195369468	0.0442528902	0.027191462	-0.0569645915	0.0542757423	-0.0688525183	-0.0246310295	0.068037015	0.011821572	-0.0270991459	-0.0742993433	0.0917013595	0.0431371846	0.1060676379	-0.0220222767	0.0655198098	-0.0057461134	0.0559720936	0.0482558697	-0.0431885062	0.0248616045	-0.061397837	0.0037268347	-0.0456991094	-0.0928428439	0.0248777138	-0.1815105107	0.0835338192	0.0308975265	-0.0697264055	-0.0870443115	-0.0270928156	-0.1648820383	-0.0615727615	0.0327852662	0.0901233165	0.0470492094	-0.0387690555	0.060840511	-0.0794723617	0.0376594856	-0.0638428759	0.1448878439	-0.0597706207	0.0203797779	-0.0408021068	-0.051710676	-0.0389447047	-0.1179906434	-0.0212844295	-0.0218569209	-0.0394110279	-0.1398459837	-0.1278967031	-0.0231603098	0.064828733	-0.1533904472	-0.080730502	-0.0606955714	-0.0967453414	-0.0986841083	0.0480495212	0.024829619	-0.0179755392	-0.0076715693	-0.0741752099	9.96566e-05	-0.0436502718	0.0014849922	0.0427573947	-0.0515076619	-0.0909074754	-0.033473914	0.0596155937	0.0892034024	0.0	-0.0432271461798166	0.0036556096325027	1.3363481785247237e-05	0.0018685861668512	-0.049935254171558	-0.0465348519825994	0.0021654924490424	0.0024935296091781	-0.2634819451412724	-0.0183813056086492	0.0694227354154284	0.0003378723958785	0.0045390453244875	0.0013468064029077	2.060293245775183e-05	1.8138874869134457e-06	0.0027467883193286	0.0001337647532966	1.7893009224527e-08	7.544846071200035e-06	0.002540289445555	3.04485587401997e-05	6.453070467198128e-06	9.271147293553915e-10
374.401302750457	-0.6084047996134245	140176.33550123934	0.3701564001926513	369.4305770366698	-0.0535425834948455	0.0028668082473025	136478.9512496468	253.80278112868632	0.0859837847307289	64415.85170865585	0.0073932112366203	267.3393262902506	417.684417797719	1.087759	30.245745	0.1159134286251708	0.0566035770452577	-0.0101626175	-0.0775593025	0.0282383929	-0.0969272295	-0.0272812392	0.067385904	0.0836742046	0.0669047728	-0.0615798288	0.0095716779	-0.0223610969	-0.0834682088	0.0503924101	-0.0527903647	-0.0282929982	-0.0352589387	-0.001864705	0.0214269193	0.1504748667	-0.0023385518	-0.1129586043	-0.092405871	0.0103328933	-0.0211063641	0.0620118559	0.0461438744	-0.0116164425	-0.0434615606	0.0012910763	-0.0188502922	0.1221911897	0.0648304783	-0.0252626209	0.0468798157	-0.0032826068	-0.0835862793	0.1182164641	0.04802205	-0.0318379343	0.0194361148	0.0368943432	0.0629428013	0.03035327	0.0948142908	-0.1220954654	-0.0102528772	-0.1639215228	0.0002680402	0.0184417472	0.0580525835	-0.0021585892	-0.0319842011	0.0060155048	0.0733446755	-0.1234602476	-0.0385115774	0.0727632339	0.0495626491	-0.0713237009	-0.0538044334	-0.0390093131	0.0885258253	0.1203065766	0.0780464323	0.0369436031	-0.0571670315	-0.0755788179	-0.1016830585	0.0063226721	-0.0328962663	0.0990699947	0.1874818726	0.0281583137	-0.1419747344	0.0136494294	-0.0659448421	0.0649476856	0.084425268	0.0385313003	-0.0135251286	-0.0006672624	0.1359603175	0.0072468634	-0.0796167242	-0.1678754981	-0.0545186526	-0.0286320655	0.0984039301	0.0114202559	-0.1021882232	0.0587750024	-0.0225333773	-0.0590339041	0.0485413582	-0.0407348031	0.0210003599	-0.0884005215	0.0712928903	-0.0497686001	-0.0080139744	0.0818718633	0.0814081004	0.0011789911	0.0411521434	-0.0649629824	-0.1121260187	-0.085166719	-0.0558275838	0.0690078675	-0.0076637832	0.0594641877	0.0920144363	0.0586368721	0.0723300663	0.0531015531	0.05546159	0.0054205513	-0.0337223255	0.0890908434	-0.0763498515	0.0016589983	0.0790850013	0.0373281341	-0.0911642622	-0.0079099868	0.0027501373	-0.0283071965	8.94826e-05	-0.0161542896	0.0318743948	0.0244634958	-0.0074205602	0.0534429234	0.0886116974	-0.0866694462	-0.128218753	-0.0532157172	0.0203645098	-0.0494732534	-0.0883793727	0.0855371174	0.0365268104	-0.0168304319	0.0634984407	0.0128874865	-0.0421999276	-0.2116464904	0.0511752795	-0.0174237858	0.0539309376	0.0087898399	0.1131214763	0.076931813	0.0371188183	0.0713057358	-0.1119948255	-0.0531985573	-0.1928441193	-0.0311199652	-0.0171082175	-0.0780625182	-0.0409357357	0.0055536121	-0.045189151	0.0720050657	-0.0602057981	0.0036512902	0.0523252818	-0.0688739115	-0.1580946461	0.0587477039	0.0211544315	0.0530064231	0.0205915963	-0.05903688	-0.0743285534	-0.0582215215	-0.1495108893	0.0899027798	-0.0184716599	0.0925423277	-0.1163247143	0.0282764068	-0.0482733779	0.1096621234	0.0118090164	0.0044173158	-0.0080209869	-0.1250798412	-0.0089314443	0.0440931872	0.0055020264	-0.0856209725	0.0891260195	0.0021235106	-0.0570638241	0.0197108263	-0.1090269185	0.0416907124	-0.0534770846	-0.0904346925	-0.0289534907	0.0640437928	0.0873289498	0.0	-0.0575764816480131	-0.0143493354681965	0.0002059034283788	0.0033150512389639	-0.0097693499408819	0.0401659042306761	0.0016132998626678	9.54401982674092e-05	-0.2973008707436406	-0.0338189256023682	0.0883878077449268	0.0011437197288985	0.0042681543543516	-0.0002708909701358	1.821714159257052e-05	7.338191770116894e-08	0.0028488263123185	0.0001020379929899	1.0411752013406897e-08	8.115811357758224e-06	0.0027189457489078	0.0001786563033528	7.392665985503797e-06	3.191807472768771e-08
373.84640120473	-0.5549015457269775	139761.13169372795	0.3079157254501888	369.3088386321007	-0.1217384045691005	0.01482023914703	136389.01829179097	253.4050086904163	-0.3977724382700103	64214.09842938997	0.1582229126472691	266.66293464611624	417.85407182691046	1.106517	30.767324	0.1229116296877329	0.0644842581403435	-0.0659732338	-0.0897262487	0.0692296004	-0.0499371636	0.073948061	0.0206051303	0.0002271383	0.0978921507	-0.1107077531	-0.0258980092	0.0846705705	0.1407470203	-0.0626318578	0.0115290951	-0.0446139257	0.0013584091	-0.1294515202	0.127688519	0.0058121728	-0.0353223466	0.0073961223	-0.0403874382	0.071705933	0.0806954875	-0.0540253887	0.1038590562	-0.0738930878	-0.0223854538	-0.0763091221	0.0333179416	-0.0001554336	0.032446831	-0.0017047548	-0.0771226598	0.0399746299	0.0119835309	0.0758257788	-0.1133119901	0.0459553043	0.037966578	-0.0442234786	-0.0414220472	0.0291893749	-0.1656441225	-0.0189162208	-0.0012758875	0.1023583201	0.0020223831	-0.0008671473	-0.0947957113	0.0424443769	-0.0320552299	-0.054837766	-0.0460968967	0.0698818666	-0.0369300671	0.023564203	0.0315266267	0.1059865731	-0.029524355	-0.136241508	0.031833105	0.1277095666	-0.0661443641	-0.010437511	0.0481965754	0.1046078036	-0.0557734926	0.0184793464	0.1328705086	0.0106575192	0.1058974807	0.0172179095	0.0593800863	0.0364657782	-0.0758572853	0.0276572708	-0.0514260497	-0.0015336089	-0.0053501648	-0.1070817592	-0.0535163747	-0.088027266	0.0286782445	-0.0875918823	-0.0396695495	0.0617733211	0.0224923124	-0.0483301662	-0.0200826362	0.0629765202	0.0551356043	-0.0927511397	-0.0738149638	-0.0030902542	0.0180487381	0.0241089585	-0.0036204356	0.0739857589	-0.072559528	-0.0168975255	0.0717200402	0.1369095184	-0.0756785711	-0.017111121	0.1217350592	0.0192321678	-0.1369849197	-0.0701197136	-0.0612830998	0.0391081618	-0.0226341144	0.0520574493	-0.1526732204	0.043286023	0.0566046814	-0.0487132561	0.0500219293	-0.0568539044	-0.0601431638	-0.0479265596	-0.0243235023	-0.0313090155	-0.0264414551	-0.0014227261	0.0408095388	0.0337044569	0.0779973692	0.085440719	-0.0020736155	-0.1067071398	-0.0344545767	-0.0658192944	-0.0083321135	0.1470709986	-0.0985895393	-0.0799893829	0.0131075951	0.1102768712	0.0206055038	0.0422070487	0.1174939565	0.02286286	-0.0646924231	0.0089456078	-0.0283754857	0.0629683808	0.0339942215	0.0733211602	-0.0254803812	0.0154956896	-1.60527e-05	-0.0827530762	-0.0209998641	0.1240315981	0.0082130318	0.0623153261	-0.0469645524	0.0288355079	0.0388794833	-0.0071476967	-0.1475187995	0.0606485137	-0.0040840252	-0.0869301649	-0.0211082821	0.0289138637	-0.1367345758	-0.0012504556	-0.0845372724	-0.1016399522	0.1074291506	0.004489577	0.0442114729	-0.0404521869	-0.0992756337	-0.064939596	-0.0938240414	0.0223992523	-0.0834423283	-0.052486685	0.0379684938	-0.0998036431	0.0503370217	0.1196105423	-0.1243750558	-0.0197307705	0.0441462677	-0.0493508691	0.0565140703	0.0740718106	0.0472561151	0.0101447626	0.0644990918	-0.0425203129	-0.0508754602	0.018656776	0.0476360514	0.0406168267	-0.0554095495	-0.0898212967	-0.0243530426	0.0681954477	0.0849115724	0.0	-0.0395399725835545	0.0180365090644585	0.0003253156592322	0.0015634094319082	-0.0586555220218087	-0.0488861720809268	0.0023898578207259	0.0034404702636508	-0.2828341178207481	0.0144667529228925	0.0799951382034408	0.000209286940132	0.0049742371507334	0.0007060827963818	2.474303523173633e-05	4.985529153463426e-07	0.0028890793815539	4.025306923540004e-05	1.620309582869909e-09	8.346779672919865e-06	0.0026348377021359	-8.41080467719e-05	6.942369716596789e-06	7.0741635317841174e-09
373.6890944529314	-0.1573067517986146	139643.53931305188	0.0247454141614309	369.6961394209996	0.3873007888989264	0.1500019010817307	136675.23550279118	252.99140560528463	-0.4136030851316832	64004.65131013764	0.1710675120304463	266.4321183045652	414.44442384226767	1.050245	29.202658	0.1388910215953306	0.0864820435175058	-0.0169998426	-0.0484803491	-0.0174811792	0.0201432704	0.0352012858	0.1040821265	-0.1006805942	-0.0254108577	-0.0748731741	0.0837863819	-0.0855707652	-0.0398867607	0.1101476508	0.0091721277	0.0048084543	-0.0423576603	-0.1128491717	0.136888834	0.0657408899	0.0191210451	-0.0549648349	0.0422277218	0.0901012761	0.0413092804	-0.0832909674	0.0413698413	-0.0485429643	0.0727190581	-0.0708670242	-0.1041086089	0.0552302318	-0.002364596	0.0538341264	0.1202871939	0.0428622899	-0.1185403182	0.0379133617	0.0008759681	-0.0012793987	-0.1132676737	-0.0568849879	0.0204647285	0.0475879438	0.0091247779	-0.0061773152	-0.0405953379	0.0058627788	-0.0824514949	-0.1467491966	0.0010852354	-0.0395314094	0.054979395	-0.0732155103	0.0772036361	0.1111549043	-0.1457494598	-0.0160484087	0.019999674	0.0908005325	-0.0589597519	0.0905864163	0.0541001556	0.1395528192	0.0117540403	0.0898696382	0.0588549255	-0.0782583862	0.0097881238	-0.0044430242	-0.0665159253	-0.0406155841	0.0039396829	0.0264167594	-0.0057648224	-0.049550774	0.0396051446	-0.0385621614	-0.1873660844	0.1521194252	0.0477408946	0.0200538849	0.0420730187	0.0923603708	0.0848311443	0.0388380244	0.0804057411	0.1215999014	0.0188283188	0.0397458531	-0.0403358606	-0.0133662755	-0.0641927214	-0.102101871	0.0041605008	-0.0309772958	0.1215690804	-0.0643333217	0.0537049238	-0.0928064855	-0.0768286449	-0.0294001647	-0.0534119132	0.0717853544	0.0910214616	0.0358432843	-0.0849779756	-0.0363170163	-0.0859936293	0.045150941	-0.1134724472	0.025492926	0.0037818381	-0.1308210952	-0.0885037838	-0.0082990951	0.0654422782	0.0255552047	0.011145874	-0.0857142394	-0.0058899343	0.0765728426	-0.0124796575	0.0837056507	0.0536776281	-0.0927463592	0.0110003404	0.0524351004	-0.0263148941	0.157957838	0.0526909783	0.0364289521	0.0843530598	0.0589439835	-0.0248029215	-0.0007255648	0.0044593649	-0.0591054507	0.1012912154	0.0083644437	-0.087911527	-0.0727952563	0.0292785174	-0.0507860865	0.0392301297	-0.002013551	-0.1011467355	0.1132029901	0.0566832297	-0.0973863272	-0.037739277	0.0845359163	0.0493750133	0.0032970485	-0.0594021598	-0.1232723318	-0.0434402109	0.0737766339	-0.0437514508	0.0505836322	0.0102909824	-0.0042533693	0.0914325109	-0.0731358317	-0.1121843363	-0.0363305896	-0.0807928911	0.092065404	0.0801875154	-0.047987558	0.0170734009	-0.0364785011	-0.091284472	0.0219298897	0.0854859134	-0.0336049339	-0.0671102259	-0.0296182766	-0.0316820706	0.0366472172	-0.0124048298	0.1323662943	0.0328527969	-0.0849273036	-0.0481050586	0.0776063346	-0.0530851204	0.0139908328	0.0587528015	0.0127370882	-0.0604313708	0.1262922319	-0.022755769	-0.0182134438	0.0405976631	0.0579953461	0.0095263436	0.0281916162	-0.1500585652	0.0395359232	-0.057303721	-0.0890682417	-0.0196852849	0.0720526312	0.0819662993	0.0	-0.0336474447704517	0.0058925278131028	3.472188402819009e-05	0.0011321505395805	0.0182332609727353	0.076888782994544	0.005911884950382	0.0003324518056998	-0.2553905691916043	0.0274435486291437	0.0652243428320116	0.0007531483613601	0.0044841561316599	-0.0004900810190734	2.010765621310308e-05	2.401794052561199e-07	0.0028720836384632	-1.69957430907002e-05	2.8885528320508363e-10	8.248864426328013e-06	0.0027010841831425	6.624648100660028e-05	7.295855764422587e-06	4.388596245757851e-09
373.3222414172413	-0.3668530356900987	139369.49593679298	0.1345811497950408	368.5620649879241	-1.1340744330755117	1.2861248197555428	135837.9957481628	253.31665396099248	0.3252483557078562	64169.32717399321	0.1057864928906641	266.49186817294327	409.960522995846	1.076476	29.932016	0.1023717945496806	0.0539629803187656	0.0136009987	-0.0213438113	-0.0518284016	0.0946640116	0.0604631172	0.0268038924	-0.0627655608	-0.0934713884	0.0353833002	-0.0113353514	-0.1077091806	0.140780839	-0.0235166692	-0.1081995287	-0.0098647908	0.0680607895	0.0112415708	0.0253327873	0.0226731465	0.0191788589	0.0901818084	0.0364325557	0.0526891595	-0.012547791	-0.0304963437	0.0720767974	-0.0770440611	0.0564972394	0.0943196369	0.094672986	0.0228994434	0.1709815455	-0.1275944043	-0.0758822401	0.0697767474	-0.0257302238	0.0549600336	-0.0008739796	-0.0620358582	-0.0146753806	-0.011117813	0.0168457881	0.0272804664	0.0710926541	0.0850151728	-0.0381845409	0.0519933717	-0.0682652759	-0.0557648849	-0.0316836431	-0.0052587926	0.0326790221	-0.017851243	0.0550695928	-0.0418558078	-0.0062195393	-0.0530405326	-0.101213806	-0.0475290301	0.1960718578	-0.0010291115	-0.103795659	0.1161518989	-0.044459681	0.0457176596	0.0107101357	-0.0774061949	0.1059660029	0.1030261884	0.0242048344	0.0485781986	-0.0176312904	0.0015631827	0.0076285866	0.0319720737	0.0345755547	0.0474744093	0.0832796471	0.0216751816	-0.0633523563	-0.0703936798	-0.0859900376	-0.045047156	-0.0088124224	0.043984166	0.1671156878	-0.0198966999	0.0517136713	-0.0082356104	-0.036178097	0.0333003577	-0.0733750929	-0.0409799614	0.0215256516	-0.0607348494	0.0373389653	0.0128078417	0.0233780588	0.0514977339	0.0408039848	-0.0271417555	-0.0523247323	0.0367436708	-0.0658297841	0.0262922082	0.004171188	-0.0028120414	0.0266025033	-0.0753986854	-0.052082765	0.1579531556	0.0048259891	-0.0154705831	-0.001370273	0.0431470123	-0.0106992626	-0.1410628008	-0.0537750183	-0.0775414012	-0.110012593	-0.0560121963	0.0928545302	-0.1157340667	-0.0665742245	0.0391793028	0.1072155759	-0.0692646878	0.0515484867	0.0831627778	0.0570479304	0.1333516482	0.0168788478	-0.1383138516	-0.0465173515	-0.0507262564	-0.05461459	0.0355290797	0.0057873764	-0.0843082834	-0.1044017384	-0.1028005028	-0.0282419412	0.1097017769	0.039250183	0.168634439	0.009200662	-0.0420127758	-0.0113272039	-0.0274502392	0.0150209296	-0.0046684607	-0.1068613469	0.0189120869	-0.0398411001	0.0189658977	0.0384235994	-0.0668867891	0.0045326241	0.0763372309	-0.0873052391	0.1333977381	0.0812851496	0.0270210526	-0.0118689591	-0.0772070963	0.0239162281	0.0012194298	-0.0590175198	-0.0193734677	-0.0348358754	-0.0130443447	-0.1303410526	-0.0073026043	0.0058674327	-0.016639594	-0.0453828004	-0.0177756761	0.0424612678	-0.0224803371	0.0335851045	-0.0302867192	0.1328256035	-0.1180904587	0.0151204716	0.0738166185	-0.0400313851	0.0771659746	-0.1928765038	-0.0322230746	-0.1049625036	0.0240608824	-0.0131159493	0.0346305694	0.0687713685	-0.0375212492	0.0737029436	0.0307030846	0.0169954854	0.0384481886	-0.0591582902	-0.0881766985	-0.0149631188	0.0755986879	0.0785114412	0.0	-0.0213075931841331	0.0123398515863186	0.0001522719371723	0.0004540135273005	-0.0256548122388267	-0.043888073211562	0.0019261629702234	0.0006581693910094	-0.2323330061751392	0.0230575630164651	0.0539786257583772	0.0005316512122582	0.004519717510428	3.556137876809928e-05	2.042784637406948e-05	1.264611659888222e-09	0.0025813171915627	-0.0002907664469005	8.454512664314137e-08	6.663198443457144e-06	0.0025656858741044	-0.0001353983090381	6.582744004578858e-06	1.8332702090376927e-08
373.8525982961614	0.5303568789200881	139765.765252791	0.281278419017857	367.9142048243062	-0.6478601636179064	0.4197227916030205	135360.8621115015	253.96238005062764	0.6457260896351613	64496.89048097943	0.4169621828355164	267.41873056581386	412.4029971930806	1.192788	33.16613	0.1536636601053238	0.0752865336994801	-0.0191677061	-0.0327593621	-0.0429060101	0.0554535213	-0.1120609541	0.0145427249	0.0985746449	-0.0671669073	0.0096041824	0.0878732549	0.0451730445	-0.069450961	-0.0141380744	0.0549656416	-0.0318096299	0.0153134128	0.0090852528	-0.0780347809	0.0330470662	-0.157459132	0.0174119826	-0.0468405031	0.0389660668	-0.1404598079	0.0126386027	0.056632789	-0.0395329272	0.0079364007	0.0665862927	0.028204992	-0.0022954331	0.0227708102	0.0969173639	-0.1665678094	-0.007480076	-0.0323413781	0.0456741437	0.0770639723	0.070391181	-0.0591676382	0.0232010787	-0.1972422284	0.1605993159	-0.0867362569	0.0225824986	-0.0684418696	-0.0570353026	0.0440473446	0.0773362804	0.003949047	-0.0174640771	0.1106766247	-0.0138501551	-0.0799470949	-0.1251592026	0.0469959396	0.0946968715	-0.0551148856	0.1754763878	0.0126308305	-0.0092257232	0.020113302	-0.0039091645	0.0088111147	-0.0117206587	0.1096515153	-0.0466658142	-0.028397902	0.0267907823	-0.0839708757	0.0362728156	-0.0287979876	-0.012394511	-0.0633603473	0.0281706122	-0.0231467398	0.0101877359	0.0181782201	0.0220030135	-0.0206717664	-0.1011324112	0.0465564201	0.0017319555	-0.0257399869	-0.0343766722	-0.0075244093	0.0064869156	0.0343370698	-0.038068866	-0.0338175691	0.0225106349	-0.0299207065	-0.0374985517	0.1426114682	0.0680479075	0.118478287	0.0514622076	-0.0749933587	0.0338679148	-0.0017680014	0.1245030233	-0.0464857004	0.0255019067	0.0479927957	0.031236063	0.0466942782	-0.0869561026	-0.0034426884	-0.0187932893	0.005724943	-0.0208356659	0.1224741398	0.0100039099	0.0238377214	0.0070505563	-0.1107597936	-0.066934814	0.0026659667	-0.1068948517	0.0133048125	-0.1739716104	-0.0192052879	-0.0396466888	-0.1465995995	-0.0338593727	-0.1447514729	-0.0093275705	0.0495389748	-0.0262899418	0.039204408	-0.1690653154	-0.0456761846	-0.0453306478	-0.0549390236	-0.0089273794	0.0502826365	0.1007365211	0.0819781686	-0.0520438343	0.0429487823	0.0436022658	-0.0313052493	0.1164746677	-0.0237223935	-0.1398882875	-0.06983664	0.0054085961	-0.1000939611	0.0214213255	-0.0324703284	0.0136203075	0.0210265311	0.0258108491	-0.0774121804	-0.0645540794	0.020657515	0.0258261914	-0.0382192145	0.0767753421	-0.0263188932	0.0084389032	0.120863836	0.0962514355	-0.0486695921	0.0654155425	-0.0544226454	0.0150949478	-0.0478085023	0.0480249287	0.0630734114	0.0323701942	0.0194530692	0.017703646	-0.0533479466	-0.0265801113	-0.0837902232	0.0367278967	-0.0841593998	-0.0259995733	0.0164550493	0.1460582401	0.0091944181	-0.0555376218	0.0514523861	0.0227360044	-0.0159882262	-0.0200927515	-0.0452928785	0.0404688874	0.0889247818	0.0711934772	-0.0204996227	-0.0028995427	0.1401103932	0.0004992482	-0.1208089167	-0.0543563437	-0.2089805941	0.0373538109	-0.0609719752	-0.0871480531	-0.010199596	0.0788183057	0.0745684769	0.0	-0.0351060325011047	-0.0137984393169716	0.0001903969275841	0.0012324335179686	-0.0076373598557495	0.0180174523830772	0.0003246285903764	5.832926556621402e-05	-0.2963602032844292	-0.06402719710929	0.0878293700907882	0.0040994819696718	0.0038959969974432	-0.0006237205129847	1.5178792604086431e-05	3.890272783180215e-07	0.002800627943746	0.0002193107521833	4.809720602320499e-08	7.84351687929095e-06	0.002879066034856	0.0003133801607516	8.28902123306145e-06	9.82071251526988e-08
374.3279378738699	0.4753395777085529	140121.4050729038	0.2259477141361454	367.90279312328914	-0.0114117010170389	0.0001302269201022	135352.4651879177	253.9469826122946	-0.0153974383330535	64489.06997788905	0.0002370811072201	267.3476025320446	417.4625857130226	1.284097	35.705032	0.1326121011665379	0.0666630284306655	-0.0961235362	-0.0663999171	0.0892902392	-0.0674752987	-0.1110683118	-0.1064290609	0.0784730862	0.0104725527	0.0139252855	0.1059571921	0.0087630215	-0.0684478476	-0.0990265169	-0.0609964125	-0.1051526776	-0.0079293473	-0.0375120228	0.0051785862	-0.0430090983	-0.0631538933	0.0098994138	-0.1043913209	0.0477906183	-0.106733801	0.0510870485	0.0900574991	-0.081525524	0.015324023	-0.0171986861	0.0983130643	0.0091825415	0.0249739745	0.0652248112	0.0353687651	0.0854231544	-0.0854987842	-0.0195909497	0.0428235574	0.0160007239	0.0883328763	-0.154160981	-0.0450445625	-0.1243083657	0.065634184	-0.1050388251	-0.0356360126	-0.080460391	-0.0389707251	-0.0305972996	0.0601782928	-0.0716313732	-0.0476637261	0.0593568974	0.0233537149	-0.0908479006	0.1077654209	-0.0351628829	-0.0331527431	-0.0287514308	0.0555867614	-0.0162021893	-0.0773885025	-0.0766556976	-0.0344074333	-0.0169094855	0.0060589016	0.056558939	0.0043590338	0.0367834852	0.0802460055	-0.0895802064	0.0879996047	-0.1638336211	0.0007691736	0.0324032342	-0.0720306921	0.0362659366	-0.0924088704	-0.0432701889	-0.0832153039	0.0399799677	0.0815521067	0.0561435206	-0.0014105593	-0.0397388733	0.000872257	-0.137561459	-0.0898600594	-0.0368124912	0.0941919639	0.0335720394	0.0877150667	0.0606718683	0.0373649924	-0.0485265391	0.0671822054	-0.1378638714	-0.0188390555	0.0051957229	0.0074369146	0.1107336073	0.0296508403	-0.0026781571	0.0351076104	0.0402332412	0.1589476874	-0.1159320552	0.0094783005	-0.0347647991	0.0564308965	0.0755339255	0.0643421244	0.0211887715	-0.0441384729	0.0256660316	-0.0875779532	0.0058820888	-0.0438371702	0.0987031248	-0.1280894355	-0.013416156	0.0380012098	0.0651349091	0.0386263418	0.0027623016	-0.0390824238	-0.0192697337	0.0045549897	0.0339259143	0.0895530401	0.0665374309	0.0101732776	0.0701844535	0.0142883574	0.0450918067	-0.0084808401	0.0413803971	-0.0330678783	-0.041160132	0.0148855415	-0.0227688989	0.0283088746	0.0280656587	0.0778464131	-0.1237808403	0.0532480664	-0.0091148095	-0.133499569	0.0215765229	0.0877250616	0.0048626725	-0.0232157992	-0.1563714635	0.0365977112	0.0557029915	-0.0299165558	-0.128904419	0.0625020078	-0.0744173822	-0.1762839667	-0.1158645294	-0.1142045026	-0.0923168004	-0.1231080275	0.0576291203	0.0047127003	-0.0605640972	0.0141255117	-0.0497125949	0.0724126315	0.0113973318	0.0813819579	-0.2120290982	-0.0343796417	-0.0145131862	-0.1248209887	-0.0197969754	-0.1176835658	-0.0250028658	0.1004816491	-0.1163558836	-0.0283930962	-0.0025612631	-0.0607480781	-0.0370694127	-0.0685799995	0.0833062325	-0.0346482409	0.0519298912	0.0244842012	-0.0704516847	0.128832328	0.019754028	0.0109504016	0.022605884	0.1856677443	0.04503493	-0.0271787795	0.0362529791	-0.0627435226	-0.0859839051	-0.0054078825	0.0816975821	0.07016192	0.0	-0.0178376768830048	0.0172683556180999	0.0002981961057531	0.0003181827165824	-0.030075644302471	-0.0224382844467215	0.0005034766089119	0.0009045443802087	-0.3500655515605757	-0.0537053482761465	0.1225458903894101	0.0028842644334621	0.0039824267917053	8.642979426209995e-05	1.585972315129217e-05	7.470109336188925e-09	0.0025932719097467	-0.0002073560339993	4.2996524835918874e-08	6.7250591978812974e-06	0.002388849606606	-0.00049021642825	5.706602442981641e-06	2.403121465261875e-07
374.844854583847	0.5169167099770675	140508.6650079854	0.2672028850535157	371.8530541539497	3.950261030660556	15.604562210355398	138274.69388362026	254.295464736371	0.348482124076412	64666.18338548691	0.1214397908008078	268.1325157392577	423.8769125170257	1.189463	33.073692	0.1273777369164163	0.0595018047466823	-0.1431051664	-0.0844859243	0.0938645239	-0.07703373	-0.0402003313	0.0529528017	0.0977117214	0.0953798382	-0.1827550849	-0.0620942066	0.0723129528	-0.0093705446	-0.0626005907	-0.0680843137	-0.0232538233	-0.1472554618	0.0054165962	0.0245385767	-0.0415587948	-0.0025098585	0.0570769277	-0.1485494572	0.131880258	-0.0587084238	0.076244333	0.1361351417	-0.0837380214	-0.0680770355	0.0228792161	0.1451890706	0.0030272989	-0.0232260782	-0.0919235826	0.0076572187	-0.0947230891	0.020654966	-0.0470522362	-0.1175160412	0.1187343089	-0.0135013674	0.0844422012	0.0544969867	0.0076902242	-0.0100686891	0.0138810515	0.0566243243	0.115415866	0.0267053547	0.0686286922	-0.0594983677	0.027786096	-0.1240273227	0.1391165454	-0.0289841147	0.0049662252	-0.0589084834	-0.0655569596	0.038379268	0.0136189602	-0.0113032424	0.0447900009	-0.0517269007	-0.075183401	-0.0606076212	-0.0200897416	-0.0273079635	-0.0387222671	0.0359284289	-0.032545841	0.0530703621	0.0594452848	0.0403835327	-0.0588554123	0.0156304658	-0.0064927332	0.0380816241	-0.0134891778	-0.0410400949	-0.0286915777	0.0823532142	0.0091039359	0.0413908352	0.0162507531	0.0351248657	0.0559296806	0.0990298587	-0.0127375577	0.0231222964	-0.0391750978	-0.044334878	0.0031862828	0.054137153	-0.0092663381	-0.0723587602	0.0012624431	0.0383804708	-0.0661914415	-0.0708754769	0.0251900809	0.1231438248	0.1099109377	0.1291824124	0.1336738225	-0.126338766	-0.0079112904	0.0863402375	-0.149456946	-0.0996606868	-0.0056859374	0.045708681	-0.0174768615	0.0456012493	0.0619272764	-0.0188022383	-0.1070818687	-0.0516920922	-0.0163748155	0.0930595043	0.054951653	0.0056606687	-0.048745322	0.0196173907	-0.0631253167	0.0282260661	0.0696844425	0.129725054	0.0154705612	-0.0510141732	-0.0751146284	-0.0677260539	0.069127396	0.0429381598	-0.0362611162	0.0008716116	-0.0317671495	0.0508133123	-0.1086084496	-0.0605320845	0.023437019	0.0874134516	-0.0415551363	0.1476394384	0.0440289541	-0.1461651606	0.0283949726	0.1038832762	-0.0007749571	0.0332756072	-0.0110330964	0.0642468505	0.0630470764	-0.0681527644	-0.0527793856	-0.0416540831	0.0267458141	-0.0347790248	0.0486722911	0.1500189032	0.0200745443	0.0348226531	-0.0368613116	0.0787716112	-0.0661290557	0.0289963539	-0.0884981709	0.1144871285	-0.0424105093	-0.0230764807	-0.0205737524	-0.0278211798	0.0826560318	0.0189486069	-0.0160960291	-0.0324265144	-0.0056333828	-0.1526401515	-0.0655555646	-0.1645159008	-0.0536194549	-0.0823225081	0.0188921747	0.0559431612	0.0152183275	0.0062058214	-0.1114428427	0.0734177607	0.0001791138	0.0932631466	-0.0755884826	0.0285192846	-0.016841722	0.1060372126	0.0403034128	-0.0225805162	0.0551407767	-0.0874187849	-0.012295318	0.0459631786	0.0351458834	-0.0644717082	-0.0846860645	-0.000601222	0.0842240844	0.0653191659	0.0	-0.0179864409396799	-0.000148764056675	2.2130744558431705e-08	0.0003235120576765	-0.0579066208234166	-0.0278309765209455	0.0007745632541094	0.0033531767351869	-0.3809127249997814	-0.0308471734392056	0.145094504066759	0.0009515481091884	0.0032031324117152	-0.0007792943799901	1.0260057246980434e-05	6.072997306841543e-07	0.0028458848340999	0.0002526129243532	6.381328955027557e-08	8.099060488959817e-06	0.0027279587602545	0.0003391091536484	7.441758997649268e-06	1.1499501808820196e-07
374.4210528466393	-0.4238017372076683	140191.12481478587	0.1796079124602375	370.9293878267488	-0.9236663272009196	0.8531594840048362	137588.61075352662	253.7227669550368	-0.5726977813341989	64375.24247131992	0.3279827487451139	267.56577414163354	424.8490901090827	1.108151	30.812746	0.0839116408154109	0.0389652515189756	-0.1804499063	-0.0962801498	0.0611817369	-0.023600957	-0.0344893771	0.0447642127	-0.0364120376	0.0057597511	-0.1503111578	0.1914804069	-0.0022770282	-0.0171677037	0.1040158422	-0.0508513782	0.0006755849	-0.043806876	-0.1371053898	-0.0554952398	0.0996776217	-0.0729769749	-0.0277189635	-0.0501268596	0.1249102239	-0.0152124274	-0.0113210396	0.0758737421	-0.0936602063	-0.0740186893	-0.0018819526	-0.0318668793	0.0230401268	-0.1431945642	0.0579361011	-0.0041206019	-0.0503331537	-0.0274964262	0.063102266	-0.0326527679	0.1352895482	-0.0104335241	-0.0983544675	0.0093940249	0.0700063564	0.0064183963	0.0415369113	0.0866293125	-0.0611034964	0.0072870958	-0.0038385937	0.0834629686	-0.0474759747	-0.0254040197	0.0084160186	-0.0090218106	-0.0422776704	0.0350687134	-0.0089425373	-0.0293584542	0.0393714404	-0.0021961919	-0.0016845728	-0.0989355572	-0.0826281134	0.1241202233	0.052933229	-0.0865482195	-0.0025019498	0.1246314904	0.0397244584	-0.0034054858	0.0390065161	0.0810541295	0.0814630996	-0.0856568904	-0.0345828988	0.0683888015	-0.0519231526	0.0379294949	0.0757518448	0.113382555	-0.0687832816	-0.1688786592	-0.0600921265	-0.0218662849	-0.0553658717	-0.0838433045	0.0283879937	-0.0356234135	-0.1179569911	0.1056901235	0.0033137269	0.0682177755	-0.0820938124	0.080258932	-0.0977908173	0.0640157616	-0.0277123777	0.154063897	0.0698215006	-0.0982582301	0.0977035614	-0.0345197281	0.1556952482	0.1519267734	0.0079992483	0.0098438393	-0.1684295586	-0.1026060418	-0.0039583861	-0.0695210398	-0.0309425487	0.0306221902	0.0230353945	0.0406338928	-0.0247023244	-0.0639700211	0.1132925179	-0.033651366	0.0094365383	0.0541035634	0.0080393304	-0.0267138106	0.1094151445	-0.0088161678	0.0965695898	0.1836846078	0.0617488994	0.0631507053	0.050270561	0.0111710473	-0.1175747689	-0.0915113841	0.0179226781	-0.0268570643	0.0758103848	0.1422061188	-0.0513279819	-0.0969292031	-0.1335981653	0.0065037543	-0.0256397862	-0.0514638094	-0.0608256702	-0.0270337058	0.0347813272	-0.0507127158	-0.0778439016	-0.0499763864	-0.0031570407	0.0741744319	0.0169655631	-0.1034903116	0.1559577875	-0.0258432322	0.0364433775	0.1459060656	0.0740258901	-0.0697784872	0.0314904829	-0.0012293059	-0.0417204118	-0.0238189219	-0.0227717005	-0.0188708873	0.0187300206	-0.0595449578	-0.0481034222	0.0569551262	0.0493583467	0.017761351	-0.0670560357	-0.0427100302	-0.0297629715	-0.029187221	0.0170539946	-0.1830103412	-0.0038909987	-0.1031582801	0.0933380694	-0.0305271775	-0.0571582227	0.0167420777	-0.0197547206	-0.1090040184	-0.0424493085	0.0237598669	0.0731456935	0.1526505959	0.1701651848	0.0025679347	-0.0762759893	0.1681705038	0.0296298427	0.0146158327	0.0498650312	0.0829332443	-0.0789436983	-0.1286641964	0.0340327152	-0.0661553376	-0.0832565493	0.0042071001	0.0863869029	0.0600703222	0.0	-0.0382097867780828	-0.0202233458384029	0.0004089837168996	0.0014599878056265	-0.0410134587206556	0.0168931621027609	0.0002853789258301	0.0016821037962309	-0.4038140605015385	-0.0229013355017571	0.1630657954587402	0.000524471167764	0.0031463701570259	-5.676225468930016e-05	9.899645165023186e-06	3.221953557412978e-09	0.0029828599865604	0.0001369751524604	1.8762192391577122e-08	8.897453699423108e-06	0.0024438202199545	-0.0002841385402999	5.972257267458461e-06	8.073471008381463e-08
374.03018383507424	-0.390869011565087	139898.57841969942	0.1527785842018681	369.95169894713575	-0.9776888796130264	0.9558755453189752	136864.25955387217	253.4300973947383	-0.2926695602984921	64226.81426550655	0.0856554715253127	267.02479639269427	418.86920815229007	1.033849	28.746754	0.1228509095821745	0.0608549574897315	-0.1271562858	-0.0822202404	0.0250016599	0.0651442399	-0.0520146231	0.0092044225	0.0158821084	-0.0636782286	-0.0463055651	0.0251806791	-0.1817127682	0.1054582218	-0.0358082338	-0.1316939754	0.1189732788	-0.0036297534	-0.1310611318	0.0028875298	0.0445214615	-0.0573021009	0.0545434229	0.0118535789	0.1217674506	-0.0124190404	-0.0476539251	0.0886423437	-0.1286519511	-0.0172632959	-0.0705861384	0.0346723814	-0.0515831558	-0.196287225	-0.0661405436	-0.0011078919	-0.1238424972	0.0721158085	-0.0082366071	0.0247045514	-0.051246076	0.0819133874	0.0039785819	0.0104214989	0.0587516993	-0.0287193918	-0.1435337824	-0.0109040268	-0.0362334732	-0.0637831964	-0.0131531684	0.0392656576	0.0222469392	0.1564568039	0.0083400096	-0.0116125723	-0.0165787491	0.0106505119	-0.0922265939	0.038536457	0.0912834115	0.0440175064	-0.0124702816	0.0778829699	0.0504662437	0.0306995352	-0.0612159634	-0.0315519134	0.0829328957	-0.0386517709	0.0451292832	0.0786488827	0.0028159955	-0.1415676507	0.0090561222	0.0941368735	0.0712282378	0.0782836407	0.1366889171	-0.0623358433	-0.005063527	0.0222612926	-0.1006131027	-0.0349216273	0.0710489454	0.0017940931	0.1042364792	-0.0318342974	0.018612845	-0.04241733	-0.0425638192	0.0036094739	-0.0596687837	-0.0580420408	-0.0079075232	0.069854956	-0.0675119589	0.0383483785	-0.0602139829	0.0425468259	-0.0616102891	0.1184243664	0.0654415885	-0.039487296	0.0496497368	-0.0677787158	0.0812217061	-0.0369645583	-0.1261597075	-0.0951627514	0.0218903324	-0.1425503137	0.1718245661	-0.0282205896	0.0617414994	0.0313909395	-0.1125382951	-0.0402698639	-0.0168812809	-0.0363920386	0.0061665208	0.0848622158	0.0475809586	0.0135593795	0.0479886751	-0.0191093352	0.0131833192	0.1290612379	-0.0187085629	0.0131172954	0.0204010001	0.1056977909	-0.0070468526	-0.0092608614	0.0957090598	0.0116882099	0.0847228107	0.0855975257	-0.023511462	-0.0012635089	0.0251761366	0.0018485542	-0.0234483798	-0.0384926353	0.0455715535	0.0256817678	-0.074549326	-0.0129568042	0.1438261683	-0.087389228	0.0811888348	-0.0247338951	-0.0337574221	-0.0096653024	-0.1236808071	-0.0746494443	0.0274466278	0.0104243871	-0.0833752448	0.0915199316	-0.108685128	0.0766648774	0.0519977492	-7.3687e-06	0.0274172267	0.1094558116	-0.011249565	-0.0209585403	0.135090808	0.1192071321	-0.0269803131	0.0446384477	0.0367294619	0.0162408334	0.0421161923	-0.0076444147	0.0242822294	-0.1775528052	0.0262321556	-0.1319745722	-0.0188969685	-0.0399657949	0.0080838858	0.0830724126	-0.0757074977	-0.0577763084	-0.0419911236	0.1059681294	0.196435737	0.0392998372	-0.004445334	-0.1032402891	-0.0333124166	-0.0146158178	0.1086914653	-0.0773618122	0.0203546044	-0.0022468595	-0.0234533172	-0.0740355178	0.0329136668	-0.0677932473	-0.0816975821	0.0090037942	0.0881766985	0.0544480209	0.0	-0.0227568728301292	0.0154529139479536	0.0002387925494828	0.0005178752610066	-0.0762007531939445	-0.0351872944732888	0.0012381456923499	0.0058065547873244	-0.3951507644310865	0.008663296070452	0.156144126630472	7.50526988043094e-05	0.0040247894293865	0.0008784192723606	1.6198929950901312e-05	7.716204180545265e-07	0.0028078780349234	-0.0001749819516369	3.0618683398693385e-08	7.884179059005293e-06	0.0026613670977665	0.000217546877812	7.0828748290740845e-06	4.732664404574929e-08
373.5391491348238	-0.4910347002504522	139531.49593636813	0.2411150768500515	367.093324666133	-2.858374281002739	8.170303530297923	134757.50901443494	253.2306360252633	-0.1994613694750171	64125.755021759374	0.0397848379128493	266.1871843347688	415.9769523536225	0.908162	25.251953	0.1155974741758044	0.0708339194327296	-0.0893321921	-0.0412224505	0.019303772	0.0730183558	-0.0437428509	0.0111477609	-0.0424675612	-0.0331173844	0.0059185515	0.0091074073	-0.0454137867	0.0759484724	-0.0460541721	-0.134773598	-0.1275538796	-0.1027883466	-0.0640310771	-0.0610262661	-0.000215921	-0.0741860868	-0.0296459983	0.0885598291	0.0764821229	0.0557115886	-0.0420489936	0.0418307825	0.0072572731	0.1005636743	-0.0676073403	0.0581630814	0.1686250578	-0.1309040641	0.0199882384	0.0536978781	-0.0731654151	-0.025629886	0.0061916662	0.0670694484	-0.0168088388	0.0773808254	0.1307814615	-0.0931567134	0.0329349208	-0.0093452482	-0.0387468024	0.0169406669	-0.0406199591	0.0350455954	0.123777077	0.0251657891	-0.0065054154	0.0474314653	-0.0120935799	-0.0502953344	0.0265928496	0.0535669552	0.0702749478	-0.0668501777	-0.0151305821	-0.0641144315	-0.0642665565	-0.0238520923	0.0069757565	0.092419025	0.0899118617	0.0099045588	-0.0782204522	-0.0101069889	0.0253335866	-0.0457480692	0.0366786823	-0.1270067463	0.0472455027	0.067169692	-0.0445848259	-0.0243193295	0.0143731622	0.0569313087	0.0238084907	0.0618466973	0.1104031035	-0.1287826466	0.0812469381	-0.0755212369	0.0057058236	0.0476479742	-0.0470164006	-0.0734823726	0.0560284415	0.0127520192	-0.0471431701	-0.0510776592	-0.0330558421	-0.1667426099	-0.0528054516	-0.014301789	-0.0505836492	-0.0729085146	0.0693097647	-0.0216300346	-0.0353257019	-0.0548087156	0.0056196923	-0.0765953091	0.0611261448	0.0274953838	-0.1302960907	-0.0932822251	-0.0552399812	-0.1214281954	0.0576482127	-0.0199767913	0.0224695121	0.0518111139	0.0452498921	-0.0114176002	0.0808930781	0.0104033989	0.0805744583	-0.0450192224	0.0322741308	0.0586445047	0.0583967381	0.004584548	-0.1148945837	-0.0059555784	-0.1020061723	-0.0986377538	-0.0572219468	-0.0592694403	-0.1083762104	0.0032424535	0.0464287926	0.031598267	-0.0387870134	0.0447306507	0.0595578288	-0.0157114502	0.0035251678	0.1048136163	0.0097119215	-0.0489672869	0.0085152218	0.0859392214	-0.0218626556	-0.035135826	0.0110369875	0.0643421002	0.0692807433	-0.1062765569	-0.0239434207	-0.0555845516	0.0383786951	0.0019414874	-0.1188087874	-0.0062017457	-0.0417376675	-0.1039245305	-0.1820184498	0.0758116289	-0.0308293913	-0.0387774088	0.0289524578	0.052343813	-0.0522503764	0.0612208824	0.1263260967	0.0017962753	0.1537086956	-0.0472147061	-0.0243163617	-0.0891694571	-0.0400068205	0.0610301196	0.0224807056	-0.11729364	0.0293810129	-0.0680070073	0.0325550924	0.0123515394	-0.0176073309	0.1070039828	-0.0109726598	-0.0374495655	-0.0462178789	0.0277158324	0.2369223883	-0.0285815381	0.0563328454	-0.0126376974	-0.0241163417	-0.0004603472	0.0462352742	-0.0196149522	-0.0143107438	0.0213188755	0.0784000925	-0.0400076722	0.0317889315	-0.0693843053	-0.080011587	0.0137756027	0.0895857427	0.0484872159	0.0	-0.0184723346476403	0.0042845381824889	1.835726743720529e-05	0.0003412271473344	-0.0149108732432239	0.0612898799507206	0.0037564493843737	0.0002223341408754	-0.3642483307780466	0.0309024336530399	0.1326768464745932	0.0009549604056805	0.0039471744249138	-7.761500447270048e-05	1.5580185940693588e-05	6.0240889192973165e-09	0.0025087805558883	-0.000299097479035	8.94593019651519e-08	6.2939798776032085e-06	0.0026670670620498	5.699964283299979e-06	7.113246713470952e-06	3.248959283089544e-11
373.9776736015477	0.4385244667238908	139859.30035242572	0.1923037079154728	368.36782054462094	1.274495878487926	1.62433974428271	135694.85121279405	252.65796284242109	-0.5726731828422089	63836.04618768224	0.327954574346626	266.10738860895634	418.200050867802	1.006837	27.995667	0.0808087166780287	0.0395554367584818	-0.0922460414	-0.0185614053	-0.024175906	0.0819418682	-0.0536353382	0.0080487943	-0.0242941006	-0.0435983413	0.0538236888	0.0388998255	0.0715634679	0.0466767036	-0.0889486099	-0.0184202666	0.0605726353	-0.0629516489	0.059037753	-0.0479728095	0.0402835459	-0.1154091102	0.0401924938	0.1398480334	0.0036043112	0.0114622031	-0.104777194	0.0023452244	-0.1474151306	-0.1106763068	-0.1784090686	0.0441836984	-0.0866701109	-0.1399343262	0.0770040969	-0.0073282342	0.0129804985	0.0361755672	0.1010114555	-0.0420785114	0.0953468295	-0.0106246474	-0.0481647155	-0.0664223707	-0.1056188738	0.0465472675	-0.0341333407	0.095774553	-0.0546172257	-0.085845012	0.0450440325	0.1260399983	0.0452148732	-0.058613734	-0.0675690184	-0.0339334365	-0.0762831495	0.0559950884	-0.0154234759	-0.0478674462	-0.1467387664	-0.0176561613	0.0624033619	0.0686912161	0.0595136276	-0.1000380826	0.0270905689	-0.0720973481	-0.0503513685	0.0734965806	0.0058030009	0.0334731552	-0.0171931489	-0.0190958083	0.0411950699	-0.0427514343	0.0141645034	0.0591114678	0.0050697991	-0.0531456806	0.0150204882	0.0917429127	0.1043997135	0.0600435335	-0.0332959307	-0.070145687	-0.0833768613	0.0450560542	-0.0328634563	0.0648946855	0.036875401	-0.0241833634	0.1083986927	0.0539091222	0.1196470497	0.0511082381	-0.0327828217	0.0183420089	-0.0325953159	-0.0543859954	0.0021342418	0.1410587841	-0.0104669368	-0.1014773568	-0.0323294121	-0.03126343	0.1139136877	0.0520893576	-0.0490070913	-0.0961827306	-0.0076244933	-0.1492564423	-0.0086812272	0.035017916	0.2040537145	0.0402448734	-0.1149286127	-0.0062740685	0.0946313892	0.0177457397	0.06796415	0.0236836	-0.0280065288	-0.0587058381	-0.0165064314	0.131026634	0.0035106828	-0.0635347333	0.1174678297	0.0463707279	0.0559076765	0.0201693853	0.0027002462	-0.0014839444	-0.0380816807	-0.1063100896	0.0729327875	-0.1194908627	-0.0014064199	-0.0519019581	-0.0776319682	-0.0100006777	-0.0255485775	-0.0787758475	0.0002310583	-0.0522211137	-0.0397988556	-0.0333266879	-0.0857357971	-0.0120091949	0.0914543171	0.0283358536	0.0549090113	0.0055605163	0.0106516581	0.2714666751	0.0265866809	0.0726434214	0.0714349476	0.0500240988	-0.0524482046	-0.0452642865	0.0046054112	-0.0614242518	-0.0811004481	0.0642594455	0.0323726753	0.0357030825	-0.0596612489	-0.0203431874	-0.1249766161	0.0534629973	-0.0435040851	-0.0637675545	0.0118229344	0.1065994465	0.03867945	-0.0926994441	0.0589161003	-0.0818229156	-0.0320478999	-0.0015803669	-0.0251096051	0.0869171532	-0.103548619	0.0188199256	-0.1138517234	0.0770042433	0.1379390505	0.0046759251	-0.041620233	0.1250055574	-0.0380546945	-0.1091230274	-0.0718476748	0.0102007088	0.1072621076	-0.1115446903	-0.0375490455	0.037817289	0.0306587036	-0.070927412	-0.0782011853	0.0185093366	0.0906079513	0.0422249655	0.0	-0.0231619623525887	-0.0046896277049484	2.19926080110196e-05	0.0005364765000227	-0.042250974583581	-0.0273401013403571	0.0007474811413009	0.0017851448532624	-0.3611373636478134	0.0031109671302331	0.130420195422493	9.678116485391251e-06	0.0043298306732187	0.0003826562483049	1.8747433658745505e-05	1.464258043667816e-07	0.0022980997743444	-0.0002106807815439	4.4386391711948656e-08	5.281262572841781e-06	0.0023470436818488	-0.000320023380201	5.508614044506371e-06	1.0241496387527385e-07
374.5275208607267	0.549847259179046	140270.86388208208	0.302332008426709	369.1155904784532	0.7477699338322736	0.5591598739435228	136246.31913425718	252.96271300512896	0.3047501627078759	63990.13417091524	0.0928726616704768	265.92154146426026	417.9382891086338	1.047318	29.121269	0.1157933839565226	0.0575234302384902	-0.0040492281	0.043522004	-0.0767467008	0.0223240447	-0.0389333015	0.023355185	-0.1013079639	0.0227955981	0.0856818668	-0.0224695323	0.0331473325	-0.0589906994	-0.0471350708	-0.0715050948	0.0130573771	-0.0340739818	0.0505724999	-0.0165323823	-0.0613646302	-0.0972348556	0.0603605167	0.1141841769	-0.03680566	0.0081521684	-0.0842174667	0.0522062769	0.0276470083	-0.0431335953	-0.0187556044	-0.0178575756	0.0319333439	-0.039775806	0.0031101554	-0.0435109579	0.0386571227	-0.0297239026	0.0664120517	0.0213060742	-0.0060709487	-0.0724199133	0.0702418955	-0.0032399236	0.0449512479	0.0901653	-0.0592797041	-0.0497388491	0.0932912717	-0.1097807139	0.0376678857	0.0935156623	-0.097814764	0.0800831417	0.0123004778	-0.0368132503	0.0129309302	0.0031304151	-0.0209001046	-0.0305655083	-0.0404463485	-0.0690185364	-0.1164644656	-0.0662958892	-0.0805889308	-0.1132513104	-0.004087827	-0.0986385136	-0.0956542113	-0.0756855737	-0.0559574286	0.0487206668	-0.0133860451	-0.0314534628	-0.0109765013	-0.0486634574	-0.0088491328	0.0128587564	-0.043558718	-0.0050926578	-0.0214537583	-0.0836837888	0.0728253612	-0.0242800581	0.0431237136	0.0568784326	0.0601288864	-0.0168417815	0.0599807464	0.0194268556	0.0522651133	-0.0598154372	0.027867667	0.0030203865	-0.0367438666	-0.0404980898	0.0711926821	0.0649821093	-0.0325141902	0.1447524497	-0.0205698879	-0.028119432	-0.1115938336	-0.0619933218	-0.0744884215	-0.0214421305	0.0262508804	0.0414072957	-0.0335698299	-0.0839976112	0.0250933797	-0.1020259627	-0.0010660605	0.1176242233	0.0579363819	0.0446965091	-0.0076045243	-0.0258487582	-0.0089766684	0.0140526946	0.035911483	0.0110261047	-0.0251016156	-0.003201638	0.0528692689	0.0132627423	-0.1328809126	0.072675588	-0.0242560702	0.0664715234	-0.0269387855	-0.1107076968	0.0510074292	0.0330263765	-0.050654516	-0.1172652125	-0.0615297681	-0.0168374609	0.0593124674	0.0868358054	0.0387459133	0.0367062028	0.0871841672	-0.0217200374	-0.0391736466	0.1321753232	0.0457406751	0.051040804	-0.0022420261	0.0256011984	-0.0539719139	0.0498400367	0.0632819441	0.0192510848	0.0376992434	0.0213556552	-0.0733989901	0.1118515994	0.0595490193	0.0102921856	-0.0857361458	0.0963818197	-0.0069544415	0.010784647	0.0459877218	-0.0741291063	0.0014794602	-0.0037023972	0.0442365475	0.0886340238	-0.054679877	0.0461958589	-0.0135842006	0.0639802745	-0.0425461236	0.0046157538	0.0188149243	-0.0151300084	0.0460305692	0.0034651631	0.0141987471	0.0466150637	0.0504609687	0.0538727744	-0.0564120568	-0.0306353039	-0.041126452	0.0454326056	0.0305138635	-0.0620580385	0.0285050389	0.1891512911	-0.0919218047	-0.0423050537	-0.025492519	0.0043243514	0.0300851648	0.018376709	-0.071089019	0.0324939276	0.0295231785	-0.072421501	-0.0762691921	0.0231919124	0.0912389102	0.0357002023	0.0	-0.0316435147279747	-0.008481552375386	7.19367306964159e-05	0.0010013120243395	-0.0179173773172607	0.0243335972663203	0.0005921239559194	0.000321032409929	-0.328102009998382	0.0330353536494313	0.1076509289649783	0.0010913345907429	0.0036309618245298	-0.0006988688486889	1.3183883771192776e-05	4.884176676677487e-07	0.0024460564275348	0.0001479566531904	2.1891171223304324e-08	5.983192046684308e-06	0.0024990757932772	0.0001520321114283	6.245379820544066e-06	2.3113762905377372e-08
374.5813724040833	0.0538515433565862	140311.20455212655	0.0028999887218862	368.3786939342919	-0.7368965441613113	0.5430165167968835	135702.8621447347	253.4670211145701	0.5043081094411264	64245.53079269392	0.254326669248083	266.87095263329235	422.62304474751016	1.063303	29.565737	0.141248575227168	0.0743631497514935	-0.0467198421	0.0009381287	-0.0453871867	-0.1010403433	-0.0950685565	0.0118971278	0.0240747015	-0.0605681301	0.0610255008	0.0964213575	0.0334809359	-0.114535716	-0.0578176059	0.0645924048	-0.0165860177	-0.0277554611	0.012028952	0.1071750266	-0.0298687625	-0.0546293622	0.064978336	0.0316078286	0.0091800076	-0.1178821279	-0.0283401296	0.0324398962	-0.0229238752	-0.0568902515	-0.0348707151	-0.0009676401	-0.0241869981	0.056731904	-0.0306487385	0.0175047057	-0.0125174467	-0.0138759323	-0.0575842108	0.0005172794	0.0173206884	-0.0953138313	-0.0638590598	-0.0837552404	0.0184496963	0.0954527362	-0.0090989428	0.001469355	0.0207466909	-0.0261738608	-0.1054655965	0.024605141	-0.161205779	0.0586693197	0.009461582	-0.1287637498	0.1723732715	0.0494640642	0.0290883871	-0.0252787464	0.0450459428	0.0883843987	-0.0843402082	0.1164041717	0.060973971	-0.1023171407	0.0638981939	-0.0939281753	-0.0332582913	0.0378355481	-0.0252767962	-0.0320587834	0.0614351563	-0.0013007028	-0.0425119836	0.0343430256	-0.0277721204	0.00103241	-0.0361731678	0.1350001371	0.0579756131	0.0693487261	0.0543283587	-0.0015446484	0.0207509873	0.1045583261	0.1146397312	-0.0675056383	-0.0821766148	-0.0370935172	-0.0311364558	0.0206314304	-0.0183631073	0.0268435758	-0.0655255805	0.0194932019	-0.0293983714	-0.0234775535	0.05830571	0.0526553032	0.1120618248	-0.0348656816	0.0667982177	-0.0759694957	-0.0410344658	0.0034994501	0.1023772484	0.040779135	-0.0361785567	-0.0026700434	-0.0209413216	-0.0402983483	-0.0448507302	0.1153764773	-0.0006957765	-0.0817400373	-0.0295191305	-0.0719240455	-0.0542305363	0.0208788275	0.0651890283	0.0315700198	0.0640315109	-0.0544435773	0.0345223845	-0.0734777989	0.0685681352	0.0410207607	-0.0334936644	0.0370116564	0.0093431031	-0.0138811113	0.0362963327	0.0885345431	-0.0806213556	-0.1365730701	-0.0600112534	0.0683536862	0.0132717119	-0.0257323847	0.2362065891	-0.1091374936	-0.1456169879	0.023843578	-0.0881792894	0.109622936	-0.0400423095	0.0850763885	0.0461701893	-0.0576397264	-0.0325253246	0.0418179689	0.1529087361	0.0585917535	0.024583114	0.0445594596	-0.0907861194	0.0202876861	-0.0181395243	-0.00757048	-0.063346199	0.0315521676	0.0014697648	0.0131368969	0.0270770714	-0.0446711698	-0.0520151662	-0.0011908191	-0.0245205567	-0.0243745173	0.0753311183	-0.1604309842	0.0110838681	-0.0510734598	-0.0642830472	-0.0807537277	0.017423989	-0.0632242656	0.0775862292	-0.1407685443	-0.0436411217	0.0649274435	0.007900339	0.0403114483	-0.0416166842	-0.0811877942	0.0369651806	0.0612928268	-0.0205625135	0.0506837402	0.0018830009	0.1316908091	-0.0274349917	-0.0870694872	0.04808113	-0.1873347487	-0.0195394476	0.0337028488	-0.002545041	0.0626861919	0.0283825523	-0.0738655397	-0.0742186113	0.0278103878	0.091475895	0.0289534907	0.0	-0.0269208065036536	0.004722708224321	2.2303972972070147e-05	0.0007247298228071	-0.069264634722316	-0.0513472574050553	0.002636540843021	0.0047975896232158	-0.3589405957320437	-0.0308385857336616	0.1288383512644744	0.0009510183700524	0.004412149291132	0.0007811874666022	1.946706136723661e-05	6.102538579763635e-07	0.0025280372762699	8.198084873510016e-05	6.720859559327373e-09	6.390972470210135e-06	0.0022754436313319	-0.0002236321619452	5.177643719368905e-06	5.0011343856328754e-08
374.6721790380592	0.0908066339758875	140379.24174512748	0.0082458447740308	368.1718867075108	-0.2068072267811089	0.042769229048893	135550.53816176817	253.22685406030703	-0.240167054263054	64123.83961728004	0.0576802139533927	266.1029163995304	421.4480699140331	0.987687	27.463202	0.1148040540162385	0.0621982517745891	0.0250174847	0.0506882369	-0.0892368863	-0.0784515659	-0.035800288	-0.0371676558	-0.0623825074	0.0275604855	0.0902313043	0.0089579737	0.0400818479	-0.079640363	-0.0197550082	-0.0191002263	0.0073708117	-0.0007497222	5.2686e-05	0.0700489322	-0.0441298663	0.0519943814	-0.0014698732	0.0910028566	-0.0295243341	0.0018441001	0.0151674798	-0.0472103151	-0.0167088402	0.0253436041	0.0107507045	0.0596768785	-0.0704904735	0.0423652099	0.0573258835	0.0335405659	-0.0019425606	0.0417434955	-0.0061708467	0.0548094914	-0.0378943711	-0.0754912951	0.1033832505	-0.0888844321	-0.0680465432	-0.0541962225	0.0162654592	0.0463105642	-0.1527446077	0.0223693708	-0.18934187	-0.1047974431	-0.044949555	-0.0551850142	0.0350821977	0.1147487189	0.0332353674	0.0476924522	-0.0800030297	0.1499165738	-0.0250121414	0.0426978664	0.0250079409	-0.063597947	0.0482730116	-0.0147800645	-0.009804644	-0.0911958353	-0.1743995876	-0.0882067776	-0.091984693	0.0468631113	-0.0411988167	-0.0113324408	-0.0245698975	0.0052309685	0.0419213579	-0.0574587203	-0.0467499775	0.1175105357	-0.0040541032	0.0026928699	-0.0199164355	0.0240064355	0.0663647589	0.1069110742	-0.0070813982	-0.0667762567	-0.0424820677	0.0164514515	-0.0479029817	0.0143461364	-0.127179745	0.0211838442	0.0713015575	0.0216252591	0.0366238337	-0.0383760972	-0.1316665088	-0.0441396696	-0.2177520762	0.045206504	-0.0732636275	-0.0366615775	-0.0756642041	-0.0137006871	0.0118493338	0.0589020971	-0.0549057239	-0.016651898	-0.0017801453	-0.0176719957	-0.0331296098	0.0040413624	-0.0668123008	-0.0512044775	-0.0373860062	-0.1159086222	0.0099288556	0.0272365451	0.0716989125	0.0122544624	0.0762286998	-0.0512537892	-0.1015865423	0.0419470487	0.0741899726	-0.0688206986	-0.0035317565	-0.0680103035	0.0497502503	0.0805883056	-0.0207589511	0.0882774911	0.1057719016	0.0233618364	-0.1128510107	-0.1624069969	-0.0192399848	0.1201741841	-0.0002976557	-0.108480927	0.045369162	0.0614769145	-0.0232975216	0.1180827209	0.0677664204	0.0588064907	-0.0253620552	0.0653040977	-0.1843700034	-0.0459475723	-0.0730672653	-0.0042413446	-0.0603898693	-0.0281051549	0.0141278741	0.1618283931	-0.0018790105	0.0796490318	-0.0783787503	0.1105936362	0.0302076401	0.061847854	0.047104431	-0.0229870666	0.126888328	-0.026959236	-0.0204228457	-0.0540161372	-0.0023024295	0.048537778	-0.0800469495	0.0190809676	0.0556536587	-0.0965351503	0.0023602275	0.0103516112	0.0631344086	-0.036423645	-0.0338745125	0.0807031789	0.0364138255	0.0417014943	-0.0016533841	-0.0378740359	0.0954684554	0.0233064994	-0.0669190357	-0.0700788105	0.1025323766	0.1403987687	-0.0048168658	-0.018470451	-0.0137252835	-0.122951349	-0.1278364295	0.0532908192	0.016388447	-0.0532797187	0.0272370221	-0.0752585301	-0.0720526312	0.0323519979	0.0913178824	0.0220267751	0.0	-0.0328337874267248	-0.0059129809230711	3.4963343396603915e-05	0.0010780575967833	-0.0289857086447113	0.0402789260776047	0.0016223918859651	0.000840171305636	-0.3173334530630711	0.0416071426689725	0.1007005204329323	0.0017311543210762	0.0042037297588813	-0.0002084195322507	1.767134388570423e-05	4.343870142360082e-08	0.002537979111078	9.941834808100108e-06	9.884007935155091e-11	6.441337968268276e-06	0.0025971823512049	0.000321738719873	6.745356165410214e-06	1.0351580386551677e-07
374.75095062516914	0.0787715871099408	140438.27499446797	0.0062049629358189	368.1835049680432	0.0116182605324297	0.0001349839777994	135559.09333055312	253.6779838475314	0.4511297872243744	64352.519488948405	0.2035180849211093	266.520087379195	421.5961886905324	0.998559	27.765503	0.0354101247410824	0.0176868707991137	0.0262356423	0.0443413181	-0.0292597487	-0.1050720315	-0.0272519888	-0.0725389781	-0.011566988	0.0057017759	0.0988826792	0.0021589638	-0.0154322257	-0.06930721	-0.06664027	0.0607492869	0.0461332446	0.0656195926	-0.070249705	0.0104370776	-0.0286547336	-0.0131051445	0.0898044068	0.0138491955	-0.050277786	-0.028831175	-0.038718287	0.0412232628	-0.0242309331	0.0822864347	-0.0544666924	0.0269898304	-0.130462725	0.1003474874	0.0697514488	-0.0522083251	0.1071773573	0.0761563929	0.0287737541	0.0341705037	0.2170783029	-0.0167957052	0.0697505541	0.0575062323	-0.1154592815	0.0993112985	0.0389132284	-0.0173774411	0.0828256927	0.0148385643	-0.0120071649	-0.0839647407	0.0165681459	-0.081609895	-0.1160839426	0.0106428149	-0.0309596055	-0.0137974047	-0.0521758325	-0.0084096378	0.0891355849	-0.0801853395	-0.03085412	-0.0455203125	-0.1097373684	0.0438448567	0.0139242153	-0.0885539748	0.0162612409	0.1060694102	0.0260501381	-0.0928343285	0.1619002259	-0.0808158361	-0.1128957372	0.051727303	0.0560627546	0.0377549326	0.1689103761	0.0065079264	0.0319872906	-0.0556701381	-0.0339352895	0.0032667451	-0.0212634366	-0.0073715477	-0.0030765211	-0.0357881525	0.0342834185	0.02896464	0.0904585413	-0.0920138511	-0.099101506	0.111211678	0.0405247684	-0.0192971384	-0.0214973074	-0.039833294	0.0095892589	-0.0622549187	-0.0321493087	-0.095689426	-0.062920066	-0.0118886492	-0.1084038615	-0.0106592056	0.0768934387	0.0962652947	-0.0339441031	-0.0041966943	0.0806844294	0.0419904876	0.0570075519	0.0118297322	-0.0592906327	-0.1418107579	-0.0159894325	-0.0521054924	-0.0309368215	-0.1109312279	-0.0307375503	-0.0062586757	-0.0826967426	-0.0789874289	-0.057041019	0.1123548709	0.0146714786	-0.0431687865	-0.026856387	0.0096479501	0.0184698476	0.0020112025	0.0354320264	0.0771451911	-0.0869775066	-0.1000127531	-0.0476304419	-0.0375427886	-0.1502981529	-0.0228586498	-0.0181990171	0.0644077839	0.0956255776	0.0004103951	-0.0489963239	-0.0390356343	-0.0800711642	0.0017067262	-0.1559479579	0.0455261409	-0.0336369851	0.0255438567	-0.001326673	-0.088132127	0.075249331	-0.0394779987	0.0740302919	-0.04125131	-0.0651876885	0.0862893328	0.0612410093	-0.01712076	0.0032303781	0.0572925681	0.1358681887	0.0822201648	-0.0434499095	-0.0277110272	0.1246072232	-0.0042827348	-0.0393984246	0.0838552649	0.0537720664	-0.0579818567	0.1094021766	-0.0290954285	-0.0043013781	0.0156045818	0.0172165244	-0.04838775	-0.0981098345	0.0309972993	0.0411550192	0.0211239235	-0.0111426636	-0.0228742737	-0.0435110571	-0.1347083004	0.0342289387	-0.0534996233	0.0238002369	0.0706073878	-0.0358178792	-0.13256456	-0.1242924428	-0.1094771012	-0.0541616135	0.0271786022	-0.0307077384	0.1569162266	0.0260867859	-0.0765995097	-0.0697746196	0.0368041899	0.0907655546	0.0149631188	0.0	-0.0287360764596513	0.0040977109670734	1.6791235169674427e-05	0.0008257620902949	-0.0275400783830548	0.0014456302616565	2.089846853417046e-06	0.0007584559173448	-0.3289182751509685	-0.0115848220878974	0.1081872317282882	0.0001342081028082	0.0043490513171935	0.0001453215583122	1.891424735958252e-05	2.1118355310286332e-08	0.0025000603054921	-3.791880558590014e-05	1.4378358170612912e-09	6.250301531097253e-06	0.0027795812157959	0.0001823988645909	7.726071735205414e-06	3.3269345804085875e-08
375.8160128625218	1.065062237352663	141237.67552388314	1.1343575694346604	370.7608732140583	2.5773682460150558	6.642827075566723	137463.625106451	254.0640444400882	0.3860605925567881	64548.53867725511	0.1490427811252984	267.17768175294765	425.8120371446813	1.069207	29.7299	0.0871296204622395	0.0462308348145342	0.0201791642	0.0695979962	0.0327643154	-0.148299437	0.0259887153	-0.0347310713	-0.0053171443	0.0697879598	0.0184460455	-0.0471691385	-0.0398078241	-0.1578762464	-0.0906132397	0.0167297644	0.1184493175	0.0430635635	0.0106779169	-0.1362444006	0.1671283791	0.0319139598	0.1456362242	-0.0704899249	-0.0160594942	-0.0552977468	0.0695875282	-0.0053148481	0.0730985993	0.0033410636	-0.0827817552	0.0040003651	0.1261730428	0.0924958306	0.0518046398	0.0418667153	0.0592481757	0.0775680433	0.051038614	0.1071821609	-0.0635679219	0.0177410827	0.1424805575	-0.0327548765	-0.0641873214	0.1351887601	0.0344078527	0.0759158006	-0.0496811603	0.1168998936	-0.0177630925	-0.117195849	0.0329303052	0.0565362374	-0.0827933338	0.0553456692	0.0053051908	-0.0672064022	0.006404646	-0.0225579936	-0.0344709586	0.0663528674	-0.1730793194	0.0745560972	-0.033727938	0.030573862	0.1127355895	0.090779887	-0.092616557	0.1455289807	0.0097916649	0.0616618874	0.0084256098	-0.0381284276	-0.0527894234	-0.0733058178	-0.0880640155	-0.0071176277	0.0359730191	-0.0266447899	-0.0056024974	0.1654743772	0.0144167966	-0.0558257794	0.1159224186	-0.0551015849	-0.0097770969	-0.1049855936	0.077779172	0.0263379635	-0.0665004918	-0.0665565846	-0.020917904	-0.0761611919	0.0301431353	-0.0110457396	-0.0030879152	-0.1925964839	0.0200612159	-0.0425897812	0.0200632999	0.079625147	-0.0508791757	0.0982938755	-0.0623430346	-0.023996704	0.1057136261	-0.0654397943	-0.1007671097	0.1360552831	0.0755796747	0.0778890071	-0.0736102749	0.0861292611	0.0266225868	-0.044545482	0.0146719119	0.0489782611	0.0724486238	-0.1487228012	-0.0004906186	-0.0647930098	-0.0427006951	0.0079392914	-0.1077393804	0.0723594165	-0.042659248	0.0841697819	-0.1691677743	0.0512130825	0.0656109962	0.0950423939	-0.1301258868	0.0340308506	-0.0483572635	0.015773136	-0.1565081117	-0.0565001795	-0.0473122873	0.0063442075	0.0177700133	-0.1004345266	-0.0051447042	-0.1108889107	-0.0418977595	-0.0203013304	-0.0494218509	0.0097207694	0.0942282008	0.2017289164	0.0979140183	0.0340743833	-0.0546039204	-0.0428451761	0.089038338	-0.0505336729	-0.0384366804	0.0525604515	-0.0187217598	0.1200809088	0.0369213499	0.0770764564	-0.1706141155	-0.0861740378	0.0482899342	-0.0460273571	0.0815413188	-0.0253095055	-0.1260513359	-0.0060395548	0.1056654277	-0.1112202709	-0.0464014704	-0.0660547376	0.13159967	-0.0751872085	-0.0043972342	0.0431719755	-0.0743275231	-0.0065988942	-0.060497383	0.0123689459	-0.0451725725	0.0077546066	0.0677981988	-0.0593778766	-0.0215578143	-0.0222350556	-0.0439205803	-0.083226805	-0.0242294891	0.0230605052	-0.0863257093	-0.0056320658	-0.0886385566	-0.0720444118	-0.1399593891	-0.0257832877	-0.1623609892	-0.0474156893	0.0249320423	-0.0778875515	-0.0673881186	0.0411546584	0.0898212967	0.0078064368	0.0	-0.0248528630186797	0.0038832134409715	1.507934662814249e-05	0.0006176648002252	-0.0423529673466589	-0.0148128889636041	0.000219421679448	0.0017937738430671	-0.3088051828103246	0.0201130923406439	0.0953606409305179	0.0004045364835032	0.0036376332796649	-0.0007114180375286	1.3232375877325616e-05	5.061156241210448e-07	0.0025907742190685	9.071391357639994e-05	8.229014116346556e-09	6.712111054189996e-06	0.0026153046525605	-0.0001642765632353	6.839818425704599e-06	2.6986789228434318e-08
375.6584249030757	-0.1575879594461184	141119.25220065974	0.0248339649623914	371.74873564737226	0.9878624333139784	0.9758721871530142	138197.12245541986	254.1223714607806	0.0583270206924169	64578.17967685097	0.0034020413428536	267.6032078046028	427.9433142218923	1.115382	31.013828	0.080676633097258	0.0494613613041579	-0.0173413455	0.0665564111	-0.0103029909	-0.0589979865	0.1146983732	-0.0328310251	-0.0119459194	0.0274417798	-0.1591948955	-0.0094310101	0.2399229226	0.0707760298	0.0456071906	0.057986399	-0.0299918945	0.0745732807	-0.0463568464	0.0049937022	-0.0391514979	0.074000843	0.1022587719	-0.0521799461	0.0759170409	0.0216648285	-0.0036813206	-0.0012206239	0.1054203858	-0.0428747881	-0.0697953157	0.0162621357	0.0171775975	0.0364968832	0.1448255655	0.0294382575	0.0156846528	0.056337775	-0.0418719057	-0.0219962728	0.1461506736	-0.0650325529	-0.0483732591	-0.0681546153	-0.0010596732	-0.0216020984	-0.1521913793	-0.0066028126	0.0645152646	0.0271557988	0.1181999531	-0.0377672268	-0.0146566788	-0.0712292688	-0.0416854893	-0.0565383396	0.1122156281	0.042317011	0.0921528213	-0.0288274835	0.0047553108	-0.0805716757	-0.037111614	0.0371163468	-0.0959728687	-0.0330252664	-0.0152734197	0.0256253576	-0.0180571202	0.0373819596	0.0379779522	0.006047387	-0.0519298956	0.0446736111	0.0306478998	0.1000209018	0.0614532609	0.0658846616	-0.0542375327	0.0939520346	0.078269168	-0.1260073172	-0.0123670067	0.0844154126	0.0924243652	0.0201917034	0.1212358435	0.1758701349	-0.0872515812	0.0045663266	-0.0380254544	-0.0790665355	0.1842223786	-0.1040647496	0.0589581743	0.1192271871	-0.0070766994	-0.1035830681	0.0916415604	-0.0157599504	-0.091461515	-0.0221837262	0.0033432659	-0.000350221	0.1534446948	0.0572311759	-0.1030100902	0.1111403472	0.0669010224	-0.0385628569	-0.0355954179	0.0381027642	-0.0676329563	0.0621724385	0.0353753009	-0.142919652	-0.0388994721	0.0129223358	0.1012918452	-0.0182856538	0.0352881792	-0.0502125782	-0.1283394371	-0.0531416573	0.0451756767	-0.0293233051	-0.0717165073	-0.0929329572	0.0309170907	-0.0484713212	0.0268474167	-0.0961066916	-0.0794798675	0.1434995186	-0.1131916503	0.0522530308	0.0012786402	0.1097304008	-0.0039330978	-0.1186370427	0.032096947	-0.1071256375	0.0392956862	-0.0038175644	-0.093107663	-0.0144413822	-0.0191415254	-0.0508013024	0.0210803582	0.0723341189	0.0661258994	0.0161062823	-0.0186698496	-0.0798484	-0.0206174141	0.0465660065	-0.0040028458	0.0258769419	-0.0055264807	-0.0493640994	0.0098505575	0.063511572	0.0984844332	0.0141793294	0.0009170219	0.0569990921	0.0484725143	-0.0056035883	-0.0258979211	-0.0438385357	-0.013678045	0.0491980073	0.2641808448	-0.0032202066	0.0180213626	0.0810926791	0.0150765747	0.0026487971	-0.041769863	0.0062672932	-0.0196815312	-0.0964016692	0.0104994973	0.0593206825	-0.0491754412	-0.0291880676	-0.0178933527	-0.0332662112	-0.0351044113	0.0237618227	0.0699101452	0.1429399931	0.0546741375	0.0681960658	-0.109345526	0.0298621579	-0.1221284169	0.030795354	-0.0229291403	0.019796956	0.0237729909	-0.0791217655	-0.0648968387	0.0453913792	0.088489186	0.000601222	0.0	-0.026543981115978	-0.0016911180972982	2.859880419009821e-06	0.0007045829334853	-0.0336913575209791	0.0086616098256798	7.502348477231291e-05	0.0011351075716064	-0.3528514427896496	-0.0440462599793249	0.1245041406787373	0.0019400730181662	0.0039288358981797	0.0002912026185148	1.5435751514825492e-05	8.47989650298762e-08	0.0026210558536294	3.0281634560899977e-05	9.16977391679892e-10	6.869933787844942e-06	0.0028193733033839	0.0002040686508233	7.948865823833845e-06	4.164401424888272e-08
374.6880076542231	-0.9704172488525842	140391.10307989115	0.9417096368706184	373.4880091479368	1.7392735005645363	3.025072309766016	139493.29297728933	253.84201175910383	-0.2803597016767867	64435.766933909006	0.0786015623242968	267.9444908139509	428.9185110326774	1.061753	29.522625	0.1213457888114153	0.0646718343436795	-0.0373822251	0.0626380612	0.0517891996	-0.0337998806	0.0548154458	-0.0111063109	0.118850693	0.0534245142	-0.1834405149	-0.145933909	-0.0956720254	-0.0424475037	-0.0003905711	-0.0454537655	0.004903488	0.0226564818	0.0711819554	-0.0122963092	-0.1164980784	-0.1585021579	0.0471648945	-0.0526463565	0.0576607851	0.0986145925	0.0283753207	0.085744356	0.0605189848	0.0198488027	-0.048257576	0.0468106351	0.0343654083	-0.182512373	0.0706137382	0.0057146034	-0.0373680674	0.0575236725	0.0788103045	-0.140438357	-0.0204050122	-0.012666905	0.0037625002	0.0283346772	-0.0052421674	0.0294897533	0.0267086074	-0.0504831169	0.0562833528	0.0658609202	-0.0404400039	0.0889916325	0.0083069044	-0.0200068849	0.0477194199	-0.0572617664	0.0301018083	-0.0062506453	-0.1048730583	0.0820438643	-0.0075265901	0.0881048893	0.0766452933	-0.027646594	-0.0922780684	0.058091998	0.0633938102	0.055772423	-0.0176506359	0.017961839	0.060172682	0.0026414527	-0.0631931782	-0.0439494802	0.0680947603	-0.1072254286	-0.0809882563	-0.0834228986	-0.1222800194	-0.0695472094	-0.0976916932	-0.121335318	0.1270610085	0.1165565027	-0.0406073357	-0.1399493479	0.0465658722	0.0274089109	-0.0305550198	0.045488182	0.0934828662	-0.0425984363	-0.0072125859	0.163351718	0.0173135045	-0.0337781106	-0.011539909	0.0094758955	0.0331823966	-0.1482045788	0.0663297982	-0.1665538462	0.0691394878	0.0877650288	0.0850948697	-0.1764547867	-0.0278490392	-0.0552880144	-0.0080192845	-0.1140417327	0.0145176939	0.0824672114	-0.0368938187	-0.0136189017	-0.0966579269	0.1381571049	0.0040754683	0.0232885593	0.1456882524	0.0302098879	-0.0222811297	0.0539941171	-0.0965047458	-0.1063943716	-0.0633282256	0.1457144531	-0.0508612503	0.157336391	-0.0196894868	0.0958319805	-0.0933731785	-0.0462988595	-0.0108810425	-0.0575308596	0.0239804706	0.0065621305	0.0235723466	0.1030322556	0.0331253727	-0.0940252626	-0.0152679991	-0.0058046377	-0.0050612822	-0.0481276121	-0.0196089954	0.0222535629	-0.1165664266	-0.0038456598	-0.0732549105	0.0440262078	-0.1746433967	-0.0432778492	0.122161046	0.0245365651	-0.0299840388	0.0626482729	-0.0974874011	-0.0461976571	-0.0412779384	0.0173536503	0.107057611	-0.0558580844	0.1027838174	-0.0150140325	-0.0075271762	0.0562778991	0.1609963631	0.0462293926	-0.0446473122	-0.0423958832	0.0289301746	-0.0160469712	-0.0030467196	0.0406999252	-0.009431233	-0.0229310018	0.0429098996	-0.0027875638	-0.0580419466	-0.0490258038	-0.074420984	-0.0618609256	-0.0467611363	0.1078393097	0.0660417886	-0.0031267714	-0.1066119464	0.0650590911	0.0079638436	0.061391488	0.033485543	0.03161071	-0.0618233347	-0.0413273389	0.0355328115	-0.0653870941	-0.0152697921	-0.0086192181	-0.0031748857	0.1102760305	0.0226098321	-0.0803012987	-0.0623046536	0.0495026423	0.0867749746	-0.0066077305	0.0	-0.0266373233346541	-9.334221867610126e-05	8.712769787377107e-09	0.0007095469944349	-0.080853159040771	-0.0471618015197919	0.0022242355225922	0.0065372333268722	-0.3526779094620522	0.0001735333275973	0.1243817078225234	3.0113815787025565e-08	0.0034240261181658	-0.0005048097800139	1.1723954857881558e-05	2.548329139976821e-07	0.0021230234567353	-0.000498032396894	2.480362683560822e-07	4.507228597848303e-06	0.0023438732453849	-0.0004755000579989	5.493741790431145e-06	2.261003051570523e-07
373.3751075839572	-1.3129000702659257	139408.97096333158	1.723706594504272	370.0757246090628	-3.412284538874019	11.643685774238676	136956.04194492288	253.64118682451485	-0.2008249345889794	64333.85165374845	0.0403306543526678	267.9079955716693	420.065503364121	1.053758	29.300322	0.1123942852573329	0.0575685485886696	0.0096144585	0.0061584128	0.1424138626	0.0266155713	-0.0503923936	-0.0339459229	0.1287542549	0.0328036463	-0.0645520935	0.0367096629	-0.1600383594	-0.0603793621	0.102672162	0.0080188895	0.0973012435	0.0072053305	0.0630483911	-0.1925985048	0.0082596718	-0.2022190415	0.0101683309	-0.0905601589	-0.03177336	0.0100468496	-0.0045213683	0.0378342752	-0.0951175237	0.0032691348	-0.0515768222	0.0322610959	-0.151138933	-0.067082126	0.009303313	0.1347332822	-0.1581225775	0.1026054305	-0.0488436295	-0.0439044152	-0.1230083394	-0.0167510273	0.0187498725	-0.0463224973	0.0442963284	0.029018083	0.035575012	0.0385576105	-0.094178311	0.1086821385	0.0888555032	0.0647695738	0.0168245263	0.100762643	-0.1060620417	-0.0685323838	0.0916869487	0.032831538	-0.0545675578	-0.0948748867	0.0870407522	-0.0409108712	-0.0175142128	-0.0335297602	0.1205679545	-0.0678074796	-0.0144010738	0.0467739742	0.0777601661	-0.0032626057	-0.0147855466	-0.032489343	0.0370523748	-0.0140093715	-0.0485007719	-0.0218519612	0.0500631165	-0.0181494154	-0.0510852858	0.13268535	0.0713988792	-0.068786718	0.0260179381	0.0871882759	0.0194736225	0.0100292619	-0.1265266932	0.105554978	0.0378707158	0.007892564	0.045084557	0.0231826631	-0.0943458342	0.0890275611	0.1157232682	-0.0388055622	0.0749620866	-0.0260821802	-0.0087514697	0.0337060729	0.0655119791	0.0405854301	0.1334556226	0.1168555116	-0.0168300957	-0.0318205694	-0.0050634133	-0.2319059749	-0.0493137967	-0.081053414	0.016686367	-0.0160148898	-0.0458578118	0.0088549109	0.0296048868	0.1431379963	-0.127439273	-0.0360955324	0.0463675478	-0.243179453	-0.1308794853	0.1733372062	0.0822226578	-0.0929059816	-0.0826736489	0.0018100899	0.0492990451	-0.1188132335	0.03484153	-0.0962393997	-0.0655367258	-0.0368982174	-0.0406612677	0.0073180032	-0.0274390203	-0.0480058288	0.0751129579	-0.0092426043	-0.0835196682	-0.0452509798	0.1278824794	-0.0223170605	0.0215639209	-0.0698442254	0.0849128332	0.0595855033	-0.0108361302	0.0404128235	0.0312716571	-0.0674489188	0.064808196	-0.0658197236	-0.074954179	0.035635673	-0.116220748	0.1261468014	-0.0269868637	-0.0043985966	-0.041426417	-0.1299313859	0.0224757917	-0.0148419799	0.1298225834	0.0728470546	0.0673097229	-0.0776150772	0.063557186	0.0935868714	-0.0548020666	-0.0727402236	-0.1014473114	0.0543504028	-0.1643977405	0.0080272472	-0.0365603869	-0.0131554256	0.0123942978	0.023006713	-0.0664070584	-0.0728959583	-0.0219197263	-0.0184421155	-0.0101646982	0.0104862123	0.1046524093	0.0145647475	-0.0252589118	0.1354347249	0.1150056912	0.0029709455	0.0409280946	0.0736503455	-0.039434657	0.0030630748	-0.0072155958	0.0564743838	0.0308231785	0.0182598941	-0.084400673	0.0080463754	0.0214427666	-0.081425336	-0.0596155937	0.0534770846	0.0846860645	-0.0137756027	0.0	-0.0388448912449774	-0.0122075679103232	0.0001490247142851	0.0015089255758341	-0.0344994233356317	0.0463537357051393	0.0021486688138219	0.0011902102104911	-0.3528075851322825	-0.0001296756702303	0.1244731921268727	1.6815779449680486e-08	0.0037331026135033	0.0003090764953374	1.393605512294517e-05	9.55282799701116e-08	0.0025210746671187	0.0003980512103833	1.584447660876897e-07	6.355817477187664e-06	0.0027108116590968	0.0003669384137119	7.348499851095146e-06	1.3464379945740553e-07
372.9113900530671	-0.4637175308900509	139062.90483131076	0.2150339484547653	365.3066929575732	-4.76903165148957	22.74366289290933	133448.97991959867	253.07120607313047	-0.569980751384378	64045.03534330887	0.3248780569487001	266.2651408791824	409.7923458422672	1.057383	29.401136	0.1416844773847591	0.0768034026329457	0.0900579719	0.0234088455	0.0974267056	0.0750309746	-0.0546669307	-0.0420894684	-0.0322418849	0.0775828444	0.1169891037	0.0548970822	-0.0632317664	0.0962326142	0.0596723843	0.0271993435	-0.0637565231	0.0503909576	-0.0189489932	-0.0214208991	0.0248574775	-0.0413737665	-0.0783398345	-0.0193874111	-0.0976358954	0.0448076381	0.0330546605	-0.0774142898	-0.0849698923	-0.061417833	-0.0507434056	0.0104559154	-0.054167374	-0.0585360099	0.0226572198	-0.037196576	-0.0334742829	0.0101458739	-0.1005127349	0.0142608404	0.0593487361	0.044794578	0.0776529052	0.0708811289	0.2133244483	0.0539508233	-0.0571980522	0.0094587705	0.0228991736	0.1087808819	0.0676834946	-0.0742907093	-0.0384091229	-0.0008433239	0.0365927535	-0.0817950786	0.0666150083	-0.0737453636	0.0019921103	0.0367824278	-0.0026714013	-0.0885113778	0.0796844328	0.0262813432	0.0763306154	-0.0542029993	-0.021823398	0.081834563	-0.0320146912	-0.0747684483	0.0252811832	0.0461357985	-0.0550928079	0.0725171689	-0.0571582147	-0.0493158653	0.1349649623	0.0896061561	-0.0011209242	-0.0171831515	-0.015653102	0.0240056141	0.0251923372	0.0111206463	0.0246094397	-0.04329064	-0.0224386133	-0.0250462968	-0.2067944369	-0.0418257989	-0.0584900823	0.0095482857	0.0377036044	-0.0758136745	-0.1009852114	-0.0606391316	0.1676924615	-0.0319947143	0.0176298866	-0.0950073807	0.0479995111	0.0355399894	-0.0256885118	0.0673707256	-0.0825249633	0.0632734258	-0.032792304	-0.0521191208	0.0374612126	-0.0730527072	-0.061887145	-0.0720559066	0.0607975994	-0.0886457329	0.0760650187	-0.0042546409	-0.0892114702	0.0167775948	0.0081877973	-0.035926425	0.0564271579	0.0348633567	0.0429650062	-0.024652861	-0.06384044	-0.1058646253	-0.1669688737	-0.0670609114	0.0748210956	-0.0137662009	-0.0835475304	0.072585212	0.0060204106	0.0129082092	-0.0626798867	-0.0117173702	-0.0817482999	0.0129460118	-0.1219342775	0.007782546	0.1007602836	-0.0435594116	0.0748794101	0.0372321552	0.0920242145	-0.044414756	0.0336607065	-0.0869345512	0.0209657381	-0.0669666602	0.0353277711	-0.1260032573	-0.0516629101	0.0752071128	-0.055411634	0.0526519504	0.1432070724	0.0658710201	-0.0441333078	0.0384052589	0.0344656087	0.0824039199	-0.1191241143	0.0632499285	-0.0770115094	0.0115065004	-0.0051838045	0.100634363	0.009569797	0.0318484763	0.1166789808	0.1000690067	0.0810598809	-0.02411245	-0.0996750932	0.0034050127	0.0084018873	0.0757822194	-0.0496197229	-0.0501491617	-0.0547408576	0.0313221093	-0.0514177518	-0.0615041835	-0.0447634616	-0.0198730625	0.01350457	0.0892558393	0.053489685	0.028039328	-0.0044969384	0.0178657637	0.0891832494	-0.0946939914	0.0526070971	0.0163092266	-0.003247687	-0.0557054154	0.0851835354	0.0582558158	0.0202719962	-0.0824931004	-0.0568338402	0.057303721	0.0822314759	-0.0208578319	0.0	-0.0392448821521753	-0.0003999909071979	1.5999272584100144e-07	0.0015401607751381	-0.0713838816065077	-0.036884458270876	0.0013604632619359	0.0050956585532119	-0.3196955470223273	0.0331120381099552	0.102205242785905	0.0010964070677951	0.0049129502129222	0.0011798475994188	2.413707979465229e-05	1.3920403578545408e-06	0.0023041087002886	-0.00021696596683	4.707423076252e-08	5.308916902745623e-06	0.0026818654234112	-2.8946235685600123e-05	7.192402149288535e-06	8.378845603663101e-10
373.72598075298697	0.8145906999198473	139671.10868978198	0.6635580083959067	366.7961806860726	1.489487728499398	2.218573693350297	134539.43816589002	253.25539312677927	0.1841870536487988	64138.29414779952	0.0339248707318255	266.38657568272686	416.94414564657455	0.8884619999999999	24.704185	0.1562346496961813	0.0757365184687754	0.0551737756	0.0225586881	0.0822424989	0.0023518421	-0.0343203537	-0.0169680268	-0.0271416939	0.0372905802	0.0764261236	0.1058332982	-0.0336271103	0.0177013242	-0.0347263738	-0.0151632776	-0.0515785689	0.0033299133	-0.0213623239	-0.0036469656	-0.0189541141	-0.0091262376	-0.0593696929	-0.0010869947	-0.1158403139	0.0244761624	0.0213901899	0.0118227266	-0.0859004382	-0.0079943704	-0.0732021662	-0.1014674526	0.064137638	0.0599283514	-0.0347630385	0.0552596223	0.0124019134	-0.0419408197	-0.0450305435	0.1163907447	0.1064112032	0.1272828774	-0.0434520138	-0.0744711275	0.0906696057	-0.0032677404	0.0139188368	0.0727414115	-0.0543166076	-0.0841584338	-0.0819170243	0.0302667892	-0.0087207371	-0.1182445617	0.098576303	-0.0331142646	-0.161671934	-0.0098328701	-0.0106980221	0.0118879509	0.0140407166	0.0096837822	-0.0110408835	0.0389643434	0.0306455623	0.0387661566	-0.0103612679	-0.0503686771	-0.0214260869	-0.0246793529	-0.0698985903	-0.1465557071	-0.0088917975	0.0010805195	0.0021823546	-0.0138509927	0.0320040779	-0.0476338645	-0.0529638183	-0.0295904855	-0.0093692076	0.0183400423	-0.0146024603	-0.0421726377	-0.0485474647	-0.104017693	0.0463274436	0.0890925308	0.0166901432	-0.0735093472	0.0846790497	0.0628952646	-0.0496686874	-0.0853588368	0.1293045972	-0.0320129361	0.1690794894	0.0830121938	0.0991569896	0.0093423027	-0.0214919579	-0.1040493142	-0.0098157794	0.0036408709	-0.0769012597	0.1319878945	0.070766936	-0.0108065094	0.0430461709	-0.0053801891	-0.0285020209	-0.0468050285	0.0587995024	0.0027922233	0.0736170968	-0.0508037541	0.054526559	0.013701442	0.099798069	0.0489836164	0.0594123148	0.0109043973	0.1120909047	-0.0042162225	0.0563930526	-0.2070140565	0.0392478781	-0.0480297723	0.0087675694	-0.0454640373	-0.0037816368	0.0667299782	-0.0235238397	-0.0944914003	0.0150621914	-0.0134973537	0.0247065986	0.0243793899	-0.0821647388	-0.0273497285	-0.056485335	0.0708484803	0.0201041629	0.0773150428	-0.0514396664	-0.0056150136	0.0367028836	0.0711394902	-0.0748965786	0.0374016851	-0.0840731507	-0.0094466906	-0.0375209903	0.0490074854	0.0060384876	-0.037136302	-0.0915474377	-0.1532105301	0.0814376237	0.0226941227	0.0368424545	0.0178918435	0.1246986423	0.0073350178	-0.0873305574	0.1562823225	-0.0169717213	-0.051826073	-0.0546629729	0.0570056287	0.0083556427	0.0321999334	-0.0150353478	-0.0039656606	0.0270893306	-0.0857564432	0.0079361558	0.0799944	-0.0456044781	-0.0224072192	0.0126225826	-0.0012818386	0.0115482058	-0.114054731	0.0275592814	-0.0405113111	-0.0432791814	0.0998036103	0.0251507369	-0.0639319353	0.0484704952	0.0087428137	0.002786174	0.0219400962	-0.0077841371	0.0246376121	-0.0278784283	-0.0456242232	-0.0007863035	0.0873879384	0.0190977232	-0.0835038541	-0.0539637182	0.0609719752	0.0794218076	-0.0278103878	0.0	-0.0543472203454626	-0.0151023381932872	0.0002280806189044	0.0029536203592782	-0.0277960020627574	0.0435878795437503	0.0018999032431204	0.0007726177306728	-0.352872742977226	-0.0331771959548987	0.1245191727362713	0.0011007263314297	0.0039210393047937	-0.0009919109081284	1.5374549229737064e-05	9.83887249664305e-07	0.002545879976894	0.0002417712766054	5.8453350191404855e-08	6.481504856749795e-06	0.0027355279587622	5.366253535099997e-05	7.483113213169689e-06	2.879667700297321e-09
374.0454186857143	0.3194379327273395	139909.9752397713	0.1020405928651163	367.5716141605621	0.7754334744894891	0.6012970733588411	135108.89153660112	253.26590125816912	0.0105081313898551	64143.61674011267	0.0001104208253064	266.3303668770711	418.38130171213686	0.905001	25.164051	0.1289357010045891	0.0741262953403454	0.0909511075	0.0427213265	0.0584661894	-0.0446494375	-0.0302483106	0.0366577901	-0.0166833189	0.0377947575	0.1076328639	0.0034766397	-0.0619520458	0.021560465	-0.0518832642	0.068639044	0.0117720382	0.0696836059	-0.004091575	0.0274030228	0.0240985773	0.0295868505	-0.0565260093	-0.0191645176	-0.1319116056	0.0578544189	0.0444466648	-0.0305604734	-0.0443753347	-0.0379508355	-0.0106998057	0.0524745179	0.0239130701	-0.015079727	-0.0132170024	-0.0881129534	-0.0089205685	0.0066042217	0.0600291562	0.1100846717	0.0088794365	-0.1291920685	0.0123337928	-0.0234690133	0.0626619813	-0.0832780462	-0.0163162888	0.0376889561	0.011403008	-0.0532534185	-0.092796527	0.071051302	-0.0080960331	0.0018201445	0.1175855501	0.0935396523	0.0720520426	-0.0812640651	-0.0362818973	-0.043525753	0.0295332294	-0.0487316376	0.0544926977	0.0186196409	-0.0999604163	0.0074122845	0.0916805517	0.000101842	0.083701148	0.03210764	-0.0600925305	-0.0160170715	0.1193180371	-0.1286744547	0.0769453093	0.046486694	-0.0586612989	-0.0412454926	-0.0174364331	0.0157884588	-0.0612173015	0.0365479302	-0.0938482081	0.0934171642	-0.0451772441	0.0301528038	-0.0057119117	-0.0736990743	-0.0694193565	-0.0247563416	0.0677802519	0.1292027025	0.0580613391	-0.0634879475	-0.0140336764	-0.1136131893	-0.0724156777	-0.0706927507	0.2011692476	0.0509806989	-0.0105944786	-0.042424335	-0.0519134059	0.039550885	-0.0953600012	0.0454718452	0.0920534072	-0.0192512586	0.0775052207	-0.0072384089	-0.0114264238	-0.0114985551	0.0183658434	0.0280008231	0.0588472358	-0.0977176442	-0.0160067262	-0.0452134926	-0.0209445491	0.1461908099	0.074103566	-0.049496	-0.0224370785	-0.0341126255	0.0844108875	-0.0450772797	0.0368105356	0.0333377762	0.0880433249	0.0079931117	-0.0607067931	-0.0774866273	-0.0319246141	-0.0167055706	0.0372673294	-0.0335965345	-0.0217024485	-0.0214069893	-0.0251171307	0.0563694337	-0.0087327629	-0.0091473284	-0.0876121912	-0.0258651733	0.0738698137	-0.0516428637	0.0749439954	-0.0605279233	0.0126482593	0.0670856058	-0.0944828273	-0.0494100961	-0.0354573398	0.0245090954	0.0300223329	-0.0413332776	-0.0076538615	-0.0023857688	-0.086413018	-0.0778458831	0.0306708023	-0.0069236044	0.0307690812	-0.0187468553	0.1012744674	0.0177700609	0.0172915944	-0.0608910969	0.0968805216	-0.0007037222	0.0313504811	0.0181343729	0.0134376605	0.0126776604	-0.0459740613	-0.0410117414	-0.0002182622	0.0909889021	-0.0386043509	-0.0894059267	0.0084817364	0.0296599734	-0.0361641959	-0.0460336277	0.0137266291	-0.0298904172	0.0346477495	0.0701634396	-0.0124480543	0.0475371417	-0.1170696203	-0.0198888872	0.0918604141	-0.0901462712	-0.0115307623	-0.0120190547	0.0591777789	-0.0804812422	-0.0009744761	0.0510625075	0.0179201505	-0.0844568986	-0.0510096905	0.0644717082	0.0762691921	-0.0345900464	0.0	-0.045671930580184	0.0086752897652786	7.526065251154762e-05	0.0020859252429211	-0.0954262646670258	-0.0676302626042684	0.0045738524199223	0.0091061719883012	-0.3360310247668039	0.016841718210422	0.1129168496058283	0.0002836434722792	0.0043729287800814	0.0004518894752877	1.9122506115664204e-05	2.042040978757931e-07	0.0027203040550636	0.0001744240781695	3.042375904531472e-08	7.400054151995467e-06	0.0026460729037271	-8.945505503510018e-05	7.001701811838766e-06	8.002206871332801e-09
374.63657294756274	0.5911542618484305	140352.5617898945	0.3494633613015627	368.193901940075	0.6222877795129307	0.3872420805311338	135566.7494258576	254.068977056456	0.8030757982868693	64551.04510251396	0.6449307377940923	266.9570322691447	422.96746379228426	0.956346	26.59173	0.0991617573492029	0.069813217611286	0.0532722609	0.066096323	0.0680167332	-0.048293889	0.0131654306	-0.0456347515	-0.0517539575	0.0483777557	0.0677054266	0.0615936795	-0.0255646142	-0.0384531637	0.0002133081	0.0560736799	-0.0227211644	0.079419948	0.0549959837	-0.0187571344	-0.0107037512	-0.0027998525	0.0293312467	-0.0567658261	-0.074831296	0.0485863281	0.1417744331	0.0070123014	0.0604298312	-0.0348913103	-0.046444087	-0.0042770407	0.0117209484	0.0564559755	-0.0077123148	-0.017613635	0.0342339087	0.044026431	0.0489728879	-0.0027851374	0.0772673281	-0.0259356127	0.0046613493	-0.0240160727	0.0440999176	-0.0107441927	0.1796904967	-0.0103563475	-0.0883163998	-0.1181398596	-0.0692845227	0.0650539956	0.0958802062	0.0765243395	-0.0496781711	0.1314041262	0.1399993557	-0.0250778587	-0.0427461874	-0.016798679	-0.0656677813	0.0574584923	0.0233754588	0.0324411942	-0.0906299284	0.0961734993	0.0601953908	0.0364817241	0.110153717	-0.0260737735	0.0053593414	0.0063065101	-0.001926709	-0.0309432214	-0.0328993093	0.0684791822	0.0315613577	-0.0948729359	-0.0051393523	-0.0218862035	0.0379789115	-0.022571753	0.0378433277	-0.0421729155	-0.0432522678	0.0227273079	-0.1177882841	0.11240359	-0.036826936	-0.0399949006	0.0623608984	0.0622589347	0.0717234424	0.0062213678	-0.0567798952	0.0537965376	-0.0397564994	-0.0589846594	0.0337195999	-0.050430768	0.0266773087	0.014593228	-0.0596136286	0.0417372928	-0.0332382391	0.0828535856	0.0380689481	-0.0255198237	0.0007610066	0.0965988671	-0.0848493117	0.1096887523	0.0177488122	0.0379516078	0.0241651988	-0.0610251435	0.0187783458	-0.0231484839	0.0636265234	0.0567294353	0.0426767385	-0.0157560812	-0.026733704	-0.043848373	0.0621502435	-0.0044746298	0.1093879421	0.0437791841	0.0718835175	0.0163330993	0.0018640191	0.0335565114	-0.0365816769	0.0236834946	-0.0111913137	-0.0889340359	0.0610955462	-0.0494209718	-0.0251971588	0.0702558427	-0.1579175866	0.009554283	-0.0735549052	-0.1171348866	-0.075919641	0.024629528	0.0647735879	-0.0149980695	0.1212046671	0.0296414541	-0.1070545135	-0.1683469698	-0.0956860551	-0.0245991826	-0.0452219628	0.017642454	0.0223088112	-0.0744860701	-0.0971129283	-0.0207568007	0.1206250628	-0.0139223056	0.0467290823	-0.0702837191	0.0668505781	-0.0370125015	-0.0615091563	0.002463326	0.0262571878	-0.0582362142	0.0162840757	0.0071967336	-0.0334976202	-0.0426518697	-0.1023336177	-0.0024017705	0.0123640819	0.1160792787	-0.052244298	0.0192470554	0.0407201209	0.0242940078	-0.0471584517	-0.1090343657	0.0265790349	-0.0450007816	-0.0098655165	0.0737674741	0.0132145352	-0.0780577388	0.056881651	0.0220386097	-0.0116259595	0.0168138527	-0.064278134	0.0630470442	-0.1291840615	0.0050966327	-0.0079289216	0.0731696498	0.0167394815	-0.0853515751	-0.04797635	0.0677932473	0.0727872424	-0.0411546584	0.0	-0.0505746668649038	-0.0049027362847198	2.403682307750812e-05	0.0025577969284959	-0.0283639771979125	0.0670622874691133	0.0044973504005899	0.0008045152024837	-0.3339092166770641	0.0021218080897398	0.1114953649818905	4.502069569685384e-06	0.0040711624483	-0.0003017663317814	1.6574363680448052e-05	9.106291899680217e-08	0.0028899714353334	0.0001696673802697	2.8787019927616807e-08	8.35193489704299e-06	0.0026761377017885	3.006479806140017e-05	7.161712998933835e-06	9.038920824727713e-10
374.3713118338267	-0.2652611137360168	140153.87912418033	0.070363458460472	367.3080663266389	-0.8858356134361429	0.7847047340317876	134915.21558861455	253.86005878054405	-0.208918275911941	64444.92944406128	0.0436468460100179	267.23946443699	423.0650686061159	0.889478	24.732431	0.0660396536877307	0.0328650186183035	0.0816465103	0.0939372774	0.0702376961	-0.0239646902	-0.0087376667	-0.0677459184	0.0460175634	0.0246153681	0.0311334806	-0.0682816567	-0.0513120814	0.0895327565	0.0775550341	0.0869287333	-0.042067818	0.0741239848	-0.0344054155	-0.0064594632	-0.0082317942	-0.0103898448	0.0218553208	-0.0789048014	-0.1102459887	0.0867785181	0.1088536337	-0.0438192684	-0.0041057862	0.0333003642	-0.0124454931	0.0164623049	-0.0478386529	0.1592994563	-0.0463902373	-0.0445115654	-0.0122154142	-0.0346374816	-0.067059506	-0.0309442288	-0.0121371964	0.0897276389	-0.0518423626	0.0253283371	-0.029357704	0.0636737619	-0.0495707393	-0.0329484604	-0.0012574502	0.0714706568	-0.0208727886	0.0573209366	-0.0007287402	0.0668932994	0.0498241337	0.0078664823	0.009036951	0.063125731	0.0072347941	0.0383268629	0.00234769	0.0942618517	-0.0877444338	-0.0377039217	-0.047101033	0.0731716655	-0.1125911536	0.0170003163	-0.0743644845	0.0428454377	0.1475993154	-0.0930593139	-0.0978530785	0.0805228577	-0.0626012753	0.0769532886	0.0464920266	0.0481531931	-0.0193905004	-0.0111052432	0.0293183745	0.009725539	-0.0048447486	-0.0472267511	0.0169200561	0.0292315101	-0.1103291537	0.0452951591	0.0503811563	0.0334186269	-0.0055250083	-0.1072197458	0.0264657983	0.0272773065	-0.0736648334	-0.1201170231	-0.1731542914	0.0043084744	0.0360495267	-0.0360401244	-0.0418623531	0.0252338134	0.0053671223	0.0809037615	-0.0240950214	0.0355349163	-0.0358578634	-0.0532020707	0.0740339407	0.026683109	-0.1099755944	0.1228265271	0.0404612863	-0.0689851021	0.032729591	-0.0195931085	-0.0188811216	0.0032285897	-0.065322904	-0.043259049	-0.0115787787	-0.0415109929	-0.0433439956	0.0368217417	-0.0364208826	-0.0747053556	0.0445315813	-0.0580715689	0.0529476685	0.0936699624	-0.0121670044	-0.0193068181	0.0223934994	0.0707541824	0.0992029467	0.048072654	-0.0244229429	0.1704284629	0.0157393573	-0.0538010967	-0.0147950707	-0.0655048425	-0.0781442771	0.0086863709	-0.0653914689	0.1077320728	0.0339350677	0.0610793328	-0.0493779895	-0.0158903663	0.0024983022	-0.1070979671	-0.0089763454	-0.1327129618	0.0216672429	-0.0498445159	0.0207026121	-0.0168679314	0.0741482019	0.0496481101	-0.036974628	-0.1241026551	0.0026505322	0.0378598595	0.0051008381	0.0244271827	-0.0169405507	0.0367919414	0.0079345781	0.0333633902	0.0524545458	-0.2045644692	0.0424300688	0.0695242012	0.0727471612	-0.0142237002	0.019877332	0.1226049401	-0.0461706294	-0.0362070006	0.0051646368	0.0381369149	-0.048808514	-0.061424798	0.0033525898	-0.0339204769	0.0190680031	0.0613945254	0.0655067938	-0.0037584147	-0.0266646479	0.0428093011	0.0916994032	-0.0529684891	-0.0050279099	0.0197732158	-0.0257820933	-0.0026306608	0.0327965276	0.0739380743	0.0155559202	-0.0861872655	-0.0448684131	0.070927412	0.0689909938	-0.0474634117	0.0	-0.0459897871805878	0.004584879684316	2.102112171965358e-05	0.0021150605249157	-0.0368446744509611	-0.0084806972530486	7.19222258978661e-05	0.0013575300353973	-0.3275090212526379	0.0064001954244261	0.1072621590018608	4.096250147084553e-05	0.0045332858721482	0.0004621234238481	2.0550680798618463e-05	2.1355805886918282e-07	0.0025009016806982	-0.0003890697546351	1.5137527397189468e-07	6.254509216519081e-06	0.0025958532537531	-8.028444803539992e-05	6.738454115020556e-06	6.445592596348831e-09
373.4602211545274	-0.9110906792993204	139472.5367847885	0.8300862259060974	366.50432219834585	-0.8037441282930331	0.6460046237655277	134325.41819006891	253.3136905126335	-0.5463682679105375	64167.82580113028	0.2985182841795609	266.3268399230524	416.48478418436326	0.90003	25.025846	0.0613973300086706	0.0305720569780183	0.1392389768	0.107314668	0.0454342169	0.0584990462	-0.0034600934	-0.0942494504	-0.0140936777	0.043538384	0.104152333	-0.0064957522	-0.0560387259	0.0678395473	0.0666294714	0.0849610819	-0.0415690536	0.1192142314	-0.0419383258	-0.0106042005	-0.0467484656	-0.0266085228	0.0613019165	-0.0338904121	-0.1269348307	0.0521777411	0.0496764424	-0.1203774887	-0.0708725075	0.0872319469	0.0444679266	0.0316899482	-0.0120122564	0.0002703764	0.0563657607	0.0049939717	0.1845949481	0.0782792566	-0.08847346	-0.0262474093	-0.0443643543	0.0950208067	0.0437454645	-0.1621974232	0.0805425829	0.0020558934	-0.0533513272	-0.0762154763	0.1282665645	-0.0694163627	-0.0342950555	-0.0045871978	0.0318314901	-0.1085751968	-0.0397352071	0.0078717877	0.050804613	0.0095818474	0.0313265658	-0.0719234928	0.0387483741	-0.0636923324	-0.0165818229	-0.0648145294	0.0172049307	0.11549209	-0.0774188367	-0.0952784703	-0.0276852661	0.048508554	-0.016180764	0.0906351005	-0.0761694533	0.0643981506	0.0646659094	-0.0702361925	-0.0579383515	0.0523086191	0.0287430997	-0.0671134711	0.0230514516	0.055045388	-0.0459786746	0.048706916	0.1335966118	-0.0237004874	0.1327127967	-0.005216157	0.0601748812	-0.0539576887	0.003946381	-0.1252238581	-0.0944167751	-0.0657949886	-0.0500799355	-0.0566072055	0.0545568416	0.0506950688	0.0561505054	0.0239178592	0.117840076	-0.0127375754	-0.0470148527	0.0453646133	-0.0671719139	0.0942817569	-0.0438678031	0.0138687602	0.0773173275	-0.0040609275	-0.1492726837	0.094497403	0.0407384766	-0.1313106213	-0.0454432754	-0.0449990221	-0.0069705455	-0.0565504148	-0.0923278335	0.094187857	-0.0503180592	-0.0231043326	0.015653154	0.0188154208	-0.0736252516	0.0040967615	-0.1371690035	-0.0796419141	-0.1506496846	0.0150561827	0.0232952283	0.1024714932	-0.121849685	-0.05313615	0.0279629007	-0.0928972273	0.0533974076	0.0572370598	-0.0552244262	-0.0217655687	2.65423e-05	0.0485741034	0.1101256834	0.0834758627	-0.0463974671	0.0315106595	0.0840392363	-0.0524055285	0.0623633183	-0.0761101452	-0.0413948012	0.0339003129	0.0403679447	-0.0851278863	0.0795240265	0.0255717042	0.0184641042	0.0194680894	-0.0286780016	-0.0244181588	-0.0778808521	0.0632803152	-0.0003073297	0.1252615567	-0.0618262739	0.0794965964	0.0697803259	-0.0687056074	-0.0697998076	0.0684390291	0.005193774	0.0541383671	0.0220516615	-0.0024794277	-0.0307410979	0.057572947	0.0199035341	0.1658297651	-0.0329701604	0.045938354	-0.0065297475	0.0511258015	-0.0599955308	-0.107892162	-0.0740928531	0.0022275768	-0.0038608736	-0.0177916805	0.0006349547	-0.0597812251	0.0044149635	0.0317459352	0.0896448348	-0.0499481942	0.0790173753	0.034148434	-0.0858681771	0.0594060341	0.1091552928	0.0660135284	0.0143696711	-0.0869633921	-0.0416907124	0.0738655397	0.0648968387	-0.0534770846	0.0	-0.0461224649639575	-0.0001326777833697	1.760339419989708e-08	0.0021272817743514	-0.0291708910494179	0.0076737834015432	5.888695169379995e-05	0.000850940884617	-0.3013896837559002	0.0261193374967377	0.0908357414744815	0.0006822197912684	0.0047298914134845	0.0001966055413363	2.23718727833544e-05	3.8653738884139686e-08	0.0026381525165493	0.000137250835851	1.883779194182557e-08	6.959848700575404e-06	0.0023802790044001	-0.000215574249353	5.665728138787931e-06	4.6472256984109477e-08
373.0785873654255	-0.3816337891018975	139187.63235058144	0.1456443489842715	366.7270571033058	0.2227349049599638	0.0496108378875241	134488.73441165133	253.25994008434705	-0.0537504282864631	64140.597251527055	0.0028891085409782	266.60659370899685	415.248887487327	0.8539609999999999	23.744854	0.0564660918596846	0.0323350307546109	0.1217920798	0.0779003829	0.0728663652	0.0623549284	-0.0498875096	-0.0387571843	0.040621509	0.0389097687	0.0812798626	-0.0148917682	-0.0872185409	0.0901032186	0.0500901931	0.1113493399	0.0078478274	0.0875860199	-0.0119417162	-0.0124011852	-0.0736777765	-0.0388070402	-0.0354898582	-0.0232885278	-0.1240382415	0.0295808969	0.0390892617	0.0387459481	-0.0718429268	-0.0473199585	0.0040760811	-0.1422042561	-0.0607850227	-0.037636696	-0.0995815693	0.0768475426	-0.0028113969	0.0692990097	0.0047385393	-0.0141106514	-0.0608666453	0.0653702151	-0.0818894634	0.1227571057	-0.1326842105	-0.0278434365	0.0841251344	-0.1747162835	0.0357435662	-0.027914158	0.047391449	0.0671504279	0.0530655307	0.0074918027	0.0776002086	-0.0001432521	-0.0404913091	-0.0083049783	-0.033592844	0.0514746932	0.0151037008	-0.0472777128	-0.0708300544	0.0003923337	-0.0234094	0.056071258	0.0506078907	0.0377788698	0.0059579546	-0.0564855606	0.0595986097	-0.094898494	-0.0988275724	-0.00189624	-0.0391655478	0.0870481282	0.0023260363	-0.018753491	0.0658772801	0.0341139339	0.0224546139	0.0710585372	-0.0701932391	-0.0317393839	-0.0827891862	0.0823700748	0.0681067044	-0.0439196626	0.0253760587	-0.0063706	-0.1176041494	0.0586559438	0.0685938809	0.0565429525	-0.026361318	0.0420793801	0.0768756598	-0.0579196133	0.0850030066	-0.0404775412	0.1129446908	0.0654407083	0.0150824501	0.0399642947	-0.0895040696	0.084746337	-0.0222990704	-0.0841401238	0.1089461133	-0.0572681248	-0.0680717728	0.0713686997	0.0644029494	-0.0895011822	0.0692839356	0.0210400464	0.0359357483	0.0854601004	-0.0446310514	0.0025855585	-0.0664440534	0.0608406238	0.0240695218	-0.1159868624	-0.0440419507	0.0357146369	0.0347394112	0.0325512854	0.0167429197	0.038320735	0.1035495713	-0.0612152767	0.0979597245	-0.0592218887	0.0907603151	0.0175565315	0.0877395763	-0.0549198732	-0.0310059896	0.0125019682	-0.0347807138	0.1359593108	-0.0195202564	-0.0030775563	-0.0217231914	0.0546154848	-0.0441425502	0.1465405487	0.0297793075	-0.0211159806	0.0669934804	0.0293220394	-0.0407130457	-0.0636703238	0.0961805058	-0.0957697803	-0.0459048655	-0.0625698489	0.0688681678	0.0391050544	-0.0497307506	-0.0694868352	-0.0499484019	-0.0427270729	0.0780583027	0.0240118191	-0.1387617117	-0.0249959284	-0.0513052939	0.0589524248	0.0367303316	0.0530872987	0.0448679234	0.013190506	-0.0897032689	-0.0631819687	0.01596875	0.1411216997	-0.033637003	-0.0012656438	0.0124107188	0.0239993239	-0.0023311832	-0.1091027033	-0.0313270385	0.0008170432	-0.0313277725	0.041137744	0.0287053361	-0.0314644149	0.005163992	0.0007619517	0.1144485719	-0.032510691	0.0749501417	0.0610005865	-0.0475376985	-0.0002552626	0.0679976817	0.0428158555	0.0131809392	-0.0876794186	-0.0384481886	0.0765995097	0.0605224558	-0.0591582902	0.0	-0.0514049898024353	-0.0052825248384777	2.7905068669134884e-05	0.0026424729765884	-0.0226778331499843	0.0064930578994336	4.215980088539708e-05	0.0005142841163785	-0.3296692707879884	-0.0282795870320882	0.108681828101884	0.0007997350427054	0.0044218921879672	-0.0003079992255172	1.955313052200535e-05	9.486352291925657e-08	0.0026462584881501	8.105971600800253e-06	6.570677559298022e-11	7.002683986106453e-06	0.0023681657597245	-1.2113244675599887e-05	5.608209065531518e-06	1.4673069657094902e-10
373.2185503526189	0.1399629871933712	139292.0863273103	0.0195896377840917	365.3611187947071	-1.365938308598686	1.8657874628974396	133488.7471269201	253.16885999805672	-0.0910800862903329	64094.47167271564	0.0082955821186544	266.16801140314027	413.1201118789296	0.8435049999999998	23.454119	0.0997610499435742	0.0500670159721636	0.1543810732	0.1059672392	0.0849754108	0.063344299	-0.0173104059	-0.0376759325	-0.0262711684	0.0547060295	0.1527334067	-0.0447073032	-0.0846384902	0.0763837006	0.0246743051	0.1092169188	-0.0220558995	-0.0200787462	0.053676767	-0.0342488459	-0.012309695	0.0095544982	-0.0650076418	0.0026093763	-0.2306295349	0.0644039395	0.0293223912	0.0034691939	0.036539186	0.0074168598	0.0271553995	-0.0651756613	0.0459635862	0.105740544	0.075328658	-0.0209701489	-0.0753644962	-0.0602419309	-0.0433039675	0.1184061813	0.0256014324	0.0323871538	-0.0107721785	0.0280664421	-0.0680868943	-0.1002996365	0.0792001749	-0.0484493068	0.0345821511	-0.0463989739	-0.0108113576	0.0085407552	-0.0236209301	0.0873213106	0.0462983772	0.025334568	0.054545209	-0.0319201303	-0.1042679563	-0.0023818387	0.0406267597	-0.0099425108	-0.0969320193	-0.0093484991	0.1065219003	-0.0184608424	0.074010788	0.040623514	-0.01451106	-0.0412755513	-0.0005979304	0.0917683228	-0.0074258641	0.0023686193	-0.0836356745	-0.0569293727	0.0648987332	0.0197797077	-0.001931119	0.0769117879	0.0199717285	-0.1135421874	-0.0625232844	0.0315131071	0.0504518986	0.0196715702	-0.0245759046	0.0214244734	0.0274605077	-0.0416820853	-0.0250567613	-0.0583411834	-0.0386806511	-0.0381156968	-0.0180524568	-0.0472114772	-0.0303103694	0.0149435089	-0.0738087398	0.063679752	0.102976037	-0.0097677849	-0.0751824422	0.050879189	-0.143242232	0.0547605825	0.0186251573	-0.0935081369	0.1434639092	0.0028369518	-0.0618077894	0.0013839187	-0.0291782913	-0.0406817528	0.0468949917	-0.0606039323	0.043289547	-0.0239112207	-0.031971748	0.0323058244	-0.0775417032	-0.0352121945	0.0049248849	-0.008902505	-0.0126542679	-0.076400398	-0.1021290643	-0.0078211409	0.0539424589	-0.0908525589	0.031863676	-0.087325349	0.0811856244	-0.0684548046	-0.1234183999	0.0155710605	0.0251828336	-0.0260168188	-0.025001677	0.0856296637	-0.0009014735	-0.0344620938	-0.0939472629	0.0806126197	-0.032971616	0.0616716423	-0.0154139945	0.1130004766	-0.0474334082	-0.0329797406	0.0824676804	-0.0830996757	-0.0598453105	-0.0550106926	-0.111273094	-0.0102956033	0.0161055243	0.0049443154	-0.0301522626	-0.0823033388	0.1000912743	0.0861358408	-0.0174168494	-0.0413270215	0.0278363744	-0.0338421996	0.0656222594	0.0334724916	0.0231360981	-0.0068849635	-0.0283490782	-0.193882548	-0.0010410454	-0.0480378839	-0.0595558192	0.0160561552	0.01751503	0.1930005064	-0.052182122	0.0243975341	0.0259425517	0.0522497432	-0.0614992427	-0.0589413376	-0.0104226821	0.045375089	0.0324679223	0.0372556783	-0.0081837492	-0.0399238046	-0.038678918	-0.0084670481	0.117768944	-0.0576938367	0.0373246244	0.1011147698	-0.0229583149	9.77089e-05	0.0274441745	0.0704173788	0.0119899299	-0.0883348501	-0.0351458834	0.0791217655	0.055886734	-0.0644717082	0.0	-0.0609463200536026	-0.0095413302511673	9.10369829618403e-05	0.0037144539280761	-0.0454859452495526	-0.0228081120995683	0.0005202099775464	0.0020689712152452	-0.2883007101394597	0.0413685606485287	0.0831172994669167	0.0017113578101309	0.0046109631907367	0.0001890710027694	2.126098154632877e-05	3.5747844088264195e-08	0.0027440226214014	9.776413325129994e-05	9.557825750377927e-09	7.529660146762611e-06	0.0026021915625899	0.0002340258028653	6.7714009284140645e-06	5.4768076406794934e-08
373.5510190187607	0.3324686661418354	139540.36380995452	0.1105354139661312	367.9275128298708	2.5663940351636825	6.586378343723728	135370.65469717476	253.0810913172635	-0.0877686807932036	64050.03878233708	0.0077033413281792	266.6485993646874	415.1679976230179	0.905949	25.190418	0.0831845477841076	0.0503550461573602	0.1269060099	0.103528245	0.0923786669	0.0694797137	-0.0233169057	-0.0313204672	0.0165744004	0.0362936776	0.034082156	-0.0204603635	-0.0783433684	0.0490719729	-0.0202628181	0.1049254803	0.0008139085	-0.0169758715	0.0891563042	-0.0330445272	0.0127022393	0.0690693575	-0.0560034408	-0.007761357	-0.1491524992	0.1055377211	-0.0731938137	-0.0292181233	-0.036054356	-0.0151892407	0.0717613695	0.0711022698	-0.165192384	0.0032027313	0.0224273564	-0.0352981799	-0.039563206	0.0026993739	0.1580884849	0.0797316803	-0.1194210017	0.0202290297	0.058743004	-0.025700637	0.0679858119	-0.0098458847	-0.0066372192	0.0914309538	-0.0838585398	0.0430173804	0.0896010227	-0.0872110031	-0.0575800867	-0.0351625413	0.1288948016	0.0848931924	0.0704192342	0.0262614953	0.0071274497	0.0508203191	-0.0610976549	-0.01845628	-0.0060328497	-0.0247953827	-0.030814719	-0.07163568	-0.0822833269	-0.0022530277	0.0769289147	0.0236113323	0.0686460316	0.0294894178	-0.1306701463	0.0311786593	0.0432316879	-0.0198597844	0.0412601391	-0.0502330887	-0.0033068255	-0.0465348549	0.0880022523	0.048317177	-0.0275784728	-0.0087292841	-0.1190627752	-0.0552320364	0.0143995446	0.0384988288	0.1144019347	0.056213757	-0.0226967859	0.0924233316	-0.0031175206	0.0262370588	-0.0009441203	0.0681067379	-0.0421778486	-0.0053260145	-0.1036807107	0.0492321136	-0.0905041635	-0.0509962335	-0.0247679716	0.0524882487	-0.0560848372	0.0012899812	0.0793917928	-0.0720398287	0.1276048966	0.0069627404	-0.0529432501	-0.0099058178	-0.0457650216	0.0430790499	-0.013952333	0.089346875	0.003956174	-0.0947013372	-0.0081203387	0.0537842444	-0.0867589525	-0.0322102992	0.0469882553	-0.01462755	0.0128428108	0.0178765881	0.1355447609	-0.1225661228	0.0857258709	0.1302482695	-0.0544477306	0.0007802453	-0.1008405076	-0.0115340855	0.0601491762	0.160720446	-0.1240825051	0.0759524299	-0.0293197391	-0.0397276471	0.0027031488	0.0197621484	0.077378881	0.0330328352	0.0450636511	0.0049742516	0.1004282005	-0.0645620669	0.0485050484	-0.0001404358	0.0274168859	-0.0116335761	0.0031127359	-0.0364873988	0.0250833022	-0.0349146997	-0.0678445649	0.0784716945	-0.013994492	0.0358053075	0.0204751409	0.0005664946	-0.0532631313	-0.1791177386	-0.0806980122	-0.1219926951	-0.0531101044	0.0237443087	0.0641808199	0.1358277912	-0.1432461244	-0.0190564327	-0.0499130535	-0.0046301568	0.0968241641	-0.0037869084	0.0336469097	0.1584990914	-0.0628471071	0.0021754773	0.0221891659	-0.0137383224	0.0019180575	-0.02779679	0.06855059	0.0937789477	0.0431574276	0.0918101787	0.0051998163	-0.0405176942	0.0315961396	-0.0076856311	0.0434220948	0.0062498862	0.033319433	0.0674881905	-0.0099595502	0.033999286	-0.1077632369	0.0308950591	0.010796849	-0.0889292336	-0.0317889315	0.081425336	0.0510096905	-0.0693843053	0.0	-0.0584369201179555	0.002509399935647	6.297088037025654e-06	0.0034148736328723	-0.0424413101046496	0.003044635144903	9.269803165578531e-06	0.001801264803399	-0.3299256417035323	-0.0416249315640726	0.1088509290534875	0.0017326349277137	0.0040031011998607	-0.0006078619908759	1.602481921632618e-05	3.694961999517339e-07	0.0026342235556722	-0.0001097990657292	1.205583483500521e-08	6.939133741258287e-06	0.0025997409964054	-2.450566184499653e-06	6.758653248390943e-06	6.005274624613187e-12
374.0241904333061	0.4731714145453907	139894.09502929004	0.2238911875428859	369.0972684387051	1.1697556088342935	1.3683281843992887	136232.79356891353	253.4020952902549	0.3210039729913774	64212.62189749142	0.1030435506762489	266.6004461740617	418.31511303952544	0.986936	27.442295	0.0543548619356271	0.0281759653610442	0.0677295989	0.0995206536	0.0925635032	0.0425996262	0.009261429	0.0658076659	-0.0725830403	0.0783805635	0.0298574491	-0.0488844513	0.0187698869	0.0852152091	-0.0823948343	0.0429950632	-0.0074432779	0.0106429734	0.0003891651	0.1090350662	-0.0703214691	0.0510266961	-0.0249860281	0.0043290372	-0.0679679771	0.0833535301	-0.0618800974	-0.0414440644	0.0832616391	0.0819043162	0.0906404008	-0.0309835392	-0.0558369548	-0.0497532833	0.1090214889	-0.0559069181	-0.0578146782	-0.0603208334	-0.100524848	0.0928709697	-0.0178418233	-0.1138466039	-0.0470378203	-0.0402562587	0.1058689386	-0.0532020268	0.060449339	0.0014035901	0.1396696448	-0.0227169451	0.0030292971	0.0202974654	0.0503878995	-0.1010455393	-0.09512857	-0.0455407969	-0.0239042201	0.0430958484	-0.0139683522	0.0135692784	-0.0330314847	-0.0210350401	0.0931213361	0.0935155313	-0.0043005001	-0.0119584899	0.1300779165	-0.1230695422	0.0006499588	0.0294072175	-0.0477337019	0.0709657539	0.0117808224	-0.0243845089	0.0039858445	-0.0610876458	0.0338613376	0.0241475817	-0.0135534848	-0.0656868272	-0.1173196274	0.0843533335	0.0282413501	-0.0191860107	-0.0038640023	-0.0451141965	-0.0878606688	0.0226963288	0.0488380778	-0.0080825075	0.0252998449	-0.0886271469	0.0582648578	0.0429672745	-0.0399852392	0.0318341327	-0.0759500566	0.048173639	0.0360909725	-0.0583214814	-0.0995651272	-0.028029268	-0.1307453534	0.0576151411	0.0018464825	-0.0782376207	0.0375346067	0.039517504	0.1259374329	0.006618615	-0.0830643249	0.0275206296	-0.0746711992	0.0001983274	-0.1146065493	-0.0341816727	-0.0085071452	-0.0673778454	-0.0064663301	0.1144151821	-0.1546034235	0.0102442219	0.1297720129	0.0314706653	0.0544127358	0.0268712019	-0.1184479586	-0.0327981958	0.0709690768	0.0042780126	-0.0182870329	-0.0858237426	-0.0906544253	0.0082818603	-0.0881977734	0.0178886718	0.0804797658	-0.0285988971	0.0680613872	0.0058367113	-0.0251715064	-0.0539408186	-0.0016988008	-0.0813669618	-0.0049732038	-0.1020946855	-0.0597976362	0.0068893347	-0.0523925251	-0.0734354839	-0.0131585229	0.059037818	0.0092408558	0.1539989696	0.1073084107	0.0644033636	0.1068511237	-0.0450927813	0.1014476984	0.0558366013	0.0250543535	0.0627864217	-0.0147139991	0.0538579755	-0.0368053582	-0.0430252765	0.0201610953	-0.0233499366	0.1028737328	0.1154663626	0.0414378415	-0.0448776406	-0.0633365926	-0.0228908578	0.0241021558	-0.0923372066	0.0365156042	0.1516583686	-0.0690402168	0.0617300719	0.0662082908	0.0012815024	-0.0346776111	0.097089323	0.0880495261	0.0704956764	-0.0241965371	-0.0444516022	0.0092122122	-0.0234609931	0.0133463576	0.0511204602	-0.0266911576	0.0150132089	0.1124483973	0.0603495822	-0.0164527193	-0.041742695	-0.0169922059	0.0489954006	0.0096019025	-0.0894621585	-0.0283825523	0.0835038541	0.0459123846	-0.0738655397	0.0	-0.0535950225822858	0.0048418975356697	2.344397174592432e-05	0.0028724264455957	-0.0386752981356437	0.0037660119690058	1.4182846150695664e-05	0.0014957786858809	-0.3054167541790207	0.0245088875245115	0.0932793937332483	0.0006006855676891	0.0041902001682582	0.0001870989683974	1.7557777450071045e-05	3.5006023975408506e-08	0.0024801411033077	-0.0001540824523644	2.3741402126658368e-08	6.151099892316336e-06	0.0026833208737722	8.357987736679973e-05	7.200210911621602e-06	6.985595900649282e-09
374.3396366793311	0.315446246024976	140130.1635892136	0.0995063341312497	370.3710588030803	1.273790364375202	1.6225418923751098	137174.72119891478	253.7635650398317	0.3614697495767984	64395.94694172489	0.1306603798591133	267.3798570784516	419.4359827983928	0.981922	27.302881	0.111926138427879	0.0637139476641634	0.0514579012	0.0800124404	0.024103367	0.0782442553	0.0353263097	0.0839402108	-0.0378373957	0.0043815562	-0.0765130891	-0.0080113604	0.1126126895	0.0914165449	-0.0269886656	0.0683124997	-0.0406074081	0.1314893131	-0.0007390192	0.0259142452	0.0108213479	0.0511451631	0.0049102821	0.0170512636	0.0163970286	0.1104240537	0.0406545716	0.04123121	0.11513824	0.0060799995	0.1221085195	0.0671541577	-0.0102421594	0.0108581361	-0.0843132003	0.0413811813	0.0177010807	0.0011202968	0.0490426836	-0.0934964751	-0.0234209506	0.0045149103	0.0501869786	0.0793996569	0.017282454	-0.0466048443	-0.0096698637	-0.0509949193	-0.0957625273	-0.0310013003	-0.0935690591	-0.025038936	-0.0672267617	-0.0316045342	0.072547619	0.0565920598	-0.0989799352	-0.0746592236	0.169835767	-0.0584989693	0.0605201166	-0.0077538008	0.0172430964	-0.0035200036	0.0430219481	-0.0447491916	0.0610125087	0.0042642327	0.0595373342	0.14331235	-0.0282751361	-0.0622586967	-0.0341580173	0.0850646306	-0.0032505591	0.0879558751	-0.0877324993	-0.115726576	0.0228682106	0.0480262426	0.0026384961	-0.0695044822	0.1249130326	-0.0014822294	0.1226878437	-0.0228291474	0.0725313118	-0.0603385145	-0.0508498305	0.1010555867	0.0352422189	0.0089251076	-0.0527818277	-0.0309133226	0.0566898324	-0.0548952637	-0.0251162751	-0.0481449401	-0.0681116123	0.0331407348	0.0047603084	0.1051775117	-0.0283853938	-0.024361453	0.0958424226	0.0193405019	-0.0831955308	0.043527921	0.1396935948	-0.0374151161	-0.0410507137	0.1253833953	-0.0161326152	0.0452767844	-0.0465116438	0.0526112028	0.0204242312	-0.0099488697	0.0150850658	-0.0438258145	0.0539498795	0.0095599522	-0.0745977569	-0.0184742578	-0.0338869012	-0.078198353	0.0939894397	0.0038584688	-0.0372671936	-0.0471916777	-0.0416105653	0.0591509105	0.0003016435	-0.0483233044	0.0414623433	0.0686212203	-0.0792574211	-0.0893436915	0.0104615346	-0.0066142361	-0.0033380151	-0.01197626	0.001025096	0.06117357	0.0881678379	0.0573413456	-0.0659068031	-0.0100720428	0.0307270427	0.0547167044	-0.0065170477	0.120153837	0.1744503036	-0.1045546014	0.0536949373	-0.0544812552	0.0348199074	-0.0371937305	-0.0277763815	-0.0661371658	-0.0003308989	0.0160558237	-0.0777769462	-0.0235999597	-0.050758174	0.0787525325	-0.0428199816	-0.0298118217	-0.0285640983	-0.0046998183	0.0122972527	0.0088288689	-0.0126527611	-0.0465677801	-0.0271894363	0.1457047859	0.0483231007	0.1010186441	-0.0414862788	0.033382196	-0.0004902794	-0.0805993465	0.0262979656	0.0813917077	-0.0114461463	0.0841186448	-0.0921080192	-0.0480464773	-0.0843427123	0.0190290157	0.0682938272	0.0169031946	0.0698933833	0.1534036361	0.0726495073	-0.0089081067	-0.0323352183	-0.1013121556	0.0540483208	0.0235664956	0.008405297	-0.0899332563	-0.0249320423	0.0853515751	0.0406168267	-0.0778875515	0.0	-0.0454562393185824	0.0081387832637034	6.623979301353861e-05	0.0020662696929882	-0.051144560314384	-0.0124692621787402	0.0001554824992821	0.0026157660497516	-0.364332303182536	-0.0589155490035153	0.1327380271422913	0.0034710419143856	0.0039077026155544	-0.0002824975527037	1.5270139731610696e-05	7.980486728363618e-08	0.0027699075842952	0.0002897664809875	8.396461350387929e-08	7.672388025536072e-06	0.0027591077197193	7.578684594710013e-05	7.612675409014635e-06	5.743646018609486e-09
374.4546570783793	0.1150203990482054	140216.29020768663	0.0132296921972084	371.0437860903533	0.6727272872730055	0.4525620030416968	137673.49119626387	253.2731537148972	-0.4904113249344846	64147.290392689945	0.2405032676239966	266.5537507886374	423.4665677675397	1.041522	28.960091	0.1042971865706109	0.0507179768420006	0.0491610323	0.0852782988	0.0009065788	0.0439249307	0.0567257699	0.2068870763	-0.1560892502	0.0322976386	-0.0288855249	-0.0770257458	0.0320442204	-0.045577395	0.1140539691	0.0960470153	-0.0034746751	0.0374296984	0.1110893912	-0.0407155815	0.0004659799	-0.012793292	-0.0528596774	0.0765880211	-0.0771297509	0.1654331266	0.0341893805	-0.052393252	0.0645954194	-0.0447540073	0.0766958442	-0.0153667885	0.1005691798	0.1004230291	0.0799671597	-0.0042734238	0.0217600319	-0.2027110596	-0.0497717567	-0.1279445759	0.0112472889	-0.1081425869	-0.0720957004	0.0481938217	0.0571364425	0.061150365	-0.0769826712	-0.1334329883	0.0248756493	0.083858882	0.0207280139	0.0156584901	0.0094137479	0.053877207	0.0572317385	0.0273294111	-0.0546720802	0.033819004	-0.0025280082	-0.0213049227	-0.0004847493	0.045491355	0.0672994949	-0.0149750715	-0.0266156695	-0.0792613015	0.0237284532	-0.0583773357	0.0282115868	-0.0597131696	0.0358593103	0.0209346412	-0.0085165933	0.0713659143	0.0082484459	-0.0281865054	-0.0046162104	0.0884967121	0.0307864992	0.0376290774	-0.0800940631	-0.0426599489	-0.0542458702	-0.0448449197	-0.0105342698	0.009169174	0.0352038495	-0.0704346248	-0.066569166	0.0792069012	0.0383024194	0.1559988284	-0.0983140002	0.0552078913	0.0163714259	0.0201180496	-0.0109040624	0.0179649161	-0.024905009	-0.0367479319	0.0212052819	0.0652588753	-0.1529891631	-0.0239078785	0.0304381361	0.1152634622	-0.1281312886	-0.0354370281	0.0778595819	-0.0708906887	0.0299998358	0.0339865493	-0.1353560996	0.0373216059	0.0002459816	0.0844831803	0.0620800131	0.0286925466	-0.0220024029	-0.0757768289	0.0166454024	-0.0403303582	-0.1481285521	0.0791882733	0.0304857382	0.0469477668	-0.1024148251	-0.043149547	0.0310275537	0.0393790295	-0.003068148	0.0091162582	0.1249765063	0.0775714319	0.0303321351	0.0359201329	0.0067826181	0.0754796119	-0.0069083043	0.0453893239	-0.1075436365	-0.1005210473	-0.0507973237	0.1022202166	0.0924124848	0.0452775041	-0.0433458865	0.0377253722	-0.0090993193	-0.0278493555	-0.0796430568	0.0061920601	0.0501669053	0.0711566286	-0.003320351	-0.0837234602	0.0623313578	0.0860370683	0.0629193549	0.0341694227	-0.0209034477	-0.035125479	0.003359087	0.0323015088	0.0155642254	-0.0103408943	0.0023010139	0.0484256392	-0.0158596936	-0.0118262785	-0.050025183	0.0821368692	-0.0669704366	0.0170560719	-0.1313908044	-0.0707306577	0.0334937974	0.1186303364	-0.0364454714	0.0811247468	0.0990164678	0.0247257239	0.0628411532	0.0721790365	-0.0159849937	-0.055807786	-0.0507629899	-0.0509833789	-0.0629661184	0.1184382225	0.0482817601	0.0080499349	0.0414216341	-0.0089650752	-0.0718471533	0.0772885913	0.0592576518	-0.0271007771	0.0208806378	-0.0358473984	0.0072072393	-0.0903422016	-0.0214427666	0.0869633921	0.0351458834	-0.081425336	0.0	-0.0528471007743576	-0.0073908614557752	5.4624833058463525e-05	0.0027928160602551	-0.0288926047793722	0.0222519555350117	0.0004951495251321	0.000834782610937	-0.3367200873710771	0.0276122158114588	0.1133804172391858	0.0007624344620185	0.0046243350094565	0.0007166323939021	2.138447427968505e-05	5.135619879898549e-07	0.0026155675394747	-0.0001543400448205	2.3820849435194067e-08	6.841193553553736e-06	0.002828978356364	6.987063664470015e-05	8.00311854077596e-06	4.881905865135716e-09
374.0381989458663	-0.4164581325129575	139904.57427066748	0.17343737613618	371.0787798401035	0.0349937497501855	0.0012245625215786	137699.46084762	253.1133370832964	-0.1598166316008189	64066.36140944242	0.0255413557362318	266.85245707811515	417.00752584735216	1.066562	29.656363	0.0944372022313918	0.0467834213376024	0.0897417613	0.0626990768	-0.0529598291	0.125479671	0.0716983369	0.0754677064	-0.0248907247	-0.1230457244	-0.0760024136	-0.0505553246	-0.1041182135	0.0147933277	0.0946012852	0.0563165138	0.0247687265	0.0119162324	-0.0116615577	0.0851979435	0.0370559312	0.0969988781	-0.0559407539	0.1160292361	0.0057619375	0.0568600731	-0.047213019	-0.0262854688	-0.0044507924	-0.1478658633	-0.1479047839	0.0569399737	0.1029270223	0.0060610684	0.0400928645	0.0030138883	0.1526478063	0.0859812939	0.0176353896	0.0039668837	0.0241419874	-0.0604159443	-0.0191913442	0.034030427	-0.0454128263	0.0023495911	0.1502327861	-0.1295243982	0.1468595274	-0.0171217304	0.0921749852	-0.0155638911	0.053161033	-0.0013735503	-0.0199760991	0.0745990187	-0.0347718013	-0.1115471549	0.0059635138	0.0368771828	-0.0456375574	0.0056819592	0.076466401	-0.0011978374	0.0665498113	-0.0004342297	-0.0560771534	0.0247473958	-0.0556266436	0.0186291151	0.0464847838	-0.1153305499	-0.098318348	0.1317915172	-0.0920446489	-0.0126003976	-0.0901558761	0.0620296989	-0.026336368	-0.0020175109	-0.0699127701	-0.0759378598	-0.0029406155	-0.0462774626	-0.1027023711	0.0061653971	-0.0524167058	-0.0716488845	0.0180948181	-0.0862129877	-0.0449080462	0.0208319498	0.0285336039	0.0160881267	0.0105382564	0.0378913343	0.031890782	0.1075659585	-0.074342623	0.0406183121	-0.1011990241	-0.0516993606	-0.0010372402	-0.0848268891	0.0286387243	0.005559678	-0.01366942	-0.2020715652	0.1002497846	-0.0436863943	0.0169506907	0.0031715485	0.0238843409	-0.0299313672	-0.042488871	-0.0300673937	-0.0139871026	0.1200868392	0.0275417713	0.0490325119	0.0664738703	-0.1378153473	-0.0830487866	-0.0958354164	-0.0025082417	0.0775011779	0.040730714	-0.0160342699	-0.0650762846	0.0514764205	0.0992741006	0.0877555529	0.0741489125	0.0138125339	-0.062387358	0.0146088664	0.041087443	-0.0706766755	0.0298341346	-0.0038829899	-0.1045983354	0.1163964973	0.054059603	-0.0436429487	-0.0081139279	-0.0738685181	0.0422921418	0.0285927497	0.0268637413	0.0126892959	-0.0262586559	-0.0547442678	0.038480797	0.0389046441	0.0697288893	0.1468609818	0.0730109677	-0.0177462722	0.0218971062	0.0313740826	-0.0006724346	-0.0963887078	0.0215807009	0.1654173078	-0.0927262225	-0.0890264445	0.0116209524	0.0086352277	0.0485757334	-0.0434493692	0.0181667145	-0.0064192063	-0.0986035781	0.126302793	-0.041196331	0.0094833075	0.0527167562	0.1011466795	-0.005251224	0.0723390864	-0.0003918104	-0.001418146	0.0111856912	0.0954494604	-0.0735056539	0.0249475165	0.0744982151	0.0100574338	-0.0239354005	0.0104227434	0.0952435471	-0.1834422717	0.0158821314	0.0255385594	0.072026138	-0.0970296205	0.0244576748	0.0700934451	-0.0254317787	-0.0243861237	0.0060079362	-0.0906887116	-0.0179201505	0.0883348501	0.0295231785	-0.0844568986	0.0	-0.0461469032303796	0.0067001975439779	4.489264712832882e-05	0.002129536677754	-0.0567601792347574	-0.0278675744553852	0.0007766017060264	0.0032217179467617	-0.3639380911325958	-0.0272180037615186	0.1324509341772376	0.000740819728762	0.0050329228055897	0.0004085877961332	2.5330311967024906e-05	1.669439871489857e-07	0.0027042511089434	8.868356946870005e-05	7.864775493709747e-09	7.312974060221608e-06	0.0026732211925557	-0.0001557571638083	7.14611154432892e-06	2.426029407760564e-08
374.71537441316553	0.6771754672992074	140411.61182159884	0.4585666135118999	368.5513402836402	-2.527439556463321	6.387950711575509	135830.09042486752	253.43307953826653	0.3197424549701395	64228.325804249325	0.1022352375103317	266.69276402421525	423.14650039656607	1.095554	30.462496	0.0879404608124444	0.0423457250822429	0.0297686521	0.0401432183	-0.0746516732	0.0688841831	0.0038421895	0.1871169603	-0.0401143238	-0.120136356	0.0786520486	-0.1523463386	-0.0487218995	0.0771772136	-0.0672455882	-0.0894866263	-0.035134592	0.0650943384	0.0506118823	-0.0036980754	0.0153497229	0.0088344925	-0.0888680824	0.135097722	-0.0275275288	0.0889768481	-0.0110766367	-0.0069775366	0.0686989486	-0.0344520609	-0.0429354113	-0.0523306087	-0.0220710977	0.0356118562	-0.0472804012	0.0384153614	-0.0154762189	-0.0045128491	0.0357383838	-0.1118533173	0.0446272998	-0.001701736	0.0488152266	0.0189575388	-0.0393281018	-0.1102687041	-0.037527847	-0.0526258346	0.0596250567	0.0792547477	0.0566144324	0.0107831665	0.0667766411	-0.0858439037	-0.020551231	0.0043361569	-0.0285330697	0.1412764743	0.0081567435	0.017265672	0.0084830607	-0.0085378986	0.0150942993	-0.0592522874	0.0682388506	0.0077482421	-0.0003803449	0.067413589	-0.0415287812	-0.0044900562	0.043541316	0.0750364374	-0.0555782214	0.029808629	-0.1087508418	-0.0982066268	-0.1157756784	0.0213173782	-0.0473178453	0.0820905044	0.0250515214	0.0164635341	-0.0203852177	-0.1130544614	-0.041904924	-0.0439869749	-0.0394031719	-0.1691135618	-0.1398824113	0.0288651569	-0.0028996163	0.0238556732	-0.0221713993	-0.1046333462	-0.1179088663	0.054764222	0.0398081371	0.0102371136	0.0329567035	-0.0021197862	-0.0927348185	-0.0398993757	-0.0577591759	-0.1020968871	-0.0394575574	-0.0690382234	-0.0412826372	-0.0389119536	0.1117938943	-0.0035893755	-0.0020095646	0.0299390689	0.1229536872	-0.0030515608	-0.0204076595	0.1057928656	0.004185132	0.1495131901	0.0182418064	-0.0106100887	-0.0254990966	0.0028515427	-0.0851867534	0.0224213708	-0.0164119926	0.0189618408	0.005706233	-0.0508816375	0.0478193546	-0.00845257	-0.0070844608	0.0124502222	-0.049761351	0.0480132987	0.0401700787	0.0468151621	0.0495307349	-0.0721234334	0.1049420088	-0.1073192101	-0.0762589871	0.0338514239	0.0369129098	0.1368297267	-0.0320828235	-0.0115113069	-0.0672223088	0.0203604047	-0.0539243252	-0.0048892198	0.055292536	-0.0151107798	-0.0165051609	0.0318438402	-0.0499469506	-0.0089938569	0.1330625367	0.1607329251	-0.0377357323	0.0127585021	0.0445865023	0.0181539808	-0.0987363414	0.0690618852	-0.0624323587	-0.0051952333	0.0656330062	0.0102089936	0.0235880237	-0.0623989138	0.0956322815	0.0404936747	-0.0084650426	-0.1426185499	0.0313262992	0.0470896327	0.0366578115	0.0658131296	0.0524879962	0.0436997027	0.1174171528	0.0056728075	0.1003481023	0.1000638141	0.0320068092	0.0362613485	-0.0665252174	-0.0136957591	0.0771364709	-0.0108070141	-0.0567246654	-0.1308526202	0.0069783517	-0.0690783229	-0.0588379649	0.0090841972	0.0081620999	-0.0034219992	0.1017073544	-0.0735621353	0.0048075951	-0.090972547	-0.0143696711	0.0894621585	0.0237729909	-0.0869633921	0.0	-0.0537682171899689	-0.0076213139595893	5.808442647063076e-05	0.0028910211797876	-0.0251627776074627	0.0315974016272947	0.0009983957895965	0.0006331653769226	-0.3836315291062462	-0.0196934379736504	0.1471731501243966	0.000387831499222	0.0048808317939125	-0.0001520910116772	2.382251900046712e-05	2.31316758329942e-08	0.0030268064578449	0.0003225553489015	1.0404195310496849e-07	9.16155733325159e-06	0.0027791409770152	0.0001059197844594	7.723624570125e-06	1.1219000739946909e-08
374.38009924462136	-0.3352751685441717	140160.45871041255	0.1124094386423227	367.92270611619097	-0.6286341674492064	0.3951809164845569	135367.11767586102	253.30819467670665	-0.1248848615598774	64165.04149037232	0.0155962286468297	266.7374567503376	418.6856231242672	1.111746	30.912712	0.094737818909186	0.0527120411027562	0.0753777589	0.044673003	-0.14099621	0.1075371268	-0.0036930897	0.0623837843	0.029621094	-0.1036536694	0.0468958214	-0.006028542	0.1302581617	0.0359616783	0.0305816221	0.0496780813	-0.0169450349	0.0293108265	0.0722183927	-0.0236275328	0.0499522296	0.0255009055	0.0470869624	0.1052971417	-0.02068017	-0.0238778865	-0.0133172641	-0.0932567822	-0.0119653735	-0.1394160411	-0.0310703534	0.0162743876	-0.0386072145	0.0329178778	-0.0547258973	-0.0010949174	-0.0218098077	0.1278597639	0.0651655832	-0.0573095794	-0.0835390365	0.013826673	-0.0295260904	-0.1096303052	0.0376984885	0.0158033487	-0.000487842	-0.006850762	0.0739571363	-0.0637597563	-0.0600624523	-0.0299246708	0.0270172976	-0.0041212396	-0.1584484018	0.069674388	0.0085657174	0.151327107	0.0259964532	-0.0504017984	-0.0313976151	-0.0479321621	-0.0757118889	0.0401760406	-0.080085305	0.0033792338	0.0078823913	-0.0694505186	-0.0436072796	-0.0341630009	-0.0837849635	-0.079352973	-0.0257323375	-0.073270794	0.1178628572	-0.0597034693	0.1465747399	-0.1344299719	-0.0278204833	-0.1130617894	-0.1695813802	-0.0710332692	-0.1450271465	0.027835497	-0.0099496404	0.0580228729	0.0528130994	-0.0397890309	-0.1021851547	0.0707092188	0.0409931421	0.0471451258	-0.0191279904	0.0255090282	0.0294725487	-0.0221682678	-0.0112366809	0.0435982284	-0.0884240348	-0.0062580133	0.1023744525	-0.0151725352	0.0276494866	-0.1164914116	-0.0256265956	-0.0307214198	0.0160524829	-0.0369484682	0.0799613965	0.0954770504	-0.1100205669	0.016577297	-0.1036951848	0.0364669246	0.0935280956	0.0711681604	0.0044393653	0.0720239364	0.0107024309	0.0485474083	-0.0105078497	-0.0435343719	0.034350775	0.0302269885	-0.0384078925	0.0527075654	0.131764154	0.0177494394	-0.0172154856	0.070849191	-0.0088801521	0.0586321392	-0.1277761374	0.0656320077	-0.0362497365	-0.1269826646	0.0474456162	-0.0689173998	0.1171782713	-0.0133657511	0.0853493585	0.0118885998	0.0592124587	-0.0339802452	-0.0083761039	0.037888121	-0.0152752077	0.0176248537	0.0386205769	-0.0076408375	-0.0882124163	0.0256369053	-0.02412216	0.0674627116	0.0304451215	-0.0517738164	-0.012631555	0.0031707808	-0.0019618179	0.0229423236	-0.0693918545	0.0500131734	0.1265909549	-0.0384391435	-0.0248834726	0.1307415049	0.0320478754	-0.0668501729	0.0460991182	-0.0438089835	-0.0017496223	0.043553977	0.0704883296	0.122818527	-0.0541902132	0.0833590753	0.0483709775	0.0893831813	0.0867294141	0.0612034115	-0.0012750609	0.0223638636	-0.0123240855	0.0788651637	-0.1240664029	0.1286557498	0.0303551101	0.0062269973	-0.1066581697	-0.089734787	-0.0103249082	0.0220335121	-0.0924590561	0.0140186679	-0.0488502956	0.0102610349	0.0485126566	0.0125845439	0.0153021816	-0.0803479086	0.0036064234	-0.0911935115	-0.010796849	0.0903422016	0.0179201505	-0.0889292336	0.0	-0.0414151853484838	0.0123530318414851	0.0001525973956767	0.0017152175774492	-0.067845182736562	-0.0426824051290992	0.0018217877076045	0.0046029688205574	-0.3831653658053895	0.0004661633008566	0.1468156975527779	2.1730822306560706e-07	0.005380184144609	0.0004993523506964	2.8946381429902075e-05	2.4935277014611973e-07	0.0030603323992124	3.352594136749997e-05	1.1239887445770459e-09	9.365634393669123e-06	0.0025272948963243	-0.0002518460806908	6.387219492986855e-06	6.342644835936717e-08
375.2700555490529	0.8899563044315641	140827.61459178926	0.7920222237974869	369.3493667758639	1.4266606596729616	2.03536063785849	136418.95473773166	253.7056017434301	0.3974070667234457	64366.53235599596	0.1579323766817332	267.5472952256059	424.4236431755442	1.198425	33.322891	0.1375566830138824	0.080236941951449	0.0186471796	0.034986074	-0.0405069519	-0.0175371198	-0.167686074	0.1348880984	0.0685354687	-0.0796338273	0.0386269948	0.0109523407	0.0453765098	-0.1222118326	0.0014656651	-0.0026405819	-0.0417060817	-0.0039617263	0.0848136789	0.0255673205	-0.0950707758	0.039070502	-0.0517486094	0.0674859206	0.0034162962	-0.0786349476	0.0598769895	-0.000462374	0.0605164953	0.0015398289	0.0550941368	0.089116199	0.0522923648	-0.1604152848	-0.0545830643	0.1178025843	0.0434746206	-0.0210835691	0.14655096	0.1130412825	-0.0914220057	0.1135844197	-0.0912682736	-0.0270281809	0.1127528102	-0.0074377705	0.0566757938	0.1381397182	0.0626224005	0.038065602	-0.0496436512	-0.0902308742	-0.1116992196	0.0005739893	-0.0681721007	-0.0025079587	0.0631703428	-0.0535005869	0.0194241832	0.038377189	-0.0121712459	-0.026418559	0.0429734609	0.0417858178	-0.0080040832	-0.0563147642	-0.0612060837	0.0358783469	0.0261350227	-0.0901952868	-0.1066542416	-0.0500090258	0.0272105915	0.1093632226	-0.0287258385	0.0527102709	-0.0013539056	-0.0105664987	-0.0893641238	0.0210735825	-0.0107709519	-0.0419462177	0.0726522697	-0.0030253197	-0.1148185612	0.0194496925	0.0585365348	-0.0154300905	0.040015511	-0.0240980147	-0.0859292837	-0.0890284701	0.062895505	-0.0002106285	0.0706726283	-0.0188013051	0.056715705	0.0268662858	-0.0166615521	-0.0491183423	-0.0245992744	0.1245944037	0.1082630494	-0.0825144642	-0.0341761349	0.0110867419	0.0155322497	-0.0331622105	0.0287947443	-0.0076968872	-0.0049465929	0.0826621564	-0.054150037	0.072925063	-0.132775232	0.197109929	0.0342977186	-0.0470541843	0.0448384825	0.1349781864	0.1015523578	-0.0613702259	0.1164362229	0.0037064281	0.0323412241	-0.0674287653	0.0155021475	0.0197051697	0.0098127907	-0.0058407319	0.1051730754	0.0582617997	-0.0321667769	-0.0586899847	-0.131776709	0.0651451619	-0.0066810082	0.0664511569	-0.0311274851	0.033990116	0.1879139303	0.0270263788	0.1400794342	-0.0089323175	0.0383261001	-0.0187070986	0.0542282785	-0.0433289952	0.0548420801	0.0903148158	-0.0001306513	-0.0264790695	0.0076267179	0.0559027076	-0.04458544	0.0221669701	0.039783754	-0.0052680538	0.0508824877	-0.0121888453	0.0910457214	-0.0055628109	0.0130006542	0.010777227	-0.1215387763	0.02622872	-0.1202759256	-0.0308111162	-0.1299085488	-0.0986626858	0.0031641557	-0.043632536	-0.0154717406	0.0074694455	-0.0252762502	0.0401932528	0.039268677	0.0507974003	0.0854838407	-0.0835496678	0.0026409237	0.0450998667	0.1841967297	0.0138472497	0.1093322062	0.0600898592	-0.0573984573	0.0784889102	-0.1301234877	0.0319216904	0.0662577778	-0.0924642992	-0.0212525748	0.0618044587	0.0655819771	-0.0403051039	0.0347248881	0.0111756384	0.0253352298	-0.0559384869	0.0024046285	-0.0913514525	-0.0072072393	0.090972547	0.0119899299	-0.0903422016	0.0	-0.040645978255327	0.0007692070931567	5.916795521627273e-07	0.0016520955483325	-0.057550665017942	0.0102945177186199	0.0001059770950589	0.0033120790440073	-0.4232463265864652	-0.0400809607810757	0.1791374529689367	0.0016064834171341	0.0040016939531508	-0.0013784901914581	1.601355449468368e-05	1.900235207946464e-06	0.0030372328318577	-2.3099567354700062e-05	5.335900119743249e-10	9.224783274914344e-06	0.002853945085932	0.0003266501896076	8.14500255351541e-06	1.0670034637074617e-07
374.3696066317395	-0.9004489173134402	140152.60236960335	0.8108082526909467	366.8897958935984	-2.4595708822655524	6.049488924888548	134608.12233084626	253.3471960824384	-0.358405660991707	64184.801762833486	0.1284546178309024	266.74027349725543	421.4738208618034	1.10773	30.801054	0.0929922913836736	0.0451118455046424	0.0341504923	0.029441217	-0.0141957225	0.0243531736	-0.123253977	0.0118739941	0.0616170313	0.0012377153	0.0716005455	0.013347142	0.0118895932	-0.0200542444	0.0149820088	0.0060418568	-0.0512202718	-0.007436443	-0.0096632911	-0.0630983039	-0.0529647773	0.0819861358	-0.0028402716	0.0142651699	-0.0459523121	-0.0186420755	-0.0066352706	0.0183084274	-0.017053701	0.1493171447	-0.0226901335	0.0796268645	0.0383111562	-0.0186131192	-0.1454645123	-0.0130991768	-0.0748218293	-0.0325393452	-0.0547690572	0.0835900703	0.0520452855	-0.0500256734	-0.1775123907	0.0698656815	-0.0007844311	0.0630454482	0.0590713731	-0.002558933	0.045866494	-0.0096139568	0.0324764434	-0.0198603424	0.0169714144	0.1260622349	0.1122233429	0.0082220336	-0.0548416486	0.0228979749	0.0126960356	-0.0266557019	0.0989562338	0.0164359591	0.0202940479	0.0420029181	-0.0960676923	-0.0185291948	-0.0058599218	-0.0167890741	0.075456423	-0.0004049277	-0.0647990676	-0.0289421775	0.1608988666	0.009624643	-0.0863845726	0.021022504	-0.0956309845	0.0231877144	-0.0415948203	-0.063697942	0.0828184033	-0.1541436023	0.0647568916	-0.0301705212	-0.0133687773	-0.0299213885	-0.0410841306	-0.0215801776	0.117487844	0.1152852828	-0.0269671738	-0.0871309112	-0.1271604634	0.0667479162	-0.0551719209	0.0421918629	-0.0211897966	-0.0982976433	-0.00498642	0.0291698161	-0.0488531366	-0.0222107947	0.0474726284	0.0066964434	-0.0856522849	-0.0544590307	0.0450984982	-0.0046285031	-0.0121756183	0.0022133751	-0.0900112757	0.0327830752	-0.0601461946	-0.0593834263	-0.1004384247	0.0398564607	0.0457696798	0.0364968035	-0.0560383419	-0.1376922544	0.1008570925	-0.0462634269	0.0228502616	-0.0604002407	0.1462698657	-0.03876267	0.0732831055	-0.0139287766	0.0202868205	0.0218028919	0.0091303397	-0.0890374508	0.1524755543	-0.0557530031	-0.0422728005	-0.0562395491	-0.0655517285	0.115009988	0.0707424298	-0.0052974549	-0.0446982143	0.0730095675	-0.0213126129	-0.0134105972	0.0532001265	-0.033923315	-0.0806751676	0.0262080552	-0.0161221726	0.1171001336	-0.0032956141	0.0177218132	0.0219553542	0.0101206924	-0.010784917	-0.0492485326	0.0533347483	-0.0428621001	0.0091025842	-0.0599041579	0.0852250101	-0.0969203929	0.0161389466	0.0179123957	0.080170493	-0.1231953879	-0.0270103218	-0.0045130399	0.1028095159	0.0849067594	-0.0625729145	0.0291356842	0.0371857048	-0.0504950883	0.1048906483	-0.0660081677	0.0378955771	0.0649208154	0.0430663432	-0.0248576785	-0.0311093311	0.0978576284	-0.061695404	0.0851121727	0.0718088916	0.1701490736	-0.0567041935	-0.1244306331	-0.0538302496	-0.0315003881	0.1000325202	-0.0977111062	-0.0541762162	0.0414995319	-0.0559538936	0.0032600445	0.1057138638	0.0711556006	-0.0163131277	-0.1120217741	0.0012024181	-0.0914462607	-0.0036064234	0.0913514525	0.0060079362	-0.0911935115	0.0	-0.0336041466952536	0.0070418315600734	4.958739172044581e-05	0.0011292386751161	-0.0787968550240378	-0.0212461900060957	0.0004514005897751	0.0062089443616792	-0.3997025903782258	0.0235437362082394	0.1597621607550637	0.0005543075146431	0.0046259614060341	0.0006242674528832	2.139951893011699e-05	3.89709852729403e-07	0.0030501971349483	1.2964303090600218e-05	1.6807315462494635e-10	9.30370256204682e-06	0.0026679661697206	-0.0001859789162114	7.118043482773609e-06	3.4588157275166943e-08
374.9628791020501	0.5932724703106373	140597.16070449864	0.351972224028486	368.8161039620714	1.92630806847302	3.710662774664256	136025.31854176146	253.47038971688136	0.1231936344429698	64247.23846322772	0.015176671567268	267.3389362971203	423.52841466718576	1.041907	28.970812	0.1119436252729179	0.0579792134638772	0.0401600839	0.0134735446	0.0135668018	-0.0109071769	-0.0818379323	0.0734707019	0.0522937712	0.0139441732	0.0503291948	-0.0234936735	0.0048903589	-0.0724370114	-0.0042493775	-0.0282397775	0.026070281	-0.0547350308	-0.0193183997	-0.0198021145	-0.1130008877	0.0186646539	-0.0809846194	-0.0138157781	-0.1146432485	-0.0380506761	0.0423724308	-0.0096086295	-0.0526414819	-0.022287895	0.0757953193	0.0697274972	0.1202991864	-0.0411139187	0.0551998492	0.0976681667	-0.0790995103	0.0860424154	-0.003077408	-0.0626612433	0.0012933011	0.0889982366	0.0382532613	0.0155195753	-0.0678062164	-0.059554571	0.0190051694	0.0519242382	0.0240682092	-0.0100357975	0.0837083808	-0.0191598343	0.0670189408	-0.0008547499	0.083930277	-0.0175547046	-0.0168149107	0.0403748518	0.0132694652	-0.0439729118	0.0571893697	0.1592865496	0.0450007808	-0.0510493615	-0.0026756286	0.0569966684	-0.0753943761	0.0921676254	0.0690730587	-0.0773471354	0.0511519672	0.1015041221	-0.0296271726	-0.0029790738	0.0625625282	0.0255472588	0.0205710063	-0.0549790919	-0.0545887842	0.0144808224	0.0628840095	0.0573743537	0.1517333404	0.0674781859	0.0519731867	0.0666322471	0.0581439205	-0.0603476292	-0.0493761896	0.071770024	0.122682762	-0.0213939304	0.1811066683	-0.0248555418	-0.0802508296	-0.012982373	0.032932154	0.0086526622	-0.0125612501	0.1612695799	0.0188869832	0.0260670636	0.0644776562	0.0332752568	-0.0960926704	0.0211827266	-0.0044029135	0.0270536837	0.0188455311	-0.0606469322	0.0785193497	0.0200364073	-0.0139145073	-0.0625934295	-0.0060584213	0.1272522067	-0.0941784426	0.0037300181	0.0580916621	0.0238437439	-0.0225048742	-0.0679851826	-0.0806410384	0.0519434363	-0.0302743404	-0.0080003997	0.0256772753	0.0159713582	-0.0477417955	-0.1651864267	0.0159556081	-0.0107523273	0.0080739063	-0.122562219	-0.0220151362	0.0837266943	-0.0297404277	0.0239042397	0.118390581	-0.1188365934	-0.0125308864	0.0527828136	-0.0191592828	0.0557347587	0.0664510523	0.0051383186	-0.0438864038	-0.0079867762	0.0857493158	-0.1057745456	0.013024658	-0.0198114266	-0.0104354563	0.0057235423	-0.0604260685	0.005123842	-0.0628477666	0.026919724	-0.1018700191	0.1192746897	-0.0457113971	-0.0168476854	-0.0167668956	0.0586977255	0.101956337	-0.0526709775	-0.0075914562	0.0204088354	-0.0624003264	-0.0285602964	-0.0387316597	-0.0701235665	0.041344908	-0.0167516168	-0.1054630509	0.1219288458	0.0239596682	0.0580642125	0.008414239	-0.0405552967	-0.0555543928	-0.0342996759	0.1100871368	-0.0781328946	-0.0135983619	0.0773378979	-0.1827202221	-0.0285122291	-0.0684256377	0.0118479467	-0.0507839592	-0.0948185137	-0.042366699	0.0535287963	0.0292817857	-0.0193099103	0.135205907	0.018634303	0.0058650692	-0.0639300817	0.0	-0.0914778707	-0.0	0.0914778707	0.0	-0.0914778707	0.0	-0.0397900344392496	-0.0061858877439959	3.82652071813199e-05	0.0015832468406766	-0.0464451871206961	0.0323516679033417	0.0010466304161281	0.0021571554066764	-0.4428953997316611	-0.0431928093534352	0.1961563351034678	0.0018656187798422	0.0048564304188035	0.0002304690127693	2.3584916412679936e-05	5.311596584690175e-08	0.0032718783667495	0.0002216812318011	4.9142568532897286e-08	1.0705188046803376e-05	0.0028200811305929	0.0001521149608723	7.95285758312613e-06	2.313896132118142e-08
374.81702144138535	-0.1458576606647739	140487.7995621919	0.0212744571746003	368.50639797903386	-0.3097059830375315	0.0959177959292437	135796.9653514821	253.9653021599636	0.4949124430822564	64498.37470120162	0.2449383263176477	266.9284869282077	424.6386642827949	1.114838	30.998695	0.102596411370445	0.0533058705796977	0.0076928745	0.0178028308	0.0829524154	-0.0505082776	-0.0479007512	0.0721126454	0.0092035229	0.101575113	0.0294846704	-0.0200382721	-0.033948368	-0.0046089222	-0.0039709043	-0.016350957	-0.0188591127	-0.1157407672	0.0154598641	-0.0639853976	0.1385550698	0.1570605858	-0.0619444041	-0.0641254126	-0.0232919583	0.0397524923	0.0260104434	-0.0254373802	0.0286327706	0.1084432843	-0.0781679186	-0.0433043177	-0.019807873	0.0838500199	-0.0384528727	0.0744441689	-0.057540176	0.0666812469	0.0248523015	0.0760428101	-0.0379691358	0.0066907531	-0.0135411707	0.0171889834	0.0384372076	-0.0475267605	-0.0736763083	0.065283421	-0.0022663755	-0.0388506001	0.0716606679	-0.0903438151	0.0821146311	-0.0246003449	-0.0272103426	0.0266942982	-0.0369066128	0.0174157862	0.059334504	0.0146441763	-0.0221230963	0.147264394	0.0233359916	-0.0467289972	-0.0459364211	-0.0802549191	0.0374255752	0.0866907871	-0.0769223311	-0.0097683097	-0.2488844728	-0.0089726833	-0.0041025062	-0.0784132726	0.043042183	-0.0112981556	-0.0122654833	0.0520673818	0.0229209799	0.0935939087	0.1230291232	0.0643019058	-0.0070338379	0.0452049121	-0.072486612	0.014789621	-0.028307341	0.0711722143	0.0360233208	-0.0830825475	0.08587041	-0.1170927827	0.0236369869	0.0702104859	-0.0772368642	0.0711732353	-0.0308386497	0.1239357125	-0.0912024623	0.0226282746	0.0098239752	0.086564187	-0.0486316741	0.1212498222	-0.0469183405	-0.0449675625	0.0395378909	-0.0621682516	-0.0446609853	0.0715062277	-0.0662383748	0.0176502292	-0.0700214175	-0.0084729762	0.0411497046	-0.0441078101	0.0218645158	0.1157757622	0.0453410039	-0.0201655237	-0.0040878231	-0.0194241619	0.0632262839	-0.032497581	0.0483573238	-0.010657382	0.0461363756	-0.0228498175	-0.0576133061	-0.1105813533	0.01202741	-0.0106774252	0.0163305911	0.0229139146	0.1021002654	-0.0026217995	-0.072448186	-0.00613656	0.0376057789	-0.0242818766	0.0928180013	0.0590175472	0.012028958	-0.0591489261	0.1058260925	-0.013048104	0.0345698941	0.0018628839	-0.1069600597	0.0747698937	0.1085834244	0.1476438311	0.0134965009	-0.0205325345	-0.1104036185	0.0167101451	-0.0416155757	0.100285473	-0.0745834137	0.0211115154	0.0513732305	0.1058018976	-0.0024983259	0.2039450355	0.059237423	-0.0641438303	-0.0102823185	-0.102459152	-0.0214971339	-0.0163312488	-0.1452979164	-0.0952138889	-0.0243012849	-0.0075906761	0.0052626592	0.0333610239	0.019626585	0.0640024041	-0.0611378389	-0.0212498974	0.0231620018	0.1194842494	-0.133890362	0.061541368	0.07773963	0.0295633976	-0.0299667132	0.0459232089	-0.0715648855	-0.0040681492	-0.038415332	-0.1192246055	-0.0299668051	0.133924452	0.0011156908	-0.0449338387	0.0118490341	0.0411770435	-0.0917914897	-0.1696120305	-0.0012024181	-0.0914462607	0.0036064234	0.0913514525	-0.0060079362	-0.0911935115	0.0	-0.03109344384508	0.0086965905941695	7.563068796259909e-05	0.0009668022501471	-0.0788258477297176	-0.0323806606090215	0.0010485071814766	0.0062135142703086	-0.4048106756564422	0.0380847240752189	0.1638716831254252	0.0014504462078855	0.0047578551505024	-9.857526830110014e-05	2.2637185633162213e-05	9.71708352063388e-09	0.0033330073417794	6.112897502990027e-05	3.73675158820617e-09	1.1108937940355382e-05	0.0025110966520832	-0.0003089844785097	6.305606396103455e-06	9.547140795991137e-08
375.6706537981573	0.8536323567719251	141128.44012513495	0.7286882005279911	371.69968340159073	3.193285422556869	10.1970717899142	138160.65464084278	254.21222431009463	0.246922150131013	64623.85498868587	0.0609705482253225	267.4882203941616	427.73127205814575	1.221936	33.97662	0.3177016141972953	0.1819768350295004	-0.0226862777	-0.0421802423	-0.0379747488	-0.0158176991	0.112293085	-0.0173557772	-0.0407416974	0.0252409469	-0.1130061539	0.006301192	0.1631386359	0.0511713599	-0.0810144538	0.0187575083	0.0167539083	-0.0112495928	-0.0838278028	0.0619128721	0.0302380466	0.0337284317	-0.0048184274	-0.0399199246	0.0267855347	0.0206148236	0.027143573	-0.0321072157	0.0952383051	-0.0575159824	0.0062692986	-0.1136879124	0.0458201553	-0.0672411904	-0.0634538132	0.0584248131	0.1006756558	0.0529903776	-0.1262434447	-0.1105411931	0.0693317802	-0.0490252055	0.0198075093	-0.0825550638	-0.0668281094	-0.1208014746	-0.0006964313	0.0396147211	0.0025198552	0.0486887472	0.0044322935	0.0258678167	-0.0123207937	0.0947757076	-0.0321112975	0.0325466263	-0.0636377753	0.0535162857	-0.0240795784	0.0757253479	-0.008399857	0.0445305117	0.0139527378	-0.0622914212	0.0701682006	-0.024763044	-0.0777098039	0.0354810131	-0.0846440093	0.0296055982	0.0266504576	0.0006853864	0.1468994941	-0.0446083423	0.0113260972	0.0518140752	-0.0790001119	-0.0967353818	-0.0088048317	0.0452147494	-0.0174471734	-0.0391396973	0.0806633102	0.0527146797	-0.04068845	0.0387122701	-0.0434901786	0.0513244626	0.1024390279	-0.0591542937	-0.0192792381	0.0485803187	0.0416102016	-0.0362975096	-0.0196676968	-0.002485457	0.0151738572	0.0382131826	0.0734052811	-0.0468237767	0.0201716212	0.0900515104	-0.0377229299	0.0034784083	0.1003461152	0.0046813767	-0.0061732091	0.1359484615	0.0712931473	-0.0150954223	0.0420853776	0.0365152184	-0.0587457172	-0.0152894236	0.017610211	-0.0357794153	-0.0809630311	0.1204900346	0.023176636	0.0924399342	0.1160481943	0.1421805157	-0.0761228674	0.0080569425	0.0163156955	-0.0062756977	0.0583902875	-0.0193832957	-0.0583180413	-0.0839571953	0.0323243567	-0.0250056549	-0.0171717486	0.0713179098	-0.0408892855	0.0665386775	0.0192586971	-0.024156084	0.0073607723	0.0967266701	-0.0040548818	0.0626515885	-0.0917392377	-0.0292817832	-0.0391567304	-0.0384904215	-0.0060601807	0.0179841099	-0.0629367895	0.0380759406	0.0092250075	0.0121020166	-0.0402367113	-0.0476858115	-0.0319815896	-0.0238382448	-0.0030478025	-0.0395222102	-0.010723987	-0.0607343372	-0.1332989192	-0.0965843628	0.0948914054	-0.0572323951	0.0380726315	-0.0401024826	0.0347655007	0.032227431	-0.0165075789	-0.0160794801	0.0525328527	-0.0201067775	-0.0838121755	-0.0970306601	0.1101322938	0.0374154911	0.0047790872	-0.0271317378	0.0099444776	0.0255748655	-0.0185484583	-0.1653793991	-0.0118869352	-0.0096632653	-0.0256693279	0.0596621875	-0.0193767175	-0.0283851355	-0.0115038452	0.1455841243	-0.0155101677	0.0490639894	-0.0243888887	0.0863505536	-0.0704368208	-0.1082055078	-0.0088188087	-0.0640341432	-0.005171295	0.0160901582	-0.0024046285	-0.0913514525	0.0072072393	0.090972547	-0.0119899299	-0.0903422016	0.0	-0.0410927976348176	-0.0099993537897376	9.998707621233972e-05	0.001688618017456	-0.0581117710108003	0.0207140767189173	0.0004290729743171	0.0033769779300116	-0.5377344082084576	-0.1329237325520154	0.2891582937713001	0.0176687186755597	0.0066378233030658	0.0018799681525634	4.406069820272337e-05	3.5342802546526447e-06	0.0044551685875098	0.0011221612457304	1.2592458614192031e-06	1.984852714313407e-05	0.0025902562765219	7.915962443870005e-05	6.709427578061098e-06	6.266246141276039e-09
375.7991627338636	0.1285089357063498	141225.01071147292	0.0165145465563787	372.6477868746004	0.9481034730096668	0.8989001955329917	138866.3730625376	253.90452433814687	-0.3076999719477555	64467.50747938062	0.0946792727366495	266.86264666472493	433.8086324339222	1.15972	32.24667	0.1495059767293728	0.0893707086981143	-0.0715664593	0.0136762576	-0.0188485803	-0.038270185	0.0429916497	0.1508867104	-0.1654938975	-0.047689256	-0.0873692253	0.0235108595	-0.0486204004	-0.1109699462	0.1275662849	-0.121386306	-0.0157824896	-0.0780058346	-0.002610745	0.1858573635	-0.075587604	0.0790574639	0.0342853386	0.0527275834	0.0722823514	0.0706114545	0.0414588016	0.0425331364	0.0714572037	-0.0150956197	-0.0896528888	-0.0326822231	0.1076051555	0.0159369454	-0.0598670462	-0.0564711775	0.0373178385	-0.0005481258	0.015062198	-0.000584589	-0.058124682	-0.0788319247	0.0641513879	0.1006236762	0.0017294671	-0.0339009216	0.1319952665	0.0185036884	-0.0426411737	0.0028533755	-0.0860515505	-0.026629295	-0.0476938953	0.000870821	-0.0475728805	-0.0784866881	-0.0379310074	-0.0008952511	0.0822098528	0.0393599503	-0.0328816824	0.0065764187	0.0792436141	0.0185357766	-0.0283109121	0.0412564981	-0.0061983712	0.0943647963	0.0220104819	0.0950178562	0.0508485133	0.0588972369	0.0099463479	-0.0173876747	0.0809098333	0.1578914509	0.1533160196	0.029730695	0.0738155556	-0.0048765336	0.0072598172	-0.0006541443	0.0202122257	0.0146930091	0.0487815024	-0.049927461	0.0872690439	0.0053726156	-0.0749734187	-0.0579607331	0.0600276695	0.0270364189	-0.1540050716	-0.0404739726	0.0962240419	0.0299091078	-0.114021909	0.122537492	-0.1313990956	0.0122138293	-0.0195207477	-0.04165608	-0.1153090427	-0.0586378462	0.0745644613	0.0260966984	-0.0057450994	-0.1142161311	-0.0666858456	-0.0108188843	0.0440229066	-0.0356971837	-4.10084e-05	0.0437215959	-0.1521732258	-0.0964033107	0.0384424183	0.0924552253	0.1465892972	0.0428503276	0.0044570549	-0.0122438923	-0.0188306928	0.0129765689	0.0071463685	-0.0250866704	0.0851636057	0.1627048387	-0.0264843467	0.0066908926	-0.0836978173	0.0811362796	0.0645610226	-0.0171110687	0.0253138558	0.058181358	-0.0220570398	-0.0488512791	0.0324154216	0.0599353657	0.0421464299	-0.0246776424	-0.0499118867	-0.0866152696	0.0126423015	0.0028658307	0.011205352	0.042798947	0.1027901445	-0.0402552916	0.0487360858	0.0416601883	0.0812790118	-0.0461549037	0.0871043104	0.0011620239	-0.0057765792	-0.0622561396	-0.0325208327	0.0013736333	0.0526309308	0.0101290645	0.0037794465	-0.0258236625	-0.0828333354	0.0412489865	0.0040819777	0.0816372719	-0.0534589383	0.0675446672	-0.0118092029	0.0545397038	0.0814982218	-0.0149609498	0.1344469174	0.0450009944	0.0272123741	-0.0142778745	0.0076683167	0.0471213386	0.1409176863	0.0717762661	-0.0254026242	0.0676762379	0.0235781225	-0.1328339319	-0.0174142155	0.0168915508	-0.0061800775	0.1481023344	0.0294972443	-0.1225902747	-0.0596076474	0.0251926458	0.0198214509	-0.1186103027	0.0233699162	0.0920637826	-0.0494629922	-0.0480455118	-0.0036064234	-0.0911935115	0.010796849	0.0903422016	-0.0179201505	-0.0889292336	0.0	-0.0471724480382391	-0.0060796504034214	3.6962149027823166e-05	0.0022252398539203	-0.0560680472803909	0.0020437237304093	4.176806686238501e-06	0.0031436259258361	-0.4756989405832357	0.0620354676252219	0.2262894820720128	0.0038483992434799	0.0056028865538956	-0.0010349367491702	3.139233773582411e-05	1.0710940747829817e-06	0.0039399026658994	-0.0005152659216104	2.654989699730149e-07	1.55228330167612e-05	0.0026269963051477	3.674002862580003e-05	6.901109587259668e-06	1.3498297034246055e-09
375.2792040832993	-0.5199586505643197	140834.4810173946	0.2703569982966682	370.0388994338872	-2.608887440713204	6.806293678311091	136928.7870942425	253.874680440288	-0.0298438978588819	64452.35336865835	0.0008906582394113	267.64885503970817	426.74021797082696	1.182302	32.874557	0.1824827705739063	0.0919484239797758	-0.0445431227	-0.0526665154	-0.1181440528	0.0684727633	0.0408271754	0.0076494655	0.0732389848	-0.1605330395	-0.0229866587	-0.0404733598	0.00074219	0.0932972953	-0.0450215639	-0.1022656583	0.0606535566	0.0612626945	0.000839563	-0.0617296862	0.1049871406	0.0180371382	-0.0351193745	0.0388898108	0.0786815521	-0.0379338209	-0.0128273561	-0.0014405742	-0.0060134089	-0.0233150876	-0.022130299	-0.0924553069	0.0092414181	-0.0018296422	-0.0105306012	-0.1054492541	-0.0100255053	0.0321960642	0.0439881942	-0.0434900738	-0.09100173	0.0172927502	-0.0483135542	0.058583493	0.0455824671	0.002580702	0.068505534	0.0056513603	-0.0310635381	-0.0617110277	-0.0387978662	-0.0050555745	0.0246902881	-0.0510833137	0.1484412712	-0.0083757774	-0.0245185345	0.0702798959	-0.0274693487	-0.0355217824	-0.1394541667	-0.0125447496	0.0097201056	0.0360382699	0.0841582375	-0.0079881206	-0.1583527009	-0.1055260588	-0.0667173711	0.0433655012	0.0113341742	0.0641160538	0.0881915665	-0.0394224976	0.0008484273	0.0048093239	-0.0224319114	0.0646327154	0.0812167042	0.0284063908	0.0207291767	-0.0190638714	0.0317913022	-0.0369056581	6.84582e-05	-0.0764636789	0.0677213158	0.0040372562	-0.0074928915	-0.0054515153	0.0185970225	-0.0637606697	0.0415489205	-0.0122742934	-0.0574266789	0.08367094	0.0585572504	-0.0234770868	0.0114953457	-0.020608077	0.0343254345	0.021316514	0.0898165	-0.0964524236	0.0475776268	-0.0708422082	0.0092199302	0.0019566869	0.0458837855	0.0518683499	-0.0086796393	0.0203261928	0.0464257495	4.81116e-05	0.0428562301	-0.0204813145	-0.0270463878	0.079153826	0.0107342675	0.0206535409	-0.020423175	0.0651158006	-0.0394341593	0.0750196103	0.0401469271	0.0143071369	0.0044312139	0.0249309776	-0.0073609038	0.1387130735	-0.0364380405	0.1191472468	0.0621651604	-0.08940352	0.0075183532	-0.0072429079	-0.0405103068	0.0047459587	0.1188038157	0.0196972722	-0.0230563325	-0.0818585408	0.0207323061	0.0856874286	-0.0043737463	-0.0197099264	0.0464230971	-0.0201294282	-0.1064326037	-0.074962074	0.0152118674	0.0548175064	-0.0767498996	-0.0591074269	0.0462120445	0.1328450997	0.0263674308	-0.0018328975	-0.0806586274	0.0184830513	-0.1071244715	0.0191024595	0.066808881	-0.0871313113	-0.0008596346	0.0066933295	-0.0113560237	0.0378349274	0.051860158	-0.0301433482	-0.0165824858	-0.0189987108	0.0230339333	0.1140172053	0.0400959053	-0.1099396224	0.0347711642	-0.0395011963	0.1061331735	0.0126396305	0.0434295269	-0.1068462971	-0.062371024	0.0379962866	-0.0372254305	0.0938988282	-0.0432048166	0.0263985597	0.0533547899	-0.026826378	-0.0680483775	-0.1440187052	-0.0504354359	0.0089759904	-0.0085665181	-0.1008347459	-0.0090367119	-0.0237196077	-0.0393162965	0.0145149473	-0.0048075951	-0.090972547	0.0143696711	0.0894621585	-0.0237729909	-0.0869633921	0.0	-0.0503135164847066	-0.0031410684464674	9.866310985393746e-06	0.0025314499410568	-0.0856418837991412	-0.0295738365187503	0.0008746118064377	0.0073345322606656	-0.5422832941460243	-0.0665843535627885	0.2940711711098634	0.0044334761393744	0.006348014639293	0.0007451280853974	4.029728986067824e-05	5.552158636479956e-07	0.0044897329433561	0.0005498302774566	3.02313334008111e-07	2.0157701902657023e-05	0.0022582844270838	-0.0003687118780639	5.099848553609207e-06	1.3594844902540832e-07
375.7801239761809	0.5009198928815977	141210.7015755539	0.2509207390845113	367.5493434310874	-2.489556002799816	6.197889091076597	135092.5198566234	253.81140020465065	-0.063280235637336	64420.226873845335	0.0040043882223167	266.7268006973344	432.83247824097	1.151042	32.005363	0.1561998576120491	0.0683946127272325	-0.062715804	-0.0172574766	-0.1030542201	-0.0424481771	-0.083186659	0.1584244389	-0.0103802024	-0.0521492954	0.0886321375	-0.0082364998	0.1168627935	-0.0378911484	-0.0090622565	-0.043502651	-0.0427300116	-0.0483985054	0.0547757993	0.0523314586	0.1121195132	-0.0572730366	-0.0087973996	0.0820848119	0.0090049551	-0.0793908231	0.0532610614	0.0321473715	0.1425841383	-0.0984623563	0.0817516723	-0.0742618341	0.0065231917	-0.0888254353	-0.0752856407	0.0799340876	0.0023756992	-0.1024996215	0.0484913518	0.02331004	0.1095014358	0.0687301416	-0.0640892312	4.69346e-05	-0.0459963542	0.0274589786	0.0147031559	0.1278024355	-0.078230217	0.0318444866	0.0562182259	-0.0641945462	-0.0033055513	0.0120369173	0.0345233246	-0.058602639	0.0401885303	0.0784216451	-0.0097329743	-0.000210781	0.0151563867	-0.0272045509	0.0383263656	-0.1040553449	-0.027452471	-0.051642306	-0.0001119229	-0.0056245974	0.0413317078	0.0532050968	0.0314387073	-0.0025870744	0.0268494152	0.0005953095	-0.0150735069	0.001703595	-0.06787418	0.0398366176	-0.0355586601	-0.0218297238	-0.100724572	0.0410044115	-0.092902548	-0.0436221855	0.064197571	0.0549511238	0.0316483727	0.1162814699	0.1409096439	-9.34874e-05	0.0559059115	0.065493239	0.016920472	0.00562054	-0.1861911567	0.0278866646	0.1428949598	-0.0522096823	-0.0134780293	-0.1038060663	-0.0347864084	0.0020072443	-0.0105325341	-0.0922645544	-0.0414194672	-0.0206359535	-0.0977009522	0.0183850954	-0.0368313987	0.0468040539	-0.0257208105	0.0046873969	-0.0122077787	0.1235035759	0.0628219848	0.1140290103	0.0899103407	-0.0502662751	0.0616190307	0.0757410194	0.0265344012	0.0673666118	0.0324552822	0.0519799226	0.1097382481	0.0310230084	0.0724463232	0.0083411632	0.0190274764	-0.0253941823	0.0983900876	-0.0074290972	0.0173296174	-0.0422414561	-0.069022211	-0.0686809857	-0.0355083451	0.0919544396	-0.0738051499	0.0143850792	-0.0530173514	-0.0027186055	0.0136854939	0.0235962682	-0.0795476923	-0.0255442218	-0.0538791973	0.0131167393	0.0295562212	0.0023881452	0.0685161804	0.1087495511	-0.0887396608	-0.0510240473	-0.0483301501	-0.0937975218	-0.0043802778	0.0223651326	-0.0023806077	-0.0001465934	-0.0935825838	0.0029688532	-0.0729914473	0.0166637946	-0.0141769421	-0.0525423286	-0.0309015236	0.1633002462	0.0327348417	-0.0126834375	0.0235232419	0.1947328276	-0.106655555	0.0744229068	0.0350919716	-0.1177777376	0.0091966026	-0.032884424	0.1101167976	-0.0184305403	0.1451168291	-0.0011068041	0.1336148177	-0.0232721587	0.0407479634	0.0168871152	-0.0544636883	0.093474545	-0.1180053038	0.0590660373	-0.0659641863	0.0504549795	-0.0999141664	-0.0058648632	0.0059697771	-0.0160963715	0.0563609818	-0.0015493927	-0.0664923521	-0.1123346092	-0.0060079362	-0.0906887116	0.0179201505	0.0883348501	-0.0295231785	-0.0844568986	0.0	-0.0682232049600912	-0.0179096884753846	0.0003207569412853	0.0046544056950266	-0.0527612305249931	0.0328806532741481	0.0010811373597347	0.0027837474465114	-0.5133809173197079	0.0289023768263163	0.2635599662680248	0.0008353473862103	0.0055871518999484	-0.0007608627393446	3.1216266353097016e-05	5.789121081229694e-07	0.0048879128810095	0.0003981799376534	1.585472627496659e-07	2.389169233233859e-05	0.0026293845308098	0.000371100103726	6.913663010861872e-06	1.3771528698544802e-07
375.2596831794327	-0.5204407967481757	140819.8298199282	0.2708586229198759	368.12926697792	0.5799235468326174	0.3363113201709229	135519.1572057007	253.7475548066384	-0.0638453980122619	64387.82157034795	0.0040762348473441	266.9326246079054	426.71678173349096	1.277552	35.523041	0.2274581377918919	0.1542009249862579	-0.0329452398	-0.1132091856	-0.0998985964	-0.0812929416	-0.0173135892	-0.1530406416	0.0905081629	-0.0498735314	0.0311784563	0.0244848807	0.0700392159	-0.0471623512	-0.0371418202	0.0254072259	0.0135016459	-0.0346340662	-0.0124281949	0.0482742882	-0.0189008351	0.0499644079	-0.0109968297	0.001080744	0.0293826351	-0.1715877986	-0.0176056582	0.0197762309	0.0535136371	-0.0012630804	0.0201885376	-0.0573917733	0.0172261596	0.024096405	-0.1268727788	0.0347207006	0.0137688869	0.0743723827	-0.0523719801	-0.0272928276	-0.0013323772	-0.0881261983	0.0031687379	-0.0535812014	-0.0520383061	0.086913486	-0.0188710277	-0.0159445043	-0.0563910763	-0.0909877871	0.0302023696	0.0054422758	0.0525726334	-0.0647061819	0.0624310293	-0.0879533599	-0.0421000177	0.0181549624	-0.1089929855	-0.074500679	-0.0465873046	0.1214685828	-0.0086205076	0.0784647185	-0.0241349995	0.0737679468	0.0824216761	0.0403106807	0.1228333597	-0.0041237637	0.0890770019	-0.0064756879	0.0448727456	0.0316343123	0.0519066254	-0.0526431555	-0.0019677793	0.0432877555	0.0892554316	-0.0140279875	-0.0115087349	0.0149316391	0.0369322436	0.0149314033	0.0831353117	0.0691717448	0.0168356208	-0.0829984954	-0.0505342075	-0.0891833889	-0.0960164701	0.0666884559	0.0401408759	-0.0186232743	-0.0373288116	-0.0918469807	0.0736338182	-0.0275619477	0.0233151529	0.1114792961	-0.0026827078	0.0726464464	0.070512579	-0.0425559159	-0.0554339134	-0.0538778076	-0.0056876975	0.0585050544	-0.0412364039	0.1052034041	0.0489545116	-0.0189813813	-0.0201109299	0.0147482635	-0.0059746543	-0.0967639112	0.0514816255	0.0318705288	-0.062357286	0.0189267726	0.0355158041	0.1057733553	0.0077027391	0.0210508057	0.0301831213	0.0660467237	0.0631035363	0.0658473721	-0.1270438577	-0.1004843227	-0.0431605814	0.0020237816	0.0143140314	0.018818384	0.047241488	-0.0478250359	-0.0785902359	-0.0275199657	0.026503045	-0.0551175873	-0.040921311	0.0053700656	-0.0992121188	0.0372406208	0.0101818593	0.0050147631	0.0424742217	-0.0170082902	0.0343715875	-0.0746788863	0.0250751675	0.0792834633	-0.0562297407	0.0905658045	0.0043276568	0.0448871823	-0.0369075767	-0.0785034543	0.0718444397	0.0453909613	0.0344371093	-0.0598408529	-0.0816029209	-0.0114110098	0.1303566276	0.1107314417	-0.0441441484	0.0108405349	0.0250139927	0.1678828245	0.1586999612	-0.0241373743	0.077127342	-0.0053015328	-0.140801638	0.0196318519	-0.0482922272	-0.0642582536	0.1362494374	-0.0039431376	-0.0007279817	-0.0150470293	-0.1272657746	-0.0570770311	0.0322997469	0.0258276284	0.1251875542	-0.1076825412	0.0228187959	0.0476522789	0.0383945803	0.0077052575	-0.0910853794	-0.0297154653	-0.0628958155	-0.1282799274	0.0673978889	-0.0411354346	0.059637774	0.0862428755	-0.0072072393	-0.0903422016	0.0214427666	0.0869633921	-0.0351458834	-0.081425336	0.0	-0.0503742670253331	0.0178489379347581	0.0003185845853988	0.0025375667783395	-0.0622446088586343	-0.0094833783336412	8.993446461897545e-05	0.0038743913319643	-0.5775302600122956	-0.0641493426925876	0.3335412012298697	0.004115138167891	0.0082100448136646	0.0026228929137162	6.7404835842381e-05	6.879567236822662e-06	0.0049331184641394	4.520558312989982e-05	2.043544746114283e-09	2.433565778123307e-05	0.0026808156105818	5.143107977199999e-05	7.186772337939069e-06	2.6451559665138267e-09
376.17018753022177	0.91050435078904	141504.0099865222	0.8290181728057713	370.73852589795047	2.60925892003047	6.808232111758575	137447.05458498528	254.25169955797432	0.5041447513359287	64643.92672811844	0.2541619302995654	267.59987041149583	429.9385523186835	0.993482	27.624321	0.0681914776498281	0.0502657636884803	-0.0237040188	-0.0752634389	-0.0442797498	-0.1092265399	0.0172478492	-0.0684300887	0.0645025337	0.0655929336	0.0065044997	-0.031025506	-0.0552001258	-0.14764269	-0.0970461882	-0.0060020924	0.146588874	-0.0410637751	-0.0621575539	-0.1169809525	0.1228117908	0.1529520409	0.0077752003	-0.0484451724	0.0326820468	-0.0634153905	0.0395625189	0.0132698187	-0.0198719869	-0.0711076758	-0.0388981497	-0.1991115855	-0.0230775449	0.0780796259	-0.0454341113	0.0029641469	0.0135626131	-0.030548994	-0.0388249347	-0.0192475276	-0.0030394253	-0.1294614205	0.1071914651	-0.0139722435	0.0272979057	0.0972987679	-0.0156754193	0.0249615922	-0.0835340085	0.08112094	0.0435980577	-0.0208836116	-0.0324054769	0.086420737	-0.0297674274	0.0668570679	0.0620874299	-0.0547876922	-0.0024338918	0.0337232868	0.0058113615	-0.0582453084	0.0346404488	0.0858897745	-0.0298815441	0.0795068382	-0.1229307566	0.0576659262	0.0604822611	-0.0574025284	-0.0910427585	-0.0030507225	0.0753075434	-0.0180677437	0.0644286522	-0.0213805598	0.0881534789	-0.0544376403	0.0783101455	0.0189346524	-0.0152717487	-0.0114329186	0.1263883649	0.0444561097	-0.0383020776	-0.1022692296	0.0236548506	0.0094099239	-0.0931715203	0.0391169499	0.0254871378	0.0544199525	0.0767366023	-0.0834993825	0.0178677141	-0.0190267278	-0.0101141093	-0.0608278535	0.0030333486	-0.0330895757	0.0161823453	-0.0085403002	0.0188013473	0.0786601049	-0.067764461	-0.0034307878	0.0638745865	-0.0160156558	-0.1219799817	0.0653526977	0.2384604171	0.0458008288	-0.0544944648	0.0694129182	0.1313011027	-0.0871101433	-0.0305360701	0.1373576928	-0.0309099697	-0.0741023525	0.0630390546	0.1273530055	0.0415880992	0.0338050115	0.0057403734	0.016359375	-0.0162573297	-0.0154182823	-0.0449157318	0.0298812939	-0.0380328371	-0.0524532118	-0.0449675722	-0.0092972516	-0.0384736013	0.0397664662	-0.0855901252	-0.0330567641	0.0284616933	0.1078238607	0.0359449398	-0.055638921	0.0195841724	0.0114939079	-0.0286167246	-0.0906603456	0.0076384896	-0.1317026723	0.0905960214	-0.0945206186	-0.0905617901	-0.0552412286	0.016506589	0.0564559275	-0.0452139863	-0.0417072858	0.1014442131	-7.07453e-05	0.0084853377	-0.0394018758	0.0350713254	0.0256579433	0.0213123463	-0.0296821635	0.0063863925	0.1070838811	-0.0234587839	0.057812569	-0.0661703186	0.001747889	-0.0720290987	-0.0379769023	0.0746764187	-0.0167130208	-0.015535993	0.0177869502	-0.0390393816	-0.0361846441	0.0278825776	-0.0399628204	0.0083344626	-0.0838924202	-0.0446076613	-0.1237721382	0.0173664775	0.0105819249	0.045432449	-0.0164543991	-0.0136608417	0.0457037857	-0.1037317002	-0.0570949857	-0.0121099298	0.0585866076	-0.1018839984	-0.1518019255	0.0128822206	-0.1203756789	-0.1933067639	0.0117994331	-0.008405297	-0.0899332563	0.0249320423	0.0853515751	-0.0406168267	-0.0778875515	0.0	-0.0588818837107965	-0.0085076166854634	7.237954166677531e-05	0.0034670762293317	-0.0648170816346151	-0.0025724727759807	6.617616183162326e-06	0.0042012540716283	-0.5756563734115616	0.0018738866007339	0.3313802602493512	3.5114509924102526e-06	0.0072481065589067	-0.0009619382547579	5.253504868926633e-05	9.253252059666752e-07	0.0050010409696548	6.792250551540015e-05	4.613466755489563e-09	2.5010410780165823e-05	0.0026059263391021	-7.488927147970012e-05	6.790852084826072e-06	5.6084029827602275e-09
377.4606637102703	1.290476180048529	142476.55264859778	1.6653287712726432	373.78832947323696	3.0498035752864894	9.301301847830253	139717.71525039314	254.36537287452003	0.1136733165457144	64701.74291759361	0.0129216228945021	267.5515793422045	438.0683749847152	1.109306	30.844887	0.1263178947322794	0.067024897229088	-0.0421122234	0.0013349675	-0.0551079966	-0.1722577779	0.1116717343	0.0485786817	-0.1245026356	0.1257749525	-0.078584737	-0.0009581443	0.1782653137	-0.0532755001	-0.1153105921	-0.0825233637	0.0946526455	0.0754873507	-0.0997469702	-0.0472500531	0.0644300004	0.0936397896	0.0860274252	-0.052970523	0.0690835299	0.0641161681	-0.0276281699	0.0147845007	0.0850537506	-0.0550135583	0.055905962	-0.0785313766	-0.0354070491	0.0207973109	0.01884577	0.0596675762	-0.0369447488	-0.1259755145	-0.028434782	-0.0658557797	0.0153913826	-0.0236255923	-0.0502525534	-0.0497652163	-0.0572173617	0.0438122335	0.0390749619	-0.0404321848	0.0512154199	0.0547261635	0.0588781923	-0.0042999379	-0.0851553337	-0.1279056941	-0.0433966706	-0.0897575256	0.017972129	-0.0462431653	0.0447901307	0.13522632	-0.0908711245	0.040958747	0.0486276209	0.0171848447	0.0737583422	0.0266888397	-0.0280161337	0.0345772205	0.0405433184	-0.0250688008	-0.1130807767	0.0330068586	0.0967782779	-0.0235472119	0.0601107001	0.0632482717	0.0722086547	0.0400339512	0.1151386058	-0.0019495005	0.0434148735	0.0331048343	0.0202745931	-0.0494899034	-0.1092454003	0.0038125013	-0.0504350937	0.0404242731	0.0380670853	-0.0474175842	-0.0069803383	0.0293811772	-0.0296180855	0.0976672809	0.0971706712	0.0662290171	-0.0901995929	-0.1076739752	0.0054732565	0.010399011	-0.061938898	-0.0625028329	-0.1479438462	0.0712858369	0.1241839576	-0.0077319332	-0.048224586	0.1608802385	-0.0150294021	-0.0002884706	0.0246800072	0.0600128218	-0.055808482	0.1277295141	-0.0125437109	0.0015681166	-0.0439423541	0.0981707432	0.0169157654	0.0185892632	-0.0252444305	0.0503966895	0.1162181923	0.0031009758	-0.0462552997	-0.0438732727	0.0018124735	-0.0152020041	-0.0395952257	-0.0535477421	0.0269648936	-0.1085072138	0.0612807693	0.060204334	-0.0462666748	0.1426711279	0.0524090955	-0.0691884844	0.0097769748	-0.0537385402	0.0750771934	0.0074485792	-0.0663345254	-0.0576071595	-0.1179124678	-0.1146544047	0.0684892698	-0.1004709397	-0.0416397985	-0.1144216322	0.0118807995	-0.005292487	0.0402869926	0.1459889407	-0.0283213199	0.0127270628	0.0052163599	-0.0245913251	-0.0272319865	-0.0039381909	-0.0234219573	-0.0990652688	0.0373160094	-0.0631964242	-0.0230107194	-0.0390315577	-0.1064013301	-0.0061723193	0.0600799189	0.0699879536	0.012898085	0.0121955993	-0.01583267	-0.0111948465	0.1031605635	-0.0239353048	-0.0376275205	-0.0147658593	-0.0068659184	0.026992521	0.1463013239	-0.0413192534	-0.0537644022	0.0421891689	0.0414008748	-0.0459388533	0.0259115304	-0.1207120527	-0.0782017896	0.0816373793	-0.1265259031	0.0735571886	0.0007821836	0.0800913512	-0.0938062783	-0.0292781349	-0.0885820086	-0.0047277332	-0.0424176484	0.0759860909	-0.0096019025	-0.0894621585	0.0283825523	0.0835038541	-0.0459123846	-0.0738655397	0.0	-0.0644155961873877	-0.0055337124765911	3.062197377358104e-05	0.0041493690321765	-0.0560166221190456	0.0088004595155694	7.744808768517765e-05	0.0031378619536279	-0.5218380803697329	0.0538182930418287	0.2723149821239678	0.0028964086659361	0.0067429709290644	-0.0005051356298423	4.5467656950207616e-05	2.551620045361773e-07	0.0054690249668942	0.0004679839972394	2.190090216721671e-07	2.991023408851211e-05	0.0027961153059862	0.0001901889668841	7.818260804370301e-06	3.617184312444133e-08
376.5258158984462	-0.9348478118241133	141771.6900379906	0.8739404312723327	371.13515177773087	-2.653177695506088	7.039351883930994	137741.30088507934	254.24354701396848	-0.1218258605515529	64639.781198244	0.0148415402991264	267.42117624086103	436.7988633743949	1.170645	32.550426	0.2296372495250357	0.1301432373914245	-0.0126622159	-0.0377233998	-0.1224882479	-0.0688121432	0.2111381614	-0.075508851	-0.0356202409	-0.0657660394	-0.1251647234	0.0058582538	0.0541657916	-0.0208338655	0.1866273355	0.0395258892	0.0033300502	-0.0184533425	-0.0827614437	0.1166545965	0.1140021031	0.0282188473	-0.0495200625	-0.0200748516	0.1482190767	-0.0121804874	0.0005481249	0.0509888096	0.0013803046	-0.0194137102	0.0040105857	-0.0385302608	-0.0186863557	-0.0165358639	0.021626527	-0.0620319548	0.03044354	-0.011835595	-0.0542890443	-0.1160884553	-0.1177051235	-0.0602618365	-0.0266832212	-0.0068435816	0.0861468928	-0.0677340251	-0.0154558494	0.1096489663	0.0154580396	-0.0525664454	0.0187105389	0.021951673	0.0866334518	0.0266454784	0.0597940368	-0.0559343711	0.0660174866	-0.0911053927	-0.0356962787	-0.077337443	-0.0223830649	-0.023244149	0.0072612731	-0.0252437429	-0.0656130628	0.0308291063	0.0120999661	0.0017456262	-0.0179955244	0.0739712428	-0.0477827999	-0.0087251613	-0.0194081899	0.0437819892	0.062953594	0.1071240883	-0.0144603755	-0.0697902083	0.0230379046	-0.03450806	0.0256136219	0.0141372569	0.0386389208	0.0146043848	-0.0399689269	-0.0665563154	-0.0730139096	-0.0082770364	-0.0108371475	-0.0916380157	-0.0150950323	0.0493152431	-0.1340881295	-0.0492557482	-0.0367660146	0.0138553462	0.0134010713	-0.0499841114	0.0157993	0.0315594383	0.0173716853	-0.0609449896	0.0035327339	-0.0523054352	0.1344963339	0.0447274336	-0.1274284404	-0.0605271515	-0.0211748674	-0.0328429376	0.0741083695	0.0002362371	-0.049854482	0.0047070753	-0.0173151802	-0.2114353694	0.0008506801	0.0064059783	-0.0362094667	0.0327978176	-0.0393403641	0.062823192	-0.0622502862	0.0501664942	0.0993354364	0.1023537542	0.0169301199	0.0160306001	0.0105970496	0.0155820957	-0.0567029862	0.0290850005	-0.0570826137	-0.0609764913	0.1409906348	-0.0077770681	0.0375344815	0.0604894576	-0.0208446104	-0.0473084538	0.0611631085	-0.0324989174	-0.0088535649	-0.0096003609	0.0489718571	-0.069959004	0.1235471461	-0.047853253	0.1033330809	0.0724972394	0.0309094509	0.0113923378	0.0105467177	0.0365095798	-0.0460608832	0.0331604803	0.0027289535	-0.0908455782	-0.0575595744	-0.0114283178	0.017446686	-0.0001167416	0.0042529858	-0.0695773113	-0.0133155884	0.0316073359	-0.0078232934	-0.1147165635	0.0620140137	-0.0233400404	0.0210919448	0.0534968583	-0.0052370294	-0.0737419275	-0.0724095928	-0.0775666618	-0.0444781928	-0.0474806326	0.0400610536	0.0706960573	-0.0127247598	-0.1494007554	0.0223276064	-0.0473506838	-0.1097296727	-0.0953181636	0.1170251894	-0.0347467616	-0.0128313272	0.1405136791	-0.0042258721	0.0047463992	0.0321774565	-0.0239677872	-0.1164255712	-0.1033716806	0.0209487787	0.0127289383	-0.0514479776	0.0843390094	-0.010796849	-0.0889292336	0.0317889315	0.081425336	-0.0510096905	-0.0693843053	0.0	-0.0503285089219645	0.0140870872654231	0.0001984460276236	0.0025329588103082	-0.0418499561331486	0.014166665985897	0.0002006944251559	0.0017514188283464	-0.5856792830197435	-0.0638412026500105	0.3430202225585207	0.0040756991557997	0.0087130995060359	0.0019701285769714	7.591810300208303e-05	3.881406609799744e-06	0.0046938189100722	-0.000775206056822	6.00944430533515e-07	2.203193596055137e-05	0.0028016265446668	5.511238680600168e-06	7.849111295781634e-06	3.037375179454348e-11
375.7328991456976	-0.7929167527485674	141175.21150043097	0.6287169767893328	371.1175783552477	-0.0175734224831671	0.0003088251777718	137728.25696426342	254.09256612761948	-0.1509808863490036	64563.03216131868	0.0227952280427307	267.22279416994746	434.0412408887223	1.080762	30.051182	0.0747970980929273	0.0368050708310354	-0.0417150029	-0.0933687286	-0.1020682735	-0.0394076339	0.1228637014	0.0283894736	-0.0057042993	-0.0926033002	-0.0644185485	-0.1042869813	-0.0678226996	-0.017567672	0.0587375438	-0.090693354	0.0178911058	0.0226400678	-0.0018854212	0.086266846	0.0178749872	-0.0150423944	0.0604302906	0.0252204361	0.0562765615	0.0057363847	0.0031041986	0.0177039509	0.1067364632	0.0018094014	-0.0512444956	0.0264700047	0.0023337364	0.0026919382	-0.0780030262	-0.0351497974	0.0303770733	-0.084101828	0.0540243068	0.0038177348	0.0616397074	0.0353792462	-0.0128367569	0.0836729177	-0.0236015965	0.0624321639	-0.0307232499	0.0594735534	-0.0678784614	0.0416770534	0.1743586673	-0.0157389806	0.0469056124	0.1212373841	-0.1343162483	0.0506713085	-0.0342690755	-0.0084827764	0.0441555052	-0.0132340964	0.0206340252	-0.0524316287	0.0336831482	-0.0653435332	0.0274822316	0.0501969926	0.0947301784	0.0364201373	-0.0181638626	-0.0373437576	0.0605675952	-0.0161493902	-0.014238622	0.0068102966	0.0117884845	-0.0488225961	-0.0297654336	0.0186564926	-0.0350128889	0.0127291077	0.0087970716	0.1427591758	-0.0472728167	0.0233719071	0.0865507794	-0.0215805891	-0.0795836521	0.0917214449	-0.04519217	-0.0073620676	-0.1354057302	0.0264579066	-0.0372612642	-0.0085730456	0.0636758029	-0.0230998899	-0.1771257607	0.0228878469	0.019460745	0.005154631	0.0394557757	-0.116543277	-0.0285413931	-0.0310821855	0.0572877172	-0.0875749555	-0.114995722	-0.0868696882	-0.0536086876	0.0384963323	0.0974846827	-0.0184629	0.102698481	-0.0086542697	-0.0145027596	0.0062200777	0.0335536671	0.0525149566	-0.0595404626	-0.0663094792	0.0405473533	-0.052578214	-0.0412915527	0.0506101996	0.0909071961	0.0254004976	0.0243012286	0.0026439196	0.0450289776	0.0081585099	-0.0160588863	-0.0341148481	-0.0080644217	0.0783495262	-0.0322430064	0.0076218265	0.044828957	0.0375156934	-0.1017923818	0.0317669313	-0.1176060684	0.0720781774	-0.0197329246	-0.1718915422	0.0949825889	0.0474848261	-0.0262190033	-0.0367772769	-0.006386681	0.0133856932	0.0366167321	-0.0961101097	-0.0039841308	-0.042161697	-0.073371489	0.0179381329	-0.0158405971	0.0306341363	0.0382256519	-0.0668332163	-0.0840125636	0.0377307285	-0.0848480512	-0.0041578505	-0.0122824746	-0.0630837683	0.012709288	-0.0667612571	-0.0548864858	-0.0483200814	-0.0212134998	-0.0379074764	0.1157281346	-0.0444812559	0.0011092685	0.0043161969	-0.0817420896	-0.0856276756	0.0632536376	0.0888826268	0.1159017043	-0.0431054464	0.0395952907	-0.00050914	0.0216107716	-0.1353948458	0.1203599544	-0.002886514	0.1263807175	0.0641842045	-0.1082554714	-0.0425835535	-0.0203278874	-0.1377004201	-0.0343203973	-0.0470263827	-0.0038354112	-0.0215662124	0.0375088498	0.0259007725	-0.0119899299	-0.0883348501	0.0351458834	0.0791217655	-0.055886734	-0.0644717082	0.0	-0.0613382769460457	-0.0110097680240811	0.000121214991944	0.0037623842187098	-0.0302396027876739	0.0116103533454746	0.0001348003048067	0.0009144335767562	-0.5927384015163	-0.0070591184965564	0.3513388126320984	4.9831153948426006e-05	0.008612230577556	-0.0001008689284798	7.417051552099055e-05	1.017454073268305e-08	0.0052846038373735	0.0005907849273013	3.490268303264029e-07	2.7927037717982724e-05	0.0030123298534219	0.0002107033087551	9.074131145816806e-06	4.439588432034703e-08
375.7594019917013	0.026502846003666	141195.12818516095	0.000702400846294	368.9643710787644	-2.1532072764833288	4.636301575500754	136134.70712554813	254.0119888408125	-0.0805772868069709	64522.09047486506	0.0064926991491728	267.1975145814061	428.0032716069555	1.157222	32.177197	0.1672525350592714	0.0803894403203362	-0.020665165	-0.1226888547	-0.1862808487	-0.0117927341	0.0694340308	-0.1400537019	0.0756039748	-0.1197832143	0.0183082472	0.0200323685	0.1318167461	0.0278874177	0.0093915737	-0.0311421073	0.0667751564	0.0055778816	0.1178402011	0.0330212918	0.0885255664	-0.0430590984	0.0484910972	0.0407339605	0.0905922215	-0.1268519646	-0.0969839298	0.0002609096	0.0723968528	-0.0645923166	0.0753201782	0.0548379868	-0.0640579065	0.0269274806	0.0410057838	0.0074870939	-0.0867872283	-0.0511223736	-0.0272496612	-0.083055366	-0.0230902018	0.0786230336	-0.0027012031	0.0471487758	0.0186557365	0.0334975122	-0.088568433	-0.0576478199	0.0037500634	-0.0420694691	-0.0734919007	0.0293819696	0.0573895021	0.1060410122	-0.0397338243	0.0400404884	0.0677636917	-0.0369793256	-0.0542830119	0.0081333764	0.0677870567	-0.0357625769	-0.1303364917	-0.0796429637	-0.0626038111	-0.1258155418	-0.0356757199	-0.0756977515	0.0491668212	-0.0065320386	0.062512785	-0.0197572223	-0.0584168675	-0.0825760363	-0.0770183464	0.0347221086	0.0240056003	0.1029908653	-0.0665098146	-0.1011858943	0.1323258671	-0.0193364861	-0.023833227	-0.0020684843	0.0133527744	-0.1017888064	-0.0741743785	-0.0847514921	-0.0270831366	0.0078081405	0.0065874722	0.0150485663	0.0992750764	-0.1718831947	0.0912238824	-0.0717708114	-0.0087958089	-0.0371453243	0.0145141735	0.0482306382	-0.0397507591	-0.0243108758	0.0864167867	-0.0978074399	0.0402004813	-0.0534347645	-0.0814687875	0.039491171	0.0313816988	0.1417623041	-0.0127406421	-0.0951514959	-0.014615004	0.0580064891	0.1059964439	0.0189360875	-0.0033049059	-0.0520292005	-0.0799791645	-0.1016433066	-0.0195119559	-0.0495673234	0.0113016285	0.0775487125	-0.0325541154	0.0367505658	-0.0865713761	0.082670747	0.1105320852	0.0015693025	-0.0685659085	0.0162003415	0.0194308256	0.0643816069	0.0354628233	-0.0054121141	0.1474412843	0.0469233096	-0.098451905	0.0816976053	-0.005520035	-0.0814042275	0.0067277581	0.0776504151	-0.0753598356	-0.0066710362	-0.025441989	-0.038177326	-0.0042063296	0.0230980624	0.1061491398	-0.0784778043	-0.0256670145	-0.0782757037	-0.0713640011	-0.0117019043	0.0114704457	0.0514730875	0.0838884041	0.0783902785	0.0354162496	0.0421051129	0.0261778268	-0.1023187189	0.0308928394	0.0620150857	0.0688282273	-0.00498406	0.0479227316	-0.0088821378	-0.0263827739	-0.1154629796	0.019110046	-0.0653245676	0.0660647629	0.0577078369	-0.0775032463	-0.0888083509	0.1484391267	0.0705894534	-0.0500971526	-0.0784994396	-0.0545494842	-0.0466720122	-0.1076211737	-0.0213612794	0.156472704	0.0076092573	0.0003904804	-0.0632054325	-0.0123002891	0.1034824559	-0.0690727828	-0.0251676026	-0.0182988752	-0.0386066749	-0.0092008109	-0.0664298854	0.0932726846	-0.0310570555	-0.0131809392	-0.0876794186	0.0384481886	0.0765995097	-0.0605224558	-0.0591582902	0.0	-0.0399092244590804	0.0214290524869653	0.0004592042904891	0.0015927461969252	-0.069459460563138	-0.039219857775464	0.0015381972439276	0.0048246166617221	-0.623462434826692	-0.0307240333103919	0.3887054076400271	0.000943966222858	0.0096661442915708	0.0010539137140148	9.343434546546675e-05	1.1107341165884707e-06	0.0050003334024286	-0.0002842704349449	8.080968018376267e-08	2.500333413544318e-05	0.0028329221726526	-0.0001794076807693	8.025448036306728e-06	3.2187115919019143e-08
376.0902872696864	0.3308852779851463	141443.90417859526	0.1094850671873075	369.75079755466	0.7864264758956097	0.6184666019895879	136715.65229230715	253.90787478517896	-0.1041140556335449	64469.20887792612	0.0108397365804648	267.47513819111737	431.16587186793856	1.078999	30.002174	0.1414409102778117	0.0735389745319653	-0.0179688158	-0.0894346896	-0.1190071097	-0.1060181302	-0.0360972306	-0.0674687141	0.0806510221	-0.0417105899	-0.0199267976	-0.0279747211	0.0438314184	-0.0974346665	0.005739665	-0.0620256953	-0.0158773596	0.0385214964	-0.0171767518	0.0337367229	-0.092520677	-0.0418850662	-0.0299005662	0.0063825739	0.0093600043	-0.1329597596	-0.0545770323	0.0194037611	0.0270582055	-0.0106231662	0.0730959707	-0.0102508268	0.0109588276	-0.0133980301	-0.024089423	-0.0397916345	0.0805477	-0.0980183071	-0.0181469897	0.0766153333	-0.0190399002	0.0179885416	0.0362886698	-0.0109922472	-0.1166940481	-0.0351409901	-0.0163485362	0.0376987863	-0.0835454648	-0.0627888786	-0.0570047908	0.0555560033	0.0176063069	0.0169093556	-0.0077846164	-0.0918956358	0.0260550273	-0.0443886579	0.0018468495	0.0161323564	0.1303778313	0.0172564769	-0.0168066014	-0.1039910313	0.0049063339	-0.0189631028	-0.0028466406	-0.0754962836	-0.0432218495	-0.0650937509	-0.0055540151	-0.0645099236	-0.0438689607	-0.1123622803	0.0177007963	-0.1681910094	-0.0240062716	0.0411514296	0.0480623217	-0.0008535163	0.0622409272	-0.0637501632	-0.0645078476	-0.0452879592	-0.1235459579	-0.0022183691	0.0317910825	0.0793461162	-0.0645568905	-0.0503462204	-0.0052022482	-0.0691537684	-0.0373862102	0.0156284496	0.0465048887	-0.0839450604	0.0219699392	-0.0242090351	-0.0472079953	-0.0478745223	0.0319426269	-0.021762528	0.0984441347	-0.0321638204	-0.0230361731	-0.0300454631	-0.1075469751	0.0331537769	-0.0292411226	0.0393089379	0.108178846	-0.0279111881	0.0883537106	0.048480135	-0.0957642802	0.0151886019	0.0387592704	-0.1038514468	-0.0559819566	0.0511825866	0.0415075746	0.0159249626	0.0621962468	0.0705398956	-0.0265777403	0.0218782044	-0.0066357369	0.0012398338	0.0219937133	-0.0022429441	0.060419337	-0.0857477724	-0.0355351728	-0.0893053506	0.0223962666	-0.0386429552	0.0134260689	-0.036670357	-0.0614423947	0.0641193124	0.0108784802	-0.0380930338	-0.0369167068	0.0250309483	-0.0398619051	0.0342788333	-0.0248351596	0.0708295821	-0.0060699808	-0.0431078638	0.0438039718	-0.005600439	-0.0892767237	-0.0158194231	0.0031289351	-0.0565024738	-0.1038022267	0.1246253427	0.0291364148	-0.0617055318	0.0425553805	-0.1338843342	0.0651213086	-0.0230110777	0.0164502322	0.0838960855	0.0154632253	0.0163773997	0.0651537009	0.1041584152	0.0137730895	-0.0285467946	-0.029483564	-0.0033392273	0.0542920888	-0.0675789365	-0.0835128965	-0.0762877833	0.1215584058	-0.0353767981	0.0175041145	-0.0352475292	0.1259551052	-0.0963120357	0.1099809131	-0.03122522	0.1753852904	-0.0188530224	-0.0042794307	0.0399753836	0.0165748307	0.0125763143	0.0065375768	-0.0513585531	-0.0053786247	-0.0165750575	0.0122883506	0.0315871902	0.1078954921	0.0654687699	-0.0143696711	-0.0869633921	0.0416907124	0.0738655397	-0.0648968387	-0.0534770846	0.0	-0.0571727412172435	-0.0172635167581631	0.0002980290108593	0.0032687223382938	-0.0293184422774714	0.0401410182856665	0.0016113013490102	0.0008595710575774	-0.6093237677308849	0.014138667095807	0.3712754539217614	0.000199901907246	0.0086080215509358	-0.001058122740635	7.409803502137516e-05	1.1196237342489258e-06	0.005262157976323	0.0002618245738943	6.855210749498401e-08	2.769030656777977e-05	0.0029109290208867	7.800684823409997e-05	8.473507764640401e-06	6.085068371417905e-09
374.6267325066898	-1.4635547629966368	140345.18870863892	2.141992544290141	368.788841149996	-0.9619564046639651	0.9253601244740224	136005.209356757	253.6880025666608	-0.2198722185181623	64357.602646262094	0.0483437924760985	266.8676625891316	427.06521246867857	1.03665	28.824636	0.1259403360247109	0.0578133233797289	-0.0210600616	-0.0969904462	-0.0979452814	-0.006986869	-0.0088235356	-0.1224926318	0.0795336216	0.0117204371	0.0019642397	0.036263994	0.0488291893	0.0099443726	0.090995963	-0.0549745026	0.06101241	-0.0608215895	-0.0662004894	0.0218975839	-0.0393777171	0.0208146739	0.0784182167	0.0162755638	0.0637000856	-0.1736080172	-0.0668667911	-0.0459472621	-0.0114222045	0.0950170906	0.0688752309	0.0672726041	-0.0150296226	-0.086259861	0.0321557175	-0.1385415374	-0.0044375517	0.0057267095	-0.0478755871	0.0107925769	-0.0546987022	-0.025165013	-0.0021235745	0.0100677185	0.0807440326	0.0403584203	-0.0280817614	-0.0693036361	0.0146390284	-0.035967969	-0.0528387355	-0.0319705789	0.0690224466	-0.0977736436	-0.0600438586	0.0226197201	-0.111804278	-0.0443318461	-0.0559032479	-0.0138918189	-0.0139470855	-0.0211838783	0.0077002532	0.0132967755	0.0361751912	0.0301236003	-0.0587031921	0.0309794715	-0.0306355542	-0.0058313048	-0.0426756854	-0.0460775888	0.0204661138	-0.0065910218	-0.0178153539	0.0436478859	0.0540207407	0.0667566131	-0.0626935605	-0.0470382193	-0.0104684578	0.0456328737	-0.0538598541	-0.0973562331	0.0708949564	-0.0233795585	-0.0148411739	0.0386370425	0.07735436	-0.0300712296	0.0170977891	-0.0166245363	0.1591288866	0.0170621332	-0.022187009	0.0404255173	0.0228676973	0.0570646457	0.003071014	0.0393143833	0.0397749503	-0.1261140682	0.0828561054	-0.0331808729	-0.006159066	-0.0485381774	-0.0458819066	0.0488863068	-0.0632105286	0.052089272	-0.0434447297	-0.0963609222	-0.0560523243	-0.0632188837	-0.0848499939	-0.0211276028	-0.0134978061	-0.0907063061	-0.0546225213	-0.017809444	-0.0554803759	0.0023913936	0.0760235389	-0.0144847031	-0.0931339865	-0.0031304211	-0.1026771252	0.0752902308	-0.0576340306	0.0740664263	-0.0670235974	0.0943371484	-0.030977843	0.0369614767	0.0434001938	-0.0547760116	0.0400949081	-0.0580257667	0.0442717773	-0.0005829681	-0.0331199221	-0.0144780774	-0.0302049708	-0.059933614	-0.0117691094	-0.079523751	0.0256614863	-0.125103153	-0.0587222635	0.0130466533	0.0013830369	0.0135240405	-0.0026007453	-0.017517989	-0.0381687007	-0.103244573	-0.0241381145	-0.0750423129	0.0886805005	-0.0301102925	0.0155339594	0.0379718036	-0.0143581737	0.1020577051	0.0325134277	0.0228107066	-0.0164833377	-0.0007098475	0.0629586091	0.0698376399	-0.1558377544	0.0099241296	-0.0202090909	0.1174014662	0.0065375845	-0.0147926075	-0.0640318316	-0.073910819	0.1059190729	0.0294604158	-0.0810530085	0.0568398646	-0.0889395833	0.0035350542	-0.0478888656	0.0042388084	0.120875799	-0.0327684269	-0.0289671511	-0.0891715234	0.0254894566	0.0591188148	-0.0270091116	0.028992226	0.0294033604	-0.0094925495	0.0483942255	0.0128612568	0.0899805057	-0.0232171294	-0.0155559202	-0.0861872655	0.0448684131	0.070927412	-0.0689909938	-0.0474634117	0.0	-0.0328470821466311	0.0243256590706123	0.0005917376892196	0.0010789308055475	-0.0656474069928094	-0.0363289647153379	0.0013197936772882	0.0043095820448795	-0.5818854622546894	0.0274383054761955	0.3385906911833535	0.000752860607405	0.0089359215931895	0.0003279000422537	7.985069471963038e-05	1.0751843770997909e-07	0.0048929002343147	-0.0003692577420082	1.3635128003306818e-07	2.3940472702956847e-05	0.002970719371876	5.979035098930023e-05	8.825173586439337e-06	3.5748860714237142e-09
373.9638837622659	-0.6628487444239113	139848.9863585575	0.4393684579843556	368.39155278120506	-0.397288368790953	0.1578380479765762	135712.3361605474	253.36498937527995	-0.323013191380852	64193.81784113572	0.1043375218060429	266.5446195218625	419.9022183174576	0.981039	27.278351	0.0909231941190416	0.0431524117989646	0.0073065894	-0.1071690839	-0.0482930972	0.046461888	-0.0719674066	-0.0452488612	0.0324365441	0.0188829465	0.0146340934	0.0213669701	-0.0029420396	0.016638235	0.0575282257	-0.0304189287	0.0668952496	-0.0917867003	-0.0461692238	0.0327977664	-0.0927171644	-0.0592826046	0.0458781902	0.0462587402	0.0033960171	-0.0899638384	-0.0871578495	-0.0278337397	-0.0484595625	0.0459945192	-0.0646084534	0.0039925328	-0.0334157363	-0.0156752764	0.0294399995	-0.0272175379	0.0144743646	-0.1067877344	-0.00451878	-0.0836706275	0.0244457139	-0.0233917623	0.0564708469	0.0266580113	0.0153990389	-0.0417874168	-0.0393763385	0.0528486192	-0.0498797334	0.0061813827	-0.0188417443	0.0402159354	0.0646049567	-0.0526334867	-0.0626559372	-0.0229712437	0.0384711344	-0.1214811563	0.0025386143	0.0432055604	0.0691741527	0.0827588656	-0.0777517322	-0.0557605163	-0.0526341677	-0.0206962491	0.0270995569	0.0216625912	-0.0103024546	0.0087334655	0.0318356546	0.0635237306	0.1095099213	0.0153820704	-0.082982585	0.0118617044	-0.0685279548	0.0185239891	-0.085135932	0.0173591481	-0.0475236992	0.067684514	-0.002640943	0.0754940979	-0.0629563909	-0.0857306408	0.0068955169	-0.0053340029	0.0738173764	0.0591496356	-0.1197068169	0.0370421936	-0.1146578907	0.121035538	0.0601513799	-0.0399848555	0.1088294965	-0.0281620955	-0.0140454052	0.0503444797	-0.1056031816	0.0089303403	0.0386510582	-0.0226172809	-0.0566651529	-0.0254181364	-0.0466083307	0.0386277328	-0.0659957185	-0.0273977289	0.061734847	-0.141146488	-0.0028149224	-0.050726367	-0.0806838455	-0.0098361456	-0.0347837006	-0.0175392823	-0.0747080622	-0.0293154527	0.0224367795	0.0551600844	0.0045753209	0.0506181527	0.0179389164	0.0505656281	-0.0540815595	-0.0125499906	0.0503636846	0.0207780768	0.0002839455	-0.0041599153	-0.0694251369	-0.0462634406	0.0707509319	0.0112032412	0.030096742	-0.1128135516	-0.0771223283	-0.0367542706	-0.0126518107	-0.0051322121	-0.0051741091	4.3563e-05	-0.027157788	-0.011357771	0.0066771247	0.0682213562	-0.0064324812	0.0989679348	-0.0982233003	0.0288595792	0.118419315	-0.0524750182	-0.0729629176	0.0373013944	0.0200669427	0.0236720486	0.0708207391	0.0687195212	0.086771796	-0.1184156966	-0.0243842004	0.0135609897	0.117879297	0.0317992023	-0.0875738676	0.0427967149	-0.0875810516	-0.0487668809	0.0406709753	-0.0062197421	-0.0427715126	0.0564344819	0.0766963055	-0.020236847	-0.0692055687	-0.071210336	0.1064738935	-0.0162721832	-0.062718238	-0.006394679	0.1106621921	-0.0619909691	0.0454609976	-0.0163950548	0.1078740874	0.0384398321	0.0257498516	0.0204597766	0.0409190758	0.0408647094	0.0489821267	-0.0159169036	0.0643610223	-0.0133442393	0.0891928814	0.0065701612	0.1058035601	0.0227830117	-0.0167394815	-0.0853515751	0.04797635	0.0677932473	-0.0727872424	-0.0411546584	0.0	-0.043172131046802	-0.0103250489001709	0.0001066066347909	0.0018638328991222	-0.0419800851494756	0.0236673218433337	0.0005601421232359	0.0017623275491572	-0.6110890647022913	-0.0292036024476018	0.3734298449987211	0.0008528503959175	0.008595065137272	-0.0003408564559175	7.387514471394854e-05	1.1618312354063893e-07	0.0050740317470323	0.0001811315127176	3.2808624899366215e-08	2.5745798169891656e-05	0.0030032758217996	3.255644992359967e-05	9.01966566180606e-06	1.059922431627853e-09
373.9279946268087	-0.0358891354571824	139822.1451656267	0.0012880300438639	365.2529126335593	-3.138640147645788	9.851061976413972	133409.6901872985	253.60875582103887	0.2437664457589221	64317.40102909532	0.0594220800779375	266.2921649428449	419.0542443639375	1.046119	29.087925	0.126777496117672	0.0607609643564959	-0.0041343352	-0.1008915538	-0.0029924333	0.0467972973	-0.0522433054	-0.1112498766	0.0086091744	0.0474505945	0.0812760761	0.0702395197	0.0085831884	0.0614345131	0.0073969652	-0.0172747176	-0.0654957255	-0.1311045712	-0.0236909876	-0.0396808488	0.0193178527	-0.0025496206	0.0139738349	-0.0245096646	-0.0048076366	-0.0794269945	-0.0521557351	0.0392459346	-0.0304488495	0.1637590577	-0.0755919616	0.0685985361	-0.0172393701	-0.0128618273	-0.0108810998	-0.0393807582	-0.0115188442	-0.005181187	-0.1017545902	-0.0253757986	-0.0568559844	-0.0293048828	0.0139923758	0.0163141863	-0.0938393753	-0.0036437102	-0.0277821862	0.0201589284	-0.0540318662	0.0508021297	-0.0182815052	-0.0290781528	-0.0325584541	-0.0194279209	0.0605719486	-0.0806748381	-0.0114020807	-0.0967103025	0.0649239617	-0.0566004992	-0.0027664166	-0.03792759	-0.0506556736	0.1168094851	0.0748579373	0.0185505782	0.0521963794	-0.0065255267	0.0748809005	-0.0414273447	-0.0532076326	0.0290516992	0.0438686164	0.0096550845	0.0107223686	-0.0394372624	0.0975853815	-0.0463645995	-0.114152121	-0.0427090564	-0.0695506207	-0.0223672956	-0.0803466408	-0.1086908011	-0.0763124862	0.0406466784	0.0340680577	-0.099283016	-0.03356938	0.0660195588	-0.0513426715	-0.0825690266	-0.047306709	-0.0511237809	0.022047791	-0.0092232241	-0.0925056242	0.0326569237	-0.0195735866	-0.0279401532	-0.0738854489	0.1275787182	0.0096541617	0.0287192269	-0.0605291195	-0.0157122908	0.0381075583	0.1205359616	-0.0704101871	0.0345378146	-0.0689674341	-0.0843244784	-0.0134577501	-0.0619392286	-0.0393642748	-0.0631175778	0.0643118161	-0.079459544	-0.0158602929	-0.1547705994	0.0817788963	0.0111156662	0.031822321	-0.0222337534	0.0136600206	0.0263313273	-0.0359016067	-0.010959113	0.01927844	-0.0304447907	0.0197059094	0.0165889346	0.0280353985	-0.0618034194	0.0791789078	0.0244206944	0.0126464791	-0.0592593739	0.0309071776	-0.0696817856	-0.0074708842	0.0149453099	-0.0401625228	-0.029449916	0.0610752361	-0.0299419438	0.0586894327	0.0602602171	0.0221928552	-0.0115303999	0.0599412101	-0.0085835118	0.0810968395	0.1022248518	0.0621000595	-0.0052702312	0.0637923949	0.0137462755	0.0824082396	-0.1017391873	0.0511924468	0.1096108177	-0.0210394617	-0.1224396126	-0.0194832408	-0.0094170501	0.0065925972	0.0937617798	0.0679868624	-0.0523988229	0.0854463866	0.0350040633	-0.0575777273	-0.0124062679	0.0644798403	0.127006352	-0.0592965348	-0.0603473265	0.0498443853	0.0329203751	-0.066421419	0.0678701004	-0.0855061989	-0.0043659414	0.0231967651	0.048209352	0.0132078778	-0.1767436908	0.1311732772	-0.0312730851	0.0592728945	0.0280852279	-0.0504724823	-0.0696315673	-0.0440545972	0.0656999007	0.1202085627	0.0125336147	0.0381610264	-0.0326979713	-0.0179201505	-0.0844568986	0.0510096905	0.0644717082	-0.0762691921	-0.0345900464	0.0	-0.0397818025021621	0.0033903285446399	1.1494327640600106e-05	0.001582591810321	-0.0479149481424627	-0.0059348629929871	3.522259874552782e-05	0.0022958422554948	-0.5714570754112813	0.0396319892910099	0.3265631890376149	0.0015706945751627	0.0092281924670533	0.0006331273297813	8.515953620897928e-05	4.008502157159993e-07	0.0044620399636419	-0.0006119917833904	3.745339429373628e-07	1.9909800637137407e-05	0.0026919886291906	-0.0003112871926089	7.246802779691485e-06	9.689971628239258e-08
374.32369197325534	0.3956973464466387	140118.22637248854	0.1565763899849112	368.7629416775521	3.5100290439928017	12.32030388967302	135986.10715468167	253.941505049871	0.3327492288321423	64486.28798699367	0.1107220492883854	267.14467807520793	422.1754251852556	1.02555	28.515984	0.0702191002883224	0.0372755078248876	0.036151061	-0.0694102588	-0.0003756745	0.0441377355	-0.0138665404	-0.061208512	0.0523865647	0.0390923554	-0.0052346572	-0.0224602816	-0.0175390459	0.0096162271	0.0321826275	-0.0751681594	-0.0034055697	0.0186835532	-0.0191023523	0.0078446371	-0.0964998386	-0.026102827	-0.0375464811	-0.0852244804	-0.0130629504	-0.1139340764	-0.020051316	-0.0605163804	-0.0351412184	-0.0263021321	0.0782506265	0.0630674867	-0.0333950448	-0.0110406104	0.0402276687	0.0881214307	-0.1143594426	0.0674687566	-0.0530429592	-0.0048387044	0.0826844636	-0.0762901528	-0.0228431444	0.0501809677	-0.0387866633	0.068050854	0.0244112963	0.0708011715	-0.0355687164	-0.0200588041	-0.1276912085	-0.0260476988	0.0272398735	-0.0246394567	-0.0039351617	0.0648450797	-0.1106729221	0.1344629569	0.0603977288	0.0701636631	-0.0400075924	-0.0585518904	-0.0212638148	-0.0686903528	0.0456526897	-0.0422392098	0.0770685459	0.1138480993	0.0179283788	-0.0183450035	0.0559805982	-0.032798442	-0.1149314933	-0.0098103283	0.0794644228	-0.0708005973	0.0183908055	0.0442784101	0.1546627749	-0.0186649912	-0.0683369911	0.0472314445	-0.0267876117	0.0125369596	0.0884170376	0.0974401287	0.0291018565	-0.0417537051	0.0619244126	0.0045314796	-0.1312473341	-0.0595972987	-0.0044469278	-0.0197513374	0.0731171446	0.0213171219	-0.0262239656	0.0328568968	0.0301143876	-0.1061187195	-0.0025099295	-0.0410365601	0.0676297953	0.057915861	-0.0376600439	0.0165302203	-0.0485249926	0.0943575288	0.0147818067	-0.0108261145	0.0586450472	-0.0451725345	0.0488783949	-0.0929917463	-0.0030161141	0.0501088358	-0.1090904873	-0.0508504215	0.0442927216	0.0291383718	-0.0637832576	-0.0688479854	0.0360640604	-0.0214618063	-0.0510018625	0.0707783253	0.0442932783	0.0259172909	0.0910415115	-0.0698823395	-0.0520743957	-0.0126982318	0.0420347061	0.0721120219	-0.0456422135	-0.05539057	-0.0691991655	-0.0423710679	0.063852753	0.0110644759	-0.0716085217	-0.1626922705	-0.022756411	0.1118141604	-0.0234125612	-0.0006463854	-0.0375948679	-0.0548391859	-0.0034937536	-0.0566669401	0.0755231096	-0.0118575743	-0.1371999731	0.0132464041	0.0770678695	-0.1322861772	-0.1573193356	-0.1016548466	0.0132947592	-0.0037842811	-0.0643549029	-0.0121019153	-0.0292739253	0.0604300969	-0.0409403269	0.0235088047	0.016084981	-0.106731072	-0.0878104135	-0.0995986896	0.0701483375	0.1122057079	0.1004585266	-0.0356023955	0.0356979789	0.0569578437	-0.0713904778	-0.0369508022	0.0043041981	0.0093346462	-0.0886157222	-0.0314499763	0.0882576222	-0.1267683391	-0.076907168	-0.0115338708	-0.0291037277	-0.0821250553	0.0773998483	-0.0125576176	-0.0455065063	0.0408539621	0.0358073776	0.0230715372	0.1020197878	0.0649980042	0.1019186194	0.0253924405	0.078744026	-0.0441369401	-0.0190977232	-0.0835038541	0.0539637182	0.0609719752	-0.0794218076	-0.0278103878	0.0	-0.0463310906642817	-0.0065492881621195	4.2893175430479873e-05	0.0021465699621418	-0.0153507097187599	0.0325642384237028	0.0010604296241157	0.0002356442888696	-0.5784737760054313	-0.0070167005941499	0.3346319095259819	4.9234087227944096e-05	0.0091294465390552	-9.874592799810102e-05	8.334679410946696e-05	9.75075829620615e-09	0.004606001872687	0.0001439619090451	2.0725031255909712e-08	2.1215253251196157e-05	0.0029310582543144	0.0002390696251238	8.591102490184579e-06	5.715428565683432e-08
373.14435674038776	-1.1793352328675724	139236.71096719778	1.390831591482811	366.6855195379623	-2.077422139589771	4.315682746057743	134458.27023882532	253.94728910824483	0.0057840583738197	64489.225645426486	3.345533127175482e-05	267.0728148962543	419.4251210908873	0.940788	26.15913	0.0820587156917381	0.0362977897468965	0.0245361478	-0.0659833519	0.0595721544	0.0838000403	-0.025888623	-0.1530288757	0.0493582395	0.0473598822	0.043458214	0.0524816764	-0.0592790676	0.1109545126	0.1117534445	0.049086521	0.0375753338	-0.0188450094	-0.0133070375	0.0050385034	-0.0686880285	-0.0150443693	0.0403878127	-0.092718449	-0.0271176233	-0.0738083189	0.0041603319	-0.0465844475	-0.0535347841	0.0280977939	0.0398878807	0.075221465	-0.0801615603	0.0036044456	0.1106757387	0.0907009455	-0.0808538816	-0.0416495132	0.1143542389	-0.0315510687	0.0086095908	-0.0247118038	-0.0602293191	0.0660880564	-0.0390939533	0.008083399	-0.0802915626	0.0321549733	0.0096909273	0.0014150669	0.0434965161	0.0336443916	-0.1152707168	-0.0222144715	-0.024751933	0.0344905611	0.02062084	-0.0137697703	0.0228424033	0.0177220715	0.0838193192	-0.0157064038	0.0830066722	0.028559459	0.0186932757	-0.0986141252	0.0539040571	-0.0803367296	-0.0069182745	-0.0832678402	-0.0264043577	-0.0007928096	-0.0805271697	-0.0039539989	0.1009819084	-0.04395643	-0.0520143802	0.005930327	0.0463256125	-0.0901966258	-0.0913777864	0.0963258127	0.0474510311	0.0828899307	0.0978942825	-0.0511695973	0.0592414728	-0.0361255762	0.0777125536	-0.0821810098	0.0427740456	0.1029651221	-0.060097571	0.019532761	0.0397854554	-0.0558222792	-0.0040424446	-0.0929575196	-0.1001025415	-0.0634998882	0.1102837887	-0.0841184836	0.072417443	0.0545995213	-0.0061695842	0.0338662452	-0.0388962042	0.0761381236	-0.0300708567	0.0383000464	-0.057855553	-0.0578274288	0.0169656589	-0.0839253309	-0.0230698517	-0.0089537536	-0.0672359652	-0.1119727782	0.0078584466	-0.0657865183	-0.1402351329	-0.0648448276	-0.0316388287	-0.0163476242	0.0689101686	0.0654350875	0.0428859697	-0.0153256679	0.0638565651	0.0061881488	0.0400569234	-0.04776725	0.085820638	0.0173716258	-0.0102281854	-0.0217358874	0.0325107896	0.040614094	-0.0552709485	-0.049812089	0.0831519708	-0.026958435	0.0345518325	0.0347015158	0.0192902261	-0.0461275075	-0.0793521247	-0.1080967197	0.0174308245	0.0295184184	-0.0889532616	-0.0311772692	0.1139027549	0.0691542168	-0.0476333832	-0.0808429542	-0.1000679959	-0.0014744176	-0.0305844618	-0.023995911	-0.1519845147	0.0713687835	-0.0312260138	0.0153097936	-0.1312983822	-0.0351968973	-0.0026068956	-0.0570089857	-0.0735300671	0.0678150557	-0.0311632892	0.0349727577	-0.0805937003	-0.01790878	-0.0051798841	0.0053771059	-0.0694495778	-0.0356710732	-0.0146022754	0.0404413644	-0.1313225267	0.0734236099	-0.0799437804	-0.055251516	-0.0726373869	-0.0176131964	-0.0532924689	-0.0913245745	0.1150586644	0.0069191244	-0.0312845599	0.0616565258	0.0206550681	-0.0710391872	0.1117003638	0.084203619	0.0681468621	0.0351745001	0.0726884534	-0.0973860008	-0.0202719962	-0.0824931004	0.0568338402	0.057303721	-0.0822314759	-0.0208578319	0.0	-0.0273242269443017	0.0190068637199799	0.0003612608684698	0.0007466133781037	-0.0329390909564608	-0.0175883812377008	0.0003093511545627	0.0010849837130379	-0.568179925971279	0.0102938500341522	0.322828428276728	0.0001059633485256	0.0095380937707912	0.000408647231736	9.097523278040587e-05	1.669925600054961e-07	0.0045529526936849	-5.3049179002099926e-05	2.8142153927968397e-09	2.0729378230932588e-05	0.0026893622510544	-0.0002416960032599	7.232669317396391e-06	5.8416957991857895e-08
373.44812186870536	0.3037651283175933	139463.4997272634	0.0922732531818039	368.34694312600527	1.6614235880429646	2.7603283389055586	135679.47051027257	253.89505936488632	-0.0522297433585094	64462.70116989915	0.0027279460912957	267.51508700255005	416.0670650536401	0.924482	25.705736	0.081624804075332	0.0432836573871867	0.0483683643	-0.051291058	0.083378383	0.1131593081	-0.0535216181	-0.0790706568	0.0243223487	0.0595298399	0.0151233564	0.0506075661	-0.0738018553	0.0327863589	0.0447518557	0.0093153529	0.0622238867	-0.0011921687	-0.0101972002	-0.0968203188	-0.0499389662	-0.0581539743	0.0051359285	-0.117888818	-0.0325247391	-0.0424440693	0.1054712388	-0.0452887845	-0.0494337295	-0.0073327949	0.0234202963	-0.0135106178	-0.0437810358	-0.0173044418	-0.0254503954	0.0288336995	0.0406840007	0.0314206334	-0.000627463	0.0502479737	-0.0002541638	-0.0284591937	-0.0303172118	-0.0373170948	-0.0115031294	-0.1048588306	-0.1402657281	0.0328525789	0.0597959273	0.0094790009	-0.0008835798	0.0857381496	0.0776513862	0.0468512335	0.0474907758	-0.040031156	-0.1222846796	-0.1917526272	-0.0184831277	0.017429637	-0.1391590987	-0.0249988675	-0.0052572901	0.0439386618	0.0788877928	0.0744637222	0.0009314947	-0.0877176924	0.0707301002	0.003913091	0.0189274891	0.0357960554	-0.0550766124	0.0123361365	-0.1456350334	-0.1119210056	-0.0807994324	-0.2131788682	-0.0257400201	0.026210612	0.0400981714	-0.0091341348	-0.0519720025	-0.0729312001	0.0088567092	0.1038583693	0.0197731132	0.0153667355	0.0825584302	0.0350139367	-0.0417410137	-0.0599344221	-0.0983239459	-0.0744917775	0.1080169614	0.0265112658	-0.0194512156	0.0736097955	0.0510816432	0.0230390555	-0.0085642361	-0.0133686375	0.0728734177	0.0786564136	-0.0267938594	0.0983481553	-0.0391478106	-0.0043355942	-0.0333869378	-0.001633188	0.0246603244	0.045650607	0.060837279	-0.0827799288	0.0223063544	0.0730041009	-0.1363494046	-0.0526261086	-0.0418645225	0.0325507812	-0.0335477606	0.001526094	-0.0161472192	0.0393823801	0.0322196773	-0.0925691146	-0.0682565038	-0.0043719199	-0.0234399324	0.0170113468	0.164361024	-0.0367931468	-0.0128775085	0.0976174073	0.1843775001	-0.0860268771	0.0361215947	-0.0392732524	-0.0626960118	0.028757917	-0.0512569452	0.0731728779	0.0340561018	-0.0920907977	0.1061505253	-0.0306974795	0.0261046019	0.1103935576	-0.0374553177	-0.0006080651	-0.0393618888	0.0755772962	0.0211093598	0.1275923274	0.0552163028	0.0457797965	-0.1117263556	-0.074979911	-0.0613056306	-0.0050816591	0.0970213268	0.019830252	-0.0811937329	-0.1027466268	-0.0627266437	-0.007906047	0.0254590835	0.0427052942	-0.068695676	-0.1399278773	0.03579155	-0.0902346532	0.0584841221	0.0346796266	-0.0471733012	-0.0155690663	-0.0561328041	-0.0204095017	-0.0390773682	0.0092594891	-0.1188516888	0.0204495956	0.1017923146	-0.1309798239	-0.0549006945	-0.0145618888	-0.051899453	0.046712472	0.1030410405	-0.0018921201	-0.0312258639	0.0377770667	0.0866857592	0.006223046	0.084920802	0.1214635549	0.055499066	0.004646614	0.0480999186	-0.0488237527	-0.0214427666	-0.081425336	0.0596155937	0.0534770846	-0.0846860645	-0.0137756027	0.0	-0.0377498756512721	-0.0104256487069704	0.0001086941509611	0.0014250531116865	-0.0070945513603817	0.025844539596079	0.0006679402269333	5.033265900509384e-05	-0.5707437243442115	-0.0025637983729325	0.3257483988783012	6.573062097051459e-06	0.0089083873017781	-0.000629706469013	7.935936431848129e-05	3.965302371169462e-07	0.0044606881427624	-9.226455092250022e-05	8.512747356930635e-09	1.989773870698107e-05	0.0028232075791058	0.0001338453280513	7.970501034720433e-06	1.7914571841186862e-08
373.5736304415557	0.1255085728503218	139557.25736128402	0.0157524018589245	369.1112003960573	0.7642572700520418	0.5840891748273995	136243.0782578184	253.8515241244608	-0.0435352404255127	64440.59630031171	0.0018953171589071	267.009660169326	416.991337983328	0.982171	27.309814	0.0814371288324013	0.0456837543738889	0.0400243972	-0.043121603	0.134367105	0.0500367395	-0.0076393805	-0.0906991492	-0.0414533655	0.1186376402	0.0242956044	-0.0114150422	-0.0886150627	0.0171858552	-0.0254347471	0.0585897688	0.0877941936	-0.1342919321	0.0736418815	-0.0130642468	0.0377153853	-0.004740424	-0.0347688926	-0.0657511986	-0.0055514436	0.0289015894	-0.0644159585	-0.0972496609	0.0138501019	-0.0212977525	-0.0645141007	0.069883223	0.0078852364	0.0632157636	-0.0312786058	-0.071192251	-0.1109799411	-0.0855523217	-0.1319124777	0.0600466729	-0.025246238	0.156633081	-0.0473820822	-0.0610783316	-0.0232663864	0.0037721481	0.0326333508	-0.0437093141	0.005453954	0.0661801413	-0.0373947983	-0.0629014619	0.0459570508	-0.0480259234	-0.0331133211	0.1108446683	-0.0243924335	0.0030450214	0.0766444322	-0.0975115939	0.0206408313	-0.0742744492	-0.0444216206	0.0756378756	0.022295116	-0.0751046	-0.0935085204	-0.0091250518	-0.066234369	0.0161816776	-0.0106148747	-0.0328165342	0.082768109	-0.0242954875	0.0326585716	0.0934626572	0.0134041154	-0.0503328544	0.0453770657	-0.0079590766	-0.0433779896	-0.0377624786	-0.020608017	0.0556071199	0.048202453	-0.0676930163	0.0628493987	0.0382091525	0.0752150106	0.0747154111	-0.1033037555	0.0335958624	0.1128208349	0.1040650664	0.0205608478	0.0136548121	-0.0265404808	0.0266946639	0.0759825268	0.1117657214	-0.0162808755	-0.0220697695	-0.0500536205	0.1230015869	-0.0185300429	-0.0141432395	0.0733750388	-0.0791295563	-0.0495838382	0.0604453131	0.0095226894	-0.0794368948	-0.096500443	-0.0213469256	0.0163856752	0.0123284086	-0.083181301	-0.0072032961	-0.1175270794	-0.0994733954	0.0674890412	-0.0497849345	0.1057556697	0.0829671378	-0.0889115795	-0.1046257673	-0.0359048587	-0.0309281044	-0.0683934668	0.0536637247	-0.0192003486	0.0175361033	0.0417524385	0.0197471801	-0.0368105741	-0.0357176268	0.1050315832	0.1013643104	0.1223629713	0.0065302858	-0.0768198854	0.0547613474	-0.009610877	0.0133219698	-0.0037015487	-0.0265651658	-0.0420492387	-0.0076980491	-0.0696205123	0.1148658054	-0.0360363857	-0.0047694984	0.0287358316	-0.104538161	-0.0822681417	0.0369375984	0.0051962336	-0.0690662474	0.0248006708	-0.1033592035	-0.0860094187	0.0276228462	-0.0258905019	-0.030889805	0.0361155374	-0.0207043896	-0.1185042355	-0.1020870559	-0.0712696969	-0.0661801353	-0.0014985269	0.0276548468	0.0115674267	0.1160772208	0.0406978775	0.0137033763	-0.054836135	-0.012956998	-0.0960158714	0.0184419473	-0.0623579383	0.087333164	-0.0908492347	0.018442063	0.0355048461	0.0170514066	0.0886335308	0.0654053621	0.0827653977	-0.0254645474	-0.0357538069	-0.0040494996	0.067295487	0.0313594472	0.0489542087	0.1248815001	0.0169079569	0.0543449071	-0.0175938576	-0.038824757	-0.0226098321	-0.0803012987	0.0623046536	0.0495026423	-0.0867749746	-0.0066077305	0.0	-0.0364562348418786	0.0012936408093935	1.6735065437282758e-06	0.0013290570588462	-0.0359546655422065	-0.0288601141818247	0.0008329061905879	0.0012927379742519	-0.5366977937179485	0.034045930626263	0.2880445217817136	0.0011591253922083	0.0089230087267835	1.4621425005400047e-05	7.962008473825449e-05	2.1378606918853782e-10	0.0046330098812841	0.0001723217385216	2.9694781567141142e-08	2.146478056007611e-05	0.0026654018783345	-0.0001578057007712	7.1043671730290815e-06	2.4902639195921052e-08
374.6798961354735	1.1062656939178055	140385.0245680892	1.2238237855394436	371.4547698272159	2.343569431158585	5.492317678660973	137978.64602738994	253.8056285322205	-0.0458955922402992	64417.29707463551	0.0021064053870878	267.1021609056387	423.580834464381	1.037665	28.852856	0.1183126098274862	0.0587965885820955	-0.0045033383	-0.0123803988	0.0632683354	0.0438090957	0.0566981291	-0.0267399617	-0.1012696086	0.0840216794	-0.0731289826	0.0576496323	0.1082609771	0.0187682141	-0.1115294821	0.0371274625	0.0889729527	0.0916195224	-0.0164102111	-0.027048305	-0.0562287977	-0.0929684734	0.0595007971	-0.028178716	0.0483012929	0.0585687758	-0.0461594566	0.0048003982	0.0170800389	-0.0330281914	0.0108458448	0.0028608448	-0.0555167895	-0.0371032159	0.1091247402	-0.0434028022	0.0454832796	0.0228602831	-0.0833224008	-0.0115612575	-0.0731836472	0.0541219089	0.1136893252	-0.0164763606	-0.0753191473	-0.0923904479	0.0164415473	-0.0172931656	0.0566245245	-0.0761080203	-0.1120132515	0.0264204018	-0.1290122149	0.0142969649	0.0229619038	-0.0359155334	0.0321703581	-0.0390812096	0.0259508302	0.0141902628	-0.1123151912	-0.0361889975	-0.0917709464	-0.0495209159	-0.0081515796	0.0013008982	0.0849937745	-0.0169080618	-0.0395092127	-0.0001496891	0.0138426865	-0.0046092796	0.0213092858	-0.0736789941	-0.0487488432	0.0291982887	0.0366154164	-0.0021912249	0.0050945722	0.0143510787	0.0589045916	-0.0450149203	-0.012075501	-0.0240602038	0.0624519516	-0.0111508575	-0.0783746538	-0.0494107047	0.0027287973	0.0101980823	0.0723391625	0.0635437508	0.0253302289	0.036129343	0.0024019327	0.111183776	0.0168773723	0.0813590363	-0.0152220749	0.021808004	-0.0099611881	0.0568815094	-0.0557740728	0.0285454752	0.1056005039	0.0608879862	0.0344619857	0.1297857936	0.0426868449	-0.0350781336	0.003955395	-0.0328429095	0.0037830469	0.0265320638	-0.0032617226	-0.0283604707	-0.0916375036	-0.0458232277	0.0237948465	0.0499209502	0.0455988293	0.0819925277	-0.024101356	-0.0177444332	-0.1130367972	0.0414118538	-0.0730682915	0.0194006648	0.0144941015	-0.0148858898	0.0141993179	-0.0262221809	0.0048949	-0.0185808764	-0.011414657	0.0589048893	-0.0080390514	-0.0338295299	0.0710342263	0.0826328238	0.0818252762	0.0255416151	0.0179232776	-0.0570103569	-0.0725011177	0.1435605775	0.0703092541	0.0760397103	-0.0650939548	0.0424840403	0.0615662214	-0.0053353323	-0.0373119132	-0.0789834714	0.0109823227	0.0426183136	-0.0345969348	-0.007841985	-0.0732538948	0.0283775374	-0.0329676556	-0.0016212031	0.0179967928	-0.0956774394	0.0013588841	-0.0474245372	0.0478349802	0.0552679726	0.1540730321	-0.0262583146	-0.0818510143	-0.0309878027	-0.062697363	0.0212604944	-0.0577541423	0.0257816764	-0.0319060725	-0.057710489	-0.0811288101	0.0498782526	-0.0782095435	-0.0698418347	0.1008234406	0.0275254985	-0.0100773324	0.0617145319	-0.0542360687	0.0038728291	-0.0117022159	0.0712479751	0.0037088624	0.077596348	0.0855640734	0.0536550429	0.0107584077	0.1063185287	-0.0403864307	-0.0321612355	-0.0157317246	-0.0087880103	-0.0237729909	-0.0791217655	0.0648968387	0.0453913792	-0.088489186	0.000601222	0.0	-0.0320615278320559	0.0043947070098226	1.931344970218474e-05	0.0010279415669256	-0.0228984589603982	0.0130562065818083	0.0001704645303068	0.000524339422761	-0.5832957794349838	-0.0465979857170353	0.3402339663066652	0.002171372272885	0.0083551598440686	-0.0005678488827148	6.980869601993645e-05	3.224523536005588e-07	0.0050277669873719	0.0003947571060877	1.5583317280681453e-07	2.527844087930671e-05	0.0027880700999082	0.0001226682215736	7.77333488200212e-06	1.5047492584054298e-08
374.55883833960473	-0.1210577958687508	140294.32337831415	0.0146549899406001	371.7280610808936	0.2732912536777121	0.0746881093367356	138181.75139496056	253.53995835485537	-0.2656701773651377	64282.5104825818	0.0705806431412237	266.57623331652405	429.2872315338564	1.04062	28.935015	0.0679432457569669	0.0363296351374473	-0.0575385789	-0.021152369	0.0517702448	0.0096151806	0.1078892448	0.0048959602	-0.1429043499	0.0006392603	-0.110317977	0.0483107823	-0.01502194	-0.0851622799	0.0772108353	0.0318961044	-0.0759284622	-0.0304448358	0.0683378657	0.0413991854	-0.0491099405	-0.0236657982	0.0739651439	0.0200098937	0.0746730727	0.0558992355	-0.0407735792	-0.0680754094	-0.0781894555	0.0074859519	0.0070335314	-0.0244522724	0.1399726254	0.0708871865	-0.0280985328	-0.0494485608	-0.1362756421	0.0381557914	0.0235492895	0.0684379401	0.0229742861	0.0616756721	0.063641161	-0.0071002632	0.007083481	0.0762617547	0.0025722854	-0.0484503271	-0.0491936222	0.0119654043	0.0009804709	0.0297306584	-0.0060810197	-0.0110341089	-0.0978868289	-0.0887126672	0.0085158295	0.0201595771	-0.0557250583	-0.1230422951	-0.0125544253	0.0089154621	0.0119039347	0.0616396123	0.0676123212	0.0204058383	0.0252295853	-0.0996323705	-0.0151133069	-0.1252867149	-0.1119534321	0.0269740479	0.0152639949	-0.063028667	-0.0741021355	-0.0287029176	-0.0561563781	0.0391021187	-0.026295169	-0.0907646867	0.0793974647	-0.103498183	0.0371311274	0.0755224727	0.0388982397	0.0328268975	-0.1302865296	-0.1004865643	0.0429652774	0.016700583	0.0002962967	0.0461045439	-0.0388243317	0.0796374004	-0.0242443022	0.0374198779	0.0169924893	0.0183336719	0.0958240528	-0.1511985639	-0.013630837	-0.0264866467	-0.083244069	-0.0364114253	0.1010911128	0.1060338259	0.061021221	-0.0429561449	-0.0625077406	-0.019692268	0.0144062823	-0.0872762347	-0.0648337064	-0.0461931055	0.0055355971	0.0065344611	0.1132838129	0.0420587041	0.0117001376	0.0136276399	-0.0605748118	0.0032943933	-0.0208689199	0.0467704366	-0.1097434852	-0.0493999592	0.0196180272	0.0958570021	-0.0190597236	-0.0896098071	-0.1504245035	0.0200530726	0.0191196183	-0.0196997077	-0.0355218326	-0.0881921204	-0.0435930447	0.001441027	0.0023488716	-0.0486085833	0.0105737248	-0.0435283682	0.078332723	-0.0590061116	0.0113753675	0.0243458144	-0.0904954738	0.0767888704	-0.0262906271	0.0068397531	-0.0411634935	-0.054999559	-0.0292080307	0.0627695436	-0.0900477356	0.1060405655	-0.0205853439	0.0093514023	0.1033270593	-0.0889676115	-0.0986836429	0.0029964835	-0.0648372953	-0.0369380804	0.0045428991	-0.0087240324	0.1284177357	-0.046997283	-0.0062140582	0.0769848724	0.0049756243	0.0040962983	0.0528193155	-0.0168757706	0.0342628364	-0.09737775	-0.0342121826	-0.0730180851	-0.078572756	0.1007308551	-0.0020992818	0.0916932344	-0.0529629684	0.0632443188	-0.046422705	-0.1263337749	0.0174724607	-0.0064015251	-0.0244246275	0.0948622666	0.0690018708	-0.0185464838	0.0426447708	-0.0005730246	0.0117057638	0.0637267594	-0.0438205948	0.0602320759	-0.0200836333	-0.0225438081	-0.0249320423	-0.0778875515	0.0673881186	0.0411546584	-0.0898212967	0.0078064368	0.0	-0.0317404016694808	0.0003211261625751	1.0312201229021221e-07	0.0010074530981399	-0.0297803698943397	-0.0068819109339415	4.73606981027036e-05	0.0008868704310436	-0.5609666189977034	0.0223291604372803	0.3146835476297145	0.0004985914058338	0.0088962488667764	0.0005410890227077	7.914324389962037e-05	2.92777330494881e-07	0.0050290269106023	1.259923230400098e-06	1.5874065465018185e-12	2.5291111667562115e-05	0.002562198081383	-0.0002258720185251	6.564859008242727e-06	5.101816875264821e-08
374.8775905676197	0.3187522280149437	140533.2079097839	0.1016029828644906	370.4728334626883	-1.2552276182053106	1.575596373505377	137250.1203338728	253.9428372816606	0.4028789268052151	64486.964606659945	0.1623114296637218	267.6342100350487	424.6356155807359	1.118939	31.112715	0.1026749747408988	0.078694735988341	-0.0488428614	-0.069194564	-0.0329973729	0.0677013275	0.0591822311	-0.0298899595	0.0682698716	-0.1691423318	-0.0747583759	0.0315480817	-0.1515991589	0.0950899613	-0.0878382787	-0.0604342323	0.0296244482	0.037682241	0.0934310957	0.0775698711	-0.049236773	-0.0007600594	-0.0015016548	-0.0133734468	0.1057644219	-0.0631263436	-0.0634730524	-0.0265564251	0.0790879714	0.014909988	0.0079732148	-0.0487117509	0.028973177	-0.0453669672	0.0561699364	-0.0345726129	0.0307886762	0.0381862827	-0.1294730182	0.0937409278	0.0002774734	-0.0209703403	0.0995001298	-0.0147624622	-0.010103494	0.0031500319	-0.0420227868	0.003351114	0.0912837186	-0.0082098253	0.0230026229	0.0225834878	-0.0848682612	-0.0089079038	-0.0460182624	-0.0385125441	-0.0516039225	0.0086844246	-0.0321707685	0.0230808922	0.0012873954	-0.0083177903	-0.0018649675	0.0284940085	-0.1004651087	0.0749525304	0.0180513865	0.0629027624	-5.8107e-06	0.0208992698	0.0445669639	-0.0157025246	-0.01683923	-0.049672216	-0.0686225319	0.0922942288	-0.057336005	-0.0083669098	-0.0180187045	0.0487375957	0.0205864298	-0.0022490635	-0.1083123873	-0.1181820085	0.0166063288	0.0422030798	0.0145443056	-0.0340798712	0.0084842019	0.1215482506	0.0456980563	0.0174924306	0.141506306	-0.0024716401	0.0120205774	0.0489065964	0.0599197239	-0.0418023983	-0.0190968891	-0.0231436116	0.0490552254	0.1293159747	0.114175993	-0.0804213404	0.08250289	-0.051296017	0.0677129083	-0.0126333676	0.0805046	0.0803302876	0.0615313707	-0.0257144132	0.1213990943	-0.041647705	-0.0418449772	-0.0094453319	-0.034674066	-0.0082043947	-0.0066125043	0.0286332342	0.0255615711	0.0590814502	-0.0477919808	0.022071027	-0.0169897295	-0.0073787584	-0.1218397243	-0.0272603557	-0.0445211071	-0.0935736269	0.0252005959	0.0203526069	-0.020746183	0.0694385545	-0.0263670656	0.040925641	0.010867065	0.0869360315	0.0378995152	-0.0128149187	-0.0001961305	0.0294727757	0.0512008025	-0.1572914792	-0.0581607177	-0.0117596294	-0.0010180695	0.018471054	-0.0243860845	-0.0113327608	0.0315033662	0.0206126151	-0.015521245	0.0409533841	0.0984915005	-0.0554194015	0.008367646	-0.0445686112	0.030648139	0.100095176	0.0212065257	-0.0014126849	-0.0066111057	-0.0054724598	0.0780841782	-0.0975954126	0.0486593396	0.0420938961	0.0540547037	-0.1262614785	0.060587588	0.0625313999	0.0175881189	0.0911914716	-0.0673771426	-0.0214662708	-0.0285432935	-0.1223055198	0.0027825219	0.0597832583	-0.1029521077	-0.0783798771	0.0726098698	0.0368336823	-0.0143758805	0.0168069968	-0.0347059432	0.0785169797	0.0646742324	-0.090932039	-0.0234307376	-0.0993003748	-0.0269047445	0.0180026341	0.0348732334	-0.0103173646	-0.051919719	0.0496465447	-0.010138721	0.0155645594	-0.0260867859	-0.0765995097	0.0697746196	0.0368041899	-0.0907655546	0.0149631188	0.0	-0.0290905114599837	0.002649890209497	7.021918122388578e-06	0.0008462578570034	-0.0461975810207491	-0.0164172111264093	0.0002695248211691	0.0021342164921686	-0.6371353886088258	-0.0761687696111224	0.4059415034177194	0.0058016814640722	0.0089813585255503	8.51096587738999e-05	8.066480096447506e-05	7.243654016609675e-09	0.0050439221722373	1.4895261635000136e-05	2.218688191751069e-10	2.5441150879587045e-05	0.0025134209259145	-4.87771554684999e-05	6.317284750824903e-06	2.3792108955982092e-09
374.8544662127487	-0.0231243548709585	140515.87083964478	0.000534735788198	367.3570152146127	-3.115818248075584	9.708323355040802	134951.17662738918	253.36582376937235	-0.5770135122882323	64194.24065433265	0.332944593363202	265.984608513139	426.754409367628	1.119899	31.139408	0.1090165005547884	0.0754064011961962	-0.0599999912	-0.035075222	-0.0358171532	-0.0211736275	-0.0385168536	0.0513203961	-0.0288418789	-0.0352545482	0.0775062338	0.0573666142	0.0738439966	-0.0797842108	-0.0270065344	-0.0036428613	-0.0924165172	-0.0481315147	0.1403097371	0.0429140138	0.039842742	-0.019214131	0.1130858287	0.0603846399	0.0113647027	-0.0480112746	-0.0526005524	-0.040836329	-0.0272909825	0.0599467571	0.0076914713	0.077346157	-0.0252641584	0.0434554377	-0.0154501357	-0.0080990709	0.0305779914	-0.0659314879	0.0040425709	0.0408642434	-0.0961623378	0.082006648	0.0378710662	0.0374768287	-0.0442288181	0.0079969586	0.0230259163	-0.1583805362	-0.1096002413	-0.0234401808	0.0044159216	0.0775399198	-0.0137793741	-0.037442373	-0.0087030081	-0.0991788201	-0.0162233231	0.0070655646	0.0335052328	-0.0227985628	0.0654996295	-0.0599061256	0.0418502273	-0.0769639091	-0.1119198335	-0.0109202115	0.0675951723	0.0027919866	-0.0018209487	-0.0334534791	-0.0532582907	-0.127900931	-0.0457208699	0.0887268455	-0.0818764922	0.0768551559	0.0313767862	0.0001392016	0.0453778616	0.0150500508	-0.0513728431	0.0701977606	-0.0143124797	0.0588692094	-0.0117026232	0.1107621405	-0.0718685991	0.1037816725	0.0298342922	-0.0737272636	-0.029689221	-0.027553987	0.0487101829	-0.1266275607	0.0117150555	0.0408322672	-0.1053290405	0.0546003276	-0.0260356748	-0.1074383301	0.1007710318	0.0100406479	-0.0324376802	-0.0752011951	-0.0215067048	0.0034559557	0.0485307169	0.0311408713	-0.0544457083	0.0770162872	-0.0777149942	-0.0907406294	-0.0186110348	0.042014123	0.0281879709	0.007179162	0.1566536931	-0.0363111401	-0.0692366019	0.0031616198	0.01103914	-0.1007864939	-0.0007076086	-0.0661286548	-0.125320453	0.0511616424	0.0027331559	-0.0543731438	0.0182188919	-0.0349824945	-0.1038465487	0.0096187348	0.0620761614	-0.0324774366	0.0734362253	0.0149060904	0.1002974781	0.0240962456	-0.0759911884	0.0612315017	0.0931420924	-0.016119803	-0.0301461566	-0.1011060145	0.0270813624	0.0113125326	-0.0389064005	0.0454408811	-0.0286583763	-0.0281255925	0.0426663427	0.0320053108	0.0755052071	-0.0112109416	0.0720039803	-0.0767180692	-0.0470746233	-0.0352624746	0.0533441175	-0.0369311824	-0.0612384505	-0.0427941418	0.0302645861	0.1052544052	-0.0413984117	-0.017188304	-0.0096313074	0.0518302934	-0.0415246762	-0.0382766706	-0.0094366777	0.0023685873	0.1056590046	0.0130983653	-0.0070068471	-0.0114146962	-0.0416451818	-0.0818766185	0.0017607013	0.0449431149	-0.0367304016	0.1675378549	-0.0045738827	0.0991633179	0.0148273914	-0.0452132176	-0.0023884824	0.0072633205	-0.1134844506	-0.1136826431	-0.0075292597	0.053700306	-0.0418453104	-0.0017963144	-0.0188171045	0.0759561195	-0.0482857734	-0.0308326411	0.0052285603	-0.1217958872	-0.0272370221	-0.0752585301	0.0720526312	0.0323519979	-0.0913178824	0.0220267751	0.0	-0.0288811943406983	0.0002093171192854	4.3813656425939015e-08	0.0008341233865451	-0.0503358750331557	-0.0041382940124066	1.7125477333120353e-05	0.0025337003153534	-0.5656075899440793	0.0715277986647464	0.3199119458023498	0.0051162259818245	0.0087519218467546	-0.0002294366787956	7.659613601170045e-05	5.264118957680109e-08	0.0051928736147526	0.0001489514425153	2.2186532227388733e-08	2.696593637879373e-05	0.0027978546197705	0.0002844336938559	7.827990473371128e-06	8.090252620056858e-08
374.8700415494581	0.0155753367093893	140527.54805129246	0.0002425911136108	368.076208792684	0.7191935780712697	0.5172394027389555	135480.0954791955	254.1124707174696	0.7466469480972364	64573.14777413684	0.5574816651029173	267.2776915698911	425.6812891424007	1.073806	29.857765	0.0527093313836733	0.0369452811409517	-0.0247514429	-0.0406742765	0.0190414679	-0.0379828049	-0.0513112848	-0.0673920666	0.0888752573	-0.0236627382	-0.0081425542	0.0456283504	-0.0453662578	-0.0723111907	-0.0655825394	-0.0313872968	-0.0499178542	0.0191678298	0.0134717449	-0.0714981661	-0.1427052822	-0.0044354029	0.0012332198	-0.052131235	0.0408773033	-0.077466488	-0.0309636157	0.0367623664	0.0090492628	0.1528352132	0.0172578784	0.049149701	-0.0523961321	-0.0374102631	0.0153053029	-0.0199549431	0.0652717512	0.0281651992	0.1069901021	-0.0332148817	0.0092592571	0.102981528	0.0971242481	0.1945359356	0.0144693377	-0.0335944769	0.0076403887	0.0499577219	0.0550471197	-0.021876901	-0.0028412045	-0.0501763301	-0.087494125	0.0501358904	0.107546462	-0.0974515697	0.0066599021	0.0847660522	-0.0131836598	0.0902556878	0.0715025124	-0.0494057761	0.0215014632	-0.0021242359	0.0107152221	0.0674412848	0.0203470302	-0.0638546698	-0.0215828592	-0.0534114158	0.0152059621	0.0461962038	0.0075497341	0.0190874571	0.0086118806	0.0031209014	-0.0475009308	0.042685895	-0.0024416125	-0.0114059463	-0.0677647502	0.0353954723	0.0602852043	0.1256307549	-0.0827090502	-0.0036989407	0.0122509311	0.0240766697	-0.0615860504	0.0307573143	0.0254056954	0.0873773787	-0.0591666192	0.0228312107	-0.0583600473	0.0988756062	0.0099928445	-0.0830652572	0.0251105786	0.0543913719	-0.0786058849	-0.0925527265	0.0901603758	0.0042387645	-0.0229174427	-0.0006316102	0.0320061876	0.071962767	-0.048396071	0.0651928881	0.0792825817	0.022064635	0.0765736577	-0.0398339916	-0.1331510231	0.032902975	0.0522911042	-0.0300168797	-0.0101165679	-0.0326481716	-0.0095505188	-0.004795091	-0.0583225315	-0.0174032187	-0.023920754	0.0262582398	-0.0092222749	0.0503489767	0.0624863761	0.0348197214	-0.0427433692	-0.0207229542	0.015389473	-0.1836859354	-0.0151735124	0.0323161453	-0.0941931855	0.064551509	-0.0806172728	-0.1061604404	0.0665150294	0.1396152881	0.0674937145	0.039135908	0.0134443962	0.1267102675	-0.0824311854	0.0155398397	0.0365023799	0.01162957	-0.0249379054	0.0001117778	0.0214130199	0.0480355547	0.051714418	0.0495947554	0.0086436959	0.0209234374	0.0157714324	0.0035015289	-0.030821776	0.0318690377	0.0408918576	-0.051724985	0.0033557338	-0.0720616636	0.0185712811	-0.0655227771	0.045728133	-0.0398474319	-0.0669140965	0.0660926747	-0.0137259758	-0.0688939687	0.0634725723	0.0205767526	-0.0361847337	-0.0783786924	-0.034123622	0.0066911357	-0.1445779339	0.0455466457	0.0859698126	-0.016220059	0.0660468166	0.0644390901	-0.0285567012	-0.0682510119	-0.0763353968	-0.063065585	0.0598898817	-0.0556230354	-0.0621759527	0.0497620228	-0.0409329689	0.0218476243	-0.0388286849	0.0744369452	-0.0500034858	0.0629442162	-0.0283825523	-0.0738655397	0.0742186113	0.0278103878	-0.091475895	0.0289534907	0.0	-0.0287174157427898	0.0001637785979084	2.682342913287309e-08	0.0008246899669442	-0.0532096706480302	-0.0028737956148744	8.258701236071888e-06	0.0028312690504718	-0.6015456871295797	-0.0359380971855003	0.3618572137041981	0.0012915468293144	0.0086462810428947	-0.0001056408038598	7.475817587272027e-05	1.1159979440165732e-08	0.0052130863578647	2.0212743112099987e-05	4.0855498411574545e-10	2.7176269374555043e-05	0.0026490349670347	-0.0001488196527358	7.017386256572533e-06	2.2147289040404103e-08
374.3050315644803	-0.5650099849777916	140104.2566544866	0.3192362831246043	366.34834252477	-1.7278662679140098	2.9855218397950885	134211.10807064618	253.85052454767148	-0.261946169798108	64440.088813127964	0.0686157958718992	266.6591163160513	429.55826473885946	1.008865	28.052061	0.0493779364831206	0.0322322551932212	-0.060636276	-0.0190979038	0.0661554416	-0.0549894325	-0.0411547469	-0.001973983	0.0210416759	0.052110814	0.0506126248	0.0375578066	-0.0101154747	-0.0063942938	0.0175001457	-0.0279527424	-0.1020168634	-0.0151643182	-0.0071238244	-0.0631437152	-0.0489795765	0.0387317949	0.0585392293	-0.0522160816	0.0176741391	-0.0263081052	-0.0141880787	-0.0599675697	-0.1008689776	0.02655744	0.0506827376	0.0471477208	-0.1237950558	0.0867868289	0.0969833344	-0.0067676022	-0.01510251	0.0380840659	0.1355555041	0.016671418	0.005688966	-0.0180357099	-0.0374647347	0.1667835791	0.0405618167	-0.016216273	0.0182936485	0.0218187796	-0.0472093351	0.0553981994	-0.0130390152	-0.046371032	-0.1590221829	0.0133860203	0.0231279796	0.0166127202	0.0821519427	-0.0064150634	-0.0178482493	-0.1446691021	0.0044599222	-0.0730160367	0.0260542745	0.1140124441	-0.0103686977	0.0886854465	-0.1152185038	0.0101373363	-0.0618431142	0.0264109931	0.1684084301	-0.0132253493	0.0417525918	0.1089858274	0.0888197155	-0.0983021364	-0.0689826981	-0.0575482041	0.0128105867	0.0102988411	0.0423662219	-0.0017514467	-0.0074498087	-0.1578899728	-0.0040915466	0.0025530478	-0.0510380707	-0.0026695848	0.0420182628	0.0729634474	0.0712738733	-0.0012332528	0.061489382	0.0577307729	0.046888143	-0.0342917024	-0.0201120148	0.0388392234	-0.0277218273	0.0821204484	-0.0227767499	0.0041486361	-0.0051103009	0.0450969768	-0.0295622434	0.0195694059	0.0164307225	0.0898699646	-0.0876230803	0.0321563543	0.0093885068	-0.0039979753	0.039354241	-0.0295871323	-0.014587069	0.0595037245	-0.0075761789	-0.0558230672	0.0001094447	-0.0590543832	-0.1536919633	-0.0684268042	-0.0108186293	-0.0568991768	0.0332331214	0.0021404334	0.1077687769	-0.0760531688	0.0955632102	0.0630280514	0.0167062299	0.034015338	0.01130208	-0.0436870346	-0.0263370184	0.0474605282	-0.0908554529	0.0680965355	0.060969548	0.0439061885	0.119607441	-0.0047541211	0.0681367389	0.158094543	0.0307982503	-0.0119561751	0.056912966	-0.1236005416	-0.0439322889	-0.0484304465	-0.0806168424	-0.0558870164	0.0359042346	-0.0635681172	0.1768584125	0.0531475937	0.0830580199	0.012694136	0.0446009712	0.016150801	0.0925124514	-0.0212806673	-0.0535543572	-0.0979700921	0.0724586445	-0.1072085564	0.0810160225	0.0366232431	-0.000800425	0.03386277	0.0553530834	-0.0283142364	0.0194602393	0.0311551804	-0.0594680671	0.0893366895	-0.0429239432	-0.0791960693	-0.074827457	0.0274655278	-0.0490475398	0.1359600623	-0.0062805979	0.0054963879	0.0332165823	-0.0248562172	-0.1514673651	-0.1461177689	-0.0427982378	-0.0461094977	-0.0808859372	0.005635613	-0.1198626973	-0.0567110814	-0.0120887313	0.0723652386	0.0044993114	0.002527915	-0.0549114795	0.0311083775	-0.0295231785	-0.072421501	0.0762691921	0.0231919124	-0.0912389102	0.0357002023	0.0	-0.0343681329377432	-0.0056507171949533	3.193060481734198e-05	0.0011811685616263	-0.0472318100795945	0.0059778605684357	3.573481697565842e-05	0.0022308438833948	-0.5708092360098931	0.0307364511196865	0.3258231839141978	0.0009447294274328	0.0085712902872023	-7.499075569239975e-05	7.34670171874885e-05	5.623613439317186e-09	0.0052533770905844	4.0290732719700136e-05	1.623343143090315e-09	2.759797085587702e-05	0.0026240583034459	-2.49766635887997e-05	6.885681979883376e-06	6.238337240280727e-10
374.1229058888284	-0.1821256756518892	139967.94871070117	0.0331697617316571	368.26954205993496	1.9211995351649875	3.691007653918164	135622.4556090342	253.857875477184	0.007350929512512	64443.820941789454	5.403616469792048e-05	267.0590802638725	423.1869682469604	1.052214	29.257406	0.1565029455481548	0.0866242062802354	-0.0055594288	-0.0611080011	0.086173623	-0.0070253505	0.0217756462	-0.1119797034	0.0834078745	0.0748912832	-0.0200282634	-0.0297871625	-0.0541779368	0.0309945411	0.0257263433	-0.0030104041	0.0595726924	-0.045447122	-0.0088698287	-0.1133051755	-0.0588942558	0.0202178936	-0.0071453832	-0.1131798026	0.0139391471	0.0087870958	-0.0243666363	-0.0319347048	-0.1235987186	-0.0604316249	-0.0453304466	0.0318736408	0.1429466232	-0.0238874768	-0.0227210486	-0.0150317778	0.0413435365	0.0331768741	0.0964832117	0.0081164595	-0.018185945	-0.0079210266	0.0630505851	0.0547654764	-0.0506958626	-0.0958543832	-0.0787382093	-0.0741726125	-0.026987752	0.0426842149	-0.0121314689	-0.0591629031	0.1639075768	-0.0513594844	0.0177379722	0.0660447031	-0.0290682714	0.0462349844	0.0115159293	-0.0233965616	-0.0048095237	-0.0036686069	-0.0715026706	0.0186780835	-0.0467509698	0.0440597578	-0.0140882903	-0.033636127	0.095746574	0.0185771716	-0.0058066916	-0.0320424891	-0.0458216031	0.0036672171	0.0413152043	0.035884696	0.0172818137	0.0235467457	-0.0255379091	0.0289786782	-0.055605344	-0.040287056	0.0291708564	0.0501884485	-0.0417280398	0.0656220351	0.0713028449	0.0572772927	0.0320137337	-0.0265001772	0.0412216576	0.0081050242	-0.0347688115	0.0115410539	-0.0563557648	0.0302998904	0.0428582891	-0.0265846321	0.0710346462	0.0393826952	-0.0504814723	-0.0346162873	0.0600633646	0.1089156104	-0.0162978053	0.0382416234	-0.0296869553	-0.037261914	-0.0358054516	0.0082775921	0.05592832	-0.0250912638	0.059218788	-0.1004926673	0.0958124302	0.0298053205	0.0278566597	0.0134095684	-0.0048470325	-0.0158875351	0.0766979202	-0.083345131	-0.0220367612	-0.0139877859	-0.0912053756	-0.0220278479	-0.060087752	0.0050975851	-0.0082267239	0.0773608081	-0.0212059285	-0.0744029445	-0.0988492915	0.0341598612	0.0428154534	0.0368013279	-0.028902197	-0.0778993441	0.0456789197	-0.0049596985	-0.0110975857	0.0423677956	0.0592999962	0.1093883398	-0.0341987244	-0.1028908802	-0.0436887303	0.0576309716	0.0102715725	-0.0149722325	-0.0381377849	0.0122740567	-0.0808945563	-0.0871898098	-0.0053374462	0.0823936619	-0.0961771779	-0.0767732888	-0.0092339214	0.0070174743	0.1042855578	0.0603943367	0.0860430856	0.0729622572	0.0242239474	0.0043308438	-0.0747995764	0.0170495252	0.0250117335	-0.0774086156	0.0043076096	0.0549618339	-0.0410279114	-0.0906580314	-0.031171339	-0.023951524	-0.0599574751	-0.0631213398	-0.0805411181	0.0198130811	-0.129299024	0.013507998	-0.0011131733	-0.1208739063	-0.0340820105	-0.0361551557	0.0346561975	0.0398617222	-0.0217590322	-0.0559335053	0.0069739325	-0.0187077704	-0.0095369832	0.04768213	0.0003327195	0.0578746866	-0.1194840184	-0.0393953623	-0.0153578156	0.0046800285	-0.0306587036	-0.070927412	0.0782011853	0.0185093366	-0.0906079513	0.0422249655	0.0	-0.0378561620775173	-0.003488029139774	1.216634727991324e-05	0.0014330890072392	-0.0603049780882685	-0.013073168008674	0.000170907721783	0.0036366903822265	-0.6158985480667098	-0.0450893120568167	0.3793310215106813	0.002033046061757	0.0098580265609669	0.0012867362737645	9.718068767672888e-05	1.6556902382216067e-06	0.0048088924179847	-0.0004444846725997	1.9756662417606257e-07	2.3125446287750736e-05	0.0027898860839394	0.0001658277804934	7.78346436135872e-06	2.7498852783400285e-08
374.3139489062742	0.1910430174457928	140110.93234580886	0.0364974345147935	368.2905578418156	0.0210157818806351	0.0004416630880544	135637.93499543573	253.8152080922088	-0.0426673849752035	64422.15985889125	0.0018205057406222	266.6920826343979	425.3546470679863	0.964993	26.83217	0.1585713952407618	0.0864527838336671	-0.0225378769	-0.0147759067	0.1363739576	-0.0596194492	0.0091555927	-0.0036229563	-0.0173792222	0.0908282869	-0.0091811152	0.0356990753	-0.0539127072	-0.0430736811	-0.0224926066	-0.0139703459	-0.0173521546	-0.1142063945	0.0305178037	-0.0203341397	0.0879447869	0.0315128949	-0.0151361846	-0.0994074272	0.0053944566	0.0457642746	-0.0632657011	-0.0669333291	-0.0357788694	0.0327974344	-0.007517456	0.0010426236	0.0478058753	-0.0123157761	0.0960310985	-0.0720881046	-0.0524975279	-0.0366976723	0.0960793789	0.020339315	-0.0220593829	0.0863850254	-0.0176287297	-0.1169568131	-0.0517374188	0.0250587045	0.0125122373	-0.0970837805	-0.0183168707	0.0406020309	-0.0244016052	0.0760736477	0.000629786	0.0037333839	-0.0290433714	0.0138890938	0.0057697972	0.0853322941	0.0494324086	0.1214817697	-0.0347879683	0.0023576242	0.059550895	0.0360360203	-0.0183815765	0.0223766672	-0.0351328426	0.0500665152	-0.0629158229	0.0231782282	0.0519130695	0.0040538796	0.1307242148	0.0013687481	-0.0867905407	-0.1327959457	0.0035360879	0.0320475361	-0.0205027925	-0.159116699	-0.0663264884	0.1161367165	0.0052294238	-0.0172269365	-0.0192792438	0.0026798132	0.0373783194	0.0422166494	-0.0735052042	-0.0994740134	0.0853906482	-0.178363517	0.0101171399	-0.0813315666	-0.0937818038	-0.0257945072	0.1308073671	-0.0386885652	0.0296186134	0.1528014744	-0.0237078048	-0.0120232469	-0.0438496093	0.1235309037	-0.0079452082	-0.0046541858	0.0927426228	-0.0511296664	-0.0790957509	0.064086479	0.0211315511	-0.1072331413	-0.0238014153	0.0166005408	0.0069169308	0.0150612792	0.0638468908	0.0038223538	0.0243193374	0.0076867518	-0.0276853937	-0.0782666316	0.0094779914	0.0079719875	-0.074143085	-0.0600962687	-0.057586157	-0.0265733535	-0.0808523637	0.070768185	0.001278083	-0.0578211553	-0.0389939504	-0.0226168156	0.0352423198	0.0147562969	0.1021761063	-0.0478708158	-0.0071410875	0.01753451	-0.0847585438	0.0552233078	-0.0335608716	0.0420024615	-0.0726985325	0.0360586908	-0.0320503151	-0.1275057446	-0.0499783822	-0.0248840207	0.0515970554	0.007128107	-0.0009399843	0.120178769	0.0548387072	0.006483038	0.0330163201	0.0903098738	-0.0843506193	-0.0104648597	-0.0105627323	-0.1206736029	-0.0361046639	0.0597626106	-0.1489652273	0.0675157445	-0.0135475917	-0.0785285529	-0.0141409027	-0.0474975421	0.0146172544	-0.0100660539	0.0309399888	0.0093240096	0.0298385268	-0.0561236749	-0.0554283746	-0.0491300165	-0.1604863473	0.0314001165	-0.0141789895	0.1378651378	-0.0199760226	0.0427180921	0.1082116098	-0.0428639629	0.0361636946	0.0677890752	-0.0242115458	-0.0365860035	-0.0517569829	-0.0097224325	-0.034366504	0.0431705416	-0.0754718121	0.1378313249	-0.0392609688	0.0223510975	-0.1187081328	-0.0016618186	-0.0317889315	-0.0693843053	0.080011587	0.0137756027	-0.0895857427	0.0484872159	0.0	-0.0381624547579946	-0.0003062926804773	9.381520611397314e-08	0.0014563729531559	-0.0290865760512559	0.0312184020370125	0.0009745886257445	0.0008460289063854	-0.565734119670573	0.0501644283961368	0.3200550941594381	0.0025164698763111	0.0087331772878083	-0.0011248492731586	7.626838554029073e-05	1.265285887325432e-06	0.0050229381887489	0.0002140457707642	4.5815591982040566e-08	2.5229908047992083e-05	0.0025911356853195	-0.0001987503986198	6.713984139736155e-06	3.9501720951569084e-08
374.5148963922648	0.2009474859905822	140261.40761970883	0.0403798921259352	369.9312387842047	1.6406809423891104	2.6918339547188195	136849.12142841629	254.00245181391065	0.1872437217018614	64517.245527478	0.0350602113167641	267.2000983492684	425.8717489559362	1.017454	28.290886	0.1694379900437239	0.0917551360007702	-0.0365787822	-0.0588658627	0.0963195041	-0.0202124752	0.0634311291	-0.0503820806	0.0381188806	0.0611794943	-0.1209586449	0.0259793424	0.0631029816	0.1390303859	-0.0821395894	0.0310157018	-0.0064238624	-0.0569868013	0.0058378232	0.096370195	-0.1367047396	-0.0458151295	0.0706069606	-0.0620635115	0.1140057669	0.0512745187	-0.0425457641	-0.0252543202	-0.0201929625	-0.0073972781	-0.0153273532	0.0263070663	0.0145489431	-0.0961110598	0.0520270925	-0.100427273	0.0042937795	0.0166513177	-0.0232156978	0.0218626452	-0.0040115163	0.0562434012	0.0086525732	0.0220743026	0.0554194841	0.0347316807	-0.00264714	0.0074916154	0.0185584594	-0.0051236258	-0.0630746821	-0.0532253443	0.0043700579	0.0206810344	-0.060784594	0.0622178401	-0.010925909	-0.0146389238	-0.0393792573	0.0714542303	-0.0439885694	-0.0465140974	0.0863125622	-0.0487426006	0.0637516353	-0.0538049656	0.0506353298	-0.085940443	0.0331592224	0.0250230721	-0.0254312463	0.081751122	-0.0816392826	-0.0197121172	-0.0451496352	-0.0064672401	-0.0185636678	0.0387464795	0.0802074258	0.0244223513	0.0499239688	-0.1610805698	-0.0221726771	0.0611027402	0.0211404111	-0.0082551352	-0.0869438187	-0.0052302121	-0.0118095068	0.0588025684	-0.1132672077	0.048942065	-0.0258111612	-0.0086182691	0.0040342553	0.073329208	-0.0240819287	-0.0195508296	0.0776004788	0.0212091069	0.0802754101	0.1288635429	0.0407036086	0.0521901744	0.1465717906	-0.062098016	0.0369264653	0.0821129555	0.0659454405	-0.0185790242	-0.0375614133	-0.0663243255	-0.0099767344	-0.0815985702	-0.046319389	-0.0372189597	-0.0029657865	-0.0473614029	0.0493546409	0.0702745753	0.036879435	0.0367491623	0.0074378294	-0.013860687	-0.0582974583	0.0031744514	-0.0836151435	0.0283929849	0.0350325048	0.0477595089	-0.0727125295	0.0516413058	0.0687778932	-0.0002511077	-0.109084303	0.0248743413	0.0099745905	-0.0365737919	-0.0493653352	0.0327923177	-0.0069822607	-0.0757794109	0.1064216695	-0.0907861037	0.0500927636	-0.0090257801	-0.0732478076	0.0119477681	-0.0277683495	0.0200282749	0.0377711342	-0.0061682483	-0.0862938576	-0.0633831551	-0.0707751245	0.0146879343	0.0212156877	-0.0172392248	-0.0163230284	-0.031670401	0.0198818732	-0.0221312735	0.0344077188	-0.0243411035	-0.071215581	0.0113561191	-0.0182553572	-0.1483321541	-0.029775347	0.0275712611	-0.0709516028	-0.0598460535	-0.0036688852	-0.004065786	-0.0208976239	-0.0058768479	-0.048432469	-0.0932015206	-0.097942397	0.0240710883	-0.1159908391	-0.0791807356	0.0314696508	0.0286164211	0.0656190845	0.0546191406	0.0017600544	0.029512742	-0.0356355127	0.0232606604	-0.0221630989	0.0224484542	-0.0094890934	0.0556494121	0.0534793159	-0.0451018879	-0.1071961556	-0.0390324537	-0.0004933291	0.0688262214	-0.0329136668	-0.0677932473	0.0816975821	0.0090037942	-0.0881766985	0.0544480209	0.0	-0.0461935301334079	-0.0080310753754132	6.449817168556982e-05	0.002133842226186	-0.0660975232929104	-0.0370109472416544	0.0013698102157245	0.0043688825854568	-0.6369485370074841	-0.0712144173369111	0.4057034387959743	0.0050714932366357	0.0093960687312309	0.0006628914434225	8.828610760201504e-05	4.394250657628975e-07	0.0049228944373822	-0.0001000437513667	1.0008752187522251e-08	2.4234889641608603e-05	0.0022904398783139	-0.0003006958070056	5.246114836170593e-06	9.041796835074909e-08
374.457232679569	-0.0576637126957848	140218.2191060409	0.003325103761862	368.950764473137	-0.9804743110677236	0.9613298746637272	136124.6666053122	253.75411371751264	-0.2483380963980153	64391.150228560335	0.0616718101225899	266.56440530131306	428.5476407679829	1.01136	28.121422	0.1778934349095448	0.0941459485527556	-0.0851306042	-0.0135158674	0.1117104549	-0.031990262	0.043459106	0.1088106503	-0.0816098407	0.0806209614	-0.0248832518	0.0355205037	0.0377183359	0.0358751852	-0.0758069626	-0.0194623341	-0.0730227136	0.0302814963	0.0039878252	0.0183018946	0.0521090614	-0.0368111201	0.024479314	-0.009991845	0.0702067058	0.12182663	-0.0555669813	-0.0560107822	-0.061491978	0.0343765919	-0.0150982271	-0.0353640994	-0.026317295	-0.0307792547	-0.0952086342	0.0041946719	0.0629215806	-0.0082145514	0.0965285512	0.0769248104	0.0509638934	0.0188135763	-0.0359634431	-0.0287765268	-0.0133180526	0.0547129149	0.0435615455	0.0073198147	-0.0628803847	0.1547596027	-0.0307482418	-0.0691339212	-0.0446973194	-0.0240380072	-0.0440991273	-0.1171897033	0.0688701086	0.0286709958	-0.0213593005	-0.0220522331	0.0535200947	0.0519988332	0.073753477	0.0001733358	0.0556177596	-0.0446838211	-0.1159060336	-0.0855730559	-0.0328104731	0.0962097538	0.0381376668	0.081501275	0.0080429316	0.0423388447	0.1320578657	0.1475368972	0.00783066	-0.0821173111	0.0132219604	-0.0032581549	-0.0748198105	-0.0187082541	-0.0329747991	-0.0084459861	-0.0008051273	0.0616849404	0.0178453	0.0533775281	-0.0674004126	0.0333831819	-0.0555159793	-0.134934548	0.0257490521	0.0867246035	0.0445749927	-0.082010812	0.016341625	-0.0721437982	0.0387929718	0.0811462097	0.0439669768	0.0931945434	-0.1039726582	0.06079153	0.0895195615	-0.0173869272	0.028080899	0.0897715462	-0.0320868406	-0.0349515835	-0.0623000095	-0.0368196665	0.0449436356	0.0183182305	-0.0140677536	0.0934670534	0.0880153678	0.0356707609	-0.0236162145	0.0216721093	-0.0131136699	0.0460932903	0.0875289178	-0.0455777271	-0.0189243522	-0.0606032575	0.0517247576	-0.0602053666	-0.0600480535	0.0414999053	0.0597037893	-0.011771436	-0.0221778903	0.0370115084	-0.094385166	-0.0093089897	-0.0685816037	0.0191368262	-0.0364883472	-0.029027208	0.0951958057	-0.0514465542	0.0080228557	-0.0466647632	0.0404019139	-0.0842757287	-0.0459662964	-0.0192136981	-0.0084999359	-0.1325054917	-0.0381948924	-0.0361263361	0.0491348087	-0.0991066909	0.0315969329	0.051174492	0.1306611258	-0.0235911584	-0.068821806	0.0688855703	-0.017452325	-0.0183874036	0.100803983	-0.0132162216	0.0421906685	0.0703469489	-0.0880650334	-0.0430738521	-0.0964313881	-0.0552349631	0.1046257714	0.0472400895	-0.0640792368	0.1169113266	0.0477371855	0.0268902786	-0.0200224897	-0.0609660322	-0.1237620249	0.0246476028	0.0986028358	0.0740759805	-0.0318405712	0.0807638051	0.0710771387	-0.0147468242	-0.0852254887	-0.0663708369	-0.1112229905	0.0196842669	-0.0587907564	0.0298718008	0.025004393	0.0624475764	0.0467170548	0.0473820015	-0.0827714551	-0.0925397291	-0.0314915691	0.0944912731	-0.0340327152	-0.0661553376	0.0832565493	0.0042071001	-0.0863869029	0.0600703222	0.0	-0.0785394752543879	-0.03234594512098	0.0010462601657694	0.0061684491732346	-0.0443457413555421	0.0217517819373683	0.0004731400174508	0.0019665447763726	-0.5682337038422176	0.0687148331652665	0.3228895421822451	0.0047217282969304	0.0085314384834532	-0.0008646302477776	7.278544259694624e-05	7.475854653721257e-07	0.0051121892448089	0.0001892948074267	3.583252411871166e-08	2.6134478874739797e-05	0.0022427474397997	-4.76924385142e-05	5.029916078728109e-06	2.2745686914307475e-09
374.68095304066617	0.2237203610971505	140385.81657146188	0.0500507999694394	370.8538410157499	1.9030765426128935	3.621700327043445	137532.57139613508	253.7594786281428	0.0053649106301634	64393.87299362687	2.8782266069640485e-05	267.21383471742126	427.0829169317648	0.980887	27.274122	0.1374765983879787	0.0795778510209607	-0.077235171	-0.04961246	0.04875397	0.0175819685	0.0830756174	0.0260147941	-0.0606144715	-0.0259405216	-0.1496416585	0.1264789232	0.0458387378	-0.0289996654	0.0631510452	0.1089730484	-0.0094849702	0.0133118614	0.0252747982	-0.0529698452	0.0762190318	-0.1091796748	-0.0556512317	0.000712283	0.1104074264	0.0551982683	-0.0375225105	-0.0016464692	-0.04509998	-0.0274168044	0.0258730446	-0.0654406693	-0.0362333332	0.0471098163	0.0140970895	-0.0063348735	-0.0069493158	0.0075643283	-0.0642082434	-0.0210729473	0.0092403824	0.0341312143	0.0536372547	-0.0726175169	0.048795459	-0.0304246874	0.0724174143	0.0396236799	-0.0294292358	0.0102469364	-0.0735753465	0.0014837973	0.0370717979	-0.071786324	-0.0058067697	0.0575695128	0.0329980379	-0.0160425408	-0.008369778	-0.0185669394	-0.0011686595	0.0358125333	-0.0182657295	0.0658443739	0.0672515159	-0.0428320441	-0.0270689833	0.1316995398	-0.0126431382	0.0481723166	0.0165234114	-0.0561201401	-0.1178006209	0.0613015246	0.0782560195	-0.0254281309	0.024397571	-0.023794504	-0.0045893322	0.0807176093	0.0768806118	0.0753146296	-0.0499125699	-0.0119097349	-0.0438313325	-0.0407574256	0.0052437752	-0.0160973261	-0.0458696712	-0.0050316105	0.1222353544	0.011660448	-0.0040636909	0.0706826166	-0.0263120586	-0.1573329893	-0.0410418142	0.0306461963	0.0791612957	0.0682864771	0.0271776883	0.0461909409	0.0393313036	-0.0530440203	0.1457849487	0.1243501186	0.0214022664	-0.0456949598	0.044316694	-0.0402243184	0.0822431458	-0.0263038314	-0.0519033805	0.0085181241	0.0162874751	-0.024706924	-0.0195709401	-0.0089260346	0.0137367204	0.0252293195	-0.0402535203	0.0640749973	0.0479440014	-0.0063156073	-0.0382615704	-0.0830715241	0.0274830668	-0.0974356559	0.0178869359	-0.0267838522	-0.0230020061	0.0827529754	-0.0477468511	0.0037954448	0.1005213693	-0.0200413	-0.0272003634	-0.0303074972	0.0075620691	-0.0371278711	-0.0473976577	-0.0711233362	-0.0265412277	0.0833954245	-0.0561594445	0.0025341154	0.1239403837	0.0033167631	0.0194602316	0.0654738961	0.0415075545	0.0048139772	0.0280936044	-0.0386322053	0.0369456681	-0.0196827296	-0.0002808281	0.0235810373	0.0040810776	-0.006290832	0.0443377065	0.0596372642	-0.0060901112	-0.0469758977	0.0628689951	-0.0164038133	-0.0079707875	0.0665651312	-0.1057454004	0.0188603541	0.0118217545	-0.0854339406	-0.0404226509	0.0344505119	-0.0821345572	0.0111790532	-0.0164443582	-0.0994697481	-0.0732003146	0.0352117815	-0.019534881	-0.0696299219	0.0331911613	-0.0232578269	-0.0407405801	-0.0175099713	-0.0318393023	0.0285240246	-0.1251161624	0.0811005701	0.0568694131	-0.0230737954	0.0685277314	0.0419674697	-0.0461818196	0.0418794938	-0.0336881311	-0.0390776469	-0.0488675465	0.082987377	-0.0351458834	-0.0644717082	0.0846860645	-0.000601222	-0.0842240844	0.0653191659	0.0	-0.0727596488201811	0.0057798264342067	3.340639360955566e-05	0.005293966496436	-0.0613486089130219	-0.0170028675574798	0.0002890975051771	0.0037636518155629	-0.6308384133486697	-0.0626047095064521	0.3979571037562671	0.0039193496523872	0.0092954919654562	0.000764053482003	8.640617087986078e-05	5.837777233609096e-07	0.0049893395027431	-0.0001228497420657	1.5092059125633547e-08	2.4893508673632767e-05	0.0020878667660717	-0.000154880673728	4.359187632866698e-06	2.398802309443921e-08
374.7209515183146	0.0399984776484529	140415.7915067911	0.0015998782141937	370.6540411439393	-0.1997998718105691	0.0399199887755198	137384.41821633306	253.7739605982441	0.0144819701012863	64401.22307771914	0.0002097274580145	266.65385715534933	428.3298665069336	0.905813	25.186638	0.1212253820707957	0.068989864454356	-0.0696372291	-0.0076659376	0.0525756975	-0.0163605807	0.0782133875	0.0986781372	-0.1069050781	0.0282707615	-0.072991107	-0.0342774023	-0.0366998317	-0.0763431831	0.0650112686	0.0301164667	-0.1014107027	-0.0151044569	0.0656940458	-0.0497285455	0.0590951142	-0.001216085	0.0699982861	-0.0211203155	0.0624370951	0.0651867504	-0.0011237749	-0.0481378733	-0.0194494715	0.0614770109	0.0119552459	0.0088841256	0.0511319519	0.0937700632	-0.0269450172	0.0077221752	0.0306595643	-0.1076619824	0.0333997098	-0.044770134	0.1201498162	-0.036554646	0.0140392266	-0.0023564389	-0.0570692239	-0.05782387	-0.0876157505	-0.0512416079	0.0660484687	0.0857846622	-0.0582924789	0.0524776275	0.0062812664	0.1055419165	-0.0059082495	-0.0251020815	-0.0366623148	0.0053312627	-0.047677375	-0.0859430048	-0.1542458091	-0.0027275339	0.0492258918	0.039584023	-0.0120152851	0.0065155685	-0.0295431255	0.0433700796	0.011609489	-0.0551261258	0.0655695786	0.0812374804	-0.0068946808	-0.0495851587	-0.0011359379	0.0179469782	-0.050437519	0.0219696169	-0.0634228472	-0.0273134312	0.0171760569	0.0806293496	0.0095234542	-0.0724013463	0.0776510136	0.0348453245	0.0053606421	-0.0218828917	-0.0525443959	-0.0372632322	0.1103570188	0.0080511914	-0.1069743966	0.0053882179	0.0723090777	0.0344801745	0.1650168877	0.0209101091	-0.0035139614	0.0026569065	0.1190885357	-0.031377048	-0.0886181198	0.017474045	0.0632796442	0.0745685135	-0.0025584957	-0.0134643792	-0.1067796717	-0.044349919	0.0822697869	-0.0054334515	-0.0137899043	-0.0130281459	-0.0350900346	0.0551788804	0.0930388958	0.085580039	-0.0496578086	-0.0201609658	-0.0022744759	-0.0560404395	-0.1012144182	0.0252426462	-0.0714416732	-0.0036365498	-0.0410835446	-0.0210208069	0.0245591853	-0.0565204941	0.0320827488	-0.0488223464	0.0107826082	0.0833471042	0.0561303716	-0.0405545683	0.0150377818	0.1058913855	0.0340069359	0.0622541272	0.0001153416	0.0104231742	-0.0941456487	0.0740058933	0.0270497988	-0.0194460938	0.0632677685	0.0629496302	0.0044582923	-0.0226278416	0.0076522046	0.0214256864	0.0239730904	0.0745752216	0.0298712381	0.0691883869	0.0259898843	-0.0233794607	-0.0225334174	0.0921987497	0.0129628221	0.074568994	-0.0279075298	-0.0367649192	-0.0221028489	0.0539700406	0.0841148897	0.0132843318	-0.0414670012	-0.0419008874	-0.0512733334	0.0027091577	-0.0640277684	0.0374746719	-0.085284217	-0.0095138043	-0.0257569889	-0.0735880118	-0.1172418481	0.0661314037	0.0667652924	0.0941602247	0.0203191655	0.0428620429	-0.0089380844	-0.116210068	-0.0141177451	-0.00413273	-0.0958701735	0.0808325508	0.0395622358	-0.0213461279	0.0295176129	-0.0264974829	-0.0103197888	0.0792995283	-0.0195603058	0.0464240093	-0.0688525027	0.0094578331	-0.0362529791	-0.0627435226	0.0859839051	-0.0054078825	-0.0816975821	0.07016192	0.0	-0.0649023072609651	0.0078573415592159	6.173781637818286e-05	0.0042123094877967	-0.0266235166771338	0.0347250922358881	0.0012058320307909	0.0007088116402576	-0.5730686017529081	0.0577698115957616	0.3284076223150332	0.0033373511318097	0.0093929454746218	9.74535091655994e-05	8.822742468921815e-05	9.497186448689564e-09	0.0047610010799361	-0.000228338422807	5.2138435329988376e-08	2.2667131283152716e-05	0.0019961959644457	-9.16708016259998e-05	3.984798328469299e-06	8.403535870753411e-09
375.0481942938924	0.3272427755777585	140661.14804310925	0.1070878341678352	370.3502021457838	-0.3038389981555269	0.0923181368001543	137159.2722294229	253.8305372443081	0.056576646064002	64429.94163773408	0.0032009168798513	266.8503680063092	424.97487613695847	1.039158	28.894365	0.1283439919747219	0.0691579589295597	-0.0387560199	-0.0359053488	-0.0274612689	0.0437025926	0.0850646988	0.0151731474	0.0201444519	-0.1367506549	-0.0623552989	-0.0424196477	-0.1528740917	0.0579556841	-0.0574713604	-0.0446045124	0.0004482039	0.0278389686	0.0497950632	0.0708305814	-0.0106979752	0.1323083977	-0.037219426	0.0181303081	0.0321873354	-0.0049896516	-0.0215030976	0.0131873843	-0.0133075877	0.101850743	-0.0344129815	-0.036926121	-0.0616238207	0.0261590962	-0.057403468	0.0659989114	0.0813482299	-0.056335507	0.0541471299	0.0037721884	-0.0525783882	-0.0544309615	-0.0298891295	0.0177905192	-0.0307233784	0.0130061986	0.0497499128	0.1448161502	0.0295996567	0.0076849188	0.0385287941	0.1094874481	-0.0686786059	0.0183156757	-0.0855675304	0.0248075874	0.0320238537	-0.0023051601	-0.0213144008	0.0609718961	0.1837237437	0.04649645	0.0240608694	-0.0668899068	0.0481852129	0.1075891605	-0.0547859807	-0.0397533822	0.0526304384	0.0788363513	-0.0181334146	-0.0106005477	-0.061566545	0.0444963082	-0.0670696962	-0.0584922129	0.029843952	0.0978765444	-0.1171104696	-0.0026869302	-0.1194617909	-0.0312096954	-0.0098706277	0.0707204355	0.0640675135	0.0569668977	0.0487508429	-0.040185309	-0.097299477	-0.0272923594	0.0565607146	-0.0132322674	0.0143743386	-0.0016948872	-0.1234230788	-0.0052254501	-0.015391237	-0.0459106582	-0.0053675629	-0.0733982108	0.0154410858	-0.0609371125	0.0441163526	-0.0550621857	0.0347362043	-0.0725423185	0.0550708326	-0.0880425327	0.0386170498	0.046955135	0.0439068397	-0.014537839	0.1818008157	-0.0433922141	-0.0840919916	-0.0339611895	0.0070961733	0.0686762406	-0.0380584759	-0.0130008875	-0.0082447819	-0.0065619525	0.0027684853	0.0538108518	0.0298039916	0.0686827041	0.0677064853	-0.0219123118	0.0442028692	0.0244051396	0.0915933343	-0.0911550538	0.0162862447	-0.075559674	-0.0475982352	0.0497200091	0.0161234838	0.0312187464	-0.0773463814	-0.0835320938	0.0070575054	-0.0824944923	-0.0688726132	-0.1043390313	-0.0146242031	0.0474204503	0.0550049481	-0.1320908053	0.0669834963	-0.0414777551	-0.065890126	0.0114208691	0.023436693	-0.0087786244	-0.0137017118	-0.0363941134	0.0486077033	0.0668939877	0.0556945483	0.0073404252	-0.0246981601	0.0523572768	0.0034367619	0.1630785908	-0.0640332265	0.050223141	0.0644879118	-0.0096999044	-0.0543908305	-0.0949681762	0.0116847143	0.0807216167	-0.0742295028	-0.0327920643	-0.0877822198	-0.0040528424	-0.0088905874	-0.0856466758	-0.0288687801	0.048916681	-0.0171057567	-0.0765694685	0.0378010034	0.0207019847	-0.019532481	0.0135309479	0.0453307321	0.049977672	-0.0188400326	-0.0808905266	0.0064402173	-0.1581342941	0.0298071947	-0.0188899973	0.0361273271	-0.0077015773	-0.0846585091	0.053357555	0.0124961521	0.0612314333	-0.0373538109	-0.0609719752	0.0871480531	-0.010199596	-0.0788183057	0.0745684769	0.0	-0.0770469822646759	-0.0121446750037108	0.0001474931309457	0.0059362374760932	-0.0493645738290098	-0.022741057151876	0.0005171556803848	0.0024368611493197	-0.6294440532649332	-0.0563754515120251	0.3961998161905881	0.0031781915331847	0.0098964439835015	0.0005034985088797	9.793960351858303e-05	2.5351074844408165e-07	0.0046049230798339	-0.0001560780001021	2.436034211590233e-08	2.1205316571186933e-05	0.002078275621606	8.20796571602998e-05	4.319229559361805e-06	6.737070119552354e-09
374.9566053562937	-0.091588937598658	140592.4559003154	0.0083885334904508	368.1398269965521	-2.2103751492317087	4.885758300341099	135526.9322210513	253.82563177613187	-0.0049054681762186	64427.45134655249	2.4063618027893625e-05	266.3626004361929	429.0217076712613	1.056905	29.387844	0.147100249432766	0.0648539989529979	-0.0808100609	0.007333294	-0.0263164436	0.0125118749	0.0366730502	0.0447964741	-0.0241698908	-0.0703348572	0.0064317952	-0.0776178242	0.0159430999	0.0309520451	-0.0558095734	-0.0766359088	-0.065323144	0.0270626502	-0.0451834716	-0.0955353616	0.050401545	-0.0166585892	-0.0149527178	0.0548701475	0.0353899701	0.0333004998	-0.0204059518	0.0494320417	0.044277984	0.0643828936	-0.0791994056	0.0105082161	0.0402095625	0.0766698859	0.0129655637	-0.0396602034	0.0056415359	-0.0916530585	-4.15919e-05	-0.0619065142	0.0945273974	0.0511992308	0.1128454182	0.040498644	0.0216450467	-0.0122747268	0.0238814576	0.0294682177	-0.0095192963	-0.095722755	-0.0010225775	0.0775760624	-0.0164046554	0.0341396455	-0.0057323903	0.0639918295	0.0241985812	0.0186797077	-0.0208458116	0.0211009618	-0.0757280153	0.0997078289	-0.0484745862	0.0050167696	0.0278860049	-0.0072196581	0.1070977849	0.0367476693	-0.0402637804	-0.10149655	0.0226817482	-0.0533397685	-0.0186182828	-0.0080333171	0.0608517968	0.0028915242	0.0909090644	0.0650024647	-0.0631102212	0.0394442212	-0.0839117473	0.0319534415	-0.0894109187	0.0757793802	-0.0620514024	-0.0087758159	0.0516949631	0.0072820975	0.0166546397	-0.0257564375	-0.0919342313	0.0641575752	0.0179987409	0.0044836959	0.0320746743	-0.0845222302	-0.0327281231	-0.0122177437	0.090032327	-0.020025916	-0.0077275492	-0.0501021629	-0.0620484632	-0.0425238891	0.0074892903	-0.089070406	-0.0058876134	0.0128086023	-0.0602992063	0.0090026135	-0.0197521054	0.009510918	0.07444975	0.0398745967	0.0448952627	-0.052439987	0.0442642777	0.0875722962	-0.0052334983	-0.0298424468	-0.0101207606	-0.0284366999	-0.0519615874	0.0702519199	-0.0385355908	-0.011325701	-0.0816573902	-0.0026511259	0.0997105907	-0.0223320553	-0.0918357295	-0.0205084632	-0.0698064118	-0.0886701956	-0.0238516132	-0.0328719631	-0.0149084339	-0.0196050171	-0.0153997694	-0.0243979022	-0.1000252641	0.0152007027	-0.1081137106	-0.0152240548	0.0138919673	0.0831315884	0.0480870197	0.0745747532	-0.0149065524	0.0298378341	-0.0886479162	-0.0477003074	0.0073519837	0.0809617348	0.0672237125	0.0053527601	-0.0178624077	0.05046522	-0.0535167443	0.0287164096	-0.008204448	0.0429516827	-0.0332001898	0.0926073969	0.0240283574	0.0301892369	-0.0438990404	-0.091101113	-0.1179846248	0.0941433235	-0.0625452586	0.0489042514	-0.0649965159	-0.0650484348	0.0319585329	0.0476986162	0.0285818333	-0.0354727686	0.0168503627	0.0325416774	0.135330523	0.0160710976	-0.0941014364	0.0416722487	0.0014915525	-0.0500249635	-0.0266128291	-0.0070276053	0.0834684266	-0.073562408	-0.064062657	-0.018866848	0.0285576141	-0.1433294323	0.0242498105	0.0126602205	-0.1017844783	-0.0722865127	0.0696525492	0.0045371094	-0.0384481886	-0.0591582902	0.0881766985	-0.0149631188	-0.0755986879	0.0785114412	0.0	-0.0928616227554073	-0.0158146404907313	0.000250102853851	0.0086232809807675	-0.0231459316337918	0.026218642195218	0.0006874171985608	0.0005357341511961	-0.5920444136224816	0.0373996396424516	0.3505165877015881	0.0013987330453852	0.0101184375625327	0.0002219935790311	0.0001023827787068	4.928114913108161e-08	0.0042407578568295	-0.0003641652230044	1.326163096458445e-07	1.7984027200261133e-05	0.0013110878815543	-0.0007671877400516	1.7189514331585424e-06	5.885770284856344e-07
374.85750042221656	-0.099104934077161	140518.1456227921	0.0098217879584384	368.5256700442576	0.3858430477055208	0.1488748574626848	135811.16948156903	254.0821547429424	0.256522966810536	64557.74135881653	0.0658040325012793	267.3499619268186	422.92012680693824	1.039918	28.915508	0.1462255437543118	0.0826729244816044	-0.067021408	-0.0057674451	-0.0235847709	0.1055038662	0.0143040465	-0.0865104364	0.0610647603	-0.1067266249	-0.0457023478	0.0695139113	0.0293766748	0.0366704537	-0.0615390005	0.006941875	0.0397443079	0.0211988281	-0.0025542617	-0.1258026176	-0.0266816732	-0.1109143778	-0.0044120782	0.0102370274	0.118252905	-0.0046775569	0.0659841774	-0.015519011	0.0467913108	-0.0473714926	0.0801744498	-0.0234828249	0.0485504921	-0.0494887608	0.0219269531	-0.0060034931	0.0406498333	0.1049918146	0.046202418	-0.0295216654	0.1278714037	-0.0475870218	-0.0330214774	-0.0724337255	0.0186688032	-0.0122223112	-0.0450731878	-0.0934289173	0.0430159784	-0.0713660732	0.0113190921	0.0230634773	-0.0553559974	0.0856842184	0.0323437539	0.071001273	-0.0307931473	8.23026e-05	0.0482354198	-0.0589145394	-0.0472575052	-0.084469901	-0.0809815779	0.038434707	0.0075713718	0.0337848358	-0.0049989668	-0.0510919653	-0.0383210012	0.027249885	0.1189590252	-0.0541748296	-0.0395264425	0.0686633502	-0.0260941169	0.0007399694	-0.0051477333	-0.0824338955	-0.0637654551	0.0247193791	0.042781998	-0.0163944388	-0.03477792	0.0479407713	-0.0738779793	-0.0588462777	-0.0399649795	0.0671746112	0.0698296903	0.0334961875	-0.0865529704	0.0269438267	0.0164692923	0.0048039669	-0.0195008918	-0.0299657869	-0.0558058088	0.0028333165	-0.1098324769	-0.1205240721	0.0206182829	0.0104842843	0.0969680479	-0.0777139282	0.0928947737	0.0028389256	0.0164492742	0.0087372014	0.021606311	0.0572681431	0.0208463814	0.095200137	0.0015522897	-0.0304188693	0.0939582723	0.0298343124	-0.0061742694	-0.0552004162	-0.0178438983	0.0409730927	-0.0189518857	0.0005217354	-0.112777707	-0.1046087711	0.0921867618	-0.0631353011	-0.068170337	0.0211165507	0.0211139962	0.0275040956	0.0796162703	0.0343285213	-0.0848218194	0.0914679217	-0.0438469478	-0.0721902219	-0.0172868507	-0.0391732804	0.0140146082	0.113188364	-0.0363964534	0.0388250316	0.0139523194	0.0582336008	-0.0475434826	0.1184849986	-0.0507360527	0.0285359364	0.0226582475	0.0038344536	0.0149300466	0.0438224988	-0.0066161299	-0.0509873509	0.0901297788	0.0776369418	-0.0008981366	-0.0764944116	0.0538354533	-0.0227477298	0.0258086717	0.0007672232	0.0044926646	-0.0344473541	-0.0748079807	-0.121308042	-0.0238061309	0.0270220545	0.0300627152	0.0649251156	0.0228090607	-0.0543769403	0.0402763904	0.0165447552	0.0014665349	-0.0292547843	0.0483852487	-0.0625261268	0.0402746528	0.0267833464	-0.0111228065	-0.1294258387	-0.0432907275	-0.0476303878	-0.0535552234	0.070672531	-0.0537751028	0.0894892617	0.0416576312	-0.0889158945	0.0443585937	0.0167942835	0.0329490988	-0.0597172156	-0.0201072122	0.02374535	-0.0339078667	-0.0612488316	0.0080034199	0.0105692046	-0.0395359232	-0.057303721	0.0890682417	-0.0196852849	-0.0720526312	0.0819662993	0.0	-0.0957597175549693	-0.002898094799562	8.39895346724833e-06	0.0091699235062074	-0.0507962400896531	-0.0276503084558613	0.0007645395577042	0.0025802580072456	-0.6647401442393601	-0.0726957306168785	0.4418794593633653	0.0052846692499217	0.0099275205614542	-0.0001909170010785	9.85556644980959e-05	3.6449301300808224e-08	0.0040532278413341	-0.0001875300154954	3.5167506711705e-08	1.642865593376589e-05	0.000829906700488	-0.0004811811810663	6.887451315148789e-07	2.315353290123595e-07
375.49227651908905	0.6347760968724856	140994.44972548803	0.4029406931606672	369.86750211984	1.3418320755824311	1.8005133190618552	136801.96912436988	253.7792618688473	-0.3028928740951073	64403.91375469697	0.0917440931775945	266.46416054249295	430.7857013272671	1.202367	33.432484	0.1911091713656091	0.1176285634418966	-0.1223679281	0.0697701727	0.054420825	0.031855919	-0.0378971036	0.1203231423	-0.1096473339	-0.0006056129	-0.0198485886	-0.1140162158	-0.0584184854	-0.0299553499	-0.021448741	-0.1532135946	-0.068607591	-0.0184527015	-0.0706381959	0.0001899134	-0.007005828	-0.0370622318	-0.0843782643	0.0549448362	0.069266344	0.0369783311	0.087687715	0.0013998714	-0.0358371465	0.037111468	-0.0555243474	0.01957143	-0.0061073577	0.0388266246	-0.0868261953	0.0294679408	0.1053667971	0.0552850554	-0.0498502241	0.0245586695	0.0136425618	0.0879577425	-0.1466033373	0.0309809927	0.069697656	-0.0490351191	0.041980458	0.0151802248	-0.0316720634	0.0772214598	0.0416500865	0.1115837629	-0.0238335686	-0.0716256307	-0.0131821097	0.0017991231	0.0598168959	0.0454141251	0.0125206643	0.0636660458	-0.0331806003	-0.0757295362	-0.0134617313	0.0567817573	-0.0040905872	0.0197009346	-0.0056769331	0.0502860215	0.0639520093	0.016027816	-0.0003196325	0.0960132038	-0.0233840079	-0.0226186304	-0.0549770431	-0.0743507057	-0.0820028535	-0.0180009268	0.0942120369	0.0075166177	0.0353825842	0.0020382429	0.0054095935	-0.1539420657	0.0291691699	-0.0225751745	-0.069380353	0.0094780491	-0.1118900568	0.0117342014	0.0594948117	0.0251070558	-0.0685664303	-0.0414792283	-0.0631660205	-0.0539157185	0.0331158027	0.0759420106	0.0102653968	-0.0340603512	-0.0686319242	0.0218426114	-0.1085370706	0.0003088593	0.035888547	-0.0502732982	-0.0191489593	-0.0176979325	-0.122079823	-0.0513847445	-0.0257929459	0.046551623	0.1163640313	-0.0563477983	-0.049936623	0.0195301432	-0.0377227738	0.0913169366	0.0327848837	0.0425845639	-0.0085986225	-0.0388644046	0.0640419205	-0.0569725923	0.1421025413	-0.03616073	0.0551377148	-0.0746162193	-0.1323090642	0.0434375422	-0.0661367776	0.0167120985	0.0178877145	-0.0409063902	-0.0520653639	-0.0454268547	0.1294864358	-0.0126202568	-0.0075099744	-0.0100612019	0.0449329842	0.0040039075	-0.0147882553	0.0138429855	-0.0215769318	0.0440873759	-0.0053922446	0.0452184401	0.0233155035	0.0039521701	-0.0231581693	0.0408603494	-0.1224850281	-0.0198539238	0.0064687779	-0.024371045	0.0874922486	0.0234671406	-0.0743967238	-0.0057117658	0.0353027169	-0.0573394602	-0.1106844752	-0.0485211452	-0.0191872297	-0.0078198809	0.1158848167	0.1454495947	0.0538477912	-0.0382656886	0.0169586724	-0.0346839075	0.0295583672	-0.0367199315	-0.0003403855	0.006189299	0.0884828667	-0.0356243053	-0.0091932311	-0.0268688693	0.1910196523	0.0359768919	-0.0076218005	0.0454973438	0.0948689009	-0.0570446349	-0.094955983	0.0441566615	0.0464079052	-0.0103861666	-0.0728459119	-0.0783870265	0.0281494102	-0.0823788662	0.1144657513	-0.0644615926	-0.0710747294	0.060841512	0.0059108432	0.0636093939	-0.0406168267	-0.0554095495	0.0898212967	-0.0243530426	-0.0681954477	0.0849115724	0.0	-0.1181093582064249	-0.0223496406514556	0.0004995064372491	0.0139498204959335	-0.0355593890708831	0.0152368510187699	0.0002321616289681	0.0012644701510944	-0.5767321500748466	0.0880079941645135	0.3326199729299554	0.007745407036861	0.0086444534005	-0.0012830671609542	7.472657459341601e-05	1.6462613395190716e-06	0.0040311904005454	-2.2037440788699736e-05	4.856487965154469e-10	1.6250496045449384e-05	0.0008350958093625	5.189108874499972e-06	6.973850108148089e-07	2.6926850911414368e-11
374.7187018706251	-0.7735746484639208	140414.10553160644	0.5984177367460786	367.8785752591575	-1.9889268606825112	3.955830057144389	135334.6461347076	253.5296223616797	-0.2496395071675863	64277.26941485592	0.0623198835388753	266.6264155055366	423.160399748885	1.095519	30.461521	0.1319606144620241	0.0655730306282894	-0.0740529708	0.0443872805	0.0067376369	0.0984083015	0.0059645784	-0.038138018	0.028024907	-0.0742932321	-0.0280514944	0.0025727383	-0.0215750556	0.0478609406	-0.0467821604	0.0086346934	-0.02331499	-0.0620594159	-0.0374586622	-0.1180936969	-0.0090339938	0.0004602744	-0.0472357775	0.046175293	0.0400886394	0.0502132223	0.060466117	0.0066047765	-0.0253931676	0.0554441902	0.0052765008	-0.0364124294	0.0118676844	0.0419331193	-0.109941659	0.0632938934	-0.0049855508	0.1177187277	-0.0569050198	-0.02547997	-0.0209990545	0.0124059518	-0.1011688739	-0.0490674447	-0.0673757593	-0.017122292	-0.0423846706	-0.0589885566	-0.0500438204	0.0034603439	0.0277185169	-0.058177053	-0.0646061251	0.0164772137	-0.0158229892	0.0706145163	-0.0207796886	0.0401299323	-0.0408056863	0.0075785552	-0.1059916636	-0.0039594293	-0.0185930931	-0.0745914416	0.0029201389	-0.129819378	-0.0441098297	-0.015184926	0.0124202176	0.0268484852	-0.1017743957	-0.021228352	0.0820015578	-0.0488172973	-0.016361648	0.0631350993	0.0419134377	0.0283977289	-0.0059948248	0.0257920351	-0.0023769332	0.0441655354	0.0028887807	-0.0173402682	-0.0007145911	0.0707063252	0.0351322521	0.0521253622	0.0253306747	-0.0065565208	-0.0184420771	-0.0251232075	0.033395835	-0.0275563343	-0.0272094943	-0.0622178363	0.0380782111	0.0589573036	-0.0834637824	-0.0920301741	0.0046113276	-0.1372679459	0.0349068502	-0.0501877022	0.0365710679	-0.0454150513	0.0586240468	-0.0241633574	-0.0029215022	-0.0299702749	-0.0344152594	0.0539856336	0.0044451123	-0.0941529177	0.0813655845	0.0489657551	0.063203758	0.013508102	0.0042172105	-0.0193281224	-0.0055629119	0.0365606126	0.0395699501	-0.0457282287	0.0292721781	-0.0042670715	0.067708027	-0.0538382046	-0.0456356557	-0.0759232815	0.0167536502	0.0712665508	0.1046086159	0.0974856142	0.0161053245	-0.0019554328	-0.0342138548	-0.0321256013	0.0316747084	0.0539801248	0.0573326645	0.009155707	-0.0372995092	-0.0033406077	-0.0169614277	-0.0080400203	0.0731775924	0.058167364	-0.0425359762	-0.028396963	-0.0595260077	0.0437445244	-0.0753400253	-0.0487923993	-0.0581398566	-0.0049867032	-0.0402922571	0.0433317794	-0.0912945301	0.0061164454	0.0014124541	0.010719739	0.0466177732	0.0317058522	-0.1411121159	-0.0353783213	-0.0777165132	0.0477898682	0.1021725855	-0.0726056899	0.0067718534	0.0452412456	0.0279726921	-0.1351737643	0.0899887479	-0.0308233244	0.1068405039	-0.0316571175	0.0066565922	-0.015213783	0.0172690382	-0.0952714371	-0.0719787919	0.0203522776	-0.0141574196	0.0828197926	-0.0601219753	0.0703836725	-0.007094226	-0.1040976018	-0.000161557	-0.0961113135	0.0569296401	0.0335275221	0.0177482022	-0.1040137588	-0.076766343	0.0336444038	-0.0458042225	0.0431222574	-0.0416907124	-0.0534770846	0.0904346925	-0.0289534907	-0.0640437928	0.0873289498	0.0	-0.105214353695942	0.0128950045104829	0.0001662811413253	0.0110700602236547	-0.0752710005227896	-0.0397116114519064	0.0015770120841071	0.0056657235197017	-0.6177902244164812	-0.0410580743416346	0.3816647613845662	0.0016857654686431	0.0090998171364646	0.0004553637359646	8.280667191709479e-05	2.0735613203163827e-07	0.0038577649074114	-0.000173425493134	3.0076401668771174e-08	1.4882350080854889e-05	0.0006979665553011	-0.0001371292540614	4.871573123188835e-07	1.8804432319435993e-08
375.5442054569016	0.8255035862764544	141033.4502522555	0.6814561709552875	367.9384661623279	0.0598909031704124	0.0035869202825677	135378.71488188652	253.5029839917648	-0.0266383699149059	64263.76289272896	0.0007096027517233	266.1763375636731	429.796438079981	1.032802	28.71764	0.1194317575242896	0.0624814298966524	-0.1042137635	0.0403224887	-0.0095254325	0.0047645819	-0.0234492147	0.1318629877	-0.0437431907	-0.0422457985	0.0366563325	-0.0473481767	0.0125653117	-0.0353210302	-0.0893254295	-0.0464168029	-0.0494591892	-0.0224492172	-0.0382692498	-0.0098995094	0.0244973289	-0.0981107139	-0.0814821785	0.0949980286	-0.0018029018	0.0150881549	0.0135847654	0.0689935607	-0.0161494606	0.0281388015	-0.0583111422	-0.1653322904	0.0735867621	-0.022334356	-0.0296917014	0.000476341	0.0616327819	0.0859561873	0.0596463569	-0.0110599485	0.0005793149	0.0338676334	0.1520742665	0.0035106949	-6.60871e-05	0.0240739103	-0.0698361902	-0.0436505809	0.0271062774	-0.0639310006	0.0510715094	0.0747940903	0.0235970758	0.0082268855	0.0269440854	-0.0192983914	0.0477386757	0.0243264406	0.050776913	-0.0416518128	0.086478893	0.0553409609	-0.0518776361	0.0122658808	-0.1210821449	-0.0469475863	-0.0131555853	-0.0324655412	-0.0019433723	0.0173023843	0.0302386679	-0.036483898	-0.0117872841	0.0345915104	0.19643822	-0.0621191454	0.0050257866	-0.0224249779	0.0467511564	0.0509297391	0.0176549891	-0.0515674016	0.0177240668	-0.0154204784	-0.0209595273	0.029634931	-0.0467217939	0.0107006035	0.0909284331	0.1563496948	-0.02159955	-0.1119184515	-0.102433633	0.0702793867	0.0463925936	-0.0030741805	0.0438260017	0.0599948241	-0.0084884504	-0.0836220576	-0.0070569401	0.0252205964	-0.0504215701	-0.0632944332	-0.0428129342	-0.0286385041	0.0305027057	-6.06152e-05	-0.0143319333	-0.0742485914	0.0573105789	0.0094741702	0.0648390277	0.0231680017	0.1019975487	0.0214415317	0.0654597661	0.0659284338	0.089519242	0.050182574	-0.0416220702	0.0907306312	-0.0782820082	0.0319061862	0.0730506275	-0.0111415835	-0.0694510578	-0.0097879043	-0.0877588981	0.0247718538	0.0050347634	-0.0684101004	-0.0288320355	-0.0284570997	0.0123882721	-0.0141878634	-0.0302880235	0.0019378164	0.0164465872	0.0065568546	0.0715957011	0.018164223	0.093948215	0.0704407874	-0.0656509701	0.0179117177	-0.030177204	0.0482792609	0.0793117392	0.0478979491	-0.0038784617	0.0150853262	0.0525490052	-0.0764217683	0.0838632791	-0.0319418427	-0.0384998035	0.0216669377	-0.0251243266	-0.0024624339	0.0525912208	0.006887486	0.1569755296	0.0308822161	0.0835663846	0.0150627899	-0.0167849312	-0.0280988121	-0.0498070482	0.0719456008	-0.05039094	-0.0626312854	-0.0637202761	-0.0086820809	-0.0322692099	-0.0208545391	0.0956659701	-0.0264538511	0.0371675577	-0.033215904	0.1999257128	-0.0488470042	0.0327603299	-0.04022118	0.0639187926	0.0061514474	-0.1157537239	0.0540787245	-0.0103575938	-0.01460866	-0.0808608335	0.0427642636	0.0186251758	-0.1379459863	-0.0361301992	0.0080110059	0.0170701436	0.0177423299	0.0188917663	0.0058281223	-0.0427573947	-0.0515076619	0.0909074754	-0.033473914	-0.0596155937	0.0892034024	0.0	-0.1417008094040142	-0.0364864557080722	0.0013312614501371	0.0200791193857527	-0.0307805713053994	0.0444904292173901	0.0019793982919476	0.0009474435698867	-0.5968934962209289	0.0208967281955523	0.3562818458308441	0.0004366732492787	0.0090130202494302	-8.679688703439915e-05	8.123453401663884e-05	7.533699598862248e-09	0.0039961691384733	0.0001384042310618	1.9155731175835692e-08	1.5969367783286433e-05	0.0005720047853319	-0.0001259617699692	3.27189474442593e-07	1.5866367493773657e-08
375.2064626580081	-0.3377427988934869	140779.88962033522	0.1140701982044063	367.6930422380452	-0.2454239242827043	0.0602329026103225	135198.1733102689	253.43332734777908	-0.0696566439857235	64228.45141056655	0.0048520480513538	266.37417733092786	425.73314596014495	1.100394	30.597065	0.2314230456761088	0.1155766772853831	-0.0707880566	0.037408591	-0.0688063651	0.0640320981	0.0437102592	-0.0636196109	0.00855262	-0.0714143201	0.0008571746	0.0245908207	-0.0050463989	0.0436718549	-0.0470002639	0.0301187127	0.0360578984	-0.0963597279	-0.0193523848	-0.0989612304	0.055184404	-0.0386775133	-0.0230657064	0.0984129073	-0.013851721	0.0528618993	-0.009274391	0.043517344	-0.05570755	-0.0610629199	0.0520569353	-0.0588023034	-0.0524577441	0.0266290891	-0.0517829107	0.0449373472	-0.0697593835	0.0637079467	-0.0416114481	0.0697257703	-0.0511718995	0.0656301839	-0.066667311	0.0123565048	0.0325976062	-0.0260129611	0.0209548232	0.0705531949	0.0688020092	-0.0212110231	0.0338260664	0.0270636312	-0.0523316254	-0.0705248575	0.0266613327	0.0872877265	-0.1244088691	-0.1145325532	-0.025551791	-0.0275377968	0.0292343937	-0.0210956764	0.0170352116	-0.0333690815	-0.0634527177	-0.1267264565	0.0283394967	-0.0108586628	0.0162559755	0.0403580989	0.0775498597	-0.0929397403	-0.0460233665	-0.0110898438	0.0750468192	-0.0342056745	0.0438369257	0.0300382662	-0.1254475212	0.098748614	0.025202687	-0.0121613479	0.0470034336	0.085077667	0.0367358313	0.0246073979	-0.0576648924	-0.0076781749	-0.0023881346	-0.028754843	0.1418200031	0.0107609374	-0.0476451554	-0.1013619886	-0.0853980636	0.1231966359	-0.0179431647	-0.0914555097	-0.0675192204	-0.1041496046	0.0134975534	0.0362911306	0.014762615	-0.0890189265	0.0128010084	-0.0160821453	0.0567295851	-0.0417913818	0.0334493305	-0.0276590531	0.0097305679	0.0067666975	-0.0119870942	-0.0256832925	0.159644108	0.0018271678	-0.0232531721	-0.0165217399	0.0110514398	-0.0152095876	-0.0344821494	0.0478196776	0.0700199202	-0.0090599738	0.0490296376	-0.0006126202	0.0672447886	-0.0282562861	-0.0003095227	-0.0794754478	0.0216076126	-0.0612905401	0.0684841324	-0.045611941	-0.075246862	-0.0058503362	0.0774010381	0.0019297034	-0.0478642133	0.0537354378	-0.0102178981	-0.0681228641	0.1094992744	0.0503053663	0.0825405682	-0.0326777519	0.0489701735	-0.0001758512	-0.1220280176	0.0659898754	0.0019556236	-0.0153695225	0.0165802856	-0.0740024072	0.0555855708	-0.0699783481	-0.1040772054	0.0020965275	0.0069573521	0.0504466748	0.0107927287	0.0873875153	-0.0214913213	0.0379457691	0.0258221849	0.0785820692	0.0929273992	0.0704001028	0.0229692526	0.0609476649	-0.0988821749	-0.0326833955	0.0077952372	-0.0488059397	-0.0469650746	-0.0221941225	0.142598562	0.0054527222	0.0665181753	-0.0095101835	0.0609276505	-0.172646585	-0.1529009213	-0.052332902	-0.0775556485	0.0595951181	2.12294e-05	0.030879891	0.0149865615	-0.0888078172	0.0561292979	0.0464313437	-0.0153525703	-0.0108316734	-0.0455728579	-0.0064338383	-0.003541431	-0.0540219342	0.0041788796	-0.068265562	-0.0438166893	-0.0495026423	0.0912389102	-0.0379018183	-0.0549299716	0.090523277	0.0	-0.1449906540990184	-0.0032898446950042	1.0823078117247323e-05	0.0210222897760612	-0.064082483269857	-0.0333019119644575	0.0011090173404884	0.0041065646620315	-0.6163010708153109	-0.019407574594382	0.3798270098880989	0.0003766539516365	0.0105204024684302	0.001507382219	0.0001106788680977	2.2722011541573645e-06	0.0027088337562342	-0.001287335382239	1.6572323863646885e-06	7.337780318913886e-06	-0.0001417519018743	-0.0007137566872062	2.0093601684981178e-08	5.094486085315693e-07
376.1243901135021	0.9179274554940092	141469.55683825392	0.8425908135497064	369.0231768127597	1.3301345747144635	1.7692579868508274	136178.1050249813	253.8024718584108	0.3691445106317133	64415.6947214394	0.136267669729527	266.2688763405287	429.7635446553336	1.04562	29.074041	0.2485654432692392	0.1336100605930834	-0.0988386628	0.1336911664	-0.0038458903	0.0432553722	-0.0480374404	0.1034042784	-0.1090563065	-0.0286274482	0.0414222441	-0.0467975041	-0.0051539088	-0.0555632267	-0.0611055408	-0.0783939908	-0.0443940554	-0.0197272012	-0.0285937207	-0.0546315887	-0.012139178	-0.0530045159	0.0044320821	0.0911868428	0.0075726673	0.0894298866	0.12929884	0.0469642255	0.0192607194	0.0799354026	0.0105097202	-0.0882328459	-0.0841117956	-0.0721096142	0.0460292537	-0.0441854116	0.0480539355	-0.0144070822	-0.0244264363	0.0048666888	-0.0101502342	0.0195725822	-0.0094776776	0.0093104222	0.0193604841	0.105539095	0.0191000567	-0.0035153002	-0.0579479096	-0.0465536118	0.058640027	0.0531374329	-0.0084415322	-0.0036982394	0.0822529128	-0.0179817521	0.0168329698	0.0516852931	0.001871854	-0.0135146654	-0.0437865266	0.0401556012	-0.0314488379	0.0662991938	0.0526192392	-0.0691294288	0.0666114526	0.0816261338	0.0639077674	0.001447979	-0.0223257685	0.1628293076	-0.0243438795	0.006689695	-0.0191945693	-0.0197528127	-0.0134565778	-0.1010447967	-0.0797816858	0.089230144	-0.0529955182	-0.0006192588	-0.0002753375	0.0946689158	-0.0291841249	-0.0294942948	0.1169305246	-0.0353069367	0.0278203399	-0.1246243892	0.0099891679	-0.0854279347	0.0407054269	-0.0344891078	0.128674671	0.086515362	-0.0156921307	-0.0595553435	0.0395516378	0.1191527427	-0.0439948225	-0.0934134976	-0.1069104277	-0.0567592682	-0.0009382316	-0.0056694306	0.0408226794	-0.0076012856	-0.0496942465	-0.0343715697	-0.0312105916	0.1296572166	0.0298494332	0.0065513685	0.002170414	0.086080044	0.0250328693	-0.0632985752	0.0955273626	0.0323224703	-0.022438731	0.0817626569	0.0727666899	-0.0408799001	0.1452763791	-0.0464181529	-0.0605435552	-0.0515931106	0.0060786275	0.0483834059	-0.1031694237	0.0349275245	0.0204851324	-0.0519567783	-0.0264395785	-0.0413952749	-0.0290916003	-0.042727776	-0.0062525378	-0.0441838908	-0.0185761939	0.010563146	-0.0556639925	0.0134747675	-0.0014360068	0.0826044586	0.0272726684	0.0624251793	0.0536234599	-0.0226823313	0.0462903152	0.0283786346	0.0684537401	0.0564066715	-0.0799370879	-0.0416855111	-0.0166552989	-0.0499501305	-0.0430590015	-0.0335139992	0.104835319	0.0318474961	0.0351884406	-0.0640401301	-0.0198775411	0.0243767664	0.0693835346	-0.0084151806	-0.0496879942	0.0638030605	0.0552040703	0.010128333	0.0402977694	0.0198318913	0.0504432578	0.0499411773	0.21122557	0.0334338516	0.0131367646	-0.0244522123	0.1703630502	-0.0949342562	0.0351832029	-0.0849167344	0.0354740954	0.050182176	-0.1234950748	0.0527067481	0.0168312475	-0.0069010173	0.0199033905	0.0186569928	-0.1280494751	-0.0524240706	-0.0627267514	0.1087321417	-0.0949535181	0.0498592199	0.08953679	-0.1101785048	-0.0448684131	-0.0474634117	0.0914284817	-0.0422249655	-0.0500071591	0.0912803678	0.0	-0.1467221596114143	-0.0017315055123958	2.9981113394573807e-06	0.0215273921210373	-0.0066603236415829	0.057422159628274	0.0032973044163749	4.43599110106281e-05	-0.5566475906206918	0.0596534801946191	0.3098565401438213	0.0035585376993298	0.0086391334609769	-0.0018812690074533	7.46346269565707e-05	3.5391730784043302e-06	0.0022981207735053	-0.0004107129827289	1.6868515418206985e-07	5.281359089616599e-06	-0.0004449358703711	-0.0003031839684967	1.979679287428883e-07	9.19205187534686e-08
375.4474742296479	-0.6769158838541784	140960.80590542214	0.4582151138140836	366.4211758079432	-2.6020010048164863	6.770409229066004	134264.47808047562	253.2698631877741	-0.532608670636705	64145.623599153805	0.2836719960373981	266.0906199757457	423.431505902967	1.069138	29.727989	0.1414339004885576	0.0810183481654826	-0.0475932594	0.1266969454	-0.058990207	0.0987052146	0.0194627924	-0.0629187071	-0.0180072655	-0.0494302573	0.0613013699	-0.0230358435	0.0403753504	0.0486826313	-0.055901797	0.066920177	0.0143791994	-0.0577228291	-0.0689859703	-0.038153265	0.1121948745	-0.0037416838	-0.0373961949	0.1259896979	-0.032666636	0.0306700959	0.0865662157	0.0179277226	0.0068678406	-0.0293677438	0.0469633987	-0.0160002373	0.0297742823	-0.0197512983	0.0440967336	0.0997104389	-0.0021307191	0.1837017618	-0.0973938503	-0.0079561188	0.0684140114	-0.0645482037	-0.0541306561	-0.109312435	0.0983418421	0.0374551606	-0.0315396345	0.0355430932	0.0579999435	-0.0926669756	0.0503978071	-0.0457530307	0.0142842168	0.0083845633	0.0635473369	-0.0217820803	0.0103526548	-0.0010229035	0.0249192044	-0.0534779154	-0.0871771743	0.0288237075	-0.0833602391	0.0179152001	-0.0699030606	-0.1103185922	0.0684007084	0.1218508783	0.0385110541	0.0668622688	0.0293992005	-0.0573934785	-0.025675093	-0.0422259698	-0.0388744566	0.0637792145	-0.1142294389	0.0332732819	0.062936483	-0.097090626	-0.0031174436	-0.0408835399	0.0431644628	0.0149802434	-0.084011044	-0.0121626307	-0.0614871592	-0.0170999039	0.0769859119	0.1027413876	0.0319973897	0.002138499	-2.4723e-06	0.1011162085	0.0537003229	-0.108082956	-0.0615159196	0.0430339069	-0.009463214	0.0212292374	-0.1179232822	0.0064593494	-0.0426750326	-0.0811967597	-0.0006864163	-0.0523953672	0.0491916547	0.0025978674	0.0226185139	-0.0069380516	-0.0939205519	0.1383069475	-0.1144129906	-0.0235935223	0.1730086453	0.0011033601	-0.0612740519	-0.0531119482	0.0276936385	-0.0020315578	-0.0145509973	0.0433553722	-0.014136481	-0.0739331149	0.1575323159	0.0557425073	-0.0012098074	0.0307727721	-0.0729297785	-0.051478878	-0.0382324913	-0.0040052159	-0.0742793374	0.0639350101	-0.0264478804	-0.067269869	-0.0560487723	0.0801886934	0.0276151476	0.0523676533	-0.0064180911	0.0354820928	0.000467514	0.0508529064	-0.0313310278	-0.0220393773	0.0231469565	-0.0071901287	0.0316683777	0.0951220598	0.0237287041	0.0319478073	0.0340690132	0.0220282226	-0.0567481056	0.0449906803	-0.077726552	-0.0475142399	0.1252112767	0.0136692318	0.0453488314	-0.1402884092	-0.0977440886	0.0375580215	0.013181696	0.018821539	0.0283636088	0.009684551	0.0422255138	-0.0598009527	0.0079478014	0.0278955975	-0.0864767788	-0.0423745918	0.0379716202	0.0340824367	0.1980188201	0.0582229704	0.0372380951	0.0058489335	0.058347546	-0.1024903561	-0.1525371668	-0.0579372437	-0.1006013848	0.0654781626	0.0099308186	0.0155307203	0.0401905218	-0.0517084317	0.0424822362	0.0899991918	-0.0773323715	0.0042029069	-0.0401856898	0.0672075137	0.0111347399	-0.040625947	0.0355636129	-0.1191224318	-0.0459123846	-0.0453913792	0.091475895	-0.0464314067	-0.0448684131	0.0914699679	0.0	-0.141294841246534	0.0054273183648803	2.945578463376705e-05	0.0199642321628832	-0.0376499541203116	-0.0309896304787287	0.0009603571972081	0.0014175190452615	-0.5783441699548604	-0.0216965793341685	0.3344819789207764	0.0004707415548038	0.0099671999906299	0.001328066529653	9.934507565321268e-05	1.7637607071845662e-06	0.0020309783202843	-0.0002671424532209	7.136509031293415e-08	4.124872937464837e-06	-0.0005161343337127	-7.119846334159997e-05	2.663946504370527e-07	5.0692211822051554e-09
376.5853861637798	1.1379119341318642	141816.55307212315	1.29484356983972	368.28440185702976	1.8632260490865635	3.4716113099947243	135633.4006511902	253.4959758057082	0.2261126179341204	64260.209749688205	0.0511269159890215	266.1130335217277	429.9381516268144	1.000239	27.812218	0.1248049453280205	0.0611998696655619	-0.033170179	0.1801963123	-0.0720294144	-0.0054295806	-0.0237843054	0.0568363774	-0.0633631888	-0.0343470495	0.0700176201	-0.041067989	0.0291952131	-0.0726980769	-0.048644148	0.0111351028	0.0221038278	0.025892479	-0.046883085	0.035382719	0.0433926986	-0.0602594817	-0.0049957086	0.098085416	-0.036609925	0.0616776255	0.2050439064	0.0469388749	1.59606e-05	-0.0657771034	0.0650586869	-0.0177376039	-0.043005557	-0.0011590264	0.0092696657	-0.0322450016	-0.0243145137	0.1086438128	-0.0012765097	0.0071121887	-0.0684163532	-0.1294145875	3.54762e-05	-0.0529174847	-0.0418097762	0.0516815087	-0.0233333731	-0.0221581423	0.0021302409	-0.0252664308	0.1022598503	-0.0413224316	-0.0092454285	0.0060229708	-0.0288667755	-0.028052805	0.0547251115	-0.0097203414	-0.0247738723	0.0023931459	0.0565708858	0.0651605305	0.022550035	0.0134835464	0.0004470455	-0.013187807	-0.083171725	0.0631846695	-0.0431337245	-0.0875893213	0.0021144679	0.0854632299	0.124706573	-0.0052070466	-0.0287715153	0.0860018162	-0.0039377187	0.0036872137	0.0293419859	-0.0882806367	-0.0202997359	0.0059222144	0.046132251	-0.045843082	-0.0095068874	-0.04630036	0.0659978131	0.0164898601	-0.046048559	-0.0309219136	-0.0036682388	0.0382656122	0.0728360961	0.1143523401	0.0572022678	0.0844229158	-0.0262014298	0.1329342571	0.0639857833	-0.0102285835	0.0352551813	-0.0751366787	-0.094020688	-0.0613166606	-0.0356604528	-0.0143088751	0.0083085342	-0.0425031541	-0.031200723	-0.0070857661	-0.023987648	0.1607897636	-0.045971129	0.0319131219	0.0667538531	-0.0039623113	-0.0498916599	-0.1060620048	-0.0356526405	0.0673120133	-0.0410096949	0.0707998967	-0.0560515991	-0.0268422375	0.0776194405	0.0502993898	0.0442530846	0.0508258519	-0.0934384147	0.0006198739	-0.0105535282	0.0167959446	0.0372587544	0.0071377911	0.0051583856	0.0600292236	-0.0134580531	-0.0836331562	0.0812717272	0.0051384733	0.0729520675	0.0412661265	-0.0008115644	-0.04572453	0.0447250234	0.0023524863	-0.066811054	0.0034309122	0.0609767737	-0.0851922709	0.0007167841	-0.0661500916	0.0325316248	0.0251992298	-0.0486220561	0.0428751972	0.059898878	0.0352441161	-0.0002053333	-0.0232289682	-0.0357259771	-0.0540718247	0.0081657333	0.0640600829	0.0462140576	-0.0090011817	-0.0779268131	0.0242855178	-0.0230207204	0.0382469517	-0.0391778684	0.0577630382	0.0267680437	0.0922045747	0.0559313916	-0.0404071565	0.1729692588	0.069925941	0.0268799696	-0.0063883023	0.0606093269	-0.0338060958	0.0591488799	-0.0463379269	-0.0390041716	-0.0109237802	-0.0547319063	0.0447380913	0.0038743932	-0.0014371641	-0.0275315815	0.1790172087	-0.0767173716	-0.0410703868	-0.0300835622	0.0126173816	0.033739585	0.1124681993	0.0469951656	-0.1148016648	-0.0469484232	-0.0432879769	0.0913810765	-0.0505095157	-0.0395359232	0.0910908987	0.0	-0.1302986004747026	0.0109962407718313	0.000120917311112	0.0169777252856661	0.0092130652685682	0.0468630193888798	0.0021961425862425	8.488057164289764e-05	-0.5637340857144011	0.0146100842404592	0.3177961193962517	0.0002134545615133	0.0094978870349164	-0.0004693129557135	9.020985812803305e-05	2.202546504005425e-07	0.0022891189018872	0.0002581405816029	6.663655987028346e-08	5.24006534697726e-06	-0.0001968758524921	0.0003192584812205	3.876010129449112e-08	1.0192597783128417e-07
376.1280982256977	-0.4572879380820609	141472.3462748801	0.2091122583153427	367.4136406003362	-0.8707612566935836	0.758225166158589	134992.783299193	253.3124925242968	-0.1834832814114122	64167.218868871925	0.0336661145574994	265.8579791562155	427.9350214077626	0.950042	26.416447	0.0926345568934771	0.0613174504308722	-0.0048533595	0.1701217783	-0.0622044656	-0.0617205585	-0.0605984204	-0.0448043123	0.0054164468	-0.0636241224	0.0408878557	0.0004134183	0.0330936212	-0.0520847055	-0.0122249818	0.1047945153	-0.0348278422	0.0003064606	-0.047137061	0.091047713	-0.0285640297	-0.0102631987	-0.0456963952	0.0949687476	-0.0766053201	-0.0066392285	0.0880287838	0.0521616756	-0.070231618	-0.0330194682	0.0910430851	-0.0381544198	-0.072464915	0.0870374593	-0.0358514227	-0.1049042099	-0.0716507033	0.043315987	-0.0442506892	-0.0089209103	-0.012648006	-0.035374294	-0.0353208753	-0.0118477251	-0.0236589839	0.032811657	0.0386189922	-0.1003931846	-0.023876543	0.0566152831	0.00723853	0.0199695387	0.053129564	0.0426343999	0.0420219548	0.0609158861	0.0549607716	0.0315865743	-0.0303408544	0.0251436554	0.0695889357	0.0023936534	0.0207444852	0.0541475796	0.011595244	0.0266248792	-0.0499608408	-0.0518484633	-0.0448716435	0.0497684455	-0.0336063921	-0.0424977119	-0.0733238438	-0.0430786534	-0.000308918	-0.0548899506	-0.0366607747	0.072896669	0.0405777233	-0.0102028589	0.0247848294	-0.0098569775	0.1846563679	-0.0359387691	0.0474288313	0.0300553152	0.0378549801	0.0305489715	0.01231007	-0.1552171892	-0.0312863341	-0.0494476229	0.0633596834	-0.0542471393	0.0361147126	-0.0687865576	-0.0032096039	0.0647131081	0.0070722148	0.0982262562	-0.0229481089	-0.0595802239	-0.0254501479	-0.0705389492	-0.0734687532	-0.0388665758	0.0400763851	-0.0343964028	0.0170982174	-0.0027482719	-0.0578576845	0.0711731781	-0.0691922722	-0.0210782826	0.0478379906	-0.0874018626	0.025298916	-0.0992527439	-0.052154343	0.0194619122	-0.0646489802	0.0417255174	0.0260361702	-0.0587551015	-0.0258417438	-0.0600183129	0.1075473046	0.0311483738	-0.014025058	0.0783075877	-0.0648469868	-0.0578407545	0.1396784728	0.0374854747	0.0616576141	-0.0456923271	-0.0246651085	-0.0058894434	-0.0126202448	0.0409288171	-0.0514513117	0.0283939248	-0.0859777551	0.0822735293	-0.0059375506	-0.0734696531	-0.0495994959	-0.0641418862	0.0427883898	0.0007571468	-0.0373912677	-0.0559496833	-0.0404917267	-0.0107471539	-0.0477735806	0.0322480436	0.0118355949	0.0734221053	0.009642002	0.001038913	-0.0879750714	-0.0324676531	-0.0357859536	0.0427486434	-0.0197939087	-0.0053817416	0.0227943871	-0.0559771534	0.0054366039	0.0280721425	0.0669926361	-0.1000857731	-0.0362089275	-0.0108471723	-0.054612279	0.1160210988	0.1491192276	0.0802625556	0.0551736415	-0.0738953773	-0.0211107359	-0.0100144028	-0.0489051406	0.0063245785	-0.0250637192	-0.0310352151	0.0696500972	0.036034776	-0.1195243217	-0.0346514749	0.009307152	0.0975864509	0.0385750294	0.0288802987	0.0613357091	-0.135724734	0.0076808247	0.0863635528	0.0617979122	-0.0592451509	-0.04797635	-0.0411546584	0.0911441736	-0.0544480209	-0.0340327152	0.0901455167	0.0	-0.1277644692022761	0.0025341312724264	6.421821305889917e-06	0.0163237595905393	-0.0488421726600876	-0.0580552379286558	0.0033704106509528	0.0023855578301578	-0.5676296245929109	-0.0038955388785097	0.3222033907154889	1.5175223153981363e-05	0.0097320537464639	0.0002341667115475	9.471287012406205e-05	5.4834048796970384e-08	0.0021277786466955	-0.0001613402551917	2.60306779453229e-08	4.527441969333333e-06	-0.0003643618620306	-0.0001674860095385	1.32759566502406e-07	2.805156339113052e-08
376.64307253249336	0.5149743067956365	141860.00408671706	0.2651985366596463	369.1193649799318	1.7057243795956083	2.9094956591468226	136249.1056031881	253.7186830772841	0.4061905529873115	64373.17014247133	0.1649907653361379	266.5571742401278	435.1877196430145	1.016332	28.259691	0.124976177154372	0.0644574808377115	-0.0193607064	0.1599403591	-0.030862725	-0.146835897	-0.081031717	-0.0131760872	0.04688524	-0.00665179	0.0279628912	-0.1003397683	0.0033582407	-0.1030593159	0.0134412316	0.0338888281	0.0146692017	0.0901538441	-0.0455478182	0.0775170814	-0.0047674111	0.0160401636	-0.1362333823	0.0702959555	-0.1077191232	-0.0458452307	0.0544176593	0.136861073	0.0121446905	-0.069039596	-0.0146923224	0.055085449	0.0304409714	-0.0439023513	0.0200585037	-0.030648758	0.0460570244	-0.054605859	-0.0085754606	0.0782340735	-0.0324586082	-0.1200660076	-0.0118501865	0.035461523	-0.0242600921	0.0664810741	-0.1030964676	-0.0466955268	0.0485426647	0.1117630788	-0.0455976467	-0.2306060912	0.0120533488	0.0288413985	-0.0102514339	-0.0218405785	-0.0139102212	-0.0048770449	0.0280050385	0.1212942418	-0.0283767063	-0.0154654735	0.0962877253	-0.0383724441	-0.0827988462	-0.0436257765	0.0117878586	-0.0267265342	0.0570019037	0.0461241725	0.0050366845	0.0729996491	-0.0341326524	0.0549878936	0.0938000297	0.057353505	0.063434479	-0.0350558622	0.0607458884	0.0383970258	0.1409646248	0.0063104919	0.0485070245	0.110505579	-0.0161996106	-0.0479556937	-0.0235387645	0.0010674695	-0.0046158482	-0.0189665594	0.0309011667	-0.0829524859	-0.0289417794	-0.0469547609	-0.0859279595	0.0431451943	0.0437336295	0.0309006914	0.0880671173	-0.0888806647	0.0739280504	0.0447633761	0.0120715547	-0.0363679566	-0.1052104008	-0.0277004494	-0.0651571048	-0.0246137669	0.0484096016	-0.1348927782	0.0652982047	0.0911356674	-0.0304951195	0.0567535134	-0.0680755888	-0.0466287003	0.0370802976	-0.049095623	0.0332906199	0.0362641226	0.0815363799	-0.019416129	-0.0166922511	-0.0531545796	-0.0676272532	-0.0057306246	-0.028600842	-0.0194959998	-0.0163428851	0.0865480949	0.0803660639	-0.0159824292	0.1177325013	0.1281524737	0.0189670533	0.1321596274	-0.0900423175	0.0507151898	-0.0393401823	0.0462752489	0.0558812719	-0.0749764163	0.1478827714	0.0293286883	-0.0066303782	-0.1316111182	-0.0967782285	0.0069209467	0.0295465074	0.0014996011	0.06444469	0.0429261175	-0.0159774527	0.0343090848	-0.0369257293	-0.0261177079	-0.0039733614	0.0101097231	-0.0759771545	0.0244769272	0.0279756838	0.0506878424	0.0122097157	-0.0510520072	0.1016670377	0.031683646	-0.0014718365	-0.0752888003	-0.0040823374	0.0546822652	-0.0289760922	0.15104075	-0.0104672726	-0.0784867079	0.0085020932	-0.0263540082	0.1085799596	0.075736522	0.0549629999	-0.1230891622	0.0270529088	-0.007842715	0.0807179238	-0.01379388	0.1533747771	-0.02523373	0.020238241	-0.0298800494	0.0004081541	0.0260180349	0.0538470967	0.0441930677	0.111613062	-0.0342200746	-0.0464789085	-0.0451199566	0.0095051998	0.128566253	0.012562628	0.0389934134	-0.0489959873	-0.0389928981	0.0907655546	-0.0582360367	-0.0283825523	0.0886396995	0.0	-0.1256327092172	0.0021317599850761	4.544400633971717e-06	0.0157835776252535	-0.0013514999978525	0.0474906726622351	0.0022553639899115	1.826552244195308e-06	-0.5786194035216567	-0.0109897789287458	0.3348004141317578	0.0001207752409027	0.0094332927866269	-0.000298760959837	8.898701279822711e-05	8.925811112272562e-08	0.0024494856761541	0.0003217070294586	1.0349541280307661e-07	5.999980077684109e-06	0.0003024494602401	0.0006668113222706	9.147567599952785e-08	4.446373395083993e-07
375.13944770524046	-1.5036248272529065	140729.60522459284	2.260887621131333	368.3762833383077	-0.7430816416240873	0.5521703261187485	135701.08612614515	253.7693178555197	0.050634778235576	64398.86668485578	0.0025638807669659	266.4586288057391	429.9307616768338	0.9431250000000002	26.224117	0.111813594964101	0.0585755449163389	0.0188398828	0.116956211	-0.0193376048	-0.0895571036	-0.0823570781	-0.0756549687	0.077826471	0.0137513147	0.0036116297	-0.0539394333	0.0107639927	0.0101876694	0.0857705503	0.0245595809	0.0069327949	0.0273082653	-0.0718083484	0.0332428765	-0.0169938847	0.0477527815	0.0200638099	0.0263018923	-0.1006029681	-0.0466486245	0.0417163779	0.1084064149	0.0691602518	-0.0331753004	0.091964405	-0.0403832571	0.0433883533	-0.1048265582	0.1150273722	0.0269757907	-0.064525875	0.0424907493	-0.0195408305	-0.0476417887	-0.0565903759	0.0658103155	-0.0080470647	-0.100772331	0.0172358219	0.0642317074	0.1111606173	0.122630992	0.0329958812	-0.0017650551	0.0093518149	0.0761227144	-0.0021187235	-0.0198344783	0.0359419096	0.042574979	0.0221834898	-0.0711796545	0.1308718322	0.0037121	0.0878115528	0.0352636462	0.0678827767	-0.0332085795	0.0064688045	0.057478539	0.0575414201	-0.0639287245	-0.0481767087	-0.0462239159	-0.0507677842	0.0696346251	0.0246284121	-0.0281672722	0.0163971023	0.0416278987	0.1261121841	0.0211750505	0.0004795468	0.0941778437	0.0492311683	-0.035470538	0.0991690893	-0.0122064869	0.0561416123	0.0730505339	-0.0593685584	-0.0766084148	0.0934554798	-0.0099143442	-0.0315722646	0.0157406217	0.0306493841	0.0017447237	-0.0091146072	-0.0354212481	0.0288425892	-0.0186760075	-0.1157781142	0.0776874068	0.0439954714	0.0150562542	0.0320973942	-0.0011056659	-0.0818890322	-0.0410954561	-0.0907416157	-0.0435256684	0.0259166499	-0.1043806189	-0.0331170482	0.0453745711	-0.1076230404	0.014890523	-0.0200432185	-0.045116289	0.0161575739	-0.1029017138	0.140807168	0.0175849241	-0.0052679757	0.0884855508	0.0506278829	0.0761431118	-0.0510951294	0.0025152898	0.0189466973	0.0723284286	-0.064143604	-0.0465449597	0.0611268723	-0.0738136819	0.003180677	-0.1249401749	-0.0520193143	0.042379817	-0.0069993627	-0.0170708324	-0.0210873313	-0.054627823	-0.0873814135	-0.0575264483	0.0921673571	-0.0195980859	0.0472493301	0.1287568748	0.0542070005	-0.1481484048	0.0339648381	0.0280282103	-0.0353441227	0.0051409977	-0.0038305513	0.0548560289	-0.057246731	-0.029864393	0.0426997253	-0.0642955019	-0.028208046	0.0846260113	-0.0726581244	0.1099160422	0.0252335909	0.0842135549	0.0513872266	-0.0419527041	-0.019522337	0.046785706	-0.0491685258	0.0363283991	0.0595107819	-0.1573390496	-0.035330904	0.0435191795	-0.0800984305	0.088728837	0.102124733	0.0918217114	0.0605248233	-0.1195166657	-0.0575646725	0.0024962689	-0.046616939	0.0265245973	0.0659094912	0.0175765055	0.039688323	-0.0480917644	-0.0095801926	-0.016771197	0.0814746893	-0.001733809	0.1362767331	-0.0160307614	-0.0126967411	-0.0796562631	0.0542455667	0.0380765911	-0.0628283608	0.043621479	-0.0500071591	-0.0368041899	0.0902458083	-0.0618630933	-0.0226098321	0.0865828087	0.0	-0.1273846723062774	-0.0017519630890774	3.069374665489652e-06	0.0162268547385776	-0.0429356349992673	-0.0415841350014148	0.0017292402838158	0.0018434687527903	-0.5651569030097079	0.0134625005119488	0.3194023250195243	0.0001812389200342	0.0101199642351446	0.0006866714485177	0.0001024136761206	4.715176782093967e-07	0.0021330952374432	-0.0003163904387109	1.0010290970767593e-07	4.550095292002861e-06	0.0002052114202355	-9.723804000459998e-05	4.2111726995070985e-08	9.455236423936188e-09
374.7528928266082	-0.3865548786322392	140439.73068191131	0.1494246741943852	368.39787641754543	0.0215930792377321	0.0004662610709669	135716.99534895708	253.5738166816964	-0.1955011738232883	64299.68050652257	0.0382207089662836	266.5859095431842	425.7587398678521	0.870845	24.214329	0.1536633526051059	0.0712404822425788	0.0279686806	0.0676716212	-0.0055353292	-0.0587811538	-0.09764632	-0.0178524912	0.0633448364	0.0131608669	0.0347801342	-0.0143263225	0.0083716024	0.0167321734	0.0613972084	-0.0128836315	0.0437439638	0.0703638363	-0.0562424411	0.0217905957	-0.0547482115	-0.0318389454	-0.075732408	0.041395686	-0.1113161243	-0.0322522572	0.0301528329	0.0699930212	0.0364446926	0.0447461934	0.026247362	0.0884996401	0.159397881	-0.0046697521	0.1124032031	-0.069537339	0.0189535749	-0.0211008365	-0.0244053274	0.0543521892	0.0535333489	-0.0171536371	-0.0797656172	-0.0588939962	0.0326403223	-0.0142311246	0.0165606897	0.0465746969	-0.1658101652	0.0531296219	0.0108235752	0.0070412339	0.0159665431	0.0436300927	0.0042547999	0.1033797646	0.0052683957	-0.0913329244	-0.097941951	0.0303059888	0.0479158047	-0.0456556618	0.0031394633	-0.0435798734	0.0059420879	-0.0178621504	0.0138493358	0.0387072755	0.0094465551	-0.0568474213	0.0750573957	0.0561617335	0.0381164989	-0.0255493817	-0.0319697457	0.0497031744	-0.0291970003	-0.0536710887	-0.0081087564	-0.0668056273	0.0288178897	0.031565599	-0.0426491188	-0.0516076888	-0.0118339827	0.0318328719	-0.0156766912	-0.017163284	-0.0905131428	0.1283642257	0.0532037878	0.0855387662	-0.1171506848	-0.0163664282	-0.1321451534	0.0818431045	0.05807713	-0.059297138	-0.0550459591	-0.0269162293	-0.0504559357	0.1118531423	0.0485988896	-0.0203223317	-0.0858833484	-2.21911e-05	-0.0678041122	0.0050212569	-0.0001048959	-0.1185660726	0.0370146932	0.0344891591	-0.0430480921	-0.0063966111	-0.0478077774	0.0151130333	0.045612574	-0.0837134595	0.0793723739	-0.0497614335	0.0265071032	-0.0873803875	-0.0806704999	0.0360518649	0.061252157	-0.1003248445	-0.042331077	-0.0569722198	-0.0806884768	-0.0429489678	0.0802991613	0.0558069954	-0.0642377358	0.0002738869	-0.0230141321	0.0371503315	0.035723845	-0.0201421586	-0.0488648955	0.0389736652	-0.0827423047	-0.1060713591	-0.0235537913	-0.0989755073	0.0759925341	0.0231790103	-0.0276115576	0.0118139061	0.0102092964	-0.0208654245	-0.0424006078	-0.1199797717	-0.0437838459	-0.0615008185	-0.0937688524	-0.0649484622	0.0874686999	0.0615133975	-0.0317772079	0.0353029002	0.0539286495	-0.0684804419	-0.0641032887	-0.0645798081	0.0749504039	-0.0351955663	-0.0427094489	-0.045885628	0.1206510606	-0.0058570568	-0.055964788	0.0230257231	-0.0312008097	0.0332725681	0.0662038878	-0.0974856578	0.0562045217	0.0549765346	0.0615867192	-0.1139852447	-0.0294653598	0.0153778924	0.0644927976	-0.0091998049	0.128362142	-0.0413205836	0.0291282685	-0.023860755	0.0366191474	0.0323906353	0.0931828291	0.0189035265	0.0878567429	-0.0437336431	-0.0082599789	-0.0138723242	0.0572516015	-0.0013454585	0.0204153759	0.0399156538	-0.0510096905	-0.0345900464	0.0895857427	-0.0653191659	-0.0167394815	0.0839876321	0.0	-0.11074228745737	0.0166423848489074	0.0002769689734591	0.0122638542312907	-0.001625669319722	0.0413099656795453	0.0017065132644452	2.6428007370853898e-06	-0.6056683178740911	-0.0405114148643832	0.3668341112764311	0.0016411747343141	0.0102843710275481	0.0001644067924034	0.0001057682874322	2.7029593388407332e-08	0.0026791526521074	0.0005460574146642	2.9817870010975015e-07	7.177858933294115e-06	0.0005987389574132	0.0003935275371776	3.584883391242457e-07	1.5486392251714602e-07
374.02361237109386	-0.7292804555143562	139893.66261112227	0.5318499827952268	366.4447294854752	-1.95314693207024	3.8147829382553904	134281.7397676831	253.3172761940759	-0.2565404876204979	64169.64241838573	0.0658130217885628	265.92654572720056	421.86511528268585	0.897167	24.946236	0.1157365520584271	0.0572967923549921	0.0494037104	0.0459596738	-0.0039931729	-0.0327890908	-0.0757926931	-0.0382192761	0.0200347603	0.0167766103	0.0631096084	0.0087709729	0.0384559496	0.0790615034	0.0735888002	0.0557084952	0.0150668083	0.0151426784	-0.1011593288	0.1214897408	0.0298539118	-0.00266819	-0.0459674448	0.0466350157	-0.1120608726	-0.0198013451	0.030154862	0.0334621361	0.0093125549	-0.0158899418	-0.0063592657	-0.0002032062	0.1115628792	-0.0492309365	-2.23191e-05	-0.0462857263	-0.0251199532	0.0122299864	-0.0490221212	0.0208232963	-0.0149616441	-0.0483151045	-0.0746243725	-0.0426974294	0.0131432909	-0.0354019748	0.0001256241	-0.0203369369	0.083168334	0.0407499947	0.0177114155	-0.0344929075	0.0148339809	-0.0868082709	0.0695714121	-0.0102591776	0.0020384376	-0.1115962646	0.1286260919	0.0243139743	0.0437393159	0.0080210589	0.0488757951	-0.0692359569	0.0387936446	-0.0145965887	0.0200177498	-0.0774311462	-0.0594804143	-0.0399045022	0.0792593259	-0.0841831089	0.1079219033	0.1032373212	-0.0325264325	-0.0067492512	0.0385130791	0.0511871436	0.0136660723	0.1108395765	-0.02451527	0.012739518	-0.0928349842	0.0692672983	0.0122733421	0.0048524222	-0.0335250861	-0.0020835234	-0.1528150692	-0.0392556984	-0.007490935	-0.0395941846	-0.0316207144	0.0454058603	0.0513194044	0.0074138932	-0.0680733482	-0.0736989302	-0.0687439559	0.1249776588	0.1253572693	0.0147104126	0.0079533645	-0.0136874192	-0.0800971768	-0.0230889931	-0.0508052342	0.0005908249	0.032215022	-0.0756901261	-0.1008016992	-0.0277388248	-0.0716456222	-0.060108279	-0.0198845474	-0.0999472051	-0.0001731535	-0.0553322855	0.0227778532	-0.0028095333	0.0426982218	0.0523162388	0.0259179778	0.0053896206	0.0458268795	-0.0472546794	-0.0198545442	0.1252700621	-0.090513498	0.0243672536	0.1542892228	0.0070895647	0.0073413335	0.083492571	-0.0117204342	0.0417861855	0.0363675192	-0.0398030507	-0.0258258823	-0.0438618818	-0.0471714029	-0.0248255313	-0.0285169548	0.056789743	0.0899147115	-0.0169991337	0.0658339373	0.0199388746	-0.0368961475	0.0426910914	0.0740721768	-0.0971700992	0.1063759804	0.0164638097	0.1160933559	0.0265731356	0.0262349539	0.0137321218	-0.0440955716	0.0453672078	-0.0274538174	-0.0251503498	-0.0353573391	0.1287318603	0.0257263909	0.0620479445	-0.0521201017	0.0101709481	-0.0053549535	-0.0128235243	-0.0875393182	-0.0323666918	0.0107086155	0.0335976683	-0.0698675682	-0.0629712682	0.0413990172	0.0658587662	0.0516950967	-0.0748781243	-0.1194576429	0.0472501938	-0.0628486346	0.0770387071	0.0240031929	-0.0609373831	0.0653835878	-0.0137361415	0.0149731637	-0.0087159585	0.0931890752	0.046452546	0.0547611426	0.0012611	0.0183710652	-0.0680617706	-0.026835084	-0.0228119508	0.0368664978	-0.025812836	-0.0520034083	-0.0323519979	0.0887863842	-0.0685947023	-0.010796849	0.0808703038	0.0	-0.0939898271125088	0.0167524603448611	0.0002806449276061	0.0088340876006392	-0.0357345242602917	-0.0341088549405697	0.0011634139853568	0.0012769562241093	-0.5801059761891949	0.0255623416848962	0.3365229436104188	0.0006534333124153	0.010992023558754	0.0007076525312059	0.0001208245819162	5.007721049221173e-07	0.0027121295544347	3.297690232730022e-05	1.0874760871042986e-09	7.355646720038165e-06	0.0005531104891844	-4.562846822879995e-05	3.059312132458063e-07	2.0819571129066062e-09
374.3401559344815	0.3165435633876541	140130.55234505192	0.1001998275221538	368.2468938412874	1.802164355812181	3.247796365359933	135605.77482375636	253.2565866620088	-0.0606895320671014	64138.89868769157	0.0036832193025237	266.3244903597995	421.976629799838	0.90916	25.279709	0.1169802862836377	0.062765401791472	0.0538731039	0.0657190988	0.0129999246	-0.0359590814	-0.1154216057	0.0127728814	0.0288251906	0.0357914835	0.0363342093	0.0352198779	0.0010745334	-0.0477451611	0.0136096068	0.0047603557	0.0094036676	0.0602946763	-0.0554696336	-0.023021949	-0.0696384165	0.0104372235	-0.0879175479	0.0638411492	-0.1261672751	-0.0431440624	-0.0006732912	0.0760247459	-0.0108140528	0.0621224771	-0.0526964612	0.0632919488	0.1229135545	-0.04713329	0.1314970485	-0.0205000085	-0.0461258868	-0.0580464846	-0.0088101051	0.0404660014	-0.0445595994	-0.0009238041	-0.0981964404	-0.0682000957	-0.1031825367	0.0611192012	0.015087034	0.0152538485	0.0181911142	-0.049852526	0.0710167295	0.0257509138	-0.0435881201	-0.014278061	0.0256916217	-0.0338890043	0.0403900014	0.0199260044	-0.0185082719	-0.0166428473	-0.0414035692	0.0366768871	-0.008503343	0.0382100508	0.0758460023	0.1191529118	0.0490757285	-0.0363527068	0.0125661125	-0.0456508449	-0.0374037424	-0.0185216883	-0.0779617199	0.0486430786	-0.0011820629	0.1052951053	0.0407167066	0.0087115809	-0.1203911528	0.1634675418	0.0179307382	0.1197624806	0.0389345302	-0.0344283026	-0.0291159356	-0.0087646949	0.0366401048	0.0773021205	-0.0286232929	0.0394587628	-0.046776922	0.027402904	0.0136285128	0.0686362624	0.0128806132	-0.016873323	-0.0237884504	-0.0065270467	0.022779459	-0.0825986955	-0.0644015513	-0.0441603844	0.0309173334	-0.0192359944	-0.1125945452	0.0380056883	0.0197165131	0.0211014097	0.0261517283	-0.1177225819	0.0032186992	0.0008012326	-0.0667934855	0.0046870385	-0.0639431152	-0.017070392	0.0378188338	-0.0593709947	0.0624985282	0.0197436503	0.0598040477	-0.0745560861	0.0036658204	-0.0012018464	0.0088054889	-0.0530509978	-0.0955885794	-0.0188828333	0.0186494078	-0.0431693708	0.1092928858	-0.01201941	0.0116276953	-0.0212704804	-0.0653414607	0.0802663497	0.0522511602	-0.0103633732	0.0940865322	-0.1847641572	0.0052993956	-0.0586114075	-0.0605747294	-0.115080881	-0.0507737175	0.1301233837	0.0289890599	0.082682667	0.0203299011	-0.0356400475	-0.0213124284	-0.0853977188	0.0041287739	0.0389834479	0.0338090942	0.0869645553	-0.0017398098	0.0119228761	0.0486764909	-0.0055791454	0.0159723262	0.0481381825	0.0356986975	-0.0103450792	0.0296383544	0.0086545904	-0.0829005435	0.0140850135	0.0580137737	0.0274913964	0.0193272666	-0.0679464636	0.0979085703	0.005434578	0.0575276478	-0.0892007533	0.0434344774	0.0707047403	0.0346251197	-0.1132380153	-0.063683013	0.0365621568	0.1051464654	0.0288422997	0.120136738	-0.0048524899	-0.0068017738	-0.0372425519	0.0593584245	0.0189320313	0.0846271829	0.0013543911	0.1200033193	-0.0276190719	-0.0490703366	-0.0402155104	0.0561174007	0.0689251891	-0.0600096922	0.0324217543	-0.052988141	-0.0300915909	0.0878489756	-0.071680649	-0.0048075951	0.0772502043	0.0	-0.1067259479973614	-0.0127361208848525	0.0001622087751935	0.0113904279759354	0.0011311852409221	0.0368657095012138	0.0013590805370278	1.2795800492799894e-06	-0.5832753373388613	-0.0031693611496663	0.3402101191477624	1.0044850097014549e-05	0.0100970059386277	-0.0008950176201262	0.0001019495289246	8.01056540336544e-07	0.0026480085903528	-6.412096408190023e-05	4.111498034792338e-09	7.011949494582222e-06	0.0008781537999343	0.0003250433107499	7.711540963390506e-07	1.0565315386325606e-07
374.4728576715868	0.1327017371052647	140229.9211327245	0.0176097510307548	366.8639111531055	-1.382982688181869	1.9126411158107488	134589.1293065537	253.5613760514693	0.3047893894604954	64293.37142511463	0.0928965719277015	265.82785904451845	423.73304574534274	0.959331	26.67474	0.0860345756453188	0.0443478508220955	0.0644262398	0.074135346	0.0274541715	-0.0558971481	-0.0683832395	-0.0348422919	-0.0265103061	0.0593300634	0.1038183394	-0.0231013265	-0.0034229009	-0.0139130572	-0.0342010433	0.0338021194	-0.0142761734	0.0044852768	-0.0471797634	0.0081150408	0.0745353983	0.0416448745	0.0137455381	0.043180323	-0.138608437	0.0026698405	0.034410808	0.061525323	-0.0449821647	0.0610679864	-0.0506229365	-0.0268831178	-0.1224383539	0.0746373815	-0.0309292687	-0.0158163847	0.0002828738	0.0742974639	0.0472078235	-0.0988216998	0.1200685828	-0.0017652588	-0.0121133755	-0.0448795698	-0.0557064305	-0.030034565	-0.0230717233	0.0293385179	0.0080000437	-0.0036183727	0.0080948167	-0.1564940188	-0.0364471085	0.0118269007	-0.0239559231	-0.0288614672	-0.020236407	0.0565924595	0.0403471661	0.0071276005	0.0152973288	0.0688232549	0.0736573871	-0.0824264451	-0.0073236522	0.0213754107	0.0399707383	-0.0915497957	0.0430347134	0.0406165875	0.0659047895	-0.0551498592	0.0180022679	-0.0023318411	-0.01004162	-0.0836809448	0.0299239502	-0.0468807219	0.0192634664	-0.0753046892	0.0264829651	-0.0516476068	-0.0088353697	-0.0309001578	0.0560877195	-0.1488383351	0.0089187133	-0.1566151906	-0.070204414	0.0779479277	-0.062798102	-0.0341787393	0.0237989649	-0.0137802845	0.1161855238	-0.1186154986	0.0428925951	0.0072557668	0.0555376139	-0.03883939	0.0427479575	0.0692571015	-0.0821997166	0.0181423487	-0.1409554344	-0.0029417345	0.0773682418	0.0475495952	-0.0022061135	-0.0679721257	-0.0280097183	0.0093017548	-0.0281751769	0.0326326564	0.0100087697	-0.0782080677	0.0046624647	0.0331750365	0.0504032223	-0.078472313	-0.0184388392	0.0393992497	-0.0565786234	-0.0215828071	-0.0257068872	0.0620565672	0.1475211628	-0.0234536269	0.0831401704	-0.0239026414	0.0543070478	0.1183233133	0.0039807362	0.0270982584	-0.0356918554	0.0012932405	-0.0283466277	0.0545172237	-0.08709319	-0.0434578438	-0.1021710864	0.0149334337	-0.0254998138	0.040321429	0.0843534956	0.0241854132	-0.0168716573	-0.0156744079	-0.048833256	-0.0143770671	0.0382943585	0.0573131926	-0.0089173381	0.0679300627	0.0948693685	-0.0624286146	-0.0088266219	0.1057052607	-0.0194822337	-0.050912806	-0.0202604789	-0.0487388987	0.0311456403	-0.1260256762	-0.0219686261	0.1111546806	0.0648370807	0.0507723015	-0.0707112058	-0.0283598385	0.0269963866	-0.0164182476	0.098327013	0.0423677583	0.0547257626	0.0729862114	0.0195383167	0.0810174712	-0.0049847055	-0.0544274076	-0.0744058564	0.0779366554	-0.0363330234	0.0623875856	-0.0106244714	0.005344364	-0.0403463575	-0.1555682654	0.074070159	-0.0093282445	0.0480910376	0.0254115601	-0.0483905173	-0.0527941752	-0.0323409616	-0.0011149936	0.0750416373	-0.0217400985	-0.0924313827	0.106352598	-0.0539637182	-0.0278103878	0.0867749746	-0.0745684769	0.0012024181	0.0731498398	0.0	-0.0940881183325075	0.0126378296648538	0.0001597147386378	0.0088525740113519	-0.0186287393108983	-0.0197599245518204	0.0003904546182936	0.0003470299283134	-0.5670959119023067	0.0161794254365545	0.3215977732963088	0.000261773807457	0.0107831024075776	0.0006860964689498	0.0001162752975323	4.7072836470551923e-07	0.0026121681577304	-3.58404326223998e-05	1.2845366105607796e-09	6.8234224842606325e-06	0.0008509427816648	-2.721101826950003e-05	7.241036176674274e-07	7.404395152630642e-10
374.4453636287699	-0.0274940428168974	140209.3303430817	0.0007559223904173	368.9511364792924	2.0872253261869105	4.356509562276055	136124.94110936145	253.92938936643364	0.3680133149643438	64480.13478400986	0.1354337999910453	266.8869828323194	422.352236822476	0.899487	25.01074	0.0504474140460915	0.0238793523438509	0.0853657168	0.0743749598	0.0517725045	-0.0565701916	-0.0475309798	-0.0242323971	0.0543537026	0.0254409788	0.0285749331	0.0160908474	-0.0320117918	-0.0548020315	-0.019729489	0.0334653016	0.0211979669	0.0955002012	-0.0316593194	-0.0318632093	-0.051561035	0.038942963	-0.0281729406	-0.0865962051	-0.0711859503	-0.0716242764	-0.0004614999	0.0045416851	-0.0861634964	-0.0738133845	0.0217619711	0.1039457038	-0.0211286349	0.0474659185	0.0473020898	0.0687273876	0.0156330274	0.0678228662	-0.0146555301	0.0584558641	0.1639354406	-0.0086116159	-0.0736896802	0.0337411211	0.03222375	-0.1837976531	-0.0167467369	0.0364549988	0.1103414863	0.0323513898	-0.0137108288	-0.0395484824	-0.0028671448	-0.086733864	-0.0690716808	0.0248220384	0.0149850832	-0.0515564329	-0.0802522909	0.0314973116	0.0282780424	-0.0055858523	-0.052571988	0.0880064969	0.0422434333	-0.0477528996	0.058538675	0.0838876586	-0.0275778591	0.0700573162	-0.0238615881	0.001453927	-0.0520644762	-0.0357914959	-0.0010359714	-0.0785022695	-0.0336874072	0.0496503019	0.0291935729	0.1588285409	-0.0542998173	0.0106131958	0.0818083615	-0.0008107773	-0.0862299937	0.025110167	-0.0612954454	-0.0047947913	0.0096092761	-0.0797900723	0.0528086746	0.0949443123	-0.0133439864	-0.0470940324	-0.0507302402	-0.0252831528	-0.1620096537	0.0204464631	0.0460749669	0.0602231671	-0.0900549113	0.086910823	0.0505430661	0.0572463039	-0.0785969944	0.0583865134	0.0538826118	0.0609901789	0.0620055772	-0.0306117187	0.0553606201	0.0423865611	0.0373777769	-0.017654536	0.0046249308	-0.0466552582	-0.1260464923	-0.0032209711	-0.0148029683	0.0522121163	-0.1057372429	-0.1880886021	-0.0111356715	-0.0675235299	-0.0157223596	-0.0543637841	0.0593782834	-0.0103358682	0.0346841651	-0.0468548154	0.0275174459	0.0158195372	-0.0669201896	0.0187534958	-0.0919404168	0.0010547448	0.0470164816	-0.0230242831	0.0251390564	-0.0922731711	0.0269282384	0.0248237959	-0.0857901455	0.0554390282	-0.0356046781	-0.2002404216	0.0016918318	0.0185317283	-0.0048756596	0.0629127183	-0.0466661494	0.0971548936	-0.0001971202	0.0195628988	-0.0399373211	0.0176948614	-0.0145118575	0.0420182772	0.0485668774	-0.0452938633	-0.0100350072	0.0026144286	-0.0410322673	0.0388782684	-0.0008273475	-0.0781210007	0.1406735772	0.0601976677	0.0090127825	0.0330137602	0.0780471202	-0.0624316479	0.0366541	-0.1012178074	-0.0279858912	-0.0131651571	0.0055174175	0.0862791681	-0.0492399733	-0.0838193638	-0.1045868479	0.030564938	0.023584898	-0.01996492	-0.059632847	-0.0520015132	-0.1102951424	-0.1021894752	0.0202068485	-0.0045357605	-0.0505396691	-0.0104681853	0.0248649967	0.0437497899	0.0518629405	-0.0897627327	0.0642891744	-0.0710509444	-0.0912104668	0.0141899908	-0.0549299716	-0.025509965	0.0855660509	-0.0772502043	0.0072072393	0.0685947023	0.0	-0.099876441689517	-0.0057883233570094	3.3504687285301604e-05	0.0099753036045594	-0.0016239989286361	0.0170047403822622	0.0002891611954681	2.6373725202112007e-06	-0.5771066890208516	-0.0100107771185449	0.3330521305126099	0.0001002156585171	0.0106263615483295	-0.000156740859248	0.0001129195597558	2.4567696957832293e-08	0.0026171156560623	4.947498331899988e-06	2.447773974415317e-11	6.849294357206404e-06	0.0010421258878503	0.0001911831061855	1.0860263661277762e-06	3.6550980090736215e-08
374.5076578320066	0.0622942032367177	140255.98577481534	0.0038805677568974	368.8856540299437	-0.0654824493487353	0.0042879511727096	136076.6257490993	254.2167623850925	0.2873730186588545	64626.16227755858	0.0825832518531023	267.20686815717875	424.965313240048	0.870201	24.196424	0.0406774949801973	0.0186980832488535	0.057097198	0.0577359	0.0927155414	-0.0827772236	-0.0245818292	-0.0164860113	-0.0022423213	0.0620909137	0.0329058309	0.0312055588	-0.0152121471	-0.0222615199	-0.0079910584	0.0039938936	-0.0060835644	0.0977880969	0.0033686222	-0.0505060286	0.0567914217	0.0384335518	-0.0207545168	-0.1161535277	-0.0351372944	0.043069434	0.1011659863	0.0292601739	-0.0374940199	-0.0619742502	-0.0154716077	0.0422632529	-0.0779026621	-0.0361843845	0.0533359184	-0.0087368865	0.0806150128	-0.0466376482	0.0354814637	-0.0690956677	0.0245309682	-0.0342935461	0.0705491006	0.0784718583	0.0690009221	-0.0407244805	0.0181376848	-0.0276488191	-0.0238065831	-0.0458586967	-0.0686274358	0.1146068665	0.1021277593	0.0345694636	-0.0059598098	0.0267712123	-0.0690949576	0.0034732695	-0.1038006495	-0.0317214243	0.0711791617	-0.0464260784	-0.0354658472	-0.0030558549	0.1056307355	0.0819197675	-0.0046315811	0.0732703683	-0.0574644057	-0.0182363006	-0.154534717	-0.0018511982	0.0565149505	0.0142574722	0.0102619261	0.0112212645	-0.0241045658	0.0558720565	0.0342154124	-0.0431737006	-0.0465819831	-0.0644505464	0.0691134685	-0.1096267489	0.0512121475	0.0833900217	0.0307418853	-0.0712586139	-0.0516784366	0.1404659693	-0.0369118554	-0.0848598548	0.0685541394	-0.0460141188	0.0861590705	0.0018877999	-0.0777590438	0.0288613524	-0.0470992477	-0.0484469487	0.1073986028	0.0430765866	0.0222937358	0.0762834318	-0.0064320284	0.1142586144	-0.0111348148	0.0053973547	0.0043618443	-0.0108373901	0.0147878329	0.1002864973	0.0724793165	0.0376609804	0.0465207519	0.0123397333	-0.085581069	0.0267948736	0.0212528961	0.0526958142	0.0043527065	-0.0591687487	-0.0280775596	-0.0189753662	-0.056651518	0.0355139218	-0.0913238651	0.0378472326	0.0786083987	0.034161797	-0.0478018844	0.0430950557	0.0218713775	-0.0497554235	0.110523607	-0.0369480497	0.0165783521	-0.0805437343	-0.037583411	0.0375661887	0.0302324403	0.0499209904	-0.1173632107	-0.0749891222	0.0489509843	-0.0025053191	0.0017917292	-0.0531090969	-0.0428082531	0.0303441871	-0.0763093926	0.0338534345	-0.0110304931	-0.0461483011	0.0319080275	-0.0125513827	0.136736492	-0.0094549348	0.0708007725	-0.0599553535	0.0110917986	0.0170573105	0.001346304	-0.0324240105	0.124887869	-0.054395094	-0.0788050065	-0.032519837	0.0451631848	0.0349528697	-0.0021278799	0.021188802	0.0603403382	-0.0085670894	0.0477181802	0.1259870001	0.016782316	0.0930850885	-0.0785664967	-0.0612323184	-0.026364669	0.0743810317	-0.0405979879	-0.082945726	-0.0618494632	-0.0958553077	-0.0454104028	-0.000137831	0.0121630281	-0.0070879618	-0.0015839996	-0.0102068439	0.0191854421	0.0770852698	0.0202863992	-0.0568533175	-0.0655088654	-0.0773726073	-0.0633245314	0.0620832947	-0.055886734	-0.0231919124	0.0842240844	-0.0797184191	0.0131809392	0.063613111	0.0	-0.1086822676217167	-0.0088058259321997	7.754257034820089e-05	0.0118118352953984	-0.0094563962906448	-0.0078323973620087	6.134644843640085e-05	8.942343080572074e-05	-0.5803886718440054	-0.0032819828231538	0.3368510104048486	1.0771411251476848e-05	0.0104380698300224	-0.0001882917183071	0.0001089533017764	3.5453771183040846e-08	0.0026530217070488	3.590605098649979e-05	1.2892444974451226e-09	7.038524178072128e-06	0.0008511778798872	-0.0001909480079631	7.245037832092688e-07	3.646114174507612e-08
374.672579903056	0.164922071049375	140379.54213121187	0.0271992895192151	369.3606427673184	0.4749887373747015	0.2256143006328131	136427.28442548658	254.3885855714152	0.1718231863227117	64713.55246902524	0.0295232073580893	267.44990783500475	424.083767673226	0.901837	25.07609	0.0808637646359075	0.0436778079798434	0.0380877883	0.0146826934	0.1046730933	-0.0668303222	0.0061695686	-0.0280265828	0.0813178034	0.0749437256	-0.0597156459	-0.009156472	-0.0419389522	0.0287315911	0.0561182997	0.0342948192	0.0252993151	-0.0772298071	0.1186590501	-0.0573286809	0.0169133226	0.0771914527	0.0220227188	-0.1189950076	0.0131931009	-0.0003017763	0.0010195835	-0.0400958543	-0.048634172	-0.0831673375	0.0174453179	0.0419507559	-0.0797713055	0.0415059109	0.0285547432	-0.0880024395	-0.1145433551	0.0876824943	-0.022859929	-0.0241400143	-0.1051327878	0.0310162184	0.0087106665	-0.084504854	-0.0389923043	0.0870195308	0.122269288	0.0823075395	-0.0120670797	-0.0344308659	0.0392207806	0.0206589311	0.0287448744	0.0598884291	-0.0634379498	0.0237940497	0.000581811	0.0133154456	0.0173588076	0.0473945124	-0.0201306818	0.0190329501	-0.0329452342	-0.2200972484	-0.0586624821	0.0295563161	-0.0957999406	0.1181977875	0.0050129597	0.0447276154	-0.0320198537	-0.0895406446	0.0270908963	0.1127018911	-0.0213418994	0.0377859724	-0.0598181784	-0.0362842409	0.0043994658	-0.1360473376	-0.0087217703	-0.0301955347	-0.012626395	-0.0367907744	0.0322543124	-0.1075860542	0.0339271108	0.0548846165	-0.0738315534	-0.0190753561	0.0352694832	-0.0107026942	-0.0936124843	-0.0203790298	-0.0569878665	-0.00691624	-0.0101302304	0.07141058	0.0066893391	-0.0385009413	-0.1424828251	0.0433582473	0.0619157526	0.1257759819	0.0302682266	0.0022051168	0.023579208	-0.1228405258	-0.0206119913	0.0400853536	-0.0301022463	0.0037027567	-0.0962401144	-0.0080527923	0.052744555	-0.0453947312	-0.0371034974	-0.0656901496	-0.0037855268	-0.0274416327	-0.0279503393	0.0110146158	-0.0371961384	0.0177789639	-0.0515417085	0.0476291337	0.1387968639	-0.0604292057	0.0256348494	0.0809246416	-0.0102361268	-0.0207252567	-0.049124378	-0.0011782125	0.0165557328	0.0192961859	0.00677581	0.0248767959	0.0504272998	-0.0155380772	-0.0216777772	0.0539703513	0.1216435083	-0.0598976141	-0.0930023981	0.1198209884	0.1934806467	-0.0162061178	-0.0529957358	-0.0079531497	0.0870211046	-0.0035397801	0.0254352342	-0.1166154479	-0.1182591945	-0.1197242388	0.0422944975	-0.0192866267	-0.0890637754	-0.0003158953	0.0069316628	-0.0911076839	0.0226281695	0.0374990523	-0.0311259189	0.011427768	-0.0412662019	-0.0188389251	0.024932877	-0.0182191567	0.0228438397	0.0799135864	0.0920216135	0.0538109393	0.0206697514	0.0362077657	-0.0002401102	0.0548622158	-0.0684628975	-0.0774206352	0.0062964878	-0.0125345683	-0.0442269175	-0.0622893581	0.0518204517	-0.0400283827	0.0513608139	0.0995693204	0.0490854573	0.0274264059	-0.0095007343	0.0101325093	0.0257119267	0.0589621983	-0.0252749215	-0.0096485299	0.0866680275	-0.0295267574	-0.1214536475	0.0534365301	-0.0568338402	-0.0208578319	0.0827511615	-0.0819662993	0.0190977232	0.0582360367	0.0	-0.1237954508606264	-0.0151131832389097	0.0002284083076128	0.0153253136537857	-0.0111031463339372	-0.0016467500432923	2.711785705083521e-06	0.0001232798585128	-0.6145265220197658	-0.0341378501757603	0.3776428462657096	0.0011653928146226	0.0107576687722541	0.0003195989422317	0.0001157274374135	1.0214348387562245e-07	0.0028537412167586	0.0002007195097098	4.0288321578142586e-08	8.143838932226856e-06	0.0007721767082698	-7.900117161740007e-05	5.962568687943837e-07	6.241185116921899e-09
374.4775377148616	-0.1950421881943498	140233.4262529856	0.0380414551756401	368.9939114699888	-0.3667312973295793	0.1344918444410363	136156.50670192193	254.15630767365133	-0.232277897763879	64595.42873030371	0.053953021789607	267.0641647135038	421.42681641554304	0.992064	27.584896	0.1054513858159155	0.0550545767476573	0.1029450058	0.0091132489	0.0620928037	-0.0449920963	0.07202221	0.0295926541	0.0118530116	0.1017537664	-0.0309906229	-0.0237412911	-0.0108398816	0.0817662932	-0.0408073214	0.0461840894	0.0299782412	-0.071363352	0.0321041778	0.0626690133	-0.0320998427	-0.0282483155	0.0214323853	-0.1035076416	-0.0195140988	0.0616686517	0.0143612664	0.0050998035	0.0787935001	-0.020365734	-0.0492490566	0.1755510232	-0.0371249157	-0.0014876585	-0.0700042793	0.0085706504	-0.0040763335	0.0038434115	0.0551854946	0.0059815283	0.0606464352	0.0151372701	-0.0386369291	-0.0421478281	-0.0058410967	0.0289185435	0.0481025283	-0.0877916614	0.0491960719	-0.0171997541	0.0787422509	-0.0080359186	0.0556560259	-0.0026394841	0.0030838341	0.1001968561	0.0877605931	0.0381425101	-0.0675517609	0.0199526711	0.0242480262	0.008581234	-0.0496304466	0.0302925933	-0.0682071633	0.0555892564	-0.0116974354	-0.0056350578	0.0493680372	-0.0432180407	-0.1235929902	0.0527036313	0.0205743743	0.0420388596	0.0165746566	-0.0566761739	0.0455030336	0.0774508851	0.0053752412	-0.0542990654	0.0108776607	-0.0140478542	-0.0011296012	0.0576454124	0.0669709567	0.018326265	0.0115246632	-0.0557228398	0.0242333541	0.0379404535	0.0806890296	0.0226546979	0.0029004207	-0.0268745112	0.0860169113	-0.0232220683	0.062994637	0.04525657	-0.0293660749	0.0592507225	-0.0218875943	-0.0173853857	-0.0241736615	0.1361107065	0.0327838879	-0.0809616967	0.0400718995	-0.0611191032	0.0369993927	0.0421313906	-0.099435469	-0.0248390331	-0.04680372	0.0408539425	-0.0142680557	-0.0216361296	-0.0893839776	-0.0037522346	0.0033726753	0.0320986667	0.0317142438	-0.1337119777	-0.0440443947	-0.0951653775	0.0278323261	0.0615519619	-0.0036281881	0.0130103556	-0.0347922692	-0.0094303399	-0.078964499	-0.0415656922	0.0428198678	0.0417087848	-0.0425027338	-0.0203023203	0.0715501429	0.0363120267	-0.0430789652	0.0215221952	-0.0286024952	0.1445081279	0.0228345786	0.0405976504	-0.0645732605	-0.0041665086	0.0518606842	-0.0214582902	0.0523029045	-0.0165133799	-0.0405823208	0.0353093226	-0.1514559642	0.0094460013	-0.070063866	-0.0302626258	0.0769728151	0.0286187993	0.0534615545	0.0100680014	-0.0241959425	0.0444867903	0.0273102266	-0.0211595445	-0.0248633082	0.0673842004	0.0053009717	-0.0766754389	-0.0213518147	0.0686645607	-0.0552265635	0.0160406324	0.0517261232	0.0501316134	0.0277965553	0.057032873	-0.0354139673	0.0911351041	-0.067016565	-0.030515689	-0.0259141302	-0.0395724311	-0.0670161945	0.1078807279	0.0102629354	0.0461974501	0.0774710518	-0.0006855372	0.063352825	0.046692971	-0.0432765547	0.0381938813	-0.0488666042	0.0429252293	-0.0045291427	-0.0788332943	0.056352197	-0.0691425604	-0.0279465192	-0.0036183595	-0.0577711266	-0.0185093366	0.0811495725	-0.0839876321	0.0249320423	0.0524969085	0.0	-0.1131019114941125	0.0106935393665139	0.0001143517841831	0.012792042383622	-0.0271978639632948	-0.0160947176293576	0.0002590399355687	0.0007397238041658	-0.5792468230092567	0.035279699010509	0.3355268819663171	0.0012446571622721	0.0115591808012479	0.0008015120289937	0.0001336146607959	6.424215326217572e-07	0.0029029727406968	4.923152393819996e-05	2.4237429492775556e-09	8.427250733228692e-06	0.0007552516650111	-1.69250432587e-05	5.704050775020387e-07	2.8645708930886627e-10
374.0861833043734	-0.3913544104882476	139940.47253923325	0.1531582746086038	370.9350194516389	1.9411079816500771	3.767900196425637	137592.7886555877	253.7161765019756	-0.4401311716757163	64371.89821878165	0.1937154482806389	266.9068756348626	420.82962524829975	0.93764	26.071602	0.0779353752261625	0.046384686813122	0.1026367417	-0.0119613691	0.0125261239	0.019285595	0.0793582446	0.0913491594	-0.041797165	0.0885233685	-0.0875645463	-0.002562855	0.0830752136	0.0883279839	0.0313908579	0.0198334339	0.0253598168	0.1692369848	-0.0745246799	0.0144563526	0.0620874044	-0.0601095146	0.0696703049	-0.0453005722	0.0504865488	0.0816258068	-0.0330534209	-0.0381845465	-0.0227070796	-0.0307181097	-0.0517775166	0.0030228654	-0.0012987487	-0.0128128398	-0.0152420403	0.1107002647	0.0358454546	-0.0962690356	-0.0075495057	-0.0731666607	0.0184398184	0.0728024563	0.0221325928	-0.1177200482	0.0451709173	0.0936960015	0.0278936571	-0.0077107839	-0.0738750413	0.0322656621	-0.0326306133	-0.0958084748	0.02269367	0.0201579644	0.0457027938	-0.0610587728	0.0354897734	0.0058616987	0.030836414	-0.0182493707	-0.0743372062	-0.0982403386	-0.0522212807	0.0198453475	-0.0362628999	0.0382630551	0.0283783549	-0.0007505137	-0.0965352482	-0.0195365546	0.0192614065	-0.1025258204	-0.0435889394	0.0299664158	-0.1031574477	-0.0516494331	-0.0118243753	-0.1018570678	0.0398273805	-0.0125709998	0.0550912182	-0.087775916	-0.0569982845	0.0473479017	0.0849855805	-0.0335265531	0.0464024537	-0.0660369472	0.0752129096	-0.0625182867	0.0364716685	0.0526082868	0.0637606606	-0.0016481205	-0.1129742963	0.0825977489	0.0306751323	-0.16685743	-0.0319070438	0.063462255	-0.0478881442	0.0141639232	-0.0389180669	0.0521091949	0.1050959491	0.0559730109	-0.0930053861	0.0581049144	0.0602702151	-0.1014370691	-0.0753785602	-0.0135124492	-0.014989851	0.0582072067	0.0193078491	0.0051515853	-0.0155221855	0.1394304003	-0.0236610607	-0.0881950186	0.0648349237	0.051242351	0.0388963959	0.0005665563	-0.1067877538	-0.0059301655	-0.0044159254	-0.1089085165	-0.0397912005	0.0353668132	0.0401958682	0.058881424	-0.0564512659	-0.0235621859	-0.0341875255	-0.0666872477	-0.1092952569	0.0777935989	-0.0551726808	-0.0312830559	0.0103671173	-0.0037774654	0.0448203329	0.0064886962	-0.102231132	0.0279304479	-0.0625322467	-0.0434230405	-0.0296546377	0.0249284475	0.0276764984	-0.0345168974	-0.0822713628	-0.0264504708	0.0023211324	-0.0111746979	-0.0304142664	-0.0930670328	-0.0543301297	-0.0220146012	0.0195465738	0.0124778586	-0.0578465094	0.0107913253	-0.0788310538	-0.028209874	-0.0364502476	-0.0307128494	-0.0188343229	0.0316866722	0.0282744792	-0.0590140329	-0.0456035993	0.051502265	-0.0727631234	-0.0720505166	-0.0530692262	0.0920978466	-0.0321861636	-0.0047349612	0.0193068816	-0.0767943847	0.0419829468	0.0742973077	-0.0884883384	0.0238098485	0.0115990639	-0.0566666808	0.0114070142	0.0875024362	-0.0041475615	0.0566380274	0.098372667	0.0945160064	0.014006243	-0.0320996273	0.0109492891	-0.1329479176	0.0421791101	-0.0090999952	-0.0586984312	-0.0161480496	0.0794218076	-0.0857768306	0.0306587036	0.0464314067	0.0	-0.1218795375260839	-0.0087776260319713	7.704671875714189e-05	0.014854621667572	0.0164168529626351	0.0436147169259299	0.0019022435325289	0.0002695130611967	-0.5750435120929254	0.0042033109163313	0.3306750408001664	1.7667822659349908e-05	0.0117564909145214	0.0001973101132734	0.0001382150786232	3.8931280800001055e-08	0.0030445707952784	0.0001415980545815	2.0050009061293723e-08	9.269411327462148e-06	0.0008431379241946	8.788625918349998e-05	7.108815592151789e-07	7.723994553269335e-09
373.515302826336	-0.5708804780373953	139513.68144544947	0.3259045202042049	370.0915784128487	-0.8434410387901607	0.7113927859154254	136967.77641211374	253.64142562929263	-0.0747508726829835	64333.97279525999	0.0055876929668676	266.7175597609158	417.9732484232628	0.919516	25.567657	0.0608552376901372	0.0363281324356112	0.0950595834	0.0060499708	0.0177460496	0.0934183981	0.0544403629	0.0803139009	-0.1119296416	0.0455267423	-0.0549355499	0.0148969337	-0.0221605568	-0.0362013139	0.1437235626	0.0920887815	-0.0173568876	0.0608932142	0.0519398181	-0.0754350479	0.0845488838	-0.113954279	0.0163959823	-0.0217831755	-0.0188319868	0.0473271927	-0.0377908472	-0.0350006912	-0.0400403912	-0.1419288799	0.0152920117	-0.0875017736	-0.0402654967	-0.0086615749	0.0651590746	0.0362887799	-0.0601347362	-0.1462113224	0.0637887005	-0.0314854303	-0.0005784743	-0.0447615631	-0.0903406644	0.0180176484	-0.0226775101	-0.0177836005	0.0721165363	-0.0416004569	-0.0806621211	-0.0102112074	0.0596396318	-0.1273112277	0.0011957482	0.006542325	-0.0058679433	-0.0808682727	-0.0301378644	-0.0477999547	-0.0117312462	0.0040011441	-0.0844107741	-0.0114571745	-0.002391274	0.0138078705	0.0295730688	0.018647012	0.0741325425	-0.0382538372	-0.0236622419	-0.0661606062	0.0206729216	0.0136151898	0.0691859223	-0.1356921673	0.0004791035	-0.0236776638	-0.058433433	0.1225269722	0.023731269	0.0352460783	-0.044611924	0.0109490967	-0.0216146303	0.0222868051	-0.0219311391	-0.0042696171	-0.0538881414	0.1060875308	0.0248980715	-0.0318601712	-0.0194148314	-0.0249223853	0.0680027569	-0.0501015454	-0.1053362756	-0.1142512327	0.0481709888	0.1020338873	-0.0578636913	-0.0400436198	0.1126424896	0.0201089379	-0.0718430384	0.0213789935	0.0713539417	0.1237206201	-0.0800443401	-0.0583434856	0.0098642963	-0.0780193369	-0.0068636659	-0.036435458	-0.0994697488	0.0755544119	-0.0069597603	0.0579870443	0.0123405201	0.0601857179	-0.0463946191	-0.0335838478	-0.0926600223	0.0299407846	0.0202229215	-0.0217001348	-0.0153064823	0.036255711	0.0149554695	0.0292462127	0.1065593452	0.0352816091	0.074800859	0.0877703562	0.0738901092	-0.0627735805	-0.0799190518	0.0360922294	-0.0265564109	-0.0061317979	0.0252668082	0.0019916719	0.0101093098	-0.0283497594	-0.0535819635	-0.0643199804	-0.0604647652	-0.0915892561	-0.02523185	0.0336739841	-0.021578319	-0.1120620188	0.0004233249	-0.0407283592	-0.0532814267	0.0057933908	-0.0467634285	0.0317909786	-0.0799998354	0.006007209	-0.0074818995	-0.067025243	-0.0368377172	0.036187382	-0.1259269216	0.047741616	0.0143469116	-0.0266137369	-0.0438008671	-0.064360918	0.0863417397	0.062562367	0.0445124582	0.0123250549	-0.0492945958	-0.080277514	0.0016616105	-0.080509018	-0.021901561	0.0863913226	-0.0404618907	0.0199518087	0.0714135199	0.0138700684	-0.0222152242	0.0489142767	-0.1479987775	-0.0041684399	0.0295268763	-0.0417762581	-0.0059844593	0.1313849877	0.0454035169	0.0129800918	0.060794319	0.0225248486	-0.0278206539	0.0663947034	0.0819869335	-0.0996110918	-0.0239720872	0.0022768348	-0.0596155937	-0.0137756027	0.0775705533	-0.0873289498	0.0362529791	0.0400772406	0.0	-0.1198723855986827	0.0020071519274011	4.028658859670337e-06	0.0143693888291192	-0.0058734699468345	-0.0222903229094695	0.0004968584954084	3.449764921636806e-05	-0.548694703383994	0.0263488087089314	0.3010658775216491	0.0006942597203798	0.0115589826448275	-0.0001975082696938	0.0001336100797834	3.90095165974783e-08	0.0030509823479425	6.411552664100251e-06	4.1108007564531026e-11	9.308493287456733e-06	0.0008433971847233	2.592605287000255e-07	7.113188111991882e-07	6.721602174181673e-14
373.4436829514793	-0.071619874856708	139460.18433636497	0.0051294064744905	370.6201331877648	0.5285547749160742	0.2793701500865818	137359.2831241165	253.34659792372017	-0.2948277055724588	64184.49867952313	0.0869233759731204	266.80711582765656	416.0581473849295	0.875139	24.333723	0.0664890486040657	0.0316904226678375	0.1040692667	0.010182469	0.0186226639	0.1277437402	0.034274353	0.0439527866	-0.0245954605	-0.0585940243	-0.069358858	-0.0399532648	-0.1424780982	-0.0218539664	0.1333335765	0.0543751695	-0.0240845575	0.0134336263	-0.0200672367	0.0437320576	-0.0261010173	0.0692985129	0.0570537422	0.050457627	0.0147158458	0.0877509719	-0.0773982657	-0.0374284495	-0.0532412333	-0.0717776573	0.017519622	0.0535094289	-0.0150068638	-0.025817123	-0.0372990112	0.1031414421	-0.0249548743	-0.0595033706	0.0501829571	0.0433367103	-0.0114240214	-0.06572594	0.0268408647	0.0115660318	0.0399821691	-0.0435694996	-0.1227541417	-0.0660865962	0.0820353933	0.0876282487	-0.039083002	-0.0669587811	0.0224785655	-0.0048700351	0.0950129097	-0.0205313797	-0.020656906	-0.0085524105	-0.0928402954	-0.0575453438	0.0314843367	-0.0025360136	0.0153329279	-0.0907336201	0.0497625479	0.0026998098	0.1433114533	-0.0056126535	-0.0580262256	0.07380977	-0.0875701569	-0.0683410078	0.0321813283	-0.0137544598	0.0147397199	0.0565060073	-0.0659830144	-0.0061299311	0.072152071	-0.0614476325	0.0477955604	0.0645194709	-0.0709290045	0.0659903744	-0.0423369818	0.0301612233	0.0397468466	-0.0040797714	-0.0318927264	0.0917462656	-0.0451800757	0.0517222691	-0.079086507	-0.0270742863	-0.0233497714	-0.0426424645	-0.0423556879	-0.0831811321	0.0060249862	0.1031912987	-0.0798588657	0.0101444928	0.0093929754	-0.0129658435	0.0402937215	0.0446632406	0.0037045809	-0.169055246	0.0429905488	-0.0728684516	0.0030015907	-0.0373597413	0.0179067696	-0.0251683326	-0.0481230166	0.0274822498	-0.0358339059	0.0562861352	-0.0227533038	-0.0045141092	-0.0025799843	-0.0848864629	0.0787831304	-0.0207769753	-0.0796935739	0.0588061981	0.0101683429	0.0479954184	0.0624537467	-0.005681693	0.0445341383	-0.0223747261	-0.1256564421	0.0962073626	0.0526895606	0.0439311504	-0.1102955648	0.0637660566	-0.0279595441	0.0236938108	0.0642803579	0.0429801618	-0.046524328	0.0565734731	0.1264619665	-0.00040989	-0.0564864655	0.0088197961	-0.0591292435	0.061181657	-0.058960587	0.0492512239	0.1074028828	0.0465539221	-0.0208627428	0.007341177	0.0345340719	-0.0138661258	0.0287419061	-0.0003023542	-0.0244481282	-0.0398657115	0.0289665558	-0.0103490133	-0.086347504	-0.0054728438	-0.0574460625	-0.0423815793	0.1582916277	0.0366456715	0.0046745041	0.0034051949	0.0626242858	-0.0665041263	-0.0465950377	-0.0343002709	-0.012619022	0.0780113797	-0.0285979004	0.0147239458	0.0125701656	0.0107725846	0.0593917102	0.0531179255	-0.124974946	-0.0146553328	0.0652242465	0.0313971431	0.0667833418	0.0920534222	0.0777282953	-0.1068222303	0.0479977435	0.01170249	0.1101559758	-0.0523076095	0.0954091262	-0.0032967724	-0.1245501765	0.0124980687	-0.0605224558	-0.0113936355	0.0755986879	-0.0886396995	0.0416907124	0.033473914	0.0	-0.1152654909706569	0.0046068946280257	2.122347811373296e-05	0.0132861334087065	0.0082970656395389	0.0141705355863734	0.0002008040788046	6.884129822681706e-05	-0.5726233803064105	-0.0239286769224165	0.32789753567354	0.0005725815792573	0.0113090575775149	-0.0002499250673125	0.0001278947832915	6.246253927120751e-08	0.0028288865273733	-0.0002220958205692	4.932655351430634e-08	8.002598984754168e-06	0.0008470351261865	3.637941463200062e-06	7.1746850499378e-07	1.3234618089670208e-11
373.7362577116728	0.2925747601935313	139678.7903283259	0.0855999903023023	368.6341811080113	-1.9859520797534744	3.944005663077149	135891.15948117408	253.376236422988	0.0296384992678326	64199.51718387791	0.0008784406388493	266.20740744210514	415.8305296808532	0.9758460000000002	27.133936	0.0388934253385801	0.0216664401567818	0.0944235924	0.0138562178	-0.0052349575	0.1110478864	-6.9001e-06	0.1269064899	-0.0826619386	-0.0899555157	0.0516642018	-0.1417152273	-0.0943147238	0.0695213019	-0.0168209908	-0.0047629686	-0.0611155324	0.0432727641	0.0814141355	0.0329538907	0.0005469553	0.0174929028	0.0594166718	0.0510159919	-0.0672504675	0.0853035169	-0.0391466844	-0.004225624	0.0520015861	0.0134076247	-0.0342904923	-0.0116680661	-0.0504396546	0.0295178796	-0.0782755738	0.048912959	-0.0089574767	-0.0860800063	0.006272566	-0.0313656732	0.0097213343	-0.1000332058	0.0350684964	0.0790478815	-0.0283882746	-0.046180489	0.0029668064	0.0755479547	-0.023885409	-0.0979974088	0.014735187	0.0184382555	-0.0267120415	0.0229954824	-0.0725230485	0.0619917163	-0.0036253488	0.0272091764	-0.0670943722	0.0630063741	-0.037757267	0.0228541051	-0.0850820372	0.0414287981	0.0123097826	0.1105078476	-0.1107603885	-0.0236826471	0.0562229319	0.0523200429	-0.1102694251	-0.0506929402	0.0098128957	-0.0674601788	-0.0605233308	0.0466874287	0.0811458926	-0.0122813912	-0.1240502784	0.0037387682	0.0129252595	-0.0469669457	-0.0916536177	0.0207722322	0.041929245	-0.0384453701	0.033615042	-0.0829580033	0.0707520647	0.0082761291	-0.0812150987	0.0645248812	0.0921275803	0.042190048	-0.0814119048	0.0034690884	0.0532196101	-0.0238473722	-0.198600904	-0.0268888393	-0.0325177879	-0.0929979916	-0.0849129205	-0.0433611066	-0.0397698038	-0.05592453	-0.0224025409	-0.0720356973	0.0789896835	-0.0321607183	-0.0303193281	-0.0117728951	0.1455248984	0.0421182226	-0.0502577853	0.0231646541	-0.0766618677	0.0673186474	-0.0889679154	-0.0777255735	0.06409718	0.0010917372	-0.0429462562	0.0931005785	0.0500986115	0.0679027208	0.053889461	0.0052232396	0.1205040819	-0.0589299094	0.0184855508	0.0249819586	-0.0262849695	-0.00495315	0.0620985338	0.0107835423	-0.0346115111	0.0010005171	0.0410453425	-0.0340601296	0.0017149508	-0.002546515	-0.0817943039	-0.0785467706	-0.147820128	0.0294548954	0.0274223198	-0.0756816752	-0.0239237482	-0.0422286029	-0.0579463081	0.075299941	-0.0740184075	0.0144005544	-0.0470979336	0.0100820534	-0.0117202707	0.0360263835	0.0537996427	0.0282061309	-0.0081385083	0.0982250813	0.0018734893	-0.0107084259	0.0332743231	-0.0252055347	0.0123367747	0.0566832408	0.0321740804	-0.0913922763	-0.0175416906	0.0417595652	-0.1055579605	0.0608360366	0.0458301235	-0.0948156739	-0.0166887672	0.0746901005	-0.0075808303	0.0340039754	0.0720207918	0.0657191545	0.0604004778	0.1076242598	-0.0677360824	3.5855e-05	0.0104132695	-0.0204534585	0.1519360025	-0.0072568748	-0.0337486004	-0.1114035656	-0.0128817638	-0.0519434025	0.0391238813	0.0017189178	0.0270727447	-0.0593718222	0.0428188802	0.0190772785	-0.0614188607	-0.0090037942	0.0735092774	-0.0897054572	0.0469484232	0.0266624798	0.0	-0.1129479859903028	0.0023175049803541	5.370829333966064e-06	0.0127572475392656	0.0134456405469336	0.0051485749073947	2.6507823577054348e-05	0.0001807852497173	-0.5542195466068591	0.0184038336995513	0.3071593058411125	0.0003387010948407	0.0112483167568476	-6.074082066729984e-05	0.0001265246298623	3.6894472953370798e-09	0.0028697527918206	4.086626444730008e-05	1.670051569876662e-09	8.235481086162128e-06	0.0010058982760975	0.0001588631499109	1.0118313418559222e-06	2.5237500399644835e-08
374.7103688035045	0.9741110918316735	140407.86048885834	0.9488924192294952	367.9435211337741	-0.690659974237235	0.4770112000133781	135382.43474432005	253.8630950667641	0.4868586437760882	64446.4710368769	0.2370313390194919	266.6783070414301	416.8695576808319	1.038082	28.864443	0.1075301051833637	0.0574763496597083	0.0894959934	-0.0101285008	-0.1011817007	0.0728238462	-0.0100959827	0.0503486966	-0.0093161917	-0.0881877575	0.0815512772	0.0387778609	0.1195790486	-0.0352434503	-0.0598531814	0.0581095884	0.0263216661	0.0374407756	0.088395219	0.0113577827	0.1316119718	-0.0176444892	0.0354435676	0.050944051	-0.0206585935	-0.0163667218	0.0038773352	-0.0129743285	0.0350429423	-0.0564840686	-0.1111643052	-0.053506533	-0.0066421812	0.0134181551	-0.0190622135	-0.0185068204	0.0076625672	0.0343399499	0.0605991401	0.0554955524	-0.0581928748	-0.0585332591	0.0361408341	-0.0231270636	-0.0098926323	0.0036219935	-0.0525386035	0.0467977591	0.0612499496	-0.0649534527	-0.0935140562	-0.0127173204	0.0907834816	-0.0548641747	-0.0063369844	-0.05460111	-0.077762593	0.0499407349	-0.0541097852	-0.0666790667	-0.0574771229	0.0413197481	0.0099329768	-0.0682980467	-0.0151482957	0.1046255276	-0.1257172453	-0.0891118114	0.0009159124	-0.0357710392	0.0780699497	0.0038071056	-0.0772622689	-0.0507249894	-0.0889265816	-0.0730700462	0.0023023009	0.0119905604	0.0540923486	-0.0166292204	-0.0739929384	-0.0547771193	-0.0185515444	0.1019841985	-0.0387267155	-0.0331001791	0.019731797	0.0889517344	0.0193202039	-0.1291146851	-0.0519052284	-0.0303449821	0.0254464338	-0.0810467388	0.0306559854	0.1001880209	-0.1523310025	-0.1412583763	-0.0678477485	0.0042041883	0.0501623772	0.0171171784	-0.0078857499	-0.0813152847	-0.0182882387	-0.0047721374	0.0532225521	-0.0031111198	0.0468236184	0.0764971828	-0.0468991044	0.0488175408	-0.000707157	0.1308539634	0.0955960879	-0.0211859333	-0.0084496	0.0425681647	-0.0523970377	0.0051645017	0.0371195602	-0.014959791	-0.0509480174	0.0629464606	-0.0451096547	0.0338895582	-0.0736504614	0.0573667472	0.0674017588	0.0406961418	0.0894356997	0.0290430149	-0.0932499738	0.0170380387	0.0616302778	-0.0862643821	-0.0124135885	-0.0267376702	0.0291052187	-0.03918851	-0.0195848564	-0.0681966736	0.0694368093	-0.0475554196	0.1043166061	-0.0631301637	-0.0586810831	0.0747545863	0.0341984676	-0.1186574536	0.0510712572	-0.0009781491	-0.0784619222	-0.0277493266	0.0339621898	0.0834024751	-0.0583798146	-0.0235141729	-0.0603265354	0.0091031677	-0.0431075535	-0.1042083023	0.0383815331	0.0412406991	-0.0918755565	0.0513665816	0.1310129511	-0.0002059517	-0.0054431921	0.0622745883	-0.0717534873	-0.0406551386	0.1093372526	0.0530710823	0.0669355361	0.0013525957	-0.0337631997	0.0687209334	0.0591805011	0.0290454879	0.0145703317	0.0065263524	0.0069923237	0.0639143293	-0.1431959294	0.0558969754	0.0282898589	0.0062467997	-0.0138702891	-0.0612682174	-0.0253149104	0.0082269376	-0.0744840612	0.0060856869	-0.0558506202	0.0109565121	0.0840740639	-0.1074093927	-0.0077682866	-0.041568689	-0.0623046536	-0.0066077305	0.0713055705	-0.090523277	0.0520034083	0.0196852849	0.0	-0.1131858329722916	-0.0002378469819887	5.6571186841178524e-08	0.0128110327856314	-0.011847810493947	-0.0252934510408806	0.0006397586655574	0.0001403706135004	-0.5898998669138535	-0.0356803203069944	0.3479818529849821	0.0012730852572097	0.0118670709050589	0.0006187541482113	0.0001408273718656	3.828566959286914e-07	0.0030146165165669	0.0001448637247462	2.0985498747371688e-08	9.087912741957949e-06	0.0008431464119851	-0.0001627518641123	7.108958720433481e-07	2.64881692720611e-08
375.4824297347184	0.7720609312139004	140987.05503948772	0.596078081506875	369.1483613621549	1.2048402283808173	1.45163997592474	136270.5126963641	253.9799235044432	0.1168284376791177	64505.80154332282	0.0136488838505435	266.98436245032974	421.7594953842423	1.011599	28.128073	0.1088585434661999	0.0565267326521701	0.0900816176	0.0058239356	-0.114594821	-0.0261840741	-0.0763483916	0.1108304343	0.0297030885	-0.049873117	0.0500985233	-0.0031698012	0.0598356022	-0.1040693284	0.0123730937	-0.0213140971	-0.0546866623	0.053905928	0.0016992029	0.0996662852	-0.0258710937	0.0653403045	0.0232567522	0.0067819274	0.0056075338	0.0186782927	-0.0012903983	0.0132664213	0.1433375014	-0.0526700463	-0.0417720346	0.1089079984	-0.0845682841	0.0104615104	-0.1488248109	0.0758573247	-0.0234250331	-0.0948758588	0.089094376	0.0295921421	0.0206974966	0.0075312378	0.039645506	-0.0499233996	-0.0029535278	0.0253152063	0.0574139373	-0.0281745356	0.0174777365	-0.0027037802	-0.0043907079	0.1425476131	0.1399585285	-0.0207092834	-0.0549805174	-0.0053936308	-0.0033908588	0.0562392516	0.0577800227	-0.0686696718	0.0751833509	-0.1010354362	-0.0917330235	-0.137368592	0.0518587743	0.0031041609	0.0395439562	-0.0368422551	0.0346484171	-0.0251345618	-0.0445804741	0.0763176334	-0.0189925194	-0.0284523152	-0.0058720584	0.0121805093	-0.0012393018	-0.1073815897	-0.0129174233	0.1026424916	-0.016028494	0.0626512268	0.0184841784	-0.0439196119	0.0043338489	-0.03964633	0.0143302889	-0.0170289961	0.0594451782	-0.0494936047	0.005366637	0.0420061063	0.1119757909	0.043738855	0.0306034311	0.1428169361	0.0202574508	-0.0431724792	0.0220525289	-0.0414358511	0.0062169359	0.1007649914	0.0308471387	-0.0255506376	-0.0139620426	-0.0097470604	-0.0363080076	-0.0018392219	0.0257759573	0.0450665808	-0.0299860109	0.0435214148	0.0180559247	0.1720569551	-0.0789746354	0.0583724449	0.0032382523	0.0616906681	-0.0717313215	0.0937976005	0.0824448097	-0.0955946877	0.1067366546	-0.0262095142	-0.046736275	0.0015266535	0.0799781335	0.0152213535	0.0756177276	-0.0678525479	-0.0170413665	-0.0948805623	-0.1056552358	0.0152119791	0.0454032299	-0.1385809127	0.0631519499	-0.067921356	0.0039985195	-0.0548303835	-0.0936053854	0.0378063374	0.0311142704	0.0142898059	0.0497313819	0.060058632	0.0052444167	0.0312220796	0.0086043443	-0.0755739943	0.0463908292	0.0038724591	0.0554816382	-0.1036667911	-0.0474493455	-0.0286468885	0.0561555497	0.0016240462	0.0368535098	-0.1263484664	-0.1414715529	0.0911210328	0.0243775844	-0.0867010959	0.0464926523	-0.0456669328	-0.0777899669	-0.0029313686	0.0546112867	-0.0384820606	0.0321675963	-0.0124036525	-0.0836021603	0.0231687793	-0.1186222409	0.0346689158	-0.0351093292	0.0685546795	0.0708389534	-0.0492752302	0.0237700988	0.0303900578	0.1727045329	-0.0047259429	-0.0630128445	0.0443272112	0.0899411832	0.020895455	-0.1531743445	-0.0156744495	-0.0420080718	-0.0618871022	-0.0856262386	0.0892107656	0.0780444305	-0.0711324584	0.0592511236	0.0400008455	0.0536753201	0.0049189134	-0.0631796814	-0.0042071001	0.0689909938	-0.0910908987	0.0568338402	0.0125857064	0.0	-0.1224528647464211	-0.0092670317741295	8.587787790272585e-05	0.0149947040846053	-0.0005514824154886	0.0112963280784584	0.0001276070280561	3.041328545931408e-07	-0.5767045347831115	0.013195332130742	0.332588120439405	0.0001741167900405	0.0109349113912272	-0.0009321595138316	0.0001195722871339	8.689213592269504e-07	0.0033146896803892	0.0003000731638223	9.004390364632489e-08	1.0987167677278656e-05	0.0011129107639885	0.0002697643520034	1.2385703686014668e-06	7.27728056118143e-08
374.3218765428098	-1.1605531919086047	140116.86725853052	1.3468837112492509	367.1789181019034	-1.9694432602515235	3.87870675535015	134820.35789848428	253.72220855507967	-0.2577149493635318	64374.959114067344	0.0664169951254477	266.08451260930184	421.2752209339272	0.959478	26.678818	0.0756251890119407	0.045649889155856	0.0692119891	-0.0506578786	-0.0958039603	-0.0177005904	-0.0580840536	0.0903446494	0.0044268779	0.0039849704	0.0722807572	-0.0562543892	0.0809063194	-0.0196932266	0.1160380265	0.0042358422	-0.0822295356	0.0181157318	-0.0281613225	0.0400030362	9.87666e-05	0.0597488481	0.1061902243	0.0137598231	-0.0304499371	-0.0185399216	0.0215950896	-0.0533423145	0.1199702825	0.0685643293	0.0349408362	0.0862772477	0.05655902	-0.0164456927	0.0296695015	0.0006502074	0.0356737488	-0.0824951232	-0.0518389093	-0.0017265621	-0.0333959175	-0.028578278	-0.0192354378	0.0118739458	0.0949296065	-0.1065624287	0.0562436606	-0.0404757918	0.0148776888	-0.1023423642	-0.0796263725	-0.0530286037	0.066757646	-0.0874688067	0.0506676165	-0.0756167065	0.00910033	0.1308081729	-0.0038918755	-0.0228328215	-0.0610982562	0.1149367102	-0.0035510639	0.0111612405	0.0139677453	0.0540346922	0.0220505791	0.0128428646	0.0478110859	0.0056632295	0.0032857232	-0.0662471791	0.0645418524	-0.0641757042	-0.0009163074	-0.0052596288	0.0508708244	-0.1317746283	0.0255594052	-0.0428779215	0.0658176396	-0.0265709826	-0.0595547227	0.0332281021	0.0520556692	-0.0805604038	0.0009126694	-0.0110962255	-0.0202965743	-0.044927809	-0.0323223532	-0.0577694437	-0.131030447	-0.0042772181	-0.052407102	-0.0285426403	-0.0088886372	-0.0306192607	-0.0436059111	-0.0238612418	-0.0854650123	-0.0207749298	-0.0457088468	-0.005551164	-0.04391161	-0.0176164827	-0.1319817989	-0.0093053031	-0.0333443939	0.0387359151	-0.1207261762	-0.0078420066	-0.0523927147	0.0348799183	-0.1158579567	-0.0735599862	0.0490701063	0.0271102279	-0.0390837542	0.0300603902	0.0459116419	-0.0635352526	0.0556520545	-0.0064606298	0.0403984077	0.0430813083	-0.0344658811	0.0707278284	0.0308095932	-0.0414062956	-0.0802563842	0.1588168151	-0.0986794491	-0.0097625463	0.0755960317	-0.0527832831	0.0004167351	0.0392500238	0.0596134488	0.0135749792	-0.0390815355	0.0618181118	-0.0423268222	0.0564314932	-0.0084874591	0.0112219817	0.0244867625	-0.0156165746	-0.058063671	0.0235395114	0.0460901476	0.022186845	-0.0247914839	0.0971021598	-0.0162708328	-0.0269859124	-0.0693149481	-0.010641616	-0.1335003602	0.0638278193	0.0612225283	-0.0053224687	0.025775546	-0.0381158665	0.0948803165	0.07539431	0.0604477628	0.0478247611	-0.0083285583	-0.0183991573	-0.017121078	-0.0027761157	-0.0981410627	-0.0752457504	-0.0177062497	-0.0174150187	-0.0782683961	0.0583729657	0.0813607268	-0.0109776511	0.0843126949	0.1491043517	-0.0217214371	0.048413399	-0.0399963988	-0.0386368196	0.115894865	-0.0132742468	-0.0987239893	-0.0343430182	-0.004128091	-0.0322049387	-0.0838658465	0.0220324711	0.0727058512	-0.0438283386	0.0331332225	-0.0761859346	0.1057285429	-0.0817361191	-0.0640437928	-0.0018035623	0.0665691461	-0.0914067533	0.0614188607	0.0054078825	0.0	-0.1210631881348263	0.0013896766115947	1.9312010848135908e-06	0.0146562955213683	-0.0030148353002488	-0.0024633528847602	6.0681074348564e-06	9.089231887626274e-06	-0.5867959823770121	-0.0100914475939006	0.3443295249338027	0.0001018373145404	0.0117233703580979	0.0007884589668707	0.0001374374125531	6.216675424388122e-07	0.0034850379574082	0.000170348277019	2.9018535483341978e-08	1.214548956457592e-05	0.0008381037694445	-0.000274806994544	7.024179283570795e-07	7.551888425030609e-08
374.10944640005823	-0.2124301427515433	139957.87788575803	0.0451265655494411	369.107259667438	1.9283415655345948	3.718501193368412	136240.16913920548	253.43873270287003	-0.2834758522096479	64231.1912340368	0.0803585587859861	266.90885793320183	418.2588197604152	0.930073	25.861191	0.1019505234673544	0.0698738032967441	0.0520122519	-0.0953716191	-0.0766687703	0.037544749	-0.0628707702	0.0217744338	0.10480251	-0.0339491071	0.022730336	-0.0040270115	0.0228330085	0.0178537465	0.0691107486	-0.0027229339	0.0646740664	0.0192203446	0.0154541047	0.043680508	-0.0883698554	0.0764499666	0.0695497578	0.0309382164	-0.0197731247	-0.0874388012	-0.0373133281	-0.0078388564	0.0171368877	-0.0353921459	0.0200484504	-0.0026087141	0.0026572944	-0.0734436703	-0.0482492697	0.0621045168	-0.0617771396	-0.1106563549	-0.0623083433	-0.0266938174	-0.0276544546	-0.0047574195	0.0535047539	0.0920450796	-0.0324912596	0.0241913167	-0.0548226578	-0.0194623542	-0.0357817104	-0.0504015645	-0.0003226292	-0.0355878078	-0.0427584277	0.0528750805	-0.0199449276	-0.0185435263	0.0088349817	0.0441185411	0.0068133775	-0.0410017282	0.037788329	-0.0037962036	0.101728904	-0.0709480785	0.0112507006	0.0269508991	0.0349619757	-0.0237990352	-0.0975339772	0.1964420913	-0.0476329747	0.0204636345	0.0003025247	0.0244502576	-0.005400281	-0.0173288534	0.021890389	-0.0315485616	0.105889179	-0.0122325559	0.065379441	-0.0570698094	-7.31869e-05	0.0366618576	-0.0796934389	-0.003807544	0.0552312031	0.0028119454	0.0569038667	-0.1008403306	-0.0737307593	-0.0110155705	0.0044458473	-0.0299639697	-0.0396473987	-0.1406434542	-0.0045689178	0.0488896936	0.1603120182	0.0098952994	-0.0397046294	-0.0903518735	0.113944291	-0.0401229024	-0.0281535414	-0.0072865942	-0.0879363624	-0.0299100556	0.0369072898	0.0058556911	-0.0096354987	-0.0169769308	-0.0207892944	-0.0143602757	-0.0359292769	0.0362377557	-0.0051795199	0.0013613602	-0.054567824	0.0305957888	0.074715778	0.0594602099	0.0723034213	0.0562565315	-0.0517306759	0.0436719702	0.0318708554	0.0444040619	0.1169792403	-0.0426708585	-0.005741255	-0.0095844493	0.0382290684	0.0676068523	0.0094942686	0.0731166694	-0.0293588872	0.0311778514	-0.000966896	0.0346109783	0.0038651244	-0.0068607599	-0.0266209867	-0.0193982099	-0.0175387642	0.0302146867	-0.0504653365	-0.0525769923	-0.0373543541	0.0235867592	0.0009674979	0.0773440721	-0.0006873318	-0.1339409953	-0.0014974446	0.0125766037	0.0108617817	0.0310551764	0.0382869235	-0.0228744563	0.0284969478	-0.0642957227	0.1053554924	0.0477934363	-0.0843834223	-0.0285863021	-0.0175741528	-0.0726826072	-0.015386497	0.0681244828	0.1860711326	0.0137137754	-0.0321663316	-0.0916874217	-0.0067547658	-0.016651889	-0.0704730917	0.0109560606	0.0939969983	-0.0067841602	0.0006214999	0.0159866911	0.0447590409	-0.0329622358	-0.0699026879	0.014675332	0.0775842217	0.0705691516	-0.0999265707	-0.0316333714	0.0700992681	-0.0076654195	-0.1205234518	0.0714636769	0.1088475732	-0.0603865594	0.0495341739	-0.0622570898	0.0733070088	0.0274415283	-0.0648968387	0.000601222	0.0640437928	-0.0914699679	0.0657386716	-0.0018035623	0.0	-0.1092109062056749	0.0118522819291514	0.000140476586928	0.0119270220342647	-0.0130690276654803	-0.0100541923652315	0.000101086784117	0.000170799484121	-0.6539002547925037	-0.0671042724154915	0.4275855432177012	0.0045029833764125	0.0118381277652493	0.0001147574071513	0.0001401412689863	1.3169262496112069e-08	0.0034738741924289	-1.1163764979299756e-05	1.2462964851303966e-10	1.2067801904823545e-05	0.0009709781324634	0.0001328743630189	9.42798533722112e-07	1.765559634767843e-08
374.0833515915168	-0.0260948085414156	139938.3539379424	0.0006809390328131	366.7365084401787	-2.3707512272592908	5.620461381551434	134495.66662289324	253.56111094577253	0.1223782429024993	64293.23698405436	0.0149764343359031	266.00001535425326	418.3863759089572	0.952177	26.475803	0.0996350820734659	0.0484959466522429	0.0273037936	-0.0998067077	-0.0245484454	0.0019218422	-0.1042486115	0.0601718957	-0.0223040866	0.0379812381	0.1054213716	0.0103224541	0.0278184449	0.0186159567	0.0583796768	-0.0205814628	-0.0318926489	-0.0650968299	-0.0394701719	0.1117746354	-0.0422151375	-0.0380987599	0.0024598983	0.0406534931	-0.0904924638	-0.0476759609	-0.0419959989	-0.0226444658	0.0311744185	0.0646403309	-0.0843816157	0.0413514766	-0.0036460311	-0.007250222	-0.0621758144	-0.0583527079	0.0522816079	-0.0297609548	0.0601620427	0.0155044002	-0.0296498357	0.0209940417	0.1245790835	0.0941070951	0.1465556488	0.0140851955	-0.0331312882	-0.0173921974	0.0181105569	-0.0312865404	0.096253394	-0.0238143837	0.0228385564	0.0301297999	0.0500769712	-0.0567264722	-0.0256481269	0.1029103281	0.0495641802	-0.0601030428	0.0934202818	-0.0304673874	0.1072075454	0.011046706	-0.0223779625	-0.0233658139	-0.0737669578	0.0479055569	0.0204699322	-0.1024919378	-0.0634741844	0.0817316118	-0.018902701	-0.0677226795	-0.0128802698	0.0434200001	-0.0269771184	-0.0787061396	-0.0980750899	-0.0642107524	0.0453586982	0.0084583586	-0.0440478042	-0.0245149825	0.0132570215	0.0621057298	-0.0683858543	0.0427258795	-0.0317432097	-0.0398849055	-0.0220906723	0.0555115514	0.076678381	-0.0210541628	0.0100784126	-0.0832721188	0.0170899437	-0.0412204287	0.0124776595	0.0525407434	-0.0808464194	-0.0057863286	-0.0525952167	-0.0052879152	-0.1106352082	0.005295535	-0.0368909699	0.0600249484	-0.0419793106	-0.018824606	-0.0149485674	-0.0845124106	0.0278306774	0.0698694459	-0.0701717836	-0.0225936912	0.0466958595	0.0345101804	0.0170745916	0.0193987434	0.0613126879	0.0124173846	-0.0161254075	0.0407827346	0.0646207689	-0.0346272105	-0.0210462035	-0.0175132762	0.0135410936	0.0254383826	-0.1725882395	0.0518011285	-0.062248167	0.049840105	0.0866513167	-0.0119532606	-0.0349422565	0.0397266601	-0.0239023707	-0.0279481126	0.0206382381	0.1854422153	0.1001657561	0.0445674666	0.0923917356	0.0025281784	0.0185933388	0.0417616842	0.0772925227	0.0027112565	0.0645559214	-0.0389193554	0.0210687698	0.0164003698	-0.0506947331	-0.0187520747	0.0558001701	0.0074306192	0.1496549792	0.0356324677	0.0774668025	0.0369454143	0.0873967958	0.0015707886	-0.0214995041	-0.0583774627	0.0099026023	-0.0462305287	-0.042811774	0.0646623268	-0.0105915229	-0.0420470554	-0.0110605049	0.0557842354	-0.0239590629	-0.0245220053	-0.0914689468	0.0119584463	0.0755812734	0.0008867335	0.1393037718	0.1145255365	0.033269227	-0.0188585078	0.0612746228	-0.0330769992	0.0866249136	0.0002920956	-0.0128756992	0.0347491033	0.0576119588	-0.0064484652	-0.1032544526	-0.0425924194	0.033411386	0.0011107781	-0.0117338139	-0.0552900632	0.0956751954	0.0379001419	-0.0657386716	0.0030055908	0.0614188607	-0.0912803678	0.0697746196	-0.0090037942	0.0	-0.1253578492439118	-0.0161469430382368	0.00026072376948	0.0157145903670593	0.017653696150262	0.0307227238157423	0.0009438857586583	0.0003116529877657	-0.6274352211969969	0.0264650335955067	0.3936749567985244	0.0007003980032113	0.0116644303481761	-0.0001736974170731	0.0001360589353474	3.0170792697900964e-08	0.0038148708591989	0.00034099666677	1.1627872674825041e-07	1.4553239672364957e-05	0.0009822916810998	1.1313548636399974e-05	9.64896946757871e-07	1.2799638274818772e-10
375.3291297433814	1.245778151864556	140871.955633924	1.551963203663069	368.9343555577271	2.197847117548406	4.8305319521158365	136112.5587107954	253.67382979590045	0.1127188501279192	64350.411923319465	0.0127055391741603	266.9383299585368	418.3901915202961	1.044044	29.030222	0.1600568515691027	0.0714170705639149	0.0711533011	-0.0782598991	-0.0372242973	-0.0178857343	-0.0473171001	-0.064075735	0.076295991	-0.0273675766	0.0766987504	0.0988661322	-0.02739234	-0.0409951972	-0.123865136	0.0533859955	0.1366339908	0.0218619877	-0.073695478	0.0400576426	-0.0148869053	0.0656643435	-0.0548972286	-0.0119243078	-0.0650668593	-0.07037241	-0.1498687074	0.0789681918	-0.0292985195	-0.013558698	-0.0365374748	-0.0768834963	0.0532040351	0.016937107	-0.0151924814	0.0443042716	0.1015596068	0.0710655489	-0.019710791	-0.031563509	0.0020965623	0.0039977878	0.0834805763	0.0548086646	0.0589362529	0.0298925112	-0.0002396243	0.0890991908	-0.0699531413	-0.027764833	-0.0186663178	-0.0450621977	-0.0254471552	-0.0540828321	-0.077138275	0.0918937474	0.0438607256	0.0034405222	-0.0112279517	0.0656881019	0.0131570559	-0.0071717028	-0.0213822062	0.0775994029	-0.0451598384	-0.0546079555	-0.0007922122	0.0554070384	-0.1136231438	-0.1441430656	-0.0091144163	0.0481403196	0.008378675	0.0887940371	-0.0763197167	-0.0033920424	-0.0644441175	-0.0023956036	0.0140742582	0.0614249085	0.0735140814	-0.0707696095	0.0069433515	0.0109533828	0.0121805411	-0.0588649567	0.0939756994	0.0065273441	-0.0010837263	-0.0411405338	0.0326715257	0.0890014975	0.0481812607	-0.0845201182	0.0123917342	0.0897352231	0.0588712483	0.1060321898	0.1116027804	-0.1029855327	0.0365778932	-0.0369162888	0.0823517001	-0.0315288141	-0.1057358368	0.0526665499	0.1119106337	0.0929954509	0.1033705206	0.0271444225	0.1486727537	-0.0307723931	0.0076054132	0.0752435371	-0.0258384275	-0.0401603191	-0.0249035467	0.0605225646	-0.0382115142	-0.0918964128	0.0565520891	0.0492318092	-0.0206911062	0.0402424397	0.0379588097	-0.0039048729	-0.0090754183	0.0190557901	-0.0586998169	0.0228675413	-0.053870468	0.0849933298	-0.0035728577	-0.0406549023	-0.033761352	0.0555921074	0.0240362712	-0.0893020862	-0.0422092995	0.0479977229	0.0151846602	-0.0205004583	0.0699879634	0.0214002625	-0.053156625	-0.0224658821	-0.0402116787	0.0515096106	0.0050805498	0.1530145259	-0.0294605278	-0.0912293965	-0.0640579549	0.0357627752	-0.0134817641	0.0204182595	0.0133653579	0.0261933012	0.0191068596	-0.0676847161	-0.0447089862	-0.0251247539	-0.001910842	0.0810737848	-0.0177686282	-0.1261326137	-0.0459408191	0.0596614418	-0.0243008416	-0.0248864547	0.0026917721	0.039110723	0.0494113968	-0.0730942867	0.0022033686	0.049379804	-0.0771340267	0.0125237073	0.0660103067	-0.0183564995	-0.0870514647	-0.0451433064	0.009604101	-0.0311692804	0.0045790238	0.0953296928	-0.046591497	-0.0666562892	-0.0118230439	-0.0007253272	0.0476311575	-0.0790964353	-0.1209301613	-0.0198345761	-0.0926088484	-0.001196026	0.0326388896	0.0181356599	-0.0038419081	0.0885583546	-0.0665691461	0.0054078825	0.0586984312	-0.0908384769	0.0735092774	-0.0161480496	0.0	-0.0941090590949755	0.0312487901489363	0.0009764868857722	0.0088565150037415	-0.0253373225703086	-0.0429910187205706	0.0018482276906324	0.0006419799150318	-0.6585348399316828	-0.0310996187346859	0.4336681354038471	0.0009671862854428	0.0120355679039261	0.0003711375557499	0.00014485489477	1.3774308528808338e-07	0.0033002834436288	-0.0005145874155701	2.648002082631148e-07	1.0891870808290371e-05	0.0007736681731217	-0.0002086235079781	5.985624421014687e-07	4.352376808108836e-08
376.19840564230526	0.8692758989238882	141525.24040781247	0.755640588449934	370.0213342261741	1.0869786684469886	1.1815226256587883	136915.78778251802	254.2171437641805	0.5433139682800743	64626.35618361802	0.2951900681282415	266.79063162934267	430.0605563630034	1.080319	30.038864	0.185733614748483	0.0868606777925506	0.0197957736	-0.043109737	0.0148303432	-0.1240890276	-0.0401676715	0.0773976784	-0.0190586287	0.0642891337	0.0799407122	0.0309088318	0.0077169476	-0.1265478348	-0.0327940115	-0.0932496249	0.0390943769	0.0711217802	-0.0294543348	-0.0019812973	0.0047885364	0.0722425115	0.0390038238	-0.1061145628	-0.0508421402	-0.0321459441	0.0398991651	-0.0023936693	0.0023172721	0.0251000741	-0.0053989025	-0.0959031307	-0.0797157644	0.0631698132	0.0162188403	0.0561332695	0.0176449061	-0.084143638	0.1444797506	0.0005634281	0.0228747506	0.0662400818	0.0259595695	0.0350925716	0.0379012316	0.0964995294	-0.0428334291	0.0595376528	0.0591485526	0.008762248	0.0381624656	0.106818852	0.1122243709	-0.0566430323	0.0783127269	-0.04725955	-0.0256582545	0.0045713987	-0.0354295613	0.001211925	0.0247140609	0.0405894454	-0.0149359895	0.0380483934	0.0383439783	0.0394046473	0.0867034038	0.0575349436	0.0742229027	0.0129371081	0.0192567317	-0.0091436785	0.021121588	-0.0735338916	0.0347018126	0.1237798416	0.1460190275	0.0341850496	-0.0355253116	-0.082875744	0.0711916993	-0.0949454748	0.0097973136	-0.1146918534	-0.0108303991	-0.067020387	-0.0181864425	0.0337617067	-0.0360372412	-0.0484395567	0.0080423202	0.0248239896	0.0060097478	0.0482542766	-0.0067418825	0.0667739603	0.0424994272	0.046600692	-0.000999636	-0.0165008484	0.0074995382	-0.0066051802	-0.0224804125	0.0547769548	-0.0771313259	0.0939890755	-0.0030390452	0.1194622857	-0.0108474084	0.0638144713	0.0464297076	0.0256035066	0.0950955883	0.1098522292	-0.0126460842	0.0193561992	-0.0153747973	0.1002546446	0.0354655445	0.0776997306	-0.0864841609	-0.051618967	0.0621399497	0.0571735587	0.035367275	-0.0059909232	0.008437652	-0.0494045416	0.0560679134	0.037471221	-0.0687024441	-0.084536153	0.0054527131	-0.0596174263	0.0359041265	-0.0278986347	-0.0593521723	-0.0337981193	-0.0637102692	-0.1867125967	-0.0299623499	-0.0095715592	-0.0647343263	-0.0702088817	0.051477249	0.0051674788	-0.0918361106	-0.0420411387	0.0168304188	-0.0208891779	0.0209389228	-0.0345436977	0.0287556351	-0.0165142096	-0.0644460861	0.044831471	-0.0377753035	-0.1254526213	-0.0242231977	0.059454732	0.0960547262	0.017847721	0.0477879172	-0.0143320719	0.0372085488	-0.0013492154	-0.0030305862	0.0805318306	-0.0124476075	0.0881987486	-0.0890345918	0.058370393	-0.0020178604	-0.0649360176	-0.0539026183	-0.0215969232	-0.0882023561	0.0094584354	-0.0138795696	-0.0305034259	0.0602660809	0.0546326066	0.0910201223	-0.0923532695	-0.0054936473	-0.0615053325	-0.1160125092	-0.0835636041	-0.0403863261	-0.0030140594	-0.1112361518	-0.0527399487	-0.1002044787	0.0061478645	0.0115787886	-0.0387412971	-0.0341608515	-0.0214608422	-0.0203152585	0.0264532019	-0.0673881186	0.0078064368	0.055886734	-0.0901455167	0.0769265184	-0.0231919124	0.0	-0.1172815450226494	-0.0231724859276739	0.0005369641040682	0.0137549608028997	0.018239927627107	0.0435772501974156	0.0018989767347681	0.0003326949598421	-0.6158795228366643	0.0426553170950185	0.3793075866495172	0.0018194760764765	0.0110952432850691	-0.0009403246188569	0.0001231044235548	8.842103888285617e-07	0.0034980628525469	0.000197779408918	3.911669459199294e-08	1.2236443720368556e-05	0.0011621353759141	0.0003884672027924	1.3505586319510069e-06	1.5090676764535177e-07
375.5843067292239	-0.6140989130813637	141063.57146127173	0.3771174750477122	370.7419592035396	0.7206249773655031	0.5193003580030319	137449.600314079	254.47472628680143	0.2575825226209076	64757.38631874251	0.0663487559597504	268.13531231227097	422.9055577234272	1.098581	30.546669	0.2463906479630782	0.1265850266193061	0.0665762182	-0.1066527364	-0.0136501289	-0.0639161664	0.0308802168	-0.0466892026	0.1537816364	0.0095086865	-0.0702758671	0.0492243274	0.0320566611	0.0084136965	0.0109267769	-0.0443675305	0.0430646575	0.0166401183	0.1238899317	-0.0222918127	-0.0636676551	0.1300977636	-0.04686276	-0.1303566587	0.0342958848	-0.0221530305	0.0044907064	0.0395663873	0.030831871	-0.1073191735	0.0168587207	-0.1050762283	0.0877971507	-0.058692078	-0.0221489372	0.1075357893	0.0280139118	0.0058548	-0.0772309859	0.0814284055	0.0008889137	-0.0378229857	0.0011968331	0.0781912308	0.1244787618	-0.0278313699	-0.1102401507	0.0040055809	0.0729971649	-0.0974141161	-0.0201832395	0.0429265852	-0.0561694066	0.047339659	-0.0399358254	0.0675553829	0.0337981096	0.0085128875	0.0627053012	0.0995654423	-0.0293269061	-0.0385821612	-0.0030295157	0.0293247251	0.0015956152	-0.0085345937	-0.0224601619	-0.0405414923	0.0017731981	0.0137301128	-0.006706169	-0.1258442623	0.0828861626	-0.0219387198	0.0442004084	-0.0738604675	0.1526960972	-0.0015240718	-0.0804503792	-0.0700995588	-0.0444194996	-0.052445243	0.0021521043	-0.1594750701	-0.082002257	0.1557713747	0.0517602531	0.0808762486	-0.0856080387	0.0266884884	-0.006383003	0.0397742204	-0.1270560206	0.0877119075	0.0176855819	0.0327577731	0.0324458884	-0.0588015246	-0.0763971866	0.045090213	0.0170403825	0.0252072598	0.1781847448	0.0642480239	0.0521821536	0.0252276954	-0.0332473162	-0.0157329172	0.0784733962	0.0961607832	0.0457943777	0.0577712627	0.0194351247	-0.0307597859	0.0765312771	-0.0129676294	-0.0452929202	0.05042466	0.0765889517	0.0070708433	0.0386109156	-0.0431756327	0.110849326	0.0412772559	0.0853412046	-0.0721622001	-0.0540127261	0.0836098754	0.0202472307	0.0091528216	0.0062015503	-0.0531895205	0.0041585953	0.0483404825	0.0015514506	0.0305071567	-0.0324697615	-0.0138308799	-0.0128490795	0.0907247087	0.0585211296	0.065551233	-0.0045235499	-0.0807682962	-0.0265858342	-0.0006653981	-0.0492120527	0.0117647711	0.0735416344	0.0618778406	-0.0710867961	-0.0168470946	0.0415618265	0.0907600308	0.0924459872	-0.0353307121	-0.07085381	0.0714163816	0.019812484	-0.0560120328	-0.0259098778	-0.0423963653	0.1111554979	0.0146764123	-0.0332117442	0.1094305725	-0.0473885963	0.1651079291	-0.0197341257	-0.0022701434	-0.0390610193	0.0628815116	-0.040172647	-0.0756300133	-0.1346514124	0.0413222861	-0.1038541592	0.0351530354	0.0530469651	-0.0397799988	0.0041911027	-0.0942999116	-0.150338219	-0.1374469543	-0.0178812613	-0.0157870803	0.0357710144	0.0745475093	-0.0603038121	-7.4e-09	-0.0166390853	-0.0996337892	-0.0303548215	0.0736252306	0.0309713498	0.0639319558	0.0417657658	-0.0252386243	0.0348682345	0.0282772067	-0.0681954477	0.010199596	0.052988141	-0.0892034024	0.080011587	-0.0300915909	0.0	-0.1249250263327752	-0.0076434813101258	5.8422806538242535e-05	0.0156062622042445	-0.0439107897521182	-0.0621507173792252	0.0038627116707523	0.0019281574566547	-0.6801625470337314	-0.0642830241970671	0.4626210903874128	0.0041323071999207	0.0125415210555379	0.0014462777704688	0.0001572897503865	2.0917193893522054e-06	0.0033612657820625	-0.0001367970704844	1.8713438493113942e-08	1.129810765766423e-05	0.0004989417153341	-0.00066319366058	2.4894283530053414e-07	4.3982583143350046e-07
375.2837239536679	-0.3005827755559949	140837.8734645328	0.0903500049609456	369.2586244939233	-1.4833347096162584	2.2002818607523493	136351.93176314427	254.32753414358976	-0.1471921432116687	64682.494623558814	0.0216655270232444	267.3064953233489	422.292408668609	0.987765	27.465368	0.2250725959695687	0.1240054729120674	0.1031038481	-0.0627926036	0.0176532971	-0.0326458251	0.0064297598	0.0465204077	0.0042719991	0.1226575735	0.0230221129	-0.0444585881	-0.0299977885	-0.0017646012	0.1334388579	-0.0755744772	0.0525932437	-0.0411747701	0.0096650624	0.0218860581	0.068070336	0.0259774253	-0.0345266439	-0.1197520968	0.005219735	0.0236563085	0.0782901829	-0.0123796736	0.0557229156	-0.0354139979	0.003721505	0.1030698674	-0.0559420738	-0.0103316126	-0.0481698258	0.061316409	-0.0468932456	0.0225069753	-0.0360837518	0.0129745467	-0.0932188362	-0.0199775237	0.0926982352	0.0253636248	0.0348000979	-0.0217327544	0.096995466	-0.0822777871	-0.1064858566	-0.0309407632	-0.0082033858	-0.0506846566	0.0030193426	0.080248165	-0.056884553	0.0158301483	-0.0119808617	0.015089487	0.0097127368	-0.0007839565	0.0508296077	-0.0260840459	-0.0198049608	0.1079892993	-0.0869363116	-0.0273785935	0.0268276895	-0.1434100252	-0.1099764173	0.0522017955	-0.0164773202	0.061288837	-0.0960615793	-0.0111631599	-0.0004165145	-0.0019312921	0.0048724833	-0.0678723024	0.00691435	0.0362056097	0.0148948836	0.1154006152	0.007757875	-0.0446131345	-0.0342664621	0.0238941098	-0.0427862126	0.0680782101	0.0018262658	0.025659342	-0.0600980209	-0.0061044043	0.0245577448	0.0681089054	0.0303135426	0.0753683297	0.1264677149	-0.0413538432	0.1065822165	-0.0064994611	-0.0313594302	-0.0696055533	-0.0200489306	0.1446515384	-0.010647519	0.0097044078	-0.0972058712	-0.1179475521	-0.0412083125	0.0637598519	-0.0628048742	-0.0096808658	0.0387544814	0.0869543477	-0.0234049611	0.0409296662	-0.1028298452	-0.0652660386	-0.0410557864	-0.0457601623	0.0181487251	0.0208937753	0.0172747961	-0.0023305706	-0.0209500039	0.0354561622	0.0926880672	-0.0030985738	-0.0642176588	-0.0747330584	-0.0700518279	0.0450356534	0.012052119	-0.0311023464	0.0226427577	0.0416316081	0.0051055004	-0.0169144205	0.0098516912	0.1146368757	-0.0118189921	-0.0302713024	0.0369971191	-0.0201326489	-0.0143242828	0.0263938137	-0.0754469975	0.0660835719	0.0510594261	0.0246461395	-0.0413670621	0.0396043618	-0.0062085564	0.035336747	0.1391634265	-0.0308393823	0.0104266307	0.0270374389	0.0497955919	0.0346478823	-0.0157733908	0.0852807663	0.078296575	-0.1137881099	-0.0018730641	0.0259006516	-0.015661506	-0.0663333338	0.0435358169	-0.0853532315	0.0286218968	-0.043652175	0.0936877227	0.0117937451	0.011959258	-0.0576009736	-0.1028114725	0.0695673934	-0.0238725995	-0.028686558	0.0949805895	-0.0110010845	0.0356257243	-0.0801352979	0.0063010708	0.0471644009	0.0815242219	0.0668290853	0.0390077236	0.0309391375	-0.0776669383	-0.0542552985	-0.0481915808	0.0345656558	-0.0804273653	0.088731116	0.0378117612	0.0187312741	0.0389445198	-0.0081206661	-0.0689909938	0.0125857064	0.0500071591	-0.088014738	0.0827511615	-0.0368041899	0.0	-0.1280116032729665	-0.0030865769401913	9.526957207720732e-06	0.0163869705725153	0.0322380380376614	0.0761488277897796	0.0057986439737575	0.0010392910965177	-0.5953368838552535	0.0848256631784778	0.3544260052784836	0.0071953931336685	0.0119093972879801	-0.0006321237675578	0.0001418337437629	3.9958045751146803e-07	0.0031639128374181	-0.0001973529446443	3.8948184759815465e-08	1.0010344442779052e-05	0.0008896955643543	0.0003907538490201	7.915581972317163e-07	1.526885705241012e-07
374.2349416490866	-1.048782304581323	140051.79155109523	1.0999443224029108	368.1866782693302	-1.071946224593148	1.149068708419504	135561.43005500323	254.0331578885228	-0.2943762550669646	64532.84530681515	0.0866573795472506	266.9280486263292	414.42674413166014	0.882187	24.529707	0.1085034077550733	0.060037212865517	0.1399352658	-0.057991292	0.0402755537	0.033946679	-0.0016261695	-0.0188814817	0.0096797993	0.090473605	0.0319493172	0.0123186233	-0.0407722225	0.0622111493	0.071148106	-0.0019432767	0.0023828231	-0.0113919302	0.0008772329	-0.0270053733	0.0750242461	0.0466963591	0.0323165381	-0.0868917724	-0.047505628	0.0279169814	0.0092555142	-0.0289732685	0.0682722352	0.0153715363	-0.0725726769	-0.0744633454	0.0183543941	-0.0515447975	0.0186254903	-0.0267502732	-0.0131839255	-0.0599863893	-0.0626036939	-0.0036945021	-0.0898715499	-0.0528477989	-0.0244330941	-0.0785001788	0.0387049581	0.0868493195	-0.0019003104	-0.0332439744	-0.0452670918	0.0800238407	-0.0257223198	0.0371594963	-0.0391603485	-0.0764101103	0.0027042699	-0.1051303086	0.0088324128	0.0561218351	0.0425781007	0.036080649	0.0890960116	0.0933425743	-0.1074486644	0.1184663155	0.0115012932	0.0327825923	-0.0389228565	0.052020436	0.0495750047	0.0920499211	0.0327599505	0.0517552805	-0.0114724996	-0.0225746166	-0.0703297549	-0.0526297902	-0.0087408237	0.0352680956	0.0160396166	-0.0419738901	-0.1339578456	0.0928493347	-0.1420984429	-0.0002990572	-0.0144653493	-0.1084022867	-0.0450223723	0.0050472838	0.1054491153	0.109709701	0.0768202572	0.0718844601	0.0062876216	0.0244595614	-0.0579094023	-0.1371721157	0.0644028293	-0.0366928368	-0.0947550062	-0.01059385	0.0192829947	0.094481123	-0.0059557743	0.1075116025	-0.0237656738	0.0230469464	-0.022806288	-0.08031356	0.0195025745	0.0700701828	-0.1011563198	-0.0367479692	-0.0071605899	0.0294677502	-0.0204391193	-0.0547335533	-0.0464054686	-0.0014278403	0.0009068117	-0.1008539979	0.0413129826	0.0864766569	0.0756378734	0.0151840375	0.0453986721	-0.0155924755	-0.0772401885	0.0416782047	-0.0981686414	0.0745652288	-0.0101217857	0.0498608583	-0.0467663013	-0.0567450678	-0.0061536745	0.0142204669	0.0457121715	0.0121010321	0.0482775975	-0.050173193	-0.0258959035	-0.0800666001	-0.0625975103	0.0187002181	-0.080594246	-0.0323587755	-0.0319098694	-0.0666370589	0.0050238239	-0.1095101079	0.0288359258	0.0099746281	0.050404945	0.0591802193	-0.0010904397	-0.0745741677	0.0510440579	0.0562228476	0.1345835352	0.0380061245	0.0305637579	-0.0123205276	0.0071014549	-0.0377386586	0.0174193509	0.0194886261	0.0515120061	0.0855943591	-0.0001806466	-0.1104690413	0.0440958326	-0.0049366641	-0.0705430102	0.092176551	0.0677911252	-0.0135631108	-0.0951764542	0.0806194055	-0.0454446198	-0.0051118878	-0.0192824931	0.0348391174	-0.0755358862	0.0064836647	-0.0313038908	0.1087743718	0.1102779095	0.0788652551	0.0333441344	0.0339044442	-0.0306155305	-0.0561332716	-0.0646012852	0.0440031693	-0.1073917197	0.0739183452	0.0235137202	0.0240764781	-0.0119825393	-0.0677952982	-0.0697746196	0.0149631188	0.0469484232	-0.0865828087	0.0851334125	-0.0432879769	0.0	-0.0970840677322115	0.030927535540755	0.0009565124546246	0.0094253162074326	-0.0168469204364782	-0.0490849584741396	0.002409333148408	0.000283818728193	-0.5810538312672548	0.0142830525879986	0.3376235548303554	0.0002040055912315	0.0119854395006929	7.604221271280062e-05	0.0001436507600247	5.782418114258816e-09	0.0033055612691639	0.0001416484317458	2.006427821604456e-08	1.0926735304196454e-05	0.0008232289857693	-6.646657858499995e-05	6.777059630107503e-07	4.417806068795973e-09
375.21874031564494	0.9837986665583572	140789.1030840594	0.9678598163220016	370.0533829515852	1.8667046822550333	3.4845863707528646	136939.50623391257	253.89431887224688	-0.1388390162759094	64462.32515560218	0.0192762724404622	267.0620065946453	421.5046117084396	0.940432	26.149244	0.1136167084027002	0.058749417303244	0.0630612596	-0.0348682939	0.0594381242	-0.020248325	-0.0357858994	0.0210606363	-0.0150604552	0.0769971357	0.0026819416	0.033239945	-0.0325036916	0.0017106265	-0.0476653868	-0.0681129501	0.008791561	-0.033218937	0.0462157128	0.0645182515	-0.0195919547	0.0568142892	0.0255950831	-0.1138001714	-0.0913994924	0.0155243649	-0.02267573	0.0314084933	0.0740571604	0.0221554525	-0.072137255	0.0340785869	0.0727202677	-0.0245097217	-0.08362988	0.0958465805	-0.0946927168	-0.0135919787	-0.0486258334	-0.0247730967	-0.0755976083	0.0225172865	0.0240479458	0.0994366608	-0.0137097585	-0.0005289978	-0.0125829881	-0.0303155331	0.0515122949	0.0858295161	-0.0872988559	0.0224808752	-0.013135137	-0.010043581	0.026635333	-0.0678717099	-0.0325133121	-0.0849820499	0.0518682225	-0.024238239	-0.0334199948	-0.050106483	-0.0244402107	0.0670285216	-0.0664838853	-0.0233421859	-0.051901579	-0.0396663829	-0.1008204894	0.0484808926	0.0994141676	0.0723760653	0.0495123311	-0.0577667585	-0.0284887813	-0.1236291024	0.019942647	0.1306049896	-0.0321881622	-0.0187363493	0.062100348	-0.0665290949	0.0014193359	-0.1037314158	0.0834429205	0.0103688219	-0.0128880661	0.0474345585	0.0399417375	-0.0932935123	0.0094275492	0.0659814654	0.0804827746	-0.027281416	0.0748942463	-0.0113638218	-0.0950270706	0.0673072798	-0.0193985376	-0.0280086526	-0.0217832178	0.031279801	-0.0042280654	0.1038742085	-0.0047218925	-0.0347448617	0.0544752543	-0.0222278657	0.0463826636	0.0522008389	-0.089720409	-0.0518996563	0.0561890174	0.0949265815	-0.0935317892	0.0270990791	-0.0614773055	0.0348997455	0.0440916013	-0.0620833517	0.0647838761	0.009904878	0.0071012566	0.101172705	0.0022319967	-0.0073487004	-0.002453308	0.1464539421	-0.0673919025	-0.0467448592	-0.0306425953	-0.08394872	0.1106421709	-0.0307924639	0.0195951894	0.0288137729	0.0817979681	0.0128882913	-0.0387679672	0.0378139106	0.0189161544	-0.0298765188	0.0084793127	0.068687958	0.034246319	-0.1368219284	-0.0210667538	-0.0245210357	0.0375325022	0.0112700391	0.0434115124	-0.0254743708	-0.0414136986	-0.0591639376	0.0477450872	0.0800463149	-0.0906899718	0.0082774178	0.0377402176	-0.0003078887	-0.0263438943	0.0274782472	-0.0121373883	-0.0133283632	-0.1024579282	-0.0751251321	0.1378288715	0.0872529028	0.0255604959	0.0407305143	0.0634555939	-0.0085738277	0.079761501	0.0628106765	0.0234264307	0.0217746515	-0.0897210719	0.0309649059	-0.0634131177	-0.0176573962	0.0065889269	0.0257471294	0.0548325114	0.027073903	0.07813806	0.0795545972	0.0256237544	0.0493394546	0.0521317614	0.0517243491	-0.1051901419	-0.004993918	-0.0571071435	0.0155211302	-0.0061413037	0.016589621	0.0146361866	0.0834430122	-0.0342741326	0.0157734578	-0.0705461896	0.0173301903	0.0438166893	-0.0849115724	0.0871480531	-0.0495026423	0.0	-0.0974584707325192	-0.0003744030003077	1.4017760663941326e-07	0.0094981535175213	0.0228602633547865	0.0397071837912647	0.0015766604446332	0.0005225916406501	-0.5995578754278625	-0.0185040441606076	0.3594696459875723	0.0003423996502977	0.0112316500283933	-0.0007537894722996	0.0001261499623603	5.68198568549712e-07	0.003153825064482	-0.0001517362046819	2.3023875811267545e-08	9.946612537354891e-06	0.0010183248577982	0.0001950958720289	1.0369855160097243e-06	3.806239928271693e-08
375.10570413291686	-0.1130361827280808	140704.28927305137	0.012777178605736	369.3306237535404	-0.7227591980447983	0.5223808583583599	136405.10964217922	253.92959516304583	0.0352762907989472	64480.23929966835	0.0012444166925318	266.8784396249296	422.88268827600007	0.8547979999999998	23.768141	0.128360224480018	0.065260150352942	0.1084282485	-0.028426384	0.0123662639	-0.0396809484	0.0469709478	-0.052119521	0.0447576414	0.0637737151	0.0028211591	0.0445269409	-0.042865741	0.0437886966	-0.0097794738	0.0345773446	0.0382661543	0.0119053636	0.0981932436	0.0498633243	-0.0008996958	0.0564217354	-0.0089997407	-0.0529591398	-0.0493610275	0.0154869221	-0.0833448572	0.0234468852	0.072890966	-0.0783319966	-0.0061709018	0.009407689	0.0620050834	0.1550629761	0.055564896	-0.000286948	-0.0311216389	0.0440741301	0.0103414338	0.052941705	0.0145985259	0.0665719247	0.0437891943	-0.1035834326	-0.0455684111	-0.027844926	0.08713719	0.0856225956	0.0567836625	-0.0085440189	-0.0687004226	-0.0186561319	-0.0889597216	0.0575706798	0.1065217705	-0.0440015206	-0.0614257898	-0.0341299008	0.0096079434	0.0160931024	-0.0103724444	-0.0245866802	-0.0120041744	-0.0164711768	0.0208133304	-0.0897392651	-0.0273455009	-0.0075458359	0.0280183602	0.0796689286	-0.0294138905	0.0588767152	0.0119218148	0.0446271756	0.0434262272	-0.0573401129	-0.1600111861	0.0053926823	-0.0322094261	-0.1325444235	-0.0772050297	0.1151899176	0.0043691845	0.0049718628	0.0901587278	0.1307106732	0.0247226259	0.0473277402	0.0134355076	-0.0116310284	-0.0599954724	0.0543029955	0.056408821	0.019501098	0.0103370337	-0.0466733872	-0.0413990599	0.0069699447	-0.0191108116	-0.0138366322	0.1008598314	-0.0689198552	0.016410257	0.067395001	-0.0220330586	-0.0186519784	0.0425394162	-0.0368598004	0.0920990354	0.065441051	-0.0179254874	-0.0862321075	-0.0433395001	0.0361126282	0.0078916783	-0.0745396343	-0.001719316	-0.0224848009	0.0484030614	0.0207884291	-0.0099724193	-0.055652607	-0.0578193531	0.0234173138	-0.0724714594	-0.0358151131	0.0274287954	-0.0003424906	-0.0846857715	-0.0403313859	0.0630577484	-0.0947235056	-0.010557498	-0.123282916	-0.0751002597	-0.0862909594	-0.0342187987	0.0584315881	0.006386317	0.137254665	-0.0230079271	0.0086988356	-0.0180355481	0.0736257342	-0.0597739188	0.0289153328	0.0221954844	0.0255913091	-0.011998554	-0.0057417467	-0.043033685	0.018732757	0.1010291369	0.0037513762	-0.0771360769	0.0249115359	-0.064025331	0.0091272917	0.0800762665	0.0754702909	-0.078099705	-0.0069861688	-0.0577499369	-0.061071146	-0.1019196625	-0.0387292921	0.0366010216	0.0005619808	0.0308219077	-0.0896395818	0.0694640918	0.0589056125	-0.0045553531	0.0303660285	0.0303389866	0.0088457755	-0.1069429161	0.0526438971	-0.0446302347	0.0151285827	-0.0869242153	-0.0004644725	-0.061593992	0.079156667	0.0104324025	0.0717449082	0.0718457929	0.0541406964	0.0515334944	0.0484344227	-0.0537547766	-0.0065250684	-0.076431993	0.0218332716	-0.0635938989	0.0267846237	-0.0064720899	0.0708232788	0.0073780417	-0.0482683189	-0.0713055705	0.0196852849	0.0406168267	-0.0830056482	0.0887863842	-0.0554095495	0.0	-0.0735642180201807	0.0238942527123385	0.000570935312681	0.0054116941729206	-0.0046328529908947	-0.0274931163456812	0.0007558714463971	2.146332683524197e-05	-0.6120040276685259	-0.0124461522406633	0.3745489298824978	0.0001549067055977	0.0121794317689437	0.0009477817405504	0.0001483385582143	8.982902277207466e-07	0.0028381455987913	-0.0003156794656906	9.965352505876565e-08	8.055070439938428e-06	0.0009912520004126	-2.7072857385599964e-05	9.825805283219812e-07	7.329396070210344e-10
374.9501041781469	-0.1555999547699684	140587.5806232032	0.0242113459244162	369.908983274494	0.5783595209535974	0.3344997354776747	136832.6559071699	253.52359461587324	-0.4060005471725958	64274.21302695363	0.1648364443044472	266.615738939344	426.4819500905285	0.851106	23.66547	0.1180104755901661	0.0589100045819725	0.0623358394	-0.0569361688	0.0312863644	-0.0484624335	0.0352019065	-0.0157212821	0.0458894466	0.0462803594	-0.0174636809	0.029877033	-0.0214226174	0.0552845058	-0.0002244712	-0.0373407776	0.0138673759	0.054493805	0.0935034327	0.1096221125	-0.0412873159	0.029950169	0.0198874128	-0.0615761074	-0.0694677905	0.0599820449	-0.1486917165	-0.0329384264	0.0063558429	0.0173027209	-0.1391270926	0.0981315421	0.0108262129	-0.1606617745	-0.01736606	-0.0168183184	0.0437280871	-0.0437176349	-0.0723439342	-0.0442217506	0.0293784558	-0.1035014464	0.1009823752	-0.0218728175	-0.0524037506	-0.0687700798	0.0723784093	0.0659161598	-0.0418333402	0.0227308684	-0.0898817693	0.0471315516	-0.0294715669	-0.0134931183	-0.0165053624	-0.0134476379	0.0588678518	-0.0358663775	-0.0349946483	-0.0810856068	-0.0202493577	0.076391621	0.0741216728	-0.0535319388	-0.0194864594	-0.0562979444	-0.1083410656	-0.095725578	0.0948375882	-0.0693667672	0.1182490668	-0.0423390799	-0.1005978392	-0.0394883328	0.0030346208	0.0110930693	-0.059363347	0.0317909141	0.0753910683	-0.0503953721	0.036459091	-0.0405683406	0.0707231602	0.0185324543	-0.034119712	0.012214102	-0.0021718452	-0.001809943	-0.0274293874	0.0340069552	0.0457557068	-0.0078908794	0.0444017318	0.0332080311	-0.0559121662	-0.0278851206	-0.0919341442	0.0050790123	0.0370538002	-0.1146654844	0.0030086705	0.0211690291	0.0265142766	0.0725977351	0.0060259276	-0.0429803676	0.0332871839	-0.0013191703	0.1065618174	-0.0115643472	-0.0191642658	-0.1404602232	0.0524498369	0.0126929912	-0.0817842506	0.0227238765	0.0078759435	-0.0469416897	0.1059163539	0.0216434925	0.1568236305	0.0798354688	-0.0739291676	0.03067173	-0.0586040847	0.1170823139	-0.0319588699	-0.1082509262	0.0751773704	-0.0161298013	-0.037496084	-0.0318769343	-0.0704967952	0.0135532434	-0.0205274557	-0.0598377935	-0.0112504739	0.0286533881	0.0056981581	0.0182776963	0.0268833983	-0.0028163466	-0.0361852811	-0.0118384135	0.0464198489	-0.1139517353	0.0358115883	0.049944251	0.1024332683	-0.1050284091	-0.0511238969	-0.087456257	-0.0066194873	-0.0456458444	0.0978314354	-0.0242049326	-0.0909845364	0.0202617566	-0.0172121748	0.0111213768	-0.0342178385	-0.1476150048	-0.0538699816	-0.019077155	0.0025404735	-0.0219142341	0.0364651852	-0.0356153577	-0.0314803663	0.0228044689	-0.0794717054	-0.0532766683	-0.0829783376	0.007717206	-0.0002456772	0.0062608138	-0.124085754	0.0095168699	-0.0446342343	0.0116759437	-0.0089905081	-0.0194507182	0.0638475584	0.0257327786	0.0593607485	0.0337438726	0.0255308392	0.0458468705	0.0956645906	0.0329842173	-0.0568398639	0.046977418	-0.0581097782	0.0059841102	0.0017243738	0.0204361981	-0.0425797725	0.0922565386	0.0106886289	0.0240189254	-0.0720526312	0.0220267751	0.0373538109	-0.0808703038	0.0900413312	-0.0609719752	0.0	-0.0858892090343914	-0.0123249910142106	0.0001519054035003	0.0073769562285533	0.039783966355003	0.0444168193458977	0.0019728538408061	0.001582763978936	-0.6447275743160787	-0.0327235466475528	0.4156736450834948	0.0010708305051945	0.012015972438853	-0.0001634593300906	0.0001443835936512	2.6718952593700114e-08	0.0029771785183958	0.0001390329196044	1.9330152733751258e-08	8.86359193039741e-06	0.0012596621223675	0.0002684101219548	1.5867486625273944e-06	7.204399356784425e-08
374.50451222848807	-0.4455919496588194	140253.62967949777	0.1985521856007478	368.9506074559048	-0.958375818589218	0.9184842096565536	136124.55074208113	253.6851016588448	0.1615070429715501	64356.130803658416	0.0260845249294141	266.786100517224	421.7233265465732	0.8311549999999999	23.110725	0.1321047542802902	0.0661033267878467	0.0881409425	-0.0833043099	0.0288510003	-0.0230755355	0.0661469302	-0.0380463135	0.0485219224	0.0390496738	0.0016707834	0.0849961757	-0.0260093805	0.0948888891	-0.030409969	0.0218255496	0.0695037727	-0.0095667792	0.1050892833	0.0716969789	-0.0274659667	0.010757811	0.011449925	-0.0732587575	-0.0308113876	-0.0326876795	-0.1522173766	-0.0076036516	0.0679724034	0.0973428197	-0.0501044865	-0.007719239	0.0096641831	-0.0634031402	0.0852013195	-0.0365622008	-0.0374791152	0.0787056871	-0.0463017024	-0.0079971095	-0.0296434571	0.1295331276	0.0029766409	-0.0036380319	-0.0492236037	-0.0423220421	0.0760092918	-0.0934610892	0.0336726589	-0.0237991987	0.0465897315	0.0885336436	0.0411396206	0.0412157072	0.0237477475	-0.0375487764	0.0611201323	-0.0518602583	0.082285542	-0.0659715403	-0.0215946352	-0.0309210923	0.0271078661	0.0207995857	-0.0428527083	-0.0814256364	0.0047780402	-0.0176911278	0.1005289467	0.0837299677	0.0036926639	-0.0353739127	0.0690556549	0.0611382407	0.0197792296	-0.0656008408	0.0607624369	-0.0447731092	0.167269388	-0.0649993347	-0.0047630187	0.0638730418	0.0614079757	-0.0278367674	-0.0943387704	0.0692372553	-0.0008940659	-0.1602522484	-0.0706588621	0.0317166415	-0.0049019588	0.088286085	0.0334988978	-0.0136595408	0.0076697912	0.1340944331	0.0159547412	0.0230046252	0.040829088	-0.0897590407	0.0121783883	-0.0196447719	0.0521650825	0.0514959636	0.0023483511	-0.0348194252	0.0668874638	0.0128252042	0.1122342922	0.0837280807	-0.022000702	-0.1234312397	-0.024816757	-0.0135223532	-0.023425736	-0.0142117734	0.0563694544	-0.0190121903	0.1147874784	-0.049887017	-0.0227327368	0.0359452368	-0.069687321	-0.0583798888	-0.0541128251	0.023316116	-0.0961596715	-0.0654537987	-0.0435855023	-0.0473348305	-0.0628765995	-0.0501076335	0.0436545926	-0.081134116	0.0300601891	-0.0796861936	0.1039737447	0.027370417	0.0263297525	0.0129747399	-0.0130108276	0.0400730044	0.0369152833	0.007630365	-0.0285215396	-0.0125558863	0.0177825896	-0.111913567	0.0362297211	0.0105090554	0.1269994264	0.0794199308	0.0609580856	-0.0034905687	0.0442871912	0.0393683246	0.0422892704	0.0193641661	-0.0836697702	0.0335905345	-0.0614903492	-0.0478229816	-0.0258775909	-0.0821039183	0.0646780309	0.0002229614	-0.0961910538	0.0382187137	0.0614408672	-0.0076171436	0.0328741955	0.0097371429	0.0432406803	-0.0231372413	-0.0686584727	-0.0448429122	-0.1374113013	0.0016522928	-0.0217029658	0.0334006604	-0.1215972969	-0.0577004783	-0.0311334631	0.0873991575	0.0487061611	0.035251721	-0.0033259047	0.0711300616	0.0541608862	0.0469171458	-0.0131592282	0.0330449442	-0.0676012829	-0.0155038758	-0.0169726883	0.039888371	-0.0167253432	0.0693588624	0.0301393775	-0.0393844946	-0.0727872424	0.0243530426	0.0340327152	-0.0785114412	0.0909074754	-0.0661553376	0.0	-0.0613512356464838	0.0245379733879076	0.0006021121379856	0.0037639741153503	-0.0010656802165982	-0.0408496465716012	0.0016686936250247	1.1356743240487864e-06	-0.6640221329562053	-0.0192945586401265	0.4409253930557083	0.0003722799931172	0.0127612670655487	0.0007452946266956	0.0001628499371182	5.554640805814818e-07	0.0030050485784274	2.787006003160007e-05	7.767402461649916e-10	9.030316958708537e-06	0.0010843752954817	-0.0001752868268858	1.175869781451024e-06	3.072547167969243e-08
374.8260402489572	0.3215280204691453	140494.5604487129	0.1033802679468071	368.7880435172859	-0.1625639386188595	0.0264270341392763	136004.62104130758	253.75113920337893	0.0660375445341401	64389.64064701259	0.0043609572880985	266.51028529074614	425.5121802373883	0.904238	25.14283	0.1924604777524552	0.0965833878192608	0.042377769	-0.0376939147	0.0495967911	-0.0101070622	0.040242521	0.0408641075	-0.0800778707	0.0911845351	0.0381098123	0.0137703748	-0.0217349344	0.0585472608	-0.0494260023	-0.0668911863	-0.0345617345	0.066318775	0.0471626156	0.0516861648	-0.0475648152	-0.0523971131	-0.0087768332	-0.0438261794	0.0052886405	0.0621085837	-0.0646393074	-0.0514793173	-0.0197460191	0.007422426	-0.0473143261	0.0041415257	-0.0491367353	-0.0268612425	-0.0183693317	-0.045458688	-0.0289016134	-0.0198201065	0.0572002493	-0.0654639728	0.0375361101	-0.0366261587	-0.0087286576	2.40982e-05	-0.0215423851	-0.0149122207	-0.0836853593	-0.0433230421	-0.0584288829	-0.0517019102	-0.0434484409	-0.0927805339	0.0103926639	0.0082493117	-0.0462883453	-0.0375919303	0.0503154113	0.0319280845	-0.0195454013	0.1056762499	-0.0960106088	0.1390639002	0.0618210622	0.0508859219	-0.0471082773	-0.0930412712	0.0043995246	0.0516425723	0.032939617	-0.0983288255	-0.0334588866	0.0224168288	-0.0641648248	0.1162313984	0.0264015362	-0.066075749	-0.0730450187	-0.0444427501	0.0537924389	0.0735358348	-0.0771579376	-0.0174786838	-0.0411562007	-0.1304595122	-0.0191266155	-0.0034230846	0.0978965896	0.0056552046	-0.0210390227	-0.0033874358	-0.0020851966	-0.1608255023	0.0322721766	0.0155728424	-0.0550501976	0.0253465402	-0.1444850697	-0.0524021472	-0.0179239209	0.0346890723	0.0394613726	0.0195261187	-0.0711437428	0.0617475421	0.0318135471	-0.0255567138	-0.0048086224	0.0729319877	0.0400330442	-0.0224096176	-0.0600304493	-0.0997467368	0.1000797141	0.0246117956	-0.0166802203	0.0848570598	0.0433962933	0.0019915877	-0.0264684426	0.0387510699	0.0176655216	0.0761521744	-0.045570334	-0.0491151002	-0.0390481139	0.0413317202	-0.0037540004	-0.0336925661	0.1046079381	0.0195941861	0.011489883	0.1287508907	0.0620280291	0.0447506981	0.0288028024	-0.0286885593	-0.0317801621	-0.0401968942	0.0543694486	0.0186289117	0.0852917877	-0.0811727067	0.0024606231	0.0220284546	-0.0749568018	-0.045438098	-0.0281108059	0.0552921041	0.0698055327	0.078642884	0.026344832	0.0343452228	-0.0225972865	0.1174589888	-0.0316531093	-0.0484173057	-0.034938712	0.0382839291	-0.1944685965	0.0022151277	0.1181265484	-0.0178905286	-0.0190041336	0.1172656905	-0.0357604125	0.0728385	-0.0647269212	-0.0388374725	-0.0737204844	-0.041433211	0.0250260645	-0.0354929248	-0.0403406621	0.0756360676	0.0191986568	0.0324400319	-0.105820369	-0.0071198198	-0.0720240456	0.0475203114	-0.0288887792	0.0147514356	0.1333744104	0.091817412	0.0337356156	0.0232967189	-0.0599265746	-0.0385938239	0.0817660434	0.005188691	-0.0448999551	0.0854631344	-0.030947731	0.0374195939	0.003612521	-0.0148302024	-0.1587202432	0.0445717751	0.085920019	0.0063929666	-0.0735092774	0.0266624798	0.0306587036	-0.07593558	0.0913810765	-0.070927412	0.0	-0.0676559907625744	-0.0063047551160906	3.974993707387065e-05	0.0045773330860655	0.0504805468975746	0.0515462271141727	0.0026570135297058	0.0025482856150782	-0.6178842528106685	0.0461378801455367	0.3817809498713981	0.0021287039843239	0.0116746395996665	-0.0010866274658822	0.0001362972097821	1.180759249609573e-06	0.0027881523014687	-0.0002168962769586	4.7043994958544986e-08	7.773793256185209e-06	0.0015502838601739	0.0004659085646922	2.403380047115688e-06	2.1707079065354598e-07
374.6808443981931	-0.1451958507641393	140385.73515894296	0.0210818350791222	369.7624960311538	0.9744525138678456	0.9495577017833636	136724.30347118902	254.13595116434016	0.3848119609612297	64585.08167420389	0.148080245298827	267.304159581762	422.1709986041717	0.9003459999999999	25.034634	0.1267164481899289	0.0650108322309447	0.0461074099	-0.0458778145	0.0156134019	0.0220959226	0.0852927066	-0.0059738669	-0.03818063	0.0382268068	-0.033152981	0.0837721134	0.0326311558	0.0721706484	-0.0279803492	0.0979594012	0.0519271895	0.0632001063	0.028621477	-0.0525746578	0.0132307886	-0.0414674017	0.0074596377	-0.0706117905	0.0783145173	0.0164444162	-0.1148346217	-0.0563433737	0.0174413109	0.0762802803	0.0481910061	-0.0239953235	-0.0608292108	-0.0265270573	-0.036088619	0.0708389768	-0.0016244416	-0.0306073342	-0.1039051957	-0.0239175919	0.0247041791	-0.0477968824	-0.0758574022	0.0172962875	0.0505326944	0.020849147	-0.0219274423	-0.061048907	0.0934407026	0.0265443514	-0.0665416253	0.0258618802	-0.0541284578	0.0399566191	0.0084684868	0.0403339052	0.0402925019	-0.0087274451	0.0861276315	0.0434602755	-0.0614350175	-0.0012399211	-0.1503138094	-0.0207661313	0.0153893634	0.0274640384	0.0771974018	0.162055834	-0.1089584581	0.012371888	-0.0489592138	-0.0904025424	-0.0903289149	0.0274981535	0.0243659316	0.0444159799	-0.0406497292	-0.0280440971	0.0345571261	0.0491008327	0.0238895162	-0.1035239096	0.0839161882	-0.0603349018	-0.0634140857	-0.1396000893	-0.0379728235	-0.0410377089	0.0417883077	0.0237378716	0.0493918774	-0.1126879673	0.0212222679	-0.0568643479	0.0906994599	0.0583648495	0.0546962962	-0.0616651171	0.094929552	0.0709449751	0.0242844648	-0.0139969816	0.0034385564	0.0216592569	0.1081865134	0.0609374057	0.0179461737	0.1063447881	0.0726882628	0.0327109764	-0.018848326	-0.0033147788	-0.0405508859	0.0028865344	0.0036720277	0.031763081	-0.0162498482	0.0786563449	-0.1569875475	-0.1230464852	0.0234625547	0.0621489091	0.030449383	-0.1427224504	0.0128544672	-0.0355599503	-0.1190054899	0.0603440791	0.0403929855	0.0331986794	-0.0026195377	-0.0041698969	-0.0204084565	0.0584460683	-0.0205928573	0.014239927	-0.0007006758	0.0233145297	0.0694950071	0.0076776561	0.0533891528	-0.034264025	-0.0357808634	-0.0213235765	-0.0466415615	0.0499045733	0.0565252935	-0.0313932933	-0.0697661075	0.1813665535	0.0396593635	0.0628115159	0.0257083018	-0.0009678459	0.0551429556	-0.0593280989	0.0238214015	-0.066541962	-0.1076210457	-0.060868302	-0.009756205	-0.0356182403	-0.0011491295	0.0270306371	0.0706657918	0.0137423245	0.0814356168	0.0333740629	-0.0838434585	0.0049491242	0.032779663	0.0339433613	-0.0394427001	-0.0819130946	0.0043631189	0.0377198223	-0.0876521666	-0.0040533298	-0.0226330802	0.0595969633	-0.0884377419	-0.0242832785	-0.0205534681	0.106962122	-0.0427723251	0.0080970599	-0.0855689861	-0.0310702516	-0.0040609687	0.0550713102	0.0097873576	0.0748254282	0.0209823041	0.0507516623	-0.0311420065	0.0124342048	-0.0824058998	-0.0449751543	0.1097614129	-0.0142536131	-0.0742186113	0.0289534907	0.0272370221	-0.0731498398	0.0914600897	-0.0752585301	0.0	-0.0645332232407014	0.003122767521873	9.751676995664849e-06	0.0041645369018342	0.0094443956112115	-0.0410361512863631	0.0016839657123972	8.919660846107103e-05	-0.6379015272744013	-0.0200172744637328	0.4069183584990137	0.0004006912769564	0.0123923456665571	0.0007177060668906	0.0001535702311194	5.151019984515757e-07	0.0026949899049033	-9.316239656540024e-05	8.679232133808899e-09	7.262970587530697e-06	0.0011103472252707	-0.0004399366349032	1.2328709606663424e-06	1.9354424272995159e-07
376.043849507606	1.3630051094129385	141408.97675249903	1.8577829282857763	372.339552369569	2.5770563384152183	6.641219371366052	138636.742258771	253.76863384246823	-0.3673173218719228	64398.51952227271	0.1349220149471617	266.9340373062789	429.1378366236386	0.959479	26.67886	0.1298065820844813	0.0663659048132412	-0.0086531158	-0.0100830923	0.0022006053	-0.0116623673	0.0656898998	0.0450162264	-0.1144798813	-0.0105435857	-0.0619126047	0.0299501169	-0.000863098	-0.1222008378	-0.0102096075	0.0166926571	0.0393595272	0.0375543782	0.118573571	0.0203016683	-0.0269545452	-0.1603819892	0.0491834765	0.0015634032	0.0421365041	-0.0037908307	-0.0635359824	0.0255924449	-0.0332424464	0.0165444774	0.0933960556	-0.0227710196	0.0317796684	0.1022712446	0.1003154313	0.0044850886	0.0321498297	0.0340226908	0.0512516631	-0.0711530692	-0.0235951615	-0.0541836678	-0.010293198	-0.0278272741	0.0610991032	-0.0467456423	0.1279359916	-0.0562811149	-0.0452256028	0.142698051	0.0928171851	0.074599085	-0.0224930072	-0.0414392743	-0.0044464225	-0.0202024384	0.0455380126	-0.0821897995	-0.0674173456	-0.0512329885	-0.0047497108	0.0813523495	0.0424744644	-0.0382936777	-0.0687215402	-0.0441785538	-0.1012579499	-0.0473520221	-0.0455702701	-0.0621777984	-0.09059961	-0.0783602653	-0.0840512968	-0.0009068334	-0.0753157865	0.0615999839	0.0124043838	0.0494126738	0.1329429712	0.0477157548	-0.0116051506	0.0611387892	0.025104222	0.0261934974	0.1624734533	-0.0468304333	0.0030228242	-0.0105275569	0.0434596405	-0.0003276502	-0.0693937712	0.0432171181	-0.1180972379	-0.0058642274	0.0262915038	-0.024768658	0.0283384336	0.0053413637	-0.024624125	0.0048342177	0.0424608703	-0.0677587445	-0.0369376996	-0.0506565933	0.0553617912	0.1344467914	-0.0069469249	0.0034986107	0.0146832948	-0.0128633627	0.0865650281	-0.0197052736	-0.0630795656	0.1060828638	-0.0750050903	0.0243997207	0.0668350809	-0.0194558856	0.013352524	-0.0450308695	-0.1269164563	0.0343593164	-0.154201818	-0.077981265	0.015764783	0.042761483	0.0526417997	-0.002803319	-0.0586166218	-0.0156867912	-0.0914266028	-0.0022293948	0.0340957809	-0.0174341676	0.0652106138	0.017489564	0.0376106688	0.0346517901	-0.0149708316	0.0483577676	0.009593939	-0.0715534899	-0.0229744528	-0.033090974	0.026974157	-0.031345376	0.1010304331	0.0179139778	0.006097242	0.0398839145	-0.0779178999	-0.0296652751	-0.0053584797	-0.0271779893	-0.0745157046	-0.0461820455	-0.0279856286	0.0161536043	-0.038428149	0.084250843	-0.1355731995	-0.0123667933	-0.0189642149	-0.0200007223	0.0215626563	0.0589308678	-0.0163230395	0.0413263589	-0.0752942881	-0.0135917383	-0.0531881478	-0.0030351849	0.085182917	0.0385869588	-0.0365552424	-0.1218819869	-0.0490880223	-0.0368634573	-0.0390689625	0.0618811617	-0.0361216898	-0.0127614507	0.1396010072	0.0183311569	-0.0123326664	-0.0631346866	-0.0935164151	0.0042735715	-0.0189759797	0.0894144204	0.0234687462	0.0445479358	0.0150094389	-0.0448385597	-0.146793698	0.0443926691	-0.1204772232	0.0634228024	0.0007643509	0.0156449867	-0.0749151215	0.0312244919	0.0237729909	-0.07016192	0.0911441736	-0.0791217655	0.0	-0.0675991143506564	-0.0030658911099549	9.399688298101045e-06	0.0045696402609931	0.0406456678155677	0.0312012722043562	0.0009735193871703	0.0016520703121734	-0.6487929136924464	-0.0108913864180451	0.4209322448575342	0.0001186222981071	0.0113481116611734	-0.0010442340053837	0.0001287796382744	1.0904246579996856e-06	0.0023521194366575	-0.0003428704682458	1.1756015799509423e-07	5.5324658443019945e-06	0.0014162033986837	0.000305856173413	2.005632066443263e-06	9.354799881484317e-08
375.66403640526295	-0.3798131023430642	141123.46824829472	0.1442579927114629	370.9323634076911	-1.407188961877864	1.980180774430901	137590.81822321544	254.4606249155092	0.6919910730409526	64750.20963239145	0.478851645168369	267.8960718303909	430.2608859794916	0.985417	27.400072	0.2142510990601731	0.1033538872959352	-0.0631237921	-0.0547705985	-0.0098642896	0.0090484305	0.0981361691	-0.0451554251	0.0581912491	-0.0605085079	-0.1464353737	0.0523599684	0.0587824038	0.0347799784	0.0237939033	0.07568356	-0.0675804994	-0.0352596485	0.1022173086	-0.087599701	0.0525660488	0.036415578	0.0137453753	-0.0522960096	0.0985858909	-0.0414561242	0.0132972934	-0.0262548332	-0.025636452	-0.0509876141	0.0053658825	0.0164445345	0.0876446598	0.0235666409	0.0498216253	-0.0063287552	0.0197285224	-0.0490471548	-0.0511558921	-0.0325308728	0.0543690636	0.0598354182	0.0483619848	0.1052089581	-0.0763050976	-0.0810216341	-0.0242926269	0.0029096974	0.0156993954	0.0342084978	0.0340940373	-0.0598667131	-0.0044648677	0.0267012086	0.0826178014	0.0800113884	0.0144069615	0.0918972517	0.0297308088	0.0414042774	0.0945690551	0.0811463577	-0.0053010442	0.0153079509	0.0004130418	-0.0895678196	-0.0518490566	0.0086680038	0.0516298868	-0.0838351146	-0.0811915295	-0.1110964367	0.1396729088	0.0118723739	0.0566298567	0.0702133783	-0.0261203764	-0.0536396642	-0.075246913	0.0078749712	-0.0174804501	0.158008365	0.0057499515	0.0707941249	-0.0355500362	-0.0457905556	-0.0554841924	-0.0665803404	0.0142701679	0.0706245912	0.0429804208	-0.1355314644	-0.0720958451	-0.1004389541	0.0692456297	0.0214401343	-0.1110692459	0.0308508836	-0.027491254	0.0015118618	0.0106220061	0.0236285259	0.1106423863	-0.0367800362	0.1293168258	0.065936414	-0.0025273249	-0.0007785206	-0.026606144	0.0709477679	0.0381031812	0.0585424218	-0.074961428	-0.0614416651	0.0430413442	-0.0161361285	0.0493631719	-0.0202851868	0.0166706933	0.0273179029	0.0488391516	-0.06269799	-0.0566538079	0.0863374876	-0.0001638158	0.0214422795	0.0239421967	-0.0567315891	-0.0195814137	0.0082474493	-0.020317397	0.0215013707	-0.0282278356	0.0180745558	0.0245993086	0.0906862022	0.0029067861	0.0664579631	-0.0013906614	-0.009939463	0.0079532731	0.1491439437	-0.0745726657	0.0844433154	0.0149808629	-0.0717730122	-0.0866499532	0.0606438664	-0.0364194804	0.0076039003	0.0224431409	-0.0747399033	0.1437074702	0.1027906515	-0.0646041855	-0.06097649	0.0511614183	0.0171471466	-0.1309250591	-0.0132743484	-0.0891095766	0.080076544	-0.030028379	0.0525180701	0.1620625994	-0.0232692066	-0.0307219284	-0.0484351584	-0.0917216261	-0.0522828822	-0.0733807187	-0.0772196174	-0.0431089089	-0.0504984764	0.070541309	0.0639476026	-0.0149003149	-0.0653690045	0.0230886448	0.0611678226	-0.0427325802	-0.079865507	-0.1192690054	0.0122639183	-0.0150489595	-0.0771399452	-0.0907991535	0.065773057	-0.048110298	0.1126804221	0.0772399093	0.0488381986	0.0064599493	-0.0444506815	-0.0452279191	0.0430982598	-0.0570743316	0.0218724808	0.0132763749	-0.0780694578	-0.0755986879	0.033473914	0.0202719962	-0.0669800789	0.0904346925	-0.0824931004	0.0	-0.0736322420108024	-0.006033127660146	3.639862936361883e-05	0.0054217070635373	-0.0136908732462188	-0.0543365410617865	0.0029524596945592	0.000187440010244	-0.695531067722122	-0.0467381540296756	0.4837634661666751	0.0021844550421016	0.012072967683931	0.0007248560227576	0.0001457565486972	5.254162537279675e-07	0.0020260310484192	-0.0003260883882383	1.0633363694385229e-07	4.104801809158602e-06	0.0003242822835083	-0.0010919211151754	1.051589993973575e-07	1.1922917217658892e-06
375.4427862630938	-0.2212501421691399	140957.28575699514	0.0489516254098646	369.4489580432472	-1.483405364443911	2.2004914752609723	136492.53259924104	253.6754362366416	-0.7851886788675984	64351.22694985041	0.6165212614218445	266.44273428712137	427.7552275210873	1.009101	28.058611	0.270286238766498	0.1213885085315358	-0.0419308273	0.016408773	0.0195226037	0.0484795298	0.0434655863	0.0507466569	-0.0707767619	0.0370469574	-0.0171601071	-0.0863457118	0.0050878516	0.0195802987	0.0185709892	-0.0130276573	-0.129351679	0.0489350808	0.0272332497	-0.0958633765	0.0122625805	-0.1469711319	0.0152752583	0.0015428863	0.014312897	0.0786985359	0.0603767283	-0.0406053922	-0.0448244987	0.011958051	0.1638393111	0.0414383492	0.0205449138	-0.1034764872	-0.0739077746	-0.0785595604	0.037839833	0.0238784953	0.0814340243	0.0475020279	0.0480393459	-0.0512657247	-0.0520444758	-0.0511317688	0.018464289	0.0452357048	0.0565775497	-0.0168968362	-0.0366157506	-0.0291954433	0.013881885	0.0121202601	0.0080536132	-0.0375246364	-0.0543036528	-0.0413325001	-0.1146714076	0.0063147596	0.0120882618	-0.0659359749	0.043958312	-0.0438457322	0.0123549745	0.0692676112	-0.0140004253	-0.0424721175	0.0113356469	-0.0438877964	0.0353725147	-0.1139679844	0.0289421648	0.0183368191	0.014882453	0.0567240052	0.1130164041	0.0653155688	-0.050111809	0.1508124797	-0.1207141647	0.0168181808	0.0165899667	-0.0710240994	-0.1007260108	0.0317163786	-0.0140432313	-0.0351394417	0.0183570603	0.0048980151	0.0227458488	0.0230895064	0.0808775276	0.088957516	-0.0286805273	-0.0516275554	-0.0166648649	-0.008715394	0.0122576929	0.0400652735	0.0523100304	0.0451294974	-0.0245084572	0.0215058541	-0.0780105584	0.0100314526	0.0282790604	0.0574887084	-0.0737848796	0.0224187721	-0.0606613732	-0.062689283	-0.0345366675	0.0325696865	0.0587599578	-0.0330182289	0.0242701919	0.1629775032	0.0861398749	-0.1073316963	-0.0764814257	0.0406757662	0.0149588433	0.0713982897	-0.0703917265	-0.0335436527	0.0905392797	-0.0211515446	0.0637423544	0.0127390253	-0.0662712519	-9.52047e-05	-0.034739344	0.02983646	-0.0199449551	-0.0105171234	-0.1191712518	0.0129269696	-0.0312963579	0.0082324515	0.0865392326	0.0007480847	-0.1016746834	-0.0550726582	0.05545994	-0.003880506	0.0430708346	0.0018706729	0.0727871134	-0.0106604835	-0.0650756586	0.0388881112	0.0751596542	-0.0559830615	0.0775044564	0.0676727872	-0.0657949642	0.0225603419	0.0063467299	-0.0644906858	0.1068760595	-0.0786031775	0.0149328814	0.0457576825	0.0299157841	0.0305942721	0.0420546743	0.0114112674	0.0587586591	-0.0002066217	0.0583137703	-0.0201291468	-0.1137569657	0.1019482693	0.0499054982	0.0174644692	0.0333175538	0.0786459655	0.0583336823	-0.0198047052	-0.0304600081	0.0477418707	0.0456943685	-0.068911438	0.0838160188	-0.0742035444	-0.0378487667	0.0056487237	-0.1084656424	-0.0079503977	-0.006397226	0.0808442534	0.065659688	0.0729626893	0.0283307643	-0.0007094889	-0.1334456917	0.0305967933	-0.1442952209	0.0550432333	0.1176941595	-0.086518541	-0.0762691921	0.0357002023	0.0167394815	-0.063613111	0.0893347099	-0.0853515751	0.0	-0.1114532058767281	-0.0378209638659257	0.0014304253077476	0.0124218171002003	0.0392825970289862	0.052973470275205	0.002806188552998	0.0015431224293417	-0.6290988669658617	0.0664322007562603	0.3957653844177309	0.00441323729732	0.0109522654276835	-0.0011207022562475	0.0001199521179984	1.2559735471582374e-06	0.0012632440184738	-0.0007627870299453	5.818440530529244e-07	1.5957854502098342e-06	-5.3420507680940026e-05	-0.0003777027911892	2.853750640889372e-09	1.426593984721427e-07
374.52696903874687	-0.915817224346938	140270.4505373505	0.8387211884105298	368.795798533408	-0.6531595098392131	0.4266173452934011	136010.34101589405	253.4714562833801	-0.2039799532614665	64247.77915041748	0.04160782133255	266.5471600109071	421.0462376368716	1.036439	28.818769	0.1243386884546512	0.0713942242516688	-0.010853928	-0.0105705735	0.0186811487	0.0681728804	0.0675785341	-0.0271115778	0.0117604671	-0.0025290041	-0.0416636497	-0.0221438238	0.0263585926	0.1018479598	-0.0657316257	0.1488176638	-0.0651682353	-0.0229791473	0.0191403741	-0.0595135991	0.0203019158	0.0168416247	0.0911143396	0.0299134726	0.0219389738	-0.0276045597	-0.0347091583	-0.1020608484	-0.0999243827	-0.0026642209	0.0355231862	-0.1114440109	0.0494964001	0.0523043993	-0.0644554716	-0.0467180909	0.0071571528	-0.0019276669	-0.0222174306	0.0745276021	-0.0720488009	-0.0199641996	0.0077881846	-0.0772671574	-0.0193592964	0.0371709749	-0.0606173647	0.0250181389	0.0621990454	0.0586091844	0.0640703085	-0.0307939479	0.0390858384	0.121503733	0.0678156938	-0.0612031398	0.0392522031	-0.0050694892	-0.0352552727	0.0258357669	-0.0022648946	-0.0189793292	-0.0150856984	0.0015122427	-0.0267896237	-0.013422489	0.1049374187	-0.0044309671	-0.0094326974	0.0021782128	0.1942426445	0.1447310536	0.0084033692	-0.0558035639	-0.0718003445	0.0362752115	-0.0139640817	-0.0945570368	0.008708472	-0.0551660548	-0.065597218	-0.0120132139	0.0586878626	0.0720216938	-0.1467540567	-0.0352557197	0.0139707015	-0.0113387655	0.0299134224	-0.0049080532	-0.0176922269	-0.0275917053	-0.0692915037	-0.0277278406	0.047340011	0.0679824699	-0.0117022442	0.0916757932	0.0045778128	0.0132658039	-0.0958519373	-0.0343503247	-0.0061776936	-0.0019811289	0.0285341399	-0.0171652706	0.0302843747	0.0161164195	-0.0136579433	0.016533146	-0.0244173651	-0.0449824273	-0.0698221865	-0.126245306	0.0826791392	0.0002877869	0.0263044905	0.0453325641	-0.1514366316	0.0099103685	-0.0563310187	0.0480778632	-0.0278648731	0.0777795384	0.0500998092	0.0332787048	0.0106137646	0.0323181271	-0.1048135824	0.1218668124	0.1135436057	-0.1148410683	-0.0255700522	0.0205005653	-0.0359892408	0.0107504489	-0.0983467251	0.0749648663	-0.0363673601	0.018845124	0.0021481685	-0.0006478055	0.0013245531	-0.0337518755	0.0803791792	-0.0061434923	-0.0897306061	0.0517688287	0.0549250648	0.0102452502	0.0498396778	-0.0266348267	0.0321693148	0.027395555	-0.0814412589	0.0219830266	0.0485275079	-0.0407334445	-0.0292516281	0.0330316822	0.0639957009	-0.1099215337	-0.0234675494	-0.0556471559	-0.013197478	0.0674523706	0.1122045288	0.018541201	0.0663571814	0.001689665	0.0945679648	0.0776360413	-0.0923893452	-0.0190622587	0.0581681871	0.0635681287	0.0173685434	-0.0016459253	-0.0042784643	0.0525542303	-0.0151277255	-0.0184383036	-0.1555881701	0.0432366955	-0.0734025463	-0.0279096798	-0.0597736514	-0.0311742515	-0.0376893976	0.061579377	0.0478005782	0.0724808634	0.1084925133	-0.0166146846	-0.0327473849	0.0327893183	0.0313959007	0.0439413113	0.0195678802	-0.1240647124	-0.0769265184	0.0379018183	0.0131809392	-0.0600703222	0.0878489756	-0.0876794186	0.0	-0.1044932565118159	0.0069599493649122	4.84408951621418e-05	0.0109188406564441	-0.0106042094719498	-0.049886806500936	0.0024886934628618	0.0001124492585249	-0.6273769108659266	0.001721956099935	0.3936017882876728	2.965132810103647e-06	0.0118774144207681	0.0009251489930845	0.0001410729733226	8.559006594054484e-07	0.0010794962817033	-0.0001837477367705	3.3763230768280975e-08	1.1653122222112502e-06	-0.0002599233076032	-0.0002065027999222	6.756012583538772e-08	4.2643406375732933e-08
376.2474358378041	1.7204667990572489	141562.13297452254	2.960006006658296	371.7476192971935	2.95182076378552	8.71324582151533	138196.29245313114	253.6508669025642	0.1794106191840683	64338.762280422336	0.0321881702760107	266.76969134214966	425.5211127476554	1.073747	29.856129	0.1946248831968849	0.0863873734062595	-0.0268550343	0.0274172777	-0.0259725179	0.033344039	0.0535399615	-0.0160736592	-0.0832860812	-0.1019773775	-0.039781373	0.0568513165	-0.1574427575	-0.1085090963	-0.06637055	0.020018417	0.0117480699	-0.0339808145	-0.0377789305	0.1506021028	-0.0563590753	0.0089304574	0.0210182252	0.0501386162	0.0124600691	0.014570591	-0.038052674	-0.0033977273	-0.0485235868	0.0515046021	0.0053774991	-0.0959400937	0.0540529743	0.0395278238	0.0300207658	0.0048864269	-0.0412265252	0.0768330626	0.0924783757	0.0094707567	-0.0181557975	0.0421668769	0.0161925524	0.0530009242	-0.0367944474	0.0745019442	0.0488240409	-0.0377820758	0.0841209585	0.0263129175	-0.0489555462	0.1080052471	-0.0025432106	-0.080789269	-0.0252592546	-0.0229782224	-0.0998602136	-0.0309529878	0.0518463854	0.0193270034	0.0476976142	-0.0896767289	0.0957786755	0.1054295607	0.0610547386	-0.0734205924	-0.0365213074	0.1084567726	0.0919010521	0.042769228	-0.0875353106	0.027451298	0.0246779219	0.0028766239	-0.0204367021	0.0463249983	-0.0261715756	0.0415217227	0.0101970511	0.0262649597	0.0879253538	0.0702619084	-0.050528807	-0.0753928405	-0.0101493267	-0.0556232796	-0.04342248	0.0026094356	0.0433389499	-0.0789458199	-0.0391772463	-0.0280024277	-0.0881330962	0.0469829025	0.0759135204	0.0436338338	0.0108353251	-0.0091753331	-0.1120484812	-0.0884302084	0.0249694499	0.0289019812	-0.0357126641	-0.0749711744	0.0054585871	0.0456771204	0.1542311458	-0.0518570802	0.0337707618	0.0029669285	0.157191826	-0.04110395	0.0523567504	-0.0427837564	-0.0538225023	-0.0024593554	0.0242101008	0.0472682129	0.057139839	0.0360730347	-0.0919963712	-0.0040627082	-0.0239835133	0.0192597994	-0.0300822269	-0.0237650795	0.0109520627	0.0632964936	-0.0382688277	-0.0524432114	-0.0077903366	-0.0477328622	0.1115911466	0.0202458934	0.0337459964	-0.0623829263	0.0311743472	-0.0924311801	-0.039789907	-0.0410659941	0.0158629738	-0.0055098657	0.0725339872	0.0230780629	0.0334829117	-0.0382164947	-0.0107690624	-0.0869347232	0.003749815	0.0246657753	0.1089412775	-0.0276400363	0.0843399584	0.0428233282	-0.0472451417	0.0769787913	-0.023468122	-0.0249869916	-0.0231987728	-0.0293586929	0.0341325116	0.0321461703	-0.0464460515	-0.0329397067	-0.0422908498	-0.0726893205	-0.0326447599	0.0060988154	0.0008595584	-0.0802330126	0.0389316976	-0.0046707505	0.0105314045	0.0423863547	0.0654926413	-0.1115805454	0.0241056082	-0.0506019785	-0.0149613613	0.0337128898	-0.0509919833	-0.0699502224	0.1158887971	-0.0332425217	-0.0018624336	-0.0301652727	-0.0104703382	0.0434212121	0.0070810259	0.0377921949	0.0314890965	-0.029623174	0.0369570389	-0.0220135925	-0.0355623031	-0.058894219	-0.0017967457	0.1226342646	-0.070902417	0.0267950905	-0.0775705533	0.0400772406	0.0096019025	-0.0563615044	0.0859839051	-0.0894621585	0.0	-0.0935318729434158	0.0109613835684	0.0001201519297335	0.0087482112563032	0.0134074709749967	0.0240116804469465	0.0005765607978862	0.0001797602779453	-0.6666660549153249	-0.0392891440493983	0.444443628776363	0.0015436368401343	0.0110816034792478	-0.0007958109415203	0.0001228019356712	6.333150546434267e-07	0.001627004690986	0.0005475084092827	2.9976545823527264e-07	2.647144264490449e-06	0.0008040108442366	0.0010639341518398	6.464334376500503e-07	1.1319558794510743e-06
376.4596522130752	0.2122163752710548	141721.86974438952	0.0450357899331851	369.1767095385305	-2.570909758663049	6.609576987188897	136291.4428656965	253.99534749196584	0.3444805894016554	64513.63654756448	0.1186668764745118	266.6298369677598	432.4770476204776	1.115048	31.004545	0.1033857769790352	0.0469282365510841	-0.0965357694	0.0154318382	-0.0343393059	-0.0393319082	0.0531049261	-0.0227398495	-0.0129262198	-0.0971472136	-0.0018157034	-0.0128045969	-0.0269526033	0.060863481	-0.0442941956	-0.0433763418	-0.0551602962	0.005475476	-0.0196307847	-0.0672660805	0.0480757654	0.0791329774	0.0267720702	0.0553932066	0.0659113912	-0.0167172053	0.0167011113	0.0032099137	0.0271709289	0.0138464721	-0.0333911201	-0.0618315815	-0.0098217392	0.1406083714	0.0208531163	-0.0018156404	0.0383655443	0.0143090714	0.0204272373	-0.0008177359	0.0070570885	0.083047982	0.0531145572	0.1374068758	0.0196903508	0.0183137457	0.0010483181	0.0824896497	0.0262478369	-0.0707921734	0.0187716927	0.0129386139	-0.0741674795	-0.0589791397	-0.001153125	-0.0202500049	0.0243989763	-0.0424053378	0.0793772678	-0.0256959436	-0.0188903122	-0.0189045223	-0.0090138055	-0.0672777959	-0.0717540887	0.1217652058	0.0199162788	0.0924701819	0.0401354369	-0.0356448282	0.0674470407	0.073530142	0.0489300941	0.0484140199	-0.0167944461	-0.0138450995	0.0534424836	0.086499372	-0.0231181572	-0.0768754937	-0.0584197151	-0.0013141727	-0.01482356	0.1579423081	0.0494375962	0.0925581088	0.0051997064	0.0220626733	0.0956619203	0.0479983589	0.0996535768	-0.1268803794	0.0457737292	-0.03723983	-0.0270276257	0.051383476	-0.0969588246	0.0162837131	0.0192251578	0.0532563839	0.0340747346	0.0231342948	-0.033961267	-0.0596038947	0.0212028182	-0.0844832001	0.0348549619	-0.0368402045	-0.0359610874	0.0947670284	-0.0097734258	0.010411723	0.0571406978	-0.0334609309	0.0423219179	-0.1540147945	0.0395824829	0.1014020961	0.037131558	0.0069399617	-0.0718349506	-0.0712089497	-0.0035835821	0.086064207	-0.0069258188	0.0128513905	0.0278487863	0.0430274914	0.0385584488	-0.0116818159	-0.0482839339	-0.033899884	-0.0219382026	-0.0329805533	-0.0656031057	0.0642200709	-0.0093022841	0.0807935968	-0.0360394135	0.0015580991	0.079707237	0.033131134	0.0725146241	-0.0326272194	0.0067114046	0.0821194409	0.0933753189	-0.0120400233	0.0033417218	-0.0930170135	-0.0261920532	0.0636824074	0.0234873255	-0.0545369636	0.0630912351	-0.0229502883	-0.0168220829	-0.0820373656	-0.0175672483	0.0489936815	0.0305679515	-0.0153065695	-0.0960004081	0.1418402941	0.0056184029	-0.1072169296	0.0238775623	0.011426289	-0.0698504892	0.055083137	-0.0427293725	-0.044962179	0.0542568826	0.0847577985	0.0730780217	0.0975400883	0.0143142382	-0.0613408547	0.0281133627	0.0421931715	0.0312093015	0.0559946182	-0.1507104624	0.1082747036	0.0358379429	-0.0896400627	0.0004194249	-0.020261027	0.0366060735	-0.0743144234	-0.0354562971	-0.0882472927	0.0868177786	-0.0332616921	0.104197081	-0.0872576214	-0.0200903008	0.0467594548	-0.0579718677	-0.0809826483	-0.0782011853	0.0422249655	0.0060079362	-0.0524969085	0.0837475519	-0.0906887116	0.0	-0.0902877931425081	0.0032440798009077	1.052405375465742e-05	0.0081518855905443	-0.0071295233249912	-0.0205369942999879	0.0004217681348777	5.083010284159358e-05	-0.6409424928840153	0.0257235620313096	0.410807279184376	0.0006617016435786	0.0116703869899519	0.000588783510704	0.0001361979324952	3.4666602247704445e-07	0.0014330202693921	-0.0001939844215939	3.762995582111998e-08	2.0535470924886068e-06	0.000509155959598	-0.0002948548846386	2.592397911941602e-07	8.693940299524211e-08
376.2507797799628	-0.2088724331123899	141564.64928503006	0.0436276933142897	371.1776168120792	2.000907273548705	4.003629917340113	137772.82322229468	254.00185006118016	0.0065025692143194	64516.93983450225	4.228340638701526e-05	267.15501785407326	428.34409301813054	1.141743	31.746799	0.0764801542526345	0.0445518873364485	-0.0144001828	0.0172731942	-0.1185814142	0.0339230558	0.0779221853	-0.0417560062	0.0501958185	-0.1102667482	-0.0295116465	-0.0939961246	-0.0115823711	0.0151601811	-0.0257642042	-0.0985022658	0.0416625607	0.061432593	0.0118044235	-0.1147526176	-0.0425256083	-0.1047194296	-0.1312005254	0.0396734834	0.0657632651	-0.0480451614	-0.0510807086	0.0225871928	0.0044843941	-0.0278600233	0.0219132134	-0.0436178708	-0.0880863557	0.0570307356	0.0042683717	0.0701708841	-0.0321595335	0.0039503992	-0.0073406304	0.0538169689	-0.0292571917	-0.0197318886	-0.007430012	-0.0410088612	0.0018038125	-0.0721081005	-0.1310930137	0.0273538948	-0.012453463	-0.0315724643	0.1002132659	-0.0270445429	-0.0497449803	0.0222869467	-0.0826729558	-0.0258873467	-0.0933311716	-0.0443091604	-0.0054190009	-0.0494285263	-0.0300264799	0.0291830497	-0.0619703998	-0.0067477023	0.0415093694	0.0872592272	-0.0616425608	-0.0482449295	0.0150586255	0.0305547683	0.0539695494	-0.060975103	-0.0811129604	-0.0151073107	0.0189960884	0.0209201393	0.0592396392	-0.0494831635	-0.1024687776	0.0205608888	0.0241872943	0.0040040403	0.0693018595	0.0055152787	-0.0614199507	-0.0257334664	0.0685972291	0.0116879412	-0.0614093226	0.0211478463	0.0655768535	-0.0415555656	-0.1223197809	0.0263343876	-0.0537532415	0.0714296417	-0.0577243129	-0.0372028632	0.0334812827	-0.0262293143	0.0375445447	-0.0909828223	0.0461135824	-0.0628541471	0.004901998	-0.0791565494	-0.0690922722	-0.0077460898	0.0232668974	-0.0063876905	0.0950632743	0.0214097631	0.0904723368	-0.0178416593	0.0504118987	0.012378551	-0.0667513297	0.0453174417	-0.0631170886	-0.0663202948	-0.1121469305	-0.0119985714	-0.02544948	-0.0194349847	0.0173215915	-0.0498921934	-0.0144566137	-0.0833344351	0.0339899854	-0.0274642902	0.1321437623	-0.0118675137	-0.055759569	0.0364819015	0.0464558072	0.088537919	-0.0183118402	0.0217203454	0.1134025636	-0.0505871684	0.0274860183	-0.0213844751	0.0431744806	-0.0539964439	0.0142237339	0.048842241	0.0391493859	0.0269947426	-0.0078494288	-0.0191522691	-0.05157954	0.0632626312	-0.0081164005	0.0108252562	0.0016160082	0.0128370941	-0.149232588	-0.0517325851	0.0177114292	-0.0212547547	0.0408990302	0.0275041367	0.0267190291	-0.0785241579	-0.0212082652	0.1210272037	-0.0659691975	-0.0056448534	0.113529891	0.038612732	-0.0689042452	-0.0195793132	-0.0314620124	-0.0236346658	0.0397704531	-0.067101701	0.0218964103	-0.0440917028	0.0525504111	0.0308598672	-0.0510286442	-0.1290476251	0.0731761381	0.0160026378	-0.0159183897	0.0457658232	0.0046396327	0.0040630405	0.0534125999	-0.163733901	-0.0129955963	-0.1020389534	0.0992813733	0.0428889058	-0.0363480061	-0.0566680665	-0.0782192477	0.1071399071	-0.0049471572	0.0233111092	-0.0788183057	0.0443435089	0.0024046285	-0.0484872159	0.0811495725	-0.0913514525	0.0	-0.0904056674390147	-0.0001178742965066	1.3894349776926082e-08	0.0081731847050937	0.0138369034115015	0.0209664267364927	0.0004395910500967	0.0001914598960192	-0.6785031805198756	-0.0375606876358602	0.4603665659755868	0.0014108052556786	0.0116703139898703	-7.300008159939754e-08	0.0001361962286221	5.3290119135186966e-15	0.0012872459146999	-0.0001457743546921	2.125016248592729e-08	1.6570020449115823e-06	0.0007200119164997	0.0002108559569017	5.18417159901571e-07	4.446023456093159e-08
375.4485660284156	-0.8022137515471854	140961.62573279356	0.6435469031714094	369.1533514739912	-2.0242653380879574	4.097650158984353	136274.1969044801	253.4417299278512	-0.5601201333289509	64232.71046882188	0.3137345637604418	266.1207462216617	433.07622278528686	1.19748	33.296593	0.1243213990023062	0.0630184967151012	-0.1203743946	-0.0307441587	-0.0248253713	-0.0153404636	-0.0082699017	0.1098506098	-0.0540869231	-0.0390451592	0.0338539092	-0.1105727795	0.0465627233	0.0559512309	0.0261264508	-0.1507473021	-0.0297173168	-0.0285518443	-0.0558633421	-0.0683687992	0.0410838546	-0.124076031	-0.0821895318	0.0995475566	0.0459892141	-0.0158139759	-0.0154572622	-0.0241837599	0.0243338116	-0.0862974246	-0.0272372575	0.0458741173	0.0063505582	0.0221707528	0.0750902989	0.0038173602	-0.0527587125	0.0620319018	-0.0015286327	-0.1070446515	0.0178009424	0.0287262411	-0.0206651349	0.0442186887	-0.0529343768	-0.0005075471	0.0551792144	0.0323132442	-0.0482924758	-0.006879975	0.0413486508	0.0292341284	-0.0578343653	-0.0437417174	0.0028991808	-0.0029843109	-0.0691939314	-0.0032016769	0.0553789218	-0.0270313047	-0.1062392668	-0.1120082044	-0.0337114425	0.0626200659	0.1127560579	-0.0043927797	0.0154175499	0.0598477691	-0.0747375172	0.0176257461	0.0740512897	0.0512528083	-0.0563776594	-0.0279517447	-0.0360758455	0.0925201381	0.031389991	0.0968209367	-0.0157363058	-0.0809277468	-0.0065413935	-0.0418176557	-0.0073649406	0.0818314384	0.0824980202	0.0535614551	0.1265649188	0.1479944083	0.0180656964	0.0551096588	-0.0417039742	0.0040897101	-0.0996371541	0.1196713104	-0.0863596021	-0.064377444	0.0041278455	-0.0124268353	0.1309069288	0.0802221824	-0.0081880308	0.0472761793	-0.080144127	-0.0459800749	-0.0079734434	-0.0923684589	-0.1337594127	0.0003291116	-0.0745806445	-0.0346796781	-0.0368338114	-0.0344352767	0.0381119338	-0.0496518059	0.0410459752	-0.0037917875	-0.050055085	0.0514586583	0.067665875	-0.1025300747	-0.0530086023	-0.0142791428	-0.0282091373	-0.0112049887	-0.0061213819	0.0579829768	0.0092078154	-0.0261916814	0.0049072593	0.0673642231	-0.0005012489	-0.0050381966	0.0099771714	0.0065437678	-0.1036639192	0.0146217104	-0.0009152591	-0.0484848963	0.1146379335	0.0025319262	0.0034190358	0.0265740948	-0.0326381475	-0.0193137364	-0.0290075726	0.1374973733	-0.0084054528	0.0174551804	-0.03049031	0.0106968126	-0.0532336167	-0.0481884991	0.0084336132	-0.0792525215	0.0103596996	0.0949606175	-0.0567587531	-0.1930739394	0.0802458945	0.0527220091	0.0271673665	0.0974224497	-0.1080757431	0.0475948306	-0.0996607298	-0.0079172718	-0.0948729846	-0.0278654523	-0.0558215989	0.0743141981	-0.0032726494	0.0694680485	0.0777696339	0.0571745254	0.0660270065	0.0300765376	0.0032454562	-0.0779102801	0.0456199595	0.0149799401	0.1519023753	0.0880135711	-0.0417987179	0.0828810337	0.07186003	-0.0608785499	-0.0600084545	-0.0371425842	0.0270417951	-0.1037791584	-0.1104703296	-0.0763106476	0.0927790182	-0.1257092835	0.0777156491	-0.0617093674	-0.0645604751	-0.0159138424	0.0228522822	0.023665929	-0.0794218076	0.0464314067	-0.0012024181	-0.0443435089	0.0782011853	-0.0914462607	0.0	-0.1096819502777748	-0.0192762828387601	0.0003715750800798	0.0120301302167362	0.0110808442031355	-0.002756059208366	7.5958623600190305e-06	0.0001227851082541	-0.6334410221426054	0.0450621583772701	0.4012475285330688	0.0020305981176181	0.011160527843905	-0.0005097861459653	0.0001245573817545	2.598819146181547e-07	0.0018201421571548	0.0005328962424549	2.839784052225516e-07	3.312917472252129e-06	0.0008218674996377	0.000101855583138	6.754661869607249e-07	1.0374559816382031e-08
374.87844826572046	-0.5701177626951335	140533.85097411447	0.3250342633405045	369.59015378439824	0.4368023104070175	0.1907962583769085	136596.88177437513	253.8778199440192	0.4360900161679808	64453.94745952783	0.1901745022013897	267.1470507356336	422.38302577861936	1.195728	33.247875	0.1906533157641206	0.09379394429237	-0.0469834642	-0.0641506899	-0.1047795211	0.113395873	0.0356016812	-0.0556196467	0.0714495236	-0.0805119038	-0.0038685044	0.0032286947	0.049005087	0.0379939043	-0.0131107711	-0.0354279956	0.0665352762	-0.0497309145	0.0349067727	-0.0967747522	-0.0066326997	-0.0623320252	-0.054594206	0.0517770222	0.0594076371	-0.1034179676	-0.0184644445	-0.0303057857	0.027073183	0.0071343427	0.0080088315	0.0277755924	0.0245858816	0.0284262532	-0.0577789939	-0.091382328	0.0688209964	0.0589125377	-0.0486188288	0.0099685391	0.0153282684	0.0126775893	-0.0521376762	0.1009691882	-0.0401788949	0.0334511988	0.0190472881	0.0335705716	0.0110654883	-0.041040561	-0.0767193976	0.0597044187	0.0097690217	-0.034123849	0.0237008054	0.0999286391	0.0717256916	0.0568900141	-0.0412998058	-0.0221446147	0.0275546071	-0.0224118774	-0.0927929404	0.0494206553	0.041584881	-0.0547364888	-0.0652358371	-0.0430114719	0.0569020201	0.01894876	0.058683849	0.0492899768	-0.0063964882	-0.0021172655	0.0703376346	-0.038339815	-0.0680044852	0.0044264243	-0.0142573337	0.1099950173	-0.1406451036	-0.0097216839	-0.0405785508	0.0016745708	0.0025324194	-0.0371853337	-0.0470073298	-0.0295514073	-0.0327304384	-0.0244861439	-0.0103202419	0.0036376109	-0.0466628959	0.1036151144	0.0264920044	-0.0632156839	0.108352784	-0.0687646384	0.0013953062	-0.0851598572	-0.0261058	-0.0221367835	0.0838860396	-0.0755966027	0.0125354593	-0.0553874967	-0.0452711819	-0.0035089134	0.0023858642	0.0512248577	0.052684506	-0.0048024413	-0.0101524975	-0.0844456595	0.0596522874	0.0315754092	0.0147413696	-0.0231390423	-0.0431116525	-0.0029242907	-0.011388682	-0.0090674908	0.0423716771	-0.020928243	0.0733533715	-0.0042587611	-0.0296903781	0.0051363485	-0.0245625603	0.0516982379	-0.049396388	0.0027382251	0.0226622424	-0.0188897226	-0.0556466254	-0.1109252798	0.0274974783	-0.1101837441	0.0411222946	-0.0569340297	0.0181581851	-0.0569744442	-0.0459986052	0.0890550673	-0.0404391772	-0.0019149238	-0.0112382014	0.1335642159	0.0370277689	0.0092638328	-0.0404080668	0.0241256339	-0.0393747116	-0.06975824	0.0699080715	0.0209787026	0.0390427539	0.0225084508	-0.0278017121	-0.0213062304	0.0604267851	0.0110347866	0.015431042	-0.0138164998	0.0327987823	-0.0173113578	0.076369642	-0.0244509679	-0.1098752515	-0.0471830983	-0.0062694661	0.0200888221	-0.0690248623	0.0623364842	0.059002632	-0.0034441249	0.0124942923	-0.0685813527	0.0783902185	0.0476979871	-0.0135869709	-0.0810789998	-0.0711076245	-0.0095061925	-0.058961103	0.0924607459	-0.0453181321	0.0044488698	0.0148097213	-0.1857925741	0.0227360011	-0.0071309522	0.0458882167	-0.0321326861	-0.0814121558	0.0440312139	0.0090556101	-0.0818411568	-0.052693684	-0.0206746661	-0.080011587	0.0484872159	-0.0048075951	-0.0400772406	0.0749151215	-0.090972547	0.0	-0.1039867044055995	0.0056952458721753	3.243582554452986e-05	0.0108132346931375	-0.0064806832409658	-0.0175615274441012	0.0003084072461699	4.199925526973499e-05	-0.6853809221262495	-0.051939899983644	0.469747008414628	0.0026977532103109	0.0123056633114367	0.0011451354675317	0.0001514293495344	1.3113352389990476e-06	0.0011898204018006	-0.0006303217553542	3.973055152728e-07	1.4156725885409412e-06	0.0002881918732396	-0.0005336756263981	8.305455580134969e-08	2.848096742114044e-07
375.4412014652818	0.562753199561314	140956.0957576943	0.3166911636164961	367.7527453137176	-1.837408470680657	3.376069888129031	135242.08168577604	253.21862834741265	-0.6591915966065471	64119.67374214509	0.4345335610366888	265.8919502054472	426.7855513766027	1.126615	31.326168	0.1234650376188346	0.0599916313896638	-0.097027485	-0.0663893089	-0.0693304123	-0.005789679	-0.0811482119	0.0420468339	0.0019925483	-0.0255807231	0.1051899183	0.0618751183	0.0815397937	-0.035704316	0.0265475841	-0.0467608799	-0.0117526314	-0.1102008496	0.0014336891	0.0686837433	0.0600061276	-0.0327031026	-0.0527477513	0.1304745475	0.039092025	-0.0529755279	-0.003641674	-0.0234393165	0.0112402405	0.0179947597	-0.0441691919	-0.0236272465	-0.0045705424	-0.0001817068	-0.068376832	-0.0548434762	-0.0136636374	0.0207751186	0.1632559033	0.0488906149	-0.0872843836	0.0044773967	-0.149231077	0.0154568093	-0.1145014493	-0.0392591364	-0.1037269367	0.0008120554	0.0092765617	-0.0261829556	0.003416591	0.0251733434	0.0279818841	0.018754691	0.0625422795	0.0155951809	-0.0637853305	-0.0682256129	-0.0578435921	0.0392764857	0.0238007671	-0.0619291154	-0.0382434717	0.0027430137	-0.055730566	-0.0616142237	0.0856355952	0.0142833391	-9.43925e-05	0.0111422647	0.0650938274	-0.0062684957	-0.0383095398	0.1158015941	-0.0303981214	0.0395972854	0.0374895056	0.028107102	-0.0403479055	0.1213452461	-0.0143221116	0.103438544	0.0246322213	-0.0937151732	0.0742619611	-0.0711721824	-0.044383932	0.0452199421	-0.0527797267	-0.0217292102	0.0465990221	0.0113151707	0.0079695556	-0.0732715324	0.1514807145	0.0113384416	0.128390861	0.0104106909	0.0708336028	0.0301616184	0.0081310765	0.0858103046	-0.021165255	-0.0974495592	-0.0425825876	-0.0285688811	-0.0068653847	0.0447926513	-0.0801592031	0.0375226327	-0.0004400333	-0.0769090116	-0.0417914217	0.0105293644	0.0864161494	0.0791596817	0.1406719042	-0.0290703086	-0.0607460123	0.0629612911	0.0119852506	-0.0644869192	-0.0110653757	-0.0645187888	0.0914810438	-0.0407456675	0.0323358107	-0.0151943462	0.0071137912	0.0552433829	0.1334707925	-0.0708308802	0.0605475559	-0.0294029515	0.0712657111	0.0452099832	0.1094954154	-0.1100114043	-0.0476769391	-0.0355042937	0.0537573686	-0.0489999362	0.0302617448	0.0487199818	0.0210951392	-0.0208738588	-0.0283074225	0.0745286533	-0.0343515275	0.0318130568	0.0556656873	-0.0545708434	0.0309831763	-0.0669763979	0.1089818089	-0.0251790016	0.0542437378	0.0136683734	0.002987188	-0.054661342	0.0355081742	0.072130255	0.0059373734	-0.0100545638	-0.0015299442	0.0483719594	0.0147844779	0.0360973014	-0.0447291006	0.0012452174	-0.0579078379	-0.0213835003	0.0609488068	-0.0472667895	0.0054259597	0.0439798925	-0.0130835559	-0.1084265869	0.0742741052	0.0234369231	0.0759670425	0.0671065573	0.0859193048	-0.0587625649	0.0251750906	-0.0838227828	-0.0474923054	0.0336469082	-0.056754434	-0.0831490382	-0.0171786998	0.1158448804	-0.0683430323	-0.0968747743	0.0675408871	0.0243640949	-0.025912884	0.0206327363	0.0094854567	-0.0789145542	-0.0805875418	0.0505095157	-0.008405297	-0.0357002023	0.0713055705	-0.0899332563	0.0	-0.0906124971952806	0.0133742072103189	0.0001788694185045	0.0082106246479647	0.0255231605274417	0.0320038437684075	0.0010242460159526	0.0006514317233095	-0.6869416047629926	-0.0015606826367431	0.4718887683543555	2.435730292631514e-06	0.011867501411227	-0.0004381619002097	0.0001408375897454	1.919858507953763e-07	0.0015560745099463	0.0003662541081456	1.3414207173360208e-07	2.421367880504617e-06	0.0010143019449515	0.0007261100717119	1.028808435532396e-06	5.272358362414607e-07
375.51932364183705	0.0781221765552686	141014.76242842275	0.0061030744697325	368.9759543728646	1.2232090591469955	1.496240402379278	136143.25490536625	253.82597443683088	0.607346089418229	64427.62529880672	0.3688692723316153	266.90028177647724	422.0964644739128	1.131234	31.454586	0.1674296012679889	0.0790647004427437	-0.0693703922	-0.0889734702	-0.0534693249	-0.0286079025	-0.0802994102	-0.1464390989	0.1153293503	-0.0373581477	0.0304800227	0.1132649385	0.0248097928	-0.030602153	-0.0295099674	0.0089481223	0.0643878319	-0.0559954798	-0.0469198145	-0.022237315	-0.066961467	0.0577367996	-0.0567893494	0.0355242847	0.0669887261	-0.1420569925	-0.0693626608	-0.0294934995	0.0117135623	0.0751198897	0.0276130216	-0.0554331908	0.0164521042	-0.0342731587	-0.0229476637	-0.0153862619	-0.0059433829	0.065775214	-0.0139566613	-0.0183120801	-0.0023735669	0.0585971108	-0.1165770841	-0.0551172835	-0.037820521	-0.0761132742	0.0079703411	0.0376657239	-0.0214319593	0.0953581384	-0.0376796611	-0.0743012673	-0.0070072876	-0.0296539687	-0.0088152411	0.0927844421	0.0495654933	-0.0098457079	-0.0715026007	-0.0490385925	0.0413402879	-0.0405832202	-0.0351372007	-0.0247460294	0.1485287836	0.0340419209	-0.0452658618	0.0669464551	-0.1088443174	-0.0537526567	-0.1354833392	0.0254146314	0.0871563877	0.0573836268	0.0462623082	0.0700629258	0.0264494302	-0.0193158894	-0.0100268629	-0.0407854748	-0.0771366804	-0.0253244006	0.0148160872	-0.0143494915	-0.0718139804	0.0389134831	-0.0556731526	-0.00509959	-0.0328666248	-0.0459559449	0.0252450324	-0.0257512678	0.0037246278	-0.026889007	-0.0419645254	-0.0810406	-0.0218141868	0.0011875198	-0.010460125	0.0370247704	0.0523048074	0.0447843604	0.1356831045	-0.0742912479	-0.0385616894	-0.046262084	0.0427385192	0.0883027652	-0.0198679926	0.0840424861	0.0550850513	-0.0505747353	-0.1182001404	-0.1094516305	-0.0295571664	-0.0286512838	0.098295919	0.012348542	0.0052692984	-0.0139700986	-0.0318693933	0.0353853783	0.1189035178	-0.0468954592	-0.0144089457	-0.0814553169	-0.0065988858	0.0283013832	-0.0277268802	-0.0344060874	0.1259922086	0.0607248194	-0.0644753328	-0.024389919	-0.02310713	0.013912704	0.0355769681	-0.0533324028	-0.0165557141	-0.0209277684	0.1231466802	0.0366455524	-0.0925579358	0.019175889	-0.0015073006	-0.0488315684	0.0709126164	-0.0100964018	-0.0381017772	-0.0225611528	-0.0590360688	-0.060204876	-0.0903124842	-0.0723859457	-0.0814964004	0.0245463332	0.1487274113	0.0045813547	0.0026810643	-0.0479228595	-0.0580976386	-0.0293049967	0.0247893177	0.0031240549	-0.0541198731	0.0057219645	-0.0641118813	-0.0815901957	-0.0026068656	0.0119569838	-0.0013556152	0.0105161567	-0.0395531028	0.0293735996	-0.0125272419	0.0286834222	-0.022410503	-0.0894094097	0.0959197805	0.000537088	-0.1103513863	0.0340038303	-0.131386955	0.0091766108	0.0968315848	0.0229640666	0.0393732642	-0.0200506563	-0.0861786456	-0.1075110648	0.1390515202	0.0024833883	0.0092648253	-0.0333991005	0.0099222826	0.0212783043	-0.0060085607	-0.010336335	0.0214862237	0.0282633592	-0.0811495725	0.0524969085	-0.0119899299	-0.0312244919	0.0673881186	-0.0883348501	0.0	-0.0548066236330271	0.0358058735622534	0.001282060581556	0.0030037659940522	-0.0296479301839269	-0.0551710907113686	0.003043849250282	0.000878999764191	-0.7079339188337244	-0.0209923140707317	0.5011704334352742	0.0004406772500442	0.012446377549346	0.000578876138119	0.0001549123141008	3.350975832835691e-07	0.0013841335818616	-0.0001719409280847	2.9563682750627982e-08	1.9158257724370227e-06	0.0006559125526825	-0.000358389392269	4.302212767664733e-07	1.2844295649094324e-07
376.0224608548262	0.5031372129891452	141392.8910673193	0.2531470550944844	368.9679456159587	-0.0080087569058946	6.414018717771513e-05	136137.34489206105	254.0223379332172	0.1963634963863114	64527.34816905759	0.0385586227130569	267.3278213942176	427.7807559382164	1.091846	30.359402	0.1844239413882747	0.0984633266520208	-0.0931774912	-0.0423784106	0.0304162759	-0.0536835404	-0.1166802419	-0.0370543779	0.0836821621	0.0303824676	0.0482203828	0.0647303253	-0.0013234115	-0.0614896421	-0.0537662733	-0.1006546627	0.0169452064	-0.033635632	-0.073821295	-0.0753824947	-0.1245378556	0.1186126646	-0.0499730233	-0.0326907929	-0.0009128838	-0.1041172294	-0.0305809893	-0.0291017613	-0.0318421284	0.010910416	0.1267885143	0.0089719903	-0.0196213184	0.0439705551	0.0461590828	0.0099026393	0.0455053557	0.0412232827	-0.0097299887	-0.0664368809	0.017089762	0.0023188159	0.0829930252	-0.1053813333	0.0276019692	-0.0220800288	0.0200566583	-0.0138658492	-0.0602206538	0.031796105	0.0164018797	0.0199864961	0.0265456793	0.0818946855	-0.0512686637	0.024680553	-0.0849619713	0.0563456213	-0.0790804727	0.0062551749	-0.0057307268	0.0376177755	0.0511492362	-0.0045342402	-0.0408791993	-0.0046798627	0.0781612469	0.0362841169	-0.0438094762	-0.0861460887	-0.0120603527	0.0377197259	0.0071152098	-0.0203545953	0.0593314031	0.0224592222	-0.0054890899	0.0190179984	-0.0178142264	0.0289263757	-0.0808881524	0.0246765595	0.0711246979	0.0147051049	-0.0323004619	-0.0424146912	0.0033421799	0.0075192707	-0.0428848108	0.0934431963	-0.0367535276	-0.0275615828	-0.0110235933	0.0071130512	-0.1036233811	0.123574454	0.0099537142	0.0592707442	-0.1153432169	0.0222781004	0.078429741	0.0763446586	0.1029087914	0.0200120629	-0.0548188545	0.0306613672	0.0444316507	0.165046673	-0.0369964486	0.0296057118	0.1109156242	0.0071274672	-0.0351703259	-0.0243114308	-0.0311810291	0.1197458742	-0.01555508	-0.0172017058	0.0081927164	0.0395662701	-0.122919118	-0.0328319232	0.0011841819	0.0296686821	-0.0775855386	0.0347306743	0.0054243643	-0.0603565227	-0.037876207	-0.0449395835	-0.0163570552	0.056278966	-0.0161582837	-0.0719292224	-0.0194556059	-0.0128582559	-0.0144780341	-0.0089275973	0.0696927703	0.0295984158	-0.0281504368	-0.0659728678	-0.0022420589	0.0004994148	-0.0104791163	0.0559407707	-0.0326875007	0.0490747526	0.0632295822	-0.0297630559	-0.0806586999	0.0094613338	0.0222428614	0.053413671	0.0781417423	-0.0130414572	0.1040429664	0.077182441	0.0081765499	-0.0032741743	-0.0208597655	-0.0081682404	-0.101538598	0.017138885	0.0322600014	-0.0114884863	-0.0738582738	-0.11739767	0.098957468	0.0442768416	-0.0716238107	0.0630515912	0.0125955183	-0.08967462	-0.0757224496	0.0237728486	-0.0027659554	-0.0985084591	0.0082811625	-0.0628200453	-0.0469828203	0.0131059073	0.0744010493	-0.1249888657	0.0675757159	0.0678930947	-0.1616825247	-0.1167739982	-0.0566907467	-0.1191015336	-0.0306932806	-0.0368586832	0.0644251458	0.0138059622	0.0193832448	0.0070836324	0.0838058767	0.0991899814	-0.149695698	0.0476636564	-0.0816975821	0.0544480209	-0.0155559202	-0.0266624798	0.0631796814	-0.0861872655	0.0	-0.0873365393732257	-0.0325299157401986	0.0010581954180644	0.007627671109691	0.0097637661055358	0.0394116962894627	0.0015532818044128	9.533112856360974e-05	-0.677639660176041	0.0302942586576833	0.4591955090435003	0.0009177421076186	0.0109831458687803	-0.0014632316805657	0.0001206294931749	2.141046951011128e-06	0.0014278927074586	4.3759125597000017e-05	1.914861073014022e-09	2.038877584013451e-06	0.0007926831605384	0.0001367706078559	6.283465930011469e-07	1.87061991732724e-08
375.64677408131377	-0.3756867735124274	141110.4988776976	0.1411405517921779	368.7281556385557	-0.2397899774030065	0.0574992332629343	135960.45276061093	254.50194363948728	0.4796057062700924	64771.23931627676	0.2300216334868342	267.2253006982529	425.7518483897896	1.068442	29.708633	0.0920820286398971	0.0438842933721598	-0.1025660308	-0.042372285	0.0936599751	-0.059253789	-0.0426300363	-0.092664134	0.0330504046	0.0936759873	0.0270970345	0.0585036308	-0.001411244	-0.0404809718	0.0003554424	-0.0982862565	-0.003046537	-0.126507303	-0.0088267682	-0.1222436426	0.0790678535	0.1357664499	-0.0082092223	-0.1169470678	0.063808854	-0.0341912831	0.112721281	0.0213049048	-0.0405677221	-0.0151597706	0.0533952211	-0.0727619988	0.0201381386	-0.00781451	0.0057985498	-0.0004270427	0.0525803055	-0.0322917067	0.019945775	-0.0007799832	-0.017492563	0.1008156102	-0.0309341464	-0.0301339207	0.026457973	0.0676569277	-0.0162096862	-0.0441776489	-0.0097695337	0.0368762336	-0.1003181005	0.0558558355	-0.0030511977	-0.0643647355	0.0133917377	-0.0316437325	-0.0240188378	-0.0268882074	-0.0629817694	-0.0859974951	-0.0255816957	-0.0445569491	0.0587891087	-0.0572145107	-0.123231163	-0.0172905194	-0.0082694159	-0.0077075988	-0.0278120938	0.0823509765	-0.031079351	0.0298251217	0.0495260622	0.0011318727	0.03131216	0.0393993007	0.070959055	0.0515429568	-0.0348965918	0.0739785058	-0.0050217555	-0.0320284875	-0.0028102561	0.0222327432	0.0387603932	0.0377402389	-0.0234789669	-0.0576435604	-0.0721272795	0.0890370546	0.046335557	0.0427092019	0.057656816	0.007410424	0.0502580108	0.0325246848	0.0642084794	0.0461687137	-0.0707578631	0.0051305081	-0.1117648768	-0.1365353169	0.0149465227	0.1025931274	0.007634624	0.0481426766	-0.0010138621	0.0259081202	-0.1865849737	0.0850433066	0.0100238125	0.0508688601	0.0091548239	-0.0137940696	0.1104000279	0.0110062342	0.0240891253	-0.0102326933	0.0453219594	0.0511577204	0.0247105948	0.0053396186	0.1331463528	0.0234088543	-0.0247300671	-0.0492799018	-0.0252300685	0.0878820561	-0.0614705321	-0.0064741837	-0.0088835679	-0.0119532442	0.0546067	-0.0283018456	0.0511651637	-0.0283909621	0.0506186093	0.0396371713	0.0223807035	0.0432690047	-0.0561902619	-0.0401787247	0.0149824075	-0.0083869478	-0.0283284759	0.0226080048	0.047170348	-0.1133213751	-0.0764216274	-0.0326153152	-0.0766634245	0.017483306	0.0450457985	-0.0826683444	0.0421809939	0.0465167747	0.0738521697	-0.0094857163	0.040605542	0.0993910507	0.1267730606	0.0536780441	0.0961112833	0.0538137815	-0.0250285349	-0.1056585244	0.0048299765	0.0966446265	0.0651372719	-0.0615715029	-0.0529229815	0.0040748829	0.0174629959	-0.0568257447	-0.0747094462	-0.007779985	-0.0002615227	-0.0954565797	-0.0585290657	-0.0228973532	0.015807693	0.1323133982	-0.1768981976	-0.0967985835	0.0386101727	-0.0384917909	-0.0278978711	0.0129938576	-0.0882896732	-0.1413996512	-0.0176058956	-0.0050993172	0.0784496276	0.0104774549	0.0343705133	-0.0738049754	-0.0067374496	-0.0654577881	-0.0944095688	-0.0764605366	-0.0822314759	0.0563615044	-0.0190977232	-0.0220267751	0.0586984312	-0.0835038541	0.0	-0.092713117795526	-0.0053765784223002	2.890759553114517e-05	0.008595722211367	-0.0149581891498797	-0.0247219552554154	0.0006111750716507	0.0002237474226435	-0.6730661852218347	0.0045734749542063	0.4530180896890731	2.0916673156752743e-05	0.011334054868271	0.0003509089994907	0.0001284607997569	1.2313712592356465e-07	0.0011316866232948	-0.0002962060841638	8.773804429565223e-08	1.2807146133443865e-06	0.0002915978440334	-0.000501085316505	8.502930264492708e-08	2.51086494416916e-07
375.8559717695434	0.209197688229608	141267.7115148278	0.0437636727606122	371.9649119657629	3.236756327207217	10.476591521715957	138357.89573369775	254.3614935914347	-0.1404500480525712	64699.76942206548	0.0197262159979695	267.56684938959063	426.96860130479024	1.128616	31.3818	0.1660328732386307	0.088773488255858	-0.0803176939	-0.0881642746	0.0597747403	-0.0345862892	0.0313674249	-0.0758015033	0.0972948486	0.0795205995	-0.0964712584	-0.0273312649	0.0259133051	0.046690157	-0.0140396064	-0.1097525361	0.127291358	-0.1515815352	0.1069627129	0.0167674091	-0.0470080419	-0.0021161973	0.058372342	-0.1053321763	0.0655156247	-0.0597355869	0.0366930637	-0.0702721807	0.0854798366	0.0052693321	-0.0598959698	0.0225739272	-0.0343235235	-0.0155108846	-0.0737288541	-0.0677052029	0.0626745253	0.1130562939	-0.1104426839	0.121850961	-0.0003026939	-0.0917396091	-0.0454698091	-0.0410635719	-0.0541081965	-0.0009197321	-0.012435371	-0.0139869471	-0.0711614027	-0.0878342428	-0.0333564071	-0.0358813351	-0.1157389944	0.1237571423	0.0704270273	0.0634900141	-0.0147637074	-0.0638304006	0.0751977166	0.0475225711	0.0305819891	0.012873282	0.1366380056	-0.0408833759	0.0827469351	-0.0468542362	0.1123576687	-0.0765830754	0.1286231408	-0.045073055	0.0092514906	0.01584294	0.0416928136	-0.0796182487	-0.0210350926	-0.1210030278	0.004377154	0.0358770847	-0.0454526168	0.0465770147	0.1355790954	0.0057877194	-0.012058498	0.0828129354	0.0146534869	-0.02146925	0.0150186219	0.0151961002	-0.0313037019	-0.0089655052	-0.0046532962	-0.0110561629	0.0465790648	0.1626229586	0.019286884	-0.0569722458	-0.0064242279	0.0482545073	0.030982341	0.0517820876	0.0545834906	-0.1012975339	0.070623016	0.0988266246	0.0607403084	-0.0995854432	-0.0385804666	0.0037995192	-0.0395132487	0.1050005665	0.0507078565	-0.0827398194	0.0081012491	-0.0756966406	-0.0287770238	-0.0778063167	-0.093173362	-0.1082722296	0.0503038416	0.0813845201	0.1035129057	0.0767672822	-0.0578208178	-0.1059669123	0.0533733302	-0.0143033622	0.044766273	-0.0439367455	-0.0820723736	-0.0300123594	0.0380527099	-0.0634504522	0.1453854515	0.0244401031	-0.0396195759	0.0373790011	-0.0212561766	-0.0175438796	-0.0846052193	0.1041741375	-0.0613374131	-0.0219082345	0.0233848932	0.0037405456	0.1119786812	0.1051522192	0.0174326922	0.0289533014	-0.0079595654	-0.1012510206	-0.0216641847	0.0960457023	-0.0521285814	0.0991503249	0.0278858594	0.0001050063	-0.0708657031	0.0487785499	0.0309310275	-0.138824622	0.0707130886	0.0161282412	0.0108071754	-0.0136995263	0.0360150604	0.0657589948	0.0413536694	-0.0950322324	0.0402496476	0.0123049952	-0.0578945779	-0.0738750877	-0.0143048486	-0.0120343538	0.0244277955	0.0045659844	-0.0319674019	-0.1065473688	-0.007283747	-0.0103566071	-0.0320922676	-0.1061773877	-0.0481220967	-0.0647848473	0.1483509436	0.0635419955	0.0167032545	0.1030541236	-0.0159537063	-0.0314235269	0.004516259	0.0121490201	0.0454411675	-0.028627642	-0.0028316772	0.0084915715	0.0275591762	0.0143154918	-0.1013703349	0.0847340676	-0.0827511615	0.0582360367	-0.0226098321	-0.0173301903	0.0539637182	-0.0803012987	0.0	-0.0763961450241197	0.0163169727714063	0.0002662436004228	0.0058363709745463	-0.0024070344321671	0.0125511547177126	0.0001575314847479	5.793814757637993e-06	-0.7366081994398215	-0.0635420142179867	0.5425916394819759	0.0040375875708788	0.0123039611154271	0.0009699062471561	0.0001513874591299	9.407181282724312e-07	0.0013888560084762	0.0002571693851814	6.61360926745793e-08	1.9289210122804423e-06	0.0005369768423264	0.000245378998293	2.883441291948315e-07	6.02108528032761e-08
375.5311641015096	-0.3248076680337703	141023.65521143493	0.1055000212135359	369.5271888791448	-2.4377230866181208	5.942493847030978	136550.34332092313	254.4433480609547	0.0818544695199818	64741.41737246814	0.0067001541803976	266.90549025730706	428.02521726910464	1.002279	27.868937	0.1731124614694623	0.0832924089031704	-0.1314045119	-0.0777830718	0.0990629355	-0.0288385934	0.0192963309	0.0288237246	-0.064888106	0.1075430643	0.0055877275	0.0006434888	0.0643068081	0.0923113877	-0.058464256	-0.1215324571	-0.039529955	-0.0242031948	-0.1007380565	0.04854143	0.0161719676	-0.0853883167	0.0346326644	-0.0408274902	0.0776541576	0.0188750392	0.1178398851	0.0063423661	-0.0022557882	0.0518284578	-0.0216092836	0.0105370146	-0.1331835223	0.0108600555	-0.0065986005	-0.0190069943	0.0047691215	-0.0143473997	0.0442146628	-0.01499036	0.0089832263	0.0144835914	-3.25781e-05	-0.0426287362	0.0262504583	-0.0850100924	0.0001337867	-0.0132923262	-0.1422722046	0.0447986005	-0.1042226397	0.0317078261	-0.0722576578	0.0071795039	0.0479752674	0.0738847065	0.0285655246	0.0349399858	0.0074954665	-0.0206612256	-0.0702213578	0.0522580752	0.1461402663	-0.0477622146	-0.0846881604	-0.0246707007	0.0414299464	-0.0838862732	0.0224664277	-0.0291607887	0.1156842969	-0.0107747547	0.0968700328	0.0192318675	-0.0044270628	-0.0145601145	-0.0361988396	0.0241951682	-0.0468430873	-0.0231696795	0.014075984	-0.0851660845	0.073048774	-0.0427528476	-0.0246906148	0.0938218831	-0.0666489899	0.012797229	0.0123710337	0.0242327561	-0.0744541652	-0.0524542377	0.0810492883	-0.1210924638	-0.0153587511	-0.040689882	0.0390164143	-0.0177505474	-0.0005193598	-0.0292350187	0.0406286421	0.0592093206	-0.086922822	0.0727343015	0.0670884403	-0.0661086132	-0.0509178139	0.1108822747	-0.1252336331	0.0007946842	-0.1281585514	-0.0037323352	0.1008633431	-0.0057378974	-0.0157372658	0.0054920471	-0.0182160685	-0.0343005282	0.0387410722	0.0746504862	-0.0188813079	0.1381573452	-0.0175211357	-0.0272922853	-0.0020459928	0.0287935048	0.0421012835	-0.0326422156	0.0588198409	0.0081214549	-0.0275576853	0.0016993322	0.0626678775	0.0013815765	0.0018113137	0.0334314544	0.0492948737	0.0515811112	-0.0435391847	0.1112636434	-0.0562616383	-0.0607923938	0.0533823499	0.0564867023	0.1122716681	0.0619091892	-0.0271338892	-0.0484804702	-0.0712747508	-0.0118221459	-0.0910209999	-0.10011695	-0.106482021	-0.01548801	0.0601423287	0.1195132164	0.0504576217	-0.0238089019	-0.0874697111	-0.0320536471	0.0681972481	-0.0553936683	-0.0640264755	0.0366171733	0.0530604721	-0.0211811667	-0.1066530746	-0.0557179345	-0.0166065089	-0.0242638225	0.0449992503	-0.0156766678	-0.0662056323	-0.0428640447	-0.0483349455	0.0165704852	-0.0193326822	-0.1080129501	-0.038379765	0.0144108847	0.1493422796	0.0193822566	-0.0408044102	-0.0310500083	0.1164261187	0.0214691909	-0.0337706269	-0.0510154851	-0.0237357225	0.0090822478	-0.0722120499	0.0838295907	0.062837647	-0.062019757	0.1355499211	-0.119703253	-0.0131184843	-0.0662430684	0.0382222299	0.0896955133	-0.0832565493	0.0600703222	-0.0260867859	-0.0125857064	0.0489959873	-0.0765995097	0.0	-0.1089460574505949	-0.0325499124264751	0.0010594967989712	0.0118692434340283	0.0295040705948821	0.0319111050270492	0.0010183186240473	0.0008704901816677	-0.6746032654322036	0.0620049340076178	0.4550895657317921	0.003844611841289	0.0119746883447743	-0.0003292727706528	0.0001433931609544	1.0842055749337177e-07	0.0016029448108605	0.0002140888023843	4.5834015306343925e-08	2.5694320666646045e-06	0.0001474082151971	-0.0003895686271293	2.1729181907594543e-08	1.5176371524340766e-07
374.8882664442335	-0.6428976572760803	140541.21231756263	0.4133173977310724	370.354822592967	0.8276337138222516	0.6849775642552126	137162.69461786808	253.93558723670392	-0.5077608242507665	64483.28246524967	0.2578210546438178	267.4076297103371	424.43439256840304	0.97927	27.22916	0.0726059447265012	0.0412410577783917	-0.1207915883	-0.0789121976	0.0565156574	0.0525917816	0.0414594061	-0.0131148459	0.0246748602	0.0039416507	-0.0814159899	0.1067137874	0.0569794888	0.0706546655	0.0104954969	0.021748646	-0.0162056656	-0.0149836142	-0.0423189099	-0.0297749297	0.0792862616	0.0146535656	0.0461284966	-0.0301531175	0.1067958855	-0.015255132	-0.056473013	0.0042850059	-0.0315658847	0.0171904273	0.0349665732	0.0189448373	0.0036733312	0.0746198995	-0.0220591689	-0.0543465241	-0.0346843894	0.0159986854	-0.0567517238	-0.0528014166	0.047264675	0.0186288886	-0.0143271909	-0.0850888171	0.0094584391	0.027202248	-0.0063453875	-0.0145967702	-0.0254258156	0.0480746932	0.1423260964	-0.0565445123	-0.0906324142	-0.0182051374	0.0075584221	0.0829439899	-0.0451126204	-0.1000719355	-0.024956149	0.0481728481	-0.0557339235	-0.0350275693	0.1030776488	-0.1305327277	-0.0189413134	0.0058482644	-0.008091816	0.0007054749	0.0235653117	0.1107462747	-0.0120655104	-0.0382902077	-0.1096436212	-0.0129805665	0.0385873866	-0.0162058306	-0.0026095841	-0.0172728706	0.01494342	0.0953387378	-0.0335981286	-0.0177620744	-0.0016839642	-0.0332095442	0.1053422552	0.0542741172	-0.0557947569	-0.0152378412	0.0519051268	-0.060192751	-0.0166172994	-0.0694761327	0.0157054486	0.1470119564	-0.0315300785	-0.0110695921	0.1224033046	0.0327271749	0.0364768822	0.0506327517	-0.0220689137	-0.0659542096	0.0760940511	-0.009280869	0.1308962759	0.0250891928	0.0160705573	0.1146580341	-0.0027749517	-0.0410122201	0.0219141944	-0.0218631985	-0.0655678453	-0.0654290829	0.0439425482	0.0053371376	0.0123596833	0.0308968729	-0.0176280408	0.0187600684	-0.0196793655	0.0451603965	-0.0473233586	-0.0094492844	-0.0306606157	-0.1099060941	0.0227771224	-0.1426703584	-0.0374590841	-0.0482621609	-0.0454342767	-0.0247480865	0.0825281424	0.0983865076	-0.008315067	0.0595111131	-0.0355849007	0.033045927	0.017102832	-0.0133573755	-0.0558427286	-0.0169700567	0.0622126071	-0.0674762166	-0.0025261408	-0.0113499183	0.0771094945	-0.0366722556	-0.0158523338	-0.0427747362	-0.0274331306	0.0779188861	-0.0219900497	-0.1308405806	0.0332248291	-0.0604979877	-0.0354259965	0.0302592571	-0.0063746131	0.0030433548	0.0517542351	0.0430282666	-0.0666722373	-0.0098652931	-0.0325039261	-0.0061916043	-0.0227531145	-0.0244958261	-0.0172113233	0.0552355351	0.0317889538	0.0435246237	-0.0063982072	0.0150104757	-0.0562327378	-0.0899258883	-0.0027804294	-0.1209536181	-0.0225647668	0.0085659123	0.0408854183	-0.0494828816	-0.0812212315	-0.027311761	0.0161514124	0.1421799962	-0.0733112965	-0.0454667333	-0.1451864042	-0.0229673953	0.012429647	0.0519965353	0.1711138599	0.0248170016	0.0444927039	-0.0054580044	0.0781521158	-0.0474946127	0.0281793383	0.0450495681	-0.0837475519	0.0618630933	-0.0295231785	-0.0078064368	0.0438166893	-0.072421501	0.0	-0.0921685389158	0.0167775185347948	0.0002814851281853	0.0084950395658733	-0.0063758805894593	-0.0358799511843413	0.0012873708969907	4.065185329104388e-05	-0.6747756937332525	-0.0001724283010489	0.4553222368531922	2.9731519002613633e-08	0.0118077204080324	-0.0001669679367418	0.0001394222612342	2.7878291899847063e-08	0.0014599161338537	-0.0001430286770068	2.045720244631556e-08	2.131355117886334e-06	6.188389481947849e-05	-8.55243203776215e-05	3.8296164380282766e-09	7.314409376054044e-09
374.9118689171265	0.0236024728930033	140558.90945493267	0.0005570767266649	370.4715386315075	0.1167160385404599	0.0136226336525781	137249.16093599654	253.89800531213933	-0.0375819245645914	64464.197101483136	0.0014124010539786	266.8073677150712	423.8162566141132	0.876202	24.3633	0.0846328983039351	0.0501142276307032	-0.1191396236	-0.0554215649	0.049782591	0.0604621069	0.0233840792	-0.0041023282	-0.0758132612	0.0248693151	-0.0668551749	0.0617921642	-0.02088041	-0.0466799242	0.0647765167	-0.0258750057	-0.0849813461	-0.1084878749	0.0535954541	-0.0098634556	0.0686752486	-0.1032982899	-0.0336541974	0.0147673834	0.0876649483	0.0190854318	-0.0125211052	-0.0911606633	-0.0964773115	0.0308660449	0.0329204358	-0.035467911	0.0475125612	0.0083212858	0.012723425	-0.0335929131	-0.0101886093	-0.0189349839	-0.0438598963	-0.0455809841	0.005832123	0.0657808939	-0.0175793591	-0.1090441847	-0.0054838591	0.0559612536	-0.0456063864	0.0499816937	-0.0662191908	-0.0333032771	0.0896896681	0.021457875	0.0700936795	0.0311153554	0.0357716521	-0.0376108105	-0.0424118048	-0.0654458	0.0255514611	0.0819917404	0.0390018323	0.0051864656	0.0932443025	0.0017880557	0.0561381243	0.0482754089	-0.0682811261	-0.0114002682	0.038573011	-0.0155224977	-0.003248129	0.0215577092	-0.0230422383	-0.0334575081	0.0039321826	0.0533102002	-0.0558647608	0.0438016367	-0.043924234	0.0628299965	-0.0260177955	-0.0788382966	-0.0879286053	0.0419056327	0.0668233386	0.0663827018	0.0174776643	0.0189514293	0.065011227	-0.0407979614	-0.0001462194	0.024135301	-0.0931744953	-0.0338604821	0.0835892737	-0.0394637375	-0.0850189103	0.0127389961	0.1141011443	0.0538573597	-0.0784454752	0.036186427	-0.0298112718	-0.0185463404	0.0834194249	0.0851792579	-0.0194335492	0.0034450113	-0.0950285579	-0.0602609282	0.0519635214	-0.0836150674	-0.0478156193	-0.047555079	0.0316900429	0.0727730523	0.051472299	-0.0276075305	-0.0191421044	0.0475267587	-0.017740288	0.0221250894	-0.001384007	0.0582585972	0.0460342518	-0.072722373	-0.00857119	-0.1095850774	-0.0514697253	-0.0230550056	0.028792719	0.0383339437	0.0853055718	-0.045113565	0.0672124533	-0.0109960898	-0.0477078994	0.0076943209	-0.028163639	-0.0705962716	-0.085371695	-0.0266392016	0.0444132197	-0.0524924449	-0.0386177653	0.0082405879	0.0684456605	0.0185204262	0.0860762908	0.0053860986	0.0040248925	-0.0162120422	-0.0417575053	0.0042615724	-0.0732407184	-0.0177584289	-0.0261519116	0.0036935523	0.0308399296	0.0260754111	-0.0029399401	0.0285332926	0.0632872654	0.0916770723	-0.0326232246	0.1171096597	0.052087906	0.0025122276	-0.035149531	0.0231290267	-0.0112566416	-0.0391999185	-0.0367054867	0.0306282312	0.0865124831	0.0240879647	0.0132302905	-0.1209862999	-0.0439680632	0.0364801202	0.1379217314	0.00132825	-0.0056323789	-0.1052622878	-0.0327601016	0.0581747408	-0.0174057785	-0.037163397	-0.0943211819	0.0063975024	0.0548722549	0.0842959021	0.1674594352	-0.0627676448	-0.0269280586	0.016991845	0.0265557838	0.018243801	-0.0057170836	0.0272625797	-0.0842240844	0.063613111	-0.0329136668	-0.0030055908	0.0384481886	-0.0677932473	0.0	-0.1082008528817652	-0.0160323139659652	0.0002570350911032	0.0117074245643413	0.0382635017617758	0.0446393823512351	0.0019926744566997	0.0014640955670734	-0.6603818518813185	0.014393841851934	0.4361041902941996	0.0002071826832584	0.0117582242131088	-4.94961949235994e-05	0.0001382558366457	2.4498733119149467e-09	0.0013199229271534	-0.0001399932067003	1.959809792223293e-08	1.7421965336251995e-06	6.374169589159432e-05	1.8578010721158331e-06	4.0630037951364924e-09	3.45142482355474e-12
374.92244355676655	0.0105746396400263	140566.8386825768	0.0001118230035164	370.7875853633637	0.3160467318562041	0.0998855367169874	137483.4334595937	253.66581192095416	-0.2321933911851772	64346.34413751688	0.0539137709100727	266.6916767413204	424.56537965046687	0.880861	24.492844	0.2092706146846269	0.0956239438186383	-0.1054287385	-0.077519471	0.0228340243	0.0707135471	0.0468053946	-0.0072663027	-0.0172184057	-0.0602017407	-0.0950900376	0.0323720835	-0.0768400826	-0.015995881	0.0507252961	0.0623474086	-0.0037001263	-0.0529535589	-0.0213889909	0.0330791757	0.0460337374	-0.0149462731	-0.0305766814	0.0200104556	0.1346274588	0.0013030278	-0.0376442056	-0.053762878	-0.079132551	-0.0270183541	0.0543855436	-0.0030818783	0.0761981467	-0.0221947458	-0.0025967942	-0.1038808128	-0.0873072148	0.1003807257	0.0367253343	0.083225213	0.0075230148	-0.0840348367	-0.0140845963	0.0495948486	-0.1079129564	0.0306732533	-0.0479146232	-0.0083079346	0.1115842711	0.0470087615	0.0279561729	0.0031126529	0.0806382727	-0.0226599494	0.0029944624	0.0099220305	-0.0183193273	0.0247884078	-0.0050454938	0.0447675735	0.0756199266	-0.0305742009	0.0768570742	0.0711359185	-0.0441054771	0.086973464	-0.0075292194	0.0403826048	0.0173842376	-0.0604503349	0.0197425959	0.0362224555	-0.0792646369	0.0298833245	-0.0308615765	0.0321636344	0.0856326631	-0.0654170236	-0.0756428525	-0.0371091043	0.0239028919	0.0070785949	0.0367846891	-0.0003373678	-0.0052929416	0.0973061437	-0.1006907858	-0.1582238447	-0.0504516654	-0.0076856528	-0.0235622969	0.052425384	0.0044003745	-0.0754908241	-0.0771198464	-0.1256909748	-0.0316036664	0.0431845059	-0.0973906277	0.033369628	-0.0183515147	-0.0323232813	0.0238999823	-0.0551282901	0.0826561713	0.0230885979	0.0323181755	-0.0343115236	-0.0465363672	-0.0091013985	0.1146487924	-0.0863789181	-0.0181809099	-0.1404460246	-0.017060414	-0.0115005898	0.0554937929	-0.013045024	-0.0108435049	0.0688349066	-0.0346963529	-0.0623380012	-0.0152651334	-0.0359756741	-0.0002109973	-0.0319425775	0.0571073019	0.0308003142	0.0043314526	0.0204422855	0.0637363949	-0.0460164648	0.0376389542	0.0959378478	0.1058606431	-0.0084423658	-0.0435710001	-0.048781505	0.1134592125	-0.1036734349	-0.0468743884	0.0482332124	0.0479314631	0.014210613	0.0084562525	-0.0654273429	-0.094724897	-0.0639158735	0.0406246635	0.0020102523	0.0286518529	-0.115892226	-0.0567908917	0.0713435767	-0.011670558	-0.0380768797	0.1048655022	-0.0070862029	0.09077624	0.1154164237	0.0113745498	0.038829878	-0.0349226949	-0.0432561057	0.0318641132	-0.019285218	0.0539280723	0.0289173091	0.0401522747	0.0404516429	0.0507474388	-0.0790677035	0.0073632395	-0.0108679413	-0.0921743769	-0.0032808707	0.0041114181	-0.1270851001	0.0136478652	0.0416891576	0.0305474744	-0.0529132145	-0.0556690638	-0.0536651708	0.0219853341	-0.0117922955	0.0025574212	0.057154111	-0.0759018608	0.0715708629	0.0730832207	-0.027210266	0.1125143371	-0.1495050316	0.0790208903	0.0567992869	0.1362608098	-0.0321563831	-0.0716287554	-0.009510664	-0.0846860645	0.0653191659	-0.0362529791	0.0018035623	0.0329136668	-0.0627435226	0.0	-0.0893344586115318	0.0188663942702334	0.0003559408327598	0.0079806454954154	-0.0140770164121306	-0.0523405181739064	0.002739529842713	0.0001981623910673	-0.702191219121481	-0.0418093672401624	0.4930725082113117	0.0017480231890227	0.0127574961017382	0.0009992718886293	0.0001627537067858	9.985443074049656e-07	0.0007909075886209	-0.0005290153385324	2.7985722840265545e-07	6.255348137381269e-07	-0.000333057776953	-0.0003967994728445	1.1092748278887429e-07	1.5744982164974795e-07
374.899463653339	-0.0229799034275401	140549.60784756124	0.000528075961539	371.14533173153774	0.3577463681740482	0.1279824639417217	137748.8572661132	253.69006690112028	0.0242549801661198	64358.65004429488	0.0005883040628588	266.50410109111334	422.5561087588436	0.977552	27.181389	0.2616286834441974	0.1254322054582938	-0.0948077932	0.0317327459	0.0412335701	0.1231127662	0.0033583172	-0.0195296532	-0.0866542828	-0.0186126992	-0.0608505471	-0.0578899344	-0.0818029467	-0.0665564306	0.0532869758	-0.0467243742	-0.1247049712	-0.0915561884	-0.0565244945	0.0360709671	-0.0419823169	-0.0256284281	0.1134551851	0.0722173772	0.1085067759	0.0566554573	0.0385516447	-0.041475981	-0.0612557533	0.0955098516	0.0703456055	0.0380634989	0.0488642578	0.0457835754	0.0972936536	-0.0328144067	0.0661299888	-0.0654294378	0.1151951281	0.0341063929	0.0486759654	-0.0472143551	0.0361535373	0.0454686551	-0.0600874082	-0.0310737645	0.061631261	-0.020481454	0.0120674777	-0.0130161663	-0.0033958565	0.0383440159	0.0025827434	-0.0704311423	-0.0576472532	0.0013195088	0.038502918	0.0521466399	-0.0382246105	0.0193415118	-0.0739375463	0.1086793489	-0.029595939	0.0020683407	0.0737358269	-0.1033553734	-0.0504749031	0.0217832911	0.0426352221	-0.019479111	0.0478480526	0.0780945025	0.0509662715	-0.0765409654	-0.0048345614	-0.0178956326	-0.0007099724	-0.1980344464	0.010927532	0.0981592979	0.0502846297	0.0185357775	0.0456382917	0.0510999039	0.0791010984	-0.0414415891	-0.1290341816	0.0071343142	0.1068685614	0.0193204688	-0.095766277	0.1481013237	0.0755302631	-0.0179691786	-0.0497286638	-0.1271922892	0.0001647219	0.0739574045	0.0162551425	-0.0385228022	-0.0338912114	0.0563403156	-0.0612539988	-0.0448149847	0.0519531423	0.0131447471	0.0388073653	-0.0500891777	-0.139338089	-0.0480759902	-0.0056226065	-0.0062738125	0.0500292389	-0.0723793722	-0.1157727444	0.0329717955	0.0894875624	-0.055563735	0.0037667359	0.0696884786	-0.0545987473	-0.1040901273	-0.0113783523	-0.0067641275	0.000563718	0.0175164984	-0.0233543813	-0.0288925169	0.031134443	0.0043667267	-0.021757807	0.0023853815	-0.0123760048	0.0426145177	-0.0265010069	-0.0500706414	-0.0281727843	-0.0903572507	0.0099555607	0.0578285724	-0.0107622076	0.0075696934	-0.0172355755	0.012750968	-0.0777335277	-0.0166321295	0.0461872535	0.0285769653	-0.1258961901	-0.0216214025	-0.0400291294	-0.0242990768	0.0406346022	-0.0104200361	-0.1173655106	-0.0111149843	-0.0071274171	-0.0094509344	-0.0018537298	0.0359195633	-0.0516371574	0.0127982953	0.0175985663	-0.0578621229	0.0331329466	-0.0445505477	0.0345796063	0.1027810754	-0.2001533145	-0.0101937624	0.1291068171	-0.0865155894	-0.0348456449	-0.0385575907	0.0493822167	-0.046688249	0.0977685749	-0.1103268268	-0.0837613574	0.0774125678	0.0056575804	0.0767309866	0.0742356273	-0.0690890171	-0.0622308078	0.0281178806	0.0598301658	0.0111308068	0.0167742537	0.0253410413	0.0866711374	-0.0170714727	-0.0387925208	-0.0740381084	0.0399997869	0.010284401	0.0367357032	-0.0210567877	0.0130512255	-0.0707732636	-0.0851334125	0.0669800789	-0.0395359232	0.0066077305	0.0272370221	-0.057303721	0.0	-0.0733219496079442	0.0160125090035875	0.0002564004445899	0.0053761082943099	0.0394758831677393	0.0535528995798698	0.0028679130534116	0.001558345351873	-0.622541884798899	0.0796493343225819	0.3875583983289657	0.0063440164580304	0.0117262308070638	-0.0010312652946743	0.0001375044889405	1.063508107999876e-06	-9.300271536427652e-05	-0.0008839103039851	7.812974254911672e-07	8.649505065128637e-09	4.5435150583701684e-08	0.0003331032121035	2.0643529085636468e-15	1.1095774991372508e-07
374.27132078690926	-0.628142866429755	140079.02156357752	0.3945634606465891	369.0058216768152	-2.139510054722564	4.577503274258948	136165.29643138152	253.74501101832743	0.0549441172071567	64386.53061669111	0.0030188560156737	266.50358657656307	417.8733432236075	0.882299	24.532825	0.1200136853684906	0.0565526845550192	-0.1002269759	0.0460094453	0.083940405	0.174026606	-0.0233922436	-0.0848290317	-0.0616347003	-0.0589017439	-0.0338449673	-0.0298019148	-0.060226012	0.0240574244	0.021928915	0.1121650626	-0.0584253472	-0.0859838364	-0.1096105445	-0.0664295499	-0.0900880265	-0.0141525001	0.0616519532	0.0319788627	0.1026504168	0.0223036944	0.1484565408	-0.077744498	-0.0369125986	0.0342925317	0.0175927197	-0.0242989499	0.0970893174	-0.0577851177	0.0231669039	-0.0687649142	-0.0308973775	-0.0301481146	0.1006942649	0.064739263	0.129603983	0.0396451115	-0.0214208449	0.0246891826	-0.0396812088	0.0199270251	0.0239822537	0.1024225478	-0.0430596906	-0.0903008462	0.0611966043	-0.0938345982	0.0868751307	-0.0740296343	-0.1071013897	-0.0335319397	0.0308877688	-0.0065212106	-0.0124770407	-0.043892604	-0.0521440689	0.0094656734	-0.1556179316	-0.0178020073	-0.0330682691	-0.0532225315	0.0442110148	-0.0589457897	-0.0469510332	-0.0416957152	0.0047048225	-0.0680741723	-0.0151883961	0.0420570811	-0.0666988885	0.0246084232	0.0281618466	-0.0677542149	0.0634091962	-0.092737411	0.141034384	0.0039814376	-0.0052918627	0.030846938	-0.0157842289	0.0786537989	-0.0304528685	-0.0695078303	-0.0336928208	-0.0431863286	-0.0409102866	-0.0617202863	-0.0219558051	0.0483527261	-0.006867774	-0.0160207272	0.1028598512	-0.0500730551	-0.047546929	0.0316110711	0.043632594	-0.0724232972	-0.0458497115	-0.0281604235	0.0424494337	0.0091265455	0.0465172403	-0.0589568854	-0.1405610615	0.0100490386	-0.0039511892	0.0911518828	-0.0074477539	-0.1303379815	0.0050653734	-0.0389209481	0.0408013047	-0.0425708468	-0.0492461387	0.0552968197	0.0224935826	-0.0432628931	-0.0116042319	0.057055195	0.0794441325	0.0367824841	-0.0534363039	0.0361699434	0.0725216229	-0.0196530533	0.0477141024	0.0485078694	-0.107851021	0.0212463334	-0.0855156559	-0.0825157127	-0.0427628203	-0.1131555851	-0.0730312967	-0.0239744101	-0.0090094817	0.047082002	0.0394484839	-0.0034962001	-0.0646154752	-0.0188459704	-0.0603275175	0.0317849992	-0.1011707392	0.0451881206	0.0877822009	0.001917745	-0.0836674174	0.002257241	-0.0824503488	0.0645375542	-0.086459845	-0.0031095217	0.0309875549	0.0998690428	-0.0257577462	0.0129120081	-0.0708136302	0.0252166392	0.0012432177	-0.0526021608	-0.1408409592	-0.0654011409	0.0547626474	0.0006217782	0.0286809414	0.0246578639	0.0223375011	0.066793869	-0.040602249	-0.1164332659	0.1448474339	-0.0819273309	-0.0506245983	0.0679231924	0.0082086288	0.0627176086	-0.0268142669	-0.0827808386	-0.0306190041	0.0289365536	0.0911569814	0.0104352184	0.0688527843	0.0931599671	0.0699739385	-0.0240169763	-0.0197238509	-0.0628238026	0.1356844844	0.0405755553	0.092065631	-0.1010196303	-0.0349593899	0.0288318228	-0.0855660509	0.0685947023	-0.0427573947	0.0113936355	0.0214427666	-0.0515076619	0.0	-0.0820754750206163	-0.008753525412672	7.662420715029607e-05	0.0067363835998598	0.0081288594542456	-0.0313470237134936	0.0009826358956943	6.607835602687808e-05	-0.6342917066379385	-0.0117498218390394	0.4023259691096686	0.0001380583132491	0.0119496394062805	0.0002234085992167	0.0001427938819401	4.9911402203968166e-08	-0.0007190934859571	-0.0006260907705928	3.919896530215156e-07	5.170954415459341e-07	-0.0005137214831056	-0.0005137669182561	2.639097622042173e-07	2.6395644629445614e-07
375.8977353352411	1.6264145483318655	141299.107430163	2.645224283025547	372.6993702647021	3.693548587886937	13.642301171081588	138904.82059570553	253.54820573034365	-0.1968052879837785	64286.69262907667	0.0387323213783779	266.40693006944446	423.4568666225804	1.022295	28.425491	0.2601348436425086	0.1274207364904012	-0.1431561663	0.1810533761	0.1150454792	0.1286428521	-0.0479248618	-0.0403224027	-0.1930380333	-0.0099261287	-0.0626331143	-0.0516881245	-0.0319470658	-0.1582498176	-0.0432194596	0.024286576	-0.1000698991	-0.0732738601	-0.0042229581	-0.0923010106	-0.163685475	-0.0544670101	0.0905234542	0.0849110446	0.0050335508	0.0973493014	0.2218927108	-0.0993911029	-0.0257383688	0.1063459281	0.0822909739	0.0231509685	-0.0267878631	-0.0591862568	0.0319557766	0.0822971174	-0.1352162895	-0.0894774421	-0.0217597266	-0.0094340759	0.0611345977	-0.0148432512	0.037613885	0.0430175391	0.00421748	-0.0165949186	-0.0150040429	-0.0875599889	-0.0357277327	0.013268378	-0.0035608247	-0.0825329729	0.0704978081	-0.0080311153	-0.2172579058	0.0577978757	0.0110776508	0.026306584	0.0034437542	-0.0343422101	0.0337401585	-0.1279861913	-0.0435040543	0.0418288444	-0.0303375473	0.0760134095	-0.004601013	0.1063170904	0.041731892	0.0528482235	0.041501987	-0.0256522365	-0.0007725914	0.0319481758	-0.0207226408	-0.0370188355	-0.0417867738	0.0750904345	-0.0347831157	-0.0009687954	0.0073925861	0.0140256429	0.0456957614	0.1391998975	-0.068493535	0.1811706446	0.1136182847	0.0247525464	-0.0429803505	0.071643557	-0.0950676499	-0.0183261843	-0.0193024425	-0.0213734643	0.0463678324	0.0104459519	0.0556322026	-0.0380315194	-0.035558442	-0.0581436049	0.0209731149	-0.0558732556	-0.1723207714	-0.016004818	0.039577032	0.0325455648	0.1007906789	-0.0683149229	-0.166823057	-0.0109907826	-0.0442004444	0.1963517418	-0.0694033715	-0.0747508251	-0.1159623674	0.1428015273	-0.0679193837	-0.0724558441	-0.0367647413	-0.0487322031	-0.0226560231	-0.0198207931	0.0616683579	0.0035757927	0.0210621998	-0.0425766101	-0.0538062066	0.0202773848	0.1243616132	-0.1030866428	-0.0595785957	-0.0076791676	-0.0510662678	0.0853684787	-0.0665102793	0.0987053348	0.0548093373	-0.0892745026	-0.0616070225	0.0424391247	-0.0025185674	0.001249193	0.0075478876	0.0118819606	-0.0602021826	-0.0028598206	-0.1367051369	-0.0098853351	0.0544792789	-0.0336722908	0.0036048805	0.0958781175	-0.0405195948	-0.075954267	0.0003915445	0.0341020512	-0.0637721503	0.0095597236	0.1289139203	-0.0631772277	-0.02850044	-0.0870082	-0.0180764684	0.0466981106	0.0542292606	0.0648796966	-0.0112589362	0.0396669193	0.0160625689	-0.0375339986	-0.011382219	0.0405916529	0.182238267	0.0013368177	-0.0999843405	0.0897268994	0.2475434706	-0.0604562255	-0.1570785899	0.0886907939	-0.0038617847	0.1397159178	0.0723681568	-0.0908182325	-0.0408848212	0.0402230424	0.0661293923	-0.0310736691	0.0380526707	0.0585517115	0.0623696784	0.0132776244	-0.1446069026	0.0255191733	0.0199949485	-0.0073327201	-0.0566707507	-0.075020305	0.079304936	0.0713507939	-0.0859839051	0.07016192	-0.0459123846	0.0161480496	0.0155559202	-0.0453913792	0.0	-0.0568418228803437	0.0252336521402725	0.0006367372003362	0.0032309928283603	0.0467686866086864	0.0386398271544407	0.001493036242525	0.0021873100471015	-0.5665115093656183	0.0677801972723202	0.3209352902437111	0.0045941551422746	0.0103761866487549	-0.0015734527575256	0.0001076652493697	2.475753580164917e-06	-0.0015560367699036	-0.0008369432839465	7.004740605431518e-07	2.421250429292029e-06	-0.000672948783143	-0.0001592273000374	4.528600647336445e-07	2.5353333077200216e-08
375.782970672796	-0.1147646624451113	141212.84104767148	0.0131709277461403	369.9999736385882	-2.6993966261139235	7.286742145075233	136899.98049255594	253.5399420990432	-0.0082636313004513	64282.50223958618	6.828760226979975e-05	266.47898896933003	425.7955220401592	0.8496059999999999	23.623781	0.0967659878315801	0.0520469160510892	-0.1611283902	0.199197534	0.0888925051	0.1015737725	-0.0256930221	-0.0660202392	-0.0812323304	-0.0821997061	-0.0637740074	-0.0175160498	-0.0407184693	-0.0464026837	-0.0871672964	0.1515172942	-0.0828166284	-0.0599673717	-0.1312269588	-0.0643254237	0.0314868756	0.029580185	0.0600802496	0.1032673738	0.0199491558	0.1270109047	0.1177132942	-0.0152935267	-0.0915042226	0.0851840811	0.0564308135	0.0707782372	-0.0317711575	-0.0550491549	-0.0025591626	-0.0300877824	-0.0440524701	-0.0859655514	-0.0539657302	-0.0447112028	-0.028085263	-0.0576347103	0.0088260765	0.0196970091	-0.013815984	0.0860160809	-0.061107557	0.0436979267	0.0461025394	0.1278494307	-0.0973517414	-0.0220834105	-0.0691755928	0.1038483718	-0.0183631191	0.007007704	0.0620535786	0.0331980179	0.0327994259	0.0574096492	-0.0694771893	0.0299513357	0.0099330701	-0.0412500825	0.0470912856	0.07939573	-0.019764385	-0.1415424177	-0.0117168591	0.0433449155	-0.0309639371	-0.0983994981	0.0037099779	-0.0006395388	0.0255459002	0.0293898847	0.0383211753	0.0379473916	0.0566363412	0.0201750801	-0.0140964215	0.0543740679	0.0504875044	0.0143200218	-0.0619266474	-0.0576669482	-0.006174912	0.010019093	0.0574777164	-0.0345535334	0.1222789036	0.0226553828	0.0411809852	-0.1533170723	-0.007629949	0.0806229302	0.0038720843	0.0019896835	0.0217931408	-0.0220132827	0.0342001347	0.1137213603	-0.0642918163	-0.0848002093	0.046394686	0.032371983	0.1703584436	-0.0151347916	-0.0565549935	-0.0520962776	-0.0213827041	0.1701369332	-0.0544020622	-0.0888082615	-0.0259455555	0.036549371	-0.0111187008	-0.052149358	-0.076748969	-0.034390519	0.094013	0.0197860172	0.0449196147	0.0195835886	-0.0810141328	0.0043065975	-0.0260633205	0.0081754061	0.0721547322	0.0435365833	-0.0191804329	-0.0300674315	0.0283790849	0.0656194129	0.0346687439	0.0907561666	-0.0324144076	0.06907521	-0.0644208777	-0.0246937838	0.0308493603	-0.0808524612	-0.0501509837	0.0014228093	0.0138381596	0.0086854123	0.0169589537	-0.0548769246	-0.0134743404	-0.0998258253	0.0507391663	-0.0285105261	-0.0101309204	0.0865177277	0.0969379003	-0.0075108588	0.0348245268	-0.0218288007	-0.0121814543	0.0469185207	-0.127733673	-0.0019555947	0.1233146108	-0.0729519679	-0.016142713	-0.029023004	0.0531443723	-0.0041457449	0.0491990254	0.000421563	-0.0193266947	-0.0473950579	-0.0512335184	-0.0690483699	0.00845049	0.0378555553	0.2718287778	-0.0816187215	-0.1404819449	0.0730148515	-0.0747933824	0.1013403671	0.0321767516	-0.0684840304	-0.0177914398	0.0322128907	0.0835579319	-0.0179653721	0.0171871347	0.0549047869	0.0555634198	-0.0262166042	-0.1180206769	0.0761015097	0.0283757393	0.0199592541	0.0193828377	-0.0804654034	-0.0050749204	0.0669635787	-0.0863869029	0.071680649	-0.0489959873	0.0208578319	0.0096019025	-0.0389928981	0.0	-0.0563731945796632	0.0004686283006805	2.1961248419869318e-07	0.0031779370671165	0.012551381178369	-0.0342173054303173	0.0011708239909116	0.0001575371694847	-0.5919169566024607	-0.0254054472368423	0.3503656835135193	0.0006454367493039	0.0102289914309211	-0.0001471952178337	0.0001046322656938	2.1666432153139506e-08	-0.0021369705566749	-0.0005809337867712	3.374840646124421e-07	4.566643160095432e-06	-0.0006675856504733	5.363132669700078e-06	4.45670600717859e-07	2.8763192032804287e-11
376.67955963027725	0.8965889574812422	141887.4906432596	0.8038717586773008	371.2323028291278	1.2323291905395877	1.5186352338559554	137813.42266381724	253.33311668900416	-0.2068254100390447	64177.6680113646	0.0427767502378189	265.88159213745	427.97080529081353	0.8576399999999998	23.847147	0.1067564678453339	0.0694182484689043	-0.1418801502	0.2504916539	0.0657914132	0.0394478172	-0.0132257985	-0.0399063492	-0.1646579279	-0.0764275243	-0.0166024767	-0.1075703493	-0.0984618485	-0.1118371873	-0.0830165185	0.120639123	-0.0869011296	0.0266597511	-0.0895341878	0.0020543024	-0.1258166747	0.0390847251	0.1432442021	0.140008859	-0.0244468342	0.1038046274	0.109609793	0.0248353762	-0.0827678211	0.1722309118	-0.0164497234	-0.0115236795	-0.1122380353	-0.0155887459	0.037264551	-0.0483775593	0.0549955345	-0.0613636545	0.0190768284	-0.0036529501	-0.0311208507	0.0679105867	-0.0009621065	0.0339333438	-0.0445420244	0.032530315	-0.0123073904	0.0252973398	0.0890043129	0.0659880497	-0.0578490885	-0.0867161658	0.0203102271	0.0834186062	-0.0424268059	-0.0751921947	-0.0718573301	-0.04378949	0.0482348498	0.0889881752	0.0082490629	-0.0344449771	-0.0647487519	0.0136488594	-0.0718931211	0.0725404275	-0.0134842413	-0.0732190715	-0.0290401375	0.1089727076	-0.0796957773	0.0382775723	-0.0142757242	0.0054760687	0.0216755422	-0.0430135684	-0.0813163694	0.0377101279	0.1002031757	0.0190494155	-0.0145781194	0.0600814511	0.0499906606	-0.0317196239	-0.0467843512	-0.0055461086	-0.047404564	0.0292175664	-0.0680011919	-0.0317024503	-0.0279289178	0.1503875352	0.037437476	0.0810864381	0.0192051641	0.0020070445	-0.0037739078	-0.0185203466	-0.0166501241	0.0780364055	0.1104687932	-0.0136998902	-0.1770987374	-0.0772446865	-0.0163509879	-0.0284334122	0.1551048083	-0.0372899288	-0.0624498495	-0.0717325413	0.0174929855	0.1543339145	0.0400306528	-0.0447450503	-0.1163639015	-0.007510229	0.01027112	-0.0229090746	-0.0634674704	-0.0440135322	0.0564167201	0.0220757934	0.0352159002	0.0064023309	-0.1291012419	0.0133320382	-0.0142929429	0.0127126321	0.0628545049	0.0714285202	0.0274566958	-0.0549038328	0.0392719207	-0.1056691675	0.0405389926	0.0516208921	0.0068736941	0.0302994188	-0.1182490606	0.0291835945	0.061266198	0.0059224825	0.0351791777	-0.0387802831	-0.031040251	-0.0348336069	-0.0277780809	-0.0291336893	-0.0033949527	0.0039072838	0.0547257851	0.1286310687	0.014731706	-0.0346530885	0.0114451	0.0274787789	-0.0198000433	0.0285127642	0.0357712822	0.0599230004	-0.0436266821	-0.0398679201	0.1063750447	-0.0916024896	-0.0048773606	0.046976523	0.032629466	-0.1115272509	-0.0266660408	-0.0865830345	-0.041398371	-0.0480680243	0.0200672192	0.0116014018	-0.113399959	-0.0002424494	0.2707580602	-0.0445597142	-0.1658612013	0.0923186733	-0.0382355165	0.1254684129	0.1166557977	-0.0572781846	-0.015700039	0.0304038896	0.1234609793	-0.0520688029	0.0315756276	0.0227370608	0.0039510642	-0.0140471404	-0.1707084524	0.0402886752	-0.020832182	-0.0621039579	-0.0751451225	-0.001084298	0.0729708278	0.0684288253	-0.0867749746	0.0731498398	-0.0520034083	0.025509965	0.0036064234	-0.0323519979	0.0	-0.0564728992089129	-9.970462924970004e-05	9.94101309382014e-09	0.00318918834506	0.0559397155424363	0.0433883343640673	0.0018825475588881	0.0031292517749686	-0.5389923546106488	0.0529246019918119	0.2905127583287313	0.0028010134959917	0.0102005536357384	-2.843779518270015e-05	0.0001040512944755	8.087081948532037e-10	-0.0019599688471252	0.0001770017095496	3.1329605183516285e-08	3.841477881701286e-06	-0.000669022682945	-1.4370324717000995e-06	4.475913502949261e-07	2.0650623247204968e-12
377.111093113095	0.4315334828177697	142212.77654895344	0.1862211467928343	368.9315190815255	-2.300783747602281	5.293605853230798	136110.465771802	253.68028625772016	0.3471695687159979	64353.68763579885	0.120526709442452	266.58075321805126	430.4487300073471	1.056822	29.385517	0.3089776585577915	0.154403545392094	-0.1090788535	0.1979115854	-0.0399844552	-0.0150081021	0.0729145605	-0.1436110479	0.0288080093	-0.1666288168	-0.0749709937	-0.0225743643	0.0140704356	0.0259393728	-0.0966527482	0.2101641889	-0.0522678487	-0.0256579646	-0.1261920286	-0.0504714385	0.0094353882	0.0828338151	-0.098069305	0.1091218624	0.0421110959	0.0560549993	0.1192999809	0.0882125999	-0.0949261422	0.0504139178	-0.0360748836	-0.0209732012	0.0388456947	-0.052172662	-0.0206684051	-0.0740320017	0.0303542497	0.0488384963	-0.0936877608	-0.0240216676	0.0524548443	0.0501688271	-0.0047715259	0.0117924128	0.0233083807	-0.023639776	-0.0598598565	0.0722167615	-0.0412613375	0.0350149223	-0.0465288256	-0.0449305622	0.0060719679	-0.0480616396	0.0085140714	0.0013823116	-0.0139624015	-0.0315446738	-0.1205221833	0.0100808876	0.0008235339	-0.0024056558	0.0075625089	-0.0271471918	0.0405977617	0.0359072716	-0.0218219807	0.0089140838	0.0297934351	-0.0925364667	-0.0453207805	-0.0559077484	-0.0770196596	-0.0363832814	0.0111412945	-0.1323829578	0.0792429591	0.0397621682	0.0511587638	-0.0383840772	0.0628188008	0.0420043322	-0.0157236666	-0.0904654617	-0.0095222456	0.0122415213	0.0486892768	0.0096417618	0.1201747817	-0.033606451	0.0614547202	-0.06143165	0.041933441	0.0084349506	0.0284345615	0.0582887977	0.0116144772	-0.1068150059	-0.01657008	-0.0362539629	-0.0159169039	-0.0543765983	0.0150758518	-0.1124986966	0.0331995813	-0.0688942246	0.1078343801	-0.0426125234	0.0370336931	-0.0757892106	0.0294305142	0.1525941598	0.0121158793	-0.1448411947	0.0480567276	-0.1157650616	0.0111030441	-0.0029962433	0.0285558975	0.0226597036	0.0768626474	0.028820998	-0.0272018596	0.0406939783	-0.0976135184	-0.0711694803	-0.0360222532	-0.0635979185	0.014258085	-0.0261985914	-0.0079677363	0.0591208065	-0.0765053726	-0.0417779278	0.0614946295	-0.0546131234	-0.0043096415	0.0729773765	-0.0964745338	-0.0175488868	0.0243710075	0.0273377474	-0.0008921381	-0.0224814272	0.0347907124	-0.125904434	0.0112801749	-0.0205004707	-0.0357025551	-0.0498649195	-0.0508606991	0.0354249865	-0.121262444	0.0685555526	0.0034034734	-0.0821310585	-0.0990286089	0.0436778481	-0.0113131115	-0.0033099942	0.0351437449	0.0037107681	-0.013991132	-0.0049927639	-0.0188245941	-0.1165247943	-0.0045860847	0.0559452733	0.0292922165	0.0722425232	-0.0630413057	-0.0354310265	-0.0116470186	0.0916434576	0.0321809774	0.0473998594	0.2400677908	-0.0196412627	-0.0126998276	0.0456824217	-0.088715468	-0.0656455014	-0.0354000753	-0.0468128248	0.0055039708	-0.0679653209	0.1841110767	-0.0871842281	0.0648241994	0.0423944997	-0.0743153907	-0.0510432507	-0.0411784416	0.1166217776	0.0196266731	0.0440387877	0.0918677526	-0.0738156043	-0.0618206631	0.0011648057	-0.0871480531	0.0745684769	-0.0549299716	0.0300915909	-0.0024046285	-0.025509965	0.0	-0.0848712965638043	-0.0283983973548913	0.0008064689723263	0.0072031369804212	0.0287478698120224	-0.0271918457304139	0.0007393964742266	0.0008264400187289	-0.63002042915911	-0.0910280745484612	0.3969257411578292	0.0082861103560002	0.0121091255217591	0.0019085718860206	0.0001466309209017	3.642646644108608e-06	-0.0027718445595656	-0.0008118757124403	6.591421724506067e-07	7.683122262393414e-06	-0.0011957619029644	-0.0005267392200193	1.4298465285810429e-06	2.7745420590664574e-07
376.9520760517476	-0.1590170613474129	142092.8676397225	0.0252864257995668	368.5039536654187	-0.4275654161068019	0.1828121850505826	135795.16386704505	254.0897926456672	0.4095063879470331	64561.62272671815	0.1676954817694259	266.3721539752484	429.0172668616248	0.91944	25.565552	0.1069936666348009	0.0586644967229858	-0.0636288079	0.2197648883	-0.0569198587	-0.0217807316	0.0558292345	-0.0996311164	-0.0532774389	-0.1278412427	0.0109819168	-0.135768315	-0.0562257785	1.89549e-05	-0.0535987901	0.0582279085	-0.0507978867	-0.0017743809	-0.1255532877	-0.0261220145	0.0112015286	0.0089795677	-0.0964507832	0.1126415304	0.0411134889	0.034910491	0.1118692651	0.0800009626	0.0286299487	0.0907599346	-0.0615342345	0.0646678717	-0.054321452	0.007042308	0.1006871782	0.0306420022	0.0022253591	0.0864461482	-0.1347761814	0.0231750521	0.0286355822	0.0565657063	0.0441323757	-0.0120141685	-0.0406847668	-0.0522352909	0.0134011113	0.0248144839	-0.0319597727	-0.0928181539	-0.0199365824	-0.0025488053	-0.0641508472	0.0095557948	-0.044259999	-0.0608112866	0.0501195315	0.0926094026	0.0279175604	-0.0006876249	-0.0098244877	-0.065826274	0.0154692828	-0.0074191092	0.0754680578	0.0784185436	0.0712383317	-0.1020676712	0.109154652	0.0679291387	-0.0845993266	-0.1010306066	0.0424138029	0.0862357958	0.0030048639	-0.0229811413	-0.0871029858	-0.0252983005	0.0697114507	-0.0148228232	0.0341498235	-0.0023070724	-0.0663023406	-0.0323813232	0.0510770066	-0.0049415126	-0.0546374516	-0.0358263687	-0.0529938695	-0.0121708482	-0.0125651708	0.0251561313	0.0471069616	0.0428496966	-0.0154680532	0.0739825751	0.0160978526	0.0063635054	-0.0239220534	0.0964162768	-0.045613657	-0.0139657907	-0.0866496839	-0.0849939615	-0.0221817184	-0.1058913431	0.0199650706	-0.0365652472	-0.0381405886	-0.0406319853	0.0368470263	0.0923585424	0.0825148714	-0.0861401114	-0.009126072	-0.1254627726	-0.0496677096	-0.0674300249	0.0647890916	0.0119845545	0.0075375098	0.0061817388	-0.0351761744	-0.0210783033	-0.050305388	0.0239410927	0.0270039748	-0.0534301758	-0.0105263472	-0.1270182088	-0.0333212539	0.0729682937	-0.046110433	-0.0589475885	0.0470821248	-0.0475594898	0.0121112361	0.1123988071	0.0134968104	-0.0579292197	0.0225253827	0.0129119379	0.0035638715	0.0263393281	-0.1165377381	0.0798317971	0.0309171954	-0.0308142872	-0.0135276954	0.0337288304	0.0821335087	0.0914507513	-0.0192295802	0.0084798747	0.0463794564	-0.0617206578	0.0657190181	-0.0598205158	0.0038367838	-0.1512400427	-0.0149971065	-0.0251656677	0.0007756289	-0.0901192765	-0.0167283027	-0.0034914499	-0.0311497525	-0.0679846633	-0.004102002	-0.0403030339	0.0036915567	0.031008245	-0.0698958458	-0.0591294607	-0.0335699684	-0.0436475032	0.2111484248	0.0029757306	-0.0071652664	0.0426461888	-0.0866885972	-0.0625684085	0.1053504351	-0.0246609113	0.0325012847	-0.1072650947	0.1375980974	-0.0907617696	0.135956193	0.0122140088	-0.1177811002	-0.0180129844	-0.0041419975	0.0803543444	-0.0133411496	-0.0215892777	-0.0163258175	0.0274094272	0.0615407199	-0.001740648	-0.0875060741	0.07593558	-0.0577711266	0.0345900464	-0.008405297	-0.0185093366	0.0	-0.0748238036842252	0.010047492879579	0.0001009521131651	0.0055986015977754	0.0821585969440121	0.0534107271319897	0.0028527057727678	0.0067500350518086	-0.6162835323546929	0.0137368968044171	0.3798053922515778	0.0001887023338152	0.0123425081498383	0.0002333826280792	0.0001523375074288	5.446745108915442e-08	-0.0028809313023556	-0.00010908674279	1.1899917452531633e-08	8.299765168892333e-06	-0.0009422602774573	0.000253501625507	8.878544304739079e-07	6.426307413474194e-08
376.706470671384	-0.2456053803635995	141907.7650456903	0.0603220028635484	368.25321295072354	-0.250740714695155	0.0628709060058371	135610.42884853095	253.7796256877174	-0.3101669579497752	64404.09841419796	0.0962035418038176	266.6715801298356	430.9080214102386	1.055945	29.361153	0.1344948883974924	0.0744114554144629	-0.1548500787	0.1767154623	-0.0334412918	-0.0262913245	0.0074424003	-0.0674691012	0.0180905021	-0.1502793968	0.0284816962	-0.0620390375	0.0835414556	0.0987091061	-0.1507880436	0.0011857628	0.0216939613	-0.0344549527	0.0115757391	-0.0872192695	0.0456336219	-0.0356629657	-0.0916139095	0.1295595205	-0.0006226526	0.0123024215	0.1498744446	0.0585765066	-0.0660967006	-0.019427914	-0.0778517682	0.0184888334	-0.0452962061	-0.0711664766	0.0506936581	-0.0795104758	0.0076373935	0.0049533513	-0.0408083543	-0.1440844305	-0.0681291637	0.0528128732	0.0166038766	-0.0329523193	-0.056720059	8.50894e-05	-0.1062291267	-0.0109672404	0.0469743744	-0.032373736	0.0760069113	-0.0011557398	-0.0548974345	0.1419427253	-0.0348450654	0.0360666863	-0.0256193939	-0.1038112887	0.1003593796	0.0365518376	0.0904593407	0.0620124466	0.0156103051	0.0678064617	0.0365477936	-0.0571885247	0.0690899329	0.0588909898	0.0058016672	-0.0383447279	-0.0283567905	-0.0532490319	-0.0194012217	-0.1253928066	0.0343922042	-0.1040650882	0.0280644507	-0.0599859393	-0.0232131172	-0.0435196383	-0.0391201533	-0.0566157923	-0.1521405808	-0.0371523696	-0.0516399358	-0.0391325798	0.0024179816	-0.0055600141	0.0990617876	-0.0079325019	-0.0092593167	-0.0176276197	0.0865343078	-0.0776793615	-0.0534375273	-0.0441354454	-0.0776017185	-0.0220209109	0.0308604913	-0.0639784671	-0.0198943593	0.0665162754	-0.0007189244	-0.1192769885	0.0047944955	-0.1161476113	0.0434261736	0.0258623961	0.0127465684	-0.0192752566	-0.0656192743	0.1148224628	0.033915694	-0.0759031176	0.1845520867	0.0039990082	-0.1183510002	-0.0515915555	0.0616628171	-0.0807836548	0.0379257921	-0.0062152533	-0.0869549085	0.0637950125	-0.1122762511	0.0035823039	-0.0931102858	-0.0893602152	0.0258551202	0.1393988816	0.0221479155	0.0286623217	0.0870586185	-0.0385600988	0.0439388891	0.0043144292	0.111548155	-0.0420697981	-0.0010704195	-0.0221223596	0.028876061	0.0372928884	-0.0889108491	-0.0989411071	0.0421792659	0.0040893119	-0.0077874771	-0.1061098847	0.0686594288	0.0849530486	0.0669522411	-0.0210642663	0.0119930772	0.1052731319	0.004963802	-0.1361394303	-0.0664915858	0.0614445492	0.0307409798	-0.1318197807	0.0400557191	0.0659830516	0.0239559179	-0.0384804293	0.0067403566	-0.0443601677	-0.037964695	-0.0573951574	0.0024086015	0.0425004246	0.106115239	-0.0522992064	-0.0466527097	0.0164649239	4.3502e-05	-0.0238795377	0.1973082149	-0.0369455089	0.0640395008	0.011990334	-0.0975040121	-0.0656251663	-0.0620820313	0.0981402496	0.0930863105	-0.0741953599	-0.023373681	-0.0448188643	0.031130044	-0.0747366014	-0.2182782413	-0.0146713763	0.1377057081	-0.0151079461	-0.0448115212	0.0856196343	0.0634598988	-0.046285005	-0.0467439267	-0.053281964	-0.0878489756	0.0772502043	-0.0605224558	0.0389928981	-0.0143696711	-0.0113936355	0.0	-0.0591182163875316	0.0157055872966936	0.000246665472334	0.003494963508843	0.0180633264433538	-0.0640952705006583	0.0041082037005525	0.0003262837621991	-0.6384688788551784	-0.0221853465004855	0.4076425092665885	0.0004921895993466	0.0123949043557822	5.239620594390052e-05	0.0001536336539889	2.7453623973156356e-09	-0.0027548781885826	0.0001260531137729	1.588938749186883e-08	7.589353833928147e-06	-0.0014139846397335	-0.0004717243622762	1.999352561402276e-06	2.225238739648876e-07
378.2334139495168	1.5269432781327623	143060.5154279065	2.3315557746348263	369.7101382672634	1.4569253165398663	2.12263137797479	136685.58633759903	254.0887393833192	0.3091136956017806	64561.08748140431	0.0955512768085902	266.70941103089285	432.08409138798106	1.44632	40.215725	0.2633902617941629	0.1351618832167939	0.0055250597	0.2169911979	-0.1943349045	-0.1329929884	0.0123988532	-0.0063649639	-0.022346618	-0.0532624456	0.0824850053	-0.1488570903	0.1534993369	-0.1163622685	0.0009708484	-0.0069129525	0.0568366136	0.0528223993	-0.0093040485	0.0134953017	0.1112123949	-0.0395529671	-0.0230467808	0.1146630109	-0.0443856458	-0.0184068336	0.0884894633	0.2028892874	0.0233817345	-0.0317573893	-0.0727032399	0.0110026151	-0.0521013744	0.0535206983	0.0194377264	0.0727126749	0.0060192215	0.0332165702	-0.0820692064	0.0591172408	-0.0645834791	-0.0143481201	0.0467903129	-0.004524708	-0.0261948416	-0.0339997545	-0.0537269552	0.0434662235	0.0340459816	0.1398987024	0.0366466425	0.0604417131	0.0662806132	-0.0811663612	0.0177159589	-0.0303857307	0.0682921218	-0.1302620197	-0.0713252491	-0.1004656212	0.0461308942	-0.0281627718	-0.0019113769	-0.0768153337	0.0499996359	0.0977039717	-0.0693703299	0.0485013542	-0.0395173395	-0.1213111613	0.0390029221	-0.0412474837	0.0141522172	-0.0738828518	0.0757133233	-0.0645666143	-0.2009447354	0.0163352499	0.0406875903	-0.0391025038	-0.1612933832	-0.0590097612	-0.010970349	0.0061028351	-0.0309153493	-0.0057549253	-0.0447825315	0.0278076239	0.0344011155	0.0922291631	-0.0601233332	-0.0051169633	-0.0180125843	-0.0091461568	-0.0001381009	0.1096113212	0.0132138329	0.0199447804	0.0365394544	0.0722256322	0.1402678311	0.0010953126	-0.0767051174	-0.0707983557	-0.079049025	-0.1173911689	-0.0937559344	-0.01486109	-0.0312525893	-0.0966681765	0.0530256723	0.1154707946	0.0010906995	0.1634084047	0.0984552976	-0.0546335698	-0.120712811	-0.0046781563	0.0207753884	-0.0786392945	-0.07252487	-0.0197251918	0.0185359582	-0.0189339323	-0.0807581503	-0.0293825291	-0.0561007067	-0.0016324867	-0.1046712893	-0.0613612641	0.0387767791	-0.12415377	0.0237286099	-0.113278075	0.0991624015	-0.0695677722	0.0459981077	0.0611598229	0.0153079537	-0.087011553	0.0789708137	-0.0225347381	0.0098821705	-0.018476381	0.0858018216	-0.1813369308	0.0534570459	0.0731715264	0.046257125	0.0444965266	-0.1084566303	-0.0963327262	-0.0820829922	-0.0744215068	0.0986635454	-0.0307099652	0.0073488143	0.0241659661	0.0996712238	-0.1364003375	-0.0421263869	-0.116469934	-0.042875955	-0.0288600298	0.0291959853	0.0322412233	0.0160423653	-0.0579795938	-0.0643735295	-0.0521418726	-0.027341759	0.0896885165	-0.0628604668	0.0500456155	-0.0037464281	0.0412708214	0.1190143468	0.0710088559	0.064448586	-0.0223792025	-0.0682196244	-0.0142856662	0.1421463428	0.0707369187	-0.0434737848	-0.0402526116	0.0508440445	-0.0781073852	-0.0479821978	-0.1050468432	-0.2492181124	0.1448086824	0.0715395553	0.0887176282	-0.1474056463	0.0038851351	0.0832174671	0.1493733469	-0.0571147315	-0.113853457	-0.0881766985	0.0785114412	-0.0631796814	0.0432879769	-0.0202719962	-0.0042071001	0.0	-0.0842548982365372	-0.0251366818490056	0.0006318527743781	0.0070988878768492	0.1188490718978982	0.1007857454545444	0.0101577664868282	0.0141251018909917	-0.5622147861689655	0.0762540926862129	0.3160854657870156	0.0058146866513975	0.0125562721723734	0.0001613678165911	0.0001576599708667	2.6039572231411158e-08	-0.0020442451648656	0.000710633023717	5.049992943971666e-07	4.178938294076384e-06	-0.0010617106439537	0.0003522739957797	1.1272294914845805e-06	1.240969681026665e-07
377.3531395999677	-0.8802743495490972	142395.3919659527	0.7748829304740862	370.6745325073867	0.9643942401232836	0.9300562503829654	137399.60904956967	254.19182707652573	0.1030876932065325	64613.48495250236	0.0106270724906441	266.9129175380311	431.4605201545728	1.190397	33.099648	0.2283208143105083	0.1167166348772487	0.0296137108	0.1190416651	-0.1945341956	-0.2008716224	-0.0484499127	-0.0023112879	0.0764090959	-0.0609410231	-0.0020637028	-0.1780080621	0.1412316185	-0.0973461875	0.1101019394	-0.0170200578	0.052142224	0.04145089	-0.0205017354	0.1275698631	-0.0095808894	-0.0125812941	-0.2307691795	0.0916663699	-0.0396983402	-0.0171923627	-0.0128426603	0.1839552949	0.1483369291	-0.1039882143	-0.0360602107	-0.0395969536	0.0034991024	0.0411350445	0.0131263213	-0.0568480442	0.069322157	-0.0994296096	-0.0417343876	0.0285047128	-0.0468623938	0.1534417238	0.0117686183	-0.0277478602	0.0690867412	0.0692440486	0.0418977939	-0.0316324743	-0.0422868988	-0.0515282396	-0.0446566079	0.036528181	0.097248204	0.0030825404	0.1331817278	0.0045047536	0.0168873706	0.0258156573	0.0775442392	-0.076124317	-0.0525425286	-0.1125864793	-0.0133124596	-0.0767747548	0.0705654837	0.0194076455	-0.0850746894	-0.0158730048	-0.0150015577	0.0566283386	-0.0118171239	0.1038254427	0.0427216516	0.033046564	-0.0412147387	-0.0672828084	-0.0451816741	-0.0032499441	0.0475467466	-0.0359633903	0.0695320255	0.0832184508	0.0193170682	0.0781377216	-0.0436432852	0.1163815107	0.0377558576	0.0145649556	-0.0424931639	0.0546751666	0.0866101734	-0.0041372241	-0.050300511	0.0232888878	0.010408496	-0.1231433412	-0.0344620761	0.0783272583	0.0368161952	-0.0581412805	-0.0969908775	0.0071415846	0.013413882	-0.059449398	-0.0753768511	-0.1052749179	-0.1857752649	-0.0804345096	0.0562968953	-0.1123314744	0.1152071783	0.0205069989	-0.0741535357	0.1274610241	0.0346363332	-0.1167132741	0.0356606818	0.0232261881	0.0889473763	0.0317264634	0.035723468	-0.0601034949	0.1437213744	0.0382702792	-0.0609668535	-0.116816057	-0.1200250712	-0.0676254926	-0.0030319122	0.0590260805	-0.0580449662	0.015662145	0.0698144262	-0.0847494672	0.0495689924	-0.093272006	-0.0557875306	0.0151966683	-0.0264721937	0.0588358005	-0.0413219501	0.0547056657	0.0141710808	0.1021892129	0.0683876834	0.1417446797	0.0569445758	-0.0293410662	-0.0215163846	-0.0987426931	0.0629335695	0.0930211527	0.0054371913	-0.0559255193	-0.0100718428	0.1064353134	-0.000531174	-0.0377357995	-0.0111948473	0.0368746468	-0.0244636886	-0.0437037556	-0.0561574151	-0.022665598	-0.0611473443	-0.044006506	-0.0086151465	0.0087137243	0.0461152717	-0.1714933424	0.035765016	0.0467114691	0.0119606532	-0.1592727964	0.0580653327	0.0334848656	0.0421342051	0.0780658218	0.1518693311	-0.0636197955	-0.0783190187	-0.0150417229	0.0394658598	0.134265875	0.0977953137	-0.1904708799	0.0735807768	-0.0533475379	-0.076395127	-0.0116244561	-0.130537451	0.0049823325	0.0803766246	0.0962125603	-0.0071972606	0.0816103879	-0.0236156652	0.0179469102	0.0090460764	0.0270012903	-0.088489186	0.0797184191	-0.0657386716	0.0474634117	-0.0260867859	0.0030055908	0.0	-0.0725841541713805	0.0116707440651566	0.0001362062670343	0.0052684594367747	0.0854471790409405	-0.0334018928569577	0.0011156864464276	0.0073012204060545	-0.6169781691762495	-0.054763383007284	0.3806620612400767	0.0029990281184024	0.014217459962687	0.0016611877903135	0.0002021361677906	2.759544874686978e-06	-0.0023483733249607	-0.000304128160095	9.249393776283065e-08	5.514857273386973e-06	-0.0004573307067402	0.0006043799372135	2.091513753274908e-07	3.6527510850619445e-07
375.66345585952826	-1.6896837404394205	141123.03206832372	2.855031142705351	370.81266396368864	0.1381314563019486	0.0190802992200971	137502.03175584748	253.60872704135485	-0.5831000351708724	64317.38643153643	0.3400056510162726	266.624003779618	427.2910871140189	1.099507	30.572407	0.1899885060319395	0.0856248713660002	-0.0166675099	0.043052132	-0.1420910698	-0.1358125178	-0.0592054504	-0.0093352904	0.0742243982	-0.0461031346	-0.0171905762	-0.0746269576	0.1245078594	-0.1168018981	0.1372839416	-0.0294288452	0.0773610421	0.0556401382	-0.0321345567	0.0640080436	-0.0276170227	0.0390865455	-0.023134368	0.0802112506	-0.0436133574	-0.079225263	-0.0605253992	0.1575901846	0.0643982687	-0.0433622088	0.1001987405	0.0300142614	0.022799406	-0.0786136344	-0.006064167	-0.0670708609	-0.0222643599	0.0155232343	0.0835840922	-0.0367419668	-0.005105909	-0.0247041778	-0.0689244005	-0.0070445177	0.0431894869	-0.049555491	0.0696222941	-0.0210604348	0.0334257126	0.1137416026	-0.0057268914	-0.0062115177	0.0201605332	0.0072956498	0.0641710824	0.1357577711	0.0202288772	0.0037467491	0.0621849949	-0.0533421026	-0.0533479593	0.0903615258	-0.1331374492	-0.0271404459	0.0680110265	0.0757213889	-0.0022279329	0.0001644511	-0.0392398144	0.0108602879	0.0801234452	-0.1819704347	-0.0126523672	-0.035913373	0.1511155231	0.0228988092	0.0480290042	0.0118025356	0.0176661068	-0.107838956	-0.0716814708	0.0475744324	0.0112264795	0.0260040262	0.0751513337	0.0628047675	0.0520479611	-0.0450878257	-0.0514325653	-0.0790018402	0.0185029239	-0.0629445405	0.0200275529	0.0061364906	0.0490552269	-0.0285092212	0.0573215389	-0.0745517518	0.009279195	-0.0354164622	-0.0896328623	0.0870573798	0.0586764595	-0.0777811706	-0.0554823221	-0.0810845078	-0.0861354383	-0.0178484267	0.0165073833	-0.0809782361	0.0711934836	0.022147716	-0.1192838682	0.0681163028	-0.0149964582	0.0276136235	0.0594450687	-0.0422913958	0.0633673005	-0.0383927509	-0.0577119649	-0.0398954254	0.082711009	-0.0782492093	-0.0366184439	-0.0115059705	-0.0282852324	0.1328628642	-9.68706e-05	0.1020014898	-0.0417911493	-0.0201912126	-0.1046466618	0.0309175482	-0.055333999	0.023716753	0.0276659092	-0.0248167711	0.0189989229	0.0109036507	-0.0203004429	0.0265297902	-0.1760074223	0.0895978161	0.0816621199	-0.0504183837	0.1353102786	-0.0832931592	-0.0547566025	-0.0401475861	-0.025441636	-0.0763822559	0.0091552652	-0.0363125199	0.0923102945	-0.0148113696	-0.0906861948	-0.0949793862	-0.1018276855	0.0714795107	-0.1189453651	0.0027326658	-0.0265356877	0.0778856119	0.0248722679	0.0973445653	0.0126497256	0.0233644225	0.0042870872	-0.02764861	0.0941693832	0.0942929403	0.0211987934	-0.0133017384	0.0294674043	0.0449599919	0.0584712511	0.037228259	0.1495492537	-0.0348423199	-0.1786271864	-0.0336082833	-0.006267933	0.1140901662	0.1186873278	-0.2140437926	0.0183230365	0.0210764316	-0.1105711791	0.0638471173	-0.1038139585	-0.0365468652	-0.0119759007	-0.0131100528	0.0427097019	0.140777922	-0.0391201672	-0.0844268419	0.0883322407	-0.0153820522	-0.0887863842	0.0808703038	-0.0681954477	0.0515076619	-0.0317889315	0.010199596	0.0	-0.0338501479543964	0.0387340062169841	0.0015003232376173	0.0011458325165345	0.0428870402377015	-0.042560138803239	0.0018113654149509	0.0018392982203502	-0.6386881440194259	-0.0217099748431763	0.4079225453109789	0.0004713230076913	0.0151743883546581	0.0009569283919711	0.0002302620619379	9.157119473603964e-07	-0.0026338906184479	-0.0002855172934872	8.152012488025599e-08	6.9373797899478605e-06	-0.0009545727446527	-0.0004972420379124	9.112091248337888e-07	2.47249644267376e-07
375.2970414339907	-0.3664144255375277	140847.86930910655	0.1342595312419964	372.8673896106613	2.054725646972656	4.221897484327201	139030.0902350687	253.824049409756	0.2153223684011322	64426.648058766245	0.0463637223338729	267.18040071293274	420.2148461906427	1.07173	29.800066	0.2612908652336261	0.1200773150516303	0.0304801267	-0.0341785693	-0.1391699102	-0.0688156163	-0.0542380266	-0.0161840209	0.1164902281	-0.0553941422	-0.0830087715	-0.0149029394	0.1264333007	-0.0439864739	0.0838241767	-0.0628583532	0.2099270276	0.0493973528	0.0083592501	0.0488553432	-0.1594971552	-0.051566876	0.0563456639	0.0676020055	-0.0469265593	-0.1287858214	-0.0320268067	0.1055034335	0.0842434321	-0.0793432615	0.0562075422	0.1073590524	-0.0736572516	0.0841501486	0.0453439981	-0.0652143478	-0.0291967687	0.0166330697	-0.0563290321	0.0016176489	0.0683604681	0.0019653249	-0.0049545009	0.1070715895	0.0016728701	0.0363083061	0.0154920811	-0.0206214764	-0.0261275291	0.0072808438	0.0412530343	0.0145995577	0.011402058	0.0083713791	0.0200825726	0.0331660539	0.0359132351	0.0212954196	0.0093917423	0.0961820431	-0.0380978883	0.0075443109	0.0326528064	0.0126984253	0.1442793994	0.0852991864	-0.0299512321	0.0931522829	-0.042663427	0.0410962168	-0.0288928349	0.0194405384	0.0104539795	0.0141161104	-0.0513249233	-0.0397512377	0.1317790106	-0.1134511437	-0.0719873352	-0.055657919	-0.0111741013	0.0219751994	0.0240625512	-0.0162302998	-0.0484868454	-0.0164917267	0.0067607258	0.0051739158	-0.0130178904	0.0521186746	0.0016690991	0.0425412102	0.0548901187	0.0685853565	0.0394187347	-0.0485354305	0.0265233028	0.0327767016	-0.0169835695	0.0074007119	-0.065047023	0.0093132719	0.1377830418	-0.0740860289	-0.0320116469	-0.0779029169	-0.1374624651	0.0389433649	0.0812519769	-0.0515351666	0.1125466107	0.0016760252	-0.0864645558	-0.016846632	-0.0586520639	-0.0459950238	-0.0747656353	-0.0514723605	0.1240863053	-0.0812313702	-0.0542378811	-0.0967462055	0.0369015714	-0.0769641626	-0.0521549964	-0.0928321951	0.0520949477	0.0078118936	0.0867551869	0.0237850392	-0.0985669473	0.0399947375	0.0028474957	0.0695636089	-0.1082848416	0.0916022318	-0.0570379611	-0.1288365791	-0.0231664837	0.043268191	-0.0295269426	0.0453934312	-0.1097709513	-0.0409427619	-0.0262340106	0.143015789	-0.0012825245	0.0144689718	0.0282687678	-0.006404769	0.0217346857	0.0098492541	-0.0037833887	0.0431969654	-0.0499181857	0.0226038526	0.105871013	0.0170638724	-0.0015131061	0.0393980405	0.0212926606	-0.0282487267	0.0218853419	-0.0593148373	-0.0200543555	0.0174310935	0.103517315	0.0861165794	-0.0584042853	0.057893464	-0.0159953827	0.0423213769	0.0065341538	0.1637760201	0.0553968566	-0.0268959419	0.0050059541	0.0566513612	0.230017419	-0.053280766	-0.0483490253	-0.1354107718	-0.067945241	0.0576959999	0.1447333809	-0.12627608	0.0016703295	-0.0063376876	-0.0986437735	0.0750555697	0.0750031257	-0.0640207339	-0.0618921427	0.0263326853	0.0963808228	0.2646494245	-0.082397491	0.0437025489	0.0270891232	0.040612044	-0.0890682417	0.0819662993	-0.0705461896	0.0554095495	-0.0373538109	0.0173301903	0.0	-0.075056811106819	-0.0412066631524226	0.0016979890881572	0.0056335248935247	0.0786553651676911	0.0357683249299896	0.0012793730682973	0.0061866664696628	-0.7185371513814047	-0.0798490073619788	0.5162956379153038	0.0063758639766933	0.0160463964270732	0.0008720080724151	0.0002574868382947	7.603980783570991e-07	-0.0018799997950498	0.0007538908233981	5.683513736038653e-07	3.5343992293872898e-06	-0.0014180112446242	-0.0004634384999715	2.010755889880673e-06	2.147752432558341e-07
375.4035883525817	0.1065469185909933	140927.85414799463	0.0113522458612357	369.526713866407	-3.34067574425427	11.16011442824882	136549.99226090545	254.08401105423604	0.2599616444800574	64558.684673409145	0.0675800566007757	266.7784547234936	417.5723135918125	1.171163	32.56485	0.3611120917928774	0.1483774827107226	0.0874527202	-0.0678002052	-0.0705600149	-0.0558316248	0.0225881099	-0.009829598	0.0285413811	0.0602639869	0.0373330359	-0.0799546377	0.035485859	-0.0093738498	0.0674668335	-0.1011218566	0.1184090022	0.0888460807	-0.1179425426	-0.0613421105	0.0355656314	-0.1066795021	-0.0867457023	-0.0073110726	-0.1022608843	-0.0480590838	-0.0405918394	0.0274126485	0.0414281566	-0.0706159883	0.0712577766	-0.016353987	-0.042177702	0.0255030574	0.0170438819	0.0248484143	0.071278021	0.00572246	0.0436390481	0.0204575713	0.1216862693	0.0162528301	-0.0535870439	0.1509080541	-0.0278855705	-0.0177053547	-0.0147638948	0.0430359412	-0.0224320808	-0.0801507206	0.1374167929	0.0855701611	-0.0597980422	-0.0036798889	-0.1175156988	-0.1176568058	0.0878268856	0.0703281774	-0.0548513952	0.0095515641	-0.0440930076	-0.0349992574	0.1050426996	0.0086577163	-0.1179500958	-0.0289780069	0.0100109928	0.0691982888	-0.1410119021	-0.0312898191	-0.0211859226	-0.0148624891	0.0596322134	0.0471986299	0.0194759915	0.0077748972	0.0127166589	-0.0348125216	0.0925350299	-0.0269798475	0.1073835101	-0.0729466007	-0.0959772653	-0.0054010322	-0.0013946278	-0.0264902504	0.026899698	-0.0214104625	-0.0252122041	-0.0438057136	0.0023269021	-0.0401114259	-0.0103132128	-0.0775342426	0.1089040909	-0.1055466072	0.045836885	-0.0278807707	0.0397938553	0.0247990861	-0.0190570881	0.0574347603	-0.0086609146	0.0278758514	-0.1135619802	0.0624686196	-0.1981002813	0.0484795313	0.0340353358	-0.0858050688	0.1368368042	-0.0353994968	0.0766814356	0.0251560849	0.0615960836	-0.0496183494	0.0265860629	0.023006463	0.0016032284	0.0274726216	-0.0328056628	-0.0163769439	0.0226966674	0.0144886477	0.1189591648	0.0788192294	0.0667225831	-0.0322846941	0.0207447245	-0.11347324	-0.0449438151	-0.0294680493	-0.0038752675	0.0552045023	-0.106822032	-0.0406922373	0.0618733804	0.0524684472	-0.0421009103	0.0557662862	0.1159616975	0.0186899151	0.0229473112	-0.0718188975	-0.0724519367	0.0155228691	-0.022009501	-0.0951524221	-0.1423963884	0.0961143596	0.1418015399	-0.0024225734	-0.0580428133	0.0785611297	0.0355428333	0.0177740843	0.05654102	0.1208483918	-0.0359194611	0.1092316134	0.0553368054	-0.0427560868	0.1334463754	0.0109264855	0.0245751543	-0.0048982883	-0.0647731188	-0.0128477719	-0.0125994909	0.084062369	0.0895333742	0.0154104947	0.1054461223	0.14519636	0.0207439896	0.003764328	-0.0870027885	0.1100006632	0.1357853713	-0.0260392561	0.1132872162	-0.1389652164	-0.0262736621	-0.0884265001	-0.0199919247	-0.0750920682	-0.0486116716	-0.0318157784	0.0854429277	0.0122704723	0.1254757331	-0.0111925972	-0.0906995174	0.0345661106	-0.0047856924	0.14953651	-0.1015594845	0.0863919609	-0.0724677522	0.06491389	-0.0893347099	0.0830056482	-0.0727872424	0.0591582902	-0.0427573947	0.0243530426	0.0	-0.1303104554968541	-0.0552536443900351	0.0030529652183804	0.0169808148117975	0.1611231072155021	0.082467742047811	0.0068009284784642	0.0259606556787781	-0.6593852964384084	0.0591518549429963	0.4347889691591677	0.0034989419431972	0.0176921055620779	0.0016457091350047	0.0003130105992197	2.70835855703792e-06	-0.0011228315367879	0.0007571682582618	5.733037713193591e-07	1.2607506600054774e-06	-0.0005361116296501	0.0008818996149741	2.87415679446086e-07	7.777469308914659e-07
374.0877313071191	-1.3158570454626215	139941.63071450734	1.7314797640936197	368.5925519509084	-0.9341619154986348	0.8726584843680784	135860.4693536831	253.74182675889705	-0.3421842953389955	64384.914646942125	0.1170900919766449	266.34136917867653	414.42602796256034	0.956461	26.594942	0.1802897565337176	0.0951918927229491	0.1095975898	-0.0423445195	-0.0425457264	-0.0407123119	0.0211175024	0.0023199695	0.0440196653	0.0612973226	0.020072842	-0.0124181471	-0.0140176255	-0.0030684876	0.051359561	-0.0345565318	0.0422241595	0.0370961473	-0.063357663	-0.0581965587	-0.0178074428	-0.0258208412	-0.0157694995	-0.0431226622	-0.1255160834	-0.0338256124	-0.0320169742	-0.0268255547	0.0039964776	-0.1067540635	0.0207923628	-0.0179937017	-0.0929435645	-0.0304060045	-0.0119797761	0.0225516568	-0.0404833325	-0.0491938157	-0.0986636637	-0.0318695513	-0.0137455715	0.0166753323	-0.1307961701	0.0031357625	-0.0076548105	-0.0103080386	-0.0628222982	-0.0511938316	-0.095518074	-0.0342408611	0.0738827124	0.0934274853	-0.0201028675	-0.1212471178	3.36363e-05	-0.0137832734	0.0339477497	0.0576600224	-0.1266841337	-0.0398022178	-0.0456049289	0.0480559285	-0.0161529386	-0.0112732008	0.0131949026	-0.0550113247	0.0102485999	-0.0253204141	0.0154553422	0.0132446577	-0.0761936331	-0.0543302937	0.0284794072	-0.0983136902	0.0108172063	-0.0012875954	-0.1148372976	-0.0193101112	0.0102770426	0.017284451	-0.0271078297	-0.0020598402	0.0028076661	0.0232951671	-0.0215723481	-0.0311255186	-0.0864270343	0.109133412	-0.0896337386	0.1066593358	-0.0406426248	-0.0883098698	0.0190415679	-0.0346014404	0.0252409162	0.0045552905	-0.0455328703	-0.0607587459	-0.0504563115	0.0567431182	0.0006778922	-0.1419714365	-0.0107330679	0.0603792312	-0.0881060628	0.0295810054	-0.0917177988	0.0039961069	0.0194640555	-0.0278510541	0.0145610557	-0.0392186474	0.0161463484	0.0120104815	0.1103339637	-0.0041193439	-0.0220509163	-0.0174795636	0.0152240863	0.0489452988	-0.0306324059	0.04474093	0.0978836733	0.0087523597	0.0657798642	0.104106248	0.0224190906	0.0209722146	-0.0128782347	-0.0579239624	-0.0781469914	-0.0145459074	-0.0023725988	0.0411421967	-0.0204137477	-0.0644250919	0.0655390479	0.0596998753	0.0167952327	-0.0982058726	0.0156719814	-0.0084223269	-0.1548686203	-0.0559896757	-0.017571361	-0.0486281048	-0.0051435956	0.0149621765	-0.1662896325	-0.0420319759	-0.1070197737	0.0109422752	0.0604217384	0.0279046514	-0.1015679998	0.0363069854	-0.0325658826	0.0466118824	-0.047227066	-0.0410768253	0.056976963	-0.0973364476	-0.0636516058	-0.0301067809	-0.0570564739	0.000826419	0.0200857331	-0.1179049867	0.0686759177	-0.0740973466	-0.1142943581	-0.1376769538	0.0456235026	-0.0544103982	0.0014648956	-0.0291630692	-0.0665732925	0.0965661685	0.0570256714	-0.0551296168	0.057048611	-0.0562545641	-0.0754808583	-0.0579367169	-0.0583926061	-0.0768153866	-0.0338987532	-0.0315993341	0.0195764808	0.0238473558	-0.0002257769	-0.0267411843	-0.0366067865	0.0578598308	0.0530606104	0.0324886185	0.007706731	-0.0132744595	-0.0827297122	0.0807240073	-0.0895857427	0.0839876321	-0.0749151215	0.0627435226	-0.04797635	0.0312244919	0.0	-0.1127009420907256	0.0176095134061285	0.0003100949624006	0.012701502348137	0.094718284440475	-0.0664048227750271	0.0044096004877827	0.0089715534073467	-0.6306324805332864	0.028752815905122	0.3976973255035658	0.0008267244224738	0.0165369737589321	-0.0011551318031458	0.0002734715011036	1.3343294826388677e-06	-0.0012368460349809	-0.0001140144981929	1.299930579820156e-08	1.5297881142479734e-06	-0.0004548058420401	8.130578761e-05	2.068483539538044e-07	6.6106310988824305e-09
373.5982782992959	-0.4894530078232151	139575.67354819813	0.2395642468671922	369.1870200310827	0.5944680801742948	0.3533922983461117	136299.05575943104	253.72078851825933	-0.021038240637722	64374.23852632727	0.0004426075691307	266.3722686922385	413.1224647896456	0.980233	27.255926	0.1508353737586975	0.0856290011063776	0.1312087489	-0.0629297968	-0.0638774496	-0.0134281651	-0.0423828686	0.0810655975	-0.0274381	0.0493973027	0.0923130964	-0.0540124527	-0.0078861779	0.0177271843	0.0426568633	-0.0074443215	0.1375209425	0.1273915943	-0.0820675373	0.0699765977	0.1031506257	-0.0909678513	0.005990512	-0.021641966	-0.0983485681	-0.0553093113	-0.0614160171	-0.044945532	-0.0561954769	-0.0992275689	0.1200664081	0.0032776655	0.0136056548	-0.0037276714	-0.02676846	0.0516041823	-0.0098087865	-0.0265056358	0.0070579544	0.0457985582	-0.0068730348	0.0323472762	0.0150076622	0.0111095832	0.0524945694	-0.0258684215	-0.035671321	0.0426929927	0.1113238604	-0.0827895798	0.0823233417	-0.034831284	-0.0379264865	-0.0045205267	-0.0493327125	-0.063312356	-0.010999032	0.0943473887	0.0632673888	0.0780477393	0.059098614	-0.092284606	-0.0323067909	0.0444179674	0.0292747159	0.0550726458	0.0272247864	-0.0362116052	-0.0133229019	-0.0267101019	0.088679545	0.0605002802	0.0030116155	-0.0263667892	-0.1496340325	0.0504011049	-0.0867320653	-0.0724644114	0.0275470059	0.0224132457	0.0346201573	0.0929742855	0.0744123732	-0.0065776354	-0.042556557	-0.0725678704	0.0269424616	-0.0034198985	0.0134917287	-0.0076278242	0.1093547084	-0.047934125	-0.077473738	0.0290549552	-0.0751474697	-0.0935051043	-0.1614340478	-0.1278991973	0.0352362006	-0.0166959164	0.0357992762	-0.0148006439	-0.039604029	0.0214405235	-0.0877616372	0.0611472504	-0.1167310642	0.0275450504	0.0595399453	-0.0778885319	-0.0211804375	-0.0764763541	0.0445867014	0.0027802038	-0.0311893818	-0.0663826146	-0.0872811616	-0.0060771598	-0.1105307017	0.0114094108	-0.1311753658	0.0091696924	0.0183107242	0.1309905341	0.0349935118	0.0442415985	0.0481515511	0.0410592221	-0.0622938016	0.0305022457	0.0281468687	-0.0129245915	-0.052749579	0.037750717	-0.1459986064	-0.0035559101	-0.0029214877	0.0450259455	-0.0250005268	0.0004148048	0.0435516525	0.1008645013	0.0943033779	-0.083178648	0.0292516726	0.0839990325	-0.1865793278	-0.0081047054	-0.0084598533	0.0111777137	0.0006438333	0.0133185282	-0.0001568157	0.0836286031	-0.0218922367	-0.0285238286	-0.0336459669	0.0124769583	-0.013001927	-0.0286312489	-0.0612957116	0.0177000726	-0.0714181959	-0.0259511505	-0.0435464103	0.0538193772	-0.0284187797	0.0347629114	-0.0263167763	-0.1078417303	-0.0258171028	-0.1652817048	-0.0211953691	-0.0023753987	0.0448370737	0.0087934854	-0.0970339385	0.112283589	0.0618493725	-0.0463418868	0.0684964114	-0.0301746393	0.0756456817	-0.0514985186	-0.1122955648	-0.0300324851	-0.1196341617	-0.1004229082	0.0777446452	0.0006831983	0.0409437185	-0.0331409371	-0.0678019889	0.0296310779	0.0336148702	-0.0252904868	-0.0750375869	-0.0103253491	-0.0584075278	0.0067470726	-0.0898212967	0.0849115724	-0.0769265184	0.0661553376	-0.052988141	0.0379018183	0.0	-0.1132012202537424	-0.0005002781630167	2.502782403914513e-07	0.0128145162669362	0.166462514918976	0.071744230478501	0.0051472346069522	0.0277097688731503	-0.5913213726292383	0.039311107904048	0.3496609657281265	0.0015453632046437	0.016715765489968	0.0001787917310358	0.0002794168159156	3.196648308681344e-08	-0.0010647439281623	0.0001721021068185	2.961913517140077e-08	1.133679632558485e-06	-2.010453563196582e-05	0.0004347013064081	4.0419235297698327e-10	1.8896522579293858e-07
372.7568828933079	-0.8413954059880098	138947.69374433524	0.7079462292177278	366.6262365277771	-2.560783503305572	6.557612150801959	134414.79731052156	253.7750707933725	0.0542822751131666	64401.78655618122	0.0029465653914615	266.31577611671014	406.5969800185507	0.915136	25.44586	0.1628940665228694	0.0757119055973034	0.1130617388	-0.090158355	-0.0089570034	0.0194372469	-0.0310314074	0.0512510472	0.0110209904	0.0104097659	0.0887860006	0.0163242145	0.0097698892	0.0687170464	0.0398319143	0.0103070312	-0.0295594571	-0.0135578334	0.011907083	0.0513179599	-0.0312560997	-0.0165406959	-0.0962200785	-0.0522825908	-0.1212119475	-0.0545057643	-0.0106322059	-0.0925937105	-0.0486302524	-0.0341132291	0.0221569239	-0.058151874	0.0343337764	0.0046251343	-0.1368796984	0.001884276	-0.003891144	0.0390739491	-0.0451718257	0.0085832931	-0.0707538711	-0.1162206476	-0.0116544131	0.1031300473	0.0569276456	-0.0035097589	-0.0771068601	0.0066897277	-0.0019875844	0.0207675519	-0.0220252426	0.0114839902	-0.0324382402	-0.096917711	-0.0770226723	0.0193807793	0.0867081119	-0.0773774834	0.0006054799	-0.0052134051	-0.0002146711	0.0833582795	-0.1008995643	-0.0750787428	-0.0506604072	-0.0133801568	0.0267223737	-0.0757858458	0.0206661241	-0.043240156	0.0337734716	0.035540408	-0.0260978	0.0228668984	0.0401709816	-0.0621662265	0.0416430137	0.1191228241	0.0229721904	-0.0057909779	0.0231671478	0.0809181133	-0.0845182236	-0.0653515991	0.0990729381	-0.0880439491	-0.0063224011	0.0587446292	-0.0127871062	0.0844370275	-0.008176397	0.0118368724	-0.043575265	0.0783746507	-0.0095113959	0.021110695	-0.0685739711	0.0041258313	-0.0031755368	-0.0040541153	-0.1826728634	0.006649651	0.0069062554	0.0181157947	-0.0717878821	0.0926016394	-0.0376133329	0.0036072974	0.0511186742	0.0211784098	-0.051375352	-0.042960946	0.0294950452	-0.0426744111	0.0368522335	-0.019778961	-0.0193405904	-0.0040924681	-0.0767208497	0.0145972802	0.0181092621	0.0378440572	-0.0162811731	0.0529005997	0.1326305887	0.0140131969	0.0120220682	0.1508078076	-0.0263295961	0.0509723312	-0.0362335993	-0.0129035758	-0.0194446808	0.0713809251	0.0416686048	0.0545139936	0.0323411046	-0.0155228133	-0.056188189	-0.0817223482	0.026517808	-0.0608603616	0.0411091565	-0.0488757123	0.0468702695	-0.0929902861	0.09444348	0.1024268736	0.0030890978	-0.0121414928	-0.068906221	0.0442006034	-0.0281785403	-0.0110307887	0.0155037317	-0.0848446893	-0.0813443182	0.144198916	-0.0042761808	-0.0566666883	0.0288663197	-0.0037465255	-0.0213644442	0.0371456164	0.00585818	-0.0359011153	0.0362908873	-0.0192260763	-0.0822821601	0.0153625417	-0.020413762	0.0360984573	0.0220082375	-0.0516813886	0.0841043689	0.0174406313	-0.087185726	0.0860172843	0.0488639923	-0.0284776577	0.0450738987	-0.002755593	-0.0431818791	-0.0398421966	-0.0819083287	-0.0958880591	-0.088391816	-0.026988683	0.0417558481	0.0098126073	0.0528238757	-0.048612937	-0.0955261854	0.0262520366	0.0773001259	0.0054124449	-0.0457027864	-0.0706870067	-0.0344344372	0.0369149597	-0.0900413312	0.0857768306	-0.0788183057	0.0693843053	-0.0577711266	0.0443435089	0.0	-0.093357446511078	0.0198437737426643	0.00039377535635	0.0087156128190687	0.1140083122696467	-0.0524542026493293	0.0027514433755769	0.0129978952665732	-0.6219274983940224	-0.030606125764784	0.3867938132586467	0.0009367349343297	0.0171681276804981	0.00045236219053	0.0002947446080538	2.0463155142119046e-07	-0.0015773087879227	-0.0005125648597604	2.627227354611986e-07	2.4879030124581773e-06	-0.0002549767726633	-0.0002348722370313	6.501315459779217e-08	5.516496772810323e-08
373.48108048234855	0.7241975890406707	139488.11747826252	0.5244621479723202	368.5668482085323	1.9406116807551823	3.765973695483455	135841.52159837127	253.8695124161145	0.0944416227420106	64449.72933439571	0.0089192201061442	266.93663787906297	408.8738811850751	0.840415	23.368208	0.170401775521222	0.083949974215122	0.092533762	-0.0292370653	0.0051789602	0.0212391559	-0.0470573705	0.0424903567	0.0296026279	-0.0066861017	0.0291396585	0.0953779092	-0.0203193348	0.0181226178	-0.0270616335	0.0022855713	0.0233782987	0.0157745921	0.0490382492	0.008883758	-0.0092022747	-0.0210040656	-0.0278016588	-0.0488680542	-0.0836047801	-0.0827322863	-0.0719668041	-0.0352758184	-0.0828242759	0.0419969321	0.0433604652	-0.0095048528	-0.0351023513	-0.0235199962	0.0216633962	0.1310461991	0.105274564	0.043957223	-0.0056355591	-0.0188287262	-0.0301476739	0.0564687989	0.0163493695	0.0325123904	0.0858126553	0.0810794998	0.0038042111	-0.0052320275	-0.0141171569	-0.0514242183	-0.0323155413	0.0121748301	0.1109307001	0.0783827727	0.0700412619	0.0914387099	0.0967259052	-0.0261579432	0.0043611183	0.046382467	-0.071137875	-0.1217746146	0.0434917997	-0.0080200315	0.0373531397	0.030302939	0.0443759464	-0.0192315228	-0.0177478513	0.1628687015	-0.0195419987	0.0603908926	0.0288641053	-0.0031098549	0.0566276691	0.0618541724	-0.0502735152	-0.0247626291	-0.0874350578	-0.0061997332	-0.0089835069	-0.0189654028	-0.0620449302	0.0326685502	0.0026166389	-0.0852529697	0.0520589104	-0.1180977727	0.0081947053	-0.0717998987	0.0575568518	0.0617462069	0.0405294488	0.0149428236	-0.0800010665	-0.0114094836	-0.0030060168	0.0866409584	-0.0002158718	-0.1128285873	0.098093157	-0.0136057885	0.0757699596	0.0106650066	-0.0318957165	0.0851958617	0.0571774018	0.0637536836	0.0850399379	0.0163530966	-0.0629755204	-0.0021683323	0.0077293331	-0.0142124069	-0.0218943208	0.0335222408	-0.0314476255	0.0138198807	0.0302598276	0.0064012809	-0.0816143799	-0.0562953948	0.0974238293	-8.0011e-06	0.0744115416	0.1514510109	0.0026934067	0.0264134633	-0.0454732252	0.0921886841	-0.0425398996	0.0248713757	0.0262127714	-0.0046877773	0.0499663524	-0.0377767243	-0.0376292829	0.0664436958	-0.106418902	0.0374093891	-0.0553511794	-0.0366396517	0.0214943461	-0.0060090733	-0.048222796	-0.004045862	0.0013445635	-0.0397260723	0.1527882924	0.1037710792	-0.0281792012	0.1133635732	0.017974032	-0.0905479386	0.0542149366	0.0938827672	0.0473249981	-0.0500586948	-0.0771895583	-0.090110534	-0.0518538594	0.1183568045	0.0081392175	-0.0286953229	0.0058969534	-0.0451269473	0.0188813021	0.0112836295	-0.0177179988	-0.0083462699	-0.0090821809	0.0434267337	-0.0424909871	0.0304582101	0.0312227727	-0.0320558758	-0.0403806264	0.0708728181	0.0257183094	-0.0254658654	-0.1085415801	0.0269382163	-0.024339339	0.0192736383	-0.0402087443	-0.0745742881	-0.1513754679	-0.0038385456	-0.0013344364	0.046807901	0.0036185812	-0.0537133939	-0.0654367964	0.0069090552	0.0584033187	-0.007737911	-0.0364148817	-0.0413295451	9.55181e-05	-0.0624139846	-0.0902458083	0.0865828087	-0.0805875418	0.072421501	-0.0623046536	0.0505095157	0.0	-0.0415625518442936	0.0517948946667843	0.0026827111135432	0.0017274457158095	0.1153431118684551	0.0013347995988084	1.7816899689790742e-06	0.0133040334554989	-0.6116633328206831	0.0102641655733393	0.3741320327173057	0.0001053530949169	0.0160959141346125	-0.0010722135458855	0.0002590784518288	1.1496418879805706e-06	-0.0021620801305781	-0.0005847713426553	3.419575231909989e-07	4.674590491040613e-06	-0.0007381501977681	-0.0004831734251048	5.448657144650851e-07	2.3345655872750377e-07
373.4550866950714	-0.0259937872771729	139468.70177842327	0.0006756769770109	368.2803519558724	-0.2864962526599015	0.0820801027881661	135630.41763674124	253.980588491298	0.1110760751834902	64506.13933038605	0.0123378944781683	266.941052867385	410.7061231266295	0.784594	21.816069	0.1386824290516919	0.0646359312835784	0.0935483853	-0.0339205093	-0.0012391627	0.0146422344	-0.0266197352	0.0208398894	0.0441155346	0.0266080662	0.0318495744	0.0490038701	-0.025693123	0.0323649356	0.0430479972	-0.0354324026	0.0024098261	0.0813821529	-0.0193814824	-0.0303310196	0.0177851684	0.0307818458	0.0318787901	-0.0626837779	-0.0849636325	-0.0483107348	-0.0243988388	0.0050461844	-0.0145088303	-0.0675636157	0.0042768474	-0.0270827548	-0.0051823734	-0.0971657357	-0.0048602948	0.040268068	0.0818143151	0.0404451154	-0.0708719312	0.02343072	-0.0027649532	0.0251103656	-0.0402880334	-0.0055184027	0.0132635845	-0.097001459	-0.0413363106	-0.011295382	-0.0432973466	0.0253267113	-0.0989592991	-0.0668967317	0.0791300506	-0.0299773863	0.0052250128	-0.0684043903	0.0316187515	0.0620289577	0.0718363281	0.0261715098	0.0159475773	0.1143349459	0.068556522	0.0638141891	-0.0117403916	-0.0353110317	-0.0085142389	-0.0443216735	-0.1068271445	-0.00831024	0.0241454324	0.0360837152	-0.1259569793	-0.0188649757	0.0346872603	0.1096361998	-0.016284207	-0.0797904131	-0.1007127359	-0.0451080507	0.0247752821	0.0567640852	-0.0287259827	-0.0043810906	0.0326656371	0.0481916017	0.0401747224	-0.0503333038	-0.0521167878	-0.0054523039	-0.1227115935	-0.0192174134	0.0229681406	0.0544314037	0.0252355346	0.1198752558	-0.0050944915	0.0989045261	0.0187345331	-0.0626254397	-0.0418624351	-0.0723059989	0.0875123711	0.0072100171	-0.040125999	0.0994627718	-0.028127711	0.0504263149	0.0654807002	-0.0139338593	-0.0562381309	-0.0193144464	0.0458744556	-0.007624683	0.00502735	0.0530496253	0.0012571677	-0.0186220482	0.1199323143	0.0359847432	-0.0133382645	0.0341082825	0.091120685	-0.0324967151	-0.0040814496	0.0281131391	0.0574862172	-0.0078519924	-0.0390918775	0.0105416735	0.034016017	0.1416662199	-0.0266195436	0.0860500159	0.0880798842	0.0186964435	0.0112296037	0.0572069334	0.0631100146	0.0384234598	-0.0380358785	-0.000344748	-0.0184334499	0.0333226813	0.0123277149	-0.0153295278	-0.049845649	0.0798205154	0.0503839656	-0.0045679011	0.0071904486	0.0632333406	0.0247624599	0.0372972105	0.0040341501	0.0524834474	-0.0188341152	0.0167948726	-0.0126496614	0.091942161	-0.0751624992	0.0647501206	-0.0082359147	0.00994482	0.0064235276	-0.0241905869	0.0356553967	-0.092453661	-0.0007023651	-0.0492907964	0.0803246481	0.0169584577	0.0255184986	0.0061536157	0.0151879664	0.0684490508	-0.0642172792	0.0675295459	0.0133493922	-0.0314213532	-0.0192698218	0.0171448461	0.0311480556	-0.0361446388	-0.0880082679	-0.067050456	-0.0996800808	-0.0325841786	0.0708962722	-0.0260531367	0.0350363109	-0.0090241735	-0.0436910319	0.03809837	0.0430429997	-0.0294614685	-0.059666853	-0.0057091964	-0.0137908724	-0.0186519412	-0.0904346925	0.0873289498	-0.0822314759	0.0752585301	-0.0665691461	0.0563615044	0.0	-0.0683617247260599	-0.0267991728817663	0.0007181956671467	0.0046733254075215	0.1542174308023618	0.0388743189339067	0.001511212672575	0.0237830159632812	-0.6218197792996776	-0.0101564464789944	0.3866598379282997	0.0001031534050806	0.0161426466711074	4.673253649489784e-05	0.0002605850415482	2.183929967246958e-09	-0.0016008263427265	0.0005612537878515	3.1500581437776856e-07	2.5626449795671017e-06	-8.90867069741081e-05	0.0006490634907939	7.9364413594906e-09	4.212834150816824e-07
373.3031889462695	-0.1518977488019004	139355.27087745417	0.0230729260910852	367.2520975761706	-1.0282543797017638	1.057307069375859	134874.10317409714	253.460327518873	-0.5202609724250067	64242.13762597436	0.2706714794286136	266.19243075035695	408.652138640974	0.806907	22.436501	0.1215516867338432	0.0605372763214832	0.0796469756	-0.0279485681	0.0212020625	0.0203820206	-0.0526668562	0.031868159	-0.0387042612	0.0415388498	0.0884453034	0.0293046758	-0.0493560885	0.0199129041	0.0241003614	-0.0135573993	-0.0288925771	0.0320077443	0.0804476905	0.0684237646	-0.0188276727	0.0066509295	0.0042930151	-0.014056594	-0.1031991811	0.0235184561	-0.0387673216	-0.0204414226	-0.051143022	0.0226571973	0.0199140294	0.0849983906	0.0251645168	-0.0110426765	-0.0227511126	0.0012506758	0.1216462653	-0.1036938211	-0.0430719265	-0.0139032108	-0.0378376103	0.0428315368	-0.0309350476	0.0535094097	0.0486991754	-0.0108991242	-0.0303183617	-0.0761532767	-0.0462762042	0.0414982095	0.0316134856	-0.0736712871	-0.0007527388	-0.0578296077	0.0059894767	0.0193967665	-0.0239451281	0.0447326407	-0.1085067108	0.0079574075	0.101021972	0.0439446255	-0.053595484	0.042194983	-0.0379977796	-0.0300978799	-0.0017935039	0.033233583	-0.0411826196	0.1355018685	-0.0130857351	0.0482093115	0.0422167076	-0.027957775	0.0626057271	0.1051892847	-0.0735734918	0.0094159705	-0.0540799355	-0.0033658482	-0.0198763582	-0.062136032	-0.0404417005	0.0258327408	0.0779113216	0.0004012299	0.037255898	-0.0048882177	0.0268015309	-0.0339583851	0.0103503086	0.0464343051	0.0260798323	-0.0503490925	0.0408020639	0.1326910907	-0.0064588832	0.0544128498	-0.1312755316	-0.1376443369	0.0542601075	-0.0072670289	-0.0221223197	0.0208916637	-0.0804128926	0.0804224992	0.022148719	0.0204290054	0.0555781546	-0.0221679042	-0.0450144509	-0.0391416117	0.0515165053	0.0313627129	-0.0469175817	0.0555427133	-0.0047917651	-0.0301071103	-0.0840702319	0.0193159965	0.0031059955	-0.0934635746	0.0338102764	0.0251154358	0.0519012367	0.044106693	-0.0339235833	-0.0021464685	-0.1371191999	0.0300397703	-0.0749524871	0.153101963	0.0900970307	0.0218385495	-0.0204681173	0.0812227664	0.0444059928	0.1096254476	0.0108360851	-0.0301466014	0.026740213	-0.0351777562	-0.0930632185	0.0230033766	-0.0356930871	-0.1209960337	-0.0262160611	-0.0023042123	0.004197789	-0.006382307	-0.0544550287	0.061194401	0.0618947351	-0.102826935	-0.0639585476	-0.0065539918	-0.0224595123	-0.0134463123	0.0063578312	0.0501067109	-0.0010328368	0.0870296458	0.0668076832	-0.0074549076	0.0406402812	-0.0848607165	0.0266854412	-0.0006889397	0.107907778	-0.0645644782	-0.011859666	0.0530917022	0.012979035	0.0237436562	-0.0277621297	0.039655519	-0.0416132894	0.0637620686	0.0088140405	-0.0262579346	-0.0551039913	0.029804824	-0.0096850663	-0.0120026727	-0.0577624743	-0.0330655093	-0.1084025784	-0.0022325142	0.0160162243	0.0501880497	-0.0090849634	-0.0400967897	-0.032749508	-0.0193610732	0.0505351796	-0.0313762769	0.0190171864	-0.0576639641	0.0235764221	-0.0288660579	-0.0906079513	0.088014738	-0.0837475519	0.0778875515	-0.0705461896	0.0618630933	0.0	-0.0523705126620654	0.0159912120639945	0.0002557188632756	0.0027426705964875	0.1174798061916675	-0.0367376246106943	0.0013496530620362	0.0138015048628317	-0.5896996606389777	0.0321201186606998	0.3477456897577254	0.0010317020227774	0.0161891085877733	4.646191666590055e-05	0.0002620872368667	2.158709700269087e-09	-0.0016306518458624	-2.9825503135899947e-05	8.895606373095775e-10	2.6590254424144524e-06	-0.0007468539151414	-0.0006577672081672	5.577907705620374e-07	4.3265770014019357e-07
373.6756427547992	0.3724538085297126	139633.4859882123	0.1387218394882878	368.5507640789842	1.2986665028135462	1.6865346855299663	135829.66570320306	253.80982489231204	0.3494973734390498	64419.427211866096	0.1221484140407946	266.5258489859681	410.66838944694456	0.8338259999999998	23.184986	0.1936203206652084	0.0848838276089762	0.0769628774	-0.0562129835	0.0097182459	-0.0061101027	-0.0058508239	0.0186495215	-0.0127854847	0.040612835	0.038415913	0.0132508194	-0.0199490993	0.0045084772	0.0229709376	-0.0268140795	0.0110133869	0.0608265131	-0.0374578486	-0.0305735517	0.0651254725	-0.009674004	-0.0065252256	-0.046296847	-0.077646151	0.0006688546	0.016020021	-0.060576194	-0.0696568781	-0.1033696764	0.0548060448	-0.0143768365	-0.0253945084	-0.0439634521	-0.0506861983	-0.0034540084	0.0883559407	0.0285502856	0.1236194861	0.0421863789	-0.0547279312	-0.0127360652	0.0506531432	-0.0285376797	-0.0200617084	0.0394985392	0.0635674158	0.019037462	0.0688531569	0.0003326598	0.0080337585	0.0213747987	-0.0852061894	0.0245071176	0.000520412	-0.0505359052	-0.0651925094	0.0576709864	-0.0357018351	-0.0454332863	-0.0379857246	0.0230570748	0.0441797073	0.0775833116	0.057771397	-0.0067744625	0.0583753571	-0.0107730488	0.0357304086	0.0274728851	0.0316391314	0.0197025776	0.0993225001	0.0468797711	0.0141748682	0.0706944607	0.0363357886	-0.0067464043	0.1239116661	0.0278880825	0.0263676153	-0.0404705264	-0.122274527	-0.0603384673	-0.0113866772	-0.0720981987	0.0369221068	-0.0129884152	-0.0029330022	-0.0318233006	-0.0722707096	-0.0011470613	0.0339218343	-0.0940680177	-0.125029306	0.0475231966	-0.0154464005	-0.0302903184	0.0087741271	0.0067564096	-0.0759454086	-0.0372751845	-0.0106071085	0.0278275108	-0.059588568	0.128133755	-0.0333959679	-0.0220065034	0.0050765667	0.0356233652	0.0079342396	-0.0148400314	0.0589733088	0.0533245719	0.057580662	0.028444869	-0.0031576182	0.0169384817	-0.0508887029	0.0700251932	-0.0108203772	0.0114962046	-0.0164215988	0.029318032	-0.0207609023	0.0885988698	0.0892074085	0.0799568811	-0.0651167879	0.1128996664	0.0254998188	0.0469050766	-0.0198368762	-0.0241420989	-0.0108254618	-0.0206543575	-0.0254091839	-0.0212858891	-0.0078394947	-0.0032886346	0.0316186586	0.0020399236	0.0384119926	-0.0495860131	0.0601817906	0.0223827889	0.014028436	-0.0468919956	-0.0621593679	0.0137111213	0.0800920809	-0.0109667676	-0.0345492985	0.0034900904	0.0714085789	-0.0526298169	0.1112472792	-0.092539767	-0.0539529379	-0.0264766036	0.0226373552	0.0046230672	0.0393640288	-0.0186787661	-0.0923373655	0.0185772164	-0.0153086446	-0.0495803901	-0.0254791746	0.064684474	0.0401569612	-0.0010408326	-0.0009861339	-0.0393735586	0.0038309554	-0.1109374355	-0.0872409951	0.0480921114	-0.0163844073	-0.0102556646	0.0499035325	0.037324562	0.0347389839	-0.0710105197	-0.1050273314	-0.0191118632	-0.0350303806	0.013684577	0.0530538487	-0.0636511977	0.0912012687	-0.0043765612	-0.0316556343	0.0391736904	-0.0062297892	-0.0675749093	-0.0781154391	-0.0283618985	0.0341364482	0.0181646677	-0.0907655546	0.0886396995	-0.0851334125	0.0803012987	-0.0742186113	0.0669800789	0.0	-0.0828221741764707	-0.0304516615144053	0.0009273036889879	0.0068595125353176	0.1666546625970113	0.0491748564053438	0.0024181665024861	0.0277737765653236	-0.621730456038307	-0.0320307953993292	0.3865487599656012	0.0010259718539136	0.0163636728643331	0.0001745642765598	0.0002677697896109	3.047268665084683e-08	-0.0008381637446357	0.0007924881012267	6.280373905859004e-07	7.025184628217388e-07	-7.464614600530099e-05	0.000672207769136	5.572047113444713e-09	4.518632848869309e-07
374.2106269259504	0.5349841711512227	140033.59330431285	0.2862080633823607	368.9107234203602	0.3599593413760544	0.1295707274438829	136095.12185453353	254.1937837640116	0.3839588716995763	64614.4797042651	0.1474244151568117	266.92461489695813	413.6333844627189	0.8855349999999999	24.622808	0.1105036127920496	0.0672507384196646	0.0344881562	-0.0423150043	0.0325073537	-0.0545263773	-0.0285890162	0.0474113486	-0.0034049755	0.027031468	0.0500214642	0.0189496736	-0.05776247	-0.0493139738	-0.0556821032	0.0388192714	0.0517184658	-0.0323547863	0.0856311566	0.0416379954	0.0578560274	0.0439399306	-0.0232415979	-0.0494668192	-0.0399501898	0.0305264992	-0.0592263201	-0.0430081735	0.035636386	-0.0171928196	-0.0149973583	-0.0431311152	-0.0115115797	-0.003168394	0.0023057736	-0.0153208902	0.0091208194	-0.0574688272	0.0823210941	-0.0849128923	0.1161604613	-0.0054459672	0.0146786582	-0.0887663535	0.0682325718	0.0754654272	0.021059167	-0.0418580397	0.0839681008	-0.0272059144	0.0158157849	-0.0910956866	-0.1031898527	-0.0095097297	0.0094393764	-0.0414500612	0.0109917866	-0.060914399	0.0708764251	-0.0688395841	0.0754455859	0.0014880608	0.0647742001	-0.0344848754	-0.1212617567	0.0106587067	-0.017040852	0.0945218533	0.1695536537	-0.0052985529	-0.0290726018	-0.083480857	-0.0170771645	0.0090860016	-0.0999395586	-0.1311352438	0.1249265211	-0.0675433056	-0.0788774022	0.0975340067	0.0465222394	-0.0076028717	0.0740290567	-0.0525395258	0.1050254535	0.0649147361	0.0476992722	-0.0322821596	0.0503408978	-0.1019117247	0.0555048783	0.0558422292	-0.0961927489	0.0664548498	0.0147927906	0.0791475053	-0.0887654108	-0.0194923906	0.0612788302	0.0547490544	-0.0730071664	0.0961049406	-0.0171814612	0.0397522827	-0.0260929335	0.0594327834	0.0982485824	-0.0023650584	0.0335417659	0.0496662367	0.0633410501	-0.0193961931	-0.0588758054	0.084628365	0.0106303331	0.0043476617	0.0354163029	0.0643074743	-0.0348258045	-0.0189412038	0.1151875383	0.0487767493	-0.0704938359	0.0022717817	0.0174982689	-0.0164373541	0.008497362	-0.0202871124	0.0689723717	0.0218917248	0.0161692976	-0.0343568775	0.0086326214	0.0685628677	-0.0499759361	0.0133956089	0.0123140258	0.0500111374	-0.0439805749	-0.0519135705	-0.0892007471	0.1310138008	0.0807645056	0.0631866806	-0.0310240641	0.0479714855	0.0671073888	-0.1299183756	0.0242920426	-0.0457389603	0.0700736846	0.0148994321	0.1166811797	0.0537549364	-0.0266600236	-0.0572103108	-0.0433635773	0.0900134501	-0.011526256	-0.0852858089	0.1236871122	0.0360838934	0.0133521202	0.097778293	-0.0319283314	0.0922098988	0.0218323592	0.1849178681	0.036446869	0.0075819207	0.0132495883	-0.0378304211	0.0487986471	0.0016571449	-0.1232780198	-0.0645984478	-0.0602187646	0.0222096458	-0.0250928767	-0.0358496171	-0.0084107515	0.0268781568	-0.0076443771	-0.0240486532	0.020217953	-0.0364191923	-0.0050559088	0.0937325379	-0.0041317083	0.0255974927	-0.008773407	-0.042702612	0.0072407586	-0.030799251	-0.0673835558	0.0012202052	0.0293831473	-0.0896555171	0.0325376024	0.0415283159	-0.0909074754	0.0892034024	-0.0863869029	0.0824931004	-0.0775705533	0.071680649	0.0	-0.0740593297069551	0.0087628444695155	7.678744319692012e-05	0.0054847843166434	0.1057681312549618	-0.0608865313420495	0.0037071696988663	0.0111868975891668	-0.6206039203894775	0.0011265356488294	0.3851492260027889	1.2690825680836444e-06	0.0162075234397145	-0.0001561494246186	0.0002626838160488	2.4382642808720452e-08	-0.0012931789860546	-0.0004550152414189	2.070388699234999e-07	1.6723118899732037e-06	-0.0002580355066009	-0.0001833893605955	6.65823226667831e-08	3.363165757966264e-08
374.33561340363104	0.1249864776806362	140127.1514622727	0.0156216196030121	368.8551816623229	-0.05554175803735	0.0030848868858795	136054.14503914522	254.2283231483018	0.0345393842901842	64632.04029079736	0.001192969067145	266.70445437362	416.2173849776819	0.8811069999999999	24.49966	0.0975026730811306	0.0509136079280779	0.0482702817	-0.025907576	0.0129693402	-0.0530531688	0.0337179544	0.0237479044	0.0154738698	0.051612728	0.0059541341	0.0399056555	-0.007882537	-0.0254170624	-0.002487572	0.021001594	-0.0268497633	-0.009381208	0.0312785754	-0.0006132317	0.0700290909	0.0836186927	0.0682488286	-0.0784839051	0.036895187	0.0204168005	0.0242851951	-0.0276436354	0.0624754897	0.0143481473	-0.0297756879	-0.046137352	0.0221674114	0.0248664128	0.0388877284	0.0766724776	-0.0483616061	-0.0529213251	0.0564470009	0.1353165225	0.0184722373	-0.0537080113	0.0486892324	-0.0301654561	-0.0664872595	-0.0387210421	0.1083671988	-0.0032152189	-0.0373733693	0.0243090469	-0.0291945741	-0.0075411093	-0.0237684672	-0.0119791284	-0.0817120785	-0.0313839931	-0.0239846023	-0.0557284682	-0.1204346701	-0.0258236468	0.0069790734	0.0460973805	-0.0676211101	-0.084351296	-0.0536595909	0.0031749127	0.0492926859	-0.0265136579	-0.0803561806	-0.0961641228	0.0766111074	0.0291566178	0.016236013	0.1255895804	0.0258817862	0.0296101458	0.1027100385	0.0437207923	-0.0898179283	-0.0563721311	-0.0579207518	-0.0802799046	0.0738547864	0.0091608979	-0.0954450101	-0.0037467592	0.0935660436	-0.0035976515	-0.0985842753	0.0199778796	-0.006172148	0.0093312266	-0.0367995754	0.0143223732	-0.0169359605	-0.0054866807	-0.0861114289	0.1140278767	0.1747663471	0.0665733254	0.0107495404	0.0261893882	-0.0241971701	0.0710958462	0.0295802918	0.0105291098	0.0304744151	-0.0698559202	-0.0493496944	0.1053038844	-0.0286070849	0.0024561125	-0.015804187	0.0740100725	-0.0271167218	-0.0585419578	0.0384751966	0.0171951594	-0.0242720456	0.0038481359	-0.01411938	0.0190802868	-0.0135135736	-0.0501974561	-0.04297684	0.0566516802	-0.0047003036	0.0783929101	0.0374215412	-0.0990938174	0.1061229448	-0.0432842374	-0.1163905903	-0.0413018036	-0.057122315	0.0715011127	-0.0397811853	-0.0097128216	0.0008561707	0.0473877676	-0.0954143691	-0.0453680718	0.0811549141	-0.0622678963	0.0150372735	0.0113729295	0.0053214629	0.0858475438	-0.0914462414	0.0405463555	-0.081051164	-0.1218340304	0.0482586758	-0.0562532555	-0.0565310599	0.0134737304	0.0158579774	0.0368090202	0.0286011165	-0.0333957397	0.0168123228	-0.0628869603	0.0310522561	-0.0360080671	-0.0191487505	0.0326816794	-0.000368779	-0.0200774543	-0.0829648116	0.058917082	-0.0569272247	0.0583158378	0.041250855	0.0192885395	-0.08795764	0.0574739678	-0.0741200931	0.0248783157	-0.054612822	-0.0108000666	0.0399606542	0.0567488023	-0.0129683411	0.0195778694	-0.0131442529	0.0226953851	0.0633481473	0.0717021223	0.0134266779	-0.0419580608	0.0222704366	0.0136878219	0.0007967695	0.0088003648	-0.1465189353	-0.0875338495	-0.0052571737	-0.0147608793	-0.008677837	-0.0212447817	-0.091033689	0.0897054572	-0.0875060741	0.0844568986	-0.0805875418	0.07593558	0.0	-0.0808687161984238	-0.0068093864914687	4.636774439019641e-05	0.0065397492595812	0.144508061622048	0.0387399303670861	0.0015007822048466	0.0208825798737616	-0.6019650483787018	0.0186388720107757	0.3623619194695728	0.000347407549834	0.0160755862857104	-0.000131937154004	0.0002584244744293	1.740741260670154e-08	-0.0008320378032893	0.0004611411827653	2.1265119044217986e-07	6.922869061024839e-07	-0.0001848241591343	7.321134746660001e-05	3.4159969799701053e-08	5.359901397875241e-09
373.8176311918242	-0.5179822118068387	139739.6213898667	0.2683055717483046	369.4968304451164	0.6416487827935384	0.4117131604604294	136527.9077089871	254.44021703783145	0.211893889529648	64739.82404625877	0.0448990204200026	267.3902960291254	412.9917776690228	0.8224059999999999	22.867466	0.0858479649701244	0.0400398686984761	0.0579658189	-0.0288692828	0.0477740149	-0.0054244048	0.0128301685	0.0286309726	0.0703199801	0.0164739636	-0.0374800048	0.0390945005	-0.0293188632	0.0388987844	0.0326240068	0.0266913641	0.0249623975	0.0095077266	0.0913404933	-0.0225772138	0.0014378263	0.032420303	0.0328426426	-0.0933346608	0.0774378176	-0.0322021627	-0.0076540581	-0.0097296558	-0.0057330454	-0.0473044082	-0.0528005452	-0.0409130742	0.0205557754	0.048702249	0.0206528973	-0.0374321183	-0.0998325655	0.0155824692	0.0565587954	0.0585963995	-0.0188099595	-0.0206562921	0.0617487188	-0.0153208251	-0.0547885354	0.0038133991	-0.0177133017	0.0575494578	-0.0312029649	-0.0274454175	0.0116121261	-0.028627208	0.0073519833	-0.0255366637	0.0648019997	-0.0192713539	-0.0779969412	-0.0290167803	-0.0121789399	0.055245249	0.0485599646	-0.0747778127	-0.0488300564	-0.0178612357	-0.0583013601	0.0626499453	0.1088329143	-0.0719012526	-0.0020756503	0.0133472101	-0.0509876724	-0.048736096	-0.0087113588	-0.0380270152	0.0123650883	-0.0088149201	-0.1024800824	0.0267711043	0.0201109729	0.0481794259	-0.04784645	-0.0885625668	0.0523219531	0.0190406276	-0.0046541405	-0.0116296982	0.0523343325	-0.000139315	-0.0103785727	-0.0089804507	0.0526969866	0.0296700175	0.0250532767	-0.0087084774	0.1054409514	-0.1072954946	0.1099765058	-0.0242713317	-0.0739497288	0.0338934175	0.0123390161	0.0847880822	0.0769159632	0.0577663363	0.0542200408	-0.0058390154	0.0198192522	-0.0638127907	-0.0069487733	0.091065874	-0.0187091793	-0.0332933609	-0.040120204	0.0426032238	0.0186449857	-0.0692235429	0.0342641685	-0.0134872991	-0.0337054335	-0.0158376402	0.0197862698	0.0125103406	-0.0321251795	-0.00118443	-0.0337960052	-0.0199325785	0.047885373	0.0134806747	0.0620900289	-0.0036137093	0.05098162	-0.0499559157	-0.0261554309	-0.0886555749	-0.0037395842	0.0614661203	-0.1011666524	-0.0441249521	0.0059365351	-0.0656893063	-0.0092750543	0.0247862561	0.0614508753	-0.0292226614	-0.0460650143	0.0374647853	-0.096566723	0.1008426113	-0.0570382429	0.0520133621	-0.0258279769	-0.0044008092	-0.0077216618	-0.0104408266	0.0010129383	-0.0049340773	-0.0202145427	-0.0174991835	-0.0258179022	-0.0363373655	0.0232190178	0.0315120414	-0.0517927631	0.0638162304	-0.0042771535	0.0310210473	0.0272638955	-0.0305476181	0.0959030348	0.0291821328	0.0047438248	0.0735161964	-0.028077597	0.0037338066	-0.0442641053	0.0781261332	-0.0637210416	0.025949801	-0.0375446664	-0.0320362295	-0.0094592261	0.0048033827	-0.0193218985	0.030438942	0.0387628518	0.0479433409	0.0251506487	0.1105326199	-0.0144033072	0.0188939265	-0.0012177566	-0.0062619163	-0.0013801922	-0.0433126406	-0.0927809173	0.0101138845	0.043932651	0.006004843	-0.0201221411	0.007392469	-0.0911441736	0.0901455167	-0.088489186	0.0861872655	-0.0832565493	0.0797184191	0.0	-0.0638967864150998	0.016971929783324	0.00028804640057	0.0040827993141768	0.1175479602180615	-0.0269601014039864	0.0007268470677132	0.0138175229514269	-0.6158589309393108	-0.0138938825606089	0.3792822228177107	0.0001930399726079	0.0160679399103424	-7.646375368000613e-06	0.0002581786929623	5.846705626836651e-11	-0.0010616500207654	-0.000229612217476	5.272177041429184e-08	1.1271007665911742e-06	-0.0005080065907343	-0.0003231824315999	2.5807069622948655e-07	1.0444688409488869e-07
373.3252327498727	-0.4923984419514795	139371.72940774664	0.2424562256362445	367.7371832611006	-1.7596471840158188	3.096358212214801	135230.63595280828	254.46963688164703	0.0294198438155888	64754.796094677295	0.0008655272101336	267.1170326519303	411.0244392621659	0.7524619999999999	20.922628	0.0328810606789713	0.0182968162305223	0.0556234805	-0.0387223986	0.0539036041	0.0123799121	0.001380665	0.0320461005	0.0181967753	0.0516592367	0.0218373829	0.080552343	-0.0721959167	0.0421918827	0.0409255318	0.0121728233	-0.0202393425	0.0198719901	0.0512878544	-0.0536797672	0.0311001559	0.0724130337	0.0109472174	-0.0938977441	0.0274239755	0.0212098736	0.0218389056	-0.0237509454	0.0274292392	0.0193467413	-0.0337206676	0.143789019	0.0837471552	0.0706408098	0.0554464638	0.0345763675	-0.0713248663	0.0799123992	0.0232336061	-0.039964952	0.0583613209	-0.0623223921	0.029374531	-0.0376856909	-0.0790173751	0.0454827995	0.1158704633	-0.0259358709	0.0372156002	0.0032232445	-0.0730843258	0.0210785441	0.051123727	0.0964379099	0.0905306169	-0.0964117848	-0.0341044957	-0.0117252576	-0.0073114417	-0.0238619535	0.0589956813	0.0106461105	-0.0230227507	0.0736707282	0.0293158208	-0.0605262914	-0.0385882268	0.0462783838	-0.025792072	0.0008150927	-0.0384772035	-0.0647420702	0.0395737292	0.0534072198	0.0289322151	0.0784886158	0.0041190421	0.0069481577	-0.0519217939	0.0198637646	0.0092847677	-0.0502846299	-0.1190221573	0.0381745575	-0.1349047547	-0.0740047622	0.0769318388	0.0445886707	0.0903784495	-0.0638707737	-0.0732803852	0.0585946673	-0.0950000592	-0.0470849675	-0.058036662	0.0637324247	-0.0387601023	-0.0719320903	-0.0303740013	-0.0469043879	0.0657064224	0.0014233773	0.0265455091	0.071785455	0.0225986354	0.0201228338	0.0213609863	-0.064639971	0.0106999459	0.0951055197	-0.0725552823	-0.0007071322	-0.0072767984	-0.016176336	-0.0133925596	0.0148497373	-0.0450471487	-0.0387932464	0.0254425821	-0.0976585031	0.0394140622	-0.0791667576	-0.1327053828	-0.1096982008	-0.0622048145	-0.0271246821	0.0296780569	0.0525122028	-0.010444505	-0.0401058206	0.0633708905	-0.0051223813	-0.0142670902	-0.0616314025	0.0451879715	-0.0979852629	-0.0421792959	0.0093980926	0.056516278	0.0130630333	-0.0180363359	-0.0569810253	-0.0715300519	0.0808603663	-0.1222643991	0.0041958076	0.0171604503	-0.0076726538	0.0940460994	0.0374872242	0.1077513206	-0.1030690133	0.0638639962	0.067421097	-0.0465246473	0.0220033131	0.035441299	-0.1024598169	0.0172055151	0.0557916085	0.0339107539	0.0189788383	0.1126139021	-0.0324932141	0.0429703096	-0.0283819945	-0.033496732	-0.017339637	0.0110984926	0.061404032	-0.0064963271	0.1298961607	-0.0355950103	0.0179398104	0.0787072361	-0.1804217737	-0.0726951975	0.0194775562	-0.0452420628	-0.0070901726	-0.0266037893	0.0367146811	-0.0387915823	0.0534953815	0.0216918609	0.0464947621	0.0144088414	0.1268826045	-0.0100818914	0.0253263444	0.0250826661	-0.0107717563	-0.0032686954	-0.0555177577	-0.0999201002	-0.0162865543	0.0536628898	-0.0074681425	0.0060687527	-0.0607330316	-0.0912389102	0.090523277	-0.0893347099	0.0876794186	-0.0855660509	0.0830056482	0.0	-0.0640849302799893	-0.0001881438648894	3.539811389555658e-08	0.004106878288991	0.1187819092067741	0.0012339489887125	1.5226301067448397e-06	0.0141091419548063	-0.6082749583069216	0.0075839726323891	0.3699984249032871	5.751664088882824e-05	0.0163869878338513	0.0003190479235089	0.0002685333702667	1.0179157749534135e-07	-0.0009400261319889	0.0001216238887764	1.4792370321118429e-08	8.836491288220129e-07	-0.0005448346823085	-3.682809157419997e-05	2.968448310462041e-07	1.356308328997659e-09
373.21695688421454	-0.1082758656581859	139290.89690591366	0.0117236630840295	368.8623983085613	1.1252150474606992	1.2661089030319836	136059.46888594373	254.00278613192967	-0.4668507497173664	64517.415362782805	0.217949622511667	266.8918959856598	409.2296808939776	0.7566279999999999	21.038465	0.0622303021902546	0.0281050768592093	0.0534405552	-0.0512224211	0.0682857839	0.034096666	0.0009677319	0.0166579306	0.0228471588	0.0427078954	-0.0035701215	0.0622131058	-0.0780533977	0.0473618642	0.015424478	-0.0029922238	0.0071209448	-0.0089655409	0.0741697264	0.0323244039	-0.0219772307	0.0286675516	0.0711466663	-0.0561806836	0.0034831974	0.0701001683	-0.0432207206	-0.0403895255	0.019053693	-0.023470125	-0.16322222	0.0038922162	0.0804439743	0.0219937168	0.0658696896	0.0443484693	0.0386961905	-0.0317136658	-0.0445743658	-0.0090331156	0.0266529333	0.0051248464	-0.0365802493	0.001914338	0.0093756197	-0.0515505113	0.0098844501	-0.052115505	-0.0081351151	-0.0860574695	-0.0444808673	0.0865950487	-0.0827046555	0.0201357996	-0.0474193196	0.0979999946	0.0272528204	-0.0237500822	0.0277288774	-0.0287873634	0.0340660884	0.0643186324	0.0067228357	0.0465358445	0.0032564073	0.0558747645	-0.0885408382	-0.0675912348	0.0418827026	0.0471959595	0.0438749191	0.0251979825	0.0448512427	0.0648041929	-0.0955381967	-0.0056401796	0.0229864104	0.0097889906	-0.101381883	-0.0077876867	-0.0600808034	0.0526920767	0.1181940835	0.0007813623	-0.0545018839	-0.0585735466	-0.0216905724	0.0764846043	0.0492877291	0.0042007639	0.039844371	-0.0464143788	-0.0480786491	-0.0229694337	0.123334385	-0.0364459656	0.1090819377	0.0246180696	-0.0154026016	0.00435616	0.0205639165	0.0724351789	0.028491009	0.0626089941	0.0326502861	0.0102157187	0.0204294538	-0.072740294	0.0219729339	0.0493779957	-0.0275978942	-0.0772574152	0.0151088296	-0.0004030934	-0.0369366891	0.0024605972	-0.0156068292	0.0260723453	0.0512361289	-0.0343718969	0.0898555321	-0.0065827949	-0.0655734899	0.0317410653	0.0482995166	-0.025072477	-0.0384229675	-0.0870921471	0.0515563999	-0.0316639665	0.05722316	0.0708934701	-0.0188475411	-0.0116278449	-0.0278448491	0.0757002937	0.0992745448	0.013781258	0.0147348464	0.0606100561	0.0039755099	0.0323543307	-0.007720214	0.0894352458	-0.0467163658	0.0275862991	0.0010968622	0.0785350338	0.065246659	-0.0455434684	-0.1644732264	0.014242198	0.0759329646	0.0359719568	0.0929932968	0.1296869489	0.0517029247	0.0208588077	0.033962636	-0.0038874013	0.0173283814	-0.1163275415	0.0346348946	0.0130110733	0.0335909013	0.0465290431	0.0265467027	0.0615555799	-0.0578134105	0.0035096295	-0.033551412	-0.0173281897	-0.0506763138	-0.0337401543	0.1164293418	0.0108305663	-0.0783272301	0.0144131593	-0.0530334912	-0.0229926664	0.0446545795	0.0137620361	-0.0022945866	0.0302321628	0.0228926612	0.107409039	0.0415889069	0.0977655574	0.0269809372	0.0034100382	0.0271850445	0.0251389201	0.00319945	-0.0525759396	-0.0738431283	-0.0049477334	0.0449589958	0.0849641543	-0.0219227572	-0.0315704921	-0.0913178824	0.0908384769	-0.0900413312	0.0889292336	-0.0875060741	0.0857768306	0.0	-0.0762643344616407	-0.0121794041816514	0.00014833788622	0.0058162487108769	0.1327733207520083	0.0139914115452341	0.0001957595970281	0.0176287547035156	-0.6096838108656257	-0.0014088525587041	0.3717143492316321	1.984865532167243e-06	0.0162566288166949	-0.0001303590171563	0.0002642779804837	1.699347335398203e-08	-0.000636364057299	0.0003036620746899	9.22106556049744e-08	4.04959213422045e-07	-0.0002858430960615	0.000258991586247	8.170627556602391e-08	6.707664174673724e-08
373.130937474836	-0.0860194093785367	139226.69650084997	0.0073993387898322	367.700847908664	-1.161550399897294	1.3491993315015636	135203.91355275043	253.97506191710795	-0.0277242148217169	64503.33207579882	0.0007686320874807	266.725341841382	409.3981882989711	0.772323	21.474886	0.1141598604395908	0.0619290892815657	0.0409614922	-0.0350090301	0.0816292156	0.0307629501	-0.0118728194	0.0663494848	-0.0215836795	0.0632607709	0.0308796771	0.0428863721	-0.055336308	0.0525361966	0.0258884245	-0.0105942781	-0.0625206281	-0.0432864671	0.1277042696	-0.0058930551	0.0099308267	0.0616155897	0.036111543	-0.0340052949	0.0309909149	0.0882992086	-0.0488400461	0.0241041293	0.087227129	0.0659087142	-0.052715736	-0.0249948217	0.0628581393	0.0096220245	-0.0315830607	0.057956142	-0.0874465078	0.0059515764	0.0305081022	0.044785762	-0.080610927	-0.1348108849	-0.0152508188	0.0155138158	-0.0140402167	-0.0231285938	0.0165525605	-0.053304419	-0.0166206246	-0.0320966218	0.0286666611	-0.0042807749	0.0262532517	-0.0408775895	-0.0416836061	-0.0236077874	-0.0095396236	0.0903454069	0.0703455162	0.0503754537	-0.0415589188	-0.0045726154	-0.0012924884	-0.0019133793	-0.0575439052	-0.0570076257	0.0280990753	0.0594779739	0.0984816559	-0.0908678901	0.0054349538	-0.0080014954	0.0567870217	0.0065653435	0.0021915135	-0.1106907362	0.0220157131	-0.0028943222	0.0946129642	-0.08720387	-0.0579339908	-0.00119492	0.0536945295	0.0032767885	0.0569641913	0.025321399	-0.0389262575	0.0643446427	0.0222880915	0.0006446524	0.0197249158	-0.0093870368	0.1085604618	0.0294645704	-0.0736608766	0.0470851463	0.0842123469	0.0264306908	-0.0103739125	0.0640823045	-0.0242076974	0.0863667771	-0.0138219171	0.0686208597	0.0232126263	-0.0386534566	0.0702042696	-0.0765853303	-0.0009903528	0.0345546801	-0.0992154645	-0.0698614692	-0.0031606477	0.0704951458	-0.0391259159	0.0408649087	0.0821722829	0.013632347	0.02536404	-0.0292775655	0.0444617354	-0.0209713251	-0.0281733293	-0.0204880103	0.0931054448	-0.0030505136	-0.0027821563	-0.0294200466	-0.0020445649	-0.0832358915	-0.0328965481	-0.0649754468	-0.0016673415	0.0203781473	0.0056691561	-0.0088001919	0.0032167884	-0.1021622271	0.0964494318	0.0409219211	0.0319189113	-0.0359084952	0.0505740152	0.0629197002	-0.0162284988	0.0014401905	-0.0444512035	0.0103560644	0.000338651	-0.0300388541	0.0488164772	0.0219230036	-0.0499884109	0.0768614739	-0.0036147827	-0.0304688894	-0.0185208715	-0.0119166027	0.0251546675	-0.001410574	-0.0421991219	-0.0597526087	-0.0100171744	0.0023417791	0.0841777614	0.0352763761	-0.0510173592	0.1036576455	0.0209182882	-0.0120480891	0.0378583853	0.0813826064	-0.0236684319	-0.0248767418	-0.0308803059	0.0614204145	-0.0528057004	0.0168199162	-0.0729967665	-0.0271379212	0.0494797146	0.0619514029	-0.0265109373	0.0737828724	0.0166609353	0.1497598138	0.0532665633	0.0772822771	-0.0164232514	0.0004842675	-0.0189227607	0.0225315349	0.0265196981	-0.0401460158	-0.0629587386	-0.0750394061	0.0987081898	0.0539400851	0.0051256255	-0.0507888224	-0.0913810765	0.0910908987	-0.0906079513	0.0899332563	-0.0890682417	0.088014738	0.0	-0.0847346206886072	-0.0084702862269664	7.17457487667383e-05	0.0071799559432421	0.1117197316397522	-0.021053589112256	0.0004432536145077	0.0124812984376582	-0.5716835494110626	0.0380002614545631	0.3268220806672308	0.0014440198706151	0.0154635093997546	-0.0007931194169403	0.0002391201229562	6.290384095277243e-07	-0.0005849263871553	5.143767014369996e-05	2.6458339098120823e-09	3.42138878390552e-07	-0.0003740004818936	-8.81573858321e-05	1.39876360456645e-07	7.771724676749745e-09
373.5922035592229	0.4612660843869207	139571.13456023586	0.2127664006056419	369.19460193214513	1.4937540234811308	2.231301082666066	136304.6540958351	253.9494251180286	-0.0256367990793364	64490.31051777722	0.0006572454670342	266.9954814452919	409.5785276272431	0.792973	22.049059	0.0669156637006066	0.0343542656160033	0.0275350737	-0.0386557104	0.0794224249	0.0500294865	0.0097487732	0.0551164516	-0.0104778151	0.0546096348	-0.0303153033	0.0498698492	0.0105692187	0.0491938089	-0.0734432114	-0.0125393078	-0.0665091577	0.0094747411	0.0111423567	0.0586838654	-0.0433806353	-0.0206076841	0.0541559902	-0.0205641896	0.0381711704	0.0410409218	-0.1107194272	-0.0109762304	0.0245936385	0.002869762	-0.0902261015	-0.0284136789	-0.0416147263	-0.0115415207	0.0131413921	0.0651306161	-0.0007465224	0.0349360384	0.0253299638	0.0164284269	-0.0256233515	-0.0663123514	0.0220068258	-0.051090395	0.0643489548	0.0200990252	0.0217096936	-0.0173603203	0.0016221307	0.0049409025	-0.0238775807	-0.0056344124	0.0548765398	0.0502454842	0.0644780162	-0.0468028224	-0.0039488078	0.0374804249	-0.0737091738	-0.0303548435	0.0555095906	0.0301789552	-0.0013733954	-0.0716018889	-0.052096995	-0.0766476164	-0.1012092992	0.0345914321	0.0597538853	-0.0159523274	-0.0317283848	-0.0137424033	-0.0984848572	-0.0477752514	-0.03771722	0.0569710769	0.0596153695	0.0100034637	0.0199352435	0.0915089057	-0.013942503	0.0260244272	0.0863449792	-0.0458856754	0.0653832144	0.0137856296	-0.1073285232	-0.0487681731	-0.0493617215	0.0569943389	-0.0076812999	0.0178696269	-0.0435706405	-0.0336600631	-0.0411245424	-0.0867260574	0.0279534327	0.0404174924	0.1108553139	0.0404191879	0.0537448853	-0.1106490585	0.0139119707	0.0456497649	0.0683184432	-0.038070351	0.0698194077	0.0535550371	0.057662366	-0.0258421318	-0.0648358569	-0.0681249231	-0.0017563945	0.0883237801	-0.0553022895	0.0245976902	-0.0278183692	0.1006396979	0.0188813127	0.0354390764	-0.0145693919	0.0257724666	-0.0275725751	-0.0611495358	0.0328209028	0.0236113794	-0.0240167179	-0.0872612923	0.0570062675	-0.0220789375	-0.0220043611	-0.0175843799	-0.0317045258	0.0034214144	0.0682893903	-0.0616924713	-0.0913037223	0.0127004947	0.0784700236	0.0122302931	0.043887065	-0.0356082055	0.0519823996	0.0032246884	0.0100512425	-0.0494038605	-0.0205940264	0.0611173753	0.0494370404	-0.0949362579	-0.0258413614	-0.0491214919	-0.0189332902	-0.077960929	-0.0673115301	-0.0401742137	0.0577979881	0.0270327699	0.0505358277	0.0008953197	0.0051895535	-0.0157017411	-0.016002354	0.019724891	0.0793269358	0.0236680632	-0.0429293475	0.0036283194	-0.0208328327	0.0612007669	-0.0133942634	-0.0897292453	0.0299773009	-0.0514330142	-0.0562286183	-0.0550403907	-0.0639527501	-0.008854984	-0.0642175284	-0.0311585148	0.0984181781	-0.0207153788	0.0508362159	0.0474584934	0.0172328658	0.1990404112	0.0484647468	0.0057382707	-0.0041534818	-0.0031881429	-0.0032433459	0.0615675212	0.0600829389	-0.0377001844	0.039391671	-0.0902534465	0.0276310078	0.1172965306	0.0076595935	0.0046070296	-0.0914284817	0.0912803678	-0.091033689	0.0906887116	-0.0902458083	0.0897054572	0.0	-0.0906893885935176	-0.0059547679049104	3.545926080135112e-05	0.008224565203466	0.1352885896463647	0.0235688580066125	0.0005554910677358	0.0183030024885024	-0.5853040121927364	-0.0136204627816738	0.3425807866889149	0.0001855170063869	0.0153985670105269	-6.494238922769881e-05	0.0002371158659776	4.21751391860193e-09	-0.0002155746002219	0.0003693517869334	1.3642074251089572e-07	4.6472408260832e-08	-0.0003328631579065	4.113732398709996e-05	1.1079788189148757e-07	1.6922794248196299e-09
373.8482109911786	0.256007431955652	139762.48486130478	0.0655398052165277	368.5992530764216	-0.5953488557235573	0.3544402600113491	135865.4093684959	253.97251335648463	0.0230882384560118	64502.03754060976	0.0005330667550016	266.56663196474705	411.5907555288513	0.8388529999999998	23.324772	0.0824981776886303	0.0375794524193722	0.0355683382	-0.0386359947	0.0439491933	0.021758001	0.0407730362	0.1003057286	-0.0552960254	0.0627255536	0.0093308469	0.0101160964	0.0444808374	0.0429049769	-0.0588012908	0.0266539251	-0.0929944342	-0.0013148256	0.0257697168	0.0587299603	-0.0058836251	-0.0219343869	-0.0079328881	-0.0158710658	0.0198755463	0.0684452106	-0.0078427541	0.04749348	0.0261132496	0.0615783703	-0.0492701097	-0.0040888106	0.0280926771	0.0050828723	-0.1193736064	-0.0093949392	-0.0713152559	-0.0426710557	0.0301644288	-0.0881326758	-0.0839594323	0.0043667795	0.0190273818	-0.1151455916	0.0808076049	-0.0324051875	0.0203134991	0.0931741567	0.0529300099	-0.040701847	-0.0513786883	0.0002932326	0.0325479254	-0.038556565	0.0818399494	0.0750834337	-0.040212035	0.0203693036	0.035548217	0.0314972622	0.0143983599	-0.0127684074	0.0365390281	0.0550347296	0.028302468	-0.0587546892	-0.0268276218	0.0257546732	-0.0586558488	0.0066639512	0.0027495439	0.0843505472	-0.0017248623	0.0254504734	-0.0778470938	-0.0111120641	0.0709358353	0.0881160576	0.1041505538	0.0114503137	0.0268597353	-0.0501824241	0.0087834712	-0.0799811609	0.0590058798	-0.0560369448	0.0005853931	0.0240504462	-0.0067351002	0.0647846833	-0.0157832544	-0.0059285785	-0.0320605126	-0.0128625044	0.0169977402	0.0508627295	0.0466050553	-0.0436766093	-0.0043104453	0.0054583204	0.0213400764	-0.0188496644	-0.0647497433	0.0430148243	0.0444327992	-0.0555719811	0.0204927663	0.0383363713	0.0404127673	-0.0327551808	-0.1220172799	-0.0179157145	-0.0162907065	0.0852931205	-0.0452871833	0.0216476493	-0.01326193	0.0997522199	-0.073548889	0.0341827298	0.0391547146	0.0971014683	-0.0011261148	0.0855367841	-0.0164637444	-0.1037915121	0.0079337764	-0.0005847677	-0.0461806549	-0.0005349786	0.0367227021	-0.001721871	0.0498884188	-0.0880934085	0.0194115538	-0.0276733677	0.003249673	-0.0985204304	0.0631440099	-0.0411725369	-0.0095676692	-0.0296910135	-0.0409718809	0.035322478	0.0937301088	0.0095127108	-0.0174390586	-0.0913121085	0.1024527819	0.0675385407	-0.0050378829	-0.0667686049	-0.0420782512	-0.0313034361	-0.0173107005	-0.0650505568	-0.0152336625	-0.0460166723	-0.0430656205	0.0687044944	-0.0042378748	0.0059931597	-0.0301954633	0.0333106465	-0.0214919892	-0.0292759522	-0.0079905584	0.0816943826	0.0134427645	-0.0065941127	-0.0801796304	-0.0020130453	0.0131084728	-0.053301506	0.0065025317	0.0412166497	-0.0671433182	0.0098088887	-0.051010553	-0.0053957942	0.0962144022	0.0083673888	-0.0056323747	0.1131591026	-0.0304428744	0.1443641053	0.0157391168	-0.0389190731	-0.03253245	0.0045808029	0.0046307098	0.0506255584	0.0442335456	-0.0122050756	0.0361518046	-0.105143779	0.0127041151	-0.0046541044	0.0886842269	-0.0024013991	-0.0914600897	0.0914067533	-0.0913178824	0.0911935115	-0.091033689	0.0908384769	0.0	-0.085483721971471	0.0052056666220466	2.7098964979890127e-05	0.0073074667220957	0.1229672295394408	-0.0123213601069239	0.0001518159148844	0.0151209395406055	-0.5711684963003165	0.0141355158924199	0.3262334511659647	0.0001998128095448	0.0159465672127941	0.0005480002022671	0.0002542930058721	3.003042216848915e-07	-0.0005031299809545	-0.0002875553807325	8.268809698827051e-08	2.531397777352755e-07	-0.0005140202762515	-0.0001811571183449	2.642168443976684e-07	3.281790152706432e-08
373.9747239505641	0.1265129593855363	139857.09415390063	0.0160055288924863	370.3524861835763	1.7532331071546992	3.073826328023321	137160.96402235606	254.3309390564596	0.3584256999749868	64684.226561340576	0.1284689824025593	267.19767314612886	411.0220732006548	0.912388	25.369473	0.1745184317965651	0.0861300033244179	0.0305936839	-0.051630193	0.023351773	0.0428171984	0.0554156441	-0.0219186399	0.021106076	0.0090077542	-0.0838706195	0.049848494	0.0063746572	0.0161791121	-0.078381868	0.0010174206	-0.0458879453	0.0471299147	0.0622841162	0.0241892811	-0.0036198771	0.0122781808	0.0512712287	-0.0375448821	0.0393269049	0.0387280031	-0.0799664193	-0.0112638679	0.0817349491	0.0220895103	0.0024076012	-0.0019312033	-0.0089883474	-0.0005944145	-0.0511655192	-0.0223729849	-0.0386740796	0.0235111368	0.0148806422	-0.0575098035	0.0365364704	0.0078695672	0.0577402275	-0.0231083411	0.0294855175	0.0277372599	0.0127014756	-0.0161267288	0.0281355133	0.0693312022	0.0332327583	0.0401553436	0.0288647766	0.0459772707	0.0564533421	0.0699361866	-0.0748863999	-0.0469159597	0.0813836314	-0.0542764371	-0.1169937665	-0.0029419408	-0.0351168448	0.0188854384	0.0012457373	-0.0867684799	0.010488784	0.0040925555	-0.0623568647	-0.0634458047	-0.0537628653	0.0877426103	-0.1177513763	-0.0808330195	-0.0238724598	0.0185204875	-0.0353779299	0.0555835293	-0.0028947793	0.0220405021	0.0997452636	0.0384066798	-0.0356827986	0.0459319089	-0.0612880309	0.0833853548	-0.0876824136	-0.0074663097	0.009873212	-0.0418687001	0.0146874192	-0.053421644	0.0692088131	0.0284583701	-0.0513891559	-0.0311542304	-0.1011867092	-0.0849111818	-0.1736503376	-0.0722148075	0.0595652795	-0.0756987508	0.0366582753	0.0086557206	0.0881702641	-0.0228091961	0.0071444512	0.0693953558	0.0655586059	0.0339839961	-0.001076903	0.0236332616	0.016399837	0.0432555425	-0.0178299008	0.0873939009	0.0632822525	0.0731461104	0.000657634	-0.0512553594	0.0268149975	0.0468564752	-0.0809404966	-0.0413359529	-0.0371879832	-0.0424324589	-0.0320648532	0.0164782312	0.0305845476	0.0196419568	-0.0291444516	-0.0741320165	0.0027863285	0.0416549993	0.0123844103	-0.0529643786	-0.0255752687	-0.0317746136	0.0136751961	0.0387146882	-0.0274376075	0.019951313	-0.0017082346	-0.0447393704	0.0725806956	0.0187054873	0.0747068627	0.0555954002	0.0388393256	0.0395004128	0.0627413636	-0.0458350013	0.014637464	-0.0441735258	-0.0450470937	0.0314130428	-0.0499988695	-0.0441205525	-0.0094657208	0.0865716185	-0.0414294479	0.1054767598	-0.0873915443	0.0531430151	-0.064870575	-0.0883744465	0.0217379877	-0.0271600503	0.0784033605	0.0912010337	0.0280856366	-0.1627874965	-0.0501100019	0.0297301493	-0.005006971	0.0174205026	-0.0909769991	-0.0335141212	-0.0526929187	0.0137052857	0.0453470057	-0.0439771703	0.0423419029	0.0483956615	-0.0492761811	0.1391945541	0.0011919401	-0.0339776105	-0.0294482517	-0.0452934186	0.0715245776	0.0727371089	0.0640603299	0.001335418	0.0148591789	-0.0930414367	-0.037591383	0.0504682961	0.0847095994	0.0118590047	-0.091475895	0.0914699679	-0.0914600897	0.0914462607	-0.0914284817	0.0914067533	0.0	-0.0856449739492291	-0.000161251977758	2.6002200330898084e-08	0.0073350615627641	0.1594040825527827	0.0364368530133419	0.0013276442575158	0.0254096615344943	-0.6291089839740636	-0.057940487673747	0.3957781137168785	0.0033571001118716	0.0166637794300068	0.0007172122172127	0.0002776815448919	5.143933645191586e-07	-0.0001419483640607	0.0003611816168937	1.304521603820197e-07	2.0149338059509027e-08	7.182672276360991e-06	0.0005212029485278	5.1590781029604766e-11	2.716525135541361e-07
