
Fri Sep  4 10:53:33 CEST 2026
cd /home/ts/develop/subject1/derived/FreeSurfer/7.4.1/subjects_dir/sub-01
setenv SUBJECTS_DIR /home/ts/develop/subject1/derived/FreeSurfer/7.4.1/subjects_dir
/home/ts/software/freesurfer/freesurfer7.4.1/bin/recon-all -s sub-01 -i ./DICOM/0002_MR000004.dcm -T2 ./DICOM/0004_MR000388.dcm -T2pial -all -threads 8

subjid sub-01
setenv SUBJECTS_DIR /home/ts/develop/subject1/derived/FreeSurfer/7.4.1/subjects_dir
FREESURFER_HOME /home/ts/software/freesurfer/freesurfer7.4.1
Actual FREESURFER_HOME /home/ts/software/freesurfer/freesurfer7.4.1
build-stamp.txt: freesurfer-linux-ubuntu22_x86_64-7.4.1-20230614-7eb8460
Linux mini 7.0.0-30-generic #30~24.04.1-Ubuntu SMP PREEMPT_DYNAMIC Fri Aug  7 13:27:52 UTC 2 x86_64 x86_64 x86_64 GNU/Linux
cputime      unlimited
filesize     unlimited
datasize     unlimited
stacksize    8192 kbytes
coredumpsize 0 kbytes
memoryuse    unlimited
vmemoryuse   unlimited
descriptors  1024 
memorylocked 3821268 kbytes
maxproc      108249 
maxlocks     unlimited
maxsignal    108249 
maxmessage   819200 
maxnice      0 
maxrtprio    0 
maxrttime    unlimited

               total        used        free      shared  buff/cache   available
Mem:            29Gi       5.6Gi       466Mi       150Mi        23Gi        23Gi
Swap:          8.0Gi       888Ki       8.0Gi

########################################
program versions used
7.4.1 (freesurfer-linux-ubuntu22_x86_64-7.4.1-20230614-7eb8460)
7.4.1

ProgramName: lta_convert  ProgramArguments: lta_convert -all-info  ProgramVersion: 7.4.1  TimeStamp: 2026/09/04-08:53:33-GMT  BuildTime: Jun 14 2023 03:45:01  BuildStamp: freesurfer-linux-ubuntu22_x86_64-7.4.1-20230614-7eb8460  User: ts  Machine: mini  Platform: Linux  PlatformVersion: 7.0.0-30-generic  CompilerName: GCC  CompilerVersion: 8.4.0
ProgramName: mri_and  ProgramArguments: mri_and -all-info  ProgramVersion: 7.4.1  TimeStamp: 2026/09/04-08:53:33-GMT  BuildTime: Jun 14 2023 03:45:01  BuildStamp: freesurfer-linux-ubuntu22_x86_64-7.4.1-20230614-7eb8460  User: ts  Machine: mini  Platform: Linux  PlatformVersion: 7.0.0-30-generic  CompilerName: GCC  CompilerVersion: 8.4.0
ProgramName: mri_annotation2label  ProgramArguments: mri_annotation2label -all-info  ProgramVersion: 7.4.1  TimeStamp: 2026/09/04-08:53:33-GMT  BuildTime: Jun 14 2023 03:45:01  BuildStamp: freesurfer-linux-ubuntu22_x86_64-7.4.1-20230614-7eb8460  User: ts  Machine: mini  Platform: Linux  PlatformVersion: 7.0.0-30-generic  CompilerName: GCC  CompilerVersion: 8.4.0
ProgramName: mri_aparc2aseg  ProgramArguments: mri_aparc2aseg -all-info  ProgramVersion: 7.4.1  TimeStamp: 2026/09/04-08:53:33-GMT  BuildTime: Jun 14 2023 03:45:01  BuildStamp: freesurfer-linux-ubuntu22_x86_64-7.4.1-20230614-7eb8460  User: ts  Machine: mini  Platform: Linux  PlatformVersion: 7.0.0-30-generic  CompilerName: GCC  CompilerVersion: 8.4.0
ProgramName: mri_surf2volseg  ProgramArguments: mri_surf2volseg -all-info  ProgramVersion: 7.4.1  TimeStamp: 2026/09/04-08:53:33-GMT  BuildTime: Jun 14 2023 03:45:01  BuildStamp: freesurfer-linux-ubuntu22_x86_64-7.4.1-20230614-7eb8460  User: ts  Machine: mini  Platform: Linux  PlatformVersion: 7.0.0-30-generic  CompilerName: GCC  CompilerVersion: 8.4.0
ProgramName: mri_binarize  ProgramArguments: mri_binarize -all-info  ProgramVersion: 7.4.1  TimeStamp: 2026/09/04-08:53:33-GMT  BuildTime: Jun 14 2023 03:45:01  BuildStamp: freesurfer-linux-ubuntu22_x86_64-7.4.1-20230614-7eb8460  User: ts  Machine: mini  Platform: Linux  PlatformVersion: 7.0.0-30-generic  CompilerName: GCC  CompilerVersion: 8.4.0
ProgramName: mri_ca_label  ProgramArguments: mri_ca_label -all-info  ProgramVersion: 7.4.1  TimeStamp: 2026/09/04-08:53:33-GMT  BuildTime: Jun 14 2023 03:45:01  BuildStamp: freesurfer-linux-ubuntu22_x86_64-7.4.1-20230614-7eb8460  User: ts  Machine: mini  Platform: Linux  PlatformVersion: 7.0.0-30-generic  CompilerName: GCC  CompilerVersion: 8.4.0
ProgramName: mri_ca_normalize  ProgramArguments: mri_ca_normalize -all-info  ProgramVersion: 7.4.1  TimeStamp: 2026/09/04-08:53:33-GMT  BuildTime: Jun 14 2023 03:45:01  BuildStamp: freesurfer-linux-ubuntu22_x86_64-7.4.1-20230614-7eb8460  User: ts  Machine: mini  Platform: Linux  PlatformVersion: 7.0.0-30-generic  CompilerName: GCC  CompilerVersion: 8.4.0
ProgramName: mri_ca_register  ProgramArguments: mri_ca_register -all-info  ProgramVersion: 7.4.1  TimeStamp: 2026/09/04-08:53:33-GMT  BuildTime: Jun 14 2023 03:45:01  BuildStamp: freesurfer-linux-ubuntu22_x86_64-7.4.1-20230614-7eb8460  User: ts  Machine: mini  Platform: Linux  PlatformVersion: 7.0.0-30-generic  CompilerName: GCC  CompilerVersion: 8.4.0
ProgramName: mri_cc  ProgramArguments: mri_cc -all-info  ProgramVersion: 7.4.1  TimeStamp: 2026/09/04-08:53:33-GMT  BuildTime: Jun 14 2023 03:45:01  BuildStamp: freesurfer-linux-ubuntu22_x86_64-7.4.1-20230614-7eb8460  User: ts  Machine: mini  Platform: Linux  PlatformVersion: 7.0.0-30-generic  CompilerName: GCC  CompilerVersion: 8.4.0
ProgramName: mri_compute_overlap  ProgramArguments: mri_compute_overlap -all-info  ProgramVersion: 7.4.1  TimeStamp: 2026/09/04-08:53:33-GMT  BuildTime: Jun 14 2023 03:45:01  BuildStamp: freesurfer-linux-ubuntu22_x86_64-7.4.1-20230614-7eb8460  User: ts  Machine: mini  Platform: Linux  PlatformVersion: 7.0.0-30-generic  CompilerName: GCC  CompilerVersion: 8.4.0
ProgramName: mri_compute_seg_overlap  ProgramArguments: mri_compute_seg_overlap -all-info  ProgramVersion: 7.4.1  TimeStamp: 2026/09/04-08:53:33-GMT  BuildTime: Jun 14 2023 03:45:01  BuildStamp: freesurfer-linux-ubuntu22_x86_64-7.4.1-20230614-7eb8460  User: ts  Machine: mini  Platform: Linux  PlatformVersion: 7.0.0-30-generic  CompilerName: GCC  CompilerVersion: 8.4.0
ProgramName: mri_concat  ProgramArguments: mri_concat -all-info  ProgramVersion: 7.4.1  TimeStamp: 2026/09/04-08:53:33-GMT  BuildTime: Jun 14 2023 03:45:01  BuildStamp: freesurfer-linux-ubuntu22_x86_64-7.4.1-20230614-7eb8460  User: ts  Machine: mini  Platform: Linux  PlatformVersion: 7.0.0-30-generic  CompilerName: GCC  CompilerVersion: 8.4.0
ProgramName: mri_concatenate_lta  ProgramArguments: mri_concatenate_lta -all-info  ProgramVersion: 7.4.1  TimeStamp: 2026/09/04-08:53:33-GMT  BuildTime: Jun 14 2023 03:45:01  BuildStamp: freesurfer-linux-ubuntu22_x86_64-7.4.1-20230614-7eb8460  User: ts  Machine: mini  Platform: Linux  PlatformVersion: 7.0.0-30-generic  CompilerName: GCC  CompilerVersion: 8.4.0
mri_convert -all-info 
ProgramName: mri_convert  ProgramArguments: mri_convert -all-info  ProgramVersion: 7.4.1  TimeStamp: 2026/09/04-08:53:33-GMT  BuildTime: Jun 14 2023 03:45:01  BuildStamp: freesurfer-linux-ubuntu22_x86_64-7.4.1-20230614-7eb8460  User: ts  Machine: mini  Platform: Linux  PlatformVersion: 7.0.0-30-generic  CompilerName: GCC  CompilerVersion: 8.4.0
ProgramName: mri_diff  ProgramArguments: mri_diff -all-info  ProgramVersion: 7.4.1  TimeStamp: 2026/09/04-08:53:33-GMT  BuildTime: Jun 14 2023 03:45:01  BuildStamp: freesurfer-linux-ubuntu22_x86_64-7.4.1-20230614-7eb8460  User: ts  Machine: mini  Platform: Linux  PlatformVersion: 7.0.0-30-generic  CompilerName: GCC  CompilerVersion: 8.4.0
ProgramName: mri_edit_wm_with_aseg  ProgramArguments: mri_edit_wm_with_aseg -all-info  ProgramVersion: 7.4.1  TimeStamp: 2026/09/04-08:53:33-GMT  BuildTime: Jun 14 2023 03:45:01  BuildStamp: freesurfer-linux-ubuntu22_x86_64-7.4.1-20230614-7eb8460  User: ts  Machine: mini  Platform: Linux  PlatformVersion: 7.0.0-30-generic  CompilerName: GCC  CompilerVersion: 8.4.0
ProgramName: mri_em_register  ProgramArguments: mri_em_register -all-info  ProgramVersion: 7.4.1  TimeStamp: 2026/09/04-08:53:33-GMT  BuildTime: Jun 14 2023 03:45:01  BuildStamp: freesurfer-linux-ubuntu22_x86_64-7.4.1-20230614-7eb8460  User: ts  Machine: mini  Platform: Linux  PlatformVersion: 7.0.0-30-generic  CompilerName: GCC  CompilerVersion: 8.4.0
ProgramName: mri_fill  ProgramArguments: mri_fill -all-info  ProgramVersion: 7.4.1  TimeStamp: 2026/09/04-08:53:33-GMT  BuildTime: Jun 14 2023 03:45:01  BuildStamp: freesurfer-linux-ubuntu22_x86_64-7.4.1-20230614-7eb8460  User: ts  Machine: mini  Platform: Linux  PlatformVersion: 7.0.0-30-generic  CompilerName: GCC  CompilerVersion: 8.4.0
ProgramName: mri_fuse_segmentations  ProgramArguments: mri_fuse_segmentations -all-info  ProgramVersion: 7.4.1  TimeStamp: 2026/09/04-08:53:33-GMT  BuildTime: Jun 14 2023 03:45:01  BuildStamp: freesurfer-linux-ubuntu22_x86_64-7.4.1-20230614-7eb8460  User: ts  Machine: mini  Platform: Linux  PlatformVersion: 7.0.0-30-generic  CompilerName: GCC  CompilerVersion: 8.4.0
ProgramName: mri_fwhm  ProgramArguments: mri_fwhm -all-info  ProgramVersion: 7.4.1  TimeStamp: 2026/09/04-08:53:33-GMT  BuildTime: Jun 14 2023 03:45:01  BuildStamp: freesurfer-linux-ubuntu22_x86_64-7.4.1-20230614-7eb8460  User: ts  Machine: mini  Platform: Linux  PlatformVersion: 7.0.0-30-generic  CompilerName: GCC  CompilerVersion: 8.4.0
ProgramName: mri_gcut  ProgramArguments: mri_gcut -all-info  ProgramVersion: 7.4.1  TimeStamp: 2026/09/04-08:53:33-GMT  BuildTime: Jun 14 2023 03:45:01  BuildStamp: freesurfer-linux-ubuntu22_x86_64-7.4.1-20230614-7eb8460  User: ts  Machine: mini  Platform: Linux  PlatformVersion: 7.0.0-30-generic  CompilerName: GCC  CompilerVersion: 8.4.0
ProgramName: mri_info  ProgramArguments: mri_info -all-info  ProgramVersion: 7.4.1  TimeStamp: 2026/09/04-08:53:33-GMT  BuildTime: Jun 14 2023 03:45:01  BuildStamp: freesurfer-linux-ubuntu22_x86_64-7.4.1-20230614-7eb8460  User: ts  Machine: mini  Platform: Linux  PlatformVersion: 7.0.0-30-generic  CompilerName: GCC  CompilerVersion: 8.4.0
ProgramName: mri_label2label  ProgramArguments: mri_label2label -all-info  ProgramVersion: 7.4.1  TimeStamp: 2026/09/04-08:53:33-GMT  BuildTime: Jun 14 2023 03:45:01  BuildStamp: freesurfer-linux-ubuntu22_x86_64-7.4.1-20230614-7eb8460  User: ts  Machine: mini  Platform: Linux  PlatformVersion: 7.0.0-30-generic  CompilerName: GCC  CompilerVersion: 8.4.0
ProgramName: mri_label2vol  ProgramArguments: mri_label2vol -all-info  ProgramVersion: 7.4.1  TimeStamp: 2026/09/04-08:53:33-GMT  BuildTime: Jun 14 2023 03:45:01  BuildStamp: freesurfer-linux-ubuntu22_x86_64-7.4.1-20230614-7eb8460  User: ts  Machine: mini  Platform: Linux  PlatformVersion: 7.0.0-30-generic  CompilerName: GCC  CompilerVersion: 8.4.0
ProgramName: mri_log_likelihood  ProgramArguments: mri_log_likelihood -all-info  ProgramVersion: 7.4.1  TimeStamp: 2026/09/04-08:53:33-GMT  BuildTime: Jun 14 2023 03:45:01  BuildStamp: freesurfer-linux-ubuntu22_x86_64-7.4.1-20230614-7eb8460  User: ts  Machine: mini  Platform: Linux  PlatformVersion: 7.0.0-30-generic  CompilerName: GCC  CompilerVersion: 8.4.0
ProgramName: mri_mask  ProgramArguments: mri_mask -all-info  ProgramVersion: 7.4.1  TimeStamp: 2026/09/04-08:53:33-GMT  BuildTime: Jun 14 2023 03:45:01  BuildStamp: freesurfer-linux-ubuntu22_x86_64-7.4.1-20230614-7eb8460  User: ts  Machine: mini  Platform: Linux  PlatformVersion: 7.0.0-30-generic  CompilerName: GCC  CompilerVersion: 8.4.0
ProgramName: mri_matrix_multiply  ProgramArguments: mri_matrix_multiply -all-info  ProgramVersion: 7.4.1  TimeStamp: 2026/09/04-08:53:33-GMT  BuildTime: Jun 14 2023 03:45:01  BuildStamp: freesurfer-linux-ubuntu22_x86_64-7.4.1-20230614-7eb8460  User: ts  Machine: mini  Platform: Linux  PlatformVersion: 7.0.0-30-generic  CompilerName: GCC  CompilerVersion: 8.4.0
ProgramName: mri_normalize  ProgramArguments: mri_normalize -all-info  ProgramVersion: 7.4.1  TimeStamp: 2026/09/04-08:53:33-GMT  BuildTime: Jun 14 2023 03:45:01  BuildStamp: freesurfer-linux-ubuntu22_x86_64-7.4.1-20230614-7eb8460  User: ts  Machine: mini  Platform: Linux  PlatformVersion: 7.0.0-30-generic  CompilerName: GCC  CompilerVersion: 8.4.0
ProgramName: mri_normalize_tp2  ProgramArguments: mri_normalize_tp2 -all-info  ProgramVersion: 7.4.1  TimeStamp: 2026/09/04-08:53:33-GMT  BuildTime: Jun 14 2023 03:45:01  BuildStamp: freesurfer-linux-ubuntu22_x86_64-7.4.1-20230614-7eb8460  User: ts  Machine: mini  Platform: Linux  PlatformVersion: 7.0.0-30-generic  CompilerName: GCC  CompilerVersion: 8.4.0
ProgramName: mri_or  ProgramArguments: mri_or -all-info  ProgramVersion: 7.4.1  TimeStamp: 2026/09/04-08:53:33-GMT  BuildTime: Jun 14 2023 03:45:01  BuildStamp: freesurfer-linux-ubuntu22_x86_64-7.4.1-20230614-7eb8460  User: ts  Machine: mini  Platform: Linux  PlatformVersion: 7.0.0-30-generic  CompilerName: GCC  CompilerVersion: 8.4.0
ProgramName: mri_relabel_hypointensities  ProgramArguments: mri_relabel_hypointensities -all-info  ProgramVersion: 7.4.1  TimeStamp: 2026/09/04-08:53:33-GMT  BuildTime: Jun 14 2023 03:45:01  BuildStamp: freesurfer-linux-ubuntu22_x86_64-7.4.1-20230614-7eb8460  User: ts  Machine: mini  Platform: Linux  PlatformVersion: 7.0.0-30-generic  CompilerName: GCC  CompilerVersion: 8.4.0
ProgramName: mri_relabel_nonwm_hypos  ProgramArguments: mri_relabel_nonwm_hypos -all-info  ProgramVersion: 7.4.1  TimeStamp: 2026/09/04-08:53:33-GMT  BuildTime: Jun 14 2023 03:45:01  BuildStamp: freesurfer-linux-ubuntu22_x86_64-7.4.1-20230614-7eb8460  User: ts  Machine: mini  Platform: Linux  PlatformVersion: 7.0.0-30-generic  CompilerName: GCC  CompilerVersion: 8.4.0
ProgramName: mri_remove_neck  ProgramArguments: mri_remove_neck -all-info  ProgramVersion: 7.4.1  TimeStamp: 2026/09/04-08:53:33-GMT  BuildTime: Jun 14 2023 03:45:01  BuildStamp: freesurfer-linux-ubuntu22_x86_64-7.4.1-20230614-7eb8460  User: ts  Machine: mini  Platform: Linux  PlatformVersion: 7.0.0-30-generic  CompilerName: GCC  CompilerVersion: 8.4.0
7.4.1

ProgramName: mri_robust_register  ProgramArguments: mri_robust_register -all-info  ProgramVersion: 7.4.1  TimeStamp: 2026/09/04-08:53:33-GMT  BuildTime: Jun 14 2023 03:45:01  BuildStamp: freesurfer-linux-ubuntu22_x86_64-7.4.1-20230614-7eb8460  User: ts  Machine: mini  Platform: Linux  PlatformVersion: 7.0.0-30-generic  CompilerName: GCC  CompilerVersion: 8.4.0
7.4.1

ProgramName: mri_robust_template  ProgramArguments: mri_robust_template -all-info  ProgramVersion: 7.4.1  TimeStamp: 2026/09/04-08:53:33-GMT  BuildTime: Jun 14 2023 03:45:01  BuildStamp: freesurfer-linux-ubuntu22_x86_64-7.4.1-20230614-7eb8460  User: ts  Machine: mini  Platform: Linux  PlatformVersion: 7.0.0-30-generic  CompilerName: GCC  CompilerVersion: 8.4.0
ProgramName: mris_anatomical_stats  ProgramArguments: mris_anatomical_stats -all-info  ProgramVersion: 7.4.1  TimeStamp: 2026/09/04-08:53:33-GMT  BuildTime: Jun 14 2023 03:45:01  BuildStamp: freesurfer-linux-ubuntu22_x86_64-7.4.1-20230614-7eb8460  User: ts  Machine: mini  Platform: Linux  PlatformVersion: 7.0.0-30-generic  CompilerName: GCC  CompilerVersion: 8.4.0
ProgramName: mris_ca_label  ProgramArguments: mris_ca_label -all-info  ProgramVersion: 7.4.1  TimeStamp: 2026/09/04-08:53:33-GMT  BuildTime: Jun 14 2023 03:45:01  BuildStamp: freesurfer-linux-ubuntu22_x86_64-7.4.1-20230614-7eb8460  User: ts  Machine: mini  Platform: Linux  PlatformVersion: 7.0.0-30-generic  CompilerName: GCC  CompilerVersion: 8.4.0
ProgramName: mris_calc  ProgramArguments: mris_calc -all-info  ProgramVersion: 7.4.1  TimeStamp: 2026/09/04-08:53:33-GMT  BuildTime: Jun 14 2023 03:45:01  BuildStamp: freesurfer-linux-ubuntu22_x86_64-7.4.1-20230614-7eb8460  User: ts  Machine: mini  Platform: Linux  PlatformVersion: 7.0.0-30-generic  CompilerName: GCC  CompilerVersion: 8.4.0
ProgramName: mris_convert  ProgramArguments: mris_convert -all-info  ProgramVersion: 7.4.1  TimeStamp: 2026/09/04-08:53:33-GMT  BuildTime: Jun 14 2023 03:45:01  BuildStamp: freesurfer-linux-ubuntu22_x86_64-7.4.1-20230614-7eb8460  User: ts  Machine: mini  Platform: Linux  PlatformVersion: 7.0.0-30-generic  CompilerName: GCC  CompilerVersion: 8.4.0
ProgramName: mris_curvature  ProgramArguments: mris_curvature -all-info  ProgramVersion: 7.4.1  TimeStamp: 2026/09/04-08:53:33-GMT  BuildTime: Jun 14 2023 03:45:01  BuildStamp: freesurfer-linux-ubuntu22_x86_64-7.4.1-20230614-7eb8460  User: ts  Machine: mini  Platform: Linux  PlatformVersion: 7.0.0-30-generic  CompilerName: GCC  CompilerVersion: 8.4.0
ProgramName: mris_curvature_stats  ProgramArguments: mris_curvature_stats -all-info  ProgramVersion: 7.4.1  TimeStamp: 2026/09/04-08:53:33-GMT  BuildTime: Jun 14 2023 03:45:01  BuildStamp: freesurfer-linux-ubuntu22_x86_64-7.4.1-20230614-7eb8460  User: ts  Machine: mini  Platform: Linux  PlatformVersion: 7.0.0-30-generic  CompilerName: GCC  CompilerVersion: 8.4.0
ProgramName: mris_diff  ProgramArguments: mris_diff -all-info  ProgramVersion: 7.4.1  TimeStamp: 2026/09/04-08:53:33-GMT  BuildTime: Jun 14 2023 03:45:01  BuildStamp: freesurfer-linux-ubuntu22_x86_64-7.4.1-20230614-7eb8460  User: ts  Machine: mini  Platform: Linux  PlatformVersion: 7.0.0-30-generic  CompilerName: GCC  CompilerVersion: 8.4.0
ProgramName: mris_divide_parcellation  ProgramArguments: mris_divide_parcellation -all-info  ProgramVersion: 7.4.1  TimeStamp: 2026/09/04-08:53:33-GMT  BuildTime: Jun 14 2023 03:45:01  BuildStamp: freesurfer-linux-ubuntu22_x86_64-7.4.1-20230614-7eb8460  User: ts  Machine: mini  Platform: Linux  PlatformVersion: 7.0.0-30-generic  CompilerName: GCC  CompilerVersion: 8.4.0
ProgramName: mri_segment  ProgramArguments: mri_segment -all-info  ProgramVersion: 7.4.1  TimeStamp: 2026/09/04-08:53:33-GMT  BuildTime: Jun 14 2023 03:45:01  BuildStamp: freesurfer-linux-ubuntu22_x86_64-7.4.1-20230614-7eb8460  User: ts  Machine: mini  Platform: Linux  PlatformVersion: 7.0.0-30-generic  CompilerName: GCC  CompilerVersion: 8.4.0
ProgramName: mri_segstats  ProgramArguments: mri_segstats -all-info  ProgramVersion: 7.4.1  TimeStamp: 2026/09/04-08:53:33-GMT  BuildTime: Jun 14 2023 03:45:01  BuildStamp: freesurfer-linux-ubuntu22_x86_64-7.4.1-20230614-7eb8460  User: ts  Machine: mini  Platform: Linux  PlatformVersion: 7.0.0-30-generic  CompilerName: GCC  CompilerVersion: 8.4.0
ProgramName: mris_euler_number  ProgramArguments: mris_euler_number -all-info  ProgramVersion: 7.4.1  TimeStamp: 2026/09/04-08:53:33-GMT  BuildTime: Jun 14 2023 03:45:01  BuildStamp: freesurfer-linux-ubuntu22_x86_64-7.4.1-20230614-7eb8460  User: ts  Machine: mini  Platform: Linux  PlatformVersion: 7.0.0-30-generic  CompilerName: GCC  CompilerVersion: 8.4.0
ProgramName: mris_fix_topology  ProgramArguments: mris_fix_topology -all-info  ProgramVersion: 7.4.1  TimeStamp: 2026/09/04-08:53:33-GMT  BuildTime: Jun 14 2023 03:45:01  BuildStamp: freesurfer-linux-ubuntu22_x86_64-7.4.1-20230614-7eb8460  User: ts  Machine: mini  Platform: Linux  PlatformVersion: 7.0.0-30-generic  CompilerName: GCC  CompilerVersion: 8.4.0
ProgramName: mris_topo_fixer  ProgramArguments: mris_topo_fixer -all-info  ProgramVersion: 7.4.1  TimeStamp: 2026/09/04-08:53:33-GMT  BuildTime: Jun 14 2023 03:45:01  BuildStamp: freesurfer-linux-ubuntu22_x86_64-7.4.1-20230614-7eb8460  User: ts  Machine: mini  Platform: Linux  PlatformVersion: 7.0.0-30-generic  CompilerName: GCC  CompilerVersion: 8.4.0
ProgramName: mris_jacobian  ProgramArguments: mris_jacobian -all-info  ProgramVersion: 7.4.1  TimeStamp: 2026/09/04-08:53:33-GMT  BuildTime: Jun 14 2023 03:45:01  BuildStamp: freesurfer-linux-ubuntu22_x86_64-7.4.1-20230614-7eb8460  User: ts  Machine: mini  Platform: Linux  PlatformVersion: 7.0.0-30-generic  CompilerName: GCC  CompilerVersion: 8.4.0
ProgramName: mris_label2annot  ProgramArguments: mris_label2annot -all-info  ProgramVersion: 7.4.1  TimeStamp: 2026/09/04-08:53:33-GMT  BuildTime: Jun 14 2023 03:45:01  BuildStamp: freesurfer-linux-ubuntu22_x86_64-7.4.1-20230614-7eb8460  User: ts  Machine: mini  Platform: Linux  PlatformVersion: 7.0.0-30-generic  CompilerName: GCC  CompilerVersion: 8.4.0
ProgramName: mris_left_right_register  ProgramArguments: mris_left_right_register -all-info  ProgramVersion: 7.4.1  TimeStamp: 2026/09/04-08:53:33-GMT  BuildTime: Jun 14 2023 03:45:01  BuildStamp: freesurfer-linux-ubuntu22_x86_64-7.4.1-20230614-7eb8460  User: ts  Machine: mini  Platform: Linux  PlatformVersion: 7.0.0-30-generic  CompilerName: GCC  CompilerVersion: 8.4.0
ProgramName: mris_place_surface  ProgramArguments: mris_place_surface -all-info  ProgramVersion: 7.4.1  TimeStamp: 2026/09/04-08:53:33-GMT  BuildTime: Jun 14 2023 03:45:01  BuildStamp: freesurfer-linux-ubuntu22_x86_64-7.4.1-20230614-7eb8460  User: ts  Machine: mini  Platform: Linux  PlatformVersion: 7.0.0-30-generic  CompilerName: GCC  CompilerVersion: 8.4.0
ProgramName: mrisp_paint  ProgramArguments: mrisp_paint -all-info  ProgramVersion: 7.4.1  TimeStamp: 2026/09/04-08:53:33-GMT  BuildTime: Jun 14 2023 03:45:01  BuildStamp: freesurfer-linux-ubuntu22_x86_64-7.4.1-20230614-7eb8460  User: ts  Machine: mini  Platform: Linux  PlatformVersion: 7.0.0-30-generic  CompilerName: GCC  CompilerVersion: 8.4.0
ProgramName: mris_register  ProgramArguments: mris_register -all-info  ProgramVersion: 7.4.1  TimeStamp: 2026/09/04-08:53:33-GMT  BuildTime: Jun 14 2023 03:45:01  BuildStamp: freesurfer-linux-ubuntu22_x86_64-7.4.1-20230614-7eb8460  User: ts  Machine: mini  Platform: Linux  PlatformVersion: 7.0.0-30-generic  CompilerName: GCC  CompilerVersion: 8.4.0
ProgramName: mris_smooth  ProgramArguments: mris_smooth -all-info  ProgramVersion: 7.4.1  TimeStamp: 2026/09/04-08:53:33-GMT  BuildTime: Jun 14 2023 03:45:01  BuildStamp: freesurfer-linux-ubuntu22_x86_64-7.4.1-20230614-7eb8460  User: ts  Machine: mini  Platform: Linux  PlatformVersion: 7.0.0-30-generic  CompilerName: GCC  CompilerVersion: 8.4.0
ProgramName: mris_sphere  ProgramArguments: mris_sphere -all-info  ProgramVersion: 7.4.1  TimeStamp: 2026/09/04-08:53:33-GMT  BuildTime: Jun 14 2023 03:45:01  BuildStamp: freesurfer-linux-ubuntu22_x86_64-7.4.1-20230614-7eb8460  User: ts  Machine: mini  Platform: Linux  PlatformVersion: 7.0.0-30-generic  CompilerName: GCC  CompilerVersion: 8.4.0
ProgramName: mris_surface_stats  ProgramArguments: mris_surface_stats -all-info  ProgramVersion: 7.4.1  TimeStamp: 2026/09/04-08:53:33-GMT  BuildTime: Jun 14 2023 03:45:01  BuildStamp: freesurfer-linux-ubuntu22_x86_64-7.4.1-20230614-7eb8460  User: ts  Machine: mini  Platform: Linux  PlatformVersion: 7.0.0-30-generic  CompilerName: GCC  CompilerVersion: 8.4.0
ProgramName: mri_stats2seg  ProgramArguments: mri_stats2seg -all-info  ProgramVersion: 7.4.1  TimeStamp: 2026/09/04-08:53:33-GMT  BuildTime: Jun 14 2023 03:45:01  BuildStamp: freesurfer-linux-ubuntu22_x86_64-7.4.1-20230614-7eb8460  User: ts  Machine: mini  Platform: Linux  PlatformVersion: 7.0.0-30-generic  CompilerName: GCC  CompilerVersion: 8.4.0
ProgramName: mris_thickness  ProgramArguments: mris_thickness -all-info  ProgramVersion: 7.4.1  TimeStamp: 2026/09/04-08:53:33-GMT  BuildTime: Jun 14 2023 03:45:01  BuildStamp: freesurfer-linux-ubuntu22_x86_64-7.4.1-20230614-7eb8460  User: ts  Machine: mini  Platform: Linux  PlatformVersion: 7.0.0-30-generic  CompilerName: GCC  CompilerVersion: 8.4.0
ProgramName: mris_thickness_diff  ProgramArguments: mris_thickness_diff -all-info  ProgramVersion: 7.4.1  TimeStamp: 2026/09/04-08:53:33-GMT  BuildTime: Jun 14 2023 03:45:01  BuildStamp: freesurfer-linux-ubuntu22_x86_64-7.4.1-20230614-7eb8460  User: ts  Machine: mini  Platform: Linux  PlatformVersion: 7.0.0-30-generic  CompilerName: GCC  CompilerVersion: 8.4.0
ProgramName: mris_topo_fixer  ProgramArguments: mris_topo_fixer -all-info  ProgramVersion: 7.4.1  TimeStamp: 2026/09/04-08:53:33-GMT  BuildTime: Jun 14 2023 03:45:01  BuildStamp: freesurfer-linux-ubuntu22_x86_64-7.4.1-20230614-7eb8460  User: ts  Machine: mini  Platform: Linux  PlatformVersion: 7.0.0-30-generic  CompilerName: GCC  CompilerVersion: 8.4.0
ProgramName: mri_surf2surf  ProgramArguments: mri_surf2surf -all-info  ProgramVersion: 7.4.1  TimeStamp: 2026/09/04-08:53:33-GMT  BuildTime: Jun 14 2023 03:45:01  BuildStamp: freesurfer-linux-ubuntu22_x86_64-7.4.1-20230614-7eb8460  User: ts  Machine: mini  Platform: Linux  PlatformVersion: 7.0.0-30-generic  CompilerName: GCC  CompilerVersion: 8.4.0
ProgramName: mri_surf2vol  ProgramArguments: mri_surf2vol -all-info  ProgramVersion: 7.4.1  TimeStamp: 2026/09/04-08:53:33-GMT  BuildTime: Jun 14 2023 03:45:01  BuildStamp: freesurfer-linux-ubuntu22_x86_64-7.4.1-20230614-7eb8460  User: ts  Machine: mini  Platform: Linux  PlatformVersion: 7.0.0-30-generic  CompilerName: GCC  CompilerVersion: 8.4.0
ProgramName: mri_surfcluster  ProgramArguments: mri_surfcluster -all-info  ProgramVersion: 7.4.1  TimeStamp: 2026/09/04-08:53:33-GMT  BuildTime: Jun 14 2023 03:45:01  BuildStamp: freesurfer-linux-ubuntu22_x86_64-7.4.1-20230614-7eb8460  User: ts  Machine: mini  Platform: Linux  PlatformVersion: 7.0.0-30-generic  CompilerName: GCC  CompilerVersion: 8.4.0
ProgramName: mris_volmask  ProgramArguments: mris_volmask -all-info  ProgramVersion: 7.4.1  TimeStamp: 2026/09/04-08:53:33-GMT  BuildTime: Jun 14 2023 03:45:01  BuildStamp: freesurfer-linux-ubuntu22_x86_64-7.4.1-20230614-7eb8460  User: ts  Machine: mini  Platform: Linux  PlatformVersion: 7.0.0-30-generic  CompilerName: GCC  CompilerVersion: 8.4.0
ProgramName: mri_tessellate  ProgramArguments: mri_tessellate -all-info  ProgramVersion: 7.4.1  TimeStamp: 2026/09/04-08:53:33-GMT  BuildTime: Jun 14 2023 03:45:01  BuildStamp: freesurfer-linux-ubuntu22_x86_64-7.4.1-20230614-7eb8460  User: ts  Machine: mini  Platform: Linux  PlatformVersion: 7.0.0-30-generic  CompilerName: GCC  CompilerVersion: 8.4.0
ProgramName: mri_vol2surf  ProgramArguments: mri_vol2surf -all-info  ProgramVersion: 7.4.1  TimeStamp: 2026/09/04-08:53:33-GMT  BuildTime: Jun 14 2023 03:45:01  BuildStamp: freesurfer-linux-ubuntu22_x86_64-7.4.1-20230614-7eb8460  User: ts  Machine: mini  Platform: Linux  PlatformVersion: 7.0.0-30-generic  CompilerName: GCC  CompilerVersion: 8.4.0
ProgramName: mri_vol2vol  ProgramArguments: mri_vol2vol -all-info  ProgramVersion: 7.4.1  TimeStamp: 2026/09/04-08:53:33-GMT  BuildTime: Jun 14 2023 03:45:01  BuildStamp: freesurfer-linux-ubuntu22_x86_64-7.4.1-20230614-7eb8460  User: ts  Machine: mini  Platform: Linux  PlatformVersion: 7.0.0-30-generic  CompilerName: GCC  CompilerVersion: 8.4.0
ProgramName: mri_voldiff  ProgramArguments: mri_voldiff -all-info  ProgramVersion: 7.4.1  TimeStamp: 2026/09/04-08:53:33-GMT  BuildTime: Jun 14 2023 03:45:01  BuildStamp: freesurfer-linux-ubuntu22_x86_64-7.4.1-20230614-7eb8460  User: ts  Machine: mini  Platform: Linux  PlatformVersion: 7.0.0-30-generic  CompilerName: GCC  CompilerVersion: 8.4.0
ProgramName: mri_watershed  ProgramArguments: mri_watershed -all-info  ProgramVersion: 7.4.1  TimeStamp: 2026/09/04-08:53:33-GMT  BuildTime: Jun 14 2023 03:45:01  BuildStamp: freesurfer-linux-ubuntu22_x86_64-7.4.1-20230614-7eb8460  User: ts  Machine: mini  Platform: Linux  PlatformVersion: 7.0.0-30-generic  CompilerName: GCC  CompilerVersion: 8.4.0
ProgramName: tkregister2  ProgramArguments: tkregister2_cmdl -all-info  ProgramVersion: 7.4.1  TimeStamp: 2026/09/04-08:53:33-GMT  BuildTime: Jun 14 2023 03:45:01  BuildStamp: freesurfer-linux-ubuntu22_x86_64-7.4.1-20230614-7eb8460  User: ts  Machine: mini  Platform: Linux  PlatformVersion: 7.0.0-30-generic  CompilerName: GCC  CompilerVersion: 8.4.0
mri_motion_correct.fsl 7.4.1
mri_convert -all-info 
ProgramName: mri_convert  ProgramArguments: mri_convert -all-info  ProgramVersion: 7.4.1  TimeStamp: 2026/09/04-08:53:34-GMT  BuildTime: Jun 14 2023 03:45:01  BuildStamp: freesurfer-linux-ubuntu22_x86_64-7.4.1-20230614-7eb8460  User: ts  Machine: mini  Platform: Linux  PlatformVersion: 7.0.0-30-generic  CompilerName: GCC  CompilerVersion: 8.4.0
Program nu_correct, built from:
Package MNI N3, version 1.12.0, compiled by nicks@terrier (x86_64-unknown-linux-gnu) on 2015-06-19 at 01:25:34
#######################################
GCADIR /home/ts/software/freesurfer/freesurfer7.4.1/average
GCA RB_all_2020-01-02.gca
GCASkull RB_all_withskull_2020_01_02.gca
AvgCurvTif folding.atlas.acfb40.noaparc.i12.2016-08-02.tif
GCSDIR /home/ts/software/freesurfer/freesurfer7.4.1/average
GCS DKaparc.atlas.acfb40.noaparc.i12.2016-08-02.gcs
#######################################
/home/ts/develop/subject1/derived/FreeSurfer/7.4.1/subjects_dir/sub-01

 mri_convert /home/ts/develop/subject1/DICOM/0002_MR000004.dcm /home/ts/develop/subject1/derived/FreeSurfer/7.4.1/subjects_dir/sub-01/mri/orig/001.mgz 

mri_convert /home/ts/develop/subject1/DICOM/0002_MR000004.dcm /home/ts/develop/subject1/derived/FreeSurfer/7.4.1/subjects_dir/sub-01/mri/orig/001.mgz 
reading from /home/ts/develop/subject1/DICOM/0002_MR000004.dcm...
mriio.cpp: starting DICOMRead3()
Starting DICOMRead3()
dcmfile = /home/ts/develop/subject1/DICOM/0002_MR000004.dcm
dcmdir = /home/ts/develop/subject1/DICOM
Found 1035 DICOM file(s)
load Image /home/ts/develop/subject1/DICOM/0002_MR000004.dcm, size 131072
***USING_DCM2NIIXFSWRAPPER***: skip nii_flipZ() when sliceDir < 0 (/home/rd521/space_freesurfer/build/docker_ubuntu22/trunk/rd521-7.4.1/packages/dcm2niix/nii_dicom_batch.cpp:saveDcm2NiiCore:6506)
Convert 192 DICOM (256x256x192x1)
DICOM row order preserved: may appear upside down in tools that ignore spatial transforms
TR=2300.00, TE=2.01, TI=900.00, flip angle=9.00
i_ras = (0.0104717, -0.999945, 0)
j_ras = (-0, -0, -1)
k_ras = (-0.999945, -0.0104717, -0)
writing to /home/ts/develop/subject1/derived/FreeSurfer/7.4.1/subjects_dir/sub-01/mri/orig/001.mgz...
@#@FSTIME  2026:09:04:10:53:34 mri_convert N 2 e 2.49 S 0.14 U 1.85 P 79% M 63172 F 8 R 16525 W 0 c 29 w 3561 I 539528 O 21664 L 0.10 0.37 0.52
@#@FSLOADPOST 2026:09:04:10:53:36 mri_convert N 2 0.10 0.37 0.52
#--------------------------------------------
#@# T2/FLAIR Input Fri Sep  4 10:53:36 CEST 2026
/home/ts/develop/subject1/derived/FreeSurfer/7.4.1/subjects_dir/sub-01

 mri_convert --no_scale 1 /home/ts/develop/subject1/DICOM/0004_MR000388.dcm /home/ts/develop/subject1/derived/FreeSurfer/7.4.1/subjects_dir/sub-01/mri/orig/T2raw.mgz 

mri_convert --no_scale 1 /home/ts/develop/subject1/DICOM/0004_MR000388.dcm /home/ts/develop/subject1/derived/FreeSurfer/7.4.1/subjects_dir/sub-01/mri/orig/T2raw.mgz 
reading from /home/ts/develop/subject1/DICOM/0004_MR000388.dcm...
mriio.cpp: starting DICOMRead3()
Starting DICOMRead3()
dcmfile = /home/ts/develop/subject1/DICOM/0004_MR000388.dcm
dcmdir = /home/ts/develop/subject1/DICOM
Found 1035 DICOM file(s)
load Image /home/ts/develop/subject1/DICOM/0004_MR000388.dcm, size 131072
***USING_DCM2NIIXFSWRAPPER***: skip nii_flipZ() when sliceDir < 0 (/home/rd521/space_freesurfer/build/docker_ubuntu22/trunk/rd521-7.4.1/packages/dcm2niix/nii_dicom_batch.cpp:saveDcm2NiiCore:6506)
Convert 192 DICOM (256x256x192x1)
DICOM row order preserved: may appear upside down in tools that ignore spatial transforms
TR=3200.00, TE=300.00, TI=-1.00, flip angle=120.00
i_ras = (0.0104717, -0.999945, 0)
j_ras = (-0, -0, -1)
k_ras = (-0.999945, -0.0104717, -0)
writing to /home/ts/develop/subject1/derived/FreeSurfer/7.4.1/subjects_dir/sub-01/mri/orig/T2raw.mgz...
@#@FSTIME  2026:09:04:10:53:36 mri_convert N 4 e 1.60 S 0.06 U 1.86 P 120% M 63536 F 0 R 16550 W 0 c 21 w 13 I 0 O 20600 L 0.10 0.37 0.52
@#@FSLOADPOST 2026:09:04:10:53:38 mri_convert N 4 0.25 0.39 0.53
#--------------------------------------------
#@# MotionCor Fri Sep  4 10:53:38 CEST 2026
Found 1 runs
/home/ts/develop/subject1/derived/FreeSurfer/7.4.1/subjects_dir/sub-01/mri/orig/001.mgz
Checking for (invalid) multi-frame inputs...
Only one run found so motion
correction will not be performed. I'll
copy the run to rawavg and continue.

 cp /home/ts/develop/subject1/derived/FreeSurfer/7.4.1/subjects_dir/sub-01/mri/orig/001.mgz /home/ts/develop/subject1/derived/FreeSurfer/7.4.1/subjects_dir/sub-01/mri/rawavg.mgz 


 mri_info /home/ts/develop/subject1/derived/FreeSurfer/7.4.1/subjects_dir/sub-01/mri/rawavg.mgz 

rawavg.mgz ========================================
Volume information for /home/ts/develop/subject1/derived/FreeSurfer/7.4.1/subjects_dir/sub-01/mri/rawavg.mgz
          type: MGH
    dimensions: 256 x 256 x 192
   voxel sizes: 1.000000, 1.000000, 1.000000
          type: SHORT (4)
           fov: 256.000
           dof: 1
        xstart: -128.0, xend: 128.0
        ystart: -128.0, yend: 128.0
        zstart: -96.0, zend: 96.0
            TR: 2300.00 msec, TE: 2.01 msec, TI: 900.00 msec, flip angle: 9.00 degrees
       nframes: 1
       PhEncDir: ROW
       FieldStrength: 3.000000
ras xform present
    xform info: x_r =   0.0105, y_r =  -0.0000, z_r =  -0.9999, c_r =    -0.5000
              : x_a =  -0.9999, y_a =  -0.0000, z_a =  -0.0105, c_a =    29.3728
              : x_s =   0.0000, y_s =  -1.0000, z_s =  -0.0000, c_s =   -48.9047

talairach xfm : 
Orientation   : PIL
Primary Slice Direction: sagittal

voxel to ras transform:
                0.0105  -0.0000  -0.9999    94.1544
               -0.9999  -0.0000  -0.0105   158.3710
                0.0000  -1.0000  -0.0000    79.0953
                0.0000   0.0000   0.0000     1.0000

voxel-to-ras determinant -1

ras to voxel transform:
                0.0105  -0.9999  -0.0000   157.3764
               -0.0000  -0.0000  -1.0000    79.0953
               -0.9999  -0.0105  -0.0000    95.8076
               -0.0000  -0.0000  -0.0000     1.0000
/home/ts/develop/subject1/derived/FreeSurfer/7.4.1/subjects_dir/sub-01

 mri_convert /home/ts/develop/subject1/derived/FreeSurfer/7.4.1/subjects_dir/sub-01/mri/rawavg.mgz /home/ts/develop/subject1/derived/FreeSurfer/7.4.1/subjects_dir/sub-01/mri/orig.mgz --conform 

mri_convert /home/ts/develop/subject1/derived/FreeSurfer/7.4.1/subjects_dir/sub-01/mri/rawavg.mgz /home/ts/develop/subject1/derived/FreeSurfer/7.4.1/subjects_dir/sub-01/mri/orig.mgz --conform 
reading from /home/ts/develop/subject1/derived/FreeSurfer/7.4.1/subjects_dir/sub-01/mri/rawavg.mgz...
TR=2300.00, TE=2.01, TI=900.00, flip angle=9.00
i_ras = (0.0104717, -0.999945, 0)
j_ras = (-0, -0, -1)
k_ras = (-0.999945, -0.0104717, -0)
changing data type from short to uchar (noscale = 0)...
MRIchangeType: Building histogram 0 659 1000, flo=0, fhi=0.999, dest_type=0
Reslicing using trilinear interpolation 
writing to /home/ts/develop/subject1/derived/FreeSurfer/7.4.1/subjects_dir/sub-01/mri/orig.mgz...
@#@FSTIME  2026:09:04:10:53:41 mri_convert N 3 e 1.91 S 0.03 U 2.07 P 109% M 44584 F 3 R 17961 W 0 c 30 w 16 I 40 O 17328 L 0.25 0.39 0.53
@#@FSLOADPOST 2026:09:04:10:53:43 mri_convert N 3 0.31 0.40 0.53

 mri_add_xform_to_header -c /home/ts/develop/subject1/derived/FreeSurfer/7.4.1/subjects_dir/sub-01/mri/transforms/talairach.xfm /home/ts/develop/subject1/derived/FreeSurfer/7.4.1/subjects_dir/sub-01/mri/orig.mgz /home/ts/develop/subject1/derived/FreeSurfer/7.4.1/subjects_dir/sub-01/mri/orig.mgz 

INFO: extension is mgz
@#@FSTIME  2026:09:04:10:53:43 mri_add_xform_to_header N 4 e 0.53 S 0.01 U 0.65 P 124% M 23428 F 18 R 4577 W 0 c 15 w 34 I 3208 O 17328 L 0.31 0.40 0.53
@#@FSLOADPOST 2026:09:04:10:53:44 mri_add_xform_to_header N 4 0.31 0.40 0.53

 mri_info /home/ts/develop/subject1/derived/FreeSurfer/7.4.1/subjects_dir/sub-01/mri/orig.mgz 

orig.mgz ========================================
Volume information for /home/ts/develop/subject1/derived/FreeSurfer/7.4.1/subjects_dir/sub-01/mri/orig.mgz
          type: MGH
    dimensions: 256 x 256 x 256
   voxel sizes: 1.000000, 1.000000, 1.000000
          type: UCHAR (0)
           fov: 256.000
           dof: 1
        xstart: -128.0, xend: 128.0
        ystart: -128.0, yend: 128.0
        zstart: -128.0, zend: 128.0
            TR: 2300.00 msec, TE: 2.01 msec, TI: 900.00 msec, flip angle: 9.00 degrees
       nframes: 1
       PhEncDir: UNKNOWN
       FieldStrength: 0.000000
ras xform present
    xform info: x_r =  -1.0000, y_r =   0.0000, z_r =   0.0000, c_r =    -0.5000
              : x_a =   0.0000, y_a =   0.0000, z_a =   1.0000, c_a =    29.3728
              : x_s =   0.0000, y_s =  -1.0000, z_s =   0.0000, c_s =   -48.9047

talairach xfm : /home/ts/develop/subject1/derived/FreeSurfer/7.4.1/subjects_dir/sub-01/mri/transforms/talairach.xfm
Orientation   : LIA
Primary Slice Direction: coronal

voxel to ras transform:
               -1.0000   0.0000   0.0000   127.5000
                0.0000   0.0000   1.0000   -98.6272
                0.0000  -1.0000   0.0000    79.0953
                0.0000   0.0000   0.0000     1.0000

voxel-to-ras determinant -1

ras to voxel transform:
               -1.0000  -0.0000  -0.0000   127.5000
               -0.0000  -0.0000  -1.0000    79.0953
               -0.0000   1.0000  -0.0000    98.6272
               -0.0000  -0.0000  -0.0000     1.0000
#--------------------------------------------
#@# Talairach Fri Sep  4 10:53:44 CEST 2026
/home/ts/develop/subject1/derived/FreeSurfer/7.4.1/subjects_dir/sub-01/mri

 mri_nu_correct.mni --no-rescale --i orig.mgz --o orig_nu.mgz --ants-n4 --n 1 --proto-iters 1000 --distance 50 

/usr/bin/bc
/home/ts/develop/subject1/derived/FreeSurfer/7.4.1/subjects_dir/sub-01/mri
/home/ts/software/freesurfer/freesurfer7.4.1/bin/mri_nu_correct.mni
--no-rescale --i orig.mgz --o orig_nu.mgz --ants-n4 --n 1 --proto-iters 1000 --distance 50
nIters 1
mri_nu_correct.mni 7.4.1
Linux mini 7.0.0-30-generic #30~24.04.1-Ubuntu SMP PREEMPT_DYNAMIC Fri Aug  7 13:27:52 UTC 2 x86_64 x86_64 x86_64 GNU/Linux
Fri Sep  4 10:53:44 CEST 2026
tmpdir is ./tmp.mri_nu_correct.mni.74540
cd /home/ts/develop/subject1/derived/FreeSurfer/7.4.1/subjects_dir/sub-01/mri
AntsN4BiasFieldCorrectionFs -i orig.mgz -o ./tmp.mri_nu_correct.mni.74540/nu0.mgz --dtype uchar
AntsN4BiasFieldCorrectionFs done
mri_convert ./tmp.mri_nu_correct.mni.74540/nu0.mgz orig_nu.mgz --like orig.mgz --conform
mri_convert ./tmp.mri_nu_correct.mni.74540/nu0.mgz orig_nu.mgz --like orig.mgz --conform 
reading from ./tmp.mri_nu_correct.mni.74540/nu0.mgz...
TR=2300.00, TE=2.01, TI=900.00, flip angle=9.00
i_ras = (-1, 0, 0)
j_ras = (0, 0, -1)
k_ras = (0, 1, 0)
INFO: transform src into the like-volume: orig.mgz
writing to orig_nu.mgz...
 
 
Fri Sep  4 10:55:39 CEST 2026
mri_nu_correct.mni done
@#@FSTIME  2026:09:04:10:53:44 mri_nu_correct.mni N 12 e 114.86 S 0.23 U 114.72 P 100% M 504656 F 37 R 149675 W 0 c 1465 w 143 I 4696 O 32240 L 0.31 0.40 0.53
@#@FSLOADPOST 2026:09:04:10:55:39 mri_nu_correct.mni N 12 0.90 0.60 0.59

 talairach_avi --i orig_nu.mgz --xfm transforms/talairach.auto.xfm 

talairach_avi log file is transforms/talairach_avi.log...
mv -f /home/ts/develop/subject1/derived/FreeSurfer/7.4.1/subjects_dir/sub-01/mri/talsrcimg_to_711-2C_as_mni_average_305_t4_vox2vox.txt /home/ts/develop/subject1/derived/FreeSurfer/7.4.1/subjects_dir/sub-01/mri/transforms/talsrcimg_to_711-2C_as_mni_average_305_t4_vox2vox.txt
Started at Fri Sep 4 10:55:39 CEST 2026
Ended   at Fri Sep  4 10:55:57 CEST 2026
talairach_avi done
@#@FSTIME  2026:09:04:10:55:39 talairach_avi N 4 e 18.72 S 0.77 U 11.90 P 67% M 255340 F 17 R 398962 W 0 c 206 w 457 I 272712 O 295264 L 0.90 0.60 0.59
@#@FSLOADPOST 2026:09:04:10:55:57 talairach_avi N 4 0.93 0.62 0.60

 cp transforms/talairach.auto.xfm transforms/talairach.xfm 

lta_convert --src orig.mgz --trg /home/ts/software/freesurfer/freesurfer7.4.1/average/mni305.cor.mgz --inxfm transforms/talairach.xfm --outlta transforms/talairach.xfm.lta --subject fsaverage --ltavox2vox
7.4.1

--src: orig.mgz src image (geometry).
--trg: /home/ts/software/freesurfer/freesurfer7.4.1/average/mni305.cor.mgz trg image (geometry).
--inmni: transforms/talairach.xfm input MNI/XFM transform.
--outlta: transforms/talairach.xfm.lta output LTA.
--s: fsaverage subject name
--ltavox2vox: output LTA as VOX_TO_VOX transform.
 LTA read, type : 1
 1.10210   0.04481   0.00951  -0.79529;
-0.02161   0.97590   0.33694  -19.60567;
 0.01834  -0.44697   1.10698   10.22237;
 0.00000   0.00000   0.00000   1.00000;
setting subject to fsaverage
Writing  LTA to file transforms/talairach.xfm.lta...
lta_convert successful.
#--------------------------------------------
#@# Talairach Failure Detection Fri Sep  4 10:56:00 CEST 2026
/home/ts/develop/subject1/derived/FreeSurfer/7.4.1/subjects_dir/sub-01/mri

 talairach_afd -T 0.005 -xfm transforms/talairach.xfm 

talairach_afd: Talairach Transform: transforms/talairach.xfm OK (p=0.6326, pval=0.3663 >= threshold=0.0050)
@#@FSTIME  2026:09:04:10:56:00 talairach_afd N 4 e 0.02 S 0.00 U 0.00 P 13% M 6028 F 12 R 219 W 0 c 1 w 19 I 2712 O 0 L 0.93 0.62 0.60
@#@FSLOADPOST 2026:09:04:10:56:00 talairach_afd N 4 0.93 0.62 0.60

 awk -f /home/ts/software/freesurfer/freesurfer7.4.1/bin/extract_talairach_avi_QA.awk /home/ts/develop/subject1/derived/FreeSurfer/7.4.1/subjects_dir/sub-01/mri/transforms/talairach_avi.log 


 tal_QC_AZS /home/ts/develop/subject1/derived/FreeSurfer/7.4.1/subjects_dir/sub-01/mri/transforms/talairach_avi.log 

TalAviQA: 0.97218
z-score: -1
#--------------------------------------------
#@# Nu Intensity Correction Fri Sep  4 10:56:00 CEST 2026

 mri_nu_correct.mni --i orig.mgz --o nu.mgz --uchar transforms/talairach.xfm --n 2 --ants-n4 

/usr/bin/bc
/home/ts/develop/subject1/derived/FreeSurfer/7.4.1/subjects_dir/sub-01/mri
/home/ts/software/freesurfer/freesurfer7.4.1/bin/mri_nu_correct.mni
--i orig.mgz --o nu.mgz --uchar transforms/talairach.xfm --n 2 --ants-n4
nIters 2
mri_nu_correct.mni 7.4.1
Linux mini 7.0.0-30-generic #30~24.04.1-Ubuntu SMP PREEMPT_DYNAMIC Fri Aug  7 13:27:52 UTC 2 x86_64 x86_64 x86_64 GNU/Linux
Fri Sep  4 10:56:00 CEST 2026
tmpdir is ./tmp.mri_nu_correct.mni.75618
cd /home/ts/develop/subject1/derived/FreeSurfer/7.4.1/subjects_dir/sub-01/mri
AntsN4BiasFieldCorrectionFs -i orig.mgz -o ./tmp.mri_nu_correct.mni.75618/nu0.mgz --dtype uchar
AntsN4BiasFieldCorrectionFs done
mri_binarize --i ./tmp.mri_nu_correct.mni.75618/nu0.mgz --min -1 --o ./tmp.mri_nu_correct.mni.75618/ones.mgz

7.4.1
cwd /home/ts/develop/subject1/derived/FreeSurfer/7.4.1/subjects_dir/sub-01/mri
cmdline mri_binarize --i ./tmp.mri_nu_correct.mni.75618/nu0.mgz --min -1 --o ./tmp.mri_nu_correct.mni.75618/ones.mgz 
sysname  Linux
hostname mini
machine  x86_64
user     ts

input      ./tmp.mri_nu_correct.mni.75618/nu0.mgz
frame      0
nErode3d   0
nErode2d   0
output     ./tmp.mri_nu_correct.mni.75618/ones.mgz
Binarizing based on threshold
min        -1
max        +infinity
binval        1
binvalnot     0
fstart = 0, fend = 0, nframes = 1
Starting parallel 1
Found 16777216 values in range
Counting number of voxels in first frame
Found 16777215 voxels in final mask
Writing output to ./tmp.mri_nu_correct.mni.75618/ones.mgz
Count: 16777215 16777215.000000 16777216 99.999994
mri_binarize done
mri_segstats --id 1 --seg ./tmp.mri_nu_correct.mni.75618/ones.mgz --i orig.mgz --sum ./tmp.mri_nu_correct.mni.75618/sum.junk --avgwf ./tmp.mri_nu_correct.mni.75618/input.mean.dat

7.4.1
cwd 
cmdline mri_segstats --id 1 --seg ./tmp.mri_nu_correct.mni.75618/ones.mgz --i orig.mgz --sum ./tmp.mri_nu_correct.mni.75618/sum.junk --avgwf ./tmp.mri_nu_correct.mni.75618/input.mean.dat 
sysname  Linux
hostname mini
machine  x86_64
user     ts
whitesurfname  white
UseRobust  0
Loading ./tmp.mri_nu_correct.mni.75618/ones.mgz
Loading orig.mgz
Voxel Volume is 1 mm^3
Generating list of segmentation ids
Found   1 segmentations
Computing statistics for each segmentation

Reporting on   1 segmentations
Using PrintSegStat
Computing spatial average of each frame

Writing to ./tmp.mri_nu_correct.mni.75618/input.mean.dat
mri_segstats done
mri_segstats --id 1 --seg ./tmp.mri_nu_correct.mni.75618/ones.mgz --i ./tmp.mri_nu_correct.mni.75618/nu0.mgz --sum ./tmp.mri_nu_correct.mni.75618/sum.junk --avgwf ./tmp.mri_nu_correct.mni.75618/output.mean.dat

7.4.1
cwd 
cmdline mri_segstats --id 1 --seg ./tmp.mri_nu_correct.mni.75618/ones.mgz --i ./tmp.mri_nu_correct.mni.75618/nu0.mgz --sum ./tmp.mri_nu_correct.mni.75618/sum.junk --avgwf ./tmp.mri_nu_correct.mni.75618/output.mean.dat 
sysname  Linux
hostname mini
machine  x86_64
user     ts
whitesurfname  white
UseRobust  0
Loading ./tmp.mri_nu_correct.mni.75618/ones.mgz
Loading ./tmp.mri_nu_correct.mni.75618/nu0.mgz
Voxel Volume is 1 mm^3
Generating list of segmentation ids
Found   1 segmentations
Computing statistics for each segmentation

Reporting on   1 segmentations
Using PrintSegStat
Computing spatial average of each frame

Writing to ./tmp.mri_nu_correct.mni.75618/output.mean.dat
mri_segstats done
mris_calc -o ./tmp.mri_nu_correct.mni.75618/nu0.mgz ./tmp.mri_nu_correct.mni.75618/nu0.mgz mul 1.27906755073971128157
Saving result to './tmp.mri_nu_correct.mni.75618/nu0.mgz' (type = MGH )                       [ ok ]
mri_convert ./tmp.mri_nu_correct.mni.75618/nu0.mgz nu.mgz --like orig.mgz
mri_convert ./tmp.mri_nu_correct.mni.75618/nu0.mgz nu.mgz --like orig.mgz 
reading from ./tmp.mri_nu_correct.mni.75618/nu0.mgz...
TR=2300.00, TE=2.01, TI=900.00, flip angle=9.00
i_ras = (-1, 0, 0)
j_ras = (0, 0, -1)
k_ras = (0, 1, 0)
INFO: transform src into the like-volume: orig.mgz
writing to nu.mgz...
mri_make_uchar nu.mgz transforms/talairach.xfm nu.mgz
type change took 0 minutes and 2 seconds.
FIRST_PERCENTILE 0.010000
WM_PERCENTILE    0.900000
MAX_R 50.000000
i1 = 8, i2 = 72
#mri_make_uchar# mapping 19 170 to  3 110  :  b -10.8813 m 0.710307 : thresh 15.3191 maxsat 374.319 : nzero 10999403 nsat 0
 
 
Fri Sep  4 10:58:04 CEST 2026
mri_nu_correct.mni done
@#@FSTIME  2026:09:04:10:56:00 mri_nu_correct.mni N 9 e 124.55 S 0.97 U 125.75 P 101% M 613916 F 55 R 601213 W 0 c 1596 w 331 I 7512 O 75168 L 0.93 0.62 0.60
@#@FSLOADPOST 2026:09:04:10:58:04 mri_nu_correct.mni N 9 1.66 0.90 0.71

 mri_add_xform_to_header -c /home/ts/develop/subject1/derived/FreeSurfer/7.4.1/subjects_dir/sub-01/mri/transforms/talairach.xfm nu.mgz nu.mgz 

INFO: extension is mgz
@#@FSTIME  2026:09:04:10:58:04 mri_add_xform_to_header N 4 e 0.25 S 0.01 U 0.37 P 153% M 23532 F 3 R 4588 W 0 c 8 w 12 I 272 O 10336 L 1.66 0.90 0.71
@#@FSLOADPOST 2026:09:04:10:58:04 mri_add_xform_to_header N 4 1.66 0.90 0.71
#--------------------------------------------
#@# Intensity Normalization Fri Sep  4 10:58:04 CEST 2026
/home/ts/develop/subject1/derived/FreeSurfer/7.4.1/subjects_dir/sub-01/mri

 mri_normalize -g 1 -seed 1234 -mprage nu.mgz T1.mgz 

using max gradient = 1.000
setting seed for random number genererator to 1234
assuming input volume is MGH (Van der Kouwe) MP-RAGE
reading mri_src from nu.mgz...
normalizing image...
NOT doing gentle normalization with control points/label
talairach transform
 1.10210   0.04481   0.00951  -0.79529;
-0.02161   0.97590   0.33694  -19.60567;
 0.01834  -0.44697   1.10698   10.22237;
 0.00000   0.00000   0.00000   1.00000;
processing without aseg, no1d=0
MRInormInit(): 
INFO: Modifying talairach volume c_(r,a,s) based on average_305
MRInormalize(): 
MRIsplineNormalize(): npeaks = 19
Starting OpenSpline(): npoints = 19
building Voronoi diagram...
performing soap bubble smoothing, sigma = 8...

Iterating 2 times
---------------------------------
3d normalization pass 1 of 2
white matter peak found at 110
white matter peak found at 110
gm peak at 73 (73), valley at 56 (56)
csf peak at 25, setting threshold to 57
building Voronoi diagram...
performing soap bubble smoothing, sigma = 8...
---------------------------------
3d normalization pass 2 of 2
white matter peak found at 110
white matter peak found at 110
gm peak at 71 (71), valley at 45 (45)
csf peak at 24, setting threshold to 55
building Voronoi diagram...
performing soap bubble smoothing, sigma = 8...
Done iterating ---------------------------------
writing output to T1.mgz
3D bias adjustment took 0 minutes and 46 seconds.
@#@FSTIME  2026:09:04:10:58:04 mri_normalize N 7 e 46.67 S 0.40 U 56.12 P 121% M 583384 F 12 R 267376 W 0 c 602 w 50 I 1592 O 9968 L 1.66 0.90 0.71
@#@FSLOADPOST 2026:09:04:10:58:51 mri_normalize N 7 1.31 0.92 0.72
#--------------------------------------------
#@# Skull Stripping Fri Sep  4 10:58:51 CEST 2026
/home/ts/develop/subject1/derived/FreeSurfer/7.4.1/subjects_dir/sub-01/mri

 mri_em_register -skull nu.mgz /home/ts/software/freesurfer/freesurfer7.4.1/average/RB_all_withskull_2020_01_02.gca transforms/talairach_with_skull.lta 

aligning to atlas containing skull, setting unknown_nbr_spacing = 5

== Number of threads available to mri_em_register for OpenMP = 8 == 
reading 1 input volumes...
logging results to talairach_with_skull.log
reading '/home/ts/software/freesurfer/freesurfer7.4.1/average/RB_all_withskull_2020_01_02.gca'...
GCAread took 0 minutes and 0 seconds.
average std = 23.0   using min determinant for regularization = 52.8
0 singular and 9205 ill-conditioned covariance matrices regularized
reading 'nu.mgz'...
freeing gibbs priors...done.
accounting for voxel sizes in initial transform
bounding unknown intensity as < 8.9 or > 556.0 
total sample mean = 77.3 (1403 zeros)
************************************************
spacing=8, using 3292 sample points, tol=1.00e-05...
************************************************
register_mri: find_optimal_transform
find_optimal_transform: nsamples 3292, passno 0, spacing 8
resetting wm mean[0]: 100 --> 108
resetting gm mean[0]: 61 --> 61
input volume #1 is the most T1-like
using real data threshold=8.0
skull bounding box = (48, 0, 0) --> (207, 255, 239)
finding center of left hemi white matter
using (101, 85, 120) as brain centroid of Right_Cerebral_White_Matter...
MRImask(): AllowDiffGeom = 1
mean wm in atlas = 108, using box (81,53,90) --> (120, 116,149) to find MRI wm
before smoothing, mri peak at 105
robust fit to distribution - 106 +- 6.7
after smoothing, mri peak at 106, scaling input intensities by 1.019
scaling channel 0 by 1.01887
initial log_p = -4.630
************************************************
First Search limited to translation only.
************************************************
max log p =    -4.506038 @ (-10.526, 31.579, 10.526)
max log p =    -4.438773 @ (5.263, -5.263, -5.263)
max log p =    -4.263225 @ (2.632, 7.895, -2.632)
max log p =    -4.240589 @ (3.947, 1.316, 1.316)
max log p =    -4.240299 @ (-1.974, -1.974, 3.289)
max log p =    -4.240299 @ (0.000, 0.000, 0.000)
max log p =    -4.240299 @ (0.000, 0.000, 0.000)
max log p =    -4.240299 @ (0.000, 0.000, 0.000)
Found translation: (-0.7, 33.6, 7.2): log p = -4.240
****************************************
Nine parameter search.  iteration 0 nscales = 0 ...
****************************************
Result so far: scale 1.000: max_log_p=-4.091, old_max_log_p =-4.240 (thresh=-4.2)
 1.06375   0.00000   0.00000  -8.67512;
 0.00000   0.93367   0.36573   4.70096;
 0.00000  -0.42276   0.97372   42.10584;
 0.00000   0.00000   0.00000   1.00000;
iteration took 0 minutes and 6 seconds.
****************************************
Nine parameter search.  iteration 1 nscales = 0 ...
****************************************
Result so far: scale 1.000: max_log_p=-4.080, old_max_log_p =-4.091 (thresh=-4.1)
 1.06375   0.00000   0.00000  -8.67512;
 0.00000   1.05443   0.25317   5.34942;
 0.00000  -0.27498   0.93714   38.74164;
 0.00000   0.00000   0.00000   1.00000;
iteration took 0 minutes and 6 seconds.
****************************************
Nine parameter search.  iteration 2 nscales = 0 ...
****************************************
Result so far: scale 1.000: max_log_p=-4.079, old_max_log_p =-4.080 (thresh=-4.1)
 1.06375   0.00000   0.00000  -8.67512;
 0.00000   1.13351   0.27215   2.59236;
 0.00000  -0.29561   1.00743   33.30970;
 0.00000   0.00000   0.00000   1.00000;
reducing scale to 0.2500
iteration took 0 minutes and 6 seconds.
****************************************
Nine parameter search.  iteration 3 nscales = 1 ...
****************************************
Result so far: scale 0.250: max_log_p=-4.006, old_max_log_p =-4.079 (thresh=-4.1)
 1.04194  -0.01906  -0.04433  -0.99985;
 0.03348   1.03002   0.41520  -10.53140;
 0.03287  -0.44960   0.89641   52.41901;
 0.00000   0.00000   0.00000   1.00000;
iteration took 0 minutes and 6 seconds.
****************************************
Nine parameter search.  iteration 4 nscales = 1 ...
****************************************
Result so far: scale 0.250: max_log_p=-3.981, old_max_log_p =-4.006 (thresh=-4.0)
 1.04299   0.00485  -0.00320  -6.18929;
-0.00166   1.07672   0.36240  -2.97000;
-0.00044  -0.37302   0.90471   48.13551;
 0.00000   0.00000   0.00000   1.00000;
iteration took 0 minutes and 6 seconds.
****************************************
Nine parameter search.  iteration 5 nscales = 1 ...
****************************************
Result so far: scale 0.250: max_log_p=-3.981, old_max_log_p =-3.981 (thresh=-4.0)
 1.04299   0.00485  -0.00320  -6.18929;
-0.00166   1.07672   0.36240  -2.97000;
-0.00044  -0.37302   0.90471   48.13551;
 0.00000   0.00000   0.00000   1.00000;
reducing scale to 0.0625
iteration took 0 minutes and 6 seconds.
****************************************
Nine parameter search.  iteration 6 nscales = 2 ...
****************************************
Result so far: scale 0.062: max_log_p=-3.965, old_max_log_p =-3.981 (thresh=-4.0)
 1.04541  -0.00400  -0.00612  -6.24465;
 0.00688   1.08101   0.35536  -3.22791;
-0.00045  -0.36548   0.91084   47.19350;
 0.00000   0.00000   0.00000   1.00000;
iteration took 0 minutes and 6 seconds.
****************************************
Nine parameter search.  iteration 7 nscales = 2 ...
****************************************
Result so far: scale 0.062: max_log_p=-3.965, old_max_log_p =-3.965 (thresh=-4.0)
 1.04541  -0.00400  -0.00612  -6.24465;
 0.00688   1.08101   0.35536  -3.22791;
-0.00045  -0.36548   0.91084   47.19350;
 0.00000   0.00000   0.00000   1.00000;
min search scale 0.025000 reached
***********************************************
Computing MAP estimate using 3292 samples...
***********************************************
dt = 5.00e-06, momentum=0.80, tol=1.00e-05
l_intensity = 1.0000
Aligning input volume to GCA...
Transform matrix
 1.04541  -0.00400  -0.00612  -6.24465;
 0.00688   1.08101   0.35536  -3.22791;
-0.00045  -0.36548   0.91084   47.19350;
 0.00000   0.00000   0.00000   1.00000;
nsamples 3292
Quasinewton: input matrix
 1.04541  -0.00400  -0.00612  -6.24465;
 0.00688   1.08101   0.35536  -3.22791;
-0.00045  -0.36548   0.91084   47.19350;
 0.00000   0.00000   0.00000   1.00000;
 IFLAG= -1  LINE SEARCH FAILED. SEE DOCUMENTATION OF ROUTINE MCSRCH ERROR RETURN OF LINE SEARCH: INFO= 4 POSSIBLE CAUSES: FUNCTION OR GRADIENT ARE INCORRECT OR INCORRECT TOLERANCESoutof QuasiNewtonEMA: 010: -log(p) =   -0.0  tol 0.000010
Resulting transform:
 1.04541  -0.00400  -0.00612  -6.24465;
 0.00688   1.08101   0.35536  -3.22791;
-0.00045  -0.36548   0.91084   47.19350;
 0.00000   0.00000   0.00000   1.00000;

pass 1, spacing 8: log(p) = -3.965 (old=-4.630)
transform before final EM align:
 1.04541  -0.00400  -0.00612  -6.24465;
 0.00688   1.08101   0.35536  -3.22791;
-0.00045  -0.36548   0.91084   47.19350;
 0.00000   0.00000   0.00000   1.00000;

**************************************************
 EM alignment process ...
 Computing final MAP estimate using 364986 samples. 
**************************************************
dt = 5.00e-06, momentum=0.80, tol=1.00e-07
l_intensity = 1.0000
Aligning input volume to GCA...
Transform matrix
 1.04541  -0.00400  -0.00612  -6.24465;
 0.00688   1.08101   0.35536  -3.22791;
-0.00045  -0.36548   0.91084   47.19350;
 0.00000   0.00000   0.00000   1.00000;
nsamples 364986
Quasinewton: input matrix
 1.04541  -0.00400  -0.00612  -6.24465;
 0.00688   1.08101   0.35536  -3.22791;
-0.00045  -0.36548   0.91084   47.19350;
 0.00000   0.00000   0.00000   1.00000;
 IFLAG= -1  LINE SEARCH FAILED. SEE DOCUMENTATION OF ROUTINE MCSRCH ERROR RETURN OF LINE SEARCH: INFO= 6 POSSIBLE CAUSES: FUNCTION OR GRADIENT ARE INCORRECT OR INCORRECT TOLERANCESoutof QuasiNewtonEMA: 012: -log(p) =    4.3  tol 0.000000
final transform:
 1.04541  -0.00400  -0.00612  -6.24465;
 0.00688   1.08101   0.35536  -3.22791;
-0.00045  -0.36548   0.91084   47.19350;
 0.00000   0.00000   0.00000   1.00000;

writing output transformation to transforms/talairach_with_skull.lta...
#VMPC# mri_em_register VmPeak  844192
FSRUNTIME@ mri_em_register  0.0182 hours 8 threads
registration took 1 minutes and 6 seconds.
@#@FSTIME  2026:09:04:10:58:51 mri_em_register N 4 e 65.63 S 0.76 U 401.99 P 613% M 628580 F 19 R 166592 W 0 c 1318 w 116 I 151448 O 16 L 1.31 0.92 0.72
@#@FSLOADPOST 2026:09:04:10:59:57 mri_em_register N 4 4.75 2.00 1.11

 mri_watershed -T1 -brain_atlas /home/ts/software/freesurfer/freesurfer7.4.1/average/RB_all_withskull_2020_01_02.gca transforms/talairach_with_skull.lta T1.mgz brainmask.auto.mgz 


Mode:          T1 normalized volume
Mode:          Use the information of atlas (default parms, --help for details)

*********************************************************
The input file is T1.mgz
The output file is brainmask.auto.mgz
Weighting the input with atlas information before watershed

*************************WATERSHED**************************
Sorting...
      first estimation of the COG coord: x=127 y=76 z=102 r=100
      first estimation of the main basin volume: 4207105 voxels
      Looking for seedpoints 
        2 found in the cerebellum 
        18 found in the rest of the brain 
      global maximum in x=97, y=92, z=53, Imax=255
      CSF=13, WM_intensity=110, WM_VARIANCE=5
      WM_MIN=110, WM_HALF_MIN=110, WM_HALF_MAX=110, WM_MAX=110 
      preflooding height equal to 10 percent
done.
Analyze...

      main basin size=1956395348573152 voxels, voxel volume =1.000 
                     = 1956395348573152 mmm3 = 1956395318509.568 cm3
done.
PostAnalyze...Basin Prior
 13 basins merged thanks to atlas 
      ***** 0 basin(s) merged in 1 iteration(s)
      ***** 0 voxel(s) added to the main basin
done.
Weighting the input with prior template 

****************TEMPLATE DEFORMATION****************

      second estimation of the COG coord: x=126,y=82, z=97, r=10563 iterations
^^^^^^^^ couldn't find WM with original limits - expanding ^^^^^^

   GLOBAL      CSF_MIN=1, CSF_intensity=2, CSF_MAX=4 , nb = 45180
  RIGHT_CER    CSF_MIN=1, CSF_intensity=2, CSF_MAX=4 , nb = 3438
  LEFT_CER     CSF_MIN=1, CSF_intensity=2, CSF_MAX=4 , nb = 2808
 RIGHT_BRAIN   CSF_MIN=1, CSF_intensity=2, CSF_MAX=4 , nb = 19170
 LEFT_BRAIN    CSF_MIN=1, CSF_intensity=2, CSF_MAX=4 , nb = 19314
    OTHER      CSF_MIN=1, CSF_intensity=2, CSF_MAX=5 , nb = 450
 Problem with the least square interpolation in GM_MIN calculation.
   
                     CSF_MAX  TRANSITION  GM_MIN  GM
    GLOBAL     
  before analyzing :    4,      6,        39,   65
  after  analyzing :    4,      28,        39,   37
   RIGHT_CER   
  before analyzing :    4,      4,        7,   78
  after  analyzing :    4,      18,        25,   33
   LEFT_CER    
  before analyzing :    4,      7,        50,   76
  after  analyzing :    4,      35,        50,   45
  RIGHT_BRAIN  
  before analyzing :    4,      6,        39,   67
  after  analyzing :    4,      28,        39,   37
  LEFT_BRAIN   
  before analyzing :    4,      6,        41,   64
  after  analyzing :    4,      29,        41,   37
     OTHER     
  before analyzing :    5,      10,        22,   29
  after  analyzing :    5,      20,        25,   22
      mri_strip_skull: done peeling brain
      highly tesselated surface with 10242 vertices
      matching...66 iterations

*********************VALIDATION*********************
curvature mean = -0.013, std = 0.010
curvature mean = 72.037, std = 8.965

No Rigid alignment: -atlas Mode Off (basic atlas / no registration)
      before rotation: sse = 3.32, sigma = 5.47
      after  rotation: sse = 3.32, sigma = 5.47
Localization of inacurate regions: Erosion-Dilation steps
      the sse mean is  3.87, its var is  6.25   
      before Erosion-Dilatation  1.74% of inacurate vertices
      after  Erosion-Dilatation  0.00% of inacurate vertices
      Validation of the shape of the surface done.
Scaling of atlas fields onto current surface fields

********FINAL ITERATIVE TEMPLATE DEFORMATION********
Compute Local values csf/gray
Fine Segmentation...40 iterations

      mri_strip_skull: done peeling brain

Brain Size = 1818835 voxels, voxel volume = 1.000 mm3
           = 1818835 mmm3 = 1818.835 cm3


******************************
Saving brainmask.auto.mgz
done
mri_watershed done
@#@FSTIME  2026:09:04:10:59:57 mri_watershed N 6 e 7.54 S 0.33 U 13.59 P 184% M 826056 F 24 R 209333 W 0 c 236 w 922 I 9808 O 2848 L 4.75 2.00 1.11
@#@FSLOADPOST 2026:09:04:11:00:04 mri_watershed N 6 4.17 1.97 1.11

 cp brainmask.auto.mgz brainmask.mgz 

#-------------------------------------
#@# EM Registration Fri Sep  4 11:00:05 CEST 2026
/home/ts/develop/subject1/derived/FreeSurfer/7.4.1/subjects_dir/sub-01/mri

 mri_em_register -uns 3 -mask brainmask.mgz nu.mgz /home/ts/software/freesurfer/freesurfer7.4.1/average/RB_all_2020-01-02.gca transforms/talairach.lta 

setting unknown_nbr_spacing = 3
using MR volume brainmask.mgz to mask input volume...

== Number of threads available to mri_em_register for OpenMP = 8 == 
reading 1 input volumes...
logging results to talairach.log
reading '/home/ts/software/freesurfer/freesurfer7.4.1/average/RB_all_2020-01-02.gca'...
GCAread took 0 minutes and 0 seconds.
average std = 7.2   using min determinant for regularization = 5.2
0 singular and 884 ill-conditioned covariance matrices regularized
reading 'nu.mgz'...
MRImask(): AllowDiffGeom = 1
MRImask(): AllowDiffGeom = 1
MRImask(): AllowDiffGeom = 1
MRImask(): AllowDiffGeom = 1
MRImask(): AllowDiffGeom = 1
freeing gibbs priors...done.
accounting for voxel sizes in initial transform
bounding unknown intensity as < 5.9 or > 519.0 
total sample mean = 79.1 (1017 zeros)
************************************************
spacing=8, using 2841 sample points, tol=1.00e-05...
************************************************
register_mri: find_optimal_transform
find_optimal_transform: nsamples 2841, passno 0, spacing 8
resetting wm mean[0]: 98 --> 107
resetting gm mean[0]: 61 --> 61
input volume #1 is the most T1-like
using real data threshold=17.9
skull bounding box = (60, 17, 20) --> (193, 166, 189)
finding center of left hemi white matter
using (104, 67, 105) as brain centroid of Right_Cerebral_White_Matter...
MRImask(): AllowDiffGeom = 1
mean wm in atlas = 107, using box (88,49,84) --> (120, 85,125) to find MRI wm
before smoothing, mri peak at 105
robust fit to distribution - 106 +- 5.0
after smoothing, mri peak at 106, scaling input intensities by 1.009
scaling channel 0 by 1.00943
initial log_p = -4.763
************************************************
First Search limited to translation only.
************************************************
max log p =    -4.252983 @ (-10.526, 31.579, 10.526)
max log p =    -3.988849 @ (5.263, 5.263, -5.263)
max log p =    -3.922154 @ (7.895, 2.632, -2.632)
max log p =    -3.874292 @ (-3.947, -1.316, 1.316)
max log p =    -3.874292 @ (0.000, 0.000, 0.000)
max log p =    -3.863709 @ (0.329, 0.987, -0.329)
max log p =    -3.863709 @ (0.000, 0.000, 0.000)
max log p =    -3.863709 @ (0.000, 0.000, 0.000)
Found translation: (-1.0, 39.1, 3.6): log p = -3.864
****************************************
Nine parameter search.  iteration 0 nscales = 0 ...
****************************************
Result so far: scale 1.000: max_log_p=-3.630, old_max_log_p =-3.864 (thresh=-3.9)
 1.00000   0.00000   0.00000  -0.98685;
 0.00000   1.07260   0.40226  -7.62485;
 0.00000  -0.39034   0.83330   59.37267;
 0.00000   0.00000   0.00000   1.00000;
iteration took 0 minutes and 6 seconds.
****************************************
Nine parameter search.  iteration 1 nscales = 0 ...
****************************************
Result so far: scale 1.000: max_log_p=-3.630, old_max_log_p =-3.630 (thresh=-3.6)
 1.00000   0.00000   0.00000  -0.98685;
 0.00000   1.07260   0.40226  -7.62485;
 0.00000  -0.39034   0.83330   59.37267;
 0.00000   0.00000   0.00000   1.00000;
reducing scale to 0.2500
iteration took 0 minutes and 5 seconds.
****************************************
Nine parameter search.  iteration 2 nscales = 1 ...
****************************************
Result so far: scale 0.250: max_log_p=-3.525, old_max_log_p =-3.630 (thresh=-3.6)
 1.03528   0.02167  -0.05821   0.06112;
-0.00218   1.08456   0.31144   0.33654;
 0.06414  -0.27866   0.85021   36.63540;
 0.00000   0.00000   0.00000   1.00000;
iteration took 0 minutes and 5 seconds.
****************************************
Nine parameter search.  iteration 3 nscales = 1 ...
****************************************
Result so far: scale 0.250: max_log_p=-3.525, old_max_log_p =-3.525 (thresh=-3.5)
 1.03528   0.02167  -0.05821   0.06112;
-0.00218   1.08456   0.31144   0.33654;
 0.06414  -0.27866   0.85021   36.63540;
 0.00000   0.00000   0.00000   1.00000;
reducing scale to 0.0625
iteration took 0 minutes and 5 seconds.
****************************************
Nine parameter search.  iteration 4 nscales = 2 ...
****************************************
Result so far: scale 0.062: max_log_p=-3.501, old_max_log_p =-3.525 (thresh=-3.5)
 1.03644   0.03071  -0.05566  -1.54409;
-0.01027   1.08329   0.31925   0.69571;
 0.06427  -0.28818   0.84963   37.92311;
 0.00000   0.00000   0.00000   1.00000;
iteration took 0 minutes and 5 seconds.
****************************************
Nine parameter search.  iteration 5 nscales = 2 ...
****************************************
Result so far: scale 0.062: max_log_p=-3.488, old_max_log_p =-3.501 (thresh=-3.5)
 1.04009   0.03082  -0.05585  -1.99566;
-0.01027   1.08329   0.31925   0.69571;
 0.06434  -0.28852   0.85062   37.84402;
 0.00000   0.00000   0.00000   1.00000;
iteration took 0 minutes and 5 seconds.
****************************************
Nine parameter search.  iteration 6 nscales = 2 ...
****************************************
Result so far: scale 0.062: max_log_p=-3.485, old_max_log_p =-3.488 (thresh=-3.5)
 1.04131   0.03086  -0.05592  -2.14658;
-0.01027   1.08329   0.31925   0.69571;
 0.06427  -0.28818   0.84963   37.92321;
 0.00000   0.00000   0.00000   1.00000;
min search scale 0.025000 reached
***********************************************
Computing MAP estimate using 2841 samples...
***********************************************
dt = 5.00e-06, momentum=0.80, tol=1.00e-05
l_intensity = 1.0000
Aligning input volume to GCA...
Transform matrix
 1.04131   0.03086  -0.05592  -2.14658;
-0.01027   1.08329   0.31925   0.69571;
 0.06427  -0.28818   0.84963   37.92321;
 0.00000   0.00000   0.00000   1.00000;
nsamples 2841
Quasinewton: input matrix
 1.04131   0.03086  -0.05592  -2.14658;
-0.01027   1.08329   0.31925   0.69571;
 0.06427  -0.28818   0.84963   37.92321;
 0.00000   0.00000   0.00000   1.00000;
 IFLAG= -1  LINE SEARCH FAILED. SEE DOCUMENTATION OF ROUTINE MCSRCH ERROR RETURN OF LINE SEARCH: INFO= 3 POSSIBLE CAUSES: FUNCTION OR GRADIENT ARE INCORRECT OR INCORRECT TOLERANCESoutof QuasiNewtonEMA: 009: -log(p) =   -0.0  tol 0.000010
Resulting transform:
 1.04131   0.03086  -0.05592  -2.14658;
-0.01027   1.08329   0.31925   0.69571;
 0.06427  -0.28818   0.84963   37.92321;
 0.00000   0.00000   0.00000   1.00000;

pass 1, spacing 8: log(p) = -3.485 (old=-4.763)
transform before final EM align:
 1.04131   0.03086  -0.05592  -2.14658;
-0.01027   1.08329   0.31925   0.69571;
 0.06427  -0.28818   0.84963   37.92321;
 0.00000   0.00000   0.00000   1.00000;

**************************************************
 EM alignment process ...
 Computing final MAP estimate using 315638 samples. 
**************************************************
dt = 5.00e-06, momentum=0.80, tol=1.00e-07
l_intensity = 1.0000
Aligning input volume to GCA...
Transform matrix
 1.04131   0.03086  -0.05592  -2.14658;
-0.01027   1.08329   0.31925   0.69571;
 0.06427  -0.28818   0.84963   37.92321;
 0.00000   0.00000   0.00000   1.00000;
nsamples 315638
Quasinewton: input matrix
 1.04131   0.03086  -0.05592  -2.14658;
-0.01027   1.08329   0.31925   0.69571;
 0.06427  -0.28818   0.84963   37.92321;
 0.00000   0.00000   0.00000   1.00000;
 IFLAG= -1  LINE SEARCH FAILED. SEE DOCUMENTATION OF ROUTINE MCSRCH ERROR RETURN OF LINE SEARCH: INFO= 3 POSSIBLE CAUSES: FUNCTION OR GRADIENT ARE INCORRECT OR INCORRECT TOLERANCESoutof QuasiNewtonEMA: 011: -log(p) =    3.9  tol 0.000000
final transform:
 1.04131   0.03086  -0.05592  -2.14658;
-0.01027   1.08329   0.31925   0.69571;
 0.06427  -0.28818   0.84963   37.92321;
 0.00000   0.00000   0.00000   1.00000;

writing output transformation to transforms/talairach.lta...
#VMPC# mri_em_register VmPeak  831636
FSRUNTIME@ mri_em_register  0.0149 hours 8 threads
registration took 0 minutes and 54 seconds.
@#@FSTIME  2026:09:04:11:00:05 mri_em_register N 7 e 53.82 S 0.68 U 327.40 P 609% M 616512 F 0 R 166707 W 0 c 1072 w 192 I 139952 O 16 L 4.17 1.97 1.11
@#@FSLOADPOST 2026:09:04:11:00:59 mri_em_register N 7 5.45 2.68 1.40
#--------------------------------------
#@# CA Normalize Fri Sep  4 11:00:59 CEST 2026
/home/ts/develop/subject1/derived/FreeSurfer/7.4.1/subjects_dir/sub-01/mri

 mri_ca_normalize -c ctrl_pts.mgz -mask brainmask.mgz nu.mgz /home/ts/software/freesurfer/freesurfer7.4.1/average/RB_all_2020-01-02.gca transforms/talairach.lta norm.mgz 

writing control point volume to ctrl_pts.mgz
using MR volume brainmask.mgz to mask input volume...
reading 1 input volume
reading atlas from '/home/ts/software/freesurfer/freesurfer7.4.1/average/RB_all_2020-01-02.gca'...
reading transform from 'transforms/talairach.lta'...
reading input volume from nu.mgz...
resetting wm mean[0]: 98 --> 107
resetting gm mean[0]: 61 --> 61
input volume #1 is the most T1-like
using real data threshold=17.9
skull bounding box = (60, 17, 20) --> (193, 166, 189)
finding center of left hemi white matter
using (104, 67, 105) as brain centroid of Right_Cerebral_White_Matter...
mean wm in atlas = 107, using box (88,49,84) --> (120, 85,125) to find MRI wm
before smoothing, mri peak at 105
robust fit to distribution - 106 +- 5.0
after smoothing, mri peak at 106, scaling input intensities by 1.009
scaling channel 0 by 1.00943
using 246437 sample points...
INFO: compute sample coordinates transform
 1.04131   0.03086  -0.05592  -2.14658;
-0.01027   1.08329   0.31925   0.69571;
 0.06427  -0.28818   0.84963   37.92321;
 0.00000   0.00000   0.00000   1.00000;
INFO: transform used
finding control points in Left_Cerebral_White_Matter....
found 40230 control points for structure...
bounding box (121, 23, 14) --> (189, 133, 195)
Left_Cerebral_White_Matter: limiting intensities to 98.0 --> 132.0
1 of 2832 (0.0%) samples deleted
finding control points in Right_Cerebral_White_Matter....
found 39478 control points for structure...
bounding box (64, 21, 14) --> (130, 124, 198)
Right_Cerebral_White_Matter: limiting intensities to 97.0 --> 132.0
0 of 3149 (0.0%) samples deleted
finding control points in Left_Cerebellum_White_Matter....
found 3105 control points for structure...
bounding box (124, 104, 46) --> (171, 146, 106)
Left_Cerebellum_White_Matter: limiting intensities to 120.0 --> 132.0
13 of 31 (41.9%) samples deleted
finding control points in Right_Cerebellum_White_Matter....
found 2710 control points for structure...
bounding box (81, 103, 46) --> (124, 144, 109)
Right_Cerebellum_White_Matter: limiting intensities to 108.0 --> 132.0
0 of 24 (0.0%) samples deleted
finding control points in Brain_Stem....
found 3475 control points for structure...
bounding box (110, 92, 86) --> (143, 154, 120)
Brain_Stem: limiting intensities to 88.0 --> 132.0
0 of 11 (0.0%) samples deleted
using 6047 total control points for intensity normalization...
bias field = 0.960 +- 0.048
50 of 6033 control points discarded
finding control points in Left_Cerebral_White_Matter....
found 40230 control points for structure...
bounding box (121, 23, 14) --> (189, 133, 195)
Left_Cerebral_White_Matter: limiting intensities to 90.0 --> 132.0
1 of 3399 (0.0%) samples deleted
finding control points in Right_Cerebral_White_Matter....
found 39478 control points for structure...
bounding box (64, 21, 14) --> (130, 124, 198)
Right_Cerebral_White_Matter: limiting intensities to 89.0 --> 132.0
4 of 3836 (0.1%) samples deleted
finding control points in Left_Cerebellum_White_Matter....
found 3105 control points for structure...
bounding box (124, 104, 46) --> (171, 146, 106)
Left_Cerebellum_White_Matter: limiting intensities to 89.0 --> 132.0
0 of 83 (0.0%) samples deleted
finding control points in Right_Cerebellum_White_Matter....
found 2710 control points for structure...
bounding box (81, 103, 46) --> (124, 144, 109)
Right_Cerebellum_White_Matter: limiting intensities to 88.0 --> 132.0
1 of 85 (1.2%) samples deleted
finding control points in Brain_Stem....
found 3475 control points for structure...
bounding box (110, 92, 86) --> (143, 154, 120)
Brain_Stem: limiting intensities to 88.0 --> 132.0
6 of 76 (7.9%) samples deleted
using 7479 total control points for intensity normalization...
bias field = 1.042 +- 0.055
57 of 7387 control points discarded
finding control points in Left_Cerebral_White_Matter....
found 40230 control points for structure...
bounding box (121, 23, 14) --> (189, 133, 195)
Left_Cerebral_White_Matter: limiting intensities to 89.0 --> 132.0
2 of 3451 (0.1%) samples deleted
finding control points in Right_Cerebral_White_Matter....
found 39478 control points for structure...
bounding box (64, 21, 14) --> (130, 124, 198)
Right_Cerebral_White_Matter: limiting intensities to 88.0 --> 132.0
5 of 3831 (0.1%) samples deleted
finding control points in Left_Cerebellum_White_Matter....
found 3105 control points for structure...
bounding box (124, 104, 46) --> (171, 146, 106)
Left_Cerebellum_White_Matter: limiting intensities to 88.0 --> 132.0
7 of 108 (6.5%) samples deleted
finding control points in Right_Cerebellum_White_Matter....
found 2710 control points for structure...
bounding box (81, 103, 46) --> (124, 144, 109)
Right_Cerebellum_White_Matter: limiting intensities to 88.0 --> 132.0
14 of 141 (9.9%) samples deleted
finding control points in Brain_Stem....
found 3475 control points for structure...
bounding box (110, 92, 86) --> (143, 154, 120)
Brain_Stem: limiting intensities to 88.0 --> 132.0
77 of 163 (47.2%) samples deleted
using 7694 total control points for intensity normalization...
bias field = 1.045 +- 0.048
18 of 7481 control points discarded
writing normalized volume to norm.mgz...
writing control points to ctrl_pts.mgz
freeing GCA...done.
normalization took 0 minutes and 33 seconds.
@#@FSTIME  2026:09:04:11:00:59 mri_ca_normalize N 8 e 33.46 S 0.51 U 35.73 P 108% M 710764 F 16 R 408838 W 0 c 504 w 306 I 1096 O 4088 L 5.45 2.68 1.40
@#@FSLOADPOST 2026:09:04:11:01:33 mri_ca_normalize N 8 3.48 2.49 1.38
#--------------------------------------
#@# CA Reg Fri Sep  4 11:01:33 CEST 2026
/home/ts/develop/subject1/derived/FreeSurfer/7.4.1/subjects_dir/sub-01/mri

 mri_ca_register -nobigventricles -T transforms/talairach.lta -align-after -mask brainmask.mgz norm.mgz /home/ts/software/freesurfer/freesurfer7.4.1/average/RB_all_2020-01-02.gca transforms/talairach.m3z 

not handling expanded ventricles...
using previously computed transform transforms/talairach.lta
renormalizing sequences with structure alignment, equivalent to:
	-renormalize
	-regularize_mean 0.500
	-regularize 0.500
using MR volume brainmask.mgz to mask input volume...

== Number of threads available to mri_ca_register for OpenMP = 8 == 
reading 1 input volumes...
logging results to talairach.log
reading input volume 'norm.mgz'...
reading GCA '/home/ts/software/freesurfer/freesurfer7.4.1/average/RB_all_2020-01-02.gca'...
label assignment complete, 0 changed (0.00%)
freeing gibbs priors...done.
average std[0] = 5.0
Starting GCAMregister()
label assignment complete, 0 changed (0.00%)
npasses = 1, nlevels = 6
#pass# 1 of 1 ************************
enabling zero nodes
setting smoothness cost coefficient to 0.156

#GCAMreg# pass 0 level1 5 level2 0 tsec 0 sigma 2
l_jacobian=1.00 l_label=1.00 l_log_likelihood=0.20 l_smoothness=0.16 
tol=2.50e-01, dt=5.00e-02, exp_k=20.0, momentum=0.90, levels=6, niter=500, lbl_dist=10.00, avgs=256, sigma=2.0,type=2, relabel=0, neg=no

blurring input image with Gaussian with sigma=2.000...
GCAMRegisterLevel(): init RMS 0.85998











































#GCAMreg# pass 0 level1 5 level2 1 tsec 87.049 sigma 0.5
l_jacobian=1.00 l_label=1.00 l_log_likelihood=0.20 l_smoothness=0.16 
tol=2.50e-01, dt=5.00e-02, exp_k=20.0, momentum=0.90, levels=6, niter=500, lbl_dist=10.00, avgs=256, sigma=0.5,type=2, relabel=0, neg=no

blurring input image with Gaussian with sigma=0.500...
GCAMRegisterLevel(): init RMS 0.679366


setting smoothness cost coefficient to 0.615

#GCAMreg# pass 0 level1 4 level2 0 tsec 0 sigma 2
l_jacobian=1.00 l_label=1.00 l_log_likelihood=0.20 l_smoothness=0.62 
tol=2.50e-01, dt=5.00e-02, exp_k=20.0, momentum=0.90, levels=6, niter=500, lbl_dist=10.00, avgs=64, sigma=2.0,type=2, relabel=0, neg=no

blurring input image with Gaussian with sigma=2.000...
GCAMRegisterLevel(): init RMS 0.689084














#GCAMreg# pass 0 level1 4 level2 1 tsec 29.582 sigma 0.5
l_jacobian=1.00 l_label=1.00 l_log_likelihood=0.20 l_smoothness=0.62 
tol=2.50e-01, dt=5.00e-02, exp_k=20.0, momentum=0.90, levels=6, niter=500, lbl_dist=10.00, avgs=64, sigma=0.5,type=2, relabel=0, neg=no

blurring input image with Gaussian with sigma=0.500...
GCAMRegisterLevel(): init RMS 0.662073

setting smoothness cost coefficient to 2.353

#GCAMreg# pass 0 level1 3 level2 0 tsec 0 sigma 2
l_jacobian=1.00 l_label=1.00 l_log_likelihood=0.20 l_smoothness=2.35 
tol=2.50e-01, dt=5.00e-02, exp_k=20.0, momentum=0.90, levels=6, niter=500, lbl_dist=10.00, avgs=16, sigma=2.0,type=2, relabel=0, neg=no

blurring input image with Gaussian with sigma=2.000...
GCAMRegisterLevel(): init RMS 0.693695




#GCAMreg# pass 0 level1 3 level2 1 tsec 12.139 sigma 0.5
l_jacobian=1.00 l_label=1.00 l_log_likelihood=0.20 l_smoothness=2.35 
tol=2.50e-01, dt=5.00e-02, exp_k=20.0, momentum=0.90, levels=6, niter=500, lbl_dist=10.00, avgs=16, sigma=0.5,type=2, relabel=0, neg=no

blurring input image with Gaussian with sigma=0.500...
GCAMRegisterLevel(): init RMS 0.693626

setting smoothness cost coefficient to 8.000

#GCAMreg# pass 0 level1 2 level2 0 tsec 0 sigma 2
l_jacobian=1.00 l_label=1.00 l_log_likelihood=0.20 l_smoothness=8.00 
tol=2.50e-01, dt=5.00e-02, exp_k=20.0, momentum=0.90, levels=6, niter=500, lbl_dist=10.00, avgs=4, sigma=2.0,type=2, relabel=0, neg=no

blurring input image with Gaussian with sigma=2.000...
GCAMRegisterLevel(): init RMS 0.781114




#GCAMreg# pass 0 level1 2 level2 1 tsec 13.813 sigma 0.5
l_jacobian=1.00 l_label=1.00 l_log_likelihood=0.20 l_smoothness=8.00 
tol=2.50e-01, dt=5.00e-02, exp_k=20.0, momentum=0.90, levels=6, niter=500, lbl_dist=10.00, avgs=4, sigma=0.5,type=2, relabel=0, neg=no

blurring input image with Gaussian with sigma=0.500...
GCAMRegisterLevel(): init RMS 0.750622

setting smoothness cost coefficient to 20.000

#GCAMreg# pass 0 level1 1 level2 0 tsec 0 sigma 2
l_jacobian=1.00 l_label=1.00 l_log_likelihood=0.20 l_smoothness=20.00 
tol=2.50e-01, dt=5.00e-02, exp_k=20.0, momentum=0.90, levels=6, niter=500, lbl_dist=10.00, avgs=1, sigma=2.0,type=2, relabel=0, neg=no

blurring input image with Gaussian with sigma=2.000...
GCAMRegisterLevel(): init RMS 0.820699













#GCAMreg# pass 0 level1 1 level2 1 tsec 26.187 sigma 0.5
l_jacobian=1.00 l_label=1.00 l_log_likelihood=0.20 l_smoothness=20.00 
tol=2.50e-01, dt=5.00e-02, exp_k=20.0, momentum=0.90, levels=6, niter=500, lbl_dist=10.00, avgs=1, sigma=0.5,type=2, relabel=0, neg=no

blurring input image with Gaussian with sigma=0.500...
GCAMRegisterLevel(): init RMS 0.799885







resetting metric properties...
setting smoothness cost coefficient to 40.000

#GCAMreg# pass 0 level1 0 level2 0 tsec 0 sigma 2
l_jacobian=1.00 l_label=1.00 l_log_likelihood=0.20 l_smoothness=40.00 
tol=2.50e-01, dt=5.00e-02, exp_k=20.0, momentum=0.90, levels=6, niter=500, lbl_dist=10.00, avgs=0, sigma=2.0,type=2, relabel=0, neg=no

blurring input image with Gaussian with sigma=2.000...
GCAMRegisterLevel(): init RMS 0.74907



#GCAMreg# pass 0 level1 0 level2 1 tsec 9.888 sigma 0.5
l_jacobian=1.00 l_label=1.00 l_log_likelihood=0.20 l_smoothness=40.00 
tol=2.50e-01, dt=5.00e-02, exp_k=20.0, momentum=0.90, levels=6, niter=500, lbl_dist=10.00, avgs=0, sigma=0.5,type=2, relabel=0, neg=no

blurring input image with Gaussian with sigma=0.500...
GCAMRegisterLevel(): init RMS 0.743998


GCAMregister done in 3.80648 min
Starting GCAmapRenormalizeWithAlignment() without scales
renormalizing by structure alignment....
renormalizing input #0
gca peak = 0.10253 (16)
mri peak = 0.17606 (15)
Left_Lateral_Ventricle (4): linear fit = 0.80 x + 0.0 (2121 voxels, overlap=0.479)
Left_Lateral_Ventricle (4): linear fit = 0.80 x + 0.0 (2121 voxels, peak = 13), gca=12.7
gca peak = 0.17690 (16)
mri peak = 0.13789 (18)
Right_Lateral_Ventricle (43): linear fit = 1.03 x + 0.0 (1087 voxels, overlap=0.827)
Right_Lateral_Ventricle (43): linear fit = 1.03 x + 0.0 (1087 voxels, peak = 17), gca=16.6
gca peak = 0.28275 (96)
mri peak = 0.09944 (95)
Right_Pallidum (52): linear fit = 0.98 x + 0.0 (907 voxels, overlap=1.001)
Right_Pallidum (52): linear fit = 0.98 x + 0.0 (907 voxels, peak = 94), gca=93.6
gca peak = 0.18948 (93)
mri peak = 0.12807 (95)
Left_Pallidum (13): linear fit = 1.03 x + 0.0 (772 voxels, overlap=0.778)
Left_Pallidum (13): linear fit = 1.03 x + 0.0 (772 voxels, peak = 96), gca=96.3
gca peak = 0.20755 (55)
mri peak = 0.11197 (65)
Right_Hippocampus (53): linear fit = 1.12 x + 0.0 (1091 voxels, overlap=0.558)
Right_Hippocampus (53): linear fit = 1.12 x + 0.0 (1091 voxels, peak = 61), gca=61.3
gca peak = 0.31831 (58)
mri peak = 0.10191 (63)
Left_Hippocampus (17): linear fit = 1.10 x + 0.0 (968 voxels, overlap=0.997)
Left_Hippocampus (17): linear fit = 1.10 x + 0.0 (968 voxels, peak = 64), gca=63.5
gca peak = 0.11957 (102)
mri peak = 0.09876 (103)
Right_Cerebral_White_Matter (41): linear fit = 1.01 x + 0.0 (67957 voxels, overlap=0.772)
Right_Cerebral_White_Matter (41): linear fit = 1.01 x + 0.0 (67957 voxels, peak = 104), gca=103.5
gca peak = 0.11429 (102)
mri peak = 0.10316 (103)
Left_Cerebral_White_Matter (2): linear fit = 1.01 x + 0.0 (69083 voxels, overlap=0.785)
Left_Cerebral_White_Matter (2): linear fit = 1.01 x + 0.0 (69083 voxels, peak = 104), gca=103.5
gca peak = 0.14521 (59)
mri peak = 0.04124 (60)
Left_Cerebral_Cortex (3): linear fit = 1.12 x + 0.0 (22573 voxels, overlap=0.777)
Left_Cerebral_Cortex (3): linear fit = 1.12 x + 0.0 (22573 voxels, peak = 66), gca=66.4
gca peak = 0.14336 (58)
mri peak = 0.04382 (60)
Right_Cerebral_Cortex (42): linear fit = 1.08 x + 0.0 (22785 voxels, overlap=0.788)
Right_Cerebral_Cortex (42): linear fit = 1.08 x + 0.0 (22785 voxels, peak = 62), gca=62.4
gca peak = 0.13305 (70)
mri peak = 0.11562 (69)
Right_Caudate (50): linear fit = 1.04 x + 0.0 (629 voxels, overlap=0.761)
Right_Caudate (50): linear fit = 1.04 x + 0.0 (629 voxels, peak = 73), gca=73.1
gca peak = 0.15761 (71)
mri peak = 0.08863 (72)
Left_Caudate (11): linear fit = 1.00 x + 0.0 (1085 voxels, overlap=0.962)
Left_Caudate (11): linear fit = 1.00 x + 0.0 (1085 voxels, peak = 71), gca=71.0
gca peak = 0.13537 (57)
mri peak = 0.03915 (64)
Left_Cerebellum_Cortex (8): linear fit = 1.18 x + 0.0 (26104 voxels, overlap=0.468)
Left_Cerebellum_Cortex (8): linear fit = 1.18 x + 0.0 (26104 voxels, peak = 68), gca=67.5
gca peak = 0.13487 (56)
mri peak = 0.04639 (62)
Right_Cerebellum_Cortex (47): linear fit = 1.13 x + 0.0 (31750 voxels, overlap=0.779)
Right_Cerebellum_Cortex (47): linear fit = 1.13 x + 0.0 (31750 voxels, peak = 64), gca=63.6
gca peak = 0.19040 (84)
mri peak = 0.07773 (92)
Left_Cerebellum_White_Matter (7): linear fit = 1.12 x + 0.0 (9602 voxels, overlap=0.115)
Left_Cerebellum_White_Matter (7): linear fit = 1.12 x + 0.0 (9602 voxels, peak = 94), gca=94.5
gca peak = 0.18871 (83)
mri peak = 0.09256 (90)
Right_Cerebellum_White_Matter (46): linear fit = 1.09 x + 0.0 (8468 voxels, overlap=0.382)
Right_Cerebellum_White_Matter (46): linear fit = 1.09 x + 0.0 (8468 voxels, peak = 90), gca=90.1
gca peak = 0.24248 (57)
mri peak = 0.08163 (64)
Left_Amygdala (18): linear fit = 1.12 x + 0.0 (515 voxels, overlap=0.257)
Left_Amygdala (18): linear fit = 1.12 x + 0.0 (515 voxels, peak = 64), gca=64.1
gca peak = 0.35833 (56)
mri peak = 0.08716 (65)
Right_Amygdala (54): linear fit = 1.13 x + 0.0 (660 voxels, overlap=0.029)
Right_Amygdala (54): linear fit = 1.13 x + 0.0 (660 voxels, peak = 64), gca=63.6
gca peak = 0.12897 (85)
mri peak = 0.06601 (89)
Left_Thalamus (10): linear fit = 1.01 x + 0.0 (6102 voxels, overlap=0.972)
Left_Thalamus (10): linear fit = 1.01 x + 0.0 (6102 voxels, peak = 86), gca=86.3
gca peak = 0.13127 (83)
mri peak = 0.07588 (89)
Right_Thalamus (49): linear fit = 1.02 x + 0.0 (5150 voxels, overlap=0.859)
Right_Thalamus (49): linear fit = 1.02 x + 0.0 (5150 voxels, peak = 85), gca=85.1
gca peak = 0.12974 (78)
mri peak = 0.08337 (84)
Left_Putamen (12): linear fit = 1.04 x + 0.0 (2487 voxels, overlap=0.769)
Left_Putamen (12): linear fit = 1.04 x + 0.0 (2487 voxels, peak = 82), gca=81.5
gca peak = 0.17796 (79)
mri peak = 0.09998 (78)
Right_Putamen (51): linear fit = 1.01 x + 0.0 (2722 voxels, overlap=0.996)
Right_Putamen (51): linear fit = 1.01 x + 0.0 (2722 voxels, peak = 80), gca=80.2
gca peak = 0.10999 (80)
mri peak = 0.09492 (85)
Brain_Stem (16): linear fit = 1.10 x + 0.0 (12386 voxels, overlap=0.416)
Brain_Stem (16): linear fit = 1.10 x + 0.0 (12386 voxels, peak = 88), gca=87.6
gca peak = 0.13215 (88)
mri peak = 0.07263 (91)
Right_VentralDC (60): linear fit = 1.09 x + 0.0 (1233 voxels, overlap=0.586)
Right_VentralDC (60): linear fit = 1.09 x + 0.0 (1233 voxels, peak = 95), gca=95.5
gca peak = 0.11941 (89)
mri peak = 0.07736 (91)
Left_VentralDC (28): linear fit = 1.11 x + 0.0 (1277 voxels, overlap=0.627)
Left_VentralDC (28): linear fit = 1.11 x + 0.0 (1277 voxels, peak = 98), gca=98.3
gca peak = 0.20775 (25)
mri peak = 0.06320 (22)
gca peak = 0.13297 (21)
mri peak = 0.21333 (20)
Fourth_Ventricle (15): linear fit = 0.93 x + 0.0 (580 voxels, overlap=0.715)
Fourth_Ventricle (15): linear fit = 0.93 x + 0.0 (580 voxels, peak = 19), gca=19.4
gca peak Unknown = 0.94777 ( 0)
gca peak Left_Inf_Lat_Vent = 0.19087 (28)
gca peak Third_Ventricle = 0.20775 (25)
gca peak CSF = 0.16821 (33)
gca peak Left_Accumbens_area = 0.32850 (63)
gca peak Left_undetermined = 0.98480 (28)
gca peak Left_vessel = 0.40887 (53)
gca peak Left_choroid_plexus = 0.10898 (46)
gca peak Right_Inf_Lat_Vent = 0.17798 (26)
gca peak Right_Accumbens_area = 0.30137 (64)
gca peak Right_vessel = 0.47828 (52)
gca peak Right_choroid_plexus = 0.11612 (45)
gca peak Fifth_Ventricle = 0.59466 (35)
gca peak WM_hypointensities = 0.10053 (78)
gca peak non_WM_hypointensities = 0.07253 (60)
gca peak Optic_Chiasm = 0.25330 (73)
not using caudate to estimate GM means
estimating mean gm scale to be 1.11 x + 0.0
estimating mean wm scale to be 1.01 x + 0.0
estimating mean csf scale to be 0.92 x + 0.0
saving intensity scales to talairach.label_intensities.txt
GCAmapRenormalizeWithAlignment() took 1.58025 min
noneg pre
Starting GCAMregister()
label assignment complete, 0 changed (0.00%)
npasses = 1, nlevels = 6
#pass# 1 of 1 ************************
enabling zero nodes
setting smoothness cost coefficient to 0.008

#GCAMreg# pass 0 level1 5 level2 0 tsec 0 sigma 2
l_jacobian=1.00 l_label=1.00 l_log_likelihood=0.20 l_smoothness=0.01 
tol=5.00e-02, dt=5.00e-02, exp_k=20.0, momentum=0.90, levels=6, niter=500, lbl_dist=10.00, avgs=256, sigma=2.0,type=2, relabel=0, neg=no

blurring input image with Gaussian with sigma=2.000...
GCAMRegisterLevel(): init RMS 0.761495
































































































































#GCAMreg# pass 0 level1 5 level2 1 tsec 220.073 sigma 0.5
l_jacobian=1.00 l_label=1.00 l_log_likelihood=0.20 l_smoothness=0.01 
tol=5.00e-02, dt=5.00e-02, exp_k=20.0, momentum=0.90, levels=6, niter=500, lbl_dist=10.00, avgs=256, sigma=0.5,type=2, relabel=0, neg=no

blurring input image with Gaussian with sigma=0.500...
GCAMRegisterLevel(): init RMS 0.628132









setting smoothness cost coefficient to 0.031

#GCAMreg# pass 0 level1 4 level2 0 tsec 0 sigma 2
l_jacobian=1.00 l_label=1.00 l_log_likelihood=0.20 l_smoothness=0.03 
tol=5.00e-02, dt=5.00e-02, exp_k=20.0, momentum=0.90, levels=6, niter=500, lbl_dist=10.00, avgs=64, sigma=2.0,type=2, relabel=0, neg=no

blurring input image with Gaussian with sigma=2.000...
GCAMRegisterLevel(): init RMS 0.629537















































































































#GCAMreg# pass 0 level1 4 level2 1 tsec 193.613 sigma 0.5
l_jacobian=1.00 l_label=1.00 l_log_likelihood=0.20 l_smoothness=0.03 
tol=5.00e-02, dt=5.00e-02, exp_k=20.0, momentum=0.90, levels=6, niter=500, lbl_dist=10.00, avgs=64, sigma=0.5,type=2, relabel=0, neg=no

blurring input image with Gaussian with sigma=0.500...
GCAMRegisterLevel(): init RMS 0.552843












































setting smoothness cost coefficient to 0.118

#GCAMreg# pass 0 level1 3 level2 0 tsec 0 sigma 2
l_jacobian=1.00 l_label=1.00 l_log_likelihood=0.20 l_smoothness=0.12 
tol=5.00e-02, dt=5.00e-02, exp_k=20.0, momentum=0.90, levels=6, niter=500, lbl_dist=10.00, avgs=16, sigma=2.0,type=2, relabel=0, neg=no

blurring input image with Gaussian with sigma=2.000...
GCAMRegisterLevel(): init RMS 0.553838















































#GCAMreg# pass 0 level1 3 level2 1 tsec 108.163 sigma 0.5
l_jacobian=1.00 l_label=1.00 l_log_likelihood=0.20 l_smoothness=0.12 
tol=5.00e-02, dt=5.00e-02, exp_k=20.0, momentum=0.90, levels=6, niter=500, lbl_dist=10.00, avgs=16, sigma=0.5,type=2, relabel=0, neg=no

blurring input image with Gaussian with sigma=0.500...
GCAMRegisterLevel(): init RMS 0.514342
























































setting smoothness cost coefficient to 0.400

#GCAMreg# pass 0 level1 2 level2 0 tsec 0 sigma 2
l_jacobian=1.00 l_label=1.00 l_log_likelihood=0.20 l_smoothness=0.40 
tol=5.00e-02, dt=5.00e-02, exp_k=20.0, momentum=0.90, levels=6, niter=500, lbl_dist=10.00, avgs=4, sigma=2.0,type=2, relabel=0, neg=no

blurring input image with Gaussian with sigma=2.000...
GCAMRegisterLevel(): init RMS 0.526386



#GCAMreg# pass 0 level1 2 level2 1 tsec 8.222 sigma 0.5
l_jacobian=1.00 l_label=1.00 l_log_likelihood=0.20 l_smoothness=0.40 
tol=5.00e-02, dt=5.00e-02, exp_k=20.0, momentum=0.90, levels=6, niter=500, lbl_dist=10.00, avgs=4, sigma=0.5,type=2, relabel=0, neg=no

blurring input image with Gaussian with sigma=0.500...
GCAMRegisterLevel(): init RMS 0.526386


setting smoothness cost coefficient to 1.000

#GCAMreg# pass 0 level1 1 level2 0 tsec 0 sigma 2
l_jacobian=1.00 l_label=1.00 l_log_likelihood=0.20 l_smoothness=1.00 
tol=5.00e-02, dt=5.00e-02, exp_k=20.0, momentum=0.90, levels=6, niter=500, lbl_dist=10.00, avgs=1, sigma=2.0,type=2, relabel=0, neg=no

blurring input image with Gaussian with sigma=2.000...
GCAMRegisterLevel(): init RMS 0.57856



#GCAMreg# pass 0 level1 1 level2 1 tsec 8.061 sigma 0.5
l_jacobian=1.00 l_label=1.00 l_log_likelihood=0.20 l_smoothness=1.00 
tol=5.00e-02, dt=5.00e-02, exp_k=20.0, momentum=0.90, levels=6, niter=500, lbl_dist=10.00, avgs=1, sigma=0.5,type=2, relabel=0, neg=no

blurring input image with Gaussian with sigma=0.500...
GCAMRegisterLevel(): init RMS 0.576073


resetting metric properties...
setting smoothness cost coefficient to 2.000

#GCAMreg# pass 0 level1 0 level2 0 tsec 0 sigma 2
l_jacobian=1.00 l_label=1.00 l_log_likelihood=0.20 l_smoothness=2.00 
tol=5.00e-02, dt=5.00e-02, exp_k=20.0, momentum=0.90, levels=6, niter=500, lbl_dist=10.00, avgs=0, sigma=2.0,type=2, relabel=0, neg=no

blurring input image with Gaussian with sigma=2.000...
GCAMRegisterLevel(): init RMS 0.506376






























#GCAMreg# pass 0 level1 0 level2 1 tsec 44.312 sigma 0.5
l_jacobian=1.00 l_label=1.00 l_log_likelihood=0.20 l_smoothness=2.00 
tol=5.00e-02, dt=5.00e-02, exp_k=20.0, momentum=0.90, levels=6, niter=500, lbl_dist=10.00, avgs=0, sigma=0.5,type=2, relabel=0, neg=no

blurring input image with Gaussian with sigma=0.500...
GCAMRegisterLevel(): init RMS 0.481421





GCAMregister done in 12.508 min
********************* ALLOWING NEGATIVE NODES IN DEFORMATION********************************
noneg post
Starting GCAMregister()
label assignment complete, 0 changed (0.00%)
npasses = 1, nlevels = 6
#pass# 1 of 1 ************************
enabling zero nodes
setting smoothness cost coefficient to 0.008

#GCAMreg# pass 0 level1 5 level2 0 tsec 0 sigma 2
l_jacobian=1.00 l_label=1.00 l_log_likelihood=0.20 l_smoothness=0.01 
tol=2.50e-01, dt=5.00e-02, exp_k=20.0, momentum=0.90, levels=6, niter=500, lbl_dist=10.00, avgs=256, sigma=2.0,type=2, relabel=0, neg=yes

blurring input image with Gaussian with sigma=2.000...
GCAMRegisterLevel(): init RMS 0.474639


#GCAMreg# pass 0 level1 5 level2 1 tsec 8.042 sigma 0.5
l_jacobian=1.00 l_label=1.00 l_log_likelihood=0.20 l_smoothness=0.01 
tol=2.50e-01, dt=5.00e-02, exp_k=20.0, momentum=0.90, levels=6, niter=500, lbl_dist=10.00, avgs=256, sigma=0.5,type=2, relabel=0, neg=yes

blurring input image with Gaussian with sigma=0.500...
GCAMRegisterLevel(): init RMS 0.474639









setting smoothness cost coefficient to 0.031

#GCAMreg# pass 0 level1 4 level2 0 tsec 0 sigma 2
l_jacobian=1.00 l_label=1.00 l_log_likelihood=0.20 l_smoothness=0.03 
tol=2.50e-01, dt=5.00e-02, exp_k=20.0, momentum=0.90, levels=6, niter=500, lbl_dist=10.00, avgs=64, sigma=2.0,type=2, relabel=0, neg=yes

blurring input image with Gaussian with sigma=2.000...
GCAMRegisterLevel(): init RMS 0.47346




#GCAMreg# pass 0 level1 4 level2 1 tsec 9.903 sigma 0.5
l_jacobian=1.00 l_label=1.00 l_log_likelihood=0.20 l_smoothness=0.03 
tol=2.50e-01, dt=5.00e-02, exp_k=20.0, momentum=0.90, levels=6, niter=500, lbl_dist=10.00, avgs=64, sigma=0.5,type=2, relabel=0, neg=yes

blurring input image with Gaussian with sigma=0.500...
GCAMRegisterLevel(): init RMS 0.473187



iter 0, gcam->neg = 1
after 0 iterations, nbhd size=0, neg = 0








setting smoothness cost coefficient to 0.118

#GCAMreg# pass 0 level1 3 level2 0 tsec 0 sigma 2
l_jacobian=1.00 l_label=1.00 l_log_likelihood=0.20 l_smoothness=0.12 
tol=2.50e-01, dt=5.00e-02, exp_k=20.0, momentum=0.90, levels=6, niter=500, lbl_dist=10.00, avgs=16, sigma=2.0,type=2, relabel=0, neg=yes

blurring input image with Gaussian with sigma=2.000...
GCAMRegisterLevel(): init RMS 0.467285
iter 0, gcam->neg = 2
after 2 iterations, nbhd size=0, neg = 0

iter 0, gcam->neg = 1
after 1 iterations, nbhd size=0, neg = 0

iter 0, gcam->neg = 4
after 1 iterations, nbhd size=0, neg = 0

iter 0, gcam->neg = 2
after 9 iterations, nbhd size=1, neg = 0

iter 0, gcam->neg = 4
after 1 iterations, nbhd size=0, neg = 0

iter 0, gcam->neg = 3
after 1 iterations, nbhd size=0, neg = 0

iter 0, gcam->neg = 6
after 8 iterations, nbhd size=1, neg = 0

iter 0, gcam->neg = 17
after 12 iterations, nbhd size=1, neg = 0

iter 0, gcam->neg = 11
after 12 iterations, nbhd size=1, neg = 0

iter 0, gcam->neg = 4
after 9 iterations, nbhd size=1, neg = 0

iter 0, gcam->neg = 9
after 5 iterations, nbhd size=0, neg = 0

iter 0, gcam->neg = 8
after 16 iterations, nbhd size=2, neg = 0

iter 0, gcam->neg = 8
after 11 iterations, nbhd size=1, neg = 0

iter 0, gcam->neg = 3
after 0 iterations, nbhd size=0, neg = 0

iter 0, gcam->neg = 1
after 4 iterations, nbhd size=0, neg = 0

iter 0, gcam->neg = 3
after 10 iterations, nbhd size=1, neg = 0

iter 0, gcam->neg = 4
after 5 iterations, nbhd size=0, neg = 0

iter 0, gcam->neg = 3
after 0 iterations, nbhd size=0, neg = 0

iter 0, gcam->neg = 4
after 12 iterations, nbhd size=1, neg = 0

iter 0, gcam->neg = 1
after 10 iterations, nbhd size=1, neg = 0

iter 0, gcam->neg = 1
after 0 iterations, nbhd size=0, neg = 0

#GCAMreg# pass 0 level1 3 level2 1 tsec 68.099 sigma 0.5
l_jacobian=1.00 l_label=1.00 l_log_likelihood=0.20 l_smoothness=0.12 
tol=2.50e-01, dt=5.00e-02, exp_k=20.0, momentum=0.90, levels=6, niter=500, lbl_dist=10.00, avgs=16, sigma=0.5,type=2, relabel=0, neg=yes

blurring input image with Gaussian with sigma=0.500...
GCAMRegisterLevel(): init RMS 0.451798




iter 0, gcam->neg = 1
after 0 iterations, nbhd size=0, neg = 0







setting smoothness cost coefficient to 0.400

#GCAMreg# pass 0 level1 2 level2 0 tsec 0 sigma 2
l_jacobian=1.00 l_label=1.00 l_log_likelihood=0.20 l_smoothness=0.40 
tol=2.50e-01, dt=5.00e-02, exp_k=20.0, momentum=0.90, levels=6, niter=500, lbl_dist=10.00, avgs=4, sigma=2.0,type=2, relabel=0, neg=yes

blurring input image with Gaussian with sigma=2.000...
GCAMRegisterLevel(): init RMS 0.448528




#GCAMreg# pass 0 level1 2 level2 1 tsec 9.687 sigma 0.5
l_jacobian=1.00 l_label=1.00 l_log_likelihood=0.20 l_smoothness=0.40 
tol=2.50e-01, dt=5.00e-02, exp_k=20.0, momentum=0.90, levels=6, niter=500, lbl_dist=10.00, avgs=4, sigma=0.5,type=2, relabel=0, neg=yes

blurring input image with Gaussian with sigma=0.500...
GCAMRegisterLevel(): init RMS 0.448514



setting smoothness cost coefficient to 1.000

#GCAMreg# pass 0 level1 1 level2 0 tsec 0 sigma 2
l_jacobian=1.00 l_label=1.00 l_log_likelihood=0.20 l_smoothness=1.00 
tol=2.50e-01, dt=5.00e-02, exp_k=20.0, momentum=0.90, levels=6, niter=500, lbl_dist=10.00, avgs=1, sigma=2.0,type=2, relabel=0, neg=yes

blurring input image with Gaussian with sigma=2.000...
GCAMRegisterLevel(): init RMS 0.457917



#GCAMreg# pass 0 level1 1 level2 1 tsec 8.772 sigma 0.5
l_jacobian=1.00 l_label=1.00 l_log_likelihood=0.20 l_smoothness=1.00 
tol=2.50e-01, dt=5.00e-02, exp_k=20.0, momentum=0.90, levels=6, niter=500, lbl_dist=10.00, avgs=1, sigma=0.5,type=2, relabel=0, neg=yes

blurring input image with Gaussian with sigma=0.500...
GCAMRegisterLevel(): init RMS 0.457432



resetting metric properties...
setting smoothness cost coefficient to 2.000

#GCAMreg# pass 0 level1 0 level2 0 tsec 0 sigma 2
l_jacobian=1.00 l_label=1.00 l_log_likelihood=0.20 l_smoothness=2.00 
tol=2.50e-01, dt=5.00e-02, exp_k=20.0, momentum=0.90, levels=6, niter=500, lbl_dist=10.00, avgs=0, sigma=2.0,type=2, relabel=0, neg=yes

blurring input image with Gaussian with sigma=2.000...
GCAMRegisterLevel(): init RMS 0.448466
iter 0, gcam->neg = 585
after 14 iterations, nbhd size=1, neg = 0



#GCAMreg# pass 0 level1 0 level2 1 tsec 11.586 sigma 0.5
l_jacobian=1.00 l_label=1.00 l_log_likelihood=0.20 l_smoothness=2.00 
tol=2.50e-01, dt=5.00e-02, exp_k=20.0, momentum=0.90, levels=6, niter=500, lbl_dist=10.00, avgs=0, sigma=0.5,type=2, relabel=0, neg=yes

blurring input image with Gaussian with sigma=0.500...
GCAMRegisterLevel(): init RMS 0.417503


label assignment complete, 0 changed (0.00%)
GCAMregister done in 3.35883 min
Starting GCAMcomputeMaxPriorLabels()
Morphing with label term set to 0 *******************************
Starting GCAMregister()
label assignment complete, 0 changed (0.00%)
npasses = 1, nlevels = 6
#pass# 1 of 1 ************************
enabling zero nodes
setting smoothness cost coefficient to 0.008

#GCAMreg# pass 0 level1 5 level2 0 tsec 0 sigma 2
l_jacobian=1.00 l_log_likelihood=0.20 l_smoothness=0.01 
tol=2.50e-01, dt=5.00e-02, exp_k=20.0, momentum=0.90, levels=6, niter=500, lbl_dist=10.00, avgs=256, sigma=2.0,type=2, relabel=0, neg=yes

blurring input image with Gaussian with sigma=2.000...
GCAMRegisterLevel(): init RMS 0.401045

#GCAMreg# pass 0 level1 5 level2 1 tsec 4.277 sigma 0.5
l_jacobian=1.00 l_log_likelihood=0.20 l_smoothness=0.01 
tol=2.50e-01, dt=5.00e-02, exp_k=20.0, momentum=0.90, levels=6, niter=500, lbl_dist=10.00, avgs=256, sigma=0.5,type=2, relabel=0, neg=yes

blurring input image with Gaussian with sigma=0.500...
GCAMRegisterLevel(): init RMS 0.401045



setting smoothness cost coefficient to 0.031

#GCAMreg# pass 0 level1 4 level2 0 tsec 0 sigma 2
l_jacobian=1.00 l_log_likelihood=0.20 l_smoothness=0.03 
tol=2.50e-01, dt=5.00e-02, exp_k=20.0, momentum=0.90, levels=6, niter=500, lbl_dist=10.00, avgs=64, sigma=2.0,type=2, relabel=0, neg=yes

blurring input image with Gaussian with sigma=2.000...
GCAMRegisterLevel(): init RMS 0.401195

#GCAMreg# pass 0 level1 4 level2 1 tsec 4.206 sigma 0.5
l_jacobian=1.00 l_log_likelihood=0.20 l_smoothness=0.03 
tol=2.50e-01, dt=5.00e-02, exp_k=20.0, momentum=0.90, levels=6, niter=500, lbl_dist=10.00, avgs=64, sigma=0.5,type=2, relabel=0, neg=yes

blurring input image with Gaussian with sigma=0.500...
GCAMRegisterLevel(): init RMS 0.401195









setting smoothness cost coefficient to 0.118

#GCAMreg# pass 0 level1 3 level2 0 tsec 0 sigma 2
l_jacobian=1.00 l_log_likelihood=0.20 l_smoothness=0.12 
tol=2.50e-01, dt=5.00e-02, exp_k=20.0, momentum=0.90, levels=6, niter=500, lbl_dist=10.00, avgs=16, sigma=2.0,type=2, relabel=0, neg=yes

blurring input image with Gaussian with sigma=2.000...
GCAMRegisterLevel(): init RMS 0.401093




#GCAMreg# pass 0 level1 3 level2 1 tsec 8.414 sigma 0.5
l_jacobian=1.00 l_log_likelihood=0.20 l_smoothness=0.12 
tol=2.50e-01, dt=5.00e-02, exp_k=20.0, momentum=0.90, levels=6, niter=500, lbl_dist=10.00, avgs=16, sigma=0.5,type=2, relabel=0, neg=yes

blurring input image with Gaussian with sigma=0.500...
GCAMRegisterLevel(): init RMS 0.400957

iter 0, gcam->neg = 1
after 0 iterations, nbhd size=0, neg = 0





iter 0, gcam->neg = 1
after 0 iterations, nbhd size=0, neg = 0

iter 0, gcam->neg = 2
after 1 iterations, nbhd size=0, neg = 0

iter 0, gcam->neg = 2
after 2 iterations, nbhd size=0, neg = 0

iter 0, gcam->neg = 3
after 10 iterations, nbhd size=1, neg = 0

iter 0, gcam->neg = 2
after 2 iterations, nbhd size=0, neg = 0

iter 0, gcam->neg = 3
after 7 iterations, nbhd size=1, neg = 0


iter 0, gcam->neg = 1
after 0 iterations, nbhd size=0, neg = 0
setting smoothness cost coefficient to 0.400

#GCAMreg# pass 0 level1 2 level2 0 tsec 0 sigma 2
l_jacobian=1.00 l_log_likelihood=0.20 l_smoothness=0.40 
tol=2.50e-01, dt=5.00e-02, exp_k=20.0, momentum=0.90, levels=6, niter=500, lbl_dist=10.00, avgs=4, sigma=2.0,type=2, relabel=0, neg=yes

blurring input image with Gaussian with sigma=2.000...
GCAMRegisterLevel(): init RMS 0.396519


#GCAMreg# pass 0 level1 2 level2 1 tsec 6.749 sigma 0.5
l_jacobian=1.00 l_log_likelihood=0.20 l_smoothness=0.40 
tol=2.50e-01, dt=5.00e-02, exp_k=20.0, momentum=0.90, levels=6, niter=500, lbl_dist=10.00, avgs=4, sigma=0.5,type=2, relabel=0, neg=yes

blurring input image with Gaussian with sigma=0.500...
GCAMRegisterLevel(): init RMS 0.396519



setting smoothness cost coefficient to 1.000

#GCAMreg# pass 0 level1 1 level2 0 tsec 0 sigma 2
l_jacobian=1.00 l_log_likelihood=0.20 l_smoothness=1.00 
tol=2.50e-01, dt=5.00e-02, exp_k=20.0, momentum=0.90, levels=6, niter=500, lbl_dist=10.00, avgs=1, sigma=2.0,type=2, relabel=0, neg=yes

blurring input image with Gaussian with sigma=2.000...
GCAMRegisterLevel(): init RMS 0.403966

#GCAMreg# pass 0 level1 1 level2 1 tsec 4.041 sigma 0.5
l_jacobian=1.00 l_log_likelihood=0.20 l_smoothness=1.00 
tol=2.50e-01, dt=5.00e-02, exp_k=20.0, momentum=0.90, levels=6, niter=500, lbl_dist=10.00, avgs=1, sigma=0.5,type=2, relabel=0, neg=yes

blurring input image with Gaussian with sigma=0.500...
GCAMRegisterLevel(): init RMS 0.403966
resetting metric properties...
setting smoothness cost coefficient to 2.000

#GCAMreg# pass 0 level1 0 level2 0 tsec 0 sigma 2
l_jacobian=1.00 l_log_likelihood=0.20 l_smoothness=2.00 
tol=2.50e-01, dt=5.00e-02, exp_k=20.0, momentum=0.90, levels=6, niter=500, lbl_dist=10.00, avgs=0, sigma=2.0,type=2, relabel=0, neg=yes

blurring input image with Gaussian with sigma=2.000...
GCAMRegisterLevel(): init RMS 0.391249
iter 0, gcam->neg = 552
after 17 iterations, nbhd size=1, neg = 0



#GCAMreg# pass 0 level1 0 level2 1 tsec 11.536 sigma 0.5
l_jacobian=1.00 l_log_likelihood=0.20 l_smoothness=2.00 
tol=2.50e-01, dt=5.00e-02, exp_k=20.0, momentum=0.90, levels=6, niter=500, lbl_dist=10.00, avgs=0, sigma=0.5,type=2, relabel=0, neg=yes

blurring input image with Gaussian with sigma=0.500...
GCAMRegisterLevel(): init RMS 0.382048


GCAMregister done in 1.73722 min
writing output transformation to transforms/talairach.m3z...
GCAMwrite
Calls to gcamLogLikelihoodEnergy 4734 tmin = 1.78432
Calls to gcamLabelEnergy         4227 tmin = 0.614083
Calls to gcamJacobianEnergy      4734 tmin = 0.993533
Calls to gcamSmoothnessEnergy    4734 tmin = 1.69198
Calls to gcamLogLikelihoodTerm 677 tmin = 0.324817
Calls to gcamLabelTerm         629 tmin = 3.04467
Calls to gcamJacobianTerm      677 tmin = 1.02128
Calls to gcamSmoothnessTerm    677 tmin = 0.364817
Calls to gcamComputeGradient    677 tmin = 9.5133
Calls to gcamComputeMetricProperties    6652 tmin = 1.98382
mri_ca_register took 0 hours, 23 minutes and 6 seconds.
#VMPC# mri_ca_register VmPeak  2866412
FSRUNTIME@ mri_ca_register  0.3850 hours 8 threads
@#@FSTIME  2026:09:04:11:01:33 mri_ca_register N 9 e 1385.93 S 2.00 U 5882.59 P 424% M 1339772 F 16 R 958881 W 0 c 60246 w 126557 I 1600 O 63768 L 3.48 2.49 1.38
@#@FSLOADPOST 2026:09:04:11:24:39 mri_ca_register N 9 4.84 4.57 3.83
#--------------------------------------
#@# SubCort Seg Fri Sep  4 11:24:39 CEST 2026

 mri_ca_label -relabel_unlikely 9 .3 -prior 0.5 -align norm.mgz transforms/talairach.m3z /home/ts/software/freesurfer/freesurfer7.4.1/average/RB_all_2020-01-02.gca aseg.auto_noCCseg.mgz 

sysname  Linux
hostname mini
machine  x86_64

setenv SUBJECTS_DIR /home/ts/develop/subject1/derived/FreeSurfer/7.4.1/subjects_dir
cd /home/ts/develop/subject1/derived/FreeSurfer/7.4.1/subjects_dir/sub-01/mri
mri_ca_label -relabel_unlikely 9 .3 -prior 0.5 -align norm.mgz transforms/talairach.m3z /home/ts/software/freesurfer/freesurfer7.4.1/average/RB_all_2020-01-02.gca aseg.auto_noCCseg.mgz 

relabeling unlikely voxels with window_size = 9 and prior threshold 0.30
using Gibbs prior factor = 0.500
renormalizing sequences with structure alignment, equivalent to:
	-renormalize
	-renormalize_mean 0.500
	-regularize 0.500

== Number of threads available to for OpenMP = 8 == 
reading 1 input volumes
reading classifier array from /home/ts/software/freesurfer/freesurfer7.4.1/average/RB_all_2020-01-02.gca
reading input volume from norm.mgz
average std[0] = 7.2
reading transform from transforms/talairach.m3z
setting orig areas to linear transform determinant scaled 7.56
Atlas used for the 3D morph was /home/ts/software/freesurfer/freesurfer7.4.1/average/RB_all_2020-01-02.gca
average std = 7.2   using min determinant for regularization = 5.2
0 singular and 0 ill-conditioned covariance matrices regularized
labeling volume...
renormalizing by structure alignment....
renormalizing input #0
gca peak = 0.15521 (20)
mri peak = 0.16082 (15)
Left_Lateral_Ventricle (4): linear fit = 0.81 x + 0.0 (3504 voxels, overlap=0.580)
Left_Lateral_Ventricle (4): linear fit = 0.81 x + 0.0 (3504 voxels, peak = 16), gca=16.1
gca peak = 0.20380 (13)
mri peak = 0.13920 (18)
Right_Lateral_Ventricle (43): linear fit = 1.12 x + 0.0 (1595 voxels, overlap=0.858)
Right_Lateral_Ventricle (43): linear fit = 1.12 x + 0.0 (1595 voxels, peak = 14), gca=14.5
gca peak = 0.26283 (96)
mri peak = 0.14737 (95)
Right_Pallidum (52): linear fit = 1.00 x + 0.0 (760 voxels, overlap=1.010)
Right_Pallidum (52): linear fit = 1.00 x + 0.0 (760 voxels, peak = 96), gca=95.5
gca peak = 0.15814 (97)
mri peak = 0.14304 (95)
Left_Pallidum (13): linear fit = 1.02 x + 0.0 (805 voxels, overlap=1.004)
Left_Pallidum (13): linear fit = 1.02 x + 0.0 (805 voxels, peak = 99), gca=99.4
gca peak = 0.27624 (56)
mri peak = 0.11888 (65)
Right_Hippocampus (53): linear fit = 1.13 x + 0.0 (1041 voxels, overlap=0.484)
Right_Hippocampus (53): linear fit = 1.13 x + 0.0 (1041 voxels, peak = 64), gca=63.6
gca peak = 0.28723 (59)
mri peak = 0.12189 (65)
Left_Hippocampus (17): linear fit = 1.09 x + 0.0 (984 voxels, overlap=1.009)
Left_Hippocampus (17): linear fit = 1.09 x + 0.0 (984 voxels, peak = 64), gca=64.0
gca peak = 0.07623 (103)
mri peak = 0.11265 (103)
Right_Cerebral_White_Matter (41): linear fit = 1.00 x + 0.0 (40476 voxels, overlap=0.712)
Right_Cerebral_White_Matter (41): linear fit = 1.00 x + 0.0 (40476 voxels, peak = 102), gca=102.5
gca peak = 0.07837 (105)
mri peak = 0.10843 (103)
Left_Cerebral_White_Matter (2): linear fit = 1.00 x + 0.0 (38739 voxels, overlap=0.709)
Left_Cerebral_White_Matter (2): linear fit = 1.00 x + 0.0 (38739 voxels, peak = 104), gca=104.5
gca peak = 0.10165 (58)
mri peak = 0.04416 (60)
Left_Cerebral_Cortex (3): linear fit = 1.10 x + 0.0 (31629 voxels, overlap=0.803)
Left_Cerebral_Cortex (3): linear fit = 1.10 x + 0.0 (31629 voxels, peak = 64), gca=63.5
gca peak = 0.11113 (58)
mri peak = 0.04776 (60)
Right_Cerebral_Cortex (42): linear fit = 1.08 x + 0.0 (29977 voxels, overlap=0.747)
Right_Cerebral_Cortex (42): linear fit = 1.08 x + 0.0 (29977 voxels, peak = 62), gca=62.4
gca peak = 0.27796 (67)
mri peak = 0.10586 (72)
Right_Caudate (50): linear fit = 1.07 x + 0.0 (1216 voxels, overlap=0.700)
Right_Caudate (50): linear fit = 1.07 x + 0.0 (1216 voxels, peak = 71), gca=71.4
gca peak = 0.14473 (69)
mri peak = 0.09672 (78)
Left_Caudate (11): linear fit = 1.01 x + 0.0 (1095 voxels, overlap=0.997)
Left_Caudate (11): linear fit = 1.01 x + 0.0 (1095 voxels, peak = 70), gca=70.0
gca peak = 0.14301 (56)
mri peak = 0.05356 (69)
Left_Cerebellum_Cortex (8): linear fit = 1.21 x + 0.0 (23144 voxels, overlap=0.505)
Left_Cerebellum_Cortex (8): linear fit = 1.21 x + 0.0 (23144 voxels, peak = 67), gca=67.5
gca peak = 0.14610 (55)
mri peak = 0.05679 (68)
Right_Cerebellum_Cortex (47): linear fit = 1.15 x + 0.0 (28223 voxels, overlap=0.491)
Right_Cerebellum_Cortex (47): linear fit = 1.15 x + 0.0 (28223 voxels, peak = 64), gca=63.5
gca peak = 0.16309 (85)
mri peak = 0.10166 (92)
Left_Cerebellum_White_Matter (7): linear fit = 1.12 x + 0.0 (4321 voxels, overlap=0.121)
Left_Cerebellum_White_Matter (7): linear fit = 1.12 x + 0.0 (4321 voxels, peak = 95), gca=94.8
gca peak = 0.15172 (84)
mri peak = 0.13356 (90)
Right_Cerebellum_White_Matter (46): linear fit = 1.07 x + 0.0 (4749 voxels, overlap=0.505)
Right_Cerebellum_White_Matter (46): linear fit = 1.07 x + 0.0 (4749 voxels, peak = 89), gca=89.5
gca peak = 0.30461 (58)
mri peak = 0.12252 (65)
Left_Amygdala (18): linear fit = 1.12 x + 0.0 (604 voxels, overlap=0.056)
Left_Amygdala (18): linear fit = 1.12 x + 0.0 (604 voxels, peak = 65), gca=64.7
gca peak = 0.32293 (57)
mri peak = 0.13966 (65)
Right_Amygdala (54): linear fit = 1.13 x + 0.0 (580 voxels, overlap=0.047)
Right_Amygdala (54): linear fit = 1.13 x + 0.0 (580 voxels, peak = 65), gca=64.7
gca peak = 0.11083 (90)
mri peak = 0.08053 (89)
Left_Thalamus (10): linear fit = 0.98 x + 0.0 (4329 voxels, overlap=0.992)
Left_Thalamus (10): linear fit = 0.98 x + 0.0 (4329 voxels, peak = 88), gca=87.8
gca peak = 0.11393 (83)
mri peak = 0.08306 (89)
Right_Thalamus (49): linear fit = 1.02 x + 0.0 (4512 voxels, overlap=0.922)
Right_Thalamus (49): linear fit = 1.02 x + 0.0 (4512 voxels, peak = 85), gca=85.1
gca peak = 0.08575 (81)
mri peak = 0.10122 (84)
Left_Putamen (12): linear fit = 1.04 x + 0.0 (2045 voxels, overlap=0.652)
Left_Putamen (12): linear fit = 1.04 x + 0.0 (2045 voxels, peak = 85), gca=84.6
gca peak = 0.08618 (78)
mri peak = 0.09885 (78)
Right_Putamen (51): linear fit = 1.02 x + 0.0 (2165 voxels, overlap=0.890)
Right_Putamen (51): linear fit = 1.02 x + 0.0 (2165 voxels, peak = 80), gca=79.9
gca peak = 0.08005 (78)
mri peak = 0.09829 (85)
Brain_Stem (16): linear fit = 1.05 x + 0.0 (13410 voxels, overlap=0.491)
Brain_Stem (16): linear fit = 1.05 x + 0.0 (13410 voxels, peak = 82), gca=82.3
gca peak = 0.12854 (88)
mri peak = 0.08000 (92)
Right_VentralDC (60): linear fit = 1.07 x + 0.0 (1466 voxels, overlap=0.685)
Right_VentralDC (60): linear fit = 1.07 x + 0.0 (1466 voxels, peak = 94), gca=93.7
gca peak = 0.15703 (87)
mri peak = 0.07034 (91)
Left_VentralDC (28): linear fit = 1.08 x + 0.0 (1371 voxels, overlap=0.783)
Left_VentralDC (28): linear fit = 1.08 x + 0.0 (1371 voxels, peak = 94), gca=93.5
gca peak = 0.17522 (25)
mri peak = 0.08020 (24)
gca peak = 0.17113 (14)
mri peak = 0.17701 (20)
Fourth_Ventricle (15): linear fit = 1.17 x + 0.0 (489 voxels, overlap=0.744)
Fourth_Ventricle (15): linear fit = 1.17 x + 0.0 (489 voxels, peak = 16), gca=16.4
gca peak Unknown = 0.94777 ( 0)
gca peak Left_Inf_Lat_Vent = 0.16627 (28)
gca peak Third_Ventricle = 0.17522 (25)
gca peak CSF = 0.20346 (36)
gca peak Left_Accumbens_area = 0.70646 (62)
gca peak Left_undetermined = 1.00000 (28)
gca peak Left_vessel = 0.89917 (53)
gca peak Left_choroid_plexus = 0.11689 (35)
gca peak Right_Inf_Lat_Vent = 0.25504 (23)
gca peak Right_Accumbens_area = 0.31650 (65)
gca peak Right_vessel = 0.77268 (52)
gca peak Right_choroid_plexus = 0.13275 (38)
gca peak Fifth_Ventricle = 0.60973 (33)
gca peak WM_hypointensities = 0.11013 (77)
gca peak non_WM_hypointensities = 0.11354 (41)
gca peak Optic_Chiasm = 0.51646 (76)
not using caudate to estimate GM means
estimating mean gm scale to be 1.11 x + 0.0
estimating mean wm scale to be 1.00 x + 0.0
estimating mean csf scale to be 1.03 x + 0.0
Left_Pallidum too bright - rescaling by 1.010 (from 1.025) to 100.4 (was 99.4)
saving intensity scales to aseg.auto_noCCseg.label_intensities.txt
renormalizing by structure alignment....
renormalizing input #0
gca peak = 0.17463 (15)
mri peak = 0.16082 (15)
Left_Lateral_Ventricle (4): linear fit = 0.96 x + 0.0 (3504 voxels, overlap=0.907)
Left_Lateral_Ventricle (4): linear fit = 0.96 x + 0.0 (3504 voxels, peak = 14), gca=14.5
gca peak = 0.16921 (14)
mri peak = 0.13920 (18)
Right_Lateral_Ventricle (43): linear fit = 1.03 x + 0.0 (1595 voxels, overlap=0.755)
Right_Lateral_Ventricle (43): linear fit = 1.03 x + 0.0 (1595 voxels, peak = 14), gca=14.5
gca peak = 0.22282 (94)
mri peak = 0.14737 (95)
Right_Pallidum (52): linear fit = 1.00 x + 0.0 (760 voxels, overlap=1.010)
Right_Pallidum (52): linear fit = 1.00 x + 0.0 (760 voxels, peak = 94), gca=93.5
gca peak = 0.17574 (98)
mri peak = 0.14304 (95)
Left_Pallidum (13): linear fit = 1.00 x + 0.0 (805 voxels, overlap=1.003)
Left_Pallidum (13): linear fit = 1.00 x + 0.0 (805 voxels, peak = 98), gca=98.5
gca peak = 0.24527 (63)
mri peak = 0.11888 (65)
Right_Hippocampus (53): linear fit = 1.00 x + 0.0 (1041 voxels, overlap=1.001)
Right_Hippocampus (53): linear fit = 1.00 x + 0.0 (1041 voxels, peak = 63), gca=63.0
gca peak = 0.29426 (61)
mri peak = 0.12189 (65)
Left_Hippocampus (17): linear fit = 1.00 x + 0.0 (984 voxels, overlap=1.008)
Left_Hippocampus (17): linear fit = 1.00 x + 0.0 (984 voxels, peak = 61), gca=61.0
gca peak = 0.08109 (103)
mri peak = 0.11265 (103)
Right_Cerebral_White_Matter (41): linear fit = 1.00 x + 0.0 (40476 voxels, overlap=0.710)
Right_Cerebral_White_Matter (41): linear fit = 1.00 x + 0.0 (40476 voxels, peak = 102), gca=102.5
gca peak = 0.08124 (104)
mri peak = 0.10843 (103)
Left_Cerebral_White_Matter (2): linear fit = 1.00 x + 0.0 (38739 voxels, overlap=0.689)
Left_Cerebral_White_Matter (2): linear fit = 1.00 x + 0.0 (38739 voxels, peak = 103), gca=103.5
gca peak = 0.08758 (63)
mri peak = 0.04416 (60)
Left_Cerebral_Cortex (3): linear fit = 1.02 x + 0.0 (31629 voxels, overlap=0.969)
Left_Cerebral_Cortex (3): linear fit = 1.02 x + 0.0 (31629 voxels, peak = 65), gca=64.6
gca peak = 0.10685 (63)
mri peak = 0.04776 (60)
Right_Cerebral_Cortex (42): linear fit = 1.00 x + 0.0 (29977 voxels, overlap=0.942)
Right_Cerebral_Cortex (42): linear fit = 1.00 x + 0.0 (29977 voxels, peak = 63), gca=63.0
gca peak = 0.23025 (71)
mri peak = 0.10586 (72)
Right_Caudate (50): linear fit = 1.00 x + 0.0 (1216 voxels, overlap=1.003)
Right_Caudate (50): linear fit = 1.00 x + 0.0 (1216 voxels, peak = 71), gca=71.0
gca peak = 0.14434 (70)
mri peak = 0.09672 (78)
Left_Caudate (11): linear fit = 1.00 x + 0.0 (1095 voxels, overlap=1.000)
Left_Caudate (11): linear fit = 1.00 x + 0.0 (1095 voxels, peak = 70), gca=70.0
gca peak = 0.11671 (67)
mri peak = 0.05356 (69)
Left_Cerebellum_Cortex (8): linear fit = 0.99 x + 0.0 (23144 voxels, overlap=0.973)
Left_Cerebellum_Cortex (8): linear fit = 0.99 x + 0.0 (23144 voxels, peak = 66), gca=66.0
gca peak = 0.13514 (64)
mri peak = 0.05679 (68)
Right_Cerebellum_Cortex (47): linear fit = 1.00 x + 0.0 (28223 voxels, overlap=0.980)
Right_Cerebellum_Cortex (47): linear fit = 1.00 x + 0.0 (28223 voxels, peak = 64), gca=64.0
gca peak = 0.14395 (94)
mri peak = 0.10166 (92)
Left_Cerebellum_White_Matter (7): linear fit = 1.00 x + 0.0 (4321 voxels, overlap=0.947)
Left_Cerebellum_White_Matter (7): linear fit = 1.00 x + 0.0 (4321 voxels, peak = 94), gca=93.5
gca peak = 0.16978 (90)
mri peak = 0.13356 (90)
Right_Cerebellum_White_Matter (46): linear fit = 1.01 x + 0.0 (4749 voxels, overlap=0.876)
Right_Cerebellum_White_Matter (46): linear fit = 1.01 x + 0.0 (4749 voxels, peak = 91), gca=91.3
gca peak = 0.28782 (65)
mri peak = 0.12252 (65)
Left_Amygdala (18): linear fit = 1.01 x + 0.0 (604 voxels, overlap=1.024)
Left_Amygdala (18): linear fit = 1.01 x + 0.0 (604 voxels, peak = 66), gca=66.0
gca peak = 0.27579 (65)
mri peak = 0.13966 (65)
Right_Amygdala (54): linear fit = 1.00 x + 0.0 (580 voxels, overlap=1.014)
Right_Amygdala (54): linear fit = 1.00 x + 0.0 (580 voxels, peak = 65), gca=65.0
gca peak = 0.11203 (86)
mri peak = 0.08053 (89)
Left_Thalamus (10): linear fit = 1.00 x + 0.0 (4329 voxels, overlap=0.951)
Left_Thalamus (10): linear fit = 1.00 x + 0.0 (4329 voxels, peak = 86), gca=85.6
gca peak = 0.11124 (85)
mri peak = 0.08306 (89)
Right_Thalamus (49): linear fit = 1.00 x + 0.0 (4512 voxels, overlap=0.948)
Right_Thalamus (49): linear fit = 1.00 x + 0.0 (4512 voxels, peak = 85), gca=84.6
gca peak = 0.07789 (81)
mri peak = 0.10122 (84)
Left_Putamen (12): linear fit = 0.99 x + 0.0 (2045 voxels, overlap=0.812)
Left_Putamen (12): linear fit = 0.99 x + 0.0 (2045 voxels, peak = 80), gca=79.8
gca peak = 0.08451 (82)
mri peak = 0.09885 (78)
Right_Putamen (51): linear fit = 1.00 x + 0.0 (2165 voxels, overlap=0.973)
Right_Putamen (51): linear fit = 1.00 x + 0.0 (2165 voxels, peak = 82), gca=82.0
gca peak = 0.08428 (83)
mri peak = 0.09829 (85)
Brain_Stem (16): linear fit = 1.01 x + 0.0 (13410 voxels, overlap=0.724)
Brain_Stem (16): linear fit = 1.01 x + 0.0 (13410 voxels, peak = 84), gca=84.2
gca peak = 0.12327 (95)
mri peak = 0.08000 (92)
Right_VentralDC (60): linear fit = 1.00 x + 0.0 (1466 voxels, overlap=0.825)
Right_VentralDC (60): linear fit = 1.00 x + 0.0 (1466 voxels, peak = 95), gca=95.0
gca peak = 0.13103 (92)
mri peak = 0.07034 (91)
Left_VentralDC (28): linear fit = 1.02 x + 0.0 (1371 voxels, overlap=0.932)
Left_VentralDC (28): linear fit = 1.02 x + 0.0 (1371 voxels, peak = 94), gca=94.3
gca peak = 0.17396 (26)
mri peak = 0.08020 (24)
gca peak = 0.17162 (17)
mri peak = 0.17701 (20)
Fourth_Ventricle (15): linear fit = 0.94 x + 0.0 (489 voxels, overlap=0.730)
Fourth_Ventricle (15): linear fit = 0.94 x + 0.0 (489 voxels, peak = 16), gca=16.1
gca peak Unknown = 0.94777 ( 0)
gca peak Left_Inf_Lat_Vent = 0.20325 (30)
gca peak Third_Ventricle = 0.17396 (26)
gca peak CSF = 0.24531 (37)
gca peak Left_Accumbens_area = 0.75249 (63)
gca peak Left_undetermined = 1.00000 (28)
gca peak Left_vessel = 0.89917 (53)
gca peak Left_choroid_plexus = 0.11689 (35)
gca peak Right_Inf_Lat_Vent = 0.23431 (26)
gca peak Right_Accumbens_area = 0.31505 (69)
gca peak Right_vessel = 0.77268 (52)
gca peak Right_choroid_plexus = 0.13275 (38)
gca peak Fifth_Ventricle = 0.60973 (34)
gca peak WM_hypointensities = 0.11549 (76)
gca peak non_WM_hypointensities = 0.08214 (41)
gca peak Optic_Chiasm = 0.51674 (76)
not using caudate to estimate GM means
estimating mean gm scale to be 1.01 x + 0.0
estimating mean wm scale to be 1.00 x + 0.0
estimating mean csf scale to be 0.98 x + 0.0
saving intensity scales to aseg.auto_noCCseg.label_intensities.txt
saving sequentially combined intensity scales to aseg.auto_noCCseg.label_intensities.txt
59677 voxels changed in iteration 0 of unlikely voxel relabeling
306 voxels changed in iteration 1 of unlikely voxel relabeling
3 voxels changed in iteration 2 of unlikely voxel relabeling
0 voxels changed in iteration 3 of unlikely voxel relabeling
42523 gm and wm labels changed (%26 to gray, %74 to white out of all changed labels)
513 hippocampal voxels changed.
0 amygdala voxels changed.
Reclassifying using Gibbs Priors
pass 1: 67806 changed. image ll: -2.124, PF=0.500
pass 2: 17802 changed. image ll: -2.123, PF=0.500
pass 3: 4962 changed.
41579 voxels changed in iteration 0 of unlikely voxel relabeling
283 voxels changed in iteration 1 of unlikely voxel relabeling
22 voxels changed in iteration 2 of unlikely voxel relabeling
1 voxels changed in iteration 3 of unlikely voxel relabeling
0 voxels changed in iteration 4 of unlikely voxel relabeling
8221 voxels changed in iteration 0 of unlikely voxel relabeling
167 voxels changed in iteration 1 of unlikely voxel relabeling
7 voxels changed in iteration 2 of unlikely voxel relabeling
0 voxels changed in iteration 3 of unlikely voxel relabeling
6240 voxels changed in iteration 0 of unlikely voxel relabeling
57 voxels changed in iteration 1 of unlikely voxel relabeling
10 voxels changed in iteration 2 of unlikely voxel relabeling
0 voxels changed in iteration 3 of unlikely voxel relabeling
4958 voxels changed in iteration 0 of unlikely voxel relabeling
27 voxels changed in iteration 1 of unlikely voxel relabeling
0 voxels changed in iteration 2 of unlikely voxel relabeling
 !!!!!!!!! ventricle segment 1 with volume 12106 above threshold 100 - not erasing !!!!!!!!!!
 !!!!!!!!! ventricle segment 2 with volume 189 above threshold 100 - not erasing !!!!!!!!!!
 !!!!!!!!! ventricle segment 2 with volume 7229 above threshold 100 - not erasing !!!!!!!!!!
 !!!!!!!!! ventricle segment 1 with volume 162 above threshold 100 - not erasing !!!!!!!!!!
 !!!!!!!!! ventricle segment 3 with volume 154 above threshold 100 - not erasing !!!!!!!!!!
writing labeled volume to aseg.auto_noCCseg.mgz
mri_ca_label utimesec    1072.206921
mri_ca_label stimesec    1.355879
mri_ca_label ru_maxrss   2091188
mri_ca_label ru_ixrss    0
mri_ca_label ru_idrss    0
mri_ca_label ru_isrss    0
mri_ca_label ru_minflt   1095050
mri_ca_label ru_majflt   18
mri_ca_label ru_nswap    0
mri_ca_label ru_inblock  2136
mri_ca_label ru_oublock  720
mri_ca_label ru_msgsnd   0
mri_ca_label ru_msgrcv   0
mri_ca_label ru_nsignals 0
mri_ca_label ru_nvcsw    1099
mri_ca_label ru_nivcsw   11954
mri_ca_label took 17 minutes and 6 seconds.
mri_ca_label done
@#@FSTIME  2026:09:04:11:24:39 mri_ca_label N 10 e 1026.39 S 1.48 U 1072.20 P 104% M 2091188 F 18 R 1095055 W 0 c 11961 w 1100 I 2136 O 720 L 4.84 4.57 3.83
@#@FSLOADPOST 2026:09:04:11:41:45 mri_ca_label N 10 1.18 1.27 2.00
#--------------------------------------
#@# CC Seg Fri Sep  4 11:41:45 CEST 2026

 mri_cc -aseg aseg.auto_noCCseg.mgz -o aseg.auto.mgz -lta /home/ts/develop/subject1/derived/FreeSurfer/7.4.1/subjects_dir/sub-01/mri/transforms/cc_up.lta sub-01 

will read input aseg from aseg.auto_noCCseg.mgz
writing aseg with cc labels to aseg.auto.mgz
will write lta as /home/ts/develop/subject1/derived/FreeSurfer/7.4.1/subjects_dir/sub-01/mri/transforms/cc_up.lta
reading aseg from /home/ts/develop/subject1/derived/FreeSurfer/7.4.1/subjects_dir/sub-01/mri/aseg.auto_noCCseg.mgz
reading norm from /home/ts/develop/subject1/derived/FreeSurfer/7.4.1/subjects_dir/sub-01/mri/norm.mgz
22566 voxels in left wm, 71807 in right wm, xrange [119, 130]
searching rotation angles z=[-9  5], y=[-9  5]
searching scale 1 Z rot -8.9  searching scale 1 Z rot -8.7  searching scale 1 Z rot -8.4  searching scale 1 Z rot -8.2  searching scale 1 Z rot -7.9  searching scale 1 Z rot -7.7  searching scale 1 Z rot -7.4  searching scale 1 Z rot -7.2  searching scale 1 Z rot -6.9  searching scale 1 Z rot -6.7  searching scale 1 Z rot -6.4  searching scale 1 Z rot -6.2  searching scale 1 Z rot -5.9  searching scale 1 Z rot -5.7  searching scale 1 Z rot -5.4  searching scale 1 Z rot -5.2  searching scale 1 Z rot -4.9  searching scale 1 Z rot -4.7  searching scale 1 Z rot -4.4  searching scale 1 Z rot -4.2  searching scale 1 Z rot -3.9  searching scale 1 Z rot -3.7  searching scale 1 Z rot -3.4  searching scale 1 Z rot -3.2  searching scale 1 Z rot -2.9  searching scale 1 Z rot -2.7  searching scale 1 Z rot -2.4  searching scale 1 Z rot -2.2  searching scale 1 Z rot -1.9  searching scale 1 Z rot -1.7  searching scale 1 Z rot -1.4  searching scale 1 Z rot -1.2  searching scale 1 Z rot -0.9  searching scale 1 Z rot -0.7  searching scale 1 Z rot -0.4  searching scale 1 Z rot -0.2  searching scale 1 Z rot 0.1  searching scale 1 Z rot 0.3  searching scale 1 Z rot 0.6  searching scale 1 Z rot 0.8  searching scale 1 Z rot 1.1  searching scale 1 Z rot 1.3  searching scale 1 Z rot 1.6  searching scale 1 Z rot 1.8  searching scale 1 Z rot 2.1  searching scale 1 Z rot 2.3  searching scale 1 Z rot 2.6  searching scale 1 Z rot 2.8  searching scale 1 Z rot 3.1  searching scale 1 Z rot 3.3  searching scale 1 Z rot 3.6  searching scale 1 Z rot 3.8  searching scale 1 Z rot 4.1  searching scale 1 Z rot 4.3  searching scale 1 Z rot 4.6  searching scale 1 Z rot 4.8  global minimum found at slice 126.6, rotations (-1.84, -1.92)
final transformation (x=126.6, yr=-1.840, zr=-1.916):
 0.99893   0.03343  -0.03209   2.25042;
-0.03342   0.99944   0.00107   64.16864;
 0.03211  -0.00000   0.99948   31.98358;
 0.00000   0.00000   0.00000   1.00000;
updating x range to be [125, 130] in xformed coordinates
best xformed slice 127
min_x_fornix = 142
min_x_fornix = 146
min_x_fornix = 144
min_x_fornix = 136
min_x_fornix = 132
cc center is found at 127 68 92
eigenvectors:
-0.00176   0.00170   1.00000;
-0.23836  -0.97118   0.00124;
 0.97117  -0.23836   0.00211;
error in mid anterior detected - correcting...
writing aseg with callosum to /home/ts/develop/subject1/derived/FreeSurfer/7.4.1/subjects_dir/sub-01/mri/aseg.auto.mgz...
corpus callosum segmentation took 0.3 minutes
#VMPC# mri_cc VmPeak  494328
mri_cc done
@#@FSTIME  2026:09:04:11:41:45 mri_cc N 7 e 16.20 S 0.32 U 16.42 P 103% M 343476 F 10 R 278028 W 0 c 195 w 62 I 1232 O 704 L 1.18 1.27 2.00
@#@FSLOADPOST 2026:09:04:11:42:01 mri_cc N 7 1.14 1.26 1.98
#--------------------------------------
#@# Merge ASeg Fri Sep  4 11:42:01 CEST 2026

 cp aseg.auto.mgz aseg.presurf.mgz 

#--------------------------------------------
#@# Intensity Normalization2 Fri Sep  4 11:42:01 CEST 2026
/home/ts/develop/subject1/derived/FreeSurfer/7.4.1/subjects_dir/sub-01/mri

 mri_normalize -seed 1234 -mprage -aseg aseg.presurf.mgz -mask brainmask.mgz norm.mgz brain.mgz 

setting seed for random number genererator to 1234
assuming input volume is MGH (Van der Kouwe) MP-RAGE
using segmentation for initial intensity normalization
using MR volume brainmask.mgz to mask input volume...
reading mri_src from norm.mgz...
Reading aseg aseg.presurf.mgz
aseg read with width 256 (src width 256)
************** resampling aseg to account for mismatch with source image ***************
normalizing image...
NOT doing gentle normalization with control points/label
processing with aseg
removing outliers in the aseg WM...
727 control points removed
Building bias image
building Voronoi diagram...
performing soap bubble smoothing, sigma = 0...
Smoothing with sigma 8
Applying bias correction
building Voronoi diagram...
performing soap bubble smoothing, sigma = 8...

Iterating 2 times
---------------------------------
3d normalization pass 1 of 2
white matter peak found at 110
white matter peak found at 110
gm peak at 72 (72), valley at 46 (46)
csf peak at 24, setting threshold to 56
building Voronoi diagram...
performing soap bubble smoothing, sigma = 8...
---------------------------------
3d normalization pass 2 of 2
white matter peak found at 110
white matter peak found at 110
gm peak at 71 (71), valley at 45 (45)
csf peak at 24, setting threshold to 55
building Voronoi diagram...
performing soap bubble smoothing, sigma = 8...
Done iterating ---------------------------------
writing output to brain.mgz
3D bias adjustment took 1 minutes and 6 seconds.
@#@FSTIME  2026:09:04:11:42:01 mri_normalize N 9 e 67.76 S 1.06 U 80.53 P 120% M 1201208 F 1 R 664893 W 0 c 745 w 82 I 8 O 2864 L 1.14 1.26 1.98
@#@FSLOADPOST 2026:09:04:11:43:09 mri_normalize N 9 1.04 1.20 1.91
#--------------------------------------------
#@# Mask BFS Fri Sep  4 11:43:09 CEST 2026
/home/ts/develop/subject1/derived/FreeSurfer/7.4.1/subjects_dir/sub-01/mri

 mri_mask -T 5 brain.mgz brainmask.mgz brain.finalsurfs.mgz 

threshold mask volume at 5
DoAbs = 0
Found 1716208 voxels in mask (pct= 10.23)
maskval=0, outval=0
Writing masked volume to brain.finalsurfs.mgz...done.
@#@FSTIME  2026:09:04:11:43:09 mri_mask N 5 e 0.40 S 0.03 U 0.65 P 168% M 74096 F 17 R 17272 W 0 c 7 w 32 I 1104 O 2792 L 1.04 1.20 1.91
@#@FSLOADPOST 2026:09:04:11:43:10 mri_mask N 5 1.04 1.20 1.91
cp brain.finalsurfs.mgz brain.finalsurfs.manedit.mgz
#--------------------------------------------
#@# WM Segmentation Fri Sep  4 11:43:10 CEST 2026

 AntsDenoiseImageFs -i brain.mgz -o antsdn.brain.mgz 

@#@FSTIME  2026:09:04:11:43:10 AntsDenoiseImageFs N 4 e 19.90 S 0.13 U 19.88 P 100% M 350904 F 35 R 86513 W 0 c 238 w 51 I 4464 O 2864 L 1.04 1.20 1.91
@#@FSLOADPOST 2026:09:04:11:43:30 AntsDenoiseImageFs N 4 1.03 1.19 1.89

 mri_segment -wsizemm 13 -mprage antsdn.brain.mgz wm.seg.mgz 

wsizemm = 13, voxres = 1, wsize = 13
Widening wm low from 89 to 79
assuming input volume is MGH (Van der Kouwe) MP-RAGE
wm mean:  110
wsize:    13
wm low:   79
wm hi:    125
gray low: 30
gray hi:  99
Doing initial trinary intensity segmentation 
MRIintensitySegmentation() wm_low=79, wm_hi=125, gray_hi=99
white = 393440, nonwhite = 16073962, ambig = 309814, nmask = 0
Using local statistics to label ambiguous voxels
Autodetecting stats
Computing class statistics for intensity windows...
CCS WM (103.0): 102.4 +- 5.5 [79.0 --> 125.0]
CCS GM (73.0) : 72.0 +- 9.8 [30.0 --> 95.0]
 white_mean 102.447
 white_sigma 5.52481
 gray_mean 72.0417
 gray_sigma 9.82066
setting bottom of white matter range wm_low to 81.9
setting top of gray matter range gray_hi to 91.7
 wm_low 81.8623
 wm_hi  125
 gray_low 30
 gray_hi  91.683
Redoing initial intensity segmentation...
MRIintensitySegmentation() wm_low=81.8623, wm_hi=125, gray_hi=91.683
white = 500755, nonwhite = 16128586, ambig = 147875, nmask = 0
Recomputing local statistics to label ambiguous voxels...
 wm_low 81.8623
 wm_hi  125
 gray_low 30
 gray_hi  91.683
using local geometry to label remaining ambiguous voxels...
polvwsize = 5, polvlen = 3, gray_hi = 91.683, wm_low = 81.8623
MRIcpolvMedianCurveSegment(): wsize=5, len=3, gmhi=91.683, wmlow=81.8623
    136328 voxels processed (0.81%)
     60140 voxels white (0.36%)
     76188 voxels non-white (0.45%)

Reclassifying voxels using Gaussian border classifier niter=1
MRIreclassify(): wm_low=76.8623, gray_hi=91.683, wsize=13
    242875 voxels tested (1.45%)
     48040 voxels changed (0.29%)
     55751 multi-scale searches  (0.33%)
Recovering bright white
MRIrecoverBrightWhite()
 wm_low 81.8623
 wm_hi 125
 slack 5.52481
 pct_thresh 0.33
 intensity_thresh 130.525
 nvox_thresh 8.58
        7 voxels tested (0.00%)
        7 voxels changed (0.00%)

removing voxels with positive offset direction...
MRIremoveWrongDirection() wsize=3, lowthr=76.8623, hithr=91.683
  smoothing input volume with sigma = 0.250
    81275 voxels tested (0.48%)
    15375 voxels changed (0.09%)
thicken = 1
removing 1-dimensional structures...
MRIremove1dStructures(): max_iter=10000, thresh=2, WM_MIN_VAL=5
 1958 sparsely connected voxels removed in 1 iterations
thickening thin strands....
thickness 4
nsegments 20
wm_hi 125
1258 diagonally connected voxels added...
MRIthickenThinWMStrands(): thickness=4, nsegments=20
  20 segments, 5063 filled
MRIfindBrightNonWM(): 0 bright non-wm voxels segmented.
MRIfilterMorphology() WM_MIN_VAL=5, DIAGONAL_FILL=230
white matter segmentation took 0.5 minutes
writing output to wm.seg.mgz...
@#@FSTIME  2026:09:04:11:43:30 mri_segment N 5 e 31.82 S 0.25 U 32.08 P 101% M 136048 F 14 R 289511 W 0 c 344 w 49 I 1056 O 880 L 1.03 1.19 1.89
@#@FSLOADPOST 2026:09:04:11:44:01 mri_segment N 5 1.02 1.17 1.86

 mri_edit_wm_with_aseg -keep-in wm.seg.mgz brain.mgz aseg.presurf.mgz wm.asegedit.mgz 

mri_edit_wm_with_aseg -keep-in wm.seg.mgz brain.mgz aseg.presurf.mgz wm.asegedit.mgz 
preserving editing changes in input volume...
auto filling took 0.22 minutes
reading wm segmentation from wm.seg.mgz...
0 voxels added to wm to prevent paths from MTL structures to cortex
3126 additional wm voxels added
0 additional wm voxels added
SEG EDIT: 54420 voxels turned on, 38204 voxels turned off.
propagating editing to output volume from wm.seg.mgz
writing edited volume to wm.asegedit.mgz....
@#@FSTIME  2026:09:04:11:44:01 mri_edit_wm_with_aseg N 5 e 13.14 S 0.28 U 13.98 P 108% M 463356 F 12 R 315058 W 0 c 166 w 119 I 904 O 816 L 1.02 1.17 1.86
@#@FSLOADPOST 2026:09:04:11:44:15 mri_edit_wm_with_aseg N 5 1.01 1.16 1.84

 mri_pretess wm.asegedit.mgz wm norm.mgz wm.mgz 


Iteration Number : 1
pass   1 (xy+):  13 found -  13 modified     |    TOTAL:  13
pass   2 (xy+):   0 found -  13 modified     |    TOTAL:  13
pass   1 (xy-):  17 found -  17 modified     |    TOTAL:  30
pass   2 (xy-):   0 found -  17 modified     |    TOTAL:  30
pass   1 (yz+):  21 found -  21 modified     |    TOTAL:  51
pass   2 (yz+):   0 found -  21 modified     |    TOTAL:  51
pass   1 (yz-):  13 found -  13 modified     |    TOTAL:  64
pass   2 (yz-):   0 found -  13 modified     |    TOTAL:  64
pass   1 (xz+):  10 found -  10 modified     |    TOTAL:  74
pass   2 (xz+):   0 found -  10 modified     |    TOTAL:  74
pass   1 (xz-):   8 found -   8 modified     |    TOTAL:  82
pass   2 (xz-):   0 found -   8 modified     |    TOTAL:  82
Iteration Number : 1
pass   1 (+++):   2 found -   2 modified     |    TOTAL:   2
pass   2 (+++):   0 found -   2 modified     |    TOTAL:   2
pass   1 (+++):   3 found -   3 modified     |    TOTAL:   5
pass   2 (+++):   0 found -   3 modified     |    TOTAL:   5
pass   1 (+++):   0 found -   0 modified     |    TOTAL:   5
pass   1 (+++):   2 found -   2 modified     |    TOTAL:   7
pass   2 (+++):   0 found -   2 modified     |    TOTAL:   7
Iteration Number : 1
pass   1 (++): 115 found - 115 modified     |    TOTAL: 115
pass   2 (++):   0 found - 115 modified     |    TOTAL: 115
pass   1 (+-):  52 found -  52 modified     |    TOTAL: 167
pass   2 (+-):   0 found -  52 modified     |    TOTAL: 167
pass   1 (--):  74 found -  74 modified     |    TOTAL: 241
pass   2 (--):   0 found -  74 modified     |    TOTAL: 241
pass   1 (-+):  40 found -  40 modified     |    TOTAL: 281
pass   2 (-+):   0 found -  40 modified     |    TOTAL: 281
Iteration Number : 2
pass   1 (xy+):   1 found -   1 modified     |    TOTAL:   1
pass   2 (xy+):   0 found -   1 modified     |    TOTAL:   1
pass   1 (xy-):   1 found -   1 modified     |    TOTAL:   2
pass   2 (xy-):   0 found -   1 modified     |    TOTAL:   2
pass   1 (yz+):   0 found -   0 modified     |    TOTAL:   2
pass   1 (yz-):   1 found -   1 modified     |    TOTAL:   3
pass   2 (yz-):   0 found -   1 modified     |    TOTAL:   3
pass   1 (xz+):   1 found -   1 modified     |    TOTAL:   4
pass   2 (xz+):   0 found -   1 modified     |    TOTAL:   4
pass   1 (xz-):   0 found -   0 modified     |    TOTAL:   4
Iteration Number : 2
pass   1 (+++):   0 found -   0 modified     |    TOTAL:   0
pass   1 (+++):   0 found -   0 modified     |    TOTAL:   0
pass   1 (+++):   0 found -   0 modified     |    TOTAL:   0
pass   1 (+++):   0 found -   0 modified     |    TOTAL:   0
Iteration Number : 2
pass   1 (++):   0 found -   0 modified     |    TOTAL:   0
pass   1 (+-):   0 found -   0 modified     |    TOTAL:   0
pass   1 (--):   0 found -   0 modified     |    TOTAL:   0
pass   1 (-+):   0 found -   0 modified     |    TOTAL:   0
Iteration Number : 3
pass   1 (xy+):   0 found -   0 modified     |    TOTAL:   0
pass   1 (xy-):   0 found -   0 modified     |    TOTAL:   0
pass   1 (yz+):   0 found -   0 modified     |    TOTAL:   0
pass   1 (yz-):   0 found -   0 modified     |    TOTAL:   0
pass   1 (xz+):   0 found -   0 modified     |    TOTAL:   0
pass   1 (xz-):   0 found -   0 modified     |    TOTAL:   0
Iteration Number : 3
pass   1 (+++):   0 found -   0 modified     |    TOTAL:   0
pass   1 (+++):   0 found -   0 modified     |    TOTAL:   0
pass   1 (+++):   0 found -   0 modified     |    TOTAL:   0
pass   1 (+++):   0 found -   0 modified     |    TOTAL:   0
Iteration Number : 3
pass   1 (++):   0 found -   0 modified     |    TOTAL:   0
pass   1 (+-):   0 found -   0 modified     |    TOTAL:   0
pass   1 (--):   0 found -   0 modified     |    TOTAL:   0
pass   1 (-+):   0 found -   0 modified     |    TOTAL:   0

Total Number of Modified Voxels = 374 (out of 573781: 0.065182)
binarizing input wm segmentation...
Ambiguous edge configurations... 

mri_pretess done

@#@FSTIME  2026:09:04:11:44:15 mri_pretess N 4 e 1.48 S 0.02 U 1.71 P 117% M 56760 F 23 R 12961 W 0 c 38 w 46 I 3704 O 816 L 1.01 1.16 1.84
@#@FSLOADPOST 2026:09:04:11:44:16 mri_pretess N 4 1.01 1.16 1.84
#--------------------------------------------
#@# Fill Fri Sep  4 11:44:16 CEST 2026
/home/ts/develop/subject1/derived/FreeSurfer/7.4.1/subjects_dir/sub-01/mri

 mri_fill -a ../scripts/ponscc.cut.log -xform transforms/talairach.lta -segmentation aseg.presurf.mgz -ctab /home/ts/software/freesurfer/freesurfer7.4.1/SubCorticalMassLUT.txt wm.mgz filled.mgz 

logging cutting plane coordinates to ../scripts/ponscc.cut.log...
INFO: Using transforms/talairach.lta and its offset for Talairach volume ...
using segmentation aseg.presurf.mgz...
done.
searching for cutting planes...voxel to talairach voxel transform
 1.04131   0.03086  -0.05592  -2.14658;
-0.01027   1.08329   0.31925   0.69571;
 0.06427  -0.28818   0.84963   37.92321;
 0.00000   0.00000   0.00000   1.00000;
reading input volume... wm.mgzvoxel to talairach voxel transform
 1.04131   0.03086  -0.05592  -2.14658;
-0.01027   1.08329   0.31925   0.69571;
 0.06427  -0.28818   0.84963   37.92321;
 0.00000   0.00000   0.00000   1.00000;
reading segmented volume aseg.presurf.mgz
removing CC from segmentation
Looking for area (min, max) = (350, 1400)
area[0] = 2797 (min = 350, max = 1400), aspect = 1.27 (min = 0.10, max = 0.75)
need search nearby
using seed (124, 120, 150), TAL = (4.0, 22.0, 8.0)
talairach voxel to voxel transform
 0.95613  -0.00954   0.06651  -0.46336;
 0.02762   0.83895  -0.31342   11.36143;
-0.06296   0.28528   1.06565  -40.74657;
 0.00000   0.00000   0.00000   1.00000;
segmentation indicates cc at (124,  120,  150) --> (4.0, 22.0, 8.0)
done.
filling took 0.5 minutes
talairach cc position changed to (4.00, 22.00, 8.00)
Erasing brainstem...done.
seed_search_size = 9, min_neighbors = 5
search rh wm seed point around talairach space:(22.00, 22.00, 8.00) SRC: (109.72, 67.95, 146.66)
search lh wm seed point around talairach space (-14.00, 22.00, 8.00), SRC: (144.14, 68.95, 144.39)
compute mri_fill using aseg
Erasing Brain Stem and Cerebellum ...
Define left and right masks using aseg:
Building Voronoi diagram ...
Using the Voronoi diagram for separating WM into two hemispheres ...
Find the largest connected component for each hemisphere ...
Embedding colortable
mri_fill done, writing output to filled.mgz...
@#@FSTIME  2026:09:04:11:44:16 mri_fill N 10 e 29.55 S 0.76 U 29.11 P 101% M 892856 F 11 R 460978 W 0 c 384 w 27 I 1000 O 280 L 1.01 1.16 1.84
@#@FSLOADPOST 2026:09:04:11:44:46 mri_fill N 10 1.01 1.14 1.82
 cp filled.mgz filled.auto.mgz
#--------------------------------------------
#@# Tessellate lh Fri Sep  4 11:44:46 CEST 2026
/home/ts/develop/subject1/derived/FreeSurfer/7.4.1/subjects_dir/sub-01/scripts

 mri_pretess ../mri/filled.mgz 255 ../mri/norm.mgz ../mri/filled-pretess255.mgz 


Iteration Number : 1
pass   1 (xy+):   4 found -   4 modified     |    TOTAL:   4
pass   2 (xy+):   0 found -   4 modified     |    TOTAL:   4
pass   1 (xy-):   1 found -   1 modified     |    TOTAL:   5
pass   2 (xy-):   0 found -   1 modified     |    TOTAL:   5
pass   1 (yz+):   8 found -   8 modified     |    TOTAL:  13
pass   2 (yz+):   0 found -   8 modified     |    TOTAL:  13
pass   1 (yz-):   2 found -   2 modified     |    TOTAL:  15
pass   2 (yz-):   0 found -   2 modified     |    TOTAL:  15
pass   1 (xz+):   0 found -   0 modified     |    TOTAL:  15
pass   1 (xz-):   1 found -   1 modified     |    TOTAL:  16
pass   2 (xz-):   0 found -   1 modified     |    TOTAL:  16
Iteration Number : 1
pass   1 (+++):   0 found -   0 modified     |    TOTAL:   0
pass   1 (+++):   0 found -   0 modified     |    TOTAL:   0
pass   1 (+++):   0 found -   0 modified     |    TOTAL:   0
pass   1 (+++):   0 found -   0 modified     |    TOTAL:   0
Iteration Number : 1
pass   1 (++):   0 found -   0 modified     |    TOTAL:   0
pass   1 (+-):   0 found -   0 modified     |    TOTAL:   0
pass   1 (--):   0 found -   0 modified     |    TOTAL:   0
pass   1 (-+):   0 found -   0 modified     |    TOTAL:   0
Iteration Number : 2
pass   1 (xy+):   0 found -   0 modified     |    TOTAL:   0
pass   1 (xy-):   0 found -   0 modified     |    TOTAL:   0
pass   1 (yz+):   0 found -   0 modified     |    TOTAL:   0
pass   1 (yz-):   0 found -   0 modified     |    TOTAL:   0
pass   1 (xz+):   0 found -   0 modified     |    TOTAL:   0
pass   1 (xz-):   0 found -   0 modified     |    TOTAL:   0
Iteration Number : 2
pass   1 (+++):   0 found -   0 modified     |    TOTAL:   0
pass   1 (+++):   0 found -   0 modified     |    TOTAL:   0
pass   1 (+++):   0 found -   0 modified     |    TOTAL:   0
pass   1 (+++):   0 found -   0 modified     |    TOTAL:   0
Iteration Number : 2
pass   1 (++):   0 found -   0 modified     |    TOTAL:   0
pass   1 (+-):   0 found -   0 modified     |    TOTAL:   0
pass   1 (--):   0 found -   0 modified     |    TOTAL:   0
pass   1 (-+):   0 found -   0 modified     |    TOTAL:   0

Total Number of Modified Voxels = 16 (out of 276449: 0.005788)
Ambiguous edge configurations... 

mri_pretess done

@#@FSTIME  2026:09:04:11:44:46 mri_pretess N 4 e 0.71 S 0.01 U 0.97 P 139% M 40304 F 0 R 8809 W 0 c 16 w 15 I 0 O 272 L 1.01 1.14 1.82
@#@FSLOADPOST 2026:09:04:11:44:46 mri_pretess N 4 1.01 1.14 1.82

 mri_tessellate ../mri/filled-pretess255.mgz 255 ../surf/lh.orig.nofix 

7.4.1
  7.4.1
slice 30: 4130 vertices, 4338 faces
slice 40: 12879 vertices, 13184 faces
slice 50: 23203 vertices, 23558 faces
slice 60: 33785 vertices, 34169 faces
slice 70: 44536 vertices, 44890 faces
slice 80: 55136 vertices, 55506 faces
slice 90: 66256 vertices, 66647 faces
slice 100: 77051 vertices, 77457 faces
slice 110: 87441 vertices, 87825 faces
slice 120: 97818 vertices, 98205 faces
slice 130: 107413 vertices, 107753 faces
slice 140: 115692 vertices, 115978 faces
slice 150: 123447 vertices, 123724 faces
slice 160: 130063 vertices, 130309 faces
slice 170: 135835 vertices, 136017 faces
slice 180: 140234 vertices, 140352 faces
slice 190: 141420 vertices, 141436 faces
slice 200: 141420 vertices, 141436 faces
slice 210: 141420 vertices, 141436 faces
slice 220: 141420 vertices, 141436 faces
slice 230: 141420 vertices, 141436 faces
slice 240: 141420 vertices, 141436 faces
slice 250: 141420 vertices, 141436 faces
using the conformed surface RAS to save vertex points...
writing ../surf/lh.orig.nofix
using vox2ras matrix:
-1.00000   0.00000   0.00000   128.00000;
 0.00000   0.00000   1.00000  -128.00000;
 0.00000  -1.00000   0.00000   128.00000;
 0.00000   0.00000   0.00000   1.00000;
@#@FSTIME  2026:09:04:11:44:46 mri_tessellate N 3 e 0.63 S 0.01 U 0.74 P 119% M 38280 F 11 R 8525 W 0 c 5 w 26 I 1088 O 6632 L 1.01 1.14 1.82
@#@FSLOADPOST 2026:09:04:11:44:47 mri_tessellate N 3 1.01 1.14 1.82

 rm -f ../mri/filled-pretess255.mgz 


 mris_extract_main_component ../surf/lh.orig.nofix ../surf/lh.orig.nofix 


counting number of connected components...
   141420 voxel in cpt #1: X=-16 [v=141420,e=424308,f=282872] located at (-26.141111, -32.738270, 51.415180)
For the whole surface: X=-16 [v=141420,e=424308,f=282872]
One single component has been found
nothing to do
done

@#@FSTIME  2026:09:04:11:44:47 mris_extract_main_component N 2 e 0.50 S 0.13 U 0.55 P 136% M 280376 F 21 R 74714 W 0 c 13 w 56 I 3472 O 9952 L 1.01 1.14 1.82
@#@FSLOADPOST 2026:09:04:11:44:48 mris_extract_main_component N 2 1.00 1.14 1.81
#--------------------------------------------
#@# Tessellate rh Fri Sep  4 11:44:48 CEST 2026
/home/ts/develop/subject1/derived/FreeSurfer/7.4.1/subjects_dir/sub-01/scripts

 mri_pretess ../mri/filled.mgz 127 ../mri/norm.mgz ../mri/filled-pretess127.mgz 


Iteration Number : 1
pass   1 (xy+):   3 found -   3 modified     |    TOTAL:   3
pass   2 (xy+):   0 found -   3 modified     |    TOTAL:   3
pass   1 (xy-):   3 found -   3 modified     |    TOTAL:   6
pass   2 (xy-):   0 found -   3 modified     |    TOTAL:   6
pass   1 (yz+):   5 found -   5 modified     |    TOTAL:  11
pass   2 (yz+):   0 found -   5 modified     |    TOTAL:  11
pass   1 (yz-):  11 found -  11 modified     |    TOTAL:  22
pass   2 (yz-):   0 found -  11 modified     |    TOTAL:  22
pass   1 (xz+):   2 found -   2 modified     |    TOTAL:  24
pass   2 (xz+):   0 found -   2 modified     |    TOTAL:  24
pass   1 (xz-):   0 found -   0 modified     |    TOTAL:  24
Iteration Number : 1
pass   1 (+++):   0 found -   0 modified     |    TOTAL:   0
pass   1 (+++):   0 found -   0 modified     |    TOTAL:   0
pass   1 (+++):   0 found -   0 modified     |    TOTAL:   0
pass   1 (+++):   0 found -   0 modified     |    TOTAL:   0
Iteration Number : 1
pass   1 (++):   0 found -   0 modified     |    TOTAL:   0
pass   1 (+-):   0 found -   0 modified     |    TOTAL:   0
pass   1 (--):   0 found -   0 modified     |    TOTAL:   0
pass   1 (-+):   2 found -   2 modified     |    TOTAL:   2
pass   2 (-+):   0 found -   2 modified     |    TOTAL:   2
Iteration Number : 2
pass   1 (xy+):   0 found -   0 modified     |    TOTAL:   0
pass   1 (xy-):   0 found -   0 modified     |    TOTAL:   0
pass   1 (yz+):   0 found -   0 modified     |    TOTAL:   0
pass   1 (yz-):   0 found -   0 modified     |    TOTAL:   0
pass   1 (xz+):   0 found -   0 modified     |    TOTAL:   0
pass   1 (xz-):   0 found -   0 modified     |    TOTAL:   0
Iteration Number : 2
pass   1 (+++):   0 found -   0 modified     |    TOTAL:   0
pass   1 (+++):   0 found -   0 modified     |    TOTAL:   0
pass   1 (+++):   0 found -   0 modified     |    TOTAL:   0
pass   1 (+++):   0 found -   0 modified     |    TOTAL:   0
Iteration Number : 2
pass   1 (++):   0 found -   0 modified     |    TOTAL:   0
pass   1 (+-):   0 found -   0 modified     |    TOTAL:   0
pass   1 (--):   0 found -   0 modified     |    TOTAL:   0
pass   1 (-+):   0 found -   0 modified     |    TOTAL:   0

Total Number of Modified Voxels = 26 (out of 275866: 0.009425)
Ambiguous edge configurations... 

mri_pretess done

@#@FSTIME  2026:09:04:11:44:48 mri_pretess N 4 e 0.72 S 0.01 U 0.99 P 138% M 40516 F 0 R 8813 W 0 c 11 w 15 I 0 O 272 L 1.00 1.14 1.81
@#@FSLOADPOST 2026:09:04:11:44:48 mri_pretess N 4 1.00 1.14 1.81

 mri_tessellate ../mri/filled-pretess127.mgz 127 ../surf/rh.orig.nofix 

7.4.1
  7.4.1
slice 30: 2026 vertices, 2195 faces
slice 40: 8931 vertices, 9239 faces
slice 50: 19224 vertices, 19552 faces
slice 60: 29769 vertices, 30124 faces
slice 70: 41086 vertices, 41459 faces
slice 80: 52369 vertices, 52771 faces
slice 90: 64464 vertices, 64875 faces
slice 100: 75558 vertices, 75943 faces
slice 110: 86481 vertices, 86871 faces
slice 120: 97175 vertices, 97578 faces
slice 130: 107359 vertices, 107725 faces
slice 140: 116315 vertices, 116630 faces
slice 150: 124300 vertices, 124623 faces
slice 160: 131400 vertices, 131625 faces
slice 170: 137126 vertices, 137305 faces
slice 180: 141494 vertices, 141627 faces
slice 190: 143214 vertices, 143234 faces
slice 200: 143214 vertices, 143234 faces
slice 210: 143214 vertices, 143234 faces
slice 220: 143214 vertices, 143234 faces
slice 230: 143214 vertices, 143234 faces
slice 240: 143214 vertices, 143234 faces
slice 250: 143214 vertices, 143234 faces
using the conformed surface RAS to save vertex points...
writing ../surf/rh.orig.nofix
using vox2ras matrix:
-1.00000   0.00000   0.00000   128.00000;
 0.00000   0.00000   1.00000  -128.00000;
 0.00000  -1.00000   0.00000   128.00000;
 0.00000   0.00000   0.00000   1.00000;
@#@FSTIME  2026:09:04:11:44:48 mri_tessellate N 3 e 0.61 S 0.02 U 0.74 P 123% M 38256 F 0 R 8539 W 0 c 4 w 8 I 0 O 6720 L 1.00 1.14 1.81
@#@FSLOADPOST 2026:09:04:11:44:49 mri_tessellate N 3 1.00 1.14 1.81

 rm -f ../mri/filled-pretess127.mgz 


 mris_extract_main_component ../surf/rh.orig.nofix ../surf/rh.orig.nofix 


counting number of connected components...
   143214 voxel in cpt #1: X=-20 [v=143214,e=429702,f=286468] located at (29.641794, -30.250849, 52.714016)
For the whole surface: X=-20 [v=143214,e=429702,f=286468]
One single component has been found
nothing to do
done

@#@FSTIME  2026:09:04:11:44:49 mris_extract_main_component N 2 e 0.51 S 0.15 U 0.58 P 142% M 283816 F 0 R 75646 W 0 c 29 w 37 I 0 O 10072 L 1.00 1.14 1.81
@#@FSLOADPOST 2026:09:04:11:44:50 mris_extract_main_component N 2 1.00 1.14 1.81
#--------------------------------------------
#@# Smooth1 lh Fri Sep  4 11:44:50 CEST 2026
/home/ts/develop/subject1/derived/FreeSurfer/7.4.1/subjects_dir/sub-01/scripts

 mris_smooth -nw -seed 1234 ../surf/lh.orig.nofix ../surf/lh.smoothwm.nofix 

setting seed for random number generator to 1234
smoothing surface tessellation for 10 iterations...
smoothing complete - recomputing first and second fundamental forms...
@#@FSTIME  2026:09:04:11:44:50 mris_smooth N 5 e 1.38 S 0.11 U 1.73 P 133% M 223284 F 13 R 67537 W 0 c 20 w 85 I 752 O 9952 L 1.00 1.14 1.81
@#@FSLOADPOST 2026:09:04:11:44:51 mris_smooth N 5 1.00 1.14 1.81
#--------------------------------------------
#@# Smooth1 rh Fri Sep  4 11:44:51 CEST 2026
/home/ts/develop/subject1/derived/FreeSurfer/7.4.1/subjects_dir/sub-01/scripts

 mris_smooth -nw -seed 1234 ../surf/rh.orig.nofix ../surf/rh.smoothwm.nofix 

setting seed for random number generator to 1234
smoothing surface tessellation for 10 iterations...
smoothing complete - recomputing first and second fundamental forms...
@#@FSTIME  2026:09:04:11:44:51 mris_smooth N 5 e 1.37 S 0.11 U 1.76 P 136% M 225840 F 0 R 68432 W 0 c 33 w 53 I 0 O 10080 L 1.00 1.14 1.81
@#@FSLOADPOST 2026:09:04:11:44:52 mris_smooth N 5 1.00 1.14 1.81
#--------------------------------------------
#@# Inflation1 lh Fri Sep  4 11:44:52 CEST 2026
/home/ts/develop/subject1/derived/FreeSurfer/7.4.1/subjects_dir/sub-01/scripts

 mris_inflate -no-save-sulc ../surf/lh.smoothwm.nofix ../surf/lh.inflated.nofix 

Not saving sulc
Reading ../surf/lh.smoothwm.nofix
avg radius = 49.0 mm, total surface area = 75905 mm^2
step 000: RMS=0.148 (target=0.015)   step 005: RMS=0.111 (target=0.015)   step 010: RMS=0.081 (target=0.015)   step 015: RMS=0.066 (target=0.015)   step 020: RMS=0.056 (target=0.015)   step 025: RMS=0.049 (target=0.015)   step 030: RMS=0.043 (target=0.015)   step 035: RMS=0.039 (target=0.015)   step 040: RMS=0.035 (target=0.015)   step 045: RMS=0.034 (target=0.015)   step 050: RMS=0.032 (target=0.015)   step 055: RMS=0.030 (target=0.015)   step 060: RMS=0.030 (target=0.015)   writing inflated surface to ../surf/lh.inflated.nofix
inflation took 0.1 minutes

inflation complete.
Not saving sulc
mris_inflate utimesec    21.155170
mris_inflate stimesec    0.587365
mris_inflate ru_maxrss   223496
mris_inflate ru_ixrss    0
mris_inflate ru_idrss    0
mris_inflate ru_isrss    0
mris_inflate ru_minflt   291447
mris_inflate ru_majflt   30
mris_inflate ru_nswap    0
mris_inflate ru_inblock  4104
mris_inflate ru_oublock  9952
mris_inflate ru_msgsnd   0
mris_inflate ru_msgrcv   0
mris_inflate ru_nsignals 0
mris_inflate ru_nvcsw    1591
mris_inflate ru_nivcsw   186
@#@FSTIME  2026:09:04:11:44:52 mris_inflate N 3 e 6.00 S 0.60 U 21.15 P 362% M 223496 F 30 R 291454 W 0 c 188 w 1592 I 4104 O 9952 L 1.00 1.14 1.81
@#@FSLOADPOST 2026:09:04:11:44:58 mris_inflate N 3 1.00 1.13 1.80
#--------------------------------------------
#@# Inflation1 rh Fri Sep  4 11:44:58 CEST 2026
/home/ts/develop/subject1/derived/FreeSurfer/7.4.1/subjects_dir/sub-01/scripts

 mris_inflate -no-save-sulc ../surf/rh.smoothwm.nofix ../surf/rh.inflated.nofix 

Not saving sulc
Reading ../surf/rh.smoothwm.nofix
avg radius = 48.0 mm, total surface area = 76885 mm^2
step 000: RMS=0.148 (target=0.015)   step 005: RMS=0.111 (target=0.015)   step 010: RMS=0.079 (target=0.015)   step 015: RMS=0.064 (target=0.015)   step 020: RMS=0.054 (target=0.015)   step 025: RMS=0.046 (target=0.015)   step 030: RMS=0.040 (target=0.015)   step 035: RMS=0.035 (target=0.015)   step 040: RMS=0.031 (target=0.015)   step 045: RMS=0.029 (target=0.015)   step 050: RMS=0.027 (target=0.015)   step 055: RMS=0.025 (target=0.015)   step 060: RMS=0.025 (target=0.015)   writing inflated surface to ../surf/rh.inflated.nofix
inflation took 0.1 minutes

inflation complete.
Not saving sulc
mris_inflate utimesec    21.250738
mris_inflate stimesec    0.536558
mris_inflate ru_maxrss   226520
mris_inflate ru_ixrss    0
mris_inflate ru_idrss    0
mris_inflate ru_isrss    0
mris_inflate ru_minflt   295161
mris_inflate ru_majflt   0
mris_inflate ru_nswap    0
mris_inflate ru_inblock  0
mris_inflate ru_oublock  10080
mris_inflate ru_msgsnd   0
mris_inflate ru_msgrcv   0
mris_inflate ru_nsignals 0
mris_inflate ru_nvcsw    1537
mris_inflate ru_nivcsw   164
@#@FSTIME  2026:09:04:11:44:58 mris_inflate N 3 e 6.05 S 0.55 U 21.25 P 360% M 226520 F 0 R 295168 W 0 c 164 w 1538 I 0 O 10080 L 1.00 1.13 1.80
@#@FSLOADPOST 2026:09:04:11:45:04 mris_inflate N 3 1.56 1.25 1.84
#--------------------------------------------
#@# QSphere lh Fri Sep  4 11:45:04 CEST 2026
/home/ts/develop/subject1/derived/FreeSurfer/7.4.1/subjects_dir/sub-01/scripts

 mris_sphere -q -p 6 -a 128 -seed 1234 ../surf/lh.inflated.nofix ../surf/lh.qsphere.nofix 

doing quick spherical unfolding.
limitting unfolding to 6 passes
using n_averages = 128
setting seed for random number genererator to 1234
version: 7.4.1
available threads: 8
scaling brain by 0.301...
inflating...
projecting onto sphere...
surface projected - minimizing metric distortion...
vertex spacing 0.96 +- 0.58 (0.00-->6.85) (max @ vno 104381 --> 104395)
face area 0.02 +- 0.03 (-0.14-->0.69)
Entering MRISinflateToSphere()
inflating to sphere (rms error < 2.00)
000: dt: 0.0000, rms radial error=176.519, avgs=0
005/300: dt: 0.9000, rms radial error=176.260, avgs=0
010/300: dt: 0.9000, rms radial error=175.703, avgs=0
015/300: dt: 0.9000, rms radial error=174.972, avgs=0
020/300: dt: 0.9000, rms radial error=174.141, avgs=0
025/300: dt: 0.9000, rms radial error=173.257, avgs=0
030/300: dt: 0.9000, rms radial error=172.339, avgs=0
035/300: dt: 0.9000, rms radial error=171.403, avgs=0
040/300: dt: 0.9000, rms radial error=170.458, avgs=0
045/300: dt: 0.9000, rms radial error=169.510, avgs=0
050/300: dt: 0.9000, rms radial error=168.561, avgs=0
055/300: dt: 0.9000, rms radial error=167.613, avgs=0
060/300: dt: 0.9000, rms radial error=166.670, avgs=0
065/300: dt: 0.9000, rms radial error=165.732, avgs=0
070/300: dt: 0.9000, rms radial error=164.799, avgs=0
075/300: dt: 0.9000, rms radial error=163.872, avgs=0
080/300: dt: 0.9000, rms radial error=162.952, avgs=0
085/300: dt: 0.9000, rms radial error=162.037, avgs=0
090/300: dt: 0.9000, rms radial error=161.128, avgs=0
095/300: dt: 0.9000, rms radial error=160.224, avgs=0
100/300: dt: 0.9000, rms radial error=159.326, avgs=0
105/300: dt: 0.9000, rms radial error=158.433, avgs=0
110/300: dt: 0.9000, rms radial error=157.544, avgs=0
115/300: dt: 0.9000, rms radial error=156.660, avgs=0
120/300: dt: 0.9000, rms radial error=155.782, avgs=0
125/300: dt: 0.9000, rms radial error=154.908, avgs=0
130/300: dt: 0.9000, rms radial error=154.039, avgs=0
135/300: dt: 0.9000, rms radial error=153.175, avgs=0
140/300: dt: 0.9000, rms radial error=152.316, avgs=0
145/300: dt: 0.9000, rms radial error=151.461, avgs=0
150/300: dt: 0.9000, rms radial error=150.611, avgs=0
155/300: dt: 0.9000, rms radial error=149.765, avgs=0
160/300: dt: 0.9000, rms radial error=148.924, avgs=0
165/300: dt: 0.9000, rms radial error=148.088, avgs=0
170/300: dt: 0.9000, rms radial error=147.256, avgs=0
175/300: dt: 0.9000, rms radial error=146.428, avgs=0
180/300: dt: 0.9000, rms radial error=145.606, avgs=0
185/300: dt: 0.9000, rms radial error=144.787, avgs=0
190/300: dt: 0.9000, rms radial error=143.973, avgs=0
195/300: dt: 0.9000, rms radial error=143.164, avgs=0
200/300: dt: 0.9000, rms radial error=142.359, avgs=0
205/300: dt: 0.9000, rms radial error=141.558, avgs=0
210/300: dt: 0.9000, rms radial error=140.762, avgs=0
215/300: dt: 0.9000, rms radial error=139.970, avgs=0
220/300: dt: 0.9000, rms radial error=139.183, avgs=0
225/300: dt: 0.9000, rms radial error=138.400, avgs=0
230/300: dt: 0.9000, rms radial error=137.621, avgs=0
235/300: dt: 0.9000, rms radial error=136.847, avgs=0
240/300: dt: 0.9000, rms radial error=136.077, avgs=0
245/300: dt: 0.9000, rms radial error=135.312, avgs=0
250/300: dt: 0.9000, rms radial error=134.551, avgs=0
255/300: dt: 0.9000, rms radial error=133.795, avgs=0
260/300: dt: 0.9000, rms radial error=133.042, avgs=0
265/300: dt: 0.9000, rms radial error=132.294, avgs=0
270/300: dt: 0.9000, rms radial error=131.550, avgs=0
275/300: dt: 0.9000, rms radial error=130.810, avgs=0
280/300: dt: 0.9000, rms radial error=130.074, avgs=0
285/300: dt: 0.9000, rms radial error=129.343, avgs=0
290/300: dt: 0.9000, rms radial error=128.616, avgs=0
295/300: dt: 0.9000, rms radial error=127.893, avgs=0
300/300: dt: 0.9000, rms radial error=127.174, avgs=0

spherical inflation complete.
epoch 1 (K=10.0), pass 1, starting sse = 16686.96
taking momentum steps...
taking momentum steps...
taking momentum steps...
taking momentum steps...
pass 1 complete, delta sse/iter = 0.00/13 = 0.00031
epoch 2 (K=40.0), pass 1, starting sse = 2803.82
taking momentum steps...
taking momentum steps...
taking momentum steps...
taking momentum steps...
pass 1 complete, delta sse/iter = 0.00/13 = 0.00022
epoch 3 (K=160.0), pass 1, starting sse = 276.96
taking momentum steps...
taking momentum steps...
taking momentum steps...
taking momentum steps...
pass 1 complete, delta sse/iter = 0.12/15 = 0.00775
epoch 4 (K=640.0), pass 1, starting sse = 13.24
taking momentum steps...
taking momentum steps...
taking momentum steps...
taking momentum steps...
pass 1 complete, delta sse/iter = 0.13/23 = 0.00587
final distance error %100000.00
writing spherical brain to ../surf/lh.qsphere.nofix
spherical transformation took 0.0102 hours
FSRUNTIME@ mris_sphere  0.0102 hours 8 threads
#VMPC# mris_sphere VmPeak  1025264
mris_sphere done
@#@FSTIME  2026:09:04:11:45:05 mris_sphere N 9 e 36.56 S 5.01 U 142.59 P 403% M 229584 F 19 R 2452515 W 0 c 879 w 9592 I 1320 O 9952 L 1.56 1.25 1.84
@#@FSLOADPOST 2026:09:04:11:45:41 mris_sphere N 9 3.17 1.68 1.96
#--------------------------------------------
#@# QSphere rh Fri Sep  4 11:45:41 CEST 2026
/home/ts/develop/subject1/derived/FreeSurfer/7.4.1/subjects_dir/sub-01/scripts

 mris_sphere -q -p 6 -a 128 -seed 1234 ../surf/rh.inflated.nofix ../surf/rh.qsphere.nofix 

doing quick spherical unfolding.
limitting unfolding to 6 passes
using n_averages = 128
setting seed for random number genererator to 1234
version: 7.4.1
available threads: 8
scaling brain by 0.302...
inflating...
projecting onto sphere...
surface projected - minimizing metric distortion...
vertex spacing 0.97 +- 0.56 (0.00-->6.11) (max @ vno 110824 --> 110825)
face area 0.02 +- 0.03 (-0.08-->0.57)
Entering MRISinflateToSphere()
inflating to sphere (rms error < 2.00)
000: dt: 0.0000, rms radial error=176.601, avgs=0
005/300: dt: 0.9000, rms radial error=176.340, avgs=0
010/300: dt: 0.9000, rms radial error=175.780, avgs=0
015/300: dt: 0.9000, rms radial error=175.045, avgs=0
020/300: dt: 0.9000, rms radial error=174.211, avgs=0
025/300: dt: 0.9000, rms radial error=173.324, avgs=0
030/300: dt: 0.9000, rms radial error=172.405, avgs=0
035/300: dt: 0.9000, rms radial error=171.467, avgs=0
040/300: dt: 0.9000, rms radial error=170.521, avgs=0
045/300: dt: 0.9000, rms radial error=169.574, avgs=0
050/300: dt: 0.9000, rms radial error=168.628, avgs=0
055/300: dt: 0.9000, rms radial error=167.684, avgs=0
060/300: dt: 0.9000, rms radial error=166.744, avgs=0
065/300: dt: 0.9000, rms radial error=165.808, avgs=0
070/300: dt: 0.9000, rms radial error=164.877, avgs=0
075/300: dt: 0.9000, rms radial error=163.951, avgs=0
080/300: dt: 0.9000, rms radial error=163.030, avgs=0
085/300: dt: 0.9000, rms radial error=162.115, avgs=0
090/300: dt: 0.9000, rms radial error=161.205, avgs=0
095/300: dt: 0.9000, rms radial error=160.299, avgs=0
100/300: dt: 0.9000, rms radial error=159.399, avgs=0
105/300: dt: 0.9000, rms radial error=158.504, avgs=0
110/300: dt: 0.9000, rms radial error=157.614, avgs=0
115/300: dt: 0.9000, rms radial error=156.730, avgs=0
120/300: dt: 0.9000, rms radial error=155.850, avgs=0
125/300: dt: 0.9000, rms radial error=154.975, avgs=0
130/300: dt: 0.9000, rms radial error=154.105, avgs=0
135/300: dt: 0.9000, rms radial error=153.240, avgs=0
140/300: dt: 0.9000, rms radial error=152.380, avgs=0
145/300: dt: 0.9000, rms radial error=151.524, avgs=0
150/300: dt: 0.9000, rms radial error=150.673, avgs=0
155/300: dt: 0.9000, rms radial error=149.827, avgs=0
160/300: dt: 0.9000, rms radial error=148.986, avgs=0
165/300: dt: 0.9000, rms radial error=148.149, avgs=0
170/300: dt: 0.9000, rms radial error=147.317, avgs=0
175/300: dt: 0.9000, rms radial error=146.490, avgs=0
180/300: dt: 0.9000, rms radial error=145.668, avgs=0
185/300: dt: 0.9000, rms radial error=144.850, avgs=0
190/300: dt: 0.9000, rms radial error=144.036, avgs=0
195/300: dt: 0.9000, rms radial error=143.228, avgs=0
200/300: dt: 0.9000, rms radial error=142.424, avgs=0
205/300: dt: 0.9000, rms radial error=141.624, avgs=0
210/300: dt: 0.9000, rms radial error=140.829, avgs=0
215/300: dt: 0.9000, rms radial error=140.039, avgs=0
220/300: dt: 0.9000, rms radial error=139.252, avgs=0
225/300: dt: 0.9000, rms radial error=138.470, avgs=0
230/300: dt: 0.9000, rms radial error=137.694, avgs=0
235/300: dt: 0.9000, rms radial error=136.922, avgs=0
240/300: dt: 0.9000, rms radial error=136.155, avgs=0
245/300: dt: 0.9000, rms radial error=135.392, avgs=0
250/300: dt: 0.9000, rms radial error=134.632, avgs=0
255/300: dt: 0.9000, rms radial error=133.878, avgs=0
260/300: dt: 0.9000, rms radial error=133.127, avgs=0
265/300: dt: 0.9000, rms radial error=132.380, avgs=0
270/300: dt: 0.9000, rms radial error=131.638, avgs=0
275/300: dt: 0.9000, rms radial error=130.900, avgs=0
280/300: dt: 0.9000, rms radial error=130.165, avgs=0
285/300: dt: 0.9000, rms radial error=129.435, avgs=0
290/300: dt: 0.9000, rms radial error=128.709, avgs=0
295/300: dt: 0.9000, rms radial error=127.987, avgs=0
300/300: dt: 0.9000, rms radial error=127.269, avgs=0

spherical inflation complete.
epoch 1 (K=10.0), pass 1, starting sse = 16857.87
taking momentum steps...
taking momentum steps...
taking momentum steps...
taking momentum steps...
pass 1 complete, delta sse/iter = 0.00/13 = 0.00033
epoch 2 (K=40.0), pass 1, starting sse = 2787.26
taking momentum steps...
taking momentum steps...
taking momentum steps...
taking momentum steps...
pass 1 complete, delta sse/iter = 0.00/13 = 0.00031
epoch 3 (K=160.0), pass 1, starting sse = 256.23
taking momentum steps...
taking momentum steps...
taking momentum steps...
taking momentum steps...
pass 1 complete, delta sse/iter = 0.16/18 = 0.00877
epoch 4 (K=640.0), pass 1, starting sse = 7.76
taking momentum steps...
taking momentum steps...
taking momentum steps...
taking momentum steps...
pass 1 complete, delta sse/iter = 0.39/35 = 0.01121
final distance error %100000.00
writing spherical brain to ../surf/rh.qsphere.nofix
spherical transformation took 0.0119 hours
FSRUNTIME@ mris_sphere  0.0119 hours 8 threads
#VMPC# mris_sphere VmPeak  1348196
mris_sphere done
@#@FSTIME  2026:09:04:11:45:41 mris_sphere N 9 e 42.83 S 6.89 U 170.08 P 413% M 232248 F 0 R 3574708 W 0 c 1089 w 11410 I 0 O 10080 L 3.17 1.68 1.96
@#@FSLOADPOST 2026:09:04:11:46:24 mris_sphere N 9 2.83 1.83 2.00
#@# Fix Topology lh Fri Sep  4 11:46:24 CEST 2026

 mris_fix_topology -mgz -sphere qsphere.nofix -inflated inflated.nofix -orig orig.nofix -out orig.premesh -ga -seed 1234 sub-01 lh 

reading spherical homeomorphism from 'qsphere.nofix'
reading inflated coordinates from 'inflated.nofix'
reading original coordinates from 'orig.nofix'
using genetic algorithm with optimized parameters
setting seed for random number genererator to 1234

*************************************************************
Topology Correction Parameters
retessellation mode:           genetic search
number of patches/generation : 10
number of generations :        10
surface mri loglikelihood coefficient :         1.0
volume mri loglikelihood coefficient :          10.0
normal dot loglikelihood coefficient :          1.0
quadratic curvature loglikelihood coefficient : 1.0
volume resolution :                             2
eliminate vertices during search :              1
initial patch selection :                       1
select all defect vertices :                    0
ordering dependant retessellation:              0
use precomputed edge table :                    0
smooth retessellated patch :                    2
match retessellated patch :                     1
verbose mode :                                  0

*************************************************************
INFO: assuming .mgz format
writing corrected surface to 'orig.premesh'
7.4.1
  7.4.1
before topology correction, eno=-16 (nv=141420, nf=282872, ne=424308, g=9)
using quasi-homeomorphic spherical map to tessellate cortical surface...

Correction of the Topology
Finding true center and radius of Spherical Surface...done
Surface centered at (0,0,0) with radius 100.0 in 9 iterations
marking ambiguous vertices...
2996 ambiguous faces found in tessellation
segmenting defects...
13 defects found, arbitrating ambiguous regions...
analyzing neighboring defects...
13 defects to be corrected 
0 vertices coincident
reading input surface /home/ts/develop/subject1/derived/FreeSurfer/7.4.1/subjects_dir/sub-01/surf/lh.qsphere.nofix...
reading brain volume from brain...
reading wm segmentation from wm...
Reading original properties of orig.nofix
Reading vertex positions of inflated.nofix
Computing Initial Surface Statistics
      -face       loglikelihood: -9.6284  (-4.8142)
      -vertex     loglikelihood: -6.3889  (-3.1944)
      -normal dot loglikelihood: -3.6854  (-3.6854)
      -quad curv  loglikelihood: -6.1427  (-3.0714)
      Total Loglikelihood : -25.8454
CORRECTING DEFECT 0 (vertices=832, convex hull=576, v0=184)
A large defect has been detected...
This often happens because cerebellum or dura has not been removed from wm.mgz.
This may cause recon-all to run very slowly or crash.
if so, see https://surfer.nmr.mgh.harvard.edu/fswiki/FsTutorial/TopologicalDefect_freeview
After retessellation of defect 0 (v0=184), euler #=-10 (139927,419527,279590) : difference with theory (-10) = 0 
CORRECTING DEFECT 1 (vertices=24, convex hull=59, v0=16429)
After retessellation of defect 1 (v0=16429), euler #=-9 (139940,419588,279639) : difference with theory (-9) = 0 
CORRECTING DEFECT 2 (vertices=83, convex hull=108, v0=60323)
After retessellation of defect 2 (v0=60323), euler #=-8 (139984,419767,279775) : difference with theory (-8) = 0 
CORRECTING DEFECT 3 (vertices=15, convex hull=34, v0=76823)
After retessellation of defect 3 (v0=76823), euler #=-7 (139991,419799,279801) : difference with theory (-7) = 0 
CORRECTING DEFECT 4 (vertices=49, convex hull=29, v0=80026)
After retessellation of defect 4 (v0=80026), euler #=-6 (139999,419833,279828) : difference with theory (-6) = 0 
CORRECTING DEFECT 5 (vertices=37, convex hull=56, v0=83000)
After retessellation of defect 5 (v0=83000), euler #=-5 (140015,419907,279887) : difference with theory (-5) = 0 
CORRECTING DEFECT 6 (vertices=104, convex hull=80, v0=85915)
After retessellation of defect 6 (v0=85915), euler #=-4 (140043,420023,279976) : difference with theory (-4) = 0 
CORRECTING DEFECT 7 (vertices=10, convex hull=18, v0=96352)
After retessellation of defect 7 (v0=96352), euler #=-3 (140044,420031,279984) : difference with theory (-3) = 0 
CORRECTING DEFECT 8 (vertices=340, convex hull=69, v0=96811)
After retessellation of defect 8 (v0=96811), euler #=-2 (140062,420111,280047) : difference with theory (-2) = 0 
CORRECTING DEFECT 9 (vertices=15, convex hull=25, v0=97412)
After retessellation of defect 9 (v0=97412), euler #=-1 (140063,420119,280055) : difference with theory (-1) = 0 
CORRECTING DEFECT 10 (vertices=174, convex hull=50, v0=103436)
After retessellation of defect 10 (v0=103436), euler #=0 (140083,420196,280113) : difference with theory (0) = 0 
CORRECTING DEFECT 11 (vertices=35, convex hull=55, v0=117009)
After retessellation of defect 11 (v0=117009), euler #=1 (140095,420254,280160) : difference with theory (1) = 0 
CORRECTING DEFECT 12 (vertices=22, convex hull=69, v0=137451)
After retessellation of defect 12 (v0=137451), euler #=2 (140105,420309,280206) : difference with theory (2) = 0 
computing original vertex metric properties...
storing new metric properties...
computing tessellation statistics...
vertex spacing 0.89 +- 0.21 (0.06-->10.47) (max @ vno 102109 --> 110786)
face area -nan +- -nan (1000.00-->-1.00)
performing soap bubble on retessellated vertices for 0 iterations...
vertex spacing 0.89 +- 0.21 (0.06-->10.47) (max @ vno 102109 --> 110786)
face area -nan +- -nan (1000.00-->-1.00)
tessellation finished, orienting corrected surface...
31 mutations (36.5%), 54 crossovers (63.5%), 69 vertices were eliminated
building final representation...
1315 vertices and 0 faces have been removed from triangulation
after topology correction, eno=2 (nv=140105, nf=280206, ne=420309, g=0)
writing corrected surface to /home/ts/develop/subject1/derived/FreeSurfer/7.4.1/subjects_dir/sub-01/surf/lh.orig.premesh...

0.000 % of the vertices (0 vertices) exhibit an orientation change
removing intersecting faces
000: 119 intersecting
terminating search with 0 intersecting
topology fixing took 4.4 minutes
FSRUNTIME@ mris_fix_topology lh  0.0727 hours 8 threads
#VMPC# mris_fix_topology VmPeak  1273456
@#@FSTIME  2026:09:04:11:46:24 mris_fix_topology N 14 e 261.78 S 0.37 U 377.82 P 144% M 757844 F 24 R 226793 W 0 c 3534 w 1979 I 1976 O 13192 L 2.83 1.83 2.00
@#@FSLOADPOST 2026:09:04:11:50:46 mris_fix_topology N 14 2.12 1.58 1.82
#@# Fix Topology rh Fri Sep  4 11:50:46 CEST 2026

 mris_fix_topology -mgz -sphere qsphere.nofix -inflated inflated.nofix -orig orig.nofix -out orig.premesh -ga -seed 1234 sub-01 rh 

reading spherical homeomorphism from 'qsphere.nofix'
reading inflated coordinates from 'inflated.nofix'
reading original coordinates from 'orig.nofix'
using genetic algorithm with optimized parameters
setting seed for random number genererator to 1234

*************************************************************
Topology Correction Parameters
retessellation mode:           genetic search
number of patches/generation : 10
number of generations :        10
surface mri loglikelihood coefficient :         1.0
volume mri loglikelihood coefficient :          10.0
normal dot loglikelihood coefficient :          1.0
quadratic curvature loglikelihood coefficient : 1.0
volume resolution :                             2
eliminate vertices during search :              1
initial patch selection :                       1
select all defect vertices :                    0
ordering dependant retessellation:              0
use precomputed edge table :                    0
smooth retessellated patch :                    2
match retessellated patch :                     1
verbose mode :                                  0

*************************************************************
INFO: assuming .mgz format
writing corrected surface to 'orig.premesh'
7.4.1
  7.4.1
before topology correction, eno=-20 (nv=143214, nf=286468, ne=429702, g=11)
using quasi-homeomorphic spherical map to tessellate cortical surface...

Correction of the Topology
Finding true center and radius of Spherical Surface...done
Surface centered at (0,0,0) with radius 100.0 in 9 iterations
marking ambiguous vertices...
734 ambiguous faces found in tessellation
segmenting defects...
19 defects found, arbitrating ambiguous regions...
analyzing neighboring defects...
19 defects to be corrected 
0 vertices coincident
reading input surface /home/ts/develop/subject1/derived/FreeSurfer/7.4.1/subjects_dir/sub-01/surf/rh.qsphere.nofix...
reading brain volume from brain...
reading wm segmentation from wm...
Reading original properties of orig.nofix
Reading vertex positions of inflated.nofix
Computing Initial Surface Statistics
      -face       loglikelihood: -9.6328  (-4.8164)
      -vertex     loglikelihood: -6.3397  (-3.1699)
      -normal dot loglikelihood: -3.6867  (-3.6867)
      -quad curv  loglikelihood: -6.1821  (-3.0911)
      Total Loglikelihood : -25.8413
CORRECTING DEFECT 0 (vertices=31, convex hull=66, v0=2838)
After retessellation of defect 0 (v0=2838), euler #=-16 (142719,427854,285119) : difference with theory (-16) = 0 
CORRECTING DEFECT 1 (vertices=23, convex hull=42, v0=9721)
After retessellation of defect 1 (v0=9721), euler #=-15 (142726,427892,285151) : difference with theory (-15) = 0 
CORRECTING DEFECT 2 (vertices=31, convex hull=65, v0=21585)
After retessellation of defect 2 (v0=21585), euler #=-14 (142740,427957,285203) : difference with theory (-14) = 0 
CORRECTING DEFECT 3 (vertices=11, convex hull=22, v0=61831)
After retessellation of defect 3 (v0=61831), euler #=-13 (142744,427972,285215) : difference with theory (-13) = 0 
CORRECTING DEFECT 4 (vertices=18, convex hull=21, v0=84690)
After retessellation of defect 4 (v0=84690), euler #=-12 (142748,427992,285232) : difference with theory (-12) = 0 
CORRECTING DEFECT 5 (vertices=35, convex hull=33, v0=89422)
After retessellation of defect 5 (v0=89422), euler #=-11 (142751,428013,285251) : difference with theory (-11) = 0 
CORRECTING DEFECT 6 (vertices=11, convex hull=12, v0=95882)
After retessellation of defect 6 (v0=95882), euler #=-10 (142752,428019,285257) : difference with theory (-10) = 0 
CORRECTING DEFECT 7 (vertices=41, convex hull=40, v0=97162)
After retessellation of defect 7 (v0=97162), euler #=-9 (142761,428064,285294) : difference with theory (-9) = 0 
CORRECTING DEFECT 8 (vertices=7, convex hull=22, v0=97817)
After retessellation of defect 8 (v0=97817), euler #=-8 (142765,428080,285307) : difference with theory (-8) = 0 
CORRECTING DEFECT 9 (vertices=24, convex hull=57, v0=100850)
After retessellation of defect 9 (v0=100850), euler #=-7 (142781,428149,285361) : difference with theory (-7) = 0 
CORRECTING DEFECT 10 (vertices=11, convex hull=21, v0=102039)
After retessellation of defect 10 (v0=102039), euler #=-6 (142784,428164,285374) : difference with theory (-6) = 0 
CORRECTING DEFECT 11 (vertices=8, convex hull=16, v0=107097)
After retessellation of defect 11 (v0=107097), euler #=-5 (142785,428170,285380) : difference with theory (-5) = 0 
CORRECTING DEFECT 12 (vertices=29, convex hull=57, v0=117229)
After retessellation of defect 12 (v0=117229), euler #=-4 (142797,428228,285427) : difference with theory (-4) = 0 
CORRECTING DEFECT 13 (vertices=32, convex hull=62, v0=121897)
After retessellation of defect 13 (v0=121897), euler #=-3 (142809,428288,285476) : difference with theory (-3) = 0 
CORRECTING DEFECT 14 (vertices=101, convex hull=98, v0=122529)
After retessellation of defect 14 (v0=122529), euler #=-2 (142853,428465,285610) : difference with theory (-2) = 0 
CORRECTING DEFECT 15 (vertices=24, convex hull=61, v0=122960)
After retessellation of defect 15 (v0=122960), euler #=-1 (142866,428528,285661) : difference with theory (-1) = 0 
CORRECTING DEFECT 16 (vertices=5, convex hull=47, v0=138324)
After retessellation of defect 16 (v0=138324), euler #=0 (142868,428546,285678) : difference with theory (0) = 0 
CORRECTING DEFECT 17 (vertices=19, convex hull=56, v0=139776)
After retessellation of defect 17 (v0=139776), euler #=1 (142876,428592,285717) : difference with theory (1) = 0 
CORRECTING DEFECT 18 (vertices=45, convex hull=76, v0=142327)
After retessellation of defect 18 (v0=142327), euler #=2 (142897,428685,285790) : difference with theory (2) = 0 
computing original vertex metric properties...
storing new metric properties...
computing tessellation statistics...
vertex spacing 0.89 +- 0.21 (0.12-->5.18) (max @ vno 142485 --> 142596)
face area -nan +- -nan (1000.00-->-1.00)
performing soap bubble on retessellated vertices for 0 iterations...
vertex spacing 0.89 +- 0.21 (0.12-->5.18) (max @ vno 142485 --> 142596)
face area -nan +- -nan (1000.00-->-1.00)
tessellation finished, orienting corrected surface...
77 mutations (37.2%), 130 crossovers (62.8%), 21 vertices were eliminated
building final representation...
317 vertices and 0 faces have been removed from triangulation
after topology correction, eno=2 (nv=142897, nf=285790, ne=428685, g=0)
writing corrected surface to /home/ts/develop/subject1/derived/FreeSurfer/7.4.1/subjects_dir/sub-01/surf/rh.orig.premesh...

0.000 % of the vertices (0 vertices) exhibit an orientation change
removing intersecting faces
000: 79 intersecting
001: 2 intersecting
terminating search with 0 intersecting
topology fixing took 0.3 minutes
FSRUNTIME@ mris_fix_topology rh  0.0055 hours 8 threads
#VMPC# mris_fix_topology VmPeak  1275164
@#@FSTIME  2026:09:04:11:50:46 mris_fix_topology N 14 e 19.71 S 0.40 U 83.31 P 424% M 755932 F 0 R 226638 W 0 c 343 w 320 I 0 O 13416 L 2.12 1.58 1.82
@#@FSLOADPOST 2026:09:04:11:51:05 mris_fix_topology N 14 2.88 1.78 1.88

 mris_euler_number ../surf/lh.orig.premesh 

euler # = v-e+f = 2g-2: 140105 - 420309 + 280206 = 2 --> 0 holes
      F =2V-4:          280206 = 280210-4 (0)
      2E=3F:            840618 = 840618 (0)

total defect index = 0

 mris_euler_number ../surf/rh.orig.premesh 

euler # = v-e+f = 2g-2: 142897 - 428685 + 285790 = 2 --> 0 holes
      F =2V-4:          285790 = 285794-4 (0)
      2E=3F:            857370 = 857370 (0)

total defect index = 0
Fri Sep  4 11:51:06 CEST 2026

setenv SUBJECTS_DIR /home/ts/develop/subject1/derived/FreeSurfer/7.4.1/subjects_dir
cd /home/ts/develop/subject1/derived/FreeSurfer/7.4.1/subjects_dir/sub-01/scripts
/home/ts/software/freesurfer/freesurfer7.4.1/bin/defect2seg --s sub-01 --cortex

freesurfer-linux-ubuntu22_x86_64-7.4.1-20230614-7eb8460
defect2seg 7.4.1
Linux mini 7.0.0-30-generic #30~24.04.1-Ubuntu SMP PREEMPT_DYNAMIC Fri Aug  7 13:27:52 UTC 2 x86_64 x86_64 x86_64 GNU/Linux
pid 97921
mri_label2label --label-cortex /home/ts/develop/subject1/derived/FreeSurfer/7.4.1/subjects_dir/sub-01/surf/lh.orig.nofix /home/ts/develop/subject1/derived/FreeSurfer/7.4.1/subjects_dir/sub-01/mri/aseg.presurf.mgz 0 /home/ts/develop/subject1/derived/FreeSurfer/7.4.1/subjects_dir/sub-01/label/lh.nofix.cortex.label

 Generating cortex label... RemoveHipAmgy=0
 NucAccIsMedialWall=0
 mris->useRealRAS=0
19 non-cortical segments detected
only using segment with 7619 vertices
erasing segment 0 (vno[0] = 27242)
erasing segment 1 (vno[0] = 28404)
erasing segment 3 (vno[0] = 56864)
erasing segment 4 (vno[0] = 88093)
erasing segment 5 (vno[0] = 99677)
erasing segment 6 (vno[0] = 101422)
erasing segment 7 (vno[0] = 101469)
erasing segment 8 (vno[0] = 102488)
erasing segment 9 (vno[0] = 102502)
erasing segment 10 (vno[0] = 102519)
erasing segment 11 (vno[0] = 104241)
erasing segment 12 (vno[0] = 104321)
erasing segment 13 (vno[0] = 105211)
erasing segment 14 (vno[0] = 105341)
erasing segment 15 (vno[0] = 106187)
erasing segment 16 (vno[0] = 111477)
erasing segment 17 (vno[0] = 118345)
erasing segment 18 (vno[0] = 119073)
mri_label2vol --defects /home/ts/develop/subject1/derived/FreeSurfer/7.4.1/subjects_dir/sub-01/surf/lh.orig.nofix /home/ts/develop/subject1/derived/FreeSurfer/7.4.1/subjects_dir/sub-01/surf/lh.defect_labels /home/ts/develop/subject1/derived/FreeSurfer/7.4.1/subjects_dir/sub-01/mri/orig.mgz 1000 0 /home/ts/develop/subject1/derived/FreeSurfer/7.4.1/subjects_dir/sub-01/mri/surface.defects.mgz /home/ts/develop/subject1/derived/FreeSurfer/7.4.1/subjects_dir/sub-01/label/lh.nofix.cortex.label
mri_label2vol supposed to be reproducible but seed not set
Contraining to label /home/ts/develop/subject1/derived/FreeSurfer/7.4.1/subjects_dir/sub-01/label/lh.nofix.cortex.label
Changing input type 0 to MRI_INT
Converting defects to volume: offset=1000, merge=0
Writing to /home/ts/develop/subject1/derived/FreeSurfer/7.4.1/subjects_dir/sub-01/mri/surface.defects.mgz
mris_defects_pointset -s /home/ts/develop/subject1/derived/FreeSurfer/7.4.1/subjects_dir/sub-01/surf/lh.orig.nofix -d /home/ts/develop/subject1/derived/FreeSurfer/7.4.1/subjects_dir/sub-01/surf/lh.defect_labels -o /home/ts/develop/subject1/derived/FreeSurfer/7.4.1/subjects_dir/sub-01/surf/lh.defects.pointset --label /home/ts/develop/subject1/derived/FreeSurfer/7.4.1/subjects_dir/sub-01/label/lh.nofix.cortex.label
Reading in surface /home/ts/develop/subject1/derived/FreeSurfer/7.4.1/subjects_dir/sub-01/surf/lh.orig.nofix
Reading in defect segmentation /home/ts/develop/subject1/derived/FreeSurfer/7.4.1/subjects_dir/sub-01/surf/lh.defect_labels
Reading in label /home/ts/develop/subject1/derived/FreeSurfer/7.4.1/subjects_dir/sub-01/label/lh.nofix.cortex.label
#VMPC# mris_defects_pointset 1108572
mris_defects_pointset done
mri_label2label --label-cortex /home/ts/develop/subject1/derived/FreeSurfer/7.4.1/subjects_dir/sub-01/surf/rh.orig.nofix /home/ts/develop/subject1/derived/FreeSurfer/7.4.1/subjects_dir/sub-01/mri/aseg.presurf.mgz 0 /home/ts/develop/subject1/derived/FreeSurfer/7.4.1/subjects_dir/sub-01/label/rh.nofix.cortex.label

 Generating cortex label... RemoveHipAmgy=0
 NucAccIsMedialWall=0
 mris->useRealRAS=0
18 non-cortical segments detected
only using segment with 7649 vertices
erasing segment 1 (vno[0] = 54183)
erasing segment 2 (vno[0] = 66453)
erasing segment 3 (vno[0] = 69697)
erasing segment 4 (vno[0] = 88519)
erasing segment 5 (vno[0] = 89588)
erasing segment 6 (vno[0] = 90545)
erasing segment 7 (vno[0] = 101951)
erasing segment 8 (vno[0] = 102924)
erasing segment 9 (vno[0] = 104108)
erasing segment 10 (vno[0] = 105058)
erasing segment 11 (vno[0] = 105078)
erasing segment 12 (vno[0] = 106940)
erasing segment 13 (vno[0] = 108060)
erasing segment 14 (vno[0] = 108941)
erasing segment 15 (vno[0] = 120878)
erasing segment 16 (vno[0] = 121567)
erasing segment 17 (vno[0] = 126362)
mri_label2vol --defects /home/ts/develop/subject1/derived/FreeSurfer/7.4.1/subjects_dir/sub-01/surf/rh.orig.nofix /home/ts/develop/subject1/derived/FreeSurfer/7.4.1/subjects_dir/sub-01/surf/rh.defect_labels /home/ts/develop/subject1/derived/FreeSurfer/7.4.1/subjects_dir/sub-01/mri/surface.defects.mgz 2000 1 /home/ts/develop/subject1/derived/FreeSurfer/7.4.1/subjects_dir/sub-01/mri/surface.defects.mgz /home/ts/develop/subject1/derived/FreeSurfer/7.4.1/subjects_dir/sub-01/label/rh.nofix.cortex.label
mri_label2vol supposed to be reproducible but seed not set
Contraining to label /home/ts/develop/subject1/derived/FreeSurfer/7.4.1/subjects_dir/sub-01/label/rh.nofix.cortex.label
Converting defects to volume: offset=2000, merge=1
Writing to /home/ts/develop/subject1/derived/FreeSurfer/7.4.1/subjects_dir/sub-01/mri/surface.defects.mgz
mris_defects_pointset -s /home/ts/develop/subject1/derived/FreeSurfer/7.4.1/subjects_dir/sub-01/surf/rh.orig.nofix -d /home/ts/develop/subject1/derived/FreeSurfer/7.4.1/subjects_dir/sub-01/surf/rh.defect_labels -o /home/ts/develop/subject1/derived/FreeSurfer/7.4.1/subjects_dir/sub-01/surf/rh.defects.pointset --label /home/ts/develop/subject1/derived/FreeSurfer/7.4.1/subjects_dir/sub-01/label/rh.nofix.cortex.label
Reading in surface /home/ts/develop/subject1/derived/FreeSurfer/7.4.1/subjects_dir/sub-01/surf/rh.orig.nofix
Reading in defect segmentation /home/ts/develop/subject1/derived/FreeSurfer/7.4.1/subjects_dir/sub-01/surf/rh.defect_labels
Reading in label /home/ts/develop/subject1/derived/FreeSurfer/7.4.1/subjects_dir/sub-01/label/rh.nofix.cortex.label
#VMPC# mris_defects_pointset 1109968
mris_defects_pointset done
 
Started at Fri Sep 4 11:51:06 CEST 2026 
Ended   at Fri Sep  4 11:51:19 CEST 2026
Defect2seg-Run-Time-Sec 13
Defect2seg-Run-Time-Min 0.26
Defect2seg-Run-Time-Hours 0.00
 
tkmeditfv sub-01 brain.finalsurfs.mgz -defect
defect2seg Done
@#@FSTIME  2026:09:04:11:51:06 defect2seg N 3 e 12.79 S 0.85 U 14.32 P 118% M 400504 F 56 R 474559 W 0 c 197 w 502 I 6752 O 23536 L 2.88 1.78 1.88
@#@FSLOADPOST 2026:09:04:11:51:19 defect2seg N 3 2.46 1.74 1.87

 mris_remesh --remesh --iters 3 --input /home/ts/develop/subject1/derived/FreeSurfer/7.4.1/subjects_dir/sub-01/surf/lh.orig.premesh --output /home/ts/develop/subject1/derived/FreeSurfer/7.4.1/subjects_dir/sub-01/surf/lh.orig 

iters = 3
standard remeshing without target
   adjusted l: 0.708807
remeshing to edge length 0.708807 with 3 iterations

avg qual before   : 0.892481  after: 0.971154

Removing intersections
Remeshed surface quality stats nv0 = 140105  nv = 146406  1.04497
Area    292808  0.30086  0.03356 0.073315   0.5652
Corner  878424 60.00000  8.81043 15.479218 148.5490
Edge    439212  0.84150  0.08217 0.475183   1.2682
Hinge   439212  9.62847 10.01513 0.000006 129.2679
mris_remesh done
@#@FSTIME  2026:09:04:11:51:19 mris_remesh N 7 e 20.63 S 0.49 U 21.68 P 107% M 823816 F 23 R 306415 W 0 c 308 w 128 I 3728 O 10296 L 2.46 1.74 1.87
@#@FSLOADPOST 2026:09:04:11:51:40 mris_remesh N 7 2.05 1.69 1.85

 mris_remesh --remesh --iters 3 --input /home/ts/develop/subject1/derived/FreeSurfer/7.4.1/subjects_dir/sub-01/surf/rh.orig.premesh --output /home/ts/develop/subject1/derived/FreeSurfer/7.4.1/subjects_dir/sub-01/surf/rh.orig 

iters = 3
standard remeshing without target
   adjusted l: 0.708934
remeshing to edge length 0.708934 with 3 iterations

avg qual before   : 0.891368  after: 0.97143

Removing intersections
Remeshed surface quality stats nv0 = 142897  nv = 149113  1.0435
Area    298222  0.30127  0.03334 0.087743   0.4663
Corner  894666 60.00000  8.76156 15.724741 148.0531
Edge    447333  0.84200  0.08176 0.452956   1.2327
Hinge   447333  9.62736  9.92885 0.000011 148.6237
mris_remesh done
@#@FSTIME  2026:09:04:11:51:40 mris_remesh N 7 e 20.28 S 0.49 U 21.30 P 107% M 838668 F 0 R 317629 W 0 c 244 w 103 I 0 O 10488 L 2.05 1.69 1.85
@#@FSLOADPOST 2026:09:04:11:52:00 mris_remesh N 7 1.75 1.64 1.83
/home/ts/develop/subject1/derived/FreeSurfer/7.4.1/subjects_dir/sub-01/scripts

 mris_remove_intersection ../surf/lh.orig ../surf/lh.orig 

intersection removal took 0.00 hours
Found 0 intersections
writing corrected surface to ../surf/lh.orig
@#@FSTIME  2026:09:04:11:52:00 mris_remove_intersection N 2 e 3.10 S 0.16 U 3.20 P 108% M 355552 F 22 R 102475 W 0 c 44 w 59 I 3712 O 10304 L 1.75 1.64 1.83
@#@FSLOADPOST 2026:09:04:11:52:03 mris_remove_intersection N 2 1.69 1.63 1.82

 rm -f ../surf/lh.inflated 

/home/ts/develop/subject1/derived/FreeSurfer/7.4.1/subjects_dir/sub-01/scripts

 mris_remove_intersection ../surf/rh.orig ../surf/rh.orig 

intersection removal took 0.00 hours
Found 0 intersections
writing corrected surface to ../surf/rh.orig
@#@FSTIME  2026:09:04:11:52:03 mris_remove_intersection N 2 e 3.10 S 0.18 U 3.20 P 109% M 354740 F 0 R 102402 W 0 c 42 w 36 I 0 O 10488 L 1.69 1.63 1.82
@#@FSLOADPOST 2026:09:04:11:52:06 mris_remove_intersection N 2 1.69 1.63 1.82

 rm -f ../surf/rh.inflated 

#--------------------------------------------
#@# AutoDetGWStats lh Fri Sep  4 11:52:06 CEST 2026
cd /home/ts/develop/subject1/derived/FreeSurfer/7.4.1/subjects_dir/sub-01/mri
mris_autodet_gwstats --o ../surf/autodet.gw.stats.lh.dat --i brain.finalsurfs.mgz --wm wm.mgz --surf ../surf/lh.orig.premesh
7.4.1

cd /home/ts/develop/subject1/derived/FreeSurfer/7.4.1/subjects_dir/sub-01/mri
setenv SUBJECTS_DIR /home/ts/develop/subject1/derived/FreeSurfer/7.4.1/subjects_dir
mris_autodet_gwstats --o ../surf/autodet.gw.stats.lh.dat --i brain.finalsurfs.mgz --wm wm.mgz --surf ../surf/lh.orig.premesh 

border white:    260286 voxels (1.55%)
border gray      291122 voxels (1.74%)
Reading in intensity volume brain.finalsurfs.mgz
Reading in wm volume wm.mgz
Reading in surf ../surf/lh.orig.premesh
Auto detecting stats
MRIclipBrightWM(): nthresh=23272, wmmin=5, clip=110 
Binarizing thresholding at 5
computing class statistics... low=30, hi=110.000000
CCS WM (99.0): 98.9 +- 8.2 [70.0 --> 110.0]
CCS GM (74.0) : 73.4 +- 10.0 [30.0 --> 110.0]
white_mean = 98.9088 +/- 8.18054, gray_mean = 73.4191 +/- 10.0033
using class modes intead of means, discounting robust sigmas....
MRIScomputeClassModes(): min=0 max=150 nbins=151
intensity peaks found at WM=103+-5.2,    GM=67+-7.8
white_mode = 103, gray_mode = 67
std_scale = 1
Applying sanity checks, max_scale_down = 0.2
setting MIN_GRAY_AT_WHITE_BORDER to 57.0 (was 70.000000)
setting MAX_BORDER_WHITE to 111.2 (was 105.000000)
setting MIN_BORDER_WHITE to 67.0 (was 85.000000)
setting MAX_CSF to 47.0 (was 40.000000)
setting MAX_GRAY to 94.8 (was 95.000000)
setting MAX_GRAY_AT_CSF_BORDER to 57.0 (was 75.000000)
setting MIN_GRAY_AT_CSF_BORDER to 37.0 (was 40.000000)
When placing the white surface
  white_border_hi   = 111.181;
  white_border_low  = 67;
  white_outside_low = 56.9967;
  white_inside_hi   = 120;
  white_outside_hi  = 111.181;
When placing the pial surface
  pial_border_hi   = 56.9967;
  pial_border_low  = 36.9901;
  pial_outside_low = 10;
  pial_inside_hi   = 94.8195;
  pial_outside_hi  = 51.995;
#VMPC# mris_autodet_gwstats VmPeak  1146600
mris_autodet_gwstats done
@#@FSTIME  2026:09:04:11:52:06 mris_autodet_gwstats N 8 e 1.74 S 0.13 U 2.26 P 137% M 247404 F 30 R 70336 W 0 c 22 w 91 I 4192 O 8 L 1.69 1.63 1.82
@#@FSLOADPOST 2026:09:04:11:52:08 mris_autodet_gwstats N 8 1.63 1.62 1.82
#--------------------------------------------
#@# AutoDetGWStats rh Fri Sep  4 11:52:08 CEST 2026
cd /home/ts/develop/subject1/derived/FreeSurfer/7.4.1/subjects_dir/sub-01/mri
mris_autodet_gwstats --o ../surf/autodet.gw.stats.rh.dat --i brain.finalsurfs.mgz --wm wm.mgz --surf ../surf/rh.orig.premesh
7.4.1

cd /home/ts/develop/subject1/derived/FreeSurfer/7.4.1/subjects_dir/sub-01/mri
setenv SUBJECTS_DIR /home/ts/develop/subject1/derived/FreeSurfer/7.4.1/subjects_dir
mris_autodet_gwstats --o ../surf/autodet.gw.stats.rh.dat --i brain.finalsurfs.mgz --wm wm.mgz --surf ../surf/rh.orig.premesh 

border white:    260286 voxels (1.55%)
border gray      291122 voxels (1.74%)
Reading in intensity volume brain.finalsurfs.mgz
Reading in wm volume wm.mgz
Reading in surf ../surf/rh.orig.premesh
Auto detecting stats
MRIclipBrightWM(): nthresh=23272, wmmin=5, clip=110 
Binarizing thresholding at 5
computing class statistics... low=30, hi=110.000000
CCS WM (99.0): 98.9 +- 8.2 [70.0 --> 110.0]
CCS GM (74.0) : 73.4 +- 10.0 [30.0 --> 110.0]
white_mean = 98.9088 +/- 8.18054, gray_mean = 73.4191 +/- 10.0033
using class modes intead of means, discounting robust sigmas....
MRIScomputeClassModes(): min=0 max=150 nbins=151
intensity peaks found at WM=103+-4.3,    GM=69+-7.8
white_mode = 103, gray_mode = 69
std_scale = 1
Applying sanity checks, max_scale_down = 0.2
setting MIN_GRAY_AT_WHITE_BORDER to 59.0 (was 70.000000)
setting MAX_BORDER_WHITE to 111.2 (was 105.000000)
setting MIN_BORDER_WHITE to 69.0 (was 85.000000)
setting MAX_CSF to 49.0 (was 40.000000)
setting MAX_GRAY to 94.8 (was 95.000000)
setting MAX_GRAY_AT_CSF_BORDER to 59.0 (was 75.000000)
setting MIN_GRAY_AT_CSF_BORDER to 39.0 (was 40.000000)
When placing the white surface
  white_border_hi   = 111.181;
  white_border_low  = 69;
  white_outside_low = 58.9967;
  white_inside_hi   = 120;
  white_outside_hi  = 111.181;
When placing the pial surface
  pial_border_hi   = 58.9967;
  pial_border_low  = 38.9901;
  pial_outside_low = 10;
  pial_inside_hi   = 94.8195;
  pial_outside_hi  = 53.995;
#VMPC# mris_autodet_gwstats VmPeak  1148836
mris_autodet_gwstats done
@#@FSTIME  2026:09:04:11:52:08 mris_autodet_gwstats N 8 e 1.70 S 0.13 U 2.26 P 140% M 252056 F 0 R 79580 W 0 c 24 w 64 I 0 O 8 L 1.63 1.62 1.82
@#@FSLOADPOST 2026:09:04:11:52:10 mris_autodet_gwstats N 8 1.63 1.62 1.82
#--------------------------------------------
#@# WhitePreAparc lh Fri Sep  4 11:52:10 CEST 2026
cd /home/ts/develop/subject1/derived/FreeSurfer/7.4.1/subjects_dir/sub-01/mri
mris_place_surface --adgws-in ../surf/autodet.gw.stats.lh.dat --wm wm.mgz --threads 8 --invol brain.finalsurfs.mgz --lh --i ../surf/lh.orig --o ../surf/lh.white.preaparc --white --seg aseg.presurf.mgz --nsmooth 5
7.4.1
7.4.1

cd /home/ts/develop/subject1/derived/FreeSurfer/7.4.1/subjects_dir/sub-01/mri
setenv SUBJECTS_DIR /home/ts/develop/subject1/derived/FreeSurfer/7.4.1/subjects_dir
mris_place_surface --adgws-in ../surf/autodet.gw.stats.lh.dat --wm wm.mgz --threads 8 --invol brain.finalsurfs.mgz --lh --i ../surf/lh.orig --o ../surf/lh.white.preaparc --white --seg aseg.presurf.mgz --nsmooth 5 

Reading in input surface ../surf/lh.orig
Smoothing surface before ripping with 5 iterations
Area    292808  0.26548  0.06261 0.000135   0.6039
Corner  878424 60.00000  9.58208 0.641688 169.8067
Edge    439212  0.78694  0.11402 0.016635   1.3050
Hinge   439212  6.47697  6.46697 0.000013 140.4335
Not reading in aparc
Reading in input volume brain.finalsurfs.mgz
Reading in seg volume aseg.presurf.mgz
Reading in wm volume wm.mgz
MRIclipBrightWM(): nthresh=23272, wmmin=5, clip=110 
MRIfindBrightNonWM(): 44 bright non-wm voxels segmented.
Masking bright non-wm for white surface
MRImask(): AllowDiffGeom = 1
MRImask(): AllowDiffGeom = 1
Ripping frozen voxels
INFO: rip surface needed but not specified, so using input surface
Freezing midline and others
Entering: MRISripMidline(): inhibiting deformation at non-cortical midline structures...
  which=1, fix_mtl=0, using annot = 0
#FML0# MRISripMidline(): nripped=0
removing 2 vertices from ripped group in thread:0
#FML# MRISripMidline(): nmarked=6747, nmarked2=0, nripped=6747
Ripping segs (eg, WMSA, BG, frozen)
Starting MRISripSegs() d = (-2 2 0.5) segnos: 247 
MRISripSegs(): -2 2 0.5 ripped 0
vertex 73203: xyz = (-36.1843,-20.8053,22.5332) oxyz = (-36.1843,-20.8053,22.5332) wxzy = (-36.1843,-20.8053,22.5332) pxyz = (0,0,0) 
CBVO Creating mask 146406
n_averages 4
Iteration 0 =========================================
n_averages=4, current_sigma=2
Freezing midline and others
Ripping frozen voxels
INFO: rip surface needed but not specified, so using input surface
Freezing midline and others
Entering: MRISripMidline(): inhibiting deformation at non-cortical midline structures...
  which=1, fix_mtl=0, using annot = 0
#FML0# MRISripMidline(): nripped=6747
removing 2 vertices from ripped group in thread:0
#FML# MRISripMidline(): nmarked=6747, nmarked2=0, nripped=6747
Ripping segs (eg, WMSA, BG, frozen)
Starting MRISripSegs() d = (-2 2 0.5) segnos: 247 247 
MRISripSegs(): -2 2 0.5 ripped 0
Computing target border values 
Entering MRIScomputeBorderValues_new(): 
  inside_hi   = 120.0000000;
  border_hi   = 111.1805340;
  border_low  =  67.0000000;
  outside_low =  56.9966960;
  outside_hi  = 111.1805340;
  sigma = 2;
  max_thickness = 10;
  step_size=0.5;
  STEP_SIZE=0.1;
  which = 1
  thresh = 0.5
  flags = 0
  CBVfindFirstPeakD1=0
  CBVfindFirstPeakD2=0
  nvertices=146406
  Gdiag_no=-1
  vno start=0, stop=146406
Replacing 255s with 0s
#SI# sigma=2 had to be increased for 100 vertices, nripped=6747
mean border=79.3, 150 (150) missing vertices, mean dist 0.4 [0.6 (%34.2)->0.9 (%65.8))]
%67 local maxima, %28 large gradients and % 0 min vals, 0 gradients ignored
nFirstPeakD1 0
MRIScomputeBorderValues_new() finished in 0.0205 min


Finding expansion regions
mean absolute distance = 0.78 +- 0.96
5678 vertices more than 2 sigmas from mean.
Averaging target values for 5 iterations...
Positioning Surface: tspring = 0.3, nspring = 0.3, spring = 0, niters = 100 l_repulse = 5, l_surf_repulse = 0, checktol = 0
Positioning surface
Entering MRISpositionSurface()
  max_mm = 0.3
  MAX_REDUCTIONS = 2, REDUCTION_PCT = 0.5
  parms->check_tol = 0, niterations = 100
tol=1.0e-04, sigma=2.0, host= mini, nav=4, nbrs=2, l_repulse=5.000, l_tspring=0.300, l_nspring=0.300, l_intensity=0.200, l_curv=1.000
mom=0.00, dt=0.50
complete_dist_mat 0
rms 0
smooth_averages 0
remove_neg 0
ico_order 0
which_surface 0
target_radius 0.000000
nfields 0
scale 0.000000
desired_rms_height 0.000000
momentum 0.000000
nbhd_size 0
max_nbrs 0
niterations 100
nsurfaces 0
SURFACES 3
flags 0 (0)
use curv 0
no sulc 0
no rigid align 0
mris->nsize 2
mris->hemisphere 0
randomSeed 0

000: dt: 0.0000, sse=3797702.0, rms=11.418
001: dt: 0.5000, sse=2153436.2, rms=8.462 (25.883%)
002: dt: 0.5000, sse=1355100.4, rms=6.561 (22.472%)
003: dt: 0.5000, sse=922516.5, rms=5.246 (20.040%)
004: dt: 0.5000, sse=679568.1, rms=4.334 (17.394%)
005: dt: 0.5000, sse=546500.8, rms=3.736 (13.779%)
006: dt: 0.5000, sse=480061.1, rms=3.396 (9.123%)
007: dt: 0.5000, sse=446758.8, rms=3.207 (5.553%)
008: dt: 0.5000, sse=430835.3, rms=3.110 (3.009%)
009: dt: 0.5000, sse=422910.7, rms=3.059 (1.659%)
rms = 3.0272/3.0589, sse=418670.9/422910.7, time step reduction 1 of 3 to 0.250  0 0 1
010: dt: 0.5000, sse=418670.8, rms=3.027 (1.034%)
011: dt: 0.2500, sse=244364.8, rms=1.675 (44.678%)
012: dt: 0.2500, sse=219001.9, rms=1.371 (18.158%)
013: dt: 0.2500, sse=213947.9, rms=1.296 (5.432%)
rms = 1.2581/1.2962, sse=211480.7/213947.9, time step reduction 2 of 3 to 0.125  0 0 1
014: dt: 0.2500, sse=211480.7, rms=1.258 (2.937%)
rms = 1.2224/1.2581, sse=209108.8/211480.7, time step reduction 3 of 3 to 0.062  0 0 1
015: dt: 0.1250, sse=209108.8, rms=1.222 (2.840%)
  maximum number of reductions reached, breaking from loop
positioning took 0.6 minutes
  done positioning surface
Iteration 1 =========================================
n_averages=2, current_sigma=1
Freezing midline and others
Ripping frozen voxels
INFO: rip surface needed but not specified, so using input surface
Freezing midline and others
Entering: MRISripMidline(): inhibiting deformation at non-cortical midline structures...
  which=1, fix_mtl=0, using annot = 0
#FML0# MRISripMidline(): nripped=6747
removing 3 vertices from ripped group in thread:0
removing 4 vertices from ripped group in thread:0
removing 3 vertices from ripped group in thread:0
#FML# MRISripMidline(): nmarked=6906, nmarked2=0, nripped=6906
Ripping segs (eg, WMSA, BG, frozen)
Starting MRISripSegs() d = (-2 2 0.5) segnos: 247 247 247 
MRISripSegs(): -2 2 0.5 ripped 0
Computing target border values 
Entering MRIScomputeBorderValues_new(): 
  inside_hi   = 120.0000000;
  border_hi   = 111.1805340;
  border_low  =  67.0000000;
  outside_low =  56.9966960;
  outside_hi  = 111.1805340;
  sigma = 1;
  max_thickness = 10;
  step_size=0.5;
  STEP_SIZE=0.1;
  which = 1
  thresh = 0.5
  flags = 0
  CBVfindFirstPeakD1=0
  CBVfindFirstPeakD2=0
  nvertices=146406
  Gdiag_no=-1
  vno start=0, stop=146406
Replacing 255s with 0s
#SI# sigma=1 had to be increased for 92 vertices, nripped=6906
mean border=82.5, 123 (52) missing vertices, mean dist -0.2 [0.4 (%74.5)->0.3 (%25.5))]
%76 local maxima, %19 large gradients and % 0 min vals, 0 gradients ignored
nFirstPeakD1 0
MRIScomputeBorderValues_new() finished in 0.0133 min


Finding expansion regions
mean absolute distance = 0.36 +- 0.59
3287 vertices more than 2 sigmas from mean.
Averaging target values for 5 iterations...
Positioning Surface: tspring = 0.3, nspring = 0.3, spring = 0, niters = 100 l_repulse = 5, l_surf_repulse = 0, checktol = 0
Positioning surface
Entering MRISpositionSurface()
  max_mm = 0.3
  MAX_REDUCTIONS = 2, REDUCTION_PCT = 0.5
  parms->check_tol = 0, niterations = 100
tol=1.0e-04, sigma=1.0, host= mini, nav=2, nbrs=2, l_repulse=5.000, l_tspring=0.300, l_nspring=0.300, l_intensity=0.200, l_curv=1.000
mom=0.00, dt=0.50
000: dt: 0.0000, sse=882013.8, rms=4.843
016: dt: 0.5000, sse=500851.2, rms=3.133 (35.315%)
017: dt: 0.5000, sse=465218.3, rms=2.933 (6.380%)
018: dt: 0.5000, sse=451305.0, rms=2.834 (3.352%)
rms = 3.0083/2.8344, sse=487915.0/451305.0, time step reduction 1 of 3 to 0.250  0 1 1
   RMS increased, rejecting step
019: dt: 0.2500, sse=320561.0, rms=1.834 (35.278%)
020: dt: 0.2500, sse=274867.9, rms=1.306 (28.821%)
021: dt: 0.2500, sse=263383.4, rms=1.135 (13.043%)
rms = 1.0868/1.1355, sse=261012.5/263383.4, time step reduction 2 of 3 to 0.125  0 0 1
022: dt: 0.2500, sse=261012.5, rms=1.087 (4.290%)
rms = 1.0444/1.0868, sse=258769.9/261012.5, time step reduction 3 of 3 to 0.062  0 0 1
023: dt: 0.1250, sse=258769.9, rms=1.044 (3.898%)
  maximum number of reductions reached, breaking from loop
positioning took 0.3 minutes
  done positioning surface
Iteration 2 =========================================
n_averages=1, current_sigma=0.5
Freezing midline and others
Ripping frozen voxels
INFO: rip surface needed but not specified, so using input surface
Freezing midline and others
Entering: MRISripMidline(): inhibiting deformation at non-cortical midline structures...
  which=1, fix_mtl=0, using annot = 0
#FML0# MRISripMidline(): nripped=6906
removing 3 vertices from ripped group in thread:0
removing 4 vertices from ripped group in thread:0
removing 4 vertices from ripped group in thread:0
removing 2 vertices from ripped group in thread:0
#FML# MRISripMidline(): nmarked=6974, nmarked2=0, nripped=6974
Ripping segs (eg, WMSA, BG, frozen)
Starting MRISripSegs() d = (-2 2 0.5) segnos: 247 247 247 247 
MRISripSegs(): -2 2 0.5 ripped 0
Computing target border values 
Entering MRIScomputeBorderValues_new(): 
  inside_hi   = 120.0000000;
  border_hi   = 111.1805340;
  border_low  =  67.0000000;
  outside_low =  56.9966960;
  outside_hi  = 111.1805340;
  sigma = 0.5;
  max_thickness = 10;
  step_size=0.5;
  STEP_SIZE=0.1;
  which = 1
  thresh = 0.5
  flags = 0
  CBVfindFirstPeakD1=0
  CBVfindFirstPeakD2=0
  nvertices=146406
  Gdiag_no=-1
  vno start=0, stop=146406
Replacing 255s with 0s
#SI# sigma=0.5 had to be increased for 78 vertices, nripped=6974
mean border=85.2, 136 (42) missing vertices, mean dist -0.2 [0.3 (%75.2)->0.2 (%24.8))]
%87 local maxima, % 8 large gradients and % 0 min vals, 0 gradients ignored
nFirstPeakD1 0
MRIScomputeBorderValues_new() finished in 0.0078 min


Finding expansion regions
mean absolute distance = 0.26 +- 0.38
3747 vertices more than 2 sigmas from mean.
Averaging target values for 5 iterations...
Positioning Surface: tspring = 0.3, nspring = 0.3, spring = 0, niters = 100 l_repulse = 5, l_surf_repulse = 0, checktol = 0
Positioning surface
Entering MRISpositionSurface()
  max_mm = 0.3
  MAX_REDUCTIONS = 2, REDUCTION_PCT = 0.5
  parms->check_tol = 0, niterations = 100
tol=1.0e-04, sigma=0.5, host= mini, nav=1, nbrs=2, l_repulse=5.000, l_tspring=0.300, l_nspring=0.300, l_intensity=0.200, l_curv=1.000
mom=0.00, dt=0.50
000: dt: 0.0000, sse=578299.1, rms=3.579
024: dt: 0.5000, sse=405140.9, rms=2.501 (30.124%)
rms = 2.6830/2.5010, sse=421996.2/405140.9, time step reduction 1 of 3 to 0.250  0 1 1
   RMS increased, rejecting step
025: dt: 0.2500, sse=301013.5, rms=1.664 (33.477%)
026: dt: 0.2500, sse=260870.2, rms=1.167 (29.880%)
027: dt: 0.2500, sse=250346.0, rms=1.004 (13.932%)
rms = 0.9724/1.0041, sse=248104.0/250346.0, time step reduction 2 of 3 to 0.125  0 0 1
028: dt: 0.2500, sse=248104.0, rms=0.972 (3.159%)
rms = 0.9331/0.9724, sse=246930.5/248104.0, time step reduction 3 of 3 to 0.062  0 0 1
029: dt: 0.1250, sse=246930.5, rms=0.933 (4.043%)
  maximum number of reductions reached, breaking from loop
positioning took 0.3 minutes
  done positioning surface
Iteration 3 =========================================
n_averages=0, current_sigma=0.25
Freezing midline and others
Ripping frozen voxels
INFO: rip surface needed but not specified, so using input surface
Freezing midline and others
Entering: MRISripMidline(): inhibiting deformation at non-cortical midline structures...
  which=1, fix_mtl=0, using annot = 0
#FML0# MRISripMidline(): nripped=6974
removing 3 vertices from ripped group in thread:0
removing 4 vertices from ripped group in thread:0
removing 3 vertices from ripped group in thread:0
removing 3 vertices from ripped group in thread:0
removing 2 vertices from ripped group in thread:0
#FML# MRISripMidline(): nmarked=6981, nmarked2=0, nripped=6981
Ripping segs (eg, WMSA, BG, frozen)
Starting MRISripSegs() d = (-2 2 0.5) segnos: 247 247 247 247 247 
MRISripSegs(): -2 2 0.5 ripped 0
Computing target border values 
Entering MRIScomputeBorderValues_new(): 
  inside_hi   = 120.0000000;
  border_hi   = 111.1805340;
  border_low  =  67.0000000;
  outside_low =  56.9966960;
  outside_hi  = 111.1805340;
  sigma = 0.25;
  max_thickness = 10;
  step_size=0.5;
  STEP_SIZE=0.1;
  which = 1
  thresh = 0.5
  flags = 0
  CBVfindFirstPeakD1=0
  CBVfindFirstPeakD2=0
  nvertices=146406
  Gdiag_no=-1
  vno start=0, stop=146406
Replacing 255s with 0s
#SI# sigma=0.25 had to be increased for 98 vertices, nripped=6981
mean border=86.1, 138 (39) missing vertices, mean dist -0.0 [0.2 (%58.8)->0.2 (%41.2))]
%90 local maxima, % 5 large gradients and % 0 min vals, 0 gradients ignored
nFirstPeakD1 0
MRIScomputeBorderValues_new() finished in 0.0050 min


Finding expansion regions
mean absolute distance = 0.20 +- 0.30
3052 vertices more than 2 sigmas from mean.
Averaging target values for 5 iterations...
Positioning Surface: tspring = 0.3, nspring = 0.3, spring = 0, niters = 100 l_repulse = 5, l_surf_repulse = 0, checktol = 0
Positioning surface
Entering MRISpositionSurface()
  max_mm = 0.3
  MAX_REDUCTIONS = 2, REDUCTION_PCT = 0.5
  parms->check_tol = 0, niterations = 100
tol=1.0e-04, sigma=0.2, host= mini, nav=0, nbrs=2, l_repulse=5.000, l_tspring=0.300, l_nspring=0.300, l_intensity=0.200, l_curv=1.000
mom=0.00, dt=0.50
000: dt: 0.0000, sse=282498.6, rms=1.524
rms = 1.5633/1.5239, sse=288162.2/282498.6, time step reduction 1 of 3 to 0.250  0 1 1
   RMS increased, rejecting step
030: dt: 0.2500, sse=245460.5, rms=1.008 (33.839%)
031: dt: 0.2500, sse=230968.4, rms=0.686 (31.961%)
rms = 0.6986/0.6860, sse=231137.0/230968.4, time step reduction 2 of 3 to 0.125  0 1 1
   RMS increased, rejecting step
rms = 0.6818/0.6860, sse=230694.2/230968.4, time step reduction 3 of 3 to 0.062  0 0 1
032: dt: 0.1250, sse=230694.2, rms=0.682 (0.616%)
  maximum number of reductions reached, breaking from loop
positioning took 0.2 minutes
  done positioning surface
Removing intersections
#ET# mris_place_surface  1.50 minutes


Writing output to ../surf/lh.white.preaparc
#VMPC# mris_place_surfaces VmPeak  2650224
mris_place_surface done
@#@FSTIME  2026:09:04:11:52:10 mris_place_surface N 18 e 93.51 S 0.82 U 263.98 P 283% M 1937028 F 26 R 540947 W 0 c 1964 w 2306 I 2024 O 10304 L 1.63 1.62 1.82
@#@FSLOADPOST 2026:09:04:11:53:43 mris_place_surface N 18 2.37 1.90 1.90
#--------------------------------------------
#@# WhitePreAparc rh Fri Sep  4 11:53:43 CEST 2026
cd /home/ts/develop/subject1/derived/FreeSurfer/7.4.1/subjects_dir/sub-01/mri
mris_place_surface --adgws-in ../surf/autodet.gw.stats.rh.dat --wm wm.mgz --threads 8 --invol brain.finalsurfs.mgz --rh --i ../surf/rh.orig --o ../surf/rh.white.preaparc --white --seg aseg.presurf.mgz --nsmooth 5
7.4.1
7.4.1

cd /home/ts/develop/subject1/derived/FreeSurfer/7.4.1/subjects_dir/sub-01/mri
setenv SUBJECTS_DIR /home/ts/develop/subject1/derived/FreeSurfer/7.4.1/subjects_dir
mris_place_surface --adgws-in ../surf/autodet.gw.stats.rh.dat --wm wm.mgz --threads 8 --invol brain.finalsurfs.mgz --rh --i ../surf/rh.orig --o ../surf/rh.white.preaparc --white --seg aseg.presurf.mgz --nsmooth 5 

Reading in input surface ../surf/rh.orig
Smoothing surface before ripping with 5 iterations
Area    298222  0.26564  0.06182 0.002834   0.5748
Corner  894666 60.00000  9.47377 11.732490 138.3540
Edge    447333  0.78721  0.11260 0.050701   1.2946
Hinge   447333  6.48755  6.39721 0.000031 126.1972
Not reading in aparc
Reading in input volume brain.finalsurfs.mgz
Reading in seg volume aseg.presurf.mgz
Reading in wm volume wm.mgz
MRIclipBrightWM(): nthresh=23272, wmmin=5, clip=110 
MRIfindBrightNonWM(): 44 bright non-wm voxels segmented.
Masking bright non-wm for white surface
MRImask(): AllowDiffGeom = 1
MRImask(): AllowDiffGeom = 1
Ripping frozen voxels
INFO: rip surface needed but not specified, so using input surface
Freezing midline and others
Entering: MRISripMidline(): inhibiting deformation at non-cortical midline structures...
  which=1, fix_mtl=0, using annot = 0
#FML0# MRISripMidline(): nripped=0
#FML# MRISripMidline(): nmarked=7035, nmarked2=7, nripped=7035
Ripping segs (eg, WMSA, BG, frozen)
Starting MRISripSegs() d = (-2 2 0.5) segnos: 247 
MRISripSegs(): -2 2 0.5 ripped 0
vertex 74557: xyz = (47.0879,-19.9241,15.3981) oxyz = (47.0879,-19.9241,15.3981) wxzy = (47.0879,-19.9241,15.3981) pxyz = (0,0,0) 
CBVO Creating mask 149113
n_averages 4
Iteration 0 =========================================
n_averages=4, current_sigma=2
Freezing midline and others
Ripping frozen voxels
INFO: rip surface needed but not specified, so using input surface
Freezing midline and others
Entering: MRISripMidline(): inhibiting deformation at non-cortical midline structures...
  which=1, fix_mtl=0, using annot = 0
#FML0# MRISripMidline(): nripped=7035
#FML# MRISripMidline(): nmarked=7035, nmarked2=7, nripped=7035
Ripping segs (eg, WMSA, BG, frozen)
Starting MRISripSegs() d = (-2 2 0.5) segnos: 247 247 
MRISripSegs(): -2 2 0.5 ripped 0
Computing target border values 
Entering MRIScomputeBorderValues_new(): 
  inside_hi   = 120.0000000;
  border_hi   = 111.1805340;
  border_low  =  69.0000000;
  outside_low =  58.9966960;
  outside_hi  = 111.1805340;
  sigma = 2;
  max_thickness = 10;
  step_size=0.5;
  STEP_SIZE=0.1;
  which = 1
  thresh = 0.5
  flags = 0
  CBVfindFirstPeakD1=0
  CBVfindFirstPeakD2=0
  nvertices=149113
  Gdiag_no=-1
  vno start=0, stop=149113
Replacing 255s with 0s
#SI# sigma=2 had to be increased for 37 vertices, nripped=7035
mean border=80.7, 57 (57) missing vertices, mean dist 0.3 [0.6 (%36.7)->0.9 (%63.3))]
%66 local maxima, %29 large gradients and % 0 min vals, 0 gradients ignored
nFirstPeakD1 0
MRIScomputeBorderValues_new() finished in 0.0194 min


Finding expansion regions
mean absolute distance = 0.77 +- 0.93
5832 vertices more than 2 sigmas from mean.
Averaging target values for 5 iterations...
Positioning Surface: tspring = 0.3, nspring = 0.3, spring = 0, niters = 100 l_repulse = 5, l_surf_repulse = 0, checktol = 0
Positioning surface
Entering MRISpositionSurface()
  max_mm = 0.3
  MAX_REDUCTIONS = 2, REDUCTION_PCT = 0.5
  parms->check_tol = 0, niterations = 100
tol=1.0e-04, sigma=2.0, host= mini, nav=4, nbrs=2, l_repulse=5.000, l_tspring=0.300, l_nspring=0.300, l_intensity=0.200, l_curv=1.000
mom=0.00, dt=0.50
complete_dist_mat 0
rms 0
smooth_averages 0
remove_neg 0
ico_order 0
which_surface 0
target_radius 0.000000
nfields 0
scale 0.000000
desired_rms_height 0.000000
momentum 0.000000
nbhd_size 0
max_nbrs 0
niterations 100
nsurfaces 0
SURFACES 3
flags 0 (0)
use curv 0
no sulc 0
no rigid align 0
mris->nsize 2
mris->hemisphere 1
randomSeed 0

000: dt: 0.0000, sse=3470808.5, rms=10.794
001: dt: 0.5000, sse=1912833.8, rms=7.861 (27.173%)
002: dt: 0.5000, sse=1183821.4, rms=6.013 (23.502%)
003: dt: 0.5000, sse=809030.6, rms=4.790 (20.341%)
004: dt: 0.5000, sse=601884.4, rms=3.952 (17.498%)
005: dt: 0.5000, sse=497279.7, rms=3.448 (12.750%)
006: dt: 0.5000, sse=442384.8, rms=3.148 (8.693%)
007: dt: 0.5000, sse=420525.4, rms=3.016 (4.188%)
008: dt: 0.5000, sse=405555.9, rms=2.921 (3.165%)
rms = 2.9005/2.9210, sse=403165.8/405555.9, time step reduction 1 of 3 to 0.250  0 0 1
009: dt: 0.5000, sse=403165.8, rms=2.901 (0.701%)
010: dt: 0.2500, sse=239425.7, rms=1.592 (45.109%)
011: dt: 0.2500, sse=216763.8, rms=1.313 (17.517%)
012: dt: 0.2500, sse=211996.0, rms=1.242 (5.386%)
rms = 1.2055/1.2425, sse=209837.2/211996.0, time step reduction 2 of 3 to 0.125  0 0 1
013: dt: 0.2500, sse=209837.2, rms=1.205 (2.981%)
rms = 1.1747/1.2055, sse=208084.6/209837.2, time step reduction 3 of 3 to 0.062  0 0 1
014: dt: 0.1250, sse=208084.6, rms=1.175 (2.549%)
  maximum number of reductions reached, breaking from loop
positioning took 0.6 minutes
  done positioning surface
Iteration 1 =========================================
n_averages=2, current_sigma=1
Freezing midline and others
Ripping frozen voxels
INFO: rip surface needed but not specified, so using input surface
Freezing midline and others
Entering: MRISripMidline(): inhibiting deformation at non-cortical midline structures...
  which=1, fix_mtl=0, using annot = 0
#FML0# MRISripMidline(): nripped=7035
removing 2 vertices from ripped group in thread:0
removing 4 vertices from ripped group in thread:0
#FML# MRISripMidline(): nmarked=7229, nmarked2=13, nripped=7229
Ripping segs (eg, WMSA, BG, frozen)
Starting MRISripSegs() d = (-2 2 0.5) segnos: 247 247 247 
MRISripSegs(): -2 2 0.5 ripped 0
Computing target border values 
Entering MRIScomputeBorderValues_new(): 
  inside_hi   = 120.0000000;
  border_hi   = 111.1805340;
  border_low  =  69.0000000;
  outside_low =  58.9966960;
  outside_hi  = 111.1805340;
  sigma = 1;
  max_thickness = 10;
  step_size=0.5;
  STEP_SIZE=0.1;
  which = 1
  thresh = 0.5
  flags = 0
  CBVfindFirstPeakD1=0
  CBVfindFirstPeakD2=0
  nvertices=149113
  Gdiag_no=-1
  vno start=0, stop=149113
Replacing 255s with 0s
#SI# sigma=1 had to be increased for 77 vertices, nripped=7229
mean border=83.6, 61 (31) missing vertices, mean dist -0.2 [0.4 (%73.3)->0.3 (%26.7))]
%75 local maxima, %21 large gradients and % 0 min vals, 0 gradients ignored
nFirstPeakD1 0
MRIScomputeBorderValues_new() finished in 0.0136 min


Finding expansion regions
mean absolute distance = 0.36 +- 0.61
3577 vertices more than 2 sigmas from mean.
Averaging target values for 5 iterations...
Positioning Surface: tspring = 0.3, nspring = 0.3, spring = 0, niters = 100 l_repulse = 5, l_surf_repulse = 0, checktol = 0
Positioning surface
Entering MRISpositionSurface()
  max_mm = 0.3
  MAX_REDUCTIONS = 2, REDUCTION_PCT = 0.5
  parms->check_tol = 0, niterations = 100
tol=1.0e-04, sigma=1.0, host= mini, nav=2, nbrs=2, l_repulse=5.000, l_tspring=0.300, l_nspring=0.300, l_intensity=0.200, l_curv=1.000
mom=0.00, dt=0.50
000: dt: 0.0000, sse=804203.7, rms=4.503
015: dt: 0.5000, sse=462800.5, rms=2.852 (36.664%)
016: dt: 0.5000, sse=427588.6, rms=2.656 (6.879%)
017: dt: 0.5000, sse=420208.2, rms=2.599 (2.135%)
rms = 2.7462/2.5990, sse=445079.4/420208.2, time step reduction 1 of 3 to 0.250  0 1 1
   RMS increased, rejecting step
018: dt: 0.2500, sse=309507.6, rms=1.701 (34.563%)
019: dt: 0.2500, sse=272912.2, rms=1.223 (28.086%)
020: dt: 0.2500, sse=263986.3, rms=1.072 (12.357%)
rms = 1.0316/1.0719, sse=262191.1/263986.3, time step reduction 2 of 3 to 0.125  0 0 1
021: dt: 0.2500, sse=262191.1, rms=1.032 (3.758%)
rms = 0.9987/1.0316, sse=261488.7/262191.1, time step reduction 3 of 3 to 0.062  0 0 1
022: dt: 0.1250, sse=261488.7, rms=0.999 (3.193%)
  maximum number of reductions reached, breaking from loop
positioning took 0.4 minutes
  done positioning surface
Iteration 2 =========================================
n_averages=1, current_sigma=0.5
Freezing midline and others
Ripping frozen voxels
INFO: rip surface needed but not specified, so using input surface
Freezing midline and others
Entering: MRISripMidline(): inhibiting deformation at non-cortical midline structures...
  which=1, fix_mtl=0, using annot = 0
#FML0# MRISripMidline(): nripped=7229
removing 4 vertices from ripped group in thread:0
removing 2 vertices from ripped group in thread:0
removing 4 vertices from ripped group in thread:0
removing 4 vertices from ripped group in thread:0
removing 4 vertices from ripped group in thread:0
#FML# MRISripMidline(): nmarked=7409, nmarked2=14, nripped=7409
Ripping segs (eg, WMSA, BG, frozen)
Starting MRISripSegs() d = (-2 2 0.5) segnos: 247 247 247 247 
MRISripSegs(): -2 2 0.5 ripped 0
Computing target border values 
Entering MRIScomputeBorderValues_new(): 
  inside_hi   = 120.0000000;
  border_hi   = 111.1805340;
  border_low  =  69.0000000;
  outside_low =  58.9966960;
  outside_hi  = 111.1805340;
  sigma = 0.5;
  max_thickness = 10;
  step_size=0.5;
  STEP_SIZE=0.1;
  which = 1
  thresh = 0.5
  flags = 0
  CBVfindFirstPeakD1=0
  CBVfindFirstPeakD2=0
  nvertices=149113
  Gdiag_no=-1
  vno start=0, stop=149113
Replacing 255s with 0s
#SI# sigma=0.5 had to be increased for 62 vertices, nripped=7409
mean border=86.3, 61 (11) missing vertices, mean dist -0.2 [0.3 (%75.3)->0.2 (%24.7))]
%85 local maxima, %10 large gradients and % 0 min vals, 0 gradients ignored
nFirstPeakD1 0
MRIScomputeBorderValues_new() finished in 0.0078 min


Finding expansion regions
mean absolute distance = 0.27 +- 0.40
3752 vertices more than 2 sigmas from mean.
Averaging target values for 5 iterations...
Positioning Surface: tspring = 0.3, nspring = 0.3, spring = 0, niters = 100 l_repulse = 5, l_surf_repulse = 0, checktol = 0
Positioning surface
Entering MRISpositionSurface()
  max_mm = 0.3
  MAX_REDUCTIONS = 2, REDUCTION_PCT = 0.5
  parms->check_tol = 0, niterations = 100
tol=1.0e-04, sigma=0.5, host= mini, nav=1, nbrs=2, l_repulse=5.000, l_tspring=0.300, l_nspring=0.300, l_intensity=0.200, l_curv=1.000
mom=0.00, dt=0.50
000: dt: 0.0000, sse=598794.6, rms=3.628
023: dt: 0.5000, sse=393313.9, rms=2.384 (34.279%)
rms = 2.4845/2.3841, sse=400127.3/393314.0, time step reduction 1 of 3 to 0.250  0 1 1
   RMS increased, rejecting step
024: dt: 0.2500, sse=301692.8, rms=1.647 (30.922%)
025: dt: 0.2500, sse=261418.6, rms=1.138 (30.919%)
026: dt: 0.2500, sse=249525.8, rms=0.971 (14.651%)
rms = 0.9328/0.9710, sse=247516.2/249525.7, time step reduction 2 of 3 to 0.125  0 0 1
027: dt: 0.2500, sse=247516.2, rms=0.933 (3.937%)
rms = 0.9005/0.9328, sse=245805.1/247516.2, time step reduction 3 of 3 to 0.062  0 0 1
028: dt: 0.1250, sse=245805.1, rms=0.901 (3.459%)
  maximum number of reductions reached, breaking from loop
positioning took 0.3 minutes
  done positioning surface
Iteration 3 =========================================
n_averages=0, current_sigma=0.25
Freezing midline and others
Ripping frozen voxels
INFO: rip surface needed but not specified, so using input surface
Freezing midline and others
Entering: MRISripMidline(): inhibiting deformation at non-cortical midline structures...
  which=1, fix_mtl=0, using annot = 0
#FML0# MRISripMidline(): nripped=7409
removing 4 vertices from ripped group in thread:0
removing 3 vertices from ripped group in thread:0
removing 2 vertices from ripped group in thread:0
removing 2 vertices from ripped group in thread:0
removing 4 vertices from ripped group in thread:0
removing 2 vertices from ripped group in thread:0
removing 4 vertices from ripped group in thread:0
#FML# MRISripMidline(): nmarked=7446, nmarked2=15, nripped=7446
Ripping segs (eg, WMSA, BG, frozen)
Starting MRISripSegs() d = (-2 2 0.5) segnos: 247 247 247 247 247 
MRISripSegs(): -2 2 0.5 ripped 0
Computing target border values 
Entering MRIScomputeBorderValues_new(): 
  inside_hi   = 120.0000000;
  border_hi   = 111.1805340;
  border_low  =  69.0000000;
  outside_low =  58.9966960;
  outside_hi  = 111.1805340;
  sigma = 0.25;
  max_thickness = 10;
  step_size=0.5;
  STEP_SIZE=0.1;
  which = 1
  thresh = 0.5
  flags = 0
  CBVfindFirstPeakD1=0
  CBVfindFirstPeakD2=0
  nvertices=149113
  Gdiag_no=-1
  vno start=0, stop=149113
Replacing 255s with 0s
#SI# sigma=0.25 had to be increased for 66 vertices, nripped=7446
mean border=87.3, 80 (7) missing vertices, mean dist -0.1 [0.2 (%59.7)->0.2 (%40.3))]
%89 local maxima, % 6 large gradients and % 0 min vals, 0 gradients ignored
nFirstPeakD1 0
MRIScomputeBorderValues_new() finished in 0.0050 min


Finding expansion regions
mean absolute distance = 0.21 +- 0.31
3438 vertices more than 2 sigmas from mean.
Averaging target values for 5 iterations...
Positioning Surface: tspring = 0.3, nspring = 0.3, spring = 0, niters = 100 l_repulse = 5, l_surf_repulse = 0, checktol = 0
Positioning surface
Entering MRISpositionSurface()
  max_mm = 0.3
  MAX_REDUCTIONS = 2, REDUCTION_PCT = 0.5
  parms->check_tol = 0, niterations = 100
tol=1.0e-04, sigma=0.2, host= mini, nav=0, nbrs=2, l_repulse=5.000, l_tspring=0.300, l_nspring=0.300, l_intensity=0.200, l_curv=1.000
mom=0.00, dt=0.50
000: dt: 0.0000, sse=284578.7, rms=1.541
029: dt: 0.5000, sse=281410.1, rms=1.461 (5.197%)
rms = 1.8742/1.4606, sse=316215.0/281410.0, time step reduction 1 of 3 to 0.250  0 1 1
   RMS increased, rejecting step
030: dt: 0.2500, sse=243798.2, rms=0.929 (36.406%)
031: dt: 0.2500, sse=234475.3, rms=0.754 (18.870%)
rms = 0.7051/0.7536, sse=231697.9/234475.3, time step reduction 2 of 3 to 0.125  0 0 1
032: dt: 0.2500, sse=231698.0, rms=0.705 (6.429%)
rms = 0.6987/0.7051, sse=230577.1/231697.9, time step reduction 3 of 3 to 0.062  0 0 1
033: dt: 0.1250, sse=230577.1, rms=0.699 (0.917%)
  maximum number of reductions reached, breaking from loop
positioning took 0.2 minutes
  done positioning surface
Removing intersections
#ET# mris_place_surface  1.55 minutes


Writing output to ../surf/rh.white.preaparc
#VMPC# mris_place_surfaces VmPeak  2642924
mris_place_surface done
@#@FSTIME  2026:09:04:11:53:43 mris_place_surface N 18 e 96.84 S 0.86 U 277.41 P 287% M 1930888 F 0 R 539898 W 0 c 2033 w 2266 I 0 O 10488 L 2.37 1.90 1.90
@#@FSLOADPOST 2026:09:04:11:55:20 mris_place_surface N 18 3.55 2.40 2.08
#--------------------------------------------
#@# CortexLabel lh Fri Sep  4 11:55:20 CEST 2026
cd /home/ts/develop/subject1/derived/FreeSurfer/7.4.1/subjects_dir/sub-01/mri
mri_label2label --label-cortex ../surf/lh.white.preaparc aseg.presurf.mgz 0 ../label/lh.cortex.label

 Generating cortex label... RemoveHipAmgy=0
 NucAccIsMedialWall=0
 mris->useRealRAS=0
4 non-cortical segments detected
only using segment with 8423 vertices
erasing segment 1 (vno[0] = 87077)
erasing segment 2 (vno[0] = 87100)
erasing segment 3 (vno[0] = 135164)
@#@FSTIME  2026:09:04:11:55:20 mri_label2label N 5 e 5.75 S 0.17 U 6.18 P 110% M 327872 F 0 R 101933 W 0 c 85 w 47 I 0 O 12000 L 3.55 2.40 2.08
@#@FSLOADPOST 2026:09:04:11:55:26 mri_label2label N 5 3.43 2.39 2.08
#--------------------------------------------
#@# CortexLabel+HipAmyg lh Fri Sep  4 11:55:26 CEST 2026
cd /home/ts/develop/subject1/derived/FreeSurfer/7.4.1/subjects_dir/sub-01/mri
mri_label2label --label-cortex ../surf/lh.white.preaparc aseg.presurf.mgz 1 ../label/lh.cortex+hipamyg.label

 Generating cortex label... RemoveHipAmgy=1
 NucAccIsMedialWall=0
 mris->useRealRAS=0
7 non-cortical segments detected
only using segment with 6168 vertices
erasing segment 1 (vno[0] = 48955)
erasing segment 2 (vno[0] = 50792)
erasing segment 3 (vno[0] = 50826)
erasing segment 4 (vno[0] = 87077)
erasing segment 5 (vno[0] = 87100)
erasing segment 6 (vno[0] = 135164)
@#@FSTIME  2026:09:04:11:55:26 mri_label2label N 5 e 5.68 S 0.18 U 6.08 P 110% M 343368 F 0 R 105829 W 0 c 73 w 47 I 0 O 12192 L 3.43 2.39 2.08
@#@FSLOADPOST 2026:09:04:11:55:32 mri_label2label N 5 3.23 2.37 2.07
#--------------------------------------------
#@# CortexLabel rh Fri Sep  4 11:55:32 CEST 2026
cd /home/ts/develop/subject1/derived/FreeSurfer/7.4.1/subjects_dir/sub-01/mri
mri_label2label --label-cortex ../surf/rh.white.preaparc aseg.presurf.mgz 0 ../label/rh.cortex.label

 Generating cortex label... RemoveHipAmgy=0
 NucAccIsMedialWall=0
 mris->useRealRAS=0
8 non-cortical segments detected
only using segment with 8749 vertices
erasing segment 1 (vno[0] = 45530)
erasing segment 2 (vno[0] = 93209)
erasing segment 3 (vno[0] = 95050)
erasing segment 4 (vno[0] = 99498)
erasing segment 5 (vno[0] = 109461)
erasing segment 6 (vno[0] = 124621)
erasing segment 7 (vno[0] = 129945)
@#@FSTIME  2026:09:04:11:55:32 mri_label2label N 5 e 5.81 S 0.18 U 6.22 P 110% M 352288 F 0 R 105910 W 0 c 82 w 46 I 0 O 11952 L 3.23 2.37 2.07
@#@FSLOADPOST 2026:09:04:11:55:37 mri_label2label N 5 3.05 2.35 2.07
#--------------------------------------------
#@# CortexLabel+HipAmyg rh Fri Sep  4 11:55:37 CEST 2026
cd /home/ts/develop/subject1/derived/FreeSurfer/7.4.1/subjects_dir/sub-01/mri
mri_label2label --label-cortex ../surf/rh.white.preaparc aseg.presurf.mgz 1 ../label/rh.cortex+hipamyg.label

 Generating cortex label... RemoveHipAmgy=1
 NucAccIsMedialWall=0
 mris->useRealRAS=0
9 non-cortical segments detected
only using segment with 6300 vertices
erasing segment 1 (vno[0] = 45530)
erasing segment 2 (vno[0] = 79251)
erasing segment 3 (vno[0] = 85346)
erasing segment 4 (vno[0] = 90730)
erasing segment 5 (vno[0] = 93209)
erasing segment 6 (vno[0] = 99498)
erasing segment 7 (vno[0] = 109461)
erasing segment 8 (vno[0] = 129945)
@#@FSTIME  2026:09:04:11:55:37 mri_label2label N 5 e 5.99 S 0.17 U 6.41 P 110% M 357208 F 0 R 107264 W 0 c 64 w 46 I 0 O 12176 L 3.05 2.35 2.07
@#@FSLOADPOST 2026:09:04:11:55:43 mri_label2label N 5 2.74 2.30 2.05
#--------------------------------------------
#@# Smooth2 lh Fri Sep  4 11:55:43 CEST 2026
/home/ts/develop/subject1/derived/FreeSurfer/7.4.1/subjects_dir/sub-01/scripts

 mris_smooth -n 3 -nw -seed 1234 ../surf/lh.white.preaparc ../surf/lh.smoothwm 

smoothing for 3 iterations
setting seed for random number generator to 1234
smoothing surface tessellation for 3 iterations...
smoothing complete - recomputing first and second fundamental forms...
@#@FSTIME  2026:09:04:11:55:43 mris_smooth N 7 e 1.52 S 0.12 U 1.96 P 137% M 224116 F 0 R 68157 W 0 c 25 w 53 I 0 O 10304 L 2.74 2.30 2.05
@#@FSLOADPOST 2026:09:04:11:55:45 mris_smooth N 7 2.74 2.30 2.05
#--------------------------------------------
#@# Smooth2 rh Fri Sep  4 11:55:45 CEST 2026
/home/ts/develop/subject1/derived/FreeSurfer/7.4.1/subjects_dir/sub-01/scripts

 mris_smooth -n 3 -nw -seed 1234 ../surf/rh.white.preaparc ../surf/rh.smoothwm 

smoothing for 3 iterations
setting seed for random number generator to 1234
smoothing surface tessellation for 3 iterations...
smoothing complete - recomputing first and second fundamental forms...
@#@FSTIME  2026:09:04:11:55:45 mris_smooth N 7 e 1.56 S 0.11 U 2.02 P 137% M 228080 F 0 R 69370 W 0 c 24 w 53 I 0 O 10488 L 2.74 2.30 2.05
@#@FSLOADPOST 2026:09:04:11:55:47 mris_smooth N 7 2.74 2.30 2.05
#--------------------------------------------
#@# Inflation2 lh Fri Sep  4 11:55:47 CEST 2026
/home/ts/develop/subject1/derived/FreeSurfer/7.4.1/subjects_dir/sub-01/scripts

 mris_inflate ../surf/lh.smoothwm ../surf/lh.inflated 

Reading ../surf/lh.smoothwm
avg radius = 48.9 mm, total surface area = 90958 mm^2
step 000: RMS=0.172 (target=0.015)   step 005: RMS=0.115 (target=0.015)   step 010: RMS=0.086 (target=0.015)   step 015: RMS=0.071 (target=0.015)   step 020: RMS=0.059 (target=0.015)   step 025: RMS=0.049 (target=0.015)   step 030: RMS=0.041 (target=0.015)   step 035: RMS=0.034 (target=0.015)   step 040: RMS=0.029 (target=0.015)   step 045: RMS=0.026 (target=0.015)   step 050: RMS=0.023 (target=0.015)   step 055: RMS=0.021 (target=0.015)   step 060: RMS=0.019 (target=0.015)   writing inflated surface to ../surf/lh.inflated
writing sulcal depths to ../surf/lh.sulc

inflation complete.
inflation took 0.1 minutes
mris_inflate utimesec    22.618413
mris_inflate stimesec    0.617574
mris_inflate ru_maxrss   223996
mris_inflate ru_ixrss    0
mris_inflate ru_idrss    0
mris_inflate ru_isrss    0
mris_inflate ru_minflt   299956
mris_inflate ru_majflt   1
mris_inflate ru_nswap    0
mris_inflate ru_inblock  8
mris_inflate ru_oublock  11448
mris_inflate ru_msgsnd   0
mris_inflate ru_msgrcv   0
mris_inflate ru_nsignals 0
mris_inflate ru_nvcsw    1536
mris_inflate ru_nivcsw   197
@#@FSTIME  2026:09:04:11:55:47 mris_inflate N 2 e 6.89 S 0.63 U 22.61 P 337% M 223996 F 1 R 299963 W 0 c 198 w 1537 I 8 O 11448 L 2.74 2.30 2.05
@#@FSLOADPOST 2026:09:04:11:55:54 mris_inflate N 2 2.47 2.26 2.04
#--------------------------------------------
#@# Inflation2 rh Fri Sep  4 11:55:54 CEST 2026
/home/ts/develop/subject1/derived/FreeSurfer/7.4.1/subjects_dir/sub-01/scripts

 mris_inflate ../surf/rh.smoothwm ../surf/rh.inflated 

Reading ../surf/rh.smoothwm
avg radius = 47.9 mm, total surface area = 91588 mm^2
step 000: RMS=0.171 (target=0.015)   step 005: RMS=0.115 (target=0.015)   step 010: RMS=0.085 (target=0.015)   step 015: RMS=0.070 (target=0.015)   step 020: RMS=0.058 (target=0.015)   step 025: RMS=0.048 (target=0.015)   step 030: RMS=0.039 (target=0.015)   step 035: RMS=0.032 (target=0.015)   step 040: RMS=0.027 (target=0.015)   step 045: RMS=0.024 (target=0.015)   step 050: RMS=0.021 (target=0.015)   step 055: RMS=0.020 (target=0.015)   step 060: RMS=0.018 (target=0.015)   writing inflated surface to ../surf/rh.inflated
writing sulcal depths to ../surf/rh.sulc

inflation complete.
inflation took 0.1 minutes
mris_inflate utimesec    24.132728
mris_inflate stimesec    0.589920
mris_inflate ru_maxrss   228344
mris_inflate ru_ixrss    0
mris_inflate ru_idrss    0
mris_inflate ru_isrss    0
mris_inflate ru_minflt   305485
mris_inflate ru_majflt   0
mris_inflate ru_nswap    0
mris_inflate ru_inblock  0
mris_inflate ru_oublock  11656
mris_inflate ru_msgsnd   0
mris_inflate ru_msgrcv   0
mris_inflate ru_nsignals 0
mris_inflate ru_nvcsw    1536
mris_inflate ru_nivcsw   472
@#@FSTIME  2026:09:04:11:55:54 mris_inflate N 2 e 7.38 S 0.60 U 24.13 P 334% M 228344 F 0 R 305491 W 0 c 473 w 1537 I 0 O 11656 L 2.47 2.26 2.04
@#@FSLOADPOST 2026:09:04:11:56:01 mris_inflate N 2 2.43 2.26 2.04
#--------------------------------------------
#@# Curv .H and .K lh Fri Sep  4 11:56:01 CEST 2026
/home/ts/develop/subject1/derived/FreeSurfer/7.4.1/subjects_dir/sub-01/surf

 mris_curvature -w -seed 1234 lh.white.preaparc 

setting seed for random number generator to 1234
total integrated curvature = 17.489*4pi (219.774) --> -16 handles
ICI = 152.4, FI = 1586.0, variation=24762.938
writing Gaussian curvature to ./lh.white.preaparc.K...done.
writing mean curvature to ./lh.white.preaparc.H...mris_curvature done.
@#@FSTIME  2026:09:04:11:56:01 mris_curvature N 4 e 0.90 S 0.09 U 1.12 P 134% M 166264 F 14 R 46041 W 0 c 33 w 51 I 880 O 2288 L 2.43 2.26 2.04
@#@FSLOADPOST 2026:09:04:11:56:02 mris_curvature N 4 2.43 2.26 2.04
rm -f lh.white.H
ln -s lh.white.preaparc.H lh.white.H
rm -f lh.white.K
ln -s lh.white.preaparc.K lh.white.K

 mris_curvature -seed 1234 -thresh .999 -n -a 5 -w -distances 10 10 lh.inflated 

setting seed for random number generator to 1234
normalizing curvature values.
averaging curvature patterns 5 times.
sampling 10 neighbors out to a distance of 10 mm
169 vertices thresholded to be in k1 ~ [-0.24 0.33], k2 ~ [-0.12 0.06]
total integrated curvature = 0.615*4pi (7.734) --> 0 handles
ICI = 1.6, FI = 10.7, variation=178.032
127 vertices thresholded to be in [-0.01 0.01]
writing Gaussian curvature to ./lh.inflated.K...thresholding curvature at 99.90% level
curvature mean = 0.000, std = 0.001
148 vertices thresholded to be in [-0.13 0.16]
done.
writing mean curvature to ./lh.inflated.H...curvature mean = -0.016, std = 0.022
mris_curvature done.
@#@FSTIME  2026:09:04:11:56:02 mris_curvature N 12 e 30.37 S 0.20 U 30.61 P 101% M 395340 F 2 R 103514 W 0 c 418 w 60 I 80 O 2288 L 2.43 2.26 2.04
@#@FSLOADPOST 2026:09:04:11:56:32 mris_curvature N 12 2.10 2.20 2.03
#--------------------------------------------
#@# Curv .H and .K rh Fri Sep  4 11:56:32 CEST 2026
/home/ts/develop/subject1/derived/FreeSurfer/7.4.1/subjects_dir/sub-01/surf

 mris_curvature -w -seed 1234 rh.white.preaparc 

setting seed for random number generator to 1234
total integrated curvature = 25.561*4pi (321.212) --> -25 handles
ICI = 160.4, FI = 1628.9, variation=25411.670
writing Gaussian curvature to ./rh.white.preaparc.K...done.
writing mean curvature to ./rh.white.preaparc.H...mris_curvature done.
@#@FSTIME  2026:09:04:11:56:32 mris_curvature N 4 e 0.88 S 0.09 U 1.08 P 132% M 169292 F 0 R 46975 W 0 c 19 w 31 I 0 O 2336 L 2.10 2.20 2.03
@#@FSLOADPOST 2026:09:04:11:56:33 mris_curvature N 4 2.01 2.18 2.02
rm -f rh.white.H
ln -s rh.white.preaparc.H rh.white.H
rm -f rh.white.K
ln -s rh.white.preaparc.K rh.white.K

 mris_curvature -seed 1234 -thresh .999 -n -a 5 -w -distances 10 10 rh.inflated 

setting seed for random number generator to 1234
normalizing curvature values.
averaging curvature patterns 5 times.
sampling 10 neighbors out to a distance of 10 mm
275 vertices thresholded to be in k1 ~ [-0.19 0.27], k2 ~ [-0.09 0.05]
total integrated curvature = 0.632*4pi (7.945) --> 0 handles
ICI = 1.6, FI = 10.6, variation=179.778
148 vertices thresholded to be in [-0.01 0.01]
writing Gaussian curvature to ./rh.inflated.K...thresholding curvature at 99.90% level
curvature mean = 0.000, std = 0.001
186 vertices thresholded to be in [-0.12 0.15]
done.
writing mean curvature to ./rh.inflated.H...curvature mean = -0.016, std = 0.022
mris_curvature done.
@#@FSTIME  2026:09:04:11:56:33 mris_curvature N 12 e 30.76 S 0.26 U 30.97 P 101% M 402724 F 0 R 105369 W 0 c 336 w 39 I 0 O 2336 L 2.01 2.18 2.02
@#@FSLOADPOST 2026:09:04:11:57:04 mris_curvature N 12 1.67 2.08 1.99
#--------------------------------------------
#@# Sphere lh Fri Sep  4 11:57:04 CEST 2026
/home/ts/develop/subject1/derived/FreeSurfer/7.4.1/subjects_dir/sub-01/scripts

 mris_sphere -seed 1234 ../surf/lh.inflated ../surf/lh.sphere 

setting seed for random number genererator to 1234
version: 7.4.1
available threads: 8
reading original vertex positions...
projecting onto sphere...
surface projected - minimizing metric distortion...
scaling brain by 0.275...
MRISunfold() max_passes = 1 -------
tol=5.0e-01, sigma=0.0, host= mini, nav=1024, nbrs=2, l_area=1.000, l_dist=1.000
using quadratic fit line minimization
complete_dist_mat 0
rms 0
smooth_averages 0
remove_neg 0
ico_order 0
which_surface 0
target_radius 0.000000
nfields 0
scale 1.000000
desired_rms_height -1.000000
momentum 0.900000
nbhd_size 7
max_nbrs 8
niterations 25
nsurfaces 0
SURFACES 3
flags 0 (0)
use curv 0
no sulc 0
no rigid align 0
mris->nsize 2
mris->hemisphere 0
randomSeed 1234

singular matrix in quadratic form
singular matrix in quadratic form
singular matrix in quadratic form
--------------------
  mrisRemoveNegativeArea()
pass 1: epoch 1 of 3 starting distance error %20.74
pass 1: epoch 2 of 3 starting distance error %20.68
unfolding complete - removing small folds...
starting distance error %20.63
removing remaining folds...
final distance error %20.67
MRISunfold() return, current seed 1234
-01: dt=0.0000,   9 negative triangles  VmPeak 1356580
185: dt=0.9900,   9 negative triangles
186: dt=0.9900,   8 negative triangles
187: dt=0.9900,   4 negative triangles
188: dt=0.9900,   3 negative triangles
189: dt=0.9900,   5 negative triangles
190: dt=0.9900,   7 negative triangles
191: dt=0.9900,   5 negative triangles
192: dt=0.9900,   4 negative triangles
193: dt=0.9900,   5 negative triangles
194: dt=0.9900,   7 negative triangles
195: dt=0.9900,   5 negative triangles
196: dt=0.9900,   4 negative triangles
197: dt=0.9900,   5 negative triangles
198: dt=0.9405,   7 negative triangles
199: dt=0.9405,   5 negative triangles
200: dt=0.9405,   4 negative triangles
201: dt=0.9405,   5 negative triangles
202: dt=0.9405,   7 negative triangles
203: dt=0.9405,   4 negative triangles
204: dt=0.9405,   3 negative triangles
205: dt=0.9405,   4 negative triangles
206: dt=0.9405,   4 negative triangles
207: dt=0.9405,   6 negative triangles
208: dt=0.8935,   4 negative triangles
209: dt=0.8935,   2 negative triangles
210: dt=0.8935,   4 negative triangles
211: dt=0.8935,   3 negative triangles
212: dt=0.8935,   4 negative triangles
213: dt=0.8935,   4 negative triangles
214: dt=0.8935,   6 negative triangles
215: dt=0.8935,   4 negative triangles
216: dt=0.8935,   1 negative triangles
217: dt=0.8935,   4 negative triangles
218: dt=0.8935,   1 negative triangles
219: dt=0.8935,   4 negative triangles
220: dt=0.8935,   1 negative triangles
221: dt=0.8935,   1 negative triangles
222: dt=0.8935,   4 negative triangles
223: dt=0.8935,   1 negative triangles
writing spherical brain to ../surf/lh.sphere
spherical transformation took 0.0371 hours
FSRUNTIME@ mris_sphere  0.0371 hours 8 threads
#VMPC# mris_sphere VmPeak  1356580
mris_sphere done
@#@FSTIME  2026:09:04:11:57:04 mris_sphere N 4 e 133.58 S 28.47 U 681.07 P 531% M 300144 F 0 R 15683637 W 0 c 5417 w 43657 I 0 O 10304 L 1.67 2.08 1.99
@#@FSLOADPOST 2026:09:04:11:59:18 mris_sphere N 4 6.14 3.67 2.59
#--------------------------------------------
#@# Sphere rh Fri Sep  4 11:59:18 CEST 2026
/home/ts/develop/subject1/derived/FreeSurfer/7.4.1/subjects_dir/sub-01/scripts

 mris_sphere -seed 1234 ../surf/rh.inflated ../surf/rh.sphere 

setting seed for random number genererator to 1234
version: 7.4.1
available threads: 8
reading original vertex positions...
projecting onto sphere...
surface projected - minimizing metric distortion...
scaling brain by 0.275...
MRISunfold() max_passes = 1 -------
tol=5.0e-01, sigma=0.0, host= mini, nav=1024, nbrs=2, l_area=1.000, l_dist=1.000
using quadratic fit line minimization
complete_dist_mat 0
rms 0
smooth_averages 0
remove_neg 0
ico_order 0
which_surface 0
target_radius 0.000000
nfields 0
scale 1.000000
desired_rms_height -1.000000
momentum 0.900000
nbhd_size 7
max_nbrs 8
niterations 25
nsurfaces 0
SURFACES 3
flags 0 (0)
use curv 0
no sulc 0
no rigid align 0
mris->nsize 2
mris->hemisphere 1
randomSeed 1234

singular matrix in quadratic form
singular matrix in quadratic form
singular matrix in quadratic form
singular matrix in quadratic form
singular matrix in quadratic form
--------------------
  mrisRemoveNegativeArea()
pass 1: epoch 1 of 3 starting distance error %20.19
pass 1: epoch 2 of 3 starting distance error %20.19
unfolding complete - removing small folds...
starting distance error %20.15
removing remaining folds...
final distance error %20.15
MRISunfold() return, current seed 1234
-01: dt=0.0000, 132 negative triangles  VmPeak 1358756
095: dt=0.9900, 132 negative triangles
096: dt=0.9900,  53 negative triangles
097: dt=0.9900,  34 negative triangles
098: dt=0.9900,  28 negative triangles
099: dt=0.9900,  26 negative triangles
100: dt=0.9900,  29 negative triangles
101: dt=0.9900,  26 negative triangles
102: dt=0.9900,  24 negative triangles
103: dt=0.9900,  25 negative triangles
104: dt=0.9900,  28 negative triangles
105: dt=0.9900,  27 negative triangles
106: dt=0.9900,  30 negative triangles
107: dt=0.9900,  28 negative triangles
108: dt=0.9900,  33 negative triangles
109: dt=0.9900,  30 negative triangles
110: dt=0.9900,  34 negative triangles
111: dt=0.9900,  32 negative triangles
112: dt=0.9405,  32 negative triangles
113: dt=0.9405,  36 negative triangles
114: dt=0.9405,  35 negative triangles
115: dt=0.9405,  29 negative triangles
116: dt=0.9405,  30 negative triangles
117: dt=0.9405,  25 negative triangles
118: dt=0.9405,  29 negative triangles
119: dt=0.9405,  24 negative triangles
120: dt=0.9405,  27 negative triangles
121: dt=0.9405,  27 negative triangles
122: dt=0.8935,  29 negative triangles
123: dt=0.8935,  27 negative triangles
124: dt=0.8935,  28 negative triangles
125: dt=0.8935,  28 negative triangles
126: dt=0.8935,  24 negative triangles
127: dt=0.8935,  27 negative triangles
128: dt=0.8935,  26 negative triangles
129: dt=0.8935,  25 negative triangles
130: dt=0.8935,  22 negative triangles
131: dt=0.8935,  20 negative triangles
132: dt=0.8935,  17 negative triangles
133: dt=0.8935,  22 negative triangles
134: dt=0.8935,  17 negative triangles
135: dt=0.8935,  20 negative triangles
136: dt=0.8935,  11 negative triangles
137: dt=0.8935,   8 negative triangles
138: dt=0.8935,  14 negative triangles
139: dt=0.8935,  14 negative triangles
140: dt=0.8935,  11 negative triangles
141: dt=0.8935,  10 negative triangles
142: dt=0.8935,   8 negative triangles
143: dt=0.8935,   6 negative triangles
144: dt=0.8935,   5 negative triangles
145: dt=0.8935,   2 negative triangles
146: dt=0.8935,   1 negative triangles
writing spherical brain to ../surf/rh.sphere
spherical transformation took 0.0241 hours
FSRUNTIME@ mris_sphere  0.0241 hours 8 threads
#VMPC# mris_sphere VmPeak  1358756
mris_sphere done
@#@FSTIME  2026:09:04:11:59:18 mris_sphere N 4 e 86.67 S 15.90 U 438.63 P 524% M 305596 F 0 R 8509646 W 0 c 4258 w 24256 I 0 O 10496 L 6.14 3.67 2.59
@#@FSLOADPOST 2026:09:04:12:00:44 mris_sphere N 4 6.30 4.32 2.92
#--------------------------------------------
#@# Surf Reg lh Fri Sep  4 12:00:44 CEST 2026
/home/ts/develop/subject1/derived/FreeSurfer/7.4.1/subjects_dir/sub-01/scripts

 mris_register -curv ../surf/lh.sphere /home/ts/software/freesurfer/freesurfer7.4.1/average/lh.folding.atlas.acfb40.noaparc.i12.2016-08-02.tif ../surf/lh.sphere.reg 

using smoothwm curvature for final alignment

cwd /home/ts/develop/subject1/derived/FreeSurfer/7.4.1/subjects_dir/sub-01/scripts
cmdline mris_register -curv ../surf/lh.sphere /home/ts/software/freesurfer/freesurfer7.4.1/average/lh.folding.atlas.acfb40.noaparc.i12.2016-08-02.tif ../surf/lh.sphere.reg 

0 inflated.H
1 sulc
2 smoothwm (computed)
7.4.1
  7.4.1
reading surface from ../surf/lh.sphere...
reading template parameterization from /home/ts/software/freesurfer/freesurfer7.4.1/average/lh.folding.atlas.acfb40.noaparc.i12.2016-08-02.tif...
MRISregister() -------
max_passes = 4 
min_degrees = 0.500000 
max_degrees = 64.000000 
nangles = 8 
tol=5.0e-01, sigma=0.0, host= mini, nav=1024, nbrs=1, l_extern=10000.000, l_parea=0.200, l_nlarea=1.000, l_corr=1.000, l_dist=5.000
using quadratic fit line minimization
complete_dist_mat 0
rms 0
smooth_averages 0
remove_neg 0
ico_order 0
which_surface 0
target_radius 0.000000
nfields 0
scale 0.000000
desired_rms_height -1.000000
momentum 0.950000
nbhd_size -10
max_nbrs 10
niterations 25
nsurfaces 0
SURFACES 3
flags 16 (10)
use curv 16
no sulc 0
no rigid align 0
mris->nsize 1
mris->hemisphere 0
randomSeed 0

tol=5.0e-01, sigma=0.0, host= mini, nav=1024, nbrs=1, l_extern=10000.000, l_parea=0.200, l_nlarea=1.000, l_corr=1.000, l_dist=5.000
using quadratic fit line minimization
--------------------
1 Reading lh.sulc
tol=1.0e+00, sigma=0.5, host= mini, nav=1024, nbrs=1, l_extern=10000.000, l_parea=0.200, l_nlarea=1.000, l_corr=0.050, l_spring=0.500, l_dist=5.000
using quadratic fit line minimization
curvature mean = -0.000, std = 5.607
curvature mean = 0.042, std = 0.824
curvature mean = 0.008, std = 0.856
Starting MRISrigidBodyAlignGlobal()
Starting new MRISrigidBodyAlignGlobal_findMinSSE()
  new MRISrigidBodyAlignGlobal_findMinSSE min @ (6.50, -6.00, -8.00) sse = 231011.0, elapsed since starting=0.0420 min
MRISrigidBodyAlignGlobal() done   0.04 min
curvature mean = 0.022, std = 0.831
curvature mean = 0.004, std = 0.943
curvature mean = 0.019, std = 0.842
curvature mean = 0.002, std = 0.978
curvature mean = 0.017, std = 0.844
curvature mean = 0.000, std = 0.991
2 Reading smoothwm
curvature mean = -0.017, std = 0.270
curvature mean = 0.045, std = 0.245
curvature mean = 0.058, std = 0.359
curvature mean = 0.040, std = 0.304
curvature mean = 0.035, std = 0.557
curvature mean = 0.039, std = 0.331
curvature mean = 0.019, std = 0.702
curvature mean = 0.039, std = 0.343
curvature mean = 0.006, std = 0.811
MRISregister() return, current seed 0
-01: dt=0.0000,  50 negative triangles  VmPeak 1030352
118: dt=0.9900,  50 negative triangles
expanding nbhd size to 1
119: dt=0.9900,  50 negative triangles
120: dt=0.9900,  46 negative triangles
121: dt=0.9900,  40 negative triangles
122: dt=0.9900,  36 negative triangles
123: dt=0.9900,  33 negative triangles
124: dt=0.9900,  28 negative triangles
125: dt=0.9900,  26 negative triangles
126: dt=0.9900,  22 negative triangles
127: dt=0.9900,  21 negative triangles
128: dt=0.9900,  19 negative triangles
129: dt=0.9900,  17 negative triangles
130: dt=0.9900,  17 negative triangles
131: dt=0.9900,  14 negative triangles
132: dt=0.9900,  12 negative triangles
133: dt=0.9900,  12 negative triangles
134: dt=0.9900,  12 negative triangles
135: dt=0.9900,  12 negative triangles
136: dt=0.9900,  11 negative triangles
137: dt=0.9900,  11 negative triangles
138: dt=0.9900,  11 negative triangles
139: dt=0.9900,  11 negative triangles
140: dt=0.9900,  11 negative triangles
141: dt=0.9900,  11 negative triangles
142: dt=0.9900,  10 negative triangles
143: dt=0.9900,  10 negative triangles
144: dt=0.9900,   9 negative triangles
145: dt=0.9900,   9 negative triangles
146: dt=0.9900,   9 negative triangles
147: dt=0.9900,   9 negative triangles
148: dt=0.9900,   9 negative triangles
149: dt=0.9900,   9 negative triangles
150: dt=0.9900,   8 negative triangles
151: dt=0.9900,   8 negative triangles
152: dt=0.9900,   8 negative triangles
153: dt=0.9900,   8 negative triangles
154: dt=0.9900,   7 negative triangles
155: dt=0.9900,   7 negative triangles
156: dt=0.9900,   7 negative triangles
157: dt=0.9900,   7 negative triangles
158: dt=0.9900,   7 negative triangles
159: dt=0.9900,   6 negative triangles
160: dt=0.9900,   6 negative triangles
161: dt=0.9900,   6 negative triangles
162: dt=0.9900,   6 negative triangles
163: dt=0.9900,   7 negative triangles
164: dt=0.9900,   6 negative triangles
165: dt=0.9900,   6 negative triangles
166: dt=0.9900,   6 negative triangles
167: dt=0.9900,   6 negative triangles
168: dt=0.9900,   6 negative triangles
169: dt=0.9405,   6 negative triangles
170: dt=0.9405,   6 negative triangles
171: dt=0.9405,   6 negative triangles
172: dt=0.9405,   6 negative triangles
173: dt=0.9405,   6 negative triangles
174: dt=0.9405,   6 negative triangles
175: dt=0.9405,   6 negative triangles
176: dt=0.9405,   6 negative triangles
177: dt=0.9405,   6 negative triangles
178: dt=0.9405,   6 negative triangles
179: dt=0.8935,   6 negative triangles
180: dt=0.8935,   6 negative triangles
181: dt=0.8935,   6 negative triangles
182: dt=0.8935,   6 negative triangles
183: dt=0.8935,   6 negative triangles
184: dt=0.8935,   6 negative triangles
185: dt=0.8935,   6 negative triangles
186: dt=0.8935,   6 negative triangles
187: dt=0.8935,   6 negative triangles
188: dt=0.8935,   5 negative triangles
189: dt=0.8935,   4 negative triangles
190: dt=0.8935,   3 negative triangles
191: dt=0.8935,   3 negative triangles
192: dt=0.8935,   3 negative triangles
193: dt=0.8935,   3 negative triangles
194: dt=0.8935,   3 negative triangles
195: dt=0.8935,   3 negative triangles
196: dt=0.8935,   3 negative triangles
197: dt=0.8935,   3 negative triangles
198: dt=0.8935,   3 negative triangles
199: dt=0.8935,   3 negative triangles
200: dt=0.8488,   3 negative triangles
201: dt=0.8488,   3 negative triangles
202: dt=0.8488,   3 negative triangles
203: dt=0.8488,   3 negative triangles
204: dt=0.8488,   3 negative triangles
205: dt=0.8488,   3 negative triangles
206: dt=0.8488,   3 negative triangles
207: dt=0.8488,   3 negative triangles
208: dt=0.8488,   3 negative triangles
209: dt=0.8488,   3 negative triangles
210: dt=0.8064,   3 negative triangles
211: dt=0.8064,   3 negative triangles
212: dt=0.8064,   3 negative triangles
213: dt=0.8064,   3 negative triangles
214: dt=0.8064,   3 negative triangles
215: dt=0.8064,   3 negative triangles
216: dt=0.8064,   3 negative triangles
217: dt=0.8064,   3 negative triangles
218: dt=0.8064,   2 negative triangles
219: dt=0.8064,   2 negative triangles
220: dt=0.8064,   2 negative triangles
221: dt=0.8064,   2 negative triangles
222: dt=0.8064,   2 negative triangles
223: dt=0.8064,   2 negative triangles
224: dt=0.8064,   2 negative triangles
225: dt=0.8064,   1 negative triangles
226: dt=0.8064,   1 negative triangles
227: dt=0.8064,   1 negative triangles
228: dt=0.8064,   1 negative triangles
229: dt=0.8064,   1 negative triangles
230: dt=0.8064,   1 negative triangles
231: dt=0.8064,   1 negative triangles
232: dt=0.8064,   1 negative triangles
233: dt=0.8064,   1 negative triangles
writing registered surface to ../surf/lh.sphere.reg...
registration took 0.04 hours
#VMPC# mris_register VmPeak  1030352
FSRUNTIME@ mris_register  0.0379 hours 8 threads
@#@FSTIME  2026:09:04:12:00:44 mris_register N 4 e 136.42 S 20.91 U 546.98 P 416% M 277712 F 30 R 11375534 W 0 c 3657 w 29487 I 7616 O 10304 L 6.30 4.32 2.92
@#@FSLOADPOST 2026:09:04:12:03:01 mris_register N 4 2.94 3.73 2.89

 ln -sf lh.sphere.reg lh.fsaverage.sphere.reg 

#--------------------------------------------
#@# Surf Reg rh Fri Sep  4 12:03:01 CEST 2026
/home/ts/develop/subject1/derived/FreeSurfer/7.4.1/subjects_dir/sub-01/scripts

 mris_register -curv ../surf/rh.sphere /home/ts/software/freesurfer/freesurfer7.4.1/average/rh.folding.atlas.acfb40.noaparc.i12.2016-08-02.tif ../surf/rh.sphere.reg 

using smoothwm curvature for final alignment

cwd /home/ts/develop/subject1/derived/FreeSurfer/7.4.1/subjects_dir/sub-01/scripts
cmdline mris_register -curv ../surf/rh.sphere /home/ts/software/freesurfer/freesurfer7.4.1/average/rh.folding.atlas.acfb40.noaparc.i12.2016-08-02.tif ../surf/rh.sphere.reg 

0 inflated.H
1 sulc
2 smoothwm (computed)
7.4.1
  7.4.1
reading surface from ../surf/rh.sphere...
reading template parameterization from /home/ts/software/freesurfer/freesurfer7.4.1/average/rh.folding.atlas.acfb40.noaparc.i12.2016-08-02.tif...
MRISregister() -------
max_passes = 4 
min_degrees = 0.500000 
max_degrees = 64.000000 
nangles = 8 
tol=5.0e-01, sigma=0.0, host= mini, nav=1024, nbrs=1, l_extern=10000.000, l_parea=0.200, l_nlarea=1.000, l_corr=1.000, l_dist=5.000
using quadratic fit line minimization
complete_dist_mat 0
rms 0
smooth_averages 0
remove_neg 0
ico_order 0
which_surface 0
target_radius 0.000000
nfields 0
scale 0.000000
desired_rms_height -1.000000
momentum 0.950000
nbhd_size -10
max_nbrs 10
niterations 25
nsurfaces 0
SURFACES 3
flags 16 (10)
use curv 16
no sulc 0
no rigid align 0
mris->nsize 1
mris->hemisphere 1
randomSeed 0

tol=5.0e-01, sigma=0.0, host= mini, nav=1024, nbrs=1, l_extern=10000.000, l_parea=0.200, l_nlarea=1.000, l_corr=1.000, l_dist=5.000
using quadratic fit line minimization
--------------------
1 Reading rh.sulc
tol=1.0e+00, sigma=0.5, host= mini, nav=1024, nbrs=1, l_extern=10000.000, l_parea=0.200, l_nlarea=1.000, l_corr=0.050, l_spring=0.500, l_dist=5.000
using quadratic fit line minimization
curvature mean = -0.000, std = 5.587
curvature mean = 0.022, std = 0.817
curvature mean = 0.014, std = 0.853
Starting MRISrigidBodyAlignGlobal()
Starting new MRISrigidBodyAlignGlobal_findMinSSE()
  new MRISrigidBodyAlignGlobal_findMinSSE min @ (10.00, -5.50, -7.00) sse = 307734.0, elapsed since starting=0.0430 min
MRISrigidBodyAlignGlobal() done   0.04 min
curvature mean = 0.012, std = 0.828
curvature mean = 0.007, std = 0.943
curvature mean = 0.008, std = 0.833
curvature mean = 0.003, std = 0.977
curvature mean = 0.007, std = 0.833
curvature mean = 0.001, std = 0.991
2 Reading smoothwm
curvature mean = -0.018, std = 0.264
curvature mean = 0.037, std = 0.237
curvature mean = 0.063, std = 0.364
curvature mean = 0.035, std = 0.293
curvature mean = 0.033, std = 0.577
curvature mean = 0.035, std = 0.319
curvature mean = 0.017, std = 0.724
curvature mean = 0.034, std = 0.331
curvature mean = 0.005, std = 0.831
MRISregister() return, current seed 0
-01: dt=0.0000,   1 negative triangles  VmPeak 1358800
108: dt=0.9900,   1 negative triangles
writing registered surface to ../surf/rh.sphere.reg...
registration took 0.03 hours
#VMPC# mris_register VmPeak  1358800
FSRUNTIME@ mris_register  0.0331 hours 8 threads
@#@FSTIME  2026:09:04:12:03:01 mris_register N 4 e 119.05 S 16.02 U 483.99 P 419% M 283052 F 0 R 8523172 W 0 c 3732 w 24704 I 5584 O 10496 L 2.94 3.73 2.89
@#@FSLOADPOST 2026:09:04:12:05:00 mris_register N 4 3.33 3.78 3.02

 ln -sf rh.sphere.reg rh.fsaverage.sphere.reg 

#--------------------------------------------
#@# Jacobian white lh Fri Sep  4 12:05:00 CEST 2026
/home/ts/develop/subject1/derived/FreeSurfer/7.4.1/subjects_dir/sub-01/scripts

 mris_jacobian ../surf/lh.white.preaparc ../surf/lh.sphere.reg ../surf/lh.jacobian_white 

reading surface from ../surf/lh.white.preaparc...
writing curvature file ../surf/lh.jacobian_white
@#@FSTIME  2026:09:04:12:05:00 mris_jacobian N 3 e 0.49 S 0.12 U 0.89 P 207% M 223208 F 7 R 68163 W 0 c 24 w 52 I 584 O 1144 L 3.33 3.78 3.02
@#@FSLOADPOST 2026:09:04:12:05:00 mris_jacobian N 3 3.33 3.78 3.02
#--------------------------------------------
#@# Jacobian white rh Fri Sep  4 12:05:00 CEST 2026
/home/ts/develop/subject1/derived/FreeSurfer/7.4.1/subjects_dir/sub-01/scripts

 mris_jacobian ../surf/rh.white.preaparc ../surf/rh.sphere.reg ../surf/rh.jacobian_white 

reading surface from ../surf/rh.white.preaparc...
writing curvature file ../surf/rh.jacobian_white
@#@FSTIME  2026:09:04:12:05:00 mris_jacobian N 3 e 0.50 S 0.13 U 0.97 P 221% M 227396 F 0 R 69321 W 0 c 19 w 56 I 0 O 1168 L 3.33 3.78 3.02
@#@FSLOADPOST 2026:09:04:12:05:01 mris_jacobian N 3 3.33 3.78 3.02
#--------------------------------------------
#@# AvgCurv lh Fri Sep  4 12:05:01 CEST 2026
/home/ts/develop/subject1/derived/FreeSurfer/7.4.1/subjects_dir/sub-01/scripts

 mrisp_paint -a 5 /home/ts/software/freesurfer/freesurfer7.4.1/average/lh.folding.atlas.acfb40.noaparc.i12.2016-08-02.tif#6 ../surf/lh.sphere.reg ../surf/lh.avg_curv 

averaging curvature patterns 5 times...
reading surface from ../surf/lh.sphere.reg...
reading template parameterization from /home/ts/software/freesurfer/freesurfer7.4.1/average/lh.folding.atlas.acfb40.noaparc.i12.2016-08-02.tif...
writing curvature file to ../surf/lh.avg_curv...
@#@FSTIME  2026:09:04:12:05:01 mrisp_paint N 5 e 0.47 S 0.09 U 0.65 P 156% M 171512 F 16 R 47448 W 0 c 17 w 72 I 1080 O 1144 L 3.33 3.78 3.02
@#@FSLOADPOST 2026:09:04:12:05:01 mrisp_paint N 5 3.33 3.78 3.02
#--------------------------------------------
#@# AvgCurv rh Fri Sep  4 12:05:01 CEST 2026
/home/ts/develop/subject1/derived/FreeSurfer/7.4.1/subjects_dir/sub-01/scripts

 mrisp_paint -a 5 /home/ts/software/freesurfer/freesurfer7.4.1/average/rh.folding.atlas.acfb40.noaparc.i12.2016-08-02.tif#6 ../surf/rh.sphere.reg ../surf/rh.avg_curv 

averaging curvature patterns 5 times...
reading surface from ../surf/rh.sphere.reg...
reading template parameterization from /home/ts/software/freesurfer/freesurfer7.4.1/average/rh.folding.atlas.acfb40.noaparc.i12.2016-08-02.tif...
writing curvature file to ../surf/rh.avg_curv...
@#@FSTIME  2026:09:04:12:05:01 mrisp_paint N 5 e 0.44 S 0.11 U 0.62 P 165% M 174444 F 0 R 48287 W 0 c 8 w 26 I 0 O 1168 L 3.33 3.78 3.02
@#@FSLOADPOST 2026:09:04:12:05:02 mrisp_paint N 5 3.33 3.78 3.02
#-----------------------------------------
#@# Cortical Parc lh Fri Sep  4 12:05:02 CEST 2026
/home/ts/develop/subject1/derived/FreeSurfer/7.4.1/subjects_dir/sub-01/scripts

 mris_ca_label -l ../label/lh.cortex.label -aseg ../mri/aseg.presurf.mgz -seed 1234 sub-01 lh ../surf/lh.sphere.reg /home/ts/software/freesurfer/freesurfer7.4.1/average/lh.DKaparc.atlas.acfb40.noaparc.i12.2016-08-02.gcs ../label/lh.aparc.annot 

setting seed for random number generator to 1234
using ../mri/aseg.presurf.mgz aseg volume to correct midline
7.4.1
  7.4.1
reading atlas from /home/ts/software/freesurfer/freesurfer7.4.1/average/lh.DKaparc.atlas.acfb40.noaparc.i12.2016-08-02.gcs...
reading color table from GCSA file....
average std = 0.8   using min determinant for regularization = 0.006
0 singular and 342 ill-conditioned covariance matrices regularized
reading surface from /home/ts/develop/subject1/derived/FreeSurfer/7.4.1/subjects_dir/sub-01/surf/lh.smoothwm...
GCSA::load_default_data(): ninputs=1  sulc_only=0 which_norm=0
labeling surface...
1252 labels changed using aseg
relabeling using gibbs priors...
000:   3338 changed, 146406 examined...
001:    760 changed, 13962 examined...
002:    188 changed, 4363 examined...
003:     63 changed, 1155 examined...
004:     23 changed, 373 examined...
005:      8 changed, 141 examined...
006:      3 changed, 52 examined...
007:      1 changed, 16 examined...
008:      0 changed, 7 examined...
305 labels changed using aseg
000: 119 total segments, 75 labels (326 vertices) changed
001: 48 total segments, 4 labels (9 vertices) changed
002: 43 total segments, 4 labels (24 vertices) changed
003: 39 total segments, 0 labels (0 vertices) changed
10 filter iterations complete (10 requested, 3 changed)
rationalizing unknown annotations with cortex label
relabeling unknown label...
relabeling corpuscallosum label...
2252 vertices marked for relabeling...
2252 labels changed in reclassification.
writing output to ../label/lh.aparc.annot...
classification took 0 minutes and 6 seconds.
@#@FSTIME  2026:09:04:12:05:02 mris_ca_label N 11 e 6.08 S 0.72 U 6.15 P 113% M 1295624 F 13 R 519838 W 0 c 89 w 447 I 63968 O 2296 L 3.33 3.78 3.02
@#@FSLOADPOST 2026:09:04:12:05:08 mris_ca_label N 11 2.97 3.69 3.00
#-----------------------------------------
#@# Cortical Parc rh Fri Sep  4 12:05:08 CEST 2026
/home/ts/develop/subject1/derived/FreeSurfer/7.4.1/subjects_dir/sub-01/scripts

 mris_ca_label -l ../label/rh.cortex.label -aseg ../mri/aseg.presurf.mgz -seed 1234 sub-01 rh ../surf/rh.sphere.reg /home/ts/software/freesurfer/freesurfer7.4.1/average/rh.DKaparc.atlas.acfb40.noaparc.i12.2016-08-02.gcs ../label/rh.aparc.annot 

setting seed for random number generator to 1234
using ../mri/aseg.presurf.mgz aseg volume to correct midline
7.4.1
  7.4.1
reading atlas from /home/ts/software/freesurfer/freesurfer7.4.1/average/rh.DKaparc.atlas.acfb40.noaparc.i12.2016-08-02.gcs...
reading color table from GCSA file....
average std = 0.7   using min determinant for regularization = 0.004
0 singular and 309 ill-conditioned covariance matrices regularized
reading surface from /home/ts/develop/subject1/derived/FreeSurfer/7.4.1/subjects_dir/sub-01/surf/rh.smoothwm...
GCSA::load_default_data(): ninputs=1  sulc_only=0 which_norm=0
labeling surface...
1072 labels changed using aseg
relabeling using gibbs priors...
000:   3094 changed, 149113 examined...
001:    697 changed, 13255 examined...
002:    133 changed, 3955 examined...
003:     44 changed, 831 examined...
004:     15 changed, 272 examined...
005:      6 changed, 97 examined...
006:      4 changed, 37 examined...
007:      1 changed, 25 examined...
008:      0 changed, 7 examined...
197 labels changed using aseg
000: 93 total segments, 54 labels (232 vertices) changed
001: 38 total segments, 0 labels (0 vertices) changed
10 filter iterations complete (10 requested, 5 changed)
rationalizing unknown annotations with cortex label
relabeling unknown label...
relabeling corpuscallosum label...
1507 vertices marked for relabeling...
1507 labels changed in reclassification.
writing output to ../label/rh.aparc.annot...
classification took 0 minutes and 5 seconds.
@#@FSTIME  2026:09:04:12:05:08 mris_ca_label N 11 e 5.42 S 0.53 U 5.74 P 115% M 1172280 F 0 R 369342 W 0 c 90 w 488 I 36352 O 2336 L 2.97 3.69 3.00
@#@FSLOADPOST 2026:09:04:12:05:13 mris_ca_label N 11 2.81 3.65 2.99
#--------------------------------------------
#@# WhiteSurfs lh Fri Sep  4 12:05:13 CEST 2026
cd /home/ts/develop/subject1/derived/FreeSurfer/7.4.1/subjects_dir/sub-01/mri
mris_place_surface --adgws-in ../surf/autodet.gw.stats.lh.dat --seg aseg.presurf.mgz --threads 8 --wm wm.mgz --invol brain.finalsurfs.mgz --lh --i ../surf/lh.white.preaparc --o ../surf/lh.white --white --nsmooth 0 --rip-label ../label/lh.cortex.label --rip-bg --rip-surf ../surf/lh.white.preaparc --aparc ../label/lh.aparc.annot
7.4.1
7.4.1

cd /home/ts/develop/subject1/derived/FreeSurfer/7.4.1/subjects_dir/sub-01/mri
setenv SUBJECTS_DIR /home/ts/develop/subject1/derived/FreeSurfer/7.4.1/subjects_dir
mris_place_surface --adgws-in ../surf/autodet.gw.stats.lh.dat --seg aseg.presurf.mgz --threads 8 --wm wm.mgz --invol brain.finalsurfs.mgz --lh --i ../surf/lh.white.preaparc --o ../surf/lh.white --white --nsmooth 0 --rip-label ../label/lh.cortex.label --rip-bg --rip-surf ../surf/lh.white.preaparc --aparc ../label/lh.aparc.annot 

Reading in input surface ../surf/lh.white.preaparc
Not smoothing input surface
Area    292808  0.34138  0.12656 0.000135   1.6634
Corner  878424 60.00000 14.48631 0.641688 175.9073
Edge    439212  0.89988  0.21049 0.016635   3.1550
Hinge   439212 10.08626 10.79909 0.000053 179.8792
Reading in aparc ../label/lh.aparc.annot
[DEBUG] CTABreadFromBinaryV2(): ct->nentries=36, num_entries_to_read=36
Reading in input volume brain.finalsurfs.mgz
Reading in seg volume aseg.presurf.mgz
Reading in wm volume wm.mgz
MRIclipBrightWM(): nthresh=23272, wmmin=5, clip=110 
MRIfindBrightNonWM(): 44 bright non-wm voxels segmented.
Masking bright non-wm for white surface
MRImask(): AllowDiffGeom = 1
MRImask(): AllowDiffGeom = 1
Ripping frozen voxels
Ripping vertices not in label ../label/lh.cortex.label
MRISripNotLabel() ripped 8854/146406 vertices (137552 unripped)
Reading in ripping surface ../surf/lh.white.preaparc
Reading in aparc ../label/lh.aparc.annot for ripsurf
[DEBUG] CTABreadFromBinaryV2(): ct->nentries=36, num_entries_to_read=36
Ripping BG
MRISripBasalGanglia(): 1 -2 2 0.5 ripped 566
Ripping segs (eg, WMSA, BG, frozen)
Starting MRISripSegs() d = (-2 2 0.5) segnos: 247 
MRISripSegs(): -2 2 0.5 ripped 0
vertex 73203: xyz = (-36.0959,-20.7181,22.9939) oxyz = (-36.0959,-20.7181,22.9939) wxzy = (-36.0959,-20.7181,22.9939) pxyz = (0,0,0) 
CBVO Creating mask 146406
n_averages 4
Iteration 0 =========================================
n_averages=4, current_sigma=2
Computing target border values 
Entering MRIScomputeBorderValues_new(): 
  inside_hi   = 120.0000000;
  border_hi   = 111.1805340;
  border_low  =  67.0000000;
  outside_low =  56.9966960;
  outside_hi  = 111.1805340;
  sigma = 2;
  max_thickness = 10;
  step_size=0.5;
  STEP_SIZE=0.1;
  which = 1
  thresh = 0.5
  flags = 0
  CBVfindFirstPeakD1=0
  CBVfindFirstPeakD2=0
  nvertices=146406
  Gdiag_no=-1
  vno start=0, stop=146406
Replacing 255s with 0s
#SI# sigma=2 had to be increased for 115 vertices, nripped=9420
mean border=78.8, 107 (107) missing vertices, mean dist 0.4 [1.2 (%11.1)->0.6 (%88.9))]
%62 local maxima, %32 large gradients and % 0 min vals, 0 gradients ignored
nFirstPeakD1 0
MRIScomputeBorderValues_new() finished in 0.0188 min


Finding expansion regions
mean absolute distance = 0.68 +- 0.92
2476 vertices more than 2 sigmas from mean.
Averaging target values for 5 iterations...
Positioning Surface: tspring = 0.3, nspring = 0.3, spring = 0, niters = 100 l_repulse = 5, l_surf_repulse = 0, checktol = 0
Positioning surface
Entering MRISpositionSurface()
  max_mm = 0.3
  MAX_REDUCTIONS = 2, REDUCTION_PCT = 0.5
  parms->check_tol = 0, niterations = 100
tol=1.0e-04, sigma=2.0, host= mini, nav=4, nbrs=2, l_repulse=5.000, l_tspring=0.300, l_nspring=0.300, l_intensity=0.200, l_curv=1.000
mom=0.00, dt=0.50
complete_dist_mat 0
rms 0
smooth_averages 0
remove_neg 0
ico_order 0
which_surface 0
target_radius 0.000000
nfields 0
scale 0.000000
desired_rms_height 0.000000
momentum 0.000000
nbhd_size 0
max_nbrs 0
niterations 100
nsurfaces 0
SURFACES 3
flags 0 (0)
use curv 0
no sulc 0
no rigid align 0
mris->nsize 2
mris->hemisphere 0
randomSeed 0

000: dt: 0.0000, sse=2270172.0, rms=8.670
001: dt: 0.5000, sse=908985.8, rms=5.054 (41.699%)
002: dt: 0.5000, sse=531828.0, rms=3.430 (32.131%)
003: dt: 0.5000, sse=454918.3, rms=2.989 (12.883%)
004: dt: 0.5000, sse=414855.4, rms=2.729 (8.668%)
rms = 2.8129/2.7295, sse=427650.1/414855.4, time step reduction 1 of 3 to 0.250  0 1 1
   RMS increased, rejecting step
005: dt: 0.2500, sse=306474.8, rms=1.857 (31.962%)
006: dt: 0.2500, sse=266352.5, rms=1.396 (24.846%)
007: dt: 0.2500, sse=256094.3, rms=1.250 (10.452%)
rms = 1.2046/1.2498, sse=253948.7/256094.3, time step reduction 2 of 3 to 0.125  0 0 1
008: dt: 0.2500, sse=253948.7, rms=1.205 (3.618%)
rms = 1.1701/1.2046, sse=252019.1/253948.7, time step reduction 3 of 3 to 0.062  0 0 1
009: dt: 0.1250, sse=252019.1, rms=1.170 (2.865%)
  maximum number of reductions reached, breaking from loop
positioning took 0.4 minutes
  done positioning surface
Iteration 1 =========================================
n_averages=2, current_sigma=1
Computing target border values 
Entering MRIScomputeBorderValues_new(): 
  inside_hi   = 120.0000000;
  border_hi   = 111.1805340;
  border_low  =  67.0000000;
  outside_low =  56.9966960;
  outside_hi  = 111.1805340;
  sigma = 1;
  max_thickness = 10;
  step_size=0.5;
  STEP_SIZE=0.1;
  which = 1
  thresh = 0.5
  flags = 0
  CBVfindFirstPeakD1=0
  CBVfindFirstPeakD2=0
  nvertices=146406
  Gdiag_no=-1
  vno start=0, stop=146406
Replacing 255s with 0s
#SI# sigma=1 had to be increased for 67 vertices, nripped=9420
mean border=82.2, 123 (63) missing vertices, mean dist -0.2 [0.4 (%74.2)->0.2 (%25.8))]
%74 local maxima, %20 large gradients and % 0 min vals, 0 gradients ignored
nFirstPeakD1 0
MRIScomputeBorderValues_new() finished in 0.0135 min


Finding expansion regions
mean absolute distance = 0.37 +- 0.62
2764 vertices more than 2 sigmas from mean.
Averaging target values for 5 iterations...
Positioning Surface: tspring = 0.3, nspring = 0.3, spring = 0, niters = 100 l_repulse = 5, l_surf_repulse = 0, checktol = 0
Positioning surface
Entering MRISpositionSurface()
  max_mm = 0.3
  MAX_REDUCTIONS = 2, REDUCTION_PCT = 0.5
  parms->check_tol = 0, niterations = 100
tol=1.0e-04, sigma=1.0, host= mini, nav=2, nbrs=2, l_repulse=5.000, l_tspring=0.300, l_nspring=0.300, l_intensity=0.200, l_curv=1.000
mom=0.00, dt=0.50
000: dt: 0.0000, sse=849561.2, rms=4.747
010: dt: 0.5000, sse=484694.0, rms=3.032 (36.131%)
011: dt: 0.5000, sse=440858.3, rms=2.774 (8.489%)
012: dt: 0.5000, sse=427924.9, rms=2.689 (3.080%)
rms = 2.8646/2.6889, sse=454067.4/427924.9, time step reduction 1 of 3 to 0.250  0 1 1
   RMS increased, rejecting step
013: dt: 0.2500, sse=309169.4, rms=1.688 (37.233%)
014: dt: 0.2500, sse=268145.4, rms=1.153 (31.699%)
015: dt: 0.2500, sse=259460.6, rms=1.003 (13.023%)
rms = 0.9802/1.0026, sse=258645.4/259460.6, time step reduction 2 of 3 to 0.125  0 0 1
016: dt: 0.2500, sse=258645.4, rms=0.980 (2.233%)
rms = 0.9483/0.9802, sse=256967.4/258645.4, time step reduction 3 of 3 to 0.062  0 0 1
017: dt: 0.1250, sse=256967.4, rms=0.948 (3.256%)
  maximum number of reductions reached, breaking from loop
positioning took 0.3 minutes
  done positioning surface
Iteration 2 =========================================
n_averages=1, current_sigma=0.5
Computing target border values 
Entering MRIScomputeBorderValues_new(): 
  inside_hi   = 120.0000000;
  border_hi   = 111.1805340;
  border_low  =  67.0000000;
  outside_low =  56.9966960;
  outside_hi  = 111.1805340;
  sigma = 0.5;
  max_thickness = 10;
  step_size=0.5;
  STEP_SIZE=0.1;
  which = 1
  thresh = 0.5
  flags = 0
  CBVfindFirstPeakD1=0
  CBVfindFirstPeakD2=0
  nvertices=146406
  Gdiag_no=-1
  vno start=0, stop=146406
Replacing 255s with 0s
#SI# sigma=0.5 had to be increased for 74 vertices, nripped=9420
mean border=85.0, 139 (53) missing vertices, mean dist -0.2 [0.3 (%75.7)->0.2 (%24.3))]
%85 local maxima, % 8 large gradients and % 0 min vals, 0 gradients ignored
nFirstPeakD1 0
MRIScomputeBorderValues_new() finished in 0.0078 min


Finding expansion regions
mean absolute distance = 0.27 +- 0.40
2990 vertices more than 2 sigmas from mean.
Averaging target values for 5 iterations...
Positioning Surface: tspring = 0.3, nspring = 0.3, spring = 0, niters = 100 l_repulse = 5, l_surf_repulse = 0, checktol = 0
Positioning surface
Entering MRISpositionSurface()
  max_mm = 0.3
  MAX_REDUCTIONS = 2, REDUCTION_PCT = 0.5
  parms->check_tol = 0, niterations = 100
tol=1.0e-04, sigma=0.5, host= mini, nav=1, nbrs=2, l_repulse=5.000, l_tspring=0.300, l_nspring=0.300, l_intensity=0.200, l_curv=1.000
mom=0.00, dt=0.50
000: dt: 0.0000, sse=575010.7, rms=3.586
018: dt: 0.5000, sse=394894.3, rms=2.469 (31.145%)
rms = 2.6243/2.4689, sse=413567.5/394894.3, time step reduction 1 of 3 to 0.250  0 1 1
   RMS increased, rejecting step
019: dt: 0.2500, sse=299295.5, rms=1.628 (34.047%)
020: dt: 0.2500, sse=260632.3, rms=1.110 (31.806%)
021: dt: 0.2500, sse=256529.5, rms=0.940 (15.325%)
rms = 0.9071/0.9402, sse=247878.3/256529.5, time step reduction 2 of 3 to 0.125  0 0 1
022: dt: 0.2500, sse=247878.3, rms=0.907 (3.521%)
rms = 0.8726/0.9071, sse=245885.2/247878.3, time step reduction 3 of 3 to 0.062  0 0 1
023: dt: 0.1250, sse=245885.2, rms=0.873 (3.810%)
  maximum number of reductions reached, breaking from loop
positioning took 0.3 minutes
  done positioning surface
Iteration 3 =========================================
n_averages=0, current_sigma=0.25
Computing target border values 
Entering MRIScomputeBorderValues_new(): 
  inside_hi   = 120.0000000;
  border_hi   = 111.1805340;
  border_low  =  67.0000000;
  outside_low =  56.9966960;
  outside_hi  = 111.1805340;
  sigma = 0.25;
  max_thickness = 10;
  step_size=0.5;
  STEP_SIZE=0.1;
  which = 1
  thresh = 0.5
  flags = 0
  CBVfindFirstPeakD1=0
  CBVfindFirstPeakD2=0
  nvertices=146406
  Gdiag_no=-1
  vno start=0, stop=146406
Replacing 255s with 0s
#SI# sigma=0.25 had to be increased for 106 vertices, nripped=9420
mean border=86.0, 153 (47) missing vertices, mean dist -0.0 [0.2 (%58.8)->0.2 (%41.2))]
%89 local maxima, % 5 large gradients and % 0 min vals, 0 gradients ignored
nFirstPeakD1 0
MRIScomputeBorderValues_new() finished in 0.0053 min


Finding expansion regions
mean absolute distance = 0.20 +- 0.31
3127 vertices more than 2 sigmas from mean.
Averaging target values for 5 iterations...
Positioning Surface: tspring = 0.3, nspring = 0.3, spring = 0, niters = 100 l_repulse = 5, l_surf_repulse = 0, checktol = 0
Positioning surface
Entering MRISpositionSurface()
  max_mm = 0.3
  MAX_REDUCTIONS = 2, REDUCTION_PCT = 0.5
  parms->check_tol = 0, niterations = 100
tol=1.0e-04, sigma=0.2, host= mini, nav=0, nbrs=2, l_repulse=5.000, l_tspring=0.300, l_nspring=0.300, l_intensity=0.200, l_curv=1.000
mom=0.00, dt=0.50
000: dt: 0.0000, sse=283548.7, rms=1.526
rms = 1.5505/1.5259, sse=294055.8/283548.7, time step reduction 1 of 3 to 0.250  0 1 1
   RMS increased, rejecting step
024: dt: 0.2500, sse=248242.7, rms=1.001 (34.370%)
025: dt: 0.2500, sse=234361.8, rms=0.655 (34.595%)
rms = 0.6619/0.6550, sse=234606.1/234361.8, time step reduction 2 of 3 to 0.125  0 1 1
   RMS increased, rejecting step
rms = 0.6508/0.6550, sse=234044.1/234361.8, time step reduction 3 of 3 to 0.062  0 0 1
026: dt: 0.1250, sse=234044.1, rms=0.651 (0.644%)
  maximum number of reductions reached, breaking from loop
positioning took 0.2 minutes
  done positioning surface
Removing intersections
#ET# mris_place_surface  1.27 minutes


Writing output to ../surf/lh.white
#VMPC# mris_place_surfaces VmPeak  2550620
mris_place_surface done
@#@FSTIME  2026:09:04:12:05:13 mris_place_surface N 25 e 80.06 S 0.87 U 227.76 P 285% M 1855328 F 0 R 554364 W 0 c 1771 w 2125 I 0 O 10304 L 2.81 3.65 2.99
@#@FSLOADPOST 2026:09:04:12:06:34 mris_place_surface N 25 2.36 3.42 2.97
#--------------------------------------------
#@# WhiteSurfs rh Fri Sep  4 12:06:34 CEST 2026
cd /home/ts/develop/subject1/derived/FreeSurfer/7.4.1/subjects_dir/sub-01/mri
mris_place_surface --adgws-in ../surf/autodet.gw.stats.rh.dat --seg aseg.presurf.mgz --threads 8 --wm wm.mgz --invol brain.finalsurfs.mgz --rh --i ../surf/rh.white.preaparc --o ../surf/rh.white --white --nsmooth 0 --rip-label ../label/rh.cortex.label --rip-bg --rip-surf ../surf/rh.white.preaparc --aparc ../label/rh.aparc.annot
7.4.1
7.4.1

cd /home/ts/develop/subject1/derived/FreeSurfer/7.4.1/subjects_dir/sub-01/mri
setenv SUBJECTS_DIR /home/ts/develop/subject1/derived/FreeSurfer/7.4.1/subjects_dir
mris_place_surface --adgws-in ../surf/autodet.gw.stats.rh.dat --seg aseg.presurf.mgz --threads 8 --wm wm.mgz --invol brain.finalsurfs.mgz --rh --i ../surf/rh.white.preaparc --o ../surf/rh.white --white --nsmooth 0 --rip-label ../label/rh.cortex.label --rip-bg --rip-surf ../surf/rh.white.preaparc --aparc ../label/rh.aparc.annot 

Reading in input surface ../surf/rh.white.preaparc
Not smoothing input surface
Area    298222  0.33719  0.11812 0.000649   1.6922
Corner  894666 60.00000 13.80796 0.475709 178.7266
Edge    447333  0.89282  0.19584 0.030265   2.9298
Hinge   447333  9.92585 10.49387 0.000004 179.9646
Reading in aparc ../label/rh.aparc.annot
[DEBUG] CTABreadFromBinaryV2(): ct->nentries=36, num_entries_to_read=36
Reading in input volume brain.finalsurfs.mgz
Reading in seg volume aseg.presurf.mgz
Reading in wm volume wm.mgz
MRIclipBrightWM(): nthresh=23272, wmmin=5, clip=110 
MRIfindBrightNonWM(): 44 bright non-wm voxels segmented.
Masking bright non-wm for white surface
MRImask(): AllowDiffGeom = 1
MRImask(): AllowDiffGeom = 1
Ripping frozen voxels
Ripping vertices not in label ../label/rh.cortex.label
MRISripNotLabel() ripped 9171/149113 vertices (139942 unripped)
Reading in ripping surface ../surf/rh.white.preaparc
Reading in aparc ../label/rh.aparc.annot for ripsurf
[DEBUG] CTABreadFromBinaryV2(): ct->nentries=36, num_entries_to_read=36
Ripping BG
MRISripBasalGanglia(): 1 -2 2 0.5 ripped 499
Ripping segs (eg, WMSA, BG, frozen)
Starting MRISripSegs() d = (-2 2 0.5) segnos: 247 
MRISripSegs(): -2 2 0.5 ripped 0
vertex 74557: xyz = (47.3372,-19.8316,15.4232) oxyz = (47.3372,-19.8316,15.4232) wxzy = (47.3372,-19.8316,15.4232) pxyz = (0,0,0) 
CBVO Creating mask 149113
n_averages 4
Iteration 0 =========================================
n_averages=4, current_sigma=2
Computing target border values 
Entering MRIScomputeBorderValues_new(): 
  inside_hi   = 120.0000000;
  border_hi   = 111.1805340;
  border_low  =  69.0000000;
  outside_low =  58.9966960;
  outside_hi  = 111.1805340;
  sigma = 2;
  max_thickness = 10;
  step_size=0.5;
  STEP_SIZE=0.1;
  which = 1
  thresh = 0.5
  flags = 0
  CBVfindFirstPeakD1=0
  CBVfindFirstPeakD2=0
  nvertices=149113
  Gdiag_no=-1
  vno start=0, stop=149113
Replacing 255s with 0s
#SI# sigma=2 had to be increased for 98 vertices, nripped=9670
mean border=80.3, 24 (24) missing vertices, mean dist 0.4 [1.2 (%11.0)->0.6 (%89.0))]
%61 local maxima, %33 large gradients and % 0 min vals, 0 gradients ignored
nFirstPeakD1 0
MRIScomputeBorderValues_new() finished in 0.0184 min


Finding expansion regions
mean absolute distance = 0.69 +- 0.90
2545 vertices more than 2 sigmas from mean.
Averaging target values for 5 iterations...
Positioning Surface: tspring = 0.3, nspring = 0.3, spring = 0, niters = 100 l_repulse = 5, l_surf_repulse = 0, checktol = 0
Positioning surface
Entering MRISpositionSurface()
  max_mm = 0.3
  MAX_REDUCTIONS = 2, REDUCTION_PCT = 0.5
  parms->check_tol = 0, niterations = 100
tol=1.0e-04, sigma=2.0, host= mini, nav=4, nbrs=2, l_repulse=5.000, l_tspring=0.300, l_nspring=0.300, l_intensity=0.200, l_curv=1.000
mom=0.00, dt=0.50
complete_dist_mat 0
rms 0
smooth_averages 0
remove_neg 0
ico_order 0
which_surface 0
target_radius 0.000000
nfields 0
scale 0.000000
desired_rms_height 0.000000
momentum 0.000000
nbhd_size 0
max_nbrs 0
niterations 100
nsurfaces 0
SURFACES 3
flags 0 (0)
use curv 0
no sulc 0
no rigid align 0
mris->nsize 2
mris->hemisphere 1
randomSeed 0

000: dt: 0.0000, sse=2222153.5, rms=8.493
001: dt: 0.5000, sse=930808.2, rms=5.093 (40.033%)
002: dt: 0.5000, sse=538985.3, rms=3.448 (32.306%)
003: dt: 0.5000, sse=449732.6, rms=2.945 (14.593%)
004: dt: 0.5000, sse=403287.6, rms=2.640 (10.341%)
rms = 2.6953/2.6402, sse=412495.4/403287.6, time step reduction 1 of 3 to 0.250  0 1 1
   RMS increased, rejecting step
005: dt: 0.2500, sse=307840.8, rms=1.866 (29.308%)
006: dt: 0.2500, sse=270417.6, rms=1.452 (22.228%)
007: dt: 0.2500, sse=260324.5, rms=1.311 (9.688%)
008: dt: 0.2500, sse=256768.1, rms=1.254 (4.345%)
rms = 1.2153/1.2540, sse=254712.9/256768.1, time step reduction 2 of 3 to 0.125  0 0 1
009: dt: 0.2500, sse=254712.9, rms=1.215 (3.084%)
rms = 1.1888/1.2153, sse=253223.4/254712.9, time step reduction 3 of 3 to 0.062  0 0 1
010: dt: 0.1250, sse=253223.4, rms=1.189 (2.182%)
  maximum number of reductions reached, breaking from loop
positioning took 0.5 minutes
  done positioning surface
Iteration 1 =========================================
n_averages=2, current_sigma=1
Computing target border values 
Entering MRIScomputeBorderValues_new(): 
  inside_hi   = 120.0000000;
  border_hi   = 111.1805340;
  border_low  =  69.0000000;
  outside_low =  58.9966960;
  outside_hi  = 111.1805340;
  sigma = 1;
  max_thickness = 10;
  step_size=0.5;
  STEP_SIZE=0.1;
  which = 1
  thresh = 0.5
  flags = 0
  CBVfindFirstPeakD1=0
  CBVfindFirstPeakD2=0
  nvertices=149113
  Gdiag_no=-1
  vno start=0, stop=149113
Replacing 255s with 0s
#SI# sigma=1 had to be increased for 79 vertices, nripped=9670
mean border=83.3, 30 (3) missing vertices, mean dist -0.2 [0.4 (%72.3)->0.2 (%27.7))]
%72 local maxima, %21 large gradients and % 0 min vals, 0 gradients ignored
nFirstPeakD1 0
MRIScomputeBorderValues_new() finished in 0.0134 min


Finding expansion regions
mean absolute distance = 0.37 +- 0.63
2993 vertices more than 2 sigmas from mean.
Averaging target values for 5 iterations...
Positioning Surface: tspring = 0.3, nspring = 0.3, spring = 0, niters = 100 l_repulse = 5, l_surf_repulse = 0, checktol = 0
Positioning surface
Entering MRISpositionSurface()
  max_mm = 0.3
  MAX_REDUCTIONS = 2, REDUCTION_PCT = 0.5
  parms->check_tol = 0, niterations = 100
tol=1.0e-04, sigma=1.0, host= mini, nav=2, nbrs=2, l_repulse=5.000, l_tspring=0.300, l_nspring=0.300, l_intensity=0.200, l_curv=1.000
mom=0.00, dt=0.50
000: dt: 0.0000, sse=767675.6, rms=4.375
011: dt: 0.5000, sse=443422.8, rms=2.746 (37.223%)
012: dt: 0.5000, sse=409609.5, rms=2.523 (8.144%)
rms = 2.4782/2.5226, sse=402912.5/409609.5, time step reduction 1 of 3 to 0.250  0 0 1
013: dt: 0.5000, sse=402912.5, rms=2.478 (1.762%)
014: dt: 0.2500, sse=281958.0, rms=1.317 (46.873%)
015: dt: 0.2500, sse=266138.8, rms=1.065 (19.087%)
rms = 1.0224/1.0653, sse=264841.8/266138.8, time step reduction 2 of 3 to 0.125  0 0 1
016: dt: 0.2500, sse=264841.8, rms=1.022 (4.025%)
rms = 0.9877/1.0224, sse=263304.8/264841.8, time step reduction 3 of 3 to 0.062  0 0 1
017: dt: 0.1250, sse=263304.8, rms=0.988 (3.400%)
  maximum number of reductions reached, breaking from loop
positioning took 0.3 minutes
  done positioning surface
Iteration 2 =========================================
n_averages=1, current_sigma=0.5
Computing target border values 
Entering MRIScomputeBorderValues_new(): 
  inside_hi   = 120.0000000;
  border_hi   = 111.1805340;
  border_low  =  69.0000000;
  outside_low =  58.9966960;
  outside_hi  = 111.1805340;
  sigma = 0.5;
  max_thickness = 10;
  step_size=0.5;
  STEP_SIZE=0.1;
  which = 1
  thresh = 0.5
  flags = 0
  CBVfindFirstPeakD1=0
  CBVfindFirstPeakD2=0
  nvertices=149113
  Gdiag_no=-1
  vno start=0, stop=149113
Replacing 255s with 0s
#SI# sigma=0.5 had to be increased for 64 vertices, nripped=9670
mean border=86.1, 38 (1) missing vertices, mean dist -0.2 [0.3 (%75.9)->0.2 (%24.1))]
%84 local maxima, %10 large gradients and % 0 min vals, 0 gradients ignored
nFirstPeakD1 0
MRIScomputeBorderValues_new() finished in 0.0077 min


Finding expansion regions
mean absolute distance = 0.28 +- 0.41
3809 vertices more than 2 sigmas from mean.
Averaging target values for 5 iterations...
Positioning Surface: tspring = 0.3, nspring = 0.3, spring = 0, niters = 100 l_repulse = 5, l_surf_repulse = 0, checktol = 0
Positioning surface
Entering MRISpositionSurface()
  max_mm = 0.3
  MAX_REDUCTIONS = 2, REDUCTION_PCT = 0.5
  parms->check_tol = 0, niterations = 100
tol=1.0e-04, sigma=0.5, host= mini, nav=1, nbrs=2, l_repulse=5.000, l_tspring=0.300, l_nspring=0.300, l_intensity=0.200, l_curv=1.000
mom=0.00, dt=0.50
000: dt: 0.0000, sse=601533.8, rms=3.666
018: dt: 0.5000, sse=387687.0, rms=2.384 (34.968%)
rms = 2.4546/2.3840, sse=395132.4/387687.0, time step reduction 1 of 3 to 0.250  0 1 1
   RMS increased, rejecting step
019: dt: 0.2500, sse=304642.8, rms=1.656 (30.544%)
020: dt: 0.2500, sse=263881.9, rms=1.134 (31.490%)
021: dt: 0.2500, sse=253493.2, rms=0.955 (15.817%)
rms = 0.9074/0.9550, sse=251000.7/253493.2, time step reduction 2 of 3 to 0.125  0 0 1
022: dt: 0.2500, sse=251000.7, rms=0.907 (4.981%)
rms = 0.8758/0.9074, sse=249288.6/251000.7, time step reduction 3 of 3 to 0.062  0 0 1
023: dt: 0.1250, sse=249288.6, rms=0.876 (3.483%)
  maximum number of reductions reached, breaking from loop
positioning took 0.3 minutes
  done positioning surface
Iteration 3 =========================================
n_averages=0, current_sigma=0.25
Computing target border values 
Entering MRIScomputeBorderValues_new(): 
  inside_hi   = 120.0000000;
  border_hi   = 111.1805340;
  border_low  =  69.0000000;
  outside_low =  58.9966960;
  outside_hi  = 111.1805340;
  sigma = 0.25;
  max_thickness = 10;
  step_size=0.5;
  STEP_SIZE=0.1;
  which = 1
  thresh = 0.5
  flags = 0
  CBVfindFirstPeakD1=0
  CBVfindFirstPeakD2=0
  nvertices=149113
  Gdiag_no=-1
  vno start=0, stop=149113
Replacing 255s with 0s
#SI# sigma=0.25 had to be increased for 76 vertices, nripped=9670
mean border=87.1, 60 (1) missing vertices, mean dist -0.1 [0.2 (%59.8)->0.2 (%40.2))]
%88 local maxima, % 6 large gradients and % 0 min vals, 0 gradients ignored
nFirstPeakD1 0
MRIScomputeBorderValues_new() finished in 0.0052 min


Finding expansion regions
mean absolute distance = 0.21 +- 0.31
3415 vertices more than 2 sigmas from mean.
Averaging target values for 5 iterations...
Positioning Surface: tspring = 0.3, nspring = 0.3, spring = 0, niters = 100 l_repulse = 5, l_surf_repulse = 0, checktol = 0
Positioning surface
Entering MRISpositionSurface()
  max_mm = 0.3
  MAX_REDUCTIONS = 2, REDUCTION_PCT = 0.5
  parms->check_tol = 0, niterations = 100
tol=1.0e-04, sigma=0.2, host= mini, nav=0, nbrs=2, l_repulse=5.000, l_tspring=0.300, l_nspring=0.300, l_intensity=0.200, l_curv=1.000
mom=0.00, dt=0.50
000: dt: 0.0000, sse=288287.1, rms=1.542
rms = 1.4417/1.5425, sse=289777.0/288287.1, time step reduction 1 of 3 to 0.250  0 1 0
024: dt: 0.5000, sse=289777.0, rms=1.442 (6.537%)
025: dt: 0.2500, sse=247610.0, rms=0.854 (40.740%)
026: dt: 0.2500, sse=239209.7, rms=0.705 (17.422%)
rms = 0.7288/0.7055, sse=239034.7/239209.7, time step reduction 2 of 3 to 0.125  0 0 1
   RMS increased, rejecting step
rms = 0.6892/0.7055, sse=238328.6/239209.7, time step reduction 3 of 3 to 0.062  0 0 1
027: dt: 0.1250, sse=238328.6, rms=0.689 (2.305%)
  maximum number of reductions reached, breaking from loop
positioning took 0.2 minutes
  done positioning surface
Removing intersections
#ET# mris_place_surface  1.25 minutes


Writing output to ../surf/rh.white
#VMPC# mris_place_surfaces VmPeak  2541072
mris_place_surface done
@#@FSTIME  2026:09:04:12:06:34 mris_place_surface N 25 e 79.08 S 0.84 U 227.71 P 289% M 1847152 F 0 R 512072 W 0 c 1708 w 2022 I 0 O 10488 L 2.36 3.42 2.97
@#@FSLOADPOST 2026:09:04:12:07:53 mris_place_surface N 25 3.33 3.59 3.07
#--------------------------------------------
#@# T1PialSurf lh Fri Sep  4 12:07:53 CEST 2026
cd /home/ts/develop/subject1/derived/FreeSurfer/7.4.1/subjects_dir/sub-01/mri
mris_place_surface --adgws-in ../surf/autodet.gw.stats.lh.dat --seg aseg.presurf.mgz --threads 8 --wm wm.mgz --invol brain.finalsurfs.mgz --lh --i ../surf/lh.white --o ../surf/lh.pial.T1 --pial --nsmooth 0 --rip-label ../label/lh.cortex+hipamyg.label --pin-medial-wall ../label/lh.cortex.label --aparc ../label/lh.aparc.annot --repulse-surf ../surf/lh.white --white-surf ../surf/lh.white
7.4.1
7.4.1

cd /home/ts/develop/subject1/derived/FreeSurfer/7.4.1/subjects_dir/sub-01/mri
setenv SUBJECTS_DIR /home/ts/develop/subject1/derived/FreeSurfer/7.4.1/subjects_dir
mris_place_surface --adgws-in ../surf/autodet.gw.stats.lh.dat --seg aseg.presurf.mgz --threads 8 --wm wm.mgz --invol brain.finalsurfs.mgz --lh --i ../surf/lh.white --o ../surf/lh.pial.T1 --pial --nsmooth 0 --rip-label ../label/lh.cortex+hipamyg.label --pin-medial-wall ../label/lh.cortex.label --aparc ../label/lh.aparc.annot --repulse-surf ../surf/lh.white --white-surf ../surf/lh.white 

Reading in input surface ../surf/lh.white
Not smoothing input surface
Area    292808  0.34430  0.14137 0.000135   2.4329
Corner  878424 60.00000 15.98767 0.154541 178.5555
Edge    439212  0.90532  0.23065 0.016635   3.5822
Hinge   439212 10.21280 11.20100 0.000117 179.9218
Reading white surface coordinates from ../surf/lh.white
Reading repulsion surface coordinates from ../surf/lh.white
Reading in aparc ../label/lh.aparc.annot
[DEBUG] CTABreadFromBinaryV2(): ct->nentries=36, num_entries_to_read=36
Reading in input volume brain.finalsurfs.mgz
Reading in seg volume aseg.presurf.mgz
Reading in wm volume wm.mgz
MRIclipBrightWM(): nthresh=23272, wmmin=5, clip=110 
MRIfindBrightNonWM(): 44 bright non-wm voxels segmented.
Masking bright non-wm for pial surface mid_gray = 65.9048
MRImask(): AllowDiffGeom = 1
MRImask(): AllowDiffGeom = 1
MRImask(): AllowDiffGeom = 1
Ripping frozen voxels
Ripping vertices not in label ../label/lh.cortex+hipamyg.label
MRISripNotLabel() ripped 6677/146406 vertices (139729 unripped)
INFO: rip surface needed but not specified, so using input surface
Ripping segs (eg, WMSA, BG, frozen)
Starting MRISripSegs() d = (-2 2 0.5) segnos: 247 
MRISripSegs(): -2 2 0.5 ripped 0
vertex 73203: xyz = (-36.1181,-20.7461,22.9789) oxyz = (-36.1181,-20.7461,22.9789) wxzy = (-36.1181,-20.7461,22.9789) pxyz = (-36.1181,-20.7461,22.9789) 
CBVO Creating mask 146406
n_averages 16
Iteration 0 =========================================
n_averages=16, current_sigma=2
Computing target border values 
Entering MRIScomputeBorderValues_new(): 
  inside_hi   =  94.8194660;
  border_hi   =  56.9966960;
  border_low  =  36.9900860;
  outside_low =  10.0000000;
  outside_hi  =  51.9950450;
  sigma = 2;
  max_thickness = 10;
  step_size=0.5;
  STEP_SIZE=0.1;
  which = 2
  thresh = 0.5
  flags = 0
  CBVfindFirstPeakD1=0
  CBVfindFirstPeakD2=0
  nvertices=146406
  Gdiag_no=-1
  vno start=0, stop=146406
Replacing 255s with 0s
#SI# sigma=2 had to be increased for 190 vertices, nripped=6677
mean border=55.1, 216 (216) missing vertices, mean dist 1.8 [1.1 (%0.1)->2.7 (%99.9))]
%15 local maxima, %48 large gradients and %32 min vals, 0 gradients ignored
nFirstPeakD1 0
MRIScomputeBorderValues_new() finished in 0.0155 min


Averaging target values for 5 iterations...
Positioning Surface: tspring = 0.3, nspring = 0.3, spring = 0, niters = 100 l_repulse = 0, l_surf_repulse = 5, checktol = 0
Positioning surface
Entering MRISpositionSurface()
  max_mm = 0.3
  MAX_REDUCTIONS = 2, REDUCTION_PCT = 0.5
  parms->check_tol = 0, niterations = 100
tol=1.0e-04, sigma=2.0, host= mini, nav=16, nbrs=2, l_surf_repulse=5.000, l_tspring=0.300, l_nspring=0.300, l_intensity=0.200, l_curv=1.000
mom=0.00, dt=0.50
complete_dist_mat 0
rms 0
smooth_averages 0
remove_neg 0
ico_order 0
which_surface 0
target_radius 0.000000
nfields 0
scale 0.000000
desired_rms_height 0.000000
momentum 0.000000
nbhd_size 0
max_nbrs 0
niterations 100
nsurfaces 0
SURFACES 3
flags 0 (0)
use curv 0
no sulc 0
no rigid align 0
mris->nsize 2
mris->hemisphere 0
randomSeed 0

000: dt: 0.0000, sse=27651988.0, rms=31.357
001: dt: 0.5000, sse=19388628.0, rms=26.212 (16.407%)
002: dt: 0.5000, sse=13497997.0, rms=21.815 (16.774%)
003: dt: 0.5000, sse=9642075.0, rms=18.374 (15.773%)
004: dt: 0.5000, sse=7197086.5, rms=15.808 (13.969%)
005: dt: 0.5000, sse=5534056.5, rms=13.790 (12.765%)
006: dt: 0.5000, sse=4277943.5, rms=12.042 (12.673%)
007: dt: 0.5000, sse=3255255.5, rms=10.404 (13.607%)
008: dt: 0.5000, sse=2419127.2, rms=8.840 (15.031%)
009: dt: 0.5000, sse=1774933.6, rms=7.412 (16.148%)
010: dt: 0.5000, sse=1323968.4, rms=6.219 (16.094%)
011: dt: 0.5000, sse=1042859.7, rms=5.341 (14.121%)
012: dt: 0.5000, sse=882505.9, rms=4.766 (10.763%)
013: dt: 0.5000, sse=787455.4, rms=4.389 (7.922%)
014: dt: 0.5000, sse=731838.2, rms=4.150 (5.445%)
015: dt: 0.5000, sse=697162.8, rms=3.992 (3.802%)
016: dt: 0.5000, sse=672890.5, rms=3.877 (2.882%)
017: dt: 0.5000, sse=657542.7, rms=3.801 (1.955%)
018: dt: 0.5000, sse=645717.8, rms=3.741 (1.577%)
rms = 3.7017/3.7413, sse=638321.3/645717.7, time step reduction 1 of 3 to 0.250  0 0 1
019: dt: 0.5000, sse=638321.3, rms=3.702 (1.059%)
020: dt: 0.2500, sse=493167.1, rms=2.885 (22.052%)
021: dt: 0.2500, sse=463066.4, rms=2.688 (6.834%)
rms = 2.6402/2.6882, sse=456292.2/463066.4, time step reduction 2 of 3 to 0.125  0 0 1
022: dt: 0.2500, sse=456292.2, rms=2.640 (1.786%)
023: dt: 0.1250, sse=446319.6, rms=2.568 (2.730%)
rms = 2.5528/2.5681, sse=444257.9/446319.6, time step reduction 3 of 3 to 0.062  0 0 1
024: dt: 0.1250, sse=444257.9, rms=2.553 (0.594%)
  maximum number of reductions reached, breaking from loop
positioning took 0.8 minutes
  done positioning surface
Iteration 1 =========================================
n_averages=8, current_sigma=1
Computing target border values 
Entering MRIScomputeBorderValues_new(): 
  inside_hi   =  94.8194660;
  border_hi   =  56.9966960;
  border_low  =  36.9900860;
  outside_low =  10.0000000;
  outside_hi  =  51.9950450;
  sigma = 1;
  max_thickness = 10;
  step_size=0.5;
  STEP_SIZE=0.1;
  which = 2
  thresh = 0.5
  flags = 0
  CBVfindFirstPeakD1=0
  CBVfindFirstPeakD2=0
  nvertices=146406
  Gdiag_no=-1
  vno start=0, stop=146406
Replacing 255s with 0s
#SI# sigma=1 had to be increased for 9019 vertices, nripped=6677
mean border=53.6, 1255 (90) missing vertices, mean dist 0.1 [0.1 (%49.0)->0.5 (%51.0))]
%29 local maxima, %39 large gradients and %27 min vals, 0 gradients ignored
nFirstPeakD1 0
MRIScomputeBorderValues_new() finished in 0.0047 min


Averaging target values for 5 iterations...
Positioning Surface: tspring = 0.3, nspring = 0.3, spring = 0, niters = 100 l_repulse = 0, l_surf_repulse = 5, checktol = 0
Positioning surface
Entering MRISpositionSurface()
  max_mm = 0.3
  MAX_REDUCTIONS = 2, REDUCTION_PCT = 0.5
  parms->check_tol = 0, niterations = 100
tol=1.0e-04, sigma=1.0, host= mini, nav=8, nbrs=2, l_surf_repulse=5.000, l_tspring=0.300, l_nspring=0.300, l_intensity=0.200, l_curv=1.000
mom=0.00, dt=0.50
000: dt: 0.0000, sse=658885.6, rms=3.523
025: dt: 0.5000, sse=599192.9, rms=3.202 (9.114%)
rms = 3.3430/3.2023, sse=620980.8/599192.9, time step reduction 1 of 3 to 0.250  0 1 1
   RMS increased, rejecting step
026: dt: 0.2500, sse=520428.8, rms=2.723 (14.957%)
027: dt: 0.2500, sse=490715.1, rms=2.523 (7.363%)
028: dt: 0.2500, sse=482077.8, rms=2.460 (2.489%)
rms = 2.4396/2.4601, sse=479180.6/482077.8, time step reduction 2 of 3 to 0.125  0 0 1
029: dt: 0.2500, sse=479180.6, rms=2.440 (0.831%)
030: dt: 0.1250, sse=471149.9, rms=2.377 (2.568%)
rms = 2.3638/2.3770, sse=469453.5/471149.9, time step reduction 3 of 3 to 0.062  0 0 1
031: dt: 0.1250, sse=469453.5, rms=2.364 (0.552%)
  maximum number of reductions reached, breaking from loop
positioning took 0.2 minutes
  done positioning surface
Iteration 2 =========================================
n_averages=4, current_sigma=0.5
Computing target border values 
Entering MRIScomputeBorderValues_new(): 
  inside_hi   =  94.8194660;
  border_hi   =  56.9966960;
  border_low  =  36.9900860;
  outside_low =  10.0000000;
  outside_hi  =  51.9950450;
  sigma = 0.5;
  max_thickness = 10;
  step_size=0.5;
  STEP_SIZE=0.1;
  which = 2
  thresh = 0.5
  flags = 0
  CBVfindFirstPeakD1=0
  CBVfindFirstPeakD2=0
  nvertices=146406
  Gdiag_no=-1
  vno start=0, stop=146406
Replacing 255s with 0s
#SI# sigma=0.5 had to be increased for 9958 vertices, nripped=6677
mean border=52.6, 1519 (63) missing vertices, mean dist 0.1 [0.1 (%44.5)->0.3 (%55.5))]
%44 local maxima, %24 large gradients and %27 min vals, 0 gradients ignored
nFirstPeakD1 0
MRIScomputeBorderValues_new() finished in 0.0028 min


Averaging target values for 5 iterations...
Positioning Surface: tspring = 0.3, nspring = 0.3, spring = 0, niters = 100 l_repulse = 0, l_surf_repulse = 5, checktol = 0
Positioning surface
Entering MRISpositionSurface()
  max_mm = 0.3
  MAX_REDUCTIONS = 2, REDUCTION_PCT = 0.5
  parms->check_tol = 0, niterations = 100
tol=1.0e-04, sigma=0.5, host= mini, nav=4, nbrs=2, l_surf_repulse=5.000, l_tspring=0.300, l_nspring=0.300, l_intensity=0.200, l_curv=1.000
mom=0.00, dt=0.50
000: dt: 0.0000, sse=559849.5, rms=2.943
rms = 3.1716/2.9428, sse=599230.8/559849.5, time step reduction 1 of 3 to 0.250  0 1 1
   RMS increased, rejecting step
032: dt: 0.2500, sse=508455.0, rms=2.608 (11.387%)
033: dt: 0.2500, sse=485474.4, rms=2.443 (6.298%)
rms = 2.4035/2.4435, sse=479666.6/485474.4, time step reduction 2 of 3 to 0.125  0 0 1
034: dt: 0.2500, sse=479666.6, rms=2.403 (1.636%)
035: dt: 0.1250, sse=471980.7, rms=2.344 (2.489%)
rms = 2.3330/2.3437, sse=470500.0/471980.6, time step reduction 3 of 3 to 0.062  0 0 1
036: dt: 0.1250, sse=470500.0, rms=2.333 (0.454%)
  maximum number of reductions reached, breaking from loop
positioning took 0.2 minutes
  done positioning surface
Iteration 3 =========================================
n_averages=2, current_sigma=0.25
Computing target border values 
Entering MRIScomputeBorderValues_new(): 
  inside_hi   =  94.8194660;
  border_hi   =  56.9966960;
  border_low  =  36.9900860;
  outside_low =  10.0000000;
  outside_hi  =  51.9950450;
  sigma = 0.25;
  max_thickness = 10;
  step_size=0.5;
  STEP_SIZE=0.1;
  which = 2
  thresh = 0.5
  flags = 0
  CBVfindFirstPeakD1=0
  CBVfindFirstPeakD2=0
  nvertices=146406
  Gdiag_no=-1
  vno start=0, stop=146406
Replacing 255s with 0s
#SI# sigma=0.25 had to be increased for 8541 vertices, nripped=6677
mean border=51.8, 3481 (55) missing vertices, mean dist 0.1 [0.2 (%46.5)->0.3 (%53.5))]
%49 local maxima, %18 large gradients and %26 min vals, 0 gradients ignored
nFirstPeakD1 0
MRIScomputeBorderValues_new() finished in 0.0020 min


Averaging target values for 5 iterations...
Positioning Surface: tspring = 0.3, nspring = 0.3, spring = 0, niters = 100 l_repulse = 0, l_surf_repulse = 5, checktol = 0
Positioning surface
Entering MRISpositionSurface()
  max_mm = 0.3
  MAX_REDUCTIONS = 2, REDUCTION_PCT = 0.5
  parms->check_tol = 0, niterations = 100
tol=1.0e-04, sigma=0.2, host= mini, nav=2, nbrs=2, l_surf_repulse=5.000, l_tspring=0.300, l_nspring=0.300, l_intensity=0.200, l_curv=1.000
mom=0.00, dt=0.50
000: dt: 0.0000, sse=499830.9, rms=2.546
rms = 2.8689/2.5457, sse=547608.8/499830.9, time step reduction 1 of 3 to 0.250  0 1 1
   RMS increased, rejecting step
037: dt: 0.2500, sse=479748.9, rms=2.399 (5.780%)
038: dt: 0.2500, sse=472310.2, rms=2.346 (2.187%)
rms = 2.3287/2.3461, sse=469530.8/472310.2, time step reduction 2 of 3 to 0.125  0 0 1
039: dt: 0.2500, sse=469530.8, rms=2.329 (0.742%)
040: dt: 0.1250, sse=462051.0, rms=2.270 (2.541%)
rms = 2.2555/2.2695, sse=460056.2/462051.0, time step reduction 3 of 3 to 0.062  0 0 1
041: dt: 0.1250, sse=460056.2, rms=2.256 (0.617%)
  maximum number of reductions reached, breaking from loop
positioning took 0.2 minutes
  done positioning surface
Pinning medial wall to white surface
Removing intersections
removing intersecting faces
000: 34 intersecting
terminating search with 0 intersecting
#ET# mris_place_surface  1.50 minutes


Writing output to ../surf/lh.pial.T1
#VMPC# mris_place_surfaces VmPeak  1890584
mris_place_surface done
@#@FSTIME  2026:09:04:12:07:53 mris_place_surface N 28 e 93.46 S 0.60 U 285.88 P 306% M 1177296 F 0 R 332125 W 0 c 2213 w 2366 I 0 O 10304 L 3.33 3.59 3.07
@#@FSLOADPOST 2026:09:04:12:09:26 mris_place_surface N 28 2.55 3.28 3.01
#--------------------------------------------
#@# T1PialSurf rh Fri Sep  4 12:09:26 CEST 2026
cd /home/ts/develop/subject1/derived/FreeSurfer/7.4.1/subjects_dir/sub-01/mri
mris_place_surface --adgws-in ../surf/autodet.gw.stats.rh.dat --seg aseg.presurf.mgz --threads 8 --wm wm.mgz --invol brain.finalsurfs.mgz --rh --i ../surf/rh.white --o ../surf/rh.pial.T1 --pial --nsmooth 0 --rip-label ../label/rh.cortex+hipamyg.label --pin-medial-wall ../label/rh.cortex.label --aparc ../label/rh.aparc.annot --repulse-surf ../surf/rh.white --white-surf ../surf/rh.white
7.4.1
7.4.1

cd /home/ts/develop/subject1/derived/FreeSurfer/7.4.1/subjects_dir/sub-01/mri
setenv SUBJECTS_DIR /home/ts/develop/subject1/derived/FreeSurfer/7.4.1/subjects_dir
mris_place_surface --adgws-in ../surf/autodet.gw.stats.rh.dat --seg aseg.presurf.mgz --threads 8 --wm wm.mgz --invol brain.finalsurfs.mgz --rh --i ../surf/rh.white --o ../surf/rh.pial.T1 --pial --nsmooth 0 --rip-label ../label/rh.cortex+hipamyg.label --pin-medial-wall ../label/rh.cortex.label --aparc ../label/rh.aparc.annot --repulse-surf ../surf/rh.white --white-surf ../surf/rh.white 

Reading in input surface ../surf/rh.white
Not smoothing input surface
Area    298222  0.34062  0.13514 0.000649   1.8418
Corner  894666 60.00000 15.63135 0.165714 179.5414
Edge    447333  0.89940  0.21969 0.029545   3.1668
Hinge   447333 10.19189 10.90020 0.000015 179.9340
Reading white surface coordinates from ../surf/rh.white
Reading repulsion surface coordinates from ../surf/rh.white
Reading in aparc ../label/rh.aparc.annot
[DEBUG] CTABreadFromBinaryV2(): ct->nentries=36, num_entries_to_read=36
Reading in input volume brain.finalsurfs.mgz
Reading in seg volume aseg.presurf.mgz
Reading in wm volume wm.mgz
MRIclipBrightWM(): nthresh=23272, wmmin=5, clip=110 
MRIfindBrightNonWM(): 44 bright non-wm voxels segmented.
Masking bright non-wm for pial surface mid_gray = 66.9048
MRImask(): AllowDiffGeom = 1
MRImask(): AllowDiffGeom = 1
MRImask(): AllowDiffGeom = 1
Ripping frozen voxels
Ripping vertices not in label ../label/rh.cortex+hipamyg.label
MRISripNotLabel() ripped 6595/149113 vertices (142518 unripped)
INFO: rip surface needed but not specified, so using input surface
Ripping segs (eg, WMSA, BG, frozen)
Starting MRISripSegs() d = (-2 2 0.5) segnos: 247 
MRISripSegs(): -2 2 0.5 ripped 0
vertex 74557: xyz = (47.362,-19.839,15.3149) oxyz = (47.362,-19.839,15.3149) wxzy = (47.362,-19.839,15.3149) pxyz = (47.362,-19.839,15.3149) 
CBVO Creating mask 149113
n_averages 16
Iteration 0 =========================================
n_averages=16, current_sigma=2
Computing target border values 
Entering MRIScomputeBorderValues_new(): 
  inside_hi   =  94.8194660;
  border_hi   =  58.9966960;
  border_low  =  38.9900860;
  outside_low =  10.0000000;
  outside_hi  =  53.9950450;
  sigma = 2;
  max_thickness = 10;
  step_size=0.5;
  STEP_SIZE=0.1;
  which = 2
  thresh = 0.5
  flags = 0
  CBVfindFirstPeakD1=0
  CBVfindFirstPeakD2=0
  nvertices=149113
  Gdiag_no=-1
  vno start=0, stop=149113
Replacing 255s with 0s
#SI# sigma=2 had to be increased for 141 vertices, nripped=6595
mean border=57.1, 68 (68) missing vertices, mean dist 1.8 [0.0 (%0.0)->2.7 (%100.0))]
%15 local maxima, %48 large gradients and %32 min vals, 0 gradients ignored
nFirstPeakD1 0
MRIScomputeBorderValues_new() finished in 0.0159 min


Averaging target values for 5 iterations...
Positioning Surface: tspring = 0.3, nspring = 0.3, spring = 0, niters = 100 l_repulse = 0, l_surf_repulse = 5, checktol = 0
Positioning surface
Entering MRISpositionSurface()
  max_mm = 0.3
  MAX_REDUCTIONS = 2, REDUCTION_PCT = 0.5
  parms->check_tol = 0, niterations = 100
tol=1.0e-04, sigma=2.0, host= mini, nav=16, nbrs=2, l_surf_repulse=5.000, l_tspring=0.300, l_nspring=0.300, l_intensity=0.200, l_curv=1.000
mom=0.00, dt=0.50
complete_dist_mat 0
rms 0
smooth_averages 0
remove_neg 0
ico_order 0
which_surface 0
target_radius 0.000000
nfields 0
scale 0.000000
desired_rms_height 0.000000
momentum 0.000000
nbhd_size 0
max_nbrs 0
niterations 100
nsurfaces 0
SURFACES 3
flags 0 (0)
use curv 0
no sulc 0
no rigid align 0
mris->nsize 2
mris->hemisphere 1
randomSeed 0

000: dt: 0.0000, sse=27042260.0, rms=30.685
001: dt: 0.5000, sse=19168000.0, rms=25.791 (15.950%)
002: dt: 0.5000, sse=13513862.0, rms=21.602 (16.241%)
003: dt: 0.5000, sse=9758800.0, rms=18.297 (15.302%)
004: dt: 0.5000, sse=7335790.5, rms=15.799 (13.649%)
005: dt: 0.5000, sse=5659964.0, rms=13.809 (12.599%)
006: dt: 0.5000, sse=4368608.5, rms=12.051 (12.728%)
007: dt: 0.5000, sse=3314469.8, rms=10.397 (13.723%)
008: dt: 0.5000, sse=2457578.8, rms=8.826 (15.111%)
009: dt: 0.5000, sse=1802889.1, rms=7.403 (16.128%)
010: dt: 0.5000, sse=1343095.9, rms=6.209 (16.124%)
011: dt: 0.5000, sse=1057006.4, rms=5.331 (14.139%)
012: dt: 0.5000, sse=884699.5, rms=4.722 (11.424%)
013: dt: 0.5000, sse=788590.4, rms=4.344 (8.011%)
014: dt: 0.5000, sse=727849.4, rms=4.084 (5.975%)
015: dt: 0.5000, sse=692231.9, rms=3.923 (3.948%)
016: dt: 0.5000, sse=667358.1, rms=3.804 (3.028%)
017: dt: 0.5000, sse=651695.9, rms=3.727 (2.029%)
018: dt: 0.5000, sse=639031.9, rms=3.662 (1.743%)
rms = 3.6182/3.6622, sse=630633.2/639031.9, time step reduction 1 of 3 to 0.250  0 0 1
019: dt: 0.5000, sse=630633.2, rms=3.618 (1.203%)
020: dt: 0.2500, sse=489458.6, rms=2.823 (21.982%)
021: dt: 0.2500, sse=460292.1, rms=2.631 (6.782%)
rms = 2.5834/2.6314, sse=453576.4/460292.1, time step reduction 2 of 3 to 0.125  0 0 1
022: dt: 0.2500, sse=453576.4, rms=2.583 (1.822%)
023: dt: 0.1250, sse=443289.4, rms=2.509 (2.889%)
rms = 2.4955/2.5088, sse=441530.9/443289.4, time step reduction 3 of 3 to 0.062  0 0 1
024: dt: 0.1250, sse=441530.9, rms=2.495 (0.529%)
  maximum number of reductions reached, breaking from loop
positioning took 0.8 minutes
  done positioning surface
Iteration 1 =========================================
n_averages=8, current_sigma=1
Computing target border values 
Entering MRIScomputeBorderValues_new(): 
  inside_hi   =  94.8194660;
  border_hi   =  58.9966960;
  border_low  =  38.9900860;
  outside_low =  10.0000000;
  outside_hi  =  53.9950450;
  sigma = 1;
  max_thickness = 10;
  step_size=0.5;
  STEP_SIZE=0.1;
  which = 2
  thresh = 0.5
  flags = 0
  CBVfindFirstPeakD1=0
  CBVfindFirstPeakD2=0
  nvertices=149113
  Gdiag_no=-1
  vno start=0, stop=149113
Replacing 255s with 0s
#SI# sigma=1 had to be increased for 9260 vertices, nripped=6595
mean border=55.7, 1276 (3) missing vertices, mean dist 0.1 [0.1 (%48.7)->0.5 (%51.3))]
%29 local maxima, %39 large gradients and %27 min vals, 0 gradients ignored
nFirstPeakD1 0
MRIScomputeBorderValues_new() finished in 0.0057 min


Averaging target values for 5 iterations...
Positioning Surface: tspring = 0.3, nspring = 0.3, spring = 0, niters = 100 l_repulse = 0, l_surf_repulse = 5, checktol = 0
Positioning surface
Entering MRISpositionSurface()
  max_mm = 0.3
  MAX_REDUCTIONS = 2, REDUCTION_PCT = 0.5
  parms->check_tol = 0, niterations = 100
tol=1.0e-04, sigma=1.0, host= mini, nav=8, nbrs=2, l_surf_repulse=5.000, l_tspring=0.300, l_nspring=0.300, l_intensity=0.200, l_curv=1.000
mom=0.00, dt=0.50
000: dt: 0.0000, sse=667079.2, rms=3.514
025: dt: 0.5000, sse=597931.4, rms=3.146 (10.464%)
rms = 3.3064/3.1461, sse=624032.3/597931.5, time step reduction 1 of 3 to 0.250  0 1 1
   RMS increased, rejecting step
026: dt: 0.2500, sse=524162.0, rms=2.700 (14.186%)
027: dt: 0.2500, sse=495559.2, rms=2.508 (7.100%)
028: dt: 0.2500, sse=487457.7, rms=2.450 (2.323%)
rms = 2.4196/2.4499, sse=483222.9/487457.7, time step reduction 2 of 3 to 0.125  0 0 1
029: dt: 0.2500, sse=483222.9, rms=2.420 (1.235%)
030: dt: 0.1250, sse=475334.0, rms=2.359 (2.521%)
rms = 2.3450/2.3586, sse=473514.8/475334.0, time step reduction 3 of 3 to 0.062  0 0 1
031: dt: 0.1250, sse=473514.8, rms=2.345 (0.579%)
  maximum number of reductions reached, breaking from loop
positioning took 0.3 minutes
  done positioning surface
Iteration 2 =========================================
n_averages=4, current_sigma=0.5
Computing target border values 
Entering MRIScomputeBorderValues_new(): 
  inside_hi   =  94.8194660;
  border_hi   =  58.9966960;
  border_low  =  38.9900860;
  outside_low =  10.0000000;
  outside_hi  =  53.9950450;
  sigma = 0.5;
  max_thickness = 10;
  step_size=0.5;
  STEP_SIZE=0.1;
  which = 2
  thresh = 0.5
  flags = 0
  CBVfindFirstPeakD1=0
  CBVfindFirstPeakD2=0
  nvertices=149113
  Gdiag_no=-1
  vno start=0, stop=149113
Replacing 255s with 0s
#SI# sigma=0.5 had to be increased for 10178 vertices, nripped=6595
mean border=54.7, 1474 (2) missing vertices, mean dist 0.1 [0.1 (%44.2)->0.3 (%55.8))]
%43 local maxima, %24 large gradients and %27 min vals, 0 gradients ignored
nFirstPeakD1 0
MRIScomputeBorderValues_new() finished in 0.0032 min


Averaging target values for 5 iterations...
Positioning Surface: tspring = 0.3, nspring = 0.3, spring = 0, niters = 100 l_repulse = 0, l_surf_repulse = 5, checktol = 0
Positioning surface
Entering MRISpositionSurface()
  max_mm = 0.3
  MAX_REDUCTIONS = 2, REDUCTION_PCT = 0.5
  parms->check_tol = 0, niterations = 100
tol=1.0e-04, sigma=0.5, host= mini, nav=4, nbrs=2, l_surf_repulse=5.000, l_tspring=0.300, l_nspring=0.300, l_intensity=0.200, l_curv=1.000
mom=0.00, dt=0.50
000: dt: 0.0000, sse=557413.8, rms=2.878
rms = 3.0949/2.8779, sse=594597.0/557413.8, time step reduction 1 of 3 to 0.250  0 1 1
   RMS increased, rejecting step
032: dt: 0.2500, sse=507237.5, rms=2.550 (11.392%)
033: dt: 0.2500, sse=484803.2, rms=2.390 (6.291%)
rms = 2.3459/2.3897, sse=478557.3/484803.2, time step reduction 2 of 3 to 0.125  0 0 1
034: dt: 0.2500, sse=478557.3, rms=2.346 (1.831%)
035: dt: 0.1250, sse=471820.1, rms=2.293 (2.262%)
rms = 2.2813/2.2928, sse=470242.7/471820.1, time step reduction 3 of 3 to 0.062  0 0 1
036: dt: 0.1250, sse=470242.7, rms=2.281 (0.503%)
  maximum number of reductions reached, breaking from loop
positioning took 0.2 minutes
  done positioning surface
Iteration 3 =========================================
n_averages=2, current_sigma=0.25
Computing target border values 
Entering MRIScomputeBorderValues_new(): 
  inside_hi   =  94.8194660;
  border_hi   =  58.9966960;
  border_low  =  38.9900860;
  outside_low =  10.0000000;
  outside_hi  =  53.9950450;
  sigma = 0.25;
  max_thickness = 10;
  step_size=0.5;
  STEP_SIZE=0.1;
  which = 2
  thresh = 0.5
  flags = 0
  CBVfindFirstPeakD1=0
  CBVfindFirstPeakD2=0
  nvertices=149113
  Gdiag_no=-1
  vno start=0, stop=149113
Replacing 255s with 0s
#SI# sigma=0.25 had to be increased for 8853 vertices, nripped=6595
mean border=54.0, 3405 (2) missing vertices, mean dist 0.1 [0.2 (%46.1)->0.3 (%53.9))]
%49 local maxima, %18 large gradients and %26 min vals, 0 gradients ignored
nFirstPeakD1 0
MRIScomputeBorderValues_new() finished in 0.0022 min


Averaging target values for 5 iterations...
Positioning Surface: tspring = 0.3, nspring = 0.3, spring = 0, niters = 100 l_repulse = 0, l_surf_repulse = 5, checktol = 0
Positioning surface
Entering MRISpositionSurface()
  max_mm = 0.3
  MAX_REDUCTIONS = 2, REDUCTION_PCT = 0.5
  parms->check_tol = 0, niterations = 100
tol=1.0e-04, sigma=0.2, host= mini, nav=2, nbrs=2, l_surf_repulse=5.000, l_tspring=0.300, l_nspring=0.300, l_intensity=0.200, l_curv=1.000
mom=0.00, dt=0.50
000: dt: 0.0000, sse=499819.6, rms=2.498
rms = 2.7542/2.4979, sse=537169.2/499819.6, time step reduction 1 of 3 to 0.250  0 1 1
   RMS increased, rejecting step
037: dt: 0.2500, sse=479663.7, rms=2.350 (5.916%)
038: dt: 0.2500, sse=470367.6, rms=2.283 (2.838%)
rms = 2.2557/2.2834, sse=466250.7/470367.6, time step reduction 2 of 3 to 0.125  0 0 1
039: dt: 0.2500, sse=466250.7, rms=2.256 (1.212%)
040: dt: 0.1250, sse=459813.9, rms=2.204 (2.299%)
rms = 2.1910/2.2039, sse=457982.8/459813.9, time step reduction 3 of 3 to 0.062  0 0 1
041: dt: 0.1250, sse=457982.8, rms=2.191 (0.584%)
  maximum number of reductions reached, breaking from loop
positioning took 0.2 minutes
  done positioning surface
Pinning medial wall to white surface
Removing intersections
removing intersecting faces
000: 12 intersecting
terminating search with 0 intersecting
#ET# mris_place_surface  1.53 minutes


Writing output to ../surf/rh.pial.T1
#VMPC# mris_place_surfaces VmPeak  1897492
mris_place_surface done
@#@FSTIME  2026:09:04:12:09:26 mris_place_surface N 28 e 95.66 S 0.57 U 308.17 P 322% M 1185084 F 0 R 334302 W 0 c 2260 w 2418 I 0 O 10488 L 2.55 3.28 3.01
@#@FSLOADPOST 2026:09:04:12:11:02 mris_place_surface N 28 3.28 3.28 3.03
#--------------------------------------------
#@# Refine Pial Surfs w/ T2/FLAIR Fri Sep  4 12:11:02 CEST 2026

 bbregister --s sub-01 --mov /home/ts/develop/subject1/derived/FreeSurfer/7.4.1/subjects_dir/sub-01/mri/orig/T2raw.mgz --lta /home/ts/develop/subject1/derived/FreeSurfer/7.4.1/subjects_dir/sub-01/mri/transforms/T2raw.auto.lta --init-coreg --T2 --gm-proj-abs 2 --wm-proj-abs 1 --no-coreg-ref-mask 

tmp /home/ts/develop/subject1/derived/FreeSurfer/7.4.1/subjects_dir/sub-01/mri/transforms/tmp.bbregister.107518
Log file is /home/ts/develop/subject1/derived/FreeSurfer/7.4.1/subjects_dir/sub-01/mri/transforms/T2raw.auto.log
Fri Sep  4 12:11:02 CEST 2026

setenv SUBJECTS_DIR /home/ts/develop/subject1/derived/FreeSurfer/7.4.1/subjects_dir
cd /home/ts/develop/subject1/derived/FreeSurfer/7.4.1/subjects_dir/sub-01/scripts
/home/ts/software/freesurfer/freesurfer7.4.1/bin/bbregister --s sub-01 --mov /home/ts/develop/subject1/derived/FreeSurfer/7.4.1/subjects_dir/sub-01/mri/orig/T2raw.mgz --lta /home/ts/develop/subject1/derived/FreeSurfer/7.4.1/subjects_dir/sub-01/mri/transforms/T2raw.auto.lta --init-coreg --T2 --gm-proj-abs 2 --wm-proj-abs 1 --no-coreg-ref-mask

bbregister 7.4.1
Linux mini 7.0.0-30-generic #30~24.04.1-Ubuntu SMP PREEMPT_DYNAMIC Fri Aug  7 13:27:52 UTC 2 x86_64 x86_64 x86_64 GNU/Linux
FREESURFER_HOME /home/ts/software/freesurfer/freesurfer7.4.1
mri_convert /home/ts/develop/subject1/derived/FreeSurfer/7.4.1/subjects_dir/sub-01/mri/orig/T2raw.mgz /home/ts/develop/subject1/derived/FreeSurfer/7.4.1/subjects_dir/sub-01/mri/transforms/tmp.bbregister.107518/template.nii
mri_convert /home/ts/develop/subject1/derived/FreeSurfer/7.4.1/subjects_dir/sub-01/mri/orig/T2raw.mgz /home/ts/develop/subject1/derived/FreeSurfer/7.4.1/subjects_dir/sub-01/mri/transforms/tmp.bbregister.107518/template.nii 
reading from /home/ts/develop/subject1/derived/FreeSurfer/7.4.1/subjects_dir/sub-01/mri/orig/T2raw.mgz...
TR=3200.00, TE=300.00, TI=-1.00, flip angle=120.00
i_ras = (0.0104717, -0.999945, 0)
j_ras = (-0, -0, -1)
k_ras = (-0.999945, -0.0104717, -0)
writing to /home/ts/develop/subject1/derived/FreeSurfer/7.4.1/subjects_dir/sub-01/mri/transforms/tmp.bbregister.107518/template.nii...
mri_coreg --s sub-01 --mov /home/ts/develop/subject1/derived/FreeSurfer/7.4.1/subjects_dir/sub-01/mri/transforms/tmp.bbregister.107518/template.nii --regdat /home/ts/develop/subject1/derived/FreeSurfer/7.4.1/subjects_dir/sub-01/mri/transforms/tmp.bbregister.107518/reg.init.dat --reg /home/ts/develop/subject1/derived/FreeSurfer/7.4.1/subjects_dir/sub-01/mri/transforms/tmp.bbregister.107518/mri_coreg.lta --nthreads 8 --dof 6 --sep 4 --ftol .0001 --linmintol .01 --no-ref-mask

$Id: mri_coreg.c,v 1.27 2016/04/30 15:11:49 greve Exp $
cwd /home/ts/develop/subject1/derived/FreeSurfer/7.4.1/subjects_dir/sub-01/scripts
cmdline mri_coreg --s sub-01 --mov /home/ts/develop/subject1/derived/FreeSurfer/7.4.1/subjects_dir/sub-01/mri/transforms/tmp.bbregister.107518/template.nii --regdat /home/ts/develop/subject1/derived/FreeSurfer/7.4.1/subjects_dir/sub-01/mri/transforms/tmp.bbregister.107518/reg.init.dat --reg /home/ts/develop/subject1/derived/FreeSurfer/7.4.1/subjects_dir/sub-01/mri/transforms/tmp.bbregister.107518/mri_coreg.lta --nthreads 8 --dof 6 --sep 4 --ftol .0001 --linmintol .01 --no-ref-mask 
sysname  Linux
hostname mini
machine  x86_64
user     ts
dof    6
nsep    1
cras0    1
ftol    0.000100
linmintol    0.010000
bf       1
bflim    30.000000
bfnsamp    30
SmoothRef 0
SatPct    99.990000
MovOOB 0
optschema 1
Seed 53
Reading in mov /home/ts/develop/subject1/derived/FreeSurfer/7.4.1/subjects_dir/sub-01/mri/transforms/tmp.bbregister.107518/template.nii
Reading in ref /home/ts/develop/subject1/derived/FreeSurfer/7.4.1/subjects_dir/sub-01/mri/brainmask.mgz
Setting cras translation parameters to align volume centers
Init matrix params -0.0053  1.0052  0.0000  0.0000  0.0000  0.0000  1.0000  1.0000  1.0000  0.0000  0.0000  0.0000 
Initial Matrix (RAS2RAS)
 1.00000   0.00000   0.00000   0.00529;
 0.00000   1.00000   0.00000  -1.00519;
 0.00000   0.00000   1.00000   0.00000;
 0.00000   0.00000   0.00000   1.00000;
Initial parameters to be opt -0.0053  1.0052  0.0000  0.0000  0.0000  0.0000 
Creating random numbers for coordinate dithering
Performing intensity dithering
Performing intensity dithering on mov with computed dither
Separation list (1):  4   min = 4
DoSmoothing 1
DoCoordDither 1
DoIntensityDither 1
nitersmax 4
ftol 1.000e-04
linmintol 1.000e-02
SatPct 99.990000
Hist FWHM 7.000000 7.000000
nthreads 8
movsat = 585.0000
mov gstd 1.8914 1.8914 1.8914
Smoothing mov
refsat = 116.0000
ref gstd 1.8914 1.8914 1.8914
Smoothing ref
COREGpreproc() done
Testing if mov and target overlap
Init cost   -1.0440266552
nhits = 194859 out of 16777216, Percent Overlap:  74.3
Initial  RefRAS-to-MovRAS
 1.00000   0.00000   0.00000  -0.00529;
 0.00000   1.00000   0.00000   1.00519;
 0.00000   0.00000   1.00000   0.00000;
 0.00000   0.00000   0.00000   1.00000;
Initial  RefVox-to-MovVox
-0.01047   0.00000  -0.99995   256.32816;
 0.00000   1.00000   0.00000   0.00000;
 0.99995   0.00000  -0.01047  -30.65787;
 0.00000   0.00000   0.00000   1.00000;
sep = 4 -----------------------------------
COREGoptBruteForce() 30 1 30
Turning on MovOOB for BruteForce Search
#BF# sep= 4 iter=0 lim=30.0 delta=2.00  -0.00529   1.00519   0.00000   2.00000   0.00000   0.00000   -1.0400731
Turning  MovOOB back off after brute force search


---------------------------------
Init Powel Params dof = 6: -0.005287 1.005188 0.000000 2.000000 0.000000 0.000000 
Starting OpenPowel2(), sep = 4
InitialCost        -1.0443627834 
#@#  4  188  -0.00529 1.00519 0.00000 2.00000 0.00000 0.00000   -1.0443628
fs_powell::minimize
  nparams 6
  maxfev 4
  ftol   0.000100
  linmin_xtol_   0.010000
  powell nthiter 0: fret = -1.044363
#@#  4  193  -0.62332 1.00519 0.00000 2.00000 0.00000 0.00000   -1.0446560
#@#  4  195  -0.53386 1.00519 0.00000 2.00000 0.00000 0.00000   -1.0446666
#@#  4  203  -0.54386 0.38715 0.00000 2.00000 0.00000 0.00000   -1.0451306
#@#  4  205  -0.54386 0.24830 0.00000 2.00000 0.00000 0.00000   -1.0451483
#@#  4  216  -0.54386 0.24830 -0.02190 2.00000 0.00000 0.00000   -1.0451487
#@#  4  220  -0.54386 0.24830 -0.02190 0.38197 0.00000 0.00000   -1.0451730
#@#  4  221  -0.54386 0.24830 -0.02190 1.17809 0.00000 0.00000   -1.0456905
#@#  4  225  -0.54386 0.24830 -0.02190 1.16699 0.00000 0.00000   -1.0456913
#@#  4  226  -0.54386 0.24830 -0.02190 1.14179 0.00000 0.00000   -1.0456914
#@#  4  234  -0.54386 0.24830 -0.02190 1.15179 -0.61803 0.00000   -1.0461543
#@#  4  236  -0.54386 0.24830 -0.02190 1.15179 -0.76322 0.00000   -1.0461733
#@#  4  238  -0.54386 0.24830 -0.02190 1.15179 -0.75322 0.00000   -1.0461736
#@#  4  245  -0.54386 0.24830 -0.02190 1.15179 -0.75322 -0.61803   -1.0465366
#@#  4  247  -0.54386 0.24830 -0.02190 1.15179 -0.75322 -0.56486   -1.0465392
#@#  4  248  -0.54386 0.24830 -0.02190 1.15179 -0.75322 -0.57486   -1.0465394
  powell nthiter 1: fret = -1.046539
#@#  4  257  -0.40031 0.24830 -0.02190 1.15179 -0.75322 -0.57486   -1.0465863
#@#  4  266  -0.40031 0.29675 -0.02190 1.15179 -0.75322 -0.57486   -1.0465908
#@#  4  267  -0.40031 0.30675 -0.02190 1.15179 -0.75322 -0.57486   -1.0465913
#@#  4  277  -0.40031 0.31675 -0.12439 1.15179 -0.75322 -0.57486   -1.0466217
#@#  4  279  -0.40031 0.31675 -0.14118 1.15179 -0.75322 -0.57486   -1.0466223
#@#  4  287  -0.40031 0.31675 -0.14118 1.13084 -0.75322 -0.57486   -1.0466231
#@#  4  288  -0.40031 0.31675 -0.14118 1.12084 -0.75322 -0.57486   -1.0466235
#@#  4  299  -0.40031 0.31675 -0.14118 1.12084 -0.65030 -0.57486   -1.0466369
#@#  4  300  -0.40031 0.31675 -0.14118 1.12084 -0.64030 -0.57486   -1.0466380
#@#  4  310  -0.40031 0.31675 -0.14118 1.12084 -0.64030 -0.62283   -1.0466427
#@#  4  311  -0.40031 0.31675 -0.14118 1.12084 -0.64030 -0.64159   -1.0466429
Powell done niters total = 1
OptTimeSec  2.6 sec
OptTimeMin  0.04 min
nEvals 312
Final optimized parameters  -0.40030506   0.31675488  -0.14117721   1.12083638  -0.64030463  -0.64159405 
Final matrix parameters -0.4003  0.3168 -0.1412  1.1208 -0.6403 -0.6516  1.0000  1.0000  1.0000  0.0000  0.0000  0.0000 
Final cost   -1.046642878044670
 

---------------------------------
Final  RefRAS-to-MovRAS
 0.99987  -0.01120  -0.01118  -0.40031;
 0.01141   0.99974   0.01956   0.31675;
 0.01095  -0.01968   0.99975  -0.14118;
 0.00000   0.00000   0.00000   1.00000;
Final  RefVox-to-MovVox
 0.00094   0.01968  -0.99981   253.98703;
 0.01095   0.99975   0.01968  -3.17677;
 0.99994  -0.01097   0.00073  -30.49181;
 0.00000   0.00000   0.00000   1.00000;
Final matrix parameters -0.4003  0.3168 -0.1412  1.1208 -0.6403 -0.6416  0.0000  0.0000  0.0000  0.0000  0.0000  0.0000 
Final opt parameters -0.4003  0.3168 -0.1412  1.1208 -0.6403 -0.6416 
nhits = 192617 out of 16777216, Percent Overlap:  73.5
mri_coreg RunTimeSec 18.0 sec
To check run:
   tkregisterfv --mov /home/ts/develop/subject1/derived/FreeSurfer/7.4.1/subjects_dir/sub-01/mri/transforms/tmp.bbregister.107518/template.nii --targ /home/ts/develop/subject1/derived/FreeSurfer/7.4.1/subjects_dir/sub-01/mri/brainmask.mgz --reg /home/ts/develop/subject1/derived/FreeSurfer/7.4.1/subjects_dir/sub-01/mri/transforms/tmp.bbregister.107518/mri_coreg.lta --s sub-01 --surfs 

mri_coreg done

mri_segreg --mov /home/ts/develop/subject1/derived/FreeSurfer/7.4.1/subjects_dir/sub-01/mri/transforms/tmp.bbregister.107518/template.nii --init-reg /home/ts/develop/subject1/derived/FreeSurfer/7.4.1/subjects_dir/sub-01/mri/transforms/tmp.bbregister.107518/reg.init.dat --out-reg /home/ts/develop/subject1/derived/FreeSurfer/7.4.1/subjects_dir/sub-01/mri/transforms/tmp.bbregister.107518/bbr.pass1.dat --subsamp-brute 100 --subsamp 100 --tol 1e-4 --tol1d 1e-3 --brute -4 4 4 --surf white --gm-proj-abs 2 --gm-gt-wm 0.5
7.4.1
setenv SUBJECTS_DIR /home/ts/develop/subject1/derived/FreeSurfer/7.4.1/subjects_dir
cd /home/ts/develop/subject1/derived/FreeSurfer/7.4.1/subjects_dir/sub-01/scripts
mri_segreg --mov /home/ts/develop/subject1/derived/FreeSurfer/7.4.1/subjects_dir/sub-01/mri/transforms/tmp.bbregister.107518/template.nii --init-reg /home/ts/develop/subject1/derived/FreeSurfer/7.4.1/subjects_dir/sub-01/mri/transforms/tmp.bbregister.107518/reg.init.dat --out-reg /home/ts/develop/subject1/derived/FreeSurfer/7.4.1/subjects_dir/sub-01/mri/transforms/tmp.bbregister.107518/bbr.pass1.dat --subsamp-brute 100 --subsamp 100 --tol 1e-4 --tol1d 1e-3 --brute -4 4 4 --surf white --gm-proj-abs 2 --gm-gt-wm 0.5 
sysname  Linux
hostname mini
machine  x86_64
user     ts
movvol /home/ts/develop/subject1/derived/FreeSurfer/7.4.1/subjects_dir/sub-01/mri/transforms/tmp.bbregister.107518/template.nii
regfile /home/ts/develop/subject1/derived/FreeSurfer/7.4.1/subjects_dir/sub-01/mri/transforms/tmp.bbregister.107518/reg.init.dat
subject sub-01
dof 6
outregfile /home/ts/develop/subject1/derived/FreeSurfer/7.4.1/subjects_dir/sub-01/mri/transforms/tmp.bbregister.107518/bbr.pass1.dat
UseMask 0
UseLH 1
UseRH 1
nsubsamp 100
PenaltySign  -1
PenaltySlope 0.500000
PenaltyCenter 0.000000
surfname white
GMProjAbs 2.000000
WMProjAbs 2.000000
lhcostfile (null)
rhcostfile (null)
interp  trilinear (1)
frame  0
TolPowell 0.000100
nMaxItersPowell 36
n1dmin  3
Profile   0
Gdiag_no  -1
AddNoise  0 (0)
SynthSeed 1789149750
TransRandMax 0.000000
RotRandMax 0.000000
Translations 0.000000 0.000000 0.000000
Rotations   0.000000 0.000000 0.000000
Input reg
 0.00094   0.99981   0.01968  -0.65112;
-0.99994   0.00073   0.01097   0.18940;
 0.01095  -0.01968   0.99975  -0.71242;
 0.00000   0.00000   0.00000   1.00000;

Loading mov
ExcludeZeroVoxels 1
Reading in targ vol /home/ts/develop/subject1/derived/FreeSurfer/7.4.1/subjects_dir/sub-01/mri/orig.mgz
Projecting LH Surfs
Loading lh.white surf
GM Proj: 0 0.500000 2.000000
WM Proj: 0 0.500000 2.000000
Projecting RH Surfs
Loading rh.white surf
Projecting RH Surfs
Using lh.cortex.label
Using rh.cortex.label
Computing relative cost
 0  -25.0 -25.0 -25.0   0.978447
 1  -25.0 -25.0  25.0   1.039730
 2  -25.0  25.0 -25.0   0.994253
 3  -25.0  25.0  25.0   0.985062
 4   25.0 -25.0 -25.0   0.985256
 5   25.0 -25.0  25.0   1.012820
 6   25.0  25.0 -25.0   0.975892
 7   25.0  25.0  25.0   1.033067
REL:  8  0.055807    8.004527  1.000566 rel = 0.0557751 
Initial costs ----------------
Number of surface hits 2796
WM  Intensity   112.7480 +/-  23.1557
Ctx Intensity   189.3882 +/-  47.7794
Pct Contrast     48.6382 +/-  27.0227
Cost   0.0558
RelCost   0.0558

------------------------------------
Brute force preopt -4 4 4, n = 729
     0  -4.0000  -4.0000  -4.0000  -4.0000  -4.0000  -4.0000      0.9638   0.9638  0.0
     1  -4.0000  -4.0000  -4.0000  -4.0000  -4.0000   0.0000      0.9250   0.9250  0.0
     5  -4.0000  -4.0000  -4.0000  -4.0000   0.0000   4.0000      0.8824   0.8824  0.0
     7  -4.0000  -4.0000  -4.0000  -4.0000   4.0000   0.0000      0.7958   0.7958  0.0
    15  -4.0000  -4.0000  -4.0000   0.0000   4.0000  -4.0000      0.7906   0.7906  0.0
    34  -4.0000  -4.0000   0.0000  -4.0000   4.0000   0.0000      0.7788   0.7788  0.0
    39  -4.0000  -4.0000   0.0000   0.0000   0.0000  -4.0000      0.7585   0.7585  0.0
    97  -4.0000   0.0000  -4.0000   0.0000   4.0000   0.0000      0.6110   0.6110  0.0
   274   0.0000  -4.0000   0.0000  -4.0000   0.0000   0.0000      0.5502   0.5502  0.0
   364   0.0000   0.0000   0.0000   0.0000   0.0000   0.0000      0.0558   0.0558  0.0
Brute Force --------------------------
Min cost was 0.055807
Number of iterations   729
Search time 0.628839 sec
Parameters at best (transmm, rotdeg)
  0.000   0.000   0.000  0.000  0.000  0.000 
--------------------------------------------

Starting Powell Minimization
Init Powel Params dof = 6
0 0
1 0
2 0
3 0
4 0
5 0
fs_powell::minimize
  nparams 6
  maxfev 36
  ftol   0.000100
  linmin_xtol_   0.001000
  powell nthiter 0: fret = 0.055807
   7 -0.099  0.000  0.000  0.000  0.000  0.000   0.0551028396
   8 -0.141  0.000  0.000  0.000  0.000  0.000   0.0543678110
  12 -0.134  0.000  0.000  0.000  0.000  0.000   0.0543494364
  13 -0.135  0.000  0.000  0.000  0.000  0.000   0.0543479376
  25 -0.135 -0.034  0.000  0.000  0.000  0.000   0.0543091125
  26 -0.135 -0.022  0.000  0.000  0.000  0.000   0.0542542869
  27 -0.135 -0.019  0.000  0.000  0.000  0.000   0.0542509489
  28 -0.135 -0.016  0.000  0.000  0.000  0.000   0.0542501776
  30 -0.135 -0.017  0.000  0.000  0.000  0.000   0.0542499184
  38 -0.135 -0.017 -0.026  0.000  0.000  0.000   0.0538042982
  40 -0.135 -0.017 -0.071  0.000  0.000  0.000   0.0531653852
  42 -0.135 -0.017 -0.078  0.000  0.000  0.000   0.0530898071
  44 -0.135 -0.017 -0.087  0.000  0.000  0.000   0.0530711569
  45 -0.135 -0.017 -0.086  0.000  0.000  0.000   0.0530703164
  46 -0.135 -0.017 -0.085  0.000  0.000  0.000   0.0530701709
  54 -0.135 -0.017 -0.085  0.013  0.000  0.000   0.0526362516
  57 -0.135 -0.017 -0.085  0.025  0.000  0.000   0.0523862358
  59 -0.135 -0.017 -0.085  0.030  0.000  0.000   0.0523666057
  84 -0.135 -0.017 -0.085  0.030  0.000 -0.003   0.0523494308
  86 -0.135 -0.017 -0.085  0.030  0.000 -0.011   0.0523381971
  87 -0.135 -0.017 -0.085  0.030  0.000 -0.009   0.0523365299
  powell nthiter 1: fret = 0.052337
  99 -0.133 -0.017 -0.085  0.030  0.000 -0.009   0.0523204882
 100 -0.131 -0.017 -0.085  0.030  0.000 -0.009   0.0523148883
 113 -0.131 -0.006 -0.085  0.030  0.000 -0.009   0.0521012794
 114 -0.131  0.011 -0.085  0.030  0.000 -0.009   0.0520462890
 115 -0.131  0.006 -0.085  0.030  0.000 -0.009   0.0520291465
 128 -0.131  0.006 -0.090  0.030  0.000 -0.009   0.0520100937
 129 -0.131  0.006 -0.089  0.030  0.000 -0.009   0.0520092096
 140 -0.131  0.006 -0.089  0.039  0.000 -0.009   0.0518949044
 141 -0.131  0.006 -0.089  0.041  0.000 -0.009   0.0518935383
 153 -0.131  0.006 -0.089  0.041 -0.002 -0.009   0.0518511799
 154 -0.131  0.006 -0.089  0.041 -0.005 -0.009   0.0518448664
 156 -0.131  0.006 -0.089  0.041 -0.004 -0.009   0.0518434416
 166 -0.131  0.006 -0.089  0.041 -0.004 -0.003   0.0518286911
 168 -0.131  0.006 -0.089  0.041 -0.004 -0.004   0.0518267792
 170 -0.127  0.029 -0.093  0.051 -0.008  0.000   0.0515279089
 173 -0.120  0.067 -0.100  0.069 -0.014  0.008   0.0509773838
 176 -0.116  0.090 -0.104  0.080 -0.018  0.012   0.0507431686
 178 -0.115  0.093 -0.105  0.081 -0.018  0.013   0.0507385780
 179 -0.115  0.093 -0.105  0.082 -0.018  0.013   0.0507384835
 180 -0.115  0.093 -0.105  0.082 -0.019  0.013   0.0507384576
  powell nthiter 2: fret = 0.050738
 197 -0.095  0.093 -0.105  0.082 -0.019  0.013   0.0503789547
 198 -0.094  0.093 -0.105  0.082 -0.019  0.013   0.0503780699
 209 -0.094  0.093 -0.105  0.082 -0.019  0.019   0.0503129989
 210 -0.094  0.093 -0.105  0.082 -0.019  0.024   0.0503068895
 211 -0.094  0.093 -0.105  0.082 -0.019  0.023   0.0503053502
 225 -0.094  0.093 -0.104  0.082 -0.019  0.023   0.0503024339
 227 -0.094  0.093 -0.103  0.082 -0.019  0.023   0.0503019206
 250 -0.094  0.093 -0.103  0.082 -0.025  0.023   0.0502699446
 251 -0.094  0.093 -0.103  0.082 -0.024  0.023   0.0502663524
 252 -0.094  0.093 -0.103  0.082 -0.023  0.023   0.0502656597
 259 -0.093  0.102 -0.104  0.086 -0.024  0.024   0.0502542925
 260 -0.093  0.099 -0.104  0.084 -0.024  0.024   0.0502504457
  powell nthiter 3: fret = 0.050250
 279 -0.087  0.099 -0.104  0.084 -0.024  0.024   0.0502163552
 292 -0.087  0.099 -0.104  0.084 -0.024  0.027   0.0502070976
 308 -0.087  0.099 -0.103  0.084 -0.024  0.027   0.0502048620
 320 -0.087  0.099 -0.103  0.085 -0.024  0.027   0.0502042528
 331 -0.087  0.099 -0.103  0.085 -0.029  0.027   0.0501892792
 332 -0.087  0.099 -0.103  0.085 -0.028  0.027   0.0501855326
 333 -0.087  0.099 -0.103  0.085 -0.027  0.027   0.0501851348
 341 -0.087  0.101 -0.103  0.086 -0.027  0.027   0.0501843290
 347 -0.087  0.101 -0.103  0.086 -0.027  0.027   0.0501843084
 351 -0.087  0.101 -0.103  0.086 -0.027  0.027   0.0501841460
 352 -0.080  0.103 -0.102  0.088 -0.031  0.031   0.0501437020
 355 -0.069  0.105 -0.101  0.091 -0.036  0.036   0.0501355159
 356 -0.074  0.104 -0.101  0.090 -0.034  0.034   0.0501285629
 360 -0.074  0.104 -0.101  0.090 -0.034  0.034   0.0501283836
 362 -0.074  0.104 -0.101  0.090 -0.034  0.034   0.0501282304
  powell nthiter 4: fret = 0.050128
 375 -0.074  0.104 -0.101  0.090 -0.034  0.034   0.0501282125
 403 -0.074  0.104 -0.107  0.090 -0.034  0.034   0.0501190134
 415 -0.074  0.104 -0.107  0.088 -0.034  0.034   0.0501125258
 416 -0.074  0.104 -0.107  0.086 -0.034  0.034   0.0501116264
 427 -0.074  0.104 -0.107  0.086 -0.040  0.034   0.0500681034
 428 -0.074  0.104 -0.107  0.086 -0.041  0.034   0.0500669718
 431 -0.067  0.106 -0.106  0.088 -0.044  0.037   0.0499891321
 432 -0.057  0.109 -0.105  0.091 -0.050  0.043   0.0499574978
 433 -0.059  0.108 -0.105  0.090 -0.049  0.042   0.0499554163
 437 -0.059  0.108 -0.105  0.090 -0.049  0.042   0.0499552631
 439 -0.059  0.108 -0.105  0.090 -0.049  0.042   0.0499550096
  powell nthiter 5: fret = 0.049955
 452 -0.061  0.094 -0.103  0.084 -0.046  0.039   0.0499444875
 454 -0.060  0.100 -0.104  0.087 -0.048  0.041   0.0499262372
 458 -0.060  0.101 -0.104  0.087 -0.048  0.041   0.0499261459
 460 -0.060  0.101 -0.104  0.087 -0.048  0.041   0.0499260500
 465 -0.060  0.101 -0.104  0.087 -0.048  0.041   0.0499260391
 475 -0.060  0.101 -0.104  0.087 -0.048  0.037   0.0499186298
 489 -0.060  0.101 -0.106  0.087 -0.048  0.037   0.0499080948
 500 -0.060  0.101 -0.106  0.080 -0.048  0.037   0.0499022097
 501 -0.060  0.101 -0.106  0.083 -0.048  0.037   0.0498928366
 513 -0.060  0.101 -0.106  0.083 -0.047  0.037   0.0498927613
 520 -0.058  0.102 -0.106  0.083 -0.048  0.039   0.0498887032
 526 -0.057  0.102 -0.106  0.083 -0.048  0.039   0.0498886309
  powell nthiter 6: fret = 0.049889
 536 -0.058  0.097 -0.105  0.081 -0.047  0.038   0.0498807385
 537 -0.058  0.098 -0.105  0.081 -0.047  0.038   0.0498803747
 540 -0.058  0.098 -0.105  0.081 -0.047  0.038   0.0498803703
 541 -0.058  0.098 -0.105  0.081 -0.047  0.038   0.0498803363
 552 -0.058  0.098 -0.105  0.081 -0.047  0.037   0.0498792315
 565 -0.058  0.098 -0.106  0.081 -0.047  0.037   0.0498766102
 596 -0.057  0.098 -0.106  0.082 -0.048  0.037   0.0498764407
 599 -0.057  0.098 -0.106  0.082 -0.048  0.037   0.0498762877
 604 -0.057  0.098 -0.106  0.082 -0.048  0.037   0.0498762490
 608 -0.057  0.094 -0.106  0.080 -0.048  0.036   0.0498731979
 615 -0.057  0.095 -0.106  0.080 -0.048  0.036   0.0498729247
 616 -0.057  0.095 -0.106  0.080 -0.048  0.036   0.0498728581
  powell nthiter 7: fret = 0.049873
 651 -0.057  0.095 -0.106  0.080 -0.048  0.035   0.0498725944
 694 -0.057  0.094 -0.106  0.080 -0.048  0.035   0.0498723896
 696 -0.057  0.094 -0.106  0.080 -0.048  0.035   0.0498723175
Powell done niters = 7
Computing relative cost
 0  -25.0 -25.0 -25.0   0.978985
 1  -25.0 -25.0  25.0   1.034538
 2  -25.0  25.0 -25.0   0.999529
 3  -25.0  25.0  25.0   0.974192
 4   25.0 -25.0 -25.0   0.981792
 5   25.0 -25.0  25.0   1.016084
 6   25.0  25.0 -25.0   0.971830
 7   25.0  25.0  25.0   1.026653
REL:  8  0.049872    7.983604  0.997951 rel = 0.0499747 
Number of iterations     7
Min cost was 0.049872
Number of FunctionCalls   705
TolPowell 0.000100
nMaxItersPowell 36
OptimizationTime 0.759490 sec
Parameters at optimum (transmm) -0.05700  0.09443 -0.10579
Parameters at optimum (rotdeg)  0.08025 -0.04765  0.03520 
Final costs ----------------
Number of surface hits 2796
WM  Intensity   112.5514 +/-  22.5945
Ctx Intensity   189.5574 +/-  47.7912
Pct Contrast     48.8679 +/-  26.8408
Cost   0.0499
RelCost   0.0558
Reg at min cost was 
 0.00155   0.99982   0.01884  -0.70765;
-0.99995   0.00137   0.00958   0.28443;
 0.00955  -0.01885   0.99978  -0.81849;
 0.00000   0.00000   0.00000   1.00000;

Writing optimal reg to /home/ts/develop/subject1/derived/FreeSurfer/7.4.1/subjects_dir/sub-01/mri/transforms/tmp.bbregister.107518/bbr.pass1.dat, type = 14 
Original Reg 
 0.00094   0.99981   0.01968  -0.65112;
-0.99994   0.00073   0.01097   0.18940;
 0.01095  -0.01968   0.99975  -0.71242;
 0.00000   0.00000   0.00000   1.00000;

Original Reg - Optimal Reg
-0.00061  -0.00002   0.00084   0.05653;
 0.00001  -0.00064   0.00139  -0.09503;
 0.00140  -0.00083  -0.00003   0.10607;
 0.00000   0.00000   0.00000   0.00000;

Computing change in lh position
LH rmsDiffMean 0.160187
Computing change in rh position
Surface-RMS-Diff-mm 0.178925 0.032829 0.254894
mri_segreg done
mri_segreg --mov /home/ts/develop/subject1/derived/FreeSurfer/7.4.1/subjects_dir/sub-01/mri/transforms/tmp.bbregister.107518/template.nii --init-reg /home/ts/develop/subject1/derived/FreeSurfer/7.4.1/subjects_dir/sub-01/mri/transforms/tmp.bbregister.107518/bbr.pass1.dat --out-reg /home/ts/develop/subject1/derived/FreeSurfer/7.4.1/subjects_dir/sub-01/mri/transforms/T2raw.auto.dat --interp trilinear --wm-proj-abs 1 --tol 1e-8 --tol1d 1e-3 --c0 0 --mincost /home/ts/develop/subject1/derived/FreeSurfer/7.4.1/subjects_dir/sub-01/mri/transforms/T2raw.auto.dat.mincost --dof 6 --nmax 36 --param /home/ts/develop/subject1/derived/FreeSurfer/7.4.1/subjects_dir/sub-01/mri/transforms/T2raw.auto.dat.param --surf white --brute -0.1 0.1 0.1 --cur-reg /home/ts/develop/subject1/derived/FreeSurfer/7.4.1/subjects_dir/sub-01/mri/transforms/tmp.bbregister.107518/reg.curopt.dat --gm-proj-abs 2 --nsub 1 --gm-gt-wm 0.5
7.4.1
setenv SUBJECTS_DIR /home/ts/develop/subject1/derived/FreeSurfer/7.4.1/subjects_dir
cd /home/ts/develop/subject1/derived/FreeSurfer/7.4.1/subjects_dir/sub-01/scripts
mri_segreg --mov /home/ts/develop/subject1/derived/FreeSurfer/7.4.1/subjects_dir/sub-01/mri/transforms/tmp.bbregister.107518/template.nii --init-reg /home/ts/develop/subject1/derived/FreeSurfer/7.4.1/subjects_dir/sub-01/mri/transforms/tmp.bbregister.107518/bbr.pass1.dat --out-reg /home/ts/develop/subject1/derived/FreeSurfer/7.4.1/subjects_dir/sub-01/mri/transforms/T2raw.auto.dat --interp trilinear --wm-proj-abs 1 --tol 1e-8 --tol1d 1e-3 --c0 0 --mincost /home/ts/develop/subject1/derived/FreeSurfer/7.4.1/subjects_dir/sub-01/mri/transforms/T2raw.auto.dat.mincost --dof 6 --nmax 36 --param /home/ts/develop/subject1/derived/FreeSurfer/7.4.1/subjects_dir/sub-01/mri/transforms/T2raw.auto.dat.param --surf white --brute -0.1 0.1 0.1 --cur-reg /home/ts/develop/subject1/derived/FreeSurfer/7.4.1/subjects_dir/sub-01/mri/transforms/tmp.bbregister.107518/reg.curopt.dat --gm-proj-abs 2 --nsub 1 --gm-gt-wm 0.5 
sysname  Linux
hostname mini
machine  x86_64
user     ts
movvol /home/ts/develop/subject1/derived/FreeSurfer/7.4.1/subjects_dir/sub-01/mri/transforms/tmp.bbregister.107518/template.nii
regfile /home/ts/develop/subject1/derived/FreeSurfer/7.4.1/subjects_dir/sub-01/mri/transforms/tmp.bbregister.107518/bbr.pass1.dat
subject sub-01
dof 6
outregfile /home/ts/develop/subject1/derived/FreeSurfer/7.4.1/subjects_dir/sub-01/mri/transforms/T2raw.auto.dat
UseMask 0
UseLH 1
UseRH 1
nsubsamp 1
PenaltySign  -1
PenaltySlope 0.500000
PenaltyCenter 0.000000
surfname white
GMProjAbs 2.000000
WMProjAbs 1.000000
lhcostfile (null)
rhcostfile (null)
interp  trilinear (1)
frame  0
TolPowell 0.000000
nMaxItersPowell 36
n1dmin  3
Profile   0
Gdiag_no  -1
AddNoise  0 (0)
SynthSeed 1789356662
TransRandMax 0.000000
RotRandMax 0.000000
Translations 0.000000 0.000000 0.000000
Rotations   0.000000 0.000000 0.000000
Input reg
 0.00155   0.99982   0.01884  -0.70765;
-0.99995   0.00137   0.00958   0.28443;
 0.00955  -0.01885   0.99978  -0.81849;
 0.00000   0.00000   0.00000   1.00000;

Loading mov
ExcludeZeroVoxels 1
Reading in targ vol /home/ts/develop/subject1/derived/FreeSurfer/7.4.1/subjects_dir/sub-01/mri/orig.mgz
Projecting LH Surfs
Loading lh.white surf
GM Proj: 0 0.500000 2.000000
WM Proj: 0 0.500000 1.000000
Projecting RH Surfs
Loading rh.white surf
Projecting RH Surfs
Using lh.cortex.label
Using rh.cortex.label
Computing relative cost
 0  -25.0 -25.0 -25.0   0.989247
 1  -25.0 -25.0  25.0   1.008433
 2  -25.0  25.0 -25.0   1.020164
 3  -25.0  25.0  25.0   1.008337
 4   25.0 -25.0 -25.0   0.990456
 5   25.0 -25.0  25.0   1.004774
 6   25.0  25.0 -25.0   0.999149
 7   25.0  25.0  25.0   1.010078
REL:  8  0.038211    8.030639  1.003830 rel = 0.0380652 
Initial costs ----------------
Number of surface hits 277494
WM  Intensity   107.6074 +/-  17.3934
Ctx Intensity   190.4062 +/-  48.2605
Pct Contrast     53.0027 +/-  26.6627
Cost   0.0382
RelCost   0.0381

------------------------------------
Brute force preopt -0.1 0.1 0.1, n = 729
     0  -0.1000  -0.1000  -0.1000  -0.1000  -0.1000  -0.1000      0.0470   0.0470  0.0
    19  -0.1000  -0.1000  -0.1000   0.1000  -0.1000   0.0000      0.0467   0.0467  0.0
    20  -0.1000  -0.1000  -0.1000   0.1000  -0.1000   0.1000      0.0444   0.0444  0.0
    47  -0.1000  -0.1000   0.0000   0.1000  -0.1000   0.1000      0.0442   0.0442  0.0
    60  -0.1000  -0.1000   0.1000  -0.1000   0.1000  -0.1000      0.0442   0.0442  0.0
   111  -0.1000   0.0000   0.0000  -0.1000   0.0000  -0.1000      0.0429   0.0429  0.0
   165  -0.1000   0.1000  -0.1000  -0.1000   0.0000  -0.1000      0.0425   0.0425  0.0
   168  -0.1000   0.1000  -0.1000  -0.1000   0.1000  -0.1000      0.0424   0.0424  0.0
   192  -0.1000   0.1000   0.0000  -0.1000   0.0000  -0.1000      0.0416   0.0416  0.0
   196  -0.1000   0.1000   0.0000  -0.1000   0.1000   0.0000      0.0410   0.0410  0.0
   678   0.1000   0.1000   0.0000  -0.1000   0.0000  -0.1000      0.0409   0.0409  0.0
Brute Force --------------------------
Min cost was 0.040887
Number of iterations   729
Search time 0.606978 sec
Parameters at best (transmm, rotdeg)
  0.100   0.100   0.000 -0.100  0.000 -0.100 
--------------------------------------------

Starting Powell Minimization
Init Powel Params dof = 6
0 0.1
1 0.1
2 0
3 -0.1
4 0
5 -0.1
fs_powell::minimize
  nparams 6
  maxfev 36
  ftol   0.000000
  linmin_xtol_   0.001000
  powell nthiter 0: fret = 0.038616
   7 -0.050  0.100  0.000 -0.100  0.000 -0.100   0.0379810094
   8 -0.055  0.100  0.000 -0.100  0.000 -0.100   0.0379709567
  10 -0.081  0.100  0.000 -0.100  0.000 -0.100   0.0379439924
  11 -0.084  0.100  0.000 -0.100  0.000 -0.100   0.0379432742
  12 -0.087  0.100  0.000 -0.100  0.000 -0.100   0.0379432735
  14 -0.086  0.100  0.000 -0.100  0.000 -0.100   0.0379431673
  21 -0.086 -0.120  0.000 -0.100  0.000 -0.100   0.0372974843
  22 -0.086 -0.101  0.000 -0.100  0.000 -0.100   0.0372543077
  23 -0.086 -0.067  0.000 -0.100  0.000 -0.100   0.0372503211
  25 -0.086 -0.082  0.000 -0.100  0.000 -0.100   0.0372351356
  27 -0.086 -0.081  0.000 -0.100  0.000 -0.100   0.0372351335
  36 -0.086 -0.081  0.062 -0.100  0.000 -0.100   0.0372050637
  37 -0.086 -0.081  0.040 -0.100  0.000 -0.100   0.0371927172
  39 -0.086 -0.081  0.034 -0.100  0.000 -0.100   0.0371904187
  40 -0.086 -0.081  0.021 -0.100  0.000 -0.100   0.0371810637
  43 -0.086 -0.081  0.020 -0.100  0.000 -0.100   0.0371809638
  55 -0.086 -0.081  0.020 -0.117  0.000 -0.100   0.0371632711
  56 -0.086 -0.081  0.020 -0.116  0.000 -0.100   0.0371613256
  57 -0.086 -0.081  0.020 -0.112  0.000 -0.100   0.0371574467
  68 -0.086 -0.081  0.020 -0.112 -0.015 -0.100   0.0371328515
  69 -0.086 -0.081  0.020 -0.112 -0.014 -0.100   0.0371320702
  70 -0.086 -0.081  0.020 -0.112 -0.013 -0.100   0.0371312717
  72 -0.086 -0.081  0.020 -0.112 -0.012 -0.100   0.0371310275
  81 -0.086 -0.081  0.020 -0.112 -0.012 -0.076   0.0370906329
  82 -0.086 -0.081  0.020 -0.112 -0.012 -0.071   0.0370837236
  84 -0.086 -0.081  0.020 -0.112 -0.012 -0.069   0.0370805575
  85 -0.086 -0.081  0.020 -0.112 -0.012 -0.064   0.0370793610
  86 -0.086 -0.081  0.020 -0.112 -0.012 -0.065   0.0370787498
  powell nthiter 1: fret = 0.037079
  97 -0.101 -0.081  0.020 -0.112 -0.012 -0.065   0.0370658772
  98 -0.102 -0.081  0.020 -0.112 -0.012 -0.065   0.0370658649
 109 -0.102 -0.082  0.020 -0.112 -0.012 -0.065   0.0370656053
 110 -0.102 -0.083  0.020 -0.112 -0.012 -0.065   0.0370655228
 119 -0.102 -0.083  0.070 -0.112 -0.012 -0.065   0.0370152112
 120 -0.102 -0.083  0.062 -0.112 -0.012 -0.065   0.0370030133
 122 -0.102 -0.083  0.059 -0.112 -0.012 -0.065   0.0370026007
 123 -0.102 -0.083  0.060 -0.112 -0.012 -0.065   0.0370023827
 134 -0.102 -0.083  0.060 -0.152 -0.012 -0.065   0.0370018528
 135 -0.102 -0.083  0.060 -0.133 -0.012 -0.065   0.0370006323
 136 -0.102 -0.083  0.060 -0.134 -0.012 -0.065   0.0370001699
 137 -0.102 -0.083  0.060 -0.141 -0.012 -0.065   0.0369993033
 138 -0.102 -0.083  0.060 -0.146 -0.012 -0.065   0.0369979985
 150 -0.102 -0.083  0.060 -0.146 -0.020 -0.065   0.0369666453
 151 -0.102 -0.083  0.060 -0.146 -0.025 -0.065   0.0369561834
 153 -0.102 -0.083  0.060 -0.146 -0.024 -0.065   0.0369559915
 163 -0.102 -0.083  0.060 -0.146 -0.024 -0.056   0.0369550283
 164 -0.102 -0.083  0.060 -0.146 -0.024 -0.060   0.0369530615
  powell nthiter 2: fret = 0.036953
 177 -0.097 -0.083  0.060 -0.146 -0.024 -0.060   0.0369520731
 186 -0.097 -0.129  0.060 -0.146 -0.024 -0.060   0.0369302557
 187 -0.097 -0.119  0.060 -0.146 -0.024 -0.060   0.0369085585
 188 -0.097 -0.109  0.060 -0.146 -0.024 -0.060   0.0369069672
 189 -0.097 -0.113  0.060 -0.146 -0.024 -0.060   0.0369052766
 214 -0.097 -0.112  0.060 -0.145 -0.024 -0.060   0.0369048886
 215 -0.097 -0.112  0.060 -0.143 -0.024 -0.060   0.0369047937
 227 -0.097 -0.112  0.060 -0.143 -0.031 -0.060   0.0368977335
 229 -0.097 -0.112  0.060 -0.143 -0.029 -0.060   0.0368959440
 240 -0.097 -0.112  0.060 -0.143 -0.029 -0.062   0.0368932097
 241 -0.097 -0.112  0.060 -0.143 -0.029 -0.063   0.0368931313
  powell nthiter 3: fret = 0.036893
 254 -0.099 -0.112  0.060 -0.143 -0.029 -0.063   0.0368924257
 255 -0.100 -0.112  0.060 -0.143 -0.029 -0.063   0.0368923775
 265 -0.100 -0.113  0.060 -0.143 -0.029 -0.063   0.0368911208
 267 -0.100 -0.114  0.060 -0.143 -0.029 -0.063   0.0368908461
 275 -0.100 -0.114  0.063 -0.143 -0.029 -0.063   0.0368872097
 276 -0.100 -0.114  0.068 -0.143 -0.029 -0.063   0.0368866226
 278 -0.100 -0.114  0.066 -0.143 -0.029 -0.063   0.0368861809
 305 -0.100 -0.114  0.066 -0.143 -0.030 -0.063   0.0368856557
 315 -0.100 -0.114  0.066 -0.143 -0.030 -0.067   0.0368852468
 316 -0.100 -0.114  0.066 -0.143 -0.030 -0.066   0.0368841812
  powell nthiter 4: fret = 0.036884
 329 -0.097 -0.114  0.066 -0.143 -0.030 -0.066   0.0368836057
 331 -0.098 -0.114  0.066 -0.143 -0.030 -0.066   0.0368833221
 342 -0.098 -0.117  0.066 -0.143 -0.030 -0.066   0.0368824791
 354 -0.098 -0.117  0.068 -0.143 -0.030 -0.066   0.0368823045
 369 -0.098 -0.117  0.068 -0.144 -0.030 -0.066   0.0368821614
 381 -0.098 -0.117  0.068 -0.144 -0.031 -0.066   0.0368812427
 393 -0.098 -0.117  0.068 -0.144 -0.031 -0.067   0.0368812265
 396 -0.095 -0.119  0.069 -0.145 -0.032 -0.069   0.0368798938
 401 -0.094 -0.121  0.070 -0.145 -0.033 -0.069   0.0368796424
 406 -0.094 -0.121  0.070 -0.145 -0.033 -0.069   0.0368796316
 407 -0.094 -0.121  0.070 -0.145 -0.033 -0.069   0.0368796286
 409 -0.094 -0.121  0.070 -0.145 -0.033 -0.069   0.0368796205
 412 -0.094 -0.121  0.070 -0.145 -0.033 -0.069   0.0368796171
  powell nthiter 5: fret = 0.036880
 424 -0.095 -0.121  0.070 -0.145 -0.033 -0.069   0.0368795997
 435 -0.095 -0.122  0.070 -0.145 -0.033 -0.069   0.0368794126
 447 -0.095 -0.122  0.071 -0.145 -0.033 -0.069   0.0368793882
 493 -0.095 -0.122  0.071 -0.145 -0.033 -0.069   0.0368793831
  powell nthiter 6: fret = 0.036879
 564 -0.095 -0.122  0.071 -0.145 -0.033 -0.069   0.0368793711
 571 -0.095 -0.122  0.071 -0.145 -0.033 -0.070   0.0368793611
  powell nthiter 7: fret = 0.036879
Powell done niters = 7
Computing relative cost
 0  -25.0 -25.0 -25.0   0.988431
 1  -25.0 -25.0  25.0   1.007765
 2  -25.0  25.0 -25.0   1.020184
 3  -25.0  25.0  25.0   1.007826
 4   25.0 -25.0 -25.0   0.989545
 5   25.0 -25.0  25.0   1.005490
 6   25.0  25.0 -25.0   0.997717
 7   25.0  25.0  25.0   1.008105
REL:  8  0.036879    8.025064  1.003133 rel = 0.0367642 
Number of iterations     7
Min cost was 0.036879
Number of FunctionCalls   664
TolPowell 0.000000
nMaxItersPowell 36
OptimizationTime 15.302954 sec
Parameters at optimum (transmm) -0.09450 -0.12244  0.07030
Parameters at optimum (rotdeg) -0.14545 -0.03319 -0.06964 
Final costs ----------------
Number of surface hits 277494
WM  Intensity   107.5957 +/-  17.5301
Ctx Intensity   190.6320 +/-  48.3624
Pct Contrast     53.1274 +/-  26.6553
Cost   0.0369
RelCost   0.0381
Reg at min cost was 
 0.00033   0.99983   0.01827  -0.80134;
-0.99993   0.00011   0.01210   0.16078;
 0.01209  -0.01828   0.99976  -0.74931;
 0.00000   0.00000   0.00000   1.00000;

Writing optimal reg to /home/ts/develop/subject1/derived/FreeSurfer/7.4.1/subjects_dir/sub-01/mri/transforms/T2raw.auto.dat, type = 14 
Original Reg 
 0.00155   0.99982   0.01884  -0.70765;
-0.99995   0.00137   0.00958   0.28443;
 0.00955  -0.01885   0.99978  -0.81849;
 0.00000   0.00000   0.00000   1.00000;

Original Reg - Optimal Reg
 0.00122  -0.00001   0.00056   0.09368;
-0.00003   0.00126  -0.00252   0.12365;
-0.00254  -0.00058   0.00002  -0.06917;
 0.00000   0.00000   0.00000   0.00000;

Computing change in lh position
LH rmsDiffMean 0.128657
Computing change in rh position
Surface-RMS-Diff-mm 0.175754 0.061322 0.305331
mri_segreg done
MinCost: 0.036879 107.595652 190.631964 53.127366 
tkregister2_cmdl --mov /home/ts/develop/subject1/derived/FreeSurfer/7.4.1/subjects_dir/sub-01/mri/orig/T2raw.mgz --reg /home/ts/develop/subject1/derived/FreeSurfer/7.4.1/subjects_dir/sub-01/mri/transforms/T2raw.auto.dat --noedit --ltaout /home/ts/develop/subject1/derived/FreeSurfer/7.4.1/subjects_dir/sub-01/mri/transforms/T2raw.auto.lta
INFO: no target volume specified, assuming FreeSurfer orig volume.
target  volume orig
movable volume /home/ts/develop/subject1/derived/FreeSurfer/7.4.1/subjects_dir/sub-01/mri/orig/T2raw.mgz
reg file       /home/ts/develop/subject1/derived/FreeSurfer/7.4.1/subjects_dir/sub-01/mri/transforms/T2raw.auto.dat
LoadVol        0
ZeroCRAS       0
7.4.1
Diagnostic Level -1
---- Input registration matrix --------
 0.00033   0.99983   0.01827  -0.80134;
-0.99993   0.00011   0.01210   0.16078;
 0.01209  -0.01828   0.99976  -0.74931;
 0.00000   0.00000   0.00000   1.00000;
float2int = 0
---------------------------------------
INFO: loading target /home/ts/develop/subject1/derived/FreeSurfer/7.4.1/subjects_dir/sub-01/mri/orig.mgz
Ttarg: --------------------
-1.00000   0.00000   0.00000   128.00000;
 0.00000   0.00000   1.00000  -128.00000;
 0.00000  -1.00000   0.00000   128.00000;
 0.00000   0.00000   0.00000   1.00000;
INFO: loading movable /home/ts/develop/subject1/derived/FreeSurfer/7.4.1/subjects_dir/sub-01/mri/orig/T2raw.mgz
Tmov: --------------------
-1.00000   0.00000   0.00000   128.00000;
 0.00000   0.00000   1.00000  -96.00000;
 0.00000  -1.00000   0.00000   128.00000;
 0.00000   0.00000   0.00000   1.00000;
mkheaderreg = 0, float2int = 0
---- Input registration matrix --------
 0.00033   0.99983   0.01827  -0.80134;
-0.99993   0.00011   0.01210   0.16078;
 0.01209  -0.01828   0.99976  -0.74931;
 0.00000   0.00000   0.00000   1.00000;
Determinant 0.999999
subject = sub-01
RegMat ---------------------------
 0.00033   0.99983   0.01827  -0.80134;
-0.99993   0.00011   0.01210   0.16078;
 0.01209  -0.01828   0.99976  -0.74931;
 0.00000   0.00000   0.00000   1.00000;
Cleaning up
 
Started at Fri Sep 4 12:11:02 CEST 2026 
Ended   at Fri Sep  4 12:11:42 CEST 2026
BBR-Run-Time-Sec 40
 
bbregister Done
To check results, run:
tkregisterfv --mov /home/ts/develop/subject1/derived/FreeSurfer/7.4.1/subjects_dir/sub-01/mri/orig/T2raw.mgz --reg /home/ts/develop/subject1/derived/FreeSurfer/7.4.1/subjects_dir/sub-01/mri/transforms/T2raw.auto.lta --surfs  --sd /home/ts/develop/subject1/derived/FreeSurfer/7.4.1/subjects_dir
 
@#@FSTIME  2026:09:04:12:11:02 bbregister N 13 e 39.88 S 3.99 U 88.27 P 231% M 754948 F 55 R 2391764 W 0 c 1033 w 3272 I 8920 O 50040 L 3.28 3.28 3.03
@#@FSLOADPOST 2026:09:04:12:11:42 bbregister N 13 2.75 3.14 3.00

 cp /home/ts/develop/subject1/derived/FreeSurfer/7.4.1/subjects_dir/sub-01/mri/transforms/T2raw.auto.lta /home/ts/develop/subject1/derived/FreeSurfer/7.4.1/subjects_dir/sub-01/mri/transforms/T2raw.lta 

@#@FSTIME  2026:09:04:12:11:42 cp N 2 e 0.00 S 0.00 U 0.00 P 100% M 2288 F 0 R 113 W 0 c 0 w 1 I 0 O 8 L 2.75 3.14 3.00
@#@FSLOADPOST 2026:09:04:12:11:42 cp N 2 2.75 3.14 3.00
mri_convert -odt float -at /home/ts/develop/subject1/derived/FreeSurfer/7.4.1/subjects_dir/sub-01/mri/transforms/T2raw.lta -rl /home/ts/develop/subject1/derived/FreeSurfer/7.4.1/subjects_dir/sub-01/mri/orig.mgz /home/ts/develop/subject1/derived/FreeSurfer/7.4.1/subjects_dir/sub-01/mri/orig/T2raw.mgz /home/ts/develop/subject1/derived/FreeSurfer/7.4.1/subjects_dir/sub-01/mri/T2.prenorm.mgz 
reading from /home/ts/develop/subject1/derived/FreeSurfer/7.4.1/subjects_dir/sub-01/mri/orig/T2raw.mgz...
TR=3200.00, TE=300.00, TI=-1.00, flip angle=120.00
i_ras = (0.0104717, -0.999945, 0)
j_ras = (-0, -0, -1)
k_ras = (-0.999945, -0.0104717, -0)
INFO: Reading transformation from file /home/ts/develop/subject1/derived/FreeSurfer/7.4.1/subjects_dir/sub-01/mri/transforms/T2raw.lta...
Reading transform with LTAreadEx()
reading template info from volume /home/ts/develop/subject1/derived/FreeSurfer/7.4.1/subjects_dir/sub-01/mri/orig.mgz...
INFO: Applying transformation from file /home/ts/develop/subject1/derived/FreeSurfer/7.4.1/subjects_dir/sub-01/mri/transforms/T2raw.lta...
---------------------------------
INFO: Transform Matrix (linear_ras_to_ras)
 0.99987   0.01080   0.01209   0.44427;
-0.01058   0.99978  -0.01828  -0.10506;
-0.01229   0.01815   0.99976   0.21095;
 0.00000   0.00000   0.00000   1.00000;
---------------------------------
Applying LTAtransformInterp (resample_type 1)
changing data type from short to float (noscale = 0)...
writing to /home/ts/develop/subject1/derived/FreeSurfer/7.4.1/subjects_dir/sub-01/mri/T2.prenorm.mgz...
@#@FSTIME  2026:09:04:12:11:42 mri_convert N 8 e 3.91 S 0.06 U 3.97 P 103% M 106048 F 0 R 31318 W 0 c 54 w 8 I 0 O 24672 L 2.75 3.14 3.00
@#@FSLOADPOST 2026:09:04:12:11:46 mri_convert N 8 2.61 3.11 2.98

 mri_normalize -seed 1234 -sigma 0.5 -nonmax_suppress 0 -min_dist 1 -aseg /home/ts/develop/subject1/derived/FreeSurfer/7.4.1/subjects_dir/sub-01/mri/aseg.presurf.mgz -surface /home/ts/develop/subject1/derived/FreeSurfer/7.4.1/subjects_dir/sub-01/surf/lh.white identity.nofile -surface /home/ts/develop/subject1/derived/FreeSurfer/7.4.1/subjects_dir/sub-01/surf/rh.white identity.nofile /home/ts/develop/subject1/derived/FreeSurfer/7.4.1/subjects_dir/sub-01/mri/T2.prenorm.mgz /home/ts/develop/subject1/derived/FreeSurfer/7.4.1/subjects_dir/sub-01/mri/T2.norm.mgz 

setting seed for random number genererator to 1234
using Gaussian smoothing of bias field, sigma=0.500
disabling nonmaximum suppression
retaining  points that are at least 1.000mm from the boundary
using segmentation for initial intensity normalization
reading mri_src from /home/ts/develop/subject1/derived/FreeSurfer/7.4.1/subjects_dir/sub-01/mri/T2.prenorm.mgz...
Copying mri_dst from mri_src
computing distance transform
computing distance transform
min_dist = 1
Erasing Border planes 4
aseg read with width 256 (src width 256)
resampling aseg...
Removing non-wm voxels
60156 non wm control points removed
Building bias image
building Voronoi diagram...
performing soap bubble smoothing, sigma = 0...
smoothing bias field with sigma=0.500
MRIapplyBiasCorrectionSameGeometry()
writing normalized volume to /home/ts/develop/subject1/derived/FreeSurfer/7.4.1/subjects_dir/sub-01/mri/T2.norm.mgz
#VMPC# mri_normalize VmPeak  1351372
mri_normalize done
@#@FSTIME  2026:09:04:12:11:46 mri_normalize N 18 e 19.01 S 0.78 U 19.92 P 108% M 776292 F 3 R 514367 W 0 c 287 w 117 I 176 O 66488 L 2.61 3.11 2.98
@#@FSLOADPOST 2026:09:04:12:12:05 mri_normalize N 18 2.15 2.97 2.94

 mri_mask -transfer 255 -keep_mask_deletion_edits /home/ts/develop/subject1/derived/FreeSurfer/7.4.1/subjects_dir/sub-01/mri/T2.norm.mgz /home/ts/develop/subject1/derived/FreeSurfer/7.4.1/subjects_dir/sub-01/mri/brain.finalsurfs.mgz /home/ts/develop/subject1/derived/FreeSurfer/7.4.1/subjects_dir/sub-01/mri/T2.mgz 

transfer mask voxels=255 to dst vol
Transferring mask edits ('1' voxels) to dst vol
DoAbs = 0
maskval=255, outval=255
Writing masked volume to /home/ts/develop/subject1/derived/FreeSurfer/7.4.1/subjects_dir/sub-01/mri/T2.mgz...done.
@#@FSTIME  2026:09:04:12:12:05 mri_mask N 6 e 1.97 S 0.09 U 2.21 P 117% M 238364 F 0 R 58363 W 0 c 20 w 15 I 0 O 66488 L 2.15 2.97 2.94
@#@FSLOADPOST 2026:09:04:12:12:07 mri_mask N 6 2.15 2.97 2.94
#--------------------------------------------
#@# MMPialSurf lh Fri Sep  4 12:12:07 CEST 2026
cd /home/ts/develop/subject1/derived/FreeSurfer/7.4.1/subjects_dir/sub-01/mri
mris_place_surface --adgws-in ../surf/autodet.gw.stats.lh.dat --seg aseg.presurf.mgz --wm wm.mgz --threads 8 --invol brain.finalsurfs.mgz --lh --i ../surf/lh.pial.T1 --o ../surf/lh.pial.T2 --pial --nsmooth 0 --rip-label ../label/lh.cortex+hipamyg.label --pin-medial-wall ../label/lh.cortex.label --white-surf ../surf/lh.white --aparc ../label/lh.aparc.annot --repulse-surf ../surf/lh.white --mmvol T2.mgz T2
7.4.1
7.4.1

cd /home/ts/develop/subject1/derived/FreeSurfer/7.4.1/subjects_dir/sub-01/mri
setenv SUBJECTS_DIR /home/ts/develop/subject1/derived/FreeSurfer/7.4.1/subjects_dir
mris_place_surface --adgws-in ../surf/autodet.gw.stats.lh.dat --seg aseg.presurf.mgz --wm wm.mgz --threads 8 --invol brain.finalsurfs.mgz --lh --i ../surf/lh.pial.T1 --o ../surf/lh.pial.T2 --pial --nsmooth 0 --rip-label ../label/lh.cortex+hipamyg.label --pin-medial-wall ../label/lh.cortex.label --white-surf ../surf/lh.white --aparc ../label/lh.aparc.annot --repulse-surf ../surf/lh.white --mmvol T2.mgz T2 

Reading in input surface ../surf/lh.pial.T1
Not smoothing input surface
Area    292808  0.41443  0.31288 0.000115   7.3728
Corner  878424 60.00000 30.71980 0.023443 179.9484
Edge    439212  1.03188  0.46324 0.007333   7.7991
Hinge   439212 18.09310 24.49286 0.000044 179.9996
Reading white surface coordinates from ../surf/lh.white
Reading repulsion surface coordinates from ../surf/lh.white
Reading in aparc ../label/lh.aparc.annot
[DEBUG] CTABreadFromBinaryV2(): ct->nentries=36, num_entries_to_read=36
Reading in input volume brain.finalsurfs.mgz
Reading in seg volume aseg.presurf.mgz
Reading in wm volume wm.mgz
MRIclipBrightWM(): nthresh=23272, wmmin=5, clip=110 
MRIfindBrightNonWM(): 44 bright non-wm voxels segmented.
Masking bright non-wm for pial surface mid_gray = 65.9048
MRImask(): AllowDiffGeom = 1
MRImask(): AllowDiffGeom = 1
MRImask(): AllowDiffGeom = 1
Ripping frozen voxels
Ripping vertices not in label ../label/lh.cortex+hipamyg.label
MRISripNotLabel() ripped 6677/146406 vertices (139729 unripped)
INFO: rip surface needed but not specified, so using input surface
Ripping segs (eg, WMSA, BG, frozen)
Starting MRISripSegs() d = (-2 2 0.5) segnos: 247 
MRISripSegs(): -2 2 0.5 ripped 0
Reading in multimodal volume T2.mgz
 using multi modal weights 
vertex 73203: xyz = (-36.1379,-20.8154,21.0637) oxyz = (-36.1181,-20.7461,22.9789) wxzy = (-36.1181,-20.7461,22.9789) pxyz = (-36.1379,-20.8154,21.0637) 
CBVO Creating mask 146406
n_averages 4
Iteration 0 =========================================
n_averages=4, current_sigma=2
Computing pial target locations using multimodal (1)
starting MRIScomputePialTargetLocationsMultiModal()
max_outward_dist = 3, sample_dist = 0.1, pix_size = 1, whalf = 7
T2_min_inside = 110, T2_max_inside 300, T2_min_outside = 130, T2_max_outside 300
inside_peak_pct = 0.1, 0.01, outside_peak_pct = 0.5, 0.5
wm_weight = 3, nlabels=0, contrast_type=1
Changed 6554 aseg cortex voxels to 0
Creating lowres distance volumes t=0.00468056
Creating white distance volumes t=0.247448
(box.dx, box.dy, box.dz) = (136, 232, 340)
(region->dx, region->dy, region->dz) = (136, 232, 340)
(region->dx, region->dy, region->dz) = (136, 232, 340)
Creating pial distance volumes t=0.54014
(box.dx, box.dy, box.dz) = (148, 244, 348)
(region->dx, region->dy, region->dz) = (148, 244, 348)
(region->dx, region->dy, region->dz) = (148, 244, 348)
locating cortical regions not in interior range [110.0 --> 300.0], and not in exterior range [130.0 --> 300.0]
t = 0.894214
Starting loop over 146406 vertices
   vno = 0, t = 0.894214
   vno = 20000, t = 1.88805
   vno = 40000, t = 2.88136
   vno = 60000, t = 3.80883
   vno = 80000, t = 4.65608
   vno = 100000, t = 5.59907
   vno = 120000, t = 6.60365
   vno = 140000, t = 7.54715
CPTL: t = 7.85411
92648 surface locations found to contain inconsistent values (10607 in, 82041 out)
Positioning Surface: tspring = 0.3, nspring = 1, spring = 0, niters = 100 l_repulse = 0.025, l_surf_repulse = 5, checktol = 1
Positioning surface
Entering MRISpositionSurface()
  max_mm = 0.3
  MAX_REDUCTIONS = 2, REDUCTION_PCT = 0.5
  parms->check_tol = 1, niterations = 100
tol=1.0e-04, sigma=2.0, host= mini, nav=4, nbrs=2, l_repulse=0.025, l_surf_repulse=5.000, l_tspring=0.300, l_nspring=1.000, l_location=0.500, l_curv=0.500
mom=0.00, dt=0.50
complete_dist_mat 0
rms 0
smooth_averages 0
remove_neg 0
ico_order 0
which_surface 0
target_radius 0.000000
nfields 0
scale 0.000000
desired_rms_height 0.000000
momentum 0.000000
nbhd_size 0
max_nbrs 0
niterations 100
nsurfaces 0
SURFACES 3
flags 0 (0)
use curv 0
no sulc 0
no rigid align 0
mris->nsize 2
mris->hemisphere 0
randomSeed 0

000: dt: 0.0000, sse=429889.7, rms=0.653
#@%  0 loc cost weight=0.5, cost = 0.652926821192
rms = 0.6529/0.6528, sse=386697.6/429889.7, time step reduction 1 of 3 to 0.250  1 0 0
001: dt: 0.5000, sse=386697.6, rms=0.653 (-0.016%)
#@%  1 loc cost weight=0.5, cost = 0.654041926590
rms = 0.6540/0.6529, sse=373409.2/386697.6, time step reduction 2 of 3 to 0.125  1 0 0
002: dt: 0.2500, sse=373409.2, rms=0.654 (-0.171%)
#@%  2 loc cost weight=0.5, cost = 0.653570231657
003: dt: 0.1250, sse=367952.1, rms=0.654 (0.072%)
#@%  3 loc cost weight=0.5, cost = 0.652338800212
004: dt: 0.1250, sse=366208.0, rms=0.652 (0.188%)
#@%  4 loc cost weight=0.5, cost = 0.651363166034
005: dt: 0.1250, sse=365209.8, rms=0.651 (0.150%)
#@%  5 loc cost weight=0.5, cost = 0.650808599664
006: dt: 0.1250, sse=364597.7, rms=0.651 (0.085%)
#@%  6 loc cost weight=0.5, cost = 0.650505061515
007: dt: 0.1250, sse=363923.8, rms=0.651 (0.047%)
#@%  7 loc cost weight=0.5, cost = 0.650513040499
rms = 0.6505/0.6505, sse=363910.1/363923.8, time step reduction 3 of 3 to 0.062  1 0 0
008: dt: 0.1250, sse=363910.1, rms=0.651 (-0.001%)
  maximum number of reductions reached, breaking from loop
positioning took 0.4 minutes
  done positioning surface
Iteration 1 =========================================
n_averages=2, current_sigma=1
Computing pial target locations using multimodal (1)
starting MRIScomputePialTargetLocationsMultiModal()
max_outward_dist = 3, sample_dist = 0.1, pix_size = 1, whalf = 7
T2_min_inside = 110, T2_max_inside 300, T2_min_outside = 130, T2_max_outside 300
inside_peak_pct = 0.1, 0.01, outside_peak_pct = 0.5, 0.5
wm_weight = 3, nlabels=0, contrast_type=1
Changed 6554 aseg cortex voxels to 0
Creating lowres distance volumes t=0.00358128
Creating white distance volumes t=0.237599
(box.dx, box.dy, box.dz) = (136, 232, 340)
(region->dx, region->dy, region->dz) = (136, 232, 340)
(region->dx, region->dy, region->dz) = (136, 232, 340)
Creating pial distance volumes t=0.516615
(box.dx, box.dy, box.dz) = (148, 244, 348)
(region->dx, region->dy, region->dz) = (148, 244, 348)
(region->dx, region->dy, region->dz) = (148, 244, 348)
locating cortical regions not in interior range [110.0 --> 300.0], and not in exterior range [130.0 --> 300.0]
t = 0.858223
Starting loop over 146406 vertices
   vno = 0, t = 0.858223
   vno = 20000, t = 1.84927
   vno = 40000, t = 2.84098
   vno = 60000, t = 3.76802
   vno = 80000, t = 4.61715
   vno = 100000, t = 5.56171
   vno = 120000, t = 6.5664
   vno = 140000, t = 7.51061
CPTL: t = 7.81782
96145 surface locations found to contain inconsistent values (9365 in, 86780 out)
Positioning Surface: tspring = 0.3, nspring = 1, spring = 0, niters = 100 l_repulse = 0.025, l_surf_repulse = 5, checktol = 1
Positioning surface
Entering MRISpositionSurface()
  max_mm = 0.3
  MAX_REDUCTIONS = 2, REDUCTION_PCT = 0.5
  parms->check_tol = 1, niterations = 100
tol=1.0e-04, sigma=1.0, host= mini, nav=2, nbrs=2, l_repulse=0.025, l_surf_repulse=5.000, l_tspring=0.300, l_nspring=1.000, l_location=0.500, l_curv=0.500
mom=0.00, dt=0.50
000: dt: 0.0000, sse=344806.8, rms=0.653
#@%  8 loc cost weight=0.5, cost = 0.647051213453
009: dt: 0.5000, sse=345604.8, rms=0.647 (0.858%)
#@%  9 loc cost weight=0.5, cost = 0.647846805510
rms = 0.6478/0.6471, sse=344264.7/345604.8, time step reduction 1 of 3 to 0.250  1 0 0
010: dt: 0.5000, sse=344264.7, rms=0.648 (-0.123%)
#@% 10 loc cost weight=0.5, cost = 0.649175405953
rms = 0.6492/0.6478, sse=342213.2/344264.7, time step reduction 2 of 3 to 0.125  1 0 0
011: dt: 0.2500, sse=342213.2, rms=0.649 (-0.205%)
#@% 11 loc cost weight=0.5, cost = 0.649415332814
rms = 0.6494/0.6492, sse=341806.0/342213.2, time step reduction 3 of 3 to 0.062  1 0 0
012: dt: 0.1250, sse=341806.1, rms=0.649 (-0.037%)
  maximum number of reductions reached, breaking from loop
positioning took 0.2 minutes
  done positioning surface
Pinning medial wall to white surface
Removing intersections
#ET# mris_place_surface 16.26 minutes


Writing output to ../surf/lh.pial.T2
#VMPC# mris_place_surfaces VmPeak  2932548
mris_place_surface done
@#@FSTIME  2026:09:04:12:12:07 mris_place_surface N 31 e 980.30 S 2.54 U 1035.16 P 105% M 2188268 F 4 R 1571878 W 0 c 12482 w 925 I 448 O 10304 L 2.15 2.97 2.94
@#@FSLOADPOST 2026:09:04:12:28:27 mris_place_surface N 31 1.07 1.14 1.72
#--------------------------------------------
#@# MMPialSurf rh Fri Sep  4 12:28:27 CEST 2026
cd /home/ts/develop/subject1/derived/FreeSurfer/7.4.1/subjects_dir/sub-01/mri
mris_place_surface --adgws-in ../surf/autodet.gw.stats.rh.dat --seg aseg.presurf.mgz --wm wm.mgz --threads 8 --invol brain.finalsurfs.mgz --rh --i ../surf/rh.pial.T1 --o ../surf/rh.pial.T2 --pial --nsmooth 0 --rip-label ../label/rh.cortex+hipamyg.label --pin-medial-wall ../label/rh.cortex.label --white-surf ../surf/rh.white --aparc ../label/rh.aparc.annot --repulse-surf ../surf/rh.white --mmvol T2.mgz T2
7.4.1
7.4.1

cd /home/ts/develop/subject1/derived/FreeSurfer/7.4.1/subjects_dir/sub-01/mri
setenv SUBJECTS_DIR /home/ts/develop/subject1/derived/FreeSurfer/7.4.1/subjects_dir
mris_place_surface --adgws-in ../surf/autodet.gw.stats.rh.dat --seg aseg.presurf.mgz --wm wm.mgz --threads 8 --invol brain.finalsurfs.mgz --rh --i ../surf/rh.pial.T1 --o ../surf/rh.pial.T2 --pial --nsmooth 0 --rip-label ../label/rh.cortex+hipamyg.label --pin-medial-wall ../label/rh.cortex.label --white-surf ../surf/rh.white --aparc ../label/rh.aparc.annot --repulse-surf ../surf/rh.white --mmvol T2.mgz T2 

Reading in input surface ../surf/rh.pial.T1
Not smoothing input surface
Area    298222  0.41149  0.31037 0.000061   7.9969
Corner  894666 60.00000 30.56465 0.030227 179.7915
Edge    447333  1.02890  0.46275 0.006653   9.0472
Hinge   447333 17.86016 24.15070 0.000055 179.9910
Reading white surface coordinates from ../surf/rh.white
Reading repulsion surface coordinates from ../surf/rh.white
Reading in aparc ../label/rh.aparc.annot
[DEBUG] CTABreadFromBinaryV2(): ct->nentries=36, num_entries_to_read=36
Reading in input volume brain.finalsurfs.mgz
Reading in seg volume aseg.presurf.mgz
Reading in wm volume wm.mgz
MRIclipBrightWM(): nthresh=23272, wmmin=5, clip=110 
MRIfindBrightNonWM(): 44 bright non-wm voxels segmented.
Masking bright non-wm for pial surface mid_gray = 66.9048
MRImask(): AllowDiffGeom = 1
MRImask(): AllowDiffGeom = 1
MRImask(): AllowDiffGeom = 1
Ripping frozen voxels
Ripping vertices not in label ../label/rh.cortex+hipamyg.label
MRISripNotLabel() ripped 6595/149113 vertices (142518 unripped)
INFO: rip surface needed but not specified, so using input surface
Ripping segs (eg, WMSA, BG, frozen)
Starting MRISripSegs() d = (-2 2 0.5) segnos: 247 
MRISripSegs(): -2 2 0.5 ripped 0
Reading in multimodal volume T2.mgz
 using multi modal weights 
vertex 74557: xyz = (45.044,-21.0517,13.9947) oxyz = (47.362,-19.839,15.3149) wxzy = (47.362,-19.839,15.3149) pxyz = (45.044,-21.0517,13.9947) 
CBVO Creating mask 149113
n_averages 4
Iteration 0 =========================================
n_averages=4, current_sigma=2
Computing pial target locations using multimodal (1)
starting MRIScomputePialTargetLocationsMultiModal()
max_outward_dist = 3, sample_dist = 0.1, pix_size = 1, whalf = 7
T2_min_inside = 110, T2_max_inside 300, T2_min_outside = 130, T2_max_outside 300
inside_peak_pct = 0.1, 0.01, outside_peak_pct = 0.5, 0.5
wm_weight = 3, nlabels=0, contrast_type=1
Changed 6554 aseg cortex voxels to 0
Creating lowres distance volumes t=0.00455395
Creating white distance volumes t=0.24515
(box.dx, box.dy, box.dz) = (130, 216, 340)
(region->dx, region->dy, region->dz) = (130, 216, 340)
(region->dx, region->dy, region->dz) = (130, 216, 340)
Creating pial distance volumes t=0.506546
(box.dx, box.dy, box.dz) = (142, 230, 348)
(region->dx, region->dy, region->dz) = (142, 230, 348)
(region->dx, region->dy, region->dz) = (142, 230, 348)
locating cortical regions not in interior range [110.0 --> 300.0], and not in exterior range [130.0 --> 300.0]
t = 0.831187
Starting loop over 149113 vertices
   vno = 0, t = 0.831187
   vno = 20000, t = 2.09566
   vno = 40000, t = 3.26996
   vno = 60000, t = 4.2736
   vno = 80000, t = 5.17491
   vno = 100000, t = 6.15504
   vno = 120000, t = 7.01175
   vno = 140000, t = 8.0014
CPTL: t = 8.4644
95618 surface locations found to contain inconsistent values (13891 in, 81727 out)
Positioning Surface: tspring = 0.3, nspring = 1, spring = 0, niters = 100 l_repulse = 0.025, l_surf_repulse = 5, checktol = 1
Positioning surface
Entering MRISpositionSurface()
  max_mm = 0.3
  MAX_REDUCTIONS = 2, REDUCTION_PCT = 0.5
  parms->check_tol = 1, niterations = 100
tol=1.0e-04, sigma=2.0, host= mini, nav=4, nbrs=2, l_repulse=0.025, l_surf_repulse=5.000, l_tspring=0.300, l_nspring=1.000, l_location=0.500, l_curv=0.500
mom=0.00, dt=0.50
complete_dist_mat 0
rms 0
smooth_averages 0
remove_neg 0
ico_order 0
which_surface 0
target_radius 0.000000
nfields 0
scale 0.000000
desired_rms_height 0.000000
momentum 0.000000
nbhd_size 0
max_nbrs 0
niterations 100
nsurfaces 0
SURFACES 3
flags 0 (0)
use curv 0
no sulc 0
no rigid align 0
mris->nsize 2
mris->hemisphere 1
randomSeed 0

000: dt: 0.0000, sse=429587.1, rms=0.646
#@%  0 loc cost weight=0.5, cost = 0.649538291447
rms = 0.6495/0.6462, sse=389706.7/429587.1, time step reduction 1 of 3 to 0.250  1 0 0
001: dt: 0.5000, sse=389706.7, rms=0.650 (-0.520%)
#@%  1 loc cost weight=0.5, cost = 0.652356630668
rms = 0.6524/0.6495, sse=376177.9/389706.7, time step reduction 2 of 3 to 0.125  1 0 0
002: dt: 0.2500, sse=376177.9, rms=0.652 (-0.434%)
#@%  2 loc cost weight=0.5, cost = 0.652520988851
rms = 0.6525/0.6524, sse=372340.2/376177.9, time step reduction 3 of 3 to 0.062  1 0 0
003: dt: 0.1250, sse=372340.2, rms=0.653 (-0.025%)
  maximum number of reductions reached, breaking from loop
positioning took 0.2 minutes
  done positioning surface
Iteration 1 =========================================
n_averages=2, current_sigma=1
Computing pial target locations using multimodal (1)
starting MRIScomputePialTargetLocationsMultiModal()
max_outward_dist = 3, sample_dist = 0.1, pix_size = 1, whalf = 7
T2_min_inside = 110, T2_max_inside 300, T2_min_outside = 130, T2_max_outside 300
inside_peak_pct = 0.1, 0.01, outside_peak_pct = 0.5, 0.5
wm_weight = 3, nlabels=0, contrast_type=1
Changed 6554 aseg cortex voxels to 0
Creating lowres distance volumes t=0.00465155
Creating white distance volumes t=0.241127
(box.dx, box.dy, box.dz) = (130, 216, 340)
(region->dx, region->dy, region->dz) = (130, 216, 340)
(region->dx, region->dy, region->dz) = (130, 216, 340)
Creating pial distance volumes t=0.494037
(box.dx, box.dy, box.dz) = (142, 230, 348)
(region->dx, region->dy, region->dz) = (142, 230, 348)
(region->dx, region->dy, region->dz) = (142, 230, 348)
locating cortical regions not in interior range [110.0 --> 300.0], and not in exterior range [130.0 --> 300.0]
t = 0.807191
Starting loop over 149113 vertices
   vno = 0, t = 0.807191
   vno = 20000, t = 2.07067
   vno = 40000, t = 3.24331
   vno = 60000, t = 4.24569
   vno = 80000, t = 5.14565
   vno = 100000, t = 6.12998
   vno = 120000, t = 6.98784
   vno = 140000, t = 7.98019
CPTL: t = 8.44391
99202 surface locations found to contain inconsistent values (12205 in, 86997 out)
Positioning Surface: tspring = 0.3, nspring = 1, spring = 0, niters = 100 l_repulse = 0.025, l_surf_repulse = 5, checktol = 1
Positioning surface
Entering MRISpositionSurface()
  max_mm = 0.3
  MAX_REDUCTIONS = 2, REDUCTION_PCT = 0.5
  parms->check_tol = 1, niterations = 100
tol=1.0e-04, sigma=1.0, host= mini, nav=2, nbrs=2, l_repulse=0.025, l_surf_repulse=5.000, l_tspring=0.300, l_nspring=1.000, l_location=0.500, l_curv=0.500
mom=0.00, dt=0.50
000: dt: 0.0000, sse=359478.9, rms=0.652
#@%  3 loc cost weight=0.5, cost = 0.645461480578
004: dt: 0.5000, sse=358560.9, rms=0.645 (1.055%)
#@%  4 loc cost weight=0.5, cost = 0.645819987997
rms = 0.6458/0.6455, sse=355797.8/358560.9, time step reduction 1 of 3 to 0.250  1 0 0
005: dt: 0.5000, sse=355797.8, rms=0.646 (-0.056%)
#@%  5 loc cost weight=0.5, cost = 0.647026340961
rms = 0.6470/0.6458, sse=354568.1/355797.8, time step reduction 2 of 3 to 0.125  1 0 0
006: dt: 0.2500, sse=354568.1, rms=0.647 (-0.187%)
#@%  6 loc cost weight=0.5, cost = 0.647318167253
rms = 0.6473/0.6470, sse=353328.0/354568.1, time step reduction 3 of 3 to 0.062  1 0 0
007: dt: 0.1250, sse=353328.0, rms=0.647 (-0.045%)
  maximum number of reductions reached, breaking from loop
positioning took 0.2 minutes
  done positioning surface
Pinning medial wall to white surface
Removing intersections
removing intersecting faces
000: 15 intersecting
terminating search with 0 intersecting
#ET# mris_place_surface 17.32 minutes


Writing output to ../surf/rh.pial.T2
#VMPC# mris_place_surfaces VmPeak  2755576
mris_place_surface done
@#@FSTIME  2026:09:04:12:28:27 mris_place_surface N 31 e 1043.64 S 2.43 U 1079.36 P 103% M 2013420 F 0 R 1461606 W 0 c 12552 w 652 I 0 O 10488 L 1.07 1.14 1.72
@#@FSLOADPOST 2026:09:04:12:45:51 mris_place_surface N 31 1.08 1.04 1.24
#@# white curv lh Fri Sep  4 12:45:51 CEST 2026
cd /home/ts/develop/subject1/derived/FreeSurfer/7.4.1/subjects_dir/sub-01/mri
mris_place_surface --curv-map ../surf/lh.white 2 10 ../surf/lh.curv
insurf  ../surf/lh.white, nbrs 2, curvature_avgs 10
writing curvature file ../surf/lh.curv
@#@FSTIME  2026:09:04:12:45:51 mris_place_surface N 5 e 0.94 S 0.09 U 1.25 P 142% M 200180 F 0 R 54641 W 0 c 16 w 45 I 0 O 1144 L 1.08 1.04 1.24
@#@FSLOADPOST 2026:09:04:12:45:52 mris_place_surface N 5 1.08 1.04 1.24
#@# white area lh Fri Sep  4 12:45:52 CEST 2026
cd /home/ts/develop/subject1/derived/FreeSurfer/7.4.1/subjects_dir/sub-01/mri
mris_place_surface --area-map ../surf/lh.white ../surf/lh.area
writing curvature file ../surf/lh.area
@#@FSTIME  2026:09:04:12:45:52 mris_place_surface N 3 e 0.40 S 0.11 U 0.68 P 198% M 200492 F 0 R 54627 W 0 c 15 w 40 I 0 O 1144 L 1.08 1.04 1.24
@#@FSLOADPOST 2026:09:04:12:45:52 mris_place_surface N 3 1.08 1.04 1.24
#@# pial curv lh Fri Sep  4 12:45:52 CEST 2026
cd /home/ts/develop/subject1/derived/FreeSurfer/7.4.1/subjects_dir/sub-01/mri
mris_place_surface --curv-map ../surf/lh.pial 2 10 ../surf/lh.curv.pial
insurf  ../surf/lh.pial, nbrs 2, curvature_avgs 10
writing curvature file ../surf/lh.curv.pial
@#@FSTIME  2026:09:04:12:45:52 mris_place_surface N 5 e 0.93 S 0.10 U 1.23 P 142% M 200360 F 0 R 54530 W 0 c 13 w 37 I 0 O 1144 L 1.08 1.04 1.24
@#@FSLOADPOST 2026:09:04:12:45:53 mris_place_surface N 5 1.08 1.04 1.24
#@# pial area lh Fri Sep  4 12:45:53 CEST 2026
cd /home/ts/develop/subject1/derived/FreeSurfer/7.4.1/subjects_dir/sub-01/mri
mris_place_surface --area-map ../surf/lh.pial ../surf/lh.area.pial
writing curvature file ../surf/lh.area.pial
@#@FSTIME  2026:09:04:12:45:53 mris_place_surface N 3 e 0.40 S 0.09 U 0.70 P 198% M 200328 F 0 R 54626 W 0 c 16 w 40 I 0 O 1144 L 1.08 1.04 1.24
@#@FSLOADPOST 2026:09:04:12:45:54 mris_place_surface N 3 1.08 1.04 1.24
#@# thickness lh Fri Sep  4 12:45:54 CEST 2026
cd /home/ts/develop/subject1/derived/FreeSurfer/7.4.1/subjects_dir/sub-01/mri
mris_place_surface --thickness ../surf/lh.white ../surf/lh.pial 20 5 ../surf/lh.thickness
0 of 146406 vertices processed
25000 of 146406 vertices processed
50000 of 146406 vertices processed
75000 of 146406 vertices processed
100000 of 146406 vertices processed
125000 of 146406 vertices processed
0 of 146406 vertices processed
25000 of 146406 vertices processed
50000 of 146406 vertices processed
75000 of 146406 vertices processed
100000 of 146406 vertices processed
125000 of 146406 vertices processed
thickness calculation complete, 279:387 truncations.
61000 vertices at 0 distance
126435 vertices at 1 distance
68054 vertices at 2 distance
23802 vertices at 3 distance
8731 vertices at 4 distance
2962 vertices at 5 distance
1113 vertices at 6 distance
382 vertices at 7 distance
142 vertices at 8 distance
77 vertices at 9 distance
48 vertices at 10 distance
25 vertices at 11 distance
21 vertices at 12 distance
9 vertices at 13 distance
4 vertices at 14 distance
1 vertices at 15 distance
3 vertices at 16 distance
1 vertices at 17 distance
1 vertices at 18 distance
1 vertices at 19 distance
0 vertices at 20 distance
writing curvature file ../surf/lh.thickness
@#@FSTIME  2026:09:04:12:45:54 mris_place_surface N 6 e 18.31 S 0.13 U 18.69 P 102% M 200612 F 0 R 62370 W 0 c 236 w 45 I 0 O 1144 L 1.08 1.04 1.24
@#@FSLOADPOST 2026:09:04:12:46:12 mris_place_surface N 6 1.06 1.04 1.23
#@# area and vertex vol lh Fri Sep  4 12:46:12 CEST 2026
cd /home/ts/develop/subject1/derived/FreeSurfer/7.4.1/subjects_dir/sub-01/mri
mris_place_surface --thickness ../surf/lh.white ../surf/lh.pial 20 5 ../surf/lh.thickness
/home/ts/develop/subject1/derived/FreeSurfer/7.4.1/subjects_dir/sub-01/surf
mris_calc -o lh.area.mid lh.area add lh.area.pial
Saving result to 'lh.area.mid' (type = MRI_CURV_FILE)                       [ ok ]
mris_calc -o lh.area.mid lh.area.mid div 2
Saving result to 'lh.area.mid' (type = MRI_CURV_FILE)                       [ ok ]
mris_convert --volume sub-01 lh /home/ts/develop/subject1/derived/FreeSurfer/7.4.1/subjects_dir/sub-01/surf/lh.volume
masking with /home/ts/develop/subject1/derived/FreeSurfer/7.4.1/subjects_dir/sub-01/label/lh.cortex.label
Total face volume 261263
Total vertex volume 261068 (mask=0)
#@# sub-01 lh 261068
 
vertexvol Done
@#@FSTIME  2026:09:04:12:46:12 vertexvol N 4 e 0.92 S 0.18 U 1.33 P 164% M 333764 F 9 R 98978 W 0 c 24 w 89 I 736 O 3432 L 1.06 1.04 1.23
@#@FSLOADPOST 2026:09:04:12:46:13 vertexvol N 4 1.06 1.04 1.23
#@# white curv rh Fri Sep  4 12:46:13 CEST 2026
cd /home/ts/develop/subject1/derived/FreeSurfer/7.4.1/subjects_dir/sub-01/mri
mris_place_surface --curv-map ../surf/rh.white 2 10 ../surf/rh.curv
insurf  ../surf/rh.white, nbrs 2, curvature_avgs 10
writing curvature file ../surf/rh.curv
@#@FSTIME  2026:09:04:12:46:13 mris_place_surface N 5 e 0.96 S 0.09 U 1.27 P 141% M 204192 F 0 R 55676 W 0 c 16 w 40 I 0 O 1168 L 1.06 1.04 1.23
@#@FSLOADPOST 2026:09:04:12:46:14 mris_place_surface N 5 1.62 1.15 1.27
#@# white area rh Fri Sep  4 12:46:14 CEST 2026
cd /home/ts/develop/subject1/derived/FreeSurfer/7.4.1/subjects_dir/sub-01/mri
mris_place_surface --area-map ../surf/rh.white ../surf/rh.area
writing curvature file ../surf/rh.area
@#@FSTIME  2026:09:04:12:46:14 mris_place_surface N 3 e 0.41 S 0.10 U 0.74 P 204% M 203968 F 0 R 55569 W 0 c 16 w 46 I 0 O 1168 L 1.62 1.15 1.27
@#@FSLOADPOST 2026:09:04:12:46:14 mris_place_surface N 3 1.62 1.15 1.27
#@# pial curv rh Fri Sep  4 12:46:14 CEST 2026
cd /home/ts/develop/subject1/derived/FreeSurfer/7.4.1/subjects_dir/sub-01/mri
mris_place_surface --curv-map ../surf/rh.pial 2 10 ../surf/rh.curv.pial
insurf  ../surf/rh.pial, nbrs 2, curvature_avgs 10
writing curvature file ../surf/rh.curv.pial
@#@FSTIME  2026:09:04:12:46:14 mris_place_surface N 5 e 0.94 S 0.10 U 1.25 P 143% M 203992 F 0 R 55626 W 0 c 16 w 39 I 0 O 1168 L 1.62 1.15 1.27
@#@FSLOADPOST 2026:09:04:12:46:15 mris_place_surface N 5 1.62 1.15 1.27
#@# pial area rh Fri Sep  4 12:46:15 CEST 2026
cd /home/ts/develop/subject1/derived/FreeSurfer/7.4.1/subjects_dir/sub-01/mri
mris_place_surface --area-map ../surf/rh.pial ../surf/rh.area.pial
writing curvature file ../surf/rh.area.pial
@#@FSTIME  2026:09:04:12:46:15 mris_place_surface N 3 e 0.40 S 0.12 U 0.70 P 202% M 203560 F 0 R 55645 W 0 c 16 w 41 I 0 O 1168 L 1.62 1.15 1.27
@#@FSLOADPOST 2026:09:04:12:46:16 mris_place_surface N 3 1.62 1.15 1.27
#@# thickness rh Fri Sep  4 12:46:16 CEST 2026
cd /home/ts/develop/subject1/derived/FreeSurfer/7.4.1/subjects_dir/sub-01/mri
mris_place_surface --thickness ../surf/rh.white ../surf/rh.pial 20 5 ../surf/rh.thickness
0 of 149113 vertices processed
25000 of 149113 vertices processed
50000 of 149113 vertices processed
75000 of 149113 vertices processed
100000 of 149113 vertices processed
125000 of 149113 vertices processed
0 of 149113 vertices processed
25000 of 149113 vertices processed
50000 of 149113 vertices processed
75000 of 149113 vertices processed
100000 of 149113 vertices processed
125000 of 149113 vertices processed
thickness calculation complete, 479:585 truncations.
63202 vertices at 0 distance
129430 vertices at 1 distance
69753 vertices at 2 distance
23484 vertices at 3 distance
8184 vertices at 4 distance
2718 vertices at 5 distance
880 vertices at 6 distance
327 vertices at 7 distance
111 vertices at 8 distance
50 vertices at 9 distance
26 vertices at 10 distance
13 vertices at 11 distance
11 vertices at 12 distance
8 vertices at 13 distance
9 vertices at 14 distance
6 vertices at 15 distance
2 vertices at 16 distance
4 vertices at 17 distance
2 vertices at 18 distance
3 vertices at 19 distance
3 vertices at 20 distance
writing curvature file ../surf/rh.thickness
@#@FSTIME  2026:09:04:12:46:16 mris_place_surface N 6 e 18.34 S 0.09 U 18.79 P 102% M 204004 F 0 R 63457 W 0 c 245 w 66 I 0 O 1168 L 1.62 1.15 1.27
@#@FSLOADPOST 2026:09:04:12:46:34 mris_place_surface N 6 1.44 1.14 1.26
#@# area and vertex vol rh Fri Sep  4 12:46:34 CEST 2026
cd /home/ts/develop/subject1/derived/FreeSurfer/7.4.1/subjects_dir/sub-01/mri
mris_place_surface --thickness ../surf/rh.white ../surf/rh.pial 20 5 ../surf/rh.thickness
/home/ts/develop/subject1/derived/FreeSurfer/7.4.1/subjects_dir/sub-01/surf
mris_calc -o rh.area.mid rh.area add rh.area.pial
Saving result to 'rh.area.mid' (type = MRI_CURV_FILE)                       [ ok ]
mris_calc -o rh.area.mid rh.area.mid div 2
Saving result to 'rh.area.mid' (type = MRI_CURV_FILE)                       [ ok ]
mris_convert --volume sub-01 rh /home/ts/develop/subject1/derived/FreeSurfer/7.4.1/subjects_dir/sub-01/surf/rh.volume
masking with /home/ts/develop/subject1/derived/FreeSurfer/7.4.1/subjects_dir/sub-01/label/rh.cortex.label
Total face volume 264060
Total vertex volume 263839 (mask=0)
#@# sub-01 rh 263839
 
vertexvol Done
@#@FSTIME  2026:09:04:12:46:34 vertexvol N 4 e 0.92 S 0.18 U 1.34 P 164% M 339632 F 0 R 100715 W 0 c 20 w 74 I 0 O 3504 L 1.44 1.14 1.26
@#@FSLOADPOST 2026:09:04:12:46:35 vertexvol N 4 1.44 1.14 1.26

#-----------------------------------------
#@# Curvature Stats lh Fri Sep  4 12:46:35 CEST 2026
/home/ts/develop/subject1/derived/FreeSurfer/7.4.1/subjects_dir/sub-01/surf

 mris_curvature_stats -m --writeCurvatureFiles -G -o ../stats/lh.curv.stats -F smoothwm sub-01 lh curv sulc 

             Toggling save flag on curvature files                       [ ok ]
                 Outputting results using filestem   [ ../stats/lh.curv.stats ]
             Toggling save flag on curvature files                       [ ok ]
                                   Setting surface       [ sub-01/lh.smoothwm ]
                                Reading surface...                       [ ok ]
                                   Setting texture                     [ curv ]
                                Reading texture...                       [ ok ]
                                   Setting texture                     [ sulc ]
                                Reading texture...Gb_filter = 0
                       [ ok ]
      Calculating Discrete Principal Curvatures...
      Determining geometric order for vno faces... [####################] [ ok ]
                      Determining KH curvatures... [####################] [ ok ]
                    Determining k1k2 curvatures... [####################] [ ok ]
                                   deltaViolations                      [ 265 ]
Gb_filter = 0

WARN:    S lookup   min:                          -0.029295
WARN:    S explicit min:                          0.000000	vertex = 497
@#@FSTIME  2026:09:04:12:46:35 mris_curvature_stats N 11 e 1.09 S 0.11 U 1.49 P 146% M 200388 F 11 R 54845 W 0 c 28 w 55 I 1192 O 9192 L 1.44 1.14 1.26
@#@FSLOADPOST 2026:09:04:12:46:36 mris_curvature_stats N 11 1.44 1.14 1.26

#-----------------------------------------
#@# Curvature Stats rh Fri Sep  4 12:46:36 CEST 2026
/home/ts/develop/subject1/derived/FreeSurfer/7.4.1/subjects_dir/sub-01/surf

 mris_curvature_stats -m --writeCurvatureFiles -G -o ../stats/rh.curv.stats -F smoothwm sub-01 rh curv sulc 

             Toggling save flag on curvature files                       [ ok ]
                 Outputting results using filestem   [ ../stats/rh.curv.stats ]
             Toggling save flag on curvature files                       [ ok ]
                                   Setting surface       [ sub-01/rh.smoothwm ]
                                Reading surface...                       [ ok ]
                                   Setting texture                     [ curv ]
                                Reading texture...                       [ ok ]
                                   Setting texture                     [ sulc ]
                                Reading texture...Gb_filter = 0
                       [ ok ]
      Calculating Discrete Principal Curvatures...
      Determining geometric order for vno faces... [####################] [ ok ]
                      Determining KH curvatures... [####################] [ ok ]
                    Determining k1k2 curvatures... [####################] [ ok ]
                                   deltaViolations                      [ 261 ]
Gb_filter = 0

WARN:    S lookup   min:                          -0.149696
WARN:    S explicit min:                          0.000000	vertex = 121
@#@FSTIME  2026:09:04:12:46:36 mris_curvature_stats N 11 e 1.12 S 0.10 U 1.53 P 145% M 203920 F 0 R 55869 W 0 c 13 w 43 I 0 O 9384 L 1.44 1.14 1.26
@#@FSLOADPOST 2026:09:04:12:46:37 mris_curvature_stats N 11 1.44 1.14 1.26
#--------------------------------------------
#@# Cortical ribbon mask Fri Sep  4 12:46:37 CEST 2026
/home/ts/develop/subject1/derived/FreeSurfer/7.4.1/subjects_dir/sub-01/mri

 mris_volmask --aseg_name aseg.presurf --label_left_white 2 --label_left_ribbon 3 --label_right_white 41 --label_right_ribbon 42 --save_ribbon sub-01 

SUBJECTS_DIR is /home/ts/develop/subject1/derived/FreeSurfer/7.4.1/subjects_dir
loading input data...
Running hemis serially
Processing left hemi
computing distance to left white surface 
computing distance to left pial surface 
Processing right hemi
computing distance to right white surface 
computing distance to right pial surface 
 hemi masks overlap voxels = 19
writing volume /home/ts/develop/subject1/derived/FreeSurfer/7.4.1/subjects_dir/sub-01/mri/ribbon.mgz
mris_volmask took 4.07 minutes
 writing ribbon files
@#@FSTIME  2026:09:04:12:46:37 mris_volmask N 12 e 244.21 S 0.82 U 244.69 P 100% M 1062732 F 13 R 567009 W 0 c 3058 w 116 I 984 O 904 L 1.44 1.14 1.26
@#@FSLOADPOST 2026:09:04:12:50:42 mris_volmask N 12 1.03 1.13 1.23
#-----------------------------------------
#@# Cortical Parc 2 lh Fri Sep  4 12:50:42 CEST 2026
/home/ts/develop/subject1/derived/FreeSurfer/7.4.1/subjects_dir/sub-01/scripts

 mris_ca_label -l ../label/lh.cortex.label -aseg ../mri/aseg.presurf.mgz -seed 1234 sub-01 lh ../surf/lh.sphere.reg /home/ts/software/freesurfer/freesurfer7.4.1/average/lh.CDaparc.atlas.acfb40.noaparc.i12.2016-08-02.gcs ../label/lh.aparc.a2009s.annot 

setting seed for random number generator to 1234
using ../mri/aseg.presurf.mgz aseg volume to correct midline
7.4.1
  7.4.1
reading atlas from /home/ts/software/freesurfer/freesurfer7.4.1/average/lh.CDaparc.atlas.acfb40.noaparc.i12.2016-08-02.gcs...
reading color table from GCSA file....
average std = 3.0   using min determinant for regularization = 0.088
0 singular and 0 ill-conditioned covariance matrices regularized
reading surface from /home/ts/develop/subject1/derived/FreeSurfer/7.4.1/subjects_dir/sub-01/surf/lh.smoothwm...
GCSA::load_default_data(): ninputs=1  sulc_only=0 which_norm=0
labeling surface...
4 labels changed using aseg
relabeling using gibbs priors...
000:   9860 changed, 146406 examined...
001:   2345 changed, 38244 examined...
002:    737 changed, 12360 examined...
003:    327 changed, 4272 examined...
004:    143 changed, 1879 examined...
005:     75 changed, 830 examined...
006:     39 changed, 435 examined...
007:     30 changed, 238 examined...
008:     18 changed, 158 examined...
009:     12 changed, 105 examined...
010:      5 changed, 58 examined...
011:      3 changed, 32 examined...
012:      0 changed, 14 examined...
6 labels changed using aseg
000: 259 total segments, 176 labels (2139 vertices) changed
001: 87 total segments, 6 labels (14 vertices) changed
002: 81 total segments, 0 labels (0 vertices) changed
10 filter iterations complete (10 requested, 39 changed)
rationalizing unknown annotations with cortex label
relabeling Medial_wall label...
relabeling unknown label...
1529 vertices marked for relabeling...
1529 labels changed in reclassification.
writing output to ../label/lh.aparc.a2009s.annot...
classification took 0 minutes and 8 seconds.
@#@FSTIME  2026:09:04:12:50:42 mris_ca_label N 11 e 8.03 S 1.01 U 7.86 P 110% M 2034152 F 0 R 752154 W 0 c 106 w 453 I 42432 O 2296 L 1.03 1.13 1.23
@#@FSLOADPOST 2026:09:04:12:50:50 mris_ca_label N 11 1.77 1.29 1.28
#-----------------------------------------
#@# Cortical Parc 2 rh Fri Sep  4 12:50:50 CEST 2026
/home/ts/develop/subject1/derived/FreeSurfer/7.4.1/subjects_dir/sub-01/scripts

 mris_ca_label -l ../label/rh.cortex.label -aseg ../mri/aseg.presurf.mgz -seed 1234 sub-01 rh ../surf/rh.sphere.reg /home/ts/software/freesurfer/freesurfer7.4.1/average/rh.CDaparc.atlas.acfb40.noaparc.i12.2016-08-02.gcs ../label/rh.aparc.a2009s.annot 

setting seed for random number generator to 1234
using ../mri/aseg.presurf.mgz aseg volume to correct midline
7.4.1
  7.4.1
reading atlas from /home/ts/software/freesurfer/freesurfer7.4.1/average/rh.CDaparc.atlas.acfb40.noaparc.i12.2016-08-02.gcs...
reading color table from GCSA file....
average std = 1.4   using min determinant for regularization = 0.021
0 singular and 0 ill-conditioned covariance matrices regularized
reading surface from /home/ts/develop/subject1/derived/FreeSurfer/7.4.1/subjects_dir/sub-01/surf/rh.smoothwm...
GCSA::load_default_data(): ninputs=1  sulc_only=0 which_norm=0
labeling surface...
78 labels changed using aseg
relabeling using gibbs priors...
000:  10077 changed, 149113 examined...
001:   2368 changed, 38772 examined...
002:    730 changed, 12527 examined...
003:    322 changed, 4134 examined...
004:    141 changed, 1823 examined...
005:     79 changed, 815 examined...
006:     38 changed, 461 examined...
007:     17 changed, 207 examined...
008:     15 changed, 109 examined...
009:      6 changed, 83 examined...
010:      2 changed, 39 examined...
011:      2 changed, 14 examined...
012:      1 changed, 10 examined...
013:      0 changed, 6 examined...
50 labels changed using aseg
000: 267 total segments, 181 labels (3291 vertices) changed
001: 93 total segments, 7 labels (48 vertices) changed
002: 86 total segments, 0 labels (0 vertices) changed
10 filter iterations complete (10 requested, 59 changed)
rationalizing unknown annotations with cortex label
relabeling Medial_wall label...
relabeling unknown label...
1066 vertices marked for relabeling...
1066 labels changed in reclassification.
writing output to ../label/rh.aparc.a2009s.annot...
classification took 0 minutes and 8 seconds.
@#@FSTIME  2026:09:04:12:50:50 mris_ca_label N 11 e 8.03 S 1.08 U 7.81 P 110% M 2105432 F 0 R 788424 W 0 c 116 w 183 I 42776 O 2344 L 1.77 1.29 1.28
@#@FSLOADPOST 2026:09:04:12:50:58 mris_ca_label N 11 1.70 1.28 1.28
#-----------------------------------------
#@# Cortical Parc 3 lh Fri Sep  4 12:50:58 CEST 2026
/home/ts/develop/subject1/derived/FreeSurfer/7.4.1/subjects_dir/sub-01/scripts

 mris_ca_label -l ../label/lh.cortex.label -aseg ../mri/aseg.presurf.mgz -seed 1234 sub-01 lh ../surf/lh.sphere.reg /home/ts/software/freesurfer/freesurfer7.4.1/average/lh.DKTaparc.atlas.acfb40.noaparc.i12.2016-08-02.gcs ../label/lh.aparc.DKTatlas.annot 

setting seed for random number generator to 1234
using ../mri/aseg.presurf.mgz aseg volume to correct midline
7.4.1
  7.4.1
reading atlas from /home/ts/software/freesurfer/freesurfer7.4.1/average/lh.DKTaparc.atlas.acfb40.noaparc.i12.2016-08-02.gcs...
reading color table from GCSA file....
average std = 1.4   using min determinant for regularization = 0.020
0 singular and 383 ill-conditioned covariance matrices regularized
reading surface from /home/ts/develop/subject1/derived/FreeSurfer/7.4.1/subjects_dir/sub-01/surf/lh.smoothwm...
GCSA::load_default_data(): ninputs=1  sulc_only=0 which_norm=0
labeling surface...
1687 labels changed using aseg
relabeling using gibbs priors...
000:   2159 changed, 146406 examined...
001:    495 changed, 10054 examined...
002:    128 changed, 2838 examined...
003:     74 changed, 741 examined...
004:     38 changed, 412 examined...
005:     19 changed, 241 examined...
006:     10 changed, 117 examined...
007:      9 changed, 64 examined...
008:      4 changed, 52 examined...
009:      3 changed, 29 examined...
010:      2 changed, 21 examined...
011:      2 changed, 14 examined...
012:      2 changed, 14 examined...
013:      2 changed, 14 examined...
014:      1 changed, 16 examined...
015:      1 changed, 6 examined...
016:      1 changed, 7 examined...
017:      0 changed, 8 examined...
308 labels changed using aseg
000: 50 total segments, 17 labels (135 vertices) changed
001: 33 total segments, 0 labels (0 vertices) changed
10 filter iterations complete (10 requested, 8 changed)
rationalizing unknown annotations with cortex label
relabeling unknown label...
relabeling corpuscallosum label...
1150 vertices marked for relabeling...
1150 labels changed in reclassification.
writing output to ../label/lh.aparc.DKTatlas.annot...
classification took 0 minutes and 6 seconds.
@#@FSTIME  2026:09:04:12:50:58 mris_ca_label N 11 e 5.65 S 0.49 U 6.04 P 115% M 952532 F 0 R 306951 W 0 c 99 w 483 I 42976 O 2296 L 1.70 1.28 1.28
@#@FSLOADPOST 2026:09:04:12:51:03 mris_ca_label N 11 1.68 1.29 1.28
#-----------------------------------------
#@# Cortical Parc 3 rh Fri Sep  4 12:51:03 CEST 2026
/home/ts/develop/subject1/derived/FreeSurfer/7.4.1/subjects_dir/sub-01/scripts

 mris_ca_label -l ../label/rh.cortex.label -aseg ../mri/aseg.presurf.mgz -seed 1234 sub-01 rh ../surf/rh.sphere.reg /home/ts/software/freesurfer/freesurfer7.4.1/average/rh.DKTaparc.atlas.acfb40.noaparc.i12.2016-08-02.gcs ../label/rh.aparc.DKTatlas.annot 

setting seed for random number generator to 1234
using ../mri/aseg.presurf.mgz aseg volume to correct midline
7.4.1
  7.4.1
reading atlas from /home/ts/software/freesurfer/freesurfer7.4.1/average/rh.DKTaparc.atlas.acfb40.noaparc.i12.2016-08-02.gcs...
reading color table from GCSA file....
average std = 0.9   using min determinant for regularization = 0.009
0 singular and 325 ill-conditioned covariance matrices regularized
reading surface from /home/ts/develop/subject1/derived/FreeSurfer/7.4.1/subjects_dir/sub-01/surf/rh.smoothwm...
GCSA::load_default_data(): ninputs=1  sulc_only=0 which_norm=0
labeling surface...
1744 labels changed using aseg
relabeling using gibbs priors...
000:   2155 changed, 149113 examined...
001:    493 changed, 10049 examined...
002:    151 changed, 2818 examined...
003:     66 changed, 883 examined...
004:     35 changed, 387 examined...
005:     29 changed, 186 examined...
006:     24 changed, 150 examined...
007:     24 changed, 134 examined...
008:     13 changed, 108 examined...
009:      9 changed, 63 examined...
010:     15 changed, 51 examined...
011:     10 changed, 62 examined...
012:      7 changed, 54 examined...
013:     10 changed, 42 examined...
014:     10 changed, 49 examined...
015:      1 changed, 38 examined...
016:      1 changed, 7 examined...
017:      1 changed, 6 examined...
018:      2 changed, 8 examined...
019:      2 changed, 12 examined...
020:      2 changed, 12 examined...
021:      1 changed, 10 examined...
022:      1 changed, 7 examined...
023:      1 changed, 8 examined...
024:      1 changed, 6 examined...
025:      2 changed, 7 examined...
026:      1 changed, 11 examined...
027:      0 changed, 7 examined...
379 labels changed using aseg
000: 54 total segments, 21 labels (103 vertices) changed
001: 33 total segments, 0 labels (0 vertices) changed
10 filter iterations complete (10 requested, 3 changed)
rationalizing unknown annotations with cortex label
relabeling unknown label...
relabeling corpuscallosum label...
781 vertices marked for relabeling...
781 labels changed in reclassification.
writing output to ../label/rh.aparc.DKTatlas.annot...
classification took 0 minutes and 6 seconds.
@#@FSTIME  2026:09:04:12:51:04 mris_ca_label N 11 e 5.77 S 0.48 U 6.16 P 115% M 980872 F 0 R 315253 W 0 c 79 w 375 I 42952 O 2336 L 1.68 1.29 1.28
@#@FSLOADPOST 2026:09:04:12:51:09 mris_ca_label N 11 1.62 1.28 1.28
#-----------------------------------------
#@# WM/GM Contrast lh Fri Sep  4 12:51:09 CEST 2026
/home/ts/develop/subject1/derived/FreeSurfer/7.4.1/subjects_dir/sub-01/scripts

 pctsurfcon --s sub-01 --lh-only 

Log file is /home/ts/develop/subject1/derived/FreeSurfer/7.4.1/subjects_dir/sub-01/scripts/pctsurfcon.log
Fri Sep  4 12:51:09 CEST 2026
setenv SUBJECTS_DIR /home/ts/develop/subject1/derived/FreeSurfer/7.4.1/subjects_dir
cd /home/ts/develop/subject1/derived/FreeSurfer/7.4.1/subjects_dir/sub-01/scripts
/home/ts/software/freesurfer/freesurfer7.4.1/bin/pctsurfcon
pctsurfcon 7.4.1
Linux mini 7.0.0-30-generic #30~24.04.1-Ubuntu SMP PREEMPT_DYNAMIC Fri Aug  7 13:27:52 UTC 2 x86_64 x86_64 x86_64 GNU/Linux
FREESURFER_HOME /home/ts/software/freesurfer/freesurfer7.4.1
mri_vol2surf --mov /home/ts/develop/subject1/derived/FreeSurfer/7.4.1/subjects_dir/sub-01/mri/rawavg.mgz --hemi lh --noreshape --interp trilinear --projdist -1 --o /home/ts/develop/subject1/derived/FreeSurfer/7.4.1/subjects_dir/sub-01/surf/tmp.pctsurfcon.123662/lh.wm.mgh --regheader sub-01 --cortex
srcvol = /home/ts/develop/subject1/derived/FreeSurfer/7.4.1/subjects_dir/sub-01/mri/rawavg.mgz
srcreg unspecified
srcregold = 0
srcwarp unspecified
surf = white
hemi = lh
ProjDist = -1
reshape = 0
interp = trilinear
float2int = round
GetProjMax = 0
INFO: float2int code = 0
INFO: changing type to float
Done loading volume
Computing registration from header.
  Using /home/ts/develop/subject1/derived/FreeSurfer/7.4.1/subjects_dir/sub-01/mri/orig.mgz as target reference.
-------- original matrix -----------
-0.01047   0.99995   0.00000   0.00002;
-0.99995  -0.01047   0.00000  -0.00003;
 0.00000   0.00000   1.00000   0.00000;
 0.00000   0.00000   0.00000   1.00000;
-------- original matrix -----------
Loading label /home/ts/develop/subject1/derived/FreeSurfer/7.4.1/subjects_dir/sub-01/label/lh.cortex.label
Reading surface /home/ts/develop/subject1/derived/FreeSurfer/7.4.1/subjects_dir/sub-01/surf/lh.white
Done reading source surface
Mapping Source Volume onto Source Subject Surface
Projecting -1 -1 1
 1 -1 -1 -1
using old
Done mapping volume to surface
Number of source voxels hit = 84902
Masking with /home/ts/develop/subject1/derived/FreeSurfer/7.4.1/subjects_dir/sub-01/label/lh.cortex.label
Writing to /home/ts/develop/subject1/derived/FreeSurfer/7.4.1/subjects_dir/sub-01/surf/tmp.pctsurfcon.123662/lh.wm.mgh
Dim: 146406 1 1
mri_vol2surf done
mri_vol2surf --mov /home/ts/develop/subject1/derived/FreeSurfer/7.4.1/subjects_dir/sub-01/mri/rawavg.mgz --hemi lh --noreshape --interp trilinear --o /home/ts/develop/subject1/derived/FreeSurfer/7.4.1/subjects_dir/sub-01/surf/tmp.pctsurfcon.123662/lh.gm.mgh --projfrac 0.3 --regheader sub-01 --cortex
srcvol = /home/ts/develop/subject1/derived/FreeSurfer/7.4.1/subjects_dir/sub-01/mri/rawavg.mgz
srcreg unspecified
srcregold = 0
srcwarp unspecified
surf = white
hemi = lh
ProjFrac = 0.3
thickness = thickness
reshape = 0
interp = trilinear
float2int = round
GetProjMax = 0
INFO: float2int code = 0
INFO: changing type to float
Done loading volume
Computing registration from header.
  Using /home/ts/develop/subject1/derived/FreeSurfer/7.4.1/subjects_dir/sub-01/mri/orig.mgz as target reference.
-------- original matrix -----------
-0.01047   0.99995   0.00000   0.00002;
-0.99995  -0.01047   0.00000  -0.00003;
 0.00000   0.00000   1.00000   0.00000;
 0.00000   0.00000   0.00000   1.00000;
-------- original matrix -----------
Loading label /home/ts/develop/subject1/derived/FreeSurfer/7.4.1/subjects_dir/sub-01/label/lh.cortex.label
Reading surface /home/ts/develop/subject1/derived/FreeSurfer/7.4.1/subjects_dir/sub-01/surf/lh.white
Done reading source surface
Reading thickness /home/ts/develop/subject1/derived/FreeSurfer/7.4.1/subjects_dir/sub-01/surf/lh.thickness
Done
Mapping Source Volume onto Source Subject Surface
Projecting 0.3 0.3 1
 1 0.3 0.3 0.3
using old
Done mapping volume to surface
Number of source voxels hit = 98673
Masking with /home/ts/develop/subject1/derived/FreeSurfer/7.4.1/subjects_dir/sub-01/label/lh.cortex.label
Writing to /home/ts/develop/subject1/derived/FreeSurfer/7.4.1/subjects_dir/sub-01/surf/tmp.pctsurfcon.123662/lh.gm.mgh
Dim: 146406 1 1
mri_vol2surf done
mri_concat /home/ts/develop/subject1/derived/FreeSurfer/7.4.1/subjects_dir/sub-01/surf/tmp.pctsurfcon.123662/lh.wm.mgh /home/ts/develop/subject1/derived/FreeSurfer/7.4.1/subjects_dir/sub-01/surf/tmp.pctsurfcon.123662/lh.gm.mgh --paired-diff-norm --mul 100 --o /home/ts/develop/subject1/derived/FreeSurfer/7.4.1/subjects_dir/sub-01/surf/lh.w-g.pct.mgh
ninputs = 2
Checking inputs
nframestot = 2
Allocing output
Done allocing
Combining pairs
nframes = 1
Multiplying by 100.000000
Writing to /home/ts/develop/subject1/derived/FreeSurfer/7.4.1/subjects_dir/sub-01/surf/lh.w-g.pct.mgh
mri_segstats --in /home/ts/develop/subject1/derived/FreeSurfer/7.4.1/subjects_dir/sub-01/surf/lh.w-g.pct.mgh --annot sub-01 lh aparc --sum /home/ts/develop/subject1/derived/FreeSurfer/7.4.1/subjects_dir/sub-01/stats/lh.w-g.pct.stats --snr

7.4.1
cwd 
cmdline mri_segstats --in /home/ts/develop/subject1/derived/FreeSurfer/7.4.1/subjects_dir/sub-01/surf/lh.w-g.pct.mgh --annot sub-01 lh aparc --sum /home/ts/develop/subject1/derived/FreeSurfer/7.4.1/subjects_dir/sub-01/stats/lh.w-g.pct.stats --snr 
sysname  Linux
hostname mini
machine  x86_64
user     ts
whitesurfname  white
UseRobust  0
Constructing seg from annotation

Reading annotation /home/ts/develop/subject1/derived/FreeSurfer/7.4.1/subjects_dir/sub-01/label/lh.aparc.annot
Seg base 1000
MRISannot2seg(): nhits = 137552
Loading /home/ts/develop/subject1/derived/FreeSurfer/7.4.1/subjects_dir/sub-01/surf/lh.w-g.pct.mgh
Vertex Area is 0.688586 mm^3
Generating list of segmentation ids
Found  36 segmentations
Computing statistics for each segmentation

Reporting on  35 segmentations
Using PrintSegStat
mri_segstats done
Cleaning up
@#@FSTIME  2026:09:04:12:51:09 pctsurfcon N 3 e 2.14 S 0.42 U 2.85 P 153% M 297784 F 34 R 210033 W 0 c 73 w 265 I 2136 O 3560 L 1.62 1.28 1.28
@#@FSLOADPOST 2026:09:04:12:51:11 pctsurfcon N 3 1.62 1.28 1.28
#-----------------------------------------
#@# WM/GM Contrast rh Fri Sep  4 12:51:11 CEST 2026
/home/ts/develop/subject1/derived/FreeSurfer/7.4.1/subjects_dir/sub-01/scripts

 pctsurfcon --s sub-01 --rh-only 

Log file is /home/ts/develop/subject1/derived/FreeSurfer/7.4.1/subjects_dir/sub-01/scripts/pctsurfcon.log
Fri Sep  4 12:51:12 CEST 2026
setenv SUBJECTS_DIR /home/ts/develop/subject1/derived/FreeSurfer/7.4.1/subjects_dir
cd /home/ts/develop/subject1/derived/FreeSurfer/7.4.1/subjects_dir/sub-01/scripts
/home/ts/software/freesurfer/freesurfer7.4.1/bin/pctsurfcon
pctsurfcon 7.4.1
Linux mini 7.0.0-30-generic #30~24.04.1-Ubuntu SMP PREEMPT_DYNAMIC Fri Aug  7 13:27:52 UTC 2 x86_64 x86_64 x86_64 GNU/Linux
FREESURFER_HOME /home/ts/software/freesurfer/freesurfer7.4.1
mri_vol2surf --mov /home/ts/develop/subject1/derived/FreeSurfer/7.4.1/subjects_dir/sub-01/mri/rawavg.mgz --hemi rh --noreshape --interp trilinear --projdist -1 --o /home/ts/develop/subject1/derived/FreeSurfer/7.4.1/subjects_dir/sub-01/surf/tmp.pctsurfcon.123768/rh.wm.mgh --regheader sub-01 --cortex
srcvol = /home/ts/develop/subject1/derived/FreeSurfer/7.4.1/subjects_dir/sub-01/mri/rawavg.mgz
srcreg unspecified
srcregold = 0
srcwarp unspecified
surf = white
hemi = rh
ProjDist = -1
reshape = 0
interp = trilinear
float2int = round
GetProjMax = 0
INFO: float2int code = 0
INFO: changing type to float
Done loading volume
Computing registration from header.
  Using /home/ts/develop/subject1/derived/FreeSurfer/7.4.1/subjects_dir/sub-01/mri/orig.mgz as target reference.
-------- original matrix -----------
-0.01047   0.99995   0.00000   0.00002;
-0.99995  -0.01047   0.00000  -0.00003;
 0.00000   0.00000   1.00000   0.00000;
 0.00000   0.00000   0.00000   1.00000;
-------- original matrix -----------
Loading label /home/ts/develop/subject1/derived/FreeSurfer/7.4.1/subjects_dir/sub-01/label/rh.cortex.label
Reading surface /home/ts/develop/subject1/derived/FreeSurfer/7.4.1/subjects_dir/sub-01/surf/rh.white
Done reading source surface
Mapping Source Volume onto Source Subject Surface
Projecting -1 -1 1
 1 -1 -1 -1
using old
Done mapping volume to surface
Number of source voxels hit = 85368
Masking with /home/ts/develop/subject1/derived/FreeSurfer/7.4.1/subjects_dir/sub-01/label/rh.cortex.label
Writing to /home/ts/develop/subject1/derived/FreeSurfer/7.4.1/subjects_dir/sub-01/surf/tmp.pctsurfcon.123768/rh.wm.mgh
Dim: 149113 1 1
mri_vol2surf done
mri_vol2surf --mov /home/ts/develop/subject1/derived/FreeSurfer/7.4.1/subjects_dir/sub-01/mri/rawavg.mgz --hemi rh --noreshape --interp trilinear --o /home/ts/develop/subject1/derived/FreeSurfer/7.4.1/subjects_dir/sub-01/surf/tmp.pctsurfcon.123768/rh.gm.mgh --projfrac 0.3 --regheader sub-01 --cortex
srcvol = /home/ts/develop/subject1/derived/FreeSurfer/7.4.1/subjects_dir/sub-01/mri/rawavg.mgz
srcreg unspecified
srcregold = 0
srcwarp unspecified
surf = white
hemi = rh
ProjFrac = 0.3
thickness = thickness
reshape = 0
interp = trilinear
float2int = round
GetProjMax = 0
INFO: float2int code = 0
INFO: changing type to float
Done loading volume
Computing registration from header.
  Using /home/ts/develop/subject1/derived/FreeSurfer/7.4.1/subjects_dir/sub-01/mri/orig.mgz as target reference.
-------- original matrix -----------
-0.01047   0.99995   0.00000   0.00002;
-0.99995  -0.01047   0.00000  -0.00003;
 0.00000   0.00000   1.00000   0.00000;
 0.00000   0.00000   0.00000   1.00000;
-------- original matrix -----------
Loading label /home/ts/develop/subject1/derived/FreeSurfer/7.4.1/subjects_dir/sub-01/label/rh.cortex.label
Reading surface /home/ts/develop/subject1/derived/FreeSurfer/7.4.1/subjects_dir/sub-01/surf/rh.white
Done reading source surface
Reading thickness /home/ts/develop/subject1/derived/FreeSurfer/7.4.1/subjects_dir/sub-01/surf/rh.thickness
Done
Mapping Source Volume onto Source Subject Surface
Projecting 0.3 0.3 1
 1 0.3 0.3 0.3
using old
Done mapping volume to surface
Number of source voxels hit = 100599
Masking with /home/ts/develop/subject1/derived/FreeSurfer/7.4.1/subjects_dir/sub-01/label/rh.cortex.label
Writing to /home/ts/develop/subject1/derived/FreeSurfer/7.4.1/subjects_dir/sub-01/surf/tmp.pctsurfcon.123768/rh.gm.mgh
Dim: 149113 1 1
mri_vol2surf done
mri_concat /home/ts/develop/subject1/derived/FreeSurfer/7.4.1/subjects_dir/sub-01/surf/tmp.pctsurfcon.123768/rh.wm.mgh /home/ts/develop/subject1/derived/FreeSurfer/7.4.1/subjects_dir/sub-01/surf/tmp.pctsurfcon.123768/rh.gm.mgh --paired-diff-norm --mul 100 --o /home/ts/develop/subject1/derived/FreeSurfer/7.4.1/subjects_dir/sub-01/surf/rh.w-g.pct.mgh
ninputs = 2
Checking inputs
nframestot = 2
Allocing output
Done allocing
Combining pairs
nframes = 1
Multiplying by 100.000000
Writing to /home/ts/develop/subject1/derived/FreeSurfer/7.4.1/subjects_dir/sub-01/surf/rh.w-g.pct.mgh
mri_segstats --in /home/ts/develop/subject1/derived/FreeSurfer/7.4.1/subjects_dir/sub-01/surf/rh.w-g.pct.mgh --annot sub-01 rh aparc --sum /home/ts/develop/subject1/derived/FreeSurfer/7.4.1/subjects_dir/sub-01/stats/rh.w-g.pct.stats --snr

7.4.1
cwd 
cmdline mri_segstats --in /home/ts/develop/subject1/derived/FreeSurfer/7.4.1/subjects_dir/sub-01/surf/rh.w-g.pct.mgh --annot sub-01 rh aparc --sum /home/ts/develop/subject1/derived/FreeSurfer/7.4.1/subjects_dir/sub-01/stats/rh.w-g.pct.stats --snr 
sysname  Linux
hostname mini
machine  x86_64
user     ts
whitesurfname  white
UseRobust  0
Constructing seg from annotation

Reading annotation /home/ts/develop/subject1/derived/FreeSurfer/7.4.1/subjects_dir/sub-01/label/rh.aparc.annot
Seg base 2000
MRISannot2seg(): nhits = 139942
Loading /home/ts/develop/subject1/derived/FreeSurfer/7.4.1/subjects_dir/sub-01/surf/rh.w-g.pct.mgh
Vertex Area is 0.681236 mm^3
Generating list of segmentation ids
Found  36 segmentations
Computing statistics for each segmentation

Reporting on  35 segmentations
Using PrintSegStat
mri_segstats done
Cleaning up
@#@FSTIME  2026:09:04:12:51:11 pctsurfcon N 3 e 2.11 S 0.40 U 2.73 P 148% M 300736 F 0 R 213152 W 0 c 73 w 166 I 0 O 3608 L 1.62 1.28 1.28
@#@FSLOADPOST 2026:09:04:12:51:14 pctsurfcon N 3 1.65 1.30 1.29
#-----------------------------------------
#@# Relabel Hypointensities Fri Sep  4 12:51:14 CEST 2026
/home/ts/develop/subject1/derived/FreeSurfer/7.4.1/subjects_dir/sub-01/mri

 mri_relabel_hypointensities aseg.presurf.mgz ../surf aseg.presurf.hypos.mgz 

reading input surface ../surf/lh.white...
relabeling lh hypointensities...
2600 voxels changed to hypointensity...
reading input surface ../surf/rh.white...
relabeling rh hypointensities...
1425 voxels changed to hypointensity...
3875 hypointense voxels neighboring cortex changed
@#@FSTIME  2026:09:04:12:51:14 mri_relabel_hypointensities N 3 e 7.50 S 0.48 U 8.17 P 115% M 489696 F 18 R 327459 W 0 c 115 w 125 I 1488 O 696 L 1.65 1.30 1.29
@#@FSLOADPOST 2026:09:04:12:51:21 mri_relabel_hypointensities N 3 1.60 1.29 1.28
#-----------------------------------------
#@# APas-to-ASeg Fri Sep  4 12:51:21 CEST 2026
/home/ts/develop/subject1/derived/FreeSurfer/7.4.1/subjects_dir/sub-01/mri

 mri_surf2volseg --o aseg.mgz --i aseg.presurf.hypos.mgz --fix-presurf-with-ribbon /home/ts/develop/subject1/derived/FreeSurfer/7.4.1/subjects_dir/sub-01/mri/ribbon.mgz --threads 8 --lh-cortex-mask /home/ts/develop/subject1/derived/FreeSurfer/7.4.1/subjects_dir/sub-01/label/lh.cortex.label --lh-white /home/ts/develop/subject1/derived/FreeSurfer/7.4.1/subjects_dir/sub-01/surf/lh.white --lh-pial /home/ts/develop/subject1/derived/FreeSurfer/7.4.1/subjects_dir/sub-01/surf/lh.pial --rh-cortex-mask /home/ts/develop/subject1/derived/FreeSurfer/7.4.1/subjects_dir/sub-01/label/rh.cortex.label --rh-white /home/ts/develop/subject1/derived/FreeSurfer/7.4.1/subjects_dir/sub-01/surf/rh.white --rh-pial /home/ts/develop/subject1/derived/FreeSurfer/7.4.1/subjects_dir/sub-01/surf/rh.pial 

SUBJECTS_DIR /home/ts/develop/subject1/derived/FreeSurfer/7.4.1/subjects_dir
outvol aseg.mgz
16 avail.processors, using 8
Loading aseg.presurf.hypos.mgz
Loading /home/ts/develop/subject1/derived/FreeSurfer/7.4.1/subjects_dir/sub-01/mri/ribbon.mgz
Loading /home/ts/develop/subject1/derived/FreeSurfer/7.4.1/subjects_dir/sub-01/surf/lh.white
Loading /home/ts/develop/subject1/derived/FreeSurfer/7.4.1/subjects_dir/sub-01/surf/lh.pial
Loading /home/ts/develop/subject1/derived/FreeSurfer/7.4.1/subjects_dir/sub-01/label/lh.cortex.label
Loading /home/ts/develop/subject1/derived/FreeSurfer/7.4.1/subjects_dir/sub-01/surf/rh.white
Loading /home/ts/develop/subject1/derived/FreeSurfer/7.4.1/subjects_dir/sub-01/surf/rh.pial
Loading /home/ts/develop/subject1/derived/FreeSurfer/7.4.1/subjects_dir/sub-01/label/rh.cortex.label
Done loading
  0 128 192  96  32  64 224 160 225   1 193  33  97  65 226 194   2  34 195 227   3  35 196 228   4  36  66   5 197 229  37   6 198 230  38   7  67 199 
231  39 
  8 200 232  40   9 201 233  41  68 234 202  10  42  11 235 203  43 204 236  12  44  69 205  13 237  45  14 206 238  70  46  15 207 239 
 98  47 240  16 208  71 161  48  17 241 209  49  18 242 210  50  19 
243  72 211  51 244  20 212  52 245  21 213  53 246  22 214 247  23  54  73 215 248  24  55 216 249  25  56 217 250  26  57 218 251  27  58 252 219 
 28  59 
220 253  99 
 29 221  60  30 222 254  61  74 223  31 255  62  63  75  76 162 100  77  78 101  79 
163 129  80 102  81 103  82 164 104  83 105  84  85 106 165  86 107 130  87 108 166  88 109 167 110  89 111 131  90 168 112  91 169 113  92 170 132  93 171  94 114 172  95 133 173 134 174 115 175 135 176 116 177 136 178 117 179 
180 181 118 137 182 183 184 185 186 187 188 189 190 191 119 
138 120 121 122 123 139 
124 125 140 126 141 127 142 143 144 145 146 147 148 149 150 151 152 153 154 155 156 157 158 159 

nrelabeled = 0
ndotcheck = 0
Starting Surf2VolSeg free
free done
#VMPC# mri_surf2volseg VmPeak  1406452
mri_surf2volseg done
@#@FSTIME  2026:09:04:12:51:21 mri_surf2volseg N 20 e 3.91 S 0.51 U 8.14 P 221% M 949668 F 14 R 323951 W 0 c 161 w 177 I 968 O 736 L 1.60 1.29 1.28
@#@FSLOADPOST 2026:09:04:12:51:25 mri_surf2volseg N 20 1.79 1.34 1.30

 mri_brainvol_stats --subject sub-01 

ComputeBrainVolumeStats2 VoxelVol=1, KeepCSF=1
  #CBVS2 MaskVol              1758186.0
  #CBVS2 BrainSegVol          1229368.0
  #CBVS2 BrainSegVolNotVent   1202997.0
  #CBVS2 SupraTentVol         1095589.0
  #CBVS2 SupraTentVolNotVent  1069218.0
  #CBVS2 lhCtxGM               261515.7
  #CBVS2 rhCtxGM               264195.4
  #CBVS2 lhCerebralWM          242654.0
  #CBVS2 rhCerebralWM          240680.0
  #CBVS2 SubCortGMVol           60518.0
  #CBVS2 CerebellumVol         133779.0
  #CBVS2 CerebellumGMVol       111868.0
  #CBVS2 VentChorVol            21693.0
  #CBVS2 3rd4th5thCSF            4678.0
  #CBVS2 AllCSF                 26371.0
  #CBVS2 CCVol                   3994.0
@#@FSTIME  2026:09:04:12:51:25 mri_brainvol_stats N 2 e 1.75 S 0.23 U 3.21 P 196% M 250684 F 26 R 149505 W 0 c 40 w 157 I 3832 O 8 L 1.79 1.34 1.30
@#@FSLOADPOST 2026:09:04:12:51:27 mri_brainvol_stats N 2 1.79 1.34 1.30
#-----------------------------------------
#@# AParc-to-ASeg aparc Fri Sep  4 12:51:27 CEST 2026
/home/ts/develop/subject1/derived/FreeSurfer/7.4.1/subjects_dir/sub-01/mri

 mri_surf2volseg --o aparc+aseg.mgz --label-cortex --i aseg.mgz --threads 8 --lh-annot /home/ts/develop/subject1/derived/FreeSurfer/7.4.1/subjects_dir/sub-01/label/lh.aparc.annot 1000 --lh-cortex-mask /home/ts/develop/subject1/derived/FreeSurfer/7.4.1/subjects_dir/sub-01/label/lh.cortex.label --lh-white /home/ts/develop/subject1/derived/FreeSurfer/7.4.1/subjects_dir/sub-01/surf/lh.white --lh-pial /home/ts/develop/subject1/derived/FreeSurfer/7.4.1/subjects_dir/sub-01/surf/lh.pial --rh-annot /home/ts/develop/subject1/derived/FreeSurfer/7.4.1/subjects_dir/sub-01/label/rh.aparc.annot 2000 --rh-cortex-mask /home/ts/develop/subject1/derived/FreeSurfer/7.4.1/subjects_dir/sub-01/label/rh.cortex.label --rh-white /home/ts/develop/subject1/derived/FreeSurfer/7.4.1/subjects_dir/sub-01/surf/rh.white --rh-pial /home/ts/develop/subject1/derived/FreeSurfer/7.4.1/subjects_dir/sub-01/surf/rh.pial 

SUBJECTS_DIR /home/ts/develop/subject1/derived/FreeSurfer/7.4.1/subjects_dir
outvol aparc+aseg.mgz
16 avail.processors, using 8
Loading aseg.mgz
Loading /home/ts/develop/subject1/derived/FreeSurfer/7.4.1/subjects_dir/sub-01/surf/lh.white
Loading /home/ts/develop/subject1/derived/FreeSurfer/7.4.1/subjects_dir/sub-01/surf/lh.pial
Loading /home/ts/develop/subject1/derived/FreeSurfer/7.4.1/subjects_dir/sub-01/label/lh.cortex.label
Ripping lh vertices labeled not in lh.cortex.label
  ripped 8854 vertices from lh hemi
Loading /home/ts/develop/subject1/derived/FreeSurfer/7.4.1/subjects_dir/sub-01/label/lh.aparc.annot
Loading /home/ts/develop/subject1/derived/FreeSurfer/7.4.1/subjects_dir/sub-01/surf/rh.white
Loading /home/ts/develop/subject1/derived/FreeSurfer/7.4.1/subjects_dir/sub-01/surf/rh.pial
Loading /home/ts/develop/subject1/derived/FreeSurfer/7.4.1/subjects_dir/sub-01/label/rh.cortex.label
Ripping rh vertices labeled not in rh.cortex.label
  ripped 9171 vertices from rh hemi
Loading /home/ts/develop/subject1/derived/FreeSurfer/7.4.1/subjects_dir/sub-01/label/rh.aparc.annot
Done loading
  0 160  64  32 224  96 192 128 193 225  33   1 194   2  34 226   3 195 227  35   4 196 228  36   5 197 229  37   6 230 198  38   7 231 199 
 39 
  8 232 200  40   9 233 201  41  10 234 202  42  11 235 203  43  12 236 204  44  13 237 205  45  14 238 206  15  46 239 
207  16  47 240 208  17  48 241 209  18  49 242 210  19 
 50 243 211  20  51 244 212  21  52 245 213  22  53 246 214  23  54 215 247  24  55 248 216  25  56 249 217  26  57 250 218  27  58 219 251 
 28  59 
220 252  29  60 221  61 253  30 222  62 254  31 223 255  63  65  66 129  67  68  97 130 161  69  70 131  98  71 162  72  99 
132  73 163 133 100  74 164 101 134  75 102 165 135  76 103 136 166  77 104 137  78 167 105 138 106  79 
168 107 139 
 80 169 108 140  81 109 141 170 110 142  82 171 111 143 112  83 144 172 145 113 173  84 146 114 147 174 115  85 148 116 175  86 117 149 176 118  87 150 177 119 
 88 151 178  89 120 179 
152 180 121 153  90 181 154 122  91 182 155 123  92 183 156 184  93 124 185 186 187 188 157 189 190 191 125  94 126 158 127  95 159 

nrelabeled = 0
ndotcheck = 14659
Starting Surf2VolSeg free
free done
#VMPC# mri_surf2volseg VmPeak  1389648
mri_surf2volseg done
@#@FSTIME  2026:09:04:12:51:27 mri_surf2volseg N 25 e 22.71 S 0.54 U 81.85 P 362% M 933060 F 0 R 313280 W 0 c 644 w 130 I 0 O 848 L 1.79 1.34 1.30
@#@FSLOADPOST 2026:09:04:12:51:50 mri_surf2volseg N 25 2.29 1.49 1.35
#-----------------------------------------
#@# AParc-to-ASeg aparc.a2009s Fri Sep  4 12:51:50 CEST 2026
/home/ts/develop/subject1/derived/FreeSurfer/7.4.1/subjects_dir/sub-01/mri

 mri_surf2volseg --o aparc.a2009s+aseg.mgz --label-cortex --i aseg.mgz --threads 8 --lh-annot /home/ts/develop/subject1/derived/FreeSurfer/7.4.1/subjects_dir/sub-01/label/lh.aparc.a2009s.annot 11100 --lh-cortex-mask /home/ts/develop/subject1/derived/FreeSurfer/7.4.1/subjects_dir/sub-01/label/lh.cortex.label --lh-white /home/ts/develop/subject1/derived/FreeSurfer/7.4.1/subjects_dir/sub-01/surf/lh.white --lh-pial /home/ts/develop/subject1/derived/FreeSurfer/7.4.1/subjects_dir/sub-01/surf/lh.pial --rh-annot /home/ts/develop/subject1/derived/FreeSurfer/7.4.1/subjects_dir/sub-01/label/rh.aparc.a2009s.annot 12100 --rh-cortex-mask /home/ts/develop/subject1/derived/FreeSurfer/7.4.1/subjects_dir/sub-01/label/rh.cortex.label --rh-white /home/ts/develop/subject1/derived/FreeSurfer/7.4.1/subjects_dir/sub-01/surf/rh.white --rh-pial /home/ts/develop/subject1/derived/FreeSurfer/7.4.1/subjects_dir/sub-01/surf/rh.pial 

SUBJECTS_DIR /home/ts/develop/subject1/derived/FreeSurfer/7.4.1/subjects_dir
outvol aparc.a2009s+aseg.mgz
16 avail.processors, using 8
Loading aseg.mgz
Loading /home/ts/develop/subject1/derived/FreeSurfer/7.4.1/subjects_dir/sub-01/surf/lh.white
Loading /home/ts/develop/subject1/derived/FreeSurfer/7.4.1/subjects_dir/sub-01/surf/lh.pial
Loading /home/ts/develop/subject1/derived/FreeSurfer/7.4.1/subjects_dir/sub-01/label/lh.cortex.label
Ripping lh vertices labeled not in lh.cortex.label
  ripped 8854 vertices from lh hemi
Loading /home/ts/develop/subject1/derived/FreeSurfer/7.4.1/subjects_dir/sub-01/label/lh.aparc.a2009s.annot
Loading /home/ts/develop/subject1/derived/FreeSurfer/7.4.1/subjects_dir/sub-01/surf/rh.white
Loading /home/ts/develop/subject1/derived/FreeSurfer/7.4.1/subjects_dir/sub-01/surf/rh.pial
Loading /home/ts/develop/subject1/derived/FreeSurfer/7.4.1/subjects_dir/sub-01/label/rh.cortex.label
Ripping rh vertices labeled not in rh.cortex.label
  ripped 9171 vertices from rh hemi
Loading /home/ts/develop/subject1/derived/FreeSurfer/7.4.1/subjects_dir/sub-01/label/rh.aparc.a2009s.annot
Done loading
  0 192 160 128  32  96  64 224 193   1  33 225 194  34 226   2 195  35   3 227 196   4  36 228 197   5  37 229 198   6  38 230 199 
  7  39 
231 200   8  40 232 201   9  41 233  10 202  42 234 203  11  43 235  12 204  44 236  13 205  45 237  14 206  46 238  15 207  47 239 
 16 208  48 240  17 209  49 241  18 210  50 242  19 
211  51  20 243 212  21  52 244 213  22  53 245 214  23  54 246 215  24 216  55 247  25 217  56 248  26 218  57 249  27 219 
 58 250  28 220  59 
251  65  29 221  60 252  30 222  61 253  62 223  31 254 255  63  66 129  67  68  97 161 130  69  70  98  71 131 162  72  99 
132  73 163 100 133  74 164 101 134  75 102 165  76 135 103  77 166 136 104  78 137 105 167  79 
106 138 168 107  80 139 
169 108 140  81 109 170 141 110  82 142 111 171 143  83 112 144 172 113 145  84 173 146 114  85 147 115 174 116 148 175  86 117 149 176  87 118 177 150  88 119 
178 151  89 179 
120 152  90 180 121 153 181  91 122 154 182  92 155 123 183 184  93 156 185 124 186 187 188  94 189 190 191 125 157 126  95 127 158 159 

nrelabeled = 0
ndotcheck = 14659
Starting Surf2VolSeg free
free done
#VMPC# mri_surf2volseg VmPeak  1389672
mri_surf2volseg done
@#@FSTIME  2026:09:04:12:51:50 mri_surf2volseg N 25 e 23.19 S 0.51 U 83.07 P 360% M 933572 F 0 R 312068 W 0 c 541 w 139 I 0 O 920 L 2.29 1.49 1.35
@#@FSLOADPOST 2026:09:04:12:52:13 mri_surf2volseg N 25 2.78 1.65 1.41
#-----------------------------------------
#@# AParc-to-ASeg aparc.DKTatlas Fri Sep  4 12:52:13 CEST 2026
/home/ts/develop/subject1/derived/FreeSurfer/7.4.1/subjects_dir/sub-01/mri

 mri_surf2volseg --o aparc.DKTatlas+aseg.mgz --label-cortex --i aseg.mgz --threads 8 --lh-annot /home/ts/develop/subject1/derived/FreeSurfer/7.4.1/subjects_dir/sub-01/label/lh.aparc.DKTatlas.annot 1000 --lh-cortex-mask /home/ts/develop/subject1/derived/FreeSurfer/7.4.1/subjects_dir/sub-01/label/lh.cortex.label --lh-white /home/ts/develop/subject1/derived/FreeSurfer/7.4.1/subjects_dir/sub-01/surf/lh.white --lh-pial /home/ts/develop/subject1/derived/FreeSurfer/7.4.1/subjects_dir/sub-01/surf/lh.pial --rh-annot /home/ts/develop/subject1/derived/FreeSurfer/7.4.1/subjects_dir/sub-01/label/rh.aparc.DKTatlas.annot 2000 --rh-cortex-mask /home/ts/develop/subject1/derived/FreeSurfer/7.4.1/subjects_dir/sub-01/label/rh.cortex.label --rh-white /home/ts/develop/subject1/derived/FreeSurfer/7.4.1/subjects_dir/sub-01/surf/rh.white --rh-pial /home/ts/develop/subject1/derived/FreeSurfer/7.4.1/subjects_dir/sub-01/surf/rh.pial 

SUBJECTS_DIR /home/ts/develop/subject1/derived/FreeSurfer/7.4.1/subjects_dir
outvol aparc.DKTatlas+aseg.mgz
16 avail.processors, using 8
Loading aseg.mgz
Loading /home/ts/develop/subject1/derived/FreeSurfer/7.4.1/subjects_dir/sub-01/surf/lh.white
Loading /home/ts/develop/subject1/derived/FreeSurfer/7.4.1/subjects_dir/sub-01/surf/lh.pial
Loading /home/ts/develop/subject1/derived/FreeSurfer/7.4.1/subjects_dir/sub-01/label/lh.cortex.label
Ripping lh vertices labeled not in lh.cortex.label
  ripped 8854 vertices from lh hemi
Loading /home/ts/develop/subject1/derived/FreeSurfer/7.4.1/subjects_dir/sub-01/label/lh.aparc.DKTatlas.annot
Loading /home/ts/develop/subject1/derived/FreeSurfer/7.4.1/subjects_dir/sub-01/surf/rh.white
Loading /home/ts/develop/subject1/derived/FreeSurfer/7.4.1/subjects_dir/sub-01/surf/rh.pial
Loading /home/ts/develop/subject1/derived/FreeSurfer/7.4.1/subjects_dir/sub-01/label/rh.cortex.label
Ripping rh vertices labeled not in rh.cortex.label
  ripped 9171 vertices from rh hemi
Loading /home/ts/develop/subject1/derived/FreeSurfer/7.4.1/subjects_dir/sub-01/label/rh.aparc.DKTatlas.annot
Done loading
  0  64  32 192 160 224 128  96 193 225  33   1 194   2  34 226 195  35   3 227   4 196 228  36   5 197 229  37   6 198 230  38   7 199 
231  39 
200   8 232  40 201   9 233  41 202  10 234 203  42  11 235 204  43  12 236 205  44  13 237 206  14  45 238 207  15  46 239 
208  47  16 240 209  48  17 241 210  49  18 242 211  50  19 
243 212  51  20 213 244  52  21 245 214  53  22  54 246 215  23  55 216 247  24  56 217 248  25  57 218 249  26  58 219 
250  27  59 
220 251  28  60 221 252  61  29 222  62 253 223  30 254  31 255  63  65  66 129  67  68  97 130 161  69  70 131  98  71 162  72  99 
132  73 163 100 133  74 164 101 134  75 102 165 135  76 103 166 136  77 104 137 167  78 105 138 106  79 
168 139 
107  80 169 140 108  81 170 141 109 142  82 110 171 143 111  83 172 144 112 145 173  84 146 113 147 174 114  85 148 175 115  86 116 149 176  87 117 177 150 118 178  88 151 179 
119 
 89 152 180 153  90 120 181 154 121 182  91 155 183 122  92 184 156 185 123  93 186 187 188 189 190 191 157 124  94 158 125  95 126 159 
127 
nrelabeled = 0
ndotcheck = 14659
Starting Surf2VolSeg free
free done
#VMPC# mri_surf2volseg VmPeak  1389648
mri_surf2volseg done
@#@FSTIME  2026:09:04:12:52:13 mri_surf2volseg N 25 e 23.42 S 0.51 U 85.20 P 365% M 933312 F 0 R 313166 W 0 c 532 w 123 I 0 O 848 L 2.78 1.65 1.41
@#@FSLOADPOST 2026:09:04:12:52:36 mri_surf2volseg N 25 3.62 1.92 1.50
#-----------------------------------------
#@# WMParc Fri Sep  4 12:52:36 CEST 2026
/home/ts/develop/subject1/derived/FreeSurfer/7.4.1/subjects_dir/sub-01/mri

 mri_surf2volseg --o wmparc.mgz --label-wm --i aparc+aseg.mgz --threads 8 --lh-annot /home/ts/develop/subject1/derived/FreeSurfer/7.4.1/subjects_dir/sub-01/label/lh.aparc.annot 3000 --lh-cortex-mask /home/ts/develop/subject1/derived/FreeSurfer/7.4.1/subjects_dir/sub-01/label/lh.cortex.label --lh-white /home/ts/develop/subject1/derived/FreeSurfer/7.4.1/subjects_dir/sub-01/surf/lh.white --lh-pial /home/ts/develop/subject1/derived/FreeSurfer/7.4.1/subjects_dir/sub-01/surf/lh.pial --rh-annot /home/ts/develop/subject1/derived/FreeSurfer/7.4.1/subjects_dir/sub-01/label/rh.aparc.annot 4000 --rh-cortex-mask /home/ts/develop/subject1/derived/FreeSurfer/7.4.1/subjects_dir/sub-01/label/rh.cortex.label --rh-white /home/ts/develop/subject1/derived/FreeSurfer/7.4.1/subjects_dir/sub-01/surf/rh.white --rh-pial /home/ts/develop/subject1/derived/FreeSurfer/7.4.1/subjects_dir/sub-01/surf/rh.pial 

SUBJECTS_DIR /home/ts/develop/subject1/derived/FreeSurfer/7.4.1/subjects_dir
outvol wmparc.mgz
16 avail.processors, using 8
Loading aparc+aseg.mgz
Loading /home/ts/develop/subject1/derived/FreeSurfer/7.4.1/subjects_dir/sub-01/surf/lh.white
Loading /home/ts/develop/subject1/derived/FreeSurfer/7.4.1/subjects_dir/sub-01/surf/lh.pial
Loading /home/ts/develop/subject1/derived/FreeSurfer/7.4.1/subjects_dir/sub-01/label/lh.cortex.label
Ripping lh vertices labeled not in lh.cortex.label
  ripped 8854 vertices from lh hemi
Loading /home/ts/develop/subject1/derived/FreeSurfer/7.4.1/subjects_dir/sub-01/label/lh.aparc.annot
Loading /home/ts/develop/subject1/derived/FreeSurfer/7.4.1/subjects_dir/sub-01/surf/rh.white
Loading /home/ts/develop/subject1/derived/FreeSurfer/7.4.1/subjects_dir/sub-01/surf/rh.pial
Loading /home/ts/develop/subject1/derived/FreeSurfer/7.4.1/subjects_dir/sub-01/label/rh.cortex.label
Ripping rh vertices labeled not in rh.cortex.label
  ripped 9171 vertices from rh hemi
Loading /home/ts/develop/subject1/derived/FreeSurfer/7.4.1/subjects_dir/sub-01/label/rh.aparc.annot
Done loading
  0 128  32 192  64  96 160 224 193  33  65   1 225 194  34   2 226  66  35 195   3 227 196  36   4 228 197  37   5 229 198  38   6 230 199 
 39 
  7 231 200  40   8 232 201  41   9 233 202  67  42  10 234 203  11  43 204 235  12  44 205 236  13  45 206 237  14  46 207  15 238  47 208 239 
 16  48 209  17  49 240 210  18  50 241 211  19 
 51 242 212  20  52 243 213  53  21 244  68 214  54  22 245 215  23  55 246 216  24  56 247 217  25  57 248 218  26  58 249 219 
 27  59 
250 220  28  60 251 221  29  61 252 222  30  62 223 253  63  31 254 255  69 129  70  71  72 130 161  97  73 131  74  75 132 162  76  98  77 133 163  78  99 
 79 
134 164  80 135 100  81 165  82 136 166 101  83 167 137  84 102 168 138  85 169 103  86 170 139 
 87 104 171  88 140 172 105  89 173 106 174 141  90 175  91 176 107 142 177  92 178 179 
108 143  93 180 181 182  94 109 144 183 184 185 186 187 188 189 190 191  95 110 145 146 111 147 112 148 113 149 114 150 115 116 151 117 152 118 153 119 
120 154 121 122 123 155 124 125 126 156 127 157 158 159 

nrelabeled = 0
ndotcheck = 4306
Starting Surf2VolSeg free
free done
#VMPC# mri_surf2volseg VmPeak  1389592
mri_surf2volseg done
@#@FSTIME  2026:09:04:12:52:36 mri_surf2volseg N 25 e 11.60 S 0.53 U 30.99 P 271% M 933200 F 0 R 321050 W 0 c 327 w 137 I 0 O 952 L 3.62 1.92 1.50
@#@FSLOADPOST 2026:09:04:12:52:48 mri_surf2volseg N 25 3.52 1.96 1.52

 mri_segstats --seed 1234 --seg mri/wmparc.mgz --sum stats/wmparc.stats --pv mri/norm.mgz --excludeid 0 --brainmask mri/brainmask.mgz --in mri/norm.mgz --in-intensity-name norm --in-intensity-units MR --subject sub-01 --surf-wm-vol --ctab /home/ts/software/freesurfer/freesurfer7.4.1/WMParcStatsLUT.txt --etiv 

setting seed for random number genererator to 1234

7.4.1
cwd 
cmdline mri_segstats --seed 1234 --seg mri/wmparc.mgz --sum stats/wmparc.stats --pv mri/norm.mgz --excludeid 0 --brainmask mri/brainmask.mgz --in mri/norm.mgz --in-intensity-name norm --in-intensity-units MR --subject sub-01 --surf-wm-vol --ctab /home/ts/software/freesurfer/freesurfer7.4.1/WMParcStatsLUT.txt --etiv 
sysname  Linux
hostname mini
machine  x86_64
user     ts
whitesurfname  white
UseRobust  0
atlas_icv (eTIV) = 1434701 mm^3    (det: 1.357847 )
Loading mri/wmparc.mgz
Getting Brain Volume Statistics
Loading mri/norm.mgz
Loading mri/norm.mgz
Voxel Volume is 1 mm^3
Generating list of segmentation ids
Found 390 segmentations
Computing statistics for each segmentation

Reporting on  70 segmentations
Using PrintSegStat
mri_segstats done
@#@FSTIME  2026:09:04:12:52:48 mri_segstats N 24 e 133.08 S 0.61 U 275.70 P 207% M 239820 F 0 R 1208206 W 0 c 1944 w 37 I 56 O 24 L 3.52 1.96 1.52
@#@FSLOADPOST 2026:09:04:12:55:01 mri_segstats N 24 1.83 1.95 1.59
#-----------------------------------------
#@# Parcellation Stats lh Fri Sep  4 12:55:01 CEST 2026
/home/ts/develop/subject1/derived/FreeSurfer/7.4.1/subjects_dir/sub-01/scripts

 mris_anatomical_stats -th3 -mgz -cortex ../label/lh.cortex.label -f ../stats/lh.aparc.stats -b -a ../label/lh.aparc.annot -c ../label/aparc.annot.ctab sub-01 lh white 

computing statistics for each annotation in ../label/lh.aparc.annot.
reading volume /home/ts/develop/subject1/derived/FreeSurfer/7.4.1/subjects_dir/sub-01/mri/wm.mgz...
reading input surface /home/ts/develop/subject1/derived/FreeSurfer/7.4.1/subjects_dir/sub-01/surf/lh.white...
reading input pial surface /home/ts/develop/subject1/derived/FreeSurfer/7.4.1/subjects_dir/sub-01/surf/lh.pial...
reading input white surface /home/ts/develop/subject1/derived/FreeSurfer/7.4.1/subjects_dir/sub-01/surf/lh.white...
INFO: using TH3 volume calc
INFO: assuming MGZ format for volumes.
INFO: using ../label/lh.cortex.label as mask to calc cortex NumVert, SurfArea and MeanThickness.
Using TH3 vertex volume calc
Total face volume 261263
Total vertex volume 261068 (mask=0)
Saving annotation colortable ../label/aparc.annot.ctab

table columns are:
    number of vertices
    total surface area (mm^2)
    total gray matter volume (mm^3)
    average cortical thickness +- standard deviation (mm)
    integrated rectified mean curvature
    integrated rectified Gaussian curvature
    folding index
    intrinsic curvature index
    structure name

atlas_icv (eTIV) = 1434701 mm^3    (det: 1.357847 )
 1840   1226   3039  2.552 0.366     0.096     0.015       11     1.2  bankssts
 1163    837   2325  2.587 0.579     0.125     0.021       14     1.2  caudalanteriorcingulate
 4061   2752   7475  2.659 0.315     0.111     0.020       37     3.3  caudalmiddlefrontal
 2105   1509   3058  1.996 0.408     0.151     0.034       31     3.0  cuneus
  710    480   2004  3.382 0.799     0.110     0.025        4     0.8  entorhinal
 4817   3348   9442  2.654 0.546     0.126     0.027       56     5.4  fusiform
 7525   5298  13162  2.357 0.392     0.122     0.022       89     6.8  inferiorparietal
 5121   3551  10524  2.774 0.510     0.112     0.021       49     4.7  inferiortemporal
 1476    973   2334  2.207 0.754     0.102     0.023       13     1.3  isthmuscingulate
 8375   5802  13454  2.166 0.422     0.135     0.026      108     9.2  lateraloccipital
 4257   3065   9279  2.910 0.606     0.133     0.029       49     5.1  lateralorbitofrontal
 3550   2604   6068  2.184 0.574     0.135     0.031       49     4.4  lingual
 3289   2396   6186  2.475 0.657     0.130     0.030       52     4.0  medialorbitofrontal
 5458   3906  13002  2.839 0.579     0.119     0.024       68     5.6  middletemporal
 1302    797   2498  2.684 0.846     0.085     0.019       10     0.8  parahippocampal
 2294   1439   3801  2.536 0.528     0.095     0.018       15     1.7  paracentral
 2495   1707   4994  2.744 0.472     0.116     0.022       24     2.1  parsopercularis
 1146    833   2793  2.846 0.657     0.126     0.029       16     1.3  parsorbitalis
 2038   1383   3449  2.457 0.386     0.117     0.022       20     1.8  parstriangularis
 1774   1232   2153  2.050 0.472     0.114     0.024       15     1.7  pericalcarine
 7313   4860  11093  2.166 0.525     0.113     0.021       69     6.4  postcentral
 1591   1167   3120  2.606 0.498     0.131     0.031       20     2.2  posteriorcingulate
 8425   5338  15262  2.740 0.471     0.104     0.020       63     6.8  precentral
 5762   4009  10172  2.488 0.426     0.119     0.023       62     5.7  precuneus
 1050    833   2696  2.764 0.792     0.137     0.032       16     1.5  rostralanteriorcingulate
 8815   6636  17056  2.443 0.471     0.141     0.030      127    11.0  rostralmiddlefrontal
12250   8502  26273  2.887 0.431     0.122     0.025      123    12.5  superiorfrontal
 7958   5387  13184  2.300 0.368     0.117     0.021       79     6.8  superiorparietal
 7223   4745  15054  2.917 0.678     0.099     0.017       57     5.4  superiortemporal
 6451   4718  12431  2.500 0.453     0.130     0.025       81     6.8  supramarginal
  404    339   1194  2.892 0.435     0.158     0.033        8     0.7  frontalpole
  698    542   2750  3.908 0.495     0.128     0.033       10     0.8  temporalpole
  782    524   1119  2.081 0.509     0.111     0.020        6     0.6  transversetemporal
 4034   2702   8624  3.219 0.755     0.109     0.026       35     4.2  insula
@#@FSTIME  2026:09:04:12:55:01 mris_anatomical_stats N 14 e 6.33 S 0.27 U 7.73 P 126% M 515388 F 18 R 149621 W 0 c 102 w 173 I 1304 O 24 L 1.83 1.95 1.59
@#@FSLOADPOST 2026:09:04:12:55:07 mris_anatomical_stats N 14 1.76 1.94 1.59

 mris_anatomical_stats -th3 -mgz -cortex ../label/lh.cortex.label -f ../stats/lh.aparc.pial.stats -b -a ../label/lh.aparc.annot -c ../label/aparc.annot.ctab sub-01 lh pial 

computing statistics for each annotation in ../label/lh.aparc.annot.
reading volume /home/ts/develop/subject1/derived/FreeSurfer/7.4.1/subjects_dir/sub-01/mri/wm.mgz...
reading input surface /home/ts/develop/subject1/derived/FreeSurfer/7.4.1/subjects_dir/sub-01/surf/lh.pial...
reading input pial surface /home/ts/develop/subject1/derived/FreeSurfer/7.4.1/subjects_dir/sub-01/surf/lh.pial...
reading input white surface /home/ts/develop/subject1/derived/FreeSurfer/7.4.1/subjects_dir/sub-01/surf/lh.white...
INFO: using TH3 volume calc
INFO: assuming MGZ format for volumes.
INFO: using ../label/lh.cortex.label as mask to calc cortex NumVert, SurfArea and MeanThickness.
Using TH3 vertex volume calc
Total face volume 261263
Total vertex volume 261068 (mask=0)
Saving annotation colortable ../label/aparc.annot.ctab

table columns are:
    number of vertices
    total surface area (mm^2)
    total gray matter volume (mm^3)
    average cortical thickness +- standard deviation (mm)
    integrated rectified mean curvature
    integrated rectified Gaussian curvature
    folding index
    intrinsic curvature index
    structure name

atlas_icv (eTIV) = 1434701 mm^3    (det: 1.357847 )
 1840   1154   3039  2.552 0.366     0.096     0.018       36     1.2  bankssts
 1163    951   2325  2.587 0.579     0.139     0.034       66     1.2  caudalanteriorcingulate
 4061   2868   7475  2.659 0.315     0.114     0.026      109     3.1  caudalmiddlefrontal
 2105   1622   3058  1.996 0.408     0.121     0.023       35     1.7  cuneus
  710    681   2004  3.382 0.799     0.153     0.038       43     1.0  entorhinal
 4817   3718   9442  2.654 0.546     0.115     0.024      148     4.0  fusiform
 7525   5790  13162  2.357 0.392     0.119     0.022      168     6.4  inferiorparietal
 5121   3992  10524  2.774 0.510     0.118     0.024      126     4.6  inferiortemporal
 1476   1100   2334  2.207 0.754     0.100     0.023       47     0.9  isthmuscingulate
 8375   6707  13454  2.166 0.422     0.121     0.022      132     6.8  lateraloccipital
 4257   3274   9279  2.910 0.606     0.119     0.028       96     4.0  lateralorbitofrontal
 3550   2961   6068  2.184 0.574     0.105     0.020       57     2.5  lingual
 3289   2716   6186  2.475 0.657     0.118     0.026       64     2.8  medialorbitofrontal
 5458   5077  13002  2.839 0.579     0.131     0.022      107     4.9  middletemporal
 1302   1035   2498  2.684 0.846     0.097     0.018       12     1.0  parahippocampal
 2294   1541   3801  2.536 0.528     0.092     0.015       32     1.3  paracentral
 2495   1905   4994  2.744 0.472     0.107     0.019       32     1.8  parsopercularis
 1146   1137   2793  2.846 0.657     0.129     0.023       10     0.9  parsorbitalis
 2038   1429   3449  2.457 0.386     0.113     0.020       29     1.5  parstriangularis
 1774    908   2153  2.050 0.472     0.094     0.022      100     1.4  pericalcarine
 7313   5429  11093  2.166 0.525     0.106     0.018       93     5.2  postcentral
 1591   1221   3120  2.606 0.498     0.113     0.023       23     1.3  posteriorcingulate
 8425   5672  15262  2.740 0.471     0.099     0.020      211     5.7  precentral
 5762   4113  10172  2.488 0.426     0.110     0.021      110     4.5  precuneus
 1050    985   2696  2.764 0.792     0.125     0.023       16     0.9  rostralanteriorcingulate
 8815   7357  17056  2.443 0.471     0.136     0.028      199     9.5  rostralmiddlefrontal
12250   9580  26273  2.887 0.431     0.124     0.025      216    11.5  superiorfrontal
 7958   5974  13184  2.300 0.368     0.111     0.018       91     5.5  superiorparietal
 7223   5379  15054  2.917 0.678     0.102     0.018      127     4.8  superiortemporal
 6451   5178  12431  2.500 0.453     0.124     0.025      141     6.2  supramarginal
  404    515   1194  2.892 0.435     0.182     0.029        3     0.6  frontalpole
  698    881   2750  3.908 0.495     0.134     0.016        3     0.5  temporalpole
  782    597   1119  2.081 0.509     0.085     0.013        3     0.3  transversetemporal
 4034   2455   8624  3.219 0.755     0.103     0.022       84     2.9  insula
@#@FSTIME  2026:09:04:12:55:07 mris_anatomical_stats N 14 e 6.23 S 0.25 U 7.55 P 125% M 515788 F 0 R 149652 W 0 c 87 w 126 I 0 O 24 L 1.76 1.94 1.59
@#@FSLOADPOST 2026:09:04:12:55:14 mris_anatomical_stats N 14 1.64 1.91 1.58
#-----------------------------------------
#@# Parcellation Stats rh Fri Sep  4 12:55:14 CEST 2026
/home/ts/develop/subject1/derived/FreeSurfer/7.4.1/subjects_dir/sub-01/scripts

 mris_anatomical_stats -th3 -mgz -cortex ../label/rh.cortex.label -f ../stats/rh.aparc.stats -b -a ../label/rh.aparc.annot -c ../label/aparc.annot.ctab sub-01 rh white 

computing statistics for each annotation in ../label/rh.aparc.annot.
reading volume /home/ts/develop/subject1/derived/FreeSurfer/7.4.1/subjects_dir/sub-01/mri/wm.mgz...
reading input surface /home/ts/develop/subject1/derived/FreeSurfer/7.4.1/subjects_dir/sub-01/surf/rh.white...
reading input pial surface /home/ts/develop/subject1/derived/FreeSurfer/7.4.1/subjects_dir/sub-01/surf/rh.pial...
reading input white surface /home/ts/develop/subject1/derived/FreeSurfer/7.4.1/subjects_dir/sub-01/surf/rh.white...
INFO: using TH3 volume calc
INFO: assuming MGZ format for volumes.
INFO: using ../label/rh.cortex.label as mask to calc cortex NumVert, SurfArea and MeanThickness.
Using TH3 vertex volume calc
Total face volume 264060
Total vertex volume 263839 (mask=0)
Saving annotation colortable ../label/aparc.annot.ctab

table columns are:
    number of vertices
    total surface area (mm^2)
    total gray matter volume (mm^3)
    average cortical thickness +- standard deviation (mm)
    integrated rectified mean curvature
    integrated rectified Gaussian curvature
    folding index
    intrinsic curvature index
    structure name

atlas_icv (eTIV) = 1434701 mm^3    (det: 1.357847 )
 1655   1170   2655  2.629 0.414     0.122     0.019       16     1.5  bankssts
 1229    817   2116  2.388 0.661     0.132     0.024       20     1.3  caudalanteriorcingulate
 3562   2376   6889  2.671 0.419     0.116     0.022       32     3.5  caudalmiddlefrontal
 2480   1702   3676  2.064 0.417     0.142     0.032       33     3.2  cuneus
  603    374   1995  3.515 0.773     0.091     0.022        3     0.5  entorhinal
 4694   3157   9605  2.861 0.519     0.117     0.024       50     4.5  fusiform
 9603   6513  17202  2.465 0.457     0.117     0.022      107     9.0  inferiorparietal
 5031   3438  10895  2.894 0.489     0.117     0.021       54     4.4  inferiortemporal
 1506   1037   2406  2.114 0.757     0.116     0.025       17     1.5  isthmuscingulate
 8175   5444  13174  2.302 0.512     0.130     0.026       98     8.8  lateraloccipital
 4261   3055   8776  2.746 0.600     0.138     0.032       54     5.7  lateralorbitofrontal
 4730   3345   7465  2.204 0.584     0.143     0.033       63     6.8  lingual
 3046   2238   6493  2.575 0.701     0.132     0.034       50     4.7  medialorbitofrontal
 5810   3939  13607  2.939 0.571     0.111     0.019       60     4.6  middletemporal
 1089    678   1999  2.589 0.666     0.086     0.019        6     0.8  parahippocampal
 2333   1419   3701  2.527 0.425     0.102     0.021       19     1.9  paracentral
 2501   1775   4830  2.551 0.487     0.124     0.023       30     2.6  parsopercularis
 1577   1165   3887  2.810 0.523     0.139     0.031       22     2.0  parsorbitalis
 2415   1780   4473  2.385 0.422     0.130     0.025       32     2.9  parstriangularis
 2204   1566   2824  2.034 0.442     0.117     0.022       19     2.1  pericalcarine
 6537   4284  10157  2.187 0.580     0.115     0.023       68     6.3  postcentral
 1681   1192   2842  2.321 0.659     0.131     0.027       22     2.1  posteriorcingulate
 8342   5280  14680  2.607 0.522     0.108     0.021       66     7.2  precentral
 5704   3958   9668  2.410 0.407     0.123     0.025       62     5.8  precuneus
  774    551   1660  2.674 0.573     0.125     0.025       10     0.8  rostralanteriorcingulate
 8791   6643  17032  2.400 0.534     0.140     0.031      122    11.9  rostralmiddlefrontal
11436   8141  25188  2.792 0.508     0.131     0.028      132    13.7  superiorfrontal
 8037   5309  12413  2.190 0.390     0.120     0.023       86     7.5  superiorparietal
 7081   4651  14515  2.865 0.527     0.100     0.018       57     5.2  superiortemporal
 7197   4937  12874  2.529 0.491     0.118     0.023       89     6.8  supramarginal
  561    433   1472  2.655 0.520     0.159     0.042       13     1.0  frontalpole
  761    588   3133  4.085 0.633     0.142     0.029       10     1.1  temporalpole
  689    429    931  2.195 0.385     0.137     0.023        8     0.7  transversetemporal
 3847   2586   8607  3.335 0.804     0.110     0.025       31     3.7  insula
@#@FSTIME  2026:09:04:12:55:14 mris_anatomical_stats N 14 e 6.40 S 0.28 U 7.74 P 125% M 524932 F 0 R 152271 W 0 c 82 w 124 I 0 O 24 L 1.64 1.91 1.58
@#@FSLOADPOST 2026:09:04:12:55:20 mris_anatomical_stats N 14 1.59 1.89 1.58

 mris_anatomical_stats -th3 -mgz -cortex ../label/rh.cortex.label -f ../stats/rh.aparc.pial.stats -b -a ../label/rh.aparc.annot -c ../label/aparc.annot.ctab sub-01 rh pial 

computing statistics for each annotation in ../label/rh.aparc.annot.
reading volume /home/ts/develop/subject1/derived/FreeSurfer/7.4.1/subjects_dir/sub-01/mri/wm.mgz...
reading input surface /home/ts/develop/subject1/derived/FreeSurfer/7.4.1/subjects_dir/sub-01/surf/rh.pial...
reading input pial surface /home/ts/develop/subject1/derived/FreeSurfer/7.4.1/subjects_dir/sub-01/surf/rh.pial...
reading input white surface /home/ts/develop/subject1/derived/FreeSurfer/7.4.1/subjects_dir/sub-01/surf/rh.white...
INFO: using TH3 volume calc
INFO: assuming MGZ format for volumes.
INFO: using ../label/rh.cortex.label as mask to calc cortex NumVert, SurfArea and MeanThickness.
Using TH3 vertex volume calc
Total face volume 264060
Total vertex volume 263839 (mask=0)
Saving annotation colortable ../label/aparc.annot.ctab

table columns are:
    number of vertices
    total surface area (mm^2)
    total gray matter volume (mm^3)
    average cortical thickness +- standard deviation (mm)
    integrated rectified mean curvature
    integrated rectified Gaussian curvature
    folding index
    intrinsic curvature index
    structure name

atlas_icv (eTIV) = 1434701 mm^3    (det: 1.357847 )
 1655    889   2655  2.629 0.414     0.099     0.025       38     1.6  bankssts
 1229    906   2116  2.388 0.661     0.129     0.032       30     1.4  caudalanteriorcingulate
 3562   2695   6889  2.671 0.419     0.115     0.021       49     3.2  caudalmiddlefrontal
 2480   1929   3676  2.064 0.417     0.119     0.023       48     2.2  cuneus
  603    721   1995  3.515 0.773     0.154     0.044       12     0.8  entorhinal
 4694   3555   9605  2.861 0.519     0.110     0.025      183     3.9  fusiform
 9603   7286  17202  2.465 0.457     0.114     0.021      154     7.9  inferiorparietal
 5031   3970  10895  2.894 0.489     0.119     0.025      129     4.9  inferiortemporal
 1506   1210   2406  2.114 0.757     0.126     0.029       59     1.4  isthmuscingulate
 8175   6083  13174  2.302 0.512     0.110     0.021      133     6.3  lateraloccipital
 4261   3336   8776  2.746 0.600     0.123     0.027       87     4.0  lateralorbitofrontal
 4730   3572   7465  2.204 0.584     0.112     0.025      149     3.9  lingual
 3046   2745   6493  2.575 0.701     0.124     0.024       46     2.6  medialorbitofrontal
 5810   5052  13607  2.939 0.571     0.122     0.022      110     4.9  middletemporal
 1089    856   1999  2.589 0.666     0.103     0.022       12     0.9  parahippocampal
 2333   1513   3701  2.527 0.425     0.096     0.019       34     1.6  paracentral
 2501   2040   4830  2.551 0.487     0.124     0.022       28     2.3  parsopercularis
 1577   1575   3887  2.810 0.523     0.146     0.028       19     1.9  parsorbitalis
 2415   1951   4473  2.385 0.422     0.123     0.022       26     2.1  parstriangularis
 2204   1307   2824  2.034 0.442     0.090     0.017       28     1.3  pericalcarine
 6537   4960  10157  2.187 0.580     0.105     0.018       82     4.7  postcentral
 1681   1239   2842  2.321 0.659     0.126     0.031       67     1.8  posteriorcingulate
 8342   5863  14680  2.607 0.522     0.103     0.019      132     5.9  precentral
 5704   4006   9668  2.410 0.407     0.111     0.021       97     4.4  precuneus
  774    682   1660  2.674 0.573     0.142     0.034       15     1.0  rostralanteriorcingulate
 8791   7478  17032  2.400 0.534     0.133     0.027      128     9.4  rostralmiddlefrontal
11436   9685  25188  2.792 0.508     0.130     0.026      178    11.7  superiorfrontal
 8037   6065  12413  2.190 0.390     0.115     0.019       84     6.0  superiorparietal
 7081   5361  14515  2.865 0.527     0.101     0.017       99     4.5  superiortemporal
 7197   5183  12874  2.529 0.491     0.110     0.021      109     6.4  supramarginal
  561    667   1472  2.655 0.520     0.179     0.032        6     0.8  frontalpole
  761    976   3133  4.085 0.633     0.157     0.024       22     0.7  temporalpole
  689    442    931  2.195 0.385     0.092     0.017       14     0.3  transversetemporal
 3847   2269   8607  3.335 0.804     0.107     0.026      109     3.0  insula
@#@FSTIME  2026:09:04:12:55:20 mris_anatomical_stats N 14 e 6.38 S 0.29 U 7.72 P 125% M 524776 F 0 R 152283 W 0 c 113 w 132 I 0 O 24 L 1.59 1.89 1.58
@#@FSLOADPOST 2026:09:04:12:55:26 mris_anatomical_stats N 14 1.54 1.88 1.57
#-----------------------------------------
#@# Parcellation Stats 2 lh Fri Sep  4 12:55:26 CEST 2026
/home/ts/develop/subject1/derived/FreeSurfer/7.4.1/subjects_dir/sub-01/scripts

 mris_anatomical_stats -th3 -mgz -cortex ../label/lh.cortex.label -f ../stats/lh.aparc.a2009s.stats -b -a ../label/lh.aparc.a2009s.annot -c ../label/aparc.annot.a2009s.ctab sub-01 lh white 

computing statistics for each annotation in ../label/lh.aparc.a2009s.annot.
reading volume /home/ts/develop/subject1/derived/FreeSurfer/7.4.1/subjects_dir/sub-01/mri/wm.mgz...
reading input surface /home/ts/develop/subject1/derived/FreeSurfer/7.4.1/subjects_dir/sub-01/surf/lh.white...
reading input pial surface /home/ts/develop/subject1/derived/FreeSurfer/7.4.1/subjects_dir/sub-01/surf/lh.pial...
reading input white surface /home/ts/develop/subject1/derived/FreeSurfer/7.4.1/subjects_dir/sub-01/surf/lh.white...
INFO: using TH3 volume calc
INFO: assuming MGZ format for volumes.
INFO: using ../label/lh.cortex.label as mask to calc cortex NumVert, SurfArea and MeanThickness.
Using TH3 vertex volume calc
Total face volume 261263
Total vertex volume 261068 (mask=0)
Saving annotation colortable ../label/aparc.annot.a2009s.ctab

table columns are:
    number of vertices
    total surface area (mm^2)
    total gray matter volume (mm^3)
    average cortical thickness +- standard deviation (mm)
    integrated rectified mean curvature
    integrated rectified Gaussian curvature
    folding index
    intrinsic curvature index
    structure name

atlas_icv (eTIV) = 1434701 mm^3    (det: 1.357847 )
 1301   1030   2500  2.330 0.496     0.143     0.031       17     1.6  G_and_S_frontomargin
 1435   1031   2795  2.355 0.501     0.133     0.024       17     1.4  G_and_S_occipital_inf
 1628    959   2704  2.494 0.579     0.103     0.022       15     1.4  G_and_S_paracentral
 2069   1488   4023  2.629 0.320     0.123     0.023       23     1.9  G_and_S_subcentral
  675    574   1691  2.564 0.561     0.172     0.044       17     1.3  G_and_S_transv_frontopol
 2200   1656   4930  2.888 0.468     0.121     0.025       22     2.4  G_and_S_cingul-Ant
 1422    997   2791  2.835 0.371     0.106     0.022       10     1.4  G_and_S_cingul-Mid-Ant
 1341    962   2535  2.734 0.304     0.119     0.027       11     1.5  G_and_S_cingul-Mid-Post
  484    351   1315  2.882 0.575     0.142     0.041        7     0.8  G_cingul-Post-dorsal
  333    220    611  2.255 0.815     0.107     0.025        4     0.3  G_cingul-Post-ventral
 1874   1358   2886  1.974 0.457     0.152     0.036       29     2.7  G_cuneus
 1570   1068   3888  2.948 0.450     0.123     0.022       18     1.6  G_front_inf-Opercular
  421    294    989  2.593 0.491     0.128     0.026        7     0.4  G_front_inf-Orbital
 1086    753   2438  2.618 0.372     0.132     0.028       16     1.2  G_front_inf-Triangul
 4870   3678  11769  2.663 0.446     0.144     0.031       79     5.9  G_front_middle
 8873   6228  21403  2.949 0.476     0.129     0.027      109     9.8  G_front_sup
  899    593   2170  3.583 0.696     0.103     0.029        7     0.9  G_Ins_lg_and_S_cent_ins
  847    615   2701  3.536 0.740     0.122     0.031       14     1.1  G_insular_short
 2814   1963   5133  2.254 0.422     0.135     0.024       44     3.0  G_occipital_middle
 1419    975   2479  2.249 0.398     0.135     0.025       21     1.4  G_occipital_sup
 1777   1268   4202  2.756 0.564     0.142     0.028       29     2.0  G_oc-temp_lat-fusifor
 2361   1786   4558  2.226 0.562     0.145     0.037       39     3.4  G_oc-temp_med-Lingual
 1694   1077   4058  3.018 0.932     0.107     0.031       16     2.0  G_oc-temp_med-Parahip
 2646   2019   6899  2.883 0.673     0.146     0.033       45     3.5  G_orbital
 2548   1868   5742  2.551 0.394     0.137     0.027       40     2.7  G_pariet_inf-Angular
 3171   2385   7278  2.631 0.448     0.138     0.027       47     3.4  G_pariet_inf-Supramar
 3084   2137   6368  2.463 0.389     0.133     0.025       41     3.1  G_parietal_sup
 2820   1802   4602  2.193 0.508     0.119     0.024       32     2.8  G_postcentral
 2860   1722   6509  2.958 0.382     0.109     0.022       28     2.4  G_precentral
 2651   1916   5715  2.528 0.444     0.124     0.023       36     2.8  G_precuneus
  938    716   2250  2.487 0.606     0.143     0.036       21     1.4  G_rectus
  819    519   1264  2.427 0.923     0.105     0.035        9     1.0  G_subcallosal
  594    394    925  2.076 0.448     0.099     0.017        5     0.4  G_temp_sup-G_T_transv
 2361   1586   6829  3.215 0.644     0.121     0.024       31     2.4  G_temp_sup-Lateral
 1096    718   2874  3.687 0.676     0.076     0.012        3     0.6  G_temp_sup-Plan_polar
 1118    758   2192  2.756 0.493     0.105     0.018       10     0.8  G_temp_sup-Plan_tempo
 2593   1881   6743  2.848 0.565     0.123     0.027       37     2.8  G_temporal_inf
 2874   2132   8622  3.040 0.561     0.133     0.028       45     3.4  G_temporal_middle
  304    213    414  2.334 0.335     0.109     0.016        2     0.2  Lat_Fis-ant-Horizont
  428    295    676  2.638 0.525     0.103     0.018        2     0.3  Lat_Fis-ant-Vertical
 1294    856   1682  2.486 0.537     0.121     0.021       10     1.2  Lat_Fis-post
 2117   1438   3123  1.991 0.355     0.143     0.031       31     2.7  Pole_occipital
 1577   1193   4998  3.365 0.678     0.153     0.047       27     3.1  Pole_temporal
 2223   1525   2909  2.204 0.588     0.111     0.021       16     2.1  S_calcarine
 3364   2224   4029  2.116 0.582     0.104     0.020       20     2.9  S_central
 1076    696   1426  2.373 0.435     0.092     0.014        7     0.6  S_cingul-Marginalis
  662    467   1181  3.102 0.636     0.133     0.029        6     0.9  S_circular_insula_ant
 1482    955   2337  2.946 0.613     0.088     0.015        7     0.9  S_circular_insula_inf
 2043   1302   2914  2.772 0.378     0.090     0.014        8     1.3  S_circular_insula_sup
  993    669   1464  2.514 0.365     0.094     0.014        5     0.6  S_collat_transv_ant
  584    397    682  2.093 0.348     0.130     0.029        4     0.8  S_collat_transv_post
 2801   1930   4140  2.382 0.389     0.119     0.023       30     2.7  S_front_inf
 1648   1134   2221  2.366 0.376     0.120     0.024       13     1.7  S_front_middle
 3177   2222   5209  2.617 0.333     0.109     0.020       24     2.6  S_front_sup
  343    228    423  2.228 0.296     0.126     0.021        2     0.4  S_interm_prim-Jensen
 2675   1796   3513  2.225 0.308     0.103     0.017       17     2.0  S_intrapariet_and_P_trans
 1274    897   1769  2.142 0.351     0.125     0.025       12     1.2  S_oc_middle_and_Lunatus
 1249    844   1632  2.158 0.295     0.117     0.021       11     1.1  S_oc_sup_and_transversal
  865    581   1208  2.277 0.345     0.104     0.018        6     0.6  S_occipital_ant
 1399    922   2083  2.646 0.337     0.092     0.012        6     0.7  S_oc-temp_lat
 2149   1477   3211  2.372 0.497     0.109     0.017       17     1.6  S_oc-temp_med_and_Lingual
  458    306    546  2.145 0.341     0.108     0.024        3     0.4  S_orbital_lateral
  685    471   1068  2.729 0.698     0.117     0.020        5     0.6  S_orbital_med-olfact
 1589   1123   3358  2.967 0.588     0.126     0.027       13     2.1  S_orbital-H_Shaped
 2308   1576   3265  2.306 0.396     0.118     0.023       21     2.2  S_parieto_occipital
 1543    969   1428  1.878 0.493     0.109     0.021       19     1.3  S_pericallosal
 4045   2772   5851  2.215 0.366     0.108     0.019       32     3.2  S_postcentral
 2010   1319   2971  2.668 0.367     0.098     0.016       11     1.3  S_precentral-inf-part
 1420    951   2147  2.496 0.356     0.104     0.019       10     1.1  S_precentral-sup-part
  917    682   1507  2.529 0.548     0.139     0.023       11     1.0  S_suborbital
 1101    735   1510  2.480 0.261     0.109     0.020        6     0.9  S_subparietal
 1572   1043   2145  2.599 0.380     0.104     0.016        9     1.1  S_temporal_inf
 8060   5392  12028  2.430 0.424     0.099     0.016       58     5.7  S_temporal_sup
  551    365    619  2.044 0.482     0.118     0.019        4     0.5  S_temporal_transverse
@#@FSTIME  2026:09:04:12:55:27 mris_anatomical_stats N 14 e 6.48 S 0.28 U 7.76 P 124% M 515896 F 0 R 149658 W 0 c 74 w 123 I 0 O 40 L 1.54 1.88 1.57
@#@FSLOADPOST 2026:09:04:12:55:33 mris_anatomical_stats N 14 1.50 1.86 1.57
#-----------------------------------------
#@# Parcellation Stats 2 rh Fri Sep  4 12:55:33 CEST 2026
/home/ts/develop/subject1/derived/FreeSurfer/7.4.1/subjects_dir/sub-01/scripts

 mris_anatomical_stats -th3 -mgz -cortex ../label/rh.cortex.label -f ../stats/rh.aparc.a2009s.stats -b -a ../label/rh.aparc.a2009s.annot -c ../label/aparc.annot.a2009s.ctab sub-01 rh white 

computing statistics for each annotation in ../label/rh.aparc.a2009s.annot.
reading volume /home/ts/develop/subject1/derived/FreeSurfer/7.4.1/subjects_dir/sub-01/mri/wm.mgz...
reading input surface /home/ts/develop/subject1/derived/FreeSurfer/7.4.1/subjects_dir/sub-01/surf/rh.white...
reading input pial surface /home/ts/develop/subject1/derived/FreeSurfer/7.4.1/subjects_dir/sub-01/surf/rh.pial...
reading input white surface /home/ts/develop/subject1/derived/FreeSurfer/7.4.1/subjects_dir/sub-01/surf/rh.white...
INFO: using TH3 volume calc
INFO: assuming MGZ format for volumes.
INFO: using ../label/rh.cortex.label as mask to calc cortex NumVert, SurfArea and MeanThickness.
Using TH3 vertex volume calc
Total face volume 264060
Total vertex volume 263839 (mask=0)
Saving annotation colortable ../label/aparc.annot.a2009s.ctab

table columns are:
    number of vertices
    total surface area (mm^2)
    total gray matter volume (mm^3)
    average cortical thickness +- standard deviation (mm)
    integrated rectified mean curvature
    integrated rectified Gaussian curvature
    folding index
    intrinsic curvature index
    structure name

atlas_icv (eTIV) = 1434701 mm^3    (det: 1.357847 )
 1035    854   1948  2.182 0.415     0.154     0.040       18     1.8  G_and_S_frontomargin
 1389    904   2818  2.717 0.498     0.120     0.021       16     1.2  G_and_S_occipital_inf
 1452    793   2212  2.453 0.423     0.101     0.025       13     1.4  G_and_S_paracentral
 2142   1558   4608  2.677 0.484     0.145     0.030       35     2.8  G_and_S_subcentral
 1247    998   2972  2.544 0.523     0.162     0.041       25     2.3  G_and_S_transv_frontopol
 3584   2557   7363  2.635 0.567     0.123     0.026       39     4.1  G_and_S_cingul-Ant
 1783   1229   3185  2.600 0.445     0.129     0.026       23     2.0  G_and_S_cingul-Mid-Ant
 1495   1051   2601  2.495 0.408     0.115     0.021       13     1.3  G_and_S_cingul-Mid-Post
  548    392   1422  2.913 0.747     0.154     0.039       10     1.1  G_cingul-Post-dorsal
  382    287    816  2.287 0.662     0.152     0.035        7     0.6  G_cingul-Post-ventral
 2343   1604   3526  2.016 0.455     0.145     0.034       34     3.2  G_cuneus
 1714   1210   4034  2.758 0.489     0.131     0.027       24     1.9  G_front_inf-Opercular
  575    416   1532  2.737 0.401     0.151     0.034       10     0.8  G_front_inf-Orbital
 1014    805   2255  2.508 0.417     0.160     0.034       21     1.7  G_front_inf-Triangul
 3604   2630   8972  2.726 0.547     0.138     0.029       55     4.4  G_front_middle
 6853   4846  17205  2.935 0.501     0.138     0.031       96     8.9  G_front_sup
  794    523   2256  4.076 0.657     0.096     0.028        6     0.8  G_Ins_lg_and_S_cent_ins
  797    590   2756  3.732 0.797     0.141     0.037       12     1.2  G_insular_short
 2447   1635   4970  2.503 0.409     0.132     0.027       37     2.5  G_occipital_middle
 1714   1074   2611  2.154 0.438     0.129     0.027       23     1.9  G_occipital_sup
 2051   1363   5172  3.041 0.584     0.134     0.029       33     2.2  G_oc-temp_lat-fusifor
 2878   2080   5041  2.201 0.654     0.156     0.040       48     5.2  G_oc-temp_med-Lingual
 1207    732   3414  3.184 0.861     0.095     0.026        9     1.0  G_oc-temp_med-Parahip
 3129   2365   8243  2.840 0.595     0.149     0.034       54     4.4  G_orbital
 3702   2531   8007  2.590 0.507     0.129     0.026       56     3.9  G_pariet_inf-Angular
 3340   2321   7129  2.658 0.546     0.124     0.025       59     3.2  G_pariet_inf-Supramar
 2475   1629   4603  2.299 0.428     0.125     0.025       30     2.5  G_parietal_sup
 2209   1338   3585  2.216 0.551     0.109     0.024       21     2.0  G_postcentral
 3300   1967   7058  2.831 0.525     0.108     0.021       31     2.9  G_precentral
 2332   1637   4824  2.470 0.463     0.135     0.030       39     2.7  G_precuneus
  863    631   2278  2.785 0.676     0.159     0.046       21     1.8  G_rectus
  581    412   1155  2.594 0.904     0.126     0.050        8     1.4  G_subcallosal
  516    298    792  2.254 0.431     0.111     0.022        5     0.4  G_temp_sup-G_T_transv
 2455   1602   5921  2.947 0.484     0.109     0.021       28     2.0  G_temp_sup-Lateral
 1054    701   2728  3.639 0.745     0.077     0.013        3     0.6  G_temp_sup-Plan_polar
 1174    769   2202  2.673 0.414     0.107     0.018       10     0.9  G_temp_sup-Plan_tempo
 2604   1784   7033  3.089 0.474     0.130     0.026       38     2.7  G_temporal_inf
 3260   2213   9092  3.131 0.527     0.122     0.023       43     3.0  G_temporal_middle
  548    375    685  2.196 0.377     0.091     0.009        2     0.2  Lat_Fis-ant-Horizont
  169    109    283  2.759 0.338     0.096     0.011        1     0.1  Lat_Fis-ant-Vertical
 1667   1109   2315  2.568 0.443     0.109     0.020       11     1.4  Lat_Fis-post
 3524   2407   5206  2.038 0.481     0.139     0.028       49     4.2  Pole_occipital
 1870   1445   6085  3.329 0.660     0.142     0.032       29     2.8  Pole_temporal
 2641   1801   3402  2.172 0.415     0.105     0.019       17     2.1  S_calcarine
 2961   1978   3366  1.977 0.516     0.108     0.021       17     2.6  S_central
 1097    777   1615  2.313 0.326     0.108     0.021        8     1.0  S_cingul-Marginalis
  712    498   1194  3.086 0.366     0.128     0.027        5     0.9  S_circular_insula_ant
 1228    785   1708  2.769 0.590     0.078     0.011        4     0.6  S_circular_insula_inf
 1636   1057   2229  2.587 0.433     0.094     0.018        6     1.3  S_circular_insula_sup
  951    650   1743  2.681 0.409     0.106     0.024        8     0.8  S_collat_transv_ant
  478    326    580  2.325 0.420     0.125     0.026        3     0.5  S_collat_transv_post
 2119   1456   3018  2.242 0.390     0.113     0.020       19     1.9  S_front_inf
 2773   1993   4531  2.317 0.459     0.125     0.027       26     3.2  S_front_middle
 3059   2192   5272  2.566 0.382     0.121     0.022       29     3.0  S_front_sup
  713    481    912  2.395 0.394     0.114     0.019        4     0.6  S_interm_prim-Jensen
 3795   2615   5200  2.175 0.358     0.115     0.020       33     3.4  S_intrapariet_and_P_trans
 1407    959   1792  2.189 0.313     0.124     0.025       11     1.5  S_oc_middle_and_Lunatus
 1204    787   1414  2.098 0.301     0.100     0.015        8     0.8  S_oc_sup_and_transversal
  809    557   1224  2.342 0.365     0.097     0.014        4     0.6  S_occipital_ant
 1386    916   2091  2.760 0.367     0.093     0.015        6     0.9  S_oc-temp_lat
 2320   1549   3357  2.566 0.419     0.097     0.015       11     1.5  S_oc-temp_med_and_Lingual
  527    371    676  2.132 0.421     0.122     0.028        3     0.7  S_orbital_lateral
  584    419    969  2.490 0.721     0.118     0.027        4     0.7  S_orbital_med-olfact
 1577   1113   2913  2.689 0.547     0.126     0.028       15     1.7  S_orbital-H_Shaped
 2374   1614   3310  2.335 0.362     0.119     0.022       20     2.3  S_parieto_occipital
 1361    900   1114  1.630 0.539     0.123     0.023       20     1.2  S_pericallosal
 3130   2069   3874  2.137 0.363     0.111     0.021       24     2.8  S_postcentral
 2146   1448   3215  2.452 0.342     0.108     0.020       16     1.9  S_precentral-inf-part
 1467    977   2117  2.516 0.389     0.106     0.019        9     1.2  S_precentral-sup-part
  460    331    760  2.404 0.586     0.124     0.021        3     0.4  S_suborbital
 1259    875   1881  2.388 0.329     0.113     0.019        7     1.1  S_subparietal
 1366    935   1873  2.451 0.301     0.105     0.013        8     0.9  S_temporal_inf
 8197   5492  13109  2.593 0.445     0.105     0.018       61     6.5  S_temporal_sup
  385    274    465  2.217 0.493     0.143     0.016        4     0.3  S_temporal_transverse
@#@FSTIME  2026:09:04:12:55:33 mris_anatomical_stats N 14 e 6.58 S 0.26 U 7.96 P 125% M 525040 F 0 R 152262 W 0 c 87 w 123 I 0 O 40 L 1.50 1.86 1.57
@#@FSLOADPOST 2026:09:04:12:55:40 mris_anatomical_stats N 14 1.50 1.85 1.57
#-----------------------------------------
#@# Parcellation Stats 3 lh Fri Sep  4 12:55:40 CEST 2026
/home/ts/develop/subject1/derived/FreeSurfer/7.4.1/subjects_dir/sub-01/scripts

 mris_anatomical_stats -th3 -mgz -cortex ../label/lh.cortex.label -f ../stats/lh.aparc.DKTatlas.stats -b -a ../label/lh.aparc.DKTatlas.annot -c ../label/aparc.annot.DKTatlas.ctab sub-01 lh white 

computing statistics for each annotation in ../label/lh.aparc.DKTatlas.annot.
reading volume /home/ts/develop/subject1/derived/FreeSurfer/7.4.1/subjects_dir/sub-01/mri/wm.mgz...
reading input surface /home/ts/develop/subject1/derived/FreeSurfer/7.4.1/subjects_dir/sub-01/surf/lh.white...
reading input pial surface /home/ts/develop/subject1/derived/FreeSurfer/7.4.1/subjects_dir/sub-01/surf/lh.pial...
reading input white surface /home/ts/develop/subject1/derived/FreeSurfer/7.4.1/subjects_dir/sub-01/surf/lh.white...
INFO: using TH3 volume calc
INFO: assuming MGZ format for volumes.
INFO: using ../label/lh.cortex.label as mask to calc cortex NumVert, SurfArea and MeanThickness.
Using TH3 vertex volume calc
Total face volume 261263
Total vertex volume 261068 (mask=0)
Saving annotation colortable ../label/aparc.annot.DKTatlas.ctab

table columns are:
    number of vertices
    total surface area (mm^2)
    total gray matter volume (mm^3)
    average cortical thickness +- standard deviation (mm)
    integrated rectified mean curvature
    integrated rectified Gaussian curvature
    folding index
    intrinsic curvature index
    structure name

atlas_icv (eTIV) = 1434701 mm^3    (det: 1.357847 )
 1960   1371   3773  2.727 0.543     0.118     0.023       19     2.0  caudalanteriorcingulate
 4366   2970   8076  2.660 0.329     0.112     0.020       40     3.7  caudalmiddlefrontal
 2971   2100   4342  2.065 0.411     0.141     0.031       39     3.8  cuneus
  634    433   1834  3.400 0.799     0.111     0.026        4     0.7  entorhinal
 4315   3021   8241  2.617 0.508     0.122     0.025       47     4.2  fusiform
 7525   5301  13049  2.337 0.389     0.124     0.022       94     7.1  inferiorparietal
 5087   3519  10915  2.802 0.537     0.117     0.026       53     5.4  inferiortemporal
 1495    982   2356  2.225 0.758     0.102     0.023       13     1.3  isthmuscingulate
 8366   5778  13434  2.168 0.429     0.136     0.026      109     9.2  lateraloccipital
 4782   3544  10786  2.887 0.688     0.138     0.031       59     6.5  lateralorbitofrontal
 3594   2645   6168  2.180 0.570     0.136     0.031       50     4.5  lingual
 2540   1911   5169  2.451 0.657     0.136     0.032       45     3.4  medialorbitofrontal
 7439   5223  15995  2.750 0.560     0.112     0.021       80     6.9  middletemporal
 1395    863   2666  2.696 0.844     0.088     0.019       11     0.9  parahippocampal
 2725   1713   4934  2.647 0.571     0.099     0.019       19     2.2  paracentral
 2337   1591   4677  2.775 0.462     0.117     0.022       23     2.0  parsopercularis
 1057    752   2351  2.817 0.539     0.123     0.026       12     1.0  parsorbitalis
 2513   1721   4234  2.409 0.390     0.118     0.022       25     2.5  parstriangularis
 1751   1213   2121  2.055 0.473     0.111     0.023       14     1.6  pericalcarine
 8178   5468  12469  2.190 0.521     0.115     0.021       78     7.2  postcentral
 1710   1233   3230  2.598 0.494     0.131     0.031       21     2.3  posteriorcingulate
 8286   5251  14983  2.745 0.464     0.104     0.020       62     6.7  precentral
 5582   3893  10230  2.517 0.430     0.118     0.023       60     5.5  precuneus
 1705   1236   3509  2.708 0.730     0.128     0.029       21     2.1  rostralanteriorcingulate
 6442   4751  12799  2.487 0.491     0.135     0.028       91     7.2  rostralmiddlefrontal
13215   9416  28173  2.805 0.467     0.127     0.027      149    14.2  superiorfrontal
 6341   4301  10404  2.292 0.347     0.117     0.021       64     5.4  superiorparietal
 9103   6086  20024  2.979 0.703     0.102     0.019       75     7.4  superiortemporal
 6014   4386  11705  2.505 0.461     0.129     0.026       73     6.2  supramarginal
  780    521   1116  2.089 0.514     0.110     0.020        6     0.6  transversetemporal
 3344   2245   7303  3.238 0.705     0.106     0.023       29     3.1  insula
@#@FSTIME  2026:09:04:12:55:40 mris_anatomical_stats N 14 e 6.19 S 0.27 U 7.49 P 125% M 515720 F 0 R 149615 W 0 c 84 w 125 I 0 O 24 L 1.50 1.85 1.57
@#@FSLOADPOST 2026:09:04:12:55:46 mris_anatomical_stats N 14 1.46 1.84 1.57
#-----------------------------------------
#@# Parcellation Stats 3 rh Fri Sep  4 12:55:46 CEST 2026
/home/ts/develop/subject1/derived/FreeSurfer/7.4.1/subjects_dir/sub-01/scripts

 mris_anatomical_stats -th3 -mgz -cortex ../label/rh.cortex.label -f ../stats/rh.aparc.DKTatlas.stats -b -a ../label/rh.aparc.DKTatlas.annot -c ../label/aparc.annot.DKTatlas.ctab sub-01 rh white 

computing statistics for each annotation in ../label/rh.aparc.DKTatlas.annot.
reading volume /home/ts/develop/subject1/derived/FreeSurfer/7.4.1/subjects_dir/sub-01/mri/wm.mgz...
reading input surface /home/ts/develop/subject1/derived/FreeSurfer/7.4.1/subjects_dir/sub-01/surf/rh.white...
reading input pial surface /home/ts/develop/subject1/derived/FreeSurfer/7.4.1/subjects_dir/sub-01/surf/rh.pial...
reading input white surface /home/ts/develop/subject1/derived/FreeSurfer/7.4.1/subjects_dir/sub-01/surf/rh.white...
INFO: using TH3 volume calc
INFO: assuming MGZ format for volumes.
INFO: using ../label/rh.cortex.label as mask to calc cortex NumVert, SurfArea and MeanThickness.
Using TH3 vertex volume calc
Total face volume 264060
Total vertex volume 263839 (mask=0)
Saving annotation colortable ../label/aparc.annot.DKTatlas.ctab

table columns are:
    number of vertices
    total surface area (mm^2)
    total gray matter volume (mm^3)
    average cortical thickness +- standard deviation (mm)
    integrated rectified mean curvature
    integrated rectified Gaussian curvature
    folding index
    intrinsic curvature index
    structure name

atlas_icv (eTIV) = 1434701 mm^3    (det: 1.357847 )
 1507   1017   2805  2.436 0.709     0.132     0.025       25     1.6  caudalanteriorcingulate
 3568   2394   7006  2.675 0.419     0.116     0.022       32     3.5  caudalmiddlefrontal
 3024   2057   4461  2.109 0.434     0.138     0.031       39     3.8  cuneus
  557    340   1916  3.548 0.790     0.086     0.021        3     0.4  entorhinal
 4335   2902   8729  2.862 0.516     0.116     0.023       44     4.1  fusiform
 9387   6360  16794  2.462 0.456     0.118     0.022      105     8.9  inferiorparietal
 5390   3699  11897  2.903 0.494     0.118     0.022       59     4.9  inferiortemporal
 1482   1014   2363  2.123 0.757     0.115     0.025       16     1.5  isthmuscingulate
 8416   5597  13643  2.295 0.515     0.131     0.026      103     9.1  lateraloccipital
 4681   3437   9911  2.666 0.613     0.144     0.034       69     6.8  lateralorbitofrontal
 4641   3287   7326  2.200 0.583     0.143     0.033       62     6.7  lingual
 2156   1609   4884  2.639 0.743     0.141     0.036       34     3.6  medialorbitofrontal
 7236   4896  16063  2.891 0.558     0.109     0.019       71     5.7  middletemporal
 1170    734   2126  2.574 0.675     0.089     0.019        7     0.9  parahippocampal
 2474   1502   4021  2.544 0.428     0.103     0.022       20     2.1  paracentral
 2840   2003   5339  2.517 0.479     0.120     0.023       35     3.1  parsopercularis
 1462   1055   3459  2.909 0.469     0.130     0.026       17     1.6  parsorbitalis
 2231   1655   4089  2.364 0.428     0.133     0.026       27     2.6  parstriangularis
 2158   1535   2786  2.049 0.436     0.117     0.022       19     2.0  pericalcarine
 7163   4699  11024  2.188 0.566     0.116     0.023       74     7.1  postcentral
 1815   1288   3157  2.367 0.625     0.130     0.028       24     2.2  posteriorcingulate
 8173   5166  14338  2.602 0.519     0.109     0.021       65     7.2  precentral
 5779   4009   9873  2.391 0.408     0.122     0.024       63     5.8  precuneus
 1051    721   1999  2.606 0.584     0.119     0.029       13     1.3  rostralanteriorcingulate
 6278   4658  12033  2.409 0.533     0.137     0.030       83     8.0  rostralmiddlefrontal
14452  10501  31342  2.715 0.535     0.133     0.029      183    18.1  superiorfrontal
 6613   4401  10068  2.177 0.379     0.118     0.023       69     6.0  superiorparietal
 8986   6045  19475  2.947 0.648     0.109     0.020       91     7.4  superiortemporal
 6763   4641  12122  2.535 0.494     0.116     0.022       75     6.2  supramarginal
  661    407    907  2.194 0.381     0.131     0.022        7     0.6  transversetemporal
 3493   2339   7884  3.379 0.775     0.107     0.024       26     3.2  insula
@#@FSTIME  2026:09:04:12:55:46 mris_anatomical_stats N 14 e 6.36 S 0.27 U 7.66 P 124% M 525016 F 0 R 152311 W 0 c 74 w 122 I 0 O 24 L 1.46 1.84 1.57
@#@FSLOADPOST 2026:09:04:12:55:52 mris_anatomical_stats N 14 1.42 1.82 1.56
#--------------------------------------------
#@# ASeg Stats Fri Sep  4 12:55:52 CEST 2026
/home/ts/develop/subject1/derived/FreeSurfer/7.4.1/subjects_dir/sub-01

 mri_segstats --seed 1234 --seg mri/aseg.mgz --sum stats/aseg.stats --pv mri/norm.mgz --empty --brainmask mri/brainmask.mgz --brain-vol-from-seg --excludeid 0 --excl-ctxgmwm --supratent --subcortgray --in mri/norm.mgz --in-intensity-name norm --in-intensity-units MR --etiv --surf-wm-vol --surf-ctx-vol --totalgray --euler --ctab /home/ts/software/freesurfer/freesurfer7.4.1/ASegStatsLUT.txt --subject sub-01 

setting seed for random number genererator to 1234

7.4.1
cwd 
cmdline mri_segstats --seed 1234 --seg mri/aseg.mgz --sum stats/aseg.stats --pv mri/norm.mgz --empty --brainmask mri/brainmask.mgz --brain-vol-from-seg --excludeid 0 --excl-ctxgmwm --supratent --subcortgray --in mri/norm.mgz --in-intensity-name norm --in-intensity-units MR --etiv --surf-wm-vol --surf-ctx-vol --totalgray --euler --ctab /home/ts/software/freesurfer/freesurfer7.4.1/ASegStatsLUT.txt --subject sub-01 
sysname  Linux
hostname mini
machine  x86_64
user     ts
whitesurfname  white
UseRobust  0
atlas_icv (eTIV) = 1434701 mm^3    (det: 1.357847 )
Computing euler number
orig.nofix lheno =  -16, rheno = -20
orig.nofix lhholes =    9, rhholes = 11
Loading mri/aseg.mgz
Getting Brain Volume Statistics
Loading mri/norm.mgz
Loading mri/norm.mgz
Voxel Volume is 1 mm^3
Generating list of segmentation ids
Found  50 segmentations
Computing statistics for each segmentation

Reporting on  45 segmentations
Using PrintSegStat
mri_segstats done
@#@FSTIME  2026:09:04:12:55:52 mri_segstats N 32 e 24.16 S 0.47 U 151.50 P 628% M 297820 F 0 R 764970 W 0 c 503 w 89 I 0 O 24 L 1.42 1.82 1.56
@#@FSLOADPOST 2026:09:04:12:56:16 mri_segstats N 32 2.70 2.09 1.66
/home/ts/develop/subject1/derived/FreeSurfer/7.4.1/subjects_dir/sub-01/label
INFO: fsaverage subject does not exist in SUBJECTS_DIR
INFO: Creating symlink to fsaverage subject...

 cd /home/ts/develop/subject1/derived/FreeSurfer/7.4.1/subjects_dir; ln -s /home/ts/software/freesurfer/freesurfer7.4.1/subjects/fsaverage; cd - 

#--------------------------------------------
#@# BA_exvivo Labels lh Fri Sep  4 12:56:16 CEST 2026

 mri_label2label --srcsubject fsaverage --srclabel /home/ts/develop/subject1/derived/FreeSurfer/7.4.1/subjects_dir/fsaverage/label/lh.BA1_exvivo.label --trgsubject sub-01 --trglabel ./lh.BA1_exvivo.label --hemi lh --regmethod surface 


srclabel = /home/ts/develop/subject1/derived/FreeSurfer/7.4.1/subjects_dir/fsaverage/label/lh.BA1_exvivo.label
srcsubject = fsaverage
trgsubject = sub-01
trglabel = ./lh.BA1_exvivo.label
regmethod = surface

srchemi = lh
trghemi = lh
trgsurface = white
srcsurfreg = sphere.reg
trgsurfreg = sphere.reg
usehash = 1
Use ProjAbs  = 0, 0
Use ProjFrac = 0, 0
DoPaint 0

SUBJECTS_DIR    /home/ts/develop/subject1/derived/FreeSurfer/7.4.1/subjects_dir
FREESURFER_HOME /home/ts/software/freesurfer/freesurfer7.4.1
Loading source label.
Found 4129 points in source label.
Starting surface-based mapping
Reading source registration 
 /home/ts/develop/subject1/derived/FreeSurfer/7.4.1/subjects_dir/fsaverage/surf/lh.sphere.reg
Rescaling ...  original radius = 100
Reading target surface 
 /home/ts/develop/subject1/derived/FreeSurfer/7.4.1/subjects_dir/sub-01/surf/lh.white
Reading target registration 
 /home/ts/develop/subject1/derived/FreeSurfer/7.4.1/subjects_dir/sub-01/surf/lh.sphere.reg
Rescaling ...  original radius = 100
Building target registration hash (res=16).
Building source registration hash (res=16).
INFO: found  4129 nlabel points
Performing mapping from target back to the source label 146406
Number of reverse mapping hits = 321
Checking for and removing duplicates
Writing label file ./lh.BA1_exvivo.label 4450
mri_label2label: Done

@#@FSTIME  2026:09:04:12:56:16 mri_label2label N 12 e 2.76 S 0.31 U 3.39 P 134% M 579236 F 2 R 173941 W 0 c 38 w 108 I 16272 O 312 L 2.70 2.09 1.66
@#@FSLOADPOST 2026:09:04:12:56:19 mri_label2label N 12 2.57 2.07 1.65

 mri_label2label --srcsubject fsaverage --srclabel /home/ts/develop/subject1/derived/FreeSurfer/7.4.1/subjects_dir/fsaverage/label/lh.BA2_exvivo.label --trgsubject sub-01 --trglabel ./lh.BA2_exvivo.label --hemi lh --regmethod surface 


srclabel = /home/ts/develop/subject1/derived/FreeSurfer/7.4.1/subjects_dir/fsaverage/label/lh.BA2_exvivo.label
srcsubject = fsaverage
trgsubject = sub-01
trglabel = ./lh.BA2_exvivo.label
regmethod = surface

srchemi = lh
trghemi = lh
trgsurface = white
srcsurfreg = sphere.reg
trgsurfreg = sphere.reg
usehash = 1
Use ProjAbs  = 0, 0
Use ProjFrac = 0, 0
DoPaint 0

SUBJECTS_DIR    /home/ts/develop/subject1/derived/FreeSurfer/7.4.1/subjects_dir
FREESURFER_HOME /home/ts/software/freesurfer/freesurfer7.4.1
Loading source label.
Found 7909 points in source label.
Starting surface-based mapping
Reading source registration 
 /home/ts/develop/subject1/derived/FreeSurfer/7.4.1/subjects_dir/fsaverage/surf/lh.sphere.reg
Rescaling ...  original radius = 100
Reading target surface 
 /home/ts/develop/subject1/derived/FreeSurfer/7.4.1/subjects_dir/sub-01/surf/lh.white
Reading target registration 
 /home/ts/develop/subject1/derived/FreeSurfer/7.4.1/subjects_dir/sub-01/surf/lh.sphere.reg
Rescaling ...  original radius = 100
Building target registration hash (res=16).
Building source registration hash (res=16).
INFO: found  7909 nlabel points
Performing mapping from target back to the source label 146406
Number of reverse mapping hits = 749
Checking for and removing duplicates
Writing label file ./lh.BA2_exvivo.label 8658
mri_label2label: Done

@#@FSTIME  2026:09:04:12:56:19 mri_label2label N 12 e 3.25 S 0.30 U 3.90 P 129% M 580016 F 0 R 173979 W 0 c 55 w 87 I 632 O 616 L 2.57 2.07 1.65
@#@FSLOADPOST 2026:09:04:12:56:23 mri_label2label N 12 2.57 2.07 1.65

 mri_label2label --srcsubject fsaverage --srclabel /home/ts/develop/subject1/derived/FreeSurfer/7.4.1/subjects_dir/fsaverage/label/lh.BA3a_exvivo.label --trgsubject sub-01 --trglabel ./lh.BA3a_exvivo.label --hemi lh --regmethod surface 


srclabel = /home/ts/develop/subject1/derived/FreeSurfer/7.4.1/subjects_dir/fsaverage/label/lh.BA3a_exvivo.label
srcsubject = fsaverage
trgsubject = sub-01
trglabel = ./lh.BA3a_exvivo.label
regmethod = surface

srchemi = lh
trghemi = lh
trgsurface = white
srcsurfreg = sphere.reg
trgsurfreg = sphere.reg
usehash = 1
Use ProjAbs  = 0, 0
Use ProjFrac = 0, 0
DoPaint 0

SUBJECTS_DIR    /home/ts/develop/subject1/derived/FreeSurfer/7.4.1/subjects_dir
FREESURFER_HOME /home/ts/software/freesurfer/freesurfer7.4.1
Loading source label.
Found 4077 points in source label.
Starting surface-based mapping
Reading source registration 
 /home/ts/develop/subject1/derived/FreeSurfer/7.4.1/subjects_dir/fsaverage/surf/lh.sphere.reg
Rescaling ...  original radius = 100
Reading target surface 
 /home/ts/develop/subject1/derived/FreeSurfer/7.4.1/subjects_dir/sub-01/surf/lh.white
Reading target registration 
 /home/ts/develop/subject1/derived/FreeSurfer/7.4.1/subjects_dir/sub-01/surf/lh.sphere.reg
Rescaling ...  original radius = 100
Building target registration hash (res=16).
Building source registration hash (res=16).
INFO: found  4077 nlabel points
Performing mapping from target back to the source label 146406
Number of reverse mapping hits = 123
Checking for and removing duplicates
Writing label file ./lh.BA3a_exvivo.label 4200
mri_label2label: Done

@#@FSTIME  2026:09:04:12:56:23 mri_label2label N 12 e 2.74 S 0.30 U 3.53 P 140% M 579452 F 0 R 173881 W 0 c 62 w 96 I 320 O 256 L 2.57 2.07 1.65
@#@FSLOADPOST 2026:09:04:12:56:25 mri_label2label N 12 3.00 2.17 1.69

 mri_label2label --srcsubject fsaverage --srclabel /home/ts/develop/subject1/derived/FreeSurfer/7.4.1/subjects_dir/fsaverage/label/lh.BA3b_exvivo.label --trgsubject sub-01 --trglabel ./lh.BA3b_exvivo.label --hemi lh --regmethod surface 


srclabel = /home/ts/develop/subject1/derived/FreeSurfer/7.4.1/subjects_dir/fsaverage/label/lh.BA3b_exvivo.label
srcsubject = fsaverage
trgsubject = sub-01
trglabel = ./lh.BA3b_exvivo.label
regmethod = surface

srchemi = lh
trghemi = lh
trgsurface = white
srcsurfreg = sphere.reg
trgsurfreg = sphere.reg
usehash = 1
Use ProjAbs  = 0, 0
Use ProjFrac = 0, 0
DoPaint 0

SUBJECTS_DIR    /home/ts/develop/subject1/derived/FreeSurfer/7.4.1/subjects_dir
FREESURFER_HOME /home/ts/software/freesurfer/freesurfer7.4.1
Loading source label.
Found 5983 points in source label.
Starting surface-based mapping
Reading source registration 
 /home/ts/develop/subject1/derived/FreeSurfer/7.4.1/subjects_dir/fsaverage/surf/lh.sphere.reg
Rescaling ...  original radius = 100
Reading target surface 
 /home/ts/develop/subject1/derived/FreeSurfer/7.4.1/subjects_dir/sub-01/surf/lh.white
Reading target registration 
 /home/ts/develop/subject1/derived/FreeSurfer/7.4.1/subjects_dir/sub-01/surf/lh.sphere.reg
Rescaling ...  original radius = 100
Building target registration hash (res=16).
Building source registration hash (res=16).
INFO: found  5983 nlabel points
Performing mapping from target back to the source label 146406
Number of reverse mapping hits = 352
Checking for and removing duplicates
Writing label file ./lh.BA3b_exvivo.label 6335
mri_label2label: Done

@#@FSTIME  2026:09:04:12:56:25 mri_label2label N 12 e 2.95 S 0.29 U 3.65 P 133% M 579564 F 0 R 173986 W 0 c 50 w 87 I 472 O 416 L 3.00 2.17 1.69
@#@FSLOADPOST 2026:09:04:12:56:28 mri_label2label N 12 3.00 2.17 1.69

 mri_label2label --srcsubject fsaverage --srclabel /home/ts/develop/subject1/derived/FreeSurfer/7.4.1/subjects_dir/fsaverage/label/lh.BA4a_exvivo.label --trgsubject sub-01 --trglabel ./lh.BA4a_exvivo.label --hemi lh --regmethod surface 


srclabel = /home/ts/develop/subject1/derived/FreeSurfer/7.4.1/subjects_dir/fsaverage/label/lh.BA4a_exvivo.label
srcsubject = fsaverage
trgsubject = sub-01
trglabel = ./lh.BA4a_exvivo.label
regmethod = surface

srchemi = lh
trghemi = lh
trgsurface = white
srcsurfreg = sphere.reg
trgsurfreg = sphere.reg
usehash = 1
Use ProjAbs  = 0, 0
Use ProjFrac = 0, 0
DoPaint 0

SUBJECTS_DIR    /home/ts/develop/subject1/derived/FreeSurfer/7.4.1/subjects_dir
FREESURFER_HOME /home/ts/software/freesurfer/freesurfer7.4.1
Loading source label.
Found 5784 points in source label.
Starting surface-based mapping
Reading source registration 
 /home/ts/develop/subject1/derived/FreeSurfer/7.4.1/subjects_dir/fsaverage/surf/lh.sphere.reg
Rescaling ...  original radius = 100
Reading target surface 
 /home/ts/develop/subject1/derived/FreeSurfer/7.4.1/subjects_dir/sub-01/surf/lh.white
Reading target registration 
 /home/ts/develop/subject1/derived/FreeSurfer/7.4.1/subjects_dir/sub-01/surf/lh.sphere.reg
Rescaling ...  original radius = 100
Building target registration hash (res=16).
Building source registration hash (res=16).
INFO: found  5784 nlabel points
Performing mapping from target back to the source label 146406
Number of reverse mapping hits = 288
Checking for and removing duplicates
Writing label file ./lh.BA4a_exvivo.label 6072
mri_label2label: Done

@#@FSTIME  2026:09:04:12:56:28 mri_label2label N 12 e 2.94 S 0.31 U 3.59 P 133% M 579388 F 0 R 173989 W 0 c 41 w 93 I 456 O 392 L 3.00 2.17 1.69
@#@FSLOADPOST 2026:09:04:12:56:31 mri_label2label N 12 3.40 2.27 1.72

 mri_label2label --srcsubject fsaverage --srclabel /home/ts/develop/subject1/derived/FreeSurfer/7.4.1/subjects_dir/fsaverage/label/lh.BA4p_exvivo.label --trgsubject sub-01 --trglabel ./lh.BA4p_exvivo.label --hemi lh --regmethod surface 


srclabel = /home/ts/develop/subject1/derived/FreeSurfer/7.4.1/subjects_dir/fsaverage/label/lh.BA4p_exvivo.label
srcsubject = fsaverage
trgsubject = sub-01
trglabel = ./lh.BA4p_exvivo.label
regmethod = surface

srchemi = lh
trghemi = lh
trgsurface = white
srcsurfreg = sphere.reg
trgsurfreg = sphere.reg
usehash = 1
Use ProjAbs  = 0, 0
Use ProjFrac = 0, 0
DoPaint 0

SUBJECTS_DIR    /home/ts/develop/subject1/derived/FreeSurfer/7.4.1/subjects_dir
FREESURFER_HOME /home/ts/software/freesurfer/freesurfer7.4.1
Loading source label.
Found 4070 points in source label.
Starting surface-based mapping
Reading source registration 
 /home/ts/develop/subject1/derived/FreeSurfer/7.4.1/subjects_dir/fsaverage/surf/lh.sphere.reg
Rescaling ...  original radius = 100
Reading target surface 
 /home/ts/develop/subject1/derived/FreeSurfer/7.4.1/subjects_dir/sub-01/surf/lh.white
Reading target registration 
 /home/ts/develop/subject1/derived/FreeSurfer/7.4.1/subjects_dir/sub-01/surf/lh.sphere.reg
Rescaling ...  original radius = 100
Building target registration hash (res=16).
Building source registration hash (res=16).
INFO: found  4070 nlabel points
Performing mapping from target back to the source label 146406
Number of reverse mapping hits = 177
Checking for and removing duplicates
Writing label file ./lh.BA4p_exvivo.label 4247
mri_label2label: Done

@#@FSTIME  2026:09:04:12:56:31 mri_label2label N 12 e 2.67 S 0.29 U 3.33 P 135% M 579556 F 0 R 173914 W 0 c 42 w 84 I 320 O 264 L 3.40 2.27 1.72
@#@FSLOADPOST 2026:09:04:12:56:34 mri_label2label N 12 3.21 2.25 1.72

 mri_label2label --srcsubject fsaverage --srclabel /home/ts/develop/subject1/derived/FreeSurfer/7.4.1/subjects_dir/fsaverage/label/lh.BA6_exvivo.label --trgsubject sub-01 --trglabel ./lh.BA6_exvivo.label --hemi lh --regmethod surface 


srclabel = /home/ts/develop/subject1/derived/FreeSurfer/7.4.1/subjects_dir/fsaverage/label/lh.BA6_exvivo.label
srcsubject = fsaverage
trgsubject = sub-01
trglabel = ./lh.BA6_exvivo.label
regmethod = surface

srchemi = lh
trghemi = lh
trgsurface = white
srcsurfreg = sphere.reg
trgsurfreg = sphere.reg
usehash = 1
Use ProjAbs  = 0, 0
Use ProjFrac = 0, 0
DoPaint 0

SUBJECTS_DIR    /home/ts/develop/subject1/derived/FreeSurfer/7.4.1/subjects_dir
FREESURFER_HOME /home/ts/software/freesurfer/freesurfer7.4.1
Loading source label.
Found 13589 points in source label.
Starting surface-based mapping
Reading source registration 
 /home/ts/develop/subject1/derived/FreeSurfer/7.4.1/subjects_dir/fsaverage/surf/lh.sphere.reg
Rescaling ...  original radius = 100
Reading target surface 
 /home/ts/develop/subject1/derived/FreeSurfer/7.4.1/subjects_dir/sub-01/surf/lh.white
Reading target registration 
 /home/ts/develop/subject1/derived/FreeSurfer/7.4.1/subjects_dir/sub-01/surf/lh.sphere.reg
Rescaling ...  original radius = 100
Building target registration hash (res=16).
Building source registration hash (res=16).
INFO: found  13589 nlabel points
Performing mapping from target back to the source label 146406
Number of reverse mapping hits = 1315
Checking for and removing duplicates
Writing label file ./lh.BA6_exvivo.label 14904
mri_label2label: Done

@#@FSTIME  2026:09:04:12:56:34 mri_label2label N 12 e 3.97 S 0.32 U 4.62 P 124% M 580448 F 0 R 174126 W 0 c 52 w 88 I 1056 O 1056 L 3.21 2.25 1.72
@#@FSLOADPOST 2026:09:04:12:56:38 mri_label2label N 12 3.21 2.25 1.72

 mri_label2label --srcsubject fsaverage --srclabel /home/ts/develop/subject1/derived/FreeSurfer/7.4.1/subjects_dir/fsaverage/label/lh.BA44_exvivo.label --trgsubject sub-01 --trglabel ./lh.BA44_exvivo.label --hemi lh --regmethod surface 


srclabel = /home/ts/develop/subject1/derived/FreeSurfer/7.4.1/subjects_dir/fsaverage/label/lh.BA44_exvivo.label
srcsubject = fsaverage
trgsubject = sub-01
trglabel = ./lh.BA44_exvivo.label
regmethod = surface

srchemi = lh
trghemi = lh
trgsurface = white
srcsurfreg = sphere.reg
trgsurfreg = sphere.reg
usehash = 1
Use ProjAbs  = 0, 0
Use ProjFrac = 0, 0
DoPaint 0

SUBJECTS_DIR    /home/ts/develop/subject1/derived/FreeSurfer/7.4.1/subjects_dir
FREESURFER_HOME /home/ts/software/freesurfer/freesurfer7.4.1
Loading source label.
Found 4181 points in source label.
Starting surface-based mapping
Reading source registration 
 /home/ts/develop/subject1/derived/FreeSurfer/7.4.1/subjects_dir/fsaverage/surf/lh.sphere.reg
Rescaling ...  original radius = 100
Reading target surface 
 /home/ts/develop/subject1/derived/FreeSurfer/7.4.1/subjects_dir/sub-01/surf/lh.white
Reading target registration 
 /home/ts/develop/subject1/derived/FreeSurfer/7.4.1/subjects_dir/sub-01/surf/lh.sphere.reg
Rescaling ...  original radius = 100
Building target registration hash (res=16).
Building source registration hash (res=16).
INFO: found  4181 nlabel points
Performing mapping from target back to the source label 146406
Number of reverse mapping hits = 312
Checking for and removing duplicates
Writing label file ./lh.BA44_exvivo.label 4493
mri_label2label: Done

@#@FSTIME  2026:09:04:12:56:38 mri_label2label N 12 e 2.69 S 0.32 U 3.34 P 136% M 579492 F 0 R 173972 W 0 c 36 w 88 I 328 O 312 L 3.21 2.25 1.72
@#@FSLOADPOST 2026:09:04:12:56:41 mri_label2label N 12 3.03 2.23 1.72

 mri_label2label --srcsubject fsaverage --srclabel /home/ts/develop/subject1/derived/FreeSurfer/7.4.1/subjects_dir/fsaverage/label/lh.BA45_exvivo.label --trgsubject sub-01 --trglabel ./lh.BA45_exvivo.label --hemi lh --regmethod surface 


srclabel = /home/ts/develop/subject1/derived/FreeSurfer/7.4.1/subjects_dir/fsaverage/label/lh.BA45_exvivo.label
srcsubject = fsaverage
trgsubject = sub-01
trglabel = ./lh.BA45_exvivo.label
regmethod = surface

srchemi = lh
trghemi = lh
trgsurface = white
srcsurfreg = sphere.reg
trgsurfreg = sphere.reg
usehash = 1
Use ProjAbs  = 0, 0
Use ProjFrac = 0, 0
DoPaint 0

SUBJECTS_DIR    /home/ts/develop/subject1/derived/FreeSurfer/7.4.1/subjects_dir
FREESURFER_HOME /home/ts/software/freesurfer/freesurfer7.4.1
Loading source label.
Found 3422 points in source label.
Starting surface-based mapping
Reading source registration 
 /home/ts/develop/subject1/derived/FreeSurfer/7.4.1/subjects_dir/fsaverage/surf/lh.sphere.reg
Rescaling ...  original radius = 100
Reading target surface 
 /home/ts/develop/subject1/derived/FreeSurfer/7.4.1/subjects_dir/sub-01/surf/lh.white
Reading target registration 
 /home/ts/develop/subject1/derived/FreeSurfer/7.4.1/subjects_dir/sub-01/surf/lh.sphere.reg
Rescaling ...  original radius = 100
Building target registration hash (res=16).
Building source registration hash (res=16).
INFO: found  3422 nlabel points
Performing mapping from target back to the source label 146406
Number of reverse mapping hits = 525
Checking for and removing duplicates
Writing label file ./lh.BA45_exvivo.label 3947
mri_label2label: Done

@#@FSTIME  2026:09:04:12:56:41 mri_label2label N 12 e 2.58 S 0.30 U 3.25 P 137% M 579448 F 0 R 173923 W 0 c 43 w 86 I 272 O 304 L 3.03 2.23 1.72
@#@FSLOADPOST 2026:09:04:12:56:43 mri_label2label N 12 3.03 2.23 1.72

 mri_label2label --srcsubject fsaverage --srclabel /home/ts/develop/subject1/derived/FreeSurfer/7.4.1/subjects_dir/fsaverage/label/lh.V1_exvivo.label --trgsubject sub-01 --trglabel ./lh.V1_exvivo.label --hemi lh --regmethod surface 


srclabel = /home/ts/develop/subject1/derived/FreeSurfer/7.4.1/subjects_dir/fsaverage/label/lh.V1_exvivo.label
srcsubject = fsaverage
trgsubject = sub-01
trglabel = ./lh.V1_exvivo.label
regmethod = surface

srchemi = lh
trghemi = lh
trgsurface = white
srcsurfreg = sphere.reg
trgsurfreg = sphere.reg
usehash = 1
Use ProjAbs  = 0, 0
Use ProjFrac = 0, 0
DoPaint 0

SUBJECTS_DIR    /home/ts/develop/subject1/derived/FreeSurfer/7.4.1/subjects_dir
FREESURFER_HOME /home/ts/software/freesurfer/freesurfer7.4.1
Loading source label.
Found 4641 points in source label.
Starting surface-based mapping
Reading source registration 
 /home/ts/develop/subject1/derived/FreeSurfer/7.4.1/subjects_dir/fsaverage/surf/lh.sphere.reg
Rescaling ...  original radius = 100
Reading target surface 
 /home/ts/develop/subject1/derived/FreeSurfer/7.4.1/subjects_dir/sub-01/surf/lh.white
Reading target registration 
 /home/ts/develop/subject1/derived/FreeSurfer/7.4.1/subjects_dir/sub-01/surf/lh.sphere.reg
Rescaling ...  original radius = 100
Building target registration hash (res=16).
Building source registration hash (res=16).
INFO: found  4641 nlabel points
Performing mapping from target back to the source label 146406
Number of reverse mapping hits = 791
Checking for and removing duplicates
Writing label file ./lh.V1_exvivo.label 5432
mri_label2label: Done

@#@FSTIME  2026:09:04:12:56:43 mri_label2label N 12 e 2.78 S 0.31 U 3.43 P 134% M 579816 F 0 R 173937 W 0 c 44 w 89 I 376 O 392 L 3.03 2.23 1.72
@#@FSLOADPOST 2026:09:04:12:56:46 mri_label2label N 12 2.87 2.21 1.71

 mri_label2label --srcsubject fsaverage --srclabel /home/ts/develop/subject1/derived/FreeSurfer/7.4.1/subjects_dir/fsaverage/label/lh.V2_exvivo.label --trgsubject sub-01 --trglabel ./lh.V2_exvivo.label --hemi lh --regmethod surface 


srclabel = /home/ts/develop/subject1/derived/FreeSurfer/7.4.1/subjects_dir/fsaverage/label/lh.V2_exvivo.label
srcsubject = fsaverage
trgsubject = sub-01
trglabel = ./lh.V2_exvivo.label
regmethod = surface

srchemi = lh
trghemi = lh
trgsurface = white
srcsurfreg = sphere.reg
trgsurfreg = sphere.reg
usehash = 1
Use ProjAbs  = 0, 0
Use ProjFrac = 0, 0
DoPaint 0

SUBJECTS_DIR    /home/ts/develop/subject1/derived/FreeSurfer/7.4.1/subjects_dir
FREESURFER_HOME /home/ts/software/freesurfer/freesurfer7.4.1
Loading source label.
Found 8114 points in source label.
Starting surface-based mapping
Reading source registration 
 /home/ts/develop/subject1/derived/FreeSurfer/7.4.1/subjects_dir/fsaverage/surf/lh.sphere.reg
Rescaling ...  original radius = 100
Reading target surface 
 /home/ts/develop/subject1/derived/FreeSurfer/7.4.1/subjects_dir/sub-01/surf/lh.white
Reading target registration 
 /home/ts/develop/subject1/derived/FreeSurfer/7.4.1/subjects_dir/sub-01/surf/lh.sphere.reg
Rescaling ...  original radius = 100
Building target registration hash (res=16).
Building source registration hash (res=16).
INFO: found  8114 nlabel points
Performing mapping from target back to the source label 146406
Number of reverse mapping hits = 1847
Checking for and removing duplicates
Writing label file ./lh.V2_exvivo.label 9961
mri_label2label: Done

@#@FSTIME  2026:09:04:12:56:46 mri_label2label N 12 e 3.32 S 0.31 U 3.98 P 129% M 579800 F 0 R 174035 W 0 c 45 w 88 I 664 O 752 L 2.87 2.21 1.71
@#@FSLOADPOST 2026:09:04:12:56:49 mri_label2label N 12 2.80 2.20 1.71

 mri_label2label --srcsubject fsaverage --srclabel /home/ts/develop/subject1/derived/FreeSurfer/7.4.1/subjects_dir/fsaverage/label/lh.MT_exvivo.label --trgsubject sub-01 --trglabel ./lh.MT_exvivo.label --hemi lh --regmethod surface 


srclabel = /home/ts/develop/subject1/derived/FreeSurfer/7.4.1/subjects_dir/fsaverage/label/lh.MT_exvivo.label
srcsubject = fsaverage
trgsubject = sub-01
trglabel = ./lh.MT_exvivo.label
regmethod = surface

srchemi = lh
trghemi = lh
trgsurface = white
srcsurfreg = sphere.reg
trgsurfreg = sphere.reg
usehash = 1
Use ProjAbs  = 0, 0
Use ProjFrac = 0, 0
DoPaint 0

SUBJECTS_DIR    /home/ts/develop/subject1/derived/FreeSurfer/7.4.1/subjects_dir
FREESURFER_HOME /home/ts/software/freesurfer/freesurfer7.4.1
Loading source label.
Found 2018 points in source label.
Starting surface-based mapping
Reading source registration 
 /home/ts/develop/subject1/derived/FreeSurfer/7.4.1/subjects_dir/fsaverage/surf/lh.sphere.reg
Rescaling ...  original radius = 100
Reading target surface 
 /home/ts/develop/subject1/derived/FreeSurfer/7.4.1/subjects_dir/sub-01/surf/lh.white
Reading target registration 
 /home/ts/develop/subject1/derived/FreeSurfer/7.4.1/subjects_dir/sub-01/surf/lh.sphere.reg
Rescaling ...  original radius = 100
Building target registration hash (res=16).
Building source registration hash (res=16).
INFO: found  2018 nlabel points
Performing mapping from target back to the source label 146406
Number of reverse mapping hits = 725
Checking for and removing duplicates
Writing label file ./lh.MT_exvivo.label 2743
mri_label2label: Done

@#@FSTIME  2026:09:04:12:56:49 mri_label2label N 12 e 2.44 S 0.29 U 3.10 P 139% M 579632 F 0 R 173874 W 0 c 27 w 84 I 168 O 232 L 2.80 2.20 1.71
@#@FSLOADPOST 2026:09:04:12:56:52 mri_label2label N 12 2.80 2.20 1.71

 mri_label2label --srcsubject fsaverage --srclabel /home/ts/develop/subject1/derived/FreeSurfer/7.4.1/subjects_dir/fsaverage/label/lh.entorhinal_exvivo.label --trgsubject sub-01 --trglabel ./lh.entorhinal_exvivo.label --hemi lh --regmethod surface 


srclabel = /home/ts/develop/subject1/derived/FreeSurfer/7.4.1/subjects_dir/fsaverage/label/lh.entorhinal_exvivo.label
srcsubject = fsaverage
trgsubject = sub-01
trglabel = ./lh.entorhinal_exvivo.label
regmethod = surface

srchemi = lh
trghemi = lh
trgsurface = white
srcsurfreg = sphere.reg
trgsurfreg = sphere.reg
usehash = 1
Use ProjAbs  = 0, 0
Use ProjFrac = 0, 0
DoPaint 0

SUBJECTS_DIR    /home/ts/develop/subject1/derived/FreeSurfer/7.4.1/subjects_dir
FREESURFER_HOME /home/ts/software/freesurfer/freesurfer7.4.1
Loading source label.
Found 1290 points in source label.
Starting surface-based mapping
Reading source registration 
 /home/ts/develop/subject1/derived/FreeSurfer/7.4.1/subjects_dir/fsaverage/surf/lh.sphere.reg
Rescaling ...  original radius = 100
Reading target surface 
 /home/ts/develop/subject1/derived/FreeSurfer/7.4.1/subjects_dir/sub-01/surf/lh.white
Reading target registration 
 /home/ts/develop/subject1/derived/FreeSurfer/7.4.1/subjects_dir/sub-01/surf/lh.sphere.reg
Rescaling ...  original radius = 100
Building target registration hash (res=16).
Building source registration hash (res=16).
INFO: found  1290 nlabel points
Performing mapping from target back to the source label 146406
Number of reverse mapping hits = 147
Checking for and removing duplicates
Writing label file ./lh.entorhinal_exvivo.label 1437
mri_label2label: Done

@#@FSTIME  2026:09:04:12:56:52 mri_label2label N 12 e 2.32 S 0.29 U 2.98 P 141% M 579484 F 0 R 173938 W 0 c 30 w 86 I 120 O 104 L 2.80 2.20 1.71
@#@FSLOADPOST 2026:09:04:12:56:54 mri_label2label N 12 2.65 2.18 1.71

 mri_label2label --srcsubject fsaverage --srclabel /home/ts/develop/subject1/derived/FreeSurfer/7.4.1/subjects_dir/fsaverage/label/lh.perirhinal_exvivo.label --trgsubject sub-01 --trglabel ./lh.perirhinal_exvivo.label --hemi lh --regmethod surface 


srclabel = /home/ts/develop/subject1/derived/FreeSurfer/7.4.1/subjects_dir/fsaverage/label/lh.perirhinal_exvivo.label
srcsubject = fsaverage
trgsubject = sub-01
trglabel = ./lh.perirhinal_exvivo.label
regmethod = surface

srchemi = lh
trghemi = lh
trgsurface = white
srcsurfreg = sphere.reg
trgsurfreg = sphere.reg
usehash = 1
Use ProjAbs  = 0, 0
Use ProjFrac = 0, 0
DoPaint 0

SUBJECTS_DIR    /home/ts/develop/subject1/derived/FreeSurfer/7.4.1/subjects_dir
FREESURFER_HOME /home/ts/software/freesurfer/freesurfer7.4.1
Loading source label.
Found 1199 points in source label.
Starting surface-based mapping
Reading source registration 
 /home/ts/develop/subject1/derived/FreeSurfer/7.4.1/subjects_dir/fsaverage/surf/lh.sphere.reg
Rescaling ...  original radius = 100
Reading target surface 
 /home/ts/develop/subject1/derived/FreeSurfer/7.4.1/subjects_dir/sub-01/surf/lh.white
Reading target registration 
 /home/ts/develop/subject1/derived/FreeSurfer/7.4.1/subjects_dir/sub-01/surf/lh.sphere.reg
Rescaling ...  original radius = 100
Building target registration hash (res=16).
Building source registration hash (res=16).
INFO: found  1199 nlabel points
Performing mapping from target back to the source label 146406
Number of reverse mapping hits = 102
Checking for and removing duplicates
Writing label file ./lh.perirhinal_exvivo.label 1301
mri_label2label: Done

@#@FSTIME  2026:09:04:12:56:54 mri_label2label N 12 e 2.33 S 0.29 U 2.99 P 140% M 578980 F 0 R 173893 W 0 c 31 w 87 I 112 O 96 L 2.65 2.18 1.71
@#@FSLOADPOST 2026:09:04:12:56:57 mri_label2label N 12 2.65 2.18 1.71

 mri_label2label --srcsubject fsaverage --srclabel /home/ts/develop/subject1/derived/FreeSurfer/7.4.1/subjects_dir/fsaverage/label/lh.FG1.mpm.vpnl.label --trgsubject sub-01 --trglabel ./lh.FG1.mpm.vpnl.label --hemi lh --regmethod surface 


srclabel = /home/ts/develop/subject1/derived/FreeSurfer/7.4.1/subjects_dir/fsaverage/label/lh.FG1.mpm.vpnl.label
srcsubject = fsaverage
trgsubject = sub-01
trglabel = ./lh.FG1.mpm.vpnl.label
regmethod = surface

srchemi = lh
trghemi = lh
trgsurface = white
srcsurfreg = sphere.reg
trgsurfreg = sphere.reg
usehash = 1
Use ProjAbs  = 0, 0
Use ProjFrac = 0, 0
DoPaint 0

SUBJECTS_DIR    /home/ts/develop/subject1/derived/FreeSurfer/7.4.1/subjects_dir
FREESURFER_HOME /home/ts/software/freesurfer/freesurfer7.4.1
Loading source label.
Found 414 points in source label.
Starting surface-based mapping
Reading source registration 
 /home/ts/develop/subject1/derived/FreeSurfer/7.4.1/subjects_dir/fsaverage/surf/lh.sphere.reg
Rescaling ...  original radius = 100
Reading target surface 
 /home/ts/develop/subject1/derived/FreeSurfer/7.4.1/subjects_dir/sub-01/surf/lh.white
Reading target registration 
 /home/ts/develop/subject1/derived/FreeSurfer/7.4.1/subjects_dir/sub-01/surf/lh.sphere.reg
Rescaling ...  original radius = 100
Building target registration hash (res=16).
Building source registration hash (res=16).
INFO: found  414 nlabel points
Performing mapping from target back to the source label 146406
Number of reverse mapping hits = 60
Checking for and removing duplicates
Writing label file ./lh.FG1.mpm.vpnl.label 474
mri_label2label: Done

@#@FSTIME  2026:09:04:12:56:57 mri_label2label N 12 e 2.23 S 0.30 U 2.88 P 142% M 579680 F 0 R 173871 W 0 c 20 w 88 I 40 O 40 L 2.65 2.18 1.71
@#@FSLOADPOST 2026:09:04:12:56:59 mri_label2label N 12 2.68 2.20 1.72

 mri_label2label --srcsubject fsaverage --srclabel /home/ts/develop/subject1/derived/FreeSurfer/7.4.1/subjects_dir/fsaverage/label/lh.FG2.mpm.vpnl.label --trgsubject sub-01 --trglabel ./lh.FG2.mpm.vpnl.label --hemi lh --regmethod surface 


srclabel = /home/ts/develop/subject1/derived/FreeSurfer/7.4.1/subjects_dir/fsaverage/label/lh.FG2.mpm.vpnl.label
srcsubject = fsaverage
trgsubject = sub-01
trglabel = ./lh.FG2.mpm.vpnl.label
regmethod = surface

srchemi = lh
trghemi = lh
trgsurface = white
srcsurfreg = sphere.reg
trgsurfreg = sphere.reg
usehash = 1
Use ProjAbs  = 0, 0
Use ProjFrac = 0, 0
DoPaint 0

SUBJECTS_DIR    /home/ts/develop/subject1/derived/FreeSurfer/7.4.1/subjects_dir
FREESURFER_HOME /home/ts/software/freesurfer/freesurfer7.4.1
Loading source label.
Found 703 points in source label.
Starting surface-based mapping
Reading source registration 
 /home/ts/develop/subject1/derived/FreeSurfer/7.4.1/subjects_dir/fsaverage/surf/lh.sphere.reg
Rescaling ...  original radius = 100
Reading target surface 
 /home/ts/develop/subject1/derived/FreeSurfer/7.4.1/subjects_dir/sub-01/surf/lh.white
Reading target registration 
 /home/ts/develop/subject1/derived/FreeSurfer/7.4.1/subjects_dir/sub-01/surf/lh.sphere.reg
Rescaling ...  original radius = 100
Building target registration hash (res=16).
Building source registration hash (res=16).
INFO: found  703 nlabel points
Performing mapping from target back to the source label 146406
Number of reverse mapping hits = 77
Checking for and removing duplicates
Writing label file ./lh.FG2.mpm.vpnl.label 780
mri_label2label: Done

@#@FSTIME  2026:09:04:12:56:59 mri_label2label N 12 e 2.29 S 0.30 U 2.97 P 142% M 579036 F 0 R 173865 W 0 c 36 w 92 I 72 O 64 L 2.68 2.20 1.72
@#@FSLOADPOST 2026:09:04:12:57:01 mri_label2label N 12 2.68 2.20 1.72

 mri_label2label --srcsubject fsaverage --srclabel /home/ts/develop/subject1/derived/FreeSurfer/7.4.1/subjects_dir/fsaverage/label/lh.FG3.mpm.vpnl.label --trgsubject sub-01 --trglabel ./lh.FG3.mpm.vpnl.label --hemi lh --regmethod surface 


srclabel = /home/ts/develop/subject1/derived/FreeSurfer/7.4.1/subjects_dir/fsaverage/label/lh.FG3.mpm.vpnl.label
srcsubject = fsaverage
trgsubject = sub-01
trglabel = ./lh.FG3.mpm.vpnl.label
regmethod = surface

srchemi = lh
trghemi = lh
trgsurface = white
srcsurfreg = sphere.reg
trgsurfreg = sphere.reg
usehash = 1
Use ProjAbs  = 0, 0
Use ProjFrac = 0, 0
DoPaint 0

SUBJECTS_DIR    /home/ts/develop/subject1/derived/FreeSurfer/7.4.1/subjects_dir
FREESURFER_HOME /home/ts/software/freesurfer/freesurfer7.4.1
Loading source label.
Found 1873 points in source label.
Starting surface-based mapping
Reading source registration 
 /home/ts/develop/subject1/derived/FreeSurfer/7.4.1/subjects_dir/fsaverage/surf/lh.sphere.reg
Rescaling ...  original radius = 100
Reading target surface 
 /home/ts/develop/subject1/derived/FreeSurfer/7.4.1/subjects_dir/sub-01/surf/lh.white
Reading target registration 
 /home/ts/develop/subject1/derived/FreeSurfer/7.4.1/subjects_dir/sub-01/surf/lh.sphere.reg
Rescaling ...  original radius = 100
Building target registration hash (res=16).
Building source registration hash (res=16).
INFO: found  1873 nlabel points
Performing mapping from target back to the source label 146406
Number of reverse mapping hits = 197
Checking for and removing duplicates
Writing label file ./lh.FG3.mpm.vpnl.label 2070
mri_label2label: Done

@#@FSTIME  2026:09:04:12:57:01 mri_label2label N 12 e 2.41 S 0.32 U 3.09 P 141% M 579532 F 0 R 173847 W 0 c 68 w 85 I 176 O 160 L 2.68 2.20 1.72
@#@FSLOADPOST 2026:09:04:12:57:04 mri_label2label N 12 2.55 2.18 1.71

 mri_label2label --srcsubject fsaverage --srclabel /home/ts/develop/subject1/derived/FreeSurfer/7.4.1/subjects_dir/fsaverage/label/lh.FG4.mpm.vpnl.label --trgsubject sub-01 --trglabel ./lh.FG4.mpm.vpnl.label --hemi lh --regmethod surface 


srclabel = /home/ts/develop/subject1/derived/FreeSurfer/7.4.1/subjects_dir/fsaverage/label/lh.FG4.mpm.vpnl.label
srcsubject = fsaverage
trgsubject = sub-01
trglabel = ./lh.FG4.mpm.vpnl.label
regmethod = surface

srchemi = lh
trghemi = lh
trgsurface = white
srcsurfreg = sphere.reg
trgsurfreg = sphere.reg
usehash = 1
Use ProjAbs  = 0, 0
Use ProjFrac = 0, 0
DoPaint 0

SUBJECTS_DIR    /home/ts/develop/subject1/derived/FreeSurfer/7.4.1/subjects_dir
FREESURFER_HOME /home/ts/software/freesurfer/freesurfer7.4.1
Loading source label.
Found 2101 points in source label.
Starting surface-based mapping
Reading source registration 
 /home/ts/develop/subject1/derived/FreeSurfer/7.4.1/subjects_dir/fsaverage/surf/lh.sphere.reg
Rescaling ...  original radius = 100
Reading target surface 
 /home/ts/develop/subject1/derived/FreeSurfer/7.4.1/subjects_dir/sub-01/surf/lh.white
Reading target registration 
 /home/ts/develop/subject1/derived/FreeSurfer/7.4.1/subjects_dir/sub-01/surf/lh.sphere.reg
Rescaling ...  original radius = 100
Building target registration hash (res=16).
Building source registration hash (res=16).
INFO: found  2101 nlabel points
Performing mapping from target back to the source label 146406
Number of reverse mapping hits = 618
Checking for and removing duplicates
Writing label file ./lh.FG4.mpm.vpnl.label 2719
mri_label2label: Done

@#@FSTIME  2026:09:04:12:57:04 mri_label2label N 12 e 2.43 S 0.29 U 3.11 P 139% M 579652 F 0 R 173917 W 0 c 34 w 86 I 200 O 232 L 2.55 2.18 1.71
@#@FSLOADPOST 2026:09:04:12:57:06 mri_label2label N 12 2.55 2.18 1.71

 mri_label2label --srcsubject fsaverage --srclabel /home/ts/develop/subject1/derived/FreeSurfer/7.4.1/subjects_dir/fsaverage/label/lh.hOc1.mpm.vpnl.label --trgsubject sub-01 --trglabel ./lh.hOc1.mpm.vpnl.label --hemi lh --regmethod surface 


srclabel = /home/ts/develop/subject1/derived/FreeSurfer/7.4.1/subjects_dir/fsaverage/label/lh.hOc1.mpm.vpnl.label
srcsubject = fsaverage
trgsubject = sub-01
trglabel = ./lh.hOc1.mpm.vpnl.label
regmethod = surface

srchemi = lh
trghemi = lh
trgsurface = white
srcsurfreg = sphere.reg
trgsurfreg = sphere.reg
usehash = 1
Use ProjAbs  = 0, 0
Use ProjFrac = 0, 0
DoPaint 0

SUBJECTS_DIR    /home/ts/develop/subject1/derived/FreeSurfer/7.4.1/subjects_dir
FREESURFER_HOME /home/ts/software/freesurfer/freesurfer7.4.1
Loading source label.
Found 3877 points in source label.
Starting surface-based mapping
Reading source registration 
 /home/ts/develop/subject1/derived/FreeSurfer/7.4.1/subjects_dir/fsaverage/surf/lh.sphere.reg
Rescaling ...  original radius = 100
Reading target surface 
 /home/ts/develop/subject1/derived/FreeSurfer/7.4.1/subjects_dir/sub-01/surf/lh.white
Reading target registration 
 /home/ts/develop/subject1/derived/FreeSurfer/7.4.1/subjects_dir/sub-01/surf/lh.sphere.reg
Rescaling ...  original radius = 100
Building target registration hash (res=16).
Building source registration hash (res=16).
INFO: found  3877 nlabel points
Performing mapping from target back to the source label 146406
Number of reverse mapping hits = 555
Checking for and removing duplicates
Writing label file ./lh.hOc1.mpm.vpnl.label 4432
mri_label2label: Done

@#@FSTIME  2026:09:04:12:57:06 mri_label2label N 12 e 2.65 S 0.30 U 3.31 P 136% M 579548 F 0 R 173895 W 0 c 42 w 91 I 360 O 320 L 2.55 2.18 1.71
@#@FSLOADPOST 2026:09:04:12:57:09 mri_label2label N 12 2.42 2.16 1.71

 mri_label2label --srcsubject fsaverage --srclabel /home/ts/develop/subject1/derived/FreeSurfer/7.4.1/subjects_dir/fsaverage/label/lh.hOc2.mpm.vpnl.label --trgsubject sub-01 --trglabel ./lh.hOc2.mpm.vpnl.label --hemi lh --regmethod surface 


srclabel = /home/ts/develop/subject1/derived/FreeSurfer/7.4.1/subjects_dir/fsaverage/label/lh.hOc2.mpm.vpnl.label
srcsubject = fsaverage
trgsubject = sub-01
trglabel = ./lh.hOc2.mpm.vpnl.label
regmethod = surface

srchemi = lh
trghemi = lh
trgsurface = white
srcsurfreg = sphere.reg
trgsurfreg = sphere.reg
usehash = 1
Use ProjAbs  = 0, 0
Use ProjFrac = 0, 0
DoPaint 0

SUBJECTS_DIR    /home/ts/develop/subject1/derived/FreeSurfer/7.4.1/subjects_dir
FREESURFER_HOME /home/ts/software/freesurfer/freesurfer7.4.1
Loading source label.
Found 2919 points in source label.
Starting surface-based mapping
Reading source registration 
 /home/ts/develop/subject1/derived/FreeSurfer/7.4.1/subjects_dir/fsaverage/surf/lh.sphere.reg
Rescaling ...  original radius = 100
Reading target surface 
 /home/ts/develop/subject1/derived/FreeSurfer/7.4.1/subjects_dir/sub-01/surf/lh.white
Reading target registration 
 /home/ts/develop/subject1/derived/FreeSurfer/7.4.1/subjects_dir/sub-01/surf/lh.sphere.reg
Rescaling ...  original radius = 100
Building target registration hash (res=16).
Building source registration hash (res=16).
INFO: found  2919 nlabel points
Performing mapping from target back to the source label 146406
Number of reverse mapping hits = 838
Checking for and removing duplicates
Writing label file ./lh.hOc2.mpm.vpnl.label 3757
mri_label2label: Done

@#@FSTIME  2026:09:04:12:57:09 mri_label2label N 12 e 2.57 S 0.31 U 3.27 P 139% M 579256 F 0 R 173925 W 0 c 46 w 94 I 272 O 296 L 2.42 2.16 1.71
@#@FSLOADPOST 2026:09:04:12:57:11 mri_label2label N 12 2.42 2.16 1.71

 mri_label2label --srcsubject fsaverage --srclabel /home/ts/develop/subject1/derived/FreeSurfer/7.4.1/subjects_dir/fsaverage/label/lh.hOc3v.mpm.vpnl.label --trgsubject sub-01 --trglabel ./lh.hOc3v.mpm.vpnl.label --hemi lh --regmethod surface 


srclabel = /home/ts/develop/subject1/derived/FreeSurfer/7.4.1/subjects_dir/fsaverage/label/lh.hOc3v.mpm.vpnl.label
srcsubject = fsaverage
trgsubject = sub-01
trglabel = ./lh.hOc3v.mpm.vpnl.label
regmethod = surface

srchemi = lh
trghemi = lh
trgsurface = white
srcsurfreg = sphere.reg
trgsurfreg = sphere.reg
usehash = 1
Use ProjAbs  = 0, 0
Use ProjFrac = 0, 0
DoPaint 0

SUBJECTS_DIR    /home/ts/develop/subject1/derived/FreeSurfer/7.4.1/subjects_dir
FREESURFER_HOME /home/ts/software/freesurfer/freesurfer7.4.1
Loading source label.
Found 1286 points in source label.
Starting surface-based mapping
Reading source registration 
 /home/ts/develop/subject1/derived/FreeSurfer/7.4.1/subjects_dir/fsaverage/surf/lh.sphere.reg
Rescaling ...  original radius = 100
Reading target surface 
 /home/ts/develop/subject1/derived/FreeSurfer/7.4.1/subjects_dir/sub-01/surf/lh.white
Reading target registration 
 /home/ts/develop/subject1/derived/FreeSurfer/7.4.1/subjects_dir/sub-01/surf/lh.sphere.reg
Rescaling ...  original radius = 100
Building target registration hash (res=16).
Building source registration hash (res=16).
INFO: found  1286 nlabel points
Performing mapping from target back to the source label 146406
Number of reverse mapping hits = 348
Checking for and removing duplicates
Writing label file ./lh.hOc3v.mpm.vpnl.label 1634
mri_label2label: Done

@#@FSTIME  2026:09:04:12:57:11 mri_label2label N 12 e 2.33 S 0.30 U 3.00 P 141% M 579368 F 0 R 173875 W 0 c 31 w 85 I 128 O 136 L 2.42 2.16 1.71
@#@FSLOADPOST 2026:09:04:12:57:14 mri_label2label N 12 2.31 2.14 1.70

 mri_label2label --srcsubject fsaverage --srclabel /home/ts/develop/subject1/derived/FreeSurfer/7.4.1/subjects_dir/fsaverage/label/lh.hOc4v.mpm.vpnl.label --trgsubject sub-01 --trglabel ./lh.hOc4v.mpm.vpnl.label --hemi lh --regmethod surface 


srclabel = /home/ts/develop/subject1/derived/FreeSurfer/7.4.1/subjects_dir/fsaverage/label/lh.hOc4v.mpm.vpnl.label
srcsubject = fsaverage
trgsubject = sub-01
trglabel = ./lh.hOc4v.mpm.vpnl.label
regmethod = surface

srchemi = lh
trghemi = lh
trgsurface = white
srcsurfreg = sphere.reg
trgsurfreg = sphere.reg
usehash = 1
Use ProjAbs  = 0, 0
Use ProjFrac = 0, 0
DoPaint 0

SUBJECTS_DIR    /home/ts/develop/subject1/derived/FreeSurfer/7.4.1/subjects_dir
FREESURFER_HOME /home/ts/software/freesurfer/freesurfer7.4.1
Loading source label.
Found 1006 points in source label.
Starting surface-based mapping
Reading source registration 
 /home/ts/develop/subject1/derived/FreeSurfer/7.4.1/subjects_dir/fsaverage/surf/lh.sphere.reg
Rescaling ...  original radius = 100
Reading target surface 
 /home/ts/develop/subject1/derived/FreeSurfer/7.4.1/subjects_dir/sub-01/surf/lh.white
Reading target registration 
 /home/ts/develop/subject1/derived/FreeSurfer/7.4.1/subjects_dir/sub-01/surf/lh.sphere.reg
Rescaling ...  original radius = 100
Building target registration hash (res=16).
Building source registration hash (res=16).
INFO: found  1006 nlabel points
Performing mapping from target back to the source label 146406
Number of reverse mapping hits = 188
Checking for and removing duplicates
Writing label file ./lh.hOc4v.mpm.vpnl.label 1194
mri_label2label: Done

@#@FSTIME  2026:09:04:12:57:14 mri_label2label N 12 e 2.26 S 0.31 U 2.91 P 142% M 579180 F 0 R 173884 W 0 c 36 w 85 I 96 O 96 L 2.31 2.14 1.70
@#@FSLOADPOST 2026:09:04:12:57:16 mri_label2label N 12 2.31 2.14 1.70

 mris_label2annot --s sub-01 --ctab /home/ts/software/freesurfer/freesurfer7.4.1/average/colortable_vpnl.txt --hemi lh --a mpm.vpnl --maxstatwinner --noverbose --l lh.FG1.mpm.vpnl.label --l lh.FG2.mpm.vpnl.label --l lh.FG3.mpm.vpnl.label --l lh.FG4.mpm.vpnl.label --l lh.hOc1.mpm.vpnl.label --l lh.hOc2.mpm.vpnl.label --l lh.hOc3v.mpm.vpnl.label --l lh.hOc4v.mpm.vpnl.label 

Reading ctab /home/ts/software/freesurfer/freesurfer7.4.1/average/colortable_vpnl.txt
Number of ctab entries 9

7.4.1
cwd /home/ts/develop/subject1/derived/FreeSurfer/7.4.1/subjects_dir/sub-01/label
cmdline mris_label2annot --s sub-01 --ctab /home/ts/software/freesurfer/freesurfer7.4.1/average/colortable_vpnl.txt --hemi lh --a mpm.vpnl --maxstatwinner --noverbose --l lh.FG1.mpm.vpnl.label --l lh.FG2.mpm.vpnl.label --l lh.FG3.mpm.vpnl.label --l lh.FG4.mpm.vpnl.label --l lh.hOc1.mpm.vpnl.label --l lh.hOc2.mpm.vpnl.label --l lh.hOc3v.mpm.vpnl.label --l lh.hOc4v.mpm.vpnl.label 
sysname  Linux
hostname mini
machine  x86_64
user     ts

subject sub-01
hemi    lh
SUBJECTS_DIR /home/ts/develop/subject1/derived/FreeSurfer/7.4.1/subjects_dir
ColorTable /home/ts/software/freesurfer/freesurfer7.4.1/average/colortable_vpnl.txt
AnnotName  mpm.vpnl
nlables 8
LabelThresh 0 0.000000
Loading /home/ts/develop/subject1/derived/FreeSurfer/7.4.1/subjects_dir/sub-01/surf/lh.orig
Index Offset 0
0 reading lh.FG1.mpm.vpnl.label
 1 1376057 FG1
1 reading lh.FG2.mpm.vpnl.label
 2 16711935 FG2
2 reading lh.FG3.mpm.vpnl.label
 3 16711680 FG3
3 reading lh.FG4.mpm.vpnl.label
 4 1705837 FG4
4 reading lh.hOc1.mpm.vpnl.label
 5 25600 hOc1
5 reading lh.hOc2.mpm.vpnl.label
 6 255 hOc2
6 reading lh.hOc3v.mpm.vpnl.label
 7 16776960 hOc3v
7 reading lh.hOc4v.mpm.vpnl.label
 8 65535 hOc4v
Mapping unhit to unknown
Found 131334 unhit vertices
Writing annot to /home/ts/develop/subject1/derived/FreeSurfer/7.4.1/subjects_dir/sub-01/label/lh.mpm.vpnl.annot
@#@FSTIME  2026:09:04:12:57:16 mris_label2annot N 26 e 0.38 S 0.09 U 0.56 P 170% M 168824 F 9 R 46859 W 0 c 10 w 43 I 832 O 2296 L 2.31 2.14 1.70
@#@FSLOADPOST 2026:09:04:12:57:16 mris_label2annot N 26 2.31 2.14 1.70

 mri_label2label --srcsubject fsaverage --srclabel /home/ts/develop/subject1/derived/FreeSurfer/7.4.1/subjects_dir/fsaverage/label/lh.BA1_exvivo.thresh.label --trgsubject sub-01 --trglabel ./lh.BA1_exvivo.thresh.label --hemi lh --regmethod surface 


srclabel = /home/ts/develop/subject1/derived/FreeSurfer/7.4.1/subjects_dir/fsaverage/label/lh.BA1_exvivo.thresh.label
srcsubject = fsaverage
trgsubject = sub-01
trglabel = ./lh.BA1_exvivo.thresh.label
regmethod = surface

srchemi = lh
trghemi = lh
trgsurface = white
srcsurfreg = sphere.reg
trgsurfreg = sphere.reg
usehash = 1
Use ProjAbs  = 0, 0
Use ProjFrac = 0, 0
DoPaint 0

SUBJECTS_DIR    /home/ts/develop/subject1/derived/FreeSurfer/7.4.1/subjects_dir
FREESURFER_HOME /home/ts/software/freesurfer/freesurfer7.4.1
Loading source label.
Found 1014 points in source label.
Starting surface-based mapping
Reading source registration 
 /home/ts/develop/subject1/derived/FreeSurfer/7.4.1/subjects_dir/fsaverage/surf/lh.sphere.reg
Rescaling ...  original radius = 100
Reading target surface 
 /home/ts/develop/subject1/derived/FreeSurfer/7.4.1/subjects_dir/sub-01/surf/lh.white
Reading target registration 
 /home/ts/develop/subject1/derived/FreeSurfer/7.4.1/subjects_dir/sub-01/surf/lh.sphere.reg
Rescaling ...  original radius = 100
Building target registration hash (res=16).
Building source registration hash (res=16).
INFO: found  1014 nlabel points
Performing mapping from target back to the source label 146406
Number of reverse mapping hits = 92
Checking for and removing duplicates
Writing label file ./lh.BA1_exvivo.thresh.label 1106
mri_label2label: Done

@#@FSTIME  2026:09:04:12:57:16 mri_label2label N 12 e 2.27 S 0.32 U 2.92 P 142% M 579624 F 0 R 173847 W 0 c 35 w 86 I 96 O 88 L 2.31 2.14 1.70
@#@FSLOADPOST 2026:09:04:12:57:19 mri_label2label N 12 2.20 2.12 1.70

 mri_label2label --srcsubject fsaverage --srclabel /home/ts/develop/subject1/derived/FreeSurfer/7.4.1/subjects_dir/fsaverage/label/lh.BA2_exvivo.thresh.label --trgsubject sub-01 --trglabel ./lh.BA2_exvivo.thresh.label --hemi lh --regmethod surface 


srclabel = /home/ts/develop/subject1/derived/FreeSurfer/7.4.1/subjects_dir/fsaverage/label/lh.BA2_exvivo.thresh.label
srcsubject = fsaverage
trgsubject = sub-01
trglabel = ./lh.BA2_exvivo.thresh.label
regmethod = surface

srchemi = lh
trghemi = lh
trgsurface = white
srcsurfreg = sphere.reg
trgsurfreg = sphere.reg
usehash = 1
Use ProjAbs  = 0, 0
Use ProjFrac = 0, 0
DoPaint 0

SUBJECTS_DIR    /home/ts/develop/subject1/derived/FreeSurfer/7.4.1/subjects_dir
FREESURFER_HOME /home/ts/software/freesurfer/freesurfer7.4.1
Loading source label.
Found 2092 points in source label.
Starting surface-based mapping
Reading source registration 
 /home/ts/develop/subject1/derived/FreeSurfer/7.4.1/subjects_dir/fsaverage/surf/lh.sphere.reg
Rescaling ...  original radius = 100
Reading target surface 
 /home/ts/develop/subject1/derived/FreeSurfer/7.4.1/subjects_dir/sub-01/surf/lh.white
Reading target registration 
 /home/ts/develop/subject1/derived/FreeSurfer/7.4.1/subjects_dir/sub-01/surf/lh.sphere.reg
Rescaling ...  original radius = 100
Building target registration hash (res=16).
Building source registration hash (res=16).
INFO: found  2092 nlabel points
Performing mapping from target back to the source label 146406
Number of reverse mapping hits = 183
Checking for and removing duplicates
Writing label file ./lh.BA2_exvivo.thresh.label 2275
mri_label2label: Done

@#@FSTIME  2026:09:04:12:57:19 mri_label2label N 12 e 2.48 S 0.34 U 3.11 P 139% M 579436 F 0 R 173927 W 0 c 34 w 87 I 192 O 168 L 2.20 2.12 1.70
@#@FSLOADPOST 2026:09:04:12:57:21 mri_label2label N 12 2.20 2.12 1.70

 mri_label2label --srcsubject fsaverage --srclabel /home/ts/develop/subject1/derived/FreeSurfer/7.4.1/subjects_dir/fsaverage/label/lh.BA3a_exvivo.thresh.label --trgsubject sub-01 --trglabel ./lh.BA3a_exvivo.thresh.label --hemi lh --regmethod surface 


srclabel = /home/ts/develop/subject1/derived/FreeSurfer/7.4.1/subjects_dir/fsaverage/label/lh.BA3a_exvivo.thresh.label
srcsubject = fsaverage
trgsubject = sub-01
trglabel = ./lh.BA3a_exvivo.thresh.label
regmethod = surface

srchemi = lh
trghemi = lh
trgsurface = white
srcsurfreg = sphere.reg
trgsurfreg = sphere.reg
usehash = 1
Use ProjAbs  = 0, 0
Use ProjFrac = 0, 0
DoPaint 0

SUBJECTS_DIR    /home/ts/develop/subject1/derived/FreeSurfer/7.4.1/subjects_dir
FREESURFER_HOME /home/ts/software/freesurfer/freesurfer7.4.1
Loading source label.
Found 1504 points in source label.
Starting surface-based mapping
Reading source registration 
 /home/ts/develop/subject1/derived/FreeSurfer/7.4.1/subjects_dir/fsaverage/surf/lh.sphere.reg
Rescaling ...  original radius = 100
Reading target surface 
 /home/ts/develop/subject1/derived/FreeSurfer/7.4.1/subjects_dir/sub-01/surf/lh.white
Reading target registration 
 /home/ts/develop/subject1/derived/FreeSurfer/7.4.1/subjects_dir/sub-01/surf/lh.sphere.reg
Rescaling ...  original radius = 100
Building target registration hash (res=16).
Building source registration hash (res=16).
INFO: found  1504 nlabel points
Performing mapping from target back to the source label 146406
Number of reverse mapping hits = 30
Checking for and removing duplicates
Writing label file ./lh.BA3a_exvivo.thresh.label 1534
mri_label2label: Done

@#@FSTIME  2026:09:04:12:57:21 mri_label2label N 12 e 2.33 S 0.28 U 3.02 P 141% M 579124 F 0 R 173909 W 0 c 54 w 87 I 136 O 88 L 2.20 2.12 1.70
@#@FSLOADPOST 2026:09:04:12:57:24 mri_label2label N 12 2.11 2.10 1.70

 mri_label2label --srcsubject fsaverage --srclabel /home/ts/develop/subject1/derived/FreeSurfer/7.4.1/subjects_dir/fsaverage/label/lh.BA3b_exvivo.thresh.label --trgsubject sub-01 --trglabel ./lh.BA3b_exvivo.thresh.label --hemi lh --regmethod surface 


srclabel = /home/ts/develop/subject1/derived/FreeSurfer/7.4.1/subjects_dir/fsaverage/label/lh.BA3b_exvivo.thresh.label
srcsubject = fsaverage
trgsubject = sub-01
trglabel = ./lh.BA3b_exvivo.thresh.label
regmethod = surface

srchemi = lh
trghemi = lh
trgsurface = white
srcsurfreg = sphere.reg
trgsurfreg = sphere.reg
usehash = 1
Use ProjAbs  = 0, 0
Use ProjFrac = 0, 0
DoPaint 0

SUBJECTS_DIR    /home/ts/develop/subject1/derived/FreeSurfer/7.4.1/subjects_dir
FREESURFER_HOME /home/ts/software/freesurfer/freesurfer7.4.1
Loading source label.
Found 1996 points in source label.
Starting surface-based mapping
Reading source registration 
 /home/ts/develop/subject1/derived/FreeSurfer/7.4.1/subjects_dir/fsaverage/surf/lh.sphere.reg
Rescaling ...  original radius = 100
Reading target surface 
 /home/ts/develop/subject1/derived/FreeSurfer/7.4.1/subjects_dir/sub-01/surf/lh.white
Reading target registration 
 /home/ts/develop/subject1/derived/FreeSurfer/7.4.1/subjects_dir/sub-01/surf/lh.sphere.reg
Rescaling ...  original radius = 100
Building target registration hash (res=16).
Building source registration hash (res=16).
INFO: found  1996 nlabel points
Performing mapping from target back to the source label 146406
Number of reverse mapping hits = 104
Checking for and removing duplicates
Writing label file ./lh.BA3b_exvivo.thresh.label 2100
mri_label2label: Done

@#@FSTIME  2026:09:04:12:57:24 mri_label2label N 12 e 2.41 S 0.29 U 3.07 P 139% M 579456 F 0 R 173905 W 0 c 30 w 86 I 184 O 144 L 2.11 2.10 1.70
@#@FSLOADPOST 2026:09:04:12:57:26 mri_label2label N 12 2.11 2.10 1.70

 mri_label2label --srcsubject fsaverage --srclabel /home/ts/develop/subject1/derived/FreeSurfer/7.4.1/subjects_dir/fsaverage/label/lh.BA4a_exvivo.thresh.label --trgsubject sub-01 --trglabel ./lh.BA4a_exvivo.thresh.label --hemi lh --regmethod surface 


srclabel = /home/ts/develop/subject1/derived/FreeSurfer/7.4.1/subjects_dir/fsaverage/label/lh.BA4a_exvivo.thresh.label
srcsubject = fsaverage
trgsubject = sub-01
trglabel = ./lh.BA4a_exvivo.thresh.label
regmethod = surface

srchemi = lh
trghemi = lh
trgsurface = white
srcsurfreg = sphere.reg
trgsurfreg = sphere.reg
usehash = 1
Use ProjAbs  = 0, 0
Use ProjFrac = 0, 0
DoPaint 0

SUBJECTS_DIR    /home/ts/develop/subject1/derived/FreeSurfer/7.4.1/subjects_dir
FREESURFER_HOME /home/ts/software/freesurfer/freesurfer7.4.1
Loading source label.
Found 2319 points in source label.
Starting surface-based mapping
Reading source registration 
 /home/ts/develop/subject1/derived/FreeSurfer/7.4.1/subjects_dir/fsaverage/surf/lh.sphere.reg
Rescaling ...  original radius = 100
Reading target surface 
 /home/ts/develop/subject1/derived/FreeSurfer/7.4.1/subjects_dir/sub-01/surf/lh.white
Reading target registration 
 /home/ts/develop/subject1/derived/FreeSurfer/7.4.1/subjects_dir/sub-01/surf/lh.sphere.reg
Rescaling ...  original radius = 100
Building target registration hash (res=16).
Building source registration hash (res=16).
INFO: found  2319 nlabel points
Performing mapping from target back to the source label 146406
Number of reverse mapping hits = 154
Checking for and removing duplicates
Writing label file ./lh.BA4a_exvivo.thresh.label 2473
mri_label2label: Done

@#@FSTIME  2026:09:04:12:57:26 mri_label2label N 12 e 2.45 S 0.28 U 3.12 P 138% M 579524 F 0 R 173887 W 0 c 30 w 88 I 208 O 168 L 2.11 2.10 1.70
@#@FSLOADPOST 2026:09:04:12:57:28 mri_label2label N 12 2.11 2.10 1.70

 mri_label2label --srcsubject fsaverage --srclabel /home/ts/develop/subject1/derived/FreeSurfer/7.4.1/subjects_dir/fsaverage/label/lh.BA4p_exvivo.thresh.label --trgsubject sub-01 --trglabel ./lh.BA4p_exvivo.thresh.label --hemi lh --regmethod surface 


srclabel = /home/ts/develop/subject1/derived/FreeSurfer/7.4.1/subjects_dir/fsaverage/label/lh.BA4p_exvivo.thresh.label
srcsubject = fsaverage
trgsubject = sub-01
trglabel = ./lh.BA4p_exvivo.thresh.label
regmethod = surface

srchemi = lh
trghemi = lh
trgsurface = white
srcsurfreg = sphere.reg
trgsurfreg = sphere.reg
usehash = 1
Use ProjAbs  = 0, 0
Use ProjFrac = 0, 0
DoPaint 0

SUBJECTS_DIR    /home/ts/develop/subject1/derived/FreeSurfer/7.4.1/subjects_dir
FREESURFER_HOME /home/ts/software/freesurfer/freesurfer7.4.1
Loading source label.
Found 1549 points in source label.
Starting surface-based mapping
Reading source registration 
 /home/ts/develop/subject1/derived/FreeSurfer/7.4.1/subjects_dir/fsaverage/surf/lh.sphere.reg
Rescaling ...  original radius = 100
Reading target surface 
 /home/ts/develop/subject1/derived/FreeSurfer/7.4.1/subjects_dir/sub-01/surf/lh.white
Reading target registration 
 /home/ts/develop/subject1/derived/FreeSurfer/7.4.1/subjects_dir/sub-01/surf/lh.sphere.reg
Rescaling ...  original radius = 100
Building target registration hash (res=16).
Building source registration hash (res=16).
INFO: found  1549 nlabel points
Performing mapping from target back to the source label 146406
Number of reverse mapping hits = 51
Checking for and removing duplicates
Writing label file ./lh.BA4p_exvivo.thresh.label 1600
mri_label2label: Done

@#@FSTIME  2026:09:04:12:57:28 mri_label2label N 12 e 2.33 S 0.31 U 3.03 P 143% M 579380 F 0 R 173831 W 0 c 26 w 88 I 144 O 104 L 2.11 2.10 1.70
@#@FSLOADPOST 2026:09:04:12:57:31 mri_label2label N 12 2.10 2.10 1.70

 mri_label2label --srcsubject fsaverage --srclabel /home/ts/develop/subject1/derived/FreeSurfer/7.4.1/subjects_dir/fsaverage/label/lh.BA6_exvivo.thresh.label --trgsubject sub-01 --trglabel ./lh.BA6_exvivo.thresh.label --hemi lh --regmethod surface 


srclabel = /home/ts/develop/subject1/derived/FreeSurfer/7.4.1/subjects_dir/fsaverage/label/lh.BA6_exvivo.thresh.label
srcsubject = fsaverage
trgsubject = sub-01
trglabel = ./lh.BA6_exvivo.thresh.label
regmethod = surface

srchemi = lh
trghemi = lh
trgsurface = white
srcsurfreg = sphere.reg
trgsurfreg = sphere.reg
usehash = 1
Use ProjAbs  = 0, 0
Use ProjFrac = 0, 0
DoPaint 0

SUBJECTS_DIR    /home/ts/develop/subject1/derived/FreeSurfer/7.4.1/subjects_dir
FREESURFER_HOME /home/ts/software/freesurfer/freesurfer7.4.1
Loading source label.
Found 7035 points in source label.
Starting surface-based mapping
Reading source registration 
 /home/ts/develop/subject1/derived/FreeSurfer/7.4.1/subjects_dir/fsaverage/surf/lh.sphere.reg
Rescaling ...  original radius = 100
Reading target surface 
 /home/ts/develop/subject1/derived/FreeSurfer/7.4.1/subjects_dir/sub-01/surf/lh.white
Reading target registration 
 /home/ts/develop/subject1/derived/FreeSurfer/7.4.1/subjects_dir/sub-01/surf/lh.sphere.reg
Rescaling ...  original radius = 100
Building target registration hash (res=16).
Building source registration hash (res=16).
INFO: found  7035 nlabel points
Performing mapping from target back to the source label 146406
Number of reverse mapping hits = 528
Checking for and removing duplicates
Writing label file ./lh.BA6_exvivo.thresh.label 7563
mri_label2label: Done

@#@FSTIME  2026:09:04:12:57:31 mri_label2label N 12 e 3.16 S 0.32 U 3.79 P 129% M 579676 F 0 R 174003 W 0 c 44 w 87 I 616 O 512 L 2.10 2.10 1.70
@#@FSLOADPOST 2026:09:04:12:57:34 mri_label2label N 12 2.01 2.08 1.70

 mri_label2label --srcsubject fsaverage --srclabel /home/ts/develop/subject1/derived/FreeSurfer/7.4.1/subjects_dir/fsaverage/label/lh.BA44_exvivo.thresh.label --trgsubject sub-01 --trglabel ./lh.BA44_exvivo.thresh.label --hemi lh --regmethod surface 


srclabel = /home/ts/develop/subject1/derived/FreeSurfer/7.4.1/subjects_dir/fsaverage/label/lh.BA44_exvivo.thresh.label
srcsubject = fsaverage
trgsubject = sub-01
trglabel = ./lh.BA44_exvivo.thresh.label
regmethod = surface

srchemi = lh
trghemi = lh
trgsurface = white
srcsurfreg = sphere.reg
trgsurfreg = sphere.reg
usehash = 1
Use ProjAbs  = 0, 0
Use ProjFrac = 0, 0
DoPaint 0

SUBJECTS_DIR    /home/ts/develop/subject1/derived/FreeSurfer/7.4.1/subjects_dir
FREESURFER_HOME /home/ts/software/freesurfer/freesurfer7.4.1
Loading source label.
Found 1912 points in source label.
Starting surface-based mapping
Reading source registration 
 /home/ts/develop/subject1/derived/FreeSurfer/7.4.1/subjects_dir/fsaverage/surf/lh.sphere.reg
Rescaling ...  original radius = 100
Reading target surface 
 /home/ts/develop/subject1/derived/FreeSurfer/7.4.1/subjects_dir/sub-01/surf/lh.white
Reading target registration 
 /home/ts/develop/subject1/derived/FreeSurfer/7.4.1/subjects_dir/sub-01/surf/lh.sphere.reg
Rescaling ...  original radius = 100
Building target registration hash (res=16).
Building source registration hash (res=16).
INFO: found  1912 nlabel points
Performing mapping from target back to the source label 146406
Number of reverse mapping hits = 108
Checking for and removing duplicates
Writing label file ./lh.BA44_exvivo.thresh.label 2020
mri_label2label: Done

@#@FSTIME  2026:09:04:12:57:34 mri_label2label N 12 e 2.41 S 0.30 U 3.06 P 139% M 579560 F 0 R 173910 W 0 c 28 w 87 I 168 O 144 L 2.01 2.08 1.70
@#@FSLOADPOST 2026:09:04:12:57:36 mri_label2label N 12 2.01 2.08 1.70

 mri_label2label --srcsubject fsaverage --srclabel /home/ts/develop/subject1/derived/FreeSurfer/7.4.1/subjects_dir/fsaverage/label/lh.BA45_exvivo.thresh.label --trgsubject sub-01 --trglabel ./lh.BA45_exvivo.thresh.label --hemi lh --regmethod surface 


srclabel = /home/ts/develop/subject1/derived/FreeSurfer/7.4.1/subjects_dir/fsaverage/label/lh.BA45_exvivo.thresh.label
srcsubject = fsaverage
trgsubject = sub-01
trglabel = ./lh.BA45_exvivo.thresh.label
regmethod = surface

srchemi = lh
trghemi = lh
trgsurface = white
srcsurfreg = sphere.reg
trgsurfreg = sphere.reg
usehash = 1
Use ProjAbs  = 0, 0
Use ProjFrac = 0, 0
DoPaint 0

SUBJECTS_DIR    /home/ts/develop/subject1/derived/FreeSurfer/7.4.1/subjects_dir
FREESURFER_HOME /home/ts/software/freesurfer/freesurfer7.4.1
Loading source label.
Found 1151 points in source label.
Starting surface-based mapping
Reading source registration 
 /home/ts/develop/subject1/derived/FreeSurfer/7.4.1/subjects_dir/fsaverage/surf/lh.sphere.reg
Rescaling ...  original radius = 100
Reading target surface 
 /home/ts/develop/subject1/derived/FreeSurfer/7.4.1/subjects_dir/sub-01/surf/lh.white
Reading target registration 
 /home/ts/develop/subject1/derived/FreeSurfer/7.4.1/subjects_dir/sub-01/surf/lh.sphere.reg
Rescaling ...  original radius = 100
Building target registration hash (res=16).
Building source registration hash (res=16).
INFO: found  1151 nlabel points
Performing mapping from target back to the source label 146406
Number of reverse mapping hits = 168
Checking for and removing duplicates
Writing label file ./lh.BA45_exvivo.thresh.label 1319
mri_label2label: Done

@#@FSTIME  2026:09:04:12:57:36 mri_label2label N 12 e 2.36 S 0.31 U 3.01 P 140% M 579652 F 0 R 173908 W 0 c 29 w 86 I 104 O 104 L 2.01 2.08 1.70
@#@FSLOADPOST 2026:09:04:12:57:39 mri_label2label N 12 1.93 2.06 1.69

 mri_label2label --srcsubject fsaverage --srclabel /home/ts/develop/subject1/derived/FreeSurfer/7.4.1/subjects_dir/fsaverage/label/lh.V1_exvivo.thresh.label --trgsubject sub-01 --trglabel ./lh.V1_exvivo.thresh.label --hemi lh --regmethod surface 


srclabel = /home/ts/develop/subject1/derived/FreeSurfer/7.4.1/subjects_dir/fsaverage/label/lh.V1_exvivo.thresh.label
srcsubject = fsaverage
trgsubject = sub-01
trglabel = ./lh.V1_exvivo.thresh.label
regmethod = surface

srchemi = lh
trghemi = lh
trgsurface = white
srcsurfreg = sphere.reg
trgsurfreg = sphere.reg
usehash = 1
Use ProjAbs  = 0, 0
Use ProjFrac = 0, 0
DoPaint 0

SUBJECTS_DIR    /home/ts/develop/subject1/derived/FreeSurfer/7.4.1/subjects_dir
FREESURFER_HOME /home/ts/software/freesurfer/freesurfer7.4.1
Loading source label.
Found 3405 points in source label.
Starting surface-based mapping
Reading source registration 
 /home/ts/develop/subject1/derived/FreeSurfer/7.4.1/subjects_dir/fsaverage/surf/lh.sphere.reg
Rescaling ...  original radius = 100
Reading target surface 
 /home/ts/develop/subject1/derived/FreeSurfer/7.4.1/subjects_dir/sub-01/surf/lh.white
Reading target registration 
 /home/ts/develop/subject1/derived/FreeSurfer/7.4.1/subjects_dir/sub-01/surf/lh.sphere.reg
Rescaling ...  original radius = 100
Building target registration hash (res=16).
Building source registration hash (res=16).
INFO: found  3405 nlabel points
Performing mapping from target back to the source label 146406
Number of reverse mapping hits = 534
Checking for and removing duplicates
Writing label file ./lh.V1_exvivo.thresh.label 3939
mri_label2label: Done

@#@FSTIME  2026:09:04:12:57:39 mri_label2label N 12 e 2.61 S 0.34 U 3.30 P 139% M 579336 F 0 R 173938 W 0 c 37 w 96 I 304 O 288 L 1.93 2.06 1.69
@#@FSLOADPOST 2026:09:04:12:57:41 mri_label2label N 12 1.93 2.06 1.69

 mri_label2label --srcsubject fsaverage --srclabel /home/ts/develop/subject1/derived/FreeSurfer/7.4.1/subjects_dir/fsaverage/label/lh.V2_exvivo.thresh.label --trgsubject sub-01 --trglabel ./lh.V2_exvivo.thresh.label --hemi lh --regmethod surface 


srclabel = /home/ts/develop/subject1/derived/FreeSurfer/7.4.1/subjects_dir/fsaverage/label/lh.V2_exvivo.thresh.label
srcsubject = fsaverage
trgsubject = sub-01
trglabel = ./lh.V2_exvivo.thresh.label
regmethod = surface

srchemi = lh
trghemi = lh
trgsurface = white
srcsurfreg = sphere.reg
trgsurfreg = sphere.reg
usehash = 1
Use ProjAbs  = 0, 0
Use ProjFrac = 0, 0
DoPaint 0

SUBJECTS_DIR    /home/ts/develop/subject1/derived/FreeSurfer/7.4.1/subjects_dir
FREESURFER_HOME /home/ts/software/freesurfer/freesurfer7.4.1
Loading source label.
Found 3334 points in source label.
Starting surface-based mapping
Reading source registration 
 /home/ts/develop/subject1/derived/FreeSurfer/7.4.1/subjects_dir/fsaverage/surf/lh.sphere.reg
Rescaling ...  original radius = 100
Reading target surface 
 /home/ts/develop/subject1/derived/FreeSurfer/7.4.1/subjects_dir/sub-01/surf/lh.white
Reading target registration 
 /home/ts/develop/subject1/derived/FreeSurfer/7.4.1/subjects_dir/sub-01/surf/lh.sphere.reg
Rescaling ...  original radius = 100
Building target registration hash (res=16).
Building source registration hash (res=16).
INFO: found  3334 nlabel points
Performing mapping from target back to the source label 146406
Number of reverse mapping hits = 858
Checking for and removing duplicates
Writing label file ./lh.V2_exvivo.thresh.label 4192
mri_label2label: Done

@#@FSTIME  2026:09:04:12:57:41 mri_label2label N 12 e 2.64 S 0.29 U 3.31 P 136% M 579836 F 0 R 173932 W 0 c 42 w 87 I 296 O 320 L 1.93 2.06 1.69
@#@FSLOADPOST 2026:09:04:12:57:44 mri_label2label N 12 1.85 2.04 1.69

 mri_label2label --srcsubject fsaverage --srclabel /home/ts/develop/subject1/derived/FreeSurfer/7.4.1/subjects_dir/fsaverage/label/lh.MT_exvivo.thresh.label --trgsubject sub-01 --trglabel ./lh.MT_exvivo.thresh.label --hemi lh --regmethod surface 


srclabel = /home/ts/develop/subject1/derived/FreeSurfer/7.4.1/subjects_dir/fsaverage/label/lh.MT_exvivo.thresh.label
srcsubject = fsaverage
trgsubject = sub-01
trglabel = ./lh.MT_exvivo.thresh.label
regmethod = surface

srchemi = lh
trghemi = lh
trgsurface = white
srcsurfreg = sphere.reg
trgsurfreg = sphere.reg
usehash = 1
Use ProjAbs  = 0, 0
Use ProjFrac = 0, 0
DoPaint 0

SUBJECTS_DIR    /home/ts/develop/subject1/derived/FreeSurfer/7.4.1/subjects_dir
FREESURFER_HOME /home/ts/software/freesurfer/freesurfer7.4.1
Loading source label.
Found 513 points in source label.
Starting surface-based mapping
Reading source registration 
 /home/ts/develop/subject1/derived/FreeSurfer/7.4.1/subjects_dir/fsaverage/surf/lh.sphere.reg
Rescaling ...  original radius = 100
Reading target surface 
 /home/ts/develop/subject1/derived/FreeSurfer/7.4.1/subjects_dir/sub-01/surf/lh.white
Reading target registration 
 /home/ts/develop/subject1/derived/FreeSurfer/7.4.1/subjects_dir/sub-01/surf/lh.sphere.reg
Rescaling ...  original radius = 100
Building target registration hash (res=16).
Building source registration hash (res=16).
INFO: found  513 nlabel points
Performing mapping from target back to the source label 146406
Number of reverse mapping hits = 185
Checking for and removing duplicates
Writing label file ./lh.MT_exvivo.thresh.label 698
mri_label2label: Done

@#@FSTIME  2026:09:04:12:57:44 mri_label2label N 12 e 2.26 S 0.30 U 2.91 P 142% M 579128 F 0 R 173883 W 0 c 42 w 85 I 48 O 64 L 1.85 2.04 1.69
@#@FSLOADPOST 2026:09:04:12:57:46 mri_label2label N 12 1.85 2.04 1.69

 mri_label2label --srcsubject fsaverage --srclabel /home/ts/develop/subject1/derived/FreeSurfer/7.4.1/subjects_dir/fsaverage/label/lh.entorhinal_exvivo.thresh.label --trgsubject sub-01 --trglabel ./lh.entorhinal_exvivo.thresh.label --hemi lh --regmethod surface 


srclabel = /home/ts/develop/subject1/derived/FreeSurfer/7.4.1/subjects_dir/fsaverage/label/lh.entorhinal_exvivo.thresh.label
srcsubject = fsaverage
trgsubject = sub-01
trglabel = ./lh.entorhinal_exvivo.thresh.label
regmethod = surface

srchemi = lh
trghemi = lh
trgsurface = white
srcsurfreg = sphere.reg
trgsurfreg = sphere.reg
usehash = 1
Use ProjAbs  = 0, 0
Use ProjFrac = 0, 0
DoPaint 0

SUBJECTS_DIR    /home/ts/develop/subject1/derived/FreeSurfer/7.4.1/subjects_dir
FREESURFER_HOME /home/ts/software/freesurfer/freesurfer7.4.1
Loading source label.
Found 470 points in source label.
Starting surface-based mapping
Reading source registration 
 /home/ts/develop/subject1/derived/FreeSurfer/7.4.1/subjects_dir/fsaverage/surf/lh.sphere.reg
Rescaling ...  original radius = 100
Reading target surface 
 /home/ts/develop/subject1/derived/FreeSurfer/7.4.1/subjects_dir/sub-01/surf/lh.white
Reading target registration 
 /home/ts/develop/subject1/derived/FreeSurfer/7.4.1/subjects_dir/sub-01/surf/lh.sphere.reg
Rescaling ...  original radius = 100
Building target registration hash (res=16).
Building source registration hash (res=16).
INFO: found  470 nlabel points
Performing mapping from target back to the source label 146406
Number of reverse mapping hits = 73
Checking for and removing duplicates
Writing label file ./lh.entorhinal_exvivo.thresh.label 543
mri_label2label: Done

@#@FSTIME  2026:09:04:12:57:46 mri_label2label N 12 e 2.19 S 0.30 U 2.86 P 144% M 579612 F 0 R 173840 W 0 c 26 w 83 I 48 O 48 L 1.85 2.04 1.69
@#@FSLOADPOST 2026:09:04:12:57:49 mri_label2label N 12 1.79 2.03 1.68

 mri_label2label --srcsubject fsaverage --srclabel /home/ts/develop/subject1/derived/FreeSurfer/7.4.1/subjects_dir/fsaverage/label/lh.perirhinal_exvivo.thresh.label --trgsubject sub-01 --trglabel ./lh.perirhinal_exvivo.thresh.label --hemi lh --regmethod surface 


srclabel = /home/ts/develop/subject1/derived/FreeSurfer/7.4.1/subjects_dir/fsaverage/label/lh.perirhinal_exvivo.thresh.label
srcsubject = fsaverage
trgsubject = sub-01
trglabel = ./lh.perirhinal_exvivo.thresh.label
regmethod = surface

srchemi = lh
trghemi = lh
trgsurface = white
srcsurfreg = sphere.reg
trgsurfreg = sphere.reg
usehash = 1
Use ProjAbs  = 0, 0
Use ProjFrac = 0, 0
DoPaint 0

SUBJECTS_DIR    /home/ts/develop/subject1/derived/FreeSurfer/7.4.1/subjects_dir
FREESURFER_HOME /home/ts/software/freesurfer/freesurfer7.4.1
Loading source label.
Found 450 points in source label.
Starting surface-based mapping
Reading source registration 
 /home/ts/develop/subject1/derived/FreeSurfer/7.4.1/subjects_dir/fsaverage/surf/lh.sphere.reg
Rescaling ...  original radius = 100
Reading target surface 
 /home/ts/develop/subject1/derived/FreeSurfer/7.4.1/subjects_dir/sub-01/surf/lh.white
Reading target registration 
 /home/ts/develop/subject1/derived/FreeSurfer/7.4.1/subjects_dir/sub-01/surf/lh.sphere.reg
Rescaling ...  original radius = 100
Building target registration hash (res=16).
Building source registration hash (res=16).
INFO: found  450 nlabel points
Performing mapping from target back to the source label 146406
Number of reverse mapping hits = 43
Checking for and removing duplicates
Writing label file ./lh.perirhinal_exvivo.thresh.label 493
mri_label2label: Done

@#@FSTIME  2026:09:04:12:57:49 mri_label2label N 12 e 2.19 S 0.31 U 2.83 P 143% M 579516 F 0 R 173875 W 0 c 29 w 88 I 48 O 40 L 1.79 2.03 1.68
@#@FSLOADPOST 2026:09:04:12:57:51 mri_label2label N 12 1.79 2.03 1.68

 mris_label2annot --s sub-01 --hemi lh --ctab /home/ts/software/freesurfer/freesurfer7.4.1/average/colortable_BA.txt --l lh.BA1_exvivo.label --l lh.BA2_exvivo.label --l lh.BA3a_exvivo.label --l lh.BA3b_exvivo.label --l lh.BA4a_exvivo.label --l lh.BA4p_exvivo.label --l lh.BA6_exvivo.label --l lh.BA44_exvivo.label --l lh.BA45_exvivo.label --l lh.V1_exvivo.label --l lh.V2_exvivo.label --l lh.MT_exvivo.label --l lh.perirhinal_exvivo.label --l lh.entorhinal_exvivo.label --a BA_exvivo --maxstatwinner --noverbose 

Reading ctab /home/ts/software/freesurfer/freesurfer7.4.1/average/colortable_BA.txt
Number of ctab entries 15

7.4.1
cwd /home/ts/develop/subject1/derived/FreeSurfer/7.4.1/subjects_dir/sub-01/label
cmdline mris_label2annot --s sub-01 --hemi lh --ctab /home/ts/software/freesurfer/freesurfer7.4.1/average/colortable_BA.txt --l lh.BA1_exvivo.label --l lh.BA2_exvivo.label --l lh.BA3a_exvivo.label --l lh.BA3b_exvivo.label --l lh.BA4a_exvivo.label --l lh.BA4p_exvivo.label --l lh.BA6_exvivo.label --l lh.BA44_exvivo.label --l lh.BA45_exvivo.label --l lh.V1_exvivo.label --l lh.V2_exvivo.label --l lh.MT_exvivo.label --l lh.perirhinal_exvivo.label --l lh.entorhinal_exvivo.label --a BA_exvivo --maxstatwinner --noverbose 
sysname  Linux
hostname mini
machine  x86_64
user     ts

subject sub-01
hemi    lh
SUBJECTS_DIR /home/ts/develop/subject1/derived/FreeSurfer/7.4.1/subjects_dir
ColorTable /home/ts/software/freesurfer/freesurfer7.4.1/average/colortable_BA.txt
AnnotName  BA_exvivo
nlables 14
LabelThresh 0 0.000000
Loading /home/ts/develop/subject1/derived/FreeSurfer/7.4.1/subjects_dir/sub-01/surf/lh.orig
Index Offset 0
0 reading lh.BA1_exvivo.label
 1 1530880 BA1_exvivo
1 reading lh.BA2_exvivo.label
 2 16749699 BA2_exvivo
2 reading lh.BA3a_exvivo.label
 3 16711680 BA3a_exvivo
3 reading lh.BA3b_exvivo.label
 4 3368703 BA3b_exvivo
4 reading lh.BA4a_exvivo.label
 5 1376196 BA4a_exvivo
5 reading lh.BA4p_exvivo.label
 6 13382655 BA4p_exvivo
6 reading lh.BA6_exvivo.label
 7 10036737 BA6_exvivo
7 reading lh.BA44_exvivo.label
 8 2490521 BA44_exvivo
8 reading lh.BA45_exvivo.label
 9 39283 BA45_exvivo
9 reading lh.V1_exvivo.label
10 3993 V1_exvivo
10 reading lh.V2_exvivo.label
11 8508928 V2_exvivo
11 reading lh.MT_exvivo.label
12 10027163 MT_exvivo
12 reading lh.perirhinal_exvivo.label
13 16422433 perirhinal_exvivo
13 reading lh.entorhinal_exvivo.label
14 16392598 entorhinal_exvivo
Mapping unhit to unknown
Found 101734 unhit vertices
Writing annot to /home/ts/develop/subject1/derived/FreeSurfer/7.4.1/subjects_dir/sub-01/label/lh.BA_exvivo.annot
@#@FSTIME  2026:09:04:12:57:51 mris_label2annot N 38 e 0.39 S 0.09 U 0.57 P 170% M 169532 F 0 R 47090 W 0 c 15 w 33 I 8 O 2296 L 1.79 2.03 1.68
@#@FSLOADPOST 2026:09:04:12:57:51 mris_label2annot N 38 1.79 2.03 1.68

 mris_label2annot --s sub-01 --hemi lh --ctab /home/ts/software/freesurfer/freesurfer7.4.1/average/colortable_BA.txt --l lh.BA1_exvivo.thresh.label --l lh.BA2_exvivo.thresh.label --l lh.BA3a_exvivo.thresh.label --l lh.BA3b_exvivo.thresh.label --l lh.BA4a_exvivo.thresh.label --l lh.BA4p_exvivo.thresh.label --l lh.BA6_exvivo.thresh.label --l lh.BA44_exvivo.thresh.label --l lh.BA45_exvivo.thresh.label --l lh.V1_exvivo.thresh.label --l lh.V2_exvivo.thresh.label --l lh.MT_exvivo.thresh.label --l lh.perirhinal_exvivo.thresh.label --l lh.entorhinal_exvivo.thresh.label --a BA_exvivo.thresh --maxstatwinner --noverbose 

Reading ctab /home/ts/software/freesurfer/freesurfer7.4.1/average/colortable_BA.txt
Number of ctab entries 15

7.4.1
cwd /home/ts/develop/subject1/derived/FreeSurfer/7.4.1/subjects_dir/sub-01/label
cmdline mris_label2annot --s sub-01 --hemi lh --ctab /home/ts/software/freesurfer/freesurfer7.4.1/average/colortable_BA.txt --l lh.BA1_exvivo.thresh.label --l lh.BA2_exvivo.thresh.label --l lh.BA3a_exvivo.thresh.label --l lh.BA3b_exvivo.thresh.label --l lh.BA4a_exvivo.thresh.label --l lh.BA4p_exvivo.thresh.label --l lh.BA6_exvivo.thresh.label --l lh.BA44_exvivo.thresh.label --l lh.BA45_exvivo.thresh.label --l lh.V1_exvivo.thresh.label --l lh.V2_exvivo.thresh.label --l lh.MT_exvivo.thresh.label --l lh.perirhinal_exvivo.thresh.label --l lh.entorhinal_exvivo.thresh.label --a BA_exvivo.thresh --maxstatwinner --noverbose 
sysname  Linux
hostname mini
machine  x86_64
user     ts

subject sub-01
hemi    lh
SUBJECTS_DIR /home/ts/develop/subject1/derived/FreeSurfer/7.4.1/subjects_dir
ColorTable /home/ts/software/freesurfer/freesurfer7.4.1/average/colortable_BA.txt
AnnotName  BA_exvivo.thresh
nlables 14
LabelThresh 0 0.000000
Loading /home/ts/develop/subject1/derived/FreeSurfer/7.4.1/subjects_dir/sub-01/surf/lh.orig
Index Offset 0
0 reading lh.BA1_exvivo.thresh.label
 1 1530880 BA1_exvivo
1 reading lh.BA2_exvivo.thresh.label
 2 16749699 BA2_exvivo
2 reading lh.BA3a_exvivo.thresh.label
 3 16711680 BA3a_exvivo
3 reading lh.BA3b_exvivo.thresh.label
 4 3368703 BA3b_exvivo
4 reading lh.BA4a_exvivo.thresh.label
 5 1376196 BA4a_exvivo
5 reading lh.BA4p_exvivo.thresh.label
 6 13382655 BA4p_exvivo
6 reading lh.BA6_exvivo.thresh.label
 7 10036737 BA6_exvivo
7 reading lh.BA44_exvivo.thresh.label
 8 2490521 BA44_exvivo
8 reading lh.BA45_exvivo.thresh.label
 9 39283 BA45_exvivo
9 reading lh.V1_exvivo.thresh.label
10 3993 V1_exvivo
10 reading lh.V2_exvivo.thresh.label
11 8508928 V2_exvivo
11 reading lh.MT_exvivo.thresh.label
12 10027163 MT_exvivo
12 reading lh.perirhinal_exvivo.thresh.label
13 16422433 perirhinal_exvivo
13 reading lh.entorhinal_exvivo.thresh.label
14 16392598 entorhinal_exvivo
Mapping unhit to unknown
Found 121211 unhit vertices
Writing annot to /home/ts/develop/subject1/derived/FreeSurfer/7.4.1/subjects_dir/sub-01/label/lh.BA_exvivo.thresh.annot
@#@FSTIME  2026:09:04:12:57:51 mris_label2annot N 38 e 0.38 S 0.09 U 0.57 P 175% M 169168 F 0 R 46996 W 0 c 9 w 35 I 0 O 2296 L 1.79 2.03 1.68
@#@FSLOADPOST 2026:09:04:12:57:52 mris_label2annot N 38 1.79 2.03 1.68

 mris_anatomical_stats -th3 -mgz -f ../stats/lh.BA_exvivo.stats -b -a ./lh.BA_exvivo.annot -c ./BA_exvivo.ctab sub-01 lh white 

computing statistics for each annotation in ./lh.BA_exvivo.annot.
reading volume /home/ts/develop/subject1/derived/FreeSurfer/7.4.1/subjects_dir/sub-01/mri/wm.mgz...
reading input surface /home/ts/develop/subject1/derived/FreeSurfer/7.4.1/subjects_dir/sub-01/surf/lh.white...
reading input pial surface /home/ts/develop/subject1/derived/FreeSurfer/7.4.1/subjects_dir/sub-01/surf/lh.pial...
reading input white surface /home/ts/develop/subject1/derived/FreeSurfer/7.4.1/subjects_dir/sub-01/surf/lh.white...
INFO: using TH3 volume calc
INFO: assuming MGZ format for volumes.
Using TH3 vertex volume calc
Total face volume 261263
Total vertex volume 261068 (mask=0)
Saving annotation colortable ./BA_exvivo.ctab

table columns are:
    number of vertices
    total surface area (mm^2)
    total gray matter volume (mm^3)
    average cortical thickness +- standard deviation (mm)
    integrated rectified mean curvature
    integrated rectified Gaussian curvature
    folding index
    intrinsic curvature index
    structure name

atlas_icv (eTIV) = 1434701 mm^3    (det: 1.357847 )
 1276    822   2109  2.186 0.532     0.125     0.025       14     1.2  BA1_exvivo
 5073   3414   7821  2.257 0.362     0.109     0.019       43     4.2  BA2_exvivo
 1099    731   1145  1.955 0.428     0.124     0.027        9     1.2  BA3a_exvivo
 2729   1860   3832  1.977 0.491     0.117     0.022       28     2.6  BA3b_exvivo
 1880   1055   3401  2.880 0.455     0.094     0.018       12     1.4  BA4a_exvivo
 1428    874   2334  2.743 0.422     0.088     0.017        6     1.1  BA4p_exvivo
10847   7260  23096  2.855 0.439     0.115     0.022      100     9.6  BA6_exvivo
 2657   1786   5383  2.889 0.425     0.114     0.021       23     2.4  BA44_exvivo
 3037   2146   5718  2.449 0.428     0.128     0.028       42     3.4  BA45_exvivo
 3122   2196   4218  1.956 0.449     0.125     0.029       38     3.7  V1_exvivo
 7462   5332  11832  2.119 0.480     0.143     0.030      102     9.3  V2_exvivo
 2580   1765   4199  2.300 0.387     0.115     0.020       26     2.2  MT_exvivo
  739    525   1698  3.160 0.751     0.116     0.026        7     0.7  perirhinal_exvivo
  743    483   1982  3.036 1.366     0.107     0.033        7     1.0  entorhinal_exvivo
@#@FSTIME  2026:09:04:12:57:52 mris_anatomical_stats N 12 e 2.02 S 0.27 U 3.34 P 178% M 511096 F 0 R 148411 W 0 c 50 w 123 I 0 O 24 L 1.79 2.03 1.68
@#@FSLOADPOST 2026:09:04:12:57:54 mris_anatomical_stats N 12 1.72 2.01 1.68

 mris_anatomical_stats -th3 -mgz -f ../stats/lh.BA_exvivo.thresh.stats -b -a ./lh.BA_exvivo.thresh.annot -c ./BA_exvivo.thresh.ctab sub-01 lh white 

computing statistics for each annotation in ./lh.BA_exvivo.thresh.annot.
reading volume /home/ts/develop/subject1/derived/FreeSurfer/7.4.1/subjects_dir/sub-01/mri/wm.mgz...
reading input surface /home/ts/develop/subject1/derived/FreeSurfer/7.4.1/subjects_dir/sub-01/surf/lh.white...
reading input pial surface /home/ts/develop/subject1/derived/FreeSurfer/7.4.1/subjects_dir/sub-01/surf/lh.pial...
reading input white surface /home/ts/develop/subject1/derived/FreeSurfer/7.4.1/subjects_dir/sub-01/surf/lh.white...
INFO: using TH3 volume calc
INFO: assuming MGZ format for volumes.
Using TH3 vertex volume calc
Total face volume 261263
Total vertex volume 261068 (mask=0)
Saving annotation colortable ./BA_exvivo.thresh.ctab

table columns are:
    number of vertices
    total surface area (mm^2)
    total gray matter volume (mm^3)
    average cortical thickness +- standard deviation (mm)
    integrated rectified mean curvature
    integrated rectified Gaussian curvature
    folding index
    intrinsic curvature index
    structure name

atlas_icv (eTIV) = 1434701 mm^3    (det: 1.357847 )
  875    546   1411  2.155 0.439     0.137     0.027       12     1.0  BA1_exvivo
 1873   1204   2985  2.307 0.399     0.098     0.016       14     1.2  BA2_exvivo
  907    600    824  1.865 0.361     0.130     0.028        7     1.1  BA3a_exvivo
 1561   1060   1723  1.666 0.314     0.104     0.019       12     1.2  BA3b_exvivo
 1816   1000   3307  2.949 0.444     0.084     0.016       10     1.3  BA4a_exvivo
 1137    721   1755  2.660 0.411     0.094     0.019        5     0.9  BA4p_exvivo
 5766   3807  12305  2.873 0.456     0.116     0.023       53     5.5  BA6_exvivo
 1597   1065   3381  2.915 0.405     0.116     0.022       15     1.4  BA44_exvivo
 1153    822   2446  2.554 0.437     0.131     0.027       15     1.3  BA45_exvivo
 3313   2340   4556  1.958 0.438     0.124     0.028       41     3.9  V1_exvivo
 3726   2703   5857  2.089 0.471     0.154     0.035       55     5.4  V2_exvivo
  667    464   1276  2.437 0.422     0.121     0.023        9     0.5  MT_exvivo
  326    229    703  3.320 0.581     0.125     0.027        3     0.3  perirhinal_exvivo
  478    299   1538  3.680 0.759     0.077     0.017        1     0.3  entorhinal_exvivo
@#@FSTIME  2026:09:04:12:57:54 mris_anatomical_stats N 12 e 2.02 S 0.27 U 3.34 P 178% M 511080 F 0 R 148410 W 0 c 37 w 124 I 0 O 24 L 1.72 2.01 1.68
@#@FSLOADPOST 2026:09:04:12:57:56 mris_anatomical_stats N 12 1.72 2.01 1.68
#--------------------------------------------
#@# BA_exvivo Labels rh Fri Sep  4 12:57:56 CEST 2026

 mri_label2label --srcsubject fsaverage --srclabel /home/ts/develop/subject1/derived/FreeSurfer/7.4.1/subjects_dir/fsaverage/label/rh.BA1_exvivo.label --trgsubject sub-01 --trglabel ./rh.BA1_exvivo.label --hemi rh --regmethod surface 


srclabel = /home/ts/develop/subject1/derived/FreeSurfer/7.4.1/subjects_dir/fsaverage/label/rh.BA1_exvivo.label
srcsubject = fsaverage
trgsubject = sub-01
trglabel = ./rh.BA1_exvivo.label
regmethod = surface

srchemi = rh
trghemi = rh
trgsurface = white
srcsurfreg = sphere.reg
trgsurfreg = sphere.reg
usehash = 1
Use ProjAbs  = 0, 0
Use ProjFrac = 0, 0
DoPaint 0

SUBJECTS_DIR    /home/ts/develop/subject1/derived/FreeSurfer/7.4.1/subjects_dir
FREESURFER_HOME /home/ts/software/freesurfer/freesurfer7.4.1
Loading source label.
Found 3962 points in source label.
Starting surface-based mapping
Reading source registration 
 /home/ts/develop/subject1/derived/FreeSurfer/7.4.1/subjects_dir/fsaverage/surf/rh.sphere.reg
Rescaling ...  original radius = 100
Reading target surface 
 /home/ts/develop/subject1/derived/FreeSurfer/7.4.1/subjects_dir/sub-01/surf/rh.white
Reading target registration 
 /home/ts/develop/subject1/derived/FreeSurfer/7.4.1/subjects_dir/sub-01/surf/rh.sphere.reg
Rescaling ...  original radius = 100
Building target registration hash (res=16).
Building source registration hash (res=16).
INFO: found  3962 nlabel points
Performing mapping from target back to the source label 149113
Number of reverse mapping hits = 174
Checking for and removing duplicates
Writing label file ./rh.BA1_exvivo.label 4136
mri_label2label: Done

@#@FSTIME  2026:09:04:12:57:56 mri_label2label N 12 e 2.73 S 0.31 U 3.36 P 134% M 585104 F 0 R 175682 W 0 c 46 w 103 I 16192 O 264 L 1.72 2.01 1.68
@#@FSLOADPOST 2026:09:04:12:57:58 mri_label2label N 12 1.66 1.99 1.68

 mri_label2label --srcsubject fsaverage --srclabel /home/ts/develop/subject1/derived/FreeSurfer/7.4.1/subjects_dir/fsaverage/label/rh.BA2_exvivo.label --trgsubject sub-01 --trglabel ./rh.BA2_exvivo.label --hemi rh --regmethod surface 


srclabel = /home/ts/develop/subject1/derived/FreeSurfer/7.4.1/subjects_dir/fsaverage/label/rh.BA2_exvivo.label
srcsubject = fsaverage
trgsubject = sub-01
trglabel = ./rh.BA2_exvivo.label
regmethod = surface

srchemi = rh
trghemi = rh
trgsurface = white
srcsurfreg = sphere.reg
trgsurfreg = sphere.reg
usehash = 1
Use ProjAbs  = 0, 0
Use ProjFrac = 0, 0
DoPaint 0

SUBJECTS_DIR    /home/ts/develop/subject1/derived/FreeSurfer/7.4.1/subjects_dir
FREESURFER_HOME /home/ts/software/freesurfer/freesurfer7.4.1
Loading source label.
Found 6687 points in source label.
Starting surface-based mapping
Reading source registration 
 /home/ts/develop/subject1/derived/FreeSurfer/7.4.1/subjects_dir/fsaverage/surf/rh.sphere.reg
Rescaling ...  original radius = 100
Reading target surface 
 /home/ts/develop/subject1/derived/FreeSurfer/7.4.1/subjects_dir/sub-01/surf/rh.white
Reading target registration 
 /home/ts/develop/subject1/derived/FreeSurfer/7.4.1/subjects_dir/sub-01/surf/rh.sphere.reg
Rescaling ...  original radius = 100
Building target registration hash (res=16).
Building source registration hash (res=16).
INFO: found  6687 nlabel points
Performing mapping from target back to the source label 149113
Number of reverse mapping hits = 274
Checking for and removing duplicates
Writing label file ./rh.BA2_exvivo.label 6961
mri_label2label: Done

@#@FSTIME  2026:09:04:12:57:58 mri_label2label N 12 e 3.10 S 0.31 U 3.86 P 134% M 585408 F 0 R 175735 W 0 c 58 w 101 I 520 O 424 L 1.66 1.99 1.68
@#@FSLOADPOST 2026:09:04:12:58:02 mri_label2label N 12 1.66 1.99 1.68

 mri_label2label --srcsubject fsaverage --srclabel /home/ts/develop/subject1/derived/FreeSurfer/7.4.1/subjects_dir/fsaverage/label/rh.BA3a_exvivo.label --trgsubject sub-01 --trglabel ./rh.BA3a_exvivo.label --hemi rh --regmethod surface 


srclabel = /home/ts/develop/subject1/derived/FreeSurfer/7.4.1/subjects_dir/fsaverage/label/rh.BA3a_exvivo.label
srcsubject = fsaverage
trgsubject = sub-01
trglabel = ./rh.BA3a_exvivo.label
regmethod = surface

srchemi = rh
trghemi = rh
trgsurface = white
srcsurfreg = sphere.reg
trgsurfreg = sphere.reg
usehash = 1
Use ProjAbs  = 0, 0
Use ProjFrac = 0, 0
DoPaint 0

SUBJECTS_DIR    /home/ts/develop/subject1/derived/FreeSurfer/7.4.1/subjects_dir
FREESURFER_HOME /home/ts/software/freesurfer/freesurfer7.4.1
Loading source label.
Found 3980 points in source label.
Starting surface-based mapping
Reading source registration 
 /home/ts/develop/subject1/derived/FreeSurfer/7.4.1/subjects_dir/fsaverage/surf/rh.sphere.reg
Rescaling ...  original radius = 100
Reading target surface 
 /home/ts/develop/subject1/derived/FreeSurfer/7.4.1/subjects_dir/sub-01/surf/rh.white
Reading target registration 
 /home/ts/develop/subject1/derived/FreeSurfer/7.4.1/subjects_dir/sub-01/surf/rh.sphere.reg
Rescaling ...  original radius = 100
Building target registration hash (res=16).
Building source registration hash (res=16).
INFO: found  3980 nlabel points
Performing mapping from target back to the source label 149113
Number of reverse mapping hits = 42
Checking for and removing duplicates
Writing label file ./rh.BA3a_exvivo.label 4022
mri_label2label: Done

@#@FSTIME  2026:09:04:12:58:02 mri_label2label N 12 e 2.72 S 0.30 U 3.43 P 136% M 585272 F 0 R 175703 W 0 c 49 w 89 I 312 O 208 L 1.66 1.99 1.68
@#@FSLOADPOST 2026:09:04:12:58:04 mri_label2label N 12 1.61 1.97 1.67

 mri_label2label --srcsubject fsaverage --srclabel /home/ts/develop/subject1/derived/FreeSurfer/7.4.1/subjects_dir/fsaverage/label/rh.BA3b_exvivo.label --trgsubject sub-01 --trglabel ./rh.BA3b_exvivo.label --hemi rh --regmethod surface 


srclabel = /home/ts/develop/subject1/derived/FreeSurfer/7.4.1/subjects_dir/fsaverage/label/rh.BA3b_exvivo.label
srcsubject = fsaverage
trgsubject = sub-01
trglabel = ./rh.BA3b_exvivo.label
regmethod = surface

srchemi = rh
trghemi = rh
trgsurface = white
srcsurfreg = sphere.reg
trgsurfreg = sphere.reg
usehash = 1
Use ProjAbs  = 0, 0
Use ProjFrac = 0, 0
DoPaint 0

SUBJECTS_DIR    /home/ts/develop/subject1/derived/FreeSurfer/7.4.1/subjects_dir
FREESURFER_HOME /home/ts/software/freesurfer/freesurfer7.4.1
Loading source label.
Found 4522 points in source label.
Starting surface-based mapping
Reading source registration 
 /home/ts/develop/subject1/derived/FreeSurfer/7.4.1/subjects_dir/fsaverage/surf/rh.sphere.reg
Rescaling ...  original radius = 100
Reading target surface 
 /home/ts/develop/subject1/derived/FreeSurfer/7.4.1/subjects_dir/sub-01/surf/rh.white
Reading target registration 
 /home/ts/develop/subject1/derived/FreeSurfer/7.4.1/subjects_dir/sub-01/surf/rh.sphere.reg
Rescaling ...  original radius = 100
Building target registration hash (res=16).
Building source registration hash (res=16).
INFO: found  4522 nlabel points
Performing mapping from target back to the source label 149113
Number of reverse mapping hits = 91
Checking for and removing duplicates
Writing label file ./rh.BA3b_exvivo.label 4613
mri_label2label: Done

@#@FSTIME  2026:09:04:12:58:04 mri_label2label N 12 e 2.77 S 0.32 U 3.41 P 135% M 585268 F 0 R 175747 W 0 c 40 w 86 I 352 O 256 L 1.61 1.97 1.67
@#@FSLOADPOST 2026:09:04:12:58:07 mri_label2label N 12 1.61 1.97 1.67

 mri_label2label --srcsubject fsaverage --srclabel /home/ts/develop/subject1/derived/FreeSurfer/7.4.1/subjects_dir/fsaverage/label/rh.BA4a_exvivo.label --trgsubject sub-01 --trglabel ./rh.BA4a_exvivo.label --hemi rh --regmethod surface 


srclabel = /home/ts/develop/subject1/derived/FreeSurfer/7.4.1/subjects_dir/fsaverage/label/rh.BA4a_exvivo.label
srcsubject = fsaverage
trgsubject = sub-01
trglabel = ./rh.BA4a_exvivo.label
regmethod = surface

srchemi = rh
trghemi = rh
trgsurface = white
srcsurfreg = sphere.reg
trgsurfreg = sphere.reg
usehash = 1
Use ProjAbs  = 0, 0
Use ProjFrac = 0, 0
DoPaint 0

SUBJECTS_DIR    /home/ts/develop/subject1/derived/FreeSurfer/7.4.1/subjects_dir
FREESURFER_HOME /home/ts/software/freesurfer/freesurfer7.4.1
Loading source label.
Found 5747 points in source label.
Starting surface-based mapping
Reading source registration 
 /home/ts/develop/subject1/derived/FreeSurfer/7.4.1/subjects_dir/fsaverage/surf/rh.sphere.reg
Rescaling ...  original radius = 100
Reading target surface 
 /home/ts/develop/subject1/derived/FreeSurfer/7.4.1/subjects_dir/sub-01/surf/rh.white
Reading target registration 
 /home/ts/develop/subject1/derived/FreeSurfer/7.4.1/subjects_dir/sub-01/surf/rh.sphere.reg
Rescaling ...  original radius = 100
Building target registration hash (res=16).
Building source registration hash (res=16).
INFO: found  5747 nlabel points
Performing mapping from target back to the source label 149113
Number of reverse mapping hits = 318
Checking for and removing duplicates
Writing label file ./rh.BA4a_exvivo.label 6065
mri_label2label: Done

@#@FSTIME  2026:09:04:12:58:07 mri_label2label N 12 e 3.00 S 0.31 U 3.71 P 134% M 585200 F 0 R 175727 W 0 c 54 w 92 I 440 O 384 L 1.61 1.97 1.67
@#@FSLOADPOST 2026:09:04:12:58:10 mri_label2label N 12 1.56 1.96 1.67

 mri_label2label --srcsubject fsaverage --srclabel /home/ts/develop/subject1/derived/FreeSurfer/7.4.1/subjects_dir/fsaverage/label/rh.BA4p_exvivo.label --trgsubject sub-01 --trglabel ./rh.BA4p_exvivo.label --hemi rh --regmethod surface 


srclabel = /home/ts/develop/subject1/derived/FreeSurfer/7.4.1/subjects_dir/fsaverage/label/rh.BA4p_exvivo.label
srcsubject = fsaverage
trgsubject = sub-01
trglabel = ./rh.BA4p_exvivo.label
regmethod = surface

srchemi = rh
trghemi = rh
trgsurface = white
srcsurfreg = sphere.reg
trgsurfreg = sphere.reg
usehash = 1
Use ProjAbs  = 0, 0
Use ProjFrac = 0, 0
DoPaint 0

SUBJECTS_DIR    /home/ts/develop/subject1/derived/FreeSurfer/7.4.1/subjects_dir
FREESURFER_HOME /home/ts/software/freesurfer/freesurfer7.4.1
Loading source label.
Found 4473 points in source label.
Starting surface-based mapping
Reading source registration 
 /home/ts/develop/subject1/derived/FreeSurfer/7.4.1/subjects_dir/fsaverage/surf/rh.sphere.reg
Rescaling ...  original radius = 100
Reading target surface 
 /home/ts/develop/subject1/derived/FreeSurfer/7.4.1/subjects_dir/sub-01/surf/rh.white
Reading target registration 
 /home/ts/develop/subject1/derived/FreeSurfer/7.4.1/subjects_dir/sub-01/surf/rh.sphere.reg
Rescaling ...  original radius = 100
Building target registration hash (res=16).
Building source registration hash (res=16).
INFO: found  4473 nlabel points
Performing mapping from target back to the source label 149113
Number of reverse mapping hits = 139
Checking for and removing duplicates
Writing label file ./rh.BA4p_exvivo.label 4612
mri_label2label: Done

@#@FSTIME  2026:09:04:12:58:10 mri_label2label N 12 e 2.79 S 0.31 U 3.50 P 136% M 585284 F 0 R 175638 W 0 c 46 w 94 I 344 O 264 L 1.56 1.96 1.67
@#@FSLOADPOST 2026:09:04:12:58:13 mri_label2label N 12 1.56 1.96 1.67

 mri_label2label --srcsubject fsaverage --srclabel /home/ts/develop/subject1/derived/FreeSurfer/7.4.1/subjects_dir/fsaverage/label/rh.BA6_exvivo.label --trgsubject sub-01 --trglabel ./rh.BA6_exvivo.label --hemi rh --regmethod surface 


srclabel = /home/ts/develop/subject1/derived/FreeSurfer/7.4.1/subjects_dir/fsaverage/label/rh.BA6_exvivo.label
srcsubject = fsaverage
trgsubject = sub-01
trglabel = ./rh.BA6_exvivo.label
regmethod = surface

srchemi = rh
trghemi = rh
trgsurface = white
srcsurfreg = sphere.reg
trgsurfreg = sphere.reg
usehash = 1
Use ProjAbs  = 0, 0
Use ProjFrac = 0, 0
DoPaint 0

SUBJECTS_DIR    /home/ts/develop/subject1/derived/FreeSurfer/7.4.1/subjects_dir
FREESURFER_HOME /home/ts/software/freesurfer/freesurfer7.4.1
Loading source label.
Found 12256 points in source label.
Starting surface-based mapping
Reading source registration 
 /home/ts/develop/subject1/derived/FreeSurfer/7.4.1/subjects_dir/fsaverage/surf/rh.sphere.reg
Rescaling ...  original radius = 100
Reading target surface 
 /home/ts/develop/subject1/derived/FreeSurfer/7.4.1/subjects_dir/sub-01/surf/rh.white
Reading target registration 
 /home/ts/develop/subject1/derived/FreeSurfer/7.4.1/subjects_dir/sub-01/surf/rh.sphere.reg
Rescaling ...  original radius = 100
Building target registration hash (res=16).
Building source registration hash (res=16).
INFO: found  12256 nlabel points
Performing mapping from target back to the source label 149113
Number of reverse mapping hits = 785
Checking for and removing duplicates
Writing label file ./rh.BA6_exvivo.label 13041
mri_label2label: Done

@#@FSTIME  2026:09:04:12:58:13 mri_label2label N 12 e 3.84 S 0.32 U 4.61 P 128% M 585720 F 0 R 175817 W 0 c 57 w 100 I 936 O 856 L 1.56 1.96 1.67
@#@FSLOADPOST 2026:09:04:12:58:17 mri_label2label N 12 1.52 1.94 1.66

 mri_label2label --srcsubject fsaverage --srclabel /home/ts/develop/subject1/derived/FreeSurfer/7.4.1/subjects_dir/fsaverage/label/rh.BA44_exvivo.label --trgsubject sub-01 --trglabel ./rh.BA44_exvivo.label --hemi rh --regmethod surface 


srclabel = /home/ts/develop/subject1/derived/FreeSurfer/7.4.1/subjects_dir/fsaverage/label/rh.BA44_exvivo.label
srcsubject = fsaverage
trgsubject = sub-01
trglabel = ./rh.BA44_exvivo.label
regmethod = surface

srchemi = rh
trghemi = rh
trgsurface = white
srcsurfreg = sphere.reg
trgsurfreg = sphere.reg
usehash = 1
Use ProjAbs  = 0, 0
Use ProjFrac = 0, 0
DoPaint 0

SUBJECTS_DIR    /home/ts/develop/subject1/derived/FreeSurfer/7.4.1/subjects_dir
FREESURFER_HOME /home/ts/software/freesurfer/freesurfer7.4.1
Loading source label.
Found 6912 points in source label.
Starting surface-based mapping
Reading source registration 
 /home/ts/develop/subject1/derived/FreeSurfer/7.4.1/subjects_dir/fsaverage/surf/rh.sphere.reg
Rescaling ...  original radius = 100
Reading target surface 
 /home/ts/develop/subject1/derived/FreeSurfer/7.4.1/subjects_dir/sub-01/surf/rh.white
Reading target registration 
 /home/ts/develop/subject1/derived/FreeSurfer/7.4.1/subjects_dir/sub-01/surf/rh.sphere.reg
Rescaling ...  original radius = 100
Building target registration hash (res=16).
Building source registration hash (res=16).
INFO: found  6912 nlabel points
Performing mapping from target back to the source label 149113
Number of reverse mapping hits = 800
Checking for and removing duplicates
Writing label file ./rh.BA44_exvivo.label 7712
mri_label2label: Done

@#@FSTIME  2026:09:04:12:58:17 mri_label2label N 12 e 3.10 S 0.32 U 3.75 P 131% M 585764 F 0 R 175721 W 0 c 51 w 87 I 528 O 560 L 1.52 1.94 1.66
@#@FSLOADPOST 2026:09:04:12:58:20 mri_label2label N 12 1.47 1.93 1.66

 mri_label2label --srcsubject fsaverage --srclabel /home/ts/develop/subject1/derived/FreeSurfer/7.4.1/subjects_dir/fsaverage/label/rh.BA45_exvivo.label --trgsubject sub-01 --trglabel ./rh.BA45_exvivo.label --hemi rh --regmethod surface 


srclabel = /home/ts/develop/subject1/derived/FreeSurfer/7.4.1/subjects_dir/fsaverage/label/rh.BA45_exvivo.label
srcsubject = fsaverage
trgsubject = sub-01
trglabel = ./rh.BA45_exvivo.label
regmethod = surface

srchemi = rh
trghemi = rh
trgsurface = white
srcsurfreg = sphere.reg
trgsurfreg = sphere.reg
usehash = 1
Use ProjAbs  = 0, 0
Use ProjFrac = 0, 0
DoPaint 0

SUBJECTS_DIR    /home/ts/develop/subject1/derived/FreeSurfer/7.4.1/subjects_dir
FREESURFER_HOME /home/ts/software/freesurfer/freesurfer7.4.1
Loading source label.
Found 5355 points in source label.
Starting surface-based mapping
Reading source registration 
 /home/ts/develop/subject1/derived/FreeSurfer/7.4.1/subjects_dir/fsaverage/surf/rh.sphere.reg
Rescaling ...  original radius = 100
Reading target surface 
 /home/ts/develop/subject1/derived/FreeSurfer/7.4.1/subjects_dir/sub-01/surf/rh.white
Reading target registration 
 /home/ts/develop/subject1/derived/FreeSurfer/7.4.1/subjects_dir/sub-01/surf/rh.sphere.reg
Rescaling ...  original radius = 100
Building target registration hash (res=16).
Building source registration hash (res=16).
INFO: found  5355 nlabel points
Performing mapping from target back to the source label 149113
Number of reverse mapping hits = 967
Checking for and removing duplicates
Writing label file ./rh.BA45_exvivo.label 6322
mri_label2label: Done

@#@FSTIME  2026:09:04:12:58:20 mri_label2label N 12 e 3.03 S 0.32 U 3.73 P 133% M 585108 F 0 R 175696 W 0 c 55 w 101 I 416 O 480 L 1.47 1.93 1.66
@#@FSLOADPOST 2026:09:04:12:58:23 mri_label2label N 12 1.47 1.93 1.66

 mri_label2label --srcsubject fsaverage --srclabel /home/ts/develop/subject1/derived/FreeSurfer/7.4.1/subjects_dir/fsaverage/label/rh.V1_exvivo.label --trgsubject sub-01 --trglabel ./rh.V1_exvivo.label --hemi rh --regmethod surface 


srclabel = /home/ts/develop/subject1/derived/FreeSurfer/7.4.1/subjects_dir/fsaverage/label/rh.V1_exvivo.label
srcsubject = fsaverage
trgsubject = sub-01
trglabel = ./rh.V1_exvivo.label
regmethod = surface

srchemi = rh
trghemi = rh
trgsurface = white
srcsurfreg = sphere.reg
trgsurfreg = sphere.reg
usehash = 1
Use ProjAbs  = 0, 0
Use ProjFrac = 0, 0
DoPaint 0

SUBJECTS_DIR    /home/ts/develop/subject1/derived/FreeSurfer/7.4.1/subjects_dir
FREESURFER_HOME /home/ts/software/freesurfer/freesurfer7.4.1
Loading source label.
Found 4727 points in source label.
Starting surface-based mapping
Reading source registration 
 /home/ts/develop/subject1/derived/FreeSurfer/7.4.1/subjects_dir/fsaverage/surf/rh.sphere.reg
Rescaling ...  original radius = 100
Reading target surface 
 /home/ts/develop/subject1/derived/FreeSurfer/7.4.1/subjects_dir/sub-01/surf/rh.white
Reading target registration 
 /home/ts/develop/subject1/derived/FreeSurfer/7.4.1/subjects_dir/sub-01/surf/rh.sphere.reg
Rescaling ...  original radius = 100
Building target registration hash (res=16).
Building source registration hash (res=16).
INFO: found  4727 nlabel points
Performing mapping from target back to the source label 149113
Number of reverse mapping hits = 1140
Checking for and removing duplicates
Writing label file ./rh.V1_exvivo.label 5867
mri_label2label: Done

@#@FSTIME  2026:09:04:12:58:23 mri_label2label N 12 e 2.92 S 0.31 U 3.58 P 133% M 585292 F 0 R 175736 W 0 c 39 w 96 I 376 O 464 L 1.47 1.93 1.66
@#@FSLOADPOST 2026:09:04:12:58:26 mri_label2label N 12 1.44 1.91 1.66

 mri_label2label --srcsubject fsaverage --srclabel /home/ts/develop/subject1/derived/FreeSurfer/7.4.1/subjects_dir/fsaverage/label/rh.V2_exvivo.label --trgsubject sub-01 --trglabel ./rh.V2_exvivo.label --hemi rh --regmethod surface 


srclabel = /home/ts/develop/subject1/derived/FreeSurfer/7.4.1/subjects_dir/fsaverage/label/rh.V2_exvivo.label
srcsubject = fsaverage
trgsubject = sub-01
trglabel = ./rh.V2_exvivo.label
regmethod = surface

srchemi = rh
trghemi = rh
trgsurface = white
srcsurfreg = sphere.reg
trgsurfreg = sphere.reg
usehash = 1
Use ProjAbs  = 0, 0
Use ProjFrac = 0, 0
DoPaint 0

SUBJECTS_DIR    /home/ts/develop/subject1/derived/FreeSurfer/7.4.1/subjects_dir
FREESURFER_HOME /home/ts/software/freesurfer/freesurfer7.4.1
Loading source label.
Found 8016 points in source label.
Starting surface-based mapping
Reading source registration 
 /home/ts/develop/subject1/derived/FreeSurfer/7.4.1/subjects_dir/fsaverage/surf/rh.sphere.reg
Rescaling ...  original radius = 100
Reading target surface 
 /home/ts/develop/subject1/derived/FreeSurfer/7.4.1/subjects_dir/sub-01/surf/rh.white
Reading target registration 
 /home/ts/develop/subject1/derived/FreeSurfer/7.4.1/subjects_dir/sub-01/surf/rh.sphere.reg
Rescaling ...  original radius = 100
Building target registration hash (res=16).
Building source registration hash (res=16).
INFO: found  8016 nlabel points
Performing mapping from target back to the source label 149113
Number of reverse mapping hits = 2636
Checking for and removing duplicates
Writing label file ./rh.V2_exvivo.label 10652
mri_label2label: Done

@#@FSTIME  2026:09:04:12:58:26 mri_label2label N 12 e 3.37 S 0.30 U 4.03 P 128% M 585664 F 0 R 175753 W 0 c 53 w 87 I 640 O 856 L 1.44 1.91 1.66
@#@FSLOADPOST 2026:09:04:12:58:29 mri_label2label N 12 1.40 1.89 1.65

 mri_label2label --srcsubject fsaverage --srclabel /home/ts/develop/subject1/derived/FreeSurfer/7.4.1/subjects_dir/fsaverage/label/rh.MT_exvivo.label --trgsubject sub-01 --trglabel ./rh.MT_exvivo.label --hemi rh --regmethod surface 


srclabel = /home/ts/develop/subject1/derived/FreeSurfer/7.4.1/subjects_dir/fsaverage/label/rh.MT_exvivo.label
srcsubject = fsaverage
trgsubject = sub-01
trglabel = ./rh.MT_exvivo.label
regmethod = surface

srchemi = rh
trghemi = rh
trgsurface = white
srcsurfreg = sphere.reg
trgsurfreg = sphere.reg
usehash = 1
Use ProjAbs  = 0, 0
Use ProjFrac = 0, 0
DoPaint 0

SUBJECTS_DIR    /home/ts/develop/subject1/derived/FreeSurfer/7.4.1/subjects_dir
FREESURFER_HOME /home/ts/software/freesurfer/freesurfer7.4.1
Loading source label.
Found 1932 points in source label.
Starting surface-based mapping
Reading source registration 
 /home/ts/develop/subject1/derived/FreeSurfer/7.4.1/subjects_dir/fsaverage/surf/rh.sphere.reg
Rescaling ...  original radius = 100
Reading target surface 
 /home/ts/develop/subject1/derived/FreeSurfer/7.4.1/subjects_dir/sub-01/surf/rh.white
Reading target registration 
 /home/ts/develop/subject1/derived/FreeSurfer/7.4.1/subjects_dir/sub-01/surf/rh.sphere.reg
Rescaling ...  original radius = 100
Building target registration hash (res=16).
Building source registration hash (res=16).
INFO: found  1932 nlabel points
Performing mapping from target back to the source label 149113
Number of reverse mapping hits = 679
Checking for and removing duplicates
Writing label file ./rh.MT_exvivo.label 2611
mri_label2label: Done

@#@FSTIME  2026:09:04:12:58:29 mri_label2label N 12 e 2.45 S 0.31 U 3.10 P 139% M 585500 F 0 R 175673 W 0 c 33 w 86 I 160 O 224 L 1.40 1.89 1.65
@#@FSLOADPOST 2026:09:04:12:58:32 mri_label2label N 12 1.40 1.89 1.65

 mri_label2label --srcsubject fsaverage --srclabel /home/ts/develop/subject1/derived/FreeSurfer/7.4.1/subjects_dir/fsaverage/label/rh.entorhinal_exvivo.label --trgsubject sub-01 --trglabel ./rh.entorhinal_exvivo.label --hemi rh --regmethod surface 


srclabel = /home/ts/develop/subject1/derived/FreeSurfer/7.4.1/subjects_dir/fsaverage/label/rh.entorhinal_exvivo.label
srcsubject = fsaverage
trgsubject = sub-01
trglabel = ./rh.entorhinal_exvivo.label
regmethod = surface

srchemi = rh
trghemi = rh
trgsurface = white
srcsurfreg = sphere.reg
trgsurfreg = sphere.reg
usehash = 1
Use ProjAbs  = 0, 0
Use ProjFrac = 0, 0
DoPaint 0

SUBJECTS_DIR    /home/ts/develop/subject1/derived/FreeSurfer/7.4.1/subjects_dir
FREESURFER_HOME /home/ts/software/freesurfer/freesurfer7.4.1
Loading source label.
Found 1038 points in source label.
Starting surface-based mapping
Reading source registration 
 /home/ts/develop/subject1/derived/FreeSurfer/7.4.1/subjects_dir/fsaverage/surf/rh.sphere.reg
Rescaling ...  original radius = 100
Reading target surface 
 /home/ts/develop/subject1/derived/FreeSurfer/7.4.1/subjects_dir/sub-01/surf/rh.white
Reading target registration 
 /home/ts/develop/subject1/derived/FreeSurfer/7.4.1/subjects_dir/sub-01/surf/rh.sphere.reg
Rescaling ...  original radius = 100
Building target registration hash (res=16).
Building source registration hash (res=16).
INFO: found  1038 nlabel points
Performing mapping from target back to the source label 149113
Number of reverse mapping hits = 45
Checking for and removing duplicates
Writing label file ./rh.entorhinal_exvivo.label 1083
mri_label2label: Done

@#@FSTIME  2026:09:04:12:58:32 mri_label2label N 12 e 2.30 S 0.31 U 2.95 P 142% M 585156 F 0 R 175652 W 0 c 31 w 86 I 96 O 80 L 1.40 1.89 1.65
@#@FSLOADPOST 2026:09:04:12:58:34 mri_label2label N 12 1.37 1.88 1.65

 mri_label2label --srcsubject fsaverage --srclabel /home/ts/develop/subject1/derived/FreeSurfer/7.4.1/subjects_dir/fsaverage/label/rh.perirhinal_exvivo.label --trgsubject sub-01 --trglabel ./rh.perirhinal_exvivo.label --hemi rh --regmethod surface 


srclabel = /home/ts/develop/subject1/derived/FreeSurfer/7.4.1/subjects_dir/fsaverage/label/rh.perirhinal_exvivo.label
srcsubject = fsaverage
trgsubject = sub-01
trglabel = ./rh.perirhinal_exvivo.label
regmethod = surface

srchemi = rh
trghemi = rh
trgsurface = white
srcsurfreg = sphere.reg
trgsurfreg = sphere.reg
usehash = 1
Use ProjAbs  = 0, 0
Use ProjFrac = 0, 0
DoPaint 0

SUBJECTS_DIR    /home/ts/develop/subject1/derived/FreeSurfer/7.4.1/subjects_dir
FREESURFER_HOME /home/ts/software/freesurfer/freesurfer7.4.1
Loading source label.
Found 752 points in source label.
Starting surface-based mapping
Reading source registration 
 /home/ts/develop/subject1/derived/FreeSurfer/7.4.1/subjects_dir/fsaverage/surf/rh.sphere.reg
Rescaling ...  original radius = 100
Reading target surface 
 /home/ts/develop/subject1/derived/FreeSurfer/7.4.1/subjects_dir/sub-01/surf/rh.white
Reading target registration 
 /home/ts/develop/subject1/derived/FreeSurfer/7.4.1/subjects_dir/sub-01/surf/rh.sphere.reg
Rescaling ...  original radius = 100
Building target registration hash (res=16).
Building source registration hash (res=16).
INFO: found  752 nlabel points
Performing mapping from target back to the source label 149113
Number of reverse mapping hits = 26
Checking for and removing duplicates
Writing label file ./rh.perirhinal_exvivo.label 778
mri_label2label: Done

@#@FSTIME  2026:09:04:12:58:34 mri_label2label N 12 e 2.27 S 0.31 U 2.96 P 144% M 585284 F 0 R 175623 W 0 c 52 w 87 I 72 O 56 L 1.37 1.88 1.65
@#@FSLOADPOST 2026:09:04:12:58:36 mri_label2label N 12 1.37 1.88 1.65

 mri_label2label --srcsubject fsaverage --srclabel /home/ts/develop/subject1/derived/FreeSurfer/7.4.1/subjects_dir/fsaverage/label/rh.FG1.mpm.vpnl.label --trgsubject sub-01 --trglabel ./rh.FG1.mpm.vpnl.label --hemi rh --regmethod surface 


srclabel = /home/ts/develop/subject1/derived/FreeSurfer/7.4.1/subjects_dir/fsaverage/label/rh.FG1.mpm.vpnl.label
srcsubject = fsaverage
trgsubject = sub-01
trglabel = ./rh.FG1.mpm.vpnl.label
regmethod = surface

srchemi = rh
trghemi = rh
trgsurface = white
srcsurfreg = sphere.reg
trgsurfreg = sphere.reg
usehash = 1
Use ProjAbs  = 0, 0
Use ProjFrac = 0, 0
DoPaint 0

SUBJECTS_DIR    /home/ts/develop/subject1/derived/FreeSurfer/7.4.1/subjects_dir
FREESURFER_HOME /home/ts/software/freesurfer/freesurfer7.4.1
Loading source label.
Found 541 points in source label.
Starting surface-based mapping
Reading source registration 
 /home/ts/develop/subject1/derived/FreeSurfer/7.4.1/subjects_dir/fsaverage/surf/rh.sphere.reg
Rescaling ...  original radius = 100
Reading target surface 
 /home/ts/develop/subject1/derived/FreeSurfer/7.4.1/subjects_dir/sub-01/surf/rh.white
Reading target registration 
 /home/ts/develop/subject1/derived/FreeSurfer/7.4.1/subjects_dir/sub-01/surf/rh.sphere.reg
Rescaling ...  original radius = 100
Building target registration hash (res=16).
Building source registration hash (res=16).
INFO: found  541 nlabel points
Performing mapping from target back to the source label 149113
Number of reverse mapping hits = 164
Checking for and removing duplicates
Writing label file ./rh.FG1.mpm.vpnl.label 705
mri_label2label: Done

@#@FSTIME  2026:09:04:12:58:36 mri_label2label N 12 e 2.25 S 0.30 U 2.92 P 143% M 585284 F 0 R 175619 W 0 c 29 w 88 I 56 O 64 L 1.37 1.88 1.65
@#@FSLOADPOST 2026:09:04:12:58:39 mri_label2label N 12 1.34 1.87 1.64

 mri_label2label --srcsubject fsaverage --srclabel /home/ts/develop/subject1/derived/FreeSurfer/7.4.1/subjects_dir/fsaverage/label/rh.FG2.mpm.vpnl.label --trgsubject sub-01 --trglabel ./rh.FG2.mpm.vpnl.label --hemi rh --regmethod surface 


srclabel = /home/ts/develop/subject1/derived/FreeSurfer/7.4.1/subjects_dir/fsaverage/label/rh.FG2.mpm.vpnl.label
srcsubject = fsaverage
trgsubject = sub-01
trglabel = ./rh.FG2.mpm.vpnl.label
regmethod = surface

srchemi = rh
trghemi = rh
trgsurface = white
srcsurfreg = sphere.reg
trgsurfreg = sphere.reg
usehash = 1
Use ProjAbs  = 0, 0
Use ProjFrac = 0, 0
DoPaint 0

SUBJECTS_DIR    /home/ts/develop/subject1/derived/FreeSurfer/7.4.1/subjects_dir
FREESURFER_HOME /home/ts/software/freesurfer/freesurfer7.4.1
Loading source label.
Found 721 points in source label.
Starting surface-based mapping
Reading source registration 
 /home/ts/develop/subject1/derived/FreeSurfer/7.4.1/subjects_dir/fsaverage/surf/rh.sphere.reg
Rescaling ...  original radius = 100
Reading target surface 
 /home/ts/develop/subject1/derived/FreeSurfer/7.4.1/subjects_dir/sub-01/surf/rh.white
Reading target registration 
 /home/ts/develop/subject1/derived/FreeSurfer/7.4.1/subjects_dir/sub-01/surf/rh.sphere.reg
Rescaling ...  original radius = 100
Building target registration hash (res=16).
Building source registration hash (res=16).
INFO: found  721 nlabel points
Performing mapping from target back to the source label 149113
Number of reverse mapping hits = 278
Checking for and removing duplicates
Writing label file ./rh.FG2.mpm.vpnl.label 999
mri_label2label: Done

@#@FSTIME  2026:09:04:12:58:39 mri_label2label N 12 e 2.25 S 0.29 U 2.91 P 142% M 585204 F 0 R 175637 W 0 c 37 w 86 I 72 O 88 L 1.34 1.87 1.64
@#@FSLOADPOST 2026:09:04:12:58:41 mri_label2label N 12 1.34 1.87 1.64

 mri_label2label --srcsubject fsaverage --srclabel /home/ts/develop/subject1/derived/FreeSurfer/7.4.1/subjects_dir/fsaverage/label/rh.FG3.mpm.vpnl.label --trgsubject sub-01 --trglabel ./rh.FG3.mpm.vpnl.label --hemi rh --regmethod surface 


srclabel = /home/ts/develop/subject1/derived/FreeSurfer/7.4.1/subjects_dir/fsaverage/label/rh.FG3.mpm.vpnl.label
srcsubject = fsaverage
trgsubject = sub-01
trglabel = ./rh.FG3.mpm.vpnl.label
regmethod = surface

srchemi = rh
trghemi = rh
trgsurface = white
srcsurfreg = sphere.reg
trgsurfreg = sphere.reg
usehash = 1
Use ProjAbs  = 0, 0
Use ProjFrac = 0, 0
DoPaint 0

SUBJECTS_DIR    /home/ts/develop/subject1/derived/FreeSurfer/7.4.1/subjects_dir
FREESURFER_HOME /home/ts/software/freesurfer/freesurfer7.4.1
Loading source label.
Found 1523 points in source label.
Starting surface-based mapping
Reading source registration 
 /home/ts/develop/subject1/derived/FreeSurfer/7.4.1/subjects_dir/fsaverage/surf/rh.sphere.reg
Rescaling ...  original radius = 100
Reading target surface 
 /home/ts/develop/subject1/derived/FreeSurfer/7.4.1/subjects_dir/sub-01/surf/rh.white
Reading target registration 
 /home/ts/develop/subject1/derived/FreeSurfer/7.4.1/subjects_dir/sub-01/surf/rh.sphere.reg
Rescaling ...  original radius = 100
Building target registration hash (res=16).
Building source registration hash (res=16).
INFO: found  1523 nlabel points
Performing mapping from target back to the source label 149113
Number of reverse mapping hits = 231
Checking for and removing duplicates
Writing label file ./rh.FG3.mpm.vpnl.label 1754
mri_label2label: Done

@#@FSTIME  2026:09:04:12:58:41 mri_label2label N 12 e 2.37 S 0.32 U 3.05 P 142% M 585164 F 0 R 175671 W 0 c 55 w 86 I 144 O 136 L 1.34 1.87 1.64
@#@FSLOADPOST 2026:09:04:12:58:43 mri_label2label N 12 1.34 1.87 1.64

 mri_label2label --srcsubject fsaverage --srclabel /home/ts/develop/subject1/derived/FreeSurfer/7.4.1/subjects_dir/fsaverage/label/rh.FG4.mpm.vpnl.label --trgsubject sub-01 --trglabel ./rh.FG4.mpm.vpnl.label --hemi rh --regmethod surface 


srclabel = /home/ts/develop/subject1/derived/FreeSurfer/7.4.1/subjects_dir/fsaverage/label/rh.FG4.mpm.vpnl.label
srcsubject = fsaverage
trgsubject = sub-01
trglabel = ./rh.FG4.mpm.vpnl.label
regmethod = surface

srchemi = rh
trghemi = rh
trgsurface = white
srcsurfreg = sphere.reg
trgsurfreg = sphere.reg
usehash = 1
Use ProjAbs  = 0, 0
Use ProjFrac = 0, 0
DoPaint 0

SUBJECTS_DIR    /home/ts/develop/subject1/derived/FreeSurfer/7.4.1/subjects_dir
FREESURFER_HOME /home/ts/software/freesurfer/freesurfer7.4.1
Loading source label.
Found 1586 points in source label.
Starting surface-based mapping
Reading source registration 
 /home/ts/develop/subject1/derived/FreeSurfer/7.4.1/subjects_dir/fsaverage/surf/rh.sphere.reg
Rescaling ...  original radius = 100
Reading target surface 
 /home/ts/develop/subject1/derived/FreeSurfer/7.4.1/subjects_dir/sub-01/surf/rh.white
Reading target registration 
 /home/ts/develop/subject1/derived/FreeSurfer/7.4.1/subjects_dir/sub-01/surf/rh.sphere.reg
Rescaling ...  original radius = 100
Building target registration hash (res=16).
Building source registration hash (res=16).
INFO: found  1586 nlabel points
Performing mapping from target back to the source label 149113
Number of reverse mapping hits = 408
Checking for and removing duplicates
Writing label file ./rh.FG4.mpm.vpnl.label 1994
mri_label2label: Done

@#@FSTIME  2026:09:04:12:58:43 mri_label2label N 12 e 2.43 S 0.33 U 3.15 P 143% M 585080 F 0 R 175610 W 0 c 64 w 101 I 152 O 168 L 1.34 1.87 1.64
@#@FSLOADPOST 2026:09:04:12:58:46 mri_label2label N 12 1.31 1.85 1.64

 mri_label2label --srcsubject fsaverage --srclabel /home/ts/develop/subject1/derived/FreeSurfer/7.4.1/subjects_dir/fsaverage/label/rh.hOc1.mpm.vpnl.label --trgsubject sub-01 --trglabel ./rh.hOc1.mpm.vpnl.label --hemi rh --regmethod surface 


srclabel = /home/ts/develop/subject1/derived/FreeSurfer/7.4.1/subjects_dir/fsaverage/label/rh.hOc1.mpm.vpnl.label
srcsubject = fsaverage
trgsubject = sub-01
trglabel = ./rh.hOc1.mpm.vpnl.label
regmethod = surface

srchemi = rh
trghemi = rh
trgsurface = white
srcsurfreg = sphere.reg
trgsurfreg = sphere.reg
usehash = 1
Use ProjAbs  = 0, 0
Use ProjFrac = 0, 0
DoPaint 0

SUBJECTS_DIR    /home/ts/develop/subject1/derived/FreeSurfer/7.4.1/subjects_dir
FREESURFER_HOME /home/ts/software/freesurfer/freesurfer7.4.1
Loading source label.
Found 3667 points in source label.
Starting surface-based mapping
Reading source registration 
 /home/ts/develop/subject1/derived/FreeSurfer/7.4.1/subjects_dir/fsaverage/surf/rh.sphere.reg
Rescaling ...  original radius = 100
Reading target surface 
 /home/ts/develop/subject1/derived/FreeSurfer/7.4.1/subjects_dir/sub-01/surf/rh.white
Reading target registration 
 /home/ts/develop/subject1/derived/FreeSurfer/7.4.1/subjects_dir/sub-01/surf/rh.sphere.reg
Rescaling ...  original radius = 100
Building target registration hash (res=16).
Building source registration hash (res=16).
INFO: found  3667 nlabel points
Performing mapping from target back to the source label 149113
Number of reverse mapping hits = 859
Checking for and removing duplicates
Writing label file ./rh.hOc1.mpm.vpnl.label 4526
mri_label2label: Done

@#@FSTIME  2026:09:04:12:58:46 mri_label2label N 12 e 2.71 S 0.33 U 3.42 P 138% M 585312 F 0 R 175446 W 0 c 69 w 101 I 328 O 360 L 1.31 1.85 1.64
@#@FSLOADPOST 2026:09:04:12:58:49 mri_label2label N 12 1.29 1.84 1.64

 mri_label2label --srcsubject fsaverage --srclabel /home/ts/develop/subject1/derived/FreeSurfer/7.4.1/subjects_dir/fsaverage/label/rh.hOc2.mpm.vpnl.label --trgsubject sub-01 --trglabel ./rh.hOc2.mpm.vpnl.label --hemi rh --regmethod surface 


srclabel = /home/ts/develop/subject1/derived/FreeSurfer/7.4.1/subjects_dir/fsaverage/label/rh.hOc2.mpm.vpnl.label
srcsubject = fsaverage
trgsubject = sub-01
trglabel = ./rh.hOc2.mpm.vpnl.label
regmethod = surface

srchemi = rh
trghemi = rh
trgsurface = white
srcsurfreg = sphere.reg
trgsurfreg = sphere.reg
usehash = 1
Use ProjAbs  = 0, 0
Use ProjFrac = 0, 0
DoPaint 0

SUBJECTS_DIR    /home/ts/develop/subject1/derived/FreeSurfer/7.4.1/subjects_dir
FREESURFER_HOME /home/ts/software/freesurfer/freesurfer7.4.1
Loading source label.
Found 2719 points in source label.
Starting surface-based mapping
Reading source registration 
 /home/ts/develop/subject1/derived/FreeSurfer/7.4.1/subjects_dir/fsaverage/surf/rh.sphere.reg
Rescaling ...  original radius = 100
Reading target surface 
 /home/ts/develop/subject1/derived/FreeSurfer/7.4.1/subjects_dir/sub-01/surf/rh.white
Reading target registration 
 /home/ts/develop/subject1/derived/FreeSurfer/7.4.1/subjects_dir/sub-01/surf/rh.sphere.reg
Rescaling ...  original radius = 100
Building target registration hash (res=16).
Building source registration hash (res=16).
INFO: found  2719 nlabel points
Performing mapping from target back to the source label 149113
Number of reverse mapping hits = 903
Checking for and removing duplicates
Writing label file ./rh.hOc2.mpm.vpnl.label 3622
mri_label2label: Done

@#@FSTIME  2026:09:04:12:58:49 mri_label2label N 12 e 2.57 S 0.31 U 3.22 P 137% M 585092 F 0 R 175692 W 0 c 40 w 85 I 248 O 296 L 1.29 1.84 1.64
@#@FSLOADPOST 2026:09:04:12:58:51 mri_label2label N 12 1.29 1.84 1.64

 mri_label2label --srcsubject fsaverage --srclabel /home/ts/develop/subject1/derived/FreeSurfer/7.4.1/subjects_dir/fsaverage/label/rh.hOc3v.mpm.vpnl.label --trgsubject sub-01 --trglabel ./rh.hOc3v.mpm.vpnl.label --hemi rh --regmethod surface 


srclabel = /home/ts/develop/subject1/derived/FreeSurfer/7.4.1/subjects_dir/fsaverage/label/rh.hOc3v.mpm.vpnl.label
srcsubject = fsaverage
trgsubject = sub-01
trglabel = ./rh.hOc3v.mpm.vpnl.label
regmethod = surface

srchemi = rh
trghemi = rh
trgsurface = white
srcsurfreg = sphere.reg
trgsurfreg = sphere.reg
usehash = 1
Use ProjAbs  = 0, 0
Use ProjFrac = 0, 0
DoPaint 0

SUBJECTS_DIR    /home/ts/develop/subject1/derived/FreeSurfer/7.4.1/subjects_dir
FREESURFER_HOME /home/ts/software/freesurfer/freesurfer7.4.1
Loading source label.
Found 1228 points in source label.
Starting surface-based mapping
Reading source registration 
 /home/ts/develop/subject1/derived/FreeSurfer/7.4.1/subjects_dir/fsaverage/surf/rh.sphere.reg
Rescaling ...  original radius = 100
Reading target surface 
 /home/ts/develop/subject1/derived/FreeSurfer/7.4.1/subjects_dir/sub-01/surf/rh.white
Reading target registration 
 /home/ts/develop/subject1/derived/FreeSurfer/7.4.1/subjects_dir/sub-01/surf/rh.sphere.reg
Rescaling ...  original radius = 100
Building target registration hash (res=16).
Building source registration hash (res=16).
INFO: found  1228 nlabel points
Performing mapping from target back to the source label 149113
Number of reverse mapping hits = 477
Checking for and removing duplicates
Writing label file ./rh.hOc3v.mpm.vpnl.label 1705
mri_label2label: Done

@#@FSTIME  2026:09:04:12:58:51 mri_label2label N 12 e 2.37 S 0.30 U 3.03 P 140% M 585120 F 0 R 175639 W 0 c 33 w 84 I 112 O 144 L 1.29 1.84 1.64
@#@FSLOADPOST 2026:09:04:12:58:54 mri_label2label N 12 1.26 1.82 1.63

 mri_label2label --srcsubject fsaverage --srclabel /home/ts/develop/subject1/derived/FreeSurfer/7.4.1/subjects_dir/fsaverage/label/rh.hOc4v.mpm.vpnl.label --trgsubject sub-01 --trglabel ./rh.hOc4v.mpm.vpnl.label --hemi rh --regmethod surface 


srclabel = /home/ts/develop/subject1/derived/FreeSurfer/7.4.1/subjects_dir/fsaverage/label/rh.hOc4v.mpm.vpnl.label
srcsubject = fsaverage
trgsubject = sub-01
trglabel = ./rh.hOc4v.mpm.vpnl.label
regmethod = surface

srchemi = rh
trghemi = rh
trgsurface = white
srcsurfreg = sphere.reg
trgsurfreg = sphere.reg
usehash = 1
Use ProjAbs  = 0, 0
Use ProjFrac = 0, 0
DoPaint 0

SUBJECTS_DIR    /home/ts/develop/subject1/derived/FreeSurfer/7.4.1/subjects_dir
FREESURFER_HOME /home/ts/software/freesurfer/freesurfer7.4.1
Loading source label.
Found 1025 points in source label.
Starting surface-based mapping
Reading source registration 
 /home/ts/develop/subject1/derived/FreeSurfer/7.4.1/subjects_dir/fsaverage/surf/rh.sphere.reg
Rescaling ...  original radius = 100
Reading target surface 
 /home/ts/develop/subject1/derived/FreeSurfer/7.4.1/subjects_dir/sub-01/surf/rh.white
Reading target registration 
 /home/ts/develop/subject1/derived/FreeSurfer/7.4.1/subjects_dir/sub-01/surf/rh.sphere.reg
Rescaling ...  original radius = 100
Building target registration hash (res=16).
Building source registration hash (res=16).
INFO: found  1025 nlabel points
Performing mapping from target back to the source label 149113
Number of reverse mapping hits = 358
Checking for and removing duplicates
Writing label file ./rh.hOc4v.mpm.vpnl.label 1383
mri_label2label: Done

@#@FSTIME  2026:09:04:12:58:54 mri_label2label N 12 e 2.32 S 0.30 U 2.99 P 141% M 584780 F 0 R 175637 W 0 c 35 w 90 I 96 O 120 L 1.26 1.82 1.63
@#@FSLOADPOST 2026:09:04:12:58:56 mri_label2label N 12 1.26 1.82 1.63

 mris_label2annot --s sub-01 --ctab /home/ts/software/freesurfer/freesurfer7.4.1/average/colortable_vpnl.txt --hemi rh --a mpm.vpnl --maxstatwinner --noverbose --l rh.FG1.mpm.vpnl.label --l rh.FG2.mpm.vpnl.label --l rh.FG3.mpm.vpnl.label --l rh.FG4.mpm.vpnl.label --l rh.hOc1.mpm.vpnl.label --l rh.hOc2.mpm.vpnl.label --l rh.hOc3v.mpm.vpnl.label --l rh.hOc4v.mpm.vpnl.label 

Reading ctab /home/ts/software/freesurfer/freesurfer7.4.1/average/colortable_vpnl.txt
Number of ctab entries 9

7.4.1
cwd /home/ts/develop/subject1/derived/FreeSurfer/7.4.1/subjects_dir/sub-01/label
cmdline mris_label2annot --s sub-01 --ctab /home/ts/software/freesurfer/freesurfer7.4.1/average/colortable_vpnl.txt --hemi rh --a mpm.vpnl --maxstatwinner --noverbose --l rh.FG1.mpm.vpnl.label --l rh.FG2.mpm.vpnl.label --l rh.FG3.mpm.vpnl.label --l rh.FG4.mpm.vpnl.label --l rh.hOc1.mpm.vpnl.label --l rh.hOc2.mpm.vpnl.label --l rh.hOc3v.mpm.vpnl.label --l rh.hOc4v.mpm.vpnl.label 
sysname  Linux
hostname mini
machine  x86_64
user     ts

subject sub-01
hemi    rh
SUBJECTS_DIR /home/ts/develop/subject1/derived/FreeSurfer/7.4.1/subjects_dir
ColorTable /home/ts/software/freesurfer/freesurfer7.4.1/average/colortable_vpnl.txt
AnnotName  mpm.vpnl
nlables 8
LabelThresh 0 0.000000
Loading /home/ts/develop/subject1/derived/FreeSurfer/7.4.1/subjects_dir/sub-01/surf/rh.orig
Index Offset 0
0 reading rh.FG1.mpm.vpnl.label
 1 1376057 FG1
1 reading rh.FG2.mpm.vpnl.label
 2 16711935 FG2
2 reading rh.FG3.mpm.vpnl.label
 3 16711680 FG3
3 reading rh.FG4.mpm.vpnl.label
 4 1705837 FG4
4 reading rh.hOc1.mpm.vpnl.label
 5 25600 hOc1
5 reading rh.hOc2.mpm.vpnl.label
 6 255 hOc2
6 reading rh.hOc3v.mpm.vpnl.label
 7 16776960 hOc3v
7 reading rh.hOc4v.mpm.vpnl.label
 8 65535 hOc4v
Mapping unhit to unknown
Found 133431 unhit vertices
Writing annot to /home/ts/develop/subject1/derived/FreeSurfer/7.4.1/subjects_dir/sub-01/label/rh.mpm.vpnl.annot
@#@FSTIME  2026:09:04:12:58:56 mris_label2annot N 26 e 0.37 S 0.09 U 0.60 P 183% M 171912 F 0 R 47606 W 0 c 14 w 32 I 0 O 2336 L 1.26 1.82 1.63
@#@FSLOADPOST 2026:09:04:12:58:56 mris_label2annot N 26 1.26 1.82 1.63

 mri_label2label --srcsubject fsaverage --srclabel /home/ts/develop/subject1/derived/FreeSurfer/7.4.1/subjects_dir/fsaverage/label/rh.BA1_exvivo.thresh.label --trgsubject sub-01 --trglabel ./rh.BA1_exvivo.thresh.label --hemi rh --regmethod surface 


srclabel = /home/ts/develop/subject1/derived/FreeSurfer/7.4.1/subjects_dir/fsaverage/label/rh.BA1_exvivo.thresh.label
srcsubject = fsaverage
trgsubject = sub-01
trglabel = ./rh.BA1_exvivo.thresh.label
regmethod = surface

srchemi = rh
trghemi = rh
trgsurface = white
srcsurfreg = sphere.reg
trgsurfreg = sphere.reg
usehash = 1
Use ProjAbs  = 0, 0
Use ProjFrac = 0, 0
DoPaint 0

SUBJECTS_DIR    /home/ts/develop/subject1/derived/FreeSurfer/7.4.1/subjects_dir
FREESURFER_HOME /home/ts/software/freesurfer/freesurfer7.4.1
Loading source label.
Found 876 points in source label.
Starting surface-based mapping
Reading source registration 
 /home/ts/develop/subject1/derived/FreeSurfer/7.4.1/subjects_dir/fsaverage/surf/rh.sphere.reg
Rescaling ...  original radius = 100
Reading target surface 
 /home/ts/develop/subject1/derived/FreeSurfer/7.4.1/subjects_dir/sub-01/surf/rh.white
Reading target registration 
 /home/ts/develop/subject1/derived/FreeSurfer/7.4.1/subjects_dir/sub-01/surf/rh.sphere.reg
Rescaling ...  original radius = 100
Building target registration hash (res=16).
Building source registration hash (res=16).
INFO: found  876 nlabel points
Performing mapping from target back to the source label 149113
Number of reverse mapping hits = 70
Checking for and removing duplicates
Writing label file ./rh.BA1_exvivo.thresh.label 946
mri_label2label: Done

@#@FSTIME  2026:09:04:12:58:56 mri_label2label N 12 e 2.28 S 0.32 U 2.93 P 142% M 585448 F 0 R 175631 W 0 c 30 w 87 I 80 O 72 L 1.26 1.82 1.63
@#@FSLOADPOST 2026:09:04:12:58:59 mri_label2label N 12 1.24 1.81 1.63

 mri_label2label --srcsubject fsaverage --srclabel /home/ts/develop/subject1/derived/FreeSurfer/7.4.1/subjects_dir/fsaverage/label/rh.BA2_exvivo.thresh.label --trgsubject sub-01 --trglabel ./rh.BA2_exvivo.thresh.label --hemi rh --regmethod surface 


srclabel = /home/ts/develop/subject1/derived/FreeSurfer/7.4.1/subjects_dir/fsaverage/label/rh.BA2_exvivo.thresh.label
srcsubject = fsaverage
trgsubject = sub-01
trglabel = ./rh.BA2_exvivo.thresh.label
regmethod = surface

srchemi = rh
trghemi = rh
trgsurface = white
srcsurfreg = sphere.reg
trgsurfreg = sphere.reg
usehash = 1
Use ProjAbs  = 0, 0
Use ProjFrac = 0, 0
DoPaint 0

SUBJECTS_DIR    /home/ts/develop/subject1/derived/FreeSurfer/7.4.1/subjects_dir
FREESURFER_HOME /home/ts/software/freesurfer/freesurfer7.4.1
Loading source label.
Found 2688 points in source label.
Starting surface-based mapping
Reading source registration 
 /home/ts/develop/subject1/derived/FreeSurfer/7.4.1/subjects_dir/fsaverage/surf/rh.sphere.reg
Rescaling ...  original radius = 100
Reading target surface 
 /home/ts/develop/subject1/derived/FreeSurfer/7.4.1/subjects_dir/sub-01/surf/rh.white
Reading target registration 
 /home/ts/develop/subject1/derived/FreeSurfer/7.4.1/subjects_dir/sub-01/surf/rh.sphere.reg
Rescaling ...  original radius = 100
Building target registration hash (res=16).
Building source registration hash (res=16).
INFO: found  2688 nlabel points
Performing mapping from target back to the source label 149113
Number of reverse mapping hits = 79
Checking for and removing duplicates
Writing label file ./rh.BA2_exvivo.thresh.label 2767
mri_label2label: Done

@#@FSTIME  2026:09:04:12:58:59 mri_label2label N 12 e 2.52 S 0.31 U 3.18 P 138% M 585180 F 0 R 175703 W 0 c 37 w 87 I 240 O 168 L 1.24 1.81 1.63
@#@FSLOADPOST 2026:09:04:12:59:01 mri_label2label N 12 1.24 1.81 1.63

 mri_label2label --srcsubject fsaverage --srclabel /home/ts/develop/subject1/derived/FreeSurfer/7.4.1/subjects_dir/fsaverage/label/rh.BA3a_exvivo.thresh.label --trgsubject sub-01 --trglabel ./rh.BA3a_exvivo.thresh.label --hemi rh --regmethod surface 


srclabel = /home/ts/develop/subject1/derived/FreeSurfer/7.4.1/subjects_dir/fsaverage/label/rh.BA3a_exvivo.thresh.label
srcsubject = fsaverage
trgsubject = sub-01
trglabel = ./rh.BA3a_exvivo.thresh.label
regmethod = surface

srchemi = rh
trghemi = rh
trgsurface = white
srcsurfreg = sphere.reg
trgsurfreg = sphere.reg
usehash = 1
Use ProjAbs  = 0, 0
Use ProjFrac = 0, 0
DoPaint 0

SUBJECTS_DIR    /home/ts/develop/subject1/derived/FreeSurfer/7.4.1/subjects_dir
FREESURFER_HOME /home/ts/software/freesurfer/freesurfer7.4.1
Loading source label.
Found 1698 points in source label.
Starting surface-based mapping
Reading source registration 
 /home/ts/develop/subject1/derived/FreeSurfer/7.4.1/subjects_dir/fsaverage/surf/rh.sphere.reg
Rescaling ...  original radius = 100
Reading target surface 
 /home/ts/develop/subject1/derived/FreeSurfer/7.4.1/subjects_dir/sub-01/surf/rh.white
Reading target registration 
 /home/ts/develop/subject1/derived/FreeSurfer/7.4.1/subjects_dir/sub-01/surf/rh.sphere.reg
Rescaling ...  original radius = 100
Building target registration hash (res=16).
Building source registration hash (res=16).
INFO: found  1698 nlabel points
Performing mapping from target back to the source label 149113
Number of reverse mapping hits = 11
Checking for and removing duplicates
Writing label file ./rh.BA3a_exvivo.thresh.label 1709
mri_label2label: Done

@#@FSTIME  2026:09:04:12:59:01 mri_label2label N 12 e 2.40 S 0.32 U 3.11 P 142% M 584836 F 0 R 175659 W 0 c 61 w 89 I 152 O 88 L 1.24 1.81 1.63
@#@FSLOADPOST 2026:09:04:12:59:04 mri_label2label N 12 1.22 1.79 1.63

 mri_label2label --srcsubject fsaverage --srclabel /home/ts/develop/subject1/derived/FreeSurfer/7.4.1/subjects_dir/fsaverage/label/rh.BA3b_exvivo.thresh.label --trgsubject sub-01 --trglabel ./rh.BA3b_exvivo.thresh.label --hemi rh --regmethod surface 


srclabel = /home/ts/develop/subject1/derived/FreeSurfer/7.4.1/subjects_dir/fsaverage/label/rh.BA3b_exvivo.thresh.label
srcsubject = fsaverage
trgsubject = sub-01
trglabel = ./rh.BA3b_exvivo.thresh.label
regmethod = surface

srchemi = rh
trghemi = rh
trgsurface = white
srcsurfreg = sphere.reg
trgsurfreg = sphere.reg
usehash = 1
Use ProjAbs  = 0, 0
Use ProjFrac = 0, 0
DoPaint 0

SUBJECTS_DIR    /home/ts/develop/subject1/derived/FreeSurfer/7.4.1/subjects_dir
FREESURFER_HOME /home/ts/software/freesurfer/freesurfer7.4.1
Loading source label.
Found 2183 points in source label.
Starting surface-based mapping
Reading source registration 
 /home/ts/develop/subject1/derived/FreeSurfer/7.4.1/subjects_dir/fsaverage/surf/rh.sphere.reg
Rescaling ...  original radius = 100
Reading target surface 
 /home/ts/develop/subject1/derived/FreeSurfer/7.4.1/subjects_dir/sub-01/surf/rh.white
Reading target registration 
 /home/ts/develop/subject1/derived/FreeSurfer/7.4.1/subjects_dir/sub-01/surf/rh.sphere.reg
Rescaling ...  original radius = 100
Building target registration hash (res=16).
Building source registration hash (res=16).
INFO: found  2183 nlabel points
Performing mapping from target back to the source label 149113
Number of reverse mapping hits = 26
Checking for and removing duplicates
Writing label file ./rh.BA3b_exvivo.thresh.label 2209
mri_label2label: Done

@#@FSTIME  2026:09:04:12:59:04 mri_label2label N 12 e 2.45 S 0.31 U 3.09 P 139% M 585116 F 0 R 175717 W 0 c 39 w 84 I 192 O 128 L 1.22 1.79 1.63
@#@FSLOADPOST 2026:09:04:12:59:06 mri_label2label N 12 1.22 1.79 1.63

 mri_label2label --srcsubject fsaverage --srclabel /home/ts/develop/subject1/derived/FreeSurfer/7.4.1/subjects_dir/fsaverage/label/rh.BA4a_exvivo.thresh.label --trgsubject sub-01 --trglabel ./rh.BA4a_exvivo.thresh.label --hemi rh --regmethod surface 


srclabel = /home/ts/develop/subject1/derived/FreeSurfer/7.4.1/subjects_dir/fsaverage/label/rh.BA4a_exvivo.thresh.label
srcsubject = fsaverage
trgsubject = sub-01
trglabel = ./rh.BA4a_exvivo.thresh.label
regmethod = surface

srchemi = rh
trghemi = rh
trgsurface = white
srcsurfreg = sphere.reg
trgsurfreg = sphere.reg
usehash = 1
Use ProjAbs  = 0, 0
Use ProjFrac = 0, 0
DoPaint 0

SUBJECTS_DIR    /home/ts/develop/subject1/derived/FreeSurfer/7.4.1/subjects_dir
FREESURFER_HOME /home/ts/software/freesurfer/freesurfer7.4.1
Loading source label.
Found 1388 points in source label.
Starting surface-based mapping
Reading source registration 
 /home/ts/develop/subject1/derived/FreeSurfer/7.4.1/subjects_dir/fsaverage/surf/rh.sphere.reg
Rescaling ...  original radius = 100
Reading target surface 
 /home/ts/develop/subject1/derived/FreeSurfer/7.4.1/subjects_dir/sub-01/surf/rh.white
Reading target registration 
 /home/ts/develop/subject1/derived/FreeSurfer/7.4.1/subjects_dir/sub-01/surf/rh.sphere.reg
Rescaling ...  original radius = 100
Building target registration hash (res=16).
Building source registration hash (res=16).
INFO: found  1388 nlabel points
Performing mapping from target back to the source label 149113
Number of reverse mapping hits = 60
Checking for and removing duplicates
Writing label file ./rh.BA4a_exvivo.thresh.label 1448
mri_label2label: Done

@#@FSTIME  2026:09:04:12:59:06 mri_label2label N 12 e 2.36 S 0.32 U 3.01 P 141% M 585196 F 0 R 175614 W 0 c 38 w 85 I 120 O 96 L 1.22 1.79 1.63
@#@FSLOADPOST 2026:09:04:12:59:08 mri_label2label N 12 1.29 1.80 1.63

 mri_label2label --srcsubject fsaverage --srclabel /home/ts/develop/subject1/derived/FreeSurfer/7.4.1/subjects_dir/fsaverage/label/rh.BA4p_exvivo.thresh.label --trgsubject sub-01 --trglabel ./rh.BA4p_exvivo.thresh.label --hemi rh --regmethod surface 


srclabel = /home/ts/develop/subject1/derived/FreeSurfer/7.4.1/subjects_dir/fsaverage/label/rh.BA4p_exvivo.thresh.label
srcsubject = fsaverage
trgsubject = sub-01
trglabel = ./rh.BA4p_exvivo.thresh.label
regmethod = surface

srchemi = rh
trghemi = rh
trgsurface = white
srcsurfreg = sphere.reg
trgsurfreg = sphere.reg
usehash = 1
Use ProjAbs  = 0, 0
Use ProjFrac = 0, 0
DoPaint 0

SUBJECTS_DIR    /home/ts/develop/subject1/derived/FreeSurfer/7.4.1/subjects_dir
FREESURFER_HOME /home/ts/software/freesurfer/freesurfer7.4.1
Loading source label.
Found 1489 points in source label.
Starting surface-based mapping
Reading source registration 
 /home/ts/develop/subject1/derived/FreeSurfer/7.4.1/subjects_dir/fsaverage/surf/rh.sphere.reg
Rescaling ...  original radius = 100
Reading target surface 
 /home/ts/develop/subject1/derived/FreeSurfer/7.4.1/subjects_dir/sub-01/surf/rh.white
Reading target registration 
 /home/ts/develop/subject1/derived/FreeSurfer/7.4.1/subjects_dir/sub-01/surf/rh.sphere.reg
Rescaling ...  original radius = 100
Building target registration hash (res=16).
Building source registration hash (res=16).
INFO: found  1489 nlabel points
Performing mapping from target back to the source label 149113
Number of reverse mapping hits = 19
Checking for and removing duplicates
Writing label file ./rh.BA4p_exvivo.thresh.label 1508
mri_label2label: Done

@#@FSTIME  2026:09:04:12:59:08 mri_label2label N 12 e 2.34 S 0.32 U 2.97 P 140% M 585020 F 0 R 175672 W 0 c 29 w 85 I 136 O 88 L 1.29 1.80 1.63
@#@FSLOADPOST 2026:09:04:12:59:11 mri_label2label N 12 1.29 1.80 1.63

 mri_label2label --srcsubject fsaverage --srclabel /home/ts/develop/subject1/derived/FreeSurfer/7.4.1/subjects_dir/fsaverage/label/rh.BA6_exvivo.thresh.label --trgsubject sub-01 --trglabel ./rh.BA6_exvivo.thresh.label --hemi rh --regmethod surface 


srclabel = /home/ts/develop/subject1/derived/FreeSurfer/7.4.1/subjects_dir/fsaverage/label/rh.BA6_exvivo.thresh.label
srcsubject = fsaverage
trgsubject = sub-01
trglabel = ./rh.BA6_exvivo.thresh.label
regmethod = surface

srchemi = rh
trghemi = rh
trgsurface = white
srcsurfreg = sphere.reg
trgsurfreg = sphere.reg
usehash = 1
Use ProjAbs  = 0, 0
Use ProjFrac = 0, 0
DoPaint 0

SUBJECTS_DIR    /home/ts/develop/subject1/derived/FreeSurfer/7.4.1/subjects_dir
FREESURFER_HOME /home/ts/software/freesurfer/freesurfer7.4.1
Loading source label.
Found 6959 points in source label.
Starting surface-based mapping
Reading source registration 
 /home/ts/develop/subject1/derived/FreeSurfer/7.4.1/subjects_dir/fsaverage/surf/rh.sphere.reg
Rescaling ...  original radius = 100
Reading target surface 
 /home/ts/develop/subject1/derived/FreeSurfer/7.4.1/subjects_dir/sub-01/surf/rh.white
Reading target registration 
 /home/ts/develop/subject1/derived/FreeSurfer/7.4.1/subjects_dir/sub-01/surf/rh.sphere.reg
Rescaling ...  original radius = 100
Building target registration hash (res=16).
Building source registration hash (res=16).
INFO: found  6959 nlabel points
Performing mapping from target back to the source label 149113
Number of reverse mapping hits = 466
Checking for and removing duplicates
Writing label file ./rh.BA6_exvivo.thresh.label 7425
mri_label2label: Done

@#@FSTIME  2026:09:04:12:59:11 mri_label2label N 12 e 3.12 S 0.28 U 3.79 P 130% M 585824 F 0 R 175753 W 0 c 51 w 87 I 592 O 488 L 1.29 1.80 1.63
@#@FSLOADPOST 2026:09:04:12:59:14 mri_label2label N 12 1.26 1.78 1.62

 mri_label2label --srcsubject fsaverage --srclabel /home/ts/develop/subject1/derived/FreeSurfer/7.4.1/subjects_dir/fsaverage/label/rh.BA44_exvivo.thresh.label --trgsubject sub-01 --trglabel ./rh.BA44_exvivo.thresh.label --hemi rh --regmethod surface 


srclabel = /home/ts/develop/subject1/derived/FreeSurfer/7.4.1/subjects_dir/fsaverage/label/rh.BA44_exvivo.thresh.label
srcsubject = fsaverage
trgsubject = sub-01
trglabel = ./rh.BA44_exvivo.thresh.label
regmethod = surface

srchemi = rh
trghemi = rh
trgsurface = white
srcsurfreg = sphere.reg
trgsurfreg = sphere.reg
usehash = 1
Use ProjAbs  = 0, 0
Use ProjFrac = 0, 0
DoPaint 0

SUBJECTS_DIR    /home/ts/develop/subject1/derived/FreeSurfer/7.4.1/subjects_dir
FREESURFER_HOME /home/ts/software/freesurfer/freesurfer7.4.1
Loading source label.
Found 1012 points in source label.
Starting surface-based mapping
Reading source registration 
 /home/ts/develop/subject1/derived/FreeSurfer/7.4.1/subjects_dir/fsaverage/surf/rh.sphere.reg
Rescaling ...  original radius = 100
Reading target surface 
 /home/ts/develop/subject1/derived/FreeSurfer/7.4.1/subjects_dir/sub-01/surf/rh.white
Reading target registration 
 /home/ts/develop/subject1/derived/FreeSurfer/7.4.1/subjects_dir/sub-01/surf/rh.sphere.reg
Rescaling ...  original radius = 100
Building target registration hash (res=16).
Building source registration hash (res=16).
INFO: found  1012 nlabel points
Performing mapping from target back to the source label 149113
Number of reverse mapping hits = 245
Checking for and removing duplicates
Writing label file ./rh.BA44_exvivo.thresh.label 1257
mri_label2label: Done

@#@FSTIME  2026:09:04:12:59:14 mri_label2label N 12 e 2.29 S 0.30 U 2.96 P 142% M 585104 F 0 R 175655 W 0 c 34 w 87 I 88 O 104 L 1.26 1.78 1.62
@#@FSLOADPOST 2026:09:04:12:59:16 mri_label2label N 12 1.26 1.78 1.62

 mri_label2label --srcsubject fsaverage --srclabel /home/ts/develop/subject1/derived/FreeSurfer/7.4.1/subjects_dir/fsaverage/label/rh.BA45_exvivo.thresh.label --trgsubject sub-01 --trglabel ./rh.BA45_exvivo.thresh.label --hemi rh --regmethod surface 


srclabel = /home/ts/develop/subject1/derived/FreeSurfer/7.4.1/subjects_dir/fsaverage/label/rh.BA45_exvivo.thresh.label
srcsubject = fsaverage
trgsubject = sub-01
trglabel = ./rh.BA45_exvivo.thresh.label
regmethod = surface

srchemi = rh
trghemi = rh
trgsurface = white
srcsurfreg = sphere.reg
trgsurfreg = sphere.reg
usehash = 1
Use ProjAbs  = 0, 0
Use ProjFrac = 0, 0
DoPaint 0

SUBJECTS_DIR    /home/ts/develop/subject1/derived/FreeSurfer/7.4.1/subjects_dir
FREESURFER_HOME /home/ts/software/freesurfer/freesurfer7.4.1
Loading source label.
Found 1178 points in source label.
Starting surface-based mapping
Reading source registration 
 /home/ts/develop/subject1/derived/FreeSurfer/7.4.1/subjects_dir/fsaverage/surf/rh.sphere.reg
Rescaling ...  original radius = 100
Reading target surface 
 /home/ts/develop/subject1/derived/FreeSurfer/7.4.1/subjects_dir/sub-01/surf/rh.white
Reading target registration 
 /home/ts/develop/subject1/derived/FreeSurfer/7.4.1/subjects_dir/sub-01/surf/rh.sphere.reg
Rescaling ...  original radius = 100
Building target registration hash (res=16).
Building source registration hash (res=16).
INFO: found  1178 nlabel points
Performing mapping from target back to the source label 149113
Number of reverse mapping hits = 89
Checking for and removing duplicates
Writing label file ./rh.BA45_exvivo.thresh.label 1267
mri_label2label: Done

@#@FSTIME  2026:09:04:12:59:16 mri_label2label N 12 e 2.34 S 0.30 U 3.01 P 141% M 585192 F 0 R 175621 W 0 c 44 w 87 I 104 O 88 L 1.26 1.78 1.62
@#@FSLOADPOST 2026:09:04:12:59:19 mri_label2label N 12 1.24 1.77 1.62

 mri_label2label --srcsubject fsaverage --srclabel /home/ts/develop/subject1/derived/FreeSurfer/7.4.1/subjects_dir/fsaverage/label/rh.V1_exvivo.thresh.label --trgsubject sub-01 --trglabel ./rh.V1_exvivo.thresh.label --hemi rh --regmethod surface 


srclabel = /home/ts/develop/subject1/derived/FreeSurfer/7.4.1/subjects_dir/fsaverage/label/rh.V1_exvivo.thresh.label
srcsubject = fsaverage
trgsubject = sub-01
trglabel = ./rh.V1_exvivo.thresh.label
regmethod = surface

srchemi = rh
trghemi = rh
trgsurface = white
srcsurfreg = sphere.reg
trgsurfreg = sphere.reg
usehash = 1
Use ProjAbs  = 0, 0
Use ProjFrac = 0, 0
DoPaint 0

SUBJECTS_DIR    /home/ts/develop/subject1/derived/FreeSurfer/7.4.1/subjects_dir
FREESURFER_HOME /home/ts/software/freesurfer/freesurfer7.4.1
Loading source label.
Found 3232 points in source label.
Starting surface-based mapping
Reading source registration 
 /home/ts/develop/subject1/derived/FreeSurfer/7.4.1/subjects_dir/fsaverage/surf/rh.sphere.reg
Rescaling ...  original radius = 100
Reading target surface 
 /home/ts/develop/subject1/derived/FreeSurfer/7.4.1/subjects_dir/sub-01/surf/rh.white
Reading target registration 
 /home/ts/develop/subject1/derived/FreeSurfer/7.4.1/subjects_dir/sub-01/surf/rh.sphere.reg
Rescaling ...  original radius = 100
Building target registration hash (res=16).
Building source registration hash (res=16).
INFO: found  3232 nlabel points
Performing mapping from target back to the source label 149113
Number of reverse mapping hits = 744
Checking for and removing duplicates
Writing label file ./rh.V1_exvivo.thresh.label 3976
mri_label2label: Done

@#@FSTIME  2026:09:04:12:59:19 mri_label2label N 12 e 2.62 S 0.30 U 3.30 P 137% M 585364 F 0 R 175568 W 0 c 39 w 87 I 280 O 320 L 1.24 1.77 1.62
@#@FSLOADPOST 2026:09:04:12:59:21 mri_label2label N 12 1.24 1.77 1.62

 mri_label2label --srcsubject fsaverage --srclabel /home/ts/develop/subject1/derived/FreeSurfer/7.4.1/subjects_dir/fsaverage/label/rh.V2_exvivo.thresh.label --trgsubject sub-01 --trglabel ./rh.V2_exvivo.thresh.label --hemi rh --regmethod surface 


srclabel = /home/ts/develop/subject1/derived/FreeSurfer/7.4.1/subjects_dir/fsaverage/label/rh.V2_exvivo.thresh.label
srcsubject = fsaverage
trgsubject = sub-01
trglabel = ./rh.V2_exvivo.thresh.label
regmethod = surface

srchemi = rh
trghemi = rh
trgsurface = white
srcsurfreg = sphere.reg
trgsurfreg = sphere.reg
usehash = 1
Use ProjAbs  = 0, 0
Use ProjFrac = 0, 0
DoPaint 0

SUBJECTS_DIR    /home/ts/develop/subject1/derived/FreeSurfer/7.4.1/subjects_dir
FREESURFER_HOME /home/ts/software/freesurfer/freesurfer7.4.1
Loading source label.
Found 3437 points in source label.
Starting surface-based mapping
Reading source registration 
 /home/ts/develop/subject1/derived/FreeSurfer/7.4.1/subjects_dir/fsaverage/surf/rh.sphere.reg
Rescaling ...  original radius = 100
Reading target surface 
 /home/ts/develop/subject1/derived/FreeSurfer/7.4.1/subjects_dir/sub-01/surf/rh.white
Reading target registration 
 /home/ts/develop/subject1/derived/FreeSurfer/7.4.1/subjects_dir/sub-01/surf/rh.sphere.reg
Rescaling ...  original radius = 100
Building target registration hash (res=16).
Building source registration hash (res=16).
INFO: found  3437 nlabel points
Performing mapping from target back to the source label 149113
Number of reverse mapping hits = 1137
Checking for and removing duplicates
Writing label file ./rh.V2_exvivo.thresh.label 4574
mri_label2label: Done

@#@FSTIME  2026:09:04:12:59:21 mri_label2label N 12 e 2.70 S 0.32 U 3.36 P 136% M 585812 F 0 R 175669 W 0 c 41 w 89 I 296 O 368 L 1.24 1.77 1.62
@#@FSLOADPOST 2026:09:04:12:59:24 mri_label2label N 12 1.22 1.76 1.62

 mri_label2label --srcsubject fsaverage --srclabel /home/ts/develop/subject1/derived/FreeSurfer/7.4.1/subjects_dir/fsaverage/label/rh.MT_exvivo.thresh.label --trgsubject sub-01 --trglabel ./rh.MT_exvivo.thresh.label --hemi rh --regmethod surface 


srclabel = /home/ts/develop/subject1/derived/FreeSurfer/7.4.1/subjects_dir/fsaverage/label/rh.MT_exvivo.thresh.label
srcsubject = fsaverage
trgsubject = sub-01
trglabel = ./rh.MT_exvivo.thresh.label
regmethod = surface

srchemi = rh
trghemi = rh
trgsurface = white
srcsurfreg = sphere.reg
trgsurfreg = sphere.reg
usehash = 1
Use ProjAbs  = 0, 0
Use ProjFrac = 0, 0
DoPaint 0

SUBJECTS_DIR    /home/ts/develop/subject1/derived/FreeSurfer/7.4.1/subjects_dir
FREESURFER_HOME /home/ts/software/freesurfer/freesurfer7.4.1
Loading source label.
Found 268 points in source label.
Starting surface-based mapping
Reading source registration 
 /home/ts/develop/subject1/derived/FreeSurfer/7.4.1/subjects_dir/fsaverage/surf/rh.sphere.reg
Rescaling ...  original radius = 100
Reading target surface 
 /home/ts/develop/subject1/derived/FreeSurfer/7.4.1/subjects_dir/sub-01/surf/rh.white
Reading target registration 
 /home/ts/develop/subject1/derived/FreeSurfer/7.4.1/subjects_dir/sub-01/surf/rh.sphere.reg
Rescaling ...  original radius = 100
Building target registration hash (res=16).
Building source registration hash (res=16).
INFO: found  268 nlabel points
Performing mapping from target back to the source label 149113
Number of reverse mapping hits = 103
Checking for and removing duplicates
Writing label file ./rh.MT_exvivo.thresh.label 371
mri_label2label: Done

@#@FSTIME  2026:09:04:12:59:24 mri_label2label N 12 e 2.19 S 0.31 U 2.85 P 144% M 585212 F 0 R 175639 W 0 c 38 w 86 I 24 O 32 L 1.22 1.76 1.62
@#@FSLOADPOST 2026:09:04:12:59:26 mri_label2label N 12 1.22 1.76 1.62

 mri_label2label --srcsubject fsaverage --srclabel /home/ts/develop/subject1/derived/FreeSurfer/7.4.1/subjects_dir/fsaverage/label/rh.entorhinal_exvivo.thresh.label --trgsubject sub-01 --trglabel ./rh.entorhinal_exvivo.thresh.label --hemi rh --regmethod surface 


srclabel = /home/ts/develop/subject1/derived/FreeSurfer/7.4.1/subjects_dir/fsaverage/label/rh.entorhinal_exvivo.thresh.label
srcsubject = fsaverage
trgsubject = sub-01
trglabel = ./rh.entorhinal_exvivo.thresh.label
regmethod = surface

srchemi = rh
trghemi = rh
trgsurface = white
srcsurfreg = sphere.reg
trgsurfreg = sphere.reg
usehash = 1
Use ProjAbs  = 0, 0
Use ProjFrac = 0, 0
DoPaint 0

SUBJECTS_DIR    /home/ts/develop/subject1/derived/FreeSurfer/7.4.1/subjects_dir
FREESURFER_HOME /home/ts/software/freesurfer/freesurfer7.4.1
Loading source label.
Found 694 points in source label.
Starting surface-based mapping
Reading source registration 
 /home/ts/develop/subject1/derived/FreeSurfer/7.4.1/subjects_dir/fsaverage/surf/rh.sphere.reg
Rescaling ...  original radius = 100
Reading target surface 
 /home/ts/develop/subject1/derived/FreeSurfer/7.4.1/subjects_dir/sub-01/surf/rh.white
Reading target registration 
 /home/ts/develop/subject1/derived/FreeSurfer/7.4.1/subjects_dir/sub-01/surf/rh.sphere.reg
Rescaling ...  original radius = 100
Building target registration hash (res=16).
Building source registration hash (res=16).
INFO: found  694 nlabel points
Performing mapping from target back to the source label 149113
Number of reverse mapping hits = 30
Checking for and removing duplicates
Writing label file ./rh.entorhinal_exvivo.thresh.label 724
mri_label2label: Done

@#@FSTIME  2026:09:04:12:59:26 mri_label2label N 12 e 2.28 S 0.30 U 2.93 P 141% M 585156 F 0 R 175613 W 0 c 40 w 88 I 64 O 56 L 1.22 1.76 1.62
@#@FSLOADPOST 2026:09:04:12:59:29 mri_label2label N 12 1.20 1.75 1.61

 mri_label2label --srcsubject fsaverage --srclabel /home/ts/develop/subject1/derived/FreeSurfer/7.4.1/subjects_dir/fsaverage/label/rh.perirhinal_exvivo.thresh.label --trgsubject sub-01 --trglabel ./rh.perirhinal_exvivo.thresh.label --hemi rh --regmethod surface 


srclabel = /home/ts/develop/subject1/derived/FreeSurfer/7.4.1/subjects_dir/fsaverage/label/rh.perirhinal_exvivo.thresh.label
srcsubject = fsaverage
trgsubject = sub-01
trglabel = ./rh.perirhinal_exvivo.thresh.label
regmethod = surface

srchemi = rh
trghemi = rh
trgsurface = white
srcsurfreg = sphere.reg
trgsurfreg = sphere.reg
usehash = 1
Use ProjAbs  = 0, 0
Use ProjFrac = 0, 0
DoPaint 0

SUBJECTS_DIR    /home/ts/develop/subject1/derived/FreeSurfer/7.4.1/subjects_dir
FREESURFER_HOME /home/ts/software/freesurfer/freesurfer7.4.1
Loading source label.
Found 291 points in source label.
Starting surface-based mapping
Reading source registration 
 /home/ts/develop/subject1/derived/FreeSurfer/7.4.1/subjects_dir/fsaverage/surf/rh.sphere.reg
Rescaling ...  original radius = 100
Reading target surface 
 /home/ts/develop/subject1/derived/FreeSurfer/7.4.1/subjects_dir/sub-01/surf/rh.white
Reading target registration 
 /home/ts/develop/subject1/derived/FreeSurfer/7.4.1/subjects_dir/sub-01/surf/rh.sphere.reg
Rescaling ...  original radius = 100
Building target registration hash (res=16).
Building source registration hash (res=16).
INFO: found  291 nlabel points
Performing mapping from target back to the source label 149113
Number of reverse mapping hits = 9
Checking for and removing duplicates
Writing label file ./rh.perirhinal_exvivo.thresh.label 300
mri_label2label: Done

@#@FSTIME  2026:09:04:12:59:29 mri_label2label N 12 e 2.19 S 0.30 U 2.87 P 144% M 584920 F 0 R 175632 W 0 c 35 w 83 I 32 O 24 L 1.20 1.75 1.61
@#@FSLOADPOST 2026:09:04:12:59:31 mri_label2label N 12 1.20 1.75 1.61

 mris_label2annot --s sub-01 --hemi rh --ctab /home/ts/software/freesurfer/freesurfer7.4.1/average/colortable_BA.txt --l rh.BA1_exvivo.label --l rh.BA2_exvivo.label --l rh.BA3a_exvivo.label --l rh.BA3b_exvivo.label --l rh.BA4a_exvivo.label --l rh.BA4p_exvivo.label --l rh.BA6_exvivo.label --l rh.BA44_exvivo.label --l rh.BA45_exvivo.label --l rh.V1_exvivo.label --l rh.V2_exvivo.label --l rh.MT_exvivo.label --l rh.perirhinal_exvivo.label --l rh.entorhinal_exvivo.label --a BA_exvivo --maxstatwinner --noverbose 

Reading ctab /home/ts/software/freesurfer/freesurfer7.4.1/average/colortable_BA.txt
Number of ctab entries 15

7.4.1
cwd /home/ts/develop/subject1/derived/FreeSurfer/7.4.1/subjects_dir/sub-01/label
cmdline mris_label2annot --s sub-01 --hemi rh --ctab /home/ts/software/freesurfer/freesurfer7.4.1/average/colortable_BA.txt --l rh.BA1_exvivo.label --l rh.BA2_exvivo.label --l rh.BA3a_exvivo.label --l rh.BA3b_exvivo.label --l rh.BA4a_exvivo.label --l rh.BA4p_exvivo.label --l rh.BA6_exvivo.label --l rh.BA44_exvivo.label --l rh.BA45_exvivo.label --l rh.V1_exvivo.label --l rh.V2_exvivo.label --l rh.MT_exvivo.label --l rh.perirhinal_exvivo.label --l rh.entorhinal_exvivo.label --a BA_exvivo --maxstatwinner --noverbose 
sysname  Linux
hostname mini
machine  x86_64
user     ts

subject sub-01
hemi    rh
SUBJECTS_DIR /home/ts/develop/subject1/derived/FreeSurfer/7.4.1/subjects_dir
ColorTable /home/ts/software/freesurfer/freesurfer7.4.1/average/colortable_BA.txt
AnnotName  BA_exvivo
nlables 14
LabelThresh 0 0.000000
Loading /home/ts/develop/subject1/derived/FreeSurfer/7.4.1/subjects_dir/sub-01/surf/rh.orig
Index Offset 0
0 reading rh.BA1_exvivo.label
 1 1530880 BA1_exvivo
1 reading rh.BA2_exvivo.label
 2 16749699 BA2_exvivo
2 reading rh.BA3a_exvivo.label
 3 16711680 BA3a_exvivo
3 reading rh.BA3b_exvivo.label
 4 3368703 BA3b_exvivo
4 reading rh.BA4a_exvivo.label
 5 1376196 BA4a_exvivo
5 reading rh.BA4p_exvivo.label
 6 13382655 BA4p_exvivo
6 reading rh.BA6_exvivo.label
 7 10036737 BA6_exvivo
7 reading rh.BA44_exvivo.label
 8 2490521 BA44_exvivo
8 reading rh.BA45_exvivo.label
 9 39283 BA45_exvivo
9 reading rh.V1_exvivo.label
10 3993 V1_exvivo
10 reading rh.V2_exvivo.label
11 8508928 V2_exvivo
11 reading rh.MT_exvivo.label
12 10027163 MT_exvivo
12 reading rh.perirhinal_exvivo.label
13 16422433 perirhinal_exvivo
13 reading rh.entorhinal_exvivo.label
14 16392598 entorhinal_exvivo
Mapping unhit to unknown
Found 105086 unhit vertices
Writing annot to /home/ts/develop/subject1/derived/FreeSurfer/7.4.1/subjects_dir/sub-01/label/rh.BA_exvivo.annot
@#@FSTIME  2026:09:04:12:59:31 mris_label2annot N 38 e 0.39 S 0.10 U 0.58 P 172% M 172124 F 0 R 47930 W 0 c 9 w 32 I 0 O 2336 L 1.20 1.75 1.61
@#@FSLOADPOST 2026:09:04:12:59:31 mris_label2annot N 38 1.20 1.75 1.61

 mris_label2annot --s sub-01 --hemi rh --ctab /home/ts/software/freesurfer/freesurfer7.4.1/average/colortable_BA.txt --l rh.BA1_exvivo.thresh.label --l rh.BA2_exvivo.thresh.label --l rh.BA3a_exvivo.thresh.label --l rh.BA3b_exvivo.thresh.label --l rh.BA4a_exvivo.thresh.label --l rh.BA4p_exvivo.thresh.label --l rh.BA6_exvivo.thresh.label --l rh.BA44_exvivo.thresh.label --l rh.BA45_exvivo.thresh.label --l rh.V1_exvivo.thresh.label --l rh.V2_exvivo.thresh.label --l rh.MT_exvivo.thresh.label --l rh.perirhinal_exvivo.thresh.label --l rh.entorhinal_exvivo.thresh.label --a BA_exvivo.thresh --maxstatwinner --noverbose 

Reading ctab /home/ts/software/freesurfer/freesurfer7.4.1/average/colortable_BA.txt
Number of ctab entries 15

7.4.1
cwd /home/ts/develop/subject1/derived/FreeSurfer/7.4.1/subjects_dir/sub-01/label
cmdline mris_label2annot --s sub-01 --hemi rh --ctab /home/ts/software/freesurfer/freesurfer7.4.1/average/colortable_BA.txt --l rh.BA1_exvivo.thresh.label --l rh.BA2_exvivo.thresh.label --l rh.BA3a_exvivo.thresh.label --l rh.BA3b_exvivo.thresh.label --l rh.BA4a_exvivo.thresh.label --l rh.BA4p_exvivo.thresh.label --l rh.BA6_exvivo.thresh.label --l rh.BA44_exvivo.thresh.label --l rh.BA45_exvivo.thresh.label --l rh.V1_exvivo.thresh.label --l rh.V2_exvivo.thresh.label --l rh.MT_exvivo.thresh.label --l rh.perirhinal_exvivo.thresh.label --l rh.entorhinal_exvivo.thresh.label --a BA_exvivo.thresh --maxstatwinner --noverbose 
sysname  Linux
hostname mini
machine  x86_64
user     ts

subject sub-01
hemi    rh
SUBJECTS_DIR /home/ts/develop/subject1/derived/FreeSurfer/7.4.1/subjects_dir
ColorTable /home/ts/software/freesurfer/freesurfer7.4.1/average/colortable_BA.txt
AnnotName  BA_exvivo.thresh
nlables 14
LabelThresh 0 0.000000
Loading /home/ts/develop/subject1/derived/FreeSurfer/7.4.1/subjects_dir/sub-01/surf/rh.orig
Index Offset 0
0 reading rh.BA1_exvivo.thresh.label
 1 1530880 BA1_exvivo
1 reading rh.BA2_exvivo.thresh.label
 2 16749699 BA2_exvivo
2 reading rh.BA3a_exvivo.thresh.label
 3 16711680 BA3a_exvivo
3 reading rh.BA3b_exvivo.thresh.label
 4 3368703 BA3b_exvivo
4 reading rh.BA4a_exvivo.thresh.label
 5 1376196 BA4a_exvivo
5 reading rh.BA4p_exvivo.thresh.label
 6 13382655 BA4p_exvivo
6 reading rh.BA6_exvivo.thresh.label
 7 10036737 BA6_exvivo
7 reading rh.BA44_exvivo.thresh.label
 8 2490521 BA44_exvivo
8 reading rh.BA45_exvivo.thresh.label
 9 39283 BA45_exvivo
9 reading rh.V1_exvivo.thresh.label
10 3993 V1_exvivo
10 reading rh.V2_exvivo.thresh.label
11 8508928 V2_exvivo
11 reading rh.MT_exvivo.thresh.label
12 10027163 MT_exvivo
12 reading rh.perirhinal_exvivo.thresh.label
13 16422433 perirhinal_exvivo
13 reading rh.entorhinal_exvivo.thresh.label
14 16392598 entorhinal_exvivo
Mapping unhit to unknown
Found 125381 unhit vertices
Writing annot to /home/ts/develop/subject1/derived/FreeSurfer/7.4.1/subjects_dir/sub-01/label/rh.BA_exvivo.thresh.annot
@#@FSTIME  2026:09:04:12:59:31 mris_label2annot N 38 e 0.38 S 0.10 U 0.57 P 178% M 171908 F 0 R 47848 W 0 c 8 w 32 I 0 O 2336 L 1.20 1.75 1.61
@#@FSLOADPOST 2026:09:04:12:59:32 mris_label2annot N 38 1.20 1.75 1.61

 mris_anatomical_stats -th3 -mgz -f ../stats/rh.BA_exvivo.stats -b -a ./rh.BA_exvivo.annot -c ./BA_exvivo.ctab sub-01 rh white 

computing statistics for each annotation in ./rh.BA_exvivo.annot.
reading volume /home/ts/develop/subject1/derived/FreeSurfer/7.4.1/subjects_dir/sub-01/mri/wm.mgz...
reading input surface /home/ts/develop/subject1/derived/FreeSurfer/7.4.1/subjects_dir/sub-01/surf/rh.white...
reading input pial surface /home/ts/develop/subject1/derived/FreeSurfer/7.4.1/subjects_dir/sub-01/surf/rh.pial...
reading input white surface /home/ts/develop/subject1/derived/FreeSurfer/7.4.1/subjects_dir/sub-01/surf/rh.white...
INFO: using TH3 volume calc
INFO: assuming MGZ format for volumes.
Using TH3 vertex volume calc
Total face volume 264060
Total vertex volume 263839 (mask=0)
Saving annotation colortable ./BA_exvivo.ctab

table columns are:
    number of vertices
    total surface area (mm^2)
    total gray matter volume (mm^3)
    average cortical thickness +- standard deviation (mm)
    integrated rectified mean curvature
    integrated rectified Gaussian curvature
    folding index
    intrinsic curvature index
    structure name

atlas_icv (eTIV) = 1434701 mm^3    (det: 1.357847 )
 1037    584   1756  2.378 0.493     0.126     0.033       13     1.4  BA1_exvivo
 3454   2272   4828  2.178 0.433     0.110     0.021       28     3.0  BA2_exvivo
 1006    692   1003  1.887 0.403     0.137     0.031        9     1.3  BA3a_exvivo
 1845   1215   2425  1.837 0.502     0.103     0.021       16     1.5  BA3b_exvivo
 1779    919   2939  2.749 0.437     0.081     0.016       10     1.0  BA4a_exvivo
 1247    815   1757  2.325 0.512     0.105     0.020        7     1.1  BA4p_exvivo
 8611   5694  18096  2.810 0.474     0.120     0.024       84     8.7  BA6_exvivo
 4538   3104   8219  2.549 0.458     0.119     0.022       44     4.4  BA44_exvivo
 4521   3343   9153  2.476 0.525     0.133     0.027       62     5.5  BA45_exvivo
 3836   2703   5416  2.014 0.462     0.130     0.029       50     4.8  V1_exvivo
 8607   5900  12897  2.132 0.498     0.141     0.031      110    11.2  V2_exvivo
 2560   1703   4006  2.371 0.360     0.114     0.021       21     2.2  MT_exvivo
  377    250    807  3.040 0.550     0.084     0.015        2     0.2  perirhinal_exvivo
  609    375   2138  3.513 0.818     0.095     0.025        4     0.5  entorhinal_exvivo
@#@FSTIME  2026:09:04:12:59:32 mris_anatomical_stats N 12 e 2.04 S 0.26 U 3.35 P 176% M 520076 F 0 R 151034 W 0 c 42 w 126 I 0 O 24 L 1.20 1.75 1.61
@#@FSLOADPOST 2026:09:04:12:59:34 mris_anatomical_stats N 12 1.19 1.73 1.61

 mris_anatomical_stats -th3 -mgz -f ../stats/rh.BA_exvivo.thresh.stats -b -a ./rh.BA_exvivo.thresh.annot -c ./BA_exvivo.thresh.ctab sub-01 rh white 

computing statistics for each annotation in ./rh.BA_exvivo.thresh.annot.
reading volume /home/ts/develop/subject1/derived/FreeSurfer/7.4.1/subjects_dir/sub-01/mri/wm.mgz...
reading input surface /home/ts/develop/subject1/derived/FreeSurfer/7.4.1/subjects_dir/sub-01/surf/rh.white...
reading input pial surface /home/ts/develop/subject1/derived/FreeSurfer/7.4.1/subjects_dir/sub-01/surf/rh.pial...
reading input white surface /home/ts/develop/subject1/derived/FreeSurfer/7.4.1/subjects_dir/sub-01/surf/rh.white...
INFO: using TH3 volume calc
INFO: assuming MGZ format for volumes.
Using TH3 vertex volume calc
Total face volume 264060
Total vertex volume 263839 (mask=0)
Saving annotation colortable ./BA_exvivo.thresh.ctab

table columns are:
    number of vertices
    total surface area (mm^2)
    total gray matter volume (mm^3)
    average cortical thickness +- standard deviation (mm)
    integrated rectified mean curvature
    integrated rectified Gaussian curvature
    folding index
    intrinsic curvature index
    structure name

atlas_icv (eTIV) = 1434701 mm^3    (det: 1.357847 )
  717    415   1177  2.227 0.554     0.126     0.032        8     0.9  BA1_exvivo
 1861   1175   2655  2.189 0.462     0.097     0.015       13     1.3  BA2_exvivo
  897    617    834  1.874 0.361     0.145     0.033        8     1.3  BA3a_exvivo
 1411    931   1582  1.679 0.377     0.094     0.018        9     1.1  BA3b_exvivo
 1043    501   1718  2.853 0.442     0.089     0.016        7     0.6  BA4a_exvivo
  986    653   1376  2.315 0.566     0.097     0.019        5     0.7  BA4p_exvivo
 5623   3688  11383  2.788 0.498     0.120     0.024       55     5.7  BA6_exvivo
 1172    854   2571  2.681 0.478     0.139     0.027       17     1.4  BA44_exvivo
  999    771   2261  2.553 0.425     0.148     0.029       17     1.4  BA45_exvivo
 3689   2589   5172  2.030 0.452     0.126     0.027       45     4.2  V1_exvivo
 4340   3074   6221  1.980 0.475     0.148     0.034       60     6.6  V2_exvivo
  367    237    720  2.625 0.383     0.123     0.023        4     0.3  MT_exvivo
   37     21     63  2.970 0.307     0.043     0.006        0     0.0  perirhinal_exvivo
  590    365   1893  3.539 0.674     0.087     0.021        3     0.5  entorhinal_exvivo
@#@FSTIME  2026:09:04:12:59:34 mris_anatomical_stats N 12 e 2.03 S 0.26 U 3.32 P 176% M 519972 F 0 R 151111 W 0 c 40 w 119 I 0 O 24 L 1.19 1.73 1.61
@#@FSLOADPOST 2026:09:04:12:59:36 mris_anatomical_stats N 12 1.19 1.73 1.61

Started at Fri Sep 4 10:53:33 CEST 2026 
Ended   at Fri Sep 4 12:59:36 CEST 2026
#@#%# recon-all-run-time-hours 2.101
recon-all -s sub-01 finished without error at Fri Sep  4 12:59:36 CEST 2026
