#!ascii label  , from subject tim vox2ras=TkReg
5932
68423  -13.746  -39.419  101.362 0.0000000000
81305  -25.000  -28.767  82.387 0.0000000000
62331  -20.473  -44.865  89.928 0.0000000000
91009  -21.282  -18.810  90.048 0.0000000000
95561  -54.089  -15.460  74.078 0.0000000000
78822  -5.579  -30.598  94.604 0.0000000000
97365  -11.363  -13.102  98.751 0.0000000000
72044  -31.843  -35.910  91.325 0.0000000000
80073  -34.042  -30.002  86.521 0.0000000000
75345  -29.264  -33.879  92.485 0.0000000000
62259  -27.508  -44.549  95.663 0.0000000000
69747  -23.275  -38.822  89.674 0.0000000000
91145  -47.768  -19.375  78.474 0.0000000000
74130  -8.260  -34.607  97.405 0.0000000000
77652  -23.986  -31.226  99.588 0.0000000000
92001  -24.034  -18.527  99.813 0.0000000000
85669  -14.921  -24.858  100.060 0.0000000000
84489  -9.717  -25.317  105.788 0.0000000000
83550  -44.791  -25.995  85.982 0.0000000000
82350  -41.766  -28.343  88.278 0.0000000000
67311  -13.433  -40.522  93.059 0.0000000000
57909  -7.158  -49.187  97.231 0.0000000000
53320  -14.408  -50.951  96.864 0.0000000000
85862  -18.938  -24.713  82.717 0.0000000000
74206  -21.154  -33.637  92.343 0.0000000000
80066  -7.612  -29.994  86.125 0.0000000000
100661  -4.364  -10.588  101.010 0.0000000000
88888  -6.563  -21.404  96.242 0.0000000000
91016  -7.877  -19.821  88.153 0.0000000000
68518  -34.218  -39.116  92.091 0.0000000000
75312  -34.055  -33.697  95.403 0.0000000000
70870  -31.779  -36.902  94.952 0.0000000000
62269  -29.711  -44.015  95.363 0.0000000000
70857  -27.330  -37.584  96.790 0.0000000000
90076  -46.619  -20.536  81.219 0.0000000000
84796  -48.705  -25.587  81.230 0.0000000000
71955  -11.539  -37.054  99.528 0.0000000000
69608  -6.605  -38.773  100.585 0.0000000000
66021  -8.036  -41.299  103.196 0.0000000000
75263  -18.276  -33.345  101.178 0.0000000000
83384  -20.208  -26.866  101.659 0.0000000000
76451  -16.182  -32.471  101.358 0.0000000000
80001  -13.522  -29.782  96.706 0.0000000000
75412  -43.442  -32.435  86.281 0.0000000000
75409  -39.327  -32.636  85.434 0.0000000000
80106  -29.809  -29.629  84.223 0.0000000000
83563  -32.681  -25.892  83.933 0.0000000000
83541  -26.944  -26.487  86.269 0.0000000000
63570  -15.891  -43.333  89.265 0.0000000000
59050  -13.587  -47.213  93.698 0.0000000000
60087  -17.598  -46.698  94.743 0.0000000000
66087  -19.509  -41.199  95.614 0.0000000000
72054  -20.103  -36.392  90.256 0.0000000000
68501  -17.815  -38.886  92.092 0.0000000000
73124  -15.715  -35.083  91.038 0.0000000000
99889  -55.366  -11.326  72.823 0.0000000000
77737  -8.278  -31.174  91.004 0.0000000000
74264  -3.710  -34.184  86.177 0.0000000000
94232  -17.377  -16.364  98.393 0.0000000000
98504  -20.726  -12.183  97.916 0.0000000000
101756  -14.378  -9.465  92.993 0.0000000000
103727  -8.097  -7.692  98.900 0.0000000000
98458  -6.999  -12.522  102.578 0.0000000000
81127  -7.646  -28.383  100.434 0.0000000000
87820  -7.075  -22.586  101.627 0.0000000000
84560  -10.916  -26.060  96.373 0.0000000000
85751  -10.901  -24.071  91.915 0.0000000000
96388  -10.225  -14.827  91.179 0.0000000000
76596  -35.990  -31.945  87.960 0.0000000000
77746  -34.925  -31.694  91.182 0.0000000000
77767  -31.207  -31.074  89.429 0.0000000000
76624  -27.295  -32.258  85.516 0.0000000000
62298  -25.060  -44.555  92.418 0.0000000000
59020  -21.889  -48.061  94.850 0.0000000000
74307  -23.641  -34.048  83.590 0.0000000000
72066  -26.180  -36.536  89.799 0.0000000000
68454  -23.410  -39.445  96.998 0.0000000000
93375  -51.738  -17.897  77.545 0.0000000000
99836  -49.954  -11.942  77.149 0.0000000000
95498  -48.252  -15.929  79.426 0.0000000000
76480  -5.269  -32.485  96.558 0.0000000000
70887  -5.185  -36.789  93.389 0.0000000000
70851  -7.096  -37.495  96.484 0.0000000000
84590  -21.180  -25.026  94.157 0.0000000000
94262  -25.856  -17.342  94.559 0.0000000000
87868  -22.333  -23.209  95.058 0.0000000000
88932  -17.489  -21.402  93.628 0.0000000000
90910  -11.183  -19.256  96.961 0.0000000000
91965  -11.321  -18.331  103.695 0.0000000000
85659  -12.021  -24.993  102.435 0.0000000000
78775  -9.027  -29.733  99.859 0.0000000000
77861  -49.302  -31.031  82.280 0.0000000000
75427  -46.092  -32.286  85.080 0.0000000000
82330  -43.707  -27.644  89.513 0.0000000000
85764  -39.775  -24.651  92.523 0.0000000000
81266  -37.303  -28.700  84.206 0.0000000000
68441  -13.538  -39.266  97.472 0.0000000000
62248  -10.948  -44.017  99.086 0.0000000000
61127  -10.492  -45.023  95.208 0.0000000000
55709  -10.693  -50.817  97.073 0.0000000000
90009  -18.567  -20.938  85.847 0.0000000000
76649  -19.001  -32.712  83.531 0.0000000000
80068  -18.093  -29.522  87.241 0.0000000000
83452  -17.563  -26.477  91.499 0.0000000000
75322  -23.270  -32.836  95.011 0.0000000000
76489  -16.069  -32.647  96.389 0.0000000000
82400  -7.016  -27.500  83.672 0.0000000000
100706  -5.716  -10.189  96.503 0.0000000000
93077  -6.579  -17.830  104.347 0.0000000000
94186  -7.596  -16.542  100.456 0.0000000000
95288  -8.776  -15.663  95.435 0.0000000000
90948  -4.785  -19.735  92.848 0.0000000000
85806  -6.395  -24.518  88.465 0.0000000000
69676  -33.533  -37.814  93.960 0.0000000000
67300  -31.668  -40.011  93.414 0.0000000000
62279  -30.483  -43.832  94.355 0.0000000000
67298  -30.092  -40.292  93.791 0.0000000000
85903  -49.497  -24.670  80.067 0.0000000000
82484  -49.552  -26.864  79.715 0.0000000000
69612  -12.516  -38.441  100.850 0.0000000000
69599  -9.221  -39.086  101.786 0.0000000000
67249  -10.831  -40.514  101.667 0.0000000000
70828  -15.746  -37.121  100.985 0.0000000000
75246  -17.498  -33.419  103.041 0.0000000000
73030  -14.857  -35.634  101.742 0.0000000000
74114  -13.973  -34.694  99.780 0.0000000000
74298  -38.864  -33.041  84.476 0.0000000000
73188  -36.907  -33.739  85.023 0.0000000000
80145  -27.651  -29.037  82.341 0.0000000000
83601  -28.422  -26.618  82.684 0.0000000000
82407  -25.915  -27.053  83.367 0.0000000000
62349  -18.059  -44.231  89.330 0.0000000000
61155  -17.013  -45.337  92.374 0.0000000000
61157  -19.082  -45.858  92.291 0.0000000000
81304  -23.472  -28.707  82.564 0.0000000000
66117  -21.282  -42.102  91.224 0.0000000000
67305  -18.407  -40.130  94.445 0.0000000000
66155  -19.986  -41.925  88.713 0.0000000000
67364  -18.076  -40.908  87.634 0.0000000000
97703  -54.899  -13.151  73.463 0.0000000000
78835  -6.629  -30.905  92.991 0.0000000000
76555  -5.124  -33.053  90.352 0.0000000000
74200  -5.230  -33.775  92.319 0.0000000000
93240  -23.312  -16.937  86.970 0.0000000000
95368  -25.640  -15.408  88.811 0.0000000000
96309  -14.494  -14.553  97.981 0.0000000000
97414  -16.699  -13.718  93.997 0.0000000000
98529  -11.984  -11.892  94.665 0.0000000000
102737  -10.431  -8.462  95.151 0.0000000000
99601  -9.112  -11.233  97.856 0.0000000000
100663  -7.051  -10.173  100.344 0.0000000000
97341  -9.038  -13.212  100.900 0.0000000000
81157  -6.076  -28.648  97.528 0.0000000000
82269  -8.883  -27.477  98.268 0.0000000000
81175  -8.334  -28.288  95.440 0.0000000000
81185  -9.368  -28.620  93.628 0.0000000000
75381  -34.449  -32.650  90.033 0.0000000000
75361  -33.957  -32.901  92.035 0.0000000000
76522  -31.233  -33.141  94.341 0.0000000000
77721  -32.416  -31.635  93.170 0.0000000000
76561  -29.573  -32.413  90.608 0.0000000000
77781  -28.959  -31.856  87.887 0.0000000000
76582  -27.879  -33.093  89.045 0.0000000000
63506  -26.354  -43.998  94.637 0.0000000000
60094  -25.328  -47.197  93.899 0.0000000000
74239  -26.175  -34.189  87.809 0.0000000000
74214  -27.550  -34.863  90.720 0.0000000000
67276  -26.664  -40.075  97.362 0.0000000000
69640  -25.801  -38.627  97.098 0.0000000000
66060  -24.606  -41.149  97.810 0.0000000000
64771  -22.953  -41.619  96.671 0.0000000000
93373  -49.540  -17.607  78.266 0.0000000000
95482  -50.875  -15.776  80.401 0.0000000000
92229  -49.259  -17.863  81.003 0.0000000000
89101  -44.951  -21.749  79.672 0.0000000000
91143  -45.363  -19.391  78.836 0.0000000000
93430  -50.023  -17.742  73.960 0.0000000000
74140  -6.800  -33.865  96.894 0.0000000000
73062  -4.432  -35.210  97.306 0.0000000000
71961  -4.716  -35.958  98.737 0.0000000000
66050  -6.903  -42.078  98.077 0.0000000000
66052  -8.143  -41.214  97.400 0.0000000000
81171  -21.831  -28.166  97.234 0.0000000000
85721  -23.217  -24.107  94.659 0.0000000000
82277  -23.038  -26.992  98.321 0.0000000000
84521  -17.674  -25.468  100.564 0.0000000000
85703  -18.768  -24.363  96.717 0.0000000000
86772  -15.323  -24.034  96.188 0.0000000000
89919  -13.789  -20.717  94.231 0.0000000000
86764  -12.932  -23.092  97.678 0.0000000000
87835  -11.348  -22.590  100.091 0.0000000000
85663  -13.060  -25.008  100.861 0.0000000000
75300  -11.200  -32.776  95.799 0.0000000000
79990  -11.382  -29.432  98.078 0.0000000000
77679  -9.519  -31.451  96.270 0.0000000000
78790  -7.241  -30.380  97.644 0.0000000000
75516  -46.099  -33.818  81.849 0.0000000000
74336  -44.662  -34.111  82.348 0.0000000000
78913  -42.668  -30.906  88.397 0.0000000000
77772  -43.921  -30.922  89.063 0.0000000000
81204  -42.586  -28.768  90.338 0.0000000000
84635  -41.469  -25.831  91.197 0.0000000000
83472  -40.410  -26.437  90.538 0.0000000000
78928  -35.713  -30.425  87.282 0.0000000000
78944  -36.960  -30.642  86.437 0.0000000000
80111  -35.061  -29.597  84.856 0.0000000000
67293  -13.318  -40.308  94.950 0.0000000000
64767  -12.420  -42.348  96.648 0.0000000000
63513  -12.602  -43.013  93.536 0.0000000000
57918  -14.291  -49.110  96.573 0.0000000000
56878  -11.991  -49.395  95.508 0.0000000000
54533  -12.678  -51.128  97.669 0.0000000000
53331  -20.474  -50.246  95.392 0.0000000000
54557  -19.654  -50.012  96.151 0.0000000000
88026  -18.211  -22.858  83.923 0.0000000000
72088  -23.148  -36.974  86.027 0.0000000000
74323  -20.931  -34.202  82.664 0.0000000000
71003  -21.161  -37.134  85.858 0.0000000000
73127  -20.222  -35.257  91.816 0.0000000000
76592  -19.473  -32.535  87.895 0.0000000000
77763  -19.723  -31.600  89.756 0.0000000000
81208  -17.580  -28.084  89.329 0.0000000000
78849  -19.702  -30.880  91.472 0.0000000000
80024  -19.548  -29.955  93.793 0.0000000000
75333  -22.094  -33.257  93.704 0.0000000000
70930  -13.858  -37.869  90.863 0.0000000000
75340  -14.935  -33.558  92.919 0.0000000000
72004  -13.613  -36.723  94.360 0.0000000000
71976  -14.063  -36.764  96.571 0.0000000000
81273  -46.990  -29.586  84.719 0.0000000000
80151  -47.148  -29.947  82.478 0.0000000000
81239  -7.569  -28.343  85.185 0.0000000000
80102  -3.640  -30.151  84.786 0.0000000000
60051  -8.893  -45.897  98.264 0.0000000000
61088  -8.434  -44.694  99.851 0.0000000000
93137  -26.911  -17.946  97.407 0.0000000000
97408  -27.604  -13.754  95.039 0.0000000000
96295  -26.856  -14.732  99.911 0.0000000000
102722  -17.949  -8.494  97.741 0.0000000000
102691  -5.037  -8.311  102.027 0.0000000000
100678  -4.872  -10.523  98.667 0.0000000000
88865  -10.218  -21.690  105.259 0.0000000000
93072  -9.323  -17.754  104.453 0.0000000000
89876  -8.462  -21.154  105.089 0.0000000000
87838  -6.564  -22.051  98.810 0.0000000000
89891  -5.380  -20.753  100.815 0.0000000000
90906  -6.110  -19.215  98.299 0.0000000000
94212  -8.549  -16.301  98.277 0.0000000000
92060  -6.613  -18.209  95.876 0.0000000000
92083  -7.327  -17.501  94.317 0.0000000000
88896  -5.454  -21.096  94.805 0.0000000000
82320  -11.180  -27.411  89.422 0.0000000000
85779  -7.920  -24.017  90.023 0.0000000000
83504  -9.577  -26.779  87.632 0.0000000000
83535  -8.471  -26.626  85.509 0.0000000000
90008  -6.532  -20.180  85.890 0.0000000000
70925  -33.843  -37.563  91.641 0.0000000000
74183  -34.072  -34.581  93.574 0.0000000000
72011  -34.429  -36.589  94.263 0.0000000000
73078  -32.894  -35.184  95.996 0.0000000000
74156  -30.357  -35.031  95.459 0.0000000000
63477  -28.433  -44.171  96.047 0.0000000000
72010  -28.381  -36.171  94.896 0.0000000000
70867  -29.338  -37.318  95.809 0.0000000000
67290  -27.865  -40.315  95.817 0.0000000000
91095  -48.181  -19.635  81.090 0.0000000000
88072  -48.469  -22.586  80.403 0.0000000000
86979  -47.515  -22.959  81.348 0.0000000000
85891  -45.869  -24.401  80.259 0.0000000000
73055  -9.910  -36.099  98.837 0.0000000000
73034  -5.846  -36.372  100.171 0.0000000000
71934  -7.388  -37.316  101.552 0.0000000000
68413  -6.476  -39.953  102.609 0.0000000000
64750  -6.261  -42.504  100.026 0.0000000000
77639  -20.501  -31.565  101.111 0.0000000000
81123  -23.229  -28.337  101.505 0.0000000000
78743  -20.670  -30.819  103.636 0.0000000000
79935  -18.495  -29.598  102.469 0.0000000000
81143  -17.015  -28.580  100.040 0.0000000000
81141  -15.164  -27.900  99.071 0.0000000000
77654  -15.295  -31.744  98.697 0.0000000000
75277  -13.126  -33.911  97.813 0.0000000000
75467  -42.384  -32.471  83.053 0.0000000000
75443  -40.472  -32.468  84.121 0.0000000000
75410  -40.612  -32.429  85.453 0.0000000000
78949  -41.514  -30.278  85.962 0.0000000000
80088  -31.527  -29.741  85.408 0.0000000000
81287  -33.140  -28.227  83.462 0.0000000000
82430  -30.752  -27.364  82.620 0.0000000000
66125  -14.311  -41.413  90.547 0.0000000000
62296  -13.346  -44.128  92.134 0.0000000000
61153  -14.869  -45.262  91.976 0.0000000000
60084  -15.557  -46.904  94.316 0.0000000000
56846  -16.140  -48.998  96.618 0.0000000000
84789  -20.407  -26.164  81.717 0.0000000000
68505  -22.013  -39.453  92.652 0.0000000000
69744  -20.887  -38.022  89.012 0.0000000000
69683  -19.905  -38.556  93.775 0.0000000000
69664  -18.348  -37.925  94.919 0.0000000000
72006  -18.407  -36.426  94.021 0.0000000000
74165  -19.082  -34.640  93.882 0.0000000000
70933  -17.210  -37.224  90.359 0.0000000000
68559  -14.668  -39.600  88.670 0.0000000000
86906  -43.204  -23.256  87.304 0.0000000000
78881  -8.104  -31.045  88.738 0.0000000000
78896  -4.007  -30.604  86.815 0.0000000000
77774  -4.603  -31.633  88.395 0.0000000000
74236  -3.693  -34.498  87.816 0.0000000000
91985  -20.846  -18.182  100.644 0.0000000000
94208  -23.440  -15.813  99.866 0.0000000000
95283  -19.994  -15.298  96.313 0.0000000000
99632  -18.171  -11.160  95.140 0.0000000000
101700  -6.205  -9.332  102.253 0.0000000000
99572  -5.510  -11.340  102.944 0.0000000000
82226  -9.114  -27.491  103.250 0.0000000000
86731  -8.236  -23.820  104.568 0.0000000000
84505  -9.769  -25.210  101.784 0.0000000000
85678  -9.715  -23.773  99.681 0.0000000000
86767  -9.848  -22.905  97.099 0.0000000000
87872  -9.020  -21.745  94.499 0.0000000000
85730  -11.391  -24.571  94.377 0.0000000000
81193  -11.228  -28.056  91.222 0.0000000000
92131  -10.356  -18.266  90.637 0.0000000000
74259  -35.841  -33.364  86.277 0.0000000000
75398  -34.684  -33.424  87.731 0.0000000000
76575  -35.308  -31.788  89.336 0.0000000000
78890  -34.468  -30.423  89.034 0.0000000000
77724  -34.213  -32.307  93.783 0.0000000000
78861  -33.217  -30.584  90.644 0.0000000000
78888  -32.496  -30.442  88.683 0.0000000000
78925  -30.442  -30.551  86.454 0.0000000000
77835  -28.104  -31.222  84.892 0.0000000000
77859  -26.335  -31.284  82.686 0.0000000000
62334  -23.476  -44.221  90.991 0.0000000000
61159  -21.438  -46.237  92.295 0.0000000000
60110  -23.347  -47.064  93.371 0.0000000000
57945  -23.199  -48.669  94.769 0.0000000000
76667  -24.585  -32.537  82.510 0.0000000000
75420  -25.502  -33.618  85.230 0.0000000000
73167  -25.088  -35.367  86.966 0.0000000000
70949  -25.093  -37.910  89.777 0.0000000000
70895  -26.719  -37.596  94.032 0.0000000000
69698  -25.583  -38.478  93.186 0.0000000000
68507  -23.776  -39.287  92.947 0.0000000000
67273  -21.286  -40.589  97.344 0.0000000000
64814  -22.724  -42.197  93.799 0.0000000000
94475  -53.351  -17.236  76.578 0.0000000000
97669  -50.678  -12.867  76.001 0.0000000000
96561  -51.477  -14.623  78.783 0.0000000000
97642  -49.551  -13.952  78.334 0.0000000000
92246  -47.072  -18.488  81.169 0.0000000000
93371  -46.106  -17.487  77.318 0.0000000000
92348  -52.113  -18.394  73.667 0.0000000000
78814  -4.613  -31.303  95.868 0.0000000000
74175  -5.133  -33.948  94.094 0.0000000000
74162  -4.592  -34.392  95.464 0.0000000000
70874  -6.384  -36.761  95.146 0.0000000000
69621  -7.080  -38.191  98.883 0.0000000000
88954  -21.395  -21.518  91.540 0.0000000000
93197  -23.388  -17.794  91.713 0.0000000000
88947  -24.179  -21.407  92.581 0.0000000000
89923  -25.220  -20.668  94.388 0.0000000000
92094  -23.846  -18.956  95.830 0.0000000000
84547  -21.033  -25.361  98.381 0.0000000000
88916  -20.180  -21.873  94.234 0.0000000000
92069  -20.231  -18.682  96.190 0.0000000000
92044  -17.235  -18.571  96.841 0.0000000000
93134  -13.807  -17.088  97.390 0.0000000000
95249  -12.602  -15.394  99.693 0.0000000000
96279  -12.265  -14.716  102.273 0.0000000000
91980  -10.220  -18.606  101.022 0.0000000000
87822  -10.764  -22.088  102.727 0.0000000000
84498  -11.339  -25.578  104.695 0.0000000000
81130  -12.827  -28.069  100.622 0.0000000000
81116  -11.545  -28.866  102.797 0.0000000000
79921  -9.537  -29.305  103.839 0.0000000000
79943  -7.751  -29.475  101.323 0.0000000000
79987  -5.794  -29.548  98.321 0.0000000000
79010  -48.988  -30.197  79.848 0.0000000000
77878  -46.673  -31.789  80.391 0.0000000000
76658  -48.247  -31.894  83.559 0.0000000000
80078  -46.124  -30.031  85.848 0.0000000000
75414  -44.772  -32.125  86.181 0.0000000000
78915  -44.901  -30.536  87.116 0.0000000000
83517  -44.354  -26.410  87.846 0.0000000000
86886  -42.809  -23.493  89.221 0.0000000000
76610  -37.921  -32.273  86.114 0.0000000000
78947  -39.312  -30.845  85.417 0.0000000000
82375  -40.051  -27.818  85.251 0.0000000000
82388  -35.304  -27.029  84.066 0.0000000000
83545  -36.755  -26.382  85.781 0.0000000000
83498  -38.875  -25.821  88.539 0.0000000000
67261  -14.141  -39.516  100.238 0.0000000000
66034  -12.501  -41.553  100.718 0.0000000000
66053  -12.753  -41.475  98.498 0.0000000000
62256  -10.592  -44.565  97.296 0.0000000000
58994  -8.723  -47.325  96.398 0.0000000000
59048  -11.842  -46.271  93.414 0.0000000000
57955  -9.882  -48.477  94.712 0.0000000000
55707  -8.575  -50.705  96.743 0.0000000000
60073  -19.708  -47.304  95.000 0.0000000000
56834  -17.928  -49.119  96.444 0.0000000000
53326  -15.737  -50.718  96.070 0.0000000000
89988  -19.385  -20.153  88.161 0.0000000000
77868  -21.913  -31.401  81.210 0.0000000000
78990  -20.412  -30.440  81.198 0.0000000000
80138  -18.653  -29.452  82.831 0.0000000000
73164  -19.429  -35.368  86.236 0.0000000000
77820  -18.503  -31.388  85.391 0.0000000000
82382  -17.977  -27.365  84.793 0.0000000000
84734  -17.532  -25.462  86.386 0.0000000000
86890  -17.573  -23.804  88.824 0.0000000000
87951  -18.658  -22.817  90.666 0.0000000000
84587  -19.056  -25.891  93.467 0.0000000000
80009  -20.237  -28.928  95.653 0.0000000000
76477  -23.740  -32.092  97.508 0.0000000000
76518  -19.134  -32.970  94.319 0.0000000000
77699  -19.237  -31.650  95.696 0.0000000000
77658  -21.018  -31.342  98.807 0.0000000000
76464  -17.115  -32.948  98.662 0.0000000000
71967  -14.953  -36.896  99.050 0.0000000000
81329  -49.695  -28.313  81.183 0.0000000000
82458  -46.767  -27.437  80.621 0.0000000000
63456  -10.128  -42.698  101.360 0.0000000000
63459  -6.840  -43.762  100.469 0.0000000000
97463  -26.618  -13.685  91.662 0.0000000000
99585  -23.706  -11.549  100.116 0.0000000000
96274  -10.147  -14.665  103.231 0.0000000000
96262  -6.938  -15.025  104.212 0.0000000000
96264  -5.368  -14.625  103.160 0.0000000000
88867  -6.002  -21.279  103.612 0.0000000000
93083  -5.867  -17.410  102.281 0.0000000000
96277  -6.001  -14.359  101.082 0.0000000000
97361  -6.856  -12.669  98.696 0.0000000000
98509  -8.324  -12.331  96.722 0.0000000000
95310  -9.366  -15.414  93.718 0.0000000000
92114  -8.587  -18.255  92.823 0.0000000000
90992  -6.184  -19.820  90.702 0.0000000000
87908  -6.100  -22.202  92.419 0.0000000000
87949  -4.674  -22.492  90.845 0.0000000000
89983  -4.758  -20.946  87.911 0.0000000000
86908  -6.620  -22.912  86.680 0.0000000000
67307  -32.514  -40.189  93.066 0.0000000000
64806  -31.176  -41.935  93.816 0.0000000000
82492  -48.476  -26.642  78.631 0.0000000000
82482  -48.225  -27.852  78.621 0.0000000000
69603  -13.498  -38.844  101.421 0.0000000000
69601  -11.248  -39.401  101.092 0.0000000000
68422  -12.898  -39.660  101.320 0.0000000000
69605  -14.789  -37.963  101.174 0.0000000000
71929  -15.384  -36.273  102.048 0.0000000000
71936  -14.695  -36.734  101.748 0.0000000000
71935  -14.084  -36.952  101.329 0.0000000000
80143  -25.598  -29.408  82.118 0.0000000000
82426  -26.522  -27.301  82.644 0.0000000000
81282  -25.066  -27.746  82.990 0.0000000000
82385  -24.446  -27.760  84.629 0.0000000000
81258  -23.844  -28.057  83.929 0.0000000000
62330  -19.494  -44.775  89.818 0.0000000000
61174  -18.689  -45.313  91.137 0.0000000000
61175  -19.884  -45.717  91.443 0.0000000000
80123  -23.833  -28.918  82.553 0.0000000000
64860  -22.118  -43.245  89.968 0.0000000000
66127  -20.758  -41.866  90.480 0.0000000000
63575  -20.926  -43.418  89.129 0.0000000000
63593  -19.124  -43.398  88.403 0.0000000000
96599  -54.214  -14.121  73.734 0.0000000000
98786  -53.253  -11.783  73.632 0.0000000000
97689  -52.841  -13.466  73.971 0.0000000000
94501  -55.230  -16.525  73.166 0.0000000000
95593  -55.480  -15.569  72.739 0.0000000000
78829  -6.401  -30.497  93.746 0.0000000000
76539  -5.969  -31.992  92.359 0.0000000000
76527  -5.528  -32.469  93.486 0.0000000000
93221  -22.000  -17.372  87.996 0.0000000000
94327  -24.794  -16.187  87.654 0.0000000000
93213  -22.768  -17.013  89.371 0.0000000000
97379  -12.947  -13.546  98.073 0.0000000000
97400  -13.041  -12.988  95.870 0.0000000000
98513  -11.891  -12.663  96.601 0.0000000000
99621  -10.241  -11.251  96.028 0.0000000000
98489  -10.423  -12.656  98.506 0.0000000000
98477  -9.394  -12.402  99.410 0.0000000000
97353  -10.842  -13.002  99.656 0.0000000000
80007  -5.680  -29.606  95.699 0.0000000000
81168  -7.438  -28.504  96.244 0.0000000000
80014  -6.713  -29.423  94.798 0.0000000000
80015  -7.376  -29.274  94.415 0.0000000000
74215  -31.876  -34.416  91.047 0.0000000000
74216  -32.458  -33.751  91.146 0.0000000000
74210  -32.466  -34.317  91.994 0.0000000000
75335  -30.229  -33.722  93.805 0.0000000000
76542  -30.719  -32.647  92.830 0.0000000000
76549  -29.228  -33.181  91.503 0.0000000000
76571  -28.500  -32.998  89.868 0.0000000000
75368  -28.444  -33.482  90.747 0.0000000000
62267  -27.004  -44.555  95.250 0.0000000000
61121  -27.072  -45.335  94.860 0.0000000000
61122  -27.401  -45.541  95.166 0.0000000000
74221  -27.436  -34.276  89.906 0.0000000000
74207  -28.226  -34.842  92.008 0.0000000000
64763  -26.573  -41.649  96.674 0.0000000000
66062  -26.302  -40.914  97.273 0.0000000000
64762  -25.963  -41.690  96.928 0.0000000000
64773  -25.705  -42.428  96.074 0.0000000000
93354  -48.783  -18.107  79.037 0.0000000000
93337  -49.539  -17.703  79.824 0.0000000000
92263  -48.419  -18.880  80.006 0.0000000000
92306  -48.067  -18.396  76.944 0.0000000000
74141  -7.825  -34.029  96.793 0.0000000000
74119  -5.227  -34.857  97.873 0.0000000000
74121  -6.654  -35.118  98.309 0.0000000000
64757  -6.319  -42.634  97.812 0.0000000000
64766  -7.098  -42.523  96.632 0.0000000000
79984  -23.162  -29.015  98.498 0.0000000000
82276  -22.809  -27.141  97.747 0.0000000000
81155  -23.648  -28.077  99.042 0.0000000000
84510  -16.425  -25.608  100.781 0.0000000000
85682  -16.203  -24.869  98.298 0.0000000000
85681  -15.459  -24.575  98.359 0.0000000000
86770  -13.742  -23.366  96.627 0.0000000000
86761  -14.006  -23.904  98.328 0.0000000000
86754  -13.220  -23.752  99.145 0.0000000000
85668  -14.158  -24.760  100.109 0.0000000000
74143  -10.076  -34.164  96.773 0.0000000000
76485  -10.003  -32.233  95.938 0.0000000000
75285  -8.483  -33.213  96.404 0.0000000000
76483  -7.942  -32.333  96.385 0.0000000000
74348  -43.302  -34.376  81.230 0.0000000000
81225  -42.355  -29.632  88.637 0.0000000000
80049  -42.580  -29.743  89.353 0.0000000000
81210  -42.186  -28.819  89.786 0.0000000000
82317  -41.634  -27.744  90.373 0.0000000000
82328  -41.106  -27.332  89.476 0.0000000000
80074  -35.067  -30.126  86.770 0.0000000000
80092  -35.576  -29.946  85.784 0.0000000000
80091  -34.566  -29.773  85.729 0.0000000000
67304  -13.445  -40.430  93.958 0.0000000000
66086  -13.214  -41.264  94.517 0.0000000000
64812  -13.290  -41.876  93.209 0.0000000000
56830  -14.042  -49.880  97.112 0.0000000000
56843  -13.598  -49.670  96.815 0.0000000000
54534  -13.306  -50.958  97.585 0.0000000000
89050  -18.952  -21.790  82.803 0.0000000000
86950  -18.520  -23.756  83.284 0.0000000000
70973  -23.266  -37.975  87.578 0.0000000000
71004  -21.923  -37.262  85.793 0.0000000000
70972  -22.084  -37.995  87.114 0.0000000000
74212  -20.513  -34.431  91.318 0.0000000000
75374  -20.233  -33.584  89.848 0.0000000000
75365  -20.737  -33.411  90.921 0.0000000000
78859  -19.384  -30.846  90.551 0.0000000000
76547  -21.059  -32.146  91.738 0.0000000000
77740  -21.320  -31.850  92.349 0.0000000000
75344  -21.588  -33.148  92.680 0.0000000000
68510  -13.716  -39.649  91.787 0.0000000000
70903  -13.454  -37.656  92.879 0.0000000000
69680  -13.355  -38.628  93.583 0.0000000000
69662  -13.385  -38.532  94.653 0.0000000000
82397  -45.792  -28.165  84.964 0.0000000000
81271  -45.399  -28.599  84.346 0.0000000000
80084  -8.141  -29.274  85.571 0.0000000000
81237  -5.569  -28.860  84.911 0.0000000000
78939  -5.739  -29.955  85.841 0.0000000000
58982  -7.710  -47.761  97.380 0.0000000000
92018  -25.324  -18.636  98.819 0.0000000000
94211  -27.647  -16.646  98.742 0.0000000000
94193  -25.602  -16.714  100.438 0.0000000000
102690  -4.605  -9.043  101.756 0.0000000000
102697  -4.916  -8.357  101.208 0.0000000000
102705  -4.460  -9.297  99.899 0.0000000000
86727  -9.675  -23.450  105.800 0.0000000000
88861  -9.153  -21.878  105.585 0.0000000000
87798  -8.723  -23.376  105.844 0.0000000000
88883  -6.800  -21.690  97.397 0.0000000000
89895  -5.326  -20.787  98.734 0.0000000000
89898  -5.473  -20.674  97.567 0.0000000000
92020  -5.878  -19.273  97.588 0.0000000000
89901  -5.541  -20.474  96.377 0.0000000000
90917  -5.520  -19.593  95.831 0.0000000000
88887  -5.820  -21.025  95.796 0.0000000000
80052  -10.337  -29.339  87.721 0.0000000000
83505  -10.336  -27.320  87.887 0.0000000000
81229  -9.240  -28.788  86.128 0.0000000000
81228  -8.959  -28.155  85.871 0.0000000000
91017  -9.085  -19.595  88.265 0.0000000000
91040  -9.402  -19.174  86.739 0.0000000000
91028  -8.820  -19.417  87.264 0.0000000000
69699  -34.221  -38.083  92.106 0.0000000000
72034  -34.294  -36.832  93.269 0.0000000000
70897  -34.189  -37.325  93.724 0.0000000000
69658  -32.921  -37.487  94.537 0.0000000000
70872  -33.497  -36.925  95.009 0.0000000000
71997  -32.243  -36.332  95.319 0.0000000000
74149  -31.597  -34.906  95.662 0.0000000000
71982  -30.562  -36.295  95.619 0.0000000000
62261  -28.837  -44.503  95.838 0.0000000000
60059  -29.119  -46.045  95.501 0.0000000000
60065  -29.640  -45.995  95.103 0.0000000000
71981  -29.664  -36.417  95.858 0.0000000000
69655  -30.200  -37.595  94.912 0.0000000000
64790  -29.447  -42.628  94.924 0.0000000000
66090  -28.719  -41.138  94.680 0.0000000000
64789  -28.708  -42.407  95.331 0.0000000000
64776  -28.200  -42.599  95.874 0.0000000000
89104  -48.042  -22.071  79.392 0.0000000000
87012  -48.716  -23.347  79.054 0.0000000000
84809  -49.547  -25.578  80.733 0.0000000000
86981  -48.886  -23.730  81.102 0.0000000000
85882  -48.238  -24.404  81.339 0.0000000000
86986  -46.141  -23.381  80.536 0.0000000000
84807  -47.513  -25.250  80.922 0.0000000000
71963  -10.013  -36.715  99.358 0.0000000000
71952  -8.428  -36.585  100.301 0.0000000000
71953  -9.461  -37.024  99.979 0.0000000000
68415  -8.550  -39.923  102.795 0.0000000000
69593  -7.408  -39.180  102.895 0.0000000000
68410  -6.943  -39.947  103.326 0.0000000000
66032  -6.451  -41.521  100.957 0.0000000000
66028  -6.532  -41.598  101.827 0.0000000000
76453  -19.227  -32.405  101.180 0.0000000000
77625  -21.095  -31.538  102.423 0.0000000000
76442  -19.391  -32.481  102.633 0.0000000000
76440  -16.920  -32.612  102.766 0.0000000000
77615  -17.951  -31.962  103.272 0.0000000000
77629  -17.516  -30.994  102.279 0.0000000000
81119  -17.923  -28.509  101.387 0.0000000000
78770  -17.053  -30.359  100.509 0.0000000000
78785  -16.229  -30.253  98.959 0.0000000000
77644  -15.930  -31.805  100.000 0.0000000000
73046  -12.978  -35.797  99.301 0.0000000000
74123  -13.255  -34.748  98.775 0.0000000000
73057  -11.969  -35.796  98.536 0.0000000000
74133  -11.322  -34.920  97.533 0.0000000000
74263  -39.329  -32.877  85.146 0.0000000000
74280  -39.718  -32.747  84.886 0.0000000000
76612  -40.321  -32.085  85.740 0.0000000000
77816  -41.928  -31.546  86.707 0.0000000000
77826  -40.295  -31.597  85.782 0.0000000000
80107  -30.855  -29.438  84.436 0.0000000000
81260  -31.615  -28.960  83.754 0.0000000000
81310  -30.221  -28.097  82.688 0.0000000000
83581  -27.208  -26.341  83.909 0.0000000000
84768  -28.932  -25.865  83.514 0.0000000000
83542  -27.817  -25.809  85.847 0.0000000000
83523  -26.493  -27.222  87.721 0.0000000000
64843  -14.960  -42.809  89.737 0.0000000000
63536  -14.388  -43.214  90.843 0.0000000000
62308  -15.420  -44.179  90.846 0.0000000000
61140  -17.474  -45.857  93.183 0.0000000000
61139  -16.458  -45.838  93.094 0.0000000000
60086  -16.935  -46.761  94.829 0.0000000000
58997  -15.964  -47.947  96.055 0.0000000000
58998  -17.082  -48.069  96.454 0.0000000000
83613  -21.317  -26.556  81.635 0.0000000000
68464  -20.466  -39.588  95.421 0.0000000000
68493  -21.175  -39.366  93.493 0.0000000000
67288  -19.368  -40.291  95.721 0.0000000000
67318  -18.588  -40.168  92.187 0.0000000000
68461  -17.879  -38.714  95.084 0.0000000000
69663  -17.757  -37.946  94.846 0.0000000000
70879  -18.081  -37.218  94.642 0.0000000000
70892  -17.686  -37.252  94.080 0.0000000000
72016  -17.783  -36.401  93.346 0.0000000000
69708  -17.630  -38.129  91.311 0.0000000000
64870  -16.726  -42.483  88.027 0.0000000000
66164  -16.035  -40.850  87.548 0.0000000000
64868  -15.201  -42.032  88.623 0.0000000000
67336  -14.326  -40.551  89.933 0.0000000000
97726  -55.539  -13.423  71.668 0.0000000000
78867  -8.654  -31.070  89.619 0.0000000000
77794  -6.619  -31.220  88.361 0.0000000000
77760  -6.437  -31.518  89.486 0.0000000000
74218  -4.329  -34.860  89.683 0.0000000000
74226  -4.180  -34.058  88.888 0.0000000000
94203  -18.497  -17.172  99.610 0.0000000000
94205  -20.483  -17.005  99.598 0.0000000000
94242  -18.802  -16.281  97.266 0.0000000000
99653  -15.429  -11.459  92.974 0.0000000000
98531  -17.356  -12.669  94.040 0.0000000000
101758  -16.209  -9.934  93.655 0.0000000000
101741  -16.734  -8.910  95.133 0.0000000000
102750  -15.225  -8.272  94.067 0.0000000000
103774  -13.695  -7.361  94.532 0.0000000000
102721  -9.092  -7.682  97.277 0.0000000000
103715  -8.138  -6.993  100.025 0.0000000000
99577  -6.852  -11.430  101.501 0.0000000000
101702  -6.532  -9.395  101.632 0.0000000000
99576  -6.379  -10.922  102.043 0.0000000000
100657  -5.533  -10.427  102.637 0.0000000000
99570  -5.937  -11.828  103.192 0.0000000000
82230  -8.586  -27.942  101.959 0.0000000000
82227  -9.348  -26.797  102.973 0.0000000000
82239  -9.155  -27.348  101.222 0.0000000000
83409  -10.286  -26.467  97.919 0.0000000000
84534  -10.390  -25.401  98.989 0.0000000000
85686  -10.681  -24.620  98.078 0.0000000000
86762  -9.683  -23.048  97.826 0.0000000000
85697  -10.849  -24.393  96.852 0.0000000000
86781  -10.715  -23.325  95.380 0.0000000000
84573  -11.150  -25.505  94.911 0.0000000000
78838  -9.197  -29.681  92.409 0.0000000000
82297  -10.667  -27.929  92.710 0.0000000000
78847  -10.190  -29.651  91.384 0.0000000000
78869  -10.183  -30.313  89.882 0.0000000000
95353  -10.452  -15.603  90.168 0.0000000000
94297  -10.596  -16.407  90.976 0.0000000000
74257  -34.419  -33.995  86.277 0.0000000000
74235  -33.687  -33.879  88.211 0.0000000000
76565  -34.849  -31.946  90.785 0.0000000000
76585  -34.799  -32.406  89.679 0.0000000000
77757  -35.054  -31.617  90.537 0.0000000000
78876  -35.142  -30.920  90.088 0.0000000000
78863  -34.776  -30.879  90.796 0.0000000000
75326  -34.390  -33.758  94.610 0.0000000000
75338  -34.310  -33.479  93.767 0.0000000000
77714  -33.888  -32.405  94.422 0.0000000000
77741  -31.045  -31.549  91.000 0.0000000000
77743  -32.868  -30.892  91.620 0.0000000000
77756  -32.428  -30.843  90.851 0.0000000000
78873  -32.943  -30.453  89.650 0.0000000000
78887  -31.344  -30.769  88.485 0.0000000000
78905  -30.992  -30.549  87.478 0.0000000000
78886  -30.753  -30.902  87.932 0.0000000000
76608  -28.228  -31.982  86.677 0.0000000000
77810  -28.571  -31.554  86.287 0.0000000000
77821  -27.779  -31.617  85.163 0.0000000000
77846  -27.307  -31.327  83.703 0.0000000000
77833  -26.999  -31.821  84.004 0.0000000000
63539  -24.323  -44.229  91.757 0.0000000000
61161  -23.422  -46.010  92.249 0.0000000000
61162  -24.251  -45.801  92.454 0.0000000000
57964  -25.088  -48.078  94.449 0.0000000000
59022  -24.847  -47.884  94.186 0.0000000000
76636  -25.814  -32.893  84.146 0.0000000000
75421  -26.059  -33.267  85.583 0.0000000000
73153  -26.340  -35.361  89.121 0.0000000000
74238  -25.604  -34.895  87.487 0.0000000000
73152  -25.871  -35.823  88.689 0.0000000000
72081  -24.925  -36.511  87.820 0.0000000000
72055  -26.021  -37.095  90.149 0.0000000000
71993  -27.847  -36.629  95.568 0.0000000000
72009  -27.691  -36.681  94.654 0.0000000000
71992  -27.248  -36.992  95.397 0.0000000000
69651  -25.057  -38.890  96.669 0.0000000000
69667  -25.180  -38.667  95.450 0.0000000000
68479  -24.163  -39.188  95.158 0.0000000000
69697  -24.713  -39.001  93.022 0.0000000000
68467  -23.268  -39.340  96.011 0.0000000000
68466  -22.336  -39.600  95.785 0.0000000000
68443  -22.721  -39.907  97.526 0.0000000000
64802  -24.784  -42.755  94.177 0.0000000000
64801  -23.612  -42.262  94.595 0.0000000000
64816  -24.594  -42.947  92.924 0.0000000000
64826  -23.852  -42.849  92.073 0.0000000000
94461  -52.997  -17.455  77.202 0.0000000000
95542  -52.394  -15.951  77.474 0.0000000000
95532  -52.250  -16.018  78.546 0.0000000000
95500  -49.438  -15.539  80.379 0.0000000000
96545  -50.059  -14.927  80.206 0.0000000000
96559  -49.254  -14.940  79.247 0.0000000000
90062  -47.540  -20.526  81.562 0.0000000000
91094  -47.917  -19.436  81.597 0.0000000000
91114  -46.667  -19.614  81.127 0.0000000000
93352  -45.650  -18.355  77.959 0.0000000000
93405  -50.907  -17.876  75.777 0.0000000000
92347  -51.562  -18.130  73.991 0.0000000000
92320  -52.298  -18.553  75.788 0.0000000000
92321  -53.071  -18.854  75.159 0.0000000000
77673  -4.639  -31.837  96.200 0.0000000000
76497  -4.603  -32.615  95.711 0.0000000000
75298  -4.480  -33.705  96.089 0.0000000000
70849  -5.410  -36.739  97.529 0.0000000000
71975  -5.728  -36.658  96.258 0.0000000000
70861  -6.351  -36.914  96.029 0.0000000000
70863  -7.898  -37.630  94.871 0.0000000000
70852  -7.862  -37.708  95.737 0.0000000000
70819  -5.718  -37.655  101.012 0.0000000000
70829  -5.616  -37.166  100.171 0.0000000000
69616  -6.947  -38.510  99.918 0.0000000000
67270  -8.448  -40.282  97.241 0.0000000000
86840  -20.844  -23.793  92.733 0.0000000000
87937  -22.599  -21.656  92.056 0.0000000000
86842  -23.079  -23.045  92.789 0.0000000000
86809  -23.448  -23.353  94.577 0.0000000000
87885  -24.461  -22.516  93.795 0.0000000000
88919  -23.780  -21.674  94.306 0.0000000000
90942  -25.135  -19.852  95.067 0.0000000000
89921  -23.390  -20.541  94.391 0.0000000000
82246  -21.659  -27.870  101.549 0.0000000000
83401  -22.110  -26.531  100.020 0.0000000000
84531  -20.558  -25.946  100.026 0.0000000000
87878  -17.645  -22.640  94.344 0.0000000000
86807  -19.140  -23.111  95.009 0.0000000000
88933  -18.499  -21.456  93.836 0.0000000000
90957  -20.166  -19.615  93.839 0.0000000000
90936  -18.494  -19.021  94.155 0.0000000000
92045  -18.464  -18.676  97.062 0.0000000000
92087  -16.894  -18.838  94.876 0.0000000000
90919  -12.295  -19.416  95.509 0.0000000000
93155  -13.787  -17.760  95.880 0.0000000000
93142  -12.411  -17.495  96.750 0.0000000000
94214  -13.013  -16.093  98.366 0.0000000000
93124  -11.366  -17.352  98.457 0.0000000000
94197  -10.981  -17.031  99.929 0.0000000000
90904  -10.299  -19.365  99.383 0.0000000000
86744  -11.538  -23.644  101.976 0.0000000000
87828  -10.833  -22.109  101.564 0.0000000000
86740  -11.397  -23.682  103.155 0.0000000000
86736  -11.124  -23.772  104.174 0.0000000000
84501  -11.601  -25.694  103.835 0.0000000000
81151  -14.588  -28.349  98.414 0.0000000000
82262  -13.973  -27.787  99.722 0.0000000000
81160  -13.135  -28.668  98.001 0.0000000000
78783  -10.267  -29.673  98.643 0.0000000000
79959  -11.552  -29.085  100.316 0.0000000000
79958  -10.822  -29.440  101.155 0.0000000000
79934  -10.899  -29.169  103.447 0.0000000000
79945  -9.176  -29.897  101.719 0.0000000000
78751  -8.933  -29.801  102.434 0.0000000000
78768  -8.482  -29.746  100.205 0.0000000000
77676  -6.405  -31.531  96.650 0.0000000000
78789  -6.371  -30.330  97.614 0.0000000000
78802  -5.974  -30.782  96.916 0.0000000000
78801  -5.278  -30.737  96.586 0.0000000000
75495  -46.198  -33.619  82.807 0.0000000000
75496  -47.126  -33.066  83.000 0.0000000000
75450  -47.322  -32.318  84.195 0.0000000000
78951  -47.112  -30.839  85.122 0.0000000000
77818  -46.395  -31.253  85.544 0.0000000000
75445  -42.641  -32.489  84.199 0.0000000000
75446  -43.827  -32.703  84.342 0.0000000000
80044  -43.550  -29.536  89.865 0.0000000000
77789  -44.264  -31.152  88.491 0.0000000000
81219  -44.269  -28.764  88.898 0.0000000000
81226  -44.504  -28.547  87.768 0.0000000000
82341  -43.842  -27.083  88.902 0.0000000000
84695  -43.485  -25.539  88.775 0.0000000000
83486  -43.207  -26.513  89.687 0.0000000000
84634  -40.871  -25.477  91.530 0.0000000000
86865  -41.301  -23.464  91.224 0.0000000000
75400  -36.078  -32.719  87.259 0.0000000000
75406  -36.433  -33.086  86.439 0.0000000000
75401  -36.705  -32.411  86.910 0.0000000000
80113  -37.033  -29.686  84.791 0.0000000000
78946  -38.336  -30.920  85.657 0.0000000000
80115  -38.904  -29.373  84.743 0.0000000000
80116  -39.521  -29.117  84.802 0.0000000000
82392  -38.856  -28.046  84.547 0.0000000000
82409  -32.663  -27.297  83.031 0.0000000000
81288  -34.172  -28.378  83.590 0.0000000000
83587  -33.526  -26.625  83.629 0.0000000000
83528  -37.602  -26.105  86.932 0.0000000000
68434  -13.653  -39.317  98.620 0.0000000000
66044  -13.084  -40.720  99.144 0.0000000000
66054  -13.116  -40.813  98.109 0.0000000000
63502  -11.804  -43.608  95.304 0.0000000000
63480  -11.466  -43.648  96.862 0.0000000000
62274  -10.757  -44.577  95.895 0.0000000000
61119  -9.674  -45.787  96.710 0.0000000000
60068  -9.682  -46.283  95.531 0.0000000000
61152  -13.688  -45.381  92.324 0.0000000000
61135  -12.158  -44.974  92.959 0.0000000000
59049  -12.538  -46.799  93.416 0.0000000000
56863  -11.715  -50.169  96.231 0.0000000000
57956  -11.279  -48.822  94.760 0.0000000000
56862  -10.446  -50.239  95.924 0.0000000000
56861  -9.362  -50.038  95.966 0.0000000000
55708  -9.709  -50.947  96.983 0.0000000000
54538  -8.943  -51.509  97.261 0.0000000000
60092  -21.807  -47.261  94.044 0.0000000000
60107  -20.675  -46.817  93.686 0.0000000000
59019  -21.023  -47.901  95.087 0.0000000000
53336  -18.189  -50.488  95.242 0.0000000000
55703  -18.934  -49.483  96.481 0.0000000000
54555  -17.901  -50.049  96.004 0.0000000000
54546  -16.901  -50.138  96.162 0.0000000000
52249  -16.145  -50.956  95.272 0.0000000000
91050  -19.474  -19.239  85.359 0.0000000000
92161  -20.596  -18.253  86.646 0.0000000000
89999  -19.084  -20.221  87.059 0.0000000000
75479  -23.764  -33.140  82.473 0.0000000000
76686  -23.145  -31.756  81.591 0.0000000000
75478  -22.874  -33.103  82.056 0.0000000000
74322  -20.199  -34.254  82.986 0.0000000000
76664  -20.239  -32.878  82.035 0.0000000000
77855  -19.222  -31.481  82.364 0.0000000000
80139  -19.079  -29.437  81.983 0.0000000000
77854  -18.816  -30.936  82.842 0.0000000000
70947  -20.403  -37.316  89.621 0.0000000000
70958  -20.437  -37.377  88.592 0.0000000000
72064  -20.100  -36.478  89.147 0.0000000000
77795  -18.626  -31.139  87.233 0.0000000000
76605  -18.929  -32.373  86.651 0.0000000000
78940  -18.286  -30.537  85.747 0.0000000000
80104  -18.099  -29.656  84.947 0.0000000000
81243  -17.741  -28.225  85.655 0.0000000000
84735  -17.663  -25.520  85.542 0.0000000000
81230  -17.620  -27.555  86.664 0.0000000000
82311  -17.382  -27.332  89.918 0.0000000000
83490  -17.375  -26.529  88.696 0.0000000000
85797  -17.439  -25.024  90.038 0.0000000000
86883  -18.034  -23.316  89.806 0.0000000000
85782  -17.791  -25.165  91.049 0.0000000000
86858  -18.791  -24.048  91.809 0.0000000000
84619  -17.926  -25.906  92.131 0.0000000000
78834  -21.670  -31.281  93.870 0.0000000000
80017  -19.770  -29.231  95.024 0.0000000000
78827  -22.589  -31.260  95.158 0.0000000000
78811  -22.368  -30.501  96.336 0.0000000000
76496  -23.305  -32.545  96.233 0.0000000000
74191  -17.431  -34.442  92.376 0.0000000000
75317  -19.238  -34.005  93.947 0.0000000000
75342  -16.890  -33.746  92.235 0.0000000000
75316  -15.199  -32.999  94.633 0.0000000000
76516  -16.936  -31.901  94.604 0.0000000000
77707  -17.427  -31.601  95.587 0.0000000000
77685  -19.072  -31.187  96.930 0.0000000000
77684  -17.758  -31.503  97.285 0.0000000000
77666  -18.144  -31.855  98.458 0.0000000000
75291  -16.409  -32.921  97.222 0.0000000000
69638  -13.650  -38.440  96.887 0.0000000000
71971  -14.852  -36.353  97.970 0.0000000000
69629  -13.984  -38.442  98.212 0.0000000000
69624  -14.460  -38.261  99.248 0.0000000000
98732  -50.271  -12.299  77.137 0.0000000000
79001  -49.532  -30.557  80.793 0.0000000000
80179  -49.882  -29.416  80.462 0.0000000000
80170  -49.613  -29.650  81.306 0.0000000000
80165  -44.770  -29.519  81.579 0.0000000000
81326  -46.979  -28.744  81.112 0.0000000000
81339  -45.123  -28.462  80.496 0.0000000000
83627  -45.169  -26.671  79.986 0.0000000000
77839  -5.760  -31.110  83.177 0.0000000000
76603  -3.505  -32.423  86.669 0.0000000000
77819  -3.507  -31.388  85.391 0.0000000000
75415  -3.854  -33.460  85.697 0.0000000000
72012  -4.798  -36.324  93.450 0.0000000000
73110  -4.697  -35.543  92.897 0.0000000000
63467  -11.820  -42.664  99.977 0.0000000000
64743  -10.943  -42.167  101.424 0.0000000000
62238  -10.307  -43.432  100.587 0.0000000000
61091  -6.317  -45.331  98.756 0.0000000000
62234  -7.376  -44.350  100.058 0.0000000000
62240  -5.757  -44.647  98.932 0.0000000000
63465  -5.660  -43.843  99.288 0.0000000000
94271  -24.666  -17.452  93.260 0.0000000000
95332  -25.276  -15.554  91.378 0.0000000000
95312  -26.713  -15.187  93.048 0.0000000000
96302  -22.937  -14.069  98.765 0.0000000000
97345  -23.870  -13.285  100.056 0.0000000000
98479  -22.038  -11.835  99.389 0.0000000000
102726  -5.510  -8.800  96.676 0.0000000000
103755  -6.236  -7.896  95.932 0.0000000000
101738  -5.764  -9.774  95.523 0.0000000000
94179  -11.580  -16.527  102.817 0.0000000000
96275  -11.247  -14.989  103.353 0.0000000000
94175  -10.981  -16.631  104.285 0.0000000000
93071  -8.173  -17.717  104.418 0.0000000000
95222  -8.324  -15.902  104.047 0.0000000000
94166  -6.824  -16.508  104.415 0.0000000000
97316  -5.615  -13.935  103.923 0.0000000000
95219  -5.735  -15.373  103.912 0.0000000000
86738  -8.139  -23.560  103.088 0.0000000000
87810  -7.042  -22.581  103.547 0.0000000000
87814  -6.151  -22.410  102.735 0.0000000000
91977  -6.451  -18.533  100.789 0.0000000000
90892  -5.747  -19.241  101.672 0.0000000000
93086  -6.390  -17.475  101.542 0.0000000000
95230  -6.102  -15.806  101.874 0.0000000000
95238  -6.969  -15.192  100.758 0.0000000000
97339  -6.317  -13.729  100.075 0.0000000000
96282  -7.576  -15.019  99.940 0.0000000000
94241  -8.541  -16.355  96.488 0.0000000000
96297  -8.761  -14.526  97.872 0.0000000000
96307  -9.319  -14.353  96.470 0.0000000000
99639  -8.834  -11.871  95.236 0.0000000000
97398  -9.477  -13.497  95.313 0.0000000000
97409  -9.637  -13.690  94.160 0.0000000000
95300  -9.201  -15.178  94.435 0.0000000000
90949  -5.505  -19.148  93.272 0.0000000000
92105  -8.280  -17.673  93.391 0.0000000000
90968  -6.408  -19.095  92.472 0.0000000000
90982  -7.332  -19.504  91.489 0.0000000000
90980  -4.929  -19.795  91.411 0.0000000000
87893  -10.043  -22.738  92.826 0.0000000000
87891  -7.995  -21.621  93.644 0.0000000000
87931  -8.703  -22.547  91.703 0.0000000000
85793  -7.391  -24.492  89.566 0.0000000000
86868  -6.428  -23.518  90.704 0.0000000000
86881  -4.902  -23.543  89.631 0.0000000000
88982  -4.433  -21.450  89.339 0.0000000000
86898  -5.029  -23.417  87.802 0.0000000000
87981  -5.424  -22.673  87.101 0.0000000000
85815  -6.493  -24.213  87.630 0.0000000000
83552  -7.905  -26.977  84.887 0.0000000000
84717  -8.240  -25.202  86.321 0.0000000000
83553  -8.422  -26.429  84.675 0.0000000000
68487  -33.828  -38.504  93.306 0.0000000000
67308  -32.988  -39.891  92.891 0.0000000000
68485  -32.902  -38.741  93.546 0.0000000000
68483  -31.655  -39.071  93.638 0.0000000000
62270  -30.063  -43.987  94.953 0.0000000000
60078  -29.970  -45.696  94.475 0.0000000000
68482  -30.772  -39.165  93.733 0.0000000000
67299  -31.016  -40.189  93.554 0.0000000000
64792  -30.735  -42.580  94.186 0.0000000000
85912  -48.929  -24.286  78.831 0.0000000000
84830  -48.913  -25.264  78.850 0.0000000000
83654  -49.562  -26.210  79.806 0.0000000000
83631  -49.714  -26.775  80.707 0.0000000000
70833  -12.237  -37.436  100.071 0.0000000000
70822  -9.440  -37.985  100.855 0.0000000000
69610  -10.471  -38.787  100.925 0.0000000000
68419  -9.940  -39.633  101.732 0.0000000000
67244  -9.351  -40.678  102.487 0.0000000000
73039  -16.733  -35.185  101.294 0.0000000000
75257  -17.819  -33.729  102.077 0.0000000000
73027  -16.392  -35.201  102.066 0.0000000000
74104  -16.105  -34.673  102.404 0.0000000000
75254  -15.369  -34.347  101.702 0.0000000000
76449  -15.110  -33.230  100.463 0.0000000000
73037  -14.399  -35.589  101.215 0.0000000000
71945  -13.596  -36.708  100.648 0.0000000000
74262  -38.523  -33.214  85.280 0.0000000000
80146  -28.488  -28.944  82.602 0.0000000000
81309  -29.239  -28.339  82.542 0.0000000000
81308  -28.155  -28.202  82.298 0.0000000000
83599  -26.608  -26.756  83.367 0.0000000000
83580  -26.105  -26.774  84.268 0.0000000000
83540  -26.268  -27.050  86.776 0.0000000000
62348  -17.302  -44.065  89.417 0.0000000000
62309  -16.215  -44.473  90.836 0.0000000000
62311  -17.867  -44.845  90.725 0.0000000000
61156  -18.038  -45.538  92.297 0.0000000000
60105  -18.923  -46.286  93.918 0.0000000000
66100  -20.070  -41.849  94.002 0.0000000000
67295  -18.940  -40.659  94.977 0.0000000000
66115  -19.620  -41.290  92.076 0.0000000000
67319  -19.119  -40.671  91.516 0.0000000000
67327  -19.143  -40.464  90.488 0.0000000000
68543  -18.123  -39.478  89.307 0.0000000000
66154  -19.359  -41.695  88.345 0.0000000000
63592  -18.135  -43.266  88.238 0.0000000000
99888  -54.983  -11.545  73.390 0.0000000000
96640  -55.626  -13.835  72.223 0.0000000000
78844  -7.698  -31.032  91.958 0.0000000000
77748  -6.595  -31.618  90.260 0.0000000000
76546  -6.062  -32.027  91.594 0.0000000000
75364  -5.211  -33.379  91.144 0.0000000000
74211  -4.679  -34.772  91.027 0.0000000000
95279  -16.263  -15.475  97.517 0.0000000000
95290  -17.442  -15.618  96.188 0.0000000000
96333  -15.395  -14.475  95.843 0.0000000000
97426  -14.365  -13.009  93.784 0.0000000000
100728  -12.827  -10.452  93.109 0.0000000000
102762  -11.952  -8.970  93.598 0.0000000000
99640  -10.833  -10.624  94.642 0.0000000000
100697  -9.078  -9.791  96.514 0.0000000000
101725  -8.379  -9.140  97.676 0.0000000000
102714  -7.691  -8.376  99.019 0.0000000000
99599  -7.813  -10.677  99.100 0.0000000000
99582  -7.879  -11.534  99.874 0.0000000000
98463  -7.859  -12.656  101.670 0.0000000000
81137  -6.575  -28.518  99.191 0.0000000000
82250  -8.206  -27.974  99.896 0.0000000000
82267  -7.444  -28.157  97.670 0.0000000000
82273  -8.222  -27.993  96.959 0.0000000000
82284  -9.307  -27.565  95.573 0.0000000000
82290  -10.160  -27.318  94.789 0.0000000000
81181  -9.008  -28.278  94.605 0.0000000000
80025  -8.524  -29.568  93.315 0.0000000000
75389  -33.392  -33.712  88.911 0.0000000000
75379  -32.611  -33.814  89.531 0.0000000000
75371  -33.951  -32.642  90.927 0.0000000000
76553  -34.427  -32.458  92.170 0.0000000000
76509  -32.108  -33.063  94.960 0.0000000000
76536  -32.608  -31.904  93.912 0.0000000000
76535  -31.794  -32.227  93.704 0.0000000000
77730  -31.330  -31.824  91.965 0.0000000000
76562  -30.347  -31.866  90.617 0.0000000000
77765  -29.851  -31.705  88.950 0.0000000000
76572  -29.280  -32.247  89.416 0.0000000000
76583  -28.486  -32.478  88.604 0.0000000000
76594  -27.401  -32.958  87.877 0.0000000000
62286  -26.101  -44.432  93.621 0.0000000000
61143  -25.215  -46.144  93.219 0.0000000000
60113  -26.288  -45.893  93.993 0.0000000000
59043  -26.179  -46.955  94.276 0.0000000000
75405  -26.321  -33.451  86.540 0.0000000000
75397  -26.949  -33.409  88.148 0.0000000000
74220  -26.923  -35.001  89.692 0.0000000000
73138  -27.056  -35.618  90.443 0.0000000000
68448  -27.110  -39.325  97.419 0.0000000000
70856  -26.574  -37.909  96.800 0.0000000000
69633  -26.202  -38.814  97.607 0.0000000000
68438  -25.156  -39.701  97.962 0.0000000000
67267  -23.914  -40.378  98.424 0.0000000000
66046  -22.623  -40.902  98.314 0.0000000000
64760  -24.370  -41.421  97.401 0.0000000000
64788  -25.446  -42.904  95.013 0.0000000000
93374  -50.554  -17.527  77.953 0.0000000000
93340  -51.728  -16.839  79.154 0.0000000000
93338  -50.298  -17.239  79.735 0.0000000000
93303  -50.020  -16.828  81.054 0.0000000000
94392  -48.752  -16.684  81.252 0.0000000000
89102  -45.748  -21.602  80.476 0.0000000000
91129  -45.872  -19.770  80.015 0.0000000000
91128  -45.242  -20.377  79.475 0.0000000000
93404  -49.950  -17.586  76.195 0.0000000000
75282  -5.684  -33.307  96.797 0.0000000000
75273  -4.578  -34.262  97.058 0.0000000000
74127  -5.002  -34.385  97.421 0.0000000000
71969  -4.424  -35.859  97.954 0.0000000000
70841  -5.358  -36.803  98.324 0.0000000000
67255  -7.119  -40.390  100.506 0.0000000000
67259  -8.101  -40.138  98.982 0.0000000000
66051  -7.396  -41.813  97.559 0.0000000000
64780  -7.393  -42.555  95.666 0.0000000000
83421  -21.622  -26.079  95.627 0.0000000000
84577  -22.201  -25.100  94.883 0.0000000000
83422  -22.038  -26.038  95.970 0.0000000000
84553  -22.697  -25.352  96.254 0.0000000000
85707  -22.685  -24.926  96.599 0.0000000000
84513  -18.917  -26.259  101.572 0.0000000000
84530  -19.463  -25.663  100.009 0.0000000000
84537  -18.193  -25.251  98.708 0.0000000000
85701  -16.913  -24.644  96.645 0.0000000000
87876  -15.746  -22.589  94.260 0.0000000000
90952  -15.383  -20.169  93.582 0.0000000000
87875  -14.750  -22.714  94.636 0.0000000000
88902  -13.090  -22.029  95.634 0.0000000000
88891  -11.423  -21.168  97.296 0.0000000000
89900  -10.698  -20.480  98.592 0.0000000000
87843  -12.246  -22.665  98.836 0.0000000000
86749  -12.205  -23.859  100.632 0.0000000000
85662  -12.394  -24.732  101.394 0.0000000000
77680  -13.050  -31.094  95.918 0.0000000000
80000  -12.544  -29.511  96.871 0.0000000000
78817  -11.393  -30.740  95.908 0.0000000000
78806  -10.281  -30.579  96.508 0.0000000000
78792  -9.317  -30.225  97.705 0.0000000000
78781  -8.466  -30.042  98.579 0.0000000000
77678  -8.435  -31.505  96.498 0.0000000000
76482  -6.921  -32.336  96.482 0.0000000000
76711  -44.945  -33.093  80.306 0.0000000000
74350  -45.317  -34.221  81.743 0.0000000000
75470  -45.543  -33.504  83.479 0.0000000000
76599  -42.827  -31.658  88.084 0.0000000000
76600  -43.560  -31.878  88.108 0.0000000000
77788  -43.305  -30.805  89.034 0.0000000000
78878  -43.226  -29.960  89.770 0.0000000000
81205  -42.984  -28.494  90.621 0.0000000000
82318  -42.736  -27.092  90.523 0.0000000000
82307  -41.865  -27.381  90.671 0.0000000000
83461  -41.272  -26.446  91.080 0.0000000000
77800  -36.221  -31.471  87.707 0.0000000000
78911  -36.548  -31.090  87.321 0.0000000000
78929  -36.452  -30.616  86.927 0.0000000000
80093  -36.654  -30.272  85.851 0.0000000000
81265  -36.430  -29.174  84.209 0.0000000000
68450  -13.410  -39.286  96.381 0.0000000000
66066  -13.071  -40.753  96.861 0.0000000000
66078  -13.202  -41.021  95.637 0.0000000000
63503  -12.225  -43.174  94.714 0.0000000000
62284  -11.432  -44.405  94.285 0.0000000000
59011  -14.157  -48.293  95.335 0.0000000000
57973  -12.891  -48.315  94.763 0.0000000000
57935  -13.389  -48.933  95.999 0.0000000000
56842  -12.493  -50.243  96.901 0.0000000000
55695  -12.069  -50.846  97.531 0.0000000000
55714  -21.160  -49.422  95.757 0.0000000000
57926  -20.960  -48.772  95.864 0.0000000000
53330  -19.819  -50.323  95.611 0.0000000000
53347  -18.383  -50.559  94.642 0.0000000000
90018  -18.483  -21.242  85.043 0.0000000000
73198  -23.188  -35.474  84.606 0.0000000000
74306  -22.679  -34.477  83.312 0.0000000000
73197  -22.346  -35.986  84.550 0.0000000000
73196  -21.157  -35.879  84.405 0.0000000000
73210  -19.914  -35.315  84.286 0.0000000000
72041  -19.968  -36.320  91.512 0.0000000000
74227  -19.751  -34.633  88.357 0.0000000000
75385  -20.016  -33.675  89.221 0.0000000000
77780  -19.438  -31.671  88.535 0.0000000000
77779  -18.842  -31.033  88.109 0.0000000000
81223  -17.794  -28.742  87.831 0.0000000000
80047  -18.232  -29.552  89.115 0.0000000000
80040  -18.222  -29.608  90.019 0.0000000000
81195  -17.922  -28.857  91.525 0.0000000000
81191  -18.069  -28.571  92.609 0.0000000000
78840  -19.864  -30.807  92.373 0.0000000000
77718  -21.583  -31.514  93.294 0.0000000000
75334  -22.687  -32.767  94.236 0.0000000000
72037  -14.313  -36.533  90.738 0.0000000000
74202  -15.402  -34.393  91.762 0.0000000000
73111  -13.879  -35.800  92.104 0.0000000000
73100  -13.951  -35.163  93.328 0.0000000000
74164  -14.355  -34.538  94.639 0.0000000000
74146  -14.902  -34.597  96.144 0.0000000000
71990  -13.801  -36.554  95.449 0.0000000000
69647  -13.494  -38.470  95.733 0.0000000000
78982  -48.145  -30.576  83.287 0.0000000000
80152  -48.176  -30.141  82.617 0.0000000000
80132  -47.143  -29.940  83.213 0.0000000000
80130  -45.519  -29.576  83.170 0.0000000000
82381  -7.171  -27.674  84.563 0.0000000000
81253  -5.468  -28.293  84.153 0.0000000000
80121  -4.579  -29.448  83.369 0.0000000000
77838  -4.854  -31.222  83.652 0.0000000000
73175  -4.468  -35.443  86.497 0.0000000000
61100  -9.572  -44.994  98.953 0.0000000000
62244  -9.765  -44.497  99.842 0.0000000000
94246  -26.711  -17.014  95.971 0.0000000000
95295  -27.587  -15.200  94.955 0.0000000000
94238  -27.864  -16.051  96.811 0.0000000000
96316  -27.755  -14.561  97.962 0.0000000000
97385  -25.613  -13.489  98.237 0.0000000000
100690  -19.180  -10.037  98.372 0.0000000000
100683  -20.610  -10.623  99.376 0.0000000000
100686  -5.311  -10.438  97.725 0.0000000000
90883  -10.828  -19.574  104.716 0.0000000000
93067  -10.804  -18.177  105.229 0.0000000000
90878  -10.014  -20.053  105.365 0.0000000000
90882  -9.013  -19.712  105.216 0.0000000000
90880  -7.555  -19.912  104.489 0.0000000000
87826  -7.034  -22.345  100.549 0.0000000000
87824  -5.674  -22.020  101.059 0.0000000000
88875  -5.466  -21.506  99.393 0.0000000000
90902  -5.606  -20.080  99.365 0.0000000000
91991  -7.199  -18.270  99.676 0.0000000000
93108  -8.102  -17.006  99.106 0.0000000000
93121  -7.755  -17.571  98.541 0.0000000000
92039  -7.387  -17.788  97.196 0.0000000000
93154  -7.611  -17.243  95.939 0.0000000000
93166  -7.675  -17.046  94.868 0.0000000000
93165  -7.144  -17.657  95.520 0.0000000000
90929  -5.327  -19.401  94.457 0.0000000000
89915  -4.652  -20.172  93.276 0.0000000000
84636  -10.947  -25.372  90.629 0.0000000000
86871  -9.519  -23.716  90.504 0.0000000000
84658  -9.950  -25.367  89.347 0.0000000000
84678  -9.136  -25.687  88.715 0.0000000000
84677  -8.230  -25.495  88.391 0.0000000000
84697  -7.556  -25.003  87.792 0.0000000000
83518  -8.745  -26.417  86.811 0.0000000000
82366  -8.410  -27.702  85.506 0.0000000000
91047  -7.405  -19.885  84.882 0.0000000000
72046  -33.461  -36.749  91.959 0.0000000000
73119  -33.643  -35.554  93.057 0.0000000000
73120  -34.082  -36.067  93.286 0.0000000000
74185  -34.546  -35.619  93.999 0.0000000000
74160  -34.402  -34.692  95.243 0.0000000000
70885  -34.120  -37.190  94.367 0.0000000000
71999  -33.950  -36.148  95.551 0.0000000000
74151  -33.236  -34.583  95.877 0.0000000000
74158  -31.878  -34.348  95.517 0.0000000000
74171  -30.651  -34.375  95.029 0.0000000000
74182  -29.723  -34.441  94.052 0.0000000000
62260  -27.801  -44.148  96.029 0.0000000000
61105  -27.939  -45.624  95.676 0.0000000000
61107  -28.413  -45.348  95.673 0.0000000000
59006  -28.781  -47.081  95.418 0.0000000000
74195  -28.801  -34.731  93.120 0.0000000000
73095  -29.206  -35.549  95.055 0.0000000000
71980  -28.908  -36.573  96.067 0.0000000000
70858  -27.982  -37.533  96.614 0.0000000000
68481  -29.731  -39.212  94.095 0.0000000000
68469  -28.310  -39.363  95.525 0.0000000000
68457  -27.900  -39.301  96.269 0.0000000000
66074  -27.544  -41.314  96.094 0.0000000000
64775  -27.286  -42.320  96.303 0.0000000000
91144  -47.558  -20.221  78.603 0.0000000000
91116  -48.027  -19.837  80.294 0.0000000000
90079  -47.842  -20.860  80.022 0.0000000000
89082  -48.202  -21.633  80.885 0.0000000000
89081  -47.959  -21.570  81.344 0.0000000000
87001  -49.244  -23.884  80.195 0.0000000000
88066  -48.086  -22.538  81.327 0.0000000000
88071  -46.972  -22.259  81.363 0.0000000000
88070  -46.291  -22.400  80.864 0.0000000000
86999  -45.340  -23.493  79.931 0.0000000000
86997  -43.784  -23.775  79.070 0.0000000000
73064  -8.520  -35.165  98.001 0.0000000000
73053  -7.427  -35.373  98.632 0.0000000000
73043  -7.945  -35.892  99.707 0.0000000000
71941  -6.988  -36.802  101.068 0.0000000000
69596  -6.080  -38.221  101.784 0.0000000000
70812  -8.277  -38.083  101.741 0.0000000000
70804  -6.868  -38.427  102.509 0.0000000000
68418  -6.438  -39.552  101.724 0.0000000000
66033  -6.780  -41.129  100.530 0.0000000000
66036  -6.612  -41.902  99.908 0.0000000000
64756  -5.737  -43.325  97.871 0.0000000000
77641  -22.521  -31.509  100.509 0.0000000000
79962  -24.325  -29.838  100.719 0.0000000000
78758  -22.710  -31.072  102.035 0.0000000000
79927  -22.291  -29.900  102.814 0.0000000000
81111  -20.438  -28.428  102.749 0.0000000000
76437  -18.709  -32.373  103.352 0.0000000000
79924  -19.306  -29.778  103.217 0.0000000000
82234  -19.240  -27.762  102.581 0.0000000000
82244  -18.633  -27.400  102.028 0.0000000000
82242  -17.109  -26.971  101.095 0.0000000000
83392  -15.929  -26.496  100.851 0.0000000000
83391  -14.838  -26.425  100.671 0.0000000000
81142  -16.385  -28.177  99.575 0.0000000000
79982  -15.736  -29.522  98.345 0.0000000000
78795  -14.690  -30.458  97.277 0.0000000000
76454  -14.745  -32.960  99.517 0.0000000000
76472  -14.268  -32.548  97.859 0.0000000000
77663  -14.044  -32.052  96.968 0.0000000000
75288  -12.210  -33.887  96.888 0.0000000000
74144  -11.128  -34.333  96.980 0.0000000000
75466  -41.132  -32.351  83.480 0.0000000000
75423  -41.454  -32.517  84.954 0.0000000000
74299  -39.917  -32.622  84.515 0.0000000000
74281  -40.447  -32.577  84.789 0.0000000000
75411  -42.232  -32.492  86.057 0.0000000000
76598  -42.510  -31.697  87.457 0.0000000000
78912  -42.434  -30.783  87.732 0.0000000000
81233  -41.794  -29.087  86.665 0.0000000000
80089  -32.522  -29.725  85.509 0.0000000000
80090  -33.547  -29.733  85.597 0.0000000000
81261  -32.575  -28.970  83.826 0.0000000000
81286  -32.093  -28.149  83.190 0.0000000000
83605  -31.892  -26.709  82.819 0.0000000000
82429  -29.789  -27.400  82.529 0.0000000000
84770  -30.380  -25.663  83.686 0.0000000000
84771  -31.328  -25.659  83.803 0.0000000000
66113  -13.938  -41.389  91.882 0.0000000000
64823  -13.565  -42.250  92.479 0.0000000000
63535  -13.914  -42.953  91.314 0.0000000000
62297  -14.042  -44.598  91.729 0.0000000000
60117  -14.407  -45.884  92.604 0.0000000000
61154  -16.008  -45.337  92.234 0.0000000000
61138  -15.456  -45.917  92.841 0.0000000000
60101  -14.652  -46.603  93.406 0.0000000000
59012  -14.640  -48.222  95.616 0.0000000000
57919  -15.043  -48.924  96.618 0.0000000000
55699  -15.452  -49.778  96.821 0.0000000000
85863  -19.677  -24.608  82.168 0.0000000000
68527  -22.525  -39.279  91.120 0.0000000000
69746  -22.398  -38.818  89.501 0.0000000000
68526  -21.878  -39.105  91.080 0.0000000000
69710  -21.021  -38.696  91.481 0.0000000000
69695  -20.338  -38.374  92.483 0.0000000000
68462  -18.570  -39.330  95.208 0.0000000000
69665  -19.216  -38.207  94.546 0.0000000000
70906  -19.833  -37.591  92.486 0.0000000000
72027  -19.768  -36.219  92.568 0.0000000000
73114  -19.931  -35.728  92.822 0.0000000000
73104  -20.236  -35.010  93.466 0.0000000000
73094  -20.184  -34.736  93.823 0.0000000000
73102  -18.403  -35.589  93.727 0.0000000000
73113  -17.553  -35.584  92.431 0.0000000000
72052  -16.515  -36.579  90.096 0.0000000000
68562  -17.386  -39.350  88.365 0.0000000000
70957  -16.240  -38.049  88.691 0.0000000000
72061  -15.039  -37.079  89.489 0.0000000000
69739  -14.194  -38.986  89.682 0.0000000000
68521  -13.951  -39.573  90.790 0.0000000000
84747  -44.383  -25.119  86.441 0.0000000000
78901  -8.727  -30.728  87.841 0.0000000000
78920  -6.826  -30.468  86.738 0.0000000000
78899  -7.021  -30.969  87.810 0.0000000000
77791  -4.260  -31.090  87.600 0.0000000000
76591  -3.547  -32.533  87.563 0.0000000000
76567  -5.335  -32.136  89.902 0.0000000000
75382  -3.745  -33.500  88.271 0.0000000000
74247  -3.728  -34.429  86.940 0.0000000000
55691  -7.494  -50.613  97.133 0.0000000000
91999  -22.166  -18.667  99.998 0.0000000000
93093  -23.592  -17.590  100.951 0.0000000000
94190  -22.287  -16.956  100.560 0.0000000000
95262  -22.104  -15.550  98.218 0.0000000000
97394  -21.016  -13.680  97.022 0.0000000000
96349  -18.569  -14.533  95.006 0.0000000000
97403  -19.205  -13.404  95.282 0.0000000000
99634  -19.276  -11.785  96.405 0.0000000000
101733  -17.905  -9.600  96.497 0.0000000000
103760  -12.334  -7.112  94.918 0.0000000000
102699  -6.912  -8.387  100.995 0.0000000000
103709  -6.730  -7.707  101.904 0.0000000000
102688  -5.423  -8.549  102.467 0.0000000000
101697  -5.109  -9.623  102.587 0.0000000000
99575  -4.612  -11.529  102.281 0.0000000000
83359  -9.346  -26.340  105.209 0.0000000000
85650  -8.400  -24.425  105.069 0.0000000000
84497  -9.043  -25.667  104.443 0.0000000000
85657  -8.763  -24.383  103.316 0.0000000000
86739  -8.587  -23.758  102.499 0.0000000000
83388  -9.631  -26.707  100.444 0.0000000000
85665  -9.732  -24.504  100.754 0.0000000000
86747  -9.022  -23.395  100.737 0.0000000000
86756  -8.697  -22.812  99.341 0.0000000000
87846  -8.388  -22.306  97.576 0.0000000000
88889  -7.556  -21.748  96.555 0.0000000000
88898  -7.078  -21.506  95.517 0.0000000000
87860  -9.142  -22.048  95.589 0.0000000000
86801  -10.676  -23.142  94.339 0.0000000000
86822  -11.083  -23.820  92.878 0.0000000000
83436  -11.088  -26.437  93.834 0.0000000000
83443  -11.375  -26.345  92.769 0.0000000000
84637  -11.352  -26.097  91.189 0.0000000000
82321  -11.450  -27.703  90.203 0.0000000000
80046  -10.397  -29.908  88.717 0.0000000000
92138  -10.687  -18.219  89.567 0.0000000000
91005  -9.357  -19.537  89.348 0.0000000000
74246  -35.418  -33.331  86.945 0.0000000000
75392  -35.756  -32.248  88.044 0.0000000000
75390  -34.450  -33.047  88.675 0.0000000000
76586  -35.126  -32.255  89.130 0.0000000000
76587  -35.565  -31.947  88.675 0.0000000000
78892  -35.483  -31.060  88.707 0.0000000000
78909  -34.988  -30.504  87.958 0.0000000000
78908  -34.037  -30.302  88.100 0.0000000000
75349  -33.746  -33.410  92.866 0.0000000000
75350  -33.998  -33.043  93.078 0.0000000000
78843  -34.772  -31.497  92.074 0.0000000000
77722  -33.209  -31.534  93.474 0.0000000000
77733  -33.950  -31.199  92.704 0.0000000000
78852  -34.308  -30.859  91.666 0.0000000000
78874  -33.882  -30.418  89.867 0.0000000000
78889  -33.514  -30.316  88.905 0.0000000000
80055  -32.638  -30.156  87.112 0.0000000000
80071  -32.018  -29.972  86.438 0.0000000000
80070  -31.124  -30.127  86.055 0.0000000000
78943  -30.118  -30.278  85.525 0.0000000000
77798  -29.548  -31.392  87.345 0.0000000000
78942  -29.265  -30.825  85.730 0.0000000000
80105  -29.133  -30.063  84.086 0.0000000000
78966  -27.647  -30.747  83.378 0.0000000000
78965  -27.044  -30.924  82.942 0.0000000000
78979  -25.288  -30.391  82.030 0.0000000000
62333  -22.713  -44.626  90.727 0.0000000000
61176  -20.997  -45.846  91.551 0.0000000000
61177  -22.012  -45.792  91.530 0.0000000000
60121  -22.913  -46.586  92.858 0.0000000000
59039  -22.511  -47.630  94.156 0.0000000000
60111  -24.531  -47.089  93.503 0.0000000000
59040  -23.435  -47.968  93.979 0.0000000000
57961  -22.380  -48.282  94.806 0.0000000000
55715  -21.887  -49.364  95.529 0.0000000000
78978  -24.295  -30.394  81.865 0.0000000000
76668  -25.418  -32.007  82.587 0.0000000000
76650  -24.997  -32.888  83.017 0.0000000000
74289  -24.202  -34.113  84.309 0.0000000000
75404  -25.648  -33.897  86.048 0.0000000000
74271  -25.109  -34.236  85.531 0.0000000000
74270  -24.309  -34.871  85.257 0.0000000000
73165  -23.962  -36.177  86.008 0.0000000000
70974  -24.163  -37.376  87.694 0.0000000000
69771  -23.779  -38.553  89.160 0.0000000000
73116  -28.178  -35.458  92.752 0.0000000000
72043  -27.294  -36.217  91.883 0.0000000000
70922  -26.544  -37.230  91.732 0.0000000000
69669  -26.462  -37.667  94.866 0.0000000000
70907  -26.256  -37.973  93.391 0.0000000000
70935  -25.800  -37.768  91.104 0.0000000000
69730  -24.997  -38.537  90.948 0.0000000000
69729  -24.253  -38.884  90.814 0.0000000000
69711  -23.713  -39.214  91.443 0.0000000000
68506  -22.908  -39.469  92.832 0.0000000000
68465  -21.402  -39.727  95.594 0.0000000000
67280  -20.374  -40.531  96.645 0.0000000000
66070  -22.010  -41.306  97.474 0.0000000000
64784  -21.365  -41.763  96.356 0.0000000000
66089  -20.763  -42.086  94.485 0.0000000000
64824  -21.884  -42.172  93.033 0.0000000000
64846  -22.987  -43.441  90.678 0.0000000000
94492  -53.699  -16.357  74.938 0.0000000000
96597  -52.285  -14.571  74.464 0.0000000000
95549  -51.690  -15.023  76.208 0.0000000000
97645  -51.022  -13.726  77.491 0.0000000000
97644  -50.501  -13.258  77.872 0.0000000000
96547  -51.209  -14.838  79.585 0.0000000000
97636  -50.645  -13.856  78.867 0.0000000000
97654  -49.834  -12.818  77.546 0.0000000000
97668  -48.788  -13.374  76.285 0.0000000000
92228  -48.562  -18.354  81.225 0.0000000000
93300  -48.089  -17.332  81.293 0.0000000000
94410  -48.060  -16.845  80.771 0.0000000000
92262  -46.403  -18.586  79.876 0.0000000000
93335  -46.836  -17.568  79.356 0.0000000000
94445  -47.382  -16.455  78.517 0.0000000000
91206  -53.189  -18.646  73.657 0.0000000000
77706  -4.970  -31.526  94.900 0.0000000000
76514  -5.186  -32.358  94.240 0.0000000000
76513  -4.775  -32.463  95.049 0.0000000000
74174  -4.826  -34.627  94.522 0.0000000000
72001  -4.788  -36.039  94.622 0.0000000000
73071  -4.353  -35.091  96.683 0.0000000000
71987  -4.923  -35.903  95.788 0.0000000000
70888  -6.020  -36.886  93.965 0.0000000000
70890  -8.111  -37.724  93.304 0.0000000000
73041  -5.572  -35.795  99.416 0.0000000000
70837  -5.407  -36.937  99.229 0.0000000000
70839  -6.532  -37.729  98.200 0.0000000000
68433  -8.175  -39.322  98.125 0.0000000000
68440  -8.563  -39.278  96.943 0.0000000000
69637  -8.225  -38.245  96.478 0.0000000000
89965  -21.204  -20.115  90.598 0.0000000000
92133  -22.304  -18.431  90.953 0.0000000000
90985  -22.305  -19.721  91.406 0.0000000000
90987  -23.781  -19.730  92.316 0.0000000000
92106  -25.271  -19.105  93.578 0.0000000000
86826  -24.224  -22.757  93.212 0.0000000000
88949  -25.221  -21.020  93.363 0.0000000000
92095  -25.992  -19.203  94.641 0.0000000000
90924  -26.192  -19.306  95.871 0.0000000000
92052  -25.288  -19.053  97.005 0.0000000000
92050  -23.663  -18.596  97.310 0.0000000000
83398  -23.242  -27.369  100.079 0.0000000000
84549  -22.468  -25.837  98.073 0.0000000000
86776  -21.477  -24.183  96.229 0.0000000000
85704  -19.855  -24.406  96.944 0.0000000000
86775  -20.423  -24.054  96.221 0.0000000000
87882  -21.961  -22.453  94.668 0.0000000000
89938  -21.615  -20.305  93.883 0.0000000000
92092  -21.995  -18.829  95.344 0.0000000000
92031  -22.124  -18.724  98.221 0.0000000000
92013  -20.573  -18.675  99.129 0.0000000000
92011  -18.454  -18.595  99.019 0.0000000000
91994  -17.300  -18.133  99.576 0.0000000000
92086  -15.920  -18.787  94.776 0.0000000000
93146  -15.528  -17.917  97.261 0.0000000000
94217  -15.964  -16.686  98.988 0.0000000000
96300  -14.725  -15.434  98.542 0.0000000000
96293  -13.768  -15.050  99.149 0.0000000000
97355  -12.731  -13.776  99.924 0.0000000000
97344  -12.466  -13.939  101.237 0.0000000000
95241  -12.344  -15.209  100.876 0.0000000000
94182  -11.424  -16.467  101.785 0.0000000000
93084  -10.887  -18.081  102.347 0.0000000000
89896  -10.464  -20.371  99.686 0.0000000000
89892  -10.341  -20.132  101.774 0.0000000000
89888  -10.615  -20.404  103.679 0.0000000000
88870  -10.596  -21.344  104.143 0.0000000000
86732  -10.502  -23.423  105.255 0.0000000000
84490  -10.333  -25.509  105.864 0.0000000000
83390  -14.300  -26.898  100.611 0.0000000000
83371  -13.272  -26.900  101.506 0.0000000000
82232  -12.622  -27.436  102.258 0.0000000000
81138  -12.275  -28.575  99.967 0.0000000000
81129  -11.993  -28.744  101.072 0.0000000000
82229  -12.098  -27.328  103.292 0.0000000000
82228  -11.666  -27.277  104.122 0.0000000000
81099  -11.122  -28.008  105.257 0.0000000000
81091  -9.949  -27.672  106.025 0.0000000000
79916  -9.369  -28.742  104.306 0.0000000000
81106  -8.187  -28.780  102.540 0.0000000000
79953  -6.585  -29.174  100.177 0.0000000000
79977  -7.146  -29.718  98.937 0.0000000000
79976  -6.457  -29.537  98.943 0.0000000000
81136  -6.030  -28.944  99.578 0.0000000000
81156  -5.562  -29.085  97.937 0.0000000000
80006  -5.283  -29.910  96.262 0.0000000000
80191  -46.931  -28.861  78.390 0.0000000000
79017  -46.771  -29.930  78.903 0.0000000000
78999  -48.162  -31.083  80.108 0.0000000000
77872  -49.015  -31.539  81.542 0.0000000000
75532  -46.250  -33.179  81.241 0.0000000000
76696  -47.761  -32.631  82.050 0.0000000000
77847  -48.768  -31.307  82.993 0.0000000000
78961  -47.647  -30.754  84.289 0.0000000000
81250  -46.908  -29.659  85.134 0.0000000000
82378  -45.749  -27.934  85.654 0.0000000000
75493  -44.101  -33.643  82.741 0.0000000000
75447  -44.846  -32.942  84.468 0.0000000000
75426  -45.102  -32.385  85.484 0.0000000000
76601  -44.248  -31.709  87.810 0.0000000000
76602  -44.702  -31.534  87.080 0.0000000000
76618  -45.878  -31.558  85.738 0.0000000000
78934  -45.552  -30.603  86.298 0.0000000000
81227  -45.075  -28.775  86.807 0.0000000000
83533  -45.147  -26.695  86.452 0.0000000000
85822  -44.203  -24.955  87.260 0.0000000000
86896  -43.403  -23.538  88.174 0.0000000000
87968  -42.213  -22.440  89.441 0.0000000000
85790  -42.161  -24.314  90.354 0.0000000000
86878  -41.844  -23.434  90.535 0.0000000000
73172  -36.011  -33.615  85.477 0.0000000000
74261  -37.559  -33.400  85.481 0.0000000000
75408  -38.248  -32.823  85.708 0.0000000000
77812  -37.547  -31.686  86.431 0.0000000000
77813  -38.594  -31.695  85.856 0.0000000000
77825  -39.598  -31.473  85.645 0.0000000000
78948  -40.655  -30.954  85.697 0.0000000000
81247  -41.134  -28.920  85.642 0.0000000000
82361  -41.074  -27.811  86.560 0.0000000000
81263  -34.590  -29.142  84.037 0.0000000000
81289  -35.124  -28.494  83.751 0.0000000000
82413  -36.550  -28.095  83.859 0.0000000000
83565  -34.575  -26.302  84.806 0.0000000000
83566  -35.951  -26.579  84.867 0.0000000000
83568  -37.942  -27.042  84.777 0.0000000000
83547  -38.884  -26.804  85.475 0.0000000000
83530  -39.818  -26.763  86.547 0.0000000000
83516  -40.547  -26.898  87.666 0.0000000000
83483  -39.808  -26.109  90.014 0.0000000000
68424  -14.288  -39.286  101.105 0.0000000000
67252  -13.180  -40.205  101.114 0.0000000000
66039  -13.178  -40.805  99.953 0.0000000000
64755  -12.440  -42.101  99.102 0.0000000000
63470  -11.490  -43.418  98.778 0.0000000000
64759  -12.419  -42.281  97.848 0.0000000000
63474  -11.581  -43.577  97.725 0.0000000000
62250  -10.536  -44.662  98.254 0.0000000000
61111  -9.521  -45.792  97.578 0.0000000000
60054  -8.621  -46.922  97.314 0.0000000000
57917  -8.135  -48.024  96.843 0.0000000000
62295  -12.588  -43.999  92.841 0.0000000000
61134  -11.471  -44.934  93.635 0.0000000000
60083  -11.233  -45.830  93.748 0.0000000000
57972  -11.897  -48.236  94.292 0.0000000000
57971  -10.801  -47.970  94.296 0.0000000000
60081  -10.006  -46.688  94.746 0.0000000000
57954  -8.942  -48.520  95.556 0.0000000000
56860  -8.453  -49.569  96.209 0.0000000000
56839  -7.721  -49.706  96.708 0.0000000000
54537  -8.107  -51.297  97.221 0.0000000000
61158  -20.244  -46.201  92.595 0.0000000000
60106  -19.899  -46.462  93.695 0.0000000000
60072  -18.913  -47.155  95.209 0.0000000000
57942  -20.015  -48.391  95.992 0.0000000000
59000  -19.049  -47.982  96.096 0.0000000000
58999  -18.101  -47.857  96.341 0.0000000000
57912  -17.134  -48.882  96.501 0.0000000000
54545  -15.947  -50.112  96.699 0.0000000000
53325  -14.983  -51.014  96.430 0.0000000000
93247  -22.542  -17.310  85.790 0.0000000000
92153  -20.820  -18.115  87.357 0.0000000000
91007  -20.310  -19.373  88.871 0.0000000000
78977  -23.696  -30.447  81.740 0.0000000000
80161  -22.562  -29.805  81.576 0.0000000000
80160  -21.838  -29.644  81.263 0.0000000000
75500  -21.805  -32.867  81.657 0.0000000000
77867  -20.969  -31.419  81.187 0.0000000000
80159  -20.923  -29.487  81.011 0.0000000000
81319  -19.910  -28.375  81.487 0.0000000000
82423  -19.238  -27.705  82.210 0.0000000000
83596  -19.134  -26.748  82.607 0.0000000000
69783  -21.046  -37.888  87.620 0.0000000000
72086  -19.834  -36.071  85.868 0.0000000000
75418  -18.999  -33.764  85.103 0.0000000000
74237  -19.492  -34.448  87.641 0.0000000000
76622  -18.828  -32.798  85.552 0.0000000000
76648  -18.640  -32.154  84.189 0.0000000000
78964  -18.454  -30.523  84.132 0.0000000000
82403  -18.338  -27.508  83.831 0.0000000000
84766  -18.244  -25.649  83.828 0.0000000000
85843  -17.987  -24.748  84.370 0.0000000000
88013  -17.706  -23.578  85.341 0.0000000000
87998  -17.769  -22.663  86.331 0.0000000000
83506  -17.419  -26.580  87.962 0.0000000000
85817  -17.442  -24.685  87.973 0.0000000000
87983  -17.908  -22.442  87.475 0.0000000000
88996  -18.399  -21.670  88.108 0.0000000000
88984  -19.202  -21.167  89.027 0.0000000000
88968  -19.924  -20.880  90.205 0.0000000000
87934  -19.673  -22.740  91.432 0.0000000000
86839  -20.101  -24.186  92.808 0.0000000000
85740  -20.216  -25.194  93.666 0.0000000000
81187  -18.539  -28.424  93.753 0.0000000000
82292  -19.428  -27.378  94.833 0.0000000000
83419  -20.311  -26.410  95.061 0.0000000000
80003  -21.264  -28.982  96.671 0.0000000000
78797  -23.159  -30.511  97.403 0.0000000000
76470  -24.012  -31.725  98.349 0.0000000000
74168  -21.013  -34.033  94.270 0.0000000000
75319  -20.958  -33.676  94.730 0.0000000000
75305  -21.700  -33.283  95.495 0.0000000000
76530  -17.393  -32.519  93.555 0.0000000000
77709  -18.914  -32.060  94.792 0.0000000000
76493  -21.481  -32.870  96.225 0.0000000000
76475  -22.460  -32.762  96.944 0.0000000000
77659  -22.095  -32.055  98.532 0.0000000000
77650  -22.851  -31.871  99.502 0.0000000000
77648  -20.724  -31.400  99.993 0.0000000000
77646  -18.925  -32.054  99.930 0.0000000000
75271  -16.896  -33.801  99.428 0.0000000000
73070  -15.304  -35.002  97.582 0.0000000000
73060  -15.729  -35.135  98.566 0.0000000000
73049  -16.370  -35.269  99.803 0.0000000000
71959  -15.639  -36.766  100.043 0.0000000000
69619  -15.055  -37.933  100.474 0.0000000000
81352  -49.305  -28.389  79.481 0.0000000000
82460  -49.993  -27.843  80.568 0.0000000000
82448  -49.824  -27.438  81.049 0.0000000000
80168  -47.926  -29.462  81.657 0.0000000000
81342  -47.870  -28.170  81.102 0.0000000000
83629  -47.172  -26.338  80.714 0.0000000000
83628  -46.111  -26.482  80.394 0.0000000000
84819  -44.727  -25.148  79.580 0.0000000000
80062  -3.841  -30.035  85.738 0.0000000000
77830  -3.791  -31.363  84.769 0.0000000000
74187  -5.204  -33.905  93.145 0.0000000000
73121  -4.514  -35.638  91.727 0.0000000000
66027  -11.444  -41.274  101.495 0.0000000000
64737  -10.397  -41.785  101.746 0.0000000000
64735  -9.136  -42.063  102.350 0.0000000000
62236  -9.089  -44.109  100.495 0.0000000000
63454  -8.456  -43.070  101.418 0.0000000000
64733  -7.701  -42.359  102.371 0.0000000000
64749  -5.997  -43.089  100.107 0.0000000000
64753  -5.759  -43.166  99.111 0.0000000000
63478  -5.046  -44.345  96.521 0.0000000000
94298  -23.892  -16.294  90.666 0.0000000000
96400  -26.693  -13.926  90.097 0.0000000000
97448  -27.406  -13.690  93.199 0.0000000000
95244  -25.265  -15.631  100.609 0.0000000000
97347  -25.519  -13.434  100.385 0.0000000000
98494  -24.863  -12.242  98.719 0.0000000000
100665  -21.934  -10.461  99.798 0.0000000000
100675  -23.755  -10.779  99.313 0.0000000000
97335  -10.782  -13.639  101.823 0.0000000000
97334  -9.465  -13.530  101.720 0.0000000000
97326  -8.163  -13.587  102.702 0.0000000000
94169  -9.411  -16.612  103.851 0.0000000000
96267  -7.942  -14.720  103.747 0.0000000000
97321  -7.067  -13.577  103.439 0.0000000000
98453  -5.579  -12.756  103.383 0.0000000000
98452  -5.231  -12.618  103.057 0.0000000000
98460  -4.575  -12.281  101.805 0.0000000000
86730  -8.091  -23.542  104.939 0.0000000000
89880  -7.116  -20.694  104.358 0.0000000000
91962  -6.312  -18.953  103.731 0.0000000000
89889  -5.476  -20.632  101.748 0.0000000000
90889  -5.900  -19.699  103.138 0.0000000000
93082  -5.757  -17.464  103.085 0.0000000000
95224  -5.505  -15.698  103.251 0.0000000000
96271  -5.482  -14.407  102.159 0.0000000000
98465  -4.891  -12.396  100.866 0.0000000000
98474  -5.564  -12.229  99.586 0.0000000000
99598  -5.693  -11.481  98.489 0.0000000000
98496  -6.549  -11.703  97.786 0.0000000000
96290  -8.401  -14.674  98.683 0.0000000000
97374  -7.872  -12.741  97.704 0.0000000000
99618  -7.208  -11.299  96.551 0.0000000000
99627  -7.428  -10.981  95.411 0.0000000000
97441  -9.930  -13.422  91.976 0.0000000000
95320  -10.266  -15.407  92.271 0.0000000000
93176  -8.359  -17.026  93.790 0.0000000000
93177  -9.049  -16.672  93.439 0.0000000000
93187  -10.110  -16.745  92.365 0.0000000000
92122  -9.657  -18.363  91.825 0.0000000000
90994  -8.214  -19.727  90.308 0.0000000000
89962  -7.259  -19.953  89.846 0.0000000000
88907  -6.627  -21.471  94.679 0.0000000000
88926  -5.531  -21.496  93.427 0.0000000000
88943  -5.086  -21.706  92.400 0.0000000000
86854  -6.989  -22.991  91.196 0.0000000000
87928  -5.390  -22.499  91.564 0.0000000000
89944  -4.363  -20.556  91.853 0.0000000000
89951  -4.681  -20.499  90.866 0.0000000000
89960  -5.334  -20.222  89.866 0.0000000000
89985  -6.126  -19.901  87.864 0.0000000000
89997  -5.796  -20.105  87.059 0.0000000000
89028  -6.072  -21.340  85.877 0.0000000000
85823  -7.794  -24.218  86.766 0.0000000000
69604  -14.340  -38.560  101.390 0.0000000000
70816  -14.813  -37.566  101.555 0.0000000000
70815  -14.030  -37.787  101.317 0.0000000000
81306  -25.688  -28.259  82.416 0.0000000000
81281  -24.446  -28.178  83.139 0.0000000000
61190  -19.703  -45.277  90.518 0.0000000000
61191  -20.714  -45.431  90.690 0.0000000000
80124  -24.077  -28.686  82.760 0.0000000000
80142  -24.475  -29.265  82.258 0.0000000000
63576  -21.769  -43.579  89.678 0.0000000000
62352  -21.199  -44.232  89.582 0.0000000000
62351  -20.192  -44.156  89.168 0.0000000000
96598  -53.377  -14.484  74.052 0.0000000000
94493  -54.335  -16.711  74.533 0.0000000000
95562  -54.560  -16.083  73.937 0.0000000000
95575  -54.618  -14.556  73.606 0.0000000000
78828  -5.816  -30.773  93.957 0.0000000000
77716  -5.732  -31.434  93.604 0.0000000000
93212  -22.035  -17.457  88.879 0.0000000000
93222  -22.842  -17.001  88.330 0.0000000000
93203  -22.042  -17.626  89.679 0.0000000000
97389  -12.466  -12.973  96.779 0.0000000000
97378  -12.166  -13.112  97.782 0.0000000000
98501  -11.249  -12.761  97.460 0.0000000000
98490  -11.129  -12.941  98.177 0.0000000000
80008  -6.223  -29.357  95.370 0.0000000000
78823  -6.042  -30.184  94.460 0.0000000000
80019  -6.394  -29.911  94.438 0.0000000000
73130  -31.869  -34.972  91.534 0.0000000000
74209  -32.054  -34.550  91.548 0.0000000000
73131  -32.379  -35.487  92.084 0.0000000000
75359  -29.473  -33.435  92.166 0.0000000000
75358  -28.994  -33.517  91.642 0.0000000000
72059  -31.966  -36.541  91.092 0.0000000000
73141  -31.309  -35.340  90.615 0.0000000000
62258  -27.164  -44.197  95.668 0.0000000000
62268  -27.313  -44.954  95.282 0.0000000000
75357  -28.275  -34.097  91.278 0.0000000000
74208  -28.728  -34.208  92.083 0.0000000000
63484  -27.338  -43.474  96.130 0.0000000000
64774  -26.613  -42.526  96.343 0.0000000000
63483  -26.751  -43.530  95.793 0.0000000000
92274  -48.401  -18.610  79.075 0.0000000000
92264  -48.893  -18.188  79.695 0.0000000000
91158  -47.709  -19.322  77.981 0.0000000000
92305  -47.619  -19.233  77.229 0.0000000000
92287  -48.066  -18.740  77.960 0.0000000000
74129  -7.072  -34.696  97.626 0.0000000000
73063  -7.820  -35.001  97.883 0.0000000000
64764  -6.006  -43.347  96.854 0.0000000000
64778  -6.163  -43.338  96.124 0.0000000000
79986  -24.041  -30.173  98.979 0.0000000000
79985  -23.676  -29.271  98.856 0.0000000000
79974  -24.187  -29.661  99.741 0.0000000000
85670  -15.665  -24.948  99.933 0.0000000000
85677  -15.963  -24.873  99.196 0.0000000000
85676  -15.175  -24.639  99.210 0.0000000000
85680  -14.724  -24.229  98.370 0.0000000000
85675  -14.349  -24.358  99.237 0.0000000000
85674  -13.683  -24.282  99.584 0.0000000000
74142  -8.956  -34.005  96.808 0.0000000000
75286  -9.720  -33.222  96.227 0.0000000000
81224  -42.216  -29.350  87.834 0.0000000000
81217  -42.193  -29.175  89.051 0.0000000000
82340  -41.640  -28.245  89.268 0.0000000000
82339  -41.189  -27.458  88.543 0.0000000000
66098  -13.412  -41.219  93.570 0.0000000000
55698  -14.467  -50.078  97.078 0.0000000000
55697  -13.541  -50.477  97.388 0.0000000000
88045  -19.252  -22.714  82.340 0.0000000000
86962  -19.067  -23.682  82.524 0.0000000000
69770  -23.253  -38.567  88.647 0.0000000000
69786  -22.785  -38.459  88.145 0.0000000000
74205  -20.709  -34.371  92.319 0.0000000000
75366  -21.007  -33.295  91.534 0.0000000000
76558  -20.807  -32.415  91.335 0.0000000000
75356  -21.228  -33.181  91.972 0.0000000000
76548  -21.340  -32.400  92.131 0.0000000000
68500  -13.502  -39.844  92.561 0.0000000000
69692  -13.464  -38.814  92.430 0.0000000000
68489  -13.358  -39.638  93.309 0.0000000000
82377  -45.227  -27.239  85.481 0.0000000000
82396  -44.905  -27.668  84.791 0.0000000000
80082  -5.936  -29.551  85.519 0.0000000000
80065  -6.540  -29.991  85.947 0.0000000000
57910  -7.341  -48.561  97.182 0.0000000000
57906  -7.223  -47.907  97.566 0.0000000000
92017  -24.472  -18.648  98.976 0.0000000000
93118  -25.666  -17.659  99.957 0.0000000000
93106  -24.916  -17.688  100.563 0.0000000000
101699  -4.319  -9.825  101.422 0.0000000000
102696  -4.573  -9.170  100.843 0.0000000000
101701  -4.248  -9.891  100.479 0.0000000000
100669  -4.428  -10.625  100.068 0.0000000000
85643  -9.462  -24.536  105.799 0.0000000000
86723  -9.248  -23.851  105.921 0.0000000000
85642  -9.026  -24.350  105.804 0.0000000000
88882  -5.912  -21.253  96.924 0.0000000000
90909  -5.487  -19.768  97.032 0.0000000000
80067  -8.870  -29.749  86.449 0.0000000000
81220  -9.893  -28.977  86.879 0.0000000000
80085  -8.798  -29.041  85.802 0.0000000000
91027  -7.893  -19.449  86.961 0.0000000000
69715  -34.256  -38.774  91.875 0.0000000000
70910  -34.277  -37.498  92.985 0.0000000000
69700  -34.234  -38.481  92.498 0.0000000000
69657  -32.133  -37.503  94.527 0.0000000000
70871  -32.691  -36.872  94.974 0.0000000000
71983  -31.667  -35.906  95.528 0.0000000000
71996  -31.316  -36.496  95.342 0.0000000000
62262  -29.326  -44.299  95.643 0.0000000000
61115  -29.272  -45.159  95.508 0.0000000000
61116  -29.737  -45.227  95.164 0.0000000000
71995  -30.700  -36.685  95.406 0.0000000000
69656  -31.189  -37.540  94.634 0.0000000000
63496  -29.794  -43.429  95.039 0.0000000000
63495  -29.337  -43.345  95.457 0.0000000000
64777  -28.928  -42.996  95.554 0.0000000000
88106  -48.200  -22.992  78.377 0.0000000000
87028  -48.401  -23.807  78.265 0.0000000000
84797  -49.449  -25.814  80.983 0.0000000000
85883  -48.902  -24.609  81.281 0.0000000000
84795  -48.076  -24.981  81.223 0.0000000000
85893  -47.592  -24.289  81.153 0.0000000000
84808  -48.138  -25.469  81.130 0.0000000000
71964  -10.789  -36.601  99.120 0.0000000000
71954  -10.504  -37.183  99.615 0.0000000000
67240  -8.242  -40.691  103.160 0.0000000000
68411  -7.743  -39.936  103.254 0.0000000000
67239  -7.488  -40.694  103.379 0.0000000000
67238  -6.731  -40.912  103.171 0.0000000000
66019  -6.972  -41.642  103.038 0.0000000000
76447  -19.476  -32.365  101.999 0.0000000000
75258  -18.441  -33.326  102.076 0.0000000000
76445  -16.487  -32.504  101.917 0.0000000000
77628  -16.995  -31.779  102.251 0.0000000000
78764  -17.168  -30.883  101.517 0.0000000000
77637  -16.478  -31.740  100.993 0.0000000000
77645  -16.416  -31.023  100.052 0.0000000000
77636  -16.080  -32.050  100.581 0.0000000000
71966  -12.425  -36.023  99.016 0.0000000000
71965  -11.759  -36.393  99.047 0.0000000000
73056  -11.110  -36.011  98.556 0.0000000000
77814  -39.813  -31.876  85.757 0.0000000000
80127  -30.207  -29.148  83.583 0.0000000000
81283  -29.893  -28.735  82.996 0.0000000000
83561  -26.985  -26.357  85.059 0.0000000000
83562  -27.991  -25.824  84.596 0.0000000000
83525  -27.701  -26.026  87.039 0.0000000000
63551  -14.803  -43.139  90.244 0.0000000000
63552  -15.397  -43.495  89.953 0.0000000000
60103  -16.942  -46.334  94.058 0.0000000000
60070  -17.227  -47.043  95.384 0.0000000000
67279  -19.870  -40.718  96.413 0.0000000000
67289  -19.996  -39.885  96.001 0.0000000000
68512  -18.266  -39.532  91.592 0.0000000000
68502  -18.088  -39.571  92.761 0.0000000000
68490  -17.668  -38.858  93.297 0.0000000000
69681  -17.555  -38.032  93.785 0.0000000000
69693  -17.572  -38.093  92.582 0.0000000000
68511  -17.976  -38.910  90.928 0.0000000000
64857  -16.072  -42.913  88.723 0.0000000000
64869  -15.799  -42.281  88.347 0.0000000000
64856  -15.419  -42.744  89.121 0.0000000000
64855  -14.831  -42.152  89.298 0.0000000000
98800  -55.450  -12.231  72.304 0.0000000000
98818  -55.189  -12.194  71.536 0.0000000000
99899  -55.357  -11.242  72.235 0.0000000000
99921  -55.190  -11.014  71.874 0.0000000000
78855  -8.772  -30.974  90.527 0.0000000000
77762  -7.844  -31.324  89.646 0.0000000000
77749  -7.349  -31.488  90.405 0.0000000000
74217  -4.042  -35.323  89.151 0.0000000000
94219  -17.871  -16.756  98.937 0.0000000000
94220  -18.846  -16.796  98.858 0.0000000000
94233  -18.205  -16.391  98.031 0.0000000000
100730  -14.954  -10.372  92.809 0.0000000000
100731  -15.795  -10.600  93.150 0.0000000000
101757  -15.511  -9.379  93.469 0.0000000000
101747  -15.851  -8.796  94.053 0.0000000000
102765  -14.655  -8.721  93.478 0.0000000000
102749  -14.225  -8.032  93.887 0.0000000000
102764  -13.787  -8.710  93.330 0.0000000000
103736  -9.091  -7.433  97.705 0.0000000000
104830  -9.600  -6.469  98.784 0.0000000000
103722  -8.395  -7.098  99.340 0.0000000000
99574  -6.684  -11.666  102.124 0.0000000000
99573  -6.189  -11.309  102.759 0.0000000000
98457  -6.267  -12.068  103.007 0.0000000000
81115  -7.804  -28.594  101.301 0.0000000000
82238  -8.357  -28.017  100.866 0.0000000000
83413  -10.277  -26.573  96.978 0.0000000000
84543  -10.590  -25.715  98.239 0.0000000000
84551  -10.778  -25.612  97.289 0.0000000000
84552  -11.054  -25.237  96.490 0.0000000000
85698  -11.099  -24.673  96.094 0.0000000000
84572  -10.939  -26.137  95.585 0.0000000000
78845  -8.435  -30.758  91.609 0.0000000000
78846  -9.499  -29.935  91.736 0.0000000000
78856  -9.486  -30.517  90.741 0.0000000000
96398  -9.851  -14.186  90.691 0.0000000000
96399  -10.186  -14.839  90.434 0.0000000000
95342  -10.468  -15.524  91.043 0.0000000000
78854  -34.981  -31.462  90.947 0.0000000000
78864  -35.077  -31.247  90.605 0.0000000000
78853  -34.856  -31.311  91.440 0.0000000000
76512  -34.173  -33.224  94.950 0.0000000000
76526  -34.164  -32.849  94.612 0.0000000000
76511  -33.812  -32.823  95.011 0.0000000000
77754  -30.794  -31.447  90.091 0.0000000000
77755  -31.693  -31.059  90.352 0.0000000000
78872  -32.034  -30.731  89.472 0.0000000000
77784  -30.868  -31.105  88.889 0.0000000000
76607  -27.558  -32.482  86.646 0.0000000000
77809  -27.981  -31.855  85.967 0.0000000000
76638  -27.217  -31.922  84.732 0.0000000000
62314  -24.556  -44.764  92.028 0.0000000000
61180  -24.487  -45.333  92.227 0.0000000000
61163  -25.113  -45.321  92.652 0.0000000000
57946  -24.263  -48.591  94.469 0.0000000000
76637  -26.356  -32.650  84.633 0.0000000000
76623  -26.776  -32.895  85.987 0.0000000000
73146  -26.344  -35.939  89.543 0.0000000000
73145  -26.026  -36.150  89.135 0.0000000000
72065  -25.765  -36.673  89.252 0.0000000000
71978  -27.245  -37.131  96.207 0.0000000000
68455  -24.305  -39.307  97.236 0.0000000000
68468  -24.200  -39.036  96.300 0.0000000000
63514  -25.301  -43.262  93.482 0.0000000000
63526  -24.910  -43.794  92.392 0.0000000000
63525  -24.297  -43.385  92.054 0.0000000000
93376  -52.591  -17.710  77.450 0.0000000000
94460  -52.673  -16.876  77.750 0.0000000000
93358  -51.971  -17.273  78.547 0.0000000000
95499  -48.705  -15.789  80.027 0.0000000000
96544  -49.489  -15.150  79.857 0.0000000000
95516  -48.611  -15.383  79.007 0.0000000000
95515  -47.986  -15.900  78.789 0.0000000000
90077  -47.036  -20.206  81.552 0.0000000000
91093  -47.329  -19.294  81.610 0.0000000000
93394  -51.658  -18.195  76.373 0.0000000000
92307  -52.359  -18.328  76.692 0.0000000000
92289  -52.836  -18.206  76.849 0.0000000000
76479  -4.790  -32.659  96.235 0.0000000000
70850  -6.013  -37.000  96.919 0.0000000000
69615  -6.181  -38.151  100.309 0.0000000000
85756  -21.563  -24.079  93.211 0.0000000000
86841  -21.960  -23.394  92.751 0.0000000000
86823  -22.246  -24.012  93.417 0.0000000000
86792  -22.867  -23.863  95.375 0.0000000000
87884  -24.005  -22.637  94.294 0.0000000000
87883  -23.061  -22.731  94.571 0.0000000000
88918  -22.467  -21.455  94.172 0.0000000000
83374  -20.953  -27.477  101.907 0.0000000000
84525  -21.355  -26.642  100.586 0.0000000000
83394  -20.452  -26.661  101.113 0.0000000000
87895  -17.142  -22.144  93.791 0.0000000000
87897  -18.444  -21.975  94.069 0.0000000000
89935  -18.843  -20.500  93.570 0.0000000000
90955  -18.173  -19.706  93.602 0.0000000000
90935  -17.505  -19.131  94.101 0.0000000000
90954  -17.191  -19.809  93.575 0.0000000000
90918  -11.652  -19.311  96.249 0.0000000000
92061  -12.138  -18.593  95.966 0.0000000000
92040  -11.758  -18.253  96.678 0.0000000000
93132  -11.951  -17.231  97.464 0.0000000000
92024  -11.106  -18.279  97.634 0.0000000000
92007  -10.846  -18.091  98.386 0.0000000000
92023  -10.689  -18.731  98.237 0.0000000000
85661  -11.816  -24.381  101.974 0.0000000000
85658  -11.696  -24.385  102.802 0.0000000000
85654  -11.440  -24.683  103.865 0.0000000000
85655  -11.780  -25.083  103.232 0.0000000000
79993  -14.309  -29.438  97.233 0.0000000000
81161  -13.986  -28.618  97.740 0.0000000000
79992  -13.303  -29.109  97.319 0.0000000000
79978  -9.631  -29.628  99.753 0.0000000000
79968  -10.104  -29.556  100.282 0.0000000000
79957  -9.678  -29.694  101.109 0.0000000000
79967  -9.335  -29.645  100.386 0.0000000000
79956  -8.826  -29.669  100.904 0.0000000000
78769  -8.888  -29.690  100.345 0.0000000000
77675  -5.569  -31.577  96.615 0.0000000000
77674  -4.924  -31.730  96.436 0.0000000000
75471  -46.489  -33.102  83.714 0.0000000000
75472  -47.232  -32.624  83.777 0.0000000000
75449  -46.760  -32.431  84.461 0.0000000000
76639  -46.891  -31.991  84.804 0.0000000000
76627  -46.474  -31.779  85.239 0.0000000000
75424  -42.969  -32.482  85.237 0.0000000000
81213  -43.888  -28.792  89.600 0.0000000000
80050  -44.041  -29.670  89.322 0.0000000000
82331  -44.007  -28.216  89.171 0.0000000000
83501  -43.622  -26.649  89.076 0.0000000000
85774  -40.463  -24.606  92.083 0.0000000000
76597  -36.580  -32.061  87.351 0.0000000000
80114  -37.998  -29.509  84.722 0.0000000000
81267  -38.369  -28.711  84.496 0.0000000000
83564  -33.211  -26.032  84.149 0.0000000000
67264  -13.390  -40.025  98.919 0.0000000000
67271  -13.310  -40.037  97.823 0.0000000000
62275  -11.242  -44.269  95.238 0.0000000000
60069  -10.130  -45.595  95.345 0.0000000000
60100  -13.376  -46.272  92.983 0.0000000000
55720  -11.062  -50.567  96.646 0.0000000000
55719  -10.048  -50.570  96.535 0.0000000000
55693  -10.367  -51.061  97.287 0.0000000000
54539  -9.842  -51.380  97.332 0.0000000000
54540  -10.752  -51.246  97.484 0.0000000000
59038  -21.507  -47.607  94.533 0.0000000000
53328  -17.993  -50.255  95.713 0.0000000000
53335  -17.088  -50.630  95.350 0.0000000000
90019  -18.802  -20.278  84.916 0.0000000000
92180  -19.705  -18.903  84.707 0.0000000000
90010  -19.049  -20.161  86.032 0.0000000000
91041  -19.494  -19.492  86.410 0.0000000000
89998  -18.736  -20.713  86.577 0.0000000000
75455  -23.261  -33.715  82.817 0.0000000000
75454  -19.519  -33.687  83.127 0.0000000000
76663  -19.502  -32.705  82.568 0.0000000000
77843  -18.992  -32.132  82.921 0.0000000000
78923  -18.303  -30.433  86.737 0.0000000000
80086  -18.041  -29.496  86.186 0.0000000000
81242  -17.613  -27.445  86.047 0.0000000000
81231  -17.802  -28.573  86.847 0.0000000000
82303  -17.426  -27.316  90.845 0.0000000000
84659  -17.401  -25.818  90.272 0.0000000000
83465  -17.386  -26.565  90.534 0.0000000000
86873  -17.852  -24.527  90.623 0.0000000000
84638  -17.615  -25.914  91.086 0.0000000000
85767  -17.857  -25.551  91.639 0.0000000000
83444  -17.599  -26.665  92.002 0.0000000000
77710  -22.516  -31.719  94.413 0.0000000000
78826  -22.133  -31.263  94.647 0.0000000000
77711  -22.994  -31.772  94.921 0.0000000000
77702  -23.513  -32.086  95.648 0.0000000000
76508  -23.354  -32.581  95.384 0.0000000000
73125  -16.603  -35.308  91.174 0.0000000000
75343  -17.394  -33.903  92.483 0.0000000000
74203  -16.513  -34.350  91.678 0.0000000000
75315  -14.743  -33.819  95.051 0.0000000000
76502  -15.846  -32.362  95.273 0.0000000000
76503  -16.676  -31.909  95.851 0.0000000000
77697  -17.332  -31.596  96.409 0.0000000000
76490  -16.911  -32.070  96.895 0.0000000000
76491  -17.264  -32.098  97.467 0.0000000000
70844  -14.217  -37.824  98.091 0.0000000000
99837  -50.077  -11.842  77.062 0.0000000000
99849  -50.145  -11.225  76.719 0.0000000000
99848  -49.740  -11.328  76.905 0.0000000000
77873  -49.387  -31.096  81.628 0.0000000000
80154  -49.449  -30.277  81.873 0.0000000000
80177  -45.410  -29.154  81.037 0.0000000000
81338  -44.152  -28.458  80.273 0.0000000000
75402  -3.528  -33.399  86.381 0.0000000000
76619  -3.626  -32.380  85.810 0.0000000000
70886  -4.948  -36.661  93.214 0.0000000000
63466  -11.336  -43.095  99.942 0.0000000000
62245  -10.556  -43.867  100.084 0.0000000000
62241  -6.467  -44.642  99.319 0.0000000000
61090  -5.701  -45.220  98.305 0.0000000000
62239  -5.504  -44.772  98.236 0.0000000000
94272  -25.313  -16.804  93.651 0.0000000000
95311  -25.827  -15.741  93.128 0.0000000000
94273  -26.177  -15.818  93.686 0.0000000000
97368  -21.770  -12.838  98.352 0.0000000000
97357  -22.746  -12.822  99.328 0.0000000000
98492  -21.665  -12.134  98.940 0.0000000000
101730  -5.526  -9.713  96.597 0.0000000000
102727  -5.857  -8.282  96.213 0.0000000000
102734  -5.611  -9.430  96.060 0.0000000000
102735  -5.903  -8.790  95.510 0.0000000000
100707  -5.986  -10.367  96.008 0.0000000000
93081  -11.397  -17.406  103.359 0.0000000000
94176  -11.330  -16.665  103.773 0.0000000000
94171  -11.169  -17.046  104.436 0.0000000000
93070  -7.002  -17.550  104.448 0.0000000000
94167  -7.721  -16.725  104.309 0.0000000000
94165  -6.157  -16.425  104.226 0.0000000000
86741  -7.535  -22.970  102.533 0.0000000000
87815  -6.920  -22.649  102.596 0.0000000000
91978  -6.943  -18.233  100.381 0.0000000000
93094  -6.779  -17.768  100.882 0.0000000000
93087  -6.852  -17.145  101.176 0.0000000000
94181  -7.095  -16.487  101.096 0.0000000000
95235  -7.213  -15.819  100.868 0.0000000000
95239  -7.523  -15.546  100.301 0.0000000000
95277  -8.880  -15.648  96.204 0.0000000000
95268  -9.202  -15.011  96.588 0.0000000000
95278  -9.161  -15.040  95.925 0.0000000000
96318  -9.383  -14.328  95.692 0.0000000000
95289  -9.195  -15.099  95.170 0.0000000000
96331  -9.435  -14.426  94.812 0.0000000000
90950  -6.123  -18.881  93.105 0.0000000000
90967  -5.230  -19.388  92.203 0.0000000000
87912  -10.093  -22.854  92.334 0.0000000000
87911  -9.562  -22.562  92.112 0.0000000000
86836  -9.900  -22.890  91.782 0.0000000000
84654  -6.721  -24.637  89.188 0.0000000000
85792  -6.423  -24.429  89.401 0.0000000000
85805  -5.389  -24.134  88.825 0.0000000000
86889  -4.701  -23.450  88.777 0.0000000000
85814  -5.803  -24.068  87.901 0.0000000000
83573  -7.741  -27.120  84.312 0.0000000000
83574  -8.195  -26.988  83.809 0.0000000000
67309  -33.406  -39.592  92.770 0.0000000000
67314  -33.183  -40.078  92.535 0.0000000000
67301  -32.256  -39.852  93.299 0.0000000000
68484  -32.286  -38.862  93.625 0.0000000000
63507  -31.076  -42.817  94.008 0.0000000000
63497  -30.381  -43.245  94.505 0.0000000000
82483  -48.961  -27.497  79.220 0.0000000000
83653  -49.081  -26.267  79.232 0.0000000000
83641  -49.702  -26.725  80.005 0.0000000000
70824  -11.942  -38.069  100.441 0.0000000000
69611  -11.614  -38.747  100.743 0.0000000000
68420  -10.734  -39.965  101.617 0.0000000000
68417  -10.397  -40.336  101.808 0.0000000000
68416  -9.672  -39.986  102.111 0.0000000000
67245  -10.319  -40.757  101.892 0.0000000000
71947  -16.174  -36.451  100.953 0.0000000000
73032  -16.511  -35.650  101.463 0.0000000000
71938  -16.058  -36.354  101.658 0.0000000000
73025  -15.171  -36.025  102.003 0.0000000000
73026  -15.701  -35.627  102.156 0.0000000000
74108  -15.492  -35.103  102.101 0.0000000000
75255  -15.742  -34.079  102.061 0.0000000000
74107  -15.208  -34.735  101.679 0.0000000000
75260  -15.102  -34.108  101.227 0.0000000000
70826  -13.747  -37.291  101.085 0.0000000000
70825  -13.087  -37.659  100.679 0.0000000000
70834  -12.804  -37.247  100.203 0.0000000000
74278  -37.947  -33.621  85.132 0.0000000000
73174  -37.413  -33.696  85.104 0.0000000000
82425  -25.579  -27.479  82.959 0.0000000000
83559  -25.464  -27.220  85.195 0.0000000000
83579  -25.494  -27.170  84.827 0.0000000000
62328  -17.556  -44.509  90.037 0.0000000000
61141  -18.463  -45.969  93.154 0.0000000000
81303  -22.860  -28.594  82.229 0.0000000000
66109  -21.103  -42.070  92.310 0.0000000000
66108  -20.213  -41.781  92.788 0.0000000000
66116  -20.453  -41.709  91.555 0.0000000000
66141  -20.480  -41.844  89.455 0.0000000000
66126  -19.855  -41.149  90.512 0.0000000000
66140  -19.762  -41.263  89.122 0.0000000000
67338  -19.210  -40.595  89.498 0.0000000000
62350  -19.064  -44.209  89.114 0.0000000000
63573  -18.392  -43.811  88.734 0.0000000000
63572  -17.626  -43.743  88.787 0.0000000000
98789  -55.071  -12.492  73.356 0.0000000000
99876  -54.513  -11.731  73.551 0.0000000000
96615  -55.025  -14.052  73.370 0.0000000000
96628  -55.469  -14.332  72.764 0.0000000000
97704  -55.249  -13.223  73.127 0.0000000000
97710  -55.491  -13.189  72.538 0.0000000000
78836  -7.392  -30.746  92.645 0.0000000000
77727  -7.306  -31.138  92.102 0.0000000000
77726  -6.575  -31.434  92.404 0.0000000000
76545  -5.713  -32.568  92.048 0.0000000000
75352  -5.373  -33.247  91.780 0.0000000000
75351  -5.054  -33.916  91.514 0.0000000000
96321  -15.560  -14.945  97.212 0.0000000000
96320  -14.349  -14.244  96.769 0.0000000000
98522  -12.803  -12.623  95.316 0.0000000000
97411  -13.974  -13.389  94.896 0.0000000000
97424  -13.083  -12.484  94.472 0.0000000000
98539  -13.854  -12.215  93.393 0.0000000000
98537  -12.244  -11.701  94.121 0.0000000000
99649  -11.727  -10.801  93.786 0.0000000000
99641  -11.384  -11.095  94.406 0.0000000000
99611  -9.463  -11.107  97.026 0.0000000000
99620  -9.634  -10.761  96.388 0.0000000000
100689  -9.283  -10.410  96.590 0.0000000000
100688  -8.701  -10.108  97.097 0.0000000000
100680  -8.278  -10.064  97.984 0.0000000000
100679  -7.773  -10.078  98.731 0.0000000000
99600  -8.443  -10.956  98.451 0.0000000000
98476  -8.578  -11.823  99.372 0.0000000000
98467  -8.205  -12.314  100.554 0.0000000000
97340  -8.391  -12.851  101.225 0.0000000000
82259  -7.308  -28.154  98.612 0.0000000000
81158  -7.011  -28.441  97.149 0.0000000000
81159  -7.681  -28.286  96.729 0.0000000000
81169  -8.150  -28.139  96.212 0.0000000000
82279  -9.062  -27.592  96.479 0.0000000000
82283  -8.601  -27.942  95.833 0.0000000000
81176  -9.070  -28.005  95.095 0.0000000000
81180  -8.070  -28.814  94.492 0.0000000000
78830  -7.603  -30.090  93.485 0.0000000000
80021  -7.984  -29.423  93.847 0.0000000000
78837  -8.524  -30.023  92.721 0.0000000000
75378  -31.922  -34.010  89.775 0.0000000000
75360  -33.159  -33.330  91.574 0.0000000000
76563  -34.309  -32.541  91.674 0.0000000000
76552  -34.315  -32.621  91.943 0.0000000000
75325  -31.536  -33.325  94.727 0.0000000000
76523  -31.699  -32.763  94.424 0.0000000000
76534  -31.213  -32.748  93.885 0.0000000000
76541  -30.129  -33.013  92.465 0.0000000000
76551  -30.431  -32.201  91.485 0.0000000000
77753  -30.049  -31.842  89.832 0.0000000000
62277  -26.266  -44.145  94.134 0.0000000000
62287  -26.345  -44.886  93.870 0.0000000000
61145  -26.434  -45.249  94.071 0.0000000000
60075  -26.886  -46.305  94.641 0.0000000000
75387  -27.254  -33.478  88.711 0.0000000000
74213  -27.217  -35.153  90.252 0.0000000000
73139  -27.385  -35.465  90.935 0.0000000000
67282  -27.099  -39.913  97.038 0.0000000000
68447  -26.493  -39.387  97.634 0.0000000000
66061  -25.473  -40.918  97.674 0.0000000000
67269  -25.336  -40.169  98.016 0.0000000000
66049  -24.833  -40.632  98.060 0.0000000000
68437  -24.469  -39.889  98.196 0.0000000000
66048  -24.177  -40.820  98.270 0.0000000000
63493  -26.176  -43.195  95.405 0.0000000000
63505  -26.020  -43.597  94.313 0.0000000000
64803  -25.444  -43.055  94.427 0.0000000000
93357  -50.992  -17.285  78.712 0.0000000000
93356  -50.028  -17.394  78.962 0.0000000000
93318  -49.668  -17.504  80.543 0.0000000000
93302  -49.543  -17.309  81.199 0.0000000000
94393  -49.353  -16.747  81.330 0.0000000000
93301  -48.684  -17.439  81.423 0.0000000000
90086  -45.446  -20.847  79.886 0.0000000000
90098  -44.601  -20.852  79.067 0.0000000000
93403  -48.900  -17.716  76.587 0.0000000000
93392  -49.792  -17.511  77.261 0.0000000000
74139  -6.201  -33.626  96.930 0.0000000000
75275  -5.198  -33.825  97.127 0.0000000000
74128  -5.871  -34.220  97.317 0.0000000000
73051  -5.352  -35.341  98.589 0.0000000000
73050  -4.729  -35.327  98.065 0.0000000000
71970  -4.826  -36.376  97.698 0.0000000000
71962  -4.912  -36.366  98.590 0.0000000000
66037  -7.142  -41.294  99.772 0.0000000000
66041  -7.412  -41.421  98.719 0.0000000000
64779  -6.667  -43.156  95.785 0.0000000000
64793  -7.017  -43.219  95.062 0.0000000000
82288  -21.540  -26.779  96.259 0.0000000000
83414  -21.988  -26.393  96.261 0.0000000000
82281  -21.892  -27.178  96.811 0.0000000000
83416  -22.820  -26.232  97.137 0.0000000000
84554  -22.859  -25.792  97.042 0.0000000000
85708  -22.817  -25.529  97.162 0.0000000000
84512  -17.957  -25.808  101.489 0.0000000000
84529  -18.414  -25.495  99.821 0.0000000000
84528  -17.483  -25.305  99.521 0.0000000000
85688  -15.718  -24.625  97.496 0.0000000000
85689  -16.549  -24.889  97.453 0.0000000000
85700  -16.006  -24.462  96.556 0.0000000000
86786  -16.838  -23.798  95.428 0.0000000000
86803  -15.490  -23.263  94.889 0.0000000000
88913  -15.038  -22.074  94.053 0.0000000000
86784  -14.892  -23.490  95.527 0.0000000000
86769  -13.105  -23.182  96.955 0.0000000000
87855  -13.196  -22.802  96.419 0.0000000000
87854  -12.632  -22.497  96.801 0.0000000000
88901  -12.554  -21.560  95.868 0.0000000000
87849  -12.236  -22.529  97.831 0.0000000000
88886  -11.757  -22.029  97.772 0.0000000000
85673  -13.141  -24.134  99.800 0.0000000000
86753  -12.560  -23.480  99.637 0.0000000000
85666  -12.793  -24.343  100.416 0.0000000000
76500  -12.445  -32.391  95.839 0.0000000000
78818  -12.069  -30.534  95.939 0.0000000000
77694  -11.271  -31.462  95.624 0.0000000000
77693  -10.434  -31.453  95.876 0.0000000000
78805  -8.910  -30.694  96.804 0.0000000000
75284  -7.411  -33.175  96.533 0.0000000000
75283  -6.490  -33.129  96.662 0.0000000000
74349  -44.200  -34.408  81.266 0.0000000000
74337  -45.528  -33.897  82.612 0.0000000000
74319  -44.988  -33.771  82.962 0.0000000000
77803  -42.727  -31.303  88.298 0.0000000000
76588  -43.113  -31.293  88.637 0.0000000000
77787  -43.009  -30.998  88.751 0.0000000000
80042  -42.623  -29.243  89.963 0.0000000000
78877  -42.925  -29.966  89.674 0.0000000000
80036  -42.860  -29.237  90.299 0.0000000000
80043  -43.104  -29.319  90.295 0.0000000000
81198  -42.962  -27.850  90.814 0.0000000000
81196  -41.932  -28.198  90.331 0.0000000000
82316  -41.067  -27.184  90.193 0.0000000000
82306  -41.137  -26.924  90.714 0.0000000000
83460  -40.567  -26.188  91.203 0.0000000000
83459  -39.934  -25.875  91.023 0.0000000000
78910  -35.801  -30.903  87.971 0.0000000000
80075  -35.935  -30.253  86.562 0.0000000000
80112  -36.049  -29.786  84.857 0.0000000000
67286  -13.286  -40.138  96.005 0.0000000000
64796  -12.794  -42.221  94.415 0.0000000000
62285  -11.979  -44.031  93.760 0.0000000000
57960  -14.348  -48.522  95.984 0.0000000000
57959  -13.893  -48.496  95.589 0.0000000000
57936  -14.060  -48.785  96.222 0.0000000000
56829  -13.190  -50.260  97.252 0.0000000000
56828  -12.567  -50.553  97.347 0.0000000000
55711  -12.026  -50.578  97.152 0.0000000000
55686  -12.046  -50.952  97.731 0.0000000000
54532  -11.966  -51.220  97.651 0.0000000000
54563  -21.014  -50.067  95.402 0.0000000000
54558  -20.572  -49.919  95.761 0.0000000000
89041  -18.436  -21.918  83.621 0.0000000000
90035  -18.720  -21.158  83.418 0.0000000000
90027  -18.558  -21.137  84.219 0.0000000000
89031  -18.207  -21.973  84.572 0.0000000000
73181  -23.555  -35.976  85.410 0.0000000000
74287  -22.787  -35.212  84.067 0.0000000000
73180  -22.853  -36.244  85.099 0.0000000000
72098  -21.604  -36.769  85.351 0.0000000000
72106  -21.413  -36.360  84.849 0.0000000000
72105  -20.861  -36.181  84.773 0.0000000000
73195  -20.397  -35.817  84.654 0.0000000000
72097  -20.577  -36.439  85.371 0.0000000000
73137  -20.094  -35.366  90.833 0.0000000000
73144  -20.009  -35.439  89.732 0.0000000000
74219  -20.212  -34.425  90.324 0.0000000000
76568  -20.058  -32.132  89.617 0.0000000000
76581  -20.104  -33.142  89.326 0.0000000000
76580  -19.940  -32.421  89.063 0.0000000000
78885  -19.102  -30.911  89.037 0.0000000000
78884  -18.565  -30.278  88.600 0.0000000000
78858  -18.725  -30.275  90.348 0.0000000000
78848  -18.929  -30.292  91.239 0.0000000000
80035  -18.336  -29.605  90.937 0.0000000000
80032  -18.464  -29.595  91.940 0.0000000000
78839  -19.154  -30.311  92.182 0.0000000000
76540  -21.938  -32.510  93.135 0.0000000000
77728  -21.207  -31.513  92.689 0.0000000000
76532  -22.423  -32.538  93.789 0.0000000000
70917  -13.955  -37.183  90.987 0.0000000000
73123  -14.499  -35.531  91.367 0.0000000000
72036  -13.887  -36.549  91.429 0.0000000000
72015  -13.596  -36.732  93.350 0.0000000000
73099  -13.752  -35.878  92.868 0.0000000000
73090  -13.786  -35.952  93.781 0.0000000000
73091  -14.036  -35.269  94.228 0.0000000000
73082  -13.910  -35.995  94.600 0.0000000000
73083  -14.222  -35.440  95.270 0.0000000000
68460  -13.383  -39.388  95.327 0.0000000000
78968  -47.761  -30.624  83.907 0.0000000000
80133  -47.614  -30.367  83.659 0.0000000000
80118  -47.129  -29.883  84.151 0.0000000000
81295  -45.766  -29.274  83.862 0.0000000000
81294  -44.934  -29.062  83.711 0.0000000000
81255  -6.869  -28.218  84.836 0.0000000000
81254  -6.299  -28.263  84.550 0.0000000000
81236  -4.642  -29.068  84.667 0.0000000000
80103  -4.184  -29.714  84.295 0.0000000000
78962  -4.426  -30.403  83.715 0.0000000000
78954  -3.861  -30.577  84.412 0.0000000000
73176  -5.059  -35.483  86.022 0.0000000000
61103  -9.316  -45.606  98.310 0.0000000000
61099  -8.951  -45.426  98.753 0.0000000000
93147  -26.745  -17.761  96.458 0.0000000000
93148  -27.184  -16.768  96.463 0.0000000000
93138  -27.296  -17.003  97.173 0.0000000000
96296  -27.412  -15.339  99.598 0.0000000000
96305  -28.145  -15.355  98.325 0.0000000000
96303  -27.052  -14.085  98.917 0.0000000000
96315  -27.119  -14.154  97.715 0.0000000000
101727  -18.515  -9.456  97.824 0.0000000000
103708  -5.477  -7.485  102.248 0.0000000000
101717  -4.848  -9.686  98.177 0.0000000000
101724  -5.288  -9.613  97.307 0.0000000000
89883  -10.540  -20.642  105.020 0.0000000000
90879  -10.490  -19.806  105.118 0.0000000000
89879  -10.215  -20.833  105.445 0.0000000000
89877  -8.976  -20.892  105.399 0.0000000000
89882  -8.543  -20.457  105.046 0.0000000000
90881  -8.260  -19.728  104.717 0.0000000000
89881  -7.989  -20.796  104.654 0.0000000000
87832  -7.173  -22.227  99.603 0.0000000000
87831  -6.375  -22.285  99.821 0.0000000000
87837  -5.889  -22.021  99.226 0.0000000000
90905  -5.579  -19.866  98.230 0.0000000000
90903  -6.066  -19.377  99.089 0.0000000000
91990  -6.591  -18.815  99.808 0.0000000000
92004  -6.602  -18.762  98.883 0.0000000000
92005  -7.278  -18.232  98.701 0.0000000000
92037  -5.973  -18.843  96.627 0.0000000000
92038  -6.865  -18.154  96.903 0.0000000000
93140  -7.762  -17.399  96.836 0.0000000000
93153  -7.190  -17.745  96.300 0.0000000000
89908  -5.418  -20.358  95.204 0.0000000000
90928  -4.901  -19.725  93.594 0.0000000000
89916  -4.904  -20.478  94.021 0.0000000000
83475  -10.925  -26.294  89.762 0.0000000000
84679  -9.698  -25.939  88.738 0.0000000000
83488  -9.385  -26.162  88.310 0.0000000000
83487  -8.851  -25.896  88.335 0.0000000000
83503  -8.763  -26.123  87.838 0.0000000000
81240  -8.478  -28.524  85.587 0.0000000000
82365  -7.904  -27.357  85.124 0.0000000000
91037  -6.811  -19.682  85.911 0.0000000000
90025  -7.415  -20.597  84.806 0.0000000000
90017  -6.801  -20.485  85.539 0.0000000000
72032  -33.772  -36.406  92.692 0.0000000000
72047  -33.880  -36.920  92.284 0.0000000000
72023  -34.388  -36.655  93.688 0.0000000000
73109  -34.495  -36.092  93.800 0.0000000000
73097  -34.815  -36.098  94.079 0.0000000000
74173  -34.587  -35.410  94.363 0.0000000000
73088  -34.576  -35.915  94.625 0.0000000000
68486  -33.431  -38.815  93.323 0.0000000000
69677  -33.852  -37.919  93.640 0.0000000000
71998  -33.119  -36.309  95.503 0.0000000000
71986  -33.821  -35.582  95.929 0.0000000000
73080  -34.110  -35.290  95.745 0.0000000000
73079  -33.610  -35.140  96.036 0.0000000000
75295  -32.524  -34.128  95.607 0.0000000000
74150  -32.429  -34.587  95.725 0.0000000000
73076  -31.120  -35.410  95.634 0.0000000000
74157  -30.908  -34.772  95.522 0.0000000000
75323  -30.330  -34.246  94.547 0.0000000000
74170  -29.960  -34.886  95.097 0.0000000000
70940  -33.651  -38.365  90.614 0.0000000000
70924  -32.979  -37.164  91.268 0.0000000000
63476  -28.114  -44.285  96.051 0.0000000000
62253  -28.005  -44.779  95.827 0.0000000000
62254  -28.397  -44.657  95.843 0.0000000000
59007  -29.198  -46.818  95.214 0.0000000000
58990  -28.833  -46.556  95.537 0.0000000000
59044  -29.485  -47.012  93.943 0.0000000000
74181  -29.326  -35.071  94.391 0.0000000000
73096  -29.702  -35.423  95.423 0.0000000000
70860  -29.687  -36.819  95.779 0.0000000000
70859  -28.909  -37.228  96.158 0.0000000000
69644  -28.762  -37.796  95.985 0.0000000000
67296  -28.290  -40.301  94.944 0.0000000000
67283  -27.413  -40.147  96.523 0.0000000000
63485  -28.010  -43.568  96.184 0.0000000000
90078  -47.685  -20.975  79.404 0.0000000000
89103  -47.747  -21.616  79.079 0.0000000000
88082  -48.436  -22.629  79.654 0.0000000000
89093  -48.107  -21.742  80.134 0.0000000000
88067  -48.385  -22.600  80.986 0.0000000000
85913  -49.274  -24.722  79.363 0.0000000000
87013  -49.193  -24.005  79.565 0.0000000000
86980  -48.162  -23.439  81.371 0.0000000000
88065  -47.580  -22.314  81.430 0.0000000000
86987  -47.026  -23.290  81.081 0.0000000000
86998  -44.526  -23.612  79.504 0.0000000000
85902  -45.057  -24.431  79.728 0.0000000000
73065  -9.579  -35.310  98.097 0.0000000000
73054  -8.737  -35.642  98.832 0.0000000000
71942  -7.955  -37.097  101.047 0.0000000000
71951  -7.387  -36.436  100.462 0.0000000000
71932  -6.015  -37.224  101.368 0.0000000000
71933  -6.774  -37.070  101.397 0.0000000000
69609  -9.677  -38.719  101.321 0.0000000000
70813  -9.117  -38.468  101.444 0.0000000000
69592  -6.797  -39.258  102.949 0.0000000000
69597  -6.238  -38.543  102.050 0.0000000000
67254  -6.629  -40.450  101.174 0.0000000000
64754  -6.153  -42.579  98.952 0.0000000000
77640  -21.558  -31.371  100.742 0.0000000000
77634  -23.129  -31.437  101.243 0.0000000000
77633  -22.256  -31.311  101.325 0.0000000000
77619  -20.883  -31.332  103.063 0.0000000000
77620  -21.669  -31.189  102.704 0.0000000000
78748  -21.358  -30.449  103.064 0.0000000000
79939  -21.550  -29.224  102.791 0.0000000000
78747  -20.459  -29.949  103.322 0.0000000000
75251  -17.651  -33.549  102.758 0.0000000000
75252  -18.297  -33.295  102.735 0.0000000000
75247  -18.175  -33.133  103.220 0.0000000000
78755  -18.650  -30.375  102.985 0.0000000000
78745  -18.942  -30.572  103.354 0.0000000000
79936  -18.852  -29.456  102.860 0.0000000000
81110  -19.604  -28.657  102.921 0.0000000000
81109  -19.016  -28.517  102.762 0.0000000000
81120  -18.523  -28.417  102.230 0.0000000000
79972  -17.272  -28.828  100.281 0.0000000000
82243  -17.804  -27.430  101.426 0.0000000000
82256  -17.217  -27.384  100.891 0.0000000000
83393  -16.662  -26.594  101.041 0.0000000000
82255  -16.551  -27.313  100.549 0.0000000000
82265  -15.999  -27.488  100.108 0.0000000000
79983  -16.266  -29.408  98.922 0.0000000000
78784  -15.705  -30.348  98.397 0.0000000000
79994  -15.295  -29.583  97.759 0.0000000000
77665  -15.134  -30.951  97.891 0.0000000000
75265  -14.474  -34.023  99.995 0.0000000000
75264  -14.125  -34.244  99.602 0.0000000000
74135  -12.872  -34.545  98.165 0.0000000000
76461  -14.040  -33.182  98.234 0.0000000000
76471  -13.779  -32.641  97.219 0.0000000000
76488  -13.178  -32.524  96.425 0.0000000000
75289  -13.077  -33.273  96.843 0.0000000000
73066  -10.643  -35.492  98.022 0.0000000000
74132  -10.346  -34.813  97.466 0.0000000000
75444  -41.467  -32.405  84.112 0.0000000000
75422  -40.549  -32.582  85.015 0.0000000000
76613  -41.967  -31.900  86.679 0.0000000000
78933  -41.908  -30.979  86.578 0.0000000000
80058  -42.336  -30.266  87.480 0.0000000000
80076  -42.015  -29.919  86.718 0.0000000000
80108  -32.008  -29.410  84.579 0.0000000000
81285  -31.286  -28.464  83.221 0.0000000000
81312  -31.538  -28.027  82.964 0.0000000000
82431  -31.748  -27.408  82.796 0.0000000000
82432  -32.182  -26.831  82.843 0.0000000000
83604  -31.336  -26.670  82.775 0.0000000000
82428  -28.783  -27.401  82.412 0.0000000000
83602  -29.389  -26.652  82.643 0.0000000000
83584  -29.942  -26.000  82.968 0.0000000000
66124  -14.120  -41.090  91.162 0.0000000000
64831  -13.945  -42.308  91.654 0.0000000000
64832  -14.171  -42.333  90.947 0.0000000000
62307  -14.672  -44.180  91.280 0.0000000000
62306  -13.957  -43.719  91.499 0.0000000000
61172  -16.585  -44.908  91.574 0.0000000000
60102  -15.894  -46.386  93.732 0.0000000000
59034  -14.956  -47.499  94.693 0.0000000000
59035  -15.950  -47.282  95.036 0.0000000000
57938  -15.512  -48.515  96.354 0.0000000000
57920  -15.802  -48.826  96.571 0.0000000000
56845  -15.393  -49.165  96.702 0.0000000000
84780  -20.363  -25.409  81.856 0.0000000000
68514  -21.939  -39.360  91.766 0.0000000000
68492  -20.513  -38.955  93.212 0.0000000000
68504  -21.080  -39.101  92.473 0.0000000000
68503  -20.631  -38.835  92.720 0.0000000000
69709  -20.583  -38.173  91.142 0.0000000000
67306  -18.885  -40.759  93.955 0.0000000000
67294  -18.570  -40.013  95.197 0.0000000000
69649  -18.112  -38.441  95.229 0.0000000000
69650  -18.680  -38.586  95.195 0.0000000000
69694  -19.759  -37.803  92.838 0.0000000000
70905  -19.519  -37.166  92.983 0.0000000000
70919  -19.699  -37.050  92.363 0.0000000000
70893  -19.239  -37.164  93.870 0.0000000000
72007  -18.979  -36.286  93.890 0.0000000000
72018  -19.406  -36.273  93.369 0.0000000000
73103  -19.855  -35.638  93.139 0.0000000000
73093  -19.635  -35.238  93.709 0.0000000000
72017  -18.144  -36.134  93.746 0.0000000000
70918  -17.406  -37.304  91.806 0.0000000000
72026  -17.452  -36.486  92.253 0.0000000000
72039  -17.213  -36.560  91.211 0.0000000000
73126  -17.189  -35.816  91.575 0.0000000000
72053  -16.947  -36.584  90.593 0.0000000000
67348  -18.312  -40.187  88.517 0.0000000000
68563  -17.959  -39.642  88.717 0.0000000000
67347  -17.772  -39.903  88.085 0.0000000000
67361  -15.754  -40.273  87.746 0.0000000000
68561  -16.199  -39.164  88.032 0.0000000000
69764  -15.583  -38.562  88.458 0.0000000000
70956  -15.737  -37.863  88.790 0.0000000000
69763  -14.958  -39.017  88.477 0.0000000000
70943  -14.675  -37.494  89.583 0.0000000000
69740  -14.599  -38.502  89.112 0.0000000000
68522  -14.198  -39.902  90.198 0.0000000000
67325  -14.173  -40.489  90.681 0.0000000000
67324  -13.967  -40.451  91.432 0.0000000000
85829  -43.734  -24.204  86.975 0.0000000000
85839  -43.626  -24.252  86.268 0.0000000000
86935  -43.132  -23.728  86.375 0.0000000000
78900  -7.907  -30.933  87.930 0.0000000000
77775  -5.443  -31.444  88.649 0.0000000000
77793  -6.081  -31.137  88.137 0.0000000000
77773  -3.880  -31.932  87.970 0.0000000000
76557  -6.094  -31.896  90.800 0.0000000000
77747  -5.871  -31.810  90.141 0.0000000000
76566  -4.966  -32.830  89.812 0.0000000000
74225  -3.962  -34.792  88.669 0.0000000000
75383  -4.173  -33.457  88.784 0.0000000000
73163  -4.108  -35.343  86.997 0.0000000000
54526  -7.258  -51.545  97.295 0.0000000000
91974  -21.238  -18.197  100.943 0.0000000000
93091  -21.936  -17.767  101.259 0.0000000000
93102  -21.079  -17.737  100.721 0.0000000000
94235  -20.292  -16.426  97.863 0.0000000000
94222  -20.919  -16.493  98.758 0.0000000000
95272  -21.270  -15.488  97.433 0.0000000000
95285  -21.424  -14.741  97.227 0.0000000000
96324  -20.606  -14.339  96.552 0.0000000000
96347  -17.141  -14.595  94.738 0.0000000000
96335  -17.637  -15.195  95.385 0.0000000000
99643  -17.707  -11.648  94.473 0.0000000000
98532  -18.132  -12.594  94.565 0.0000000000
99644  -18.305  -11.883  95.016 0.0000000000
98524  -19.272  -12.430  95.851 0.0000000000
99633  -18.695  -11.554  95.828 0.0000000000
100712  -18.673  -10.947  96.415 0.0000000000
100711  -18.204  -10.454  95.981 0.0000000000
102739  -16.408  -8.383  94.962 0.0000000000
102740  -16.863  -8.350  95.603 0.0000000000
102746  -11.277  -8.571  94.338 0.0000000000
103772  -11.972  -7.663  94.386 0.0000000000
102738  -10.931  -7.970  94.899 0.0000000000
101710  -7.062  -9.270  100.133 0.0000000000
102707  -7.343  -8.363  99.907 0.0000000000
102692  -6.536  -8.454  101.899 0.0000000000
103706  -6.481  -7.495  102.309 0.0000000000
102689  -6.059  -8.463  102.540 0.0000000000
103705  -5.924  -7.516  102.623 0.0000000000
100656  -4.953  -10.719  102.537 0.0000000000
101696  -4.601  -9.782  102.204 0.0000000000
82224  -9.398  -27.278  104.441 0.0000000000
83362  -9.263  -26.227  104.458 0.0000000000
83365  -9.411  -26.850  104.001 0.0000000000
83369  -9.598  -26.188  102.568 0.0000000000
84503  -9.330  -25.260  103.003 0.0000000000
85660  -9.248  -24.302  102.335 0.0000000000
82261  -8.990  -27.628  99.218 0.0000000000
82251  -9.026  -27.519  100.200 0.0000000000
83399  -9.639  -26.946  99.493 0.0000000000
84526  -10.224  -25.239  99.909 0.0000000000
85672  -9.938  -24.464  100.125 0.0000000000
85671  -9.591  -23.869  100.423 0.0000000000
86751  -9.179  -23.288  99.854 0.0000000000
86750  -8.468  -22.917  100.096 0.0000000000
87841  -9.038  -22.606  98.011 0.0000000000
87847  -9.129  -22.554  97.287 0.0000000000
87850  -7.888  -21.983  97.184 0.0000000000
87851  -8.437  -22.147  96.800 0.0000000000
87859  -8.650  -22.041  96.196 0.0000000000
87852  -9.365  -22.495  96.465 0.0000000000
86782  -11.163  -23.798  94.673 0.0000000000
86802  -11.215  -23.777  93.833 0.0000000000
85739  -11.479  -24.538  93.402 0.0000000000
82293  -9.606  -28.091  94.196 0.0000000000
83435  -10.634  -27.016  94.347 0.0000000000
82294  -10.426  -27.625  93.787 0.0000000000
82301  -10.795  -28.222  92.175 0.0000000000
82298  -11.075  -27.199  92.722 0.0000000000
82302  -11.224  -27.667  91.805 0.0000000000
83451  -11.467  -26.608  91.903 0.0000000000
83464  -11.412  -26.880  91.102 0.0000000000
81200  -11.250  -28.342  90.652 0.0000000000
78883  -9.952  -30.501  89.242 0.0000000000
78882  -9.448  -30.703  88.692 0.0000000000
80045  -9.893  -30.296  88.326 0.0000000000
90996  -10.317  -18.693  90.047 0.0000000000
91006  -10.256  -18.893  89.400 0.0000000000
90995  -9.671  -19.118  90.503 0.0000000000
74244  -34.160  -33.836  87.460 0.0000000000
74245  -34.828  -33.583  87.078 0.0000000000
75399  -35.144  -33.101  87.657 0.0000000000
75380  -33.697  -33.193  89.776 0.0000000000
76574  -35.057  -31.942  89.968 0.0000000000
77769  -35.420  -31.585  89.094 0.0000000000
77786  -35.594  -31.397  88.606 0.0000000000
77785  -35.421  -31.161  89.049 0.0000000000
78875  -34.701  -30.597  89.994 0.0000000000
78891  -35.213  -30.859  89.099 0.0000000000
73107  -33.894  -35.016  93.434 0.0000000000
74198  -33.602  -34.458  93.153 0.0000000000
75337  -34.012  -33.933  93.476 0.0000000000
76544  -34.194  -32.622  93.295 0.0000000000
77734  -34.451  -31.827  92.748 0.0000000000
77713  -33.209  -32.054  94.419 0.0000000000
77732  -33.052  -31.178  92.587 0.0000000000
77744  -33.601  -30.865  92.034 0.0000000000
78851  -33.661  -30.687  91.378 0.0000000000
78862  -34.150  -30.591  90.764 0.0000000000
78907  -33.054  -30.241  87.953 0.0000000000
80054  -32.128  -30.134  87.036 0.0000000000
78926  -31.389  -30.214  86.849 0.0000000000
80069  -30.613  -30.248  85.840 0.0000000000
77782  -29.648  -31.558  88.173 0.0000000000
77799  -29.957  -31.299  87.825 0.0000000000
77822  -28.467  -31.241  85.493 0.0000000000
77823  -28.854  -31.227  86.012 0.0000000000
78941  -28.717  -30.905  85.287 0.0000000000
78958  -29.473  -30.197  84.865 0.0000000000
78957  -28.509  -30.771  84.570 0.0000000000
78967  -28.557  -30.170  83.612 0.0000000000
78956  -27.993  -30.990  84.056 0.0000000000
77845  -26.820  -31.357  83.177 0.0000000000
78980  -26.555  -30.551  82.457 0.0000000000
61193  -22.382  -45.336  91.102 0.0000000000
61178  -23.015  -45.438  91.428 0.0000000000
60122  -23.856  -46.481  92.884 0.0000000000
60109  -22.420  -47.059  93.554 0.0000000000
59052  -22.920  -47.365  93.715 0.0000000000
60112  -25.663  -46.457  93.681 0.0000000000
57963  -24.292  -48.288  94.278 0.0000000000
57976  -23.893  -48.041  93.902 0.0000000000
57975  -23.517  -48.181  94.071 0.0000000000
57962  -23.123  -48.332  94.458 0.0000000000
56867  -22.372  -48.953  95.417 0.0000000000
58988  -27.990  -46.716  95.614 0.0000000000
60056  -27.840  -46.132  95.487 0.0000000000
77858  -25.771  -31.258  82.423 0.0000000000
77844  -26.082  -31.836  82.929 0.0000000000
75436  -25.497  -33.240  84.380 0.0000000000
76651  -25.532  -32.702  83.456 0.0000000000
75458  -25.156  -33.215  83.775 0.0000000000
75435  -24.790  -33.573  84.041 0.0000000000
75419  -24.884  -33.920  84.812 0.0000000000
75396  -26.626  -33.489  87.554 0.0000000000
75395  -25.891  -34.098  86.979 0.0000000000
74251  -25.103  -34.820  86.332 0.0000000000
74250  -24.538  -35.272  85.954 0.0000000000
73182  -24.242  -35.514  85.758 0.0000000000
73166  -24.457  -35.894  86.478 0.0000000000
70961  -25.077  -37.293  88.779 0.0000000000
72072  -24.739  -37.082  88.068 0.0000000000
70960  -24.228  -38.043  88.665 0.0000000000
70948  -24.540  -38.209  89.380 0.0000000000
73106  -28.588  -35.622  94.011 0.0000000000
73117  -28.477  -35.362  93.313 0.0000000000
73105  -28.309  -35.670  93.400 0.0000000000
70896  -27.401  -36.951  93.976 0.0000000000
72030  -27.544  -36.188  92.521 0.0000000000
72019  -27.300  -36.920  93.149 0.0000000000
72029  -27.084  -36.736  92.196 0.0000000000
70908  -26.706  -37.443  92.781 0.0000000000
70855  -26.116  -38.164  96.590 0.0000000000
70865  -26.244  -37.833  96.066 0.0000000000
69652  -25.724  -38.305  96.236 0.0000000000
69685  -25.970  -38.241  94.243 0.0000000000
70921  -26.066  -37.939  92.347 0.0000000000
69713  -25.314  -38.534  92.050 0.0000000000
69712  -24.367  -39.028  91.889 0.0000000000
68516  -23.546  -39.312  92.163 0.0000000000
68495  -23.049  -39.546  93.847 0.0000000000
68452  -21.590  -39.809  96.513 0.0000000000
68477  -22.219  -39.667  94.739 0.0000000000
68451  -20.749  -39.923  96.287 0.0000000000
67272  -20.822  -40.838  97.070 0.0000000000
66072  -23.361  -41.479  97.186 0.0000000000
66058  -22.680  -41.270  98.037 0.0000000000
64800  -22.454  -42.096  94.990 0.0000000000
64785  -22.211  -41.916  96.041 0.0000000000
64799  -21.272  -42.116  95.392 0.0000000000
64813  -21.655  -42.147  94.210 0.0000000000
63538  -23.940  -43.740  91.501 0.0000000000
64835  -23.308  -43.190  91.086 0.0000000000
63555  -23.266  -43.808  90.811 0.0000000000
63554  -22.773  -43.767  90.436 0.0000000000
94484  -53.281  -16.482  75.819 0.0000000000
95551  -52.902  -16.112  75.771 0.0000000000
94483  -52.914  -16.248  76.135 0.0000000000
95531  -51.924  -15.252  78.209 0.0000000000
95541  -51.828  -15.206  77.176 0.0000000000
96569  -51.476  -14.487  77.880 0.0000000000
97637  -51.103  -13.919  78.416 0.0000000000
94432  -51.166  -16.275  80.026 0.0000000000
95502  -51.472  -16.131  79.687 0.0000000000
96524  -50.966  -15.245  80.132 0.0000000000
96560  -49.792  -14.469  79.375 0.0000000000
97635  -50.300  -14.260  79.408 0.0000000000
97643  -49.969  -13.545  78.476 0.0000000000
97653  -49.442  -13.583  77.579 0.0000000000
98741  -49.493  -12.327  76.815 0.0000000000
92248  -48.408  -18.951  80.722 0.0000000000
92226  -47.382  -18.694  81.604 0.0000000000
92227  -47.810  -18.331  81.618 0.0000000000
92247  -47.589  -17.864  81.360 0.0000000000
93317  -47.536  -17.481  80.790 0.0000000000
92261  -45.845  -19.091  79.366 0.0000000000
93353  -46.157  -17.928  78.264 0.0000000000
92273  -46.356  -18.228  79.025 0.0000000000
94444  -46.753  -17.091  78.157 0.0000000000
94429  -47.165  -16.935  78.971 0.0000000000
94459  -47.131  -16.435  77.493 0.0000000000
92349  -52.649  -18.551  73.372 0.0000000000
93395  -53.567  -17.904  76.286 0.0000000000
92322  -53.805  -18.666  75.061 0.0000000000
93396  -53.993  -17.872  75.753 0.0000000000
93407  -54.279  -17.666  75.034 0.0000000000
77692  -4.654  -31.431  95.608 0.0000000000
77705  -4.596  -31.921  95.458 0.0000000000
75313  -4.692  -33.359  95.315 0.0000000000
73089  -4.759  -35.279  95.112 0.0000000000
74126  -4.574  -34.563  97.286 0.0000000000
74138  -4.405  -34.525  96.748 0.0000000000
71989  -5.886  -36.631  95.687 0.0000000000
71988  -5.427  -36.385  95.789 0.0000000000
72003  -5.726  -36.549  95.051 0.0000000000
72014  -5.521  -36.560  94.569 0.0000000000
70889  -7.162  -37.396  93.545 0.0000000000
70875  -7.106  -37.127  94.517 0.0000000000
69660  -8.619  -38.087  94.099 0.0000000000
73042  -6.595  -35.941  99.849 0.0000000000
69620  -6.326  -37.966  99.594 0.0000000000
70838  -5.932  -37.548  98.853 0.0000000000
67263  -8.215  -40.394  98.220 0.0000000000
68429  -8.145  -39.765  98.670 0.0000000000
69628  -7.982  -38.506  97.517 0.0000000000
68449  -8.847  -39.274  95.828 0.0000000000
89966  -21.861  -20.199  91.262 0.0000000000
88955  -21.973  -21.069  91.688 0.0000000000
88946  -23.670  -21.782  92.469 0.0000000000
89955  -23.423  -20.442  92.146 0.0000000000
89956  -24.119  -20.562  92.445 0.0000000000
90971  -24.486  -19.875  92.713 0.0000000000
89945  -24.740  -20.715  92.849 0.0000000000
85732  -22.617  -24.608  94.663 0.0000000000
85744  -23.387  -23.759  93.781 0.0000000000
85733  -23.239  -24.045  94.236 0.0000000000
88921  -25.262  -21.261  93.932 0.0000000000
88938  -24.929  -21.769  93.604 0.0000000000
89939  -25.530  -20.650  94.065 0.0000000000
90961  -25.758  -20.007  94.028 0.0000000000
92096  -26.288  -18.986  95.216 0.0000000000
90943  -25.829  -19.760  94.938 0.0000000000
90941  -24.061  -19.575  95.175 0.0000000000
90922  -25.048  -19.196  96.064 0.0000000000
92073  -24.254  -18.853  96.469 0.0000000000
92051  -24.513  -18.806  97.282 0.0000000000
92072  -23.319  -18.687  96.440 0.0000000000
81124  -23.897  -28.770  101.549 0.0000000000
81134  -24.190  -29.019  100.926 0.0000000000
82248  -23.359  -27.900  101.124 0.0000000000
84533  -22.156  -26.425  99.707 0.0000000000
84541  -22.184  -26.185  99.047 0.0000000000
84548  -21.825  -25.612  98.281 0.0000000000
85706  -21.953  -24.748  96.831 0.0000000000
85694  -21.431  -25.106  97.609 0.0000000000
85684  -18.778  -25.071  98.311 0.0000000000
85685  -19.536  -25.003  98.407 0.0000000000
85692  -19.238  -24.747  97.676 0.0000000000
87880  -19.761  -22.638  94.705 0.0000000000
86789  -19.848  -23.452  95.499 0.0000000000
87866  -20.477  -23.017  95.161 0.0000000000
87881  -20.865  -22.488  94.662 0.0000000000
88936  -21.452  -20.991  93.880 0.0000000000
88935  -20.499  -21.105  93.923 0.0000000000
90938  -20.522  -19.070  94.429 0.0000000000
92091  -20.911  -18.777  95.266 0.0000000000
92070  -21.294  -18.719  96.255 0.0000000000
92048  -21.683  -18.651  97.268 0.0000000000
92047  -20.644  -18.733  97.223 0.0000000000
92030  -21.103  -18.760  98.214 0.0000000000
92028  -18.970  -18.627  98.135 0.0000000000
92027  -17.868  -18.635  98.064 0.0000000000
91995  -18.063  -18.447  99.668 0.0000000000
92026  -16.802  -18.408  98.084 0.0000000000
90951  -14.913  -20.424  93.697 0.0000000000
90933  -15.566  -19.371  93.936 0.0000000000
92085  -14.914  -18.869  94.546 0.0000000000
93144  -14.221  -17.527  96.772 0.0000000000
93156  -14.582  -17.950  96.104 0.0000000000
93145  -15.124  -17.837  96.966 0.0000000000
93126  -15.833  -17.464  98.761 0.0000000000
93125  -15.227  -17.062  98.376 0.0000000000
94216  -14.960  -16.620  98.419 0.0000000000
94230  -14.305  -16.715  98.001 0.0000000000
94199  -12.449  -15.961  98.923 0.0000000000
95258  -13.604  -15.679  98.725 0.0000000000
95250  -13.383  -15.257  99.151 0.0000000000
96292  -13.350  -14.637  99.418 0.0000000000
96291  -12.704  -14.557  100.467 0.0000000000
95248  -11.878  -15.780  100.357 0.0000000000
93096  -10.663  -17.593  100.536 0.0000000000
93097  -11.020  -17.090  100.705 0.0000000000
93088  -10.645  -17.837  101.591 0.0000000000
93085  -11.210  -17.332  102.319 0.0000000000
91973  -10.529  -18.671  101.882 0.0000000000
88881  -10.949  -21.551  99.382 0.0000000000
89897  -10.707  -20.869  99.315 0.0000000000
88876  -10.684  -21.361  100.472 0.0000000000
88874  -10.409  -21.138  101.899 0.0000000000
89890  -10.443  -20.314  102.671 0.0000000000
88872  -10.580  -21.248  103.182 0.0000000000
87816  -10.632  -22.169  103.779 0.0000000000
85651  -11.083  -24.654  104.827 0.0000000000
86733  -10.838  -23.767  104.996 0.0000000000
85648  -10.711  -24.616  105.355 0.0000000000
85647  -10.378  -24.601  105.625 0.0000000000
84495  -10.925  -25.530  105.509 0.0000000000
82253  -14.756  -27.167  100.308 0.0000000000
81139  -13.310  -28.099  99.597 0.0000000000
82252  -13.821  -27.453  100.378 0.0000000000
82241  -13.078  -27.437  101.345 0.0000000000
82233  -13.052  -27.086  101.759 0.0000000000
79999  -11.828  -29.492  97.338 0.0000000000
79991  -12.340  -29.091  97.835 0.0000000000
79981  -11.831  -29.146  98.639 0.0000000000
81128  -11.439  -28.966  101.910 0.0000000000
81117  -12.159  -28.350  102.051 0.0000000000
81108  -12.071  -28.145  103.042 0.0000000000
81102  -11.776  -27.888  103.761 0.0000000000
81107  -11.462  -28.494  103.663 0.0000000000
79922  -10.308  -29.122  104.090 0.0000000000
79923  -10.977  -28.681  104.284 0.0000000000
79918  -10.608  -28.645  105.025 0.0000000000
82222  -10.650  -27.449  105.909 0.0000000000
79914  -10.075  -28.430  105.336 0.0000000000
81097  -9.667  -28.437  104.988 0.0000000000
79944  -8.457  -29.708  101.757 0.0000000000
79931  -8.443  -29.543  102.639 0.0000000000
81114  -7.563  -29.127  101.483 0.0000000000
79954  -7.116  -29.323  100.524 0.0000000000
78791  -8.220  -30.402  97.690 0.0000000000
78773  -7.769  -29.884  99.215 0.0000000000
78780  -7.583  -30.060  98.407 0.0000000000
79988  -6.152  -29.878  98.166 0.0000000000
79963  -5.987  -29.202  99.536 0.0000000000
81146  -5.784  -29.108  98.872 0.0000000000
78800  -4.727  -31.333  96.132 0.0000000000
78815  -4.968  -30.829  95.704 0.0000000000
77887  -46.264  -31.350  79.833 0.0000000000
77888  -47.057  -31.204  79.976 0.0000000000
77879  -47.876  -31.553  80.533 0.0000000000
77871  -48.387  -31.911  81.368 0.0000000000
75531  -45.404  -33.771  80.993 0.0000000000
76677  -47.819  -32.451  83.199 0.0000000000
76678  -48.430  -31.971  82.681 0.0000000000
77837  -48.058  -31.317  84.026 0.0000000000
80099  -46.820  -30.286  85.360 0.0000000000
80100  -47.288  -30.291  84.915 0.0000000000
81235  -46.507  -29.733  85.495 0.0000000000
81234  -45.952  -29.026  85.833 0.0000000000
75491  -42.630  -33.011  81.922 0.0000000000
75492  -43.328  -33.303  82.398 0.0000000000
75425  -44.107  -32.554  85.381 0.0000000000
76590  -43.886  -31.455  88.707 0.0000000000
76615  -43.916  -32.256  87.194 0.0000000000
78914  -44.482  -30.519  88.076 0.0000000000
77804  -44.603  -31.166  87.617 0.0000000000
77805  -45.065  -31.142  86.741 0.0000000000
76617  -45.200  -31.609  86.297 0.0000000000
77817  -45.715  -31.175  86.034 0.0000000000
82351  -44.731  -27.305  87.343 0.0000000000
82352  -44.910  -28.040  87.086 0.0000000000
82363  -45.028  -26.926  86.806 0.0000000000
83532  -44.774  -26.239  86.991 0.0000000000
84731  -44.508  -25.353  86.877 0.0000000000
84715  -44.247  -25.412  87.546 0.0000000000
85804  -43.112  -24.404  89.045 0.0000000000
85813  -43.502  -24.396  88.396 0.0000000000
86887  -43.200  -23.743  88.703 0.0000000000
87969  -42.670  -22.828  89.001 0.0000000000
87961  -42.487  -22.923  89.546 0.0000000000
83473  -42.417  -26.401  90.471 0.0000000000
84673  -42.469  -25.276  90.156 0.0000000000
84653  -41.885  -25.399  90.761 0.0000000000
73171  -35.254  -33.715  85.751 0.0000000000
75407  -37.122  -32.835  86.355 0.0000000000
74260  -36.653  -33.388  85.857 0.0000000000
78930  -37.131  -31.063  86.689 0.0000000000
77801  -36.844  -31.577  87.038 0.0000000000
77824  -38.942  -31.297  85.615 0.0000000000
81246  -40.205  -28.825  85.072 0.0000000000
82376  -40.778  -28.149  85.712 0.0000000000
81232  -41.380  -28.514  86.270 0.0000000000
82360  -40.395  -27.401  86.032 0.0000000000
81262  -33.595  -29.060  83.913 0.0000000000
80110  -34.062  -29.442  84.785 0.0000000000
82411  -34.765  -27.677  83.614 0.0000000000
82412  -35.690  -27.835  83.744 0.0000000000
81290  -35.989  -28.605  83.855 0.0000000000
83544  -35.712  -26.147  85.885 0.0000000000
83567  -36.987  -26.859  84.897 0.0000000000
83546  -37.814  -26.475  85.698 0.0000000000
83529  -38.731  -26.241  86.669 0.0000000000
83515  -39.623  -26.299  87.743 0.0000000000
83500  -40.432  -26.688  88.728 0.0000000000
83499  -39.435  -26.018  88.929 0.0000000000
67256  -13.494  -40.211  100.556 0.0000000000
67260  -13.647  -40.049  99.899 0.0000000000
66043  -12.820  -41.321  99.362 0.0000000000
63471  -11.888  -42.741  99.392 0.0000000000
63475  -12.032  -42.921  98.342 0.0000000000
66077  -12.792  -41.644  96.206 0.0000000000
66065  -12.742  -41.569  97.365 0.0000000000
62257  -11.060  -44.017  97.141 0.0000000000
62251  -11.146  -44.138  98.075 0.0000000000
61112  -10.054  -45.176  97.419 0.0000000000
60062  -9.077  -46.603  96.725 0.0000000000
60061  -8.714  -47.136  96.838 0.0000000000
58993  -8.428  -47.610  96.759 0.0000000000
63523  -13.051  -43.139  92.605 0.0000000000
60099  -12.366  -45.954  93.008 0.0000000000
60098  -11.786  -45.600  93.318 0.0000000000
59032  -12.714  -47.772  93.932 0.0000000000
57957  -12.316  -48.749  95.075 0.0000000000
56877  -10.829  -49.525  95.343 0.0000000000
59030  -10.386  -47.146  94.365 0.0000000000
57970  -10.186  -47.732  94.521 0.0000000000
59029  -9.756  -47.291  94.789 0.0000000000
55718  -9.024  -50.441  96.419 0.0000000000
56875  -8.843  -49.266  95.797 0.0000000000
56840  -8.254  -50.037  96.472 0.0000000000
56859  -7.951  -49.380  96.508 0.0000000000
55706  -7.892  -50.622  96.921 0.0000000000
54551  -8.532  -51.137  97.047 0.0000000000
53311  -8.973  -52.311  97.669 0.0000000000
60119  -21.011  -46.650  93.026 0.0000000000
60090  -20.226  -47.071  94.390 0.0000000000
60089  -19.358  -46.798  94.512 0.0000000000
56851  -20.367  -49.066  96.274 0.0000000000
57925  -20.183  -48.703  96.173 0.0000000000
55712  -19.654  -49.450  96.407 0.0000000000
56835  -18.734  -49.130  96.520 0.0000000000
57914  -18.918  -48.871  96.514 0.0000000000
57913  -18.503  -48.865  96.518 0.0000000000
58986  -18.502  -48.234  96.375 0.0000000000
57923  -18.205  -48.590  96.486 0.0000000000
58985  -17.772  -48.305  96.516 0.0000000000
56848  -17.897  -48.826  96.508 0.0000000000
53322  -16.223  -50.359  96.349 0.0000000000
53321  -15.386  -50.553  96.574 0.0000000000
91030  -19.651  -19.455  87.366 0.0000000000
92162  -21.258  -17.751  86.839 0.0000000000
91031  -20.313  -18.747  87.554 0.0000000000
92146  -20.797  -18.237  88.075 0.0000000000
91019  -19.983  -19.414  88.311 0.0000000000
77857  -24.879  -31.353  82.125 0.0000000000
77856  -23.826  -31.359  81.752 0.0000000000
77869  -22.706  -31.304  81.416 0.0000000000
77870  -23.207  -31.239  81.548 0.0000000000
78992  -22.264  -30.528  81.313 0.0000000000
74305  -21.631  -34.748  83.173 0.0000000000
74324  -21.828  -34.047  82.551 0.0000000000
75476  -21.100  -33.360  81.928 0.0000000000
77866  -20.016  -31.431  81.508 0.0000000000
76683  -20.678  -32.363  81.554 0.0000000000
81320  -20.565  -28.514  81.293 0.0000000000
80158  -19.899  -29.312  81.370 0.0000000000
81301  -18.883  -28.524  82.468 0.0000000000
81302  -19.363  -28.523  81.778 0.0000000000
82422  -18.815  -27.600  82.976 0.0000000000
69745  -21.561  -38.484  89.339 0.0000000000
69768  -21.539  -38.376  88.420 0.0000000000
69767  -20.916  -38.000  88.126 0.0000000000
72077  -19.756  -36.030  86.694 0.0000000000
72078  -20.132  -36.708  87.123 0.0000000000
73178  -19.576  -35.519  85.369 0.0000000000
74268  -19.139  -34.626  85.693 0.0000000000
75394  -19.290  -33.506  87.261 0.0000000000
76621  -18.712  -32.020  85.865 0.0000000000
76634  -18.628  -32.125  85.007 0.0000000000
77832  -18.502  -31.410  84.505 0.0000000000
81256  -18.189  -28.457  84.384 0.0000000000
83595  -18.557  -26.618  83.388 0.0000000000
83577  -18.115  -26.520  84.250 0.0000000000
84751  -17.929  -25.592  84.704 0.0000000000
83537  -17.608  -26.261  85.929 0.0000000000
85834  -17.702  -24.747  85.179 0.0000000000
85833  -17.568  -24.670  86.016 0.0000000000
87997  -17.679  -23.380  85.763 0.0000000000
86911  -17.596  -23.707  86.482 0.0000000000
81215  -17.642  -28.004  88.435 0.0000000000
81222  -17.647  -27.861  87.553 0.0000000000
82333  -17.488  -27.225  88.169 0.0000000000
85808  -17.507  -24.872  89.023 0.0000000000
84699  -17.398  -25.749  88.212 0.0000000000
86901  -17.565  -23.604  87.638 0.0000000000
87982  -17.714  -22.902  87.908 0.0000000000
87972  -18.073  -22.481  88.487 0.0000000000
87964  -18.853  -21.797  89.501 0.0000000000
89976  -19.990  -19.971  89.323 0.0000000000
87952  -19.357  -21.825  90.412 0.0000000000
87953  -20.192  -21.405  90.800 0.0000000000
85753  -19.085  -25.230  92.919 0.0000000000
85769  -19.356  -24.309  92.495 0.0000000000
85754  -19.744  -24.889  93.162 0.0000000000
84588  -19.620  -25.680  93.768 0.0000000000
80028  -18.776  -29.580  93.106 0.0000000000
82296  -18.190  -27.449  93.287 0.0000000000
81182  -19.151  -28.352  94.610 0.0000000000
81183  -19.576  -28.052  95.256 0.0000000000
82286  -20.024  -27.045  95.398 0.0000000000
81177  -20.195  -28.244  95.800 0.0000000000
81178  -20.803  -28.060  96.337 0.0000000000
80010  -20.853  -29.236  96.034 0.0000000000
77690  -23.641  -31.615  96.634 0.0000000000
80005  -22.593  -30.196  97.098 0.0000000000
78813  -23.513  -31.033  96.993 0.0000000000
78798  -23.758  -30.967  97.598 0.0000000000
74166  -19.556  -34.514  93.973 0.0000000000
74167  -20.286  -34.320  94.155 0.0000000000
75332  -18.613  -33.621  93.694 0.0000000000
75318  -20.094  -33.609  94.623 0.0000000000
75304  -20.832  -33.316  95.107 0.0000000000
76519  -19.871  -32.984  94.758 0.0000000000
74189  -14.957  -34.020  92.342 0.0000000000
75341  -15.797  -33.598  92.375 0.0000000000
76529  -16.373  -32.446  93.705 0.0000000000
77708  -18.142  -31.588  95.079 0.0000000000
77700  -20.114  -32.242  95.701 0.0000000000
76492  -20.817  -32.551  96.033 0.0000000000
77688  -21.874  -32.750  96.715 0.0000000000
77687  -21.303  -32.361  96.769 0.0000000000
77668  -20.067  -31.268  97.874 0.0000000000
77669  -21.160  -31.828  97.669 0.0000000000
77649  -21.826  -31.610  99.707 0.0000000000
77657  -19.789  -31.283  99.115 0.0000000000
77656  -18.669  -31.886  99.319 0.0000000000
76465  -17.845  -32.351  99.092 0.0000000000
76456  -17.954  -32.830  99.901 0.0000000000
75272  -17.442  -33.146  99.508 0.0000000000
71991  -14.224  -36.006  96.114 0.0000000000
73073  -15.039  -35.047  96.984 0.0000000000
73069  -14.916  -35.548  97.318 0.0000000000
70845  -14.490  -37.298  98.228 0.0000000000
71972  -15.240  -35.624  98.059 0.0000000000
71968  -15.438  -36.119  98.846 0.0000000000
73061  -16.143  -35.228  99.181 0.0000000000
73048  -15.998  -35.795  99.428 0.0000000000
71960  -16.214  -35.973  100.227 0.0000000000
69617  -14.292  -38.999  99.792 0.0000000000
69618  -14.591  -38.692  100.173 0.0000000000
68431  -14.342  -39.221  100.223 0.0000000000
68427  -14.419  -39.211  100.596 0.0000000000
97670  -51.000  -13.674  75.483 0.0000000000
97688  -51.573  -13.447  74.447 0.0000000000
97687  -50.739  -12.918  75.033 0.0000000000
79018  -47.557  -29.564  79.039 0.0000000000
80192  -47.910  -28.924  78.889 0.0000000000
80184  -49.230  -29.211  79.542 0.0000000000
81343  -49.955  -28.357  80.675 0.0000000000
81344  -50.014  -28.020  80.878 0.0000000000
82461  -49.941  -27.551  80.719 0.0000000000
81330  -49.989  -27.816  80.963 0.0000000000
81341  -47.266  -28.205  80.910 0.0000000000
82459  -47.947  -27.368  80.950 0.0000000000
82471  -44.421  -26.807  79.695 0.0000000000
83640  -44.648  -25.969  79.622 0.0000000000
83639  -43.904  -26.290  79.354 0.0000000000
78897  -4.935  -30.643  87.021 0.0000000000
78918  -4.609  -30.155  86.177 0.0000000000
78917  -3.692  -30.301  86.092 0.0000000000
76629  -3.866  -31.974  85.208 0.0000000000
76630  -4.377  -32.240  84.727 0.0000000000
76631  -5.051  -32.528  84.334 0.0000000000
75327  -5.348  -33.175  93.764 0.0000000000
74186  -4.885  -34.694  93.505 0.0000000000
66035  -12.989  -40.877  100.607 0.0000000000
66031  -12.631  -40.914  101.066 0.0000000000
66030  -12.021  -41.406  101.314 0.0000000000
63457  -10.536  -42.501  101.329 0.0000000000
64742  -10.289  -42.211  101.611 0.0000000000
64736  -9.828  -41.829  101.990 0.0000000000
64741  -9.753  -42.327  101.756 0.0000000000
62243  -9.268  -44.639  99.829 0.0000000000
63460  -7.339  -43.719  100.764 0.0000000000
62229  -7.807  -43.891  100.735 0.0000000000
63453  -7.678  -43.252  101.365 0.0000000000
63448  -7.989  -42.750  101.786 0.0000000000
63452  -6.943  -43.362  101.146 0.0000000000
64739  -6.892  -42.557  101.750 0.0000000000
63451  -6.547  -43.382  100.799 0.0000000000
63468  -5.278  -44.386  97.634 0.0000000000
63469  -5.518  -43.843  98.287 0.0000000000
63473  -5.364  -44.038  97.349 0.0000000000
93196  -22.799  -17.876  91.157 0.0000000000
93205  -23.188  -17.138  90.995 0.0000000000
94290  -23.752  -16.849  91.669 0.0000000000
95323  -26.760  -14.539  91.910 0.0000000000
95333  -26.071  -15.031  91.091 0.0000000000
96392  -26.852  -13.954  91.133 0.0000000000
97462  -26.063  -13.428  91.314 0.0000000000
96355  -27.644  -14.232  94.343 0.0000000000
95302  -27.354  -14.714  93.771 0.0000000000
97422  -27.663  -13.786  94.592 0.0000000000
94191  -23.422  -16.417  100.466 0.0000000000
94192  -24.352  -16.837  100.750 0.0000000000
95243  -24.423  -15.518  100.426 0.0000000000
98471  -23.688  -12.325  100.158 0.0000000000
97346  -24.502  -13.350  100.398 0.0000000000
98472  -24.554  -12.407  100.271 0.0000000000
98483  -25.299  -12.397  99.530 0.0000000000
97343  -11.779  -13.432  100.987 0.0000000000
97336  -11.824  -13.790  102.041 0.0000000000
97328  -11.015  -14.147  102.721 0.0000000000
97327  -9.776  -14.072  102.534 0.0000000000
96273  -8.924  -14.432  103.174 0.0000000000
93073  -10.269  -17.775  105.031 0.0000000000
93078  -10.041  -17.328  104.319 0.0000000000
94173  -9.561  -17.119  103.965 0.0000000000
96263  -7.620  -15.352  104.184 0.0000000000
97322  -7.826  -14.023  103.313 0.0000000000
98454  -6.251  -12.613  103.329 0.0000000000
97320  -5.972  -13.498  103.859 0.0000000000
96260  -5.537  -14.365  103.813 0.0000000000
97319  -5.371  -13.519  103.417 0.0000000000
97318  -5.045  -12.968  102.879 0.0000000000
98456  -4.839  -12.342  102.612 0.0000000000
97324  -5.205  -13.582  102.644 0.0000000000
85649  -8.439  -24.037  105.320 0.0000000000
87809  -6.203  -22.012  103.529 0.0000000000
87804  -6.880  -22.169  104.121 0.0000000000
88863  -6.602  -21.452  104.106 0.0000000000
89885  -6.357  -20.581  104.008 0.0000000000
90885  -6.237  -19.874  103.727 0.0000000000
88871  -5.412  -21.423  101.358 0.0000000000
91971  -5.981  -18.419  101.705 0.0000000000
91970  -5.729  -18.810  102.225 0.0000000000
91967  -5.773  -18.137  102.476 0.0000000000
91966  -5.854  -18.620  103.023 0.0000000000
94177  -5.674  -16.511  102.822 0.0000000000
95233  -5.897  -15.112  101.787 0.0000000000
97332  -5.222  -13.269  101.631 0.0000000000
99589  -4.777  -11.499  100.047 0.0000000000
97338  -5.767  -13.279  100.313 0.0000000000
97350  -6.646  -13.216  99.414 0.0000000000
98475  -6.105  -12.591  99.313 0.0000000000
98485  -6.306  -12.141  98.570 0.0000000000
99608  -5.930  -11.212  97.643 0.0000000000
98486  -6.978  -12.467  98.313 0.0000000000
94196  -8.372  -16.336  99.083 0.0000000000
95247  -8.431  -15.492  98.934 0.0000000000
95256  -8.749  -15.472  98.098 0.0000000000
97387  -8.824  -12.919  96.803 0.0000000000
97375  -8.575  -13.332  97.433 0.0000000000
98498  -8.079  -12.569  97.421 0.0000000000
98508  -7.666  -11.874  96.841 0.0000000000
99619  -7.836  -11.780  96.503 0.0000000000
100708  -6.707  -10.633  95.739 0.0000000000
99628  -8.160  -11.640  95.896 0.0000000000
99648  -9.150  -11.697  94.181 0.0000000000
99638  -8.187  -11.034  94.674 0.0000000000
100726  -7.780  -10.530  93.651 0.0000000000
99647  -8.643  -10.968  93.478 0.0000000000
100738  -8.031  -10.624  92.707 0.0000000000
96361  -9.752  -14.528  93.407 0.0000000000
97423  -9.901  -13.527  93.037 0.0000000000
96374  -10.078  -14.470  92.440 0.0000000000
95319  -9.848  -15.378  92.968 0.0000000000
93167  -8.177  -16.640  94.454 0.0000000000
93175  -7.659  -17.300  94.133 0.0000000000
93185  -8.692  -17.575  93.264 0.0000000000
93186  -9.425  -17.205  92.889 0.0000000000
92115  -9.406  -17.943  92.520 0.0000000000
93194  -9.729  -17.734  92.308 0.0000000000
92121  -8.921  -18.700  92.162 0.0000000000
90993  -6.840  -19.809  90.646 0.0000000000
89961  -6.198  -19.973  90.101 0.0000000000
88909  -8.298  -21.534  94.918 0.0000000000
88908  -7.503  -21.499  94.571 0.0000000000
87909  -7.073  -21.945  92.757 0.0000000000
88927  -6.580  -21.561  93.647 0.0000000000
88945  -6.381  -21.863  92.915 0.0000000000
88944  -5.852  -21.823  92.862 0.0000000000
85780  -8.953  -24.117  90.004 0.0000000000
86870  -8.547  -23.507  90.540 0.0000000000
86869  -7.462  -23.484  90.587 0.0000000000
86867  -5.343  -23.255  90.635 0.0000000000
86853  -5.994  -23.092  91.277 0.0000000000
87950  -5.081  -22.797  91.044 0.0000000000
88953  -4.878  -22.006  91.764 0.0000000000
88952  -4.536  -21.509  91.518 0.0000000000
88967  -4.374  -21.459  90.361 0.0000000000
88995  -4.537  -21.466  88.500 0.0000000000
89959  -4.707  -20.727  89.657 0.0000000000
89971  -4.756  -20.825  88.694 0.0000000000
89973  -6.109  -20.146  89.046 0.0000000000
89984  -5.226  -20.366  87.902 0.0000000000
89995  -4.824  -21.134  87.512 0.0000000000
87994  -6.119  -22.250  86.376 0.0000000000
88010  -6.845  -22.084  85.721 0.0000000000
87995  -7.052  -22.648  86.288 0.0000000000
84698  -8.123  -25.591  87.374 0.0000000000
84716  -7.720  -24.908  87.092 0.0000000000
84732  -8.947  -25.383  85.272 0.0000000000
85824  -8.342  -24.087  86.350 0.0000000000
85831  -8.860  -24.301  85.882 0.0000000000
66094  -31.639  -40.984  93.410 0.0000000000
62280  -30.915  -43.536  93.699 0.0000000000
64807  -31.618  -41.850  93.502 0.0000000000
82491  -47.714  -27.265  78.153 0.0000000000
70814  -13.178  -38.398  101.154 0.0000000000
69602  -12.454  -39.076  101.187 0.0000000000
68421  -11.897  -39.871  101.363 0.0000000000
67250  -11.475  -40.469  101.517 0.0000000000
70817  -15.446  -37.170  101.408 0.0000000000
71937  -15.667  -36.559  101.806 0.0000000000
70808  -15.445  -36.747  101.772 0.0000000000
70807  -15.199  -36.889  101.828 0.0000000000
73029  -14.223  -36.188  101.338 0.0000000000
80144  -26.647  -29.231  82.197 0.0000000000
81307  -27.042  -28.190  82.141 0.0000000000
82406  -25.115  -27.485  83.930 0.0000000000
82405  -24.452  -27.863  84.002 0.0000000000
81259  -24.137  -27.986  84.238 0.0000000000
62329  -18.523  -44.758  90.051 0.0000000000
61189  -19.084  -45.065  90.365 0.0000000000
81280  -23.766  -28.352  83.092 0.0000000000
64844  -21.999  -42.440  90.824 0.0000000000
64859  -21.669  -42.792  89.843 0.0000000000
64858  -20.882  -42.614  89.265 0.0000000000
64874  -20.346  -42.506  88.788 0.0000000000
64873  -19.630  -42.542  88.372 0.0000000000
63594  -20.151  -43.275  88.630 0.0000000000
62365  -19.733  -43.786  88.779 0.0000000000
97691  -54.489  -13.156  73.626 0.0000000000
98774  -54.297  -12.316  73.642 0.0000000000
98773  -53.490  -12.500  73.749 0.0000000000
98772  -52.336  -12.304  73.809 0.0000000000
95576  -54.992  -15.401  73.490 0.0000000000
77717  -6.282  -31.033  93.178 0.0000000000
77725  -6.019  -31.795  92.834 0.0000000000
76538  -5.815  -32.264  92.892 0.0000000000
75339  -5.507  -33.086  92.797 0.0000000000
93231  -22.702  -17.191  87.475 0.0000000000
94326  -23.961  -16.579  87.326 0.0000000000
93223  -23.344  -16.792  88.134 0.0000000000
94317  -23.849  -16.521  88.257 0.0000000000
94318  -24.891  -15.825  88.744 0.0000000000
96308  -13.642  -14.039  97.781 0.0000000000
97390  -13.200  -13.528  97.023 0.0000000000
97399  -12.405  -12.763  96.225 0.0000000000
98521  -12.173  -12.414  95.660 0.0000000000
98520  -11.454  -11.832  95.461 0.0000000000
98512  -11.069  -12.044  96.372 0.0000000000
98500  -10.143  -11.961  97.327 0.0000000000
98499  -9.496  -11.540  97.658 0.0000000000
98488  -9.259  -11.800  98.412 0.0000000000
98468  -9.644  -12.802  100.179 0.0000000000
81173  -6.016  -29.140  95.973 0.0000000000
81167  -6.477  -28.780  96.518 0.0000000000
81174  -7.033  -28.919  95.449 0.0000000000
81179  -7.264  -29.095  94.793 0.0000000000
80020  -7.013  -29.696  94.090 0.0000000000
74223  -31.344  -34.525  89.887 0.0000000000
75369  -32.130  -33.868  90.337 0.0000000000
75348  -33.304  -33.713  92.466 0.0000000000
75336  -30.757  -33.166  93.853 0.0000000000
75347  -30.407  -33.218  93.328 0.0000000000
76550  -29.705  -32.974  91.835 0.0000000000
76560  -29.027  -33.056  91.052 0.0000000000
76570  -28.039  -33.220  89.508 0.0000000000
63494  -26.467  -43.911  95.056 0.0000000000
61129  -26.754  -45.508  94.509 0.0000000000
75376  -27.749  -33.552  89.607 0.0000000000
75367  -27.894  -33.915  90.420 0.0000000000
64761  -25.051  -41.559  97.153 0.0000000000
63482  -26.302  -42.993  95.830 0.0000000000
93355  -49.189  -17.809  79.128 0.0000000000
92249  -48.991  -18.194  80.525 0.0000000000
89115  -44.344  -21.586  79.054 0.0000000000
92319  -48.101  -18.225  75.885 0.0000000000
74120  -6.017  -34.927  98.124 0.0000000000
64758  -6.829  -42.439  97.375 0.0000000000
64765  -6.514  -42.960  96.765 0.0000000000
79996  -22.711  -29.304  97.974 0.0000000000
82275  -22.318  -27.636  97.447 0.0000000000
81165  -22.697  -28.078  98.028 0.0000000000
82270  -23.176  -27.629  98.431 0.0000000000
82271  -23.334  -27.284  98.968 0.0000000000
84511  -17.031  -25.661  101.036 0.0000000000
84527  -16.742  -25.089  99.025 0.0000000000
85699  -15.279  -24.358  96.829 0.0000000000
86771  -14.633  -23.864  96.561 0.0000000000
86766  -14.269  -23.864  97.494 0.0000000000
86765  -13.565  -23.499  97.572 0.0000000000
86760  -13.382  -23.546  98.371 0.0000000000
86759  -12.792  -23.150  98.584 0.0000000000
85667  -13.504  -24.730  100.322 0.0000000000
75287  -10.979  -33.531  96.256 0.0000000000
76498  -10.841  -32.168  95.625 0.0000000000
76484  -9.016  -32.317  96.205 0.0000000000
74335  -43.788  -34.026  81.945 0.0000000000
80059  -42.490  -30.149  88.494 0.0000000000
78893  -42.834  -30.439  89.078 0.0000000000
81218  -42.411  -29.718  88.941 0.0000000000
80048  -42.427  -29.196  89.697 0.0000000000
81203  -41.979  -28.527  89.991 0.0000000000
82329  -41.533  -28.074  89.967 0.0000000000
83484  -40.416  -26.585  89.704 0.0000000000
64797  -13.134  -41.764  93.854 0.0000000000
64811  -12.944  -42.245  93.595 0.0000000000
55688  -13.148  -50.847  97.712 0.0000000000
89051  -19.335  -21.353  82.333 0.0000000000
70989  -23.364  -37.271  86.595 0.0000000000
72099  -22.592  -36.658  85.465 0.0000000000
70988  -22.588  -37.451  86.383 0.0000000000
70987  -21.627  -37.521  86.457 0.0000000000
76569  -20.272  -32.477  90.119 0.0000000000
77764  -20.102  -31.822  90.388 0.0000000000
77751  -19.930  -31.397  90.750 0.0000000000
77738  -20.226  -31.420  91.392 0.0000000000
78850  -20.274  -31.187  91.909 0.0000000000
77739  -20.890  -31.706  91.835 0.0000000000
69707  -13.695  -38.672  91.272 0.0000000000
70916  -13.621  -37.606  91.713 0.0000000000
70891  -13.396  -37.625  93.973 0.0000000000
68471  -13.382  -39.499  94.293 0.0000000000
81272  -46.405  -29.235  84.382 0.0000000000
80083  -7.068  -29.351  85.492 0.0000000000
81238  -6.530  -28.730  85.089 0.0000000000
80081  -4.799  -29.573  85.440 0.0000000000
58979  -7.906  -47.099  97.737 0.0000000000
60050  -8.383  -46.376  98.171 0.0000000000
93128  -26.771  -17.944  98.353 0.0000000000
93129  -27.344  -17.257  98.061 0.0000000000
93120  -27.161  -17.369  98.881 0.0000000000
94210  -26.997  -16.751  99.551 0.0000000000
95245  -26.204  -15.641  100.351 0.0000000000
103713  -5.218  -7.455  101.585 0.0000000000
102706  -4.813  -8.506  100.176 0.0000000000
100677  -4.519  -10.360  99.323 0.0000000000
87803  -9.911  -22.710  105.538 0.0000000000
88862  -9.755  -21.840  105.553 0.0000000000
87802  -9.264  -22.926  105.865 0.0000000000
88860  -8.570  -21.853  105.363 0.0000000000
87844  -6.974  -21.899  98.158 0.0000000000
88878  -5.934  -21.528  98.250 0.0000000000
81214  -10.692  -28.725  88.192 0.0000000000
82332  -10.790  -27.748  88.470 0.0000000000
82344  -10.493  -28.021  87.827 0.0000000000
82343  -10.022  -27.806  87.215 0.0000000000
83519  -9.349  -27.259  86.846 0.0000000000
82354  -9.470  -28.028  86.456 0.0000000000
81241  -8.895  -28.633  85.811 0.0000000000
91018  -10.091  -19.111  88.372 0.0000000000
92151  -10.625  -18.563  87.370 0.0000000000
91029  -9.736  -19.194  87.362 0.0000000000
72033  -34.146  -36.896  92.776 0.0000000000
70909  -34.166  -37.505  92.396 0.0000000000
69675  -32.952  -38.029  94.024 0.0000000000
69659  -33.425  -37.459  94.440 0.0000000000
71984  -32.602  -35.781  95.707 0.0000000000
73077  -32.069  -35.291  95.701 0.0000000000
73086  -30.625  -35.349  95.623 0.0000000000
69714  -34.052  -38.697  91.159 0.0000000000
61114  -28.795  -44.995  95.690 0.0000000000
57951  -29.211  -47.267  94.797 0.0000000000
73075  -30.308  -35.792  95.757 0.0000000000
70868  -30.085  -37.053  95.480 0.0000000000
64804  -30.110  -42.102  94.302 0.0000000000
66091  -29.532  -41.454  94.303 0.0000000000
66082  -28.863  -41.917  94.861 0.0000000000
66081  -28.184  -41.492  95.329 0.0000000000
63486  -28.841  -43.687  95.862 0.0000000000
89117  -47.906  -22.144  78.867 0.0000000000
88092  -48.274  -22.593  78.952 0.0000000000
87000  -48.865  -23.314  79.932 0.0000000000
85894  -49.538  -24.887  80.664 0.0000000000
86982  -49.374  -24.390  80.915 0.0000000000
85884  -49.399  -24.824  81.011 0.0000000000
86988  -47.732  -23.651  81.325 0.0000000000
85892  -46.797  -24.307  80.739 0.0000000000
73044  -8.992  -36.293  99.513 0.0000000000
73045  -9.573  -36.529  99.419 0.0000000000
71943  -8.755  -37.221  100.686 0.0000000000
69595  -8.772  -39.405  102.337 0.0000000000
69598  -8.447  -38.860  102.179 0.0000000000
68414  -7.902  -39.552  102.917 0.0000000000
69591  -7.171  -39.537  103.227 0.0000000000
67248  -6.472  -40.654  101.881 0.0000000000
67242  -6.483  -40.943  102.500 0.0000000000
64746  -6.335  -42.385  100.968 0.0000000000
77632  -21.307  -31.474  101.658 0.0000000000
77630  -19.847  -32.125  101.942 0.0000000000
76448  -19.711  -32.229  102.471 0.0000000000
76439  -19.907  -32.183  102.874 0.0000000000
76435  -17.239  -33.140  103.079 0.0000000000
76436  -17.885  -32.559  103.326 0.0000000000
77621  -17.206  -32.083  102.716 0.0000000000
78754  -18.246  -30.384  102.547 0.0000000000
79948  -18.162  -29.376  101.977 0.0000000000
78765  -17.731  -30.240  101.714 0.0000000000
79961  -17.562  -29.411  100.821 0.0000000000
79960  -17.243  -29.705  100.394 0.0000000000
79971  -16.990  -29.328  99.949 0.0000000000
78777  -16.540  -30.228  99.569 0.0000000000
78776  -16.059  -30.927  99.242 0.0000000000
73047  -13.439  -35.336  99.582 0.0000000000
73059  -13.106  -35.301  99.048 0.0000000000
73058  -12.630  -35.315  98.614 0.0000000000
74134  -12.365  -34.748  97.749 0.0000000000
73067  -11.618  -35.454  98.021 0.0000000000
74279  -38.628  -33.326  84.898 0.0000000000
77815  -41.041  -31.623  86.136 0.0000000000
78932  -41.232  -31.277  86.128 0.0000000000
80128  -30.902  -28.945  83.601 0.0000000000
81284  -30.587  -28.589  83.120 0.0000000000
81311  -31.030  -28.023  82.819 0.0000000000
83582  -28.254  -26.051  83.465 0.0000000000
83583  -29.055  -26.027  83.007 0.0000000000
84754  -28.907  -25.672  84.130 0.0000000000
64842  -14.575  -42.351  90.182 0.0000000000
63537  -14.935  -43.641  90.647 0.0000000000
61170  -15.155  -44.605  91.402 0.0000000000
60085  -16.307  -46.757  94.573 0.0000000000
59036  -16.605  -47.069  95.160 0.0000000000
59014  -16.571  -47.482  95.751 0.0000000000
57939  -16.283  -48.453  96.455 0.0000000000
68476  -21.239  -39.602  94.566 0.0000000000
68475  -20.223  -39.122  94.397 0.0000000000
67312  -18.466  -40.186  93.369 0.0000000000
68473  -18.019  -39.464  94.842 0.0000000000
68491  -18.009  -39.522  93.908 0.0000000000
68472  -17.692  -38.775  94.393 0.0000000000
70880  -18.647  -37.213  94.383 0.0000000000
70878  -17.792  -37.255  94.586 0.0000000000
72005  -17.925  -36.746  94.214 0.0000000000
70904  -17.585  -37.263  93.022 0.0000000000
69724  -17.659  -38.344  90.056 0.0000000000
64884  -17.044  -41.861  87.574 0.0000000000
66166  -17.456  -41.382  87.532 0.0000000000
66152  -16.100  -41.925  87.877 0.0000000000
66151  -15.538  -41.363  87.940 0.0000000000
67346  -15.000  -40.437  88.293 0.0000000000
67345  -14.522  -40.497  89.084 0.0000000000
66150  -14.845  -41.337  88.759 0.0000000000
66139  -14.549  -41.387  89.628 0.0000000000
87991  -42.955  -22.864  87.582 0.0000000000
86919  -42.899  -23.205  86.865 0.0000000000
97741  -55.746  -14.041  70.819 0.0000000000
77778  -7.566  -31.310  89.171 0.0000000000
77776  -6.234  -31.408  88.781 0.0000000000
77759  -5.685  -31.664  89.378 0.0000000000
75363  -4.861  -33.617  90.479 0.0000000000
75373  -4.473  -33.587  89.377 0.0000000000
73156  -3.843  -35.487  88.225 0.0000000000
93101  -19.885  -17.903  100.604 0.0000000000
93116  -20.155  -17.493  100.219 0.0000000000
94204  -19.478  -17.155  99.604 0.0000000000
94221  -19.876  -16.806  98.770 0.0000000000
94243  -19.661  -16.140  97.112 0.0000000000
97427  -15.418  -13.095  93.537 0.0000000000
98542  -16.395  -12.635  93.586 0.0000000000
99654  -16.232  -11.525  93.375 0.0000000000
99655  -17.072  -11.672  93.752 0.0000000000
100721  -17.454  -10.517  94.771 0.0000000000
101749  -16.976  -9.891  94.830 0.0000000000
101748  -16.472  -9.371  94.438 0.0000000000
102751  -15.981  -8.318  94.480 0.0000000000
102736  -9.755  -8.353  95.923 0.0000000000
103757  -10.295  -7.786  95.801 0.0000000000
103746  -9.957  -7.550  96.462 0.0000000000
104811  -8.248  -6.422  100.712 0.0000000000
101703  -6.748  -9.385  100.943 0.0000000000
100662  -6.670  -10.185  101.148 0.0000000000
100660  -6.374  -10.136  101.862 0.0000000000
101698  -5.681  -9.418  102.546 0.0000000000
100658  -6.041  -10.230  102.425 0.0000000000
82231  -9.314  -27.086  102.272 0.0000000000
83375  -9.822  -26.301  101.435 0.0000000000
83408  -9.616  -27.062  97.622 0.0000000000
83405  -10.191  -26.335  98.822 0.0000000000
85679  -10.125  -24.315  99.136 0.0000000000
86757  -9.413  -23.192  98.834 0.0000000000
86758  -10.177  -23.669  98.294 0.0000000000
86763  -10.405  -23.562  97.454 0.0000000000
86768  -10.409  -23.232  96.462 0.0000000000
85714  -10.948  -23.968  96.029 0.0000000000
85715  -11.199  -24.437  95.330 0.0000000000
81188  -9.597  -28.878  92.878 0.0000000000
81186  -10.183  -28.207  93.183 0.0000000000
80027  -9.741  -29.098  92.492 0.0000000000
80031  -10.148  -29.259  91.879 0.0000000000
80033  -10.673  -29.282  91.033 0.0000000000
80034  -11.028  -28.955  90.534 0.0000000000
78857  -10.245  -29.966  90.829 0.0000000000
78868  -9.457  -30.734  89.774 0.0000000000
94305  -10.676  -16.488  90.084 0.0000000000
93202  -10.534  -17.291  90.761 0.0000000000
92123  -10.305  -17.856  91.315 0.0000000000
75372  -34.487  -32.376  90.617 0.0000000000
76573  -34.717  -32.231  90.391 0.0000000000
77768  -35.311  -31.368  89.646 0.0000000000
74184  -34.420  -34.724  93.964 0.0000000000
76537  -34.348  -32.882  94.094 0.0000000000
77731  -32.195  -31.389  92.281 0.0000000000
77742  -31.903  -31.199  91.366 0.0000000000
78860  -32.467  -30.695  90.206 0.0000000000
78906  -31.991  -30.297  87.583 0.0000000000
78904  -30.226  -31.034  87.412 0.0000000000
76595  -28.231  -32.250  87.458 0.0000000000
77797  -28.787  -31.739  87.026 0.0000000000
77834  -27.717  -31.328  84.300 0.0000000000
76652  -26.380  -32.103  83.617 0.0000000000
62313  -23.709  -44.693  91.325 0.0000000000
61179  -23.951  -45.392  91.872 0.0000000000
59042  -25.667  -47.386  94.257 0.0000000000
59023  -25.139  -47.871  94.372 0.0000000000
56868  -23.342  -49.180  95.164 0.0000000000
55722  -22.666  -49.354  95.246 0.0000000000
75437  -25.853  -33.196  84.963 0.0000000000
74230  -26.265  -34.789  88.560 0.0000000000
74229  -25.711  -35.323  88.083 0.0000000000
73159  -25.149  -35.888  87.576 0.0000000000
73158  -24.729  -36.109  87.110 0.0000000000
72073  -25.271  -36.546  88.348 0.0000000000
72021  -28.189  -36.215  94.281 0.0000000000
72008  -27.254  -37.049  94.904 0.0000000000
70883  -27.191  -37.137  94.517 0.0000000000
69684  -25.024  -38.968  94.177 0.0000000000
68496  -24.028  -39.375  94.004 0.0000000000
68478  -23.191  -39.537  94.934 0.0000000000
68453  -22.489  -39.657  96.742 0.0000000000
68442  -21.830  -40.061  97.248 0.0000000000
64787  -24.519  -42.297  95.396 0.0000000000
64786  -23.305  -41.975  95.744 0.0000000000
64815  -23.773  -42.482  93.353 0.0000000000
64825  -22.891  -42.293  92.566 0.0000000000
93377  -53.154  -17.838  76.849 0.0000000000
94474  -52.899  -16.460  76.695 0.0000000000
95517  -51.729  -15.385  79.109 0.0000000000
96522  -50.168  -15.473  80.628 0.0000000000
96523  -50.509  -15.350  80.411 0.0000000000
96568  -49.560  -14.253  78.793 0.0000000000
96567  -49.113  -14.553  78.334 0.0000000000
90063  -47.950  -20.570  81.287 0.0000000000
91156  -45.199  -19.128  78.201 0.0000000000
92272  -45.772  -18.683  78.637 0.0000000000
93431  -50.914  -17.902  73.573 0.0000000000
93417  -51.102  -17.909  74.659 0.0000000000
93418  -51.617  -18.256  74.848 0.0000000000
92334  -52.073  -18.515  74.719 0.0000000000
92335  -52.755  -18.655  74.187 0.0000000000
92308  -52.953  -18.593  76.194 0.0000000000
92290  -53.254  -18.243  76.429 0.0000000000
74153  -4.441  -34.698  96.080 0.0000000000
71973  -4.497  -35.780  96.914 0.0000000000
71974  -5.167  -36.447  96.718 0.0000000000
70862  -7.135  -37.201  95.490 0.0000000000
69646  -9.065  -38.760  94.416 0.0000000000
71939  -5.650  -37.018  100.802 0.0000000000
70830  -5.768  -37.577  99.819 0.0000000000
66075  -7.919  -41.806  95.832 0.0000000000
66064  -8.290  -41.166  96.443 0.0000000000
66076  -8.445  -41.380  95.348 0.0000000000
86861  -21.585  -22.637  92.140 0.0000000000
87936  -21.994  -21.992  91.946 0.0000000000
87913  -22.388  -22.681  92.384 0.0000000000
87914  -23.146  -22.193  92.394 0.0000000000
87915  -23.982  -22.118  92.733 0.0000000000
86793  -23.273  -23.875  94.809 0.0000000000
86810  -23.781  -23.435  94.119 0.0000000000
88920  -24.706  -21.674  94.132 0.0000000000
89922  -24.475  -20.693  94.544 0.0000000000
81122  -22.383  -28.378  101.706 0.0000000000
83387  -22.698  -27.456  100.800 0.0000000000
83386  -22.153  -27.457  100.916 0.0000000000
84532  -21.609  -26.298  100.032 0.0000000000
84540  -21.278  -25.765  99.158 0.0000000000
85718  -18.174  -24.178  96.084 0.0000000000
86788  -18.752  -23.716  95.684 0.0000000000
86806  -18.192  -23.200  94.899 0.0000000000
88915  -19.203  -21.926  94.198 0.0000000000
88934  -19.510  -21.226  93.850 0.0000000000
89936  -19.833  -20.400  93.679 0.0000000000
90937  -19.510  -19.012  94.284 0.0000000000
92090  -19.854  -18.753  95.186 0.0000000000
92068  -19.163  -18.602  96.099 0.0000000000
92089  -18.818  -18.695  95.062 0.0000000000
92067  -18.115  -18.552  95.948 0.0000000000
92066  -17.275  -18.611  95.684 0.0000000000
90930  -12.790  -19.822  94.895 0.0000000000
90931  -13.581  -19.610  94.494 0.0000000000
90920  -13.037  -19.035  94.963 0.0000000000
92062  -12.912  -18.259  95.582 0.0000000000
93143  -13.192  -17.414  96.437 0.0000000000
94229  -13.440  -16.581  97.851 0.0000000000
93133  -12.889  -16.903  97.182 0.0000000000
94213  -12.137  -16.542  98.362 0.0000000000
94198  -11.677  -16.428  99.414 0.0000000000
93110  -11.127  -17.273  99.232 0.0000000000
93109  -10.652  -17.730  99.536 0.0000000000
91992  -10.268  -18.502  99.923 0.0000000000
87829  -11.265  -22.800  101.261 0.0000000000
87834  -10.954  -22.213  100.684 0.0000000000
87823  -11.161  -22.868  102.373 0.0000000000
87817  -10.957  -22.941  103.461 0.0000000000
82263  -14.550  -27.583  99.727 0.0000000000
81140  -14.192  -27.949  99.151 0.0000000000
81150  -13.614  -28.313  98.579 0.0000000000
79989  -10.734  -29.592  98.566 0.0000000000
79980  -11.187  -29.474  99.008 0.0000000000
79969  -10.953  -29.412  99.928 0.0000000000
79947  -10.786  -29.411  102.435 0.0000000000
79946  -9.909  -29.851  102.108 0.0000000000
78752  -9.446  -29.796  102.642 0.0000000000
79932  -9.151  -29.621  103.057 0.0000000000
78761  -8.942  -29.947  102.079 0.0000000000
79955  -7.921  -29.649  100.656 0.0000000000
78803  -6.828  -30.779  96.939 0.0000000000
78788  -5.702  -30.185  97.541 0.0000000000
77877  -45.994  -31.770  80.152 0.0000000000
75517  -46.827  -33.301  82.289 0.0000000000
76657  -47.747  -32.236  83.953 0.0000000000
77836  -47.790  -31.599  84.341 0.0000000000
76640  -47.450  -31.946  84.482 0.0000000000
77827  -46.966  -31.272  85.124 0.0000000000
78950  -46.804  -30.873  85.371 0.0000000000
75468  -43.548  -32.913  83.338 0.0000000000
75413  -44.329  -32.271  86.258 0.0000000000
78879  -43.686  -30.295  89.399 0.0000000000
78894  -44.167  -30.478  88.934 0.0000000000
80060  -44.377  -29.663  88.476 0.0000000000
80061  -44.689  -29.675  87.444 0.0000000000
82342  -44.163  -27.554  88.503 0.0000000000
84696  -43.988  -25.735  88.140 0.0000000000
83502  -43.896  -26.477  88.513 0.0000000000
84674  -42.918  -25.321  89.539 0.0000000000
84652  -41.379  -25.099  91.266 0.0000000000
85775  -41.057  -24.424  91.545 0.0000000000
76609  -37.118  -32.144  86.720 0.0000000000
80094  -37.691  -30.235  85.362 0.0000000000
78945  -37.442  -30.728  86.062 0.0000000000
80095  -38.658  -30.162  85.130 0.0000000000
80096  -39.726  -29.885  85.155 0.0000000000
81268  -39.128  -28.705  84.635 0.0000000000
82374  -39.342  -27.470  84.907 0.0000000000
82410  -33.806  -27.500  83.381 0.0000000000
83588  -34.440  -26.905  83.729 0.0000000000
68430  -14.034  -39.347  99.703 0.0000000000
63492  -12.123  -43.054  95.888 0.0000000000
63491  -11.650  -43.632  96.099 0.0000000000
62266  -11.163  -44.096  96.292 0.0000000000
62265  -10.734  -44.448  96.565 0.0000000000
61120  -10.229  -45.159  96.243 0.0000000000
59010  -9.053  -47.439  95.565 0.0000000000
61151  -12.878  -44.819  92.498 0.0000000000
61136  -12.849  -45.520  92.660 0.0000000000
56876  -9.674  -49.413  95.474 0.0000000000
54552  -9.229  -51.212  97.081 0.0000000000
54529  -9.397  -51.841  97.484 0.0000000000
60108  -21.484  -46.943  93.577 0.0000000000
60091  -21.061  -47.226  94.154 0.0000000000
59037  -20.709  -47.499  94.740 0.0000000000
59018  -20.209  -47.691  95.301 0.0000000000
53329  -18.942  -50.314  95.717 0.0000000000
54549  -19.114  -49.821  96.378 0.0000000000
54556  -18.709  -50.094  96.098 0.0000000000
54548  -18.466  -49.800  96.269 0.0000000000
54547  -17.747  -49.782  96.184 0.0000000000
55701  -17.406  -49.463  96.331 0.0000000000
54554  -17.388  -50.085  96.083 0.0000000000
53327  -16.953  -50.326  95.926 0.0000000000
53334  -16.263  -50.719  95.630 0.0000000000
92172  -21.151  -17.754  85.922 0.0000000000
92171  -20.267  -18.462  85.585 0.0000000000
91042  -19.977  -18.875  86.603 0.0000000000
76666  -23.404  -32.448  81.904 0.0000000000
76665  -22.940  -32.648  81.819 0.0000000000
76685  -22.526  -32.329  81.582 0.0000000000
75475  -20.206  -33.568  82.479 0.0000000000
76682  -19.867  -32.209  81.926 0.0000000000
78989  -19.485  -30.431  81.686 0.0000000000
78976  -18.938  -30.357  82.452 0.0000000000
69725  -20.856  -38.038  90.046 0.0000000000
72071  -20.076  -36.627  88.101 0.0000000000
72070  -19.772  -35.920  87.583 0.0000000000
77808  -18.777  -31.694  86.948 0.0000000000
77807  -18.590  -31.459  86.350 0.0000000000
78955  -18.357  -30.711  84.933 0.0000000000
83556  -17.858  -26.389  85.135 0.0000000000
82368  -17.722  -27.095  85.629 0.0000000000
82367  -17.604  -26.893  86.299 0.0000000000
83536  -17.568  -26.206  86.682 0.0000000000
82322  -17.440  -27.293  89.016 0.0000000000
83477  -17.326  -26.552  89.611 0.0000000000
84680  -17.388  -25.757  89.295 0.0000000000
86891  -17.898  -22.999  89.023 0.0000000000
86882  -17.692  -24.198  89.868 0.0000000000
86874  -18.281  -23.808  90.806 0.0000000000
87933  -18.979  -23.362  91.435 0.0000000000
85783  -18.220  -24.492  91.322 0.0000000000
85768  -18.487  -24.950  92.279 0.0000000000
84602  -18.767  -25.730  93.007 0.0000000000
78824  -20.336  -30.393  94.167 0.0000000000
78825  -21.203  -30.803  94.397 0.0000000000
80018  -20.644  -30.135  95.045 0.0000000000
78819  -21.407  -30.501  95.328 0.0000000000
80011  -21.679  -30.152  96.098 0.0000000000
78820  -22.215  -30.798  95.504 0.0000000000
77701  -23.299  -31.547  95.930 0.0000000000
74177  -17.990  -34.498  93.017 0.0000000000
74178  -18.521  -34.599  93.572 0.0000000000
75331  -17.772  -33.622  92.957 0.0000000000
76531  -18.265  -32.929  93.687 0.0000000000
75328  -14.653  -33.738  93.913 0.0000000000
76528  -15.929  -32.528  93.776 0.0000000000
76515  -15.895  -32.391  94.211 0.0000000000
77698  -18.142  -31.361  96.133 0.0000000000
77686  -20.313  -31.742  96.625 0.0000000000
77667  -18.888  -31.306  98.172 0.0000000000
76473  -16.850  -32.607  97.759 0.0000000000
75279  -16.383  -33.670  98.081 0.0000000000
70854  -14.366  -36.820  97.410 0.0000000000
70853  -14.032  -37.593  97.363 0.0000000000
69630  -14.373  -37.907  98.588 0.0000000000
70840  -14.734  -37.643  99.124 0.0000000000
69623  -14.122  -38.836  99.360 0.0000000000
98743  -50.422  -12.046  76.419 0.0000000000
79011  -49.655  -29.808  80.062 0.0000000000
80166  -45.708  -29.579  81.642 0.0000000000
80167  -46.749  -29.358  81.513 0.0000000000
80178  -46.039  -29.206  81.233 0.0000000000
81340  -46.270  -28.567  80.838 0.0000000000
82457  -45.692  -27.566  80.346 0.0000000000
82456  -44.639  -27.648  79.984 0.0000000000
77790  -3.566  -31.410  86.978 0.0000000000
78916  -3.330  -30.833  86.291 0.0000000000
77806  -3.338  -31.474  86.114 0.0000000000
73098  -4.676  -35.442  94.027 0.0000000000
72024  -4.552  -36.407  92.339 0.0000000000
64751  -11.783  -42.537  100.372 0.0000000000
64748  -12.018  -42.124  100.862 0.0000000000
64747  -11.414  -42.488  100.818 0.0000000000
63463  -10.673  -42.926  100.825 0.0000000000
63462  -10.018  -43.215  100.949 0.0000000000
61092  -7.254  -45.062  99.167 0.0000000000
61087  -7.840  -44.720  99.690 0.0000000000
62242  -6.934  -44.528  99.580 0.0000000000
62233  -6.636  -44.181  99.861 0.0000000000
62232  -6.093  -44.188  99.547 0.0000000000
63458  -6.273  -43.619  100.136 0.0000000000
63464  -5.457  -44.350  98.370 0.0000000000
62249  -4.764  -44.786  97.105 0.0000000000
94282  -24.331  -16.842  92.636 0.0000000000
94291  -24.469  -16.141  91.569 0.0000000000
95321  -24.999  -15.913  92.150 0.0000000000
95322  -25.867  -15.382  92.218 0.0000000000
95324  -27.130  -14.168  92.388 0.0000000000
96341  -27.054  -13.732  95.379 0.0000000000
95264  -23.131  -14.620  98.971 0.0000000000
96284  -23.805  -14.202  99.738 0.0000000000
97370  -22.965  -13.442  99.176 0.0000000000
98481  -23.365  -12.521  99.881 0.0000000000
98470  -23.009  -11.976  99.974 0.0000000000
103744  -5.961  -7.640  96.800 0.0000000000
103745  -6.534  -7.269  96.294 0.0000000000
95232  -12.086  -15.200  102.526 0.0000000000
96276  -12.093  -14.834  102.925 0.0000000000
95231  -11.690  -15.654  103.121 0.0000000000
95228  -11.226  -15.861  103.828 0.0000000000
96269  -10.321  -15.363  103.660 0.0000000000
94168  -8.759  -16.922  103.958 0.0000000000
95221  -7.286  -15.841  104.330 0.0000000000
96261  -5.981  -14.524  104.274 0.0000000000
95220  -6.418  -15.596  104.388 0.0000000000
86735  -8.188  -23.627  103.953 0.0000000000
86734  -7.830  -23.200  104.156 0.0000000000
86737  -7.593  -23.096  103.330 0.0000000000
87808  -5.851  -21.636  103.249 0.0000000000
90896  -6.005  -19.336  100.993 0.0000000000
90895  -5.661  -19.982  101.292 0.0000000000
94178  -6.021  -16.522  102.119 0.0000000000
94180  -6.537  -16.476  101.586 0.0000000000
95234  -6.566  -15.481  101.303 0.0000000000
96278  -6.599  -14.836  100.876 0.0000000000
96280  -6.198  -13.949  100.423 0.0000000000
96281  -6.879  -14.421  100.218 0.0000000000
96288  -7.238  -13.976  99.584 0.0000000000
94227  -8.645  -16.278  97.424 0.0000000000
95267  -9.037  -15.450  97.148 0.0000000000
97376  -9.230  -13.845  96.940 0.0000000000
98510  -8.900  -12.766  96.485 0.0000000000
98518  -8.536  -12.130  96.082 0.0000000000
98519  -8.964  -12.571  95.863 0.0000000000
98527  -9.428  -12.607  94.772 0.0000000000
98536  -9.677  -12.572  93.644 0.0000000000
96343  -9.481  -14.652  94.098 0.0000000000
92103  -6.335  -18.599  93.646 0.0000000000
92104  -7.481  -17.799  93.662 0.0000000000
92112  -6.471  -18.802  93.068 0.0000000000
92113  -7.170  -18.630  93.033 0.0000000000
90969  -7.808  -18.990  92.333 0.0000000000
90981  -5.973  -19.601  91.289 0.0000000000
87892  -9.215  -22.090  93.218 0.0000000000
87910  -8.352  -22.136  92.513 0.0000000000
87930  -7.597  -22.500  91.838 0.0000000000
85778  -6.920  -24.027  90.109 0.0000000000
85776  -5.600  -23.735  90.247 0.0000000000
86880  -4.689  -22.937  90.157 0.0000000000
87962  -4.345  -22.248  89.847 0.0000000000
86888  -4.469  -22.886  89.303 0.0000000000
87970  -4.355  -22.137  88.942 0.0000000000
87979  -4.472  -22.024  88.237 0.0000000000
89007  -4.676  -21.529  87.832 0.0000000000
87980  -4.801  -22.261  87.587 0.0000000000
86899  -6.137  -23.393  87.146 0.0000000000
84748  -9.023  -25.909  84.730 0.0000000000
67321  -33.906  -39.649  91.948 0.0000000000
68508  -34.102  -39.104  92.581 0.0000000000
67315  -33.596  -39.716  92.416 0.0000000000
68497  -33.436  -39.330  93.003 0.0000000000
67302  -32.833  -39.474  93.206 0.0000000000
69674  -32.305  -38.141  94.020 0.0000000000
69673  -31.482  -38.225  94.061 0.0000000000
60066  -29.891  -45.466  94.919 0.0000000000
60096  -30.157  -45.490  93.876 0.0000000000
66092  -30.468  -41.276  93.863 0.0000000000
66093  -31.142  -41.131  93.627 0.0000000000
64805  -30.709  -42.014  94.081 0.0000000000
64791  -30.219  -42.730  94.496 0.0000000000
83667  -48.544  -25.969  78.622 0.0000000000
84831  -49.408  -25.466  79.602 0.0000000000
84820  -49.623  -25.748  80.302 0.0000000000
84821  -49.573  -25.999  80.593 0.0000000000
70832  -11.205  -37.649  99.997 0.0000000000
70831  -10.240  -37.654  100.140 0.0000000000
70823  -10.802  -38.195  100.477 0.0000000000
69600  -10.208  -39.297  101.422 0.0000000000
67243  -8.620  -40.491  102.891 0.0000000000
67241  -8.827  -40.901  102.792 0.0000000000
74113  -17.060  -34.629  101.150 0.0000000000
75262  -17.695  -33.883  101.511 0.0000000000
74109  -17.210  -34.397  101.873 0.0000000000
73028  -16.893  -34.740  101.934 0.0000000000
74106  -17.076  -34.203  102.409 0.0000000000
71930  -15.898  -36.095  102.069 0.0000000000
74105  -16.653  -34.381  102.508 0.0000000000
75249  -16.115  -34.121  102.404 0.0000000000
75256  -16.338  -33.239  102.285 0.0000000000
75261  -15.503  -33.393  101.296 0.0000000000
76450  -15.798  -32.527  100.781 0.0000000000
74111  -14.586  -34.930  100.920 0.0000000000
74110  -14.211  -34.958  100.410 0.0000000000
73036  -13.948  -35.539  100.547 0.0000000000
71957  -13.338  -36.010  99.986 0.0000000000
71956  -12.695  -36.692  99.737 0.0000000000
73206  -38.248  -33.575  84.664 0.0000000000
80126  -29.193  -29.361  83.290 0.0000000000
82427  -27.716  -27.361  82.418 0.0000000000
83600  -27.418  -26.621  82.943 0.0000000000
82387  -25.339  -27.423  85.820 0.0000000000
82386  -25.069  -27.433  85.196 0.0000000000
63571  -16.668  -43.549  88.960 0.0000000000
63553  -16.086  -43.751  89.679 0.0000000000
62327  -16.666  -44.192  89.989 0.0000000000
62310  -17.060  -44.666  90.795 0.0000000000
61173  -17.540  -45.060  91.514 0.0000000000
60104  -17.973  -46.289  93.976 0.0000000000
66088  -20.128  -41.895  95.261 0.0000000000
66099  -19.421  -41.326  94.576 0.0000000000
66107  -19.486  -41.315  93.372 0.0000000000
67313  -18.996  -40.753  92.761 0.0000000000
67326  -18.722  -40.047  91.037 0.0000000000
68524  -18.329  -39.498  90.466 0.0000000000
67337  -18.714  -39.986  89.874 0.0000000000
67349  -19.140  -40.932  88.610 0.0000000000
66153  -18.664  -41.282  87.978 0.0000000000
64872  -18.644  -42.395  87.868 0.0000000000
64886  -17.997  -42.250  87.643 0.0000000000
63591  -17.352  -43.190  88.332 0.0000000000
99886  -53.526  -11.081  73.590 0.0000000000
95594  -55.674  -15.561  72.060 0.0000000000
96641  -55.749  -14.532  71.847 0.0000000000
98790  -55.364  -12.299  72.990 0.0000000000
77736  -7.584  -31.314  91.394 0.0000000000
77735  -6.718  -31.669  91.141 0.0000000000
76556  -5.492  -32.681  90.796 0.0000000000
95270  -16.673  -15.949  98.123 0.0000000000
95271  -17.406  -16.124  97.705 0.0000000000
96322  -16.292  -15.360  96.920 0.0000000000
96334  -16.537  -15.112  95.974 0.0000000000
96346  -16.073  -14.489  94.792 0.0000000000
96332  -14.570  -13.970  95.532 0.0000000000
96344  -14.656  -13.795  94.855 0.0000000000
98540  -14.874  -12.289  93.165 0.0000000000
99652  -14.542  -11.309  92.818 0.0000000000
100729  -13.871  -10.423  92.821 0.0000000000
102763  -12.824  -8.799  93.374 0.0000000000
101754  -12.401  -9.627  93.215 0.0000000000
101746  -11.170  -9.578  93.948 0.0000000000
101740  -10.312  -9.375  94.960 0.0000000000
99630  -10.667  -10.871  95.098 0.0000000000
100709  -10.012  -9.918  95.287 0.0000000000
101739  -9.785  -9.229  95.487 0.0000000000
101732  -9.307  -9.117  96.216 0.0000000000
102720  -8.681  -8.137  97.453 0.0000000000
102715  -8.172  -8.289  98.279 0.0000000000
101719  -7.882  -9.206  98.450 0.0000000000
101718  -7.473  -9.234  99.269 0.0000000000
100671  -7.412  -10.067  99.532 0.0000000000
98487  -8.567  -11.516  98.822 0.0000000000
99590  -7.532  -10.849  99.756 0.0000000000
99581  -7.102  -11.218  100.625 0.0000000000
98466  -7.317  -11.807  101.060 0.0000000000
98462  -7.301  -12.074  101.606 0.0000000000
82249  -7.369  -28.292  99.603 0.0000000000
82260  -8.119  -27.896  98.939 0.0000000000
82268  -8.114  -27.814  97.961 0.0000000000
82272  -7.585  -28.243  97.130 0.0000000000
82274  -8.961  -27.594  97.339 0.0000000000
83412  -9.638  -27.195  96.744 0.0000000000
83418  -10.224  -26.860  95.953 0.0000000000
82285  -10.128  -27.115  95.312 0.0000000000
82289  -9.592  -27.810  94.685 0.0000000000
81184  -8.520  -28.998  93.886 0.0000000000
96387  -10.082  -14.180  91.502 0.0000000000
75370  -32.996  -33.347  90.550 0.0000000000
76564  -34.537  -32.246  91.148 0.0000000000
76554  -34.813  -32.039  91.443 0.0000000000
75311  -33.312  -33.416  95.505 0.0000000000
77703  -32.858  -32.166  94.839 0.0000000000
76524  -32.388  -32.354  94.507 0.0000000000
76543  -31.673  -31.911  92.819 0.0000000000
77766  -30.522  -31.392  89.265 0.0000000000
76584  -29.235  -31.967  88.614 0.0000000000
63515  -25.621  -43.848  93.185 0.0000000000
61164  -25.734  -44.902  93.093 0.0000000000
61144  -25.940  -45.435  93.487 0.0000000000
60095  -26.217  -46.600  94.173 0.0000000000
59024  -26.172  -47.395  94.521 0.0000000000
76606  -26.916  -33.046  87.037 0.0000000000
75386  -26.644  -33.850  88.364 0.0000000000
75375  -27.018  -34.124  89.154 0.0000000000
72056  -26.518  -36.424  90.324 0.0000000000
70848  -27.355  -37.994  97.141 0.0000000000
70847  -26.845  -38.117  97.347 0.0000000000
69641  -26.325  -38.423  97.264 0.0000000000
67275  -26.052  -40.162  97.748 0.0000000000
69626  -25.585  -39.429  97.750 0.0000000000
69632  -25.307  -39.412  97.689 0.0000000000
69631  -24.945  -39.466  97.667 0.0000000000
68445  -24.550  -39.607  97.841 0.0000000000
68444  -23.609  -39.710  97.766 0.0000000000
68435  -22.974  -40.218  98.087 0.0000000000
67266  -23.160  -40.517  98.398 0.0000000000
66059  -23.674  -41.369  97.774 0.0000000000
64772  -24.130  -41.644  96.667 0.0000000000
93339  -51.114  -16.848  79.563 0.0000000000
93320  -50.833  -16.592  80.226 0.0000000000
93319  -50.342  -16.908  80.560 0.0000000000
94412  -50.233  -16.486  80.971 0.0000000000
95461  -49.804  -16.258  81.163 0.0000000000
95479  -49.075  -16.040  80.821 0.0000000000
94411  -48.519  -16.425  80.792 0.0000000000
91113  -46.363  -20.148  80.796 0.0000000000
90087  -46.088  -20.713  80.641 0.0000000000
93429  -49.197  -17.728  74.593 0.0000000000
93415  -49.034  -17.680  75.523 0.0000000000
93416  -50.067  -17.566  75.108 0.0000000000
93393  -50.818  -17.780  76.872 0.0000000000
76481  -6.015  -32.380  96.621 0.0000000000
75281  -5.006  -33.376  96.718 0.0000000000
75274  -4.733  -34.020  97.095 0.0000000000
74118  -4.809  -34.817  97.657 0.0000000000
70842  -5.975  -37.181  97.896 0.0000000000
68426  -7.245  -39.432  100.260 0.0000000000
67258  -7.650  -40.419  99.558 0.0000000000
67262  -7.882  -40.731  98.752 0.0000000000
66042  -7.881  -41.174  98.158 0.0000000000
66063  -7.659  -41.813  96.575 0.0000000000
83431  -21.173  -25.925  95.183 0.0000000000
85731  -22.067  -24.922  94.595 0.0000000000
84562  -21.871  -25.614  95.304 0.0000000000
84563  -22.313  -25.433  95.491 0.0000000000
82282  -22.294  -27.001  97.137 0.0000000000
83415  -22.528  -26.204  96.569 0.0000000000
85720  -22.815  -24.550  95.427 0.0000000000
86777  -22.313  -24.314  96.149 0.0000000000
84514  -19.531  -26.561  101.648 0.0000000000
84523  -19.835  -26.249  101.016 0.0000000000
85683  -18.392  -25.163  98.246 0.0000000000
85691  -18.193  -25.027  97.749 0.0000000000
84536  -17.406  -25.236  98.622 0.0000000000
85690  -17.304  -24.963  97.360 0.0000000000
85702  -17.781  -24.617  96.731 0.0000000000
86787  -17.744  -23.738  95.477 0.0000000000
87877  -16.733  -22.711  94.271 0.0000000000
88931  -16.581  -21.483  93.558 0.0000000000
89933  -16.884  -20.651  93.426 0.0000000000
88930  -15.662  -21.668  93.691 0.0000000000
88929  -14.923  -21.461  93.814 0.0000000000
88912  -14.303  -21.702  94.308 0.0000000000
87864  -14.254  -22.910  95.315 0.0000000000
88911  -13.299  -21.642  94.972 0.0000000000
89918  -13.053  -20.581  94.762 0.0000000000
89917  -12.446  -20.518  95.330 0.0000000000
89910  -11.716  -20.514  96.245 0.0000000000
89902  -11.199  -20.426  97.279 0.0000000000
88885  -11.370  -21.505  98.055 0.0000000000
87842  -11.608  -22.251  99.010 0.0000000000
87836  -11.976  -22.826  99.542 0.0000000000
86752  -11.933  -23.249  100.134 0.0000000000
86748  -11.673  -23.370  100.893 0.0000000000
86745  -11.871  -24.017  101.351 0.0000000000
78808  -12.866  -30.452  96.164 0.0000000000
78807  -11.560  -29.915  96.596 0.0000000000
78816  -10.823  -30.999  95.859 0.0000000000
78793  -10.527  -29.796  97.780 0.0000000000
78782  -9.484  -29.761  98.889 0.0000000000
78774  -8.497  -29.834  99.469 0.0000000000
78804  -7.829  -30.840  96.981 0.0000000000
77677  -7.383  -31.517  96.601 0.0000000000
75530  -44.787  -33.756  80.403 0.0000000000
74359  -44.883  -34.299  81.120 0.0000000000
75515  -45.635  -34.025  81.527 0.0000000000
74338  -45.923  -33.895  82.366 0.0000000000
75494  -45.766  -33.696  82.969 0.0000000000
75448  -45.834  -32.844  84.491 0.0000000000
76614  -42.992  -32.210  87.174 0.0000000000
76589  -43.420  -31.184  88.798 0.0000000000
76576  -43.582  -30.931  89.038 0.0000000000
77770  -43.173  -30.506  89.298 0.0000000000
77771  -43.517  -30.693  89.178 0.0000000000
81212  -43.428  -28.632  90.190 0.0000000000
82319  -43.122  -27.594  90.421 0.0000000000
82309  -42.878  -27.985  90.744 0.0000000000
82308  -42.542  -27.437  90.661 0.0000000000
83462  -41.875  -26.528  90.806 0.0000000000
84633  -40.024  -25.449  91.836 0.0000000000
84758  -32.549  -25.698  84.491 0.0000000000
67278  -13.271  -39.916  96.907 0.0000000000
66085  -12.883  -41.709  95.244 0.0000000000
64782  -12.545  -42.375  95.513 0.0000000000
62276  -11.741  -43.899  94.645 0.0000000000
61128  -10.914  -45.007  94.338 0.0000000000
59051  -14.293  -47.401  94.096 0.0000000000
59033  -13.871  -48.034  94.733 0.0000000000
57958  -13.115  -48.652  95.401 0.0000000000
56879  -12.739  -49.056  95.681 0.0000000000
56865  -13.659  -49.215  96.433 0.0000000000
56864  -12.822  -49.529  96.274 0.0000000000
56841  -11.940  -50.378  96.790 0.0000000000
55710  -11.684  -50.619  97.115 0.0000000000
55694  -11.176  -50.898  97.265 0.0000000000
57927  -21.406  -48.805  95.680 0.0000000000
59003  -21.234  -48.260  95.325 0.0000000000
56852  -21.111  -49.058  95.932 0.0000000000
55713  -20.435  -49.495  96.112 0.0000000000
53348  -19.294  -50.547  94.501 0.0000000000
53337  -19.123  -50.481  95.159 0.0000000000
89021  -18.111  -21.839  85.615 0.0000000000
74288  -23.480  -34.768  84.301 0.0000000000
73213  -22.185  -35.218  83.723 0.0000000000
73212  -21.429  -35.400  83.798 0.0000000000
72107  -21.994  -36.476  85.023 0.0000000000
74304  -20.741  -34.818  83.335 0.0000000000
73211  -20.534  -35.412  83.937 0.0000000000
74303  -19.811  -34.679  83.675 0.0000000000
75434  -19.157  -33.789  84.071 0.0000000000
74228  -19.970  -34.410  89.223 0.0000000000
75384  -19.779  -33.592  88.488 0.0000000000
77796  -19.056  -31.731  87.544 0.0000000000
78902  -18.410  -30.340  87.686 0.0000000000
80053  -18.153  -29.546  88.199 0.0000000000
81216  -17.812  -28.825  88.755 0.0000000000
78871  -19.082  -30.810  89.837 0.0000000000
81209  -17.799  -28.884  89.666 0.0000000000
81201  -17.562  -28.118  90.237 0.0000000000
81194  -17.589  -28.115  91.144 0.0000000000
82299  -17.496  -27.272  91.801 0.0000000000
81190  -17.575  -28.143  91.941 0.0000000000
80029  -19.437  -30.352  92.947 0.0000000000
78841  -20.580  -31.155  92.550 0.0000000000
78832  -20.092  -30.705  93.219 0.0000000000
78833  -20.969  -31.071  93.433 0.0000000000
76533  -22.702  -32.251  94.305 0.0000000000
75321  -22.793  -33.154  94.673 0.0000000000
73135  -15.263  -35.872  90.552 0.0000000000
74201  -14.610  -34.631  92.107 0.0000000000
74188  -14.387  -34.344  92.939 0.0000000000
72025  -13.622  -36.588  92.282 0.0000000000
73112  -14.113  -35.183  92.423 0.0000000000
74176  -14.220  -34.584  93.799 0.0000000000
75301  -14.886  -33.984  95.614 0.0000000000
74155  -14.967  -34.191  95.982 0.0000000000
74154  -14.672  -34.537  95.571 0.0000000000
70877  -13.483  -37.564  95.053 0.0000000000
70864  -13.726  -37.565  96.165 0.0000000000
78970  -48.897  -30.878  82.839 0.0000000000
78984  -49.224  -30.646  82.318 0.0000000000
78983  -48.707  -30.584  82.767 0.0000000000
80117  -46.883  -29.720  83.890 0.0000000000
80131  -46.468  -29.750  83.426 0.0000000000
80150  -46.124  -29.870  82.418 0.0000000000
80149  -45.135  -29.685  82.371 0.0000000000
82417  -6.450  -27.944  83.163 0.0000000000
82380  -6.239  -27.809  84.088 0.0000000000
82398  -5.689  -28.126  83.755 0.0000000000
81275  -4.875  -28.837  83.214 0.0000000000
81252  -4.650  -28.767  83.824 0.0000000000
78963  -4.960  -30.634  83.175 0.0000000000
76643  -5.394  -31.893  83.861 0.0000000000
74248  -4.056  -34.769  86.495 0.0000000000
62247  -10.258  -44.587  99.133 0.0000000000
61095  -9.280  -44.870  99.367 0.0000000000
61093  -8.116  -45.283  99.144 0.0000000000
60045  -8.182  -45.889  98.680 0.0000000000
94253  -26.211  -17.748  94.988 0.0000000000
94263  -26.244  -16.296  94.354 0.0000000000
94255  -27.047  -15.907  95.235 0.0000000000
94247  -27.312  -16.090  95.860 0.0000000000
95286  -28.091  -15.173  96.316 0.0000000000
94225  -27.948  -16.378  97.774 0.0000000000
95287  -28.296  -14.839  96.915 0.0000000000
96328  -27.156  -14.070  96.561 0.0000000000
96313  -25.485  -13.849  97.440 0.0000000000
97384  -24.948  -13.003  98.084 0.0000000000
99613  -20.081  -11.288  98.306 0.0000000000
99602  -20.355  -10.894  98.865 0.0000000000
100682  -19.971  -10.386  99.152 0.0000000000
103743  -5.455  -8.118  97.418 0.0000000000
100694  -5.628  -10.181  97.048 0.0000000000
90884  -11.237  -19.124  104.472 0.0000000000
93068  -11.301  -18.060  105.053 0.0000000000
91954  -11.009  -18.848  105.108 0.0000000000
93066  -10.438  -18.299  105.251 0.0000000000
91958  -9.646  -18.654  105.103 0.0000000000
89878  -9.635  -20.957  105.543 0.0000000000
91952  -9.720  -19.516  105.308 0.0000000000
91957  -8.679  -18.717  104.705 0.0000000000
91956  -7.586  -18.780  104.501 0.0000000000
87821  -7.617  -22.688  101.089 0.0000000000
87825  -6.304  -22.276  100.815 0.0000000000
87830  -5.656  -22.133  100.088 0.0000000000
88873  -5.305  -21.501  100.407 0.0000000000
89893  -5.184  -20.777  99.833 0.0000000000
90899  -5.591  -20.070  100.373 0.0000000000
90900  -6.080  -19.419  100.059 0.0000000000
94195  -8.037  -16.430  99.788 0.0000000000
93107  -7.723  -17.428  99.586 0.0000000000
93122  -8.190  -16.990  98.389 0.0000000000
92021  -6.569  -18.690  97.804 0.0000000000
92022  -7.319  -18.063  97.784 0.0000000000
93131  -8.247  -16.933  97.589 0.0000000000
93141  -8.282  -16.826  96.930 0.0000000000
94252  -8.443  -16.229  95.679 0.0000000000
94261  -8.295  -16.272  94.948 0.0000000000
94260  -8.101  -16.578  95.304 0.0000000000
92082  -6.707  -17.966  94.685 0.0000000000
92059  -5.878  -18.714  95.315 0.0000000000
92081  -5.894  -18.671  94.401 0.0000000000
92102  -5.656  -18.887  93.936 0.0000000000
85765  -10.902  -24.464  91.390 0.0000000000
86857  -10.125  -23.726  90.914 0.0000000000
85781  -10.118  -24.284  90.074 0.0000000000
85795  -9.333  -24.701  89.580 0.0000000000
83489  -10.301  -26.572  88.637 0.0000000000
85794  -8.347  -24.605  89.572 0.0000000000
84656  -7.805  -24.982  89.105 0.0000000000
84676  -7.247  -24.864  88.563 0.0000000000
85807  -6.969  -24.611  87.967 0.0000000000
82353  -8.980  -27.314  86.102 0.0000000000
83534  -8.089  -26.993  85.171 0.0000000000
72045  -32.559  -36.533  91.568 0.0000000000
72031  -33.141  -36.003  92.435 0.0000000000
73108  -34.376  -35.713  93.710 0.0000000000
74172  -34.560  -34.773  94.618 0.0000000000
69687  -34.144  -38.298  93.186 0.0000000000
70884  -33.796  -37.224  94.589 0.0000000000
70873  -33.935  -36.870  95.031 0.0000000000
72000  -34.363  -36.423  94.898 0.0000000000
73087  -34.442  -35.643  95.215 0.0000000000
74152  -33.903  -34.533  95.817 0.0000000000
75297  -33.510  -34.032  95.706 0.0000000000
75296  -32.919  -34.054  95.682 0.0000000000
75310  -32.446  -33.680  95.446 0.0000000000
75309  -31.558  -33.869  95.179 0.0000000000
75308  -31.030  -34.200  95.131 0.0000000000
75324  -30.925  -33.749  94.622 0.0000000000
74196  -29.580  -34.004  93.256 0.0000000000
70923  -32.590  -36.957  91.196 0.0000000000
62252  -27.866  -45.098  95.666 0.0000000000
61106  -28.027  -45.483  95.678 0.0000000000
60057  -28.207  -46.059  95.618 0.0000000000
60058  -28.642  -46.045  95.590 0.0000000000
58989  -28.412  -46.743  95.594 0.0000000000
55728  -27.952  -48.614  94.380 0.0000000000
60077  -29.727  -46.266  94.650 0.0000000000
59025  -29.490  -46.817  94.641 0.0000000000
73084  -29.399  -35.847  95.685 0.0000000000
71994  -28.658  -36.297  95.625 0.0000000000
71979  -27.976  -36.817  96.332 0.0000000000
69672  -30.477  -38.272  94.279 0.0000000000
69671  -29.476  -38.371  94.713 0.0000000000
69654  -29.269  -37.840  95.449 0.0000000000
67297  -29.111  -40.288  94.291 0.0000000000
68480  -28.818  -39.287  94.712 0.0000000000
69670  -28.794  -38.609  95.257 0.0000000000
69653  -28.467  -38.501  95.878 0.0000000000
69643  -28.052  -38.308  96.568 0.0000000000
69635  -27.551  -38.228  97.040 0.0000000000
68456  -27.507  -39.272  96.913 0.0000000000
66073  -26.900  -40.879  96.723 0.0000000000
91132  -47.847  -19.630  79.367 0.0000000000
91131  -47.635  -20.438  79.174 0.0000000000
91115  -47.767  -20.342  79.676 0.0000000000
90064  -48.066  -20.714  80.693 0.0000000000
89092  -47.862  -21.479  79.618 0.0000000000
89091  -47.100  -21.244  81.532 0.0000000000
86989  -48.886  -23.397  80.590 0.0000000000
86990  -49.352  -24.135  80.650 0.0000000000
89080  -47.629  -21.612  81.481 0.0000000000
89090  -46.453  -21.439  81.104 0.0000000000
88081  -45.515  -22.542  80.223 0.0000000000
88080  -44.769  -22.717  79.632 0.0000000000
88079  -44.039  -22.842  79.136 0.0000000000
71950  -6.604  -36.449  100.573 0.0000000000
71940  -6.169  -36.694  100.933 0.0000000000
70809  -5.969  -37.683  101.468 0.0000000000
69607  -6.151  -38.449  101.152 0.0000000000
70821  -8.588  -37.558  101.123 0.0000000000
70806  -8.066  -38.618  102.281 0.0000000000
70805  -7.604  -38.498  102.420 0.0000000000
70811  -7.170  -37.749  102.089 0.0000000000
70810  -6.420  -37.749  101.884 0.0000000000
68425  -6.680  -39.485  100.979 0.0000000000
66040  -6.712  -41.992  98.890 0.0000000000
77643  -23.834  -31.207  100.351 0.0000000000
78772  -24.192  -30.594  100.182 0.0000000000
77635  -23.747  -31.417  100.973 0.0000000000
78760  -24.077  -30.556  101.844 0.0000000000
79941  -23.447  -29.961  102.289 0.0000000000
77626  -22.070  -31.258  102.039 0.0000000000
78749  -22.504  -30.736  102.488 0.0000000000
79940  -22.631  -29.155  102.290 0.0000000000
81113  -21.898  -28.651  102.164 0.0000000000
82236  -20.944  -27.814  102.179 0.0000000000
83373  -20.553  -27.353  102.098 0.0000000000
76438  -19.416  -32.295  103.141 0.0000000000
77612  -19.942  -31.028  104.075 0.0000000000
77616  -18.440  -31.705  103.391 0.0000000000
77617  -19.508  -31.413  103.604 0.0000000000
78742  -20.067  -30.812  103.809 0.0000000000
79925  -19.792  -29.324  103.153 0.0000000000
82235  -20.123  -27.786  102.626 0.0000000000
83372  -19.870  -27.254  102.321 0.0000000000
83383  -19.226  -26.887  102.075 0.0000000000
83382  -18.307  -26.668  101.697 0.0000000000
83381  -17.323  -26.402  101.329 0.0000000000
83380  -16.462  -26.016  101.078 0.0000000000
84519  -15.640  -25.597  100.618 0.0000000000
82254  -15.578  -27.090  100.459 0.0000000000
82264  -15.425  -27.509  99.845 0.0000000000
81153  -16.154  -28.750  98.894 0.0000000000
81163  -15.264  -29.073  97.987 0.0000000000
78810  -14.250  -30.517  96.831 0.0000000000
76455  -15.326  -32.473  99.750 0.0000000000
76463  -15.027  -32.457  99.097 0.0000000000
75269  -13.894  -34.004  99.045 0.0000000000
76462  -14.644  -32.520  98.517 0.0000000000
77653  -14.821  -32.029  98.238 0.0000000000
77664  -14.517  -31.784  97.533 0.0000000000
77682  -14.286  -30.990  96.785 0.0000000000
78809  -13.816  -30.548  96.527 0.0000000000
77681  -13.595  -31.576  96.383 0.0000000000
76501  -12.825  -32.494  96.097 0.0000000000
76486  -11.895  -33.032  95.989 0.0000000000
74145  -11.769  -34.477  97.269 0.0000000000
74131  -9.298  -34.690  97.406 0.0000000000
76676  -42.031  -32.525  82.227 0.0000000000
76656  -41.541  -32.370  82.751 0.0000000000
74300  -40.728  -32.517  84.536 0.0000000000
77802  -42.449  -31.392  87.529 0.0000000000
82362  -41.645  -28.412  87.188 0.0000000000
80072  -33.057  -29.999  86.401 0.0000000000
80109  -33.041  -29.448  84.660 0.0000000000
83586  -32.241  -26.190  83.387 0.0000000000
83603  -30.361  -26.650  82.686 0.0000000000
83585  -30.947  -26.041  83.099 0.0000000000
84772  -31.957  -25.676  83.994 0.0000000000
67317  -13.712  -40.540  92.253 0.0000000000
66106  -13.590  -41.319  92.750 0.0000000000
63524  -13.622  -43.095  91.939 0.0000000000
60116  -14.022  -46.091  92.771 0.0000000000
61171  -15.703  -44.779  91.500 0.0000000000
61137  -14.844  -45.946  92.682 0.0000000000
58995  -14.869  -48.345  96.014 0.0000000000
59013  -15.556  -47.771  95.577 0.0000000000
58996  -15.200  -48.220  95.993 0.0000000000
57937  -14.751  -48.579  96.246 0.0000000000
56844  -14.547  -49.404  96.791 0.0000000000
56831  -14.958  -49.570  96.867 0.0000000000
54544  -14.931  -50.312  96.873 0.0000000000
69727  -22.499  -39.055  90.398 0.0000000000
69726  -21.495  -38.734  90.495 0.0000000000
68513  -21.378  -39.036  91.652 0.0000000000
70934  -20.258  -37.321  90.714 0.0000000000
68463  -19.459  -39.196  95.283 0.0000000000
68474  -19.618  -38.787  94.739 0.0000000000
70920  -20.004  -37.412  91.795 0.0000000000
72028  -20.020  -35.779  92.156 0.0000000000
73115  -20.223  -35.338  92.713 0.0000000000
74192  -20.737  -34.499  93.217 0.0000000000
73092  -18.928  -35.346  93.850 0.0000000000
73101  -17.989  -35.325  93.231 0.0000000000
73136  -16.137  -35.750  90.482 0.0000000000
68523  -17.988  -39.040  90.019 0.0000000000
68542  -17.727  -38.944  89.356 0.0000000000
69743  -17.347  -38.524  89.105 0.0000000000
68579  -16.976  -39.883  87.675 0.0000000000
69766  -17.052  -38.648  88.688 0.0000000000
69742  -16.837  -38.129  88.894 0.0000000000
70945  -16.381  -37.288  89.326 0.0000000000
72063  -16.076  -36.672  89.608 0.0000000000
72051  -15.718  -36.338  89.988 0.0000000000
72050  -14.795  -36.548  89.909 0.0000000000
70931  -14.183  -37.409  90.234 0.0000000000
69722  -14.021  -38.527  90.182 0.0000000000
68541  -14.313  -39.624  89.506 0.0000000000
68540  -14.117  -39.318  90.064 0.0000000000
84746  -44.128  -25.098  85.857 0.0000000000
78922  -8.888  -30.399  87.197 0.0000000000
78921  -8.015  -30.563  87.095 0.0000000000
78898  -5.963  -30.761  87.315 0.0000000000
77792  -5.182  -31.011  87.915 0.0000000000
75393  -3.502  -33.463  87.262 0.0000000000
77758  -4.949  -31.965  89.221 0.0000000000
76579  -4.275  -32.677  88.754 0.0000000000
76578  -3.742  -32.628  88.179 0.0000000000
56827  -7.355  -49.780  97.023 0.0000000000
56826  -7.130  -49.798  97.223 0.0000000000
55690  -7.180  -50.674  97.274 0.0000000000
92000  -23.137  -18.642  99.929 0.0000000000
93105  -24.049  -17.811  100.760 0.0000000000
93104  -23.413  -18.069  100.998 0.0000000000
94184  -22.688  -17.292  101.030 0.0000000000
94207  -22.777  -16.161  99.572 0.0000000000
94206  -21.584  -16.776  99.729 0.0000000000
94223  -22.061  -16.089  98.627 0.0000000000
95252  -22.895  -15.597  99.111 0.0000000000
95274  -22.298  -14.703  98.049 0.0000000000
97382  -22.074  -13.548  97.953 0.0000000000
97381  -21.372  -13.059  97.704 0.0000000000
95281  -17.948  -16.205  96.845 0.0000000000
95282  -18.968  -15.890  96.463 0.0000000000
95293  -19.538  -14.834  95.733 0.0000000000
97415  -17.845  -13.668  94.385 0.0000000000
96337  -19.109  -14.500  95.271 0.0000000000
96323  -19.850  -14.116  95.875 0.0000000000
97393  -20.354  -13.270  96.582 0.0000000000
98514  -19.829  -12.332  96.631 0.0000000000
98503  -20.071  -11.970  97.466 0.0000000000
100702  -19.415  -11.019  97.778 0.0000000000
101734  -18.359  -9.737  97.050 0.0000000000
101726  -17.996  -9.195  97.147 0.0000000000
101742  -17.235  -9.476  95.493 0.0000000000
102730  -17.509  -8.558  96.538 0.0000000000
103749  -17.690  -7.436  97.162 0.0000000000
102747  -12.291  -8.152  93.828 0.0000000000
103773  -12.768  -7.528  94.376 0.0000000000
103721  -7.779  -7.600  99.591 0.0000000000
103714  -7.523  -7.392  100.539 0.0000000000
104810  -7.599  -6.810  101.172 0.0000000000
102693  -6.772  -7.985  101.594 0.0000000000
102687  -4.822  -9.008  102.386 0.0000000000
100659  -4.411  -10.632  101.896 0.0000000000
84493  -9.482  -25.773  105.614 0.0000000000
84488  -9.193  -24.940  105.688 0.0000000000
84492  -8.908  -25.226  105.400 0.0000000000
84496  -8.748  -25.353  104.754 0.0000000000
84499  -8.594  -24.927  104.371 0.0000000000
83366  -9.368  -26.259  103.631 0.0000000000
84500  -8.927  -25.290  104.033 0.0000000000
85656  -8.469  -24.070  103.834 0.0000000000
86742  -8.006  -23.110  101.948 0.0000000000
83400  -10.179  -26.160  99.721 0.0000000000
83389  -10.132  -25.944  100.583 0.0000000000
85664  -9.465  -24.198  101.282 0.0000000000
86743  -8.788  -23.582  101.654 0.0000000000
86746  -8.263  -23.028  100.974 0.0000000000
87827  -7.759  -22.550  100.298 0.0000000000
87833  -8.023  -22.377  99.443 0.0000000000
87840  -8.372  -22.448  98.515 0.0000000000
87839  -7.442  -22.116  98.710 0.0000000000
87845  -7.615  -21.996  97.808 0.0000000000
88884  -7.453  -21.850  97.223 0.0000000000
88899  -8.138  -21.659  95.663 0.0000000000
88900  -8.660  -21.682  95.225 0.0000000000
87853  -9.976  -22.646  95.789 0.0000000000
87861  -9.980  -22.505  94.934 0.0000000000
87873  -10.009  -22.484  93.858 0.0000000000
86821  -10.646  -23.187  93.303 0.0000000000
86838  -10.960  -23.860  92.413 0.0000000000
83426  -10.672  -26.549  94.889 0.0000000000
83427  -11.129  -25.994  94.421 0.0000000000
84586  -11.419  -25.425  94.015 0.0000000000
82295  -11.013  -26.912  93.286 0.0000000000
84601  -11.554  -25.418  93.019 0.0000000000
84617  -11.415  -25.359  91.776 0.0000000000
85766  -11.235  -24.723  91.800 0.0000000000
83463  -11.249  -26.313  90.578 0.0000000000
83476  -11.436  -26.994  90.287 0.0000000000
80039  -11.222  -28.764  90.039 0.0000000000
81206  -11.080  -28.639  89.191 0.0000000000
80051  -9.679  -30.140  87.643 0.0000000000
91004  -8.369  -19.873  89.138 0.0000000000
74258  -35.088  -33.681  86.376 0.0000000000
75391  -35.370  -32.530  88.249 0.0000000000
80057  -34.376  -30.219  87.338 0.0000000000
73118  -32.991  -35.035  92.723 0.0000000000
74197  -33.107  -34.359  92.644 0.0000000000
75362  -34.032  -32.887  92.540 0.0000000000
77745  -34.878  -31.789  91.879 0.0000000000
77704  -33.406  -32.379  94.787 0.0000000000
77723  -33.865  -31.841  93.634 0.0000000000
78842  -34.551  -31.273  92.159 0.0000000000
80056  -33.554  -30.173  87.246 0.0000000000
80087  -30.721  -29.920  85.378 0.0000000000
78959  -30.177  -29.863  84.904 0.0000000000
77783  -30.402  -31.224  88.366 0.0000000000
78924  -29.766  -31.081  86.759 0.0000000000
77811  -29.141  -31.319  86.520 0.0000000000
80125  -28.156  -29.702  82.928 0.0000000000
78981  -27.369  -29.894  82.542 0.0000000000
62332  -21.494  -44.822  90.258 0.0000000000
61192  -21.743  -45.403  90.884 0.0000000000
61160  -22.467  -46.179  92.170 0.0000000000
60120  -21.951  -46.644  92.907 0.0000000000
60123  -24.608  -46.192  92.928 0.0000000000
60093  -24.856  -47.424  93.841 0.0000000000
59054  -24.030  -47.757  93.751 0.0000000000
59053  -23.449  -47.570  93.710 0.0000000000
59021  -22.648  -48.096  94.472 0.0000000000
56866  -21.684  -48.872  95.620 0.0000000000
56853  -21.642  -49.114  95.679 0.0000000000
61113  -27.740  -45.493  95.506 0.0000000000
60064  -27.487  -46.121  95.139 0.0000000000
75480  -24.304  -33.165  82.787 0.0000000000
74308  -24.275  -33.706  83.662 0.0000000000
74269  -23.636  -35.269  84.890 0.0000000000
72089  -23.734  -36.565  86.243 0.0000000000
72080  -24.534  -36.557  87.305 0.0000000000
72090  -24.184  -36.543  86.731 0.0000000000
72079  -23.957  -37.131  86.955 0.0000000000
70959  -23.606  -38.224  88.273 0.0000000000
74194  -28.414  -34.997  92.609 0.0000000000
73129  -27.544  -35.622  91.630 0.0000000000
72020  -27.937  -36.241  93.575 0.0000000000
72042  -27.008  -36.347  91.237 0.0000000000
70936  -26.438  -37.017  90.871 0.0000000000
70866  -26.718  -37.377  95.858 0.0000000000
70881  -26.450  -37.613  95.424 0.0000000000
69668  -26.041  -38.006  95.274 0.0000000000
70894  -26.332  -37.957  93.872 0.0000000000
69749  -24.655  -38.488  90.309 0.0000000000
69748  -24.198  -38.573  89.771 0.0000000000
69728  -23.370  -39.137  90.678 0.0000000000
68515  -22.877  -39.371  91.790 0.0000000000
68494  -22.104  -39.554  93.684 0.0000000000
66079  -19.813  -40.996  96.372 0.0000000000
67265  -22.520  -40.685  98.184 0.0000000000
67274  -22.210  -40.465  97.757 0.0000000000
66069  -21.340  -41.147  97.260 0.0000000000
64769  -21.413  -41.398  96.940 0.0000000000
66056  -21.128  -40.948  97.264 0.0000000000
64783  -20.819  -41.507  96.601 0.0000000000
66080  -20.143  -41.524  96.226 0.0000000000
66101  -20.914  -42.070  93.470 0.0000000000
64833  -22.002  -42.290  91.878 0.0000000000
64834  -22.836  -42.562  91.409 0.0000000000
64845  -22.535  -43.101  90.496 0.0000000000
62353  -22.040  -44.190  90.019 0.0000000000
95560  -52.930  -15.703  74.954 0.0000000000
95559  -51.965  -15.195  75.349 0.0000000000
96583  -51.358  -14.335  75.984 0.0000000000
96576  -51.355  -14.413  76.910 0.0000000000
97656  -50.973  -13.650  76.514 0.0000000000
97655  -50.616  -12.944  76.972 0.0000000000
98731  -50.074  -12.560  77.487 0.0000000000
94446  -52.108  -16.638  78.886 0.0000000000
96546  -50.680  -14.830  80.008 0.0000000000
97626  -50.750  -14.370  79.521 0.0000000000
97627  -51.122  -14.181  79.149 0.0000000000
98742  -49.885  -12.171  77.221 0.0000000000
94391  -48.347  -16.821  81.105 0.0000000000
94431  -48.250  -16.430  80.390 0.0000000000
91130  -46.494  -19.089  80.646 0.0000000000
93316  -46.989  -17.870  80.358 0.0000000000
93336  -47.283  -17.401  80.123 0.0000000000
94430  -47.711  -16.643  79.772 0.0000000000
91194  -53.376  -18.748  74.392 0.0000000000
91195  -53.747  -18.630  73.926 0.0000000000
75314  -5.029  -33.193  94.583 0.0000000000
74163  -4.828  -33.900  94.810 0.0000000000
72013  -5.210  -36.528  94.187 0.0000000000
75280  -4.602  -33.873  96.754 0.0000000000
73081  -4.527  -35.202  96.060 0.0000000000
72002  -5.249  -36.307  95.016 0.0000000000
70902  -8.320  -37.813  92.407 0.0000000000
70876  -7.813  -37.552  94.076 0.0000000000
73052  -6.213  -35.397  98.853 0.0000000000
71948  -4.866  -36.023  99.100 0.0000000000
71949  -5.315  -36.378  99.415 0.0000000000
70843  -6.653  -37.630  97.418 0.0000000000
68428  -7.737  -39.276  99.207 0.0000000000
68432  -7.728  -38.792  98.654 0.0000000000
69622  -7.669  -38.553  98.234 0.0000000000
69636  -7.426  -38.008  97.160 0.0000000000
69645  -8.621  -38.370  95.216 0.0000000000
90997  -21.077  -19.398  90.193 0.0000000000
92132  -21.819  -18.272  90.247 0.0000000000
90998  -21.741  -19.257  90.788 0.0000000000
90999  -22.363  -19.106  91.385 0.0000000000
92124  -22.846  -18.592  91.562 0.0000000000
89954  -22.630  -20.400  91.746 0.0000000000
90986  -22.970  -19.560  91.822 0.0000000000
92125  -23.493  -18.783  92.084 0.0000000000
93189  -24.408  -18.087  92.951 0.0000000000
93178  -24.926  -18.144  93.492 0.0000000000
93179  -25.447  -18.193  94.060 0.0000000000
85743  -22.779  -24.166  93.892 0.0000000000
86825  -23.740  -23.236  93.359 0.0000000000
86844  -24.301  -22.432  93.003 0.0000000000
86811  -24.253  -22.906  93.529 0.0000000000
87898  -24.600  -22.325  93.286 0.0000000000
88948  -24.913  -21.445  93.142 0.0000000000
90972  -25.069  -19.982  93.224 0.0000000000
92107  -25.679  -19.171  94.096 0.0000000000
93168  -25.962  -18.391  94.634 0.0000000000
93158  -26.289  -18.215  94.997 0.0000000000
92075  -26.457  -18.739  95.868 0.0000000000
92054  -26.523  -18.795  96.699 0.0000000000
90923  -25.726  -19.514  95.805 0.0000000000
90913  -26.126  -19.398  96.421 0.0000000000
92053  -26.022  -19.167  97.095 0.0000000000
92035  -25.672  -18.792  97.882 0.0000000000
92034  -24.893  -18.830  98.042 0.0000000000
92016  -23.559  -18.565  99.054 0.0000000000
81145  -24.252  -29.234  100.369 0.0000000000
82266  -23.512  -27.629  99.718 0.0000000000
83407  -22.909  -26.631  98.699 0.0000000000
83397  -22.796  -27.211  100.388 0.0000000000
83406  -22.615  -26.444  98.971 0.0000000000
84542  -22.625  -26.256  98.508 0.0000000000
85696  -22.679  -25.578  97.380 0.0000000000
86791  -21.981  -23.701  95.638 0.0000000000
84539  -20.218  -25.295  99.045 0.0000000000
85693  -20.330  -24.924  97.852 0.0000000000
86774  -19.421  -23.999  96.199 0.0000000000
85705  -20.931  -24.600  96.923 0.0000000000
86790  -20.970  -23.563  95.672 0.0000000000
87867  -21.475  -23.052  95.180 0.0000000000
89920  -22.394  -20.374  94.076 0.0000000000
90940  -22.693  -19.492  94.595 0.0000000000
90958  -21.097  -19.657  94.011 0.0000000000
90939  -21.532  -19.195  94.555 0.0000000000
92093  -23.056  -19.009  95.583 0.0000000000
92049  -22.689  -18.513  97.302 0.0000000000
92032  -23.100  -18.577  98.210 0.0000000000
92015  -22.602  -18.613  99.114 0.0000000000
92014  -21.613  -18.725  99.137 0.0000000000
91998  -21.163  -18.560  99.974 0.0000000000
91997  -20.068  -18.576  99.935 0.0000000000
92046  -19.575  -18.620  97.165 0.0000000000
92012  -19.501  -18.657  99.095 0.0000000000
91984  -19.483  -18.289  100.398 0.0000000000
91983  -18.505  -18.301  100.194 0.0000000000
93099  -18.005  -18.026  100.245 0.0000000000
94202  -17.590  -17.170  99.509 0.0000000000
90934  -16.537  -19.231  94.035 0.0000000000
92065  -16.404  -18.527  95.827 0.0000000000
92063  -14.013  -18.439  95.049 0.0000000000
92064  -15.269  -18.306  95.751 0.0000000000
92043  -15.923  -18.150  97.044 0.0000000000
92025  -16.079  -18.008  98.280 0.0000000000
93111  -16.182  -17.474  99.185 0.0000000000
94218  -16.889  -16.504  99.013 0.0000000000
95261  -16.121  -16.031  98.717 0.0000000000
95260  -15.293  -15.898  98.524 0.0000000000
96310  -15.076  -15.160  98.304 0.0000000000
94215  -13.952  -16.239  98.371 0.0000000000
96299  -14.253  -14.987  98.808 0.0000000000
96298  -13.771  -14.293  98.719 0.0000000000
97367  -13.232  -13.746  98.816 0.0000000000
97366  -12.425  -13.315  98.896 0.0000000000
97354  -11.670  -13.229  99.839 0.0000000000
96283  -12.422  -14.614  101.494 0.0000000000
95237  -12.189  -15.192  101.818 0.0000000000
95240  -11.817  -15.782  101.294 0.0000000000
95236  -11.755  -15.728  102.254 0.0000000000
91969  -11.284  -17.983  102.914 0.0000000000
89899  -10.448  -19.920  99.037 0.0000000000
90901  -10.189  -19.451  100.343 0.0000000000
89894  -10.375  -20.328  100.898 0.0000000000
90898  -10.265  -19.462  101.317 0.0000000000
90894  -10.463  -19.388  102.100 0.0000000000
90890  -10.743  -19.556  103.209 0.0000000000
91964  -11.217  -19.059  103.595 0.0000000000
90887  -10.986  -19.580  104.083 0.0000000000
89886  -10.648  -20.481  104.462 0.0000000000
88868  -10.511  -21.504  104.829 0.0000000000
87812  -10.731  -23.011  104.361 0.0000000000
87807  -10.622  -23.015  104.936 0.0000000000
87806  -10.331  -22.624  105.148 0.0000000000
86728  -10.168  -23.682  105.621 0.0000000000
85644  -9.971  -24.628  105.822 0.0000000000
84518  -14.434  -25.561  100.562 0.0000000000
84509  -14.063  -25.930  100.890 0.0000000000
84508  -13.665  -25.564  100.880 0.0000000000
83378  -13.768  -26.524  101.011 0.0000000000
83377  -13.434  -26.029  101.346 0.0000000000
84507  -12.988  -25.602  101.379 0.0000000000
84504  -12.420  -25.703  102.097 0.0000000000
83368  -12.353  -26.548  102.697 0.0000000000
81149  -12.575  -28.683  98.849 0.0000000000
79970  -11.722  -29.080  99.450 0.0000000000
81118  -12.546  -28.109  101.378 0.0000000000
82240  -12.619  -27.850  101.770 0.0000000000
84502  -12.006  -25.755  103.009 0.0000000000
83367  -11.850  -26.528  103.596 0.0000000000
83364  -11.540  -26.476  104.467 0.0000000000
82225  -11.445  -27.270  104.951 0.0000000000
83361  -11.308  -26.422  105.284 0.0000000000
83358  -10.929  -26.441  105.835 0.0000000000
83357  -10.499  -26.433  106.129 0.0000000000
83356  -9.866  -26.391  106.030 0.0000000000
82221  -9.597  -26.987  105.710 0.0000000000
81096  -9.489  -28.016  104.827 0.0000000000
81100  -9.059  -28.303  103.828 0.0000000000
79920  -8.810  -29.154  103.477 0.0000000000
81126  -6.859  -28.835  100.337 0.0000000000
79966  -7.929  -29.819  99.904 0.0000000000
79965  -7.187  -29.624  99.758 0.0000000000
78779  -6.784  -29.932  98.287 0.0000000000
81125  -6.341  -29.104  100.037 0.0000000000
81147  -5.933  -28.655  98.601 0.0000000000
81166  -5.702  -29.229  96.818 0.0000000000
79998  -5.433  -29.755  97.274 0.0000000000
81172  -5.605  -29.454  96.190 0.0000000000
80012  -5.427  -30.129  95.464 0.0000000000
79008  -46.591  -30.766  79.414 0.0000000000
79009  -47.821  -30.586  79.653 0.0000000000
79000  -48.646  -30.970  80.243 0.0000000000
77881  -49.323  -31.194  81.211 0.0000000000
76729  -45.107  -32.389  80.072 0.0000000000
76712  -45.827  -32.515  80.518 0.0000000000
76713  -46.999  -32.419  81.141 0.0000000000
76695  -46.820  -33.130  81.708 0.0000000000
76714  -47.796  -32.169  81.269 0.0000000000
76697  -48.558  -31.906  81.972 0.0000000000
77860  -48.989  -31.492  82.190 0.0000000000
77848  -49.123  -30.965  82.618 0.0000000000
78969  -48.337  -30.868  83.470 0.0000000000
80119  -47.328  -30.289  84.487 0.0000000000
78952  -47.453  -30.748  84.671 0.0000000000
81274  -47.166  -29.872  84.819 0.0000000000
81249  -46.482  -28.806  85.141 0.0000000000
83551  -45.484  -26.969  86.009 0.0000000000
75469  -44.523  -33.353  83.463 0.0000000000
74318  -44.600  -33.747  82.868 0.0000000000
76616  -44.624  -31.963  86.771 0.0000000000
76625  -45.062  -31.990  86.102 0.0000000000
76626  -45.650  -31.948  85.681 0.0000000000
78935  -46.286  -30.726  85.738 0.0000000000
80077  -45.356  -29.793  86.519 0.0000000000
82364  -45.312  -27.659  86.492 0.0000000000
85830  -44.151  -24.745  86.960 0.0000000000
84714  -43.816  -25.062  88.077 0.0000000000
85821  -43.816  -24.451  87.613 0.0000000000
87978  -43.257  -23.120  87.842 0.0000000000
87977  -42.924  -22.805  88.303 0.0000000000
83485  -42.726  -26.069  90.011 0.0000000000
85803  -42.659  -24.315  89.700 0.0000000000
85789  -41.581  -24.324  90.948 0.0000000000
86879  -42.405  -23.458  89.931 0.0000000000
73173  -36.814  -33.635  85.222 0.0000000000
76611  -39.016  -32.265  85.680 0.0000000000
78931  -37.786  -31.252  86.141 0.0000000000
80097  -40.839  -29.754  85.482 0.0000000000
81248  -41.517  -28.972  86.096 0.0000000000
82349  -41.198  -27.632  87.525 0.0000000000
81264  -35.542  -29.202  84.165 0.0000000000
81291  -36.572  -28.663  83.972 0.0000000000
84759  -33.573  -25.868  85.070 0.0000000000
83543  -35.042  -26.091  85.522 0.0000000000
82389  -36.282  -27.304  84.238 0.0000000000
82390  -37.200  -27.607  84.301 0.0000000000
82391  -38.050  -27.897  84.422 0.0000000000
83569  -38.616  -27.401  84.750 0.0000000000
83548  -39.704  -27.200  85.608 0.0000000000
83531  -40.624  -27.245  86.856 0.0000000000
83471  -39.918  -26.032  90.552 0.0000000000
67253  -13.797  -39.754  101.004 0.0000000000
66038  -12.789  -41.546  100.016 0.0000000000
64752  -12.302  -42.298  100.126 0.0000000000
63481  -11.962  -43.072  97.062 0.0000000000
61104  -9.917  -45.185  98.319 0.0000000000
60055  -8.995  -46.242  97.784 0.0000000000
58983  -8.118  -47.461  97.330 0.0000000000
57916  -7.805  -48.512  96.806 0.0000000000
64822  -13.022  -42.463  93.040 0.0000000000
59031  -11.395  -47.084  93.783 0.0000000000
60082  -10.401  -46.051  94.515 0.0000000000
59009  -8.589  -47.870  96.079 0.0000000000
57933  -8.022  -48.990  96.413 0.0000000000
54536  -7.570  -51.216  97.276 0.0000000000
54527  -7.875  -51.773  97.409 0.0000000000
60118  -20.447  -46.532  93.267 0.0000000000
61142  -19.316  -46.133  93.149 0.0000000000
60088  -18.468  -46.699  94.655 0.0000000000
60071  -18.058  -47.050  95.375 0.0000000000
57943  -20.806  -48.493  95.719 0.0000000000
59002  -20.528  -48.148  95.579 0.0000000000
59001  -19.795  -48.040  95.802 0.0000000000
56836  -19.247  -49.200  96.516 0.0000000000
57941  -19.526  -48.272  96.088 0.0000000000
59017  -19.368  -47.629  95.575 0.0000000000
59016  -18.523  -47.505  95.832 0.0000000000
59015  -17.598  -47.444  95.980 0.0000000000
57911  -16.755  -48.911  96.515 0.0000000000
56833  -17.018  -49.123  96.465 0.0000000000
56832  -16.003  -49.271  96.663 0.0000000000
52248  -15.370  -51.179  95.569 0.0000000000
93248  -23.283  -17.041  86.138 0.0000000000
93238  -21.897  -17.488  86.294 0.0000000000
93230  -21.965  -17.458  87.149 0.0000000000
92154  -21.329  -17.746  87.654 0.0000000000
92147  -21.390  -17.877  88.468 0.0000000000
91008  -20.745  -19.106  89.393 0.0000000000
80141  -23.512  -29.555  82.022 0.0000000000
78993  -23.110  -30.504  81.599 0.0000000000
80162  -23.013  -29.811  81.765 0.0000000000
80140  -22.847  -29.356  81.857 0.0000000000
81322  -22.296  -28.940  81.622 0.0000000000
81321  -21.481  -28.624  81.287 0.0000000000
74325  -22.544  -33.776  82.529 0.0000000000
75477  -22.087  -33.418  82.005 0.0000000000
76684  -21.525  -32.212  81.391 0.0000000000
78991  -21.396  -30.493  81.063 0.0000000000
82441  -21.024  -27.633  81.386 0.0000000000
83612  -20.435  -26.911  81.586 0.0000000000
82439  -19.653  -27.855  81.725 0.0000000000
83611  -19.749  -27.033  81.936 0.0000000000
84779  -19.594  -25.846  82.175 0.0000000000
69769  -22.297  -38.613  88.627 0.0000000000
70971  -21.252  -37.764  87.150 0.0000000000
70986  -20.743  -37.271  86.583 0.0000000000
70970  -20.597  -37.449  87.592 0.0000000000
72087  -20.251  -36.607  86.257 0.0000000000
71002  -20.679  -36.874  86.006 0.0000000000
72096  -19.961  -36.022  85.407 0.0000000000
74286  -19.347  -34.810  84.658 0.0000000000
73151  -19.851  -35.540  88.580 0.0000000000
73150  -19.668  -35.167  87.856 0.0000000000
74249  -19.225  -34.486  86.696 0.0000000000
75403  -19.008  -33.598  86.161 0.0000000000
76635  -18.839  -32.901  84.563 0.0000000000
77842  -18.683  -31.488  83.429 0.0000000000
78975  -18.624  -30.378  83.229 0.0000000000
81278  -18.541  -28.503  83.361 0.0000000000
80122  -18.435  -29.495  83.805 0.0000000000
84778  -18.743  -25.711  82.974 0.0000000000
85852  -18.388  -24.727  83.524 0.0000000000
86938  -18.084  -23.832  84.165 0.0000000000
86924  -17.756  -23.973  84.939 0.0000000000
88014  -17.811  -22.983  85.057 0.0000000000
82345  -17.550  -27.058  87.427 0.0000000000
83520  -17.512  -26.318  87.393 0.0000000000
84718  -17.495  -25.504  87.255 0.0000000000
85825  -17.494  -24.603  86.949 0.0000000000
86912  -17.653  -23.066  87.089 0.0000000000
89009  -18.328  -21.468  86.850 0.0000000000
89010  -18.720  -20.813  87.061 0.0000000000
88997  -18.840  -20.909  87.718 0.0000000000
88983  -18.558  -21.882  88.947 0.0000000000
89977  -20.634  -19.754  89.997 0.0000000000
89964  -20.498  -20.334  90.238 0.0000000000
88969  -20.921  -21.005  90.952 0.0000000000
87935  -20.714  -22.002  91.468 0.0000000000
86859  -19.747  -23.583  92.206 0.0000000000
86860  -20.764  -23.032  92.132 0.0000000000
85755  -20.824  -24.435  93.255 0.0000000000
84589  -20.623  -25.295  94.085 0.0000000000
82300  -17.747  -27.614  92.486 0.0000000000
83437  -18.804  -26.354  93.597 0.0000000000
80023  -19.079  -29.148  94.215 0.0000000000
82291  -18.878  -27.212  94.195 0.0000000000
83428  -19.172  -26.495  94.087 0.0000000000
83429  -19.730  -26.338  94.533 0.0000000000
84575  -20.350  -25.723  94.393 0.0000000000
83430  -20.654  -25.983  94.907 0.0000000000
83420  -20.791  -26.383  95.377 0.0000000000
82280  -21.281  -27.456  96.460 0.0000000000
81170  -21.320  -28.332  96.748 0.0000000000
80004  -21.828  -29.295  97.014 0.0000000000
79995  -22.198  -29.063  97.584 0.0000000000
79997  -23.357  -30.154  98.106 0.0000000000
78799  -23.985  -30.946  98.127 0.0000000000
77662  -24.140  -31.428  98.798 0.0000000000
74193  -21.251  -33.800  93.026 0.0000000000
74180  -21.313  -33.997  93.792 0.0000000000
75320  -21.785  -33.522  94.592 0.0000000000
75306  -22.472  -33.269  95.334 0.0000000000
75353  -15.959  -33.964  91.861 0.0000000000
75330  -16.640  -32.931  92.874 0.0000000000
76517  -18.164  -32.209  94.247 0.0000000000
76504  -19.658  -32.438  95.038 0.0000000000
76505  -20.438  -32.916  95.183 0.0000000000
76506  -21.170  -33.035  95.658 0.0000000000
75293  -22.322  -33.240  95.894 0.0000000000
76495  -22.745  -33.001  96.407 0.0000000000
76476  -23.172  -32.706  97.180 0.0000000000
77670  -21.955  -32.455  97.428 0.0000000000
76467  -22.721  -32.569  97.827 0.0000000000
76468  -23.411  -32.424  98.115 0.0000000000
76459  -23.470  -32.161  98.955 0.0000000000
77651  -23.593  -31.661  99.591 0.0000000000
77647  -19.469  -31.888  100.338 0.0000000000
76457  -18.654  -32.408  100.138 0.0000000000
75268  -18.203  -33.034  100.521 0.0000000000
75267  -17.453  -33.790  100.420 0.0000000000
75290  -15.869  -33.607  97.092 0.0000000000
75278  -16.018  -33.866  97.645 0.0000000000
74136  -15.803  -34.307  97.804 0.0000000000
74124  -15.987  -34.572  98.412 0.0000000000
74137  -16.119  -34.268  98.314 0.0000000000
74125  -16.343  -34.591  98.973 0.0000000000
74116  -16.818  -34.518  100.139 0.0000000000
74117  -17.043  -34.437  100.655 0.0000000000
73038  -16.624  -35.350  100.760 0.0000000000
71946  -15.772  -36.949  100.784 0.0000000000
70835  -14.908  -37.943  99.868 0.0000000000
70827  -15.479  -37.409  100.758 0.0000000000
69614  -15.027  -38.004  100.881 0.0000000000
69613  -14.664  -38.677  100.977 0.0000000000
98771  -51.083  -12.214  74.392 0.0000000000
81357  -47.499  -28.173  78.331 0.0000000000
81358  -48.557  -28.441  79.020 0.0000000000
82472  -49.592  -28.064  79.713 0.0000000000
80185  -49.784  -29.304  79.975 0.0000000000
81353  -49.798  -28.647  79.984 0.0000000000
82473  -49.837  -27.630  80.178 0.0000000000
82474  -49.839  -27.046  80.466 0.0000000000
83620  -49.648  -26.817  81.015 0.0000000000
83619  -49.404  -26.642  81.143 0.0000000000
80153  -49.123  -30.164  82.088 0.0000000000
80169  -48.923  -29.440  81.565 0.0000000000
81327  -47.593  -28.739  81.250 0.0000000000
81328  -48.565  -28.323  81.281 0.0000000000
82446  -48.694  -27.494  81.197 0.0000000000
83618  -48.748  -26.785  81.185 0.0000000000
83630  -48.086  -26.123  81.009 0.0000000000
84806  -46.485  -25.373  80.517 0.0000000000
84805  -45.449  -25.495  79.992 0.0000000000
78919  -5.735  -30.259  86.318 0.0000000000
78938  -5.338  -29.900  85.842 0.0000000000
80080  -3.795  -29.802  85.238 0.0000000000
78936  -3.423  -30.584  85.597 0.0000000000
78953  -3.534  -30.810  84.889 0.0000000000
77831  -4.267  -31.278  84.198 0.0000000000
76642  -4.741  -31.842  84.127 0.0000000000
74199  -4.885  -34.618  92.311 0.0000000000
67251  -12.297  -40.500  101.333 0.0000000000
67246  -11.126  -40.909  101.593 0.0000000000
66029  -11.394  -41.661  101.449 0.0000000000
66026  -10.822  -41.414  101.654 0.0000000000
66025  -10.002  -41.302  102.017 0.0000000000
66024  -9.326  -41.352  102.466 0.0000000000
64731  -8.449  -41.743  102.820 0.0000000000
62237  -9.928  -43.790  100.503 0.0000000000
63461  -9.593  -43.463  100.807 0.0000000000
62235  -8.176  -44.327  100.374 0.0000000000
62231  -8.819  -43.391  101.031 0.0000000000
63455  -9.254  -42.900  101.409 0.0000000000
63449  -8.467  -42.580  101.934 0.0000000000
64734  -8.441  -42.203  102.494 0.0000000000
64729  -7.334  -41.866  102.929 0.0000000000
64732  -7.076  -42.009  102.668 0.0000000000
63479  -5.494  -43.833  96.708 0.0000000000
93204  -22.538  -17.557  90.385 0.0000000000
94308  -23.751  -16.342  89.402 0.0000000000
95355  -25.563  -15.461  89.516 0.0000000000
94299  -24.741  -15.762  90.799 0.0000000000
95343  -25.476  -15.459  90.450 0.0000000000
95356  -26.158  -15.067  89.170 0.0000000000
97492  -26.129  -13.612  89.550 0.0000000000
95301  -26.850  -15.454  94.105 0.0000000000
95313  -27.269  -14.419  92.847 0.0000000000
97447  -26.990  -13.571  92.597 0.0000000000
96366  -26.387  -13.592  93.623 0.0000000000
96287  -25.894  -14.635  100.474 0.0000000000
96285  -24.298  -14.340  100.243 0.0000000000
96286  -25.001  -14.464  100.580 0.0000000000
97348  -26.241  -14.073  100.277 0.0000000000
97359  -25.726  -13.067  99.746 0.0000000000
97371  -25.228  -12.866  98.655 0.0000000000
98507  -24.580  -12.171  98.105 0.0000000000
99592  -21.248  -10.863  99.520 0.0000000000
99583  -22.213  -10.967  99.770 0.0000000000
100666  -22.931  -10.757  100.034 0.0000000000
101708  -23.061  -10.464  99.883 0.0000000000
100676  -24.169  -11.205  98.998 0.0000000000
99616  -24.330  -11.730  98.009 0.0000000000
97342  -10.476  -13.252  100.640 0.0000000000
97333  -8.486  -13.114  101.769 0.0000000000
98459  -7.868  -12.970  102.205 0.0000000000
93080  -11.143  -17.083  104.482 0.0000000000
95227  -10.554  -15.989  103.957 0.0000000000
95226  -9.504  -15.925  103.878 0.0000000000
95223  -9.000  -16.345  103.880 0.0000000000
95225  -8.783  -15.389  103.911 0.0000000000
96268  -9.305  -15.051  103.693 0.0000000000
96272  -8.210  -14.194  103.262 0.0000000000
97325  -7.204  -13.173  102.978 0.0000000000
99569  -5.590  -12.099  103.180 0.0000000000
99571  -5.131  -11.840  102.869 0.0000000000
99578  -4.460  -11.412  101.416 0.0000000000
86726  -8.636  -23.873  105.600 0.0000000000
86725  -8.436  -23.673  105.462 0.0000000000
87800  -8.097  -22.686  105.214 0.0000000000
87805  -7.573  -22.674  104.444 0.0000000000
88864  -7.425  -21.767  104.622 0.0000000000
90886  -6.781  -19.589  104.264 0.0000000000
91963  -6.697  -18.378  104.293 0.0000000000
87819  -6.180  -22.452  101.794 0.0000000000
87818  -5.458  -22.120  102.009 0.0000000000
88866  -5.746  -21.221  102.976 0.0000000000
90891  -5.661  -19.656  102.247 0.0000000000
89887  -5.676  -20.533  102.612 0.0000000000
93076  -6.151  -17.639  104.034 0.0000000000
94172  -5.795  -16.498  103.605 0.0000000000
95229  -5.653  -15.517  102.474 0.0000000000
97331  -4.844  -12.769  101.853 0.0000000000
98461  -4.863  -12.668  101.565 0.0000000000
99579  -4.547  -11.709  100.840 0.0000000000
100670  -4.710  -10.887  99.400 0.0000000000
99597  -5.228  -11.335  99.049 0.0000000000
97349  -5.977  -12.838  99.643 0.0000000000
98484  -5.692  -11.775  98.926 0.0000000000
99607  -5.372  -11.011  98.288 0.0000000000
100687  -5.709  -10.607  97.302 0.0000000000
100695  -5.992  -10.594  96.845 0.0000000000
95246  -8.047  -15.560  99.654 0.0000000000
96289  -7.800  -14.620  99.431 0.0000000000
97351  -7.663  -13.719  99.150 0.0000000000
97363  -8.275  -13.832  98.508 0.0000000000
97362  -7.499  -13.010  98.356 0.0000000000
98497  -7.297  -12.150  97.560 0.0000000000
99617  -6.451  -11.022  96.967 0.0000000000
100696  -6.463  -10.749  96.430 0.0000000000
100715  -6.237  -10.204  95.131 0.0000000000
100716  -6.947  -10.488  94.789 0.0000000000
99637  -7.512  -10.744  94.827 0.0000000000
96375  -10.260  -14.847  91.810 0.0000000000
95299  -8.767  -15.675  94.716 0.0000000000
95309  -8.860  -15.694  94.124 0.0000000000
94270  -8.873  -16.184  93.715 0.0000000000
94279  -9.451  -16.193  93.251 0.0000000000
94280  -10.044  -16.212  92.681 0.0000000000
94289  -10.483  -16.155  91.885 0.0000000000
93195  -10.223  -17.274  91.850 0.0000000000
92130  -9.857  -18.715  91.086 0.0000000000
90983  -8.768  -19.170  91.594 0.0000000000
89963  -7.874  -19.942  89.615 0.0000000000
89975  -7.596  -19.979  89.114 0.0000000000
88897  -6.194  -21.405  95.245 0.0000000000
88906  -5.905  -21.414  94.317 0.0000000000
88928  -7.302  -21.519  93.847 0.0000000000
88905  -5.261  -21.159  93.989 0.0000000000
89929  -4.588  -20.607  93.236 0.0000000000
89928  -4.444  -20.385  92.676 0.0000000000
86856  -9.400  -22.987  91.283 0.0000000000
86855  -8.097  -22.961  91.144 0.0000000000
87929  -6.504  -22.538  91.834 0.0000000000
88942  -4.436  -21.069  92.462 0.0000000000
90979  -4.536  -20.147  91.556 0.0000000000
89952  -5.416  -19.919  90.700 0.0000000000
89974  -6.868  -20.009  89.208 0.0000000000
89986  -6.863  -19.896  88.418 0.0000000000
91036  -6.230  -19.936  86.509 0.0000000000
89019  -5.221  -21.241  86.796 0.0000000000
90006  -5.431  -20.915  86.565 0.0000000000
90007  -6.006  -20.497  86.200 0.0000000000
89029  -6.665  -21.320  85.555 0.0000000000
85816  -7.200  -24.329  87.342 0.0000000000
86909  -7.140  -23.443  86.805 0.0000000000
53338  -19.999  -50.453  95.033 0.0000000000
54542  -11.840  -51.022  97.611 0.0000000000
54553  -9.697  -51.189  97.206 0.0000000000
54559  -21.393  -49.736  95.521 0.0000000000
55687  -12.477  -50.937  97.651 0.0000000000
55692  -9.945  -51.143  97.239 0.0000000000
55696  -12.839  -50.684  97.526 0.0000000000
55700  -16.455  -49.589  96.529 0.0000000000
55702  -18.243  -49.432  96.361 0.0000000000
55721  -11.632  -50.467  96.763 0.0000000000
55731  -27.565  -48.993  94.061 0.0000000000
56847  -17.463  -48.900  96.485 0.0000000000
56849  -19.163  -48.949  96.510 0.0000000000
56850  -19.651  -48.989  96.444 0.0000000000
57921  -16.510  -48.756  96.552 0.0000000000
57922  -17.302  -48.631  96.533 0.0000000000
57924  -19.189  -48.587  96.351 0.0000000000
57934  -8.319  -48.533  96.292 0.0000000000
57940  -16.797  -48.499  96.525 0.0000000000
57944  -21.908  -48.539  95.292 0.0000000000
57974  -13.447  -48.390  95.134 0.0000000000
58984  -17.385  -48.360  96.548 0.0000000000
59026  -29.714  -46.423  94.333 0.0000000000
59041  -24.626  -47.788  94.041 0.0000000000
60074  -20.214  -47.395  94.881 0.0000000000
61086  -7.517  -44.679  99.611 0.0000000000
61089  -5.513  -45.003  98.138 0.0000000000
61094  -8.818  -44.926  99.463 0.0000000000
61108  -29.077  -45.518  95.536 0.0000000000
61123  -29.710  -44.590  95.281 0.0000000000
62230  -8.369  -43.669  100.918 0.0000000000
62278  -26.486  -44.463  94.415 0.0000000000
62299  -25.480  -44.390  92.820 0.0000000000
62312  -23.169  -44.943  91.106 0.0000000000
62326  -15.928  -44.053  90.255 0.0000000000
62354  -22.499  -44.066  90.257 0.0000000000
62366  -20.112  -43.734  88.846 0.0000000000
63450  -8.846  -42.412  102.065 0.0000000000
63487  -29.442  -43.770  95.542 0.0000000000
63504  -25.423  -43.108  94.113 0.0000000000
63527  -25.372  -43.982  92.768 0.0000000000
63574  -20.360  -43.662  88.904 0.0000000000
63577  -22.322  -43.642  90.094 0.0000000000
63595  -20.641  -42.942  88.846 0.0000000000
64728  -7.098  -41.834  102.925 0.0000000000
64730  -7.896  -41.857  102.954 0.0000000000
64738  -6.607  -43.101  101.203 0.0000000000
64740  -7.571  -42.686  101.822 0.0000000000
64744  -11.614  -42.019  101.271 0.0000000000
64745  -6.277  -43.063  100.926 0.0000000000
64768  -21.025  -41.273  96.935 0.0000000000
64770  -22.087  -41.539  96.847 0.0000000000
64798  -20.664  -41.876  96.046 0.0000000000
64827  -24.420  -43.233  92.348 0.0000000000
64871  -17.721  -42.653  87.888 0.0000000000
64885  -17.494  -42.093  87.598 0.0000000000
66020  -7.377  -41.403  103.236 0.0000000000
66022  -8.676  -41.331  102.845 0.0000000000
66023  -6.713  -41.618  102.564 0.0000000000
66045  -22.344  -40.873  98.196 0.0000000000
66047  -23.353  -40.943  98.402 0.0000000000
66055  -20.844  -41.017  97.081 0.0000000000
66057  -21.981  -40.940  97.847 0.0000000000
66067  -20.098  -40.865  96.633 0.0000000000
66068  -20.600  -41.079  96.850 0.0000000000
66071  -22.765  -41.459  97.416 0.0000000000
66102  -32.448  -40.832  92.893 0.0000000000
66114  -14.117  -41.711  91.245 0.0000000000
66128  -21.357  -42.291  90.421 0.0000000000
66142  -21.029  -42.285  89.868 0.0000000000
66165  -16.578  -41.351  87.565 0.0000000000
66167  -18.076  -41.728  87.620 0.0000000000
67247  -11.717  -40.926  101.483 0.0000000000
67257  -14.029  -39.684  100.601 0.0000000000
67268  -24.636  -40.227  98.252 0.0000000000
67281  -21.063  -40.120  96.956 0.0000000000
67287  -18.809  -39.924  95.389 0.0000000000
67362  -16.523  -40.390  87.534 0.0000000000
67363  -17.438  -40.363  87.683 0.0000000000
68412  -8.279  -40.256  103.098 0.0000000000
68436  -23.760  -39.997  98.270 0.0000000000
68439  -25.831  -39.582  97.813 0.0000000000
68446  -24.867  -39.687  97.946 0.0000000000
68498  -33.785  -39.079  93.009 0.0000000000
68525  -21.449  -38.900  91.171 0.0000000000
68560  -15.374  -39.521  88.152 0.0000000000
68577  -15.894  -39.649  87.829 0.0000000000
68578  -16.449  -39.730  87.729 0.0000000000
69590  -6.951  -39.544  103.242 0.0000000000
69594  -8.064  -39.149  102.577 0.0000000000
69606  -5.993  -38.128  101.550 0.0000000000
69625  -25.410  -39.624  97.824 0.0000000000
69627  -7.229  -38.081  97.913 0.0000000000
69634  -27.042  -38.611  97.494 0.0000000000
69639  -24.964  -39.267  97.374 0.0000000000
69642  -27.485  -38.729  97.196 0.0000000000
69648  -17.860  -38.358  95.133 0.0000000000
69666  -19.703  -38.676  94.416 0.0000000000
69682  -19.593  -37.913  93.427 0.0000000000
69686  -26.300  -37.873  94.600 0.0000000000
69696  -20.936  -38.841  92.010 0.0000000000
69723  -14.330  -37.969  89.752 0.0000000000
69741  -15.251  -38.080  88.777 0.0000000000
69765  -16.563  -38.631  88.482 0.0000000000
69784  -21.501  -38.139  87.689 0.0000000000
69785  -22.246  -38.424  87.855 0.0000000000
70818  -15.887  -36.807  101.077 0.0000000000
70820  -5.787  -37.767  100.540 0.0000000000
70836  -15.269  -37.537  100.227 0.0000000000
70846  -26.550  -38.319  97.318 0.0000000000
70869  -30.890  -37.029  95.160 0.0000000000
70882  -26.851  -37.331  95.006 0.0000000000
70898  -4.890  -36.837  92.811 0.0000000000
70932  -16.764  -36.982  89.867 0.0000000000
70944  -15.274  -37.545  89.125 0.0000000000
70946  -17.192  -37.833  89.467 0.0000000000
71928  -15.044  -36.431  102.006 0.0000000000
71931  -5.789  -37.296  101.250 0.0000000000
71944  -13.105  -37.112  100.303 0.0000000000
71958  -15.105  -37.388  99.706 0.0000000000
71977  -14.467  -36.095  96.968 0.0000000000
71985  -33.378  -35.715  95.927 0.0000000000
72022  -34.313  -36.380  93.471 0.0000000000
72038  -16.806  -36.053  90.802 0.0000000000
72040  -19.816  -36.766  92.050 0.0000000000
72062  -15.536  -36.867  89.519 0.0000000000
72100  -23.277  -36.576  85.756 0.0000000000
73031  -15.321  -35.636  102.042 0.0000000000
73033  -16.765  -34.973  101.678 0.0000000000
73035  -6.215  -36.341  100.433 0.0000000000
73040  -4.955  -35.790  98.946 0.0000000000
73068  -12.175  -35.361  98.186 0.0000000000
73072  -14.727  -35.223  96.362 0.0000000000
73074  -29.700  -35.976  95.896 0.0000000000
73085  -30.136  -35.383  95.607 0.0000000000
73122  -13.887  -36.073  91.755 0.0000000000
73128  -27.298  -35.780  91.030 0.0000000000
73134  -14.721  -36.100  90.625 0.0000000000
73157  -19.498  -35.259  87.124 0.0000000000
73170  -34.818  -33.873  85.971 0.0000000000
73179  -20.009  -35.921  85.080 0.0000000000
73194  -19.793  -35.528  84.773 0.0000000000
74102  -17.041  -33.874  102.746 0.0000000000
74103  -17.273  -33.723  102.750 0.0000000000
74112  -16.868  -34.752  100.730 0.0000000000
74115  -14.307  -34.651  100.299 0.0000000000
74122  -12.784  -34.830  98.315 0.0000000000
74147  -15.242  -34.432  96.709 0.0000000000
74148  -31.204  -35.025  95.663 0.0000000000
74159  -32.301  -34.195  95.567 0.0000000000
74161  -34.606  -35.295  94.835 0.0000000000
74169  -29.530  -35.185  94.880 0.0000000000
74179  -20.623  -34.433  93.820 0.0000000000
74190  -17.008  -34.114  92.006 0.0000000000
74204  -17.137  -35.059  91.785 0.0000000000
74351  -45.757  -34.058  82.156 0.0000000000
75245  -17.019  -33.535  102.946 0.0000000000
75248  -18.767  -32.872  102.989 0.0000000000
75250  -16.617  -33.808  102.619 0.0000000000
75253  -18.884  -32.859  102.700 0.0000000000
75259  -18.981  -32.764  102.277 0.0000000000
75266  -17.037  -34.040  100.029 0.0000000000
75270  -14.335  -33.324  99.070 0.0000000000
75276  -12.568  -34.177  97.479 0.0000000000
75292  -22.017  -33.307  95.910 0.0000000000
75294  -22.871  -33.123  95.873 0.0000000000
75299  -10.545  -32.811  95.885 0.0000000000
75302  -15.263  -33.446  95.869 0.0000000000
75303  -20.502  -33.290  94.931 0.0000000000
75307  -23.122  -33.004  95.410 0.0000000000
75329  -15.594  -32.908  93.491 0.0000000000
75346  -29.929  -33.353  92.774 0.0000000000
75354  -16.270  -33.854  91.992 0.0000000000
75355  -20.932  -33.724  91.721 0.0000000000
75377  -28.151  -33.487  90.158 0.0000000000
75428  -46.571  -32.132  84.912 0.0000000000
75456  -24.022  -33.558  83.066 0.0000000000
75457  -24.735  -33.219  83.263 0.0000000000
75499  -21.270  -32.728  81.586 0.0000000000
75501  -22.326  -32.954  81.791 0.0000000000
76441  -17.431  -32.554  103.114 0.0000000000
76443  -19.820  -32.143  102.769 0.0000000000
76444  -15.986  -33.045  101.667 0.0000000000
76446  -18.824  -32.823  101.639 0.0000000000
76452  -18.686  -32.738  100.887 0.0000000000
76458  -18.986  -32.357  100.641 0.0000000000
76460  -23.777  -31.963  99.088 0.0000000000
76466  -18.269  -32.358  99.611 0.0000000000
76469  -23.869  -31.985  98.511 0.0000000000
76474  -17.478  -32.210  98.109 0.0000000000
76478  -23.919  -31.846  98.102 0.0000000000
76487  -12.618  -32.950  96.317 0.0000000000
76494  -22.033  -33.133  96.225 0.0000000000
76499  -11.702  -32.226  95.581 0.0000000000
76507  -21.600  -33.139  95.917 0.0000000000
76510  -32.964  -32.572  95.163 0.0000000000
76520  -23.117  -32.549  94.716 0.0000000000
76521  -23.378  -32.596  95.025 0.0000000000
76525  -34.250  -32.765  94.630 0.0000000000
76559  -21.075  -32.923  91.551 0.0000000000
76577  -43.727  -31.048  88.987 0.0000000000
76593  -26.961  -33.148  87.509 0.0000000000
76604  -18.742  -31.961  86.280 0.0000000000
76628  -47.086  -31.646  84.850 0.0000000000
76641  -47.964  -31.832  84.151 0.0000000000
77613  -20.199  -31.303  103.796 0.0000000000
77614  -20.650  -31.348  103.582 0.0000000000
77618  -20.150  -31.714  103.367 0.0000000000
77622  -17.690  -31.787  102.959 0.0000000000
77623  -18.419  -31.001  103.081 0.0000000000
77624  -20.341  -31.808  102.838 0.0000000000
77627  -22.749  -31.242  101.719 0.0000000000
77631  -20.221  -31.932  102.137 0.0000000000
77638  -19.814  -32.063  101.490 0.0000000000
77642  -23.290  -31.506  100.385 0.0000000000
77655  -18.213  -32.024  98.941 0.0000000000
77660  -22.948  -32.351  98.636 0.0000000000
77661  -23.962  -31.727  99.158 0.0000000000
77671  -23.865  -31.568  97.417 0.0000000000
77672  -23.994  -31.465  98.042 0.0000000000
77683  -17.324  -31.695  96.836 0.0000000000
77689  -23.406  -31.436  96.332 0.0000000000
77691  -4.484  -31.819  95.928 0.0000000000
77695  -12.426  -31.370  95.710 0.0000000000
77696  -13.018  -32.110  95.891 0.0000000000
77712  -23.370  -32.330  95.100 0.0000000000
77715  -34.189  -32.560  94.267 0.0000000000
77719  -22.251  -31.836  93.778 0.0000000000
77720  -22.632  -31.930  94.348 0.0000000000
77729  -21.683  -31.902  92.845 0.0000000000
77750  -8.116  -31.302  90.427 0.0000000000
77752  -20.355  -31.884  90.980 0.0000000000
77761  -7.159  -31.459  89.606 0.0000000000
77777  -7.108  -31.334  88.750 0.0000000000
77828  -47.523  -31.281  84.646 0.0000000000
77829  -47.714  -31.013  84.444 0.0000000000
77880  -48.935  -31.407  80.889 0.0000000000
78744  -20.987  -31.058  103.421 0.0000000000
78746  -19.652  -30.295  103.504 0.0000000000
78750  -23.157  -30.451  102.357 0.0000000000
78753  -9.742  -29.815  102.586 0.0000000000
78756  -20.811  -29.337  102.954 0.0000000000
78757  -21.020  -29.723  103.021 0.0000000000
78759  -23.411  -30.898  101.946 0.0000000000
78762  -9.327  -29.926  102.254 0.0000000000
78763  -9.595  -29.873  102.398 0.0000000000
78766  -23.714  -31.275  101.459 0.0000000000
78767  -24.232  -30.824  101.227 0.0000000000
78771  -17.470  -30.270  101.107 0.0000000000
78778  -24.179  -30.668  99.322 0.0000000000
78786  -23.795  -30.437  98.403 0.0000000000
78787  -24.147  -30.855  98.583 0.0000000000
78794  -11.322  -29.651  97.437 0.0000000000
78796  -15.280  -30.337  97.753 0.0000000000
78812  -23.170  -31.004  96.510 0.0000000000
78821  -22.817  -31.170  95.697 0.0000000000
78831  -8.167  -29.797  93.383 0.0000000000
78865  -42.929  -29.595  90.060 0.0000000000
78866  -43.074  -29.546  90.220 0.0000000000
78870  -18.641  -30.254  89.488 0.0000000000
78880  -7.547  -31.080  88.297 0.0000000000
78895  -3.566  -30.739  86.562 0.0000000000
78903  -29.855  -31.178  87.169 0.0000000000
78927  -31.875  -30.139  86.984 0.0000000000
78937  -3.584  -30.213  85.633 0.0000000000
78960  -47.579  -30.608  84.201 0.0000000000
78994  -49.481  -30.548  81.720 0.0000000000
79915  -10.412  -28.313  105.435 0.0000000000
79917  -9.888  -28.902  104.677 0.0000000000
79919  -11.097  -28.415  104.819 0.0000000000
79926  -20.361  -29.080  103.001 0.0000000000
79928  -22.951  -30.067  102.578 0.0000000000
79929  -23.253  -30.220  102.441 0.0000000000
79930  -7.938  -29.375  102.026 0.0000000000
79933  -9.990  -29.704  103.091 0.0000000000
79937  -19.368  -29.277  103.084 0.0000000000
79938  -20.853  -28.852  102.764 0.0000000000
79942  -23.850  -30.332  102.079 0.0000000000
79949  -18.504  -29.187  102.444 0.0000000000
79950  -22.894  -28.709  101.804 0.0000000000
79951  -23.404  -29.043  101.935 0.0000000000
79952  -24.188  -29.741  101.720 0.0000000000
79964  -6.355  -29.313  99.791 0.0000000000
79973  -24.041  -29.125  99.516 0.0000000000
79975  -6.001  -29.318  99.164 0.0000000000
79979  -10.324  -29.579  99.303 0.0000000000
80002  -14.144  -30.119  96.858 0.0000000000
80013  -5.962  -29.858  94.987 0.0000000000
80016  -19.314  -28.925  94.626 0.0000000000
80022  -8.717  -29.192  93.541 0.0000000000
80026  -9.165  -29.317  92.914 0.0000000000
80030  -9.561  -29.455  92.277 0.0000000000
80037  -43.070  -29.148  90.419 0.0000000000
80038  -10.806  -29.480  90.023 0.0000000000
80041  -42.412  -29.028  89.873 0.0000000000
80063  -4.068  -29.900  85.750 0.0000000000
80064  -5.991  -29.996  85.844 0.0000000000
80079  -3.497  -30.270  85.141 0.0000000000
80098  -41.555  -29.487  86.008 0.0000000000
80101  -47.349  -30.522  84.683 0.0000000000
80120  -47.406  -30.501  84.382 0.0000000000
80183  -48.385  -29.608  79.311 0.0000000000
80193  -48.557  -29.050  79.160 0.0000000000
81090  -9.773  -27.625  105.880 0.0000000000
81092  -9.579  -27.795  105.249 0.0000000000
81093  -9.723  -27.826  105.584 0.0000000000
81094  -10.312  -27.916  105.782 0.0000000000
81095  -10.780  -27.771  105.655 0.0000000000
81098  -10.661  -28.162  105.475 0.0000000000
81101  -11.452  -28.059  104.476 0.0000000000
81103  -19.748  -28.919  103.030 0.0000000000
81104  -19.979  -28.835  102.998 0.0000000000
81105  -7.824  -29.146  102.052 0.0000000000
81112  -21.250  -28.417  102.367 0.0000000000
81121  -21.707  -28.254  101.913 0.0000000000
81131  -16.756  -27.821  100.200 0.0000000000
81132  -17.288  -28.088  100.491 0.0000000000
81133  -23.861  -28.224  101.031 0.0000000000
81135  -5.881  -29.147  99.341 0.0000000000
81144  -24.018  -28.572  99.975 0.0000000000
81148  -6.602  -28.308  98.149 0.0000000000
81152  -15.571  -28.808  98.468 0.0000000000
81154  -23.188  -28.525  98.502 0.0000000000
81162  -14.887  -28.899  97.828 0.0000000000
81164  -22.217  -28.573  97.609 0.0000000000
81189  -10.194  -28.609  92.568 0.0000000000
81192  -10.849  -28.549  91.541 0.0000000000
81197  -42.540  -28.052  90.629 0.0000000000
81199  -10.978  -28.795  90.938 0.0000000000
81202  -17.836  -28.902  90.583 0.0000000000
81207  -11.388  -28.190  89.867 0.0000000000
81211  -42.337  -28.841  89.966 0.0000000000
81221  -10.363  -28.583  87.520 0.0000000000
81251  -47.246  -30.019  84.859 0.0000000000
81269  -39.599  -28.723  84.777 0.0000000000
81276  -5.478  -28.359  83.368 0.0000000000
81296  -4.844  -29.116  82.973 0.0000000000
82217  -9.816  -27.329  106.005 0.0000000000
82218  -10.265  -27.222  106.174 0.0000000000
82219  -10.727  -26.980  106.027 0.0000000000
82220  -9.514  -27.413  105.227 0.0000000000
82223  -11.064  -27.217  105.641 0.0000000000
82237  -21.401  -28.037  102.013 0.0000000000
82245  -21.156  -27.608  101.762 0.0000000000
82247  -22.758  -27.748  101.149 0.0000000000
82257  -22.962  -27.458  100.762 0.0000000000
82258  -23.406  -27.661  100.569 0.0000000000
82278  -8.651  -27.817  96.187 0.0000000000
82287  -20.864  -27.090  95.968 0.0000000000
82310  -11.369  -27.604  90.874 0.0000000000
82355  -17.609  -26.805  86.886 0.0000000000
82373  -25.551  -27.427  86.406 0.0000000000
82379  -5.848  -28.007  83.906 0.0000000000
82393  -39.551  -28.245  84.774 0.0000000000
82399  -6.086  -27.977  83.592 0.0000000000
82408  -32.170  -27.621  82.952 0.0000000000
82440  -20.206  -27.710  81.525 0.0000000000
82447  -49.266  -27.499  81.227 0.0000000000
83360  -9.579  -26.399  105.690 0.0000000000
83363  -9.199  -25.843  104.221 0.0000000000
83370  -12.980  -26.491  101.751 0.0000000000
83376  -10.017  -25.781  101.044 0.0000000000
83379  -14.297  -26.104  100.842 0.0000000000
83385  -21.150  -27.343  101.398 0.0000000000
83395  -20.965  -26.882  100.979 0.0000000000
83396  -21.888  -26.841  100.549 0.0000000000
83402  -22.529  -26.658  99.641 0.0000000000
83403  -23.110  -27.101  99.594 0.0000000000
83404  -9.639  -27.040  98.551 0.0000000000
83410  -22.689  -26.537  97.274 0.0000000000
83411  -22.821  -26.444  97.729 0.0000000000
83417  -9.538  -27.276  96.167 0.0000000000
83438  -19.316  -26.178  94.005 0.0000000000
83445  -17.917  -26.625  92.607 0.0000000000
83453  -17.710  -26.389  92.063 0.0000000000
83474  -42.853  -26.756  90.285 0.0000000000
83642  -49.656  -26.454  80.499 0.0000000000
84491  -10.722  -25.979  105.938 0.0000000000
84494  -10.563  -25.085  105.588 0.0000000000
84506  -9.949  -25.632  101.290 0.0000000000
84515  -9.767  -24.765  101.168 0.0000000000
84516  -9.962  -25.196  100.830 0.0000000000
84517  -13.935  -25.168  100.458 0.0000000000
84520  -16.572  -25.237  100.168 0.0000000000
84522  -18.719  -25.675  100.877 0.0000000000
84524  -20.810  -26.486  100.649 0.0000000000
84535  -16.858  -25.145  98.186 0.0000000000
84538  -19.099  -25.186  99.098 0.0000000000
84544  -17.012  -25.125  97.726 0.0000000000
84545  -17.419  -25.228  97.966 0.0000000000
84546  -17.803  -25.269  98.255 0.0000000000
84550  -22.713  -25.973  97.845 0.0000000000
84561  -11.160  -25.361  95.795 0.0000000000
84574  -19.891  -25.858  94.251 0.0000000000
84576  -21.495  -25.425  94.772 0.0000000000
84603  -19.315  -25.376  93.212 0.0000000000
84616  -11.104  -25.062  91.263 0.0000000000
84618  -17.721  -25.947  91.585 0.0000000000
84655  -7.032  -24.747  89.154 0.0000000000
84657  -8.786  -25.160  89.121 0.0000000000
84675  -6.719  -24.747  88.976 0.0000000000
84694  -39.094  -25.793  89.110 0.0000000000
84769  -29.502  -25.761  83.593 0.0000000000
84788  -20.009  -26.473  81.782 0.0000000000
84798  -49.495  -26.395  81.012 0.0000000000
84810  -49.585  -26.198  80.737 0.0000000000
85645  -8.592  -24.076  105.503 0.0000000000
85646  -8.727  -24.365  105.529 0.0000000000
85652  -8.445  -24.397  104.436 0.0000000000
85653  -8.590  -24.616  104.053 0.0000000000
85687  -14.993  -24.279  97.517 0.0000000000
85695  -22.272  -25.330  97.449 0.0000000000
85716  -16.579  -24.276  95.987 0.0000000000
85717  -17.336  -24.295  95.986 0.0000000000
85719  -18.647  -24.083  96.149 0.0000000000
85741  -20.748  -24.899  93.724 0.0000000000
85742  -21.769  -24.630  93.965 0.0000000000
85752  -11.242  -24.368  92.275 0.0000000000
85777  -5.999  -23.934  90.228 0.0000000000
85791  -5.540  -23.940  89.863 0.0000000000
85796  -9.826  -24.752  89.604 0.0000000000
85840  -44.055  -24.635  86.507 0.0000000000
86721  -8.580  -23.615  105.667 0.0000000000
86722  -8.762  -23.882  105.740 0.0000000000
86724  -9.718  -24.042  105.870 0.0000000000
86729  -10.540  -24.015  105.417 0.0000000000
86755  -13.745  -23.937  98.940 0.0000000000
86773  -18.894  -24.037  96.179 0.0000000000
86783  -14.176  -23.304  95.906 0.0000000000
86785  -15.891  -23.899  95.549 0.0000000000
86804  -16.307  -23.336  94.784 0.0000000000
86805  -17.239  -23.272  94.823 0.0000000000
86808  -19.671  -23.073  95.060 0.0000000000
86824  -22.923  -23.618  93.347 0.0000000000
86837  -10.484  -23.409  92.097 0.0000000000
86843  -23.831  -22.682  92.893 0.0000000000
86852  -5.548  -22.968  91.160 0.0000000000
86866  -4.870  -22.919  90.551 0.0000000000
86872  -9.950  -23.868  90.453 0.0000000000
86895  -43.029  -23.224  88.684 0.0000000000
86897  -4.469  -22.746  88.400 0.0000000000
86900  -6.731  -23.861  87.224 0.0000000000
86902  -17.672  -22.989  87.527 0.0000000000
86907  -43.438  -23.591  87.500 0.0000000000
86920  -43.359  -23.667  86.900 0.0000000000
86923  -17.678  -24.004  85.619 0.0000000000
87797  -8.453  -23.270  105.617 0.0000000000
87799  -8.954  -23.559  105.976 0.0000000000
87801  -8.657  -22.688  105.691 0.0000000000
87811  -10.521  -22.284  104.577 0.0000000000
87813  -5.711  -21.850  102.810 0.0000000000
87848  -11.786  -22.262  98.273 0.0000000000
87862  -12.994  -22.305  96.068 0.0000000000
87863  -13.578  -22.599  95.718 0.0000000000
87865  -19.939  -23.055  95.090 0.0000000000
87871  -8.201  -21.527  94.430 0.0000000000
87874  -13.946  -22.397  94.873 0.0000000000
87879  -18.623  -22.432  94.414 0.0000000000
87890  -7.216  -21.627  93.473 0.0000000000
87894  -16.360  -22.170  93.814 0.0000000000
87896  -17.975  -22.026  93.977 0.0000000000
87907  -5.579  -22.077  92.321 0.0000000000
87916  -24.481  -22.009  92.917 0.0000000000
87927  -4.777  -22.181  91.465 0.0000000000
87932  -9.238  -22.642  91.668 0.0000000000
87963  -18.448  -22.420  89.560 0.0000000000
87971  -17.714  -23.139  88.379 0.0000000000
87992  -43.232  -23.169  87.577 0.0000000000
87993  -5.381  -21.847  86.947 0.0000000000
87996  -7.557  -22.936  86.337 0.0000000000
88009  -6.359  -21.774  85.785 0.0000000000
88035  -18.657  -22.774  83.029 0.0000000000
88859  -8.128  -21.689  104.968 0.0000000000
88869  -5.487  -21.327  102.247 0.0000000000
88877  -10.833  -22.023  100.103 0.0000000000
88879  -6.536  -21.800  98.133 0.0000000000
88880  -10.707  -21.045  99.692 0.0000000000
88890  -8.194  -21.874  96.335 0.0000000000
88892  -11.810  -21.659  97.042 0.0000000000
88910  -12.786  -21.098  95.180 0.0000000000
88914  -18.688  -21.953  94.117 0.0000000000
88917  -21.253  -21.757  94.211 0.0000000000
88924  -4.426  -20.819  92.936 0.0000000000
88925  -4.724  -21.159  93.276 0.0000000000
88937  -22.019  -20.806  93.866 0.0000000000
88939  -25.258  -21.165  93.580 0.0000000000
88956  -23.206  -21.268  92.158 0.0000000000
88957  -23.782  -20.956  92.286 0.0000000000
88970  -21.471  -20.600  91.146 0.0000000000
89008  -4.958  -21.445  87.273 0.0000000000
89020  -5.593  -21.348  86.355 0.0000000000
89884  -5.904  -20.541  103.384 0.0000000000
89903  -11.461  -20.982  96.915 0.0000000000
89909  -11.384  -19.892  96.638 0.0000000000
89930  -14.569  -20.842  93.844 0.0000000000
89931  -15.210  -20.893  93.601 0.0000000000
89932  -15.976  -20.789  93.445 0.0000000000
89934  -17.847  -20.581  93.518 0.0000000000
89937  -20.780  -20.339  93.789 0.0000000000
89946  -25.171  -20.736  93.282 0.0000000000
89947  -25.412  -20.683  93.621 0.0000000000
89953  -5.891  -19.841  90.713 0.0000000000
89972  -5.361  -20.392  88.837 0.0000000000
89987  -7.292  -19.928  88.721 0.0000000000
89996  -5.150  -20.742  87.095 0.0000000000
90016  -6.349  -20.879  85.752 0.0000000000
90877  -9.493  -20.227  105.416 0.0000000000
90888  -11.352  -18.944  104.098 0.0000000000
90893  -10.445  -19.291  101.830 0.0000000000
90897  -10.376  -19.271  101.604 0.0000000000
90907  -10.497  -19.411  98.622 0.0000000000
90908  -10.777  -19.438  97.817 0.0000000000
90911  -25.386  -19.221  96.516 0.0000000000
90912  -25.655  -19.314  96.487 0.0000000000
90921  -24.357  -19.081  95.823 0.0000000000
90932  -14.574  -19.842  93.981 0.0000000000
90944  -26.220  -19.245  95.476 0.0000000000
90953  -16.230  -19.909  93.447 0.0000000000
90956  -19.176  -19.630  93.678 0.0000000000
90959  -21.874  -19.776  94.173 0.0000000000
90960  -25.490  -19.773  93.662 0.0000000000
90966  -4.478  -19.863  92.079 0.0000000000
90970  -8.527  -18.795  92.240 0.0000000000
90973  -25.417  -20.295  93.546 0.0000000000
90984  -9.525  -18.892  91.277 0.0000000000
91020  -20.504  -18.898  88.497 0.0000000000
91051  -19.767  -18.991  85.999 0.0000000000
91181  -53.542  -18.776  74.796 0.0000000000
91182  -53.852  -18.662  74.498 0.0000000000
91953  -10.326  -18.953  105.248 0.0000000000
91955  -11.324  -18.407  104.800 0.0000000000
91959  -10.196  -18.390  105.233 0.0000000000
91960  -11.226  -18.904  104.755 0.0000000000
91961  -11.352  -18.561  104.415 0.0000000000
91968  -10.981  -18.730  102.827 0.0000000000
91972  -10.415  -19.073  101.742 0.0000000000
91975  -21.546  -18.178  101.079 0.0000000000
91976  -22.172  -18.231  101.208 0.0000000000
91979  -10.324  -19.018  101.506 0.0000000000
91981  -17.591  -18.229  99.753 0.0000000000
91982  -17.840  -18.234  99.949 0.0000000000
91986  -21.762  -18.469  100.722 0.0000000000
91987  -22.753  -18.445  100.784 0.0000000000
91988  -23.643  -18.341  100.513 0.0000000000
91989  -24.348  -18.208  100.366 0.0000000000
91993  -16.772  -17.988  99.355 0.0000000000
91996  -18.978  -18.606  99.834 0.0000000000
92002  -24.974  -18.359  99.788 0.0000000000
92003  -25.726  -18.228  99.355 0.0000000000
92006  -10.503  -18.492  98.947 0.0000000000
92008  -16.116  -17.873  98.733 0.0000000000
92009  -16.517  -18.069  98.991 0.0000000000
92010  -17.471  -18.451  98.964 0.0000000000
92019  -26.080  -18.391  98.605 0.0000000000
92029  -20.052  -18.675  98.187 0.0000000000
92033  -24.033  -18.680  98.163 0.0000000000
92036  -26.348  -18.543  97.682 0.0000000000
92041  -12.429  -17.938  96.214 0.0000000000
92042  -15.334  -18.096  96.531 0.0000000000
92071  -22.338  -18.663  96.337 0.0000000000
92074  -24.810  -18.974  96.697 0.0000000000
92084  -14.241  -19.135  94.437 0.0000000000
92088  -17.833  -18.747  94.937 0.0000000000
92116  -24.154  -18.949  92.577 0.0000000000
92117  -24.746  -19.065  93.077 0.0000000000
92139  -20.981  -18.483  88.754 0.0000000000
92140  -21.436  -18.212  89.366 0.0000000000
92275  -48.815  -18.141  79.278 0.0000000000
92286  -47.675  -19.293  77.732 0.0000000000
92288  -52.432  -18.102  77.174 0.0000000000
92309  -53.609  -18.444  75.803 0.0000000000
92310  -54.119  -18.282  75.309 0.0000000000
92333  -51.608  -18.220  74.581 0.0000000000
93069  -6.525  -17.008  104.309 0.0000000000
93074  -11.122  -17.348  104.941 0.0000000000
93075  -11.289  -17.710  104.361 0.0000000000
93079  -10.657  -17.144  104.498 0.0000000000
93089  -11.058  -17.141  101.262 0.0000000000
93090  -21.312  -18.021  101.102 0.0000000000
93092  -22.879  -17.858  101.285 0.0000000000
93095  -7.278  -17.462  100.540 0.0000000000
93098  -17.624  -18.084  99.929 0.0000000000
93100  -18.804  -17.972  100.570 0.0000000000
93103  -21.807  -17.438  100.917 0.0000000000
93112  -16.567  -17.681  99.325 0.0000000000
93113  -17.429  -17.713  99.759 0.0000000000
93114  -18.219  -17.617  100.071 0.0000000000
93115  -19.141  -17.560  100.217 0.0000000000
93117  -20.973  -17.308  100.196 0.0000000000
93119  -26.399  -17.677  99.276 0.0000000000
93123  -10.874  -17.770  98.883 0.0000000000
93127  -16.284  -17.752  99.086 0.0000000000
93130  -7.797  -17.499  97.711 0.0000000000
93135  -14.893  -17.144  97.827 0.0000000000
93136  -15.555  -17.754  97.719 0.0000000000
93139  -7.281  -17.779  96.797 0.0000000000
93157  -15.056  -18.079  96.346 0.0000000000
93159  -26.428  -17.997  95.479 0.0000000000
93169  -26.268  -18.604  94.974 0.0000000000
93188  -23.874  -17.966  92.401 0.0000000000
93214  -23.178  -16.811  90.171 0.0000000000
93232  -23.339  -16.846  87.744 0.0000000000
93239  -22.635  -17.276  86.636 0.0000000000
93372  -48.773  -18.058  78.540 0.0000000000
93406  -51.631  -18.262  75.378 0.0000000000
94170  -11.306  -17.049  104.650 0.0000000000
94174  -10.163  -16.718  103.960 0.0000000000
94183  -22.180  -17.368  101.054 0.0000000000
94185  -23.387  -17.245  100.956 0.0000000000
94187  -10.999  -17.066  100.436 0.0000000000
94188  -11.402  -16.614  100.640 0.0000000000
94189  -21.545  -17.260  100.504 0.0000000000
94194  -26.366  -16.372  100.021 0.0000000000
94200  -16.202  -17.256  99.289 0.0000000000
94201  -16.757  -17.168  99.363 0.0000000000
94209  -26.172  -17.021  99.843 0.0000000000
94224  -22.639  -15.795  98.949 0.0000000000
94226  -28.178  -15.794  97.307 0.0000000000
94228  -12.670  -16.609  97.811 0.0000000000
94231  -14.714  -16.820  98.124 0.0000000000
94234  -19.269  -16.498  97.985 0.0000000000
94236  -21.330  -16.045  97.719 0.0000000000
94237  -21.833  -15.735  98.039 0.0000000000
94239  -28.196  -15.649  97.000 0.0000000000
94240  -8.054  -16.939  96.380 0.0000000000
94244  -20.550  -15.808  97.193 0.0000000000
94245  -21.043  -15.680  97.286 0.0000000000
94251  -8.063  -16.747  95.766 0.0000000000
94254  -26.464  -16.711  95.235 0.0000000000
94269  -8.505  -16.232  94.268 0.0000000000
94281  -23.799  -17.342  92.131 0.0000000000
94283  -25.172  -15.990  92.842 0.0000000000
94307  -23.286  -16.692  88.734 0.0000000000
94309  -24.727  -15.832  89.922 0.0000000000
94316  -23.328  -16.751  88.354 0.0000000000
94319  -25.500  -15.533  88.455 0.0000000000
94334  -24.523  -16.283  86.847 0.0000000000
94394  -49.856  -16.641  81.196 0.0000000000
94413  -50.674  -16.334  80.597 0.0000000000
94433  -51.558  -16.476  79.449 0.0000000000
94476  -53.705  -17.569  76.048 0.0000000000
94485  -53.874  -17.139  75.558 0.0000000000
95242  -23.877  -15.273  100.028 0.0000000000
95251  -13.896  -15.330  98.927 0.0000000000
95253  -23.375  -15.162  99.333 0.0000000000
95254  -26.955  -15.792  99.874 0.0000000000
95255  -27.656  -15.922  99.338 0.0000000000
95257  -12.974  -15.585  98.914 0.0000000000
95259  -14.384  -15.725  98.640 0.0000000000
95263  -22.617  -15.113  98.580 0.0000000000
95265  -28.075  -15.838  98.544 0.0000000000
95266  -28.261  -15.611  97.851 0.0000000000
95269  -15.850  -15.513  98.155 0.0000000000
95273  -21.818  -15.137  97.677 0.0000000000
95275  -28.173  -15.506  96.796 0.0000000000
95276  -28.302  -15.275  97.179 0.0000000000
95280  -16.930  -15.691  97.042 0.0000000000
95284  -21.037  -15.161  96.978 0.0000000000
95291  -18.256  -15.622  95.904 0.0000000000
95292  -19.082  -15.277  95.729 0.0000000000
95294  -26.854  -15.865  94.787 0.0000000000
95331  -10.399  -15.354  91.641 0.0000000000
95334  -26.568  -14.455  90.636 0.0000000000
95344  -26.137  -15.001  90.071 0.0000000000
95345  -26.456  -14.464  89.666 0.0000000000
95460  -49.360  -16.284  81.140 0.0000000000
95462  -50.071  -16.314  81.132 0.0000000000
95480  -49.754  -15.747  80.827 0.0000000000
95481  -50.306  -15.927  80.887 0.0000000000
95501  -51.334  -15.666  79.802 0.0000000000
95518  -51.810  -16.064  79.326 0.0000000000
95550  -52.400  -15.830  76.206 0.0000000000
95558  -51.613  -14.781  75.647 0.0000000000
96265  -6.032  -13.995  104.185 0.0000000000
96266  -6.606  -14.208  103.998 0.0000000000
96270  -10.892  -15.542  103.731 0.0000000000
96294  -23.369  -14.088  99.227 0.0000000000
96301  -22.507  -14.142  98.250 0.0000000000
96304  -27.813  -15.026  98.903 0.0000000000
96306  -9.176  -14.415  97.144 0.0000000000
96311  -21.604  -14.132  97.427 0.0000000000
96312  -22.142  -14.339  97.784 0.0000000000
96314  -26.326  -14.020  97.500 0.0000000000
96317  -28.214  -15.035  97.956 0.0000000000
96319  -13.704  -13.984  97.060 0.0000000000
96325  -21.145  -14.425  97.003 0.0000000000
96329  -27.876  -14.478  96.894 0.0000000000
96330  -28.178  -14.776  97.383 0.0000000000
96336  -18.471  -15.021  95.259 0.0000000000
96342  -27.925  -14.134  95.503 0.0000000000
96345  -15.186  -14.110  94.843 0.0000000000
96348  -18.075  -14.598  94.761 0.0000000000
96367  -27.550  -14.078  93.434 0.0000000000
96380  -26.942  -13.947  92.084 0.0000000000
96381  -27.333  -13.921  92.730 0.0000000000
96408  -26.502  -13.971  89.237 0.0000000000
96596  -51.481  -14.450  75.123 0.0000000000
96614  -54.676  -13.781  73.554 0.0000000000
96629  -55.628  -14.991  72.382 0.0000000000
97317  -5.779  -13.948  104.103 0.0000000000
97323  -4.908  -12.858  102.290 0.0000000000
97329  -11.883  -14.288  102.751 0.0000000000
97330  -12.199  -14.465  102.552 0.0000000000
97337  -12.240  -14.256  102.106 0.0000000000
97352  -8.127  -14.154  99.033 0.0000000000
97356  -13.379  -14.041  99.290 0.0000000000
97358  -23.329  -13.159  99.575 0.0000000000
97360  -26.347  -13.753  99.828 0.0000000000
97364  -10.703  -12.996  99.098 0.0000000000
97369  -22.387  -13.147  98.769 0.0000000000
97372  -25.611  -13.120  99.043 0.0000000000
97373  -26.211  -13.559  99.245 0.0000000000
97377  -11.493  -12.994  98.039 0.0000000000
97380  -20.794  -12.918  97.241 0.0000000000
97383  -24.485  -12.737  97.725 0.0000000000
97386  -26.310  -13.778  98.470 0.0000000000
97388  -9.206  -13.421  96.415 0.0000000000
97391  -13.757  -13.888  96.729 0.0000000000
97392  -19.732  -13.101  96.000 0.0000000000
97401  -13.811  -13.692  96.119 0.0000000000
97402  -18.554  -13.234  94.750 0.0000000000
97407  -27.402  -13.635  94.756 0.0000000000
97410  -13.218  -12.746  94.921 0.0000000000
97412  -14.880  -13.584  94.294 0.0000000000
97413  -15.707  -13.819  94.107 0.0000000000
97416  -18.631  -14.018  94.770 0.0000000000
97420  -26.783  -13.564  93.724 0.0000000000
97421  -27.193  -13.635  94.197 0.0000000000
97425  -13.529  -12.712  94.199 0.0000000000
97428  -16.070  -13.381  93.692 0.0000000000
97434  -27.128  -13.555  93.431 0.0000000000
97435  -27.507  -13.785  93.855 0.0000000000
97625  -50.459  -14.592  79.786 0.0000000000
97690  -53.848  -13.333  73.796 0.0000000000
98455  -6.843  -12.945  103.144 0.0000000000
98464  -4.490  -11.982  101.229 0.0000000000
98469  -10.355  -12.881  100.025 0.0000000000
98473  -25.225  -12.370  100.081 0.0000000000
98478  -10.247  -12.802  99.488 0.0000000000
98480  -22.669  -12.151  99.651 0.0000000000
98482  -25.021  -12.142  99.249 0.0000000000
98491  -21.028  -11.910  98.627 0.0000000000
98493  -22.312  -12.381  99.252 0.0000000000
98495  -25.201  -12.524  99.067 0.0000000000
98502  -11.951  -12.898  97.150 0.0000000000
98505  -21.333  -12.383  98.307 0.0000000000
98511  -10.382  -11.709  96.622 0.0000000000
98515  -20.364  -12.519  97.152 0.0000000000
98523  -18.716  -12.508  95.186 0.0000000000
98528  -11.427  -11.608  94.932 0.0000000000
98530  -12.687  -12.389  94.824 0.0000000000
98538  -12.807  -12.094  93.981 0.0000000000
98541  -15.689  -12.226  93.260 0.0000000000
98757  -50.516  -12.042  75.387 0.0000000000
98775  -54.743  -12.396  73.532 0.0000000000
98787  -53.938  -11.800  73.681 0.0000000000
98788  -54.309  -11.836  73.625 0.0000000000
99568  -5.387  -12.332  103.113 0.0000000000
99580  -6.605  -10.782  101.443 0.0000000000
99584  -22.753  -11.344  99.949 0.0000000000
99588  -4.498  -11.167  100.679 0.0000000000
99591  -8.112  -11.265  99.202 0.0000000000
99593  -21.884  -11.144  99.607 0.0000000000
99594  -22.603  -11.622  99.802 0.0000000000
99596  -25.019  -12.012  99.491 0.0000000000
99603  -20.889  -11.174  99.162 0.0000000000
99604  -21.611  -11.555  99.329 0.0000000000
99605  -24.059  -11.225  98.293 0.0000000000
99606  -24.318  -11.495  98.500 0.0000000000
99609  -6.695  -11.423  97.328 0.0000000000
99610  -8.827  -10.698  97.698 0.0000000000
99612  -10.043  -11.547  96.738 0.0000000000
99614  -20.667  -11.635  98.540 0.0000000000
99615  -23.920  -11.377  97.856 0.0000000000
99622  -10.927  -11.665  95.781 0.0000000000
99623  -18.984  -11.257  96.619 0.0000000000
99624  -19.515  -11.435  97.196 0.0000000000
99629  -8.617  -12.071  95.759 0.0000000000
99631  -11.001  -11.423  95.277 0.0000000000
99642  -11.936  -11.520  94.188 0.0000000000
99650  -12.257  -11.213  93.724 0.0000000000
99651  -13.323  -11.338  93.204 0.0000000000
99658  -8.721  -11.053  92.453 0.0000000000
99660  -15.013  -10.893  92.687 0.0000000000
99661  -15.166  -11.090  92.760 0.0000000000
99877  -54.598  -11.867  73.552 0.0000000000
99887  -54.365  -11.310  73.579 0.0000000000
100668  -24.182  -11.240  99.542 0.0000000000
100685  -24.118  -11.193  98.682 0.0000000000
100691  -19.466  -10.667  98.205 0.0000000000
100698  -9.516  -10.208  95.876 0.0000000000
100699  -10.178  -10.505  95.431 0.0000000000
100700  -18.353  -10.058  96.672 0.0000000000
100701  -18.852  -10.511  97.221 0.0000000000
100710  -10.447  -10.183  94.827 0.0000000000
100718  -10.917  -10.251  94.278 0.0000000000
100719  -11.417  -10.332  93.814 0.0000000000
100720  -16.907  -10.095  94.481 0.0000000000
100727  -12.025  -10.373  93.466 0.0000000000
100732  -16.787  -10.547  93.859 0.0000000000
100733  -17.307  -11.080  94.174 0.0000000000
100739  -15.300  -10.780  92.817 0.0000000000
100740  -15.462  -10.978  92.863 0.0000000000
101715  -23.175  -10.299  99.618 0.0000000000
101723  -23.319  -10.147  99.065 0.0000000000
101731  -8.794  -8.981  96.911 0.0000000000
101737  -5.580  -9.966  96.096 0.0000000000
101745  -10.722  -9.482  94.444 0.0000000000
101753  -11.684  -9.677  93.537 0.0000000000
101755  -13.328  -9.546  92.980 0.0000000000
102698  -6.657  -8.902  101.406 0.0000000000
102716  -18.232  -8.263  98.491 0.0000000000
102723  -18.488  -8.792  98.362 0.0000000000
102728  -8.836  -8.415  97.013 0.0000000000
102729  -9.165  -8.132  96.750 0.0000000000
102745  -10.644  -8.960  94.689 0.0000000000
102748  -13.264  -8.021  93.797 0.0000000000
102761  -11.482  -9.183  93.799 0.0000000000
103728  -8.747  -7.288  98.438 0.0000000000
103738  -10.361  -6.934  96.911 0.0000000000
103747  -10.750  -7.133  96.244 0.0000000000
103758  -10.827  -7.608  95.435 0.0000000000
103759  -11.489  -7.483  95.005 0.0000000000
