#!ascii label  , from subject tim vox2ras=TkReg
2759
17729  -35.098  -86.082  8.530 0.1000000015
16647  -34.222  -87.054  7.689 0.1000000015
15565  -32.582  -87.708  7.431 0.1000000015
15577  -33.080  -88.050  6.711 0.1000000015
14543  -32.499  -88.539  6.115 0.1000000015
14545  -34.329  -88.125  5.763 0.1000000015
13553  -31.979  -89.552  4.880 0.1000000015
14564  -34.007  -88.625  5.128 0.1000000015
14577  -33.592  -89.022  4.269 0.1000000015
14576  -33.008  -89.361  4.483 0.1000000015
13572  -32.814  -89.576  3.949 0.1000000015
14588  -34.105  -88.464  3.892 0.1000000015
13588  -33.060  -89.251  3.618 0.1000000015
12603  -32.228  -90.101  3.694 0.1000000015
14586  -32.950  -88.949  3.117 0.1000000015
15643  -32.216  -87.513  2.261 0.1000000015
13586  -32.210  -89.938  2.977 0.1000000015
13603  -31.825  -89.813  2.527 0.1000000015
13604  -32.344  -89.591  2.889 0.1000000015
18807  -37.496  -84.521  8.002 0.1000000015
16641  -35.186  -86.320  7.887 0.1000000015
17731  -36.274  -85.217  8.045 0.1000000015
16648  -34.983  -86.875  7.279 0.1000000015
17745  -36.639  -85.291  7.247 0.1000000015
16649  -35.696  -86.250  7.158 0.1000000015
16661  -35.526  -86.796  6.637 0.1000000015
16662  -36.257  -86.508  6.018 0.1000000015
15595  -35.508  -87.586  5.064 0.1000000015
14578  -34.461  -88.347  4.391 0.1000000015
14587  -33.463  -88.614  3.404 0.1000000015
17772  -31.537  -85.765  5.041 0.1000000015
17786  -31.656  -85.602  3.902 0.1000000015
17807  -32.257  -85.168  3.147 0.1000000015
16747  -31.698  -86.280  1.935 0.1000000015
16748  -32.929  -86.430  2.430 0.1000000015
16726  -33.743  -86.345  2.626 0.1000000015
15624  -33.770  -87.166  2.892 0.1000000015
15644  -33.027  -87.873  2.771 0.1000000015
14603  -32.519  -88.845  2.733 0.1000000015
18758  -38.810  -85.382  9.663 0.1000000015
18809  -39.555  -84.301  7.636 0.2000000030
18782  -39.981  -84.742  8.684 0.2000000030
18780  -37.841  -84.450  9.033 0.1000000015
18831  -38.736  -84.314  6.914 0.1000000015
18808  -38.449  -84.423  7.941 0.1000000015
18832  -39.278  -84.021  6.650 0.1000000015
18830  -37.954  -84.484  7.103 0.1000000015
19882  -32.036  -83.549  11.675 0.1000000015
19902  -32.511  -83.849  10.632 0.1000000015
18849  -38.838  -84.269  6.055 0.1000000015
17762  -37.711  -85.013  6.082 0.1000000015
16663  -36.906  -85.970  5.628 0.1000000015
18751  -31.086  -84.114  10.055 0.1000000015
18752  -32.011  -84.086  9.965 0.1000000015
18776  -32.493  -84.243  9.205 0.1000000015
18804  -33.064  -84.304  8.458 0.1000000015
18805  -33.749  -84.204  8.103 0.1000000015
18844  -33.764  -84.578  6.963 0.1000000015
17776  -37.349  -85.662  5.275 0.1000000015
16703  -36.495  -86.272  4.517 0.1000000015
15626  -35.295  -87.354  4.026 0.1000000015
18803  -32.226  -84.494  8.542 0.1000000015
18825  -32.762  -84.584  7.835 0.1000000015
17743  -33.200  -84.695  7.262 0.1000000015
17759  -33.365  -84.884  6.554 0.1000000015
18860  -34.007  -84.721  6.199 0.1000000015
18862  -35.470  -84.149  5.239 0.1000000015
18886  -34.914  -84.478  3.829 0.1000000015
16729  -36.104  -86.368  4.198 0.1000000015
15625  -34.604  -87.591  3.657 0.1000000015
17741  -31.862  -85.094  7.146 0.1000000015
17758  -32.715  -85.234  6.295 0.1000000015
17773  -32.701  -85.444  5.154 0.1000000015
17789  -34.385  -84.632  4.236 0.1000000015
17809  -34.490  -84.841  3.311 0.1000000015
16749  -33.619  -85.855  2.601 0.1000000015
17787  -32.526  -85.318  4.036 0.1000000015
17788  -33.533  -84.951  4.140 0.1000000015
17808  -33.275  -84.980  3.236 0.1000000015
17830  -33.810  -85.343  2.834 0.1000000015
16727  -34.522  -86.111  2.943 0.1000000015
14604  -33.019  -88.600  3.023 0.1000000015
18783  -40.486  -84.045  9.088 0.1000000015
17699  -39.650  -85.704  10.120 0.1000000015
17679  -39.645  -86.265  11.124 0.2000000030
18810  -40.312  -84.049  8.194 0.1000000015
19935  -40.261  -83.614  7.555 0.1000000015
20940  -31.945  -82.944  12.609 0.1000000015
20961  -31.358  -83.149  11.917 0.1000000015
18850  -39.302  -83.755  6.002 0.1000000015
18863  -38.369  -84.545  5.507 0.1000000015
18878  -38.420  -83.849  4.849 0.1000000015
18753  -32.853  -84.041  9.794 0.1000000015
18777  -33.170  -84.039  9.135 0.1000000015
19931  -33.623  -84.041  8.625 0.1000000015
18877  -37.960  -84.533  4.703 0.1000000015
19932  -34.414  -83.823  8.213 0.1000000015
18827  -34.177  -84.264  7.438 0.1000000015
18846  -35.137  -84.271  6.239 0.1000000015
19978  -36.107  -83.611  5.111 0.1000000015
19991  -36.480  -83.624  4.416 0.1000000015
17810  -35.545  -85.404  3.523 0.1000000015
17811  -36.253  -85.815  4.037 0.1000000015
19907  -41.536  -83.069  11.518 0.1000000015
18739  -41.432  -84.029  12.336 0.1000000015
19921  -40.985  -83.093  9.612 0.1000000015
19906  -41.335  -83.218  10.855 0.1000000015
18738  -41.055  -84.189  11.659 0.1000000015
17680  -40.201  -85.264  11.042 0.2000000030
18760  -40.606  -84.234  10.284 0.2000000030
17656  -39.940  -85.898  11.684 0.2000000030
16560  -40.007  -86.206  12.851 0.2000000030
19936  -40.593  -83.088  8.350 0.1000000015
21005  -40.980  -82.071  8.937 0.1000000015
21023  -40.639  -82.036  7.930 0.1000000015
21062  -40.131  -82.365  6.741 0.1000000015
19864  -32.211  -83.291  12.153 0.1000000015
19866  -33.795  -83.176  12.011 0.1000000015
19884  -34.010  -83.499  11.097 0.1000000015
19885  -34.841  -82.938  11.401 0.1000000015
19951  -40.333  -82.755  7.226 0.1000000015
19982  -39.231  -83.006  5.553 0.1000000015
20939  -31.161  -82.631  12.135 0.1000000015
21996  -31.891  -81.971  13.487 0.1000000015
19883  -33.102  -83.631  11.321 0.1000000015
19903  -33.576  -83.718  10.173 0.1000000015
19919  -34.525  -83.498  9.366 0.1000000015
19933  -35.586  -83.171  8.479 0.1000000015
19934  -36.357  -82.820  8.035 0.1000000015
21037  -37.002  -82.524  7.669 0.1000000015
21078  -37.704  -82.615  5.455 0.1000000015
19993  -38.113  -83.692  4.638 0.1000000015
22021  -30.812  -82.176  11.857 0.1000000015
18828  -34.770  -84.186  6.973 0.1000000015
19965  -36.282  -83.329  6.100 0.1000000015
19979  -36.917  -83.057  5.023 0.1000000015
19992  -37.186  -83.846  4.125 0.1000000015
22046  -30.807  -81.436  11.701 0.1000000015
23091  -31.061  -80.549  11.372 0.1000000015
22072  -30.725  -81.169  10.741 0.1000000015
20966  -40.775  -82.206  11.484 0.1000000015
20987  -41.419  -82.590  11.212 0.1000000015
20965  -40.057  -82.062  11.773 0.1000000015
22052  -40.618  -81.475  10.664 0.1000000015
18721  -41.606  -83.960  12.919 0.1000000015
18720  -41.230  -84.553  12.700 0.1000000015
17641  -41.205  -85.245  13.565 0.2000000030
22075  -40.148  -80.899  10.372 0.1000000015
22095  -40.877  -81.119  9.220 0.1000000015
20986  -41.358  -81.980  10.268 0.1000000015
17657  -40.414  -85.469  12.406 0.2000000030
23112  -39.611  -80.382  10.137 0.1000000015
22094  -40.309  -80.643  9.637 0.1000000015
23042  -31.651  -80.244  14.305 0.1000000015
20919  -32.641  -82.452  13.336 0.1000000015
20941  -33.121  -82.932  12.823 0.1000000015
20942  -34.146  -82.576  12.801 0.1000000015
23111  -38.777  -80.053  10.068 0.1000000015
23131  -38.771  -80.390  9.048 0.1000000015
23152  -40.565  -80.824  8.451 0.1000000015
22137  -40.497  -81.297  7.767 0.1000000015
19905  -35.283  -82.903  10.619 0.1000000015
21002  -35.839  -82.639  10.159 0.1000000015
21020  -35.936  -82.767  9.369 0.1000000015
22134  -38.589  -81.337  7.394 0.1000000015
22135  -39.250  -81.269  7.043 0.1000000015
21061  -39.732  -82.140  6.318 0.1000000015
24124  -30.997  -79.831  13.548 0.1000000015
19904  -34.589  -83.321  10.406 0.1000000015
19920  -35.292  -83.087  9.739 0.1000000015
21021  -36.583  -82.551  8.738 0.1000000015
21038  -37.876  -81.881  7.221 0.1000000015
21059  -38.118  -82.140  6.159 0.1000000015
21060  -38.971  -81.874  6.140 0.1000000015
23061  -31.296  -80.893  13.318 0.1000000015
23078  -31.031  -80.931  12.270 0.1000000015
24140  -30.989  -79.848  12.248 0.1000000015
24153  -31.493  -79.591  10.916 0.1000000015
24165  -32.015  -79.491  9.641 0.1000000015
19870  -41.503  -83.259  12.709 0.1000000015
22051  -39.754  -81.308  11.243 0.1000000015
22027  -39.689  -81.895  11.923 0.1000000015
19868  -40.718  -83.134  13.259 0.1000000015
18708  -41.491  -84.536  13.273 0.1000000015
23094  -38.969  -80.306  10.986 0.1000000015
23065  -38.470  -80.738  12.556 0.1000000015
19842  -41.617  -83.729  14.248 0.1000000015
17642  -41.574  -85.024  14.174 0.1000000015
24155  -37.665  -79.831  11.270 0.1000000015
24156  -38.341  -79.844  10.847 0.1000000015
17632  -41.308  -85.448  14.555 0.2000000030
21972  -32.186  -81.084  14.166 0.1000000015
20920  -33.537  -82.264  13.460 0.1000000015
24167  -37.746  -80.066  10.662 0.1000000015
23130  -38.272  -80.657  9.221 0.1000000015
17620  -41.399  -85.362  15.378 0.1000000015
16508  -40.867  -85.696  16.030 0.2000000030
21997  -32.867  -81.797  13.966 0.1000000015
19867  -34.623  -82.695  12.190 0.1000000015
20963  -35.799  -82.180  11.619 0.1000000015
20985  -36.838  -82.018  10.050 0.1000000015
22074  -37.200  -81.385  10.296 0.1000000015
22092  -37.833  -81.190  9.162 0.1000000015
25275  -30.820  -78.905  12.276 0.1000000015
25283  -31.286  -78.620  11.443 0.1000000015
25293  -31.936  -78.594  10.358 0.1000000015
22002  -38.483  -81.287  13.189 0.1000000015
20923  -39.090  -82.370  13.525 0.1000000015
22001  -38.032  -80.648  13.458 0.1000000015
22026  -39.019  -81.417  12.179 0.1000000015
20924  -39.839  -82.992  13.935 0.1000000015
19852  -41.142  -83.381  13.696 0.1000000015
23081  -38.081  -79.915  12.376 0.1000000015
19840  -40.465  -83.295  14.609 0.1000000015
18701  -41.879  -84.234  14.879 0.1000000015
23092  -36.913  -80.232  11.669 0.1000000015
24143  -37.709  -79.714  12.229 0.1000000015
19831  -41.618  -83.753  15.119 0.1000000015
23043  -32.671  -80.210  14.598 0.1000000015
21973  -33.238  -80.876  14.351 0.1000000015
20921  -34.516  -81.843  13.342 0.1000000015
20943  -35.231  -82.046  12.649 0.1000000015
22047  -36.029  -81.521  12.034 0.1000000015
22025  -36.491  -80.548  12.040 0.1000000015
18692  -41.966  -84.125  15.764 0.1000000015
17633  -41.715  -84.891  14.736 0.1000000015
20922  -35.035  -81.537  13.168 0.1000000015
22049  -36.954  -81.143  10.958 0.1000000015
17602  -41.301  -85.379  17.207 0.1000000015
24105  -31.131  -79.330  14.611 0.1000000015
24123  -30.609  -79.088  13.685 0.1000000015
24139  -30.712  -79.265  12.916 0.1000000015
25274  -30.508  -78.446  12.866 0.1000000015
26442  -30.590  -77.489  12.325 0.1000000015
27614  -31.608  -76.579  11.082 0.1000000015
21976  -38.032  -81.068  13.913 0.1000000015
21977  -38.497  -81.911  14.304 0.1000000015
20904  -39.246  -82.707  14.481 0.1000000015
21957  -37.782  -81.264  14.826 0.1000000015
20893  -39.541  -82.989  15.129 0.1000000015
23046  -37.627  -80.252  13.890 0.1000000015
23027  -37.159  -80.169  14.841 0.1000000015
19829  -40.241  -83.283  15.444 0.1000000015
19841  -41.119  -83.470  14.462 0.1000000015
23080  -36.527  -80.085  12.290 0.1000000015
24128  -37.318  -79.503  13.215 0.1000000015
19830  -41.059  -83.474  15.327 0.1000000015
24088  -31.800  -79.159  15.278 0.1000000015
21998  -33.915  -81.405  13.916 0.1000000015
22000  -35.613  -80.272  13.020 0.1000000015
23079  -36.035  -79.879  12.792 0.1000000015
24127  -36.484  -79.233  13.555 0.1000000015
19816  -41.642  -83.740  16.039 0.1000000015
17621  -41.785  -84.737  15.579 0.1000000015
24106  -32.167  -79.602  14.893 0.1000000015
24107  -33.215  -79.377  15.001 0.1000000015
23044  -33.643  -79.938  14.472 0.1000000015
21974  -34.159  -80.482  14.110 0.1000000015
21999  -35.015  -80.753  13.490 0.1000000015
18678  -42.231  -84.150  17.131 0.1000000015
24104  -30.585  -78.891  14.266 0.1000000015
25264  -30.297  -78.397  13.841 0.1000000015
26424  -29.901  -77.528  14.222 0.1000000015
26433  -30.240  -77.558  13.188 0.1000000015
27602  -30.931  -76.336  11.948 0.1000000015
27601  -30.426  -76.819  12.681 0.1000000015
23026  -36.438  -80.125  15.519 0.1000000015
21956  -36.952  -81.117  15.497 0.1000000015
20890  -37.455  -81.816  15.637 0.1000000015
20892  -38.835  -82.577  15.295 0.1000000015
24091  -36.005  -79.256  15.212 0.1000000015
19828  -39.560  -83.091  15.705 0.1000000015
24125  -34.902  -79.206  14.228 0.1000000015
24109  -35.257  -78.854  14.818 0.1000000015
24110  -36.176  -79.087  14.373 0.1000000015
24111  -36.955  -79.454  14.122 0.1000000015
19814  -40.075  -83.354  16.359 0.1000000015
25231  -31.320  -78.789  15.698 0.1000000015
25232  -32.334  -78.872  15.835 0.1000000015
23062  -34.980  -79.694  13.749 0.1000000015
23063  -35.531  -79.755  13.299 0.1000000015
19802  -41.887  -83.666  17.249 0.1000000015
25249  -31.025  -78.984  15.115 0.1000000015
18684  -42.120  -83.980  16.507 0.1000000015
17603  -42.274  -84.712  17.674 0.1000000015
25248  -30.487  -78.575  14.887 0.1000000015
26411  -29.885  -77.748  15.247 0.1000000015
26423  -29.715  -77.076  14.853 0.1000000015
27584  -30.134  -76.542  13.398 0.1000000015
27567  -29.831  -76.368  14.442 0.1000000015
28726  -30.093  -75.439  14.757 0.1000000015
27585  -30.508  -76.154  12.750 0.1000000015
20891  -38.066  -82.131  15.455 0.1000000015
20878  -38.370  -82.658  15.982 0.1000000015
19813  -39.047  -83.185  16.331 0.1000000015
19800  -39.695  -83.556  17.161 0.1000000015
25210  -32.053  -78.765  16.589 0.1000000015
25250  -33.894  -78.934  15.299 0.1000000015
25251  -34.554  -78.824  15.306 0.1000000015
24090  -35.330  -79.170  15.727 0.1000000015
25230  -30.452  -78.264  15.950 0.1000000015
25209  -31.121  -78.586  16.769 0.1000000015
24089  -32.567  -79.173  15.355 0.1000000015
25233  -33.259  -78.879  15.716 0.1000000015
24108  -34.255  -79.149  14.711 0.1000000015
19815  -40.998  -83.440  16.278 0.1000000015
26398  -29.789  -77.632  16.135 0.1000000015
26380  -29.723  -77.409  16.839 0.1000000015
26410  -29.568  -76.958  15.487 0.1000000015
26397  -29.483  -76.908  16.360 0.1000000015
27533  -29.611  -76.204  15.904 0.1000000015
28712  -29.810  -75.644  15.433 0.1000000015
28713  -30.098  -74.951  15.570 0.1000000015
21938  -36.247  -81.150  16.049 0.1000000015
20876  -36.762  -82.153  16.260 0.1000000015
20877  -37.680  -82.470  16.098 0.1000000015
19812  -38.105  -83.100  16.607 0.1000000015
19798  -37.596  -83.428  17.356 0.1000000015
23007  -35.866  -80.453  16.038 0.1000000015
25252  -34.996  -78.805  15.426 0.1000000015
25208  -30.250  -78.021  16.985 0.1000000015
26358  -29.508  -76.824  17.745 0.1000000015
28704  -29.772  -75.269  16.339 0.1000000015
28705  -30.088  -74.677  16.092 0.1000000015
19811  -37.328  -82.911  16.658 0.1000000015
23006  -35.294  -80.109  16.330 0.1000000015
25187  -31.916  -78.848  17.671 0.1000000015
25211  -32.902  -78.851  16.456 0.1000000015
25212  -33.689  -78.911  16.392 0.1000000015
24074  -34.759  -79.404  16.353 0.1000000015
25185  -30.208  -78.038  17.871 0.1000000015
26359  -29.766  -77.446  17.616 0.1000000015
27509  -29.493  -76.246  17.550 0.1000000015
28697  -29.567  -75.475  17.317 0.1000000015
29857  -29.757  -74.792  17.122 0.1000000015
29849  -29.819  -74.205  17.381 0.1000000015
21937  -35.529  -81.165  16.538 0.1000000015
22990  -33.962  -80.263  17.413 0.1000000015
23005  -34.578  -80.195  16.855 0.1000000015
21936  -34.949  -80.836  16.805 0.1000000015
25186  -30.893  -78.448  17.750 0.1000000015
25188  -32.624  -78.924  17.141 0.1000000015
24072  -33.299  -79.133  17.058 0.1000000015
24053  -33.494  -79.700  17.437 0.1000000015
25173  -30.506  -78.241  18.563 0.1000000015
28687  -29.393  -75.678  18.255 0.1000000015
29848  -29.524  -74.677  17.936 0.1000000015
30941  -29.305  -73.962  18.806 0.1000000015
22989  -33.370  -80.227  18.031 0.1000000015
24051  -32.237  -79.238  18.171 0.1000000015
24052  -32.768  -79.439  17.841 0.1000000015
26326  -30.121  -77.785  19.247 0.1000000015
26340  -29.570  -77.013  18.319 0.1000000015
27479  -29.464  -76.385  18.846 0.1000000015
29817  -29.193  -74.661  19.543 0.1000000015
30914  -29.318  -73.787  20.494 0.1000000015
25164  -30.704  -78.375  19.399 0.1000000015
26325  -29.688  -77.118  19.108 0.1000000015
26296  -29.821  -77.291  19.786 0.1000000015
27457  -29.410  -76.450  19.948 0.1000000015
28669  -29.293  -75.575  19.282 0.1000000015
29790  -29.567  -74.508  21.071 0.1000000015
30904  -30.104  -73.486  21.417 0.1000000015
29791  -30.549  -74.505  21.567 0.1000000015
27440  -29.837  -76.375  20.923 0.1000000015
28627  -29.611  -75.537  20.915 0.1000000015
28628  -30.145  -75.506  21.411 0.1000000015
15566  -33.557  -87.483  7.408 0.1000000015
15576  -32.231  -88.102  6.814 0.1000000015
15578  -34.036  -87.881  6.509 0.1000000015
14544  -33.499  -88.415  5.900 0.1000000015
15579  -35.138  -87.456  6.115 0.1000000015
14563  -32.927  -89.137  5.172 0.1000000015
14565  -34.815  -88.055  5.147 0.1000000015
17744  -36.075  -85.644  7.454 0.1000000015
17761  -37.126  -85.478  6.223 0.1000000015
15580  -35.846  -87.125  5.407 0.1000000015
16681  -36.833  -86.193  5.122 0.1000000015
15596  -35.916  -87.158  4.873 0.1000000015
17827  -30.928  -85.461  2.144 0.1000000015
17829  -33.001  -85.362  2.621 0.1000000015
17828  -32.011  -85.489  2.439 0.1000000015
18781  -38.969  -84.936  8.933 0.1000000015
17716  -39.621  -85.224  9.311 0.2000000030
18848  -38.173  -84.630  6.209 0.1000000015
19865  -32.686  -83.333  12.143 0.1000000015
18754  -33.326  -83.907  9.568 0.1000000015
18845  -34.425  -84.460  6.571 0.1000000015
18861  -34.648  -84.550  5.537 0.1000000015
17774  -33.784  -84.983  5.343 0.1000000015
19964  -35.659  -83.791  5.923 0.1000000015
18875  -35.842  -83.923  4.381 0.1000000015
16728  -35.553  -86.597  3.846 0.1000000015
18887  -35.672  -84.401  3.732 0.1000000015
17700  -40.205  -85.087  10.202 0.2000000030
19966  -39.647  -83.066  5.970 0.1000000015
18876  -37.239  -84.668  4.232 0.1000000015
19918  -33.751  -83.810  9.175 0.1000000015
19948  -35.373  -83.741  7.087 0.1000000015
21058  -37.174  -82.630  6.368 0.1000000015
20002  -36.437  -84.214  3.892 0.1000000015
18888  -36.549  -84.808  3.872 0.1000000015
22115  -40.739  -81.341  8.393 0.1000000015
21079  -38.416  -82.539  5.450 0.1000000015
22022  -31.183  -81.898  12.566 0.1000000015
19949  -36.313  -83.064  7.281 0.1000000015
19980  -37.887  -83.009  4.713 0.1000000015
20946  -40.001  -82.692  12.617 0.1000000015
20947  -41.135  -82.778  12.355 0.1000000015
23132  -39.642  -80.355  9.182 0.1000000015
16530  -40.667  -85.972  14.332 0.2000000030
23151  -40.075  -80.475  8.212 0.1000000015
24168  -38.082  -79.884  10.535 0.1000000015
22093  -38.406  -80.811  8.701 0.1000000015
23150  -39.412  -80.450  8.410 0.1000000015
22136  -40.049  -81.041  7.307 0.1000000015
22073  -36.712  -81.528  10.960 0.1000000015
21004  -37.124  -81.968  9.419 0.1000000015
17609  -41.443  -85.249  16.214 0.1000000015
25282  -30.812  -78.211  12.050 0.1000000015
26455  -31.704  -77.602  10.722 0.1000000015
24154  -37.131  -79.806  12.039 0.1000000015
26443  -31.156  -77.484  11.583 0.1000000015
24141  -36.077  -79.360  13.200 0.1000000015
29899  -30.690  -74.767  14.188 0.1000000015
25213  -34.307  -78.999  16.285 0.1000000015
22875  -33.730  -80.170  27.919 0.5000000000
17582  -33.465  -85.580  18.610 0.5000000000
17559  -32.490  -84.863  19.207 0.5000000000
23904  -34.466  -79.195  27.829 0.5000000000
22881  -33.959  -80.400  27.212 0.5000000000
21792  -33.313  -80.916  27.438 0.5000000000
17544  -33.416  -84.888  19.857 0.5000000000
26187  -35.002  -77.651  27.331 0.5000000000
25024  -34.884  -78.276  27.587 0.5000000000
22876  -34.266  -79.833  27.317 0.5000000000
18623  -33.606  -84.044  20.976 0.5000000000
23913  -34.592  -79.219  26.843 0.5000000000
25036  -34.700  -78.147  26.848 0.5000000000
25037  -34.771  -78.633  26.244 0.4000000060
22883  -35.322  -80.247  26.054 0.4000000060
16457  -35.983  -87.010  19.215 0.5000000000
15375  -36.507  -87.414  19.463 0.5000000000
16443  -37.064  -87.270  20.796 0.5000000000
16412  -39.418  -87.262  22.857 0.5000000000
16411  -38.414  -86.707  22.416 0.5000000000
17505  -40.357  -86.111  24.017 0.4000000060
18586  -42.373  -84.649  24.562 0.4000000060
20797  -28.855  -82.792  21.650 0.1000000015
18665  -31.915  -84.796  19.035 0.5000000000
23891  -34.956  -79.196  28.887 0.5000000000
22867  -34.466  -79.854  28.978 0.5000000000
21803  -32.892  -81.204  26.718 0.4000000060
19753  -32.727  -83.812  20.721 0.5000000000
26188  -35.539  -77.027  27.487 0.5000000000
25025  -35.378  -77.850  27.846 0.5000000000
27365  -35.194  -75.783  27.244 0.5000000000
30827  -34.469  -73.567  27.466 0.5000000000
29721  -34.603  -74.540  27.236 0.5000000000
27364  -34.899  -76.173  26.861 0.5000000000
30826  -33.676  -72.792  27.064 0.4000000060
28555  -34.634  -75.360  26.874 0.3000000119
27380  -34.587  -76.228  26.233 0.5000000000
26215  -34.660  -77.241  26.151 0.4000000060
23914  -34.989  -79.372  26.109 0.4000000060
28572  -34.322  -75.217  25.948 0.3000000119
21824  -35.633  -81.477  25.877 0.6999999881
20770  -35.217  -82.499  24.874 0.5000000000
30838  -33.890  -73.358  26.559 0.3000000119
29746  -34.395  -74.324  25.531 0.3000000119
27381  -34.684  -76.629  25.578 0.3000000119
25053  -35.103  -78.426  25.463 0.4000000060
21806  -35.537  -80.841  26.037 0.5000000000
20771  -35.739  -82.532  25.134 0.6000000238
19716  -35.301  -83.139  23.136 0.6000000238
19715  -34.242  -82.972  22.447 0.6000000238
17545  -33.915  -85.169  20.034 0.5000000000
16472  -35.644  -86.862  18.439 0.3000000119
28578  -34.533  -75.029  25.267 0.3000000119
27387  -35.025  -76.407  24.815 0.3000000119
23940  -36.237  -79.233  24.644 0.4000000060
20758  -36.793  -82.214  25.350 0.5000000000
19701  -36.444  -83.504  23.848 0.6000000238
18613  -36.549  -84.674  22.269 0.6000000238
17547  -35.959  -86.053  20.759 0.5000000000
16442  -36.272  -86.733  20.406 0.5000000000
28580  -35.652  -75.526  24.289 0.4000000060
26220  -36.166  -77.539  24.101 0.4000000060
22896  -36.953  -80.683  24.872 0.5000000000
20772  -37.419  -82.400  25.073 0.5000000000
18600  -37.560  -84.533  23.409 0.5000000000
17517  -36.940  -85.265  22.123 0.5000000000
16427  -37.079  -86.750  21.267 0.5000000000
28591  -36.418  -75.660  23.824 0.4000000060
26236  -36.989  -77.496  23.637 0.4000000060
25064  -37.356  -78.870  23.926 0.5000000000
21844  -37.804  -81.697  24.782 0.5000000000
19681  -38.686  -83.442  24.615 0.4000000060
17502  -37.922  -85.221  23.059 0.5000000000
17519  -38.316  -85.890  22.846 0.5000000000
25076  -37.359  -78.178  23.679 0.4000000060
23943  -38.546  -79.923  23.850 0.5000000000
20774  -39.170  -82.567  24.555 0.5000000000
19682  -39.705  -83.492  24.580 0.4000000060
17504  -39.460  -85.792  23.722 0.4000000060
16392  -39.037  -86.304  23.121 0.5000000000
22922  -39.863  -80.032  23.729 0.5000000000
20775  -40.184  -82.593  24.497 0.4000000060
18584  -40.266  -84.424  24.498 0.4000000060
17486  -40.818  -85.386  24.366 0.4000000060
22911  -40.205  -80.784  23.956 0.3000000119
21847  -40.687  -81.669  24.242 0.4000000060
20776  -41.226  -82.621  24.449 0.3000000119
20777  -42.303  -82.631  24.509 0.3000000119
19685  -42.884  -83.670  24.618 0.3000000119
19699  -28.586  -83.550  23.488 0.1000000015
19713  -28.204  -83.343  21.948 0.1000000015
19677  -29.689  -84.258  24.556 0.1000000015
20786  -28.630  -82.894  22.586 0.1000000015
20787  -29.221  -82.531  23.414 0.4000000060
20798  -29.615  -82.327  22.155 0.4000000060
20828  -30.359  -83.069  20.875 0.4000000060
19751  -31.088  -83.405  20.510 0.5000000000
20816  -30.386  -82.589  21.390 0.4000000060
20817  -31.302  -82.659  21.463 0.5000000000
19752  -31.938  -83.709  20.447 0.5000000000
23873  -35.668  -79.674  29.390 0.5000000000
22851  -34.924  -80.386  29.382 0.5000000000
22866  -33.998  -80.375  28.842 0.5000000000
20800  -31.432  -82.104  22.140 0.5000000000
19733  -32.105  -83.205  21.141 0.5000000000
26189  -36.391  -76.740  27.869 0.5000000000
26170  -35.966  -77.414  28.030 0.5000000000
23892  -35.902  -78.961  29.218 0.5000000000
28544  -36.587  -75.272  27.785 0.5000000000
28543  -35.616  -75.159  27.563 0.5000000000
21872  -32.950  -81.766  23.578 0.6000000238
31901  -33.414  -72.080  27.436 0.4000000060
31915  -33.337  -72.053  26.579 0.2000000030
34054  -33.062  -70.377  26.582 0.2000000030
31933  -33.626  -71.955  25.904 0.3000000119
30866  -34.665  -73.802  25.165 0.3000000119
29752  -34.844  -74.383  24.936 0.4000000060
34071  -33.666  -70.326  25.932 0.3000000119
31935  -34.776  -72.093  25.182 0.3000000119
35150  -34.095  -69.438  25.790 0.3000000119
33015  -35.371  -71.288  25.051 0.4000000060
30867  -35.290  -73.306  24.730 0.4000000060
33016  -36.164  -71.311  24.792 0.3000000119
30868  -36.641  -73.537  24.041 0.4000000060
27405  -37.529  -76.575  23.409 0.4000000060
26238  -38.729  -77.491  23.263 0.4000000060
31939  -36.344  -72.269  24.443 0.3000000119
30879  -37.462  -74.086  23.753 0.3000000119
27407  -39.399  -76.507  23.269 0.3000000119
23953  -39.353  -79.501  23.582 0.4000000060
27408  -40.371  -76.451  23.441 0.3000000119
25080  -40.890  -78.310  23.544 0.3000000119
22912  -41.183  -80.703  24.064 0.4000000060
21848  -41.742  -81.585  24.329 0.3000000119
27409  -41.215  -76.474  23.602 0.2000000030
26241  -41.455  -77.357  23.625 0.2000000030
23956  -42.184  -79.136  24.151 0.3000000119
21849  -42.847  -81.551  24.514 0.3000000119
27389  -42.681  -76.272  24.215 0.1000000015
25065  -43.193  -78.118  24.453 0.2000000030
22913  -42.293  -80.268  24.327 0.4000000060
29785  -44.044  -74.488  23.399 0.1000000015
18567  -30.589  -84.620  25.240 0.1000000015
19676  -29.313  -83.630  24.274 0.1000000015
19662  -29.910  -83.795  24.991 0.2000000030
20754  -30.186  -82.879  25.426 0.5000000000
21838  -29.899  -81.947  23.720 0.4000000060
21869  -30.706  -81.861  22.602 0.4000000060
22852  -36.130  -80.505  29.577 0.5000000000
21768  -34.736  -81.486  29.469 0.4000000060
20704  -33.657  -82.417  29.048 0.4000000060
21790  -31.784  -82.059  27.418 0.4000000060
21840  -31.444  -81.445  24.691 0.5000000000
21860  -31.417  -81.496  23.746 0.5000000000
26171  -36.727  -77.345  28.299 0.5000000000
25010  -37.124  -77.981  28.775 0.5000000000
23874  -36.694  -79.501  29.440 0.4000000060
31892  -34.713  -72.179  28.406 0.4000000060
30829  -36.140  -73.554  28.283 0.4000000060
27352  -36.896  -76.017  27.832 0.5000000000
32975  -33.424  -71.371  28.472 0.4000000060
31903  -35.084  -72.840  28.166 0.5000000000
32982  -33.119  -71.414  27.754 0.4000000060
34036  -32.542  -70.058  28.276 0.3000000119
34043  -32.605  -70.057  27.502 0.3000000119
35135  -32.831  -69.401  26.873 0.3000000119
36244  -32.624  -68.305  27.185 0.2000000030
36260  -33.820  -68.871  25.991 0.2000000030
38621  -33.329  -65.995  27.198 0.1000000015
36246  -34.039  -67.755  26.123 0.3000000119
38641  -34.380  -66.352  26.200 0.1000000015
36261  -34.422  -68.341  25.819 0.3000000119
35152  -35.779  -69.290  25.270 0.3000000119
38642  -35.034  -66.463  25.775 0.2000000030
37452  -35.212  -67.415  25.619 0.2000000030
35153  -36.553  -69.300  25.004 0.2000000030
31940  -37.514  -72.199  24.218 0.2000000030
30880  -38.436  -73.919  23.749 0.2000000030
35162  -37.343  -69.351  24.770 0.2000000030
31941  -38.678  -72.101  24.269 0.2000000030
30881  -39.417  -73.850  23.864 0.2000000030
33018  -38.226  -71.166  24.512 0.2000000030
31942  -39.671  -72.171  24.384 0.1000000015
28596  -41.227  -75.346  23.798 0.2000000030
28597  -41.635  -75.888  23.821 0.2000000030
33022  -39.866  -70.848  24.021 0.1000000015
30872  -40.850  -73.210  24.471 0.1000000015
28582  -42.112  -75.367  24.169 0.1000000015
28583  -43.146  -75.267  24.393 0.1000000015
31949  -41.181  -72.104  24.074 0.1000000015
31950  -41.903  -72.626  24.066 0.1000000015
30883  -42.394  -73.026  23.816 0.1000000015
29770  -43.629  -74.164  23.615 0.1000000015
29783  -42.921  -74.004  22.501 0.1000000015
29809  -43.436  -74.799  21.288 0.1000000015
18557  -30.902  -84.503  25.745 0.3000000119
19653  -30.590  -83.775  25.799 0.3000000119
18538  -36.215  -85.077  28.801 0.3000000119
18536  -34.472  -84.910  28.418 0.3000000119
18547  -31.601  -84.265  27.019 0.3000000119
19654  -30.949  -83.405  26.486 0.3000000119
21839  -30.473  -81.767  24.347 0.4000000060
18520  -35.864  -84.261  29.080 0.3000000119
19642  -31.442  -83.556  27.169 0.5000000000
21819  -30.697  -81.961  25.369 0.5000000000
22854  -38.349  -80.562  29.487 0.4000000060
20707  -36.307  -82.537  29.553 0.5000000000
19610  -34.270  -83.144  29.147 0.4000000060
20723  -32.922  -82.579  28.608 0.4000000060
21801  -31.037  -81.930  26.178 0.5000000000
30805  -37.146  -73.870  28.982 0.4000000060
27354  -38.240  -75.947  28.119 0.4000000060
25011  -38.255  -78.061  28.781 0.5000000000
24991  -37.531  -78.742  29.187 0.5000000000
31877  -33.864  -72.076  29.505 0.4000000060
32961  -33.579  -71.455  29.223 0.4000000060
30817  -36.574  -73.569  28.586 0.4000000060
28524  -37.734  -75.075  28.319 0.5000000000
34021  -32.628  -70.255  29.142 0.4000000060
34022  -32.987  -70.777  28.649 0.4000000060
34004  -32.275  -70.305  29.988 0.4000000060
36215  -31.794  -68.313  30.291 0.3000000119
35119  -32.225  -69.185  28.629 0.3000000119
36228  -31.860  -68.051  29.087 0.3000000119
36235  -32.168  -68.263  27.978 0.3000000119
37406  -32.174  -67.010  29.165 0.3000000119
37421  -32.327  -67.139  28.147 0.2000000030
40773  -33.789  -64.847  28.596 0.1000000015
39713  -33.520  -65.227  27.787 0.1000000015
39731  -35.058  -65.109  26.086 0.1000000015
39751  -34.860  -65.739  26.004 0.1000000015
37453  -36.001  -67.489  25.212 0.2000000030
40823  -35.522  -64.540  25.951 0.1000000015
39753  -36.260  -65.663  25.161 0.1000000015
37473  -36.749  -67.557  24.802 0.2000000030
37474  -37.389  -67.676  24.437 0.2000000030
35163  -38.156  -69.311  24.533 0.1000000015
36279  -38.358  -68.429  24.131 0.1000000015
35165  -39.227  -69.599  23.792 0.1000000015
35172  -39.370  -69.372  23.224 0.1000000015
33023  -40.349  -71.355  23.974 0.1000000015
31966  -41.295  -72.289  23.124 0.1000000015
34119  -40.194  -70.671  22.329 0.1000000015
31979  -40.794  -71.994  22.340 0.1000000015
30918  -41.807  -73.402  21.206 0.1000000015
31989  -41.372  -72.676  20.874 0.1000000015
30931  -41.941  -73.357  20.495 0.1000000015
32002  -42.660  -72.855  19.161 0.1000000015
30947  -43.114  -73.518  19.105 0.1000000015
30948  -43.754  -73.781  18.582 0.1000000015
30958  -44.058  -73.455  17.973 0.1000000015
17440  -37.064  -86.037  28.557 0.3000000119
16312  -35.151  -86.522  27.364 0.2000000030
18522  -37.636  -84.717  29.356 0.3000000119
20709  -38.460  -82.553  29.539 0.4000000060
20710  -39.567  -82.488  29.480 0.3000000119
28507  -38.733  -75.289  28.962 0.3000000119
28525  -38.425  -75.514  28.383 0.3000000119
26173  -38.909  -77.200  28.347 0.4000000060
23877  -39.754  -79.491  28.962 0.4000000060
21773  -39.977  -81.417  29.329 0.3000000119
31865  -34.522  -72.760  29.803 0.3000000119
29703  -37.508  -74.394  29.254 0.3000000119
23894  -40.435  -79.137  28.789 0.4000000060
22856  -40.356  -80.335  29.148 0.4000000060
21774  -41.045  -81.292  29.319 0.3000000119
35074  -31.730  -70.119  31.560 0.3000000119
32945  -32.639  -71.501  30.086 0.3000000119
34003  -31.937  -70.550  30.648 0.3000000119
36183  -31.993  -68.703  31.871 0.3000000119
36201  -31.874  -68.342  31.179 0.3000000119
37361  -32.422  -67.859  31.785 0.3000000119
37389  -32.069  -67.298  30.021 0.3000000119
38565  -32.714  -66.827  30.769 0.3000000119
38579  -33.237  -65.918  29.823 0.2000000030
40763  -33.673  -65.037  29.069 0.1000000015
40765  -35.002  -64.678  29.343 0.1000000015
40766  -35.872  -64.613  29.434 0.1000000015
40787  -34.317  -64.492  27.747 0.1000000015
41813  -36.435  -63.239  28.363 0.1000000015
41841  -35.323  -63.726  26.847 0.1000000015
41842  -35.930  -63.293  26.696 0.1000000015
40824  -36.307  -64.568  25.413 0.1000000015
39771  -36.864  -65.684  24.726 0.2000000030
40845  -37.825  -64.600  24.206 0.2000000030
39773  -37.963  -65.271  23.935 0.2000000030
37490  -38.456  -67.524  23.693 0.1000000015
39793  -38.364  -65.612  23.613 0.1000000015
37491  -38.999  -67.445  23.170 0.1000000015
35186  -39.661  -69.663  22.644 0.1000000015
38700  -39.975  -66.622  22.236 0.1000000015
36313  -39.647  -68.564  22.454 0.1000000015
34128  -40.441  -70.532  21.586 0.1000000015
36336  -40.422  -68.881  21.370 0.1000000015
34129  -40.699  -70.542  20.911 0.1000000015
34138  -41.238  -70.686  20.304 0.1000000015
32001  -41.914  -72.757  19.802 0.1000000015
34140  -42.827  -70.556  19.268 0.1000000015
33082  -43.128  -72.174  18.730 0.1000000015
33071  -43.187  -71.297  18.912 0.1000000015
32017  -43.666  -72.733  18.228 0.1000000015
33083  -43.798  -71.558  18.352 0.1000000015
32018  -44.045  -72.287  17.831 0.1000000015
32032  -44.331  -72.664  17.073 0.1000000015
15236  -37.182  -87.467  27.452 0.2000000030
16331  -36.221  -87.359  27.027 0.2000000030
15219  -38.875  -87.357  28.600 0.2000000030
17419  -38.376  -85.746  29.267 0.3000000119
17422  -41.805  -85.503  29.765 0.2000000030
17420  -39.493  -85.700  29.458 0.3000000119
18523  -38.751  -84.669  29.538 0.3000000119
27336  -39.598  -76.534  28.558 0.3000000119
26174  -40.023  -77.453  28.536 0.3000000119
20711  -40.698  -82.373  29.456 0.3000000119
29691  -36.638  -74.484  30.144 0.3000000119
30791  -36.526  -73.945  29.696 0.3000000119
28488  -38.353  -75.283  29.762 0.3000000119
26175  -40.869  -77.525  28.809 0.3000000119
23895  -41.224  -78.849  28.849 0.3000000119
22868  -40.742  -79.765  29.007 0.3000000119
32930  -31.761  -71.193  31.463 0.3000000119
30788  -33.614  -73.517  30.814 0.3000000119
25015  -41.672  -78.239  29.202 0.3000000119
22870  -41.624  -79.235  29.076 0.3000000119
21775  -42.075  -81.143  29.349 0.2000000030
20712  -41.820  -82.229  29.444 0.2000000030
35060  -32.114  -69.784  32.856 0.2000000030
35059  -31.773  -70.152  32.216 0.2000000030
36162  -32.333  -68.997  32.668 0.3000000119
37336  -33.135  -67.824  32.503 0.3000000119
38549  -33.458  -66.771  31.647 0.3000000119
38550  -34.540  -66.374  31.657 0.2000000030
39686  -34.682  -65.164  29.807 0.1000000015
38568  -35.908  -65.940  30.970 0.2000000030
39675  -36.199  -65.557  30.374 0.1000000015
39688  -36.471  -65.177  29.809 0.1000000015
40778  -38.288  -64.570  28.900 0.1000000015
39702  -39.903  -65.356  28.745 0.1000000015
39715  -41.328  -65.043  27.909 0.1000000015
41814  -37.684  -63.487  28.583 0.1000000015
41815  -38.683  -63.701  28.443 0.1000000015
41824  -39.934  -63.412  27.915 0.1000000015
41826  -41.501  -63.386  27.307 0.1000000015
40791  -42.921  -64.518  26.834 0.1000000015
39733  -44.018  -64.934  26.491 0.1000000015
42938  -36.797  -62.549  27.513 0.1000000015
42939  -37.748  -62.216  27.623 0.1000000015
44135  -40.144  -61.771  27.384 0.1000000015
42943  -41.754  -62.402  27.042 0.1000000015
42961  -43.449  -62.563  26.333 0.1000000015
41845  -44.405  -63.316  25.836 0.1000000015
42979  -36.546  -63.076  25.919 0.1000000015
44172  -37.600  -61.902  26.260 0.1000000015
41883  -37.149  -63.537  25.074 0.1000000015
41904  -38.415  -63.804  23.920 0.2000000030
40867  -38.263  -64.785  23.793 0.1000000015
40868  -38.808  -64.670  23.429 0.1000000015
38699  -39.358  -66.378  22.763 0.1000000015
39833  -40.386  -65.947  22.000 0.1000000015
37512  -40.061  -67.573  22.003 0.1000000015
37534  -40.730  -67.773  21.455 0.1000000015
35212  -41.172  -69.694  20.501 0.1000000015
35223  -41.695  -69.980  20.032 0.1000000015
35224  -42.413  -69.641  19.745 0.1000000015
34139  -41.947  -70.691  19.665 0.1000000015
35225  -43.356  -69.565  19.328 0.1000000015
34149  -43.623  -70.521  18.811 0.1000000015
34150  -44.504  -70.472  18.227 0.1000000015
18491  -43.734  -84.199  31.027 0.2000000030
18524  -39.906  -84.612  29.662 0.3000000119
19616  -40.311  -83.486  29.593 0.3000000119
20675  -43.022  -82.535  31.183 0.2000000030
17401  -43.543  -84.727  30.555 0.2000000030
18526  -42.231  -84.252  29.716 0.2000000030
18525  -41.089  -84.494  29.703 0.3000000119
28486  -36.448  -75.132  30.705 0.3000000119
27305  -38.210  -75.936  30.492 0.3000000119
26142  -40.445  -77.303  30.194 0.3000000119
26143  -41.262  -77.648  29.707 0.3000000119
29689  -34.497  -74.287  30.956 0.3000000119
28471  -35.798  -75.577  31.194 0.3000000119
27292  -39.141  -76.924  30.533 0.3000000119
24981  -41.279  -78.210  30.292 0.3000000119
24995  -42.430  -78.878  29.756 0.3000000119
32908  -31.956  -71.496  33.241 0.2000000030
30775  -32.652  -73.285  32.089 0.3000000119
22858  -42.022  -80.111  29.206 0.2000000030
33960  -32.460  -70.372  33.697 0.2000000030
36147  -33.645  -68.743  33.452 0.2000000030
35043  -34.206  -69.257  33.935 0.2000000030
36164  -33.567  -68.149  33.038 0.3000000119
36148  -34.659  -68.628  33.578 0.3000000119
38524  -34.320  -66.943  32.409 0.3000000119
37338  -35.106  -67.541  32.965 0.3000000119
37339  -36.159  -67.498  32.696 0.2000000030
38526  -36.367  -66.800  32.193 0.2000000030
38553  -37.568  -66.585  31.434 0.2000000030
38571  -38.501  -66.282  30.375 0.1000000015
45383  -39.089  -60.866  26.261 0.1000000015
44153  -40.509  -61.137  26.920 0.1000000015
45386  -41.780  -60.700  26.334 0.1000000015
45387  -42.531  -60.814  26.214 0.1000000015
44192  -38.412  -61.565  25.191 0.1000000015
45423  -38.904  -61.000  25.109 0.1000000015
45403  -40.368  -60.172  25.490 0.1000000015
46487  -42.416  -59.595  25.219 0.1000000015
42999  -38.204  -62.538  24.653 0.1000000015
44193  -38.896  -61.532  24.606 0.1000000015
45443  -39.962  -60.771  23.941 0.1000000015
45444  -40.670  -60.399  23.429 0.1000000015
46526  -41.558  -59.541  23.425 0.1000000015
43018  -38.903  -62.888  23.862 0.1000000015
43019  -39.555  -62.396  23.490 0.1000000015
43044  -40.791  -62.371  22.345 0.1000000015
41929  -40.941  -63.010  22.093 0.1000000015
41905  -39.405  -63.643  23.258 0.1000000015
40889  -39.936  -64.738  22.589 0.1000000015
41948  -40.799  -64.231  21.903 0.1000000015
40907  -41.164  -64.812  21.611 0.1000000015
39834  -40.916  -65.790  21.600 0.1000000015
38719  -40.555  -66.724  21.723 0.1000000015
38720  -41.366  -66.748  21.295 0.1000000015
36345  -41.534  -68.677  20.602 0.1000000015
19578  -40.284  -83.677  32.180 0.3000000119
21745  -40.301  -81.575  31.349 0.3000000119
21746  -41.551  -81.423  31.131 0.3000000119
21748  -43.267  -81.808  30.758 0.2000000030
20696  -43.739  -82.224  30.180 0.2000000030
20714  -43.513  -82.095  29.769 0.2000000030
22832  -40.781  -80.707  31.098 0.3000000119
21759  -42.385  -80.853  30.799 0.3000000119
22843  -43.228  -80.717  30.206 0.3000000119
19618  -42.557  -83.140  29.559 0.2000000030
29677  -34.253  -74.928  31.575 0.3000000119
26126  -37.077  -77.379  31.170 0.3000000119
23863  -39.705  -79.014  30.862 0.3000000119
22842  -42.662  -80.149  30.365 0.3000000119
21777  -43.517  -81.274  29.922 0.2000000030
31832  -32.018  -72.536  33.637 0.2000000030
29676  -33.459  -74.655  32.022 0.3000000119
28469  -33.730  -75.772  31.782 0.3000000119
32894  -33.031  -70.738  34.915 0.2000000030
33947  -33.710  -70.209  34.719 0.2000000030
35031  -34.568  -69.688  34.423 0.2000000030
35044  -35.155  -69.300  33.996 0.2000000030
36150  -36.572  -68.918  33.379 0.3000000119
36167  -36.890  -68.255  32.940 0.2000000030
37340  -37.222  -67.513  32.426 0.2000000030
43067  -41.871  -62.648  21.381 0.1000000015
40908  -41.910  -64.636  21.270 0.1000000015
38721  -41.983  -66.339  20.919 0.1000000015
38736  -41.991  -67.182  20.748 0.1000000015
18456  -38.980  -84.452  33.896 0.1000000015
19566  -38.481  -83.686  33.284 0.2000000030
19567  -39.364  -83.744  32.673 0.3000000119
20672  -39.548  -82.671  31.832 0.3000000119
20671  -38.360  -82.208  31.911 0.3000000119
21744  -39.174  -81.442  31.447 0.3000000119
24967  -36.642  -78.375  31.276 0.3000000119
23853  -37.292  -79.250  31.349 0.3000000119
29666  -32.681  -74.630  32.541 0.3000000119
28468  -32.901  -76.078  31.955 0.3000000119
26124  -34.957  -77.597  31.327 0.3000000119
24966  -35.576  -78.493  31.391 0.3000000119
31817  -31.787  -72.715  34.686 0.2000000030
32879  -33.407  -71.156  35.697 0.2000000030
33935  -35.373  -70.672  35.540 0.1000000015
35045  -36.292  -69.667  33.966 0.2000000030
32882  -36.801  -71.842  35.741 0.1000000015
33950  -36.982  -70.645  34.576 0.2000000030
33962  -37.061  -70.048  33.936 0.2000000030
33951  -38.298  -70.911  34.300 0.2000000030
33963  -37.776  -70.210  33.832 0.3000000119
21722  -36.897  -81.643  32.312 0.3000000119
21742  -37.251  -81.018  31.737 0.3000000119
22827  -35.942  -80.203  31.831 0.3000000119
23852  -36.228  -79.355  31.491 0.3000000119
28452  -31.257  -75.623  32.980 0.3000000119
27286  -33.299  -76.931  31.645 0.3000000119
26123  -33.971  -77.703  31.470 0.3000000119
30753  -31.332  -74.029  34.282 0.2000000030
31803  -31.757  -73.090  35.539 0.2000000030
31794  -34.793  -73.007  36.841 0.1000000015
31804  -36.638  -72.700  36.228 0.1000000015
31806  -38.491  -73.071  35.527 0.1000000015
32884  -38.454  -72.138  35.206 0.1000000015
32897  -38.957  -71.742  34.733 0.1000000015
22810  -35.073  -80.664  32.520 0.3000000119
23829  -33.200  -80.069  33.195 0.2000000030
23842  -34.999  -80.137  32.140 0.3000000119
23851  -35.138  -79.552  31.786 0.3000000119
24953  -33.239  -79.059  31.989 0.3000000119
29651  -30.854  -74.787  34.325 0.2000000030
27273  -31.540  -76.653  32.591 0.3000000119
26122  -33.278  -77.830  31.621 0.3000000119
30706  -32.411  -73.766  36.504 0.2000000030
29603  -31.058  -74.442  35.437 0.2000000030
28373  -36.386  -76.430  36.060 0.1000000015
29594  -35.751  -75.280  36.384 0.1000000015
28391  -36.889  -77.069  35.853 0.1000000015
29595  -36.724  -75.380  36.165 0.1000000015
30718  -37.194  -74.355  36.172 0.1000000015
31805  -37.420  -73.094  35.948 0.1000000015
29604  -37.664  -75.603  35.896 0.1000000015
30719  -38.124  -74.299  35.812 0.1000000015
30720  -39.136  -74.262  35.563 0.1000000015
30721  -40.139  -74.180  35.389 0.1000000015
23827  -32.053  -79.255  33.246 0.2000000030
24936  -30.895  -78.200  33.579 0.2000000030
24951  -32.104  -78.674  32.633 0.2000000030
28416  -30.481  -75.543  35.096 0.2000000030
26090  -31.130  -77.565  33.043 0.2000000030
28370  -33.048  -75.392  36.835 0.1000000015
29590  -31.948  -74.480  36.370 0.2000000030
28372  -35.192  -76.089  36.432 0.1000000015
28374  -37.009  -76.095  35.889 0.1000000015
28393  -38.424  -76.625  35.654 0.1000000015
29605  -38.761  -75.472  35.652 0.1000000015
28395  -40.414  -76.478  35.415 0.1000000015
29607  -40.720  -75.331  35.413 0.1000000015
26046  -39.101  -78.127  35.935 0.1000000015
27218  -39.217  -77.511  35.617 0.1000000015
27219  -40.177  -77.535  35.414 0.1000000015
27220  -41.116  -77.461  35.262 0.1000000015
24902  -40.081  -78.555  35.973 0.1000000015
24903  -41.003  -78.687  35.785 0.1000000015
26048  -41.029  -78.305  35.394 0.1000000015
20769  -34.389  -82.142  24.733 0.4000000060
21804  -33.969  -80.918  26.591 0.5000000000
22882  -34.601  -80.151  26.685 0.5000000000
21822  -33.628  -81.430  25.954 0.4000000060
21805  -35.002  -80.943  26.337 0.5000000000
21823  -34.646  -81.633  25.934 0.6000000238
21862  -33.115  -81.637  24.259 0.5000000000
21791  -32.375  -81.677  27.697 0.4000000060
17583  -34.265  -85.930  18.486 0.5000000000
21821  -32.611  -81.297  25.854 0.4000000060
20790  -34.953  -82.585  24.097 0.5000000000
19734  -33.028  -83.179  21.430 0.5000000000
20768  -33.800  -81.940  24.334 0.6000000238
18637  -34.219  -84.789  20.631 0.5000000000
16455  -34.888  -86.079  19.297 0.3000000119
15386  -36.007  -87.214  18.217 0.5000000000
19714  -33.521  -82.841  22.038 0.5000000000
17599  -32.919  -85.791  17.778 0.5000000000
19735  -34.012  -83.462  21.617 0.5000000000
23928  -35.649  -79.502  25.327 0.4000000060
16441  -35.583  -86.268  20.192 0.4000000060
16410  -37.646  -86.547  21.862 0.5000000000
16393  -39.899  -86.728  23.499 0.4000000060
17485  -39.843  -85.179  24.216 0.4000000060
19684  -41.795  -83.627  24.569 0.3000000119
21784  -33.240  -81.377  28.435 0.5000000000
21842  -33.475  -81.599  25.064 0.4000000060
25062  -35.780  -78.491  24.639 0.3000000119
21825  -36.490  -81.493  25.486 0.4000000060
19700  -35.672  -82.868  24.282 0.6000000238
30858  -33.942  -72.451  25.798 0.3000000119
28579  -34.974  -75.288  24.796 0.4000000060
26219  -35.408  -77.483  24.733 0.4000000060
23929  -36.340  -79.943  24.948 0.5000000000
19679  -36.314  -82.886  24.878 0.6000000238
19717  -36.278  -83.834  22.849 0.6000000238
19736  -34.935  -83.746  21.929 0.6000000238
20803  -34.268  -82.540  23.260 0.6000000238
20802  -33.298  -82.244  22.801 0.6000000238
18624  -34.517  -84.308  21.235 0.5000000000
17546  -35.233  -85.693  20.496 0.5000000000
25063  -36.659  -78.504  24.104 0.4000000060
23941  -36.954  -79.573  24.407 0.4000000060
22897  -37.448  -81.202  24.769 0.5000000000
18599  -36.924  -84.199  23.126 0.6000000238
19680  -37.461  -83.405  24.616 0.5000000000
18626  -36.092  -84.793  21.723 0.5000000000
18612  -35.812  -84.118  22.157 0.5000000000
17531  -36.387  -85.709  21.350 0.5000000000
18625  -35.454  -84.828  21.337 0.5000000000
27388  -35.825  -76.548  24.175 0.4000000060
29753  -35.581  -74.468  24.410 0.4000000060
22908  -37.402  -80.142  24.392 0.5000000000
20773  -38.211  -82.541  24.788 0.5000000000
18601  -38.200  -84.760  23.713 0.4000000060
18581  -37.745  -84.202  24.014 0.5000000000
17518  -37.508  -85.803  22.251 0.5000000000
27404  -36.652  -76.592  23.697 0.4000000060
29764  -37.010  -74.869  23.661 0.3000000119
25077  -38.072  -78.477  23.539 0.5000000000
22909  -37.942  -80.704  24.327 0.5000000000
21845  -38.655  -81.625  24.465 0.5000000000
18583  -39.284  -84.304  24.422 0.4000000060
17503  -38.642  -85.488  23.431 0.5000000000
22910  -39.189  -80.556  23.938 0.5000000000
22923  -40.718  -79.979  23.772 0.4000000060
25079  -39.981  -78.416  23.339 0.4000000060
21846  -39.667  -81.640  24.283 0.4000000060
21769  -35.667  -81.477  29.570 0.5000000000
21783  -32.647  -81.964  28.322 0.4000000060
20801  -32.275  -82.107  22.445 0.5000000000
28545  -37.355  -75.443  28.003 0.5000000000
21861  -32.283  -81.472  24.051 0.5000000000
34044  -32.761  -70.716  27.271 0.3000000119
36245  -33.444  -68.279  26.391 0.2000000030
33011  -33.942  -71.178  25.690 0.3000000119
30860  -34.927  -72.686  25.049 0.4000000060
34072  -34.397  -70.298  25.528 0.3000000119
35151  -34.903  -69.342  25.496 0.3000000119
34081  -35.929  -70.628  25.002 0.3000000119
33017  -37.140  -71.242  24.616 0.3000000119
27406  -38.443  -76.544  23.260 0.3000000119
29765  -37.846  -74.817  23.573 0.3000000119
25078  -39.041  -78.447  23.320 0.3000000119
29766  -38.781  -74.736  23.551 0.3000000119
30869  -37.980  -73.103  23.901 0.2000000030
28594  -39.096  -75.592  23.357 0.3000000119
26239  -39.681  -77.460  23.279 0.3000000119
26240  -40.595  -77.416  23.442 0.3000000119
28595  -40.083  -75.533  23.543 0.2000000030
25081  -41.769  -78.229  23.788 0.3000000119
23955  -41.231  -79.140  23.759 0.4000000060
26242  -42.254  -77.261  23.919 0.2000000030
25082  -42.532  -78.104  24.121 0.3000000119
23945  -43.061  -79.254  24.524 0.2000000030
28581  -41.722  -75.030  24.117 0.2000000030
26221  -43.019  -77.187  24.299 0.2000000030
28598  -44.639  -75.015  23.958 0.1000000015
30898  -43.161  -73.817  23.219 0.1000000015
21770  -36.741  -81.530  29.610 0.4000000060
22853  -37.256  -80.539  29.586 0.4000000060
20706  -35.323  -82.445  29.502 0.5000000000
20731  -31.876  -82.765  27.753 0.4000000060
21820  -31.613  -81.480  25.647 0.5000000000
26172  -37.748  -77.252  28.412 0.5000000000
32977  -35.020  -71.982  28.771 0.4000000060
35125  -32.435  -69.216  27.705 0.3000000119
37433  -32.461  -67.677  27.553 0.2000000030
37435  -33.813  -67.140  26.373 0.2000000030
38622  -33.727  -66.207  26.683 0.1000000015
39712  -32.967  -65.718  28.153 0.1000000015
36262  -35.457  -68.391  25.462 0.2000000030
38643  -35.757  -66.524  25.372 0.2000000030
34082  -36.718  -70.288  24.853 0.2000000030
36277  -37.012  -68.474  24.755 0.2000000030
34083  -37.739  -70.251  24.709 0.2000000030
30870  -39.072  -72.993  24.031 0.2000000030
36278  -37.715  -68.490  24.472 0.2000000030
30882  -40.312  -73.882  24.090 0.2000000030
34084  -38.643  -70.173  24.472 0.1000000015
33019  -39.420  -71.066  24.327 0.1000000015
33020  -40.047  -71.693  24.319 0.1000000015
30871  -40.006  -73.048  24.321 0.2000000030
29755  -41.075  -74.022  24.297 0.2000000030
31948  -40.769  -71.860  24.187 0.1000000015
34104  -39.536  -70.020  23.200 0.1000000015
31944  -41.373  -72.740  24.387 0.1000000015
30873  -41.581  -73.448  24.462 0.1000000015
30874  -42.335  -73.478  24.323 0.1000000015
28584  -44.106  -75.274  24.367 0.1000000015
33039  -40.507  -71.450  23.018 0.1000000015
30875  -42.955  -73.882  24.278 0.1000000015
29758  -43.543  -74.379  24.202 0.1000000015
30896  -41.565  -72.734  22.516 0.1000000015
30909  -42.250  -73.681  21.873 0.1000000015
29795  -42.773  -74.326  21.586 0.1000000015
30932  -42.612  -73.878  19.860 0.1000000015
17462  -32.688  -85.624  26.224 0.3000000119
18559  -32.040  -85.036  26.427 0.3000000119
17417  -36.774  -85.411  28.824 0.3000000119
17438  -35.367  -85.856  28.127 0.3000000119
18521  -36.524  -84.765  29.024 0.3000000119
18537  -35.630  -84.807  28.786 0.3000000119
17436  -33.769  -85.598  27.490 0.3000000119
18535  -33.311  -84.975  27.852 0.3000000119
18534  -32.648  -84.475  27.809 0.3000000119
19631  -34.729  -83.965  28.955 0.3000000119
19611  -35.002  -83.241  29.291 0.3000000119
19614  -38.035  -83.619  29.527 0.3000000119
20708  -37.368  -82.571  29.564 0.3000000119
19630  -33.659  -83.685  28.678 0.3000000119
23876  -38.868  -79.685  29.270 0.4000000060
22855  -39.367  -80.492  29.298 0.4000000060
21772  -38.914  -81.509  29.478 0.4000000060
31880  -36.192  -72.819  29.077 0.4000000060
24992  -38.560  -78.935  29.077 0.4000000060
30803  -35.432  -72.994  29.601 0.4000000060
35106  -32.047  -69.255  29.664 0.3000000119
37379  -32.160  -67.594  30.935 0.3000000119
39698  -32.803  -65.863  28.614 0.2000000030
40774  -34.533  -64.442  28.580 0.1000000015
40804  -34.587  -64.426  26.985 0.1000000015
41862  -35.444  -64.079  26.320 0.1000000015
38662  -36.489  -66.596  24.932 0.2000000030
41863  -35.978  -63.654  26.111 0.1000000015
40843  -36.617  -65.113  24.981 0.2000000030
38679  -37.661  -66.175  24.110 0.1000000015
37475  -37.926  -67.668  24.124 0.1000000015
35164  -38.826  -69.262  24.088 0.1000000015
36291  -38.848  -68.340  23.647 0.1000000015
37511  -39.524  -67.487  22.598 0.1000000015
35187  -39.907  -70.114  22.414 0.1000000015
35201  -39.892  -69.695  22.212 0.1000000015
33060  -40.598  -71.007  21.390 0.1000000015
31980  -41.057  -72.398  21.960 0.1000000015
33061  -40.831  -71.567  21.105 0.1000000015
33069  -41.441  -71.705  20.009 0.1000000015
33070  -42.409  -71.711  19.296 0.1000000015
16314  -37.358  -86.657  28.283 0.2000000030
16292  -37.583  -86.393  28.614 0.2000000030
16329  -34.583  -86.698  26.657 0.2000000030
19615  -39.156  -83.575  29.575 0.3000000119
28490  -39.898  -76.236  29.219 0.3000000119
25012  -39.533  -78.514  28.704 0.4000000060
30789  -34.769  -73.419  30.126 0.3000000119
32944  -31.922  -71.159  30.841 0.3000000119
38566  -33.680  -66.098  30.597 0.1000000015
41812  -35.517  -63.808  28.469 0.1000000015
39687  -35.576  -65.115  29.862 0.1000000015
40777  -37.157  -64.071  29.024 0.1000000015
40776  -36.154  -64.037  29.007 0.1000000015
41822  -35.426  -63.524  27.776 0.1000000015
41823  -35.989  -63.083  27.295 0.1000000015
42932  -37.349  -62.769  28.151 0.1000000015
42957  -36.464  -62.797  26.541 0.1000000015
40844  -37.082  -64.579  24.770 0.1000000015
38680  -37.982  -66.653  23.902 0.1000000015
38681  -38.682  -66.530  23.347 0.1000000015
39815  -39.532  -65.395  22.755 0.1000000015
36344  -40.900  -69.054  20.848 0.1000000015
16315  -37.909  -87.048  28.293 0.2000000030
16295  -40.116  -86.701  29.358 0.2000000030
17421  -40.628  -85.653  29.638 0.2000000030
29690  -35.592  -74.512  30.626 0.3000000119
27306  -39.372  -76.376  30.240 0.3000000119
27307  -40.328  -76.698  29.536 0.3000000119
32919  -31.793  -71.554  32.046 0.3000000119
30787  -32.857  -73.211  31.350 0.3000000119
39674  -35.280  -65.530  30.386 0.1000000015
38552  -36.579  -66.393  31.529 0.2000000030
38569  -36.859  -66.020  30.893 0.1000000015
39676  -37.098  -65.669  30.251 0.1000000015
40768  -37.598  -64.837  29.277 0.1000000015
39700  -38.554  -65.128  29.048 0.1000000015
40779  -39.261  -64.542  28.555 0.1000000015
39703  -40.836  -65.374  28.342 0.1000000015
40780  -40.181  -64.563  28.242 0.1000000015
40790  -42.214  -64.251  27.129 0.1000000015
40789  -41.291  -64.335  27.613 0.1000000015
42933  -38.211  -62.856  28.205 0.1000000015
42941  -39.756  -62.675  27.744 0.1000000015
41825  -40.582  -63.508  27.684 0.1000000015
42942  -40.797  -62.581  27.429 0.1000000015
40806  -42.776  -63.915  26.732 0.1000000015
42944  -42.213  -62.661  26.879 0.1000000015
40807  -43.453  -64.193  26.471 0.1000000015
39732  -43.381  -64.913  26.778 0.1000000015
40808  -44.308  -64.185  26.006 0.1000000015
44150  -37.915  -61.672  26.698 0.1000000015
44134  -39.177  -61.730  27.406 0.1000000015
44151  -38.624  -61.284  26.717 0.1000000015
44136  -40.960  -61.818  27.187 0.1000000015
44152  -39.564  -61.113  26.930 0.1000000015
42959  -42.031  -61.893  26.783 0.1000000015
44156  -43.240  -61.549  26.196 0.1000000015
41865  -44.847  -63.128  25.606 0.1000000015
42981  -37.948  -61.995  25.322 0.1000000015
45382  -38.603  -61.152  26.151 0.1000000015
42998  -37.545  -63.029  24.943 0.1000000015
39816  -39.933  -65.664  22.378 0.1000000015
37535  -41.419  -67.773  20.906 0.1000000015
19580  -42.467  -83.538  31.515 0.2000000030
19601  -43.740  -83.173  30.541 0.2000000030
17423  -42.928  -85.049  30.037 0.2000000030
20674  -42.023  -82.548  31.304 0.3000000119
18528  -43.622  -83.558  30.005 0.2000000030
27290  -37.561  -76.328  30.889 0.3000000119
23865  -42.016  -79.132  30.406 0.3000000119
30776  -33.269  -73.794  31.704 0.3000000119
27289  -36.442  -76.510  31.232 0.3000000119
24979  -39.385  -78.063  30.690 0.3000000119
26127  -38.089  -77.345  30.936 0.3000000119
23864  -40.950  -79.029  30.662 0.3000000119
22859  -43.027  -80.118  29.842 0.3000000119
31843  -32.167  -72.509  32.596 0.3000000119
33961  -33.049  -70.130  34.227 0.2000000030
30764  -32.981  -73.960  32.329 0.3000000119
36166  -35.953  -68.169  33.212 0.3000000119
38525  -35.361  -66.792  32.368 0.2000000030
38570  -37.745  -66.154  30.691 0.1000000015
38554  -38.445  -66.674  31.068 0.2000000030
39677  -37.927  -65.831  30.045 0.1000000015
45385  -40.897  -60.554  26.407 0.1000000015
45404  -41.286  -60.098  25.881 0.1000000015
44174  -43.708  -61.022  25.852 0.1000000015
45424  -39.526  -60.696  24.686 0.1000000015
46485  -41.021  -59.851  25.438 0.1000000015
45425  -40.372  -60.196  24.419 0.1000000015
43000  -39.011  -62.150  24.125 0.1000000015
44215  -40.056  -61.406  23.368 0.1000000015
43020  -40.213  -62.329  22.879 0.1000000015
41928  -40.357  -63.596  22.463 0.1000000015
41949  -41.311  -63.619  21.699 0.1000000015
39835  -41.605  -65.644  21.263 0.1000000015
20673  -40.857  -82.586  31.511 0.3000000119
18488  -40.993  -84.203  32.126 0.3000000119
22831  -39.878  -80.619  31.209 0.3000000119
22841  -41.615  -80.121  30.822 0.3000000119
22839  -39.636  -79.866  31.075 0.3000000119
27288  -35.387  -76.608  31.352 0.3000000119
24969  -38.617  -78.128  30.857 0.3000000119
26125  -36.007  -77.493  31.264 0.3000000119
23854  -38.537  -79.161  31.092 0.3000000119
30763  -32.439  -73.575  32.963 0.3000000119
30754  -31.737  -73.597  33.842 0.3000000119
32893  -32.399  -71.404  34.548 0.2000000030
33949  -35.896  -70.349  34.914 0.2000000030
36151  -37.410  -68.957  33.167 0.2000000030
36168  -37.992  -68.476  32.775 0.2000000030
37341  -38.225  -67.717  32.244 0.2000000030
18457  -39.722  -85.272  34.125 0.1000000015
20651  -37.338  -82.687  32.949 0.2000000030
20652  -38.694  -83.076  32.416 0.3000000119
22830  -38.916  -80.284  31.296 0.3000000119
22829  -37.819  -80.187  31.422 0.3000000119
29665  -31.823  -74.617  33.133 0.3000000119
28453  -32.159  -75.630  32.371 0.3000000119
32878  -32.326  -72.167  35.740 0.2000000030
32880  -34.749  -71.148  36.144 0.2000000030
33936  -36.324  -70.943  35.381 0.1000000015
32881  -35.810  -71.405  35.996 0.1000000015
32896  -37.962  -71.464  34.922 0.2000000030
21721  -35.960  -81.706  32.860 0.3000000119
21741  -36.417  -80.947  32.056 0.3000000119
27274  -32.360  -76.792  32.015 0.3000000119
30735  -31.158  -73.947  34.926 0.2000000030
31792  -32.805  -72.992  36.690 0.2000000030
32869  -33.091  -72.165  36.494 0.2000000030
32871  -35.286  -72.080  36.488 0.1000000015
31795  -35.927  -73.096  36.585 0.1000000015
30709  -35.292  -74.142  36.676 0.1000000015
30708  -34.230  -74.005  36.861 0.1000000015
31807  -39.446  -73.257  35.340 0.1000000015
23840  -33.380  -79.642  32.512 0.3000000119
26108  -31.924  -77.838  32.366 0.3000000119
28435  -30.482  -75.657  34.456 0.2000000030
29592  -33.652  -74.849  36.675 0.1000000015
29593  -34.683  -75.082  36.584 0.1000000015
27217  -38.220  -77.459  35.798 0.1000000015
29606  -39.771  -75.384  35.504 0.1000000015
26068  -30.198  -77.372  34.689 0.2000000030
27257  -30.403  -76.485  34.108 0.2000000030
28371  -34.085  -75.864  36.741 0.1000000015
28394  -39.441  -76.555  35.516 0.1000000015
26047  -40.071  -78.239  35.619 0.1000000015
16494  -35.449  -87.002  17.418 0.3000000119
14413  -34.643  -88.888  14.760 0.3000000119
15436  -35.515  -88.017  15.884 0.3000000119
10616  -33.378  -93.034  8.539 0.2000000030
10613  -31.242  -93.198  7.923 0.2000000030
12457  -34.170  -90.271  14.054 0.4000000060
11492  -33.986  -91.634  13.211 0.3000000119
15422  -36.338  -88.142  16.655 0.4000000060
12481  -34.512  -91.043  13.635 0.3000000119
10557  -33.476  -92.822  11.214 0.3000000119
15387  -36.372  -87.461  18.471 0.4000000060
13417  -35.764  -89.656  14.739 0.4000000060
10542  -34.655  -92.526  12.025 0.3000000119
10595  -33.742  -92.700  9.225 0.2000000030
14367  -36.795  -88.532  16.900 0.4000000060
14399  -36.358  -88.884  15.720 0.4000000060
11515  -35.157  -92.258  12.511 0.4000000060
15388  -37.127  -88.297  17.961 0.4000000060
15366  -37.316  -87.831  20.316 0.4000000060
12459  -35.876  -90.702  14.234 0.4000000060
10543  -35.163  -92.433  11.769 0.3000000119
10596  -34.245  -92.201  9.434 0.3000000119
14368  -37.141  -88.884  17.168 0.4000000060
13399  -36.640  -89.535  15.522 0.4000000060
11494  -35.711  -91.882  13.205 0.3000000119
10573  -34.643  -92.384  10.038 0.4000000060
12435  -37.296  -90.342  15.794 0.4000000060
11516  -36.005  -92.143  12.169 0.3000000119
15353  -37.670  -87.693  21.103 0.4000000060
14352  -37.666  -89.259  18.312 0.4000000060
13360  -37.793  -90.215  17.479 0.4000000060
11463  -37.291  -91.162  15.125 0.4000000060
14318  -38.143  -88.564  20.792 0.4000000060
12413  -37.779  -90.950  16.578 0.4000000060
11477  -37.557  -91.386  14.470 0.3000000119
15338  -38.884  -87.825  22.259 0.4000000060
13336  -38.183  -89.866  18.835 0.4000000060
11464  -37.587  -91.164  15.482 0.4000000060
14333  -38.564  -89.356  20.418 0.4000000060
13337  -38.710  -90.289  19.085 0.4000000060
12399  -38.427  -90.882  17.637 0.4000000060
11451  -37.990  -91.347  16.022 0.4000000060
14319  -38.807  -89.188  21.286 0.4000000060
12383  -39.095  -90.732  18.652 0.4000000060
12414  -38.610  -91.222  16.465 0.4000000060
11465  -38.132  -91.389  15.341 0.3000000119
11518  -37.291  -91.200  12.356 0.2000000030
15339  -39.752  -88.262  22.724 0.3000000119
13318  -39.142  -89.659  20.743 0.4000000060
14304  -40.110  -88.996  22.461 0.4000000060
14320  -39.686  -89.342  21.474 0.4000000060
13347  -39.251  -90.600  18.386 0.4000000060
12415  -39.217  -90.750  16.921 0.4000000060
11478  -38.128  -91.066  14.218 0.2000000030
12461  -38.421  -90.179  14.299 0.2000000030
13464  -37.545  -89.943  11.720 0.3000000119
16394  -40.776  -87.087  23.888 0.3000000119
15322  -40.256  -87.704  23.342 0.3000000119
13362  -39.370  -90.277  17.703 0.3000000119
13401  -38.728  -89.884  15.209 0.2000000030
13380  -38.963  -90.458  16.110 0.2000000030
13444  -38.061  -89.860  12.470 0.2000000030
14474  -37.446  -89.033  11.359 0.2000000030
16375  -41.312  -86.368  24.272 0.3000000119
15323  -41.092  -87.943  23.679 0.3000000119
14344  -39.436  -89.641  19.823 0.4000000060
14387  -39.040  -89.587  15.928 0.1000000015
17487  -41.844  -85.553  24.460 0.3000000119
15324  -41.904  -87.706  23.528 0.3000000119
15355  -40.854  -88.508  21.847 0.2000000030
15389  -39.416  -88.258  18.773 0.2000000030
13428  -38.429  -89.467  13.317 0.1000000015
15500  -37.235  -87.977  11.415 0.2000000030
16413  -41.970  -87.353  22.455 0.2000000030
16429  -40.780  -88.220  21.513 0.2000000030
14400  -38.932  -88.862  15.180 0.1000000015
14430  -38.856  -88.409  13.255 0.1000000015
14455  -38.617  -88.701  12.246 0.1000000015
15307  -42.620  -87.070  24.124 0.3000000119
15342  -42.287  -87.444  23.304 0.3000000119
20778  -43.381  -82.646  24.688 0.2000000030
18587  -43.452  -84.652  24.627 0.1000000015
17488  -42.871  -85.623  24.569 0.3000000119
15326  -43.427  -86.721  23.908 0.2000000030
16458  -39.822  -87.668  19.908 0.1000000015
14388  -39.219  -88.570  16.289 0.1000000015
14431  -39.055  -88.033  12.754 0.1000000015
15480  -38.776  -88.125  11.705 0.1000000015
19686  -43.953  -83.631  24.773 0.2000000030
17489  -43.820  -85.508  24.512 0.2000000030
16378  -43.920  -86.204  24.152 0.2000000030
16431  -42.200  -86.680  21.939 0.1000000015
16445  -40.574  -87.684  20.925 0.1000000015
15408  -39.365  -87.538  17.400 0.1000000015
14416  -39.216  -87.784  14.464 0.1000000015
15502  -38.898  -87.768  11.422 0.1000000015
17677  -37.523  -86.122  11.395 0.1000000015
18588  -44.545  -84.424  24.745 0.1000000015
16397  -43.701  -86.373  23.629 0.2000000030
16432  -43.039  -86.221  22.368 0.1000000015
16459  -40.632  -86.466  19.918 0.1000000015
15423  -39.663  -87.053  15.931 0.1000000015
15449  -39.362  -87.407  14.134 0.1000000015
16559  -39.660  -86.649  12.229 0.1000000015
16606  -38.573  -87.124  10.804 0.1000000015
18736  -37.316  -85.139  10.880 0.1000000015
16447  -42.299  -86.086  21.118 0.1000000015
16507  -40.345  -86.211  15.840 0.1000000015
16519  -40.178  -86.458  15.064 0.1000000015
17698  -38.762  -86.068  10.186 0.1000000015
18757  -38.193  -85.100  10.089 0.1000000015
16540  -40.341  -86.044  13.443 0.1000000015
35048  -39.174  -70.067  33.251 0.2000000030
22914  -43.470  -80.485  24.701 0.2000000030
21850  -43.912  -81.635  24.818 0.1000000015
18569  -45.140  -83.836  25.045 0.1000000015
17520  -43.719  -85.948  22.799 0.1000000015
17491  -45.222  -84.648  24.242 0.1000000015
17533  -42.831  -85.959  21.553 0.1000000015
17563  -41.359  -85.774  19.391 0.1000000015
16607  -39.187  -86.738  10.603 0.1000000015
16585  -39.279  -87.179  11.346 0.1000000015
16529  -39.962  -86.591  14.201 0.1000000015
17601  -40.750  -85.671  17.361 0.1000000015
14414  -35.249  -89.145  14.790 0.3000000119
14398  -35.707  -88.613  15.483 0.4000000060
10572  -33.720  -92.932  10.180 0.3000000119
11493  -34.860  -91.759  13.154 0.3000000119
12482  -35.362  -91.225  13.682 0.3000000119
10558  -34.452  -92.574  11.151 0.3000000119
14386  -37.006  -89.047  16.606 0.4000000060
15376  -37.244  -88.198  19.206 0.4000000060
12460  -36.515  -91.118  14.418 0.4000000060
11495  -36.707  -91.657  13.600 0.3000000119
14342  -37.844  -89.208  19.226 0.4000000060
13329  -39.315  -89.753  20.228 0.4000000060
12436  -38.528  -90.785  15.299 0.2000000030
12501  -37.885  -90.414  12.846 0.2000000030
14335  -40.171  -89.258  21.382 0.3000000119
14353  -39.486  -89.677  18.805 0.2000000030
14475  -38.042  -89.284  11.711 0.2000000030
16395  -41.698  -87.263  24.140 0.3000000119
14306  -41.272  -88.499  22.825 0.3000000119
14369  -39.332  -89.097  17.644 0.2000000030
13419  -38.635  -89.146  14.271 0.1000000015
15367  -40.054  -88.955  20.619 0.4000000060
15341  -41.804  -87.907  22.844 0.2000000030
16444  -40.089  -88.444  20.560 0.2000000030
15501  -38.308  -88.053  11.298 0.1000000015
16377  -43.195  -86.370  24.377 0.3000000119
14401  -39.270  -87.830  15.023 0.1000000015
15459  -39.276  -87.611  13.140 0.1000000015
15516  -38.583  -87.549  11.006 0.1000000015
20779  -44.360  -82.651  25.002 0.1000000015
16379  -44.367  -85.880  24.011 0.1000000015
16446  -41.461  -86.567  20.972 0.1000000015
16474  -39.821  -86.595  18.631 0.1000000015
17697  -38.176  -85.826  10.691 0.1000000015
16495  -40.297  -86.039  16.988 0.1000000015
18756  -37.109  -84.592  10.015 0.1000000015
17548  -42.099  -85.887  20.470 0.1000000015
17508  -45.076  -84.946  23.871 0.1000000015
16501  -30.971  -86.568  16.571 0.3000000119
15431  -31.646  -87.756  15.613 0.2000000030
13412  -31.257  -89.446  14.949 0.3000000119
13397  -32.090  -88.858  14.986 0.2000000030
19767  -31.025  -83.812  19.893 0.4000000060
17597  -31.375  -85.596  17.695 0.2000000030
18664  -31.459  -84.741  18.911 0.4000000060
16502  -31.799  -86.658  16.402 0.3000000119
13413  -31.783  -89.501  14.754 0.2000000030
17581  -32.204  -85.156  18.610 0.4000000060
15432  -32.270  -87.721  15.499 0.2000000030
12455  -32.138  -90.400  14.170 0.2000000030
10529  -31.321  -91.900  13.172 0.1000000015
11490  -32.043  -91.390  13.465 0.2000000030
10539  -31.784  -92.352  12.401 0.1000000015
15433  -33.002  -87.565  15.530 0.3000000119
10538  -30.959  -93.058  11.968 0.1000000015
12479  -32.710  -90.881  13.758 0.2000000030
10554  -31.128  -93.301  11.464 0.1000000015
8493  -31.490  -94.774  9.662 0.1000000015
10555  -31.551  -93.130  11.462 0.1000000015
9546  -32.029  -93.425  10.632 0.1000000015
6502  -31.314  -96.358  8.546 0.1000000015
8506  -31.361  -95.631  9.344 0.1000000015
9575  -31.990  -94.465  9.118 0.1000000015
7455  -30.986  -96.024  7.740 0.1000000015
7456  -31.607  -95.709  7.761 0.1000000015
16492  -33.520  -86.283  17.013 0.3000000119
13414  -32.799  -89.233  14.624 0.2000000030
11491  -33.081  -91.496  13.273 0.2000000030
11512  -32.677  -91.967  12.780 0.2000000030
10556  -32.504  -92.940  11.278 0.2000000030
8537  -31.424  -95.017  7.512 0.1000000015
8505  -29.899  -95.452  8.658 0.1000000015
16505  -34.295  -86.759  16.703 0.2000000030
15434  -33.977  -87.431  15.726 0.3000000119
12456  -33.203  -90.210  14.150 0.2000000030
10571  -33.055  -93.118  10.611 0.2000000030
8523  -32.183  -94.557  8.433 0.1000000015
9574  -29.648  -94.432  9.266 0.1000000015
9593  -30.211  -94.356  8.362 0.1000000015
14397  -34.437  -88.225  15.259 0.3000000119
12480  -33.601  -90.930  13.685 0.3000000119
16493  -34.636  -86.426  17.691 0.2000000030
9561  -33.437  -93.198  9.471 0.2000000030
9596  -32.512  -93.836  8.095 0.1000000015
10612  -30.526  -93.478  8.174 0.1000000015
9594  -30.966  -94.339  7.530 0.1000000015
10614  -32.208  -92.941  8.073 0.1000000015
11576  -29.560  -92.343  9.376 0.1000000015
15420  -34.712  -87.307  16.309 0.2000000030
10594  -31.471  -92.333  8.405 0.1000000015
11601  -32.963  -92.348  8.453 0.1000000015
11577  -29.891  -91.947  9.092 0.1000000015
11578  -30.770  -91.635  9.029 0.1000000015
11581  -33.748  -91.873  9.123 0.1000000015
11579  -31.816  -91.728  8.918 0.1000000015
11554  -33.318  -91.428  9.305 0.1000000015
12512  -29.366  -90.413  10.620 0.1000000015
12545  -30.479  -91.319  9.360 0.1000000015
11551  -31.395  -91.351  9.435 0.1000000015
11553  -32.949  -91.269  9.495 0.1000000015
10574  -35.189  -92.083  10.337 0.3000000119
12514  -31.036  -90.540  10.666 0.1000000015
17600  -33.782  -85.934  17.897 0.3000000119
17598  -32.099  -85.726  17.594 0.3000000119
16503  -32.763  -86.782  16.190 0.2000000030
13415  -33.874  -89.469  14.439 0.3000000119
9595  -31.822  -93.826  7.616 0.1000000015
10593  -30.560  -92.549  8.463 0.1000000015
11513  -33.507  -92.077  12.665 0.2000000030
14395  -32.639  -88.312  15.102 0.2000000030
14396  -33.474  -88.118  15.199 0.3000000119
9576  -32.395  -94.082  8.966 0.1000000015
12523  -28.906  -90.961  10.189 0.1000000015
12524  -29.671  -90.946  9.815 0.1000000015
12526  -31.652  -90.960  10.024 0.1000000015
12511  -28.389  -90.590  10.874 0.1000000015
11582  -34.612  -91.808  9.662 0.2000000030
13459  -32.737  -89.824  11.345 0.1000000015
13440  -32.271  -89.117  12.089 0.1000000015
13441  -33.386  -89.195  11.927 0.2000000030
15473  -31.410  -87.282  12.748 0.1000000015
13481  -34.296  -90.530  10.360 0.2000000030
13460  -34.026  -89.852  11.089 0.2000000030
14451  -33.032  -88.305  12.467 0.2000000030
14470  -34.242  -89.172  11.678 0.1000000015
15474  -32.658  -87.303  12.776 0.1000000015
14452  -34.189  -88.578  12.196 0.2000000030
14471  -34.772  -89.087  11.618 0.1000000015
12548  -34.914  -91.294  9.906 0.2000000030
13482  -34.836  -90.372  10.516 0.1000000015
15475  -33.836  -87.467  12.665 0.1000000015
11557  -36.078  -91.518  11.126 0.2000000030
12531  -36.027  -91.016  10.766 0.2000000030
13461  -35.175  -89.697  11.090 0.1000000015
14453  -35.218  -88.377  12.030 0.1000000015
13483  -35.602  -90.347  10.731 0.1000000015
14472  -35.739  -88.846  11.564 0.1000000015
11517  -36.922  -91.681  12.474 0.2000000030
11536  -36.477  -91.433  11.532 0.2000000030
12517  -36.511  -90.697  11.259 0.2000000030
15498  -35.938  -88.304  11.790 0.1000000015
13462  -36.022  -89.704  11.161 0.1000000015
13463  -36.796  -89.934  11.272 0.1000000015
15477  -35.900  -87.803  12.086 0.1000000015
12528  -33.682  -90.930  9.903 0.1000000015
12516  -33.045  -90.407  10.625 0.1000000015
18663  -30.563  -84.723  18.732 0.2000000030
14393  -31.096  -88.292  15.556 0.1000000015
17453  -34.197  -86.178  27.087 0.2000000030
17472  -31.748  -85.817  25.043 0.1000000015
18477  -42.406  -85.598  32.010 0.1000000015
14219  -38.636  -88.711  27.806 0.1000000015
14234  -38.120  -88.458  27.465 0.1000000015
15238  -39.160  -87.964  28.431 0.1000000015
17373  -42.123  -86.164  32.334 0.2000000030
17384  -42.698  -85.995  31.611 0.1000000015
13239  -39.666  -89.259  29.539 0.1000000015
18476  -41.784  -85.434  32.424 0.2000000030
17385  -43.358  -85.131  31.180 0.1000000015
16277  -42.664  -86.761  31.049 0.1000000015
15222  -41.417  -87.768  29.911 0.1000000015
15221  -40.466  -87.682  29.349 0.1000000015
13251  -40.078  -88.929  29.020 0.1000000015
19766  -30.127  -83.890  19.788 0.2000000030
17461  -31.921  -85.351  25.808 0.1000000015
15220  -39.616  -87.532  28.922 0.1000000015
16296  -41.182  -86.702  29.683 0.1000000015
17400  -43.106  -85.795  30.744 0.1000000015
18475  -40.600  -84.966  32.909 0.2000000030
16345  -33.620  -86.428  26.022 0.1000000015
13271  -37.700  -89.335  27.340 0.1000000015
13262  -38.528  -89.246  28.085 0.1000000015
16297  -42.300  -86.618  30.193 0.1000000015
15191  -41.736  -87.734  31.410 0.1000000015
18645  -29.983  -84.365  19.159 0.1000000015
17596  -30.531  -85.624  17.701 0.1000000015
23812  -31.791  -79.508  34.135 0.1000000015
22792  -33.291  -80.454  33.835 0.1000000015
21700  -34.191  -81.192  34.022 0.1000000015
21701  -35.359  -82.047  34.081 0.1000000015
19535  -37.599  -83.829  35.156 0.1000000015
21720  -34.821  -81.192  33.255 0.1000000015
20650  -36.429  -82.460  33.425 0.1000000015
22748  -32.221  -80.343  35.136 0.1000000015
22750  -33.359  -81.108  35.260 0.1000000015
21681  -34.666  -81.908  35.216 0.1000000015
20603  -36.495  -83.443  36.648 0.1000000015
22770  -32.054  -80.035  34.715 0.1000000015
21699  -33.635  -80.898  34.358 0.1000000015
21682  -35.314  -82.270  34.870 0.1000000015
20620  -36.522  -83.088  35.844 0.1000000015
17308  -37.249  -85.215  36.167 0.1000000015
23790  -30.849  -79.339  35.050 0.1000000015
21651  -34.585  -82.288  37.368 0.1000000015
23765  -31.274  -80.017  36.072 0.1000000015
22732  -32.073  -80.477  35.880 0.1000000015
21662  -33.066  -81.197  36.209 0.1000000015
21664  -34.548  -81.987  36.423 0.1000000015
23764  -30.480  -79.220  36.310 0.1000000015
20618  -35.001  -82.266  35.980 0.1000000015
19503  -36.002  -84.208  36.988 0.1000000015
24900  -30.190  -78.316  35.431 0.1000000015
27187  -30.411  -76.175  36.566 0.1000000015
23748  -30.920  -79.820  38.286 0.1000000015
22715  -31.909  -80.574  36.907 0.1000000015
21649  -33.222  -81.368  36.851 0.1000000015
23751  -30.360  -79.055  37.493 0.1000000015
26016  -29.894  -76.960  36.776 0.1000000015
27214  -30.322  -76.188  35.840 0.1000000015
35047  -38.341  -69.549  33.208 0.1000000015
36169  -39.019  -68.435  32.407 0.1000000015
36185  -40.472  -68.120  31.352 0.1000000015
28309  -30.858  -75.868  38.365 0.1000000015
28342  -30.849  -75.794  36.809 0.1000000015
28368  -31.369  -75.185  36.367 0.1000000015
33952  -39.312  -71.088  34.108 0.1000000015
37363  -37.715  -67.147  31.972 0.1000000015
37364  -38.368  -67.198  31.663 0.1000000015
33977  -40.052  -70.168  33.011 0.1000000015
37382  -41.268  -67.673  30.308 0.1000000015
37365  -39.316  -67.345  31.295 0.1000000015
36202  -41.109  -67.961  30.657 0.1000000015
23752  -31.061  -79.983  37.214 0.1000000015
22707  -31.877  -80.663  38.162 0.1000000015
21633  -33.354  -81.560  37.614 0.1000000015
38555  -39.032  -66.729  30.746 0.1000000015
19551  -38.245  -84.077  34.236 0.1000000015
18441  -38.779  -84.853  35.190 0.1000000015
20636  -37.185  -83.293  33.801 0.1000000015
24920  -31.141  -78.771  33.882 0.1000000015
36184  -39.578  -67.988  31.916 0.1000000015
20635  -36.484  -82.953  34.393 0.1000000015
18425  -38.397  -85.157  35.789 0.1000000015
19505  -37.365  -84.231  36.202 0.1000000015
24871  -29.861  -78.097  36.669 0.1000000015
25996  -29.835  -77.470  37.576 0.1000000015
36170  -39.956  -68.666  32.159 0.1000000015
37380  -39.655  -66.968  30.639 0.1000000015
23946  -44.261  -79.512  24.988 0.1000000015
25066  -44.040  -78.319  24.765 0.1000000015
15403  -28.625  -87.317  17.485 0.1000000015
14381  -28.880  -88.369  16.752 0.1000000015
14382  -29.816  -88.332  16.269 0.1000000015
15402  -28.045  -87.792  18.093 0.1000000015
13376  -28.458  -89.389  16.800 0.1000000015
12431  -28.864  -90.837  15.948 0.1000000015
15414  -29.291  -87.544  16.682 0.1000000015
14365  -27.999  -88.546  18.436 0.1000000015
16469  -27.975  -86.586  18.912 0.1000000015
17558  -28.297  -85.405  19.068 0.1000000015
11449  -28.587  -91.784  17.265 0.1000000015
13358  -28.156  -89.179  18.778 0.1000000015
15384  -27.909  -87.605  18.994 0.1000000015
13344  -28.500  -89.902  18.974 0.1000000015
16454  -27.744  -86.777  19.827 0.1000000015
10345  -32.838  -92.946  28.561 0.1000000015
10344  -31.951  -92.318  28.878 0.1000000015
8311  -33.777  -94.400  24.486 0.1000000015
8344  -34.721  -94.074  22.938 0.1000000015
8343  -33.894  -94.079  22.937 0.1000000015
9431  -34.006  -93.661  21.495 0.1000000015
15404  -29.430  -86.867  17.079 0.1000000015
8373  -34.716  -94.639  20.698 0.1000000015
9446  -33.756  -93.631  20.557 0.1000000015
11441  -28.854  -91.796  18.217 0.1000000015
11434  -29.468  -91.834  18.741 0.1000000015
13395  -30.815  -89.245  15.302 0.1000000015
7323  -34.005  -95.458  19.638 0.1000000015
8429  -33.465  -95.021  18.388 0.1000000015
8408  -32.438  -94.308  18.363 0.1000000015
9479  -29.928  -93.449  18.105 0.1000000015
11435  -30.180  -91.928  19.152 0.1000000015
13334  -29.016  -89.804  19.789 0.1000000015
15374  -27.964  -87.811  20.134 0.1000000015
12454  -31.031  -90.123  14.622 0.1000000015
7322  -33.458  -95.948  19.679 0.1000000015
7361  -32.868  -95.700  17.247 0.1000000015
10481  -30.994  -92.542  19.078 0.1000000015
12380  -29.645  -90.607  19.721 0.1000000015
10385  -32.269  -93.198  27.062 0.1000000015
9362  -32.630  -93.756  26.235 0.1000000015
9378  -32.297  -93.990  25.078 0.1000000015
18633  -27.749  -84.953  20.182 0.1000000015
19764  -28.616  -84.409  19.718 0.1000000015
16487  -29.142  -86.192  17.692 0.1000000015
8328  -33.369  -94.289  23.677 0.1000000015
9417  -33.345  -93.834  22.205 0.1000000015
9406  -31.719  -94.049  23.481 0.1000000015
14392  -30.439  -88.610  15.744 0.1000000015
9462  -32.470  -93.172  19.470 0.1000000015
9461  -31.964  -92.845  19.280 0.1000000015
10482  -31.656  -92.733  19.219 0.1000000015
14341  -28.560  -89.027  20.138 0.1000000015
10460  -31.464  -92.189  20.491 0.1000000015
11427  -31.225  -91.772  20.191 0.1000000015
12381  -30.282  -91.054  20.112 0.1000000015
14331  -28.316  -89.166  20.938 0.1000000015
11312  -31.249  -91.847  28.351 0.1000000015
10365  -31.728  -92.538  27.672 0.1000000015
12268  -30.195  -90.913  29.258 0.1000000015
12258  -30.060  -90.809  30.344 0.1000000015
19729  -27.749  -83.971  21.367 0.1000000015
10384  -31.602  -92.975  26.430 0.1000000015
10383  -30.809  -92.545  26.142 0.1000000015
18622  -27.257  -85.005  21.253 0.1000000015
19730  -28.629  -83.323  21.103 0.1000000015
9377  -31.457  -93.386  25.508 0.1000000015
17543  -27.408  -85.937  20.517 0.1000000015
18644  -29.372  -84.615  19.061 0.1000000015
9390  -31.698  -93.928  24.350 0.1000000015
9416  -31.948  -93.943  22.515 0.1000000015
9429  -31.446  -93.146  21.541 0.1000000015
10461  -32.198  -92.686  20.393 0.1000000015
9445  -32.907  -93.172  20.155 0.1000000015
10451  -31.819  -92.714  20.928 0.1000000015
11416  -30.101  -91.142  20.631 0.1000000015
12371  -29.218  -90.300  20.759 0.1000000015
10449  -30.429  -92.156  21.223 0.1000000015
11406  -30.493  -91.670  20.933 0.1000000015
12267  -29.356  -90.371  29.557 0.1000000015
18596  -27.763  -84.189  22.730 0.1000000015
11298  -30.605  -91.354  28.615 0.1000000015
12281  -30.078  -90.960  28.588 0.1000000015
13236  -28.527  -89.619  30.522 0.1000000015
14183  -28.005  -88.970  31.174 0.1000000015
17516  -27.268  -85.517  22.410 0.1000000015
19697  -27.832  -83.892  22.596 0.1000000015
11327  -30.267  -91.942  26.408 0.1000000015
11310  -29.732  -90.985  27.632 0.1000000015
16440  -27.404  -87.056  20.946 0.1000000015
17595  -29.771  -85.676  17.842 0.1000000015
10418  -30.248  -92.856  24.980 0.1000000015
11345  -30.257  -92.357  25.763 0.1000000015
14317  -27.993  -89.353  21.314 0.1000000015
15364  -27.653  -87.979  20.992 0.1000000015
9405  -31.010  -93.767  23.484 0.1000000015
11404  -29.238  -91.148  21.336 0.1000000015
9415  -30.483  -93.322  22.362 0.1000000015
10439  -30.167  -92.642  21.720 0.1000000015
13245  -28.716  -89.741  29.376 0.1000000015
12279  -29.060  -90.258  28.169 0.1000000015
16409  -27.096  -86.513  22.630 0.1000000015
19749  -29.383  -83.446  20.472 0.1000000015
12362  -28.207  -90.143  21.607 0.1000000015
15337  -26.881  -87.517  22.773 0.1000000015
10437  -28.811  -92.282  22.779 0.1000000015
10417  -29.746  -92.699  24.525 0.1000000015
9404  -30.052  -93.251  23.654 0.1000000015
10430  -29.312  -92.689  23.401 0.1000000015
16389  -27.660  -86.082  23.596 0.1000000015
17501  -29.166  -85.673  24.143 0.1000000015
15321  -27.198  -86.951  23.412 0.1000000015
12293  -29.229  -90.635  27.341 0.1000000015
13307  -27.125  -89.459  22.680 0.1000000015
14302  -26.988  -88.436  22.436 0.1000000015
15320  -26.974  -87.516  23.657 0.1000000015
11326  -29.412  -91.138  26.727 0.1000000015
11374  -27.820  -91.178  23.234 0.1000000015
12349  -27.837  -90.536  22.203 0.1000000015
11344  -29.495  -91.941  25.499 0.1000000015
10429  -28.681  -92.178  23.587 0.1000000015
11362  -27.634  -91.015  23.952 0.1000000015
10416  -29.001  -92.289  24.167 0.1000000015
16390  -28.660  -86.040  24.150 0.1000000015
16370  -30.083  -86.403  24.495 0.1000000015
15300  -27.571  -87.159  24.347 0.1000000015
16368  -28.368  -86.536  24.529 0.1000000015
14214  -28.255  -89.336  28.230 0.1000000015
14274  -26.819  -88.304  24.582 0.1000000015
14275  -27.163  -87.713  24.840 0.1000000015
13292  -26.975  -89.757  23.999 0.1000000015
13291  -26.749  -88.824  23.689 0.1000000015
11364  -29.129  -92.135  24.700 0.1000000015
15303  -31.806  -87.476  24.572 0.1000000015
16369  -29.233  -86.509  24.576 0.1000000015
16354  -28.183  -86.805  25.355 0.1000000015
16355  -29.014  -86.567  25.253 0.1000000015
14199  -28.483  -89.485  28.772 0.1000000015
12325  -27.516  -90.556  24.543 0.1000000015
11325  -28.924  -90.927  26.489 0.1000000015
15287  -32.336  -88.205  24.933 0.1000000015
12303  -29.086  -90.728  26.928 0.1000000015
12257  -29.237  -90.153  30.693 0.1000000015
16223  -27.227  -86.146  33.162 0.1000000015
15168  -27.710  -87.071  32.393 0.1000000015
15186  -27.601  -87.307  31.535 0.1000000015
14170  -28.078  -88.664  31.936 0.1000000015
8295  -33.181  -94.265  25.263 0.1000000015
8372  -34.250  -94.289  20.225 0.1000000015
8390  -34.119  -94.664  19.625 0.1000000015
8410  -33.693  -94.779  19.021 0.1000000015
9463  -33.485  -93.961  19.586 0.1000000015
8409  -33.147  -94.553  18.612 0.1000000015
8407  -31.573  -94.207  18.151 0.1000000015
9480  -30.632  -93.656  18.220 0.1000000015
8425  -30.215  -94.546  17.156 0.1000000015
9361  -31.879  -93.365  26.073 0.1000000015
15352  -27.187  -87.802  21.730 0.1000000015
10364  -30.968  -92.318  26.845 0.1000000015
11389  -28.848  -91.655  21.870 0.1000000015
16425  -27.092  -86.997  21.930 0.1000000015
14288  -26.763  -88.058  23.775 0.1000000015
13281  -26.919  -89.001  25.185 0.1000000015
16391  -29.286  -86.148  24.335 0.1000000015
15169  -28.161  -87.696  32.892 0.1000000015
6525  -24.985  -96.482  7.332 0.1000000015
6524  -24.833  -96.480  7.892 0.1000000015
7498  -23.155  -95.218  5.155 0.1000000015
7485  -22.983  -95.903  5.616 0.1000000015
7486  -23.889  -95.581  5.685 0.1000000015
6552  -24.060  -96.026  6.066 0.1000000015
5744  -24.942  -97.474  6.609 0.1000000015
8574  -22.674  -94.953  4.433 0.1000000015
8591  -22.248  -94.903  3.597 0.1000000015
8611  -22.654  -95.021  2.976 0.1000000015
7464  -24.805  -95.672  7.570 0.1000000015
8535  -24.521  -94.881  7.860 0.1000000015
8519  -24.057  -94.910  8.428 0.1000000015
8536  -24.867  -94.767  7.233 0.1000000015
7475  -24.693  -95.920  6.558 0.1000000015
6538  -24.924  -96.413  6.839 0.1000000015
5723  -24.789  -97.241  8.074 0.1000000015
7499  -23.979  -95.045  5.130 0.1000000015
5743  -24.454  -97.632  6.095 0.1000000015
5742  -24.024  -97.258  6.045 0.1000000015
8575  -23.655  -94.885  4.462 0.1000000015
8593  -24.217  -94.905  3.631 0.1000000015
8612  -23.633  -95.090  2.831 0.1000000015
7538  -24.059  -95.631  2.023 0.1000000015
13433  -23.223  -89.150  12.813 0.1000000015
13479  -22.620  -90.526  10.693 0.1000000015
14442  -23.578  -88.540  12.303 0.1000000015
10630  -23.903  -93.158  7.932 0.1000000015
9612  -23.916  -93.735  8.136 0.1000000015
10611  -23.487  -93.160  8.633 0.1000000015
12543  -22.832  -91.219  9.600 0.1000000015
11575  -22.696  -92.060  9.871 0.1000000015
13499  -22.651  -90.780  10.054 0.1000000015
9613  -24.419  -93.882  7.572 0.1000000015
9573  -23.220  -93.894  9.229 0.1000000015
9632  -24.717  -93.329  7.058 0.1000000015
7452  -23.845  -95.623  8.771 0.1000000015
8551  -25.138  -94.529  6.406 0.1000000015
7465  -24.889  -95.504  7.086 0.1000000015
14427  -24.021  -88.615  12.987 0.1000000015
14468  -22.809  -89.326  11.459 0.1000000015
13425  -24.713  -89.170  13.668 0.1000000015
11599  -23.160  -92.085  9.076 0.1000000015
12559  -23.362  -91.002  8.797 0.1000000015
13500  -22.970  -90.172  9.814 0.1000000015
11617  -23.704  -92.161  8.149 0.1000000015
7488  -24.957  -94.941  6.093 0.1000000015
7487  -24.667  -95.415  5.988 0.1000000015
8561  -24.791  -94.875  5.418 0.1000000015
8576  -24.713  -94.855  4.654 0.1000000015
8577  -25.679  -94.779  4.270 0.1000000015
9614  -24.952  -93.988  6.974 0.1000000015
13432  -22.770  -89.440  12.367 0.1000000015
14490  -22.991  -89.298  10.594 0.1000000015
9633  -25.136  -93.397  6.513 0.1000000015
12509  -22.385  -90.914  11.521 0.1000000015
11618  -24.272  -91.772  7.466 0.1000000015
12497  -22.373  -90.452  12.298 0.1000000015
13534  -25.053  -89.787  6.959 0.1000000015
13523  -25.195  -89.194  7.245 0.1000000015
14522  -26.527  -88.165  7.143 0.1000000015
13511  -23.594  -89.888  8.940 0.1000000015
12560  -23.823  -90.455  8.304 0.1000000015
12570  -24.310  -90.612  7.620 0.1000000015
14512  -24.593  -88.693  8.539 0.1000000015
12578  -24.764  -90.344  7.061 0.1000000015
14520  -25.068  -88.817  7.786 0.1000000015
14511  -23.973  -89.148  8.937 0.1000000015
14501  -23.477  -89.043  9.664 0.1000000015
14502  -24.102  -88.562  9.323 0.1000000015
15530  -25.383  -87.358  9.267 0.1000000015
13512  -24.162  -89.706  8.314 0.1000000015
13535  -25.493  -89.401  6.430 0.1000000015
13522  -24.727  -89.577  7.635 0.1000000015
5733  -25.040  -97.162  7.592 0.1000000015
5734  -25.224  -97.327  7.137 0.1000000015
6381  -32.992  -96.026  19.851 0.1000000015
6393  -33.037  -96.229  19.254 0.1000000015
6514  -30.755  -96.689  8.316 0.1000000015
6515  -31.270  -96.392  8.168 0.1000000015
6536  -24.216  -97.022  6.230 0.1000000015
6537  -24.500  -96.552  6.403 0.1000000015
7324  -34.581  -95.134  20.436 0.1000000015
7444  -31.386  -96.053  8.949 0.1000000015
7445  -31.618  -95.878  8.355 0.1000000015
7453  -24.487  -95.682  8.213 0.1000000015
7466  -31.339  -95.489  7.607 0.1000000015
7467  -31.571  -95.323  7.621 0.1000000015
7476  -24.888  -95.450  6.519 0.1000000015
7500  -24.429  -95.079  5.432 0.1000000015
8309  -32.239  -94.173  24.257 0.1000000015
8310  -32.765  -94.273  24.434 0.1000000015
8327  -32.366  -94.193  23.654 0.1000000015
8329  -34.310  -94.308  23.690 0.1000000015
8342  -32.990  -94.120  22.965 0.1000000015
8391  -34.471  -94.857  20.056 0.1000000015
8428  -32.966  -94.955  17.999 0.1000000015
8507  -31.681  -95.050  8.978 0.1000000015
8508  -32.066  -94.532  8.834 0.1000000015
8520  -30.525  -95.336  7.897 0.1000000015
8521  -31.045  -95.271  7.554 0.1000000015
8522  -32.021  -95.212  8.103 0.1000000015
8538  -31.878  -94.999  7.605 0.1000000015
8539  -32.193  -94.540  7.894 0.1000000015
8562  -25.328  -94.567  5.350 0.1000000015
8613  -24.638  -95.303  2.797 0.1000000015
9376  -30.849  -93.254  25.246 0.1000000015
9388  -30.096  -93.103  24.273 0.1000000015
9389  -30.601  -93.285  24.633 0.1000000015
9391  -32.229  -94.120  24.547 0.1000000015
9414  -29.743  -93.109  22.887 0.1000000015
9428  -30.705  -92.784  21.530 0.1000000015
9430  -32.707  -93.313  21.208 0.1000000015
9447  -34.613  -93.978  20.973 0.1000000015
9481  -31.861  -93.366  18.800 0.1000000015
9482  -32.816  -93.925  18.958 0.1000000015
9483  -33.301  -94.322  19.042 0.1000000015
9496  -29.791  -93.927  17.486 0.1000000015
9545  -31.012  -93.807  11.051 0.1000000015
9547  -32.620  -93.271  10.590 0.2000000030
9559  -31.854  -94.231  9.804 0.1000000015
9560  -32.798  -93.454  9.852 0.1000000015
9577  -33.127  -93.424  8.867 0.2000000030
9591  -23.691  -94.140  8.557 0.1000000015
9592  -24.144  -94.311  8.110 0.1000000015
9597  -32.985  -93.278  8.403 0.2000000030
9615  -31.662  -94.516  7.505 0.1000000015
9616  -32.101  -94.331  7.660 0.1000000015
9617  -32.278  -94.224  7.825 0.1000000015
10399  -30.072  -92.537  25.255 0.1000000015
10400  -30.653  -92.900  25.453 0.1000000015
10401  -31.118  -92.932  25.896 0.1000000015
10438  -29.533  -92.540  22.231 0.1000000015
10448  -29.855  -92.197  21.510 0.1000000015
10450  -31.162  -92.428  21.100 0.1000000015
10459  -30.903  -91.889  20.781 0.1000000015
10470  -31.121  -92.036  19.532 0.1000000015
10471  -31.703  -92.343  19.717 0.1000000015
10472  -32.386  -92.756  19.902 0.1000000015
10479  -29.263  -92.334  18.320 0.1000000015
10480  -29.848  -92.768  18.490 0.1000000015
10491  -29.623  -93.272  17.970 0.1000000015
10540  -32.987  -92.472  12.064 0.2000000030
10541  -33.931  -92.567  11.993 0.3000000119
10559  -35.350  -92.277  10.984 0.4000000060
10615  -33.004  -93.004  8.203 0.2000000030
10631  -24.265  -92.809  7.467 0.1000000015
11297  -30.029  -91.132  28.155 0.1000000015
11299  -31.338  -91.712  29.126 0.1000000015
11311  -30.546  -91.575  27.526 0.1000000015
11343  -28.795  -91.178  25.969 0.1000000015
11363  -28.364  -91.491  24.513 0.1000000015
11375  -28.302  -91.810  23.037 0.1000000015
11388  -28.233  -91.230  22.451 0.1000000015
11390  -29.497  -91.976  21.656 0.1000000015
11405  -29.836  -91.476  21.138 0.1000000015
11417  -30.583  -91.455  20.489 0.1000000015
11418  -31.053  -91.796  20.472 0.1000000015
11425  -30.270  -91.365  19.620 0.1000000015
11426  -30.933  -91.583  19.855 0.1000000015
11436  -30.730  -91.850  19.464 0.1000000015
11450  -37.771  -91.170  16.005 0.4000000060
11462  -29.193  -91.458  15.356 0.1000000015
11475  -31.361  -90.928  14.004 0.1000000015
11476  -37.143  -91.302  14.728 0.4000000060
11489  -31.110  -91.530  13.583 0.1000000015
11496  -37.504  -91.240  13.281 0.2000000030
11497  -37.865  -90.924  13.513 0.2000000030
11514  -34.363  -92.184  12.607 0.3000000119
11535  -35.888  -91.848  11.223 0.2000000030
11537  -37.015  -91.363  11.974 0.2000000030
11550  -29.697  -91.436  9.467 0.1000000015
11552  -32.211  -91.319  9.457 0.1000000015
11555  -35.083  -91.922  10.013 0.3000000119
11556  -35.502  -91.666  10.523 0.2000000030
11580  -32.787  -91.673  8.929 0.1000000015
11583  -35.062  -91.531  10.016 0.2000000030
11600  -32.267  -92.188  8.493 0.1000000015
11602  -33.410  -92.589  8.637 0.2000000030
12256  -28.885  -89.942  30.424 0.1000000015
12266  -28.895  -90.034  30.108 0.1000000015
12280  -29.436  -90.511  28.375 0.1000000015
12292  -28.901  -90.253  27.752 0.1000000015
12302  -28.603  -90.407  26.684 0.1000000015
12333  -27.392  -90.455  23.413 0.1000000015
12350  -28.410  -91.008  21.925 0.1000000015
12363  -28.825  -90.585  21.313 0.1000000015
12364  -29.424  -90.940  21.094 0.1000000015
12372  -29.676  -90.700  20.597 0.1000000015
12373  -30.166  -91.094  20.410 0.1000000015
12379  -29.001  -90.325  19.422 0.1000000015
12382  -38.972  -90.594  18.889 0.4000000060
12388  -28.996  -90.969  18.978 0.1000000015
12389  -29.720  -91.316  19.268 0.1000000015
12390  -38.805  -90.733  18.487 0.4000000060
12391  -39.091  -90.968  18.159 0.4000000060
12397  -28.360  -90.844  18.083 0.1000000015
12398  -37.963  -90.837  17.310 0.4000000060
12400  -39.102  -91.014  17.563 0.4000000060
12412  -28.841  -90.088  16.201 0.1000000015
12434  -36.999  -90.779  15.128 0.4000000060
12458  -35.088  -90.403  14.089 0.3000000119
12478  -32.283  -90.889  13.808 0.2000000030
12483  -36.049  -91.366  13.825 0.3000000119
12484  -37.796  -90.752  13.097 0.2000000030
12485  -38.083  -90.417  13.397 0.2000000030
12500  -37.640  -90.564  12.431 0.2000000030
12518  -37.123  -90.787  11.693 0.2000000030
12525  -30.627  -91.070  9.751 0.1000000015
12529  -34.562  -90.916  10.015 0.1000000015
12530  -35.223  -91.056  10.219 0.2000000030
12544  -30.143  -91.306  9.339 0.1000000015
12546  -34.324  -91.355  9.642 0.2000000030
12547  -34.799  -91.355  9.897 0.2000000030
12569  -23.813  -91.178  7.995 0.1000000015
12604  -32.503  -89.838  3.580 0.1000000015
12619  -31.857  -90.549  3.161 0.1000000015
12620  -32.306  -90.030  3.421 0.1000000015
13237  -28.921  -89.864  30.895 0.1000000015
13244  -28.313  -89.461  29.732 0.1000000015
13246  -29.113  -90.159  28.832 0.1000000015
13250  -39.492  -89.169  28.816 0.1000000015
13257  -28.828  -89.952  28.388 0.1000000015
13258  -29.121  -90.232  28.538 0.1000000015
13263  -39.143  -88.890  28.278 0.1000000015
13272  -38.226  -89.005  27.432 0.1000000015
13285  -26.840  -89.103  24.752 0.1000000015
13286  -27.178  -89.787  24.950 0.1000000015
13306  -26.833  -88.748  22.965 0.1000000015
13316  -27.831  -89.678  21.732 0.1000000015
13317  -28.410  -89.743  21.293 0.1000000015
13319  -39.487  -89.587  20.804 0.4000000060
13326  -28.935  -89.832  20.626 0.1000000015
13327  -29.314  -90.231  20.528 0.1000000015
13328  -38.898  -89.931  19.938 0.4000000060
13335  -29.412  -90.147  20.250 0.1000000015
13338  -39.194  -90.276  19.267 0.4000000060
13343  -28.314  -89.241  19.165 0.1000000015
13345  -37.951  -89.960  18.204 0.4000000060
13346  -38.405  -90.463  18.397 0.4000000060
13359  -28.120  -89.586  17.909 0.1000000015
13361  -38.152  -90.508  17.972 0.4000000060
13377  -29.243  -89.297  16.179 0.1000000015
13378  -36.838  -89.268  16.048 0.4000000060
13379  -37.229  -89.628  16.349 0.4000000060
13381  -39.243  -89.880  16.784 0.1000000015
13396  -31.458  -88.940  15.136 0.3000000119
13398  -36.074  -89.223  15.188 0.4000000060
13400  -37.098  -89.837  15.871 0.4000000060
13416  -34.800  -89.613  14.431 0.3000000119
13418  -36.402  -90.353  14.758 0.4000000060
13442  -33.963  -89.197  11.748 0.2000000030
13443  -37.781  -90.052  12.115 0.3000000119
13453  -22.520  -90.033  11.548 0.1000000015
13465  -37.859  -89.793  11.958 0.3000000119
13480  -22.789  -89.922  10.501 0.1000000015
13484  -36.187  -90.343  11.030 0.1000000015
13554  -32.598  -89.546  4.551 0.1000000015
13571  -32.144  -89.979  4.275 0.1000000015
13573  -33.270  -89.163  3.803 0.1000000015
13587  -32.643  -89.568  3.283 0.1000000015
14159  -27.835  -87.932  32.190 0.1000000015
14169  -27.654  -88.250  31.317 0.1000000015
14198  -28.080  -89.022  29.183 0.1000000015
14205  -39.745  -88.469  28.762 0.1000000015
14220  -39.025  -88.439  28.210 0.1000000015
14233  -37.639  -88.725  27.022 0.1000000015
14258  -26.916  -88.733  25.148 0.1000000015
14289  -41.242  -88.390  23.204 0.3000000119
14290  -41.576  -88.216  23.128 0.3000000119
14301  -26.757  -88.233  23.151 0.1000000015
14303  -39.242  -88.804  22.062 0.4000000060
14305  -40.800  -88.717  22.699 0.3000000119
14316  -27.580  -88.814  21.507 0.1000000015
14321  -40.591  -89.028  22.032 0.3000000119
14322  -40.937  -88.716  22.520 0.3000000119
14330  -28.060  -88.523  20.625 0.1000000015
14332  -37.927  -88.822  19.954 0.4000000060
14334  -39.768  -89.332  20.723 0.4000000060
14340  -28.255  -88.447  20.074 0.1000000015
14343  -38.395  -89.608  19.597 0.4000000060
14350  -28.183  -88.631  19.399 0.1000000015
14351  -28.499  -89.307  19.505 0.1000000015
14366  -28.214  -88.484  17.509 0.1000000015
14383  -30.512  -87.928  15.976 0.1000000015
14384  -36.044  -88.302  16.059 0.4000000060
14385  -36.587  -88.672  16.316 0.4000000060
14394  -31.856  -88.319  15.325 0.2000000030
14411  -33.141  -88.580  14.914 0.3000000119
14412  -33.715  -88.718  14.814 0.3000000119
14415  -39.015  -88.128  14.221 0.1000000015
14428  -24.547  -88.705  13.217 0.1000000015
14441  -23.004  -88.938  11.899 0.1000000015
14454  -35.708  -88.330  11.888 0.1000000015
14456  -38.911  -88.248  12.569 0.1000000015
14473  -36.618  -88.966  11.330 0.1000000015
14489  -22.714  -89.795  10.956 0.1000000015
15192  -42.310  -87.274  31.248 0.1000000015
15235  -36.734  -87.434  27.170 0.2000000030
15237  -38.232  -87.753  27.962 0.1000000015
15253  -34.972  -87.250  26.290 0.2000000030
15256  -37.680  -88.094  27.294 0.1000000015
15257  -38.055  -88.127  27.532 0.1000000015
15284  -30.356  -87.139  24.843 0.1000000015
15299  -26.993  -87.720  24.248 0.1000000015
15302  -30.909  -87.162  24.610 0.1000000015
15308  -43.292  -86.713  24.116 0.2000000030
15309  -43.646  -86.596  23.991 0.2000000030
15325  -42.869  -86.982  23.677 0.2000000030
15336  -26.781  -87.832  23.336 0.1000000015
15340  -40.560  -88.481  23.103 0.3000000119
15354  -38.471  -88.280  21.564 0.4000000060
15356  -41.147  -88.475  22.365 0.2000000030
15365  -36.813  -87.561  19.875 0.4000000060
15368  -40.381  -88.761  21.226 0.2000000030
15377  -39.692  -88.906  19.934 0.4000000060
15385  -28.130  -87.124  18.309 0.1000000015
15405  -36.001  -87.354  17.704 0.5000000000
15406  -36.609  -88.110  17.219 0.4000000060
15407  -36.974  -88.409  17.454 0.4000000060
15416  -31.158  -87.369  16.074 0.3000000119
15417  -32.012  -87.220  15.868 0.3000000119
15418  -32.577  -87.274  15.763 0.2000000030
15419  -34.151  -87.089  16.256 0.3000000119
15421  -35.776  -87.757  16.470 0.4000000060
15435  -35.045  -87.827  15.805 0.3000000119
15437  -39.669  -87.059  14.875 0.1000000015
15448  -39.165  -87.767  13.773 0.1000000015
15458  -39.073  -87.974  13.596 0.1000000015
15481  -39.138  -87.843  12.125 0.1000000015
15499  -36.370  -88.259  11.636 0.1000000015
15514  -23.452  -88.440  10.536 0.1000000015
15517  -38.842  -87.471  10.979 0.1000000015
15567  -34.416  -87.402  7.025 0.1000000015
15611  -35.138  -87.791  4.412 0.1000000015
15612  -35.613  -87.245  4.429 0.1000000015
16246  -27.614  -86.221  32.604 0.1000000015
16251  -42.228  -86.563  32.067 0.1000000015
16263  -41.824  -87.300  31.927 0.1000000015
16264  -42.246  -86.999  31.723 0.1000000015
16293  -38.098  -86.700  28.645 0.2000000030
16294  -39.098  -86.677  29.110 0.3000000119
16311  -34.685  -86.379  27.193 0.2000000030
16313  -36.311  -86.934  27.534 0.2000000030
16328  -33.963  -86.338  26.564 0.2000000030
16330  -35.700  -87.197  26.950 0.2000000030
16344  -32.988  -86.198  25.625 0.1000000015
16376  -42.292  -86.453  24.387 0.3000000119
16396  -43.097  -86.707  23.411 0.2000000030
16398  -44.174  -86.116  23.896 0.1000000015
16414  -42.544  -86.973  22.955 0.1000000015
16415  -43.238  -86.452  23.082 0.2000000030
16426  -36.555  -86.415  21.031 0.5000000000
16428  -38.052  -87.298  21.726 0.4000000060
16430  -41.359  -87.726  21.885 0.2000000030
16456  -35.303  -86.312  19.600 0.4000000060
16460  -41.548  -85.984  20.076 0.1000000015
16470  -28.422  -86.418  18.230 0.1000000015
16471  -34.869  -86.216  18.835 0.3000000119
16473  -35.999  -87.104  18.729 0.5000000000
16475  -40.741  -85.838  18.909 0.1000000015
16488  -30.030  -86.267  17.217 0.1000000015
16489  -30.813  -86.085  17.145 0.1000000015
16490  -31.570  -86.098  17.031 0.2000000030
16491  -32.443  -86.139  16.944 0.3000000119
16496  -40.961  -85.552  16.605 0.1000000015
16504  -33.650  -86.902  16.290 0.3000000119
16506  -35.017  -86.949  16.867 0.2000000030
16517  -32.888  -87.137  15.786 0.3000000119
16518  -33.253  -87.149  15.895 0.3000000119
16520  -40.806  -85.865  15.196 0.2000000030
16539  -39.709  -86.715  13.336 0.1000000015
16640  -34.551  -86.563  8.321 0.1000000015
16680  -36.321  -86.769  5.047 0.1000000015
16702  -36.025  -86.758  4.475 0.1000000015
17309  -37.687  -85.056  36.172 0.1000000015
17322  -38.534  -85.425  35.632 0.1000000015
17418  -37.310  -85.801  28.840 0.3000000119
17424  -43.472  -84.193  30.164 0.2000000030
17437  -34.341  -85.910  27.509 0.3000000119
17439  -36.502  -85.701  28.552 0.3000000119
17451  -32.937  -85.502  26.896 0.3000000119
17452  -33.674  -85.908  27.027 0.3000000119
17463  -33.236  -85.850  26.533 0.3000000119
17473  -32.472  -86.055  25.357 0.1000000015
17490  -44.609  -85.199  24.235 0.1000000015
17500  -28.327  -85.291  23.740 0.1000000015
17506  -44.104  -85.849  23.214 0.1000000015
17507  -44.454  -85.646  23.640 0.1000000015
17529  -27.076  -86.152  21.595 0.1000000015
17530  -35.683  -85.425  21.071 0.5000000000
17532  -37.182  -86.180  21.650 0.5000000000
17557  -27.812  -85.777  19.489 0.1000000015
17560  -33.139  -84.969  19.438 0.5000000000
17561  -34.459  -85.755  19.414 0.3000000119
17562  -34.984  -85.941  19.862 0.5000000000
17576  -28.176  -85.904  18.774 0.1000000015
17577  -28.819  -85.558  18.479 0.1000000015
17578  -29.523  -85.335  18.355 0.1000000015
17579  -30.200  -85.191  18.237 0.1000000015
17580  -31.057  -85.134  18.283 0.2000000030
17584  -40.702  -85.720  17.929 0.1000000015
17594  -29.309  -85.683  18.090 0.1000000015
17610  -41.966  -84.614  16.559 0.1000000015
17678  -38.219  -86.500  10.791 0.1000000015
17715  -39.179  -85.524  9.564 0.1000000015
17730  -35.625  -85.746  8.098 0.1000000015
17742  -32.658  -84.895  7.177 0.1000000015
17760  -36.320  -85.809  6.784 0.1000000015
17775  -34.501  -84.660  4.841 0.1000000015
17777  -37.808  -85.050  5.514 0.1000000015
17790  -37.127  -85.450  4.477 0.1000000015
17791  -37.672  -85.258  4.915 0.1000000015
18413  -37.315  -84.671  36.301 0.1000000015
18424  -37.967  -84.716  35.948 0.1000000015
18440  -38.012  -84.323  35.436 0.1000000015
18473  -39.111  -84.093  33.278 0.1000000015
18489  -41.696  -84.442  31.988 0.3000000119
18490  -42.799  -84.729  31.664 0.1000000015
18509  -43.776  -83.803  30.367 0.2000000030
18527  -43.144  -83.883  29.783 0.2000000030
18548  -32.230  -84.672  27.262 0.3000000119
18549  -33.000  -85.303  27.317 0.3000000119
18558  -31.392  -84.427  26.381 0.3000000119
18568  -31.230  -85.067  25.497 0.1000000015
18582  -38.364  -84.213  24.299 0.4000000060
18585  -41.300  -84.551  24.546 0.4000000060
18602  -38.940  -84.983  24.031 0.5000000000
18614  -37.272  -84.912  22.674 0.5000000000
18634  -28.280  -84.644  19.767 0.1000000015
18635  -32.491  -84.136  20.216 0.5000000000
18636  -33.166  -84.550  20.125 0.5000000000
18638  -34.849  -84.926  20.936 0.5000000000
18642  -28.132  -85.094  19.517 0.1000000015
18643  -28.714  -84.827  19.214 0.1000000015
18646  -30.882  -84.287  19.306 0.4000000060
18647  -32.084  -84.485  19.601 0.5000000000
18648  -32.811  -84.661  19.712 0.5000000000
18661  -29.219  -84.983  18.710 0.1000000015
18662  -29.798  -84.828  18.672 0.1000000015
18709  -41.678  -84.392  13.899 0.1000000015
18737  -37.828  -85.497  10.785 0.1000000015
18759  -40.176  -84.924  9.551 0.2000000030
18806  -36.825  -84.822  7.858 0.1000000015
18824  -32.016  -84.705  7.841 0.1000000015
18826  -33.448  -84.446  7.688 0.1000000015
18829  -37.266  -84.856  7.143 0.1000000015
18847  -37.641  -84.854  6.520 0.1000000015
18864  -38.729  -83.991  5.325 0.1000000015
18865  -39.112  -83.434  5.567 0.1000000015
18874  -35.081  -84.388  4.473 0.1000000015
19489  -35.341  -83.752  37.230 0.1000000015
19504  -36.825  -84.092  36.651 0.1000000015
19517  -37.056  -83.670  36.159 0.1000000015
19518  -37.562  -84.020  35.763 0.1000000015
19534  -37.097  -83.491  35.385 0.1000000015
19536  -38.040  -84.153  34.916 0.1000000015
19549  -37.180  -83.474  34.848 0.1000000015
19550  -37.496  -83.625  34.430 0.1000000015
19565  -37.714  -83.536  33.695 0.1000000015
19577  -39.612  -83.333  32.210 0.3000000119
19579  -41.405  -83.523  31.711 0.3000000119
19581  -43.397  -83.405  31.203 0.2000000030
19612  -35.902  -83.547  29.322 0.3000000119
19613  -36.949  -83.621  29.403 0.3000000119
19617  -41.482  -83.338  29.589 0.3000000119
19619  -43.369  -82.961  29.710 0.2000000030
19620  -43.790  -82.967  30.058 0.2000000030
19629  -32.515  -83.706  28.143 0.4000000060
19632  -35.418  -83.964  29.124 0.3000000119
19643  -31.929  -83.699  27.671 0.3000000119
19661  -29.598  -83.200  24.680 0.2000000030
19663  -36.535  -82.555  25.241 0.6000000238
19664  -36.907  -82.753  25.131 0.5000000000
19678  -35.733  -82.703  24.812 0.6000000238
19683  -40.732  -83.558  24.585 0.4000000060
19687  -44.835  -83.489  25.108 0.1000000015
19698  -28.064  -83.675  22.739 0.1000000015
19702  -37.230  -83.971  23.821 0.5000000000
19712  -27.783  -83.894  22.272 0.1000000015
19731  -29.141  -83.109  20.972 0.1000000015
19732  -31.464  -83.213  20.949 0.5000000000
19747  -27.696  -84.454  20.746 0.1000000015
19748  -28.342  -84.088  20.318 0.1000000015
19750  -30.312  -83.449  20.376 0.4000000060
19765  -29.197  -84.181  19.638 0.1000000015
19768  -31.548  -83.818  20.095 0.5000000000
19851  -40.562  -83.211  13.753 0.1000000015
19853  -41.549  -83.578  13.433 0.1000000015
19869  -41.058  -83.120  13.019 0.1000000015
19886  -35.412  -82.673  11.127 0.1000000015
19887  -41.414  -83.446  11.546 0.1000000015
19888  -41.515  -83.440  12.107 0.1000000015
19947  -34.681  -84.016  7.441 0.1000000015
19950  -39.836  -83.505  6.749 0.1000000015
19967  -40.017  -82.773  6.531 0.1000000015
19981  -38.621  -83.301  5.120 0.1000000015
19994  -38.405  -83.601  4.838 0.1000000015
20001  -36.335  -83.912  3.942 0.1000000015
20587  -35.872  -83.427  37.137 0.1000000015
20588  -36.347  -83.783  36.952 0.1000000015
20601  -35.236  -82.400  36.607 0.1000000015
20602  -35.938  -82.868  36.605 0.1000000015
20619  -35.619  -82.525  35.550 0.1000000015
20634  -35.680  -82.475  34.705 0.1000000015
20653  -39.286  -83.222  32.241 0.3000000119
20670  -37.571  -81.785  32.039 0.3000000119
20676  -43.543  -82.429  30.669 0.2000000030
20705  -34.458  -82.359  29.359 0.5000000000
20713  -42.831  -82.107  29.475 0.2000000030
20722  -32.366  -82.490  28.210 0.4000000060
20730  -31.498  -82.458  27.224 0.5000000000
20742  -30.652  -82.699  26.064 0.3000000119
20743  -31.154  -82.563  26.691 0.5000000000
20753  -29.787  -82.913  24.949 0.5000000000
20755  -34.751  -82.107  25.323 0.5000000000
20756  -35.347  -82.158  25.500 0.6999999881
20757  -36.129  -82.271  25.483 0.6000000238
20766  -29.679  -82.550  24.372 0.4000000060
20767  -30.143  -82.378  24.906 0.4000000060
20788  -33.637  -82.057  23.686 0.6000000238
20789  -34.314  -82.300  23.947 0.6000000238
20799  -30.596  -82.157  21.975 0.4000000060
20804  -34.720  -82.635  23.609 0.5000000000
20814  -29.039  -82.985  21.215 0.1000000015
20818  -32.190  -82.572  21.728 0.5000000000
20819  -32.878  -82.556  22.064 0.5000000000
20827  -29.901  -83.177  20.712 0.2000000030
20829  -30.915  -82.999  21.061 0.5000000000
20864  -35.495  -82.133  17.188 0.1000000015
20905  -39.850  -83.127  14.719 0.1000000015
20944  -35.752  -81.701  12.243 0.1000000015
20945  -39.066  -82.008  12.833 0.1000000015
20948  -41.548  -82.990  12.284 0.1000000015
20962  -35.119  -82.500  11.980 0.1000000015
20964  -36.398  -81.783  11.231 0.1000000015
20967  -41.440  -82.784  11.845 0.1000000015
20983  -35.754  -82.545  10.846 0.1000000015
20984  -36.417  -82.121  10.644 0.1000000015
21003  -36.470  -82.387  9.741 0.1000000015
21022  -37.492  -81.950  8.399 0.1000000015
21039  -38.569  -81.628  6.727 0.1000000015
21040  -39.968  -81.584  6.825 0.1000000015
21041  -40.256  -81.848  7.104 0.1000000015
21080  -39.108  -82.552  5.643 0.1000000015
21081  -39.452  -82.673  5.823 0.1000000015
21650  -33.920  -81.734  37.092 0.1000000015
21663  -33.649  -81.484  35.943 0.1000000015
21680  -33.757  -81.274  34.892 0.1000000015
21702  -36.024  -82.332  33.647 0.1000000015
21719  -34.288  -80.867  33.388 0.1000000015
21743  -38.166  -81.169  31.592 0.3000000119
21747  -42.649  -81.662  31.048 0.2000000030
21760  -43.060  -81.076  30.576 0.3000000119
21761  -43.479  -81.469  30.308 0.3000000119
21767  -33.967  -81.446  29.199 0.4000000060
21771  -37.833  -81.546  29.583 0.4000000060
21776  -42.943  -81.092  29.613 0.2000000030
21802  -31.752  -81.649  26.744 0.5000000000
21826  -37.173  -81.624  25.131 0.5000000000
21841  -32.425  -81.335  24.923 0.4000000060
21843  -34.182  -81.819  25.419 0.4000000060
21858  -29.966  -81.897  22.932 0.4000000060
21859  -30.629  -81.684  23.371 0.4000000060
21868  -30.209  -82.029  22.416 0.4000000060
21870  -31.464  -81.729  22.887 0.5000000000
21871  -32.298  -81.729  23.222 0.4000000060
21926  -35.060  -81.440  17.096 0.1000000015
21958  -38.332  -81.926  14.990 0.1000000015
21975  -34.615  -80.128  13.853 0.1000000015
22023  -35.324  -81.346  13.009 0.1000000015
22024  -35.902  -80.928  12.560 0.1000000015
22048  -36.521  -81.147  11.575 0.1000000015
22050  -38.994  -80.802  11.567 0.1000000015
22076  -40.805  -81.104  10.053 0.1000000015
22112  -38.233  -81.333  8.148 0.1000000015
22113  -38.898  -80.806  8.027 0.1000000015
22114  -39.560  -80.704  7.749 0.1000000015
22157  -39.444  -81.656  6.533 0.1000000015
22158  -39.702  -81.514  6.785 0.1000000015
22716  -32.671  -81.113  37.540 0.1000000015
22733  -32.631  -80.935  36.500 0.1000000015
22749  -32.838  -80.837  35.513 0.1000000015
22771  -32.552  -80.270  34.476 0.1000000015
22772  -33.239  -80.794  34.714 0.1000000015
22791  -32.728  -80.098  33.920 0.1000000015
22793  -33.918  -80.644  33.444 0.1000000015
22808  -33.577  -80.293  33.140 0.2000000030
22809  -34.190  -80.511  32.879 0.2000000030
22811  -35.739  -80.785  32.243 0.3000000119
22826  -35.371  -80.283  32.085 0.3000000119
22828  -36.813  -80.195  31.554 0.3000000119
22840  -40.445  -79.876  30.939 0.3000000119
22850  -34.345  -80.888  29.285 0.5000000000
22857  -41.292  -80.303  29.171 0.3000000119
22860  -43.423  -80.863  30.055 0.3000000119
22869  -41.270  -79.504  29.000 0.3000000119
22895  -36.021  -80.604  25.572 0.5000000000
22921  -39.452  -80.042  23.740 0.5000000000
22924  -41.510  -79.853  23.992 0.4000000060
23025  -35.803  -79.775  15.769 0.1000000015
23045  -34.414  -79.715  14.171 0.1000000015
23064  -38.020  -80.202  12.860 0.1000000015
23082  -38.426  -80.279  12.018 0.1000000015
23093  -37.292  -80.533  10.917 0.1000000015
23095  -39.614  -80.686  10.654 0.1000000015
23110  -37.976  -80.406  9.964 0.1000000015
23133  -40.355  -80.590  8.925 0.1000000015
23164  -40.419  -80.842  7.930 0.1000000015
23165  -40.602  -81.011  8.116 0.1000000015
23791  -31.684  -79.983  35.153 0.1000000015
23811  -31.063  -79.021  34.338 0.1000000015
23813  -32.439  -79.894  33.992 0.1000000015
23828  -32.646  -79.782  33.426 0.1000000015
23838  -31.990  -78.987  32.904 0.2000000030
23839  -32.431  -79.221  32.747 0.2000000030
23841  -34.458  -79.995  32.247 0.3000000119
23849  -33.527  -79.180  31.953 0.3000000119
23850  -34.064  -79.313  31.841 0.3000000119
23855  -39.205  -79.572  31.094 0.3000000119
23862  -39.066  -78.586  30.849 0.3000000119
23866  -42.645  -79.279  30.022 0.3000000119
23875  -37.881  -79.630  29.443 0.5000000000
23878  -40.323  -79.665  28.966 0.4000000060
23879  -42.410  -79.204  29.605 0.3000000119
23880  -42.641  -79.258  29.821 0.3000000119
23890  -34.333  -79.659  28.576 0.5000000000
23893  -39.913  -79.041  28.767 0.4000000060
23896  -41.791  -78.840  29.184 0.3000000119
23903  -34.057  -79.814  28.298 0.5000000000
23942  -37.808  -79.569  23.978 0.5000000000
23944  -42.493  -79.555  24.340 0.3000000119
23952  -38.541  -79.199  23.604 0.5000000000
23954  -40.335  -79.248  23.555 0.4000000060
23957  -42.726  -78.655  24.325 0.2000000030
24073  -34.057  -79.458  16.867 0.1000000015
24087  -31.319  -79.052  15.166 0.1000000015
24092  -36.602  -79.491  14.830 0.1000000015
24126  -35.627  -79.159  13.845 0.1000000015
24142  -36.751  -79.488  12.718 0.1000000015
24144  -38.234  -79.821  11.459 0.1000000015
24852  -29.801  -77.621  37.458 0.1000000015
24870  -29.813  -77.583  37.220 0.1000000015
24873  -40.088  -78.383  36.305 0.1000000015
24874  -40.879  -78.602  36.185 0.1000000015
24919  -30.604  -78.388  34.350 0.1000000015
24937  -31.574  -78.628  33.176 0.2000000030
24952  -32.747  -78.643  32.135 0.3000000119
24963  -33.027  -78.208  31.766 0.3000000119
24964  -33.519  -78.584  31.702 0.3000000119
24965  -34.525  -78.556  31.508 0.3000000119
24968  -37.704  -78.272  31.107 0.3000000119
24980  -40.282  -78.101  30.561 0.3000000119
24982  -42.126  -78.535  29.903 0.3000000119
24983  -42.631  -78.803  30.015 0.3000000119
24990  -36.608  -78.619  29.123 0.5000000000
24993  -39.193  -79.144  28.974 0.4000000060
24994  -42.035  -78.521  29.523 0.3000000119
25008  -35.024  -78.487  28.187 0.5000000000
25009  -35.899  -78.158  28.621 0.5000000000
25013  -40.611  -78.262  28.654 0.3000000119
25014  -41.321  -78.220  28.895 0.3000000119
25052  -34.760  -77.973  26.010 0.4000000060
25175  -31.958  -79.126  18.335 0.1000000015
25234  -34.095  -78.792  15.809 0.1000000015
25235  -34.712  -78.894  15.832 0.1000000015
25997  -29.938  -77.067  37.641 0.1000000015
26015  -29.816  -77.338  37.342 0.1000000015
26042  -29.980  -77.206  35.711 0.1000000015
26089  -30.559  -77.443  33.778 0.2000000030
26109  -32.709  -77.715  31.827 0.3000000119
26128  -38.926  -77.379  30.670 0.3000000119
26141  -39.623  -77.315  30.502 0.3000000119
26144  -41.779  -78.182  29.638 0.3000000119
26156  -41.147  -77.486  29.252 0.3000000119
26157  -41.585  -77.972  29.412 0.3000000119
26176  -41.402  -77.827  29.077 0.3000000119
26190  -37.268  -76.616  28.120 0.5000000000
26191  -38.132  -76.507  28.197 0.4000000060
26200  -34.885  -76.994  26.870 0.5000000000
26201  -35.237  -76.421  27.222 0.5000000000
26216  -34.866  -77.376  25.425 0.4000000060
26237  -37.830  -77.470  23.390 0.4000000060
26341  -29.924  -77.654  18.456 0.1000000015
26379  -29.535  -76.854  17.135 0.1000000015
27139  -30.337  -76.416  38.060 0.1000000015
27188  -34.256  -76.279  36.847 0.1000000015
27216  -37.360  -77.425  35.929 0.1000000015
27241  -30.172  -76.379  34.963 0.2000000030
27258  -30.836  -76.549  33.290 0.2000000030
27287  -34.341  -76.720  31.453 0.3000000119
27291  -38.573  -76.697  30.635 0.3000000119
27304  -37.747  -75.859  30.638 0.3000000119
27308  -40.876  -77.177  29.394 0.3000000119
27320  -40.142  -76.475  28.983 0.3000000119
27321  -40.694  -76.967  29.096 0.3000000119
27335  -38.781  -76.219  28.285 0.4000000060
27337  -40.329  -76.927  28.728 0.3000000119
27351  -35.949  -76.064  27.499 0.5000000000
27353  -37.675  -76.003  27.986 0.5000000000
27386  -34.623  -75.821  25.408 0.3000000119
27410  -41.921  -76.429  23.840 0.2000000030
27439  -29.479  -75.935  20.572 0.1000000015
27458  -29.898  -77.078  20.388 0.1000000015
27494  -29.459  -76.440  18.139 0.1000000015
27521  -29.548  -76.166  16.756 0.1000000015
27546  -29.697  -76.234  15.129 0.1000000015
27547  -29.813  -75.953  14.810 0.1000000015
27566  -29.686  -76.671  14.963 0.1000000015
28343  -31.532  -75.657  36.997 0.1000000015
28367  -30.730  -75.612  36.175 0.1000000015
28369  -32.156  -75.211  36.674 0.1000000015
28389  -30.641  -75.457  35.639 0.2000000030
28390  -30.962  -74.989  35.821 0.2000000030
28392  -37.381  -76.752  35.762 0.1000000015
28436  -30.672  -75.623  33.686 0.2000000030
28454  -33.013  -75.353  32.181 0.3000000119
28470  -34.770  -75.759  31.496 0.3000000119
28472  -36.758  -75.754  30.986 0.3000000119
28487  -37.418  -75.399  30.466 0.3000000119
28489  -39.444  -75.907  29.440 0.3000000119
28506  -38.188  -74.893  29.224 0.3000000119
28508  -39.564  -75.972  28.919 0.3000000119
28526  -39.100  -75.841  28.533 0.3000000119
28542  -34.951  -74.994  27.413 0.5000000000
28546  -37.919  -75.582  28.147 0.4000000060
28556  -35.035  -75.371  27.335 0.5000000000
28592  -37.251  -75.688  23.535 0.4000000060
28593  -38.148  -75.648  23.382 0.3000000119
28646  -29.318  -75.308  20.270 0.1000000015
28725  -29.816  -75.810  15.014 0.1000000015
29589  -31.423  -74.391  35.939 0.2000000030
29591  -32.728  -74.619  36.626 0.1000000015
29602  -30.741  -74.984  35.303 0.2000000030
29627  -30.658  -75.004  34.862 0.2000000030
29628  -30.818  -74.587  34.969 0.2000000030
29650  -30.595  -75.235  34.671 0.2000000030
29652  -31.370  -74.384  33.803 0.2000000030
29664  -31.153  -74.972  33.543 0.3000000119
29678  -35.025  -74.965  31.288 0.3000000119
29688  -33.814  -74.248  31.416 0.3000000119
29692  -37.402  -74.718  29.843 0.3000000119
29702  -36.938  -74.176  29.607 0.3000000119
29704  -38.034  -74.680  28.931 0.4000000060
29710  -36.766  -74.001  28.460 0.4000000060
29711  -37.281  -74.280  28.617 0.5000000000
29712  -38.078  -74.945  28.643 0.4000000060
29722  -35.239  -74.348  27.657 0.5000000000
29723  -36.361  -74.244  28.091 0.4000000060
29724  -37.121  -74.815  28.107 0.5000000000
29730  -34.152  -74.272  26.482 0.3000000119
29754  -36.340  -74.727  23.967 0.4000000060
29756  -41.764  -74.439  24.314 0.1000000015
29757  -42.687  -74.410  24.392 0.1000000015
29759  -44.113  -74.749  24.117 0.1000000015
29767  -39.730  -74.690  23.685 0.2000000030
29768  -40.628  -74.655  23.886 0.2000000030
29769  -41.197  -74.597  24.092 0.2000000030
29771  -44.112  -74.578  23.777 0.1000000015
29784  -43.786  -74.405  22.920 0.1000000015
29802  -29.225  -74.411  20.272 0.1000000015
29808  -42.839  -74.453  20.613 0.1000000015
29826  -42.956  -74.392  20.136 0.1000000015
29836  -29.321  -74.912  18.766 0.1000000015
29858  -30.101  -74.310  16.653 0.1000000015
30704  -31.587  -74.157  35.991 0.2000000030
30705  -31.731  -73.743  36.025 0.2000000030
30707  -33.231  -73.867  36.789 0.1000000015
30710  -36.290  -74.295  36.431 0.1000000015
30716  -31.403  -73.926  35.617 0.2000000030
30717  -31.598  -73.555  35.632 0.2000000030
30736  -31.517  -73.494  34.537 0.2000000030
30790  -35.938  -73.765  29.905 0.3000000119
30802  -34.864  -72.839  29.745 0.3000000119
30804  -36.513  -73.438  29.224 0.3000000119
30816  -35.912  -73.034  28.399 0.4000000060
30818  -36.932  -73.725  28.848 0.4000000060
30828  -35.558  -73.562  28.021 0.5000000000
30837  -33.703  -72.660  26.200 0.3000000119
30859  -34.301  -73.123  25.562 0.3000000119
30878  -36.855  -74.301  23.803 0.3000000119
30884  -42.988  -73.593  23.847 0.1000000015
30897  -42.284  -73.179  22.963 0.1000000015
30908  -41.639  -73.074  21.921 0.1000000015
30919  -42.267  -73.941  20.920 0.1000000015
31791  -32.210  -72.997  36.210 0.2000000030
31793  -33.702  -72.956  36.877 0.2000000030
31796  -36.713  -73.489  36.290 0.1000000015
31802  -31.472  -73.530  35.333 0.2000000030
31816  -31.667  -73.265  34.857 0.2000000030
31818  -39.023  -72.501  35.191 0.1000000015
31853  -32.303  -72.544  31.617 0.3000000119
31863  -32.736  -72.623  30.685 0.3000000119
31864  -33.749  -72.555  29.925 0.3000000119
31878  -34.610  -72.341  29.487 0.4000000060
31879  -35.672  -72.477  29.129 0.4000000060
31893  -35.505  -72.376  28.655 0.4000000060
31894  -36.174  -72.825  28.827 0.4000000060
31902  -34.202  -72.549  27.812 0.5000000000
31934  -34.195  -72.015  25.573 0.3000000119
31938  -35.461  -72.163  24.837 0.4000000060
31943  -40.582  -72.239  24.373 0.1000000015
31945  -41.858  -73.014  24.419 0.1000000015
31965  -40.735  -71.805  22.657 0.1000000015
31967  -42.009  -72.741  23.539 0.1000000015
32016  -43.220  -73.011  18.702 0.1000000015
32031  -44.006  -72.986  17.658 0.1000000015
32868  -32.577  -72.530  36.336 0.2000000030
32870  -34.164  -71.982  36.579 0.2000000030
32872  -36.130  -72.175  36.279 0.1000000015
32883  -37.751  -72.135  35.451 0.1000000015
32895  -37.290  -71.409  35.207 0.2000000030
32918  -31.710  -71.171  31.789 0.3000000119
32931  -32.086  -71.804  31.072 0.3000000119
32946  -33.450  -71.908  29.630 0.4000000060
32960  -32.742  -70.884  29.562 0.4000000060
32962  -34.847  -71.903  29.068 0.4000000060
32963  -35.346  -72.080  28.913 0.4000000060
32976  -34.283  -71.803  28.741 0.4000000060
32983  -33.824  -71.948  28.191 0.4000000060
32993  -32.959  -71.371  26.918 0.3000000119
33010  -33.352  -71.219  26.196 0.2000000030
33012  -34.637  -71.204  25.340 0.3000000119
33024  -40.828  -71.765  24.033 0.1000000015
33040  -40.853  -71.795  23.692 0.1000000015
33052  -40.568  -71.370  22.031 0.1000000015
33053  -40.726  -71.873  21.841 0.1000000015
33934  -34.419  -70.577  35.472 0.1000000015
33937  -36.860  -71.181  35.228 0.1000000015
33946  -32.879  -70.513  34.463 0.2000000030
33948  -34.916  -70.134  34.975 0.2000000030
33964  -38.800  -70.424  33.662 0.1000000015
33975  -31.680  -70.783  31.861 0.2000000030
33976  -31.815  -70.669  32.703 0.3000000119
33978  -40.601  -70.203  32.892 0.1000000015
33988  -31.732  -70.662  31.228 0.3000000119
34037  -32.807  -70.770  28.016 0.3000000119
34053  -32.719  -70.144  27.002 0.3000000119
34073  -35.294  -70.288  25.232 0.4000000060
34074  -36.070  -69.962  25.095 0.3000000119
34085  -39.177  -70.069  24.129 0.1000000015
34087  -39.566  -70.295  23.741 0.1000000015
34088  -39.919  -70.785  23.771 0.1000000015
34105  -39.874  -70.599  23.146 0.1000000015
35030  -33.930  -69.654  34.268 0.2000000030
35032  -35.513  -69.839  34.471 0.2000000030
35033  -36.176  -70.115  34.468 0.2000000030
35041  -32.604  -69.621  33.381 0.2000000030
35042  -33.288  -69.608  33.890 0.2000000030
35046  -37.236  -69.577  33.545 0.2000000030
35061  -38.749  -69.009  32.807 0.1000000015
35075  -31.835  -69.508  32.040 0.2000000030
35091  -31.740  -70.198  31.077 0.3000000119
35092  -31.765  -69.469  30.907 0.3000000119
35136  -33.467  -69.450  26.228 0.2000000030
35171  -39.104  -68.992  23.593 0.1000000015
35202  -40.150  -69.833  21.830 0.1000000015
35211  -40.594  -69.747  21.127 0.1000000015
35213  -41.831  -69.306  20.195 0.1000000015
36145  -32.448  -69.354  33.065 0.2000000030
36146  -32.824  -69.072  33.309 0.2000000030
36149  -35.650  -68.813  33.581 0.3000000119
36163  -32.966  -68.471  32.940 0.3000000119
36165  -35.208  -68.216  33.344 0.3000000119
36203  -41.796  -68.247  30.215 0.1000000015
36263  -36.281  -68.421  25.112 0.2000000030
36292  -39.228  -68.372  23.107 0.1000000015
36314  -40.108  -68.372  21.799 0.1000000015
36335  -39.925  -69.163  22.006 0.1000000015
36337  -41.009  -68.412  21.024 0.1000000015
36346  -42.309  -68.616  20.168 0.1000000015
37325  -34.103  -68.213  33.270 0.3000000119
37326  -34.625  -68.015  33.253 0.3000000119
37335  -32.532  -68.334  32.376 0.3000000119
37337  -34.043  -67.644  32.889 0.3000000119
37342  -38.920  -67.709  31.945 0.1000000015
37362  -33.033  -67.349  31.958 0.3000000119
37366  -40.007  -67.413  30.934 0.1000000015
37422  -32.673  -66.631  27.717 0.2000000030
37434  -32.880  -67.008  27.058 0.1000000015
37451  -34.486  -67.247  25.971 0.2000000030
37547  -41.933  -67.967  20.510 0.1000000015
38523  -33.580  -67.262  32.309 0.3000000119
38527  -37.115  -66.830  31.967 0.2000000030
38548  -32.727  -67.249  31.428 0.3000000119
38551  -35.615  -66.319  31.639 0.2000000030
38567  -34.904  -65.920  30.952 0.1000000015
38573  -39.797  -66.632  30.145 0.1000000015
38578  -32.668  -66.402  29.808 0.3000000119
38580  -38.756  -66.128  29.913 0.1000000015
38590  -32.515  -66.378  28.844 0.2000000030
38605  -32.649  -66.283  28.153 0.1000000015
38606  -32.959  -66.122  27.639 0.1000000015
38663  -37.285  -66.637  24.402 0.1000000015
38664  -37.635  -67.168  24.187 0.1000000015
39673  -34.439  -65.592  30.293 0.1000000015
39678  -38.402  -65.964  29.921 0.1000000015
39684  -32.958  -65.819  29.259 0.2000000030
39685  -33.720  -65.418  29.629 0.2000000030
39689  -37.372  -65.314  29.670 0.1000000015
39690  -38.457  -65.516  29.444 0.1000000015
39699  -33.269  -65.347  28.730 0.2000000030
39701  -38.958  -65.222  28.878 0.1000000015
39714  -34.073  -64.956  27.184 0.1000000015
39729  -33.755  -65.505  27.025 0.1000000015
39730  -34.418  -65.338  26.552 0.1000000015
39752  -35.533  -65.506  25.652 0.1000000015
39772  -37.529  -65.543  24.308 0.2000000030
39792  -37.883  -65.850  23.933 0.2000000030
39794  -39.038  -65.543  23.151 0.1000000015
40764  -34.176  -64.831  29.222 0.1000000015
40767  -36.767  -64.651  29.408 0.1000000015
40775  -35.336  -64.258  28.906 0.1000000015
40781  -40.846  -64.734  27.968 0.1000000015
40786  -33.942  -64.642  28.166 0.1000000015
40788  -40.612  -64.227  27.869 0.1000000015
40805  -35.037  -64.512  26.437 0.1000000015
40825  -36.784  -64.036  25.164 0.1000000015
40826  -44.882  -63.776  25.611 0.1000000015
40888  -39.425  -64.686  23.002 0.1000000015
40906  -40.504  -64.961  22.072 0.1000000015
41811  -35.047  -64.100  28.518 0.1000000015
41816  -39.561  -63.770  28.178 0.1000000015
41817  -40.173  -63.904  27.964 0.1000000015
41821  -34.875  -63.961  28.112 0.1000000015
41827  -42.310  -63.192  26.916 0.1000000015
41840  -34.876  -63.991  27.486 0.1000000015
41843  -43.077  -63.283  26.580 0.1000000015
41844  -43.795  -63.383  26.195 0.1000000015
41864  -36.649  -63.536  25.525 0.1000000015
41866  -45.343  -63.280  25.425 0.1000000015
41884  -37.678  -63.661  24.551 0.1000000015
41906  -39.879  -62.984  23.011 0.1000000015
41927  -39.773  -64.155  22.809 0.1000000015
42934  -39.092  -63.058  28.110 0.1000000015
42935  -39.579  -63.226  27.974 0.1000000015
42940  -38.714  -62.314  27.805 0.1000000015
42958  -37.277  -62.075  26.786 0.1000000015
42960  -42.550  -62.378  26.658 0.1000000015
42980  -37.261  -62.515  25.633 0.1000000015
44132  -37.774  -61.844  27.136 0.1000000015
44133  -38.302  -61.744  27.299 0.1000000015
44154  -41.478  -61.390  26.793 0.1000000015
44155  -42.281  -61.443  26.522 0.1000000015
44173  -38.074  -61.560  25.940 0.1000000015
44214  -39.479  -61.464  24.018 0.1000000015
45384  -39.943  -60.628  26.325 0.1000000015
45401  -38.719  -61.086  25.700 0.1000000015
45402  -39.377  -60.639  25.594 0.1000000015
46486  -41.569  -59.751  25.334 0.1000000015
46504  -40.936  -59.716  24.911 0.1000000015
46525  -41.009  -59.807  24.137 0.1000000015
