#!ascii label  , from subject tim vox2ras=TkReg
4737
1651  5.427  -104.110  5.582 0.6999999881
1192  5.014  -104.376  5.288 0.6000000238
2241  5.588  -103.219  5.136 0.6000000238
2257  5.358  -102.933  4.167 0.6999999881
1663  5.080  -103.699  4.409 0.6000000238
2276  4.400  -103.036  3.716 0.6000000238
2243  3.738  -102.593  4.952 0.3000000119
2946  3.206  -101.863  4.837 0.3000000119
2948  1.291  -101.653  4.467 0.3000000119
2259  3.303  -102.306  3.992 0.5000000000
2947  2.483  -101.581  4.562 0.3000000119
2262  0.141  -102.320  4.212 0.3000000119
2260  2.161  -102.174  3.750 0.5000000000
438  -2.559  -106.148  4.521 0.4000000060
439  -3.381  -106.192  4.452 0.4000000060
441  -4.937  -106.024  4.504 0.6000000238
2224  5.590  -103.517  6.184 0.8000000119
2911  5.515  -102.578  6.023 0.8000000119
2912  5.293  -101.738  5.785 0.8000000119
2931  5.262  -101.534  4.881 0.8000000119
2930  5.581  -102.270  4.813 0.6999999881
2956  5.109  -102.771  3.496 0.6999999881
148908  4.194  -102.604  2.686 0.8000000119
1694  4.795  -103.193  3.245 0.6000000238
2258  4.313  -102.873  4.128 0.5000000000
1682  4.328  -103.019  2.924 0.8000000119
2277  3.785  -102.943  3.283 0.6000000238
2278  2.754  -102.785  3.111 0.5000000000
1683  3.143  -103.033  2.590 0.6000000238
2279  1.740  -102.948  3.264 0.5000000000
2261  1.262  -102.401  3.833 0.3000000119
2995  3.466  -102.663  2.164 0.8000000119
1210  0.888  -104.352  3.080 0.4000000060
1667  -0.824  -103.360  4.017 0.3000000119
148907  2.144  -103.702  2.119 0.8000000119
792  0.988  -104.777  2.537 0.6000000238
765  -0.213  -104.781  3.781 0.4000000060
753  -1.476  -105.557  4.496 0.3000000119
2300  2.280  -103.061  1.666 0.8999999762
1702  1.406  -103.651  1.772 0.8000000119
452  0.458  -104.826  2.810 0.6000000238
1231  1.260  -104.327  2.076 0.8000000119
809  -0.163  -104.741  2.560 0.6999999881
470  -2.094  -105.363  3.146 0.6000000238
456  -2.789  -105.754  3.803 0.6000000238
1233  -0.955  -104.243  2.048 0.8999999762
469  -1.094  -105.448  3.034 0.6000000238
458  -4.311  -105.700  4.035 0.6999999881
1220  -1.600  -104.641  2.349 0.8000000119
780  -2.674  -105.339  3.228 0.6999999881
1221  -2.483  -104.550  2.192 0.8999999762
797  -3.004  -104.966  2.768 0.8000000119
783  -5.288  -105.118  3.450 0.6999999881
1223  -4.233  -104.578  1.905 0.8000000119
800  -5.603  -104.698  2.739 0.6999999881
3514  3.794  -101.602  9.454 1.0000000000
2869  4.321  -101.828  8.252 0.8000000119
3553  4.189  -101.388  8.443 0.8999999762
3574  4.503  -101.380  7.796 0.8999999762
2890  4.992  -101.892  7.109 0.8000000119
3575  4.589  -101.073  6.877 0.8999999762
3589  4.257  -100.562  5.933 0.8000000119
3588  4.892  -101.146  5.593 0.8999999762
3605  5.050  -101.412  4.285 0.8999999762
148909  4.615  -101.995  3.264 0.8999999762
4256  2.522  -100.022  5.859 1.0000000000
3646  3.498  -101.808  2.566 0.8999999762
2996  2.395  -102.199  1.824 1.0000000000
1197  -1.540  -104.419  4.458 0.3000000119
1703  0.605  -103.449  1.774 0.8999999762
1232  0.207  -103.998  1.901 0.8000000119
1234  -1.981  -104.260  1.657 0.8999999762
1235  -3.022  -104.379  1.431 0.8999999762
1237  -4.535  -104.507  0.985 0.8999999762
1224  -5.118  -104.600  1.801 0.8000000119
1211  -6.317  -104.426  2.774 0.8000000119
1686  -7.528  -103.838  3.138 0.6999999881
1239  -6.494  -104.261  0.911 0.8999999762
1226  -6.834  -103.993  1.957 0.8000000119
1704  -7.763  -103.690  1.183 0.8000000119
1696  -8.534  -103.192  2.340 0.8000000119
1252  -6.211  -104.427  -0.035 0.8999999762
1240  -7.081  -103.992  1.008 0.8999999762
2819  4.379  -101.737  11.539 1.0000000000
3498  3.138  -100.861  11.076 1.0000000000
2808  3.357  -101.161  12.473 1.0000000000
3515  3.877  -101.441  10.322 1.0000000000
2838  1.802  -101.218  10.696 1.0000000000
3533  4.015  -101.293  9.114 1.0000000000
3555  3.396  -100.553  8.282 1.0000000000
3576  3.884  -100.581  7.101 0.8999999762
3577  2.998  -100.166  6.980 1.0000000000
3556  2.254  -100.413  8.292 0.8999999762
3578  1.635  -100.062  7.013 1.0000000000
3557  0.858  -100.227  8.429 1.0000000000
4270  3.789  -100.329  5.821 1.0000000000
148914  3.867  -100.312  5.237 0.8999999762
148911  3.576  -101.160  3.386 0.8999999762
148912  3.717  -100.564  4.339 0.8999999762
148915  2.477  -99.952  5.026 1.0000000000
3606  1.351  -100.167  5.292 1.0000000000
1668  -1.950  -103.302  4.231 0.3000000119
148913  2.744  -100.385  4.095 1.0000000000
1198  -2.642  -104.169  4.328 0.3000000119
3647  2.585  -101.269  2.497 1.0000000000
2970  3.009  -101.998  2.166 1.0000000000
3669  1.845  -101.624  2.201 1.0000000000
2997  1.296  -102.135  1.912 1.0000000000
2301  1.343  -102.845  1.650 1.0000000000
2319  -0.783  -103.538  1.879 1.0000000000
1245  -0.845  -104.016  1.852 0.8999999762
2335  -1.287  -103.341  1.623 1.0000000000
1734  -2.481  -103.792  0.721 0.8999999762
1247  -2.389  -104.412  1.044 0.8999999762
1725  -2.895  -103.867  0.153 0.8999999762
1248  -3.189  -104.261  0.668 0.8999999762
1250  -4.746  -104.430  0.142 0.8999999762
1274  -3.766  -104.030  -0.225 0.8999999762
1238  -5.510  -104.472  0.751 0.8999999762
1266  -4.940  -104.348  -0.568 0.8999999762
2957  -10.581  -101.613  3.295 0.5000000000
2958  -11.546  -101.307  3.804 0.6000000238
2959  -12.673  -102.234  4.019 0.4000000060
1251  -5.431  -104.447  -0.137 0.8999999762
1268  -6.657  -104.401  -0.869 0.8999999762
2307  -9.114  -102.762  1.909 0.8000000119
2290  -9.604  -102.392  2.513 0.8000000119
1253  -7.350  -104.225  0.120 0.8999999762
1705  -8.804  -103.179  1.093 0.8999999762
2308  -9.627  -102.407  1.221 0.8000000119
3008  -9.939  -101.886  2.057 0.6000000238
1715  -8.318  -103.876  0.144 1.0000000000
1706  -9.198  -102.934  0.645 1.0000000000
2328  -9.909  -102.256  0.361 1.0000000000
3024  -10.373  -101.672  0.306 0.6999999881
1727  -8.975  -103.522  -0.552 1.0000000000
2344  -9.913  -102.309  -0.622 1.0000000000
3688  -10.849  -100.892  -0.681 0.6999999881
3040  -10.649  -101.335  -1.383 0.6999999881
2807  4.713  -101.274  12.292 0.8999999762
3465  4.606  -101.189  12.634 1.0000000000
3497  3.592  -100.847  11.383 1.0000000000
3516  3.698  -100.929  10.520 0.8999999762
2822  1.692  -101.474  11.634 1.0000000000
2839  1.192  -101.249  11.173 1.0000000000
3517  3.264  -100.789  10.688 1.0000000000
2853  2.207  -100.973  10.075 1.0000000000
3518  1.235  -100.901  10.105 1.0000000000
3535  2.927  -100.619  9.694 0.8999999762
3536  1.659  -100.661  9.462 1.0000000000
3537  0.346  -100.547  9.651 1.0000000000
3558  0.174  -100.310  8.907 1.0000000000
148921  0.592  -99.978  7.555 1.0000000000
756  -2.865  -105.086  5.464 0.3000000119
1184  -3.278  -104.706  5.012 0.3000000119
3648  1.407  -101.222  2.748 1.0000000000
3028  -0.155  -102.902  1.994 1.0000000000
3030  -1.363  -102.989  1.585 1.0000000000
2336  -2.145  -103.098  1.133 1.0000000000
1735  -3.152  -103.907  0.331 0.8999999762
1737  -4.772  -103.747  -1.020 0.8999999762
3635  -11.867  -100.527  3.140 0.6000000238
3636  -12.694  -100.755  3.689 0.5000000000
1267  -5.763  -104.408  -0.761 0.8999999762
2984  -10.977  -100.860  2.576 0.6000000238
4331  -13.384  -99.621  2.672 0.6000000238
1269  -7.544  -104.272  -1.135 1.0000000000
3009  -10.434  -101.353  1.522 0.6000000238
3010  -10.902  -100.863  1.889 0.6999999881
4330  -13.048  -99.451  2.318 0.6999999881
4341  -13.879  -99.527  1.989 0.5000000000
1726  -8.362  -104.023  -0.975 1.0000000000
1740  -8.911  -103.342  -1.757 1.0000000000
3672  -11.278  -100.381  1.551 0.6999999881
4340  -12.439  -99.504  1.578 0.6999999881
4355  -13.335  -99.021  0.578 0.6999999881
2360  -9.648  -102.695  -1.557 1.0000000000
3681  -11.177  -100.454  0.230 0.6999999881
4353  -11.589  -99.807  -0.031 0.6999999881
4354  -12.232  -99.250  0.203 0.6999999881
5112  -13.304  -98.580  -0.887 0.5000000000
2361  -10.292  -102.055  -1.722 0.8999999762
3689  -11.222  -100.162  -0.703 0.6000000238
4371  -11.710  -99.481  -0.672 0.6000000238
4372  -12.277  -98.977  -0.701 0.6000000238
5111  -12.641  -98.612  -0.909 0.6000000238
2375  -10.324  -101.920  -2.754 0.8999999762
3047  -10.658  -101.313  -2.246 0.8000000119
3695  -11.240  -99.730  -1.577 0.6999999881
4390  -11.763  -99.038  -1.306 0.6000000238
4391  -12.250  -98.696  -1.225 0.6000000238
2786  4.039  -101.181  13.247 1.0000000000
3482  4.031  -100.833  12.271 1.0000000000
2809  2.380  -101.538  12.466 1.0000000000
2100  2.610  -102.383  15.637 1.0000000000
2768  2.558  -101.975  14.433 1.0000000000
2787  3.031  -101.521  13.381 1.0000000000
1445  4.358  -103.932  20.979 0.8999999762
1478  4.247  -103.554  18.791 1.0000000000
2046  4.183  -102.948  19.059 1.0000000000
2082  3.035  -102.644  16.714 1.0000000000
2788  1.867  -101.763  13.417 1.0000000000
1461  4.323  -103.237  19.773 0.8999999762
2065  3.891  -102.653  17.920 1.0000000000
3519  0.633  -101.021  10.730 1.0000000000
1994  4.414  -102.995  21.636 0.8000000119
2029  4.129  -102.659  19.825 1.0000000000
4225  -0.286  -100.274  9.173 1.0000000000
2010  4.519  -102.766  20.717 0.8999999762
2047  3.937  -102.688  18.974 1.0000000000
2066  3.235  -102.713  17.811 1.0000000000
3538  -0.884  -100.234  9.922 1.0000000000
2011  4.186  -102.187  20.415 1.0000000000
2048  3.260  -102.434  19.084 1.0000000000
148924  0.310  -100.087  8.088 1.0000000000
148918  0.118  -99.992  6.330 1.0000000000
4303  0.141  -100.136  5.612 1.0000000000
3624  1.860  -100.826  3.705 1.0000000000
3607  0.141  -100.299  4.776 1.0000000000
3625  0.823  -100.755  3.902 1.0000000000
2972  0.768  -101.768  2.443 1.0000000000
3649  0.289  -101.116  2.987 1.0000000000
3626  -0.241  -100.700  3.843 1.0000000000
8598  1.504  -95.333  2.471 1.0000000000
7520  1.969  -95.885  2.235 1.0000000000
7501  2.578  -95.452  2.678 1.0000000000
6576  2.244  -96.227  1.518 0.8999999762
6591  1.790  -96.671  1.103 1.0000000000
6592  0.870  -96.800  1.121 1.0000000000
3016  0.198  -102.714  1.939 1.0000000000
2998  0.073  -102.341  2.213 1.0000000000
3000  -2.008  -102.327  1.842 1.0000000000
6590  2.163  -96.559  0.759 0.8000000119
6608  1.276  -97.167  0.689 1.0000000000
5796  0.692  -97.459  0.765 1.0000000000
3018  -1.787  -102.777  1.486 1.0000000000
2321  -3.166  -102.985  0.680 1.0000000000
7565  2.351  -96.189  0.206 0.8999999762
6606  2.084  -96.983  -0.102 0.8999999762
5810  1.956  -97.263  -0.827 0.6999999881
5812  1.069  -97.858  0.318 0.8999999762
5084  -0.045  -98.434  -0.000 0.8999999762
2337  -3.148  -103.088  0.668 0.8999999762
5820  2.110  -97.249  -1.549 0.6999999881
5099  1.561  -98.236  -1.741 0.6999999881
5101  0.416  -98.919  -1.012 0.8999999762
2354  -4.409  -103.409  -0.281 1.0000000000
5833  1.768  -97.772  -2.137 0.6999999881
4366  0.032  -99.219  -1.605 0.8000000119
1738  -5.340  -103.895  -1.310 0.8999999762
5116  1.547  -98.519  -2.457 0.6999999881
4382  1.230  -98.846  -2.326 0.8000000119
5102  -0.816  -99.183  -1.034 1.0000000000
5119  -1.846  -99.171  -1.643 1.0000000000
1747  -5.806  -103.506  -1.508 1.0000000000
1278  -6.884  -104.254  -1.674 1.0000000000
4400  1.588  -98.863  -3.123 0.8000000119
4401  0.822  -99.183  -3.115 0.8000000119
5118  -1.208  -99.305  -1.740 1.0000000000
1739  -7.969  -103.893  -1.759 1.0000000000
1750  -7.986  -103.314  -2.286 1.0000000000
5144  1.555  -98.372  -3.453 0.6000000238
4419  1.095  -99.125  -3.832 0.6999999881
4402  -0.138  -99.391  -3.064 0.8999999762
5133  -2.432  -99.017  -1.909 1.0000000000
4420  0.290  -99.391  -3.856 0.6999999881
4403  -1.151  -99.538  -2.966 0.8999999762
4421  -0.671  -99.500  -3.863 1.0000000000
4422  -1.722  -99.406  -3.825 1.0000000000
2374  -9.696  -102.517  -2.610 1.0000000000
3054  -10.553  -101.251  -3.385 0.8000000119
3701  -10.888  -100.258  -2.572 0.6999999881
5125  -11.937  -98.575  -1.694 0.5000000000
5126  -12.611  -98.337  -1.608 0.6000000238
5127  -13.642  -98.446  -2.004 0.5000000000
3708  -10.619  -100.374  -3.628 0.6999999881
4411  -11.036  -99.470  -2.600 0.6999999881
4412  -11.275  -98.949  -2.133 0.6000000238
5146  -11.200  -98.547  -3.012 0.5000000000
5137  -11.909  -98.145  -2.413 0.5000000000
2766  4.443  -101.565  14.195 1.0000000000
2110  3.425  -102.082  15.014 1.0000000000
2080  4.201  -102.685  16.850 1.0000000000
2081  3.839  -102.519  16.835 1.0000000000
2810  1.217  -101.577  12.518 1.0000000000
2031  3.317  -102.121  19.829 1.0000000000
148928  -0.747  -100.035  8.601 1.0000000000
148919  0.752  -99.935  6.686 1.0000000000
148926  -0.605  -100.037  8.272 1.0000000000
148920  -0.042  -99.911  7.210 1.0000000000
4285  -0.466  -100.049  6.109 1.0000000000
7522  0.015  -95.378  2.222 1.0000000000
7523  -1.040  -95.388  2.607 1.0000000000
4304  -0.534  -100.139  5.430 1.0000000000
8580  1.808  -95.115  3.220 1.0000000000
8599  0.885  -94.957  2.495 1.0000000000
7545  0.203  -95.938  1.904 1.0000000000
7521  0.950  -95.550  2.066 1.0000000000
6593  -0.150  -96.691  1.767 1.0000000000
3627  -1.231  -100.785  3.831 1.0000000000
3651  -1.763  -101.266  3.092 1.0000000000
7502  2.394  -95.401  2.934 1.0000000000
7544  0.926  -96.062  1.536 1.0000000000
6594  -1.024  -96.748  2.262 1.0000000000
5798  -1.394  -97.400  1.849 1.0000000000
2974  -1.368  -101.894  2.602 1.0000000000
2975  -2.366  -101.867  2.438 1.0000000000
7519  2.591  -95.782  1.994 0.8999999762
7542  2.457  -96.058  1.223 0.6999999881
5797  -0.136  -97.530  1.118 1.0000000000
5065  -0.233  -98.054  0.677 1.0000000000
2976  -3.367  -101.820  2.376 1.0000000000
3001  -3.141  -102.293  1.677 1.0000000000
8597  2.779  -95.271  2.569 0.8999999762
7587  2.367  -95.987  -1.179 0.6000000238
6643  2.427  -96.690  -1.949 0.5000000000
7620  2.142  -95.965  -2.601 0.4000000060
5067  -2.370  -98.047  1.154 1.0000000000
3019  -2.567  -102.779  1.171 1.0000000000
2303  -3.184  -102.857  0.924 0.8999999762
2305  -4.644  -102.613  1.026 1.0000000000
2324  -5.484  -102.598  0.317 1.0000000000
5086  -2.132  -98.577  0.227 1.0000000000
2338  -3.745  -103.226  0.359 0.8999999762
2323  -4.473  -102.930  0.319 1.0000000000
2325  -6.441  -102.392  -0.174 1.0000000000
9703  2.879  -94.915  2.395 0.8000000119
5846  1.773  -97.383  -2.858 0.5000000000
2355  -4.966  -103.202  -0.658 1.0000000000
2356  -5.687  -102.932  -0.935 1.0000000000
2341  -5.921  -102.726  -0.665 1.0000000000
2342  -6.721  -102.559  -0.913 1.0000000000
5104  -2.919  -98.771  -0.454 1.0000000000
2370  -5.989  -103.131  -1.573 1.0000000000
1748  -6.344  -103.383  -1.838 1.0000000000
2358  -7.327  -102.567  -1.665 1.0000000000
5862  1.282  -97.938  -3.648 0.5000000000
5121  -3.516  -98.756  -1.199 1.0000000000
5135  -3.981  -98.663  -2.030 1.0000000000
1282  -7.199  -103.900  -2.119 1.0000000000
2359  -8.076  -102.032  -1.944 1.0000000000
5134  -3.017  -98.809  -2.014 1.0000000000
1752  -8.718  -102.626  -2.947 1.0000000000
2373  -8.232  -102.352  -2.601 1.0000000000
4404  -2.244  -99.228  -2.670 1.0000000000
4405  -3.410  -98.895  -2.914 1.0000000000
1751  -8.975  -102.892  -2.893 1.0000000000
2380  -9.452  -102.187  -3.599 1.0000000000
2383  -9.412  -101.573  -4.498 1.0000000000
4423  -2.782  -98.997  -3.857 0.8999999762
2381  -10.082  -101.970  -3.588 0.8999999762
3068  -9.811  -101.211  -5.107 0.8999999762
5875  -12.721  -97.171  -4.118 0.5000000000
3714  -10.450  -100.842  -4.230 0.6999999881
5156  -9.926  -98.659  -4.679 0.6000000238
5873  -10.865  -98.065  -3.573 0.6000000238
5856  -12.260  -97.822  -2.911 0.5000000000
4429  -10.753  -99.379  -3.299 0.6000000238
2767  3.690  -101.625  14.241 1.0000000000
2109  4.136  -101.891  15.055 1.0000000000
2099  3.673  -102.344  15.835 1.0000000000
975  3.727  -104.305  21.067 0.6000000238
2757  1.748  -102.145  15.131 1.0000000000
2769  1.274  -101.888  14.370 1.0000000000
1996  2.875  -102.167  22.194 0.4000000060
1434  4.037  -103.885  21.476 0.5000000000
2049  2.356  -102.484  18.529 1.0000000000
2067  2.332  -102.686  17.583 1.0000000000
2789  0.667  -101.648  13.450 1.0000000000
2811  0.081  -101.479  12.562 1.0000000000
3499  -0.164  -101.078  11.274 1.0000000000
1986  3.852  -102.230  22.472 0.6999999881
2758  0.747  -102.009  15.425 1.0000000000
3500  -0.991  -100.738  11.623 1.0000000000
3520  -0.533  -100.630  10.715 1.0000000000
2658  4.211  -102.075  22.232 0.6999999881
2693  3.845  -101.421  20.750 1.0000000000
2719  2.921  -101.927  19.756 1.0000000000
148927  -0.817  -100.031  9.061 1.0000000000
8601  -1.013  -94.553  2.863 1.0000000000
4286  -1.026  -100.008  6.009 1.0000000000
8566  1.379  -94.427  4.049 0.8999999762
9670  0.689  -94.145  3.783 1.0000000000
8582  0.059  -94.134  2.957 1.0000000000
9689  -0.903  -93.927  3.075 1.0000000000
6579  -1.594  -96.333  2.582 1.0000000000
4305  -1.306  -100.007  5.305 1.0000000000
3608  -0.799  -100.351  4.623 1.0000000000
9671  -0.023  -93.770  3.475 1.0000000000
6578  -0.629  -96.080  2.189 1.0000000000
3652  -2.768  -101.233  3.022 1.0000000000
8565  2.095  -94.847  4.537 0.8999999762
5783  -1.537  -96.908  2.385 1.0000000000
3609  -1.725  -100.345  4.538 1.0000000000
7606  2.218  -95.239  -1.963 0.4000000060
3653  -3.788  -101.183  2.991 1.0000000000
8626  2.320  -95.656  0.402 0.6999999881
8675  1.158  -94.485  -2.797 0.3000000119
3002  -3.986  -102.230  1.658 1.0000000000
3003  -4.919  -102.188  1.710 1.0000000000
8615  2.579  -95.424  1.358 0.6999999881
8638  1.975  -94.743  -0.850 0.4000000060
5068  -3.597  -97.916  1.303 1.0000000000
2978  -5.386  -101.691  2.360 1.0000000000
8627  1.916  -95.163  0.111 0.5000000000
5087  -3.228  -98.418  0.433 1.0000000000
5088  -4.352  -98.375  0.606 1.0000000000
3021  -6.283  -102.168  0.672 1.0000000000
5105  -3.964  -98.622  -0.325 1.0000000000
5122  -4.523  -98.761  -1.143 1.0000000000
2326  -6.971  -102.311  -0.462 1.0000000000
3038  -7.865  -102.032  -1.348 1.0000000000
5136  -4.876  -98.821  -1.971 1.0000000000
2379  -8.981  -101.950  -3.708 1.0000000000
4442  -2.250  -99.025  -4.665 0.8999999762
2385  -9.615  -101.284  -4.912 1.0000000000
5892  -11.963  -96.794  -4.509 0.5000000000
3720  -10.031  -100.647  -5.500 0.8000000119
4448  -9.844  -99.402  -5.046 0.6000000238
5891  -10.638  -97.341  -4.414 0.5000000000
3071  -9.633  -101.093  -5.915 0.8999999762
4463  -9.891  -100.003  -5.467 0.8000000119
5890  -9.759  -97.832  -5.046 0.6000000238
6701  -10.017  -96.221  -5.725 0.6000000238
5181  -8.915  -98.693  -6.194 0.5000000000
6700  -9.123  -96.730  -6.225 0.4000000060
2108  4.590  -102.036  15.017 1.0000000000
2097  4.482  -102.651  15.825 1.0000000000
2098  4.215  -102.360  15.858 1.0000000000
1997  1.588  -102.256  21.566 0.3000000119
2084  1.011  -102.308  16.534 1.0000000000
2770  0.119  -101.679  14.407 1.0000000000
1435  2.956  -103.557  21.482 0.3000000119
2050  1.808  -102.506  18.121 1.0000000000
2101  1.605  -102.326  15.861 1.0000000000
2790  -0.502  -101.499  13.454 1.0000000000
2673  2.639  -100.923  22.377 0.5000000000
2720  2.252  -101.725  19.356 1.0000000000
2812  -1.026  -101.154  12.531 1.0000000000
2660  3.275  -101.200  22.452 0.6999999881
3521  -1.227  -100.445  11.173 1.0000000000
4209  -1.327  -100.256  10.799 1.0000000000
2672  3.989  -100.980  21.738 0.6999999881
3398  3.523  -100.426  21.414 0.8000000119
148929  -1.489  -99.877  9.638 1.0000000000
148930  -1.404  -99.797  8.604 1.0000000000
4271  -1.131  -99.767  7.007 1.0000000000
8583  -1.755  -94.313  3.238 1.0000000000
7503  -1.694  -95.036  2.984 1.0000000000
4287  -1.719  -99.721  6.031 1.0000000000
4241  -2.189  -99.590  7.950 1.0000000000
9652  0.664  -93.967  4.436 0.8999999762
9653  -0.377  -93.541  4.506 1.0000000000
9654  -1.535  -93.106  4.492 1.0000000000
9673  -2.113  -93.678  3.706 1.0000000000
6580  -2.561  -96.397  3.065 1.0000000000
5784  -2.219  -96.944  2.557 1.0000000000
8579  2.633  -94.989  3.584 0.8999999762
8674  1.757  -94.510  -2.471 0.4000000060
5799  -2.837  -97.524  2.091 1.0000000000
5800  -4.088  -97.476  2.166 1.0000000000
3629  -3.229  -100.766  3.733 1.0000000000
3654  -4.830  -101.118  2.976 1.0000000000
8655  2.019  -94.509  -1.604 0.4000000060
5069  -4.731  -97.990  1.527 1.0000000000
9704  2.268  -94.593  1.855 0.4000000060
5089  -5.396  -98.503  0.888 1.0000000000
3004  -5.846  -101.996  1.478 1.0000000000
9738  1.656  -94.116  -0.726 0.3000000119
5106  -5.199  -98.698  -0.217 1.0000000000
5107  -5.815  -98.739  0.321 1.0000000000
3022  -7.307  -101.975  0.204 1.0000000000
4367  -5.674  -98.863  -0.572 1.0000000000
4368  -6.220  -98.985  -0.327 1.0000000000
4386  -5.555  -98.930  -1.191 1.0000000000
4387  -6.608  -99.183  -1.567 1.0000000000
3700  -8.608  -100.647  -2.857 1.0000000000
3046  -8.473  -101.467  -2.367 1.0000000000
3053  -8.724  -101.393  -3.399 1.0000000000
3713  -8.382  -100.657  -5.167 1.0000000000
3059  -8.776  -101.269  -4.531 1.0000000000
3719  -8.008  -100.768  -5.839 1.0000000000
3066  -8.635  -101.104  -5.605 1.0000000000
4461  -7.408  -100.002  -6.006 1.0000000000
4475  -7.441  -100.071  -6.760 0.8000000119
3069  -8.387  -100.945  -6.332 1.0000000000
3073  -9.139  -100.842  -6.466 0.8000000119
4477  -9.363  -99.809  -6.176 0.6000000238
7659  -11.179  -95.501  -5.922 0.3000000119
7646  -10.224  -95.654  -5.974 0.5000000000
3729  -8.295  -100.154  -7.000 0.6000000238
5180  -8.401  -98.628  -6.746 0.5000000000
6714  -9.432  -95.994  -6.296 0.4000000060
5919  -8.620  -97.590  -6.452 0.5000000000
2732  -0.527  -101.667  17.232 1.0000000000
2744  0.050  -101.875  16.369 1.0000000000
2771  -1.007  -101.511  14.397 1.0000000000
2674  1.945  -101.198  21.917 0.4000000060
2721  1.176  -102.022  18.643 1.0000000000
2731  0.491  -102.038  17.438 1.0000000000
2068  1.428  -102.481  17.518 1.0000000000
2711  2.636  -101.303  19.868 1.0000000000
3483  -1.609  -100.599  12.226 1.0000000000
3399  3.150  -100.435  20.792 0.8999999762
2710  3.251  -101.585  20.218 1.0000000000
4191  -1.939  -99.828  10.640 1.0000000000
4257  -2.034  -99.618  7.289 1.0000000000
148931  -2.445  -99.526  10.021 1.0000000000
7504  -2.418  -95.172  3.405 1.0000000000
148932  -2.762  -99.432  9.087 1.0000000000
6565  -2.883  -95.924  3.531 1.0000000000
8554  1.398  -94.542  5.210 0.8999999762
9636  0.456  -93.842  5.639 0.8999999762
8584  -2.693  -94.495  3.645 1.0000000000
9637  -0.714  -93.305  5.444 1.0000000000
9638  -1.478  -92.946  5.405 1.0000000000
10663  -2.182  -92.984  4.546 1.0000000000
9656  -3.276  -93.559  4.262 1.0000000000
10651  -2.723  -92.615  5.316 1.0000000000
10665  -3.387  -92.831  4.749 1.0000000000
9657  -3.968  -93.487  4.624 1.0000000000
5785  -3.506  -96.906  3.123 1.0000000000
4306  -2.191  -99.916  5.224 1.0000000000
3611  -3.710  -100.342  4.447 1.0000000000
5786  -4.881  -97.259  2.939 1.0000000000
4307  -3.174  -99.883  5.156 1.0000000000
9685  2.898  -94.868  3.058 0.8000000119
3630  -4.266  -100.764  3.726 1.0000000000
9686  2.592  -94.361  2.984 0.4000000060
5070  -5.904  -98.173  2.090 1.0000000000
3631  -5.332  -100.684  3.693 1.0000000000
2979  -6.431  -101.532  2.246 1.0000000000
3656  -6.959  -100.908  2.881 1.0000000000
9722  1.709  -94.439  0.701 0.4000000060
4336  -7.408  -99.191  1.132 1.0000000000
4337  -8.140  -99.614  1.305 1.0000000000
2980  -7.422  -101.281  2.080 1.0000000000
3005  -6.885  -101.803  1.350 1.0000000000
4350  -7.076  -99.132  0.266 1.0000000000
4351  -7.821  -99.588  0.282 1.0000000000
3006  -7.814  -101.512  1.239 1.0000000000
3023  -8.271  -101.402  0.439 1.0000000000
3032  -8.100  -101.761  -0.564 1.0000000000
4369  -7.345  -99.333  -0.675 1.0000000000
3687  -8.621  -100.866  -0.419 1.0000000000
3039  -8.371  -101.508  -1.423 1.0000000000
4407  -5.724  -99.035  -2.615 1.0000000000
4424  -3.936  -98.815  -3.953 0.8999999762
4425  -5.124  -98.951  -3.941 1.0000000000
4410  -8.448  -99.999  -3.212 1.0000000000
4443  -3.335  -98.742  -4.854 0.8999999762
4444  -4.520  -98.775  -5.009 0.8999999762
4447  -7.965  -99.881  -4.916 1.0000000000
3707  -8.552  -100.492  -4.054 1.0000000000
4462  -7.922  -100.399  -5.540 1.0000000000
5190  -7.108  -98.678  -7.378 0.6000000238
7658  -9.948  -95.454  -6.274 0.3000000119
4482  -6.865  -99.395  -7.137 0.8999999762
4483  -7.734  -99.699  -7.124 0.6999999881
5918  -7.994  -97.472  -7.019 0.5000000000
6712  -7.990  -96.803  -7.093 0.5000000000
6713  -8.468  -96.532  -6.816 0.4000000060
2746  -1.734  -101.474  16.050 1.0000000000
2760  -1.393  -101.506  15.304 1.0000000000
2745  -0.954  -101.609  16.234 1.0000000000
2759  -0.409  -101.661  15.356 1.0000000000
2772  -2.051  -101.265  14.451 1.0000000000
3374  2.843  -100.222  22.523 0.5000000000
2722  0.017  -101.454  18.211 1.0000000000
2791  -1.663  -101.082  13.489 1.0000000000
3413  1.488  -100.808  19.227 1.0000000000
2813  -1.733  -100.748  12.779 1.0000000000
4055  3.163  -99.439  22.420 0.6000000238
3405  2.713  -100.539  20.178 1.0000000000
3501  -1.981  -100.131  11.631 1.0000000000
4069  3.459  -99.649  21.894 0.6999999881
4272  -2.206  -99.598  6.748 1.0000000000
9620  0.497  -94.056  6.784 0.8999999762
9621  -0.288  -93.579  6.424 0.8999999762
8567  -3.957  -94.271  4.477 1.0000000000
6581  -3.185  -96.392  3.447 1.0000000000
4288  -2.659  -99.652  5.961 1.0000000000
4273  -3.158  -99.533  6.728 1.0000000000
4258  -2.716  -99.486  7.429 1.0000000000
10635  -1.989  -92.783  5.890 1.0000000000
4289  -3.663  -99.709  5.942 1.0000000000
10653  -4.438  -92.604  5.519 1.0000000000
9668  2.685  -94.570  3.591 0.8000000119
10652  -3.502  -92.483  5.521 1.0000000000
4308  -4.199  -99.937  5.147 1.0000000000
5802  -5.464  -97.699  2.552 1.0000000000
5788  -6.508  -97.899  3.239 1.0000000000
3612  -4.759  -100.345  4.434 1.0000000000
9754  1.449  -93.677  -2.126 0.4000000060
5053  -6.792  -98.179  2.971 1.0000000000
3632  -6.397  -100.591  3.663 1.0000000000
9705  1.422  -93.750  1.557 0.4000000060
5071  -7.064  -98.674  1.938 1.0000000000
5054  -7.636  -98.925  2.774 1.0000000000
9739  0.829  -93.099  -1.237 0.3000000119
5090  -6.394  -98.856  0.929 1.0000000000
5072  -7.773  -99.222  1.919 1.0000000000
2981  -8.085  -101.059  1.847 1.0000000000
4329  -8.355  -100.286  2.102 1.0000000000
4352  -8.519  -100.047  0.426 1.0000000000
4388  -7.681  -99.449  -1.838 1.0000000000
3693  -8.567  -100.691  -1.710 1.0000000000
4389  -8.373  -99.946  -2.238 1.0000000000
4428  -8.216  -99.714  -3.865 1.0000000000
4457  -2.818  -98.655  -5.389 0.8999999762
4458  -3.964  -98.572  -5.773 0.8999999762
6728  -8.304  -95.860  -7.189 0.4000000060
7657  -8.956  -95.582  -6.754 0.4000000060
3388  1.260  -100.312  21.717 0.1000000015
2747  -2.497  -101.353  16.252 1.0000000000
3387  2.175  -100.223  22.306 0.3000000119
2761  -2.165  -101.413  15.368 1.0000000000
3450  -2.431  -100.950  14.058 1.0000000000
4830  3.298  -98.601  22.133 0.6000000238
3414  0.464  -100.873  19.123 1.0000000000
2792  -2.186  -100.982  13.863 1.0000000000
3406  2.194  -100.587  19.549 1.0000000000
4095  1.784  -99.859  19.200 1.0000000000
3468  -2.542  -100.598  13.521 1.0000000000
3484  -2.307  -100.349  12.599 1.0000000000
4085  3.111  -99.556  21.232 0.8000000119
3502  -2.771  -99.796  12.242 1.0000000000
7489  -4.009  -95.066  4.705 1.0000000000
148934  -3.495  -98.928  10.286 1.0000000000
4226  -3.794  -98.930  9.270 1.0000000000
8542  1.397  -94.533  6.639 0.8999999762
9601  0.012  -93.708  7.427 0.8999999762
7505  -3.354  -95.345  4.030 1.0000000000
9622  -1.174  -93.134  6.221 1.0000000000
10636  -2.751  -92.519  6.265 1.0000000000
4243  -4.335  -98.970  8.426 1.0000000000
8541  2.280  -94.625  7.094 0.8000000119
10638  -4.781  -92.159  6.223 1.0000000000
5768  -3.907  -96.616  3.597 1.0000000000
4259  -3.695  -99.304  7.518 1.0000000000
8553  2.147  -94.715  5.837 0.8000000119
8564  2.468  -94.524  5.041 0.6999999881
5769  -4.431  -96.725  3.661 1.0000000000
5770  -5.654  -96.921  3.972 1.0000000000
4290  -4.703  -99.716  5.917 1.0000000000
9687  1.843  -93.917  2.544 0.3000000119
5771  -6.701  -97.706  3.697 1.0000000000
5772  -7.216  -98.047  3.874 1.0000000000
3613  -5.816  -100.252  4.385 1.0000000000
5043  -7.136  -98.095  3.556 1.0000000000
4321  -7.937  -99.204  3.405 1.0000000000
3615  -7.496  -99.818  4.166 1.0000000000
3633  -7.340  -100.317  3.554 1.0000000000
4328  -8.233  -99.688  2.418 1.0000000000
3657  -8.011  -100.568  2.617 1.0000000000
4338  -8.462  -100.221  1.474 1.0000000000
3679  -8.566  -100.711  0.775 1.0000000000
4370  -8.308  -99.852  -0.888 1.0000000000
4408  -6.975  -99.320  -2.816 1.0000000000
4409  -7.953  -99.517  -2.983 1.0000000000
4445  -5.706  -99.066  -5.073 1.0000000000
4426  -6.345  -99.071  -3.935 1.0000000000
4427  -7.459  -99.354  -3.957 1.0000000000
4460  -6.333  -99.088  -6.046 1.0000000000
4446  -6.939  -99.247  -5.084 1.0000000000
5167  -4.700  -98.541  -6.342 1.0000000000
4459  -5.171  -98.676  -6.019 0.8999999762
4473  -5.746  -98.824  -6.598 0.8999999762
4474  -6.698  -99.431  -6.655 0.8999999762
5177  -3.674  -98.017  -6.620 0.8000000119
4481  -6.193  -98.999  -6.925 0.8999999762
5929  -5.725  -97.702  -7.526 0.6999999881
5930  -6.507  -97.694  -7.564 0.6000000238
6727  -7.736  -96.461  -7.487 0.5000000000
8720  -7.228  -94.569  -7.345 0.5000000000
8721  -8.076  -94.805  -7.119 0.4000000060
4850  1.123  -98.695  22.067 0.2000000030
4833  0.921  -97.877  22.256 0.2000000030
4057  2.060  -99.371  22.460 0.3000000119
5557  1.514  -97.372  22.371 0.3000000119
2733  -1.635  -101.349  17.078 1.0000000000
3439  -2.766  -101.216  16.817 1.0000000000
2748  -3.067  -101.327  15.845 1.0000000000
4831  2.858  -98.471  22.554 0.5000000000
2723  -0.927  -101.239  17.943 1.0000000000
3416  -1.817  -100.708  18.244 1.0000000000
3451  -2.919  -100.953  14.468 1.0000000000
3415  -0.616  -100.808  18.815 1.0000000000
4110  1.013  -99.598  19.125 1.0000000000
3485  -3.274  -99.796  12.867 1.0000000000
4848  3.227  -98.797  21.590 0.6999999881
4867  2.894  -98.509  20.909 0.8000000119
4086  2.701  -99.441  20.480 1.0000000000
4094  2.199  -99.209  19.597 1.0000000000
4109  1.630  -98.956  19.202 1.0000000000
4868  2.463  -98.293  20.075 1.0000000000
9602  -0.788  -93.356  7.016 1.0000000000
10621  -2.839  -92.416  7.213 1.0000000000
6566  -3.863  -96.293  3.983 1.0000000000
8552  2.495  -94.418  6.314 0.6999999881
10637  -3.738  -92.231  6.559 1.0000000000
9624  -6.198  -93.406  6.393 1.0000000000
6567  -4.906  -96.579  4.322 1.0000000000
4276  -6.225  -99.112  6.506 1.0000000000
10691  1.907  -93.508  3.352 0.5000000000
5758  -7.278  -97.884  4.398 1.0000000000
4291  -5.727  -99.537  5.812 1.0000000000
4293  -7.365  -99.033  5.514 1.0000000000
4292  -6.662  -99.362  5.670 1.0000000000
5035  -7.610  -98.334  4.718 1.0000000000
4312  -7.836  -99.121  4.468 1.0000000000
3614  -6.813  -100.098  4.313 1.0000000000
3634  -7.928  -99.811  3.478 1.0000000000
5178  -4.562  -98.401  -6.657 0.8999999762
5179  -5.068  -98.627  -6.727 0.8999999762
3440  -3.410  -101.128  16.459 1.0000000000
6324  1.978  -96.743  22.163 0.4000000060
3428  -2.745  -100.904  17.423 1.0000000000
2762  -2.793  -101.340  15.334 1.0000000000
6322  3.224  -97.154  21.820 0.5000000000
5556  2.454  -97.569  22.401 0.5000000000
4112  -1.110  -99.984  19.132 1.0000000000
3446  -4.247  -100.699  15.639 1.0000000000
3452  -3.860  -100.531  14.682 1.0000000000
5577  3.194  -97.754  21.504 0.5000000000
4111  -0.095  -99.798  19.175 1.0000000000
4096  -0.642  -99.429  19.201 1.0000000000
3470  -4.182  -100.012  14.168 1.0000000000
3486  -3.725  -99.745  13.339 1.0000000000
4879  2.160  -97.959  19.480 0.8999999762
4898  1.890  -97.854  18.975 1.0000000000
4161  -4.051  -99.747  13.649 1.0000000000
148937  -4.111  -99.334  13.064 1.0000000000
4177  -3.646  -99.382  12.594 1.0000000000
148940  -4.511  -98.438  11.607 1.0000000000
148933  -3.575  -99.061  11.845 1.0000000000
148935  -4.151  -98.632  11.076 1.0000000000
7478  -4.653  -95.127  5.326 1.0000000000
6553  -4.177  -95.707  4.859 1.0000000000
4990  -4.588  -98.721  9.165 1.0000000000
8556  -5.305  -93.917  5.672 1.0000000000
4997  -4.613  -98.805  8.785 1.0000000000
10622  -3.380  -92.204  7.300 1.0000000000
11608  -4.655  -91.672  7.631 1.0000000000
10640  -6.263  -92.585  6.629 1.0000000000
6554  -4.747  -96.244  4.981 1.0000000000
9634  2.706  -94.127  5.515 0.5000000000
11624  -5.209  -91.822  6.839 1.0000000000
5756  -6.080  -96.762  4.567 1.0000000000
4262  -6.354  -98.761  7.029 1.0000000000
4261  -5.787  -98.914  7.395 1.0000000000
9651  2.473  -93.719  4.774 0.5000000000
5757  -6.698  -97.119  4.721 1.0000000000
5746  -7.455  -97.624  5.533 1.0000000000
5015  -7.332  -98.409  6.344 1.0000000000
4277  -6.931  -98.959  6.173 1.0000000000
10677  1.448  -92.641  3.531 0.4000000060
5025  -7.572  -98.514  5.323 1.0000000000
3429  -3.668  -100.538  17.445 1.0000000000
7270  2.602  -95.652  20.823 0.4000000060
6350  1.379  -96.171  21.792 0.4000000060
3417  -2.958  -100.189  18.274 1.0000000000
3441  -4.313  -100.652  16.644 1.0000000000
4141  -4.755  -100.300  15.608 1.0000000000
6372  3.098  -96.168  19.647 0.6000000238
6348  3.220  -96.476  21.119 0.5000000000
5622  2.729  -96.463  17.923 0.8000000119
5643  1.980  -96.654  17.273 0.8999999762
5644  1.422  -96.833  17.403 1.0000000000
4881  -0.623  -98.860  19.177 1.0000000000
4148  -4.691  -100.057  14.924 1.0000000000
5598  2.599  -97.521  19.456 0.8999999762
5609  2.431  -97.372  18.877 0.8999999762
5624  1.701  -97.277  18.102 1.0000000000
5625  0.914  -97.534  18.168 1.0000000000
4900  0.225  -98.516  19.028 1.0000000000
4880  -0.248  -99.163  19.203 1.0000000000
4162  -4.758  -99.501  13.968 1.0000000000
5597  2.995  -97.333  20.216 0.6999999881
4899  1.239  -98.219  18.892 1.0000000000
8555  -4.883  -94.278  5.374 1.0000000000
148942  -4.942  -98.662  13.128 1.0000000000
148939  -4.664  -98.715  12.879 1.0000000000
148947  -4.896  -98.101  11.998 1.0000000000
7457  -5.850  -95.211  7.040 1.0000000000
148941  -4.908  -98.181  11.530 1.0000000000
7468  -5.228  -95.183  5.985 1.0000000000
6516  -5.900  -95.458  6.982 1.0000000000
6517  -6.246  -95.712  7.411 1.0000000000
148938  -4.699  -98.368  11.177 1.0000000000
8526  1.811  -94.464  8.002 0.6999999881
9600  0.894  -94.277  7.749 0.8999999762
6540  -4.982  -95.623  5.544 1.0000000000
148936  -4.620  -98.542  10.264 1.0000000000
8540  2.409  -94.454  7.527 0.6999999881
10602  -3.071  -92.168  7.870 1.0000000000
6528  -6.346  -96.233  6.580 1.0000000000
6518  -6.941  -96.511  7.664 1.0000000000
11607  -3.798  -91.918  7.579 1.0000000000
6541  -5.603  -96.137  5.686 1.0000000000
6529  -7.218  -96.913  6.474 1.0000000000
5725  -7.236  -97.505  7.585 1.0000000000
5724  -6.863  -97.871  8.028 1.0000000000
5000  -6.557  -98.033  8.493 1.0000000000
4999  -5.858  -98.517  8.449 1.0000000000
10624  -7.189  -92.486  7.507 1.0000000000
6555  -5.630  -96.539  4.795 1.0000000000
6542  -6.543  -96.663  5.541 1.0000000000
5006  -7.313  -98.052  7.052 1.0000000000
5005  -6.619  -98.343  7.498 1.0000000000
11666  0.451  -92.042  2.634 0.3000000119
5735  -7.420  -97.692  6.617 1.0000000000
7291  1.953  -95.350  20.258 0.4000000060
7305  2.646  -95.515  18.966 0.4000000060
3418  -3.921  -99.964  18.225 1.0000000000
3442  -4.981  -100.398  16.681 1.0000000000
7269  3.035  -95.732  20.288 0.5000000000
4098  -1.593  -98.923  19.188 1.0000000000
4113  -2.156  -99.463  19.122 1.0000000000
4142  -5.373  -100.042  15.866 1.0000000000
7326  2.737  -95.378  17.848 0.5000000000
7304  2.932  -95.675  18.804 0.6000000238
6395  2.911  -96.022  17.773 0.8000000119
5645  0.727  -96.910  17.579 1.0000000000
5626  -0.043  -97.242  18.266 1.0000000000
4902  -1.793  -98.252  19.079 1.0000000000
4901  -0.770  -98.133  18.873 1.0000000000
4163  -5.326  -99.137  14.040 1.0000000000
5627  -1.272  -97.239  18.423 1.0000000000
148946  -5.310  -98.234  12.717 1.0000000000
8544  -5.607  -94.426  6.190 1.0000000000
7446  -6.652  -95.586  8.361 1.0000000000
6494  -6.879  -96.374  9.124 1.0000000000
4985  -6.077  -97.575  10.049 1.0000000000
4984  -5.606  -98.022  10.218 1.0000000000
8525  2.584  -94.592  8.119 0.6999999881
9580  1.351  -94.322  8.685 0.6999999881
9582  -0.666  -93.336  7.813 1.0000000000
10600  -0.993  -92.770  8.613 1.0000000000
10601  -2.254  -92.467  8.134 1.0000000000
8545  -6.194  -94.125  6.634 1.0000000000
8529  -6.856  -94.262  7.556 1.0000000000
8528  -6.203  -94.640  7.102 1.0000000000
6504  -6.912  -96.604  8.617 1.0000000000
5712  -6.818  -97.191  9.269 1.0000000000
9619  2.070  -93.286  6.493 0.5000000000
9618  2.664  -93.988  6.773 0.5000000000
11589  -4.927  -91.446  8.472 1.0000000000
11609  -5.582  -91.639  7.590 1.0000000000
9603  -6.616  -93.807  7.009 1.0000000000
5717  -6.862  -97.529  8.466 1.0000000000
4992  -6.208  -97.936  9.375 1.0000000000
9635  2.412  -93.514  5.663 0.5000000000
9604  -7.330  -93.402  7.567 1.0000000000
4991  -5.310  -98.430  9.399 1.0000000000
10676  1.906  -93.087  4.135 0.5000000000
11654  1.397  -92.385  3.915 0.3000000119
7328  1.692  -95.218  18.470 0.4000000060
7307  1.268  -95.355  19.446 0.4000000060
7271  1.671  -95.638  21.183 0.4000000060
7366  1.401  -95.273  15.318 0.6999999881
6432  0.694  -95.764  15.896 0.8000000119
6417  -0.029  -96.054  16.671 0.8000000119
3419  -4.591  -99.816  18.248 1.0000000000
3430  -4.648  -100.233  17.530 1.0000000000
6412  2.973  -95.745  16.957 0.6000000238
6430  2.388  -95.758  16.020 0.8000000119
6431  1.619  -95.846  15.957 0.8000000119
6397  0.236  -96.513  17.428 1.0000000000
4114  -3.435  -99.442  19.001 1.0000000000
4135  -5.444  -100.144  16.797 1.0000000000
6413  2.812  -96.189  17.002 0.8000000119
6415  1.906  -96.371  16.624 0.8000000119
4903  -3.107  -98.348  19.163 1.0000000000
4115  -4.270  -99.482  18.756 1.0000000000
4126  -4.986  -99.891  18.032 1.0000000000
4136  -6.030  -99.793  16.673 1.0000000000
4143  -6.439  -99.371  15.744 1.0000000000
4150  -6.321  -99.005  15.023 1.0000000000
4149  -5.640  -99.335  14.732 1.0000000000
6398  -0.681  -96.448  17.586 1.0000000000
4137  -6.746  -99.388  16.671 1.0000000000
4930  -6.740  -98.818  15.266 1.0000000000
4940  -6.469  -98.555  14.410 1.0000000000
4939  -5.655  -98.929  14.142 1.0000000000
4949  -5.211  -98.754  13.474 1.0000000000
148949  -7.118  -97.463  13.312 1.0000000000
5671  -6.029  -98.262  13.450 1.0000000000
148948  -7.452  -96.876  12.651 1.0000000000
148945  -7.075  -96.892  12.466 1.0000000000
5695  -6.000  -97.055  11.881 1.0000000000
6469  -7.434  -96.369  11.167 1.0000000000
6468  -6.927  -96.560  11.231 1.0000000000
5696  -6.560  -96.776  10.738 1.0000000000
4971  -5.293  -97.947  11.124 1.0000000000
8495  2.631  -94.675  9.265 0.6999999881
9581  0.313  -93.643  8.695 0.8999999762
10599  -0.306  -93.215  9.500 1.0000000000
6470  -7.709  -96.304  11.246 1.0000000000
7423  -7.284  -95.859  9.844 1.0000000000
6488  -7.046  -96.292  9.931 1.0000000000
4972  -5.914  -97.354  10.704 1.0000000000
9598  2.647  -94.431  8.208 0.6999999881
10579  -2.055  -92.322  9.251 1.0000000000
10580  -2.772  -92.141  8.597 1.0000000000
8498  -7.552  -94.960  9.296 1.0000000000
8497  -6.980  -95.088  8.680 1.0000000000
5704  -6.418  -97.183  10.105 1.0000000000
11588  -4.000  -91.688  8.455 1.0000000000
11590  -5.958  -91.423  8.430 1.0000000000
8513  -7.379  -94.365  8.278 1.0000000000
8481  -8.063  -94.963  9.776 1.0000000000
10662  1.983  -93.134  4.906 0.5000000000
11611  -7.215  -92.022  7.801 1.0000000000
10603  -7.682  -92.420  8.078 1.0000000000
8514  -8.027  -94.190  8.840 1.0000000000
7327  2.405  -95.240  18.163 0.4000000060
7367  0.527  -95.186  15.261 0.8000000119
7344  2.868  -95.048  17.019 0.5000000000
7364  3.042  -94.780  16.186 0.6000000238
6444  2.585  -95.040  15.397 0.6999999881
6418  -1.143  -95.743  16.679 1.0000000000
6399  -1.870  -96.419  17.683 1.0000000000
4883  -3.634  -98.865  19.231 1.0000000000
4101  -4.982  -98.913  19.079 1.0000000000
4116  -5.149  -99.386  18.609 1.0000000000
4128  -6.422  -99.492  17.427 1.0000000000
5628  -2.470  -97.226  18.605 1.0000000000
4129  -7.070  -99.168  17.338 1.0000000000
4932  -7.560  -98.721  16.406 1.0000000000
4941  -7.264  -98.486  15.278 1.0000000000
148950  -8.223  -96.834  13.427 1.0000000000
148951  -7.807  -96.840  12.850 1.0000000000
9578  3.241  -94.413  9.014 0.6999999881
9564  1.403  -94.039  9.544 0.6999999881
11562  -3.090  -91.814  9.291 1.0000000000
6471  -7.959  -96.512  11.882 1.0000000000
9599  2.141  -93.601  7.634 0.6000000238
11564  -5.209  -91.313  9.385 1.0000000000
7416  -8.385  -95.786  10.899 1.0000000000
6472  -8.975  -96.164  12.299 1.0000000000
10648  1.728  -92.757  5.529 0.5000000000
11592  -7.786  -91.849  8.783 1.0000000000
8482  -8.673  -94.818  10.264 1.0000000000
11644  1.372  -92.300  4.505 0.4000000060
11645  0.404  -91.316  4.537 0.3000000119
10604  -8.322  -92.535  8.827 1.0000000000
9584  -8.510  -93.500  9.119 1.0000000000
11656  -0.121  -90.932  3.074 0.2000000030
13605  -0.848  -89.950  2.356 0.1000000015
7329  0.647  -95.456  18.449 0.3000000119
8433  -1.535  -94.086  15.814 0.8999999762
8434  -2.103  -93.661  16.176 0.8999999762
7350  -2.555  -94.925  16.594 1.0000000000
8417  -2.872  -94.182  16.727 1.0000000000
7333  -3.838  -95.309  18.173 1.0000000000
7346  1.374  -95.037  17.648 0.4000000060
149002  2.188  -93.045  14.752 0.8000000119
7368  -0.154  -94.770  15.276 0.8999999762
7369  -1.013  -94.614  15.628 0.8999999762
7349  -1.757  -95.010  16.176 0.8999999762
7332  -3.163  -95.155  17.238 1.0000000000
6401  -4.189  -96.190  18.644 1.0000000000
8411  2.721  -94.647  16.671 0.6000000238
7382  2.162  -94.490  15.133 0.6999999881
7383  1.224  -94.524  14.950 0.8000000119
6433  -0.226  -95.557  15.836 0.8999999762
6419  -2.330  -95.617  16.990 1.0000000000
6400  -3.101  -96.163  17.998 1.0000000000
5630  -4.615  -96.903  19.066 1.0000000000
5611  -5.152  -97.535  19.305 1.0000000000
4885  -4.863  -98.381  19.277 1.0000000000
5629  -3.643  -97.161  18.917 1.0000000000
5610  -4.342  -97.713  19.281 1.0000000000
4906  -5.969  -98.903  18.959 1.0000000000
4118  -6.925  -99.172  18.002 1.0000000000
4119  -7.294  -98.923  17.770 1.0000000000
4904  -3.771  -97.918  19.230 1.0000000000
5664  -8.196  -97.918  15.239 1.0000000000
148952  -8.578  -96.941  14.268 1.0000000000
148956  -9.125  -96.659  14.257 1.0000000000
9565  0.360  -93.579  9.867 1.0000000000
10578  -0.933  -92.557  9.755 1.0000000000
11561  -2.357  -91.917  9.761 1.0000000000
11540  -2.629  -91.709  10.163 1.0000000000
7408  -8.741  -95.940  11.442 1.0000000000
148958  -9.680  -96.050  12.712 1.0000000000
11565  -6.264  -91.248  9.384 1.0000000000
11566  -7.288  -91.364  9.425 1.0000000000
8469  -9.097  -95.174  10.829 1.0000000000
11634  1.010  -92.119  5.173 0.5000000000
11567  -8.265  -91.654  9.420 1.0000000000
10581  -9.007  -92.577  9.687 1.0000000000
9567  -9.269  -93.795  10.152 1.0000000000
7409  -9.437  -95.739  11.857 1.0000000000
12589  0.019  -90.653  4.156 0.2000000030
10582  -9.391  -93.341  10.082 1.0000000000
8470  -9.921  -94.837  11.186 1.0000000000
7402  -9.970  -95.692  12.303 1.0000000000
12606  -0.191  -90.328  3.609 0.1000000015
13606  -1.349  -89.782  2.168 0.1000000015
9467  -3.274  -93.433  17.304 1.0000000000
8396  -3.676  -94.399  17.609 1.0000000000
8412  2.420  -94.896  17.283 0.5000000000
9507  0.629  -93.454  14.883 0.8000000119
8430  2.725  -93.876  15.984 0.6000000238
6402  -4.998  -96.282  18.899 1.0000000000
5631  -5.329  -96.794  19.195 1.0000000000
4886  -5.674  -98.198  19.320 1.0000000000
5612  -6.083  -97.251  19.449 1.0000000000
4907  -6.698  -98.898  18.591 1.0000000000
4887  -6.717  -98.244  19.187 1.0000000000
4908  -7.600  -98.536  18.321 1.0000000000
5646  -8.472  -98.215  17.491 1.0000000000
4924  -7.745  -98.650  16.855 1.0000000000
5655  -8.582  -98.139  16.643 1.0000000000
9563  2.227  -94.078  9.340 0.6999999881
9548  1.379  -93.255  9.972 0.6999999881
5672  -8.935  -97.178  14.951 1.0000000000
10577  -0.226  -93.093  10.194 1.0000000000
6445  -9.398  -97.152  15.613 1.0000000000
10617  1.530  -92.899  7.175 0.5000000000
10563  -0.797  -92.482  10.540 1.0000000000
11542  -4.439  -91.169  10.258 1.0000000000
11543  -5.478  -91.119  10.338 1.0000000000
148959  -10.332  -96.138  14.464 1.0000000000
148960  -10.060  -96.184  13.939 1.0000000000
10632  1.523  -92.747  6.290 0.5000000000
10565  -9.422  -91.982  10.060 1.0000000000
10567  -10.225  -93.444  10.750 1.0000000000
8471  -10.528  -94.593  11.351 1.0000000000
148962  -10.506  -95.577  12.578 1.0000000000
11635  0.310  -91.861  5.653 0.5000000000
13589  -0.750  -89.252  2.954 0.1000000015
13574  -0.489  -88.975  3.843 0.1000000015
9498  -1.241  -92.854  15.847 0.8999999762
9485  -1.954  -92.578  16.420 0.8999999762
10485  -2.867  -92.780  17.158 0.8999999762
9468  -4.057  -93.631  18.255 1.0000000000
8397  -4.316  -94.638  18.436 1.0000000000
8398  -4.746  -94.799  18.904 1.0000000000
148988  1.965  -94.011  16.696 0.6000000238
8432  -0.408  -93.765  15.303 0.8999999762
148995  -0.501  -93.171  15.374 0.8999999762
7334  -4.884  -95.430  18.809 1.0000000000
7311  -5.715  -95.370  19.279 1.0000000000
148996  2.559  -93.715  14.979 0.6999999881
148994  0.162  -92.868  15.083 0.8999999762
148998  2.888  -92.533  15.690 0.6000000238
6383  -5.778  -96.149  19.199 1.0000000000
6384  -6.790  -96.488  19.607 1.0000000000
5613  -7.209  -97.399  19.515 1.0000000000
5632  -8.088  -98.076  18.868 1.0000000000
5634  -9.172  -97.571  18.031 1.0000000000
5647  -8.997  -97.829  17.486 1.0000000000
6435  -9.345  -97.588  16.659 1.0000000000
10546  -0.695  -92.287  11.134 1.0000000000
10547  -1.505  -92.121  11.015 1.0000000000
10564  -1.812  -92.083  10.276 1.0000000000
6453  -10.235  -96.349  15.090 1.0000000000
9579  2.235  -93.753  8.721 0.6000000238
11524  -3.765  -91.169  10.997 1.0000000000
11525  -4.684  -90.964  11.211 1.0000000000
11526  -5.750  -90.966  11.322 1.0000000000
11527  -6.824  -90.819  11.458 1.0000000000
11528  -8.018  -90.811  11.129 1.0000000000
11530  -10.269  -91.471  10.966 1.0000000000
10549  -10.758  -92.692  11.084 1.0000000000
9527  -11.323  -93.603  11.581 1.0000000000
148963  -10.869  -95.725  14.292 1.0000000000
11544  -6.546  -91.072  10.376 1.0000000000
11545  -7.646  -91.072  10.296 1.0000000000
11547  -9.597  -91.588  10.415 1.0000000000
148967  -11.317  -95.098  13.115 1.0000000000
10618  0.642  -92.426  7.695 0.5000000000
11546  -8.806  -91.370  10.166 1.0000000000
8460  -10.931  -94.767  11.902 1.0000000000
11619  0.258  -92.243  6.388 0.4000000060
11646  -0.146  -91.135  4.983 0.3000000119
13555  -0.910  -88.536  4.464 0.1000000015
9451  -4.544  -93.493  19.232 1.0000000000
9452  -5.047  -94.141  19.694 1.0000000000
9434  -5.709  -93.839  20.381 1.0000000000
9435  -6.747  -94.022  20.823 1.0000000000
148989  1.972  -93.432  16.576 0.4000000060
10475  -2.897  -91.891  17.599 0.8999999762
8376  -4.605  -94.287  19.006 1.0000000000
8361  -6.404  -94.563  20.180 1.0000000000
148992  2.664  -92.679  16.190 0.4000000060
10492  -1.220  -91.605  16.299 0.8999999762
10483  -1.725  -91.388  16.827 0.8999999762
8378  -6.114  -94.965  19.613 1.0000000000
8362  -7.350  -94.683  20.483 1.0000000000
12418  0.383  -91.051  15.400 0.8999999762
7312  -6.470  -95.635  19.542 1.0000000000
8380  -7.932  -95.357  20.225 1.0000000000
7313  -7.395  -95.905  19.853 1.0000000000
8381  -9.135  -95.429  20.194 1.0000000000
7314  -8.486  -96.157  19.942 1.0000000000
7315  -9.619  -96.209  19.391 1.0000000000
6385  -7.838  -96.754  19.712 1.0000000000
6386  -8.901  -96.947  19.308 1.0000000000
6387  -9.455  -96.736  19.057 1.0000000000
5614  -8.199  -97.552  19.255 1.0000000000
6404  -9.457  -97.098  18.484 1.0000000000
10544  0.517  -92.238  10.913 0.8999999762
10545  0.135  -92.275  10.998 1.0000000000
11522  -1.587  -91.730  11.620 1.0000000000
6421  -9.864  -96.979  17.650 1.0000000000
7351  -10.501  -96.416  17.458 1.0000000000
10562  0.045  -92.864  10.669 0.8999999762
11501  -3.825  -91.109  12.035 1.0000000000
6420  -9.435  -97.451  17.670 1.0000000000
7370  -10.730  -96.196  16.510 1.0000000000
11523  -2.620  -91.530  11.129 1.0000000000
7386  -10.860  -95.925  15.505 1.0000000000
7371  -11.427  -95.508  16.506 1.0000000000
10575  1.458  -92.761  9.502 0.6999999881
11529  -9.118  -90.928  11.005 1.0000000000
11531  -11.134  -91.650  11.712 1.0000000000
9528  -11.823  -93.741  12.484 1.0000000000
148966  -11.481  -95.203  14.254 1.0000000000
10597  1.474  -92.857  8.418 0.6000000238
148970  -12.039  -94.559  14.699 1.0000000000
148965  -11.766  -94.947  15.522 1.0000000000
10619  0.088  -92.239  7.290 0.4000000060
12590  -0.585  -90.179  4.505 0.1000000015
12591  -1.168  -90.087  4.796 0.1000000015
10454  -4.748  -92.134  20.152 1.0000000000
10455  -5.281  -92.528  20.664 1.0000000000
10441  -5.942  -92.444  21.385 1.0000000000
12387  -3.422  -91.284  18.794 1.0000000000
11433  -4.184  -92.096  19.209 1.0000000000
10467  -4.975  -93.379  19.966 1.0000000000
9422  -6.166  -93.197  21.237 1.0000000000
10443  -7.799  -92.766  22.205 1.0000000000
10444  -8.906  -92.756  22.113 1.0000000000
10476  -3.365  -92.485  17.809 0.8999999762
10477  -4.103  -92.712  18.784 1.0000000000
9423  -7.216  -93.392  21.549 1.0000000000
11439  -2.004  -91.011  17.318 0.8999999762
9436  -7.800  -94.147  21.094 1.0000000000
9424  -8.330  -93.479  21.652 1.0000000000
148997  2.747  -92.241  16.118 0.4000000060
9437  -8.907  -94.070  21.072 1.0000000000
9438  -9.879  -93.807  20.785 1.0000000000
12401  2.728  -91.638  15.936 0.6000000238
12416  2.347  -91.387  15.288 0.6999999881
8363  -8.435  -94.702  20.573 1.0000000000
8364  -9.551  -94.576  20.445 1.0000000000
9453  -10.810  -94.255  19.959 1.0000000000
8382  -10.541  -95.102  19.587 1.0000000000
8399  -10.684  -95.769  18.761 1.0000000000
10560  1.189  -92.412  10.206 0.8000000119
7336  -10.124  -96.454  18.481 1.0000000000
7352  -11.129  -95.764  17.375 1.0000000000
11521  -0.552  -91.668  11.524 0.8999999762
11499  -1.516  -91.243  12.177 1.0000000000
11500  -2.667  -91.191  12.494 1.0000000000
11502  -4.985  -90.799  12.224 1.0000000000
10576  0.949  -92.248  9.245 0.6999999881
11481  -4.383  -90.766  12.802 1.0000000000
11503  -6.021  -90.810  12.168 1.0000000000
12507  -8.364  -90.450  11.908 1.0000000000
11505  -10.590  -90.717  12.082 1.0000000000
10531  -12.134  -92.661  13.294 1.0000000000
9520  -12.130  -94.087  13.793 1.0000000000
10598  0.674  -92.217  8.786 0.4000000060
11620  -0.355  -91.996  6.684 0.3000000119
11636  -0.819  -91.175  5.455 0.2000000030
11637  -1.806  -91.128  5.926 0.2000000030
11424  -4.395  -91.815  19.789 1.0000000000
11412  -4.716  -91.566  20.518 1.0000000000
11413  -5.188  -91.700  20.999 1.0000000000
10442  -6.664  -92.344  22.036 1.0000000000
11430  -2.608  -91.010  17.912 0.8999999762
11431  -3.143  -91.530  18.088 0.8999999762
10434  -7.420  -92.031  22.555 1.0000000000
10435  -8.439  -92.044  22.617 1.0000000000
12392  2.845  -91.171  16.067 0.5000000000
11442  -0.563  -90.730  16.098 0.8999999762
11443  -1.263  -90.858  16.701 0.8999999762
9425  -9.388  -93.332  21.481 1.0000000000
13363  2.576  -90.656  15.740 0.6000000238
13382  2.125  -90.614  15.288 0.8999999762
9439  -10.902  -93.560  20.426 1.0000000000
8383  -11.417  -94.696  18.991 1.0000000000
11519  1.012  -91.040  10.641 0.8000000119
11520  0.565  -91.725  11.056 0.8000000119
9487  -11.860  -94.677  17.615 1.0000000000
8400  -11.356  -95.214  18.302 1.0000000000
11538  1.031  -91.516  10.212 0.8000000119
11480  -3.724  -90.845  13.026 1.0000000000
12465  -4.693  -90.678  13.676 1.0000000000
148968  -12.378  -93.990  16.350 1.0000000000
8418  -11.602  -95.189  17.329 1.0000000000
12466  -5.909  -90.513  13.843 1.0000000000
12492  -6.583  -90.611  12.769 1.0000000000
12494  -8.708  -90.104  12.755 1.0000000000
12495  -9.792  -90.089  12.711 1.0000000000
12496  -10.649  -90.339  12.960 1.0000000000
8435  -11.899  -94.723  16.780 1.0000000000
11558  0.913  -91.470  9.729 0.6999999881
12491  -5.493  -90.689  12.961 1.0000000000
12493  -7.650  -90.376  12.869 1.0000000000
11506  -11.584  -91.219  13.036 1.0000000000
148969  -12.474  -93.855  15.240 1.0000000000
11559  0.580  -91.358  9.373 0.6000000238
11603  0.304  -91.988  8.487 0.3000000119
11604  -0.125  -91.913  7.886 0.3000000119
11621  -1.317  -91.501  6.605 0.2000000030
11605  -0.973  -91.514  7.656 0.2000000030
12378  -4.115  -91.046  19.984 1.0000000000
12377  -3.402  -90.671  19.394 1.0000000000
11399  -6.340  -91.635  22.192 1.0000000000
12385  -2.207  -90.225  18.063 1.0000000000
12386  -2.920  -90.801  18.546 1.0000000000
13349  2.288  -90.080  16.626 0.6999999881
13364  2.011  -89.653  15.765 0.6999999881
12403  0.369  -90.156  15.623 0.8999999762
12395  -0.699  -89.671  16.699 0.8999999762
12396  -1.206  -89.967  17.071 0.8999999762
10445  -9.946  -92.525  21.797 1.0000000000
13365  0.860  -89.561  15.616 0.8999999762
9454  -11.440  -94.130  19.540 1.0000000000
9469  -12.017  -94.184  18.340 1.0000000000
10478  -12.707  -92.766  17.186 1.0000000000
12489  -2.074  -90.775  12.747 1.0000000000
12464  -3.660  -90.625  13.792 1.0000000000
9470  -12.291  -94.121  17.278 1.0000000000
12503  0.866  -90.622  11.128 0.8000000119
12504  -0.026  -90.930  11.532 0.8000000119
11498  -0.824  -91.006  11.953 1.0000000000
12468  -8.060  -90.118  13.786 1.0000000000
12469  -9.154  -89.826  13.608 1.0000000000
11507  -12.134  -91.881  13.870 1.0000000000
10520  -12.571  -92.550  14.829 1.0000000000
12519  1.251  -90.495  10.437 0.8000000119
12532  1.190  -90.457  10.016 0.8000000119
11560  0.326  -91.165  9.236 0.4000000060
11585  0.041  -91.413  8.871 0.2000000030
11586  -0.489  -91.387  8.427 0.2000000030
11398  -5.757  -91.650  21.600 1.0000000000
11397  -5.009  -91.048  21.257 1.0000000000
11382  -6.908  -91.521  22.582 1.0000000000
13333  -3.095  -89.733  19.793 1.0000000000
12368  -3.828  -90.147  20.209 1.0000000000
12357  -4.826  -90.074  21.461 1.0000000000
11383  -7.914  -91.236  22.882 1.0000000000
13342  -1.608  -89.245  17.989 1.0000000000
12375  -2.152  -89.536  18.678 1.0000000000
13323  -3.468  -89.307  20.594 1.0000000000
10436  -9.399  -92.052  22.413 1.0000000000
13339  2.034  -89.353  17.449 0.6999999881
13351  -0.625  -89.085  16.927 0.8999999762
14354  1.934  -88.751  16.954 0.8000000119
14370  1.518  -88.465  16.184 0.8999999762
14371  0.724  -88.105  16.209 0.8999999762
14356  0.043  -87.964  16.782 0.8999999762
10446  -10.741  -92.657  21.342 1.0000000000
10457  -11.843  -92.858  20.302 1.0000000000
9440  -11.650  -93.496  19.898 1.0000000000
10468  -12.228  -93.291  19.148 1.0000000000
12463  -2.750  -90.558  13.473 1.0000000000
12472  -11.374  -90.541  14.373 1.0000000000
11466  -11.901  -91.002  15.282 1.0000000000
12467  -7.003  -90.428  13.851 1.0000000000
12470  -10.111  -89.882  13.436 1.0000000000
11482  -11.454  -90.791  13.899 1.0000000000
10502  -12.710  -91.910  15.636 1.0000000000
12487  -0.541  -90.365  12.134 1.0000000000
12488  -1.340  -90.630  12.519 1.0000000000
13446  1.171  -89.648  11.196 0.8000000119
12486  0.321  -90.037  11.639 0.8000000119
13431  -1.099  -89.877  12.809 1.0000000000
13485  1.288  -89.581  9.630 0.6000000238
12534  0.348  -90.514  9.225 0.4000000060
12549  -0.321  -90.952  8.998 0.2000000030
12358  -5.523  -90.514  21.902 1.0000000000
12341  -6.205  -89.853  22.393 1.0000000000
12342  -7.221  -90.306  22.755 1.0000000000
12343  -8.447  -90.247  22.907 1.0000000000
13322  -2.759  -88.902  20.148 1.0000000000
13324  -4.225  -89.649  20.952 1.0000000000
11384  -9.189  -91.160  22.888 1.0000000000
14347  -0.762  -88.239  17.468 0.8999999762
13331  -1.942  -88.766  18.817 1.0000000000
14339  -2.198  -88.443  19.589 1.0000000000
11400  -10.579  -92.249  21.817 1.0000000000
15390  1.648  -87.501  16.946 0.8000000119
15391  0.810  -87.489  16.790 0.8999999762
11385  -10.475  -91.666  22.388 1.0000000000
10447  -11.455  -92.529  21.082 1.0000000000
10458  -12.459  -92.608  19.623 1.0000000000
11414  -12.420  -92.338  20.168 1.0000000000
148976  -12.864  -91.605  17.683 1.0000000000
10469  -12.703  -92.528  18.791 1.0000000000
12439  -4.259  -90.314  14.897 1.0000000000
12440  -5.351  -90.516  14.828 1.0000000000
12441  -6.411  -90.345  14.811 1.0000000000
12442  -7.427  -90.077  14.748 1.0000000000
12443  -8.568  -89.711  14.705 1.0000000000
12445  -10.967  -89.987  14.895 1.0000000000
12425  -11.141  -89.971  15.348 1.0000000000
12438  -3.324  -90.152  14.249 1.0000000000
12422  -5.912  -90.362  15.653 1.0000000000
13422  -2.383  -89.930  13.731 1.0000000000
13445  1.674  -89.205  10.734 0.8000000119
13430  -0.273  -89.500  12.274 1.0000000000
13486  0.841  -89.511  9.181 0.4000000060
14493  0.538  -88.572  8.984 0.4000000060
13487  0.217  -89.547  9.154 0.2000000030
13488  -0.299  -89.642  9.282 0.2000000030
14327  -3.129  -88.480  20.933 1.0000000000
13311  -3.990  -88.770  21.239 1.0000000000
13312  -4.714  -89.102  21.595 1.0000000000
13313  -5.355  -89.491  22.070 1.0000000000
13299  -7.017  -89.162  22.563 1.0000000000
14325  -2.018  -87.608  19.678 1.0000000000
14326  -2.506  -88.039  20.340 1.0000000000
14345  1.980  -88.627  17.800 0.8000000119
15371  -0.784  -86.867  18.366 1.0000000000
15372  -1.314  -87.084  18.841 1.0000000000
12344  -9.365  -90.142  22.882 1.0000000000
15378  1.819  -87.710  17.980 0.8000000119
16463  0.130  -86.714  17.689 0.8999999762
16448  1.695  -86.661  19.014 0.8000000119
16461  1.573  -86.511  17.961 0.8000000119
16477  0.582  -86.843  17.413 0.8999999762
11401  -11.235  -92.156  21.705 1.0000000000
11415  -12.819  -91.804  19.573 1.0000000000
13406  -9.400  -89.542  15.158 1.0000000000
11452  -12.139  -90.854  15.960 1.0000000000
148981  -12.657  -90.776  17.021 1.0000000000
148979  -12.893  -91.940  18.335 1.0000000000
12424  -7.795  -89.797  15.418 1.0000000000
13390  -8.602  -89.583  15.749 1.0000000000
13392  -10.855  -89.771  15.623 1.0000000000
12426  -11.465  -90.244  15.622 1.0000000000
11444  -12.162  -90.603  16.353 1.0000000000
13389  -7.658  -89.680  16.014 1.0000000000
14458  1.394  -88.716  11.278 0.8999999762
13421  -1.689  -89.358  13.633 1.0000000000
12437  -2.811  -90.021  13.950 1.0000000000
12407  -5.526  -90.132  16.190 1.0000000000
14476  1.779  -88.690  10.175 0.8000000119
15483  1.453  -87.824  11.194 0.8000000119
14433  0.024  -88.594  12.445 0.8999999762
12420  -4.503  -90.116  15.460 1.0000000000
14492  1.192  -88.723  9.276 0.4000000060
13403  -2.647  -89.323  14.404 1.0000000000
13404  -3.681  -89.810  14.926 1.0000000000
13467  -0.102  -89.049  9.307 0.3000000119
14294  -5.774  -87.975  22.115 1.0000000000
13298  -6.047  -88.844  22.345 1.0000000000
15369  1.640  -87.747  18.895 0.6999999881
14295  -6.804  -88.295  22.456 1.0000000000
12345  -10.227  -90.482  22.830 1.0000000000
11386  -11.731  -91.521  22.070 1.0000000000
17551  1.461  -85.716  18.840 0.8000000119
17568  0.846  -85.822  18.297 0.8000000119
16449  0.358  -85.985  18.357 0.8000000119
11402  -12.300  -91.867  21.032 1.0000000000
148982  -13.026  -90.851  18.442 1.0000000000
13391  -9.753  -89.536  15.759 1.0000000000
13373  -10.315  -89.385  16.330 1.0000000000
12410  -12.240  -90.234  16.770 1.0000000000
148983  -12.697  -90.367  17.518 1.0000000000
12408  -6.280  -90.027  16.222 1.0000000000
13374  -11.447  -89.679  16.592 1.0000000000
13357  -12.231  -89.455  17.411 1.0000000000
148985  -12.908  -89.872  18.130 1.0000000000
16561  1.642  -87.238  10.518 0.8000000119
15460  1.076  -87.275  11.866 0.8999999762
14417  0.391  -87.692  12.593 0.8999999762
13372  -9.135  -89.253  16.448 1.0000000000
14378  -9.888  -88.953  16.746 1.0000000000
14379  -10.744  -89.111  16.849 1.0000000000
13356  -11.682  -89.351  17.122 1.0000000000
14419  -1.141  -88.772  13.540 1.0000000000
13371  -8.058  -89.384  16.437 1.0000000000
15503  1.845  -87.862  10.057 0.8000000119
16608  1.428  -87.328  9.462 0.6000000238
13369  -5.953  -89.584  16.566 1.0000000000
14477  -0.118  -88.224  9.279 0.2000000030
13468  -0.700  -89.625  9.697 0.2000000030
15346  -3.410  -87.364  21.542 1.0000000000
14310  -3.757  -87.976  21.403 1.0000000000
14311  -4.751  -88.150  21.655 1.0000000000
15345  -2.680  -86.960  21.028 1.0000000000
15328  -4.669  -87.410  22.346 1.0000000000
15361  -2.417  -87.194  20.341 1.0000000000
15329  -5.504  -87.541  22.533 1.0000000000
15330  -6.460  -87.744  22.708 1.0000000000
14296  -7.749  -88.612  22.758 1.0000000000
16416  1.310  -86.311  20.703 0.6999999881
16434  0.838  -86.810  20.444 0.6000000238
16451  -1.049  -86.100  19.282 1.0000000000
17523  1.535  -85.561  21.026 0.6999999881
15357  1.574  -87.250  19.494 0.6999999881
17553  -0.513  -85.669  19.348 0.8999999762
15331  -7.466  -88.050  22.921 1.0000000000
13301  -9.024  -89.430  22.845 1.0000000000
13302  -9.992  -89.509  22.799 1.0000000000
12346  -11.334  -90.670  22.562 1.0000000000
12360  -12.515  -91.214  21.522 1.0000000000
14298  -9.729  -88.737  22.874 1.0000000000
13303  -10.931  -89.692  22.610 1.0000000000
12348  -12.685  -90.287  21.682 1.0000000000
13305  -12.505  -90.080  21.958 1.0000000000
12361  -12.897  -90.681  21.055 1.0000000000
12370  -13.238  -90.654  19.696 1.0000000000
13315  -12.824  -89.533  21.533 1.0000000000
148986  -13.418  -89.837  19.223 1.0000000000
148984  -13.227  -90.323  19.004 1.0000000000
14363  -11.316  -88.808  17.325 1.0000000000
13402  -1.972  -89.058  14.068 1.0000000000
14404  -2.312  -88.440  14.685 1.0000000000
13370  -7.007  -89.421  16.563 1.0000000000
14361  -9.081  -88.590  17.056 1.0000000000
16587  1.325  -86.447  9.737 0.6000000238
13368  -4.971  -89.711  16.248 1.0000000000
15519  1.077  -87.767  8.944 0.3000000119
16421  -3.057  -86.821  21.653 0.8999999762
16422  -3.833  -87.203  22.084 1.0000000000
17540  -1.798  -85.950  20.422 1.0000000000
17527  -1.853  -85.856  20.959 1.0000000000
16420  -2.439  -86.457  21.147 1.0000000000
16418  -0.276  -86.394  21.444 0.2000000030
17539  -1.307  -85.641  20.024 1.0000000000
15360  -1.947  -86.899  19.776 1.0000000000
16417  0.814  -86.297  21.176 0.4000000060
17538  -0.007  -84.722  20.076 0.8999999762
17524  1.232  -85.776  21.740 0.6000000238
17537  1.164  -84.907  19.588 0.8000000119
17536  1.488  -85.414  19.924 0.8000000119
15332  -8.347  -88.356  23.175 1.0000000000
14300  -11.326  -89.150  22.399 1.0000000000
13314  -12.308  -89.036  21.980 1.0000000000
14328  -13.265  -88.532  20.853 1.0000000000
13325  -13.538  -89.503  20.195 1.0000000000
14329  -13.511  -88.390  19.940 1.0000000000
14349  -13.190  -88.703  18.715 1.0000000000
14364  -12.170  -88.271  17.922 1.0000000000
16541  0.895  -86.334  11.679 0.8999999762
15399  -10.575  -87.736  17.570 1.0000000000
14403  -1.569  -88.449  14.110 1.0000000000
14377  -6.853  -89.109  16.852 1.0000000000
14389  -2.913  -88.754  15.011 1.0000000000
14391  -4.116  -89.082  15.907 1.0000000000
13354  -7.619  -89.058  16.799 1.0000000000
16609  0.776  -86.493  8.816 0.3000000119
16333  -0.887  -86.664  25.651 0.1000000015
16363  -1.264  -86.590  24.251 0.1000000015
17511  0.284  -85.636  22.821 0.3000000119
17510  1.101  -85.441  22.384 0.5000000000
19742  1.702  -84.056  20.605 0.8000000119
18617  1.628  -84.513  20.734 0.8000000119
15333  -9.338  -88.223  23.141 1.0000000000
14314  -11.733  -88.546  22.243 1.0000000000
14299  -10.787  -88.693  22.551 1.0000000000
14315  -12.542  -88.472  21.594 1.0000000000
15363  -13.355  -87.766  20.390 1.0000000000
17634  0.424  -85.380  12.271 0.8999999762
16532  0.311  -86.242  13.242 0.8999999762
15401  -12.061  -87.735  18.054 1.0000000000
15382  -12.335  -87.393  18.283 1.0000000000
15438  -0.310  -86.715  13.919 1.0000000000
14362  -10.195  -88.460  17.102 1.0000000000
17659  0.501  -85.032  11.068 0.6999999881
17643  0.548  -85.531  11.641 0.8000000119
15450  0.660  -86.768  12.597 0.8999999762
15439  -1.254  -87.259  14.612 1.0000000000
14390  -3.637  -88.656  15.756 1.0000000000
15426  -3.264  -87.739  15.972 1.0000000000
14360  -8.024  -88.553  17.109 1.0000000000
18722  0.544  -84.828  9.572 0.5000000000
15440  -1.897  -87.973  14.678 1.0000000000
14374  -4.402  -88.894  16.248 1.0000000000
17701  0.361  -85.570  8.735 0.4000000060
16610  -0.090  -86.260  8.891 0.2000000030
16332  -0.608  -86.317  26.491 0.1000000015
16347  -0.607  -86.040  25.519 0.1000000015
17513  -1.853  -85.396  22.066 1.0000000000
16402  -2.629  -86.181  21.786 1.0000000000
17494  0.177  -85.438  23.693 0.1000000015
16380  -0.546  -85.939  23.329 0.1000000015
17512  -1.178  -84.635  21.934 1.0000000000
16382  -2.802  -86.094  22.826 1.0000000000
16404  -4.230  -87.136  22.696 1.0000000000
17493  1.030  -85.197  23.198 0.3000000119
18631  0.498  -84.069  20.496 0.8000000119
17525  -0.406  -84.449  20.686 0.8999999762
18630  1.062  -84.121  20.193 0.6999999881
16385  -5.198  -87.342  23.181 1.0000000000
15313  -5.875  -87.532  23.268 1.0000000000
17509  1.482  -85.211  21.932 0.5000000000
15314  -6.999  -87.963  23.377 1.0000000000
18605  1.657  -84.441  21.838 0.6000000238
15334  -10.700  -87.869  22.836 1.0000000000
15350  -11.483  -87.741  22.384 1.0000000000
15351  -12.195  -87.668  21.814 1.0000000000
15362  -12.919  -87.657  21.095 1.0000000000
15373  -13.332  -87.521  19.603 1.0000000000
16439  -13.242  -86.860  20.399 1.0000000000
16468  -13.062  -86.513  19.017 1.0000000000
15383  -13.113  -87.096  18.872 1.0000000000
17635  0.460  -85.138  12.995 0.8999999762
16511  -2.852  -87.064  15.800 1.0000000000
15412  -4.812  -87.787  16.786 1.0000000000
15393  -5.225  -87.545  17.046 1.0000000000
15400  -11.601  -87.524  17.918 1.0000000000
17658  0.807  -85.596  10.496 0.6999999881
15413  -5.347  -88.098  16.902 1.0000000000
14359  -7.057  -88.780  17.079 1.0000000000
18723  0.291  -84.303  10.454 0.5000000000
14373  -3.964  -88.592  16.161 1.0000000000
15411  -3.893  -88.153  16.342 1.0000000000
14358  -6.167  -88.453  17.116 1.0000000000
18786  -0.317  -84.958  8.714 0.2000000030
17495  -1.429  -84.756  22.782 1.0000000000
17496  -2.106  -85.436  23.346 1.0000000000
16383  -3.727  -86.850  23.454 1.0000000000
17455  -0.077  -85.168  26.291 0.1000000015
16365  -3.451  -86.778  24.299 1.0000000000
17464  0.859  -85.096  24.824 0.2000000030
17465  -0.019  -85.340  25.182 0.1000000015
18606  0.583  -83.438  21.686 0.8000000119
18607  -0.053  -83.905  21.997 1.0000000000
15311  -4.418  -87.395  23.784 1.0000000000
19724  1.295  -83.279  21.457 0.8000000119
17526  -0.958  -84.817  21.035 1.0000000000
15294  -4.824  -87.738  24.399 1.0000000000
19723  1.581  -83.844  21.202 0.6000000238
15295  -5.626  -88.019  24.136 1.0000000000
14268  -6.232  -88.362  24.921 1.0000000000
14284  -7.517  -88.447  24.085 1.0000000000
17474  1.698  -84.738  23.605 0.5000000000
15315  -7.933  -88.354  23.554 1.0000000000
15316  -8.913  -88.366  23.687 1.0000000000
15335  -11.328  -87.490  22.513 1.0000000000
16424  -11.836  -86.988  22.024 1.0000000000
16438  -12.611  -86.838  21.321 1.0000000000
17541  -13.009  -85.909  20.744 1.0000000000
17555  -13.072  -85.596  19.644 1.0000000000
18710  0.114  -83.810  11.917 0.8999999762
18702  0.317  -84.113  13.613 0.8999999762
17623  -0.301  -85.491  14.609 0.8999999762
17612  -0.792  -85.223  15.231 0.8999999762
16467  -12.718  -86.158  18.800 1.0000000000
17644  0.331  -84.852  11.734 0.8000000119
16521  0.075  -85.794  13.938 0.8999999762
16509  -1.276  -86.172  14.914 0.8999999762
16498  -3.626  -86.995  16.428 1.0000000000
16484  -9.892  -86.856  17.741 1.0000000000
16486  -11.370  -87.038  18.002 1.0000000000
15396  -7.554  -87.899  17.495 1.0000000000
15397  -8.533  -87.882  17.479 1.0000000000
15398  -9.532  -87.779  17.444 1.0000000000
17593  -9.266  -86.577  17.754 1.0000000000
18741  -0.170  -84.329  9.281 0.4000000060
18742  -1.035  -84.378  9.288 0.2000000030
17441  -0.378  -85.381  27.451 0.1000000015
18541  0.258  -84.612  27.078 0.1000000015
18608  -0.733  -84.252  22.374 1.0000000000
19706  0.965  -82.723  22.563 0.8999999762
19707  0.330  -83.258  22.371 0.8999999762
18572  1.560  -84.800  24.402 0.4000000060
19705  1.561  -83.175  22.429 0.6999999881
18591  1.899  -84.020  23.040 0.6000000238
15317  -10.036  -88.171  23.702 1.0000000000
17528  -12.530  -86.058  21.878 1.0000000000
18632  -12.841  -85.024  20.450 1.0000000000
18660  -12.164  -84.668  19.395 1.0000000000
17611  0.105  -84.796  15.051 0.8999999762
17605  -1.316  -84.957  15.677 0.8999999762
17607  -3.295  -85.787  16.476 1.0000000000
17589  -5.468  -85.889  17.491 1.0000000000
17590  -6.738  -85.726  17.924 1.0000000000
17591  -7.713  -86.238  17.875 1.0000000000
17572  -9.547  -85.916  17.915 1.0000000000
17573  -10.658  -85.611  18.296 1.0000000000
17574  -11.668  -85.388  18.683 1.0000000000
16497  -2.668  -86.223  15.963 0.8999999762
16479  -5.169  -86.996  17.191 1.0000000000
16465  -10.416  -86.387  17.984 1.0000000000
16466  -11.541  -86.605  18.185 1.0000000000
19871  -0.269  -83.097  10.387 0.4000000060
16480  -6.066  -86.925  17.669 1.0000000000
16481  -7.107  -86.997  17.821 1.0000000000
16482  -8.078  -87.122  17.758 1.0000000000
17454  0.664  -84.977  25.587 0.2000000030
18592  -0.153  -83.647  22.873 0.8999999762
18573  -0.452  -83.798  23.633 0.8999999762
18593  -0.877  -84.252  23.281 0.8999999762
17477  -1.532  -84.778  23.829 1.0000000000
17478  -2.084  -85.382  24.522 1.0000000000
16364  -2.832  -86.210  24.139 1.0000000000
19690  1.814  -82.916  23.555 0.8000000119
16350  -3.269  -86.747  25.112 1.0000000000
15279  -4.599  -87.760  25.437 1.0000000000
15280  -5.397  -88.133  25.128 1.0000000000
16407  -11.460  -87.166  22.645 1.0000000000
18659  -11.743  -84.352  19.216 1.0000000000
18693  0.460  -84.234  14.815 0.8999999762
18686  -0.431  -84.302  15.570 0.8999999762
19806  -0.934  -83.663  16.255 1.0000000000
18682  -3.270  -84.587  16.735 1.0000000000
18670  -3.944  -84.420  16.907 1.0000000000
18671  -4.544  -84.844  17.095 1.0000000000
18658  -10.878  -84.621  18.626 1.0000000000
19832  0.233  -83.420  14.451 0.8000000119
17606  -2.251  -85.144  16.117 0.8999999762
18683  -3.969  -85.494  16.758 0.8999999762
17570  -7.464  -85.502  18.031 1.0000000000
18657  -9.901  -84.797  18.376 1.0000000000
17571  -8.323  -85.602  17.974 1.0000000000
19843  0.220  -82.945  12.866 0.6000000238
17592  -8.642  -86.430  17.786 1.0000000000
18551  0.971  -84.417  26.308 0.2000000030
18550  1.683  -83.565  26.605 0.3000000119
18561  1.482  -84.567  25.188 0.3000000119
17467  -1.931  -85.104  25.463 0.8999999762
16349  -2.531  -85.989  25.551 1.0000000000
18560  1.936  -83.516  25.491 0.4000000060
19669  0.275  -81.948  23.740 0.8999999762
16335  -3.104  -86.788  26.355 1.0000000000
15278  -3.768  -87.374  25.837 1.0000000000
20781  1.641  -82.115  23.203 0.8999999762
15263  -4.498  -87.692  26.617 1.0000000000
19668  2.017  -82.616  24.488 0.8999999762
15264  -5.281  -88.121  26.185 1.0000000000
14252  -6.002  -88.375  25.852 1.0000000000
14270  -8.087  -88.618  24.899 1.0000000000
14253  -6.795  -88.589  25.726 1.0000000000
14238  -5.909  -88.209  26.677 1.0000000000
18621  -12.738  -85.080  21.322 1.0000000000
19780  -10.992  -83.761  18.885 1.0000000000
19818  0.423  -83.626  15.855 0.8000000119
19819  -0.232  -83.811  15.811 0.8999999762
18681  -2.073  -84.287  16.278 1.0000000000
19808  -3.086  -83.656  16.890 1.0000000000
19779  -10.243  -83.913  18.583 1.0000000000
18672  -5.873  -84.737  17.543 1.0000000000
18673  -6.922  -84.530  17.923 1.0000000000
18655  -7.780  -84.760  18.058 1.0000000000
18656  -8.846  -84.769  18.129 1.0000000000
19854  -0.147  -82.481  11.415 0.4000000060
18529  0.782  -83.873  27.995 0.2000000030
19670  0.137  -83.105  23.725 0.8999999762
19671  -0.441  -83.669  24.057 0.8999999762
18574  -0.967  -84.134  24.225 0.8999999762
17466  -1.571  -84.705  24.806 0.8999999762
20762  1.776  -81.918  23.877 0.8999999762
21807  1.622  -80.993  24.064 0.8999999762
16320  -3.390  -86.602  27.716 1.0000000000
15318  -11.067  -87.412  23.555 1.0000000000
14254  -7.697  -88.652  25.733 1.0000000000
20849  -9.046  -82.857  18.573 1.0000000000
19762  -11.680  -83.540  19.769 1.0000000000
17514  -12.263  -85.228  22.845 1.0000000000
16387  -11.758  -86.576  23.311 1.0000000000
21923  -5.080  -82.017  17.580 1.0000000000
20847  -6.816  -82.197  18.047 1.0000000000
20848  -7.839  -82.405  18.389 1.0000000000
20850  -9.835  -83.244  18.674 1.0000000000
20879  1.209  -82.855  16.477 0.6000000238
19817  1.061  -83.337  16.960 0.8000000119
20868  -0.903  -82.959  17.077 0.8999999762
20858  -3.169  -82.757  17.044 1.0000000000
20859  -4.599  -82.711  17.250 1.0000000000
20862  -7.614  -83.218  17.877 1.0000000000
19761  -10.913  -83.152  19.479 1.0000000000
20869  -1.996  -83.090  16.755 1.0000000000
19793  -6.361  -83.678  17.571 1.0000000000
18674  -7.539  -84.044  17.995 1.0000000000
19778  -9.350  -83.867  18.358 1.0000000000
20880  0.490  -82.699  15.381 0.6000000238
20881  -0.225  -82.090  14.642 0.4000000060
19794  -7.188  -83.655  17.781 1.0000000000
20894  -0.107  -82.481  13.812 0.6999999881
19634  1.569  -83.374  27.755 0.3000000119
19647  -0.407  -83.222  25.568 0.8999999762
18553  -1.292  -83.941  26.225 0.8999999762
19644  1.886  -82.823  26.116 0.6000000238
20763  0.801  -81.467  23.973 0.8999999762
19656  0.383  -81.577  24.420 0.8999999762
19657  0.046  -82.523  24.540 0.8999999762
18554  -1.711  -84.562  25.978 0.8999999762
17456  -2.220  -85.284  26.427 0.8999999762
16334  -2.659  -86.166  26.877 0.8999999762
16319  -2.796  -86.231  27.463 0.8999999762
17426  -2.609  -85.463  28.685 0.8999999762
15243  -3.794  -87.039  27.535 1.0000000000
14255  -8.617  -88.500  25.725 1.0000000000
14239  -6.512  -88.439  26.513 1.0000000000
20846  -6.211  -82.002  18.133 1.0000000000
21913  -6.594  -81.723  18.582 1.0000000000
20835  -8.702  -82.013  19.464 1.0000000000
20836  -9.976  -82.588  19.468 1.0000000000
19727  -12.175  -83.621  21.693 1.0000000000
15296  -10.472  -87.831  24.287 1.0000000000
20866  1.209  -82.690  17.400 0.8000000119
19789  0.647  -82.842  17.885 0.8000000119
20857  -1.891  -82.345  17.168 0.8999999762
21921  -2.814  -81.774  17.487 0.8999999762
21922  -4.107  -81.595  17.600 1.0000000000
20826  -10.376  -82.446  20.803 1.0000000000
20837  -10.632  -82.675  19.989 1.0000000000
19805  0.228  -83.358  17.066 0.8000000119
20856  -0.840  -82.465  17.797 0.8999999762
19696  -10.973  -83.695  23.492 1.0000000000
21939  1.049  -82.208  16.214 0.4000000060
21940  0.240  -81.952  15.684 0.3000000119
19633  1.809  -83.026  27.111 0.4000000060
20733  0.776  -80.705  25.469 0.8999999762
19655  1.952  -82.331  25.337 0.6000000238
20744  1.646  -81.338  24.588 0.8000000119
19637  -1.515  -83.628  27.339 0.8999999762
19625  -1.720  -83.742  28.147 0.8999999762
18531  -2.180  -84.809  28.163 0.8999999762
16303  -4.177  -86.588  28.652 1.0000000000
17405  -3.000  -85.606  29.254 1.0000000000
20834  -8.014  -81.935  19.121 1.0000000000
18609  -12.134  -84.613  22.966 1.0000000000
17498  -12.200  -86.084  23.147 1.0000000000
14240  -7.286  -88.557  26.511 1.0000000000
15226  -4.744  -87.025  28.461 1.0000000000
21919  -0.937  -82.105  18.359 0.8999999762
21920  -1.724  -81.783  17.919 0.8999999762
21900  -7.425  -81.636  19.241 1.0000000000
19745  -11.907  -83.375  20.712 1.0000000000
15282  -10.441  -87.235  25.543 1.0000000000
15228  -6.229  -87.627  28.275 1.0000000000
16284  -5.977  -86.395  29.268 1.0000000000
21927  1.304  -82.159  17.034 0.6999999881
20844  0.353  -82.404  18.675 0.8000000119
22980  -3.410  -80.968  18.263 0.8999999762
21912  -5.527  -81.557  18.356 1.0000000000
21899  -6.312  -81.356  19.479 1.0000000000
21901  -8.066  -81.765  19.506 1.0000000000
19726  -11.115  -82.917  21.671 1.0000000000
17480  -11.494  -85.253  24.161 1.0000000000
15281  -10.034  -87.680  25.931 1.0000000000
16306  -6.898  -87.143  28.688 1.0000000000
17409  -6.724  -85.880  29.586 1.0000000000
21928  0.788  -81.573  16.646 0.6000000238
21917  1.439  -82.038  17.960 0.6999999881
21911  -4.397  -80.991  18.776 1.0000000000
20824  -8.809  -81.678  20.351 1.0000000000
20813  -10.336  -82.580  21.678 1.0000000000
19709  -10.668  -83.189  22.867 1.0000000000
18578  -11.121  -84.747  24.348 1.0000000000
16322  -8.675  -86.925  27.793 1.0000000000
17410  -7.739  -86.076  29.230 1.0000000000
21898  -5.246  -81.106  19.646 1.0000000000
21889  -7.059  -81.349  20.500 1.0000000000
20811  -8.808  -81.655  21.279 1.0000000000
20812  -9.678  -82.265  21.959 1.0000000000
19695  -10.229  -83.582  23.831 1.0000000000
18566  -10.096  -85.023  25.209 1.0000000000
16351  -9.599  -86.077  26.531 1.0000000000
17429  -8.566  -86.191  28.524 1.0000000000
21929  -0.119  -81.400  16.017 0.5000000000
21888  -6.014  -81.041  20.590 1.0000000000
20796  -9.273  -82.446  23.105 1.0000000000
19675  -9.698  -83.843  24.486 1.0000000000
18565  -9.545  -84.781  25.428 1.0000000000
17457  -9.394  -85.548  26.753 1.0000000000
17444  -9.196  -85.792  27.689 1.0000000000
17411  -8.656  -85.537  29.121 1.0000000000
18500  -8.797  -84.314  30.047 1.0000000000
21882  -7.831  -81.473  21.738 1.0000000000
20795  -8.636  -81.849  22.740 1.0000000000
20784  -8.786  -82.585  24.038 1.0000000000
19674  -9.157  -83.677  24.885 1.0000000000
18564  -8.938  -84.477  26.084 1.0000000000
17445  -9.399  -85.186  28.030 1.0000000000
18532  -9.646  -84.789  28.549 1.0000000000
19607  -9.958  -84.116  29.518 1.0000000000
21754  -10.102  -81.616  30.214 1.0000000000
19673  -8.552  -83.459  25.400 1.0000000000
18556  -9.519  -84.291  26.996 1.0000000000
18545  -9.720  -84.655  27.729 1.0000000000
18546  -10.383  -84.219  27.857 1.0000000000
18533  -10.264  -84.305  28.482 1.0000000000
19608  -10.605  -83.493  29.331 1.0000000000
19609  -11.290  -82.888  29.240 1.0000000000
20703  -11.058  -82.397  29.584 1.0000000000
21766  -11.325  -81.503  29.490 1.0000000000
22863  -12.198  -80.619  29.000 1.0000000000
22864  -12.894  -80.511  28.582 1.0000000000
19638  -10.092  -84.097  27.290 1.0000000000
19627  -11.654  -83.174  28.647 1.0000000000
20719  -11.664  -82.326  29.195 1.0000000000
21780  -11.994  -81.485  29.125 1.0000000000
21781  -12.628  -81.415  28.693 1.0000000000
22865  -13.659  -80.566  28.097 1.0000000000
23886  -13.217  -79.572  28.259 1.0000000000
19650  -10.514  -83.524  26.982 1.0000000000
19640  -11.502  -83.578  27.825 1.0000000000
19628  -12.230  -82.921  28.323 1.0000000000
20721  -12.885  -82.056  28.292 1.0000000000
21782  -13.266  -81.408  28.209 1.0000000000
20724  2.017  -82.019  27.574 0.4000000060
21808  1.403  -80.911  24.194 0.8999999762
19645  0.397  -81.148  24.900 0.8999999762
20734  0.182  -81.301  25.525 0.8999999762
19635  -0.029  -82.312  26.105 0.8999999762
20727  -0.442  -82.560  26.954 0.8999999762
19636  -1.060  -83.389  26.689 0.8999999762
20717  -0.681  -82.375  27.784 0.8999999762
20718  -1.254  -83.078  27.989 0.8999999762
20701  -1.335  -82.931  28.489 0.8999999762
18511  -2.403  -84.780  29.301 0.8999999762
17404  -2.629  -85.326  29.104 1.0000000000
18493  -2.311  -84.183  30.026 0.8999999762
17406  -3.955  -86.027  29.437 1.0000000000
16283  -5.123  -86.354  29.362 1.0000000000
21909  -0.371  -81.946  18.889 0.8999999762
21910  -1.232  -81.694  18.562 0.8999999762
17407  -4.944  -85.891  29.805 1.0000000000
17408  -5.817  -85.823  29.742 1.0000000000
21908  0.635  -81.949  19.133 0.8999999762
22979  -2.428  -80.866  18.723 0.8999999762
22971  -3.416  -80.635  19.241 0.8999999762
18497  -6.179  -84.566  30.690 1.0000000000
18515  -6.478  -85.211  30.141 1.0000000000
22983  1.295  -81.407  18.098 0.6999999881
21897  -4.315  -80.784  19.873 1.0000000000
18498  -7.091  -84.481  30.494 1.0000000000
19589  -6.779  -83.799  31.021 1.0000000000
20686  -7.267  -82.987  31.175 1.0000000000
21880  -5.783  -80.694  21.569 1.0000000000
21881  -6.749  -81.161  21.683 1.0000000000
18499  -7.984  -84.395  30.268 1.0000000000
19591  -8.539  -83.562  30.504 1.0000000000
20687  -8.069  -82.668  30.997 1.0000000000
21733  -7.782  -81.688  31.408 1.0000000000
21752  -8.656  -81.683  31.007 1.0000000000
22836  -9.046  -80.699  30.750 1.0000000000
20794  -8.028  -81.724  23.052 1.0000000000
19693  -8.866  -83.191  24.694 1.0000000000
19592  -9.599  -83.612  30.065 1.0000000000
20689  -9.839  -82.519  30.312 1.0000000000
21753  -9.456  -81.632  30.644 1.0000000000
22837  -9.717  -80.631  30.263 1.0000000000
23870  -10.033  -79.374  29.231 0.8999999762
23884  -10.937  -79.033  28.523 0.8999999762
23885  -12.090  -79.527  28.701 1.0000000000
20765  -8.521  -82.980  24.839 1.0000000000
19660  -8.261  -83.401  26.101 1.0000000000
19648  -8.928  -83.819  26.487 1.0000000000
20702  -10.447  -82.456  29.924 1.0000000000
22848  -10.777  -80.584  29.581 0.8999999762
23872  -11.780  -80.158  29.095 1.0000000000
20736  -8.135  -83.017  26.419 1.0000000000
20737  -9.051  -82.931  26.503 1.0000000000
19649  -9.638  -83.639  26.799 1.0000000000
25004  -13.847  -78.592  28.282 0.8999999762
20748  -9.765  -82.460  26.051 1.0000000000
20738  -10.112  -82.992  26.506 1.0000000000
20739  -11.215  -83.027  26.520 1.0000000000
19652  -11.892  -83.367  27.444 1.0000000000
20740  -12.483  -82.995  26.970 1.0000000000
20728  -12.630  -82.708  27.988 1.0000000000
20729  -13.172  -82.187  27.647 1.0000000000
21788  -13.778  -81.388  27.465 1.0000000000
20749  -10.802  -82.459  25.797 1.0000000000
20750  -12.058  -82.436  25.848 1.0000000000
20751  -13.217  -82.333  26.030 1.0000000000
20741  -13.406  -82.077  26.827 1.0000000000
22873  -14.204  -80.600  27.591 1.0000000000
23900  -14.521  -80.221  27.577 1.0000000000
20732  1.602  -81.612  26.132 0.8000000119
21785  1.832  -80.771  27.091 0.6999999881
21793  1.414  -80.148  26.116 0.8000000119
20725  0.282  -80.333  25.964 0.8999999762
20726  -0.066  -81.117  26.443 0.8999999762
20699  -0.564  -81.153  28.522 0.8999999762
20700  -0.885  -82.084  29.118 0.8999999762
19606  -1.741  -83.428  29.506 0.8999999762
19605  -1.522  -82.653  29.874 0.8999999762
19585  -2.428  -83.728  30.731 1.0000000000
19586  -3.643  -83.974  31.260 1.0000000000
18495  -4.135  -84.655  30.714 1.0000000000
22975  1.313  -81.625  18.466 0.8999999762
22977  0.066  -81.408  19.452 0.8999999762
22978  -1.187  -81.193  19.080 0.8999999762
20682  -3.110  -83.257  31.763 1.0000000000
19587  -4.826  -83.948  31.345 1.0000000000
20683  -4.423  -83.048  31.869 1.0000000000
22976  1.068  -81.012  19.018 0.8999999762
22969  -0.709  -80.900  20.050 0.8999999762
20660  -5.375  -82.266  32.150 1.0000000000
21732  -6.954  -81.415  31.800 1.0000000000
22953  -3.600  -80.344  20.421 0.8999999762
21887  -4.902  -80.670  20.720 1.0000000000
22816  -4.820  -80.704  32.427 1.0000000000
22817  -5.666  -80.323  32.294 1.0000000000
22818  -6.728  -80.285  31.951 1.0000000000
23846  -7.322  -79.100  31.099 1.0000000000
23848  -8.741  -80.125  30.844 1.0000000000
23861  -9.770  -79.900  29.932 1.0000000000
22954  -4.413  -80.353  21.073 1.0000000000
21879  -5.267  -80.572  21.320 1.0000000000
21856  -6.748  -81.028  23.887 1.0000000000
20783  -8.040  -81.970  23.761 1.0000000000
20764  -7.979  -82.571  25.068 1.0000000000
24972  -7.168  -77.953  30.277 1.0000000000
23858  -7.604  -78.485  30.374 1.0000000000
23860  -9.021  -79.485  30.104 0.8999999762
23883  -10.249  -78.747  28.433 0.8999999762
25002  -11.604  -78.476  27.964 1.0000000000
25003  -12.700  -78.445  28.072 1.0000000000
21857  -7.364  -81.656  24.469 1.0000000000
19659  -7.791  -83.167  26.127 1.0000000000
21811  -7.183  -81.946  26.166 1.0000000000
20746  -7.578  -82.755  26.092 1.0000000000
21798  -8.459  -82.615  26.417 1.0000000000
21813  -8.913  -81.972  26.087 1.0000000000
23887  -14.299  -79.722  27.999 1.0000000000
22889  -9.737  -80.770  25.502 1.0000000000
21814  -10.257  -81.673  25.539 1.0000000000
21815  -11.659  -81.474  25.139 1.0000000000
21816  -12.915  -81.614  25.273 1.0000000000
21799  -14.003  -81.454  26.591 1.0000000000
21818  -14.355  -81.139  26.067 1.0000000000
21789  -14.325  -81.063  27.130 1.0000000000
23888  -15.089  -79.366  27.909 0.8999999762
22890  -10.924  -80.653  25.016 1.0000000000
21836  -12.135  -80.913  24.832 1.0000000000
22892  -13.651  -81.074  25.259 1.0000000000
22907  -13.842  -80.633  25.148 1.0000000000
22893  -14.255  -80.646  25.536 1.0000000000
22880  -14.894  -80.331  26.616 1.0000000000
23901  -15.006  -79.967  27.429 1.0000000000
20715  1.974  -82.318  28.728 0.3000000119
21778  1.993  -81.235  28.280 0.5000000000
21787  -0.194  -80.058  26.859 0.8999999762
20716  -0.393  -81.209  27.792 0.8999999762
21779  -0.346  -80.416  28.101 0.8999999762
21763  -0.648  -80.819  29.103 0.8999999762
23868  -0.251  -79.153  29.750 0.8999999762
21764  -1.057  -81.240  30.002 0.8999999762
24971  -0.210  -78.527  30.448 0.8999999762
22846  -1.019  -80.898  30.456 0.8999999762
20656  -1.944  -82.167  31.567 1.0000000000
23857  -0.445  -79.362  30.727 0.8999999762
22815  -1.136  -80.534  31.686 1.0000000000
20681  -2.093  -82.914  31.268 1.0000000000
25149  0.237  -78.954  20.083 0.4000000060
23999  0.907  -79.646  20.653 0.5000000000
23832  -0.849  -79.302  32.393 1.0000000000
22798  -2.336  -80.474  32.785 1.0000000000
21706  -2.777  -81.094  32.550 1.0000000000
21707  -3.595  -80.986  32.539 1.0000000000
24022  0.263  -79.517  19.316 0.5000000000
22949  1.077  -80.254  20.588 0.8999999762
22950  1.017  -80.566  20.879 0.8999999762
23834  -2.534  -79.608  33.005 1.0000000000
22800  -4.176  -80.402  32.562 1.0000000000
22967  0.907  -80.382  20.165 0.6999999881
22952  -1.702  -80.051  20.586 0.8999999762
22939  -4.026  -79.910  21.470 1.0000000000
23836  -4.744  -79.357  32.460 1.0000000000
23837  -5.474  -79.293  32.250 1.0000000000
23845  -6.308  -79.164  31.821 1.0000000000
24023  -0.626  -78.742  18.785 0.4000000060
22940  -5.040  -80.373  21.720 1.0000000000
22941  -5.752  -80.581  22.452 1.0000000000
24957  -5.773  -78.117  31.724 1.0000000000
24958  -6.609  -78.017  31.029 1.0000000000
26133  -6.453  -76.835  29.811 0.8999999762
26149  -7.218  -77.030  28.734 0.6999999881
24988  -8.576  -78.299  28.968 0.8999999762
25000  -9.558  -78.304  28.315 0.8999999762
25001  -10.566  -78.085  27.872 1.0000000000
25021  -12.087  -77.765  27.737 0.8000000119
21834  -6.627  -81.195  25.026 1.0000000000
21812  -7.886  -81.825  26.110 1.0000000000
22888  -8.531  -80.898  25.694 1.0000000000
23922  -10.532  -79.680  25.064 1.0000000000
23923  -11.730  -79.645  24.857 1.0000000000
22891  -11.877  -80.539  24.828 1.0000000000
22906  -13.260  -80.717  24.941 1.0000000000
23925  -14.454  -80.171  25.439 1.0000000000
23926  -15.012  -79.850  25.754 1.0000000000
23911  -15.295  -79.929  26.711 1.0000000000
23902  -15.521  -79.524  27.222 0.8999999762
23939  -14.508  -79.532  25.250 1.0000000000
25049  -14.654  -78.839  25.140 1.0000000000
21762  1.879  -81.558  29.462 0.4000000060
22871  1.636  -79.715  26.883 0.6999999881
22844  2.007  -80.447  28.967 0.3000000119
22861  2.062  -80.110  27.815 0.5000000000
21795  0.262  -79.570  26.561 0.8999999762
22877  1.159  -79.318  26.357 0.8999999762
23906  0.489  -78.759  27.257 0.8999999762
23907  0.047  -79.029  27.387 0.8999999762
22872  -0.158  -79.515  27.635 0.8999999762
24998  0.152  -78.242  28.656 0.8999999762
24986  0.009  -78.271  29.559 0.8999999762
26113  -0.239  -77.993  31.184 0.8999999762
26096  -0.201  -77.522  32.021 0.8999999762
24941  -0.410  -78.487  32.043 0.8999999762
24930  -0.595  -77.830  32.630 0.8999999762
24942  -0.950  -78.515  32.932 1.0000000000
24943  -2.075  -78.149  33.166 1.0000000000
24944  -3.448  -78.273  32.820 1.0000000000
24001  -0.825  -79.738  21.346 0.8999999762
24002  -2.032  -79.477  21.329 0.8999999762
22938  -2.941  -79.695  21.049 1.0000000000
26100  -4.237  -77.053  32.375 0.8999999762
24956  -5.463  -77.471  31.768 0.8999999762
26115  -5.716  -76.821  30.906 0.8000000119
26132  -5.895  -76.148  30.088 0.6999999881
22929  -4.597  -79.922  22.370 1.0000000000
22930  -5.308  -80.338  22.905 1.0000000000
22919  -5.599  -80.292  23.972 1.0000000000
26116  -6.164  -77.417  30.883 1.0000000000
27312  -6.737  -76.199  28.510 0.6999999881
27325  -8.677  -76.507  27.634 0.6999999881
26162  -9.260  -77.154  27.659 0.8999999762
25019  -10.816  -77.402  27.470 0.6999999881
26165  -13.496  -77.552  27.969 0.8000000119
22931  -6.050  -80.626  23.409 1.0000000000
22920  -6.263  -80.696  24.431 1.0000000000
21833  -6.367  -80.791  25.182 1.0000000000
21810  -6.868  -81.272  25.633 1.0000000000
27343  -10.400  -75.997  27.255 0.6999999881
26181  -11.095  -76.797  27.244 0.6999999881
26164  -12.700  -77.468  27.713 0.6999999881
21809  -6.428  -80.713  25.407 1.0000000000
26183  -13.112  -76.712  27.525 0.8000000119
23920  -8.188  -79.824  25.513 1.0000000000
23921  -9.354  -79.763  25.334 1.0000000000
25005  -14.897  -78.656  28.222 0.8000000119
25046  -11.340  -78.615  24.910 1.0000000000
23924  -12.577  -79.455  24.753 1.0000000000
23937  -13.133  -79.889  24.782 1.0000000000
25060  -13.833  -79.312  24.915 1.0000000000
23938  -14.126  -80.059  25.068 1.0000000000
23927  -15.679  -79.327  26.110 1.0000000000
23912  -15.613  -79.536  26.557 0.8999999762
25006  -15.795  -78.819  27.730 0.8999999762
25047  -12.532  -78.633  24.802 1.0000000000
25048  -13.624  -78.516  24.868 1.0000000000
25050  -15.913  -78.698  25.766 1.0000000000
25034  -16.085  -79.105  26.498 1.0000000000
25023  -16.304  -78.826  27.121 0.8999999762
24984  1.564  -78.775  28.910 0.6999999881
26178  1.329  -77.971  27.820 0.8000000119
25018  0.181  -78.056  28.087 0.8999999762
26145  1.231  -78.101  29.225 0.8000000119
26146  0.788  -77.697  29.492 0.8999999762
26129  1.059  -77.644  30.424 0.6999999881
27310  0.609  -77.518  30.070 0.8000000119
28477  0.636  -76.708  31.526 0.8000000119
27295  0.374  -77.383  30.501 0.8999999762
28462  0.360  -76.537  31.826 0.8000000119
27265  -0.083  -76.612  32.183 0.8999999762
27250  -0.563  -76.165  32.777 0.8999999762
27267  -2.190  -76.121  32.906 1.0000000000
27268  -2.896  -76.258  32.680 1.0000000000
23978  -0.358  -79.231  21.853 0.8000000119
23980  -3.124  -79.396  21.933 0.8999999762
27269  -3.791  -76.210  32.337 1.0000000000
27280  -4.652  -75.827  31.364 0.6999999881
27296  -4.866  -75.292  30.473 0.6999999881
27297  -5.390  -75.672  30.365 0.6999999881
27298  -5.928  -75.636  29.508 0.6999999881
23981  -3.998  -79.657  22.097 1.0000000000
22918  -4.832  -79.860  23.388 1.0000000000
28481  -5.915  -75.181  30.239 0.6999999881
28493  -6.500  -74.913  29.042 0.6999999881
27323  -7.135  -75.719  28.183 0.6999999881
27341  -8.686  -75.488  27.681 0.6999999881
28535  -9.885  -75.104  27.631 0.6999999881
22902  -5.026  -79.816  24.464 1.0000000000
28494  -7.536  -74.952  28.952 0.6999999881
28514  -9.268  -74.782  28.257 0.6999999881
27344  -11.584  -75.904  27.278 0.6000000238
27345  -12.628  -75.926  27.432 0.6000000238
22886  -6.609  -80.457  25.621 1.0000000000
22887  -7.418  -80.931  25.754 1.0000000000
28536  -11.017  -75.206  27.747 0.6000000238
28537  -12.125  -75.242  27.796 0.6000000238
23919  -7.100  -79.762  25.602 0.8999999762
27346  -13.562  -75.895  27.560 0.5000000000
27330  -14.747  -76.446  27.954 0.6999999881
26166  -14.614  -77.463  28.202 0.8000000119
25043  -7.875  -78.712  25.360 1.0000000000
25044  -9.023  -78.709  25.177 1.0000000000
27331  -15.470  -76.529  28.475 0.8000000119
26167  -15.745  -77.760  28.342 0.8000000119
26207  -9.866  -77.607  25.082 1.0000000000
26208  -10.979  -77.585  25.018 1.0000000000
26209  -12.096  -77.574  24.893 1.0000000000
26210  -13.212  -77.573  24.897 1.0000000000
26211  -14.328  -77.627  24.956 1.0000000000
26212  -15.473  -77.655  25.282 1.0000000000
26213  -16.636  -77.555  25.803 1.0000000000
26198  -16.853  -78.016  26.505 0.8999999762
26168  -16.841  -77.880  27.939 0.8999999762
25051  -16.455  -78.194  26.125 0.8999999762
25035  -16.427  -78.559  26.509 0.8999999762
25007  -16.399  -78.451  27.520 0.8999999762
23856  1.806  -79.582  29.549 0.4000000060
24970  1.412  -78.678  29.997 0.5000000000
24954  1.265  -78.446  31.268 0.5000000000
28381  -0.363  -75.069  35.022 0.1000000015
28403  0.009  -74.248  34.608 0.2000000030
29616  -1.689  -73.744  34.240 0.2000000030
27293  0.888  -76.805  31.348 0.6000000238
27278  1.040  -76.193  32.153 0.6000000238
28443  0.418  -75.049  32.606 0.6000000238
149020  -0.207  -74.122  32.575 0.6999999881
29657  -1.113  -74.479  32.805 0.6999999881
25107  -0.327  -78.375  22.036 0.5000000000
29640  -1.603  -74.959  32.777 0.6999999881
29659  -3.184  -74.968  32.408 0.6999999881
23979  -1.689  -78.865  21.991 0.6999999881
23963  -2.976  -78.713  22.949 0.6999999881
23964  -4.002  -79.473  22.746 0.8000000119
29682  -3.980  -74.324  31.360 0.8000000119
30782  -4.702  -74.300  30.962 0.6999999881
29685  -5.607  -74.676  30.860 0.6000000238
28465  -6.057  -74.859  31.228 0.6000000238
28466  -6.742  -75.387  30.801 0.6999999881
27299  -7.829  -75.505  29.871 0.6999999881
22884  -5.173  -79.665  25.389 1.0000000000
22885  -5.864  -80.168  25.716 1.0000000000
23918  -6.150  -79.624  25.817 0.8999999762
28483  -7.922  -75.259  29.458 0.6999999881
28496  -9.729  -74.958  28.873 0.6000000238
28515  -10.419  -74.728  28.404 0.5000000000
27315  -10.368  -75.407  29.145 0.5000000000
27327  -10.907  -74.942  28.876 0.5000000000
28517  -12.594  -75.234  28.601 0.5000000000
28518  -13.535  -75.515  28.648 0.5000000000
28538  -13.090  -75.402  27.918 0.5000000000
26206  -8.756  -77.610  25.191 1.0000000000
28539  -13.957  -75.342  27.929 0.5000000000
27347  -14.376  -75.848  27.701 0.6000000238
27372  -9.579  -76.552  25.087 1.0000000000
27373  -10.645  -76.564  25.071 1.0000000000
27374  -11.714  -76.561  25.015 1.0000000000
27375  -12.796  -76.565  24.991 1.0000000000
27376  -13.895  -76.579  24.919 1.0000000000
27377  -15.020  -76.604  25.027 1.0000000000
27378  -16.131  -76.578  25.355 1.0000000000
26214  -17.270  -77.089  26.014 0.8999999762
26199  -17.340  -77.441  26.453 0.8999999762
26169  -17.480  -77.377  27.654 0.8999999762
27332  -16.687  -76.871  28.707 0.8000000119
28566  -13.449  -75.572  25.049 1.0000000000
28567  -14.536  -75.577  24.962 1.0000000000
28568  -15.622  -75.580  25.151 1.0000000000
27379  -17.195  -76.456  25.755 0.8999999762
27363  -18.254  -76.391  26.713 0.8999999762
27349  -17.897  -77.068  27.150 0.8999999762
27333  -17.865  -76.707  28.165 0.8999999762
28522  -17.511  -75.855  29.043 0.6999999881
28569  -16.666  -75.549  25.476 1.0000000000
28571  -18.298  -75.327  26.047 0.8999999762
27350  -18.452  -76.242  27.413 0.8999999762
27334  -18.535  -75.967  27.980 0.8000000119
24940  1.338  -78.037  32.562 0.1000000015
26095  1.367  -76.665  32.839 0.3000000119
27225  1.271  -75.774  34.147 0.1000000015
28379  0.982  -75.547  35.191 0.1000000015
28402  1.077  -74.740  34.561 0.4000000060
26112  1.147  -77.247  31.737 0.6999999881
27264  1.244  -75.725  32.772 0.4000000060
28401  1.279  -75.048  33.756 0.5000000000
28426  0.678  -74.764  32.926 0.6000000238
29638  0.517  -73.987  32.900 0.6000000238
149024  -1.760  -73.706  32.494 0.6999999881
149027  -2.375  -73.667  32.400 0.5000000000
30760  -4.638  -73.462  32.412 0.4000000060
25108  -0.944  -78.518  22.393 0.6000000238
23951  -4.194  -79.231  23.786 0.8000000119
30770  -3.248  -74.000  31.964 0.6999999881
30771  -4.183  -73.819  31.655 0.6000000238
30772  -4.916  -73.975  31.344 0.5000000000
25109  -1.478  -78.530  22.533 0.6999999881
25075  -2.414  -78.243  23.646 0.6999999881
23950  -3.461  -78.585  24.213 0.8000000119
23935  -4.375  -79.130  24.883 0.8999999762
27282  -7.706  -75.944  30.531 0.6999999881
23916  -4.460  -78.911  25.776 0.8999999762
23917  -5.276  -79.333  25.942 0.8999999762
25041  -5.654  -78.867  25.899 0.8999999762
25042  -6.673  -78.629  25.635 0.8999999762
27313  -8.843  -75.384  29.502 0.6000000238
25033  -5.946  -78.151  25.867 1.0000000000
26152  -9.848  -76.291  29.676 0.5000000000
26153  -10.812  -76.492  29.523 0.5000000000
26205  -7.666  -77.547  25.448 1.0000000000
27329  -12.981  -75.610  29.033 0.5000000000
27371  -8.529  -76.507  25.241 1.0000000000
28540  -14.669  -75.362  28.001 0.5000000000
28521  -16.271  -75.702  28.923 0.6999999881
28563  -10.332  -75.551  25.121 1.0000000000
28564  -11.353  -75.573  25.132 1.0000000000
28565  -12.390  -75.577  25.131 1.0000000000
28523  -18.600  -75.346  28.546 0.8000000119
29738  -11.993  -74.627  25.304 1.0000000000
29739  -13.010  -74.600  25.253 1.0000000000
29740  -14.063  -74.578  25.088 1.0000000000
29742  -16.206  -74.606  25.217 1.0000000000
29744  -18.137  -74.700  25.740 1.0000000000
28541  -18.882  -75.342  27.622 0.8000000119
29614  0.224  -73.315  33.690 0.6000000238
30728  -1.599  -72.853  33.969 0.2000000030
30726  -0.231  -72.622  33.220 0.6999999881
30727  -1.045  -72.356  33.403 0.5000000000
31840  -3.332  -72.922  32.810 0.4000000060
31829  -4.089  -73.040  33.106 0.4000000060
25086  -0.795  -78.084  23.074 0.4000000060
25058  -2.727  -78.002  24.624 0.6999999881
149023  -2.078  -72.999  32.563 0.5000000000
30750  -5.321  -73.496  32.875 0.4000000060
25087  -1.560  -78.243  23.041 0.6999999881
23934  -3.653  -78.495  25.250 0.8000000119
23910  -4.711  -78.772  26.137 0.8999999762
25040  -5.068  -78.780  26.210 0.8999999762
26204  -6.575  -77.333  25.641 1.0000000000
27370  -7.514  -76.389  25.465 1.0000000000
28562  -9.318  -75.510  25.231 1.0000000000
29737  -11.014  -74.637  25.374 1.0000000000
28505  -18.639  -74.654  28.965 0.8000000119
30850  -11.620  -73.759  25.566 1.0000000000
30851  -12.555  -73.666  25.439 1.0000000000
30852  -13.585  -73.591  25.312 1.0000000000
30853  -14.666  -73.594  25.076 1.0000000000
30854  -15.757  -73.631  25.000 1.0000000000
30855  -16.839  -73.706  25.191 1.0000000000
30856  -17.869  -73.829  25.465 1.0000000000
29745  -18.697  -74.783  26.234 1.0000000000
29728  -19.394  -74.272  26.896 0.8000000119
29719  -19.395  -74.545  28.056 0.8000000119
25073  -0.877  -77.607  23.617 0.5000000000
25074  -1.520  -77.700  23.927 0.5000000000
25057  -2.099  -77.415  24.978 0.6000000238
25039  -3.056  -77.835  25.502 0.8000000119
25085  -0.600  -77.608  22.973 0.4000000060
23909  -4.177  -78.440  26.220 0.8999999762
25032  -5.287  -78.220  26.186 1.0000000000
26197  -5.712  -77.425  25.998 1.0000000000
27361  -6.078  -76.832  25.793 1.0000000000
28561  -8.328  -75.434  25.399 1.0000000000
29735  -9.057  -74.484  25.387 1.0000000000
29736  -10.041  -74.573  25.348 1.0000000000
30849  -10.709  -73.733  25.651 1.0000000000
29701  -18.605  -74.061  29.266 0.6000000238
31925  -11.301  -72.948  25.725 1.0000000000
31927  -12.989  -72.520  25.412 1.0000000000
31928  -14.193  -72.596  25.315 1.0000000000
31929  -15.282  -72.637  25.069 1.0000000000
31932  -18.483  -73.030  25.659 0.8999999762
31911  -12.348  -72.250  25.516 0.8999999762
33008  -17.086  -71.706  25.108 1.0000000000
31931  -17.498  -72.809  25.288 0.8999999762
31914  -19.410  -72.567  26.620 0.8999999762
33006  -14.798  -71.672  25.044 1.0000000000
25072  -0.802  -77.410  23.519 0.4000000060
25038  -2.510  -77.326  25.722 0.8000000119
25030  -3.835  -77.968  26.459 0.8999999762
26244  -0.805  -76.837  22.754 0.2000000030
25031  -4.565  -78.224  26.376 0.8999999762
26265  -0.765  -77.201  21.945 0.3000000119
27369  -6.542  -76.156  25.662 1.0000000000
30848  -9.774  -73.604  25.604 1.0000000000
31924  -10.474  -72.784  25.776 0.8999999762
31909  -11.090  -72.177  25.706 0.8999999762
32988  -11.532  -71.727  25.561 0.8999999762
34070  -18.398  -71.212  25.665 0.8999999762
31912  -12.647  -72.055  25.459 0.8999999762
33005  -13.752  -71.597  25.234 0.8999999762
34066  -14.366  -70.775  24.970 1.0000000000
26218  -1.236  -77.145  24.575 0.5000000000
26229  -0.895  -77.036  24.095 0.3000000119
25029  -3.251  -77.667  26.138 0.6000000238
27359  -4.506  -76.500  26.637 0.8000000119
26196  -4.973  -77.419  26.454 1.0000000000
27366  -0.647  -76.432  25.494 0.3000000119
27360  -5.547  -76.325  26.086 0.8000000119
27368  -6.144  -75.694  25.862 0.8999999762
28559  -6.613  -75.153  25.774 1.0000000000
28560  -7.390  -75.317  25.563 1.0000000000
29733  -7.224  -74.379  25.772 0.8000000119
30846  -7.676  -73.346  25.926 0.6999999881
30847  -8.781  -73.471  25.650 0.8000000119
31923  -9.537  -72.592  25.827 0.8000000119
32987  -11.058  -71.680  25.627 0.8000000119
34069  -17.900  -70.657  25.419 0.8999999762
33003  -11.948  -71.191  25.413 0.8999999762
34065  -13.422  -70.537  25.080 1.0000000000
34067  -15.341  -70.755  24.880 1.0000000000
34068  -16.503  -70.538  24.961 0.8999999762
35146  -13.640  -69.726  24.850 1.0000000000
34077  -14.103  -70.067  24.893 0.8999999762
34078  -14.826  -69.989  24.870 0.8999999762
26203  -1.499  -76.887  25.480 0.4000000060
26193  -2.688  -77.007  26.303 0.5000000000
26195  -4.104  -77.377  26.627 0.6999999881
26202  -0.881  -76.701  25.443 0.3000000119
26194  -3.343  -77.224  26.529 0.6000000238
27358  -3.518  -76.387  26.895 0.6999999881
28552  -5.877  -75.122  26.119 0.8000000119
29727  -6.516  -74.270  26.052 0.6999999881
30845  -7.038  -73.800  26.015 0.6999999881
30834  -7.276  -72.756  26.164 0.6999999881
31922  -8.536  -72.470  25.926 0.8000000119
33001  -10.394  -71.613  25.731 0.8000000119
33002  -11.218  -71.184  25.507 0.8000000119
34063  -11.632  -70.413  25.332 0.8999999762
34064  -12.460  -70.483  25.227 0.8999999762
35145  -12.913  -69.595  24.935 0.8999999762
35158  -14.282  -69.288  24.675 0.8000000119
35159  -15.197  -69.202  24.705 0.6999999881
36274  -14.826  -68.425  24.532 0.8000000119
26192  -2.277  -76.906  25.948 0.3000000119
27367  -0.978  -76.569  25.788 0.3000000119
27357  -2.644  -76.574  26.784 0.5000000000
27338  -2.092  -76.031  26.991 0.3000000119
28551  -4.774  -75.271  26.592 0.6999999881
28528  -1.084  -75.020  27.437 0.3000000119
27339  -2.707  -75.947  27.164 0.4000000060
28532  -4.281  -74.790  26.971 0.6999999881
30833  -6.675  -73.185  26.335 0.6999999881
31921  -7.695  -72.287  26.049 0.6999999881
31908  -6.995  -72.175  26.329 0.6000000238
32999  -8.226  -71.510  25.926 0.6999999881
33000  -9.193  -71.541  25.849 0.8000000119
34061  -9.752  -70.494  25.667 0.6999999881
34062  -10.763  -70.444  25.464 0.6999999881
35143  -11.293  -69.507  25.221 0.6999999881
35144  -12.118  -69.655  25.127 0.6999999881
36256  -12.463  -69.131  24.962 0.6999999881
36272  -12.825  -68.513  24.564 0.6999999881
35157  -13.506  -69.112  24.680 0.8000000119
36273  -13.911  -68.398  24.435 0.8000000119
37465  -13.539  -67.435  24.307 0.6999999881
37466  -14.529  -67.489  24.418 0.6999999881
28529  -2.019  -75.329  27.351 0.3000000119
28530  -2.859  -75.274  27.334 0.6000000238
29718  -4.689  -74.163  27.010 0.6999999881
29716  -3.187  -74.548  27.410 0.6000000238
29717  -3.914  -74.348  27.236 0.6999999881
30832  -5.965  -73.024  26.932 0.6999999881
30823  -4.191  -73.441  27.389 0.5000000000
31906  -5.718  -72.530  27.101 0.4000000060
32986  -6.790  -71.300  26.701 0.5000000000
32998  -7.451  -71.413  26.216 0.6000000238
34059  -7.882  -70.784  26.073 0.6000000238
34060  -8.673  -70.508  25.953 0.6000000238
35142  -10.312  -69.414  25.398 0.6000000238
36255  -11.949  -68.810  25.002 0.6999999881
36271  -11.878  -68.058  24.393 0.5000000000
37464  -12.567  -67.370  24.164 0.5000000000
38656  -14.235  -66.441  24.372 0.5000000000
29714  -1.610  -74.543  27.530 0.6000000238
29715  -2.410  -74.430  27.483 0.5000000000
28510  -1.165  -74.483  27.588 0.1000000015
29707  -1.858  -73.886  27.523 0.4000000060
30822  -3.371  -73.744  27.534 0.6000000238
30811  -2.524  -73.261  27.709 0.3000000119
30813  -4.390  -72.523  27.557 0.4000000060
31898  -5.402  -71.891  27.280 0.4000000060
31889  -2.857  -71.851  28.061 0.2000000030
31899  -5.882  -71.532  27.167 0.3000000119
32985  -6.185  -71.123  27.102 0.5000000000
32972  -3.404  -70.943  28.230 0.1000000015
32980  -5.668  -70.983  27.475 0.2000000030
34048  -7.233  -70.377  26.537 0.4000000060
34049  -7.991  -70.121  26.247 0.6000000238
35117  -4.279  -69.540  28.217 0.1000000015
35129  -6.273  -69.230  27.062 0.3000000119
35131  -8.428  -69.645  26.147 0.5000000000
36253  -9.865  -68.328  25.400 0.5000000000
36254  -10.975  -68.319  24.845 0.5000000000
37446  -10.261  -67.318  24.932 0.5000000000
37462  -10.979  -67.244  24.313 0.5000000000
38653  -11.369  -66.245  23.820 0.5000000000
38654  -12.262  -66.504  23.858 0.5000000000
38655  -13.190  -66.342  24.074 0.4000000060
39764  -15.582  -65.849  24.618 0.2000000030
38672  -11.674  -65.671  23.667 0.3000000119
38673  -12.054  -65.817  23.647 0.4000000060
39785  -13.128  -65.313  23.917 0.3000000119
39762  -13.939  -65.426  24.193 0.2000000030
35128  -5.649  -68.362  27.369 0.1000000015
36240  -6.172  -67.781  27.144 0.1000000015
36251  -8.060  -68.149  26.208 0.4000000060
36252  -8.943  -68.230  25.839 0.4000000060
38652  -10.467  -66.375  24.360 0.3000000119
39760  -10.706  -65.459  23.922 0.4000000060
40857  -12.174  -64.596  23.640 0.2000000030
40858  -12.850  -64.556  23.778 0.2000000030
36239  -5.335  -67.654  27.312 0.1000000015
36241  -7.054  -68.073  26.590 0.2000000030
37443  -7.615  -67.135  26.238 0.2000000030
37445  -9.393  -67.310  25.454 0.4000000060
37444  -8.527  -67.251  25.896 0.4000000060
38635  -9.733  -66.371  25.011 0.3000000119
39742  -10.014  -65.451  24.535 0.3000000119
40835  -11.065  -64.621  23.724 0.3000000119
40856  -11.635  -64.740  23.632 0.3000000119
41875  -10.859  -63.736  23.972 0.2000000030
43008  -12.187  -63.230  23.774 0.2000000030
41894  -12.492  -63.896  23.712 0.2000000030
41895  -13.144  -63.847  23.835 0.2000000030
41874  -10.195  -63.633  24.440 0.2000000030
42989  -11.350  -62.641  24.016 0.2000000030
42990  -12.522  -62.475  23.863 0.2000000030
42971  -10.824  -61.950  24.277 0.2000000030
44183  -12.059  -61.537  24.016 0.2000000030
44166  -10.526  -61.299  24.434 0.1000000015
44182  -11.270  -61.430  24.241 0.2000000030
45413  -11.715  -60.767  24.200 0.2000000030
45391  -10.208  -60.354  24.477 0.1000000015
45392  -11.048  -60.391  24.306 0.1000000015
2263  -1.257  -102.403  4.443 0.3000000119
740  -3.539  -105.306  5.765 0.3000000119
23881  1.686  -79.229  27.530 0.6999999881
36232  -4.606  -67.748  27.274 0.1000000015
35122  -4.949  -68.913  27.856 0.1000000015
1194  4.216  -104.088  4.946 0.5000000000
437  -1.582  -105.776  3.913 0.6000000238
423  -2.690  -106.090  5.294 0.3000000119
1684  2.091  -103.459  2.678 0.5000000000
2280  0.915  -103.001  3.578 0.4000000060
1195  0.300  -104.372  3.492 0.4000000060
1666  0.219  -103.537  3.690 0.3000000119
1196  -0.445  -104.324  3.980 0.3000000119
454  -0.735  -105.465  3.405 0.6000000238
796  -2.154  -105.008  2.788 0.6000000238
782  -4.494  -105.310  3.394 0.8000000119
1714  -7.820  -103.941  0.464 0.8999999762
3534  3.816  -100.903  9.371 1.0000000000
1723  -2.058  -103.899  1.113 0.8999999762
2291  -10.089  -101.941  2.885 0.6000000238
1254  -7.927  -104.166  -0.487 0.8999999762
2983  -10.314  -101.570  2.489 0.6000000238
2309  -10.056  -101.899  0.849 0.6000000238
2327  -9.407  -102.830  0.038 1.0000000000
3671  -10.767  -100.969  0.720 0.6000000238
3694  -10.896  -100.633  -1.526 0.6999999881
148923  -0.641  -99.948  7.791 1.0000000000
1746  -5.148  -103.477  -1.097 1.0000000000
3659  -11.713  -100.283  2.450 0.6999999881
2973  -0.303  -101.876  2.669 1.0000000000
6625  2.222  -96.779  -0.892 0.6999999881
5083  1.074  -98.371  -0.563 0.8000000119
5100  1.184  -98.623  -1.534 0.6999999881
5132  1.677  -98.253  -2.862 0.6000000238
4383  0.385  -99.252  -2.312 0.8999999762
5103  -1.944  -98.871  -0.717 1.0000000000
5120  -2.623  -98.892  -1.315 1.0000000000
3061  -10.219  -101.423  -4.352 0.8000000119
4449  -10.236  -99.889  -4.516 0.6000000238
5874  -11.725  -97.576  -3.476 0.5000000000
3628  -2.221  -100.787  3.778 1.0000000000
5066  -1.051  -98.257  0.825 1.0000000000
2977  -4.362  -101.789  2.404 1.0000000000
5085  -1.211  -98.672  -0.120 1.0000000000
2357  -6.337  -102.873  -1.364 1.0000000000
2372  -7.448  -103.039  -2.031 1.0000000000
1753  -9.074  -102.462  -3.311 1.0000000000
4464  -10.109  -100.413  -5.177 0.8000000119
4406  -4.516  -98.879  -2.909 0.8999999762
3731  -9.353  -100.610  -6.394 0.8000000119
5169  -9.490  -98.880  -5.475 0.5000000000
6689  -10.672  -96.462  -5.209 0.5000000000
5906  -9.977  -96.970  -5.174 0.6000000238
5905  -9.308  -97.524  -5.732 0.5000000000
4242  -3.214  -99.259  8.288 1.0000000000
3655  -5.896  -101.073  2.970 1.0000000000
4485  -9.024  -100.052  -6.667 0.6999999881
5191  -7.841  -98.671  -7.153 0.6000000238
5931  -7.318  -97.608  -7.427 0.6000000238
4274  -4.180  -99.471  6.713 1.0000000000
4309  -5.242  -99.898  5.104 1.0000000000
9669  2.465  -93.976  3.907 0.6000000238
10620  -1.718  -92.899  7.159 1.0000000000
4260  -4.728  -99.137  7.467 1.0000000000
4275  -5.223  -99.339  6.646 1.0000000000
4310  -6.257  -99.780  5.025 1.0000000000
5044  -7.616  -98.428  3.763 1.0000000000
4311  -7.148  -99.568  4.886 1.0000000000
4245  -5.728  -98.740  7.944 1.0000000000
6323  2.881  -96.868  22.067 0.4000000060
5608  2.856  -96.730  18.757 0.8000000119
6416  0.966  -96.309  16.781 0.8999999762
5705  -6.775  -96.753  9.948 1.0000000000
12605  0.300  -90.902  3.967 0.2000000030
6481  -7.671  -96.063  10.749 1.0000000000
6479  -6.825  -96.577  10.893 1.0000000000
7381  2.582  -94.259  15.387 0.6000000238
9549  0.745  -93.378  10.297 0.8000000119
6436  -10.027  -96.831  16.581 1.0000000000
12417  1.831  -91.195  14.894 0.8999999762
148961  -11.103  -95.620  14.808 1.0000000000
10530  -11.646  -92.564  12.083 1.0000000000
8360  -5.715  -94.474  19.806 1.0000000000
8379  -6.912  -95.197  20.007 1.0000000000
13383  1.449  -90.302  15.154 0.8999999762
12506  -7.348  -90.578  12.044 1.0000000000
12508  -9.489  -90.489  11.821 1.0000000000
148971  -12.580  -93.327  16.042 1.0000000000
12533  0.896  -90.404  9.513 0.5000000000
12376  -2.645  -90.083  19.027 1.0000000000
13366  0.189  -88.798  16.292 0.8999999762
13341  -1.101  -88.802  17.619 1.0000000000
148974  -12.751  -92.456  15.947 1.0000000000
11483  -11.848  -91.267  14.420 1.0000000000
13466  1.648  -89.653  10.240 0.8000000119
14348  -1.342  -88.103  18.220 1.0000000000
12444  -9.922  -89.674  14.364 1.0000000000
148975  -12.810  -92.174  16.246 1.0000000000
148977  -12.796  -91.432  16.997 1.0000000000
13429  0.610  -89.096  11.750 0.8999999762
13420  -0.777  -89.064  13.034 1.0000000000
14338  -1.921  -87.960  18.948 1.0000000000
14432  0.896  -88.190  11.893 0.8999999762
148987  -13.159  -89.924  18.696 1.0000000000
15451  -0.022  -87.174  13.262 1.0000000000
14376  -6.437  -89.033  16.843 1.0000000000
15520  0.238  -87.390  8.890 0.3000000119
14402  -0.687  -87.578  13.896 1.0000000000
16522  -0.576  -86.274  14.407 0.8999999762
15425  -2.422  -87.744  15.277 1.0000000000
17575  -12.317  -85.108  19.227 1.0000000000
17613  -1.714  -85.739  15.602 0.8999999762
16499  -4.444  -86.821  16.845 1.0000000000
15395  -6.586  -87.860  17.474 1.0000000000
18571  2.025  -83.933  24.253 0.6000000238
17622  0.467  -84.998  14.277 0.8999999762
20782  1.064  -81.946  23.430 0.8999999762
14287  -9.978  -88.180  24.233 1.0000000000
16388  -12.143  -86.304  22.925 1.0000000000
18641  -12.437  -84.553  19.766 1.0000000000
18685  0.236  -84.201  15.292 0.8000000119
18680  -1.429  -84.421  15.895 0.8999999762
17588  -4.616  -86.052  16.997 1.0000000000
19807  -2.343  -83.765  16.632 1.0000000000
19791  -3.984  -83.812  17.007 1.0000000000
19792  -5.219  -83.723  17.291 1.0000000000
15244  -4.324  -87.195  27.786 1.0000000000
15245  -5.540  -87.954  27.350 1.0000000000
19728  -12.565  -84.379  21.697 1.0000000000
19746  -12.540  -84.196  20.805 1.0000000000
17427  -3.292  -86.215  28.567 1.0000000000
17497  -12.038  -85.478  23.414 1.0000000000
15297  -11.053  -87.036  24.600 1.0000000000
20860  -5.875  -82.566  17.655 1.0000000000
19777  -8.216  -83.689  18.137 1.0000000000
14241  -8.206  -88.381  26.658 1.0000000000
14257  -10.160  -87.882  25.422 1.0000000000
15246  -6.527  -88.084  27.696 1.0000000000
19710  -11.653  -83.656  22.771 1.0000000000
20843  0.907  -82.362  18.844 0.8000000119
22986  -1.832  -81.311  18.431 0.8999999762
20825  -9.511  -81.906  20.517 1.0000000000
18595  -11.418  -84.405  23.803 1.0000000000
18577  -10.372  -84.495  24.596 1.0000000000
18494  -3.004  -84.546  30.436 1.0000000000
18512  -3.465  -85.273  30.009 1.0000000000
16367  -11.808  -85.956  23.998 1.0000000000
15247  -7.297  -88.077  27.710 1.0000000000
15227  -5.329  -87.352  28.338 1.0000000000
15267  -10.076  -87.195  26.147 1.0000000000
16353  -10.601  -86.251  25.468 1.0000000000
21890  -8.110  -81.556  20.276 1.0000000000
19725  -10.287  -82.763  22.252 1.0000000000
17470  -10.593  -85.354  25.091 1.0000000000
15265  -8.829  -87.628  27.035 1.0000000000
15248  -8.064  -87.843  27.646 1.0000000000
16285  -6.802  -86.516  29.077 1.0000000000
16307  -7.781  -87.097  28.461 1.0000000000
19708  -9.807  -82.903  23.092 1.0000000000
16337  -9.785  -86.717  26.416 1.0000000000
18517  -8.327  -85.037  29.652 1.0000000000
18516  -7.414  -85.204  29.932 1.0000000000
19694  -9.445  -83.161  24.152 1.0000000000
17468  -9.481  -85.444  26.097 1.0000000000
21867  -7.983  -81.626  22.640 1.0000000000
20785  -9.336  -82.750  23.607 1.0000000000
18575  -9.071  -84.136  25.375 1.0000000000
17430  -9.172  -85.426  28.578 1.0000000000
18518  -9.297  -84.678  29.343 1.0000000000
18555  -9.260  -84.859  27.037 1.0000000000
18519  -10.044  -84.379  29.092 1.0000000000
19593  -10.149  -83.044  29.936 1.0000000000
22838  -10.315  -80.918  29.999 0.8999999762
19626  -10.912  -83.846  28.290 1.0000000000
22849  -11.556  -80.695  29.271 0.8999999762
19639  -10.805  -83.827  27.560 1.0000000000
20720  -12.300  -82.331  28.664 1.0000000000
19651  -11.404  -83.439  27.186 1.0000000000
19641  -12.151  -83.261  27.881 1.0000000000
19584  -1.746  -83.039  30.404 0.8999999762
18513  -4.559  -85.347  30.243 1.0000000000
18496  -5.203  -84.608  30.741 1.0000000000
22970  -2.136  -80.497  19.608 0.8999999762
19588  -5.871  -83.911  31.254 1.0000000000
21886  -4.282  -80.645  20.345 1.0000000000
20685  -6.508  -83.098  31.488 1.0000000000
19590  -7.626  -83.648  30.752 1.0000000000
20662  -7.083  -82.337  31.548 1.0000000000
21866  -7.427  -81.394  23.013 1.0000000000
20688  -9.074  -82.647  30.709 1.0000000000
22820  -8.389  -80.726  31.181 1.0000000000
22819  -7.615  -80.473  31.511 1.0000000000
22847  -10.155  -80.256  29.853 1.0000000000
23871  -11.208  -79.863  29.123 0.8999999762
20752  -13.600  -81.853  26.300 1.0000000000
22874  -14.599  -80.541  27.181 1.0000000000
22878  0.615  -79.248  26.616 0.8999999762
21751  -1.188  -81.306  30.743 1.0000000000
22968  0.539  -81.017  20.192 0.8999999762
21727  -2.297  -81.721  32.180 1.0000000000
20658  -3.705  -82.377  32.233 1.0000000000
20684  -5.572  -83.128  31.729 1.0000000000
20659  -4.574  -82.116  32.293 1.0000000000
22951  -0.120  -80.511  20.834 0.8999999762
21731  -6.048  -81.341  32.130 1.0000000000
20661  -6.307  -82.306  31.914 1.0000000000
23847  -8.251  -79.735  30.972 1.0000000000
23859  -8.003  -78.975  30.289 1.0000000000
21865  -6.455  -80.872  22.672 1.0000000000
26134  -7.050  -77.545  29.540 0.8999999762
24973  -7.737  -78.067  29.635 1.0000000000
23869  -9.190  -79.066  29.245 0.8999999762
24974  -8.338  -78.697  29.771 0.8999999762
24989  -9.301  -78.827  28.888 0.8999999762
21835  -7.101  -82.018  25.525 1.0000000000
21796  -7.637  -82.398  26.262 1.0000000000
21817  -13.784  -81.520  25.803 1.0000000000
22894  -14.643  -80.593  26.084 1.0000000000
22905  -12.537  -80.532  24.793 1.0000000000
23882  -0.149  -78.759  28.899 0.8999999762
22845  -0.627  -80.284  30.137 0.8999999762
26131  -0.043  -77.752  30.378 0.8999999762
22834  -0.826  -80.041  31.192 1.0000000000
21705  -2.024  -81.085  32.408 1.0000000000
22797  -1.556  -80.379  32.482 1.0000000000
22799  -3.222  -80.358  32.755 1.0000000000
24000  0.322  -79.944  21.278 0.8999999762
23835  -3.847  -79.388  32.764 1.0000000000
24945  -4.768  -78.168  32.318 1.0000000000
24946  -5.214  -78.741  32.253 1.0000000000
26148  -6.569  -76.455  28.833 0.6999999881
24987  -7.792  -77.817  28.941 0.8000000119
26160  -7.619  -76.432  28.091 0.8000000119
26161  -8.211  -77.144  28.081 0.8000000119
24999  -8.846  -77.800  28.162 0.8999999762
26163  -9.885  -77.701  27.751 1.0000000000
25016  1.298  -78.516  27.397 0.8000000119
26079  -1.107  -76.627  33.094 1.0000000000
24932  -1.732  -77.451  33.196 1.0000000000
26099  -3.123  -77.165  32.804 1.0000000000
26114  -5.164  -76.848  31.768 0.8999999762
27281  -5.215  -76.281  31.035 0.8000000119
22903  -5.880  -80.429  25.015 1.0000000000
27311  -6.396  -75.682  28.700 0.6999999881
28512  -7.016  -75.000  28.473 0.6999999881
27342  -9.182  -75.900  27.407 0.6999999881
27324  -8.217  -75.871  27.787 0.6999999881
26179  -9.756  -76.521  27.317 0.8000000119
26180  -10.240  -77.114  27.389 0.8000000119
25020  -11.377  -77.571  27.568 0.6999999881
26182  -12.121  -76.887  27.265 0.6999999881
26184  -14.019  -76.639  27.734 0.6999999881
25045  -10.181  -78.652  25.069 1.0000000000
25059  -13.146  -79.152  24.746 1.0000000000
26185  -16.749  -78.327  27.168 0.8999999762
26130  0.815  -77.498  30.147 0.6999999881
28461  0.485  -76.019  32.185 0.6999999881
28427  -0.844  -75.392  32.923 0.8000000119
28428  -1.361  -75.471  32.881 0.8000000119
28446  -2.678  -75.462  32.609 0.8000000119
28447  -3.435  -75.505  32.333 0.8000000119
28463  -3.793  -75.129  31.954 0.8000000119
28491  -4.747  -74.551  30.169 0.6999999881
29672  -4.153  -74.793  31.185 0.6999999881
29684  -5.110  -74.383  30.649 0.6000000238
28482  -7.160  -75.214  29.763 0.6999999881
28513  -8.087  -74.991  28.177 0.6999999881
28495  -8.654  -75.067  29.068 0.6999999881
27314  -9.304  -75.581  29.487 0.6000000238
28516  -11.582  -74.869  28.512 0.6000000238
26186  -17.278  -77.778  27.181 0.8999999762
149022  -1.041  -73.511  32.542 0.6000000238
26286  -0.401  -77.876  21.408 0.3000000119
29658  -2.405  -74.507  32.497 0.6999999881
30783  -4.967  -74.136  30.549 0.6000000238
29674  -5.551  -74.370  31.532 0.6000000238
28450  -6.609  -75.317  31.977 0.5000000000
27270  -7.223  -75.958  31.512 0.5000000000
26117  -7.861  -76.388  30.849 0.6000000238
27283  -8.237  -76.180  30.372 0.6999999881
28553  -18.012  -76.015  26.159 0.8999999762
29741  -15.149  -74.584  24.944 1.0000000000
28570  -17.609  -75.453  25.758 1.0000000000
29743  -17.224  -74.635  25.489 1.0000000000
28554  -18.659  -75.521  26.693 0.8999999762
149029  -3.517  -73.389  32.389 0.4000000060
29673  -5.108  -73.937  31.773 0.4000000060
26151  -9.336  -76.177  29.814 0.5000000000
26136  -9.124  -76.748  30.307 0.6000000238
28504  -18.098  -74.892  29.310 0.6999999881
30857  -18.783  -74.023  25.890 1.0000000000
149030  -3.389  -72.931  33.203 0.4000000060
23908  -3.761  -78.154  26.261 0.8000000119
31930  -16.395  -72.689  25.049 1.0000000000
30836  -19.520  -73.291  26.829 0.8000000119
29734  -8.069  -74.386  25.507 0.8999999762
31910  -11.751  -72.305  25.608 0.8999999762
31926  -12.101  -72.908  25.583 1.0000000000
30835  -19.170  -73.262  26.274 0.8999999762
32989  -12.127  -71.815  25.492 0.8999999762
33007  -15.899  -71.668  24.950 1.0000000000
33009  -18.163  -71.897  25.581 0.8999999762
33004  -12.728  -71.510  25.371 0.8999999762
34079  -15.690  -69.870  24.845 0.8000000119
28550  -4.125  -75.912  26.837 0.6999999881
29726  -5.625  -73.977  26.491 0.6999999881
27340  -3.180  -75.779  27.174 0.6999999881
30824  -5.148  -73.010  27.191 0.4000000060
30812  -3.531  -72.779  27.735 0.5000000000
31907  -6.254  -72.121  26.930 0.3000000119
35141  -9.204  -69.375  25.768 0.5000000000
36270  -11.366  -67.743  24.350 0.5000000000
31890  -3.868  -71.821  28.005 0.3000000119
31891  -4.638  -71.734  27.661 0.3000000119
32971  -2.759  -70.914  28.173 0.1000000015
32973  -4.265  -70.948  28.126 0.2000000030
32979  -5.010  -70.946  27.769 0.1000000015
34047  -6.490  -70.472  26.954 0.4000000060
34030  -2.960  -70.128  28.214 0.1000000015
34032  -4.644  -70.073  28.148 0.2000000030
34031  -3.861  -70.114  28.254 0.1000000015
34041  -5.931  -70.259  27.354 0.2000000030
34040  -5.401  -70.119  27.907 0.2000000030
35123  -5.635  -69.618  27.589 0.2000000030
35116  -3.750  -69.280  28.214 0.1000000015
35130  -7.677  -69.227  26.475 0.4000000060
35140  -8.482  -68.934  26.116 0.5000000000
37463  -11.717  -67.237  24.057 0.5000000000
38674  -12.630  -65.853  23.808 0.4000000060
39763  -15.027  -65.390  24.482 0.2000000030
39761  -11.378  -65.339  23.681 0.3000000119
39784  -12.462  -65.235  23.713 0.3000000119
40834  -10.379  -64.563  24.168 0.3000000119
41893  -11.670  -63.910  23.682 0.2000000030
42988  -10.624  -63.107  24.190 0.2000000030
46475  -9.960  -59.461  24.309 0.1000000015
46476  -10.656  -59.528  24.328 0.1000000015
35121  -3.706  -68.398  27.555 0.1000000015
35115  -3.027  -69.214  28.051 0.1000000015
757  -8.437  -105.746  5.431 0.3000000119
426  -6.226  -106.193  5.355 0.4000000060
444  -7.606  -105.726  5.299 0.5000000000
425  -5.464  -106.221  5.025 0.5000000000
768  -6.424  -105.364  4.469 0.5000000000
770  -8.066  -105.129  4.993 0.4000000060
771  -9.041  -105.237  5.279 0.4000000060
769  -7.047  -105.041  4.484 0.5000000000
1611  4.947  -103.391  9.065 0.6999999881
1605  5.165  -104.014  8.974 0.8000000119
2852  3.782  -102.463  10.291 0.8000000119
2169  4.499  -102.858  9.366 0.8000000119
2185  4.771  -102.597  8.429 0.6999999881
1137  5.206  -104.451  8.382 0.6999999881
2206  5.349  -103.016  7.211 0.6999999881
230  -4.253  -106.575  5.944 0.3000000119
1204  -9.785  -104.510  5.044 0.4000000060
784  -6.188  -104.940  3.798 0.6000000238
785  -6.769  -104.762  3.944 0.6000000238
1203  -8.656  -104.431  4.638 0.5000000000
1212  -7.194  -104.345  3.433 0.6000000238
1602  4.630  -103.867  10.866 0.6999999881
1606  4.981  -103.904  9.558 0.6999999881
1132  5.169  -104.371  8.888 0.6000000238
1687  -8.024  -103.710  3.309 0.6999999881
1213  -8.033  -104.185  3.977 0.5000000000
1674  -9.442  -103.578  4.416 0.6000000238
1673  -8.591  -103.792  4.022 0.6000000238
2269  -9.594  -102.881  3.862 0.6000000238
2147  4.504  -102.897  11.488 0.6999999881
2156  4.266  -103.031  10.360 0.6999999881
1697  -9.119  -102.847  2.804 0.6999999881
2281  -9.457  -102.716  3.255 0.6000000238
1590  4.717  -103.743  11.667 0.4000000060
2133  4.841  -102.147  12.445 0.6999999881
1546  4.834  -103.548  13.872 0.6000000238
2116  4.912  -102.488  13.535 0.8999999762
2107  4.796  -102.782  14.726 0.8999999762
1531  4.752  -104.081  14.683 0.8000000119
1006  3.918  -104.497  18.490 0.6999999881
1034  4.495  -104.307  16.544 0.8999999762
1518  4.652  -103.585  15.683 0.8999999762
2765  4.848  -101.886  14.198 0.8999999762
1492  4.356  -103.898  17.666 0.8999999762
1505  4.519  -103.240  16.781 0.8999999762
2064  4.257  -102.980  17.997 0.8999999762
993  4.168  -104.038  19.751 0.6999999881
4441  -1.242  -99.261  -4.562 0.6000000238
4455  -0.919  -98.864  -4.987 0.6000000238
4456  -1.872  -98.904  -5.024 0.6999999881
4469  -1.680  -98.607  -5.442 0.5000000000
4470  -2.377  -98.536  -5.711 0.6999999881
5175  -1.953  -98.272  -5.996 0.4000000060
5176  -2.749  -98.145  -6.264 0.6000000238
4471  -3.269  -98.422  -6.020 0.8000000119
5188  -5.333  -98.452  -7.109 0.8000000119
5187  -4.417  -97.914  -7.136 0.8000000119
21918  1.278  -81.573  17.446 0.6000000238
22991  0.109  -81.022  16.649 0.4000000060
24033  0.218  -80.042  18.038 0.6000000238
22984  0.730  -80.872  17.517 0.5000000000
24042  -0.015  -80.315  17.406 0.4000000060
24034  -0.730  -79.155  18.098 0.3000000119
30749  -4.823  -73.393  33.384 0.1000000015
29643  -5.740  -73.704  33.842 0.1000000015
29644  -6.303  -73.868  33.470 0.1000000015
29645  -7.845  -74.095  33.928 0.1000000015
28431  -8.481  -74.625  33.822 0.1000000015
30761  -5.160  -73.530  32.604 0.3000000119
28449  -6.124  -74.548  32.266 0.3000000119
27252  -7.393  -75.848  32.566 0.2000000030
23977  0.346  -79.223  21.453 0.5000000000
25128  -0.017  -78.428  20.782 0.4000000060
30747  -3.519  -73.702  33.782 0.2000000030
27253  -8.254  -75.607  33.401 0.1000000015
26101  -7.722  -76.480  31.245 0.4000000060
26102  -8.037  -77.097  31.771 0.3000000119
26119  -8.688  -77.441  31.204 0.4000000060
24976  -9.716  -77.749  30.709 0.4000000060
26138  -11.172  -77.533  29.968 0.3000000119
26154  -11.831  -76.761  29.516 0.4000000060
27316  -11.464  -75.595  29.140 0.4000000060
26155  -12.721  -76.956  29.597 0.3000000119
28499  -12.449  -75.317  29.025 0.4000000060
27318  -13.482  -76.328  29.462 0.3000000119
26104  -9.951  -77.764  33.073 0.1000000015
24960  -10.144  -78.219  31.442 0.1000000015
24962  -11.974  -78.373  31.308 0.1000000015
24977  -10.581  -78.053  30.609 0.4000000060
26120  -12.876  -77.969  31.270 0.2000000030
24978  -11.412  -78.185  30.640 0.3000000119
26121  -13.577  -77.283  31.450 0.2000000030
26140  -13.275  -77.360  30.331 0.2000000030
27284  -14.111  -76.505  31.688 0.2000000030
27302  -14.010  -76.741  30.521 0.3000000119
27319  -14.339  -76.208  29.767 0.3000000119
28500  -14.126  -75.770  29.161 0.4000000060
27303  -14.518  -75.981  30.619 0.3000000119
28520  -15.195  -75.490  28.609 0.4000000060
27348  -15.016  -75.847  27.990 0.4000000060
28451  -14.659  -75.062  32.727 0.1000000015
27285  -14.414  -75.713  31.551 0.2000000030
28501  -14.783  -75.494  29.492 0.3000000119
28519  -14.395  -75.452  28.579 0.4000000060
28467  -14.391  -75.028  31.989 0.2000000030
28484  -14.726  -74.834  30.716 0.2000000030
28485  -15.207  -74.052  30.305 0.2000000030
28502  -15.544  -74.531  29.288 0.4000000060
30785  -14.485  -72.804  30.688 0.2000000030
31860  -13.989  -72.079  30.743 0.1000000015
29698  -15.694  -73.597  29.944 0.2000000030
29699  -16.554  -73.816  29.498 0.2000000030
30798  -16.173  -72.883  29.710 0.1000000015
29700  -17.661  -74.005  29.519 0.4000000060
30800  -18.318  -73.177  29.574 0.4000000060
29708  -19.165  -74.262  28.725 0.4000000060
29720  -19.637  -73.450  27.975 0.6000000238
30825  -19.627  -72.823  27.277 0.6999999881
32991  -18.737  -71.555  25.882 0.8000000119
31862  -15.252  -72.257  30.127 0.2000000030
31873  -15.625  -72.015  29.935 0.1000000015
30799  -17.232  -73.052  29.655 0.1000000015
31874  -16.756  -72.137  29.857 0.1000000015
31875  -17.871  -72.248  29.868 0.2000000030
30801  -19.340  -73.142  28.957 0.4000000060
27355  -0.665  -76.222  26.109 0.2000000030
28548  -0.768  -75.541  26.652 0.1000000015
28527  -0.564  -74.608  27.030 0.1000000015
149035  -19.577  -72.815  28.461 0.5000000000
31900  -19.578  -72.087  27.067 0.5000000000
32974  -19.758  -72.048  27.992 0.5000000000
32992  -19.263  -71.599  26.418 0.6999999881
149031  -19.341  -72.462  29.175 0.3000000119
34033  -19.610  -70.789  28.527 0.4000000060
34051  -18.684  -70.759  25.913 0.6999999881
32981  -19.586  -71.395  27.117 0.6999999881
35147  -17.192  -69.494  25.027 0.8000000119
35132  -18.373  -70.249  25.740 0.6000000238
35161  -16.561  -69.037  24.762 0.6000000238
34017  -18.806  -70.165  29.905 0.3000000119
32958  -18.545  -71.216  30.049 0.2000000030
32959  -19.494  -71.804  29.182 0.4000000060
36227  -19.375  -68.872  28.485 0.3000000119
36214  -19.359  -69.180  29.080 0.3000000119
36242  -18.649  -68.780  26.245 0.5000000000
35134  -19.170  -69.871  26.705 0.5000000000
35118  -19.664  -69.828  28.029 0.4000000060
36276  -16.259  -68.582  24.704 0.6000000238
36258  -17.742  -68.683  25.338 0.4000000060
36259  -18.269  -68.873  25.726 0.5000000000
35133  -18.756  -69.780  26.183 0.5000000000
35160  -15.945  -69.135  24.727 0.6000000238
36275  -15.637  -68.484  24.596 0.6000000238
36257  -16.974  -68.368  24.803 0.5000000000
37432  -18.648  -67.749  26.413 0.3000000119
37467  -15.418  -67.638  24.528 0.6000000238
254  -4.761  -106.438  5.019 0.5000000000
14336  1.756  -88.356  18.393 0.6000000238
460  -5.590  -105.335  3.961 0.6000000238
2785  4.693  -101.474  13.184 0.8999999762
5845  2.310  -96.938  -2.517 0.5000000000
4440  -0.261  -99.394  -4.563 0.6999999881
28498  -12.134  -75.229  28.999 0.4000000060
26137  -10.183  -77.223  30.043 0.4000000060
28503  -16.971  -74.837  29.323 0.5000000000
30729  -2.381  -73.308  33.880 0.2000000030
29729  -19.594  -73.468  27.236 0.6000000238
30815  -19.446  -73.729  28.503 0.5000000000
31913  -18.974  -72.319  25.984 0.8000000119
34050  -18.333  -70.545  25.675 0.6999999881
35148  -18.120  -69.564  25.585 0.6000000238
28549  -1.481  -75.724  27.043 0.2000000030
38657  -15.253  -66.567  24.530 0.5000000000
28429  -6.310  -74.113  32.859 0.2000000030
24975  -9.174  -77.573  30.858 0.4000000060
34080  -16.373  -69.613  24.863 0.6999999881
758  -9.205  -105.995  5.629 0.3000000119
243  -5.581  -106.553  5.696 0.5000000000
1055  4.702  -104.885  14.614 0.6000000238
28430  -7.119  -74.730  33.186 0.1000000015
26082  -8.065  -76.727  32.838 0.3000000119
26103  -8.933  -77.550  32.406 0.1000000015
27317  -12.481  -75.870  29.256 0.4000000060
26139  -12.245  -77.783  30.240 0.3000000119
24947  -9.765  -78.056  32.188 0.1000000015
29675  -14.348  -74.039  31.653 0.2000000030
29686  -14.573  -73.700  30.843 0.2000000030
29687  -15.071  -73.398  30.421 0.2000000030
30773  -13.993  -72.488  31.362 0.2000000030
31861  -14.783  -72.033  30.238 0.2000000030
30786  -15.324  -72.718  30.193 0.2000000030
34052  -19.310  -70.558  26.681 0.6999999881
31872  -15.084  -71.621  29.941 0.1000000015
31876  -18.912  -72.369  29.614 0.3000000119
149033  -19.524  -72.560  28.745 0.3000000119
34018  -19.326  -70.551  29.434 0.3000000119
34042  -19.619  -70.739  27.574 0.4000000060
35149  -18.464  -69.242  25.914 0.5000000000
35105  -19.554  -69.780  28.886 0.4000000060
35104  -19.188  -69.579  29.493 0.4000000060
37420  -19.288  -68.223  27.859 0.3000000119
36234  -19.350  -69.075  27.548 0.4000000060
36243  -19.099  -69.292  26.793 0.4000000060
36233  -19.042  -68.419  27.001 0.2000000030
35124  -19.436  -69.881  27.196 0.5000000000
37468  -16.204  -67.886  24.664 0.6000000238
37450  -18.228  -68.147  25.756 0.4000000060
37447  -16.060  -66.962  24.676 0.5000000000
1622  5.328  -103.940  7.023 0.5000000000
1160  5.152  -104.652  6.496 0.5000000000
1125  4.721  -104.919  10.398 0.3000000119
1179  4.590  -104.857  5.929 0.4000000060
1180  4.001  -104.662  5.512 0.4000000060
1042  4.566  -104.786  15.420 0.6000000238
1009  1.851  -104.730  18.418 0.4000000060
1008  2.682  -105.220  18.000 0.4000000060
603  3.140  -105.518  17.002 0.3000000119
601  4.042  -105.104  16.918 0.6000000238
1463  0.362  -103.945  19.492 0.3000000119
1449  -0.569  -103.397  19.930 0.3000000119
1448  0.387  -103.448  20.364 0.2000000030
996  1.382  -104.428  19.340 0.4000000060
995  2.573  -104.813  19.293 0.4000000060
1007  3.275  -105.042  18.489 0.5000000000
2676  -0.221  -101.349  21.322 0.1000000015
1999  -0.399  -102.204  21.054 0.1000000015
986  2.040  -104.236  20.233 0.2000000030
4453  0.528  -98.907  -4.663 0.5000000000
5164  0.251  -98.792  -4.906 0.4000000060
2013  0.445  -102.766  20.883 0.1000000015
1446  2.429  -103.980  20.884 0.3000000119
994  3.577  -104.648  19.593 0.6000000238
5880  0.856  -98.197  -4.153 0.5000000000
5881  0.258  -98.090  -4.440 0.4000000060
5165  -0.355  -98.508  -5.098 0.4000000060
5882  -0.570  -97.893  -4.816 0.4000000060
2675  0.872  -101.288  21.559 0.2000000030
1998  0.534  -102.120  21.317 0.1000000015
6662  0.968  -96.260  -2.980 0.2000000030
5847  1.046  -97.187  -3.068 0.4000000060
5848  0.146  -97.658  -3.043 0.4000000060
5835  0.436  -97.260  -2.224 0.3000000119
5863  0.643  -97.805  -3.818 0.5000000000
5849  -0.854  -97.800  -3.043 0.4000000060
5864  -0.210  -97.870  -3.933 0.4000000060
7622  0.907  -95.372  -2.754 0.2000000030
5834  0.817  -96.651  -2.512 0.2000000030
7607  0.375  -95.370  -2.002 0.2000000030
6627  -0.102  -96.176  -0.693 0.2000000030
9777  -0.616  -93.371  -2.513 0.2000000030
8676  0.300  -94.302  -2.651 0.2000000030
20895  -0.818  -81.551  13.381 0.3000000119
23843  1.503  -79.602  30.752 0.3000000119
6661  1.511  -96.332  -2.924 0.2000000030
1447  1.595  -103.321  20.921 0.2000000030
5899  -1.244  -97.871  -5.503 0.4000000060
2677  -1.419  -101.536  21.058 0.1000000015
5836  -0.533  -97.572  -1.986 0.4000000060
1113  4.593  -104.398  11.660 0.2000000030
1591  3.847  -104.750  11.969 0.2000000030
1675  -10.522  -103.733  4.744 0.4000000060
6724  -5.422  -97.080  -7.729 0.5000000000
1074  3.164  -104.790  13.584 0.2000000030
1092  4.134  -105.583  12.855 0.3000000119
2283  -10.849  -102.130  4.061 0.5000000000
5186  -3.882  -97.650  -7.142 0.4000000060
5933  -4.672  -96.763  -7.720 0.6000000238
1058  2.285  -104.269  14.882 0.1000000015
1035  2.552  -104.943  16.360 0.1000000015
1056  3.620  -105.620  14.049 0.2000000030
650  4.329  -105.450  14.592 0.3000000119
1072  4.834  -104.855  13.765 0.5000000000
2951  -11.917  -102.631  4.327 0.3000000119
5913  -2.380  -97.490  -6.350 0.3000000119
5925  -2.813  -97.003  -7.043 0.3000000119
6729  -4.155  -96.214  -7.504 0.4000000060
619  2.918  -105.354  16.394 0.2000000030
635  4.215  -105.354  15.433 0.3000000119
2960  -13.901  -102.057  3.421 0.3000000119
2286  -14.154  -102.755  3.017 0.3000000119
2985  -14.080  -101.207  3.417 0.3000000119
5094  -12.826  -98.705  -0.262 0.5000000000
5883  -1.558  -97.488  -5.024 0.3000000119
5866  -2.178  -97.190  -4.234 0.3000000119
5900  -1.960  -97.153  -5.841 0.3000000119
5884  -2.280  -96.930  -5.225 0.3000000119
6721  -2.721  -96.827  -6.794 0.3000000119
6696  -3.168  -96.549  -5.908 0.3000000119
7653  -3.740  -96.279  -7.049 0.4000000060
1023  2.114  -104.842  17.393 0.1000000015
1022  2.748  -105.355  17.129 0.1000000015
2986  -14.627  -101.465  2.785 0.3000000119
3662  -14.513  -100.635  2.824 0.3000000119
4356  -14.671  -99.561  0.629 0.5000000000
5865  -1.225  -97.745  -4.074 0.3000000119
6675  -2.827  -96.571  -4.525 0.3000000119
6676  -3.717  -96.392  -3.996 0.3000000119
3661  -13.946  -100.257  3.137 0.3000000119
5850  -1.891  -97.372  -3.089 0.3000000119
6663  -2.983  -96.641  -3.180 0.3000000119
5837  -1.438  -97.480  -2.214 0.3000000119
7293  -0.293  -95.330  20.720 0.2000000030
10692  1.034  -92.879  2.619 0.2000000030
7308  0.095  -95.481  19.544 0.2000000030
7330  -0.795  -95.486  18.374 0.2000000030
9723  0.954  -93.591  0.230 0.2000000030
10711  0.559  -92.930  1.273 0.2000000030
10693  0.259  -92.329  2.046 0.2000000030
7309  -1.011  -95.293  19.722 0.2000000030
7331  -1.508  -95.294  19.106 0.2000000030
7347  0.293  -95.049  17.442 0.2000000030
7295  -2.163  -94.832  20.364 0.1000000015
9465  -1.815  -93.903  18.219 0.1000000015
8394  -1.241  -94.578  17.678 0.1000000015
9464  -1.341  -93.440  17.947 0.1000000015
8414  1.425  -94.417  16.888 0.3000000119
10473  -0.706  -92.830  17.753 0.1000000015
8415  -0.000  -93.982  16.999 0.2000000030
148990  0.671  -92.770  16.727 0.3000000119
11429  0.593  -91.779  17.285 0.2000000030
148993  2.022  -92.108  16.595 0.3000000119
148999  1.933  -91.522  16.898 0.2000000030
11438  1.592  -91.481  17.023 0.2000000030
11420  -0.271  -91.854  18.559 0.1000000015
11419  0.410  -91.038  18.121 0.1000000015
12374  0.557  -90.553  18.752 0.1000000015
12394  1.958  -90.459  17.301 0.3000000119
11428  1.239  -90.985  17.392 0.2000000030
13350  2.128  -89.910  17.340 0.4000000060
12384  1.025  -90.335  17.913 0.1000000015
12365  0.627  -90.594  19.726 0.1000000015
13330  0.943  -89.769  18.722 0.2000000030
13340  1.680  -89.799  17.816 0.3000000119
15358  1.080  -87.428  19.933 0.4000000060
14337  1.184  -88.673  19.002 0.3000000119
17682  -0.957  -85.455  9.290 0.1000000015
19890  -0.778  -83.592  9.687 0.1000000015
16563  -0.626  -86.691  9.707 0.1000000015
15504  -0.240  -87.552  9.424 0.1000000015
19855  -0.786  -82.179  10.575 0.2000000030
21941  -0.862  -81.373  14.818 0.1000000015
20906  -0.453  -81.834  12.159 0.2000000030
20926  -1.168  -81.575  11.067 0.1000000015
20927  -2.057  -81.594  11.180 0.1000000015
23008  -1.522  -80.340  14.649 0.2000000030
24043  -0.994  -79.673  16.897 0.2000000030
35090  -18.639  -69.331  30.043 0.1000000015
36200  -18.391  -68.340  30.252 0.1000000015
36213  -19.095  -68.511  29.341 0.1000000015
37405  -19.304  -68.190  28.379 0.1000000015
37388  -18.537  -67.284  29.636 0.1000000015
38620  -18.635  -66.567  26.547 0.1000000015
37419  -18.926  -67.469  27.320 0.1000000015
37449  -17.613  -67.691  25.306 0.3000000119
37404  -19.022  -67.526  28.484 0.1000000015
38604  -18.627  -66.455  27.699 0.1000000015
39728  -18.540  -65.599  27.069 0.1000000015
37448  -16.855  -67.279  24.939 0.3000000119
38619  -18.313  -66.287  25.741 0.2000000030
38637  -16.707  -66.237  24.855 0.2000000030
38638  -17.617  -66.532  25.325 0.3000000119
14346  1.732  -89.103  18.242 0.3000000119
22993  -1.623  -80.010  15.503 0.2000000030
20925  -0.524  -81.836  11.185 0.1000000015
22985  -0.211  -80.551  16.953 0.3000000119
25129  -0.527  -77.749  20.188 0.3000000119
1138  5.048  -105.052  8.481 0.4000000060
1091  4.587  -104.965  12.644 0.4000000060
1568  4.839  -103.654  12.633 0.4000000060
36226  -19.260  -68.251  28.690 0.2000000030
38636  -15.944  -66.175  24.669 0.2000000030
37431  -18.294  -67.155  25.732 0.3000000119
1010  1.053  -104.448  18.608 0.2000000030
1114  4.130  -104.866  11.658 0.2000000030
1547  3.384  -104.840  13.128 0.2000000030
665  4.063  -105.992  13.713 0.3000000119
652  3.370  -105.485  14.872 0.2000000030
6695  -2.515  -96.691  -5.964 0.3000000119
2284  -12.790  -103.689  3.891 0.3000000119
7294  -1.449  -94.917  20.838 0.1000000015
22992  -0.958  -80.681  16.041 0.2000000030
39711  -18.174  -65.430  28.019 0.1000000015
38589  -18.281  -66.235  28.752 0.1000000015
38577  -18.109  -66.392  29.622 0.1000000015
39746  -17.999  -65.846  25.548 0.1000000015
3041  -16.471  -101.621  -1.317 0.3000000119
3696  -16.363  -100.867  -1.826 0.3000000119
4373  -13.904  -99.036  -0.303 0.4000000060
4374  -14.784  -99.436  -0.792 0.3000000119
3690  -16.111  -101.044  -0.665 0.3000000119
4357  -15.429  -100.087  -0.306 0.3000000119
3683  -15.560  -100.686  0.590 0.3000000119
4375  -15.614  -100.088  -1.360 0.3000000119
4392  -14.102  -98.908  -1.227 0.3000000119
5128  -14.148  -98.553  -2.675 0.4000000060
3035  -16.592  -102.157  -1.297 0.3000000119
3042  -16.730  -101.658  -1.829 0.3000000119
5858  -13.334  -97.579  -3.839 0.4000000060
5147  -14.012  -97.996  -4.111 0.4000000060
5876  -13.487  -97.455  -4.670 0.3000000119
4394  -15.899  -100.052  -2.273 0.3000000119
4393  -14.907  -99.172  -2.264 0.3000000119
5139  -13.576  -98.092  -3.106 0.4000000060
5140  -14.458  -98.603  -3.372 0.4000000060
3703  -16.385  -100.526  -2.776 0.3000000119
4413  -15.295  -99.170  -3.643 0.3000000119
5158  -14.257  -97.835  -5.243 0.3000000119
2376  -17.424  -101.846  -2.046 0.2000000030
6702  -11.321  -95.867  -5.611 0.4000000060
6716  -12.129  -95.857  -5.794 0.3000000119
6703  -12.547  -96.379  -5.613 0.3000000119
5893  -12.979  -96.893  -5.166 0.4000000060
5908  -13.845  -97.053  -5.825 0.3000000119
6725  -5.888  -96.902  -7.799 0.4000000060
6726  -6.669  -96.580  -7.911 0.4000000060
2363  -16.871  -102.420  -1.423 0.2000000030
9802  -7.423  -93.840  -5.614 0.2000000030
9811  -8.829  -94.076  -6.076 0.1000000015
8713  -9.352  -94.810  -6.506 0.3000000119
8702  -9.764  -94.263  -5.845 0.1000000015
8714  -10.480  -94.888  -6.236 0.1000000015
5148  -14.886  -98.619  -4.415 0.3000000119
38634  -8.966  -66.331  25.600 0.2000000030
39741  -9.302  -65.394  25.204 0.2000000030
39740  -8.566  -65.339  25.879 0.2000000030
40812  -8.422  -64.544  25.997 0.2000000030
6690  -11.567  -96.411  -5.074 0.4000000060
6731  -5.180  -96.449  -7.956 0.3000000119
7675  -6.048  -95.393  -8.276 0.4000000060
40813  -8.968  -64.373  25.516 0.2000000030
716  4.491  -105.526  8.251 0.2000000030
397  3.684  -106.035  7.502 0.2000000030
399  2.245  -106.596  7.553 0.2000000030
220  1.625  -106.831  8.057 0.2000000030
1146  4.762  -105.279  7.411 0.2000000030
412  3.508  -106.062  6.971 0.2000000030
414  2.134  -105.990  6.921 0.2000000030
717  1.134  -105.454  8.049 0.2000000030
752  3.197  -105.188  5.917 0.2000000030
724  1.623  -105.516  7.429 0.2000000030
1147  2.389  -104.210  6.885 0.2000000030
1653  3.816  -103.718  5.201 0.2000000030
2208  2.261  -103.050  7.716 0.2000000030
2893  2.206  -101.775  7.602 0.2000000030
1652  4.272  -103.363  4.560 0.3000000119
2913  3.435  -102.365  5.707 0.2000000030
2892  2.843  -101.983  6.741 0.2000000030
2933  2.781  -101.531  5.446 0.2000000030
2916  1.411  -101.332  6.544 0.2000000030
2917  0.268  -101.368  6.595 0.2000000030
2227  -1.726  -101.705  6.495 0.1000000015
2935  0.720  -101.372  5.483 0.2000000030
1139  1.523  -104.837  7.981 0.2000000030
2246  -1.651  -101.964  5.601 0.2000000030
2211  -3.857  -101.760  7.408 0.1000000015
2245  -0.643  -101.972  5.124 0.2000000030
2229  -3.379  -101.908  6.506 0.1000000015
2264  -2.388  -102.436  4.644 0.2000000030
2247  -2.857  -102.134  5.578 0.2000000030
2919  -4.872  -101.605  6.678 0.1000000015
2874  -5.082  -101.553  7.849 0.1000000015
2248  -3.856  -102.097  5.614 0.1000000015
2938  -4.970  -101.657  6.256 0.1000000015
3559  -6.470  -100.765  8.635 0.1000000015
2899  -6.078  -100.932  7.802 0.1000000015
1670  -3.916  -103.156  4.554 0.2000000030
2266  -4.287  -102.433  4.887 0.1000000015
2920  -5.318  -101.472  6.680 0.1000000015
2250  -5.643  -102.316  5.270 0.1000000015
2940  -6.351  -101.774  5.680 0.1000000015
1655  -5.820  -103.224  4.948 0.1000000015
4227  -7.532  -99.871  9.316 0.1000000015
3592  -7.117  -100.799  6.918 0.1000000015
1200  -4.471  -103.760  4.571 0.2000000030
1672  -5.229  -103.003  4.776 0.2000000030
1165  -4.447  -104.876  5.683 0.2000000030
1186  -5.132  -104.197  5.099 0.2000000030
240  -2.848  -106.404  5.087 0.2000000030
1640  -6.790  -103.943  5.829 0.2000000030
2922  -7.335  -101.572  6.065 0.1000000015
1657  -7.504  -103.086  5.598 0.1000000015
415  -2.978  -105.705  5.709 0.2000000030
1166  -5.488  -104.789  6.073 0.2000000030
2231  -8.023  -102.675  6.061 0.1000000015
3593  -7.979  -100.851  6.746 0.1000000015
741  -4.730  -105.607  6.584 0.2000000030
1167  -6.644  -104.582  6.417 0.2000000030
231  -5.102  -106.694  6.107 0.3000000119
726  -5.282  -105.996  6.846 0.2000000030
3561  -9.170  -100.047  8.173 0.1000000015
2232  -8.779  -102.584  6.654 0.1000000015
1642  -8.628  -103.741  6.927 0.1000000015
1641  -7.471  -103.713  6.092 0.2000000030
1169  -8.153  -104.565  7.141 0.2000000030
404  -6.592  -106.531  7.222 0.3000000119
234  -7.034  -106.748  6.624 0.3000000119
2924  -9.214  -102.102  6.893 0.1000000015
3582  -9.583  -101.231  7.656 0.1000000015
2233  -9.252  -102.804  7.126 0.1000000015
6709  -3.818  -96.356  -6.541 0.3000000119
7654  -4.347  -95.821  -7.197 0.3000000119
7666  -4.664  -95.225  -7.768 0.3000000119
30762  -14.446  -73.309  32.427 0.1000000015
30774  -14.144  -72.868  31.485 0.1000000015
31852  -14.040  -72.388  31.698 0.1000000015
30784  -13.971  -72.520  31.110 0.1000000015
1638  3.559  -103.413  5.680 0.2000000030
2934  1.868  -101.267  5.452 0.2000000030
1669  -3.014  -103.202  4.273 0.2000000030
417  -4.754  -106.383  6.438 0.2000000030
427  -7.182  -106.280  5.657 0.3000000119
244  -6.633  -106.573  6.044 0.3000000119
29663  -14.539  -74.302  32.523 0.1000000015
735  4.108  -105.664  6.797 0.2000000030
750  3.950  -105.324  6.042 0.2000000030
737  2.829  -105.430  6.204 0.2000000030
725  1.116  -106.050  7.864 0.2000000030
738  2.148  -105.126  6.708 0.2000000030
1654  3.161  -104.122  5.822 0.2000000030
1639  3.193  -103.473  6.160 0.2000000030
2941  -6.872  -102.017  5.550 0.1000000015
742  -5.968  -105.315  6.895 0.2000000030
728  -6.865  -105.702  7.425 0.2000000030
224  -6.425  -106.743  6.802 0.3000000119
31842  -14.183  -72.203  32.232 0.1000000015
1133  5.086  -104.880  9.363 0.2000000030
711  4.414  -105.496  9.206 0.2000000030
705  3.971  -105.580  9.722 0.2000000030
1126  4.121  -105.256  10.441 0.2000000030
1127  3.526  -105.375  10.054 0.2000000030
7672  -4.443  -95.798  -7.754 0.2000000030
8709  -5.561  -94.717  -7.471 0.2000000030
8717  -5.018  -95.116  -8.200 0.2000000030
9813  -6.747  -94.328  -7.137 0.2000000030
8711  -7.755  -94.318  -6.825 0.2000000030
8618  -2.564  -94.393  1.182 0.1000000015
7548  -2.897  -95.202  1.215 0.2000000030
6612  -2.563  -96.294  0.111 0.2000000030
6629  -2.060  -96.731  -0.615 0.2000000030
6646  -2.423  -96.951  -1.796 0.2000000030
6630  -3.195  -96.323  -0.592 0.2000000030
6677  -4.817  -96.687  -3.636 0.2000000030
6686  -4.201  -96.604  -4.740 0.2000000030
6697  -3.830  -96.503  -5.685 0.2000000030
5901  -4.535  -96.824  -5.525 0.2000000030
6710  -4.624  -96.022  -6.671 0.2000000030
6711  -5.582  -96.085  -6.374 0.2000000030
7655  -5.176  -95.160  -7.062 0.1000000015
7656  -6.050  -95.118  -6.223 0.1000000015
7644  -6.619  -95.174  -5.459 0.1000000015
8710  -6.072  -94.496  -6.797 0.1000000015
9801  -6.864  -93.897  -6.083 0.2000000030
9795  -8.480  -93.604  -4.765 0.1000000015
9804  -9.112  -93.673  -5.366 0.1000000015
6647  -3.621  -96.287  -1.791 0.2000000030
6645  -1.378  -97.245  -1.335 0.2000000030
12536  -1.416  -90.401  9.118 0.1000000015
13469  -1.816  -90.107  9.921 0.1000000015
12550  -1.054  -90.948  8.589 0.1000000015
13490  -2.759  -89.917  9.279 0.1000000015
12561  -1.606  -91.070  7.946 0.1000000015
12551  -1.993  -90.639  8.483 0.1000000015
12521  -0.951  -90.145  9.511 0.1000000015
11622  -2.054  -91.207  6.751 0.1000000015
12562  -2.261  -90.856  7.586 0.1000000015
11638  -2.261  -90.957  6.298 0.1000000015
26287  -0.972  -77.143  20.641 0.1000000015
26312  -0.914  -77.373  19.869 0.1000000015
26313  -1.533  -76.447  19.205 0.1000000015
26288  -1.808  -75.583  20.174 0.1000000015
27467  -2.791  -74.955  19.124 0.1000000015
26267  -1.898  -75.129  20.653 0.1000000015
27450  -2.447  -74.512  20.347 0.1000000015
26266  -1.467  -75.731  21.259 0.1000000015
28639  -3.013  -73.719  20.465 0.1000000015
28658  -3.100  -74.118  19.805 0.1000000015
26245  -1.063  -76.193  22.191 0.1000000015
19621  1.861  -82.996  28.107 0.1000000015
20697  1.325  -82.567  29.699 0.1000000015
21749  1.477  -81.810  30.701 0.1000000015
22812  1.352  -80.681  31.332 0.1000000015
22833  1.743  -80.640  30.151 0.1000000015
23830  1.195  -79.566  32.205 0.1000000015
38633  -8.186  -66.293  26.100 0.1000000015
39744  -16.137  -65.251  24.737 0.1000000015
39743  -15.550  -64.755  24.616 0.1000000015
40817  -16.687  -64.242  25.307 0.1000000015
41856  -16.224  -63.338  25.167 0.1000000015
41834  -16.989  -63.241  25.704 0.1000000015
40815  -15.114  -64.185  24.519 0.1000000015
41855  -15.560  -63.392  24.728 0.1000000015
40816  -15.885  -64.195  24.831 0.1000000015
39739  -7.923  -65.536  26.262 0.1000000015
40837  -14.412  -64.613  24.281 0.1000000015
39725  -8.043  -64.916  26.188 0.1000000015
40814  -9.685  -64.478  24.781 0.1000000015
42974  -16.529  -62.518  25.466 0.1000000015
41877  -14.317  -63.617  24.233 0.1000000015
42973  -15.716  -62.407  24.934 0.1000000015
41876  -13.601  -63.595  24.010 0.1000000015
42992  -14.787  -62.449  24.416 0.1000000015
42972  -15.288  -62.893  24.617 0.1000000015
42969  -9.024  -62.586  25.012 0.1000000015
43009  -12.877  -63.253  23.840 0.1000000015
42991  -13.575  -62.713  24.021 0.1000000015
44168  -16.434  -61.462  25.486 0.1000000015
44167  -15.557  -61.305  24.981 0.1000000015
44165  -9.696  -61.332  24.716 0.1000000015
42970  -10.176  -62.476  24.510 0.1000000015
44185  -14.118  -61.458  23.954 0.1000000015
44186  -14.938  -61.299  24.437 0.1000000015
45414  -12.421  -60.423  24.067 0.1000000015
26336  -1.775  -76.532  17.998 0.1000000015
25150  -0.664  -78.005  19.374 0.2000000030
7669  -6.809  -95.399  -8.011 0.3000000119
40836  -13.633  -64.427  24.031 0.1000000015
43010  -13.301  -63.355  23.938 0.1000000015
44184  -13.039  -61.496  23.880 0.1000000015
6685  -3.370  -96.435  -5.054 0.2000000030
8701  -7.205  -94.066  -5.167 0.1000000015
8719  -6.229  -94.546  -7.607 0.2000000030
5916  -4.932  -96.627  -6.194 0.1000000015
6664  -4.174  -96.110  -2.838 0.2000000030
5902  -5.354  -97.138  -5.542 0.1000000015
6698  -6.502  -95.981  -5.884 0.1000000015
8700  -6.650  -94.302  -5.701 0.1000000015
7640  -7.266  -94.904  -4.350 0.1000000015
39745  -17.444  -65.263  25.352 0.1000000015
41853  -9.444  -63.483  24.995 0.1000000015
41854  -15.019  -63.313  24.494 0.1000000015
42993  -15.254  -61.869  24.696 0.1000000015
2881  -12.876  -100.910  8.148 0.1000000015
2903  -12.556  -102.098  7.742 0.1000000015
2925  -13.683  -101.826  6.876 0.1000000015
2216  -12.828  -102.160  7.292 0.1000000015
1616  -12.200  -103.221  7.815 0.1000000015
6704  -13.293  -96.598  -5.893 0.1000000015
6718  -14.363  -96.388  -6.368 0.1000000015
6719  -15.274  -96.388  -6.522 0.1000000015
7662  -14.900  -95.751  -6.294 0.1000000015
2235  -13.209  -102.466  6.765 0.2000000030
2904  -13.296  -101.404  7.548 0.1000000015
1170  -12.807  -104.692  6.705 0.2000000030
1629  -12.303  -103.795  7.524 0.2000000030
5920  -14.073  -96.776  -6.187 0.1000000015
5170  -14.393  -97.507  -5.814 0.2000000030
5171  -14.972  -97.838  -6.023 0.1000000015
5159  -15.170  -98.525  -5.318 0.2000000030
5184  -16.885  -98.036  -6.313 0.1000000015
5924  -17.123  -97.494  -6.151 0.1000000015
6706  -16.220  -95.833  -5.868 0.1000000015
1645  -13.614  -103.627  6.146 0.2000000030
745  -13.560  -105.788  6.076 0.2000000030
5149  -15.591  -99.066  -4.803 0.2000000030
4465  -16.250  -99.323  -5.622 0.1000000015
5185  -17.549  -98.087  -6.058 0.1000000015
5895  -16.062  -96.610  -4.609 0.1000000015
5896  -16.906  -97.157  -4.969 0.1000000015
761  -14.420  -105.956  5.484 0.2000000030
729  -8.049  -105.800  7.666 0.2000000030
1152  -9.634  -104.797  7.962 0.2000000030
1153  -10.147  -104.021  8.073 0.2000000030
1614  -10.790  -103.476  8.460 0.2000000030
434  -14.985  -106.199  5.025 0.1000000015
405  -7.607  -106.520  7.438 0.2000000030
730  -9.051  -105.746  7.835 0.2000000030
731  -9.959  -105.761  8.042 0.2000000030
1143  -10.557  -104.573  8.275 0.2000000030
1155  -12.087  -104.665  7.669 0.2000000030
760  -13.722  -106.150  5.585 0.2000000030
464  -14.133  -105.921  3.663 0.2000000030
788  -14.700  -105.779  3.069 0.1000000015
433  -14.115  -106.187  5.093 0.2000000030
804  -15.115  -105.582  2.335 0.1000000015
817  -15.553  -104.985  1.163 0.1000000015
1258  -15.936  -104.594  0.784 0.1000000015
3709  -16.437  -100.308  -3.567 0.2000000030
4433  -16.512  -100.120  -4.579 0.2000000030
4450  -16.074  -99.433  -5.048 0.2000000030
3722  -17.690  -99.847  -5.616 0.1000000015
4466  -17.091  -99.633  -5.858 0.1000000015
5897  -17.683  -97.799  -5.307 0.1000000015
450  -15.516  -106.021  4.395 0.1000000015
805  -16.050  -105.259  2.326 0.1000000015
225  -7.306  -106.914  7.038 0.2000000030
227  -9.460  -107.085  7.430 0.2000000030
734  -12.154  -105.605  7.376 0.2000000030
432  -13.235  -106.405  5.362 0.2000000030
410  -12.205  -106.400  7.029 0.2000000030
1272  -16.397  -104.173  0.111 0.1000000015
1720  -17.538  -103.737  -0.037 0.1000000015
1731  -17.825  -103.289  -0.516 0.1000000015
3682  -14.946  -100.229  1.296 0.2000000030
3704  -16.814  -100.887  -3.208 0.1000000015
3710  -16.786  -100.557  -4.262 0.1000000015
789  -15.621  -105.740  3.475 0.1000000015
237  -10.042  -107.314  6.744 0.2000000030
409  -11.330  -106.436  7.538 0.2000000030
229  -11.232  -107.089  7.116 0.2000000030
1242  -16.576  -104.657  1.547 0.1000000015
236  -8.989  -107.280  6.832 0.2000000030
419  -12.637  -106.583  6.158 0.2000000030
1243  -17.494  -104.122  1.377 0.1000000015
429  -9.328  -106.526  6.043 0.2000000030
430  -10.184  -106.559  5.943 0.2000000030
759  -9.955  -106.188  5.737 0.2000000030
1711  -19.226  -103.141  0.525 0.1000000015
772  -10.195  -105.493  5.420 0.2000000030
1205  -10.938  -104.693  4.990 0.2000000030
1677  -12.238  -104.212  4.198 0.2000000030
803  -14.257  -105.574  2.399 0.2000000030
815  -14.782  -105.095  0.979 0.2000000030
2272  -12.070  -103.263  4.319 0.2000000030
2310  -15.140  -102.444  1.633 0.2000000030
2348  -19.085  -102.367  -0.703 0.1000000015
3011  -15.139  -101.310  1.906 0.2000000030
3025  -15.958  -102.043  0.258 0.2000000030
3034  -16.341  -102.156  -0.753 0.2000000030
1744  -17.841  -102.664  -1.132 0.1000000015
3697  -16.704  -101.130  -2.462 0.2000000030
3056  -17.920  -101.207  -3.603 0.1000000015
3063  -18.029  -100.766  -4.349 0.1000000015
3724  -18.393  -99.972  -4.991 0.1000000015
4468  -18.507  -99.225  -5.168 0.1000000015
248  -10.584  -106.867  6.098 0.2000000030
463  -13.231  -105.979  4.076 0.2000000030
1260  -17.979  -103.957  0.761 0.1000000015
239  -11.774  -106.910  6.168 0.2000000030
472  -13.843  -105.746  3.193 0.2000000030
1259  -17.146  -104.114  0.537 0.1000000015
1722  -18.880  -103.291  0.266 0.1000000015
445  -10.786  -106.206  5.409 0.2000000030
256  -11.151  -106.584  5.475 0.2000000030
461  -12.128  -105.951  4.316 0.2000000030
1214  -12.081  -105.379  4.211 0.3000000119
1689  -12.631  -104.499  3.747 0.2000000030
1216  -13.249  -104.832  3.033 0.2000000030
1698  -13.883  -104.090  2.424 0.2000000030
1257  -15.261  -104.549  0.556 0.1000000015
1699  -14.326  -103.579  2.165 0.2000000030
2329  -14.992  -103.308  1.229 0.2000000030
1719  -15.256  -103.945  0.290 0.2000000030
1729  -16.253  -103.946  -0.316 0.1000000015
2367  -20.083  -101.601  -0.989 0.1000000015
2345  -15.801  -103.058  -0.451 0.2000000030
2346  -16.384  -102.628  -1.002 0.2000000030
1743  -17.233  -103.088  -1.075 0.1000000015
2378  -18.236  -101.725  -2.164 0.1000000015
3049  -17.675  -101.506  -2.767 0.1000000015
447  -12.565  -106.424  4.794 0.2000000030
462  -12.487  -105.896  4.134 0.2000000030
471  -13.148  -105.746  3.617 0.2000000030
1732  -18.660  -103.068  -0.256 0.1000000015
2331  -19.476  -102.764  0.111 0.1000000015
2333  -21.129  -102.002  0.768 0.1000000015
802  -13.560  -105.354  2.717 0.2000000030
1255  -14.350  -104.634  1.233 0.2000000030
1256  -14.745  -104.565  0.875 0.2000000030
2350  -20.831  -101.729  0.084 0.1000000015
1270  -15.531  -104.170  0.157 0.2000000030
1741  -16.083  -103.374  -0.629 0.2000000030
11667  -0.202  -91.442  2.269 0.1000000015
11655  0.632  -91.661  3.486 0.1000000015
32957  -17.332  -71.438  30.218 0.1000000015
32943  -17.653  -70.758  30.380 0.1000000015
428  -8.288  -106.362  5.829 0.2000000030
1676  -11.505  -103.951  4.623 0.2000000030
4414  -15.917  -99.770  -3.136 0.2000000030
235  -7.972  -107.055  6.772 0.2000000030
1154  -11.717  -104.420  8.090 0.2000000030
226  -8.308  -107.048  7.234 0.2000000030
733  -11.415  -105.220  8.052 0.2000000030
1206  -11.890  -104.870  4.322 0.2000000030
2311  -15.531  -102.320  0.917 0.2000000030
2349  -20.062  -102.034  -0.455 0.1000000015
2366  -19.477  -101.749  -1.226 0.1000000015
773  -11.440  -105.562  4.764 0.2000000030
1215  -12.633  -105.114  3.613 0.2000000030
1707  -14.348  -103.979  1.787 0.2000000030
6610  -0.860  -96.070  -0.121 0.1000000015
6611  -1.694  -96.291  0.140 0.1000000015
5823  -0.077  -97.190  -1.199 0.1000000015
8628  -0.907  -94.805  -0.063 0.1000000015
7568  -1.445  -95.366  0.400 0.1000000015
8639  0.015  -95.133  -1.006 0.1000000015
8657  -0.509  -94.326  -1.879 0.1000000015
7546  -1.792  -94.861  0.688 0.1000000015
8641  -1.110  -94.177  -0.651 0.1000000015
7570  -3.326  -95.772  0.485 0.1000000015
6631  -4.233  -96.038  -0.749 0.1000000015
7571  -4.327  -95.778  0.653 0.1000000015
9724  -1.613  -93.876  -0.129 0.1000000015
6632  -5.211  -96.038  -0.445 0.1000000015
9756  -1.192  -93.486  -1.988 0.1000000015
10788  0.403  -92.781  -2.556 0.1000000015
24044  -1.555  -79.003  16.311 0.1000000015
25177  -1.503  -78.788  16.567 0.1000000015
24055  -1.583  -79.257  15.751 0.1000000015
25190  -1.606  -78.161  15.901 0.1000000015
25166  -1.120  -78.015  18.050 0.1000000015
25176  -1.325  -78.262  16.923 0.1000000015
26364  -1.559  -77.474  16.558 0.1000000015
25151  -1.274  -77.057  18.727 0.1000000015
6678  -5.411  -96.741  -3.082 0.1000000015
682  0.399  -105.674  12.422 0.1000000015
1094  0.564  -104.491  12.207 0.1000000015
1093  1.211  -104.481  11.577 0.1000000015
1593  2.639  -104.105  11.324 0.1000000015
1592  3.499  -104.446  11.668 0.1000000015
75  -2.822  -107.536  14.135 0.1000000015
188  -2.213  -107.237  12.683 0.1000000015
203  -1.919  -107.045  11.630 0.1000000015
208  -1.557  -107.004  10.773 0.1000000015
73  -2.062  -107.702  14.459 0.1000000015
187  -1.094  -107.333  12.297 0.1000000015
202  -1.152  -107.290  11.258 0.1000000015
214  -0.967  -106.900  10.220 0.1000000015
390  -0.396  -106.584  9.356 0.1000000015
714  -0.638  -105.935  9.499 0.1000000015
173  -1.637  -107.534  13.877 0.1000000015
201  -0.376  -107.329  11.257 0.1000000015
1141  0.302  -105.491  8.802 0.1000000015
207  -0.722  -107.227  10.538 0.1000000015
396  -0.008  -106.706  9.094 0.1000000015
718  0.632  -105.932  8.400 0.1000000015
1612  1.727  -103.831  8.349 0.1000000015
1128  2.758  -105.237  10.043 0.1000000015
174  -2.615  -107.428  13.594 0.1000000015
204  -2.691  -106.889  12.067 0.1000000015
391  -0.855  -106.561  9.821 0.1000000015
1134  0.332  -104.437  9.164 0.1000000015
384  -2.196  -106.466  10.796 0.1000000015
1607  0.618  -103.938  9.162 0.1000000015
206  0.144  -107.321  10.296 0.1000000015
212  0.601  -107.188  9.382 0.1000000015
217  0.997  -107.065  8.516 0.1000000015
211  1.393  -107.165  9.028 0.1000000015
2894  0.914  -101.500  7.578 0.1000000015
1572  0.850  -103.873  12.534 0.1000000015
1571  1.589  -103.766  11.939 0.1000000015
1570  2.894  -103.826  12.160 0.1000000015
1658  -14.279  -104.062  5.849 0.1000000015
388  2.792  -106.579  8.886 0.1000000015
2895  -0.162  -101.527  7.578 0.1000000015
2918  -0.927  -101.571  6.597 0.1000000015
713  3.336  -106.198  9.053 0.1000000015
381  2.292  -106.477  9.515 0.1000000015
386  3.903  -105.817  8.854 0.1000000015
357  -0.010  -106.673  13.280 0.1000000015
706  3.063  -105.882  9.474 0.1000000015
1548  3.006  -104.280  13.025 0.1000000015
1625  -9.081  -104.298  7.564 0.1000000015
5560  -0.865  -96.848  22.436 0.1000000015
4851  -0.058  -98.105  21.917 0.1000000015
5558  0.594  -97.157  22.440 0.1000000015
4071  0.626  -99.350  21.602 0.1000000015
7247  -0.547  -95.636  22.398 0.1000000015
6326  0.054  -96.445  22.454 0.1000000015
6351  0.780  -96.103  22.008 0.1000000015
8347  -1.233  -95.000  22.123 0.1000000015
7272  0.467  -95.623  21.657 0.1000000015
7273  -0.748  -95.177  21.751 0.1000000015
14324  0.226  -88.924  20.568 0.1000000015
14323  0.691  -88.390  19.809 0.1000000015
15343  -0.603  -87.341  21.241 0.1000000015
15359  0.088  -87.737  20.400 0.1000000015
667  -0.265  -105.743  13.382 0.1000000015
699  0.832  -106.073  11.808 0.1000000015
1116  1.791  -104.657  10.693 0.1000000015
200  0.575  -107.166  11.080 0.1000000015
4834  0.296  -97.567  22.271 0.1000000015
16419  -1.039  -86.839  22.039 0.1000000015
387  3.516  -106.146  8.739 0.1000000015
398  3.047  -106.464  7.489 0.1000000015
215  2.063  -106.904  8.328 0.1000000015
1140  0.793  -104.760  8.674 0.1000000015
2870  1.295  -101.980  8.358 0.1000000015
666  0.200  -106.360  12.869 0.1000000015
186  -0.028  -107.277  12.140 0.1000000015
707  1.968  -105.972  10.110 0.1000000015
205  1.091  -107.041  10.063 0.1000000015
389  1.886  -106.900  9.314 0.1000000015
376  1.178  -106.728  10.609 0.1000000015
698  1.163  -105.909  10.976 0.1000000015
64  -1.864  -107.765  14.821 0.1000000015
65  -2.303  -107.819  14.759 0.1000000015
66  -2.960  -107.764  14.728 0.1000000015
74  -2.399  -107.630  14.281 0.1000000015
199  0.907  -107.053  10.565 0.1000000015
209  -2.072  -106.825  11.130 0.1000000015
210  2.051  -106.949  8.669 0.1000000015
213  -0.290  -107.082  9.638 0.1000000015
216  1.690  -106.982  8.431 0.1000000015
218  0.327  -107.045  9.008 0.1000000015
219  2.180  -106.815  8.094 0.1000000015
221  1.261  -106.802  8.081 0.1000000015
222  -5.230  -106.608  6.452 0.3000000119
223  -5.697  -106.632  6.492 0.3000000119
228  -10.587  -107.131  7.287 0.2000000030
232  -5.776  -106.575  5.966 0.3000000119
233  -6.187  -106.621  6.324 0.3000000119
238  -11.054  -107.159  6.557 0.2000000030
241  -3.441  -106.526  5.386 0.2000000030
242  -4.501  -106.578  5.535 0.3000000119
245  -7.625  -106.689  6.302 0.3000000119
246  -8.640  -106.852  6.445 0.2000000030
247  -9.632  -106.925  6.402 0.2000000030
249  -11.382  -106.852  5.820 0.2000000030
250  -12.108  -106.785  5.557 0.2000000030
251  -2.992  -106.545  4.939 0.2000000030
252  -3.234  -106.482  4.841 0.2000000030
253  -3.904  -106.520  4.938 0.5000000000
255  -10.679  -106.581  5.719 0.2000000030
257  -11.755  -106.643  5.209 0.2000000030
364  0.505  -106.576  12.356 0.1000000015
378  -2.561  -106.668  11.430 0.1000000015
382  1.682  -106.700  9.898 0.1000000015
383  -1.487  -106.526  10.304 0.1000000015
392  3.909  -105.855  8.363 0.2000000030
393  3.297  -106.419  8.189 0.1000000015
394  2.515  -106.755  8.154 0.1000000015
395  0.433  -106.699  8.625 0.1000000015
400  1.539  -106.432  7.683 0.2000000030
401  0.857  -106.521  8.240 0.1000000015
402  -5.337  -106.510  6.691 0.3000000119
403  -5.804  -106.530  6.956 0.3000000119
406  -8.638  -106.527  7.648 0.2000000030
407  -9.466  -106.404  7.802 0.2000000030
408  -10.260  -106.515  7.739 0.2000000030
411  3.761  -105.923  7.078 0.2000000030
413  2.874  -106.166  6.828 0.2000000030
416  -3.607  -106.152  6.015 0.2000000030
418  -11.748  -106.895  6.801 0.2000000030
420  -13.311  -106.317  5.838 0.2000000030
421  -1.214  -105.776  4.046 0.6000000238
422  -1.892  -105.841  4.566 0.4000000060
424  -3.235  -106.290  5.571 0.2000000030
431  -12.624  -106.614  5.456 0.2000000030
436  -0.942  -105.500  3.969 0.6000000238
440  -4.163  -106.166  4.494 0.4000000060
442  -5.815  -105.678  4.537 0.5000000000
443  -6.692  -105.695  5.032 0.5000000000
446  -11.751  -106.205  4.682 0.2000000030
448  -13.635  -106.140  4.538 0.2000000030
449  -14.580  -106.117  4.424 0.2000000030
453  0.026  -105.002  2.943 0.6000000238
455  -1.774  -105.720  3.643 0.6000000238
457  -3.668  -105.804  4.058 0.6999999881
459  -5.073  -105.540  4.006 0.6000000238
465  -14.937  -105.992  3.788 0.1000000015
466  0.857  -104.847  2.543 0.6000000238
467  0.496  -104.776  2.572 0.6000000238
468  -0.230  -105.070  2.839 0.6000000238
473  -14.180  -105.794  2.990 0.2000000030
474  0.205  -104.892  2.778 0.6999999881
475  -0.051  -104.911  2.753 0.6999999881
591  3.195  -105.343  17.620 0.3000000119
592  2.948  -105.430  17.441 0.3000000119
602  3.629  -105.348  17.033 0.6000000238
617  4.102  -105.280  16.312 0.3000000119
618  3.418  -105.481  16.286 0.2000000030
636  3.791  -105.531  15.442 0.3000000119
637  3.165  -105.478  15.479 0.2000000030
651  3.628  -105.635  14.635 0.2000000030
664  4.480  -105.584  13.826 0.3000000119
680  4.438  -105.578  13.331 0.3000000119
681  4.247  -105.817  13.283 0.3000000119
683  -0.006  -104.981  12.744 0.1000000015
704  4.391  -105.380  9.960 0.2000000030
712  3.737  -105.852  9.148 0.1000000015
719  0.043  -106.082  9.018 0.1000000015
720  -10.423  -105.512  8.144 0.2000000030
721  -10.734  -105.220  8.232 0.2000000030
722  -11.003  -104.870  8.344 0.2000000030
723  4.199  -105.701  7.671 0.2000000030
727  -5.775  -106.035  7.221 0.2000000030
732  -10.702  -105.836  8.050 0.2000000030
736  3.474  -105.771  6.355 0.2000000030
739  -2.932  -105.415  5.607 0.3000000119
743  -6.611  -105.152  7.017 0.2000000030
744  -12.729  -105.882  6.750 0.2000000030
751  3.453  -105.252  5.906 0.2000000030
754  -1.792  -105.481  4.866 0.3000000119
755  -2.457  -105.403  5.351 0.3000000119
766  -0.852  -105.198  4.309 0.4000000060
767  -1.538  -104.934  4.740 0.3000000119
777  1.020  -104.665  2.552 0.6000000238
778  0.004  -104.939  3.292 0.4000000060
779  -0.636  -105.335  3.734 0.6000000238
781  -3.547  -105.438  3.442 0.6999999881
786  -12.212  -105.690  4.223 0.2000000030
787  -12.753  -105.544  3.780 0.2000000030
793  0.852  -104.742  2.529 0.6000000238
794  -0.704  -105.120  2.706 0.6000000238
795  -1.373  -105.142  2.735 0.6000000238
798  -3.904  -104.945  2.727 0.8000000119
799  -4.779  -104.860  2.685 0.6999999881
801  -13.103  -105.367  3.324 0.2000000030
807  1.140  -104.586  2.403 0.6000000238
808  0.702  -104.676  2.429 0.6999999881
810  -14.119  -105.084  1.640 0.2000000030
811  -14.739  -105.368  1.545 0.2000000030
812  -15.406  -105.288  1.563 0.1000000015
813  -15.876  -104.963  1.454 0.1000000015
814  -14.521  -105.027  1.095 0.2000000030
816  -15.222  -105.061  0.997 0.1000000015
976  3.477  -104.123  21.236 0.6000000238
983  4.259  -104.049  20.320 0.8999999762
984  4.062  -104.268  20.595 0.8999999762
985  3.123  -104.464  20.661 0.6000000238
997  0.759  -104.252  18.992 0.3000000119
1020  4.084  -104.906  17.281 0.6000000238
1021  3.588  -105.071  17.775 0.6000000238
1073  3.606  -105.340  13.461 0.2000000030
1075  0.298  -103.988  12.866 0.1000000015
1115  3.326  -104.654  10.673 0.2000000030
1117  0.869  -105.205  11.510 0.1000000015
1135  -0.200  -104.982  9.176 0.1000000015
1142  -10.256  -105.185  8.197 0.2000000030
1144  -11.246  -104.384  8.346 0.2000000030
1145  5.185  -104.559  7.695 0.5000000000
1148  2.085  -104.461  7.219 0.2000000030
1149  -7.069  -105.000  7.050 0.2000000030
1150  -7.721  -105.100  7.296 0.2000000030
1151  -8.601  -104.874  7.549 0.2000000030
1161  4.675  -105.165  6.627 0.2000000030
1162  2.595  -104.450  6.439 0.2000000030
1163  2.260  -104.718  6.748 0.2000000030
1164  -3.835  -104.846  5.370 0.3000000119
1168  -7.608  -104.447  6.840 0.2000000030
1171  -14.030  -104.701  5.950 0.1000000015
1178  5.101  -104.560  5.771 0.6999999881
1181  3.288  -104.732  5.819 0.2000000030
1182  -2.024  -104.905  5.165 0.3000000119
1183  -2.395  -104.770  5.041 0.3000000119
1185  -4.159  -104.530  4.897 0.2000000030
1187  -6.128  -104.041  5.587 0.2000000030
1188  -14.479  -104.403  5.885 0.1000000015
1189  -14.588  -104.124  5.871 0.1000000015
1193  4.591  -104.245  5.067 0.6000000238
1199  -3.606  -103.984  4.399 0.2000000030
1201  -5.073  -103.458  4.768 0.2000000030
1202  -7.788  -104.652  4.320 0.5000000000
1207  -12.357  -104.744  3.953 0.3000000119
1209  1.487  -104.191  2.556 0.5000000000
1218  1.322  -104.408  2.289 0.6000000238
1219  -0.940  -104.816  2.466 0.8000000119
1222  -3.365  -104.550  2.042 0.8000000119
1225  -5.993  -104.454  1.809 0.8000000119
1227  -13.276  -104.979  2.891 0.2000000030
1228  -13.552  -104.855  2.440 0.2000000030
1236  -3.680  -104.426  1.180 0.8999999762
1241  -14.105  -104.573  1.721 0.2000000030
1246  -1.688  -104.054  1.302 0.8999999762
1249  -4.213  -104.432  0.419 0.8999999762
1261  -1.830  -104.084  1.054 0.8999999762
1262  -2.210  -104.053  0.853 0.8999999762
1263  -2.836  -104.083  0.416 0.8999999762
1264  -3.511  -104.157  0.122 0.8999999762
1265  -4.187  -104.248  -0.234 0.8999999762
1271  -15.815  -104.292  0.074 0.1000000015
1273  -3.292  -104.039  0.168 0.8999999762
1275  -4.398  -104.117  -0.798 0.8999999762
1276  -5.266  -104.143  -1.160 0.8999999762
1277  -6.122  -104.225  -1.404 0.8999999762
1279  -7.452  -104.127  -1.858 1.0000000000
1280  -5.850  -104.000  -1.539 0.8999999762
1281  -6.391  -103.856  -1.926 1.0000000000
1283  -7.615  -103.852  -2.061 1.0000000000
1433  4.471  -103.502  21.112 0.8000000119
1436  2.271  -102.853  21.580 0.3000000119
1444  4.374  -103.713  20.492 0.8999999762
1462  1.125  -103.974  20.120 0.2000000030
1532  2.685  -104.135  13.908 0.2000000030
1569  3.649  -104.758  12.497 0.2000000030
1610  5.153  -103.733  8.417 0.8000000119
1613  1.060  -103.876  8.881 0.1000000015
1615  -11.802  -103.612  8.222 0.1000000015
1623  2.537  -103.726  7.029 0.2000000030
1624  2.192  -103.758  7.618 0.2000000030
1628  -12.002  -104.145  7.934 0.2000000030
1637  5.465  -104.099  6.285 0.8000000119
1644  -12.739  -103.366  6.789 0.2000000030
1646  -14.653  -103.684  5.974 0.1000000015
1656  -6.818  -103.313  5.434 0.1000000015
1659  -14.485  -103.895  5.863 0.1000000015
1664  4.483  -103.612  4.469 0.5000000000
1665  4.126  -103.926  4.752 0.3000000119
1671  -4.684  -103.045  4.648 0.2000000030
1680  4.955  -103.375  3.540 0.6000000238
1681  4.765  -103.253  3.668 0.6000000238
1685  1.175  -103.805  3.208 0.4000000060
1688  -8.956  -103.225  3.457 0.6000000238
1690  -13.180  -104.427  3.191 0.2000000030
1693  5.059  -103.172  3.279 0.6000000238
1695  -7.579  -103.694  2.571 0.6999999881
1708  -14.669  -103.404  1.674 0.2000000030
1710  -18.675  -103.489  0.801 0.1000000015
1712  -0.334  -103.719  1.919 1.0000000000
1713  -1.238  -103.816  1.676 1.0000000000
1716  -8.946  -103.289  0.256 1.0000000000
1717  -14.324  -104.257  1.456 0.2000000030
1718  -14.635  -103.959  1.025 0.2000000030
1721  -18.152  -103.662  0.193 0.1000000015
1724  -2.516  -104.025  0.433 0.8999999762
1728  -15.834  -103.803  -0.308 0.2000000030
1730  -16.962  -103.717  -0.318 0.1000000015
1733  -2.118  -103.774  0.976 0.8999999762
1736  -4.156  -103.724  -0.376 0.8999999762
1742  -16.460  -103.372  -0.730 0.1000000015
1745  -4.653  -103.497  -0.767 1.0000000000
1749  -6.980  -103.469  -2.004 1.0000000000
1985  4.237  -102.499  22.121 0.8000000119
1987  3.544  -101.798  22.480 0.6999999881
1995  3.798  -103.013  22.121 0.5000000000
2012  1.044  -102.619  21.155 0.1000000015
2030  3.714  -102.207  19.998 1.0000000000
2083  1.993  -102.623  16.629 1.0000000000
2157  4.016  -102.823  10.324 0.8000000119
2168  4.395  -102.550  8.952 0.8000000119
2170  4.015  -102.736  10.080 0.8000000119
2171  0.345  -103.532  9.277 0.1000000015
2186  4.908  -103.113  8.838 0.6999999881
2187  1.742  -102.674  8.305 0.2000000030
2188  0.821  -102.959  8.963 0.1000000015
2197  -12.150  -102.664  8.076 0.1000000015
2207  2.755  -102.720  6.977 0.2000000030
2215  -12.514  -102.812  7.349 0.1000000015
2225  3.684  -103.005  5.748 0.2000000030
2226  3.252  -102.528  6.294 0.2000000030
2228  -2.403  -101.834  6.482 0.1000000015
2230  -4.365  -101.756  6.569 0.1000000015
2234  -12.787  -102.855  6.943 0.2000000030
2242  4.179  -103.095  4.699 0.3000000119
2244  0.067  -101.705  5.017 0.2000000030
2249  -4.809  -102.061  5.620 0.1000000015
2251  -6.455  -102.515  5.367 0.1000000015
2252  -7.191  -102.499  5.603 0.1000000015
2265  -3.413  -102.486  4.807 0.2000000030
2267  -5.021  -102.622  5.030 0.1000000015
2268  -5.470  -102.754  4.921 0.1000000015
2270  -10.257  -102.868  4.299 0.5000000000
2271  -11.250  -102.925  4.495 0.3000000119
2275  5.083  -103.204  3.632 0.6999999881
2282  -10.027  -102.311  3.516 0.6000000238
2285  -13.581  -103.269  3.305 0.3000000119
2288  5.029  -103.199  3.321 0.6999999881
2289  -9.097  -102.804  2.398 0.8000000119
2292  -14.123  -103.333  2.684 0.2000000030
2293  -14.531  -102.766  2.433 0.2000000030
2302  0.676  -103.068  1.735 0.8999999762
2304  -3.784  -102.723  0.972 0.8999999762
2306  -5.332  -102.407  1.105 1.0000000000
2314  -19.829  -102.919  0.971 0.1000000015
2317  0.652  -102.831  1.772 1.0000000000
2318  -0.083  -103.183  1.911 1.0000000000
2320  -2.515  -103.011  0.905 1.0000000000
2322  -3.947  -102.881  0.388 0.8999999762
2330  -15.340  -103.083  0.655 0.2000000030
2332  -20.398  -102.322  0.420 0.1000000015
2334  -0.446  -103.068  1.922 1.0000000000
2339  -4.401  -103.211  -0.069 1.0000000000
2340  -5.102  -102.979  -0.389 1.0000000000
2343  -9.374  -102.998  -0.918 1.0000000000
2347  -18.348  -102.669  -0.832 0.1000000015
2351  -2.242  -103.537  1.134 0.8999999762
2352  -2.754  -103.338  0.799 0.8999999762
2353  -3.678  -103.455  0.299 0.8999999762
2362  -16.294  -103.026  -0.885 0.2000000030
2364  -17.580  -102.297  -1.582 0.2000000030
2365  -18.425  -101.936  -1.638 0.1000000015
2368  -4.901  -103.371  -0.830 1.0000000000
2369  -5.424  -103.242  -1.120 1.0000000000
2371  -6.675  -103.099  -1.823 1.0000000000
2377  -17.927  -101.801  -2.164 0.1000000015
2382  -9.074  -101.547  -4.448 1.0000000000
2384  -9.818  -101.688  -4.347 0.8999999762
2386  -9.751  -101.389  -4.681 0.8999999762
2659  3.997  -101.501  22.368 0.6999999881
2671  4.376  -102.003  21.600 0.6999999881
2692  4.399  -102.031  20.842 0.8999999762
2694  3.228  -101.024  20.516 1.0000000000
2709  3.649  -101.780  20.349 1.0000000000
2734  -2.362  -101.209  17.025 1.0000000000
2773  -2.502  -101.315  14.872 1.0000000000
2820  3.498  -100.928  11.928 1.0000000000
2821  2.829  -101.152  11.523 1.0000000000
2823  0.608  -101.343  11.660 1.0000000000
2824  -0.325  -101.198  11.904 1.0000000000
2834  3.644  -101.905  9.916 1.0000000000
2835  3.862  -102.247  10.684 0.8000000119
2836  3.917  -102.635  10.464 0.8000000119
2837  2.718  -100.886  10.640 1.0000000000
2850  4.026  -102.188  9.095 0.8000000119
2851  3.846  -102.416  9.876 0.8000000119
2854  1.730  -101.024  10.043 1.0000000000
2891  5.014  -101.390  6.343 0.8000000119
2897  -4.862  -101.577  7.258 0.1000000015
2898  -5.466  -101.317  7.449 0.1000000015
2900  -9.214  -101.523  7.194 0.1000000015
2905  -14.541  -101.757  6.995 0.1000000015
2914  3.152  -101.827  6.056 0.2000000030
2915  2.434  -101.440  6.365 0.2000000030
2921  -6.216  -101.223  6.667 0.1000000015
2923  -8.580  -101.634  6.546 0.1000000015
2926  -13.868  -102.055  6.563 0.1000000015
2932  3.276  -101.996  5.407 0.2000000030
2936  -0.267  -101.519  5.723 0.2000000030
2937  -0.908  -101.659  5.705 0.2000000030
2939  -5.536  -101.598  5.912 0.1000000015
2944  5.338  -102.348  3.884 0.6999999881
2945  5.363  -101.822  4.127 0.6999999881
2949  0.529  -101.673  4.742 0.3000000119
2950  -11.648  -102.191  4.263 0.3000000119
2961  -14.342  -102.251  2.949 0.3000000119
2969  4.814  -102.896  3.206 0.8000000119
2971  1.417  -101.695  2.255 1.0000000000
2982  -9.987  -101.941  2.493 0.6000000238
2999  -1.092  -102.404  2.198 1.0000000000
3007  -8.431  -101.089  1.284 1.0000000000
3012  -15.517  -101.593  1.157 0.2000000030
3015  0.917  -102.580  1.753 1.0000000000
3017  -0.793  -102.783  1.985 1.0000000000
3020  -5.740  -102.315  0.898 1.0000000000
3029  -0.670  -102.967  1.877 1.0000000000
3031  -7.373  -102.191  -0.841 1.0000000000
3033  -10.502  -101.598  -0.694 0.6999999881
3043  -18.627  -101.612  -2.110 0.1000000015
3048  -17.119  -101.484  -2.457 0.3000000119
3055  -17.315  -101.095  -3.459 0.1000000015
3060  -9.055  -101.351  -4.899 1.0000000000
3062  -17.498  -100.856  -4.199 0.1000000015
3064  -18.355  -100.518  -4.315 0.1000000015
3065  -8.163  -101.016  -6.061 1.0000000000
3067  -9.340  -101.254  -5.349 1.0000000000
3070  -8.991  -101.117  -6.271 0.8000000119
3072  -9.755  -101.093  -5.548 0.8999999762
3074  -9.333  -100.964  -6.338 0.8000000119
3373  3.518  -100.487  22.226 0.6999999881
3375  2.453  -99.767  22.499 0.5000000000
3385  3.683  -100.377  21.861 0.6999999881
3386  2.577  -100.459  22.430 0.5000000000
3427  -2.142  -101.056  17.457 1.0000000000
3431  -5.165  -100.256  17.175 1.0000000000
3445  -3.465  -101.140  15.351 1.0000000000
3447  -4.740  -100.438  16.069 1.0000000000
3466  4.430  -101.095  12.731 1.0000000000
3467  -2.066  -100.678  13.087 1.0000000000
3469  -3.511  -100.193  13.791 1.0000000000
3481  4.495  -101.004  12.336 1.0000000000
3496  4.291  -101.014  11.524 0.8999999762
3532  4.007  -101.607  8.866 1.0000000000
3554  4.181  -100.962  8.178 0.8999999762
3560  -7.311  -100.171  8.446 0.1000000015
3565  -13.650  -100.409  8.378 0.1000000015
3581  -8.901  -100.636  7.380 0.1000000015
3583  -13.702  -100.817  7.820 0.1000000015
3590  3.660  -100.353  6.329 1.0000000000
3591  -6.578  -100.861  7.251 0.1000000015
3597  4.962  -101.213  4.820 0.8999999762
3598  4.505  -100.965  4.629 0.8999999762
3610  -2.694  -100.328  4.474 1.0000000000
3637  -13.485  -101.250  3.679 0.3000000119
3650  -0.751  -101.219  3.113 1.0000000000
3658  -8.317  -100.622  1.789 1.0000000000
3660  -12.579  -99.888  2.757 0.6000000238
3668  2.101  -101.820  2.053 1.0000000000
3670  -8.491  -100.664  1.341 1.0000000000
3673  -11.969  -99.959  2.106 0.6999999881
3674  -14.200  -99.983  2.494 0.3000000119
3675  -14.684  -100.357  2.235 0.3000000119
3676  -15.226  -100.803  1.460 0.3000000119
3680  -10.775  -101.145  -0.019 0.6999999881
3702  -11.096  -99.605  -2.214 0.6999999881
3715  -17.495  -100.402  -5.073 0.1000000015
3716  -18.230  -100.359  -4.802 0.1000000015
3718  -7.892  -100.662  -6.374 1.0000000000
3721  -10.143  -100.860  -4.986 0.8000000119
3723  -18.145  -99.897  -5.362 0.1000000015
3725  -8.132  -100.563  -6.825 0.6000000238
3726  -8.575  -100.829  -6.573 0.8000000119
3727  -9.799  -100.597  -5.939 0.8000000119
3728  -9.928  -101.009  -5.580 0.8000000119
3730  -8.786  -100.495  -6.683 0.8000000119
4056  2.596  -99.277  22.558 0.5000000000
4070  1.512  -99.483  22.055 0.2000000030
4097  -1.217  -99.243  19.202 1.0000000000
4099  -3.993  -99.106  19.173 1.0000000000
4100  -4.556  -99.006  19.118 1.0000000000
4117  -6.139  -99.364  18.238 1.0000000000
4127  -5.518  -99.882  17.587 1.0000000000
4144  -6.976  -99.183  16.224 1.0000000000
4244  -5.238  -98.861  8.083 1.0000000000
4339  -11.669  -99.790  0.732 0.6999999881
4342  -14.571  -99.868  1.557 0.2000000030
4364  1.095  -98.820  -1.864 0.8000000119
4365  0.760  -98.984  -1.747 0.8000000119
4381  1.529  -98.762  -2.695 0.8000000119
4384  -0.630  -99.386  -2.117 1.0000000000
4385  -1.442  -99.377  -2.217 1.0000000000
4418  1.530  -98.821  -3.917 0.6999999881
4430  -11.043  -99.082  -2.747 0.6999999881
4431  -15.480  -99.138  -4.304 0.2000000030
4432  -16.134  -99.702  -4.282 0.2000000030
4437  1.376  -98.801  -4.091 0.5000000000
4438  1.080  -98.861  -4.273 0.5000000000
4439  0.504  -99.121  -4.384 0.5000000000
4451  -16.562  -99.996  -5.045 0.2000000030
4454  0.091  -99.097  -5.027 0.4000000060
4467  -17.921  -99.212  -5.818 0.1000000015
4472  -4.058  -98.406  -6.270 0.8000000119
4476  -8.835  -99.426  -6.591 0.6000000238
4478  -16.528  -98.771  -6.141 0.1000000015
4479  -17.337  -98.735  -6.114 0.1000000015
4480  -17.796  -98.580  -5.956 0.1000000015
4484  -8.445  -99.651  -6.919 0.6999999881
4832  1.931  -98.444  22.438 0.3000000119
4849  1.648  -99.002  22.327 0.3000000119
4882  -1.193  -98.689  19.142 1.0000000000
4884  -4.037  -98.479  19.282 1.0000000000
4888  -7.595  -98.030  19.138 1.0000000000
4905  -5.316  -98.779  19.104 1.0000000000
4909  -8.190  -98.299  17.942 1.0000000000
4915  -7.512  -98.808  17.417 1.0000000000
4916  -7.955  -98.494  17.495 1.0000000000
4923  -7.306  -98.996  16.680 1.0000000000
4931  -7.255  -98.820  15.907 1.0000000000
4993  -6.604  -97.669  8.917 1.0000000000
4998  -4.987  -98.738  8.736 1.0000000000
5004  -6.023  -98.660  7.837 1.0000000000
5014  -6.695  -98.697  6.707 1.0000000000
5052  -6.253  -98.032  2.681 1.0000000000
5082  1.548  -98.151  -1.073 0.8000000119
5095  -13.346  -98.764  -0.188 0.5000000000
5117  1.431  -98.566  -2.028 0.6999999881
5138  -12.776  -97.994  -2.514 0.5000000000
5145  -10.792  -98.654  -3.439 0.6000000238
5153  1.268  -98.549  -4.057 0.5000000000
5154  0.496  -98.558  -4.554 0.4000000060
5155  -0.047  -98.215  -4.924 0.4000000060
5157  -10.438  -98.650  -3.941 0.6000000238
5160  -15.757  -99.011  -5.358 0.2000000030
5166  -1.300  -98.346  -5.473 0.5000000000
5168  -5.189  -98.655  -6.501 0.8999999762
5172  -15.723  -98.633  -5.886 0.2000000030
5183  -15.944  -97.915  -6.410 0.1000000015
5189  -6.289  -98.559  -7.280 0.8999999762
5555  3.126  -97.684  22.226 0.5000000000
5559  -0.291  -97.151  22.353 0.1000000015
5578  -0.457  -97.512  22.112 0.1000000015
5615  -8.730  -97.458  19.009 1.0000000000
5623  2.449  -96.791  17.921 0.8999999762
5633  -8.645  -97.841  18.412 1.0000000000
5642  2.528  -96.456  17.203 0.8000000119
5654  -8.164  -98.426  16.932 1.0000000000
5662  -7.666  -98.419  15.638 1.0000000000
5663  -7.910  -98.463  16.213 1.0000000000
5687  -5.191  -97.909  11.705 1.0000000000
5697  -6.846  -96.568  10.339 1.0000000000
5711  -6.387  -97.479  9.736 1.0000000000
5713  -7.015  -96.886  8.879 1.0000000000
5718  -7.184  -97.016  8.473 1.0000000000
5745  -7.053  -97.076  5.375 1.0000000000
5787  -6.027  -97.733  3.009 1.0000000000
5801  -5.025  -97.667  2.223 1.0000000000
5811  1.709  -97.677  -0.414 0.6999999881
5813  0.287  -97.899  0.617 1.0000000000
5821  1.769  -97.691  -1.261 0.6999999881
5822  0.472  -96.579  -1.701 0.2000000030
5824  -0.730  -97.290  -1.213 0.1000000015
5832  2.217  -97.220  -2.246 0.5000000000
5857  -12.717  -97.646  -3.301 0.5000000000
5894  -13.638  -97.311  -5.287 0.3000000119
5898  -0.520  -98.157  -5.120 0.4000000060
5907  -13.200  -96.714  -5.685 0.4000000060
5909  -14.480  -97.372  -6.054 0.2000000030
5911  -17.445  -97.567  -5.722 0.1000000015
5912  -1.684  -97.885  -5.919 0.4000000060
5914  -3.012  -97.762  -6.614 0.8000000119
5915  -4.275  -96.462  -6.187 0.1000000015
5917  -5.523  -96.789  -6.070 0.2000000030
5921  -14.708  -97.119  -6.425 0.1000000015
5926  -3.337  -97.338  -7.144 0.3000000119
5927  -4.197  -97.207  -7.518 0.4000000060
5928  -4.967  -97.384  -7.602 0.5000000000
5932  -4.383  -96.698  -7.643 0.6000000238
6325  0.973  -96.543  22.255 0.1000000015
6349  2.352  -96.191  21.599 0.4000000060
6382  3.038  -96.046  18.582 0.8000000119
6396  2.740  -96.394  17.552 0.8000000119
6403  -8.993  -97.363  18.853 1.0000000000
6405  -9.834  -96.841  18.210 1.0000000000
6414  2.461  -96.305  16.791 0.8000000119
6428  3.017  -95.486  16.758 0.6000000238
6429  2.987  -95.470  16.431 0.6000000238
6434  -0.925  -95.210  15.842 0.8999999762
6443  3.009  -95.122  15.686 0.6000000238
6446  -10.145  -96.534  15.667 1.0000000000
6480  -7.066  -96.421  10.669 1.0000000000
6482  -7.911  -96.188  11.183 1.0000000000
6489  -7.362  -96.079  10.243 1.0000000000
6495  -6.945  -96.723  9.044 1.0000000000
6503  -6.683  -96.141  8.283 1.0000000000
6526  -5.322  -95.446  5.960 1.0000000000
6527  -5.629  -95.554  6.451 1.0000000000
6539  -4.534  -95.514  5.180 1.0000000000
6543  -7.140  -97.051  5.743 1.0000000000
6556  -6.267  -96.710  4.887 1.0000000000
6568  -5.367  -96.662  4.378 1.0000000000
6577  2.005  -96.330  1.621 1.0000000000
6607  1.739  -97.155  0.397 1.0000000000
6609  -0.524  -95.951  -0.318 0.1000000015
6626  0.480  -95.929  -1.508 0.2000000030
6628  -0.956  -96.872  -0.550 0.1000000015
6644  0.811  -96.010  -2.250 0.2000000030
6660  2.129  -96.393  -2.636 0.5000000000
6665  -5.150  -96.319  -2.590 0.1000000015
6684  -2.765  -96.567  -5.374 0.3000000119
6691  -12.281  -96.564  -5.154 0.4000000060
6707  -2.412  -96.870  -6.416 0.3000000119
6708  -3.073  -96.617  -6.594 0.3000000119
6715  -11.604  -95.629  -5.791 0.3000000119
6722  -3.466  -96.595  -7.164 0.4000000060
6723  -3.987  -96.673  -7.504 0.4000000060
6730  -4.522  -96.243  -7.744 0.6000000238
6732  -5.920  -96.164  -8.275 0.4000000060
6733  -6.396  -95.802  -8.266 0.4000000060
7246  0.363  -96.043  22.241 0.1000000015
7274  -1.358  -94.814  21.763 0.1000000015
7289  2.922  -95.637  19.589 0.6000000238
7290  2.643  -95.467  19.922 0.5000000000
7292  0.885  -95.425  20.516 0.4000000060
7306  2.183  -95.293  19.257 0.4000000060
7310  -1.905  -95.084  19.768 0.2000000030
7316  -10.277  -95.917  19.101 1.0000000000
7325  2.885  -95.694  18.022 0.5000000000
7335  -9.696  -96.625  18.886 1.0000000000
7337  -10.775  -95.922  18.086 1.0000000000
7343  2.921  -95.507  17.203 0.6000000238
7345  2.043  -94.955  17.776 0.4000000060
7348  -0.503  -94.826  17.543 0.1000000015
7363  3.030  -95.255  16.658 0.6000000238
7365  2.106  -95.335  15.469 0.6999999881
7384  0.466  -94.667  15.072 0.8000000119
7385  0.249  -94.544  15.085 0.8999999762
7410  -10.241  -95.443  12.048 1.0000000000
7415  -7.975  -95.739  10.526 1.0000000000
7417  -9.145  -95.554  11.203 1.0000000000
7424  -7.781  -95.548  10.065 1.0000000000
7425  -8.207  -95.532  10.397 1.0000000000
7434  -7.012  -95.672  9.315 1.0000000000
7435  -7.377  -95.543  9.634 1.0000000000
7458  -6.245  -95.206  7.624 1.0000000000
7469  -5.500  -95.069  6.560 1.0000000000
7477  -4.356  -95.413  5.004 1.0000000000
7490  -4.406  -94.638  4.903 1.0000000000
7524  -2.088  -95.710  2.956 1.0000000000
7543  1.605  -96.329  1.488 1.0000000000
7547  -2.171  -95.048  0.900 0.1000000015
7566  2.268  -95.668  -0.278 0.6999999881
7567  -0.600  -95.533  -0.271 0.1000000015
7569  -2.357  -95.681  0.577 0.2000000030
7588  2.223  -95.192  -0.991 0.4000000060
7589  0.196  -95.496  -1.191 0.1000000015
7590  -0.125  -95.436  -0.724 0.1000000015
7591  -3.960  -95.936  -0.034 0.1000000015
7605  2.280  -95.967  -2.255 0.4000000060
7608  -0.066  -94.950  -2.065 0.1000000015
7621  1.814  -95.509  -2.678 0.4000000060
7623  0.188  -94.868  -2.393 0.2000000030
7639  -6.851  -94.752  -5.022 0.1000000015
7645  -6.977  -95.281  -4.899 0.1000000015
7647  -10.680  -95.672  -5.839 0.3000000119
7665  -4.193  -95.972  -7.449 0.3000000119
7667  -5.117  -94.815  -7.619 0.2000000030
7668  -6.220  -94.959  -8.081 0.3000000119
7670  -7.793  -95.384  -7.446 0.5000000000
7671  -8.398  -95.325  -7.139 0.4000000060
7673  -4.842  -95.652  -8.105 0.2000000030
7674  -5.400  -95.676  -8.281 0.3000000119
7676  -6.420  -95.506  -8.232 0.3000000119
8332  -0.986  -95.236  22.244 0.1000000015
8357  -1.806  -94.569  21.595 0.1000000015
8365  -10.350  -94.269  20.270 1.0000000000
8377  -5.263  -94.790  19.303 1.0000000000
8392  2.695  -95.037  17.201 0.5000000000
8393  2.575  -95.164  17.579 0.4000000060
8395  -1.908  -94.804  18.756 0.1000000015
8413  1.962  -94.661  17.265 0.5000000000
8416  -2.243  -94.414  16.231 1.0000000000
8431  2.251  -94.250  16.736 0.5000000000
8443  0.577  -94.143  14.932 0.8000000119
8459  -10.198  -95.273  11.694 1.0000000000
8461  -11.709  -94.510  12.757 1.0000000000
8483  -9.336  -94.729  10.683 1.0000000000
8494  3.093  -94.923  9.201 0.6999999881
8496  2.205  -94.368  9.285 0.6999999881
8499  -8.312  -94.404  9.498 1.0000000000
8509  2.985  -94.825  8.606 0.6999999881
8510  2.653  -94.909  8.781 0.6999999881
8511  1.883  -94.524  9.019 0.6999999881
8512  -6.649  -94.859  7.974 1.0000000000
8524  2.722  -94.659  8.252 0.6999999881
8527  -5.735  -94.867  6.765 1.0000000000
8543  -5.074  -94.808  5.731 1.0000000000
8568  -4.449  -94.065  4.755 1.0000000000
8581  0.718  -94.402  3.184 1.0000000000
8585  -3.377  -94.482  4.125 1.0000000000
8600  -0.116  -94.585  2.526 1.0000000000
8616  2.201  -94.944  1.055 0.4000000060
8617  -2.072  -94.590  0.796 0.1000000015
8629  -1.591  -94.393  0.352 0.1000000015
8630  -2.172  -94.166  0.756 0.1000000015
8640  -0.389  -94.839  -0.823 0.1000000015
8656  -0.047  -95.007  -1.524 0.1000000015
8693  -7.113  -94.352  -4.930 0.1000000015
8694  -7.755  -94.000  -4.516 0.1000000015
8695  -8.406  -93.754  -4.259 0.1000000015
8712  -8.445  -94.480  -6.636 0.1000000015
8718  -5.331  -94.725  -7.944 0.2000000030
8722  -8.715  -94.968  -6.957 0.4000000060
8723  -5.158  -95.363  -8.240 0.2000000030
8724  -5.442  -95.140  -8.229 0.2000000030
8725  -5.833  -94.853  -8.114 0.2000000030
9426  -10.267  -93.172  21.159 1.0000000000
9427  -10.721  -93.054  20.920 1.0000000000
9484  -1.140  -93.731  17.573 0.1000000015
9486  -2.367  -93.108  16.579 0.8999999762
9499  -1.961  -93.212  16.160 0.8999999762
9537  -10.050  -94.185  10.938 1.0000000000
9538  -10.534  -94.034  11.144 1.0000000000
9550  0.250  -93.298  10.322 1.0000000000
9551  -9.131  -94.103  10.177 1.0000000000
9552  -9.623  -93.982  10.519 1.0000000000
9553  -10.108  -93.905  10.850 1.0000000000
9562  2.865  -94.592  9.344 0.6999999881
9566  -8.939  -93.805  9.823 1.0000000000
9583  -8.012  -93.426  8.340 1.0000000000
9623  -5.564  -93.408  5.859 1.0000000000
9639  -4.505  -93.437  5.055 1.0000000000
9640  -5.010  -93.398  5.474 1.0000000000
9650  2.583  -94.366  4.423 0.6000000238
9655  -2.443  -93.322  4.210 1.0000000000
9672  -1.123  -93.493  3.598 1.0000000000
9674  -2.841  -93.877  3.862 1.0000000000
9688  -0.420  -94.149  2.942 1.0000000000
9740  -1.747  -93.556  -0.677 0.1000000015
9755  0.868  -92.963  -2.318 0.4000000060
9775  1.339  -93.960  -2.754 0.4000000060
9776  0.600  -93.449  -2.775 0.1000000015
9794  -7.932  -93.668  -5.086 0.1000000015
9803  -8.271  -93.673  -5.547 0.1000000015
9808  -6.606  -94.123  -6.427 0.2000000030
9809  -7.110  -94.053  -6.611 0.2000000030
9810  -7.976  -93.883  -6.299 0.1000000015
9812  -6.547  -94.301  -6.921 0.2000000030
10433  -6.953  -92.007  22.470 1.0000000000
10456  -11.108  -92.919  20.808 1.0000000000
10466  -4.596  -92.610  19.681 1.0000000000
10474  -1.512  -93.281  18.356 0.1000000015
10484  -2.306  -92.066  16.990 0.8999999762
10493  -1.710  -92.282  16.381 0.8999999762
10501  -12.366  -91.365  15.637 1.0000000000
10511  -12.348  -91.570  15.128 1.0000000000
10548  -10.414  -92.221  10.686 1.0000000000
10561  0.749  -92.543  10.613 0.8999999762
10566  -9.914  -92.580  10.398 1.0000000000
10623  -6.754  -92.825  6.985 1.0000000000
10633  0.818  -92.487  6.520 0.4000000060
10634  0.284  -92.350  6.896 0.4000000060
10639  -5.665  -92.513  6.251 1.0000000000
10649  1.115  -92.391  5.804 0.5000000000
10650  -2.059  -92.733  4.999 1.0000000000
10654  -5.137  -92.757  5.777 1.0000000000
10664  -2.679  -92.905  4.607 1.0000000000
10666  -3.999  -92.889  5.004 1.0000000000
11387  -12.290  -91.404  21.757 1.0000000000
11403  -12.880  -91.292  20.363 1.0000000000
11423  -3.884  -91.473  19.296 1.0000000000
11432  -3.748  -91.907  18.624 1.0000000000
11437  2.303  -91.258  16.756 0.2000000030
11440  -2.616  -91.503  17.581 0.8999999762
11453  -12.681  -91.591  16.277 1.0000000000
11479  -3.205  -90.872  13.236 1.0000000000
11504  -6.543  -90.721  12.134 1.0000000000
11539  0.985  -91.878  10.565 0.8000000119
11541  -3.443  -91.479  10.229 1.0000000000
11563  -4.181  -91.478  9.364 1.0000000000
11584  0.391  -91.653  9.038 0.4000000060
11587  -3.354  -91.944  8.371 1.0000000000
11591  -7.049  -91.592  8.412 1.0000000000
11606  -1.673  -91.288  7.323 0.1000000015
11610  -6.606  -91.910  7.473 1.0000000000
11623  -4.433  -91.926  6.948 1.0000000000
11625  -6.038  -91.981  6.838 1.0000000000
11626  -6.462  -92.296  6.937 1.0000000000
12347  -12.364  -90.752  22.038 1.0000000000
12359  -6.250  -90.928  22.348 1.0000000000
12369  -4.423  -90.600  20.747 1.0000000000
12393  2.568  -91.002  16.594 0.5000000000
12402  2.394  -91.482  16.540 0.2000000030
12404  -0.270  -89.954  16.093 0.8999999762
12405  -0.811  -90.389  16.507 0.8999999762
12406  -5.140  -90.100  16.113 1.0000000000
12409  -11.866  -90.359  16.251 1.0000000000
12419  -0.158  -90.560  15.780 0.8999999762
12421  -4.939  -90.224  15.739 1.0000000000
12423  -6.896  -89.938  15.651 1.0000000000
12446  -11.530  -90.583  14.904 1.0000000000
12462  -1.884  -90.251  13.203 1.0000000000
12471  -10.910  -90.268  13.815 1.0000000000
12490  -4.876  -90.673  12.929 1.0000000000
12502  1.405  -90.120  10.740 0.8000000119
12505  -6.808  -90.672  12.108 1.0000000000
12520  -0.566  -89.892  9.370 0.1000000015
12535  -0.457  -90.280  9.212 0.2000000030
12571  -2.616  -90.805  6.768 0.1000000015
12580  -0.976  -90.448  4.942 0.1000000015
12582  -2.551  -90.633  5.761 0.1000000015
12621  -0.491  -90.362  2.667 0.1000000015
13297  -5.296  -88.569  21.989 1.0000000000
13300  -8.022  -89.381  22.802 1.0000000000
13304  -11.975  -89.676  22.318 1.0000000000
13332  -2.430  -89.268  19.376 1.0000000000
13348  2.724  -90.899  16.177 0.5000000000
13352  -1.137  -89.288  17.421 1.0000000000
13353  -7.232  -89.113  16.821 1.0000000000
13355  -8.366  -88.984  16.769 1.0000000000
13367  -4.554  -89.454  16.080 1.0000000000
13375  -12.021  -89.791  16.881 1.0000000000
13384  0.938  -90.222  15.181 0.8999999762
13385  -3.000  -89.106  14.835 1.0000000000
13386  -3.383  -89.226  15.095 1.0000000000
13387  -4.279  -89.652  15.649 1.0000000000
13388  -4.730  -89.920  15.920 1.0000000000
13393  -11.274  -89.924  15.928 1.0000000000
13405  -4.072  -89.987  15.194 1.0000000000
13407  -10.277  -89.691  15.155 1.0000000000
13408  -10.721  -89.811  15.204 1.0000000000
13489  -2.159  -90.343  9.136 0.1000000015
13501  -2.581  -90.241  8.694 0.1000000015
14223  -5.894  -88.126  27.049 1.0000000000
14224  -6.215  -88.218  27.091 1.0000000000
14225  -6.891  -88.395  27.163 1.0000000000
14226  -7.574  -88.330  27.174 1.0000000000
14242  -8.990  -88.143  26.369 1.0000000000
14256  -9.544  -88.211  25.718 1.0000000000
14269  -7.135  -88.534  24.865 1.0000000000
14271  -9.055  -88.588  24.924 1.0000000000
14272  -9.921  -88.197  24.813 1.0000000000
14273  -10.473  -87.689  24.941 1.0000000000
14283  -6.531  -88.268  23.999 1.0000000000
14285  -8.481  -88.505  24.203 1.0000000000
14286  -9.397  -88.345  24.238 1.0000000000
14293  -5.312  -88.083  21.823 1.0000000000
14297  -8.693  -88.753  22.882 1.0000000000
14309  -2.890  -87.657  21.040 1.0000000000
14312  -5.228  -87.867  21.890 1.0000000000
14313  -11.247  -88.210  22.460 1.0000000000
14355  0.551  -87.819  16.557 0.8999999762
14357  -5.780  -88.333  17.036 1.0000000000
14372  0.331  -88.262  16.384 0.8999999762
14375  -5.517  -88.654  16.770 1.0000000000
14380  -11.189  -89.249  16.950 1.0000000000
14418  -0.512  -88.206  13.314 1.0000000000
14457  1.763  -88.309  10.680 0.8000000119
14491  1.556  -88.940  9.772 0.8000000119
15229  -7.061  -87.683  28.222 1.0000000000
15230  -7.569  -87.702  28.042 1.0000000000
15262  -3.724  -87.243  27.010 1.0000000000
15266  -9.536  -87.504  26.427 1.0000000000
15293  -3.930  -87.339  24.579 1.0000000000
15298  -11.537  -86.503  24.096 1.0000000000
15312  -5.098  -87.559  23.589 1.0000000000
15319  -11.412  -86.911  23.871 1.0000000000
15347  -4.267  -87.615  21.853 1.0000000000
15348  -5.047  -87.708  22.060 1.0000000000
15349  -11.056  -88.088  22.593 1.0000000000
15370  1.293  -87.879  19.417 0.4000000060
15379  -0.631  -87.289  17.891 1.0000000000
15380  -1.132  -87.482  18.302 1.0000000000
15381  -11.870  -87.157  18.098 1.0000000000
15392  0.236  -87.198  17.355 0.8999999762
15394  -5.625  -87.870  17.168 1.0000000000
15409  1.190  -87.812  16.454 0.8999999762
15410  0.950  -87.745  16.416 0.8999999762
15424  -1.763  -86.961  15.083 1.0000000000
15482  1.701  -87.557  10.569 0.8000000119
15484  -0.510  -87.197  9.955 0.1000000015
15518  1.557  -88.204  9.553 0.8000000119
16282  -4.547  -86.267  29.367 1.0000000000
16286  -7.316  -86.693  28.857 1.0000000000
16302  -3.636  -86.502  28.318 1.0000000000
16304  -5.221  -86.851  28.916 1.0000000000
16305  -6.079  -87.022  28.848 1.0000000000
16321  -3.948  -86.802  28.075 1.0000000000
16336  -9.337  -86.636  27.020 1.0000000000
16338  -10.205  -86.707  25.989 1.0000000000
16348  -1.163  -86.586  24.960 0.1000000015
16352  -9.973  -86.085  26.120 1.0000000000
16362  -0.596  -85.935  24.400 0.1000000015
16366  -11.294  -85.918  24.677 1.0000000000
16381  -1.057  -86.385  23.726 0.1000000015
16384  -4.641  -87.237  23.211 1.0000000000
16386  -11.371  -87.109  23.085 1.0000000000
16399  0.486  -85.969  21.995 0.4000000060
16403  -3.406  -86.698  22.375 1.0000000000
16405  -5.062  -87.263  22.835 1.0000000000
16406  -11.163  -87.383  22.976 1.0000000000
16408  -12.080  -86.560  22.567 1.0000000000
16423  -11.520  -87.318  22.339 1.0000000000
16433  1.518  -86.496  20.096 0.6999999881
16435  0.037  -86.811  20.755 0.1000000015
16436  -1.578  -86.397  19.671 1.0000000000
16437  -2.087  -86.365  20.379 1.0000000000
16450  -0.300  -86.326  18.452 1.0000000000
16452  -13.099  -86.008  19.225 1.0000000000
16453  -13.231  -86.401  19.430 1.0000000000
16462  0.703  -86.170  17.968 0.8000000119
16464  -9.940  -86.380  17.856 1.0000000000
16476  1.128  -86.802  17.326 0.8999999762
16478  0.324  -86.898  17.474 0.8999999762
16483  -8.983  -87.122  17.682 1.0000000000
16485  -10.909  -87.010  17.882 1.0000000000
16510  -2.115  -86.655  15.458 1.0000000000
16531  0.603  -85.910  12.471 0.8999999762
16562  1.442  -86.904  10.799 0.8000000119
16586  1.653  -87.208  10.167 0.8000000119
16588  -0.306  -86.892  9.317 0.3000000119
16589  -0.661  -86.289  9.356 0.1000000015
16611  -0.739  -86.028  9.095 0.2000000030
16627  0.194  -85.873  8.640 0.4000000060
16628  -0.106  -85.743  8.588 0.2000000030
17428  -3.803  -86.321  28.920 1.0000000000
17442  -2.580  -85.731  27.677 0.8999999762
17443  -3.007  -86.249  28.006 0.8999999762
17469  -10.053  -85.447  25.658 1.0000000000
17475  0.976  -85.131  24.033 0.3000000119
17476  0.252  -85.370  24.435 0.1000000015
17479  -11.029  -85.116  24.640 1.0000000000
17492  1.602  -84.864  22.665 0.5000000000
17515  -12.326  -85.838  22.728 1.0000000000
17542  -13.399  -86.089  20.007 1.0000000000
17552  0.588  -85.611  18.744 0.8000000119
17554  -0.983  -85.779  19.552 1.0000000000
17556  -13.295  -85.993  19.670 1.0000000000
17567  1.124  -85.866  18.288 0.8000000119
17569  -7.113  -85.479  18.053 1.0000000000
17608  -4.006  -86.232  16.682 1.0000000000
17681  0.780  -85.588  9.268 0.4000000060
17702  -0.463  -85.897  8.848 0.2000000030
17703  -0.753  -85.489  8.922 0.2000000030
17717  0.036  -85.466  8.530 0.4000000060
17718  -0.260  -85.416  8.648 0.2000000030
17719  -0.373  -85.109  8.728 0.2000000030
18514  -5.550  -85.248  30.248 1.0000000000
18539  1.602  -83.490  27.022 0.3000000119
18540  1.153  -83.808  27.400 0.2000000030
18542  -1.453  -83.864  26.654 0.8999999762
18543  -1.771  -84.319  27.036 0.8999999762
18544  -9.371  -85.160  27.604 1.0000000000
18552  0.338  -84.749  26.588 0.2000000030
18562  -1.194  -84.118  25.275 0.8999999762
18563  -1.622  -84.631  25.405 0.8999999762
18576  -9.509  -84.197  24.977 1.0000000000
18594  -10.759  -83.999  23.979 1.0000000000
18610  -12.498  -85.040  22.277 1.0000000000
18618  0.882  -83.692  20.851 0.8000000119
18619  -0.096  -84.019  20.992 0.8999999762
18620  -0.694  -84.241  21.628 1.0000000000
18629  1.644  -84.355  20.180 0.8000000119
18640  -12.046  -84.051  19.671 1.0000000000
18654  -7.177  -85.188  18.098 1.0000000000
18740  0.330  -84.951  8.909 0.5000000000
18761  0.254  -85.014  8.624 0.2000000030
18762  -0.131  -84.839  8.753 0.2000000030
18763  -0.558  -84.873  8.860 0.2000000030
18784  0.018  -85.143  8.549 0.2000000030
18785  0.011  -84.987  8.613 0.2000000030
19622  1.035  -83.489  28.274 0.2000000030
19624  -1.152  -83.159  27.496 0.8999999762
19646  0.130  -81.954  25.159 0.8999999762
19658  -0.452  -83.505  24.593 0.8999999762
19672  -7.919  -83.145  25.795 1.0000000000
19691  0.502  -82.394  23.199 0.8999999762
19692  0.371  -82.965  22.920 0.8999999762
19711  -12.352  -84.173  22.343 1.0000000000
19743  1.502  -83.843  20.683 0.6999999881
19744  -11.155  -82.895  20.372 1.0000000000
19760  -10.441  -83.262  18.917 1.0000000000
19763  -12.207  -83.870  20.098 1.0000000000
19781  -11.350  -83.672  19.295 1.0000000000
19790  0.408  -82.989  17.634 0.8000000119
19795  -7.632  -83.643  17.958 1.0000000000
19804  0.852  -83.053  17.585 0.8000000119
19889  -0.190  -83.709  9.826 0.4000000060
20657  -2.673  -82.458  32.032 1.0000000000
20663  -7.547  -82.424  31.289 1.0000000000
20677  1.051  -82.394  30.376 0.1000000015
20680  -1.460  -82.126  30.579 1.0000000000
20735  -7.774  -82.701  26.340 1.0000000000
20745  0.944  -80.999  24.401 0.8999999762
20747  -7.855  -83.108  26.359 1.0000000000
20792  1.427  -82.498  22.810 0.6999999881
20793  1.325  -82.264  22.981 0.8999999762
20845  -0.332  -82.362  18.393 0.8000000119
20854  0.977  -82.633  18.239 0.8000000119
20855  0.168  -82.683  18.049 0.8000000119
20861  -7.021  -82.854  17.615 1.0000000000
20867  -0.156  -82.916  17.539 0.8999999762
20870  -2.663  -83.310  16.820 1.0000000000
21708  -3.980  -80.918  32.507 1.0000000000
21726  -1.486  -81.344  31.635 1.0000000000
21728  -3.202  -81.716  32.437 1.0000000000
21729  -4.155  -81.337  32.450 1.0000000000
21730  -5.118  -81.361  32.333 1.0000000000
21765  -10.704  -81.570  29.853 1.0000000000
21786  0.036  -80.222  26.198 0.8999999762
21794  0.518  -79.828  26.124 0.8999999762
21797  -8.054  -82.458  26.350 1.0000000000
21800  -14.490  -80.880  26.609 1.0000000000
21831  1.686  -81.328  23.912 0.8999999762
21832  1.311  -81.222  23.923 0.8999999762
21837  -12.504  -81.086  24.870 1.0000000000
21854  1.698  -81.736  23.713 0.8999999762
21855  1.491  -81.645  23.700 0.8999999762
21907  1.238  -81.982  18.723 0.8999999762
21914  -7.188  -81.941  18.508 1.0000000000
22775  -2.015  -80.264  32.922 1.0000000000
22776  -2.297  -80.147  32.941 1.0000000000
22796  -1.197  -79.795  32.472 1.0000000000
22801  -4.982  -80.030  32.449 1.0000000000
22814  -0.961  -79.947  32.009 1.0000000000
22835  -1.057  -80.748  30.979 1.0000000000
22862  -0.313  -79.661  28.776 0.8999999762
22879  0.148  -79.336  26.992 0.8999999762
22904  -6.311  -80.811  24.954 1.0000000000
22987  -2.584  -81.234  18.012 0.8999999762
22988  -3.270  -81.336  17.773 0.8999999762
23822  -1.872  -79.986  33.031 1.0000000000
23823  -2.145  -80.003  33.054 1.0000000000
23833  -1.510  -79.440  32.915 1.0000000000
23844  -0.587  -79.341  31.612 0.8999999762
23867  1.878  -79.454  28.457 0.4000000060
23889  -15.333  -79.416  27.595 0.8999999762
23897  1.435  -79.029  26.871 0.8000000119
23898  0.357  -78.518  27.564 0.8999999762
23899  -0.077  -78.622  27.884 0.8999999762
23905  0.979  -78.767  26.787 0.8000000119
23915  -3.723  -78.317  25.966 0.8999999762
23936  -12.366  -80.005  24.785 1.0000000000
23962  -1.981  -78.488  22.681 0.6999999881
24054  -1.308  -79.911  16.069 0.2000000030
24931  -1.154  -77.550  33.130 1.0000000000
24955  -0.333  -78.743  31.203 0.8999999762
24959  -9.365  -77.890  31.467 0.4000000060
24985  0.423  -77.999  29.196 0.8999999762
24996  1.612  -78.702  28.055 0.6999999881
24997  0.529  -77.907  28.539 0.8999999762
25017  0.632  -78.173  27.647 0.8999999762
25022  -15.958  -79.263  27.082 0.8999999762
25026  0.832  -78.550  27.246 0.8999999762
25027  0.643  -78.503  27.379 0.8999999762
25028  -2.725  -77.251  26.058 0.5000000000
25061  -14.270  -79.428  25.100 1.0000000000
25088  -2.234  -78.397  23.080 0.6999999881
25167  -1.291  -77.360  18.377 0.1000000015
25189  -1.569  -77.633  16.331 0.1000000015
26077  1.350  -76.472  33.706 0.1000000015
26078  -0.513  -77.049  32.740 0.8999999762
26080  -1.567  -77.053  33.169 1.0000000000
26081  -7.588  -76.518  32.026 0.4000000060
26097  -1.706  -76.590  33.013 1.0000000000
26098  -2.185  -76.985  33.030 1.0000000000
26118  -8.206  -76.636  30.800 0.4000000060
26135  -8.527  -76.337  30.344 0.6999999881
26147  0.378  -77.752  29.848 0.8999999762
26150  -7.916  -77.593  28.656 0.8000000119
26158  1.499  -78.172  28.357 0.8000000119
26159  1.091  -77.756  28.450 0.8000000119
26177  1.517  -78.265  27.860 0.8000000119
26217  -0.858  -76.811  25.032 0.3000000119
26228  -0.806  -76.990  23.366 0.2000000030
26230  -1.046  -77.368  24.002 0.5000000000
26347  -1.516  -77.342  17.027 0.1000000015
27249  1.318  -75.750  33.395 0.5000000000
27251  -1.052  -75.940  32.988 0.8000000119
27266  -1.551  -76.046  32.916 1.0000000000
27279  0.090  -77.216  31.242 0.8000000119
27294  0.700  -77.237  30.600 0.8000000119
27300  -8.524  -75.772  29.871 0.6000000238
27301  -9.062  -76.068  29.845 0.6000000238
27309  0.794  -77.594  29.925 0.8000000119
27322  -6.671  -75.249  28.388 0.6999999881
27326  -10.521  -74.876  28.840 0.5000000000
27328  -12.664  -75.419  29.035 0.4000000060
27356  -1.648  -76.412  26.367 0.3000000119
27362  -17.717  -76.781  26.326 0.8999999762
27415  -1.010  -76.099  22.757 0.1000000015
27434  -1.959  -74.847  20.893 0.1000000015
28380  0.412  -75.254  35.125 0.1000000015
28425  1.022  -75.028  33.152 0.6000000238
28442  0.867  -75.379  32.625 0.6000000238
28444  -0.126  -75.491  32.540 0.8999999762
28445  -1.961  -75.430  32.760 1.0000000000
28448  -4.018  -75.527  31.908 0.8000000119
28460  0.711  -75.789  32.322 0.6999999881
28464  -4.105  -75.121  31.419 0.6999999881
28476  0.737  -76.367  31.982 0.8000000119
28478  0.488  -77.013  31.107 0.8000000119
28479  -4.566  -75.072  30.777 0.6999999881
28480  -5.056  -74.881  30.018 0.6999999881
28492  -4.970  -74.540  29.860 0.6999999881
28497  -10.275  -74.890  28.830 0.5000000000
28509  -0.850  -74.328  27.480 0.1000000015
28511  -6.553  -75.093  28.546 0.6999999881
28531  -3.717  -75.322  27.076 0.6999999881
28533  -8.478  -75.311  27.819 0.6999999881
28534  -8.913  -75.194  27.804 0.6999999881
29613  0.881  -74.351  33.523 0.6000000238
29615  -0.757  -73.301  34.200 0.6000000238
29637  0.789  -74.479  33.119 0.6000000238
29639  -1.218  -75.047  32.890 0.8000000119
29660  -3.545  -75.018  32.192 0.6999999881
29661  -5.091  -73.683  32.232 0.3000000119
29662  -5.501  -73.825  32.478 0.3000000119
29671  -3.619  -74.634  31.897 0.6999999881
29683  -4.557  -74.552  30.808 0.6999999881
29696  -4.777  -74.483  30.385 0.6999999881
29697  -4.874  -74.407  30.040 0.6999999881
29706  -1.228  -73.968  27.646 0.1000000015
29709  -19.471  -74.016  28.328 0.8000000119
30731  -3.936  -73.866  33.982 0.2000000030
30746  -3.031  -73.734  33.813 0.2000000030
30748  -3.902  -73.452  33.564 0.2000000030
30781  -4.213  -74.213  31.322 0.6999999881
30796  -4.938  -74.360  30.258 0.6999999881
30797  -4.893  -74.194  30.302 0.6000000238
30814  -4.907  -72.300  27.408 0.4000000060
30821  -2.870  -74.013  27.578 0.5000000000
31851  -13.829  -72.030  31.459 0.1000000015
32970  -2.320  -71.182  28.082 0.1000000015
32990  -12.458  -71.901  25.470 0.8999999762
34019  -19.390  -72.651  28.997 0.3000000119
34020  -19.362  -72.896  28.943 0.4000000060
34034  -19.443  -72.783  28.795 0.3000000119
34035  -19.432  -73.008  28.737 0.4000000060
39783  -11.898  -65.240  23.616 0.3000000119
148910  4.098  -101.184  3.922 0.8999999762
148916  3.357  -100.127  5.866 1.0000000000
148917  3.206  -99.913  5.014 1.0000000000
148922  -0.079  -100.039  7.896 1.0000000000
148925  -0.161  -100.179  8.520 1.0000000000
148943  -5.063  -98.506  12.983 1.0000000000
148944  -4.840  -98.184  11.775 1.0000000000
148953  -9.325  -96.447  13.716 1.0000000000
148954  -8.414  -96.592  12.930 1.0000000000
148955  -9.502  -96.663  14.756 1.0000000000
148957  -8.857  -96.355  12.718 1.0000000000
148964  -10.498  -95.882  13.623 1.0000000000
148972  -12.624  -93.152  15.507 1.0000000000
148973  -12.674  -92.858  15.903 1.0000000000
148978  -12.462  -90.905  16.527 1.0000000000
148980  -12.851  -91.005  17.507 1.0000000000
148991  2.782  -93.116  15.828 0.6000000238
149000  2.021  -91.114  17.039 0.2000000030
149001  2.474  -93.777  15.189 0.6999999881
149021  -0.362  -72.983  32.750 0.6999999881
149025  -2.295  -72.659  33.527 0.2000000030
149026  -2.415  -72.473  33.078 0.4000000060
149028  -3.070  -73.243  33.547 0.2000000030
149032  -19.480  -72.352  29.011 0.3000000119
149034  -19.489  -72.840  28.705 0.4000000060
