#!ascii label  , from subject tim vox2ras=TkReg
3965
96  -1.585  -107.634  23.258 0.0000000000
23066  -2.977  -79.396  12.319 0.0000000000
30825  -19.627  -72.823  27.277 0.0000000000
8711  -7.755  -94.318  -6.825 0.0000000000
41890  -6.975  -64.109  24.546 0.0000000000
29620  -5.277  -74.086  34.106 0.0000000000
6269  -7.063  -95.632  27.390 0.0000000000
2871  0.365  -101.816  8.451 0.0000000000
13540  -4.627  -89.034  5.503 0.0000000000
35086  -14.698  -69.093  30.311 0.0000000000
30798  -16.173  -72.883  29.710 0.0000000000
38638  -17.617  -66.532  25.325 0.0000000000
44182  -11.270  -61.430  24.241 0.0000000000
20590  -0.087  -82.532  35.759 0.0000000000
16332  -0.608  -86.317  26.491 0.0000000000
16448  1.695  -86.661  19.014 0.0000000000
12352  1.076  -90.773  20.859 0.0000000000
2632  -3.863  -101.218  25.330 0.0000000000
3392  -3.256  -100.366  21.490 0.0000000000
1523  -2.463  -103.984  15.952 0.0000000000
387  3.516  -106.146  8.739 0.0000000000
75  -2.822  -107.536  14.135 0.0000000000
2121  -13.244  -102.350  14.258 0.0000000000
26313  -1.533  -76.447  19.205 0.0000000000
28575  -2.999  -74.554  24.024 0.0000000000
25153  -3.835  -78.026  18.943 0.0000000000
7568  -1.445  -95.366  0.400 0.0000000000
10712  -0.213  -92.182  1.158 0.0000000000
13623  -6.815  -89.414  0.026 0.0000000000
1257  -15.261  -104.549  0.556 0.0000000000
3710  -16.786  -100.557  -4.262 0.0000000000
4333  -22.200  -99.732  1.902 0.0000000000
37388  -18.537  -67.284  29.636 0.0000000000
5839  -7.320  -97.664  -1.783 0.0000000000
8692  -14.459  -94.642  -4.746 0.0000000000
28501  -14.783  -75.494  29.492 0.0000000000
26105  -13.108  -77.790  32.306 0.0000000000
28466  -6.742  -75.387  30.801 0.0000000000
27264  1.244  -75.725  32.772 0.0000000000
10351  -2.157  -92.759  27.177 0.0000000000
8334  -2.400  -94.534  22.812 0.0000000000
3580  -7.784  -100.314  7.550 0.0000000000
734  -12.154  -105.605  7.376 0.0000000000
35127  -3.428  -68.991  26.934 0.0000000000
14420  -2.528  -88.176  13.161 0.0000000000
16544  -8.867  -86.478  12.614 0.0000000000
21944  -7.424  -81.512  15.681 0.0000000000
31860  -13.989  -72.079  30.743 0.0000000000
17376  1.927  -85.408  31.494 0.0000000000
15258  1.368  -87.857  26.718 0.0000000000
14281  -0.669  -88.585  23.436 0.0000000000
12316  2.200  -90.534  24.468 0.0000000000
520  0.215  -105.554  27.450 0.0000000000
2619  0.373  -101.840  26.848 0.0000000000
951  -2.138  -104.788  24.407 0.0000000000
1438  -5.304  -103.555  21.390 0.0000000000
310  -3.071  -107.177  19.484 0.0000000000
330  -0.924  -106.977  15.637 0.0000000000
26  -2.666  -108.369  19.706 0.0000000000
21941  -0.862  -81.373  14.818 0.0000000000
25214  -2.546  -77.400  14.943 0.0000000000
26337  -4.020  -75.512  17.728 0.0000000000
25237  -4.371  -77.284  13.966 0.0000000000
7526  -5.181  -95.057  2.285 0.0000000000
10756  -4.359  -92.207  -0.317 0.0000000000
11668  -7.345  -91.292  1.843 0.0000000000
2312  -18.071  -103.053  1.786 0.0000000000
2349  -20.062  -102.034  -0.455 0.0000000000
2967  -22.719  -101.452  3.296 0.0000000000
32958  -18.545  -71.216  30.049 0.0000000000
36199  -17.499  -68.268  30.726 0.0000000000
35105  -19.554  -69.780  28.886 0.0000000000
35133  -18.756  -69.780  26.183 0.0000000000
7672  -4.443  -95.798  -7.754 0.0000000000
6686  -4.201  -96.604  -4.740 0.0000000000
5888  -7.517  -96.582  -4.664 0.0000000000
5131  -17.401  -98.890  -2.272 0.0000000000
5924  -17.123  -97.494  -6.151 0.0000000000
5844  -15.205  -97.390  -1.516 0.0000000000
42948  -8.164  -63.039  25.463 0.0000000000
46475  -9.960  -59.461  24.309 0.0000000000
44201  -8.600  -61.967  23.883 0.0000000000
28384  -10.411  -75.587  35.754 0.0000000000
26062  -9.675  -75.793  34.063 0.0000000000
28429  -6.310  -74.113  32.859 0.0000000000
149027  -2.375  -73.667  32.400 0.0000000000
21749  1.477  -81.810  30.701 0.0000000000
23820  1.140  -78.875  33.588 0.0000000000
24984  1.564  -78.775  28.910 0.0000000000
8186  -1.266  -94.459  30.357 0.0000000000
10335  -5.820  -92.680  28.378 0.0000000000
12321  -4.584  -90.995  24.336 0.0000000000
8300  -6.608  -93.970  24.136 0.0000000000
1463  0.362  -103.945  19.492 0.0000000000
2675  0.872  -101.288  21.559 0.0000000000
724  1.623  -105.516  7.429 0.0000000000
60  -9.521  -108.246  15.615 0.0000000000
4951  -14.106  -98.685  13.664 0.0000000000
4179  -9.564  -99.534  12.574 0.0000000000
4231  -11.555  -99.966  9.898 0.0000000000
1626  -9.514  -103.800  7.654 0.0000000000
2904  -13.296  -101.404  7.548 0.0000000000
1647  -15.743  -103.818  6.320 0.0000000000
2200  -18.108  -102.463  8.944 0.0000000000
27348  -15.016  -75.847  27.990 0.0000000000
31897  -1.616  -71.951  27.471 0.0000000000
28589  -5.046  -75.491  23.944 0.0000000000
31936  -5.730  -72.435  24.431 0.0000000000
14579  -0.891  -87.897  3.848 0.0000000000
11645  0.404  -91.316  4.537 0.0000000000
11638  -2.261  -90.957  6.298 0.0000000000
13468  -0.700  -89.625  9.697 0.0000000000
13492  -4.405  -89.285  9.228 0.0000000000
17617  -8.578  -85.281  15.493 0.0000000000
21933  -11.229  -81.128  16.698 0.0000000000
26368  -7.729  -77.572  16.615 0.0000000000
34016  -15.723  -70.800  30.020 0.0000000000
30800  -18.318  -73.177  29.574 0.0000000000
39710  -17.712  -64.924  28.290 0.0000000000
40799  -18.155  -64.303  26.663 0.0000000000
41834  -16.989  -63.241  25.704 0.0000000000
42993  -15.254  -61.869  24.696 0.0000000000
45416  -14.525  -60.350  24.016 0.0000000000
39723  -6.661  -64.928  26.215 0.0000000000
17325  0.474  -85.450  35.153 0.0000000000
19569  -0.262  -83.793  31.706 0.0000000000
18550  1.683  -83.565  26.605 0.0000000000
17511  0.284  -85.636  22.821 0.0000000000
14337  1.184  -88.673  19.002 0.0000000000
11429  0.593  -91.779  17.285 0.0000000000
4765  -1.067  -99.270  27.773 0.0000000000
5515  -5.240  -97.682  25.876 0.0000000000
6333  -7.105  -96.699  22.809 0.0000000000
3359  -5.724  -100.570  23.077 0.0000000000
2033  -3.038  -102.431  19.165 0.0000000000
1519  1.181  -103.775  15.498 0.0000000000
1094  0.564  -104.491  12.207 0.0000000000
206  0.144  -107.321  10.296 0.0000000000
715  -1.304  -105.889  9.980 0.0000000000
194  -11.903  -107.121  13.287 0.0000000000
2798  -16.447  -101.866  13.604 0.0000000000
26245  -1.063  -76.193  22.191 0.0000000000
29747  -1.336  -74.358  24.464 0.0000000000
28623  -3.542  -73.802  21.060 0.0000000000
26268  -4.199  -76.221  20.578 0.0000000000
25090  -5.326  -78.367  21.588 0.0000000000
6662  0.968  -96.260  -2.980 0.0000000000
8638  1.975  -94.743  -0.850 0.0000000000
10790  -1.274  -92.581  -2.331 0.0000000000
11678  -2.781  -91.156  0.984 0.0000000000
16732  -4.497  -86.750  3.117 0.0000000000
3035  -16.592  -102.157  -1.297 0.0000000000
3698  -19.802  -100.432  -1.988 0.0000000000
5080  -19.070  -98.833  1.933 0.0000000000
39672  -17.177  -65.482  30.146 0.0000000000
37419  -18.926  -67.469  27.320 0.0000000000
527  -3.442  -105.761  26.118 0.0000000000
100  -5.282  -107.686  23.561 0.0000000000
1405  -6.305  -103.520  25.696 0.0000000000
20926  -1.168  -81.575  11.067 0.0000000000
5850  -1.891  -97.372  -3.089 0.0000000000
6632  -5.211  -96.038  -0.445 0.0000000000
6584  -8.178  -97.135  2.484 0.0000000000
5140  -14.458  -98.603  -3.372 0.0000000000
6704  -13.293  -96.598  -5.893 0.0000000000
8704  -11.781  -94.414  -5.406 0.0000000000
8662  -14.657  -94.067  -1.263 0.0000000000
10800  -12.706  -92.742  -2.643 0.0000000000
8678  -9.325  -94.066  -2.736 0.0000000000
6635  -10.802  -96.571  -0.466 0.0000000000
29675  -14.348  -74.039  31.653 0.0000000000
30751  -14.871  -73.735  33.204 0.0000000000
27284  -14.111  -76.505  31.688 0.0000000000
26153  -10.812  -76.492  29.523 0.0000000000
26066  -13.275  -77.349  34.680 0.0000000000
24975  -9.174  -77.573  30.858 0.0000000000
24915  -6.454  -78.132  35.332 0.0000000000
26033  -1.779  -77.517  35.114 0.0000000000
29616  -1.689  -73.744  34.240 0.0000000000
7149  1.566  -95.879  28.881 0.0000000000
9366  1.398  -93.807  25.777 0.0000000000
12317  -0.649  -90.989  23.520 0.0000000000
10452  -2.746  -92.290  20.356 0.0000000000
7308  0.095  -95.481  19.544 0.0000000000
6354  -2.951  -96.700  21.766 0.0000000000
5557  1.514  -97.372  22.371 0.0000000000
133  -5.215  -107.394  18.662 0.0000000000
359  -5.028  -106.057  14.224 0.0000000000
2148  -2.831  -102.920  11.109 0.0000000000
2841  -6.782  -101.437  10.066 0.0000000000
2211  -3.857  -101.760  7.408 0.0000000000
1186  -5.132  -104.197  5.099 0.0000000000
463  -13.231  -105.979  4.076 0.0000000000
776  -16.882  -105.223  4.007 0.0000000000
28485  -15.207  -74.052  30.305 0.0000000000
28503  -16.971  -74.837  29.323 0.0000000000
37442  -4.610  -66.845  25.740 0.0000000000
31918  -2.919  -71.897  25.405 0.0000000000
35155  -5.517  -69.303  24.780 0.0000000000
16564  -0.871  -86.337  10.336 0.0000000000
18704  -2.948  -83.822  13.124 0.0000000000
14552  -7.927  -87.880  5.740 0.0000000000
17684  -8.205  -86.097  10.203 0.0000000000
14494  -7.000  -89.052  9.732 0.0000000000
14424  -6.632  -88.595  13.542 0.0000000000
18697  -5.825  -84.511  14.701 0.0000000000
23030  -4.989  -80.351  13.790 0.0000000000
25194  -6.211  -78.254  15.923 0.0000000000
24026  -6.338  -79.387  18.860 0.0000000000
32929  -13.005  -71.023  31.378 0.0000000000
31851  -13.829  -72.030  31.459 0.0000000000
13280  1.742  -89.249  25.403 0.0000000000
80  -0.580  -107.095  25.535 0.0000000000
948  0.508  -105.368  25.440 0.0000000000
290  -1.351  -106.656  23.194 0.0000000000
560  -3.392  -105.799  22.234 0.0000000000
300  -2.107  -107.395  21.911 0.0000000000
124  -2.409  -107.854  19.262 0.0000000000
10  -2.195  -108.238  21.456 0.0000000000
21960  -1.854  -79.507  12.983 0.0000000000
23009  -1.739  -79.484  14.702 0.0000000000
24093  -2.584  -78.270  13.912 0.0000000000
25215  -3.734  -76.561  14.957 0.0000000000
25253  -3.945  -77.752  13.285 0.0000000000
8586  -7.184  -94.367  3.182 0.0000000000
9694  -6.498  -93.518  2.587 0.0000000000
10679  -7.715  -92.085  3.115 0.0000000000
32959  -19.494  -71.804  29.182 0.0000000000
34018  -19.326  -70.551  29.434 0.0000000000
34033  -19.610  -70.789  28.527 0.0000000000
32981  -19.586  -71.395  27.117 0.0000000000
6725  -5.888  -96.902  -7.799 0.0000000000
8719  -6.229  -94.546  -7.607 0.0000000000
7655  -5.176  -95.160  -7.062 0.0000000000
8700  -6.650  -94.302  -5.701 0.0000000000
5097  -16.754  -98.684  0.624 0.0000000000
5129  -15.915  -98.066  -1.608 0.0000000000
6600  -15.749  -96.849  0.722 0.0000000000
41851  -7.120  -63.349  25.455 0.0000000000
44180  -8.645  -61.926  24.473 0.0000000000
43027  -7.888  -63.098  24.086 0.0000000000
41913  -8.250  -63.674  23.364 0.0000000000
40854  -7.513  -64.653  23.753 0.0000000000
28411  -8.113  -75.009  34.847 0.0000000000
29645  -7.845  -74.095  33.928 0.0000000000
29643  -5.740  -73.704  33.842 0.0000000000
30760  -4.638  -73.462  32.412 0.0000000000
149030  -3.389  -72.931  33.203 0.0000000000
21778  1.993  -81.235  28.280 0.0000000000
22844  2.007  -80.447  28.967 0.0000000000
6260  -5.910  -96.320  28.453 0.0000000000
8213  -4.564  -94.199  30.209 0.0000000000
9312  -7.380  -93.571  27.993 0.0000000000
10393  -7.337  -92.652  26.037 0.0000000000
8289  -8.401  -94.148  25.597 0.0000000000
1022  2.748  -105.355  17.129 0.0000000000
1612  1.727  -103.831  8.349 0.0000000000
1639  3.193  -103.473  6.160 0.0000000000
2893  2.206  -101.775  7.602 0.0000000000
2917  0.268  -101.368  6.595 0.0000000000
144  -10.481  -107.520  16.967 0.0000000000
4975  -15.441  -98.882  11.872 0.0000000000
4197  -12.735  -98.692  11.779 0.0000000000
4217  -14.336  -99.289  10.235 0.0000000000
3564  -12.727  -100.674  8.614 0.0000000000
3545  -15.026  -100.348  9.124 0.0000000000
2883  -15.692  -101.298  8.542 0.0000000000
26202  -0.881  -76.701  25.443 0.0000000000
30811  -2.524  -73.261  27.709 0.0000000000
29705  -0.823  -73.888  27.560 0.0000000000
15581  -2.143  -87.389  4.782 0.0000000000
13556  -1.730  -89.368  4.821 0.0000000000
13539  -3.672  -89.445  5.385 0.0000000000
13513  -3.598  -89.901  7.491 0.0000000000
13515  -5.137  -89.455  7.472 0.0000000000
31872  -15.084  -71.621  29.941 0.0000000000
32954  -14.532  -71.218  29.845 0.0000000000
31874  -16.756  -72.137  29.857 0.0000000000
32957  -17.332  -71.438  30.218 0.0000000000
30799  -17.232  -73.052  29.655 0.0000000000
5891  -10.638  -97.341  -4.414 0.0000000000
39728  -18.540  -65.599  27.069 0.0000000000
40784  -17.788  -64.402  27.787 0.0000000000
39726  -17.998  -64.711  25.875 0.0000000000
40817  -16.687  -64.242  25.307 0.0000000000
41855  -15.560  -63.392  24.728 0.0000000000
42974  -16.529  -62.518  25.466 0.0000000000
41854  -15.019  -63.313  24.494 0.0000000000
42992  -14.787  -62.449  24.416 0.0000000000
17403  0.137  -85.720  29.814 0.0000000000
18480  0.578  -84.775  31.746 0.0000000000
18510  -0.238  -84.670  29.530 0.0000000000
19623  0.454  -83.664  28.765 0.0000000000
18541  0.258  -84.612  27.078 0.0000000000
17464  0.859  -85.096  24.824 0.0000000000
16347  -0.607  -86.040  25.519 0.0000000000
13295  0.909  -89.493  22.289 0.0000000000
14307  -0.511  -88.495  21.412 0.0000000000
13320  0.609  -89.700  20.040 0.0000000000
12384  1.025  -90.335  17.913 0.0000000000
11407  0.188  -91.172  19.295 0.0000000000
2560  -0.736  -101.791  31.270 0.0000000000
2621  -1.444  -101.489  26.431 0.0000000000
3304  0.221  -100.266  27.300 0.0000000000
4008  -2.161  -99.538  26.609 0.0000000000
4776  -2.886  -98.366  27.363 0.0000000000
4016  -3.606  -99.318  26.052 0.0000000000
4030  -5.496  -99.244  24.539 0.0000000000
2642  -5.151  -101.222  24.082 0.0000000000
1482  -4.805  -103.762  18.360 0.0000000000
2036  -5.043  -102.588  19.637 0.0000000000
2086  -2.687  -102.959  16.891 0.0000000000
1495  -1.315  -103.159  17.595 0.0000000000
1521  -1.177  -103.536  15.572 0.0000000000
1550  0.991  -103.559  13.167 0.0000000000
1076  -0.293  -104.498  13.334 0.0000000000
162  -1.392  -107.566  14.831 0.0000000000
172  -0.414  -107.261  13.363 0.0000000000
187  -1.094  -107.333  12.297 0.0000000000
214  -0.967  -106.900  10.220 0.0000000000
204  -2.691  -106.889  12.067 0.0000000000
658  -14.757  -105.980  14.503 0.0000000000
25166  -1.120  -78.015  18.050 0.0000000000
26312  -0.914  -77.373  19.869 0.0000000000
26265  -0.765  -77.201  21.945 0.0000000000
26288  -1.808  -75.583  20.174 0.0000000000
27433  -1.936  -74.726  21.355 0.0000000000
27467  -2.791  -74.955  19.124 0.0000000000
25152  -3.820  -76.987  18.507 0.0000000000
26289  -4.245  -76.221  19.589 0.0000000000
26290  -4.140  -77.177  19.823 0.0000000000
26247  -4.173  -77.327  21.734 0.0000000000
25110  -4.895  -78.315  20.406 0.0000000000
6627  -0.102  -96.176  -0.693 0.0000000000
8676  0.300  -94.302  -2.651 0.0000000000
8641  -1.110  -94.177  -0.651 0.0000000000
12681  -3.716  -91.549  -0.549 0.0000000000
13592  -3.871  -89.217  2.519 0.0000000000
15645  -5.766  -88.077  1.972 0.0000000000
1707  -14.348  -103.979  1.787 0.0000000000
2311  -15.531  -102.320  0.917 0.0000000000
1741  -16.083  -103.374  -0.629 0.0000000000
3686  -21.827  -101.068  0.796 0.0000000000
3045  -19.976  -101.193  -1.537 0.0000000000
4362  -20.931  -100.260  -0.128 0.0000000000
4361  -19.826  -99.776  0.029 0.0000000000
36200  -18.391  -68.340  30.252 0.0000000000
37376  -15.989  -67.161  31.313 0.0000000000
37377  -17.184  -66.966  30.761 0.0000000000
38577  -18.109  -66.392  29.622 0.0000000000
38589  -18.281  -66.235  28.752 0.0000000000
37404  -19.022  -67.526  28.484 0.0000000000
942  -5.331  -104.560  25.890 0.0000000000
5883  -1.558  -97.488  -5.024 0.0000000000
5868  -5.768  -97.154  -3.553 0.0000000000
6664  -4.174  -96.110  -2.838 0.0000000000
6650  -6.235  -96.930  -1.725 0.0000000000
6615  -6.583  -96.763  0.250 0.0000000000
5814  -7.374  -97.437  0.084 0.0000000000
4413  -15.295  -99.170  -3.643 0.0000000000
6706  -16.220  -95.833  -5.868 0.0000000000
5922  -15.670  -97.084  -6.678 0.0000000000
7662  -14.900  -95.751  -6.294 0.0000000000
7660  -12.587  -95.466  -6.037 0.0000000000
8706  -13.842  -94.516  -5.408 0.0000000000
10778  -13.871  -92.214  -1.334 0.0000000000
10776  -11.975  -92.675  -1.598 0.0000000000
9781  -10.991  -93.249  -2.698 0.0000000000
9743  -11.046  -93.784  -0.966 0.0000000000
7610  -9.899  -95.109  -1.542 0.0000000000
8631  -10.972  -94.873  -0.167 0.0000000000
44184  -13.039  -61.496  23.880 0.0000000000
47677  -11.520  -58.562  24.194 0.0000000000
31830  -14.875  -72.596  33.502 0.0000000000
26107  -14.245  -76.879  33.200 0.0000000000
27272  -14.450  -76.113  32.719 0.0000000000
26121  -13.577  -77.283  31.450 0.0000000000
26155  -12.721  -76.956  29.597 0.0000000000
24978  -11.412  -78.185  30.640 0.0000000000
26040  -12.770  -76.878  35.561 0.0000000000
27252  -7.393  -75.848  32.566 0.0000000000
26103  -8.933  -77.550  32.406 0.0000000000
26117  -7.861  -76.388  30.849 0.0000000000
21637  -0.355  -81.318  36.060 0.0000000000
24929  1.307  -77.505  33.707 0.0000000000
24882  0.371  -78.297  34.846 0.0000000000
27201  0.698  -76.175  35.184 0.0000000000
27228  -1.152  -75.518  35.001 0.0000000000
28402  1.077  -74.740  34.561 0.0000000000
29638  0.517  -73.987  32.900 0.0000000000
28461  0.485  -76.019  32.185 0.0000000000
9306  -1.928  -93.529  28.288 0.0000000000
8185  -0.062  -94.738  30.169 0.0000000000
8235  -0.009  -94.621  28.203 0.0000000000
8274  0.894  -94.613  26.873 0.0000000000
10369  -0.513  -93.053  26.195 0.0000000000
10405  0.695  -92.589  24.895 0.0000000000
11331  -2.009  -91.649  25.452 0.0000000000
10432  -4.215  -92.343  23.017 0.0000000000
11380  -3.818  -91.685  22.400 0.0000000000
9421  -3.202  -93.602  21.589 0.0000000000
8374  -2.538  -94.448  19.859 0.0000000000
7294  -1.449  -94.917  20.838 0.0000000000
5583  -5.198  -98.092  21.511 0.0000000000
6331  -4.941  -96.256  21.797 0.0000000000
4853  -2.455  -98.450  21.351 0.0000000000
2673  2.639  -100.923  22.377 0.0000000000
4850  1.123  -98.695  22.067 0.0000000000
4831  2.858  -98.471  22.554 0.0000000000
1138  5.048  -105.052  8.481 0.0000000000
102  -6.642  -107.174  23.428 0.0000000000
111  -5.494  -107.992  21.773 0.0000000000
624  -6.742  -105.770  16.897 0.0000000000
1537  -5.947  -104.204  14.299 0.0000000000
1096  -3.944  -104.250  12.234 0.0000000000
2136  -5.730  -102.642  12.227 0.0000000000
1083  -12.682  -104.423  13.684 0.0000000000
688  -11.239  -105.677  13.232 0.0000000000
1558  -11.043  -103.540  14.007 0.0000000000
4228  -8.356  -99.485  9.400 0.0000000000
4193  -7.982  -99.981  11.097 0.0000000000
3559  -6.470  -100.765  8.635 0.0000000000
2194  -4.987  -101.718  8.656 0.0000000000
2920  -5.318  -101.472  6.680 0.0000000000
2266  -4.287  -102.433  4.887 0.0000000000
2941  -6.872  -102.017  5.550 0.0000000000
1143  -10.557  -104.573  8.275 0.0000000000
729  -8.049  -105.800  7.666 0.0000000000
227  -9.460  -107.085  7.430 0.0000000000
461  -12.128  -105.951  4.316 0.0000000000
419  -12.637  -106.583  6.158 0.0000000000
1156  -17.547  -104.460  6.925 0.0000000000
748  -16.680  -105.429  5.881 0.0000000000
1190  -17.817  -104.602  5.485 0.0000000000
1691  -16.781  -103.176  3.893 0.0000000000
28484  -14.726  -74.834  30.716 0.0000000000
29686  -14.573  -73.700  30.843 0.0000000000
28521  -16.271  -75.702  28.923 0.0000000000
28523  -18.600  -75.346  28.546 0.0000000000
35115  -3.027  -69.214  28.051 0.0000000000
35121  -3.706  -68.398  27.555 0.0000000000
37428  -4.876  -66.717  26.746 0.0000000000
36238  -4.110  -68.225  26.486 0.0000000000
28574  -2.415  -74.157  23.615 0.0000000000
30841  -2.202  -72.764  25.174 0.0000000000
30864  -3.564  -73.475  24.874 0.0000000000
33013  -5.783  -71.425  24.997 0.0000000000
34086  -6.224  -70.364  23.555 0.0000000000
35166  -5.813  -68.970  23.900 0.0000000000
9723  0.954  -93.591  0.230 0.0000000000
9704  2.268  -94.593  1.855 0.0000000000
10692  1.034  -92.879  2.619 0.0000000000
14461  -1.552  -89.069  11.420 0.0000000000
14459  -0.275  -88.006  10.095 0.0000000000
15461  -1.016  -86.970  11.792 0.0000000000
17646  -1.855  -84.806  12.004 0.0000000000
16534  -2.225  -85.761  12.910 0.0000000000
16565  -7.985  -86.339  11.293 0.0000000000
15521  -8.651  -87.765  10.133 0.0000000000
15487  -7.988  -87.853  11.760 0.0000000000
14466  -7.152  -88.647  11.672 0.0000000000
14425  -7.719  -88.183  13.589 0.0000000000
19823  -8.149  -83.478  15.128 0.0000000000
17616  -7.469  -85.221  15.301 0.0000000000
19822  -6.972  -83.678  14.950 0.0000000000
19820  -5.401  -82.816  14.893 0.0000000000
23010  -6.009  -81.112  15.292 0.0000000000
25239  -5.791  -78.795  14.560 0.0000000000
24076  -6.734  -79.554  15.352 0.0000000000
25182  -7.027  -78.012  17.346 0.0000000000
25155  -7.786  -78.450  18.750 0.0000000000
32940  -13.973  -71.554  30.295 0.0000000000
31862  -15.252  -72.257  30.127 0.0000000000
16299  1.993  -86.900  28.851 0.0000000000
15242  0.123  -87.259  27.347 0.0000000000
15261  -0.917  -87.082  25.994 0.0000000000
14250  0.684  -88.262  25.516 0.0000000000
13288  1.183  -89.235  23.573 0.0000000000
12335  2.164  -90.732  22.054 0.0000000000
507  0.174  -105.026  28.906 0.0000000000
1926  -0.314  -102.885  28.810 0.0000000000
925  1.312  -104.484  26.762 0.0000000000
1402  -0.909  -103.649  25.854 0.0000000000
1411  -2.677  -103.643  24.988 0.0000000000
1413  -4.370  -102.901  24.082 0.0000000000
960  -3.908  -104.259  23.408 0.0000000000
577  -4.287  -105.619  20.535 0.0000000000
605  -3.332  -105.181  17.451 0.0000000000
639  -1.654  -105.437  15.525 0.0000000000
323  -2.245  -106.580  17.392 0.0000000000
130  -1.804  -108.041  17.270 0.0000000000
50  -2.974  -108.473  16.556 0.0000000000
25177  -1.503  -78.788  16.567 0.0000000000
26348  -1.967  -76.613  17.055 0.0000000000
27488  -3.408  -74.863  17.738 0.0000000000
26366  -3.141  -75.861  15.937 0.0000000000
25191  -4.042  -76.281  16.064 0.0000000000
24046  -3.754  -77.802  16.819 0.0000000000
7549  -3.894  -95.227  1.400 0.0000000000
9725  -2.215  -93.590  0.298 0.0000000000
9708  -4.130  -92.979  1.576 0.0000000000
10739  -5.928  -91.759  0.721 0.0000000000
12655  -7.221  -90.859  0.430 0.0000000000
1243  -17.494  -104.122  1.377 0.0000000000
1720  -17.538  -103.737  -0.037 0.0000000000
1711  -19.226  -103.141  0.525 0.0000000000
3013  -21.648  -101.766  1.378 0.0000000000
3666  -22.972  -100.805  2.491 0.0000000000
34001  -17.262  -70.103  30.505 0.0000000000
35088  -16.822  -69.260  30.655 0.0000000000
35089  -17.855  -69.254  30.562 0.0000000000
35090  -18.639  -69.331  30.043 0.0000000000
36227  -19.375  -68.872  28.485 0.0000000000
37420  -19.288  -68.223  27.859 0.0000000000
35124  -19.436  -69.881  27.196 0.0000000000
6695  -2.515  -96.691  -5.964 0.0000000000
6709  -3.818  -96.356  -6.541 0.0000000000
5902  -5.354  -97.138  -5.542 0.0000000000
5870  -7.682  -97.309  -3.909 0.0000000000
5152  -18.653  -99.067  -3.985 0.0000000000
4466  -17.091  -99.633  -5.858 0.0000000000
5150  -17.587  -98.366  -3.866 0.0000000000
5878  -15.829  -97.054  -3.859 0.0000000000
6682  -14.576  -96.078  -3.968 0.0000000000
44165  -9.696  -61.332  24.716 0.0000000000
45392  -11.048  -60.391  24.306 0.0000000000
44164  -8.949  -61.284  24.797 0.0000000000
45412  -9.195  -60.354  24.443 0.0000000000
45452  -9.277  -60.377  23.546 0.0000000000
27208  -11.289  -75.746  35.980 0.0000000000
26038  -11.365  -76.114  35.455 0.0000000000
27236  -9.818  -75.363  34.460 0.0000000000
28430  -7.119  -74.730  33.186 0.0000000000
28465  -6.057  -74.859  31.228 0.0000000000
30783  -4.967  -74.136  30.549 0.0000000000
29682  -3.980  -74.324  31.360 0.0000000000
21703  0.223  -81.370  32.351 0.0000000000
22751  0.277  -80.328  34.817 0.0000000000
22794  1.114  -80.484  32.059 0.0000000000
24954  1.265  -78.446  31.268 0.0000000000
26129  1.059  -77.644  30.424 0.0000000000
8188  -3.736  -94.857  30.906 0.0000000000
9308  -3.952  -93.351  29.071 0.0000000000
10353  -4.255  -92.423  27.680 0.0000000000
11315  -3.552  -91.546  26.151 0.0000000000
11317  -5.555  -91.739  26.433 0.0000000000
11370  -5.570  -92.177  24.453 0.0000000000
8316  -3.865  -94.373  23.599 0.0000000000
2000  -1.082  -102.330  20.746 0.0000000000
3390  -0.989  -100.411  21.328 0.0000000000
2013  0.445  -102.766  20.883 0.0000000000
399  2.245  -106.596  7.553 0.0000000000
735  4.108  -105.664  6.797 0.0000000000
752  3.197  -105.188  5.917 0.0000000000
149  -8.743  -108.136  16.455 0.0000000000
3456  -13.472  -100.359  14.758 0.0000000000
3453  -10.901  -100.509  14.662 0.0000000000
4166  -11.502  -99.072  13.658 0.0000000000
4214  -10.898  -99.473  10.656 0.0000000000
4249  -10.105  -100.172  8.797 0.0000000000
2924  -9.214  -102.102  6.893 0.0000000000
2878  -10.596  -101.286  8.697 0.0000000000
2196  -11.563  -102.599  8.600 0.0000000000
1629  -12.303  -103.795  7.524 0.0000000000
1170  -12.807  -104.692  6.705 0.0000000000
2236  -14.272  -102.646  6.322 0.0000000000
2219  -16.972  -103.010  7.802 0.0000000000
1618  -19.533  -103.464  8.169 0.0000000000
28519  -14.395  -75.452  28.579 0.0000000000
34045  -2.223  -70.519  27.730 0.0000000000
28588  -4.119  -75.760  24.230 0.0000000000
29750  -3.799  -74.355  24.583 0.0000000000
29751  -4.904  -74.491  24.330 0.0000000000
13605  -0.848  -89.950  2.356 0.0000000000
11655  0.632  -91.661  3.486 0.0000000000
12606  -0.191  -90.328  3.609 0.0000000000
11636  -0.819  -91.175  5.455 0.0000000000
11605  -0.973  -91.514  7.656 0.0000000000
12549  -0.321  -90.952  8.998 0.0000000000
12551  -1.993  -90.639  8.483 0.0000000000
13470  -3.027  -89.545  10.227 0.0000000000
14463  -3.848  -89.134  11.589 0.0000000000
19858  -10.903  -83.596  12.695 0.0000000000
17639  -11.015  -85.576  13.857 0.0000000000
15447  -9.368  -86.916  14.364 0.0000000000
18700  -11.223  -84.440  15.152 0.0000000000
19825  -10.117  -83.225  15.830 0.0000000000
21931  -9.249  -81.157  15.933 0.0000000000
24059  -7.897  -79.325  15.971 0.0000000000
24061  -9.580  -79.042  16.296 0.0000000000
36212  -13.838  -69.021  29.877 0.0000000000
35102  -14.388  -69.689  29.736 0.0000000000
33999  -15.512  -69.934  30.165 0.0000000000
32942  -16.848  -70.795  30.378 0.0000000000
31876  -18.912  -72.369  29.614 0.0000000000
149035  -19.577  -72.815  28.461 0.0000000000
7657  -8.956  -95.582  -6.754 0.0000000000
41809  -16.705  -63.449  28.851 0.0000000000
41810  -17.274  -63.428  28.249 0.0000000000
42931  -17.457  -62.438  28.021 0.0000000000
41835  -17.573  -63.096  26.514 0.0000000000
42951  -17.619  -62.200  26.613 0.0000000000
44144  -17.605  -61.275  26.815 0.0000000000
44143  -17.157  -61.098  26.030 0.0000000000
44186  -14.938  -61.299  24.437 0.0000000000
44185  -14.118  -61.458  23.954 0.0000000000
42989  -11.350  -62.641  24.016 0.0000000000
41852  -8.721  -63.489  25.484 0.0000000000
41832  -7.680  -63.582  25.981 0.0000000000
40811  -6.626  -64.131  25.473 0.0000000000
27234  -7.724  -76.228  34.914 0.0000000000
19519  0.295  -83.896  35.721 0.0000000000
17341  1.823  -85.448  33.378 0.0000000000
18445  0.061  -84.219  33.861 0.0000000000
20622  -0.860  -82.954  33.278 0.0000000000
20654  0.315  -82.602  31.010 0.0000000000
19621  1.861  -82.996  28.107 0.0000000000
19644  1.886  -82.823  26.116 0.0000000000
18571  2.025  -83.933  24.253 0.0000000000
17509  1.482  -85.211  21.932 0.0000000000
16416  1.310  -86.311  20.703 0.0000000000
15327  -1.480  -87.339  22.772 0.0000000000
15359  0.088  -87.737  20.400 0.0000000000
15369  1.640  -87.747  18.895 0.0000000000
13350  2.128  -89.910  17.340 0.0000000000
148999  1.933  -91.522  16.898 0.0000000000
148989  1.972  -93.432  16.576 0.0000000000
2601  0.026  -101.596  28.664 0.0000000000
3980  0.782  -99.796  29.489 0.0000000000
5503  -4.394  -97.515  27.523 0.0000000000
6277  -6.485  -96.670  26.460 0.0000000000
6288  -7.893  -96.002  25.298 0.0000000000
5529  -6.862  -97.474  24.273 0.0000000000
4836  -6.139  -98.776  22.570 0.0000000000
3393  -4.262  -100.313  21.529 0.0000000000
2661  -5.579  -101.589  22.455 0.0000000000
2699  -4.905  -101.575  20.909 0.0000000000
2697  -3.204  -101.732  20.530 0.0000000000
1450  -1.188  -103.108  19.520 0.0000000000
1037  0.894  -104.063  17.084 0.0000000000
1043  2.726  -104.826  15.427 0.0000000000
1548  3.006  -104.280  13.025 0.0000000000
1593  2.639  -104.105  11.324 0.0000000000
707  1.968  -105.972  10.110 0.0000000000
667  -0.265  -105.743  13.382 0.0000000000
377  0.803  -106.652  11.503 0.0000000000
389  1.886  -106.900  9.314 0.0000000000
217  0.997  -107.065  8.516 0.0000000000
1141  0.302  -105.491  8.802 0.0000000000
1608  0.079  -104.035  9.487 0.0000000000
151  -11.732  -107.486  16.053 0.0000000000
160  -13.208  -106.973  15.043 0.0000000000
372  -13.845  -106.660  12.752 0.0000000000
1561  -14.548  -103.985  13.245 0.0000000000
694  -17.243  -105.013  12.925 0.0000000000
2139  -15.755  -103.363  12.924 0.0000000000
2796  -14.621  -101.990  13.976 0.0000000000
3458  -15.274  -100.341  14.331 0.0000000000
27382  -0.852  -76.266  24.759 0.0000000000
28557  -0.668  -74.645  25.783 0.0000000000
28573  -1.076  -75.374  24.429 0.0000000000
27398  -2.073  -74.401  23.072 0.0000000000
27399  -3.078  -74.957  22.874 0.0000000000
28659  -3.424  -74.614  19.520 0.0000000000
27435  -4.095  -74.735  20.881 0.0000000000
26232  -3.401  -76.206  22.582 0.0000000000
26233  -4.175  -77.096  23.110 0.0000000000
26234  -5.364  -77.260  23.290 0.0000000000
26249  -6.219  -78.013  22.942 0.0000000000
7620  2.142  -95.965  -2.601 0.0000000000
9754  1.449  -93.677  -2.126 0.0000000000
10754  -0.224  -91.913  -0.746 0.0000000000
9758  -2.612  -92.548  -1.054 0.0000000000
12679  -2.219  -91.500  -0.958 0.0000000000
12650  -1.403  -90.982  0.461 0.0000000000
13590  -1.663  -88.870  2.503 0.0000000000
15616  -2.614  -86.764  3.394 0.0000000000
16666  -4.234  -86.674  4.921 0.0000000000
3662  -14.513  -100.635  2.824 0.0000000000
3690  -16.111  -101.044  -0.665 0.0000000000
3697  -16.704  -101.130  -2.462 0.0000000000
1744  -17.841  -102.664  -1.132 0.0000000000
3050  -18.431  -101.484  -2.593 0.0000000000
3057  -18.587  -100.728  -3.622 0.0000000000
4416  -19.172  -99.663  -2.713 0.0000000000
4359  -17.538  -98.991  0.708 0.0000000000
5059  -17.588  -98.169  2.713 0.0000000000
3603  -23.519  -100.531  5.168 0.0000000000
3645  -24.045  -100.199  4.233 0.0000000000
5051  -23.532  -99.284  3.717 0.0000000000
36197  -15.114  -68.229  31.090 0.0000000000
39696  -17.743  -65.403  28.708 0.0000000000
39711  -18.174  -65.430  28.019 0.0000000000
36233  -19.042  -68.419  27.001 0.0000000000
525  -1.245  -105.747  26.610 0.0000000000
279  -2.646  -107.164  25.740 0.0000000000
98  -3.509  -107.727  23.825 0.0000000000
281  -4.630  -106.692  25.590 0.0000000000
283  -6.151  -106.059  24.913 0.0000000000
954  -7.166  -104.910  23.935 0.0000000000
20895  -0.818  -81.551  13.381 0.0000000000
20907  -1.618  -81.052  12.033 0.0000000000
5848  0.146  -97.658  -3.043 0.0000000000
6645  -1.378  -97.245  -1.335 0.0000000000
6675  -2.827  -96.571  -4.525 0.0000000000
6647  -3.621  -96.287  -1.791 0.0000000000
6630  -3.195  -96.323  -0.592 0.0000000000
7572  -5.162  -95.931  0.413 0.0000000000
6582  -6.729  -96.229  1.880 0.0000000000
5159  -15.170  -98.525  -5.318 0.0000000000
5876  -13.487  -97.455  -4.670 0.0000000000
5892  -11.963  -96.794  -4.509 0.0000000000
6702  -11.321  -95.867  -5.611 0.0000000000
7658  -9.948  -95.454  -6.274 0.0000000000
8702  -9.764  -94.263  -5.845 0.0000000000
7576  -15.662  -95.937  0.315 0.0000000000
6636  -14.681  -95.749  -0.861 0.0000000000
7626  -13.462  -94.877  -2.540 0.0000000000
9783  -13.406  -92.930  -2.293 0.0000000000
9800  -13.159  -93.570  -4.066 0.0000000000
9799  -12.345  -93.297  -4.089 0.0000000000
9797  -10.290  -93.338  -4.376 0.0000000000
9795  -8.480  -93.604  -4.765 0.0000000000
7641  -7.752  -95.090  -3.827 0.0000000000
5855  -9.028  -96.582  -2.963 0.0000000000
5124  -9.679  -98.025  -1.241 0.0000000000
5091  -9.079  -98.294  0.086 0.0000000000
31842  -14.183  -72.203  32.232 0.0000000000
30762  -14.446  -73.309  32.427 0.0000000000
28467  -14.391  -75.028  31.989 0.0000000000
28451  -14.659  -75.062  32.727 0.0000000000
27303  -14.518  -75.981  30.619 0.0000000000
27318  -13.482  -76.328  29.462 0.0000000000
28498  -12.134  -75.229  28.999 0.0000000000
26086  -12.879  -77.699  33.526 0.0000000000
26084  -10.507  -77.163  33.937 0.0000000000
24933  -11.023  -77.961  33.172 0.0000000000
24961  -11.034  -78.398  31.421 0.0000000000
26137  -10.183  -77.223  30.043 0.0000000000
26035  -7.788  -77.614  35.724 0.0000000000
27232  -5.549  -76.256  34.200 0.0000000000
22735  -0.261  -80.316  35.778 0.0000000000
23775  -1.741  -79.841  35.731 0.0000000000
24912  -3.500  -78.292  34.948 0.0000000000
27230  -3.361  -76.288  34.459 0.0000000000
29618  -3.524  -74.340  34.062 0.0000000000
30727  -1.045  -72.356  33.403 0.0000000000
10402  2.029  -92.118  24.811 0.0000000000
11366  1.803  -91.406  23.415 0.0000000000
11378  1.100  -91.562  21.831 0.0000000000
12319  -2.874  -90.505  24.266 0.0000000000
12337  -1.196  -90.716  21.979 0.0000000000
11393  -0.288  -91.707  20.761 0.0000000000
10463  -1.488  -92.709  18.899 0.0000000000
8394  -1.241  -94.578  17.678 0.0000000000
7346  1.374  -95.037  17.648 0.0000000000
7234  -6.437  -95.157  22.976 0.0000000000
7233  -5.317  -95.059  23.211 0.0000000000
7249  -2.564  -95.257  23.157 0.0000000000
4072  -0.533  -99.303  21.386 0.0000000000
5560  -0.865  -96.848  22.436 0.0000000000
7247  -0.547  -95.636  22.398 0.0000000000
7272  0.467  -95.623  21.657 0.0000000000
7291  1.953  -95.350  20.258 0.0000000000
13  -3.900  -108.478  21.356 0.0000000000
36  -4.015  -108.494  18.795 0.0000000000
147  -4.403  -107.809  16.991 0.0000000000
148  -5.063  -107.070  16.913 0.0000000000
176  -3.696  -106.931  13.959 0.0000000000
700  -3.473  -105.653  11.437 0.0000000000
1604  -2.237  -103.767  10.769 0.0000000000
2174  -1.925  -102.301  9.477 0.0000000000
77  -10.647  -107.839  13.992 0.0000000000
368  -9.382  -106.523  12.749 0.0000000000
3471  -9.591  -101.116  13.487 0.0000000000
2152  -6.633  -102.672  11.545 0.0000000000
2162  -5.286  -102.097  10.340 0.0000000000
2175  -2.938  -102.067  9.402 0.0000000000
2209  -1.815  -101.688  7.409 0.0000000000
2247  -2.857  -102.134  5.578 0.0000000000
1641  -7.471  -103.713  6.092 0.0000000000
1216  -13.249  -104.832  3.033 0.0000000000
803  -14.257  -105.574  2.399 0.0000000000
761  -14.420  -105.956  5.484 0.0000000000
450  -15.516  -106.021  4.395 0.0000000000
805  -16.050  -105.259  2.326 0.0000000000
1701  -17.297  -103.678  2.292 0.0000000000
30773  -13.993  -72.488  31.362 0.0000000000
29687  -15.071  -73.398  30.421 0.0000000000
29698  -15.694  -73.597  29.944 0.0000000000
28502  -15.544  -74.531  29.288 0.0000000000
29700  -17.661  -74.005  29.519 0.0000000000
29701  -18.605  -74.061  29.266 0.0000000000
29708  -19.165  -74.262  28.725 0.0000000000
38618  -6.625  -65.878  26.579 0.0000000000
38631  -5.844  -65.657  25.842 0.0000000000
38651  -5.890  -65.891  25.170 0.0000000000
30831  -0.955  -72.990  26.403 0.0000000000
31917  -1.899  -72.192  26.115 0.0000000000
34057  -3.489  -70.284  26.228 0.0000000000
30843  -4.301  -72.825  25.159 0.0000000000
32997  -4.836  -71.316  25.575 0.0000000000
35138  -4.094  -69.256  26.134 0.0000000000
36268  -4.897  -68.371  25.044 0.0000000000
38669  -5.663  -67.108  24.684 0.0000000000
39781  -7.119  -65.596  23.876 0.0000000000
13467  -0.102  -89.049  9.307 0.0000000000
18724  -1.736  -83.643  9.813 0.0000000000
19844  -2.291  -82.627  11.826 0.0000000000
21980  -3.398  -80.974  12.072 0.0000000000
16734  -6.546  -86.987  2.893 0.0000000000
15602  -6.566  -87.064  4.370 0.0000000000
14550  -5.857  -88.052  5.578 0.0000000000
15533  -9.765  -87.380  8.516 0.0000000000
14514  -7.773  -88.933  7.735 0.0000000000
13516  -6.047  -89.411  7.604 0.0000000000
13494  -6.097  -89.098  9.389 0.0000000000
14464  -4.811  -89.002  11.574 0.0000000000
14405  -3.974  -88.206  13.940 0.0000000000
15429  -8.134  -86.848  15.385 0.0000000000
16525  -5.736  -86.831  15.165 0.0000000000
16523  -3.839  -86.079  14.172 0.0000000000
18695  -3.750  -84.108  13.844 0.0000000000
20910  -3.855  -81.871  13.375 0.0000000000
23048  -4.050  -79.546  12.640 0.0000000000
25254  -4.715  -78.139  13.433 0.0000000000
25193  -4.909  -78.120  15.662 0.0000000000
24047  -4.522  -78.662  16.654 0.0000000000
26367  -7.039  -78.215  16.523 0.0000000000
25181  -6.369  -78.377  16.902 0.0000000000
24025  -5.311  -79.258  18.814 0.0000000000
33974  -13.156  -70.608  31.980 0.0000000000
32916  -13.830  -71.393  32.212 0.0000000000
88  -0.735  -107.262  24.325 0.0000000000
285  -0.110  -106.557  24.564 0.0000000000
95  -1.019  -107.238  23.555 0.0000000000
295  -1.707  -106.964  22.673 0.0000000000
104  -1.709  -107.496  22.617 0.0000000000
109  -1.966  -107.755  21.706 0.0000000000
5  -1.827  -108.041  22.349 0.0000000000
23029  -1.902  -78.978  13.772 0.0000000000
23047  -2.485  -78.904  12.822 0.0000000000
24112  -3.255  -78.271  13.194 0.0000000000
24129  -3.213  -78.802  12.603 0.0000000000
8587  -7.865  -94.694  3.729 0.0000000000
9676  -7.887  -93.497  3.825 0.0000000000
32974  -19.758  -72.048  27.992 0.0000000000
31900  -19.578  -72.087  27.067 0.0000000000
8720  -7.228  -94.569  -7.345 0.0000000000
7669  -6.809  -95.399  -8.011 0.0000000000
9813  -6.747  -94.328  -7.137 0.0000000000
8710  -6.072  -94.496  -6.797 0.0000000000
9801  -6.864  -93.897  -6.083 0.0000000000
5809  -16.394  -97.585  1.549 0.0000000000
5096  -15.854  -98.119  0.297 0.0000000000
6601  -16.268  -96.786  1.245 0.0000000000
41872  -6.830  -63.806  24.879 0.0000000000
41873  -7.161  -63.389  24.952 0.0000000000
41891  -7.448  -63.736  24.161 0.0000000000
40853  -7.116  -64.632  24.352 0.0000000000
28410  -7.060  -75.035  34.564 0.0000000000
29622  -7.397  -74.219  34.314 0.0000000000
29621  -6.341  -74.215  34.111 0.0000000000
30749  -4.823  -73.393  33.384 0.0000000000
30732  -4.494  -73.737  33.885 0.0000000000
21785  1.832  -80.771  27.091 0.0000000000
6261  -6.552  -95.779  28.061 0.0000000000
7169  -6.959  -94.984  28.391 0.0000000000
8215  -6.580  -94.316  29.085 0.0000000000
8259  -7.335  -94.354  28.042 0.0000000000
8275  -8.142  -94.162  26.804 0.0000000000
7198  -8.178  -95.087  26.439 0.0000000000
619  2.918  -105.354  16.394 0.0000000000
603  3.140  -105.518  17.002 0.0000000000
2870  1.295  -101.980  8.358 0.0000000000
2894  0.914  -101.500  7.578 0.0000000000
2916  1.411  -101.332  6.544 0.0000000000
2895  -0.162  -101.527  7.578 0.0000000000
609  -10.565  -105.887  17.230 0.0000000000
4200  -15.846  -99.357  11.392 0.0000000000
4199  -14.954  -99.046  11.117 0.0000000000
4218  -15.460  -99.902  10.309 0.0000000000
4234  -14.716  -100.028  9.364 0.0000000000
4235  -15.250  -100.102  9.667 0.0000000000
3546  -15.497  -100.495  9.413 0.0000000000
3548  -16.912  -100.912  10.233 0.0000000000
27355  -0.665  -76.222  26.109 0.0000000000
28528  -1.084  -75.020  27.437 0.0000000000
28510  -1.165  -74.483  27.588 0.0000000000
28527  -0.564  -74.608  27.030 0.0000000000
14548  -3.448  -88.257  4.964 0.0000000000
14569  -2.975  -88.656  4.794 0.0000000000
13525  -4.548  -89.536  6.441 0.0000000000
31873  -15.625  -72.015  29.935 0.0000000000
38619  -18.313  -66.287  25.741 0.0000000000
39727  -18.344  -65.406  26.107 0.0000000000
39746  -17.999  -65.846  25.548 0.0000000000
40837  -14.412  -64.613  24.281 0.0000000000
40815  -15.114  -64.185  24.519 0.0000000000
41877  -14.317  -63.617  24.233 0.0000000000
17425  -0.327  -85.502  28.649 0.0000000000
18530  0.166  -84.293  28.285 0.0000000000
17441  -0.378  -85.381  27.451 0.0000000000
17455  -0.077  -85.168  26.291 0.0000000000
13309  1.220  -90.177  21.373 0.0000000000
13321  0.577  -89.628  20.792 0.0000000000
12365  0.627  -90.594  19.726 0.0000000000
11392  0.661  -91.417  20.603 0.0000000000
1903  -1.167  -103.256  30.562 0.0000000000
2631  -2.668  -101.345  26.044 0.0000000000
2622  -2.041  -100.840  26.383 0.0000000000
3330  -3.250  -100.316  25.914 0.0000000000
4015  -2.854  -99.677  26.292 0.0000000000
3331  -4.086  -100.162  25.457 0.0000000000
3344  -4.714  -100.262  24.917 0.0000000000
2641  -4.642  -101.300  24.621 0.0000000000
1496  -3.812  -103.745  17.303 0.0000000000
2072  -4.159  -103.237  17.581 0.0000000000
2087  -3.059  -103.242  16.774 0.0000000000
1509  -1.829  -103.286  16.539 0.0000000000
1522  -1.976  -103.806  15.754 0.0000000000
1535  -0.731  -103.845  14.401 0.0000000000
1045  -1.769  -104.405  15.339 0.0000000000
73  -2.062  -107.702  14.459 0.0000000000
173  -1.637  -107.534  13.877 0.0000000000
188  -2.213  -107.237  12.683 0.0000000000
203  -1.919  -107.045  11.630 0.0000000000
174  -2.615  -107.428  13.594 0.0000000000
25151  -1.274  -77.057  18.727 0.0000000000
26287  -0.972  -77.143  20.641 0.0000000000
25169  -3.625  -77.562  17.836 0.0000000000
26315  -3.961  -76.856  19.149 0.0000000000
25130  -4.488  -78.152  19.845 0.0000000000
6610  -0.860  -96.070  -0.121 0.0000000000
8639  0.015  -95.133  -1.006 0.0000000000
8628  -0.907  -94.805  -0.063 0.0000000000
13636  -6.048  -90.432  -0.518 0.0000000000
12654  -4.962  -90.432  -0.053 0.0000000000
13609  -5.831  -89.370  0.849 0.0000000000
13594  -5.577  -88.877  1.556 0.0000000000
14606  -6.825  -88.658  1.003 0.0000000000
1256  -14.745  -104.565  0.875 0.0000000000
1719  -15.256  -103.945  0.290 0.0000000000
1270  -15.531  -104.170  0.157 0.0000000000
3677  -21.815  -100.600  0.832 0.0000000000
4363  -21.377  -100.417  0.357 0.0000000000
4348  -21.691  -100.166  0.900 0.0000000000
4347  -20.619  -99.685  0.881 0.0000000000
4332  -21.286  -99.427  1.779 0.0000000000
36196  -14.091  -68.535  30.600 0.0000000000
36213  -19.095  -68.511  29.341 0.0000000000
37378  -18.005  -67.510  30.406 0.0000000000
37387  -17.992  -66.789  30.183 0.0000000000
5852  -6.581  -97.352  -2.738 0.0000000000
6667  -6.344  -97.147  -2.248 0.0000000000
5825  -6.741  -97.219  -1.258 0.0000000000
6634  -6.852  -97.082  -0.505 0.0000000000
5827  -7.934  -97.855  -0.817 0.0000000000
3709  -16.437  -100.308  -3.567 0.0000000000
4414  -15.917  -99.770  -3.136 0.0000000000
4433  -16.512  -100.120  -4.579 0.0000000000
7643  -15.365  -95.335  -5.445 0.0000000000
7652  -15.972  -95.752  -6.224 0.0000000000
8708  -14.907  -95.123  -5.510 0.0000000000
7650  -14.437  -95.181  -5.833 0.0000000000
8697  -14.047  -94.294  -4.839 0.0000000000
9762  -11.413  -93.219  -1.399 0.0000000000
8642  -10.794  -94.468  -0.626 0.0000000000
44183  -12.059  -61.537  24.016 0.0000000000
45414  -12.421  -60.423  24.067 0.0000000000
45413  -11.715  -60.767  24.200 0.0000000000
26106  -13.865  -77.090  32.609 0.0000000000
26120  -12.876  -77.969  31.270 0.0000000000
24962  -11.974  -78.373  31.308 0.0000000000
27270  -7.223  -75.958  31.512 0.0000000000
26101  -7.722  -76.480  31.245 0.0000000000
27282  -7.706  -75.944  30.531 0.0000000000
27299  -7.829  -75.505  29.871 0.0000000000
28482  -7.160  -75.214  29.763 0.0000000000
20589  0.091  -83.025  36.219 0.0000000000
20576  -1.114  -82.453  36.797 0.0000000000
21653  -0.184  -81.568  35.816 0.0000000000
26095  1.367  -76.665  32.839 0.0000000000
26053  1.208  -76.732  34.322 0.0000000000
27225  1.271  -75.774  34.147 0.0000000000
28379  0.982  -75.547  35.191 0.0000000000
28401  1.279  -75.048  33.756 0.0000000000
28426  0.678  -74.764  32.926 0.0000000000
27278  1.040  -76.193  32.153 0.0000000000
9331  -2.525  -93.051  27.862 0.0000000000
9305  -0.935  -93.778  28.020 0.0000000000
9330  -1.491  -93.315  27.376 0.0000000000
9329  -0.365  -93.972  27.287 0.0000000000
10370  -1.498  -92.771  26.639 0.0000000000
10390  -1.047  -92.401  25.818 0.0000000000
10391  -1.808  -92.252  26.089 0.0000000000
9408  -3.323  -93.577  22.652 0.0000000000
10431  -3.880  -92.692  22.601 0.0000000000
9407  -2.754  -93.930  22.220 0.0000000000
8350  -2.726  -94.040  21.488 0.0000000000
8348  -1.670  -94.635  22.175 0.0000000000
4075  -3.869  -99.516  21.626 0.0000000000
4854  -3.552  -98.612  21.392 0.0000000000
4074  -2.835  -99.466  21.497 0.0000000000
386  3.903  -105.817  8.854 0.0000000000
711  4.414  -105.496  9.206 0.0000000000
716  4.491  -105.526  8.251 0.0000000000
1049  -8.213  -104.844  15.155 0.0000000000
1047  -7.059  -104.593  15.407 0.0000000000
1538  -6.504  -103.805  14.211 0.0000000000
1553  -5.691  -103.687  13.690 0.0000000000
1554  -6.605  -103.368  13.458 0.0000000000
1560  -13.270  -103.462  13.916 0.0000000000
1559  -12.091  -103.541  14.063 0.0000000000
2120  -12.423  -102.658  14.321 0.0000000000
4263  -7.861  -99.845  8.070 0.0000000000
4227  -7.532  -99.871  9.316 0.0000000000
3579  -6.865  -100.568  7.728 0.0000000000
2899  -6.078  -100.932  7.802 0.0000000000
3592  -7.117  -100.799  6.918 0.0000000000
2940  -6.351  -101.774  5.680 0.0000000000
2922  -7.335  -101.572  6.065 0.0000000000
733  -11.415  -105.220  8.052 0.0000000000
731  -9.959  -105.761  8.042 0.0000000000
229  -11.232  -107.089  7.116 0.0000000000
239  -11.774  -106.910  6.168 0.0000000000
410  -12.205  -106.400  7.029 0.0000000000
1177  -19.269  -103.866  6.927 0.0000000000
1175  -17.954  -104.807  6.224 0.0000000000
1661  -18.832  -103.724  6.408 0.0000000000
35120  -2.955  -69.264  27.556 0.0000000000
36231  -4.323  -67.730  26.872 0.0000000000
29749  -2.862  -73.906  24.270 0.0000000000
35167  -6.247  -69.274  23.356 0.0000000000
10711  0.559  -92.930  1.273 0.0000000000
10693  0.259  -92.329  2.046 0.0000000000
14435  -2.009  -88.673  12.328 0.0000000000
14434  -0.953  -88.190  11.902 0.0000000000
15462  -1.544  -87.652  12.746 0.0000000000
15452  -1.544  -86.473  12.649 0.0000000000
15453  -2.174  -87.072  13.453 0.0000000000
17648  -9.616  -85.672  12.571 0.0000000000
16566  -8.200  -86.628  11.790 0.0000000000
15464  -8.307  -87.398  12.602 0.0000000000
15463  -7.890  -88.079  12.675 0.0000000000
15455  -8.163  -87.805  13.122 0.0000000000
20885  -8.337  -82.431  15.429 0.0000000000
20884  -7.308  -82.553  15.278 0.0000000000
20883  -6.368  -82.538  15.193 0.0000000000
21943  -6.534  -81.673  15.464 0.0000000000
23011  -6.437  -80.527  15.338 0.0000000000
23012  -7.572  -80.326  15.838 0.0000000000
31861  -14.783  -72.033  30.238 0.0000000000
16316  1.457  -87.133  28.127 0.0000000000
16300  0.973  -86.573  28.796 0.0000000000
15241  1.033  -87.358  27.345 0.0000000000
15259  0.557  -87.747  26.539 0.0000000000
13283  1.987  -89.732  24.676 0.0000000000
13284  1.554  -89.272  24.552 0.0000000000
13287  2.084  -89.898  23.695 0.0000000000
13294  2.000  -90.031  22.446 0.0000000000
13293  2.330  -90.316  23.009 0.0000000000
517  0.223  -105.162  28.403 0.0000000000
900  0.673  -104.695  28.218 0.0000000000
522  1.229  -105.010  26.885 0.0000000000
543  -0.493  -105.644  24.513 0.0000000000
940  -0.218  -104.377  25.571 0.0000000000
950  -0.980  -104.860  25.089 0.0000000000
1403  -1.942  -103.386  25.675 0.0000000000
952  -3.067  -104.180  24.150 0.0000000000
959  -2.937  -104.914  23.695 0.0000000000
302  -3.134  -106.582  21.420 0.0000000000
569  -3.967  -105.720  21.385 0.0000000000
595  -4.069  -105.515  19.029 0.0000000000
594  -3.560  -105.762  18.362 0.0000000000
604  -2.881  -105.899  17.589 0.0000000000
317  -3.103  -106.808  18.762 0.0000000000
131  -2.055  -107.848  17.803 0.0000000000
34  -2.470  -108.283  18.211 0.0000000000
41  -1.877  -108.214  16.904 0.0000000000
23008  -1.522  -80.340  14.649 0.0000000000
24075  -1.904  -78.548  14.796 0.0000000000
24055  -1.583  -79.257  15.751 0.0000000000
25190  -1.606  -78.161  15.901 0.0000000000
26364  -1.559  -77.474  16.558 0.0000000000
26365  -2.005  -76.846  16.073 0.0000000000
27516  -2.827  -75.752  16.614 0.0000000000
26384  -2.942  -76.472  15.396 0.0000000000
24056  -4.136  -76.583  16.474 0.0000000000
25192  -4.290  -77.182  15.598 0.0000000000
7525  -4.518  -94.871  2.044 0.0000000000
8602  -3.734  -94.134  2.090 0.0000000000
8604  -4.977  -94.195  2.413 0.0000000000
10695  -6.899  -92.088  2.256 0.0000000000
10694  -6.263  -92.696  2.108 0.0000000000
11681  -7.151  -91.169  1.209 0.0000000000
1709  -18.122  -103.607  1.401 0.0000000000
1260  -17.979  -103.957  0.761 0.0000000000
2313  -18.863  -103.032  1.412 0.0000000000
2966  -21.955  -101.754  3.067 0.0000000000
2992  -21.366  -101.973  2.189 0.0000000000
2993  -22.397  -101.510  2.242 0.0000000000
3014  -22.114  -101.371  1.493 0.0000000000
2994  -23.076  -101.190  2.970 0.0000000000
34002  -18.170  -70.146  30.328 0.0000000000
35104  -19.188  -69.579  29.493 0.0000000000
36214  -19.359  -69.180  29.080 0.0000000000
35118  -19.664  -69.828  28.029 0.0000000000
6731  -5.180  -96.449  -7.956 0.0000000000
5933  -4.672  -96.763  -7.720 0.0000000000
6729  -4.155  -96.214  -7.504 0.0000000000
7653  -3.740  -96.279  -7.049 0.0000000000
7654  -4.347  -95.821  -7.197 0.0000000000
6698  -6.502  -95.981  -5.884 0.0000000000
6711  -5.582  -96.085  -6.374 0.0000000000
5903  -6.209  -96.971  -5.730 0.0000000000
5887  -6.924  -97.266  -4.795 0.0000000000
4415  -18.618  -99.257  -3.230 0.0000000000
5151  -18.369  -98.856  -3.906 0.0000000000
5143  -17.869  -98.925  -3.087 0.0000000000
5861  -16.302  -97.762  -3.131 0.0000000000
5860  -15.617  -97.478  -2.532 0.0000000000
5859  -14.872  -97.037  -2.213 0.0000000000
42969  -9.024  -62.586  25.012 0.0000000000
44181  -8.797  -60.969  24.480 0.0000000000
44202  -8.809  -61.062  23.966 0.0000000000
45433  -9.180  -60.280  24.084 0.0000000000
44224  -9.232  -61.539  23.298 0.0000000000
44223  -8.741  -62.220  23.537 0.0000000000
27207  -10.662  -75.591  35.570 0.0000000000
28412  -9.870  -75.023  35.029 0.0000000000
28431  -8.481  -74.625  33.822 0.0000000000
28449  -6.124  -74.548  32.266 0.0000000000
29674  -5.551  -74.370  31.532 0.0000000000
29673  -5.108  -73.937  31.773 0.0000000000
149029  -3.517  -73.389  32.389 0.0000000000
30771  -4.183  -73.819  31.655 0.0000000000
30770  -3.248  -74.000  31.964 0.0000000000
29659  -3.184  -74.968  32.408 0.0000000000
29658  -2.405  -74.507  32.497 0.0000000000
21723  1.163  -81.421  31.398 0.0000000000
22795  0.669  -80.528  32.685 0.0000000000
22812  1.352  -80.681  31.332 0.0000000000
23856  1.806  -79.582  29.549 0.0000000000
23843  1.503  -79.602  30.752 0.0000000000
24970  1.412  -78.678  29.997 0.0000000000
26145  1.231  -78.101  29.225 0.0000000000
7111  -3.269  -95.323  31.883 0.0000000000
7131  -3.849  -95.385  31.407 0.0000000000
9310  -5.757  -92.932  28.749 0.0000000000
9281  -4.235  -93.781  29.673 0.0000000000
9309  -4.915  -93.063  28.886 0.0000000000
9332  -3.537  -92.867  28.209 0.0000000000
9333  -4.547  -92.794  28.421 0.0000000000
10373  -4.958  -91.934  27.129 0.0000000000
10374  -5.963  -92.068  27.086 0.0000000000
9380  -6.976  -93.229  24.823 0.0000000000
10407  -6.422  -92.506  25.025 0.0000000000
9379  -6.100  -93.456  24.410 0.0000000000
9394  -5.295  -93.310  24.101 0.0000000000
8299  -5.758  -93.971  24.160 0.0000000000
1449  -0.569  -103.397  19.930 0.0000000000
1999  -0.399  -102.204  21.054 0.0000000000
1448  0.387  -103.448  20.364 0.0000000000
414  2.134  -105.990  6.921 0.0000000000
737  2.829  -105.430  6.204 0.0000000000
738  2.148  -105.126  6.708 0.0000000000
2913  3.435  -102.365  5.707 0.0000000000
1638  3.559  -103.413  5.680 0.0000000000
2262  0.141  -102.320  4.212 0.0000000000
46  -9.621  -108.389  17.216 0.0000000000
40  -9.353  -108.417  18.125 0.0000000000
52  -9.357  -108.440  16.628 0.0000000000
157  -8.999  -107.422  15.356 0.0000000000
165  -9.226  -107.374  14.206 0.0000000000
4943  -13.731  -98.967  14.173 0.0000000000
4153  -12.562  -99.396  14.539 0.0000000000
4167  -12.471  -98.725  13.446 0.0000000000
4215  -12.046  -99.275  10.681 0.0000000000
4196  -11.414  -99.018  11.667 0.0000000000
4230  -10.422  -99.945  9.468 0.0000000000
3563  -10.376  -100.493  8.836 0.0000000000
3542  -11.221  -100.713  9.367 0.0000000000
2881  -12.876  -100.910  8.148 0.0000000000
2880  -12.259  -101.566  8.476 0.0000000000
2903  -12.556  -102.098  7.742 0.0000000000
1616  -12.200  -103.221  7.815 0.0000000000
2216  -12.828  -102.160  7.292 0.0000000000
2235  -13.209  -102.466  6.765 0.0000000000
2925  -13.683  -101.826  6.876 0.0000000000
2884  -16.685  -101.784  8.885 0.0000000000
2198  -16.320  -102.159  8.056 0.0000000000
2220  -17.767  -103.039  8.250 0.0000000000
1632  -17.929  -103.722  7.597 0.0000000000
1617  -18.603  -103.301  8.241 0.0000000000
28518  -13.535  -75.515  28.648 0.0000000000
31888  -1.897  -72.169  27.929 0.0000000000
34038  -2.344  -70.533  28.005 0.0000000000
32984  -1.871  -71.187  27.435 0.0000000000
13589  -0.750  -89.252  2.954 0.0000000000
13574  -0.489  -88.975  3.843 0.0000000000
13537  -2.146  -90.122  5.103 0.0000000000
12591  -1.168  -90.087  4.796 0.0000000000
11637  -1.806  -91.128  5.926 0.0000000000
11621  -1.317  -91.501  6.605 0.0000000000
11622  -2.054  -91.207  6.751 0.0000000000
12561  -1.606  -91.070  7.946 0.0000000000
12562  -2.261  -90.856  7.586 0.0000000000
13503  -3.954  -89.467  8.356 0.0000000000
13502  -3.160  -89.905  8.389 0.0000000000
13491  -3.582  -89.523  9.257 0.0000000000
14478  -3.100  -89.430  10.834 0.0000000000
14479  -3.569  -89.324  10.818 0.0000000000
19859  -11.556  -83.455  13.412 0.0000000000
18715  -10.566  -84.862  12.753 0.0000000000
18707  -11.573  -84.458  14.143 0.0000000000
17640  -11.139  -85.127  14.373 0.0000000000
19838  -11.957  -83.596  15.073 0.0000000000
20873  -10.966  -82.268  16.543 0.0000000000
19826  -11.205  -83.255  15.762 0.0000000000
19810  -10.508  -82.771  16.091 0.0000000000
20872  -9.992  -82.138  16.067 0.0000000000
21932  -10.225  -81.175  16.369 0.0000000000
22996  -9.395  -80.131  16.282 0.0000000000
22997  -10.418  -80.096  16.580 0.0000000000
32955  -15.398  -71.215  29.849 0.0000000000
34014  -13.994  -70.419  29.682 0.0000000000
34015  -15.138  -70.396  29.744 0.0000000000
34000  -16.171  -70.311  30.317 0.0000000000
32941  -16.426  -70.789  30.286 0.0000000000
31875  -17.871  -72.248  29.868 0.0000000000
149031  -19.341  -72.462  29.175 0.0000000000
30801  -19.340  -73.142  28.957 0.0000000000
6714  -9.432  -95.994  -6.296 0.0000000000
40772  -17.190  -64.427  28.709 0.0000000000
40771  -16.600  -63.992  29.161 0.0000000000
41820  -17.820  -63.317  27.439 0.0000000000
39745  -17.444  -65.263  25.352 0.0000000000
39744  -16.137  -65.251  24.737 0.0000000000
42950  -17.276  -62.120  25.979 0.0000000000
42973  -15.716  -62.407  24.934 0.0000000000
44168  -16.434  -61.462  25.486 0.0000000000
44167  -15.557  -61.305  24.981 0.0000000000
42991  -13.575  -62.713  24.021 0.0000000000
42990  -12.522  -62.475  23.863 0.0000000000
40796  -7.916  -64.169  26.181 0.0000000000
40795  -7.165  -64.087  26.179 0.0000000000
40794  -6.722  -64.070  25.921 0.0000000000
27206  -9.226  -76.310  35.912 0.0000000000
17311  0.115  -85.221  35.937 0.0000000000
17302  -0.340  -84.692  36.406 0.0000000000
17310  0.569  -84.956  35.554 0.0000000000
17358  2.357  -86.113  32.131 0.0000000000
16206  1.623  -85.941  33.718 0.0000000000
18478  2.072  -85.413  32.145 0.0000000000
18492  -0.065  -84.731  30.679 0.0000000000
18461  0.276  -84.317  32.805 0.0000000000
19552  -0.494  -83.628  33.072 0.0000000000
20655  -0.205  -82.712  31.569 0.0000000000
20679  -0.081  -83.151  30.958 0.0000000000
18529  0.782  -83.873  27.995 0.0000000000
19602  1.526  -83.002  28.851 0.0000000000
19634  1.569  -83.374  27.755 0.0000000000
19633  1.809  -83.026  27.111 0.0000000000
18560  1.936  -83.516  25.491 0.0000000000
17494  0.177  -85.438  23.693 0.0000000000
17493  1.030  -85.197  23.198 0.0000000000
17510  1.101  -85.441  22.384 0.0000000000
17524  1.232  -85.776  21.740 0.0000000000
16417  0.814  -86.297  21.176 0.0000000000
15291  -1.082  -87.767  24.866 0.0000000000
15292  -1.399  -87.292  24.432 0.0000000000
14282  -1.382  -87.786  23.547 0.0000000000
14324  0.226  -88.924  20.568 0.0000000000
15343  -0.603  -87.341  21.241 0.0000000000
14323  0.691  -88.390  19.809 0.0000000000
15358  1.080  -87.428  19.933 0.0000000000
14336  1.756  -88.356  18.393 0.0000000000
14346  1.732  -89.103  18.242 0.0000000000
11419  0.410  -91.038  18.121 0.0000000000
11428  1.239  -90.985  17.392 0.0000000000
11438  1.592  -91.481  17.023 0.0000000000
148993  2.022  -92.108  16.595 0.0000000000
148990  0.671  -92.770  16.727 0.0000000000
1925  0.224  -102.904  27.954 0.0000000000
2602  -0.394  -102.222  29.172 0.0000000000
2608  0.419  -101.828  27.491 0.0000000000
4002  -0.673  -99.519  27.491 0.0000000000
4000  0.859  -100.061  28.060 0.0000000000
3994  -0.646  -99.373  28.312 0.0000000000
4783  -4.132  -98.049  26.397 0.0000000000
5502  -3.561  -97.932  27.420 0.0000000000
5509  -4.723  -97.517  26.578 0.0000000000
5504  -5.367  -97.017  27.422 0.0000000000
5510  -5.784  -97.088  26.385 0.0000000000
5511  -6.508  -96.919  25.947 0.0000000000
5516  -6.026  -97.549  25.278 0.0000000000
4042  -5.922  -99.436  23.501 0.0000000000
4816  -6.051  -98.762  24.129 0.0000000000
4059  -6.139  -99.284  22.911 0.0000000000
4835  -5.726  -99.114  22.183 0.0000000000
3394  -5.159  -100.309  21.806 0.0000000000
1419  -4.931  -103.151  23.279 0.0000000000
1977  -5.454  -102.274  23.025 0.0000000000
1427  -5.391  -103.045  22.290 0.0000000000
2034  -3.970  -102.250  19.075 0.0000000000
2019  -5.139  -102.181  20.350 0.0000000000
2017  -3.626  -102.173  19.889 0.0000000000
2698  -4.276  -101.726  20.577 0.0000000000
2016  -2.652  -102.446  20.032 0.0000000000
2032  -2.011  -102.828  19.288 0.0000000000
1507  0.494  -103.712  16.530 0.0000000000
1494  -0.250  -103.613  17.452 0.0000000000
1506  1.033  -103.867  16.212 0.0000000000
1044  2.060  -104.402  15.773 0.0000000000
1058  2.285  -104.269  14.882 0.0000000000
1074  3.164  -104.790  13.584 0.0000000000
1533  1.638  -103.656  14.138 0.0000000000
1572  0.850  -103.873  12.534 0.0000000000
1571  1.589  -103.766  11.939 0.0000000000
1093  1.211  -104.481  11.577 0.0000000000
1128  2.758  -105.237  10.043 0.0000000000
1116  1.791  -104.657  10.693 0.0000000000
342  -1.348  -106.279  15.846 0.0000000000
638  -0.933  -105.961  14.850 0.0000000000
349  -0.466  -106.600  14.339 0.0000000000
186  -0.028  -107.277  12.140 0.0000000000
185  0.510  -107.027  12.016 0.0000000000
200  0.575  -107.166  11.080 0.0000000000
376  1.178  -106.728  10.609 0.0000000000
205  1.091  -107.041  10.063 0.0000000000
211  1.393  -107.165  9.028 0.0000000000
212  0.601  -107.188  9.382 0.0000000000
391  -0.855  -106.561  9.821 0.0000000000
390  -0.396  -106.584  9.356 0.0000000000
714  -0.638  -105.935  9.499 0.0000000000
1134  0.332  -104.437  9.164 0.0000000000
1136  -0.982  -105.171  9.754 0.0000000000
340  -13.141  -106.288  15.971 0.0000000000
630  -13.740  -105.489  16.352 0.0000000000
362  -15.154  -106.221  13.568 0.0000000000
184  -14.605  -106.758  13.192 0.0000000000
691  -14.553  -105.956  12.636 0.0000000000
1104  -14.375  -105.109  12.905 0.0000000000
1581  -15.035  -104.641  12.758 0.0000000000
2125  -17.045  -102.663  13.121 0.0000000000
2124  -16.058  -102.674  13.172 0.0000000000
2123  -15.132  -102.892  13.360 0.0000000000
2797  -15.505  -101.932  13.694 0.0000000000
2779  -14.949  -101.140  14.149 0.0000000000
2780  -15.857  -101.105  14.046 0.0000000000
26244  -0.805  -76.837  22.754 0.0000000000
26229  -0.895  -77.036  24.095 0.0000000000
27396  -0.885  -76.508  23.112 0.0000000000
27397  -1.135  -75.881  23.525 0.0000000000
28622  -2.838  -73.731  21.177 0.0000000000
28603  -2.477  -74.132  21.716 0.0000000000
27417  -2.674  -74.224  22.312 0.0000000000
27383  -2.397  -74.310  23.329 0.0000000000
27418  -3.399  -74.531  21.812 0.0000000000
27468  -3.642  -75.096  18.708 0.0000000000
26246  -3.652  -75.721  21.600 0.0000000000
26231  -3.371  -75.322  22.234 0.0000000000
27400  -3.493  -75.997  23.671 0.0000000000
26248  -5.165  -77.926  22.573 0.0000000000
26235  -6.287  -77.261  23.208 0.0000000000
5846  1.773  -97.383  -2.858 0.0000000000
5845  2.310  -96.938  -2.517 0.0000000000
6661  1.511  -96.332  -2.924 0.0000000000
9777  -0.616  -93.371  -2.513 0.0000000000
8675  1.158  -94.485  -2.797 0.0000000000
10788  0.403  -92.781  -2.556 0.0000000000
10769  0.362  -92.519  -2.013 0.0000000000
11735  -0.793  -91.793  -1.882 0.0000000000
9726  -2.985  -93.057  0.098 0.0000000000
9741  -2.433  -93.032  -0.588 0.0000000000
9759  -3.147  -92.353  -0.712 0.0000000000
12652  -3.119  -91.285  0.424 0.0000000000
12680  -2.868  -91.651  -0.790 0.0000000000
12667  -2.638  -91.380  -0.290 0.0000000000
12666  -1.869  -91.209  -0.387 0.0000000000
12651  -2.307  -91.016  0.545 0.0000000000
12635  -1.756  -90.393  1.340 0.0000000000
13607  -2.153  -89.746  2.026 0.0000000000
15630  -3.971  -87.418  2.968 0.0000000000
14592  -3.327  -88.210  2.878 0.0000000000
16731  -3.438  -86.702  3.262 0.0000000000
16684  -3.323  -86.299  4.372 0.0000000000
16708  -4.947  -86.311  3.597 0.0000000000
3034  -16.341  -102.156  -0.753 0.0000000000
3025  -15.958  -102.043  0.258 0.0000000000
3041  -16.471  -101.621  -1.317 0.0000000000
3696  -16.363  -100.867  -1.826 0.0000000000
3042  -16.730  -101.658  -1.829 0.0000000000
1732  -18.660  -103.068  -0.256 0.0000000000
1731  -17.825  -103.289  -0.516 0.0000000000
2348  -19.085  -102.367  -0.703 0.0000000000
3699  -20.000  -100.610  -1.631 0.0000000000
3044  -19.074  -101.493  -2.002 0.0000000000
3051  -19.323  -100.942  -2.639 0.0000000000
3712  -19.266  -100.490  -2.999 0.0000000000
4436  -19.346  -100.120  -3.000 0.0000000000
4397  -19.449  -99.837  -1.790 0.0000000000
4346  -19.472  -99.370  1.054 0.0000000000
4360  -18.649  -99.379  0.292 0.0000000000
4345  -18.396  -99.073  1.280 0.0000000000
4344  -17.660  -98.856  1.479 0.0000000000
5060  -18.606  -98.363  2.715 0.0000000000
4319  -23.999  -99.386  4.179 0.0000000000
36198  -16.418  -68.239  31.003 0.0000000000
39682  -16.751  -64.689  29.745 0.0000000000
39683  -17.240  -65.148  29.556 0.0000000000
38604  -18.627  -66.455  27.699 0.0000000000
39697  -18.078  -65.674  28.497 0.0000000000
38620  -18.635  -66.567  26.547 0.0000000000
36243  -19.099  -69.292  26.793 0.0000000000
37449  -17.613  -67.691  25.306 0.0000000000
1392  -3.089  -104.225  26.761 0.0000000000
918  -1.789  -104.761  27.080 0.0000000000
526  -2.422  -105.817  26.269 0.0000000000
273  -1.980  -106.594  26.105 0.0000000000
274  -3.014  -106.534  26.039 0.0000000000
280  -3.651  -107.041  25.696 0.0000000000
275  -3.840  -106.425  25.897 0.0000000000
1404  -5.631  -103.670  26.055 0.0000000000
535  -5.814  -105.555  25.308 0.0000000000
943  -6.169  -104.700  25.239 0.0000000000
545  -6.436  -105.814  24.613 0.0000000000
1414  -6.674  -104.121  25.051 0.0000000000
20925  -0.524  -81.836  11.185 0.0000000000
20927  -2.057  -81.594  11.180 0.0000000000
5864  -0.210  -97.870  -3.933 0.0000000000
5863  0.643  -97.805  -3.818 0.0000000000
5836  -0.533  -97.572  -1.986 0.0000000000
6685  -3.370  -96.435  -5.054 0.0000000000
5884  -2.280  -96.930  -5.225 0.0000000000
6676  -3.717  -96.392  -3.996 0.0000000000
6648  -4.690  -96.019  -1.675 0.0000000000
6631  -4.233  -96.038  -0.749 0.0000000000
7571  -4.327  -95.778  0.653 0.0000000000
7593  -5.026  -95.936  -0.011 0.0000000000
6596  -7.120  -96.887  1.182 0.0000000000
7528  -6.997  -95.629  2.682 0.0000000000
5127  -13.642  -98.446  -2.004 0.0000000000
5126  -12.611  -98.337  -1.608 0.0000000000
5139  -13.576  -98.092  -3.106 0.0000000000
5185  -17.549  -98.087  -6.058 0.0000000000
4465  -16.250  -99.323  -5.622 0.0000000000
5184  -16.885  -98.036  -6.313 0.0000000000
5920  -14.073  -96.776  -6.187 0.0000000000
5170  -14.393  -97.507  -5.814 0.0000000000
5908  -13.845  -97.053  -5.825 0.0000000000
5875  -12.721  -97.171  -4.118 0.0000000000
5893  -12.979  -96.893  -5.166 0.0000000000
6690  -11.567  -96.411  -5.074 0.0000000000
6703  -12.547  -96.379  -5.613 0.0000000000
8716  -12.335  -94.873  -5.805 0.0000000000
7659  -11.179  -95.501  -5.922 0.0000000000
8715  -11.558  -94.915  -6.033 0.0000000000
8714  -10.480  -94.888  -6.236 0.0000000000
7595  -15.069  -95.300  -0.745 0.0000000000
8644  -14.934  -94.790  -1.058 0.0000000000
6653  -13.816  -95.589  -2.207 0.0000000000
7611  -13.943  -94.884  -1.664 0.0000000000
10795  -13.040  -92.358  -2.076 0.0000000000
9763  -14.238  -92.918  -1.535 0.0000000000
8679  -13.311  -94.017  -2.945 0.0000000000
9793  -12.990  -93.394  -3.209 0.0000000000
9792  -12.474  -93.090  -3.307 0.0000000000
9760  -10.150  -93.616  -2.429 0.0000000000
9790  -10.607  -93.235  -3.552 0.0000000000
9789  -9.508  -93.410  -3.784 0.0000000000
9788  -8.818  -93.543  -4.171 0.0000000000
8689  -8.650  -94.002  -3.638 0.0000000000
8688  -8.082  -94.306  -3.936 0.0000000000
7624  -8.522  -94.591  -3.145 0.0000000000
6652  -10.205  -96.247  -1.374 0.0000000000
6651  -9.520  -95.858  -2.296 0.0000000000
5841  -9.736  -97.454  -1.866 0.0000000000
5842  -10.521  -97.085  -1.199 0.0000000000
46499  -14.812  -59.355  24.413 0.0000000000
45391  -10.208  -60.354  24.477 0.0000000000
46476  -10.656  -59.528  24.328 0.0000000000
29663  -14.539  -74.302  32.523 0.0000000000
27285  -14.414  -75.713  31.551 0.0000000000
27302  -14.010  -76.741  30.521 0.0000000000
26154  -11.831  -76.761  29.516 0.0000000000
27317  -12.481  -75.870  29.256 0.0000000000
27316  -11.464  -75.595  29.140 0.0000000000
27327  -10.907  -74.942  28.876 0.0000000000
26063  -10.220  -76.135  34.323 0.0000000000
26064  -11.154  -76.553  34.882 0.0000000000
26104  -9.951  -77.764  33.073 0.0000000000
24947  -9.765  -78.056  32.188 0.0000000000
24948  -10.558  -78.261  32.305 0.0000000000
24960  -10.144  -78.219  31.442 0.0000000000
24977  -10.581  -78.053  30.609 0.0000000000
24976  -9.716  -77.749  30.709 0.0000000000
27314  -9.304  -75.581  29.487 0.0000000000
28514  -9.268  -74.782  28.257 0.0000000000
24916  -6.950  -77.979  35.506 0.0000000000
26060  -7.140  -77.406  35.061 0.0000000000
26059  -6.105  -77.410  34.563 0.0000000000
23821  0.736  -79.733  34.095 0.0000000000
22734  0.098  -80.179  35.462 0.0000000000
23800  0.631  -79.125  34.636 0.0000000000
26032  -0.714  -77.438  35.206 0.0000000000
24883  -0.240  -78.451  35.199 0.0000000000
24884  -1.222  -78.647  35.384 0.0000000000
24885  -2.541  -78.786  35.235 0.0000000000
28404  -0.944  -74.417  34.606 0.0000000000
27229  -2.202  -76.172  34.901 0.0000000000
28405  -1.913  -74.862  34.510 0.0000000000
28407  -3.930  -75.244  34.197 0.0000000000
29617  -2.652  -74.170  34.068 0.0000000000
30729  -2.381  -73.308  33.880 0.0000000000
30728  -1.599  -72.853  33.969 0.0000000000
149020  -0.207  -74.122  32.575 0.0000000000
8163  -1.812  -94.575  31.172 0.0000000000
8162  -0.756  -94.638  31.154 0.0000000000
8209  0.406  -95.087  29.208 0.0000000000
8184  0.780  -95.391  29.959 0.0000000000
7130  1.491  -95.695  29.771 0.0000000000
9350  1.285  -94.220  26.171 0.0000000000
10387  1.654  -93.099  25.252 0.0000000000
11349  0.290  -91.887  24.305 0.0000000000
11348  1.359  -91.848  24.128 0.0000000000
11367  1.182  -91.545  23.065 0.0000000000
11368  0.205  -91.501  22.632 0.0000000000
11333  -4.235  -91.048  25.534 0.0000000000
12305  -2.733  -90.932  25.012 0.0000000000
12320  -3.912  -90.696  24.265 0.0000000000
11396  -3.324  -91.814  21.334 0.0000000000
12356  -2.970  -90.985  21.747 0.0000000000
12355  -1.911  -90.855  21.407 0.0000000000
12354  -0.942  -91.366  21.195 0.0000000000
12367  -1.612  -91.403  20.787 0.0000000000
11421  -0.915  -92.115  19.284 0.0000000000
11422  -1.644  -92.198  19.664 0.0000000000
7331  -1.508  -95.294  19.106 0.0000000000
9465  -1.815  -93.903  18.219 0.0000000000
7330  -0.795  -95.486  18.374 0.0000000000
7347  0.293  -95.049  17.442 0.0000000000
7329  0.647  -95.456  18.449 0.0000000000
6312  -7.493  -96.649  23.516 0.0000000000
7218  -8.235  -95.413  24.602 0.0000000000
7254  -7.221  -96.115  22.826 0.0000000000
7251  -4.574  -95.549  22.652 0.0000000000
6330  -3.785  -96.130  22.210 0.0000000000
7250  -3.499  -95.499  23.037 0.0000000000
6329  -2.721  -96.050  22.628 0.0000000000
3389  0.173  -100.353  21.421 0.0000000000
4833  0.921  -97.877  22.256 0.0000000000
4834  0.296  -97.567  22.271 0.0000000000
5558  0.594  -97.157  22.440 0.0000000000
6327  -0.866  -96.323  22.686 0.0000000000
6326  0.054  -96.445  22.454 0.0000000000
6351  0.780  -96.103  22.008 0.0000000000
7270  2.602  -95.652  20.823 0.0000000000
99  -4.381  -107.649  24.011 0.0000000000
8  -4.006  -108.265  22.349 0.0000000000
4  -4.798  -108.060  22.778 0.0000000000
21  -4.944  -107.966  20.468 0.0000000000
29  -4.631  -108.066  19.866 0.0000000000
37  -4.657  -108.038  19.153 0.0000000000
44  -3.946  -108.431  17.760 0.0000000000
140  -4.838  -107.523  17.731 0.0000000000
641  -5.761  -105.831  15.636 0.0000000000
351  -5.141  -106.270  14.885 0.0000000000
343  -4.430  -107.099  15.230 0.0000000000
358  -4.248  -106.605  13.798 0.0000000000
366  -3.990  -106.401  12.638 0.0000000000
684  -4.351  -105.644  12.543 0.0000000000
1595  -3.257  -103.541  11.616 0.0000000000
1118  -2.869  -104.236  11.306 0.0000000000
1594  -2.788  -103.606  11.212 0.0000000000
2158  -1.603  -103.189  10.173 0.0000000000
2159  -2.432  -102.674  10.286 0.0000000000
79  -11.985  -107.632  14.281 0.0000000000
63  -11.375  -107.759  15.125 0.0000000000
180  -11.282  -107.530  13.653 0.0000000000
1081  -10.691  -104.421  13.389 0.0000000000
687  -10.488  -105.813  12.943 0.0000000000
1101  -10.025  -104.925  12.658 0.0000000000
4165  -10.414  -99.608  13.702 0.0000000000
3472  -10.152  -100.581  14.134 0.0000000000
4164  -9.619  -100.210  13.426 0.0000000000
3503  -7.452  -100.807  10.502 0.0000000000
2826  -8.316  -101.901  11.451 0.0000000000
2825  -7.503  -101.730  10.878 0.0000000000
2151  -5.566  -102.342  11.275 0.0000000000
2163  -6.162  -102.005  10.560 0.0000000000
2212  -4.406  -101.681  7.367 0.0000000000
2176  -3.976  -102.026  9.293 0.0000000000
2192  -3.461  -101.792  8.375 0.0000000000
2191  -2.402  -101.793  8.475 0.0000000000
2210  -2.906  -101.708  7.434 0.0000000000
2227  -1.726  -101.705  6.495 0.0000000000
2229  -3.379  -101.908  6.506 0.0000000000
1672  -5.229  -103.003  4.776 0.0000000000
1670  -3.916  -103.156  4.554 0.0000000000
1200  -4.471  -103.760  4.571 0.0000000000
2233  -9.252  -102.804  7.126 0.0000000000
2232  -8.779  -102.584  6.654 0.0000000000
1642  -8.628  -103.741  6.927 0.0000000000
405  -7.607  -106.520  7.438 0.0000000000
462  -12.487  -105.896  4.134 0.0000000000
471  -13.148  -105.746  3.617 0.0000000000
802  -13.560  -105.354  2.717 0.0000000000
472  -13.843  -105.746  3.193 0.0000000000
745  -13.560  -105.788  6.076 0.0000000000
764  -17.183  -105.353  5.218 0.0000000000
451  -15.942  -105.999  4.785 0.0000000000
775  -16.245  -105.767  4.353 0.0000000000
789  -15.621  -105.740  3.475 0.0000000000
790  -16.362  -105.375  3.408 0.0000000000
1230  -16.903  -104.513  2.235 0.0000000000
1217  -16.855  -104.566  3.256 0.0000000000
1700  -16.704  -102.954  2.964 0.0000000000
31852  -14.040  -72.388  31.698 0.0000000000
30774  -14.144  -72.868  31.485 0.0000000000
28520  -15.195  -75.490  28.609 0.0000000000
29699  -16.554  -73.816  29.498 0.0000000000
28504  -18.098  -74.892  29.310 0.0000000000
28505  -18.639  -74.654  28.965 0.0000000000
29719  -19.395  -74.545  28.056 0.0000000000
37430  -6.776  -66.919  26.724 0.0000000000
37429  -5.908  -66.678  27.051 0.0000000000
38616  -5.411  -66.066  26.240 0.0000000000
38630  -5.261  -66.261  25.817 0.0000000000
38650  -5.386  -66.665  25.098 0.0000000000
29732  -0.872  -74.267  25.350 0.0000000000
29731  -0.671  -74.101  25.942 0.0000000000
30861  -1.175  -73.809  24.955 0.0000000000
32995  -2.851  -71.205  26.239 0.0000000000
30865  -4.881  -73.463  24.692 0.0000000000
30844  -5.077  -72.829  25.029 0.0000000000
34075  -5.467  -70.408  25.386 0.0000000000
34058  -4.471  -70.352  25.838 0.0000000000
35139  -4.959  -69.630  25.615 0.0000000000
35154  -4.822  -68.930  25.498 0.0000000000
36284  -6.063  -68.342  23.627 0.0000000000
37481  -5.860  -67.581  24.189 0.0000000000
38670  -6.302  -66.571  24.320 0.0000000000
38671  -6.966  -66.566  23.399 0.0000000000
7587  2.367  -95.987  -1.179 0.0000000000
12605  0.300  -90.902  3.967 0.0000000000
11654  1.397  -92.385  3.915 0.0000000000
11644  1.372  -92.300  4.505 0.0000000000
12521  -0.951  -90.145  9.511 0.0000000000
15504  -0.240  -87.552  9.424 0.0000000000
16563  -0.626  -86.691  9.707 0.0000000000
17682  -0.957  -85.455  9.290 0.0000000000
18742  -1.035  -84.378  9.288 0.0000000000
17660  -1.387  -84.933  10.107 0.0000000000
17636  -2.547  -84.497  12.480 0.0000000000
18712  -2.117  -83.593  11.287 0.0000000000
20908  -2.620  -81.455  11.950 0.0000000000
19845  -2.798  -82.561  12.743 0.0000000000
15633  -7.354  -87.335  2.235 0.0000000000
15603  -7.560  -87.202  3.976 0.0000000000
15586  -7.228  -87.470  4.942 0.0000000000
15585  -6.209  -87.356  5.001 0.0000000000
14551  -6.935  -88.000  5.658 0.0000000000
17683  -7.806  -85.626  10.603 0.0000000000
18744  -7.370  -84.589  9.948 0.0000000000
16613  -9.384  -86.634  9.328 0.0000000000
14495  -8.118  -88.651  9.806 0.0000000000
14504  -8.397  -88.696  8.676 0.0000000000
14503  -7.512  -89.075  8.749 0.0000000000
13528  -7.169  -89.048  6.988 0.0000000000
13506  -6.546  -89.208  8.632 0.0000000000
14439  -6.305  -88.778  12.552 0.0000000000
14465  -5.899  -89.032  11.411 0.0000000000
14438  -5.226  -88.877  12.474 0.0000000000
14422  -4.547  -88.670  13.355 0.0000000000
14423  -5.568  -88.701  13.455 0.0000000000
16516  -9.701  -85.973  15.189 0.0000000000
15446  -8.894  -87.150  14.743 0.0000000000
16514  -8.268  -86.080  15.552 0.0000000000
17627  -6.353  -85.186  14.974 0.0000000000
16512  -6.484  -86.303  15.357 0.0000000000
17626  -5.570  -85.592  14.826 0.0000000000
16524  -4.757  -86.467  14.653 0.0000000000
17625  -4.300  -85.299  14.095 0.0000000000
18696  -4.784  -84.393  14.379 0.0000000000
21962  -5.300  -81.654  14.748 0.0000000000
20897  -4.152  -82.256  13.954 0.0000000000
21961  -4.742  -81.285  13.992 0.0000000000
21981  -4.025  -81.382  13.049 0.0000000000
23049  -4.384  -80.396  13.032 0.0000000000
24114  -4.902  -79.359  13.443 0.0000000000
25217  -5.572  -78.153  15.045 0.0000000000
25180  -5.479  -78.528  16.354 0.0000000000
24060  -8.565  -79.175  16.072 0.0000000000
25195  -7.432  -78.595  16.054 0.0000000000
24038  -6.727  -78.926  18.251 0.0000000000
25170  -6.692  -78.514  17.649 0.0000000000
24037  -6.005  -79.152  17.810 0.0000000000
15240  1.939  -87.856  27.478 0.0000000000
14236  1.716  -88.596  26.366 0.0000000000
13274  1.937  -89.354  26.051 0.0000000000
270  0.287  -106.414  26.000 0.0000000000
533  0.689  -105.654  25.749 0.0000000000
284  0.418  -106.196  25.199 0.0000000000
551  -0.401  -106.249  24.314 0.0000000000
544  -1.315  -105.531  24.221 0.0000000000
553  -2.205  -105.993  23.291 0.0000000000
297  -2.738  -106.571  22.003 0.0000000000
306  -2.923  -107.254  20.421 0.0000000000
125  -2.651  -107.586  19.637 0.0000000000
116  -2.353  -107.791  20.412 0.0000000000
123  -2.294  -108.071  20.282 0.0000000000
18  -2.480  -108.381  20.702 0.0000000000
21959  -1.506  -80.407  13.132 0.0000000000
23028  -1.697  -79.724  13.804 0.0000000000
25236  -3.394  -77.513  13.991 0.0000000000
8606  -6.418  -94.756  2.757 0.0000000000
8605  -5.746  -94.421  2.536 0.0000000000
9675  -7.256  -93.021  2.951 0.0000000000
2953  -22.254  -101.423  3.699 0.0000000000
34017  -18.806  -70.165  29.905 0.0000000000
34042  -19.619  -70.739  27.574 0.0000000000
32992  -19.263  -71.599  26.418 0.0000000000
6726  -6.669  -96.580  -7.911 0.0000000000
7675  -6.048  -95.393  -8.276 0.0000000000
8717  -5.018  -95.116  -8.200 0.0000000000
7666  -4.664  -95.225  -7.768 0.0000000000
8709  -5.561  -94.717  -7.471 0.0000000000
7656  -6.050  -95.118  -6.223 0.0000000000
7644  -6.619  -95.174  -5.459 0.0000000000
4376  -17.144  -98.920  -0.828 0.0000000000
5130  -16.693  -98.552  -1.881 0.0000000000
5114  -16.588  -98.631  -0.653 0.0000000000
5113  -15.576  -97.780  -0.648 0.0000000000
5819  -15.446  -97.144  0.136 0.0000000000
42967  -7.591  -63.135  25.275 0.0000000000
42968  -8.416  -62.578  24.883 0.0000000000
42987  -8.082  -62.850  24.821 0.0000000000
43006  -7.705  -63.151  24.583 0.0000000000
43007  -8.191  -62.706  24.162 0.0000000000
43028  -8.312  -62.769  23.711 0.0000000000
41912  -7.933  -63.284  23.817 0.0000000000
41892  -7.773  -64.148  23.608 0.0000000000
40855  -7.988  -64.666  23.280 0.0000000000
29598  -8.909  -74.742  35.071 0.0000000000
29624  -9.110  -74.482  34.641 0.0000000000
29623  -8.417  -74.277  34.537 0.0000000000
29644  -6.303  -73.868  33.470 0.0000000000
30761  -5.160  -73.530  32.604 0.0000000000
30750  -5.321  -73.496  32.875 0.0000000000
31829  -4.089  -73.040  33.106 0.0000000000
31840  -3.332  -72.922  32.810 0.0000000000
21762  1.879  -81.558  29.462 0.0000000000
22833  1.743  -80.640  30.151 0.0000000000
22861  2.062  -80.110  27.815 0.0000000000
8190  -5.583  -95.268  30.271 0.0000000000
8189  -5.020  -94.921  30.772 0.0000000000
8214  -5.785  -94.510  29.872 0.0000000000
9283  -6.234  -93.637  29.239 0.0000000000
9335  -7.154  -92.843  27.827 0.0000000000
10355  -6.585  -92.531  27.682 0.0000000000
10356  -7.322  -92.743  27.230 0.0000000000
9369  -7.785  -93.259  25.680 0.0000000000
9381  -7.652  -93.677  24.942 0.0000000000
1009  1.851  -104.730  18.418 0.0000000000
996  1.382  -104.428  19.340 0.0000000000
1008  2.682  -105.220  18.000 0.0000000000
1139  1.523  -104.837  7.981 0.0000000000
1147  2.389  -104.210  6.885 0.0000000000
2208  2.261  -103.050  7.716 0.0000000000
2892  2.843  -101.983  6.741 0.0000000000
2933  2.781  -101.531  5.446 0.0000000000
2947  2.483  -101.581  4.562 0.0000000000
2934  1.868  -101.267  5.452 0.0000000000
2935  0.720  -101.372  5.483 0.0000000000
2245  -0.643  -101.972  5.124 0.0000000000
328  -10.175  -106.791  17.580 0.0000000000
61  -10.382  -108.161  15.485 0.0000000000
4961  -14.336  -98.487  12.767 0.0000000000
4960  -13.293  -98.426  12.944 0.0000000000
4973  -13.768  -98.486  12.110 0.0000000000
4216  -13.186  -99.116  10.452 0.0000000000
4232  -12.532  -99.653  9.693 0.0000000000
3543  -12.171  -100.637  9.294 0.0000000000
4233  -13.629  -99.655  9.352 0.0000000000
4250  -14.103  -99.908  8.874 0.0000000000
3566  -14.852  -100.564  8.636 0.0000000000
2882  -14.971  -101.187  7.864 0.0000000000
3567  -15.428  -100.812  8.903 0.0000000000
2862  -16.199  -101.183  9.292 0.0000000000
30810  -1.580  -73.215  27.668 0.0000000000
31886  -0.966  -72.866  27.429 0.0000000000
27402  -5.831  -76.421  23.469 0.0000000000
28590  -6.054  -75.426  23.266 0.0000000000
15597  -1.408  -87.424  4.085 0.0000000000
13555  -0.910  -88.536  4.464 0.0000000000
14567  -1.724  -87.908  4.810 0.0000000000
13557  -2.806  -89.145  4.786 0.0000000000
12583  -3.353  -90.199  5.803 0.0000000000
12572  -3.245  -90.392  6.646 0.0000000000
13524  -3.855  -89.898  6.531 0.0000000000
13514  -4.316  -89.575  7.449 0.0000000000
13504  -4.781  -89.357  8.382 0.0000000000
32956  -16.277  -71.205  30.114 0.0000000000
5906  -9.977  -96.970  -5.174 0.0000000000
40785  -18.305  -64.914  27.279 0.0000000000
41856  -16.224  -63.338  25.167 0.0000000000
42972  -15.288  -62.893  24.617 0.0000000000
39724  -7.359  -65.054  26.350 0.0000000000
17402  1.000  -85.805  30.291 0.0000000000
17377  1.222  -85.304  31.397 0.0000000000
17389  0.632  -85.399  30.828 0.0000000000
19583  -0.189  -83.766  30.308 0.0000000000
19604  0.108  -83.820  29.314 0.0000000000
18551  0.971  -84.417  26.308 0.0000000000
18561  1.482  -84.567  25.188 0.0000000000
17454  0.664  -84.977  25.587 0.0000000000
17465  -0.019  -85.340  25.182 0.0000000000
16380  -0.546  -85.939  23.329 0.0000000000
13289  0.217  -89.101  23.040 0.0000000000
14291  -0.657  -88.618  22.427 0.0000000000
13310  0.371  -89.379  21.391 0.0000000000
13330  0.943  -89.769  18.722 0.0000000000
12374  0.557  -90.553  18.752 0.0000000000
11420  -0.271  -91.854  18.559 0.0000000000
2620  -0.295  -101.649  26.605 0.0000000000
3315  0.414  -101.189  27.191 0.0000000000
3317  -0.701  -100.609  26.703 0.0000000000
4007  -1.172  -99.685  26.892 0.0000000000
4780  -1.842  -99.148  27.017 0.0000000000
4781  -2.468  -98.758  26.843 0.0000000000
4787  -4.103  -98.606  26.120 0.0000000000
4789  -5.194  -98.206  25.282 0.0000000000
4017  -4.704  -99.158  25.359 0.0000000000
4029  -5.099  -99.783  24.769 0.0000000000
988  -5.249  -103.953  20.424 0.0000000000
1451  -5.528  -103.071  20.490 0.0000000000
1483  -5.122  -103.254  18.953 0.0000000000
2054  -4.520  -102.800  18.276 0.0000000000
2053  -3.408  -102.575  18.301 0.0000000000
2051  -1.724  -102.946  18.464 0.0000000000
2085  -2.149  -102.930  17.273 0.0000000000
1508  -0.731  -103.472  16.508 0.0000000000
1520  -0.097  -103.461  15.434 0.0000000000
1534  0.482  -103.492  14.364 0.0000000000
1551  0.091  -103.757  13.581 0.0000000000
1095  0.134  -104.471  12.790 0.0000000000
154  -1.114  -107.462  15.295 0.0000000000
153  -0.741  -107.094  15.205 0.0000000000
161  -0.842  -107.361  14.523 0.0000000000
201  -0.376  -107.329  11.257 0.0000000000
207  -0.722  -107.227  10.538 0.0000000000
202  -1.152  -107.290  11.258 0.0000000000
208  -1.557  -107.004  10.773 0.0000000000
384  -2.196  -106.466  10.796 0.0000000000
645  -14.240  -105.546  15.743 0.0000000000
632  -15.528  -105.017  16.191 0.0000000000
26266  -1.467  -75.731  21.259 0.0000000000
26267  -1.898  -75.129  20.653 0.0000000000
27450  -2.447  -74.512  20.347 0.0000000000
28639  -3.013  -73.719  20.465 0.0000000000
25168  -3.887  -76.507  17.807 0.0000000000
26314  -4.156  -75.955  18.714 0.0000000000
26269  -4.432  -77.569  20.597 0.0000000000
25089  -4.898  -78.080  21.004 0.0000000000
5834  0.817  -96.651  -2.512 0.0000000000
7622  0.907  -95.372  -2.754 0.0000000000
7607  0.375  -95.370  -2.002 0.0000000000
8657  -0.509  -94.326  -1.879 0.0000000000
9756  -1.192  -93.486  -1.988 0.0000000000
10757  -4.979  -91.988  -0.200 0.0000000000
11727  -3.916  -91.816  -0.637 0.0000000000
12653  -4.083  -90.848  0.254 0.0000000000
12637  -3.549  -90.846  1.232 0.0000000000
12622  -3.149  -90.132  2.280 0.0000000000
13593  -5.023  -89.267  1.862 0.0000000000
14594  -5.391  -88.419  2.014 0.0000000000
15631  -5.260  -87.508  2.355 0.0000000000
1699  -14.326  -103.579  2.165 0.0000000000
2310  -15.140  -102.444  1.633 0.0000000000
2329  -14.992  -103.308  1.229 0.0000000000
2345  -15.801  -103.058  -0.451 0.0000000000
2346  -16.384  -102.628  -1.002 0.0000000000
2350  -20.831  -101.729  0.084 0.0000000000
2367  -20.083  -101.601  -0.989 0.0000000000
3037  -21.135  -101.203  -0.128 0.0000000000
3691  -20.797  -100.840  -0.607 0.0000000000
4380  -20.330  -100.459  -1.088 0.0000000000
4379  -20.004  -100.045  -0.963 0.0000000000
5081  -20.189  -99.063  1.805 0.0000000000
5061  -19.673  -98.526  2.694 0.0000000000
38564  -17.040  -65.875  30.517 0.0000000000
38576  -17.644  -65.981  30.114 0.0000000000
38588  -17.808  -65.824  29.343 0.0000000000
35149  -18.464  -69.242  25.914 0.0000000000
1380  -3.175  -103.553  27.373 0.0000000000
929  -4.079  -104.782  26.207 0.0000000000
19855  -0.786  -82.179  10.575 0.0000000000
5882  -0.570  -97.893  -4.816 0.0000000000
5865  -1.225  -97.745  -4.074 0.0000000000
5867  -5.209  -97.015  -3.902 0.0000000000
6677  -4.817  -96.687  -3.636 0.0000000000
6678  -5.411  -96.741  -3.082 0.0000000000
6649  -5.582  -96.405  -1.620 0.0000000000
6633  -6.152  -96.635  -0.715 0.0000000000
5803  -7.775  -97.527  0.979 0.0000000000
4393  -14.907  -99.172  -2.264 0.0000000000
5910  -16.846  -96.727  -5.969 0.0000000000
5923  -16.498  -97.225  -6.427 0.0000000000
6720  -16.108  -96.264  -6.400 0.0000000000
6719  -15.274  -96.388  -6.522 0.0000000000
6718  -14.363  -96.388  -6.368 0.0000000000
6717  -13.312  -96.365  -6.106 0.0000000000
7661  -13.858  -95.679  -6.239 0.0000000000
7648  -12.823  -94.959  -5.863 0.0000000000
8705  -12.810  -94.519  -5.384 0.0000000000
10777  -12.827  -92.382  -1.552 0.0000000000
10794  -12.389  -92.482  -2.219 0.0000000000
10798  -11.825  -92.820  -2.813 0.0000000000
10775  -11.392  -92.965  -1.880 0.0000000000
9761  -10.750  -93.451  -1.807 0.0000000000
8659  -9.939  -94.180  -1.944 0.0000000000
7609  -9.406  -94.798  -2.151 0.0000000000
8660  -10.430  -94.336  -1.216 0.0000000000
7594  -10.520  -95.307  -0.687 0.0000000000
45415  -13.492  -60.394  23.914 0.0000000000
47662  -10.603  -58.821  24.290 0.0000000000
28433  -15.028  -75.255  33.373 0.0000000000
27271  -14.125  -76.573  32.339 0.0000000000
26140  -13.275  -77.360  30.331 0.0000000000
26139  -12.245  -77.783  30.240 0.0000000000
26138  -11.172  -77.533  29.968 0.0000000000
26041  -13.612  -77.043  35.477 0.0000000000
27253  -8.254  -75.607  33.401 0.0000000000
26083  -9.302  -76.561  33.617 0.0000000000
26082  -8.065  -76.727  32.838 0.0000000000
26102  -8.037  -77.097  31.771 0.0000000000
26119  -8.688  -77.441  31.204 0.0000000000
26136  -9.124  -76.748  30.307 0.0000000000
27283  -8.237  -76.180  30.372 0.0000000000
21638  -0.943  -81.498  36.514 0.0000000000
24911  0.740  -77.972  34.594 0.0000000000
26031  0.261  -77.237  34.940 0.0000000000
27203  -1.220  -76.563  35.173 0.0000000000
27202  -0.268  -76.173  35.218 0.0000000000
28381  -0.363  -75.069  35.022 0.0000000000
28403  0.009  -74.248  34.608 0.0000000000
29614  0.224  -73.315  33.690 0.0000000000
28443  0.418  -75.049  32.606 0.0000000000
8211  -1.877  -94.124  29.709 0.0000000000
8236  -1.227  -93.916  28.834 0.0000000000
7184  1.418  -95.689  27.967 0.0000000000
8258  0.450  -94.504  27.211 0.0000000000
9351  0.489  -93.902  26.347 0.0000000000
9367  0.778  -93.447  25.630 0.0000000000
10388  0.997  -93.129  25.192 0.0000000000
10389  0.155  -92.721  25.394 0.0000000000
11330  -0.607  -92.003  25.085 0.0000000000
11350  -1.102  -91.287  24.527 0.0000000000
11381  -4.411  -91.690  23.315 0.0000000000
12340  -4.046  -91.020  23.043 0.0000000000
10440  -3.578  -92.675  21.873 0.0000000000
10453  -3.314  -92.699  20.719 0.0000000000
10465  -3.102  -93.303  20.157 0.0000000000
9450  -3.029  -93.921  20.260 0.0000000000
7295  -2.163  -94.832  20.364 0.0000000000
7309  -1.011  -95.293  19.722 0.0000000000
6357  -5.659  -97.583  21.628 0.0000000000
6332  -6.171  -96.865  21.819 0.0000000000
6356  -5.067  -97.217  21.524 0.0000000000
5581  -3.235  -97.603  21.304 0.0000000000
5580  -2.095  -97.407  21.469 0.0000000000
2674  1.945  -101.198  21.917 0.0000000000
3388  1.260  -100.312  21.717 0.0000000000
3387  2.175  -100.223  22.306 0.0000000000
4057  2.060  -99.371  22.460 0.0000000000
6324  1.978  -96.743  22.163 0.0000000000
5556  2.454  -97.569  22.401 0.0000000000
101  -6.242  -107.358  23.597 0.0000000000
105  -5.524  -107.903  22.533 0.0000000000
106  -6.148  -107.661  22.924 0.0000000000
112  -6.410  -107.819  21.963 0.0000000000
127  -6.742  -107.449  20.307 0.0000000000
607  -7.304  -106.067  17.325 0.0000000000
643  -7.422  -105.129  16.034 0.0000000000
642  -6.360  -105.271  15.671 0.0000000000
669  -5.304  -105.152  14.045 0.0000000000
668  -4.760  -105.640  13.224 0.0000000000
1077  -5.048  -104.365  13.469 0.0000000000
1574  -4.923  -103.308  13.037 0.0000000000
2134  -4.129  -102.802  11.941 0.0000000000
689  -12.298  -105.646  13.274 0.0000000000
370  -11.339  -106.421  13.175 0.0000000000
673  -12.143  -104.938  13.521 0.0000000000
1557  -10.277  -103.427  13.417 0.0000000000
4194  -9.053  -99.329  11.380 0.0000000000
4178  -8.653  -99.945  11.990 0.0000000000
4211  -7.899  -99.817  10.102 0.0000000000
4210  -7.385  -100.339  9.963 0.0000000000
2857  -6.534  -101.123  9.481 0.0000000000
2855  -5.543  -101.619  9.209 0.0000000000
2876  -6.003  -101.127  8.550 0.0000000000
2874  -5.082  -101.553  7.849 0.0000000000
2919  -4.872  -101.605  6.678 0.0000000000
2248  -3.856  -102.097  5.614 0.0000000000
2938  -4.970  -101.657  6.256 0.0000000000
2250  -5.643  -102.316  5.270 0.0000000000
1655  -5.820  -103.224  4.948 0.0000000000
1153  -10.147  -104.021  8.073 0.0000000000
1625  -9.081  -104.298  7.564 0.0000000000
1152  -9.634  -104.797  7.962 0.0000000000
730  -9.051  -105.746  7.835 0.0000000000
773  -11.440  -105.562  4.764 0.0000000000
256  -11.151  -106.584  5.475 0.0000000000
447  -12.565  -106.424  4.794 0.0000000000
432  -13.235  -106.405  5.362 0.0000000000
1648  -16.667  -104.299  6.629 0.0000000000
1174  -17.105  -104.977  6.386 0.0000000000
749  -17.298  -105.248  5.963 0.0000000000
1208  -17.350  -104.515  4.464 0.0000000000
1679  -17.223  -103.687  4.429 0.0000000000
28522  -17.511  -75.855  29.043 0.0000000000
34031  -3.861  -70.114  28.254 0.0000000000
35117  -4.279  -69.540  28.217 0.0000000000
35116  -3.750  -69.280  28.214 0.0000000000
35122  -4.949  -68.913  27.856 0.0000000000
37418  -4.533  -67.341  26.935 0.0000000000
37427  -4.274  -67.301  26.406 0.0000000000
37441  -4.354  -67.627  25.733 0.0000000000
29748  -1.998  -73.718  23.979 0.0000000000
30862  -1.679  -73.472  24.707 0.0000000000
30863  -2.568  -73.338  24.672 0.0000000000
30842  -3.233  -72.722  25.134 0.0000000000
33014  -6.172  -71.357  24.007 0.0000000000
34076  -6.017  -70.414  24.442 0.0000000000
35156  -6.011  -69.646  23.937 0.0000000000
36285  -6.512  -68.428  23.123 0.0000000000
9738  1.656  -94.116  -0.726 0.0000000000
8627  1.916  -95.163  0.111 0.0000000000
9722  1.709  -94.439  0.701 0.0000000000
11635  0.310  -91.861  5.653 0.0000000000
13448  -1.134  -89.434  10.531 0.0000000000
13447  -0.454  -88.838  9.941 0.0000000000
14460  -0.565  -88.630  10.929 0.0000000000
15485  -0.441  -87.542  10.945 0.0000000000
16542  -1.425  -85.628  11.602 0.0000000000
16543  -1.777  -85.515  12.305 0.0000000000
17661  -7.849  -85.689  11.353 0.0000000000
16590  -7.885  -86.147  11.062 0.0000000000
16612  -8.779  -86.788  10.006 0.0000000000
16591  -8.201  -86.837  10.889 0.0000000000
15505  -8.232  -88.149  10.840 0.0000000000
14483  -7.487  -88.635  10.671 0.0000000000
14440  -7.262  -88.544  12.723 0.0000000000
18689  -8.896  -84.395  15.465 0.0000000000
18688  -7.907  -84.437  15.199 0.0000000000
18687  -7.280  -84.477  15.055 0.0000000000
19836  -6.222  -83.892  14.843 0.0000000000
19835  -5.116  -83.371  14.715 0.0000000000
19821  -5.946  -83.143  14.995 0.0000000000
20882  -5.611  -82.370  15.022 0.0000000000
23031  -5.553  -80.679  14.610 0.0000000000
24095  -5.594  -79.549  14.241 0.0000000000
23032  -5.959  -80.065  14.741 0.0000000000
25240  -6.300  -79.149  15.042 0.0000000000
25218  -6.534  -78.786  15.425 0.0000000000
27517  -8.007  -76.980  17.106 0.0000000000
26351  -7.542  -77.403  17.363 0.0000000000
24027  -7.266  -79.175  18.952 0.0000000000
24004  -6.725  -79.582  19.779 0.0000000000
24005  -7.706  -79.784  20.074 0.0000000000
32939  -13.137  -71.351  30.658 0.0000000000
17386  2.329  -86.261  31.365 0.0000000000
16265  2.246  -86.726  30.684 0.0000000000
16266  2.023  -86.007  30.260 0.0000000000
16280  1.314  -86.210  29.669 0.0000000000
16301  0.010  -86.365  28.824 0.0000000000
16318  -0.332  -86.468  27.691 0.0000000000
15260  -0.440  -87.283  26.597 0.0000000000
15276  -0.659  -87.700  25.546 0.0000000000
14266  -0.469  -88.329  24.613 0.0000000000
14249  1.333  -88.697  25.422 0.0000000000
14264  1.046  -88.777  24.644 0.0000000000
14280  0.268  -88.807  23.938 0.0000000000
13308  1.957  -90.514  21.775 0.0000000000
12351  1.952  -90.868  21.453 0.0000000000
1343  -0.834  -104.260  30.285 0.0000000000
1916  -0.763  -103.606  30.091 0.0000000000
1363  0.303  -103.855  28.639 0.0000000000
1377  0.843  -103.787  27.622 0.0000000000
1948  0.761  -103.110  26.757 0.0000000000
938  0.921  -104.938  25.926 0.0000000000
1400  0.883  -104.009  26.322 0.0000000000
1949  0.140  -102.804  26.458 0.0000000000
1950  -0.632  -102.663  26.386 0.0000000000
1960  -2.560  -102.574  25.708 0.0000000000
1961  -3.319  -102.027  25.413 0.0000000000
1969  -4.109  -102.228  24.832 0.0000000000
1412  -3.735  -103.410  24.402 0.0000000000
1418  -4.262  -103.450  23.806 0.0000000000
1426  -4.943  -103.799  22.315 0.0000000000
554  -3.281  -105.241  23.120 0.0000000000
968  -4.323  -104.725  22.340 0.0000000000
978  -4.999  -104.311  21.049 0.0000000000
998  -5.007  -104.417  19.588 0.0000000000
1025  -4.076  -104.487  17.624 0.0000000000
1039  -3.297  -104.562  16.968 0.0000000000
640  -2.278  -104.909  16.054 0.0000000000
621  -2.461  -105.439  16.741 0.0000000000
620  -1.628  -106.091  16.246 0.0000000000
332  -1.781  -106.410  16.738 0.0000000000
316  -2.500  -107.305  18.198 0.0000000000
138  -1.955  -107.324  17.439 0.0000000000
146  -1.327  -107.563  15.949 0.0000000000
48  -1.656  -108.143  16.157 0.0000000000
57  -2.190  -108.145  15.387 0.0000000000
58  -2.921  -108.327  15.679 0.0000000000
22993  -1.623  -80.010  15.503 0.0000000000
24044  -1.555  -79.003  16.311 0.0000000000
25176  -1.325  -78.262  16.923 0.0000000000
26335  -1.511  -77.149  17.686 0.0000000000
26336  -1.775  -76.532  17.998 0.0000000000
27487  -2.544  -75.572  17.973 0.0000000000
27500  -2.502  -75.952  17.158 0.0000000000
27501  -3.043  -75.405  16.961 0.0000000000
26349  -3.689  -75.569  16.851 0.0000000000
26385  -3.304  -76.224  15.407 0.0000000000
25178  -4.055  -76.260  16.951 0.0000000000
25179  -3.884  -77.031  17.213 0.0000000000
7548  -2.897  -95.202  1.215 0.0000000000
7546  -1.792  -94.861  0.688 0.0000000000
8618  -2.564  -94.393  1.182 0.0000000000
9707  -3.170  -93.399  1.201 0.0000000000
10714  -4.468  -92.551  0.971 0.0000000000
9693  -5.573  -93.153  2.141 0.0000000000
9710  -5.460  -92.533  1.550 0.0000000000
10737  -4.763  -92.238  0.294 0.0000000000
12671  -6.359  -90.736  -0.427 0.0000000000
1258  -15.936  -104.594  0.784 0.0000000000
1272  -16.397  -104.173  0.111 0.0000000000
1259  -17.146  -104.114  0.537 0.0000000000
1722  -18.880  -103.291  0.266 0.0000000000
2331  -19.476  -102.764  0.111 0.0000000000
2298  -20.582  -102.322  1.623 0.0000000000
2315  -20.783  -102.365  1.078 0.0000000000
2333  -21.129  -102.002  0.768 0.0000000000
3027  -21.898  -101.287  1.104 0.0000000000
3678  -22.201  -100.794  1.357 0.0000000000
4334  -22.800  -100.135  2.246 0.0000000000
35087  -15.689  -69.273  30.532 0.0000000000
36226  -19.260  -68.251  28.690 0.0000000000
37405  -19.304  -68.190  28.379 0.0000000000
36234  -19.350  -69.075  27.548 0.0000000000
35134  -19.170  -69.871  26.705 0.0000000000
34052  -19.310  -70.558  26.681 0.0000000000
6721  -2.721  -96.827  -6.794 0.0000000000
6696  -3.168  -96.549  -5.908 0.0000000000
6697  -3.830  -96.503  -5.685 0.0000000000
6710  -4.624  -96.022  -6.671 0.0000000000
5916  -4.932  -96.627  -6.194 0.0000000000
5901  -4.535  -96.824  -5.525 0.0000000000
5886  -6.029  -97.456  -4.727 0.0000000000
5869  -6.789  -97.519  -3.823 0.0000000000
5853  -7.608  -97.617  -2.883 0.0000000000
3724  -18.393  -99.972  -4.991 0.0000000000
3722  -17.690  -99.847  -5.616 0.0000000000
4468  -18.507  -99.225  -5.168 0.0000000000
5173  -18.066  -98.351  -5.547 0.0000000000
5897  -17.683  -97.799  -5.307 0.0000000000
5142  -16.936  -98.421  -2.974 0.0000000000
5879  -16.801  -97.818  -3.911 0.0000000000
5896  -16.906  -97.157  -4.969 0.0000000000
5895  -16.062  -96.610  -4.609 0.0000000000
6683  -15.574  -96.413  -4.411 0.0000000000
6692  -14.996  -95.462  -4.633 0.0000000000
42971  -10.824  -61.950  24.277 0.0000000000
44166  -10.526  -61.299  24.434 0.0000000000
45390  -9.532  -60.386  24.553 0.0000000000
44163  -8.767  -61.629  24.666 0.0000000000
46474  -9.530  -59.958  24.315 0.0000000000
46493  -9.526  -59.697  24.158 0.0000000000
46514  -9.550  -59.540  23.680 0.0000000000
45453  -9.714  -60.397  22.933 0.0000000000
27255  -15.247  -76.101  33.900 0.0000000000
26088  -14.561  -76.779  33.828 0.0000000000
27182  -13.005  -76.397  37.178 0.0000000000
27238  -11.108  -75.961  35.373 0.0000000000
27237  -10.584  -75.669  35.129 0.0000000000
27254  -9.197  -75.332  33.905 0.0000000000
28432  -9.186  -74.670  34.375 0.0000000000
28450  -6.609  -75.317  31.977 0.0000000000
28481  -5.915  -75.181  30.239 0.0000000000
29685  -5.607  -74.676  30.860 0.0000000000
29684  -5.110  -74.383  30.649 0.0000000000
28491  -4.747  -74.551  30.169 0.0000000000
30772  -4.916  -73.975  31.344 0.0000000000
30782  -4.702  -74.300  30.962 0.0000000000
29672  -4.153  -74.793  31.185 0.0000000000
21684  -0.410  -81.370  34.059 0.0000000000
21666  -0.169  -81.316  35.169 0.0000000000
21683  0.002  -81.020  33.156 0.0000000000
22773  0.313  -80.451  33.855 0.0000000000
23831  0.855  -79.826  33.310 0.0000000000
23830  1.195  -79.566  32.205 0.0000000000
24940  1.338  -78.037  32.562 0.0000000000
26112  1.147  -77.247  31.737 0.0000000000
27293  0.888  -76.805  31.348 0.0000000000
7094  -2.379  -94.979  32.457 0.0000000000
8164  -2.765  -94.890  31.618 0.0000000000
8187  -2.472  -94.478  30.599 0.0000000000
8212  -3.299  -93.972  29.849 0.0000000000
8238  -3.139  -93.586  29.162 0.0000000000
10352  -3.169  -92.560  27.370 0.0000000000
10371  -2.618  -92.145  26.464 0.0000000000
10372  -3.855  -91.989  26.879 0.0000000000
11316  -4.593  -91.523  26.344 0.0000000000
11352  -4.976  -91.183  24.874 0.0000000000
11335  -6.188  -91.939  25.819 0.0000000000
11353  -5.861  -91.852  24.901 0.0000000000
11369  -5.048  -91.700  24.136 0.0000000000
10420  -4.749  -92.612  23.621 0.0000000000
9393  -4.382  -93.615  23.675 0.0000000000
9392  -3.551  -93.868  23.393 0.0000000000
2677  -1.419  -101.536  21.058 0.0000000000
3391  -2.154  -100.419  21.380 0.0000000000
2676  -0.221  -101.349  21.322 0.0000000000
1998  0.534  -102.120  21.317 0.0000000000
986  2.040  -104.236  20.233 0.0000000000
1447  1.595  -103.321  20.921 0.0000000000
1997  1.588  -102.256  21.566 0.0000000000
398  3.047  -106.464  7.489 0.0000000000
397  3.684  -106.035  7.502 0.0000000000
412  3.508  -106.062  6.971 0.0000000000
750  3.950  -105.324  6.042 0.0000000000
1180  4.001  -104.662  5.512 0.0000000000
1654  3.161  -104.122  5.822 0.0000000000
1653  3.816  -103.718  5.201 0.0000000000
2777  -13.179  -101.373  14.645 0.0000000000
2776  -12.244  -101.251  14.913 0.0000000000
3454  -11.790  -100.357  14.935 0.0000000000
4152  -11.229  -99.652  14.479 0.0000000000
4180  -10.796  -99.097  12.663 0.0000000000
4182  -12.577  -98.588  12.710 0.0000000000
4195  -10.214  -99.129  11.573 0.0000000000
4213  -9.759  -99.285  10.465 0.0000000000
4229  -9.314  -99.386  9.466 0.0000000000
3561  -9.170  -100.047  8.173 0.0000000000
3593  -7.979  -100.851  6.746 0.0000000000
3582  -9.583  -101.231  7.656 0.0000000000
2901  -9.795  -102.082  7.512 0.0000000000
2214  -10.227  -102.715  8.110 0.0000000000
2860  -11.634  -101.219  9.069 0.0000000000
2195  -10.830  -102.307  8.521 0.0000000000
1614  -10.790  -103.476  8.460 0.0000000000
1154  -11.717  -104.420  8.090 0.0000000000
1155  -12.087  -104.665  7.669 0.0000000000
1645  -13.614  -103.627  6.146 0.0000000000
2237  -15.138  -103.014  6.312 0.0000000000
2906  -15.519  -101.759  7.633 0.0000000000
2218  -15.862  -102.768  7.011 0.0000000000
1630  -16.313  -103.655  6.770 0.0000000000
1631  -16.887  -103.706  7.161 0.0000000000
1633  -18.981  -103.808  7.582 0.0000000000
1634  -19.659  -103.516  7.469 0.0000000000
28500  -14.126  -75.770  29.161 0.0000000000
28540  -14.669  -75.362  28.001 0.0000000000
34030  -2.960  -70.128  28.214 0.0000000000
34039  -2.579  -69.850  27.898 0.0000000000
34046  -2.564  -69.964  27.502 0.0000000000
28576  -3.534  -75.207  24.248 0.0000000000
28577  -4.254  -75.121  24.434 0.0000000000
30876  -5.608  -73.692  23.929 0.0000000000
29762  -5.659  -74.568  23.596 0.0000000000
11667  -0.202  -91.442  2.269 0.0000000000
11656  -0.121  -90.932  3.074 0.0000000000
12589  0.019  -90.653  4.156 0.0000000000
12590  -0.585  -90.179  4.505 0.0000000000
11646  -0.146  -91.135  4.983 0.0000000000
11620  -0.355  -91.996  6.684 0.0000000000
11604  -0.125  -91.913  7.886 0.0000000000
11585  0.041  -91.413  8.871 0.0000000000
11586  -0.489  -91.387  8.427 0.0000000000
12550  -1.054  -90.948  8.589 0.0000000000
12536  -1.416  -90.401  9.118 0.0000000000
12552  -2.616  -90.381  8.144 0.0000000000
13490  -2.759  -89.917  9.279 0.0000000000
13469  -1.816  -90.107  9.921 0.0000000000
13449  -2.209  -89.544  10.775 0.0000000000
14462  -2.801  -89.226  11.411 0.0000000000
14436  -3.152  -88.843  12.429 0.0000000000
19857  -9.908  -83.597  12.165 0.0000000000
16545  -9.637  -86.456  13.128 0.0000000000
16536  -9.235  -86.891  13.266 0.0000000000
16538  -10.323  -86.373  13.919 0.0000000000
17630  -10.585  -85.392  14.862 0.0000000000
17619  -10.213  -84.977  15.331 0.0000000000
18691  -10.629  -84.030  15.588 0.0000000000
18690  -9.912  -84.339  15.591 0.0000000000
19824  -9.148  -83.384  15.501 0.0000000000
20886  -9.351  -82.346  15.726 0.0000000000
21945  -8.499  -81.375  15.778 0.0000000000
23013  -8.266  -80.672  15.938 0.0000000000
21930  -8.609  -80.833  15.901 0.0000000000
25196  -8.616  -78.140  16.329 0.0000000000
24062  -10.611  -78.980  16.695 0.0000000000
35103  -15.090  -69.682  30.058 0.0000000000
32943  -17.653  -70.758  30.380 0.0000000000
149033  -19.524  -72.560  28.745 0.0000000000
42930  -16.625  -62.474  28.694 0.0000000000
40798  -17.560  -64.104  25.809 0.0000000000
42937  -17.822  -62.300  27.201 0.0000000000
45417  -15.259  -60.353  24.665 0.0000000000
42949  -8.453  -63.141  25.445 0.0000000000
41833  -8.233  -63.485  25.834 0.0000000000
42947  -7.719  -63.163  25.485 0.0000000000
41831  -7.125  -63.397  25.822 0.0000000000
41830  -6.816  -63.601  25.686 0.0000000000
40833  -6.704  -64.466  24.871 0.0000000000
28361  -9.977  -75.927  36.225 0.0000000000
28382  -8.744  -75.549  35.365 0.0000000000
27235  -8.254  -75.770  35.179 0.0000000000
19490  -0.019  -83.456  36.493 0.0000000000
19507  0.191  -83.309  35.930 0.0000000000
16207  0.720  -86.295  33.631 0.0000000000
16192  0.983  -85.818  34.441 0.0000000000
17324  0.909  -85.361  34.734 0.0000000000
18460  1.190  -84.732  32.752 0.0000000000
18426  1.210  -84.852  34.051 0.0000000000
18427  0.622  -84.561  34.805 0.0000000000
18428  -0.010  -84.022  34.567 0.0000000000
19520  -0.097  -83.543  35.240 0.0000000000
20604  -0.542  -82.460  34.779 0.0000000000
21704  -0.525  -81.753  32.910 0.0000000000
21724  0.582  -81.946  31.481 0.0000000000
20698  0.751  -82.986  29.729 0.0000000000
20697  1.325  -82.567  29.699 0.0000000000
20715  1.974  -82.318  28.728 0.0000000000
20724  2.017  -82.019  27.574 0.0000000000
19655  1.952  -82.331  25.337 0.0000000000
19668  2.017  -82.616  24.488 0.0000000000
18572  1.560  -84.800  24.402 0.0000000000
17474  1.698  -84.738  23.605 0.0000000000
17523  1.535  -85.561  21.026 0.0000000000
16333  -0.887  -86.664  25.651 0.0000000000
16363  -1.264  -86.590  24.251 0.0000000000
16401  -1.199  -86.484  22.950 0.0000000000
15344  -1.151  -87.780  21.957 0.0000000000
16419  -1.039  -86.839  22.039 0.0000000000
16418  -0.276  -86.394  21.444 0.0000000000
16434  0.838  -86.810  20.444 0.0000000000
15357  1.574  -87.250  19.494 0.0000000000
15378  1.819  -87.710  17.980 0.0000000000
14345  1.980  -88.627  17.800 0.0000000000
13339  2.034  -89.353  17.449 0.0000000000
13340  1.680  -89.799  17.816 0.0000000000
12394  1.958  -90.459  17.301 0.0000000000
148997  2.747  -92.241  16.118 0.0000000000
148992  2.664  -92.679  16.190 0.0000000000
1915  -0.759  -102.859  29.722 0.0000000000
2589  -0.282  -101.635  29.655 0.0000000000
3303  0.458  -100.604  27.533 0.0000000000
3285  0.703  -100.579  29.194 0.0000000000
6268  -6.297  -96.316  27.174 0.0000000000
6279  -7.978  -95.712  25.859 0.0000000000
6278  -7.290  -96.184  26.221 0.0000000000
6298  -7.270  -96.879  24.781 0.0000000000
5543  -7.210  -97.179  23.430 0.0000000000
4801  -5.728  -98.326  24.669 0.0000000000
4817  -6.382  -98.384  23.460 0.0000000000
5561  -6.575  -97.710  22.631 0.0000000000
5584  -5.971  -98.117  21.863 0.0000000000
4076  -4.788  -99.538  21.703 0.0000000000
2648  -5.071  -101.698  24.005 0.0000000000
2649  -5.432  -101.435  23.499 0.0000000000
2001  -5.497  -102.448  21.524 0.0000000000
2681  -5.274  -101.406  21.512 0.0000000000
3376  -5.503  -100.717  22.296 0.0000000000
2680  -4.633  -101.080  21.288 0.0000000000
2679  -3.738  -101.063  21.105 0.0000000000
2678  -2.666  -101.185  21.036 0.0000000000
2696  -2.164  -101.958  20.588 0.0000000000
2015  -1.498  -102.714  20.226 0.0000000000
1481  -1.132  -103.270  18.484 0.0000000000
1479  0.272  -103.997  18.400 0.0000000000
1010  1.053  -104.448  18.608 0.0000000000
1023  2.114  -104.842  17.393 0.0000000000
1035  2.552  -104.943  16.360 0.0000000000
652  3.370  -105.485  14.872 0.0000000000
1056  3.620  -105.620  14.049 0.0000000000
1547  3.384  -104.840  13.128 0.0000000000
1549  2.194  -103.547  13.030 0.0000000000
1570  2.894  -103.826  12.160 0.0000000000
706  3.063  -105.882  9.474 0.0000000000
713  3.336  -106.198  9.053 0.0000000000
1060  -1.358  -104.622  14.766 0.0000000000
1059  -0.960  -104.980  13.978 0.0000000000
682  0.399  -105.674  12.422 0.0000000000
357  -0.010  -106.673  13.280 0.0000000000
666  0.200  -106.360  12.869 0.0000000000
699  0.832  -106.073  11.808 0.0000000000
698  1.163  -105.909  10.976 0.0000000000
381  2.292  -106.477  9.515 0.0000000000
388  2.792  -106.579  8.886 0.0000000000
215  2.063  -106.904  8.328 0.0000000000
220  1.625  -106.831  8.057 0.0000000000
725  1.116  -106.050  7.864 0.0000000000
396  -0.008  -106.706  9.094 0.0000000000
718  0.632  -105.932  8.400 0.0000000000
717  1.134  -105.454  8.049 0.0000000000
1140  0.793  -104.760  8.674 0.0000000000
1607  0.618  -103.938  9.162 0.0000000000
2172  -0.120  -103.225  9.454 0.0000000000
627  -11.188  -106.255  16.730 0.0000000000
159  -12.717  -107.302  15.062 0.0000000000
195  -13.032  -107.162  13.068 0.0000000000
353  -13.832  -106.732  14.594 0.0000000000
196  -13.811  -107.060  13.013 0.0000000000
1103  -13.316  -105.055  13.262 0.0000000000
1084  -13.582  -104.337  13.486 0.0000000000
693  -16.265  -105.648  12.842 0.0000000000
1583  -16.867  -104.220  12.464 0.0000000000
1582  -15.740  -104.168  12.628 0.0000000000
1562  -15.328  -103.614  13.020 0.0000000000
2122  -14.123  -102.765  13.829 0.0000000000
2795  -13.846  -101.926  14.201 0.0000000000
2778  -14.077  -101.185  14.372 0.0000000000
3457  -14.389  -100.350  14.501 0.0000000000
4169  -14.892  -99.100  13.961 0.0000000000
4156  -15.548  -99.627  14.216 0.0000000000
4952  -15.020  -98.733  13.331 0.0000000000
3505  -16.988  -100.168  11.215 0.0000000000
27366  -0.647  -76.432  25.494 0.0000000000
28558  -0.719  -75.362  25.502 0.0000000000
28586  -1.499  -74.746  23.808 0.0000000000
27416  -1.716  -75.049  22.196 0.0000000000
28587  -1.845  -74.160  23.612 0.0000000000
27384  -2.656  -74.549  23.434 0.0000000000
27385  -3.057  -75.092  23.707 0.0000000000
28658  -3.100  -74.118  19.805 0.0000000000
28640  -3.621  -74.183  20.197 0.0000000000
27451  -3.962  -75.180  19.719 0.0000000000
27401  -4.627  -76.414  23.736 0.0000000000
27403  -6.710  -76.819  23.111 0.0000000000
6643  2.427  -96.690  -1.949 0.0000000000
7606  2.218  -95.239  -1.963 0.0000000000
8674  1.757  -94.510  -2.471 0.0000000000
8655  2.019  -94.509  -1.604 0.0000000000
9739  0.829  -93.099  -1.237 0.0000000000
10734  0.193  -92.583  -0.080 0.0000000000
10735  -0.468  -91.831  0.182 0.0000000000
9724  -1.613  -93.876  -0.129 0.0000000000
9757  -1.823  -93.070  -1.435 0.0000000000
9778  -1.546  -92.942  -2.152 0.0000000000
11726  -3.017  -91.933  -0.890 0.0000000000
11725  -2.161  -91.908  -1.586 0.0000000000
11736  -1.348  -92.004  -2.158 0.0000000000
11723  -0.735  -91.592  -1.122 0.0000000000
11690  -0.930  -91.273  0.230 0.0000000000
11677  -0.654  -91.381  1.040 0.0000000000
12634  -0.946  -90.609  1.619 0.0000000000
13606  -1.349  -89.782  2.168 0.0000000000
14590  -1.303  -88.162  3.285 0.0000000000
13591  -2.706  -88.967  2.451 0.0000000000
14591  -2.219  -88.105  2.931 0.0000000000
15628  -1.850  -87.479  3.331 0.0000000000
16683  -2.501  -86.759  4.387 0.0000000000
16664  -3.033  -86.573  4.695 0.0000000000
15583  -3.961  -87.186  5.097 0.0000000000
3682  -14.946  -100.229  1.296 0.0000000000
3011  -15.139  -101.310  1.906 0.0000000000
3683  -15.560  -100.686  0.590 0.0000000000
4357  -15.429  -100.087  -0.306 0.0000000000
4375  -15.614  -100.088  -1.360 0.0000000000
3703  -16.385  -100.526  -2.776 0.0000000000
3704  -16.814  -100.887  -3.208 0.0000000000
1729  -16.253  -103.946  -0.316 0.0000000000
1743  -17.233  -103.088  -1.075 0.0000000000
2363  -16.871  -102.420  -1.423 0.0000000000
2366  -19.477  -101.749  -1.226 0.0000000000
2378  -18.236  -101.725  -2.164 0.0000000000
2376  -17.424  -101.846  -2.046 0.0000000000
3049  -17.675  -101.506  -2.767 0.0000000000
3056  -17.920  -101.207  -3.603 0.0000000000
3063  -18.029  -100.766  -4.349 0.0000000000
3717  -18.568  -100.232  -4.320 0.0000000000
4435  -18.832  -99.561  -3.675 0.0000000000
4396  -18.319  -99.345  -2.002 0.0000000000
4378  -19.021  -99.611  -0.849 0.0000000000
4377  -17.632  -99.098  -0.502 0.0000000000
4358  -17.094  -98.858  0.881 0.0000000000
5077  -16.679  -98.327  1.662 0.0000000000
6588  -17.273  -96.757  2.524 0.0000000000
2955  -23.137  -101.127  4.179 0.0000000000
3604  -24.153  -100.405  5.121 0.0000000000
2968  -23.395  -101.116  3.708 0.0000000000
4335  -23.427  -100.300  3.050 0.0000000000
4325  -23.252  -99.652  3.055 0.0000000000
5064  -22.666  -99.493  2.599 0.0000000000
40762  -16.811  -64.475  29.374 0.0000000000
37432  -18.648  -67.749  26.413 0.0000000000
37431  -18.294  -67.155  25.732 0.0000000000
876  -1.220  -104.523  30.299 0.0000000000
901  -0.187  -105.087  28.836 0.0000000000
916  -0.279  -105.219  28.097 0.0000000000
917  -1.077  -104.867  27.541 0.0000000000
521  -0.437  -105.549  27.257 0.0000000000
272  -0.935  -106.822  26.121 0.0000000000
278  -1.655  -107.182  25.690 0.0000000000
89  -1.823  -107.537  24.347 0.0000000000
97  -2.481  -107.772  23.600 0.0000000000
90  -2.876  -107.630  24.509 0.0000000000
91  -3.897  -107.616  24.624 0.0000000000
92  -4.826  -107.503  24.544 0.0000000000
534  -5.152  -105.802  25.701 0.0000000000
282  -5.684  -106.591  25.091 0.0000000000
93  -5.756  -107.209  24.431 0.0000000000
555  -7.195  -105.870  23.490 0.0000000000
1415  -7.212  -103.937  24.508 0.0000000000
562  -7.657  -105.553  22.649 0.0000000000
21978  -1.801  -80.416  12.271 0.0000000000
21979  -2.300  -79.981  11.872 0.0000000000
5862  1.282  -97.938  -3.648 0.0000000000
5847  1.046  -97.187  -3.068 0.0000000000
5835  0.436  -97.260  -2.224 0.0000000000
5823  -0.077  -97.190  -1.199 0.0000000000
6611  -1.694  -96.291  0.140 0.0000000000
5900  -1.960  -97.153  -5.841 0.0000000000
5866  -2.178  -97.190  -4.234 0.0000000000
6663  -2.983  -96.641  -3.180 0.0000000000
6646  -2.423  -96.951  -1.796 0.0000000000
6629  -2.060  -96.731  -0.615 0.0000000000
6612  -2.563  -96.294  0.111 0.0000000000
7570  -3.326  -95.772  0.485 0.0000000000
7550  -4.930  -95.564  1.468 0.0000000000
7573  -5.513  -96.004  0.579 0.0000000000
7506  -7.619  -95.340  3.333 0.0000000000
4450  -16.074  -99.433  -5.048 0.0000000000
5149  -15.591  -99.066  -4.803 0.0000000000
5148  -14.886  -98.619  -4.415 0.0000000000
5158  -14.257  -97.835  -5.243 0.0000000000
5147  -14.012  -97.996  -4.111 0.0000000000
5858  -13.334  -97.579  -3.839 0.0000000000
5874  -11.725  -97.576  -3.476 0.0000000000
6689  -10.672  -96.462  -5.209 0.0000000000
6701  -10.017  -96.221  -5.725 0.0000000000
6716  -12.129  -95.857  -5.794 0.0000000000
7646  -10.224  -95.654  -5.974 0.0000000000
8713  -9.352  -94.810  -6.506 0.0000000000
9811  -8.829  -94.076  -6.076 0.0000000000
7555  -16.858  -96.184  1.102 0.0000000000
6619  -15.952  -96.342  0.690 0.0000000000
6637  -15.086  -96.143  -0.225 0.0000000000
5830  -14.642  -96.320  -0.897 0.0000000000
6670  -14.251  -96.390  -2.501 0.0000000000
6669  -13.727  -95.732  -3.113 0.0000000000
7637  -13.741  -95.090  -3.597 0.0000000000
9764  -15.266  -92.903  -1.339 0.0000000000
10779  -14.935  -92.125  -1.310 0.0000000000
8661  -13.655  -93.884  -1.926 0.0000000000
8691  -13.719  -94.218  -4.024 0.0000000000
8696  -13.093  -93.966  -4.735 0.0000000000
9807  -12.099  -93.821  -4.785 0.0000000000
9791  -11.679  -93.031  -3.263 0.0000000000
9798  -11.347  -93.302  -4.176 0.0000000000
9806  -11.062  -93.751  -4.945 0.0000000000
9805  -10.051  -93.711  -5.162 0.0000000000
9804  -9.112  -93.673  -5.366 0.0000000000
9802  -7.423  -93.840  -5.614 0.0000000000
8701  -7.205  -94.066  -5.167 0.0000000000
7640  -7.266  -94.904  -4.350 0.0000000000
6688  -7.879  -95.651  -4.170 0.0000000000
7625  -8.848  -94.926  -2.642 0.0000000000
5872  -8.651  -96.055  -3.361 0.0000000000
5871  -8.243  -96.484  -3.814 0.0000000000
5854  -8.569  -97.412  -2.980 0.0000000000
5840  -8.495  -97.930  -1.830 0.0000000000
6616  -11.143  -96.512  0.277 0.0000000000
5817  -11.029  -97.297  0.489 0.0000000000
5829  -10.448  -97.731  -0.601 0.0000000000
5109  -9.654  -98.262  -0.562 0.0000000000
5108  -8.780  -98.255  -0.716 0.0000000000
5815  -8.324  -97.981  0.290 0.0000000000
5804  -8.469  -97.777  1.547 0.0000000000
47663  -11.211  -59.150  24.375 0.0000000000
27319  -14.339  -76.208  29.767 0.0000000000
27329  -12.981  -75.610  29.033 0.0000000000
28499  -12.449  -75.317  29.025 0.0000000000
24935  -12.632  -77.980  32.771 0.0000000000
26039  -11.848  -76.468  35.540 0.0000000000
26065  -12.217  -77.236  34.795 0.0000000000
26085  -11.617  -77.537  33.968 0.0000000000
24934  -12.034  -78.077  33.038 0.0000000000
24950  -12.409  -78.201  32.178 0.0000000000
26151  -9.336  -76.177  29.814 0.0000000000
26152  -9.848  -76.291  29.676 0.0000000000
27315  -10.368  -75.407  29.145 0.0000000000
28515  -10.419  -74.728  28.404 0.0000000000
27204  -7.961  -76.906  35.270 0.0000000000
27233  -6.667  -76.221  34.427 0.0000000000
28409  -6.000  -75.074  34.298 0.0000000000
21652  -0.070  -80.826  35.405 0.0000000000
22717  -0.218  -80.704  35.755 0.0000000000
22718  -0.672  -80.580  36.036 0.0000000000
23773  0.128  -79.194  35.172 0.0000000000
23774  -0.557  -79.730  35.710 0.0000000000
26057  -3.909  -77.388  34.555 0.0000000000
26056  -2.865  -77.425  34.824 0.0000000000
26058  -4.985  -77.402  34.501 0.0000000000
27231  -4.435  -76.295  34.220 0.0000000000
28408  -4.944  -75.167  34.127 0.0000000000
29619  -4.370  -74.342  34.145 0.0000000000
30747  -3.519  -73.702  33.782 0.0000000000
149023  -2.078  -72.999  32.563 0.0000000000
30726  -0.231  -72.622  33.220 0.0000000000
149022  -1.041  -73.511  32.542 0.0000000000
149024  -1.760  -73.706  32.494 0.0000000000
11365  2.127  -91.190  23.873 0.0000000000
10404  1.166  -92.542  24.720 0.0000000000
11347  1.832  -91.713  24.325 0.0000000000
11376  2.217  -91.097  23.067 0.0000000000
11377  1.977  -91.278  22.270 0.0000000000
11391  1.593  -91.334  21.283 0.0000000000
11314  -2.836  -91.626  25.916 0.0000000000
11351  -2.095  -90.967  24.651 0.0000000000
12318  -1.775  -90.674  23.902 0.0000000000
12331  -3.563  -90.650  23.531 0.0000000000
12330  -2.554  -90.382  23.288 0.0000000000
12329  -1.486  -90.588  22.937 0.0000000000
12336  -0.392  -91.302  21.843 0.0000000000
11379  0.239  -91.646  21.481 0.0000000000
11408  -0.212  -91.757  19.792 0.0000000000
10473  -0.706  -92.830  17.753 0.0000000000
9448  -2.173  -93.374  18.917 0.0000000000
9464  -1.341  -93.440  17.947 0.0000000000
8415  -0.000  -93.982  16.999 0.0000000000
8414  1.425  -94.417  16.888 0.0000000000
7219  -8.486  -95.083  25.128 0.0000000000
8301  -7.673  -94.294  24.283 0.0000000000
8319  -6.927  -94.623  23.560 0.0000000000
7252  -5.740  -95.699  22.325 0.0000000000
8318  -6.005  -94.499  23.654 0.0000000000
7232  -4.216  -94.994  23.459 0.0000000000
7231  -3.297  -94.897  23.435 0.0000000000
8314  -2.713  -94.764  23.265 0.0000000000
4073  -1.714  -99.391  21.340 0.0000000000
4852  -1.279  -98.269  21.366 0.0000000000
4071  0.626  -99.350  21.602 0.0000000000
4851  -0.058  -98.105  21.917 0.0000000000
6353  -1.939  -96.646  22.199 0.0000000000
6328  -1.796  -96.107  22.865 0.0000000000
7248  -1.563  -95.480  22.819 0.0000000000
8333  -1.379  -95.095  22.493 0.0000000000
8347  -1.233  -95.000  22.123 0.0000000000
7273  -0.748  -95.177  21.751 0.0000000000
7293  -0.293  -95.330  20.720 0.0000000000
6350  1.379  -96.171  21.792 0.0000000000
7271  1.671  -95.638  21.183 0.0000000000
7307  1.268  -95.355  19.446 0.0000000000
7328  1.692  -95.218  18.470 0.0000000000
1146  4.762  -105.279  7.411 0.0000000000
2  -3.121  -108.131  22.831 0.0000000000
11  -2.716  -108.515  21.284 0.0000000000
19  -3.176  -108.620  20.580 0.0000000000
9  -4.782  -108.203  22.005 0.0000000000
20  -4.167  -108.433  20.348 0.0000000000
27  -3.536  -108.574  19.572 0.0000000000
43  -3.078  -108.559  17.486 0.0000000000
51  -3.683  -108.255  16.757 0.0000000000
67  -3.465  -107.863  15.391 0.0000000000
311  -5.785  -106.993  19.132 0.0000000000
324  -5.664  -106.676  17.872 0.0000000000
156  -4.697  -107.338  16.356 0.0000000000
164  -3.801  -107.283  14.663 0.0000000000
175  -3.278  -107.287  13.948 0.0000000000
189  -3.209  -106.932  12.806 0.0000000000
709  -2.528  -105.603  10.771 0.0000000000
1120  -4.100  -104.985  12.052 0.0000000000
1131  -3.068  -105.100  11.153 0.0000000000
1129  -1.762  -104.909  10.311 0.0000000000
1609  -0.808  -104.032  9.949 0.0000000000
2173  -0.949  -102.708  9.599 0.0000000000
2189  -0.246  -102.248  9.060 0.0000000000
150  -11.041  -107.238  16.477 0.0000000000
62  -10.960  -107.894  15.430 0.0000000000
69  -10.078  -108.118  14.604 0.0000000000
193  -10.728  -107.197  13.281 0.0000000000
178  -10.122  -107.640  13.553 0.0000000000
177  -9.452  -107.368  13.491 0.0000000000
367  -8.860  -106.470  12.948 0.0000000000
2112  -11.042  -101.973  14.578 0.0000000000
2118  -10.461  -102.378  14.100 0.0000000000
2117  -9.828  -102.671  13.172 0.0000000000
3488  -9.039  -100.684  12.653 0.0000000000
2814  -8.832  -101.523  12.091 0.0000000000
2137  -6.479  -102.876  12.274 0.0000000000
2150  -4.762  -102.299  11.052 0.0000000000
2161  -4.394  -102.208  10.257 0.0000000000
2177  -4.993  -101.859  9.271 0.0000000000
2160  -3.397  -102.365  10.307 0.0000000000
2190  -1.236  -101.827  8.618 0.0000000000
2872  -0.547  -101.734  8.325 0.0000000000
2918  -0.927  -101.571  6.597 0.0000000000
2246  -1.651  -101.964  5.601 0.0000000000
2264  -2.388  -102.436  4.644 0.0000000000
2231  -8.023  -102.675  6.061 0.0000000000
1657  -7.504  -103.086  5.598 0.0000000000
1640  -6.790  -103.943  5.829 0.0000000000
1169  -8.153  -104.565  7.141 0.0000000000
1167  -6.644  -104.582  6.417 0.0000000000
1698  -13.883  -104.090  2.424 0.0000000000
1255  -14.350  -104.634  1.233 0.0000000000
815  -14.782  -105.095  0.979 0.0000000000
760  -13.722  -106.150  5.585 0.0000000000
433  -14.115  -106.187  5.093 0.0000000000
747  -15.734  -105.417  5.771 0.0000000000
434  -14.985  -106.199  5.025 0.0000000000
464  -14.133  -105.921  3.663 0.0000000000
788  -14.700  -105.779  3.069 0.0000000000
804  -15.115  -105.582  2.335 0.0000000000
817  -15.553  -104.985  1.163 0.0000000000
1242  -16.576  -104.657  1.547 0.0000000000
1692  -16.981  -103.852  3.525 0.0000000000
2295  -17.477  -102.382  2.324 0.0000000000
1635  -20.524  -103.181  7.840 0.0000000000
31841  -13.931  -71.897  31.949 0.0000000000
30784  -13.971  -72.520  31.110 0.0000000000
30785  -14.485  -72.804  30.688 0.0000000000
30786  -15.324  -72.718  30.193 0.0000000000
30815  -19.446  -73.729  28.503 0.0000000000
38617  -5.894  -65.779  26.432 0.0000000000
39738  -6.391  -64.933  25.885 0.0000000000
39759  -6.405  -65.077  25.365 0.0000000000
39780  -6.614  -65.371  24.680 0.0000000000
28547  -0.569  -74.729  26.270 0.0000000000
30819  -0.656  -73.212  26.936 0.0000000000
30820  -0.881  -72.795  26.781 0.0000000000
30840  -1.151  -73.302  25.660 0.0000000000
31916  -1.306  -72.764  26.189 0.0000000000
31905  -1.514  -71.888  26.956 0.0000000000
32994  -2.151  -71.215  26.875 0.0000000000
34056  -2.720  -70.291  26.874 0.0000000000
35137  -3.228  -69.593  26.636 0.0000000000
31919  -4.005  -72.015  25.351 0.0000000000
31920  -5.068  -72.233  25.298 0.0000000000
32996  -3.765  -71.192  25.777 0.0000000000
36250  -4.424  -68.349  25.689 0.0000000000
37461  -4.963  -67.497  24.919 0.0000000000
36269  -5.450  -68.330  24.321 0.0000000000
39782  -7.637  -65.309  23.402 0.0000000000
11666  0.451  -92.042  2.634 0.0000000000
14477  -0.118  -88.224  9.279 0.0000000000
18741  -0.170  -84.329  9.281 0.0000000000
19890  -0.778  -83.592  9.687 0.0000000000
19873  -1.825  -82.870  9.974 0.0000000000
17645  -1.746  -84.317  10.848 0.0000000000
18725  -2.067  -83.163  10.302 0.0000000000
19856  -1.822  -82.403  10.577 0.0000000000
22004  -3.385  -80.149  11.890 0.0000000000
12673  -8.137  -90.123  -0.080 0.0000000000
14636  -7.920  -89.370  -0.179 0.0000000000
14622  -7.639  -88.927  0.176 0.0000000000
15647  -7.135  -87.818  1.593 0.0000000000
15632  -6.340  -87.271  2.226 0.0000000000
16733  -5.572  -86.840  2.938 0.0000000000
15617  -7.534  -87.170  2.998 0.0000000000
16710  -6.701  -86.923  3.537 0.0000000000
16709  -5.881  -86.617  3.506 0.0000000000
15600  -5.145  -86.525  4.548 0.0000000000
15584  -5.026  -87.038  4.961 0.0000000000
14531  -8.749  -88.065  6.591 0.0000000000
15522  -9.217  -87.566  9.421 0.0000000000
14515  -8.606  -88.522  7.621 0.0000000000
14530  -7.728  -88.510  6.617 0.0000000000
14529  -6.720  -88.676  6.224 0.0000000000
13526  -5.494  -89.300  6.468 0.0000000000
13505  -5.640  -89.306  8.472 0.0000000000
13493  -5.250  -89.156  9.284 0.0000000000
14482  -6.554  -88.953  10.644 0.0000000000
13451  -5.243  -89.073  10.792 0.0000000000
14480  -4.408  -89.171  10.799 0.0000000000
14437  -4.196  -88.914  12.474 0.0000000000
14421  -3.561  -88.516  13.283 0.0000000000
15456  -8.719  -87.475  13.632 0.0000000000
14409  -7.770  -88.111  14.517 0.0000000000
14408  -6.902  -88.272  14.411 0.0000000000
16513  -7.398  -86.195  15.479 0.0000000000
15427  -6.539  -87.186  15.332 0.0000000000
15443  -6.205  -87.755  14.974 0.0000000000
15442  -5.185  -87.588  14.795 0.0000000000
15441  -4.029  -87.326  14.413 0.0000000000
15454  -3.188  -87.677  13.773 0.0000000000
16535  -3.028  -86.539  13.888 0.0000000000
18705  -3.664  -84.773  13.635 0.0000000000
18694  -3.312  -83.731  13.562 0.0000000000
19834  -4.041  -83.357  14.201 0.0000000000
19833  -3.284  -83.182  13.610 0.0000000000
20909  -3.394  -81.982  13.123 0.0000000000
22005  -3.862  -80.613  12.365 0.0000000000
24130  -3.524  -79.201  12.480 0.0000000000
24113  -3.994  -78.603  12.777 0.0000000000
25255  -5.253  -78.680  13.907 0.0000000000
25238  -5.122  -77.982  14.229 0.0000000000
25216  -4.730  -77.428  14.861 0.0000000000
24058  -4.185  -77.859  16.089 0.0000000000
24035  -3.951  -78.607  17.723 0.0000000000
22994  -7.789  -79.719  15.928 0.0000000000
25219  -7.092  -78.848  15.733 0.0000000000
26350  -7.149  -77.843  16.913 0.0000000000
24048  -5.441  -78.922  17.013 0.0000000000
24036  -4.864  -79.218  17.707 0.0000000000
24024  -4.445  -78.943  18.514 0.0000000000
25131  -5.120  -78.830  19.803 0.0000000000
25111  -5.465  -78.869  20.642 0.0000000000
25112  -6.102  -79.183  21.284 0.0000000000
25091  -6.176  -78.562  22.103 0.0000000000
25092  -7.104  -78.722  22.504 0.0000000000
26250  -7.261  -77.725  23.009 0.0000000000
27420  -7.555  -76.530  22.869 0.0000000000
0  -1.852  -107.983  22.770 0.0000000000
1  -2.139  -108.102  22.826 0.0000000000
3  -4.207  -107.947  23.262 0.0000000000
6  -2.468  -108.321  22.073 0.0000000000
7  -3.205  -108.449  21.840 0.0000000000
12  -3.210  -108.581  21.238 0.0000000000
14  -4.852  -108.197  21.175 0.0000000000
17  -2.198  -108.141  20.885 0.0000000000
25  -2.385  -108.244  20.426 0.0000000000
28  -4.174  -108.389  19.535 0.0000000000
33  -2.031  -108.201  17.467 0.0000000000
35  -3.227  -108.590  18.581 0.0000000000
42  -2.414  -108.356  17.148 0.0000000000
47  -10.211  -108.132  16.940 0.0000000000
49  -2.305  -108.381  16.313 0.0000000000
53  -10.005  -108.395  16.353 0.0000000000
54  -10.804  -107.909  16.188 0.0000000000
55  -11.363  -107.751  15.595 0.0000000000
56  -1.569  -107.794  15.432 0.0000000000
59  -3.466  -108.181  16.030 0.0000000000
64  -1.864  -107.765  14.821 0.0000000000
65  -2.303  -107.819  14.759 0.0000000000
66  -2.960  -107.764  14.728 0.0000000000
68  -9.488  -107.845  14.729 0.0000000000
70  -10.922  -107.849  14.766 0.0000000000
71  -11.681  -107.684  14.670 0.0000000000
72  -12.018  -107.611  14.518 0.0000000000
74  -2.399  -107.630  14.281 0.0000000000
76  -10.102  -107.936  13.983 0.0000000000
78  -11.480  -107.709  14.157 0.0000000000
81  -1.048  -107.224  25.665 0.0000000000
82  -0.542  -107.189  25.074 0.0000000000
83  -1.178  -107.397  25.146 0.0000000000
84  -2.232  -107.515  25.166 0.0000000000
85  -3.290  -107.489  25.221 0.0000000000
86  -4.283  -107.377  25.211 0.0000000000
87  -5.100  -107.196  25.066 0.0000000000
103  -1.251  -107.194  23.110 0.0000000000
110  -2.217  -107.686  21.192 0.0000000000
115  -2.168  -107.901  20.881 0.0000000000
117  -2.504  -107.741  19.936 0.0000000000
118  -5.825  -107.778  21.002 0.0000000000
126  -5.465  -107.475  19.822 0.0000000000
132  -4.510  -108.045  18.280 0.0000000000
137  -1.647  -107.662  16.856 0.0000000000
139  -4.417  -108.006  17.682 0.0000000000
145  -1.068  -107.205  15.643 0.0000000000
152  -12.379  -107.270  15.614 0.0000000000
155  -4.158  -107.628  15.866 0.0000000000
158  -11.975  -107.617  15.184 0.0000000000
163  -3.342  -107.442  14.441 0.0000000000
166  -9.693  -107.804  14.031 0.0000000000
167  -12.017  -107.615  14.739 0.0000000000
168  -12.359  -107.542  14.556 0.0000000000
169  -13.397  -107.189  14.419 0.0000000000
170  -13.980  -107.053  13.750 0.0000000000
171  0.266  -107.005  12.735 0.0000000000
179  -10.662  -107.578  13.594 0.0000000000
181  -12.382  -107.543  13.797 0.0000000000
182  -13.492  -107.285  13.489 0.0000000000
183  -14.142  -107.045  13.252 0.0000000000
190  -3.673  -106.820  13.414 0.0000000000
191  -9.184  -107.001  13.002 0.0000000000
192  -9.801  -107.152  13.027 0.0000000000
197  -14.364  -106.830  12.913 0.0000000000
198  -14.899  -106.589  12.987 0.0000000000
199  0.907  -107.053  10.565 0.0000000000
209  -2.072  -106.825  11.130 0.0000000000
210  2.051  -106.949  8.669 0.0000000000
213  -0.290  -107.082  9.638 0.0000000000
216  1.690  -106.982  8.431 0.0000000000
218  0.327  -107.045  9.008 0.0000000000
219  2.180  -106.815  8.094 0.0000000000
221  1.261  -106.802  8.081 0.0000000000
238  -11.054  -107.159  6.557 0.0000000000
249  -11.382  -106.852  5.820 0.0000000000
250  -12.108  -106.785  5.557 0.0000000000
257  -11.755  -106.643  5.209 0.0000000000
271  -0.195  -106.737  25.909 0.0000000000
276  0.499  -106.184  25.706 0.0000000000
277  0.005  -106.783  25.264 0.0000000000
286  -5.959  -106.879  24.659 0.0000000000
289  -0.805  -106.803  23.704 0.0000000000
291  -1.751  -106.658  22.838 0.0000000000
292  -6.458  -107.057  23.814 0.0000000000
294  -1.193  -106.926  23.120 0.0000000000
296  -2.168  -106.782  22.369 0.0000000000
301  -2.506  -107.198  21.471 0.0000000000
305  -2.424  -107.556  20.869 0.0000000000
309  -2.728  -107.448  19.053 0.0000000000
312  -6.488  -107.023  19.494 0.0000000000
318  -5.711  -106.881  18.623 0.0000000000
319  -6.313  -106.654  18.709 0.0000000000
322  -1.684  -107.004  16.959 0.0000000000
326  -7.830  -106.692  17.555 0.0000000000
329  -10.725  -106.772  16.872 0.0000000000
331  -1.296  -106.893  16.167 0.0000000000
337  -11.136  -106.803  16.618 0.0000000000
338  -11.599  -106.805  16.481 0.0000000000
341  -0.969  -106.517  15.401 0.0000000000
344  -5.121  -106.598  15.742 0.0000000000
346  -12.941  -106.869  15.511 0.0000000000
347  -13.790  -106.350  15.174 0.0000000000
348  -14.403  -106.115  14.772 0.0000000000
350  -4.625  -106.685  14.737 0.0000000000
354  -14.320  -106.570  14.259 0.0000000000
355  -14.918  -106.130  14.127 0.0000000000
356  0.253  -106.711  12.825 0.0000000000
360  -8.974  -106.828  13.526 0.0000000000
361  -14.437  -106.773  13.550 0.0000000000
364  0.505  -106.576  12.356 0.0000000000
365  -3.551  -106.608  12.441 0.0000000000
369  -10.196  -106.560  12.859 0.0000000000
371  -12.673  -106.570  12.976 0.0000000000
373  -14.752  -106.441  12.721 0.0000000000
374  -15.442  -106.154  12.918 0.0000000000
378  -2.561  -106.668  11.430 0.0000000000
380  -3.849  -106.224  12.171 0.0000000000
382  1.682  -106.700  9.898 0.0000000000
383  -1.487  -106.526  10.304 0.0000000000
385  -2.986  -106.183  11.117 0.0000000000
392  3.909  -105.855  8.363 0.0000000000
393  3.297  -106.419  8.189 0.0000000000
394  2.515  -106.755  8.154 0.0000000000
395  0.433  -106.699  8.625 0.0000000000
400  1.539  -106.432  7.683 0.0000000000
401  0.857  -106.521  8.240 0.0000000000
406  -8.638  -106.527  7.648 0.0000000000
407  -9.466  -106.404  7.802 0.0000000000
411  3.761  -105.923  7.078 0.0000000000
413  2.874  -106.166  6.828 0.0000000000
418  -11.748  -106.895  6.801 0.0000000000
420  -13.311  -106.317  5.838 0.0000000000
431  -12.624  -106.614  5.456 0.0000000000
435  -15.644  -106.089  5.020 0.0000000000
446  -11.751  -106.205  4.682 0.0000000000
448  -13.635  -106.140  4.538 0.0000000000
449  -14.580  -106.117  4.424 0.0000000000
465  -14.937  -105.992  3.788 0.0000000000
473  -14.180  -105.794  2.990 0.0000000000
508  -0.066  -105.034  29.084 0.0000000000
516  0.434  -105.011  28.484 0.0000000000
518  1.168  -104.891  27.274 0.0000000000
519  0.801  -105.059  27.642 0.0000000000
523  0.646  -105.690  26.520 0.0000000000
524  -0.149  -106.214  26.626 0.0000000000
528  -4.344  -105.823  25.921 0.0000000000
532  1.023  -105.225  26.276 0.0000000000
536  -6.239  -105.443  24.944 0.0000000000
541  0.501  -105.816  25.303 0.0000000000
542  0.216  -105.869  24.830 0.0000000000
546  -6.770  -105.785  24.158 0.0000000000
552  -1.021  -106.191  23.850 0.0000000000
559  -2.595  -106.312  22.461 0.0000000000
561  -4.091  -105.319  21.836 0.0000000000
568  -3.554  -106.121  21.473 0.0000000000
576  -3.630  -106.295  20.811 0.0000000000
583  -3.691  -106.254  19.614 0.0000000000
584  -4.468  -105.274  19.608 0.0000000000
591  3.195  -105.343  17.620 0.0000000000
592  2.948  -105.430  17.441 0.0000000000
593  -2.867  -106.516  18.025 0.0000000000
610  -11.374  -105.346  17.112 0.0000000000
618  3.418  -105.481  16.286 0.0000000000
622  -3.052  -105.057  17.027 0.0000000000
629  -12.784  -105.749  16.577 0.0000000000
637  3.165  -105.478  15.479 0.0000000000
646  -14.820  -105.514  15.259 0.0000000000
651  3.628  -105.635  14.635 0.0000000000
653  -0.743  -105.763  14.232 0.0000000000
654  -1.184  -105.380  14.620 0.0000000000
655  -5.665  -105.535  14.959 0.0000000000
656  -6.083  -105.100  15.204 0.0000000000
671  -10.759  -105.211  13.110 0.0000000000
672  -11.455  -105.065  13.363 0.0000000000
676  -17.375  -105.139  13.530 0.0000000000
683  -0.006  -104.981  12.744 0.0000000000
686  -9.637  -105.819  12.614 0.0000000000
690  -13.534  -105.908  12.899 0.0000000000
701  -3.995  -105.641  12.060 0.0000000000
702  -16.842  -105.084  12.715 0.0000000000
703  -17.132  -104.908  12.813 0.0000000000
708  -1.896  -105.934  10.389 0.0000000000
710  -3.057  -105.659  11.071 0.0000000000
712  3.737  -105.852  9.148 0.0000000000
719  0.043  -106.082  9.018 0.0000000000
720  -10.423  -105.512  8.144 0.0000000000
721  -10.734  -105.220  8.232 0.0000000000
722  -11.003  -104.870  8.344 0.0000000000
723  4.199  -105.701  7.671 0.0000000000
732  -10.702  -105.836  8.050 0.0000000000
736  3.474  -105.771  6.355 0.0000000000
744  -12.729  -105.882  6.750 0.0000000000
751  3.453  -105.252  5.906 0.0000000000
762  -15.326  -105.907  5.426 0.0000000000
763  -16.168  -105.813  5.251 0.0000000000
774  -15.830  -105.859  4.101 0.0000000000
786  -12.212  -105.690  4.223 0.0000000000
791  -16.696  -105.089  3.374 0.0000000000
801  -13.103  -105.367  3.324 0.0000000000
806  -16.588  -104.976  2.811 0.0000000000
810  -14.119  -105.084  1.640 0.0000000000
811  -14.739  -105.368  1.545 0.0000000000
812  -15.406  -105.288  1.563 0.0000000000
813  -15.876  -104.963  1.454 0.0000000000
814  -14.521  -105.027  1.095 0.0000000000
816  -15.222  -105.061  0.997 0.0000000000
875  -0.747  -104.592  29.965 0.0000000000
885  0.269  -104.778  28.932 0.0000000000
886  -0.407  -104.705  29.419 0.0000000000
914  1.217  -104.459  27.279 0.0000000000
915  0.797  -104.453  27.916 0.0000000000
926  -1.470  -105.096  26.911 0.0000000000
927  -2.019  -105.169  26.641 0.0000000000
928  -2.890  -105.039  26.384 0.0000000000
937  1.177  -104.679  26.426 0.0000000000
939  0.424  -104.588  25.737 0.0000000000
941  -4.752  -105.255  25.933 0.0000000000
949  -0.010  -105.126  25.145 0.0000000000
953  -6.604  -104.950  24.591 0.0000000000
961  -4.527  -103.974  22.831 0.0000000000
967  -3.751  -105.014  22.787 0.0000000000
969  -7.676  -104.914  22.887 0.0000000000
977  -4.528  -104.988  21.335 0.0000000000
987  -4.837  -104.794  20.424 0.0000000000
997  0.759  -104.252  18.992 0.0000000000
999  -5.279  -103.576  19.662 0.0000000000
1011  -3.910  -105.065  17.965 0.0000000000
1012  -4.483  -104.757  18.571 0.0000000000
1013  -5.146  -103.997  18.948 0.0000000000
1024  1.133  -104.400  17.716 0.0000000000
1026  -4.571  -104.210  17.994 0.0000000000
1036  1.463  -104.214  16.601 0.0000000000
1038  -2.690  -104.347  16.331 0.0000000000
1046  -2.210  -104.459  15.755 0.0000000000
1048  -7.851  -104.648  15.293 0.0000000000
1057  3.142  -105.157  14.466 0.0000000000
1061  -5.760  -104.784  14.441 0.0000000000
1062  -6.319  -104.608  14.898 0.0000000000
1063  -7.355  -104.110  14.599 0.0000000000
1073  3.606  -105.340  13.461 0.0000000000
1075  0.298  -103.988  12.866 0.0000000000
1078  -5.562  -104.439  13.981 0.0000000000
1082  -11.665  -104.357  13.735 0.0000000000
1085  -13.995  -104.665  13.249 0.0000000000
1097  -4.276  -104.670  12.549 0.0000000000
1102  -12.611  -105.031  13.411 0.0000000000
1106  -16.483  -104.872  12.510 0.0000000000
1117  0.869  -105.205  11.510 0.0000000000
1119  -3.673  -104.624  11.838 0.0000000000
1123  -16.984  -104.790  12.663 0.0000000000
1124  -17.361  -104.780  12.817 0.0000000000
1130  -2.487  -104.739  10.869 0.0000000000
1135  -0.200  -104.982  9.176 0.0000000000
1142  -10.256  -105.185  8.197 0.0000000000
1144  -11.246  -104.384  8.346 0.0000000000
1148  2.085  -104.461  7.219 0.0000000000
1149  -7.069  -105.000  7.050 0.0000000000
1151  -8.601  -104.874  7.549 0.0000000000
1157  -18.517  -104.330  7.050 0.0000000000
1158  -19.231  -103.999  7.078 0.0000000000
1159  -19.404  -103.782  7.110 0.0000000000
1161  4.675  -105.165  6.627 0.0000000000
1162  2.595  -104.450  6.439 0.0000000000
1163  2.260  -104.718  6.748 0.0000000000
1168  -7.608  -104.447  6.840 0.0000000000
1176  -18.884  -104.068  6.649 0.0000000000
1181  3.288  -104.732  5.819 0.0000000000
1187  -6.128  -104.041  5.587 0.0000000000
1191  -18.422  -104.286  6.002 0.0000000000
1201  -5.073  -103.458  4.768 0.0000000000
1227  -13.276  -104.979  2.891 0.0000000000
1228  -13.552  -104.855  2.440 0.0000000000
1229  -16.551  -104.877  2.225 0.0000000000
1241  -14.105  -104.573  1.721 0.0000000000
1244  -18.120  -103.874  1.054 0.0000000000
1271  -15.815  -104.292  0.074 0.0000000000
1342  -0.594  -104.507  29.828 0.0000000000
1354  0.044  -104.520  29.301 0.0000000000
1355  -0.367  -104.082  29.752 0.0000000000
1356  -0.727  -103.888  30.234 0.0000000000
1364  -0.296  -103.512  29.273 0.0000000000
1376  1.212  -103.829  27.167 0.0000000000
1381  -3.745  -103.268  27.368 0.0000000000
1387  1.216  -103.898  26.753 0.0000000000
1388  1.098  -103.813  26.686 0.0000000000
1389  -0.132  -103.067  26.292 0.0000000000
1390  -0.364  -103.258  26.224 0.0000000000
1391  -2.357  -104.617  26.815 0.0000000000
1399  1.198  -104.277  26.545 0.0000000000
1401  0.084  -103.605  26.156 0.0000000000
1410  -1.732  -104.100  25.222 0.0000000000
1420  -5.357  -102.736  22.760 0.0000000000
1437  -4.868  -104.285  21.694 0.0000000000
1462  1.125  -103.974  20.120 0.0000000000
1464  -0.635  -103.554  19.041 0.0000000000
1465  -1.323  -103.128  18.991 0.0000000000
1466  -5.226  -102.893  19.684 0.0000000000
1480  -0.633  -103.545  18.216 0.0000000000
1493  0.491  -103.967  17.445 0.0000000000
1497  -4.387  -103.678  17.795 0.0000000000
1510  -2.555  -103.597  16.430 0.0000000000
1511  -3.245  -103.703  16.751 0.0000000000
1532  2.685  -104.135  13.908 0.0000000000
1536  -1.508  -103.914  15.044 0.0000000000
1552  -5.214  -103.766  13.412 0.0000000000
1573  -3.978  -103.475  12.212 0.0000000000
1575  -6.059  -102.964  12.979 0.0000000000
1596  -6.876  -103.063  12.055 0.0000000000
1600  -17.058  -104.627  12.583 0.0000000000
1603  -1.588  -103.977  10.334 0.0000000000
1613  1.060  -103.876  8.881 0.0000000000
1615  -11.802  -103.612  8.222 0.0000000000
1623  2.537  -103.726  7.029 0.0000000000
1624  2.192  -103.758  7.618 0.0000000000
1627  -10.139  -103.426  7.948 0.0000000000
1628  -12.002  -104.145  7.934 0.0000000000
1643  -9.317  -103.353  7.281 0.0000000000
1644  -12.739  -103.366  6.789 0.0000000000
1649  -19.037  -103.803  6.686 0.0000000000
1656  -6.818  -103.313  5.434 0.0000000000
1671  -4.684  -103.045  4.648 0.0000000000
1678  -16.949  -103.226  4.440 0.0000000000
1708  -14.669  -103.404  1.674 0.0000000000
1710  -18.675  -103.489  0.801 0.0000000000
1717  -14.324  -104.257  1.456 0.0000000000
1718  -14.635  -103.959  1.025 0.0000000000
1721  -18.152  -103.662  0.193 0.0000000000
1728  -15.834  -103.803  -0.308 0.0000000000
1730  -16.962  -103.717  -0.318 0.0000000000
1742  -16.460  -103.372  -0.730 0.0000000000
1902  -1.022  -102.512  30.357 0.0000000000
1935  1.044  -103.577  27.261 0.0000000000
1936  0.764  -103.122  27.273 0.0000000000
1937  -3.454  -103.148  27.808 0.0000000000
1947  1.144  -103.451  27.000 0.0000000000
1957  0.445  -103.356  26.422 0.0000000000
1958  0.105  -103.150  26.278 0.0000000000
1959  -1.631  -102.670  26.180 0.0000000000
1968  -3.315  -102.799  25.101 0.0000000000
1970  -4.740  -102.254  24.083 0.0000000000
1976  -5.161  -102.178  23.592 0.0000000000
1988  -5.461  -102.401  22.388 0.0000000000
2012  1.044  -102.619  21.155 0.0000000000
2014  -0.463  -102.817  20.536 0.0000000000
2018  -4.372  -102.207  19.868 0.0000000000
2035  -4.676  -102.526  19.415 0.0000000000
2052  -2.497  -102.628  18.454 0.0000000000
2055  -5.046  -102.708  19.082 0.0000000000
2069  -2.104  -102.852  17.880 0.0000000000
2070  -2.749  -102.662  17.647 0.0000000000
2071  -3.544  -102.989  17.314 0.0000000000
2111  -10.678  -101.937  14.435 0.0000000000
2113  -11.858  -101.976  14.669 0.0000000000
2114  -12.593  -101.929  14.591 0.0000000000
2119  -11.471  -102.691  14.335 0.0000000000
2135  -4.676  -102.614  11.966 0.0000000000
2140  -16.521  -103.446  12.738 0.0000000000
2149  -3.861  -102.624  11.389 0.0000000000
2171  0.345  -103.532  9.277 0.0000000000
2178  -5.693  -101.738  9.785 0.0000000000
2187  1.742  -102.674  8.305 0.0000000000
2188  0.821  -102.959  8.963 0.0000000000
2193  -4.567  -101.727  8.215 0.0000000000
2197  -12.150  -102.664  8.076 0.0000000000
2199  -17.188  -102.431  8.512 0.0000000000
2207  2.755  -102.720  6.977 0.0000000000
2213  -9.729  -103.029  7.590 0.0000000000
2215  -12.514  -102.812  7.349 0.0000000000
2217  -14.984  -102.461  6.550 0.0000000000
2225  3.684  -103.005  5.748 0.0000000000
2226  3.252  -102.528  6.294 0.0000000000
2228  -2.403  -101.834  6.482 0.0000000000
2230  -4.365  -101.756  6.569 0.0000000000
2234  -12.787  -102.855  6.943 0.0000000000
2244  0.067  -101.705  5.017 0.0000000000
2249  -4.809  -102.061  5.620 0.0000000000
2251  -6.455  -102.515  5.367 0.0000000000
2252  -7.191  -102.499  5.603 0.0000000000
2265  -3.413  -102.486  4.807 0.0000000000
2267  -5.021  -102.622  5.030 0.0000000000
2268  -5.470  -102.754  4.921 0.0000000000
2292  -14.123  -103.333  2.684 0.0000000000
2293  -14.531  -102.766  2.433 0.0000000000
2294  -16.721  -101.923  2.960 0.0000000000
2299  -21.159  -102.152  1.496 0.0000000000
2314  -19.829  -102.919  0.971 0.0000000000
2316  -21.214  -102.100  1.193 0.0000000000
2330  -15.340  -103.083  0.655 0.0000000000
2332  -20.398  -102.322  0.420 0.0000000000
2347  -18.348  -102.669  -0.832 0.0000000000
2362  -16.294  -103.026  -0.885 0.0000000000
2364  -17.580  -102.297  -1.582 0.0000000000
2365  -18.425  -101.936  -1.638 0.0000000000
2377  -17.927  -101.801  -2.164 0.0000000000
2572  -0.613  -101.791  30.490 0.0000000000
2573  -1.109  -102.249  30.801 0.0000000000
2630  -2.101  -102.015  26.162 0.0000000000
2633  -4.344  -100.738  25.103 0.0000000000
2640  -4.229  -101.592  24.951 0.0000000000
2695  -1.565  -102.185  20.707 0.0000000000
2774  -10.604  -101.446  14.512 0.0000000000
2775  -11.376  -101.255  14.842 0.0000000000
2793  -9.796  -101.918  13.557 0.0000000000
2794  -10.046  -101.492  14.036 0.0000000000
2815  -9.340  -101.887  12.757 0.0000000000
2827  -8.946  -102.357  11.967 0.0000000000
2840  -6.162  -101.647  9.934 0.0000000000
2856  -6.108  -101.343  9.263 0.0000000000
2858  -10.942  -101.002  9.089 0.0000000000
2859  -11.148  -101.229  9.069 0.0000000000
2861  -15.690  -100.946  9.042 0.0000000000
2873  -0.945  -101.690  8.240 0.0000000000
2875  -5.425  -101.496  8.472 0.0000000000
2877  -9.979  -101.445  8.113 0.0000000000
2879  -11.343  -101.730  8.814 0.0000000000
2885  -17.367  -102.032  9.023 0.0000000000
2896  -0.963  -101.622  7.808 0.0000000000
2897  -4.862  -101.577  7.258 0.0000000000
2898  -5.466  -101.317  7.449 0.0000000000
2900  -9.214  -101.523  7.194 0.0000000000
2902  -10.271  -101.973  8.226 0.0000000000
2905  -14.541  -101.757  6.995 0.0000000000
2914  3.152  -101.827  6.056 0.0000000000
2915  2.434  -101.440  6.365 0.0000000000
2921  -6.216  -101.223  6.667 0.0000000000
2923  -8.580  -101.634  6.546 0.0000000000
2926  -13.868  -102.055  6.563 0.0000000000
2932  3.276  -101.996  5.407 0.0000000000
2936  -0.267  -101.519  5.723 0.0000000000
2937  -0.908  -101.659  5.705 0.0000000000
2939  -5.536  -101.598  5.912 0.0000000000
2954  -22.801  -101.316  4.050 0.0000000000
3012  -15.517  -101.593  1.157 0.0000000000
3026  -21.507  -101.431  0.566 0.0000000000
3036  -20.531  -101.424  -0.622 0.0000000000
3043  -18.627  -101.612  -2.110 0.0000000000
3048  -17.119  -101.484  -2.457 0.0000000000
3052  -19.741  -100.736  -2.046 0.0000000000
3055  -17.315  -101.095  -3.459 0.0000000000
3058  -19.056  -100.580  -3.245 0.0000000000
3062  -17.498  -100.856  -4.199 0.0000000000
3064  -18.355  -100.518  -4.315 0.0000000000
3297  0.580  -100.680  28.250 0.0000000000
3316  0.147  -100.802  26.962 0.0000000000
3318  -1.621  -100.356  26.523 0.0000000000
3329  -2.422  -100.305  26.299 0.0000000000
3345  -5.358  -100.428  24.166 0.0000000000
3386  2.577  -100.459  22.430 0.0000000000
3455  -12.660  -100.512  14.923 0.0000000000
3487  -8.443  -100.835  11.736 0.0000000000
3504  -7.935  -101.064  11.127 0.0000000000
3522  -7.107  -100.825  9.981 0.0000000000
3523  -15.927  -100.448  10.047 0.0000000000
3524  -16.456  -100.448  10.506 0.0000000000
3539  -6.472  -100.985  9.191 0.0000000000
3540  -6.895  -100.671  9.393 0.0000000000
3541  -10.732  -100.686  9.098 0.0000000000
3544  -12.902  -100.114  9.006 0.0000000000
3547  -16.394  -100.842  9.887 0.0000000000
3560  -7.311  -100.171  8.446 0.0000000000
3562  -9.808  -100.622  8.291 0.0000000000
3565  -13.650  -100.409  8.378 0.0000000000
3581  -8.901  -100.636  7.380 0.0000000000
3583  -13.702  -100.817  7.820 0.0000000000
3584  -14.186  -100.822  7.705 0.0000000000
3591  -6.578  -100.861  7.251 0.0000000000
3621  -22.949  -100.842  4.647 0.0000000000
3622  -23.734  -100.777  4.486 0.0000000000
3623  -24.180  -100.174  4.576 0.0000000000
3643  -21.658  -101.382  3.616 0.0000000000
3644  -23.831  -100.426  3.858 0.0000000000
3667  -23.467  -100.810  3.172 0.0000000000
3675  -14.684  -100.357  2.235 0.0000000000
3676  -15.226  -100.803  1.460 0.0000000000
3684  -21.122  -100.643  -0.174 0.0000000000
3685  -21.470  -100.760  0.295 0.0000000000
3692  -21.202  -100.941  -0.189 0.0000000000
3705  -19.599  -100.511  -2.333 0.0000000000
3706  -19.771  -100.511  -1.987 0.0000000000
3711  -18.929  -100.199  -3.629 0.0000000000
3715  -17.495  -100.402  -5.073 0.0000000000
3716  -18.230  -100.359  -4.802 0.0000000000
3723  -18.145  -99.897  -5.362 0.0000000000
3992  0.902  -100.098  28.823 0.0000000000
3993  0.460  -99.703  28.583 0.0000000000
4001  0.210  -99.805  27.674 0.0000000000
4006  -0.241  -100.047  27.113 0.0000000000
4009  -2.885  -99.099  26.481 0.0000000000
4018  -5.297  -98.732  24.985 0.0000000000
4043  -6.242  -99.013  23.088 0.0000000000
4058  -5.710  -99.701  22.559 0.0000000000
4070  1.512  -99.483  22.055 0.0000000000
4077  -5.416  -99.500  21.953 0.0000000000
4151  -10.591  -99.989  14.355 0.0000000000
4154  -13.776  -99.513  14.497 0.0000000000
4155  -14.691  -99.638  14.337 0.0000000000
4157  -16.394  -99.611  14.059 0.0000000000
4168  -14.244  -99.120  14.190 0.0000000000
4170  -15.711  -99.133  13.714 0.0000000000
4181  -11.892  -98.800  12.659 0.0000000000
4192  -7.666  -100.200  10.398 0.0000000000
4198  -13.928  -98.735  11.217 0.0000000000
4201  -16.622  -99.591  11.631 0.0000000000
4212  -8.674  -99.411  10.326 0.0000000000
4246  -8.048  -99.691  8.617 0.0000000000
4247  -8.853  -99.610  8.695 0.0000000000
4248  -9.660  -99.857  8.757 0.0000000000
4251  -14.346  -100.180  8.777 0.0000000000
4264  -8.452  -99.919  8.014 0.0000000000
4326  -23.759  -99.844  3.643 0.0000000000
4327  -24.090  -99.945  4.174 0.0000000000
4342  -14.571  -99.868  1.557 0.0000000000
4343  -17.115  -98.791  1.256 0.0000000000
4349  -22.275  -100.208  1.583 0.0000000000
4395  -17.277  -98.947  -1.356 0.0000000000
4398  -19.941  -100.325  -1.629 0.0000000000
4399  -20.105  -100.479  -1.452 0.0000000000
4417  -19.612  -100.180  -2.281 0.0000000000
4431  -15.480  -99.138  -4.304 0.0000000000
4432  -16.134  -99.702  -4.282 0.0000000000
4434  -18.695  -99.199  -3.757 0.0000000000
4451  -16.562  -99.996  -5.045 0.0000000000
4452  -18.657  -99.687  -4.387 0.0000000000
4467  -17.921  -99.212  -5.818 0.0000000000
4478  -16.528  -98.771  -6.141 0.0000000000
4479  -17.337  -98.735  -6.114 0.0000000000
4480  -17.796  -98.580  -5.956 0.0000000000
4766  -1.580  -98.972  28.002 0.0000000000
4774  -1.417  -99.236  27.420 0.0000000000
4782  -3.393  -98.403  26.634 0.0000000000
4788  -4.659  -98.179  25.935 0.0000000000
4802  -6.222  -98.159  24.211 0.0000000000
4832  1.931  -98.444  22.438 0.0000000000
4849  1.648  -99.002  22.327 0.0000000000
4855  -4.525  -98.742  21.567 0.0000000000
4856  -5.378  -98.843  21.782 0.0000000000
4857  -5.854  -98.735  22.071 0.0000000000
4942  -13.306  -99.130  14.297 0.0000000000
4950  -13.221  -98.769  13.908 0.0000000000
4974  -14.619  -98.586  11.914 0.0000000000
5045  -17.778  -97.699  3.086 0.0000000000
5058  -17.012  -98.264  2.270 0.0000000000
5076  -16.175  -98.104  1.071 0.0000000000
5078  -17.303  -98.597  1.961 0.0000000000
5079  -18.073  -98.727  2.070 0.0000000000
5092  -9.730  -98.392  0.577 0.0000000000
5098  -17.212  -98.925  0.206 0.0000000000
5115  -17.016  -98.862  -0.065 0.0000000000
5123  -9.297  -98.105  -1.292 0.0000000000
5141  -16.278  -98.069  -2.420 0.0000000000
5155  -0.047  -98.215  -4.924 0.0000000000
5160  -15.757  -99.011  -5.358 0.0000000000
5161  -17.354  -97.892  -4.417 0.0000000000
5162  -17.999  -98.199  -4.722 0.0000000000
5163  -18.589  -99.019  -4.447 0.0000000000
5172  -15.723  -98.633  -5.886 0.0000000000
5174  -18.446  -98.633  -5.029 0.0000000000
5182  -15.319  -97.514  -6.458 0.0000000000
5508  -3.925  -97.702  26.830 0.0000000000
5517  -6.942  -96.996  25.317 0.0000000000
5528  -6.193  -97.869  24.595 0.0000000000
5530  -7.397  -97.005  23.884 0.0000000000
5542  -6.839  -97.631  23.328 0.0000000000
5559  -0.291  -97.151  22.353 0.0000000000
5562  -7.051  -97.373  22.972 0.0000000000
5578  -0.457  -97.512  22.112 0.0000000000
5579  -1.025  -97.300  22.033 0.0000000000
5582  -4.289  -97.844  21.338 0.0000000000
5794  -16.862  -97.679  2.363 0.0000000000
5795  -17.466  -97.442  2.977 0.0000000000
5808  -15.907  -97.452  0.878 0.0000000000
5822  0.472  -96.579  -1.701 0.0000000000
5824  -0.730  -97.290  -1.213 0.0000000000
5826  -7.249  -97.492  -0.861 0.0000000000
5828  -9.894  -97.919  -1.090 0.0000000000
5831  -14.956  -96.981  -0.715 0.0000000000
5832  2.217  -97.220  -2.246 0.0000000000
5838  -6.630  -97.334  -1.952 0.0000000000
5843  -14.646  -96.693  -1.518 0.0000000000
5851  -6.107  -97.140  -2.967 0.0000000000
5877  -14.928  -96.922  -3.061 0.0000000000
5885  -5.065  -97.133  -4.519 0.0000000000
5889  -7.839  -96.166  -4.380 0.0000000000
5894  -13.638  -97.311  -5.287 0.0000000000
5898  -0.520  -98.157  -5.120 0.0000000000
5904  -6.899  -96.615  -5.337 0.0000000000
5907  -13.200  -96.714  -5.685 0.0000000000
5909  -14.480  -97.372  -6.054 0.0000000000
5911  -17.445  -97.567  -5.722 0.0000000000
5915  -4.275  -96.462  -6.187 0.0000000000
5917  -5.523  -96.789  -6.070 0.0000000000
5921  -14.708  -97.119  -6.425 0.0000000000
5932  -4.383  -96.698  -7.643 0.0000000000
6287  -7.489  -96.570  25.209 0.0000000000
6299  -7.648  -96.525  24.360 0.0000000000
6325  0.973  -96.543  22.255 0.0000000000
6352  -1.279  -96.629  22.471 0.0000000000
6355  -4.057  -96.819  21.346 0.0000000000
6587  -16.647  -97.072  1.948 0.0000000000
6597  -7.782  -97.205  1.685 0.0000000000
6602  -16.850  -96.620  1.747 0.0000000000
6609  -0.524  -95.951  -0.318 0.0000000000
6613  -5.370  -96.064  0.097 0.0000000000
6614  -5.742  -96.198  0.294 0.0000000000
6618  -15.551  -96.495  0.346 0.0000000000
6626  0.480  -95.929  -1.508 0.0000000000
6628  -0.956  -96.872  -0.550 0.0000000000
6644  0.811  -96.010  -2.250 0.0000000000
6654  -14.240  -95.856  -1.465 0.0000000000
6660  2.129  -96.393  -2.636 0.0000000000
6665  -5.150  -96.319  -2.590 0.0000000000
6666  -5.904  -96.892  -2.565 0.0000000000
6668  -8.839  -95.753  -2.930 0.0000000000
6679  -8.296  -95.551  -3.632 0.0000000000
6680  -8.607  -95.644  -3.295 0.0000000000
6681  -14.015  -95.618  -3.549 0.0000000000
6684  -2.765  -96.567  -5.374 0.0000000000
6687  -7.479  -95.742  -4.672 0.0000000000
6691  -12.281  -96.564  -5.154 0.0000000000
6693  -15.884  -96.053  -5.012 0.0000000000
6694  -16.498  -96.353  -5.533 0.0000000000
6699  -7.070  -95.892  -5.224 0.0000000000
6705  -15.779  -95.542  -5.610 0.0000000000
6707  -2.412  -96.870  -6.416 0.0000000000
6708  -3.073  -96.617  -6.594 0.0000000000
6715  -11.604  -95.629  -5.791 0.0000000000
6722  -3.466  -96.595  -7.164 0.0000000000
6723  -3.987  -96.673  -7.504 0.0000000000
6730  -4.522  -96.243  -7.744 0.0000000000
6732  -5.920  -96.164  -8.275 0.0000000000
6733  -6.396  -95.802  -8.266 0.0000000000
7109  1.559  -95.383  30.576 0.0000000000
7110  1.163  -95.428  30.328 0.0000000000
7167  1.585  -95.954  28.249 0.0000000000
7168  -6.411  -95.561  28.791 0.0000000000
7185  -7.582  -94.899  27.442 0.0000000000
7186  -7.911  -94.547  27.078 0.0000000000
7197  -7.582  -95.498  26.914 0.0000000000
7199  -8.484  -94.595  25.968 0.0000000000
7208  -8.262  -95.388  25.477 0.0000000000
7209  -8.481  -94.841  25.584 0.0000000000
7230  -2.868  -94.832  23.355 0.0000000000
7235  -7.504  -95.681  23.341 0.0000000000
7246  0.363  -96.043  22.241 0.0000000000
7253  -6.762  -96.023  22.628 0.0000000000
7274  -1.358  -94.814  21.763 0.0000000000
7292  0.885  -95.425  20.516 0.0000000000
7306  2.183  -95.293  19.257 0.0000000000
7310  -1.905  -95.084  19.768 0.0000000000
7345  2.043  -94.955  17.776 0.0000000000
7348  -0.503  -94.826  17.543 0.0000000000
7547  -2.171  -95.048  0.900 0.0000000000
7551  -5.601  -95.931  1.003 0.0000000000
7554  -16.363  -96.308  0.859 0.0000000000
7567  -0.600  -95.533  -0.271 0.0000000000
7569  -2.357  -95.681  0.577 0.0000000000
7577  -16.346  -95.795  0.439 0.0000000000
7588  2.223  -95.192  -0.991 0.0000000000
7589  0.196  -95.496  -1.191 0.0000000000
7590  -0.125  -95.436  -0.724 0.0000000000
7591  -3.960  -95.936  -0.034 0.0000000000
7592  -4.663  -95.933  -0.018 0.0000000000
7605  2.280  -95.967  -2.255 0.0000000000
7608  -0.066  -94.950  -2.065 0.0000000000
7612  -14.608  -95.121  -1.209 0.0000000000
7621  1.814  -95.509  -2.678 0.0000000000
7623  0.188  -94.868  -2.393 0.0000000000
7634  -7.767  -94.567  -4.006 0.0000000000
7635  -8.108  -94.710  -3.510 0.0000000000
7636  -8.483  -95.206  -3.145 0.0000000000
7638  -14.407  -95.040  -4.403 0.0000000000
7639  -6.851  -94.752  -5.022 0.0000000000
7642  -15.109  -95.047  -4.930 0.0000000000
7645  -6.977  -95.281  -4.899 0.0000000000
7647  -10.680  -95.672  -5.839 0.0000000000
7649  -13.437  -95.032  -5.842 0.0000000000
7651  -15.407  -95.420  -5.817 0.0000000000
7663  -15.693  -95.847  -6.321 0.0000000000
7664  -15.983  -95.907  -6.323 0.0000000000
7665  -4.193  -95.972  -7.449 0.0000000000
7667  -5.117  -94.815  -7.619 0.0000000000
7668  -6.220  -94.959  -8.081 0.0000000000
7670  -7.793  -95.384  -7.446 0.0000000000
7671  -8.398  -95.325  -7.139 0.0000000000
7673  -4.842  -95.652  -8.105 0.0000000000
7674  -5.400  -95.676  -8.281 0.0000000000
7676  -6.420  -95.506  -8.232 0.0000000000
8143  -2.495  -94.909  32.159 0.0000000000
8165  -3.493  -95.264  31.551 0.0000000000
8208  1.059  -95.632  29.231 0.0000000000
8210  -0.637  -94.472  29.400 0.0000000000
8234  1.027  -95.554  28.415 0.0000000000
8237  -2.397  -93.707  29.093 0.0000000000
8239  -7.024  -94.075  28.549 0.0000000000
8240  -7.314  -93.835  28.157 0.0000000000
8257  1.189  -95.007  27.615 0.0000000000
8260  -7.783  -93.986  27.618 0.0000000000
8273  1.397  -94.586  26.627 0.0000000000
8276  -8.424  -94.241  26.211 0.0000000000
8287  1.631  -94.264  26.143 0.0000000000
8288  -8.040  -93.982  25.060 0.0000000000
8302  -8.372  -94.597  24.975 0.0000000000
8315  -3.079  -94.491  23.333 0.0000000000
8317  -4.931  -94.297  23.835 0.0000000000
8332  -0.986  -95.236  22.244 0.0000000000
8335  -3.064  -94.119  23.149 0.0000000000
8349  -2.233  -94.137  21.926 0.0000000000
8357  -1.806  -94.569  21.595 0.0000000000
8358  -2.386  -94.464  20.967 0.0000000000
8359  -2.939  -93.994  20.919 0.0000000000
8375  -2.785  -94.248  20.490 0.0000000000
8395  -1.908  -94.804  18.756 0.0000000000
8603  -4.252  -94.146  2.275 0.0000000000
8616  2.201  -94.944  1.055 0.0000000000
8617  -2.072  -94.590  0.796 0.0000000000
8619  -3.303  -94.450  1.702 0.0000000000
8620  -3.948  -94.600  1.938 0.0000000000
8629  -1.591  -94.393  0.352 0.0000000000
8630  -2.172  -94.166  0.756 0.0000000000
8640  -0.389  -94.839  -0.823 0.0000000000
8656  -0.047  -95.007  -1.524 0.0000000000
8658  -1.286  -93.714  -1.399 0.0000000000
8677  -8.818  -94.357  -3.035 0.0000000000
8690  -9.332  -93.700  -3.302 0.0000000000
8693  -7.113  -94.352  -4.930 0.0000000000
8694  -7.755  -94.000  -4.516 0.0000000000
8695  -8.406  -93.754  -4.259 0.0000000000
8698  -14.880  -94.905  -5.250 0.0000000000
8699  -15.154  -95.251  -5.608 0.0000000000
8707  -14.678  -94.890  -5.425 0.0000000000
8712  -8.445  -94.480  -6.636 0.0000000000
8718  -5.331  -94.725  -7.944 0.0000000000
8723  -5.158  -95.363  -8.240 0.0000000000
8724  -5.442  -95.140  -8.229 0.0000000000
8725  -5.833  -94.853  -8.114 0.0000000000
9282  -5.097  -93.555  29.504 0.0000000000
9284  -6.732  -93.785  28.885 0.0000000000
9307  -2.906  -93.335  28.629 0.0000000000
9311  -6.863  -93.246  28.407 0.0000000000
9334  -5.181  -92.798  28.529 0.0000000000
9336  -7.454  -93.266  27.701 0.0000000000
9352  -0.704  -93.463  26.731 0.0000000000
9353  -7.825  -93.373  26.863 0.0000000000
9354  -8.194  -93.712  26.326 0.0000000000
9368  -7.277  -92.993  25.315 0.0000000000
9370  -8.334  -93.771  25.945 0.0000000000
9420  -2.721  -93.917  21.849 0.0000000000
9433  -3.203  -93.528  20.727 0.0000000000
9449  -2.787  -93.649  19.578 0.0000000000
9466  -2.552  -94.103  18.886 0.0000000000
9484  -1.140  -93.731  17.573 0.0000000000
9690  -3.448  -93.841  1.864 0.0000000000
9691  -3.879  -93.589  1.952 0.0000000000
9692  -4.639  -93.429  2.083 0.0000000000
9706  -2.471  -93.830  0.959 0.0000000000
9709  -4.940  -92.768  1.601 0.0000000000
9740  -1.747  -93.556  -0.677 0.0000000000
9742  -3.138  -92.622  -0.491 0.0000000000
9755  0.868  -92.963  -2.318 0.0000000000
9775  1.339  -93.960  -2.754 0.0000000000
9776  0.600  -93.449  -2.775 0.0000000000
9779  -1.999  -92.610  -1.648 0.0000000000
9780  -9.946  -93.470  -3.059 0.0000000000
9782  -11.613  -92.968  -2.785 0.0000000000
9794  -7.932  -93.668  -5.086 0.0000000000
9796  -9.337  -93.463  -4.587 0.0000000000
9803  -8.271  -93.673  -5.547 0.0000000000
9808  -6.606  -94.123  -6.427 0.0000000000
9809  -7.110  -94.053  -6.611 0.0000000000
9810  -7.976  -93.883  -6.299 0.0000000000
9812  -6.547  -94.301  -6.921 0.0000000000
10336  -6.151  -92.701  28.300 0.0000000000
10350  -1.704  -92.926  27.095 0.0000000000
10354  -5.479  -92.510  28.011 0.0000000000
10375  -6.792  -92.352  26.543 0.0000000000
10376  -7.484  -92.812  26.470 0.0000000000
10392  -6.931  -92.600  25.545 0.0000000000
10403  1.735  -92.346  24.780 0.0000000000
10406  -5.937  -92.715  24.552 0.0000000000
10419  -4.056  -93.140  23.155 0.0000000000
10421  -5.342  -92.501  24.172 0.0000000000
10462  -0.847  -92.401  18.614 0.0000000000
10464  -2.551  -92.677  19.721 0.0000000000
10474  -1.512  -93.281  18.356 0.0000000000
10678  -7.299  -92.436  2.766 0.0000000000
10696  -7.530  -91.453  2.359 0.0000000000
10713  -3.832  -92.739  1.063 0.0000000000
10715  -5.217  -92.288  1.026 0.0000000000
10716  -6.011  -92.045  1.342 0.0000000000
10736  -3.815  -92.611  0.249 0.0000000000
10738  -5.565  -91.850  0.383 0.0000000000
10753  0.284  -92.321  -1.194 0.0000000000
10755  -3.659  -92.291  -0.504 0.0000000000
10758  -12.511  -92.588  -1.030 0.0000000000
10770  -0.189  -92.000  -1.664 0.0000000000
10771  -2.439  -92.296  -1.336 0.0000000000
10772  -3.274  -92.155  -0.789 0.0000000000
10773  -4.065  -92.088  -0.510 0.0000000000
10774  -4.580  -92.035  -0.454 0.0000000000
10789  -0.353  -92.450  -2.502 0.0000000000
10791  -1.821  -92.458  -1.902 0.0000000000
10792  -11.214  -93.085  -2.205 0.0000000000
10793  -11.694  -92.789  -2.397 0.0000000000
10799  -12.130  -92.732  -2.782 0.0000000000
11318  -6.143  -91.993  26.461 0.0000000000
11329  -0.031  -92.204  24.927 0.0000000000
11332  -3.153  -91.196  25.536 0.0000000000
11334  -5.312  -91.404  25.665 0.0000000000
11354  -6.325  -92.250  25.331 0.0000000000
11394  -0.832  -91.620  20.721 0.0000000000
11395  -2.499  -91.431  21.027 0.0000000000
11409  -1.077  -91.736  20.228 0.0000000000
11410  -2.171  -91.879  20.301 0.0000000000
11411  -2.861  -91.970  20.710 0.0000000000
11437  2.303  -91.258  16.756 0.0000000000
11606  -1.673  -91.288  7.323 0.0000000000
11679  -3.117  -91.220  0.864 0.0000000000
11682  -7.540  -90.932  1.497 0.0000000000
11691  -1.192  -91.168  0.076 0.0000000000
11692  -2.695  -91.207  0.602 0.0000000000
11693  -2.896  -91.280  0.695 0.0000000000
11708  -0.699  -91.551  -0.398 0.0000000000
11709  -1.187  -91.294  -0.388 0.0000000000
11712  -6.722  -91.114  0.001 0.0000000000
11724  -1.494  -91.605  -1.273 0.0000000000
11728  -4.751  -91.653  -0.599 0.0000000000
11737  -1.666  -92.258  -2.069 0.0000000000
12306  -3.547  -90.757  24.939 0.0000000000
12307  -4.292  -90.826  24.806 0.0000000000
12327  2.305  -90.637  23.417 0.0000000000
12328  -0.635  -90.930  22.567 0.0000000000
12332  -4.366  -91.016  23.719 0.0000000000
12334  2.302  -90.715  22.648 0.0000000000
12338  -2.263  -90.558  22.303 0.0000000000
12339  -3.320  -90.684  22.642 0.0000000000
12353  -0.306  -91.592  21.332 0.0000000000
12366  -1.105  -91.545  20.731 0.0000000000
12402  2.394  -91.482  16.540 0.0000000000
12520  -0.566  -89.892  9.370 0.0000000000
12563  -2.958  -90.380  7.522 0.0000000000
12571  -2.616  -90.805  6.768 0.0000000000
12580  -0.976  -90.448  4.942 0.0000000000
12581  -1.583  -90.457  5.154 0.0000000000
12582  -2.551  -90.633  5.761 0.0000000000
12621  -0.491  -90.362  2.667 0.0000000000
12623  -4.351  -90.133  1.957 0.0000000000
12624  -4.937  -89.886  1.566 0.0000000000
12636  -2.539  -90.622  1.477 0.0000000000
12639  -5.405  -90.041  0.351 0.0000000000
12640  -7.567  -90.744  0.745 0.0000000000
12649  -1.038  -91.074  0.839 0.0000000000
12656  -7.865  -90.529  0.339 0.0000000000
12668  -3.503  -91.342  -0.271 0.0000000000
12672  -7.243  -90.488  -0.156 0.0000000000
12674  -8.813  -89.910  -0.099 0.0000000000
13279  2.123  -89.899  25.411 0.0000000000
13290  -0.317  -88.900  22.781 0.0000000000
13296  -0.059  -89.111  22.196 0.0000000000
13450  -2.832  -89.455  10.828 0.0000000000
13452  -5.730  -89.040  10.781 0.0000000000
13471  -3.994  -89.299  10.049 0.0000000000
13472  -4.860  -89.209  10.053 0.0000000000
13473  -5.762  -89.011  10.204 0.0000000000
13474  -6.367  -88.972  9.990 0.0000000000
13489  -2.159  -90.343  9.136 0.0000000000
13501  -2.581  -90.241  8.694 0.0000000000
13517  -6.923  -89.187  7.765 0.0000000000
13527  -6.439  -89.236  6.810 0.0000000000
13538  -2.726  -89.864  5.190 0.0000000000
13541  -5.401  -88.727  5.657 0.0000000000
13558  -3.274  -88.894  4.843 0.0000000000
13610  -6.638  -89.119  0.538 0.0000000000
13622  -5.833  -90.022  -0.235 0.0000000000
13624  -7.475  -89.375  -0.106 0.0000000000
13637  -6.640  -90.109  -0.421 0.0000000000
13639  -8.368  -89.660  -0.215 0.0000000000
14235  2.116  -89.125  26.618 0.0000000000
14237  1.185  -88.170  26.095 0.0000000000
14251  -0.054  -88.268  25.323 0.0000000000
14265  0.420  -88.576  24.723 0.0000000000
14267  -1.189  -88.118  24.233 0.0000000000
14279  0.801  -88.830  24.214 0.0000000000
14292  -1.233  -88.187  22.707 0.0000000000
14308  -0.928  -88.275  22.107 0.0000000000
14406  -4.814  -88.309  14.208 0.0000000000
14407  -5.872  -88.389  14.367 0.0000000000
14410  -8.372  -87.767  14.450 0.0000000000
14426  -8.224  -88.042  14.061 0.0000000000
14467  -7.732  -88.348  11.255 0.0000000000
14481  -6.003  -89.027  10.755 0.0000000000
14496  -8.848  -88.306  9.400 0.0000000000
14505  -9.190  -88.234  8.587 0.0000000000
14516  -9.350  -87.960  7.600 0.0000000000
14528  -6.024  -88.851  6.090 0.0000000000
14546  -2.042  -87.814  5.008 0.0000000000
14547  -2.439  -87.875  4.985 0.0000000000
14549  -4.742  -88.052  5.180 0.0000000000
14566  -1.241  -87.676  4.250 0.0000000000
14568  -2.456  -88.458  4.883 0.0000000000
14580  -1.260  -87.717  3.660 0.0000000000
14589  -0.754  -88.471  3.513 0.0000000000
14593  -4.516  -88.340  2.555 0.0000000000
14605  -5.948  -88.513  1.503 0.0000000000
14621  -7.000  -89.062  0.425 0.0000000000
14637  -8.536  -89.157  -0.124 0.0000000000
15275  -0.040  -87.925  25.963 0.0000000000
15277  -1.217  -87.228  25.309 0.0000000000
15310  -1.572  -86.927  23.620 0.0000000000
15370  1.293  -87.879  19.417 0.0000000000
15428  -7.279  -87.048  15.459 0.0000000000
15430  -8.770  -86.631  15.305 0.0000000000
15444  -7.120  -87.780  15.083 0.0000000000
15445  -8.023  -87.658  15.151 0.0000000000
15457  -9.199  -87.203  14.164 0.0000000000
15484  -0.510  -87.197  9.955 0.0000000000
15486  -7.581  -88.283  12.203 0.0000000000
15582  -2.863  -87.084  4.911 0.0000000000
15598  -1.841  -87.261  4.321 0.0000000000
15599  -2.321  -87.098  4.587 0.0000000000
15601  -5.731  -86.793  4.494 0.0000000000
15613  -1.189  -87.532  4.001 0.0000000000
15614  -1.557  -87.347  3.833 0.0000000000
15615  -2.223  -86.956  3.528 0.0000000000
15627  -1.461  -87.644  3.549 0.0000000000
15629  -2.757  -87.175  3.073 0.0000000000
15646  -6.243  -87.940  1.793 0.0000000000
16191  1.271  -85.657  34.264 0.0000000000
16228  2.182  -86.435  32.146 0.0000000000
16252  2.205  -86.671  31.514 0.0000000000
16267  1.487  -85.890  30.243 0.0000000000
16279  2.148  -86.696  29.777 0.0000000000
16281  0.527  -86.264  29.327 0.0000000000
16317  0.494  -86.876  28.057 0.0000000000
16348  -1.163  -86.586  24.960 0.0000000000
16362  -0.596  -85.935  24.400 0.0000000000
16381  -1.057  -86.385  23.726 0.0000000000
16399  0.486  -85.969  21.995 0.0000000000
16400  -0.445  -86.152  22.404 0.0000000000
16433  1.518  -86.496  20.096 0.0000000000
16435  0.037  -86.811  20.755 0.0000000000
16515  -9.197  -86.117  15.381 0.0000000000
16526  -9.191  -86.618  15.064 0.0000000000
16527  -9.758  -86.362  14.693 0.0000000000
16528  -10.488  -85.995  14.364 0.0000000000
16533  -1.724  -85.855  12.432 0.0000000000
16537  -9.570  -86.833  13.833 0.0000000000
16546  -9.961  -86.431  13.512 0.0000000000
16589  -0.661  -86.289  9.356 0.0000000000
16665  -3.609  -86.571  4.836 0.0000000000
16682  -2.101  -87.002  4.148 0.0000000000
16685  -4.441  -86.300  4.461 0.0000000000
16686  -5.405  -86.354  4.119 0.0000000000
16687  -6.171  -86.674  4.000 0.0000000000
16688  -6.721  -86.932  3.951 0.0000000000
16704  -1.882  -87.105  4.064 0.0000000000
16705  -2.124  -86.890  3.957 0.0000000000
16706  -2.811  -86.532  3.728 0.0000000000
16707  -3.881  -86.218  3.694 0.0000000000
16730  -2.870  -86.699  3.330 0.0000000000
17301  0.238  -84.545  36.204 0.0000000000
17312  -0.851  -85.401  35.989 0.0000000000
17323  1.400  -85.291  34.117 0.0000000000
17359  2.198  -85.871  32.661 0.0000000000
17374  2.339  -86.268  31.806 0.0000000000
17375  2.315  -85.842  31.798 0.0000000000
17387  2.221  -85.878  31.024 0.0000000000
17388  1.527  -85.627  30.779 0.0000000000
17475  0.976  -85.131  24.033 0.0000000000
17476  0.252  -85.370  24.435 0.0000000000
17492  1.602  -84.864  22.665 0.0000000000
17614  -6.285  -85.660  15.166 0.0000000000
17615  -6.794  -85.611  15.273 0.0000000000
17618  -9.674  -85.339  15.392 0.0000000000
17624  -3.804  -85.490  13.924 0.0000000000
17628  -6.835  -85.143  15.105 0.0000000000
17629  -9.989  -85.835  15.093 0.0000000000
17631  -11.176  -84.896  14.643 0.0000000000
17637  -3.253  -85.293  13.507 0.0000000000
17638  -3.787  -85.237  13.787 0.0000000000
17649  -10.283  -85.993  13.218 0.0000000000
18402  0.205  -83.994  36.357 0.0000000000
18403  -0.086  -84.024  36.609 0.0000000000
18414  0.385  -84.284  35.892 0.0000000000
18443  1.534  -84.956  33.484 0.0000000000
18444  0.876  -84.595  33.652 0.0000000000
18459  1.844  -85.187  32.756 0.0000000000
18479  1.540  -85.077  32.042 0.0000000000
18539  1.602  -83.490  27.022 0.0000000000
18540  1.153  -83.808  27.400 0.0000000000
18552  0.338  -84.749  26.588 0.0000000000
18698  -6.717  -84.530  14.931 0.0000000000
18699  -10.518  -84.668  15.317 0.0000000000
18703  -2.448  -83.606  12.178 0.0000000000
18706  -11.198  -84.867  13.446 0.0000000000
18711  -2.055  -83.659  10.473 0.0000000000
18716  -11.295  -84.307  13.205 0.0000000000
19506  0.204  -83.603  36.225 0.0000000000
19537  -0.533  -83.468  34.130 0.0000000000
19538  -0.768  -83.186  33.434 0.0000000000
19553  -0.835  -83.133  33.061 0.0000000000
19582  0.361  -83.338  29.772 0.0000000000
19603  0.772  -83.229  29.187 0.0000000000
19622  1.035  -83.489  28.274 0.0000000000
19809  -10.149  -82.720  16.000 0.0000000000
19837  -6.653  -84.044  14.868 0.0000000000
19872  -1.214  -82.803  9.968 0.0000000000
20574  0.021  -83.177  36.372 0.0000000000
20575  -0.262  -82.492  36.388 0.0000000000
20621  -0.773  -82.589  33.550 0.0000000000
20637  -0.682  -82.821  32.568 0.0000000000
20638  -0.869  -82.854  33.054 0.0000000000
20677  1.051  -82.394  30.376 0.0000000000
20678  0.511  -82.870  30.310 0.0000000000
20871  -9.451  -81.844  15.860 0.0000000000
20887  -9.913  -82.633  15.924 0.0000000000
20896  -3.650  -82.688  13.809 0.0000000000
20898  -4.979  -82.293  14.658 0.0000000000
21636  -0.152  -81.064  35.718 0.0000000000
21665  0.017  -80.728  35.143 0.0000000000
21725  -0.264  -82.044  32.077 0.0000000000
21750  0.820  -82.350  30.788 0.0000000000
21942  -5.833  -81.675  15.176 0.0000000000
21946  -9.155  -81.680  15.767 0.0000000000
22003  -3.006  -79.705  11.878 0.0000000000
22752  0.054  -80.710  34.962 0.0000000000
22774  0.029  -80.770  34.660 0.0000000000
22813  0.965  -81.129  31.944 0.0000000000
22995  -8.397  -80.156  16.094 0.0000000000
23067  -3.466  -79.663  12.196 0.0000000000
23068  -3.852  -80.079  12.351 0.0000000000
23753  -0.870  -80.007  35.917 0.0000000000
23754  -1.197  -80.127  35.919 0.0000000000
23799  1.048  -78.206  34.238 0.0000000000
23867  1.878  -79.454  28.457 0.0000000000
24028  -8.145  -79.116  19.254 0.0000000000
24045  -4.046  -76.944  16.726 0.0000000000
24057  -4.156  -77.089  16.273 0.0000000000
24077  -7.305  -79.241  15.717 0.0000000000
24094  -5.260  -79.980  14.012 0.0000000000
24096  -6.173  -79.568  14.846 0.0000000000
24115  -5.338  -79.115  13.898 0.0000000000
24910  1.075  -77.497  34.384 0.0000000000
24949  -11.523  -78.349  32.273 0.0000000000
24959  -9.365  -77.890  31.467 0.0000000000
24996  1.612  -78.702  28.055 0.0000000000
25154  -4.604  -78.757  19.238 0.0000000000
25167  -1.291  -77.360  18.377 0.0000000000
25189  -1.569  -77.633  16.331 0.0000000000
25256  -5.540  -78.991  14.100 0.0000000000
26030  0.560  -77.640  34.750 0.0000000000
26034  -7.211  -77.868  35.596 0.0000000000
26054  0.824  -77.026  34.748 0.0000000000
26055  0.709  -76.715  34.985 0.0000000000
26061  -7.692  -77.082  35.200 0.0000000000
26077  1.350  -76.472  33.706 0.0000000000
26081  -7.588  -76.518  32.026 0.0000000000
26118  -8.206  -76.636  30.800 0.0000000000
26135  -8.527  -76.337  30.344 0.0000000000
26217  -0.858  -76.811  25.032 0.0000000000
26228  -0.806  -76.990  23.366 0.0000000000
26347  -1.516  -77.342  17.027 0.0000000000
27200  0.979  -75.918  35.227 0.0000000000
27205  -8.396  -76.519  35.462 0.0000000000
27226  1.229  -76.031  34.937 0.0000000000
27227  0.910  -76.504  35.066 0.0000000000
27249  1.318  -75.750  33.395 0.0000000000
27326  -10.521  -74.876  28.840 0.0000000000
27328  -12.664  -75.419  29.035 0.0000000000
27415  -1.010  -76.099  22.757 0.0000000000
27434  -1.959  -74.847  20.893 0.0000000000
27449  -2.216  -74.367  20.920 0.0000000000
27515  -2.484  -76.114  16.528 0.0000000000
28380  0.412  -75.254  35.125 0.0000000000
28383  -9.520  -75.371  35.475 0.0000000000
28406  -2.921  -75.184  34.318 0.0000000000
28413  -10.372  -75.458  35.372 0.0000000000
28425  1.022  -75.028  33.152 0.0000000000
28442  0.867  -75.379  32.625 0.0000000000
28460  0.711  -75.789  32.322 0.0000000000
28464  -4.105  -75.121  31.419 0.0000000000
28479  -4.566  -75.072  30.777 0.0000000000
28492  -4.970  -74.540  29.860 0.0000000000
28497  -10.275  -74.890  28.830 0.0000000000
28509  -0.850  -74.328  27.480 0.0000000000
28602  -2.105  -74.457  21.629 0.0000000000
28604  -3.098  -73.676  21.752 0.0000000000
28621  -2.330  -74.145  21.264 0.0000000000
28638  -2.518  -73.948  20.802 0.0000000000
29599  -9.374  -74.813  35.036 0.0000000000
29613  0.881  -74.351  33.523 0.0000000000
29615  -0.757  -73.301  34.200 0.0000000000
29637  0.789  -74.479  33.119 0.0000000000
29641  -3.169  -74.063  33.940 0.0000000000
29642  -3.403  -73.961  33.925 0.0000000000
29646  -8.749  -74.262  34.275 0.0000000000
29647  -9.012  -74.377  34.416 0.0000000000
29648  -14.870  -74.547  33.119 0.0000000000
29660  -3.545  -75.018  32.192 0.0000000000
29661  -5.091  -73.683  32.232 0.0000000000
29662  -5.501  -73.825  32.478 0.0000000000
29671  -3.619  -74.634  31.897 0.0000000000
29683  -4.557  -74.552  30.808 0.0000000000
29696  -4.777  -74.483  30.385 0.0000000000
29697  -4.874  -74.407  30.040 0.0000000000
29706  -1.228  -73.968  27.646 0.0000000000
29713  -0.605  -73.893  27.234 0.0000000000
29725  -0.527  -73.953  26.566 0.0000000000
29760  -1.607  -74.333  23.900 0.0000000000
29761  -1.692  -74.101  23.917 0.0000000000
30730  -3.646  -73.964  33.971 0.0000000000
30731  -3.936  -73.866  33.982 0.0000000000
30746  -3.031  -73.734  33.813 0.0000000000
30748  -3.902  -73.452  33.564 0.0000000000
30781  -4.213  -74.213  31.322 0.0000000000
30796  -4.938  -74.360  30.258 0.0000000000
30797  -4.893  -74.194  30.302 0.0000000000
30809  -0.895  -73.328  27.522 0.0000000000
30830  -0.769  -73.428  26.330 0.0000000000
30839  -0.740  -73.696  26.112 0.0000000000
31887  -1.299  -72.682  27.540 0.0000000000
31895  -0.841  -72.994  27.275 0.0000000000
31896  -0.982  -72.548  27.171 0.0000000000
31904  -1.231  -72.532  26.608 0.0000000000
32978  -1.983  -71.209  27.823 0.0000000000
34019  -19.390  -72.651  28.997 0.0000000000
34020  -19.362  -72.896  28.943 0.0000000000
34029  -2.550  -70.663  28.100 0.0000000000
34032  -4.644  -70.073  28.148 0.0000000000
34034  -19.443  -72.783  28.795 0.0000000000
34035  -19.432  -73.008  28.737 0.0000000000
34055  -2.280  -70.614  27.384 0.0000000000
35126  -2.901  -69.546  27.133 0.0000000000
37417  -4.430  -67.223  26.757 0.0000000000
37460  -4.595  -67.930  25.324 0.0000000000
39799  -7.488  -65.987  23.321 0.0000000000
40800  -18.428  -65.023  26.766 0.0000000000
41850  -6.852  -63.574  25.373 0.0000000000
42986  -7.502  -63.170  24.954 0.0000000000
149000  2.021  -91.114  17.039 0.0000000000
149021  -0.362  -72.983  32.750 0.0000000000
149025  -2.295  -72.659  33.527 0.0000000000
149026  -2.415  -72.473  33.078 0.0000000000
149028  -3.070  -73.243  33.547 0.0000000000
149032  -19.480  -72.352  29.011 0.0000000000
149034  -19.489  -72.840  28.705 0.0000000000
