#!ascii label  , from subject tim vox2ras=TkReg
3144
46513  6.390  -55.262  95.661 0.6250000000
46514  5.645  -55.040  95.346 0.6250000000
46500  6.410  -54.341  96.634 0.5000000000
47770  6.101  -54.272  95.873 0.5000000000
45330  6.046  -55.413  95.043 0.6250000000
47771  5.385  -54.598  95.041 0.5000000000
46524  5.160  -55.273  94.444 0.5000000000
46525  4.772  -55.192  94.189 0.3750000000
46515  5.105  -55.005  94.741 0.2500000000
47781  4.426  -55.048  94.400 0.2500000000
47792  4.388  -54.829  94.007 0.2500000000
45343  5.158  -55.648  93.953 0.5000000000
47782  4.123  -54.994  93.960 0.2500000000
47793  3.931  -54.975  93.581 0.2500000000
49011  4.066  -54.968  93.818 0.2500000000
46496  8.235  -55.089  96.540 0.6250000000
46512  7.889  -55.495  96.049 0.6250000000
45313  7.574  -55.190  96.425 0.6250000000
45339  7.487  -55.620  95.395 0.6250000000
45327  7.563  -55.403  96.086 0.6250000000
45314  7.243  -55.285  96.268 0.6250000000
46499  6.751  -54.945  96.567 0.6250000000
46523  7.901  -55.681  95.514 0.7500000000
45329  6.603  -55.488  95.303 0.6250000000
45355  7.137  -55.618  94.564 0.6250000000
45340  6.864  -55.609  94.877 0.6250000000
50180  5.171  -54.220  94.408 0.2500000000
49001  5.211  -54.350  94.623 0.2500000000
45341  6.182  -55.544  94.430 0.7500000000
50206  3.996  -54.312  92.968 0.2500000000
50192  4.759  -54.342  93.831 0.2500000000
49010  4.678  -54.637  94.061 0.2500000000
46536  4.159  -55.405  93.541 0.5000000000
46537  3.668  -55.703  93.079 0.3750000000
49021  3.831  -54.959  93.402 0.2500000000
44181  4.222  -58.376  92.373 0.2500000000
44182  3.627  -58.138  92.360 0.3750000000
45392  4.983  -57.490  92.010 0.2500000000
42995  2.820  -59.313  91.981 0.3750000000
44196  2.761  -58.290  91.746 0.3750000000
47756  9.064  -54.583  96.984 0.6250000000
47780  8.599  -55.292  95.662 0.6250000000
46511  8.216  -55.485  95.939 0.6250000000
46522  8.160  -55.629  95.250 0.8750000000
46534  7.690  -55.627  94.693 0.7500000000
50191  5.242  -54.066  94.524 0.2500000000
46533  8.078  -55.619  94.743 1.0000000000
45357  5.508  -55.882  93.338 0.6250000000
51404  4.838  -53.887  93.380 0.2500000000
51392  5.204  -53.960  94.115 0.2500000000
46535  7.082  -55.569  93.943 0.8750000000
45356  6.404  -55.669  93.683 0.7500000000
50207  3.681  -54.718  92.961 0.2500000000
46549  6.633  -55.846  93.079 0.8750000000
45359  4.293  -55.880  93.241 0.6250000000
49033  3.812  -54.770  93.209 0.2500000000
45373  6.107  -55.922  92.936 0.5000000000
45358  4.887  -56.105  93.034 0.5000000000
49034  3.495  -54.970  92.927 0.2500000000
46550  5.990  -56.059  92.492 0.5000000000
45374  5.490  -56.345  92.452 0.3750000000
45376  4.156  -56.898  92.414 0.5000000000
47755  9.641  -54.239  96.725 0.6250000000
47768  9.129  -54.829  96.173 0.6250000000
47791  8.433  -55.345  94.768 0.7500000000
51403  5.364  -53.373  93.359 0.2500000000
46547  7.934  -55.486  94.178 1.0000000000
51438  4.591  -53.616  91.870 0.2500000000
51421  4.581  -53.733  92.564 0.2500000000
46548  7.369  -55.552  93.636 1.0000000000
50245  3.955  -53.923  91.739 0.2500000000
50225  3.997  -54.166  92.612 0.2500000000
46574  7.428  -55.293  92.049 0.8750000000
46560  7.027  -55.692  92.617 0.5000000000
46561  6.272  -56.001  92.071 0.5000000000
47855  9.062  -55.842  88.544 0.3750000000
47845  8.517  -55.615  89.182 0.1250000000
46608  7.730  -56.412  89.462 0.3750000000
46591  7.329  -55.589  90.698 0.3750000000
47836  8.789  -54.750  89.788 0.5000000000
47837  7.996  -55.062  90.093 0.3750000000
47843  9.626  -54.729  88.803 0.5000000000
47844  9.131  -55.133  88.994 0.2500000000
48998  10.828  -53.172  96.727 0.5000000000
49008  10.628  -53.311  95.791 0.5000000000
49009  10.029  -53.842  95.345 0.5000000000
47767  9.628  -54.414  95.800 0.6250000000
47779  9.081  -54.927  95.280 0.7500000000
47790  8.947  -54.799  94.326 0.8750000000
46559  7.680  -55.339  93.210 1.0000000000
47789  9.514  -54.333  93.847 0.8750000000
47804  8.300  -55.091  93.785 1.0000000000
47817  8.169  -54.855  92.685 1.0000000000
47827  8.054  -54.817  91.411 0.7500000000
47816  8.987  -54.337  92.063 0.7500000000
49108  10.760  -53.909  88.323 0.3750000000
49109  10.160  -54.314  88.615 0.5000000000
49073  9.394  -54.056  91.156 0.7500000000
49121  10.502  -54.661  87.750 0.2500000000
47853  9.899  -54.948  88.071 0.3750000000
49099  9.924  -54.235  89.386 0.5000000000
47835  9.425  -54.486  89.602 0.5000000000
50165  11.089  -52.780  96.067 0.5000000000
50177  11.529  -52.317  95.755 0.5000000000
50178  11.050  -52.819  95.247 0.5000000000
49018  10.553  -53.384  94.794 0.7500000000
49019  10.056  -53.934  94.332 0.8750000000
47803  8.888  -54.586  93.289 1.0000000000
49053  10.090  -53.957  92.385 0.7500000000
47802  9.508  -54.167  92.878 0.8750000000
49071  10.765  -53.651  91.966 0.8750000000
49054  9.654  -54.072  91.880 0.7500000000
49098  10.580  -53.777  89.510 0.5000000000
49072  10.115  -53.851  91.445 0.8750000000
49086  9.920  -53.997  90.331 0.6250000000
50324  11.252  -53.452  88.013 0.5000000000
50281  11.319  -53.256  89.995 0.6250000000
51378  12.383  -51.208  95.385 0.6250000000
50189  11.586  -52.278  94.693 0.6250000000
51387  12.375  -51.269  94.354 0.6250000000
51401  12.078  -51.947  93.891 0.7500000000
50190  11.100  -53.016  94.214 0.7500000000
50204  11.589  -52.669  93.399 0.8750000000
50224  11.216  -53.225  92.580 0.8750000000
49085  10.755  -53.471  90.821 0.8750000000
51501  12.026  -52.710  87.955 0.3750000000
51479  12.108  -52.329  88.648 0.7500000000
52676  13.247  -51.686  87.344 0.1250000000
51478  12.437  -52.090  88.307 0.5000000000
52563  12.772  -50.592  94.986 0.5000000000
51400  12.361  -51.465  93.333 0.7500000000
51418  12.125  -52.129  92.839 0.8750000000
51417  12.456  -51.687  92.364 0.8750000000
50223  11.740  -52.686  92.254 0.8750000000
50243  11.284  -53.129  91.620 1.0000000000
51449  12.516  -51.671  91.264 1.0000000000
50242  11.850  -52.676  91.290 1.0000000000
52630  12.484  -51.828  90.056 0.7500000000
53810  13.142  -50.701  89.083 0.7500000000
52646  12.396  -51.862  89.227 0.7500000000
51463  12.142  -52.269  89.788 0.7500000000
50261  11.419  -53.036  90.810 0.8750000000
53847  13.632  -51.010  87.132 0.2500000000
53830  13.458  -50.891  88.010 0.6250000000
52659  12.412  -51.958  88.660 0.7500000000
53726  12.967  -50.161  94.332 0.5000000000
53737  12.822  -50.303  93.347 0.8750000000
53753  13.003  -49.664  92.841 0.8750000000
52613  12.637  -51.253  91.769 1.0000000000
53771  13.076  -49.745  91.776 0.8750000000
53772  12.844  -50.514  91.245 1.0000000000
52629  12.594  -51.336  90.716 1.0000000000
53790  13.007  -50.597  90.181 0.7500000000
53829  13.697  -50.032  88.599 0.7500000000
52645  12.715  -51.327  89.627 0.7500000000
53846  14.021  -50.156  87.387 0.8750000000
55010  13.379  -48.884  93.390 0.6250000000
53736  13.162  -49.568  93.899 0.5000000000
52562  13.126  -50.080  95.028 0.5000000000
55025  13.317  -49.021  92.334 0.7500000000
56329  13.802  -48.350  90.866 0.8750000000
55040  13.500  -49.099  91.309 0.8750000000
55055  13.672  -49.145  90.273 0.8750000000
53789  13.280  -49.834  90.738 1.0000000000
55070  13.899  -49.217  89.231 1.0000000000
56375  14.625  -48.535  87.729 0.8750000000
53809  13.503  -49.938  89.692 1.0000000000
55102  14.365  -49.268  87.429 0.8750000000
55084  14.163  -49.288  88.196 0.8750000000
52760  20.564  -51.614  82.295 0.1250000000
52761  19.603  -51.376  82.272 0.5000000000
52776  20.235  -51.161  81.702 0.3750000000
53936  18.864  -50.104  81.712 0.7500000000
56311  13.600  -48.321  91.929 0.7500000000
57515  13.963  -47.525  91.532 0.8750000000
57559  14.827  -46.849  90.062 0.8750000000
57536  14.245  -47.578  90.447 0.8750000000
57560  14.584  -47.708  89.421 0.8750000000
56348  14.096  -48.421  89.839 0.8750000000
56361  14.355  -48.498  88.799 1.0000000000
56374  14.911  -48.059  87.458 0.8750000000
57632  15.725  -47.514  85.337 0.7500000000
56388  14.898  -48.480  86.655 0.8750000000
53949  21.752  -50.489  80.404 0.2500000000
52774  21.912  -51.263  81.306 0.2500000000
53950  20.810  -50.185  80.745 0.5000000000
53951  20.210  -50.102  81.052 0.6250000000
53935  19.657  -50.454  81.464 0.7500000000
55217  18.369  -49.386  81.838 0.7500000000
57535  14.500  -46.739  91.113 0.8750000000
57579  15.131  -47.029  88.969 0.8750000000
58926  15.801  -46.641  87.037 0.8750000000
57600  15.242  -47.307  87.646 0.8750000000
57616  15.583  -47.337  86.237 0.7500000000
58963  16.564  -46.746  84.335 0.7500000000
57615  15.974  -46.890  85.556 0.7500000000
57670  16.990  -47.557  83.311 0.7500000000
58986  16.550  -47.161  83.917 0.7500000000
56482  18.770  -48.355  81.593 0.7500000000
57706  18.572  -47.686  81.947 0.7500000000
57688  17.992  -47.424  82.418 0.7500000000
55233  21.148  -49.447  80.319 0.7500000000
55234  20.303  -49.272  80.857 0.8750000000
55216  19.338  -49.237  81.248 0.7500000000
58878  16.252  -45.653  88.195 0.8750000000
58857  15.478  -46.088  89.695 0.8750000000
58879  15.612  -46.218  88.573 0.8750000000
58904  15.793  -46.337  87.742 0.8750000000
60137  16.883  -45.772  86.006 0.7500000000
58925  16.233  -46.309  86.290 0.8750000000
58942  17.051  -45.857  85.027 0.7500000000
58984  17.901  -46.244  83.617 0.7500000000
57705  19.066  -47.639  81.808 0.8750000000
59005  18.343  -46.650  82.956 0.7500000000
59006  17.610  -46.966  83.069 0.7500000000
57720  22.040  -47.947  80.831 0.8750000000
56499  20.984  -48.638  80.688 0.8750000000
55215  19.928  -48.596  81.133 0.8750000000
56481  19.689  -47.876  81.647 0.8750000000
56368  27.886  -46.941  89.613 0.3750000000
55096  26.553  -47.268  89.325 0.6250000000
55097  26.042  -47.361  89.096 0.6250000000
57593  30.469  -46.025  89.355 0.5000000000
58897  29.360  -45.537  88.592 0.6250000000
57596  27.845  -46.272  89.116 0.6250000000
56370  26.239  -46.806  88.780 0.7500000000
56371  25.615  -46.956  88.450 0.8750000000
55099  24.409  -47.569  88.158 0.7500000000
53842  24.087  -47.929  88.400 0.6250000000
53864  22.236  -48.003  87.869 0.8750000000
55101  21.518  -47.363  88.168 0.8750000000
56360  20.841  -46.728  88.243 0.8750000000
58918  29.651  -44.922  88.065 0.7500000000
58920  27.797  -45.381  88.033 0.6250000000
57610  26.206  -45.982  88.050 1.0000000000
56384  25.039  -46.700  87.707 1.0000000000
55142  23.991  -47.029  86.904 1.0000000000
55121  22.799  -48.008  86.942 0.8750000000
55122  22.156  -47.773  87.101 0.8750000000
55123  21.599  -47.343  87.261 0.8750000000
56373  20.844  -46.702  87.337 0.8750000000
60079  16.991  -45.205  88.595 0.8750000000
58917  30.241  -44.693  88.019 0.7500000000
60108  29.878  -44.323  87.523 0.8750000000
60110  28.058  -44.827  87.516 0.8750000000
60112  26.494  -45.350  87.606 0.8750000000
57611  25.375  -46.102  87.557 1.0000000000
56385  24.359  -46.815  87.235 1.0000000000
55144  22.989  -47.746  86.192 0.8750000000
56386  21.047  -46.927  86.582 0.8750000000
57614  20.430  -46.412  86.854 0.8750000000
58901  19.906  -45.982  87.409 0.8750000000
58902  19.175  -45.448  87.569 0.8750000000
60078  17.825  -45.030  88.275 0.8750000000
60094  16.881  -45.277  87.719 0.8750000000
60129  30.212  -43.753  86.765 0.8750000000
60132  27.243  -44.612  86.936 0.8750000000
60111  27.090  -45.129  87.559 0.8750000000
58939  25.052  -45.524  86.684 1.0000000000
56421  23.536  -46.622  85.364 1.0000000000
55164  22.616  -47.643  85.125 1.0000000000
55146  21.566  -47.438  85.830 0.8750000000
57630  20.331  -46.310  85.970 0.8750000000
58924  19.205  -45.518  86.627 0.8750000000
60113  18.330  -45.400  86.006 0.8750000000
60093  17.655  -45.171  87.289 0.8750000000
61329  29.069  -43.323  85.268 1.0000000000
61315  26.336  -44.367  86.330 0.8750000000
61316  25.486  -44.817  86.196 0.8750000000
58959  24.272  -45.592  85.428 1.0000000000
56422  23.088  -47.232  84.808 1.0000000000
56423  22.590  -47.583  84.222 1.0000000000
55182  21.926  -47.838  84.068 1.0000000000
56425  21.053  -47.345  84.510 0.8750000000
57650  20.528  -46.810  84.718 0.7500000000
58960  19.492  -45.885  84.646 0.7500000000
58941  19.125  -45.548  85.523 0.8750000000
60136  17.414  -45.653  85.407 0.7500000000
60115  16.846  -45.556  86.800 0.8750000000
62582  28.617  -42.970  83.776 1.0000000000
62564  26.999  -43.125  84.808 1.0000000000
61331  26.639  -43.697  85.618 0.8750000000
60147  24.422  -45.123  85.064 1.0000000000
57666  23.442  -46.234  84.358 1.0000000000
56439  23.304  -46.692  84.420 1.0000000000
56442  21.415  -47.639  83.687 0.8750000000
57668  20.370  -46.918  83.617 0.7500000000
57669  19.879  -46.422  83.979 0.7500000000
60135  18.145  -45.539  85.189 0.7500000000
63887  28.950  -42.352  82.097 1.0000000000
63864  27.854  -42.456  83.288 1.0000000000
62583  27.426  -42.761  83.976 1.0000000000
62565  25.775  -43.420  84.907 0.8750000000
61333  24.470  -44.374  84.622 1.0000000000
60159  23.852  -45.180  84.269 1.0000000000
57667  23.144  -46.562  83.562 1.0000000000
56440  22.749  -47.221  83.447 0.8750000000
56461  21.460  -47.705  82.369 0.8750000000
56443  20.762  -47.316  83.400 0.7500000000
57687  19.336  -46.934  82.552 0.7500000000
58983  18.939  -46.117  83.588 0.7500000000
58961  18.416  -45.702  84.496 0.7500000000
63865  26.880  -42.293  83.204 0.8750000000
63866  25.674  -42.390  83.093 0.8750000000
62586  23.718  -43.742  83.123 0.8750000000
60175  23.201  -45.414  82.336 0.8750000000
57684  22.797  -46.931  82.427 0.8750000000
57685  22.486  -47.304  82.151 0.8750000000
56462  20.633  -47.502  82.441 0.8750000000
56463  19.982  -47.338  82.314 0.8750000000
63913  26.537  -41.752  81.344 1.0000000000
63890  25.258  -42.092  82.103 0.8750000000
62601  23.956  -43.002  82.692 0.8750000000
61354  23.181  -44.711  81.924 0.8750000000
59020  23.003  -46.288  81.803 0.8750000000
57703  22.451  -47.411  81.406 0.8750000000
56479  21.645  -48.054  81.262 0.8750000000
56480  20.624  -48.142  81.354 0.8750000000
59034  22.674  -46.963  80.549 0.8750000000
60091  31.188  -44.716  88.358 0.7500000000
60090  31.766  -44.423  88.116 0.7500000000
60106  31.963  -43.893  87.074 0.7500000000
60128  31.088  -43.708  86.528 0.7500000000
61310  31.375  -43.510  85.578 1.0000000000
61311  30.527  -43.491  85.712 1.0000000000
61342  30.647  -43.561  83.996 1.0000000000
61328  29.973  -43.400  84.963 1.0000000000
62580  30.463  -43.453  83.687 1.0000000000
62581  29.782  -43.243  83.633 1.0000000000
62598  30.470  -43.267  82.906 1.0000000000
63909  30.628  -42.659  81.133 1.0000000000
60127  31.706  -43.637  86.241 0.8750000000
61326  31.683  -43.556  84.826 0.8750000000
62561  31.850  -43.616  84.277 1.0000000000
62578  32.110  -43.467  83.546 1.0000000000
62597  31.538  -43.327  82.745 1.0000000000
63934  30.226  -42.296  80.345 1.0000000000
65258  30.885  -42.108  79.375 0.8750000000
65277  31.279  -41.407  78.311 0.8750000000
66579  31.078  -40.722  77.485 0.7500000000
66592  30.849  -40.534  76.664 0.7500000000
62550  32.941  -43.808  85.299 0.8750000000
61309  32.362  -43.707  85.757 0.8750000000
62549  33.338  -43.625  85.224 0.8750000000
61325  32.149  -43.646  84.811 1.0000000000
62577  33.053  -43.316  83.400 1.0000000000
62560  32.689  -43.675  84.552 1.0000000000
63884  32.071  -43.140  81.844 1.0000000000
63907  32.698  -42.617  80.964 1.0000000000
65240  32.782  -42.279  80.160 1.0000000000
63908  31.648  -42.845  81.047 1.0000000000
63932  32.184  -42.510  80.314 1.0000000000
65257  32.392  -41.723  79.319 1.0000000000
63933  31.326  -42.481  80.232 1.0000000000
65276  32.058  -41.081  78.489 1.0000000000
67829  30.872  -39.958  76.929 0.6250000000
67830  30.501  -39.418  77.091 0.6250000000
67859  31.429  -39.972  75.694 0.6250000000
67845  30.930  -39.770  76.147 0.7500000000
69110  30.575  -39.096  76.465 0.6250000000
69090  29.967  -38.625  77.144 0.6250000000
62548  33.913  -43.221  85.658 0.6250000000
62558  34.246  -42.650  84.352 0.8750000000
62559  33.566  -43.307  84.411 0.7500000000
63862  34.193  -42.563  82.929 1.0000000000
63881  34.626  -42.062  82.555 1.0000000000
63882  34.077  -42.435  81.985 1.0000000000
63863  33.556  -42.952  82.707 1.0000000000
63883  33.068  -42.948  81.966 1.0000000000
65226  34.192  -41.901  81.150 1.0000000000
63906  33.548  -42.421  81.210 1.0000000000
65239  33.544  -41.635  80.323 1.0000000000
66555  32.911  -40.363  79.331 1.0000000000
66566  32.281  -40.384  78.698 1.0000000000
67802  31.262  -39.348  78.566 1.0000000000
66567  31.667  -40.471  78.060 1.0000000000
67814  30.952  -39.871  77.686 0.8750000000
67815  30.446  -39.187  77.858 0.7500000000
69073  29.806  -38.785  78.144 0.6250000000
69091  29.408  -38.457  77.701 0.6250000000
65213  34.998  -41.545  82.788 0.8750000000
65225  34.849  -41.254  81.873 0.8750000000
66541  34.958  -40.123  81.894 0.8750000000
65238  34.336  -41.116  80.980 0.8750000000
66548  34.123  -40.313  80.640 1.0000000000
66554  33.526  -40.323  79.955 1.0000000000
67801  32.271  -39.439  79.284 1.0000000000
67803  30.374  -38.939  78.484 0.7500000000
69074  29.211  -38.338  78.312 0.6250000000
66540  35.136  -40.248  82.477 0.8750000000
69028  32.892  -38.589  81.742 1.0000000000
67784  34.162  -39.336  81.509 1.0000000000
69041  33.395  -38.850  81.340 1.0000000000
70322  32.051  -38.301  82.013 1.0000000000
67790  33.601  -39.349  80.598 1.0000000000
69042  32.663  -38.652  80.874 1.0000000000
70339  31.824  -38.261  81.248 1.0000000000
67791  33.057  -39.323  79.822 1.0000000000
69058  32.314  -38.796  79.954 1.0000000000
69043  31.767  -38.415  80.492 1.0000000000
69044  30.948  -38.227  80.236 1.0000000000
69059  31.466  -38.722  79.625 1.0000000000
69060  30.067  -38.340  79.287 0.6250000000
69061  29.126  -38.026  78.930 0.6250000000
70359  28.872  -37.282  79.501 0.7500000000
70381  28.674  -37.777  78.401 0.6250000000
70382  28.288  -37.103  78.438 0.6250000000
71552  28.288  -36.346  79.358 0.6250000000
70340  31.133  -38.062  81.037 1.0000000000
70341  30.231  -37.617  80.650 1.0000000000
70358  29.682  -37.610  79.955 1.0000000000
71551  28.600  -36.291  79.949 0.8750000000
70323  31.283  -37.944  81.802 1.0000000000
71526  30.662  -37.267  82.328 1.0000000000
70324  30.677  -37.597  81.540 1.0000000000
71527  29.977  -36.978  81.729 1.0000000000
71537  29.625  -36.982  80.994 1.0000000000
71538  29.072  -36.479  80.600 1.0000000000
72674  28.383  -35.845  79.719 0.8750000000
72675  28.182  -35.355  79.163 0.7500000000
72625  30.557  -36.489  82.911 1.0000000000
72641  30.177  -36.481  82.424 1.0000000000
72642  29.715  -35.842  82.035 1.0000000000
71528  29.482  -36.380  81.377 1.0000000000
72643  29.159  -35.592  81.238 1.0000000000
72656  28.724  -35.405  80.223 1.0000000000
72657  28.590  -34.738  79.719 0.8750000000
73778  28.460  -34.325  79.208 0.8750000000
76130  28.787  -33.160  78.174 0.8750000000
76146  29.228  -32.722  77.269 0.8750000000
77345  30.709  -32.220  75.334 0.6250000000
72610  30.934  -36.392  83.633 0.8750000000
72626  30.189  -35.753  82.748 1.0000000000
73735  30.333  -35.001  83.243 1.0000000000
73743  29.881  -34.916  82.536 1.0000000000
73754  29.404  -34.799  81.815 1.0000000000
74868  29.604  -33.954  82.326 1.0000000000
73755  29.006  -34.627  81.012 1.0000000000
73765  28.791  -34.419  80.282 1.0000000000
74894  29.030  -33.311  80.092 1.0000000000
74881  28.810  -33.855  80.115 1.0000000000
74904  28.997  -33.156  79.373 0.8750000000
76129  29.274  -32.689  78.610 0.8750000000
76112  29.475  -32.677  79.861 0.8750000000
76128  30.481  -31.893  78.035 1.0000000000
77330  30.825  -31.848  75.994 0.7500000000
76145  30.185  -32.149  76.697 0.8750000000
72592  31.099  -35.879  84.588 0.7500000000
73708  30.773  -34.919  84.940 0.7500000000
73722  30.627  -35.113  83.958 0.7500000000
73723  30.429  -34.631  83.620 0.8750000000
74854  30.298  -34.092  83.470 0.8750000000
74860  30.029  -34.152  82.952 0.8750000000
76035  30.505  -33.224  83.409 0.8750000000
76053  30.088  -33.343  82.758 1.0000000000
76070  29.741  -32.827  81.802 1.0000000000
74869  29.240  -33.843  81.552 1.0000000000
76071  29.322  -33.308  81.241 1.0000000000
76111  30.283  -32.025  79.497 1.0000000000
77329  31.744  -31.666  76.161 0.8750000000
77315  31.070  -31.735  76.952 1.0000000000
72573  31.237  -35.725  85.526 0.7500000000
73697  30.986  -34.686  85.985 0.7500000000
74827  30.830  -33.814  85.223 0.7500000000
74841  30.589  -34.159  84.356 0.8750000000
74842  30.479  -34.342  83.845 0.8750000000
75990  31.343  -32.898  85.252 0.8750000000
76014  30.816  -33.129  84.319 0.8750000000
76034  31.146  -32.394  83.539 0.8750000000
76052  30.602  -32.466  82.694 0.8750000000
76068  31.987  -31.183  81.843 0.8750000000
76051  31.503  -31.728  82.717 1.0000000000
77245  31.638  -31.196  81.565 1.0000000000
76089  30.090  -32.208  80.703 1.0000000000
76088  31.063  -31.559  80.477 1.0000000000
76110  31.638  -31.755  79.209 1.0000000000
77295  32.163  -31.916  78.127 1.0000000000
77343  32.462  -31.406  75.343 0.8750000000
75988  33.048  -32.266  85.301 0.8750000000
75989  32.099  -32.381  85.266 0.8750000000
75987  34.038  -32.252  85.319 0.8750000000
76011  33.614  -31.928  84.446 0.7500000000
76033  32.057  -31.808  83.593 0.8750000000
76031  34.119  -31.432  83.577 0.5000000000
76032  33.100  -31.571  83.579 0.8750000000
76048  34.569  -31.208  82.566 0.7500000000
76067  32.992  -31.229  81.650 0.8750000000
77261  31.910  -31.104  81.356 1.0000000000
76065  34.954  -31.295  81.553 0.8750000000
76085  34.406  -31.671  80.603 1.0000000000
76066  34.007  -31.299  81.564 1.0000000000
77262  31.535  -31.269  81.143 1.0000000000
76086  33.404  -31.551  80.605 1.0000000000
76109  32.835  -31.832  79.682 1.0000000000
76087  32.206  -31.344  80.713 1.0000000000
76108  33.820  -32.046  79.580 1.0000000000
77278  33.295  -32.030  79.065 1.0000000000
77279  32.623  -31.894  78.878 1.0000000000
77328  32.714  -31.615  76.425 1.0000000000
77327  33.643  -31.509  76.808 1.0000000000
77342  33.269  -31.086  75.927 1.0000000000
78524  33.004  -30.519  74.901 0.7500000000
73684  31.742  -35.030  87.656 0.5000000000
73685  31.450  -34.533  87.140 0.6250000000
74799  32.052  -33.055  86.837 0.6250000000
74815  31.406  -33.477  86.277 0.6250000000
74786  32.366  -33.284  87.856 0.5000000000
74814  31.864  -32.916  86.314 0.7500000000
76009  35.598  -31.716  84.523 0.5000000000
76010  34.609  -31.816  84.481 0.5000000000
76029  36.097  -31.341  83.584 0.5000000000
76030  35.114  -31.441  83.555 0.5000000000
76047  35.515  -31.156  82.574 0.5000000000
76064  35.810  -31.100  81.591 0.5000000000
76084  35.301  -31.542  80.634 1.0000000000
77293  33.749  -32.118  78.801 1.0000000000
77312  34.174  -31.913  77.920 1.0000000000
79726  34.657  -29.462  72.032 0.1250000000
79727  33.642  -29.357  72.483 0.2500000000
79711  33.052  -29.354  73.386 0.5000000000
79700  33.057  -29.423  74.355 0.5000000000
80885  33.237  -28.342  73.081 0.2500000000
80867  32.996  -28.401  73.907 0.5000000000
75935  33.024  -32.688  87.598 0.5000000000
75948  32.795  -32.718  86.953 0.6250000000
75947  33.617  -32.505  87.023 0.7500000000
75964  34.339  -32.370  86.235 0.3750000000
75946  34.498  -32.275  87.188 0.3750000000
75966  32.433  -32.639  86.114 0.7500000000
75962  36.283  -32.054  86.515 0.2500000000
75963  35.293  -32.195  86.357 0.3750000000
75984  36.964  -31.629  85.677 0.2500000000
75985  35.991  -31.943  85.498 0.2500000000
75986  35.004  -32.075  85.402 0.3750000000
76008  36.596  -31.515  84.611 0.3750000000
76046  36.446  -31.019  82.619 0.5000000000
76107  34.824  -32.010  79.743 1.0000000000
77341  33.829  -30.864  76.479 1.0000000000
79688  33.923  -29.492  76.195 0.8750000000
78508  34.191  -30.314  76.618 1.0000000000
79689  33.389  -29.465  75.324 0.8750000000
78523  33.600  -30.311  75.898 0.8750000000
80907  35.303  -28.678  72.089 0.1250000000
80908  34.408  -28.490  72.138 0.1250000000
74773  32.997  -33.062  88.666 0.2500000000
77126  39.784  -31.390  90.964 0.2500000000
75902  39.457  -31.513  90.894 0.2500000000
75920  33.802  -32.686  89.047 0.1250000000
77140  39.979  -31.324  90.101 0.2500000000
75934  33.595  -32.477  87.998 0.1250000000
74785  32.944  -32.808  88.068 0.3750000000
75914  39.480  -31.545  90.468 0.2500000000
75930  37.687  -31.825  88.903 0.2500000000
75932  35.661  -32.128  88.418 0.2500000000
75928  39.642  -31.521  89.380 0.2500000000
75929  38.656  -31.750  89.158 0.2500000000
75931  36.689  -31.999  88.648 0.2500000000
75945  35.497  -32.169  87.362 0.2500000000
75941  39.278  -31.584  88.385 0.2500000000
75942  38.435  -31.745  88.104 0.2500000000
75943  37.502  -31.918  87.818 0.2500000000
75944  36.515  -32.116  87.567 0.2500000000
75959  39.073  -31.469  87.401 0.2500000000
75961  37.273  -31.826  86.740 0.2500000000
75960  38.222  -31.578  87.042 0.2500000000
75983  38.020  -31.440  85.918 0.2500000000
76028  37.131  -31.175  83.639 0.5000000000
76083  35.989  -31.072  80.646 0.7500000000
76106  35.596  -31.637  79.712 1.0000000000
76142  35.154  -31.396  78.275 1.0000000000
78507  34.720  -30.346  77.257 1.0000000000
79673  34.489  -29.625  76.885 1.0000000000
80855  33.083  -28.494  74.856 0.8750000000
80854  33.616  -28.402  75.820 0.8750000000
82030  33.544  -27.614  72.757 0.5000000000
82012  33.018  -27.783  73.815 0.5000000000
82028  34.978  -27.897  71.941 0.1250000000
82029  34.220  -27.416  72.206 0.1250000000
75915  38.849  -31.800  90.226 0.2500000000
77153  40.107  -31.296  89.554 0.2500000000
75916  37.890  -31.842  89.999 0.2500000000
75933  34.624  -32.232  88.215 0.2500000000
75958  39.746  -31.273  87.748 0.2500000000
75982  38.988  -31.194  86.300 0.2500000000
76006  38.822  -30.785  85.142 0.2500000000
76007  37.680  -31.284  84.759 0.2500000000
76123  35.712  -30.923  79.072 1.0000000000
77310  35.290  -30.918  78.258 1.0000000000
79672  35.026  -29.665  77.457 1.0000000000
81976  33.923  -27.675  76.494 1.0000000000
80838  34.239  -28.669  76.713 1.0000000000
81997  32.899  -27.614  74.254 0.6250000000
83206  33.558  -26.625  72.841 0.3750000000
83185  33.058  -26.641  73.881 0.6250000000
75940  39.901  -31.357  88.589 0.2500000000
77165  40.292  -30.977  88.068 0.2500000000
75981  39.569  -31.132  86.932 0.2500000000
77195  39.230  -30.837  85.754 0.2500000000
76045  37.416  -30.872  82.641 0.5000000000
76082  36.741  -30.652  80.716 0.7500000000
76105  35.851  -31.169  79.711 1.0000000000
80822  35.183  -28.783  77.720 1.0000000000
78494  35.213  -30.331  77.823 1.0000000000
80837  34.716  -29.071  77.215 1.0000000000
83166  32.969  -26.666  74.863 0.8750000000
83152  33.834  -26.673  76.330 1.0000000000
84521  33.441  -25.861  73.589 0.7500000000
84504  33.282  -25.861  74.585 0.8750000000
76027  38.391  -30.868  83.694 0.5000000000
76062  37.546  -30.539  81.727 0.5000000000
77260  37.218  -30.370  80.729 1.0000000000
77291  36.000  -30.553  79.155 1.0000000000
78493  35.630  -30.292  78.337 1.0000000000
77309  35.662  -30.573  78.642 1.0000000000
79658  35.601  -29.616  78.059 1.0000000000
81962  34.364  -27.799  77.133 1.0000000000
81961  34.855  -27.839  77.704 1.0000000000
83141  34.108  -27.046  76.976 1.0000000000
84491  33.306  -26.053  75.241 1.0000000000
84520  33.849  -25.341  73.240 0.8750000000
84503  33.758  -25.151  74.195 1.0000000000
77194  39.756  -30.710  86.101 0.2500000000
76005  39.182  -30.471  84.864 0.2500000000
76061  38.131  -30.356  82.109 0.5000000000
77275  36.827  -30.319  80.124 1.0000000000
78470  36.963  -29.773  79.648 1.0000000000
79641  36.034  -29.337  78.563 1.0000000000
78481  36.049  -30.194  78.793 1.0000000000
81945  35.754  -27.911  78.858 1.0000000000
81946  35.335  -27.954  78.267 1.0000000000
80808  35.730  -28.745  78.364 1.0000000000
84475  34.442  -26.126  77.034 1.0000000000
83134  34.576  -27.022  77.490 1.0000000000
85817  34.491  -24.491  74.548 1.0000000000
84490  34.042  -25.389  75.643 1.0000000000
85831  35.215  -24.004  73.666 0.6250000000
85849  35.567  -24.227  72.503 0.3750000000
85832  34.269  -24.697  73.516 0.6250000000
85872  37.307  -24.679  70.306 0.1250000000
85859  36.907  -24.059  71.301 0.3750000000
76026  39.174  -30.438  84.418 0.2500000000
77242  38.656  -30.044  82.301 0.5000000000
77258  38.300  -29.933  81.690 0.5000000000
80775  37.515  -28.155  80.611 1.0000000000
80789  37.581  -28.682  80.661 1.0000000000
79614  37.833  -29.068  80.991 1.0000000000
78469  37.217  -29.846  80.152 1.0000000000
83096  38.200  -26.142  80.516 1.0000000000
81911  37.617  -27.258  80.581 1.0000000000
80790  37.196  -28.588  80.182 1.0000000000
79622  37.407  -29.258  80.395 1.0000000000
84423  39.180  -24.555  79.626 1.0000000000
84410  38.639  -25.522  80.435 1.0000000000
81928  37.231  -26.858  80.140 1.0000000000
81912  37.289  -27.931  80.385 1.0000000000
80791  36.681  -28.763  79.535 1.0000000000
83110  37.585  -26.193  80.073 1.0000000000
83111  36.892  -26.379  79.622 1.0000000000
83112  36.500  -27.110  79.567 1.0000000000
84424  38.279  -24.974  79.595 1.0000000000
84425  37.439  -25.661  79.596 1.0000000000
84438  37.079  -25.232  78.897 1.0000000000
84439  36.397  -25.713  78.830 1.0000000000
83123  35.977  -26.615  78.984 1.0000000000
83124  35.520  -27.355  78.614 1.0000000000
84437  38.128  -24.487  78.039 1.0000000000
84456  36.171  -25.369  78.024 1.0000000000
83132  35.597  -26.163  78.279 1.0000000000
83133  35.195  -26.910  78.133 1.0000000000
84455  37.315  -24.533  77.559 1.0000000000
84473  36.675  -24.323  76.808 1.0000000000
84474  35.364  -24.938  76.749 1.0000000000
85802  35.639  -24.107  75.820 1.0000000000
84489  34.898  -24.621  75.973 1.0000000000
86970  36.494  -23.598  74.147 0.8750000000
85816  35.379  -23.986  74.726 0.8750000000
85848  36.534  -23.904  72.340 0.3750000000
78461  38.131  -29.562  81.331 0.8750000000
81910  38.606  -27.010  81.118 1.0000000000
80774  38.024  -28.165  81.075 1.0000000000
83095  38.821  -26.002  80.822 1.0000000000
85733  39.203  -24.282  78.948 1.0000000000
85747  39.026  -24.271  78.135 1.0000000000
84454  38.233  -24.234  76.944 1.0000000000
84471  38.326  -24.086  76.415 1.0000000000
85801  36.828  -23.800  75.983 1.0000000000
85800  37.906  -23.795  75.633 1.0000000000
85814  37.338  -23.573  74.633 0.8750000000
85815  36.271  -23.751  74.968 1.0000000000
85847  37.738  -23.584  72.297 0.6250000000
85829  36.980  -23.587  73.398 0.7500000000
87013  38.699  -23.061  70.441 0.3750000000
87014  38.342  -23.434  70.864 0.2500000000
85858  37.755  -23.768  71.085 0.6250000000
85698  42.302  -24.258  81.208 0.7500000000
84395  41.489  -24.866  81.489 0.8750000000
85714  41.977  -23.958  80.465 0.8750000000
84407  41.311  -24.359  80.761 0.8750000000
85730  41.981  -23.702  79.328 0.8750000000
85715  41.189  -24.047  80.139 0.8750000000
85716  40.401  -24.264  80.044 1.0000000000
84409  39.455  -25.050  80.584 1.0000000000
79613  38.463  -28.859  81.503 0.8750000000
85744  41.842  -23.778  78.319 0.8750000000
85731  40.993  -23.831  79.217 0.8750000000
85732  39.938  -24.151  79.266 1.0000000000
85746  39.905  -24.063  78.121 1.0000000000
85766  38.973  -24.201  77.089 1.0000000000
85782  38.872  -24.104  76.207 1.0000000000
85798  39.578  -24.062  75.386 1.0000000000
85799  38.802  -23.905  75.394 1.0000000000
85812  39.369  -23.893  74.465 1.0000000000
85813  38.478  -23.729  74.551 1.0000000000
85827  39.015  -23.764  73.583 1.0000000000
85828  38.090  -23.573  73.546 0.8750000000
85845  39.325  -23.606  72.852 0.7500000000
86999  38.463  -23.426  72.284 0.6250000000
88153  39.172  -22.737  69.865 0.3750000000
88140  39.237  -22.593  70.887 0.3750000000
87006  38.976  -22.930  71.540 0.6250000000
87007  38.373  -23.346  71.729 0.6250000000
85743  42.848  -23.909  78.453 0.8750000000
85745  40.819  -23.838  78.214 0.8750000000
85779  41.533  -24.211  76.491 1.0000000000
85763  41.680  -23.989  77.393 0.8750000000
85764  40.727  -24.058  77.255 1.0000000000
85795  42.333  -24.077  75.682 1.0000000000
85780  40.597  -24.216  76.360 1.0000000000
85796  41.310  -24.210  75.576 1.0000000000
85811  40.203  -23.992  74.534 1.0000000000
85826  39.934  -23.708  73.392 1.0000000000
86997  39.791  -23.125  72.378 0.7500000000
88129  39.890  -22.400  71.496 0.6250000000
87005  39.504  -22.760  71.781 0.6250000000
86998  38.963  -23.317  72.283 0.7500000000
90238  41.812  -19.944  69.854 0.8750000000
90251  41.208  -20.470  69.545 0.7500000000
89206  40.588  -21.056  70.165 0.3750000000
88139  39.620  -22.143  70.341 0.6250000000
88130  39.396  -22.660  71.460 0.5000000000
91307  43.727  -19.900  67.620 0.3750000000
91293  42.336  -19.889  68.661 0.7500000000
90250  41.814  -20.015  68.978 0.6250000000
89217  40.686  -21.047  69.113 0.5000000000
89218  40.116  -21.623  69.706 0.5000000000
88152  39.749  -22.320  69.291 0.3750000000
90275  44.411  -20.511  66.896 0.2500000000
90290  45.319  -21.045  66.438 0.2500000000
89257  46.028  -21.751  66.252 0.2500000000
90274  45.517  -20.112  66.821 0.5000000000
85762  42.646  -23.999  77.550 0.8750000000
86949  43.842  -23.873  77.007 0.7500000000
85777  43.273  -23.998  76.890 0.8750000000
85778  42.447  -24.124  76.691 0.8750000000
85794  43.036  -23.919  76.202 0.8750000000
85809  41.837  -23.924  74.808 1.0000000000
85810  41.019  -24.022  74.725 1.0000000000
85824  41.456  -23.755  74.163 1.0000000000
86979  41.318  -23.195  73.571 1.0000000000
85825  40.788  -23.768  73.835 1.0000000000
86980  40.516  -23.164  72.919 0.8750000000
86981  40.123  -23.413  72.866 0.8750000000
89198  40.615  -21.404  71.298 0.8750000000
88128  40.336  -22.038  71.562 0.6250000000
88119  40.504  -22.335  72.131 0.7500000000
86996  40.245  -22.868  72.410 0.8750000000
91267  43.499  -19.211  70.290 1.0000000000
90229  41.306  -20.545  71.472 0.8750000000
89199  40.258  -21.907  71.282 0.6250000000
91281  43.283  -19.380  69.290 0.8750000000
91268  42.569  -19.528  70.080 0.8750000000
90239  41.161  -20.472  70.535 0.6250000000
91291  44.001  -19.394  68.432 0.6250000000
91306  44.739  -19.606  67.551 0.6250000000
91305  45.878  -19.493  67.697 0.8750000000
90289  46.298  -20.797  66.380 0.3750000000
90288  47.370  -20.631  66.454 0.5000000000
90273  46.631  -19.916  66.914 0.8750000000
86948  44.426  -23.492  77.303 0.7500000000
86957  43.766  -23.488  76.367 0.8750000000
88089  43.880  -22.585  76.360 0.8750000000
86963  43.068  -23.416  75.591 1.0000000000
86964  42.462  -23.345  74.902 1.0000000000
88093  43.374  -22.635  75.838 1.0000000000
88094  42.725  -22.524  75.205 1.0000000000
88097  42.232  -22.462  74.390 1.0000000000
89178  41.399  -21.460  73.077 1.0000000000
88104  41.702  -22.423  73.638 1.0000000000
92396  43.592  -17.982  75.284 1.0000000000
92407  42.561  -18.931  73.821 1.0000000000
91234  42.008  -19.615  73.430 1.0000000000
90204  41.606  -20.452  73.248 1.0000000000
88105  41.106  -22.380  72.927 0.8750000000
93510  43.832  -17.512  76.114 1.0000000000
92406  43.419  -18.467  74.074 1.0000000000
92428  42.703  -19.127  72.623 1.0000000000
91235  41.837  -19.781  72.914 1.0000000000
89191  41.095  -21.454  72.208 0.8750000000
92426  43.820  -18.749  72.658 1.0000000000
91249  42.440  -19.407  72.303 1.0000000000
90218  41.888  -19.861  71.589 1.0000000000
92415  44.304  -18.542  73.213 0.8750000000
91255  44.795  -19.022  71.459 0.8750000000
91280  44.347  -19.180  69.479 0.8750000000
91290  45.133  -19.261  68.595 0.7500000000
88082  44.727  -22.529  77.304 0.6250000000
88088  44.311  -22.565  76.829 0.7500000000
90164  44.518  -20.805  78.298 0.6250000000
89145  44.614  -21.557  77.716 0.6250000000
89152  43.626  -21.633  76.822 1.0000000000
89153  42.788  -21.150  76.495 0.8750000000
89160  42.740  -21.647  75.892 1.0000000000
89168  42.106  -21.592  74.860 1.0000000000
94601  43.877  -16.737  77.782 0.5000000000
90185  42.335  -20.546  76.139 1.0000000000
94624  44.042  -16.711  77.418 0.6250000000
93487  43.766  -17.123  77.102 1.0000000000
92365  42.602  -18.728  76.662 1.0000000000
92384  42.607  -18.665  75.837 1.0000000000
91216  42.179  -19.578  75.520 1.0000000000
89177  41.769  -21.514  73.920 1.0000000000
93486  44.292  -16.793  76.990 0.6250000000
92397  42.561  -18.712  74.822 1.0000000000
91224  42.016  -19.604  74.527 1.0000000000
93509  44.601  -16.967  76.518 0.7500000000
93526  44.288  -17.563  75.704 0.8750000000
92395  44.784  -17.901  74.975 0.7500000000
92404  45.445  -18.055  74.070 0.7500000000
91233  45.263  -18.659  72.786 0.7500000000
91254  45.831  -19.073  71.713 0.7500000000
91279  45.564  -19.262  69.747 0.8750000000
91304  46.990  -19.413  67.881 1.0000000000
90287  48.462  -20.539  66.710 0.6250000000
90272  47.735  -19.886  67.216 0.7500000000
96760  44.732  -14.767  80.008 0.5000000000
90165  43.723  -20.543  78.055 0.7500000000
90174  43.357  -20.858  77.394 0.8750000000
92324  43.686  -18.435  79.284 0.5000000000
90166  42.995  -20.211  77.580 0.7500000000
95712  44.320  -15.596  78.893 0.5000000000
95696  44.384  -15.646  79.842 0.5000000000
94580  43.922  -16.501  79.218 0.5000000000
93447  43.508  -17.477  78.917 0.5000000000
92344  43.184  -18.401  78.490 0.6250000000
91194  42.595  -19.453  77.227 0.8750000000
94600  44.130  -16.224  78.302 0.6250000000
94581  43.710  -16.841  78.461 0.6250000000
92364  42.852  -18.259  77.455 0.7500000000
91206  42.362  -19.566  76.412 0.8750000000
95754  45.226  -15.509  77.717 0.3750000000
94623  44.566  -16.359  77.364 0.3750000000
93467  43.372  -17.416  78.045 0.7500000000
94643  44.786  -16.612  76.885 0.5000000000
94642  45.193  -16.550  76.748 0.5000000000
93525  45.208  -17.446  75.625 0.6250000000
92394  45.800  -17.829  74.807 0.6250000000
92414  45.232  -18.390  73.396 0.7500000000
91232  45.982  -18.652  72.835 0.7500000000
90227  46.548  -19.204  71.931 0.7500000000
90237  46.580  -19.314  71.536 0.7500000000
91265  46.053  -19.299  70.919 0.7500000000
90249  47.307  -19.645  70.828 0.8750000000
91264  46.866  -19.491  70.826 0.8750000000
91289  46.311  -19.307  68.816 1.0000000000
90246  49.543  -20.436  69.724 0.8750000000
90257  48.984  -19.965  69.163 1.0000000000
91276  48.483  -19.807  69.503 0.8750000000
91288  47.407  -19.390  68.932 0.8750000000
91287  48.311  -19.605  68.905 0.8750000000
91303  47.908  -19.497  68.117 1.0000000000
90271  48.855  -19.997  67.878 0.8750000000
90285  49.761  -20.780  67.215 0.3750000000
96761  44.553  -15.020  79.308 0.3750000000
97903  45.186  -13.889  80.088 0.3750000000
97925  45.597  -13.605  78.963 0.3750000000
96779  44.947  -14.404  79.181 0.3750000000
96800  45.474  -14.697  78.274 0.3750000000
96814  45.705  -15.132  77.735 0.3750000000
94622  45.559  -16.026  77.061 0.5000000000
95753  45.968  -15.469  77.334 0.3750000000
94641  46.048  -16.508  76.540 0.5000000000
93508  45.629  -16.987  76.173 0.5000000000
93524  46.164  -17.446  75.486 0.6250000000
93507  46.546  -17.024  76.027 0.6250000000
92393  46.738  -17.797  74.693 0.6250000000
92413  46.002  -18.369  73.385 0.6250000000
92403  46.482  -18.178  73.855 0.6250000000
91231  46.777  -18.822  72.936 0.7500000000
90202  47.373  -19.232  72.517 0.6250000000
90216  46.957  -19.224  72.251 0.7500000000
90224  48.359  -19.999  71.596 0.7500000000
90225  47.639  -19.744  71.732 0.7500000000
90226  47.092  -19.471  71.819 0.8750000000
90223  49.253  -20.290  71.318 0.8750000000
90234  48.518  -20.069  70.898 0.8750000000
90233  49.379  -20.412  70.559 0.8750000000
90247  48.653  -20.062  70.049 0.8750000000
89224  51.044  -21.301  69.099 0.8750000000
89225  50.326  -20.826  69.394 0.8750000000
97924  46.054  -13.077  78.892 0.3750000000
97944  46.475  -13.433  78.440 0.3750000000
97945  45.948  -13.976  78.393 0.3750000000
96799  46.357  -14.285  77.974 0.3750000000
95752  46.769  -15.394  77.164 0.3750000000
94640  46.930  -16.520  76.391 0.5000000000
93506  47.431  -17.050  75.923 0.6250000000
93523  47.069  -17.462  75.389 0.6250000000
92392  47.602  -17.839  74.651 0.6250000000
91222  47.797  -18.700  73.456 0.6250000000
91229  48.072  -19.160  73.065 0.6250000000
90201  47.861  -19.433  72.589 0.6250000000
90200  48.630  -19.541  72.854 0.7500000000
91221  48.629  -18.793  73.626 0.6250000000
89197  50.113  -20.538  71.757 0.7500000000
90213  49.154  -20.030  72.157 0.7500000000
89205  50.141  -20.717  70.987 0.8750000000
89215  50.874  -21.338  69.983 0.8750000000
96798  47.193  -14.068  77.778 0.3750000000
94620  47.328  -15.964  76.716 0.3750000000
94639  47.815  -16.571  76.322 0.6250000000
93521  48.748  -17.509  75.341 0.3750000000
93505  48.322  -17.067  75.863 0.6250000000
92390  49.493  -17.934  75.041 0.5000000000
92391  48.540  -18.008  74.577 0.6250000000
91215  49.236  -18.468  74.283 0.3750000000
90193  50.040  -19.447  73.721 0.3750000000
90194  49.251  -19.336  73.390 0.6250000000
89175  51.070  -20.407  73.039 0.3750000000
89190  50.219  -20.266  72.545 0.7500000000
90199  49.598  -19.781  72.963 0.7500000000
89188  51.527  -21.601  71.962 0.5000000000
89196  50.841  -21.170  71.452 0.7500000000
89195  51.421  -21.733  71.096 0.7500000000
89203  51.330  -21.705  70.439 0.7500000000
88138  51.972  -22.181  70.517 0.6250000000
88151  52.194  -22.190  69.525 0.8750000000
91212  51.511  -19.092  75.181 0.1250000000
90183  51.079  -19.388  74.563 0.1250000000
91214  49.978  -18.718  74.490 0.2500000000
90182  51.737  -19.707  74.727 0.1250000000
90192  50.698  -19.655  74.002 0.1250000000
89174  51.872  -21.189  72.969 0.2500000000
88118  52.212  -21.841  72.336 0.5000000000
88127  52.081  -22.097  71.510 0.6250000000
93504  49.386  -17.197  75.965 0.2500000000
93503  50.287  -17.463  76.203 0.1250000000
93484  50.851  -17.429  76.851 0.1250000000
92381  50.870  -18.057  75.955 0.1250000000
92389  50.280  -18.204  75.210 0.2500000000
92380  51.655  -18.395  76.283 0.1250000000
92361  52.708  -18.369  77.125 0.1250000000
91211  52.056  -19.299  75.362 0.1250000000
91203  52.577  -19.072  75.877 0.1250000000
90181  52.479  -19.720  75.177 0.1250000000
91191  53.283  -18.604  76.812 0.1250000000
89164  52.523  -20.813  73.911 0.2500000000
88103  52.393  -21.603  72.813 0.2500000000
45315  6.839  -55.350  95.926 0.6250000000
45342  5.464  -55.484  94.244 0.5000000000
45328  7.125  -55.518  95.678 0.6250000000
49020  4.195  -54.717  93.550 0.2500000000
45360  3.874  -55.880  93.113 0.3750000000
47805  3.514  -55.381  93.052 0.3750000000
45375  4.738  -56.900  92.323 0.3750000000
44195  4.697  -58.178  92.160 0.2500000000
44183  3.105  -58.173  92.255 0.3750000000
45393  2.966  -57.184  92.181 0.3750000000
47769  8.615  -55.041  96.413 0.6250000000
50226  3.637  -54.621  92.692 0.2500000000
49055  3.294  -54.993  92.235 0.2500000000
51420  5.218  -53.316  92.363 0.2500000000
46575  6.702  -55.894  91.414 0.3750000000
50246  3.537  -54.458  91.968 0.2500000000
50264  3.356  -54.280  91.104 0.2500000000
46630  8.694  -56.544  88.631 0.1250000000
46609  7.238  -57.010  89.615 0.2500000000
46592  6.789  -56.717  90.224 0.2500000000
46576  6.095  -56.840  91.094 0.3750000000
47826  8.747  -54.515  90.822 0.6250000000
47778  9.530  -54.396  94.842 0.8750000000
47815  9.575  -54.110  92.296 0.8750000000
50302  11.130  -53.267  88.955 0.5000000000
49087  9.227  -54.278  90.338 0.7500000000
49032  10.080  -53.933  93.356 0.7500000000
49031  10.612  -53.556  93.820 0.7500000000
49052  10.654  -53.617  92.900 0.8750000000
50301  11.631  -52.902  88.377 0.5000000000
50280  11.666  -52.753  89.393 0.7500000000
51388  12.033  -51.649  94.779 0.6250000000
51379  11.985  -51.806  95.565 0.5000000000
50205  11.076  -53.270  93.379 0.8750000000
51500  12.578  -52.532  87.540 0.3750000000
52658  12.765  -51.609  88.460 0.3750000000
52578  12.688  -50.833  93.850 0.6250000000
52596  12.604  -51.012  92.819 0.6250000000
51435  12.239  -52.223  91.868 0.8750000000
51434  12.485  -51.830  91.629 1.0000000000
51450  12.326  -52.115  90.874 1.0000000000
50260  11.836  -52.725  90.366 0.8750000000
53754  12.800  -50.432  92.300 0.8750000000
56292  13.613  -48.371  92.860 0.7500000000
54998  13.748  -48.775  94.410 0.6250000000
56389  14.572  -48.925  87.128 0.8750000000
57601  14.884  -47.927  87.799 1.0000000000
52775  20.968  -51.288  81.573 0.3750000000
52759  21.504  -51.649  82.266 0.1250000000
52762  18.838  -51.195  82.611 0.5000000000
53920  19.026  -50.747  82.070 0.5000000000
52747  19.153  -51.783  83.238 0.1250000000
53934  20.500  -50.705  81.225 0.3750000000
57514  14.316  -46.765  92.206 0.7500000000
57580  14.797  -47.829  88.387 0.8750000000
53933  21.164  -50.853  80.986 0.3750000000
55235  19.859  -49.780  81.127 0.7500000000
58903  16.258  -45.943  87.289 0.8750000000
58962  17.344  -45.989  84.560 0.6250000000
58943  16.587  -46.210  85.207 0.7500000000
58985  17.014  -46.874  83.633 0.6250000000
57631  16.050  -47.233  84.796 0.7500000000
59007  17.253  -47.259  83.232 0.7500000000
57652  16.288  -47.412  84.174 0.7500000000
56498  21.605  -48.432  80.139 0.7500000000
60149  17.679  -45.671  84.972 0.7500000000
60148  17.885  -45.672  84.780 0.7500000000
56369  27.097  -46.957  89.374 0.3750000000
55098  25.038  -47.452  88.477 0.7500000000
55080  25.872  -47.846  89.450 0.5000000000
58898  28.369  -45.684  88.567 0.6250000000
57595  28.855  -46.080  89.165 0.6250000000
57597  26.845  -46.209  88.580 0.7500000000
58899  27.483  -45.833  88.456 0.6250000000
56383  25.645  -46.577  88.157 0.8750000000
57598  26.025  -46.336  88.252 0.7500000000
55118  24.659  -47.059  87.745 0.8750000000
53862  23.302  -48.069  87.684 0.8750000000
55119  24.112  -47.389  87.584 0.8750000000
53863  22.665  -48.116  87.713 0.8750000000
53844  22.497  -48.135  88.328 0.6250000000
55100  21.884  -47.775  87.980 0.8750000000
55082  21.717  -47.633  88.494 0.7500000000
56359  21.123  -47.026  88.592 0.7500000000
56372  21.240  -46.974  87.730 0.8750000000
60109  29.005  -44.526  87.525 0.8750000000
58919  28.734  -45.135  88.056 0.7500000000
58921  26.887  -45.670  88.054 0.7500000000
58922  26.020  -45.597  87.655 1.0000000000
57612  24.818  -46.238  87.227 1.0000000000
55143  23.555  -47.306  86.489 1.0000000000
55120  23.424  -47.804  87.072 1.0000000000
60107  30.851  -44.295  87.682 0.7500000000
60130  29.288  -43.891  86.878 1.0000000000
60131  28.317  -44.237  86.896 0.8750000000
60133  25.964  -45.041  87.035 1.0000000000
57626  24.999  -45.840  87.031 1.0000000000
56401  23.911  -46.617  86.385 1.0000000000
56402  23.441  -47.053  85.711 1.0000000000
55145  22.339  -47.730  85.998 0.8750000000
57613  20.657  -46.606  86.391 0.8750000000
58923  19.870  -45.936  86.318 0.8750000000
60077  18.461  -45.144  87.725 0.8750000000
60092  18.431  -45.261  86.928 0.8750000000
61312  29.638  -43.529  85.958 1.0000000000
61313  28.647  -43.632  86.159 1.0000000000
61314  27.527  -43.919  86.290 0.8750000000
57627  24.456  -45.969  86.492 1.0000000000
58958  24.656  -45.572  86.043 1.0000000000
57628  23.889  -46.245  85.845 1.0000000000
55165  21.889  -47.697  84.791 0.8750000000
55181  22.257  -47.796  84.328 1.0000000000
55166  21.512  -47.504  84.882 0.8750000000
56403  20.973  -47.046  85.467 0.8750000000
57629  20.645  -46.673  85.698 0.8750000000
58940  19.874  -45.963  85.497 0.8750000000
60114  17.575  -45.414  86.396 0.8750000000
61330  27.938  -43.361  85.389 1.0000000000
61332  25.291  -44.323  85.524 0.8750000000
60134  25.150  -45.223  86.337 1.0000000000
60146  24.848  -45.157  85.761 1.0000000000
57649  23.790  -46.061  85.273 1.0000000000
58981  23.819  -45.712  84.718 1.0000000000
56424  21.463  -47.595  84.464 0.8750000000
57651  20.183  -46.332  85.070 0.8750000000
61345  28.635  -43.124  84.699 1.0000000000
61344  29.406  -43.291  84.383 1.0000000000
62566  25.028  -43.846  84.800 0.8750000000
56441  22.135  -47.728  83.469 1.0000000000
63886  29.978  -42.853  81.986 1.0000000000
63910  29.564  -42.321  81.198 1.0000000000
62600  28.541  -42.470  82.919 1.0000000000
62599  29.394  -42.872  82.882 1.0000000000
62584  26.224  -42.749  84.086 0.8750000000
62585  24.695  -43.236  83.928 1.0000000000
60160  23.476  -45.305  83.317 1.0000000000
61346  23.810  -44.387  83.769 0.8750000000
59004  23.140  -46.108  82.890 0.8750000000
58982  23.434  -45.902  83.864 1.0000000000
56459  22.534  -47.267  82.560 0.8750000000
56460  22.216  -47.555  82.250 0.8750000000
57686  20.263  -47.116  82.802 0.7500000000
63912  27.185  -41.753  81.405 1.0000000000
63888  27.741  -42.071  82.336 1.0000000000
63889  26.356  -41.899  82.076 0.8750000000
63867  24.738  -42.541  82.822 0.8750000000
61347  23.438  -44.567  82.762 0.8750000000
60192  23.032  -45.385  81.364 0.8750000000
57702  22.793  -46.896  81.705 0.8750000000
56478  22.134  -47.784  81.516 0.8750000000
65242  26.708  -41.619  80.794 1.0000000000
63914  24.786  -42.122  81.345 0.8750000000
63891  24.357  -42.472  81.978 0.8750000000
62613  23.780  -43.016  81.739 0.8750000000
59033  22.895  -46.197  80.813 0.8750000000
59021  22.807  -46.789  81.240 0.8750000000
57719  22.222  -47.610  80.263 0.7500000000
61299  32.528  -43.760  86.744 0.8750000000
61327  30.872  -43.494  84.589 1.0000000000
61343  30.209  -43.463  84.155 1.0000000000
62579  31.152  -43.538  83.733 1.0000000000
63885  31.030  -43.167  81.886 1.0000000000
65259  29.755  -42.033  79.590 0.8750000000
65296  30.428  -41.392  77.703 0.8750000000
65295  30.968  -41.211  77.740 0.8750000000
66607  30.709  -41.074  76.553 0.7500000000
62576  33.888  -42.996  83.506 0.8750000000
62596  32.462  -43.242  82.675 1.0000000000
65256  33.192  -41.054  79.644 1.0000000000
67846  30.684  -39.554  76.618 0.6250000000
65224  35.185  -40.904  82.733 0.8750000000
66547  34.608  -40.291  81.348 1.0000000000
67783  34.644  -39.728  81.778 0.8750000000
70342  29.510  -37.205  80.355 1.0000000000
73734  30.574  -35.588  83.523 0.8750000000
74880  28.993  -33.721  80.768 1.0000000000
76090  29.387  -32.951  80.769 1.0000000000
76127  31.412  -31.811  78.272 1.0000000000
77314  32.005  -31.710  77.127 1.0000000000
77296  31.407  -31.776  77.704 1.0000000000
76013  31.624  -32.344  84.420 0.8750000000
76050  32.536  -31.298  82.705 0.8750000000
76069  30.897  -31.619  81.685 1.0000000000
77294  33.163  -32.050  78.349 1.0000000000
77313  32.989  -31.878  77.420 1.0000000000
75965  33.401  -32.499  86.157 0.7500000000
76012  32.599  -32.019  84.441 0.8750000000
76049  33.575  -31.180  82.616 0.8750000000
74787  31.904  -33.831  87.767 0.3750000000
74800  31.755  -33.669  87.275 0.5000000000
76126  34.420  -32.124  78.875 1.0000000000
76125  35.136  -32.008  78.924 1.0000000000
77311  34.885  -31.377  77.893 1.0000000000
76143  35.042  -31.804  78.274 1.0000000000
77326  34.386  -31.061  77.197 1.0000000000
80909  33.801  -28.232  72.518 0.3750000000
82011  33.131  -27.505  73.416 0.6250000000
76063  36.660  -30.875  81.652 0.6250000000
81988  33.133  -27.533  75.290 0.8750000000
80823  34.660  -28.458  77.305 1.0000000000
84541  33.697  -25.858  72.980 0.5000000000
76044  38.201  -30.546  82.572 0.5000000000
76081  37.329  -30.463  81.089 0.7500000000
83153  33.388  -26.586  75.616 1.0000000000
80807  36.192  -28.722  78.947 1.0000000000
79624  36.710  -29.294  79.423 1.0000000000
81930  36.291  -27.824  79.394 1.0000000000
84457  35.197  -25.928  77.724 1.0000000000
85850  34.649  -24.715  72.623 0.5000000000
86983  35.960  -23.720  73.827 0.6250000000
85860  35.914  -24.540  71.481 0.3750000000
81929  36.935  -27.612  79.989 1.0000000000
84472  37.712  -24.058  76.509 1.0000000000
85830  36.120  -23.854  73.227 0.5000000000
85871  38.073  -24.142  70.340 0.1250000000
85783  38.363  -23.961  76.048 1.0000000000
84487  37.459  -23.842  76.156 1.0000000000
85697  42.841  -24.056  81.294 0.6250000000
85765  39.829  -24.154  77.167 1.0000000000
85781  39.717  -24.194  76.263 1.0000000000
85797  40.412  -24.174  75.467 1.0000000000
85846  38.647  -23.580  72.800 0.7500000000
88120  40.113  -22.705  72.133 0.6250000000
90260  41.427  -20.631  68.649 0.3750000000
89207  40.146  -21.725  70.733 0.6250000000
91308  43.173  -20.086  67.712 0.5000000000
90276  43.307  -20.609  67.280 0.3750000000
91292  42.956  -19.761  68.319 0.6250000000
90259  42.190  -20.282  68.237 0.6250000000
90258  42.787  -20.268  67.783 0.3750000000
91282  42.433  -19.663  69.185 0.7500000000
86969  41.934  -23.253  74.185 1.0000000000
91257  42.644  -19.481  71.054 1.0000000000
91256  43.611  -19.110  71.277 1.0000000000
90228  41.854  -19.892  70.771 1.0000000000
89159  43.440  -22.125  76.196 1.0000000000
90203  41.723  -20.554  74.242 1.0000000000
92383  43.106  -17.954  76.390 1.0000000000
90219  41.523  -20.403  72.370 1.0000000000
92405  44.437  -18.185  74.160 1.0000000000
92416  43.259  -18.698  73.204 1.0000000000
92427  43.056  -18.914  72.605 1.0000000000
91248  43.741  -18.934  72.068 0.8750000000
91247  44.823  -18.805  72.283 0.8750000000
91266  44.648  -19.122  70.537 0.8750000000
89140  44.947  -21.059  78.280 0.5000000000
89146  43.824  -21.184  77.504 0.7500000000
90195  41.947  -20.610  75.277 1.0000000000
90286  49.392  -20.625  67.050 0.6250000000
91193  42.988  -19.428  78.037 0.8750000000
95735  44.707  -15.557  78.121 0.3750000000
90235  47.774  -19.828  71.186 0.8750000000
90248  47.837  -19.815  70.506 0.8750000000
91278  46.898  -19.533  70.065 0.8750000000
91277  47.938  -19.668  69.709 0.8750000000
90256  49.680  -20.397  68.701 1.0000000000
90270  49.720  -20.613  67.672 0.7500000000
94621  46.428  -15.963  76.835 0.5000000000
91223  47.193  -18.616  73.406 0.6250000000
92402  47.308  -18.222  73.987 0.6250000000
90214  48.137  -19.787  72.191 0.7500000000
89216  50.190  -20.855  70.256 0.8750000000
92401  47.986  -18.316  74.033 0.6250000000
89204  50.808  -21.295  70.710 0.8750000000
89214  51.528  -21.809  69.767 0.8750000000
90184  50.515  -19.206  74.349 0.2500000000
89176  50.419  -19.921  73.197 0.3750000000
89189  50.947  -20.903  72.279 0.3750000000
89165  51.718  -20.371  73.991 0.1250000000
90191  51.211  -19.873  74.187 0.1250000000
91204  51.928  -18.842  75.808 0.1250000000
55147  14.879  -49.300  85.592 0.6250000000
51552  19.205  -52.135  84.447 0.1250000000
51566  19.170  -51.993  83.889 0.1250000000
52726  18.733  -51.794  83.995 0.1250000000
53894  16.390  -50.554  84.203 0.1250000000
55125  14.444  -49.436  86.729 0.6250000000
52748  18.399  -51.278  83.263 0.2500000000
55169  15.371  -49.350  84.737 0.6250000000
55124  14.677  -49.224  86.247 0.6250000000
59050  22.859  -46.445  79.752 0.7500000000
59065  23.431  -46.365  78.966 0.6250000000
57736  22.998  -47.240  79.019 0.7500000000
52674  18.040  -52.745  86.762 0.1250000000
52690  18.745  -52.479  86.007 0.1250000000
52691  18.163  -52.312  85.873 0.1250000000
52692  17.742  -52.314  85.666 0.1250000000
52707  18.540  -52.020  84.955 0.1250000000
53880  17.393  -51.349  84.243 0.1250000000
53881  17.319  -51.496  84.414 0.1250000000
52727  18.088  -51.419  84.082 0.1250000000
53892  17.527  -51.066  84.026 0.1250000000
53893  17.017  -50.841  84.076 0.2500000000
55167  16.563  -50.106  83.932 0.2500000000
53907  17.698  -50.653  83.318 0.2500000000
55183  17.276  -50.064  83.273 0.2500000000
55168  16.065  -49.488  84.126 0.6250000000
56427  15.659  -48.834  84.527 0.6250000000
56405  15.428  -48.331  85.245 0.6250000000
53921  18.297  -50.469  82.436 0.3750000000
56445  16.471  -48.578  83.684 0.5000000000
56404  15.734  -47.812  84.882 0.6250000000
55199  17.560  -49.513  82.718 0.6250000000
55200  17.169  -48.952  83.034 0.6250000000
57671  16.535  -47.728  83.691 0.6250000000
60238  23.656  -45.819  78.952 0.6250000000
60228  23.533  -45.188  79.355 0.6250000000
60210  23.033  -45.288  80.357 0.7500000000
60237  23.946  -45.638  78.896 0.6250000000
55079  26.875  -47.766  89.987 0.5000000000
56464  17.992  -48.451  82.041 0.6250000000
56465  17.414  -48.386  82.650 0.6250000000
57689  17.330  -47.637  82.934 0.6250000000
61362  23.129  -44.446  81.099 0.7500000000
61375  23.292  -44.257  80.163 0.7500000000
61392  24.322  -44.251  79.499 0.6250000000
62614  23.448  -43.444  80.914 0.7500000000
62632  23.691  -43.479  80.069 0.7500000000
62654  23.817  -43.630  79.809 0.7500000000
61391  25.243  -44.295  79.729 0.5000000000
62653  24.134  -43.476  79.787 0.7500000000
65278  30.189  -41.773  78.673 0.7500000000
65297  29.481  -41.635  78.099 0.7500000000
65298  28.633  -41.665  78.354 0.6250000000
63968  28.186  -41.806  77.885 0.6250000000
63939  23.888  -43.098  80.193 0.7500000000
63985  29.083  -41.876  76.952 0.7500000000
64004  28.878  -42.346  76.864 0.6250000000
63987  27.926  -42.575  77.622 0.6250000000
62693  27.689  -42.741  77.817 0.5000000000
62651  26.043  -43.301  79.369 0.5000000000
62652  24.913  -43.497  79.721 0.5000000000
63970  26.766  -42.293  78.635 0.6250000000
62673  26.475  -42.755  78.834 0.6250000000
64003  29.578  -42.219  76.462 0.5000000000
65279  29.207  -41.730  78.949 0.7500000000
63915  23.996  -42.553  80.996 0.7500000000
65299  27.838  -41.635  78.477 0.6250000000
63969  27.571  -42.240  78.021 0.5000000000
63952  26.105  -42.408  79.224 0.6250000000
63953  25.209  -42.624  79.813 0.7500000000
63954  24.604  -43.089  79.822 0.7500000000
65280  28.331  -41.554  79.137 0.6250000000
65281  27.454  -41.482  79.237 0.6250000000
57489  14.365  -47.397  93.604 0.6250000000
56274  14.019  -48.025  93.853 0.6250000000
57498  14.445  -46.860  93.184 0.6250000000
57499  13.955  -47.597  92.756 0.6250000000
65260  28.847  -41.798  79.755 0.7500000000
63937  24.766  -42.250  80.555 0.6250000000
65262  27.035  -41.438  80.035 0.6250000000
65283  25.836  -41.987  79.712 0.6250000000
65264  25.467  -41.935  80.344 0.6250000000
65282  26.554  -41.720  79.293 0.6250000000
56327  20.323  -46.726  90.821 0.5000000000
58818  17.962  -45.418  91.056 0.5000000000
58834  16.220  -45.537  90.549 0.7500000000
58821  14.997  -46.084  91.847 0.7500000000
55068  21.327  -47.350  89.751 0.6250000000
56347  20.785  -46.887  89.433 0.5000000000
57557  20.053  -46.382  89.840 0.5000000000
57534  19.380  -45.884  90.314 0.6250000000
58833  17.316  -45.322  90.398 0.6250000000
57577  20.188  -46.252  88.601 0.6250000000
57558  19.564  -45.867  89.275 0.6250000000
58854  18.751  -45.470  89.540 0.6250000000
60066  17.175  -45.213  89.105 0.6250000000
58856  16.493  -45.383  89.333 0.7500000000
57578  19.647  -45.838  88.658 0.7500000000
58876  18.966  -45.423  88.543 0.7500000000
58877  18.182  -45.238  88.982 0.7500000000
63911  28.340  -41.918  81.076 0.8750000000
63935  29.208  -42.073  80.393 0.7500000000
63936  28.598  -41.832  80.331 0.8750000000
65261  28.020  -41.530  80.054 0.6250000000
65241  27.450  -41.593  80.685 0.6250000000
65263  26.210  -41.647  80.190 0.6250000000
65228  25.382  -41.955  81.441 0.7500000000
65243  25.931  -41.766  81.103 0.6250000000
63860  34.704  -41.557  84.156 0.7500000000
65202  34.813  -40.939  84.543 0.6250000000
66521  35.032  -40.299  84.145 0.6250000000
65212  35.083  -41.104  83.563 0.6250000000
66531  35.236  -40.274  83.254 0.6250000000
67778  34.080  -38.952  82.227 0.8750000000
69027  33.471  -38.718  82.091 0.8750000000
66510  34.859  -40.386  86.015 0.6250000000
67762  34.857  -40.181  85.662 0.6250000000
67763  34.775  -39.883  84.806 0.6250000000
68987  34.374  -39.511  84.938 0.7500000000
67769  34.766  -39.598  83.789 0.7500000000
67770  34.541  -39.209  83.363 0.7500000000
67776  35.122  -39.764  82.981 0.7500000000
67777  34.635  -39.376  82.577 0.7500000000
70290  33.041  -38.591  83.655 0.7500000000
69015  33.831  -38.763  82.836 0.7500000000
70306  32.202  -38.194  82.779 0.6250000000
71514  31.558  -37.706  82.850 0.7500000000
70321  32.758  -38.472  82.255 0.8750000000
71525  31.295  -37.732  82.420 0.8750000000
68968  34.696  -39.692  86.169 0.5000000000
68969  34.422  -39.501  85.673 0.5000000000
68988  34.101  -39.352  84.655 0.6250000000
70275  33.605  -38.970  84.860 0.6250000000
70276  33.126  -38.672  84.464 0.6250000000
69002  33.805  -38.950  83.488 0.7500000000
71504  32.371  -38.132  83.865 0.6250000000
70305  32.973  -38.516  82.751 0.7500000000
71505  31.759  -37.543  83.765 0.6250000000
71506  31.234  -37.220  83.286 0.7500000000
71515  30.980  -37.163  82.934 0.8750000000
76158  29.591  -32.730  76.168 0.6250000000
76157  30.208  -32.376  75.795 0.6250000000
77344  31.454  -31.866  75.176 0.6250000000
78540  32.583  -30.899  74.057 0.5000000000
70232  34.198  -38.863  86.563 0.3750000000
70233  33.921  -38.626  86.180 0.3750000000
70254  34.013  -38.915  85.787 0.6250000000
70255  33.748  -38.687  85.664 0.6250000000
71469  33.184  -38.251  85.440 0.6250000000
71491  33.073  -38.533  84.939 0.6250000000
71470  32.561  -37.307  85.804 0.5000000000
71492  32.568  -38.031  84.658 0.6250000000
71493  31.990  -37.110  84.901 0.7500000000
72609  31.454  -36.670  84.417 0.7500000000
76147  28.891  -32.979  77.886 0.7500000000
71432  33.953  -38.372  87.154 0.2500000000
71450  33.507  -38.027  86.400 0.5000000000
71434  33.088  -36.990  87.889 0.1250000000
71451  32.822  -37.106  86.903 0.5000000000
72571  32.408  -36.840  86.493 0.5000000000
71471  31.988  -36.856  85.494 0.5000000000
85761  43.614  -24.029  77.661 0.7500000000
71416  33.670  -37.404  88.734 0.1250000000
71452  32.703  -36.752  87.398 0.3750000000
72556  32.492  -36.809  86.772 0.5000000000
72557  32.209  -36.415  87.013 0.5000000000
92287  47.798  -18.672  81.494 0.2500000000
91163  48.265  -19.835  81.215 0.2500000000
89129  46.960  -21.266  80.083 0.2500000000
88053  46.792  -21.871  80.287 0.3750000000
88054  46.171  -22.568  80.340 0.3750000000
93412  47.507  -17.821  81.853 0.2500000000
92305  47.199  -19.029  81.031 0.2500000000
90139  47.321  -20.198  80.487 0.2500000000
89130  46.505  -21.312  79.623 0.3750000000
88069  45.660  -22.695  79.618 0.3750000000
86940  44.445  -23.883  78.380 0.6250000000
92288  47.027  -18.352  81.379 0.2500000000
92306  46.585  -18.845  80.878 0.2500000000
90146  46.092  -20.362  79.607 0.2500000000
89144  45.297  -21.974  78.065 0.3750000000
85760  44.137  -24.020  78.019 0.6250000000
85741  44.165  -24.073  78.290 0.6250000000
91170  45.777  -19.761  79.882 0.2500000000
90147  45.539  -20.185  79.389 0.2500000000
90159  45.010  -20.470  78.821 0.2500000000
71417  32.934  -36.569  88.996 0.1250000000
71418  32.464  -36.081  88.455 0.2500000000
71435  32.576  -36.448  87.925 0.2500000000
72544  31.711  -35.481  87.265 0.3750000000
90127  49.109  -20.162  81.850 0.2500000000
91154  48.838  -19.529  81.693 0.2500000000
90137  48.516  -20.336  81.423 0.2500000000
89118  48.127  -20.927  81.237 0.2500000000
86916  45.875  -22.910  80.929 0.3750000000
91155  48.260  -19.262  81.438 0.2500000000
89119  47.498  -21.314  80.747 0.2500000000
86917  45.281  -22.989  80.267 0.3750000000
86919  43.483  -23.585  80.038 0.6250000000
93411  48.176  -18.003  82.017 0.2500000000
92289  46.384  -18.170  81.246 0.2500000000
86918  44.294  -23.460  79.868 0.3750000000
85729  43.057  -23.756  79.416 0.7500000000
92307  45.819  -18.526  80.794 0.2500000000
91172  44.164  -19.172  79.391 0.3750000000
91171  44.957  -19.488  79.665 0.2500000000
91182  43.672  -19.491  78.796 0.3750000000
91181  44.386  -19.816  79.094 0.5000000000
73652  32.317  -34.572  89.338 0.2500000000
92286  48.664  -18.620  81.938 0.2500000000
92285  49.253  -18.941  82.187 0.2500000000
85696  43.504  -24.000  81.640 0.5000000000
93396  48.008  -17.266  82.353 0.2500000000
85713  42.820  -23.728  80.460 0.6250000000
94538  46.736  -16.461  82.226 0.2500000000
93413  46.710  -17.474  81.704 0.2500000000
93414  45.848  -17.536  81.293 0.2500000000
86920  43.184  -23.657  79.837 0.7500000000
94539  46.036  -16.202  81.921 0.3750000000
92308  45.060  -18.552  80.375 0.3750000000
95678  45.058  -15.680  81.146 0.3750000000
94551  44.820  -16.595  80.883 0.3750000000
93446  43.968  -17.502  79.730 0.3750000000
93397  47.305  -17.117  82.187 0.2500000000
95666  46.282  -15.505  82.234 0.2500000000
95667  45.641  -15.615  81.702 0.3750000000
94565  44.319  -16.613  80.170 0.3750000000
95695  44.747  -15.323  80.538 0.3750000000
80773  38.876  -27.986  81.655 0.7500000000
78449  38.722  -29.448  81.891 0.6250000000
58835  15.241  -46.053  90.794 0.7500000000
56444  16.904  -48.343  83.217 0.6250000000
57599  20.502  -46.434  87.699 0.7500000000
60065  17.570  -45.165  88.914 0.7500000000
62602  23.371  -43.788  82.068 0.7500000000
62547  34.270  -42.425  85.426 0.6250000000
63861  34.633  -42.061  83.491 0.7500000000
72558  31.487  -35.609  86.500 0.5000000000
78525  32.595  -31.133  74.645 0.6250000000
87022  38.470  -23.746  70.137 0.1250000000
84408  40.674  -24.635  80.802 0.8750000000
85742  43.789  -24.029  78.582 0.6250000000
86939  44.915  -23.139  78.115 0.6250000000
88081  45.076  -22.461  77.839 0.5000000000
89139  45.448  -21.445  78.516 0.3750000000
96745  45.157  -14.680  80.948 0.3750000000
56426  15.981  -48.253  84.265 0.6250000000
55185  16.318  -48.963  83.868 0.6250000000
65313  29.597  -41.549  77.296 0.7500000000
53882  14.947  -49.953  84.926 0.6250000000
52728  16.752  -51.136  84.366 0.1250000000
52708  17.737  -51.735  84.752 0.1250000000
52709  17.173  -51.752  84.743 0.1250000000
53908  17.218  -50.468  83.606 0.1250000000
55184  16.832  -49.537  83.537 0.5000000000
61393  23.739  -44.013  79.702 0.6250000000
65314  28.850  -41.732  77.621 0.6250000000
63986  28.389  -42.281  77.409 0.6250000000
65300  27.142  -41.753  78.618 0.6250000000
62672  27.188  -43.122  78.358 0.3750000000
58820  15.958  -45.635  91.621 0.7500000000
58855  17.701  -45.269  89.543 0.6250000000
71433  33.559  -37.690  87.569 0.2500000000
72591  31.621  -36.449  85.152 0.6250000000
72572  31.894  -36.506  86.006 0.6250000000
72543  32.086  -35.659  87.937 0.3750000000
91164  47.680  -19.581  80.954 0.2500000000
90138  47.857  -20.434  80.859 0.2500000000
90145  46.743  -20.549  79.970 0.2500000000
88067  46.601  -21.627  79.870 0.3750000000
88068  46.197  -22.014  79.504 0.3750000000
91165  46.888  -19.629  80.486 0.2500000000
89138  46.033  -21.402  79.146 0.3750000000
88077  45.543  -22.431  78.636 0.5000000000
86932  44.984  -23.290  79.102 0.5000000000
86934  43.793  -23.881  79.285 0.6250000000
91169  46.342  -19.938  80.050 0.2500000000
90158  45.784  -20.783  79.082 0.3750000000
91167  45.542  -19.159  80.242 0.2500000000
72516  32.561  -35.273  89.913 0.2500000000
72531  32.297  -35.560  88.987 0.2500000000
86902  43.739  -23.470  80.682 0.6250000000
93430  45.289  -17.893  80.833 0.2500000000
93431  44.649  -17.564  80.485 0.3750000000
94549  46.171  -16.837  81.715 0.2500000000
94550  45.517  -16.528  81.421 0.3750000000
93415  45.192  -17.229  81.033 0.3750000000
45485  3.706  -57.748  86.442 0.1250000000
46670  3.668  -56.918  86.779 0.1250000000
45493  4.082  -57.649  85.921 0.1250000000
46669  4.083  -56.812  86.359 0.1250000000
46685  4.437  -57.038  85.776 0.1250000000
47884  4.660  -56.291  86.443 0.1250000000
47899  4.902  -56.650  85.794 0.1250000000
44250  3.156  -58.809  87.141 0.1250000000
45478  3.290  -57.769  87.171 0.1250000000
47872  3.994  -55.914  87.414 0.1250000000
47871  4.787  -55.489  87.165 0.1250000000
47883  5.662  -55.284  86.623 0.1250000000
41796  3.261  -60.355  89.391 0.1250000000
43018  3.202  -59.337  89.698 0.1250000000
44232  3.056  -58.297  89.887 0.1250000000
44243  3.160  -58.310  88.820 0.1250000000
45447  3.047  -57.327  88.981 0.1250000000
46610  3.060  -56.875  88.690 0.1250000000
46631  3.150  -56.463  88.483 0.1250000000
46611  2.955  -56.417  89.194 0.1250000000
47856  3.386  -55.648  88.501 0.1250000000
50328  4.335  -54.531  88.416 0.1250000000
49123  4.559  -54.903  87.779 0.1250000000
50327  4.865  -54.184  88.062 0.1250000000
49137  5.606  -54.443  87.108 0.1250000000
47870  5.173  -54.931  87.337 0.1250000000
47882  6.337  -54.826  86.375 0.1250000000
41797  3.051  -60.386  90.089 0.1250000000
41789  3.099  -59.925  90.084 0.1250000000
43019  2.949  -59.243  90.460 0.1250000000
46563  2.790  -56.368  92.042 0.1250000000
46594  2.806  -56.379  90.203 0.1250000000
49110  3.565  -54.889  88.953 0.1250000000
47846  2.928  -55.603  89.780 0.1250000000
51467  4.221  -54.215  89.394 0.1250000000
50305  3.978  -54.519  89.035 0.1250000000
50303  5.275  -53.664  88.450 0.1250000000
49122  5.155  -54.424  87.572 0.1250000000
51504  6.212  -53.475  87.614 0.1250000000
50326  5.741  -53.791  87.517 0.1250000000
50346  6.025  -54.041  87.006 0.1250000000
50325  6.356  -53.559  87.358 0.1250000000
49136  6.159  -54.411  86.691 0.1250000000
50345  6.736  -53.691  86.836 0.1250000000
41774  3.122  -60.410  92.205 0.2500000000
40471  2.920  -61.196  90.956 0.1250000000
41784  2.727  -60.332  91.517 0.1250000000
43007  2.699  -59.301  91.260 0.2500000000
44213  2.715  -58.309  90.934 0.2500000000
46551  3.169  -56.154  92.662 0.1250000000
46578  2.617  -56.390  91.159 0.1250000000
47818  3.110  -55.566  92.528 0.1250000000
47838  2.700  -55.422  90.733 0.1250000000
47828  2.803  -55.552  91.737 0.1250000000
50306  3.576  -54.660  89.445 0.1250000000
50285  3.418  -54.548  90.154 0.1250000000
49088  2.985  -54.697  90.701 0.1250000000
50282  4.971  -53.749  89.016 0.1250000000
51453  4.278  -54.010  89.895 0.1250000000
50284  3.850  -54.381  89.751 0.1250000000
51464  6.552  -52.748  89.068 0.1250000000
51482  6.066  -53.323  88.129 0.1250000000
51481  6.804  -52.807  88.462 0.1250000000
51480  7.404  -52.510  88.189 0.1250000000
51502  7.328  -52.772  87.653 0.1250000000
51503  6.743  -53.272  87.493 0.1250000000
51522  6.983  -53.369  87.054 0.1250000000
50344  7.250  -53.413  86.597 0.1250000000
51521  7.369  -53.092  86.845 0.1250000000
42984  3.224  -59.228  92.371 0.2500000000
45377  3.576  -56.660  92.488 0.2500000000
50262  4.530  -53.637  90.883 0.1250000000
50263  3.976  -53.940  90.625 0.1250000000
51451  5.713  -53.067  90.497 0.1250000000
52649  6.296  -52.845  89.609 0.1250000000
52633  6.304  -52.742  89.999 0.1250000000
52648  6.734  -52.535  89.480 0.1250000000
52647  7.384  -51.823  89.709 0.1250000000
52662  6.916  -52.530  88.963 0.1250000000
53832  7.763  -51.496  89.342 0.1250000000
52661  7.564  -52.025  88.761 0.1250000000
52678  7.812  -52.322  87.804 0.1250000000
52697  7.765  -52.569  87.173 0.1250000000
52696  8.334  -52.090  87.072 0.1250000000
52715  7.965  -52.552  86.654 0.1250000000
50357  7.524  -53.410  86.110 0.1250000000
53885  8.912  -51.497  86.487 0.1250000000
52714  8.469  -52.227  86.160 0.1250000000
51540  8.226  -52.721  85.714 0.1250000000
52733  8.789  -52.243  85.532 0.1250000000
50244  4.371  -53.685  91.301 0.1250000000
51437  5.109  -53.367  91.321 0.1250000000
51436  5.860  -52.841  91.253 0.1250000000
52632  6.882  -52.199  90.265 0.1250000000
53831  8.225  -50.992  89.028 0.1250000000
53848  9.031  -50.720  87.692 0.1250000000
53868  8.775  -51.349  87.373 0.1250000000
52677  8.255  -51.756  87.961 0.1250000000
52713  9.124  -51.650  85.680 0.1250000000
53884  9.383  -50.818  85.933 0.1250000000
53898  9.650  -51.040  85.077 0.1250000000
55170  10.415  -49.919  84.495 0.1250000000
51419  5.802  -52.815  92.032 0.1250000000
51402  5.879  -52.709  93.011 0.1250000000
52615  6.986  -51.991  91.109 0.1250000000
52599  6.383  -52.364  91.629 0.1250000000
52567  6.546  -52.219  93.429 0.1250000000
51390  6.365  -52.696  94.310 0.1250000000
52598  6.978  -51.775  92.043 0.1250000000
52580  7.087  -51.753  93.048 0.1250000000
52631  7.424  -51.530  90.498 0.1250000000
55072  9.037  -49.869  90.351 0.1250000000
53812  7.883  -51.235  89.868 0.1250000000
53849  8.574  -51.108  88.160 0.1250000000
55105  8.934  -50.377  88.414 0.1250000000
55104  9.472  -49.953  87.631 0.1250000000
53867  9.278  -50.738  86.909 0.1250000000
55126  10.242  -49.062  86.518 0.1250000000
55127  9.792  -49.897  86.435 0.1250000000
55149  10.362  -49.272  85.582 0.1250000000
55150  9.927  -50.249  85.354 0.1250000000
56428  10.713  -48.760  84.736 0.1250000000
57653  10.694  -47.889  84.946 0.1250000000
51391  5.544  -53.639  94.523 0.1250000000
52614  7.560  -51.195  91.461 0.1250000000
52597  7.651  -51.232  92.529 0.1250000000
52579  7.838  -51.228  93.523 0.1250000000
53792  7.974  -50.897  90.667 0.1250000000
53756  8.179  -50.709  92.114 0.1250000000
53811  8.449  -50.587  90.016 0.1250000000
55087  8.911  -50.064  89.363 0.1250000000
55086  9.512  -49.531  88.699 0.1250000000
55085  9.854  -49.265  88.084 0.1250000000
56363  9.856  -49.006  88.529 0.1250000000
55103  10.021  -49.206  87.329 0.1250000000
56362  10.108  -48.461  88.209 0.1250000000
57602  10.298  -47.579  87.648 0.1250000000
56376  10.309  -48.389  87.095 0.1250000000
56390  10.505  -48.403  86.175 0.1250000000
57633  10.526  -47.634  85.705 0.1250000000
56406  10.605  -48.402  85.426 0.1250000000
58945  10.220  -46.883  85.386 0.1250000000
58944  10.488  -47.406  85.165 0.1250000000
57673  11.003  -47.966  83.995 0.1250000000
49000  5.780  -54.109  95.420 0.3750000000
50167  6.212  -53.723  95.843 0.3750000000
51383  6.152  -53.581  95.655 0.1250000000
51375  6.363  -53.336  96.126 0.2500000000
52553  7.377  -52.062  94.988 0.1250000000
51382  6.473  -53.054  95.614 0.1250000000
52565  8.203  -51.008  94.488 0.1250000000
52552  7.862  -51.449  95.424 0.1250000000
51372  7.472  -51.977  96.383 0.1250000000
53773  8.670  -50.248  91.738 0.1250000000
53739  8.309  -50.720  93.009 0.1250000000
52551  8.289  -50.727  95.121 0.1250000000
55057  9.110  -49.761  91.285 0.1250000000
53791  8.600  -50.375  90.900 0.1250000000
53774  8.190  -50.687  91.369 0.1250000000
55071  9.551  -49.269  89.767 0.1250000000
56350  9.840  -48.721  89.109 0.1250000000
56349  10.047  -47.975  89.226 0.1250000000
53866  13.961  -50.835  86.679 0.3750000000
57617  10.403  -47.533  86.672 0.1250000000
57634  10.286  -47.037  86.116 0.1250000000
46482  7.435  -54.556  97.621 0.5000000000
47758  6.433  -54.069  97.014 0.3750000000
48975  6.668  -53.314  97.420 0.3750000000
50155  6.596  -53.192  96.903 0.2500000000
51374  6.749  -52.921  96.887 0.1250000000
50166  6.420  -53.009  96.508 0.1250000000
51367  6.989  -52.061  97.764 0.1250000000
52538  7.608  -51.324  96.358 0.1250000000
52539  7.297  -51.395  97.001 0.1250000000
53755  8.737  -50.197  92.586 0.1250000000
52564  8.414  -50.503  94.798 0.1250000000
54971  7.391  -50.030  96.411 0.1250000000
53686  6.865  -50.683  97.351 0.1250000000
58812  16.685  -45.558  92.479 0.5000000000
58813  15.653  -45.833  92.598 0.5000000000
53738  8.844  -50.143  93.466 0.1250000000
54985  8.142  -49.805  95.399 0.1250000000
54986  7.587  -49.598  95.817 0.1250000000
55042  9.129  -49.695  92.152 0.1250000000
55012  8.938  -49.228  93.819 0.1250000000
54999  8.264  -49.221  94.861 0.1250000000
55056  9.495  -49.105  90.800 0.1250000000
55026  9.354  -49.090  92.512 0.1250000000
56331  9.910  -48.143  90.206 0.1250000000
55041  9.455  -49.128  91.737 0.1250000000
56330  9.928  -47.756  89.702 0.1250000000
57561  9.877  -47.392  89.441 0.1250000000
57581  10.140  -47.444  88.604 0.1250000000
57582  9.982  -46.782  87.986 0.1250000000
46497  7.887  -55.054  96.613 0.5000000000
46481  7.941  -54.738  97.442 0.5000000000
46498  7.503  -54.968  96.802 0.5000000000
46483  6.796  -54.100  97.887 0.5000000000
47743  6.795  -53.560  98.293 0.3750000000
48971  6.783  -52.845  98.409 0.3750000000
50148  6.824  -52.423  98.184 0.3750000000
50154  6.863  -52.735  97.414 0.1250000000
51364  6.291  -51.314  98.955 0.1250000000
57479  17.550  -46.041  94.607 0.2500000000
57480  16.347  -46.629  94.661 0.2500000000
57472  16.720  -46.671  95.212 0.2500000000
52521  6.377  -51.025  98.605 0.1250000000
51363  6.537  -51.545  98.573 0.1250000000
57487  15.978  -46.396  93.951 0.3750000000
52527  6.512  -50.931  98.197 0.1250000000
57486  17.292  -45.729  93.543 0.5000000000
58805  16.194  -45.867  93.263 0.3750000000
58806  15.403  -46.234  93.403 0.3750000000
57488  14.962  -46.900  93.968 0.3750000000
53704  6.488  -49.977  97.132 0.1250000000
53688  5.598  -50.011  97.972 0.1250000000
58814  14.852  -46.254  92.814 0.5000000000
54973  6.043  -49.299  96.603 0.1250000000
58819  17.145  -45.381  91.430 0.5000000000
56261  8.509  -48.457  94.055 0.1250000000
56262  7.726  -48.257  94.352 0.1250000000
55000  7.236  -48.728  95.106 0.1250000000
56294  9.343  -48.094  92.586 0.1250000000
56293  9.483  -48.548  92.181 0.1250000000
57537  9.794  -47.569  89.899 0.1250000000
56496  26.083  -48.395  80.615 0.1250000000
46470  8.482  -54.479  98.109 0.5000000000
46471  8.011  -54.438  98.316 0.5000000000
46472  7.516  -54.041  98.705 0.5000000000
46479  8.672  -54.715  97.718 0.5000000000
47734  7.247  -53.601  99.062 0.3750000000
47736  6.799  -53.128  98.617 0.3750000000
48967  6.643  -52.509  99.101 0.3750000000
50144  6.473  -52.011  98.992 0.2500000000
56258  15.628  -47.176  94.924 0.3750000000
57481  15.555  -46.946  94.536 0.3750000000
52522  5.816  -50.510  98.849 0.1250000000
56259  14.866  -47.665  94.782 0.5000000000
56273  14.547  -47.524  94.095 0.5000000000
57497  17.851  -45.455  92.217 0.3750000000
57513  17.985  -45.449  91.549 0.5000000000
53948  22.792  -50.588  80.387 0.1250000000
52786  22.452  -50.902  80.840 0.1250000000
53947  23.747  -50.113  80.031 0.1250000000
53963  22.734  -49.973  79.680 0.1250000000
55230  25.276  -49.030  80.081 0.1250000000
55214  24.901  -49.662  80.455 0.1250000000
53946  24.461  -49.920  80.335 0.1250000000
57718  26.041  -47.300  80.014 0.1250000000
56515  25.445  -48.105  79.620 0.1250000000
60191  27.475  -45.785  81.104 0.2500000000
60208  26.888  -45.497  80.513 0.2500000000
57717  26.517  -47.333  80.898 0.1250000000
60206  28.775  -45.118  80.609 0.1250000000
60207  27.851  -45.136  80.548 0.2500000000
61374  26.819  -44.770  80.058 0.2500000000
61387  29.194  -44.606  79.099 0.1250000000
60224  27.879  -44.648  79.900 0.2500000000
61402  29.834  -44.410  78.307 0.1250000000
61403  28.871  -44.267  78.339 0.1250000000
47731  9.513  -53.468  98.887 0.5000000000
47732  9.035  -54.053  98.452 0.3750000000
47733  8.714  -54.063  98.590 0.3750000000
57460  17.649  -46.347  96.449 0.2500000000
56239  16.581  -46.991  96.150 0.2500000000
56240  15.724  -47.712  96.525 0.2500000000
54982  15.104  -48.083  96.291 0.5000000000
57470  18.776  -45.783  95.519 0.2500000000
57471  17.481  -46.304  95.495 0.2500000000
56247  16.616  -46.884  95.617 0.2500000000
56249  15.083  -47.784  95.368 0.3750000000
54983  14.569  -48.288  95.686 0.5000000000
57478  18.886  -45.750  94.624 0.3750000000
56257  19.930  -46.020  94.334 0.3750000000
57485  18.832  -45.700  93.726 0.3750000000
56260  14.214  -48.189  94.527 0.5000000000
57496  18.928  -45.548  92.647 0.3750000000
58832  18.364  -45.470  90.400 0.5000000000
55254  21.936  -49.543  79.756 0.2500000000
53962  23.218  -49.587  79.406 0.1250000000
55250  24.807  -48.679  79.436 0.1250000000
55251  24.107  -48.778  79.087 0.1250000000
59032  25.806  -46.319  79.750 0.1250000000
57734  25.343  -47.098  79.272 0.1250000000
60225  26.353  -45.106  80.055 0.2500000000
59031  26.401  -46.425  80.422 0.1250000000
61389  27.341  -44.246  79.485 0.2500000000
61404  27.945  -43.814  78.460 0.2500000000
61388  28.301  -44.404  79.192 0.2500000000
62690  30.126  -43.681  76.896 0.2500000000
61416  28.616  -43.726  77.748 0.1250000000
64001  31.524  -42.557  76.133 0.2500000000
62706  30.789  -43.176  76.377 0.2500000000
62707  29.818  -43.008  76.446 0.2500000000
65326  32.329  -41.873  76.008 0.2500000000
65327  31.292  -41.643  75.850 0.2500000000
48974  10.354  -53.585  97.910 0.5000000000
57422  19.692  -45.599  98.840 0.2500000000
57436  19.022  -45.823  98.462 0.2500000000
57437  17.917  -46.233  98.729 0.2500000000
57435  20.472  -45.833  98.043 0.2500000000
57441  19.370  -45.905  97.664 0.2500000000
57442  18.152  -46.205  98.093 0.2500000000
56209  17.227  -46.624  98.317 0.2500000000
56220  16.535  -47.136  97.830 0.2500000000
57440  20.613  -46.009  97.035 0.2500000000
57448  18.223  -46.237  97.222 0.2500000000
56228  17.265  -46.612  97.351 0.2500000000
56229  16.431  -47.161  97.131 0.2500000000
56230  15.570  -47.938  96.975 0.2500000000
54969  14.984  -48.471  96.908 0.2500000000
57459  19.120  -45.794  96.235 0.2500000000
54970  14.593  -48.599  96.531 0.5000000000
57458  20.441  -45.945  95.788 0.2500000000
57469  20.090  -45.831  95.271 0.2500000000
53716  13.756  -49.185  95.744 0.5000000000
56256  20.787  -46.641  94.286 0.3750000000
54984  13.932  -48.823  95.168 0.5000000000
53725  13.444  -49.547  94.925 0.5000000000
56272  19.939  -46.172  93.832 0.3750000000
56310  19.747  -46.273  91.805 0.3750000000
56328  19.664  -46.226  90.990 0.3750000000
57512  18.823  -45.642  91.402 0.3750000000
55252  23.289  -48.937  78.991 0.3750000000
55253  22.604  -49.207  79.288 0.2500000000
56538  23.983  -47.383  78.679 0.2500000000
56516  24.563  -47.798  78.938 0.1250000000
59048  25.050  -46.140  79.237 0.1250000000
61390  26.303  -44.320  79.782 0.2500000000
60226  25.605  -45.288  79.735 0.2500000000
62691  29.165  -43.445  77.055 0.2500000000
66619  31.901  -40.242  75.515 0.5000000000
67843  33.038  -39.993  75.866 0.3750000000
69108  32.173  -39.106  75.638 0.3750000000
69126  31.777  -39.677  75.536 0.5000000000
58735  18.581  -45.305  99.505 0.2500000000
58756  18.064  -45.722  99.376 0.2500000000
57424  17.440  -46.257  99.256 0.2500000000
58754  20.125  -45.370  99.253 0.2500000000
57423  18.609  -45.920  98.866 0.2500000000
56196  17.099  -46.560  98.797 0.2500000000
56210  16.504  -47.013  98.393 0.2500000000
54935  15.831  -47.511  98.491 0.2500000000
54946  15.888  -47.714  97.968 0.2500000000
54958  15.834  -47.747  97.557 0.2500000000
54959  15.293  -48.326  97.258 0.2500000000
53701  14.374  -49.174  96.970 0.5000000000
53715  14.043  -49.047  96.384 0.5000000000
56271  20.626  -46.929  93.392 0.3750000000
56291  20.012  -46.328  92.870 0.3750000000
56309  20.406  -46.935  92.002 0.3750000000
57533  19.896  -46.343  90.512 0.3750000000
58853  31.654  -46.061  90.079 0.3750000000
57594  29.789  -46.031  89.207 0.3750000000
58873  31.468  -45.670  89.475 0.3750000000
58896  30.573  -45.287  88.674 0.6250000000
56518  22.667  -48.225  79.115 0.3750000000
56497  22.140  -48.063  79.624 0.5000000000
57757  23.545  -47.132  78.732 0.5000000000
59049  24.326  -46.111  78.894 0.1250000000
56537  24.292  -47.204  78.747 0.2500000000
62650  26.830  -43.728  79.171 0.2500000000
62692  28.170  -43.057  77.452 0.3750000000
62671  27.854  -43.376  78.008 0.3750000000
66593  30.723  -41.054  77.113 0.7500000000
65329  29.748  -41.691  76.723 0.5000000000
62708  28.976  -42.802  76.776 0.2500000000
64002  30.534  -42.378  76.110 0.3750000000
66620  31.644  -40.318  75.609 0.6250000000
70417  32.746  -38.372  76.343 0.2500000000
69107  33.156  -39.057  76.074 0.2500000000
57405  17.126  -46.209  99.526 0.2500000000
57425  16.779  -46.470  99.394 0.2500000000
54926  15.778  -47.326  98.865 0.2500000000
55039  20.891  -47.430  92.301 0.3750000000
55054  20.813  -47.307  91.383 0.3750000000
57576  28.459  -46.662  89.539 0.3750000000
58831  32.734  -46.244  90.673 0.3750000000
58895  31.614  -44.948  88.749 0.6250000000
58830  33.438  -45.792  90.691 0.3750000000
58851  33.174  -45.102  89.559 0.3750000000
58872  32.508  -44.981  89.053 0.3750000000
58871  33.183  -44.816  89.036 0.3750000000
60076  33.095  -44.630  88.780 0.3750000000
61291  33.841  -43.935  87.822 0.3750000000
61297  33.631  -43.637  86.496 0.5000000000
61307  33.548  -43.618  85.772 0.5000000000
61308  33.202  -43.777  85.863 0.5000000000
57737  22.522  -47.444  79.571 0.6250000000
69109  31.131  -38.931  75.861 0.5000000000
55069  20.921  -47.170  90.452 0.3750000000
58829  33.954  -45.302  90.728 0.3750000000
60064  33.785  -44.937  89.839 0.3750000000
61265  34.753  -43.798  90.298 0.2500000000
61266  34.553  -44.264  90.270 0.2500000000
62499  35.023  -43.286  90.086 0.2500000000
61284  34.246  -43.901  88.725 0.2500000000
61285  33.992  -44.220  88.566 0.2500000000
60089  32.829  -44.254  88.070 0.5000000000
61277  34.658  -43.552  89.397 0.2500000000
61292  33.378  -44.045  87.750 0.3750000000
62533  34.111  -43.662  87.761 0.3750000000
62557  34.343  -42.214  84.759 0.6250000000
63847  34.521  -41.679  85.073 0.5000000000
69089  30.665  -38.303  76.381 0.5000000000
53841  24.886  -47.900  89.084 0.5000000000
55083  21.460  -47.422  88.874 0.5000000000
60054  34.576  -44.329  90.527 0.2500000000
60055  34.271  -44.784  90.465 0.2500000000
65192  34.910  -40.961  86.460 0.3750000000
53824  24.503  -48.258  89.460 0.3750000000
53825  23.632  -48.348  89.227 0.3750000000
53827  22.173  -47.981  88.740 0.5000000000
55081  25.346  -47.831  89.207 0.3750000000
53808  21.757  -47.699  89.332 0.5000000000
68952  35.076  -39.676  87.098 0.2500000000
67754  35.049  -40.035  86.492 0.2500000000
53826  22.807  -48.222  89.079 0.5000000000
53843  23.150  -48.220  88.392 0.3750000000
72688  27.835  -35.517  77.929 0.5000000000
73790  28.161  -34.462  78.306 0.5000000000
74919  28.539  -33.550  77.504 0.6250000000
74905  28.638  -33.544  78.686 0.6250000000
74918  28.787  -33.181  77.020 0.6250000000
73667  31.933  -34.447  88.196 0.2500000000
74774  32.465  -33.776  88.959 0.2500000000
84397  39.744  -25.725  81.386 0.7500000000
85926  48.927  -24.001  66.352 0.1250000000
87057  48.318  -23.190  66.196 0.1250000000
85925  50.072  -24.041  66.129 0.1250000000
88195  47.679  -22.383  66.143 0.2500000000
87056  49.328  -23.100  66.148 0.1250000000
85943  52.203  -24.116  65.682 0.1250000000
88194  48.694  -22.261  66.163 0.2500000000
89255  48.057  -21.429  66.210 0.2500000000
85944  51.360  -24.118  65.798 0.1250000000
87073  50.888  -23.565  65.821 0.1250000000
85942  53.131  -24.133  65.511 0.1250000000
87072  51.724  -23.425  65.664 0.1250000000
87071  52.640  -23.364  65.471 0.1250000000
89254  49.100  -21.318  66.462 0.2500000000
87055  50.298  -22.929  66.003 0.1250000000
88193  49.712  -22.119  66.277 0.1250000000
88211  51.219  -22.755  65.913 0.1250000000
88209  53.089  -22.578  65.595 0.1250000000
88210  52.142  -22.629  65.755 0.1250000000
88188  54.241  -21.751  65.754 0.1250000000
89238  50.409  -20.842  68.322 0.7500000000
89253  50.197  -21.121  67.040 0.2500000000
88192  50.722  -22.041  66.330 0.2500000000
88189  53.548  -21.900  65.996 0.1250000000
89252  51.347  -21.567  67.019 0.3750000000
88191  51.683  -22.035  66.289 0.2500000000
88190  52.654  -22.035  66.463 0.3750000000
89249  54.755  -21.350  66.002 0.1250000000
89223  51.752  -21.792  68.846 0.7500000000
89237  51.184  -21.314  68.030 0.5000000000
88160  52.838  -22.088  68.357 0.6250000000
88174  52.551  -22.002  68.122 0.5000000000
88159  53.275  -21.814  67.826 0.1250000000
88173  52.731  -21.988  67.506 0.3750000000
89251  52.110  -21.800  66.968 0.3750000000
89234  53.924  -21.611  67.295 0.1250000000
88172  53.424  -21.911  66.949 0.3750000000
89233  54.573  -21.220  66.814 0.1250000000
88171  54.126  -21.650  66.503 0.1250000000
58964  10.528  -47.234  84.643 0.1250000000
46484  6.506  -53.989  97.350 0.3750000000
46480  8.348  -54.730  97.302 0.5000000000
50168  5.491  -54.160  95.071 0.1250000000
47740  9.653  -54.035  97.825 0.5000000000
47757  8.568  -54.763  97.078 0.5000000000
47854  9.557  -55.482  88.266 0.1250000000
48999  10.180  -53.814  96.296 0.5000000000
58874  30.867  -45.819  89.340 0.3750000000
59051  22.551  -47.118  79.996 0.6250000000
60105  32.638  -43.869  87.244 0.5000000000
66606  31.104  -40.692  75.950 0.6250000000
61298  33.106  -43.820  86.958 0.6250000000
70403  28.989  -37.837  77.388 0.5000000000
74763  33.027  -33.543  89.863 0.1250000000
41763  3.396  -59.883  92.459 0.2500000000
49074  3.010  -54.815  91.430 0.1250000000
53828  21.731  -47.660  88.823 0.5000000000
65312  30.210  -41.301  76.892 0.5000000000
55148  14.549  -49.703  86.061 0.5000000000
57756  23.989  -46.727  78.668 0.5000000000
60227  24.565  -45.234  79.223 0.2500000000
62709  28.562  -42.615  77.062 0.5000000000
58807  14.891  -46.534  93.395 0.5000000000
56517  23.557  -47.957  78.771 0.3750000000
61405  27.319  -43.724  78.860 0.2500000000
47885  4.036  -56.502  86.721 0.1250000000
44248  3.145  -58.466  87.784 0.1250000000
45467  3.120  -57.392  88.194 0.1250000000
46653  3.425  -56.667  87.720 0.1250000000
49124  3.897  -55.004  88.340 0.1250000000
44231  3.241  -58.814  89.341 0.1250000000
44244  3.021  -57.796  89.347 0.1250000000
43032  3.235  -59.089  88.205 0.1250000000
45448  2.971  -57.244  89.712 0.1250000000
47857  3.017  -55.668  89.082 0.1250000000
50304  4.555  -54.112  88.783 0.1250000000
41790  2.821  -60.211  90.660 0.2500000000
45409  2.768  -57.318  91.485 0.1250000000
45426  2.844  -57.315  90.596 0.1250000000
49111  3.269  -55.046  89.408 0.1250000000
49100  3.078  -55.008  90.160 0.1250000000
51466  4.702  -53.807  89.440 0.1250000000
51465  5.832  -53.183  89.322 0.1250000000
39181  3.040  -61.790  90.422 0.1250000000
51452  4.848  -53.578  90.283 0.1250000000
51541  7.884  -52.769  86.244 0.1250000000
52660  8.155  -51.453  88.481 0.1250000000
52616  6.351  -52.539  90.786 0.1250000000
55171  10.036  -50.517  84.836 0.1250000000
53910  9.819  -51.382  84.472 0.1250000000
52581  6.373  -52.202  92.537 0.1250000000
52566  7.314  -51.897  94.238 0.1250000000
51389  7.050  -52.297  94.765 0.1250000000
50179  5.532  -53.949  95.018 0.2500000000
51381  7.207  -52.349  95.526 0.1250000000
48987  6.258  -53.933  96.273 0.3750000000
51373  7.130  -52.372  96.777 0.1250000000
53728  8.427  -50.678  93.798 0.1250000000
53702  7.758  -50.540  96.189 0.1250000000
55027  9.086  -49.560  92.966 0.1250000000
53718  8.129  -50.374  95.608 0.1250000000
53865  14.268  -50.372  86.295 0.3750000000
47744  6.697  -53.559  97.850 0.3750000000
51368  6.887  -51.864  98.065 0.1250000000
52526  6.991  -51.293  97.636 0.1250000000
53703  7.212  -50.496  96.803 0.1250000000
53687  6.330  -50.374  97.702 0.1250000000
53727  8.669  -50.150  94.404 0.1250000000
54972  6.870  -49.664  96.497 0.1250000000
55011  9.192  -48.939  93.101 0.1250000000
56312  9.567  -48.422  91.373 0.1250000000
57562  9.635  -46.809  88.955 0.1250000000
46473  7.080  -53.833  98.643 0.5000000000
47735  6.924  -53.462  98.767 0.3750000000
50147  6.902  -52.169  98.115 0.1250000000
52528  5.904  -50.422  98.495 0.1250000000
53675  5.388  -49.943  98.443 0.1250000000
46469  8.655  -54.524  97.775 0.5000000000
46466  8.454  -54.115  98.637 0.5000000000
46467  8.168  -53.958  98.962 0.3750000000
47741  8.881  -54.512  97.621 0.5000000000
47730  6.815  -52.907  99.168 0.3750000000
50141  6.478  -51.726  99.513 0.2500000000
51359  6.222  -51.099  99.392 0.2500000000
56248  15.743  -47.428  95.534 0.2500000000
52523  5.442  -50.046  98.715 0.1250000000
53676  5.099  -49.608  98.685 0.1250000000
53964  22.268  -50.224  79.963 0.1250000000
55231  24.456  -49.424  79.791 0.1250000000
55232  23.767  -49.418  79.410 0.1250000000
59019  26.950  -46.445  81.170 0.2500000000
61373  27.338  -44.818  80.168 0.2500000000
60209  26.215  -45.712  80.093 0.2500000000
60223  28.570  -44.783  79.891 0.1250000000
61415  29.501  -44.018  77.592 0.2500000000
47726  8.756  -53.687  99.203 0.3750000000
54997  14.279  -48.360  94.928 0.5000000000
56519  22.092  -48.707  79.461 0.3750000000
56219  17.266  -46.646  97.717 0.2500000000
57447  19.761  -45.896  96.726 0.2500000000
57449  17.337  -46.540  97.090 0.2500000000
53700  14.711  -48.815  97.112 0.3750000000
57735  24.607  -46.851  78.900 0.1250000000
61417  28.138  -43.512  77.882 0.2500000000
65328  30.398  -41.550  76.260 0.5000000000
58734  19.596  -45.139  99.564 0.2500000000
58755  19.112  -45.445  99.285 0.2500000000
58757  17.491  -46.012  99.514 0.2500000000
56197  16.437  -46.790  98.948 0.2500000000
54936  15.289  -48.416  98.132 0.2500000000
54947  15.241  -48.494  97.634 0.2500000000
58852  32.336  -45.779  90.129 0.3750000000
57572  31.300  -46.337  90.009 0.3750000000
56189  16.268  -46.765  99.333 0.2500000000
60075  33.658  -44.484  88.765 0.2500000000
61278  34.461  -44.156  89.728 0.2500000000
60063  34.141  -44.470  89.313 0.2500000000
62524  34.490  -43.407  88.673 0.2500000000
62532  34.367  -43.344  87.987 0.2500000000
88161  52.400  -22.071  68.667 0.7500000000
89236  52.080  -21.794  67.823 0.5000000000
89235  52.360  -21.880  67.335 0.5000000000
48961  7.376  -52.354  100.291 0.2500000000
48966  6.796  -52.330  99.654 0.2500000000
47728  7.681  -53.544  99.511 0.2500000000
47729  7.189  -53.042  99.520 0.2500000000
48953  7.911  -52.130  100.770 0.2500000000
47719  9.384  -53.300  99.872 0.2500000000
47721  8.677  -53.468  100.011 0.2500000000
48960  7.982  -52.806  100.512 0.2500000000
48964  9.793  -53.073  99.521 0.2500000000
47720  9.161  -53.409  99.897 0.2500000000
47727  8.237  -53.672  99.560 0.2500000000
59970  16.396  -45.893  99.434 0.1250000000
57408  14.719  -47.128  99.833 0.1250000000
56180  12.475  -48.698  99.947 0.1250000000
53653  11.124  -50.428  100.891 0.1250000000
61176  19.567  -44.575  99.672 0.1250000000
59968  17.997  -45.204  99.721 0.1250000000
59969  17.278  -45.579  99.439 0.1250000000
56178  14.133  -47.720  99.730 0.1250000000
54923  13.158  -48.799  100.000 0.1250000000
53651  12.486  -49.740  100.009 0.1250000000
53659  12.199  -50.306  100.060 0.1250000000
51340  11.344  -51.237  100.500 0.1250000000
51341  10.818  -51.482  100.949 0.1250000000
50123  10.216  -51.991  100.894 0.2500000000
51344  9.290  -51.787  101.232 0.2500000000
50126  8.161  -51.780  101.140 0.2500000000
50127  7.700  -51.556  101.166 0.2500000000
58737  16.525  -46.206  99.548 0.1250000000
57407  15.637  -46.853  99.668 0.1250000000
56191  14.693  -47.602  99.532 0.1250000000
56192  13.892  -48.235  99.625 0.1250000000
52506  12.932  -50.538  99.395 0.1250000000
51339  11.749  -51.160  100.070 0.1250000000
50131  11.369  -51.494  100.098 0.1250000000
48955  10.368  -52.290  100.184 0.2500000000
50133  9.899  -52.452  100.482 0.2500000000
48951  8.912  -52.619  100.654 0.2500000000
57406  16.508  -46.485  99.511 0.1250000000
56190  15.584  -47.229  99.365 0.1250000000
54921  15.052  -47.964  98.997 0.1250000000
51348  12.691  -50.985  99.265 0.2500000000
51354  12.430  -51.160  99.375 0.2500000000
51349  12.160  -51.141  99.681 0.1250000000
48969  10.429  -52.731  99.029 0.3750000000
48985  10.809  -53.268  97.572 0.3750000000
48973  10.702  -53.115  98.289 0.3750000000
48986  10.242  -53.683  97.196 0.3750000000
57553  32.333  -46.561  90.643 0.2500000000
57554  31.720  -46.775  90.399 0.2500000000
59966  19.997  -44.832  99.716 0.1250000000
59967  19.055  -45.225  99.711 0.1250000000
54922  14.103  -48.672  99.423 0.1250000000
53657  13.626  -49.604  99.202 0.1250000000
50143  11.486  -51.955  98.985 0.3750000000
50138  11.119  -51.785  99.770 0.2500000000
54927  15.018  -48.100  98.814 0.1250000000
54928  14.281  -49.000  99.086 0.1250000000
53663  14.166  -49.423  98.707 0.1250000000
52515  13.318  -50.647  98.438 0.2500000000
51358  12.622  -51.206  98.795 0.2500000000
50145  12.160  -51.603  98.591 0.2500000000
58733  20.476  -45.096  99.584 0.1250000000
53662  14.718  -49.047  98.286 0.1250000000
53667  14.274  -49.728  98.198 0.2500000000
51356  13.605  -50.454  97.672 0.3750000000
51362  12.755  -51.245  98.088 0.3750000000
48984  11.274  -52.803  97.948 0.3750000000
48997  11.242  -52.830  97.301 0.3750000000
58732  21.258  -45.033  99.487 0.1250000000
58753  21.042  -45.339  99.096 0.1250000000
53674  14.469  -49.814  97.403 0.3750000000
52519  13.993  -50.085  97.487 0.3750000000
52520  13.682  -50.353  97.543 0.3750000000
51366  12.667  -51.233  97.384 0.3750000000
50164  11.597  -52.327  96.650 0.3750000000
61223  34.281  -43.746  93.654 0.1250000000
60021  34.365  -45.192  93.513 0.1250000000
60011  34.211  -44.724  93.784 0.1250000000
57421  20.739  -45.577  98.663 0.1250000000
52524  13.927  -49.939  97.087 0.3750000000
51371  11.947  -51.999  96.118 0.3750000000
62450  34.359  -42.672  93.509 0.1250000000
61235  34.495  -44.319  93.383 0.1250000000
60030  34.467  -45.448  93.101 0.1250000000
57420  21.733  -45.720  98.412 0.1250000000
51370  12.445  -51.325  96.464 0.3750000000
62449  34.713  -42.299  93.230 0.1250000000
61234  34.811  -43.793  92.918 0.1250000000
60029  34.598  -44.854  92.479 0.1250000000
58801  34.401  -46.064  93.088 0.1250000000
57510  33.812  -46.946  91.949 0.1250000000
57434  21.425  -45.921  98.069 0.1250000000
56208  21.340  -46.042  97.785 0.1250000000
60038  34.556  -44.921  91.864 0.1250000000
58809  34.458  -45.472  92.220 0.1250000000
58811  34.057  -46.585  92.139 0.2500000000
56218  21.433  -46.228  97.264 0.1250000000
60046  34.568  -44.522  90.993 0.1250000000
58810  34.325  -46.003  92.236 0.2500000000
57530  33.541  -46.716  91.382 0.2500000000
56307  32.665  -48.548  91.578 0.1250000000
56308  32.076  -48.607  91.139 0.1250000000
57446  20.838  -46.146  96.121 0.1250000000
58816  34.101  -45.566  91.235 0.2500000000
56324  32.390  -47.929  90.955 0.2500000000
55050  30.307  -48.486  90.826 0.1250000000
55051  28.955  -48.608  91.264 0.1250000000
56246  20.991  -46.336  95.051 0.1250000000
56342  31.323  -47.634  90.453 0.2500000000
55064  30.016  -47.991  90.525 0.2500000000
55065  29.350  -48.077  90.708 0.2500000000
57574  30.100  -46.697  89.682 0.2500000000
56356  29.453  -47.220  90.025 0.2500000000
56345  28.999  -47.662  90.382 0.2500000000
57575  29.205  -46.674  89.630 0.2500000000
56357  28.419  -47.318  90.006 0.2500000000
59963  22.309  -44.727  99.330 0.1250000000
58731  21.756  -44.937  99.365 0.1250000000
52525  13.576  -50.391  97.236 0.3750000000
51365  13.047  -50.812  96.999 0.3750000000
59980  22.758  -45.109  98.932 0.1250000000
58752  22.102  -45.273  98.881 0.1250000000
52535  13.801  -49.740  96.575 0.3750000000
52536  13.354  -50.450  96.653 0.3750000000
52537  12.918  -50.809  96.490 0.3750000000
65064  35.113  -40.974  93.167 0.1250000000
58783  34.172  -45.474  93.885 0.1250000000
52550  12.881  -50.735  96.009 0.3750000000
63752  35.561  -41.766  92.309 0.1250000000
62465  35.245  -42.295  92.560 0.1250000000
61241  34.887  -44.089  92.430 0.1250000000
57462  33.472  -46.654  94.210 0.1250000000
57483  34.132  -46.523  93.545 0.1250000000
57494  34.051  -47.035  92.607 0.1250000000
57433  22.340  -46.186  97.765 0.1250000000
56207  21.992  -46.318  97.510 0.1250000000
52548  13.679  -49.575  96.142 0.3750000000
63765  35.811  -41.910  91.252 0.1250000000
62486  35.159  -43.423  91.926 0.1250000000
61248  34.873  -44.193  91.852 0.1250000000
57476  33.127  -47.561  94.240 0.1250000000
56252  33.616  -47.640  93.654 0.1250000000
56288  33.591  -48.042  92.634 0.1250000000
56227  21.677  -46.596  96.215 0.1250000000
63775  35.684  -42.097  90.474 0.1250000000
62492  35.389  -42.785  90.852 0.1250000000
61247  35.065  -43.463  91.308 0.1250000000
54992  32.835  -48.711  93.796 0.1250000000
56269  33.257  -48.314  93.359 0.1250000000
55020  32.177  -49.135  92.096 0.1250000000
55035  31.337  -48.977  91.341 0.1250000000
54957  21.881  -47.229  95.476 0.1250000000
56237  21.390  -46.665  95.374 0.1250000000
55006  32.370  -49.099  93.268 0.1250000000
53747  30.049  -49.766  93.055 0.1250000000
55052  28.125  -48.474  91.186 0.2500000000
56245  21.438  -47.135  94.717 0.2500000000
62510  35.174  -42.560  89.515 0.1250000000
53748  29.228  -49.597  92.885 0.2500000000
53782  27.994  -48.690  91.570 0.2500000000
55066  27.996  -48.066  90.717 0.2500000000
62523  34.809  -42.866  88.917 0.1250000000
53767  27.500  -48.947  91.966 0.2500000000
53800  27.636  -48.568  91.135 0.2500000000
62541  34.001  -43.432  87.096 0.3750000000
53784  26.587  -48.976  91.193 0.2500000000
53822  26.234  -48.323  90.173 0.2500000000
58751  23.271  -45.537  98.474 0.1250000000
57419  22.968  -46.022  97.924 0.1250000000
65091  36.021  -41.022  92.083 0.1250000000
66433  36.270  -40.494  91.972 0.1250000000
56206  22.980  -46.808  97.229 0.1250000000
65103  36.104  -41.373  91.284 0.1250000000
56217  22.407  -46.827  96.791 0.1250000000
63787  35.529  -42.056  89.817 0.1250000000
65151  35.724  -41.413  89.515 0.1250000000
54956  22.337  -47.362  95.837 0.1250000000
54968  21.797  -47.566  95.038 0.1250000000
62522  35.094  -42.419  89.197 0.1250000000
56243  32.118  -48.176  94.530 0.1250000000
54994  31.153  -49.309  94.346 0.1250000000
63811  35.083  -41.995  88.411 0.1250000000
65184  35.172  -41.263  87.543 0.1250000000
53721  29.275  -49.723  94.237 0.1250000000
54996  21.305  -47.368  93.989 0.2500000000
62531  34.677  -42.529  87.856 0.1250000000
63822  34.822  -41.943  87.511 0.2500000000
52555  28.334  -49.684  94.214 0.1250000000
63835  34.358  -41.967  86.169 0.5000000000
52608  26.771  -49.347  92.421 0.1250000000
53803  25.771  -48.785  90.533 0.1250000000
53805  24.092  -48.593  90.001 0.2500000000
53823  25.405  -48.227  89.751 0.2500000000
57432  23.008  -46.447  97.543 0.1250000000
67699  36.223  -40.415  90.203 0.1250000000
57418  23.928  -46.071  97.746 0.1250000000
56205  23.717  -46.807  97.400 0.1250000000
65130  36.268  -41.029  90.685 0.1250000000
66475  35.748  -40.815  89.278 0.1250000000
54932  24.435  -47.585  97.137 0.1250000000
54944  23.111  -47.449  96.589 0.1250000000
54967  22.305  -47.887  95.300 0.1250000000
54941  24.930  -48.112  96.790 0.1250000000
53699  22.484  -48.257  94.989 0.1250000000
54981  21.813  -47.906  94.508 0.1250000000
65170  35.478  -41.306  88.832 0.1250000000
56235  29.361  -48.454  95.442 0.1250000000
53712  23.795  -48.756  94.730 0.1250000000
53714  22.063  -48.254  94.124 0.1250000000
55009  21.191  -47.386  93.653 0.2500000000
53692  27.724  -49.504  95.165 0.1250000000
53734  22.511  -48.498  93.284 0.2500000000
53735  21.864  -48.153  93.017 0.2500000000
55008  21.499  -47.814  93.357 0.2500000000
55024  21.026  -47.465  93.034 0.2500000000
52557  27.107  -49.709  94.224 0.1250000000
53769  22.357  -48.313  91.703 0.2500000000
53752  21.765  -48.073  92.212 0.2500000000
55038  21.262  -47.679  91.809 0.2500000000
52609  26.201  -49.370  92.294 0.1250000000
52642  25.133  -49.078  90.834 0.1250000000
53787  22.397  -48.191  90.718 0.2500000000
53788  21.768  -47.786  90.257 0.2500000000
55053  21.269  -47.546  90.825 0.2500000000
68915  35.771  -39.759  89.569 0.1250000000
67700  36.017  -40.265  89.820 0.1250000000
67725  35.513  -40.218  88.506 0.1250000000
67714  35.667  -40.282  89.094 0.1250000000
66490  35.518  -40.664  88.508 0.1250000000
68927  35.340  -39.633  88.449 0.1250000000
67740  35.417  -40.269  87.957 0.1250000000
66501  35.368  -40.642  87.720 0.1250000000
53681  24.929  -48.507  96.000 0.1250000000
68951  35.322  -39.937  87.655 0.1250000000
66502  35.193  -40.538  86.896 0.1250000000
52532  26.084  -49.464  95.185 0.1250000000
52545  25.614  -49.424  94.750 0.1250000000
52561  24.302  -48.992  94.339 0.1250000000
52559  25.797  -49.551  94.203 0.1250000000
52594  25.007  -49.117  92.912 0.1250000000
52595  24.065  -48.930  92.839 0.1250000000
53751  22.391  -48.423  92.561 0.2500000000
52611  24.705  -49.195  92.124 0.1250000000
53786  23.097  -48.517  91.263 0.2500000000
53806  23.223  -48.524  90.146 0.1250000000
73869  31.328  -33.730  73.767 0.1250000000
73856  31.051  -34.063  74.346 0.1250000000
74940  29.696  -33.347  75.530 0.2500000000
74951  31.072  -33.444  73.938 0.1250000000
76167  30.282  -32.800  75.047 0.2500000000
76168  29.904  -32.793  75.615 0.3750000000
76201  31.609  -32.656  73.534 0.2500000000
76166  30.920  -32.383  74.720 0.3750000000
78549  32.971  -30.436  72.933 0.2500000000
78550  32.715  -30.736  73.478 0.2500000000
77376  32.542  -31.409  73.159 0.2500000000
76181  31.801  -32.156  73.729 0.2500000000
78539  32.868  -30.228  73.835 0.2500000000
77360  32.104  -31.539  74.345 0.5000000000
77361  31.466  -32.122  74.383 0.3750000000
84554  35.345  -25.633  71.291 0.2500000000
84539  34.731  -25.288  71.934 0.3750000000
84553  35.935  -25.179  70.869 0.2500000000
85873  36.444  -24.730  70.775 0.2500000000
86901  44.358  -23.313  81.013 0.3750000000
85695  44.391  -23.837  81.972 0.3750000000
84396  40.389  -25.435  81.471 0.6250000000
94536  48.542  -16.524  82.870 0.1250000000
95664  48.003  -15.812  82.963 0.1250000000
92268  50.309  -18.830  83.322 0.1250000000
91147  49.934  -19.543  82.887 0.1250000000
93378  50.178  -17.404  83.540 0.1250000000
91153  49.450  -19.530  82.276 0.1250000000
90126  49.504  -20.248  82.423 0.1250000000
88033  48.317  -22.249  82.635 0.1250000000
86898  46.922  -22.961  82.107 0.1250000000
89108  47.897  -21.443  81.427 0.1250000000
88041  47.216  -22.305  81.371 0.1250000000
86899  46.261  -23.081  81.639 0.2500000000
85694  45.025  -23.854  82.318 0.2500000000
93395  48.852  -17.600  82.490 0.1250000000
88042  46.383  -22.710  81.043 0.1250000000
85677  43.919  -24.526  82.316 0.3750000000
95665  47.228  -15.480  82.700 0.1250000000
84394  42.567  -24.915  82.013 0.5000000000
83080  41.860  -25.563  82.170 0.5000000000
96730  46.588  -14.578  82.517 0.2500000000
86900  45.258  -23.304  81.482 0.2500000000
99044  45.539  -13.238  80.763 0.2500000000
97880  46.211  -13.736  82.129 0.2500000000
83082  39.996  -26.264  81.880 0.6250000000
97890  45.342  -13.929  80.955 0.2500000000
96732  45.383  -15.147  81.427 0.2500000000
90119  49.901  -20.288  83.136 0.1250000000
88032  49.119  -21.754  83.100 0.1250000000
86887  47.327  -23.187  82.813 0.1250000000
89099  49.629  -21.174  83.260 0.1250000000
86888  46.344  -23.567  82.622 0.1250000000
85675  45.447  -24.385  82.938 0.1250000000
85676  44.546  -24.569  82.622 0.3750000000
84393  43.375  -24.885  82.331 0.5000000000
84375  43.120  -25.604  82.610 0.5000000000
83060  42.291  -26.238  82.685 0.5000000000
83081  41.119  -26.168  82.264 0.6250000000
79597  39.169  -28.705  82.074 0.6250000000
81888  40.263  -27.066  82.363 0.6250000000
81889  39.439  -27.098  81.786 0.6250000000
99064  45.997  -12.391  80.486 0.2500000000
99089  46.462  -12.488  79.203 0.2500000000
99065  45.645  -13.003  79.753 0.2500000000
86871  46.764  -23.862  83.256 0.1250000000
85674  46.205  -24.251  83.225 0.1250000000
84373  44.687  -25.416  83.197 0.1250000000
83059  43.455  -26.372  83.140 0.1250000000
81866  41.856  -27.166  82.979 0.3750000000
80750  41.219  -27.770  83.101 0.5000000000
84372  45.421  -25.226  83.429 0.1250000000
80751  40.427  -27.822  82.711 0.6250000000
79596  39.811  -28.502  82.633 0.6250000000
84374  43.901  -25.390  82.756 0.3750000000
81887  41.106  -27.155  82.720 0.6250000000
83061  41.617  -26.727  82.688 0.5000000000
80752  39.643  -27.886  82.245 0.6250000000
97943  47.492  -13.383  78.161 0.2500000000
96812  46.983  -14.759  77.481 0.2500000000
89065  50.120  -21.343  84.910 0.1250000000
79595  40.444  -28.386  83.075 0.5000000000
78447  39.906  -28.826  82.921 0.5000000000
77241  39.214  -29.825  82.856 0.3750000000
78448  39.385  -29.277  82.620 0.3750000000
95751  47.735  -15.361  77.158 0.2500000000
94638  48.620  -16.676  76.335 0.2500000000
77234  39.494  -29.758  83.409 0.2500000000
77235  38.897  -30.289  83.056 0.3750000000
78435  40.024  -29.069  83.350 0.3750000000
88137  52.723  -22.390  70.097 0.6250000000
88136  53.200  -22.035  69.633 0.5000000000
88150  52.784  -22.268  69.169 0.6250000000
52549  13.368  -50.024  95.802 0.3750000000
56358  27.589  -47.370  89.869 0.2500000000
76183  30.710  -32.796  74.531 0.2500000000
84540  34.149  -25.720  72.395 0.2500000000
85851  34.143  -25.048  72.902 0.3750000000
85861  35.153  -24.785  71.874 0.2500000000
99090  45.882  -12.989  79.174 0.2500000000
94619  48.265  -16.098  76.728 0.2500000000
70231  34.632  -39.274  86.817 0.1250000000
89107  48.729  -21.060  81.958 0.1250000000
93394  49.745  -17.628  82.940 0.1250000000
92269  49.813  -18.698  82.742 0.1250000000
96731  45.734  -14.642  81.796 0.2500000000
97889  45.658  -13.739  81.487 0.2500000000
46468  7.905  -53.821  99.225 0.2500000000
47723  7.646  -53.066  100.048 0.2500000000
48970  10.066  -53.355  98.586 0.3750000000
47725  9.339  -53.397  99.524 0.2500000000
56238  20.992  -46.277  95.404 0.1250000000
53684  14.654  -48.995  97.247 0.2500000000
53685  14.328  -49.584  97.339 0.3750000000
56290  20.604  -47.101  92.731 0.2500000000
58736  17.479  -45.772  99.550 0.1250000000
56198  15.843  -47.166  99.088 0.1250000000
58817  33.936  -46.308  91.608 0.2500000000
62540  34.299  -42.688  86.809 0.3750000000
60047  34.390  -45.200  91.503 0.1250000000
63834  34.724  -41.567  86.795 0.2500000000
53804  24.912  -48.623  90.225 0.2500000000
53807  22.312  -48.087  89.696 0.3750000000
57555  31.056  -47.000  90.150 0.2500000000
63801  35.073  -42.300  88.975 0.1250000000
47722  8.116  -53.367  100.127 0.2500000000
48952  8.395  -52.389  100.765 0.2500000000
48954  7.576  -51.881  100.747 0.2500000000
48950  9.282  -52.794  100.446 0.2500000000
48957  9.503  -53.065  100.064 0.2500000000
48958  9.043  -53.140  100.314 0.2500000000
48965  9.534  -53.219  99.759 0.2500000000
48959  8.540  -53.027  100.460 0.2500000000
58738  15.638  -46.532  99.561 0.1250000000
57394  13.911  -47.374  100.081 0.1250000000
56179  13.337  -48.293  99.738 0.1250000000
54913  12.474  -49.276  100.076 0.1250000000
54914  11.698  -49.617  100.435 0.1250000000
53652  11.795  -50.211  100.390 0.1250000000
52500  11.254  -50.947  100.760 0.1250000000
61177  18.787  -44.693  99.578 0.1250000000
53658  12.962  -49.832  99.689 0.1250000000
52507  12.254  -50.721  99.842 0.1250000000
52499  11.720  -50.838  100.309 0.1250000000
51350  11.567  -51.337  100.153 0.1250000000
50122  10.616  -51.734  100.908 0.2500000000
51343  9.875  -51.788  101.161 0.2500000000
50134  9.520  -52.680  100.438 0.2500000000
50125  8.717  -51.905  101.157 0.2500000000
50124  9.469  -52.284  100.829 0.2500000000
50120  8.202  -51.433  101.482 0.2500000000
52510  13.160  -50.663  98.924 0.1250000000
50139  10.686  -51.978  100.051 0.2500000000
50130  11.967  -51.190  99.843 0.2500000000
48956  10.088  -52.561  100.124 0.2500000000
48962  10.791  -52.089  99.700 0.3750000000
48963  10.503  -52.326  99.847 0.3750000000
51353  12.912  -50.977  98.878 0.2500000000
50142  11.990  -51.435  99.289 0.2500000000
48968  10.893  -52.233  99.365 0.3750000000
48972  11.085  -52.514  98.655 0.3750000000
57532  32.205  -47.186  90.776 0.2500000000
52505  13.556  -50.118  98.940 0.1250000000
52509  13.683  -50.172  98.485 0.1250000000
51357  13.111  -50.935  98.019 0.3750000000
50146  11.709  -52.195  98.285 0.3750000000
53666  14.653  -49.352  97.794 0.1250000000
52513  14.359  -49.873  97.454 0.2500000000
52514  13.930  -50.211  97.934 0.3750000000
51361  13.309  -50.703  97.597 0.3750000000
50152  12.238  -51.753  97.865 0.3750000000
50153  11.700  -52.307  97.541 0.3750000000
53673  14.575  -49.302  97.436 0.2500000000
50163  12.081  -51.733  97.195 0.3750000000
58793  34.249  -45.997  93.704 0.1250000000
62466  34.942  -42.806  92.912 0.1250000000
57495  33.745  -47.555  92.227 0.1250000000
56323  33.018  -47.853  91.360 0.1250000000
55034  32.122  -48.930  91.460 0.1250000000
56326  31.018  -48.179  90.571 0.2500000000
55049  31.103  -48.545  90.801 0.2500000000
55036  29.977  -49.080  91.875 0.1250000000
55037  29.159  -48.821  91.799 0.2500000000
56343  30.554  -47.686  90.331 0.2500000000
56355  30.117  -47.271  90.059 0.2500000000
55078  27.693  -47.643  90.210 0.2500000000
58784  33.883  -46.060  94.127 0.1250000000
62485  35.431  -42.700  91.533 0.1250000000
57475  33.676  -46.980  94.002 0.1250000000
56268  33.824  -47.669  93.071 0.1250000000
56226  22.265  -46.998  96.260 0.1250000000
56289  32.966  -48.637  92.577 0.1250000000
54993  32.106  -48.835  94.293 0.1250000000
55021  31.063  -49.499  92.649 0.1250000000
55007  31.417  -49.514  93.770 0.1250000000
55022  30.208  -49.506  92.505 0.1250000000
53764  29.710  -49.443  92.519 0.1250000000
53731  29.282  -49.746  93.579 0.1250000000
53729  30.795  -49.912  93.888 0.1250000000
56255  21.444  -47.428  94.278 0.1250000000
53732  28.759  -49.618  93.243 0.1250000000
53766  28.120  -49.001  92.272 0.1250000000
53783  27.180  -48.862  91.479 0.2500000000
55067  27.132  -48.216  90.567 0.2500000000
52623  27.060  -49.143  92.021 0.1250000000
53801  27.076  -48.553  90.898 0.2500000000
53785  26.148  -49.041  90.974 0.1250000000
53802  26.449  -48.708  90.711 0.2500000000
56216  23.010  -47.117  96.923 0.1250000000
54945  22.600  -47.289  96.323 0.1250000000
63810  35.301  -41.688  88.715 0.1250000000
54966  22.776  -47.921  95.713 0.1250000000
54977  31.813  -48.820  94.430 0.1250000000
53730  30.029  -49.908  93.860 0.1250000000
53707  30.424  -49.207  94.785 0.1250000000
53708  29.945  -49.410  94.868 0.1250000000
52570  28.978  -49.692  93.961 0.1250000000
53709  29.029  -49.690  94.806 0.1250000000
52573  27.358  -49.629  93.662 0.1250000000
52556  27.746  -49.687  94.236 0.1250000000
52590  27.626  -49.491  93.153 0.1250000000
52607  27.399  -49.280  92.507 0.1250000000
52625  26.039  -49.260  91.546 0.1250000000
52591  27.033  -49.505  93.029 0.1250000000
52592  26.429  -49.450  92.964 0.1250000000
56195  23.688  -46.375  97.590 0.1250000000
58750  24.348  -45.562  98.099 0.1250000000
57431  24.443  -46.507  97.528 0.1250000000
54933  23.808  -47.441  97.048 0.1250000000
57430  24.905  -46.620  97.506 0.1250000000
54931  25.077  -47.713  97.131 0.1250000000
54942  24.383  -47.937  96.774 0.1250000000
54943  23.828  -47.821  96.634 0.1250000000
53683  23.290  -48.065  95.945 0.1250000000
54980  22.126  -48.084  94.853 0.1250000000
53672  24.306  -48.116  96.524 0.1250000000
53671  24.691  -48.269  96.456 0.1250000000
53698  23.187  -48.360  95.354 0.1250000000
53713  22.622  -48.432  94.551 0.1250000000
53691  28.469  -49.461  95.130 0.1250000000
53690  29.241  -49.381  95.110 0.1250000000
53723  22.603  -48.533  93.881 0.2500000000
53722  23.449  -48.796  94.091 0.2500000000
53724  21.975  -48.225  93.643 0.1250000000
54995  21.606  -47.824  93.948 0.2500000000
53710  28.087  -49.651  95.229 0.1250000000
52530  27.282  -49.622  95.048 0.1250000000
52542  27.505  -49.665  94.702 0.1250000000
54964  28.653  -48.986  95.417 0.1250000000
53750  23.143  -48.729  92.743 0.2500000000
55023  21.353  -47.764  92.671 0.2500000000
52558  26.466  -49.662  94.212 0.1250000000
52575  26.082  -49.532  93.588 0.1250000000
52574  26.731  -49.609  93.610 0.1250000000
53768  22.937  -48.597  92.071 0.2500000000
53770  21.755  -47.937  91.266 0.2500000000
52626  25.304  -49.272  91.500 0.1250000000
52610  25.525  -49.330  92.212 0.1250000000
52643  24.411  -48.828  90.623 0.1250000000
52627  24.532  -49.082  91.317 0.1250000000
53696  25.273  -48.800  95.569 0.1250000000
52534  25.084  -48.911  95.265 0.1250000000
53697  24.476  -48.693  95.364 0.1250000000
53670  25.236  -48.410  96.321 0.1250000000
52531  26.696  -49.580  95.118 0.1250000000
53694  26.447  -49.340  95.451 0.1250000000
52544  26.268  -49.619  94.735 0.1250000000
53695  25.844  -49.085  95.549 0.1250000000
52560  25.057  -49.273  94.224 0.1250000000
53733  23.325  -48.772  93.455 0.2500000000
52577  24.357  -49.045  93.650 0.1250000000
52576  25.352  -49.334  93.598 0.1250000000
52612  23.752  -48.899  91.918 0.1250000000
52628  23.833  -48.752  90.950 0.1250000000
76182  31.151  -32.735  74.030 0.1250000000
74939  30.139  -33.515  74.907 0.1250000000
73857  30.418  -33.818  74.657 0.1250000000
84569  35.893  -25.637  70.811 0.1250000000
88034  47.434  -22.654  82.222 0.1250000000
99043  46.065  -12.835  81.608 0.2500000000
59978  24.320  -44.879  98.641 0.1250000000
52593  25.781  -49.358  92.927 0.1250000000
53682  24.053  -48.275  96.122 0.1250000000
66605  32.088  -40.741  75.643 0.2500000000
67844  32.140  -39.943  75.516 0.3750000000
88126  52.723  -22.454  71.092 0.5000000000
88149  53.212  -21.939  68.699 0.2500000000
89202  53.492  -21.408  70.094 0.3750000000
67842  33.440  -40.468  76.280 0.2500000000
88125  53.304  -22.061  70.639 0.3750000000
50128  7.172  -51.571  100.756 0.1250000000
50129  6.688  -51.364  100.429 0.1250000000
50136  6.513  -51.435  99.994 0.1250000000
51337  7.777  -51.068  101.758 0.1250000000
52508  5.994  -50.414  100.189 0.1250000000
51335  8.884  -51.372  101.483 0.1250000000
51346  7.300  -51.049  101.484 0.1250000000
52504  6.327  -50.476  100.825 0.1250000000
51334  9.507  -51.472  101.333 0.1250000000
53896  14.874  -50.739  84.925 0.2500000000
62689  31.090  -43.741  76.981 0.1250000000
61400  31.885  -44.240  78.252 0.1250000000
61414  30.454  -44.144  77.570 0.1250000000
53883  14.597  -50.211  85.522 0.3750000000
64000  32.490  -42.759  76.693 0.1250000000
65325  33.127  -42.136  76.572 0.1250000000
66591  33.478  -41.610  76.608 0.1250000000
71584  29.281  -36.926  76.721 0.3750000000
71585  28.329  -36.602  77.376 0.3750000000
71566  28.013  -36.334  78.548 0.3750000000
71600  29.001  -36.187  76.587 0.3750000000
71599  29.687  -36.285  76.674 0.1250000000
72706  30.138  -36.062  76.796 0.1250000000
72722  28.878  -35.488  76.530 0.3750000000
72720  30.558  -35.297  76.581 0.1250000000
72721  29.833  -35.595  76.513 0.1250000000
73808  28.071  -34.692  77.298 0.3750000000
73823  30.397  -34.986  76.031 0.1250000000
74930  28.471  -34.243  76.681 0.3750000000
73842  29.375  -33.944  75.711 0.3750000000
74929  28.920  -33.475  76.385 0.3750000000
76200  32.083  -32.539  73.065 0.1250000000
75905  37.031  -31.873  90.893 0.1250000000
75918  35.809  -32.081  89.516 0.1250000000
75904  38.073  -31.759  91.085 0.1250000000
75917  36.861  -31.927  89.759 0.1250000000
75903  39.063  -31.570  91.261 0.1250000000
77113  40.285  -30.910  91.244 0.1250000000
77139  40.435  -31.037  89.742 0.1250000000
77177  40.144  -30.856  87.152 0.1250000000
77213  39.356  -30.653  85.506 0.1250000000
77212  39.642  -30.281  85.056 0.1250000000
77226  39.175  -30.277  83.715 0.2500000000
77225  39.802  -29.798  84.157 0.1250000000
77233  39.958  -29.457  83.812 0.1250000000
79580  41.280  -28.274  83.666 0.2500000000
89239  44.642  -21.391  66.597 0.1250000000
90277  42.436  -20.847  67.571 0.1250000000
93575  53.637  -17.913  65.764 0.1250000000
93577  52.259  -17.370  66.158 0.1250000000
93584  53.221  -17.414  65.151 0.1250000000
94709  52.283  -16.425  65.361 0.1250000000
94714  52.964  -16.787  64.383 0.1250000000
90255  53.582  -20.746  68.307 0.1250000000
90245  53.446  -20.714  69.445 0.1250000000
91286  52.504  -19.232  68.247 0.1250000000
89222  53.637  -21.430  68.040 0.1250000000
93578  51.695  -17.013  66.621 0.1250000000
94705  51.798  -16.357  66.133 0.1250000000
94708  52.645  -16.861  64.941 0.1250000000
95887  52.438  -15.428  64.858 0.1250000000
95890  52.740  -15.353  64.119 0.1250000000
91262  53.255  -19.403  70.946 0.2500000000
90232  53.500  -20.510  70.501 0.2500000000
93559  51.919  -17.394  69.584 0.1250000000
92438  52.248  -18.333  69.942 0.1250000000
94690  51.841  -16.576  69.239 0.1250000000
93560  51.570  -17.300  68.823 0.1250000000
91285  53.074  -19.993  68.785 0.1250000000
89213  53.470  -21.465  69.054 0.1250000000
94702  51.495  -16.415  67.742 0.1250000000
95889  53.094  -15.406  63.432 0.1250000000
97002  52.714  -14.703  64.434 0.1250000000
90222  53.797  -20.158  71.385 0.1250000000
89194  53.748  -21.173  71.283 0.1250000000
95842  52.988  -15.776  70.374 0.1250000000
94686  52.692  -16.233  70.287 0.1250000000
92437  52.841  -18.297  70.799 0.1250000000
95858  52.143  -16.074  69.471 0.1250000000
93554  52.570  -17.190  70.425 0.1250000000
95873  52.339  -15.381  69.159 0.1250000000
95883  51.633  -15.559  67.400 0.1250000000
96993  51.869  -15.020  67.920 0.1250000000
95882  51.747  -15.438  66.528 0.1250000000
98149  52.703  -13.842  66.675 0.1250000000
98155  52.695  -13.797  65.827 0.1250000000
96998  52.549  -14.454  65.182 0.1250000000
98154  53.285  -13.431  65.150 0.1250000000
97001  53.224  -14.332  63.711 0.1250000000
91253  53.853  -19.152  71.871 0.1250000000
88117  52.731  -22.190  71.976 0.3750000000
92431  53.452  -18.226  71.628 0.1250000000
89193  54.001  -20.522  71.716 0.1250000000
93553  53.256  -17.258  71.226 0.1250000000
94685  53.264  -16.262  70.792 0.1250000000
98115  54.403  -13.558  68.870 0.1250000000
96970  53.235  -14.262  68.863 0.1250000000
98137  54.489  -13.030  67.804 0.1250000000
98138  53.518  -13.727  68.186 0.1250000000
96971  52.534  -14.945  69.000 0.1250000000
99269  55.587  -12.097  66.811 0.1250000000
99275  54.895  -12.442  66.272 0.1250000000
98143  53.485  -13.365  67.200 0.1250000000
96989  52.516  -14.446  68.196 0.1250000000
99274  55.563  -12.015  65.754 0.1250000000
98147  54.146  -12.797  65.722 0.1250000000
98148  53.370  -13.261  66.205 0.1250000000
94684  54.074  -15.740  71.103 0.1250000000
96933  54.211  -14.562  70.267 0.1250000000
95841  53.547  -15.245  70.398 0.1250000000
98114  55.253  -12.956  68.531 0.1250000000
96969  53.911  -13.997  69.187 0.1250000000
95856  53.158  -14.941  69.893 0.1250000000
99257  55.519  -12.515  67.813 0.1250000000
99270  54.939  -12.555  67.204 0.1250000000
99256  56.294  -11.958  67.427 0.1250000000
96946  54.478  -13.944  69.700 0.1250000000
99231  56.159  -12.414  68.457 0.1250000000
99255  56.984  -11.486  66.990 0.1250000000
70404  28.425  -37.410  77.841 0.3750000000
90278  41.760  -20.915  67.975 0.1250000000
53895  15.588  -50.393  84.496 0.2500000000
51355  6.255  -50.941  99.775 0.1250000000
62705  31.630  -43.225  76.606 0.1250000000
66604  33.176  -41.103  76.182 0.1250000000
50135  6.807  -51.839  100.152 0.1250000000
50140  6.625  -51.847  99.807 0.1250000000
88116  53.318  -21.985  71.609 0.2500000000
51347  6.716  -51.025  100.935 0.1250000000
51352  6.397  -50.935  100.338 0.1250000000
62688  32.108  -43.621  77.284 0.1250000000
61413  31.301  -44.125  77.630 0.1250000000
61401  30.813  -44.425  78.323 0.1250000000
62687  32.790  -43.359  77.526 0.1250000000
63999  32.995  -42.567  76.829 0.1250000000
71601  28.485  -35.898  76.790 0.3750000000
73825  28.482  -35.027  76.697 0.3750000000
73824  29.277  -34.634  76.195 0.3750000000
93585  52.630  -17.212  65.460 0.1250000000
93594  53.628  -17.306  64.424 0.1250000000
94715  52.595  -16.169  64.578 0.1250000000
92444  51.792  -18.319  68.796 0.1250000000
92445  51.556  -17.703  68.429 0.1250000000
93571  51.851  -17.605  66.827 0.1250000000
94706  51.525  -16.335  66.924 0.1250000000
95885  52.086  -15.436  65.652 0.1250000000
91274  53.086  -19.880  69.875 0.1250000000
91263  52.706  -19.113  70.223 0.1250000000
91275  52.527  -19.217  69.324 0.1250000000
95880  51.701  -15.711  68.194 0.1250000000
93564  51.479  -17.185  68.132 0.1250000000
92449  51.591  -17.874  67.950 0.1250000000
96997  52.940  -14.009  64.484 0.1250000000
96948  52.999  -14.776  69.475 0.1250000000
96990  52.092  -15.169  68.542 0.1250000000
96992  52.050  -14.576  67.195 0.1250000000
98144  52.826  -13.938  67.580 0.1250000000
96995  52.219  -14.553  66.141 0.1250000000
98136  55.084  -12.802  67.957 0.1250000000
98116  53.777  -13.874  68.769 0.1250000000
96947  53.651  -14.500  69.703 0.1250000000
98142  54.201  -12.829  66.740 0.1250000000
99268  56.478  -11.638  66.240 0.1250000000
46593  6.426  -57.251  90.516 0.2500000000
49120  11.301  -54.271  87.325 0.1250000000
50322  12.537  -53.293  87.062 0.1250000000
52694  14.129  -51.031  86.237 0.1250000000
70402  29.956  -37.656  76.658 0.2500000000
70416  33.300  -38.666  76.517 0.1250000000
70418  31.681  -38.155  76.138 0.1250000000
78567  33.462  -30.347  72.438 0.1250000000
83205  34.114  -26.583  72.224 0.1250000000
82043  35.431  -27.434  71.691 0.1250000000
82044  34.826  -27.340  71.849 0.1250000000
83222  34.771  -26.604  71.757 0.1250000000
84555  34.691  -25.796  71.786 0.1250000000
99027  46.572  -13.056  82.316 0.1250000000
100144  46.699  -12.372  82.150 0.1250000000
99108  46.965  -12.876  78.508 0.1250000000
96797  48.247  -14.262  77.793 0.1250000000
96811  47.700  -14.689  77.520 0.1250000000
88102  52.786  -21.827  72.682 0.2500000000
50323  11.926  -53.325  87.428 0.1250000000
50343  12.443  -53.768  86.882 0.1250000000
67827  33.860  -40.119  76.688 0.1250000000
52711  14.381  -51.268  85.565 0.1250000000
41761  4.625  -60.656  92.545 0.1250000000
41762  3.791  -60.520  92.453 0.1250000000
42994  4.747  -59.346  92.406 0.1250000000
42983  3.691  -59.315  92.529 0.1250000000
43006  5.752  -59.492  91.531 0.1250000000
44194  5.177  -58.608  91.934 0.1250000000
44212  5.578  -58.427  91.408 0.1250000000
45391  5.377  -57.465  91.685 0.1250000000
45408  5.788  -57.732  91.155 0.1250000000
46562  5.712  -56.573  91.832 0.1250000000
44230  6.563  -58.342  90.342 0.1250000000
45407  6.233  -57.766  90.656 0.1250000000
45425  6.679  -57.686  90.173 0.1250000000
59018  27.634  -46.318  81.823 0.1250000000
60190  28.176  -45.579  81.270 0.1250000000
87033  41.020  -23.495  67.928 0.1250000000
88163  40.211  -22.770  68.448 0.1250000000
88162  40.981  -22.306  67.938 0.1250000000
89227  40.367  -21.834  68.698 0.1250000000
89226  41.136  -21.371  68.259 0.1250000000
46577  5.712  -57.158  91.447 0.1250000000
89256  47.009  -21.575  66.177 0.1250000000
42982  4.178  -59.652  92.526 0.1250000000
45446  7.604  -57.450  89.383 0.1250000000
88164  39.550  -23.154  69.007 0.1250000000
41773  3.533  -60.988  92.222 0.1250000000
42993  5.274  -59.655  92.127 0.1250000000
44211  6.110  -58.695  90.844 0.1250000000
45424  7.112  -57.544  89.747 0.1250000000
70401  31.055  -37.427  76.612 0.1250000000
87046  41.791  -23.407  67.787 0.1250000000
43026  3.346  -59.314  88.930 0.1250000000
46632  3.048  -55.997  88.769 0.1250000000
46686  3.935  -57.227  86.215 0.1250000000
47724  9.513  -53.308  99.381 0.2500000000
47742  8.457  -54.808  97.598 0.5000000000
50121  7.907  -51.393  101.470 0.1250000000
50132  10.622  -51.931  100.421 0.2500000000
50137  11.868  -51.325  99.759 0.2500000000
50283  4.624  -53.929  89.086 0.1250000000
51345  7.690  -51.240  101.530 0.2500000000
51351  11.153  -51.428  100.495 0.1250000000
51360  13.835  -50.352  97.737 0.3750000000
51369  12.958  -50.827  96.728 0.3750000000
51380  7.610  -51.862  95.950 0.1250000000
51483  4.434  -54.080  89.154 0.1250000000
51484  4.271  -54.264  89.091 0.1250000000
52518  14.395  -49.918  97.625 0.3750000000
52529  27.789  -49.622  94.946 0.1250000000
52533  25.493  -49.173  95.228 0.1250000000
52540  28.728  -49.687  94.485 0.1250000000
52541  28.205  -49.675  94.680 0.1250000000
52543  26.888  -49.682  94.730 0.1250000000
52546  24.878  -49.033  94.825 0.1250000000
52547  24.336  -48.926  94.650 0.1250000000
52554  28.924  -49.711  93.943 0.1250000000
52571  28.602  -49.664  93.752 0.1250000000
52572  27.967  -49.636  93.720 0.1250000000
52589  28.211  -49.537  93.241 0.1250000000
52606  27.941  -49.341  92.791 0.1250000000
52624  26.627  -49.186  91.803 0.1250000000
52641  25.722  -49.160  91.054 0.1250000000
52644  23.891  -48.684  90.423 0.1250000000
53680  25.524  -48.658  95.888 0.1250000000
53693  27.069  -49.485  95.333 0.1250000000
53711  24.378  -48.867  94.881 0.1250000000
53717  8.389  -50.122  95.082 0.1250000000
53719  30.513  -49.390  94.560 0.1250000000
53720  29.954  -49.728  94.465 0.1250000000
53746  30.692  -49.796  93.516 0.1250000000
53749  28.536  -49.387  92.784 0.1250000000
53765  29.055  -49.113  92.308 0.1250000000
53781  28.642  -48.759  91.827 0.2500000000
53821  26.750  -48.367  90.488 0.2500000000
53845  22.152  -48.012  88.223 0.8750000000
53861  23.710  -47.822  87.679 0.8750000000
53897  10.046  -50.750  84.522 0.1250000000
54934  23.382  -47.345  96.901 0.1250000000
54954  23.469  -47.892  96.307 0.1250000000
54955  22.921  -47.702  96.133 0.1250000000
54979  30.204  -48.948  95.175 0.1250000000
55005  32.897  -48.771  93.450 0.1250000000
55163  23.122  -47.421  85.650 1.0000000000
56194  23.815  -46.748  97.472 0.1250000000
56204  24.582  -47.050  97.405 0.1250000000
56244  31.456  -48.519  94.635 0.1250000000
56253  33.079  -48.072  94.146 0.1250000000
56270  32.915  -48.747  93.193 0.1250000000
56275  9.324  -48.579  92.762 0.1250000000
56276  9.036  -48.242  93.287 0.1250000000
56287  33.867  -47.608  92.638 0.1250000000
56306  33.354  -48.099  91.942 0.1250000000
56325  31.626  -48.276  90.761 0.1250000000
56341  31.853  -47.605  90.644 0.2500000000
56344  29.768  -47.662  90.322 0.2500000000
56346  21.176  -47.217  89.143 0.6250000000
56387  20.758  -46.670  86.805 0.8750000000
56400  24.478  -46.389  87.041 1.0000000000
57409  13.945  -47.039  100.015 0.1250000000
57457  20.960  -46.243  95.649 0.1250000000
57474  34.039  -46.502  93.755 0.1250000000
57477  19.781  -45.831  94.786 0.3750000000
57484  34.012  -47.096  93.368 0.1250000000
57490  9.141  -47.818  92.815 0.1250000000
57493  34.268  -46.581  93.021 0.1250000000
57500  9.535  -48.001  91.974 0.1250000000
57511  33.448  -47.397  91.622 0.1250000000
57531  32.887  -46.968  91.054 0.2500000000
57556  30.559  -47.023  89.989 0.2500000000
57573  30.849  -46.370  89.732 0.3750000000
57618  10.147  -46.818  86.660 0.1250000000
57648  24.250  -45.794  85.784 1.0000000000
57704  22.138  -47.913  81.239 0.8750000000
58794  33.972  -46.369  93.946 0.1250000000
58800  34.468  -45.495  92.540 0.1250000000
58875  19.641  -45.778  88.161 0.7500000000
58894  32.184  -44.643  88.536 0.6250000000
58900  27.080  -45.889  88.372 0.6250000000
58938  25.432  -45.616  87.221 1.0000000000
59064  23.835  -46.116  78.782 0.6250000000
60020  34.620  -44.707  92.965 0.1250000000
60039  34.451  -45.414  91.978 0.1250000000
60056  33.879  -45.194  90.428 0.3750000000
60074  34.083  -44.333  88.824 0.2500000000
60088  33.509  -44.188  88.094 0.3750000000
61222  34.609  -43.310  93.285 0.1250000000
61254  35.012  -43.406  90.651 0.1250000000
61255  34.764  -44.065  91.163 0.2500000000
61264  35.001  -43.354  90.314 0.2500000000
61283  34.539  -43.442  88.939 0.2500000000
61290  34.168  -43.749  88.049 0.3750000000
62451  34.126  -43.119  93.693 0.1250000000
62477  35.405  -42.566  92.106 0.1250000000
62478  35.097  -43.198  92.459 0.1250000000
62498  35.270  -42.875  90.152 0.2500000000
62511  34.989  -43.161  89.746 0.2500000000
62539  34.559  -42.313  87.323 0.2500000000
62562  31.392  -43.585  84.317 1.0000000000
62563  27.941  -43.011  84.564 1.0000000000
62575  34.252  -42.583  83.540 1.0000000000
62595  33.026  -43.149  82.663 1.0000000000
62631  23.968  -43.208  79.986 0.7500000000
63722  34.543  -41.668  93.472 0.1250000000
63739  35.379  -41.587  92.640 0.1250000000
63740  35.098  -41.930  92.997 0.1250000000
63757  35.975  -41.463  91.749 0.1250000000
63758  35.749  -41.843  91.893 0.1250000000
63764  36.038  -41.454  91.511 0.1250000000
63800  35.309  -41.972  89.151 0.1250000000
63823  34.517  -42.090  86.952 0.2500000000
63846  34.596  -41.371  85.999 0.5000000000
63848  34.459  -42.036  84.326 0.7500000000
63916  23.806  -43.044  80.443 0.7500000000
63938  24.263  -42.873  80.162 0.7500000000
63983  33.271  -42.754  77.306 0.1250000000
63984  32.690  -43.134  77.190 0.1250000000
65063  35.331  -41.148  92.850 0.1250000000
65080  35.901  -40.795  92.334 0.1250000000
65092  35.880  -41.309  92.056 0.1250000000
65102  36.195  -41.042  91.632 0.1250000000
65115  36.271  -40.991  91.151 0.1250000000
65116  36.069  -41.473  90.825 0.1250000000
65131  36.043  -41.400  90.186 0.1250000000
65171  35.309  -41.460  88.357 0.1250000000
65183  35.414  -41.064  88.191 0.1250000000
65201  34.759  -40.898  85.508 0.5000000000
65227  25.725  -41.903  81.689 0.8750000000
65244  25.234  -41.934  80.950 0.7500000000
65311  33.662  -41.996  76.986 0.1250000000
66440  36.347  -40.508  91.475 0.1250000000
66461  36.271  -40.730  90.399 0.1250000000
66462  36.107  -40.848  89.857 0.1250000000
66520  34.852  -40.341  85.078 0.6250000000
66580  30.868  -41.152  77.490 0.8750000000
67684  36.311  -40.201  90.667 0.1250000000
67685  36.215  -40.076  90.344 0.1250000000
67741  35.313  -40.157  87.271 0.1250000000
67828  33.449  -39.544  76.289 0.1250000000
67858  31.764  -40.015  75.517 0.5000000000
68926  35.529  -39.829  88.825 0.1250000000
68936  35.404  -39.940  88.199 0.1250000000
68937  35.176  -39.631  87.918 0.1250000000
68986  34.609  -39.754  85.425 0.6250000000
69000  34.387  -39.454  84.320 0.6250000000
69001  34.149  -39.249  83.933 0.7500000000
69014  34.279  -39.005  83.228 0.7500000000
69088  33.632  -39.102  76.618 0.1250000000
69127  31.440  -39.466  75.666 0.5000000000
70195  35.403  -39.503  88.758 0.1250000000
70253  34.417  -39.302  86.168 0.5000000000
70274  33.852  -39.085  85.161 0.6250000000
70289  33.545  -38.977  84.069 0.6250000000
70291  32.404  -38.237  83.319 0.7500000000
70360  28.300  -36.802  78.979 0.6250000000
71449  33.884  -38.496  86.561 0.3750000000
72611  30.489  -35.848  83.225 0.8750000000
72707  28.129  -35.565  77.054 0.3750000000
72723  28.444  -35.504  76.729 0.3750000000
73668  31.711  -34.078  87.618 0.3750000000
73766  28.682  -34.207  79.775 1.0000000000
74853  30.511  -33.760  83.874 0.8750000000
74895  28.758  -33.724  79.547 0.8750000000
74952  30.617  -33.318  74.420 0.1250000000
74966  31.548  -33.236  73.455 0.1250000000
75927  39.979  -31.400  88.982 0.2500000000
75967  31.778  -32.786  85.875 0.7500000000
76036  30.235  -33.677  83.152 0.8750000000
76104  36.438  -30.596  80.064 1.0000000000
76124  35.460  -31.340  78.812 1.0000000000
76144  34.731  -32.065  78.446 1.0000000000
77125  40.367  -31.026  90.491 0.1250000000
77152  40.310  -31.172  88.991 0.1250000000
77243  38.089  -30.232  81.807 0.5000000000
77244  31.889  -31.062  81.636 1.0000000000
77259  37.742  -30.160  81.194 0.5000000000
77274  37.370  -30.120  80.564 1.0000000000
77276  36.309  -30.523  79.713 1.0000000000
77277  33.607  -32.123  79.147 1.0000000000
77290  36.454  -30.288  79.560 1.0000000000
77292  35.568  -30.859  78.756 1.0000000000
77325  34.876  -30.842  77.707 1.0000000000
78436  39.523  -29.511  83.040 0.3750000000
78462  37.637  -29.701  80.756 1.0000000000
78480  36.422  -30.091  79.240 1.0000000000
79623  36.917  -29.427  79.704 1.0000000000
79639  36.659  -29.795  79.402 1.0000000000
79640  36.444  -29.542  79.092 1.0000000000
79657  35.979  -29.847  78.539 1.0000000000
80868  33.030  -28.028  73.832 0.5000000000
80886  33.070  -28.008  73.589 0.5000000000
81865  42.649  -27.079  83.234 0.3750000000
81987  33.562  -27.381  75.926 1.0000000000
81998  32.945  -27.931  74.002 0.5000000000
83058  44.109  -25.954  83.152 0.1250000000
83083  39.313  -26.205  81.306 0.7500000000
83122  36.550  -25.920  79.177 1.0000000000
83243  35.959  -26.165  70.768 0.1250000000
84458  34.848  -26.482  77.608 1.0000000000
84488  37.198  -23.966  76.402 1.0000000000
85712  43.235  -23.661  80.854 0.6250000000
85728  43.571  -23.971  79.084 0.6250000000
85784  36.600  -24.070  76.441 1.0000000000
85785  36.207  -24.175  76.429 1.0000000000
85803  34.852  -24.463  75.371 1.0000000000
86889  45.647  -23.564  82.235 0.1250000000
86933  44.397  -23.841  79.070 0.6250000000
86935  43.398  -23.746  79.604 0.7500000000
86941  44.150  -24.051  78.813 0.6250000000
86947  44.838  -22.949  77.602 0.5000000000
86956  44.174  -23.074  76.654 0.8750000000
86971  35.882  -23.739  74.323 0.8750000000
86972  35.512  -23.828  74.191 0.8750000000
86982  36.406  -23.681  73.649 0.8750000000
86984  35.642  -23.765  73.990 0.6250000000
88040  48.005  -21.726  81.860 0.1250000000
88055  45.701  -22.725  80.045 0.3750000000
88076  45.848  -21.852  78.907 0.3750000000
88101  53.239  -21.865  72.344 0.3750000000
89050  49.662  -21.506  85.328 0.1250000000
89100  49.099  -21.417  82.690 0.1250000000
89106  49.445  -20.840  82.658 0.1250000000
89151  44.370  -22.063  77.117 0.7500000000
89157  52.508  -20.314  74.618 0.1250000000
89158  52.109  -20.061  74.639 0.1250000000
89166  50.947  -20.007  73.635 0.2500000000
89167  50.533  -19.754  73.593 0.1250000000
89250  52.481  -21.910  67.055 0.3750000000
90118  50.226  -20.116  83.585 0.1250000000
90144  47.316  -20.766  80.372 0.2500000000
90157  46.266  -20.889  79.439 0.2500000000
90160  44.238  -20.276  78.651 0.5000000000
90173  53.048  -19.415  75.673 0.1250000000
90175  42.734  -20.551  76.938 0.8750000000
90215  47.518  -19.535  72.163 0.6250000000
90217  46.551  -19.073  72.178 0.7500000000
90236  47.081  -19.540  71.302 0.8750000000
91166  46.157  -19.331  80.395 0.2500000000
91192  52.833  -18.732  76.506 0.1250000000
91202  53.227  -18.997  76.209 0.1250000000
91205  51.374  -18.612  75.654 0.1250000000
91213  50.820  -18.733  75.033 0.2500000000
91220  49.437  -18.952  73.861 0.3750000000
91230  47.527  -19.032  72.946 0.6250000000
91245  46.498  -18.935  72.454 0.7500000000
91246  45.963  -18.904  72.272 0.7500000000
91250  41.722  -19.939  72.688 1.0000000000
92270  49.308  -18.298  82.437 0.2500000000
92323  44.344  -18.481  79.892 0.3750000000
92362  51.993  -18.218  76.969 0.1250000000
92379  52.294  -18.610  76.450 0.1250000000
92382  50.096  -17.732  75.655 0.1250000000
92417  42.631  -19.068  72.982 1.0000000000
92458  51.793  -17.943  67.325 0.1250000000
93485  50.075  -16.975  76.606 0.1250000000
93522  47.949  -17.464  75.296 0.6250000000
93527  43.878  -17.687  75.712 1.0000000000
93572  51.558  -17.221  67.338 0.1250000000
93576  53.006  -17.731  65.861 0.1250000000
94537  47.644  -16.445  82.560 0.2500000000
94689  52.248  -16.491  69.830 0.1250000000
94695  51.608  -16.485  68.531 0.1250000000
94723  52.855  -16.070  63.957 0.1250000000
95679  44.597  -15.954  80.572 0.3750000000
95734  45.082  -15.188  78.101 0.3750000000
95755  44.816  -15.783  77.733 0.3750000000
95857  52.603  -15.517  69.742 0.1250000000
95874  52.003  -15.751  68.997 0.1250000000
96744  45.458  -14.235  81.322 0.2500000000
96780  44.752  -14.979  78.639 0.3750000000
96801  44.973  -15.065  78.287 0.3750000000
96813  46.188  -14.923  77.623 0.3750000000
96972  52.237  -15.313  68.913 0.1250000000
96988  53.038  -14.083  68.327 0.1250000000
98096  54.654  -13.627  69.344 0.1250000000
98113  55.768  -12.724  68.680 0.1250000000
98139  52.940  -13.997  68.069 0.1250000000
99232  55.702  -12.650  68.374 0.1250000000
99258  55.020  -12.725  67.696 0.1250000000
