#!ascii label  , from subject tim vox2ras=TkReg
6658
119026  46.277  6.325  72.767 0.2000000030
119042  44.563  6.862  72.084 0.3000000119
119989  45.720  6.626  72.257 0.2000000030
119040  46.652  6.913  72.187 0.2000000030
120022  44.536  7.675  71.042 0.2000000030
120021  45.491  7.626  71.217 0.3000000119
120006  46.087  6.999  71.857 0.2000000030
120020  46.228  7.624  71.374 0.3000000119
121030  43.945  8.411  70.230 0.3000000119
121029  44.974  8.269  70.592 0.3000000119
121028  46.078  8.302  70.797 0.4000000060
121022  47.190  8.369  71.247 0.2000000030
121968  43.225  9.238  69.299 0.4000000060
121036  43.617  8.949  69.720 0.3000000119
121967  44.254  9.391  69.515 0.4000000060
121960  45.227  8.953  70.219 0.3000000119
121959  46.182  9.174  70.242 0.3000000119
122917  42.828  9.956  67.877 0.5000000000
122906  43.554  9.985  68.363 0.5000000000
122899  44.883  9.946  69.290 0.5000000000
121966  45.395  9.605  69.694 0.4000000060
121995  41.847  9.525  65.637 0.4000000060
122923  42.728  10.364  66.963 0.5000000000
122916  43.600  10.389  67.655 0.5000000000
122898  45.527  10.274  69.146 0.5000000000
121965  46.326  9.881  69.725 0.5000000000
121958  47.394  9.544  70.433 0.4000000060
121062  42.174  9.013  64.812 0.4000000060
121994  42.697  9.968  65.307 0.4000000060
122922  43.637  10.639  66.668 0.5000000000
122905  44.454  10.297  68.589 0.5000000000
121964  46.968  10.231  69.772 0.4000000060
120066  42.119  7.234  64.143 0.4000000060
122929  43.655  10.491  65.591 0.5000000000
122915  44.498  10.832  67.365 0.5000000000
122904  45.728  10.989  68.095 0.5000000000
122897  46.522  10.559  69.161 0.5000000000
121077  43.046  8.069  63.452 0.5000000000
121067  42.539  8.338  64.063 0.4000000060
121993  43.358  10.083  64.811 0.5000000000
122921  44.481  10.840  66.240 0.5000000000
122914  45.326  11.177  66.750 0.5000000000
122903  46.903  11.172  68.610 0.5000000000
117196  47.885  4.743  68.590 0.8000000119
117208  46.891  4.601  67.565 0.8999999762
117232  45.254  4.351  65.676 0.8000000119
117242  44.233  4.531  64.740 0.6000000238
120070  43.304  7.240  63.029 0.6000000238
121066  43.269  8.913  63.695 0.5000000000
122935  43.984  10.338  64.806 0.5000000000
122928  44.579  10.670  65.265 0.5000000000
122896  47.789  10.787  69.578 0.4000000060
118060  48.924  5.087  69.074 0.8000000119
118085  47.566  5.216  67.518 0.8999999762
118096  46.017  4.539  66.303 0.8000000119
118130  45.229  5.289  63.474 0.8000000119
119138  44.003  6.857  62.571 0.6999999881
121076  43.685  8.320  63.012 0.5000000000
122934  44.683  10.285  64.360 0.5000000000
122920  45.270  10.995  65.753 0.5000000000
123856  46.017  11.251  65.992 0.5000000000
123841  46.679  11.446  67.793 0.5000000000
117172  51.544  5.276  70.894 0.6999999881
117182  49.219  4.817  69.514 0.8000000119
118117  46.085  5.150  64.541 0.8000000119
119137  44.828  6.147  62.518 0.6999999881
121075  44.389  8.850  62.716 0.6000000238
122948  45.030  10.079  63.656 0.5000000000
122927  45.489  10.792  64.863 0.5000000000
123851  46.252  11.536  66.984 0.5000000000
118059  49.638  5.531  69.123 0.8000000119
118073  47.808  4.961  68.192 0.8999999762
118105  46.939  5.457  65.522 0.8999999762
118140  45.803  5.662  62.807 0.8000000119
120095  44.951  7.914  61.860 0.6999999881
122008  44.824  9.633  63.059 0.5000000000
122926  46.102  10.768  64.265 0.5000000000
123855  46.970  11.614  66.064 0.5000000000
118051  51.433  5.546  70.340 0.6999999881
118094  47.843  5.803  66.434 0.8999999762
118129  46.368  5.522  63.594 0.8000000119
120094  45.394  7.612  61.625 0.8999999762
122020  45.056  9.169  62.401 0.5000000000
123861  46.546  11.190  64.956 0.5000000000
118057  52.233  6.037  69.339 0.6999999881
118058  51.052  6.013  69.473 0.8000000119
118084  49.054  6.300  67.281 0.8999999762
118139  46.693  5.807  62.768 0.8000000119
121099  45.761  8.330  61.439 0.5000000000
122007  45.427  9.663  62.652 0.6000000238
123868  46.784  10.908  63.773 0.5000000000
113216  46.199  0.485  66.127 0.6000000238
115301  46.937  2.402  66.234 0.6999999881
117194  51.323  4.407  68.252 0.6999999881
118069  52.336  5.635  68.613 0.6999999881
119066  51.711  6.355  69.072 0.6999999881
119090  50.095  6.860  67.099 0.8999999762
118093  48.744  6.449  66.257 0.8999999762
118138  47.557  6.124  62.838 0.8999999762
119153  46.657  6.765  61.420 0.8999999762
122946  46.768  10.596  63.054 0.5000000000
123860  47.765  11.710  65.153 0.5000000000
114252  46.460  1.348  66.487 0.6999999881
116263  48.310  3.136  67.195 0.6999999881
117207  50.290  4.522  67.105 0.6999999881
119075  52.132  6.333  68.517 0.6999999881
119077  50.847  6.662  68.314 0.8000000119
118103  49.048  6.678  65.813 0.8000000119
118115  48.033  6.262  64.236 0.8999999762
120109  46.690  8.113  60.792 0.8999999762
122029  46.025  9.048  61.564 0.6000000238
123882  46.999  10.801  63.311 0.5000000000
113221  45.598  0.351  64.768 0.6999999881
115311  46.392  2.003  65.375 0.6999999881
116274  49.496  3.972  67.073 0.6999999881
117206  51.296  5.062  67.440 0.6999999881
118092  51.534  6.168  66.282 0.6999999881
119097  50.741  6.953  66.598 0.8999999762
118127  48.032  6.312  63.433 0.8999999762
119135  47.133  6.227  62.056 0.8999999762
122959  46.443  10.037  62.260 0.5000000000
115302  46.387  1.783  65.962 0.6999999881
116289  47.648  3.277  65.583 0.6999999881
117217  49.692  4.402  66.304 0.6999999881
118081  51.992  5.759  67.779 0.6999999881
119103  51.219  6.629  66.005 0.8000000119
119104  50.625  7.044  65.689 0.8999999762
119105  49.550  6.927  65.282 0.8000000119
119134  48.193  6.466  62.340 0.8999999762
121109  47.590  8.561  60.405 0.8000000119
122969  47.239  10.095  61.429 0.6000000238
114264  45.576  0.986  64.370 0.6999999881
114263  45.961  1.515  64.819 0.6999999881
115313  46.915  2.899  64.032 0.6999999881
116299  48.293  4.083  64.154 0.6999999881
117229  50.809  5.530  65.628 0.6999999881
119111  51.309  6.727  65.118 0.8000000119
119112  50.674  7.127  64.740 0.8000000119
119113  49.710  6.948  64.315 0.8000000119
119133  49.344  6.737  62.546 0.8999999762
119166  48.604  7.216  60.785 0.8999999762
114281  45.906  1.674  62.961 0.6999999881
115317  46.385  2.293  63.480 0.6999999881
116295  48.344  3.914  65.098 0.6999999881
117241  49.175  4.476  64.722 0.6999999881
117240  50.012  5.052  64.366 0.6000000238
115325  46.472  2.293  62.455 0.6999999881
115316  47.026  2.881  63.011 0.6999999881
116307  48.390  4.022  63.153 0.6000000238
117248  49.162  4.534  63.768 0.6000000238
118126  50.871  5.479  64.036 0.8000000119
118113  51.432  6.109  64.581 0.8000000119
119120  51.671  6.851  64.070 0.8000000119
119121  50.682  7.103  63.782 0.8000000119
114308  46.383  1.406  60.597 0.6999999881
115336  46.662  2.208  61.434 0.6000000238
116308  47.716  3.457  62.546 0.6000000238
116318  48.540  3.922  62.112 0.6000000238
117247  50.013  5.013  63.433 0.6000000238
118136  50.927  5.300  63.148 0.8000000119
118125  51.689  5.975  63.708 0.8000000119
115335  47.337  2.671  61.052 0.6000000238
116319  47.882  3.333  61.498 0.6000000238
117251  49.225  4.475  62.796 0.6999999881
117250  50.030  4.933  62.498 0.8000000119
114307  46.943  1.996  60.300 0.6000000238
115347  47.434  2.458  60.188 0.6000000238
116332  47.979  3.098  60.476 0.6000000238
115356  47.818  2.552  59.209 0.6000000238
119008  46.095  5.987  73.719 0.2000000030
119007  47.175  6.125  73.606 0.2000000030
119025  47.192  6.629  72.682 0.2000000030
120005  46.921  7.392  71.872 0.2000000030
121027  46.710  8.820  70.640 0.2000000030
117175  48.815  4.226  69.838 0.8000000119
122902  47.540  11.362  68.754 0.4000000060
117167  50.270  4.234  70.858 0.6999999881
123840  47.419  11.654  68.078 0.5000000000
118043  52.990  5.430  70.961 0.6999999881
123850  47.244  11.789  67.099 0.5000000000
113212  46.626  0.491  66.807 0.5000000000
115277  48.707  2.367  68.434 0.6000000238
116248  52.068  4.063  69.409 0.6999999881
112203  46.780  -0.633  66.021 0.5000000000
116251  49.416  3.248  68.234 0.6999999881
118056  52.708  5.441  69.407 0.6999999881
112204  46.225  -0.339  65.649 0.6000000238
115289  47.738  2.411  67.409 0.6999999881
116250  50.292  3.589  68.612 0.6999999881
117179  53.020  4.855  69.943 0.6999999881
112218  45.640  -0.389  64.487 0.6999999881
123867  47.577  11.330  64.096 0.6000000238
123866  48.624  11.702  64.327 0.6000000238
111135  46.165  -1.125  64.558 0.6999999881
122957  47.802  10.812  62.085 0.5000000000
122945  47.197  10.727  62.836 0.5000000000
111147  45.674  -1.408  63.372 0.6999999881
112224  45.436  -0.482  63.638 0.6999999881
114271  45.518  0.990  63.488 0.6999999881
120107  48.141  7.880  60.328 0.8999999762
114295  45.747  0.858  61.517 0.6999999881
119151  48.956  6.809  61.622 0.8999999762
113261  45.613  0.150  61.150 0.6999999881
119131  51.585  7.237  63.055 0.8000000119
119132  50.470  7.076  62.830 0.8000000119
113277  45.838  0.461  60.382 0.6999999881
113287  45.771  0.141  59.527 0.6000000238
113276  46.161  0.793  59.760 0.6999999881
117262  49.343  4.388  61.827 0.6999999881
117260  50.774  5.201  61.254 0.8000000119
114325  46.542  1.222  58.180 0.6000000238
114324  47.236  1.894  58.623 0.6000000238
116330  49.407  4.249  60.633 0.6999999881
117271  49.976  4.668  60.613 0.8000000119
116345  48.660  3.291  59.462 0.6999999881
115362  48.626  2.819  58.055 0.6999999881
114332  47.223  1.929  57.229 0.6000000238
115363  48.025  2.539  58.033 0.6999999881
115372  48.113  2.593  57.085 0.6999999881
118997  47.067  6.054  74.641 0.2000000030
119987  47.701  7.078  72.396 0.2000000030
120004  47.837  7.650  72.007 0.2000000030
120003  48.517  7.696  72.382 0.2000000030
121021  48.320  8.354  71.745 0.2000000030
122891  48.129  10.153  70.302 0.3000000119
123839  48.236  11.702  68.622 0.5000000000
123848  48.944  12.111  68.006 0.5000000000
123849  48.231  12.060  67.407 0.5000000000
111133  48.157  -1.638  64.599 0.6000000238
111134  47.159  -1.610  64.690 0.5000000000
123853  48.711  12.015  65.875 0.5000000000
123854  48.206  11.982  66.209 0.5000000000
111144  48.585  -1.902  63.825 0.6000000238
109976  48.133  -2.348  63.094 0.6000000238
111145  47.607  -2.017  63.869 0.6000000238
123892  48.173  11.040  62.244 0.5000000000
109988  47.793  -2.865  62.352 0.6000000238
111146  46.582  -1.904  63.797 0.6000000238
122050  48.916  9.631  59.808 0.6999999881
122978  48.284  10.355  60.648 0.6999999881
109978  46.132  -2.311  62.885 0.6000000238
111155  45.429  -1.497  62.238 0.6999999881
112231  45.280  -0.648  62.696 0.6999999881
120122  49.793  8.316  59.780 0.8999999762
120106  49.400  7.874  60.147 0.8999999762
109990  45.758  -2.312  61.983 0.6000000238
119164  50.659  7.290  61.356 0.8999999762
119150  50.081  7.104  61.919 0.8999999762
110018  45.782  -2.513  59.932 0.6000000238
111168  45.437  -1.775  60.974 0.6000000238
112244  45.367  -0.711  61.594 0.6999999881
119148  52.449  6.973  61.948 0.8000000119
119149  51.281  7.258  62.020 0.8000000119
111183  45.503  -1.593  59.634 0.6000000238
118159  51.548  5.504  60.921 0.8000000119
119130  52.163  6.750  63.139 0.8000000119
112261  45.528  -0.574  60.349 0.6999999881
112287  45.510  -0.708  58.048 0.5000000000
113296  45.730  0.049  58.573 0.6000000238
113295  46.023  0.604  58.185 0.6000000238
116354  49.900  3.879  58.628 0.6999999881
117284  50.259  4.486  59.606 0.6999999881
111212  45.580  -1.517  57.470 0.5000000000
112297  45.557  -0.763  57.014 0.5000000000
113305  45.737  0.127  57.554 0.5000000000
113304  46.165  0.782  57.628 0.5000000000
114333  46.508  1.194  57.282 0.6000000238
115370  49.348  3.045  57.130 0.6999999881
111252  46.015  -1.532  55.159 0.5000000000
113320  45.791  -0.217  55.565 0.5000000000
114339  46.587  1.258  56.437 0.5000000000
115381  47.885  2.508  56.233 0.6000000238
113326  46.031  0.215  54.753 0.5000000000
114346  46.536  1.193  55.347 0.5000000000
115397  47.760  2.347  54.233 0.6000000238
115388  48.655  2.904  55.451 0.6999999881
114353  46.584  1.130  54.229 0.5000000000
114359  47.306  1.771  52.768 0.5000000000
115404  47.796  2.353  53.276 0.5000000000
118988  46.461  6.380  75.514 0.2000000030
119006  48.061  6.314  73.490 0.2000000030
119951  48.080  6.562  74.588 0.2000000030
119950  48.648  6.367  74.343 0.2000000030
119005  48.730  6.675  73.449 0.2000000030
119964  49.334  6.982  74.171 0.2000000030
119985  49.166  7.244  72.958 0.2000000030
120999  49.755  8.043  72.648 0.2000000030
121020  49.210  8.638  72.041 0.2000000030
121946  48.623  9.368  71.214 0.2000000030
121019  49.959  8.765  72.372 0.2000000030
121957  48.303  9.861  70.614 0.3000000119
121944  50.497  9.373  72.214 0.2000000030
121945  49.627  9.315  71.771 0.3000000119
122890  49.098  10.457  70.618 0.3000000119
122874  50.091  9.977  71.469 0.3000000119
122889  50.513  10.670  71.102 0.3000000119
122895  48.758  11.039  69.868 0.3000000119
123822  50.200  11.124  70.507 0.3000000119
123834  48.717  11.395  69.362 0.4000000060
123837  50.248  12.001  69.360 0.3000000119
123838  49.409  11.918  68.826 0.5000000000
124785  50.616  12.266  68.490 0.4000000060
124786  49.737  12.231  67.973 0.4000000060
124799  49.315  12.182  67.110 0.4000000060
124800  48.655  12.115  66.615 0.5000000000
111154  49.834  -1.826  62.940 0.5000000000
124825  50.086  12.098  64.736 0.6000000238
124816  49.839  12.090  65.287 0.6000000238
124809  49.061  12.085  66.069 0.6000000238
109985  50.289  -2.109  62.226 0.5000000000
110001  49.243  -2.724  61.890 0.6000000238
124824  50.765  12.082  64.408 0.6000000238
123865  49.718  11.983  64.525 0.6000000238
110014  52.263  -1.955  60.524 0.5000000000
109999  50.726  -2.346  61.451 0.5000000000
108892  49.899  -2.897  61.053 0.6000000238
123890  50.317  11.802  62.833 0.6000000238
123891  49.357  11.513  62.512 0.6000000238
109998  51.540  -2.005  61.305 0.5000000000
110015  51.188  -2.573  60.423 0.6000000238
108886  48.899  -2.869  61.822 0.6000000238
109989  46.719  -3.036  61.927 0.6999999881
123902  49.266  11.297  61.471 0.6000000238
122968  47.871  10.687  61.648 0.5000000000
108894  48.325  -3.408  61.069 0.6000000238
110002  46.649  -3.299  60.833 0.6000000238
123913  49.065  10.824  60.615 0.5000000000
122049  49.689  9.663  59.583 0.8999999762
108893  49.247  -3.085  61.263 0.5000000000
108907  48.092  -3.581  60.188 0.5000000000
121122  50.024  8.827  59.532 0.8999999762
120121  50.390  8.145  59.807 0.8000000119
108918  50.638  -3.099  59.265 0.5000000000
108920  48.821  -3.652  59.318 0.6000000238
108908  47.171  -3.550  60.099 0.6000000238
120104  51.919  7.492  60.587 0.8999999762
120090  51.963  7.320  61.428 0.8000000119
110032  46.258  -3.000  59.057 0.6000000238
119147  52.507  6.584  61.212 0.8999999762
108931  49.512  -3.431  58.396 0.5000000000
108932  48.600  -3.580  58.369 0.6000000238
108922  46.960  -3.499  59.165 0.6000000238
110045  46.249  -2.814  58.091 0.6000000238
111198  45.512  -1.533  58.502 0.6000000238
117270  50.860  4.959  60.297 0.8000000119
108942  49.312  -3.330  57.499 0.6000000238
108943  48.458  -3.442  57.438 0.6000000238
108945  46.804  -3.111  57.342 0.6000000238
116353  50.643  4.219  58.325 0.6999999881
108954  48.364  -3.258  56.578 0.6000000238
108965  47.820  -2.943  55.552 0.6000000238
110077  46.040  -2.100  56.009 0.5000000000
111226  45.682  -1.549  56.528 0.5000000000
115380  48.698  2.817  56.478 0.6999999881
116364  49.742  3.341  57.256 0.6999999881
108975  47.984  -2.863  54.889 0.6000000238
110095  46.086  -1.903  55.541 0.5000000000
116385  49.693  3.245  54.994 0.8000000119
110112  47.683  -2.586  54.316 0.5000000000
110113  46.895  -2.185  54.109 0.5000000000
112322  45.916  -0.692  54.612 0.5000000000
115403  48.383  2.780  53.733 0.6000000238
116406  49.910  3.456  53.060 0.8000000119
110128  48.707  -2.511  53.281 0.5000000000
110129  47.745  -2.450  53.230 0.5000000000
110130  46.947  -2.069  53.156 0.5000000000
112329  46.378  -0.530  52.761 0.5000000000
113338  46.539  0.381  52.441 0.5000000000
114365  47.452  1.734  51.865 0.5000000000
115420  47.938  2.295  51.336 0.5000000000
115419  48.565  2.872  51.746 0.6000000238
110143  47.713  -2.443  52.221 0.5000000000
110144  46.891  -2.063  52.180 0.5000000000
111292  46.929  -1.069  50.010 0.5000000000
113350  46.910  0.233  50.268 0.5000000000
114373  47.468  1.639  51.002 0.5000000000
111291  47.394  -1.746  49.968 0.5000000000
111299  47.089  -0.774  49.632 0.5000000000
110152  51.322  -2.628  51.592 0.4000000060
109002  51.112  -2.912  51.062 0.4000000060
120948  46.247  7.678  75.973 0.2000000030
119952  46.731  6.976  74.986 0.2000000030
121875  45.907  9.232  76.212 0.1000000015
120940  46.214  8.436  76.406 0.1000000015
120949  45.627  8.415  75.709 0.1000000015
120960  45.343  8.114  74.948 0.1000000015
119965  47.985  7.331  74.334 0.2000000030
119966  46.835  7.710  74.243 0.2000000030
119984  50.060  7.641  73.364 0.2000000030
120975  47.684  8.219  73.719 0.2000000030
121909  49.108  8.788  73.691 0.2000000030
121928  49.210  9.669  73.323 0.2000000030
121908  50.213  9.203  73.641 0.2000000030
121927  49.926  9.871  73.372 0.2000000030
121926  51.118  9.456  72.706 0.2000000030
125668  50.551  13.182  71.694 0.2000000030
124739  51.505  11.819  72.129 0.3000000119
123786  51.117  11.020  72.968 0.3000000119
122855  51.491  10.169  72.944 0.3000000119
125667  51.285  12.687  71.682 0.3000000119
122854  51.608  10.682  72.264 0.3000000119
124777  52.188  13.102  70.025 0.3000000119
124762  51.765  12.344  71.253 0.3000000119
123820  51.613  11.354  71.327 0.3000000119
123821  51.015  11.247  70.817 0.3000000119
124783  52.484  12.765  69.013 0.3000000119
124763  51.808  12.168  70.623 0.3000000119
123831  51.424  11.804  70.588 0.3000000119
124782  52.612  13.417  69.117 0.4000000060
124778  51.672  12.369  69.819 0.3000000119
124779  51.019  12.284  69.365 0.3000000119
123832  50.730  11.846  70.136 0.3000000119
124796  52.555  12.614  67.963 0.4000000060
124797  51.625  12.331  67.705 0.4000000060
124807  51.463  12.159  66.638 0.6000000238
124808  50.223  12.070  66.342 0.5000000000
124815  51.190  12.082  65.544 0.6000000238
124837  52.164  12.230  63.578 0.6000000238
124838  51.123  12.035  63.224 0.6000000238
124858  51.090  12.067  61.746 0.6000000238
123900  51.153  11.955  61.213 0.6000000238
110030  52.178  -2.319  59.500 0.6000000238
123910  52.021  11.944  60.293 0.6999999881
123911  51.281  11.812  60.630 0.6000000238
123923  50.788  11.216  59.831 0.8000000119
124876  52.969  12.069  59.680 0.6999999881
122985  51.501  10.491  59.236 0.8999999762
122047  51.706  9.459  59.104 0.8999999762
122984  52.061  10.899  59.150 0.8000000119
122061  52.338  9.747  58.844 0.8999999762
121120  52.030  8.587  59.348 0.8999999762
119163  52.419  7.122  60.979 0.8999999762
108930  50.411  -3.207  58.367 0.5000000000
122059  54.006  9.543  58.599 0.6999999881
121119  53.036  8.554  59.119 0.8999999762
120103  52.816  7.336  60.233 0.8999999762
119162  52.890  6.747  60.490 0.8999999762
120131  54.085  8.109  58.921 0.8999999762
119174  54.001  6.935  59.143 0.8999999762
118166  53.142  5.891  59.346 0.8999999762
118158  52.232  5.745  60.547 0.8000000119
110073  50.824  -2.926  56.345 0.5000000000
108953  49.250  -3.196  56.528 0.6000000238
119183  54.066  6.438  58.464 0.8999999762
117295  52.009  4.931  58.071 0.8999999762
117296  51.210  4.570  58.382 0.8999999762
110074  50.085  -2.991  56.038 0.6000000238
108964  48.527  -3.021  55.705 0.6000000238
117294  52.798  5.179  57.724 0.8999999762
117307  51.651  4.462  57.633 0.8999999762
116362  51.770  4.261  57.139 0.8999999762
110089  51.797  -2.638  55.241 0.5000000000
110091  49.635  -2.795  55.376 0.6000000238
110092  49.026  -2.752  54.938 0.6000000238
116384  50.842  3.468  54.972 0.8999999762
110090  50.791  -2.672  55.231 0.5000000000
110109  50.713  -2.509  54.217 0.6000000238
110110  49.758  -2.534  54.218 0.6000000238
110127  49.706  -2.458  53.255 0.6000000238
116405  50.850  3.570  52.726 0.8000000119
110126  50.679  -2.464  53.210 0.6000000238
110141  49.644  -2.491  52.301 0.5000000000
110155  48.640  -2.623  51.339 0.5000000000
115426  48.582  2.705  50.403 0.5000000000
116436  49.522  3.512  50.091 0.8000000119
115443  49.383  3.436  48.219 0.6000000238
110140  50.594  -2.492  52.289 0.6000000238
110154  49.550  -2.581  51.453 0.5000000000
110166  49.570  -2.660  50.645 0.5000000000
110167  48.676  -2.559  50.406 0.5000000000
110168  47.927  -2.330  50.083 0.5000000000
113358  47.368  0.579  49.443 0.5000000000
114381  47.814  1.730  50.005 0.5000000000
115435  49.214  2.978  48.976 0.5000000000
110153  50.449  -2.594  51.403 0.5000000000
110165  50.058  -2.607  50.969 0.5000000000
109011  49.866  -2.998  50.105 0.4000000060
110176  49.354  -2.712  49.963 0.5000000000
110177  48.750  -2.611  49.457 0.5000000000
110188  48.059  -1.731  48.525 0.5000000000
112359  47.508  -0.277  48.627 0.5000000000
113372  48.200  0.542  47.492 0.5000000000
114404  48.401  1.475  46.764 0.5000000000
119967  45.862  8.025  74.009 0.1000000015
120976  46.479  8.285  73.527 0.1000000015
121929  48.027  9.252  73.164 0.2000000030
124726  50.391  12.003  72.439 0.2000000030
123787  50.146  11.275  72.666 0.2000000030
122876  48.058  10.955  72.358 0.2000000030
125688  50.058  14.010  71.172 0.3000000119
125669  49.404  13.401  71.569 0.2000000030
123805  49.338  11.867  72.245 0.2000000030
126660  49.636  14.617  69.733 0.3000000119
126679  49.858  14.523  68.825 0.3000000119
126659  50.751  14.528  69.599 0.3000000119
126640  51.417  14.289  70.201 0.3000000119
126678  50.920  14.565  68.662 0.3000000119
126677  51.874  14.505  68.397 0.3000000119
125708  52.429  13.810  69.409 0.4000000060
126676  52.657  14.348  68.110 0.4000000060
125720  52.893  13.902  68.642 0.4000000060
124795  53.067  13.326  68.076 0.4000000060
124805  53.339  12.809  67.154 0.4000000060
125731  53.231  14.009  67.857 0.4000000060
124794  53.366  13.703  67.569 0.4000000060
124806  52.565  12.383  66.930 0.4000000060
124812  53.701  13.256  66.287 0.4000000060
124814  52.454  12.310  65.839 0.6000000238
124835  54.005  13.172  64.163 0.6000000238
124836  53.294  12.567  63.882 0.6000000238
124849  52.024  12.360  62.468 0.6000000238
124856  52.879  12.682  61.583 0.6000000238
124857  51.625  12.180  61.390 0.6000000238
123932  54.098  11.395  58.623 0.6999999881
122995  53.557  10.420  58.604 0.6999999881
123002  54.761  10.321  57.866 0.6999999881
121132  54.281  8.692  58.614 0.8999999762
121140  55.024  8.960  57.441 0.8999999762
121131  54.884  8.712  58.055 0.8999999762
119191  54.181  6.283  57.853 0.8999999762
120157  54.471  7.907  56.468 0.8000000119
119204  54.556  7.108  56.718 0.8999999762
118188  54.155  6.004  57.175 0.8999999762
117315  53.364  4.619  55.881 0.8999999762
116373  52.123  4.020  56.367 0.8999999762
116383  51.989  3.620  55.141 0.8999999762
116394  52.738  4.000  54.354 0.8999999762
116426  50.821  4.256  50.713 0.8000000119
116435  50.130  4.160  49.896 0.8000000119
117378  49.354  4.435  48.381 0.6999999881
123806  48.180  11.611  72.071 0.2000000030
122859  47.613  10.028  72.647 0.2000000030
126725  48.296  14.357  67.301 0.2000000030
126700  48.988  14.424  68.015 0.3000000119
126680  48.772  14.507  68.902 0.3000000119
126661  48.483  14.554  69.793 0.3000000119
125689  48.803  14.172  71.161 0.3000000119
125670  48.199  13.571  71.462 0.3000000119
123807  46.970  11.793  71.726 0.2000000030
126737  48.972  14.324  66.219 0.3000000119
126738  48.338  14.295  66.611 0.3000000119
126724  49.087  14.365  67.156 0.3000000119
126699  49.976  14.537  67.880 0.3000000119
126643  48.106  14.487  70.558 0.3000000119
125691  47.065  14.316  71.083 0.3000000119
124744  46.440  12.783  71.422 0.2000000030
123808  45.912  11.839  71.491 0.1000000015
125753  48.857  14.151  65.227 0.3000000119
126736  49.929  14.312  65.810 0.3000000119
126723  49.996  14.404  66.908 0.3000000119
126697  51.967  14.555  67.437 0.3000000119
126722  51.010  14.485  66.668 0.3000000119
126720  52.895  14.513  66.136 0.5000000000
125743  53.707  13.827  66.458 0.4000000060
125764  54.229  13.919  64.401 0.5000000000
125751  53.964  13.788  65.567 0.5000000000
124821  54.088  13.103  65.309 0.5000000000
126771  54.055  14.293  62.240 0.6000000238
124822  53.480  12.409  65.019 0.5000000000
126785  54.179  14.251  60.978 0.5000000000
124847  53.927  13.212  63.021 0.6000000238
126810  54.406  13.791  59.174 0.6000000238
125835  54.335  13.451  60.405 0.6000000238
124865  53.840  12.928  60.592 0.6000000238
124855  53.798  13.206  61.868 0.6000000238
126823  54.356  13.532  58.706 0.6000000238
125850  54.449  13.206  58.931 0.6000000238
124866  52.634  12.303  60.402 0.6000000238
125882  54.174  12.743  57.682 0.5000000000
124884  54.399  12.372  58.377 0.6000000238
124875  53.537  12.357  59.746 0.6999999881
124891  53.916  12.346  57.362 0.5000000000
124890  54.439  12.285  57.637 0.6000000238
123941  54.606  11.352  57.636 0.6000000238
123005  52.773  10.777  57.204 0.6000000238
123004  53.700  10.735  56.788 0.6000000238
123956  54.827  11.098  57.055 0.6000000238
123006  51.670  10.786  57.442 0.6000000238
122070  53.217  9.866  56.970 0.6999999881
121157  54.784  8.907  56.855 0.6999999881
120142  51.926  7.891  57.115 0.6999999881
120158  53.848  7.666  56.055 0.6999999881
118198  54.319  5.986  56.043 0.8000000119
117314  53.942  5.181  55.489 0.8999999762
120143  50.704  8.012  57.597 0.6999999881
119193  51.308  7.139  57.020 0.6999999881
119220  53.786  5.967  55.175 0.8000000119
117324  53.449  4.672  54.805 0.8999999762
119208  50.867  6.350  56.578 0.8000000119
118200  51.482  5.835  55.711 0.8000000119
118226  53.115  4.894  54.335 0.8000000119
117332  52.278  4.338  53.607 0.8999999762
118252  51.665  4.656  52.246 0.8999999762
119265  47.456  6.244  50.882 0.8999999762
118201  50.293  5.708  55.947 0.8000000119
118214  51.984  5.477  54.772 0.8000000119
118227  52.291  4.913  53.957 0.8000000119
118253  51.402  5.052  52.218 0.8999999762
118266  50.430  5.739  51.273 0.8999999762
118216  49.682  5.574  55.140 0.8000000119
118215  50.807  5.447  54.972 0.8000000119
118228  51.189  5.247  54.001 0.8000000119
118242  50.450  5.523  53.192 0.8000000119
118229  50.102  5.527  54.159 0.8000000119
126701  47.956  14.403  67.974 0.2000000030
125807  47.297  13.619  62.319 0.2000000030
125744  47.697  14.212  66.757 0.2000000030
126662  47.370  14.432  69.822 0.2000000030
125672  45.871  13.570  71.032 0.2000000030
124745  45.399  12.676  71.181 0.2000000030
125823  48.497  13.686  61.157 0.2000000030
125786  49.225  14.008  63.107 0.2000000030
125766  49.130  14.112  64.265 0.2000000030
125752  49.503  14.211  65.053 0.3000000119
126682  46.656  14.176  68.955 0.2000000030
126644  47.003  14.415  70.605 0.2000000030
125692  45.193  13.758  70.589 0.2000000030
125673  44.912  13.302  70.812 0.2000000030
125805  49.362  13.937  62.046 0.2000000030
125765  50.177  14.179  63.939 0.2000000030
126748  50.146  14.259  64.909 0.3000000119
126735  51.063  14.377  65.675 0.3000000119
125804  50.410  14.104  61.876 0.4000000060
125785  50.278  14.110  62.907 0.4000000060
126762  51.217  14.301  63.722 0.3000000119
126747  51.140  14.296  64.708 0.3000000119
126734  52.070  14.456  65.459 0.3000000119
126761  52.245  14.505  63.534 0.4000000060
126745  53.067  14.565  64.286 0.5000000000
126801  52.633  14.495  60.505 0.4000000060
126772  53.347  14.553  62.405 0.6000000238
126760  53.193  14.584  63.377 0.5000000000
126813  52.703  14.430  59.536 0.5000000000
126800  53.501  14.588  60.283 0.5000000000
126786  53.462  14.558  61.332 0.5000000000
125868  51.992  13.759  58.113 0.4000000060
126812  53.517  14.475  59.369 0.6000000238
126799  54.116  14.441  59.995 0.6000000238
125920  43.504  13.524  54.274 0.6000000238
126874  43.213  13.871  54.761 0.6000000238
125885  52.304  13.297  57.697 0.4000000060
126826  52.786  14.244  58.696 0.6000000238
126825  53.600  14.178  58.617 0.6000000238
125940  45.815  13.566  52.684 0.6999999881
125941  44.846  13.147  52.854 0.6000000238
124931  44.130  12.865  53.058 0.6000000238
124924  43.401  12.681  53.951 0.6000000238
125886  50.994  13.231  57.437 0.4000000060
125867  52.949  13.850  58.088 0.5000000000
125866  53.720  13.660  58.083 0.6000000238
124006  45.314  12.011  52.764 0.6000000238
124939  45.145  12.558  52.673 0.6000000238
124940  44.292  12.347  52.680 0.6000000238
124941  43.773  12.286  52.852 0.6000000238
124001  43.279  11.547  52.926 0.6000000238
124893  51.687  12.574  57.448 0.5000000000
125884  53.168  13.373  57.742 0.5000000000
124938  46.236  12.753  52.586 0.6999999881
123998  45.442  11.711  53.227 0.6000000238
123999  44.693  11.332  53.033 0.6000000238
124007  44.393  11.638  52.661 0.6000000238
124894  50.484  12.566  57.075 0.4000000060
123945  51.106  11.715  57.383 0.5000000000
123944  52.284  11.715  57.427 0.5000000000
123986  45.560  11.431  53.987 0.6000000238
123987  44.874  11.158  53.553 0.6000000238
123048  44.272  10.521  53.329 0.6000000238
123007  50.549  10.752  57.488 0.6000000238
122072  51.113  9.845  57.606 0.6000000238
123028  45.788  10.728  55.467 0.6000000238
122094  44.988  9.747  55.732 0.6000000238
122099  44.509  9.690  54.881 0.6000000238
122100  44.071  9.719  54.123 0.6000000238
122073  50.075  9.765  57.647 0.6999999881
122089  45.364  9.372  56.359 0.6000000238
120148  45.660  8.052  56.824 0.6000000238
120162  45.235  7.666  56.045 0.6000000238
120171  44.474  8.096  55.092 0.6999999881
121144  50.637  9.044  57.716 0.6999999881
120144  49.442  7.752  57.695 0.6999999881
120146  47.341  7.585  57.409 0.6999999881
120147  46.277  7.560  56.937 0.6999999881
119222  46.492  6.532  55.356 0.8000000119
119223  45.633  6.861  55.056 0.8000000119
119209  49.686  6.185  56.786 0.6999999881
119210  48.585  6.242  56.736 0.6999999881
119211  47.605  6.402  56.466 0.6999999881
118231  48.185  5.930  54.489 0.8000000119
119240  47.741  6.281  53.456 0.8000000119
119252  47.569  6.596  52.059 0.8999999762
118202  49.172  5.745  56.049 0.6999999881
118203  48.241  5.960  56.012 0.8000000119
118230  49.094  5.746  54.354 0.8000000119
118255  49.888  5.868  52.558 0.8000000119
125840  46.570  13.477  60.358 0.2000000030
125856  45.536  13.703  59.388 0.2000000030
125824  47.465  13.554  61.287 0.2000000030
125855  46.773  13.498  59.318 0.2000000030
125821  50.580  14.021  60.845 0.4000000060
126788  51.475  14.310  61.707 0.4000000060
125837  49.709  13.786  59.961 0.3000000119
126773  52.384  14.513  62.554 0.4000000060
125836  50.755  13.915  59.822 0.3000000119
126802  51.629  14.259  60.681 0.4000000060
125852  49.887  13.691  58.945 0.4000000060
126827  51.870  14.038  58.803 0.5000000000
125919  44.038  13.902  53.967 0.6999999881
126873  43.711  14.225  54.581 0.6999999881
125870  50.001  13.676  58.022 0.4000000060
125869  50.977  13.697  58.044 0.4000000060
125928  45.266  13.875  53.078 0.6000000238
126872  44.741  14.801  54.067 0.5000000000
125887  50.045  13.430  57.259 0.4000000060
124929  46.987  12.525  52.742 0.5000000000
125939  46.799  13.723  52.301 0.5000000000
125899  50.059  13.124  56.842 0.4000000060
123997  46.329  12.021  53.279 0.6999999881
123985  46.590  11.684  54.036 0.5000000000
124904  50.175  12.909  56.783 0.4000000060
123972  46.735  11.375  54.881 0.6000000238
124895  49.893  12.257  56.907 0.4000000060
123946  50.009  11.675  57.214 0.5000000000
122088  46.116  9.598  56.767 0.6999999881
123947  49.244  11.478  57.050 0.5000000000
123008  49.427  10.651  57.410 0.5000000000
122074  49.082  9.543  57.667 0.6000000238
122076  47.347  9.169  57.473 0.6999999881
121145  49.762  8.766  57.810 0.6999999881
121146  48.735  8.554  57.757 0.6999999881
121147  47.769  8.421  57.635 0.6999999881
126828  45.299  14.159  58.420 0.2000000030
125874  46.058  13.725  58.397 0.2000000030
125839  47.640  13.526  60.244 0.2000000030
125854  47.841  13.545  59.215 0.2000000030
125838  48.674  13.678  60.108 0.2000000030
125822  49.538  13.810  61.008 0.2000000030
125853  48.864  13.611  59.075 0.3000000119
125889  48.160  13.515  57.242 0.3000000119
125901  48.211  13.385  56.267 0.3000000119
125888  49.103  13.467  57.167 0.3000000119
126894  46.411  14.221  52.510 0.5000000000
126871  45.390  15.119  53.589 0.5000000000
124936  47.973  13.330  51.896 0.5000000000
124937  47.347  13.141  52.211 0.5000000000
125900  49.039  13.075  56.203 0.4000000060
124923  48.590  12.604  53.340 0.5000000000
124928  48.094  12.694  52.432 0.5000000000
123995  48.048  12.135  53.384 0.5000000000
123984  47.507  11.708  54.093 0.5000000000
124906  48.900  12.509  55.528 0.5000000000
124916  48.736  12.516  54.357 0.5000000000
123983  48.310  11.921  54.159 0.5000000000
123971  47.681  11.418  55.094 0.5000000000
123019  46.914  10.445  56.445 0.6000000238
123959  48.804  11.718  56.340 0.5000000000
123960  48.103  11.333  55.844 0.5000000000
123026  47.471  11.025  55.994 0.5000000000
122087  47.080  9.851  57.063 0.6999999881
123017  48.711  11.021  57.076 0.6000000238
123009  48.477  10.200  57.356 0.6000000238
122086  47.764  9.867  57.303 0.6999999881
127602  44.870  15.150  57.632 0.2000000030
126839  45.073  14.540  57.967 0.2000000030
127611  45.186  15.320  57.099 0.2000000030
127610  45.582  15.330  56.511 0.2000000030
126838  45.615  14.421  57.445 0.2000000030
125891  46.427  13.865  57.719 0.2000000030
126837  46.398  14.069  57.090 0.2000000030
128385  46.073  16.152  55.780 0.2000000030
126859  46.212  15.027  55.820 0.2000000030
125890  47.152  13.695  57.354 0.3000000119
125872  48.021  13.629  58.214 0.3000000119
126848  46.197  14.501  56.452 0.2000000030
125902  47.401  13.632  56.375 0.3000000119
125910  47.595  13.712  55.615 0.3000000119
127630  45.541  15.735  53.723 0.5000000000
126857  47.546  13.961  55.074 0.3000000119
126893  47.090  14.764  52.356 0.5000000000
126883  45.893  14.820  53.005 0.5000000000
128393  45.771  16.956  53.955 0.3000000119
125909  48.087  13.497  55.083 0.3000000119
125908  48.728  13.125  54.724 0.4000000060
125926  48.725  13.488  52.669 0.5000000000
125917  48.701  13.221  53.610 0.5000000000
128378  45.072  15.751  57.052 0.2000000030
128377  45.456  16.572  56.526 0.2000000030
128368  45.266  17.296  57.017 0.2000000030
129147  46.550  18.166  55.689 0.2000000030
129156  46.159  17.083  55.716 0.2000000030
127619  46.657  15.636  55.121 0.2000000030
126858  46.928  14.368  55.463 0.3000000119
126870  47.235  15.192  54.597 0.2000000030
128392  47.245  16.404  54.451 0.2000000030
126869  47.695  14.419  54.332 0.3000000119
127636  46.852  15.622  52.734 0.5000000000
127637  46.199  15.659  53.188 0.5000000000
129164  45.270  17.689  54.639 0.3000000119
125918  48.345  13.743  53.887 0.4000000060
126881  48.380  14.633  53.070 0.4000000060
127643  47.402  15.344  52.465 0.5000000000
128399  47.155  16.721  53.053 0.3000000119
129148  45.954  17.937  56.198 0.2000000030
130830  46.650  19.365  56.678 0.2000000030
130829  47.276  20.071  56.790 0.2000000030
131746  47.882  20.582  56.138 0.2000000030
132681  47.930  21.878  56.319 0.2000000030
129964  46.519  18.913  56.326 0.2000000030
130836  47.230  19.649  55.853 0.2000000030
132682  46.895  21.873  56.265 0.2000000030
132683  45.777  21.678  56.354 0.2000000030
129963  46.797  18.608  55.699 0.2000000030
129971  47.520  18.945  55.060 0.2000000030
131755  47.719  20.734  55.326 0.2000000030
132695  46.738  21.225  55.505 0.2000000030
133607  45.007  21.851  57.249 0.2000000030
133597  45.081  22.402  57.944 0.2000000030
129155  46.952  17.914  55.209 0.2000000030
132707  46.206  20.850  55.118 0.2000000030
133608  44.529  21.671  57.327 0.2000000030
128384  46.700  16.769  55.079 0.2000000030
129162  47.857  17.837  54.133 0.2000000030
128383  47.367  17.330  54.516 0.2000000030
128391  47.693  17.021  53.947 0.2000000030
129169  47.363  17.722  53.367 0.2000000030
130858  47.289  18.938  53.569 0.2000000030
129984  46.500  18.307  53.749 0.3000000119
130844  45.575  19.386  54.693 0.3000000119
130838  44.558  19.384  55.853 0.3000000119
130839  44.200  19.851  56.508 0.2000000030
127629  47.237  15.765  54.472 0.2000000030
127628  47.599  15.764  53.792 0.2000000030
128398  47.610  16.823  53.386 0.2000000030
129163  45.884  17.749  54.069 0.3000000119
129979  45.447  18.363  54.609 0.3000000119
129157  44.390  17.826  55.519 0.3000000119
127635  47.722  15.668  52.774 0.3000000119
133604  48.010  22.361  57.056 0.2000000030
133605  47.106  22.352  57.021 0.2000000030
133596  46.226  22.591  57.948 0.2000000030
133580  45.312  22.529  58.975 0.2000000030
133606  46.012  22.222  57.081 0.2000000030
130843  47.708  19.862  54.855 0.2000000030
131765  47.701  19.832  54.214 0.2000000030
131766  47.054  20.490  54.646 0.2000000030
133598  43.993  21.956  57.764 0.2000000030
132697  45.001  20.881  56.201 0.2000000030
130842  47.866  19.167  54.327 0.2000000030
132684  44.573  21.213  56.872 0.2000000030
131736  42.663  20.617  58.228 0.2000000030
129168  47.813  17.776  53.663 0.2000000030
129982  47.609  18.493  53.582 0.2000000030
130851  46.830  19.258  53.785 0.2000000030
130845  45.158  19.779  55.310 0.2000000030
131735  43.338  20.195  57.663 0.2000000030
130850  47.641  19.211  53.819 0.2000000030
133595  47.361  22.519  57.902 0.2000000030
133578  47.627  22.617  58.848 0.2000000030
133579  46.484  22.622  58.934 0.2000000030
133577  48.692  22.477  58.851 0.2000000030
133561  46.757  22.474  59.829 0.2000000030
132669  43.507  21.193  57.666 0.2000000030
133599  42.734  21.892  58.374 0.2000000030
131767  45.761  20.355  54.967 0.2000000030
131756  45.396  20.607  55.551 0.2000000030
131758  44.375  20.279  56.487 0.2000000030
130852  46.126  19.662  54.344 0.2000000030
131757  44.848  20.427  56.017 0.2000000030
119027  45.058  6.397  72.654 0.3000000119
120007  45.079  7.041  71.815 0.2000000030
121961  44.589  8.769  70.164 0.3000000119
121969  42.413  9.018  69.289 0.3000000119
121990  41.765  9.920  66.701 0.4000000060
122930  42.979  10.437  66.116 0.5000000000
120071  42.688  7.454  63.614 0.5000000000
121999  42.916  9.402  64.429 0.5000000000
119126  42.788  6.379  63.636 0.6000000238
121998  43.784  9.771  64.150 0.4000000060
117197  47.221  4.451  68.208 0.8000000119
118095  46.674  4.915  66.554 0.8999999762
118118  44.897  4.745  64.604 0.8000000119
118106  45.816  4.693  65.622 0.8000000119
119124  44.469  5.605  63.105 0.6999999881
119125  43.773  6.066  63.070 0.6000000238
120080  43.913  7.597  62.604 0.6000000238
122009  44.039  9.248  63.383 0.6000000238
118072  48.624  5.395  68.443 0.8000000119
120078  45.282  6.833  61.890 0.6999999881
121089  44.213  8.136  62.465 0.6999999881
122933  45.520  10.458  63.989 0.5000000000
118050  52.226  5.647  70.531 0.6999999881
117181  50.048  5.188  69.750 0.8000000119
118071  50.108  6.360  68.356 0.8999999762
118116  47.140  5.755  64.482 0.8999999762
119136  46.002  6.247  62.058 0.8000000119
122932  46.173  10.583  63.645 0.5000000000
120093  46.342  7.655  61.113 0.8999999762
122019  45.761  9.464  62.143 0.5000000000
114240  47.376  1.340  67.736 0.6000000238
117205  51.886  5.124  68.143 0.6999999881
119096  51.405  6.586  66.858 0.8999999762
119106  48.847  6.664  64.631 0.8999999762
116288  48.443  3.759  65.936 0.6999999881
122038  47.057  9.034  60.704 0.8000000119
119167  47.725  7.341  60.754 0.8999999762
123880  48.424  11.380  63.304 0.5000000000
115314  46.365  2.208  64.460 0.6999999881
117216  50.875  5.373  66.317 0.6999999881
118101  51.310  5.963  65.500 0.8000000119
119123  48.664  6.518  63.103 0.8999999762
119114  48.798  6.614  63.875 0.8999999762
122036  48.407  9.673  60.146 0.8000000119
122979  47.588  9.926  60.807 0.6999999881
116300  47.618  3.490  63.578 0.6999999881
115324  47.106  2.876  61.980 0.6000000238
118150  50.866  5.221  62.214 0.8000000119
118149  51.609  5.603  61.895 0.8000000119
117261  50.028  4.858  61.579 0.8000000119
116331  48.831  3.830  60.883 0.6999999881
123859  48.937  11.973  65.339 0.6000000238
123858  49.474  12.043  65.049 0.6000000238
121108  48.550  8.802  59.922 0.8000000119
119165  49.752  7.164  60.992 0.8999999762
112275  45.512  -0.693  59.118 0.6000000238
117283  51.001  4.843  59.341 0.8000000119
123879  49.442  11.704  63.557 0.6000000238
123924  49.736  10.884  60.121 0.8000000119
110017  46.352  -3.224  60.025 0.6000000238
118134  52.130  6.234  62.472 0.8000000119
110033  45.751  -2.336  58.850 0.6000000238
110059  46.318  -2.688  57.192 0.6000000238
113319  46.103  0.532  55.925 0.5000000000
116375  49.973  3.329  56.011 0.6999999881
111262  46.308  -1.466  54.164 0.5000000000
114338  47.172  1.882  55.884 0.6000000238
113333  46.339  0.312  53.531 0.5000000000
114345  47.145  1.818  54.787 0.5000000000
116398  48.828  3.147  54.079 0.6999999881
114374  47.118  1.257  51.496 0.5000000000
115412  47.903  2.338  52.309 0.6000000238
120974  48.780  7.948  73.940 0.2000000030
120998  50.657  8.445  72.943 0.2000000030
123833  49.560  11.443  69.849 0.3000000119
124784  51.741  12.408  68.749 0.3000000119
124798  50.505  12.189  67.380 0.4000000060
124823  52.289  12.183  64.718 0.6000000238
123878  50.252  11.954  63.798 0.6000000238
108904  50.834  -2.920  59.841 0.6000000238
123901  50.559  11.854  61.623 0.6000000238
123912  50.082  11.390  60.679 0.6000000238
108906  49.076  -3.484  60.284 0.5000000000
122048  50.680  9.586  59.340 0.8999999762
120120  51.430  7.958  59.818 0.8999999762
120119  52.485  7.889  59.737 0.8999999762
108934  46.846  -3.332  58.218 0.6000000238
118157  52.779  6.062  60.181 0.8999999762
110058  51.110  -2.995  57.372 0.5000000000
117282  51.740  5.164  59.003 0.8000000119
110075  47.288  -2.874  55.882 0.5000000000
116363  51.004  4.011  57.490 0.8999999762
110094  46.605  -2.235  55.166 0.5000000000
116374  50.979  3.575  56.202 0.8999999762
116396  50.477  3.421  53.896 0.8999999762
110142  48.678  -2.551  52.297 0.5000000000
111271  46.522  -1.370  53.027 0.5000000000
116407  49.061  3.172  53.355 0.6999999881
116417  49.247  3.295  52.369 0.6999999881
111276  46.570  -1.359  52.021 0.5000000000
112335  46.514  -0.491  51.682 0.5000000000
112343  46.701  -0.453  50.678 0.5000000000
116428  49.377  3.372  51.240 0.8000000119
110156  47.561  -2.329  51.127 0.5000000000
111284  47.405  -2.033  50.511 0.5000000000
111298  47.432  -1.189  49.139 0.5000000000
120959  45.978  7.688  75.284 0.2000000030
119953  45.995  7.655  74.639 0.2000000030
120973  49.781  8.131  73.903 0.2000000030
122847  50.854  9.563  73.536 0.2000000030
122856  50.610  10.172  73.290 0.2000000030
125687  51.446  13.653  71.025 0.3000000119
124776  52.449  13.463  69.513 0.4000000060
123922  52.253  11.458  59.529 0.8000000119
123933  53.080  11.195  58.886 0.6999999881
122060  53.091  9.528  58.705 0.8999999762
122994  54.308  10.231  58.397 0.6999999881
121118  53.777  8.367  58.976 0.8999999762
120118  53.586  7.668  59.406 0.8999999762
119161  53.253  6.803  59.971 0.8999999762
119182  54.204  6.948  58.786 0.8999999762
118177  53.275  5.648  58.336 0.8999999762
118167  52.367  5.544  59.653 0.8999999762
118189  53.553  5.457  57.421 0.8999999762
117316  52.780  4.463  56.412 0.8999999762
117305  53.172  4.865  56.840 0.8999999762
116395  51.686  3.688  53.663 0.8999999762
116415  50.924  3.751  51.603 0.8000000119
116416  50.138  3.572  51.974 0.8000000119
114380  48.479  2.226  49.280 0.5000000000
116444  49.592  3.703  49.265 0.6000000238
116427  50.231  3.739  50.887 0.8000000119
116451  49.360  3.846  47.902 0.6000000238
116443  49.639  4.008  48.781 0.6999999881
114396  48.684  1.946  47.419 0.5000000000
113365  47.825  0.601  48.290 0.5000000000
114389  48.051  1.467  48.835 0.5000000000
114388  48.660  2.145  48.312 0.5000000000
111312  48.214  -0.690  47.534 0.5000000000
112377  48.316  -0.236  47.227 0.5000000000
113380  47.829  0.473  46.284 0.5000000000
124741  49.913  12.538  72.092 0.2000000030
126642  49.291  14.522  70.555 0.3000000119
124742  48.780  12.642  71.791 0.3000000119
126641  50.514  14.438  70.477 0.3000000119
126658  51.816  14.388  69.395 0.4000000060
126698  50.985  14.583  67.674 0.3000000119
126696  52.926  14.456  67.153 0.5000000000
124813  53.410  12.608  66.123 0.5000000000
124848  53.120  12.668  62.747 0.6000000238
122068  54.948  9.443  57.773 0.6999999881
122084  55.019  9.711  57.265 0.6000000238
120140  54.890  7.991  57.358 0.8999999762
119205  54.326  6.879  55.927 0.8000000119
121158  54.147  8.863  56.339 0.6999999881
116382  52.823  4.156  55.386 0.8999999762
117331  52.920  4.538  54.111 0.8000000119
116404  51.454  3.914  52.293 0.8999999762
116414  51.234  4.230  51.396 0.8000000119
117353  51.231  4.665  51.065 0.8999999762
117363  50.406  4.561  49.939 0.6999999881
117362  50.745  4.819  50.308 0.8000000119
117370  50.355  5.167  49.795 0.8000000119
124743  47.587  12.739  71.604 0.2000000030
126681  47.696  14.433  68.940 0.2000000030
125671  46.965  13.785  71.298 0.2000000030
125754  47.713  14.055  65.658 0.2000000030
126627  46.335  14.017  71.013 0.2000000030
126721  52.027  14.557  66.438 0.3000000119
126733  52.965  14.506  65.210 0.5000000000
126744  53.705  14.351  64.073 0.4000000060
126759  53.923  14.317  63.310 0.6000000238
125784  54.298  13.822  63.227 0.6000000238
125803  54.313  13.755  62.087 0.6000000238
126784  54.347  14.211  60.304 0.6000000238
125834  54.380  13.517  59.767 0.6999999881
124874  54.172  12.661  59.420 0.6999999881
124892  52.957  12.627  57.459 0.5000000000
123943  53.375  11.636  57.161 0.6000000238
123942  54.377  11.378  57.034 0.6000000238
122071  52.202  9.828  57.370 0.6999999881
121141  53.499  9.177  56.558 0.6000000238
122085  54.582  9.931  56.798 0.6000000238
121159  53.350  8.332  56.422 0.6999999881
121142  52.686  8.836  56.981 0.6999999881
120141  52.687  7.977  56.663 0.6999999881
121143  51.567  8.890  57.497 0.6999999881
119207  52.146  6.698  56.272 0.8000000119
119206  53.435  6.515  55.620 0.8000000119
118212  54.036  5.657  55.193 0.8000000119
119194  50.188  6.945  57.339 0.6999999881
118199  52.515  5.982  55.406 0.8000000119
118213  53.249  5.453  54.858 0.8000000119
118240  51.817  4.701  52.949 0.8999999762
118241  51.357  5.156  53.046 0.8999999762
119264  48.595  6.464  51.032 0.8999999762
118275  50.824  5.339  50.724 0.8999999762
118254  50.656  5.488  52.199 0.8999999762
119263  49.610  6.187  51.148 0.8999999762
118276  50.185  5.861  50.441 0.8000000119
119276  49.371  6.171  50.229 0.8000000119
125806  48.330  13.757  62.205 0.2000000030
125787  48.163  13.848  63.270 0.2000000030
126774  51.332  14.314  62.721 0.4000000060
126746  52.142  14.450  64.497 0.4000000060
126787  52.528  14.495  61.537 0.5000000000
126814  51.766  14.173  59.684 0.5000000000
123988  43.422  12.232  53.448 0.6000000238
125921  42.874  13.321  54.755 0.6000000238
126884  45.126  14.283  53.398 0.6000000238
124925  42.969  12.419  54.495 0.6000000238
123059  43.652  10.905  52.637 0.6000000238
123037  45.368  10.921  54.706 0.6000000238
123038  44.643  10.563  54.206 0.6000000238
123039  44.174  10.193  53.686 0.6000000238
123020  46.220  10.397  56.180 0.6000000238
121161  44.901  8.765  56.109 0.6000000238
121167  44.517  8.898  55.411 0.6000000238
121172  44.087  8.839  54.577 0.6999999881
121149  46.100  8.553  57.106 0.6000000238
120161  45.977  7.186  56.336 0.6999999881
120170  44.822  7.363  54.683 0.6999999881
119195  49.015  6.834  57.392 0.6999999881
119196  47.954  6.847  57.231 0.6999999881
120145  48.347  7.631  57.612 0.6999999881
119212  46.603  6.746  56.307 0.6999999881
119221  47.239  6.298  55.729 0.8000000119
119230  47.315  6.253  54.783 0.8000000119
118244  48.594  5.970  53.750 0.8000000119
119241  46.385  6.605  53.035 0.8000000119
119251  48.935  6.281  52.306 0.8999999762
119253  46.325  6.645  51.989 0.8000000119
118243  49.382  5.862  53.340 0.8000000119
125851  50.889  13.859  58.858 0.5000000000
125871  49.020  13.698  58.079 0.3000000119
123996  47.306  12.127  53.300 0.5000000000
124905  49.591  12.582  56.569 0.4000000060
125873  47.043  13.647  58.365 0.2000000030
126891  48.774  14.234  52.342 0.5000000000
126892  48.092  14.662  52.245 0.5000000000
123970  48.515  11.851  55.166 0.5000000000
123018  47.894  10.712  56.714 0.6000000238
129170  46.524  17.659  53.610 0.3000000119
130837  46.830  19.312  56.279 0.2000000030
131745  48.486  21.196  56.502 0.2000000030
131754  48.009  21.204  55.912 0.2000000030
132694  47.541  21.439  55.769 0.2000000030
132680  48.721  21.967  56.836 0.2000000030
132685  44.052  20.994  57.156 0.2000000030
129978  46.024  18.619  54.186 0.3000000119
129973  45.142  18.726  55.051 0.3000000119
131737  41.912  20.989  58.687 0.2000000030
105669  54.300  -6.465  66.955 0.3000000119
105680  53.010  -6.312  65.841 0.3000000119
105681  52.095  -6.439  65.741 0.3000000119
106718  50.659  -5.397  65.533 0.3000000119
96930  56.172  -13.873  71.315 0.2000000030
96910  55.974  -14.505  71.535 0.2000000030
106715  53.861  -5.674  65.772 0.3000000119
106717  51.642  -5.405  65.474 0.3000000119
107784  50.187  -4.384  65.874 0.3000000119
107770  49.454  -4.059  66.158 0.3000000119
99196  56.584  -12.493  71.391 0.2000000030
106714  54.547  -5.195  65.850 0.3000000119
106716  52.679  -5.508  65.416 0.3000000119
107769  50.003  -3.883  66.367 0.3000000119
108837  49.172  -3.219  67.214 0.3000000119
100300  56.608  -11.635  71.138 0.2000000030
102377  56.659  -9.879  70.424 0.3000000119
104518  56.616  -7.449  70.796 0.3000000119
106648  57.190  -5.145  71.148 0.3000000119
107781  53.246  -4.690  65.091 0.3000000119
108863  50.800  -3.874  65.936 0.3000000119
108847  49.695  -3.605  66.727 0.3000000119
107795  53.585  -3.950  64.852 0.3000000119
108862  51.374  -3.375  65.843 0.3000000119
108836  50.037  -3.199  67.356 0.3000000119
111080  49.682  -2.309  69.019 0.3000000119
112178  57.059  -0.448  67.532 0.3000000119
109937  51.042  -2.730  67.616 0.3000000119
109919  51.002  -2.462  68.517 0.3000000119
109906  50.571  -2.185  69.392 0.3000000119
113215  57.138  0.340  66.690 0.3000000119
114255  56.916  1.392  65.513 0.3000000119
114279  55.665  1.439  62.171 0.3000000119
114268  55.696  1.982  63.183 0.3000000119
114292  56.562  1.469  61.489 0.3000000119
104573  53.870  -7.204  68.148 0.3000000119
105670  53.517  -6.720  66.589 0.3000000119
105671  52.692  -6.882  66.225 0.3000000119
104604  51.399  -7.018  65.886 0.3000000119
105683  50.173  -6.313  65.562 0.3000000119
106720  48.695  -5.539  65.461 0.3000000119
95818  56.147  -15.129  72.201 0.2000000030
93545  55.288  -16.760  72.636 0.2000000030
105662  54.654  -6.520  67.889 0.3000000119
106719  49.689  -5.464  65.544 0.3000000119
107785  49.172  -4.715  65.736 0.3000000119
107786  48.191  -4.637  65.570 0.3000000119
98066  56.490  -13.344  71.692 0.2000000030
107707  55.771  -4.536  71.370 0.3000000119
107718  56.088  -4.407  70.287 0.3000000119
106700  55.179  -5.869  67.619 0.3000000119
106706  54.921  -5.603  66.683 0.3000000119
108848  48.830  -3.664  66.475 0.3000000119
109952  47.547  -3.003  66.981 0.3000000119
107717  56.420  -3.864  70.674 0.3000000119
107730  56.186  -4.399  69.269 0.3000000119
107761  56.070  -4.499  67.287 0.3000000119
107768  54.953  -4.809  65.904 0.3000000119
108838  48.475  -3.252  66.998 0.3000000119
111097  47.129  -2.031  68.184 0.2000000030
101320  56.592  -10.784  70.860 0.3000000119
103419  56.376  -8.593  71.111 0.3000000119
105607  56.758  -6.206  71.361 0.3000000119
107705  56.990  -4.383  71.370 0.3000000119
108809  56.713  -3.021  70.051 0.3000000119
108834  56.666  -2.784  68.290 0.3000000119
107767  55.644  -4.359  66.382 0.3000000119
107780  54.331  -4.487  65.285 0.3000000119
109922  48.727  -2.381  68.525 0.3000000119
111067  47.768  -1.507  69.776 0.2000000030
104504  56.309  -7.342  71.776 0.3000000119
109959  56.601  -1.698  66.641 0.3000000119
108859  55.694  -3.224  65.604 0.3000000119
108872  54.217  -3.330  64.721 0.3000000119
108845  51.231  -3.018  66.471 0.3000000119
109950  51.258  -2.800  66.930 0.3000000119
111053  49.660  -1.326  70.364 0.4000000060
111054  48.510  -1.200  70.532 0.3000000119
111113  56.629  -0.576  66.257 0.3000000119
109960  56.232  -2.006  65.711 0.3000000119
109966  54.622  -2.254  64.526 0.3000000119
109968  52.923  -2.528  64.664 0.3000000119
109936  51.519  -2.231  67.356 0.3000000119
109904  51.368  -2.031  68.908 0.3000000119
111052  50.598  -1.454  70.156 0.4000000060
112156  49.153  -0.818  71.277 0.4000000060
113224  56.601  1.064  65.432 0.3000000119
111127  56.203  -0.874  65.225 0.3000000119
111128  55.136  -1.156  64.441 0.3000000119
111130  52.959  -1.575  64.582 0.3000000119
111105  51.610  -1.611  66.827 0.3000000119
111079  51.556  -1.568  68.779 0.3000000119
112154  50.957  -1.196  70.287 0.4000000060
112155  50.448  -0.485  70.852 0.4000000060
114261  55.694  1.796  64.128 0.3000000119
112188  51.331  -1.047  67.416 0.3000000119
112170  51.500  -1.032  69.382 0.3000000119
113232  54.413  1.142  63.320 0.4000000060
112259  54.679  -0.218  60.533 0.4000000060
113275  54.925  0.406  61.097 0.4000000060
113259  54.564  0.520  61.788 0.4000000060
112258  55.407  0.183  59.783 0.3000000119
114293  56.025  1.229  61.043 0.3000000119
111224  54.926  -1.206  57.872 0.5000000000
111209  55.304  -0.683  58.201 0.4000000060
110041  53.684  -1.636  58.820 0.5000000000
110054  54.896  -1.524  57.308 0.5000000000
110055  54.091  -1.734  57.670 0.5000000000
103478  50.541  -7.954  66.977 0.3000000119
104590  50.160  -7.612  66.341 0.3000000119
104606  49.695  -7.116  65.791 0.3000000119
104607  48.698  -7.188  65.832 0.3000000119
94674  56.043  -15.865  72.701 0.2000000030
94672  55.710  -16.417  72.801 0.2000000030
104547  54.094  -6.990  68.998 0.3000000119
104548  53.163  -7.425  68.895 0.3000000119
104575  52.025  -7.732  67.482 0.3000000119
104605  50.620  -7.068  65.806 0.3000000119
105684  49.198  -6.375  65.526 0.3000000119
107787  47.131  -4.730  65.364 0.3000000119
96909  56.437  -14.183  71.994 0.2000000030
94675  55.419  -16.022  72.264 0.2000000030
106650  55.112  -5.191  71.768 0.3000000119
105622  55.010  -5.775  70.964 0.3000000119
105642  54.900  -6.354  69.230 0.3000000119
108865  47.544  -3.926  65.729 0.3000000119
108851  46.026  -3.306  66.096 0.3000000119
107700  55.234  -4.871  72.697 0.3000000119
105629  55.299  -5.769  70.021 0.3000000119
105641  55.461  -5.690  69.199 0.3000000119
109941  47.276  -2.489  67.543 0.2000000030
109953  46.621  -2.794  66.824 0.2000000030
101311  56.436  -10.754  71.826 0.3000000119
107706  56.291  -4.486  71.725 0.3000000119
111098  46.380  -1.835  68.407 0.2000000030
111084  45.872  -1.608  69.144 0.2000000030
103404  56.132  -8.515  72.161 0.3000000119
105595  56.279  -6.156  72.469 0.3000000119
106642  56.071  -5.179  72.801 0.3000000119
111068  46.673  -1.326  69.971 0.2000000030
102361  56.340  -9.732  71.479 0.3000000119
112146  47.233  -0.773  72.170 0.2000000030
112125  48.760  -0.144  73.282 0.4000000060
112144  49.531  -0.265  72.149 0.4000000060
113123  49.434  0.279  73.531 0.4000000060
112210  55.535  0.042  64.553 0.3000000119
112212  53.411  -0.567  64.351 0.3000000119
112198  52.028  -1.081  65.363 0.3000000119
113122  50.120  0.510  73.379 0.4000000060
113225  55.900  1.102  64.775 0.3000000119
113227  53.707  0.216  64.157 0.4000000060
112213  52.413  -0.642  64.633 0.3000000119
112199  51.508  -0.954  65.945 0.3000000119
112180  50.915  -0.648  68.137 0.4000000060
112162  50.942  -0.478  70.001 0.4000000060
113144  51.368  0.617  71.843 0.4000000060
113120  51.840  1.133  72.737 0.4000000060
113233  53.707  0.681  63.738 0.4000000060
113245  52.957  0.452  63.542 0.4000000060
112214  51.497  -0.561  64.750 0.4000000060
112200  50.596  -0.773  65.730 0.4000000060
112181  49.969  -0.670  67.856 0.4000000060
112164  49.856  -0.038  69.337 0.4000000060
113182  50.025  0.484  70.042 0.4000000060
114189  51.825  1.579  71.797 0.4000000060
114188  52.427  1.816  72.409 0.5000000000
111195  54.386  -0.815  59.690 0.4000000060
112273  55.605  0.138  59.013 0.3000000119
112241  54.501  0.082  61.286 0.4000000060
113244  53.584  0.663  62.946 0.4000000060
112222  51.501  -0.417  63.704 0.4000000060
112215  50.461  -0.891  64.433 0.4000000060
112190  49.677  -0.875  66.689 0.4000000060
112173  49.213  -0.306  68.648 0.4000000060
114199  50.522  1.459  70.780 0.4000000060
115243  51.546  2.036  71.436 0.5000000000
112242  53.773  -0.273  61.661 0.4000000060
111151  51.915  -0.890  62.379 0.4000000060
110043  52.130  -2.494  58.431 0.5000000000
94661  56.133  -16.728  74.969 0.2000000030
93529  55.773  -17.345  75.138 0.1000000015
103442  50.312  -7.749  68.705 0.3000000119
103465  50.081  -7.893  67.732 0.3000000119
103480  48.986  -7.955  67.038 0.3000000119
96865  56.540  -14.695  73.735 0.2000000030
95808  56.430  -15.364  73.102 0.2000000030
94671  56.124  -16.281  73.343 0.2000000030
93535  55.572  -17.479  73.745 0.1000000015
105625  52.717  -6.375  71.847 0.3000000119
104520  53.669  -6.595  70.677 0.3000000119
104533  52.278  -7.317  69.890 0.3000000119
104550  51.465  -7.672  69.037 0.3000000119
103479  49.728  -7.960  66.976 0.3000000119
104591  49.242  -7.665  66.390 0.3000000119
105685  48.191  -6.429  65.524 0.3000000119
106722  46.655  -5.633  65.359 0.3000000119
96885  56.531  -14.463  72.843 0.3000000119
93542  55.470  -17.161  73.154 0.1000000015
105624  53.392  -6.318  71.540 0.3000000119
104532  53.361  -7.057  69.932 0.3000000119
104549  51.980  -7.682  68.690 0.3000000119
103463  51.598  -7.805  68.241 0.3000000119
106721  47.673  -5.592  65.361 0.3000000119
99189  56.575  -12.633  72.368 0.3000000119
98043  56.554  -13.544  72.616 0.3000000119
107701  54.773  -4.923  73.148 0.3000000119
105609  54.022  -5.853  72.113 0.3000000119
104519  54.210  -6.450  70.484 0.3000000119
104531  54.190  -6.685  69.929 0.3000000119
109923  45.672  -1.925  68.258 0.2000000030
109943  45.159  -2.329  67.652 0.2000000030
100291  56.550  -11.708  72.108 0.3000000119
107699  55.695  -4.866  72.911 0.3000000119
111085  45.066  -1.791  69.675 0.2000000030
111036  46.898  -0.974  71.543 0.3000000119
111037  46.273  -1.396  72.274 0.3000000119
112107  47.863  -0.544  73.971 0.4000000060
113103  49.030  0.149  73.956 0.4000000060
114154  49.321  1.340  74.332 0.6000000238
114153  50.397  1.707  74.359 0.5000000000
114152  51.274  1.800  74.491 0.5000000000
115233  53.211  2.976  73.179 0.5000000000
115241  52.961  2.785  72.371 0.6000000238
116215  53.049  3.752  72.369 0.6000000238
111179  54.073  -0.811  60.361 0.4000000060
111164  53.105  -0.853  61.444 0.5000000000
112229  51.529  -0.739  62.927 0.4000000060
111142  50.168  -1.308  63.562 0.4000000060
111132  49.108  -1.435  64.504 0.4000000060
112202  48.563  -1.200  65.597 0.4000000060
112174  48.340  -0.177  68.132 0.4000000060
114225  48.632  1.284  69.141 0.4000000060
115262  49.870  2.490  69.627 0.5000000000
116226  51.941  3.305  70.531 0.6000000238
116224  53.015  4.189  71.402 0.6000000238
111196  53.738  -1.303  59.936 0.4000000060
111181  52.811  -1.410  60.973 0.4000000060
111166  51.741  -1.428  61.904 0.4000000060
111153  50.643  -1.440  62.776 0.4000000060
111143  49.427  -1.656  63.688 0.4000000060
111117  48.623  -1.331  65.118 0.4000000060
112192  47.237  -0.675  66.492 0.4000000060
113200  47.741  0.435  68.059 0.4000000060
114226  47.994  1.290  68.475 0.5000000000
115276  49.562  2.906  68.704 0.6000000238
111211  54.079  -1.275  59.172 0.4000000060
110029  53.097  -1.829  59.703 0.4000000060
110042  53.039  -2.103  58.603 0.5000000000
96849  56.286  -14.934  74.728 0.2000000030
96834  56.032  -15.653  75.326 0.2000000030
95793  56.337  -15.943  74.830 0.2000000030
105612  51.519  -6.720  72.494 0.3000000119
104505  52.286  -6.492  71.819 0.3000000119
104522  51.383  -6.976  70.899 0.3000000119
103430  50.755  -7.637  69.238 0.3000000119
103443  49.495  -7.748  68.421 0.3000000119
103466  49.290  -7.915  67.666 0.3000000119
104592  48.142  -7.707  66.734 0.3000000119
98016  56.526  -13.759  73.499 0.3000000119
95801  56.501  -15.626  73.984 0.2000000030
105588  53.373  -6.358  73.651 0.3000000119
105598  53.157  -6.048  73.011 0.3000000119
105611  52.365  -6.433  72.385 0.3000000119
104521  52.575  -6.715  71.076 0.3000000119
103467  48.543  -7.858  67.646 0.3000000119
105686  47.142  -6.541  65.649 0.3000000119
106624  54.076  -5.817  73.845 0.3000000119
105610  53.194  -6.131  72.307 0.3000000119
107788  46.136  -4.797  65.422 0.3000000119
106723  45.680  -5.643  65.433 0.3000000119
99173  56.497  -12.769  73.301 0.3000000119
106623  54.571  -5.449  74.149 0.3000000119
107694  54.772  -4.946  73.572 0.3000000119
108852  44.787  -3.477  66.099 0.2000000030
107772  43.939  -3.752  66.091 0.3000000119
105574  55.309  -6.162  74.207 0.3000000119
106635  55.469  -5.361  73.892 0.3000000119
109944  44.129  -2.524  67.766 0.2000000030
101306  56.332  -10.760  72.805 0.3000000119
104494  55.976  -7.315  72.725 0.3000000119
104495  55.692  -7.162  73.447 0.3000000119
105587  55.658  -6.146  73.664 0.3000000119
111070  44.877  -1.939  70.572 0.2000000030
109907  44.259  -2.224  69.765 0.2000000030
108853  43.631  -3.234  66.797 0.2000000030
105596  55.882  -6.463  73.120 0.3000000119
112108  46.933  -0.872  73.700 0.5000000000
111018  46.144  -1.418  73.401 0.3000000119
114155  48.266  1.109  74.392 0.6000000238
114163  49.804  2.086  74.116 0.6000000238
115222  50.719  2.394  74.231 0.6000000238
115235  50.341  2.840  73.247 0.6000000238
115221  51.517  3.050  73.955 0.6000000238
117157  52.759  4.120  72.579 0.6000000238
116234  52.460  4.000  70.099 0.6000000238
116233  52.990  4.337  70.643 0.6000000238
96835  55.573  -15.357  75.321 0.2000000030
95780  55.474  -15.932  75.854 0.2000000030
97994  56.393  -14.045  74.199 0.2000000030
105589  52.805  -6.756  73.487 0.3000000119
105599  52.327  -6.630  73.093 0.3000000119
104507  50.557  -6.901  71.976 0.3000000119
104523  50.301  -7.138  70.746 0.3000000119
104524  49.373  -7.238  70.571 0.3000000119
104552  48.878  -7.569  68.975 0.3000000119
104577  47.861  -7.763  67.715 0.3000000119
104578  47.201  -7.680  67.412 0.3000000119
104470  54.429  -7.181  74.408 0.3000000119
104471  53.761  -6.847  74.092 0.3000000119
104609  47.217  -7.027  65.948 0.3000000119
105673  46.542  -6.964  65.974 0.3000000119
105576  54.141  -6.236  74.204 0.3000000119
105687  46.182  -6.405  65.620 0.3000000119
105688  45.210  -6.578  65.616 0.3000000119
100284  56.444  -11.772  73.055 0.3000000119
105575  54.801  -6.194  74.460 0.3000000119
107790  44.181  -4.496  65.645 0.2000000030
106725  43.724  -5.580  65.527 0.2000000030
106726  42.864  -5.672  65.693 0.2000000030
103391  55.805  -8.422  73.257 0.3000000119
104484  55.489  -7.080  73.987 0.3000000119
108854  42.918  -3.818  66.693 0.2000000030
107792  42.557  -5.148  65.924 0.2000000030
102350  56.178  -9.669  72.527 0.3000000119
111019  45.378  -2.043  73.059 0.3000000119
111058  44.745  -2.180  71.536 0.2000000030
109925  43.652  -2.566  68.844 0.2000000030
108825  42.638  -3.412  68.717 0.2000000030
107762  41.965  -4.187  67.982 0.2000000030
107775  41.604  -5.127  66.906 0.2000000030
114156  47.354  0.995  74.247 0.5000000000
110995  45.778  -0.902  74.260 0.4000000060
111005  45.096  -1.605  73.958 0.3000000119
114190  48.302  1.917  72.256 0.5000000000
115244  50.084  3.069  72.319 0.6000000238
116217  51.016  3.942  72.047 0.6000000238
117158  52.299  4.365  72.303 0.6000000238
117165  52.136  4.992  71.483 0.6000000238
117164  52.883  4.728  71.677 0.6000000238
95769  52.912  -15.537  76.909 0.2000000030
95781  54.743  -15.827  75.823 0.2000000030
95782  53.735  -15.899  75.929 0.2000000030
96850  55.539  -14.641  74.921 0.2000000030
99153  56.299  -13.016  74.168 0.3000000119
97995  56.035  -13.871  74.676 0.2000000030
104486  53.200  -7.235  73.636 0.3000000119
104496  52.660  -7.514  73.225 0.3000000119
104498  51.379  -7.373  72.706 0.3000000119
104508  49.704  -7.459  71.238 0.3000000119
104525  48.517  -7.495  70.440 0.3000000119
104537  48.249  -7.470  69.535 0.3000000119
104554  47.315  -7.706  68.284 0.3000000119
104485  53.907  -7.488  74.013 0.3000000119
103380  53.761  -8.104  73.590 0.3000000119
104555  46.626  -7.954  68.037 0.3000000119
104594  46.075  -7.395  66.457 0.3000000119
104579  46.285  -7.868  67.205 0.3000000119
103363  54.973  -8.317  74.470 0.3000000119
103364  54.382  -8.252  74.050 0.3000000119
105674  45.850  -7.011  65.932 0.3000000119
104595  45.213  -7.637  66.156 0.3000000119
104580  45.660  -7.962  66.760 0.3000000119
101296  56.199  -10.813  73.625 0.3000000119
104469  55.157  -7.170  74.465 0.3000000119
104610  44.560  -7.154  65.710 0.2000000030
104611  43.842  -7.162  65.643 0.2000000030
103491  43.233  -7.874  65.751 0.2000000030
103379  55.449  -8.313  74.007 0.3000000119
105691  42.372  -6.474  65.775 0.2000000030
105676  41.498  -6.577  66.216 0.2000000030
105677  40.608  -6.693  66.787 0.2000000030
102343  55.963  -9.722  73.445 0.3000000119
109862  44.384  -2.756  72.763 0.3000000119
109908  43.347  -2.989  69.999 0.2000000030
108811  42.697  -3.678  69.930 0.2000000030
107763  41.512  -4.925  67.517 0.2000000030
106682  40.999  -5.514  67.994 0.2000000030
115255  47.957  2.564  70.735 0.6000000238
113124  46.154  0.827  72.532 0.5000000000
112109  45.204  -0.478  74.014 0.4000000060
109853  44.130  -2.356  73.446 0.3000000119
109863  43.353  -2.940  72.837 0.3000000119
108795  42.589  -4.010  70.900 0.2000000030
107732  41.445  -5.008  69.587 0.2000000030
106666  40.916  -5.553  68.955 0.2000000030
106683  40.383  -6.167  68.330 0.2000000030
116219  49.297  3.245  71.177 0.6000000238
108772  43.043  -3.520  72.192 0.3000000119
107719  42.020  -4.534  71.209 0.2000000030
107720  41.191  -4.941  70.583 0.2000000030
95794  54.418  -15.539  75.290 0.2000000030
96823  52.301  -14.835  77.124 0.2000000030
96836  55.037  -15.234  75.214 0.2000000030
100271  55.729  -11.953  74.262 0.3000000119
99154  55.777  -13.071  74.480 0.2000000030
102351  53.962  -9.722  72.826 0.3000000119
102352  53.224  -9.075  72.578 0.3000000119
102353  52.448  -8.572  72.469 0.3000000119
102363  52.222  -9.109  71.892 0.3000000119
102364  51.417  -8.763  71.857 0.3000000119
101298  55.292  -10.623  74.184 0.3000000119
102345  54.186  -9.214  73.392 0.3000000119
103393  52.542  -8.083  72.845 0.3000000119
103394  51.843  -8.097  72.553 0.3000000119
104499  50.941  -7.218  72.473 0.3000000119
103407  49.957  -7.990  71.740 0.3000000119
102366  49.451  -8.256  71.397 0.3000000119
104509  48.997  -7.479  71.000 0.3000000119
104526  47.719  -7.748  70.046 0.3000000119
104539  46.816  -7.980  68.728 0.3000000119
103432  46.765  -8.406  69.333 0.3000000119
100270  56.257  -11.842  73.863 0.3000000119
102335  54.836  -9.397  74.118 0.3000000119
103468  46.082  -8.361  67.862 0.3000000119
101297  55.842  -10.788  74.118 0.3000000119
102334  55.404  -9.546  74.138 0.3000000119
103446  45.810  -8.863  68.086 0.3000000119
103469  45.442  -8.661  67.328 0.2000000030
102421  45.467  -9.201  67.939 0.3000000119
102333  55.770  -10.057  73.870 0.3000000119
103482  44.649  -8.634  66.608 0.2000000030
102433  43.888  -9.579  66.843 0.2000000030
102434  42.830  -9.400  66.287 0.2000000030
101387  41.278  -9.978  66.443 0.2000000030
102344  55.586  -9.338  73.848 0.3000000119
103492  42.778  -7.927  65.740 0.2000000030
103493  42.126  -7.922  65.779 0.2000000030
103486  40.489  -8.337  66.410 0.2000000030
104600  39.501  -8.059  67.187 0.2000000030
105664  40.078  -6.756  67.574 0.2000000030
104581  39.688  -7.261  67.541 0.2000000030
104582  39.121  -7.688  67.732 0.2000000030
116238  47.543  3.640  69.421 0.6999999881
114192  46.882  1.367  71.226 0.5000000000
113106  44.286  0.011  73.445 0.4000000060
111006  43.775  -1.538  73.669 0.4000000060
106659  40.885  -5.508  69.779 0.2000000030
106667  40.213  -5.988  69.318 0.2000000030
105632  39.388  -6.429  69.083 0.2000000030
105633  38.663  -6.264  69.203 0.3000000119
116239  46.895  3.376  68.996 0.6999999881
114201  46.579  1.729  70.375 0.6000000238
113146  45.512  0.670  71.670 0.5000000000
113126  44.395  0.432  72.777 0.4000000060
111007  42.879  -1.435  73.458 0.3000000119
109864  42.383  -2.423  72.909 0.3000000119
109875  40.969  -2.793  71.941 0.3000000119
108796  40.437  -4.027  70.829 0.4000000060
107721  40.285  -4.600  70.485 0.2000000030
113166  45.817  1.098  70.566 0.6000000238
113168  43.827  0.481  70.960 0.5000000000
113127  43.403  0.463  72.832 0.4000000060
113108  42.386  -0.065  73.422 0.3000000119
113109  41.862  -0.217  73.428 0.3000000119
95770  52.305  -15.231  76.488 0.2000000030
96824  51.801  -14.442  76.674 0.2000000030
96851  54.649  -14.831  74.674 0.2000000030
99175  45.826  -12.887  74.077 0.1000000015
98025  44.632  -13.715  73.339 0.1000000015
98022  47.825  -13.475  73.232 0.1000000015
98023  46.681  -13.419  73.564 0.1000000015
98052  46.254  -13.886  72.750 0.1000000015
98053  45.348  -13.942  72.885 0.1000000015
96872  44.059  -14.117  73.042 0.1000000015
96873  43.199  -14.134  73.025 0.1000000015
96896  41.288  -14.440  72.614 0.1000000015
96918  40.238  -15.005  72.098 0.1000000015
96899  38.234  -14.770  72.261 0.1000000015
95811  37.755  -15.252  71.777 0.2000000030
98050  48.569  -13.770  72.252 0.1000000015
98051  47.356  -14.021  72.250 0.1000000015
96890  47.016  -14.205  72.016 0.1000000015
96892  45.833  -14.261  72.254 0.1000000015
96914  44.402  -14.914  71.387 0.1000000015
96915  43.338  -14.988  71.723 0.1000000015
95823  42.235  -15.206  71.457 0.1000000015
95824  41.163  -15.259  71.607 0.1000000015
95826  39.120  -15.597  71.309 0.1000000015
95850  37.780  -15.529  70.561 0.1000000015
95851  36.864  -15.531  70.562 0.2000000030
101312  54.348  -10.421  73.054 0.3000000119
101313  53.790  -10.312  72.429 0.3000000119
102362  52.874  -9.386  72.066 0.3000000119
98073  47.551  -14.096  71.128 0.1000000015
96934  46.927  -14.299  70.953 0.1000000015
96935  46.240  -14.447  70.767 0.1000000015
96936  45.382  -14.624  70.532 0.1000000015
95821  43.682  -15.061  71.080 0.1000000015
95845  42.636  -15.223  70.524 0.1000000015
95846  41.694  -15.398  70.645 0.1000000015
95863  40.204  -15.337  69.808 0.1000000015
95864  39.203  -15.374  69.780 0.1000000015
95866  37.295  -15.305  69.806 0.2000000030
99155  55.238  -12.818  74.248 0.2000000030
100272  55.088  -11.650  74.012 0.3000000119
101307  54.750  -10.461  73.776 0.3000000119
100292  54.147  -11.422  72.628 0.3000000119
101321  53.133  -10.030  71.774 0.3000000119
102378  51.985  -9.660  71.224 0.3000000119
102379  51.275  -9.197  71.234 0.3000000119
103420  50.410  -8.680  71.526 0.3000000119
102381  49.175  -8.754  70.891 0.3000000119
103423  47.969  -8.099  70.652 0.3000000119
98088  47.407  -14.092  70.418 0.1000000015
96950  46.273  -14.280  69.838 0.1000000015
96951  45.304  -14.274  69.571 0.1000000015
96952  44.420  -14.293  69.396 0.1000000015
95859  43.529  -14.763  69.753 0.1000000015
96955  41.649  -14.618  69.247 0.1000000015
96956  40.680  -14.695  69.259 0.1000000015
96958  38.717  -14.875  69.113 0.1000000015
96980  37.300  -14.089  68.783 0.1000000015
102383  47.533  -8.824  70.241 0.3000000119
103425  47.058  -8.574  69.816 0.3000000119
102403  46.353  -8.949  69.103 0.3000000119
98101  46.121  -13.365  69.056 0.1000000015
98119  44.592  -13.087  68.676 0.1000000015
96973  43.517  -13.948  68.780 0.1000000015
98122  41.685  -13.286  68.305 0.1000000015
96976  41.170  -14.060  68.704 0.1000000015
98125  38.745  -13.347  68.398 0.1000000015
98126  37.798  -13.288  68.501 0.1000000015
98127  36.866  -13.273  68.566 0.1000000015
102404  45.763  -9.564  68.649 0.3000000119
102405  45.046  -10.085  68.359 0.2000000030
101355  45.222  -10.550  68.632 0.2000000030
99234  45.010  -12.285  68.628 0.1000000015
99236  43.317  -12.375  68.297 0.1000000015
99260  41.549  -11.912  67.584 0.1000000015
99239  40.192  -12.709  67.871 0.1000000015
99263  38.898  -11.939  67.686 0.1000000015
100340  37.138  -11.406  68.091 0.1000000015
99243  36.462  -12.379  68.419 0.2000000030
102422  44.772  -9.652  67.694 0.2000000030
101357  43.823  -10.927  67.929 0.2000000030
101375  42.517  -10.722  66.989 0.2000000030
100356  42.011  -11.349  67.326 0.2000000030
100358  40.170  -11.211  67.250 0.2000000030
100359  39.201  -11.173  67.412 0.1000000015
101380  37.905  -10.335  67.668 0.1000000015
102408  36.119  -9.578  68.308 0.2000000030
101389  39.952  -9.581  66.733 0.2000000030
103472  38.410  -8.532  67.714 0.2000000030
103473  37.931  -9.051  67.709 0.1000000015
103449  36.692  -8.686  68.324 0.1000000015
104559  36.341  -7.808  68.447 0.2000000030
104557  38.306  -7.810  68.275 0.1000000015
105646  37.855  -6.772  68.833 0.2000000030
106685  36.646  -6.263  68.725 0.2000000030
105648  36.006  -6.962  68.568 0.2000000030
106661  39.852  -5.086  70.135 0.2000000030
107722  39.377  -4.600  70.067 0.3000000119
106669  38.436  -5.617  69.428 0.3000000119
106670  37.510  -5.757  69.055 0.3000000119
111009  41.247  -1.321  73.246 0.3000000119
109866  40.579  -2.169  72.385 0.4000000060
108797  39.837  -3.652  70.661 0.3000000119
108798  38.674  -3.650  69.967 0.4000000060
108812  38.328  -4.236  69.672 0.4000000060
115266  46.139  2.297  69.316 0.6000000238
113185  45.084  1.116  69.655 0.5000000000
113186  44.138  0.601  69.893 0.4000000060
113148  43.572  0.582  71.984 0.3000000119
113128  42.410  0.510  72.912 0.3000000119
112113  41.465  -0.615  73.379 0.3000000119
92295  33.880  -18.670  81.591 0.1000000015
92314  32.806  -18.598  80.676 0.1000000015
92330  32.629  -18.701  79.795 0.1000000015
92312  34.561  -18.792  80.682 0.1000000015
92313  33.678  -18.705  80.674 0.1000000015
92329  33.501  -18.714  79.788 0.1000000015
92349  31.692  -18.582  78.819 0.1000000015
92369  31.625  -18.432  77.928 0.1000000015
93488  35.204  -17.614  78.184 0.1000000015
93489  34.386  -17.948  77.927 0.1000000015
92367  33.376  -18.439  78.195 0.1000000015
93492  31.535  -18.010  77.173 0.1000000015
93493  30.615  -17.914  77.164 0.1000000015
93514  30.459  -17.378  76.486 0.1000000015
95737  37.310  -16.060  78.420 0.1000000015
95738  36.526  -16.246  77.960 0.1000000015
94626  35.274  -16.871  77.657 0.1000000015
94627  34.333  -16.905  77.114 0.1000000015
94628  33.586  -17.085  76.856 0.1000000015
94646  32.265  -16.621  76.164 0.1000000015
94647  31.303  -16.766  76.010 0.1000000015
96804  37.827  -15.057  78.284 0.1000000015
96817  36.468  -14.985  77.343 0.1000000015
96818  35.795  -15.135  77.096 0.1000000015
95758  35.078  -15.817  77.090 0.1000000015
94644  33.883  -16.500  76.699 0.1000000015
95774  32.473  -15.865  75.891 0.1000000015
94654  31.914  -16.153  75.797 0.1000000015
102302  49.368  -9.016  77.556 0.2000000030
97960  37.988  -14.039  77.381 0.1000000015
96825  36.836  -14.311  77.045 0.1000000015
96828  34.345  -14.866  76.333 0.2000000030
96829  33.506  -15.044  76.161 0.2000000030
95785  32.843  -15.319  75.931 0.1000000015
95786  32.138  -15.376  75.665 0.1000000015
100260  48.149  -11.517  75.721 0.2000000030
101287  46.705  -10.708  75.750 0.2000000030
97984  38.389  -13.449  75.827 0.1000000015
97985  37.525  -13.647  75.638 0.1000000015
97972  36.789  -13.951  76.363 0.2000000030
96839  34.835  -14.317  76.008 0.2000000030
96840  34.131  -14.385  75.710 0.2000000030
96841  33.071  -14.650  75.604 0.1000000015
95795  53.682  -15.574  75.002 0.2000000030
95783  52.819  -15.687  75.840 0.2000000030
97966  51.294  -13.415  76.545 0.2000000030
99143  48.590  -12.171  75.259 0.2000000030
99144  47.836  -12.037  75.221 0.2000000030
100261  47.297  -11.203  75.641 0.2000000030
100273  45.703  -11.609  74.999 0.2000000030
98002  39.020  -13.168  75.195 0.1000000015
99166  39.260  -12.786  74.467 0.1000000015
98004  37.339  -13.556  74.659 0.2000000030
98005  36.290  -13.790  74.729 0.2000000030
98035  34.591  -14.098  74.510 0.2000000030
96877  34.204  -14.176  74.207 0.2000000030
96878  33.026  -14.294  73.983 0.2000000030
99156  48.994  -12.644  74.708 0.2000000030
99157  48.349  -12.600  74.655 0.2000000030
99158  47.558  -12.510  74.606 0.2000000030
99159  46.500  -12.373  74.566 0.2000000030
99161  44.409  -11.942  74.494 0.1000000015
99177  43.938  -12.749  74.056 0.1000000015
99178  42.914  -12.536  73.853 0.1000000015
99179  41.870  -12.460  73.775 0.1000000015
98029  40.299  -13.121  73.429 0.1000000015
99181  39.802  -12.581  73.833 0.1000000015
98059  37.708  -13.878  73.016 0.2000000030
98032  36.925  -13.733  73.600 0.2000000030
96902  34.745  -14.396  73.063 0.2000000030
96903  33.792  -14.521  73.214 0.2000000030
97998  49.639  -13.174  74.334 0.2000000030
97999  48.925  -13.094  74.047 0.2000000030
98000  48.140  -13.079  74.005 0.2000000030
98001  47.347  -13.074  74.082 0.1000000015
98026  43.504  -13.483  73.513 0.1000000015
98027  42.378  -13.491  73.351 0.1000000015
98055  41.623  -13.922  73.006 0.1000000015
98056  40.794  -13.829  73.086 0.1000000015
98058  38.805  -13.809  72.929 0.2000000030
96901  35.754  -14.391  72.862 0.2000000030
95814  35.175  -14.814  72.245 0.2000000030
98020  49.612  -13.574  73.308 0.2000000030
98021  48.781  -13.465  73.200 0.2000000030
95852  35.919  -15.466  70.592 0.2000000030
95854  34.054  -15.019  70.990 0.2000000030
97996  55.350  -13.841  74.524 0.2000000030
99174  54.721  -12.623  73.692 0.2000000030
99190  54.278  -12.527  72.960 0.2000000030
99191  53.666  -12.442  72.284 0.2000000030
100293  53.546  -11.315  71.928 0.2000000030
100301  52.898  -11.287  71.277 0.2000000030
98049  49.559  -13.735  72.294 0.2000000030
98072  48.375  -13.908  71.249 0.1000000015
96961  35.884  -14.713  69.294 0.2000000030
96962  34.753  -14.589  69.447 0.2000000030
101334  51.083  -10.209  70.275 0.3000000119
102380  50.190  -9.249  70.818 0.3000000119
102391  49.566  -9.679  70.183 0.3000000119
102382  48.255  -8.842  70.564 0.3000000119
98099  48.623  -13.305  69.678 0.1000000015
96982  35.535  -14.089  68.863 0.2000000030
101335  50.440  -10.026  70.095 0.3000000119
102392  48.708  -9.611  70.110 0.3000000119
102393  47.811  -9.602  69.936 0.3000000119
102394  46.800  -9.377  69.582 0.3000000119
99220  48.162  -12.550  69.283 0.1000000015
98100  47.376  -13.607  69.646 0.1000000015
100342  35.031  -11.427  68.501 0.2000000030
98129  34.857  -13.431  68.732 0.2000000030
101343  49.171  -10.503  69.606 0.3000000119
101344  48.264  -10.525  69.529 0.3000000119
100324  46.868  -11.479  68.978 0.2000000030
99222  46.310  -12.320  68.783 0.1000000015
101360  35.582  -10.493  68.366 0.2000000030
103450  35.748  -8.663  68.341 0.2000000030
102409  35.165  -9.556  68.304 0.2000000030
102410  34.174  -9.509  68.366 0.2000000030
105649  35.049  -6.850  68.503 0.2000000030
104561  34.369  -7.658  68.475 0.2000000030
106686  35.713  -6.116  68.707 0.2000000030
108813  37.791  -4.016  69.577 0.3000000119
107736  36.087  -4.435  69.142 0.3000000119
108815  35.670  -3.464  69.547 0.3000000119
112128  40.731  -0.252  73.135 0.3000000119
111023  40.223  -1.559  72.834 0.4000000060
111040  38.810  -1.688  71.982 0.3000000119
109894  38.098  -2.682  70.477 0.4000000060
108800  37.065  -3.125  69.866 0.3000000119
109879  36.394  -1.927  71.096 0.3000000119
116253  46.483  3.623  68.360 0.6999999881
115290  45.432  3.047  67.945 0.6000000238
114228  44.669  1.779  68.532 0.5000000000
113187  43.116  0.437  70.056 0.4000000060
113188  42.066  0.456  70.186 0.4000000060
113171  40.726  0.813  71.287 0.3000000119
113130  40.168  0.226  72.661 0.4000000060
113152  39.387  0.837  72.103 0.4000000060
117210  45.745  3.983  67.137 0.6999999881
93402  31.842  -17.725  82.485 0.1000000015
93419  31.453  -17.855  81.613 0.1000000015
93401  32.504  -17.912  82.876 0.1000000015
92297  32.242  -18.218  81.534 0.1000000015
93436  30.537  -17.862  80.677 0.1000000015
92293  35.633  -18.817  81.678 0.1000000015
92315  31.879  -18.369  80.684 0.1000000015
92331  31.785  -18.610  79.723 0.1000000015
92333  30.242  -18.248  79.344 0.1000000015
102258  46.113  -9.389  80.887 0.1000000015
92291  37.482  -18.492  81.623 0.1000000015
92309  36.971  -18.388  80.758 0.1000000015
92326  36.044  -18.519  80.039 0.1000000015
92327  35.314  -18.605  79.733 0.1000000015
92350  30.848  -18.491  78.713 0.1000000015
92371  30.046  -18.076  77.893 0.1000000015
103317  47.356  -8.298  79.482 0.1000000015
93449  37.193  -17.819  79.776 0.1000000015
93468  36.790  -17.695  79.343 0.1000000015
93470  35.652  -17.911  78.767 0.1000000015
93494  29.594  -17.623  77.421 0.1000000015
95716  38.015  -16.186  79.052 0.1000000015
94602  37.003  -17.233  78.988 0.1000000015
94649  29.483  -16.406  75.935 0.1000000015
101278  49.029  -10.573  76.667 0.2000000030
97949  39.027  -13.961  78.322 0.1000000015
96803  38.508  -14.685  78.576 0.1000000015
94656  30.368  -15.893  75.497 0.1000000015
101280  47.037  -10.179  76.200 0.2000000030
101281  46.420  -9.839  76.169 0.2000000030
102323  45.743  -9.696  76.062 0.2000000030
102317  44.891  -9.923  76.488 0.2000000030
99138  41.429  -12.699  76.863 0.1000000015
97968  39.967  -13.329  76.833 0.1000000015
97969  39.254  -13.457  76.874 0.1000000015
96843  31.188  -14.523  75.066 0.1000000015
96859  31.087  -14.058  74.614 0.1000000015
100240  50.519  -10.929  77.146 0.2000000030
100252  48.540  -11.037  76.197 0.2000000030
101288  46.117  -10.240  75.803 0.2000000030
101289  45.198  -10.097  75.556 0.2000000030
102324  45.059  -9.671  75.949 0.2000000030
101291  43.483  -10.994  76.153 0.2000000030
101292  42.949  -11.313  75.982 0.2000000030
100266  42.436  -11.726  76.023 0.2000000030
99148  40.318  -12.846  75.781 0.1000000015
97982  39.717  -13.248  76.339 0.1000000015
99142  49.390  -12.366  75.353 0.2000000030
100259  48.807  -11.706  75.741 0.2000000030
100262  46.392  -11.291  75.379 0.2000000030
100263  45.465  -10.835  75.350 0.2000000030
101299  43.626  -10.710  75.051 0.2000000030
101300  43.258  -10.871  75.288 0.2000000030
100277  42.258  -11.419  75.047 0.1000000015
100268  41.056  -12.376  75.449 0.1000000015
100279  40.752  -12.375  75.160 0.1000000015
96858  32.035  -14.069  74.623 0.2000000030
98008  31.578  -13.936  74.193 0.1000000015
99124  51.535  -12.424  77.350 0.2000000030
97981  49.959  -13.051  75.002 0.2000000030
100274  44.918  -11.313  74.911 0.2000000030
100275  44.038  -10.943  74.787 0.2000000030
99162  43.442  -11.747  74.352 0.1000000015
99163  42.481  -11.748  74.287 0.1000000015
99165  40.402  -12.420  74.647 0.1000000015
96904  32.930  -14.564  73.058 0.2000000030
96880  31.659  -14.122  73.219 0.1000000015
96852  53.941  -15.089  74.406 0.2000000030
95796  52.638  -15.506  74.953 0.2000000030
97997  50.329  -13.661  74.386 0.2000000030
96921  32.908  -14.763  72.101 0.2000000030
96905  32.203  -14.406  72.721 0.2000000030
96870  50.870  -14.233  73.630 0.2000000030
96889  50.939  -14.154  72.892 0.2000000030
98048  50.523  -13.930  72.382 0.2000000030
95832  33.727  -14.946  71.733 0.2000000030
98017  54.583  -13.903  73.957 0.2000000030
98044  54.239  -13.358  73.358 0.2000000030
98045  53.495  -13.625  72.770 0.2000000030
98067  53.072  -13.207  72.073 0.2000000030
99197  53.053  -12.385  71.635 0.2000000030
98069  51.444  -13.471  71.353 0.2000000030
98071  49.401  -13.815  71.283 0.1000000015
96963  33.578  -14.403  69.709 0.2000000030
100302  52.273  -11.272  70.705 0.3000000119
100313  51.597  -11.276  70.284 0.3000000119
99209  51.848  -12.089  70.487 0.3000000119
98084  50.990  -13.212  70.732 0.2000000030
98085  50.191  -13.269  70.375 0.2000000030
98087  48.105  -13.840  70.362 0.1000000015
98106  33.212  -13.431  69.290 0.2000000030
101341  50.629  -10.681  69.841 0.3000000119
100320  50.370  -11.412  69.615 0.3000000119
99218  50.032  -12.330  69.607 0.2000000030
98098  49.573  -13.042  69.833 0.1000000015
101362  33.635  -10.433  68.472 0.2000000030
99246  33.437  -12.348  68.793 0.2000000030
100322  48.719  -11.523  69.295 0.3000000119
105650  34.110  -6.749  68.687 0.3000000119
103452  33.739  -8.534  68.518 0.2000000030
106672  35.400  -5.259  68.904 0.2000000030
106687  34.765  -6.015  68.733 0.2000000030
107737  35.033  -4.443  69.287 0.3000000119
108816  34.611  -3.725  69.672 0.3000000119
109896  35.788  -2.511  70.245 0.3000000119
108801  34.977  -2.990  69.933 0.3000000119
113153  38.346  0.701  72.050 0.4000000060
112130  38.722  -0.586  72.860 0.4000000060
112131  37.680  -0.593  72.872 0.3000000119
111042  36.871  -1.523  71.916 0.3000000119
111043  35.900  -1.596  71.990 0.3000000119
116265  45.283  3.492  67.341 0.6000000238
114229  43.769  1.326  68.335 0.5000000000
114230  42.801  1.021  68.247 0.4000000060
113205  41.364  0.537  69.227 0.3000000119
113190  39.982  0.757  70.330 0.2000000030
113172  39.690  1.042  71.274 0.4000000060
113173  38.641  0.965  71.223 0.3000000119
93404  30.295  -17.132  82.115 0.1000000015
93437  29.767  -17.380  80.583 0.1000000015
93453  29.556  -17.630  79.562 0.1000000015
102257  46.773  -8.746  81.299 0.1000000015
102268  46.703  -8.847  80.212 0.1000000015
93400  39.175  -17.666  82.356 0.1000000015
92290  38.175  -18.286  81.905 0.1000000015
93418  38.113  -18.042  81.233 0.1000000015
93472  29.470  -17.730  78.502 0.1000000015
103332  46.978  -8.529  78.175 0.1000000015
93416  39.312  -17.150  81.513 0.2000000030
93432  38.901  -17.146  80.908 0.2000000030
93448  37.883  -17.398  79.962 0.1000000015
93515  29.509  -17.114  76.509 0.1000000015
103340  47.751  -8.409  77.567 0.1000000015
95698  39.922  -15.870  80.547 0.2000000030
95714  39.417  -15.656  79.748 0.2000000030
95715  38.618  -15.713  79.258 0.1000000015
94650  28.564  -15.969  76.176 0.1000000015
96802  39.159  -14.371  78.830 0.1000000015
94657  29.469  -15.639  75.519 0.1000000015
101279  48.130  -10.062  76.602 0.2000000030
102313  48.048  -9.430  76.847 0.2000000030
103348  47.044  -8.929  76.825 0.2000000030
102316  45.628  -9.563  76.579 0.2000000030
102307  44.858  -10.223  77.044 0.2000000030
99137  42.133  -12.349  76.874 0.2000000030
99128  40.930  -12.979  77.667 0.2000000030
96844  30.297  -14.395  74.927 0.1000000015
101283  43.932  -11.138  77.181 0.2000000030
100254  43.299  -11.533  76.959 0.2000000030
100243  43.027  -11.970  77.501 0.2000000030
99126  42.437  -12.349  77.801 0.2000000030
96861  29.787  -13.551  74.469 0.1000000015
100249  50.617  -11.661  76.828 0.2000000030
98037  30.976  -13.831  73.355 0.1000000015
95784  52.021  -15.228  75.805 0.2000000030
99134  50.956  -12.370  76.760 0.2000000030
96922  32.109  -14.481  71.732 0.2000000030
96923  31.300  -14.011  71.619 0.2000000030
98061  30.710  -13.749  72.442 0.2000000030
98047  51.569  -13.976  72.192 0.2000000030
96941  31.955  -14.048  70.682 0.2000000030
96942  31.189  -13.611  70.927 0.2000000030
96866  54.234  -14.672  74.210 0.2000000030
98018  53.868  -14.047  73.437 0.2000000030
96867  53.602  -14.770  73.917 0.2000000030
98089  31.477  -13.374  70.337 0.2000000030
99225  31.079  -11.967  69.912 0.2000000030
98046  52.474  -13.927  72.364 0.2000000030
99199  51.587  -12.787  70.702 0.2000000030
99211  50.452  -12.633  69.927 0.2000000030
99223  32.692  -12.666  69.216 0.2000000030
98068  52.373  -13.328  71.685 0.2000000030
99198  52.323  -12.461  70.994 0.2000000030
99210  51.109  -12.405  70.179 0.2000000030
100314  50.999  -11.357  69.863 0.2000000030
101363  32.751  -10.401  68.699 0.2000000030
100345  32.348  -11.263  68.995 0.2000000030
102396  32.406  -9.504  68.925 0.2000000030
101348  32.072  -10.396  69.200 0.2000000030
105635  33.385  -6.547  69.053 0.3000000119
107739  33.070  -4.553  70.016 0.3000000119
106674  33.432  -5.546  69.373 0.3000000119
109898  33.867  -2.687  70.824 0.3000000119
107738  34.045  -4.555  69.519 0.3000000119
111044  34.975  -1.551  71.956 0.3000000119
109897  34.757  -2.492  70.579 0.3000000119
113155  36.415  0.283  72.022 0.3000000119
112133  35.873  -0.759  73.007 0.3000000119
111028  35.454  -1.196  72.581 0.3000000119
117233  44.556  4.278  65.378 0.6999999881
116266  44.355  3.182  67.044 0.6000000238
115292  43.587  2.652  67.180 0.5000000000
114244  42.140  1.548  67.536 0.4000000060
114232  40.693  0.929  68.354 0.3000000119
113206  40.308  0.587  69.303 0.4000000060
113191  38.958  0.793  70.319 0.3000000119
113192  37.859  0.766  70.168 0.4000000060
113154  37.364  0.491  71.993 0.3000000119
94568  29.214  -16.827  80.379 0.1000000015
102280  46.488  -8.991  79.102 0.1000000015
93399  39.774  -17.151  82.335 0.1000000015
96746  42.307  -13.852  81.775 0.1000000015
96747  41.790  -14.381  81.577 0.1000000015
95680  41.383  -15.202  81.826 0.1000000015
94553  39.897  -16.497  81.419 0.1000000015
101269  48.799  -9.747  77.082 0.2000000030
102303  48.282  -8.998  77.189 0.2000000030
95697  40.430  -15.280  80.592 0.1000000015
95790  28.541  -14.611  75.511 0.1000000015
103341  46.922  -8.702  77.170 0.2000000030
97927  40.714  -13.673  79.691 0.2000000030
96781  40.329  -14.543  79.914 0.2000000030
102305  46.204  -9.095  77.274 0.2000000030
102306  45.413  -9.821  77.395 0.2000000030
100241  44.012  -11.417  78.340 0.2000000030
100225  44.172  -11.270  79.125 0.2000000030
99111  41.688  -12.659  78.751 0.2000000030
97946  41.031  -13.082  79.037 0.2000000030
102295  45.606  -9.843  78.173 0.1000000015
101272  44.637  -10.679  77.915 0.2000000030
99125  43.010  -12.180  78.098 0.2000000030
99112  41.152  -12.935  78.356 0.2000000030
98010  30.351  -13.473  74.029 0.1000000015
98038  30.149  -13.414  73.266 0.1000000015
98062  30.005  -13.110  72.365 0.1000000015
96837  51.413  -14.474  75.684 0.2000000030
97979  50.978  -13.701  75.776 0.2000000030
97967  50.771  -13.065  76.144 0.2000000030
96855  50.866  -14.232  74.484 0.2000000030
98091  30.236  -12.319  70.955 0.1000000015
98074  30.633  -13.429  71.545 0.1000000015
95802  53.349  -15.299  74.463 0.2000000030
96853  52.214  -15.225  74.506 0.2000000030
96854  51.515  -14.818  74.617 0.2000000030
96869  51.565  -14.666  73.699 0.2000000030
96888  51.622  -14.391  72.894 0.2000000030
99212  30.546  -12.054  70.508 0.2000000030
96868  52.473  -14.935  73.826 0.2000000030
96887  52.492  -14.448  73.061 0.2000000030
100315  30.628  -11.308  70.367 0.2000000030
100327  31.647  -11.227  69.461 0.2000000030
100328  31.094  -11.086  69.856 0.2000000030
102385  31.331  -9.639  70.203 0.2000000030
104541  32.327  -7.721  69.508 0.2000000030
104542  31.893  -8.154  69.790 0.2000000030
106675  32.646  -5.600  69.920 0.2000000030
105636  32.801  -6.490  69.516 0.2000000030
108804  32.844  -3.741  70.864 0.3000000119
107724  32.900  -4.082  70.520 0.3000000119
109868  33.280  -2.094  72.200 0.3000000119
112136  33.234  -0.754  72.542 0.3000000119
111030  33.548  -1.462  72.479 0.3000000119
117234  43.442  4.011  65.472 0.5000000000
116290  42.620  3.898  65.671 0.4000000060
115305  41.865  2.974  66.548 0.4000000060
115295  40.467  2.248  67.079 0.4000000060
113177  34.929  0.637  71.113 0.3000000119
112148  34.583  -0.453  72.187 0.3000000119
117222  43.773  3.667  66.054 0.6000000238
115304  42.807  2.997  66.621 0.4000000060
114245  41.093  1.524  67.597 0.4000000060
114233  39.632  0.929  68.391 0.4000000060
114234  38.553  1.042  68.497 0.4000000060
114215  37.125  0.925  69.807 0.4000000060
114203  36.100  0.889  70.689 0.3000000119
101220  45.541  -9.846  81.489 0.1000000015
101236  44.976  -10.384  81.201 0.1000000015
100166  44.504  -10.809  81.950 0.1000000015
102269  46.041  -9.548  79.868 0.1000000015
101235  45.471  -9.975  80.557 0.1000000015
101250  44.865  -10.500  80.291 0.1000000015
100187  43.756  -11.360  81.185 0.1000000015
97891  42.559  -13.233  81.676 0.1000000015
97892  42.103  -13.545  81.309 0.1000000015
101249  45.415  -10.150  79.587 0.1000000015
100188  43.194  -11.776  80.657 0.1000000015
99066  43.205  -11.999  81.294 0.1000000015
97905  41.691  -13.307  80.626 0.1000000015
96763  40.999  -14.499  80.698 0.1000000015
102294  46.118  -9.321  78.125 0.1000000015
102281  45.834  -9.680  78.895 0.1000000015
101263  44.822  -10.713  79.282 0.1000000015
100205  44.234  -10.995  80.140 0.1000000015
99067  42.672  -12.363  80.839 0.1000000015
99092  41.863  -12.548  79.742 0.1000000015
101262  45.317  -10.256  78.620 0.1000000015
100227  42.833  -12.024  79.452 0.1000000015
99110  42.598  -12.232  78.905 0.2000000030
99109  43.152  -12.030  78.482 0.2000000030
104511  31.706  -8.215  70.860 0.1000000015
103426  31.486  -8.830  70.584 0.1000000015
105614  32.133  -6.572  71.084 0.1000000015
104528  31.776  -8.144  70.154 0.2000000030
106652  32.271  -5.506  71.552 0.2000000030
106662  32.411  -5.644  70.663 0.2000000030
108767  32.272  -2.817  72.978 0.2000000030
107711  32.277  -4.379  71.951 0.2000000030
109869  32.754  -2.254  72.662 0.3000000119
108787  32.603  -3.593  71.497 0.3000000119
112137  32.172  -0.385  72.621 0.2000000030
112150  32.892  -0.182  72.008 0.3000000119
118132  43.424  5.508  63.742 0.5000000000
117235  42.335  4.656  65.121 0.4000000060
116291  41.861  4.165  65.697 0.4000000060
115306  40.860  3.036  66.634 0.4000000060
115307  39.881  3.049  66.746 0.4000000060
114205  34.530  1.306  70.291 0.3000000119
113179  33.053  0.861  70.878 0.3000000119
115297  38.456  2.569  67.339 0.4000000060
115298  37.553  2.532  67.610 0.4000000060
115283  36.357  2.361  68.199 0.4000000060
115267  35.089  2.273  68.857 0.4000000060
114140  32.263  1.340  77.129 0.2000000030
110991  31.145  -1.572  76.089 0.2000000030
109845  31.514  -2.303  74.644 0.2000000030
107702  32.013  -4.040  72.851 0.2000000030
115208  33.378  3.340  75.724 0.2000000030
115206  31.662  2.019  75.791 0.2000000030
112092  30.652  -0.108  75.423 0.2000000030
109857  31.826  -2.241  73.929 0.2000000030
115210  31.820  2.568  75.213 0.2000000030
114157  31.188  1.963  74.824 0.3000000119
113095  30.714  0.715  74.148 0.2000000030
111011  32.045  -1.389  73.673 0.2000000030
114167  30.714  1.429  73.625 0.2000000030
113138  31.124  0.730  72.729 0.2000000030
113110  31.328  0.260  72.986 0.2000000030
114194  31.252  1.416  71.678 0.2000000030
118108  42.176  5.306  64.746 0.4000000060
117236  41.376  4.829  65.471 0.3000000119
116282  40.219  3.861  66.347 0.4000000060
116283  39.272  3.877  66.620 0.4000000060
115269  33.764  2.623  69.409 0.3000000119
115258  32.640  2.534  70.086 0.3000000119
115259  31.744  2.537  70.595 0.2000000030
117225  39.609  4.893  66.164 0.4000000060
116268  37.885  3.101  67.312 0.4000000060
116270  36.169  3.444  67.815 0.4000000060
116256  35.332  3.303  68.227 0.4000000060
115285  34.944  2.788  68.603 0.4000000060
116187  32.526  3.356  75.042 0.3000000119
115216  31.151  2.557  74.177 0.3000000119
117148  31.352  4.438  73.213 0.3000000119
115224  30.708  2.324  73.305 0.2000000030
116220  30.878  3.345  71.907 0.2000000030
116231  31.381  3.552  70.822 0.2000000030
118121  42.033  5.763  64.542 0.3000000119
117223  41.034  4.518  65.823 0.3000000119
116240  34.033  3.000  69.029 0.4000000060
116241  33.560  3.413  69.154 0.3000000119
117176  32.083  4.215  70.291 0.3000000119
118111  40.088  5.678  65.788 0.3000000119
117200  34.236  4.409  68.576 0.4000000060
116258  33.780  4.046  68.812 0.3000000119
117160  31.189  4.455  72.374 0.3000000119
117168  31.274  4.394  71.471 0.2000000030
117177  31.570  4.444  70.828 0.2000000030
118052  33.195  5.655  69.862 0.3000000119
117186  32.670  4.479  69.771 0.3000000119
103339  48.871  -8.196  77.884 0.1000000015
100251  49.311  -11.440  76.182 0.2000000030
99136  49.822  -12.031  75.965 0.2000000030
101268  49.823  -10.219  77.206 0.2000000030
99135  50.372  -12.359  76.170 0.2000000030
100250  50.029  -11.340  76.554 0.2000000030
117220  45.429  4.132  66.389 0.6999999881
117243  43.629  4.479  64.795 0.5000000000
117166  51.080  4.544  71.365 0.6000000238
116227  49.651  3.730  70.811 0.6000000238
116229  47.994  3.339  70.080 0.6000000238
116218  50.180  3.541  71.591 0.6000000238
115263  49.077  1.870  69.265 0.4000000060
116236  50.671  3.356  69.460 0.6000000238
111118  47.862  -1.335  65.445 0.4000000060
118120  42.782  5.257  64.388 0.5000000000
105663  53.934  -6.943  67.418 0.3000000119
105682  51.111  -6.299  65.583 0.3000000119
107783  51.133  -4.456  65.631 0.3000000119
107771  48.792  -4.177  65.929 0.3000000119
106649  56.641  -5.176  71.885 0.3000000119
107782  52.165  -4.270  65.290 0.3000000119
108846  50.620  -3.374  66.642 0.3000000119
109921  49.298  -2.490  68.532 0.3000000119
109940  48.391  -2.728  67.764 0.3000000119
107796  52.861  -3.837  64.909 0.3000000119
108874  52.609  -3.132  64.877 0.3000000119
109920  50.230  -2.441  68.812 0.3000000119
111065  49.995  -2.037  69.599 0.3000000119
111066  48.885  -1.746  69.685 0.3000000119
112187  56.897  0.078  66.845 0.3000000119
111104  56.803  -0.842  67.298 0.3000000119
109918  51.444  -2.122  68.224 0.3000000119
111064  50.859  -1.919  69.730 0.3000000119
112197  56.681  0.348  65.968 0.3000000119
113219  57.005  0.837  66.133 0.3000000119
114260  56.565  1.785  64.840 0.3000000119
113258  55.317  0.897  61.451 0.4000000060
114280  55.036  1.300  62.445 0.4000000060
114269  54.988  1.579  62.865 0.3000000119
114267  56.516  2.035  63.719 0.3000000119
104574  53.114  -7.496  67.671 0.3000000119
104587  52.713  -7.335  66.819 0.3000000119
104588  51.966  -7.352  66.426 0.3000000119
108849  47.962  -3.454  66.468 0.3000000119
106658  55.546  -5.114  70.714 0.3000000119
106665  55.806  -5.120  69.715 0.3000000119
107729  56.444  -3.629  69.761 0.3000000119
106705  55.627  -4.994  66.957 0.3000000119
107748  56.218  -4.493  68.242 0.3000000119
106681  55.814  -5.172  68.732 0.3000000119
111096  47.715  -2.329  68.054 0.2000000030
108850  47.048  -3.348  66.221 0.2000000030
108780  56.871  -3.955  71.227 0.3000000119
107747  56.471  -3.617  68.787 0.3000000119
107760  56.461  -3.696  67.778 0.3000000119
107766  56.260  -3.810  66.963 0.3000000119
111083  46.991  -1.673  69.007 0.2000000030
111082  48.093  -2.079  68.751 0.3000000119
108823  56.679  -2.849  69.244 0.3000000119
107779  55.149  -4.164  65.599 0.3000000119
108844  56.161  -3.422  66.425 0.3000000119
108860  54.908  -3.678  65.162 0.3000000119
111055  47.381  -1.061  70.785 0.2000000030
112157  48.026  -0.790  71.381 0.2000000030
109948  56.740  -1.838  67.787 0.3000000119
108843  56.499  -2.840  67.164 0.3000000119
108858  56.325  -2.667  66.266 0.3000000119
111114  56.488  -1.283  65.933 0.3000000119
109965  55.565  -2.121  64.961 0.3000000119
108873  53.289  -3.218  64.683 0.3000000119
109962  51.809  -2.586  65.643 0.3000000119
109949  51.528  -2.451  66.410 0.3000000119
111126  56.495  -0.150  65.679 0.3000000119
109967  53.649  -2.397  64.475 0.3000000119
111129  54.017  -1.370  64.269 0.3000000119
109961  52.294  -2.289  65.049 0.3000000119
111063  51.359  -1.668  69.513 0.3000000119
112211  54.426  -0.281  64.238 0.3000000119
111115  52.259  -1.406  65.039 0.3000000119
111095  51.571  -1.569  67.888 0.3000000119
111116  51.839  -1.712  65.747 0.3000000119
112179  51.473  -1.009  68.481 0.3000000119
113226  54.782  0.886  64.100 0.4000000060
114262  55.092  1.580  63.554 0.4000000060
112171  51.082  -0.577  69.091 0.4000000060
113243  54.489  1.000  62.556 0.4000000060
113273  56.216  1.091  59.979 0.3000000119
112260  54.013  -0.590  60.842 0.4000000060
112227  53.473  0.175  62.444 0.4000000060
104576  51.472  -7.802  66.967 0.3000000119
104608  47.718  -7.137  65.904 0.3000000119
108866  46.576  -3.970  65.628 0.2000000030
105608  54.604  -5.666  71.646 0.3000000119
109954  45.568  -2.747  66.813 0.2000000030
107693  55.337  -4.870  73.618 0.3000000119
109924  44.787  -2.031  68.694 0.2000000030
106634  55.713  -5.436  73.418 0.3000000119
111056  46.367  -1.204  71.034 0.2000000030
112126  47.645  -0.585  73.067 0.3000000119
112145  48.406  -0.523  72.226 0.3000000119
112124  49.747  0.241  72.903 0.4000000060
113101  50.616  0.916  73.874 0.4000000060
113090  49.918  1.006  74.350 0.5000000000
113228  53.102  -0.097  64.341 0.4000000060
112143  50.439  0.201  72.269 0.4000000060
113100  51.579  1.180  73.578 0.5000000000
113121  50.959  0.637  72.976 0.4000000060
113234  52.979  0.292  64.191 0.4000000060
112189  50.732  -0.712  66.995 0.4000000060
112172  50.306  -0.438  68.819 0.4000000060
113181  50.636  0.029  70.130 0.4000000060
113163  50.654  0.449  70.770 0.4000000060
114161  52.064  1.739  74.119 0.5000000000
112221  52.252  0.049  63.987 0.4000000060
112228  52.595  -0.164  62.726 0.4000000060
113164  50.272  0.928  70.528 0.4000000060
112223  50.896  -0.951  63.388 0.4000000060
112201  49.406  -1.089  65.406 0.4000000060
112216  49.712  -1.171  64.645 0.4000000060
112182  48.852  -0.665  67.564 0.4000000060
113183  49.186  0.468  69.344 0.4000000060
114211  49.373  1.324  69.695 0.4000000060
115253  50.239  2.018  70.486 0.5000000000
115251  51.962  3.019  70.988 0.6000000238
112230  51.083  -1.067  62.891 0.4000000060
93534  55.828  -17.245  74.349 0.1000000015
94666  56.240  -16.472  74.179 0.2000000030
93541  55.876  -16.922  73.731 0.2000000030
104534  51.156  -7.511  69.622 0.3000000119
108867  45.600  -4.048  65.634 0.3000000119
106645  53.792  -5.775  73.069 0.3000000119
109955  44.627  -2.771  66.956 0.2000000030
111069  45.678  -1.462  70.277 0.2000000030
109890  44.135  -2.493  70.820 0.2000000030
112127  46.801  -0.992  72.889 0.3000000119
111057  45.492  -1.641  71.347 0.3000000119
112094  48.413  0.064  74.455 0.5000000000
113092  47.613  0.413  74.500 0.5000000000
114164  48.841  1.758  74.047 0.5000000000
115213  51.942  2.689  74.275 0.6000000238
116194  52.290  3.518  73.678 0.6000000238
116225  52.592  3.549  70.989 0.6000000238
111131  49.785  -1.276  64.174 0.4000000060
112191  48.338  -1.005  66.365 0.4000000060
95779  55.915  -16.315  75.606 0.2000000030
95765  55.613  -16.735  76.127 0.2000000030
105613  51.061  -6.913  72.567 0.3000000119
104535  50.040  -7.340  69.723 0.3000000119
104551  49.540  -7.548  69.162 0.3000000119
104593  47.020  -7.311  66.460 0.3000000119
108868  44.928  -4.168  65.618 0.3000000119
106724  44.701  -5.592  65.436 0.3000000119
107773  43.290  -4.068  66.178 0.2000000030
103392  55.587  -7.728  73.723 0.3000000119
108824  43.133  -2.949  68.658 0.2000000030
108840  42.692  -3.610  67.420 0.2000000030
112096  46.944  -0.455  74.416 0.4000000060
111004  46.234  -1.109  74.133 0.3000000119
114178  49.382  2.210  73.601 0.5000000000
115236  49.386  2.357  73.041 0.6000000238
116208  51.454  3.787  72.805 0.6000000238
104536  49.059  -7.304  69.779 0.3000000119
104553  48.146  -7.632  68.523 0.3000000119
105689  44.232  -6.428  65.531 0.2000000030
107791  43.080  -4.865  65.756 0.2000000030
105690  43.345  -6.436  65.597 0.2000000030
107774  42.284  -4.636  66.628 0.2000000030
105675  41.884  -6.035  66.039 0.2000000030
109861  44.919  -2.497  73.040 0.3000000119
109872  44.177  -2.691  71.807 0.3000000119
109909  42.929  -3.257  69.444 0.2000000030
107750  41.437  -4.897  68.552 0.2000000030
106701  41.197  -5.516  67.153 0.2000000030
114166  46.879  1.085  73.402 0.5000000000
114180  47.730  1.485  72.790 0.5000000000
113094  45.746  -0.036  74.112 0.4000000060
113093  46.449  0.387  74.152 0.5000000000
112110  44.117  -0.714  73.824 0.4000000060
115246  48.265  2.161  71.653 0.5000000000
115245  49.138  2.607  72.018 0.6000000238
103381  53.162  -8.067  73.177 0.3000000119
103396  50.602  -7.609  72.215 0.3000000119
104538  47.397  -7.732  69.217 0.3000000119
103481  45.269  -8.253  66.680 0.3000000119
104596  44.236  -7.832  65.935 0.3000000119
104612  43.066  -7.282  65.671 0.2000000030
103483  43.469  -8.473  66.063 0.2000000030
104613  42.327  -7.326  65.759 0.2000000030
104614  41.695  -7.418  65.935 0.2000000030
106710  41.058  -6.053  66.749 0.2000000030
104598  40.907  -7.464  66.312 0.2000000030
109891  43.550  -3.070  71.163 0.2000000030
108794  43.046  -3.475  70.628 0.2000000030
108781  43.072  -3.584  71.480 0.2000000030
107749  41.976  -4.250  69.197 0.2000000030
106702  40.680  -6.088  67.418 0.2000000030
115264  47.599  3.020  69.921 0.6999999881
115256  47.159  2.182  70.367 0.6000000238
114181  46.946  1.161  72.219 0.5000000000
113104  46.015  0.643  73.337 0.4000000060
113125  45.318  0.557  72.677 0.5000000000
109854  43.212  -2.157  73.336 0.3000000119
107731  42.029  -4.488  70.261 0.2000000030
105643  39.854  -6.674  68.189 0.2000000030
105631  39.856  -6.470  68.697 0.2000000030
108773  42.496  -3.237  72.386 0.3000000119
107709  41.395  -4.172  71.288 0.2000000030
108783  41.655  -3.369  71.934 0.2000000030
107710  40.807  -4.308  70.944 0.4000000060
103406  50.815  -8.376  72.005 0.3000000119
103422  48.562  -8.233  70.995 0.3000000119
103445  46.311  -8.569  68.564 0.3000000119
102432  44.569  -9.264  67.056 0.2000000030
103484  42.426  -8.587  65.903 0.2000000030
102435  41.849  -9.303  66.107 0.2000000030
101386  42.201  -10.098  66.482 0.2000000030
101374  43.421  -10.583  67.366 0.2000000030
101376  41.638  -10.718  66.827 0.2000000030
101377  40.700  -10.572  66.816 0.2000000030
101388  40.432  -9.782  66.592 0.2000000030
102436  40.916  -9.161  66.257 0.2000000030
103485  41.455  -8.322  65.980 0.2000000030
104599  39.956  -7.553  66.975 0.2000000030
102437  40.164  -9.102  66.559 0.2000000030
103471  39.194  -8.552  67.239 0.2000000030
105644  39.331  -6.913  68.372 0.3000000119
104583  38.583  -7.991  67.902 0.1000000015
104556  38.861  -7.323  68.286 0.3000000119
113165  46.409  1.231  70.902 0.5000000000
113105  45.347  0.227  73.555 0.4000000060
113107  43.281  -0.028  73.402 0.3000000119
106668  39.386  -5.597  69.701 0.3000000119
107733  38.799  -5.043  69.732 0.4000000060
105634  38.129  -6.105  69.142 0.2000000030
115265  46.852  2.641  69.604 0.6999999881
115279  46.507  3.085  68.887 0.6999999881
113184  45.650  1.387  69.864 0.6000000238
113167  44.843  0.623  70.754 0.5000000000
113147  44.564  0.491  71.838 0.4000000060
112112  42.297  -0.741  73.516 0.3000000119
111021  41.634  -1.922  72.986 0.3000000119
111008  42.081  -1.492  73.314 0.3000000119
108784  40.672  -3.477  71.266 0.4000000060
109865  41.465  -2.548  72.460 0.3000000119
108785  40.078  -3.090  71.095 0.4000000060
113129  41.363  0.269  72.992 0.3000000119
99160  45.374  -12.163  74.538 0.1000000015
99176  44.955  -12.879  74.091 0.1000000015
98024  45.619  -13.454  73.452 0.1000000015
96893  44.790  -14.324  72.582 0.1000000015
96894  43.702  -14.577  72.396 0.1000000015
96895  42.390  -14.670  72.421 0.1000000015
95810  41.527  -14.879  72.181 0.1000000015
96897  40.434  -14.421  72.632 0.1000000015
95825  40.046  -15.488  71.395 0.1000000015
96919  39.312  -15.161  71.921 0.1000000015
96898  39.480  -14.504  72.502 0.1000000015
95827  38.238  -15.451  71.392 0.1000000015
95829  36.493  -15.421  71.389 0.2000000030
95813  36.165  -14.963  72.188 0.2000000030
95828  37.379  -15.469  71.308 0.1000000015
96912  46.368  -14.361  71.551 0.1000000015
96913  45.522  -14.567  71.533 0.1000000015
95822  43.038  -15.107  71.147 0.1000000015
95847  40.678  -15.508  70.635 0.1000000015
95848  39.670  -15.649  70.561 0.1000000015
95865  38.233  -15.317  69.801 0.1000000015
95867  36.367  -15.296  69.811 0.2000000030
100285  54.642  -11.513  73.367 0.3000000119
96949  46.889  -14.261  70.261 0.1000000015
96937  44.441  -14.717  70.234 0.1000000015
95844  43.548  -14.966  70.370 0.1000000015
95860  43.035  -14.972  69.741 0.1000000015
95862  41.182  -15.187  69.864 0.1000000015
96957  39.704  -14.814  69.177 0.1000000015
96959  37.759  -14.769  69.225 0.1000000015
96960  36.821  -14.740  69.258 0.1000000015
101322  52.469  -10.227  71.185 0.3000000119
98102  45.020  -13.670  68.989 0.1000000015
96953  43.569  -14.367  69.190 0.1000000015
96938  43.905  -14.623  69.782 0.1000000015
98103  44.195  -13.836  68.867 0.1000000015
96954  42.599  -14.556  69.195 0.1000000015
96974  43.039  -13.964  68.743 0.1000000015
95861  42.139  -15.073  69.832 0.1000000015
96977  40.192  -14.112  68.714 0.1000000015
96975  42.140  -14.015  68.686 0.1000000015
96978  39.215  -14.174  68.655 0.1000000015
96979  38.242  -14.138  68.708 0.1000000015
96981  36.376  -14.088  68.801 0.1000000015
98118  45.395  -12.929  68.712 0.1000000015
99235  44.222  -12.341  68.525 0.1000000015
98120  43.671  -13.352  68.616 0.1000000015
98121  42.689  -13.235  68.405 0.1000000015
98123  40.683  -13.370  68.307 0.1000000015
99238  41.173  -12.619  67.896 0.1000000015
98124  39.709  -13.406  68.314 0.1000000015
99242  37.373  -12.452  68.288 0.1000000015
99240  39.248  -12.649  67.974 0.1000000015
99241  38.271  -12.426  68.077 0.1000000015
98128  35.919  -13.291  68.615 0.2000000030
99244  35.458  -12.393  68.535 0.2000000030
102395  46.199  -10.003  69.148 0.3000000119
101347  45.839  -10.528  68.925 0.2000000030
101356  44.498  -10.626  68.255 0.2000000030
100335  44.806  -11.438  68.583 0.2000000030
100325  46.009  -11.411  68.818 0.2000000030
100336  43.953  -11.525  68.288 0.1000000015
99233  45.672  -12.234  68.660 0.1000000015
99237  42.265  -12.319  67.927 0.1000000015
100338  42.440  -11.639  67.649 0.1000000015
99261  40.651  -11.980  67.537 0.2000000030
100357  41.118  -11.317  67.202 0.2000000030
99259  42.066  -11.809  67.635 0.2000000030
99262  39.718  -11.969  67.582 0.1000000015
100360  38.167  -11.307  67.758 0.1000000015
101358  37.272  -10.375  67.909 0.1000000015
101359  36.520  -10.478  68.205 0.1000000015
100341  36.037  -11.430  68.393 0.2000000030
101373  44.126  -10.388  67.741 0.2000000030
100337  43.131  -11.506  67.866 0.2000000030
100355  42.711  -11.176  67.443 0.2000000030
101378  39.668  -10.183  66.963 0.2000000030
101379  38.662  -10.328  67.401 0.1000000015
102425  38.914  -9.389  67.223 0.1000000015
102407  36.975  -9.562  68.107 0.1000000015
102406  37.622  -9.578  67.778 0.1000000015
102424  39.578  -9.218  66.870 0.2000000030
103447  38.109  -8.330  68.038 0.1000000015
103448  37.652  -8.661  68.056 0.2000000030
104558  37.297  -7.807  68.496 0.2000000030
104560  35.381  -7.744  68.367 0.2000000030
106684  37.243  -6.440  68.790 0.3000000119
106671  36.427  -5.395  68.888 0.3000000119
107734  38.099  -4.838  69.516 0.3000000119
107735  37.130  -4.669  69.269 0.3000000119
111010  40.615  -1.228  73.135 0.4000000060
109867  40.016  -1.873  72.374 0.4000000060
109893  39.192  -2.813  70.722 0.3000000119
108799  37.583  -3.256  69.904 0.4000000060
114227  45.271  2.052  68.806 0.5000000000
113202  44.345  1.081  69.045 0.5000000000
113203  43.449  0.726  69.072 0.4000000060
113149  42.571  0.751  72.099 0.3000000119
113169  42.800  0.512  71.123 0.4000000060
113170  41.762  0.618  71.238 0.3000000119
113151  40.470  0.827  72.160 0.3000000119
92296  33.038  -18.490  81.535 0.1000000015
92294  34.758  -18.823  81.630 0.1000000015
92347  33.355  -18.575  78.989 0.1000000015
92311  35.423  -18.787  80.746 0.1000000015
92328  34.366  -18.702  79.785 0.1000000015
92346  34.204  -18.506  78.888 0.1000000015
92368  32.526  -18.457  78.007 0.1000000015
93471  34.902  -18.127  78.522 0.1000000015
94603  36.397  -17.002  78.440 0.1000000015
94625  36.008  -16.647  77.914 0.1000000015
93490  33.402  -17.793  77.400 0.1000000015
93512  32.321  -17.388  76.705 0.1000000015
93513  31.432  -17.422  76.533 0.1000000015
95736  38.047  -15.520  78.724 0.1000000015
95756  36.743  -15.579  77.754 0.1000000015
95757  35.999  -15.889  77.522 0.1000000015
94645  33.157  -16.669  76.515 0.1000000015
96816  37.309  -14.725  77.672 0.1000000015
96815  38.012  -14.409  77.970 0.1000000015
96827  35.287  -14.684  76.564 0.1000000015
95771  34.585  -15.410  76.661 0.1000000015
95772  33.846  -15.749  76.476 0.1000000015
95787  31.241  -15.229  75.399 0.1000000015
97971  37.592  -13.848  76.711 0.1000000015
97970  38.517  -13.619  76.744 0.1000000015
97959  38.617  -13.832  77.704 0.1000000015
96826  36.197  -14.484  76.804 0.2000000030
96842  32.105  -14.567  75.324 0.1000000015
100253  47.830  -10.802  76.082 0.2000000030
97983  39.273  -13.229  75.972 0.1000000015
97986  36.611  -13.820  75.549 0.2000000030
97973  36.074  -14.083  76.240 0.2000000030
97987  35.609  -13.997  75.664 0.2000000030
97988  34.901  -14.110  75.451 0.2000000030
96856  33.786  -14.156  75.130 0.2000000030
96857  33.029  -14.133  74.902 0.2000000030
99145  47.118  -11.894  75.097 0.2000000030
98003  38.380  -13.283  74.765 0.1000000015
99167  38.657  -12.868  74.100 0.1000000015
98031  38.267  -13.215  73.738 0.2000000030
98033  35.846  -13.865  74.076 0.2000000030
98006  35.373  -13.964  74.868 0.2000000030
96876  35.302  -14.136  73.650 0.2000000030
99180  40.825  -12.472  73.814 0.1000000015
98028  41.285  -13.177  73.413 0.1000000015
98030  39.314  -13.131  73.401 0.1000000015
96900  36.894  -14.268  72.821 0.2000000030
96875  36.236  -14.018  73.354 0.2000000030
95815  34.265  -14.781  72.390 0.2000000030
98057  39.845  -13.842  73.103 0.1000000015
95831  34.589  -15.108  71.577 0.2000000030
98019  50.302  -13.804  73.491 0.2000000030
95853  34.866  -15.256  70.567 0.2000000030
95830  35.515  -15.310  71.465 0.2000000030
96939  34.040  -14.884  70.278 0.2000000030
96940  33.088  -14.721  70.855 0.2000000030
98086  49.096  -13.646  70.390 0.1000000015
101342  50.019  -10.470  69.738 0.3000000119
99219  49.161  -12.432  69.419 0.1000000015
98105  34.031  -13.875  69.069 0.2000000030
99221  47.134  -12.532  69.050 0.1000000015
100323  47.768  -11.539  69.180 0.1000000015
99245  34.460  -12.364  68.606 0.2000000030
100343  34.041  -11.403  68.519 0.2000000030
101361  34.602  -10.474  68.391 0.2000000030
100321  49.617  -11.461  69.438 0.3000000119
101345  47.342  -10.508  69.390 0.3000000119
98117  45.894  -12.746  68.723 0.1000000015
103451  34.758  -8.604  68.322 0.2000000030
106688  33.965  -5.972  68.841 0.2000000030
108814  36.828  -3.602  69.562 0.3000000119
109911  36.419  -2.978  69.785 0.3000000119
112129  39.927  -0.648  73.079 0.4000000060
111024  39.385  -1.454  72.574 0.4000000060
113131  39.091  0.176  72.636 0.4000000060
109877  38.566  -2.141  71.289 0.4000000060
111025  38.289  -1.190  72.547 0.4000000060
109878  37.470  -2.004  71.131 0.4000000060
116254  45.809  3.348  67.977 0.6999999881
115291  44.796  2.640  67.859 0.6000000238
114242  44.021  1.999  67.857 0.5000000000
113204  42.425  0.546  69.136 0.4000000060
113189  41.008  0.535  70.288 0.3000000119
93435  31.155  -17.995  80.983 0.1000000015
92316  31.220  -18.315  80.376 0.1000000015
93421  29.998  -17.246  81.458 0.1000000015
92292  36.518  -18.718  81.688 0.1000000015
92310  36.210  -18.659  80.827 0.1000000015
92351  30.078  -18.218  78.649 0.1000000015
92325  36.612  -18.339  80.167 0.1000000015
93434  37.699  -17.981  80.622 0.1000000015
93450  36.527  -18.063  79.603 0.1000000015
94584  37.674  -16.935  79.256 0.1000000015
94583  38.342  -16.697  79.735 0.1000000015
97948  39.651  -13.742  78.609 0.1000000015
97958  39.421  -13.525  77.688 0.1000000015
95788  30.346  -15.092  75.237 0.1000000015
102314  47.496  -9.257  76.764 0.2000000030
102315  46.487  -9.372  76.542 0.2000000030
101290  44.244  -10.353  75.616 0.2000000030
101282  44.350  -10.512  76.670 0.2000000030
99146  41.788  -12.278  76.240 0.2000000030
99139  40.700  -13.016  76.790 0.1000000015
97957  40.171  -13.258  77.704 0.1000000015
100264  44.730  -10.620  75.218 0.2000000030
101301  42.880  -11.209  75.630 0.2000000030
100255  42.744  -11.915  76.883 0.2000000030
100267  41.665  -12.034  75.582 0.2000000030
99147  41.191  -12.581  76.064 0.2000000030
100276  43.120  -11.047  74.689 0.1000000015
100278  41.240  -12.009  74.989 0.1000000015
99141  50.019  -12.621  75.550 0.2000000030
97980  50.489  -13.384  75.355 0.2000000030
99164  41.493  -12.006  74.380 0.1000000015
96906  31.474  -14.165  72.520 0.2000000030
95797  51.848  -15.190  75.096 0.2000000030
98070  50.388  -13.713  71.352 0.2000000030
98107  32.157  -13.303  69.732 0.2000000030
98097  50.093  -12.865  69.896 0.2000000030
102411  33.205  -9.467  68.536 0.2000000030
100344  33.122  -11.321  68.639 0.2000000030
104562  33.262  -7.561  68.862 0.3000000119
108802  34.217  -3.197  70.193 0.3000000119
108817  33.829  -3.887  69.913 0.3000000119
109880  35.368  -1.924  71.190 0.3000000119
113132  38.034  0.091  72.618 0.4000000060
111026  37.291  -1.147  72.567 0.3000000119
113133  37.056  -0.061  72.634 0.3000000119
111041  37.883  -1.576  71.921 0.4000000060
112132  36.734  -0.676  72.953 0.3000000119
116277  44.704  3.600  66.655 0.6999999881
114243  43.164  1.751  67.618 0.4000000060
114231  41.749  0.928  68.289 0.4000000060
113208  38.345  0.752  69.394 0.3000000119
113174  37.668  0.832  71.196 0.3000000119
93417  38.663  -17.713  81.574 0.1000000015
93433  38.367  -17.432  80.596 0.1000000015
94566  39.322  -16.512  80.601 0.2000000030
94567  38.760  -16.808  80.346 0.1000000015
95682  40.289  -15.867  81.152 0.1000000015
96782  39.651  -14.613  79.382 0.2000000030
94582  38.916  -16.299  79.900 0.1000000015
96783  39.062  -14.993  79.161 0.1000000015
97928  40.114  -13.919  79.288 0.2000000030
97947  40.497  -13.302  78.636 0.2000000030
101273  44.067  -11.273  77.802 0.2000000030
98090  30.778  -12.854  70.632 0.2000000030
96886  53.211  -14.420  73.348 0.2000000030
98108  31.450  -12.789  69.929 0.2000000030
99224  31.992  -12.191  69.413 0.2000000030
99247  32.699  -11.975  68.959 0.2000000030
103453  32.771  -8.470  68.853 0.2000000030
103433  32.153  -8.768  69.253 0.2000000030
101349  31.466  -10.406  69.707 0.2000000030
103434  31.764  -8.672  69.814 0.2000000030
104540  32.931  -7.072  69.232 0.2000000030
108803  33.381  -3.581  70.469 0.3000000119
109882  33.578  -2.235  71.628 0.3000000119
111045  34.083  -1.583  71.942 0.3000000119
112135  34.163  -0.863  72.408 0.3000000119
113176  35.839  0.620  71.272 0.3000000119
113175  36.700  0.733  71.094 0.3000000119
113134  36.168  -0.241  72.699 0.3000000119
113135  35.620  -0.431  72.732 0.3000000119
112134  35.084  -0.709  72.651 0.3000000119
116267  43.713  3.176  66.726 0.6000000238
115293  42.519  2.316  67.014 0.4000000060
113207  39.278  0.662  69.355 0.4000000060
113193  37.132  0.832  70.442 0.3000000119
114235  37.253  1.318  68.787 0.4000000060
114216  36.368  1.165  69.952 0.3000000119
96748  41.265  -14.917  81.372 0.1000000015
95681  40.844  -15.511  81.494 0.1000000015
97906  41.186  -13.679  80.312 0.1000000015
97926  41.278  -13.070  79.723 0.2000000030
99192  29.695  -12.538  72.039 0.1000000015
96838  50.980  -14.171  75.194 0.2000000030
99213  30.155  -11.694  70.863 0.1000000015
105626  32.328  -6.564  70.178 0.2000000030
104527  31.968  -7.464  70.523 0.2000000030
107725  32.580  -4.566  70.914 0.2000000030
111031  32.686  -1.299  73.101 0.3000000119
112149  33.785  -0.411  72.009 0.3000000119
116279  43.253  3.457  66.219 0.5000000000
116280  42.273  3.539  66.131 0.4000000060
115294  41.486  2.223  66.988 0.4000000060
116292  41.381  4.344  65.788 0.4000000060
114246  40.051  1.521  67.634 0.4000000060
114204  35.494  1.071  70.467 0.3000000119
113157  34.356  0.063  71.606 0.3000000119
113158  33.412  0.229  71.455 0.3000000119
115296  39.479  2.326  67.202 0.4000000060
114247  39.002  1.586  67.688 0.4000000060
114248  37.997  1.724  67.853 0.4000000060
114249  37.429  1.875  67.983 0.4000000060
115282  37.058  2.139  67.997 0.4000000060
114236  35.981  1.745  68.886 0.4000000060
114217  35.180  1.733  69.480 0.4000000060
100186  44.399  -10.755  80.953 0.1000000015
97904  42.207  -12.992  80.970 0.1000000015
100207  42.941  -11.842  79.977 0.1000000015
99068  42.122  -12.625  80.428 0.1000000015
99091  42.434  -12.177  79.895 0.1000000015
109856  32.308  -2.183  73.369 0.2000000030
108775  32.366  -3.294  72.394 0.2000000030
107703  31.918  -3.542  73.193 0.2000000030
112115  32.126  -0.857  73.311 0.2000000030
113136  32.030  0.232  72.026 0.3000000119
113137  31.526  0.465  72.356 0.2000000030
114193  31.847  0.977  71.355 0.3000000119
113159  32.426  0.512  71.501 0.3000000119
117224  40.491  4.522  65.994 0.3000000119
115308  39.055  3.082  66.920 0.4000000060
114218  34.177  2.011  69.693 0.3000000119
114219  33.671  2.173  69.762 0.3000000119
113178  33.953  0.700  70.827 0.3000000119
114207  32.161  1.485  70.777 0.2000000030
115299  36.866  2.807  67.753 0.4000000060
116269  37.285  3.614  67.389 0.4000000060
115284  35.553  2.466  68.509 0.4000000060
116255  35.840  2.887  68.151 0.4000000060
115268  34.489  2.535  69.059 0.4000000060
113080  31.697  0.509  77.126 0.2000000030
114144  31.970  1.639  76.645 0.2000000030
115198  32.852  2.072  76.902 0.2000000030
109843  31.388  -2.428  75.543 0.2000000030
110992  30.770  -0.814  75.732 0.2000000030
112089  31.269  -0.272  76.795 0.2000000030
112090  30.795  -0.170  76.151 0.2000000030
107696  31.797  -3.738  73.530 0.2000000030
110996  31.029  -1.324  75.032 0.2000000030
115205  32.244  2.258  76.230 0.2000000030
113083  31.200  0.601  76.401 0.2000000030
113086  31.031  1.016  75.794 0.2000000030
114147  31.244  1.632  75.411 0.2000000030
112099  30.767  -0.245  74.558 0.2000000030
114148  30.954  1.502  74.930 0.2000000030
111012  31.548  -1.412  74.252 0.2000000030
114158  30.817  1.575  74.389 0.2000000030
115217  30.718  1.992  73.896 0.2000000030
113111  30.961  0.594  73.370 0.2000000030
112098  31.177  -0.862  74.364 0.2000000030
112116  31.444  -0.436  73.595 0.2000000030
114183  30.820  1.417  72.680 0.2000000030
114195  30.760  1.820  72.135 0.2000000030
114208  31.489  1.951  70.978 0.2000000030
115248  30.772  2.332  71.882 0.2000000030
118109  41.589  5.560  64.940 0.3000000119
117237  40.661  5.022  65.692 0.3000000119
117226  38.621  4.688  66.607 0.4000000060
116284  38.274  3.701  67.005 0.4000000060
115270  33.170  2.889  69.565 0.2000000030
116230  32.092  3.287  70.271 0.2000000030
118097  39.363  5.899  66.035 0.4000000060
116285  37.708  4.151  67.100 0.4000000060
117199  34.975  4.240  68.123 0.4000000060
117145  31.852  4.422  73.852 0.3000000119
116196  31.297  3.510  73.629 0.2000000030
116210  30.938  3.656  72.866 0.2000000030
116221  30.722  2.711  72.221 0.2000000030
116242  32.727  3.588  69.700 0.3000000119
117185  33.257  4.342  69.259 0.3000000119
118054  31.913  4.916  70.661 0.3000000119
107869  56.238  -4.251  55.268 0.2000000030
106822  54.825  -4.627  54.430 0.3000000119
106809  53.521  -5.079  55.381 0.2000000030
122924  42.267  10.036  67.436 0.4000000060
110086  54.796  -2.217  55.455 0.4000000060
110070  53.986  -2.240  56.481 0.4000000060
110104  55.413  -2.570  54.590 0.4000000060
111250  55.958  -1.467  55.984 0.4000000060
108973  55.945  -3.171  54.463 0.4000000060
110103  56.077  -2.590  54.986 0.2000000030
111237  55.992  -0.968  56.494 0.3000000119
106821  55.138  -4.452  54.309 0.3000000119
107872  53.713  -4.471  54.403 0.2000000030
106810  52.468  -5.220  55.676 0.2000000030
106794  51.837  -5.707  56.191 0.1000000015
106795  51.021  -5.736  56.321 0.1000000015
106814  48.429  -5.312  55.236 0.1000000015
106798  47.986  -5.902  56.159 0.1000000015
119010  43.705  6.470  73.933 0.2000000030
119028  43.881  6.434  72.906 0.2000000030
110071  52.924  -2.482  56.374 0.4000000060
110087  53.798  -2.407  55.358 0.4000000060
110056  53.031  -2.319  57.487 0.4000000060
110106  53.641  -2.387  54.298 0.4000000060
107899  55.246  -3.358  53.640 0.3000000119
107871  54.366  -4.442  54.231 0.2000000030
106811  51.372  -5.066  55.696 0.2000000030
106813  49.446  -5.268  55.687 0.1000000015
107875  50.678  -4.620  54.931 0.1000000015
107877  49.170  -4.987  55.158 0.1000000015
106815  47.252  -5.901  55.466 0.1000000015
106824  47.467  -5.556  54.346 0.1000000015
106832  46.677  -5.834  53.600 0.2000000030
105810  45.910  -6.252  52.920 0.2000000030
104755  44.841  -6.718  51.370 0.2000000030
105821  44.766  -6.350  50.848 0.2000000030
110031  51.368  -2.744  59.305 0.4000000060
110057  52.060  -2.692  57.388 0.4000000060
110072  51.927  -2.781  56.321 0.4000000060
110088  52.799  -2.475  55.280 0.4000000060
110123  53.476  -2.427  53.379 0.4000000060
107912  53.713  -3.165  52.511 0.3000000119
107901  54.111  -3.471  52.931 0.3000000119
107902  53.327  -3.615  52.686 0.3000000119
107887  54.752  -4.136  53.766 0.3000000119
107889  53.029  -4.103  53.488 0.3000000119
107890  51.975  -4.107  53.633 0.3000000119
107873  52.773  -4.470  54.614 0.2000000030
107874  51.715  -4.501  54.793 0.2000000030
107891  50.913  -4.329  53.866 0.2000000030
107892  49.954  -4.611  54.134 0.1000000015
107906  49.160  -4.711  53.444 0.1000000015
106823  48.324  -5.087  53.922 0.1000000015
108986  42.127  -3.907  53.297 0.1000000015
106838  46.752  -5.763  52.499 0.2000000030
107907  42.227  -4.559  53.869 0.1000000015
105820  45.407  -6.566  51.261 0.2000000030
108996  42.560  -3.633  52.673 0.1000000015
106847  44.300  -5.545  51.121 0.2000000030
106848  43.684  -5.519  51.749 0.2000000030
110044  51.275  -2.891  58.355 0.4000000060
110124  52.602  -2.392  53.229 0.4000000060
110137  53.325  -2.603  52.669 0.4000000060
108993  53.208  -3.002  52.123 0.4000000060
108984  53.282  -3.337  52.291 0.3000000119
109000  52.451  -2.836  51.740 0.4000000060
108994  52.486  -3.219  51.701 0.3000000119
107903  52.228  -3.676  52.368 0.3000000119
107905  50.082  -4.451  53.036 0.2000000030
106830  48.337  -4.930  52.784 0.2000000030
108987  41.691  -3.622  53.873 0.1000000015
106837  47.560  -5.247  52.116 0.2000000030
105819  46.132  -6.315  51.833 0.2000000030
107918  42.932  -4.432  52.405 0.2000000030
107928  43.396  -4.578  51.939 0.2000000030
110125  51.650  -2.450  53.176 0.5000000000
110138  52.461  -2.523  52.299 0.5000000000
110151  51.992  -2.606  51.735 0.4000000060
109001  51.876  -2.919  51.317 0.4000000060
107914  51.686  -3.332  51.401 0.3000000119
107916  50.120  -4.326  51.903 0.2000000030
109004  43.694  -3.617  51.678 0.2000000030
108995  43.123  -3.828  52.166 0.2000000030
107938  44.528  -4.688  50.783 0.2000000030
109003  44.288  -3.903  51.127 0.2000000030
110145  43.111  -2.904  52.188 0.2000000030
111287  43.475  -2.254  52.083 0.2000000030
107933  50.221  -3.218  50.345 0.3000000119
107943  48.053  -4.627  49.226 0.3000000119
107936  48.125  -4.813  49.796 0.3000000119
106855  47.131  -5.611  50.373 0.2000000030
105835  46.439  -5.935  50.041 0.2000000030
109019  49.445  -3.040  49.499 0.3000000119
107942  48.716  -3.811  48.831 0.3000000119
106861  47.606  -5.165  49.655 0.3000000119
105829  45.705  -6.050  50.203 0.2000000030
106867  47.400  -5.013  48.995 0.2000000030
106869  46.411  -4.853  48.694 0.2000000030
106863  46.038  -5.399  49.196 0.2000000030
107937  45.097  -4.684  50.201 0.2000000030
107951  46.090  -4.451  48.822 0.2000000030
110159  43.681  -2.643  51.741 0.2000000030
109013  44.786  -3.716  50.467 0.2000000030
110158  44.244  -2.822  51.088 0.2000000030
107941  49.225  -3.393  49.255 0.3000000119
107948  48.242  -3.561  47.660 0.4000000060
107957  47.232  -3.886  47.605 0.2000000030
107949  47.635  -4.306  48.249 0.3000000119
107944  45.565  -4.635  49.512 0.2000000030
111272  43.114  -1.707  53.978 0.1000000015
112337  43.811  -1.205  53.603 0.2000000030
109012  45.302  -3.999  49.888 0.2000000030
112323  44.294  -0.360  54.939 0.2000000030
110187  48.533  -2.392  48.441 0.4000000060
111278  43.255  -1.855  52.778 0.1000000015
112336  44.219  -0.663  52.892 0.1000000015
116358  40.839  4.407  58.444 0.3000000119
109029  48.675  -3.063  47.947 0.4000000060
109039  48.427  -2.936  46.931 0.4000000060
107950  46.709  -4.333  48.182 0.2000000030
111277  43.929  -1.186  52.293 0.2000000030
107956  47.748  -3.596  47.342 0.3000000119
111293  44.479  -1.655  50.630 0.2000000030
111286  43.930  -1.678  51.662 0.2000000030
109031  46.349  -3.545  48.435 0.2000000030
109021  45.719  -3.597  49.272 0.3000000119
113328  44.516  0.508  54.595 0.3000000119
113321  44.278  0.442  55.608 0.2000000030
114348  44.185  1.675  55.875 0.3000000119
111304  48.353  -1.764  47.900 0.4000000060
111311  48.420  -1.222  47.204 0.4000000060
117308  41.103  4.662  57.318 0.4000000060
116357  41.542  4.041  58.184 0.3000000119
110199  47.906  -2.614  46.373 0.3000000119
112330  44.349  -0.434  53.983 0.2000000030
116367  41.799  4.278  57.066 0.3000000119
109041  47.311  -3.272  47.054 0.3000000119
110189  46.874  -2.750  47.148 0.4000000060
110180  45.398  -2.537  49.531 0.2000000030
110169  44.807  -2.599  50.218 0.2000000030
114347  44.422  1.531  55.257 0.3000000119
116376  43.295  3.189  56.335 0.3000000119
117309  40.309  5.053  57.363 0.3000000119
111319  48.233  -1.207  46.456 0.4000000060
117298  40.822  4.610  57.935 0.3000000119
118190  39.926  5.400  56.893 0.4000000060
110200  47.414  -2.342  46.538 0.4000000060
110208  47.636  -1.552  46.194 0.4000000060
110190  46.560  -2.622  47.913 0.3000000119
116377  42.551  4.039  56.430 0.3000000119
116378  41.916  4.480  56.568 0.3000000119
116387  44.150  2.946  55.140 0.3000000119
116388  43.505  3.799  55.529 0.3000000119
113371  48.403  0.527  46.910 0.4000000060
112384  48.068  -0.316  46.262 0.4000000060
113381  47.433  0.451  46.292 0.4000000060
112369  46.357  -0.569  47.741 0.4000000060
112362  44.809  -0.706  50.155 0.3000000119
117319  40.782  5.004  56.891 0.4000000060
111313  47.140  -1.242  46.392 0.4000000060
112378  46.710  -0.483  46.799 0.4000000060
111307  46.260  -1.589  48.275 0.4000000060
111300  45.580  -1.588  49.081 0.3000000119
111301  45.005  -1.612  49.831 0.3000000119
117318  41.312  4.873  56.457 0.4000000060
118221  40.559  5.676  55.626 0.4000000060
119226  40.102  6.039  55.567 0.4000000060
119215  39.785  6.413  56.134 0.4000000060
111306  46.677  -1.687  47.174 0.4000000060
110179  46.043  -2.580  48.797 0.3000000119
117327  41.713  4.890  56.022 0.4000000060
118205  40.873  5.275  56.001 0.4000000060
113334  44.589  0.602  53.490 0.3000000119
116389  42.859  4.332  55.855 0.3000000119
117317  41.957  4.633  56.266 0.4000000060
118220  41.385  5.305  55.612 0.4000000060
114354  44.604  1.338  54.302 0.3000000119
115390  44.313  2.332  55.205 0.3000000119
115457  48.186  2.030  46.509 0.4000000060
114412  47.640  1.123  46.352 0.4000000060
115452  47.875  2.686  46.711 0.4000000060
113366  46.497  0.450  47.294 0.4000000060
112351  44.418  -0.630  50.971 0.2000000030
112344  44.271  -0.571  51.903 0.2000000030
119214  40.259  6.774  55.728 0.4000000060
120165  40.235  7.197  56.239 0.4000000060
120149  40.807  7.796  56.898 0.4000000060
120173  40.585  7.085  55.572 0.4000000060
118219  42.086  5.384  55.215 0.4000000060
118236  40.965  5.816  55.096 0.4000000060
119225  40.686  6.460  55.160 0.5000000000
114361  44.712  1.694  53.677 0.3000000119
115398  44.536  2.339  54.509 0.3000000119
116399  44.320  3.765  54.536 0.3000000119
116400  43.815  4.117  55.038 0.3000000119
122981  38.846  10.564  60.752 0.4000000060
122039  39.031  9.814  60.344 0.4000000060
122980  39.502  10.363  60.255 0.6000000238
115451  48.683  2.722  47.044 0.4000000060
122053  39.597  9.514  59.856 0.6000000238
122063  40.834  9.037  58.681 0.6000000238
115453  47.360  1.825  46.561 0.4000000060
114398  46.342  1.432  47.850 0.4000000060
121134  40.931  8.612  58.213 0.6000000238
121152  40.556  8.112  57.702 0.4000000060
113352  44.874  0.345  50.293 0.3000000119
121151  41.375  8.552  57.513 0.4000000060
113345  44.579  0.296  51.363 0.3000000119
113339  44.552  0.375  52.347 0.3000000119
120172  41.190  7.338  55.085 0.4000000060
118235  41.577  5.819  54.823 0.5000000000
119236  41.174  6.169  54.741 0.5000000000
114368  44.821  1.475  52.762 0.3000000119
117334  43.476  4.715  54.893 0.5000000000
118234  42.516  5.673  54.439 0.5000000000
115414  45.099  2.102  52.615 0.3000000119
115406  45.009  2.718  53.371 0.3000000119
124869  38.453  12.668  60.278 0.3000000119
123916  38.742  11.644  60.664 0.2000000030
124868  39.086  12.083  60.206 0.4000000060
123928  40.052  11.592  59.519 0.5000000000
122991  40.225  10.571  59.716 0.6000000238
122990  40.952  10.275  59.124 0.6000000238
115446  46.988  2.247  47.185 0.4000000060
115437  46.707  2.568  48.552 0.4000000060
122998  41.728  10.208  58.216 0.6000000238
122051  41.023  9.601  58.848 0.6000000238
114391  45.611  1.381  49.290 0.4000000060
114382  45.335  1.436  50.301 0.4000000060
121150  41.925  8.792  56.974 0.6000000238
114383  44.861  1.018  50.998 0.3000000119
114376  44.788  1.123  51.807 0.3000000119
121169  41.658  8.073  55.661 0.6000000238
114367  45.072  1.772  52.141 0.3000000119
115413  45.477  2.548  52.192 0.4000000060
119235  41.623  6.564  53.906 0.5000000000
119224  41.186  6.931  54.524 0.5000000000
119234  42.372  6.150  53.640 0.5000000000
115405  45.399  3.154  52.813 0.3000000119
116408  45.368  3.875  53.197 0.4000000060
116409  44.929  3.725  53.780 0.3000000119
117333  44.062  4.806  54.246 0.5000000000
118233  43.468  5.465  54.060 0.5000000000
118248  42.904  5.965  53.610 0.6000000238
124878  39.423  12.474  59.447 0.3000000119
116457  48.572  3.537  47.090 0.5000000000
124877  40.143  12.005  59.117 0.5000000000
123915  39.509  11.373  60.194 0.4000000060
116458  48.015  3.529  47.150 0.5000000000
123927  40.764  11.380  58.906 0.5000000000
123926  41.301  10.622  58.648 0.6000000238
115429  46.002  2.089  49.640 0.4000000060
114375  45.237  1.712  51.379 0.4000000060
115421  46.496  3.036  50.553 0.4000000060
115422  45.972  2.501  50.866 0.4000000060
121162  42.108  8.688  56.261 0.6999999881
116430  46.047  3.206  51.752 0.4000000060
120180  41.447  7.472  54.089 0.6000000238
116419  45.772  3.550  52.451 0.5000000000
116418  46.236  4.076  51.934 0.5000000000
117347  45.743  4.619  52.502 0.5000000000
117340  45.202  4.844  53.080 0.5000000000
118246  44.593  5.568  53.084 0.5000000000
118232  44.134  5.345  53.721 0.5000000000
118247  43.597  5.979  53.197 0.5000000000
119245  42.662  6.532  52.794 0.6999999881
118259  43.982  6.271  52.592 0.5000000000
118258  44.865  5.970  52.326 0.5000000000
117385  49.018  4.213  47.531 0.5000000000
117379  48.863  4.632  48.336 0.6000000238
116445  47.581  3.663  48.746 0.5000000000
116446  47.073  3.251  49.459 0.4000000060
116437  47.472  3.986  49.823 0.5000000000
121175  41.763  8.121  54.656 0.6999999881
117365  47.092  4.267  50.668 0.5000000000
120186  41.678  7.632  53.060 0.6999999881
117346  46.186  4.874  51.942 0.6000000238
119258  41.950  7.500  51.864 0.6999999881
118245  45.275  5.372  52.610 0.6000000238
119244  43.409  6.442  52.573 0.6000000238
118257  45.784  5.568  51.994 0.6000000238
118293  49.210  4.944  48.684 0.5000000000
118285  49.853  5.591  49.608 0.6000000238
117372  48.546  4.855  48.915 0.5000000000
118286  48.915  5.442  49.307 0.6000000238
117373  48.010  4.671  49.317 0.6000000238
119286  48.898  5.822  49.640 0.6999999881
117364  47.588  4.870  50.247 0.6000000238
118267  47.411  5.534  50.674 0.6000000238
117356  46.650  4.697  51.427 0.6000000238
118268  46.637  5.643  51.371 0.6000000238
119266  46.268  6.242  51.651 0.6000000238
118269  45.937  6.085  51.695 0.6999999881
119254  45.376  6.395  52.124 0.6999999881
107904  51.078  -4.116  52.695 0.3000000119
107926  49.139  -4.685  51.157 0.2000000030
110139  51.505  -2.488  52.298 0.5000000000
107923  51.436  -3.129  51.045 0.4000000060
109010  50.384  -2.865  50.664 0.3000000119
107924  50.775  -3.380  50.786 0.3000000119
110108  51.724  -2.483  54.179 0.4000000060
109020  49.035  -3.060  48.816 0.4000000060
119278  48.090  5.969  50.296 0.6000000238
111238  55.345  -1.261  57.141 0.4000000060
110069  55.132  -1.747  56.539 0.4000000060
107886  55.565  -3.966  54.236 0.3000000119
106807  55.268  -5.003  54.922 0.2000000030
110085  55.758  -1.919  55.568 0.4000000060
110105  54.541  -2.439  54.434 0.4000000060
110121  55.002  -2.704  53.842 0.4000000060
107900  54.881  -3.471  53.424 0.3000000119
107888  53.921  -4.052  53.541 0.3000000119
110107  52.695  -2.410  54.216 0.4000000060
110122  54.335  -2.581  53.492 0.4000000060
107876  49.773  -4.815  55.067 0.1000000015
106831  47.501  -5.364  53.208 0.2000000030
106856  45.383  -5.417  49.953 0.2000000030
108991  54.386  -2.834  52.976 0.4000000060
106846  46.914  -5.733  51.432 0.2000000030
106836  48.390  -4.920  51.730 0.2000000030
107917  49.212  -4.657  52.320 0.2000000030
107915  50.997  -3.769  51.636 0.3000000119
107934  49.698  -3.592  49.912 0.3000000119
107935  48.902  -4.569  49.993 0.3000000119
106853  48.645  -4.827  50.592 0.3000000119
106844  48.415  -4.981  50.972 0.3000000119
106862  46.818  -5.529  49.452 0.2000000030
110198  48.499  -2.290  47.467 0.4000000060
110206  48.384  -2.081  46.724 0.4000000060
118222  39.987  5.778  55.965 0.4000000060
117325  42.994  4.581  55.509 0.3000000119
113373  46.921  0.458  46.534 0.4000000060
112370  45.733  -0.597  48.637 0.3000000119
113367  46.021  0.383  48.231 0.4000000060
113361  45.028  -0.145  49.777 0.3000000119
117335  42.685  5.071  55.211 0.4000000060
120164  41.034  7.531  56.026 0.4000000060
121163  41.509  8.205  56.576 0.5000000000
122052  40.447  9.401  59.259 0.6000000238
113360  45.363  0.360  49.231 0.4000000060
114390  46.099  1.671  48.659 0.4000000060
122062  41.402  9.320  58.313 0.6000000238
113351  45.236  0.898  49.764 0.3000000119
117341  44.706  4.582  53.717 0.4000000060
124859  38.180  11.989  61.080 0.2000000030
115445  47.448  3.061  47.467 0.5000000000
115438  46.089  1.909  49.026 0.4000000060
121168  42.211  8.774  55.337 0.6000000238
116453  47.873  3.683  47.818 0.5000000000
116429  46.542  3.568  51.114 0.5000000000
118287  48.439  5.165  49.359 0.6000000238
118278  48.146  5.554  49.976 0.6000000238
107925  50.067  -4.193  50.784 0.3000000119
118062  33.613  5.183  69.256 0.2000000030
118053  32.490  5.161  70.211 0.2000000030
119033  38.897  7.748  72.418 0.2000000030
119048  38.676  7.444  72.024 0.2000000030
119994  37.523  8.055  72.271 0.2000000030
119059  38.216  7.428  71.523 0.2000000030
120013  36.564  7.532  71.372 0.2000000030
120014  35.417  7.458  71.148 0.2000000030
120029  37.783  7.361  70.785 0.2000000030
120030  36.364  7.349  70.390 0.2000000030
120031  35.132  7.045  70.190 0.2000000030
119050  34.011  6.687  70.590 0.2000000030
118045  32.120  5.579  71.051 0.2000000030
120039  37.253  7.465  69.549 0.2000000030
120041  35.361  6.848  69.523 0.2000000030
119060  34.943  6.681  69.596 0.2000000030
119068  35.302  6.574  68.993 0.3000000119
118076  34.597  5.076  68.449 0.2000000030
119993  38.354  7.990  72.464 0.2000000030
119047  39.601  7.270  71.886 0.2000000030
119995  36.646  8.035  72.060 0.2000000030
119997  34.569  7.729  71.850 0.2000000030
120038  38.391  7.533  69.787 0.2000000030
121009  36.820  8.580  72.622 0.2000000030
119996  35.627  7.931  71.903 0.2000000030
118046  31.606  4.991  71.146 0.2000000030
120040  36.050  7.088  69.259 0.2000000030
119067  35.911  6.687  68.629 0.2000000030
119998  33.362  7.333  72.259 0.2000000030
118038  32.148  5.967  71.720 0.2000000030
119080  35.629  6.147  68.309 0.3000000119
119011  42.535  7.134  73.963 0.1000000015
119969  41.895  7.592  74.032 0.1000000015
119970  41.194  7.868  73.648 0.1000000015
119971  40.353  8.061  73.355 0.2000000030
119012  41.785  7.466  73.619 0.1000000015
119990  40.633  7.662  73.036 0.1000000015
119991  39.937  7.850  72.842 0.2000000030
120982  39.306  8.614  73.441 0.2000000030
121008  37.715  8.541  72.769 0.2000000030
119030  41.444  7.321  72.893 0.1000000015
119031  40.281  7.496  72.443 0.2000000030
120985  37.124  9.098  73.160 0.2000000030
121011  34.788  8.261  72.483 0.2000000030
119058  38.854  7.218  71.342 0.2000000030
120037  39.411  7.625  69.828 0.2000000030
121010  35.794  8.520  72.564 0.2000000030
121012  34.135  7.909  72.381 0.2000000030
119035  32.483  6.543  72.067 0.2000000030
120047  36.995  7.219  68.344 0.2000000030
118039  31.608  5.367  71.899 0.2000000030
119079  36.348  6.564  68.080 0.3000000119
117213  35.747  4.368  67.765 0.3000000119
114118  40.282  1.711  79.278 0.1000000015
113063  38.566  0.491  79.672 0.1000000015
118999  44.724  6.200  74.921 0.1000000015
119956  42.305  7.688  74.653 0.1000000015
120963  41.692  8.253  74.721 0.1000000015
120964  41.020  8.429  74.358 0.1000000015
107686  31.720  -4.011  74.206 0.1000000015
107695  32.012  -4.624  73.454 0.1000000015
120983  38.681  8.869  73.478 0.2000000030
106646  32.271  -5.270  72.576 0.1000000015
119056  40.717  7.102  71.203 0.2000000030
120984  37.970  8.967  73.314 0.2000000030
119055  41.260  7.149  71.109 0.2000000030
120027  40.052  7.253  70.581 0.2000000030
121917  36.568  9.557  73.710 0.2000000030
119999  32.531  6.848  72.563 0.2000000030
120045  38.799  7.867  69.254 0.3000000119
120046  38.066  7.756  68.717 0.3000000119
119014  31.771  5.749  72.453 0.2000000030
121048  38.337  7.996  68.090 0.3000000119
119078  36.977  6.743  67.755 0.2000000030
118089  36.062  5.028  67.628 0.3000000119
117212  36.537  4.420  67.505 0.3000000119
115177  42.564  2.552  79.428 0.1000000015
114115  43.239  1.944  79.619 0.1000000015
114114  44.242  1.927  79.680 0.1000000015
116157  41.736  3.199  79.346 0.1000000015
115178  41.529  2.501  78.860 0.1000000015
115184  40.484  2.528  78.515 0.1000000015
114127  39.697  2.161  78.704 0.1000000015
113062  39.494  0.901  79.762 0.1000000015
114119  39.124  1.524  79.245 0.1000000015
114120  38.101  1.289  79.141 0.1000000015
113064  37.566  0.397  79.488 0.1000000015
114121  37.142  1.074  79.127 0.1000000015
114122  36.597  0.896  79.156 0.1000000015
110979  34.207  -1.373  78.653 0.1000000015
118998  45.881  5.957  74.790 0.1000000015
108750  32.592  -3.245  77.236 0.1000000015
119001  42.851  7.236  74.656 0.1000000015
108755  31.682  -3.458  75.822 0.1000000015
119009  44.899  6.074  73.826 0.1000000015
108757  31.540  -3.278  74.896 0.1000000015
119029  42.714  6.816  72.924 0.1000000015
120954  40.415  8.929  74.812 0.1000000015
120965  40.236  8.706  74.224 0.2000000030
119044  43.018  6.922  72.128 0.1000000015
121915  38.287  9.223  73.874 0.2000000030
120008  44.165  7.224  71.616 0.1000000015
120010  42.481  7.198  71.430 0.2000000030
120026  40.882  7.319  70.674 0.2000000030
120987  34.841  8.949  73.445 0.2000000030
119973  33.104  7.689  73.482 0.2000000030
119974  32.507  7.024  73.140 0.2000000030
120024  42.670  7.532  70.870 0.2000000030
120035  41.137  7.699  70.297 0.2000000030
121041  39.251  8.014  69.274 0.2000000030
118029  31.537  5.344  72.837 0.2000000030
121032  42.030  7.963  70.310 0.2000000030
121045  40.981  8.764  68.818 0.2000000030
120055  38.051  7.405  67.466 0.3000000119
121056  38.613  8.064  67.748 0.3000000119
119092  37.516  6.608  67.283 0.2000000030
118088  36.681  5.309  67.434 0.3000000119
119100  38.177  6.645  66.765 0.4000000060
117211  37.334  4.745  67.153 0.3000000119
117227  37.959  4.542  66.889 0.3000000119
113051  45.432  0.448  80.375 0.1000000015
112062  45.933  -0.541  80.395 0.1000000015
114104  44.817  1.312  80.127 0.1000000015
112061  46.950  -0.531  80.365 0.1000000015
115176  43.653  2.542  79.638 0.1000000015
115168  46.275  2.348  79.991 0.1000000015
114102  47.079  1.373  80.062 0.1000000015
116144  42.433  3.668  80.686 0.1000000015
116156  43.037  3.092  79.844 0.1000000015
116155  44.092  3.046  79.883 0.1000000015
115174  45.453  2.247  79.875 0.1000000015
115167  47.608  2.345  80.164 0.1000000015
116165  40.925  3.141  78.647 0.1000000015
115170  44.849  2.880  79.962 0.1000000015
116141  45.893  3.157  80.557 0.1000000015
116140  46.999  3.179  80.484 0.1000000015
116166  39.944  3.335  78.526 0.1000000015
115185  39.314  2.759  78.170 0.1000000015
114128  38.672  2.094  78.569 0.1000000015
112075  36.371  -0.540  79.386 0.1000000015
115186  38.102  2.753  77.820 0.1000000015
114129  37.569  1.868  78.544 0.1000000015
114130  36.369  1.431  78.749 0.1000000015
112078  35.641  -0.583  79.185 0.1000000015
110978  35.138  -1.475  78.896 0.1000000015
115187  36.940  2.389  77.962 0.1000000015
113071  35.511  0.451  79.020 0.1000000015
112079  34.795  -0.500  78.929 0.1000000015
112080  33.941  -0.464  78.625 0.1000000015
109828  33.572  -2.048  78.296 0.1000000015
109836  32.652  -2.409  77.667 0.1000000015
113073  33.652  0.404  78.380 0.1000000015
112085  32.493  -0.475  77.994 0.1000000015
113079  32.456  0.500  77.718 0.1000000015
109837  31.953  -1.903  77.288 0.1000000015
109841  31.733  -2.521  76.719 0.1000000015
118989  45.660  6.329  75.696 0.1000000015
119000  43.574  6.890  74.982 0.1000000015
118990  44.666  6.818  75.879 0.1000000015
118991  43.935  7.109  75.621 0.1000000015
119946  42.743  7.836  75.213 0.1000000015
123788  49.000  11.098  72.493 0.1000000015
122858  48.391  10.397  72.694 0.1000000015
120952  42.166  8.414  75.284 0.1000000015
120955  39.849  9.036  74.531 0.2000000030
120967  39.041  8.975  73.841 0.2000000030
121916  37.485  9.428  73.785 0.2000000030
118025  31.694  5.090  73.509 0.2000000030
121031  42.917  8.136  70.342 0.2000000030
120969  33.649  8.425  74.007 0.2000000030
118028  31.837  5.721  73.418 0.2000000030
121037  43.060  8.716  69.789 0.2000000030
121970  41.847  8.751  69.364 0.2000000030
121046  40.246  8.695  68.480 0.3000000119
121978  40.919  8.948  68.506 0.3000000119
121055  39.251  8.364  67.508 0.3000000119
121976  42.597  9.540  68.531 0.3000000119
121987  40.877  9.221  68.010 0.3000000119
121060  39.603  8.350  66.807 0.3000000119
121986  41.801  9.698  67.799 0.3000000119
121059  40.196  8.625  66.389 0.3000000119
119099  38.936  6.517  66.272 0.4000000060
121991  40.876  9.413  67.032 0.3000000119
120064  39.511  7.291  66.155 0.3000000119
118098  38.731  5.681  66.345 0.3000000119
121058  41.026  9.169  66.015 0.3000000119
121064  40.645  8.278  65.666 0.3000000119
119108  40.387  6.551  65.526 0.2000000030
119107  41.022  6.325  65.071 0.2000000030
109806  46.695  -1.733  80.841 0.1000000015
110952  47.215  -1.183  80.587 0.1000000015
116143  43.673  3.433  80.574 0.1000000015
116142  44.781  3.215  80.408 0.1000000015
116116  47.518  3.815  81.113 0.1000000015
117079  48.833  4.291  81.614 0.1000000015
116158  40.583  3.552  79.285 0.1000000015
116147  39.591  4.115  80.022 0.1000000015
116160  38.767  4.119  79.002 0.1000000015
116167  38.533  3.679  78.289 0.1000000015
116168  37.806  4.009  78.060 0.1000000015
115194  37.280  3.053  77.390 0.1000000015
115195  36.327  2.799  77.345 0.1000000015
115188  35.876  2.158  77.976 0.1000000015
114131  35.231  1.386  78.405 0.1000000015
113072  34.554  0.428  78.658 0.1000000015
116175  35.932  3.141  76.989 0.1000000015
114137  34.816  1.811  77.939 0.1000000015
114138  34.143  1.804  77.762 0.1000000015
114133  33.666  1.153  78.068 0.1000000015
114139  33.166  1.466  77.596 0.1000000015
119945  43.410  7.597  75.582 0.1000000015
120943  42.572  8.637  75.780 0.1000000015
120953  41.244  8.706  75.097 0.1000000015
121901  38.886  9.254  74.330 0.2000000030
116191  32.004  3.540  74.414 0.2000000030
121918  35.698  9.491  73.782 0.2000000030
121905  35.126  9.489  74.479 0.2000000030
118024  32.141  5.416  74.055 0.2000000030
119002  32.173  6.331  73.693 0.2000000030
121063  41.376  8.475  65.144 0.2000000030
121068  41.919  8.133  64.539 0.2000000030
120125  36.467  7.668  59.436 0.2000000030
120126  35.374  6.926  59.296 0.3000000119
120136  36.083  6.983  58.544 0.2000000030
120134  38.280  7.696  58.457 0.3000000119
120135  37.117  7.251  58.358 0.2000000030
119184  37.408  6.506  57.795 0.2000000030
120152  38.534  7.188  57.423 0.3000000119
120153  37.822  7.085  57.777 0.3000000119
119200  38.141  6.488  57.409 0.3000000119
118193  37.847  5.957  57.643 0.3000000119
118192  38.553  5.789  57.308 0.3000000119
118207  39.641  5.721  56.513 0.3000000119
118191  39.397  5.399  57.310 0.3000000119
116145  41.144  3.705  80.302 0.1000000015
116146  40.121  3.901  80.133 0.1000000015
116159  39.442  3.928  79.322 0.1000000015
117123  38.345  4.327  78.929 0.1000000015
117129  37.395  4.275  77.947 0.1000000015
116174  36.553  3.640  77.020 0.1000000015
116179  35.572  3.611  76.642 0.1000000015
115196  35.127  2.591  77.280 0.1000000015
115197  33.829  2.384  77.148 0.1000000015
119943  46.428  7.092  76.146 0.1000000015
118981  46.179  6.667  76.224 0.1000000015
118982  45.610  6.818  76.408 0.1000000015
118983  45.090  7.062  76.477 0.1000000015
119944  44.068  7.322  75.992 0.1000000015
121888  41.662  9.061  75.642 0.1000000015
117144  32.460  4.558  74.436 0.2000000030
121902  37.934  9.678  74.444 0.2000000030
121904  36.034  9.829  74.380 0.2000000030
119958  33.063  7.664  74.490 0.2000000030
121128  36.655  8.154  60.108 0.3000000119
121113  36.278  8.367  60.562 0.3000000119
121127  37.262  8.250  59.913 0.3000000119
120123  38.179  8.019  59.187 0.2000000030
120124  37.586  7.862  59.202 0.3000000119
120133  39.331  7.728  57.871 0.3000000119
121136  39.195  8.243  58.809 0.4000000060
120150  39.968  7.544  57.151 0.3000000119
120151  39.235  7.160  56.992 0.3000000119
119199  38.933  6.458  56.821 0.3000000119
119198  39.368  6.753  56.593 0.3000000119
118208  39.070  5.833  56.784 0.3000000119
119246  41.870  7.161  52.451 0.6000000238
117106  41.616  4.303  81.156 0.1000000015
117117  39.260  4.365  80.008 0.1000000015
117984  38.801  5.635  80.335 0.1000000015
117994  38.127  5.548  79.818 0.1000000015
117119  38.020  4.844  79.271 0.1000000015
117995  37.462  5.505  79.216 0.1000000015
117130  36.764  4.517  77.539 0.1000000015
117134  36.278  4.290  77.048 0.1000000015
117131  36.106  4.739  77.302 0.1000000015
117135  35.715  4.511  76.857 0.1000000015
116180  34.726  3.571  76.215 0.1000000015
115202  34.977  3.180  76.652 0.1000000015
118015  35.189  5.086  76.808 0.1000000015
116184  34.616  4.052  75.874 0.1000000015
115203  34.399  2.970  76.599 0.1000000015
118016  34.475  5.404  76.542 0.1000000015
117139  34.315  4.549  75.943 0.1000000015
115204  33.466  2.875  76.263 0.1000000015
117140  33.700  4.535  75.514 0.2000000030
116186  33.230  3.752  75.272 0.1000000015
119937  45.418  7.356  76.884 0.1000000015
120941  43.834  8.103  76.595 0.1000000015
117141  33.090  4.612  74.988 0.2000000030
115209  32.773  3.037  75.632 0.1000000015
120942  43.220  8.405  76.128 0.1000000015
121877  42.387  9.253  76.244 0.1000000015
118992  32.889  6.310  75.235 0.2000000030
121890  39.555  9.415  75.001 0.2000000030
120957  33.494  8.276  75.069 0.2000000030
118993  32.473  6.270  74.480 0.2000000030
120968  34.245  8.947  74.694 0.2000000030
122877  47.349  10.742  72.234 0.1000000015
125911  42.392  13.547  55.405 0.5000000000
124917  42.411  12.645  55.395 0.5000000000
124918  41.971  12.791  55.974 0.5000000000
124908  41.551  12.716  56.539 0.5000000000
121112  36.997  8.624  60.481 0.3000000119
123962  41.978  12.137  56.431 0.5000000000
123949  41.748  11.759  57.097 0.5000000000
121111  37.655  8.755  60.402 0.3000000119
122041  37.416  9.207  60.873 0.3000000119
124008  43.647  11.625  52.691 0.5000000000
123989  43.179  11.791  53.630 0.5000000000
123961  42.460  11.603  55.951 0.5000000000
121137  38.592  8.206  59.177 0.4000000060
122054  38.837  9.198  60.051 0.4000000060
123040  42.872  10.860  53.817 0.5000000000
123974  42.867  11.674  54.713 0.5000000000
121135  40.162  8.419  58.503 0.5000000000
121124  39.734  8.791  59.263 0.5000000000
122115  43.936  10.330  53.004 0.5000000000
123060  43.324  11.021  52.664 0.6000000238
123050  42.963  11.027  52.902 0.5000000000
122116  43.502  10.096  52.857 0.6000000238
120194  41.800  7.855  52.062 0.6000000238
121189  41.887  8.466  52.597 0.6000000238
120191  44.074  7.071  52.082 0.6000000238
119268  42.985  7.557  51.410 0.6000000238
120183  44.665  6.916  52.354 0.6000000238
119255  44.375  6.615  52.218 0.6000000238
119256  43.408  6.886  51.912 0.6000000238
120190  44.577  6.721  52.265 0.6000000238
117982  40.060  5.302  81.062 0.1000000015
117107  40.597  4.558  81.010 0.1000000015
117087  41.305  5.075  81.476 0.1000000015
117983  39.511  5.646  80.767 0.1000000015
118946  38.401  6.498  80.201 0.1000000015
119907  38.020  7.024  80.064 0.1000000015
118956  37.732  6.427  79.782 0.1000000015
118957  37.012  6.511  79.334 0.1000000015
117996  36.843  5.802  78.830 0.1000000015
118006  35.975  5.685  77.870 0.1000000015
118971  35.479  6.448  77.949 0.1000000015
118012  34.994  5.610  77.146 0.1000000015
118984  33.961  6.388  76.633 0.2000000030
118017  33.772  5.732  76.174 0.2000000030
119936  46.182  7.401  76.923 0.1000000015
119931  45.011  7.820  77.197 0.1000000015
118985  33.419  6.406  75.933 0.2000000030
118021  33.352  5.450  75.525 0.2000000030
120933  43.535  8.629  76.673 0.1000000015
121894  35.558  9.833  75.209 0.2000000030
120956  34.067  8.672  75.699 0.2000000030
119947  33.199  7.294  75.429 0.2000000030
121876  43.116  8.919  76.490 0.1000000015
121889  40.681  9.450  75.504 0.1000000015
121903  36.978  9.886  74.301 0.2000000030
121893  36.462  10.160  74.971 0.2000000030
121895  34.723  9.347  75.446 0.2000000030
121891  38.548  9.749  74.844 0.2000000030
121948  46.588  10.417  72.111 0.1000000015
121930  46.753  9.703  72.500 0.1000000015
122878  46.363  10.989  71.805 0.1000000015
126862  42.892  14.388  55.487 0.5000000000
125912  41.892  13.369  55.902 0.5000000000
125903  41.438  13.556  56.475 0.5000000000
124909  41.137  12.780  57.056 0.5000000000
125904  40.953  13.309  57.062 0.4000000060
124896  41.299  12.435  57.136 0.4000000060
124897  40.827  12.621  57.523 0.4000000060
123936  41.038  11.929  57.921 0.4000000060
122040  38.284  9.453  60.668 0.4000000060
123948  42.400  10.904  56.715 0.5000000000
123935  41.524  11.132  58.108 0.4000000060
121125  39.048  8.706  59.534 0.5000000000
123021  42.693  10.385  55.960 0.6000000238
123010  42.501  10.005  56.825 0.5000000000
122108  42.675  10.068  53.051 0.6000000238
122101  42.596  9.891  54.018 0.6000000238
122107  43.851  9.964  53.382 0.6000000238
122117  43.094  10.201  52.559 0.6000000238
120178  43.964  7.776  53.825 0.6000000238
120185  43.559  8.247  52.774 0.6000000238
121181  41.782  8.318  53.605 0.6000000238
119269  42.638  7.750  51.307 0.6000000238
120192  43.353  7.826  51.899 0.6000000238
119242  45.068  6.775  52.817 0.6000000238
119243  44.381  7.241  53.183 0.6000000238
120184  44.040  7.321  52.665 0.6000000238
118931  39.770  6.321  80.949 0.1000000015
117968  40.730  5.783  81.366 0.1000000015
118945  39.327  6.727  80.648 0.1000000015
118929  41.344  6.747  81.440 0.1000000015
119896  38.493  7.635  80.296 0.1000000015
119897  37.928  8.123  80.121 0.1000000015
119908  37.505  7.538  79.806 0.1000000015
120907  36.813  8.501  79.419 0.1000000015
119909  36.564  7.438  79.272 0.2000000030
119910  35.915  7.487  78.815 0.2000000030
118959  35.726  6.959  78.500 0.2000000030
120924  35.682  8.458  78.538 0.2000000030
119925  35.035  7.348  77.876 0.2000000030
120935  34.651  8.113  77.474 0.2000000030
120939  46.448  8.041  76.842 0.1000000015
119929  46.246  7.896  77.403 0.1000000015
121870  34.528  8.688  76.947 0.2000000030
119940  34.193  7.255  77.063 0.2000000030
120931  45.072  8.281  77.537 0.1000000015
121880  35.152  9.760  76.144 0.2000000030
121881  34.529  9.043  76.372 0.2000000030
119941  33.649  7.269  76.326 0.2000000030
120921  45.568  8.741  77.911 0.1000000015
120922  44.734  8.810  77.601 0.1000000015
121867  43.311  9.417  76.880 0.1000000015
123767  38.100  10.972  75.714 0.2000000030
122837  35.940  10.366  75.784 0.2000000030
122821  42.262  9.851  76.561 0.1000000015
121878  41.320  9.665  75.996 0.1000000015
122833  39.954  10.188  75.665 0.2000000030
122835  37.983  10.242  75.071 0.2000000030
126863  42.203  13.935  55.712 0.5000000000
126851  41.202  14.008  56.840 0.4000000060
126841  40.540  14.157  57.380 0.3000000119
125892  40.176  13.287  57.751 0.4000000060
126831  39.288  14.209  58.301 0.2000000030
124885  40.214  12.458  58.474 0.4000000060
123011  42.126  10.620  57.501 0.5000000000
122095  42.549  9.673  55.090 0.6000000238
122078  42.282  9.255  56.768 0.6000000238
122079  42.039  9.493  57.534 0.6000000238
121173  43.655  8.980  53.768 0.6000000238
121179  43.480  9.135  53.028 0.6000000238
121174  42.252  8.947  54.288 0.6000000238
122090  42.523  9.421  56.066 0.6000000238
121187  43.138  8.957  52.242 0.6000000238
121188  42.553  9.096  52.379 0.6000000238
121180  42.257  9.143  53.248 0.6000000238
121199  42.681  8.499  51.676 0.6000000238
119232  45.309  6.825  53.910 0.6999999881
119233  44.630  7.152  53.533 0.6000000238
121198  43.056  8.394  51.600 0.6000000238
119231  46.446  6.503  54.257 0.6999999881
118930  40.274  6.817  81.083 0.1000000015
118944  39.833  7.310  80.823 0.1000000015
119881  40.891  7.615  81.388 0.1000000015
120895  38.972  8.623  80.582 0.1000000015
120896  38.203  8.685  80.310 0.1000000015
121829  37.794  9.519  80.128 0.1000000015
120906  37.551  8.642  79.927 0.1000000015
122767  37.502  10.330  79.750 0.2000000030
121840  37.159  9.472  79.577 0.2000000030
120923  36.281  8.793  78.939 0.2000000030
121841  36.599  9.414  79.051 0.2000000030
121859  35.586  9.492  78.076 0.2000000030
120905  46.112  9.134  78.256 0.1000000015
122814  35.645  10.051  77.638 0.2000000030
120934  35.202  8.694  77.894 0.2000000030
119923  45.886  8.276  77.794 0.1000000015
121855  45.585  9.692  78.149 0.1000000015
122798  44.070  10.513  77.577 0.1000000015
122826  35.603  10.260  76.761 0.2000000030
121869  35.020  9.318  77.213 0.2000000030
121856  44.709  9.611  77.719 0.1000000015
122809  43.361  10.393  77.279 0.1000000015
122810  42.408  10.420  76.868 0.1000000015
122811  41.319  10.868  76.654 0.2000000030
122823  40.692  10.404  76.172 0.2000000030
123768  37.116  11.218  76.135 0.2000000030
121868  42.590  9.733  76.632 0.1000000015
122822  41.716  10.051  76.447 0.1000000015
122825  36.360  10.830  76.380 0.2000000030
121879  40.820  9.864  75.865 0.2000000030
123766  39.263  10.824  75.762 0.2000000030
127631  44.968  15.626  54.328 0.4000000060
126861  43.996  14.864  54.939 0.4000000060
126850  41.912  14.331  56.259 0.5000000000
127614  41.837  15.079  56.843 0.3000000119
119894  40.171  7.787  80.965 0.1000000015
120894  39.753  8.670  81.013 0.1000000015
122766  38.048  10.383  80.255 0.2000000030
122782  36.835  10.368  79.011 0.2000000030
122783  36.418  9.885  78.734 0.2000000030
123725  36.566  10.887  78.290 0.2000000030
122800  36.160  10.304  78.249 0.2000000030
123739  37.261  11.778  77.582 0.2000000030
122813  36.118  10.699  77.322 0.2000000030
123735  41.763  11.839  77.164 0.2000000030
123736  40.594  11.650  76.674 0.2000000030
123754  36.757  11.320  76.952 0.2000000030
123751  39.901  11.093  76.221 0.2000000030
123753  37.675  11.559  76.581 0.2000000030
121821  39.012  9.945  80.966 0.1000000015
122758  38.619  10.551  80.735 0.1000000015
123691  38.201  11.401  80.212 0.2000000030
123676  38.865  11.392  81.045 0.1000000015
123707  37.533  11.295  79.451 0.2000000030
124655  37.790  11.924  79.416 0.2000000030
124677  37.630  12.120  78.860 0.2000000030
124686  38.790  12.731  77.567 0.2000000030
124687  37.786  12.471  77.945 0.2000000030
124685  40.039  12.804  77.256 0.2000000030
123738  38.238  12.084  77.077 0.2000000030
123737  39.382  12.025  76.784 0.2000000030
123752  38.760  11.491  76.291 0.2000000030
122757  39.070  10.582  81.381 0.1000000015
121820  39.437  9.648  81.509 0.1000000015
124642  38.983  12.364  80.687 0.2000000030
124654  38.231  12.379  79.611 0.2000000030
125614  38.566  13.021  79.309 0.2000000030
124674  40.188  13.636  77.890 0.2000000030
124675  39.291  13.385  78.139 0.2000000030
124676  38.362  12.927  78.640 0.2000000030
124626  39.245  11.922  81.348 0.1000000015
123675  39.336  11.411  81.787 0.1000000015
125613  38.994  13.461  79.091 0.2000000030
125612  39.807  13.974  78.789 0.2000000030
120009  43.307  7.214  71.533 0.2000000030
120023  43.589  7.646  70.908 0.2000000030
119116  41.587  6.563  64.632 0.2000000030
121001  47.016  8.759  73.032 0.1000000015
121038  42.240  8.497  69.794 0.2000000030
110988  31.511  -1.283  76.955 0.1000000015
116185  34.002  3.706  75.776 0.1000000015
116271  35.533  3.835  67.934 0.3000000119
118110  40.833  5.649  65.370 0.2000000030
119109  39.589  6.732  65.996 0.2000000030
119062  33.602  6.288  70.252 0.2000000030
119070  33.922  5.951  69.587 0.2000000030
112086  31.847  -0.394  77.451 0.1000000015
120132  40.016  7.909  57.829 0.3000000119
118061  34.274  5.566  68.984 0.2000000030
119063  32.882  5.965  70.602 0.2000000030
119992  39.145  8.148  72.805 0.2000000030
120015  34.235  7.084  71.146 0.2000000030
120032  34.428  6.872  70.483 0.2000000030
120028  39.052  7.249  70.583 0.2000000030
119061  34.346  6.602  69.975 0.2000000030
120016  33.518  6.946  71.527 0.2000000030
119052  32.666  6.260  71.347 0.2000000030
119081  34.921  5.848  68.621 0.3000000119
119046  40.596  7.209  71.885 0.2000000030
119057  39.808  7.103  71.241 0.2000000030
118074  36.107  5.767  67.759 0.3000000119
118075  35.374  5.239  67.997 0.3000000119
119045  41.739  7.078  71.785 0.2000000030
120986  36.122  9.108  73.149 0.2000000030
120988  33.921  8.173  72.980 0.2000000030
120036  40.424  7.699  70.052 0.2000000030
120025  41.717  7.385  70.817 0.2000000030
121040  39.889  8.178  69.347 0.3000000119
121047  38.999  8.243  68.567 0.3000000119
119093  36.794  6.141  67.531 0.2000000030
115175  44.670  2.541  79.807 0.1000000015
113066  36.063  0.071  79.299 0.1000000015
109840  32.263  -2.998  77.126 0.1000000015
121039  41.176  8.346  69.578 0.2000000030
120060  38.369  7.232  66.895 0.3000000119
118087  37.308  5.734  67.153 0.2000000030
118099  37.937  5.450  66.761 0.4000000060
120059  38.999  7.532  66.581 0.3000000119
113050  46.531  0.416  80.284 0.1000000015
114103  45.840  1.487  80.029 0.1000000015
116115  48.320  3.862  81.102 0.1000000015
112081  33.153  -0.490  78.391 0.1000000015
110984  32.759  -1.304  78.140 0.1000000015
114132  34.328  1.190  78.253 0.1000000015
110985  32.162  -1.308  77.618 0.1000000015
121054  40.117  8.882  67.361 0.3000000119
120063  39.955  7.576  65.928 0.3000000119
120062  40.903  7.339  65.189 0.2000000030
117124  37.686  4.502  78.569 0.1000000015
118022  32.710  5.439  74.812 0.2000000030
119185  36.605  6.451  58.044 0.2000000030
118181  37.264  5.811  58.106 0.2000000030
118180  38.234  5.433  58.180 0.3000000119
117125  37.090  4.752  78.155 0.1000000015
121126  38.200  8.513  59.804 0.4000000060
118005  36.522  5.430  78.194 0.1000000015
118011  35.587  5.372  77.409 0.1000000015
122834  38.904  10.226  75.326 0.2000000030
120945  33.619  7.983  75.869 0.2000000030
123030  42.797  10.680  54.921 0.6000000238
118958  36.225  6.490  78.685 0.2000000030
119932  34.651  7.183  77.545 0.2000000030
122836  37.008  10.672  75.464 0.2000000030
121949  45.943  10.239  71.939 0.1000000015
126842  39.845  13.985  57.814 0.2000000030
125893  39.627  13.579  58.171 0.2000000030
121828  38.552  9.575  80.554 0.1000000015
123724  36.990  11.327  78.502 0.2000000030
123740  36.559  11.124  77.842 0.2000000030
98201  56.550  -13.391  59.016 0.1000000015
98173  55.690  -13.685  61.402 0.1000000015
98189  55.894  -13.845  60.742 0.1000000015
98163  56.145  -13.013  61.606 0.1000000015
98188  56.425  -13.391  60.040 0.1000000015
98172  56.322  -13.133  60.893 0.1000000015
99319  56.820  -12.504  60.406 0.1000000015
98164  55.453  -13.430  62.299 0.1000000015
98152  55.068  -12.919  63.982 0.1000000015
99289  55.905  -12.736  62.923 0.1000000015
99334  56.657  -12.318  59.419 0.1000000015
99301  57.208  -11.901  60.866 0.1000000015
99284  55.820  -12.559  63.704 0.1000000015
98160  53.527  -13.517  64.261 0.1000000015
99283  56.541  -12.250  63.245 0.1000000015
99288  56.488  -12.508  62.267 0.1000000015
100426  56.385  -11.553  59.657 0.1000000015
100410  57.197  -11.316  60.415 0.1000000015
100427  55.752  -11.604  59.643 0.1000000015
99336  55.229  -12.155  59.374 0.1000000015
99320  54.665  -12.106  59.984 0.1000000015
99280  54.904  -12.481  65.409 0.1000000015
99279  55.509  -12.343  64.679 0.1000000015
99277  57.058  -11.783  63.599 0.1000000015
100377  57.480  -11.376  63.368 0.1000000015
99282  57.151  -11.841  62.792 0.1000000015
100380  57.967  -10.521  62.940 0.1000000015
100411  56.732  -11.008  60.035 0.1000000015
101420  57.500  -10.438  61.748 0.1000000015
101403  57.928  -10.194  62.510 0.1000000015
100412  55.988  -11.024  60.193 0.1000000015
100396  55.376  -11.005  60.804 0.1000000015
101424  54.327  -11.041  61.544 0.1000000015
101494  50.952  -11.068  54.981 0.1000000015
100471  50.972  -11.828  54.255 0.1000000015
100483  50.716  -12.182  53.416 0.1000000015
101495  50.528  -11.036  54.617 0.1000000015
100374  56.785  -11.625  64.769 0.1000000015
99278  56.532  -11.994  64.227 0.1000000015
100373  57.301  -11.341  64.380 0.1000000015
102452  58.153  -9.440  62.775 0.1000000015
101421  57.057  -10.265  61.217 0.1000000015
102469  57.257  -10.000  61.653 0.1000000015
101423  54.914  -10.717  61.475 0.1000000015
100382  53.137  -11.262  62.030 0.1000000015
100437  48.581  -12.164  59.469 0.1000000015
98217  49.047  -13.432  58.207 0.1000000015
97070  50.215  -14.238  56.761 0.1000000015
97091  50.969  -14.659  55.890 0.1000000015
99358  49.622  -12.653  57.510 0.1000000015
98229  50.114  -13.156  56.765 0.1000000015
98247  51.262  -13.888  55.349 0.1000000015
98246  51.520  -13.366  54.620 0.1000000015
99372  51.009  -12.947  55.353 0.1000000015
99380  51.564  -12.732  53.984 0.1000000015
101485  51.344  -10.607  55.662 0.1000000015
100369  57.389  -11.034  65.410 0.1000000015
100365  57.091  -11.351  65.957 0.1000000015
100372  57.948  -10.541  64.716 0.1000000015
100376  57.879  -10.714  63.577 0.1000000015
103507  57.815  -8.774  62.753 0.1000000015
101404  55.822  -9.967  61.951 0.1000000015
101405  55.170  -10.102  62.040 0.1000000015
102456  54.614  -9.625  62.755 0.1000000015
101398  52.973  -10.042  63.165 0.1000000015
101408  51.769  -10.796  62.810 0.1000000015
101409  50.828  -10.595  62.874 0.1000000015
100386  49.642  -11.740  62.477 0.1000000015
101426  48.815  -11.061  61.818 0.1000000015
101452  48.523  -11.376  60.581 0.1000000015
100428  48.783  -11.470  59.494 0.1000000015
102446  54.174  -9.097  63.415 0.1000000015
102447  53.301  -9.308  63.507 0.1000000015
102449  51.528  -9.457  63.360 0.1000000015
102450  50.894  -9.605  63.090 0.1000000015
102459  49.702  -9.780  62.312 0.1000000015
101441  48.931  -10.387  61.216 0.1000000015
101451  48.931  -10.666  59.994 0.1000000015
100436  49.134  -11.721  58.736 0.1000000015
103502  52.653  -8.433  63.682 0.1000000015
103503  51.585  -8.473  63.345 0.1000000015
104640  51.005  -7.733  62.484 0.1000000015
103537  49.686  -8.912  61.129 0.1000000015
102492  49.502  -9.756  59.885 0.1000000015
101460  49.119  -11.057  59.178 0.1000000015
100444  49.539  -11.936  57.968 0.1000000015
99357  50.153  -12.285  56.823 0.1000000015
99365  50.581  -12.445  56.099 0.1000000015
104638  52.419  -7.061  63.295 0.1000000015
104649  51.188  -7.045  61.984 0.1000000015
104666  50.518  -7.857  61.268 0.1000000015
103535  50.932  -7.845  60.040 0.1000000015
102491  50.141  -9.508  59.305 0.1000000015
102499  50.649  -9.701  58.575 0.1000000015
101466  50.834  -10.526  57.547 0.1000000015
100442  50.819  -11.172  56.792 0.1000000015
99364  50.880  -12.130  55.422 0.1000000015
99371  51.128  -12.412  54.747 0.1000000015
105711  52.461  -6.371  62.703 0.1000000015
105716  52.114  -6.209  61.931 0.1000000015
105730  51.921  -6.356  61.030 0.1000000015
104665  51.038  -7.249  60.904 0.1000000015
104675  51.502  -7.413  59.912 0.1000000015
102490  51.043  -8.986  58.857 0.1000000015
102497  52.217  -8.980  58.034 0.1000000015
102507  51.816  -9.809  57.082 0.1000000015
101473  51.360  -10.576  56.525 0.1000000015
100449  50.959  -11.442  56.002 0.1000000015
106758  52.699  -5.634  60.622 0.1000000015
106769  53.095  -5.710  59.854 0.1000000015
104674  52.423  -7.250  59.336 0.1000000015
104683  52.876  -7.629  58.552 0.1000000015
103554  52.785  -8.347  58.019 0.1000000015
100460  50.983  -11.547  55.146 0.1000000015
103563  53.653  -7.874  56.990 0.1000000015
102518  52.440  -9.119  56.777 0.1000000015
102519  51.928  -9.789  56.290 0.1000000015
103578  52.921  -8.390  56.652 0.1000000015
100364  57.383  -11.078  66.337 0.1000000015
101392  58.244  -10.021  65.317 0.1000000015
101394  58.441  -9.902  64.633 0.1000000015
102440  58.542  -9.306  64.958 0.1000000015
102444  58.425  -9.376  63.466 0.1000000015
102442  58.539  -9.312  64.194 0.1000000015
103506  58.293  -8.712  63.123 0.1000000015
103508  57.150  -8.634  62.736 0.1000000015
103499  55.664  -8.409  63.331 0.1000000015
103500  54.627  -8.343  63.683 0.1000000015
104619  55.443  -7.035  64.106 0.1000000015
103501  53.641  -8.353  63.800 0.1000000015
104629  54.184  -7.411  64.042 0.1000000015
105707  53.730  -6.328  63.725 0.1000000015
107809  53.917  -4.529  62.313 0.1000000015
107812  53.750  -4.388  61.577 0.1000000015
106745  52.584  -5.690  61.564 0.1000000015
106744  53.142  -4.993  61.170 0.1000000015
107836  53.775  -4.762  59.964 0.1000000015
106768  53.789  -5.375  59.526 0.1000000015
106778  55.162  -5.464  58.367 0.1000000015
105749  54.513  -6.430  58.270 0.1000000015
104682  53.632  -7.404  58.070 0.1000000015
104681  54.345  -7.116  57.660 0.1000000015
104691  53.941  -7.520  57.414 0.1000000015
103562  54.090  -7.409  56.657 0.1000000015
103577  53.463  -7.694  56.566 0.1000000015
103594  53.497  -7.289  56.380 0.1000000015
101384  57.877  -10.050  66.000 0.1000000015
100368  57.737  -10.552  65.707 0.1000000015
102430  58.222  -9.347  65.738 0.1000000015
103490  58.416  -8.495  65.300 0.1000000015
104624  58.433  -7.590  63.984 0.1000000015
103497  58.470  -8.602  63.745 0.1000000015
104625  58.040  -7.379  63.455 0.1000000015
104626  57.301  -7.613  63.325 0.1000000015
104627  56.115  -7.315  63.755 0.1000000015
106735  56.416  -5.314  63.721 0.1000000015
105705  55.777  -6.271  64.000 0.1000000015
107805  55.066  -4.556  63.323 0.1000000015
107808  54.535  -4.189  62.751 0.1000000015
107811  54.130  -3.996  62.087 0.1000000015
110012  54.863  -2.764  60.240 0.1000000015
108890  54.230  -3.650  61.462 0.1000000015
108902  54.201  -3.683  60.524 0.1000000015
107835  54.342  -4.331  59.625 0.1000000015
107845  54.920  -4.760  58.772 0.1000000015
105748  55.320  -5.988  57.957 0.1000000015
105759  54.818  -6.828  57.569 0.1000000015
104689  55.174  -6.803  56.592 0.1000000015
104702  55.090  -6.614  56.065 0.1000000015
103576  54.034  -7.166  56.368 0.1000000015
104718  53.764  -6.684  56.164 0.1000000015
104719  52.913  -7.068  56.311 0.1000000015
99215  57.068  -11.679  68.868 0.1000000015
101372  57.716  -10.168  67.274 0.1000000015
100354  57.550  -10.973  67.343 0.1000000015
102431  57.977  -9.108  66.288 0.1000000015
103475  58.142  -8.483  66.020 0.1000000015
104617  58.418  -7.558  64.883 0.1000000015
105679  58.212  -6.544  65.426 0.1000000015
105702  58.223  -6.475  63.841 0.1000000015
105703  57.701  -6.440  63.539 0.1000000015
105704  56.841  -6.387  63.668 0.1000000015
106734  57.346  -5.394  63.610 0.1000000015
107803  56.956  -4.373  63.549 0.1000000015
107804  55.948  -4.315  63.467 0.1000000015
107807  55.325  -3.941  63.143 0.2000000030
109982  56.080  -2.206  62.248 0.2000000030
109996  55.388  -2.184  61.104 0.2000000030
111194  56.126  -1.761  59.550 0.2000000030
110011  55.362  -2.241  60.245 0.1000000015
110026  55.587  -2.569  59.386 0.1000000015
110040  55.839  -2.994  58.620 0.1000000015
107844  55.633  -4.498  58.280 0.1000000015
107843  56.209  -4.160  57.805 0.1000000015
110053  56.825  -2.322  57.419 0.2000000030
108940  56.432  -3.388  57.616 0.2000000030
107854  56.107  -4.821  57.680 0.1000000015
106787  56.159  -5.396  57.280 0.1000000015
105768  55.654  -6.360  56.279 0.1000000015
105781  56.047  -5.880  55.856 0.1000000015
105782  55.427  -5.958  55.656 0.1000000015
105783  54.805  -5.835  55.550 0.1000000015
106808  54.416  -5.024  55.001 0.1000000015
105785  53.270  -6.022  56.053 0.1000000015
98094  55.846  -12.909  69.319 0.1000000015
98095  55.059  -13.462  69.431 0.1000000015
96947  53.651  -14.500  69.703 0.1000000015
98115  54.403  -13.558  68.870 0.1000000015
100318  57.059  -11.391  69.405 0.1000000015
99216  56.689  -12.164  69.447 0.1000000015
100311  56.934  -11.165  69.870 0.1000000015
101340  57.339  -10.515  69.010 0.1000000015
102402  57.602  -9.422  67.801 0.2000000030
103439  57.347  -8.494  68.427 0.2000000030
101354  57.634  -10.358  68.111 0.1000000015
103462  57.528  -8.339  67.504 0.2000000030
104572  57.502  -7.338  67.664 0.2000000030
103476  57.794  -8.467  66.655 0.2000000030
104585  57.874  -7.660  66.432 0.1000000015
106704  57.994  -5.457  66.038 0.2000000030
104603  58.194  -7.576  65.744 0.1000000015
106713  58.343  -5.502  65.074 0.1000000015
107801  58.346  -4.481  64.006 0.2000000030
107802  57.769  -4.443  63.635 0.1000000015
108879  57.415  -3.439  63.493 0.1000000015
111141  57.693  -1.376  63.569 0.2000000030
108880  56.561  -3.357  63.276 0.1000000015
109973  57.061  -2.367  62.943 0.2000000030
111150  56.610  -1.642  62.100 0.2000000030
111162  56.505  -1.359  61.279 0.2000000030
112272  56.845  -0.913  59.693 0.2000000030
113292  57.220  0.034  58.587 0.2000000030
111193  56.626  -1.390  59.055 0.2000000030
111208  56.895  -1.669  58.114 0.2000000030
113303  57.040  -0.039  57.978 0.2000000030
111207  57.259  -1.190  57.890 0.2000000030
108962  56.580  -3.329  55.948 0.1000000015
107861  56.532  -4.339  56.307 0.1000000015
108972  56.328  -3.231  55.118 0.1000000015
106793  56.351  -5.211  55.954 0.1000000015
106806  55.944  -5.249  55.345 0.1000000015
94676  54.577  -16.104  71.686 0.1000000015
94677  53.813  -16.476  71.384 0.1000000015
94684  54.074  -15.740  71.103 0.1000000015
95840  54.532  -14.986  70.880 0.1000000015
96933  54.211  -14.562  70.267 0.1000000015
100312  56.794  -11.552  70.138 0.1000000015
101331  57.035  -10.632  69.757 0.1000000015
102376  57.078  -9.662  69.559 0.1000000015
103418  56.807  -8.620  70.190 0.2000000030
103428  57.145  -8.567  69.316 0.2000000030
104517  57.035  -7.507  69.980 0.2000000030
105628  57.531  -6.508  68.912 0.2000000030
104530  57.315  -7.481  69.136 0.2000000030
105660  57.624  -6.581  67.423 0.2000000030
106680  57.716  -5.645  68.465 0.2000000030
109935  56.823  -2.087  68.763 0.2000000030
109917  56.899  -2.364  69.521 0.2000000030
106697  57.868  -5.350  67.121 0.2000000030
106698  57.754  -5.727  67.646 0.2000000030
111077  57.468  -1.798  68.817 0.2000000030
107765  58.186  -4.401  66.744 0.2000000030
111094  57.045  -1.181  68.247 0.2000000030
107778  58.278  -4.461  65.698 0.2000000030
111093  57.566  -1.003  67.951 0.2000000030
107794  58.449  -4.493  64.768 0.2000000030
109947  58.306  -2.462  66.066 0.2000000030
112195  57.907  -0.847  66.017 0.2000000030
112186  57.304  -0.192  67.145 0.2000000030
108870  58.386  -3.516  64.502 0.2000000030
112207  57.919  -0.827  65.568 0.2000000030
112208  57.731  -0.239  65.053 0.2000000030
113218  57.390  0.709  65.694 0.2000000030
109964  58.170  -2.608  64.247 0.2000000030
111125  57.775  -0.811  64.333 0.2000000030
112220  57.572  -0.169  64.041 0.2000000030
113223  57.490  0.789  64.666 0.2000000030
114266  57.186  1.602  64.222 0.2000000030
112226  57.409  -0.270  62.954 0.2000000030
113231  57.400  0.755  63.589 0.2000000030
114277  57.109  1.514  63.095 0.2000000030
111161  57.078  -0.929  61.611 0.2000000030
112239  57.319  -0.288  61.769 0.2000000030
112240  57.129  -0.722  61.128 0.2000000030
113272  57.412  0.598  60.256 0.2000000030
114304  57.168  1.213  60.879 0.2000000030
113283  57.228  0.698  59.364 0.2000000030
113284  56.658  0.983  59.394 0.2000000030
113294  56.265  0.433  58.742 0.2000000030
112295  56.764  -0.376  57.417 0.2000000030
111236  56.676  -1.562  56.313 0.1000000015
111249  56.218  -1.597  55.938 0.2000000030
110084  56.423  -2.343  55.726 0.1000000015
93546  54.722  -16.857  72.309 0.1000000015
95819  55.267  -15.112  71.462 0.1000000015
95820  54.634  -15.468  71.306 0.1000000015
95839  55.042  -14.595  70.960 0.1000000015
98082  56.261  -13.137  70.556 0.1000000015
96931  55.515  -14.073  70.860 0.1000000015
98083  55.571  -13.479  70.073 0.1000000015
105620  57.355  -6.367  69.889 0.2000000030
105621  56.977  -6.641  70.546 0.2000000030
106664  57.631  -5.476  69.453 0.2000000030
107716  57.407  -4.332  70.708 0.2000000030
108779  57.166  -3.828  70.931 0.2000000030
107728  57.773  -4.363  69.798 0.2000000030
108792  57.470  -3.444  70.298 0.2000000030
109903  57.136  -2.670  69.946 0.2000000030
107745  58.006  -4.361  68.826 0.2000000030
108807  58.066  -3.398  69.211 0.2000000030
109902  57.652  -2.694  69.541 0.2000000030
108822  58.238  -3.415  68.438 0.2000000030
109901  58.102  -2.765  68.910 0.2000000030
111061  57.267  -2.217  69.428 0.2000000030
108833  58.331  -3.384  67.458 0.2000000030
109915  58.283  -2.409  68.179 0.2000000030
111076  57.953  -1.654  68.401 0.2000000030
108842  58.332  -3.428  66.396 0.2000000030
109934  58.347  -2.418  67.094 0.2000000030
111102  58.213  -1.536  66.706 0.2000000030
111103  57.850  -0.799  67.084 0.2000000030
112177  57.228  -0.630  67.754 0.2000000030
114316  57.054  1.268  59.690 0.2000000030
112285  55.816  -0.161  58.176 0.2000000030
111223  55.587  -0.735  57.503 0.2000000030
99208  56.602  -12.240  70.530 0.1000000015
95766  55.343  -16.437  76.326 0.1000000015
94637  54.301  -16.304  77.282 0.1000000015
95748  53.283  -15.377  77.849 0.1000000015
97939  53.009  -13.418  78.802 0.1000000015
100238  51.867  -11.682  77.896 0.1000000015
101261  51.578  -10.240  78.144 0.1000000015
102301  50.540  -8.984  77.936 0.1000000015
103338  49.903  -8.203  78.075 0.1000000015
94636  54.776  -16.535  77.108 0.1000000015
97955  52.357  -13.393  78.090 0.1000000015
100221  51.902  -10.960  78.146 0.1000000015
101267  50.834  -10.178  77.693 0.1000000015
111254  42.378  -1.671  55.649 0.1000000015
111264  43.124  -1.521  54.964 0.1000000015
95767  54.778  -16.253  76.515 0.1000000015
96809  52.665  -14.520  77.914 0.1000000015
95768  53.874  -16.099  76.886 0.1000000015
111241  42.869  -1.149  56.622 0.1000000015
111228  41.708  -1.362  57.643 0.1000000015
111253  43.268  -1.185  55.830 0.1000000015
112299  42.864  -0.686  57.445 0.1000000015
111213  41.220  -1.452  58.207 0.1000000015
112331  43.849  -1.120  54.466 0.1000000015
112276  42.290  -0.092  58.947 0.1000000015
112277  41.556  -0.571  59.294 0.1000000015
112324  43.778  -0.880  55.307 0.1000000015
96810  52.119  -14.146  77.476 0.1000000015
97956  51.807  -13.388  77.389 0.1000000015
100239  51.223  -11.299  77.508 0.1000000015
99123  52.118  -12.435  78.001 0.1000000015
113289  41.892  0.349  59.777 0.1000000015
112308  43.438  -0.508  56.621 0.1000000015
112298  43.373  -0.164  57.197 0.1000000015
112288  42.597  -0.376  58.184 0.1000000015
114310  41.706  1.303  60.324 0.1000000015
115337  39.918  2.217  61.561 0.1000000015
116322  37.796  3.219  61.359 0.1000000015
116323  36.789  3.282  61.452 0.1000000015
112315  44.074  -0.278  55.571 0.1000000015
112316  43.718  -0.487  56.014 0.1000000015
113307  43.101  -0.041  57.821 0.1000000015
115349  41.382  2.241  60.522 0.1000000015
115350  40.515  2.511  61.059 0.1000000015
113298  42.930  0.540  58.439 0.1000000015
113288  42.504  0.675  59.206 0.1000000015
115351  39.801  2.879  61.326 0.1000000015
116321  38.794  3.200  61.300 0.1000000015
116337  37.249  3.904  60.845 0.1000000015
116324  35.779  3.377  61.405 0.1000000015
113314  43.856  0.461  56.472 0.1000000015
113297  43.256  0.955  58.115 0.1000000015
114319  42.774  1.374  58.951 0.1000000015
115358  41.917  2.152  59.891 0.1000000015
116350  39.861  4.349  59.600 0.1000000015
116335  39.667  3.749  60.544 0.1000000015
114340  44.255  1.067  55.979 0.1000000015
114334  43.609  1.407  57.187 0.1000000015
115365  42.912  2.178  58.471 0.1000000015
116348  41.905  3.128  59.379 0.1000000015
116333  41.588  2.691  60.038 0.1000000015
116349  40.666  4.098  59.264 0.1000000015
115382  43.471  2.396  56.892 0.2000000030
116356  42.530  3.194  58.431 0.1000000015
117274  37.624  4.470  60.133 0.1000000015
117273  38.562  4.428  60.067 0.1000000015
117299  40.229  4.729  58.315 0.2000000030
116366  42.405  3.606  57.468 0.2000000030
117287  37.994  5.042  59.210 0.1000000015
117300  39.257  5.049  58.308 0.2000000030
117301  38.644  5.029  58.760 0.1000000015
117285  39.857  4.646  59.010 0.2000000030
117286  39.128  4.636  59.377 0.1000000015
118170  37.108  5.534  58.862 0.1000000015
117310  39.796  5.079  57.823 0.2000000030
118182  36.450  5.830  58.415 0.1000000015
119186  35.902  6.308  58.369 0.1000000015
120111  35.598  7.718  60.251 0.2000000030
121114  35.729  8.242  60.844 0.2000000030
121102  35.338  8.373  61.352 0.2000000030
121103  34.492  8.098  61.589 0.2000000030
120096  35.386  7.989  60.845 0.2000000030
122042  36.720  9.031  61.019 0.2000000030
121090  35.006  8.856  62.080 0.1000000015
122031  37.106  9.684  61.338 0.2000000030
122021  36.018  9.899  62.119 0.1000000015
122032  36.463  9.577  61.599 0.1000000015
122971  38.144  10.255  61.191 0.3000000119
122972  37.407  10.490  61.609 0.2000000030
122962  36.691  10.462  61.991 0.1000000015
123904  38.219  11.098  61.277 0.3000000119
124886  39.628  12.828  58.743 0.2000000030
127612  43.245  15.778  56.130 0.3000000119
127613  42.551  15.148  56.355 0.3000000119
128394  45.085  16.404  54.480 0.3000000119
127621  44.415  15.623  54.906 0.3000000119
127622  43.585  15.322  55.535 0.3000000119
128386  44.474  16.814  55.170 0.2000000030
129150  43.697  17.864  56.266 0.2000000030
129966  43.915  18.931  56.465 0.2000000030
129965  44.281  18.473  55.843 0.2000000030
96932  54.830  -14.319  70.483 0.1000000015
129158  43.937  17.099  55.769 0.2000000030
106657  57.487  -5.224  70.325 0.2000000030
105606  57.216  -5.885  70.698 0.2000000030
112196  57.622  -0.288  66.222 0.2000000030
114259  57.224  1.456  65.187 0.2000000030
114278  56.492  1.814  62.592 0.2000000030
114291  57.068  1.301  61.964 0.2000000030
108793  56.925  -3.470  70.682 0.2000000030
105784  54.097  -5.884  55.767 0.1000000015
112306  56.489  -0.588  56.977 0.2000000030
113322  44.051  0.015  55.942 0.1000000015
115391  43.944  2.448  55.841 0.2000000030
115383  42.960  3.222  56.969 0.2000000030
122030  37.697  9.786  61.201 0.3000000119
98158  55.194  -13.111  63.213 0.1000000015
99302  56.751  -12.474  61.287 0.1000000015
99318  57.171  -11.931  60.093 0.1000000015
99333  57.071  -11.828  59.761 0.1000000015
99287  57.193  -11.852  61.822 0.1000000015
99335  56.001  -12.033  59.088 0.1000000015
101438  57.285  -10.770  61.021 0.1000000015
100395  57.444  -11.236  61.357 0.1000000015
100413  55.158  -11.552  60.191 0.1000000015
98202  54.806  -12.768  58.772 0.1000000015
100397  54.699  -11.332  61.014 0.1000000015
100414  54.461  -11.828  60.569 0.1000000015
99321  53.949  -12.485  60.315 0.1000000015
100381  57.674  -11.058  62.495 0.1000000015
101402  58.239  -10.084  63.177 0.1000000015
101439  56.913  -10.621  60.596 0.1000000015
101440  56.465  -10.748  60.467 0.1000000015
102453  57.460  -9.552  62.194 0.1000000015
100398  53.837  -11.592  61.321 0.1000000015
100472  50.255  -11.504  53.835 0.1000000015
100482  51.174  -12.457  53.671 0.1000000015
99273  56.270  -11.731  65.143 0.1000000015
101396  58.368  -10.042  63.954 0.1000000015
101422  56.097  -10.411  61.214 0.1000000015
102470  56.816  -9.821  61.655 0.1000000015
101406  53.898  -10.488  62.334 0.1000000015
101407  52.692  -10.737  62.663 0.1000000015
101397  53.506  -9.905  63.059 0.1000000015
99349  49.163  -12.527  58.268 0.1000000015
99350  48.659  -12.963  59.042 0.1000000015
99338  48.302  -12.905  60.015 0.1000000015
98230  49.601  -13.817  57.492 0.1000000015
98238  50.662  -13.549  56.013 0.1000000015
97109  51.398  -14.424  55.363 0.1000000015
100443  50.161  -11.550  57.370 0.1000000015
104636  57.923  -8.143  63.139 0.1000000015
102454  56.643  -9.318  62.265 0.1000000015
102471  56.247  -9.818  61.938 0.1000000015
103509  56.369  -8.793  62.797 0.1000000015
102455  55.700  -9.405  62.548 0.1000000015
102457  53.892  -9.711  63.063 0.1000000015
102445  54.939  -8.965  63.129 0.1000000015
101399  52.098  -10.132  63.236 0.1000000015
101400  51.393  -10.132  63.156 0.1000000015
100385  50.486  -11.595  62.581 0.1000000015
102458  50.291  -9.763  62.715 0.1000000015
101411  49.228  -11.112  62.324 0.1000000015
100415  48.342  -11.908  61.057 0.1000000015
101442  48.574  -11.147  61.074 0.1000000015
101425  49.190  -10.396  62.077 0.1000000015
102448  52.326  -9.338  63.549 0.1000000015
104631  52.238  -7.727  63.452 0.1000000015
103512  50.098  -9.311  62.429 0.1000000015
103510  51.156  -8.021  62.899 0.1000000015
103523  49.839  -9.050  62.012 0.1000000015
102484  49.311  -9.697  60.660 0.1000000015
100435  49.765  -11.326  58.105 0.1000000015
104630  53.062  -7.400  63.733 0.1000000015
105708  52.914  -6.607  63.381 0.1000000015
104639  51.668  -7.345  62.871 0.1000000015
103522  50.188  -8.345  61.624 0.1000000015
102483  49.850  -9.045  60.189 0.1000000015
103536  50.359  -8.227  60.683 0.1000000015
103547  50.624  -8.598  59.707 0.1000000015
101450  49.573  -10.085  59.428 0.1000000015
101459  49.863  -10.523  58.646 0.1000000015
101467  50.154  -10.964  57.890 0.1000000015
106741  53.271  -5.301  62.418 0.1000000015
106738  53.540  -5.672  63.200 0.1000000015
105717  51.663  -6.592  61.732 0.1000000015
105731  51.438  -6.798  61.414 0.1000000015
103546  51.554  -8.126  59.304 0.1000000015
101458  50.709  -10.045  58.165 0.1000000015
103555  51.936  -8.690  58.506 0.1000000015
106742  52.571  -5.859  62.172 0.1000000015
104664  51.811  -6.849  60.188 0.1000000015
105740  52.496  -6.303  59.975 0.1000000015
103545  52.330  -8.024  58.740 0.1000000015
102506  52.348  -9.091  57.494 0.1000000015
107823  53.794  -4.349  60.556 0.1000000015
105739  53.432  -6.385  59.156 0.1000000015
104673  53.220  -7.110  58.720 0.1000000015
105750  53.696  -6.830  58.524 0.1000000015
103553  53.420  -7.955  57.493 0.1000000015
103564  52.980  -8.513  57.190 0.1000000015
100353  57.660  -10.482  66.927 0.1000000015
104635  58.255  -8.091  63.449 0.1000000015
103495  58.528  -8.498  64.488 0.1000000015
103498  56.566  -8.174  63.196 0.1000000015
104637  57.593  -8.298  62.982 0.1000000015
105698  54.501  -6.659  64.105 0.1000000015
104618  55.740  -6.827  64.020 0.1000000015
106737  54.220  -5.195  63.322 0.1000000015
108885  54.588  -3.468  62.132 0.1000000015
106740  53.971  -4.797  62.709 0.1000000015
107822  54.070  -4.102  60.216 0.1000000015
106767  54.476  -5.393  58.910 0.1000000015
104703  54.616  -7.042  56.412 0.1000000015
101371  57.792  -10.094  66.634 0.1000000015
105695  58.384  -6.532  64.523 0.1000000015
105706  54.756  -5.986  63.987 0.1000000015
106736  55.362  -5.241  63.709 0.1000000015
108884  55.326  -3.254  62.670 0.1000000015
109997  54.624  -2.957  61.167 0.1000000015
109983  55.034  -2.791  61.889 0.1000000015
110027  55.010  -3.033  59.679 0.1000000015
108929  55.519  -3.520  58.741 0.1000000015
108916  55.032  -3.495  59.349 0.1000000015
105758  55.560  -6.340  57.259 0.1000000015
104716  54.970  -6.331  55.782 0.1000000015
104717  54.448  -6.602  56.036 0.1000000015
102420  57.749  -9.369  66.891 0.1000000015
104586  57.618  -7.601  67.047 0.2000000030
105667  57.826  -6.548  66.486 0.2000000030
106733  58.055  -5.447  63.718 0.1000000015
106729  58.410  -5.490  64.245 0.1000000015
109974  56.457  -2.672  62.924 0.2000000030
108883  56.030  -2.920  62.993 0.2000000030
109995  55.945  -1.801  61.457 0.2000000030
111177  56.450  -1.243  60.029 0.2000000030
112271  57.221  -0.367  59.400 0.2000000030
111221  57.209  -1.414  57.320 0.2000000030
107853  56.485  -4.430  57.194 0.1000000015
105767  56.123  -5.882  56.488 0.1000000015
96945  55.091  -13.822  70.138 0.1000000015
96946  54.478  -13.944  69.700 0.1000000015
102389  57.376  -9.543  68.690 0.2000000030
104546  57.417  -7.471  68.285 0.2000000030
105640  57.544  -6.694  68.151 0.2000000030
105659  57.723  -6.044  67.167 0.2000000030
108878  58.082  -3.515  63.843 0.1000000015
109972  57.824  -2.569  63.622 0.2000000030
111149  57.114  -1.277  62.316 0.2000000030
112257  56.984  -0.792  60.358 0.2000000030
111192  57.077  -1.047  58.531 0.2000000030
108951  56.687  -3.379  56.838 0.1000000015
107746  57.784  -4.929  69.167 0.2000000030
108857  58.396  -3.480  65.387 0.2000000030
111092  58.152  -1.519  67.647 0.2000000030
111111  58.136  -1.484  65.788 0.2000000030
109958  58.306  -2.502  65.083 0.2000000030
111124  58.011  -1.479  64.687 0.2000000030
113241  57.327  0.653  62.446 0.2000000030
113257  57.371  0.608  61.319 0.2000000030
108808  57.842  -3.509  69.720 0.2000000030
109888  57.369  -2.908  70.071 0.2000000030
107759  58.127  -4.321  67.785 0.2000000030
114320  42.286  1.331  59.637 0.1000000015
113306  43.402  0.631  57.614 0.1000000015
114296  40.249  1.513  61.465 0.1000000015
116320  39.396  3.120  61.275 0.1000000015
115339  38.276  2.425  61.682 0.1000000015
115340  37.295  2.429  61.757 0.1000000015
116336  38.293  3.855  60.744 0.1000000015
115341  36.250  2.493  61.961 0.1000000015
116334  41.049  3.171  60.249 0.1000000015
114327  43.113  1.350  58.366 0.1000000015
115357  42.498  2.176  59.294 0.1000000015
115373  43.308  1.989  57.738 0.1000000015
116347  42.539  2.712  58.942 0.1000000015
115374  42.968  2.787  57.679 0.2000000030
121101  36.052  8.777  61.214 0.1000000015
122033  35.721  9.183  61.804 0.1000000015
120097  34.862  7.669  60.907 0.2000000030
128387  43.834  16.229  55.639 0.2000000030
124641  39.568  12.866  80.934 0.1000000015
125567  40.068  13.460  80.770 0.1000000015
125592  38.878  13.080  79.855 0.1000000015
125591  39.556  13.665  79.804 0.1000000015
125590  40.647  14.255  79.704 0.1000000015
125611  40.808  14.174  78.363 0.1000000015
125566  41.157  13.919  80.780 0.1000000015
126520  41.178  14.338  80.085 0.1000000015
125610  41.860  14.132  78.097 0.1000000015
125589  41.494  14.535  78.960 0.1000000015
123723  42.025  12.696  77.419 0.1000000015
124673  41.243  13.194  77.499 0.1000000015
126546  41.370  14.456  79.722 0.1000000015
124684  40.927  12.412  77.045 0.1000000015
120112  34.532  6.875  60.142 0.1000000015
120127  34.882  6.694  59.581 0.1000000015
125825  46.448  13.491  61.392 0.1000000015
125841  45.590  13.535  60.513 0.1000000015
122937  31.675  10.613  64.214 0.1000000015
123871  30.853  11.401  64.710 0.1000000015
122936  32.166  11.183  64.138 0.1000000015
123870  31.815  11.650  64.380 0.1000000015
122939  30.044  10.595  64.661 0.1000000015
122940  29.076  10.647  64.849 0.1000000015
122950  34.795  10.619  62.918 0.1000000015
125767  47.952  13.926  64.359 0.1000000015
125788  47.087  13.697  63.344 0.1000000015
125808  46.286  13.490  62.382 0.1000000015
125826  45.474  13.487  61.469 0.1000000015
125827  44.634  13.584  61.580 0.1000000015
125842  44.604  13.746  60.572 0.1000000015
125857  44.983  13.711  59.945 0.1000000015
126804  43.777  14.280  60.648 0.1000000015
126803  44.184  14.190  60.151 0.1000000015
127584  43.732  15.131  59.774 0.1000000015
126815  44.961  14.157  58.918 0.1000000015
126816  44.447  14.371  59.471 0.1000000015
128380  42.809  16.226  56.775 0.1000000015
122952  32.733  10.852  63.764 0.1000000015
123872  29.716  11.564  64.969 0.1000000015
123873  28.657  11.608  65.149 0.1000000015
122941  28.023  10.630  64.883 0.1000000015
128379  43.446  16.728  56.277 0.1000000015
122949  35.245  10.888  62.847 0.1000000015
122951  33.847  10.766  63.320 0.1000000015
124842  32.949  12.881  63.923 0.1000000015
124827  31.364  12.558  64.569 0.1000000015
122963  35.701  10.708  62.601 0.1000000015
123883  35.236  11.349  62.999 0.1000000015
124840  34.234  12.485  63.436 0.1000000015
123905  37.524  11.605  61.660 0.1000000015
125768  46.797  13.749  64.379 0.1000000015
125789  46.053  13.484  63.343 0.1000000015
125809  45.322  13.430  62.409 0.1000000015
125828  43.882  13.813  61.595 0.1000000015
125843  44.194  13.797  61.077 0.1000000015
127593  43.982  15.467  59.202 0.1000000015
128360  43.888  16.173  59.165 0.1000000015
127592  44.305  15.442  58.649 0.1000000015
128369  44.678  16.428  57.662 0.1000000015
127554  31.957  15.148  63.827 0.1000000015
127543  31.476  15.774  64.145 0.1000000015
127544  30.594  15.579  64.552 0.1000000015
127553  32.493  15.485  63.387 0.1000000015
126751  31.394  14.653  64.322 0.1000000015
126752  30.299  14.470  64.819 0.1000000015
127545  29.641  15.339  64.855 0.1000000015
127562  32.959  14.960  63.078 0.1000000015
126765  33.094  14.248  63.424 0.1000000015
125798  32.627  13.449  64.020 0.1000000015
125775  31.903  13.662  64.308 0.1000000015
126753  29.254  14.203  65.205 0.1000000015
128370  43.104  17.202  56.942 0.1000000015
126777  35.018  14.421  62.295 0.1000000015
125815  34.230  13.833  62.982 0.1000000015
125796  33.943  13.284  63.390 0.1000000015
125777  29.914  13.475  65.065 0.1000000015
125762  28.430  13.547  65.298 0.1000000015
127603  42.147  15.763  57.187 0.2000000030
125830  36.454  13.855  61.698 0.1000000015
125831  35.770  13.901  62.152 0.1000000015
124852  35.728  12.871  62.644 0.1000000015
125795  34.570  13.181  63.178 0.1000000015
124870  37.919  13.160  60.573 0.1000000015
125829  37.166  13.508  61.298 0.1000000015
123906  37.099  12.362  61.847 0.1000000015
124851  36.450  12.747  62.245 0.1000000015
126664  45.162  14.160  69.641 0.1000000015
126646  44.750  14.059  70.199 0.1000000015
126683  45.563  14.049  68.866 0.1000000015
126665  44.043  14.144  69.505 0.1000000015
126647  43.747  14.060  70.146 0.1000000015
125755  46.321  13.708  65.333 0.1000000015
125734  46.380  13.921  67.186 0.1000000015
126703  45.978  13.978  68.018 0.1000000015
126684  44.396  14.047  68.680 0.1000000015
126666  42.979  14.045  69.482 0.1000000015
126648  42.819  13.908  70.125 0.1000000015
125695  42.585  13.427  70.403 0.1000000015
125747  44.707  13.529  66.158 0.1000000015
125735  45.366  13.755  67.082 0.1000000015
126705  43.503  13.872  67.372 0.1000000015
126685  43.216  14.050  68.582 0.1000000015
126667  41.870  13.844  69.603 0.1000000015
125696  41.701  13.435  70.300 0.1000000015
125710  41.104  13.738  69.982 0.1000000015
125769  45.690  13.499  64.244 0.1000000015
125756  45.068  13.377  65.086 0.1000000015
125757  43.946  13.288  65.270 0.1000000015
125736  44.420  13.639  66.982 0.1000000015
126686  42.111  14.110  68.603 0.1000000015
125711  40.424  13.565  69.852 0.1000000015
125790  45.083  13.319  63.287 0.1000000015
125792  43.335  13.462  63.492 0.1000000015
125758  43.005  13.373  65.333 0.1000000015
125748  43.625  13.528  66.251 0.1000000015
126706  42.245  14.222  67.522 0.1000000015
126668  40.797  13.751  69.375 0.1000000015
126669  40.231  13.631  69.379 0.1000000015
125712  39.600  13.496  69.568 0.1000000015
126775  42.977  14.237  62.117 0.1000000015
125811  43.371  13.744  62.452 0.1000000015
125759  42.216  13.662  65.384 0.1000000015
125749  42.795  13.586  65.983 0.1000000015
126728  41.141  14.765  66.469 0.1000000015
126707  41.255  14.469  67.618 0.1000000015
126687  41.047  14.098  68.550 0.1000000015
126688  39.897  13.913  68.607 0.1000000015
127576  43.165  15.276  60.869 0.1000000015
128350  43.469  16.191  60.114 0.1000000015
129126  43.830  16.878  59.531 0.1000000015
129133  44.293  17.181  58.712 0.1000000015
129949  45.540  18.957  58.414 0.1000000015
129950  44.997  18.166  58.137 0.1000000015
129956  45.650  18.562  57.278 0.1000000015
129957  45.194  18.131  57.702 0.1000000015
129140  45.447  17.863  57.051 0.1000000015
130824  42.134  20.054  58.725 0.1000000015
130815  40.967  20.033  59.765 0.1000000015
130832  43.172  19.280  57.672 0.1000000015
130823  42.905  19.518  58.021 0.1000000015
129952  42.138  18.986  58.751 0.1000000015
130805  40.412  19.521  60.282 0.1000000015
130806  39.825  20.012  60.653 0.1000000015
129081  33.032  17.756  63.985 0.1000000015
128303  32.419  16.921  63.858 0.1000000015
128315  32.066  15.959  63.691 0.1000000015
128305  30.949  16.623  64.530 0.1000000015
128307  29.109  15.995  64.889 0.1000000015
127538  28.390  16.034  65.108 0.1000000015
129951  42.548  18.420  58.158 0.1000000015
129945  40.995  19.008  59.845 0.1000000015
129938  40.375  18.518  60.296 0.1000000015
129939  39.834  19.032  60.793 0.1000000015
130794  39.226  19.637  61.278 0.1000000015
129933  38.583  18.952  61.725 0.1000000015
130781  38.040  19.476  62.218 0.1000000015
129925  36.879  18.999  62.894 0.1000000015
129091  36.163  18.084  62.996 0.1000000015
129913  36.146  18.650  63.234 0.1000000015
129092  35.736  17.980  63.150 0.1000000015
129106  33.802  17.032  63.108 0.1000000015
129094  33.504  17.458  63.595 0.1000000015
128314  32.760  16.643  63.501 0.1000000015
127546  28.760  15.177  65.044 0.1000000015
129143  42.860  17.852  57.516 0.1000000015
129135  42.261  17.446  58.173 0.1000000015
129136  41.920  17.925  58.733 0.1000000015
129127  41.294  17.497  59.224 0.1000000015
129122  39.789  18.030  60.741 0.1000000015
129112  39.190  17.610  61.051 0.1000000015
129113  38.351  17.837  61.691 0.1000000015
129114  37.351  17.340  61.910 0.1000000015
129115  36.885  17.186  62.051 0.1000000015
128322  36.419  17.004  62.155 0.1000000015
128323  35.932  16.818  62.215 0.1000000015
128324  34.843  16.490  62.288 0.1000000015
128326  33.007  15.799  62.969 0.1000000015
126754  28.296  14.230  65.182 0.1000000015
128361  42.094  16.991  58.177 0.1000000015
128351  41.162  17.040  59.155 0.1000000015
128352  40.520  16.898  59.541 0.1000000015
128353  39.383  16.232  59.724 0.1000000015
128332  39.189  17.275  60.829 0.1000000015
128334  37.895  16.855  61.269 0.1000000015
128346  37.441  16.233  60.593 0.1000000015
127569  36.087  15.729  61.050 0.1000000015
128335  36.685  16.675  61.604 0.1000000015
127570  35.434  15.349  61.458 0.1000000015
127571  34.871  15.091  61.891 0.1000000015
127560  34.281  15.657  62.126 0.1000000015
127561  33.551  15.310  62.596 0.1000000015
126755  27.260  14.429  64.926 0.1000000015
127605  40.721  15.074  57.636 0.2000000030
128363  40.694  16.141  58.728 0.1000000015
127585  39.917  15.868  59.005 0.1000000015
127586  39.035  15.546  59.104 0.1000000015
128354  38.602  15.850  59.645 0.1000000015
127578  37.891  15.745  59.875 0.1000000015
127579  37.175  15.479  60.168 0.1000000015
127580  36.590  15.159  60.583 0.1000000015
126792  35.472  14.506  61.928 0.1000000015
126830  39.983  14.691  57.929 0.1000000015
127596  39.485  15.137  58.483 0.1000000015
126832  38.623  13.932  58.818 0.1000000015
126818  38.145  14.445  59.237 0.1000000015
126819  37.782  14.194  59.878 0.1000000015
125845  37.510  13.761  60.611 0.1000000015
126806  36.810  14.377  60.899 0.1000000015
124879  38.756  12.950  59.628 0.1000000015
125732  47.791  14.305  67.323 0.1000000015
126663  46.280  14.267  69.787 0.1000000015
125694  43.505  13.528  70.498 0.1000000015
126702  46.995  14.145  68.072 0.1000000015
125693  44.391  13.699  70.496 0.1000000015
124767  41.159  12.692  70.674 0.1000000015
125697  40.763  13.269  70.309 0.1000000015
125713  38.587  13.453  69.551 0.1000000015
125699  38.932  13.065  70.241 0.1000000015
125812  42.880  13.729  62.980 0.1000000015
125793  42.502  13.814  63.646 0.1000000015
127567  42.967  14.996  61.374 0.1000000015
126776  42.635  14.343  62.550 0.1000000015
126764  41.878  14.211  63.988 0.1000000015
125760  41.688  14.001  65.127 0.1000000015
126739  41.829  13.977  65.589 0.1000000015
126729  40.741  14.901  67.001 0.1000000015
126709  39.170  14.592  67.605 0.1000000015
126689  38.777  14.109  68.321 0.1000000015
125722  38.245  13.802  68.868 0.1000000015
128341  43.055  16.443  61.120 0.1000000015
127559  42.365  15.375  62.559 0.1000000015
127552  41.625  14.995  63.877 0.1000000015
126740  41.369  14.489  65.435 0.1000000015
126708  40.215  14.718  67.438 0.1000000015
129120  43.624  17.180  60.436 0.1000000015
128312  41.738  15.815  63.963 0.1000000015
127536  40.835  15.607  65.360 0.1000000015
127528  40.649  15.395  66.019 0.1000000015
127517  39.880  15.379  66.930 0.1000000015
127518  39.391  15.307  67.106 0.1000000015
126710  38.285  14.752  67.827 0.1000000015
129125  44.182  17.671  59.788 0.1000000015
129943  44.762  18.315  59.124 0.1000000015
130813  46.481  19.611  58.796 0.1000000015
132671  41.811  21.408  58.712 0.1000000015
132655  41.424  21.498  58.983 0.1000000015
132656  40.603  21.652  59.529 0.1000000015
131712  40.320  20.469  60.116 0.1000000015
132645  40.171  21.278  59.948 0.1000000015
131713  39.745  20.854  60.444 0.1000000015
132617  38.280  21.158  61.889 0.1000000015
131693  37.660  20.504  62.516 0.1000000015
131685  37.113  20.507  63.007 0.1000000015
129082  32.565  17.435  64.052 0.1000000015
129083  31.465  17.506  64.571 0.1000000015
129904  31.031  18.252  65.054 0.1000000015
131702  38.846  20.613  61.431 0.1000000015
130783  37.049  19.778  62.938 0.1000000015
130767  36.546  19.715  63.282 0.1000000015
129914  35.277  18.620  63.640 0.1000000015
129915  34.311  18.540  63.956 0.1000000015
129916  33.652  18.297  64.070 0.1000000015
131686  36.298  20.769  63.596 0.1000000015
130768  35.690  19.639  63.797 0.1000000015
130769  34.928  19.251  64.055 0.1000000015
130750  34.280  19.589  64.466 0.1000000015
128298  28.057  16.837  65.251 0.1000000015
127539  27.556  16.167  65.180 0.1000000015
125877  38.750  13.493  59.090 0.1000000015
125859  38.353  13.551  59.589 0.1000000015
125876  39.214  13.332  58.747 0.1000000015
125674  44.184  13.271  70.706 0.1000000015
124748  42.740  12.270  70.847 0.1000000015
123823  42.215  11.907  70.948 0.1000000015
124766  42.136  12.683  70.661 0.1000000015
124769  39.282  12.429  70.845 0.1000000015
125700  37.936  13.102  70.184 0.1000000015
125701  36.933  13.256  70.101 0.1000000015
128331  42.617  16.007  61.895 0.1000000015
125714  37.645  13.607  69.469 0.1000000015
128342  42.849  15.602  61.375 0.1000000015
127551  42.060  15.661  63.332 0.1000000015
129090  42.776  17.115  63.275 0.1000000015
126690  37.942  14.365  68.354 0.1000000015
125723  37.452  14.170  68.876 0.1000000015
129111  43.666  17.696  61.501 0.1000000015
129119  44.063  17.968  60.738 0.1000000015
128311  42.247  16.557  63.707 0.1000000015
128301  42.185  16.850  64.069 0.1000000015
128294  40.436  16.495  65.674 0.1000000015
128285  40.147  16.161  66.080 0.1000000015
127530  39.518  15.840  66.674 0.1000000015
127520  37.685  15.384  67.833 0.1000000015
129110  44.038  18.083  61.202 0.1000000015
129930  44.520  18.465  61.381 0.1000000015
129080  42.016  17.846  64.551 0.1000000015
129068  41.175  17.331  64.993 0.1000000015
129937  44.705  18.459  60.212 0.1000000015
130820  47.494  20.295  57.850 0.1000000015
133600  42.198  21.910  58.566 0.1000000015
133584  40.842  21.994  59.394 0.1000000015
133567  40.172  21.947  60.014 0.1000000015
132646  39.731  21.550  60.399 0.1000000015
133530  38.505  22.216  61.772 0.1000000015
132618  37.635  21.619  62.430 0.1000000015
133550  40.281  22.274  60.817 0.1000000015
133551  39.406  21.928  60.900 0.1000000015
133531  37.622  22.620  62.634 0.1000000015
132596  37.065  21.529  63.087 0.1000000015
131673  33.835  20.524  64.901 0.1000000015
134392  38.991  22.999  62.391 0.1000000015
134394  37.762  23.016  62.667 0.1000000015
134383  37.602  23.370  62.951 0.1000000015
132597  36.318  21.930  63.580 0.1000000015
131672  34.664  20.624  64.540 0.1000000015
123809  44.920  11.737  71.241 0.1000000015
124746  44.366  12.572  70.917 0.1000000015
123810  43.920  11.562  71.073 0.1000000015
122881  43.438  10.603  71.390 0.1000000015
123811  42.851  11.442  71.112 0.1000000015
123812  41.862  11.191  71.222 0.1000000015
123824  41.487  11.933  70.946 0.1000000015
123825  40.606  11.924  71.003 0.1000000015
123826  39.867  11.965  71.058 0.1000000015
124750  38.530  11.919  71.489 0.1000000015
124770  38.221  12.520  70.863 0.1000000015
124771  37.210  12.714  70.858 0.1000000015
125702  35.873  13.652  70.378 0.1000000015
125715  36.674  14.116  69.394 0.1000000015
125703  35.075  14.513  70.504 0.1000000015
128330  42.903  16.885  62.046 0.1000000015
128320  42.848  16.966  62.488 0.1000000015
129100  42.819  17.037  62.897 0.1000000015
125724  37.016  14.452  68.890 0.1000000015
125716  35.744  14.479  69.802 0.1000000015
126650  35.106  15.286  70.118 0.1000000015
129922  44.170  18.229  62.299 0.1000000015
129099  43.176  17.401  62.675 0.1000000015
129912  43.943  18.187  63.265 0.1000000015
129078  43.183  17.796  63.901 0.1000000015
129079  42.670  17.433  64.037 0.1000000015
128286  39.795  16.487  66.236 0.1000000015
127519  38.484  15.652  67.302 0.1000000015
127514  37.028  15.888  68.091 0.1000000015
126692  36.632  15.012  68.715 0.1000000015
127510  35.577  15.675  69.525 0.1000000015
127501  35.132  16.140  70.004 0.1000000015
129931  44.095  18.149  61.729 0.1000000015
129899  42.889  18.451  64.522 0.1000000015
129880  41.621  18.701  65.037 0.1000000015
129070  39.980  18.164  65.989 0.1000000015
128287  38.810  16.610  66.769 0.1000000015
129054  37.979  17.356  67.608 0.1000000015
128275  36.652  16.551  68.584 0.1000000015
127509  36.062  16.012  68.967 0.1000000015
128270  35.759  16.625  69.569 0.1000000015
129929  45.825  19.046  61.674 0.1000000015
130804  46.587  19.481  60.149 0.1000000015
130812  47.619  19.941  59.097 0.1000000015
130819  48.381  20.369  58.331 0.1000000015
133582  42.926  22.388  58.877 0.1000000015
133565  42.055  22.369  59.879 0.1000000015
133566  41.010  22.290  59.917 0.1000000015
133549  41.264  22.362  60.890 0.1000000015
133529  39.564  22.501  61.655 0.1000000015
134390  40.761  22.847  62.636 0.1000000015
134391  39.929  22.950  62.489 0.1000000015
134381  39.490  23.567  63.117 0.1000000015
134382  38.557  23.589  63.015 0.1000000015
135111  38.170  24.395  63.380 0.1000000015
135112  37.236  24.443  63.378 0.1000000015
134380  40.444  23.470  63.231 0.1000000015
135110  39.119  24.375  63.515 0.1000000015
135781  38.797  25.301  63.657 0.1000000015
121953  42.574  9.766  71.993 0.1000000015
122882  42.347  10.319  71.637 0.1000000015
122883  41.374  10.580  71.726 0.1000000015
123814  39.963  11.237  71.619 0.1000000015
122849  41.549  10.190  73.218 0.1000000015
122861  40.963  10.452  72.445 0.1000000015
122862  40.225  10.756  72.420 0.1000000015
124751  37.459  12.135  71.772 0.1000000015
124772  36.431  13.053  70.825 0.1000000015
126629  34.482  15.262  71.263 0.1000000015
127502  34.591  15.875  70.629 0.1000000015
129897  44.762  18.627  63.850 0.1000000015
129898  43.681  18.245  64.072 0.1000000015
129028  34.572  17.266  70.843 0.1000000015
129910  45.844  18.886  63.125 0.1000000015
129911  44.886  18.598  63.111 0.1000000015
130747  43.847  19.075  64.699 0.1000000015
129879  42.519  18.949  64.812 0.1000000015
129881  40.588  18.978  65.771 0.1000000015
129882  40.062  18.731  66.216 0.1000000015
129060  38.777  17.823  66.911 0.1000000015
129049  37.717  17.636  68.120 0.1000000015
129050  37.271  17.329  68.426 0.1000000015
128269  36.256  16.608  69.053 0.1000000015
129045  35.984  17.491  69.856 0.1000000015
128259  34.843  16.757  70.430 0.1000000015
130793  46.209  19.291  61.018 0.1000000015
130748  43.152  19.240  64.829 0.1000000015
130705  39.856  19.374  67.281 0.1000000015
129872  38.970  18.408  67.130 0.1000000015
129862  38.012  18.155  68.403 0.1000000015
129043  37.014  17.528  68.972 0.1000000015
129044  36.605  17.233  69.146 0.1000000015
129841  35.513  18.060  70.322 0.1000000015
130803  47.961  19.727  60.269 0.1000000015
131722  49.178  20.589  58.212 0.1000000015
133548  42.351  22.246  60.986 0.1000000015
133526  42.702  22.174  62.104 0.1000000015
133527  41.573  22.425  62.137 0.1000000015
134379  41.472  23.152  63.349 0.1000000015
135096  43.536  24.138  64.387 0.1000000015
135107  42.051  24.168  63.974 0.1000000015
135771  43.894  24.954  64.492 0.1000000015
135108  41.071  24.224  63.777 0.1000000015
135779  40.769  25.219  63.801 0.1000000015
135780  39.780  25.262  63.722 0.1000000015
136453  40.500  26.142  63.571 0.1000000015
135770  44.745  24.973  64.641 0.1000000015
122848  42.089  9.985  73.575 0.1000000015
122841  41.135  10.878  73.935 0.1000000015
123779  40.307  11.146  73.709 0.1000000015
123780  39.744  11.272  73.466 0.1000000015
123792  38.399  11.602  72.892 0.1000000015
123816  38.139  11.702  72.219 0.1000000015
124729  35.992  13.021  72.396 0.1000000015
124727  37.633  12.036  72.943 0.1000000015
124728  36.679  12.636  72.748 0.1000000015
125661  35.506  13.755  72.575 0.1000000015
126628  34.678  14.711  71.678 0.1000000015
126623  34.486  15.237  71.979 0.1000000015
127490  34.354  16.056  71.297 0.1000000015
129025  34.378  17.367  71.359 0.1000000015
130791  48.530  19.594  61.348 0.1000000015
130779  48.093  19.412  62.405 0.1000000015
130780  46.988  19.287  62.628 0.1000000015
130746  44.742  19.076  64.500 0.1000000015
129842  34.936  18.071  70.564 0.1000000015
129835  34.585  18.009  70.922 0.1000000015
130792  47.062  19.370  61.474 0.1000000015
129909  46.406  19.095  62.865 0.1000000015
130766  46.081  19.138  63.766 0.1000000015
130717  43.790  19.893  65.127 0.1000000015
130718  42.692  19.798  65.255 0.1000000015
130720  40.773  19.728  66.319 0.1000000015
130703  41.249  20.292  66.769 0.1000000015
129870  40.183  19.236  66.507 0.1000000015
130704  40.537  19.874  67.055 0.1000000015
129861  38.919  18.834  68.347 0.1000000015
129853  38.734  18.764  69.187 0.1000000015
129854  37.977  18.421  69.289 0.1000000015
129856  36.550  17.935  69.819 0.1000000015
130811  48.884  20.165  59.189 0.1000000015
131732  49.672  21.167  57.745 0.1000000015
133593  49.499  22.275  58.137 0.1000000015
133563  44.385  22.421  60.037 0.1000000015
133564  43.199  22.368  59.941 0.1000000015
133547  43.481  22.098  61.060 0.1000000015
133525  43.722  22.059  62.212 0.1000000015
133509  43.045  22.434  63.092 0.1000000015
134377  43.305  22.921  63.743 0.1000000015
135095  44.273  24.136  64.612 0.1000000015
134366  43.217  23.543  64.062 0.1000000015
134365  43.873  23.232  64.215 0.1000000015
123764  42.069  12.098  75.192 0.1000000015
123773  41.701  11.539  74.779 0.1000000015
123774  40.464  11.574  74.249 0.1000000015
123775  39.492  11.949  74.192 0.1000000015
123781  38.758  11.798  73.689 0.1000000015
123776  38.982  12.157  74.181 0.1000000015
124720  37.982  12.494  73.885 0.1000000015
125660  36.098  13.318  72.973 0.1000000015
126622  34.905  14.756  72.416 0.1000000015
127485  35.105  15.619  73.121 0.1000000015
128245  34.387  16.621  72.320 0.1000000015
129024  34.242  17.436  72.027 0.1000000015
129832  34.356  18.195  71.608 0.1000000015
130765  46.767  19.317  63.468 0.1000000015
130663  34.932  18.641  70.592 0.1000000015
130744  46.662  19.528  64.224 0.1000000015
130745  45.700  19.238  64.264 0.1000000015
131649  42.691  20.637  66.170 0.1000000015
131650  41.989  20.579  66.614 0.1000000015
130662  35.611  19.117  70.313 0.1000000015
130810  49.780  20.273  59.597 0.1000000015
130715  45.638  19.789  64.923 0.1000000015
131646  45.593  20.436  65.545 0.1000000015
131632  44.636  21.057  66.522 0.1000000015
130694  40.466  19.805  67.994 0.1000000015
130695  39.721  19.373  68.226 0.1000000015
130679  39.411  19.099  69.844 0.1000000015
129838  37.793  18.684  69.922 0.1000000015
129840  36.214  18.538  70.116 0.1000000015
130661  36.511  19.540  70.038 0.1000000015
131560  35.703  20.271  70.133 0.1000000015
131711  50.603  20.476  59.548 0.1000000015
131633  43.703  21.100  66.936 0.1000000015
131616  42.713  20.547  68.155 0.1000000015
131618  41.167  19.946  68.620 0.1000000015
130687  39.591  19.231  69.137 0.1000000015
130658  39.093  19.370  70.290 0.1000000015
131558  38.056  19.709  70.185 0.1000000015
130682  37.033  19.814  69.914 0.1000000015
132667  49.405  21.913  57.423 0.1000000015
130678  40.374  19.284  69.853 0.1000000015
130657  40.003  19.513  70.317 0.1000000015
133594  48.544  22.394  57.780 0.1000000015
133562  45.609  22.372  60.073 0.1000000015
133546  44.641  22.002  61.166 0.1000000015
135769  45.717  25.034  64.945 0.1000000015
136447  46.910  26.661  64.050 0.1000000015
136440  46.296  25.920  64.576 0.1000000015
125644  42.052  13.643  75.575 0.1000000015
124709  42.336  12.712  75.389 0.1000000015
124713  41.722  12.353  75.196 0.1000000015
124714  40.990  12.525  75.021 0.1000000015
124715  40.037  12.586  74.663 0.1000000015
124717  38.486  12.899  74.435 0.1000000015
125655  37.408  13.217  73.984 0.1000000015
125657  35.949  13.945  73.276 0.1000000015
125652  37.985  13.574  74.503 0.1000000015
125653  37.324  13.908  74.206 0.1000000015
126619  36.242  14.650  73.692 0.1000000015
126620  35.512  14.675  73.207 0.1000000015
128242  34.768  16.564  73.000 0.1000000015
126616  37.719  14.640  74.523 0.1000000015
126617  36.984  14.644  74.118 0.1000000015
130643  34.296  19.097  71.856 0.1000000015
130790  49.731  19.806  61.282 0.1000000015
130778  49.288  19.555  62.294 0.1000000015
130763  48.955  19.497  63.254 0.1000000015
130764  47.858  19.466  63.362 0.1000000015
130649  34.505  18.922  71.127 0.1000000015
130777  50.469  19.671  62.187 0.1000000015
130743  47.716  19.684  64.256 0.1000000015
130714  46.557  19.847  64.851 0.1000000015
132478  34.853  20.777  70.749 0.1000000015
130801  50.206  20.146  60.350 0.1000000015
130800  51.118  20.357  60.295 0.1000000015
130742  48.773  19.601  64.102 0.1000000015
131670  48.020  20.043  64.990 0.1000000015
131645  46.531  20.391  65.487 0.1000000015
131631  45.551  21.006  66.302 0.1000000015
132477  35.460  21.263  70.193 0.1000000015
131720  50.954  20.841  58.947 0.1000000015
131644  47.585  20.362  65.466 0.1000000015
131629  47.387  20.862  66.187 0.1000000015
131630  46.462  20.932  66.180 0.1000000015
132544  44.734  21.200  67.499 0.1000000015
131615  43.510  20.893  67.928 0.1000000015
131604  42.648  20.087  69.045 0.1000000015
130677  41.482  19.402  69.880 0.1000000015
130659  38.286  19.270  70.220 0.1000000015
131586  37.797  20.319  69.958 0.1000000015
131587  36.802  20.334  69.809 0.1000000015
131588  36.211  20.483  69.853 0.1000000015
131730  50.955  21.378  58.874 0.1000000015
132653  51.050  21.775  59.295 0.1000000015
132543  45.546  21.290  67.235 0.1000000015
132530  44.826  21.016  68.354 0.1000000015
132531  44.209  20.794  68.485 0.1000000015
130675  43.152  19.461  70.198 0.1000000015
130676  42.409  19.425  70.212 0.1000000015
130656  40.990  19.570  70.486 0.1000000015
131556  39.555  20.191  70.455 0.1000000015
131585  38.754  20.639  70.075 0.1000000015
132499  38.178  21.334  69.594 0.1000000015
133559  48.850  22.454  59.732 0.1000000015
132644  46.160  22.129  60.536 0.1000000015
132630  46.052  21.800  61.332 0.1000000015
133524  44.635  21.915  62.344 0.1000000015
133507  44.977  22.022  63.300 0.1000000015
133508  43.962  22.341  63.351 0.1000000015
133496  44.502  22.632  63.980 0.1000000015
135094  45.117  24.153  64.811 0.1000000015
134364  44.721  23.321  64.482 0.1000000015
136438  48.970  26.713  64.505 0.1000000015
136446  47.987  26.934  64.040 0.1000000015
137210  49.499  27.420  63.559 0.1000000015
126606  43.599  14.458  76.104 0.1000000015
125643  42.968  13.524  75.726 0.1000000015
125649  40.439  13.233  75.096 0.1000000015
126608  41.693  14.562  75.618 0.1000000015
125645  41.131  13.629  75.407 0.1000000015
125650  39.703  13.538  75.016 0.1000000015
126609  40.823  14.622  75.485 0.1000000015
125646  40.391  13.919  75.319 0.1000000015
126614  39.229  14.240  75.134 0.1000000015
127484  35.840  15.586  73.633 0.1000000015
128238  36.249  16.522  73.931 0.1000000015
129021  34.545  17.459  72.712 0.1000000015
129831  34.414  18.298  72.319 0.1000000015
129828  34.751  18.366  73.022 0.1000000015
130775  52.622  19.707  61.930 0.1000000015
130776  51.616  19.614  61.992 0.1000000015
130762  50.112  19.453  63.221 0.1000000015
130741  49.770  19.446  64.070 0.1000000015
134301  35.390  22.848  71.031 0.1000000015
131700  52.530  20.484  60.726 0.1000000015
130788  51.962  20.064  60.876 0.1000000015
131668  49.679  19.678  64.746 0.1000000015
131643  48.798  20.356  65.628 0.1000000015
133435  36.579  22.275  69.493 0.1000000015
131708  52.518  21.022  60.594 0.1000000015
132652  51.523  21.501  59.878 0.1000000015
132540  47.882  21.087  66.772 0.1000000015
132542  46.426  21.295  67.022 0.1000000015
132500  37.179  21.292  69.567 0.1000000015
133558  49.775  22.316  59.801 0.1000000015
132526  48.275  21.279  67.490 0.1000000015
132529  45.557  21.286  68.213 0.1000000015
131602  44.589  20.305  69.323 0.1000000015
130648  42.514  19.811  71.239 0.1000000015
132475  40.825  20.637  70.584 0.1000000015
131584  39.342  20.827  70.150 0.1000000015
132498  39.078  21.329  69.722 0.1000000015
133543  48.897  22.257  60.526 0.1000000015
132629  46.962  21.779  61.341 0.1000000015
132615  46.251  21.644  62.188 0.1000000015
132594  45.713  21.729  62.918 0.1000000015
133495  45.193  22.564  64.153 0.1000000015
135092  45.888  24.092  65.125 0.1000000015
134363  45.558  23.255  64.767 0.1000000015
136437  50.211  26.705  64.740 0.1000000015
136432  48.438  25.836  65.289 0.1000000015
135767  47.358  25.396  65.271 0.1000000015
135764  47.055  24.774  65.446 0.1000000015
127471  43.022  15.192  76.025 0.1000000015
126607  42.591  14.482  75.815 0.1000000015
126610  39.930  14.625  75.332 0.1000000015
126615  38.556  14.593  74.927 0.1000000015
127480  38.163  15.575  74.737 0.1000000015
127482  36.627  15.578  74.029 0.1000000015
129017  35.848  17.475  73.782 0.1000000015
130760  52.380  19.477  62.913 0.1000000015
129020  35.065  17.468  73.344 0.1000000015
131531  34.745  20.088  72.716 0.1000000015
132451  34.659  20.522  72.285 0.1000000015
133408  35.105  21.950  71.717 0.1000000015
134290  35.621  22.988  71.816 0.1000000015
130761  51.307  19.540  63.121 0.1000000015
133420  34.817  21.417  71.292 0.1000000015
135030  35.692  23.616  71.205 0.1000000015
131641  50.696  19.591  65.250 0.1000000015
131642  49.872  20.040  65.525 0.1000000015
133436  35.732  22.104  69.932 0.1000000015
134311  35.568  22.744  70.351 0.1000000015
135045  35.733  23.597  70.470 0.1000000015
131707  52.956  21.076  61.152 0.1000000015
132638  52.550  21.369  61.056 0.1000000015
130702  51.386  19.450  65.760 0.1000000015
131628  48.577  20.897  66.609 0.1000000015
134321  37.801  23.359  68.864 0.1000000015
134309  36.978  23.512  69.214 0.1000000015
134310  36.027  23.133  69.733 0.1000000015
132625  51.139  21.667  61.329 0.1000000015
132612  49.167  21.636  62.227 0.1000000015
131627  49.944  20.531  66.497 0.1000000015
131614  48.918  21.165  67.376 0.1000000015
132515  47.278  21.316  68.669 0.1000000015
132491  45.958  20.450  69.712 0.1000000015
131580  44.246  19.827  70.021 0.1000000015
130654  42.996  19.391  70.786 0.1000000015
131553  42.396  20.257  71.186 0.1000000015
132496  41.128  21.443  70.047 0.1000000015
133432  39.543  22.050  69.309 0.1000000015
133434  37.635  22.384  69.180 0.1000000015
135043  37.038  24.616  69.196 0.1000000015
135044  36.329  24.341  69.800 0.1000000015
132627  48.962  21.917  61.316 0.1000000015
132613  48.113  21.589  62.228 0.1000000015
132614  47.125  21.567  62.207 0.1000000015
131576  48.134  20.737  70.019 0.1000000015
131578  46.361  20.365  70.196 0.1000000015
131549  46.051  20.152  70.761 0.1000000015
130645  44.294  19.672  71.160 0.1000000015
131540  43.245  20.222  71.343 0.1000000015
132474  41.748  20.848  70.669 0.1000000015
133430  41.544  22.285  69.347 0.1000000015
133452  39.973  22.883  68.817 0.1000000015
133453  39.050  22.867  68.851 0.1000000015
134320  38.502  23.632  68.661 0.1000000015
132592  47.227  21.601  63.323 0.1000000015
132593  46.364  21.640  63.038 0.1000000015
133505  46.384  21.923  63.809 0.1000000015
133506  45.727  22.013  63.628 0.1000000015
134362  46.204  22.856  64.840 0.1000000015
133494  45.937  22.422  64.351 0.1000000015
134353  46.717  23.041  65.158 0.1000000015
136436  51.153  26.840  64.872 0.1000000015
136431  49.573  26.083  65.332 0.1000000015
126594  44.394  14.969  76.277 0.1000000015
127474  40.501  15.510  75.426 0.1000000015
127475  39.702  15.616  75.280 0.1000000015
128236  37.797  16.482  74.604 0.1000000015
128237  37.043  16.498  74.279 0.1000000015
129016  36.661  17.460  74.223 0.1000000015
129823  36.193  18.437  74.099 0.1000000015
130639  35.713  19.376  73.774 0.1000000015
131529  35.310  20.265  73.301 0.1000000015
133402  35.787  22.227  72.742 0.1000000015
130759  53.221  19.551  62.772 0.1000000015
130774  53.319  20.138  62.098 0.1000000015
130739  52.230  19.348  63.983 0.1000000015
135697  36.693  25.408  71.436 0.1000000015
135029  36.077  24.578  70.941 0.1000000015
130712  51.496  19.363  65.309 0.1000000015
136374  36.847  25.868  70.516 0.1000000015
132624  52.093  21.594  61.551 0.1000000015
132611  50.257  21.634  62.276 0.1000000015
131625  52.096  19.481  66.594 0.1000000015
131626  51.214  19.749  66.331 0.1000000015
131613  49.758  21.046  67.683 0.1000000015
132513  49.015  21.207  68.422 0.1000000015
132514  48.116  21.322  68.451 0.1000000015
135060  37.775  24.378  68.736 0.1000000015
135715  36.875  25.345  69.559 0.1000000015
135716  36.505  25.245  70.222 0.1000000015
132590  49.362  21.547  63.283 0.1000000015
131612  51.113  20.327  67.470 0.1000000015
131599  50.901  20.595  68.583 0.1000000015
131600  49.914  20.907  68.799 0.1000000015
132487  48.622  21.133  68.953 0.1000000015
131547  47.960  20.449  70.760 0.1000000015
131536  46.666  20.601  71.231 0.1000000015
131538  44.821  20.171  71.415 0.1000000015
132459  44.413  20.747  71.283 0.1000000015
131552  42.979  20.664  71.135 0.1000000015
132495  42.152  21.653  70.012 0.1000000015
133431  40.521  22.110  69.388 0.1000000015
134318  40.392  23.782  68.490 0.1000000015
135732  37.449  25.417  68.961 0.1000000015
132591  48.323  21.561  63.215 0.1000000015
131535  47.621  20.756  71.241 0.1000000015
132457  46.256  21.111  71.340 0.1000000015
132458  45.322  20.962  71.333 0.1000000015
132493  44.185  22.014  70.264 0.1000000015
133429  42.635  22.676  69.258 0.1000000015
133449  42.395  23.233  68.892 0.1000000015
133451  40.950  22.950  68.797 0.1000000015
134319  39.412  23.727  68.529 0.1000000015
135059  38.798  24.575  68.420 0.1000000015
135731  38.224  25.452  68.541 0.1000000015
133480  48.901  22.517  65.852 0.1000000015
133492  47.809  22.182  64.701 0.1000000015
133428  43.802  22.714  69.582 0.1000000015
134308  42.688  23.355  68.932 0.1000000015
135082  49.322  24.313  66.480 0.1000000015
134351  48.141  23.393  65.832 0.1000000015
133482  47.311  22.664  65.085 0.1000000015
133493  46.861  22.220  64.496 0.1000000015
135751  49.883  24.958  66.422 0.1000000015
135090  47.554  24.130  65.696 0.1000000015
134352  47.369  23.309  65.448 0.1000000015
136430  50.690  26.241  65.399 0.1000000015
135089  48.418  24.280  66.068 0.1000000015
126593  45.222  14.920  76.277 0.1000000015
127472  42.269  15.505  75.731 0.1000000015
127473  41.332  15.474  75.537 0.1000000015
128230  39.383  16.538  75.172 0.1000000015
128231  38.559  16.517  74.900 0.1000000015
129015  37.427  17.367  74.545 0.1000000015
130635  36.482  19.436  74.297 0.1000000015
129009  38.088  17.372  74.853 0.1000000015
135017  35.973  23.860  71.772 0.1000000015
130737  53.780  19.520  63.464 0.1000000015
135696  37.113  25.857  71.619 0.1000000015
136366  37.048  26.034  71.151 0.1000000015
135016  36.376  24.596  71.910 0.1000000015
131690  54.027  20.292  62.872 0.1000000015
130709  53.789  19.348  64.334 0.1000000015
130710  53.123  19.020  64.673 0.1000000015
130701  52.134  19.247  66.041 0.1000000015
137140  37.525  27.191  69.765 0.1000000015
132587  52.713  21.384  63.485 0.1000000015
132609  52.367  21.535  62.505 0.1000000015
130693  52.462  19.388  66.641 0.1000000015
136386  36.823  25.794  69.919 0.1000000015
136385  37.370  26.521  69.523 0.1000000015
132566  52.081  21.305  64.424 0.1000000015
132589  50.489  21.554  63.375 0.1000000015
131611  52.413  19.709  67.211 0.1000000015
131574  50.530  20.770  69.514 0.1000000015
131546  48.967  20.603  70.578 0.1000000015
132468  47.050  21.772  71.265 0.1000000015
136399  37.809  26.046  68.778 0.1000000015
131534  48.601  20.857  71.226 0.1000000015
132469  46.707  21.767  71.191 0.1000000015
133418  45.024  22.291  70.361 0.1000000015
134317  41.380  23.843  68.545 0.1000000015
135057  40.846  24.700  68.332 0.1000000015
135730  39.224  25.590  68.268 0.1000000015
136398  38.522  26.624  68.599 0.1000000015
137152  38.638  27.795  68.909 0.1000000015
132552  50.041  21.870  65.603 0.1000000015
132568  49.557  21.686  64.460 0.1000000015
134299  46.389  23.468  70.496 0.1000000015
133426  45.422  23.139  70.022 0.1000000015
134306  44.450  23.698  69.580 0.1000000015
134315  42.911  24.265  68.860 0.1000000015
135055  42.645  24.756  68.719 0.1000000015
135728  41.347  25.604  68.325 0.1000000015
135729  40.319  25.603  68.220 0.1000000015
136397  39.811  26.558  68.239 0.1000000015
137151  39.506  27.511  68.507 0.1000000015
134336  50.348  23.415  67.166 0.1000000015
135702  46.262  25.256  70.688 0.1000000015
135040  45.525  24.141  70.188 0.1000000015
135041  45.076  24.622  70.165 0.1000000015
135054  43.299  24.733  69.068 0.1000000015
135726  43.021  25.336  68.961 0.1000000015
136395  41.823  26.468  68.492 0.1000000015
137150  40.522  27.398  68.366 0.1000000015
136369  46.177  25.619  70.697 0.1000000015
136370  46.039  25.931  70.752 0.1000000015
135704  45.157  25.450  70.722 0.1000000015
136382  44.165  26.378  70.355 0.1000000015
135713  43.660  25.586  69.542 0.1000000015
136394  42.665  26.529  68.890 0.1000000015
137148  42.201  27.259  68.712 0.1000000015
137149  41.425  27.265  68.463 0.1000000015
136392  45.587  26.677  68.758 0.1000000015
136380  46.071  26.275  69.944 0.1000000015
137129  45.598  26.778  70.453 0.1000000015
136381  44.758  25.978  70.834 0.1000000015
136372  44.792  26.589  70.929 0.1000000015
137131  44.504  27.311  70.713 0.1000000015
137146  45.500  27.580  69.073 0.1000000015
137969  45.550  28.527  69.546 0.1000000015
137130  45.225  27.194  70.893 0.1000000015
137961  45.647  28.165  70.511 0.1000000015
128228  40.983  16.273  75.477 0.1000000015
128229  40.224  16.426  75.364 0.1000000015
129008  38.882  17.493  75.191 0.1000000015
129821  37.694  17.913  74.799 0.1000000015
129822  37.155  18.454  74.622 0.1000000015
137118  37.661  27.052  71.794 0.1000000015
132563  54.159  20.321  64.111 0.1000000015
131639  54.153  19.797  64.845 0.1000000015
130699  53.773  19.379  65.292 0.1000000015
137126  37.526  27.179  71.073 0.1000000015
136373  37.209  26.581  70.666 0.1000000015
132565  53.142  21.153  64.392 0.1000000015
131640  54.042  20.349  65.034 0.1000000015
130700  53.095  19.049  65.693 0.1000000015
137139  37.888  27.693  69.672 0.1000000015
131573  51.736  20.653  69.341 0.1000000015
131545  50.062  20.825  70.364 0.1000000015
133414  49.921  22.029  71.226 0.1000000015
136384  38.018  27.215  69.069 0.1000000015
132467  49.578  21.137  71.051 0.1000000015
132454  49.056  21.650  71.374 0.1000000015
133407  47.833  22.109  71.312 0.1000000015
137984  39.409  28.279  68.809 0.1000000015
134296  49.200  23.774  71.201 0.1000000015
135024  48.631  24.144  70.601 0.1000000015
134288  48.109  22.826  71.289 0.1000000015
134289  47.652  22.589  71.184 0.1000000015
137983  40.251  28.255  68.601 0.1000000015
135052  48.094  24.459  68.955 0.1000000015
135038  48.005  24.319  69.924 0.1000000015
135039  47.265  24.624  70.070 0.1000000015
134298  47.384  23.207  70.898 0.1000000015
135739  47.417  25.035  68.181 0.1000000015
135723  47.400  24.698  68.951 0.1000000015
135724  46.783  25.011  69.298 0.1000000015
135026  46.801  24.338  70.501 0.1000000015
137981  41.817  27.727  68.646 0.1000000015
137982  41.274  28.185  68.607 0.1000000015
135740  46.327  25.506  68.371 0.1000000015
135711  46.388  25.576  69.871 0.1000000015
137962  45.097  28.372  71.007 0.1000000015
137971  43.230  28.177  69.612 0.1000000015
137954  46.457  28.975  70.939 0.1000000015
137963  44.002  28.242  70.415 0.1000000015
137955  45.985  28.881  71.286 0.1000000015
129006  40.790  17.070  75.556 0.1000000015
129007  39.897  17.535  75.493 0.1000000015
129813  37.560  19.008  74.884 0.1000000015
135691  36.826  25.007  72.088 0.1000000015
137920  38.497  27.987  73.866 0.1000000015
137930  38.320  28.139  72.979 0.1000000015
136359  37.740  26.471  72.280 0.1000000015
137117  37.973  27.367  72.445 0.1000000015
137948  38.162  28.332  72.087 0.1000000015
137125  37.847  27.742  71.551 0.1000000015
137132  37.826  27.873  70.658 0.1000000015
131597  53.257  20.194  68.046 0.1000000015
132485  52.274  21.554  69.672 0.1000000015
132465  51.522  22.009  70.418 0.1000000015
132466  50.552  21.580  70.765 0.1000000015
138834  38.596  29.062  70.969 0.1000000015
137965  38.428  28.577  70.303 0.1000000015
137964  38.973  28.902  69.828 0.1000000015
133413  50.847  22.681  71.059 0.1000000015
137975  39.336  28.777  69.276 0.1000000015
134294  51.244  23.801  70.617 0.1000000015
134295  50.209  23.682  71.103 0.1000000015
133404  50.007  22.825  71.361 0.1000000015
135022  50.665  24.573  70.217 0.1000000015
135036  49.875  24.650  69.612 0.1000000015
138847  40.788  28.631  68.716 0.1000000015
138848  40.435  28.854  68.839 0.1000000015
135721  49.860  25.701  68.364 0.1000000015
135051  49.190  24.825  68.703 0.1000000015
138839  42.746  28.656  69.435 0.1000000015
138828  44.308  29.207  70.812 0.1000000015
137956  45.598  29.056  71.359 0.1000000015
138817  46.775  29.529  71.630 0.1000000015
129811  39.264  18.574  75.527 0.1000000015
131572  52.841  20.820  68.908 0.1000000015
132484  52.987  21.706  68.958 0.1000000015
133425  52.183  22.431  69.995 0.1000000015
133412  51.756  22.997  70.419 0.1000000015
138820  39.741  29.802  70.910 0.1000000015
133448  52.979  22.383  68.506 0.1000000015
133424  52.697  22.610  69.313 0.1000000015
133411  52.309  23.139  69.858 0.1000000015
138842  40.120  29.244  69.326 0.1000000015
134304  52.622  23.736  69.386 0.1000000015
135701  50.898  25.093  69.814 0.1000000015
138831  40.785  29.732  69.862 0.1000000015
135708  51.749  25.452  69.663 0.1000000015
135709  51.062  25.591  69.414 0.1000000015
138830  41.864  29.698  69.822 0.1000000015
136391  50.426  26.218  68.429 0.1000000015
139501  43.635  30.060  70.969 0.1000000015
138840  42.208  28.984  69.273 0.1000000015
138829  43.135  29.233  70.017 0.1000000015
138819  45.132  29.349  71.420 0.1000000015
138816  47.473  30.072  71.605 0.1000000015
135689  37.917  25.981  72.629 0.1000000015
136358  38.123  26.479  72.918 0.1000000015
138791  38.636  28.847  73.493 0.1000000015
135033  52.415  24.680  69.503 0.1000000015
135034  52.087  25.020  69.822 0.1000000015
135021  51.611  24.676  70.094 0.1000000015
135707  52.285  25.411  69.427 0.1000000015
130623  38.517  19.486  75.352 0.1000000015
130634  37.193  19.551  74.691 0.1000000015
129810  39.851  18.222  75.652 0.1000000015
125745  46.855  13.969  66.403 0.1000000015
126645  45.927  14.081  70.500 0.1000000015
126829  44.759  14.601  58.484 0.1000000015
130821  46.430  19.569  57.617 0.1000000015
131734  48.046  20.552  56.871 0.1000000015
130831  43.490  19.486  57.302 0.1000000015
133560  47.799  22.486  59.874 0.1000000015
133576  49.615  22.382  58.946 0.1000000015
133544  48.210  22.295  60.418 0.1000000015
131744  49.060  21.428  57.099 0.1000000015
124860  37.669  12.800  61.189 0.1000000015
126840  41.296  14.654  57.103 0.2000000030
123895  36.694  11.531  62.249 0.1000000015
129142  43.260  17.845  56.945 0.1000000015
123869  32.405  11.652  64.112 0.1000000015
123886  32.936  12.053  63.911 0.1000000015
124828  30.344  12.533  64.904 0.1000000015
124829  29.274  12.678  65.240 0.1000000015
123884  34.509  11.552  63.326 0.1000000015
125810  44.396  13.466  62.420 0.1000000015
123885  33.639  11.725  63.604 0.1000000015
124826  32.310  12.556  64.228 0.1000000015
124830  28.216  12.648  65.269 0.1000000015
125797  33.256  13.651  63.581 0.1000000015
125776  30.879  13.558  64.680 0.1000000015
124818  29.096  13.187  65.334 0.1000000015
123896  35.887  11.944  62.769 0.1000000015
124839  35.114  12.461  63.135 0.1000000015
124841  33.504  12.682  63.663 0.1000000015
126789  43.173  14.459  61.574 0.1000000015
128359  44.224  16.309  58.523 0.1000000015
126750  31.974  14.357  64.121 0.1000000015
126766  32.535  14.420  63.715 0.1000000015
128306  29.820  16.640  64.778 0.1000000015
125816  33.749  13.795  63.268 0.1000000015
126741  28.685  13.892  65.304 0.1000000015
128371  42.347  16.781  57.672 0.1000000015
126778  34.423  14.628  62.410 0.1000000015
125814  35.157  13.715  62.590 0.1000000015
128372  41.721  16.111  57.803 0.1000000015
124861  36.993  13.070  61.683 0.1000000015
126791  36.079  14.811  61.180 0.1000000015
125846  37.008  13.903  61.141 0.1000000015
125746  45.782  13.724  66.210 0.1000000015
126704  44.876  13.943  67.845 0.1000000015
124765  43.025  12.919  70.702 0.1000000015
126726  43.019  13.683  66.516 0.1000000015
125770  44.819  13.344  64.037 0.1000000015
125771  44.084  13.274  64.265 0.1000000015
125772  43.192  13.364  64.421 0.1000000015
126727  42.219  13.961  66.321 0.1000000015
125698  39.888  13.127  70.270 0.1000000015
125791  44.164  13.310  63.305 0.1000000015
125773  42.453  13.571  64.590 0.1000000015
126790  42.855  14.514  61.991 0.1000000015
125774  41.904  13.857  64.625 0.1000000015
130814  41.560  19.528  59.293 0.1000000015
131723  41.471  20.545  59.179 0.1000000015
131724  40.795  20.950  59.554 0.1000000015
129944  41.488  18.480  59.299 0.1000000015
129901  33.737  18.845  64.367 0.1000000015
128304  31.950  16.693  64.042 0.1000000015
129128  40.852  17.980  59.769 0.1000000015
129121  40.227  17.596  60.172 0.1000000015
128343  40.107  17.189  60.055 0.1000000015
131701  39.397  20.485  60.950 0.1000000015
130795  38.616  19.807  61.750 0.1000000015
129932  39.212  18.497  61.287 0.1000000015
129101  37.992  18.102  61.945 0.1000000015
129923  38.012  18.498  62.042 0.1000000015
129102  37.643  17.998  62.141 0.1000000015
129924  37.459  18.683  62.478 0.1000000015
130782  37.411  19.586  62.667 0.1000000015
131692  38.328  20.328  62.009 0.1000000015
129103  36.587  17.672  62.539 0.1000000015
129104  35.360  17.286  62.770 0.1000000015
129105  34.297  17.114  62.954 0.1000000015
129093  34.754  17.811  63.367 0.1000000015
128325  33.647  16.522  62.839 0.1000000015
128313  33.298  16.866  63.304 0.1000000015
128362  41.555  16.826  58.576 0.1000000015
128344  39.553  17.118  60.424 0.1000000015
128333  38.822  17.126  61.005 0.1000000015
128347  36.719  15.919  60.679 0.1000000015
128336  35.612  16.173  61.658 0.1000000015
128337  34.968  15.769  61.813 0.1000000015
125779  27.663  13.479  65.116 0.1000000015
127547  27.839  15.277  65.068 0.1000000015
127594  41.059  15.845  58.066 0.1000000015
128345  38.514  16.431  60.368 0.1000000015
127540  27.056  16.359  65.128 0.1000000015
127587  38.260  15.270  59.264 0.1000000015
127597  38.711  14.790  58.734 0.1000000015
127588  37.628  14.978  59.643 0.1000000015
126805  37.210  14.656  60.248 0.1000000015
124768  40.260  12.596  70.677 0.1000000015
126763  42.050  14.685  63.251 0.1000000015
126749  41.546  14.435  64.579 0.1000000015
127529  40.286  15.570  66.421 0.1000000015
128321  42.618  16.556  62.759 0.1000000015
127542  41.320  15.305  64.552 0.1000000015
128302  41.623  16.592  64.426 0.1000000015
128293  40.935  16.499  65.045 0.1000000015
127531  39.024  15.821  66.890 0.1000000015
129942  45.535  19.034  59.572 0.1000000015
133583  41.810  22.113  58.907 0.1000000015
133585  40.484  21.919  59.584 0.1000000015
133568  39.764  21.843  60.418 0.1000000015
132632  39.280  21.191  60.858 0.1000000015
132633  38.827  21.536  61.312 0.1000000015
129903  32.006  18.409  64.893 0.1000000015
132571  35.762  21.424  63.989 0.1000000015
131671  35.444  20.643  64.143 0.1000000015
130749  35.027  19.934  64.260 0.1000000015
129074  27.615  17.612  65.312 0.1000000015
128299  27.295  16.876  65.168 0.1000000015
129089  43.236  17.689  63.554 0.1000000015
126691  37.173  14.884  68.421 0.1000000015
128279  37.580  16.481  67.719 0.1000000015
129921  45.185  18.751  62.363 0.1000000015
129900  42.262  18.488  64.695 0.1000000015
129936  45.505  19.043  60.682 0.1000000015
133581  44.127  22.428  58.905 0.1000000015
133528  40.523  22.485  61.783 0.1000000015
133552  38.872  21.928  61.276 0.1000000015
134393  38.128  23.014  62.504 0.1000000015
133532  37.348  22.493  62.853 0.1000000015
134384  36.694  23.619  63.334 0.1000000015
133512  37.055  22.627  63.077 0.1000000015
122880  44.452  10.791  71.410 0.1000000015
123813  40.969  11.215  71.330 0.1000000015
125676  35.101  13.900  71.473 0.1000000015
126671  36.143  15.032  69.126 0.1000000015
129069  40.580  17.837  65.468 0.1000000015
129059  39.439  17.493  66.347 0.1000000015
128278  38.181  16.525  67.303 0.1000000015
128274  37.076  16.582  68.143 0.1000000015
129871  39.487  18.560  66.658 0.1000000015
129868  38.566  18.294  67.603 0.1000000015
131733  48.695  20.764  57.424 0.1000000015
135782  37.832  25.342  63.579 0.1000000015
135109  40.085  24.312  63.658 0.1000000015
136454  39.501  26.186  63.550 0.1000000015
136455  38.508  26.231  63.535 0.1000000015
122860  41.673  10.106  72.320 0.1000000015
122850  40.524  10.771  73.258 0.1000000015
122851  39.993  10.921  72.932 0.1000000015
123790  39.611  11.081  72.574 0.1000000015
129896  45.463  18.858  63.649 0.1000000015
129920  46.027  18.975  62.473 0.1000000015
130716  44.714  19.823  65.004 0.1000000015
130719  41.573  19.968  65.825 0.1000000015
129863  37.595  17.988  68.875 0.1000000015
129855  37.239  17.949  69.345 0.1000000015
131721  50.002  20.617  58.706 0.1000000015
133510  42.228  22.557  62.963 0.1000000015
135097  42.873  24.165  64.188 0.1000000015
135778  41.755  25.188  63.969 0.1000000015
136452  41.499  26.109  63.655 0.1000000015
124721  37.218  12.716  73.490 0.1000000015
131647  44.660  20.527  65.658 0.1000000015
131648  43.677  20.628  65.840 0.1000000015
131636  41.162  20.196  67.707 0.1000000015
131635  41.920  20.537  67.455 0.1000000015
130802  49.158  19.989  60.345 0.1000000015
130680  38.580  18.851  69.874 0.1000000015
129839  36.991  18.648  69.981 0.1000000015
131731  50.438  21.270  58.400 0.1000000015
133545  45.529  21.975  60.925 0.1000000015
125656  36.673  13.568  73.644 0.1000000015
131561  34.920  19.621  70.632 0.1000000015
130713  47.291  19.875  64.763 0.1000000015
131634  42.713  20.869  67.177 0.1000000015
132545  44.183  21.069  67.830 0.1000000015
130686  40.650  19.583  69.063 0.1000000015
132501  36.181  21.151  69.752 0.1000000015
131710  51.345  20.653  59.710 0.1000000015
131617  41.877  20.238  68.390 0.1000000015
131603  43.684  20.397  68.968 0.1000000015
131582  42.573  19.608  69.690 0.1000000015
131555  40.479  19.991  70.735 0.1000000015
132665  50.579  21.779  58.598 0.1000000015
130655  42.125  19.590  70.837 0.1000000015
132631  45.243  21.843  61.613 0.1000000015
135768  46.685  25.342  65.090 0.1000000015
136439  47.524  26.073  64.781 0.1000000015
124710  41.641  12.972  75.315 0.1000000015
128241  35.453  16.534  73.516 0.1000000015
131532  34.424  19.974  72.113 0.1000000015
132462  34.650  20.836  71.735 0.1000000015
131669  48.796  19.919  64.866 0.1000000015
130789  50.852  19.978  61.164 0.1000000015
133419  35.136  21.922  70.686 0.1000000015
131719  51.458  21.161  59.492 0.1000000015
131709  51.963  20.717  60.187 0.1000000015
132541  47.291  21.202  66.871 0.1000000015
133575  50.402  22.210  59.037 0.1000000015
132640  50.979  21.810  60.246 0.1000000015
132528  46.412  21.418  67.971 0.1000000015
132518  44.777  20.604  68.890 0.1000000015
130653  43.860  19.451  70.657 0.1000000015
131554  41.388  20.065  70.994 0.1000000015
132476  40.228  20.451  70.518 0.1000000015
133433  38.625  22.124  69.218 0.1000000015
133542  49.597  22.151  60.600 0.1000000015
132642  47.558  22.122  60.683 0.1000000015
136445  48.710  27.162  63.896 0.1000000015
129827  35.425  18.410  73.555 0.1000000015
130740  51.010  19.444  64.345 0.1000000015
132527  47.304  21.403  67.744 0.1000000015
132641  50.227  22.098  60.257 0.1000000015
132490  46.476  20.690  69.619 0.1000000015
131579  45.370  20.200  69.907 0.1000000015
132497  40.016  21.145  70.096 0.1000000015
132628  47.966  21.904  61.224 0.1000000015
135763  47.917  25.056  65.613 0.1000000015
130738  53.144  19.213  63.668 0.1000000015
132450  35.026  21.096  72.507 0.1000000015
130711  52.214  19.202  65.032 0.1000000015
132608  53.298  21.202  62.600 0.1000000015
132623  52.832  21.320  61.718 0.1000000015
132626  50.067  21.922  61.167 0.1000000015
132610  51.346  21.590  62.386 0.1000000015
132525  49.010  21.240  67.751 0.1000000015
131577  47.216  20.570  70.192 0.1000000015
131550  44.974  19.768  70.816 0.1000000015
131539  44.026  20.111  71.436 0.1000000015
132473  42.664  21.088  70.767 0.1000000015
131548  47.008  20.352  70.801 0.1000000015
131537  45.716  20.351  71.298 0.1000000015
132460  43.828  20.526  71.307 0.1000000015
133450  41.881  23.113  68.859 0.1000000015
132570  47.701  21.717  64.043 0.1000000015
135762  49.071  25.192  65.918 0.1000000015
131575  49.187  20.884  69.539 0.1000000015
131598  52.117  20.265  68.348 0.1000000015
132471  44.857  21.693  70.771 0.1000000015
132494  43.174  21.866  70.150 0.1000000015
132569  48.524  21.683  64.158 0.1000000015
132455  48.164  21.458  71.372 0.1000000015
132470  45.896  21.755  71.019 0.1000000015
132492  44.730  22.175  70.338 0.1000000015
135058  39.823  24.663  68.318 0.1000000015
134348  48.900  23.473  66.320 0.1000000015
134347  49.677  23.509  66.760 0.1000000015
133491  48.637  22.121  64.975 0.1000000015
133481  47.986  22.682  65.355 0.1000000015
133479  49.669  22.383  66.237 0.1000000015
132553  49.247  22.035  65.233 0.1000000015
134307  43.313  23.731  69.093 0.1000000015
135081  50.301  24.327  67.034 0.1000000015
135761  50.173  25.580  65.934 0.1000000015
132586  53.568  21.055  63.575 0.1000000015
132588  51.646  21.506  63.430 0.1000000015
132567  50.855  21.530  64.462 0.1000000015
132486  51.174  21.131  70.106 0.1000000015
133416  46.573  22.475  70.820 0.1000000015
133417  45.632  22.611  70.402 0.1000000015
135056  41.829  24.726  68.473 0.1000000015
132538  50.944  21.861  66.550 0.1000000015
133473  50.850  22.407  67.032 0.1000000015
135042  44.101  24.674  69.546 0.1000000015
135727  42.356  25.627  68.633 0.1000000015
136379  46.287  25.646  70.445 0.1000000015
135027  45.893  24.516  70.532 0.1000000015
135028  45.475  25.022  70.657 0.1000000015
135712  44.504  25.466  70.234 0.1000000015
136383  43.403  26.518  69.511 0.1000000015
137136  45.774  27.321  69.752 0.1000000015
136371  45.374  26.186  70.956 0.1000000015
137137  43.706  27.312  70.032 0.1000000015
137978  45.166  27.967  68.854 0.1000000015
135725  46.116  25.794  69.156 0.1000000015
137147  45.104  27.486  68.484 0.1000000015
137968  46.213  29.097  69.973 0.1000000015
137970  44.811  28.913  69.093 0.1000000015
132549  53.587  20.784  65.130 0.1000000015
137957  38.203  28.469  71.208 0.1000000015
133405  49.343  22.499  71.416 0.1000000015
133406  48.574  22.255  71.395 0.1000000015
135037  48.910  24.346  69.708 0.1000000015
134297  48.313  23.597  71.146 0.1000000015
135025  47.745  24.102  70.624 0.1000000015
135053  47.484  24.586  69.457 0.1000000015
138832  39.919  29.616  70.118 0.1000000015
135050  50.161  25.176  69.012 0.1000000015
134314  52.886  23.474  68.676 0.1000000015
104712  43.046  -7.358  56.627 0.1000000015
105790  42.843  -6.391  55.112 0.1000000015
104724  42.986  -7.367  55.690 0.1000000015
104729  43.443  -7.527  54.396 0.1000000015
105801  45.935  -6.359  54.018 0.1000000015
105797  42.868  -6.404  54.170 0.1000000015
104728  44.034  -7.544  53.998 0.1000000015
104737  42.952  -7.189  53.886 0.1000000015
105803  44.424  -7.294  53.684 0.1000000015
104736  43.484  -7.338  53.361 0.1000000015
105802  45.008  -6.886  53.412 0.1000000015
105805  43.086  -6.500  53.202 0.1000000015
106839  43.161  -5.356  52.424 0.1000000015
104746  44.280  -7.182  52.204 0.1000000015
104747  43.719  -7.217  52.538 0.1000000015
105811  45.317  -6.724  52.273 0.1000000015
104756  44.446  -6.764  51.640 0.1000000015
106825  46.654  -5.986  54.613 0.1000000015
105822  44.080  -6.323  51.572 0.1000000015
104730  42.913  -7.232  54.712 0.1000000015
106833  42.770  -5.533  53.630 0.1000000015
104735  44.230  -7.389  53.061 0.1000000015
105804  43.370  -6.969  52.805 0.1000000015
104734  44.704  -7.074  52.531 0.1000000015
92278  32.544  -18.167  82.195 0.1000000015
92332  30.882  -18.410  79.690 0.1000000015
92345  34.924  -18.469  79.078 0.1000000015
92348  32.558  -18.595  78.908 0.1000000015
92366  33.854  -18.434  78.451 0.1000000015
92370  30.753  -18.349  77.867 0.1000000015
93420  30.723  -17.555  81.549 0.1000000015
93451  36.014  -18.193  79.403 0.1000000015
93452  30.131  -18.001  80.012 0.1000000015
93469  36.405  -17.676  79.077 0.1000000015
93491  32.415  -17.957  77.303 0.1000000015
93511  32.990  -17.388  76.925 0.1000000015
93516  28.811  -16.658  76.579 0.1000000015
94552  40.423  -16.199  81.715 0.1000000015
94604  35.730  -17.217  78.158 0.1000000015
94648  30.393  -16.673  75.915 0.1000000015
94655  31.248  -16.042  75.627 0.1000000015
94658  28.746  -15.302  75.625 0.1000000015
95713  40.016  -15.240  79.959 0.2000000030
95759  34.366  -16.069  76.777 0.1000000015
95773  33.035  -15.863  76.169 0.1000000015
95803  52.846  -15.233  74.273 0.2000000030
95809  41.835  -15.038  71.929 0.1000000015
95812  37.155  -15.102  72.016 0.2000000030
95816  33.529  -14.746  72.500 0.2000000030
95843  44.032  -14.964  70.764 0.1000000015
95849  38.698  -15.619  70.552 0.1000000015
95868  35.523  -15.197  69.863 0.2000000030
96762  41.403  -13.959  80.793 0.1000000015
96860  30.323  -13.854  74.533 0.1000000015
96871  44.499  -14.067  73.001 0.1000000015
96874  36.689  -13.974  73.238 0.2000000030
96879  32.145  -14.168  73.669 0.1000000015
96891  46.649  -14.216  72.100 0.1000000015
96911  46.995  -14.243  71.668 0.1000000015
96916  42.757  -15.041  71.706 0.1000000015
96917  40.939  -14.840  72.256 0.1000000015
96920  38.726  -15.298  71.753 0.1000000015
96964  32.726  -14.106  69.954 0.2000000030
97090  51.463  -14.703  55.373 0.1000000015
98007  34.562  -14.057  74.913 0.2000000030
98009  31.012  -13.745  74.126 0.1000000015
98034  34.991  -14.066  74.375 0.2000000030
98036  31.495  -13.925  73.737 0.1000000015
98054  44.930  -14.003  72.942 0.1000000015
98060  37.176  -13.929  73.127 0.2000000030
98075  30.148  -12.762  71.479 0.1000000015
98096  54.654  -13.627  69.344 0.1000000015
98104  43.762  -13.921  68.805 0.1000000015
98130  33.972  -13.123  68.801 0.2000000030
99127  41.641  -12.685  77.709 0.2000000030
99149  39.668  -12.893  75.161 0.1000000015
99182  38.960  -12.784  73.837 0.1000000015
99183  38.623  -12.918  73.851 0.1000000015
99200  29.723  -12.053  71.473 0.1000000015
99217  50.658  -12.079  69.741 0.2000000030
100206  43.576  -11.471  80.013 0.1000000015
100226  43.365  -11.786  79.027 0.1000000015
100242  43.534  -11.732  77.897 0.2000000030
100265  42.989  -11.474  76.357 0.2000000030
100319  56.850  -11.749  69.657 0.1000000015
100326  45.443  -11.117  68.766 0.2000000030
100334  45.388  -11.687  68.666 0.1000000015
100339  37.722  -11.914  68.017 0.1000000015
100361  37.611  -10.861  67.842 0.1000000015
100363  57.647  -10.559  66.487 0.1000000015
100370  56.913  -11.446  65.325 0.1000000015
100424  57.171  -11.629  59.969 0.1000000015
100425  56.968  -11.542  59.768 0.1000000015
100429  48.417  -11.865  60.199 0.1000000015
100450  50.529  -11.751  56.586 0.1000000015
101270  48.306  -9.541  76.927 0.2000000030
101271  45.261  -10.151  77.992 0.1000000015
101277  49.560  -10.890  76.646 0.2000000030
101332  56.826  -10.857  70.211 0.1000000015
101333  51.854  -10.256  70.721 0.3000000119
101336  30.939  -10.526  70.216 0.2000000030
101346  46.517  -10.544  69.133 0.3000000119
101385  43.008  -10.135  66.724 0.2000000030
101410  49.833  -10.698  62.641 0.1000000015
102304  47.699  -8.775  77.094 0.2000000030
102322  46.157  -9.726  76.130 0.2000000030
102346  53.610  -8.584  73.176 0.3000000119
102365  49.721  -8.544  71.336 0.3000000119
102384  47.189  -8.759  69.998 0.3000000119
102390  50.078  -9.793  70.147 0.3000000119
102397  31.833  -9.560  69.483 0.2000000030
102419  57.918  -9.638  66.283 0.1000000015
102423  44.071  -10.077  67.403 0.2000000030
102426  38.210  -9.530  67.531 0.1000000015
102472  49.379  -9.668  61.589 0.1000000015
102498  51.505  -9.527  58.046 0.1000000015
103347  47.362  -8.732  77.036 0.2000000030
103378  55.655  -8.962  73.679 0.3000000119
103395  51.114  -7.825  72.424 0.3000000119
103405  51.446  -8.427  72.187 0.3000000119
103408  49.120  -7.921  71.321 0.3000000119
103409  48.570  -7.764  70.984 0.3000000119
103421  50.021  -8.610  71.450 0.3000000119
103424  47.425  -8.320  70.143 0.3000000119
103429  51.054  -7.658  69.226 0.3000000119
103431  47.231  -8.106  69.766 0.3000000119
103440  51.612  -7.736  68.556 0.3000000119
103441  51.233  -7.760  68.788 0.3000000119
103444  48.866  -7.783  68.255 0.3000000119
103464  51.063  -7.948  67.727 0.3000000119
103470  44.884  -9.080  67.152 0.2000000030
103477  51.061  -7.925  66.979 0.3000000119
103487  39.783  -8.464  66.830 0.2000000030
103504  51.079  -9.032  63.223 0.1000000015
103511  50.608  -8.672  62.635 0.1000000015
103593  54.003  -6.922  56.242 0.1000000015
104487  52.527  -7.046  73.368 0.3000000119
104497  52.047  -7.348  73.002 0.3000000119
104506  51.711  -6.629  71.830 0.3000000119
104563  32.747  -7.898  69.036 0.2000000030
104589  51.048  -7.569  66.441 0.3000000119
104597  43.578  -7.742  65.768 0.2000000030
104620  54.874  -7.074  64.181 0.1000000015
104628  55.163  -7.633  63.936 0.1000000015
104650  50.642  -7.737  61.855 0.1000000015
104690  54.636  -7.237  57.083 0.1000000015
104745  44.803  -6.883  51.857 0.2000000030
104757  43.905  -6.961  51.920 0.1000000015
105586  55.920  -5.803  73.145 0.3000000119
105597  53.707  -5.840  72.745 0.3000000119
105600  51.495  -6.949  72.838 0.3000000119
105601  51.130  -7.061  72.736 0.3000000119
105623  54.246  -6.164  71.107 0.3000000119
105630  54.676  -6.243  70.281 0.3000000119
105645  38.736  -6.922  68.706 0.3000000119
105647  36.902  -7.012  68.673 0.3000000119
105661  55.315  -5.860  68.368 0.3000000119
105665  39.606  -7.051  67.884 0.2000000030
105668  57.688  -7.110  66.816 0.1000000015
105672  46.974  -6.976  65.976 0.3000000119
105692  41.955  -6.944  65.872 0.2000000030
105696  55.526  -6.680  64.085 0.1000000015
105697  55.140  -6.601  64.148 0.1000000015
105710  53.143  -6.028  63.124 0.1000000015
105712  51.789  -6.687  62.266 0.1000000015
105738  54.057  -5.906  58.951 0.1000000015
105757  56.164  -5.787  56.939 0.1000000015
105812  43.487  -6.420  52.329 0.1000000015
105813  43.187  -6.009  52.726 0.1000000015
105828  46.313  -6.181  50.799 0.2000000030
105830  45.176  -5.890  50.352 0.2000000030
105836  46.240  -5.802  49.674 0.2000000030
106622  55.120  -5.418  74.314 0.3000000119
106636  54.332  -5.407  73.650 0.3000000119
106637  53.881  -5.808  73.393 0.3000000119
106643  54.803  -5.095  72.449 0.3000000119
106644  54.377  -5.330  72.963 0.3000000119
106651  54.591  -5.398  72.220 0.3000000119
106660  40.318  -5.377  70.088 0.2000000030
106673  34.419  -5.274  69.057 0.3000000119
106679  57.884  -5.062  67.989 0.2000000030
106699  55.657  -5.277  67.666 0.3000000119
106707  54.175  -6.151  66.455 0.3000000119
106708  42.226  -5.571  66.018 0.2000000030
106709  41.642  -5.619  66.486 0.2000000030
106757  53.341  -5.103  60.260 0.1000000015
106777  55.709  -5.452  57.803 0.1000000015
106786  56.403  -5.228  56.696 0.1000000015
106840  42.951  -5.648  52.976 0.1000000015
106845  47.744  -5.271  51.142 0.2000000030
106854  48.064  -5.021  50.344 0.3000000119
106857  44.841  -5.487  50.493 0.2000000030
106868  46.834  -5.004  48.719 0.2000000030
107683  55.290  -5.045  74.076 0.3000000119
107684  55.007  -4.903  74.140 0.3000000119
107692  55.618  -5.081  73.378 0.3000000119
107708  41.897  -4.035  71.566 0.2000000030
107723  38.681  -4.471  69.756 0.4000000060
107727  57.985  -3.880  69.440 0.2000000030
107740  32.630  -5.077  70.359 0.2000000030
107789  45.198  -4.783  65.443 0.3000000119
107797  52.441  -3.617  65.104 0.3000000119
107834  55.072  -4.115  58.907 0.1000000015
107870  55.769  -4.641  54.946 0.1000000015
107885  56.094  -3.679  54.706 0.2000000030
107893  49.117  -4.856  54.503 0.1000000015
107913  53.545  -3.309  52.462 0.3000000119
107927  43.984  -4.656  51.404 0.2000000030
107955  48.113  -3.369  47.065 0.3000000119
108760  31.618  -3.110  74.090 0.2000000030
108768  31.906  -2.995  73.420 0.2000000030
108774  42.019  -2.934  72.450 0.3000000119
108776  32.084  -3.349  72.975 0.2000000030
108782  42.424  -3.846  71.723 0.2000000030
108786  33.106  -3.027  71.133 0.3000000119
108810  43.046  -3.408  70.189 0.2000000030
108835  50.560  -3.030  67.412 0.3000000119
108839  43.242  -2.950  67.996 0.2000000030
108861  52.112  -3.211  65.291 0.3000000119
108864  48.280  -3.903  65.936 0.3000000119
108871  55.047  -2.974  64.892 0.3000000119
108881  55.838  -3.528  63.184 0.2000000030
108887  48.439  -3.037  61.770 0.6000000238
108888  47.717  -3.224  61.661 0.6000000238
108891  53.892  -3.960  60.981 0.1000000015
108895  47.413  -3.419  60.992 0.5000000000
108903  53.946  -3.993  60.705 0.1000000015
108905  50.149  -3.120  60.337 0.6000000238
108917  54.625  -3.417  59.841 0.1000000015
108919  49.773  -3.401  59.340 0.5000000000
108921  47.862  -3.673  59.251 0.6000000238
108928  56.016  -3.514  58.209 0.1000000015
108933  47.686  -3.581  58.300 0.6000000238
108941  50.173  -3.177  57.463 0.5000000000
108944  47.572  -3.379  57.375 0.6000000238
108952  49.920  -3.115  56.778 0.6000000238
108955  47.447  -3.079  56.422 0.6000000238
108956  46.764  -2.924  56.789 0.6000000238
108963  48.956  -3.143  56.030 0.6000000238
108974  48.424  -2.866  55.074 0.6000000238
108976  41.342  -3.711  54.526 0.1000000015
108981  55.457  -3.095  53.890 0.3000000119
108982  54.950  -2.970  53.297 0.4000000060
108983  54.511  -3.118  52.960 0.4000000060
108985  52.942  -3.375  52.155 0.3000000119
108992  53.927  -2.959  52.656 0.3000000119
109022  45.216  -3.289  49.895 0.2000000030
109030  46.785  -3.477  47.634 0.4000000060
109040  47.893  -3.080  46.689 0.3000000119
109049  48.272  -2.495  46.525 0.4000000060
109050  48.147  -2.702  46.469 0.3000000119
109798  46.135  -2.191  81.258 0.1000000015
109829  33.070  -1.768  78.179 0.1000000015
109852  44.820  -2.360  73.342 0.3000000119
109855  42.657  -1.898  73.280 0.3000000119
109873  43.645  -3.204  72.087 0.2000000030
109874  41.379  -2.922  72.125 0.2000000030
109876  39.834  -2.404  71.639 0.4000000060
109881  34.427  -2.017  71.340 0.3000000119
109883  32.793  -2.638  71.846 0.3000000119
109889  57.234  -3.054  70.302 0.2000000030
109892  39.777  -2.950  70.981 0.4000000060
109895  36.958  -2.669  70.282 0.3000000119
109905  50.990  -2.207  69.226 0.3000000119
109910  36.824  -3.066  69.840 0.3000000119
109916  57.931  -2.180  68.852 0.2000000030
109926  43.098  -2.988  69.130 0.2000000030
109938  50.441  -2.786  67.966 0.3000000119
109939  49.605  -2.815  67.952 0.3000000119
109942  46.254  -2.229  67.614 0.2000000030
109951  48.072  -3.149  67.072 0.3000000119
109975  49.055  -2.193  63.088 0.6000000238
109977  47.120  -2.544  63.074 0.6000000238
109979  45.687  -1.909  62.644 0.6999999881
109981  56.740  -1.860  62.426 0.2000000030
109984  54.604  -3.200  61.677 0.1000000015
109986  49.511  -2.386  62.373 0.6000000238
109987  48.720  -2.649  62.356 0.6000000238
110000  49.889  -2.622  61.613 0.5000000000
110003  45.905  -2.867  60.988 0.6000000238
110013  52.847  -1.705  60.395 0.5000000000
110016  50.366  -2.739  60.987 0.6000000238
110025  56.208  -2.053  59.089 0.2000000030
110028  53.639  -1.531  59.399 0.4000000060
110039  56.329  -2.481  58.410 0.2000000030
110046  45.787  -2.238  57.831 0.6000000238
110052  57.106  -1.824  57.334 0.2000000030
110060  45.892  -2.207  56.862 0.5000000000
110066  57.136  -1.905  57.075 0.2000000030
110067  56.861  -2.344  56.566 0.1000000015
110068  55.745  -1.528  56.126 0.4000000060
110076  46.650  -2.669  56.198 0.5000000000
110093  47.306  -2.739  55.329 0.5000000000
110111  48.757  -2.608  54.292 0.6000000238
110136  53.936  -2.670  52.949 0.4000000060
110157  46.908  -1.880  51.555 0.5000000000
110178  47.973  -2.082  49.230 0.5000000000
110207  48.075  -2.075  46.208 0.4000000060
110980  33.420  -1.253  78.443 0.1000000015
110989  31.008  -0.848  76.386 0.2000000030
110994  46.268  -0.732  74.307 0.4000000060
110997  30.741  -0.639  75.189 0.2000000030
111020  44.940  -2.415  72.728 0.3000000119
111022  40.954  -1.809  72.900 0.3000000119
111027  36.349  -1.200  72.635 0.3000000119
111029  34.565  -1.191  72.400 0.3000000119
111038  45.247  -2.035  72.243 0.3000000119
111039  44.683  -2.416  72.267 0.3000000119
111046  33.618  -1.820  72.102 0.3000000119
111051  51.117  -1.531  70.013 0.4000000060
111062  57.096  -2.238  69.546 0.2000000030
111078  57.100  -1.940  69.096 0.2000000030
111081  49.131  -2.166  69.019 0.3000000119
111106  47.451  -1.019  65.983 0.4000000060
111107  47.062  -0.863  66.014 0.5000000000
111112  57.977  -0.928  66.396 0.2000000030
111119  46.807  -1.077  65.518 0.5000000000
111120  46.270  -0.798  65.213 0.6000000238
111136  45.706  -0.857  64.031 0.6999999881
111140  57.999  -2.019  63.992 0.2000000030
111152  51.326  -1.233  62.498 0.4000000060
111163  55.888  -1.703  61.063 0.2000000030
111165  52.456  -0.973  61.810 0.4000000060
111167  51.038  -1.770  62.030 0.5000000000
111178  55.808  -1.733  60.354 0.2000000030
111180  53.527  -0.978  60.798 0.4000000060
111182  52.168  -1.587  61.320 0.4000000060
111197  53.214  -1.489  60.369 0.4000000060
111210  54.739  -0.848  58.767 0.4000000060
111222  57.087  -1.674  57.586 0.2000000030
111225  54.292  -1.348  58.451 0.5000000000
111235  57.107  -1.518  56.814 0.1000000015
111239  45.832  -1.631  55.837 0.5000000000
111240  43.346  -0.861  56.282 0.1000000015
111251  46.441  -1.877  54.658 0.5000000000
111263  45.936  -1.141  54.780 0.5000000000
111285  46.873  -1.499  50.919 0.5000000000
111305  47.971  -1.045  48.054 0.5000000000
111320  47.957  -1.071  45.999 0.4000000060
111321  47.536  -0.901  46.147 0.4000000060
112095  48.033  -0.103  74.528 0.5000000000
112097  46.069  -0.380  74.285 0.4000000060
112106  48.509  -0.100  74.203 0.4000000060
112111  43.128  -0.740  73.599 0.3000000119
112114  40.788  -0.791  73.267 0.3000000119
112117  30.908  0.140  73.906 0.2000000030
112123  50.330  0.421  72.884 0.4000000060
112138  31.582  -0.059  72.871 0.2000000030
112147  46.733  -1.016  72.471 0.3000000119
112151  32.379  0.034  72.041 0.3000000119
112158  47.383  -0.844  71.455 0.2000000030
112161  51.261  -1.101  70.104 0.4000000060
112163  50.540  -0.207  69.608 0.4000000060
112183  47.717  -0.394  67.388 0.4000000060
112184  46.971  -0.135  66.976 0.4000000060
112193  46.609  -0.175  66.390 0.5000000000
112205  45.766  -0.130  65.124 0.6999999881
112209  56.313  0.318  65.239 0.3000000119
112217  45.964  -0.583  65.039 0.6000000238
112243  52.969  -0.555  61.920 0.4000000060
112256  57.372  -0.149  60.687 0.2000000030
112274  55.046  -0.349  59.414 0.3000000119
112283  57.223  -0.577  58.317 0.2000000030
112284  56.526  0.026  58.024 0.2000000030
112286  55.313  -0.380  58.703 0.4000000060
112289  41.839  -0.862  58.429 0.1000000015
112294  57.178  -0.708  57.584 0.2000000030
112296  56.194  -0.386  57.373 0.2000000030
112300  42.275  -0.909  57.800 0.1000000015
112304  57.220  -1.096  57.093 0.2000000030
112305  56.906  -0.856  56.820 0.2000000030
112307  45.629  -0.939  55.959 0.5000000000
112309  43.181  -0.664  56.999 0.1000000015
112314  45.750  -0.813  55.186 0.5000000000
112321  46.155  -0.596  53.804 0.5000000000
112350  46.904  -0.411  49.953 0.5000000000
112360  47.170  -0.352  49.411 0.5000000000
112361  45.220  -0.689  49.451 0.3000000119
112368  47.960  -0.196  47.803 0.5000000000
112376  48.307  -0.329  46.692 0.4000000060
112385  47.683  -0.278  46.145 0.4000000060
112386  47.212  -0.327  46.283 0.4000000060
113065  36.703  0.315  79.373 0.1000000015
113070  36.226  0.658  79.177 0.1000000015
113074  32.923  0.160  78.209 0.1000000015
113078  33.142  0.762  78.059 0.1000000015
113084  30.799  0.440  75.789 0.2000000030
113087  30.692  0.842  75.074 0.2000000030
113089  50.703  1.353  74.307 0.4000000060
113091  48.750  0.460  74.414 0.5000000000
113102  49.632  0.544  73.966 0.4000000060
113143  51.908  1.249  72.210 0.4000000060
113145  46.298  0.986  71.529 0.5000000000
113150  41.539  0.794  72.178 0.3000000119
113156  35.388  -0.062  72.078 0.3000000119
113160  31.771  0.681  71.737 0.3000000119
113199  48.449  0.442  68.698 0.4000000060
113201  44.800  1.387  69.063 0.5000000000
113211  47.121  0.435  67.433 0.5000000000
113214  57.282  0.366  66.442 0.3000000119
113220  45.841  0.421  65.437 0.6999999881
113229  45.421  0.283  63.998 0.6999999881
113235  45.305  0.217  63.085 0.6999999881
113242  55.013  1.052  62.096 0.4000000060
113246  45.437  0.136  62.099 0.6999999881
113260  53.981  0.411  62.319 0.4000000060
113274  55.608  0.696  60.469 0.3000000119
113285  55.951  0.678  59.517 0.3000000119
113286  46.158  0.678  58.933 0.6000000238
113293  56.908  0.507  58.585 0.2000000030
113302  57.202  -0.305  58.092 0.2000000030
113311  46.101  0.670  56.893 0.5000000000
113312  45.728  -0.060  56.488 0.5000000000
113313  44.175  0.651  56.027 0.1000000015
113327  45.829  -0.364  55.040 0.5000000000
113343  47.108  1.127  51.087 0.5000000000
113344  46.785  0.557  51.293 0.5000000000
113349  47.198  0.997  50.519 0.5000000000
113359  47.020  0.018  49.756 0.5000000000
113379  48.156  0.525  46.501 0.4000000060
114112  45.552  1.926  79.843 0.1000000015
114113  45.110  1.925  79.826 0.1000000015
114126  40.179  2.145  78.752 0.1000000015
114141  31.680  1.137  76.742 0.2000000030
114145  31.517  1.501  76.185 0.2000000030
114150  52.128  2.518  74.252 0.6000000238
114151  51.895  2.253  74.389 0.6000000238
114160  52.338  2.422  74.102 0.5000000000
114162  51.269  1.377  74.139 0.5000000000
114165  47.909  1.451  73.788 0.5000000000
114176  52.705  2.316  73.640 0.5000000000
114177  52.407  1.629  73.297 0.5000000000
114179  48.673  1.918  73.128 0.5000000000
114182  31.135  0.986  72.334 0.2000000030
114187  52.954  2.234  73.005 0.5000000000
114191  47.660  1.693  71.647 0.5000000000
114198  51.144  1.432  71.317 0.4000000060
114200  47.286  1.830  70.814 0.5000000000
114202  46.001  1.590  69.951 0.6000000238
114206  33.428  1.665  70.220 0.3000000119
114210  49.933  1.440  70.304 0.4000000060
114212  46.251  2.008  69.699 0.6000000238
114213  45.671  1.831  69.353 0.6000000238
114214  45.099  1.626  69.069 0.5000000000
114237  35.428  2.018  68.890 0.4000000060
114241  46.788  1.085  67.192 0.6000000238
114251  46.977  1.757  67.064 0.6999999881
114254  57.142  1.208  65.671 0.3000000119
114256  46.045  1.238  65.644 0.6999999881
114257  45.719  0.925  65.040 0.6999999881
114270  45.857  1.666  63.945 0.6999999881
114282  45.590  0.939  62.507 0.6999999881
114294  46.043  1.614  61.897 0.6999999881
114305  56.685  1.362  60.330 0.2000000030
114306  56.152  1.171  60.428 0.3000000119
114309  45.851  0.738  60.908 0.6999999881
114315  57.264  1.180  60.065 0.2000000030
114317  47.081  1.925  59.714 0.6000000238
114318  46.615  1.304  59.312 0.6000000238
114326  43.341  1.341  57.879 0.1000000015
114341  43.938  1.589  56.393 0.2000000030
114352  47.185  1.787  53.753 0.5000000000
114360  46.722  1.144  53.154 0.5000000000
114366  46.915  1.178  52.174 0.5000000000
114397  48.307  1.337  47.870 0.5000000000
114399  45.804  1.078  48.615 0.4000000060
114405  48.431  1.177  47.221 0.5000000000
114406  46.833  1.313  46.870 0.4000000060
114411  47.999  1.258  46.384 0.5000000000
114413  47.288  1.143  46.453 0.4000000060
115169  45.318  2.729  80.052 0.1000000015
115173  45.800  2.007  79.809 0.1000000015
115179  40.930  2.135  78.876 0.1000000015
115183  41.128  2.816  78.522 0.1000000015
115189  35.261  2.008  77.915 0.1000000015
115193  37.765  3.212  77.592 0.1000000015
115199  32.326  1.829  76.738 0.2000000030
115212  52.285  2.731  74.094 0.6000000238
115214  51.399  2.377  74.388 0.6000000238
115215  50.949  2.076  74.514 0.6000000238
115219  52.692  2.953  73.788 0.5000000000
115220  52.265  3.079  73.985 0.6000000238
115223  30.991  2.868  73.592 0.2000000030
115234  51.311  3.347  73.423 0.6000000238
115237  30.679  2.247  72.470 0.2000000030
115242  52.215  2.581  71.569 0.6000000238
115247  31.147  2.513  71.235 0.2000000030
115252  51.084  2.542  70.758 0.6000000238
115254  48.766  2.984  71.099 0.6000000238
115257  33.320  2.366  69.772 0.2000000030
115261  50.702  3.019  69.981 0.6000000238
115278  47.888  1.873  68.055 0.6000000238
115280  45.818  2.680  68.634 0.6000000238
115281  45.130  2.302  68.460 0.5000000000
115288  48.402  2.822  67.657 0.6999999881
115303  43.337  3.082  66.696 0.6000000238
115310  46.940  2.726  65.052 0.6999999881
115348  46.927  2.164  60.707 0.6000000238
115355  48.449  2.838  58.593 0.6999999881
115364  43.193  1.719  58.132 0.1000000015
115371  48.944  2.849  57.403 0.6999999881
115379  49.335  3.049  56.707 0.6999999881
115387  49.253  3.120  55.938 0.6999999881
115389  47.793  2.427  55.204 0.6000000238
115396  48.393  2.803  54.571 0.6999999881
115411  48.508  2.793  52.808 0.6999999881
115427  47.909  2.147  50.678 0.5000000000
115428  46.550  2.761  49.900 0.4000000060
115434  49.499  3.557  48.751 0.6000000238
115436  47.437  3.240  48.087 0.4000000060
115444  49.046  2.781  47.834 0.6000000238
115450  49.218  3.313  47.558 0.6000000238
115458  47.759  1.776  46.374 0.4000000060
115459  47.520  1.495  46.404 0.4000000060
116138  48.976  3.394  80.825 0.1000000015
116139  48.066  3.209  80.590 0.1000000015
116154  44.610  2.949  79.921 0.1000000015
116164  41.393  2.967  78.695 0.1000000015
116172  38.008  3.326  77.772 0.1000000015
116173  37.553  3.709  77.622 0.1000000015
116178  36.081  4.026  76.778 0.1000000015
116181  34.161  3.282  76.198 0.1000000015
116190  32.736  3.929  74.741 0.3000000119
116193  52.575  3.319  73.711 0.6000000238
116195  51.812  3.629  73.490 0.6000000238
116197  30.894  3.063  73.225 0.2000000030
116206  52.847  3.618  73.294 0.6000000238
116207  52.334  4.000  73.138 0.6000000238
116209  50.610  3.450  72.426 0.6000000238
116211  30.759  2.898  72.666 0.2000000030
116216  52.847  3.406  71.771 0.6000000238
116228  48.775  3.535  70.462 0.6000000238
116235  51.456  3.472  69.896 0.6000000238
116237  48.248  3.879  69.824 0.8000000119
116249  51.337  3.925  69.053 0.6999999881
116252  47.148  3.865  68.749 0.8000000119
116257  34.387  3.456  68.636 0.4000000060
116261  49.822  3.843  67.729 0.6999999881
116262  48.926  3.368  67.608 0.6999999881
116264  46.032  3.838  67.617 0.6999999881
116275  48.805  3.708  66.678 0.6999999881
116276  47.927  3.163  66.523 0.6999999881
116278  44.029  3.475  66.464 0.6000000238
116281  41.254  3.881  66.146 0.4000000060
116296  47.591  3.428  64.586 0.6999999881
116344  49.456  4.096  59.955 0.6999999881
116346  47.938  2.874  59.827 0.6000000238
116355  49.095  3.116  58.156 0.6999999881
116365  49.257  3.087  57.609 0.6999999881
116372  52.807  4.296  55.975 0.8999999762
116386  49.000  3.147  54.643 0.6999999881
116397  49.501  3.345  54.019 0.6999999881
116425  51.113  4.436  50.968 0.8000000119
116434  50.539  4.476  50.213 0.8000000119
116438  46.903  3.443  50.276 0.4000000060
116452  48.468  4.020  47.621 0.5000000000
116456  49.124  3.669  47.306 0.6000000238
117108  39.711  4.635  80.527 0.1000000015
117109  39.141  4.933  80.323 0.1000000015
117118  38.665  4.609  79.689 0.1000000015
117136  35.018  4.421  76.303 0.1000000015
117159  51.670  4.327  71.995 0.6000000238
117171  53.222  4.946  70.825 0.6000000238
117173  50.720  5.079  70.436 0.8000000119
117174  49.645  4.378  70.207 0.8000000119
117180  52.525  4.541  69.510 0.6999999881
117183  48.301  4.557  69.234 0.8000000119
117184  47.589  4.272  68.850 0.8000000119
117192  52.658  4.978  69.332 0.6999999881
117193  52.196  4.693  68.830 0.6999999881
117195  50.629  4.264  67.785 0.6999999881
117198  46.553  4.209  67.793 0.6999999881
117201  33.769  4.605  68.912 0.3000000119
117209  46.278  4.376  67.120 0.6999999881
117218  48.962  4.102  66.142 0.6999999881
117219  46.113  4.471  66.599 0.8000000119
117221  44.345  3.806  66.051 0.6999999881
117230  50.165  5.040  65.382 0.6999999881
117231  49.106  4.304  65.597 0.6999999881
117238  40.200  5.016  65.877 0.3000000119
117244  43.017  4.533  64.892 0.5000000000
117272  49.480  4.410  61.100 0.6999999881
117297  50.557  4.426  58.840 0.8000000119
117304  53.835  5.297  56.452 0.8999999762
117306  52.337  4.574  57.156 0.8999999762
117323  53.915  5.201  54.868 0.8999999762
117326  42.282  4.804  55.792 0.4000000060
117339  51.763  4.274  52.758 0.8999999762
117345  51.498  4.421  51.878 0.8999999762
117354  51.012  4.556  50.753 0.8000000119
117355  47.159  5.039  50.941 0.6000000238
117361  51.094  4.976  50.741 0.8999999762
117371  50.046  4.749  49.420 0.8000000119
117380  48.253  4.289  48.392 0.5000000000
117384  49.248  4.066  47.689 0.6000000238
117969  40.024  5.998  81.154 0.1000000015
118004  37.105  5.172  78.600 0.1000000015
118010  36.205  5.148  77.643 0.1000000015
118020  33.906  5.121  75.961 0.2000000030
118044  52.685  5.349  71.239 0.6999999881
118049  53.074  5.664  70.163 0.6999999881
118063  32.981  5.005  69.601 0.3000000119
118068  52.519  5.220  69.040 0.6999999881
118070  50.880  6.505  68.692 0.8000000119
118077  34.064  4.991  68.790 0.2000000030
118082  51.673  5.941  66.996 0.6999999881
118083  50.039  6.683  67.606 0.8999999762
118086  46.853  4.770  67.193 0.8999999762
118102  50.792  5.562  65.336 0.8000000119
118104  48.243  6.284  65.351 0.8999999762
118107  45.136  4.496  65.329 0.8000000119
118114  50.771  5.592  64.864 0.8000000119
118119  43.834  4.853  64.249 0.6000000238
118124  52.037  6.243  63.197 0.8000000119
118128  47.300  5.898  63.557 0.8999999762
118131  44.226  5.232  63.631 0.6999999881
118135  51.637  5.717  62.813 0.8000000119
118137  48.074  6.364  62.934 0.8999999762
118147  52.538  6.276  60.813 0.8999999762
118148  52.245  6.106  61.465 0.8999999762
118165  53.671  6.072  58.770 0.8999999762
118168  51.651  5.217  59.988 0.8000000119
118169  37.641  5.471  58.580 0.2000000030
118176  53.871  5.937  58.022 0.8999999762
118178  52.549  5.396  58.693 0.8999999762
118179  38.832  5.393  57.742 0.2000000030
118183  35.830  5.800  58.677 0.1000000015
118187  54.421  6.494  56.771 0.8999999762
118197  54.418  6.604  56.329 0.8999999762
118204  47.720  6.137  55.923 0.8000000119
118206  40.400  5.346  56.440 0.4000000060
118217  48.684  5.750  55.254 0.8000000119
118218  47.880  6.029  55.381 0.8000000119
118256  46.335  5.248  51.696 0.6000000238
118264  51.434  4.861  51.623 0.8999999762
118265  51.046  5.264  51.485 0.8999999762
118274  51.255  5.055  51.073 0.8999999762
118277  48.565  5.716  49.739 0.6000000238
118284  50.474  5.397  50.108 0.8000000119
118292  49.534  5.089  48.995 0.5000000000
118970  36.046  6.012  78.182 0.1000000015
118972  34.949  6.839  77.693 0.2000000030
118976  35.177  5.945  77.472 0.1000000015
118977  34.689  6.367  77.312 0.2000000030
118995  48.700  6.310  73.966 0.2000000030
118996  48.069  6.054  74.215 0.2000000030
119013  31.995  6.265  72.806 0.2000000030
119023  48.657  6.862  72.976 0.2000000030
119024  48.157  6.709  72.918 0.2000000030
119032  39.421  7.613  72.389 0.2000000030
119034  33.055  6.786  71.626 0.2000000030
119036  31.977  5.995  72.201 0.2000000030
119041  46.457  6.681  72.355 0.2000000030
119043  43.994  6.850  72.179 0.3000000119
119049  38.137  7.544  71.813 0.2000000030
119051  33.429  6.571  71.027 0.2000000030
119065  51.929  6.380  68.855 0.6999999881
119069  34.594  6.240  69.274 0.2000000030
119076  51.455  6.533  68.534 0.6999999881
119087  52.232  6.126  68.106 0.6999999881
119088  51.846  6.460  67.725 0.6999999881
119089  50.876  6.841  67.650 0.8000000119
119091  37.880  6.925  67.128 0.2000000030
119098  49.713  6.808  66.296 0.8000000119
119101  37.692  6.125  66.927 0.2000000030
119115  42.214  6.223  64.224 0.3000000119
119119  51.988  6.490  63.575 0.8000000119
119122  49.634  6.797  63.435 0.8999999762
119152  47.747  6.748  61.337 0.8999999762
119154  45.884  6.975  61.538 0.8999999762
119175  53.629  6.726  59.440 0.8999999762
119176  53.124  6.369  59.891 0.8999999762
119190  54.472  6.841  57.719 0.8999999762
119192  51.922  7.276  56.758 0.8000000119
119197  47.079  6.911  57.012 0.6999999881
119213  45.942  6.938  55.862 0.8000000119
119216  39.268  6.068  56.452 0.3000000119
119219  54.108  6.231  55.442 0.8000000119
119239  48.658  6.136  53.195 0.8000000119
119250  49.933  5.976  51.868 0.8000000119
119257  42.425  7.328  51.685 0.6999999881
119267  45.846  6.299  51.810 0.6999999881
119277  48.579  5.999  50.031 0.6000000238
119285  49.147  5.887  49.690 0.6999999881
119895  39.473  7.810  80.649 0.1000000015
119922  46.240  8.165  77.657 0.1000000015
119924  35.457  7.456  78.339 0.2000000030
119930  45.779  7.902  77.496 0.1000000015
119938  44.505  7.514  76.599 0.1000000015
119939  43.807  7.762  76.201 0.1000000015
119948  32.759  6.956  74.781 0.2000000030
119955  42.968  7.397  75.024 0.1000000015
119957  41.645  7.973  74.267 0.1000000015
119959  32.567  7.060  74.045 0.2000000030
119962  50.522  7.949  73.804 0.2000000030
119963  50.255  7.747  73.826 0.2000000030
119972  39.753  8.229  73.199 0.2000000030
119983  50.492  7.971  73.545 0.2000000030
119986  48.348  7.185  72.622 0.2000000030
119988  46.132  6.617  72.289 0.2000000030
120011  38.048  7.692  72.058 0.2000000030
120012  37.558  7.615  71.708 0.2000000030
120048  36.324  6.894  68.581 0.2000000030
120054  38.691  7.895  67.283 0.3000000119
120056  37.362  7.026  67.688 0.2000000030
120058  39.660  8.058  66.384 0.3000000119
120067  41.545  7.553  64.689 0.2000000030
120079  44.608  7.422  62.138 0.6999999881
120091  51.350  7.372  61.219 0.8999999762
120092  47.084  7.205  60.951 0.8999999762
120102  53.286  7.053  59.951 0.8999999762
120105  50.712  7.557  60.535 0.8000000119
120108  47.183  7.851  60.638 0.8000000119
120110  36.250  7.965  60.092 0.3000000119
120117  54.057  7.193  59.126 0.8999999762
120130  54.443  7.750  58.558 0.8999999762
120137  35.659  6.617  58.711 0.1000000015
120159  53.017  7.421  56.257 0.6999999881
120160  52.349  7.437  56.614 0.6999999881
120163  44.720  8.321  55.713 0.6000000238
120166  39.643  7.050  56.537 0.3000000119
120177  44.635  7.241  53.998 0.6000000238
120179  43.626  8.521  53.326 0.6000000238
120193  42.005  7.728  51.597 0.6000000238
120201  42.899  8.076  51.273 0.6000000238
120202  42.314  8.018  51.342 0.6000000238
120203  41.958  8.033  51.598 0.6000000238
120908  36.200  8.149  79.072 0.2000000030
120925  35.162  8.027  78.071 0.2000000030
120932  44.234  8.415  77.131 0.1000000015
120944  34.102  8.180  76.587 0.2000000030
120951  42.847  8.192  75.566 0.1000000015
120966  39.551  8.923  74.078 0.2000000030
120972  50.519  8.321  73.613 0.2000000030
120980  40.578  8.345  73.831 0.1000000015
120981  39.976  8.495  73.676 0.2000000030
121000  48.987  8.007  72.403 0.2000000030
121006  38.912  8.555  73.137 0.2000000030
121007  38.472  8.527  72.955 0.2000000030
121023  46.584  7.920  71.315 0.3000000119
121033  41.510  7.837  70.270 0.2000000030
121087  45.392  8.798  61.865 0.5000000000
121088  44.775  8.386  62.120 0.5000000000
121098  46.457  8.584  61.030 0.8000000119
121100  45.221  8.219  61.750 0.5000000000
121107  49.395  8.540  59.745 0.8999999762
121110  46.968  8.423  60.667 0.8000000119
121121  51.034  8.707  59.416 0.8999999762
121123  49.292  9.077  59.628 0.8999999762
121133  53.676  8.913  58.777 0.8999999762
121148  46.860  8.383  57.434 0.6000000238
121160  45.447  8.662  56.671 0.6000000238
121200  42.124  8.393  51.822 0.6000000238
121827  39.190  9.311  80.869 0.1000000015
121857  43.918  9.817  77.375 0.1000000015
121858  36.099  9.409  78.620 0.2000000030
121866  44.173  9.195  77.362 0.1000000015
121887  42.198  8.860  75.726 0.1000000015
121892  38.088  9.911  74.765 0.2000000030
121900  39.464  9.153  74.497 0.2000000030
121907  51.160  9.161  73.452 0.2000000030
121910  48.429  8.531  73.659 0.2000000030
121913  41.907  9.879  72.759 0.1000000015
121914  38.731  9.099  73.884 0.2000000030
121947  47.860  8.911  71.154 0.2000000030
121974  43.912  9.848  68.839 0.5000000000
121975  43.439  9.638  68.826 0.5000000000
121977  41.562  9.087  68.759 0.3000000119
121985  42.389  9.778  67.992 0.3000000119
121989  42.353  10.148  66.122 0.4000000060
121997  44.458  9.817  63.727 0.5000000000
122018  46.287  9.573  61.775 0.6000000238
122027  47.232  9.619  60.898 0.6999999881
122028  46.669  9.420  61.266 0.6000000238
122037  47.779  9.448  60.446 0.6999999881
122046  52.446  9.142  58.980 0.8999999762
122058  54.631  9.489  58.237 0.6999999881
122069  53.952  9.896  56.536 0.6000000238
122075  48.171  9.293  57.587 0.6999999881
122077  46.652  9.129  57.268 0.6000000238
122093  45.641  10.015  56.176 0.6000000238
122106  44.034  10.254  53.201 0.5000000000
122799  36.626  10.734  78.521 0.2000000030
122801  35.750  9.980  78.018 0.2000000030
122812  40.771  10.963  76.489 0.2000000030
122824  40.107  10.585  75.982 0.2000000030
122832  40.548  9.970  75.794 0.2000000030
122842  40.587  11.070  73.800 0.1000000015
122843  37.849  9.994  74.753 0.2000000030
122844  37.368  10.145  74.797 0.2000000030
122846  51.127  9.766  73.406 0.2000000030
122857  49.561  10.407  72.974 0.2000000030
122872  51.701  10.720  71.982 0.3000000119
122873  51.276  10.358  71.884 0.3000000119
122875  49.340  9.802  71.294 0.3000000119
122884  40.651  10.740  71.836 0.1000000015
122888  51.183  10.881  71.278 0.3000000119
122907  43.113  9.763  68.387 0.5000000000
122918  42.324  9.873  67.770 0.3000000119
122947  45.726  10.150  63.098 0.5000000000
122958  47.388  10.666  62.355 0.5000000000
122960  45.841  9.822  62.554 0.6000000238
122961  37.066  10.632  61.846 0.1000000015
122970  46.642  9.798  61.679 0.6000000238
122973  36.909  10.061  61.626 0.1000000015
122977  48.825  10.535  60.433 0.6999999881
122986  50.234  10.405  59.630 0.8000000119
122987  49.149  10.389  60.063 0.6999999881
122988  48.660  10.041  60.123 0.6999999881
122989  41.335  10.007  58.683 0.6000000238
122996  52.482  10.591  58.868 0.8000000119
122997  51.980  10.080  58.924 0.8999999762
123003  54.327  10.581  56.692 0.6000000238
123015  54.940  10.568  57.182 0.6000000238
123016  54.696  10.812  56.892 0.6000000238
123027  46.799  10.940  55.710 0.6000000238
123029  44.996  10.377  55.052 0.6000000238
123049  44.106  10.209  53.437 0.6000000238
123058  44.100  10.782  52.795 0.5000000000
123692  37.783  10.871  79.950 0.2000000030
123706  37.914  11.774  79.687 0.2000000030
123750  40.490  11.008  76.403 0.2000000030
123763  42.618  11.854  75.189 0.1000000015
123765  39.814  10.667  75.903 0.2000000030
123782  38.153  11.914  73.375 0.1000000015
123785  51.600  11.045  72.541 0.3000000119
123789  48.393  11.021  72.396 0.2000000030
123791  39.047  11.340  72.959 0.1000000015
123802  51.739  11.145  71.966 0.3000000119
123803  51.659  10.882  71.792 0.3000000119
123804  49.965  11.946  72.385 0.2000000030
123815  38.956  11.427  72.130 0.1000000015
123819  51.651  11.643  71.677 0.3000000119
123862  45.825  11.032  65.406 0.5000000000
123864  50.230  12.028  64.243 0.6000000238
123881  47.430  10.946  63.061 0.5000000000
123893  47.657  10.897  62.557 0.5000000000
123894  37.128  10.923  61.964 0.1000000015
123903  48.514  10.868  61.221 0.5000000000
123914  48.598  10.715  60.808 0.6999999881
123920  53.865  12.095  59.233 0.6999999881
123921  53.373  11.793  59.268 0.6999999881
123925  49.293  10.723  60.245 0.5000000000
123934  52.610  11.130  59.037 0.8000000119
123950  41.227  12.202  57.427 0.4000000060
123957  54.710  11.124  56.931 0.6000000238
123958  49.511  11.977  56.802 0.5000000000
123973  45.974  11.346  54.681 0.6000000238
124000  43.419  12.016  53.052 0.6000000238
124005  45.940  12.199  52.927 0.6999999881
124009  43.305  11.292  52.747 0.5000000000
124688  37.383  11.948  78.233 0.2000000030
124716  39.151  12.698  74.523 0.1000000015
124719  38.642  12.374  74.169 0.1000000015
124724  51.330  11.400  72.594 0.3000000119
124725  50.957  11.733  72.659 0.2000000030
124740  50.830  12.383  72.197 0.2000000030
124747  43.443  12.305  70.863 0.1000000015
124749  39.301  11.766  71.401 0.1000000015
124752  36.388  12.705  71.653 0.1000000015
124753  35.681  13.216  71.876 0.1000000015
124764  43.710  12.971  70.760 0.1000000015
124804  53.532  13.473  67.143 0.4000000060
124810  48.614  12.067  66.295 0.5000000000
124817  49.257  12.044  65.566 0.6000000238
124819  28.792  13.115  65.338 0.1000000015
124850  51.105  12.113  62.218 0.6000000238
124864  54.220  13.189  60.059 0.6999999881
124867  51.907  12.056  60.682 0.6999999881
124907  42.102  12.403  56.081 0.5000000000
124930  46.389  12.372  52.848 0.6999999881
124932  43.645  12.533  53.288 0.6000000238
125568  39.353  13.147  80.445 0.1000000015
125651  38.830  13.568  74.812 0.1000000015
125675  35.835  13.210  71.220 0.1000000015
125677  34.691  14.575  71.147 0.1000000015
125690  47.683  14.257  71.110 0.3000000119
125704  34.661  14.829  70.868 0.1000000015
125709  52.061  13.966  70.130 0.3000000119
125717  35.357  14.803  70.013 0.1000000015
125721  39.042  13.681  68.955 0.1000000015
125730  53.525  14.001  67.184 0.5000000000
125733  47.272  14.160  67.284 0.1000000015
125761  28.939  13.563  65.342 0.1000000015
125778  29.313  13.420  65.270 0.1000000015
125794  42.155  13.832  64.201 0.1000000015
125813  35.933  13.436  62.300 0.1000000015
125819  54.472  13.913  60.414 0.6000000238
125820  54.286  13.608  61.080 0.6000000238
125844  38.033  13.384  60.219 0.1000000015
125858  38.888  13.159  59.288 0.1000000015
125860  37.923  13.735  60.069 0.1000000015
125865  54.334  13.163  58.144 0.6000000238
125875  39.729  13.075  58.342 0.2000000030
125883  53.769  13.056  57.674 0.5000000000
125898  50.459  13.039  56.968 0.4000000060
125927  48.677  13.851  53.101 0.4000000060
125929  44.564  13.707  53.422 0.6000000238
125930  43.843  13.205  53.619 0.6000000238
125937  48.493  13.724  51.867 0.5000000000
125938  47.683  13.923  51.939 0.5000000000
126545  42.144  14.599  79.467 0.1000000015
126547  41.046  14.382  79.841 0.1000000015
126611  39.243  14.944  75.232 0.1000000015
126626  46.651  14.232  70.958 0.2000000030
126649  42.255  13.727  70.138 0.1000000015
126651  34.717  15.125  70.657 0.1000000015
126657  52.452  14.263  68.856 0.3000000119
126670  36.729  14.685  68.897 0.1000000015
126672  35.558  15.030  69.683 0.1000000015
126695  53.384  14.218  66.579 0.5000000000
126711  37.761  14.813  68.067 0.1000000015
126719  53.503  14.193  65.832 0.5000000000
126732  53.702  14.303  64.923 0.5000000000
126742  28.457  13.889  65.282 0.1000000015
126767  31.969  14.648  63.999 0.1000000015
126779  33.532  14.372  63.070 0.1000000015
126780  33.028  14.508  63.312 0.1000000015
126793  34.956  14.699  62.146 0.1000000015
126798  54.425  14.089  59.820 0.6000000238
126811  54.133  14.252  59.232 0.6000000238
126817  43.993  14.465  59.982 0.1000000015
126824  54.185  13.844  58.611 0.6000000238
126847  46.751  13.978  56.517 0.2000000030
126849  42.450  14.606  56.054 0.3000000119
126860  44.394  15.081  54.667 0.4000000060
126880  48.766  14.082  52.703 0.4000000060
126882  46.636  15.099  52.613 0.5000000000
127476  38.929  15.633  75.061 0.1000000015
127481  37.401  15.571  74.383 0.1000000015
127487  34.612  15.767  72.482 0.1000000015
127488  34.302  15.912  71.859 0.1000000015
127515  36.578  15.551  68.597 0.1000000015
127537  40.523  15.761  65.867 0.1000000015
127568  42.709  15.045  61.785 0.1000000015
127577  42.926  15.241  61.348 0.1000000015
127583  44.071  15.093  59.247 0.1000000015
127595  40.286  15.475  58.281 0.1000000015
127601  45.254  15.030  57.148 0.2000000030
127604  41.460  15.413  57.446 0.1000000015
127620  46.122  15.529  55.818 0.2000000030
127623  43.105  15.121  55.939 0.5000000000
127642  47.653  15.163  52.349 0.5000000000
128246  34.272  16.665  71.661 0.1000000015
128249  34.406  16.659  71.017 0.1000000015
128258  35.270  16.661  70.041 0.1000000015
128295  40.035  17.293  65.918 0.1000000015
128400  46.393  16.404  53.375 0.5000000000
129005  41.291  16.792  75.586 0.1000000015
129031  35.380  17.177  70.140 0.1000000015
129032  34.921  17.557  70.513 0.1000000015
129051  36.794  17.064  68.682 0.1000000015
129055  37.544  17.077  67.862 0.1000000015
129095  32.930  17.184  63.694 0.1000000015
129134  43.968  16.748  59.125 0.1000000015
129141  45.018  17.670  57.647 0.1000000015
129149  44.080  18.066  55.861 0.2000000030
129154  47.535  17.892  54.546 0.2000000030
129812  38.109  18.475  75.080 0.1000000015
129857  36.074  17.991  70.052 0.1000000015
129867  39.193  18.869  67.504 0.1000000015
129919  46.445  19.139  62.553 0.1000000015
129928  46.452  19.161  62.178 0.1000000015
129958  43.386  18.468  57.031 0.1000000015
129959  43.082  18.832  57.639 0.1000000015
129970  47.727  18.401  54.477 0.2000000030
129972  45.549  18.933  54.622 0.3000000119
129976  48.089  18.527  53.886 0.2000000030
129977  46.597  18.849  53.795 0.2000000030
129983  46.887  18.578  53.563 0.2000000030
130640  35.021  19.300  73.214 0.1000000015
130642  34.558  19.199  72.565 0.1000000015
130646  43.553  19.661  71.195 0.1000000015
130647  42.861  19.693  71.211 0.1000000015
130652  44.400  19.515  70.880 0.1000000015
130660  37.486  19.476  70.061 0.1000000015
130674  43.667  19.556  70.136 0.1000000015
130681  37.289  19.977  69.933 0.1000000015
130685  41.297  19.562  69.338 0.1000000015
130692  52.989  19.303  66.565 0.1000000015
130758  53.771  19.861  62.791 0.1000000015
130773  53.733  20.193  62.512 0.1000000015
130786  53.183  20.407  61.496 0.1000000015
130787  52.886  20.127  61.258 0.1000000015
130799  51.630  20.464  60.229 0.1000000015
130822  43.262  19.741  57.684 0.1000000015
130859  47.044  18.965  53.562 0.2000000030
131541  42.742  19.946  71.362 0.1000000015
131542  34.498  19.895  71.339 0.1000000015
131551  44.381  19.577  70.623 0.1000000015
131557  38.594  19.883  70.291 0.1000000015
131559  36.284  20.157  69.925 0.1000000015
131581  43.336  19.787  69.673 0.1000000015
131583  42.074  19.486  69.770 0.1000000015
131601  45.094  20.398  69.281 0.1000000015
131605  41.795  19.718  69.239 0.1000000015
131606  41.230  19.699  69.101 0.1000000015
131624  53.911  20.501  65.530 0.1000000015
131665  54.214  19.858  64.007 0.1000000015
131666  54.155  20.204  64.477 0.1000000015
131667  50.267  19.495  64.624 0.1000000015
131683  54.137  19.918  63.303 0.1000000015
131684  37.391  20.675  62.770 0.1000000015
131691  53.660  20.589  62.425 0.1000000015
131694  37.314  20.094  62.797 0.1000000015
131698  53.322  20.802  61.725 0.1000000015
131699  52.975  20.640  61.089 0.1000000015
131718  51.931  21.196  60.088 0.1000000015
131747  44.490  20.739  56.598 0.2000000030
131748  44.093  20.507  56.922 0.2000000030
131768  45.250  20.214  55.422 0.2000000030
131776  47.235  19.843  54.043 0.2000000030
131777  46.534  20.024  54.282 0.2000000030
131778  46.126  20.069  54.471 0.2000000030
132456  47.200  21.430  71.335 0.1000000015
132461  34.852  21.346  71.915 0.1000000015
132472  43.655  21.116  70.953 0.1000000015
132488  48.115  21.090  69.238 0.1000000015
132489  47.275  20.987  69.500 0.1000000015
132516  46.418  21.144  68.887 0.1000000015
132517  45.568  20.702  69.101 0.1000000015
132519  44.319  20.528  68.911 0.1000000015
132539  50.154  22.166  66.317 0.1000000015
132564  53.868  20.672  64.344 0.1000000015
132585  54.088  20.470  63.602 0.1000000015
132595  37.381  20.980  62.767 0.1000000015
132607  53.859  20.821  62.987 0.1000000015
132616  45.449  21.759  62.294 0.1000000015
132619  37.334  22.195  62.799 0.1000000015
132639  51.922  21.535  60.594 0.1000000015
132643  46.878  22.111  60.586 0.1000000015
132654  41.758  21.780  58.756 0.1000000015
132666  50.021  21.774  58.042 0.1000000015
132668  44.028  21.472  57.443 0.2000000030
132670  42.175  21.548  58.528 0.1000000015
132696  45.548  20.967  55.690 0.2000000030
132708  45.849  20.764  55.226 0.2000000030
133409  34.842  21.397  71.661 0.1000000015
133415  47.215  22.184  71.160 0.1000000015
133427  44.855  22.732  69.931 0.1000000015
133454  38.305  22.870  68.905 0.1000000015
133474  50.138  22.637  66.798 0.1000000015
133475  49.395  22.889  66.440 0.1000000015
133511  37.405  22.885  62.863 0.1000000015
133557  50.552  22.090  59.670 0.1000000015
133592  50.129  22.159  58.444 0.1000000015
134286  49.542  23.198  71.393 0.1000000015
134287  48.853  23.062  71.437 0.1000000015
134293  52.071  23.969  70.050 0.1000000015
134300  45.738  23.608  70.214 0.1000000015
134305  45.229  23.676  69.920 0.1000000015
134316  42.386  23.861  68.715 0.1000000015
134354  46.180  23.446  65.091 0.1000000015
135020  52.080  24.610  69.927 0.1000000015
135023  49.588  24.255  70.480 0.1000000015
135035  50.569  25.074  69.571 0.1000000015
135049  50.606  25.408  69.232 0.1000000015
135091  46.686  23.926  65.401 0.1000000015
135690  37.420  25.493  72.310 0.1000000015
135700  51.218  25.096  69.889 0.1000000015
135703  45.725  25.409  70.841 0.1000000015
135705  36.499  25.302  70.770 0.1000000015
135710  46.658  25.113  70.228 0.1000000015
135714  43.025  25.924  69.100 0.1000000015
135720  50.566  25.768  68.849 0.1000000015
135741  45.841  25.951  68.527 0.1000000015
135765  46.371  24.657  65.250 0.1000000015
136365  37.369  26.401  71.562 0.1000000015
136377  52.182  26.001  69.295 0.1000000015
136378  51.642  26.068  69.247 0.1000000015
136393  45.141  27.046  68.189 0.1000000015
136396  40.883  26.494  68.238 0.1000000015
136433  47.779  25.612  65.265 0.1000000015
137133  37.457  27.239  70.202 0.1000000015
137138  42.990  27.338  69.217 0.1000000015
137960  46.316  28.934  70.326 0.1000000015
137972  42.336  28.158  68.941 0.1000000015
137973  41.766  28.653  68.888 0.1000000015
137974  39.879  28.753  68.875 0.1000000015
137976  38.672  28.394  69.478 0.1000000015
137985  38.972  28.366  69.062 0.1000000015
138826  46.898  29.809  70.748 0.1000000015
138833  39.138  29.291  70.438 0.1000000015
138841  41.178  29.152  68.989 0.1000000015
138843  39.482  29.201  69.779 0.1000000015
138845  44.317  29.412  68.892 0.1000000015
139497  47.668  30.538  71.572 0.1000000015
