#!ascii label  , from subject tim vox2ras=TkReg
6114
66450  22.966  -41.199  90.998 0.0000000000
96550  11.143  -14.740  102.559 0.0000000000
85485  20.888  -25.269  99.010 0.0000000000
74675  5.426  -33.760  98.227 0.0000000000
75803  31.817  -32.264  97.447 0.0000000000
80687  9.871  -28.403  86.549 0.0000000000
100186  44.399  -10.755  80.953 0.0000000000
99208  56.602  -12.240  70.530 0.0000000000
75911  14.306  -32.205  90.748 0.0000000000
80696  19.874  -28.410  85.441 0.0000000000
63703  20.056  -42.648  97.448 0.0000000000
70078  16.935  -37.368  100.433 0.0000000000
70165  29.444  -37.857  90.679 0.0000000000
79569  27.285  -28.948  83.001 0.0000000000
102041  4.655  -8.527  99.761 0.0000000000
110690  8.344  -0.660  100.933 0.0000000000
82830  7.143  -27.282  101.790 0.0000000000
79479  3.566  -29.055  90.390 0.0000000000
88909  8.558  -21.257  99.865 0.0000000000
95540  5.968  -16.253  92.146 0.0000000000
85628  41.819  -24.901  85.228 0.0000000000
92118  40.837  -18.997  90.862 0.0000000000
91153  49.450  -19.530  82.276 0.0000000000
64987  7.588  -40.761  100.750 0.0000000000
78219  12.270  -30.382  97.270 0.0000000000
75916  37.890  -31.842  89.999 0.0000000000
80666  33.814  -28.373  87.664 0.0000000000
96809  52.665  -14.520  77.914 0.0000000000
70168  17.793  -37.801  90.099 0.0000000000
79528  15.026  -29.927  86.132 0.0000000000
71476  19.916  -36.463  85.118 0.0000000000
67643  23.438  -39.794  95.345 0.0000000000
70115  20.495  -37.420  95.779 0.0000000000
61238  25.561  -45.304  95.113 0.0000000000
61186  23.707  -44.324  99.096 0.0000000000
65152  26.597  -41.239  88.569 0.0000000000
58796  29.622  -46.525  93.756 0.0000000000
73688  22.096  -34.166  87.524 0.0000000000
100987  8.058  -10.018  101.867 0.0000000000
107401  7.755  -4.661  97.045 0.0000000000
104192  10.742  -7.406  98.436 0.0000000000
88872  8.701  -21.032  103.153 0.0000000000
86680  4.336  -23.555  101.451 0.0000000000
94276  6.376  -16.882  103.773 0.0000000000
96570  6.441  -14.657  100.891 0.0000000000
79518  43.974  -27.894  85.794 0.0000000000
87980  48.038  -22.597  85.948 0.0000000000
59990  8.645  -45.409  98.519 0.0000000000
81712  13.567  -27.778  95.135 0.0000000000
75792  14.831  -33.033  99.943 0.0000000000
84151  14.551  -25.153  99.473 0.0000000000
82786  14.694  -26.867  104.362 0.0000000000
77058  35.657  -31.309  95.676 0.0000000000
78297  26.517  -30.313  92.586 0.0000000000
79522  30.370  -29.193  86.151 0.0000000000
79441  32.283  -29.652  94.036 0.0000000000
81725  37.715  -26.829  93.316 0.0000000000
80674  4.737  -28.745  87.634 0.0000000000
71427  4.948  -36.047  87.938 0.0000000000
72597  6.179  -35.181  84.274 0.0000000000
83050  11.173  -26.346  83.093 0.0000000000
105620  57.355  -6.367  69.889 0.0000000000
84204  16.961  -25.555  94.179 0.0000000000
85521  24.235  -24.002  94.617 0.0000000000
86797  19.347  -23.591  89.961 0.0000000000
85620  23.061  -24.458  86.813 0.0000000000
89103  20.712  -21.647  82.301 0.0000000000
62423  15.450  -44.565  98.140 0.0000000000
65058  12.149  -41.782  94.896 0.0000000000
67630  18.735  -39.471  96.581 0.0000000000
73594  15.739  -34.145  95.625 0.0000000000
59967  19.055  -45.225  99.711 0.0000000000
73604  29.231  -34.692  95.102 0.0000000000
65032  33.907  -40.439  94.394 0.0000000000
62467  32.551  -43.829  93.709 0.0000000000
88045  24.565  -22.011  80.829 0.0000000000
78440  23.000  -30.357  82.715 0.0000000000
77120  21.568  -32.147  91.801 0.0000000000
110741  3.603  -1.987  96.172 0.0000000000
80612  8.721  -28.500  93.322 0.0000000000
77084  3.755  -31.450  94.562 0.0000000000
85527  5.301  -24.969  94.569 0.0000000000
87903  3.970  -22.664  93.454 0.0000000000
88977  8.461  -22.042  92.092 0.0000000000
90043  11.100  -19.849  89.383 0.0000000000
93207  9.963  -17.749  96.097 0.0000000000
98881  9.348  -12.634  96.266 0.0000000000
89012  34.691  -21.062  88.567 0.0000000000
90998  36.813  -19.179  95.278 0.0000000000
91099  41.604  -19.895  85.961 0.0000000000
93320  46.364  -16.870  86.389 0.0000000000
102255  48.444  -9.146  82.539 0.0000000000
95666  46.282  -15.505  82.234 0.0000000000
71267  6.916  -37.215  101.516 0.0000000000
67589  11.671  -38.584  99.290 0.0000000000
72417  12.094  -36.266  99.577 0.0000000000
74728  10.353  -33.423  94.462 0.0000000000
80563  9.741  -28.210  99.731 0.0000000000
86675  11.869  -24.259  101.347 0.0000000000
89094  27.668  -21.897  82.950 0.0000000000
87971  30.028  -22.489  87.202 0.0000000000
85566  31.725  -24.787  90.069 0.0000000000
84307  36.620  -25.545  86.315 0.0000000000
81755  41.646  -28.407  90.784 0.0000000000
71365  8.170  -36.431  92.396 0.0000000000
92196  9.184  -18.340  85.948 0.0000000000
96849  56.286  -14.934  74.728 0.0000000000
97921  51.767  -13.284  80.295 0.0000000000
68904  20.721  -39.292  90.332 0.0000000000
70200  18.653  -37.945  87.896 0.0000000000
67746  21.388  -39.186  87.284 0.0000000000
67664  23.048  -40.311  93.472 0.0000000000
68875  21.737  -39.228  93.008 0.0000000000
63761  23.890  -42.770  93.226 0.0000000000
63727  24.764  -43.151  95.879 0.0000000000
65136  24.332  -42.125  89.283 0.0000000000
61260  25.891  -45.012  91.353 0.0000000000
67743  23.875  -39.465  86.611 0.0000000000
98835  9.201  -12.890  102.499 0.0000000000
102036  9.115  -9.524  99.181 0.0000000000
99953  11.065  -11.710  99.291 0.0000000000
93141  9.745  -17.676  102.321 0.0000000000
91979  7.398  -19.263  104.272 0.0000000000
95420  8.220  -15.548  103.915 0.0000000000
97696  7.591  -13.563  103.519 0.0000000000
84117  22.309  -25.521  101.466 0.0000000000
58767  10.446  -46.975  98.594 0.0000000000
84177  17.428  -25.986  96.888 0.0000000000
84191  14.344  -25.370  96.875 0.0000000000
82848  18.808  -26.279  99.421 0.0000000000
82822  18.759  -26.243  101.874 0.0000000000
75801  33.810  -31.780  96.816 0.0000000000
73603  34.248  -34.277  94.785 0.0000000000
72449  33.587  -35.333  95.564 0.0000000000
78215  27.942  -30.837  97.035 0.0000000000
78271  29.827  -30.319  93.718 0.0000000000
79391  31.099  -29.605  97.296 0.0000000000
80569  34.659  -28.961  96.635 0.0000000000
71300  5.121  -36.634  99.813 0.0000000000
71315  5.202  -35.814  98.213 0.0000000000
80673  7.828  -28.886  87.894 0.0000000000
77210  5.615  -31.890  86.054 0.0000000000
75995  8.101  -32.216  84.975 0.0000000000
73757  6.643  -34.941  81.235 0.0000000000
77237  9.937  -31.233  82.540 0.0000000000
81845  11.410  -27.121  84.803 0.0000000000
102377  56.659  -9.879  70.424 0.0000000000
81752  14.930  -27.901  91.771 0.0000000000
85539  17.018  -24.315  91.923 0.0000000000
82942  15.395  -26.582  89.641 0.0000000000
80699  17.529  -28.735  85.291 0.0000000000
84317  19.825  -25.634  86.908 0.0000000000
83025  22.528  -26.479  85.702 0.0000000000
86866  21.649  -23.645  84.609 0.0000000000
84378  22.509  -25.719  83.048 0.0000000000
63705  17.955  -43.328  97.922 0.0000000000
63747  16.207  -42.380  94.912 0.0000000000
65054  19.955  -41.071  95.559 0.0000000000
71364  15.598  -35.989  92.901 0.0000000000
71345  16.753  -36.442  95.350 0.0000000000
74740  14.719  -32.884  93.219 0.0000000000
79444  13.992  -29.541  93.623 0.0000000000
64999  22.046  -43.214  98.817 0.0000000000
59964  21.474  -44.684  99.611 0.0000000000
63674  19.666  -43.771  99.523 0.0000000000
62403  17.989  -44.394  99.281 0.0000000000
72485  29.193  -35.662  92.332 0.0000000000
67653  31.336  -38.925  93.979 0.0000000000
65093  30.748  -40.872  92.395 0.0000000000
56224  27.838  -48.211  95.618 0.0000000000
52558  26.466  -49.662  94.212 0.0000000000
84401  22.772  -25.636  82.004 0.0000000000
80740  21.610  -29.183  83.089 0.0000000000
72532  26.573  -35.639  88.566 0.0000000000
74775  21.750  -33.735  89.700 0.0000000000
73634  25.427  -33.956  90.940 0.0000000000
74737  25.126  -32.798  93.638 0.0000000000
103126  3.232  -8.421  97.199 0.0000000000
107422  2.540  -4.465  95.562 0.0000000000
106351  3.908  -5.972  97.104 0.0000000000
110728  9.162  -1.951  97.868 0.0000000000
110730  6.690  -1.591  97.626 0.0000000000
84192  9.228  -25.617  96.014 0.0000000000
82910  6.751  -26.611  93.605 0.0000000000
84185  6.342  -24.779  97.981 0.0000000000
87796  6.165  -22.233  101.892 0.0000000000
87856  3.839  -22.731  97.306 0.0000000000
87853  6.510  -22.534  97.424 0.0000000000
87914  6.706  -22.546  92.744 0.0000000000
87871  8.957  -21.972  95.851 0.0000000000
89990  10.701  -20.617  94.064 0.0000000000
90987  9.815  -19.340  98.073 0.0000000000
100988  7.194  -11.117  101.015 0.0000000000
97733  8.231  -13.574  99.042 0.0000000000
102052  7.121  -9.773  98.407 0.0000000000
101028  6.455  -10.100  95.797 0.0000000000
88021  38.016  -22.577  84.095 0.0000000000
89038  38.464  -21.549  86.663 0.0000000000
89088  42.065  -21.379  83.384 0.0000000000
89082  50.215  -20.975  84.357 0.0000000000
92232  47.091  -18.651  84.574 0.0000000000
93343  49.554  -17.352  85.321 0.0000000000
95635  49.634  -15.224  84.550 0.0000000000
96703  48.610  -13.739  84.010 0.0000000000
93396  48.008  -17.266  82.353 0.0000000000
63658  6.029  -42.237  101.461 0.0000000000
67562  5.610  -39.950  101.649 0.0000000000
68793  7.494  -39.049  101.416 0.0000000000
66361  14.990  -40.159  97.512 0.0000000000
66364  11.178  -40.363  96.860 0.0000000000
67576  14.517  -38.884  100.183 0.0000000000
77029  13.303  -30.959  98.364 0.0000000000
72415  14.316  -35.112  99.282 0.0000000000
73580  13.687  -33.960  97.247 0.0000000000
72458  10.869  -35.370  97.232 0.0000000000
75855  12.338  -32.451  95.126 0.0000000000
79431  11.487  -29.739  94.843 0.0000000000
80567  10.686  -28.525  98.295 0.0000000000
85448  13.711  -24.977  103.226 0.0000000000
89934  11.860  -20.518  99.124 0.0000000000
84411  25.994  -25.408  80.722 0.0000000000
89102  26.448  -21.657  81.856 0.0000000000
84377  27.851  -25.510  82.344 0.0000000000
80668  31.901  -28.522  87.210 0.0000000000
84336  29.822  -25.333  85.759 0.0000000000
84285  30.615  -25.464  87.741 0.0000000000
86793  30.009  -23.937  89.596 0.0000000000
82962  32.091  -25.882  88.317 0.0000000000
86849  32.957  -24.024  85.916 0.0000000000
82983  35.431  -26.546  87.068 0.0000000000
79438  38.849  -29.284  93.726 0.0000000000
82915  39.850  -27.562  92.632 0.0000000000
77113  40.285  -30.910  91.244 0.0000000000
78302  4.321  -30.713  92.961 0.0000000000
73628  6.611  -34.209  93.392 0.0000000000
75912  6.577  -32.657  91.068 0.0000000000
70265  8.256  -37.765  85.726 0.0000000000
94403  10.228  -15.902  91.070 0.0000000000
92179  11.591  -18.485  87.750 0.0000000000
95584  7.776  -15.718  88.842 0.0000000000
92080  40.125  -19.110  93.437 0.0000000000
95516  37.517  -15.673  93.429 0.0000000000
92121  37.730  -17.949  90.940 0.0000000000
97967  50.771  -13.065  76.144 0.0000000000
95796  52.638  -15.506  74.953 0.0000000000
98017  54.583  -13.903  73.957 0.0000000000
95781  54.743  -15.827  75.823 0.0000000000
100184  47.095  -11.210  79.942 0.0000000000
101246  50.558  -10.042  79.675 0.0000000000
72520  15.451  -35.543  90.249 0.0000000000
77161  14.421  -31.473  88.340 0.0000000000
72549  15.796  -35.207  87.545 0.0000000000
72581  16.710  -34.840  85.763 0.0000000000
76015  18.328  -32.378  84.978 0.0000000000
66358  22.729  -40.702  97.335 0.0000000000
67611  21.740  -39.381  97.133 0.0000000000
68859  21.654  -38.206  95.027 0.0000000000
70150  17.613  -37.780  92.426 0.0000000000
57439  26.321  -46.858  96.585 0.0000000000
57430  24.905  -46.620  97.506 0.0000000000
61208  25.311  -44.484  96.902 0.0000000000
65011  24.470  -42.380  97.777 0.0000000000
67702  28.342  -39.561  89.258 0.0000000000
62493  29.752  -43.409  91.641 0.0000000000
61258  28.145  -44.686  91.067 0.0000000000
60025  26.801  -46.448  94.288 0.0000000000
75970  18.801  -31.571  86.982 0.0000000000
72576  21.673  -35.628  85.194 0.0000000000
70216  25.966  -37.062  86.848 0.0000000000
103077  6.504  -8.446  101.657 0.0000000000
105312  6.287  -7.068  98.823 0.0000000000
104179  7.662  -7.553  100.028 0.0000000000
107390  9.413  -4.991  98.133 0.0000000000
109549  10.652  -2.727  98.332 0.0000000000
85434  7.486  -24.409  103.467 0.0000000000
82833  4.522  -25.927  101.737 0.0000000000
87776  6.459  -22.421  104.705 0.0000000000
89909  5.413  -20.415  104.140 0.0000000000
91988  5.937  -19.111  102.527 0.0000000000
93164  6.890  -17.708  100.822 0.0000000000
95435  5.335  -15.616  102.406 0.0000000000
98839  6.864  -12.400  102.327 0.0000000000
82975  43.977  -26.293  87.382 0.0000000000
86844  45.055  -23.452  85.835 0.0000000000
82972  47.211  -25.103  86.185 0.0000000000
85655  47.956  -24.301  84.485 0.0000000000
62407  7.957  -42.820  99.631 0.0000000000
74672  16.513  -33.210  98.404 0.0000000000
74665  16.316  -34.492  101.032 0.0000000000
78218  14.637  -30.331  97.955 0.0000000000
80564  13.129  -28.903  98.027 0.0000000000
81696  12.034  -27.311  98.284 0.0000000000
82829  12.137  -27.017  101.511 0.0000000000
82809  15.825  -26.539  102.863 0.0000000000
75882  37.445  -31.550  93.209 0.0000000000
75907  34.901  -32.262  90.389 0.0000000000
74743  33.936  -33.158  92.837 0.0000000000
78342  26.449  -30.660  89.257 0.0000000000
79539  28.615  -29.296  85.043 0.0000000000
78339  29.150  -30.534  89.789 0.0000000000
78337  31.139  -30.616  90.113 0.0000000000
79475  34.297  -29.709  90.648 0.0000000000
80629  36.307  -28.228  90.626 0.0000000000
80597  35.369  -28.147  94.532 0.0000000000
79411  36.657  -29.264  95.746 0.0000000000
80645  2.759  -28.410  88.769 0.0000000000
75926  5.048  -32.551  89.236 0.0000000000
75975  3.396  -32.296  86.549 0.0000000000
71459  4.905  -36.419  85.922 0.0000000000
68993  5.638  -37.685  83.872 0.0000000000
85683  9.885  -24.739  82.693 0.0000000000
96635  4.615  -14.578  91.844 0.0000000000
94426  3.913  -15.978  89.424 0.0000000000
98948  4.341  -12.500  89.266 0.0000000000
100221  51.902  -10.960  78.146 0.0000000000
85505  19.017  -25.011  96.962 0.0000000000
86722  22.177  -23.717  96.800 0.0000000000
86740  20.488  -23.232  95.066 0.0000000000
86770  21.587  -24.009  92.576 0.0000000000
85555  23.461  -24.581  90.562 0.0000000000
84295  15.837  -26.018  87.620 0.0000000000
84264  21.817  -25.794  88.631 0.0000000000
87953  22.054  -22.361  88.546 0.0000000000
90065  20.417  -20.324  86.860 0.0000000000
91125  19.687  -19.718  83.978 0.0000000000
93426  20.298  -17.334  81.663 0.0000000000
61210  12.260  -45.312  97.155 0.0000000000
62459  13.919  -43.924  95.568 0.0000000000
66397  15.944  -40.268  95.241 0.0000000000
68831  17.858  -38.626  98.824 0.0000000000
68837  20.504  -38.341  97.665 0.0000000000
71311  18.560  -36.792  98.089 0.0000000000
72426  17.385  -35.627  98.598 0.0000000000
77061  15.323  -31.964  95.919 0.0000000000
82892  14.742  -26.816  94.278 0.0000000000
57433  22.340  -46.186  97.765 0.0000000000
73561  30.055  -34.060  97.122 0.0000000000
71318  32.221  -36.055  96.415 0.0000000000
68845  31.409  -37.602  95.333 0.0000000000
63726  32.992  -42.169  93.667 0.0000000000
60023  30.969  -45.593  93.629 0.0000000000
93439  21.881  -17.323  80.685 0.0000000000
89122  22.698  -21.798  80.979 0.0000000000
84413  24.305  -25.448  80.491 0.0000000000
78438  24.873  -30.373  82.787 0.0000000000
77183  20.669  -31.196  87.178 0.0000000000
77169  22.259  -31.668  87.581 0.0000000000
77154  25.003  -31.519  87.419 0.0000000000
78299  24.464  -30.893  92.308 0.0000000000
75837  25.434  -31.977  95.306 0.0000000000
108482  5.739  -3.654  96.301 0.0000000000
77064  6.601  -31.669  95.275 0.0000000000
75831  4.104  -32.326  96.843 0.0000000000
79434  5.650  -29.940  94.321 0.0000000000
80616  4.951  -28.509  93.547 0.0000000000
81746  3.743  -27.457  92.304 0.0000000000
85492  4.004  -24.495  98.501 0.0000000000
86743  3.526  -23.635  94.367 0.0000000000
84226  3.430  -25.439  91.313 0.0000000000
85579  4.526  -24.457  89.724 0.0000000000
85577  6.620  -24.745  89.821 0.0000000000
85592  9.305  -24.795  88.816 0.0000000000
86826  10.762  -24.219  87.961 0.0000000000
90030  10.121  -20.622  91.035 0.0000000000
92090  11.347  -18.448  93.133 0.0000000000
94370  8.057  -16.637  94.448 0.0000000000
94336  6.776  -16.278  98.759 0.0000000000
95486  6.818  -15.869  96.716 0.0000000000
95514  6.301  -15.468  94.443 0.0000000000
98904  8.355  -12.412  93.379 0.0000000000
87905  32.749  -22.529  93.733 0.0000000000
90990  34.000  -18.683  96.440 0.0000000000
90012  36.081  -20.280  91.951 0.0000000000
90022  39.346  -21.313  90.542 0.0000000000
90034  42.310  -20.607  90.010 0.0000000000
90103  45.644  -20.942  83.726 0.0000000000
92209  43.886  -18.512  86.163 0.0000000000
92132  43.900  -18.153  88.989 0.0000000000
95591  44.354  -16.181  87.436 0.0000000000
102243  46.842  -8.791  82.338 0.0000000000
101171  48.236  -10.422  84.562 0.0000000000
100143  47.323  -11.629  82.455 0.0000000000
99044  45.539  -13.238  80.763 0.0000000000
102343  55.963  -9.722  73.445 0.0000000000
94298  11.768  -15.921  101.469 0.0000000000
97715  13.290  -13.146  101.534 0.0000000000
68797  5.069  -38.874  101.304 0.0000000000
73540  5.854  -35.324  100.072 0.0000000000
62436  9.773  -43.325  96.490 0.0000000000
63696  9.218  -41.825  97.889 0.0000000000
66340  8.756  -40.022  99.567 0.0000000000
70059  14.346  -37.147  101.442 0.0000000000
68802  12.073  -37.735  100.560 0.0000000000
68804  9.698  -37.940  100.485 0.0000000000
71298  9.080  -36.413  100.071 0.0000000000
72433  8.291  -35.472  98.956 0.0000000000
73586  7.289  -33.619  96.899 0.0000000000
77094  9.122  -31.187  93.454 0.0000000000
82894  10.397  -26.814  95.171 0.0000000000
81695  8.718  -27.610  100.581 0.0000000000
80544  11.815  -28.017  103.227 0.0000000000
81664  10.731  -27.747  104.108 0.0000000000
82813  9.076  -26.348  103.107 0.0000000000
87794  9.615  -22.728  101.875 0.0000000000
90957  10.313  -19.356  100.908 0.0000000000
68852  35.221  -38.755  94.041 0.0000000000
93422  24.078  -17.461  81.685 0.0000000000
91103  26.682  -18.774  85.097 0.0000000000
85650  28.755  -24.428  84.145 0.0000000000
90092  29.301  -21.148  84.682 0.0000000000
91089  28.303  -19.058  86.181 0.0000000000
91074  29.871  -18.831  88.359 0.0000000000
88985  31.146  -21.475  90.985 0.0000000000
87895  30.984  -22.988  92.992 0.0000000000
87939  32.666  -22.697  89.410 0.0000000000
88005  35.083  -22.810  84.643 0.0000000000
84346  39.384  -25.374  84.517 0.0000000000
82940  37.419  -26.210  89.360 0.0000000000
82957  39.120  -26.324  88.792 0.0000000000
82977  42.281  -26.495  87.397 0.0000000000
79480  42.739  -28.906  88.418 0.0000000000
78397  41.160  -29.761  86.024 0.0000000000
102035  14.016  -9.341  99.508 0.0000000000
106330  12.805  -5.424  99.881 0.0000000000
73600  5.709  -34.867  95.685 0.0000000000
72521  6.712  -35.604  90.210 0.0000000000
86839  12.162  -23.462  86.231 0.0000000000
89079  12.145  -21.910  84.443 0.0000000000
89097  10.387  -21.803  83.536 0.0000000000
93317  5.869  -17.854  87.223 0.0000000000
91109  8.085  -19.334  84.731 0.0000000000
96599  35.164  -14.398  94.832 0.0000000000
100271  55.729  -11.953  74.262 0.0000000000
98043  56.554  -13.544  72.616 0.0000000000
104418  48.777  -7.589  80.394 0.0000000000
102275  51.987  -9.389  80.076 0.0000000000
97900  53.857  -13.360  80.275 0.0000000000
93464  53.221  -17.571  78.834 0.0000000000
94614  54.659  -16.703  77.814 0.0000000000
93529  55.773  -17.345  75.138 0.0000000000
94672  55.710  -16.417  72.801 0.0000000000
67689  21.791  -39.961  90.478 0.0000000000
67719  20.897  -39.338  88.763 0.0000000000
66481  22.512  -40.449  89.099 0.0000000000
66442  23.063  -40.964  91.954 0.0000000000
67681  21.928  -39.885  91.312 0.0000000000
65106  23.387  -41.659  92.271 0.0000000000
65096  23.500  -41.484  93.227 0.0000000000
65137  23.437  -41.797  90.117 0.0000000000
63779  24.093  -43.059  90.734 0.0000000000
66494  22.898  -40.403  88.333 0.0000000000
97707  9.794  -13.504  102.561 0.0000000000
98859  10.371  -12.242  100.903 0.0000000000
98847  10.717  -12.838  101.375 0.0000000000
94288  10.371  -16.566  102.304 0.0000000000
94278  8.932  -17.024  103.507 0.0000000000
96534  9.679  -15.293  103.364 0.0000000000
96552  9.249  -13.986  103.141 0.0000000000
84145  21.694  -25.672  100.250 0.0000000000
85469  23.706  -24.902  100.801 0.0000000000
85483  22.643  -24.682  99.191 0.0000000000
82864  19.293  -26.315  98.160 0.0000000000
84162  18.212  -26.248  98.215 0.0000000000
82855  20.163  -26.342  99.686 0.0000000000
82846  20.349  -26.394  100.431 0.0000000000
75802  32.900  -32.257  97.105 0.0000000000
74693  33.640  -33.182  96.434 0.0000000000
73557  32.949  -33.893  96.707 0.0000000000
77035  29.539  -31.289  97.716 0.0000000000
79392  30.211  -29.823  97.314 0.0000000000
77033  31.355  -31.130  97.753 0.0000000000
78211  32.997  -30.441  97.411 0.0000000000
72425  4.972  -35.637  99.436 0.0000000000
71305  5.272  -36.504  98.864 0.0000000000
73556  4.760  -34.743  98.629 0.0000000000
80672  8.868  -28.546  87.350 0.0000000000
78390  8.212  -30.183  86.721 0.0000000000
79550  9.093  -29.962  85.935 0.0000000000
76018  9.260  -32.165  83.794 0.0000000000
79562  9.936  -30.022  84.684 0.0000000000
80714  10.908  -28.724  84.437 0.0000000000
81834  10.747  -27.702  86.090 0.0000000000
99067  42.672  -12.363  80.839 0.0000000000
100225  44.172  -11.270  79.125 0.0000000000
101250  44.865  -10.500  80.291 0.0000000000
101320  56.592  -10.784  70.860 0.0000000000
79469  14.396  -29.578  91.149 0.0000000000
81760  14.892  -28.020  90.848 0.0000000000
79477  14.405  -29.700  90.111 0.0000000000
80698  18.372  -28.725  85.709 0.0000000000
81813  20.123  -26.958  85.985 0.0000000000
81827  20.600  -27.682  85.377 0.0000000000
83038  22.477  -26.568  84.498 0.0000000000
81854  21.954  -27.455  83.760 0.0000000000
63704  18.927  -42.980  97.673 0.0000000000
63731  18.329  -42.276  95.504 0.0000000000
63729  20.045  -41.631  95.944 0.0000000000
73636  14.644  -34.008  91.591 0.0000000000
72488  15.261  -35.276  92.996 0.0000000000
75900  14.418  -32.277  91.837 0.0000000000
78316  14.365  -30.455  91.799 0.0000000000
63681  21.523  -42.903  98.615 0.0000000000
63673  20.449  -43.590  99.359 0.0000000000
63693  19.813  -43.063  98.460 0.0000000000
63694  18.697  -43.459  98.798 0.0000000000
71370  29.445  -36.802  91.242 0.0000000000
70147  30.427  -38.187  92.621 0.0000000000
67678  30.219  -39.488  91.858 0.0000000000
53678  26.793  -49.158  95.617 0.0000000000
53692  27.724  -49.504  95.165 0.0000000000
80724  21.616  -28.071  83.521 0.0000000000
80711  20.841  -28.476  84.464 0.0000000000
71400  28.192  -37.126  89.385 0.0000000000
72506  26.361  -34.931  89.588 0.0000000000
72504  27.932  -35.394  90.630 0.0000000000
72496  28.075  -34.898  91.724 0.0000000000
102067  3.512  -8.792  98.778 0.0000000000
104207  3.040  -7.477  97.437 0.0000000000
104198  3.953  -7.296  98.675 0.0000000000
110717  8.754  -1.289  98.756 0.0000000000
110703  6.910  -0.971  99.841 0.0000000000
111826  6.627  -0.584  101.004 0.0000000000
84154  7.534  -25.833  99.407 0.0000000000
84184  6.981  -24.843  97.582 0.0000000000
84155  6.497  -25.500  99.378 0.0000000000
87815  7.385  -22.062  100.580 0.0000000000
87833  5.961  -22.867  99.067 0.0000000000
87844  7.795  -22.376  98.642 0.0000000000
87860  7.343  -22.456  96.583 0.0000000000
87851  8.768  -21.976  97.726 0.0000000000
88925  9.633  -21.155  97.701 0.0000000000
89948  9.442  -20.175  99.084 0.0000000000
102030  6.252  -9.376  100.788 0.0000000000
101007  6.796  -9.864  99.678 0.0000000000
102054  5.094  -9.292  99.124 0.0000000000
102065  5.152  -9.544  97.968 0.0000000000
85659  40.793  -23.915  83.831 0.0000000000
88019  40.195  -22.216  83.466 0.0000000000
86872  42.473  -23.258  83.913 0.0000000000
90119  49.901  -20.288  83.136 0.0000000000
91094  50.177  -19.296  84.809 0.0000000000
93377  50.527  -17.910  83.884 0.0000000000
94487  49.917  -16.496  85.019 0.0000000000
93378  50.178  -17.404  83.540 0.0000000000
94522  49.165  -16.206  83.343 0.0000000000
92286  48.664  -18.620  81.938 0.0000000000
63662  7.393  -41.973  100.666 0.0000000000
62376  6.294  -43.111  100.994 0.0000000000
64982  7.072  -41.130  101.127 0.0000000000
66327  6.806  -40.370  101.432 0.0000000000
66333  7.245  -40.322  101.183 0.0000000000
68821  16.570  -38.635  99.885 0.0000000000
67586  14.732  -39.316  99.432 0.0000000000
68810  16.018  -38.494  100.480 0.0000000000
77041  12.948  -31.041  97.719 0.0000000000
75812  13.502  -32.322  97.606 0.0000000000
75826  13.150  -32.206  96.660 0.0000000000
74712  13.088  -32.970  95.951 0.0000000000
78231  12.238  -30.737  96.232 0.0000000000
78232  11.757  -30.115  96.545 0.0000000000
79385  11.320  -29.024  97.957 0.0000000000
75930  37.687  -31.825  88.903 0.0000000000
75931  36.689  -31.999  88.648 0.0000000000
81869  27.018  -27.569  81.768 0.0000000000
84398  27.312  -25.466  81.708 0.0000000000
81868  27.610  -27.320  82.255 0.0000000000
80667  32.796  -28.764  87.742 0.0000000000
83007  31.272  -26.531  86.784 0.0000000000
82987  31.766  -26.556  87.386 0.0000000000
82963  31.832  -26.118  88.066 0.0000000000
82986  32.536  -26.504  87.502 0.0000000000
83005  33.669  -26.302  86.655 0.0000000000
80664  35.003  -27.783  87.606 0.0000000000
75893  38.735  -31.435  92.189 0.0000000000
78288  39.557  -30.136  92.682 0.0000000000
75902  39.457  -31.513  90.894 0.0000000000
75928  39.642  -31.521  89.380 0.0000000000
78318  4.655  -30.158  91.838 0.0000000000
77123  5.575  -31.186  91.963 0.0000000000
77136  5.611  -31.377  90.522 0.0000000000
95538  8.147  -15.499  91.391 0.0000000000
94415  9.744  -15.790  89.821 0.0000000000
95555  7.229  -15.439  90.741 0.0000000000
92102  40.590  -19.200  91.866 0.0000000000
92093  38.930  -17.831  92.609 0.0000000000
92119  39.689  -18.757  90.888 0.0000000000
97966  51.294  -13.415  76.545 0.0000000000
95770  52.305  -15.231  76.488 0.0000000000
95795  53.682  -15.574  75.002 0.0000000000
95768  53.874  -16.099  76.886 0.0000000000
99108  46.965  -12.876  78.508 0.0000000000
100224  48.206  -12.075  78.757 0.0000000000
71404  15.958  -36.311  89.955 0.0000000000
72536  15.800  -35.732  88.826 0.0000000000
71422  16.586  -36.571  88.568 0.0000000000
70238  19.277  -37.763  86.345 0.0000000000
70240  17.748  -36.794  86.494 0.0000000000
71478  18.207  -36.152  85.492 0.0000000000
73727  17.690  -34.044  84.834 0.0000000000
72594  19.230  -34.951  84.667 0.0000000000
67609  23.153  -40.151  96.957 0.0000000000
68834  22.868  -39.276  96.660 0.0000000000
68846  22.956  -39.126  95.802 0.0000000000
68897  19.557  -38.736  91.055 0.0000000000
68877  19.604  -38.440  92.916 0.0000000000
70158  17.651  -37.929  91.241 0.0000000000
70159  16.859  -37.427  91.536 0.0000000000
60001  26.123  -46.125  96.185 0.0000000000
58772  25.849  -46.068  97.006 0.0000000000
60002  25.570  -45.301  96.565 0.0000000000
66410  23.968  -41.168  95.197 0.0000000000
65035  24.712  -42.570  96.870 0.0000000000
66373  24.062  -41.125  96.914 0.0000000000
65013  23.557  -41.683  97.982 0.0000000000
66464  27.874  -40.512  89.031 0.0000000000
63778  27.954  -42.617  90.096 0.0000000000
62513  27.212  -42.942  89.904 0.0000000000
60036  25.550  -45.431  93.449 0.0000000000
60035  26.407  -46.104  93.420 0.0000000000
60017  26.354  -46.238  95.020 0.0000000000
58781  27.000  -47.039  95.556 0.0000000000
73724  19.648  -34.515  84.848 0.0000000000
71475  21.008  -36.559  85.003 0.0000000000
66491  25.819  -40.479  87.481 0.0000000000
68954  25.581  -38.638  86.569 0.0000000000
67727  26.504  -39.676  87.461 0.0000000000
68938  27.347  -38.255  87.938 0.0000000000
102021  7.136  -9.051  101.733 0.0000000000
103085  7.090  -8.243  101.262 0.0000000000
103084  7.612  -8.494  100.779 0.0000000000
103107  10.174  -8.351  98.381 0.0000000000
104194  8.842  -7.461  98.892 0.0000000000
105308  10.241  -6.501  98.601 0.0000000000
107389  10.182  -4.723  98.248 0.0000000000
106338  10.703  -5.586  98.541 0.0000000000
87779  8.167  -22.374  103.661 0.0000000000
86646  6.734  -23.487  104.209 0.0000000000
87774  7.757  -21.864  104.232 0.0000000000
93134  6.859  -18.108  104.270 0.0000000000
90936  6.269  -19.675  104.655 0.0000000000
91982  5.755  -18.720  104.105 0.0000000000
90943  5.699  -19.398  103.171 0.0000000000
93140  5.837  -17.701  103.354 0.0000000000
93143  5.627  -17.321  102.703 0.0000000000
95417  5.753  -16.040  103.644 0.0000000000
98837  7.671  -12.583  103.116 0.0000000000
97710  6.882  -13.038  103.074 0.0000000000
100981  7.101  -10.422  102.583 0.0000000000
102014  6.860  -9.902  102.277 0.0000000000
80646  44.772  -27.313  86.806 0.0000000000
84254  45.942  -25.497  86.753 0.0000000000
58761  8.744  -46.899  99.181 0.0000000000
58762  8.041  -45.844  99.323 0.0000000000
61199  8.080  -43.803  99.016 0.0000000000
77049  14.915  -30.865  96.534 0.0000000000
77039  15.358  -31.289  98.128 0.0000000000
79407  13.759  -29.277  96.792 0.0000000000
84166  14.479  -24.983  98.318 0.0000000000
81699  12.961  -26.985  97.121 0.0000000000
84167  13.390  -25.465  98.653 0.0000000000
82868  12.558  -26.824  97.929 0.0000000000
84152  13.468  -25.502  99.765 0.0000000000
84138  13.248  -25.973  100.720 0.0000000000
84122  15.811  -25.821  101.224 0.0000000000
77071  36.683  -31.198  94.672 0.0000000000
75883  36.221  -31.841  92.987 0.0000000000
75866  35.304  -32.317  93.971 0.0000000000
72468  34.452  -35.810  93.948 0.0000000000
72477  34.230  -35.175  93.741 0.0000000000
78313  26.402  -30.463  91.483 0.0000000000
78353  28.106  -30.320  88.737 0.0000000000
78312  27.429  -30.356  91.623 0.0000000000
79442  31.251  -29.775  94.312 0.0000000000
78309  30.434  -30.553  91.925 0.0000000000
78307  32.127  -30.225  92.316 0.0000000000
78335  32.800  -30.395  90.872 0.0000000000
79468  33.410  -29.794  92.246 0.0000000000
80624  34.920  -28.773  93.285 0.0000000000
80609  34.187  -28.631  94.715 0.0000000000
78222  35.138  -30.257  96.478 0.0000000000
79398  35.996  -29.249  96.210 0.0000000000
78234  36.531  -30.177  95.630 0.0000000000
78249  37.625  -30.239  94.648 0.0000000000
81806  3.227  -28.152  87.686 0.0000000000
78379  2.610  -30.584  87.440 0.0000000000
79532  3.415  -30.289  86.653 0.0000000000
73716  6.053  -34.252  85.078 0.0000000000
74837  4.843  -33.987  85.855 0.0000000000
72582  5.261  -35.223  85.116 0.0000000000
70269  5.073  -37.232  85.123 0.0000000000
71495  4.810  -36.801  83.982 0.0000000000
69008  5.071  -37.640  82.742 0.0000000000
71508  4.845  -36.856  82.967 0.0000000000
74883  6.185  -33.834  80.701 0.0000000000
72660  3.979  -35.574  80.317 0.0000000000
84379  10.324  -25.467  82.669 0.0000000000
98925  6.772  -13.047  91.072 0.0000000000
97795  4.796  -13.827  90.839 0.0000000000
102301  50.540  -8.984  77.936 0.0000000000
85515  17.777  -25.036  95.335 0.0000000000
86732  20.224  -23.465  96.197 0.0000000000
86742  18.219  -23.722  94.503 0.0000000000
86784  18.536  -23.357  90.564 0.0000000000
86772  19.668  -23.359  91.889 0.0000000000
85548  21.029  -24.050  91.324 0.0000000000
85546  23.046  -25.021  91.744 0.0000000000
84231  22.379  -25.296  90.490 0.0000000000
79511  14.549  -30.015  87.319 0.0000000000
81800  15.048  -27.706  87.907 0.0000000000
81815  15.393  -27.918  86.579 0.0000000000
82989  22.181  -26.297  87.458 0.0000000000
84290  20.779  -25.611  87.764 0.0000000000
84287  23.147  -25.563  88.142 0.0000000000
86823  23.388  -24.196  88.540 0.0000000000
87960  22.487  -22.977  87.864 0.0000000000
89017  20.982  -21.127  87.837 0.0000000000
87974  21.586  -22.561  86.607 0.0000000000
88027  20.427  -21.867  83.490 0.0000000000
88010  20.266  -21.636  84.479 0.0000000000
90124  19.961  -20.222  82.919 0.0000000000
90133  20.640  -20.246  81.772 0.0000000000
62424  14.766  -45.133  98.052 0.0000000000
62435  14.029  -44.894  97.609 0.0000000000
62444  14.749  -43.840  96.631 0.0000000000
66414  17.339  -40.456  94.738 0.0000000000
65072  15.614  -41.465  94.400 0.0000000000
67646  17.280  -39.924  95.503 0.0000000000
67632  16.778  -39.914  96.377 0.0000000000
67597  17.959  -39.135  98.291 0.0000000000
70104  21.244  -37.717  96.656 0.0000000000
67612  20.962  -38.979  97.273 0.0000000000
70105  20.125  -37.236  97.030 0.0000000000
72472  15.816  -34.996  95.091 0.0000000000
71324  18.362  -36.704  97.303 0.0000000000
72454  16.851  -35.795  96.918 0.0000000000
71312  17.711  -36.279  97.910 0.0000000000
72440  16.539  -34.833  97.232 0.0000000000
74697  15.945  -33.528  96.448 0.0000000000
77076  15.305  -32.303  95.357 0.0000000000
81728  15.126  -27.450  93.184 0.0000000000
82905  14.876  -27.305  93.604 0.0000000000
82890  16.585  -26.135  94.483 0.0000000000
82880  16.887  -25.986  95.044 0.0000000000
58750  24.348  -45.562  98.099 0.0000000000
56195  23.688  -46.375  97.590 0.0000000000
58751  23.271  -45.537  98.474 0.0000000000
59966  19.997  -44.832  99.716 0.0000000000
58753  21.042  -45.339  99.096 0.0000000000
58754  20.125  -45.370  99.253 0.0000000000
57436  19.022  -45.823  98.462 0.0000000000
57423  18.609  -45.920  98.866 0.0000000000
59968  17.997  -45.204  99.721 0.0000000000
62413  16.699  -44.368  98.865 0.0000000000
61188  16.725  -45.023  99.099 0.0000000000
62406  15.892  -45.128  98.836 0.0000000000
61190  15.260  -45.918  98.855 0.0000000000
73578  29.126  -34.038  96.148 0.0000000000
72452  30.261  -35.333  96.432 0.0000000000
71333  30.614  -36.536  95.481 0.0000000000
65066  31.956  -41.090  93.271 0.0000000000
66408  32.104  -40.339  93.831 0.0000000000
62454  32.944  -43.574  93.830 0.0000000000
60040  29.461  -44.984  91.889 0.0000000000
61243  30.596  -44.484  92.732 0.0000000000
58795  30.368  -46.267  93.834 0.0000000000
90132  21.433  -20.335  81.385 0.0000000000
88047  21.647  -21.968  81.601 0.0000000000
80757  22.807  -28.359  81.841 0.0000000000
84414  23.588  -25.690  80.726 0.0000000000
80778  23.959  -27.472  80.723 0.0000000000
80777  24.650  -27.691  80.700 0.0000000000
78439  23.874  -30.532  82.660 0.0000000000
74816  20.594  -33.411  87.025 0.0000000000
77172  19.086  -31.376  87.947 0.0000000000
74802  19.805  -32.956  88.119 0.0000000000
74768  20.991  -33.046  90.842 0.0000000000
77145  20.982  -31.655  89.846 0.0000000000
77144  21.948  -31.525  89.646 0.0000000000
77167  24.204  -31.686  86.861 0.0000000000
77130  22.798  -31.536  90.370 0.0000000000
77116  24.565  -31.205  90.547 0.0000000000
77106  22.865  -31.573  92.393 0.0000000000
74722  27.085  -33.451  94.122 0.0000000000
75850  25.393  -32.443  94.670 0.0000000000
74708  27.312  -33.120  95.297 0.0000000000
75820  27.772  -32.838  96.354 0.0000000000
109569  2.605  -3.371  96.055 0.0000000000
105319  6.814  -6.458  98.091 0.0000000000
106359  5.595  -5.741  96.860 0.0000000000
108481  6.901  -3.716  96.477 0.0000000000
78283  7.344  -30.512  93.966 0.0000000000
78262  6.269  -30.652  94.722 0.0000000000
79450  7.046  -29.401  93.700 0.0000000000
85526  5.842  -25.091  94.428 0.0000000000
82911  5.897  -26.775  93.423 0.0000000000
82912  5.065  -26.709  93.282 0.0000000000
81737  4.093  -27.910  92.881 0.0000000000
82913  4.478  -26.255  93.190 0.0000000000
85467  3.709  -24.532  101.798 0.0000000000
84158  4.032  -24.949  99.662 0.0000000000
85481  3.630  -24.344  99.927 0.0000000000
87876  4.203  -22.413  95.429 0.0000000000
86726  3.424  -23.319  96.383 0.0000000000
87904  3.473  -23.171  93.484 0.0000000000
85535  3.590  -24.612  92.894 0.0000000000
86765  3.565  -23.752  92.223 0.0000000000
85581  3.475  -24.731  89.947 0.0000000000
86777  4.115  -23.418  91.347 0.0000000000
87913  7.674  -22.297  92.861 0.0000000000
87936  6.538  -22.999  91.064 0.0000000000
86787  7.284  -23.249  90.507 0.0000000000
85576  7.932  -24.712  89.559 0.0000000000
87934  8.834  -22.112  90.570 0.0000000000
86801  9.549  -23.296  89.299 0.0000000000
88990  9.193  -21.672  91.088 0.0000000000
91008  11.205  -19.209  95.271 0.0000000000
91035  11.386  -19.323  93.618 0.0000000000
92079  10.854  -17.974  94.847 0.0000000000
94368  9.986  -16.592  93.644 0.0000000000
94358  8.843  -16.759  94.961 0.0000000000
94326  5.870  -16.238  100.033 0.0000000000
93195  6.911  -16.631  99.235 0.0000000000
95476  6.410  -15.761  99.243 0.0000000000
98874  9.083  -12.926  97.893 0.0000000000
96580  7.897  -14.510  98.005 0.0000000000
96589  8.328  -14.562  96.495 0.0000000000
95503  7.169  -15.323  95.397 0.0000000000
96604  8.371  -14.213  94.736 0.0000000000
96613  7.650  -14.263  93.779 0.0000000000
98894  9.135  -12.431  95.037 0.0000000000
102096  4.742  -9.131  95.346 0.0000000000
101037  6.273  -9.895  94.880 0.0000000000
88983  33.416  -21.467  90.836 0.0000000000
88970  34.048  -21.154  93.044 0.0000000000
90039  35.517  -20.688  89.576 0.0000000000
89054  39.935  -21.151  86.297 0.0000000000
90049  38.357  -21.192  89.095 0.0000000000
89007  40.068  -21.608  88.818 0.0000000000
88993  41.102  -21.475  90.155 0.0000000000
90060  41.606  -20.846  88.122 0.0000000000
87982  46.598  -22.753  85.799 0.0000000000
89070  45.180  -21.981  84.237 0.0000000000
89068  46.960  -21.673  84.677 0.0000000000
93346  46.904  -17.298  85.658 0.0000000000
92207  45.548  -17.941  85.381 0.0000000000
92180  45.298  -17.781  86.386 0.0000000000
92166  43.827  -18.801  88.165 0.0000000000
93298  44.648  -17.549  87.939 0.0000000000
94428  44.033  -16.848  88.095 0.0000000000
94446  45.405  -16.249  87.295 0.0000000000
96718  47.406  -14.443  83.073 0.0000000000
99016  47.792  -12.486  83.300 0.0000000000
99027  46.572  -13.056  82.316 0.0000000000
99043  46.065  -12.835  81.608 0.0000000000
97889  45.658  -13.739  81.487 0.0000000000
94581  43.710  -16.841  78.461 0.0000000000
85503  23.356  -24.220  95.661 0.0000000000
68795  6.122  -38.575  101.770 0.0000000000
68786  5.361  -39.395  101.602 0.0000000000
70064  5.766  -37.762  101.446 0.0000000000
71281  5.413  -36.927  100.903 0.0000000000
72402  6.718  -36.147  100.833 0.0000000000
62461  11.664  -44.080  95.493 0.0000000000
61211  11.257  -45.237  96.727 0.0000000000
63736  10.967  -43.401  95.502 0.0000000000
66349  12.123  -39.488  97.703 0.0000000000
66365  10.518  -40.571  97.303 0.0000000000
66350  10.679  -39.877  97.844 0.0000000000
65008  8.960  -40.884  98.905 0.0000000000
67605  10.143  -38.877  98.917 0.0000000000
74668  15.571  -33.772  100.589 0.0000000000
72400  15.538  -35.612  101.433 0.0000000000
73538  15.098  -34.680  100.648 0.0000000000
72416  13.401  -35.841  99.327 0.0000000000
71284  13.530  -36.502  100.597 0.0000000000
71274  12.138  -37.060  100.686 0.0000000000
68803  10.892  -37.782  100.483 0.0000000000
70072  10.376  -37.406  100.534 0.0000000000
70073  9.112  -37.564  100.683 0.0000000000
71297  10.125  -36.524  100.084 0.0000000000
73597  10.503  -34.482  95.605 0.0000000000
72445  9.549  -35.484  98.008 0.0000000000
73584  9.686  -35.040  96.946 0.0000000000
73585  8.250  -34.253  96.754 0.0000000000
74716  8.975  -33.590  95.206 0.0000000000
74730  8.762  -33.170  94.803 0.0000000000
75858  9.837  -32.798  93.968 0.0000000000
80585  10.741  -28.318  96.307 0.0000000000
80593  10.886  -28.318  95.330 0.0000000000
81701  10.107  -27.584  97.452 0.0000000000
82870  9.622  -26.971  97.838 0.0000000000
81694  9.110  -27.629  100.064 0.0000000000
81675  13.758  -27.277  103.124 0.0000000000
81682  11.496  -27.638  101.728 0.0000000000
81661  13.192  -27.500  104.218 0.0000000000
85463  12.376  -24.787  102.141 0.0000000000
84094  12.495  -26.125  103.957 0.0000000000
84109  11.524  -25.749  103.102 0.0000000000
82800  9.497  -26.797  103.543 0.0000000000
84110  10.440  -25.787  102.825 0.0000000000
85452  9.707  -24.853  102.156 0.0000000000
86693  10.751  -23.555  101.025 0.0000000000
89924  11.126  -20.142  99.717 0.0000000000
92017  11.334  -18.149  99.922 0.0000000000
93162  10.827  -17.363  100.956 0.0000000000
68842  33.154  -38.258  95.355 0.0000000000
70098  33.532  -37.304  95.348 0.0000000000
67638  34.799  -39.333  94.435 0.0000000000
90130  23.478  -20.356  81.315 0.0000000000
93423  23.271  -17.480  81.111 0.0000000000
90123  24.204  -19.940  81.600 0.0000000000
89101  27.081  -21.752  82.429 0.0000000000
90113  25.635  -19.979  82.533 0.0000000000
90112  26.398  -20.305  82.799 0.0000000000
91124  25.816  -18.821  84.034 0.0000000000
91139  27.570  -20.262  83.558 0.0000000000
79538  29.623  -29.014  85.450 0.0000000000
83047  29.249  -26.822  83.945 0.0000000000
81840  29.858  -27.419  84.654 0.0000000000
86850  29.383  -23.676  86.100 0.0000000000
86863  29.232  -23.623  85.236 0.0000000000
89045  29.692  -22.184  85.940 0.0000000000
91101  28.847  -19.805  85.301 0.0000000000
90072  29.953  -20.420  86.048 0.0000000000
92189  29.451  -19.041  87.331 0.0000000000
90064  30.702  -20.894  87.642 0.0000000000
85554  30.598  -24.538  90.129 0.0000000000
89000  30.654  -22.237  89.851 0.0000000000
86768  30.588  -23.736  91.192 0.0000000000
88973  30.833  -22.247  91.701 0.0000000000
86767  31.017  -23.981  91.781 0.0000000000
87920  32.361  -23.102  91.952 0.0000000000
86792  32.336  -23.750  90.081 0.0000000000
84333  34.447  -24.942  85.522 0.0000000000
86847  33.999  -23.312  85.094 0.0000000000
85629  35.703  -24.615  84.808 0.0000000000
84363  37.353  -24.430  83.832 0.0000000000
84330  37.378  -25.521  85.408 0.0000000000
81742  36.881  -27.434  92.209 0.0000000000
81758  36.667  -27.461  90.059 0.0000000000
82925  38.087  -26.535  91.665 0.0000000000
81748  40.976  -27.956  91.679 0.0000000000
82930  39.707  -26.597  90.911 0.0000000000
81765  41.130  -27.267  90.357 0.0000000000
82955  41.387  -27.041  88.655 0.0000000000
81780  41.939  -27.348  89.101 0.0000000000
81779  42.590  -27.536  88.892 0.0000000000
80640  42.370  -28.942  89.535 0.0000000000
99941  13.452  -11.667  99.943 0.0000000000
75845  3.697  -32.464  96.041 0.0000000000
74704  4.107  -33.502  96.327 0.0000000000
73613  4.519  -33.475  95.249 0.0000000000
72489  7.350  -35.539  92.768 0.0000000000
72474  7.124  -35.533  94.111 0.0000000000
73676  5.198  -34.946  88.826 0.0000000000
73660  5.695  -34.720  89.511 0.0000000000
71408  5.926  -35.994  89.273 0.0000000000
89018  11.356  -21.821  88.141 0.0000000000
87962  11.610  -22.645  87.446 0.0000000000
90067  11.948  -20.767  87.610 0.0000000000
93335  10.845  -17.794  86.870 0.0000000000
91092  12.217  -20.249  86.239 0.0000000000
91106  11.689  -19.868  85.344 0.0000000000
89096  11.157  -22.022  83.688 0.0000000000
91107  10.387  -19.494  84.928 0.0000000000
94442  4.970  -16.590  88.476 0.0000000000
92227  5.535  -18.333  85.266 0.0000000000
90999  35.817  -19.317  95.646 0.0000000000
93214  34.357  -17.120  94.750 0.0000000000
94351  35.728  -16.460  94.810 0.0000000000
97995  56.035  -13.871  74.676 0.0000000000
99153  56.299  -13.016  74.168 0.0000000000
99173  56.497  -12.769  73.301 0.0000000000
98016  56.526  -13.759  73.499 0.0000000000
103282  48.130  -8.443  82.928 0.0000000000
103296  47.518  -8.286  81.728 0.0000000000
103305  48.727  -8.122  81.203 0.0000000000
99086  51.044  -12.293  79.907 0.0000000000
102276  50.895  -9.103  79.883 0.0000000000
100199  52.226  -11.209  80.542 0.0000000000
100182  53.543  -11.386  80.261 0.0000000000
97901  53.421  -13.325  80.833 0.0000000000
91190  53.624  -18.490  77.079 0.0000000000
92340  54.396  -17.765  78.709 0.0000000000
92377  54.515  -18.315  76.851 0.0000000000
94634  55.583  -17.180  76.253 0.0000000000
92400  55.316  -18.328  74.876 0.0000000000
95819  55.267  -15.112  71.462 0.0000000000
68906  19.267  -38.556  89.998 0.0000000000
70185  17.843  -37.751  89.035 0.0000000000
68919  19.810  -38.815  89.270 0.0000000000
68942  20.519  -38.963  87.643 0.0000000000
68973  20.887  -38.267  85.909 0.0000000000
67655  23.296  -40.043  94.384 0.0000000000
68866  22.384  -39.279  94.015 0.0000000000
67666  22.319  -39.655  92.815 0.0000000000
68896  20.388  -39.051  91.179 0.0000000000
62481  24.628  -44.249  94.401 0.0000000000
61229  25.140  -44.288  95.644 0.0000000000
62470  24.272  -43.263  94.594 0.0000000000
66427  23.698  -41.203  94.409 0.0000000000
65135  25.334  -42.101  89.012 0.0000000000
62503  25.899  -44.045  90.389 0.0000000000
62504  24.939  -43.629  90.484 0.0000000000
61251  24.629  -44.266  92.575 0.0000000000
68972  21.913  -38.269  85.800 0.0000000000
67744  22.834  -39.503  86.856 0.0000000000
66492  24.880  -40.852  87.558 0.0000000000
99933  8.637  -11.708  102.230 0.0000000000
100995  8.379  -10.103  100.884 0.0000000000
99955  9.177  -10.796  100.350 0.0000000000
99961  9.984  -10.900  99.258 0.0000000000
101011  11.024  -10.335  98.399 0.0000000000
90948  9.329  -19.295  102.423 0.0000000000
89908  8.072  -20.526  103.862 0.0000000000
93137  8.697  -18.040  103.373 0.0000000000
93138  8.142  -17.731  103.888 0.0000000000
94280  7.504  -16.139  104.086 0.0000000000
96527  6.618  -15.345  104.195 0.0000000000
96536  7.928  -14.549  103.828 0.0000000000
97709  8.236  -13.127  103.250 0.0000000000
79553  42.574  -28.425  85.062 0.0000000000
80706  44.460  -27.189  84.941 0.0000000000
58745  9.190  -47.694  99.727 0.0000000000
58768  9.434  -46.771  98.644 0.0000000000
84199  15.524  -25.655  95.976 0.0000000000
81706  13.320  -27.344  96.099 0.0000000000
84179  15.737  -25.159  97.239 0.0000000000
84164  16.467  -25.151  98.265 0.0000000000
84134  17.160  -25.480  100.053 0.0000000000
84121  16.844  -25.789  101.031 0.0000000000
82837  18.627  -26.264  100.645 0.0000000000
82820  20.862  -25.891  101.687 0.0000000000
75817  35.118  -31.707  96.064 0.0000000000
75834  34.722  -32.523  95.698 0.0000000000
75818  34.240  -32.338  96.336 0.0000000000
73589  34.042  -34.336  95.385 0.0000000000
72462  34.378  -36.106  94.335 0.0000000000
78254  27.104  -30.441  94.631 0.0000000000
78273  27.824  -30.311  93.663 0.0000000000
78236  28.635  -30.159  95.335 0.0000000000
79415  30.722  -29.623  95.903 0.0000000000
79414  31.735  -29.292  96.074 0.0000000000
80589  33.564  -28.585  96.105 0.0000000000
80571  33.065  -29.112  97.122 0.0000000000
78210  34.059  -30.395  96.979 0.0000000000
80656  6.094  -28.380  88.505 0.0000000000
78378  4.692  -30.173  86.983 0.0000000000
78376  6.785  -30.298  87.302 0.0000000000
77208  7.243  -31.858  85.655 0.0000000000
73728  7.054  -34.319  84.198 0.0000000000
72628  6.493  -35.525  82.722 0.0000000000
73736  7.902  -34.186  83.181 0.0000000000
74870  8.476  -33.359  82.013 0.0000000000
78442  9.842  -30.321  81.991 0.0000000000
80741  10.502  -28.883  82.669 0.0000000000
81856  11.406  -27.298  83.810 0.0000000000
103332  46.978  -8.529  78.175 0.0000000000
104517  57.035  -7.507  69.980 0.0000000000
82919  15.786  -26.858  92.614 0.0000000000
85533  17.015  -24.654  93.262 0.0000000000
84224  16.120  -25.731  91.770 0.0000000000
84232  16.024  -25.360  90.742 0.0000000000
85559  16.973  -24.003  89.821 0.0000000000
79546  16.193  -29.977  85.062 0.0000000000
83030  16.275  -26.966  85.829 0.0000000000
83028  17.591  -27.062  85.598 0.0000000000
83011  21.651  -26.612  86.522 0.0000000000
85635  23.113  -25.439  86.204 0.0000000000
86852  21.915  -23.456  85.807 0.0000000000
86865  22.334  -24.282  85.269 0.0000000000
85667  21.884  -24.276  83.608 0.0000000000
85681  21.746  -24.008  82.801 0.0000000000
62432  16.357  -43.605  97.414 0.0000000000
62443  15.689  -43.449  96.530 0.0000000000
63716  17.211  -42.975  96.318 0.0000000000
65056  18.361  -41.834  94.985 0.0000000000
66395  18.724  -40.065  95.340 0.0000000000
70141  17.442  -37.496  93.600 0.0000000000
70117  17.849  -36.941  95.555 0.0000000000
70130  16.242  -36.674  94.226 0.0000000000
71347  15.549  -35.431  94.232 0.0000000000
74725  15.312  -33.536  94.607 0.0000000000
75854  15.089  -32.500  94.478 0.0000000000
77091  14.518  -31.561  93.511 0.0000000000
80625  14.618  -28.448  92.240 0.0000000000
62397  22.551  -43.558  99.301 0.0000000000
61172  22.523  -44.266  99.521 0.0000000000
62398  21.796  -43.641  99.357 0.0000000000
62388  20.626  -44.145  99.609 0.0000000000
62390  19.200  -44.286  99.621 0.0000000000
61177  18.787  -44.693  99.578 0.0000000000
62402  18.866  -44.009  99.640 0.0000000000
62420  17.943  -43.839  98.908 0.0000000000
72479  28.859  -34.754  93.572 0.0000000000
71344  30.068  -36.127  94.478 0.0000000000
70137  30.175  -36.937  93.245 0.0000000000
66426  31.050  -39.784  93.223 0.0000000000
63753  31.573  -42.078  92.865 0.0000000000
57467  28.744  -47.603  95.118 0.0000000000
57466  29.736  -47.492  94.987 0.0000000000
56235  29.361  -48.454  95.442 0.0000000000
53710  28.087  -49.651  95.229 0.0000000000
86893  22.108  -24.011  82.146 0.0000000000
85680  22.319  -24.743  82.702 0.0000000000
81870  22.388  -27.378  82.656 0.0000000000
79572  21.836  -30.008  83.195 0.0000000000
73670  24.132  -34.616  88.111 0.0000000000
73672  21.886  -33.936  88.559 0.0000000000
73654  24.457  -34.409  89.284 0.0000000000
74766  23.414  -33.767  90.682 0.0000000000
74758  23.095  -33.395  91.596 0.0000000000
74747  24.039  -32.860  92.700 0.0000000000
74746  25.294  -33.332  92.495 0.0000000000
73624  27.778  -34.220  92.788 0.0000000000
103134  3.768  -8.391  95.822 0.0000000000
105356  3.240  -5.986  94.946 0.0000000000
105332  3.054  -6.504  96.516 0.0000000000
106362  2.785  -5.378  96.328 0.0000000000
108484  3.513  -3.724  96.358 0.0000000000
109556  8.415  -2.735  97.093 0.0000000000
109564  7.463  -2.958  96.671 0.0000000000
110729  7.998  -1.675  97.750 0.0000000000
82896  9.031  -26.193  94.082 0.0000000000
82909  7.725  -26.793  93.681 0.0000000000
84208  7.752  -25.584  94.517 0.0000000000
85506  6.607  -24.675  95.805 0.0000000000
85507  5.831  -24.593  96.051 0.0000000000
86679  4.971  -23.168  101.317 0.0000000000
86704  3.904  -23.352  99.311 0.0000000000
86703  4.684  -23.101  99.590 0.0000000000
87855  4.556  -22.582  97.287 0.0000000000
87875  5.051  -22.331  95.462 0.0000000000
87902  4.797  -22.534  93.529 0.0000000000
87888  5.899  -22.460  94.566 0.0000000000
87886  8.107  -22.347  94.742 0.0000000000
88955  8.701  -21.899  93.857 0.0000000000
90004  10.042  -21.128  93.399 0.0000000000
88945  10.299  -21.221  95.104 0.0000000000
89965  10.685  -20.151  96.270 0.0000000000
92042  9.731  -18.475  97.530 0.0000000000
98850  7.452  -12.531  101.013 0.0000000000
97727  7.435  -13.672  100.340 0.0000000000
98861  7.958  -12.580  100.164 0.0000000000
99957  8.412  -11.593  98.713 0.0000000000
101014  8.650  -11.170  97.708 0.0000000000
101026  8.457  -10.740  96.132 0.0000000000
102063  7.350  -9.945  97.397 0.0000000000
102077  5.473  -9.709  96.528 0.0000000000
89040  36.361  -21.483  86.440 0.0000000000
89025  36.833  -21.280  87.394 0.0000000000
89056  38.190  -21.708  85.730 0.0000000000
89072  39.763  -21.143  85.319 0.0000000000
90108  40.924  -20.496  84.283 0.0000000000
87978  49.657  -21.976  85.406 0.0000000000
90087  48.137  -20.662  84.835 0.0000000000
91096  49.020  -19.686  85.194 0.0000000000
92204  48.819  -18.524  85.157 0.0000000000
94491  47.169  -16.673  86.018 0.0000000000
94470  46.609  -16.277  86.677 0.0000000000
94468  48.187  -15.917  86.264 0.0000000000
95598  48.973  -14.748  85.920 0.0000000000
96686  49.174  -14.081  85.303 0.0000000000
99002  48.892  -12.745  84.899 0.0000000000
96702  48.965  -14.269  84.325 0.0000000000
95652  48.619  -15.484  83.406 0.0000000000
94538  46.736  -16.461  82.226 0.0000000000
87896  23.854  -22.917  93.543 0.0000000000
89974  22.849  -20.981  93.843 0.0000000000
66329  5.892  -40.554  101.620 0.0000000000
67560  6.571  -39.687  101.697 0.0000000000
70062  7.214  -37.827  101.492 0.0000000000
66380  13.282  -40.244  96.091 0.0000000000
66381  11.934  -40.699  95.932 0.0000000000
66362  13.822  -40.134  97.177 0.0000000000
67601  14.028  -39.597  98.743 0.0000000000
67577  13.696  -38.672  100.222 0.0000000000
75796  14.038  -31.780  99.146 0.0000000000
73543  14.701  -34.444  99.917 0.0000000000
74674  14.194  -32.738  98.629 0.0000000000
73565  13.994  -34.238  97.988 0.0000000000
72429  12.548  -35.726  98.534 0.0000000000
72430  11.326  -35.893  98.701 0.0000000000
72456  12.558  -35.045  96.758 0.0000000000
73596  11.743  -34.396  95.590 0.0000000000
74727  11.450  -33.465  94.679 0.0000000000
75873  11.164  -32.173  93.796 0.0000000000
78260  11.830  -30.802  94.674 0.0000000000
79409  10.976  -29.008  96.688 0.0000000000
80577  10.262  -28.396  98.153 0.0000000000
84092  14.701  -25.885  104.247 0.0000000000
86657  14.892  -24.398  102.570 0.0000000000
86690  13.296  -23.619  100.908 0.0000000000
87813  11.580  -22.766  100.155 0.0000000000
87828  12.802  -22.478  99.439 0.0000000000
63721  34.844  -41.506  93.259 0.0000000000
86922  25.247  -23.593  80.556 0.0000000000
89109  25.683  -21.603  81.393 0.0000000000
86904  26.644  -23.532  81.376 0.0000000000
86892  27.252  -23.231  81.995 0.0000000000
86891  27.775  -23.650  82.549 0.0000000000
79506  31.245  -29.390  87.175 0.0000000000
83022  30.232  -26.330  85.360 0.0000000000
81810  31.198  -27.118  86.296 0.0000000000
84314  30.074  -25.201  86.664 0.0000000000
86822  29.609  -23.886  87.915 0.0000000000
87951  29.827  -23.415  88.415 0.0000000000
85568  29.860  -24.197  88.725 0.0000000000
84239  30.871  -25.199  89.479 0.0000000000
84237  31.980  -25.133  89.509 0.0000000000
85582  32.418  -24.683  88.444 0.0000000000
85600  32.526  -24.632  87.262 0.0000000000
84310  33.874  -25.540  86.047 0.0000000000
84282  36.094  -25.895  86.882 0.0000000000
81715  38.662  -27.917  94.196 0.0000000000
82916  39.113  -26.799  92.883 0.0000000000
81740  39.810  -28.294  92.956 0.0000000000
80628  40.665  -29.115  91.989 0.0000000000
79464  41.124  -29.632  91.007 0.0000000000
78334  41.504  -29.883  89.506 0.0000000000
77139  40.435  -31.037  89.742 0.0000000000
77098  4.093  -31.378  93.663 0.0000000000
75861  4.714  -32.777  94.416 0.0000000000
75892  5.193  -32.080  93.245 0.0000000000
74753  6.476  -33.462  92.810 0.0000000000
72499  7.100  -35.283  91.876 0.0000000000
70225  6.045  -37.087  87.243 0.0000000000
70243  8.492  -37.687  86.712 0.0000000000
93263  11.079  -17.443  89.958 0.0000000000
91076  11.421  -19.136  88.797 0.0000000000
93281  10.628  -16.591  89.414 0.0000000000
94459  10.234  -16.656  88.084 0.0000000000
93314  9.187  -17.106  87.092 0.0000000000
92070  38.895  -18.497  94.747 0.0000000000
94363  37.364  -16.296  94.559 0.0000000000
93234  38.891  -17.359  93.933 0.0000000000
94398  37.548  -16.559  91.906 0.0000000000
94410  35.834  -16.107  90.447 0.0000000000
96866  54.234  -14.672  74.210 0.0000000000
96851  54.649  -14.831  74.674 0.0000000000
96835  55.573  -15.357  75.321 0.0000000000
102267  47.929  -9.745  80.958 0.0000000000
102278  48.616  -9.583  80.295 0.0000000000
101248  48.380  -10.411  79.766 0.0000000000
100222  49.514  -11.838  79.122 0.0000000000
97922  50.901  -13.415  79.552 0.0000000000
90198  54.309  -19.961  73.658 0.0000000000
73647  14.628  -33.836  90.443 0.0000000000
78344  14.317  -30.567  89.694 0.0000000000
73659  14.573  -33.512  89.421 0.0000000000
75952  14.601  -32.298  88.004 0.0000000000
75972  14.841  -32.412  86.995 0.0000000000
71421  17.302  -36.955  87.758 0.0000000000
72564  15.881  -34.808  86.750 0.0000000000
75994  15.702  -32.547  85.693 0.0000000000
77205  16.131  -31.625  84.995 0.0000000000
78419  17.387  -30.818  84.776 0.0000000000
79527  18.576  -29.572  85.974 0.0000000000
65024  21.993  -41.432  97.324 0.0000000000
65038  20.986  -41.089  96.479 0.0000000000
66359  22.069  -40.319  97.110 0.0000000000
68835  22.209  -38.834  97.007 0.0000000000
70114  21.501  -37.916  95.570 0.0000000000
68867  21.479  -38.489  94.312 0.0000000000
70139  20.015  -38.201  93.906 0.0000000000
70140  18.733  -38.028  93.415 0.0000000000
70151  16.723  -37.270  92.619 0.0000000000
72507  15.342  -35.541  91.408 0.0000000000
54953  25.925  -48.599  96.083 0.0000000000
54941  24.930  -48.112  96.790 0.0000000000
56202  25.770  -47.332  97.046 0.0000000000
58765  25.244  -45.687  97.531 0.0000000000
61184  24.777  -44.262  98.211 0.0000000000
62440  25.090  -43.658  96.412 0.0000000000
63679  24.763  -43.346  97.660 0.0000000000
62395  24.358  -43.583  98.544 0.0000000000
64997  23.119  -42.719  98.766 0.0000000000
65014  22.855  -41.765  97.941 0.0000000000
68916  28.715  -38.658  89.632 0.0000000000
66448  29.594  -40.415  90.778 0.0000000000
65117  29.170  -41.243  90.482 0.0000000000
61257  28.927  -44.085  91.274 0.0000000000
60033  28.717  -46.142  92.903 0.0000000000
61270  26.658  -44.516  90.646 0.0000000000
60043  26.967  -46.063  92.501 0.0000000000
58804  28.156  -46.753  93.863 0.0000000000
58780  28.062  -47.320  95.105 0.0000000000
56225  27.041  -47.926  95.946 0.0000000000
79526  19.043  -29.494  86.261 0.0000000000
77202  18.861  -31.963  85.847 0.0000000000
73702  20.391  -33.578  86.186 0.0000000000
73700  22.424  -34.684  86.269 0.0000000000
70257  23.427  -37.356  85.532 0.0000000000
71454  24.326  -36.362  85.927 0.0000000000
73686  24.069  -34.834  86.926 0.0000000000
71436  26.159  -36.420  87.407 0.0000000000
70183  27.969  -37.649  88.938 0.0000000000
103086  5.364  -8.280  100.960 0.0000000000
104182  4.941  -7.768  99.666 0.0000000000
104181  5.930  -7.486  99.978 0.0000000000
105300  6.764  -7.129  99.593 0.0000000000
106341  7.971  -6.068  98.546 0.0000000000
103109  8.595  -8.290  99.248 0.0000000000
105310  8.211  -6.704  99.058 0.0000000000
106347  8.469  -5.264  97.820 0.0000000000
108471  9.074  -3.771  97.255 0.0000000000
110727  9.798  -2.109  97.962 0.0000000000
110701  9.553  -1.070  99.850 0.0000000000
82816  6.563  -26.777  102.840 0.0000000000
82832  5.321  -26.258  101.614 0.0000000000
84100  6.227  -25.246  103.385 0.0000000000
85437  5.039  -24.492  103.242 0.0000000000
87782  5.067  -22.926  103.923 0.0000000000
89904  7.043  -20.599  104.800 0.0000000000
88871  5.771  -21.418  104.728 0.0000000000
87786  5.385  -22.424  103.012 0.0000000000
87785  5.769  -21.820  102.737 0.0000000000
88885  6.343  -21.213  102.419 0.0000000000
90949  7.213  -19.743  101.650 0.0000000000
90958  8.272  -19.554  100.555 0.0000000000
93152  6.845  -18.303  101.386 0.0000000000
93166  5.520  -16.518  101.281 0.0000000000
95447  5.664  -15.214  101.472 0.0000000000
96538  5.943  -14.572  103.514 0.0000000000
96553  5.913  -14.380  102.733 0.0000000000
97720  6.669  -13.524  101.699 0.0000000000
99927  6.849  -11.403  102.012 0.0000000000
100989  6.823  -10.477  101.307 0.0000000000
84300  43.588  -25.508  86.691 0.0000000000
86846  43.498  -24.036  85.198 0.0000000000
85613  45.006  -24.398  86.452 0.0000000000
86820  46.612  -24.089  86.765 0.0000000000
86829  47.631  -23.673  86.500 0.0000000000
84341  47.726  -24.925  85.501 0.0000000000
86841  48.697  -23.279  85.830 0.0000000000
86868  49.074  -23.048  84.743 0.0000000000
88032  49.119  -21.754  83.100 0.0000000000
89107  48.729  -21.060  81.958 0.0000000000
91163  48.265  -19.835  81.215 0.0000000000
62380  7.382  -43.032  100.266 0.0000000000
63665  7.740  -41.933  100.244 0.0000000000
73541  17.221  -35.087  100.183 0.0000000000
72398  16.807  -35.892  101.228 0.0000000000
74670  16.501  -33.397  99.582 0.0000000000
75790  15.885  -32.918  100.093 0.0000000000
77021  15.013  -31.317  99.263 0.0000000000
80574  13.164  -28.306  97.164 0.0000000000
79394  13.710  -29.339  97.685 0.0000000000
78200  14.258  -30.845  99.167 0.0000000000
78208  13.674  -30.551  98.577 0.0000000000
79383  12.865  -29.586  98.139 0.0000000000
81697  11.448  -27.828  98.603 0.0000000000
81692  11.213  -27.588  99.419 0.0000000000
82850  11.715  -26.922  99.738 0.0000000000
82827  13.628  -26.662  101.836 0.0000000000
81666  15.542  -26.890  103.810 0.0000000000
82808  16.747  -26.357  102.826 0.0000000000
82794  16.663  -26.383  103.520 0.0000000000
75895  37.206  -31.779  92.034 0.0000000000
75906  35.943  -32.023  90.647 0.0000000000
75896  36.047  -31.904  91.820 0.0000000000
75885  34.227  -32.596  92.094 0.0000000000
74721  34.443  -33.235  94.529 0.0000000000
73629  33.692  -34.812  92.694 0.0000000000
78398  26.927  -30.434  86.092 0.0000000000
79555  27.688  -29.384  84.025 0.0000000000
79509  27.823  -30.165  86.982 0.0000000000
79508  28.677  -30.051  87.058 0.0000000000
79507  29.869  -29.990  87.326 0.0000000000
78310  29.458  -30.541  91.809 0.0000000000
78338  30.160  -30.614  89.913 0.0000000000
79495  30.770  -30.181  88.123 0.0000000000
79494  32.250  -29.904  88.495 0.0000000000
79485  33.247  -30.141  89.849 0.0000000000
79484  34.550  -29.443  89.418 0.0000000000
80642  35.481  -28.576  88.950 0.0000000000
79474  35.137  -29.284  90.372 0.0000000000
80606  36.242  -27.988  92.919 0.0000000000
81717  36.822  -27.368  94.410 0.0000000000
81711  35.072  -28.268  95.894 0.0000000000
81703  36.022  -28.083  95.816 0.0000000000
81708  37.606  -27.825  94.913 0.0000000000
79423  37.793  -29.384  94.749 0.0000000000
77069  38.111  -30.570  94.043 0.0000000000
79489  3.158  -29.462  89.262 0.0000000000
78345  4.135  -30.426  89.595 0.0000000000
78361  2.996  -30.514  88.450 0.0000000000
75939  3.439  -32.239  87.900 0.0000000000
73692  4.271  -34.475  87.269 0.0000000000
75974  4.418  -32.383  86.110 0.0000000000
73705  4.538  -34.402  86.323 0.0000000000
71442  5.061  -36.363  87.133 0.0000000000
70247  5.194  -37.055  86.170 0.0000000000
68991  6.568  -37.713  84.851 0.0000000000
85684  8.977  -24.720  82.595 0.0000000000
95542  4.382  -16.076  92.292 0.0000000000
95557  5.110  -15.971  91.206 0.0000000000
95559  3.766  -15.630  91.619 0.0000000000
92135  41.781  -18.302  89.382 0.0000000000
92137  39.698  -18.774  89.770 0.0000000000
99124  51.535  -12.424  77.350 0.0000000000
99123  52.118  -12.435  78.001 0.0000000000
85495  19.848  -25.190  97.935 0.0000000000
86709  21.963  -24.511  98.661 0.0000000000
86723  21.088  -23.691  97.159 0.0000000000
86731  21.270  -23.513  95.983 0.0000000000
86748  22.805  -24.321  94.508 0.0000000000
87898  19.060  -23.137  93.313 0.0000000000
86760  20.844  -23.525  93.116 0.0000000000
85531  22.959  -24.472  93.762 0.0000000000
86758  23.825  -23.744  92.919 0.0000000000
87922  23.497  -23.203  91.693 0.0000000000
88975  22.128  -21.462  90.785 0.0000000000
81784  14.677  -28.275  88.820 0.0000000000
84245  15.642  -25.758  89.162 0.0000000000
86813  17.809  -23.858  88.625 0.0000000000
84319  17.662  -25.249  86.594 0.0000000000
85587  19.662  -24.488  88.382 0.0000000000
85571  20.839  -24.897  89.300 0.0000000000
84241  22.779  -25.474  89.823 0.0000000000
87943  22.882  -22.764  89.703 0.0000000000
90029  21.493  -20.947  89.946 0.0000000000
92193  19.933  -18.702  86.047 0.0000000000
87992  20.595  -21.960  85.320 0.0000000000
90083  19.823  -20.337  85.118 0.0000000000
92220  19.722  -18.085  84.832 0.0000000000
93388  19.667  -17.357  83.701 0.0000000000
95689  19.898  -15.605  81.824 0.0000000000
59988  12.091  -46.482  98.372 0.0000000000
61203  13.515  -45.612  97.822 0.0000000000
61217  13.207  -44.467  96.165 0.0000000000
63750  13.185  -42.709  94.504 0.0000000000
62472  15.475  -42.853  95.017 0.0000000000
65073  14.487  -41.637  94.346 0.0000000000
66417  13.823  -41.070  94.627 0.0000000000
66378  15.410  -40.186  96.679 0.0000000000
67598  16.906  -39.466  98.327 0.0000000000
68820  17.327  -38.409  99.427 0.0000000000
66376  20.786  -40.082  96.364 0.0000000000
67628  20.518  -39.401  96.786 0.0000000000
67595  19.635  -38.857  97.915 0.0000000000
70106  19.446  -36.969  96.846 0.0000000000
71309  19.799  -37.383  97.991 0.0000000000
67596  18.967  -39.020  98.106 0.0000000000
70089  18.429  -37.896  98.806 0.0000000000
71293  17.855  -37.281  99.108 0.0000000000
72414  17.529  -35.791  99.522 0.0000000000
74684  16.330  -33.498  97.336 0.0000000000
75825  15.739  -32.533  96.694 0.0000000000
78241  14.089  -30.318  95.479 0.0000000000
78277  14.102  -30.702  94.168 0.0000000000
79430  13.807  -29.349  94.386 0.0000000000
82893  13.980  -27.361  94.495 0.0000000000
84198  16.079  -25.809  95.790 0.0000000000
82871  18.424  -26.192  96.864 0.0000000000
54942  24.383  -47.937  96.774 0.0000000000
58752  22.102  -45.273  98.881 0.0000000000
59969  17.278  -45.579  99.439 0.0000000000
74681  30.337  -33.305  97.438 0.0000000000
73559  31.670  -34.227  97.192 0.0000000000
72437  31.289  -35.078  96.980 0.0000000000
70100  31.976  -37.227  95.920 0.0000000000
67623  32.880  -39.021  95.094 0.0000000000
68856  31.348  -38.095  94.819 0.0000000000
66389  32.904  -40.280  94.387 0.0000000000
65049  33.673  -41.108  94.058 0.0000000000
63760  30.352  -42.188  91.924 0.0000000000
62479  31.445  -43.379  93.013 0.0000000000
60022  31.715  -45.093  93.747 0.0000000000
58786  32.372  -46.508  94.397 0.0000000000
95704  20.985  -15.618  80.831 0.0000000000
92318  21.061  -17.739  81.044 0.0000000000
90131  22.411  -20.335  81.246 0.0000000000
89121  23.259  -21.890  80.787 0.0000000000
86907  22.415  -23.402  81.413 0.0000000000
86924  23.354  -23.378  80.739 0.0000000000
86923  24.306  -23.614  80.522 0.0000000000
84412  25.176  -25.402  80.504 0.0000000000
80754  25.950  -28.115  81.118 0.0000000000
79571  25.772  -30.094  82.963 0.0000000000
78418  20.300  -29.896  85.082 0.0000000000
78417  21.051  -30.587  84.680 0.0000000000
77218  22.060  -31.343  84.681 0.0000000000
77147  19.547  -31.951  89.521 0.0000000000
77182  21.439  -31.526  86.900 0.0000000000
77217  23.091  -31.527  84.640 0.0000000000
77216  23.941  -31.463  84.629 0.0000000000
77178  24.996  -31.306  85.613 0.0000000000
78399  26.356  -30.553  85.510 0.0000000000
78356  25.751  -31.151  87.888 0.0000000000
78329  25.526  -30.895  89.970 0.0000000000
78298  25.466  -30.546  92.450 0.0000000000
75869  23.706  -32.135  93.885 0.0000000000
77074  24.233  -31.346  94.325 0.0000000000
78255  25.835  -30.678  94.692 0.0000000000
77046  26.518  -31.374  96.474 0.0000000000
75806  28.925  -32.303  97.407 0.0000000000
105321  5.154  -6.519  97.560 0.0000000000
107409  5.058  -4.698  96.383 0.0000000000
109567  4.046  -2.748  96.361 0.0000000000
109565  6.459  -2.591  96.659 0.0000000000
110739  5.837  -1.838  96.918 0.0000000000
74703  6.262  -32.783  97.019 0.0000000000
74689  4.893  -33.203  97.731 0.0000000000
77052  5.546  -31.551  96.092 0.0000000000
77067  4.547  -31.243  95.849 0.0000000000
78264  4.536  -30.386  94.823 0.0000000000
80614  6.652  -28.503  93.615 0.0000000000
79452  5.301  -29.303  93.856 0.0000000000
79436  4.290  -29.960  94.243 0.0000000000
79454  3.922  -29.631  93.522 0.0000000000
79463  3.707  -29.222  92.490 0.0000000000
80626  3.533  -28.302  91.870 0.0000000000
84156  5.568  -25.353  99.400 0.0000000000
85491  4.753  -24.581  97.974 0.0000000000
85509  4.189  -24.392  96.269 0.0000000000
85493  3.409  -23.835  98.572 0.0000000000
85510  3.572  -23.993  96.329 0.0000000000
84212  4.260  -25.029  94.087 0.0000000000
84218  4.109  -25.441  93.401 0.0000000000
82928  3.500  -26.389  91.751 0.0000000000
80632  3.455  -28.224  90.792 0.0000000000
81774  3.069  -27.600  89.209 0.0000000000
82971  3.410  -27.006  88.742 0.0000000000
82947  4.345  -26.348  88.973 0.0000000000
86776  5.039  -23.209  91.098 0.0000000000
85578  5.550  -24.660  89.757 0.0000000000
81772  6.006  -27.043  89.387 0.0000000000
81771  7.083  -26.952  89.331 0.0000000000
82968  8.615  -26.409  88.791 0.0000000000
82967  9.446  -26.601  88.005 0.0000000000
82994  10.299  -26.546  87.278 0.0000000000
85591  10.122  -24.682  88.197 0.0000000000
86800  10.246  -22.961  89.023 0.0000000000
90044  10.551  -20.458  89.956 0.0000000000
90003  10.470  -20.552  92.875 0.0000000000
91061  10.612  -19.844  91.420 0.0000000000
92114  11.201  -18.381  91.339 0.0000000000
93247  10.755  -16.889  92.380 0.0000000000
94392  9.254  -15.933  92.485 0.0000000000
95513  7.484  -16.261  93.298 0.0000000000
92019  8.523  -18.612  99.688 0.0000000000
93193  8.812  -17.679  98.203 0.0000000000
93201  8.247  -16.975  97.742 0.0000000000
95475  6.814  -15.561  98.636 0.0000000000
94342  7.048  -16.115  97.605 0.0000000000
94347  7.852  -16.699  96.351 0.0000000000
94360  7.257  -16.498  95.765 0.0000000000
94383  6.318  -16.397  94.109 0.0000000000
94396  5.455  -16.138  93.536 0.0000000000
96624  5.280  -14.890  93.003 0.0000000000
97778  7.583  -13.431  92.701 0.0000000000
98915  7.946  -12.399  92.535 0.0000000000
101035  8.081  -10.769  95.214 0.0000000000
99987  7.852  -11.177  93.885 0.0000000000
101057  7.647  -10.458  92.778 0.0000000000
87879  32.211  -22.038  94.984 0.0000000000
91016  32.636  -18.964  95.315 0.0000000000
88941  33.510  -21.727  95.260 0.0000000000
89971  34.967  -20.726  95.108 0.0000000000
91026  36.625  -20.041  94.356 0.0000000000
90038  36.807  -20.773  89.704 0.0000000000
90011  37.326  -20.668  91.842 0.0000000000
89981  38.207  -20.380  93.619 0.0000000000
89979  40.070  -20.404  93.161 0.0000000000
89993  40.993  -20.645  92.225 0.0000000000
91047  42.306  -19.821  91.008 0.0000000000
88000  43.684  -22.885  84.244 0.0000000000
90105  43.782  -20.588  83.501 0.0000000000
91119  42.452  -19.470  84.750 0.0000000000
91115  46.591  -19.685  84.004 0.0000000000
92252  45.109  -18.997  83.917 0.0000000000
91097  43.139  -18.947  85.437 0.0000000000
91077  43.282  -19.384  87.629 0.0000000000
91062  43.249  -19.306  89.567 0.0000000000
92116  42.395  -18.913  90.200 0.0000000000
93267  42.397  -17.896  88.943 0.0000000000
95589  45.647  -15.361  87.013 0.0000000000
102230  47.672  -9.185  83.857 0.0000000000
102241  48.422  -9.510  83.326 0.0000000000
100104  48.438  -11.301  84.525 0.0000000000
101187  48.335  -10.995  83.511 0.0000000000
102256  48.136  -9.717  82.069 0.0000000000
101219  47.004  -11.170  81.379 0.0000000000
100185  46.554  -11.681  80.182 0.0000000000
97924  46.054  -13.077  78.892 0.0000000000
92305  47.199  -19.029  81.031 0.0000000000
92289  46.384  -18.170  81.246 0.0000000000
93414  45.848  -17.536  81.293 0.0000000000
93431  44.649  -17.564  80.485 0.0000000000
95678  45.058  -15.680  81.146 0.0000000000
96760  44.732  -14.767  80.008 0.0000000000
96779  44.947  -14.404  79.181 0.0000000000
103419  56.376  -8.593  71.111 0.0000000000
102361  56.340  -9.732  71.479 0.0000000000
101311  56.436  -10.754  71.826 0.0000000000
95432  11.329  -15.663  102.232 0.0000000000
97705  11.962  -13.965  101.965 0.0000000000
86707  23.759  -24.175  98.634 0.0000000000
70082  5.304  -37.584  100.296 0.0000000000
72413  4.941  -36.107  100.089 0.0000000000
73546  5.487  -34.966  99.633 0.0000000000
59995  11.758  -45.931  97.620 0.0000000000
60005  10.080  -45.640  97.334 0.0000000000
61213  9.422  -44.865  97.439 0.0000000000
65042  10.405  -41.753  96.363 0.0000000000
63707  9.427  -42.338  97.222 0.0000000000
61205  8.920  -44.109  98.015 0.0000000000
62417  8.418  -42.724  99.015 0.0000000000
65009  8.485  -41.088  99.564 0.0000000000
66338  8.262  -40.124  100.266 0.0000000000
70067  15.981  -37.391  101.435 0.0000000000
68799  14.864  -38.173  101.334 0.0000000000
68813  13.518  -38.302  100.704 0.0000000000
71283  14.247  -36.292  100.860 0.0000000000
70069  13.613  -37.225  101.235 0.0000000000
68814  12.496  -38.220  100.305 0.0000000000
68824  10.486  -38.300  99.843 0.0000000000
67579  8.761  -39.239  100.044 0.0000000000
67571  8.020  -39.587  100.721 0.0000000000
68792  7.874  -38.956  101.146 0.0000000000
70074  8.227  -37.948  101.170 0.0000000000
71289  8.203  -36.561  100.565 0.0000000000
72431  10.198  -35.914  98.746 0.0000000000
72420  8.759  -35.999  99.512 0.0000000000
72409  7.640  -36.063  100.172 0.0000000000
72422  7.182  -35.509  99.763 0.0000000000
73569  7.160  -34.174  97.860 0.0000000000
73570  6.160  -33.711  97.990 0.0000000000
74718  7.462  -32.927  95.814 0.0000000000
77080  8.007  -31.681  94.211 0.0000000000
79448  9.255  -29.467  93.190 0.0000000000
78280  10.699  -30.657  93.426 0.0000000000
79447  10.472  -29.577  93.502 0.0000000000
81730  10.259  -27.579  93.763 0.0000000000
82885  9.822  -26.248  95.617 0.0000000000
84169  8.826  -25.928  98.301 0.0000000000
82842  8.111  -27.304  100.949 0.0000000000
81693  10.658  -27.949  99.906 0.0000000000
81688  10.715  -27.960  100.964 0.0000000000
80555  10.376  -28.400  101.631 0.0000000000
82788  12.827  -27.190  104.535 0.0000000000
80542  11.338  -28.186  103.950 0.0000000000
80556  9.485  -28.663  102.018 0.0000000000
80552  9.436  -28.523  102.947 0.0000000000
81678  8.083  -27.750  102.596 0.0000000000
81679  7.355  -27.235  102.777 0.0000000000
84098  8.010  -25.427  102.982 0.0000000000
86660  8.514  -23.627  102.836 0.0000000000
87783  9.003  -22.256  102.415 0.0000000000
88893  10.743  -21.869  100.276 0.0000000000
88882  10.088  -21.301  100.949 0.0000000000
89917  9.455  -20.332  102.135 0.0000000000
92006  10.284  -18.243  101.319 0.0000000000
94300  10.611  -16.704  101.845 0.0000000000
75919  34.764  -32.273  89.291 0.0000000000
72450  32.822  -35.317  96.196 0.0000000000
71332  34.118  -36.628  94.932 0.0000000000
96767  22.071  -14.856  80.700 0.0000000000
95687  22.979  -15.361  80.931 0.0000000000
95674  23.983  -15.227  82.042 0.0000000000
90122  25.013  -20.104  81.904 0.0000000000
93405  24.565  -17.384  82.384 0.0000000000
81867  28.363  -27.480  83.017 0.0000000000
85678  28.369  -24.786  83.248 0.0000000000
88024  28.366  -22.748  83.515 0.0000000000
84350  29.442  -25.255  85.015 0.0000000000
86864  28.913  -23.597  84.486 0.0000000000
89077  28.615  -21.941  83.716 0.0000000000
91121  28.660  -20.221  84.552 0.0000000000
92216  27.189  -18.675  85.961 0.0000000000
89015  30.542  -21.981  88.641 0.0000000000
87906  32.234  -23.230  93.029 0.0000000000
87929  32.888  -22.292  91.717 0.0000000000
88997  33.387  -21.600  89.308 0.0000000000
87949  32.639  -22.914  88.216 0.0000000000
89028  33.644  -21.892  86.869 0.0000000000
89041  35.200  -21.480  86.362 0.0000000000
88023  36.656  -23.096  83.983 0.0000000000
85661  38.883  -24.124  83.449 0.0000000000
84345  40.537  -25.303  84.870 0.0000000000
81767  36.052  -27.903  88.820 0.0000000000
82960  36.329  -26.609  88.000 0.0000000000
84258  36.912  -25.811  88.091 0.0000000000
82924  38.976  -26.527  91.853 0.0000000000
82939  38.355  -26.081  89.511 0.0000000000
84279  38.214  -25.932  88.083 0.0000000000
83001  39.773  -26.293  87.324 0.0000000000
83000  40.667  -26.346  87.090 0.0000000000
84302  42.052  -25.877  86.351 0.0000000000
82976  43.228  -26.433  87.521 0.0000000000
81778  43.388  -27.782  88.276 0.0000000000
80663  43.698  -28.363  87.254 0.0000000000
79536  42.622  -28.709  85.914 0.0000000000
98857  12.663  -12.432  100.395 0.0000000000
101002  12.892  -10.750  98.842 0.0000000000
103105  12.192  -8.423  98.398 0.0000000000
104177  13.188  -7.410  99.344 0.0000000000
105306  12.060  -6.382  98.865 0.0000000000
73572  4.729  -34.767  97.724 0.0000000000
71329  5.876  -35.773  97.223 0.0000000000
72475  6.612  -35.177  94.829 0.0000000000
75925  5.802  -32.524  89.929 0.0000000000
72508  6.953  -35.238  90.779 0.0000000000
71374  8.342  -36.532  91.304 0.0000000000
84321  11.183  -25.318  86.827 0.0000000000
84340  11.887  -25.146  85.757 0.0000000000
84354  11.989  -25.244  84.609 0.0000000000
90066  12.314  -20.839  86.788 0.0000000000
87993  12.458  -22.691  85.429 0.0000000000
85668  12.191  -23.995  83.956 0.0000000000
86884  11.408  -23.446  83.341 0.0000000000
86885  10.599  -23.508  83.018 0.0000000000
94424  5.636  -16.035  89.193 0.0000000000
94463  6.441  -17.089  87.724 0.0000000000
93338  7.483  -18.178  86.602 0.0000000000
92198  6.943  -18.895  86.049 0.0000000000
92224  8.610  -19.024  85.414 0.0000000000
96607  36.150  -14.478  94.044 0.0000000000
92139  37.337  -18.167  89.839 0.0000000000
100284  56.444  -11.772  73.055 0.0000000000
98066  56.490  -13.344  71.692 0.0000000000
102258  46.113  -9.389  80.887 0.0000000000
103317  47.356  -8.298  79.482 0.0000000000
104430  49.484  -7.379  79.341 0.0000000000
103304  49.437  -8.136  80.509 0.0000000000
104416  50.243  -7.704  79.741 0.0000000000
104428  51.081  -7.674  78.892 0.0000000000
102291  52.421  -9.644  79.155 0.0000000000
100198  52.974  -11.606  79.300 0.0000000000
97938  53.474  -13.733  79.180 0.0000000000
95710  51.701  -15.512  79.383 0.0000000000
95709  52.469  -15.462  80.131 0.0000000000
94562  53.884  -15.965  80.455 0.0000000000
95708  54.150  -15.320  79.537 0.0000000000
95747  53.804  -15.914  77.940 0.0000000000
94636  54.776  -16.535  77.108 0.0000000000
95779  55.915  -16.315  75.606 0.0000000000
95793  56.337  -15.943  74.830 0.0000000000
93541  55.876  -16.922  73.731 0.0000000000
95808  56.430  -15.364  73.102 0.0000000000
95818  56.147  -15.129  72.201 0.0000000000
96910  55.974  -14.505  71.535 0.0000000000
98082  56.261  -13.137  70.556 0.0000000000
66451  22.647  -40.756  90.826 0.0000000000
67703  22.121  -40.235  89.813 0.0000000000
66466  22.522  -40.730  89.922 0.0000000000
66443  22.793  -40.721  91.502 0.0000000000
65119  23.261  -41.649  91.336 0.0000000000
66465  22.900  -41.234  90.065 0.0000000000
97706  10.801  -13.933  102.237 0.0000000000
97718  10.515  -13.263  101.917 0.0000000000
95433  10.167  -15.653  103.057 0.0000000000
96551  10.050  -14.518  103.075 0.0000000000
85476  21.320  -25.613  99.764 0.0000000000
85474  22.498  -25.105  99.919 0.0000000000
85484  21.846  -24.892  99.291 0.0000000000
85486  20.214  -25.654  98.591 0.0000000000
82856  19.545  -26.350  99.001 0.0000000000
84160  20.284  -26.006  99.086 0.0000000000
84146  20.915  -26.002  99.976 0.0000000000
74678  33.029  -33.364  96.815 0.0000000000
74679  32.212  -33.274  97.222 0.0000000000
75804  30.828  -32.307  97.627 0.0000000000
77034  30.423  -31.443  97.816 0.0000000000
77032  32.415  -31.289  97.415 0.0000000000
73555  5.179  -34.422  98.862 0.0000000000
80671  9.513  -27.936  87.223 0.0000000000
80688  9.081  -29.185  86.758 0.0000000000
79530  9.418  -29.431  86.158 0.0000000000
79549  9.483  -29.951  85.400 0.0000000000
80704  9.996  -29.104  85.755 0.0000000000
79548  10.320  -29.336  85.012 0.0000000000
80686  10.517  -27.949  86.255 0.0000000000
99066  43.205  -11.999  81.294 0.0000000000
100188  43.194  -11.776  80.657 0.0000000000
100207  42.941  -11.842  79.977 0.0000000000
100205  44.234  -10.995  80.140 0.0000000000
100300  56.608  -11.635  71.138 0.0000000000
100312  56.794  -11.552  70.138 0.0000000000
78330  14.295  -30.498  90.715 0.0000000000
80637  14.573  -28.825  90.490 0.0000000000
80697  19.175  -28.748  85.844 0.0000000000
81843  21.321  -27.762  84.536 0.0000000000
63714  19.188  -42.524  96.567 0.0000000000
63713  20.295  -41.928  96.536 0.0000000000
74761  14.438  -33.100  91.207 0.0000000000
77121  14.310  -31.367  91.290 0.0000000000
63692  20.828  -42.821  98.165 0.0000000000
70156  29.838  -37.934  91.310 0.0000000000
68902  29.690  -38.724  90.911 0.0000000000
53679  25.808  -49.104  95.766 0.0000000000
53694  26.447  -49.340  95.451 0.0000000000
81855  21.528  -27.963  83.863 0.0000000000
80712  20.345  -28.652  84.970 0.0000000000
71382  28.584  -36.648  90.142 0.0000000000
71383  27.972  -36.011  89.854 0.0000000000
72503  28.623  -35.931  90.738 0.0000000000
71371  28.922  -36.230  90.873 0.0000000000
102055  4.185  -8.846  99.375 0.0000000000
103111  3.486  -8.188  99.020 0.0000000000
103098  3.787  -7.926  99.247 0.0000000000
110702  8.129  -0.786  100.048 0.0000000000
111825  7.666  -0.631  101.232 0.0000000000
82853  7.080  -26.173  100.280 0.0000000000
88910  7.976  -21.524  100.386 0.0000000000
87831  7.984  -21.969  99.622 0.0000000000
87843  8.532  -21.825  98.810 0.0000000000
88922  8.922  -21.348  99.116 0.0000000000
88926  9.127  -21.515  98.428 0.0000000000
88908  9.082  -20.715  99.458 0.0000000000
102040  5.258  -8.832  100.187 0.0000000000
102039  6.151  -9.438  99.738 0.0000000000
85642  41.525  -24.448  84.553 0.0000000000
86873  41.626  -23.348  83.734 0.0000000000
85641  42.366  -24.159  84.649 0.0000000000
91147  49.934  -19.543  82.887 0.0000000000
91146  50.265  -19.613  83.426 0.0000000000
92268  50.309  -18.830  83.322 0.0000000000
93393  50.211  -18.088  83.275 0.0000000000
92269  49.813  -18.698  82.742 0.0000000000
93394  49.745  -17.628  82.940 0.0000000000
92285  49.253  -18.941  82.187 0.0000000000
63656  6.942  -42.092  101.090 0.0000000000
64988  7.397  -40.968  100.889 0.0000000000
66332  7.487  -40.355  100.935 0.0000000000
68809  16.769  -38.084  100.195 0.0000000000
67574  16.044  -38.928  99.836 0.0000000000
70079  16.344  -37.777  100.872 0.0000000000
79395  12.306  -29.855  97.894 0.0000000000
77051  12.740  -31.338  96.759 0.0000000000
78220  11.710  -29.978  97.112 0.0000000000
79396  11.689  -29.610  97.558 0.0000000000
75917  36.861  -31.927  89.759 0.0000000000
79581  27.172  -28.557  82.528 0.0000000000
80738  27.142  -28.141  82.155 0.0000000000
80651  33.687  -29.047  88.190 0.0000000000
81799  32.275  -27.620  87.397 0.0000000000
81798  33.135  -27.663  87.446 0.0000000000
82985  33.447  -26.923  87.119 0.0000000000
80665  34.587  -28.044  87.627 0.0000000000
75904  38.073  -31.759  91.085 0.0000000000
75903  39.063  -31.570  91.261 0.0000000000
75915  38.849  -31.800  90.226 0.0000000000
79470  4.151  -29.587  91.091 0.0000000000
78331  5.219  -30.626  91.482 0.0000000000
78332  4.725  -30.301  90.616 0.0000000000
95539  7.045  -15.696  91.800 0.0000000000
95556  6.105  -15.667  91.049 0.0000000000
91049  41.340  -19.641  91.747 0.0000000000
96810  52.119  -14.146  77.476 0.0000000000
96824  51.801  -14.442  76.674 0.0000000000
96823  52.301  -14.835  77.124 0.0000000000
95769  52.912  -15.537  76.909 0.0000000000
70169  17.000  -37.425  90.445 0.0000000000
71403  16.506  -36.842  89.720 0.0000000000
70186  17.145  -37.312  89.396 0.0000000000
70261  19.200  -37.045  85.663 0.0000000000
70262  18.545  -36.676  85.720 0.0000000000
71477  18.997  -36.301  85.257 0.0000000000
72579  18.621  -35.609  84.966 0.0000000000
72578  19.548  -35.644  84.852 0.0000000000
67626  23.501  -39.884  96.286 0.0000000000
70157  18.571  -38.379  90.859 0.0000000000
68888  19.188  -38.497  91.948 0.0000000000
60018  25.864  -45.700  95.363 0.0000000000
60009  25.679  -45.464  95.827 0.0000000000
61228  25.426  -45.024  95.595 0.0000000000
67642  23.859  -40.419  95.730 0.0000000000
66392  24.145  -41.136  96.138 0.0000000000
67625  23.885  -40.566  96.388 0.0000000000
66374  23.651  -40.511  96.809 0.0000000000
65133  27.228  -41.483  89.069 0.0000000000
63790  26.780  -42.436  89.445 0.0000000000
60027  25.295  -45.165  94.128 0.0000000000
60026  25.846  -45.683  94.484 0.0000000000
60008  26.371  -46.258  95.607 0.0000000000
66477  26.398  -40.667  88.011 0.0000000000
67716  27.050  -39.932  88.043 0.0000000000
102012  7.524  -9.661  102.031 0.0000000000
102029  7.521  -8.860  101.212 0.0000000000
102020  7.787  -9.444  101.456 0.0000000000
104193  9.761  -7.419  98.627 0.0000000000
105307  11.206  -6.467  98.598 0.0000000000
88876  8.533  -21.823  103.058 0.0000000000
88873  8.241  -21.323  103.687 0.0000000000
93135  6.289  -17.911  104.027 0.0000000000
91981  6.220  -18.805  104.410 0.0000000000
93136  5.900  -18.129  103.789 0.0000000000
93139  6.110  -17.587  103.679 0.0000000000
94282  5.701  -16.684  103.249 0.0000000000
94277  5.966  -16.529  103.669 0.0000000000
99925  7.643  -11.357  102.760 0.0000000000
100980  7.591  -10.256  102.393 0.0000000000
81794  45.247  -26.890  86.361 0.0000000000
58769  8.601  -45.946  98.754 0.0000000000
58770  8.130  -45.377  99.056 0.0000000000
59985  7.787  -44.644  99.290 0.0000000000
59991  8.269  -44.970  98.780 0.0000000000
79418  14.234  -29.957  96.641 0.0000000000
78230  14.791  -30.535  97.098 0.0000000000
80584  13.501  -28.514  95.973 0.0000000000
85479  15.236  -24.987  99.322 0.0000000000
84137  14.184  -25.586  100.544 0.0000000000
84136  15.180  -25.507  100.432 0.0000000000
77072  35.934  -31.334  95.185 0.0000000000
75847  35.855  -31.695  94.649 0.0000000000
75833  35.374  -31.818  95.405 0.0000000000
71353  34.742  -36.797  93.258 0.0000000000
72476  34.470  -36.009  93.459 0.0000000000
78327  27.336  -30.356  90.564 0.0000000000
78292  31.466  -30.172  92.979 0.0000000000
79460  32.516  -29.729  93.471 0.0000000000
78306  32.709  -29.934  92.595 0.0000000000
79459  32.985  -29.702  93.250 0.0000000000
79439  34.145  -28.995  93.845 0.0000000000
79440  33.598  -29.074  94.388 0.0000000000
77043  35.593  -30.836  96.116 0.0000000000
78221  35.952  -29.953  96.189 0.0000000000
77042  36.097  -30.473  95.884 0.0000000000
77057  36.219  -30.850  95.478 0.0000000000
80675  4.040  -28.584  87.508 0.0000000000
80676  3.038  -28.953  87.403 0.0000000000
79516  3.719  -29.674  86.891 0.0000000000
73729  6.348  -34.770  84.442 0.0000000000
73730  5.816  -34.785  84.839 0.0000000000
72598  5.644  -35.431  84.538 0.0000000000
72599  5.042  -36.191  84.566 0.0000000000
71494  5.229  -36.363  83.787 0.0000000000
71507  5.228  -36.397  83.008 0.0000000000
83065  10.903  -26.978  82.703 0.0000000000
83066  10.290  -26.484  82.455 0.0000000000
83051  10.699  -25.912  82.773 0.0000000000
98924  7.459  -12.540  91.339 0.0000000000
102302  49.368  -9.016  77.556 0.0000000000
103338  49.903  -8.203  78.075 0.0000000000
85525  17.655  -24.600  94.643 0.0000000000
85524  18.164  -23.997  95.089 0.0000000000
86783  19.642  -23.495  90.816 0.0000000000
85558  19.967  -23.810  90.177 0.0000000000
85557  20.747  -24.179  90.484 0.0000000000
79529  14.683  -30.024  86.736 0.0000000000
80685  14.739  -29.438  86.887 0.0000000000
80684  15.096  -28.949  86.463 0.0000000000
84315  23.203  -25.620  87.127 0.0000000000
85603  23.373  -24.734  87.666 0.0000000000
86824  23.086  -23.724  88.028 0.0000000000
86837  22.735  -23.647  87.142 0.0000000000
87973  22.177  -22.986  87.176 0.0000000000
86838  22.205  -23.342  86.597 0.0000000000
88038  20.644  -21.920  82.708 0.0000000000
89104  20.230  -21.097  82.710 0.0000000000
90134  20.232  -20.219  82.366 0.0000000000
89115  20.456  -20.733  82.089 0.0000000000
62434  14.692  -44.392  97.527 0.0000000000
62433  15.463  -43.937  97.485 0.0000000000
67645  18.254  -39.777  95.793 0.0000000000
67631  17.785  -39.621  96.488 0.0000000000
67615  18.364  -39.329  97.393 0.0000000000
73607  15.796  -34.617  95.508 0.0000000000
71326  16.810  -36.022  96.478 0.0000000000
72455  16.448  -35.258  96.589 0.0000000000
73593  15.975  -34.425  96.100 0.0000000000
74710  15.814  -33.896  95.929 0.0000000000
74711  15.606  -33.491  95.562 0.0000000000
84214  16.584  -25.906  93.489 0.0000000000
82904  15.584  -26.928  93.494 0.0000000000
84205  16.658  -26.054  93.990 0.0000000000
82889  17.002  -25.867  94.785 0.0000000000
59978  24.320  -44.879  98.641 0.0000000000
59979  23.370  -44.904  98.984 0.0000000000
58734  19.596  -45.139  99.564 0.0000000000
58755  19.112  -45.445  99.285 0.0000000000
58735  18.581  -45.305  99.505 0.0000000000
58756  18.064  -45.722  99.376 0.0000000000
62422  16.141  -44.122  98.267 0.0000000000
62405  16.452  -44.805  98.942 0.0000000000
62414  16.008  -44.629  98.689 0.0000000000
62415  15.429  -45.161  98.546 0.0000000000
73590  29.386  -34.677  95.791 0.0000000000
72453  29.825  -35.365  95.974 0.0000000000
72464  29.654  -35.369  95.203 0.0000000000
63742  32.094  -42.322  93.245 0.0000000000
63741  32.660  -42.577  93.568 0.0000000000
61226  33.193  -44.512  94.055 0.0000000000
61227  32.651  -44.649  93.945 0.0000000000
58802  29.242  -46.246  93.253 0.0000000000
60032  29.893  -45.566  92.868 0.0000000000
89114  20.933  -21.256  81.760 0.0000000000
79602  23.001  -29.285  82.017 0.0000000000
81893  23.378  -27.409  81.186 0.0000000000
79601  23.649  -29.237  81.649 0.0000000000
79585  23.335  -29.876  82.203 0.0000000000
74801  20.536  -33.435  87.539 0.0000000000
73689  21.211  -33.779  87.954 0.0000000000
75909  21.202  -32.480  91.341 0.0000000000
77132  20.985  -31.942  90.892 0.0000000000
77131  21.864  -31.653  90.682 0.0000000000
77143  22.947  -31.549  89.310 0.0000000000
77118  22.748  -31.531  91.404 0.0000000000
77107  22.256  -32.014  92.506 0.0000000000
73606  27.920  -33.781  94.479 0.0000000000
73592  28.200  -33.754  95.122 0.0000000000
74707  28.167  -33.584  95.585 0.0000000000
109568  2.923  -2.860  96.278 0.0000000000
106357  7.372  -5.092  97.042 0.0000000000
106358  6.782  -5.345  96.950 0.0000000000
107407  7.128  -4.613  96.696 0.0000000000
79449  8.086  -29.455  93.442 0.0000000000
80613  7.641  -28.500  93.512 0.0000000000
84210  5.495  -25.414  94.048 0.0000000000
84216  5.700  -25.979  93.543 0.0000000000
84217  4.916  -25.832  93.576 0.0000000000
84211  4.745  -25.261  94.060 0.0000000000
86681  3.822  -24.004  101.592 0.0000000000
85471  3.644  -24.452  101.060 0.0000000000
86697  3.890  -23.829  100.635 0.0000000000
87890  4.075  -22.456  94.441 0.0000000000
87891  3.565  -22.935  94.420 0.0000000000
87918  3.481  -23.409  92.874 0.0000000000
87917  3.897  -23.098  92.503 0.0000000000
86764  3.954  -23.401  92.006 0.0000000000
87928  4.156  -23.299  91.930 0.0000000000
87924  7.644  -22.366  91.958 0.0000000000
87935  7.973  -22.532  90.893 0.0000000000
87947  8.294  -22.836  90.288 0.0000000000
88976  9.166  -21.527  92.250 0.0000000000
92067  10.714  -18.394  95.593 0.0000000000
92066  11.178  -18.606  94.884 0.0000000000
93220  10.216  -17.503  95.267 0.0000000000
93221  9.257  -17.062  95.653 0.0000000000
95470  5.684  -15.686  100.502 0.0000000000
95469  6.090  -15.477  100.030 0.0000000000
99962  9.380  -12.349  97.246 0.0000000000
97743  8.871  -13.835  97.207 0.0000000000
97742  9.146  -13.419  96.787 0.0000000000
96596  8.326  -14.504  95.613 0.0000000000
97753  9.170  -13.037  95.629 0.0000000000
97762  8.841  -13.247  94.763 0.0000000000
98886  9.274  -12.451  95.671 0.0000000000
103142  4.400  -8.562  95.195 0.0000000000
102095  5.146  -9.071  94.926 0.0000000000
88996  34.296  -20.926  89.953 0.0000000000
88982  34.139  -20.825  90.707 0.0000000000
90052  35.450  -20.916  88.765 0.0000000000
90070  40.673  -20.829  86.673 0.0000000000
89036  40.256  -21.312  87.209 0.0000000000
90061  40.930  -20.975  87.466 0.0000000000
89020  41.438  -21.257  88.832 0.0000000000
90069  41.477  -20.487  87.097 0.0000000000
87981  47.437  -22.567  85.817 0.0000000000
87996  46.993  -22.300  85.339 0.0000000000
89053  47.523  -21.988  85.221 0.0000000000
93347  46.057  -17.472  86.007 0.0000000000
93321  45.674  -17.224  86.815 0.0000000000
93322  45.033  -17.684  87.252 0.0000000000
93297  45.299  -17.014  87.495 0.0000000000
94471  45.922  -16.586  87.026 0.0000000000
96730  46.588  -14.578  82.517 0.0000000000
97879  46.890  -13.665  82.737 0.0000000000
97880  46.211  -13.736  82.129 0.0000000000
96731  45.734  -14.642  81.796 0.0000000000
85512  23.838  -24.336  95.069 0.0000000000
86728  24.142  -24.054  95.593 0.0000000000
70063  6.519  -37.877  101.594 0.0000000000
71268  6.263  -37.210  101.478 0.0000000000
71280  5.748  -36.770  101.137 0.0000000000
71279  6.486  -36.629  101.262 0.0000000000
63735  11.668  -42.898  95.024 0.0000000000
62462  11.059  -43.990  95.668 0.0000000000
67603  11.883  -38.969  98.539 0.0000000000
67604  10.776  -38.921  98.632 0.0000000000
75791  15.178  -32.911  100.031 0.0000000000
73537  15.592  -34.490  101.001 0.0000000000
74669  14.967  -33.653  100.266 0.0000000000
72408  12.414  -36.490  100.118 0.0000000000
71295  11.979  -36.578  100.188 0.0000000000
71275  11.280  -37.113  100.614 0.0000000000
71296  11.206  -36.540  100.100 0.0000000000
71287  10.582  -36.922  100.469 0.0000000000
73598  9.257  -34.251  95.837 0.0000000000
74715  9.847  -33.902  95.031 0.0000000000
74729  9.394  -33.283  94.583 0.0000000000
81702  9.967  -27.982  98.083 0.0000000000
81707  10.428  -27.652  96.718 0.0000000000
81698  9.546  -27.760  98.951 0.0000000000
81660  14.198  -27.290  104.197 0.0000000000
81668  13.498  -27.544  103.697 0.0000000000
85450  11.887  -25.284  102.608 0.0000000000
85451  10.901  -25.210  102.327 0.0000000000
85465  10.448  -24.428  101.743 0.0000000000
86676  10.962  -24.063  101.309 0.0000000000
67621  33.931  -39.415  94.924 0.0000000000
66388  34.256  -39.886  94.545 0.0000000000
91156  23.591  -19.306  81.546 0.0000000000
90129  24.480  -20.716  81.369 0.0000000000
90111  27.373  -20.823  82.989 0.0000000000
91140  26.938  -19.940  83.555 0.0000000000
79537  30.129  -28.743  85.550 0.0000000000
80694  29.935  -28.328  85.083 0.0000000000
81824  30.338  -27.732  85.156 0.0000000000
87972  29.641  -22.842  86.580 0.0000000000
89044  30.080  -21.845  86.485 0.0000000000
90080  30.070  -21.072  86.011 0.0000000000
90071  30.417  -20.809  86.662 0.0000000000
89029  30.390  -21.805  87.423 0.0000000000
85553  31.302  -24.741  90.380 0.0000000000
85544  30.564  -24.128  90.702 0.0000000000
85543  30.862  -24.331  90.969 0.0000000000
85542  31.442  -24.194  91.177 0.0000000000
86779  32.108  -23.781  91.161 0.0000000000
85552  31.866  -24.410  90.458 0.0000000000
84332  35.309  -25.039  85.516 0.0000000000
85630  34.898  -24.465  85.035 0.0000000000
84331  36.320  -25.158  85.318 0.0000000000
84349  36.421  -24.684  84.528 0.0000000000
81726  36.997  -27.260  93.372 0.0000000000
81741  37.581  -26.901  92.496 0.0000000000
81756  41.150  -27.619  90.985 0.0000000000
81764  41.850  -27.638  89.985 0.0000000000
82936  41.402  -27.221  89.643 0.0000000000
81763  42.422  -28.332  89.537 0.0000000000
81754  42.127  -28.580  90.238 0.0000000000
75863  3.720  -32.399  95.114 0.0000000000
74733  3.831  -32.969  95.372 0.0000000000
74732  4.131  -33.023  95.051 0.0000000000
71366  7.723  -35.966  92.654 0.0000000000
72538  4.976  -35.562  88.417 0.0000000000
72537  5.514  -35.582  89.084 0.0000000000
71426  5.731  -36.400  88.314 0.0000000000
90057  11.229  -20.532  88.782 0.0000000000
92195  10.375  -18.249  86.061 0.0000000000
92222  10.931  -18.943  85.625 0.0000000000
92223  9.770  -18.908  85.443 0.0000000000
92057  35.300  -18.079  95.275 0.0000000000
92056  36.383  -18.276  95.236 0.0000000000
97994  56.393  -14.045  74.199 0.0000000000
103294  48.381  -8.535  82.249 0.0000000000
103295  48.159  -8.102  82.080 0.0000000000
99085  51.927  -12.230  80.558 0.0000000000
99063  52.830  -12.238  80.808 0.0000000000
97902  52.589  -13.249  80.774 0.0000000000
90172  53.580  -19.263  75.860 0.0000000000
90171  53.863  -19.155  76.016 0.0000000000
92378  54.101  -18.460  76.948 0.0000000000
91209  54.426  -18.917  75.944 0.0000000000
92388  55.217  -18.200  75.835 0.0000000000
91218  54.842  -19.103  75.056 0.0000000000
68905  20.034  -38.908  90.216 0.0000000000
68920  19.135  -38.457  88.989 0.0000000000
67732  21.287  -39.353  87.900 0.0000000000
67733  20.745  -39.201  88.228 0.0000000000
68941  21.107  -39.122  87.379 0.0000000000
68959  20.281  -38.507  86.635 0.0000000000
68958  21.283  -38.874  86.734 0.0000000000
67656  22.871  -39.793  93.869 0.0000000000
67665  22.642  -39.851  93.214 0.0000000000
67682  21.550  -39.721  90.948 0.0000000000
68885  21.579  -39.518  91.876 0.0000000000
68895  21.135  -39.444  91.182 0.0000000000
61245  24.410  -44.028  93.223 0.0000000000
62482  24.265  -43.644  93.908 0.0000000000
66436  23.204  -40.931  92.894 0.0000000000
65084  23.626  -41.486  93.927 0.0000000000
66428  23.444  -40.852  93.825 0.0000000000
66411  23.630  -40.702  94.563 0.0000000000
65154  24.866  -41.535  88.396 0.0000000000
63792  24.786  -42.910  89.682 0.0000000000
63768  23.701  -42.680  92.001 0.0000000000
62496  24.430  -43.769  91.588 0.0000000000
62489  24.160  -43.529  92.750 0.0000000000
68957  22.377  -38.890  86.333 0.0000000000
67745  21.901  -39.312  87.160 0.0000000000
65155  23.796  -41.515  88.854 0.0000000000
66493  23.746  -40.834  87.976 0.0000000000
65172  24.225  -41.224  88.183 0.0000000000
98849  9.083  -12.376  102.310 0.0000000000
99944  8.798  -10.989  101.108 0.0000000000
99943  9.510  -11.789  101.409 0.0000000000
98868  10.854  -12.140  100.058 0.0000000000
99954  9.833  -11.371  99.975 0.0000000000
99960  10.504  -11.044  98.968 0.0000000000
99959  11.405  -11.110  98.682 0.0000000000
91987  9.223  -18.461  102.701 0.0000000000
91983  8.494  -19.059  103.415 0.0000000000
95419  9.292  -15.895  103.525 0.0000000000
94279  8.112  -16.705  103.934 0.0000000000
95421  7.328  -15.328  104.134 0.0000000000
97708  8.865  -13.347  102.900 0.0000000000
98836  8.530  -12.554  102.790 0.0000000000
79568  41.464  -28.551  84.179 0.0000000000
85472  24.184  -24.306  100.180 0.0000000000
58744  10.335  -47.846  99.613 0.0000000000
58760  9.877  -47.410  99.099 0.0000000000
84189  15.977  -25.535  96.447 0.0000000000
84178  16.694  -25.579  97.157 0.0000000000
84147  18.167  -26.061  98.768 0.0000000000
84148  17.371  -25.536  99.003 0.0000000000
84149  16.390  -25.065  99.336 0.0000000000
84133  18.052  -25.860  99.757 0.0000000000
82838  17.698  -25.933  100.651 0.0000000000
84131  21.518  -25.996  100.946 0.0000000000
82835  20.656  -26.220  101.211 0.0000000000
84118  21.439  -25.730  101.737 0.0000000000
77044  34.618  -31.120  96.594 0.0000000000
73574  33.243  -34.199  96.353 0.0000000000
73573  33.749  -34.319  95.812 0.0000000000
72463  34.136  -35.312  94.892 0.0000000000
78237  27.654  -30.392  95.516 0.0000000000
78225  28.496  -30.361  96.323 0.0000000000
79380  30.608  -29.961  97.634 0.0000000000
79404  29.832  -29.776  96.615 0.0000000000
79403  30.918  -29.518  96.729 0.0000000000
79402  32.008  -29.225  96.831 0.0000000000
79401  32.513  -29.039  96.667 0.0000000000
80572  32.393  -29.246  97.097 0.0000000000
77031  33.381  -31.209  97.126 0.0000000000
77030  34.000  -31.129  96.908 0.0000000000
68818  5.166  -38.544  100.094 0.0000000000
70086  5.403  -37.609  99.606 0.0000000000
79498  6.722  -29.035  88.153 0.0000000000
79514  6.165  -29.616  87.677 0.0000000000
79513  7.280  -29.649  87.649 0.0000000000
77207  8.192  -31.725  85.262 0.0000000000
78410  7.699  -31.287  85.926 0.0000000000
75996  7.693  -32.381  85.150 0.0000000000
74834  7.291  -32.937  85.137 0.0000000000
74847  8.070  -33.161  84.313 0.0000000000
74856  7.610  -34.050  83.870 0.0000000000
74855  8.197  -33.457  83.836 0.0000000000
77232  9.811  -31.276  83.630 0.0000000000
76037  9.551  -32.152  82.954 0.0000000000
76054  9.356  -31.970  82.046 0.0000000000
76073  8.483  -32.387  81.527 0.0000000000
76072  9.025  -31.697  81.613 0.0000000000
77246  9.415  -31.127  81.708 0.0000000000
78441  10.222  -30.384  82.745 0.0000000000
80713  11.242  -27.907  84.630 0.0000000000
80727  10.879  -28.720  83.402 0.0000000000
80726  11.271  -28.162  83.896 0.0000000000
81857  11.173  -27.882  83.295 0.0000000000
103418  56.807  -8.620  70.190 0.0000000000
103428  57.145  -8.567  69.316 0.0000000000
102376  57.078  -9.662  69.559 0.0000000000
81751  15.353  -27.291  92.146 0.0000000000
82926  16.050  -26.313  92.393 0.0000000000
82927  15.689  -26.590  91.713 0.0000000000
81768  15.106  -27.316  90.243 0.0000000000
84225  15.757  -26.022  91.035 0.0000000000
84233  15.751  -25.932  90.171 0.0000000000
85560  16.454  -24.653  90.304 0.0000000000
84244  16.098  -25.225  89.737 0.0000000000
80700  16.596  -28.791  85.173 0.0000000000
81831  17.081  -27.801  85.325 0.0000000000
83027  18.151  -27.231  85.656 0.0000000000
81812  21.052  -26.917  86.052 0.0000000000
81811  21.503  -26.873  86.073 0.0000000000
83010  22.430  -26.436  86.624 0.0000000000
84338  22.997  -25.782  85.891 0.0000000000
85636  22.919  -25.007  85.850 0.0000000000
84352  22.781  -25.811  85.120 0.0000000000
84365  22.630  -25.807  84.082 0.0000000000
85652  22.196  -24.464  84.392 0.0000000000
85666  22.433  -25.001  83.749 0.0000000000
86881  21.363  -23.447  83.427 0.0000000000
62431  17.205  -43.350  97.237 0.0000000000
62441  17.234  -43.109  96.641 0.0000000000
63715  17.910  -42.993  96.654 0.0000000000
63730  19.491  -41.913  95.799 0.0000000000
65069  19.089  -40.954  94.806 0.0000000000
66412  19.052  -40.457  95.107 0.0000000000
65068  19.418  -40.669  95.244 0.0000000000
70142  16.472  -37.026  93.614 0.0000000000
71355  15.871  -36.415  93.680 0.0000000000
74751  14.768  -33.813  92.944 0.0000000000
72480  15.307  -35.032  93.818 0.0000000000
73618  15.239  -34.292  94.149 0.0000000000
74739  14.922  -33.459  93.608 0.0000000000
75872  14.857  -32.500  93.836 0.0000000000
75890  14.612  -32.313  92.880 0.0000000000
79461  14.338  -29.387  92.311 0.0000000000
81744  14.921  -27.809  92.646 0.0000000000
63671  22.199  -43.328  98.998 0.0000000000
62399  20.992  -43.778  99.422 0.0000000000
62400  20.162  -43.920  99.562 0.0000000000
62389  19.884  -44.247  99.649 0.0000000000
62401  19.571  -43.738  99.661 0.0000000000
63684  19.076  -43.734  99.461 0.0000000000
63695  17.932  -43.602  98.554 0.0000000000
62421  17.187  -43.792  98.366 0.0000000000
72478  29.309  -35.451  93.157 0.0000000000
71354  29.796  -36.108  93.620 0.0000000000
67671  30.492  -39.342  92.490 0.0000000000
67670  30.736  -39.126  93.084 0.0000000000
66434  30.670  -39.873  92.675 0.0000000000
65082  31.405  -40.920  92.894 0.0000000000
56236  28.613  -48.171  95.543 0.0000000000
57454  29.119  -47.911  95.358 0.0000000000
56223  28.546  -48.516  95.541 0.0000000000
52530  27.282  -49.622  95.048 0.0000000000
52542  27.505  -49.665  94.702 0.0000000000
52556  27.746  -49.687  94.236 0.0000000000
80739  21.879  -28.350  82.916 0.0000000000
79573  21.353  -29.706  83.656 0.0000000000
72533  25.787  -35.201  88.445 0.0000000000
73669  25.015  -34.753  88.644 0.0000000000
73642  26.024  -34.486  90.326 0.0000000000
73643  24.828  -34.132  90.266 0.0000000000
74765  24.121  -33.844  90.567 0.0000000000
74757  24.463  -33.582  91.359 0.0000000000
74756  25.639  -33.710  91.640 0.0000000000
73631  27.488  -34.447  92.092 0.0000000000
72486  28.589  -34.902  92.573 0.0000000000
73623  28.319  -34.346  93.304 0.0000000000
103135  3.394  -8.121  96.405 0.0000000000
104215  3.077  -7.597  96.674 0.0000000000
105323  3.422  -6.679  97.425 0.0000000000
106361  3.453  -5.694  96.802 0.0000000000
107411  3.093  -4.614  96.465 0.0000000000
107410  3.955  -4.667  96.488 0.0000000000
84200  9.225  -25.773  95.066 0.0000000000
84207  8.643  -25.782  94.546 0.0000000000
84193  8.308  -25.149  96.288 0.0000000000
84194  7.324  -24.799  96.523 0.0000000000
85497  6.503  -24.614  96.655 0.0000000000
85498  5.798  -24.541  97.236 0.0000000000
87817  5.727  -22.909  101.182 0.0000000000
86695  5.185  -23.184  100.398 0.0000000000
86694  5.971  -22.997  100.246 0.0000000000
87845  6.734  -22.635  98.421 0.0000000000
87846  5.731  -22.686  98.210 0.0000000000
87854  5.478  -22.565  97.315 0.0000000000
87862  5.243  -22.439  96.402 0.0000000000
87874  6.076  -22.431  95.518 0.0000000000
87859  8.350  -22.206  96.691 0.0000000000
87872  8.145  -22.373  95.765 0.0000000000
87885  8.753  -22.111  95.158 0.0000000000
88947  8.926  -21.920  94.534 0.0000000000
88946  9.503  -21.706  94.978 0.0000000000
88939  9.758  -21.604  95.901 0.0000000000
89952  9.762  -20.229  98.236 0.0000000000
88931  10.208  -20.730  96.909 0.0000000000
89951  10.117  -19.901  97.699 0.0000000000
90995  10.529  -19.390  96.774 0.0000000000
99936  7.165  -11.574  101.378 0.0000000000
99935  7.478  -11.686  100.676 0.0000000000
101006  7.405  -10.466  99.344 0.0000000000
101015  8.092  -10.629  97.979 0.0000000000
99964  8.601  -11.271  98.042 0.0000000000
102078  4.061  -9.335  97.219 0.0000000000
103125  3.632  -8.790  96.477 0.0000000000
88003  37.251  -22.278  84.663 0.0000000000
89057  37.120  -21.874  85.389 0.0000000000
89074  37.977  -22.099  84.902 0.0000000000
88018  41.304  -22.278  83.418 0.0000000000
89090  39.885  -21.356  84.224 0.0000000000
89089  40.975  -21.282  83.525 0.0000000000
90091  40.387  -20.789  84.817 0.0000000000
90107  41.815  -20.474  83.634 0.0000000000
89065  50.120  -21.343  84.910 0.0000000000
90076  49.401  -20.590  85.348 0.0000000000
90075  49.961  -20.451  85.067 0.0000000000
92203  49.576  -18.369  85.174 0.0000000000
93345  47.961  -17.504  85.408 0.0000000000
93344  48.837  -17.469  85.458 0.0000000000
94490  48.063  -16.657  85.891 0.0000000000
94489  48.896  -16.590  85.786 0.0000000000
95634  49.955  -16.146  84.516 0.0000000000
95617  49.622  -15.617  85.236 0.0000000000
96668  48.832  -14.173  85.818 0.0000000000
94536  48.542  -16.524  82.870 0.0000000000
95664  48.003  -15.812  82.963 0.0000000000
93397  47.305  -17.117  82.187 0.0000000000
88951  23.249  -22.048  93.289 0.0000000000
89987  22.760  -21.441  93.273 0.0000000000
92084  22.061  -19.275  93.430 0.0000000000
63657  6.469  -42.155  101.324 0.0000000000
64984  6.141  -41.295  101.519 0.0000000000
67567  7.136  -39.639  101.513 0.0000000000
68794  6.929  -38.748  101.652 0.0000000000
66379  14.501  -40.227  96.375 0.0000000000
67587  13.819  -39.048  99.496 0.0000000000
77028  13.700  -31.325  98.894 0.0000000000
75799  14.312  -32.563  98.922 0.0000000000
75800  13.929  -32.195  98.671 0.0000000000
74686  13.953  -33.166  97.989 0.0000000000
72441  13.588  -34.862  97.768 0.0000000000
73566  13.504  -34.601  97.367 0.0000000000
72442  12.913  -35.268  97.437 0.0000000000
73581  13.092  -34.475  96.600 0.0000000000
75841  12.867  -32.451  95.864 0.0000000000
74713  12.501  -33.439  95.484 0.0000000000
74714  11.778  -33.903  95.141 0.0000000000
74726  12.076  -33.007  94.821 0.0000000000
75856  11.696  -32.492  94.408 0.0000000000
78259  12.185  -31.231  95.136 0.0000000000
79397  11.029  -29.102  97.506 0.0000000000
79420  11.380  -29.526  95.964 0.0000000000
80562  10.299  -28.219  99.324 0.0000000000
87812  12.611  -23.091  100.112 0.0000000000
87827  13.888  -22.357  99.104 0.0000000000
85718  25.615  -24.561  80.594 0.0000000000
86905  25.903  -23.165  80.907 0.0000000000
85717  26.371  -24.562  80.969 0.0000000000
85700  27.030  -24.585  81.482 0.0000000000
85699  27.615  -24.629  82.062 0.0000000000
80680  31.358  -28.467  86.501 0.0000000000
81822  31.280  -27.737  86.191 0.0000000000
81809  31.633  -27.529  86.802 0.0000000000
84312  31.156  -25.992  87.370 0.0000000000
84313  30.697  -25.748  86.862 0.0000000000
84286  30.252  -25.229  87.293 0.0000000000
85602  29.805  -24.655  87.468 0.0000000000
85601  30.147  -25.106  87.692 0.0000000000
85584  29.840  -24.368  88.329 0.0000000000
85583  30.162  -24.945  88.179 0.0000000000
84260  31.502  -25.582  88.793 0.0000000000
84238  31.564  -25.104  89.704 0.0000000000
84259  32.121  -25.374  89.000 0.0000000000
84283  32.392  -25.491  87.892 0.0000000000
82984  34.322  -26.893  86.891 0.0000000000
83004  34.541  -26.159  86.497 0.0000000000
84309  34.826  -25.556  86.039 0.0000000000
80605  38.887  -28.804  93.825 0.0000000000
81723  39.249  -28.046  93.627 0.0000000000
80604  39.337  -28.821  93.390 0.0000000000
77100  40.035  -30.636  91.949 0.0000000000
79455  40.310  -29.634  92.190 0.0000000000
78305  40.613  -30.149  91.381 0.0000000000
79465  40.776  -29.503  91.615 0.0000000000
78304  40.928  -29.972  90.952 0.0000000000
77124  40.832  -30.566  90.055 0.0000000000
75942  38.435  -31.745  88.104 0.0000000000
75941  39.278  -31.584  88.385 0.0000000000
78285  4.030  -30.966  93.473 0.0000000000
77097  4.606  -31.813  93.498 0.0000000000
77111  4.934  -31.305  92.883 0.0000000000
77122  6.184  -31.871  91.561 0.0000000000
75901  6.351  -32.675  92.188 0.0000000000
74762  6.784  -33.546  91.683 0.0000000000
73637  6.923  -34.343  92.325 0.0000000000
70245  6.564  -37.509  86.429 0.0000000000
70224  6.904  -37.449  87.346 0.0000000000
70244  7.500  -37.667  86.538 0.0000000000
93264  10.759  -16.641  90.486 0.0000000000
95568  8.577  -15.494  89.528 0.0000000000
95581  9.930  -15.967  88.943 0.0000000000
94438  9.175  -16.097  88.219 0.0000000000
94460  9.648  -16.569  87.798 0.0000000000
94439  8.144  -16.108  88.118 0.0000000000
92069  39.555  -18.707  94.297 0.0000000000
93223  39.178  -17.949  94.389 0.0000000000
93233  39.406  -17.942  93.869 0.0000000000
92104  38.621  -17.987  91.924 0.0000000000
93242  38.098  -16.838  92.465 0.0000000000
94408  37.383  -16.841  91.388 0.0000000000
94409  36.615  -16.395  90.880 0.0000000000
93257  36.650  -16.908  90.400 0.0000000000
97980  50.489  -13.384  75.355 0.0000000000
95794  54.418  -15.539  75.290 0.0000000000
96836  55.037  -15.234  75.214 0.0000000000
101233  47.585  -10.557  80.314 0.0000000000
102279  48.106  -10.028  80.306 0.0000000000
99106  48.686  -12.636  78.586 0.0000000000
100223  48.771  -11.905  78.882 0.0000000000
99105  49.481  -12.558  78.861 0.0000000000
99087  50.207  -12.414  79.308 0.0000000000
97923  50.112  -13.137  79.036 0.0000000000
74770  14.431  -32.935  90.150 0.0000000000
73674  15.278  -34.599  88.217 0.0000000000
73675  14.792  -33.827  88.529 0.0000000000
73691  15.039  -33.898  87.780 0.0000000000
74805  14.795  -33.173  87.749 0.0000000000
74804  15.019  -33.582  87.257 0.0000000000
70201  17.984  -37.603  88.005 0.0000000000
70202  17.352  -37.257  88.549 0.0000000000
72562  17.077  -35.790  86.035 0.0000000000
72563  16.594  -35.592  86.568 0.0000000000
73703  16.200  -34.630  86.193 0.0000000000
73704  15.697  -34.173  86.393 0.0000000000
74833  15.841  -33.652  85.878 0.0000000000
74832  16.465  -33.363  85.312 0.0000000000
74845  17.690  -33.353  84.782 0.0000000000
76016  17.439  -32.353  84.767 0.0000000000
77220  17.866  -31.639  84.864 0.0000000000
78405  17.905  -30.515  85.228 0.0000000000
77219  18.235  -31.825  85.069 0.0000000000
68847  22.334  -38.512  96.286 0.0000000000
70113  21.984  -38.198  95.872 0.0000000000
70103  21.808  -38.062  96.277 0.0000000000
68876  20.681  -38.573  93.339 0.0000000000
68878  18.970  -38.358  92.615 0.0000000000
71385  15.752  -36.264  91.009 0.0000000000
71372  16.167  -36.841  91.771 0.0000000000
73646  14.969  -34.750  90.868 0.0000000000
56215  26.182  -47.724  96.550 0.0000000000
56201  26.189  -47.217  96.728 0.0000000000
59994  25.417  -45.146  97.093 0.0000000000
58764  25.678  -46.060  97.184 0.0000000000
58773  25.402  -45.408  97.313 0.0000000000
59987  25.131  -44.816  97.687 0.0000000000
63743  24.685  -43.387  95.489 0.0000000000
61216  25.199  -44.017  96.064 0.0000000000
65020  24.623  -42.436  97.227 0.0000000000
63700  24.889  -43.025  96.981 0.0000000000
63680  24.555  -42.967  98.039 0.0000000000
62410  24.483  -43.258  98.299 0.0000000000
63668  24.199  -42.847  98.544 0.0000000000
63669  23.632  -43.018  98.859 0.0000000000
65004  23.856  -42.132  98.404 0.0000000000
66345  23.014  -41.223  97.614 0.0000000000
65023  22.678  -41.276  97.552 0.0000000000
65015  22.142  -42.355  98.172 0.0000000000
67701  28.941  -39.569  89.855 0.0000000000
66449  29.082  -40.431  90.174 0.0000000000
66463  28.495  -40.446  89.622 0.0000000000
62501  27.847  -43.215  90.291 0.0000000000
62500  28.574  -43.154  90.701 0.0000000000
60049  28.779  -44.938  91.546 0.0000000000
60050  28.030  -45.402  91.648 0.0000000000
60034  27.658  -46.479  93.378 0.0000000000
58798  27.701  -46.862  94.298 0.0000000000
58790  28.018  -47.349  94.945 0.0000000000
57445  26.809  -47.310  95.917 0.0000000000
57456  27.291  -47.441  95.543 0.0000000000
56214  26.650  -47.671  96.160 0.0000000000
54939  26.537  -48.206  96.114 0.0000000000
77203  18.437  -31.477  85.484 0.0000000000
74830  18.875  -32.801  85.256 0.0000000000
73711  20.201  -34.075  85.354 0.0000000000
73710  21.395  -34.698  85.546 0.0000000000
73701  21.026  -33.844  86.676 0.0000000000
73709  22.062  -35.121  85.587 0.0000000000
68956  23.416  -38.836  86.111 0.0000000000
70258  22.545  -37.411  85.415 0.0000000000
68970  23.867  -37.967  85.685 0.0000000000
70235  25.344  -37.513  86.351 0.0000000000
70236  24.581  -37.411  85.871 0.0000000000
71453  24.969  -36.879  86.120 0.0000000000
72559  24.310  -35.495  86.507 0.0000000000
71437  25.313  -36.336  86.687 0.0000000000
72547  24.826  -35.320  87.155 0.0000000000
67715  27.685  -39.538  88.569 0.0000000000
68928  27.681  -38.438  88.437 0.0000000000
68917  28.163  -38.597  89.035 0.0000000000
70182  28.449  -37.739  89.516 0.0000000000
103079  5.699  -8.266  101.610 0.0000000000
104163  5.549  -7.911  101.354 0.0000000000
104169  5.932  -7.598  101.093 0.0000000000
103095  7.483  -7.959  100.614 0.0000000000
104180  6.829  -7.540  100.540 0.0000000000
105299  7.437  -7.112  99.600 0.0000000000
105311  7.322  -6.562  98.804 0.0000000000
101005  8.523  -9.684  100.241 0.0000000000
102037  8.578  -9.184  99.688 0.0000000000
105309  9.250  -6.545  98.686 0.0000000000
106340  8.695  -5.672  98.359 0.0000000000
107391  8.882  -5.012  97.892 0.0000000000
107399  9.273  -4.506  97.688 0.0000000000
108463  10.639  -3.826  98.165 0.0000000000
109554  10.244  -3.327  97.930 0.0000000000
109550  10.108  -2.270  98.060 0.0000000000
110716  10.103  -1.606  98.528 0.0000000000
84099  7.101  -25.305  103.369 0.0000000000
82804  6.020  -26.068  103.138 0.0000000000
86641  6.229  -23.360  104.425 0.0000000000
85425  6.022  -23.839  104.087 0.0000000000
86642  5.463  -23.522  104.074 0.0000000000
86648  4.944  -23.687  103.418 0.0000000000
87778  5.237  -23.037  104.214 0.0000000000
90939  7.913  -19.716  103.987 0.0000000000
89903  7.597  -20.567  104.349 0.0000000000
90934  7.362  -20.000  104.418 0.0000000000
90937  5.732  -19.585  104.397 0.0000000000
89906  5.807  -20.588  104.722 0.0000000000
88874  5.457  -21.378  104.313 0.0000000000
87781  5.255  -22.230  103.801 0.0000000000
88878  5.502  -21.351  103.574 0.0000000000
89911  5.973  -20.308  102.914 0.0000000000
90942  6.078  -19.724  102.627 0.0000000000
88884  7.075  -20.895  101.871 0.0000000000
90950  6.528  -19.524  102.073 0.0000000000
91996  7.072  -19.044  101.557 0.0000000000
91997  6.243  -18.540  102.016 0.0000000000
94290  5.313  -16.436  102.575 0.0000000000
93154  5.482  -17.051  101.840 0.0000000000
94301  5.238  -16.193  101.810 0.0000000000
94313  5.392  -16.027  101.173 0.0000000000
96554  5.554  -14.996  102.228 0.0000000000
96537  6.867  -14.470  103.977 0.0000000000
96528  6.126  -15.049  104.137 0.0000000000
97697  6.774  -13.566  103.368 0.0000000000
98838  7.106  -12.405  102.867 0.0000000000
97711  6.572  -13.469  102.665 0.0000000000
96563  5.999  -14.567  101.826 0.0000000000
98851  7.004  -12.427  101.687 0.0000000000
102022  6.560  -9.252  101.705 0.0000000000
100982  6.814  -10.411  102.196 0.0000000000
102031  5.782  -8.749  101.257 0.0000000000
84277  43.992  -25.792  87.045 0.0000000000
85598  44.586  -25.072  86.699 0.0000000000
84276  44.857  -25.632  86.989 0.0000000000
84253  46.585  -25.196  86.868 0.0000000000
85596  46.619  -24.564  86.817 0.0000000000
85595  47.214  -24.542  86.755 0.0000000000
86819  47.072  -23.877  86.985 0.0000000000
85594  47.627  -24.479  86.460 0.0000000000
85625  48.035  -24.417  85.605 0.0000000000
86855  48.503  -23.954  84.953 0.0000000000
86869  48.314  -23.632  84.217 0.0000000000
88034  47.434  -22.654  82.222 0.0000000000
88033  48.317  -22.249  82.635 0.0000000000
61193  7.708  -43.576  99.537 0.0000000000
61182  7.410  -43.842  99.750 0.0000000000
62392  7.622  -42.932  100.003 0.0000000000
63661  7.542  -42.461  100.325 0.0000000000
73542  16.886  -34.267  99.922 0.0000000000
75797  16.106  -32.406  98.341 0.0000000000
75798  15.633  -31.883  98.668 0.0000000000
77027  15.205  -31.281  98.934 0.0000000000
75794  15.251  -32.044  99.399 0.0000000000
78206  14.919  -30.783  98.467 0.0000000000
82874  13.862  -25.932  96.375 0.0000000000
79382  13.744  -29.794  98.273 0.0000000000
79381  14.123  -29.979  98.404 0.0000000000
80565  12.207  -28.435  98.075 0.0000000000
82861  11.643  -27.107  98.930 0.0000000000
84124  13.968  -26.115  101.313 0.0000000000
84125  13.492  -26.291  101.308 0.0000000000
82826  14.484  -26.523  101.987 0.0000000000
81674  14.363  -27.100  103.119 0.0000000000
82796  15.405  -26.840  103.450 0.0000000000
82823  17.606  -26.148  101.732 0.0000000000
82807  17.795  -26.400  102.772 0.0000000000
84081  16.699  -25.898  103.850 0.0000000000
75884  34.917  -32.279  92.758 0.0000000000
74744  33.629  -33.297  92.007 0.0000000000
74706  34.440  -33.379  95.258 0.0000000000
73614  34.126  -34.222  94.132 0.0000000000
73621  33.895  -34.285  93.331 0.0000000000
78382  26.962  -30.445  86.797 0.0000000000
79525  27.459  -30.234  86.382 0.0000000000
78367  27.192  -30.396  87.527 0.0000000000
78340  28.201  -30.357  89.694 0.0000000000
78365  28.869  -30.233  87.987 0.0000000000
78364  29.556  -30.325  88.195 0.0000000000
78272  28.856  -30.377  93.673 0.0000000000
78295  28.622  -30.487  92.726 0.0000000000
78294  29.628  -30.515  92.793 0.0000000000
78323  31.255  -30.587  91.108 0.0000000000
78324  30.300  -30.617  90.932 0.0000000000
78350  31.047  -30.513  89.104 0.0000000000
78349  31.834  -30.502  89.450 0.0000000000
79476  33.510  -30.084  91.178 0.0000000000
79493  33.526  -29.562  88.791 0.0000000000
79466  34.922  -29.288  91.407 0.0000000000
80623  35.324  -28.753  92.409 0.0000000000
80607  35.464  -28.358  93.565 0.0000000000
81727  36.141  -27.715  93.994 0.0000000000
80581  33.475  -28.811  96.653 0.0000000000
80588  34.478  -28.364  95.716 0.0000000000
80580  34.417  -28.578  96.332 0.0000000000
80578  36.029  -28.571  96.046 0.0000000000
80587  36.725  -28.520  95.644 0.0000000000
81709  36.778  -27.814  95.334 0.0000000000
80586  37.402  -28.593  95.250 0.0000000000
81716  38.036  -28.190  94.687 0.0000000000
79410  37.287  -29.280  95.312 0.0000000000
77070  37.476  -30.853  94.395 0.0000000000
77104  37.766  -31.304  93.593 0.0000000000
77103  38.134  -31.230  93.227 0.0000000000
78346  3.424  -30.252  89.175 0.0000000000
77175  2.759  -31.498  86.965 0.0000000000
77163  2.969  -31.423  87.743 0.0000000000
74793  3.461  -32.604  87.510 0.0000000000
74792  3.885  -33.291  87.813 0.0000000000
74807  3.491  -32.822  87.107 0.0000000000
78393  5.218  -30.878  86.726 0.0000000000
77190  4.884  -31.695  86.250 0.0000000000
75973  4.893  -32.198  86.016 0.0000000000
73718  4.922  -34.660  85.780 0.0000000000
72565  4.670  -35.461  86.641 0.0000000000
68980  5.229  -37.558  84.309 0.0000000000
68979  5.587  -37.627  84.691 0.0000000000
68992  6.226  -37.662  84.249 0.0000000000
70281  6.612  -37.648  83.689 0.0000000000
69006  6.187  -37.745  83.331 0.0000000000
73746  6.753  -35.315  81.997 0.0000000000
72644  6.136  -35.731  81.812 0.0000000000
72658  5.718  -35.588  81.096 0.0000000000
96625  4.300  -15.103  92.524 0.0000000000
96636  3.903  -15.130  92.048 0.0000000000
97803  4.744  -13.404  90.034 0.0000000000
96651  3.907  -14.263  90.229 0.0000000000
92154  40.729  -18.291  88.507 0.0000000000
101267  50.834  -10.178  77.693 0.0000000000
100239  51.223  -11.299  77.508 0.0000000000
100238  51.867  -11.682  77.896 0.0000000000
85504  19.542  -24.728  97.352 0.0000000000
86724  20.021  -24.262  97.365 0.0000000000
86741  19.016  -23.421  95.203 0.0000000000
87884  20.958  -23.357  95.313 0.0000000000
86739  21.498  -23.565  95.102 0.0000000000
86763  17.693  -23.644  92.435 0.0000000000
86753  17.892  -23.714  93.620 0.0000000000
86771  20.786  -23.758  92.064 0.0000000000
85532  22.328  -24.231  93.549 0.0000000000
85538  22.320  -24.341  92.895 0.0000000000
85530  23.579  -24.277  93.296 0.0000000000
85537  22.949  -24.761  92.646 0.0000000000
84221  23.290  -24.863  91.088 0.0000000000
86769  23.693  -23.862  91.994 0.0000000000
86781  23.618  -23.934  91.113 0.0000000000
87923  23.126  -22.518  91.451 0.0000000000
87933  22.974  -22.593  90.651 0.0000000000
77148  14.320  -31.400  89.268 0.0000000000
79487  14.396  -29.812  89.121 0.0000000000
80653  14.560  -29.127  88.550 0.0000000000
82966  15.384  -26.518  88.415 0.0000000000
84268  15.823  -25.637  88.253 0.0000000000
84267  16.130  -25.057  88.707 0.0000000000
85589  17.387  -24.145  88.136 0.0000000000
83015  17.256  -26.241  85.909 0.0000000000
83016  16.497  -26.480  86.130 0.0000000000
84318  18.893  -25.378  86.584 0.0000000000
85605  19.485  -24.840  87.589 0.0000000000
85586  20.494  -25.009  88.611 0.0000000000
84243  21.471  -25.440  89.124 0.0000000000
85570  21.526  -25.276  89.531 0.0000000000
84262  23.126  -25.273  89.237 0.0000000000
87952  22.750  -22.919  88.709 0.0000000000
86810  23.232  -23.524  88.979 0.0000000000
87944  22.330  -22.390  89.234 0.0000000000
89001  22.263  -22.098  89.795 0.0000000000
89002  21.736  -21.703  89.353 0.0000000000
90041  21.160  -20.701  89.150 0.0000000000
89031  20.776  -21.111  87.156 0.0000000000
90056  20.723  -20.322  87.813 0.0000000000
92178  20.264  -18.589  86.873 0.0000000000
91081  20.153  -19.466  86.481 0.0000000000
87991  21.273  -22.715  85.444 0.0000000000
90095  19.747  -20.370  84.307 0.0000000000
91104  19.704  -19.610  84.768 0.0000000000
92219  19.777  -18.639  85.147 0.0000000000
92246  19.632  -18.436  84.352 0.0000000000
93373  19.627  -17.713  84.426 0.0000000000
93406  20.066  -17.908  82.209 0.0000000000
93407  19.818  -17.328  82.746 0.0000000000
93427  19.879  -16.851  82.285 0.0000000000
62445  13.918  -44.308  96.818 0.0000000000
61209  13.199  -44.801  97.081 0.0000000000
61230  13.105  -44.213  95.522 0.0000000000
62474  13.700  -43.295  94.684 0.0000000000
63733  16.442  -42.695  95.441 0.0000000000
62457  15.982  -42.926  95.563 0.0000000000
62471  15.871  -42.712  95.116 0.0000000000
66415  16.132  -40.486  94.838 0.0000000000
66416  14.906  -40.731  94.635 0.0000000000
66399  14.110  -40.442  95.313 0.0000000000
66398  15.452  -40.272  95.556 0.0000000000
67617  16.047  -39.938  97.359 0.0000000000
67584  16.593  -39.155  99.256 0.0000000000
66375  21.483  -40.139  96.765 0.0000000000
67627  21.157  -39.533  96.882 0.0000000000
67613  20.116  -38.931  97.415 0.0000000000
68838  19.994  -38.545  97.940 0.0000000000
70116  19.166  -37.098  95.996 0.0000000000
71323  19.295  -36.976  97.460 0.0000000000
71310  19.355  -37.342  98.154 0.0000000000
70087  19.744  -37.924  98.301 0.0000000000
70088  19.137  -37.806  98.487 0.0000000000
68830  18.609  -38.472  98.612 0.0000000000
71301  18.991  -37.484  98.439 0.0000000000
72439  16.946  -35.441  97.582 0.0000000000
71303  17.804  -36.482  98.746 0.0000000000
71294  17.541  -36.900  99.638 0.0000000000
73562  17.011  -34.877  98.449 0.0000000000
73548  17.212  -34.925  99.284 0.0000000000
73563  16.660  -34.306  97.825 0.0000000000
77062  14.919  -31.203  95.931 0.0000000000
77077  14.898  -31.816  94.819 0.0000000000
81720  14.331  -27.655  93.945 0.0000000000
80600  14.084  -28.623  93.855 0.0000000000
81721  13.830  -28.125  94.409 0.0000000000
82882  15.057  -25.964  95.423 0.0000000000
82881  16.221  -26.110  95.134 0.0000000000
84186  18.150  -25.591  96.292 0.0000000000
85496  19.307  -25.558  97.371 0.0000000000
54931  25.077  -47.713  97.131 0.0000000000
54932  24.435  -47.585  97.137 0.0000000000
57432  23.008  -46.447  97.543 0.0000000000
56206  22.980  -46.808  97.229 0.0000000000
56207  21.992  -46.318  97.510 0.0000000000
61173  21.821  -44.320  99.658 0.0000000000
59963  22.309  -44.727  99.330 0.0000000000
58731  21.756  -44.937  99.365 0.0000000000
61178  17.915  -44.886  99.388 0.0000000000
61187  17.348  -44.750  99.147 0.0000000000
61180  16.268  -45.606  99.239 0.0000000000
73560  30.774  -34.314  97.229 0.0000000000
73576  30.293  -34.690  96.854 0.0000000000
70101  31.412  -37.106  95.758 0.0000000000
71320  30.806  -36.239  96.209 0.0000000000
68843  32.460  -38.174  95.449 0.0000000000
68844  31.789  -38.132  95.289 0.0000000000
68864  31.078  -38.055  94.110 0.0000000000
70112  30.880  -37.263  94.820 0.0000000000
67641  31.661  -39.019  94.409 0.0000000000
65051  32.864  -41.160  93.885 0.0000000000
66390  32.433  -39.997  94.298 0.0000000000
65050  33.285  -40.887  94.142 0.0000000000
63725  33.447  -42.158  93.749 0.0000000000
62451  34.126  -43.119  93.693 0.0000000000
62452  33.693  -43.219  93.839 0.0000000000
65104  29.663  -41.227  91.016 0.0000000000
65094  30.153  -41.192  91.649 0.0000000000
60031  30.663  -45.050  93.094 0.0000000000
62480  30.996  -43.950  92.800 0.0000000000
61242  31.074  -44.505  93.130 0.0000000000
61237  31.613  -44.472  93.469 0.0000000000
93441  20.561  -16.801  81.286 0.0000000000
93425  20.829  -17.648  81.184 0.0000000000
89113  22.055  -21.325  81.262 0.0000000000
91158  21.755  -19.366  81.191 0.0000000000
89112  22.980  -21.198  81.017 0.0000000000
85702  22.669  -24.551  81.643 0.0000000000
85720  23.648  -24.585  80.707 0.0000000000
85719  24.716  -24.533  80.463 0.0000000000
83098  24.778  -26.220  80.491 0.0000000000
79600  24.711  -29.184  81.487 0.0000000000
80776  25.351  -27.762  80.790 0.0000000000
79599  25.707  -28.896  81.537 0.0000000000
79598  26.229  -28.545  81.585 0.0000000000
78387  18.786  -30.321  86.677 0.0000000000
78403  19.527  -29.804  86.191 0.0000000000
77173  18.799  -31.094  87.250 0.0000000000
78371  19.436  -30.960  88.013 0.0000000000
78402  20.318  -30.567  86.082 0.0000000000
78385  19.996  -30.811  87.507 0.0000000000
78401  20.857  -30.881  85.481 0.0000000000
77201  20.890  -31.211  86.471 0.0000000000
73657  21.632  -33.750  89.227 0.0000000000
73673  21.248  -33.672  88.793 0.0000000000
74777  20.096  -32.760  89.875 0.0000000000
77158  21.144  -31.436  88.872 0.0000000000
77181  22.379  -31.730  86.524 0.0000000000
77199  22.649  -31.629  85.508 0.0000000000
77228  23.614  -31.305  83.991 0.0000000000
77180  23.413  -31.722  86.230 0.0000000000
77155  24.089  -31.647  87.859 0.0000000000
77166  25.026  -31.446  86.468 0.0000000000
78400  25.530  -30.965  85.160 0.0000000000
78384  25.691  -31.041  86.029 0.0000000000
78383  26.375  -30.741  86.455 0.0000000000
78315  24.297  -31.123  91.463 0.0000000000
78314  25.316  -30.848  91.255 0.0000000000
75887  23.364  -32.395  93.056 0.0000000000
74738  24.381  -32.595  93.518 0.0000000000
75851  24.482  -32.004  94.698 0.0000000000
75838  24.879  -31.755  95.123 0.0000000000
77073  24.979  -30.959  94.725 0.0000000000
77059  25.240  -31.331  95.293 0.0000000000
78239  25.880  -30.928  95.501 0.0000000000
77047  25.982  -31.423  95.849 0.0000000000
74683  28.663  -32.835  96.936 0.0000000000
75807  27.944  -32.385  96.856 0.0000000000
74682  29.371  -33.326  97.057 0.0000000000
75805  29.879  -32.350  97.617 0.0000000000
104196  5.455  -7.444  99.141 0.0000000000
105313  5.360  -7.083  98.379 0.0000000000
107408  6.223  -4.659  96.476 0.0000000000
108483  4.553  -3.686  96.311 0.0000000000
109566  5.204  -2.679  96.509 0.0000000000
109558  6.737  -2.025  97.017 0.0000000000
110738  6.433  -1.954  96.989 0.0000000000
110732  4.825  -1.086  97.153 0.0000000000
75828  6.574  -32.305  96.071 0.0000000000
75829  5.856  -32.140  96.575 0.0000000000
75844  6.423  -31.955  95.788 0.0000000000
78245  5.612  -30.838  95.297 0.0000000000
78263  5.295  -30.360  94.873 0.0000000000
78246  4.887  -30.737  95.400 0.0000000000
82898  7.383  -26.091  93.961 0.0000000000
81733  7.192  -27.597  93.577 0.0000000000
81735  5.403  -27.634  93.421 0.0000000000
80615  5.758  -28.504  93.619 0.0000000000
79453  4.577  -29.346  93.776 0.0000000000
80617  4.267  -28.593  93.315 0.0000000000
81745  4.167  -27.277  92.802 0.0000000000
80618  3.834  -28.528  92.745 0.0000000000
82845  5.235  -25.871  100.858 0.0000000000
84126  4.577  -25.808  101.072 0.0000000000
84174  4.401  -24.858  99.161 0.0000000000
85499  4.798  -24.490  97.115 0.0000000000
85500  4.016  -24.416  97.257 0.0000000000
86711  3.648  -23.153  98.145 0.0000000000
86734  3.515  -23.428  95.376 0.0000000000
85520  3.834  -24.028  95.321 0.0000000000
85529  3.864  -24.502  94.188 0.0000000000
85541  3.469  -24.657  91.813 0.0000000000
84220  3.586  -25.496  92.332 0.0000000000
81753  3.468  -27.313  91.219 0.0000000000
82935  3.325  -26.210  90.552 0.0000000000
81761  3.258  -27.350  90.095 0.0000000000
85580  3.781  -24.691  89.765 0.0000000000
84251  3.412  -25.330  89.881 0.0000000000
84250  4.001  -25.402  89.406 0.0000000000
82970  3.671  -26.929  88.663 0.0000000000
87915  5.676  -22.715  92.642 0.0000000000
87926  5.560  -22.964  91.623 0.0000000000
86803  7.017  -23.982  90.118 0.0000000000
86788  5.913  -23.516  90.613 0.0000000000
86804  6.050  -24.167  90.077 0.0000000000
82946  5.455  -26.256  89.413 0.0000000000
84248  6.032  -25.477  89.675 0.0000000000
82945  6.574  -26.292  89.540 0.0000000000
84247  7.153  -25.546  89.608 0.0000000000
85593  8.751  -24.796  89.232 0.0000000000
82943  8.252  -25.968  89.128 0.0000000000
84271  8.674  -25.429  89.081 0.0000000000
81786  8.989  -27.215  88.210 0.0000000000
84270  9.587  -25.588  88.279 0.0000000000
86816  9.680  -24.082  88.797 0.0000000000
89003  9.928  -21.586  90.002 0.0000000000
87945  10.057  -22.429  89.409 0.0000000000
90058  10.597  -21.047  89.464 0.0000000000
91069  10.613  -19.840  90.638 0.0000000000
89991  10.140  -21.201  93.943 0.0000000000
90019  9.809  -21.026  92.546 0.0000000000
91045  11.270  -19.252  92.668 0.0000000000
91052  11.144  -19.207  91.769 0.0000000000
92101  11.282  -18.433  92.227 0.0000000000
93246  11.091  -17.603  91.840 0.0000000000
93238  11.109  -17.673  92.719 0.0000000000
94369  9.213  -16.560  94.220 0.0000000000
94379  10.088  -16.375  92.893 0.0000000000
94380  9.221  -16.239  93.343 0.0000000000
94393  8.518  -15.965  93.024 0.0000000000
94381  8.177  -16.312  93.603 0.0000000000
92008  7.710  -18.689  100.747 0.0000000000
92007  8.356  -19.079  100.270 0.0000000000
92020  7.604  -17.867  100.183 0.0000000000
93194  7.659  -17.050  98.794 0.0000000000
94335  7.532  -16.485  98.036 0.0000000000
97726  7.984  -13.405  99.714 0.0000000000
96575  7.137  -14.830  99.584 0.0000000000
97739  7.966  -14.214  98.612 0.0000000000
96586  7.511  -15.038  97.435 0.0000000000
95480  7.050  -15.656  97.472 0.0000000000
94349  6.806  -16.085  96.915 0.0000000000
94348  7.201  -16.372  96.667 0.0000000000
94361  6.893  -16.170  96.195 0.0000000000
95504  6.593  -15.671  94.980 0.0000000000
94373  6.251  -15.995  94.812 0.0000000000
94384  6.042  -16.094  94.405 0.0000000000
95515  5.872  -15.693  94.167 0.0000000000
95526  5.239  -15.637  93.399 0.0000000000
96614  6.354  -15.016  93.964 0.0000000000
97768  8.314  -13.355  93.619 0.0000000000
96622  7.467  -13.979  93.121 0.0000000000
97777  8.209  -13.050  93.072 0.0000000000
98905  8.168  -11.950  93.098 0.0000000000
101027  7.499  -10.306  96.075 0.0000000000
101036  7.208  -10.366  95.064 0.0000000000
101047  6.575  -9.716  94.323 0.0000000000
101046  7.176  -10.361  93.965 0.0000000000
99998  7.815  -11.379  93.116 0.0000000000
102105  7.162  -9.444  93.299 0.0000000000
87892  32.752  -22.273  94.707 0.0000000000
87866  32.492  -21.601  95.596 0.0000000000
88949  33.430  -21.888  94.311 0.0000000000
89999  34.904  -20.691  93.456 0.0000000000
89970  35.664  -20.338  94.756 0.0000000000
89998  35.968  -20.359  93.106 0.0000000000
89024  37.830  -21.433  87.374 0.0000000000
90062  36.813  -21.069  88.104 0.0000000000
90050  37.362  -20.991  88.761 0.0000000000
90036  38.729  -21.208  89.900 0.0000000000
90024  37.575  -20.816  90.778 0.0000000000
90010  38.496  -20.915  91.752 0.0000000000
89996  38.317  -20.723  92.750 0.0000000000
89980  39.179  -20.487  93.385 0.0000000000
89995  39.427  -20.837  92.598 0.0000000000
88992  41.732  -21.065  90.558 0.0000000000
88967  41.145  -20.933  91.861 0.0000000000
88978  41.597  -20.967  91.190 0.0000000000
89992  41.307  -20.386  91.934 0.0000000000
90021  42.113  -20.596  90.886 0.0000000000
86845  44.174  -23.910  85.626 0.0000000000
86857  43.955  -23.458  84.871 0.0000000000
86856  44.587  -23.301  85.250 0.0000000000
89084  45.440  -21.535  83.988 0.0000000000
89085  44.957  -21.447  83.815 0.0000000000
90104  44.755  -20.673  83.578 0.0000000000
91137  42.561  -19.759  83.896 0.0000000000
91135  44.472  -19.738  83.584 0.0000000000
91114  47.703  -19.645  84.505 0.0000000000
90088  47.329  -20.663  84.407 0.0000000000
92208  44.687  -18.142  85.762 0.0000000000
92234  44.886  -18.408  84.709 0.0000000000
92235  43.951  -18.529  85.056 0.0000000000
91084  43.125  -19.072  86.551 0.0000000000
92151  44.145  -18.158  88.436 0.0000000000
92152  43.681  -18.759  88.953 0.0000000000
91054  43.070  -19.199  89.983 0.0000000000
92133  43.307  -18.587  89.398 0.0000000000
92134  42.705  -18.416  89.543 0.0000000000
93266  43.065  -17.940  88.989 0.0000000000
94429  43.587  -16.964  88.210 0.0000000000
94448  43.808  -16.392  87.577 0.0000000000
94472  43.664  -16.052  87.041 0.0000000000
95601  46.803  -15.688  86.867 0.0000000000
94445  46.152  -15.919  87.131 0.0000000000
101172  47.734  -10.291  84.697 0.0000000000
102219  47.642  -9.767  84.321 0.0000000000
103272  48.129  -8.881  83.534 0.0000000000
102229  48.212  -9.560  84.027 0.0000000000
97854  48.640  -13.196  84.293 0.0000000000
99003  48.613  -12.369  84.607 0.0000000000
99015  48.368  -12.371  83.900 0.0000000000
100124  48.097  -11.565  83.359 0.0000000000
101204  48.165  -10.582  82.861 0.0000000000
101218  47.423  -10.629  81.605 0.0000000000
100164  47.072  -11.270  81.722 0.0000000000
99064  45.997  -12.391  80.486 0.0000000000
99090  45.882  -12.989  79.174 0.0000000000
99065  45.645  -13.003  79.753 0.0000000000
91164  47.680  -19.581  80.954 0.0000000000
90139  47.321  -20.198  80.487 0.0000000000
93430  45.289  -17.893  80.833 0.0000000000
94551  44.820  -16.595  80.883 0.0000000000
94565  44.319  -16.613  80.170 0.0000000000
95695  44.747  -15.323  80.538 0.0000000000
95696  44.384  -15.646  79.842 0.0000000000
95712  44.320  -15.596  78.893 0.0000000000
104504  56.309  -7.342  71.776 0.0000000000
103404  56.132  -8.515  72.161 0.0000000000
102350  56.178  -9.669  72.527 0.0000000000
101306  56.332  -10.760  72.805 0.0000000000
95446  11.502  -15.814  101.864 0.0000000000
95431  12.064  -15.286  102.174 0.0000000000
95445  12.099  -15.539  101.767 0.0000000000
86715  22.011  -24.023  97.863 0.0000000000
86708  22.794  -24.330  98.490 0.0000000000
66330  5.467  -40.710  101.465 0.0000000000
66331  5.179  -40.917  101.256 0.0000000000
67568  4.829  -39.722  101.258 0.0000000000
67572  4.665  -39.387  100.848 0.0000000000
68808  5.012  -38.551  100.674 0.0000000000
72404  5.612  -36.275  100.717 0.0000000000
71291  5.449  -36.452  100.701 0.0000000000
72412  5.385  -35.772  100.275 0.0000000000
61204  12.593  -45.970  97.891 0.0000000000
61212  10.158  -44.798  96.664 0.0000000000
60004  10.973  -45.705  97.155 0.0000000000
60006  9.520  -45.489  97.626 0.0000000000
66382  11.182  -40.895  96.279 0.0000000000
65041  11.002  -41.561  95.839 0.0000000000
65026  10.756  -41.138  96.473 0.0000000000
65028  9.693  -41.444  97.578 0.0000000000
62437  9.233  -43.722  97.231 0.0000000000
62426  8.774  -42.770  98.094 0.0000000000
62427  8.506  -43.569  98.539 0.0000000000
62416  8.671  -42.272  98.698 0.0000000000
65000  8.125  -41.127  100.063 0.0000000000
73532  16.544  -35.154  101.181 0.0000000000
71270  16.179  -36.566  101.548 0.0000000000
72399  16.133  -35.687  101.538 0.0000000000
71264  14.899  -36.648  101.480 0.0000000000
70058  15.029  -37.114  101.576 0.0000000000
68789  14.612  -37.648  101.540 0.0000000000
68800  14.082  -38.087  101.280 0.0000000000
68790  14.003  -37.635  101.425 0.0000000000
73550  14.572  -34.201  99.090 0.0000000000
72406  14.251  -35.702  100.217 0.0000000000
70070  12.641  -37.364  100.874 0.0000000000
71273  13.062  -36.939  100.862 0.0000000000
68801  13.285  -37.777  101.014 0.0000000000
68823  11.502  -38.308  99.837 0.0000000000
68815  11.297  -38.085  100.280 0.0000000000
68816  10.185  -38.111  100.234 0.0000000000
68817  9.127  -38.447  100.298 0.0000000000
67580  8.332  -39.483  100.447 0.0000000000
67570  8.421  -39.025  100.571 0.0000000000
67565  8.032  -39.098  100.937 0.0000000000
68805  8.498  -38.422  100.788 0.0000000000
71288  9.350  -36.983  100.579 0.0000000000
71276  8.909  -37.261  100.775 0.0000000000
71277  8.311  -37.232  101.091 0.0000000000
71265  7.918  -37.379  101.319 0.0000000000
72443  11.699  -35.537  97.804 0.0000000000
72444  10.634  -35.622  97.996 0.0000000000
72446  8.879  -35.455  98.467 0.0000000000
72432  9.226  -35.764  98.870 0.0000000000
71299  8.318  -36.213  99.997 0.0000000000
72421  7.963  -35.815  99.630 0.0000000000
72434  7.687  -35.458  99.357 0.0000000000
74687  6.556  -33.344  97.310 0.0000000000
74701  7.706  -33.451  96.136 0.0000000000
75859  8.637  -32.529  94.368 0.0000000000
75876  8.680  -31.728  93.827 0.0000000000
77095  8.222  -31.126  93.770 0.0000000000
78279  11.384  -30.942  93.813 0.0000000000
77092  10.945  -31.512  93.529 0.0000000000
79446  11.304  -30.144  93.948 0.0000000000
81722  10.650  -27.596  94.714 0.0000000000
80603  10.788  -28.621  94.253 0.0000000000
80611  9.877  -28.514  93.371 0.0000000000
82906  10.288  -26.894  94.297 0.0000000000
82895  9.708  -26.300  94.605 0.0000000000
82862  9.066  -26.885  99.271 0.0000000000
82851  8.885  -27.141  99.898 0.0000000000
82852  8.384  -26.882  100.304 0.0000000000
80561  10.855  -28.083  98.950 0.0000000000
81687  11.218  -27.493  100.424 0.0000000000
80549  11.790  -27.942  102.826 0.0000000000
80554  10.924  -28.063  101.905 0.0000000000
80558  10.174  -28.342  100.405 0.0000000000
80550  11.189  -28.140  102.528 0.0000000000
85431  14.217  -25.407  103.784 0.0000000000
84085  13.332  -26.622  104.520 0.0000000000
85432  13.396  -25.527  103.733 0.0000000000
82798  11.654  -26.849  104.151 0.0000000000
82789  11.980  -27.346  104.328 0.0000000000
80543  10.956  -28.120  104.102 0.0000000000
80551  10.337  -28.501  102.721 0.0000000000
80546  10.395  -28.198  103.606 0.0000000000
84097  9.465  -26.360  103.195 0.0000000000
81671  9.032  -27.382  103.467 0.0000000000
81672  8.159  -27.352  103.235 0.0000000000
82801  8.562  -26.567  103.207 0.0000000000
82802  7.607  -26.398  103.162 0.0000000000
82814  8.662  -25.982  102.889 0.0000000000
86678  9.675  -23.406  101.897 0.0000000000
86659  9.156  -23.524  102.356 0.0000000000
88906  11.797  -21.900  99.436 0.0000000000
88892  11.291  -22.098  99.864 0.0000000000
88907  11.202  -21.758  99.774 0.0000000000
90956  10.839  -19.301  100.122 0.0000000000
89925  10.493  -20.484  100.364 0.0000000000
89916  9.853  -20.366  101.266 0.0000000000
90947  9.734  -19.310  101.652 0.0000000000
94311  11.450  -16.572  100.848 0.0000000000
93150  10.744  -16.961  101.400 0.0000000000
94299  11.147  -16.341  101.607 0.0000000000
94287  10.903  -16.139  102.022 0.0000000000
75918  35.809  -32.081  89.516 0.0000000000
72436  32.013  -35.132  96.836 0.0000000000
72451  32.384  -35.324  96.540 0.0000000000
68854  34.337  -38.291  94.803 0.0000000000
70111  34.037  -37.707  94.942 0.0000000000
70110  34.510  -37.686  94.579 0.0000000000
70109  34.986  -37.825  94.120 0.0000000000
68863  35.472  -38.684  93.546 0.0000000000
65064  35.113  -40.974  93.167 0.0000000000
94572  21.392  -16.429  80.701 0.0000000000
94571  22.196  -16.455  80.592 0.0000000000
95701  23.180  -15.930  80.953 0.0000000000
94557  23.548  -16.583  81.301 0.0000000000
94556  24.138  -16.554  81.875 0.0000000000
90128  25.239  -20.901  81.495 0.0000000000
90121  25.959  -20.712  81.944 0.0000000000
92279  25.085  -18.715  82.980 0.0000000000
91148  25.024  -19.344  82.571 0.0000000000
91123  26.556  -19.132  84.430 0.0000000000
92217  26.413  -18.289  85.628 0.0000000000
79554  28.394  -28.988  84.294 0.0000000000
80736  28.176  -28.161  83.135 0.0000000000
80722  28.498  -28.189  83.540 0.0000000000
83037  29.005  -25.783  84.035 0.0000000000
83048  28.800  -26.377  83.566 0.0000000000
84364  28.647  -25.229  83.737 0.0000000000
86890  28.264  -24.084  83.164 0.0000000000
86879  28.542  -23.623  83.743 0.0000000000
83023  29.794  -25.775  85.119 0.0000000000
85634  29.389  -24.478  85.569 0.0000000000
88007  29.200  -22.756  84.820 0.0000000000
88008  28.774  -22.748  84.115 0.0000000000
89076  29.129  -21.883  84.353 0.0000000000
90093  28.705  -20.870  84.049 0.0000000000
90082  29.082  -20.505  84.747 0.0000000000
91080  29.966  -19.170  87.782 0.0000000000
87941  30.009  -23.471  89.071 0.0000000000
87950  30.126  -22.926  88.760 0.0000000000
88999  31.087  -21.481  90.095 0.0000000000
90040  31.342  -20.593  90.223 0.0000000000
87908  30.791  -22.887  92.375 0.0000000000
90015  31.628  -20.556  92.166 0.0000000000
88960  31.294  -21.687  92.912 0.0000000000
87880  31.780  -22.195  94.294 0.0000000000
86744  31.487  -23.105  93.450 0.0000000000
87930  32.600  -22.752  90.752 0.0000000000
88984  32.848  -22.043  89.963 0.0000000000
87938  32.880  -22.062  89.187 0.0000000000
86821  32.515  -23.761  87.749 0.0000000000
86835  32.760  -23.524  86.486 0.0000000000
88006  34.593  -22.877  84.812 0.0000000000
87969  33.314  -22.566  86.232 0.0000000000
89060  34.363  -22.085  85.626 0.0000000000
89042  34.114  -21.927  86.100 0.0000000000
89059  34.832  -21.893  85.573 0.0000000000
87987  35.433  -22.222  84.961 0.0000000000
88004  36.278  -22.774  84.360 0.0000000000
84347  38.196  -25.358  84.506 0.0000000000
84362  38.027  -24.725  83.783 0.0000000000
84361  38.807  -24.960  83.861 0.0000000000
85644  39.482  -24.648  83.827 0.0000000000
80636  35.758  -28.792  90.050 0.0000000000
80635  36.172  -28.190  89.666 0.0000000000
82933  37.091  -26.748  89.955 0.0000000000
82941  36.758  -26.893  89.126 0.0000000000
82959  36.947  -26.206  88.653 0.0000000000
82923  39.876  -26.855  91.936 0.0000000000
82938  39.436  -26.439  89.779 0.0000000000
82981  38.856  -26.261  88.021 0.0000000000
84305  38.822  -26.093  86.967 0.0000000000
82980  39.547  -26.437  88.027 0.0000000000
82978  41.048  -26.690  87.718 0.0000000000
82999  41.594  -26.340  86.912 0.0000000000
84303  41.193  -26.073  86.320 0.0000000000
84278  43.213  -26.021  86.999 0.0000000000
82954  42.474  -27.006  88.271 0.0000000000
81762  42.894  -28.282  88.911 0.0000000000
80648  43.319  -28.443  88.018 0.0000000000
80647  44.063  -27.866  87.425 0.0000000000
78348  41.326  -30.003  88.667 0.0000000000
78347  41.854  -29.608  88.822 0.0000000000
78396  41.875  -29.269  86.433 0.0000000000
78411  41.789  -29.070  85.529 0.0000000000
78412  40.865  -29.547  85.091 0.0000000000
97716  12.627  -13.222  101.347 0.0000000000
97725  12.143  -12.934  100.948 0.0000000000
98846  12.800  -12.809  100.964 0.0000000000
99950  13.810  -10.980  99.642 0.0000000000
99951  13.188  -11.227  99.314 0.0000000000
101001  13.583  -10.299  99.162 0.0000000000
102047  12.635  -9.331  98.436 0.0000000000
102046  13.411  -9.304  98.870 0.0000000000
105289  13.185  -6.031  100.062 0.0000000000
104167  13.684  -7.073  99.987 0.0000000000
105297  12.742  -6.362  99.482 0.0000000000
104178  12.519  -7.031  98.933 0.0000000000
75814  4.442  -32.715  97.297 0.0000000000
74690  4.263  -33.543  97.329 0.0000000000
73601  5.344  -34.675  96.061 0.0000000000
72461  5.544  -35.232  96.810 0.0000000000
72460  6.106  -35.586  96.521 0.0000000000
71328  6.603  -36.458  96.956 0.0000000000
74742  5.257  -33.186  94.260 0.0000000000
73620  5.397  -33.601  94.463 0.0000000000
73619  6.073  -34.248  94.429 0.0000000000
70133  7.726  -37.054  94.949 0.0000000000
77150  4.568  -31.436  89.299 0.0000000000
77149  5.349  -31.914  89.640 0.0000000000
72522  6.195  -35.465  89.755 0.0000000000
73649  6.413  -34.749  90.266 0.0000000000
71376  7.263  -35.544  91.213 0.0000000000
71387  7.578  -36.296  90.456 0.0000000000
71424  7.462  -36.868  88.663 0.0000000000
70205  9.255  -37.295  88.490 0.0000000000
85610  10.613  -24.700  87.749 0.0000000000
84322  10.763  -26.048  86.961 0.0000000000
84296  10.922  -25.086  87.229 0.0000000000
86840  11.815  -23.505  86.809 0.0000000000
85624  11.724  -24.507  86.487 0.0000000000
85623  12.151  -23.977  86.163 0.0000000000
84353  12.162  -24.760  85.182 0.0000000000
85637  12.243  -24.305  85.492 0.0000000000
92164  11.372  -18.034  88.507 0.0000000000
91083  11.903  -19.559  87.629 0.0000000000
90084  12.346  -20.894  85.349 0.0000000000
90074  12.391  -20.914  86.142 0.0000000000
89064  12.431  -21.846  85.038 0.0000000000
86882  12.309  -23.468  84.260 0.0000000000
88028  12.195  -23.014  83.997 0.0000000000
85669  11.795  -24.175  83.514 0.0000000000
88029  11.756  -22.619  83.803 0.0000000000
89081  10.999  -21.413  83.848 0.0000000000
88030  10.899  -22.671  83.404 0.0000000000
88031  10.084  -22.709  83.115 0.0000000000
95572  4.399  -15.960  90.298 0.0000000000
95571  5.321  -15.817  90.178 0.0000000000
94425  4.676  -16.123  89.346 0.0000000000
94464  5.368  -17.233  87.783 0.0000000000
94441  6.022  -16.590  88.439 0.0000000000
93316  6.948  -17.665  87.175 0.0000000000
92226  6.563  -18.900  85.100 0.0000000000
92199  5.956  -18.564  85.906 0.0000000000
92225  7.539  -19.108  85.362 0.0000000000
91001  32.894  -19.078  95.882 0.0000000000
92060  32.930  -18.040  95.627 0.0000000000
92059  33.440  -17.841  95.594 0.0000000000
95488  34.796  -15.532  95.056 0.0000000000
95489  34.087  -15.493  95.155 0.0000000000
96600  34.610  -14.141  95.074 0.0000000000
95506  37.375  -15.439  93.927 0.0000000000
95496  36.948  -15.499  94.482 0.0000000000
95507  36.815  -14.854  94.006 0.0000000000
92156  38.627  -18.699  88.710 0.0000000000
92138  38.558  -18.639  89.820 0.0000000000
92157  37.538  -18.441  88.749 0.0000000000
99174  54.721  -12.623  73.692 0.0000000000
100272  55.088  -11.650  74.012 0.0000000000
101297  55.842  -10.788  74.118 0.0000000000
99189  56.575  -12.633  72.368 0.0000000000
102244  46.200  -9.343  81.874 0.0000000000
102257  46.773  -8.746  81.299 0.0000000000
103306  48.239  -7.843  81.045 0.0000000000
103307  47.468  -8.242  80.649 0.0000000000
103316  48.120  -7.668  80.033 0.0000000000
104431  48.833  -7.469  79.727 0.0000000000
101247  49.365  -10.132  79.638 0.0000000000
102277  49.538  -8.911  80.105 0.0000000000
103314  51.101  -8.394  79.834 0.0000000000
104415  51.120  -7.813  79.442 0.0000000000
103313  51.792  -8.720  79.467 0.0000000000
103327  51.635  -8.502  78.864 0.0000000000
103312  52.242  -9.230  79.409 0.0000000000
99061  53.875  -12.310  80.089 0.0000000000
101230  53.407  -11.101  79.734 0.0000000000
99083  53.647  -12.323  79.698 0.0000000000
99084  53.241  -12.375  79.312 0.0000000000
97919  53.787  -13.357  79.694 0.0000000000
95730  51.325  -15.926  78.556 0.0000000000
92343  52.888  -18.039  77.816 0.0000000000
94597  52.467  -16.843  78.816 0.0000000000
93445  52.921  -17.152  78.988 0.0000000000
94564  53.036  -16.058  80.244 0.0000000000
94577  53.480  -16.613  79.851 0.0000000000
94594  54.780  -17.256  78.161 0.0000000000
94595  54.530  -16.728  78.775 0.0000000000
94596  54.277  -16.291  78.534 0.0000000000
95728  53.943  -15.537  78.887 0.0000000000
94615  54.249  -16.310  77.945 0.0000000000
94637  54.301  -16.304  77.282 0.0000000000
94653  55.830  -16.963  75.667 0.0000000000
95765  55.613  -16.735  76.127 0.0000000000
94661  56.133  -16.728  74.969 0.0000000000
91228  54.708  -19.242  73.650 0.0000000000
93542  55.470  -17.161  73.154 0.0000000000
94671  56.124  -16.281  73.343 0.0000000000
94674  56.043  -15.865  72.701 0.0000000000
96930  56.172  -13.873  71.315 0.0000000000
67690  21.313  -39.635  90.368 0.0000000000
67705  21.088  -39.491  89.568 0.0000000000
67704  21.646  -39.843  89.672 0.0000000000
67718  21.546  -39.647  88.813 0.0000000000
67731  22.280  -39.833  87.994 0.0000000000
67672  22.873  -40.431  92.658 0.0000000000
67673  22.584  -40.054  92.408 0.0000000000
67679  22.785  -40.470  92.023 0.0000000000
65105  23.632  -42.098  92.868 0.0000000000
63793  23.993  -42.473  90.111 0.0000000000
63780  23.587  -42.295  90.976 0.0000000000
63769  23.463  -42.040  91.644 0.0000000000
66480  23.119  -41.013  89.004 0.0000000000
98848  9.824  -12.620  101.902 0.0000000000
93142  9.460  -17.358  102.905 0.0000000000
94289  9.695  -16.423  103.130 0.0000000000
96535  9.023  -14.779  103.568 0.0000000000
84130  22.494  -25.505  100.680 0.0000000000
84116  23.122  -25.231  101.300 0.0000000000
85470  23.087  -25.108  100.420 0.0000000000
85473  23.395  -24.602  99.739 0.0000000000
86700  24.020  -24.254  99.490 0.0000000000
82866  18.070  -26.312  97.251 0.0000000000
82858  18.295  -26.320  97.842 0.0000000000
82857  18.743  -26.361  98.405 0.0000000000
82847  19.550  -26.450  100.029 0.0000000000
84132  20.890  -26.228  100.646 0.0000000000
75819  33.544  -32.585  96.710 0.0000000000
78214  29.150  -30.432  97.210 0.0000000000
77026  30.264  -30.824  97.877 0.0000000000
78204  30.668  -30.346  97.813 0.0000000000
78203  31.263  -30.409  97.829 0.0000000000
79377  32.044  -30.113  97.734 0.0000000000
78212  32.096  -30.523  97.656 0.0000000000
72435  4.904  -35.472  98.495 0.0000000000
80654  8.348  -28.014  88.147 0.0000000000
78375  7.719  -30.108  87.126 0.0000000000
79512  8.283  -29.586  87.174 0.0000000000
78409  8.637  -30.611  85.744 0.0000000000
78423  8.764  -31.183  85.139 0.0000000000
77223  8.803  -31.598  84.805 0.0000000000
78422  9.377  -30.793  84.728 0.0000000000
78434  9.879  -30.753  84.043 0.0000000000
78433  10.166  -30.499  83.548 0.0000000000
79561  10.469  -29.659  84.067 0.0000000000
80702  11.172  -27.657  85.211 0.0000000000
97904  42.207  -12.992  80.970 0.0000000000
101263  44.822  -10.713  79.282 0.0000000000
101249  45.415  -10.150  79.587 0.0000000000
101331  57.035  -10.632  69.757 0.0000000000
80631  14.598  -28.674  91.469 0.0000000000
81759  15.274  -27.296  91.241 0.0000000000
81769  14.678  -28.082  89.851 0.0000000000
81829  18.697  -27.657  85.766 0.0000000000
81828  19.617  -27.719  85.678 0.0000000000
81825  22.193  -26.921  85.451 0.0000000000
81842  22.145  -27.123  84.938 0.0000000000
83049  22.451  -26.579  83.403 0.0000000000
73635  15.014  -34.825  92.103 0.0000000000
73627  14.734  -34.087  92.463 0.0000000000
74752  14.604  -33.251  92.481 0.0000000000
77109  14.439  -31.414  92.379 0.0000000000
65007  22.157  -42.979  98.769 0.0000000000
63672  21.509  -43.377  99.081 0.0000000000
63682  20.661  -43.207  98.933 0.0000000000
63683  19.713  -43.419  99.237 0.0000000000
72494  29.369  -36.069  91.879 0.0000000000
71362  29.691  -36.356  92.537 0.0000000000
70148  30.180  -37.645  92.218 0.0000000000
68884  30.342  -38.674  92.288 0.0000000000
66435  30.421  -40.195  92.074 0.0000000000
54951  27.395  -48.730  95.670 0.0000000000
54950  28.129  -48.647  95.549 0.0000000000
53677  27.384  -49.302  95.428 0.0000000000
52531  26.696  -49.580  95.118 0.0000000000
52544  26.268  -49.619  94.735 0.0000000000
79557  20.699  -29.340  84.452 0.0000000000
72518  26.963  -35.498  89.215 0.0000000000
72519  26.263  -35.140  89.023 0.0000000000
72517  27.531  -35.651  89.734 0.0000000000
72505  26.982  -35.032  90.037 0.0000000000
73641  26.914  -34.590  90.864 0.0000000000
73633  26.171  -34.116  91.191 0.0000000000
73640  27.442  -34.682  91.402 0.0000000000
72495  28.815  -35.690  91.483 0.0000000000
102079  3.471  -8.920  97.998 0.0000000000
103118  3.158  -8.239  98.181 0.0000000000
104199  3.385  -7.476  98.312 0.0000000000
105315  3.798  -6.937  98.067 0.0000000000
110718  7.470  -1.156  98.777 0.0000000000
111838  6.805  -0.771  100.391 0.0000000000
84170  7.820  -25.441  98.459 0.0000000000
84183  8.119  -25.202  97.424 0.0000000000
84171  6.826  -25.181  98.559 0.0000000000
87816  6.586  -22.613  100.921 0.0000000000
87832  6.841  -22.675  99.650 0.0000000000
87852  7.589  -22.393  97.576 0.0000000000
87858  9.197  -21.827  96.683 0.0000000000
88932  9.814  -21.376  96.750 0.0000000000
87850  9.391  -21.628  97.217 0.0000000000
88921  9.408  -20.903  98.692 0.0000000000
100997  6.756  -10.063  100.264 0.0000000000
100996  7.250  -10.865  100.445 0.0000000000
102053  6.089  -9.514  98.694 0.0000000000
102066  4.121  -9.316  98.485 0.0000000000
86875  39.521  -23.158  83.465 0.0000000000
88020  39.099  -22.372  83.720 0.0000000000
86874  40.557  -23.130  83.505 0.0000000000
88017  42.421  -22.392  83.609 0.0000000000
90102  50.066  -20.597  83.578 0.0000000000
90086  50.292  -20.358  84.554 0.0000000000
91112  50.481  -19.601  84.195 0.0000000000
92229  50.460  -18.624  84.340 0.0000000000
92202  50.099  -18.089  84.865 0.0000000000
93342  50.008  -17.167  84.949 0.0000000000
93362  50.308  -17.740  84.488 0.0000000000
94520  50.279  -16.785  83.978 0.0000000000
95650  49.888  -16.027  84.061 0.0000000000
94521  49.768  -16.634  83.547 0.0000000000
93395  48.852  -17.600  82.490 0.0000000000
93411  48.176  -18.003  82.017 0.0000000000
89988  22.247  -20.950  92.952 0.0000000000
62381  7.079  -43.041  100.580 0.0000000000
62375  6.675  -43.077  100.823 0.0000000000
64983  6.587  -41.207  101.337 0.0000000000
67599  15.973  -39.697  98.515 0.0000000000
67600  15.001  -39.865  98.520 0.0000000000
67585  15.632  -39.365  99.324 0.0000000000
67575  15.361  -38.969  100.059 0.0000000000
78209  12.870  -30.396  98.079 0.0000000000
77040  13.404  -31.567  98.170 0.0000000000
77050  13.144  -31.682  97.413 0.0000000000
74699  13.374  -33.239  96.577 0.0000000000
75840  13.161  -32.715  96.241 0.0000000000
75827  12.838  -31.878  96.239 0.0000000000
77063  12.495  -31.562  95.680 0.0000000000
78242  12.167  -30.898  95.460 0.0000000000
79408  11.340  -29.628  96.928 0.0000000000
81891  26.493  -27.217  81.223 0.0000000000
84399  26.667  -25.429  81.196 0.0000000000
83084  26.912  -26.283  81.451 0.0000000000
83063  27.527  -26.336  81.986 0.0000000000
84284  31.277  -25.837  88.027 0.0000000000
83006  33.118  -26.367  87.006 0.0000000000
81796  34.803  -27.420  87.310 0.0000000000
78289  38.961  -30.610  92.869 0.0000000000
79437  39.264  -29.631  93.223 0.0000000000
77101  39.417  -30.880  92.320 0.0000000000
77114  39.761  -31.162  91.679 0.0000000000
77126  39.784  -31.390  90.964 0.0000000000
77140  39.979  -31.324  90.101 0.0000000000
75914  39.480  -31.545  90.468 0.0000000000
75929  38.656  -31.750  89.158 0.0000000000
79462  4.037  -29.751  92.180 0.0000000000
78317  4.942  -30.743  92.382 0.0000000000
77135  6.263  -31.980  90.890 0.0000000000
95537  9.267  -15.452  91.041 0.0000000000
95536  9.785  -15.710  90.515 0.0000000000
95554  8.365  -15.360  90.429 0.0000000000
95569  7.482  -15.451  89.723 0.0000000000
92091  40.373  -19.194  92.743 0.0000000000
92092  39.574  -18.311  92.914 0.0000000000
92103  39.623  -18.660  91.923 0.0000000000
92120  38.593  -18.399  90.906 0.0000000000
97979  50.978  -13.701  75.776 0.0000000000
96837  51.413  -14.474  75.684 0.0000000000
95784  52.021  -15.228  75.805 0.0000000000
95783  52.819  -15.687  75.840 0.0000000000
95782  53.735  -15.899  75.929 0.0000000000
99088  47.197  -12.007  79.107 0.0000000000
100203  47.821  -11.423  79.244 0.0000000000
99107  47.637  -12.490  78.640 0.0000000000
73658  14.970  -34.598  89.486 0.0000000000
72535  16.236  -36.065  88.431 0.0000000000
70218  18.593  -37.762  87.156 0.0000000000
70219  17.814  -37.259  87.073 0.0000000000
70239  18.412  -37.184  86.308 0.0000000000
71456  17.960  -36.570  85.961 0.0000000000
72580  17.489  -35.443  85.467 0.0000000000
73713  17.108  -34.184  85.139 0.0000000000
72596  17.759  -34.536  84.896 0.0000000000
72595  18.394  -34.820  84.727 0.0000000000
74844  18.758  -33.333  84.963 0.0000000000
68858  22.205  -38.541  95.223 0.0000000000
68887  20.071  -38.686  92.096 0.0000000000
70149  18.412  -38.253  92.101 0.0000000000
71384  16.351  -36.873  90.735 0.0000000000
58778  26.304  -46.546  96.358 0.0000000000
59993  25.846  -45.858  96.701 0.0000000000
65067  24.122  -42.060  95.355 0.0000000000
63728  24.482  -42.498  95.847 0.0000000000
65052  24.288  -41.838  95.913 0.0000000000
65036  24.450  -41.983  96.666 0.0000000000
65021  24.285  -41.769  97.406 0.0000000000
65022  23.927  -41.497  97.676 0.0000000000
66356  23.994  -41.298  97.388 0.0000000000
66357  23.493  -41.051  97.388 0.0000000000
65132  28.041  -41.294  89.537 0.0000000000
62512  27.666  -42.746  90.023 0.0000000000
61269  27.516  -44.251  90.598 0.0000000000
61250  25.252  -44.987  92.523 0.0000000000
60044  26.058  -45.628  92.473 0.0000000000
58791  27.011  -46.800  95.010 0.0000000000
72577  20.567  -35.413  84.947 0.0000000000
67742  24.798  -39.385  86.528 0.0000000000
68955  24.536  -38.506  86.141 0.0000000000
67728  25.519  -39.845  86.900 0.0000000000
68940  26.227  -39.018  86.957 0.0000000000
68953  26.310  -38.268  86.956 0.0000000000
70215  26.610  -37.412  87.373 0.0000000000
67726  27.269  -39.070  87.901 0.0000000000
104168  6.396  -7.881  101.496 0.0000000000
102050  9.584  -9.268  98.644 0.0000000000
102051  8.926  -8.951  98.958 0.0000000000
103108  9.287  -8.290  98.720 0.0000000000
106339  9.747  -5.644  98.475 0.0000000000
107398  9.698  -4.539  97.947 0.0000000000
107388  11.228  -4.640  98.530 0.0000000000
86644  8.049  -23.589  103.432 0.0000000000
86645  7.234  -23.550  103.974 0.0000000000
87780  7.583  -22.760  104.135 0.0000000000
87775  7.149  -22.189  104.583 0.0000000000
91980  6.820  -18.995  104.447 0.0000000000
89912  5.577  -20.298  103.513 0.0000000000
90940  5.470  -19.472  103.886 0.0000000000
91985  5.689  -18.626  103.580 0.0000000000
91989  5.719  -18.347  102.826 0.0000000000
91998  5.833  -17.769  102.225 0.0000000000
95423  5.496  -15.662  103.207 0.0000000000
98828  7.273  -13.107  103.326 0.0000000000
98829  7.130  -12.894  103.190 0.0000000000
99926  6.990  -11.340  102.601 0.0000000000
102013  7.101  -9.700  102.247 0.0000000000
82952  44.384  -26.580  87.385 0.0000000000
84255  45.279  -25.830  86.937 0.0000000000
82951  45.147  -26.122  86.962 0.0000000000
81775  45.722  -26.225  86.439 0.0000000000
81807  46.370  -26.000  85.881 0.0000000000
57414  8.823  -47.883  100.413 0.0000000000
58746  7.922  -46.835  99.942 0.0000000000
75811  15.814  -31.960  97.742 0.0000000000
78229  15.088  -30.860  97.274 0.0000000000
78217  15.035  -30.829  97.684 0.0000000000
79406  14.269  -29.844  97.432 0.0000000000
84181  13.908  -25.351  97.522 0.0000000000
82867  13.133  -26.081  97.824 0.0000000000
81700  12.561  -27.690  97.719 0.0000000000
82860  12.443  -26.264  98.859 0.0000000000
84153  12.763  -25.868  99.855 0.0000000000
84123  14.832  -25.931  101.298 0.0000000000
82825  15.393  -26.371  102.036 0.0000000000
84120  20.102  -25.532  102.319 0.0000000000
82806  18.769  -26.270  102.789 0.0000000000
75864  36.929  -31.457  94.065 0.0000000000
75865  36.413  -31.740  93.917 0.0000000000
72469  34.285  -35.165  94.324 0.0000000000
72483  34.432  -36.239  92.832 0.0000000000
78328  26.390  -30.566  90.350 0.0000000000
78354  27.269  -30.462  88.524 0.0000000000
78341  27.297  -30.416  89.524 0.0000000000
78326  28.314  -30.405  90.695 0.0000000000
78270  30.757  -30.051  93.847 0.0000000000
78293  30.584  -30.407  92.891 0.0000000000
78308  31.338  -30.443  92.087 0.0000000000
78322  32.099  -30.475  91.391 0.0000000000
78336  32.144  -30.546  90.297 0.0000000000
78321  32.792  -30.187  91.747 0.0000000000
79467  34.197  -29.596  91.772 0.0000000000
79458  34.217  -29.193  93.046 0.0000000000
80598  34.622  -28.336  94.980 0.0000000000
79399  35.210  -29.310  96.505 0.0000000000
78233  37.174  -29.846  95.243 0.0000000000
77056  36.960  -30.551  95.029 0.0000000000
80659  2.648  -28.370  87.942 0.0000000000
79501  2.557  -29.433  88.022 0.0000000000
79517  2.799  -29.849  87.052 0.0000000000
77192  3.106  -31.520  86.557 0.0000000000
75998  5.510  -32.551  85.876 0.0000000000
74836  5.517  -33.697  85.610 0.0000000000
73717  5.366  -34.709  85.321 0.0000000000
72583  5.000  -35.494  85.489 0.0000000000
71480  4.858  -36.621  84.902 0.0000000000
70282  4.864  -37.283  84.226 0.0000000000
68994  5.179  -37.599  83.591 0.0000000000
69007  5.564  -37.767  83.052 0.0000000000
70297  4.866  -37.281  83.312 0.0000000000
70311  4.570  -37.355  82.319 0.0000000000
74872  7.035  -34.088  81.092 0.0000000000
73767  5.497  -34.829  80.624 0.0000000000
84380  9.483  -25.543  82.525 0.0000000000
97786  6.577  -13.475  91.682 0.0000000000
97788  4.709  -14.183  91.267 0.0000000000
97794  5.712  -13.392  90.668 0.0000000000
98936  5.813  -12.961  90.199 0.0000000000
101261  51.578  -10.240  78.144 0.0000000000
85514  18.272  -24.593  95.764 0.0000000000
86733  19.224  -24.096  96.512 0.0000000000
86774  17.643  -23.588  91.272 0.0000000000
86773  18.604  -23.235  91.613 0.0000000000
85547  21.910  -24.696  91.584 0.0000000000
84223  22.729  -25.147  91.125 0.0000000000
84229  23.266  -24.950  90.823 0.0000000000
78373  14.449  -30.730  87.779 0.0000000000
79497  14.499  -29.930  88.189 0.0000000000
80670  14.637  -29.270  87.685 0.0000000000
80669  14.878  -28.612  87.226 0.0000000000
82993  15.541  -26.831  87.241 0.0000000000
82991  20.811  -25.881  87.256 0.0000000000
82990  21.341  -26.075  87.392 0.0000000000
82965  21.817  -26.050  87.966 0.0000000000
84263  22.584  -25.724  88.803 0.0000000000
89016  21.385  -21.572  88.351 0.0000000000
87961  21.795  -22.402  87.671 0.0000000000
89030  21.274  -21.745  87.386 0.0000000000
89046  21.038  -21.746  86.688 0.0000000000
88009  20.858  -22.606  84.259 0.0000000000
89095  19.954  -21.106  83.840 0.0000000000
91142  19.801  -19.785  83.350 0.0000000000
91150  19.974  -19.528  82.826 0.0000000000
91160  20.288  -19.401  82.113 0.0000000000
92302  20.358  -18.480  81.831 0.0000000000
61196  14.769  -45.775  98.493 0.0000000000
62425  14.212  -45.369  97.895 0.0000000000
65071  16.815  -41.362  94.501 0.0000000000
67657  16.650  -40.159  95.025 0.0000000000
67647  16.267  -40.194  95.455 0.0000000000
67648  15.901  -40.262  95.684 0.0000000000
67616  17.318  -39.565  97.387 0.0000000000
68836  21.360  -38.439  97.179 0.0000000000
70093  20.740  -37.813  97.386 0.0000000000
71337  17.219  -36.498  96.012 0.0000000000
71338  16.493  -35.929  95.819 0.0000000000
71325  17.367  -36.334  96.990 0.0000000000
73579  16.312  -34.298  96.907 0.0000000000
74698  15.694  -33.066  96.117 0.0000000000
80610  14.464  -28.614  93.009 0.0000000000
81729  14.652  -27.897  93.362 0.0000000000
82891  15.782  -26.472  94.453 0.0000000000
82879  17.103  -25.848  95.022 0.0000000000
84195  17.855  -25.226  95.680 0.0000000000
57417  24.558  -46.152  97.643 0.0000000000
57431  24.443  -46.507  97.528 0.0000000000
57418  23.928  -46.071  97.746 0.0000000000
57419  22.968  -46.022  97.924 0.0000000000
59965  20.768  -44.772  99.734 0.0000000000
58732  21.258  -45.033  99.487 0.0000000000
58733  20.476  -45.096  99.584 0.0000000000
57422  19.692  -45.599  98.840 0.0000000000
62404  17.133  -44.581  99.053 0.0000000000
61189  16.078  -45.380  99.054 0.0000000000
74694  29.185  -33.764  96.515 0.0000000000
71321  30.308  -35.922  95.948 0.0000000000
70102  31.070  -37.144  95.439 0.0000000000
66409  31.655  -39.928  93.693 0.0000000000
65065  32.443  -41.205  93.600 0.0000000000
62453  33.343  -43.391  93.852 0.0000000000
60013  33.527  -45.334  94.208 0.0000000000
61256  29.478  -44.294  91.704 0.0000000000
61249  30.041  -44.374  92.166 0.0000000000
91159  20.855  -19.381  81.455 0.0000000000
83086  23.184  -26.322  81.231 0.0000000000
84400  23.120  -25.244  81.193 0.0000000000
81916  23.705  -26.793  80.751 0.0000000000
83099  24.018  -26.238  80.520 0.0000000000
81915  24.372  -26.930  80.541 0.0000000000
80756  23.966  -28.337  81.045 0.0000000000
79584  24.333  -29.956  82.045 0.0000000000
75969  19.202  -32.281  87.060 0.0000000000
75951  18.942  -31.710  87.560 0.0000000000
75968  19.539  -32.636  87.716 0.0000000000
75950  19.258  -32.311  88.299 0.0000000000
75921  20.172  -32.339  90.229 0.0000000000
77133  20.441  -32.135  90.445 0.0000000000
77157  22.116  -31.519  88.610 0.0000000000
77168  23.250  -31.722  87.224 0.0000000000
77156  23.108  -31.647  88.260 0.0000000000
77142  23.950  -31.573  88.900 0.0000000000
77141  24.903  -31.424  88.422 0.0000000000
77129  23.779  -31.460  89.958 0.0000000000
77117  23.620  -31.398  91.002 0.0000000000
77105  23.561  -31.214  91.989 0.0000000000
74736  26.389  -33.415  93.277 0.0000000000
75867  25.054  -32.571  94.200 0.0000000000
74723  26.173  -32.809  94.361 0.0000000000
75849  26.108  -32.551  94.831 0.0000000000
75836  26.379  -32.492  95.368 0.0000000000
75822  26.286  -31.966  96.073 0.0000000000
74696  27.632  -33.008  96.052 0.0000000000
74695  28.403  -33.304  96.266 0.0000000000
108486  2.566  -3.824  95.827 0.0000000000
106350  5.824  -6.234  97.430 0.0000000000
106349  6.477  -6.027  97.460 0.0000000000
77081  7.095  -31.383  94.617 0.0000000000
77082  6.448  -31.281  95.022 0.0000000000
78261  6.875  -30.860  94.411 0.0000000000
78284  6.547  -30.020  94.047 0.0000000000
79433  6.128  -30.008  94.235 0.0000000000
84209  6.525  -25.485  94.234 0.0000000000
84215  6.239  -26.153  93.576 0.0000000000
81736  4.617  -27.655  93.164 0.0000000000
82920  4.454  -26.870  93.008 0.0000000000
82921  3.952  -26.457  92.707 0.0000000000
84114  4.283  -25.384  102.357 0.0000000000
84142  4.018  -25.378  100.553 0.0000000000
84143  3.645  -25.007  100.780 0.0000000000
84159  3.738  -24.958  100.220 0.0000000000
85480  3.678  -24.420  99.160 0.0000000000
87864  3.711  -22.742  96.386 0.0000000000
87877  3.664  -22.807  95.405 0.0000000000
86754  3.393  -23.850  93.349 0.0000000000
85551  3.479  -24.722  90.937 0.0000000000
84234  3.365  -25.262  90.567 0.0000000000
86778  3.569  -24.040  91.188 0.0000000000
86790  3.891  -23.841  90.442 0.0000000000
86805  4.309  -23.888  90.007 0.0000000000
87925  6.662  -22.623  91.784 0.0000000000
86786  7.964  -23.007  90.397 0.0000000000
86802  8.248  -23.443  89.912 0.0000000000
85575  8.958  -24.204  89.325 0.0000000000
87946  8.956  -22.432  89.998 0.0000000000
89004  9.218  -21.909  90.390 0.0000000000
89976  11.141  -19.914  94.801 0.0000000000
89989  11.202  -19.836  94.132 0.0000000000
91023  11.412  -19.217  94.485 0.0000000000
92078  11.289  -18.310  94.127 0.0000000000
93230  11.065  -17.716  93.509 0.0000000000
93231  10.432  -17.269  94.255 0.0000000000
93232  9.623  -16.975  94.899 0.0000000000
93181  6.079  -16.612  100.394 0.0000000000
93180  6.820  -16.963  99.940 0.0000000000
94325  6.469  -16.407  99.462 0.0000000000
98869  8.658  -12.781  98.792 0.0000000000
97738  8.495  -13.829  98.164 0.0000000000
96585  8.193  -14.560  97.349 0.0000000000
96590  7.660  -15.069  96.628 0.0000000000
95495  6.839  -15.858  95.946 0.0000000000
96597  7.652  -15.001  95.822 0.0000000000
96605  7.356  -14.982  94.844 0.0000000000
98895  8.821  -12.460  94.265 0.0000000000
101029  5.776  -9.862  95.561 0.0000000000
101038  5.700  -9.712  95.200 0.0000000000
102086  5.618  -9.519  94.916 0.0000000000
102094  6.029  -9.107  94.357 0.0000000000
88971  33.542  -21.569  92.228 0.0000000000
88959  33.418  -21.855  93.341 0.0000000000
90014  33.872  -21.077  91.642 0.0000000000
90013  34.620  -20.653  92.213 0.0000000000
90026  34.979  -20.485  90.895 0.0000000000
89037  39.390  -21.492  86.912 0.0000000000
89023  38.762  -21.547  87.593 0.0000000000
89022  39.724  -21.572  87.866 0.0000000000
88995  39.588  -21.526  89.415 0.0000000000
88981  39.833  -21.509  90.178 0.0000000000
88969  39.995  -21.433  90.912 0.0000000000
88994  40.341  -21.598  89.725 0.0000000000
89005  41.648  -21.206  89.650 0.0000000000
90047  42.116  -20.872  89.052 0.0000000000
87983  45.770  -22.919  85.660 0.0000000000
87984  45.090  -22.948  85.270 0.0000000000
87997  46.313  -22.344  85.103 0.0000000000
89069  45.949  -21.708  84.339 0.0000000000
90089  46.496  -20.865  84.022 0.0000000000
93364  47.452  -17.915  85.088 0.0000000000
92206  46.498  -17.880  85.142 0.0000000000
92181  44.636  -18.250  86.798 0.0000000000
92182  43.943  -18.756  87.206 0.0000000000
92165  44.421  -18.212  87.695 0.0000000000
93282  44.022  -17.469  88.426 0.0000000000
94447  44.578  -16.693  87.765 0.0000000000
96717  48.325  -14.320  83.609 0.0000000000
97867  48.264  -13.250  83.756 0.0000000000
97868  47.616  -13.477  83.275 0.0000000000
99026  47.147  -12.766  82.734 0.0000000000
100144  46.699  -12.372  82.150 0.0000000000
97890  45.342  -13.929  80.955 0.0000000000
86721  23.211  -24.029  96.318 0.0000000000
86713  23.914  -23.945  97.320 0.0000000000
68785  5.811  -39.264  101.799 0.0000000000
68796  5.566  -38.678  101.607 0.0000000000
70065  5.426  -38.253  101.344 0.0000000000
70077  5.334  -37.709  100.962 0.0000000000
70076  5.520  -37.251  101.144 0.0000000000
72403  5.984  -36.157  100.807 0.0000000000
72411  6.216  -35.611  100.342 0.0000000000
61218  12.473  -44.716  96.394 0.0000000000
60003  11.594  -45.560  97.182 0.0000000000
61219  11.542  -44.702  96.210 0.0000000000
62447  10.613  -44.083  95.958 0.0000000000
65016  10.096  -40.806  97.558 0.0000000000
65017  9.607  -40.916  98.148 0.0000000000
63685  8.928  -41.747  98.471 0.0000000000
66351  9.694  -39.700  98.677 0.0000000000
74666  15.945  -34.214  101.018 0.0000000000
73533  15.921  -34.904  101.305 0.0000000000
73534  15.431  -35.072  101.132 0.0000000000
72401  14.884  -35.767  101.131 0.0000000000
72407  13.064  -36.341  100.055 0.0000000000
71285  12.550  -36.704  100.455 0.0000000000
70071  11.589  -37.411  100.635 0.0000000000
70080  10.015  -37.163  100.509 0.0000000000
73583  11.143  -35.006  96.361 0.0000000000
72459  10.175  -35.429  97.518 0.0000000000
73568  8.500  -35.005  98.056 0.0000000000
73599  8.450  -33.754  95.817 0.0000000000
75875  9.436  -32.024  93.602 0.0000000000
79421  11.053  -28.842  95.894 0.0000000000
80602  11.141  -29.205  94.582 0.0000000000
81713  10.608  -27.591  95.737 0.0000000000
82884  10.300  -26.908  96.190 0.0000000000
82869  9.944  -27.242  97.461 0.0000000000
82828  12.785  -26.952  101.869 0.0000000000
81681  12.235  -27.341  101.982 0.0000000000
81676  12.501  -27.604  102.772 0.0000000000
81669  12.502  -27.800  103.704 0.0000000000
85462  13.309  -24.654  102.471 0.0000000000
84108  12.178  -25.582  103.250 0.0000000000
84095  11.146  -26.356  103.559 0.0000000000
81670  9.918  -27.565  103.754 0.0000000000
84096  10.062  -26.375  103.327 0.0000000000
84111  9.290  -25.809  102.739 0.0000000000
85466  9.759  -23.950  101.838 0.0000000000
86677  10.200  -23.441  101.417 0.0000000000
89935  11.115  -21.123  99.686 0.0000000000
90967  11.528  -19.320  99.446 0.0000000000
92005  10.701  -18.474  100.649 0.0000000000
93178  11.606  -16.985  100.222 0.0000000000
70099  32.719  -37.231  95.723 0.0000000000
68841  33.851  -38.469  95.072 0.0000000000
67639  34.409  -39.003  94.847 0.0000000000
91157  22.717  -19.371  81.278 0.0000000000
93424  22.593  -17.769  80.836 0.0000000000
92299  23.037  -18.464  81.162 0.0000000000
92298  23.841  -18.395  81.611 0.0000000000
90120  26.689  -21.018  82.367 0.0000000000
91141  25.777  -19.393  83.387 0.0000000000
80695  29.340  -28.677  84.858 0.0000000000
80709  28.917  -28.445  84.245 0.0000000000
80708  29.528  -28.157  84.573 0.0000000000
81852  29.453  -27.154  84.174 0.0000000000
83036  29.529  -26.280  84.472 0.0000000000
85618  29.598  -24.528  86.446 0.0000000000
87990  29.437  -22.823  85.646 0.0000000000
89062  29.532  -21.875  85.194 0.0000000000
90081  29.612  -20.765  85.380 0.0000000000
91100  29.586  -20.092  85.794 0.0000000000
91088  29.729  -19.613  86.626 0.0000000000
92190  28.758  -18.814  87.094 0.0000000000
91087  30.457  -20.239  87.107 0.0000000000
91079  30.557  -19.887  87.714 0.0000000000
87940  30.219  -23.059  89.584 0.0000000000
86780  30.296  -23.787  90.359 0.0000000000
87931  30.375  -23.029  90.600 0.0000000000
88986  30.739  -22.266  90.813 0.0000000000
87921  30.549  -22.983  91.521 0.0000000000
86757  30.842  -23.462  92.059 0.0000000000
86756  31.172  -23.543  92.517 0.0000000000
86766  31.634  -23.622  92.111 0.0000000000
85632  33.387  -24.268  85.671 0.0000000000
86848  33.382  -23.328  85.628 0.0000000000
85631  34.080  -24.092  85.144 0.0000000000
85648  34.672  -24.012  84.786 0.0000000000
86861  35.582  -23.392  84.354 0.0000000000
86860  36.257  -23.408  84.135 0.0000000000
84348  37.184  -24.997  84.417 0.0000000000
84329  38.491  -25.825  85.541 0.0000000000
80622  36.255  -28.166  91.747 0.0000000000
81750  36.792  -27.543  91.129 0.0000000000
81749  37.377  -26.962  91.456 0.0000000000
82932  37.693  -26.452  90.505 0.0000000000
82922  40.509  -27.450  91.772 0.0000000000
82929  40.522  -27.074  91.023 0.0000000000
82937  40.550  -26.882  89.898 0.0000000000
82956  40.178  -26.648  88.679 0.0000000000
80639  42.768  -28.605  88.839 0.0000000000
98834  13.769  -12.920  101.636 0.0000000000
98845  13.345  -12.716  101.118 0.0000000000
98856  13.763  -12.037  100.617 0.0000000000
99940  14.211  -11.215  100.297 0.0000000000
77055  3.844  -32.125  96.345 0.0000000000
74705  3.711  -33.046  96.621 0.0000000000
74720  3.699  -33.006  95.825 0.0000000000
73602  4.610  -33.855  95.841 0.0000000000
72481  7.153  -35.410  93.428 0.0000000000
72482  6.734  -34.967  93.831 0.0000000000
71358  7.569  -35.903  93.609 0.0000000000
74782  4.654  -33.468  88.787 0.0000000000
74781  5.612  -33.601  89.592 0.0000000000
73661  5.064  -34.291  89.052 0.0000000000
71407  6.695  -36.134  89.596 0.0000000000
87954  11.085  -22.902  88.159 0.0000000000
86825  11.200  -23.544  87.824 0.0000000000
89033  12.101  -21.706  87.028 0.0000000000
93334  11.344  -18.111  87.212 0.0000000000
91093  11.890  -19.573  86.461 0.0000000000
92194  11.429  -18.645  86.643 0.0000000000
90085  11.871  -20.569  84.778 0.0000000000
89080  11.658  -21.737  84.102 0.0000000000
91126  11.478  -20.314  84.680 0.0000000000
91127  10.874  -20.150  84.480 0.0000000000
90098  10.335  -20.857  83.983 0.0000000000
94427  3.515  -15.689  89.332 0.0000000000
93318  4.873  -17.765  87.058 0.0000000000
90989  34.763  -18.898  96.322 0.0000000000
93202  34.091  -17.648  95.190 0.0000000000
92058  34.599  -17.661  94.944 0.0000000000
93213  35.070  -17.242  94.600 0.0000000000
95487  35.381  -15.824  94.956 0.0000000000
95529  36.464  -15.509  91.919 0.0000000000
95518  35.886  -14.617  92.608 0.0000000000
97996  55.350  -13.841  74.524 0.0000000000
99154  55.777  -13.071  74.480 0.0000000000
100270  56.257  -11.842  73.863 0.0000000000
103283  47.575  -8.486  82.695 0.0000000000
104408  48.756  -7.754  80.833 0.0000000000
100200  51.295  -11.180  80.058 0.0000000000
101245  51.639  -10.171  80.114 0.0000000000
101244  52.514  -10.395  80.354 0.0000000000
102264  52.742  -9.985  80.174 0.0000000000
100183  53.042  -11.290  80.612 0.0000000000
99062  53.509  -12.287  80.554 0.0000000000
91191  53.283  -18.604  76.812 0.0000000000
92360  53.310  -18.327  77.489 0.0000000000
92341  53.994  -17.978  78.851 0.0000000000
92359  53.927  -18.374  77.563 0.0000000000
92358  54.421  -17.984  78.079 0.0000000000
94613  54.959  -17.136  77.680 0.0000000000
94635  55.284  -16.875  76.881 0.0000000000
93502  55.316  -17.604  76.646 0.0000000000
92387  55.430  -17.873  75.669 0.0000000000
92411  55.565  -17.754  74.738 0.0000000000
93545  55.288  -16.760  72.636 0.0000000000
94675  55.419  -16.022  72.264 0.0000000000
70167  18.496  -38.195  89.595 0.0000000000
70184  18.514  -38.066  88.605 0.0000000000
68931  19.118  -38.270  88.139 0.0000000000
68929  20.329  -39.071  88.614 0.0000000000
68930  19.739  -38.680  88.347 0.0000000000
68944  19.047  -38.082  87.541 0.0000000000
68960  19.637  -38.222  86.715 0.0000000000
70237  19.888  -38.140  86.192 0.0000000000
70260  20.201  -37.582  85.557 0.0000000000
67654  23.666  -40.389  95.038 0.0000000000
68865  22.889  -39.582  94.275 0.0000000000
68874  22.291  -39.494  93.269 0.0000000000
67674  22.153  -39.741  92.170 0.0000000000
68886  20.930  -39.086  92.130 0.0000000000
61239  25.135  -44.782  94.808 0.0000000000
62469  24.626  -43.796  95.030 0.0000000000
63744  24.316  -42.864  95.146 0.0000000000
65095  23.716  -42.066  93.661 0.0000000000
65083  23.828  -41.940  94.573 0.0000000000
65134  26.280  -41.920  88.952 0.0000000000
63791  25.846  -42.711  89.374 0.0000000000
62515  25.550  -43.346  89.885 0.0000000000
62495  25.179  -44.266  91.052 0.0000000000
61261  25.047  -44.488  91.795 0.0000000000
61244  24.794  -44.634  93.646 0.0000000000
70259  21.457  -37.487  85.362 0.0000000000
67730  23.304  -40.096  87.406 0.0000000000
67729  24.346  -40.176  87.031 0.0000000000
66478  25.599  -41.092  87.870 0.0000000000
99934  8.223  -10.729  102.113 0.0000000000
99945  8.359  -10.446  101.542 0.0000000000
100994  8.861  -10.554  100.523 0.0000000000
101004  9.114  -10.258  99.768 0.0000000000
101003  9.690  -10.758  99.401 0.0000000000
101013  9.412  -9.874  99.043 0.0000000000
101012  9.916  -10.311  98.819 0.0000000000
102049  10.574  -9.365  98.287 0.0000000000
103106  11.207  -8.376  98.238 0.0000000000
89910  8.999  -20.321  102.820 0.0000000000
89907  8.543  -20.453  103.372 0.0000000000
90941  8.827  -19.582  103.054 0.0000000000
91984  8.017  -18.692  103.874 0.0000000000
93133  7.446  -18.386  104.171 0.0000000000
94274  7.509  -17.592  104.081 0.0000000000
94275  7.050  -17.062  104.033 0.0000000000
95415  6.803  -16.107  104.136 0.0000000000
95416  6.104  -15.918  104.065 0.0000000000
97695  8.491  -13.853  103.432 0.0000000000
99924  8.115  -11.988  102.863 0.0000000000
79535  43.377  -28.180  85.467 0.0000000000
79534  43.968  -27.623  85.214 0.0000000000
79552  43.404  -27.751  84.763 0.0000000000
57413  9.725  -48.170  100.251 0.0000000000
58776  8.843  -45.718  98.412 0.0000000000
82883  13.918  -26.723  95.172 0.0000000000
82873  14.609  -25.719  96.020 0.0000000000
84190  14.960  -25.374  96.368 0.0000000000
84163  17.636  -25.888  97.898 0.0000000000
84165  15.413  -24.929  98.111 0.0000000000
85488  15.858  -24.832  98.719 0.0000000000
85478  15.713  -24.879  99.198 0.0000000000
84150  15.539  -25.155  99.695 0.0000000000
84135  16.168  -25.438  100.317 0.0000000000
82836  19.663  -26.362  101.056 0.0000000000
82821  19.805  -25.905  102.060 0.0000000000
74692  34.082  -33.483  95.957 0.0000000000
71342  34.627  -36.540  93.818 0.0000000000
78274  26.719  -30.345  93.660 0.0000000000
78296  27.582  -30.372  92.670 0.0000000000
78253  28.170  -30.219  94.567 0.0000000000
78252  29.135  -30.175  94.504 0.0000000000
79405  29.282  -30.050  96.260 0.0000000000
78235  29.412  -29.970  95.162 0.0000000000
78251  30.006  -30.006  94.525 0.0000000000
79427  30.539  -29.725  94.919 0.0000000000
79426  31.509  -29.525  95.110 0.0000000000
79425  32.544  -29.219  95.303 0.0000000000
79424  33.258  -28.781  95.606 0.0000000000
79413  32.732  -28.874  96.265 0.0000000000
80570  34.036  -29.120  96.908 0.0000000000
79388  33.500  -29.635  97.208 0.0000000000
79387  34.414  -29.445  96.817 0.0000000000
78223  34.644  -30.420  96.683 0.0000000000
79499  5.650  -28.916  87.912 0.0000000000
79515  4.955  -29.337  87.425 0.0000000000
78377  5.658  -30.265  87.265 0.0000000000
77189  5.849  -31.444  86.324 0.0000000000
78391  7.485  -30.731  86.598 0.0000000000
77188  6.827  -31.391  86.240 0.0000000000
77209  6.290  -31.921  85.907 0.0000000000
74835  6.525  -33.392  85.315 0.0000000000
74849  6.696  -34.028  84.713 0.0000000000
73738  6.810  -34.801  84.007 0.0000000000
72613  6.519  -35.238  83.765 0.0000000000
73737  7.221  -34.754  83.534 0.0000000000
73744  7.977  -34.110  82.624 0.0000000000
76038  8.908  -32.858  83.404 0.0000000000
74861  8.442  -33.586  82.804 0.0000000000
73756  7.263  -34.383  81.500 0.0000000000
74871  7.753  -33.676  81.470 0.0000000000
79574  10.478  -29.641  83.101 0.0000000000
79588  10.160  -29.552  82.362 0.0000000000
80742  10.018  -28.625  82.136 0.0000000000
81871  11.168  -27.276  83.030 0.0000000000
104530  57.315  -7.481  69.136 0.0000000000
103439  57.347  -8.494  68.427 0.0000000000
84213  16.774  -25.394  93.521 0.0000000000
85534  16.638  -25.398  93.086 0.0000000000
85540  16.573  -25.129  92.362 0.0000000000
85550  16.433  -24.831  91.343 0.0000000000
85549  16.921  -24.073  90.829 0.0000000000
86785  17.646  -23.590  90.236 0.0000000000
86798  18.505  -23.536  89.660 0.0000000000
79547  15.541  -29.894  85.525 0.0000000000
80701  15.620  -28.974  85.680 0.0000000000
81832  16.133  -27.698  85.621 0.0000000000
83029  16.781  -26.989  85.631 0.0000000000
83014  18.410  -26.428  85.858 0.0000000000
81814  19.283  -26.991  85.900 0.0000000000
83013  19.545  -26.235  86.264 0.0000000000
83012  20.612  -26.237  86.685 0.0000000000
83009  22.915  -26.109  86.557 0.0000000000
85619  23.218  -25.182  86.669 0.0000000000
86851  22.556  -24.036  86.244 0.0000000000
85651  22.583  -25.075  84.742 0.0000000000
88026  20.878  -22.628  83.020 0.0000000000
88037  21.137  -22.215  82.165 0.0000000000
62442  16.651  -43.127  96.375 0.0000000000
63732  17.089  -42.701  95.675 0.0000000000
63746  17.439  -42.050  94.920 0.0000000000
65070  18.076  -41.361  94.671 0.0000000000
66413  18.403  -40.511  94.836 0.0000000000
67644  18.992  -39.747  95.956 0.0000000000
70128  18.307  -37.406  94.696 0.0000000000
70129  16.970  -36.960  94.705 0.0000000000
71356  15.533  -35.711  93.740 0.0000000000
71346  15.963  -35.946  94.760 0.0000000000
72473  15.560  -34.996  94.529 0.0000000000
73608  15.580  -34.292  95.018 0.0000000000
75871  15.156  -32.941  94.291 0.0000000000
78300  14.279  -30.516  92.958 0.0000000000
81743  15.421  -27.304  92.825 0.0000000000
62384  23.326  -44.028  99.310 0.0000000000
61171  23.123  -44.315  99.337 0.0000000000
62385  22.975  -44.072  99.437 0.0000000000
62386  22.160  -44.123  99.645 0.0000000000
62387  21.394  -43.977  99.611 0.0000000000
61174  21.062  -44.410  99.673 0.0000000000
61175  20.315  -44.515  99.692 0.0000000000
61176  19.567  -44.575  99.672 0.0000000000
62391  18.569  -44.380  99.474 0.0000000000
62411  18.355  -43.964  99.325 0.0000000000
62412  17.540  -44.217  99.092 0.0000000000
72470  29.334  -35.176  94.263 0.0000000000
70123  30.584  -37.176  94.004 0.0000000000
68873  30.788  -38.258  93.465 0.0000000000
70136  30.493  -37.796  93.082 0.0000000000
67663  31.009  -38.827  93.593 0.0000000000
62468  32.113  -43.547  93.484 0.0000000000
58789  29.232  -47.211  94.571 0.0000000000
54964  28.653  -48.986  95.417 0.0000000000
53691  28.469  -49.461  95.130 0.0000000000
86894  21.587  -23.226  82.346 0.0000000000
83064  22.635  -26.467  82.445 0.0000000000
83087  22.865  -26.379  81.857 0.0000000000
81894  22.812  -27.061  81.807 0.0000000000
79586  22.355  -29.537  82.634 0.0000000000
73687  23.188  -34.524  87.275 0.0000000000
73671  22.849  -34.203  88.355 0.0000000000
73656  22.369  -33.923  89.378 0.0000000000
73653  25.540  -34.677  89.363 0.0000000000
73644  23.855  -34.073  90.014 0.0000000000
73645  23.007  -33.994  89.987 0.0000000000
74767  22.149  -33.642  90.471 0.0000000000
74759  22.012  -33.215  91.637 0.0000000000
74749  22.053  -32.758  92.188 0.0000000000
75889  21.967  -32.428  92.284 0.0000000000
74748  22.828  -32.807  92.316 0.0000000000
73632  26.757  -34.230  91.734 0.0000000000
73625  26.950  -33.999  92.569 0.0000000000
74735  27.082  -33.649  93.568 0.0000000000
73615  28.424  -34.259  93.975 0.0000000000
104224  3.414  -7.360  95.804 0.0000000000
105341  2.865  -6.127  95.561 0.0000000000
105342  2.585  -5.637  95.719 0.0000000000
107412  2.621  -4.537  96.080 0.0000000000
108485  2.806  -3.808  96.241 0.0000000000
108472  8.163  -3.820  96.903 0.0000000000
108480  7.611  -3.548  96.666 0.0000000000
109563  7.942  -3.242  96.756 0.0000000000
109557  7.306  -2.213  97.078 0.0000000000
110719  6.336  -1.059  98.866 0.0000000000
81731  9.255  -27.580  93.418 0.0000000000
81732  8.202  -27.610  93.504 0.0000000000
82908  8.676  -26.787  93.612 0.0000000000
82897  8.195  -26.168  94.021 0.0000000000
84202  7.320  -24.927  95.298 0.0000000000
84203  6.653  -24.862  94.895 0.0000000000
85517  6.069  -24.723  95.014 0.0000000000
85518  5.172  -24.654  95.300 0.0000000000
87798  4.824  -23.072  102.263 0.0000000000
86696  4.457  -23.395  100.443 0.0000000000
87835  4.401  -22.839  98.858 0.0000000000
86702  5.451  -23.032  99.635 0.0000000000
87847  4.822  -22.756  98.120 0.0000000000
87863  4.352  -22.461  96.381 0.0000000000
87889  4.903  -22.351  94.495 0.0000000000
87900  6.817  -22.571  93.693 0.0000000000
87873  7.157  -22.504  95.611 0.0000000000
87887  6.982  -22.540  94.644 0.0000000000
87899  7.824  -22.309  93.781 0.0000000000
88965  8.541  -21.947  92.983 0.0000000000
88964  9.316  -21.525  93.154 0.0000000000
88953  10.079  -21.304  94.400 0.0000000000
88938  10.420  -21.047  96.068 0.0000000000
89977  10.807  -20.523  95.308 0.0000000000
91009  10.849  -19.258  96.043 0.0000000000
92052  10.326  -18.567  96.587 0.0000000000
92053  9.662  -17.944  96.786 0.0000000000
97728  6.916  -13.937  100.952 0.0000000000
96569  6.904  -14.458  100.396 0.0000000000
98860  8.321  -12.936  99.487 0.0000000000
99946  7.796  -11.565  99.811 0.0000000000
98870  8.285  -12.275  99.433 0.0000000000
99956  8.916  -12.255  98.316 0.0000000000
99963  9.140  -11.829  97.688 0.0000000000
99968  9.232  -11.622  96.846 0.0000000000
99971  9.058  -11.353  96.205 0.0000000000
101020  8.775  -10.998  97.097 0.0000000000
102075  7.429  -10.081  96.765 0.0000000000
102076  6.776  -9.875  96.676 0.0000000000
102064  6.340  -9.617  97.610 0.0000000000
102088  4.308  -9.275  95.907 0.0000000000
89026  35.680  -21.158  87.581 0.0000000000
89011  35.481  -20.990  88.362 0.0000000000
89039  37.465  -21.558  86.484 0.0000000000
89091  38.693  -22.081  84.383 0.0000000000
89073  38.949  -21.647  85.061 0.0000000000
89055  39.116  -21.438  85.978 0.0000000000
90079  40.436  -20.715  85.753 0.0000000000
90090  40.978  -20.292  85.298 0.0000000000
89035  48.507  -22.334  85.834 0.0000000000
89052  48.227  -21.772  85.432 0.0000000000
89051  49.017  -21.669  85.642 0.0000000000
90077  48.777  -20.677  85.285 0.0000000000
91113  48.501  -19.729  84.894 0.0000000000
91095  49.562  -19.495  85.156 0.0000000000
92230  48.696  -19.124  85.003 0.0000000000
92231  48.137  -18.649  84.841 0.0000000000
93363  47.993  -17.974  85.080 0.0000000000
94469  47.373  -16.093  86.449 0.0000000000
94488  49.565  -16.477  85.431 0.0000000000
96687  48.719  -13.866  85.755 0.0000000000
97838  48.450  -13.186  85.660 0.0000000000
97837  48.880  -12.947  85.152 0.0000000000
97853  48.956  -13.237  84.787 0.0000000000
95651  49.345  -15.516  83.871 0.0000000000
96716  48.860  -14.882  83.813 0.0000000000
95653  47.930  -15.107  83.171 0.0000000000
95665  47.228  -15.480  82.700 0.0000000000
86747  24.027  -23.704  93.821 0.0000000000
88944  23.610  -21.970  94.196 0.0000000000
89975  22.392  -20.308  93.478 0.0000000000
91018  22.414  -19.754  94.069 0.0000000000
64986  5.353  -41.565  101.325 0.0000000000
66328  6.307  -40.444  101.580 0.0000000000
67561  6.055  -39.825  101.770 0.0000000000
68784  6.280  -39.213  101.820 0.0000000000
66400  12.897  -40.952  95.130 0.0000000000
66401  12.132  -41.170  95.344 0.0000000000
66363  12.602  -39.915  96.886 0.0000000000
66347  14.308  -40.018  98.042 0.0000000000
66348  13.332  -39.710  97.896 0.0000000000
67602  13.020  -39.246  98.689 0.0000000000
67588  12.780  -38.658  99.582 0.0000000000
75795  14.554  -32.344  99.388 0.0000000000
74671  14.719  -33.435  99.643 0.0000000000
74673  14.437  -33.212  98.834 0.0000000000
74685  14.210  -33.620  98.342 0.0000000000
72427  14.309  -34.774  98.827 0.0000000000
72428  13.762  -35.145  98.414 0.0000000000
72457  11.908  -35.299  96.921 0.0000000000
74700  12.988  -33.894  96.048 0.0000000000
73582  12.191  -34.822  96.290 0.0000000000
73609  11.243  -34.087  95.127 0.0000000000
73610  10.685  -33.939  94.908 0.0000000000
75857  10.865  -32.844  93.996 0.0000000000
77079  11.587  -31.618  94.094 0.0000000000
78243  11.839  -30.285  95.625 0.0000000000
80576  10.524  -28.367  97.427 0.0000000000
80568  10.032  -28.322  98.762 0.0000000000
84091  15.587  -25.822  104.103 0.0000000000
85447  14.553  -24.826  103.156 0.0000000000
86658  14.383  -24.482  102.613 0.0000000000
85461  14.007  -24.580  102.717 0.0000000000
86674  12.891  -24.284  101.533 0.0000000000
86691  12.262  -23.662  100.752 0.0000000000
86692  11.325  -23.601  100.820 0.0000000000
87829  12.173  -22.600  99.727 0.0000000000
88905  12.897  -21.446  98.713 0.0000000000
88904  13.675  -21.677  98.630 0.0000000000
89933  12.670  -20.270  98.539 0.0000000000
63723  33.912  -41.828  93.843 0.0000000000
65047  34.502  -40.924  93.778 0.0000000000
88044  25.201  -22.473  80.842 0.0000000000
89110  24.873  -21.529  81.121 0.0000000000
88043  26.154  -22.478  81.349 0.0000000000
88036  26.843  -22.540  81.916 0.0000000000
88035  27.422  -22.629  82.485 0.0000000000
88025  27.920  -22.731  83.012 0.0000000000
79521  30.992  -28.964  86.454 0.0000000000
80693  30.551  -28.346  85.596 0.0000000000
80692  31.077  -28.153  85.906 0.0000000000
81823  30.799  -27.365  85.650 0.0000000000
84335  30.358  -25.777  86.139 0.0000000000
86836  29.467  -23.790  87.039 0.0000000000
87959  29.711  -23.160  87.550 0.0000000000
86808  29.713  -23.952  88.495 0.0000000000
85567  30.234  -24.547  89.020 0.0000000000
84261  30.732  -25.329  88.596 0.0000000000
85565  32.155  -24.717  89.596 0.0000000000
84311  32.900  -25.604  86.748 0.0000000000
85616  33.253  -24.895  86.008 0.0000000000
84308  35.656  -25.566  86.311 0.0000000000
82887  38.109  -27.525  94.442 0.0000000000
82901  38.206  -26.898  93.754 0.0000000000
82900  38.926  -27.491  93.688 0.0000000000
82899  39.484  -27.810  93.263 0.0000000000
79456  39.766  -29.328  92.813 0.0000000000
80620  40.265  -28.869  92.471 0.0000000000
81739  40.531  -28.234  92.238 0.0000000000
81738  40.780  -28.425  92.000 0.0000000000
80627  41.135  -28.993  91.463 0.0000000000
80634  41.605  -29.128  90.801 0.0000000000
80633  42.097  -28.935  90.210 0.0000000000
79473  41.661  -29.532  90.248 0.0000000000
77138  40.893  -30.586  89.231 0.0000000000
77153  40.107  -31.296  89.554 0.0000000000
77099  3.791  -31.402  94.044 0.0000000000
75862  4.340  -32.573  94.509 0.0000000000
75879  4.320  -32.087  93.969 0.0000000000
75878  5.021  -32.659  93.955 0.0000000000
75877  5.511  -32.930  93.665 0.0000000000
77110  5.731  -31.927  92.567 0.0000000000
75891  5.758  -32.717  93.214 0.0000000000
72490  6.906  -35.026  92.910 0.0000000000
72498  7.428  -35.701  92.218 0.0000000000
71441  5.553  -36.709  87.390 0.0000000000
70208  6.524  -37.013  87.960 0.0000000000
70223  7.827  -37.480  87.509 0.0000000000
92131  11.195  -18.341  90.425 0.0000000000
92150  11.278  -18.264  89.457 0.0000000000
93280  11.067  -17.405  89.018 0.0000000000
93295  11.027  -17.373  88.238 0.0000000000
94422  10.064  -15.970  89.314 0.0000000000
93296  10.639  -16.852  88.476 0.0000000000
93312  11.194  -17.748  87.674 0.0000000000
93313  10.385  -17.130  87.549 0.0000000000
93336  9.788  -17.619  86.562 0.0000000000
90996  38.416  -19.022  94.909 0.0000000000
93211  37.062  -17.386  94.905 0.0000000000
93210  37.864  -17.718  94.969 0.0000000000
94362  38.094  -16.674  94.385 0.0000000000
94375  37.935  -16.032  93.909 0.0000000000
93241  38.771  -17.429  93.044 0.0000000000
94386  37.833  -16.247  92.948 0.0000000000
94387  37.061  -15.691  92.427 0.0000000000
95544  36.474  -15.885  91.402 0.0000000000
95545  35.719  -15.645  90.958 0.0000000000
96838  50.980  -14.171  75.194 0.0000000000
98018  53.868  -14.047  73.437 0.0000000000
96852  53.941  -15.089  74.406 0.0000000000
96850  55.539  -14.641  74.921 0.0000000000
102266  48.549  -8.899  81.302 0.0000000000
100202  48.988  -11.102  79.236 0.0000000000
100201  50.163  -11.258  79.493 0.0000000000
91219  54.635  -19.439  74.238 0.0000000000
77134  14.286  -31.364  90.244 0.0000000000
75923  14.335  -32.148  89.769 0.0000000000
74779  14.437  -32.760  89.365 0.0000000000
75937  14.406  -32.184  88.887 0.0000000000
74791  14.569  -32.971  88.648 0.0000000000
77174  14.610  -31.550  87.442 0.0000000000
77187  14.804  -31.594  86.834 0.0000000000
77186  15.123  -31.634  86.181 0.0000000000
72548  16.319  -35.907  87.896 0.0000000000
71439  17.299  -36.662  86.942 0.0000000000
71440  16.813  -36.347  87.407 0.0000000000
74819  15.255  -33.307  86.564 0.0000000000
75971  15.210  -32.482  86.341 0.0000000000
78407  15.525  -30.776  85.495 0.0000000000
78406  16.039  -30.775  84.942 0.0000000000
79560  16.741  -30.224  84.796 0.0000000000
74846  16.941  -32.901  84.880 0.0000000000
77221  17.024  -31.580  84.649 0.0000000000
79545  17.203  -29.831  84.900 0.0000000000
79544  17.990  -29.599  85.490 0.0000000000
63702  21.138  -42.162  97.350 0.0000000000
63712  20.938  -41.701  96.836 0.0000000000
65025  21.287  -41.602  96.992 0.0000000000
65037  21.663  -40.720  96.940 0.0000000000
67610  22.490  -39.743  97.035 0.0000000000
68848  21.841  -38.243  96.754 0.0000000000
68857  22.917  -39.326  94.836 0.0000000000
68868  20.907  -38.300  94.124 0.0000000000
70125  21.379  -38.085  94.916 0.0000000000
70126  20.790  -37.971  94.684 0.0000000000
70127  19.607  -37.718  94.784 0.0000000000
71363  16.048  -36.655  92.760 0.0000000000
71373  15.619  -36.206  92.012 0.0000000000
53669  25.657  -48.542  96.093 0.0000000000
53670  25.236  -48.410  96.321 0.0000000000
54940  25.709  -48.159  96.558 0.0000000000
54930  25.457  -47.643  97.050 0.0000000000
56203  25.236  -47.204  97.327 0.0000000000
57428  25.826  -46.528  97.088 0.0000000000
58766  25.239  -45.960  97.638 0.0000000000
58749  24.759  -45.235  98.146 0.0000000000
61185  24.313  -44.241  98.689 0.0000000000
61215  25.351  -44.519  96.277 0.0000000000
62430  24.987  -43.313  96.769 0.0000000000
62429  25.121  -43.682  97.042 0.0000000000
61201  25.119  -44.241  97.476 0.0000000000
61195  24.943  -44.189  97.914 0.0000000000
62394  24.742  -43.936  98.162 0.0000000000
62396  23.484  -43.665  99.115 0.0000000000
63670  22.892  -43.163  98.993 0.0000000000
64998  22.544  -43.015  98.838 0.0000000000
65005  23.304  -42.198  98.439 0.0000000000
65006  22.716  -42.508  98.557 0.0000000000
63701  21.779  -42.173  97.699 0.0000000000
70166  28.957  -37.800  90.089 0.0000000000
67687  29.451  -39.575  90.499 0.0000000000
63766  29.487  -42.262  91.147 0.0000000000
63777  28.607  -42.249  90.352 0.0000000000
63767  28.934  -42.731  90.822 0.0000000000
62494  29.051  -43.208  91.102 0.0000000000
60048  29.162  -44.586  91.591 0.0000000000
60041  28.829  -45.586  92.153 0.0000000000
62514  26.363  -43.227  89.825 0.0000000000
61259  27.163  -45.178  91.136 0.0000000000
60052  26.652  -45.586  91.822 0.0000000000
60051  27.333  -45.704  91.862 0.0000000000
60042  27.926  -45.991  92.367 0.0000000000
58803  28.668  -46.565  93.550 0.0000000000
58797  28.583  -46.972  94.166 0.0000000000
57468  28.156  -47.575  95.208 0.0000000000
57455  28.022  -47.715  95.377 0.0000000000
57444  27.431  -47.707  95.610 0.0000000000
54938  27.205  -48.006  95.957 0.0000000000
54952  26.377  -48.661  95.932 0.0000000000
79543  19.351  -29.338  85.971 0.0000000000
77185  18.678  -31.068  86.463 0.0000000000
75991  19.188  -32.317  86.115 0.0000000000
73712  19.557  -33.722  85.188 0.0000000000
74829  19.460  -33.130  85.655 0.0000000000
74818  19.536  -32.656  86.404 0.0000000000
74817  20.105  -33.032  86.826 0.0000000000
73699  23.442  -34.980  86.498 0.0000000000
71474  22.144  -36.531  85.169 0.0000000000
71473  23.272  -36.477  85.514 0.0000000000
71472  23.797  -36.838  85.585 0.0000000000
72574  23.339  -35.769  85.740 0.0000000000
72561  23.155  -35.278  85.986 0.0000000000
72546  25.613  -35.647  87.594 0.0000000000
72545  26.264  -35.808  87.987 0.0000000000
70214  27.139  -37.763  87.775 0.0000000000
71420  26.899  -36.454  88.146 0.0000000000
71402  27.092  -35.972  88.696 0.0000000000
71401  27.632  -36.527  89.063 0.0000000000
103096  5.005  -8.245  100.096 0.0000000000
104170  5.381  -7.834  100.623 0.0000000000
106348  7.671  -5.638  97.695 0.0000000000
102028  8.053  -9.149  100.635 0.0000000000
103094  8.046  -8.286  100.090 0.0000000000
104195  8.210  -7.551  99.490 0.0000000000
107400  8.500  -4.682  97.432 0.0000000000
108470  9.892  -3.951  97.733 0.0000000000
109555  9.705  -2.830  97.698 0.0000000000
82831  6.528  -27.057  101.987 0.0000000000
82844  6.182  -26.278  100.919 0.0000000000
82817  5.590  -26.298  102.524 0.0000000000
84113  4.980  -25.812  102.539 0.0000000000
85435  6.547  -24.119  103.841 0.0000000000
84101  5.274  -25.381  103.023 0.0000000000
84102  4.702  -24.980  102.925 0.0000000000
85454  4.444  -24.498  102.851 0.0000000000
86661  4.270  -23.781  102.438 0.0000000000
88868  7.808  -21.138  104.191 0.0000000000
88869  7.325  -21.342  104.662 0.0000000000
88870  6.731  -21.730  104.852 0.0000000000
89905  6.439  -20.417  104.844 0.0000000000
89901  6.160  -20.942  105.023 0.0000000000
87773  5.890  -21.744  104.780 0.0000000000
87787  4.970  -23.037  103.169 0.0000000000
87797  5.442  -22.620  102.095 0.0000000000
88877  5.766  -20.982  103.066 0.0000000000
87795  6.924  -21.784  101.544 0.0000000000
88895  7.647  -21.331  101.165 0.0000000000
88894  8.167  -20.866  100.664 0.0000000000
89926  8.129  -20.161  100.799 0.0000000000
90959  7.704  -19.594  101.138 0.0000000000
93153  6.229  -17.685  101.577 0.0000000000
93165  6.031  -17.001  100.912 0.0000000000
94312  5.700  -16.378  100.725 0.0000000000
95459  5.570  -15.619  101.068 0.0000000000
95458  5.871  -15.223  100.963 0.0000000000
95422  5.754  -15.414  103.818 0.0000000000
96539  5.504  -14.983  102.861 0.0000000000
97698  6.311  -13.985  103.094 0.0000000000
97719  7.155  -13.250  101.234 0.0000000000
85615  42.941  -25.097  85.986 0.0000000000
85627  42.683  -24.615  85.394 0.0000000000
85614  43.820  -24.781  86.223 0.0000000000
86833  44.725  -24.083  86.098 0.0000000000
86832  45.410  -23.848  86.290 0.0000000000
85597  45.714  -24.579  86.729 0.0000000000
86831  46.171  -23.722  86.510 0.0000000000
87967  46.222  -23.194  86.150 0.0000000000
87965  47.556  -23.124  86.313 0.0000000000
87964  48.208  -23.032  86.124 0.0000000000
81820  45.793  -26.556  85.430 0.0000000000
81835  46.422  -26.120  85.064 0.0000000000
82996  47.371  -25.161  85.871 0.0000000000
85611  48.122  -24.515  85.889 0.0000000000
86828  48.089  -23.764  86.211 0.0000000000
87963  48.662  -22.893  86.168 0.0000000000
87979  49.258  -22.380  85.532 0.0000000000
87995  49.686  -22.300  84.928 0.0000000000
89066  49.935  -21.598  84.414 0.0000000000
88014  48.534  -22.840  83.494 0.0000000000
88013  49.284  -22.227  83.843 0.0000000000
89083  50.018  -21.166  83.894 0.0000000000
89099  49.629  -21.174  83.260 0.0000000000
90126  49.504  -20.248  82.423 0.0000000000
90127  49.109  -20.162  81.850 0.0000000000
91154  48.838  -19.529  81.693 0.0000000000
90137  48.516  -20.336  81.423 0.0000000000
61167  7.095  -44.041  100.030 0.0000000000
61168  6.796  -44.136  100.325 0.0000000000
64992  7.584  -41.388  100.614 0.0000000000
72405  17.357  -35.916  100.467 0.0000000000
71282  17.058  -36.637  100.770 0.0000000000
73536  16.751  -34.637  100.688 0.0000000000
74667  16.315  -33.856  100.534 0.0000000000
75793  16.064  -32.538  99.167 0.0000000000
77022  14.671  -31.421  99.317 0.0000000000
79393  14.213  -29.857  98.143 0.0000000000
78207  14.323  -30.356  98.579 0.0000000000
77023  14.180  -31.407  99.263 0.0000000000
78201  13.886  -30.974  99.161 0.0000000000
80575  12.743  -28.332  97.777 0.0000000000
79384  11.934  -29.214  98.070 0.0000000000
80566  11.364  -28.542  98.310 0.0000000000
82841  11.819  -26.912  100.770 0.0000000000
84139  12.679  -26.124  100.415 0.0000000000
82840  12.526  -26.448  101.006 0.0000000000
82812  13.367  -27.133  102.471 0.0000000000
81667  14.638  -27.175  103.621 0.0000000000
81659  15.115  -26.986  104.056 0.0000000000
82824  16.398  -26.207  101.983 0.0000000000
82795  16.002  -26.601  103.541 0.0000000000
81665  15.959  -26.784  103.723 0.0000000000
82784  16.242  -26.351  103.876 0.0000000000
84082  15.963  -26.214  104.126 0.0000000000
75905  37.031  -31.873  90.893 0.0000000000
75897  34.963  -32.130  91.498 0.0000000000
75898  34.134  -32.688  91.210 0.0000000000
75848  34.973  -32.441  94.953 0.0000000000
74734  34.264  -33.139  93.694 0.0000000000
73622  33.628  -33.979  92.622 0.0000000000
73630  33.278  -34.429  91.995 0.0000000000
79541  26.588  -30.230  84.936 0.0000000000
79540  27.306  -29.966  85.325 0.0000000000
79524  28.190  -29.875  86.165 0.0000000000
78366  27.989  -30.194  87.814 0.0000000000
79523  29.232  -29.587  86.188 0.0000000000
78311  28.451  -30.426  91.719 0.0000000000
78325  29.308  -30.532  90.800 0.0000000000
78351  29.971  -30.447  88.847 0.0000000000
79496  30.062  -30.314  88.084 0.0000000000
79505  32.080  -29.204  87.612 0.0000000000
79486  32.402  -30.341  89.486 0.0000000000
80652  33.068  -29.331  88.316 0.0000000000
79492  34.243  -29.227  88.631 0.0000000000
80650  34.571  -28.702  88.199 0.0000000000
80643  34.749  -29.052  88.760 0.0000000000
79483  35.275  -29.091  89.675 0.0000000000
80630  35.705  -28.855  91.112 0.0000000000
82902  37.454  -27.002  93.941 0.0000000000
80599  33.950  -28.572  95.301 0.0000000000
81719  35.229  -28.105  95.336 0.0000000000
80579  35.124  -28.613  96.306 0.0000000000
81710  35.775  -28.015  95.604 0.0000000000
81718  36.001  -27.712  94.942 0.0000000000
82888  37.495  -27.313  94.488 0.0000000000
80595  38.435  -28.768  94.264 0.0000000000
79422  38.402  -29.527  94.114 0.0000000000
78248  38.159  -30.002  94.246 0.0000000000
78267  38.773  -30.091  93.496 0.0000000000
77102  38.725  -31.110  92.610 0.0000000000
75894  38.199  -31.671  92.097 0.0000000000
79478  3.976  -29.706  90.009 0.0000000000
79488  3.643  -29.946  89.490 0.0000000000
78360  3.697  -30.806  88.960 0.0000000000
77162  3.570  -31.470  88.465 0.0000000000
75938  4.168  -32.404  88.554 0.0000000000
73677  4.597  -34.527  88.281 0.0000000000
72550  4.610  -35.464  87.644 0.0000000000
78394  4.055  -30.685  86.559 0.0000000000
77191  3.748  -31.546  86.407 0.0000000000
75999  4.801  -33.170  85.823 0.0000000000
74821  4.026  -33.292  86.126 0.0000000000
74822  3.633  -32.990  86.647 0.0000000000
74806  3.913  -33.549  86.874 0.0000000000
70226  5.505  -36.918  86.853 0.0000000000
70246  5.820  -37.296  86.314 0.0000000000
70267  6.242  -37.553  85.651 0.0000000000
70268  5.614  -37.455  85.506 0.0000000000
70266  7.080  -37.725  85.425 0.0000000000
70279  8.136  -37.744  84.683 0.0000000000
72629  5.611  -36.112  82.483 0.0000000000
71516  4.920  -36.542  82.299 0.0000000000
72659  4.848  -35.780  80.688 0.0000000000
95541  4.972  -16.356  92.034 0.0000000000
95558  4.271  -16.037  91.295 0.0000000000
95573  3.524  -15.479  90.241 0.0000000000
96643  4.264  -14.239  91.024 0.0000000000
92117  41.660  -18.961  90.405 0.0000000000
92136  40.757  -18.674  89.619 0.0000000000
92155  39.710  -18.559  88.633 0.0000000000
97956  51.807  -13.388  77.389 0.0000000000
97955  52.357  -13.393  78.090 0.0000000000
86710  21.419  -24.753  98.825 0.0000000000
86716  20.980  -24.391  98.238 0.0000000000
86730  22.277  -23.866  95.775 0.0000000000
86737  23.014  -24.320  94.965 0.0000000000
85523  23.348  -24.373  94.637 0.0000000000
86752  18.811  -23.274  93.848 0.0000000000
86751  19.829  -23.139  93.876 0.0000000000
86761  19.784  -23.231  92.857 0.0000000000
87911  19.396  -23.171  93.321 0.0000000000
86750  21.131  -23.479  94.102 0.0000000000
86749  22.148  -24.046  94.192 0.0000000000
85522  23.893  -24.246  94.305 0.0000000000
85536  23.447  -24.410  92.323 0.0000000000
80644  14.533  -28.959  89.492 0.0000000000
81783  15.006  -27.387  89.146 0.0000000000
85574  16.526  -24.544  89.314 0.0000000000
86799  17.734  -23.719  89.335 0.0000000000
83017  15.868  -26.921  86.270 0.0000000000
82992  16.170  -26.181  86.862 0.0000000000
84293  17.224  -24.883  87.047 0.0000000000
84292  19.408  -25.126  87.175 0.0000000000
85606  18.770  -24.660  87.273 0.0000000000
85608  17.016  -24.509  87.786 0.0000000000
85588  18.330  -24.012  87.984 0.0000000000
86812  18.565  -23.801  88.833 0.0000000000
85572  19.994  -24.125  89.573 0.0000000000
85556  21.617  -25.031  90.150 0.0000000000
84240  23.246  -25.122  90.142 0.0000000000
86809  23.473  -24.120  89.304 0.0000000000
85569  23.436  -24.680  89.705 0.0000000000
87942  23.314  -23.181  90.213 0.0000000000
88987  22.442  -22.053  90.409 0.0000000000
88988  21.969  -21.494  90.197 0.0000000000
90055  21.006  -20.777  88.365 0.0000000000
87975  20.967  -22.080  86.073 0.0000000000
89047  20.535  -21.264  86.215 0.0000000000
89063  20.139  -21.119  85.309 0.0000000000
90073  20.128  -20.344  85.950 0.0000000000
91091  19.859  -19.512  85.610 0.0000000000
93358  19.904  -18.207  85.713 0.0000000000
93359  19.740  -17.648  85.363 0.0000000000
61231  12.533  -44.359  95.705 0.0000000000
62460  12.735  -43.662  94.945 0.0000000000
63734  12.453  -42.657  94.670 0.0000000000
62458  15.057  -43.368  95.660 0.0000000000
63748  15.080  -42.352  94.536 0.0000000000
62473  14.589  -43.162  94.819 0.0000000000
63749  14.083  -42.520  94.428 0.0000000000
65074  13.485  -41.836  94.445 0.0000000000
65057  12.891  -41.575  94.695 0.0000000000
66360  15.494  -40.152  97.186 0.0000000000
67633  15.982  -40.192  96.167 0.0000000000
67618  15.524  -40.012  98.016 0.0000000000
70084  17.302  -37.696  99.808 0.0000000000
65053  20.499  -40.642  96.056 0.0000000000
66393  20.206  -40.349  95.940 0.0000000000
66377  20.160  -39.852  96.239 0.0000000000
67629  19.646  -39.464  96.557 0.0000000000
67614  19.282  -39.168  97.367 0.0000000000
71336  18.158  -36.796  96.461 0.0000000000
71322  19.790  -37.273  97.754 0.0000000000
70094  20.044  -37.641  97.917 0.0000000000
68828  20.013  -38.169  98.092 0.0000000000
68819  18.009  -38.207  98.943 0.0000000000
71302  18.373  -37.319  98.689 0.0000000000
70083  17.828  -37.669  99.190 0.0000000000
73549  16.847  -34.121  98.926 0.0000000000
75810  16.166  -32.740  97.572 0.0000000000
77048  15.333  -31.276  96.993 0.0000000000
78240  14.444  -30.500  96.102 0.0000000000
79419  13.844  -29.633  95.666 0.0000000000
75853  15.319  -32.749  94.972 0.0000000000
79429  13.951  -29.169  93.942 0.0000000000
78278  13.806  -29.909  94.206 0.0000000000
78258  13.850  -30.190  94.872 0.0000000000
80591  13.639  -28.699  94.972 0.0000000000
84188  16.762  -25.781  96.326 0.0000000000
84197  16.813  -25.890  95.613 0.0000000000
84187  17.423  -25.844  96.163 0.0000000000
82872  17.918  -26.116  96.630 0.0000000000
84175  19.411  -25.983  97.654 0.0000000000
54933  23.808  -47.441  97.048 0.0000000000
59980  22.758  -45.109  98.932 0.0000000000
57420  21.733  -45.720  98.412 0.0000000000
61179  16.982  -45.271  99.277 0.0000000000
74680  31.261  -33.303  97.438 0.0000000000
71307  31.628  -35.668  96.688 0.0000000000
72438  30.732  -35.245  96.770 0.0000000000
71319  31.482  -36.381  96.362 0.0000000000
67622  33.439  -39.161  95.061 0.0000000000
66370  33.581  -39.799  94.704 0.0000000000
71343  30.505  -36.598  94.856 0.0000000000
67640  31.975  -39.046  94.703 0.0000000000
67624  32.374  -38.980  94.939 0.0000000000
66372  32.759  -39.580  94.673 0.0000000000
65034  33.424  -40.195  94.498 0.0000000000
65033  33.623  -40.380  94.428 0.0000000000
63724  33.798  -42.045  93.756 0.0000000000
67686  29.868  -39.556  91.186 0.0000000000
66441  30.021  -40.360  91.428 0.0000000000
62488  30.725  -43.335  92.388 0.0000000000
63759  31.006  -42.019  92.516 0.0000000000
61236  32.141  -44.571  93.755 0.0000000000
60015  31.958  -45.636  94.064 0.0000000000
60014  32.866  -45.505  94.249 0.0000000000
57462  33.472  -46.654  94.210 0.0000000000
95688  20.405  -15.614  81.297 0.0000000000
94573  20.723  -16.334  81.044 0.0000000000
92317  21.397  -17.797  80.904 0.0000000000
92301  21.033  -18.293  81.168 0.0000000000
92300  22.065  -18.381  80.878 0.0000000000
89111  23.953  -21.524  80.893 0.0000000000
86908  21.801  -22.646  81.715 0.0000000000
88046  22.337  -22.317  81.230 0.0000000000
85701  23.097  -24.627  81.134 0.0000000000
86925  22.819  -22.786  80.875 0.0000000000
88059  22.873  -22.257  80.834 0.0000000000
88058  23.353  -22.500  80.684 0.0000000000
88057  24.154  -22.564  80.603 0.0000000000
88056  24.745  -23.045  80.546 0.0000000000
81914  25.226  -27.038  80.568 0.0000000000
83097  25.580  -26.204  80.624 0.0000000000
81913  25.916  -26.845  80.764 0.0000000000
79582  26.549  -28.892  82.211 0.0000000000
79570  26.447  -29.773  83.257 0.0000000000
79542  19.810  -29.361  85.538 0.0000000000
79558  20.261  -29.321  85.007 0.0000000000
78386  19.384  -30.369  86.925 0.0000000000
78432  21.646  -30.400  83.698 0.0000000000
77230  21.857  -30.961  83.932 0.0000000000
78431  22.350  -30.535  83.273 0.0000000000
74788  20.584  -33.444  88.532 0.0000000000
74790  19.556  -32.606  89.163 0.0000000000
78357  19.882  -31.233  88.624 0.0000000000
75922  19.728  -32.245  89.761 0.0000000000
77159  20.164  -31.399  88.919 0.0000000000
77171  20.497  -31.201  88.151 0.0000000000
77229  22.677  -31.230  83.882 0.0000000000
78430  23.308  -30.905  83.285 0.0000000000
78429  24.415  -30.963  83.571 0.0000000000
77179  24.302  -31.594  85.942 0.0000000000
77214  24.885  -31.214  84.608 0.0000000000
78415  25.104  -31.048  84.355 0.0000000000
78428  25.556  -30.440  83.513 0.0000000000
78427  26.228  -30.255  83.885 0.0000000000
79556  26.742  -30.061  84.318 0.0000000000
78368  26.431  -30.752  87.320 0.0000000000
78355  26.477  -30.729  88.244 0.0000000000
78343  25.658  -31.009  88.885 0.0000000000
75888  22.626  -32.335  92.626 0.0000000000
77089  23.210  -31.762  93.394 0.0000000000
77088  23.709  -31.129  93.056 0.0000000000
75868  24.527  -32.443  94.076 0.0000000000
77075  23.727  -31.794  94.052 0.0000000000
78276  24.662  -30.741  93.379 0.0000000000
78275  25.643  -30.457  93.542 0.0000000000
78238  26.595  -30.663  95.521 0.0000000000
78226  27.148  -30.754  96.443 0.0000000000
75808  26.996  -32.034  96.688 0.0000000000
77037  27.460  -31.507  97.060 0.0000000000
77036  28.419  -31.435  97.424 0.0000000000
104197  4.703  -7.439  98.860 0.0000000000
105314  4.482  -6.963  98.176 0.0000000000
105322  4.119  -6.410  97.491 0.0000000000
105330  4.674  -6.117  97.079 0.0000000000
106360  4.377  -5.581  96.783 0.0000000000
110740  4.693  -1.655  96.666 0.0000000000
74688  5.731  -33.018  97.523 0.0000000000
74676  4.776  -33.948  98.184 0.0000000000
75813  5.116  -32.564  97.299 0.0000000000
75830  4.787  -32.151  96.842 0.0000000000
77065  6.012  -31.316  95.577 0.0000000000
77053  5.045  -31.619  96.320 0.0000000000
77054  4.311  -31.811  96.335 0.0000000000
77068  3.782  -31.540  95.597 0.0000000000
78265  3.871  -30.600  94.602 0.0000000000
79451  6.124  -29.415  93.839 0.0000000000
81734  6.257  -27.606  93.535 0.0000000000
79435  4.902  -29.879  94.341 0.0000000000
78286  3.848  -30.785  93.732 0.0000000000
78303  3.815  -30.042  92.989 0.0000000000
79471  3.594  -29.059  91.488 0.0000000000
82854  6.162  -25.775  100.060 0.0000000000
84172  5.739  -24.859  98.411 0.0000000000
84157  4.780  -25.270  99.568 0.0000000000
84173  4.869  -24.843  98.858 0.0000000000
85490  5.255  -24.577  97.693 0.0000000000
85508  4.983  -24.595  96.231 0.0000000000
85501  3.360  -23.974  97.398 0.0000000000
85519  4.419  -24.438  95.320 0.0000000000
85528  4.592  -24.802  94.592 0.0000000000
80638  3.266  -28.330  89.701 0.0000000000
82948  3.430  -26.578  89.254 0.0000000000
81791  3.271  -27.550  88.441 0.0000000000
81805  3.747  -27.864  87.872 0.0000000000
81790  4.294  -27.427  88.396 0.0000000000
87916  4.706  -22.825  92.588 0.0000000000
86789  4.711  -23.602  90.442 0.0000000000
87937  5.883  -23.166  91.078 0.0000000000
85561  5.229  -23.945  89.975 0.0000000000
84249  4.948  -25.401  89.497 0.0000000000
81773  5.065  -26.957  89.013 0.0000000000
81789  5.477  -27.651  88.753 0.0000000000
81788  6.641  -27.668  89.051 0.0000000000
80655  7.292  -28.293  88.591 0.0000000000
82944  7.705  -26.405  89.256 0.0000000000
81787  7.873  -27.225  88.959 0.0000000000
81804  9.083  -27.773  87.671 0.0000000000
81803  9.749  -27.190  87.501 0.0000000000
81802  10.242  -27.032  87.201 0.0000000000
84298  9.901  -26.139  87.712 0.0000000000
84269  10.051  -25.216  87.999 0.0000000000
86815  10.507  -23.513  88.487 0.0000000000
87955  10.690  -22.553  88.747 0.0000000000
89019  10.694  -21.668  89.130 0.0000000000
91068  11.062  -19.291  89.949 0.0000000000
90031  9.700  -21.053  91.755 0.0000000000
90018  10.235  -20.482  91.966 0.0000000000
91046  11.052  -19.999  93.171 0.0000000000
91053  10.824  -19.912  92.282 0.0000000000
91060  10.964  -19.142  90.916 0.0000000000
93254  11.130  -17.505  90.920 0.0000000000
93255  10.796  -16.747  91.468 0.0000000000
93239  10.619  -17.061  93.242 0.0000000000
94391  10.172  -16.228  92.023 0.0000000000
95522  8.885  -15.654  91.820 0.0000000000
95523  8.090  -15.811  92.363 0.0000000000
95524  7.005  -16.167  92.793 0.0000000000
90969  8.708  -19.523  99.966 0.0000000000
90968  9.143  -19.477  99.422 0.0000000000
92018  9.150  -19.027  99.158 0.0000000000
93179  7.849  -17.623  99.540 0.0000000000
92033  8.462  -17.870  98.999 0.0000000000
92032  9.219  -18.605  98.664 0.0000000000
93200  9.099  -17.489  97.293 0.0000000000
93208  9.206  -17.319  96.487 0.0000000000
95468  6.574  -15.374  99.514 0.0000000000
96581  7.416  -14.875  98.444 0.0000000000
94341  7.716  -16.555  97.202 0.0000000000
93209  8.477  -16.932  96.875 0.0000000000
93222  8.582  -16.927  96.166 0.0000000000
94359  8.106  -16.780  95.452 0.0000000000
94372  6.642  -16.170  95.115 0.0000000000
94371  7.179  -16.563  94.768 0.0000000000
94382  7.048  -16.497  93.647 0.0000000000
94394  6.552  -16.383  93.081 0.0000000000
94405  5.457  -16.380  92.517 0.0000000000
94406  5.114  -16.321  92.746 0.0000000000
95527  4.587  -15.615  92.784 0.0000000000
96623  6.712  -14.287  92.866 0.0000000000
96633  6.484  -13.979  92.246 0.0000000000
97785  7.398  -12.969  92.057 0.0000000000
100005  7.987  -11.465  92.079 0.0000000000
99977  8.779  -11.299  95.363 0.0000000000
99985  9.070  -11.825  94.827 0.0000000000
99986  8.419  -11.526  94.341 0.0000000000
101045  7.746  -10.842  94.487 0.0000000000
99997  8.171  -11.680  93.544 0.0000000000
89972  32.454  -20.165  95.471 0.0000000000
88935  32.654  -20.991  95.951 0.0000000000
89961  33.588  -20.341  96.536 0.0000000000
88958  34.117  -21.275  93.890 0.0000000000
88948  34.178  -21.268  94.764 0.0000000000
88933  34.317  -20.608  96.330 0.0000000000
89959  35.564  -20.171  95.295 0.0000000000
91015  36.229  -19.863  95.073 0.0000000000
91014  37.085  -19.725  94.691 0.0000000000
90051  36.170  -20.942  88.584 0.0000000000
90025  36.383  -20.508  90.777 0.0000000000
90037  37.893  -20.981  89.823 0.0000000000
89997  37.178  -20.468  92.906 0.0000000000
89982  37.126  -20.159  93.973 0.0000000000
89969  37.650  -19.853  94.436 0.0000000000
89967  39.024  -19.996  93.937 0.0000000000
89966  39.651  -20.096  93.633 0.0000000000
91025  40.019  -19.908  93.526 0.0000000000
90008  40.466  -21.103  91.976 0.0000000000
89994  40.493  -20.851  92.411 0.0000000000
91024  40.385  -19.848  93.149 0.0000000000
91038  40.987  -19.990  92.430 0.0000000000
91037  41.312  -19.937  91.944 0.0000000000
91057  41.672  -19.407  91.163 0.0000000000
86858  43.003  -23.673  84.516 0.0000000000
88001  43.023  -22.924  83.911 0.0000000000
88016  43.401  -22.233  83.769 0.0000000000
87999  44.593  -22.677  84.575 0.0000000000
88015  44.090  -22.288  83.980 0.0000000000
89087  43.089  -21.427  83.519 0.0000000000
90106  42.793  -20.527  83.492 0.0000000000
91138  41.844  -19.938  84.235 0.0000000000
89067  47.709  -21.387  84.867 0.0000000000
91133  46.117  -20.323  83.731 0.0000000000
92233  45.935  -18.624  84.349 0.0000000000
92251  45.648  -19.126  83.901 0.0000000000
91134  45.559  -19.809  83.646 0.0000000000
91117  44.155  -18.939  84.091 0.0000000000
91098  42.326  -19.413  85.765 0.0000000000
91085  42.274  -19.808  86.933 0.0000000000
90059  42.414  -20.434  88.473 0.0000000000
90046  42.768  -20.229  89.229 0.0000000000
91070  43.276  -19.573  88.761 0.0000000000
90033  42.851  -20.012  89.915 0.0000000000
91063  42.904  -19.626  90.078 0.0000000000
91056  42.162  -19.476  90.838 0.0000000000
93285  42.007  -17.612  88.345 0.0000000000
93283  43.395  -17.433  88.599 0.0000000000
93284  42.693  -17.322  88.352 0.0000000000
95590  44.853  -15.857  87.273 0.0000000000
95604  44.125  -15.759  86.883 0.0000000000
101236  44.976  -10.384  81.201 0.0000000000
102232  46.327  -9.445  82.754 0.0000000000
102231  46.981  -9.152  83.411 0.0000000000
103273  47.726  -8.736  83.342 0.0000000000
103281  48.340  -8.873  83.072 0.0000000000
98988  48.465  -12.100  85.110 0.0000000000
100087  48.297  -11.130  84.963 0.0000000000
100123  48.431  -11.482  83.974 0.0000000000
101186  48.411  -10.449  83.782 0.0000000000
101203  48.495  -10.042  83.224 0.0000000000
102242  48.428  -9.759  82.835 0.0000000000
101234  46.943  -11.080  80.795 0.0000000000
100165  46.600  -11.732  81.390 0.0000000000
99089  46.462  -12.488  79.203 0.0000000000
97944  46.475  -13.433  78.440 0.0000000000
91155  48.260  -19.262  81.438 0.0000000000
92287  47.798  -18.672  81.494 0.0000000000
93412  47.507  -17.821  81.853 0.0000000000
92288  47.027  -18.352  81.379 0.0000000000
93413  46.710  -17.474  81.704 0.0000000000
94549  46.171  -16.837  81.715 0.0000000000
94539  46.036  -16.202  81.921 0.0000000000
93415  45.192  -17.229  81.033 0.0000000000
94550  45.517  -16.528  81.421 0.0000000000
95667  45.641  -15.615  81.702 0.0000000000
96732  45.383  -15.147  81.427 0.0000000000
96745  45.157  -14.680  80.948 0.0000000000
97903  45.186  -13.889  80.088 0.0000000000
96761  44.553  -15.020  79.308 0.0000000000
97925  45.597  -13.605  78.963 0.0000000000
97945  45.948  -13.976  78.393 0.0000000000
105606  57.216  -5.885  70.698 0.0000000000
105621  56.977  -6.641  70.546 0.0000000000
104518  56.616  -7.449  70.796 0.0000000000
96549  12.369  -14.689  102.241 0.0000000000
85482  23.191  -24.491  99.011 0.0000000000
67563  5.135  -40.129  101.461 0.0000000000
71292  5.280  -36.690  100.435 0.0000000000
72424  5.101  -35.274  99.726 0.0000000000
73547  4.942  -34.920  99.360 0.0000000000
59989  11.315  -46.877  98.594 0.0000000000
59996  10.826  -46.403  97.891 0.0000000000
59997  9.702  -46.037  97.796 0.0000000000
58775  9.206  -46.122  98.283 0.0000000000
59998  8.990  -45.276  98.086 0.0000000000
65059  11.417  -41.988  95.268 0.0000000000
63718  10.365  -42.669  95.917 0.0000000000
65027  10.207  -41.304  96.987 0.0000000000
63706  9.956  -42.247  96.586 0.0000000000
61206  8.538  -44.459  98.499 0.0000000000
63686  8.639  -41.807  99.105 0.0000000000
63676  8.225  -41.942  99.659 0.0000000000
64991  7.812  -40.932  100.479 0.0000000000
70066  16.607  -37.099  101.173 0.0000000000
68798  15.646  -38.068  101.181 0.0000000000
68811  15.136  -38.573  100.752 0.0000000000
71262  15.705  -36.602  101.593 0.0000000000
68788  15.302  -37.588  101.524 0.0000000000
68812  14.315  -38.468  100.797 0.0000000000
67578  13.151  -38.458  100.243 0.0000000000
71271  14.481  -36.547  101.260 0.0000000000
71272  13.852  -36.746  101.055 0.0000000000
70060  13.937  -37.396  101.391 0.0000000000
68822  12.154  -38.391  99.776 0.0000000000
67590  10.709  -38.557  99.320 0.0000000000
67591  9.610  -38.857  99.378 0.0000000000
68825  9.582  -38.475  99.940 0.0000000000
66337  8.594  -39.821  99.968 0.0000000000
66335  7.748  -40.221  100.733 0.0000000000
67566  7.604  -39.644  101.106 0.0000000000
68807  7.454  -38.654  101.442 0.0000000000
70075  7.567  -38.229  101.389 0.0000000000
71266  7.605  -37.308  101.389 0.0000000000
71278  7.398  -36.689  101.172 0.0000000000
72418  10.777  -36.251  99.463 0.0000000000
72419  9.697  -36.168  99.476 0.0000000000
71290  7.369  -36.256  100.657 0.0000000000
72423  6.654  -35.521  100.083 0.0000000000
73545  6.399  -35.180  99.750 0.0000000000
73553  7.368  -35.017  99.024 0.0000000000
73544  6.958  -35.223  99.538 0.0000000000
73554  6.124  -34.398  98.831 0.0000000000
74702  6.871  -32.836  96.435 0.0000000000
75843  7.181  -32.324  95.418 0.0000000000
74717  8.110  -33.077  95.269 0.0000000000
75842  7.904  -32.537  94.903 0.0000000000
75860  7.739  -32.121  94.663 0.0000000000
77096  7.649  -31.187  94.109 0.0000000000
78282  8.608  -30.374  93.408 0.0000000000
75874  10.405  -32.167  93.579 0.0000000000
77093  10.068  -31.358  93.322 0.0000000000
79432  11.098  -29.434  94.173 0.0000000000
78281  9.718  -30.443  93.214 0.0000000000
82907  9.635  -26.750  93.758 0.0000000000
82876  9.780  -26.371  96.676 0.0000000000
84182  9.153  -25.687  97.159 0.0000000000
82863  8.382  -26.143  99.194 0.0000000000
82843  7.493  -27.091  101.285 0.0000000000
82787  13.791  -27.094  104.585 0.0000000000
81662  12.165  -27.725  104.113 0.0000000000
82797  12.367  -26.854  104.393 0.0000000000
80541  11.802  -28.061  103.735 0.0000000000
80545  11.150  -28.262  103.352 0.0000000000
80559  9.330  -28.429  100.876 0.0000000000
80560  8.902  -28.506  101.582 0.0000000000
80557  8.629  -28.382  102.245 0.0000000000
80547  9.345  -28.007  103.450 0.0000000000
80553  8.654  -28.123  103.091 0.0000000000
81690  8.450  -27.806  101.236 0.0000000000
81691  7.905  -27.557  101.691 0.0000000000
81685  7.433  -27.485  102.084 0.0000000000
81686  7.039  -27.281  102.370 0.0000000000
82815  7.159  -26.758  103.104 0.0000000000
85433  8.017  -24.506  103.150 0.0000000000
85453  8.565  -24.602  102.675 0.0000000000
87784  8.479  -22.846  102.925 0.0000000000
88875  9.041  -21.206  102.591 0.0000000000
87814  10.711  -22.961  100.736 0.0000000000
87793  10.097  -22.304  101.155 0.0000000000
88883  9.543  -21.492  101.768 0.0000000000
91994  9.638  -18.366  102.070 0.0000000000
93151  10.404  -17.296  101.677 0.0000000000
73558  32.534  -34.133  96.868 0.0000000000
73575  32.576  -34.807  96.571 0.0000000000
71317  33.092  -36.280  95.802 0.0000000000
71316  33.619  -36.394  95.427 0.0000000000
71331  34.647  -37.097  94.185 0.0000000000
66387  34.644  -40.167  94.174 0.0000000000
66407  35.179  -40.164  93.449 0.0000000000
67637  35.111  -39.677  94.002 0.0000000000
66425  35.734  -40.241  92.713 0.0000000000
67652  35.413  -39.316  93.573 0.0000000000
68862  35.728  -38.974  93.101 0.0000000000
94570  22.934  -16.540  80.817 0.0000000000
91149  24.360  -19.256  81.959 0.0000000000
92280  24.545  -18.378  82.312 0.0000000000
95685  24.134  -15.883  82.124 0.0000000000
80723  27.949  -28.618  83.392 0.0000000000
83062  28.132  -26.427  82.656 0.0000000000
81853  29.021  -27.482  83.755 0.0000000000
84376  28.337  -25.502  83.028 0.0000000000
85679  28.064  -24.689  82.715 0.0000000000
86880  28.188  -23.361  83.189 0.0000000000
89093  28.132  -22.127  83.324 0.0000000000
81839  30.310  -27.116  85.074 0.0000000000
84351  29.032  -25.248  84.394 0.0000000000
85649  29.109  -24.437  84.810 0.0000000000
90110  28.109  -21.352  83.399 0.0000000000
90094  27.995  -20.570  83.568 0.0000000000
91122  27.901  -19.870  84.224 0.0000000000
91102  27.404  -19.086  85.385 0.0000000000
87958  30.073  -22.628  88.014 0.0000000000
90054  30.959  -20.668  88.554 0.0000000000
89014  30.959  -21.428  89.298 0.0000000000
87893  31.958  -22.866  93.987 0.0000000000
87919  32.843  -22.494  92.701 0.0000000000
86807  32.520  -23.802  88.946 0.0000000000
87970  32.833  -22.973  86.562 0.0000000000
87956  33.035  -22.253  87.472 0.0000000000
87948  32.923  -22.107  88.585 0.0000000000
89013  33.633  -21.635  87.988 0.0000000000
89027  34.461  -21.441  87.220 0.0000000000
89058  35.897  -21.757  85.557 0.0000000000
87986  36.486  -22.092  84.931 0.0000000000
88022  37.081  -22.834  84.100 0.0000000000
86878  36.759  -23.246  83.987 0.0000000000
86877  37.508  -23.254  83.713 0.0000000000
86876  38.469  -23.215  83.518 0.0000000000
85660  39.922  -23.932  83.645 0.0000000000
85643  40.287  -24.629  84.152 0.0000000000
84344  41.306  -25.181  85.188 0.0000000000
80649  35.199  -28.106  87.967 0.0000000000
82961  35.776  -27.082  87.684 0.0000000000
81766  36.358  -27.663  89.245 0.0000000000
81781  36.303  -27.352  88.663 0.0000000000
82982  36.130  -26.190  87.321 0.0000000000
84281  36.694  -25.771  87.302 0.0000000000
82917  38.285  -26.608  92.721 0.0000000000
82931  38.706  -26.331  90.738 0.0000000000
84236  37.892  -25.892  89.028 0.0000000000
84280  37.618  -25.759  87.599 0.0000000000
84306  37.593  -25.742  86.528 0.0000000000
84328  39.708  -25.903  85.611 0.0000000000
82979  40.235  -26.509  87.769 0.0000000000
84304  40.159  -26.134  86.480 0.0000000000
84327  40.805  -25.751  85.650 0.0000000000
84326  41.775  -25.400  85.730 0.0000000000
84325  42.485  -25.339  86.013 0.0000000000
84301  42.855  -25.672  86.552 0.0000000000
82953  43.377  -26.934  88.033 0.0000000000
81777  44.598  -27.117  87.332 0.0000000000
80662  44.345  -27.807  86.711 0.0000000000
79502  43.908  -28.174  86.500 0.0000000000
79472  42.080  -29.293  89.787 0.0000000000
79481  42.196  -29.335  89.131 0.0000000000
79519  43.348  -28.470  86.239 0.0000000000
78424  41.616  -28.799  84.687 0.0000000000
97717  11.453  -13.297  101.490 0.0000000000
98858  11.409  -12.674  100.653 0.0000000000
98867  11.775  -12.197  99.782 0.0000000000
98866  12.390  -12.035  99.690 0.0000000000
99952  12.255  -11.535  99.063 0.0000000000
101010  12.161  -10.400  98.491 0.0000000000
102048  11.658  -9.386  98.239 0.0000000000
104176  13.829  -7.720  99.791 0.0000000000
103093  13.646  -8.421  99.343 0.0000000000
103104  13.039  -8.401  98.724 0.0000000000
104190  12.588  -7.713  98.730 0.0000000000
104191  11.827  -7.376  98.491 0.0000000000
106337  11.587  -5.587  98.758 0.0000000000
110715  11.111  -1.985  99.004 0.0000000000
74677  4.578  -34.228  97.996 0.0000000000
72448  4.902  -35.408  98.000 0.0000000000
73588  4.641  -34.191  96.737 0.0000000000
73587  5.086  -34.845  97.100 0.0000000000
72447  5.219  -35.413  97.582 0.0000000000
74731  4.809  -33.144  94.666 0.0000000000
73612  5.168  -33.991  95.120 0.0000000000
73611  5.822  -34.685  95.311 0.0000000000
71350  6.732  -35.601  95.370 0.0000000000
71340  6.710  -35.908  95.952 0.0000000000
77137  4.789  -30.842  89.973 0.0000000000
75924  6.308  -32.863  90.355 0.0000000000
74771  6.433  -33.687  90.471 0.0000000000
73648  6.883  -34.485  91.209 0.0000000000
71375  7.575  -35.958  91.601 0.0000000000
71425  6.861  -36.724  88.676 0.0000000000
81817  10.521  -27.274  86.678 0.0000000000
81816  10.945  -26.980  86.280 0.0000000000
81833  11.104  -27.238  85.802 0.0000000000
83031  11.614  -26.263  85.245 0.0000000000
83039  11.659  -26.272  84.143 0.0000000000
84366  11.586  -25.200  83.556 0.0000000000
89049  12.256  -21.988  86.639 0.0000000000
91082  12.187  -20.159  86.972 0.0000000000
89048  12.466  -21.851  86.146 0.0000000000
87976  12.258  -22.900  86.186 0.0000000000
86867  12.457  -23.477  84.991 0.0000000000
85654  12.066  -24.598  83.982 0.0000000000
84367  10.952  -25.351  82.912 0.0000000000
85670  11.126  -24.374  82.973 0.0000000000
85671  10.363  -24.226  82.822 0.0000000000
86895  9.649  -23.742  82.710 0.0000000000
95570  6.368  -15.604  89.965 0.0000000000
95585  6.686  -15.855  89.001 0.0000000000
94440  7.052  -16.277  88.200 0.0000000000
94462  7.505  -16.791  87.558 0.0000000000
93315  8.038  -17.352  87.048 0.0000000000
93337  8.605  -17.858  86.517 0.0000000000
93340  5.392  -18.258  86.503 0.0000000000
93339  6.398  -18.327  86.616 0.0000000000
92197  8.044  -18.627  86.009 0.0000000000
90115  9.739  -21.153  83.495 0.0000000000
89098  9.635  -21.814  83.063 0.0000000000
93215  33.696  -17.231  95.246 0.0000000000
94350  36.532  -16.716  94.754 0.0000000000
95497  36.181  -15.265  94.768 0.0000000000
96598  35.770  -14.596  94.588 0.0000000000
97770  35.223  -13.830  93.677 0.0000000000
92140  36.652  -17.786  89.240 0.0000000000
93269  37.160  -17.687  90.346 0.0000000000
94416  36.319  -16.735  90.164 0.0000000000
101296  56.199  -10.813  73.625 0.0000000000
100291  56.550  -11.708  72.108 0.0000000000
99196  56.584  -12.493  71.391 0.0000000000
101235  45.471  -9.975  80.557 0.0000000000
102269  46.041  -9.548  79.868 0.0000000000
102268  46.703  -8.847  80.212 0.0000000000
103331  48.333  -7.754  78.804 0.0000000000
103330  49.582  -7.630  78.587 0.0000000000
102265  49.062  -8.423  80.787 0.0000000000
104406  49.696  -7.835  80.156 0.0000000000
103315  50.181  -8.262  80.012 0.0000000000
104417  49.392  -7.547  80.008 0.0000000000
104429  50.391  -7.399  79.099 0.0000000000
103329  50.443  -7.791  78.556 0.0000000000
103337  50.491  -8.238  78.284 0.0000000000
102292  51.869  -9.361  78.616 0.0000000000
101260  52.280  -10.317  78.628 0.0000000000
101231  53.352  -10.648  79.924 0.0000000000
101243  52.846  -10.699  79.394 0.0000000000
100220  52.418  -11.413  78.587 0.0000000000
99104  52.692  -12.420  78.709 0.0000000000
97939  53.009  -13.418  78.802 0.0000000000
96794  53.268  -14.466  78.614 0.0000000000
96795  50.221  -14.486  78.659 0.0000000000
96778  50.970  -14.494  79.262 0.0000000000
96777  51.840  -14.430  79.984 0.0000000000
94579  52.008  -16.326  78.942 0.0000000000
96759  52.386  -14.034  80.562 0.0000000000
96758  53.116  -14.400  80.896 0.0000000000
95693  53.685  -15.342  80.706 0.0000000000
96757  53.908  -14.565  80.410 0.0000000000
94576  54.114  -16.478  79.912 0.0000000000
96756  54.232  -15.188  80.159 0.0000000000
96775  54.069  -14.474  79.737 0.0000000000
96793  53.680  -14.465  79.174 0.0000000000
95748  53.283  -15.377  77.849 0.0000000000
95767  54.778  -16.253  76.515 0.0000000000
95766  55.343  -16.437  76.326 0.0000000000
95780  55.474  -15.932  75.854 0.0000000000
96834  56.032  -15.653  75.326 0.0000000000
91227  55.031  -18.820  74.262 0.0000000000
92412  55.400  -18.052  74.138 0.0000000000
92424  55.164  -18.014  73.481 0.0000000000
93535  55.572  -17.479  73.745 0.0000000000
93534  55.828  -17.245  74.349 0.0000000000
94666  56.240  -16.472  74.179 0.0000000000
95801  56.501  -15.626  73.984 0.0000000000
96865  56.540  -14.695  73.735 0.0000000000
96885  56.531  -14.463  72.843 0.0000000000
96909  56.437  -14.183  71.994 0.0000000000
52529  27.789  -49.622  94.946 0.0000000000
52541  28.205  -49.675  94.680 0.0000000000
52543  26.888  -49.682  94.730 0.0000000000
53693  27.069  -49.485  95.333 0.0000000000
54965  27.921  -49.249  95.347 0.0000000000
56194  23.815  -46.748  97.472 0.0000000000
56204  24.582  -47.050  97.405 0.0000000000
56205  23.717  -46.807  97.400 0.0000000000
56213  27.215  -48.138  95.797 0.0000000000
57429  25.375  -46.585  97.371 0.0000000000
58774  9.919  -46.579  98.192 0.0000000000
58785  33.237  -46.252  94.314 0.0000000000
59962  22.828  -44.531  99.341 0.0000000000
59977  24.858  -44.844  98.205 0.0000000000
59999  8.586  -45.037  98.475 0.0000000000
60024  30.255  -46.046  93.514 0.0000000000
61202  14.316  -45.660  98.155 0.0000000000
61220  10.883  -44.768  96.350 0.0000000000
61232  12.048  -44.538  95.932 0.0000000000
61267  28.715  -43.592  90.941 0.0000000000
61268  28.313  -43.870  90.735 0.0000000000
62409  24.744  -43.689  98.030 0.0000000000
62419  24.945  -43.681  97.494 0.0000000000
62439  25.261  -44.068  96.698 0.0000000000
62446  11.176  -44.279  95.811 0.0000000000
62455  24.954  -43.714  95.787 0.0000000000
62456  16.528  -42.839  95.742 0.0000000000
62487  31.210  -42.714  92.677 0.0000000000
62502  26.914  -43.735  90.209 0.0000000000
63666  7.576  -41.769  100.528 0.0000000000
63675  19.258  -43.893  99.593 0.0000000000
63689  24.900  -43.368  97.288 0.0000000000
63690  24.705  -42.932  97.508 0.0000000000
63691  21.531  -42.504  98.039 0.0000000000
63699  24.993  -43.366  97.021 0.0000000000
63710  24.763  -42.817  96.489 0.0000000000
63711  24.499  -42.286  96.246 0.0000000000
63717  10.997  -42.488  95.449 0.0000000000
63745  18.057  -41.916  94.945 0.0000000000
63754  24.021  -42.743  94.189 0.0000000000
63776  29.266  -41.770  90.727 0.0000000000
63788  28.249  -41.767  89.895 0.0000000000
63789  27.724  -42.213  89.761 0.0000000000
64995  24.028  -42.441  98.543 0.0000000000
64996  23.688  -42.531  98.639 0.0000000000
65003  24.259  -42.408  98.277 0.0000000000
65012  24.160  -41.874  98.023 0.0000000000
65039  20.338  -41.450  96.098 0.0000000000
65040  11.688  -41.403  95.452 0.0000000000
65046  34.836  -40.886  93.486 0.0000000000
65048  34.118  -40.897  94.080 0.0000000000
65055  18.920  -41.622  95.125 0.0000000000
65063  35.331  -41.148  92.850 0.0000000000
65075  12.801  -42.108  94.564 0.0000000000
65118  28.611  -41.250  89.999 0.0000000000
65153  25.868  -41.478  88.405 0.0000000000
65156  23.292  -41.416  89.495 0.0000000000
65173  23.856  -41.180  88.370 0.0000000000
66341  8.394  -40.614  99.917 0.0000000000
66344  23.239  -41.427  97.740 0.0000000000
66346  14.766  -40.095  98.067 0.0000000000
66369  33.863  -39.971  94.629 0.0000000000
66371  33.185  -39.814  94.651 0.0000000000
66386  34.879  -40.335  93.818 0.0000000000
66391  31.961  -39.643  94.224 0.0000000000
66394  19.547  -40.170  95.675 0.0000000000
66396  18.010  -40.029  95.112 0.0000000000
66418  13.258  -41.332  94.684 0.0000000000
66424  36.001  -40.439  92.376 0.0000000000
66476  27.157  -40.578  88.522 0.0000000000
66479  23.636  -41.132  88.538 0.0000000000
66495  22.442  -40.181  88.594 0.0000000000
67583  17.365  -38.992  98.880 0.0000000000
67651  35.568  -39.775  93.076 0.0000000000
67658  16.321  -40.218  95.064 0.0000000000
67680  22.475  -40.280  91.581 0.0000000000
67688  22.243  -40.327  90.680 0.0000000000
67717  22.092  -40.023  88.994 0.0000000000
68787  5.069  -39.520  101.463 0.0000000000
68791  13.715  -37.525  101.329 0.0000000000
68806  7.853  -38.554  101.243 0.0000000000
68829  19.500  -38.418  98.277 0.0000000000
68853  34.766  -38.483  94.510 0.0000000000
68855  31.678  -38.576  94.846 0.0000000000
68883  30.556  -38.582  92.858 0.0000000000
68893  30.050  -38.685  91.632 0.0000000000
68894  21.562  -39.639  91.342 0.0000000000
68903  29.244  -38.696  90.242 0.0000000000
68918  20.461  -39.166  89.461 0.0000000000
68939  26.824  -38.498  87.436 0.0000000000
68943  19.635  -38.422  87.435 0.0000000000
68971  22.936  -38.204  85.657 0.0000000000
68974  20.285  -38.210  86.004 0.0000000000
68977  6.470  -37.671  85.236 0.0000000000
68978  6.078  -37.679  85.037 0.0000000000
69005  6.565  -37.713  83.120 0.0000000000
70057  15.598  -36.990  101.585 0.0000000000
70061  7.811  -37.643  101.346 0.0000000000
70068  14.084  -36.916  101.296 0.0000000000
70081  9.718  -37.293  100.553 0.0000000000
70095  19.627  -37.664  98.242 0.0000000000
70118  17.213  -36.711  95.399 0.0000000000
70124  30.184  -36.575  93.862 0.0000000000
70138  20.615  -38.264  94.051 0.0000000000
70198  27.506  -37.522  88.334 0.0000000000
70199  27.147  -37.192  87.968 0.0000000000
70206  8.153  -37.008  88.538 0.0000000000
70217  19.215  -38.084  87.033 0.0000000000
70234  26.023  -37.776  86.757 0.0000000000
70256  24.047  -37.187  85.618 0.0000000000
70296  6.585  -37.676  83.360 0.0000000000
71263  15.364  -36.626  101.556 0.0000000000
71269  16.702  -36.560  101.260 0.0000000000
71286  11.633  -36.820  100.464 0.0000000000
71306  31.904  -35.615  96.676 0.0000000000
71308  31.141  -35.741  96.660 0.0000000000
71330  34.904  -37.436  94.000 0.0000000000
71334  30.203  -35.969  95.353 0.0000000000
71335  18.933  -36.884  96.827 0.0000000000
71381  29.142  -37.260  90.509 0.0000000000
71388  7.142  -35.799  90.641 0.0000000000
71419  27.332  -36.910  88.361 0.0000000000
71423  16.180  -36.389  89.258 0.0000000000
71438  24.745  -35.841  86.532 0.0000000000
71455  23.712  -36.027  85.774 0.0000000000
71457  17.314  -36.198  86.216 0.0000000000
71458  16.966  -36.235  86.766 0.0000000000
71479  17.716  -36.126  85.752 0.0000000000
71517  4.351  -36.894  81.999 0.0000000000
71542  4.204  -36.349  80.751 0.0000000000
72395  15.685  -36.206  101.602 0.0000000000
72396  15.209  -36.176  101.494 0.0000000000
72397  14.878  -36.274  101.391 0.0000000000
72410  6.955  -35.810  100.368 0.0000000000
72465  16.049  -35.202  95.652 0.0000000000
72466  6.079  -35.210  95.744 0.0000000000
72467  5.728  -35.187  96.274 0.0000000000
72471  28.879  -34.598  94.127 0.0000000000
72487  28.006  -34.573  92.280 0.0000000000
72497  15.362  -35.575  92.272 0.0000000000
72509  6.582  -35.282  90.247 0.0000000000
72534  25.112  -35.037  87.978 0.0000000000
72560  23.764  -35.578  86.123 0.0000000000
72575  22.633  -35.591  85.531 0.0000000000
72593  19.885  -34.915  84.795 0.0000000000
72612  6.922  -35.069  83.500 0.0000000000
72614  5.784  -35.913  83.412 0.0000000000
72627  6.997  -35.160  83.190 0.0000000000
73531  16.785  -35.432  101.128 0.0000000000
73535  16.978  -35.311  100.884 0.0000000000
73539  6.109  -35.341  100.095 0.0000000000
73551  14.251  -34.477  98.563 0.0000000000
73552  8.044  -35.155  98.693 0.0000000000
73564  14.348  -33.940  98.558 0.0000000000
73567  9.225  -35.215  97.649 0.0000000000
73571  4.943  -35.029  97.473 0.0000000000
73577  29.691  -34.424  96.530 0.0000000000
73591  28.794  -34.026  95.531 0.0000000000
73595  12.562  -34.265  95.911 0.0000000000
73605  28.740  -34.282  94.656 0.0000000000
73616  27.702  -33.894  93.634 0.0000000000
73617  27.181  -33.818  93.175 0.0000000000
73626  14.967  -34.420  93.171 0.0000000000
73655  23.441  -34.159  89.199 0.0000000000
73690  15.348  -34.267  87.183 0.0000000000
73698  23.908  -35.216  86.521 0.0000000000
73714  16.342  -34.173  85.662 0.0000000000
73715  15.980  -34.185  85.997 0.0000000000
73725  19.191  -34.120  84.837 0.0000000000
73726  18.253  -34.042  84.770 0.0000000000
73745  7.398  -34.680  82.341 0.0000000000
74691  3.761  -33.091  97.077 0.0000000000
74709  26.506  -32.694  94.956 0.0000000000
74719  4.090  -33.323  95.595 0.0000000000
74724  25.394  -32.623  94.240 0.0000000000
74741  5.764  -33.388  93.785 0.0000000000
74745  26.218  -33.725  92.232 0.0000000000
74750  21.722  -32.646  92.093 0.0000000000
74755  26.210  -33.913  91.694 0.0000000000
74760  21.518  -32.809  91.741 0.0000000000
74769  20.445  -32.645  90.435 0.0000000000
74772  6.039  -34.217  89.952 0.0000000000
74776  20.984  -33.481  89.603 0.0000000000
74778  19.605  -32.454  89.545 0.0000000000
74780  6.118  -33.185  90.012 0.0000000000
74789  20.023  -33.031  89.031 0.0000000000
74803  19.576  -32.749  88.698 0.0000000000
74820  14.891  -33.146  87.106 0.0000000000
74828  20.083  -33.425  85.978 0.0000000000
74831  17.027  -33.474  84.962 0.0000000000
74843  19.268  -33.570  85.108 0.0000000000
74848  7.528  -33.426  84.542 0.0000000000
74862  8.076  -33.933  82.218 0.0000000000
74882  7.050  -33.436  80.867 0.0000000000
75809  26.660  -31.751  96.540 0.0000000000
75815  3.914  -32.835  97.102 0.0000000000
75816  3.651  -32.882  96.931 0.0000000000
75821  27.100  -32.647  96.119 0.0000000000
75823  25.742  -31.680  95.615 0.0000000000
75824  16.094  -33.054  96.988 0.0000000000
75832  3.719  -32.593  96.694 0.0000000000
75835  26.925  -32.746  95.617 0.0000000000
75839  15.505  -32.689  95.767 0.0000000000
75846  36.499  -31.513  94.359 0.0000000000
75852  23.940  -31.835  94.346 0.0000000000
75870  23.118  -32.125  93.221 0.0000000000
75880  38.609  -31.308  92.475 0.0000000000
75881  38.334  -31.391  92.646 0.0000000000
75886  23.971  -32.441  93.490 0.0000000000
75899  21.577  -32.472  91.946 0.0000000000
75910  20.681  -32.433  90.707 0.0000000000
75913  6.159  -32.271  90.534 0.0000000000
75927  39.979  -31.400  88.982 0.0000000000
75936  19.354  -32.198  89.273 0.0000000000
75949  19.467  -32.645  88.076 0.0000000000
75953  3.137  -32.166  87.287 0.0000000000
75992  18.848  -32.360  85.553 0.0000000000
75993  16.401  -32.533  85.128 0.0000000000
75997  6.779  -32.527  85.565 0.0000000000
76017  16.768  -32.212  84.811 0.0000000000
76019  8.371  -32.524  84.497 0.0000000000
76020  7.734  -32.819  84.837 0.0000000000
76055  8.984  -32.793  82.413 0.0000000000
77024  31.082  -30.770  97.886 0.0000000000
77025  30.811  -30.793  97.894 0.0000000000
77038  26.911  -31.585  96.762 0.0000000000
77045  27.009  -31.226  96.845 0.0000000000
77060  24.646  -31.629  94.918 0.0000000000
77066  5.271  -31.187  95.794 0.0000000000
77078  12.073  -31.696  94.812 0.0000000000
77083  3.922  -31.899  94.296 0.0000000000
77085  38.440  -30.803  93.350 0.0000000000
77086  37.944  -31.071  93.820 0.0000000000
77087  37.423  -31.286  94.006 0.0000000000
77090  22.781  -32.054  92.969 0.0000000000
77108  21.814  -32.268  92.147 0.0000000000
77112  4.450  -31.289  93.290 0.0000000000
77115  39.246  -31.331  91.950 0.0000000000
77119  21.989  -31.789  91.666 0.0000000000
77125  40.367  -31.026  90.491 0.0000000000
77127  39.483  -31.385  91.463 0.0000000000
77128  24.754  -31.288  89.466 0.0000000000
77146  20.059  -31.819  89.917 0.0000000000
77152  40.310  -31.172  88.991 0.0000000000
77160  19.515  -31.646  88.844 0.0000000000
77170  21.328  -31.451  87.900 0.0000000000
77184  18.854  -31.765  86.333 0.0000000000
77196  24.937  -31.248  84.907 0.0000000000
77197  24.416  -31.459  85.161 0.0000000000
77198  23.643  -31.611  85.342 0.0000000000
77200  21.378  -31.319  85.752 0.0000000000
77204  17.932  -31.098  85.031 0.0000000000
77206  15.590  -31.649  85.554 0.0000000000
77215  24.595  -31.293  84.565 0.0000000000
77222  9.195  -31.712  84.331 0.0000000000
77227  24.238  -31.273  84.171 0.0000000000
77231  10.072  -30.908  83.446 0.0000000000
77236  10.156  -30.907  83.175 0.0000000000
77247  8.610  -31.190  81.360 0.0000000000
78199  14.792  -30.880  99.108 0.0000000000
78202  31.820  -30.162  97.744 0.0000000000
78205  30.026  -30.386  97.712 0.0000000000
78213  31.617  -30.520  97.770 0.0000000000
78216  27.321  -31.027  96.980 0.0000000000
78224  29.179  -30.149  96.655 0.0000000000
78227  26.213  -30.964  96.035 0.0000000000
78228  25.802  -31.169  95.698 0.0000000000
78244  5.953  -30.926  95.213 0.0000000000
78247  4.257  -30.866  95.297 0.0000000000
78250  30.506  -29.901  94.408 0.0000000000
78256  24.986  -30.761  94.207 0.0000000000
78257  14.350  -30.831  95.240 0.0000000000
78266  39.212  -29.986  93.147 0.0000000000
78268  32.077  -29.789  93.597 0.0000000000
78269  31.681  -29.879  93.639 0.0000000000
78287  40.185  -30.183  92.091 0.0000000000
78290  32.654  -29.822  92.983 0.0000000000
78291  32.275  -29.867  93.182 0.0000000000
78301  4.696  -30.912  92.767 0.0000000000
78319  41.052  -30.064  90.558 0.0000000000
78320  40.630  -30.564  90.752 0.0000000000
78333  41.855  -29.620  89.156 0.0000000000
78352  28.977  -30.390  88.864 0.0000000000
78358  19.696  -31.249  88.556 0.0000000000
78359  14.354  -30.649  88.723 0.0000000000
78369  25.754  -31.157  86.937 0.0000000000
78370  19.901  -31.059  88.354 0.0000000000
78372  19.030  -30.762  87.437 0.0000000000
78374  8.096  -29.977  87.030 0.0000000000
78388  15.064  -30.773  86.114 0.0000000000
78389  14.708  -30.780  86.776 0.0000000000
78392  6.304  -30.871  86.782 0.0000000000
78395  3.003  -30.733  86.602 0.0000000000
78404  18.403  -30.390  85.883 0.0000000000
78408  9.174  -30.453  85.293 0.0000000000
78414  26.012  -30.495  84.533 0.0000000000
78416  24.599  -31.184  84.154 0.0000000000
78420  16.615  -30.764  84.721 0.0000000000
78421  10.001  -30.364  84.224 0.0000000000
78437  25.442  -30.201  82.876 0.0000000000
79378  31.740  -29.931  97.685 0.0000000000
79379  31.173  -29.905  97.660 0.0000000000
79386  34.756  -29.188  96.668 0.0000000000
79389  32.383  -29.786  97.501 0.0000000000
79390  31.835  -29.515  97.321 0.0000000000
79400  34.699  -29.937  96.690 0.0000000000
79412  33.123  -28.795  95.931 0.0000000000
79416  29.811  -29.826  95.701 0.0000000000
79417  29.114  -30.077  95.783 0.0000000000
79428  29.915  -29.816  95.074 0.0000000000
79443  30.755  -29.851  94.362 0.0000000000
79445  13.839  -29.605  94.059 0.0000000000
79457  34.686  -29.240  92.155 0.0000000000
79482  41.864  -29.520  89.675 0.0000000000
79500  5.066  -28.815  87.719 0.0000000000
79503  43.243  -28.704  87.028 0.0000000000
79510  27.375  -30.307  86.931 0.0000000000
79531  8.814  -29.847  86.435 0.0000000000
79533  3.150  -30.114  86.741 0.0000000000
79551  44.118  -27.476  85.112 0.0000000000
79559  16.989  -30.393  84.708 0.0000000000
79583  25.512  -29.743  82.334 0.0000000000
79587  21.758  -29.628  83.097 0.0000000000
80548  8.790  -27.761  103.343 0.0000000000
80573  32.118  -29.269  97.067 0.0000000000
80582  32.717  -29.000  96.776 0.0000000000
80583  32.292  -29.183  96.896 0.0000000000
80590  33.129  -28.778  96.508 0.0000000000
80592  11.177  -29.022  95.133 0.0000000000
80594  38.932  -28.372  93.895 0.0000000000
80596  37.898  -28.721  94.746 0.0000000000
80601  13.819  -28.704  94.386 0.0000000000
80608  34.586  -28.697  94.071 0.0000000000
80619  40.747  -28.672  91.999 0.0000000000
80621  39.800  -28.824  92.907 0.0000000000
80641  36.057  -28.120  89.155 0.0000000000
80657  4.911  -28.344  88.066 0.0000000000
80658  4.217  -28.029  87.905 0.0000000000
80661  44.890  -27.281  86.264 0.0000000000
80681  30.904  -28.664  86.081 0.0000000000
80682  19.077  -29.132  85.974 0.0000000000
80683  18.833  -29.115  85.931 0.0000000000
80691  44.521  -27.368  85.418 0.0000000000
80703  10.724  -28.270  85.559 0.0000000000
80707  43.938  -27.344  84.740 0.0000000000
80710  28.302  -28.744  83.893 0.0000000000
80725  21.304  -28.602  83.764 0.0000000000
80737  27.708  -28.208  82.747 0.0000000000
80753  26.611  -28.122  81.618 0.0000000000
80755  25.064  -28.392  81.016 0.0000000000
81658  15.833  -26.693  103.776 0.0000000000
81663  11.424  -27.827  104.234 0.0000000000
81673  7.539  -27.004  103.188 0.0000000000
81677  11.724  -27.855  102.518 0.0000000000
81680  6.858  -27.141  102.520 0.0000000000
81683  10.828  -28.023  101.583 0.0000000000
81684  8.099  -27.850  101.997 0.0000000000
81689  8.890  -27.949  100.685 0.0000000000
81704  35.497  -28.273  95.995 0.0000000000
81705  35.016  -28.398  96.137 0.0000000000
81714  38.980  -27.995  93.946 0.0000000000
81724  38.960  -27.763  93.882 0.0000000000
81747  40.988  -28.445  91.712 0.0000000000
81757  37.120  -27.007  90.631 0.0000000000
81770  7.570  -26.872  89.210 0.0000000000
81776  45.323  -26.561  86.644 0.0000000000
81782  35.824  -27.614  88.213 0.0000000000
81785  9.397  -27.007  87.906 0.0000000000
81792  46.026  -26.087  86.266 0.0000000000
81793  45.896  -26.267  86.193 0.0000000000
81795  35.360  -27.452  87.615 0.0000000000
81797  34.019  -27.605  87.275 0.0000000000
81801  14.740  -28.583  88.027 0.0000000000
81818  9.947  -27.727  87.018 0.0000000000
81819  46.331  -26.013  85.648 0.0000000000
81821  45.451  -26.770  85.132 0.0000000000
81826  21.732  -27.060  85.659 0.0000000000
81830  17.893  -27.849  85.554 0.0000000000
81841  29.386  -27.748  84.248 0.0000000000
81844  20.753  -28.119  84.810 0.0000000000
81872  10.661  -27.816  82.609 0.0000000000
81890  27.135  -26.958  81.709 0.0000000000
81892  25.813  -27.424  80.830 0.0000000000
82783  16.900  -26.128  103.679 0.0000000000
82785  15.519  -26.625  104.114 0.0000000000
82790  11.287  -27.389  104.217 0.0000000000
82799  10.583  -26.992  103.963 0.0000000000
82803  6.767  -26.145  103.257 0.0000000000
82805  19.217  -25.984  102.950 0.0000000000
82810  14.905  -26.833  102.862 0.0000000000
82811  14.093  -26.944  102.606 0.0000000000
82818  4.875  -26.033  102.190 0.0000000000
82819  21.197  -25.850  101.618 0.0000000000
82834  21.174  -25.978  101.452 0.0000000000
82839  13.126  -26.441  101.363 0.0000000000
82849  12.245  -26.336  100.104 0.0000000000
82859  12.985  -25.930  98.435 0.0000000000
82865  18.783  -26.338  97.546 0.0000000000
82875  10.132  -27.090  97.102 0.0000000000
82877  37.748  -27.595  94.723 0.0000000000
82878  37.538  -27.560  94.820 0.0000000000
82886  38.584  -27.585  94.158 0.0000000000
82903  16.298  -26.401  93.834 0.0000000000
82914  40.507  -27.772  92.128 0.0000000000
82918  16.218  -26.458  93.083 0.0000000000
82934  15.502  -26.623  90.682 0.0000000000
82949  46.483  -25.388  86.487 0.0000000000
82950  45.996  -25.853  86.522 0.0000000000
82958  38.443  -26.044  88.680 0.0000000000
82964  22.253  -26.064  88.199 0.0000000000
82969  8.085  -26.690  89.030 0.0000000000
82973  46.551  -25.583  86.227 0.0000000000
82974  46.176  -25.918  86.265 0.0000000000
82988  22.835  -26.080  87.323 0.0000000000
82995  9.843  -26.620  87.614 0.0000000000
82997  46.842  -25.504  85.895 0.0000000000
82998  42.238  -26.168  86.760 0.0000000000
83002  39.240  -26.270  87.587 0.0000000000
83003  35.113  -25.953  86.484 0.0000000000
83008  30.785  -26.459  86.166 0.0000000000
83018  11.148  -26.382  86.327 0.0000000000
83019  10.701  -26.575  86.823 0.0000000000
83020  47.505  -25.383  85.797 0.0000000000
83024  22.965  -26.059  86.139 0.0000000000
83026  22.143  -26.708  86.141 0.0000000000
83035  30.032  -26.772  84.838 0.0000000000
83085  26.294  -26.244  80.945 0.0000000000
83100  23.589  -26.273  80.751 0.0000000000
84083  15.140  -26.369  104.271 0.0000000000
84084  14.253  -26.513  104.466 0.0000000000
84086  12.777  -26.706  104.481 0.0000000000
84093  13.734  -25.961  104.300 0.0000000000
84112  8.582  -25.485  102.738 0.0000000000
84115  3.796  -24.920  102.065 0.0000000000
84127  3.946  -25.597  101.358 0.0000000000
84128  3.692  -25.036  101.595 0.0000000000
84129  23.169  -25.272  100.825 0.0000000000
84140  5.431  -25.656  100.208 0.0000000000
84141  4.648  -25.516  100.320 0.0000000000
84144  22.130  -25.448  100.176 0.0000000000
84161  19.793  -25.979  98.377 0.0000000000
84168  12.960  -25.697  99.265 0.0000000000
84176  18.948  -25.887  97.001 0.0000000000
84180  14.771  -25.054  97.361 0.0000000000
84196  17.373  -25.585  95.265 0.0000000000
84201  8.448  -25.356  95.255 0.0000000000
84206  9.157  -25.984  94.555 0.0000000000
84219  16.386  -25.850  92.705 0.0000000000
84222  23.137  -25.021  91.128 0.0000000000
84227  31.324  -25.006  90.091 0.0000000000
84228  31.087  -25.086  90.074 0.0000000000
84230  22.978  -25.282  90.615 0.0000000000
84235  38.175  -25.917  88.977 0.0000000000
84242  22.041  -25.576  89.547 0.0000000000
84246  7.956  -25.611  89.338 0.0000000000
84252  46.730  -25.212  86.510 0.0000000000
84256  38.052  -25.842  88.663 0.0000000000
84257  37.553  -25.846  88.520 0.0000000000
84265  21.023  -25.436  88.550 0.0000000000
84266  20.393  -25.171  88.197 0.0000000000
84272  47.457  -25.123  86.387 0.0000000000
84273  47.082  -25.002  86.564 0.0000000000
84274  46.636  -24.976  86.767 0.0000000000
84275  45.895  -25.179  86.858 0.0000000000
84288  22.662  -26.023  87.999 0.0000000000
84289  21.388  -25.777  88.059 0.0000000000
84291  19.978  -25.257  87.630 0.0000000000
84294  16.583  -25.128  87.439 0.0000000000
84297  10.458  -25.388  87.551 0.0000000000
84299  47.721  -25.096  86.044 0.0000000000
84316  20.410  -25.719  87.248 0.0000000000
84320  16.783  -25.793  86.526 0.0000000000
84323  47.669  -24.941  85.855 0.0000000000
84324  47.459  -25.205  85.717 0.0000000000
84334  33.770  -24.779  85.613 0.0000000000
84337  23.124  -25.725  86.429 0.0000000000
84339  12.114  -24.741  85.472 0.0000000000
84342  47.320  -25.284  85.110 0.0000000000
85424  6.258  -23.756  104.145 0.0000000000
85436  5.693  -24.355  103.592 0.0000000000
85449  12.762  -25.226  103.123 0.0000000000
85455  3.931  -24.563  102.336 0.0000000000
85464  11.404  -24.728  101.873 0.0000000000
85475  21.735  -25.349  99.766 0.0000000000
85477  16.071  -24.832  99.049 0.0000000000
85487  16.233  -24.902  98.845 0.0000000000
85489  15.186  -24.853  98.868 0.0000000000
85494  20.476  -24.855  98.328 0.0000000000
85502  23.693  -24.205  95.685 0.0000000000
85511  24.215  -24.078  94.968 0.0000000000
85513  23.398  -24.314  95.236 0.0000000000
85516  6.655  -24.743  95.252 0.0000000000
85545  23.393  -24.619  91.346 0.0000000000
85562  4.667  -23.890  89.953 0.0000000000
85563  3.618  -24.354  90.104 0.0000000000
85564  3.425  -24.748  90.298 0.0000000000
85573  17.139  -24.060  88.928 0.0000000000
85585  23.388  -24.803  88.768 0.0000000000
85590  16.727  -24.507  88.373 0.0000000000
85599  44.010  -25.289  86.662 0.0000000000
85604  23.154  -24.133  87.393 0.0000000000
85607  17.607  -24.578  87.344 0.0000000000
85609  11.131  -24.553  87.338 0.0000000000
85612  45.612  -24.114  86.507 0.0000000000
85617  32.814  -24.546  86.345 0.0000000000
85621  18.364  -24.975  86.805 0.0000000000
85622  18.100  -24.782  86.941 0.0000000000
85626  43.557  -24.345  85.629 0.0000000000
85633  33.061  -24.449  85.944 0.0000000000
85638  12.064  -24.505  85.994 0.0000000000
85645  36.810  -24.423  84.106 0.0000000000
85646  36.157  -24.034  84.191 0.0000000000
85647  35.233  -24.018  84.547 0.0000000000
85653  12.268  -24.273  84.614 0.0000000000
85662  37.845  -23.961  83.473 0.0000000000
85663  36.952  -23.869  83.750 0.0000000000
85664  36.544  -23.639  84.009 0.0000000000
85665  28.511  -24.429  83.609 0.0000000000
85682  10.542  -24.826  82.797 0.0000000000
86640  6.912  -22.965  104.422 0.0000000000
86643  5.147  -23.283  103.947 0.0000000000
86647  5.269  -24.009  103.598 0.0000000000
86662  3.820  -24.194  102.074 0.0000000000
86673  14.036  -24.173  101.961 0.0000000000
86701  6.040  -22.951  99.643 0.0000000000
86717  20.297  -24.644  98.000 0.0000000000
86718  3.383  -23.210  97.378 0.0000000000
86725  19.432  -24.514  97.052 0.0000000000
86727  24.341  -23.624  95.402 0.0000000000
86729  22.973  -24.196  95.483 0.0000000000
86736  24.216  -23.764  94.404 0.0000000000
86738  22.483  -24.046  94.988 0.0000000000
86745  31.215  -23.243  93.087 0.0000000000
86746  30.962  -23.307  92.661 0.0000000000
86755  31.555  -23.370  93.099 0.0000000000
86759  21.766  -23.919  93.386 0.0000000000
86762  18.771  -23.148  92.823 0.0000000000
86775  5.580  -23.171  91.064 0.0000000000
86782  20.413  -23.715  91.285 0.0000000000
86791  3.567  -24.305  90.565 0.0000000000
86794  29.821  -23.927  88.939 0.0000000000
86795  23.536  -23.905  90.202 0.0000000000
86796  23.350  -23.497  89.673 0.0000000000
86806  3.968  -24.166  89.916 0.0000000000
86811  19.251  -23.828  89.240 0.0000000000
86814  10.961  -23.323  88.181 0.0000000000
86817  47.786  -24.156  86.473 0.0000000000
86818  47.616  -24.145  86.621 0.0000000000
86827  48.460  -23.387  85.973 0.0000000000
86830  47.037  -23.623  86.659 0.0000000000
86834  33.015  -23.081  86.028 0.0000000000
86842  48.373  -23.763  85.758 0.0000000000
86843  45.729  -23.414  86.148 0.0000000000
86853  12.334  -23.469  85.751 0.0000000000
86854  49.016  -23.101  85.390 0.0000000000
86859  42.204  -23.794  84.235 0.0000000000
86862  34.632  -23.371  84.737 0.0000000000
86883  12.015  -23.440  83.735 0.0000000000
86886  48.024  -23.173  83.335 0.0000000000
86903  27.333  -23.908  81.831 0.0000000000
86906  23.040  -24.109  81.122 0.0000000000
86921  26.007  -23.871  80.800 0.0000000000
87772  6.176  -21.833  104.840 0.0000000000
87777  5.631  -22.388  104.486 0.0000000000
87830  8.505  -21.608  99.346 0.0000000000
87834  5.111  -22.866  98.914 0.0000000000
87842  14.046  -21.870  98.656 0.0000000000
87848  4.077  -22.802  98.186 0.0000000000
87861  6.281  -22.485  96.469 0.0000000000
87865  32.793  -21.469  95.899 0.0000000000
87869  21.031  -23.415  95.706 0.0000000000
87870  20.809  -23.372  95.619 0.0000000000
87878  32.822  -21.847  95.546 0.0000000000
87883  21.101  -23.431  95.504 0.0000000000
87897  19.247  -23.181  93.571 0.0000000000
87901  5.765  -22.587  93.613 0.0000000000
87907  31.013  -22.544  92.885 0.0000000000
87912  19.223  -23.119  93.069 0.0000000000
87927  4.574  -23.172  91.850 0.0000000000
87932  23.416  -23.224  90.885 0.0000000000
87957  32.719  -22.953  87.097 0.0000000000
87966  46.846  -23.155  86.310 0.0000000000
87968  33.844  -22.304  85.843 0.0000000000
87977  12.104  -22.429  86.716 0.0000000000
87985  36.999  -21.910  85.115 0.0000000000
87988  34.204  -22.555  85.317 0.0000000000
87989  33.576  -22.774  85.667 0.0000000000
87994  49.813  -21.928  85.280 0.0000000000
87998  45.497  -22.462  84.849 0.0000000000
88002  37.857  -22.337  84.521 0.0000000000
88011  12.333  -22.630  84.469 0.0000000000
88012  12.018  -22.201  84.166 0.0000000000
88865  6.850  -21.200  104.979 0.0000000000
88866  6.414  -21.341  104.997 0.0000000000
88867  6.020  -21.398  104.963 0.0000000000
88924  10.050  -20.436  97.535 0.0000000000
88927  34.246  -20.208  96.621 0.0000000000
88928  33.903  -20.438  96.560 0.0000000000
88934  33.427  -21.081  96.188 0.0000000000
88940  34.280  -21.073  95.630 0.0000000000
88942  32.229  -21.266  95.378 0.0000000000
88943  31.915  -21.461  94.768 0.0000000000
88954  9.532  -21.518  94.021 0.0000000000
88956  40.922  -20.885  92.247 0.0000000000
88957  40.805  -21.025  92.083 0.0000000000
88961  30.968  -22.220  92.396 0.0000000000
88966  41.374  -20.919  91.564 0.0000000000
88968  40.589  -21.243  91.501 0.0000000000
88972  31.218  -21.494  91.900 0.0000000000
88979  41.180  -21.253  91.052 0.0000000000
88980  40.521  -21.483  90.604 0.0000000000
88989  10.004  -21.108  90.536 0.0000000000
88991  8.350  -22.197  91.495 0.0000000000
88998  32.855  -22.046  89.465 0.0000000000
89006  40.923  -21.558  89.213 0.0000000000
89008  39.069  -21.529  88.613 0.0000000000
89009  38.114  -21.339  88.222 0.0000000000
89010  37.380  -21.217  87.959 0.0000000000
89021  40.733  -21.397  88.193 0.0000000000
89032  12.357  -21.320  86.538 0.0000000000
89034  48.751  -22.513  85.824 0.0000000000
89043  33.670  -22.096  86.383 0.0000000000
89050  49.662  -21.506  85.328 0.0000000000
89061  29.813  -21.546  85.790 0.0000000000
89071  44.605  -22.013  83.977 0.0000000000
89075  37.455  -22.074  84.962 0.0000000000
89078  19.893  -20.953  84.623 0.0000000000
89086  44.099  -21.521  83.667 0.0000000000
89092  38.150  -22.301  84.462 0.0000000000
89100  49.099  -21.417  82.690 0.0000000000
89106  49.445  -20.840  82.658 0.0000000000
89120  23.688  -22.116  80.706 0.0000000000
89900  6.583  -20.899  105.017 0.0000000000
89902  5.895  -21.081  104.924 0.0000000000
89918  7.001  -20.176  101.893 0.0000000000
89919  6.485  -20.307  102.324 0.0000000000
89927  7.602  -20.405  101.342 0.0000000000
89936  9.091  -20.063  99.659 0.0000000000
89937  8.645  -20.326  100.171 0.0000000000
89953  34.715  -19.906  96.498 0.0000000000
89954  33.984  -19.721  96.708 0.0000000000
89955  33.587  -19.316  96.551 0.0000000000
89958  10.434  -20.031  97.148 0.0000000000
89960  35.040  -20.273  95.837 0.0000000000
89962  33.121  -19.974  96.388 0.0000000000
89964  10.987  -19.834  95.542 0.0000000000
89968  38.206  -19.917  94.248 0.0000000000
89973  32.121  -20.879  95.068 0.0000000000
89978  40.641  -20.383  92.689 0.0000000000
89983  35.901  -20.213  94.081 0.0000000000
89984  34.927  -20.736  94.345 0.0000000000
90005  42.288  -20.137  91.046 0.0000000000
90006  41.674  -20.534  91.490 0.0000000000
90007  41.263  -20.687  91.874 0.0000000000
90009  39.698  -21.175  91.611 0.0000000000
90020  42.590  -20.106  90.469 0.0000000000
90023  38.612  -21.070  90.743 0.0000000000
90027  34.137  -20.804  91.254 0.0000000000
90032  43.043  -19.662  89.824 0.0000000000
90035  39.282  -21.387  89.871 0.0000000000
90045  43.070  -19.751  89.513 0.0000000000
90048  38.980  -21.400  89.369 0.0000000000
90063  36.363  -21.082  87.901 0.0000000000
90068  42.119  -20.330  87.736 0.0000000000
90078  41.099  -20.354  86.222 0.0000000000
90096  12.079  -21.244  84.576 0.0000000000
90097  11.349  -20.865  84.306 0.0000000000
90101  50.338  -20.377  83.970 0.0000000000
90109  40.409  -20.879  84.372 0.0000000000
90114  19.830  -20.401  83.501 0.0000000000
90118  50.226  -20.116  83.585 0.0000000000
90178  54.272  -19.188  75.680 0.0000000000
90179  54.005  -19.301  75.693 0.0000000000
90935  6.881  -19.817  104.616 0.0000000000
90938  8.380  -19.876  103.553 0.0000000000
90980  9.488  -19.477  98.788 0.0000000000
90986  10.235  -19.343  97.423 0.0000000000
90988  35.309  -18.752  95.872 0.0000000000
90991  33.345  -18.872  96.293 0.0000000000
90997  37.712  -19.095  95.090 0.0000000000
91000  35.208  -19.458  96.102 0.0000000000
91010  40.056  -19.518  93.597 0.0000000000
91011  39.662  -19.560  93.957 0.0000000000
91012  38.923  -19.402  94.542 0.0000000000
91013  38.039  -19.533  94.695 0.0000000000
91027  36.316  -20.054  94.603 0.0000000000
91036  11.125  -19.972  93.731 0.0000000000
91048  41.904  -19.955  91.498 0.0000000000
91055  42.636  -19.545  90.499 0.0000000000
91071  42.850  -20.080  88.645 0.0000000000
91078  42.753  -19.973  88.038 0.0000000000
91086  41.599  -20.118  86.556 0.0000000000
91105  12.239  -20.435  85.756 0.0000000000
91116  45.962  -19.256  83.898 0.0000000000
91118  43.273  -19.172  84.437 0.0000000000
91120  41.654  -19.854  84.999 0.0000000000
91132  50.384  -19.763  83.783 0.0000000000
91136  43.480  -19.702  83.671 0.0000000000
91200  54.303  -18.688  76.410 0.0000000000
91201  53.930  -18.801  76.448 0.0000000000
91202  53.227  -18.997  76.209 0.0000000000
91210  54.149  -19.046  76.044 0.0000000000
91243  55.010  -18.587  73.735 0.0000000000
91986  9.525  -18.153  102.364 0.0000000000
91995  9.384  -18.700  102.400 0.0000000000
92041  10.309  -18.921  97.118 0.0000000000
92043  34.980  -18.371  95.772 0.0000000000
92044  34.503  -18.094  95.655 0.0000000000
92045  33.752  -18.049  95.844 0.0000000000
92046  33.232  -18.369  95.879 0.0000000000
92054  38.201  -18.371  95.015 0.0000000000
92055  37.375  -18.357  95.120 0.0000000000
92068  39.975  -19.094  93.901 0.0000000000
92081  39.791  -18.527  93.721 0.0000000000
92105  37.875  -17.639  91.452 0.0000000000
92115  42.924  -18.910  90.024 0.0000000000
92200  5.132  -18.390  85.880 0.0000000000
92205  48.283  -18.101  85.100 0.0000000000
92221  11.537  -19.205  85.988 0.0000000000
92243  26.377  -18.597  84.923 0.0000000000
92245  19.677  -19.082  84.375 0.0000000000
92250  50.511  -19.071  83.802 0.0000000000
92270  49.308  -18.298  82.437 0.0000000000
92321  53.725  -17.640  79.225 0.0000000000
92322  53.568  -17.743  78.979 0.0000000000
92323  44.344  -18.481  79.892 0.0000000000
92342  53.371  -18.004  78.340 0.0000000000
92399  55.486  -17.844  75.335 0.0000000000
93163  10.492  -17.622  101.325 0.0000000000
93203  33.769  -17.679  95.407 0.0000000000
93212  35.999  -17.422  94.684 0.0000000000
93216  32.923  -17.124  95.302 0.0000000000
93224  38.523  -17.498  94.604 0.0000000000
93225  37.837  -17.086  94.722 0.0000000000
93240  39.443  -18.058  93.449 0.0000000000
93248  38.614  -17.617  92.403 0.0000000000
93249  38.036  -17.258  91.941 0.0000000000
93256  37.264  -17.222  90.858 0.0000000000
93265  43.603  -17.895  88.967 0.0000000000
93268  41.928  -17.881  88.819 0.0000000000
93270  36.454  -17.258  89.705 0.0000000000
93438  22.592  -17.116  80.759 0.0000000000
93440  20.970  -17.192  80.973 0.0000000000
93443  53.884  -17.333  79.516 0.0000000000
93444  53.390  -17.268  79.321 0.0000000000
93462  54.627  -17.503  78.479 0.0000000000
93463  54.390  -17.394  79.168 0.0000000000
93481  54.816  -17.644  77.677 0.0000000000
93501  55.503  -17.432  76.260 0.0000000000
93519  55.529  -17.571  75.876 0.0000000000
93520  55.386  -17.792  76.122 0.0000000000
94281  6.030  -17.090  103.505 0.0000000000
94327  5.528  -15.983  100.653 0.0000000000
94337  6.175  -16.039  99.424 0.0000000000
94343  6.842  -15.933  97.245 0.0000000000
94352  34.852  -16.435  94.704 0.0000000000
94353  34.161  -16.337  94.833 0.0000000000
94364  36.570  -16.028  94.818 0.0000000000
94374  38.415  -16.714  93.917 0.0000000000
94385  38.511  -16.929  93.492 0.0000000000
94395  5.974  -16.427  93.080 0.0000000000
94397  4.949  -15.913  93.188 0.0000000000
94399  37.017  -16.039  91.914 0.0000000000
94404  9.586  -15.812  91.703 0.0000000000
94407  4.809  -16.087  92.938 0.0000000000
94414  10.097  -15.936  90.069 0.0000000000
94423  9.890  -15.866  89.635 0.0000000000
94430  43.173  -17.086  88.298 0.0000000000
94437  10.081  -16.222  88.589 0.0000000000
94461  8.614  -16.612  87.577 0.0000000000
94506  50.174  -16.925  84.501 0.0000000000
94535  49.292  -16.889  82.996 0.0000000000
94537  47.644  -16.445  82.560 0.0000000000
94558  20.294  -16.339  81.528 0.0000000000
94563  53.573  -16.006  80.402 0.0000000000
94578  52.694  -16.440  79.507 0.0000000000
94598  51.863  -16.771  78.280 0.0000000000
94599  51.034  -16.359  77.963 0.0000000000
95418  9.730  -15.618  103.342 0.0000000000
95434  9.743  -15.998  103.274 0.0000000000
95448  5.428  -15.528  101.700 0.0000000000
95481  6.825  -15.849  97.032 0.0000000000
95485  7.145  -15.541  96.694 0.0000000000
95494  7.164  -15.470  95.917 0.0000000000
95498  35.477  -15.094  94.987 0.0000000000
95505  6.111  -15.903  94.605 0.0000000000
95512  7.826  -16.035  93.064 0.0000000000
95517  36.747  -15.081  92.954 0.0000000000
95525  6.340  -16.354  92.784 0.0000000000
95528  4.178  -15.415  92.506 0.0000000000
95543  4.050  -15.570  92.298 0.0000000000
95552  9.789  -15.745  90.224 0.0000000000
95553  9.414  -15.620  90.130 0.0000000000
95566  9.797  -15.870  89.124 0.0000000000
95567  9.513  -15.726  89.394 0.0000000000
95582  9.582  -15.881  88.820 0.0000000000
95583  8.815  -15.703  88.769 0.0000000000
95605  43.614  -15.906  86.729 0.0000000000
95616  49.954  -16.288  84.804 0.0000000000
95679  44.597  -15.954  80.572 0.0000000000
95692  54.101  -15.555  80.320 0.0000000000
95694  53.047  -15.407  80.698 0.0000000000
95707  54.217  -15.725  79.726 0.0000000000
95727  54.199  -15.944  79.142 0.0000000000
95729  53.572  -15.184  78.534 0.0000000000
95803  52.846  -15.233  74.273 0.0000000000
96564  5.616  -15.075  101.807 0.0000000000
96576  6.611  -15.010  100.095 0.0000000000
96591  34.619  -14.826  95.277 0.0000000000
96606  6.601  -15.314  94.579 0.0000000000
96608  35.580  -14.102  94.088 0.0000000000
96612  8.371  -13.817  94.182 0.0000000000
96615  5.615  -15.337  93.666 0.0000000000
96616  36.362  -14.636  93.518 0.0000000000
96626  4.009  -15.308  92.361 0.0000000000
96634  5.841  -14.289  92.124 0.0000000000
96644  3.753  -14.826  91.238 0.0000000000
96650  4.364  -13.931  90.536 0.0000000000
96669  48.319  -14.058  86.141 0.0000000000
96744  45.458  -14.235  81.322 0.0000000000
96774  54.249  -14.917  79.912 0.0000000000
96776  52.545  -14.775  80.572 0.0000000000
97724  12.555  -12.844  100.934 0.0000000000
97734  7.666  -14.092  99.289 0.0000000000
97746  9.194  -13.282  96.243 0.0000000000
97747  8.842  -13.918  96.321 0.0000000000
97754  8.830  -13.721  95.548 0.0000000000
97761  9.137  -12.790  95.275 0.0000000000
97769  7.779  -13.774  93.285 0.0000000000
97779  6.833  -13.795  92.366 0.0000000000
97787  5.357  -14.004  91.377 0.0000000000
97793  6.416  -13.223  90.932 0.0000000000
97802  5.451  -13.088  90.120 0.0000000000
97920  53.488  -13.016  79.380 0.0000000000
97940  50.377  -13.802  78.984 0.0000000000
98873  9.308  -12.614  97.425 0.0000000000
98877  9.378  -12.820  96.881 0.0000000000
98878  9.231  -13.150  97.260 0.0000000000
98914  8.102  -12.843  92.863 0.0000000000
98987  48.792  -12.515  84.965 0.0000000000
99932  9.276  -12.108  102.004 0.0000000000
99942  12.810  -11.812  99.654 0.0000000000
99967  9.435  -12.186  96.886 0.0000000000
99970  9.368  -11.986  96.239 0.0000000000
99976  9.211  -11.852  95.543 0.0000000000
100181  53.667  -11.511  79.886 0.0000000000
100197  53.440  -11.638  79.631 0.0000000000
100204  46.975  -11.717  79.487 0.0000000000
100206  43.576  -11.471  80.013 0.0000000000
100319  56.850  -11.749  69.657 0.0000000000
101009  13.003  -10.043  98.653 0.0000000000
101021  8.009  -10.343  96.912 0.0000000000
101232  53.142  -10.580  80.302 0.0000000000
101242  53.235  -11.223  79.572 0.0000000000
102023  6.006  -8.598  101.675 0.0000000000
102038  6.737  -9.747  99.198 0.0000000000
102056  3.664  -8.619  99.142 0.0000000000
102087  5.224  -9.498  95.470 0.0000000000
102218  47.983  -9.948  84.462 0.0000000000
102263  53.056  -10.173  80.073 0.0000000000
102274  52.587  -9.779  79.743 0.0000000000
102293  51.302  -8.849  78.417 0.0000000000
102300  51.253  -9.486  78.166 0.0000000000
103078  6.100  -8.363  101.813 0.0000000000
103097  4.184  -8.214  99.515 0.0000000000
103110  3.814  -8.484  99.293 0.0000000000
103271  48.306  -9.145  83.521 0.0000000000
103326  52.079  -8.995  79.120 0.0000000000
103328  51.020  -8.216  78.529 0.0000000000
104161  6.195  -8.071  101.859 0.0000000000
104162  5.880  -7.882  101.774 0.0000000000
104183  4.146  -7.692  99.212 0.0000000000
104184  3.675  -7.699  98.939 0.0000000000
104407  49.163  -7.760  80.552 0.0000000000
104414  51.469  -8.045  79.115 0.0000000000
104427  51.357  -8.019  78.840 0.0000000000
105296  13.339  -6.617  99.858 0.0000000000
105298  7.877  -7.192  99.561 0.0000000000
105320  6.019  -6.624  97.914 0.0000000000
105331  4.235  -6.024  97.111 0.0000000000
105333  2.632  -5.779  96.010 0.0000000000
106352  3.659  -6.207  97.192 0.0000000000
106369  2.534  -5.183  95.811 0.0000000000
108473  7.539  -4.075  96.691 0.0000000000
111837  7.222  -0.721  100.476 0.0000000000
