#!ascii label  , from subject tim vox2ras=TkReg
10787
396  25.444  -104.488  19.815 0.6000000238
223  25.994  -105.131  19.126 0.5000000000
413  26.657  -104.145  18.093 0.6999999881
404  25.961  -104.468  19.311 0.5000000000
231  25.804  -105.683  18.363 0.4000000060
133  25.338  -106.105  18.305 0.2000000030
236  26.445  -104.668  17.762 0.5000000000
1261  24.609  -102.113  20.092 0.8999999762
920  24.888  -102.852  19.924 0.6999999881
1273  25.807  -101.936  18.868 0.8000000119
653  25.845  -103.787  19.242 0.6999999881
929  25.959  -102.777  18.863 0.8000000119
421  26.709  -104.225  17.403 0.6999999881
661  26.936  -103.453  17.763 0.6999999881
237  26.022  -105.224  17.644 0.4000000060
139  25.368  -105.941  17.570 0.3000000119
635  22.959  -103.823  21.595 0.6999999881
2147  24.022  -99.587  20.340 0.8999999762
1681  24.061  -100.581  20.456 0.8999999762
1263  23.397  -101.365  20.739 0.8000000119
647  24.597  -103.752  20.313 0.6999999881
634  23.884  -104.148  21.083 0.6999999881
2166  25.755  -99.618  19.297 0.8999999762
1274  25.211  -101.962  19.457 0.8999999762
397  24.637  -104.994  20.639 0.5000000000
4521  27.893  -96.254  15.659 1.0000000000
3822  27.319  -96.574  16.198 1.0000000000
3809  27.046  -96.081  17.089 1.0000000000
2672  26.075  -98.221  19.243 0.8999999762
1697  25.761  -101.072  19.007 0.8999999762
3841  27.648  -97.106  15.353 0.8999999762
3227  27.033  -97.157  16.954 1.0000000000
2188  26.635  -99.110  18.440 0.8999999762
1713  26.466  -100.498  18.396 0.8999999762
1282  26.431  -101.903  18.380 0.8999999762
215  25.257  -105.549  19.885 0.2000000030
2754  27.777  -98.757  14.682 0.8999999762
3238  27.248  -97.813  16.011 0.8999999762
2719  27.335  -98.803  16.350 0.8999999762
1281  27.234  -101.341  17.643 0.8000000119
128  24.550  -106.576  18.995 0.2000000030
673  27.593  -103.151  17.245 0.8999999762
243  26.303  -104.590  17.101 0.5000000000
249  25.498  -105.118  15.601 0.3000000119
1013  25.472  -102.652  10.863 0.3000000119
736  25.338  -103.370  11.344 0.3000000119
742  25.252  -102.991  10.256 0.2000000030
1024  25.517  -102.347  10.241 0.3000000119
497  24.701  -103.768  10.581 0.2000000030
637  21.006  -103.281  21.900 0.8000000119
1252  20.972  -101.950  21.126 1.0000000000
625  20.351  -103.613  22.148 0.6999999881
636  21.937  -103.621  21.846 0.8000000119
624  21.209  -103.997  22.249 0.4000000060
911  21.475  -102.738  21.475 0.8000000119
392  22.476  -104.387  21.994 0.5000000000
381  22.241  -105.144  22.305 0.4000000060
1683  21.955  -100.447  20.340 1.0000000000
1251  21.975  -102.014  21.084 0.8000000119
910  22.478  -102.867  21.375 0.6999999881
2657  22.229  -98.854  19.832 1.0000000000
1264  22.465  -101.268  20.747 0.8000000119
1250  22.939  -102.083  21.051 0.8000000119
909  23.505  -102.999  21.105 0.6999999881
390  24.006  -105.019  21.241 0.5000000000
2675  22.858  -98.223  19.835 1.0000000000
1682  22.981  -100.504  20.518 0.8000000119
2674  24.015  -98.677  20.133 0.8999999762
2656  23.119  -99.070  20.131 1.0000000000
921  24.223  -102.700  20.520 0.6999999881
4463  29.932  -95.492  19.233 0.6999999881
5214  29.387  -94.539  18.469 0.6999999881
5231  28.482  -94.311  17.787 0.8000000119
2167  24.876  -99.429  20.050 0.8999999762
5230  29.363  -94.941  17.432 0.8000000119
5247  29.097  -95.100  16.835 1.0000000000
5232  27.576  -94.587  17.713 0.8000000119
2673  25.207  -98.442  19.884 0.8999999762
3197  24.482  -97.444  19.854 0.8999999762
4507  29.610  -95.406  16.741 0.8999999762
4519  29.537  -95.720  15.973 0.8999999762
4520  28.640  -95.887  15.720 1.0000000000
4493  27.210  -95.291  17.415 0.8000000119
3810  26.853  -95.700  17.898 1.0000000000
3195  26.165  -97.112  19.140 0.8999999762
2751  30.649  -98.552  14.028 0.8999999762
3862  29.368  -96.986  14.537 1.0000000000
3840  28.500  -96.766  14.977 0.8999999762
2706  27.149  -98.194  16.991 1.0000000000
2693  26.650  -97.729  18.451 0.8999999762
2245  30.370  -99.383  13.881 0.8999999762
2766  28.640  -99.457  13.900 0.8999999762
1764  28.346  -100.665  14.464 0.8999999762
2212  27.576  -99.834  16.141 0.8999999762
1712  27.122  -99.980  17.803 0.8999999762
1761  31.416  -100.494  13.859 0.8999999762
1762  30.538  -100.358  13.852 0.8999999762
1763  29.332  -100.615  13.837 0.8999999762
1334  28.709  -101.914  14.947 0.8999999762
1738  28.260  -101.689  16.031 0.8999999762
950  27.790  -102.376  17.099 0.8999999762
1342  32.219  -101.556  13.107 0.8999999762
1344  30.936  -101.693  13.735 0.8999999762
989  30.676  -102.205  13.673 0.8999999762
981  29.322  -102.662  14.812 0.8999999762
971  29.164  -103.309  15.336 0.8999999762
430  28.373  -103.945  16.065 0.6999999881
431  27.724  -103.924  16.469 0.6999999881
1008  31.231  -102.210  11.675 0.8000000119
1009  30.570  -102.790  11.917 0.8000000119
477  29.801  -103.629  12.738 0.6999999881
468  29.396  -103.955  13.527 0.6999999881
441  28.659  -104.202  15.344 0.5000000000
256  27.580  -104.703  14.306 0.5000000000
457  27.292  -104.627  14.918 0.6000000238
444  25.953  -104.693  15.541 0.5000000000
1379  31.317  -101.743  10.426 0.6999999881
740  29.659  -103.018  11.383 0.6999999881
733  28.761  -102.966  11.571 0.6000000238
479  28.294  -103.904  12.830 0.6000000238
471  26.877  -104.419  13.515 0.5000000000
266  26.063  -104.658  13.665 0.4000000060
170  24.817  -105.610  14.396 0.3000000119
1819  29.485  -100.199  9.444 0.6000000238
1387  30.162  -101.641  9.488 0.6000000238
1389  29.163  -101.335  10.180 0.6000000238
1011  27.997  -102.242  11.966 0.6000000238
999  27.578  -102.511  12.213 0.6000000238
725  26.507  -103.569  12.659 0.6000000238
481  26.084  -104.350  13.048 0.4000000060
2815  29.490  -98.916  8.407 0.5000000000
2312  28.907  -99.468  9.614 0.5000000000
2299  28.535  -99.999  10.456 0.5000000000
1368  27.813  -101.644  11.743 0.6000000238
1000  26.711  -102.607  12.248 0.6000000238
735  25.911  -103.177  12.129 0.4000000060
726  25.632  -103.922  12.285 0.4000000060
2808  28.417  -98.988  9.266 0.5000000000
2300  28.031  -99.496  10.449 0.5000000000
2285  26.919  -99.922  10.890 0.3000000119
1012  25.872  -102.502  11.584 0.5000000000
492  24.334  -104.337  11.213 0.2000000030
2817  28.080  -98.768  8.430 0.5000000000
2313  27.791  -99.119  9.629 0.3000000119
2314  26.769  -99.649  9.563 0.3000000119
1370  25.744  -101.953  10.865 0.2000000030
1031  25.510  -102.144  9.422 0.2000000030
744  24.928  -103.121  9.516 0.2000000030
498  24.068  -104.160  10.501 0.2000000030
2322  27.388  -99.228  8.575 0.3000000119
2323  26.629  -100.018  8.702 0.3000000119
1390  25.939  -101.528  9.012 0.2000000030
748  24.956  -102.699  9.090 0.2000000030
1833  26.963  -100.021  7.885 0.3000000119
1030  25.710  -101.826  9.031 0.2000000030
1035  25.267  -101.986  8.947 0.2000000030
1847  26.818  -100.594  7.246 0.2000000030
1834  26.381  -100.810  8.323 0.2000000030
1399  26.076  -101.335  8.440 0.2000000030
1039  25.640  -101.410  8.484 0.2000000030
1036  24.816  -102.206  8.943 0.2000000030
1408  26.131  -101.158  7.874 0.2000000030
1409  25.682  -101.163  7.713 0.2000000030
1400  25.417  -101.389  8.402 0.2000000030
1401  25.108  -101.383  8.317 0.2000000030
903  19.099  -103.045  21.741 0.8000000119
383  20.623  -104.453  22.546 0.4000000060
384  19.825  -104.288  22.568 0.4000000060
627  18.412  -103.586  21.908 0.6000000238
1684  20.891  -100.456  20.280 1.0000000000
1265  21.461  -101.237  20.679 1.0000000000
370  20.180  -104.882  22.909 0.4000000060
371  19.425  -104.945  23.002 0.4000000060
386  17.945  -104.361  22.512 0.6000000238
2150  21.322  -99.445  19.885 1.0000000000
204  22.487  -105.938  22.534 0.3000000119
2676  21.940  -98.043  19.564 1.0000000000
2169  20.903  -98.642  19.578 1.0000000000
3199  22.393  -97.305  19.508 1.0000000000
3198  23.411  -97.434  19.700 1.0000000000
3797  30.249  -96.168  18.702 0.8000000119
5196  29.461  -94.494  19.533 0.6999999881
5921  28.439  -93.423  19.585 0.6999999881
3782  24.824  -96.412  19.653 1.0000000000
3783  23.825  -96.472  19.558 1.0000000000
4491  30.558  -95.958  17.465 0.8999999762
4480  29.956  -95.445  18.205 0.8999999762
5922  27.602  -93.321  19.379 0.8000000119
5944  27.340  -93.875  18.641 0.8000000119
4518  30.130  -95.727  16.433 0.8999999762
3838  30.626  -96.026  15.726 1.0000000000
5217  26.774  -94.395  18.643 0.8000000119
4465  25.116  -95.433  19.503 0.8999999762
3781  25.712  -96.316  19.436 0.8999999762
3860  31.358  -96.730  14.883 1.0000000000
3861  30.288  -96.781  14.671 1.0000000000
3780  26.241  -96.316  19.020 0.8999999762
2749  32.644  -98.471  14.143 0.8999999762
4464  26.125  -95.296  19.129 0.8000000119
2259  32.610  -99.475  13.737 0.8999999762
1341  32.982  -100.846  12.801 0.8999999762
1794  34.083  -100.258  11.805 0.8999999762
1354  32.776  -101.218  12.364 0.8000000119
1795  33.264  -100.517  11.577 0.8999999762
1386  31.048  -101.632  9.498 0.6000000238
1378  31.936  -100.988  10.341 0.6999999881
1810  32.546  -100.072  10.579 0.8000000119
1397  30.508  -101.116  8.727 0.6000000238
1818  32.194  -100.043  9.371 0.6999999881
1857  31.986  -99.666  6.823 0.6999999881
1844  31.604  -100.115  7.458 0.6000000238
1407  30.953  -100.687  7.948 0.6000000238
1385  31.674  -100.816  9.001 0.6000000238
2310  32.615  -99.159  9.010 0.8000000119
2340  30.844  -99.013  7.069 0.6000000238
2825  29.494  -98.598  7.721 0.6000000238
2333  27.593  -99.377  7.393 0.4000000060
2342  27.978  -99.524  6.380 0.4000000060
1858  27.413  -100.082  6.649 0.4000000060
1859  27.074  -100.559  6.263 0.3000000119
1418  26.282  -100.902  6.582 0.2000000030
912  20.453  -102.697  21.610 1.0000000000
639  17.668  -103.232  21.457 0.8999999762
1266  20.450  -101.236  20.659 1.0000000000
628  17.401  -103.824  21.999 0.8000000119
206  20.768  -105.151  22.857 0.3000000119
387  17.106  -104.272  22.674 0.8000000119
2151  20.218  -99.800  19.917 1.0000000000
1685  19.900  -100.577  20.220 1.0000000000
195  20.163  -105.741  23.232 0.3000000119
372  18.437  -104.982  23.003 0.3000000119
373  17.387  -104.904  23.193 0.6999999881
374  16.325  -104.418  23.307 0.8000000119
100  21.118  -106.782  23.226 0.3000000119
3201  20.554  -97.312  19.645 1.0000000000
3200  21.428  -97.221  19.511 1.0000000000
3786  20.774  -96.310  19.856 1.0000000000
4470  20.891  -95.623  20.153 0.8999999762
3785  21.825  -96.402  19.520 1.0000000000
5202  21.757  -94.972  19.935 0.8000000119
3778  30.456  -97.332  19.207 0.8999999762
5161  27.882  -94.053  21.877 0.8000000119
5903  27.915  -93.054  20.356 0.8000000119
4467  23.175  -95.528  19.421 1.0000000000
4468  22.233  -95.567  19.563 1.0000000000
5181  22.365  -93.979  20.305 0.8000000119
3193  30.629  -97.871  19.163 0.8999999762
4479  30.466  -96.135  18.068 0.8999999762
5872  27.441  -93.705  22.031 0.8000000119
6701  27.295  -92.970  21.292 0.8000000119
6750  27.039  -92.883  20.024 0.8000000119
5199  24.414  -94.630  19.502 0.8000000119
5200  23.527  -94.701  19.499 0.8000000119
3226  31.370  -97.511  18.285 0.8000000119
3807  32.141  -96.849  17.451 0.8999999762
6726  26.506  -92.658  20.704 0.8000000119
6751  26.181  -92.905  19.961 0.8000000119
5197  26.080  -94.179  19.225 0.8000000119
5198  25.327  -94.440  19.483 0.8000000119
3818  33.334  -96.698  16.359 0.8999999762
3837  31.869  -96.246  15.704 0.8999999762
3270  34.143  -97.710  14.849 0.8999999762
3272  32.012  -97.548  14.527 1.0000000000
2258  33.560  -99.417  13.306 1.0000000000
2272  34.295  -99.834  12.445 1.0000000000
2271  34.649  -99.403  12.527 0.8999999762
2786  33.550  -99.098  11.309 0.8999999762
2317  33.179  -99.108  8.121 0.8000000119
2309  33.025  -98.825  8.763 0.8000000119
2298  32.503  -99.297  10.082 0.8000000119
1843  32.313  -99.897  7.406 0.6999999881
2318  32.493  -99.669  8.428 0.6999999881
2797  32.805  -98.763  9.527 0.8999999762
2339  31.554  -99.201  6.674 0.6000000238
2841  29.736  -98.365  6.516 0.5000000000
2855  29.120  -98.546  5.843 0.6000000238
2351  28.685  -99.251  5.238 0.5000000000
2352  28.222  -99.469  5.781 0.4000000060
1253  19.974  -101.887  21.131 1.0000000000
913  19.466  -102.512  21.437 1.0000000000
1686  18.956  -100.639  20.156 1.0000000000
924  17.655  -101.971  20.654 1.0000000000
2153  18.545  -99.763  19.980 1.0000000000
194  20.764  -106.290  23.242 0.3000000119
916  16.283  -102.442  21.163 1.0000000000
2171  19.522  -99.319  19.758 1.0000000000
101  20.285  -106.687  23.401 0.3000000119
196  18.960  -105.672  23.327 0.3000000119
2678  20.293  -98.135  19.579 1.0000000000
2679  19.288  -98.431  19.772 1.0000000000
7  21.291  -108.000  22.353 0.3000000119
1  20.597  -107.787  22.938 0.3000000119
2  19.615  -107.758  22.748 0.3000000119
31  18.451  -106.868  23.438 0.3000000119
199  16.806  -105.042  23.640 0.6000000238
3202  19.721  -97.483  19.836 1.0000000000
105  16.483  -106.600  23.612 0.4000000060
191  15.591  -105.325  23.798 0.6999999881
4452  20.349  -95.537  20.727 1.0000000000
4453  19.672  -96.106  20.884 1.0000000000
5183  20.848  -94.675  21.109 0.8000000119
5140  27.416  -94.517  22.449 0.6999999881
5182  21.695  -94.254  20.594 0.8000000119
2654  30.056  -98.517  20.297 0.8000000119
5141  26.303  -94.597  22.974 0.8000000119
2691  31.238  -98.961  19.084 0.8000000119
6688  26.288  -92.965  22.126 0.8000000119
5926  23.752  -93.971  19.651 0.8000000119
5907  22.999  -93.538  20.200 0.8000000119
3806  32.906  -96.817  17.123 0.8000000119
6689  25.418  -92.860  22.131 0.6999999881
6727  25.598  -92.704  20.432 0.8000000119
5905  24.664  -93.176  20.080 0.8000000119
6729  24.068  -92.925  20.508 0.8000000119
3223  33.967  -97.950  17.210 0.8999999762
5924  25.539  -93.359  19.739 0.8000000119
3269  34.579  -98.073  15.084 0.8999999762
2747  34.663  -98.365  14.567 0.8999999762
2762  34.060  -98.718  13.646 0.8999999762
2242  34.768  -98.777  13.752 0.8999999762
2256  35.040  -99.015  13.368 0.8999999762
2784  35.048  -98.825  12.195 0.8999999762
2775  34.410  -98.019  11.908 0.8999999762
3303  34.040  -97.590  11.317 0.8999999762
2814  34.033  -98.603  7.932 0.8999999762
2806  33.518  -98.372  9.043 1.0000000000
3315  33.586  -97.837  10.255 0.8999999762
2796  33.031  -98.643  10.438 0.8999999762
2327  33.057  -99.269  7.013 0.8999999762
2338  32.459  -99.133  6.486 0.6999999881
2337  33.036  -98.904  6.484 0.8000000119
2853  31.072  -98.313  5.303 0.5000000000
2852  31.923  -98.469  5.460 0.6999999881
2854  29.954  -98.255  5.267 0.5000000000
2350  29.253  -98.655  5.209 0.5000000000
1867  28.409  -99.833  4.755 0.5000000000
1868  27.855  -100.143  5.467 0.4000000060
1869  26.823  -100.746  5.440 0.2000000030
2360  29.323  -98.855  4.617 0.5000000000
1426  25.998  -101.322  5.320 0.1000000015
2369  28.689  -99.680  3.553 0.5000000000
1687  17.992  -100.572  20.230 1.0000000000
1268  18.442  -101.481  20.518 1.0000000000
642  15.730  -102.723  21.840 0.8999999762
2154  17.471  -99.624  20.581 1.0000000000
1269  17.577  -101.211  20.460 1.0000000000
905  15.044  -103.040  22.865 0.8999999762
894  14.335  -102.862  23.237 0.8999999762
3184  18.371  -97.937  20.660 1.0000000000
2660  18.283  -98.757  20.248 1.0000000000
2137  17.291  -99.127  21.179 1.0000000000
609  14.411  -103.953  23.624 0.8000000119
3753  18.653  -97.006  22.089 1.0000000000
3767  19.414  -96.800  20.466 1.0000000000
8  20.356  -107.921  22.484 0.3000000119
365  14.749  -104.539  23.684 0.6999999881
4437  19.654  -95.671  21.662 0.8999999762
3752  19.156  -96.446  21.418 1.0000000000
33  16.490  -107.205  22.942 0.4000000060
192  14.715  -105.513  23.480 0.5000000000
201  14.109  -105.518  23.144 0.5000000000
41  15.298  -106.352  22.915 0.4000000060
207  13.769  -105.486  22.717 0.6000000238
5879  20.965  -93.774  23.178 0.6999999881
5891  21.071  -93.821  22.205 0.8000000119
395  13.135  -104.740  22.287 0.6000000238
5877  22.836  -93.071  22.199 0.6999999881
5878  21.778  -93.438  22.723 0.8000000119
5122  25.587  -95.056  23.267 0.6999999881
5142  25.206  -94.460  23.050 0.6999999881
5889  22.603  -93.203  21.112 0.8000000119
2186  31.507  -99.444  19.092 0.8000000119
2690  31.599  -98.910  18.697 0.8000000119
5874  25.817  -93.593  22.635 0.6999999881
6691  23.738  -92.825  21.839 0.6999999881
3225  31.840  -97.796  18.183 0.8000000119
2703  33.411  -98.667  17.784 0.8000000119
6690  24.519  -92.821  22.025 0.6999999881
6705  24.233  -92.668  21.206 0.8000000119
2718  34.810  -98.734  16.570 0.8999999762
2717  35.242  -98.815  16.062 0.8999999762
2746  35.259  -98.613  15.208 0.8999999762
2240  35.979  -98.628  14.841 0.8999999762
2255  35.534  -98.513  13.845 0.8000000119
2774  34.881  -98.188  12.263 0.8000000119
3900  34.541  -96.932  11.710 0.8000000119
3914  34.553  -96.858  10.948 0.8000000119
2813  34.764  -98.124  8.282 0.8999999762
3325  34.895  -97.700  9.127 1.0000000000
3314  34.478  -97.292  10.126 0.8999999762
2823  33.733  -98.743  7.243 0.8999999762
2822  34.639  -98.174  7.042 0.8999999762
2851  32.693  -98.419  5.675 0.8000000119
2836  34.371  -97.861  6.382 0.8000000119
3365  32.599  -97.435  5.101 0.8000000119
2863  32.192  -98.072  4.941 0.8000000119
2850  33.199  -97.959  5.536 0.8000000119
2864  31.502  -98.080  4.676 0.5000000000
2865  30.680  -98.154  4.401 0.5000000000
2866  29.930  -98.524  4.181 0.5000000000
3375  30.672  -97.959  3.870 0.6000000238
2875  29.669  -98.472  3.444 0.5000000000
2368  29.367  -99.130  3.820 0.5000000000
1877  28.151  -100.232  4.178 0.5000000000
1878  27.249  -100.668  4.545 0.5000000000
3395  28.725  -98.225  2.800 0.5000000000
2885  28.993  -98.624  2.879 0.5000000000
2379  28.237  -99.415  2.963 0.5000000000
2886  28.316  -98.714  2.790 0.5000000000
2380  27.247  -99.807  2.854 0.5000000000
1886  27.975  -100.094  3.315 0.5000000000
1887  27.216  -100.605  3.656 0.5000000000
2876  27.347  -98.401  3.159 0.5000000000
2887  27.476  -98.946  2.825 0.5000000000
2888  26.751  -99.359  2.925 0.5000000000
2382  25.666  -100.102  2.965 0.5000000000
2877  26.472  -98.708  3.591 0.5000000000
2878  25.674  -99.055  3.834 0.5000000000
2372  24.583  -100.048  3.419 0.4000000060
2868  25.391  -98.836  4.570 0.5000000000
2363  24.670  -99.409  4.217 0.4000000060
1870  22.669  -100.248  4.838 0.4000000060
925  16.951  -102.163  20.754 1.0000000000
885  13.301  -103.042  23.878 1.0000000000
1689  16.663  -100.663  20.813 1.0000000000
1257  15.505  -101.524  21.830 1.0000000000
1231  14.760  -101.334  22.966 0.8999999762
3173  18.073  -97.799  21.655 1.0000000000
2644  17.911  -98.364  20.988 1.0000000000
610  13.862  -103.847  23.710 0.6999999881
3743  19.166  -96.148  22.539 1.0000000000
3744  18.652  -96.811  23.050 1.0000000000
621  12.725  -103.968  23.661 0.8999999762
4425  19.826  -95.243  22.751 0.8999999762
4409  19.301  -95.758  24.061 0.8000000119
3731  19.022  -96.202  23.736 0.8000000119
3150  18.273  -97.073  24.020 0.8000000119
366  13.801  -104.630  23.588 0.6999999881
377  13.488  -104.948  23.381 0.8000000119
622  12.327  -103.577  23.451 0.8000000119
5146  20.136  -94.767  23.235 0.8999999762
5128  19.870  -95.013  23.706 0.8000000119
389  12.540  -104.276  22.874 0.6999999881
632  12.696  -104.259  22.510 0.8000000119
644  12.944  -103.802  21.741 0.6999999881
919  11.357  -102.142  21.449 0.8000000119
5868  21.579  -93.496  23.728 0.6999999881
5866  23.261  -93.504  23.032 0.6999999881
5867  22.521  -93.494  23.482 0.6999999881
1711  32.321  -99.917  19.001 0.8000000119
2198  33.003  -98.950  18.120 0.8000000119
4405  24.326  -95.208  23.413 0.6999999881
5143  24.364  -94.232  23.071 0.6999999881
5144  23.733  -93.931  23.136 0.6999999881
2197  33.677  -99.457  18.072 0.8000000119
2210  35.182  -99.183  16.728 0.8999999762
2225  35.943  -98.957  15.438 0.8999999762
2731  36.505  -98.502  15.745 0.8999999762
2745  36.279  -98.100  14.687 0.8999999762
3268  36.756  -97.163  15.123 0.8999999762
3286  35.648  -97.075  13.562 0.8000000119
4577  36.390  -96.110  11.691 0.8999999762
4551  35.830  -95.997  12.900 0.8000000119
3899  35.101  -96.469  11.364 0.8000000119
3324  35.783  -97.493  8.910 1.0000000000
3313  35.360  -97.282  9.616 1.0000000000
3913  35.452  -96.804  10.404 1.0000000000
3332  36.064  -97.589  8.061 1.0000000000
3342  35.435  -97.568  6.924 1.0000000000
3354  34.926  -97.271  6.316 0.8999999762
3373  31.858  -97.521  4.460 0.6999999881
3364  33.596  -97.369  5.607 0.8000000119
10670  7.102  -88.836  2.877 0.6000000238
10630  6.849  -88.645  4.193 0.6000000238
3973  33.015  -96.666  5.440 0.8000000119
3972  33.899  -96.582  5.692 0.8999999762
4000  30.696  -97.041  3.645 0.6000000238
3974  32.112  -96.545  4.869 0.6999999881
4689  33.392  -96.147  5.873 0.8999999762
10649  8.391  -89.215  3.160 0.6000000238
4001  29.899  -97.035  3.458 0.6000000238
10669  7.801  -89.348  2.747 0.5000000000
4002  28.972  -97.037  3.412 0.5000000000
3989  28.484  -96.569  4.082 0.5000000000
3387  27.465  -97.745  3.600 0.5000000000
3367  25.796  -97.863  6.064 0.6000000238
3377  26.612  -97.450  4.907 0.5000000000
3977  27.966  -96.252  4.818 0.6999999881
2867  26.121  -98.080  4.884 0.5000000000
2858  24.449  -98.832  5.551 0.5000000000
2353  24.345  -99.196  4.877 0.5000000000
2843  24.970  -98.336  6.310 0.5000000000
2354  23.570  -99.580  4.970 0.4000000060
2343  22.887  -99.157  5.879 0.4000000060
2355  22.300  -99.849  5.530 0.4000000060
1219  13.660  -101.795  23.764 0.8999999762
886  12.600  -102.822  24.099 1.0000000000
887  11.785  -102.581  24.096 1.0000000000
897  11.064  -102.051  23.639 0.8999999762
896  11.723  -102.860  23.220 0.8000000119
907  11.335  -102.181  22.513 0.8000000119
1690  10.599  -101.156  20.943 0.6999999881
5125  23.302  -94.194  23.652 0.6999999881
1695  32.335  -100.131  19.545 0.8000000119
1709  33.808  -99.875  18.917 0.8000000119
5124  23.844  -94.557  23.361 0.6999999881
1721  34.656  -99.725  18.008 0.8000000119
2209  35.960  -99.282  16.523 0.8000000119
2716  36.497  -98.785  16.596 0.8000000119
3251  36.666  -97.879  15.384 0.8000000119
3857  36.817  -96.474  14.422 0.6999999881
4550  36.672  -95.857  12.798 0.8999999762
3897  37.031  -96.270  11.309 0.8999999762
3926  36.221  -97.132  9.541 1.0000000000
3912  36.658  -96.715  10.335 0.8999999762
3323  36.596  -97.275  8.658 1.0000000000
3340  36.619  -97.125  7.606 1.0000000000
3939  37.181  -96.854  8.139 0.8999999762
3353  35.831  -96.960  6.687 1.0000000000
3963  35.464  -96.380  6.324 1.0000000000
9575  8.124  -89.766  6.634 0.8000000119
9623  7.608  -89.169  4.305 0.8000000119
4688  34.158  -96.148  6.032 0.8999999762
4673  35.795  -95.722  6.607 0.8999999762
9598  8.115  -89.614  5.369 0.8000000119
9647  8.108  -89.278  3.685 0.6000000238
10584  6.504  -88.040  5.650 0.6999999881
3975  31.539  -96.360  4.700 0.8000000119
4690  32.420  -96.158  5.659 0.8999999762
9622  8.466  -89.491  4.313 0.8000000119
3987  30.345  -96.490  4.011 0.8000000119
4691  31.340  -96.037  5.289 1.0000000000
4676  32.800  -95.970  6.540 0.8999999762
10668  8.925  -89.296  2.783 0.5000000000
10648  9.404  -88.722  3.214 0.6000000238
3988  29.400  -96.464  3.988 0.6000000238
4704  29.789  -96.001  4.653 0.8000000119
4693  29.146  -95.794  5.511 0.8999999762
4678  30.509  -95.894  6.410 0.8999999762
3979  26.716  -96.955  5.482 0.6999999881
3978  27.275  -96.541  5.098 0.8000000119
4694  28.216  -95.857  5.506 0.8999999762
4679  29.414  -95.642  6.405 0.8000000119
3966  26.387  -96.890  6.495 0.6000000238
3965  27.008  -96.386  5.870 0.6999999881
3344  24.682  -97.818  7.846 0.6999999881
3356  26.065  -97.421  6.335 0.6999999881
2828  23.983  -98.417  7.314 0.5000000000
2844  24.358  -98.577  6.557 0.5000000000
1220  13.094  -102.021  24.051 1.0000000000
1221  12.270  -101.855  24.434 1.0000000000
1244  10.469  -101.081  23.019 0.8000000119
1673  10.499  -100.826  21.743 0.8000000119
1706  10.043  -100.274  19.538 0.4000000060
1272  10.536  -101.183  20.305 0.6000000238
1691  10.365  -100.559  20.681 0.8000000119
4407  23.154  -94.924  24.221 0.6999999881
2178  9.463  -99.338  19.272 0.3000000119
2144  33.171  -99.755  20.282 0.8000000119
2163  33.967  -99.715  19.560 0.8000000119
2162  34.464  -99.655  19.232 0.8000000119
1708  34.449  -99.737  18.597 0.8000000119
2180  35.795  -99.267  18.149 0.8000000119
2715  36.743  -98.370  16.434 0.8000000119
3234  37.695  -97.110  16.514 0.8000000119
3856  37.827  -96.484  14.819 0.6999999881
3873  38.839  -96.130  13.629 0.8000000119
3874  37.532  -96.023  13.484 0.6999999881
3884  37.504  -96.054  12.207 0.8000000119
3895  39.212  -95.818  11.376 0.8999999762
3896  38.198  -96.185  11.279 0.8999999762
3910  38.698  -95.954  10.256 0.8999999762
3911  37.739  -96.440  10.297 1.0000000000
3924  38.163  -96.231  9.472 0.8999999762
3938  37.858  -96.158  8.586 0.8999999762
4628  37.461  -95.436  8.058 0.8999999762
8629  9.249  -89.851  8.699 1.0000000000
8651  9.767  -89.915  8.166 0.8999999762
9524  8.056  -89.509  8.013 0.8999999762
4652  36.127  -95.384  7.158 0.8999999762
8681  8.892  -90.139  7.301 0.8000000119
9576  7.214  -89.027  6.112 0.6999999881
4653  35.320  -95.400  7.144 0.8999999762
8707  8.844  -90.177  6.302 0.8999999762
4655  33.297  -95.788  7.429 0.8000000119
8747  9.265  -89.690  5.071 0.8000000119
9646  8.854  -89.254  3.624 0.8000000119
4692  30.171  -95.849  5.459 1.0000000000
10629  9.498  -88.352  4.139 0.8999999762
4657  30.833  -96.028  7.560 0.8999999762
3335  24.908  -96.998  8.434 0.8000000119
3343  25.469  -97.174  7.758 0.6999999881
3956  25.950  -96.463  7.833 0.8000000119
4661  26.625  -96.005  7.272 0.6000000238
4681  27.436  -95.841  6.280 0.6000000238
4658  29.668  -95.672  7.453 0.6999999881
3967  25.975  -96.992  7.223 0.6999999881
3345  23.500  -97.861  8.076 0.6999999881
1663  10.173  -100.570  22.472 0.8000000119
2714  8.916  -98.392  17.570 0.3000000119
2160  9.863  -99.466  20.706 0.6999999881
1666  32.500  -99.999  20.781 0.8000000119
2192  9.307  -99.223  18.317 0.3000000119
2134  32.321  -99.333  21.540 0.8000000119
2143  34.051  -99.354  20.195 0.8000000119
2141  35.435  -99.037  19.375 0.8000000119
2700  36.780  -98.368  17.152 0.8000000119
3855  39.108  -96.239  14.634 0.8000000119
3833  38.389  -96.566  15.742 0.8000000119
3832  39.434  -96.091  15.327 0.8999999762
3882  39.616  -95.753  12.709 0.8999999762
3883  38.573  -96.095  12.417 0.8999999762
9523  10.260  -89.549  8.798 1.0000000000
10563  6.860  -88.166  6.794 0.6999999881
5370  36.052  -94.733  8.559 0.8000000119
4631  34.874  -95.251  8.142 0.8000000119
8680  9.616  -90.015  6.913 0.8999999762
5358  25.776  -94.424  9.548 0.8000000119
4632  33.841  -95.512  8.279 0.8000000119
9574  9.780  -89.371  6.155 0.8999999762
10605  9.627  -88.918  4.665 0.8000000119
4619  24.492  -95.319  9.153 0.8999999762
4618  25.346  -95.371  9.009 0.6000000238
3954  31.278  -96.057  8.154 0.8000000119
11709  9.584  -87.255  3.992 0.8999999762
4620  23.789  -95.402  8.977 0.8999999762
3930  24.805  -95.868  9.030 0.8999999762
4617  26.342  -94.959  8.819 0.5000000000
4639  26.915  -95.223  8.023 0.6000000238
4637  28.757  -95.338  8.659 0.5000000000
4615  29.565  -95.795  9.553 0.6000000238
4636  30.014  -95.917  8.476 0.6999999881
11732  10.433  -87.599  2.829 0.6000000238
12851  9.862  -86.919  3.496 0.8000000119
3944  23.522  -96.345  8.924 0.8999999762
4640  26.154  -95.788  8.270 0.5000000000
4660  27.607  -95.360  7.192 0.5000000000
4638  27.789  -95.007  8.118 0.6000000238
3337  23.093  -97.225  8.679 0.6000000238
3336  24.023  -97.241  8.696 0.6999999881
3346  22.386  -97.573  7.957 0.5000000000
3347  21.371  -97.608  7.200 0.4000000060
2729  8.886  -97.668  16.741 0.3000000119
3219  8.985  -97.931  18.545 0.6999999881
2684  9.464  -98.849  20.089 0.6999999881
2640  33.035  -98.598  21.271 0.8000000119
2651  35.016  -98.644  20.218 0.8000000119
2686  36.996  -97.989  17.811 0.8000000119
3209  37.477  -97.232  18.148 0.8000000119
3220  37.994  -96.792  17.416 0.8000000119
10485  12.044  -88.325  12.115 0.8999999762
10497  11.332  -88.874  11.258 1.0000000000
10515  9.717  -89.118  10.641 1.0000000000
9486  9.290  -89.333  10.078 1.0000000000
9484  11.158  -89.190  10.506 1.0000000000
9485  10.269  -89.338  10.331 1.0000000000
9506  8.370  -89.353  9.085 0.8999999762
10546  7.106  -87.887  8.019 0.6999999881
10547  6.374  -87.299  6.867 0.6000000238
5353  35.008  -94.749  9.237 0.8000000119
9504  10.883  -89.238  9.464 1.0000000000
4610  34.246  -95.184  8.922 0.8000000119
10533  10.919  -88.289  9.003 1.0000000000
8650  10.196  -89.552  7.863 0.8999999762
10582  10.095  -88.689  7.210 0.8999999762
10606  9.548  -88.405  5.337 0.8000000119
5339  26.260  -94.149  9.973 0.6999999881
4595  32.711  -95.173  10.446 0.6999999881
4594  33.281  -95.028  10.044 0.8000000119
11696  9.326  -87.308  4.843 0.8000000119
5360  24.169  -94.805  9.093 0.8999999762
5357  26.795  -94.501  9.479 0.6000000238
4612  32.325  -95.713  9.480 0.8000000119
12830  9.566  -86.370  4.519 0.8999999762
4616  28.677  -95.386  9.870 0.6000000238
4598  29.200  -95.666  10.573 0.6000000238
4596  31.509  -95.752  10.271 0.6000000238
3941  31.190  -96.058  8.683 0.8000000119
12870  11.001  -86.924  2.878 0.6000000238
12871  10.185  -86.908  2.961 0.6999999881
12850  10.404  -86.774  3.692 0.8000000119
4664  22.703  -95.533  7.598 0.8000000119
3957  22.084  -96.482  7.415 0.6000000238
3968  21.824  -96.351  6.249 0.6000000238
3958  21.382  -96.913  6.739 0.4000000060
3981  21.487  -96.782  5.600 0.4000000060
3815  9.069  -95.970  17.106 0.6000000238
3816  39.106  -96.054  16.343 0.8999999762
10496  12.344  -88.477  11.288 0.8999999762
10516  9.119  -88.890  10.816 1.0000000000
10534  8.173  -88.768  9.824 1.0000000000
9507  7.551  -88.689  8.654 0.8999999762
10514  11.849  -88.802  10.557 0.8999999762
6062  34.866  -93.195  11.209 0.6000000238
5333  35.102  -93.967  10.368 0.6999999881
10545  10.553  -88.216  8.311 0.8999999762
6117  25.087  -92.997  7.099 0.8999999762
6108  24.906  -92.873  7.630 0.8000000119
5334  33.823  -94.706  10.271 0.8000000119
5354  34.107  -94.984  9.471 0.8000000119
11658  10.147  -87.748  7.895 0.8999999762
6110  24.207  -93.894  7.517 0.8000000119
6100  24.309  -93.618  8.729 0.8000000119
5359  24.820  -94.561  9.379 0.8000000119
6093  25.196  -93.995  9.771 0.6999999881
10583  9.722  -88.332  6.597 0.8999999762
12811  9.037  -86.453  5.291 0.8999999762
12831  9.272  -85.967  4.930 0.8999999762
6127  25.599  -93.434  6.007 0.8999999762
6118  24.582  -93.790  6.916 0.8999999762
5384  23.751  -94.332  7.587 0.8999999762
6101  24.050  -93.911  8.037 0.8000000119
5338  26.742  -94.274  10.558 0.6000000238
5355  28.084  -95.027  10.235 0.5000000000
5316  32.578  -94.765  11.387 0.6000000238
5297  32.902  -94.259  11.885 0.5000000000
6128  24.814  -94.036  6.319 1.0000000000
5393  23.979  -94.306  6.919 0.8999999762
4663  23.217  -94.922  7.867 1.0000000000
5337  27.622  -94.788  10.691 0.5000000000
5319  28.050  -95.047  11.232 0.5000000000
4582  29.717  -95.577  11.372 0.5000000000
4580  31.957  -95.205  11.090 0.6000000238
12869  12.203  -87.295  2.782 0.5000000000
12849  11.464  -87.075  3.796 0.8999999762
5401  25.270  -94.254  5.262 1.0000000000
4683  23.329  -94.921  6.977 1.0000000000
5302  28.262  -94.819  12.325 0.5000000000
4566  29.242  -95.239  12.007 0.5000000000
4565  30.061  -95.225  12.083 0.5000000000
4696  24.193  -95.096  5.095 1.0000000000
4697  23.456  -95.283  5.811 1.0000000000
4684  22.574  -95.666  6.649 0.8000000119
4706  23.683  -95.596  4.693 0.6999999881
4698  22.524  -95.890  5.810 0.6999999881
3980  22.062  -96.390  5.325 0.4000000060
4705  24.381  -95.283  4.277 0.6999999881
4707  22.907  -96.040  5.045 0.6000000238
3368  20.954  -97.501  5.371 0.4000000060
3992  23.332  -96.294  4.128 0.4000000060
3993  22.382  -96.813  4.434 0.4000000060
3218  9.306  -97.106  18.806 0.8000000119
3207  9.105  -97.706  19.609 0.6999999881
2667  9.220  -98.242  20.673 0.6999999881
4500  8.759  -95.262  17.790 0.8000000119
2685  9.170  -98.536  19.299 0.6000000238
5268  9.475  -94.740  15.685 0.1000000015
10486  10.937  -88.296  12.199 1.0000000000
11567  12.788  -87.720  12.612 0.8999999762
10484  12.879  -88.149  11.932 0.8999999762
10517  8.170  -88.203  10.586 1.0000000000
10518  7.591  -87.718  9.885 0.8000000119
11615  7.254  -87.121  9.007 0.8000000119
6063  33.974  -93.350  11.690 0.5000000000
10532  11.710  -88.336  9.782 1.0000000000
6909  25.887  -92.323  6.630 0.8999999762
5315  33.419  -94.230  11.371 0.4000000060
6922  25.996  -92.733  6.153 0.8999999762
6878  24.695  -93.029  9.426 0.8000000119
6080  25.664  -93.636  10.379 0.8000000119
6044  33.163  -93.583  12.251 0.4000000060
11634  10.533  -87.280  8.646 1.0000000000
11659  9.577  -87.277  7.207 0.8999999762
6126  26.201  -93.064  5.638 0.8000000119
6869  24.967  -93.312  9.966 0.8000000119
6065  25.468  -92.997  11.021 0.6999999881
5321  26.595  -93.979  11.538 0.6000000238
12846  14.200  -86.167  3.527 0.8000000119
12794  8.938  -86.150  5.997 0.8999999762
12795  8.959  -85.904  5.588 0.8999999762
6137  26.486  -93.306  5.059 0.8999999762
5320  27.329  -94.560  11.494 0.5000000000
5317  31.701  -94.876  11.877 0.5000000000
12844  16.066  -86.024  3.152 0.8000000119
12826  14.608  -86.020  4.226 0.8999999762
12847  13.645  -86.787  3.493 0.6999999881
13994  10.005  -85.889  4.983 0.8999999762
5301  29.482  -94.860  12.709 0.5000000000
5300  30.516  -94.776  12.669 0.5000000000
5299  31.440  -94.448  12.664 0.5000000000
11716  13.042  -87.249  3.916 0.8000000119
5409  25.423  -94.447  4.500 1.0000000000
5410  24.800  -94.742  4.829 0.8999999762
5420  25.000  -94.963  4.044 0.8999999762
4714  24.033  -95.868  3.887 0.6000000238
4005  23.941  -96.439  3.059 0.5000000000
4006  23.048  -97.043  3.589 0.5000000000
3378  22.376  -97.499  3.836 0.4000000060
5221  8.942  -94.824  19.218 0.8000000119
3814  9.458  -95.943  17.991 0.8000000119
4514  7.435  -94.429  16.827 0.4000000060
11568  11.701  -87.314  12.783 0.8999999762
10487  9.935  -88.038  12.140 1.0000000000
10499  9.017  -88.169  11.701 1.0000000000
11571  9.235  -86.874  12.270 1.0000000000
11595  8.084  -87.404  11.133 1.0000000000
11596  7.645  -87.033  10.360 1.0000000000
12738  6.961  -86.089  8.214 0.8000000119
12719  7.374  -85.902  9.537 0.8999999762
12767  6.616  -86.099  7.425 0.8000000119
11578  13.820  -87.326  11.410 0.8999999762
10513  12.492  -88.084  10.477 0.8999999762
11612  12.338  -87.578  10.131 0.8999999762
6898  25.225  -92.369  7.755 0.6999999881
11614  11.265  -87.390  9.405 1.0000000000
6921  26.519  -92.440  5.847 0.8000000119
6877  24.893  -92.358  9.328 0.8000000119
6868  25.117  -92.553  10.332 0.6999999881
6860  25.670  -92.398  11.551 0.6999999881
11635  9.887  -86.920  8.039 0.8999999762
6937  26.791  -92.754  5.335 0.8000000119
6064  26.052  -93.313  11.526 0.6000000238
5303  27.020  -93.988  12.483 0.4000000060
5298  32.359  -94.259  12.360 0.4000000060
12765  9.519  -86.149  7.605 0.8999999762
13951  8.946  -85.224  6.462 0.8999999762
6136  27.207  -93.294  4.268 0.8999999762
5288  27.836  -94.051  13.263 0.5000000000
5287  28.891  -94.267  13.418 0.5000000000
5285  30.972  -94.061  13.218 0.4000000060
12843  17.227  -86.059  3.030 0.6000000238
6150  26.000  -94.065  4.348 1.0000000000
5286  30.018  -94.293  13.421 0.5000000000
12807  14.316  -86.432  4.826 0.8999999762
11706  13.492  -86.979  4.271 0.8000000119
12829  10.571  -86.369  4.693 0.8999999762
6149  26.628  -93.923  3.678 0.8999999762
12828  11.411  -86.866  4.890 0.8999999762
5419  25.671  -94.716  3.410 0.8000000119
4713  24.688  -95.603  3.141 0.5000000000
4004  24.456  -96.137  2.768 0.5000000000
3389  23.412  -97.366  2.736 0.5000000000
3398  23.755  -97.765  1.977 0.4000000060
4011  24.747  -96.402  2.125 0.6000000238
3167  7.994  -97.737  23.289 1.0000000000
2648  8.980  -98.291  22.030 1.0000000000
4459  9.497  -95.238  20.820 0.8999999762
3189  9.502  -96.634  20.695 0.6999999881
3175  9.180  -96.954  21.333 0.8000000119
3176  8.867  -97.543  21.796 0.8000000119
2647  9.433  -98.808  21.471 0.8000000119
3792  9.817  -96.062  20.105 0.8000000119
13827  15.119  -85.566  14.163 0.8999999762
12681  14.074  -86.520  13.552 0.8999999762
12682  13.205  -86.375  13.491 0.8999999762
11553  12.135  -86.702  13.014 0.8999999762
12695  11.729  -86.211  12.958 1.0000000000
12696  10.884  -86.339  12.812 1.0000000000
12708  7.824  -85.951  10.708 1.0000000000
13869  7.651  -85.023  10.281 1.0000000000
11549  15.190  -86.841  12.861 0.8999999762
11566  13.791  -87.629  12.208 0.8999999762
13881  7.446  -84.895  9.456 0.8000000119
13933  7.263  -84.983  8.128 0.8000000119
15084  5.992  -85.383  7.723 0.6999999881
6046  31.929  -93.903  12.971 0.4000000060
11577  14.376  -87.206  11.802 0.8999999762
11592  13.314  -87.300  10.860 0.8999999762
13935  5.243  -85.261  8.156 0.6000000238
12768  5.008  -85.929  7.822 0.5000000000
7754  26.319  -91.201  7.695 0.6999999881
6029  30.625  -93.547  13.871 0.5000000000
12706  14.255  -86.718  11.401 0.8999999762
12718  12.383  -86.454  10.288 0.8999999762
12737  10.835  -86.337  9.258 1.0000000000
7809  27.669  -91.803  5.230 0.8000000119
7715  25.362  -91.618  9.542 0.6999999881
6846  25.884  -92.064  12.006 0.6000000238
12764  10.105  -86.006  8.489 1.0000000000
13932  9.590  -85.158  7.967 0.8999999762
6936  27.352  -92.491  5.074 0.8000000119
6048  26.546  -93.202  12.455 0.5000000000
6030  29.570  -93.605  14.071 0.5000000000
6953  27.800  -92.989  4.118 0.8999999762
12824  16.653  -86.239  4.123 0.8999999762
15136  9.351  -85.162  5.924 0.8999999762
13983  9.671  -85.585  5.603 0.8999999762
6148  27.635  -93.571  3.260 0.8999999762
12825  15.563  -86.015  4.173 0.8000000119
6161  27.083  -94.205  2.719 0.8999999762
6147  28.568  -93.537  2.620 1.0000000000
11707  12.862  -87.220  4.650 0.8999999762
11708  12.072  -87.308  4.833 0.8999999762
5418  26.447  -94.527  2.785 0.8999999762
6160  27.738  -94.131  2.039 1.0000000000
5429  26.841  -94.704  1.884 1.0000000000
5436  26.183  -95.312  1.377 0.8999999762
5430  25.971  -95.047  2.266 0.6999999881
4719  25.077  -95.821  2.419 0.6000000238
3397  24.318  -97.265  1.600 0.5000000000
3402  24.399  -97.393  1.134 0.3000000119
3408  23.745  -97.547  0.546 0.4000000060
3746  8.105  -96.928  22.995 1.0000000000
4426  8.865  -95.018  22.396 1.0000000000
3177  8.361  -97.438  22.589 0.8999999762
5147  8.751  -94.642  22.157 1.0000000000
3757  9.427  -96.168  21.504 0.8999999762
3758  8.843  -96.720  21.983 1.0000000000
5208  8.171  -94.649  19.521 0.6999999881
5207  9.018  -94.567  20.013 0.8000000119
14942  15.633  -84.648  14.345 0.8000000119
14943  14.619  -84.527  13.993 0.8999999762
16087  14.740  -83.419  13.754 0.8000000119
13842  13.802  -85.580  13.735 0.8999999762
14944  14.076  -84.967  13.899 0.8999999762
13844  12.018  -85.298  13.044 0.8999999762
12697  9.928  -86.359  12.401 1.0000000000
12698  9.051  -86.066  12.099 1.0000000000
12665  15.740  -86.145  13.962 0.8000000119
15029  7.412  -84.193  9.965 1.0000000000
15045  7.446  -84.225  9.007 0.8000000119
8621  26.026  -90.939  9.958 0.6000000238
12693  15.671  -86.593  12.411 0.8999999762
12705  14.921  -86.661  11.777 0.8999999762
16197  6.647  -84.253  8.679 0.6999999881
8601  26.772  -90.856  10.288 0.6000000238
7677  26.268  -91.447  11.652 0.6000000238
12717  13.124  -86.538  10.616 0.8999999762
12736  11.650  -86.557  9.859 1.0000000000
7695  25.673  -91.451  10.874 0.6000000238
6032  27.208  -93.166  13.201 0.5000000000
6031  28.424  -93.251  14.030 0.5000000000
13879  12.768  -85.640  10.414 0.8999999762
13901  11.209  -85.499  9.665 1.0000000000
13931  10.032  -84.977  8.591 1.0000000000
6951  29.495  -93.086  3.174 0.8000000119
6935  28.288  -92.461  4.341 0.6999999881
15061  9.433  -84.394  7.533 0.8999999762
6146  29.328  -93.551  2.260 1.0000000000
6159  28.630  -93.742  1.715 0.8999999762
13982  10.383  -85.651  5.713 0.8999999762
11695  11.863  -87.043  5.324 0.8999999762
12810  11.022  -86.176  5.379 0.8999999762
6169  27.732  -94.140  1.154 1.0000000000
5428  27.338  -94.528  1.330 1.0000000000
11692  14.412  -86.647  5.331 0.8000000119
5434  27.310  -94.541  1.001 1.0000000000
5435  26.851  -94.868  1.004 1.0000000000
4722  26.112  -95.301  0.701 1.0000000000
4723  25.735  -95.974  0.983 0.8000000119
4017  24.848  -97.018  1.136 0.6000000238
4022  24.536  -96.715  0.531 0.4000000060
4021  25.222  -96.440  0.788 1.0000000000
4023  23.579  -96.679  0.416 0.6000000238
4728  25.378  -95.706  0.381 0.6999999881
5129  8.037  -94.678  23.250 1.0000000000
4415  7.800  -95.398  23.605 1.0000000000
3737  7.509  -96.727  23.981 1.0000000000
5148  8.237  -94.181  22.397 1.0000000000
5882  8.005  -93.737  21.661 1.0000000000
3745  8.461  -96.381  22.626 1.0000000000
5170  8.230  -94.088  21.351 1.0000000000
5913  7.468  -93.760  20.302 0.8999999762
16060  16.099  -83.692  14.287 0.8000000119
17218  15.962  -82.316  14.015 0.6999999881
16059  17.114  -83.642  14.517 0.6999999881
17194  16.616  -82.708  14.282 0.6999999881
14960  13.596  -84.409  13.577 0.8999999762
17192  18.547  -82.601  14.864 0.6000000238
16088  13.883  -83.288  13.419 0.8999999762
14961  12.432  -84.320  13.173 0.8999999762
13854  10.460  -85.371  12.540 1.0000000000
16090  11.799  -83.289  13.218 0.8999999762
14962  11.340  -84.332  12.951 1.0000000000
13855  9.637  -85.188  12.269 1.0000000000
12707  8.363  -85.967  11.514 1.0000000000
14941  16.634  -84.591  14.450 0.6999999881
12663  16.896  -85.872  13.628 0.6000000238
13856  8.756  -84.917  11.945 1.0000000000
13868  8.064  -85.020  11.172 1.0000000000
6830  27.098  -92.224  12.965 0.5000000000
6829  27.982  -92.096  13.831 0.5000000000
13852  16.113  -86.196  12.275 0.6999999881
13865  15.650  -85.925  11.753 0.8000000119
15004  15.006  -85.141  11.295 0.8000000119
14984  9.204  -84.231  12.767 1.0000000000
16163  7.375  -83.488  9.685 1.0000000000
16183  7.022  -83.578  9.058 0.6999999881
7693  27.603  -91.164  10.779 0.6000000238
7676  27.142  -91.342  11.673 0.5000000000
7665  26.665  -91.703  12.192 0.5000000000
7664  27.468  -91.587  12.460 0.5000000000
13866  14.487  -85.873  11.270 0.8999999762
15025  14.168  -84.865  10.829 0.8000000119
15028  11.620  -84.858  9.781 1.0000000000
17308  5.920  -83.117  9.700 0.6000000238
6831  26.740  -92.427  12.715 0.5000000000
15043  11.002  -84.427  9.398 1.0000000000
10557  25.770  -88.545  7.608 0.8000000119
10542  25.128  -88.649  8.383 0.8000000119
10526  24.459  -88.810  9.304 0.8999999762
15060  9.879  -84.268  8.253 0.8999999762
6962  30.732  -93.415  2.068 0.8000000119
6167  29.775  -93.059  1.297 0.6999999881
9681  29.155  -89.656  1.785 0.6000000238
9682  28.035  -89.639  1.910 0.5000000000
10577  24.798  -89.089  6.366 0.8000000119
10558  24.972  -88.900  7.343 0.8000000119
9515  23.409  -89.827  8.279 0.8999999762
9482  22.710  -89.295  9.864 0.8000000119
16227  10.636  -83.592  6.895 0.8000000119
15082  9.329  -84.575  6.799 0.8000000119
6158  29.707  -93.474  1.665 0.8999999762
6974  29.001  -92.841  1.099 0.8000000119
8794  28.578  -90.780  1.608 0.8000000119
9683  26.825  -89.658  2.077 0.6000000238
9564  24.288  -89.548  6.245 0.8000000119
9539  24.384  -89.248  7.035 0.8999999762
9540  23.763  -89.745  7.145 0.8999999762
9517  21.749  -89.596  8.409 0.8999999762
9541  21.307  -89.626  7.555 0.8999999762
10579  20.956  -88.468  6.299 0.8999999762
11670  19.689  -87.479  6.008 0.8999999762
15113  10.322  -84.796  6.484 0.8999999762
6168  28.504  -93.421  1.108 0.8999999762
9565  23.866  -90.194  5.980 0.8000000119
8670  23.165  -90.492  6.877 0.8000000119
8643  22.811  -90.318  7.783 0.8999999762
8672  21.503  -90.488  7.466 0.8999999762
9567  20.975  -89.524  6.788 0.8000000119
11688  19.926  -87.436  5.026 0.8999999762
11690  18.110  -87.079  5.704 0.8999999762
12788  16.612  -86.882  5.997 0.8999999762
12790  15.601  -86.699  5.700 0.8999999762
12809  11.667  -86.494  5.847 0.8999999762
13981  11.083  -85.813  5.942 0.8999999762
6173  27.325  -93.892  0.617 0.8999999762
9588  24.365  -89.827  5.489 0.8000000119
8698  23.300  -90.915  5.924 0.8000000119
7757  21.745  -91.232  6.871 0.8999999762
7758  21.133  -91.146  6.918 0.8999999762
8700  20.529  -90.284  6.173 0.8999999762
11676  13.394  -87.093  6.485 1.0000000000
5441  26.489  -94.658  0.574 0.8999999762
4727  25.947  -95.144  0.417 1.0000000000
6174  26.340  -94.050  0.309 0.8999999762
5444  23.913  -94.832  0.532 0.6999999881
4731  22.804  -95.749  0.860 0.6999999881
4725  22.263  -95.577  1.248 0.6999999881
5442  25.792  -94.807  0.247 0.8000000119
5443  24.913  -94.910  0.109 0.8000000119
4729  24.312  -95.814  0.321 0.6999999881
4730  23.380  -95.801  0.603 0.6999999881
5439  21.934  -95.053  1.893 0.6999999881
5421  21.079  -94.306  3.421 0.6000000238
6698  7.774  -93.004  22.234 1.0000000000
6716  7.775  -92.801  21.328 1.0000000000
5932  7.189  -93.798  19.353 0.8999999762
5933  6.972  -93.951  18.524 0.6999999881
6777  7.773  -92.797  18.652 0.6999999881
6789  7.430  -92.062  17.500 0.5000000000
6790  6.891  -92.212  17.188 0.6000000238
23733  23.152  -76.025  14.078 0.4000000060
23711  20.327  -76.533  14.143 0.4000000060
21532  19.165  -78.073  14.569 0.4000000060
19398  17.872  -80.770  14.440 0.5000000000
20471  17.169  -80.142  13.805 0.5000000000
22588  21.906  -77.032  15.049 0.4000000060
22589  20.799  -77.002  14.959 0.4000000060
20450  18.535  -79.703  14.771 0.4000000060
19399  16.629  -80.807  13.713 0.6999999881
19424  15.573  -80.833  13.228 0.6999999881
18324  14.919  -81.594  13.263 0.8999999762
17220  14.382  -82.413  13.368 0.8999999762
22570  21.294  -77.772  15.300 0.4000000060
22571  20.406  -77.819  15.217 0.4000000060
19375  18.942  -80.625  15.229 0.6000000238
17219  15.296  -82.525  13.747 0.8999999762
16089  12.916  -83.285  13.258 0.8999999762
17222  12.437  -82.243  13.301 0.8999999762
20448  20.340  -79.544  15.506 0.4000000060
15005  8.209  -84.045  11.591 1.0000000000
16093  8.484  -83.302  13.118 1.0000000000
6816  28.865  -92.153  14.604 0.4000000060
17169  19.202  -82.133  15.110 0.6000000238
16058  18.051  -83.536  14.692 0.6000000238
13824  17.785  -84.985  14.124 0.6000000238
15006  7.771  -84.164  10.780 1.0000000000
17270  7.736  -82.908  10.711 1.0000000000
7675  28.371  -91.278  11.668 0.5000000000
13840  17.230  -85.671  13.286 0.6000000238
13864  16.245  -85.282  11.781 0.6000000238
15003  15.769  -84.715  11.415 0.6999999881
17306  7.183  -83.081  9.559 1.0000000000
16161  13.433  -83.713  10.199 0.8000000119
16180  12.372  -83.482  9.696 0.8000000119
18432  14.162  -81.176  8.633 0.6000000238
18411  13.233  -81.975  9.214 0.6000000238
16179  12.995  -82.989  9.827 0.6000000238
16181  11.296  -83.379  9.104 0.8000000119
16182  10.714  -83.797  9.043 0.8999999762
17289  6.452  -82.542  10.292 0.8000000119
18433  12.830  -81.364  8.566 0.5000000000
17320  12.176  -82.128  8.789 0.6999999881
17321  11.425  -82.503  8.519 0.6000000238
16194  10.531  -83.348  8.465 0.8000000119
11746  27.950  -88.054  2.497 0.5000000000
10620  26.389  -88.637  4.618 0.6000000238
10597  25.985  -88.645  5.640 0.8000000119
10598  25.213  -89.027  5.597 0.8000000119
10527  23.769  -89.169  9.725 0.8999999762
10511  21.917  -88.148  10.057 0.8999999762
10530  21.201  -88.267  9.038 0.8000000119
18462  12.027  -81.865  8.151 0.6000000238
17338  11.640  -82.341  7.591 0.6000000238
16205  9.704  -83.780  7.142 0.8000000119
10680  27.694  -88.632  2.338 0.5000000000
10621  25.535  -89.081  4.671 0.8000000119
9483  22.470  -89.029  9.993 0.8000000119
10529  21.695  -88.468  9.544 0.8000000119
10559  21.275  -88.901  7.886 0.8000000119
11650  20.279  -87.863  6.756 0.8999999762
11651  19.377  -87.584  7.097 1.0000000000
11671  18.752  -87.335  6.308 1.0000000000
15112  11.238  -84.549  6.665 0.8000000119
8795  27.467  -90.728  1.569 0.6999999881
9684  25.983  -90.268  2.061 0.6999999881
9659  25.757  -89.620  2.837 0.6999999881
9612  25.071  -89.495  4.423 0.8000000119
10599  24.715  -89.451  5.543 0.8000000119
10578  21.103  -88.831  7.162 0.8000000119
11673  17.000  -87.129  6.422 1.0000000000
11674  15.997  -87.012  6.388 1.0000000000
13966  10.891  -85.260  6.276 0.8999999762
7858  27.043  -91.759  1.130 0.8000000119
8796  26.467  -90.850  1.582 0.6999999881
8797  25.628  -90.966  1.741 0.6999999881
8739  24.527  -90.093  4.313 0.8000000119
9589  24.230  -90.152  5.043 0.8000000119
6923  21.952  -92.608  5.613 0.8999999762
6910  21.870  -92.257  6.026 0.8999999762
6912  20.818  -92.358  6.097 0.8999999762
9590  20.687  -89.462  5.399 0.8000000119
11675  14.698  -86.980  6.115 0.8999999762
12808  12.322  -86.724  6.263 0.8999999762
13965  11.584  -85.568  6.556 1.0000000000
7867  26.716  -92.669  0.631 0.8000000119
7859  26.043  -91.881  1.189 0.6999999881
6924  21.009  -93.301  5.607 0.6999999881
11657  13.517  -87.090  7.204 0.8000000119
6982  26.790  -93.436  0.387 0.8999999762
6983  25.984  -93.208  0.399 0.8000000119
6177  23.903  -93.925  0.865 0.8000000119
4724  23.084  -95.094  1.031 0.8000000119
5438  22.656  -94.273  1.848 0.8000000119
6140  21.195  -93.890  4.456 0.6999999881
6129  20.689  -93.892  5.037 0.6999999881
6175  25.464  -94.058  0.249 0.8999999762
6176  24.574  -94.021  0.459 0.8000000119
5432  21.734  -94.386  2.598 0.6999999881
6152  21.702  -93.804  3.505 0.6999999881
6697  8.251  -92.541  22.216 1.0000000000
6739  7.964  -92.740  20.299 0.8999999762
6760  9.346  -92.560  19.152 0.8000000119
6776  8.450  -92.362  18.246 0.8000000119
7602  8.376  -91.444  18.391 0.6999999881
6001  7.657  -93.430  16.079 0.3000000119
7623  6.491  -91.703  16.875 0.5000000000
6809  6.609  -92.519  16.051 0.4000000060
21586  27.019  -78.021  10.765 0.3000000119
23730  25.363  -76.574  12.434 0.3000000119
24860  24.610  -75.851  12.665 0.3000000119
24862  22.672  -75.590  13.442 0.2000000030
24841  21.909  -75.734  13.918 0.4000000060
23712  19.636  -76.818  13.657 0.2000000030
20470  17.655  -79.496  13.823 0.4000000060
23732  23.900  -76.491  13.944 0.4000000060
19423  16.080  -80.287  13.225 0.6000000238
19426  13.943  -80.812  12.791 0.8999999762
22568  22.440  -77.897  15.017 0.3000000119
20447  21.363  -79.458  15.263 0.4000000060
18273  20.385  -81.403  15.148 0.4000000060
17168  19.850  -82.127  15.071 0.6000000238
16083  19.985  -83.121  14.076 0.5000000000
16085  19.113  -83.859  13.016 0.5000000000
17224  10.743  -82.890  13.845 1.0000000000
14965  8.732  -83.877  12.856 1.0000000000
14938  19.069  -83.889  14.298 0.6000000238
14957  18.822  -84.324  13.703 0.5000000000
15000  18.238  -84.146  12.199 0.5000000000
16133  17.145  -83.675  11.451 0.6999999881
16113  9.672  -83.959  13.064 1.0000000000
17247  8.221  -82.126  11.750 1.0000000000
13839  17.963  -85.062  13.566 0.6000000238
13849  18.186  -84.946  12.971 0.5000000000
15002  16.737  -84.641  11.726 0.6000000238
15024  15.022  -84.331  10.995 0.8000000119
17287  7.889  -82.173  10.699 1.0000000000
16159  15.292  -83.501  10.649 0.6000000238
17286  13.988  -83.233  10.209 0.8000000119
17302  14.629  -82.214  9.744 0.5000000000
17303  13.642  -82.593  9.794 0.6000000238
10640  26.748  -88.553  3.654 0.6000000238
10619  27.273  -88.214  4.438 0.6999999881
11608  21.677  -87.577  9.838 0.8999999762
11609  20.646  -87.696  9.247 0.8999999762
10659  26.402  -88.946  3.119 0.6999999881
11627  20.139  -87.662  8.024 0.8999999762
11653  17.416  -87.330  7.339 1.0000000000
18461  12.489  -81.718  7.438 0.5000000000
16226  11.794  -83.564  6.821 0.6999999881
9660  25.090  -89.884  3.494 0.8000000119
9636  25.340  -89.421  3.851 0.8000000119
11633  14.347  -87.036  8.061 0.8000000119
7860  25.011  -91.659  1.601 0.6999999881
8774  25.440  -90.459  2.298 0.6999999881
8758  24.616  -90.126  3.876 0.8000000119
7827  23.892  -91.557  3.064 0.8000000119
6955  22.971  -92.633  3.454 0.8999999762
11677  12.729  -86.933  6.334 0.8999999762
13964  12.331  -85.823  7.160 0.8000000119
6939  21.781  -93.324  4.958 0.8000000119
6984  25.042  -93.233  0.574 0.8999999762
6975  25.458  -92.522  0.914 0.8000000119
5437  23.395  -94.284  1.134 0.6999999881
6139  21.895  -93.433  4.199 0.8999999762
6715  8.607  -92.566  21.210 0.8999999762
6714  9.827  -92.691  21.060 0.8000000119
6737  9.909  -92.533  19.983 0.8999999762
6738  8.987  -92.661  20.128 0.8999999762
6759  10.325  -92.041  19.394 0.8999999762
6775  9.506  -91.930  18.608 0.6999999881
7601  9.432  -91.231  19.069 0.8000000119
8522  7.605  -90.624  18.815 0.8000000119
8513  7.140  -90.205  19.434 0.5000000000
7604  6.625  -90.852  18.109 0.5000000000
8531  6.506  -90.510  17.808 0.5000000000
7620  9.173  -91.976  16.134 0.2000000030
7630  8.338  -92.253  15.885 0.2000000030
8538  6.454  -90.920  16.938 0.5000000000
7632  6.796  -91.739  15.815 0.4000000060
23759  26.232  -76.678  10.692 0.3000000119
24864  20.651  -75.964  13.225 0.2000000030
22608  18.933  -77.271  13.229 0.2000000030
21549  17.627  -78.576  13.013 0.3000000119
20512  16.087  -79.039  12.348 0.5000000000
19441  14.119  -80.146  12.476 0.8999999762
18326  13.118  -81.145  13.185 0.8999999762
19427  12.730  -80.420  13.473 0.8999999762
22586  23.594  -77.386  14.265 0.4000000060
21531  22.094  -79.029  14.777 0.3000000119
19397  20.995  -81.101  14.837 0.3000000119
18327  12.190  -81.333  13.726 0.8999999762
17216  20.319  -82.592  13.503 0.5000000000
17223  11.417  -82.406  13.824 0.8999999762
17196  11.308  -82.349  14.785 1.0000000000
16092  9.251  -83.715  13.427 1.0000000000
16064  8.767  -83.198  14.133 1.0000000000
18321  21.151  -81.219  13.817 0.3000000119
16094  8.298  -82.671  12.682 1.0000000000
16112  18.785  -83.496  12.292 0.6000000238
16134  16.215  -83.635  11.059 0.8000000119
18330  8.408  -81.735  12.532 1.0000000000
19510  19.299  -80.323  8.576 0.5000000000
19511  18.485  -80.364  8.350 0.5000000000
18374  8.071  -81.598  11.343 0.8999999762
18430  16.254  -81.106  8.596 0.6000000238
18408  15.865  -81.463  9.160 0.5000000000
17301  15.589  -82.000  9.711 0.5000000000
17283  16.559  -82.367  10.385 0.6000000238
18375  7.408  -81.474  11.322 0.8999999762
18376  6.530  -81.494  11.773 0.8999999762
19515  14.726  -80.906  8.108 0.6000000238
18431  15.235  -81.191  8.565 0.6000000238
11610  19.422  -87.364  8.947 1.0000000000
19516  13.756  -80.850  8.091 0.5000000000
18460  13.316  -81.343  7.082 0.5000000000
17358  12.401  -82.454  6.991 0.6000000238
16225  12.979  -83.375  6.704 0.6999999881
8798  25.099  -90.926  2.087 0.8000000119
7843  24.411  -91.485  2.334 0.8000000119
6964  23.750  -92.389  2.225 0.8000000119
6965  23.211  -92.721  2.663 0.6999999881
12779  12.805  -86.281  7.390 0.8000000119
15111  12.387  -84.661  6.972 0.6999999881
6976  24.683  -92.568  1.185 0.6999999881
7861  24.375  -92.151  1.752 0.8000000119
6162  23.205  -93.041  2.196 0.6999999881
6163  22.695  -93.361  2.619 0.8999999762
6985  24.259  -93.263  0.958 0.8999999762
6171  22.998  -93.487  2.043 0.8000000119
6164  22.172  -93.772  2.959 0.8000000119
6694  11.061  -92.395  21.863 0.8000000119
6713  10.769  -92.396  21.349 0.8000000119
6736  10.781  -92.280  20.414 0.8000000119
8498  10.956  -90.570  20.506 0.8000000119
8500  9.711  -90.228  20.184 0.8000000119
8521  8.530  -90.730  19.058 0.8000000119
9389  7.983  -89.969  19.849 0.8000000119
7621  8.149  -91.531  15.967 0.2000000030
9410  6.572  -89.618  18.153 0.5000000000
9415  7.263  -90.389  16.619 0.4000000060
9417  6.599  -90.141  17.462 0.5000000000
24880  23.308  -75.459  12.046 0.2000000030
24883  20.626  -75.932  12.553 0.2000000030
23748  19.851  -76.353  11.776 0.2000000030
23761  19.056  -76.806  10.906 0.4000000060
21563  27.211  -78.325  11.168 0.2000000030
24881  22.254  -75.459  11.975 0.2000000030
23736  19.427  -76.820  13.070 0.2000000030
22626  17.918  -77.596  12.199 0.4000000060
21569  17.383  -78.200  12.294 0.4000000060
22623  25.890  -77.734  11.895 0.2000000030
20513  15.524  -79.352  12.367 0.8000000119
19442  13.700  -80.365  12.697 0.8999999762
20495  13.206  -79.654  13.556 0.8999999762
22606  24.872  -77.515  13.071 0.3000000119
22607  24.125  -77.735  13.681 0.3000000119
21529  23.487  -78.173  14.012 0.3000000119
19421  21.515  -80.530  13.744 0.3000000119
18299  13.019  -80.693  14.687 0.8999999762
18301  11.942  -81.833  14.434 0.8999999762
17172  10.665  -82.467  15.437 1.0000000000
17174  8.651  -82.543  14.696 1.0000000000
17244  20.442  -82.033  12.906 0.4000000060
17245  19.854  -82.328  12.398 0.5000000000
18280  8.491  -81.695  14.223 1.0000000000
17266  18.739  -82.260  11.414 0.5000000000
17267  17.500  -82.829  11.115 0.5000000000
19429  8.469  -80.863  12.496 1.0000000000
19509  19.959  -80.533  8.820 0.4000000060
19490  17.916  -80.624  8.905 0.5000000000
18406  18.285  -80.738  9.606 0.5000000000
17268  16.843  -83.122  11.027 0.6000000238
20497  8.400  -80.132  12.659 0.8999999762
18355  5.999  -81.570  12.558 0.6000000238
19491  17.230  -80.811  8.638 0.5000000000
18407  17.033  -81.226  9.381 0.5000000000
17300  16.252  -81.735  9.669 0.5000000000
17282  17.763  -82.069  10.568 0.5000000000
19445  7.293  -80.519  12.313 0.8999999762
17357  13.667  -82.401  6.384 0.6000000238
7567  12.208  -91.219  22.080 0.8999999762
8486  12.094  -90.734  21.702 0.8999999762
9365  11.200  -89.925  21.043 0.8000000119
9375  10.638  -90.033  20.630 0.8000000119
9367  9.677  -89.339  21.039 0.8999999762
9378  8.220  -89.518  20.358 0.8000000119
9390  7.454  -89.843  19.936 0.6999999881
9391  6.939  -89.364  19.787 0.6999999881
9409  6.845  -89.549  17.495 0.4000000060
24839  26.336  -74.970  14.337 0.2000000030
24859  26.798  -75.226  13.124 0.2000000030
23745  27.598  -76.516  11.504 0.2000000030
22634  27.151  -77.358  10.455 0.2000000030
23758  26.659  -76.883  10.139 0.2000000030
24893  25.427  -76.037  10.131 0.2000000030
23707  26.607  -76.100  14.239 0.2000000030
23729  27.180  -76.436  13.187 0.2000000030
24897  21.464  -75.725  11.079 0.2000000030
22638  16.838  -77.680  11.270 0.4000000060
21591  14.957  -78.193  11.699 0.6999999881
21574  13.458  -79.287  12.711 0.8999999762
22603  27.588  -77.283  12.427 0.2000000030
20504  27.129  -78.781  11.377 0.2000000030
22624  25.472  -77.948  12.369 0.3000000119
20474  13.079  -79.920  14.235 0.8999999762
19401  13.848  -80.214  14.991 0.8999999762
18257  11.661  -81.145  16.849 1.0000000000
18258  10.522  -81.150  16.362 1.0000000000
21566  25.125  -78.645  12.453 0.3000000119
21547  23.868  -78.457  13.206 0.3000000119
20468  22.295  -79.310  14.093 0.3000000119
18276  13.236  -80.975  15.223 0.8999999762
17155  11.853  -81.908  16.265 0.8999999762
21548  23.172  -78.739  13.299 0.3000000119
20489  21.962  -79.715  13.523 0.3000000119
19422  21.153  -80.954  13.385 0.3000000119
17298  20.862  -82.156  9.290 0.4000000060
20510  21.667  -79.381  12.504 0.3000000119
18371  20.331  -80.786  12.114 0.4000000060
18350  20.016  -81.391  12.006 0.4000000060
18404  20.428  -81.125  9.079 0.4000000060
19489  18.808  -80.261  9.283 0.5000000000
17281  18.379  -81.624  10.607 0.5000000000
19430  6.762  -80.340  12.974 0.6000000238
19471  19.107  -79.950  9.924 0.4000000060
18389  17.970  -81.360  10.082 0.5000000000
21537  9.302  -78.682  14.000 1.0000000000
20498  7.525  -79.869  12.953 0.8000000119
21539  8.041  -78.989  14.216 0.6999999881
9350  12.296  -89.753  21.937 0.8999999762
10323  11.719  -88.786  22.023 0.8999999762
11393  11.350  -87.951  22.689 0.8000000119
10325  9.720  -88.306  22.068 0.8999999762
10344  9.235  -88.779  21.496 0.8999999762
11395  9.150  -87.779  22.665 0.8999999762
10326  8.842  -88.236  21.965 0.8999999762
10345  8.193  -88.540  21.257 0.8999999762
10359  7.162  -88.815  20.677 0.6000000238
10360  6.972  -88.325  20.699 0.5000000000
10390  6.990  -88.909  18.760 0.4000000060
24876  27.374  -75.713  11.743 0.2000000030
24912  24.542  -75.738  9.562 0.2000000030
23762  18.332  -77.033  11.384 0.4000000060
22639  15.929  -77.666  11.032 0.6999999881
22628  14.038  -77.905  12.231 0.6999999881
22611  14.025  -78.054  13.030 0.6999999881
19352  11.061  -80.062  16.541 1.0000000000
22604  27.088  -77.307  13.624 0.2000000030
21545  27.368  -78.374  12.992 0.2000000030
20486  27.009  -79.187  12.286 0.3000000119
20494  13.676  -79.212  13.779 0.8999999762
20472  14.775  -79.217  14.870 0.8999999762
19349  14.528  -80.432  16.119 0.8999999762
18243  12.616  -80.975  17.169 0.8999999762
18372  19.729  -80.672  11.453 0.5000000000
18373  19.267  -81.335  11.230 0.4000000060
18387  19.569  -80.116  10.878 0.4000000060
18388  18.985  -80.776  10.485 0.4000000060
11353  11.300  -87.650  24.661 0.8000000119
11354  10.168  -87.431  24.537 0.8999999762
11376  9.654  -87.484  23.576 0.8000000119
11377  8.522  -87.571  23.493 0.8999999762
11396  7.979  -87.798  22.337 0.8999999762
11415  7.631  -88.108  21.610 0.6999999881
11397  6.962  -87.606  22.673 0.6000000238
10347  6.991  -87.946  21.328 0.6000000238
11463  7.057  -88.272  19.205 0.4000000060
24916  20.660  -76.209  10.158 0.3000000119
22649  17.356  -76.856  10.334 0.4000000060
23752  14.298  -77.278  12.156 0.6999999881
22594  14.423  -78.152  13.708 0.8999999762
19332  12.635  -80.262  17.382 1.0000000000
20451  14.833  -79.493  15.273 0.8999999762
20405  15.653  -79.257  16.478 0.8999999762
20407  14.323  -79.763  17.560 0.8999999762
11334  10.608  -87.349  25.530 0.8000000119
11333  11.660  -87.685  25.605 0.8000000119
11320  11.977  -87.584  26.332 0.8000000119
12495  9.297  -86.503  25.602 0.8999999762
12494  10.024  -86.909  25.676 0.8999999762
11355  9.096  -87.305  24.366 0.8999999762
11356  7.985  -87.407  24.355 0.8999999762
11378  7.488  -87.619  23.469 0.8999999762
11447  7.058  -87.631  19.817 0.3000000119
11431  6.827  -87.326  20.838 0.3000000119
11417  6.513  -87.340  21.751 0.6000000238
12592  7.033  -87.102  20.572 0.3000000119
12582  6.145  -86.506  21.437 0.3000000119
23780  16.291  -76.514  10.402 0.6000000238
22640  15.092  -77.537  11.241 0.6999999881
23779  17.074  -76.514  10.127 0.4000000060
24885  14.935  -75.976  12.006 0.6999999881
23715  15.169  -77.196  13.866 0.8999999762
26098  17.854  -75.221  9.929 0.4000000060
24900  16.183  -75.665  10.994 0.6999999881
21494  15.870  -78.930  15.906 0.8999999762
21477  15.170  -78.801  17.493 0.8999999762
20408  13.278  -79.526  17.574 0.8999999762
26070  17.105  -74.531  11.664 0.6000000238
24843  16.295  -75.690  13.846 0.6999999881
21478  14.129  -78.680  17.601 0.8999999762
21495  13.603  -78.169  17.254 0.8999999762
26069  17.708  -74.391  11.399 0.3000000119
27223  17.482  -73.669  13.554 0.6000000238
26039  17.119  -74.601  14.330 0.6999999881
27222  18.702  -73.636  12.932 0.4000000060
27206  17.298  -73.441  14.898 0.6999999881
28343  17.951  -71.941  14.342 0.5000000000
28358  17.666  -72.708  14.256 0.5000000000
28345  16.843  -71.924  15.157 0.5000000000
29512  17.684  -71.068  14.685 0.4000000060
29502  16.795  -71.034  15.200 0.5000000000
28333  16.243  -72.070  15.709 0.6000000238
12477  11.600  -87.040  26.610 0.8000000119
13632  11.294  -85.672  27.544 0.8000000119
13633  10.751  -85.655  27.126 0.8000000119
13646  9.798  -85.662  26.422 0.8000000119
13658  9.317  -85.838  25.955 0.8999999762
11336  8.750  -87.054  24.919 0.8999999762
13659  8.459  -85.518  25.658 0.8999999762
12496  7.826  -86.648  25.008 0.8999999762
12515  6.947  -86.993  24.478 0.8999999762
11379  6.702  -87.489  23.561 0.8000000119
11398  6.286  -87.139  22.962 0.6000000238
13733  6.920  -86.133  21.406 0.3000000119
13735  5.829  -85.898  21.401 0.4000000060
13722  5.510  -85.872  21.750 0.4000000060
14847  5.464  -84.713  21.886 0.4000000060
23737  15.232  -76.509  13.373 0.8000000119
23713  16.645  -76.197  14.337 0.8000000119
22549  17.030  -77.302  15.949 0.8999999762
22538  15.893  -77.822  17.434 0.8999999762
24826  17.398  -75.482  15.247 0.6999999881
24810  16.565  -75.844  17.154 0.8999999762
22539  14.937  -77.792  17.596 0.8999999762
26015  17.033  -74.758  16.571 0.8999999762
22551  13.618  -77.377  17.155 0.8999999762
27243  19.212  -73.818  11.870 0.3000000119
28332  16.819  -72.750  15.447 0.6000000238
26028  17.405  -74.566  15.616 0.6999999881
26016  16.255  -74.802  16.972 0.8999999762
22553  11.367  -77.197  16.592 1.0000000000
21497  11.639  -77.981  16.438 1.0000000000
28357  18.482  -72.557  13.884 0.3000000119
27195  15.717  -72.543  16.365 0.6999999881
27184  15.378  -73.448  16.761 0.8999999762
21517  10.147  -77.814  15.206 1.0000000000
28356  19.417  -72.590  13.425 0.3000000119
29488  15.318  -71.206  16.466 0.6999999881
22574  10.148  -76.999  15.727 0.8999999762
22576  8.517  -77.885  15.473 0.8000000119
29523  19.182  -71.859  13.898 0.4000000060
30697  18.549  -70.324  14.585 0.4000000060
30669  15.993  -69.851  16.374 0.6999999881
31887  17.647  -69.026  15.649 0.4000000060
31874  17.455  -68.604  16.147 0.5000000000
14792  7.791  -84.880  25.708 1.0000000000
13660  7.312  -85.647  25.378 1.0000000000
12497  6.750  -86.305  24.872 0.8000000119
12534  5.955  -86.696  23.542 0.6999999881
13675  5.926  -85.214  24.256 0.6999999881
12535  5.587  -86.122  23.155 0.5000000000
13692  5.658  -85.288  23.423 0.6000000238
13720  7.015  -85.943  21.607 0.2000000030
14856  5.943  -85.070  21.485 0.2000000030
23647  15.652  -76.963  17.508 0.8999999762
24811  15.474  -75.667  17.294 0.8999999762
23667  14.513  -76.510  17.378 0.8999999762
23668  13.427  -76.415  17.464 0.8999999762
24812  14.603  -75.480  17.399 0.8999999762
23649  13.474  -75.953  17.854 0.8999999762
23650  12.647  -76.299  18.163 0.8000000119
19431  6.124  -80.875  13.774 0.4000000060
21520  7.469  -79.070  15.096 0.6000000238
27221  19.764  -73.345  12.795 0.3000000119
28323  15.070  -72.280  16.795 0.8000000119
26018  14.742  -74.407  17.303 0.8999999762
23669  11.985  -76.796  17.312 0.8999999762
23671  10.053  -76.520  16.550 0.8999999762
22577  7.820  -78.415  15.563 0.6000000238
28324  14.522  -72.348  17.332 0.8999999762
27186  14.365  -73.113  17.752 0.8999999762
23692  9.346  -76.993  16.073 0.8999999762
22557  7.851  -77.975  16.292 0.6999999881
29489  14.464  -71.206  17.119 0.8999999762
30670  15.269  -70.182  16.793 0.6999999881
14777  9.597  -84.885  26.544 0.8000000119
13647  9.180  -85.255  26.107 0.8999999762
15900  8.369  -83.878  27.004 0.8999999762
15865  8.817  -83.171  27.983 0.8000000119
14779  7.282  -84.321  26.252 1.0000000000
13661  6.444  -85.459  25.189 0.8999999762
13662  5.978  -85.272  24.890 0.8999999762
13708  6.472  -84.753  22.041 0.2000000030
14835  5.438  -84.453  22.823 0.4000000060
15971  5.430  -83.949  21.884 0.2000000030
21499  7.010  -78.865  16.398 0.4000000060
19380  6.047  -81.067  15.665 0.2000000030
24813  14.118  -75.401  17.709 0.8999999762
24792  12.997  -76.057  18.530 0.8999999762
23636  11.945  -76.344  18.561 0.8000000119
20432  6.698  -79.475  15.731 0.5000000000
25989  13.840  -73.973  19.175 0.8999999762
24771  12.548  -75.944  19.121 0.8000000119
23651  11.270  -76.409  17.899 0.8999999762
23672  9.170  -76.731  16.564 0.8999999762
27175  14.152  -73.039  18.479 0.8999999762
24772  11.125  -75.813  18.699 0.8999999762
24793  10.482  -75.938  18.158 0.8999999762
23673  8.659  -76.904  16.837 0.6999999881
28374  20.798  -73.057  12.567 0.3000000119
31860  16.343  -68.606  17.088 0.6000000238
29475  14.085  -70.947  17.435 0.8999999762
28317  14.173  -72.215  17.907 0.8999999762
17003  8.380  -83.156  27.857 0.8000000119
15884  8.018  -83.463  27.431 0.8000000119
14780  6.393  -84.323  26.191 0.8999999762
14794  6.031  -84.598  25.647 0.8999999762
14806  5.797  -84.453  24.804 0.8000000119
14822  5.662  -84.342  23.817 0.6999999881
15961  5.852  -83.508  21.994 0.2000000030
15952  5.677  -83.172  23.170 0.4000000060
21482  6.507  -78.888  17.608 0.6000000238
22542  7.988  -77.601  16.888 0.6999999881
33079  15.340  -68.576  17.923 0.6000000238
33066  14.824  -68.885  18.301 0.8000000119
21455  8.039  -77.383  17.666 0.6999999881
30654  14.815  -69.833  17.291 0.8000000119
31863  14.013  -70.085  18.042 0.8999999762
24755  13.125  -74.742  19.792 0.8999999762
24756  12.116  -75.014  19.953 0.8000000119
24774  9.367  -75.473  18.743 0.8999999762
24775  8.870  -75.695  18.969 0.8000000119
23654  8.701  -76.656  17.449 0.8000000119
28309  13.828  -72.000  18.558 0.8999999762
25965  13.364  -73.696  19.912 0.8999999762
24757  11.298  -75.259  19.447 0.8000000119
24773  10.232  -75.271  18.636 0.8999999762
23653  9.465  -76.185  17.612 0.8999999762
16954  7.927  -81.896  29.137 0.6999999881
17004  7.633  -82.902  27.887 0.8000000119
15902  6.647  -83.718  26.867 0.8999999762
16982  6.517  -82.084  28.217 0.8999999762
17021  5.929  -83.292  26.988 0.8999999762
15919  5.591  -83.738  25.540 1.0000000000
17075  5.511  -81.877  23.467 0.3000000119
15935  5.545  -83.442  24.481 0.6000000238
31843  15.214  -68.999  18.782 0.6000000238
31844  14.581  -69.111  18.708 0.8000000119
31829  13.848  -69.452  19.623 0.8000000119
31830  13.303  -69.871  20.021 0.8999999762
30638  16.962  -69.921  18.576 0.5000000000
33064  15.780  -68.447  18.311 0.6000000238
31845  13.938  -69.691  18.590 0.8999999762
30623  13.404  -70.282  19.296 0.8999999762
21481  7.389  -78.151  17.348 0.5000000000
29431  13.026  -71.272  20.148 0.8999999762
23638  8.568  -76.223  18.728 0.6000000238
22529  7.452  -77.069  19.067 0.6999999881
30640  13.659  -70.459  18.308 0.8999999762
27131  12.598  -72.386  20.515 0.8999999762
25952  11.977  -73.535  20.529 0.6999999881
25968  10.357  -74.689  19.561 0.8999999762
25969  9.516  -74.758  19.608 0.8999999762
16955  7.317  -81.730  28.893 0.8000000119
18064  6.277  -81.523  28.639 0.8999999762
18084  6.211  -82.030  28.099 0.8999999762
17006  5.706  -82.573  27.092 0.8999999762
17022  5.574  -83.037  26.321 0.6999999881
18148  5.149  -81.264  24.019 0.3000000119
17040  5.447  -82.638  25.320 0.5000000000
17059  5.344  -82.303  24.209 0.5000000000
31812  14.884  -69.634  19.973 0.6000000238
31828  14.518  -69.353  19.539 0.6999999881
29463  16.529  -70.489  18.883 0.5000000000
31826  15.786  -69.487  19.150 0.5000000000
31815  13.292  -69.274  20.829 0.6999999881
29447  13.083  -70.607  19.964 0.8999999762
29432  12.692  -71.149  20.322 0.8999999762
22515  7.216  -76.824  19.615 0.6000000238
23625  8.304  -75.989  19.336 0.6000000238
24759  9.246  -75.112  19.295 0.8000000119
25954  10.723  -73.792  20.249 0.8000000119
22257  7.323  -77.965  36.129 0.8000000119
19130  7.737  -80.172  30.203 0.8999999762
18104  5.444  -81.763  26.302 0.8999999762
19165  5.325  -80.867  28.106 0.8000000119
18122  5.188  -81.566  24.989 0.4000000060
31814  13.891  -69.226  20.587 0.6999999881
30601  12.403  -69.831  21.315 0.8999999762
30610  12.707  -70.290  20.535 0.8999999762
30602  11.617  -70.493  21.613 0.8999999762
30611  12.100  -70.424  21.098 0.8999999762
29433  11.705  -71.179  20.994 0.8000000119
28269  12.259  -71.969  20.708 0.8000000119
29434  10.922  -71.847  21.141 0.8000000119
23626  7.647  -76.281  19.782 0.4000000060
27133  11.198  -73.133  20.444 0.8000000119
25956  8.956  -74.759  20.224 0.6999999881
24750  8.305  -75.189  20.611 0.6999999881
27134  10.491  -73.015  20.577 0.8999999762
25955  9.571  -73.855  20.542 0.8999999762
22288  8.138  -77.559  35.834 0.8000000119
22289  7.121  -77.333  35.691 0.8000000119
23392  6.073  -76.264  34.576 0.8000000119
23408  6.350  -76.613  33.270 0.8000000119
22352  7.130  -76.697  32.053 0.8999999762
21287  7.149  -78.107  30.691 0.8999999762
20234  6.081  -79.122  30.159 0.8999999762
19152  6.673  -80.404  29.723 0.8999999762
22359  7.139  -76.985  31.160 0.8999999762
21288  6.187  -78.287  30.297 0.8000000119
19153  5.779  -80.652  29.194 0.8000000119
21364  5.167  -79.078  26.088 0.6000000238
21331  5.158  -79.247  27.981 0.6999999881
19227  5.170  -80.589  24.680 0.4000000060
19191  5.379  -80.665  26.182 0.5000000000
19176  5.486  -80.840  27.097 0.6999999881
31802  12.665  -69.111  21.937 1.0000000000
31794  10.999  -69.930  22.952 1.0000000000
29376  9.702  -71.374  23.403 0.8000000119
29358  8.838  -71.496  24.431 0.8000000119
30586  10.774  -70.603  22.549 1.0000000000
29377  9.131  -71.991  23.708 0.8000000119
29445  15.571  -70.475  19.702 0.5000000000
31813  14.479  -69.581  20.422 0.6000000238
29393  10.181  -71.271  22.781 0.8999999762
29414  9.922  -71.861  22.403 0.8000000119
29413  10.817  -71.339  21.808 0.8000000119
28239  9.170  -72.603  22.841 0.8000000119
28250  10.457  -72.061  21.355 0.8000000119
28251  9.891  -72.299  21.703 0.8000000119
28272  10.167  -72.377  21.224 0.6999999881
24751  7.615  -75.577  20.727 0.4000000060
25942  9.053  -73.821  21.224 0.8000000119
25943  8.448  -74.323  21.546 0.6999999881
24506  6.148  -75.786  34.031 0.8000000119
23449  6.643  -76.281  32.001 0.8999999762
22360  6.286  -77.150  30.430 0.8000000119
24489  6.873  -75.967  34.798 0.8000000119
21303  5.230  -78.917  28.994 0.8000000119
22417  5.235  -78.339  26.840 0.6999999881
22391  5.350  -78.010  28.089 0.8000000119
30557  9.358  -70.609  24.912 0.8000000119
28195  8.018  -72.442  25.000 0.6000000238
27066  7.920  -73.303  24.748 0.5000000000
31793  11.945  -69.132  22.836 1.0000000000
30556  10.295  -70.189  24.293 1.0000000000
29359  8.330  -71.917  24.686 0.8000000119
31801  13.802  -69.162  21.320 0.6999999881
33047  13.505  -68.884  21.107 0.8000000119
28222  8.400  -72.611  23.911 0.6999999881
27089  7.746  -73.757  23.487 0.6999999881
30609  14.789  -69.927  20.711 0.6000000238
27105  8.673  -73.323  22.407 0.6999999881
25928  7.509  -74.633  22.464 0.3000000119
27120  9.129  -73.309  21.625 0.6999999881
25944  7.751  -74.898  21.802 0.5000000000
29461  18.679  -71.170  18.227 0.5000000000
27135  9.878  -72.796  20.998 0.8000000119
23450  6.536  -75.835  31.898 0.8999999762
24505  6.793  -75.746  34.281 0.8000000119
23476  5.844  -76.225  29.627 0.8000000119
22365  5.719  -77.464  29.548 0.6999999881
30536  8.223  -70.914  25.714 0.8000000119
28177  7.973  -72.388  25.818 0.6000000238
27049  8.242  -73.021  25.538 0.5000000000
31762  11.126  -69.177  24.320 1.0000000000
31764  9.839  -70.072  25.301 1.0000000000
33035  13.360  -68.823  21.649 0.8000000119
29443  16.776  -71.675  18.986 0.5000000000
28267  16.394  -71.901  19.805 0.5000000000
24504  7.855  -75.614  34.110 0.8000000119
25715  8.701  -75.427  34.222 0.8000000119
24547  7.785  -75.245  32.598 0.8999999762
24569  6.661  -74.896  31.204 0.8999999762
30535  8.806  -70.477  26.085 0.8000000119
31800  14.424  -69.524  21.490 0.6000000238
24527  8.399  -75.409  33.432 0.8000000119
25747  7.580  -74.912  31.866 0.8000000119
25784  6.884  -74.248  30.330 0.8000000119
24646  7.021  -74.883  26.873 0.5000000000
24670  6.570  -75.640  26.545 0.5000000000
31763  10.429  -69.711  24.840 1.0000000000
29305  8.328  -71.181  27.048 0.8000000119
33028  13.648  -68.628  22.299 0.8000000119
33022  12.067  -68.510  23.697 0.8999999762
29430  15.560  -70.953  20.327 0.5000000000
28289  17.941  -72.541  19.241 0.5000000000
28265  17.520  -72.481  19.999 0.5000000000
29410  16.666  -71.558  21.039 0.5000000000
25733  9.878  -74.850  33.985 0.8000000119
24546  8.596  -75.465  32.388 0.8000000119
25746  8.027  -75.080  32.100 0.8999999762
25762  8.213  -75.042  31.436 0.8000000119
25763  7.635  -74.577  31.087 0.8000000119
25804  6.612  -74.287  29.474 0.8000000119
23519  7.434  -75.857  26.561 0.5000000000
25838  6.549  -74.392  27.694 0.6000000238
25839  6.030  -74.777  27.968 0.6000000238
24645  8.122  -75.311  27.212 0.5000000000
25837  7.607  -74.493  27.718 0.6000000238
29315  9.631  -71.539  26.690 0.4000000060
29303  9.868  -70.933  27.308 0.4000000060
30497  8.732  -70.537  27.246 0.6999999881
30496  9.600  -70.233  27.712 0.5000000000
33030  12.468  -68.578  23.215 0.8999999762
31706  9.136  -69.855  27.288 0.8000000119
31791  14.014  -69.062  22.037 0.6999999881
33029  12.889  -68.587  22.657 0.8999999762
30599  15.184  -70.323  21.380 0.6000000238
31790  14.529  -69.284  22.373 0.6000000238
29411  15.939  -71.246  21.060 0.5000000000
30584  15.261  -69.978  22.264 0.6000000238
24568  8.874  -75.632  31.390 0.6999999881
24589  8.609  -75.195  30.835 0.8000000119
25803  7.402  -74.076  29.458 0.8000000119
23534  16.911  -75.696  25.855 0.4000000060
22428  15.468  -76.526  26.135 0.3000000119
22429  14.630  -76.728  26.233 0.4000000060
22409  14.173  -77.429  26.815 0.2000000030
23518  8.506  -76.194  26.942 0.5000000000
25817  8.073  -74.290  28.559 0.8000000119
24663  16.513  -75.333  25.437 0.5000000000
23536  15.060  -75.890  25.607 0.4000000060
23537  14.143  -76.121  26.028 0.4000000060
23538  13.223  -76.165  26.116 0.3000000119
23514  11.950  -76.920  27.146 0.2000000030
23540  11.164  -76.152  26.627 0.4000000060
23517  9.539  -76.323  27.196 0.3000000119
24644  9.467  -75.515  27.026 0.6000000238
24685  15.202  -75.141  25.462 0.5000000000
25876  13.684  -74.627  25.913 0.4000000060
24688  12.234  -75.144  25.818 0.4000000060
25859  10.731  -74.614  26.601 0.4000000060
25836  8.963  -74.735  27.661 0.6000000238
25877  12.767  -74.559  25.870 0.5000000000
25858  11.267  -74.244  26.370 0.5000000000
33021  12.736  -68.156  23.687 0.8999999762
32991  10.600  -69.198  25.648 1.0000000000
32939  9.804  -68.896  27.591 1.0000000000
32990  11.454  -68.402  25.462 1.0000000000
33020  13.325  -68.081  23.529 0.8000000119
33027  14.275  -68.825  22.818 0.6999999881
24588  9.217  -75.305  30.335 0.8000000119
25781  9.118  -74.828  29.905 0.8000000119
24662  17.312  -74.949  25.709 0.6000000238
23516  10.534  -76.294  27.068 0.3000000119
27047  13.157  -73.966  26.054 0.5000000000
24669  10.043  -75.369  26.903 0.5000000000
24686  14.343  -75.173  25.702 0.5000000000
30475  10.371  -69.803  28.213 0.5000000000
31686  9.657  -69.390  28.173 0.6999999881
32917  10.067  -68.630  28.432 0.8999999762
33004  12.863  -67.326  24.343 0.8999999762
33005  12.216  -68.020  24.502 0.8999999762
32967  10.464  -68.686  26.635 1.0000000000
32938  10.752  -67.974  27.842 0.8999999762
32989  12.260  -67.583  25.414 1.0000000000
32966  11.596  -67.945  26.578 1.0000000000
33003  13.735  -67.638  24.254 0.8000000119
34251  13.511  -67.247  24.775 0.8999999762
32988  12.941  -67.297  25.353 1.0000000000
33002  14.801  -67.862  24.372 0.6000000238
34250  14.395  -67.398  24.816 0.8000000119
25831  14.263  -75.019  26.966 0.5000000000
24604  9.447  -74.945  29.713 0.8000000119
25801  9.443  -74.566  29.330 0.8000000119
25812  17.348  -74.736  28.488 0.8000000119
25854  16.271  -74.500  26.346 0.6999999881
25855  15.392  -74.456  26.388 0.6000000238
24640  12.802  -75.462  27.864 0.6999999881
24641  11.999  -75.028  28.010 0.6999999881
25814  11.363  -74.411  28.106 0.6999999881
24684  16.074  -74.934  25.344 0.5000000000
25856  14.514  -74.522  26.436 0.5000000000
25832  13.342  -74.668  27.133 0.5000000000
27017  12.898  -74.108  27.127 0.5000000000
25815  10.504  -74.404  28.318 0.6000000238
25835  10.248  -74.401  27.463 0.6999999881
25802  8.354  -74.314  29.426 0.8000000119
27031  13.996  -74.240  26.362 0.4000000060
27018  12.008  -73.972  27.414 0.6000000238
27019  11.113  -73.989  27.404 0.5000000000
25816  9.267  -74.328  28.468 0.6999999881
25853  17.072  -74.497  26.222 0.6000000238
27048  12.408  -73.987  26.112 0.5000000000
25860  10.001  -74.975  27.002 0.6000000238
30474  11.560  -69.841  28.535 0.5000000000
31684  10.710  -69.446  28.650 0.6000000238
30452  11.924  -69.755  29.201 0.6999999881
31663  9.970  -69.037  28.724 0.6999999881
32898  10.788  -68.653  29.080 0.8999999762
32965  12.449  -67.560  26.495 1.0000000000
23472  13.234  -77.055  29.751 0.6999999881
26987  18.537  -74.025  28.985 0.8999999762
26999  18.241  -73.919  28.528 0.8999999762
24615  17.115  -75.116  27.868 0.6000000238
25830  15.191  -74.946  26.961 0.6000000238
24619  12.156  -75.632  28.409 0.6999999881
24620  11.154  -75.141  28.575 0.6999999881
25800  10.104  -74.719  28.898 0.8000000119
28142  20.642  -72.494  28.447 0.8999999762
27014  18.801  -73.035  27.802 0.8999999762
27015  17.919  -73.953  27.620 0.8999999762
27029  18.424  -73.643  26.856 0.8000000119
25852  17.962  -74.305  26.242 0.8000000119
30435  12.943  -70.202  29.786 0.5000000000
32916  10.579  -68.166  28.797 0.8999999762
34139  11.334  -68.196  29.239 0.8999999762
31660  12.162  -69.457  29.615 0.6999999881
34160  11.213  -67.879  28.805 0.8999999762
32964  13.074  -67.463  25.914 1.0000000000
32937  11.771  -67.607  27.292 1.0000000000
23471  14.492  -76.828  29.852 0.8000000119
23512  13.349  -76.106  28.168 0.6999999881
24618  12.627  -75.848  28.314 0.6999999881
23492  11.176  -75.599  29.107 0.8000000119
25797  18.485  -74.539  29.548 0.8000000119
25798  17.679  -74.667  29.446 0.8000000119
23488  15.062  -76.611  28.650 0.8000000119
23511  14.195  -76.289  28.061 0.6999999881
26985  19.887  -73.598  29.195 0.8999999762
26986  19.086  -73.683  29.079 0.8000000119
24617  15.847  -76.274  28.031 0.8000000119
24638  14.909  -75.810  27.592 0.6999999881
24639  13.800  -75.579  27.582 0.6999999881
26994  22.312  -73.032  28.659 0.8000000119
26984  20.857  -73.680  29.126 0.8999999762
28128  19.445  -73.089  29.083 0.8000000119
26981  23.970  -73.694  29.336 0.8999999762
25793  22.606  -74.591  29.557 0.8999999762
34159  12.080  -67.811  28.550 1.0000000000
34137  12.781  -68.247  29.196 1.0000000000
32896  12.363  -68.720  29.695 1.0000000000
34214  12.789  -67.613  26.945 1.0000000000
34212  14.516  -67.718  26.311 1.0000000000
34235  15.009  -67.386  25.477 0.8000000119
25794  21.437  -74.490  29.437 0.8999999762
25792  23.580  -74.312  29.603 0.8999999762
32895  13.360  -68.824  29.834 1.0000000000
31637  13.481  -69.661  30.163 0.6999999881
32963  14.635  -67.985  26.909 1.0000000000
34157  14.351  -67.973  28.182 1.0000000000
34158  13.126  -67.823  28.396 1.0000000000
34183  13.294  -67.739  27.423 1.0000000000
24578  22.907  -75.464  30.450 0.6999999881
24556  24.568  -75.018  31.442 0.8000000119
29223  24.744  -71.407  33.468 0.6000000238
30392  24.171  -70.398  33.516 0.6000000238
32961  16.051  -67.902  27.023 0.8000000119
24558  22.732  -76.169  31.532 0.6999999881
25726  24.726  -74.392  33.344 0.4000000060
26922  24.449  -73.513  33.854 0.4000000060
26940  25.091  -73.319  33.275 0.5000000000
29208  23.188  -71.718  33.945 0.3000000119
29225  22.698  -70.759  33.863 0.1000000015
30395  21.954  -69.830  34.119 0.1000000015
28090  24.436  -72.246  33.598 0.4000000060
29224  23.538  -71.419  33.720 0.3000000119
31564  20.795  -69.663  35.284 0.2000000030
31565  19.885  -69.307  35.717 0.1000000015
30393  23.187  -70.206  33.636 0.4000000060
30394  22.396  -69.957  33.850 0.3000000119
30377  21.207  -69.621  34.612 0.2000000030
31579  21.073  -69.253  34.717 0.2000000030
31566  19.219  -69.300  35.982 0.1000000015
31602  23.763  -69.359  33.471 0.5000000000
31603  22.819  -69.231  33.589 0.5000000000
31604  21.965  -69.127  34.006 0.4000000060
31578  21.482  -69.148  34.382 0.2000000030
32821  20.905  -68.585  34.789 0.2000000030
32813  19.571  -69.010  35.683 0.2000000030
32804  18.354  -69.073  36.479 0.2000000030
34041  19.793  -68.479  35.648 0.2000000030
32802  19.318  -68.700  35.946 0.2000000030
34031  18.957  -68.395  36.365 0.2000000030
34024  18.293  -67.996  36.737 0.2000000030
28062  22.855  -72.324  34.930 0.2000000030
26923  23.744  -73.142  34.337 0.3000000119
29194  22.576  -71.515  35.125 0.2000000030
29209  22.799  -71.515  34.337 0.2000000030
30375  22.130  -70.392  34.348 0.1000000015
30359  22.122  -70.749  34.999 0.1000000015
32842  24.400  -68.448  33.422 0.6000000238
31563  21.646  -70.109  35.425 0.1000000015
31556  21.233  -69.578  35.887 0.1000000015
32843  23.398  -68.349  33.438 0.5000000000
32844  22.487  -68.286  33.676 0.4000000060
32820  21.444  -68.407  34.407 0.2000000030
34051  20.875  -67.782  34.926 0.2000000030
34040  20.235  -67.887  35.470 0.2000000030
34030  19.664  -67.797  36.060 0.2000000030
34023  19.072  -67.616  36.583 0.2000000030
29190  22.807  -71.551  35.680 0.1000000015
30357  22.489  -70.805  35.580 0.1000000015
32801  20.117  -69.203  36.660 0.1000000015
32841  25.430  -68.556  33.535 0.6999999881
34071  25.086  -67.537  33.655 0.6999999881
34072  24.057  -67.406  33.454 0.4000000060
32845  21.966  -68.301  34.013 0.3000000119
34050  21.378  -67.592  34.515 0.3000000119
34029  20.208  -67.451  35.740 0.2000000030
31555  22.266  -69.886  36.187 0.1000000015
35213  27.689  -67.071  33.170 0.8999999762
35215  25.849  -66.619  33.885 0.6000000238
36395  25.577  -65.477  34.051 0.5000000000
36396  24.482  -65.350  33.792 0.5000000000
36397  23.466  -65.229  33.561 0.4000000060
31562  22.133  -70.391  35.519 0.1000000015
32800  20.898  -69.209  36.459 0.1000000015
35217  23.744  -66.324  33.513 0.4000000060
35218  22.729  -66.198  33.605 0.2000000030
36399  21.858  -64.747  34.263 0.1000000015
36380  20.908  -64.803  35.267 0.1000000015
37537  20.467  -64.618  35.828 0.1000000015
34073  23.014  -67.318  33.437 0.4000000060
35200  21.235  -66.812  34.789 0.2000000030
36369  21.028  -66.328  35.175 0.2000000030
37523  20.175  -65.363  36.306 0.1000000015
35201  20.937  -67.178  35.033 0.2000000030
35190  20.702  -66.938  35.416 0.2000000030
36357  20.274  -66.362  36.132 0.2000000030
36343  18.517  -66.335  37.347 0.2000000030
153056  16.220  -65.796  31.675 0.8000000119
153052  16.770  -66.044  30.919 0.8000000119
153066  17.793  -65.978  30.013 0.8000000119
153065  17.331  -65.211  30.521 0.8000000119
36481  18.834  -65.058  28.568 0.6999999881
36411  29.682  -65.582  32.722 1.0000000000
36412  28.711  -65.441  32.614 1.0000000000
37581  28.090  -64.923  33.215 1.0000000000
36394  26.677  -65.669  33.807 0.6000000238
37565  26.470  -64.350  34.232 0.6000000238
37567  24.147  -64.287  33.682 0.3000000119
37568  23.193  -64.174  33.566 0.1000000015
37579  29.190  -64.692  32.891 1.0000000000
37580  28.419  -64.673  33.138 1.0000000000
36398  22.546  -65.043  33.726 0.3000000119
37552  20.740  -63.908  35.314 0.1000000015
36410  30.566  -66.059  32.957 1.0000000000
36392  30.481  -65.333  33.154 1.0000000000
40073  16.829  -63.893  31.319 0.6999999881
153055  16.167  -65.450  32.010 0.6999999881
40059  17.004  -64.695  30.979 0.8000000119
37564  27.685  -64.758  33.495 0.6000000238
38770  26.762  -63.813  34.360 0.6000000238
37550  25.991  -63.890  34.367 0.5000000000
38773  22.906  -63.193  33.656 0.1000000015
38774  22.166  -63.022  33.983 0.1000000015
38784  28.796  -64.265  33.147 1.0000000000
38768  28.395  -63.946  33.455 0.8000000119
38769  27.284  -63.565  34.188 0.6999999881
37569  22.375  -63.980  33.848 0.1000000015
37570  21.713  -63.690  34.300 0.1000000015
37561  30.961  -64.772  33.314 1.0000000000
38766  30.698  -63.830  33.475 1.0000000000
37560  31.430  -65.087  32.866 0.8999999762
38765  31.496  -64.084  32.898 1.0000000000
40087  16.727  -62.962  30.664 0.6000000238
153060  17.069  -64.372  30.402 0.8000000119
38795  16.772  -63.847  30.401 0.6999999881
36461  17.838  -64.622  29.348 0.8000000119
36460  18.272  -64.377  28.577 0.6000000238
36480  19.555  -64.632  27.503 0.5000000000
40026  25.033  -62.480  34.025 0.3000000119
40044  24.242  -62.440  33.661 0.2000000030
40046  22.559  -62.292  33.745 0.1000000015
38750  26.904  -63.224  34.417 0.6000000238
38751  26.451  -63.473  34.419 0.5000000000
38771  24.676  -63.356  33.822 0.3000000119
40045  23.384  -62.372  33.584 0.2000000030
40042  28.120  -62.913  34.020 0.6000000238
40043  27.531  -62.822  34.277 0.6000000238
40024  26.907  -62.597  34.490 0.5000000000
38767  29.495  -63.859  33.332 0.8000000119
40041  29.100  -62.926  33.781 0.6999999881
40040  30.253  -62.864  33.735 0.8999999762
40039  31.559  -62.620  33.179 0.6999999881
41334  30.816  -61.797  34.043 0.6999999881
37627  15.646  -63.830  28.243 0.8000000119
37605  16.040  -63.600  29.053 0.6999999881
37604  16.471  -63.951  29.014 0.6000000238
37595  16.501  -63.782  29.619 0.8000000119
153062  17.039  -64.215  29.758 0.6999999881
37626  16.508  -64.057  28.331 0.6999999881
37645  15.729  -64.081  27.627 0.6999999881
37646  14.884  -64.045  27.332 0.6999999881
38847  15.735  -64.019  27.175 0.6999999881
38886  15.441  -63.387  25.773 0.3000000119
41315  25.313  -61.627  34.170 0.3000000119
41314  26.173  -61.513  34.509 0.4000000060
42594  24.946  -61.092  33.900 0.4000000060
41336  24.630  -61.621  33.808 0.3000000119
40023  27.784  -62.206  34.460 0.6000000238
41313  27.216  -61.368  34.632 0.6000000238
42572  25.361  -60.544  34.198 0.3000000119
41335  29.711  -62.027  34.251 0.6999999881
41311  29.181  -61.271  34.833 0.6000000238
42569  28.666  -60.467  35.249 0.6000000238
42570  27.701  -60.203  34.949 0.6000000238
41310  30.151  -61.060  34.634 0.6999999881
42568  29.573  -60.404  35.201 0.6999999881
42546  29.084  -59.755  35.585 0.6999999881
41333  31.546  -61.183  33.451 0.6999999881
42567  30.380  -60.015  34.856 0.6999999881
41350  32.003  -61.335  32.539 0.6999999881
42615  31.803  -60.380  32.795 0.6999999881
41419  24.813  -61.338  27.243 0.5000000000
41420  23.756  -61.694  27.504 0.3000000119
41421  22.888  -61.213  27.724 0.4000000060
38833  15.657  -63.501  28.656 0.6999999881
42666  21.820  -61.205  28.112 0.5000000000
42677  21.211  -60.835  27.541 0.6000000238
41423  20.401  -61.671  27.980 0.5000000000
40098  16.154  -62.686  29.265 0.8000000119
38814  15.760  -63.187  28.977 0.8000000119
41427  16.307  -62.246  27.565 0.4000000060
40115  16.016  -62.477  28.307 0.8000000119
40116  15.391  -62.835  28.431 0.6999999881
38866  14.903  -63.926  26.747 0.5000000000
40205  15.061  -61.935  24.442 0.3000000119
42595  24.380  -60.570  33.694 0.2000000030
42596  23.307  -60.578  33.495 0.2000000030
42571  26.552  -60.409  34.602 0.3000000119
42573  24.777  -60.057  33.958 0.3000000119
43802  25.861  -59.513  34.515 0.3000000119
43777  28.633  -59.074  35.538 0.5000000000
42548  27.897  -59.635  35.137 0.4000000060
43798  30.868  -59.342  34.058 0.6999999881
44919  29.856  -58.667  34.886 0.6000000238
45005  29.989  -58.852  32.095 0.6999999881
43825  30.704  -59.003  33.810 0.6000000238
42653  27.300  -60.016  28.886 0.6000000238
41405  26.345  -60.935  27.932 0.3000000119
42673  25.013  -60.263  27.156 0.5000000000
42674  23.988  -60.483  26.902 0.4000000060
42676  22.185  -60.588  27.675 0.5000000000
42675  23.033  -60.538  27.211 0.4000000060
43907  21.499  -59.718  27.247 0.4000000060
42678  20.436  -60.994  27.041 0.5000000000
41434  19.841  -61.527  27.329 0.5000000000
41436  18.156  -61.723  26.950 0.4000000060
40117  14.917  -63.110  28.075 0.6999999881
37628  14.858  -63.714  27.677 0.6000000238
41438  15.930  -61.542  26.487 0.5000000000
40129  15.965  -62.441  27.890 0.6999999881
40130  15.526  -62.516  27.714 0.6000000238
41428  15.544  -62.212  26.963 0.5000000000
40143  14.326  -62.350  26.820 0.5000000000
38867  14.069  -63.747  26.740 0.6000000238
38888  13.627  -63.383  26.254 0.5000000000
40184  14.759  -62.536  24.955 0.3000000119
43827  23.589  -59.616  33.538 0.2000000030
43828  22.668  -59.678  33.382 0.2000000030
43803  25.006  -59.547  34.168 0.3000000119
43826  24.382  -59.561  33.801 0.2000000030
44959  22.867  -58.606  33.359 0.1000000015
44985  22.150  -58.202  33.049 0.1000000015
43801  27.027  -59.328  34.854 0.4000000060
44957  24.591  -58.879  34.005 0.3000000119
46153  24.450  -57.911  34.148 0.2000000030
46154  23.379  -57.679  33.707 0.1000000015
44922  27.626  -58.660  34.952 0.5000000000
44923  27.379  -58.633  34.881 0.4000000060
44938  26.142  -58.539  34.672 0.4000000060
44933  30.094  -58.698  34.060 0.6000000238
44920  29.015  -58.494  35.139 0.5000000000
44936  27.779  -58.159  34.752 0.5000000000
44983  29.502  -58.560  32.472 0.6999999881
44956  29.785  -58.494  33.410 0.6000000238
44935  28.474  -58.192  34.609 0.5000000000
46140  28.003  -57.578  34.362 0.4000000060
43864  29.826  -59.132  31.555 0.6999999881
44984  28.915  -58.496  32.170 0.6000000238
45018  28.356  -58.837  31.052 0.8000000119
43865  29.202  -59.031  31.515 0.6999999881
43885  28.271  -59.400  30.051 0.6999999881
43894  26.785  -59.326  28.826 0.5000000000
43895  26.162  -59.281  28.161 0.5000000000
43903  25.336  -59.064  27.356 0.4000000060
43905  23.201  -59.449  26.714 0.5000000000
43906  22.353  -59.641  27.093 0.6000000238
45053  21.711  -58.666  26.937 0.5000000000
43908  20.636  -59.894  26.859 0.4000000060
43917  20.189  -60.481  26.650 0.4000000060
43918  19.677  -59.915  26.389 0.6000000238
42683  18.920  -61.026  26.300 0.5000000000
42684  17.839  -61.040  25.968 0.5000000000
46244  21.125  -58.319  26.954 0.5000000000
45054  20.931  -58.843  27.020 0.5000000000
45068  19.929  -58.732  26.711 0.5000000000
43919  18.477  -60.005  25.911 0.5000000000
42694  17.275  -60.736  25.708 0.5000000000
42696  15.978  -59.988  25.921 0.4000000060
42686  15.354  -60.465  26.156 0.4000000060
42687  14.675  -60.561  26.195 0.5000000000
41440  14.177  -61.543  26.432 0.5000000000
42698  14.153  -61.073  25.688 0.4000000060
42708  14.530  -60.581  25.321 0.4000000060
42707  15.050  -60.837  24.498 0.3000000119
43961  15.977  -59.462  23.968 0.2000000030
44939  25.226  -58.689  34.353 0.3000000119
44937  27.108  -58.398  34.819 0.4000000060
46143  25.429  -57.743  34.501 0.3000000119
47410  24.878  -56.911  34.420 0.3000000119
47411  23.937  -56.764  34.131 0.2000000030
47412  22.928  -56.626  33.663 0.2000000030
47413  22.106  -56.460  33.237 0.1000000015
46141  27.244  -57.403  34.547 0.3000000119
47401  25.654  -56.869  34.602 0.3000000119
46149  29.059  -58.055  33.519 0.6000000238
46151  28.037  -57.243  33.635 0.5000000000
46152  27.636  -56.992  34.125 0.4000000060
46172  28.673  -58.026  32.617 0.6000000238
46198  28.512  -58.278  32.100 0.6000000238
45019  27.792  -58.566  30.724 0.5000000000
45028  27.477  -58.762  29.981 0.5000000000
43886  27.451  -59.338  29.374 0.5000000000
45029  26.797  -58.345  29.445 0.5000000000
45038  26.377  -58.614  28.655 0.5000000000
45039  25.856  -58.180  28.052 0.4000000060
45050  24.616  -58.284  26.846 0.5000000000
43904  24.187  -59.262  26.717 0.5000000000
43915  23.708  -58.843  26.552 0.5000000000
45052  22.589  -58.904  26.725 0.5000000000
46254  22.048  -57.279  26.592 0.6000000238
45067  20.498  -58.588  26.873 0.5000000000
45069  18.749  -58.768  26.145 0.5000000000
45077  17.855  -59.209  25.767 0.5000000000
45078  16.970  -59.081  25.756 0.5000000000
43926  16.569  -59.644  25.790 0.5000000000
45070  17.470  -58.391  25.965 0.5000000000
45079  16.452  -59.109  25.978 0.5000000000
43920  15.587  -59.334  26.245 0.3000000119
43921  15.000  -59.442  26.333 0.4000000060
43922  14.695  -59.548  26.133 0.4000000060
42688  14.341  -60.753  26.043 0.3000000119
43928  14.619  -59.785  25.866 0.3000000119
45094  15.176  -58.578  25.220 0.2000000030
45095  14.641  -58.909  25.688 0.3000000119
45093  15.860  -58.179  24.569 0.2000000030
47529  15.952  -56.390  24.791 0.2000000030
47400  26.558  -56.494  34.366 0.3000000119
48621  25.635  -56.200  34.370 0.3000000119
48634  24.802  -55.823  34.202 0.3000000119
48635  23.540  -55.709  33.837 0.2000000030
49802  22.175  -54.949  33.284 0.1000000015
47399  27.222  -56.746  34.208 0.5000000000
48632  26.514  -56.037  33.268 0.3000000119
49799  25.228  -55.134  33.341 0.3000000119
49800  24.187  -54.813  33.500 0.2000000030
49801  23.039  -54.779  33.433 0.2000000030
46199  27.906  -57.806  31.911 0.5000000000
47407  27.779  -57.002  33.121 0.5000000000
48643  26.639  -56.195  32.640 0.4000000060
49815  23.566  -53.968  32.568 0.1000000015
46200  27.252  -57.390  31.692 0.4000000060
48659  26.670  -56.399  32.126 0.4000000060
49813  25.679  -55.158  32.562 0.4000000060
46213  27.693  -58.147  31.280 0.4000000060
46214  27.211  -57.656  31.095 0.4000000060
47441  26.484  -56.493  31.327 0.4000000060
45020  27.193  -58.131  30.285 0.4000000060
45030  26.250  -57.918  28.799 0.5000000000
45049  25.256  -58.003  27.366 0.5000000000
46252  23.900  -57.573  26.564 0.5000000000
46253  22.878  -57.414  26.481 0.6000000238
47504  23.413  -56.540  26.575 0.5000000000
47506  21.680  -56.486  26.513 0.4000000060
47507  20.862  -56.614  26.572 0.4000000060
46257  19.366  -57.723  26.441 0.5000000000
47508  19.909  -56.754  26.406 0.4000000060
46258  18.149  -57.597  26.109 0.5000000000
46259  16.883  -57.501  26.320 0.4000000060
46260  15.785  -57.476  26.602 0.3000000119
45072  15.336  -58.446  26.581 0.3000000119
45073  14.835  -58.432  26.484 0.3000000119
45081  14.516  -58.381  26.114 0.3000000119
47511  16.311  -56.469  26.556 0.3000000119
46262  14.819  -57.366  26.478 0.3000000119
46268  14.848  -57.530  25.690 0.2000000030
45080  14.722  -58.345  25.723 0.3000000119
46280  15.578  -57.424  25.032 0.2000000030
47530  15.143  -56.419  25.417 0.2000000030
48644  26.204  -55.639  32.858 0.3000000119
51027  21.647  -53.758  32.382 0.1000000015
49814  24.826  -54.540  32.555 0.4000000060
51026  22.535  -53.580  32.317 0.1000000015
48660  26.312  -55.882  31.815 0.4000000060
49829  25.529  -54.860  31.646 0.4000000060
49831  23.731  -53.623  31.824 0.2000000030
51041  23.065  -53.319  31.765 0.2000000030
47463  26.635  -56.905  30.949 0.4000000060
47464  26.311  -56.331  30.902 0.4000000060
47475  26.463  -56.734  30.518 0.5000000000
48697  25.730  -55.401  29.810 0.4000000060
46225  26.298  -57.243  29.342 0.5000000000
47493  25.492  -56.326  28.193 0.5000000000
46241  25.422  -57.226  27.738 0.5000000000
46242  24.759  -57.323  27.110 0.5000000000
47503  24.260  -56.499  26.877 0.5000000000
48733  23.830  -55.815  26.739 0.5000000000
47505  22.524  -56.463  26.479 0.5000000000
48735  22.140  -55.574  26.402 0.4000000060
48736  21.295  -55.655  26.363 0.4000000060
48737  20.399  -55.698  26.191 0.3000000119
48738  19.394  -55.947  25.936 0.3000000119
48739  18.246  -55.821  25.834 0.3000000119
48742  14.852  -55.359  27.085 0.3000000119
47520  14.724  -56.315  26.430 0.3000000119
46269  14.650  -57.203  26.209 0.3000000119
49910  15.255  -54.952  27.243 0.3000000119
47519  14.653  -56.371  25.968 0.2000000030
48754  14.762  -55.409  25.754 0.2000000030
49830  24.509  -53.962  31.482 0.2000000030
51040  23.727  -53.408  31.378 0.2000000030
48684  25.984  -55.540  30.795 0.4000000060
49851  25.451  -54.590  30.641 0.4000000060
49852  24.936  -53.841  30.382 0.4000000060
51063  24.099  -53.227  30.683 0.2000000030
47484  25.834  -56.305  29.095 0.4000000060
48707  25.457  -55.187  28.674 0.4000000060
49860  25.459  -54.315  29.637 0.4000000060
48717  25.133  -55.659  27.839 0.4000000060
49885  24.604  -54.345  27.559 0.4000000060
47494  24.930  -56.408  27.485 0.5000000000
48719  23.782  -55.146  26.783 0.4000000060
48734  23.095  -55.517  26.524 0.4000000060
49906  21.748  -54.753  26.255 0.4000000060
49919  20.413  -54.823  25.861 0.3000000119
48743  14.514  -55.290  26.740 0.3000000119
51139  13.984  -53.615  26.434 0.1000000015
49924  14.061  -54.452  26.613 0.1000000015
51074  24.758  -53.281  29.822 0.2000000030
52230  24.121  -52.629  30.074 0.2000000030
49871  25.440  -54.211  28.902 0.4000000060
51080  25.390  -53.914  29.226 0.3000000119
49872  25.204  -54.246  28.221 0.4000000060
51081  25.164  -53.402  28.879 0.4000000060
48708  25.030  -54.969  27.858 0.4000000060
51094  23.979  -53.529  27.252 0.4000000060
49904  23.380  -54.555  26.720 0.3000000119
51115  23.621  -54.043  26.961 0.3000000119
49905  22.587  -54.596  26.480 0.3000000119
51117  22.044  -53.617  26.257 0.3000000119
51116  23.172  -53.607  26.794 0.3000000119
52243  24.446  -52.382  29.280 0.3000000119
51093  24.783  -53.434  27.891 0.4000000060
52248  24.632  -52.592  28.358 0.3000000119
53390  24.287  -51.885  28.609 0.2000000030
53412  24.095  -52.129  27.545 0.3000000119
51095  23.528  -53.151  27.072 0.3000000119
52283  23.502  -51.899  26.981 0.3000000119
52284  22.977  -52.458  26.625 0.3000000119
52285  22.026  -52.432  26.108 0.3000000119
52263  23.714  -52.524  27.179 0.3000000119
52264  23.318  -52.936  26.961 0.3000000119
53427  23.219  -51.218  26.885 0.2000000030
53428  22.476  -51.426  26.385 0.2000000030
53429  21.709  -51.510  25.901 0.2000000030
915  17.285  -102.703  20.965 1.0000000000
3248  8.988  -96.693  16.659 0.4000000060
3851  8.362  -95.873  15.775 0.3000000119
3830  8.137  -95.320  16.287 0.5000000000
5271  7.578  -93.944  16.387 0.4000000060
5254  6.915  -93.853  16.597 0.4000000060
5222  8.364  -94.885  18.504 0.6999999881
6799  6.622  -92.403  16.673 0.4000000060
5209  7.451  -94.523  18.929 0.8000000119
5951  7.668  -92.693  18.105 0.6000000238
8642  23.273  -90.089  7.541 0.8999999762
9496  23.857  -89.402  9.018 0.8999999762
11589  23.666  -88.238  10.350 0.8000000119
9516  22.559  -89.967  8.658 0.8999999762
11590  22.849  -88.100  10.427 0.8000000119
7777  22.851  -91.494  5.881 0.8000000119
7756  22.059  -91.295  6.787 0.8999999762
7811  23.136  -92.039  4.378 0.8000000119
12730  21.915  -86.621  9.737 0.8999999762
6151  22.328  -93.314  3.541 0.8999999762
6973  30.006  -92.571  1.182 0.6999999881
7857  28.034  -91.780  1.238 0.8000000119
6172  27.847  -93.389  0.757 0.8000000119
6166  30.657  -92.870  1.286 0.6000000238
8793  29.733  -90.804  1.510 0.6000000238
6981  27.442  -93.215  0.569 0.8000000119
7855  30.350  -91.768  1.203 0.6999999881
19379  8.881  -80.867  14.354 1.0000000000
19353  10.059  -80.125  15.907 1.0000000000
20478  7.245  -79.426  14.033 0.5000000000
21519  8.297  -78.473  14.757 0.8999999762
21518  9.279  -78.204  14.632 1.0000000000
20429  11.834  -79.078  16.829 0.8999999762
21496  12.732  -78.202  16.983 0.8999999762
24664  15.828  -75.469  25.336 0.5000000000
25872  16.871  -74.663  25.717 0.6000000238
930  25.406  -103.009  19.406 0.8000000119
420  27.135  -103.715  17.212 0.6999999881
432  26.959  -104.095  16.556 0.8000000119
1698  25.006  -100.561  19.836 0.8999999762
4509  27.817  -95.391  16.582 0.8999999762
3228  26.835  -96.724  17.914 1.0000000000
2187  27.058  -99.213  17.833 1.0000000000
3276  28.064  -98.205  14.504 0.8999999762
2227  27.638  -99.822  15.297 0.8999999762
2199  27.317  -99.277  17.165 0.8999999762
419  27.973  -103.533  16.637 0.8999999762
258  25.580  -105.027  14.738 0.4000000060
491  24.936  -104.312  11.736 0.3000000119
1391  25.761  -101.752  9.431 0.2000000030
501  24.393  -103.785  9.924 0.2000000030
5943  28.205  -93.713  18.659 0.8000000119
3839  29.471  -96.275  15.178 1.0000000000
3213  26.504  -96.783  18.650 0.8999999762
3273  30.978  -97.597  14.354 1.0000000000
2750  31.628  -98.448  14.209 1.0000000000
3274  29.931  -97.681  14.130 0.8999999762
2243  32.081  -98.994  14.087 0.8999999762
2752  29.531  -98.771  13.845 0.8999999762
2246  29.647  -99.757  13.752 0.8999999762
1750  27.842  -100.513  15.407 0.8999999762
1333  29.278  -101.671  14.264 0.8999999762
1724  27.596  -100.477  17.024 0.8999999762
1294  28.148  -102.212  16.607 0.8999999762
2260  31.998  -100.266  13.816 0.8999999762
1775  31.839  -101.028  13.662 0.8999999762
1332  30.274  -101.473  13.833 0.8999999762
980  29.880  -102.260  14.058 0.8999999762
972  28.986  -102.797  15.578 0.8999999762
672  28.227  -103.016  16.759 0.8999999762
1007  31.821  -101.738  11.739 0.8000000119
987  31.887  -101.914  12.898 0.8999999762
714  30.881  -102.748  12.911 0.8000000119
706  29.916  -102.971  14.027 0.6999999881
722  30.442  -103.178  12.834 0.6999999881
454  29.537  -103.639  14.072 0.6999999881
455  29.112  -104.195  14.502 0.6999999881
684  28.972  -103.600  15.573 0.8999999762
456  28.155  -104.575  14.584 0.6000000238
1021  30.416  -102.550  11.070 0.8000000119
1020  31.082  -102.084  10.922 0.8000000119
732  29.734  -103.277  11.797 0.8000000119
478  29.146  -103.972  12.749 0.6999999881
469  28.573  -104.381  13.653 0.6000000238
264  27.886  -104.679  14.029 0.5000000000
257  26.728  -104.718  14.367 0.5000000000
1027  30.274  -102.140  10.174 0.6999999881
1366  31.627  -101.655  11.136 0.8000000119
1028  29.650  -102.030  10.128 0.6999999881
1023  29.079  -102.410  10.786 0.6000000238
723  28.462  -103.308  12.232 0.6999999881
470  27.711  -104.416  13.524 0.5000000000
724  27.604  -103.261  12.559 0.5000000000
480  27.205  -103.979  13.148 0.4000000060
2320  29.670  -99.547  8.771 0.5000000000
1797  28.272  -101.196  11.290 0.6000000238
482  25.371  -104.513  12.518 0.3000000119
2330  30.328  -99.351  7.862 0.6000000238
1798  27.672  -100.655  11.397 0.5000000000
1369  26.566  -101.359  11.607 0.5000000000
1381  25.970  -101.250  10.650 0.4000000060
2826  28.373  -98.684  7.720 0.5000000000
1814  25.908  -101.030  10.017 0.3000000119
3784  22.812  -96.454  19.438 1.0000000000
5180  28.964  -94.128  20.703 0.6999999881
3820  31.535  -96.165  16.752 0.8999999762
3808  31.177  -96.762  17.887 0.8999999762
5923  26.680  -93.559  19.284 0.8000000119
2748  33.663  -98.221  14.246 1.0000000000
1786  33.540  -100.487  12.603 0.8999999762
1364  33.475  -100.911  11.962 0.8999999762
2282  33.852  -99.607  11.525 0.8999999762
1365  32.475  -101.214  11.597 0.8000000119
2297  33.146  -99.517  11.101 0.8999999762
1396  31.260  -100.994  8.432 0.6000000238
1830  31.605  -100.628  8.040 0.6999999881
2824  30.281  -98.621  7.138 0.5000000000
640  16.834  -103.314  21.478 0.8999999762
630  15.666  -103.337  22.456 0.8999999762
364  15.693  -104.665  23.739 0.6999999881
618  15.633  -103.846  23.072 0.8999999762
2671  30.519  -98.363  19.646 0.8000000119
3194  30.340  -97.666  19.651 0.6999999881
3858  32.881  -96.843  15.162 0.8999999762
3253  33.863  -97.158  15.622 0.8999999762
2783  35.209  -98.853  12.483 0.8000000119
2840  30.757  -98.480  6.299 0.5000000000
1256  15.886  -101.492  21.359 1.0000000000
30  19.642  -107.281  23.255 0.3000000119
106  15.720  -106.505  23.344 0.4000000060
4436  20.214  -94.922  21.852 0.8999999762
2653  30.582  -98.986  19.806 0.8000000119
2702  34.282  -98.886  17.339 0.8000000119
118  14.550  -105.590  22.087 0.4000000060
3292  35.684  -97.717  13.466 0.8000000119
3876  35.450  -96.580  13.090 0.8000000119
3385  29.347  -97.860  3.006 0.5000000000
1896  27.402  -100.219  3.135 0.5000000000
2371  25.557  -99.566  3.375 0.5000000000
3388  26.730  -97.840  4.237 0.5000000000
2362  25.304  -99.182  3.955 0.5000000000
2364  23.914  -99.898  3.939 0.4000000060
645  12.297  -103.159  21.720 0.8000000119
1694  33.181  -99.987  19.364 0.8000000119
2195  35.182  -99.518  17.554 0.8000000119
9648  6.182  -89.246  3.443 0.5000000000
3990  27.596  -96.869  4.277 0.5000000000
3358  24.767  -98.255  6.992 0.5000000000
2181  35.244  -99.586  18.281 0.8000000119
2701  36.358  -99.011  17.210 0.8000000119
3250  37.146  -97.522  15.857 0.8000000119
3925  37.311  -96.840  9.274 1.0000000000
3952  36.886  -96.412  7.401 0.8999999762
3962  36.330  -96.226  6.706 0.8999999762
9551  7.586  -89.264  7.186 0.6999999881
9599  6.985  -88.799  5.047 0.6999999881
4675  33.842  -95.866  6.504 0.8999999762
4703  30.738  -96.147  4.651 0.8999999762
4677  31.667  -96.049  6.481 0.8999999762
4656  32.030  -96.014  7.712 0.8999999762
4680  28.402  -95.543  6.352 0.8000000119
2668  36.318  -98.359  18.986 0.8000000119
9525  7.474  -88.885  7.989 0.8000000119
4630  35.758  -95.139  7.832 0.8999999762
4633  32.802  -95.737  8.515 0.8000000119
4662  26.264  -96.085  7.813 0.6000000238
4659  28.609  -95.304  7.340 0.6999999881
3233  9.186  -97.086  17.669 0.6000000238
3831  40.098  -95.800  15.059 0.8999999762
4611  33.390  -95.280  9.440 0.8000000119
4634  31.908  -95.966  8.752 0.8000000119
5376  23.759  -94.573  8.525 0.8999999762
4641  23.041  -95.557  8.445 0.8000000119
5374  27.106  -94.797  8.668 0.6000000238
5372  28.143  -95.039  9.538 0.6000000238
4597  30.255  -95.824  10.453 0.6000000238
4614  30.758  -96.026  9.292 0.6999999881
3945  22.626  -96.518  8.402 0.6999999881
10498  10.143  -88.825  11.302 1.0000000000
11678  9.169  -87.197  5.999 0.8999999762
5375  24.281  -94.241  9.108 0.8000000119
4581  30.863  -95.436  11.483 0.5000000000
12848  12.676  -87.174  3.410 0.6999999881
3829  8.484  -95.796  16.349 0.5000000000
6887  24.725  -92.764  8.522 0.8000000119
6094  24.698  -93.761  9.521 0.8000000119
6079  26.243  -93.803  11.006 0.6999999881
5403  23.920  -94.631  6.387 1.0000000000
5223  7.646  -94.647  18.147 0.6999999881
4502  7.420  -94.577  17.428 0.6000000238
5280  8.527  -95.018  15.450 0.2000000030
5983  9.627  -94.207  16.235 0.2000000030
5267  9.888  -94.890  15.741 0.1000000015
7755  25.926  -91.761  7.295 0.6999999881
14019  14.356  -86.315  2.767 0.6000000238
12806  15.020  -86.394  5.096 0.8999999762
5240  6.926  -94.134  17.333 0.6999999881
5971  6.812  -93.176  17.281 0.4000000060
11679  5.563  -86.231  6.846 0.6999999881
7735  25.683  -91.529  8.360 0.6999999881
11693  13.693  -86.860  5.195 0.8999999762
4010  25.176  -96.235  1.755 0.6999999881
13843  12.906  -85.372  13.396 0.8999999762
7734  26.309  -91.000  8.495 0.6000000238
6934  28.978  -92.596  3.935 0.8000000119
11694  12.552  -87.068  5.625 0.8999999762
15026  13.209  -84.803  10.389 0.8000000119
3409  22.927  -97.512  0.301 0.4000000060
17193  17.586  -82.718  14.652 0.6999999881
18297  17.203  -81.799  14.296 0.6000000238
14983  10.148  -84.360  12.663 1.0000000000
16160  14.404  -83.766  10.517 0.8000000119
10576  25.521  -88.724  6.558 0.8000000119
9514  24.350  -89.318  8.103 0.8999999762
6963  30.002  -93.418  2.376 0.6999999881
9498  22.221  -89.307  9.432 0.8000000119
17339  10.851  -82.887  7.314 0.8000000119
7856  29.169  -91.938  1.205 0.8000000119
7865  28.401  -92.555  1.011 0.8000000119
9658  26.592  -89.125  2.637 0.6999999881
8644  22.147  -90.426  8.026 0.8999999762
10543  21.457  -88.745  8.760 0.8999999762
11669  20.477  -87.771  5.635 0.8999999762
10560  20.830  -88.282  7.436 0.8999999762
8673  20.902  -90.487  6.875 0.8000000119
11687  20.495  -87.672  4.757 0.6999999881
11691  17.532  -87.046  6.013 1.0000000000
8720  23.726  -90.649  5.084 0.8000000119
7797  22.693  -92.083  5.365 0.8000000119
7779  21.298  -91.756  6.492 0.8999999762
7780  20.469  -91.417  6.199 0.8999999762
8721  20.153  -90.701  5.200 0.8999999762
5433  20.987  -94.808  2.777 0.6000000238
6762  7.479  -93.038  19.409 0.8999999762
21533  18.535  -78.607  14.329 0.4000000060
20449  19.366  -79.670  15.325 0.4000000060
20490  17.255  -79.168  13.162 0.6000000238
20492  15.576  -80.029  12.799 0.8999999762
17221  13.439  -82.273  13.196 0.8999999762
18274  19.509  -81.434  15.297 0.4000000060
16115  8.324  -82.934  12.024 1.0000000000
19544  12.951  -81.017  7.678 0.5000000000
10658  27.041  -88.570  2.838 0.6999999881
10544  20.947  -88.235  8.433 0.8000000119
11628  18.957  -87.452  8.119 1.0000000000
11672  17.867  -87.215  6.531 1.0000000000
8775  24.818  -90.558  2.797 0.8000000119
7810  23.672  -91.194  4.138 0.6999999881
8759  24.250  -90.773  3.510 0.8000000119
6938  22.454  -92.830  4.527 0.8999999762
12778  13.413  -86.661  7.662 0.8000000119
6807  7.965  -92.827  15.837 0.2000000030
24878  25.502  -75.958  11.052 0.2000000030
17167  20.314  -82.039  14.832 0.4000000060
17197  10.385  -82.846  14.384 1.0000000000
17284  15.401  -82.654  10.238 0.6000000238
10639  27.560  -88.083  3.357 0.6000000238
10641  25.999  -89.020  3.769 0.6999999881
8776  24.321  -91.062  2.896 0.8000000119
7828  23.447  -91.929  3.585 0.8999999762
15081  12.709  -85.357  7.283 0.8000000119
6977  24.089  -92.719  1.507 0.6999999881
7593  10.214  -91.108  19.553 0.8000000119
6806  8.815  -92.942  15.959 0.2000000030
6798  9.742  -93.122  16.084 0.2000000030
8537  6.895  -90.855  16.272 0.3000000119
23749  19.037  -76.781  12.262 0.3000000119
21589  16.306  -78.064  11.376 0.6000000238
21573  13.916  -78.841  12.384 0.8999999762
18277  12.393  -81.715  15.488 0.8999999762
16040  9.357  -83.021  14.814 1.0000000000
19444  8.113  -80.730  11.809 0.8999999762
9364  11.777  -90.143  21.441 0.8999999762
9377  9.259  -89.743  20.577 0.8000000119
24896  22.431  -75.573  10.911 0.2000000030
17157  10.162  -82.088  16.049 1.0000000000
18279  8.868  -81.579  15.052 1.0000000000
19405  8.658  -80.798  13.419 1.0000000000
19488  19.726  -79.791  9.523 0.4000000060
20477  8.419  -79.474  13.432 0.8999999762
10324  10.706  -88.435  22.056 0.8000000119
18255  13.317  -81.244  16.143 0.8999999762
20453  9.966  -78.645  14.951 1.0000000000
20454  9.578  -79.183  14.368 1.0000000000
11392  12.186  -88.236  22.613 0.8999999762
11394  10.244  -87.767  22.711 0.8000000119
11375  10.832  -87.567  23.630 0.8000000119
23777  19.024  -76.474  9.684 0.4000000060
23738  14.725  -77.017  13.072 0.6999999881
20430  10.724  -78.808  15.780 1.0000000000
20431  9.940  -79.392  15.170 1.0000000000
21515  15.765  -78.340  14.967 0.8999999762
19330  14.203  -80.648  16.794 0.8999999762
11335  9.636  -87.160  25.155 0.8999999762
23763  15.745  -76.342  10.902 0.6999999881
21476  16.118  -78.660  16.828 0.8999999762
11418  6.135  -86.988  21.719 0.4000000060
24920  16.667  -75.973  10.180 0.6000000238
24884  15.645  -75.365  12.071 0.6999999881
22573  16.412  -77.446  14.949 0.8999999762
26083  17.362  -74.967  10.702 0.4000000060
27245  17.688  -74.025  12.308 0.4000000060
27246  16.929  -74.255  12.635 0.6000000238
24842  16.964  -75.553  14.433 0.6999999881
26054  16.941  -74.266  13.612 0.6999999881
23689  17.193  -76.306  14.985 0.8999999762
23664  17.420  -76.357  15.803 0.8999999762
22537  16.671  -77.597  16.913 0.8999999762
27182  16.677  -74.276  16.635 0.6999999881
22552  12.459  -77.286  16.879 0.8999999762
26017  15.404  -74.593  17.053 0.8999999762
23670  10.936  -76.614  16.920 1.0000000000
22554  10.648  -76.960  16.286 1.0000000000
27185  14.682  -73.320  17.225 0.8999999762
24791  13.632  -75.538  18.322 0.8999999762
20455  6.760  -79.614  14.996 0.5000000000
19406  5.862  -81.244  14.863 0.3000000119
26007  14.117  -74.209  18.368 0.8999999762
23652  10.345  -76.176  17.457 0.8999999762
20456  6.150  -80.088  15.630 0.3000000119
27167  13.764  -72.875  19.345 0.8999999762
18053  7.152  -81.257  29.229 0.8999999762
18085  5.723  -81.759  27.739 0.8999999762
20257  5.195  -79.901  28.917 0.8000000119
30585  11.394  -70.027  22.296 1.0000000000
22358  7.868  -77.318  31.786 0.8999999762
21351  5.206  -79.328  27.000 0.6000000238
30569  10.237  -70.622  23.587 1.0000000000
30558  8.417  -71.288  25.017 0.8000000119
29317  7.955  -71.559  26.360 0.6999999881
27090  7.389  -74.219  23.032 0.4000000060
27107  7.653  -74.137  22.805 0.5000000000
31707  8.590  -70.262  27.096 0.8000000119
28168  8.249  -72.241  26.449 0.6000000238
33007  11.034  -68.985  24.914 1.0000000000
31726  9.864  -69.549  26.254 1.0000000000
29304  9.052  -71.156  27.297 0.6999999881
25818  7.008  -73.849  28.508 0.6000000238
30512  10.540  -71.012  26.778 0.4000000060
30534  10.383  -71.482  26.202 0.4000000060
30476  9.883  -69.703  28.191 0.6000000238
23535  16.127  -75.998  25.726 0.4000000060
25828  17.056  -74.601  27.191 0.6000000238
24637  15.950  -75.548  27.446 0.6000000238
24616  16.601  -75.611  28.463 0.8000000119
28154  20.903  -72.091  27.749 0.8000000119
28165  20.353  -72.544  27.192 0.8000000119
26996  20.363  -73.031  28.924 0.8999999762
26997  19.850  -73.051  29.048 0.8999999762
28155  19.814  -72.462  27.905 0.8999999762
28156  19.243  -72.784  28.472 0.8999999762
25796  19.383  -74.571  29.567 0.8000000119
25795  20.410  -74.426  29.491 0.8000000119
26983  21.899  -73.720  29.083 0.8999999762
26995  21.288  -72.998  28.727 0.8999999762
28141  21.795  -72.237  28.264 0.8000000119
26982  22.981  -73.622  29.135 0.8000000119
28140  22.992  -72.552  28.487 0.8000000119
25773  24.118  -74.667  30.133 0.8999999762
28126  23.563  -73.069  28.956 0.8000000119
24596  21.946  -75.223  29.851 0.8000000119
24579  21.761  -75.910  30.535 0.6999999881
24597  21.007  -75.258  29.777 0.8000000119
24577  23.916  -75.145  30.673 0.8000000119
34135  15.370  -67.871  29.134 1.0000000000
24535  23.721  -76.040  32.545 0.3000000119
24557  23.777  -75.609  31.477 0.6999999881
25756  25.113  -74.579  31.119 0.8000000119
25739  25.327  -74.316  32.322 0.6999999881
24534  24.490  -75.192  32.396 0.4000000060
26950  25.443  -73.692  32.777 0.6999999881
26941  24.176  -72.712  33.871 0.3000000119
26939  25.450  -73.042  33.024 0.6000000238
28075  23.553  -71.993  33.923 0.4000000060
30360  21.462  -70.177  34.828 0.1000000015
31557  20.230  -69.450  36.056 0.1000000015
32812  20.358  -68.788  35.248 0.2000000030
34025  17.362  -67.970  37.073 0.1000000015
28055  22.787  -71.977  35.322 0.1000000015
28076  23.214  -72.363  34.468 0.2000000030
35182  19.811  -66.958  36.421 0.2000000030
35170  19.338  -66.937  36.784 0.2000000030
34074  22.003  -67.358  34.038 0.4000000060
36393  27.525  -65.977  33.274 0.6999999881
35233  28.174  -66.313  32.695 1.0000000000
35216  24.780  -66.462  33.764 0.6000000238
35219  21.912  -65.942  34.154 0.2000000030
36379  21.298  -65.516  34.862 0.1000000015
36370  20.712  -65.693  35.575 0.2000000030
36358  19.698  -66.109  36.783 0.2000000030
153057  17.154  -65.330  30.719 0.8000000119
36413  28.107  -65.336  33.043 0.8999999762
37566  25.245  -64.298  34.100 0.5000000000
37562  30.061  -64.695  33.256 1.0000000000
37551  21.289  -64.322  34.794 0.1000000015
38772  23.772  -63.305  33.567 0.1000000015
38803  16.307  -63.317  29.705 0.6999999881
37603  17.089  -64.188  29.015 0.6999999881
37625  17.490  -64.116  28.476 0.6999999881
40025  25.864  -62.510  34.424 0.4000000060
40022  28.690  -62.131  34.379 0.6000000238
38846  16.352  -63.875  27.019 0.6999999881
38887  14.281  -63.365  25.795 0.5000000000
41312  28.203  -61.293  34.806 0.6000000238
42545  29.765  -59.697  35.354 0.6999999881
42593  31.419  -60.180  33.574 0.6999999881
43848  31.463  -59.591  32.903 0.6999999881
42628  31.302  -59.813  31.384 0.6999999881
41413  16.731  -62.142  28.720 0.6999999881
40131  14.647  -62.859  27.555 0.5000000000
41496  15.020  -61.668  24.460 0.4000000060
43849  30.875  -59.054  33.058 0.6999999881
44955  30.340  -58.803  33.410 0.6000000238
42663  26.737  -60.283  28.330 0.6000000238
42664  25.905  -60.169  27.713 0.4000000060
42682  19.782  -61.054  26.624 0.5000000000
38849  14.143  -63.331  27.113 0.6000000238
41451  16.519  -61.256  26.027 0.5000000000
40142  14.970  -62.470  27.005 0.6000000238
41439  14.920  -61.618  26.510 0.5000000000
38868  13.615  -63.174  26.630 0.5000000000
41453  14.111  -62.251  25.365 0.4000000060
41441  13.795  -61.671  26.117 0.4000000060
41471  14.604  -61.544  24.801 0.4000000060
44958  23.888  -58.704  33.706 0.3000000119
46139  28.585  -57.774  34.048 0.6000000238
45008  28.036  -58.438  31.338 0.5000000000
45051  22.956  -58.977  26.589 0.5000000000
43909  20.204  -59.374  26.713 0.6000000238
46243  21.280  -58.002  26.864 0.6000000238
45071  16.282  -58.569  26.289 0.4000000060
43939  15.233  -59.744  24.648 0.2000000030
45116  16.499  -58.630  23.994 0.2000000030
48636  22.562  -55.681  33.483 0.2000000030
48637  21.732  -55.633  33.133 0.1000000015
45065  22.316  -58.121  26.615 0.5000000000
46255  21.342  -57.341  26.713 0.4000000060
46256  20.584  -57.851  26.806 0.4000000060
47409  26.552  -56.192  33.699 0.3000000119
47408  27.182  -56.603  33.411 0.4000000060
49816  22.382  -54.214  32.885 0.1000000015
47417  27.571  -57.063  32.605 0.4000000060
46224  26.708  -57.331  30.220 0.5000000000
46233  25.893  -57.192  28.515 0.5000000000
47509  18.784  -56.748  26.138 0.4000000060
46261  15.091  -57.434  26.711 0.3000000119
47512  15.364  -56.439  26.753 0.3000000119
47513  14.914  -56.363  26.697 0.3000000119
48766  15.450  -55.410  25.230 0.2000000030
47476  26.191  -56.409  30.076 0.4000000060
48718  24.473  -55.414  27.235 0.4000000060
49886  23.995  -54.495  27.047 0.4000000060
48750  19.833  -55.250  25.800 0.3000000119
48720  14.489  -54.788  27.205 0.3000000119
48755  14.489  -55.362  26.291 0.2000000030
49923  14.290  -54.492  26.001 0.1000000015
49861  25.160  -53.772  29.868 0.3000000119
52231  23.401  -52.492  30.489 0.2000000030
51118  21.428  -54.247  26.081 0.3000000119
49907  21.020  -54.819  26.131 0.3000000119
51134  20.856  -53.748  25.743 0.3000000119
49911  14.069  -54.639  26.927 0.3000000119
53401  24.316  -51.949  27.959 0.3000000119
4545  8.336  -95.507  15.464 0.2000000030
6971  31.908  -92.425  1.045 0.5000000000
19378  9.398  -80.336  14.963 1.0000000000
7798  19.745  -91.690  5.179 0.8000000119
6925  19.906  -92.717  5.588 0.6999999881
6141  20.489  -94.180  4.620 0.5000000000
5422  20.354  -94.769  3.288 0.3000000119
5411  20.613  -94.362  4.008 0.5000000000
4716  19.370  -95.712  3.420 0.1000000015
4715  20.116  -95.645  2.988 0.4000000060
8741  20.309  -90.055  4.384 0.4000000060
9638  20.338  -89.409  2.738 0.2000000030
9615  20.632  -89.133  3.947 0.4000000060
2882  19.201  -98.531  2.483 0.2000000030
3392  19.395  -97.555  3.014 0.1000000015
4014  20.639  -96.237  2.266 0.5000000000
4721  20.643  -95.344  2.649 0.5000000000
3401  19.871  -97.919  1.883 0.3000000119
4015  20.102  -97.081  2.426 0.3000000119
3404  21.474  -97.121  0.783 0.4000000060
4019  21.471  -96.334  1.297 0.5000000000
3400  20.465  -97.147  1.834 0.4000000060
4020  20.848  -96.835  1.589 0.5000000000
4720  21.269  -95.448  2.106 0.6000000238
4609  38.676  -95.380  9.639 0.8000000119
10623  20.838  -88.240  3.882 0.4000000060
10642  20.540  -88.533  3.070 0.2000000030
11728  20.204  -88.004  2.373 0.3000000119
11729  19.711  -87.243  2.035 0.3000000119
10683  19.353  -88.630  1.441 0.3000000119
11748  19.038  -87.607  1.519 0.3000000119
10685  17.740  -87.997  1.721 0.2000000030
4018  22.000  -96.073  0.932 0.5000000000
3762  35.390  -96.895  20.337 0.6999999881
3180  34.896  -97.846  20.479 0.6999999881
2649  36.028  -98.426  19.317 0.6999999881
4429  34.640  -95.242  20.833 0.6000000238
3178  36.332  -97.866  19.458 0.6999999881
4447  35.926  -95.831  20.385 0.6999999881
3761  36.423  -96.730  19.833 0.6999999881
3909  39.120  -95.618  10.647 0.8000000119
4627  38.223  -95.396  8.824 0.8000000119
5349  38.805  -94.690  9.913 0.8000000119
10600  20.875  -88.286  4.883 0.6999999881
11703  20.719  -87.768  4.193 0.6000000238
12862  18.748  -86.775  1.862 0.4000000060
11749  18.214  -87.514  1.571 0.2000000030
10686  16.676  -87.841  1.720 0.2000000030
11750  17.302  -87.379  1.481 0.2000000030
10664  15.963  -88.445  2.157 0.1000000015
9641  15.262  -88.792  2.429 0.1000000015
3764  33.850  -97.188  20.746 0.6999999881
5156  34.662  -94.671  21.398 0.5000000000
5157  33.534  -94.759  21.677 0.6000000238
4430  33.839  -95.494  20.939 0.6999999881
4449  34.012  -96.455  20.688 0.6999999881
3777  37.132  -97.093  19.228 0.6999999881
5178  35.369  -95.095  20.794 0.6000000238
3760  37.483  -96.153  19.479 0.6999999881
3776  37.890  -96.452  18.712 0.6000000238
3795  37.950  -96.612  18.244 0.8000000119
5118  34.999  -94.807  23.250 0.4000000060
5119  33.954  -94.801  23.212 0.4000000060
5135  35.380  -94.457  22.412 0.4000000060
5155  35.863  -94.502  21.526 0.6000000238
5177  36.413  -94.888  20.798 0.6000000238
4446  37.112  -95.445  20.189 0.6000000238
3872  39.858  -95.892  13.780 0.8000000119
4575  39.972  -95.157  11.962 0.8000000119
4608  39.093  -94.990  10.163 0.8000000119
6073  39.376  -94.282  10.971 0.6999999881
4629  36.580  -95.104  7.829 0.8000000119
5350  38.356  -94.412  9.487 0.6999999881
6074  38.906  -93.948  10.604 0.6999999881
5351  37.612  -94.161  9.357 0.6999999881
6075  38.006  -93.348  10.637 0.6999999881
6041  39.048  -93.723  12.398 0.5000000000
6058  38.538  -93.503  11.482 0.5000000000
11704  20.097  -87.298  4.044 0.6000000238
12822  19.033  -86.879  4.047 0.5000000000
12841  19.337  -86.856  2.821 0.3000000119
10663  17.085  -88.324  2.115 0.2000000030
12863  17.659  -86.440  2.058 0.4000000060
12842  18.372  -86.412  2.920 0.5000000000
12887  16.924  -86.884  1.604 0.3000000119
10645  15.622  -88.672  3.194 0.1000000015
12864  16.529  -86.365  2.223 0.3000000119
11751  16.231  -87.387  1.393 0.2000000030
10687  15.695  -88.043  1.593 0.1000000015
12894  14.923  -86.965  1.284 0.3000000119
12888  15.771  -86.972  1.662 0.3000000119
2652  34.407  -98.551  20.538 0.6999999881
5158  32.891  -94.788  21.917 0.4000000060
3747  33.184  -96.651  21.003 0.6999999881
3169  32.735  -97.632  21.364 0.6999999881
4378  32.602  -95.691  24.356 0.4000000060
4399  32.924  -95.301  23.895 0.4000000060
4431  32.573  -95.433  21.606 0.5000000000
4432  31.811  -96.036  21.805 0.6999999881
4460  39.310  -95.266  18.666 0.6000000238
4478  38.941  -95.615  18.378 0.6000000238
3803  39.214  -95.746  17.332 0.6999999881
3110  33.659  -97.658  25.423 0.3000000119
3705  33.960  -96.748  24.513 0.3000000119
4376  34.323  -96.160  24.208 0.4000000060
5154  36.907  -94.448  21.636 0.6000000238
5175  38.064  -94.744  20.579 0.5000000000
4444  38.632  -95.333  19.370 0.6000000238
4490  40.020  -95.262  17.365 0.6000000238
4505  39.944  -95.539  16.511 0.6999999881
4548  40.543  -95.211  13.671 0.6999999881
5283  40.745  -94.496  13.904 0.5000000000
4396  35.645  -95.444  23.906 0.4000000060
5117  36.025  -94.810  23.295 0.3000000119
5134  36.446  -94.450  22.507 0.4000000060
5153  37.847  -94.454  21.607 0.4000000060
5173  40.116  -94.277  19.939 0.4000000060
5194  39.871  -94.740  19.133 0.5000000000
5241  41.222  -94.490  16.378 0.4000000060
5272  41.156  -94.480  15.298 0.5000000000
4559  40.370  -94.992  12.694 0.6999999881
5296  40.383  -94.530  12.887 0.5000000000
3124  34.299  -97.350  24.978 0.3000000119
4375  35.225  -96.196  24.326 0.4000000060
4374  36.104  -95.883  24.659 0.3000000119
5116  36.928  -94.725  23.385 0.4000000060
5132  38.295  -94.238  22.519 0.3000000119
5152  38.787  -94.409  21.344 0.4000000060
6022  40.431  -94.033  13.755 0.5000000000
3703  35.408  -96.636  24.892 0.3000000119
5115  37.672  -94.597  23.605 0.3000000119
6040  39.917  -94.092  12.684 0.6000000238
6057  39.560  -94.051  11.657 0.6000000238
6023  39.537  -93.838  13.411 0.4000000060
5369  37.060  -94.615  8.607 0.8000000119
6042  37.941  -93.410  12.285 0.6000000238
5352  36.361  -94.019  9.683 0.6999999881
6091  37.381  -93.643  10.057 0.6000000238
5332  35.821  -93.651  10.326 0.6999999881
6077  36.286  -93.367  10.620 0.6000000238
6076  37.087  -93.246  10.723 0.5000000000
6059  37.353  -93.114  11.571 0.6000000238
11705  19.546  -87.206  4.566 0.8000000119
9642  14.548  -89.096  3.004 0.1000000015
9665  14.779  -88.937  2.072 0.1000000015
11752  15.561  -87.510  1.292 0.2000000030
1677  31.889  -100.330  20.395 0.6999999881
3170  32.040  -97.581  21.727 0.6999999881
2641  32.418  -98.365  21.643 0.6999999881
5120  32.809  -94.828  23.150 0.4000000060
4417  31.786  -95.322  22.478 0.5000000000
3160  30.821  -96.991  22.561 0.6999999881
4535  40.938  -94.979  14.807 0.6000000238
5172  40.505  -93.972  19.866 0.4000000060
5914  40.845  -94.056  18.682 0.4000000060
5954  40.958  -93.749  17.330 0.4000000060
4395  36.571  -95.216  23.978 0.3000000119
5131  39.209  -93.987  22.196 0.3000000119
5151  39.767  -94.099  20.929 0.3000000119
5955  40.455  -93.261  17.521 0.4000000060
5986  40.951  -93.818  15.663 0.5000000000
6004  40.700  -93.844  14.792 0.5000000000
5114  38.591  -94.013  23.509 0.3000000119
6005  39.999  -93.638  14.478 0.4000000060
6006  38.951  -93.837  14.211 0.4000000060
5256  38.611  -93.829  15.772 0.4000000060
6007  37.696  -93.763  14.013 0.4000000060
6061  35.727  -92.918  11.246 0.6000000238
6838  36.588  -92.870  12.260 0.5000000000
6043  37.051  -93.083  12.283 0.4000000060
11605  24.407  -87.921  10.007 0.6999999881
11689  19.027  -87.196  5.144 0.8000000119
12802  18.799  -86.990  4.675 0.6999999881
12823  17.817  -86.465  4.045 0.8000000119
9617  14.002  -89.270  4.241 0.1000000015
12865  15.445  -86.375  2.403 0.4000000060
9688  14.775  -88.625  1.783 0.1000000015
12889  14.932  -87.057  2.054 0.5000000000
12895  14.379  -87.331  1.702 0.4000000060
9689  14.224  -88.715  1.834 0.1000000015
9666  13.802  -89.242  2.385 0.1000000015
10704  14.582  -87.710  1.314 0.2000000030
2145  30.455  -99.539  20.248 0.6999999881
1696  31.553  -100.180  19.897 0.6999999881
1678  30.734  -100.345  20.807 0.6999999881
1667  31.413  -100.314  21.479 0.6999999881
5885  39.760  -93.496  21.526 0.4000000060
5900  40.554  -93.588  19.894 0.4000000060
5915  40.696  -93.458  19.025 0.4000000060
5973  40.728  -93.567  16.484 0.4000000060
5987  40.387  -93.546  15.521 0.4000000060
5106  37.793  -94.567  24.409 0.2000000030
5113  39.036  -93.706  22.772 0.2000000030
6699  40.213  -92.915  20.764 0.4000000060
6741  40.327  -92.756  18.951 0.4000000060
6778  40.284  -92.974  17.989 0.4000000060
5988  39.401  -93.616  15.399 0.4000000060
5865  38.732  -93.366  23.569 0.3000000119
5871  39.403  -93.325  22.305 0.4000000060
6742  39.526  -92.180  19.410 0.4000000060
6764  39.812  -92.603  18.476 0.4000000060
5956  39.716  -93.084  17.281 0.4000000060
5243  38.298  -93.863  16.291 0.4000000060
5244  37.558  -94.006  16.543 0.4000000060
5990  37.093  -93.883  14.916 0.4000000060
5989  38.293  -93.941  14.972 0.4000000060
6026  36.334  -92.821  13.328 0.4000000060
5258  36.822  -94.091  15.800 0.4000000060
6857  35.121  -92.469  11.799 0.5000000000
6824  35.836  -92.317  13.221 0.4000000060
6008  36.323  -93.212  14.077 0.4000000060
11606  23.392  -87.543  10.193 0.8000000119
10525  25.168  -88.127  9.226 0.8000000119
12727  24.780  -87.137  9.433 0.6999999881
12804  17.156  -86.747  5.336 0.8000000119
9643  13.357  -89.643  3.246 0.1000000015
12845  14.937  -85.965  3.237 0.6999999881
9667  12.522  -89.804  2.588 0.1000000015
12890  14.234  -87.105  2.282 0.4000000060
10689  13.820  -88.160  1.556 0.2000000030
14021  13.921  -86.623  2.831 0.5000000000
11753  13.137  -87.973  1.617 0.4000000060
10690  12.704  -88.429  1.792 0.2000000030
11766  13.351  -87.474  2.060 0.4000000060
11754  12.436  -87.737  2.093 0.4000000060
1661  16.170  -99.973  22.089 0.8999999762
1654  14.458  -100.642  23.860 0.8999999762
1653  14.862  -100.885  23.113 0.8999999762
2104  12.815  -100.116  24.658 0.8999999762
1643  12.074  -100.942  24.750 0.8999999762
7548  39.147  -91.798  21.877 0.4000000060
6719  39.626  -92.005  20.413 0.4000000060
5957  38.791  -93.205  17.459 0.4000000060
6765  38.711  -92.635  18.372 0.4000000060
5976  38.332  -93.682  16.864 0.4000000060
5958  37.805  -93.603  17.393 0.4000000060
5227  37.077  -94.009  17.070 0.4000000060
6810  35.925  -92.640  13.676 0.4000000060
5991  35.767  -93.562  15.249 0.4000000060
5992  35.031  -93.474  15.822 0.4000000060
5229  35.902  -94.108  16.850 0.4000000060
11607  22.485  -87.427  10.112 0.8000000119
12754  25.282  -86.492  8.974 0.6000000238
12728  23.874  -87.042  9.620 0.6000000238
11652  18.378  -87.400  7.297 0.8999999762
11611  18.513  -87.240  8.830 0.8999999762
11629  17.875  -87.331  8.254 0.8999999762
12805  16.040  -86.484  5.023 0.8000000119
8781  11.945  -90.453  3.147 0.1000000015
9644  12.383  -90.135  3.432 0.1000000015
9668  11.601  -89.757  2.420 0.1000000015
9691  12.091  -89.157  2.168 0.2000000030
9690  13.212  -88.963  1.942 0.1000000015
3719  8.858  -97.039  25.154 0.8999999762
3119  8.856  -98.327  25.176 0.8999999762
2138  16.780  -99.481  21.691 0.8999999762
3174  17.637  -98.114  22.395 0.8999999762
2646  17.013  -98.906  22.177 0.8999999762
2636  16.766  -99.047  22.643 0.8999999762
2585  7.869  -98.076  25.893 0.8999999762
2129  15.756  -99.882  23.152 0.8999999762
1662  15.597  -100.399  22.548 0.8999999762
2117  15.253  -100.043  23.678 0.8999999762
2609  13.459  -99.177  24.528 0.8999999762
2118  14.660  -100.071  24.208 0.8999999762
2105  11.893  -100.105  24.523 0.8999999762
1222  11.440  -101.570  24.641 0.8999999762
6767  37.057  -92.641  19.074 0.4000000060
5959  36.878  -93.752  17.670 0.4000000060
5916  36.328  -92.970  19.024 0.4000000060
5917  35.891  -93.063  19.080 0.3000000119
12755  24.309  -86.478  8.970 0.6000000238
13918  25.743  -85.906  8.382 0.5000000000
12729  22.921  -86.905  9.682 0.6000000238
12753  26.215  -86.640  8.713 0.6999999881
12731  20.800  -86.736  9.687 0.6999999881
12732  19.746  -86.753  9.361 0.8000000119
12733  18.713  -86.768  9.234 0.6999999881
12734  17.722  -86.816  8.995 0.8000000119
12735  17.264  -86.431  9.040 0.8000000119
12758  17.302  -87.069  8.591 0.8000000119
11654  16.449  -87.295  7.297 0.8999999762
11655  15.374  -87.295  7.255 0.8999999762
7834  11.329  -91.229  3.960 0.1000000015
8782  11.416  -90.353  2.714 0.1000000015
9669  11.066  -89.960  2.461 0.1000000015
11730  12.061  -87.568  2.497 0.3000000119
10691  11.587  -88.563  2.125 0.3000000119
4369  9.876  -95.351  25.792 0.8000000119
3667  10.532  -96.287  27.883 0.8000000119
4345  10.468  -95.554  26.813 0.8000000119
3717  9.856  -96.022  24.568 0.8000000119
3157  9.625  -96.959  24.274 0.8999999762
3698  8.783  -96.211  25.544 0.8000000119
3164  18.051  -97.559  22.879 0.8999999762
2092  7.777  -98.874  25.384 0.8999999762
3165  17.517  -98.108  23.061 0.8999999762
2621  17.171  -98.313  23.378 0.8999999762
2622  16.540  -98.655  23.792 0.8999999762
3133  17.537  -97.150  24.802 0.8000000119
3134  16.673  -97.716  24.649 0.8000000119
2623  15.661  -99.291  24.100 0.8999999762
2614  7.408  -98.342  24.818 0.8999999762
2608  14.407  -98.869  24.688 0.8999999762
2122  7.793  -99.341  24.360 0.8999999762
2610  12.537  -99.280  24.297 0.8999999762
2109  8.078  -99.841  24.629 0.8999999762
1665  8.730  -100.053  23.500 0.8999999762
2130  9.252  -99.858  22.828 0.8000000119
2139  9.497  -99.548  22.255 0.8000000119
1234  10.358  -101.421  24.119 0.6999999881
648  14.046  -103.586  20.060 0.4000000060
650  12.511  -102.893  20.920 0.5000000000
926  12.086  -102.523  20.066 0.5000000000
13942  26.156  -85.437  7.738 0.5000000000
12756  23.325  -86.467  8.997 0.6000000238
12757  22.549  -86.298  9.251 0.6000000238
13896  21.042  -85.828  9.422 0.6000000238
13897  19.973  -85.936  9.430 0.6000000238
13898  18.947  -86.056  9.379 0.5000000000
11631  15.995  -87.229  8.101 0.8000000119
11632  15.008  -87.139  8.028 0.6999999881
11656  14.175  -87.230  7.390 0.8000000119
7817  11.168  -91.774  4.562 0.1000000015
8766  11.382  -90.844  3.412 0.1000000015
6944  10.720  -92.295  4.717 0.1000000015
9692  10.866  -89.438  2.332 0.3000000119
8767  10.736  -90.879  3.091 0.1000000015
11755  11.130  -88.044  2.422 0.3000000119
2606  16.140  -98.164  24.638 0.8000000119
2607  15.487  -98.582  24.656 0.8999999762
3136  14.767  -97.789  24.822 0.8999999762
2119  10.726  -99.225  24.070 0.8999999762
1656  8.605  -100.361  23.994 0.8999999762
1245  9.827  -100.756  23.418 0.6999999881
1645  10.276  -100.458  24.649 0.8999999762
1225  9.241  -100.605  24.480 0.8999999762
13943  25.292  -85.535  7.545 0.5000000000
13919  24.785  -85.972  8.265 0.5000000000
13946  22.119  -84.980  7.503 0.4000000060
13921  22.612  -85.745  8.405 0.5000000000
13895  21.939  -85.838  9.195 0.6000000238
13923  20.242  -85.187  8.831 0.4000000060
15054  19.412  -84.686  8.146 0.4000000060
13924  19.179  -85.285  8.964 0.6000000238
13925  18.149  -85.456  9.037 0.6000000238
15055  18.377  -84.788  8.303 0.6000000238
15056  17.332  -84.917  8.442 0.6000000238
13926  17.107  -85.850  9.090 0.6999999881
13927  15.957  -85.945  8.795 0.6999999881
13928  15.041  -86.048  8.535 0.6999999881
15058  15.246  -85.291  8.405 0.6999999881
13929  14.296  -86.078  8.307 0.6999999881
8768  9.796  -90.858  2.878 0.1000000015
7836  10.231  -91.445  3.443 0.1000000015
6931  10.163  -92.762  5.157 0.1000000015
13948  13.692  -85.821  8.026 0.6999999881
9693  9.841  -89.450  2.203 0.2000000030
8783  10.374  -90.274  2.417 0.1000000015
11756  10.553  -88.154  2.654 0.4000000060
10692  10.367  -88.686  2.354 0.3000000119
4346  9.334  -95.298  26.702 0.8000000119
3666  11.259  -96.512  27.378 0.8000000119
3094  10.995  -97.068  28.125 0.6999999881
2638  7.833  -98.465  23.770 0.8999999762
2637  8.428  -98.690  23.124 0.8999999762
3137  13.815  -98.087  24.365 0.8999999762
2106  10.933  -99.773  24.375 0.8999999762
13944  24.328  -85.606  7.279 0.4000000060
13920  23.753  -86.003  8.160 0.4000000060
13979  24.666  -84.922  5.916 0.3000000119
13945  23.191  -85.412  7.133 0.4000000060
13962  24.021  -85.223  6.098 0.3000000119
13922  21.394  -85.203  8.475 0.4000000060
15072  21.536  -84.597  6.681 0.4000000060
15053  20.433  -84.644  7.907 0.4000000060
15076  17.587  -84.334  7.532 0.6000000238
15077  16.546  -84.390  7.680 0.6000000238
15078  15.465  -84.493  7.780 0.6999999881
8785  8.397  -90.651  2.341 0.1000000015
7848  8.463  -91.017  2.750 0.1000000015
6946  9.546  -92.223  4.630 0.1000000015
6918  9.571  -92.712  6.040 0.1000000015
15079  14.303  -84.913  7.853 0.6999999881
10694  8.530  -89.578  2.429 0.3000000119
9694  8.992  -89.695  2.153 0.1000000015
8784  9.287  -90.489  2.365 0.1000000015
15110  13.603  -84.164  7.027 0.6000000238
11720  9.838  -87.591  3.192 0.5000000000
10667  9.714  -88.693  2.674 0.4000000060
4344  11.427  -95.743  26.039 0.8000000119
3681  7.889  -96.517  26.196 0.8999999762
3682  7.154  -96.409  26.174 0.8999999762
4368  10.805  -95.522  25.530 0.8000000119
2597  7.528  -98.127  25.497 0.8999999762
3665  12.138  -96.332  26.859 0.6000000238
3678  11.828  -95.947  26.352 0.6999999881
4412  11.227  -95.862  23.961 0.8000000119
3158  7.562  -97.955  24.201 0.8999999762
2108  9.319  -99.580  24.861 0.8999999762
2612  9.780  -99.073  24.340 0.8999999762
1646  9.300  -100.189  24.831 0.8999999762
3154  12.416  -98.281  23.802 0.8999999762
13963  23.176  -84.973  6.181 0.4000000060
15100  23.422  -84.843  5.561 0.4000000060
15071  22.452  -84.827  6.481 0.4000000060
15073  20.597  -84.461  6.876 0.4000000060
15074  19.622  -84.392  7.097 0.5000000000
15075  18.610  -84.325  7.320 0.6000000238
9670  7.595  -89.702  2.404 0.3000000119
7820  8.736  -91.744  4.148 0.1000000015
6932  9.309  -92.379  5.331 0.1000000015
15108  15.824  -83.907  6.887 0.6000000238
15107  16.837  -83.998  6.683 0.6000000238
15109  14.743  -83.987  6.967 0.6000000238
4371  8.437  -96.130  25.954 0.8000000119
3141  7.273  -97.505  24.908 0.8999999762
3734  11.179  -96.666  23.441 0.8000000119
2627  9.612  -97.903  24.187 0.8999999762
3733  12.212  -97.091  23.465 0.8000000119
3714  15.557  -96.782  25.018 0.8000000119
3716  14.215  -96.935  24.328 0.8000000119
3155  11.263  -97.872  23.462 0.8999999762
15149  22.719  -84.176  4.250 0.3000000119
15102  21.835  -84.579  5.723 0.4000000060
15131  22.201  -84.549  4.851 0.3000000119
15103  20.867  -84.424  5.863 0.3000000119
15104  19.866  -84.329  6.026 0.5000000000
15105  18.814  -84.189  6.122 0.5000000000
9671  6.858  -89.442  2.705 0.3000000119
8786  7.430  -90.387  2.507 0.2000000030
7821  7.552  -91.562  4.229 0.1000000015
6919  8.898  -92.309  5.911 0.1000000015
7786  8.076  -91.795  6.128 0.1000000015
16222  16.214  -83.461  6.055 0.6000000238
15106  17.828  -84.063  6.457 0.6000000238
8770  6.823  -91.061  3.486 0.1000000015
8728  6.865  -90.988  5.085 0.1000000015
7805  7.264  -91.433  5.255 0.1000000015
8750  6.035  -90.506  4.237 0.1000000015
3701  6.870  -96.163  25.801 0.8999999762
4342  13.456  -95.367  25.768 0.6999999881
4387  13.343  -95.967  24.104 0.8000000119
4388  12.110  -95.626  24.363 0.8000000119
4386  14.640  -96.016  24.619 0.8000000119
15164  23.288  -83.709  3.882 0.4000000060
15132  21.236  -84.375  4.924 0.4000000060
15133  20.156  -84.280  4.953 0.4000000060
16241  18.504  -84.008  4.582 0.5000000000
15134  19.189  -84.281  5.215 0.5000000000
16221  17.136  -83.738  5.690 0.6000000238
16220  18.023  -84.021  5.426 0.6000000238
7787  7.055  -91.082  6.214 0.1000000015
9624  5.808  -89.644  3.904 0.2000000030
8709  6.280  -90.643  5.955 0.1000000015
16224  14.146  -83.157  6.438 0.6000000238
16223  15.222  -83.292  6.324 0.6000000238
10631  6.201  -88.475  4.234 0.3000000119
4392  7.165  -95.505  24.736 0.8999999762
15150  21.709  -84.089  4.164 0.4000000060
16240  19.372  -84.166  4.468 0.5000000000
16244  15.726  -82.819  5.873 0.5000000000
8730  5.651  -90.156  5.233 0.1000000015
9600  5.354  -89.378  4.967 0.2000000030
5111  7.090  -94.499  25.063 0.8999999762
5853  7.195  -93.975  25.725 0.8000000119
4393  6.908  -95.489  25.342 0.8999999762
5863  7.358  -93.618  24.571 0.8999999762
5130  7.454  -94.434  23.911 0.8999999762
16243  16.672  -83.051  5.347 0.6000000238
9577  5.291  -89.297  5.721 0.1000000015
8710  5.655  -90.100  6.081 0.1000000015
16245  14.784  -82.651  6.158 0.5000000000
6657  8.235  -93.065  26.360 0.8000000119
6667  8.482  -92.454  25.197 0.8000000119
6668  7.671  -93.099  25.362 0.8000000119
5841  7.126  -94.334  26.457 0.8000000119
5870  7.677  -93.405  23.290 0.8999999762
8655  5.501  -89.651  7.180 0.1000000015
10585  5.681  -87.851  5.390 0.4000000060
10586  5.214  -88.402  5.760 0.3000000119
6649  11.909  -92.003  27.872 0.8000000119
6655  10.601  -91.948  26.263 0.8000000119
6651  9.195  -93.097  27.289 0.8000000119
6666  9.296  -92.153  24.871 0.8000000119
7513  10.463  -91.902  25.708 0.8000000119
7538  9.762  -92.036  24.245 0.8000000119
7547  8.996  -92.151  23.735 0.8000000119
6678  8.799  -92.259  24.235 0.8000000119
7555  9.423  -92.141  22.869 0.8000000119
10565  5.222  -87.932  6.324 0.3000000119
9552  5.201  -88.937  6.530 0.2000000030
7504  11.790  -91.492  27.003 0.8000000119
6650  10.657  -92.251  27.172 0.8000000119
6648  12.939  -91.854  28.212 0.8000000119
7522  10.999  -91.789  25.186 0.8000000119
7545  10.394  -91.999  23.508 0.8000000119
10548  5.404  -87.439  6.912 0.4000000060
7509  13.696  -91.194  26.864 0.6999999881
7503  12.758  -91.449  27.429 0.8000000119
7495  14.241  -91.649  28.270 0.6999999881
7520  12.637  -91.199  25.640 0.8000000119
7511  11.849  -91.355  26.177 0.8000000119
7536  11.696  -91.602  24.533 0.8000000119
7544  11.460  -91.834  23.604 0.8000000119
6696  9.239  -92.265  22.280 0.6999999881
11636  6.785  -86.782  7.578 0.6000000238
9527  5.254  -88.903  7.712 0.1000000015
7500  15.329  -90.905  27.157 0.6999999881
7494  15.264  -91.493  28.282 0.6999999881
7519  13.465  -91.088  25.946 0.6999999881
11637  6.063  -86.711  6.314 0.4000000060
7493  15.923  -90.940  27.770 0.6999999881
7483  16.330  -91.385  29.014 0.6999999881
7535  12.563  -91.258  24.772 0.8000000119
7553  11.074  -92.221  22.604 0.8000000119
10536  4.958  -87.936  8.201 0.1000000015
8448  15.071  -90.756  26.325 0.6999999881
8433  16.458  -90.413  28.045 0.6999999881
8403  17.210  -90.569  30.084 0.6999999881
8462  14.476  -90.475  24.684 0.6999999881
8452  14.773  -90.728  25.826 0.6999999881
8440  15.987  -90.372  27.131 0.6999999881
7543  12.552  -91.365  23.793 0.8000000119
7542  13.226  -91.088  24.269 0.6999999881
11638  5.054  -86.913  7.659 0.3000000119
8451  15.109  -90.249  25.350 0.6999999881
9319  16.274  -89.641  27.404 0.6999999881
9302  16.308  -89.418  29.207 0.6999999881
8467  13.591  -90.557  23.521 0.6999999881
8472  12.762  -90.628  22.496 0.8000000119
8468  12.840  -91.106  23.109 0.6999999881
9326  15.830  -89.682  26.313 0.6999999881
9313  15.770  -88.940  28.624 0.6999999881
9283  15.369  -89.323  30.016 0.6999999881
8471  13.295  -90.119  22.816 0.6999999881
9408  7.723  -89.776  16.954 0.3000000119
12740  4.924  -86.432  9.077 0.2000000030
10269  15.720  -88.826  27.324 0.6999999881
10252  14.990  -88.628  28.689 0.6999999881
9285  13.460  -89.000  30.646 0.6999999881
10301  15.300  -89.116  25.320 0.6999999881
10287  15.574  -89.158  25.849 0.6999999881
10263  14.251  -88.102  28.284 0.6999999881
8466  14.304  -90.059  23.912 0.6999999881
10302  14.669  -88.646  24.811 0.6999999881
10403  8.449  -89.153  17.717 0.3000000119
10405  6.756  -88.954  18.084 0.3000000119
10389  7.279  -88.612  18.755 0.3000000119
13905  5.016  -85.376  8.887 0.3000000119
9286  12.427  -88.951  30.942 0.6999999881
10236  14.167  -88.578  29.752 0.6999999881
10279  14.192  -88.234  26.919 0.6999999881
10309  14.311  -88.814  23.947 0.6999999881
11351  13.597  -87.966  25.114 0.6999999881
11330  14.368  -88.304  25.982 0.6999999881
9345  13.582  -89.542  22.961 0.6999999881
10310  13.583  -88.469  23.359 0.6999999881
9287  11.269  -89.012  31.062 0.6999999881
10254  13.890  -88.005  29.676 0.6999999881
11318  13.425  -87.997  27.128 0.6999999881
11303  13.881  -87.782  28.450 0.6999999881
11276  13.481  -87.611  29.834 0.6999999881
11332  12.645  -87.907  25.826 0.6999999881
11331  13.685  -88.151  26.207 0.6999999881
11295  13.559  -87.459  29.223 0.6999999881
10311  12.821  -88.347  22.832 0.6999999881
11352  12.434  -87.727  24.855 0.6999999881
11312  12.821  -87.387  27.500 0.6999999881
11305  12.962  -87.038  27.952 0.6999999881
11319  12.750  -87.799  26.677 0.6999999881
11313  12.205  -87.289  26.900 0.6999999881
16185  5.730  -84.051  9.355 0.6000000238
15030  5.338  -84.665  9.724 0.4000000060
13580  12.354  -86.058  29.800 0.6999999881
12451  12.184  -86.118  28.044 0.6999999881
12463  11.933  -86.491  27.385 0.6999999881
16164  5.534  -83.744  10.251 0.5000000000
13602  12.130  -85.468  29.599 0.6999999881
16138  5.532  -83.455  11.152 0.4000000060
14745  11.293  -84.784  28.011 0.6999999881
14760  10.964  -85.200  27.441 0.6999999881
13645  10.300  -85.575  26.806 0.6999999881
18394  6.103  -82.127  11.038 0.6000000238
18377  5.786  -81.983  11.700 0.3000000119
17290  5.739  -82.835  10.587 0.5000000000
17271  5.633  -82.685  11.497 0.3000000119
15881  10.387  -84.179  27.753 0.6999999881
16953  9.281  -82.027  29.570 0.6000000238
14762  9.350  -84.264  27.000 0.6000000238
15882  9.880  -83.909  27.601 0.6999999881
21457  6.449  -78.156  18.706 0.4000000060
15864  9.443  -83.297  28.104 0.6000000238
16980  8.556  -82.696  28.499 0.6999999881
20316  5.484  -79.671  24.420 0.2000000030
22530  6.673  -77.514  19.312 0.4000000060
18051  9.153  -81.311  30.112 0.6999999881
23563  5.819  -77.184  25.398 0.3000000119
21373  5.525  -78.864  25.122 0.3000000119
22433  6.856  -77.383  25.628 0.2000000030
21363  6.508  -78.003  25.062 0.1000000015
24584  16.413  -75.249  30.159 0.6000000238
25779  15.407  -74.915  31.233 0.4000000060
23542  6.642  -76.428  25.899 0.4000000060
23562  6.233  -76.880  25.392 0.3000000119
24648  5.582  -76.289  27.102 0.6000000238
25757  17.184  -75.543  31.159 0.6000000238
25778  16.475  -75.141  30.610 0.6000000238
23459  15.561  -75.730  30.363 0.6000000238
25910  7.576  -74.349  24.332 0.3000000119
20233  6.919  -79.203  30.365 0.8000000119
23466  6.240  -75.862  30.791 0.6999999881
24590  6.441  -74.786  30.295 0.6999999881
24605  6.112  -75.100  29.561 0.6999999881
23494  5.520  -76.895  27.904 0.6000000238
23520  5.455  -77.237  27.040 0.6000000238
24562  16.927  -75.752  31.626 0.5000000000
25758  16.509  -75.282  31.550 0.5000000000
24586  15.076  -75.088  31.116 0.5000000000
24647  6.003  -75.301  27.276 0.6000000238
25813  16.849  -75.194  29.094 0.6999999881
25799  16.871  -75.015  29.606 0.6999999881
23469  16.230  -75.953  29.233 0.6999999881
29333  9.254  -72.075  26.438 0.5000000000
23443  14.451  -75.454  31.264 0.6000000238
24583  17.585  -75.648  30.883 0.6000000238
24538  16.546  -75.869  32.290 0.4000000060
25740  16.194  -75.347  32.213 0.4000000060
25759  15.603  -74.830  31.726 0.4000000060
23461  13.536  -76.639  30.807 0.6000000238
22364  12.528  -76.952  30.373 0.8000000119
24582  18.250  -75.895  30.659 0.6000000238
23473  12.139  -76.749  29.860 0.6000000238
25776  18.681  -75.152  30.001 0.6999999881
25851  18.959  -73.997  26.153 0.5000000000
23404  17.322  -77.140  32.781 0.4000000060
25760  14.703  -74.698  31.885 0.5000000000
25761  14.124  -74.810  32.007 0.5000000000
22325  18.010  -77.746  33.435 0.3000000119
23422  17.554  -76.720  32.033 0.6000000238
23442  17.998  -76.623  31.555 0.6000000238
24564  13.609  -75.091  32.061 0.6000000238
24603  10.169  -75.238  29.430 0.6999999881
22340  19.667  -77.698  32.717 0.5000000000
23440  19.671  -77.052  31.566 0.6000000238
23457  19.073  -76.434  30.883 0.6000000238
23439  20.846  -77.032  31.782 0.6000000238
24581  19.395  -75.674  30.222 0.6999999881
24580  20.570  -75.897  30.294 0.6999999881
27028  19.529  -73.074  26.817 0.6999999881
33026  14.773  -69.082  22.962 0.5000000000
24521  15.491  -75.936  33.239 0.4000000060
24540  15.322  -75.356  32.912 0.4000000060
25742  14.718  -74.963  32.764 0.5000000000
23445  12.769  -75.816  31.955 0.6000000238
23446  11.624  -76.461  31.715 0.6999999881
23464  10.555  -76.177  30.467 0.6999999881
24587  9.986  -75.780  30.362 0.8000000119
23463  11.348  -76.574  30.659 0.6999999881
30485  25.934  -72.129  28.078 0.6000000238
29298  23.152  -71.827  27.532 0.6999999881
29314  22.064  -71.855  27.177 0.6999999881
28153  21.603  -71.897  27.651 0.8000000119
33018  15.296  -68.630  23.569 0.5000000000
25771  25.394  -74.212  30.699 0.6999999881
30430  26.153  -72.021  29.489 0.6999999881
28125  24.449  -73.115  29.226 0.8000000119
30415  27.605  -70.753  31.313 0.8000000119
29251  26.659  -72.094  30.445 0.8000000119
28104  26.549  -72.736  31.256 0.8000000119
31776  15.715  -69.150  23.255 0.5000000000
33001  16.037  -67.715  24.328 0.5000000000
26949  25.823  -73.311  32.540 0.6999999881
28097  25.944  -72.641  32.737 0.6000000238
29233  26.093  -72.121  32.857 0.8000000119
31616  28.053  -69.782  31.863 0.8000000119
29231  27.196  -71.142  32.367 0.8000000119
29232  26.741  -71.403  32.653 0.8000000119
34069  27.114  -67.796  33.512 0.8000000119
32840  26.474  -68.650  33.559 0.6999999881
34068  27.718  -67.838  33.117 0.8999999762
32839  27.537  -68.728  33.202 0.8000000119
31600  25.827  -69.540  33.457 0.8000000119
34107  28.598  -68.371  31.805 0.8999999762
30389  27.116  -70.127  33.061 0.8000000119
30402  26.937  -70.708  32.898 0.8000000119
29221  26.323  -71.126  33.062 0.8000000119
34116  32.313  -67.698  30.554 0.6999999881
32914  15.104  -68.052  28.037 0.6999999881
34234  16.139  -67.254  25.566 0.6000000238
32814  19.204  -69.078  35.911 0.1000000015
32791  17.765  -68.769  36.741 0.1000000015
34070  26.132  -67.674  33.733 0.5000000000
35231  29.856  -66.616  32.432 0.8999999762
36430  32.190  -66.127  30.067 0.6000000238
36422  32.321  -66.297  30.927 0.8000000119
30433  13.918  -70.330  30.389 0.5000000000
32882  14.001  -69.138  30.170 0.8000000119
34136  14.089  -68.250  29.361 0.8999999762
34120  15.111  -68.034  30.231 0.8999999762
32894  14.116  -68.646  29.980 0.8999999762
32933  16.368  -67.835  27.871 0.6999999881
32893  16.042  -67.762  28.872 0.6999999881
153045  16.235  -67.521  30.091 0.6999999881
34180  17.289  -67.640  27.807 0.6999999881
34154  17.046  -67.618  28.756 0.6999999881
34179  18.385  -67.311  27.939 0.6000000238
35172  17.943  -67.134  37.213 0.1000000015
36409  31.520  -65.925  32.546 0.8000000119
36431  32.204  -65.349  30.558 0.6999999881
37589  32.176  -64.456  31.242 0.8000000119
31636  14.339  -69.662  30.486 0.6000000238
31635  15.245  -69.402  30.860 0.6000000238
32880  15.367  -68.427  31.030 0.6999999881
32881  14.715  -68.855  30.339 0.6000000238
34112  15.880  -67.342  31.319 0.8999999762
34152  18.520  -66.752  28.726 0.6999999881
34153  17.801  -67.208  29.082 0.6999999881
34119  16.731  -67.487  29.644 0.6999999881
37578  31.916  -64.765  32.266 0.8000000119
38794  32.227  -63.338  30.739 0.8000000119
38783  32.137  -63.413  32.024 0.8999999762
38801  31.854  -63.197  29.681 0.8000000119
40083  32.027  -62.321  30.186 0.8000000119
40057  32.227  -62.217  32.174 0.6000000238
41401  29.534  -61.702  28.841 0.5000000000
41402  28.789  -61.756  28.715 0.5000000000
31618  15.717  -68.791  31.321 0.6999999881
41403  27.989  -61.695  28.554 0.4000000060
34111  15.974  -67.275  32.399 0.8000000119
32869  15.772  -68.144  31.747 0.8999999762
38802  18.172  -64.004  32.270 0.3000000119
153047  16.641  -66.648  30.728 0.6999999881
153051  16.475  -66.226  31.152 0.6999999881
42638  31.253  -60.219  30.757 0.6000000238
41360  32.196  -61.343  31.571 0.6000000238
42640  29.430  -59.993  30.167 0.6000000238
42650  29.964  -60.521  29.802 0.6999999881
41385  29.714  -61.102  29.301 0.6000000238
41387  28.280  -61.097  28.765 0.5000000000
41404  27.027  -61.461  28.222 0.5000000000
34110  16.702  -67.227  32.991 0.5000000000
153075  18.219  -64.857  32.622 0.4000000060
153070  17.680  -66.387  33.109 0.4000000060
34093  16.569  -66.626  33.192 0.6999999881
153072  17.486  -64.465  32.731 0.5000000000
153071  17.346  -65.522  33.205 0.5000000000
153046  15.978  -66.410  32.212 0.8000000119
40071  17.406  -63.644  32.183 0.6000000238
40058  16.616  -64.804  32.305 0.6000000238
41391  17.858  -61.872  30.148 0.5000000000
43873  30.986  -59.691  31.256 0.5000000000
42639  30.152  -60.002  30.402 0.6999999881
42651  29.037  -60.280  29.642 0.6000000238
43884  28.940  -59.769  30.178 0.6000000238
41392  16.993  -62.129  29.857 0.4000000060
41411  18.595  -61.744  29.224 0.4000000060
41374  17.332  -62.290  30.716 0.4000000060
37643  17.765  -63.911  27.824 0.6000000238
43874  30.390  -59.576  31.088 0.6000000238
41435  19.085  -61.598  27.193 0.4000000060
41425  18.336  -61.669  28.122 0.4000000060
41412  17.579  -61.678  29.067 0.5000000000
41426  17.397  -61.980  27.885 0.4000000060
41437  17.052  -61.752  26.596 0.3000000119
51064  23.212  -52.959  31.083 0.1000000015
51042  21.976  -53.012  31.665 0.1000000015
47510  17.531  -56.578  26.180 0.2000000030
52245  22.898  -51.936  30.215 0.1000000015
53377  22.277  -51.648  30.184 0.1000000015
49920  19.771  -54.465  25.607 0.2000000030
48751  19.008  -55.137  25.643 0.2000000030
48752  17.972  -54.881  25.680 0.2000000030
48740  16.974  -55.275  26.377 0.2000000030
52244  23.622  -51.962  29.852 0.1000000015
53402  24.039  -51.255  28.334 0.1000000015
53391  23.832  -51.324  29.122 0.1000000015
52298  20.311  -52.494  25.191 0.1000000015
51135  19.590  -53.485  25.352 0.2000000030
49921  18.774  -54.227  25.494 0.2000000030
48753  17.389  -54.542  26.004 0.2000000030
48741  15.700  -55.487  26.870 0.2000000030
53413  23.814  -51.456  27.515 0.1000000015
54634  23.602  -50.481  28.156 0.1000000015
54662  22.755  -50.428  26.719 0.1000000015
54663  22.061  -50.546  26.206 0.1000000015
52299  19.209  -52.561  25.037 0.1000000015
49922  17.797  -54.010  25.685 0.1000000015
49909  15.797  -54.399  27.121 0.2000000030
54645  23.341  -50.507  27.460 0.1000000015
53445  20.984  -51.553  25.378 0.1000000015
53446  20.294  -51.469  24.905 0.1000000015
52300  18.222  -52.181  25.413 0.1000000015
52310  18.989  -51.732  24.865 0.1000000015
52286  16.460  -52.442  26.821 0.1000000015
51119  16.860  -52.961  26.495 0.2000000030
49888  14.762  -54.446  27.345 0.2000000030
52287  15.672  -52.383  27.234 0.1000000015
51097  14.716  -53.549  27.488 0.1000000015
51099  13.910  -54.192  27.118 0.1000000015
52303  14.241  -52.458  26.085 0.1000000015
55935  22.738  -49.639  27.044 0.1000000015
54701  20.142  -50.763  24.776 0.1000000015
55955  21.775  -49.699  25.902 0.1000000015
53447  17.828  -51.138  25.720 0.1000000015
52301  17.225  -52.072  26.260 0.1000000015
53448  17.098  -51.164  26.392 0.1000000015
53431  15.212  -51.467  27.366 0.1000000015
54681  20.737  -50.691  25.108 0.1000000015
53458  19.615  -51.230  24.755 0.1000000015
52311  18.468  -51.358  25.168 0.1000000015
888  10.994  -101.829  24.350 0.8000000119
1223  10.614  -101.233  24.692 0.8999999762
1642  12.984  -101.062  24.568 0.8999999762
10608  5.800  -88.155  4.689 0.3000000119
1644  11.176  -100.717  24.814 0.8999999762
10564  6.016  -87.070  5.993 0.4000000060
3192  36.848  -97.776  18.727 0.6999999881
3804  38.644  -96.266  17.172 0.8000000119
4024  22.446  -96.466  0.649 0.4000000060
22435  5.291  -78.258  25.797 0.4000000060
25894  7.813  -73.906  25.005 0.4000000060
23493  5.664  -76.556  28.689 0.6000000238
28176  8.906  -72.549  26.125 0.5000000000
23543  5.866  -76.656  25.812 0.5000000000
24622  5.799  -75.420  28.507 0.6999999881
24598  20.018  -75.151  29.834 0.6999999881
25791  24.296  -74.199  29.754 0.8000000119
34249  15.523  -67.292  24.848 0.6999999881
24576  24.530  -74.805  30.708 0.6999999881
34181  16.634  -67.752  27.295 0.6000000238
28089  25.429  -72.451  33.151 0.5000000000
31601  24.781  -69.465  33.444 0.5000000000
35214  26.859  -66.800  33.638 0.6000000238
153048  16.138  -65.659  32.480 0.8000000119
153061  17.729  -66.821  29.717 0.6999999881
35232  28.966  -66.459  32.279 0.8999999762
35230  30.714  -66.833  32.499 0.8000000119
36390  31.394  -65.486  32.871 0.8000000119
40072  16.830  -63.491  31.751 0.5000000000
36423  32.153  -65.573  31.604 0.8000000119
42637  31.899  -60.745  31.130 0.6000000238
42662  27.588  -60.786  28.602 0.5000000000
42652  28.122  -60.243  29.135 0.5000000000
43875  29.125  -59.373  30.847 0.6000000238
51065  22.646  -52.914  31.336 0.1000000015
51140  13.760  -53.940  26.715 0.1000000015
51133  21.581  -53.084  25.908 0.2000000030
54661  23.139  -50.544  27.034 0.1000000015
52297  21.280  -52.483  25.664 0.1000000015
8771  6.615  -90.003  3.312 0.2000000030
29284  23.651  -72.232  28.113 0.6000000238
24559  21.921  -76.327  31.236 0.6999999881
26970  25.334  -73.983  30.203 0.8000000119
25755  25.659  -74.160  31.390 0.6000000238
26959  26.066  -73.689  31.603 0.6999999881
52232  22.310  -52.407  30.784 0.1000000015
4008  19.919  -96.422  2.988 0.3000000119
3405  20.846  -97.640  1.041 0.3000000119
11715  20.025  -87.312  2.965 0.3000000119
12886  17.927  -86.959  1.500 0.4000000060
4462  38.143  -95.792  19.194 0.6999999881
5312  40.024  -94.555  12.079 0.6000000238
4418  31.111  -95.779  22.641 0.5000000000
4489  40.513  -94.858  17.575 0.6000000238
5174  39.088  -94.723  20.021 0.5000000000
4504  40.827  -94.973  16.692 0.6000000238
5226  40.899  -94.502  17.471 0.4000000060
4373  37.115  -95.122  24.418 0.3000000119
6060  36.521  -92.957  11.341 0.5000000000
2630  31.786  -98.462  22.010 0.6999999881
5974  40.044  -93.260  16.424 0.4000000060
5975  39.079  -93.516  16.509 0.4000000060
6700  39.784  -92.610  21.308 0.4000000060
6685  39.015  -92.577  22.650 0.4000000060
5960  35.674  -93.936  17.450 0.4000000060
13899  18.010  -86.222  9.284 0.8000000119
12760  15.563  -86.658  8.474 0.6999999881
7818  10.592  -91.879  4.132 0.1000000015
6945  10.242  -92.361  4.409 0.1000000015
15057  16.265  -85.098  8.454 0.6000000238
7837  9.142  -91.343  3.242 0.1000000015
10693  9.382  -89.236  2.392 0.3000000119
7838  7.961  -91.301  3.154 0.1000000015
7804  8.208  -91.761  5.024 0.1000000015
15101  22.707  -84.726  5.600 0.3000000119
7501  14.482  -91.274  27.508 0.6999999881
7533  14.109  -90.942  25.500 0.8000000119
7499  15.741  -90.701  27.250 0.6999999881
8422  16.812  -90.292  29.057 0.6999999881
8404  16.884  -89.906  30.031 0.6999999881
9304  14.700  -88.971  29.641 0.6999999881
9284  14.395  -89.183  30.198 0.6999999881
10270  14.742  -88.332  27.491 0.6999999881
10288  15.024  -88.488  25.829 0.6999999881
11304  13.451  -87.488  28.313 0.6999999881
16979  9.816  -82.886  28.809 0.6000000238
23544  5.447  -77.394  26.014 0.5000000000
24537  17.061  -76.181  31.896 0.5000000000
23405  16.592  -76.734  33.031 0.4000000060
23441  18.663  -76.769  31.431 0.6000000238
22324  19.083  -78.015  33.529 0.3000000119
23456  20.119  -76.474  30.909 0.6000000238
29265  25.503  -72.170  29.030 0.6999999881
30487  25.047  -72.281  28.173 0.6999999881
29296  25.400  -72.363  27.712 0.5000000000
28113  25.791  -73.362  30.065 0.8000000119
26979  25.507  -73.619  29.963 0.8000000119
28112  26.164  -72.961  30.314 0.8000000119
28123  25.982  -72.821  29.966 0.6999999881
29283  24.796  -72.358  28.538 0.6999999881
28137  25.028  -72.837  29.309 0.6999999881
29250  27.234  -71.503  31.051 0.8000000119
29240  27.311  -71.301  31.931 0.8000000119
29241  26.965  -72.028  31.616 0.8000000119
28096  26.392  -72.599  32.261 0.8000000119
26968  26.266  -73.301  31.113 0.6999999881
29222  25.854  -71.382  33.204 0.8000000119
30391  25.261  -70.464  33.412 0.6000000238
30401  27.397  -70.635  32.404 0.8000000119
31607  27.661  -69.646  32.774 0.8000000119
34092  28.335  -67.788  32.402 0.8999999762
32857  28.110  -68.967  32.498 0.8999999762
31598  27.302  -69.511  33.163 0.8000000119
30390  26.356  -70.549  33.202 0.8000000119
32888  32.311  -68.282  30.209 0.6000000238
35252  32.287  -66.916  30.338 0.6000000238
34091  29.287  -67.390  32.067 0.8999999762
34130  32.050  -66.995  29.305 0.6000000238
36437  32.044  -66.155  29.551 0.6000000238
37594  32.142  -64.282  30.084 0.6999999881
40070  32.325  -62.324  31.213 0.8000000119
40092  31.441  -62.233  29.398 0.6999999881
41370  31.945  -61.303  30.606 0.6999999881
41400  30.199  -61.675  28.971 0.6000000238
42649  30.710  -60.539  30.020 0.6999999881
41383  31.576  -61.584  29.852 0.6999999881
153054  16.264  -65.485  32.707 0.5000000000
54622  23.685  -50.826  28.650 0.1000000015
51136  18.505  -53.274  25.385 0.1000000015
49908  16.909  -53.939  26.370 0.2000000030
54635  23.179  -50.087  28.379 0.1000000015
51137  17.577  -53.076  25.911 0.1000000015
51120  16.099  -53.267  27.078 0.1000000015
53430  16.387  -51.530  26.917 0.1000000015
51096  15.410  -53.664  27.371 0.1000000015
52265  14.059  -53.191  27.366 0.1000000015
53459  18.952  -50.951  24.806 0.1000000015
29297  24.347  -72.117  27.558 0.6999999881
5108  21.644  -93.891  25.042 0.5000000000
5862  20.772  -93.969  24.567 0.5000000000
5127  20.380  -94.320  23.839 0.5000000000
4360  19.425  -95.335  25.093 0.6999999881
5101  19.757  -94.789  25.536 0.5000000000
4450  29.577  -95.251  20.284 0.6000000238
322  14.535  -104.406  31.701 0.3000000119
339  14.910  -103.905  30.019 0.3000000119
577  15.583  -103.396  29.374 0.2000000030
337  16.024  -103.648  29.890 0.2000000030
587  15.745  -103.030  28.887 0.4000000060
861  16.524  -102.253  28.095 0.4000000060
2078  17.802  -99.685  27.274 0.4000000060
3104  21.394  -97.377  26.322 0.5000000000
3105  20.744  -97.619  26.846 0.5000000000
3089  20.091  -97.836  27.303 0.5000000000
3091  18.780  -98.393  27.619 0.5000000000
4382  22.703  -95.175  24.943 0.6000000238
5107  22.181  -94.264  25.206 0.5000000000
3661  20.450  -96.802  27.646 0.5000000000
3075  19.443  -97.523  28.045 0.5000000000
4359  21.752  -94.746  26.132 0.5000000000
4317  20.715  -95.652  27.548 0.5000000000
5073  20.343  -94.880  27.145 0.5000000000
4304  19.320  -95.871  28.422 0.5000000000
4361  18.622  -95.577  25.654 0.6999999881
5084  20.831  -94.576  26.402 0.5000000000
5074  19.449  -94.882  27.270 0.6000000238
5086  18.908  -95.013  26.428 0.6999999881
4433  29.265  -95.449  20.936 0.6000000238
5100  20.589  -94.326  25.614 0.5000000000
1442  26.273  -101.160  3.702 0.4000000060
1434  26.111  -101.468  4.311 0.3000000119
1059  24.386  -102.463  4.597 0.2000000030
1068  23.487  -102.507  3.805 0.1000000015
1415  19.432  -101.589  7.362 0.1000000015
1046  21.402  -103.119  6.031 0.1000000015
1403  20.198  -101.051  8.039 0.1000000015
313  14.467  -104.566  32.733 0.2000000030
566  15.666  -103.734  30.918 0.2000000030
837  16.611  -102.910  30.432 0.2000000030
586  16.336  -102.989  28.696 0.3000000119
869  17.223  -102.326  27.713 0.4000000060
1606  16.377  -100.772  28.602 0.5000000000
1190  16.065  -101.620  28.575 0.5000000000
850  15.237  -102.774  29.186 0.4000000060
575  17.019  -102.977  29.189 0.3000000119
2070  17.670  -99.297  27.929 0.5000000000
2081  18.996  -99.272  26.078 0.5000000000
2083  17.955  -100.310  26.672 0.4000000060
2594  19.773  -98.896  25.892 0.5000000000
2581  20.909  -98.131  26.118 0.5000000000
2582  20.125  -98.400  26.406 0.4000000060
4434  28.706  -95.572  21.563 0.6000000238
4435  28.134  -94.772  21.956 0.6000000238
3728  23.710  -96.132  23.756 0.6000000238
3710  22.493  -96.406  25.012 0.6000000238
3693  22.255  -96.349  25.725 0.5000000000
3713  17.933  -96.662  25.128 0.6999999881
3727  24.505  -96.248  23.690 0.6000000238
3712  18.489  -96.387  24.797 0.6999999881
4421  27.042  -95.565  23.000 0.6000000238
4319  19.016  -95.101  28.078 0.6000000238
4338  18.102  -95.210  26.382 0.6999999881
4420  27.914  -95.668  22.294 0.6000000238
3750  29.440  -96.246  20.796 0.6000000238
1451  26.356  -100.878  3.438 0.4000000060
1452  25.930  -101.051  3.337 0.3000000119
1899  25.138  -100.756  3.029 0.4000000060
1444  24.217  -101.781  3.407 0.3000000119
1445  23.266  -102.034  3.524 0.1000000015
1841  18.720  -100.507  7.481 0.1000000015
2324  19.281  -99.539  8.543 0.1000000015
1061  22.988  -102.922  4.272 0.1000000015
756  21.013  -103.272  5.248 0.1000000015
1049  18.864  -101.904  5.950 0.1000000015
1043  18.709  -101.552  6.445 0.1000000015
321  15.498  -104.082  31.554 0.2000000030
550  15.435  -104.302  33.077 0.2000000030
565  16.124  -103.485  30.488 0.2000000030
331  14.175  -104.195  30.730 0.4000000060
578  14.664  -103.377  29.676 0.4000000060
1204  18.434  -101.239  26.568 0.4000000060
2088  19.386  -99.466  25.641 0.5000000000
3130  22.577  -97.259  24.481 0.6000000238
2592  21.401  -97.890  25.488 0.5000000000
3116  16.824  -96.964  25.202 0.6999999881
3726  25.437  -96.490  23.739 0.6000000238
2604  21.679  -98.468  24.564 0.5000000000
1640  20.177  -100.222  25.145 0.5000000000
4305  18.330  -95.592  28.659 0.6000000238
3650  18.682  -96.669  28.776 0.5000000000
4362  17.613  -95.653  25.996 0.6999999881
4403  26.120  -95.732  23.412 0.6000000238
3148  23.865  -97.003  23.999 0.6000000238
2603  23.039  -98.137  24.211 0.5000000000
5065  18.336  -94.989  28.117 0.6000000238
5087  17.874  -94.762  27.078 0.6999999881
4363  16.564  -95.603  25.911 0.6000000238
1639  20.902  -100.340  24.993 0.5000000000
4339  16.983  -94.806  26.740 0.6999999881
3740  28.264  -96.585  21.972 0.6000000238
4307  16.308  -95.347  28.502 0.6999999881
3182  29.945  -97.136  20.199 0.6000000238
1892  22.697  -101.209  3.897 0.1000000015
1437  21.384  -102.023  4.385 0.1000000015
1057  19.237  -102.281  5.302 0.1000000015
1894  18.633  -100.612  3.210 0.1000000015
2391  19.741  -99.927  1.431 0.2000000030
2386  19.141  -99.947  2.038 0.1000000015
6156  31.215  -92.926  1.351 0.6000000238
1942  11.734  -99.712  41.235 0.1000000015
1943  11.083  -99.575  41.835 0.1000000015
2418  10.214  -98.741  42.551 0.1000000015
286  14.378  -104.137  35.776 0.2000000030
512  14.463  -103.120  37.240 0.2000000030
781  14.314  -102.315  37.521 0.2000000030
1493  13.161  -100.375  40.561 0.1000000015
294  14.831  -104.557  34.245 0.2000000030
1502  13.373  -99.811  39.945 0.1000000015
289  14.246  -104.403  35.075 0.2000000030
290  13.821  -104.016  35.509 0.2000000030
520  13.605  -103.556  36.156 0.2000000030
1508  14.545  -100.774  38.764 0.1000000015
556  15.962  -103.484  31.422 0.2000000030
541  15.912  -103.696  33.521 0.2000000030
323  13.479  -104.186  31.416 0.2000000030
304  13.378  -104.186  33.192 0.2000000030
2559  17.064  -99.203  28.798 0.5000000000
1592  16.186  -100.542  29.030 0.5000000000
1593  15.738  -100.983  29.162 0.5000000000
2543  16.933  -98.520  29.208 0.5000000000
1203  19.165  -101.263  26.602 0.5000000000
1211  19.754  -100.776  25.787 0.4000000060
3117  16.198  -96.992  25.149 0.6999999881
1430  20.776  -101.315  4.937 0.2000000030
1436  22.119  -101.595  4.214 0.2000000030
1438  19.985  -101.537  4.448 0.1000000015
1439  19.279  -101.765  4.166 0.1000000015
1883  20.098  -100.682  4.314 0.2000000030
1455  19.508  -101.030  2.902 0.1000000015
2385  20.742  -100.278  2.560 0.1000000015
2394  21.073  -99.490  0.684 0.1000000015
1934  10.609  -99.323  42.612 0.1000000015
2403  10.258  -98.562  42.991 0.1000000015
776  14.938  -102.203  38.536 0.2000000030
1492  13.773  -100.923  40.451 0.1000000015
2404  9.785  -97.970  42.807 0.1000000015
1099  14.864  -101.675  39.470 0.1000000015
1951  12.791  -99.691  40.315 0.1000000015
1953  11.427  -99.150  41.094 0.1000000015
511  15.224  -103.470  37.153 0.2000000030
1110  14.428  -101.339  37.966 0.2000000030
2436  10.840  -98.496  41.146 0.1000000015
2428  9.992  -98.024  41.930 0.1000000015
818  16.320  -102.881  32.209 0.2000000030
1156  16.639  -102.299  31.724 0.2000000030
579  13.771  -103.315  29.887 0.4000000060
836  17.095  -102.247  30.520 0.3000000119
851  14.263  -102.698  29.521 0.4000000060
2544  15.985  -98.734  29.672 0.5000000000
2056  15.329  -99.844  29.614 0.5000000000
3066  17.259  -97.519  29.306 0.5000000000
3640  16.903  -96.896  29.486 0.5000000000
4306  17.339  -95.528  28.835 0.6000000238
3696  16.349  -96.330  25.434 0.6000000238
1872  21.194  -100.583  5.477 0.2000000030
2356  21.676  -100.217  5.572 0.3000000119
1431  20.268  -101.101  4.737 0.3000000119
2344  22.082  -99.384  6.187 0.3000000119
2357  20.294  -99.703  5.550 0.3000000119
2829  22.940  -98.460  7.424 0.3000000119
3360  20.488  -98.250  6.019 0.3000000119
2880  21.450  -98.908  3.436 0.3000000119
2895  22.787  -99.055  1.150 0.2000000030
3380  20.916  -98.173  4.649 0.3000000119
2889  23.244  -98.421  1.599 0.2000000030
3509  10.023  -97.020  43.153 0.1000000015
3523  9.534  -96.341  42.659 0.1000000015
1488  11.444  -100.099  42.163 0.1000000015
2941  10.629  -97.899  43.197 0.1000000015
4165  9.062  -95.443  42.616 0.1000000015
4902  8.986  -93.763  42.800 0.1000000015
1487  11.947  -100.306  41.727 0.1000000015
1509  14.060  -100.029  38.576 0.2000000030
3511  9.105  -96.823  42.743 0.1000000015
5660  8.755  -93.293  43.006 0.1000000015
296  13.633  -104.122  34.390 0.2000000030
1962  12.307  -98.633  39.678 0.1000000015
527  13.435  -103.441  35.450 0.2000000030
568  13.400  -103.791  30.575 0.3000000119
324  12.822  -103.791  31.642 0.3000000119
1594  14.591  -100.884  29.591 0.5000000000
1180  13.862  -101.808  29.559 0.4000000060
580  12.947  -103.189  30.021 0.4000000060
3068  15.577  -97.714  29.585 0.5000000000
3641  16.174  -96.756  29.412 0.5000000000
4321  15.872  -94.915  27.384 0.6000000238
4340  15.698  -95.045  26.352 0.6000000238
3348  20.739  -98.035  6.723 0.3000000119
3399  23.011  -98.180  2.456 0.2000000030
8792  30.844  -90.794  1.248 0.5000000000
8176  10.568  -90.683  43.425 0.1000000015
6457  9.653  -92.706  42.425 0.1000000015
4929  9.882  -93.870  41.810 0.1000000015
4914  10.051  -95.208  41.990 0.1000000015
3522  10.320  -96.465  42.597 0.1000000015
4164  9.772  -95.642  42.385 0.1000000015
4915  9.407  -94.387  42.398 0.1000000015
5659  9.243  -93.389  42.682 0.1000000015
1922  10.890  -99.437  43.083 0.1000000015
2435  11.464  -98.578  40.591 0.1000000015
2955  9.073  -96.937  42.531 0.1000000015
3524  8.711  -96.326  42.445 0.1000000015
4903  8.654  -93.914  42.870 0.1000000015
1961  12.984  -99.010  39.372 0.2000000030
2966  9.537  -97.468  41.659 0.1000000015
4166  8.387  -95.321  42.474 0.1000000015
559  12.276  -103.148  31.341 0.3000000119
783  13.060  -102.350  36.447 0.2000000030
2967  8.965  -96.905  41.895 0.1000000015
2978  9.699  -97.155  40.621 0.1000000015
2545  14.910  -98.733  29.659 0.5000000000
1595  13.480  -100.792  29.543 0.5000000000
3653  15.275  -96.080  28.627 0.6000000238
4364  15.419  -95.615  25.346 0.6000000238
9680  30.275  -89.702  1.526 0.4000000060
1516  13.615  -100.495  37.669 0.2000000030
535  13.459  -103.299  34.433 0.2000000030
1973  13.489  -99.664  38.038 0.2000000030
2449  12.375  -98.714  38.084 0.2000000030
2443  11.756  -98.187  39.728 0.1000000015
2984  10.647  -97.443  39.743 0.1000000015
2058  13.103  -99.696  29.350 0.5000000000
1181  12.801  -101.707  29.506 0.4000000060
3069  14.576  -97.638  29.240 0.5000000000
4322  14.750  -95.327  27.168 0.6000000238
4341  14.549  -95.111  25.974 0.6000000238
11744  29.329  -87.576  1.826 0.3000000119
10678  29.725  -88.581  1.662 0.3000000119
10677  30.820  -88.678  1.387 0.3000000119
9679  31.336  -89.791  1.134 0.3000000119
853  12.225  -102.458  29.911 0.4000000060
551  12.729  -103.499  32.037 0.4000000060
795  13.248  -102.797  35.729 0.2000000030
812  13.091  -103.236  32.922 0.4000000060
1117  12.868  -101.920  36.302 0.2000000030
1517  12.482  -100.723  37.111 0.2000000030
1182  11.797  -101.509  29.603 0.5000000000
560  11.763  -102.621  31.064 0.4000000060
820  12.761  -102.732  32.152 0.4000000060
802  13.747  -102.607  34.633 0.3000000119
1123  13.446  -102.055  35.507 0.2000000030
2459  12.038  -99.246  37.510 0.2000000030
2460  11.470  -98.870  37.479 0.2000000030
1524  12.568  -101.098  36.510 0.2000000030
1518  11.843  -100.137  36.881 0.2000000030
2992  10.965  -97.640  38.824 0.1000000015
828  11.894  -102.297  31.338 0.4000000060
811  13.563  -102.752  33.395 0.3000000119
4308  15.198  -95.490  27.937 0.6000000238
1129  14.187  -102.061  34.573 0.2000000030
3654  14.385  -96.175  28.020 0.6000000238
927  11.674  -102.385  20.735 0.6000000238
7268  8.649  -92.025  43.802 0.1000000015
6444  8.535  -92.568  43.397 0.1000000015
3525  8.217  -95.718  42.205 0.1000000015
4904  8.159  -94.015  42.863 0.1000000015
2546  13.821  -98.703  29.321 0.5000000000
2979  8.780  -96.761  40.679 0.1000000015
840  11.319  -101.868  30.073 0.5000000000
2985  9.993  -97.164  39.644 0.1000000015
2986  9.145  -97.114  39.537 0.1000000015
3643  14.694  -96.718  28.817 0.6000000238
2560  13.129  -98.309  28.941 0.5000000000
1183  11.103  -101.017  29.777 0.5000000000
2461  10.558  -98.577  37.419 0.2000000030
2451  10.109  -97.850  37.918 0.1000000015
3078  14.106  -97.105  28.642 0.6000000238
2060  11.346  -99.707  29.384 0.5000000000
1159  11.581  -101.340  31.104 0.5000000000
1122  14.024  -101.459  35.198 0.2000000030
2561  12.400  -98.287  28.694 0.5000000000
1582  10.630  -100.484  30.091 0.5000000000
1157  12.826  -101.108  31.697 0.4000000060
819  13.367  -102.195  32.457 0.4000000060
934  12.152  -102.464  19.381 0.4000000060
8177  9.547  -91.267  43.627 0.1000000015
8160  9.318  -90.845  44.464 0.1000000015
8141  11.019  -90.660  45.343 0.1000000015
3553  8.404  -96.516  40.920 0.1000000015
1982  10.475  -99.157  36.674 0.2000000030
1138  14.351  -101.787  33.654 0.3000000119
1533  12.394  -100.551  36.417 0.2000000030
1991  11.925  -99.743  36.350 0.2000000030
1571  11.437  -100.619  31.085 0.5000000000
2061  10.739  -99.454  29.535 0.5000000000
4323  13.785  -95.484  26.635 0.6000000238
4366  12.873  -95.402  24.989 0.6000000238
936  11.279  -101.918  20.115 0.4000000060
3079  13.212  -97.221  28.196 0.6000000238
1148  13.608  -101.307  32.144 0.4000000060
3664  13.156  -96.289  27.224 0.6000000238
4324  12.983  -95.791  26.442 0.6000000238
10541  25.920  -88.119  8.499 0.6999999881
1548  14.927  -100.590  33.473 0.4000000060
1569  13.256  -100.312  31.654 0.4000000060
2562  11.637  -98.396  28.783 0.6000000238
11626  25.642  -87.378  9.130 0.6999999881
2035  11.022  -100.122  30.766 0.5000000000
3080  12.106  -97.689  28.154 0.6000000238
4367  11.799  -95.493  25.217 0.6999999881
4348  7.606  -95.678  26.664 0.6999999881
5079  7.104  -94.807  26.853 0.6999999881
4347  8.387  -95.560  26.621 0.6999999881
5069  8.808  -94.707  28.478 0.6999999881
4328  8.107  -95.054  27.436 0.6999999881
5078  7.612  -94.660  27.273 0.6999999881
4311  9.261  -95.436  28.393 0.6999999881
4312  8.740  -95.076  28.342 0.6999999881
5830  8.784  -94.087  28.302 0.6999999881
3645  9.794  -96.388  29.630 0.6999999881
4283  10.339  -95.836  30.423 0.6999999881
3657  9.532  -96.001  28.945 0.6999999881
4297  9.249  -95.452  29.135 0.6999999881
5056  9.532  -94.809  29.439 0.6999999881
5817  10.119  -94.001  29.303 0.6999999881
3644  10.020  -96.811  29.684 0.6000000238
5042  10.500  -95.153  30.132 0.6999999881
5054  11.301  -94.121  29.707 0.6999999881
5815  11.605  -93.663  29.412 0.6999999881
6644  9.405  -93.422  28.005 0.6999999881
5828  10.478  -93.450  28.799 0.6999999881
5839  8.065  -93.631  27.004 0.6999999881
3619  10.837  -96.880  30.732 0.6000000238
4282  11.339  -95.697  30.696 0.6999999881
4281  12.044  -95.212  30.711 0.6999999881
3058  10.314  -97.342  30.163 0.6000000238
3615  13.822  -96.267  31.605 0.6000000238
3044  12.655  -97.291  31.414 0.6000000238
3033  14.818  -97.386  32.082 0.5000000000
4272  12.447  -95.703  31.122 0.6999999881
5030  13.726  -95.158  31.100 0.6999999881
5039  14.025  -94.474  30.703 0.6999999881
5802  12.504  -94.056  30.025 0.6999999881
3045  11.845  -97.199  31.226 0.6000000238
3617  12.180  -96.542  31.278 0.6000000238
5041  11.609  -94.693  30.189 0.6999999881
2528  10.890  -98.319  30.695 0.6000000238
6642  11.114  -92.754  28.315 0.6999999881
4261  16.380  -94.757  32.997 0.6999999881
4255  16.242  -95.455  33.186 0.6000000238
4269  15.107  -95.182  31.768 0.6000000238
4263  15.046  -95.803  32.005 0.6000000238
5029  14.645  -94.818  31.270 0.6999999881
3608  14.543  -96.446  31.888 0.6000000238
4270  14.322  -95.610  31.609 0.6999999881
5800  14.437  -93.737  30.288 0.6999999881
5813  13.028  -93.474  29.686 0.6999999881
6641  12.364  -92.760  28.804 0.6999999881
18034  9.625  -81.075  30.737 0.6000000238
19114  8.095  -80.614  33.151 0.6000000238
19113  9.231  -80.452  32.511 0.6000000238
17953  7.295  -80.865  35.214 0.6000000238
19115  7.430  -80.693  33.605 0.6000000238
19118  9.533  -80.175  31.424 0.6000000238
19101  7.081  -80.086  34.284 0.6000000238
19100  7.646  -79.849  33.536 0.6000000238
20227  9.448  -79.306  31.973 0.6000000238
18035  8.775  -80.730  30.274 0.6000000238
19151  7.443  -80.761  29.737 0.6000000238
20218  7.163  -79.123  33.814 0.6000000238
21276  8.873  -78.946  32.809 0.6000000238
19102  6.420  -79.555  34.815 0.6000000238
20231  9.043  -79.101  31.146 0.6000000238
20219  6.509  -78.996  34.372 0.6000000238
21277  8.400  -78.325  33.038 0.6000000238
20232  8.045  -79.082  30.685 0.6000000238
22328  7.144  -77.899  33.688 0.6999999881
21282  8.631  -77.847  32.107 0.6999999881
21270  6.196  -77.961  34.460 0.6999999881
22259  6.299  -77.931  35.929 0.6999999881
22329  6.664  -77.448  33.665 0.6999999881
22351  7.856  -77.347  32.554 0.6999999881
21286  8.231  -78.062  31.243 0.6999999881
22344  7.021  -76.923  32.928 0.6999999881
22330  6.055  -76.914  34.078 0.6999999881
23367  7.905  -76.595  35.368 0.6999999881
22287  9.243  -77.557  35.562 0.6999999881
24487  8.883  -75.764  35.230 0.6999999881
24488  7.735  -75.893  34.789 0.6999999881
25697  8.834  -75.429  34.767 0.6999999881
24486  10.067  -75.521  35.511 0.6999999881
24472  10.722  -75.047  36.183 0.6000000238
24548  6.988  -75.381  32.326 0.6999999881
25696  9.828  -74.864  35.257 0.6999999881
26902  10.470  -74.563  35.569 0.6999999881
26910  11.046  -74.262  35.579 0.6000000238
25734  9.194  -75.239  33.925 0.6999999881
26943  11.200  -74.297  34.391 0.6000000238
25731  11.771  -74.402  33.911 0.6000000238
25732  10.747  -74.426  34.060 0.6999999881
24526  9.382  -75.405  33.297 0.6999999881
24525  10.325  -75.142  33.380 0.6999999881
24543  11.745  -74.961  32.949 0.6000000238
24544  10.941  -75.514  32.908 0.6000000238
24541  13.097  -74.827  32.534 0.5000000000
24542  12.515  -74.982  32.622 0.5000000000
23447  10.671  -76.376  31.366 0.6000000238
23448  10.068  -76.219  31.552 0.6000000238
22427  27.149  -78.505  26.132 0.1000000015
22457  26.640  -77.516  23.764 0.1000000015
21313  26.133  -78.612  28.064 0.1000000015
22376  25.003  -77.654  28.818 0.1000000015
21312  26.644  -78.587  27.417 0.1000000015
22444  27.442  -77.900  25.370 0.1000000015
24708  23.177  -75.098  22.813 0.1000000015
23557  27.443  -77.305  24.962 0.1000000015
23577  26.276  -76.548  23.615 0.1000000015
24706  25.107  -75.608  23.162 0.1000000015
23485  22.611  -76.748  28.370 0.1000000015
23484  23.663  -76.617  28.433 0.1000000015
23504  22.427  -76.062  27.784 0.2000000030
24633  21.133  -75.408  27.040 0.3000000119
24634  20.272  -75.368  26.725 0.4000000060
23532  18.766  -75.414  26.347 0.4000000060
23533  17.789  -75.555  26.102 0.4000000060
22377  23.966  -77.633  28.815 0.1000000015
24614  23.740  -75.793  27.977 0.2000000030
22375  26.058  -77.724  28.656 0.1000000015
23482  25.828  -76.736  28.945 0.1000000015
24613  24.568  -75.651  28.260 0.2000000030
22401  27.186  -78.239  26.938 0.1000000015
22374  27.109  -77.742  27.933 0.1000000015
22426  27.634  -77.725  26.162 0.1000000015
23531  27.900  -77.134  26.458 0.1000000015
24682  27.938  -75.802  25.331 0.1000000015
24701  26.661  -75.646  24.047 0.1000000015
25901  25.443  -75.116  23.497 0.1000000015
25902  24.873  -74.636  23.492 0.1000000015
25890  27.071  -74.708  24.383 0.1000000015
27061  25.744  -73.531  24.101 0.1000000015
24632  22.186  -75.279  27.229 0.2000000030
24657  21.664  -74.921  26.848 0.3000000119
24659  20.265  -74.799  26.270 0.4000000060
24660  19.377  -74.738  26.167 0.4000000060
24631  23.326  -75.393  27.484 0.2000000030
25789  28.051  -74.502  29.178 0.1000000015
24611  26.669  -75.792  28.980 0.1000000015
25811  24.698  -74.845  27.818 0.2000000030
25824  23.155  -74.427  26.960 0.2000000030
27024  22.912  -73.898  26.757 0.2000000030
28194  8.954  -73.136  25.514 0.3000000119
23479  28.520  -75.973  27.779 0.1000000015
23501  28.386  -76.250  27.238 0.1000000015
28175  9.607  -72.514  25.849 0.3000000119
24629  28.741  -75.614  27.385 0.1000000015
24681  28.203  -76.088  25.947 0.1000000015
25871  27.957  -74.838  24.918 0.1000000015
24700  27.419  -75.676  24.695 0.1000000015
27044  27.581  -73.792  24.683 0.1000000015
28181  27.124  -72.819  24.594 0.1000000015
27060  26.646  -73.691  24.319 0.1000000015
26978  26.961  -73.941  28.916 0.3000000119
25809  26.553  -74.769  28.744 0.2000000030
25808  27.281  -75.037  29.016 0.1000000015
26992  26.438  -73.689  28.205 0.4000000060
27007  25.166  -73.617  27.232 0.4000000060
25807  29.045  -74.743  28.664 0.1000000015
25788  29.056  -74.324  29.108 0.2000000030
29357  10.413  -72.178  25.485 0.2000000030
24608  29.261  -74.831  27.912 0.1000000015
25846  28.843  -75.156  26.469 0.1000000015
25869  29.050  -74.556  26.082 0.1000000015
25806  29.454  -74.395  28.372 0.1000000015
25821  29.492  -74.405  27.468 0.1000000015
25845  29.161  -74.640  26.591 0.1000000015
28172  29.538  -72.871  25.974 0.1000000015
28174  28.056  -72.806  24.902 0.1000000015
29323  27.321  -71.716  24.790 0.1000000015
26991  27.116  -73.310  28.762 0.2000000030
26976  28.726  -73.441  29.607 0.3000000119
27006  25.925  -73.335  27.585 0.4000000060
28149  24.812  -72.792  27.186 0.5000000000
28150  23.859  -72.738  26.920 0.3000000119
28134  31.013  -72.009  28.915 0.3000000119
29294  30.895  -71.394  27.615 0.1000000015
29308  30.350  -71.539  26.762 0.2000000030
27005  29.922  -73.701  27.740 0.1000000015
28160  30.078  -72.547  26.623 0.1000000015
30502  29.915  -70.651  26.390 0.1000000015
29310  29.028  -71.199  25.646 0.1000000015
32954  29.691  -68.918  26.453 0.2000000030
31735  28.177  -70.111  25.445 0.1000000015
30495  10.700  -70.309  27.565 0.3000000119
32955  28.832  -68.848  26.028 0.2000000030
35316  26.582  -66.851  26.566 0.2000000030
26977  27.675  -73.575  29.250 0.3000000119
29262  27.825  -71.897  29.229 0.6000000238
28111  28.931  -72.560  30.065 0.6000000238
29249  29.297  -71.658  30.292 0.5000000000
31630  28.891  -69.901  30.376 0.6999999881
29260  30.933  -71.855  29.891 0.5000000000
30413  30.406  -70.037  31.129 0.6999999881
31629  29.516  -69.673  30.868 0.6999999881
29278  31.427  -71.237  29.002 0.4000000060
30484  31.142  -70.387  27.688 0.2000000030
30501  30.604  -70.546  27.004 0.2000000030
30483  31.539  -70.314  28.428 0.3000000119
31699  30.831  -69.556  27.195 0.2000000030
31716  30.166  -69.702  26.648 0.2000000030
30494  11.958  -70.090  27.738 0.4000000060
32926  31.666  -68.381  28.196 0.2000000030
32927  31.003  -68.485  27.396 0.2000000030
34198  29.900  -68.340  26.659 0.2000000030
34172  30.145  -67.593  26.961 0.2000000030
34199  29.326  -68.103  26.526 0.2000000030
35294  28.222  -66.581  26.977 0.2000000030
35315  27.580  -67.036  26.595 0.2000000030
36475  28.586  -65.761  27.577 0.2000000030
35295  27.051  -66.373  27.125 0.2000000030
36477  26.446  -65.624  27.569 0.2000000030
32863  29.378  -68.898  31.244 0.6999999881
32873  29.110  -69.383  30.756 0.6999999881
31628  31.896  -69.289  30.819 0.5000000000
31615  30.075  -69.426  31.258 0.6999999881
34129  32.236  -67.514  29.690 0.5000000000
32907  32.115  -68.394  28.942 0.5000000000
35261  31.935  -66.432  29.116 0.4000000060
35291  30.967  -66.569  27.840 0.2000000030
35292  30.424  -66.413  27.645 0.3000000119
36474  29.624  -65.756  27.688 0.3000000119
36451  28.930  -64.964  27.935 0.2000000030
36452  27.843  -65.005  28.001 0.3000000119
36453  26.805  -65.009  28.000 0.2000000030
38824  29.353  -63.277  28.562 0.5000000000
38825  28.371  -63.377  28.595 0.4000000060
37617  27.085  -64.285  28.369 0.2000000030
36478  25.466  -65.577  27.622 0.2000000030
40107  27.638  -62.491  28.426 0.4000000060
38826  27.328  -63.393  28.460 0.3000000119
37618  26.119  -64.297  28.245 0.2000000030
36455  24.892  -65.038  28.091 0.2000000030
34105  29.699  -68.060  31.781 0.8000000119
34088  31.365  -67.904  32.050 0.6999999881
34089  30.772  -67.692  32.248 0.6999999881
34102  32.214  -67.854  31.118 0.6999999881
37600  31.572  -64.028  29.136 0.5000000000
36450  30.159  -65.119  27.999 0.4000000060
37614  30.180  -63.992  28.407 0.4000000060
29288  14.258  -71.130  29.286 0.4000000060
30451  12.742  -70.307  29.435 0.4000000060
38809  31.122  -63.013  28.854 0.6000000238
31657  17.232  -70.064  30.124 0.2000000030
30448  15.116  -71.025  30.233 0.4000000060
40105  29.456  -62.445  28.652 0.5000000000
36457  23.172  -65.283  28.151 0.1000000015
31656  18.353  -69.114  30.181 0.1000000015
31658  16.358  -70.131  30.503 0.3000000119
40108  26.536  -62.396  27.904 0.4000000060
38828  25.426  -63.559  28.173 0.2000000030
37620  24.286  -64.387  28.371 0.1000000015
32890  19.780  -68.068  29.683 0.1000000015
32876  19.094  -67.770  30.690 0.1000000015
40126  25.595  -61.976  27.534 0.4000000060
40110  24.725  -62.872  27.937 0.2000000030
31632  17.954  -68.784  30.925 0.2000000030
30432  14.743  -70.343  30.656 0.4000000060
38829  24.524  -63.550  28.349 0.2000000030
37621  23.405  -64.495  28.329 0.1000000015
37622  22.575  -64.662  28.351 0.1000000015
37601  21.490  -64.452  28.854 0.1000000015
35278  20.924  -65.941  29.260 0.1000000015
153068  20.246  -66.397  29.820 0.1000000015
153067  19.514  -66.635  30.692 0.1000000015
32877  18.325  -68.212  31.071 0.2000000030
40127  24.782  -62.217  27.536 0.3000000119
40128  24.254  -62.373  27.737 0.2000000030
40111  23.791  -62.603  28.110 0.2000000030
32879  16.976  -68.706  31.621 0.4000000060
38831  22.682  -63.792  28.472 0.1000000015
38832  21.920  -64.081  28.636 0.1000000015
38811  21.253  -63.750  29.126 0.1000000015
38813  20.137  -64.719  30.053 0.1000000015
153069  19.963  -65.545  30.273 0.1000000015
34117  18.572  -67.281  31.525 0.2000000030
32878  17.619  -68.507  31.447 0.2000000030
31634  16.312  -69.299  31.128 0.5000000000
40114  21.210  -62.878  29.171 0.3000000119
153073  19.196  -64.638  31.245 0.2000000030
34108  18.484  -66.085  32.343 0.2000000030
34109  17.787  -67.240  32.486 0.3000000119
32868  16.365  -68.253  32.075 0.5000000000
1613  17.416  -100.748  27.118 0.4000000060
1614  16.899  -100.755  27.791 0.4000000060
2558  17.723  -98.653  28.471 0.5000000000
867  18.216  -102.193  27.786 0.4000000060
1188  18.849  -101.715  28.223 0.4000000060
1167  17.586  -101.696  30.287 0.4000000060
10702  32.418  -89.582  0.699 0.3000000119
29269  13.033  -70.939  28.982 0.4000000060
1879  26.547  -101.002  4.686 0.2000000030
5145  20.413  -94.486  22.657 0.6999999881
1890  24.482  -100.856  3.090 0.3000000119
1881  22.371  -100.885  4.485 0.2000000030
1880  23.155  -100.443  4.054 0.3000000119
3729  23.024  -96.025  24.234 0.6000000238
2846  22.457  -98.863  6.663 0.3000000119
2345  21.296  -99.912  5.999 0.3000000119
2830  21.891  -98.420  7.279 0.3000000119
3369  20.608  -98.364  5.154 0.3000000119
3391  22.094  -98.071  3.552 0.3000000119
3390  22.720  -97.765  3.192 0.3000000119
2894  23.333  -98.319  0.813 0.2000000030
2899  22.601  -98.548  0.398 0.3000000119
29332  9.905  -72.170  26.037 0.3000000119
29267  14.136  -71.151  29.900 0.4000000060
41418  25.723  -61.160  27.559 0.4000000060
41417  26.347  -61.559  27.833 0.4000000060
3410  21.878  -97.655  0.415 0.2000000030
30555  11.218  -71.395  25.180 0.2000000030
2893  18.889  -99.255  2.428 0.1000000015
2892  19.485  -99.089  1.689 0.2000000030
3406  20.144  -98.595  1.212 0.2000000030
3411  21.293  -98.402  0.534 0.2000000030
28148  25.701  -72.766  27.436 0.5000000000
32864  28.704  -68.791  31.419 0.8000000119
34106  28.932  -68.122  31.609 0.8000000119
35244  32.048  -66.639  31.729 0.6999999881
34090  30.073  -67.432  32.192 0.6999999881
36449  31.077  -64.683  28.518 0.4000000060
40106  28.599  -62.523  28.617 0.5000000000
32867  17.218  -68.072  32.197 0.3000000119
34103  31.898  -67.665  31.629 0.6999999881
31627  32.220  -68.753  30.505 0.6999999881
31678  32.190  -68.990  29.414 0.4000000060
31679  31.927  -69.400  28.783 0.4000000060
34148  31.902  -67.352  28.755 0.2000000030
36438  31.931  -65.375  29.343 0.6000000238
38810  30.618  -62.626  28.718 0.5000000000
2584  18.731  -98.940  26.697 0.4000000060
3711  22.232  -96.823  25.366 0.5000000000
3660  21.208  -96.269  27.268 0.6000000238
3675  22.166  -95.620  26.078 0.5000000000
4303  20.102  -96.124  28.122 0.5000000000
1443  25.345  -101.764  3.748 0.3000000119
1042  19.116  -101.936  6.611 0.1000000015
1405  19.096  -101.022  7.711 0.1000000015
1041  19.920  -102.376  6.823 0.1000000015
1040  20.975  -102.374  6.656 0.1000000015
1047  20.474  -103.127  5.918 0.1000000015
1054  21.883  -103.211  5.471 0.1000000015
868  17.830  -102.399  27.874 0.4000000060
2087  19.961  -99.456  25.130 0.5000000000
2620  23.388  -97.421  24.142 0.5000000000
3131  22.060  -97.347  25.067 0.5000000000
1891  23.422  -101.252  3.423 0.1000000015
1447  21.996  -101.921  4.188 0.1000000015
1853  18.497  -100.529  6.938 0.1000000015
1840  19.379  -100.389  8.322 0.1000000015
759  21.903  -103.173  4.745 0.1000000015
1062  21.956  -102.802  4.403 0.1000000015
1055  20.560  -103.052  5.310 0.1000000015
1063  20.772  -102.677  4.866 0.1000000015
1048  19.495  -102.589  5.999 0.1000000015
2605  20.925  -99.202  24.712 0.5000000000
2542  17.480  -98.046  29.015 0.5000000000
1064  19.698  -102.171  4.859 0.1000000015
1440  18.739  -101.627  4.291 0.1000000015
2376  18.107  -99.897  3.724 0.1000000015
1456  19.126  -100.901  2.765 0.1000000015
2390  20.438  -99.881  0.988 0.1000000015
2896  20.671  -98.927  0.707 0.2000000030
518  15.280  -103.933  36.142 0.2000000030
543  13.241  -103.621  33.437 0.3000000119
1873  20.362  -100.534  5.293 0.3000000119
1448  19.695  -101.160  3.675 0.1000000015
1449  19.453  -101.299  3.624 0.1000000015
1450  18.915  -101.362  3.457 0.1000000015
1893  20.052  -100.952  3.512 0.1000000015
1902  19.633  -100.580  2.050 0.1000000015
1901  20.283  -100.690  2.529 0.1000000015
1454  19.750  -101.065  3.192 0.1000000015
2375  20.597  -99.900  3.372 0.2000000030
1904  20.882  -100.419  1.899 0.1000000015
2384  21.334  -99.929  2.271 0.3000000119
1905  20.435  -100.365  1.619 0.1000000015
2383  22.057  -99.599  1.484 0.1000000015
2900  21.804  -98.693  0.334 0.2000000030
2388  22.171  -99.405  0.757 0.2000000030
2977  10.440  -97.576  40.534 0.1000000015
1862  21.105  -100.273  5.793 0.3000000119
2365  20.259  -99.798  4.697 0.3000000119
2847  21.509  -99.093  6.662 0.3000000119
2848  20.505  -99.192  6.335 0.3000000119
2871  20.693  -98.967  4.312 0.3000000119
2890  22.290  -99.057  2.248 0.3000000119
2879  22.323  -98.406  2.965 0.3000000119
2881  20.876  -99.269  3.702 0.3000000119
21285  8.998  -78.538  31.728 0.6000000238
21370  26.994  -78.812  25.438 0.1000000015
21341  26.682  -78.872  26.749 0.1000000015
23573  27.188  -76.704  24.484 0.1000000015
22452  27.174  -77.724  24.512 0.1000000015
23483  24.757  -76.671  28.735 0.1000000015
22443  27.663  -77.517  25.687 0.1000000015
23555  28.062  -76.508  25.967 0.1000000015
23572  27.591  -76.275  25.010 0.1000000015
24705  25.817  -75.649  23.543 0.1000000015
23503  23.162  -76.128  27.962 0.2000000030
22378  22.893  -77.631  28.849 0.1000000015
24635  19.605  -75.265  26.429 0.4000000060
24630  24.103  -75.225  27.771 0.2000000030
23481  26.949  -76.760  28.749 0.1000000015
24612  25.628  -75.719  28.719 0.1000000015
22400  27.656  -77.544  27.067 0.1000000015
23480  28.019  -76.572  28.069 0.1000000015
23530  28.161  -76.517  26.397 0.1000000015
25870  28.655  -74.992  25.855 0.1000000015
25891  25.973  -74.608  23.836 0.1000000015
27043  28.447  -73.905  25.223 0.1000000015
25849  20.939  -74.278  26.376 0.5000000000
24610  27.778  -75.611  28.850 0.1000000015
24595  28.508  -74.941  28.874 0.1000000015
25810  25.524  -74.708  28.131 0.2000000030
25823  24.287  -74.519  27.314 0.2000000030
25822  25.109  -74.336  27.547 0.2000000030
27008  24.156  -73.615  26.954 0.2000000030
24609  28.813  -75.339  28.289 0.1000000015
24655  28.886  -75.234  26.895 0.1000000015
27042  29.199  -73.973  25.896 0.1000000015
28173  28.852  -72.940  25.488 0.1000000015
29322  28.592  -71.763  25.348 0.1000000015
28122  27.494  -72.677  29.000 0.3000000119
28136  26.391  -72.756  27.847 0.6000000238
25787  29.611  -73.895  28.925 0.2000000030
26990  29.997  -73.537  28.586 0.2000000030
27022  30.187  -73.065  27.274 0.1000000015
29321  29.168  -72.318  25.660 0.1000000015
30521  27.907  -70.786  25.145 0.1000000015
28135  27.008  -72.734  28.348 0.6000000238
28121  28.181  -72.669  29.565 0.5000000000
26966  29.636  -72.881  29.843 0.5000000000
26967  29.376  -72.949  29.881 0.5000000000
26989  30.503  -72.817  28.869 0.2000000030
27004  30.365  -72.973  27.997 0.2000000030
28159  30.532  -72.322  27.368 0.1000000015
29279  31.105  -71.590  28.370 0.2000000030
28118  31.113  -71.786  29.395 0.5000000000
29309  29.554  -71.692  25.969 0.1000000015
30503  29.253  -70.648  25.866 0.1000000015
31717  29.472  -69.769  26.141 0.2000000030
31718  28.770  -69.887  25.713 0.1000000015
32953  30.337  -68.762  26.829 0.2000000030
32980  28.059  -69.299  25.609 0.1000000015
32956  27.898  -68.443  25.884 0.1000000015
34200  28.303  -67.699  26.380 0.2000000030
34201  27.129  -67.760  26.032 0.2000000030
29280  27.323  -72.026  28.616 0.6000000238
30442  27.272  -71.367  29.038 0.6999999881
30441  28.156  -71.015  29.351 0.6999999881
29261  28.508  -71.773  29.823 0.6999999881
30427  28.848  -70.831  29.984 0.6000000238
28110  29.736  -72.484  30.096 0.5000000000
30426  29.701  -70.568  30.696 0.6999999881
30425  30.670  -70.736  30.796 0.6000000238
28109  30.465  -72.126  30.123 0.6000000238
26974  30.324  -72.842  29.300 0.3000000119
29246  31.273  -71.123  30.242 0.6000000238
29248  30.153  -71.564  30.540 0.6000000238
30412  31.163  -69.951  31.074 0.6000000238
30424  31.432  -70.575  30.383 0.6000000238
31652  32.035  -69.806  29.776 0.5000000000
30463  31.770  -70.314  29.126 0.3000000119
31698  31.419  -69.430  27.898 0.3000000119
34171  31.147  -67.240  27.762 0.3000000119
34173  28.997  -67.238  26.722 0.2000000030
35293  29.358  -66.529  27.220 0.2000000030
34174  28.438  -67.131  26.647 0.2000000030
36476  27.494  -65.735  27.570 0.2000000030
32862  30.393  -68.623  31.749 0.6999999881
32860  32.028  -68.272  31.332 0.6999999881
32861  31.481  -68.652  31.619 0.6999999881
31614  30.842  -69.392  31.486 0.6999999881
35273  31.187  -66.092  28.257 0.4000000060
36473  30.200  -65.781  27.801 0.3000000119
37615  29.188  -64.180  28.376 0.3000000119
37616  28.126  -64.265  28.464 0.3000000119
36454  25.826  -65.005  28.027 0.2000000030
38827  26.352  -63.469  28.164 0.2000000030
37619  25.192  -64.329  28.303 0.2000000030
32855  30.943  -68.280  32.110 0.6999999881
37613  30.895  -63.667  28.623 0.4000000060
30447  16.189  -70.643  29.882 0.3000000119
40109  25.581  -62.801  27.771 0.3000000119
38830  23.599  -63.610  28.442 0.2000000030
37602  20.983  -64.699  29.215 0.1000000015
35262  21.248  -65.274  28.978 0.1000000015
40112  22.829  -62.828  28.454 0.3000000119
38812  20.587  -63.906  29.663 0.1000000015
153074  19.722  -64.956  30.500 0.2000000030
274  25.413  -104.864  13.042 0.2000000030
275  24.594  -105.351  12.986 0.2000000030
279  24.339  -104.854  12.035 0.2000000030
844  24.577  -102.887  29.220 0.4000000060
855  25.776  -102.023  28.634 0.3000000119
581  25.110  -102.941  28.015 0.4000000060
571  23.969  -103.680  29.143 0.3000000119
590  24.815  -103.636  27.540 0.4000000060
864  25.923  -102.472  27.485 0.4000000060
588  25.920  -103.064  26.848 0.4000000060
872  26.450  -102.708  26.648 0.4000000060
595  26.253  -103.321  26.259 0.5000000000
871  27.114  -102.131  26.343 0.4000000060
876  27.419  -102.754  25.482 0.5000000000
599  27.110  -103.363  25.227 0.5000000000
874  28.632  -101.737  24.786 0.5000000000
881  28.427  -102.481  24.169 0.5000000000
613  27.867  -102.895  24.132 0.5000000000
1227  29.572  -101.090  23.472 0.6000000238
1239  29.533  -101.422  22.480 0.5000000000
899  28.556  -102.018  22.891 0.5000000000
2643  28.474  -98.594  21.680 0.5000000000
3171  29.383  -97.520  20.889 0.5000000000
1648  30.153  -100.508  23.177 0.6000000238
1658  30.794  -100.158  22.711 0.6000000238
1238  30.249  -100.808  22.536 0.6000000238
1248  29.534  -101.062  21.711 0.5000000000
2146  29.846  -99.829  20.813 0.6000000238
2642  29.198  -98.819  21.109 0.5000000000
2123  31.403  -99.522  22.260 0.6000000238
847  18.200  -102.190  28.635 0.3000000119
1192  26.212  -101.810  28.042 0.4000000060
340  24.054  -103.966  28.391 0.3000000119
345  24.324  -104.081  27.566 0.4000000060
863  26.445  -102.063  27.233 0.4000000060
596  25.579  -103.536  26.634 0.5000000000
1198  27.859  -101.233  25.854 0.4000000060
354  26.416  -103.607  25.229 0.5000000000
1207  28.371  -101.382  25.384 0.5000000000
1649  29.797  -100.269  23.817 0.6000000238
900  28.103  -102.198  23.027 0.5000000000
3161  27.984  -97.780  22.166 0.5000000000
2124  30.770  -99.275  22.861 0.6000000238
1241  27.986  -101.671  22.628 0.5000000000
1670  28.881  -100.819  21.768 0.5000000000
1660  27.727  -100.710  22.467 0.5000000000
8696  27.373  -90.698  6.723 0.5000000000
7774  27.146  -91.102  6.260 0.6000000238
8719  27.504  -90.752  6.053 0.5000000000
7808  28.121  -91.817  4.867 0.6999999881
7807  28.972  -91.789  4.412 0.6999999881
1145  16.886  -101.385  32.181 0.2000000030
843  25.384  -102.307  29.565 0.2000000030
561  24.988  -103.017  30.895 0.2000000030
1166  18.182  -101.150  29.976 0.3000000119
1176  18.543  -101.500  29.160 0.3000000119
842  26.457  -101.885  29.900 0.3000000119
562  24.187  -103.403  30.309 0.3000000119
572  23.564  -103.817  29.927 0.3000000119
1199  27.183  -101.215  26.667 0.4000000060
1625  27.774  -100.433  25.941 0.5000000000
180  23.211  -104.349  28.241 0.4000000060
355  25.549  -103.709  25.637 0.4000000060
2085  28.448  -99.666  25.264 0.4000000060
3741  27.379  -96.819  22.916 0.5000000000
1623  28.902  -100.352  24.891 0.5000000000
2094  28.822  -99.339  24.848 0.6000000238
360  26.700  -103.521  24.688 0.5000000000
891  27.545  -102.229  23.238 0.5000000000
3162  27.313  -98.057  22.791 0.5000000000
2632  27.896  -99.009  22.189 0.5000000000
3725  26.456  -96.848  23.492 0.5000000000
2112  29.773  -99.653  23.900 0.6000000238
1228  27.474  -101.695  22.983 0.5000000000
2113  27.191  -100.213  22.934 0.5000000000
2615  30.258  -98.508  23.227 0.6000000238
8640  27.710  -90.610  8.374 0.5000000000
8667  28.326  -90.181  7.372 0.5000000000
8641  26.855  -90.758  8.107 0.5000000000
8666  29.477  -90.370  7.824 0.5000000000
9563  28.753  -89.834  6.496 0.5000000000
9586  29.210  -89.941  5.425 0.5000000000
8717  28.817  -90.542  5.134 0.6000000238
9610  30.056  -90.002  4.840 0.6000000238
7826  29.549  -92.340  3.917 0.6999999881
7806  29.906  -91.594  4.143 0.6000000238
8757  30.684  -91.651  3.886 0.6999999881
6950  30.562  -93.054  2.891 0.5000000000
6949  31.478  -92.961  2.571 0.5000000000
6961  31.608  -93.103  1.688 0.3000000119
1990  12.799  -99.926  35.946 0.1000000015
1531  13.431  -100.823  35.604 0.2000000030
793  16.476  -103.024  35.434 0.1000000015
809  16.327  -102.944  33.470 0.1000000015
1121  16.696  -102.323  35.357 0.1000000015
1146  16.714  -101.849  32.601 0.1000000015
1545  17.107  -100.516  33.495 0.1000000015
1558  17.021  -100.816  32.553 0.2000000030
1996  17.319  -99.833  34.127 0.2000000030
554  24.484  -103.515  31.432 0.2000000030
2015  17.745  -99.518  32.319 0.3000000119
317  23.439  -104.001  31.544 0.3000000119
308  23.116  -103.981  32.363 0.3000000119
1568  17.533  -100.347  31.579 0.3000000119
1580  18.406  -100.349  30.332 0.3000000119
2030  17.915  -99.683  31.602 0.3000000119
2043  18.665  -99.711  30.702 0.3000000119
1185  26.533  -101.485  29.104 0.3000000119
1579  19.042  -99.925  29.977 0.3000000119
1612  20.053  -100.797  27.200 0.3000000119
1191  26.588  -101.211  27.900 0.4000000060
2076  27.136  -99.637  27.498 0.4000000060
326  23.237  -104.166  30.457 0.3000000119
327  22.655  -104.069  30.445 0.3000000119
1590  19.620  -100.396  29.023 0.3000000119
1608  26.869  -100.379  27.717 0.3000000119
335  22.863  -104.283  29.545 0.3000000119
179  22.602  -104.171  29.039 0.4000000060
2086  27.690  -99.712  25.964 0.4000000060
350  24.093  -104.276  26.761 0.5000000000
358  23.444  -103.815  26.637 0.5000000000
2619  23.650  -97.638  24.239 0.5000000000
361  26.012  -103.641  24.974 0.5000000000
356  24.593  -103.858  25.941 0.5000000000
2634  26.916  -99.031  23.094 0.5000000000
3145  26.687  -97.879  23.386 0.5000000000
3129  24.193  -97.530  24.256 0.5000000000
615  26.187  -102.854  24.058 0.5000000000
1652  26.230  -100.171  23.831 0.5000000000
2600  25.610  -98.557  24.180 0.5000000000
3146  25.705  -97.641  24.020 0.5000000000
2616  29.611  -98.796  23.926 0.6000000238
1229  27.003  -101.574  23.303 0.5000000000
3142  30.305  -97.344  23.032 0.5000000000
8637  30.468  -91.268  8.351 0.4000000060
8639  28.842  -90.765  8.680 0.5000000000
8618  28.638  -90.958  9.226 0.5000000000
8620  26.874  -90.729  9.213 0.5000000000
9562  29.696  -89.440  6.395 0.5000000000
9611  29.530  -90.149  4.960 0.5000000000
9584  31.071  -89.314  5.096 0.5000000000
8735  31.109  -90.509  4.230 0.5000000000
8756  31.472  -91.090  3.833 0.4000000060
7824  31.152  -92.313  3.366 0.5000000000
6960  32.533  -92.626  1.612 0.3000000119
1992  10.755  -99.042  36.427 0.2000000030
2483  11.063  -98.682  36.157 0.2000000030
1989  13.664  -99.769  35.657 0.2000000030
2481  13.119  -98.950  35.892 0.2000000030
1998  14.835  -99.976  34.909 0.2000000030
510  15.830  -103.523  36.992 0.1000000015
505  15.928  -102.991  38.912 0.1000000015
526  15.389  -104.206  35.108 0.1000000015
517  16.078  -103.493  36.412 0.1000000015
780  16.473  -103.010  37.219 0.1000000015
787  16.524  -102.996  36.095 0.1000000015
1116  16.768  -102.086  36.553 0.1000000015
1128  16.605  -102.186  34.204 0.1000000015
1529  16.856  -101.349  35.736 0.1000000015
547  24.932  -103.473  32.133 0.2000000030
824  25.924  -102.611  31.323 0.2000000030
1537  16.840  -101.404  34.673 0.1000000015
298  24.249  -103.508  33.111 0.2000000030
1986  17.291  -99.483  35.374 0.2000000030
1980  17.227  -99.130  36.685 0.1000000015
832  26.786  -102.178  30.773 0.2000000030
307  24.035  -103.721  32.313 0.2000000030
2498  17.731  -99.141  33.247 0.2000000030
2477  17.774  -98.455  35.690 0.2000000030
291  22.787  -103.527  33.878 0.2000000030
2508  18.216  -98.891  32.561 0.2000000030
293  22.188  -103.518  33.501 0.2000000030
2524  18.727  -98.722  32.256 0.3000000119
1184  27.088  -101.133  29.230 0.3000000119
310  22.352  -103.639  32.236 0.3000000119
548  22.047  -103.392  32.382 0.3000000119
2523  19.283  -98.666  32.119 0.3000000119
2054  19.789  -99.668  29.912 0.3000000119
555  21.973  -103.146  31.759 0.3000000119
816  21.516  -102.532  32.683 0.3000000119
1144  21.181  -101.440  32.802 0.2000000030
1544  20.823  -100.715  33.641 0.3000000119
2052  21.383  -99.768  29.491 0.3000000119
1589  20.288  -99.934  28.960 0.3000000119
1619  20.366  -100.696  26.581 0.4000000060
3103  27.678  -98.267  26.956 0.4000000060
574  22.413  -103.548  29.558 0.3000000119
564  22.167  -103.218  30.794 0.3000000119
1153  21.374  -101.525  31.778 0.3000000119
1610  21.638  -100.131  27.624 0.4000000060
1618  21.494  -100.535  26.497 0.4000000060
2099  21.443  -99.817  24.599 0.4000000060
347  22.955  -103.982  27.580 0.5000000000
583  22.559  -103.572  28.778 0.5000000000
846  22.189  -102.621  30.130 0.4000000060
1638  21.641  -100.513  24.970 0.4000000060
3113  28.038  -97.959  25.647 0.4000000060
1636  23.436  -100.452  24.924 0.5000000000
2098  22.559  -99.505  24.542 0.4000000060
2599  28.405  -98.719  25.114 0.4000000060
608  24.929  -103.085  25.061 0.5000000000
1215  25.246  -101.322  24.466 0.5000000000
1216  24.300  -101.445  24.925 0.5000000000
2096  24.668  -99.282  24.583 0.5000000000
2097  23.661  -99.310  24.692 0.5000000000
3125  29.050  -97.662  24.331 0.4000000060
893  25.899  -102.242  24.183 0.5000000000
2095  25.345  -99.166  24.332 0.5000000000
2601  24.981  -98.525  24.426 0.5000000000
4401  30.801  -95.554  23.317 0.4000000060
3143  29.657  -97.516  23.632 0.4000000060
11587  32.523  -88.310  10.889 0.2000000030
11573  32.944  -87.313  11.793 0.1000000015
11574  32.176  -87.793  11.563 0.1000000015
10503  33.916  -88.304  10.356 0.1000000015
10491  31.879  -88.438  10.965 0.2000000030
10492  31.268  -88.391  11.266 0.2000000030
10524  33.639  -88.839  9.962 0.2000000030
9494  32.391  -90.188  9.668 0.3000000119
9479  31.592  -89.868  10.175 0.2000000030
9480  30.400  -89.548  10.901 0.3000000119
8615  32.998  -90.778  9.205 0.2000000030
8617  31.164  -91.256  9.532 0.4000000060
7692  28.674  -91.402  10.594 0.4000000060
7708  32.561  -91.431  8.683 0.2000000030
7753  31.269  -91.164  7.863 0.3000000119
9536  30.121  -89.835  7.243 0.5000000000
9535  31.103  -89.993  7.224 0.3000000119
9561  30.793  -89.163  6.523 0.3000000119
10676  32.025  -88.876  0.951 0.2000000030
10573  31.028  -88.944  5.764 0.4000000060
7854  31.332  -91.710  1.041 0.4000000060
8755  32.534  -91.128  3.371 0.5000000000
6948  32.232  -92.812  2.252 0.3000000119
6970  32.953  -92.189  1.029 0.3000000119
8754  33.307  -90.886  2.983 0.3000000119
7822  32.983  -91.690  2.815 0.3000000119
9686  19.700  -89.382  1.073 0.2000000030
6959  33.201  -92.064  1.595 0.3000000119
8742  19.743  -90.933  4.035 0.4000000060
7812  19.079  -91.884  3.450 0.3000000119
2470  9.684  -98.665  36.538 0.2000000030
2485  9.313  -97.895  36.203 0.2000000030
2482  12.114  -98.943  35.994 0.2000000030
3017  10.505  -97.744  36.054 0.2000000030
2480  14.059  -98.822  35.734 0.2000000030
3016  11.557  -98.022  36.013 0.2000000030
769  15.255  -102.146  40.294 0.1000000015
1547  15.138  -100.203  34.120 0.2000000030
1987  15.125  -99.212  35.100 0.2000000030
768  15.735  -102.330  40.500 0.1000000015
774  16.434  -102.606  38.552 0.1000000015
1098  16.652  -101.922  39.438 0.1000000015
1104  16.721  -101.944  38.621 0.1000000015
1499  16.691  -101.357  39.069 0.1000000015
1514  16.780  -101.240  37.167 0.1000000015
1507  16.712  -101.247  38.221 0.1000000015
1522  16.916  -100.433  36.303 0.1000000015
1513  16.860  -100.122  37.688 0.1000000015
1506  16.825  -100.427  38.966 0.1000000015
1972  17.242  -99.104  37.785 0.1000000015
1949  18.544  -99.538  41.109 0.1000000015
2448  17.671  -98.643  38.423 0.2000000030
1958  18.375  -99.052  40.231 0.1000000015
2469  17.720  -98.352  36.612 0.2000000030
2447  18.348  -97.972  38.019 0.1000000015
531  22.418  -103.157  34.487 0.2000000030
2497  18.375  -98.513  33.600 0.2000000030
3000  18.782  -97.745  37.274 0.2000000030
524  21.861  -102.996  35.034 0.2000000030
2490  18.624  -98.109  34.871 0.2000000030
3010  19.325  -97.993  36.061 0.2000000030
532  21.910  -103.187  34.277 0.2000000030
807  21.593  -102.888  33.863 0.1000000015
1985  20.724  -100.026  35.883 0.2000000030
2474  20.346  -99.288  35.470 0.2000000030
2495  20.062  -98.839  34.049 0.2000000030
1535  21.025  -101.245  34.556 0.1000000015
1527  21.031  -100.970  35.482 0.1000000015
2000  20.457  -99.602  33.381 0.3000000119
1566  20.791  -99.918  31.739 0.3000000119
1565  21.191  -100.498  31.484 0.3000000119
1603  21.918  -99.984  28.714 0.4000000060
1617  22.322  -100.570  27.170 0.4000000060
591  22.861  -103.248  27.783 0.5000000000
1173  22.377  -101.909  29.469 0.5000000000
1193  22.809  -101.230  27.798 0.5000000000
1210  22.190  -101.039  25.875 0.5000000000
1627  21.648  -100.699  25.566 0.4000000060
873  23.032  -102.559  26.945 0.5000000000
1200  22.608  -101.343  26.545 0.5000000000
1218  22.875  -101.341  25.359 0.5000000000
1637  22.446  -100.672  24.992 0.5000000000
3691  28.564  -97.052  25.749 0.4000000060
877  24.023  -103.107  25.537 0.5000000000
884  23.583  -102.200  25.484 0.5000000000
1217  23.421  -101.500  25.272 0.5000000000
14973  34.132  -84.811  12.790 0.1000000015
13835  33.332  -85.152  13.511 0.1000000015
13863  33.746  -85.804  12.179 0.1000000015
13848  32.925  -85.881  13.055 0.1000000015
14994  34.781  -84.896  11.729 0.1000000015
12701  34.029  -86.064  11.611 0.1000000015
12702  33.506  -86.448  11.985 0.1000000015
12703  32.572  -87.082  12.177 0.1000000015
12714  34.393  -86.259  11.059 0.1000000015
11585  34.363  -87.352  10.611 0.1000000015
11560  31.707  -87.220  12.312 0.2000000030
10507  30.820  -88.853  11.083 0.2000000030
9472  29.621  -89.374  11.656 0.3000000119
9481  29.738  -90.009  11.198 0.4000000060
9493  33.382  -89.581  9.609 0.3000000119
8599  29.819  -90.610  10.849 0.4000000060
8582  29.274  -90.509  11.556 0.4000000060
8614  33.999  -90.543  8.870 0.2000000030
7730  32.178  -91.576  8.150 0.2000000030
9534  31.875  -90.204  7.119 0.3000000119
10572  31.613  -88.731  6.091 0.4000000060
10571  32.634  -88.816  6.359 0.2000000030
10594  31.373  -89.048  5.280 0.2000000030
11743  30.281  -87.609  1.572 0.2000000030
10616  33.069  -88.733  4.628 0.2000000030
10618  31.542  -89.223  4.866 0.4000000060
9634  32.901  -90.343  3.575 0.4000000060
8810  32.535  -90.924  0.549 0.3000000119
9633  33.747  -89.781  3.420 0.2000000030
7863  33.230  -91.552  0.775 0.3000000119
8773  33.929  -90.688  2.531 0.2000000030
7840  33.584  -91.479  2.183 0.2000000030
6969  33.300  -91.884  1.251 0.2000000030
6927  18.321  -92.752  3.926 0.3000000119
3590  11.219  -97.080  36.210 0.2000000030
3018  9.463  -97.322  36.096 0.2000000030
3579  11.978  -96.458  36.294 0.3000000119
3013  14.556  -97.948  35.768 0.3000000119
3588  13.129  -97.056  36.208 0.2000000030
3589  12.163  -97.255  36.198 0.2000000030
2499  15.677  -98.749  34.087 0.3000000119
3012  15.173  -98.042  35.408 0.3000000119
3587  14.168  -97.047  36.079 0.3000000119
1560  14.866  -100.311  32.728 0.3000000119
2017  14.958  -99.457  32.519 0.3000000119
3023  15.605  -97.931  34.780 0.4000000060
767  16.231  -102.039  40.986 0.1000000015
2018  14.448  -99.499  32.051 0.3000000119
2033  12.627  -99.326  31.376 0.4000000060
1092  16.573  -101.790  40.986 0.1000000015
1491  17.084  -101.348  41.062 0.1000000015
1077  17.611  -101.196  42.941 0.1000000015
2548  10.279  -99.423  29.877 0.4000000060
1485  17.605  -101.077  42.066 0.1000000015
1950  17.707  -100.486  41.189 0.1000000015
1475  18.149  -100.935  42.848 0.1000000015
1484  18.373  -100.647  42.374 0.1000000015
1474  19.153  -100.526  42.759 0.1000000015
2432  19.117  -98.814  40.408 0.1000000015
2446  19.371  -98.009  38.472 0.2000000030
2445  20.644  -98.705  38.610 0.2000000030
2467  19.922  -98.378  36.617 0.2000000030
2999  19.285  -97.834  37.491 0.2000000030
1119  21.632  -102.118  35.856 0.1000000015
1979  20.907  -99.863  36.845 0.1000000015
2466  20.416  -99.140  36.282 0.2000000030
791  21.702  -102.575  35.094 0.2000000030
1115  21.391  -101.598  35.965 0.1000000015
1521  21.225  -100.867  36.491 0.1000000015
12659  37.833  -86.661  14.139 0.1000000015
13834  38.156  -86.469  14.022 0.1000000015
13820  37.850  -85.722  14.261 0.1000000015
13821  36.791  -85.422  14.731 0.1000000015
14934  35.697  -84.145  14.530 0.1000000015
14921  36.076  -84.851  15.124 0.1000000015
14948  37.001  -84.093  14.132 0.1000000015
16074  35.845  -83.739  13.285 0.1000000015
16075  35.138  -84.001  13.254 0.1000000015
14935  34.706  -84.144  14.189 0.1000000015
14936  33.739  -84.496  14.505 0.1000000015
14972  34.724  -84.616  12.269 0.1000000015
13836  32.645  -85.545  13.778 0.1000000015
14971  35.175  -84.391  12.071 0.1000000015
13861  34.906  -85.090  11.298 0.1000000015
12675  32.131  -86.065  13.637 0.1000000015
12690  31.217  -86.885  13.009 0.1000000015
13875  35.273  -85.473  10.645 0.1000000015
11603  34.631  -88.092  10.013 0.1000000015
12689  32.378  -86.410  12.962 0.1000000015
11561  30.802  -87.421  12.422 0.2000000030
12713  35.076  -86.360  10.352 0.1000000015
11602  35.342  -87.237  9.774 0.1000000015
10483  28.921  -88.758  13.130 0.3000000119
9467  29.061  -89.469  12.348 0.4000000060
8567  29.071  -90.022  12.047 0.4000000060
7652  28.373  -91.055  13.640 0.4000000060
9492  34.618  -89.767  9.076 0.1000000015
8568  28.744  -90.104  12.602 0.4000000060
7653  27.866  -91.629  13.153 0.4000000060
7728  34.036  -91.682  7.990 0.1000000015
8694  32.855  -90.991  6.923 0.2000000030
7750  33.776  -91.649  7.389 0.1000000015
9559  32.809  -89.998  6.835 0.2000000030
12882  29.931  -86.730  1.794 0.3000000119
12883  29.251  -86.731  2.172 0.3000000119
11745  28.464  -87.650  2.302 0.4000000060
8693  33.420  -90.789  6.774 0.1000000015
10679  28.695  -88.566  1.961 0.3000000119
10615  34.132  -88.725  4.792 0.2000000030
10593  32.332  -88.630  5.442 0.2000000030
10614  35.312  -88.837  4.794 0.1000000015
10638  33.771  -88.991  4.144 0.2000000030
10701  32.891  -89.354  0.603 0.2000000030
10637  34.557  -88.961  3.886 0.1000000015
9701  33.471  -90.008  0.455 0.2000000030
8809  33.083  -90.895  0.480 0.2000000030
8772  34.376  -90.651  2.052 0.1000000015
8790  33.974  -91.066  1.081 0.2000000030
8722  19.782  -91.235  4.734 0.6000000238
7799  19.455  -91.634  4.410 0.4000000060
7850  34.005  -91.017  1.761 0.2000000030
6926  18.951  -92.468  4.507 0.4000000060
6132  18.173  -93.331  4.182 0.3000000119
5413  18.954  -94.654  4.084 0.2000000030
4979  7.831  -95.068  37.100 0.3000000119
3007  8.598  -97.546  36.838 0.2000000030
3594  8.101  -96.083  36.152 0.2000000030
5737  7.929  -94.107  37.499 0.3000000119
3582  8.552  -97.037  36.524 0.2000000030
4248  8.027  -95.445  35.695 0.3000000119
1977  10.182  -99.047  37.025 0.1000000015
3592  9.236  -96.307  35.978 0.3000000119
4247  8.707  -95.542  35.665 0.3000000119
4245  10.289  -95.574  36.111 0.3000000119
4233  12.999  -95.889  36.416 0.4000000060
4987  12.260  -94.915  36.394 0.4000000060
3598  16.056  -96.617  34.593 0.4000000060
3586  15.257  -97.069  35.630 0.3000000119
2511  15.033  -98.401  32.313 0.4000000060
3026  15.941  -97.680  33.757 0.4000000060
2031  14.552  -98.989  32.026 0.4000000060
2034  11.369  -99.468  30.950 0.4000000060
2526  13.209  -98.253  31.427 0.5000000000
2536  10.664  -98.611  30.494 0.5000000000
1915  18.041  -99.837  43.658 0.1000000015
2431  20.088  -98.873  40.435 0.2000000030
2438  20.553  -98.890  39.920 0.2000000030
1965  21.375  -99.506  38.568 0.1000000015
12686  39.722  -87.457  12.883 0.1000000015
11545  38.740  -87.678  13.257 0.1000000015
13819  38.801  -85.450  14.131 0.1000000015
14923  34.337  -84.479  15.243 0.1000000015
14937  32.980  -84.841  14.685 0.1000000015
16102  36.321  -83.563  12.572 0.1000000015
16125  35.984  -83.961  11.626 0.1000000015
13823  31.797  -85.786  14.456 0.1000000015
12676  31.469  -86.353  13.880 0.1000000015
6840  35.239  -92.050  12.641 0.3000000119
12726  35.658  -86.078  9.957 0.1000000015
12677  30.563  -86.940  13.654 0.1000000015
8548  31.182  -90.443  14.658 0.3000000119
7639  30.518  -91.251  14.682 0.3000000119
7637  32.235  -90.837  14.009 0.3000000119
11548  29.528  -87.737  13.695 0.4000000060
8550  29.384  -90.356  14.715 0.3000000119
7640  29.533  -91.257  14.830 0.3000000119
6013  29.340  -92.860  14.530 0.4000000060
6012  30.218  -92.875  14.396 0.4000000060
6813  31.519  -92.113  14.099 0.3000000119
6028  31.750  -93.253  13.512 0.3000000119
10522  35.203  -88.654  9.446 0.1000000015
9491  35.444  -89.422  8.954 0.1000000015
11533  29.418  -87.908  14.320 0.3000000119
10452  28.822  -88.895  13.932 0.4000000060
9436  29.342  -89.416  14.727 0.3000000119
8551  28.734  -90.126  14.210 0.4000000060
8635  34.842  -90.699  8.543 0.1000000015
7726  35.309  -91.182  8.114 0.1000000015
12840  29.029  -86.701  3.448 0.3000000119
7771  34.436  -91.479  6.778 0.1000000015
12881  30.763  -86.688  1.547 0.3000000119
14018  29.669  -86.050  2.407 0.3000000119
12884  28.779  -86.962  2.561 0.3000000119
8692  34.230  -90.792  6.581 0.1000000015
9558  33.906  -89.999  6.611 0.1000000015
11742  31.323  -87.674  1.355 0.2000000030
11713  28.138  -87.614  3.253 0.4000000060
11727  28.034  -87.825  2.785 0.5000000000
10591  34.519  -89.078  5.667 0.1000000015
11741  32.414  -87.693  1.260 0.2000000030
10613  36.258  -88.797  4.197 0.1000000015
10636  35.593  -88.945  3.460 0.1000000015
8789  34.551  -90.592  1.330 0.2000000030
9631  35.486  -89.408  2.648 0.1000000015
9656  35.008  -89.990  2.128 0.1000000015
6130  19.991  -93.922  5.170 0.5000000000
5405  18.440  -94.125  4.409 0.2000000030
6131  18.963  -93.519  4.993 0.4000000060
5748  7.618  -94.160  36.493 0.3000000119
2463  8.852  -98.046  37.274 0.2000000030
2996  8.304  -97.055  38.154 0.2000000030
4990  7.578  -94.812  35.966 0.3000000119
5000  8.218  -94.776  35.119 0.3000000119
4988  11.216  -94.926  36.278 0.4000000060
4998  10.241  -94.722  35.826 0.3000000119
5743  13.927  -94.195  36.286 0.4000000060
5745  12.642  -94.121  36.259 0.4000000060
4251  16.214  -95.358  34.814 0.5000000000
4996  14.663  -94.608  36.039 0.5000000000
3607  15.352  -96.478  32.410 0.5000000000
2563  10.986  -98.525  29.129 0.5000000000
3082  10.662  -97.606  28.970 0.5000000000
3093  11.706  -97.095  27.724 0.5000000000
3092  12.455  -96.966  27.589 0.5000000000
7583  38.919  -91.639  19.873 0.3000000119
13804  36.196  -85.598  15.218 0.1000000015
14947  37.417  -83.920  14.022 0.1000000015
16124  37.099  -83.359  11.803 0.1000000015
8540  32.793  -90.339  15.303 0.3000000119
8547  32.253  -90.332  14.344 0.3000000119
6812  34.541  -92.026  14.678 0.3000000119
7634  34.801  -91.757  13.910 0.3000000119
9421  31.772  -89.801  15.194 0.3000000119
9433  31.551  -89.979  14.766 0.3000000119
8556  32.482  -90.721  13.887 0.3000000119
8554  33.641  -90.889  13.657 0.3000000119
8545  33.970  -90.868  13.914 0.3000000119
7662  34.002  -91.891  12.616 0.3000000119
8549  30.220  -90.442  14.865 0.3000000119
7650  32.403  -91.363  13.681 0.3000000119
6827  32.584  -92.486  13.221 0.3000000119
7649  33.443  -91.555  13.063 0.3000000119
6843  33.037  -92.844  12.736 0.3000000119
10539  35.860  -88.922  8.934 0.1000000015
10432  29.689  -88.619  15.135 0.3000000119
11668  27.094  -87.966  7.265 0.6000000238
14025  31.150  -85.832  1.600 0.3000000119
11702  28.177  -87.678  4.123 0.5000000000
5423  19.548  -95.009  3.506 0.3000000119
6522  8.614  -92.866  37.643 0.2000000030
6521  9.028  -92.352  37.984 0.2000000030
4973  8.166  -94.734  38.411 0.2000000030
7367  9.554  -91.859  37.500 0.2000000030
3576  8.162  -96.518  37.650 0.2000000030
5759  7.768  -93.472  36.187 0.3000000119
5001  7.661  -94.394  35.046 0.3000000119
5760  7.492  -93.761  35.477 0.3000000119
5758  8.841  -94.083  34.845 0.4000000060
5008  8.432  -94.285  34.783 0.3000000119
5756  10.822  -93.784  35.647 0.4000000060
6543  10.346  -93.340  35.144 0.4000000060
5754  13.148  -93.472  36.045 0.4000000060
5755  11.983  -93.377  35.788 0.4000000060
5007  16.133  -94.434  34.964 0.5000000000
5752  15.015  -94.017  35.828 0.5000000000
5021  16.536  -93.880  32.806 0.6000000238
5022  16.183  -94.413  32.381 0.6000000238
7569  39.186  -91.346  20.477 0.3000000119
7584  38.180  -91.689  19.894 0.3000000119
6766  37.657  -92.637  18.828 0.3000000119
5937  37.642  -93.138  18.107 0.3000000119
6801  34.478  -92.649  15.417 0.3000000119
6009  35.639  -93.013  14.560 0.3000000119
7615  33.421  -91.988  15.987 0.3000000119
7624  34.246  -91.816  14.926 0.3000000119
6791  34.138  -92.999  16.131 0.3000000119
8539  33.506  -90.690  14.920 0.3000000119
7636  33.754  -90.948  14.708 0.3000000119
8274  10.523  -90.427  38.314 0.2000000030
8275  9.871  -91.006  38.800 0.2000000030
7354  9.191  -91.733  38.652 0.1000000015
6512  8.912  -92.199  38.456 0.1000000015
7366  10.369  -91.072  37.073 0.2000000030
4218  8.188  -95.760  38.054 0.2000000030
6544  8.812  -92.152  35.909 0.2000000030
5769  7.647  -93.699  34.153 0.3000000119
6546  7.382  -93.151  34.929 0.2000000030
5757  9.592  -93.774  35.060 0.4000000060
6541  11.856  -92.670  35.236 0.4000000060
6538  14.773  -93.174  35.613 0.6000000238
6539  13.743  -92.887  35.713 0.4000000060
6557  13.217  -92.128  35.246 0.5000000000
5765  16.338  -93.588  34.448 0.6000000238
6555  15.475  -92.552  34.924 0.6000000238
6556  14.267  -92.225  35.260 0.6000000238
7398  13.512  -91.580  34.707 0.5000000000
5027  16.388  -93.762  32.058 0.6000000238
5038  15.008  -94.153  30.826 0.6000000238
6744  37.472  -92.167  19.535 0.3000000119
5961  34.574  -93.618  17.612 0.3000000119
6781  33.252  -92.895  17.739 0.3000000119
5979  34.042  -93.376  17.070 0.3000000119
5978  34.530  -93.493  16.496 0.3000000119
6793  32.765  -92.157  16.939 0.2000000030
6792  33.538  -92.718  16.603 0.3000000119
11625  26.538  -87.513  8.524 0.6000000238
9149  9.902  -90.086  39.586 0.1000000015
9166  10.685  -89.203  38.248 0.2000000030
7337  8.823  -91.469  39.345 0.1000000015
8254  9.248  -90.819  39.563 0.1000000015
4961  7.984  -94.182  39.826 0.1000000015
6498  7.956  -92.354  39.700 0.1000000015
4209  8.152  -95.600  39.484 0.1000000015
5729  8.217  -93.533  38.613 0.2000000030
6513  8.541  -92.490  38.702 0.2000000030
3571  8.234  -96.428  38.721 0.1000000015
7387  8.968  -91.618  35.139 0.2000000030
7377  9.463  -91.758  36.352 0.2000000030
6561  9.226  -93.234  34.159 0.3000000119
6563  7.400  -92.647  34.300 0.2000000030
7388  8.146  -92.028  34.895 0.2000000030
6560  9.992  -92.988  34.504 0.4000000060
6575  8.071  -92.885  33.162 0.3000000119
7414  13.679  -90.984  34.085 0.6000000238
7399  12.735  -91.759  34.672 0.4000000060
7396  15.580  -91.605  34.250 0.6000000238
6554  16.326  -92.407  34.071 0.6000000238
5790  16.392  -93.212  31.205 0.6000000238
5775  16.668  -93.188  33.420 0.6000000238
5798  16.234  -92.901  30.529 0.6000000238
5811  14.710  -93.061  29.875 0.6000000238
6627  14.289  -92.655  29.290 0.6000000238
9148  10.408  -89.642  39.194 0.2000000030
8290  10.870  -89.853  37.283 0.2000000030
7376  9.955  -91.102  35.850 0.2000000030
8311  9.516  -90.912  34.904 0.2000000030
7419  7.847  -91.701  33.927 0.2000000030
8335  8.291  -91.144  33.737 0.2000000030
7417  10.592  -91.817  33.436 0.3000000119
7418  9.663  -92.094  33.177 0.3000000119
7441  7.704  -91.619  32.635 0.3000000119
8332  12.871  -90.829  33.370 0.5000000000
7436  11.861  -91.212  33.416 0.5000000000
7413  14.749  -90.883  33.968 0.5000000000
7395  16.200  -91.610  33.700 0.6000000238
7411  16.319  -91.106  33.157 0.6000000238
5785  16.781  -92.881  32.345 0.6000000238
6590  16.962  -91.871  32.309 0.6000000238
7453  17.004  -91.088  31.902 0.6000000238
6605  17.072  -92.014  31.410 0.6000000238
6617  17.147  -91.686  30.808 0.6000000238
6619  16.098  -92.635  30.080 0.6000000238
6638  15.252  -91.830  28.914 0.6000000238
10122  10.069  -88.021  38.076 0.2000000030
9194  10.492  -89.211  36.511 0.2000000030
10137  10.026  -88.431  36.958 0.2000000030
10156  10.051  -88.719  36.272 0.2000000030
10171  10.209  -89.050  35.993 0.2000000030
8319  9.611  -90.373  34.732 0.2000000030
9228  8.723  -90.386  33.849 0.2000000030
8358  11.839  -90.806  32.800 0.4000000060
8359  10.569  -90.945  32.516 0.3000000119
7454  8.446  -91.406  31.825 0.3000000119
7456  7.488  -91.097  32.027 0.3000000119
8330  14.880  -90.511  33.205 0.6000000238
8357  12.993  -90.476  32.644 0.6000000238
8382  10.879  -90.443  31.974 0.4000000060
8383  9.934  -90.646  31.937 0.4000000060
8385  8.087  -90.837  31.335 0.3000000119
8329  15.701  -90.591  33.023 0.6000000238
8356  14.063  -90.285  32.560 0.6000000238
8380  13.174  -90.050  31.925 0.6000000238
8377  16.653  -90.060  31.224 0.6000000238
8378  15.407  -89.886  31.661 0.6000000238
7471  16.646  -91.762  29.812 0.6000000238
19513  16.734  -80.789  8.187 0.5000000000
19540  16.257  -80.826  7.589 0.5000000000
19541  15.309  -80.889  7.650 0.5000000000
10157  9.363  -88.412  36.361 0.2000000030
10172  9.766  -88.856  35.660 0.2000000030
9214  8.696  -89.586  33.862 0.2000000030
9249  7.835  -90.004  32.649 0.3000000119
9229  8.185  -90.138  33.176 0.3000000119
8386  7.542  -90.466  31.566 0.3000000119
9265  13.332  -89.579  31.255 0.6000000238
9266  12.227  -89.588  31.454 0.5000000000
9267  11.021  -89.742  31.489 0.5000000000
9264  14.394  -89.589  31.022 0.6000000238
9262  16.162  -89.524  30.429 0.6000000238
19538  18.192  -80.468  7.525 0.5000000000
19539  17.248  -80.658  7.555 0.5000000000
19565  18.811  -80.613  6.752 0.5000000000
10173  8.910  -88.497  35.584 0.2000000030
10184  8.663  -88.798  34.591 0.2000000030
10217  8.019  -89.390  32.769 0.2000000030
9250  7.648  -89.937  32.174 0.3000000119
9289  8.694  -89.663  30.585 0.4000000060
8407  7.407  -89.781  30.979 0.4000000060
10241  9.130  -88.502  30.536 0.6000000238
10237  13.570  -88.265  30.132 0.6000000238
11278  11.899  -87.294  30.607 0.6000000238
11277  12.889  -87.259  30.165 0.6000000238
19537  19.095  -80.375  7.579 0.5000000000
19536  19.844  -80.687  7.758 0.4000000060
10201  8.024  -88.471  33.225 0.2000000030
10228  7.421  -88.507  31.322 0.2000000030
9270  7.481  -89.468  31.447 0.2000000030
11281  8.455  -87.597  30.486 0.3000000119
10243  7.501  -88.464  30.748 0.3000000119
12425  10.036  -86.574  30.726 0.4000000060
13582  10.522  -85.574  30.759 0.5000000000
12424  11.186  -86.445  30.576 0.5000000000
11282  7.601  -87.513  30.595 0.3000000119
13581  11.647  -85.421  30.183 0.6000000238
14725  11.847  -84.785  29.163 0.6000000238
13619  11.826  -85.666  27.982 0.6000000238
15862  11.285  -84.304  28.640 0.6000000238
9407  9.115  -89.894  17.358 0.2000000030
11446  7.593  -87.817  19.652 0.2000000030
12591  7.461  -87.111  20.207 0.2000000030
10372  9.564  -88.475  19.173 0.1000000015
13731  8.749  -86.814  21.293 0.1000000015
12588  9.961  -87.562  20.456 0.1000000015
13706  8.556  -85.724  22.631 0.1000000015
18170  5.628  -81.030  23.417 0.2000000030
19248  5.418  -80.401  23.927 0.2000000030
17073  6.617  -82.415  23.197 0.1000000015
19246  6.278  -80.431  23.491 0.2000000030
21379  5.780  -78.964  24.356 0.2000000030
19225  6.499  -80.106  23.939 0.2000000030
21260  10.839  -78.369  34.820 0.5000000000
21259  11.777  -78.472  34.494 0.3000000119
22284  13.274  -77.622  35.415 0.4000000060
21184  19.630  -78.489  39.906 0.1000000015
20142  18.214  -79.405  38.766 0.1000000015
20134  18.644  -79.086  39.310 0.1000000015
20143  17.284  -79.179  38.754 0.1000000015
22286  10.197  -77.730  35.169 0.6000000238
22313  11.568  -77.623  34.669 0.4000000060
22285  12.702  -77.008  35.852 0.4000000060
23388  11.927  -77.140  34.848 0.4000000060
23365  10.187  -76.508  35.333 0.6000000238
21201  14.591  -78.245  37.570 0.1000000015
23364  11.338  -76.218  35.466 0.4000000060
20154  15.381  -78.854  37.760 0.1000000015
20155  14.947  -78.375  37.880 0.1000000015
20136  17.708  -78.883  39.282 0.1000000015
20144  16.085  -78.994  38.455 0.1000000015
23390  10.773  -76.887  34.986 0.6000000238
23347  12.138  -76.309  36.384 0.4000000060
22242  12.491  -76.565  37.020 0.4000000060
23348  11.498  -75.753  36.269 0.4000000060
21186  18.144  -78.408  39.525 0.1000000015
21194  16.892  -78.490  38.632 0.1000000015
22228  16.791  -77.368  38.496 0.1000000015
21198  14.004  -77.256  37.950 0.2000000030
21202  13.932  -77.487  37.679 0.3000000119
21195  15.988  -78.122  38.307 0.1000000015
24461  11.826  -75.220  37.159 0.5000000000
24471  11.347  -75.181  36.580 0.5000000000
23333  12.315  -76.009  37.258 0.5000000000
22214  19.901  -77.444  41.063 0.1000000015
22216  18.682  -77.381  39.985 0.1000000015
21178  18.407  -77.900  39.861 0.1000000015
23332  13.079  -76.052  37.622 0.4000000060
25684  11.235  -74.544  36.351 0.5000000000
23318  18.034  -76.714  38.890 0.1000000015
23320  16.256  -76.150  38.544 0.2000000030
22229  15.706  -77.069  38.331 0.1000000015
23322  14.479  -76.026  38.455 0.4000000060
25850  20.197  -73.954  26.233 0.3000000119
27026  21.437  -73.573  26.637 0.4000000060
28306  19.343  -72.119  18.425 0.3000000119
30636  19.146  -70.303  17.691 0.3000000119
25678  11.863  -74.653  37.124 0.5000000000
24460  12.450  -75.278  37.365 0.5000000000
23310  18.037  -76.055  38.824 0.2000000030
24447  15.808  -75.350  38.445 0.2000000030
24458  14.507  -75.414  37.822 0.3000000119
24459  13.364  -75.524  37.403 0.5000000000
28164  21.521  -72.265  26.987 0.6000000238
27012  20.988  -73.625  26.586 0.6000000238
30637  18.073  -69.841  18.033 0.4000000060
33063  16.740  -68.392  18.083 0.4000000060
29460  19.820  -71.300  17.872 0.3000000119
31840  17.874  -68.965  17.938 0.4000000060
30651  19.992  -70.096  16.804 0.4000000060
26925  11.300  -74.256  35.195 0.5000000000
23300  19.723  -76.283  40.443 0.2000000030
24438  18.378  -75.680  38.847 0.2000000030
24455  17.127  -75.114  38.102 0.2000000030
25683  11.995  -74.409  36.588 0.5000000000
24446  16.740  -75.381  38.433 0.2000000030
24466  16.052  -75.143  37.698 0.3000000119
24468  13.801  -75.524  36.780 0.3000000119
24483  12.911  -75.192  35.738 0.4000000060
25693  12.497  -74.690  35.417 0.4000000060
29299  22.387  -71.779  27.490 0.6000000238
30652  19.495  -69.697  17.237 0.4000000060
31859  18.367  -68.855  17.592 0.4000000060
33077  17.194  -68.265  17.344 0.4000000060
29486  21.084  -71.052  16.309 0.3000000119
31873  18.899  -69.055  16.193 0.4000000060
24454  17.992  -75.173  38.189 0.2000000030
23343  16.936  -75.487  37.493 0.2000000030
23344  15.802  -75.972  36.805 0.3000000119
24465  16.609  -75.021  37.946 0.3000000119
23361  15.195  -76.624  35.657 0.3000000119
24523  13.949  -75.424  33.901 0.4000000060
25712  11.706  -74.308  35.028 0.5000000000
23345  14.676  -75.961  36.477 0.3000000119
23362  14.288  -76.180  35.515 0.3000000119
25743  13.689  -74.714  32.715 0.4000000060
25745  12.165  -74.664  33.136 0.4000000060
30465  26.534  -71.833  28.458 0.6000000238
30443  26.555  -71.668  29.161 0.6000000238
33091  18.215  -68.158  16.191 0.4000000060
31884  19.718  -69.659  15.473 0.4000000060
30668  20.390  -70.205  16.050 0.4000000060
31872  19.651  -69.476  16.393 0.4000000060
22254  16.088  -76.507  36.365 0.3000000119
22240  18.090  -75.789  37.553 0.1000000015
24522  14.659  -75.686  33.588 0.4000000060
22310  15.870  -77.323  34.528 0.3000000119
32874  28.699  -69.332  30.897 0.6000000238
31653  28.310  -70.296  29.826 0.6000000238
30428  27.122  -71.145  30.100 0.6000000238
29409  17.495  -71.565  21.252 0.4000000060
30598  16.630  -70.944  21.739 0.4000000060
22252  17.776  -76.453  36.958 0.3000000119
22283  15.570  -77.064  35.103 0.3000000119
22281  17.120  -77.323  35.838 0.1000000015
22280  18.160  -77.607  35.755 0.1000000015
22326  17.060  -77.502  33.671 0.3000000119
22327  16.344  -77.330  33.802 0.3000000119
23421  18.285  -77.119  31.990 0.4000000060
32875  28.376  -69.343  31.324 0.6999999881
31631  27.993  -70.023  30.611 0.6999999881
22307  18.534  -78.103  34.550 0.2000000030
22323  20.093  -77.976  33.670 0.4000000060
22338  21.430  -77.549  33.409 0.2000000030
33017  16.682  -68.321  23.849 0.4000000060
34248  16.649  -67.081  24.885 0.4000000060
40095  20.751  -63.049  29.502 0.3000000119
40096  19.750  -63.442  30.331 0.3000000119
40097  19.046  -63.031  30.840 0.3000000119
35301  19.098  -66.146  28.433 0.5000000000
41407  23.039  -61.951  28.072 0.2000000030
41388  20.563  -62.676  29.330 0.4000000060
41389  20.077  -62.645  29.591 0.4000000060
41390  18.893  -62.398  30.374 0.4000000060
41373  18.027  -62.269  31.021 0.4000000060
37658  18.067  -63.782  27.185 0.4000000060
38882  19.639  -63.533  25.494 0.4000000060
37641  19.374  -64.089  27.313 0.5000000000
37642  18.719  -64.103  27.882 0.5000000000
37656  19.979  -63.979  26.665 0.4000000060
42665  22.413  -61.351  28.088 0.4000000060
41422  21.287  -61.617  28.204 0.4000000060
41410  19.684  -62.038  29.070 0.4000000060
40086  17.361  -62.768  31.483 0.4000000060
38862  19.309  -63.460  26.228 0.5000000000
38920  19.024  -63.763  23.798 0.3000000119
38884  17.688  -63.078  25.596 0.4000000060
41424  19.312  -61.692  28.168 0.3000000119
38883  18.770  -63.259  25.503 0.4000000060
38885  16.697  -63.114  25.576 0.3000000119
38922  16.874  -63.043  23.622 0.3000000119
775  15.390  -102.628  38.978 0.1000000015
773  15.189  -102.206  39.537 0.1000000015
10402  9.103  -89.282  17.788 0.1000000015
10388  8.100  -88.707  18.449 0.2000000030
14821  7.732  -84.375  23.218 0.1000000015
15950  7.115  -83.442  23.297 0.1000000015
11444  9.587  -88.027  19.726 0.1000000015
15951  6.217  -83.066  22.957 0.1000000015
13718  8.955  -86.548  21.804 0.1000000015
12565  9.966  -86.835  21.806 0.1000000015
14845  7.264  -85.542  22.126 0.1000000015
6858  34.422  -92.671  11.846 0.3000000119
6908  26.316  -92.084  6.352 0.6999999881
7794  27.259  -91.592  5.736 0.6000000238
8669  26.779  -90.941  7.376 0.5000000000
7793  27.920  -91.345  5.222 0.6000000238
8600  27.511  -90.883  9.964 0.5000000000
7674  29.231  -91.209  11.063 0.4000000060
7712  28.938  -91.308  9.562 0.5000000000
8583  28.774  -90.615  12.137 0.4000000060
10540  26.452  -87.990  8.235 0.6000000238
7641  28.756  -91.184  14.381 0.4000000060
12567  7.621  -86.552  21.380 0.1000000015
13719  7.956  -86.277  21.789 0.1000000015
15960  6.512  -83.719  22.502 0.1000000015
22406  17.279  -76.629  27.119 0.2000000030
278  24.918  -104.833  12.446 0.2000000030
38864  17.139  -63.648  26.648 0.5000000000
7853  31.924  -91.708  0.808 0.4000000060
1679  29.945  -100.722  21.170 0.6000000238
1246  30.753  -100.719  21.827 0.6000000238
7660  34.690  -91.665  13.249 0.3000000119
6640  13.631  -92.139  28.684 0.6000000238
7470  17.165  -91.280  30.043 0.6000000238
10238  12.652  -88.165  30.565 0.6000000238
9288  10.014  -89.246  30.903 0.5000000000
10240  10.356  -88.311  30.809 0.6000000238
12439  12.992  -86.733  29.413 0.6000000238
12423  12.136  -86.485  30.297 0.6000000238
15814  11.232  -84.041  29.741 0.6000000238
22339  20.724  -77.613  33.001 0.4000000060
23455  21.200  -76.420  31.076 0.4000000060
23418  21.670  -77.246  32.787 0.4000000060
30466  25.982  -71.948  28.580 0.6000000238
29312  23.300  -72.039  26.953 0.5000000000
27025  22.437  -73.668  26.724 0.4000000060
31654  27.701  -70.636  29.691 0.6000000238
40085  18.455  -63.030  31.481 0.4000000060
22306  19.502  -78.260  34.450 0.2000000030
3751  28.923  -96.710  21.378 0.5000000000
1187  19.413  -101.066  28.253 0.3000000119
8791  31.897  -90.851  0.779 0.3000000119
2527  11.936  -98.187  31.198 0.4000000060
3032  15.575  -97.517  32.764 0.4000000060
4254  16.431  -95.111  33.697 0.5000000000
5015  16.543  -94.211  33.613 0.5000000000
3597  16.375  -95.748  34.033 0.4000000060
5791  15.789  -93.689  31.059 0.6000000238
6628  13.326  -92.934  29.248 0.6000000238
25729  13.666  -74.968  33.662 0.4000000060
25730  12.810  -74.638  33.789 0.4000000060
25825  22.244  -74.641  26.923 0.2000000030
9702  32.625  -90.222  0.532 0.2000000030
276  24.017  -105.402  12.695 0.2000000030
875  28.203  -102.122  25.208 0.5000000000
598  27.675  -102.946  24.985 0.5000000000
880  28.837  -101.739  24.297 0.5000000000
1214  29.154  -101.230  24.250 0.6000000238
1240  28.904  -101.504  22.208 0.5000000000
2135  29.257  -99.742  21.133 0.5000000000
1669  29.374  -100.395  21.318 0.5000000000
1616  27.365  -100.401  26.493 0.5000000000
9538  28.716  -89.886  7.001 0.5000000000
7823  32.207  -92.195  3.039 0.4000000060
1528  17.036  -100.522  35.061 0.1000000015
2028  19.667  -99.073  31.435 0.3000000119
1611  20.724  -100.412  27.359 0.4000000060
878  23.578  -102.788  25.684 0.5000000000
2115  25.962  -99.349  24.032 0.5000000000
7732  30.287  -91.456  8.760 0.3000000119
7731  31.125  -91.446  8.335 0.2000000030
7711  29.952  -91.500  9.407 0.4000000060
9635  32.195  -90.385  3.938 0.3000000119
3015  12.594  -98.070  36.037 0.2000000030
2476  18.377  -98.035  35.758 0.2000000030
2507  18.921  -98.442  32.823 0.2000000030
2027  20.279  -99.297  31.641 0.3000000119
2496  19.246  -98.287  33.795 0.2000000030
2506  19.851  -98.684  32.909 0.2000000030
2041  20.507  -99.522  30.716 0.3000000119
1143  21.339  -101.872  32.435 0.3000000119
817  21.348  -102.032  33.263 0.2000000030
1557  20.781  -100.292  32.674 0.3000000119
1995  20.584  -99.938  34.671 0.2000000030
1578  21.084  -100.004  31.149 0.3000000119
1577  21.533  -100.427  30.546 0.3000000119
1165  21.849  -101.880  30.706 0.4000000060
1164  22.142  -101.240  30.064 0.4000000060
858  22.698  -102.486  28.551 0.5000000000
10505  32.136  -88.900  10.448 0.2000000030
12715  33.915  -86.948  11.219 0.1000000015
10504  33.054  -88.740  10.258 0.2000000030
10506  31.323  -88.957  10.753 0.2000000030
11575  31.095  -87.823  11.790 0.2000000030
10523  34.231  -88.859  9.735 0.2000000030
8616  31.997  -90.967  9.352 0.3000000119
8597  31.459  -90.709  9.813 0.2000000030
8598  30.680  -90.768  10.228 0.3000000119
7709  31.630  -91.537  8.870 0.3000000119
7691  29.731  -91.437  10.284 0.4000000060
7707  33.492  -91.317  8.538 0.2000000030
8664  31.467  -90.800  7.469 0.2000000030
2478  15.268  -98.532  35.115 0.2000000030
1498  16.878  -100.966  40.050 0.1000000015
1966  17.255  -99.443  38.662 0.1000000015
2489  19.537  -98.350  34.740 0.2000000030
1127  21.371  -102.069  34.471 0.1000000015
1587  22.380  -100.787  29.324 0.4000000060
1186  22.655  -101.397  28.729 0.5000000000
1208  23.178  -101.918  25.617 0.5000000000
13847  33.534  -85.474  12.753 0.1000000015
10481  29.955  -88.289  12.106 0.2000000030
8613  34.480  -90.336  8.814 0.1000000015
7751  32.819  -91.513  7.343 0.2000000030
10592  33.423  -88.663  5.567 0.2000000030
9632  34.803  -89.491  2.988 0.1000000015
3581  10.639  -95.883  36.241 0.3000000119
3578  12.576  -96.662  36.288 0.2000000030
4234  11.776  -95.653  36.348 0.3000000119
2510  15.518  -98.716  33.114 0.4000000060
4244  13.713  -96.429  36.243 0.4000000060
779  22.001  -101.940  36.826 0.1000000015
14933  36.548  -84.256  14.386 0.1000000015
12691  30.493  -87.248  12.988 0.2000000030
9468  28.731  -89.313  12.990 0.4000000060
4226  8.026  -95.951  37.135 0.2000000030
4232  13.688  -95.268  36.341 0.4000000060
4242  15.668  -95.936  35.500 0.5000000000
11532  29.876  -87.280  14.135 0.1000000015
14006  29.737  -85.772  2.919 0.3000000119
7616  32.883  -91.652  16.322 0.2000000030
7647  34.624  -91.537  13.687 0.3000000119
6529  8.826  -92.428  36.779 0.2000000030
6542  11.019  -92.986  35.215 0.3000000119
5766  15.630  -93.746  35.304 0.6000000238
6497  8.334  -92.029  39.387 0.1000000015
5778  7.402  -93.203  33.935 0.2000000030
6559  11.246  -92.311  34.471 0.4000000060
5776  8.303  -93.199  33.586 0.2000000030
6573  10.241  -92.323  33.829 0.4000000060
6572  10.897  -92.005  33.883 0.4000000060
6593  7.870  -92.339  32.788 0.3000000119
7415  12.566  -91.340  33.972 0.5000000000
8310  10.027  -90.459  35.314 0.2000000030
7438  10.100  -91.533  32.817 0.3000000119
7439  9.034  -91.802  32.474 0.3000000119
9213  9.323  -89.734  34.432 0.2000000030
9230  7.721  -90.412  32.607 0.3000000119
8355  15.132  -90.201  32.482 0.6000000238
8381  12.048  -90.248  31.986 0.6000000238
9269  8.968  -90.332  30.956 0.4000000060
9291  7.395  -89.161  30.926 0.3000000119
10242  8.051  -88.550  30.352 0.4000000060
11279  10.767  -87.382  30.747 0.5000000000
11280  9.558  -87.522  30.660 0.4000000060
12426  8.899  -86.701  30.675 0.4000000060
13583  9.379  -85.813  30.900 0.5000000000
14702  9.859  -84.857  31.133 0.6000000238
14701  10.851  -84.294  30.657 0.6000000238
11445  8.544  -87.918  19.570 0.2000000030
12589  8.975  -87.289  20.167 0.1000000015
14844  7.713  -85.472  22.442 0.1000000015
17057  7.241  -82.295  23.936 0.1000000015
22256  12.690  -76.867  36.687 0.3000000119
22230  14.839  -76.914  38.293 0.1000000015
22227  17.642  -77.221  38.777 0.2000000030
23321  15.288  -76.042  38.594 0.3000000119
24457  15.477  -75.188  38.079 0.3000000119
24469  12.764  -74.845  36.743 0.3000000119
23280  20.615  -75.949  41.699 0.2000000030
24436  19.618  -75.502  39.552 0.2000000030
24482  13.662  -75.717  35.583 0.4000000060
22239  18.618  -76.084  37.585 0.1000000015
22309  16.654  -77.563  34.705 0.2000000030
14833  6.989  -84.689  22.630 0.1000000015
3668  34.958  -96.788  26.157 0.2000000030
4331  34.692  -96.404  26.240 0.2000000030
3722  30.452  -96.435  22.958 0.3000000119
3083  33.860  -97.349  27.626 0.1000000015
3669  34.142  -96.884  26.883 0.2000000030
4352  35.529  -95.959  25.745 0.2000000030
4354  33.717  -95.357  26.125 0.2000000030
3684  35.855  -96.211  25.204 0.2000000030
4356  30.952  -95.661  25.031 0.3000000119
4357  29.992  -95.735  24.864 0.3000000119
4380  30.533  -95.544  24.279 0.3000000119
3108  35.108  -97.147  25.454 0.2000000030
1574  29.059  -100.574  30.762 0.1000000015
2065  29.829  -99.189  29.568 0.1000000015
2567  30.926  -98.563  27.930 0.1000000015
2577  33.236  -98.464  26.788 0.1000000015
4332  33.540  -96.228  26.778 0.2000000030
3690  29.407  -96.324  25.478 0.3000000119
3688  31.725  -96.409  25.363 0.3000000119
5095  33.028  -94.650  25.769 0.2000000030
3687  32.927  -96.907  25.196 0.3000000119
5094  34.290  -94.649  25.688 0.2000000030
4353  34.577  -95.616  26.022 0.2000000030
2051  28.692  -100.237  30.051 0.2000000030
2066  28.573  -99.698  29.424 0.2000000030
2553  30.382  -98.763  28.822 0.1000000015
2565  32.843  -98.607  27.715 0.1000000015
2566  31.910  -98.697  27.864 0.1000000015
2564  33.703  -98.098  27.585 0.1000000015
3671  31.114  -96.796  26.048 0.3000000119
5848  32.500  -93.679  25.241 0.2000000030
3109  34.475  -97.618  25.698 0.2000000030
821  27.837  -101.758  31.289 0.2000000030
1163  27.525  -101.767  30.688 0.2000000030
1551  28.534  -100.913  32.096 0.1000000015
1585  28.299  -100.750  30.171 0.2000000030
1601  27.539  -100.520  29.135 0.2000000030
2568  29.841  -98.333  28.153 0.1000000015
2555  28.228  -99.002  28.561 0.2000000030
3084  31.001  -98.207  27.343 0.1000000015
2576  33.922  -98.065  26.400 0.1000000015
2578  32.247  -98.461  26.947 0.1000000015
3672  30.222  -96.705  26.260 0.3000000119
5096  31.869  -94.244  25.843 0.2000000030
3112  31.793  -97.294  26.062 0.2000000030
3097  34.281  -97.453  26.556 0.2000000030
1586  27.645  -101.045  29.753 0.2000000030
2067  27.556  -99.708  28.483 0.3000000119
2556  27.521  -99.096  28.052 0.2000000030
3098  32.186  -97.880  26.389 0.1000000015
2588  33.425  -98.092  26.071 0.1000000015
3099  31.165  -97.673  26.757 0.1000000015
3102  28.244  -97.537  26.639 0.3000000119
3111  32.663  -97.589  25.780 0.2000000030
17377  15.220  -82.345  6.026 0.4000000060
8761  19.544  -91.146  2.665 0.3000000119
831  27.222  -102.024  30.810 0.2000000030
841  27.097  -101.876  30.449 0.2000000030
3087  28.206  -98.044  27.486 0.2000000030
3086  29.167  -97.660  27.486 0.2000000030
3085  30.359  -97.929  27.459 0.1000000015
3673  29.222  -96.735  26.328 0.3000000119
18502  14.689  -82.010  6.152 0.4000000060
17356  13.975  -82.163  6.251 0.4000000060
17375  17.462  -82.491  4.934 0.5000000000
18500  16.805  -81.843  5.704 0.4000000060
17376  16.274  -82.431  5.668 0.4000000060
16242  17.631  -83.336  4.817 0.5000000000
823  26.395  -102.482  31.486 0.2000000030
19586  18.480  -81.043  6.194 0.4000000060
18459  14.177  -81.253  7.017 0.4000000060
18499  18.266  -81.664  5.253 0.4000000060
18479  17.319  -81.295  6.251 0.4000000060
18481  14.905  -81.541  6.464 0.4000000060
18497  20.450  -81.190  5.207 0.3000000119
18523  19.385  -81.888  4.527 0.4000000060
16260  19.317  -83.482  3.989 0.4000000060
5404  19.204  -94.245  4.665 0.3000000119
17336  20.599  -81.672  7.723 0.3000000119
18477  20.123  -80.929  7.124 0.4000000060
19564  19.880  -80.756  6.672 0.4000000060
17355  21.114  -81.676  6.922 0.3000000119
19563  20.957  -80.967  6.070 0.4000000060
19585  19.281  -80.969  5.931 0.4000000060
19584  20.369  -80.950  5.628 0.4000000060
5412  19.878  -94.515  4.220 0.2000000030
17318  21.530  -82.815  8.306 0.3000000119
17394  18.919  -82.556  4.097 0.4000000060
18428  20.314  -81.251  8.247 0.3000000119
16278  20.715  -83.046  3.799 0.4000000060
19487  20.573  -80.124  9.510 0.3000000119
17335  21.154  -82.105  7.476 0.3000000119
18403  20.942  -81.017  9.736 0.3000000119
16178  21.670  -83.204  9.439 0.3000000119
20548  20.230  -79.245  10.234 0.3000000119
18475  21.556  -81.439  6.408 0.3000000119
18386  21.612  -80.829  10.300 0.3000000119
20560  21.056  -79.588  10.082 0.3000000119
16130  21.947  -82.641  11.233 0.3000000119
16129  22.662  -83.595  11.280 0.3000000119
16131  21.526  -82.230  10.649 0.3000000119
19469  21.670  -79.890  10.299 0.3000000119
20547  20.761  -79.263  10.445 0.3000000119
16157  21.441  -82.661  10.246 0.3000000119
19454  20.075  -79.731  11.110 0.4000000060
16110  22.452  -82.183  11.832 0.3000000119
18369  22.632  -80.789  11.279 0.3000000119
19468  22.124  -79.601  10.596 0.3000000119
20545  22.308  -79.253  10.929 0.3000000119
20511  20.977  -79.652  12.118 0.3000000119
20529  22.860  -79.448  11.486 0.2000000030
20530  22.034  -79.045  11.494 0.3000000119
20509  22.781  -79.107  12.370 0.2000000030
10108  10.461  -88.543  39.074 0.1000000015
23760  19.887  -76.535  10.519 0.3000000119
23789  19.774  -76.265  8.942 0.3000000119
16978  10.440  -83.172  28.993 0.5000000000
14687  10.204  -83.920  31.280 0.5000000000
15815  10.776  -83.284  30.181 0.5000000000
16952  10.325  -82.758  29.555 0.5000000000
16932  10.270  -82.106  30.559 0.5000000000
31901  19.360  -69.862  14.597 0.3000000119
16888  6.561  -82.671  33.568 0.4000000060
16916  7.495  -82.802  32.022 0.4000000060
15799  8.564  -83.413  31.860 0.5000000000
15797  10.529  -83.228  31.078 0.5000000000
16841  7.196  -82.279  35.369 0.3000000119
16860  6.937  -82.724  35.104 0.4000000060
16902  6.838  -82.428  32.804 0.4000000060
16900  8.446  -82.551  32.228 0.4000000060
15784  9.432  -82.860  32.019 0.5000000000
15745  7.169  -83.162  35.135 0.3000000119
18003  8.319  -81.541  32.693 0.5000000000
18002  9.301  -81.790  32.352 0.5000000000
16913  10.167  -82.296  31.429 0.5000000000
18017  9.849  -81.394  31.633 0.5000000000
17935  7.305  -81.966  35.435 0.4000000060
17975  6.751  -81.933  34.197 0.4000000060
17934  7.582  -81.217  35.676 0.5000000000
17988  7.170  -81.279  33.893 0.5000000000
33103  18.383  -68.713  15.816 0.3000000119
31919  19.908  -70.015  14.117 0.3000000119
30695  21.068  -70.342  14.199 0.3000000119
30682  20.655  -70.233  15.121 0.3000000119
16838  8.591  -81.429  36.286 0.4000000060
17933  8.217  -81.004  36.285 0.5000000000
19064  7.019  -80.087  35.685 0.5000000000
19043  7.608  -80.170  36.301 0.5000000000
19065  6.498  -79.421  35.945 0.5000000000
30719  21.565  -70.038  12.583 0.3000000119
31933  21.908  -69.490  12.651 0.3000000119
30707  21.620  -69.899  13.360 0.3000000119
30681  21.420  -70.836  15.030 0.3000000119
30706  22.570  -69.951  13.537 0.3000000119
30694  22.002  -70.567  14.146 0.3000000119
19042  8.501  -80.359  36.428 0.5000000000
20169  8.126  -79.547  36.541 0.5000000000
21218  8.695  -79.108  36.202 0.5000000000
21220  6.982  -78.495  36.341 0.5000000000
21372  6.221  -78.477  24.682 0.2000000030
21244  8.653  -78.315  35.946 0.5000000000
22415  8.807  -77.137  27.511 0.2000000030
22416  7.685  -77.031  26.597 0.2000000030
28305  20.335  -72.187  18.336 0.3000000119
29442  20.631  -72.351  19.671 0.3000000119
28288  18.963  -72.636  19.133 0.3000000119
29458  21.622  -71.953  18.324 0.3000000119
28263  19.655  -72.493  19.894 0.3000000119
28264  18.556  -72.583  19.998 0.3000000119
30583  16.041  -70.134  22.511 0.3000000119
29408  18.566  -71.463  21.229 0.3000000119
30597  17.963  -70.881  21.794 0.3000000119
30582  17.378  -70.278  22.445 0.3000000119
28163  22.578  -72.756  26.776 0.5000000000
29407  19.607  -71.326  21.175 0.3000000119
30596  19.052  -70.740  21.645 0.3000000119
30581  18.583  -70.160  22.212 0.3000000119
31787  16.876  -69.624  23.055 0.3000000119
31772  19.090  -69.095  23.291 0.3000000119
31774  17.350  -68.957  23.485 0.3000000119
33000  17.246  -67.622  24.423 0.3000000119
29295  26.157  -72.215  27.861 0.5000000000
31773  18.264  -68.906  23.550 0.3000000119
34247  17.750  -66.964  24.944 0.3000000119
33015  18.920  -68.517  23.944 0.3000000119
34232  18.222  -66.806  25.697 0.3000000119
34209  18.011  -67.118  26.729 0.4000000060
35337  18.715  -66.794  26.296 0.4000000060
34208  18.782  -67.074  27.220 0.4000000060
41338  22.930  -61.475  33.568 0.1000000015
42597  22.376  -60.602  33.509 0.1000000015
21568  23.570  -78.920  12.680 0.2000000030
41337  23.832  -61.512  33.552 0.1000000015
34233  17.232  -66.946  25.719 0.5000000000
18004  7.274  -81.547  33.062 0.5000000000
3708  29.405  -96.513  24.354 0.4000000060
19568  16.238  -81.026  7.162 0.4000000060
14686  10.573  -83.815  31.027 0.5000000000
18501  15.632  -81.954  6.069 0.4000000060
17395  18.070  -82.429  4.477 0.5000000000
17374  17.923  -82.228  4.812 0.4000000060
18480  16.063  -81.339  6.618 0.4000000060
17264  21.708  -81.696  10.796 0.3000000119
17989  6.829  -81.977  33.406 0.4000000060
31786  18.136  -69.604  23.034 0.3000000119
32999  18.566  -67.674  24.601 0.3000000119
41339  22.062  -61.468  33.726 0.1000000015
380  22.767  -105.497  22.209 0.3000000119
210  23.482  -106.036  21.928 0.2000000030
212  14.586  -104.966  21.350 0.3000000119
402  13.934  -103.975  20.973 0.3000000119
111  21.615  -106.618  23.058 0.2000000030
36  23.110  -107.163  22.007 0.2000000030
22  22.146  -107.588  21.260 0.2000000030
104  17.371  -106.241  23.698 0.3000000119
32  17.445  -107.136  23.369 0.2000000030
3  18.553  -107.486  23.031 0.2000000030
4  17.531  -107.486  22.729 0.2000000030
49  16.535  -106.834  21.632 0.2000000030
117  15.526  -105.794  21.774 0.2000000030
126  16.023  -105.434  20.515 0.2000000030
211  15.387  -105.178  20.955 0.2000000030
229  15.083  -104.446  20.067 0.2000000030
659  13.635  -103.249  19.470 0.3000000119
37  22.481  -107.493  22.296 0.2000000030
132  16.172  -105.396  19.627 0.2000000030
658  14.337  -103.763  19.314 0.2000000030
60  16.425  -106.215  21.073 0.2000000030
9  19.759  -107.808  22.315 0.2000000030
46  21.023  -107.382  21.515 0.2000000030
15  21.515  -107.772  21.609 0.2000000030
1279  10.781  -101.509  19.552 0.3000000119
8760  20.152  -90.152  3.283 0.2000000030
11624  27.056  -87.492  8.166 0.5000000000
11648  27.440  -87.573  7.685 0.5000000000
11686  27.867  -87.876  5.381 0.5000000000
10596  26.918  -88.269  5.689 0.5000000000
10574  26.961  -88.152  6.377 0.5000000000
11667  27.437  -87.894  6.611 0.5000000000
11665  29.240  -87.026  5.825 0.4000000060
11685  28.727  -87.357  5.128 0.4000000060
11684  29.456  -86.812  4.956 0.4000000060
12818  30.196  -85.989  4.398 0.2000000030
13917  26.666  -85.926  8.322 0.4000000060
15069  27.376  -84.789  7.153 0.3000000119
13940  27.876  -85.334  7.673 0.4000000060
13916  27.518  -85.915  8.145 0.5000000000
12752  27.242  -86.833  8.368 0.5000000000
13915  28.235  -85.956  7.927 0.5000000000
12776  27.929  -87.035  7.850 0.5000000000
11647  28.049  -87.379  7.239 0.5000000000
12787  29.206  -86.762  6.556 0.5000000000
11666  28.519  -87.388  6.351 0.5000000000
11701  28.958  -87.040  4.164 0.4000000060
12785  30.617  -85.658  5.916 0.4000000060
12839  29.578  -86.206  3.538 0.2000000030
12819  29.671  -86.387  4.289 0.2000000030
14005  30.264  -85.573  3.608 0.2000000030
14004  30.988  -85.025  3.882 0.1000000015
15161  30.717  -84.714  3.163 0.2000000030
15173  31.635  -83.979  2.610 0.1000000015
16283  32.545  -83.259  2.681 0.1000000015
16282  33.312  -83.146  2.534 0.1000000015
14689  8.007  -84.434  31.368 0.4000000060
14688  9.193  -84.152  31.445 0.4000000060
13959  26.469  -85.053  7.246 0.3000000119
15096  27.727  -84.139  6.342 0.3000000119
15095  28.772  -84.134  6.707 0.3000000119
13939  28.785  -85.581  7.457 0.5000000000
13938  29.408  -85.482  7.087 0.5000000000
12774  29.460  -86.103  6.992 0.5000000000
15094  29.731  -84.228  6.699 0.4000000060
13958  30.105  -85.294  6.676 0.4000000060
16216  30.230  -83.479  6.292 0.3000000119
15124  31.474  -84.163  5.574 0.1000000015
12800  30.457  -85.908  5.190 0.3000000119
15162  30.155  -85.250  2.856 0.2000000030
16253  31.937  -83.361  4.524 0.1000000015
15144  31.658  -84.171  4.886 0.1000000015
14026  30.384  -85.889  1.830 0.2000000030
15175  30.009  -85.554  2.494 0.2000000030
15174  30.537  -85.075  2.273 0.2000000030
17405  32.724  -82.081  3.672 0.1000000015
16271  32.106  -83.094  3.591 0.1000000015
15160  31.469  -84.158  3.870 0.1000000015
10675  33.041  -88.526  0.920 0.1000000015
16284  32.148  -83.252  2.935 0.1000000015
15172  32.734  -83.905  2.267 0.1000000015
17416  33.777  -82.224  2.835 0.1000000015
9698  35.893  -89.412  0.793 0.1000000015
8788  35.431  -89.963  1.014 0.1000000015
9699  35.176  -89.509  0.621 0.1000000015
15171  33.621  -84.033  2.315 0.1000000015
15170  34.271  -83.858  2.761 0.1000000015
16252  34.803  -83.138  3.789 0.1000000015
16269  34.665  -82.719  3.111 0.1000000015
10697  36.441  -88.759  0.680 0.1000000015
15098  25.559  -84.737  6.155 0.2000000030
13960  25.827  -85.098  6.962 0.4000000060
15125  27.534  -83.867  5.793 0.3000000119
15097  26.601  -84.605  6.534 0.3000000119
16217  29.255  -83.428  6.236 0.3000000119
16214  31.382  -83.745  5.792 0.1000000015
16215  30.993  -83.604  6.121 0.3000000119
16236  31.685  -83.510  5.310 0.1000000015
17351  30.830  -82.741  5.849 0.3000000119
17350  31.354  -83.202  5.667 0.2000000030
17406  32.337  -82.472  3.987 0.1000000015
15178  31.382  -85.043  1.913 0.1000000015
15177  32.341  -84.723  1.997 0.1000000015
18531  33.200  -80.915  3.648 0.1000000015
12880  31.739  -86.664  1.432 0.1000000015
14024  32.095  -85.676  1.641 0.1000000015
17404  33.467  -81.657  3.264 0.1000000015
16270  32.497  -82.837  3.111 0.1000000015
12879  32.840  -86.620  1.485 0.1000000015
12878  34.056  -86.561  1.616 0.1000000015
14023  33.260  -85.438  1.830 0.1000000015
14016  33.530  -84.774  2.126 0.1000000015
15176  33.094  -84.554  2.073 0.1000000015
18539  34.106  -81.107  3.182 0.1000000015
17415  34.488  -81.930  3.038 0.1000000015
9700  34.363  -89.744  0.550 0.1000000015
10700  33.772  -88.946  0.586 0.1000000015
14022  33.951  -85.764  1.945 0.1000000015
14014  34.541  -85.893  2.424 0.1000000015
14015  34.130  -85.106  2.354 0.1000000015
14003  34.511  -84.613  3.186 0.1000000015
15143  34.656  -84.135  3.993 0.1000000015
16268  35.016  -82.322  3.690 0.1000000015
10698  35.606  -88.840  0.564 0.1000000015
13991  34.676  -85.107  3.854 0.1000000015
16235  34.844  -83.409  4.496 0.1000000015
16251  35.112  -82.540  4.425 0.1000000015
11757  36.807  -88.129  0.796 0.1000000015
16234  35.198  -83.185  5.441 0.1000000015
17349  35.799  -82.354  5.955 0.1000000015
13961  24.945  -85.149  6.558 0.3000000119
15126  27.074  -84.030  5.589 0.2000000030
16218  28.432  -83.635  6.140 0.3000000119
18470  30.350  -82.084  5.733 0.3000000119
17370  30.996  -81.859  5.578 0.2000000030
18492  32.068  -81.650  4.833 0.2000000030
18530  33.672  -80.952  3.356 0.1000000015
11760  34.268  -88.289  0.811 0.1000000015
11740  33.565  -87.776  1.173 0.1000000015
19607  33.738  -80.087  3.408 0.1000000015
17414  34.778  -81.442  3.185 0.1000000015
10699  34.746  -88.927  0.542 0.1000000015
11739  34.551  -87.532  1.177 0.1000000015
14002  34.852  -85.679  3.039 0.1000000015
15091  35.584  -83.773  5.996 0.1000000015
11759  35.123  -88.172  0.781 0.1000000015
11738  35.449  -87.406  1.287 0.1000000015
12877  34.801  -86.976  1.479 0.1000000015
11725  35.929  -87.176  1.781 0.1000000015
15163  24.066  -83.788  3.900 0.2000000030
17931  9.561  -80.927  36.269 0.4000000060
16273  25.051  -82.925  3.712 0.2000000030
15165  22.381  -83.661  3.879 0.3000000119
16276  22.061  -83.189  3.757 0.3000000119
20205  10.453  -79.070  35.030 0.4000000060
19062  10.065  -80.598  35.914 0.3000000119
20187  9.306  -79.660  35.987 0.4000000060
20185  10.529  -80.118  35.413 0.3000000119
19085  11.641  -80.205  34.809 0.2000000030
18522  20.687  -81.613  4.790 0.3000000119
20201  14.485  -79.119  34.796 0.1000000015
22311  13.128  -77.901  34.762 0.2000000030
21256  14.271  -78.456  35.287 0.1000000015
21217  13.877  -77.817  37.043 0.2000000030
15007  5.481  -84.653  11.180 0.1000000015
16095  6.464  -84.307  14.384 0.1000000015
18331  5.769  -81.800  13.409 0.3000000119
17202  5.734  -83.332  14.238 0.1000000015
18332  5.631  -82.045  12.769 0.1000000015
16096  5.955  -83.951  13.702 0.1000000015
16117  5.625  -83.549  12.307 0.1000000015
18281  6.119  -82.187  15.625 0.1000000015
19354  5.962  -80.721  16.393 0.1000000015
20433  6.100  -79.795  16.586 0.2000000030
20369  5.731  -79.029  20.738 0.1000000015
20389  5.598  -79.359  18.923 0.1000000015
21419  6.538  -78.370  21.581 0.1000000015
21440  5.777  -78.038  19.955 0.1000000015
22517  5.962  -77.465  20.362 0.2000000030
23508  18.119  -76.083  26.665 0.2000000030
22504  5.838  -77.727  20.764 0.1000000015
23627  6.893  -76.572  20.385 0.3000000119
23607  6.793  -76.538  21.769 0.1000000015
23618  6.498  -76.724  20.859 0.2000000030
23592  7.278  -76.608  22.807 0.1000000015
23617  7.019  -76.147  20.883 0.2000000030
24743  7.298  -75.458  21.723 0.2000000030
24710  8.419  -75.386  23.825 0.1000000015
24727  7.198  -75.470  22.961 0.1000000015
25909  8.579  -74.685  24.393 0.1000000015
24711  7.689  -75.201  23.917 0.2000000030
22248  22.012  -78.010  36.113 0.1000000015
22305  20.478  -78.234  34.665 0.2000000030
22322  21.013  -77.820  33.869 0.2000000030
28218  12.031  -72.086  23.435 0.1000000015
28219  10.974  -72.519  24.206 0.1000000015
27087  9.609  -74.016  24.506 0.2000000030
29375  11.297  -71.891  24.424 0.1000000015
28193  9.999  -72.659  25.280 0.1000000015
27088  8.791  -74.062  24.924 0.2000000030
23327  22.823  -77.174  36.944 0.1000000015
22303  22.216  -77.654  34.688 0.1000000015
23402  22.577  -77.156  33.780 0.1000000015
23438  21.981  -76.627  31.894 0.1000000015
30553  12.721  -70.544  24.950 0.1000000015
29176  26.194  -71.610  39.779 0.1000000015
29183  25.421  -71.674  39.033 0.1000000015
25665  25.545  -74.547  40.010 0.1000000015
25672  25.540  -74.125  39.488 0.1000000015
28037  25.815  -72.666  39.347 0.1000000015
28046  25.159  -72.676  38.692 0.1000000015
25673  25.035  -74.668  39.177 0.1000000015
25675  24.438  -74.841  38.146 0.1000000015
24464  23.485  -75.702  36.742 0.1000000015
25676  23.855  -74.720  37.225 0.1000000015
23340  23.067  -76.702  36.255 0.1000000015
24481  23.354  -75.756  35.603 0.1000000015
25681  23.488  -74.634  36.280 0.1000000015
23401  23.449  -76.436  33.821 0.1000000015
24519  24.054  -75.668  33.753 0.1000000015
23416  23.606  -76.302  33.220 0.1000000015
25727  24.341  -74.788  33.831 0.2000000030
30507  15.536  -70.531  26.948 0.1000000015
30530  14.277  -70.551  25.870 0.1000000015
30510  12.701  -69.885  26.876 0.2000000030
29186  24.199  -71.762  37.726 0.1000000015
28050  23.898  -72.705  37.322 0.1000000015
26900  23.368  -73.533  35.933 0.1000000015
25709  23.933  -74.428  34.515 0.2000000030
25708  24.333  -74.044  34.079 0.2000000030
29301  13.589  -70.638  28.411 0.3000000119
31704  13.401  -69.914  27.445 0.2000000030
28051  23.433  -72.633  36.518 0.1000000015
30492  13.914  -70.359  27.904 0.2000000030
30471  14.309  -70.886  28.554 0.2000000030
30491  14.933  -70.648  27.903 0.1000000015
30470  15.273  -71.030  29.059 0.1000000015
35348  20.305  -66.541  25.389 0.3000000119
35320  20.268  -65.836  26.572 0.3000000119
35321  19.531  -66.431  27.126 0.3000000119
36493  19.668  -65.535  27.529 0.4000000060
36506  21.260  -65.040  25.402 0.3000000119
36507  20.902  -65.385  25.977 0.3000000119
37696  20.990  -64.959  23.858 0.3000000119
38902  20.631  -64.129  25.220 0.3000000119
38865  15.981  -63.694  26.526 0.3000000119
40084  19.077  -63.500  30.982 0.2000000030
197  17.957  -105.606  23.445 0.2000000030
10  18.704  -107.547  22.280 0.2000000030
12  17.080  -107.408  22.436 0.2000000030
40  15.830  -106.553  22.407 0.3000000119
112  15.444  -106.133  22.357 0.3000000119
18303  5.854  -81.996  14.518 0.1000000015
24712  7.313  -74.886  23.703 0.2000000030
30473  12.559  -70.448  28.568 0.3000000119
24536  23.008  -76.374  32.222 0.1000000015
24518  24.394  -75.304  33.205 0.2000000030
26924  23.208  -72.806  34.735 0.1000000015
36492  20.355  -64.979  26.777 0.3000000119
30511  11.445  -70.345  26.733 0.2000000030
30532  12.126  -70.300  25.756 0.1000000015
15129  24.057  -84.721  5.103 0.2000000030
15130  23.124  -84.600  4.890 0.2000000030
16274  24.008  -83.077  3.720 0.3000000119
16258  21.138  -83.739  3.873 0.3000000119
25893  8.150  -74.224  24.929 0.2000000030
34178  19.095  -66.895  27.865 0.4000000060
23507  19.238  -75.839  27.007 0.1000000015
30446  16.855  -70.457  29.354 0.1000000015
40113  21.770  -63.088  28.832 0.1000000015
41409  20.889  -62.351  28.958 0.2000000030
30554  11.801  -70.869  24.938 0.1000000015
8808  33.941  -90.727  0.751 0.1000000015
20204  10.986  -79.534  34.841 0.2000000030
22321  21.882  -77.639  33.974 0.1000000015
22320  22.372  -77.423  34.267 0.1000000015
41408  22.036  -61.996  28.501 0.2000000030
38919  19.796  -63.948  24.140 0.3000000119
13584  8.375  -85.933  30.774 0.4000000060
34231  19.068  -66.744  25.604 0.3000000119
35335  20.044  -66.431  26.132 0.3000000119
26  17.379  -107.149  20.788 0.2000000030
13992  31.266  -84.848  4.626 0.2000000030
12775  28.608  -86.645  7.409 0.5000000000
13978  30.987  -85.313  5.304 0.2000000030
13957  31.039  -84.943  6.078 0.2000000030
16281  34.100  -82.968  2.570 0.1000000015
14704  7.988  -85.340  30.955 0.4000000060
17368  32.130  -82.012  4.861 0.1000000015
17227  5.583  -82.639  14.178 0.1000000015
17228  5.565  -82.836  13.306 0.1000000015
14987  6.123  -84.846  12.818 0.1000000015
21420  5.888  -78.368  21.291 0.1000000015
20368  6.119  -79.587  21.296 0.1000000015
20377  5.626  -79.030  19.807 0.1000000015
22491  6.184  -77.565  21.416 0.1000000015
22490  7.268  -77.438  21.965 0.1000000015
24726  7.856  -75.968  23.453 0.2000000030
25926  9.125  -75.094  23.832 0.1000000015
22304  21.467  -77.979  34.618 0.1000000015
23359  22.576  -77.412  35.515 0.1000000015
28217  12.528  -71.975  23.235 0.1000000015
29374  11.830  -71.619  24.066 0.1000000015
28238  10.997  -73.171  23.686 0.1000000015
27086  10.493  -73.497  24.046 0.1000000015
24452  23.928  -75.795  37.784 0.1000000015
24451  24.209  -75.550  38.315 0.1000000015
23358  23.043  -76.728  35.338 0.1000000015
23384  23.235  -76.530  34.658 0.1000000015
23417  22.892  -76.694  32.762 0.1000000015
29329  13.908  -70.828  25.022 0.1000000015
30335  26.178  -70.501  40.077 0.1000000015
26892  25.448  -73.590  39.102 0.1000000015
26893  24.858  -73.707  38.410 0.1000000015
26896  24.234  -73.720  37.621 0.1000000015
24501  23.667  -75.575  34.651 0.1000000015
25692  23.522  -74.523  35.339 0.1000000015
30508  14.631  -70.428  26.894 0.1000000015
30509  13.777  -69.980  26.750 0.2000000030
28047  24.523  -72.712  38.019 0.1000000015
26897  23.629  -73.653  36.845 0.1000000015
26908  23.254  -73.339  35.041 0.1000000015
35334  20.725  -66.099  25.689 0.3000000119
163  24.932  -105.638  14.919 0.2000000030
164  24.348  -106.031  15.059 0.2000000030
147  24.946  -106.047  16.603 0.2000000030
7813  18.556  -92.368  3.178 0.1000000015
7829  19.136  -91.796  2.639 0.1000000015
8799  19.912  -90.408  0.934 0.1000000015
8778  19.289  -91.097  1.424 0.1000000015
1947  20.773  -99.187  40.798 0.1000000015
10661  18.199  -88.532  1.768 0.1000000015
10660  20.227  -88.948  2.194 0.1000000015
8777  20.098  -90.264  2.008 0.1000000015
7845  18.396  -91.912  1.556 0.1000000015
1936  22.276  -99.471  41.274 0.1000000015
2405  22.526  -98.508  42.089 0.1000000015
1937  21.321  -99.625  41.847 0.1000000015
1481  20.816  -99.855  42.277 0.1000000015
670  12.909  -103.009  18.438 0.2000000030
1292  11.297  -101.819  18.457 0.2000000030
1736  10.391  -100.978  17.827 0.2000000030
1737  9.969  -100.309  17.372 0.2000000030
2224  8.925  -98.749  16.772 0.1000000015
11268  7.263  -87.480  31.083 0.2000000030
14690  6.956  -84.448  31.981 0.3000000119
13585  7.657  -85.963  30.814 0.2000000030
12427  7.973  -86.710  30.593 0.2000000030
13570  7.465  -85.339  31.241 0.2000000030
12402  7.100  -86.361  32.031 0.2000000030
12387  7.006  -86.513  33.118 0.2000000030
12414  7.277  -86.953  31.678 0.2000000030
11258  7.525  -87.546  32.045 0.2000000030
14675  6.469  -84.497  33.101 0.3000000119
15774  6.409  -83.567  33.782 0.2000000030
15786  6.520  -83.441  32.847 0.3000000119
15800  7.584  -83.541  31.837 0.3000000119
15765  6.829  -83.570  34.579 0.2000000030
12375  7.057  -86.401  34.440 0.2000000030
13557  6.758  -85.513  32.523 0.2000000030
13545  6.723  -85.468  33.590 0.2000000030
14655  7.229  -84.508  34.459 0.2000000030
13536  7.061  -85.399  34.309 0.2000000030
14665  6.573  -84.528  34.038 0.2000000030
16857  9.080  -81.938  36.120 0.2000000030
16858  8.018  -82.386  35.737 0.2000000030
15744  7.784  -83.111  35.341 0.2000000030
17951  9.876  -81.364  36.102 0.2000000030
16839  8.121  -81.688  36.049 0.3000000119
17950  10.786  -81.358  35.766 0.1000000015
22205  19.808  -76.884  41.133 0.1000000015
23299  20.297  -75.842  40.913 0.1000000015
24375  21.478  -75.550  42.397 0.1000000015
24917  18.912  -76.163  8.970 0.2000000030
23330  18.277  -75.311  37.864 0.1000000015
27263  19.437  -73.861  10.660 0.2000000030
27299  20.439  -74.360  8.859 0.2000000030
26111  21.834  -75.020  8.331 0.2000000030
26112  20.857  -75.184  8.454 0.2000000030
24934  21.742  -75.706  8.853 0.2000000030
28407  24.099  -72.694  10.057 0.2000000030
28421  25.175  -72.291  9.262 0.2000000030
27275  22.583  -73.487  9.520 0.2000000030
27262  20.422  -73.524  10.668 0.2000000030
28436  26.228  -72.394  8.531 0.2000000030
27274  23.498  -73.362  9.456 0.2000000030
27297  22.092  -74.186  8.835 0.2000000030
27276  21.663  -73.523  9.541 0.2000000030
27294  24.801  -73.390  8.732 0.2000000030
27296  23.035  -74.123  8.792 0.2000000030
27314  25.993  -73.333  8.056 0.2000000030
27316  24.494  -74.168  8.398 0.2000000030
26126  22.522  -75.138  8.402 0.2000000030
27241  21.115  -73.273  11.763 0.2000000030
29562  26.796  -71.272  9.075 0.2000000030
29563  26.048  -71.562  9.138 0.2000000030
29576  27.247  -72.149  8.630 0.2000000030
33157  27.636  -68.253  11.087 0.2000000030
33159  26.320  -68.941  10.678 0.2000000030
31944  25.456  -69.348  11.065 0.2000000030
31945  24.309  -69.392  11.701 0.2000000030
34343  27.455  -67.422  11.679 0.2000000030
31959  26.244  -69.598  10.217 0.2000000030
29543  24.420  -71.233  11.016 0.2000000030
29533  22.054  -71.073  12.201 0.2000000030
31971  27.429  -69.993  9.807 0.2000000030
31973  26.690  -69.719  9.855 0.2000000030
28389  24.240  -71.767  10.946 0.2000000030
27240  22.101  -73.100  11.671 0.2000000030
29552  25.053  -71.437  10.049 0.2000000030
34355  26.940  -67.946  11.110 0.2000000030
33144  26.033  -68.303  11.366 0.2000000030
35456  27.611  -66.034  13.127 0.2000000030
33145  24.689  -68.221  12.025 0.2000000030
30717  23.096  -70.524  11.941 0.2000000030
31946  23.488  -69.472  12.046 0.2000000030
29534  21.174  -70.980  12.433 0.2000000030
30709  19.840  -70.526  13.809 0.2000000030
35463  27.310  -66.302  12.382 0.2000000030
35476  25.751  -66.911  12.277 0.2000000030
31947  23.084  -69.510  12.276 0.2000000030
30718  22.636  -70.276  12.039 0.2000000030
37841  25.633  -64.307  13.202 0.2000000030
35466  24.892  -65.837  13.011 0.2000000030
35457  24.397  -66.079  13.607 0.2000000030
33124  23.811  -68.068  13.221 0.2000000030
31899  23.712  -69.585  13.871 0.2000000030
37828  26.403  -64.087  13.646 0.2000000030
36659  25.476  -65.191  12.839 0.2000000030
34346  24.838  -67.629  12.286 0.2000000030
34335  24.090  -67.670  12.666 0.2000000030
36649  25.126  -64.736  13.214 0.2000000030
36650  24.638  -65.028  13.539 0.2000000030
34325  24.156  -67.162  13.602 0.2000000030
29499  21.788  -71.318  15.713 0.2000000030
33123  24.266  -68.059  13.922 0.2000000030
30678  24.253  -70.080  15.453 0.2000000030
29485  22.055  -71.606  16.566 0.2000000030
33114  24.545  -68.254  14.958 0.2000000030
31883  24.482  -69.220  15.299 0.2000000030
34319  24.356  -67.206  14.721 0.2000000030
29484  23.048  -71.360  16.793 0.2000000030
33102  24.466  -68.476  16.083 0.2000000030
30665  24.106  -70.429  16.235 0.2000000030
30650  23.563  -70.865  17.445 0.2000000030
35429  24.108  -66.674  16.611 0.2000000030
31856  23.855  -70.279  17.867 0.2000000030
29457  22.704  -71.463  18.719 0.2000000030
29441  21.786  -71.663  19.740 0.2000000030
31871  24.373  -69.530  16.422 0.2000000030
29440  22.437  -71.400  19.360 0.2000000030
29425  20.409  -71.872  20.571 0.2000000030
31855  24.187  -69.352  17.743 0.2000000030
31839  23.892  -69.960  18.637 0.2000000030
33061  24.375  -68.513  18.447 0.2000000030
30620  22.350  -70.995  20.130 0.2000000030
31824  23.877  -69.435  19.655 0.2000000030
30618  23.415  -70.425  19.210 0.2000000030
29406  20.475  -71.121  21.257 0.2000000030
30595  19.960  -70.678  21.615 0.2000000030
30607  21.988  -70.756  20.669 0.2000000030
30594  20.643  -70.531  21.548 0.2000000030
31809  23.608  -69.233  20.162 0.2000000030
31811  22.120  -69.566  20.948 0.2000000030
31797  21.257  -69.458  21.664 0.2000000030
31785  19.347  -69.665  22.686 0.2000000030
30579  20.328  -70.158  21.852 0.2000000030
33044  22.706  -68.677  20.729 0.2000000030
33024  21.262  -68.822  22.039 0.2000000030
33014  19.882  -68.676  23.560 0.2000000030
32998  19.828  -68.026  24.239 0.2000000030
33045  22.118  -68.701  20.981 0.2000000030
33033  21.693  -68.736  21.333 0.2000000030
33025  20.997  -68.903  22.503 0.2000000030
34244  20.763  -67.414  23.984 0.2000000030
34255  21.163  -67.745  22.790 0.2000000030
35347  21.031  -66.342  24.580 0.2000000030
36518  21.235  -65.397  24.336 0.2000000030
37699  18.034  -64.062  22.709 0.2000000030
40181  17.522  -62.866  25.091 0.2000000030
37754  17.699  -63.954  20.878 0.2000000030
38947  16.807  -63.055  22.714 0.2000000030
38906  17.200  -62.894  24.553 0.2000000030
40248  19.610  -62.271  21.594 0.2000000030
38992  17.679  -63.004  21.106 0.2000000030
40229  16.411  -62.367  22.987 0.2000000030
38908  15.156  -63.049  25.158 0.2000000030
41555  18.275  -61.963  21.071 0.2000000030
38971  16.811  -62.733  22.207 0.2000000030
40228  20.562  -62.442  22.474 0.1000000015
41495  15.446  -61.468  24.117 0.2000000030
41535  19.109  -61.414  21.713 0.2000000030
41538  17.201  -61.611  22.117 0.2000000030
42754  17.846  -60.659  21.974 0.2000000030
42742  17.226  -60.590  22.466 0.1000000015
42752  19.032  -60.679  22.170 0.2000000030
43976  17.238  -59.975  22.613 0.1000000015
42726  15.822  -60.420  23.804 0.1000000015
43975  17.748  -59.711  22.474 0.1000000015
45130  18.559  -58.271  22.583 0.1000000015
46297  17.134  -58.074  23.940 0.1000000015
46327  19.158  -57.007  22.035 0.1000000015
46296  17.669  -57.435  23.517 0.1000000015
48799  19.581  -55.482  22.461 0.1000000015
48813  19.016  -55.376  22.278 0.1000000015
47563  18.589  -56.091  22.488 0.1000000015
47528  16.920  -56.296  24.329 0.1000000015
49964  18.716  -54.355  22.621 0.1000000015
49951  17.731  -54.400  23.797 0.1000000015
49936  16.816  -54.421  24.514 0.1000000015
48812  19.251  -55.444  22.290 0.1000000015
49972  19.207  -54.431  22.271 0.1000000015
49938  14.920  -54.460  25.533 0.1000000015
51170  18.678  -53.513  22.315 0.1000000015
48764  17.349  -55.372  24.088 0.1000000015
48765  16.347  -55.384  24.650 0.1000000015
49937  15.774  -54.435  25.008 0.1000000015
51152  15.185  -53.513  25.284 0.1000000015
51150  17.253  -53.487  24.265 0.1000000015
26114  19.136  -75.224  9.031 0.2000000030
26081  18.718  -74.240  10.209 0.2000000030
27242  20.191  -73.562  11.923 0.2000000030
28354  20.797  -71.763  12.843 0.2000000030
21500  6.352  -79.326  17.102 0.2000000030
28373  21.446  -72.174  12.597 0.2000000030
38907  16.120  -62.892  24.794 0.2000000030
40183  15.562  -62.693  24.633 0.2000000030
40204  15.740  -62.286  24.051 0.2000000030
46279  16.660  -57.433  24.356 0.1000000015
11269  7.238  -86.971  30.945 0.2000000030
29472  21.382  -71.658  17.248 0.2000000030
38921  17.936  -63.502  23.450 0.2000000030
38946  17.481  -63.770  22.524 0.2000000030
30720  20.851  -70.572  12.761 0.2000000030
31915  23.392  -69.182  13.155 0.2000000030
30693  23.006  -70.584  14.330 0.2000000030
29498  22.602  -71.422  15.906 0.2000000030
29471  22.355  -71.646  17.591 0.2000000030
36533  20.616  -66.025  22.632 0.2000000030
1946  21.833  -99.569  40.522 0.1000000015
13571  7.119  -85.830  31.510 0.2000000030
27278  19.867  -73.921  9.508 0.2000000030
27259  23.213  -73.043  10.399 0.2000000030
27260  22.280  -73.196  10.508 0.2000000030
30737  25.145  -70.794  10.461 0.2000000030
28371  23.265  -71.803  11.874 0.2000000030
35464  26.527  -66.163  12.270 0.2000000030
36647  27.245  -65.140  12.932 0.2000000030
31931  23.418  -69.194  12.436 0.2000000030
37851  26.594  -64.871  12.731 0.2000000030
31898  24.253  -69.140  14.128 0.2000000030
34306  24.277  -67.711  16.987 0.2000000030
30634  23.414  -70.881  18.406 0.2000000030
33054  24.393  -68.674  19.377 0.2000000030
31825  23.219  -70.169  19.870 0.2000000030
31784  20.582  -69.486  22.310 0.2000000030
34272  23.179  -67.775  20.740 0.2000000030
31771  19.958  -69.204  23.031 0.2000000030
34257  21.335  -68.096  22.199 0.2000000030
32997  20.575  -68.188  23.585 0.2000000030
40272  18.404  -62.909  20.746 0.2000000030
38970  17.236  -63.389  21.734 0.2000000030
40249  18.733  -62.431  21.017 0.1000000015
41534  19.465  -61.696  21.847 0.1000000015
40251  17.254  -62.432  21.651 0.2000000030
41537  17.706  -61.691  21.540 0.2000000030
41519  16.013  -61.522  23.493 0.2000000030
41518  16.511  -61.510  22.897 0.2000000030
42753  18.540  -60.623  22.062 0.2000000030
42755  17.495  -61.138  21.958 0.1000000015
43987  18.131  -60.161  22.246 0.1000000015
42725  16.490  -60.670  23.133 0.1000000015
43960  16.813  -59.659  23.124 0.1000000015
43974  18.587  -59.466  22.423 0.1000000015
45131  17.897  -58.406  22.920 0.1000000015
45115  17.300  -58.588  23.444 0.1000000015
46329  18.680  -56.737  22.282 0.1000000015
46328  18.830  -56.993  22.115 0.1000000015
46278  17.341  -56.879  24.075 0.1000000015
47546  17.645  -56.298  23.662 0.1000000015
47564  18.228  -56.407  22.861 0.1000000015
46314  18.433  -57.269  22.585 0.1000000015
47578  18.804  -56.209  22.235 0.1000000015
49973  18.943  -54.367  22.320 0.1000000015
48783  18.620  -54.877  22.862 0.1000000015
51159  18.423  -53.697  22.771 0.1000000015
1058  24.888  -102.155  4.788 0.1000000015
502  23.974  -103.916  9.895 0.1000000015
1410  25.076  -100.962  7.300 0.1000000015
745  24.268  -103.512  9.516 0.1000000015
747  23.374  -103.645  10.232 0.1000000015
165  23.779  -106.132  14.757 0.1000000015
166  23.373  -106.160  14.995 0.1000000015
176  23.580  -105.652  13.568 0.1000000015
259  23.120  -105.706  14.678 0.1000000015
445  23.796  -104.276  15.603 0.1000000015
280  23.832  -104.926  12.027 0.1000000015
484  23.417  -104.534  12.826 0.1000000015
473  23.186  -104.769  13.691 0.1000000015
460  23.646  -104.128  14.488 0.1000000015
709  24.050  -103.683  14.802 0.1000000015
284  23.501  -104.389  11.552 0.1000000015
716  24.451  -103.015  14.058 0.1000000015
494  23.429  -103.965  11.756 0.1000000015
708  24.500  -103.055  14.612 0.1000000015
743  23.316  -103.578  10.806 0.1000000015
738  23.420  -103.252  11.455 0.1000000015
1346  25.041  -101.154  13.606 0.1000000015
1836  23.647  -100.667  8.331 0.1000000015
1823  23.155  -100.602  8.917 0.1000000015
1392  23.592  -101.363  9.331 0.1000000015
1032  23.711  -102.636  9.472 0.1000000015
746  23.665  -103.466  9.732 0.1000000015
1025  23.332  -102.584  10.749 0.1000000015
1033  23.262  -102.471  10.042 0.1000000015
1015  23.469  -102.238  11.289 0.1000000015
84  24.112  -106.639  16.627 0.1000000015
91  23.167  -106.384  16.027 0.1000000015
149  23.253  -106.254  16.479 0.1000000015
446  23.294  -105.041  15.746 0.1000000015
717  24.097  -103.426  13.815 0.1000000015
727  23.990  -103.097  12.936 0.1000000015
990  24.663  -102.443  13.799 0.1000000015
1002  24.232  -102.303  12.681 0.1000000015
1014  23.809  -102.064  11.874 0.1000000015
1394  22.395  -100.598  9.904 0.1000000015
1383  23.065  -100.968  10.358 0.1000000015
1372  24.183  -101.381  12.023 0.1000000015
1779  25.173  -100.269  13.510 0.1000000015
12612  32.417  -87.023  17.973 0.1000000015
1373  23.572  -101.254  11.338 0.1000000015
216  24.661  -106.010  20.428 0.1000000015
61  23.952  -106.635  19.443 0.1000000015
78  23.779  -106.548  17.704 0.1000000015
69  24.127  -106.636  18.419 0.1000000015
70  23.590  -106.480  18.993 0.1000000015
79  23.552  -106.358  18.054 0.1000000015
245  23.298  -105.615  16.639 0.1000000015
238  23.381  -105.639  18.017 0.1000000015
435  23.613  -104.745  16.596 0.1000000015
232  23.146  -105.204  19.251 0.1000000015
233  22.523  -105.448  19.841 0.1000000015
423  23.558  -104.716  17.945 0.1000000015
675  23.837  -104.043  18.012 0.1000000015
1001  24.639  -101.764  13.089 0.1000000015
434  23.946  -104.276  16.533 0.1000000015
9403  31.442  -88.732  16.893 0.1000000015
9412  31.391  -88.908  16.446 0.2000000030
1800  24.457  -100.624  12.122 0.1000000015
11476  31.753  -87.704  17.675 0.1000000015
9411  31.879  -89.610  16.045 0.2000000030
1802  23.206  -100.222  11.023 0.1000000015
1787  24.857  -100.528  12.772 0.1000000015
1815  22.516  -99.880  10.589 0.1000000015
12599  33.275  -87.498  18.144 0.1000000015
4351  36.642  -95.375  25.097 0.1000000015
209  24.056  -105.826  21.280 0.1000000015
4350  37.340  -94.910  24.814 0.1000000015
5093  35.404  -94.777  25.665 0.1000000015
115  24.044  -106.562  20.776 0.1000000015
5091  37.531  -94.466  25.104 0.1000000015
5844  37.053  -93.793  25.414 0.1000000015
51  23.721  -106.740  20.367 0.1000000015
13  22.674  -107.743  21.589 0.1000000015
5842  38.070  -93.737  24.731 0.1000000015
6660  36.619  -92.878  25.239 0.1000000015
62  23.324  -106.698  20.134 0.1000000015
53  22.693  -107.132  20.799 0.1000000015
6670  37.509  -92.763  24.759 0.1000000015
71  23.312  -106.292  19.214 0.1000000015
6681  38.595  -92.730  23.562 0.1000000015
135  23.352  -105.970  18.784 0.1000000015
225  21.827  -105.510  20.359 0.1000000015
7549  38.585  -91.428  22.627 0.2000000030
8473  38.983  -90.862  21.221 0.2000000030
1336  25.179  -101.592  14.603 0.1000000015
8490  38.119  -90.781  20.908 0.2000000030
2286  24.608  -99.547  12.046 0.1000000015
6745  36.535  -92.633  19.382 0.2000000030
2287  23.687  -99.380  11.325 0.1000000015
6721  36.356  -92.106  20.096 0.2000000030
10396  35.684  -88.655  17.531 0.1000000015
11473  34.761  -88.149  17.670 0.1000000015
4333  32.679  -95.674  26.966 0.1000000015
9277  32.095  -89.857  30.765 0.1000000015
5846  35.021  -93.731  25.419 0.1000000015
6672  34.267  -92.006  24.741 0.1000000015
54  21.907  -107.004  20.898 0.1000000015
7514  36.535  -92.384  25.077 0.1000000015
7527  35.786  -91.519  24.883 0.1000000015
72  22.816  -106.276  19.910 0.1000000015
122  21.290  -106.230  20.885 0.1000000015
6686  38.549  -92.159  23.101 0.2000000030
7524  37.985  -92.031  23.953 0.1000000015
8455  35.197  -90.622  24.670 0.1000000015
7541  37.804  -90.872  23.766 0.2000000030
8454  36.211  -90.593  24.534 0.1000000015
129  22.208  -106.278  20.321 0.1000000015
8464  38.203  -90.438  23.213 0.2000000030
8474  38.356  -90.309  21.580 0.2000000030
9402  31.803  -89.372  17.193 0.2000000030
8532  32.298  -90.568  16.540 0.2000000030
7557  36.811  -91.127  21.102 0.2000000030
9353  37.719  -89.290  21.945 0.2000000030
9422  31.096  -89.099  15.729 0.2000000030
5940  34.339  -93.371  18.461 0.2000000030
6722  35.381  -92.132  20.371 0.2000000030
7572  36.237  -91.569  20.786 0.2000000030
2288  22.815  -99.176  10.922 0.1000000015
11471  37.062  -88.442  17.540 0.1000000015
5081  32.240  -94.906  26.653 0.1000000015
5059  31.767  -93.930  28.019 0.1000000015
5082  31.560  -94.072  26.678 0.1000000015
8426  32.100  -90.927  29.477 0.1000000015
6630  32.169  -92.270  28.940 0.1000000015
5832  31.428  -93.444  27.487 0.1000000015
5097  31.436  -93.745  26.107 0.1000000015
5858  33.004  -93.005  24.827 0.1000000015
10234  31.938  -89.384  31.325 0.1000000015
9299  31.985  -90.156  30.027 0.1000000015
7486  31.648  -91.515  28.487 0.1000000015
6665  30.624  -92.123  25.399 0.1000000015
6664  30.975  -92.551  25.202 0.1000000015
6674  32.491  -92.271  24.604 0.1000000015
10226  31.757  -89.143  31.588 0.1000000015
6673  33.606  -92.340  24.701 0.1000000015
10227  31.333  -88.439  31.765 0.1000000015
10235  31.787  -88.718  30.915 0.1000000015
7529  33.936  -91.439  24.636 0.1000000015
123  20.214  -106.059  21.206 0.1000000015
8456  34.369  -90.777  24.634 0.1000000015
8453  37.250  -90.409  24.177 0.2000000030
9335  34.331  -89.741  24.516 0.2000000030
9333  36.581  -89.508  24.236 0.2000000030
8465  37.793  -90.081  23.663 0.2000000030
10295  36.047  -88.645  24.171 0.2000000030
9352  38.245  -89.413  22.302 0.2000000030
10294  36.966  -88.627  23.852 0.2000000030
10296  34.911  -88.610  24.303 0.2000000030
10314  38.118  -88.805  22.798 0.2000000030
11341  36.476  -87.948  23.849 0.2000000030
10315  37.674  -88.215  22.729 0.2000000030
11364  36.976  -87.627  23.480 0.2000000030
10430  30.951  -88.513  16.206 0.2000000030
7574  34.209  -91.035  21.109 0.2000000030
6723  34.301  -91.993  20.518 0.2000000030
7558  36.148  -90.868  21.372 0.2000000030
7559  35.096  -90.556  21.592 0.2000000030
7573  35.224  -91.455  21.074 0.2000000030
9354  36.797  -89.015  22.016 0.2000000030
12613  31.492  -86.795  17.349 0.1000000015
10415  30.752  -88.036  16.365 0.2000000030
12608  38.990  -86.849  17.343 0.1000000015
11470  37.962  -87.671  17.404 0.1000000015
9434  30.887  -89.718  15.040 0.2000000030
7497  31.017  -91.576  27.767 0.1000000015
6645  30.820  -92.472  27.070 0.1000000015
6653  30.797  -92.766  26.451 0.1000000015
8427  31.674  -90.632  28.954 0.1000000015
7498  30.455  -91.563  27.060 0.1000000015
7506  30.328  -91.675  26.446 0.1000000015
6675  31.446  -92.331  24.809 0.1000000015
9300  31.553  -89.612  29.546 0.1000000015
9310  30.787  -89.661  28.543 0.1000000015
8438  30.456  -90.538  27.662 0.1000000015
7517  30.271  -91.496  25.787 0.1000000015
7532  30.749  -91.360  24.871 0.1000000015
7531  31.882  -91.399  24.473 0.1000000015
124  19.106  -105.867  20.719 0.1000000015
11255  30.624  -87.463  32.307 0.1000000015
9278  31.723  -89.196  30.349 0.1000000015
10250  31.401  -88.607  30.079 0.1000000015
8458  32.446  -90.465  24.458 0.1000000015
56  19.469  -106.647  21.259 0.1000000015
9336  33.040  -89.543  24.523 0.2000000030
10298  32.406  -88.496  24.569 0.1000000015
47  19.858  -107.248  21.656 0.1000000015
10297  33.649  -88.551  24.399 0.2000000030
10330  37.307  -88.294  22.248 0.2000000030
9311  30.094  -89.222  28.246 0.1000000015
8439  29.844  -89.827  27.429 0.1000000015
8449  30.047  -90.371  25.557 0.1000000015
8459  31.386  -90.417  24.531 0.1000000015
11291  31.367  -88.064  30.438 0.1000000015
9329  29.862  -89.372  25.501 0.1000000015
10300  30.643  -89.029  24.932 0.1000000015
57  18.391  -106.788  20.458 0.1000000015
18  18.805  -107.251  21.536 0.1000000015
13772  32.022  -86.380  17.511 0.1000000015
9423  30.289  -89.098  15.360 0.2000000030
10276  29.443  -88.646  26.500 0.1000000015
17  19.535  -107.630  21.978 0.1000000015
125  18.558  -106.218  20.216 0.1000000015
58  17.527  -106.909  20.228 0.1000000015
12611  33.357  -86.799  17.776 0.1000000015
9435  29.961  -89.698  15.019 0.2000000030
11  17.702  -107.478  22.143 0.1000000015
131  18.261  -106.116  19.685 0.1000000015
66  17.563  -106.391  19.359 0.1000000015
137  17.964  -105.791  18.832 0.1000000015
12610  34.218  -86.912  17.365 0.1000000015
10431  30.388  -88.326  15.791 0.2000000030
11494  30.522  -87.415  16.049 0.1000000015
16255  26.502  -83.194  4.256 0.1000000015
15146  25.761  -84.075  4.583 0.1000000015
15099  25.019  -84.830  5.994 0.1000000015
17372  28.592  -82.491  5.182 0.1000000015
15145  26.541  -83.925  4.874 0.1000000015
16237  28.647  -83.165  5.755 0.1000000015
19  18.066  -107.414  21.570 0.1000000015
145  15.871  -105.263  17.304 0.1000000015
74  17.274  -105.911  18.658 0.1000000015
81  17.053  -105.769  17.912 0.1000000015
88  16.889  -105.703  17.249 0.1000000015
11491  35.680  -87.911  16.838 0.1000000015
11515  29.867  -87.575  15.158 0.2000000030
19597  26.901  -80.623  4.342 0.1000000015
17390  26.380  -82.051  3.959 0.1000000015
16256  25.425  -83.462  3.995 0.1000000015
15128  25.052  -84.701  5.327 0.1000000015
17388  28.094  -82.103  4.646 0.1000000015
17389  27.342  -82.241  4.357 0.1000000015
18496  28.559  -81.745  4.740 0.1000000015
19577  29.105  -80.958  4.752 0.1000000015
19576  29.616  -80.736  4.907 0.1000000015
18471  29.787  -81.960  5.585 0.1000000015
18494  30.259  -81.319  5.382 0.2000000030
19593  31.071  -79.817  4.594 0.1000000015
18512  31.773  -80.301  4.633 0.1000000015
59  16.938  -106.835  20.605 0.1000000015
83  16.364  -105.503  17.885 0.1000000015
10394  37.604  -88.586  16.891 0.1000000015
20599  27.743  -79.316  5.964 0.1000000015
20612  26.436  -80.225  5.294 0.1000000015
18517  25.249  -81.256  4.358 0.2000000030
17408  24.717  -82.378  3.832 0.1000000015
12648  30.435  -86.888  15.625 0.1000000015
20621  27.458  -79.912  4.627 0.1000000015
20622  26.693  -80.328  4.785 0.1000000015
18516  26.456  -81.219  4.069 0.1000000015
17407  25.537  -82.221  3.819 0.1000000015
16257  24.657  -83.503  3.856 0.1000000015
21649  28.726  -78.894  4.936 0.1000000015
21650  27.943  -79.305  4.846 0.1000000015
19596  27.758  -80.461  4.387 0.1000000015
20619  29.303  -79.235  4.682 0.1000000015
20618  30.405  -78.894  4.484 0.1000000015
21647  30.994  -77.971  4.457 0.1000000015
67  17.124  -106.392  19.539 0.1000000015
76  16.753  -105.799  18.713 0.1000000015
426  15.080  -104.547  17.969 0.1000000015
427  14.430  -104.332  17.477 0.1000000015
681  13.598  -103.782  17.416 0.1000000015
19535  26.109  -80.671  6.703 0.2000000030
18449  27.675  -80.743  7.376 0.2000000030
19559  25.190  -80.496  5.995 0.2000000030
19580  24.290  -81.023  5.308 0.2000000030
12631  30.853  -86.615  16.303 0.1000000015
20600  26.859  -79.942  5.712 0.2000000030
19558  26.338  -80.144  6.156 0.2000000030
20613  25.726  -80.400  5.393 0.2000000030
19600  24.503  -81.136  4.841 0.2000000030
18519  23.904  -81.618  4.434 0.2000000030
21630  28.477  -78.772  5.794 0.1000000015
20598  28.483  -78.924  6.262 0.1000000015
21641  28.184  -79.022  5.321 0.1000000015
21648  29.819  -78.054  4.933 0.1000000015
21639  29.618  -77.937  5.727 0.1000000015
410  15.255  -104.553  19.324 0.1000000015
669  13.862  -103.524  18.509 0.1000000015
671  12.139  -103.086  17.883 0.1000000015
1307  11.221  -101.962  17.269 0.1000000015
18450  26.718  -81.090  7.331 0.2000000030
18425  27.563  -81.497  7.915 0.2000000030
18426  26.645  -81.789  7.957 0.2000000030
19508  28.850  -80.207  7.701 0.1000000015
17411  22.548  -82.633  3.877 0.2000000030
19531  29.137  -79.658  7.461 0.1000000015
20584  28.966  -79.069  6.854 0.1000000015
21629  29.096  -78.418  6.180 0.1000000015
1308  10.753  -101.440  17.641 0.1000000015
1309  10.387  -101.030  17.218 0.1000000015
1318  11.268  -101.879  16.714 0.1000000015
1320  10.339  -100.757  16.720 0.1000000015
16172  27.276  -83.286  9.488 0.2000000030
17296  26.603  -83.010  9.003 0.2000000030
16171  27.791  -82.933  9.366 0.2000000030
18427  26.091  -82.089  8.128 0.2000000030
18451  25.423  -81.540  7.422 0.2000000030
17294  28.375  -82.297  9.193 0.2000000030
17312  27.457  -82.114  8.473 0.2000000030
18472  24.408  -81.132  6.442 0.2000000030
18424  28.667  -81.124  8.303 0.2000000030
19560  23.947  -81.076  5.710 0.2000000030
19601  23.504  -81.308  4.871 0.2000000030
19602  22.473  -81.320  4.907 0.2000000030
17392  21.461  -82.244  4.224 0.2000000030
17413  21.054  -82.793  3.887 0.2000000030
16151  27.220  -83.953  10.322 0.2000000030
16173  26.484  -83.533  9.564 0.2000000030
17331  25.071  -82.282  8.052 0.2000000030
18452  24.015  -81.666  7.023 0.2000000030
19582  22.209  -81.228  5.265 0.2000000030
18521  21.766  -81.598  4.666 0.2000000030
16128  27.486  -84.277  11.518 0.2000000030
17314  25.676  -82.695  8.590 0.2000000030
17315  24.713  -82.715  8.446 0.2000000030
18473  23.467  -81.326  6.237 0.2000000030
18453  22.978  -81.849  6.739 0.2000000030
19562  21.892  -81.251  5.724 0.2000000030
16152  26.082  -84.102  10.216 0.2000000030
16189  25.052  -83.164  8.965 0.2000000030
17333  23.383  -82.366  7.474 0.2000000030
15019  26.533  -84.517  11.131 0.2000000030
16175  24.628  -83.561  9.609 0.2000000030
17316  23.794  -82.813  8.268 0.2000000030
16191  23.235  -83.343  8.872 0.2000000030
17317  22.737  -83.014  8.073 0.2000000030
14995  26.767  -84.531  12.083 0.2000000030
16153  25.083  -84.066  10.224 0.2000000030
15021  24.571  -84.316  11.049 0.2000000030
16154  24.139  -83.959  10.345 0.2000000030
15022  23.709  -84.155  11.085 0.2000000030
16177  22.673  -83.553  9.606 0.2000000030
16155  23.143  -83.835  10.498 0.2000000030
18348  22.968  -81.201  11.877 0.2000000030
18368  23.202  -80.706  11.698 0.2000000030
19438  23.627  -80.291  11.812 0.1000000015
20508  23.712  -79.557  12.132 0.1000000015
18319  24.193  -81.657  13.315 0.1000000015
18346  24.244  -81.197  12.706 0.1000000015
19348  25.918  -80.368  16.772 0.1000000015
18293  24.442  -82.032  13.956 0.2000000030
19395  24.665  -81.314  13.946 0.1000000015
19420  24.782  -80.936  13.112 0.1000000015
19437  24.468  -80.398  12.328 0.1000000015
21567  24.279  -78.906  12.588 0.2000000030
19370  25.304  -80.446  15.509 0.1000000015
20446  25.624  -79.338  15.090 0.1000000015
19394  25.355  -80.336  14.001 0.1000000015
20467  26.141  -79.286  14.049 0.1000000015
19419  25.400  -80.274  12.717 0.1000000015
20487  26.241  -79.806  13.024 0.2000000030
20506  25.898  -79.449  12.050 0.2000000030
20184  15.188  -78.907  35.935 0.1000000015
21216  14.684  -78.485  36.721 0.1000000015
19333  5.740  -80.758  17.296 0.1000000015
19334  5.462  -80.694  18.245 0.1000000015
20410  5.787  -79.717  17.793 0.1000000015
30531  13.299  -70.333  25.698 0.1000000015
499  23.673  -104.264  10.847 0.1000000015
282  24.044  -104.521  11.304 0.1000000015
19061  11.102  -80.555  35.378 0.1000000015
20166  15.586  -79.061  36.859 0.1000000015
134  24.828  -106.432  18.143 0.1000000015
148  24.415  -106.483  16.614 0.1000000015
174  24.146  -105.602  13.156 0.1000000015
171  24.281  -105.736  13.809 0.1000000015
1037  24.193  -102.366  9.103 0.1000000015
1402  24.402  -101.441  8.706 0.1000000015
1835  24.522  -100.870  7.857 0.1000000015
1419  25.466  -101.105  6.409 0.1000000015
1719  10.237  -100.757  18.623 0.1000000015
7571  37.378  -91.489  20.483 0.2000000030
5919  34.042  -93.074  19.181 0.2000000030
5847  33.761  -93.565  25.160 0.1000000015
19604  20.876  -81.189  5.231 0.2000000030
17334  22.204  -82.397  7.268 0.2000000030
16192  22.320  -83.352  8.812 0.2000000030
20507  24.806  -79.516  12.261 0.2000000030
42  23.537  -107.035  21.046 0.1000000015
17352  29.841  -82.664  5.924 0.2000000030
17373  27.868  -82.693  4.787 0.1000000015
15147  24.689  -84.169  4.308 0.1000000015
17410  23.341  -82.636  3.836 0.2000000030
18534  24.374  -81.946  4.105 0.2000000030
93  23.603  -106.441  15.387 0.1000000015
173  23.395  -105.720  13.971 0.1000000015
157  23.002  -106.053  15.663 0.1000000015
277  23.526  -105.362  12.940 0.1000000015
461  23.147  -104.874  14.612 0.1000000015
472  23.431  -104.267  13.706 0.1000000015
493  23.488  -103.732  12.196 0.1000000015
483  23.614  -103.699  12.922 0.1000000015
737  23.705  -102.966  12.160 0.1000000015
1393  22.925  -100.812  9.808 0.1000000015
1801  23.970  -100.435  11.569 0.1000000015
141  23.343  -106.184  17.665 0.1000000015
5092  36.455  -94.724  25.431 0.1000000015
5845  36.109  -93.807  25.488 0.1000000015
7516  35.434  -92.172  25.080 0.1000000015
6663  33.909  -92.900  24.879 0.1000000015
7525  37.659  -91.769  24.210 0.1000000015
6631  31.479  -92.434  28.048 0.1000000015
8437  31.243  -90.906  28.230 0.1000000015
7530  32.983  -91.413  24.488 0.1000000015
8457  33.518  -90.554  24.549 0.1000000015
9332  37.167  -89.366  23.926 0.2000000030
9348  36.468  -88.677  22.109 0.2000000030
8444  30.060  -90.898  26.506 0.1000000015
8450  29.754  -90.278  26.225 0.1000000015
16254  27.366  -83.075  4.649 0.1000000015
18495  29.247  -81.585  5.067 0.1000000015
18514  28.063  -81.322  4.443 0.1000000015
19595  28.826  -80.379  4.582 0.1000000015
19575  30.457  -80.503  4.963 0.1000000015
21646  31.949  -77.848  3.979 0.1000000015
19592  32.067  -79.635  4.303 0.1000000015
20611  27.337  -79.691  5.193 0.1000000015
19533  27.777  -79.922  6.782 0.2000000030
19598  26.019  -80.861  4.286 0.1000000015
20620  28.299  -79.615  4.596 0.1000000015
19579  25.137  -80.689  5.156 0.2000000030
22675  30.317  -77.528  5.226 0.1000000015
17295  27.379  -82.715  8.969 0.2000000030
19507  29.508  -80.134  8.197 0.1000000015
545  26.077  -102.870  32.100 0.1000000015
537  25.220  -103.097  33.066 0.1000000015
806  24.723  -102.598  33.378 0.1000000015
797  23.249  -102.351  34.663 0.1000000015
530  23.222  -103.107  34.335 0.1000000015
1984  23.132  -99.712  36.017 0.1000000015
814  27.156  -102.151  32.042 0.1000000015
804  26.438  -102.286  32.444 0.1000000015
1161  28.694  -101.066  31.041 0.1000000015
805  25.719  -102.430  32.880 0.1000000015
1142  26.885  -101.425  32.511 0.1000000015
14974  26.885  -84.381  12.771 0.1000000015
16107  27.406  -84.272  12.426 0.1000000015
7619  9.867  -92.334  16.517 0.1000000015
6000  8.409  -93.662  16.148 0.1000000015
18268  28.547  -81.886  15.806 0.1000000015
17186  27.397  -83.018  14.861 0.1000000015
16051  27.832  -83.423  14.114 0.1000000015
17185  28.462  -82.972  14.353 0.1000000015
16077  28.472  -83.382  13.568 0.1000000015
17212  29.141  -82.832  13.547 0.1000000015
16105  28.882  -83.242  12.903 0.1000000015
16127  28.255  -83.742  10.937 0.1000000015
17279  28.760  -82.884  10.391 0.1000000015
18402  28.919  -81.649  9.093 0.1000000015
7610  10.310  -91.901  16.989 0.1000000015
17163  27.969  -82.462  15.372 0.1000000015
18250  29.016  -81.339  16.201 0.1000000015
16079  26.347  -83.917  13.719 0.1000000015
14975  26.220  -84.477  12.685 0.1000000015
17162  28.869  -82.290  15.048 0.1000000015
14997  24.947  -84.498  11.882 0.1000000015
18292  29.954  -81.960  14.177 0.1000000015
17262  28.866  -83.152  11.533 0.1000000015
18318  29.952  -82.073  12.841 0.1000000015
17261  29.426  -82.349  11.011 0.1000000015
18345  29.949  -81.955  11.724 0.1000000015
17278  29.210  -82.134  9.928 0.1000000015
18423  29.407  -80.798  8.718 0.1000000015
10369  12.598  -89.002  20.038 0.1000000015
9387  12.112  -89.905  19.274 0.1000000015
7611  9.725  -91.828  16.631 0.1000000015
9397  11.861  -90.420  18.825 0.1000000015
5968  10.548  -93.464  17.591 0.1000000015
16053  25.936  -83.501  14.341 0.1000000015
14954  25.200  -84.100  13.334 0.1000000015
18269  27.625  -81.890  16.062 0.1000000015
18367  29.918  -81.721  10.908 0.1000000015
18401  29.544  -81.303  9.431 0.1000000015
18383  30.182  -81.300  10.238 0.1000000015
18400  30.105  -81.107  9.755 0.1000000015
8530  8.543  -90.477  16.729 0.1000000015
8529  9.524  -91.038  16.826 0.1000000015
8528  10.526  -90.941  17.459 0.1000000015
18252  27.312  -81.349  16.593 0.1000000015
18253  26.460  -81.372  16.479 0.1000000015
17164  26.837  -82.334  15.724 0.1000000015
17188  25.451  -82.932  14.778 0.1000000015
16054  25.214  -83.336  14.159 0.1000000015
14977  24.389  -84.187  12.682 0.1000000015
14978  23.590  -83.933  12.366 0.1000000015
9406  9.875  -90.407  17.357 0.1000000015
9399  10.246  -89.837  17.872 0.1000000015
8519  11.074  -90.545  17.999 0.1000000015
19327  27.470  -80.010  17.498 0.1000000015
18254  25.622  -81.391  16.090 0.1000000015
16081  24.560  -83.553  13.506 0.1000000015
16082  23.702  -83.026  13.132 0.1000000015
17189  24.768  -82.685  14.241 0.1000000015
18271  25.048  -81.596  15.326 0.1000000015
20251  13.851  -79.439  29.680 0.1000000015
19147  15.333  -80.182  30.085 0.1000000015
18048  13.521  -81.331  30.195 0.1000000015
19161  11.349  -80.499  29.279 0.1000000015
18061  11.435  -81.636  28.489 0.1000000015
19172  10.100  -80.669  28.221 0.1000000015
20253  11.586  -79.358  29.422 0.1000000015
19150  12.114  -80.376  29.689 0.1000000015
21297  14.590  -78.672  28.985 0.1000000015
20252  12.766  -79.433  29.607 0.1000000015
21323  15.371  -77.902  27.962 0.1000000015
20250  14.958  -79.425  29.643 0.1000000015
19162  10.636  -80.466  28.776 0.1000000015
22385  15.812  -77.282  27.241 0.1000000015
18081  10.107  -81.357  27.537 0.1000000015
20286  8.602  -79.817  27.940 0.1000000015
18083  8.443  -80.780  26.964 0.1000000015
21299  12.522  -78.612  29.058 0.1000000015
21298  13.511  -78.732  29.022 0.1000000015
21344  14.517  -77.799  27.435 0.1000000015
22408  15.185  -77.245  26.873 0.1000000015
22407  16.266  -76.664  26.597 0.1000000015
20274  9.030  -79.250  28.442 0.1000000015
20287  7.953  -79.198  27.550 0.1000000015
19190  7.503  -80.079  26.073 0.1000000015
19204  7.987  -80.708  25.916 0.1000000015
20273  10.409  -79.257  28.983 0.1000000015
19163  9.892  -80.002  28.498 0.1000000015
21345  13.694  -77.877  27.511 0.1000000015
21325  13.175  -78.222  28.290 0.1000000015
21326  12.279  -78.038  28.327 0.1000000015
22410  13.291  -77.439  26.932 0.1000000015
19205  7.270  -80.478  25.024 0.1000000015
18121  7.575  -81.240  24.765 0.1000000015
18146  7.074  -81.135  23.960 0.1000000015
21301  11.254  -78.199  28.930 0.1000000015
21330  8.860  -78.136  28.123 0.1000000015
22411  12.472  -77.191  27.126 0.1000000015
20275  8.396  -78.652  28.030 0.1000000015
22432  12.539  -76.894  26.731 0.1000000015
27009  23.392  -73.541  26.810 0.1000000015
20295  7.138  -79.362  25.341 0.1000000015
21371  6.777  -78.843  24.898 0.1000000015
22387  11.068  -77.522  28.223 0.1000000015
22412  11.649  -77.352  27.747 0.1000000015
6787  10.739  -92.562  17.475 0.1000000015
539  23.859  -103.293  33.547 0.1000000015
538  24.483  -103.172  33.348 0.1000000015
514  22.648  -102.093  36.020 0.1000000015
15023  23.166  -83.960  11.151 0.1000000015
17215  23.516  -82.124  12.936 0.1000000015
17214  24.172  -82.541  13.542 0.1000000015
1126  23.490  -101.746  34.260 0.1000000015
790  22.969  -102.064  35.266 0.1000000015
1526  23.124  -100.648  35.812 0.1000000015
7605  32.387  -91.569  17.428 0.1000000015
6768  32.966  -92.636  18.366 0.1000000015
8524  32.122  -90.510  17.840 0.1000000015
7595  32.379  -91.327  18.455 0.1000000015
6749  32.607  -91.800  18.931 0.1000000015
6748  33.211  -92.295  19.476 0.1000000015
10398  32.097  -88.608  17.900 0.1000000015
8503  32.908  -90.533  19.491 0.1000000015
6724  33.592  -91.544  20.415 0.1000000015
9382  33.485  -89.654  19.425 0.1000000015
9383  32.905  -90.138  18.995 0.1000000015
8492  33.782  -90.302  21.063 0.1000000015
7560  34.454  -90.521  21.421 0.1000000015
8477  35.258  -89.719  21.916 0.1000000015
12538  37.009  -87.058  22.881 0.1000000015
11342  35.510  -87.755  23.988 0.1000000015
10365  33.889  -89.020  20.115 0.1000000015
9369  33.754  -89.496  20.651 0.1000000015
9357  34.151  -89.198  21.386 0.1000000015
10332  35.568  -88.183  22.065 0.1000000015
11402  36.738  -87.452  22.276 0.1000000015
12539  36.433  -86.543  22.668 0.1000000015
12523  36.484  -86.638  23.144 0.1000000015
11343  34.234  -87.479  23.976 0.1000000015
12524  35.567  -86.249  23.369 0.1000000015
11366  35.089  -86.849  23.713 0.1000000015
12504  33.312  -86.411  23.912 0.1000000015
10185  7.791  -88.106  34.370 0.1000000015
10175  7.115  -87.890  35.304 0.1000000015
12352  7.065  -86.561  36.604 0.1000000015
12333  7.439  -86.318  37.299 0.1000000015
11235  7.366  -87.639  34.367 0.1000000015
11246  7.511  -87.519  33.435 0.1000000015
13507  8.360  -86.100  36.874 0.1000000015
12363  7.345  -86.469  35.567 0.1000000015
11236  6.951  -87.325  34.744 0.1000000015
12386  7.365  -87.065  32.722 0.1000000015
13491  9.095  -85.663  37.485 0.1000000015
12350  8.895  -86.185  36.373 0.1000000015
12374  7.667  -86.151  34.649 0.1000000015
12349  9.967  -86.209  36.153 0.1000000015
12362  8.247  -86.344  35.472 0.1000000015
12348  10.996  -86.025  36.190 0.1000000015
12361  9.359  -86.022  35.301 0.1000000015
13521  10.152  -85.607  35.131 0.1000000015
12372  9.017  -85.658  34.807 0.1000000015
13535  7.813  -85.312  34.452 0.1000000015
13520  10.841  -85.501  35.307 0.1000000015
13533  9.553  -85.269  34.768 0.1000000015
13534  8.654  -85.229  34.572 0.1000000015
13532  10.503  -85.047  34.886 0.1000000015
14653  9.010  -84.452  34.689 0.1000000015
14651  10.966  -84.232  34.905 0.1000000015
14652  9.987  -84.368  34.792 0.1000000015
15764  7.521  -83.737  34.826 0.1000000015
15761  10.400  -83.488  35.134 0.1000000015
26038  26.338  -74.136  13.978 0.1000000015
26027  25.997  -74.057  15.079 0.1000000015
15762  9.380  -83.642  35.103 0.1000000015
24913  23.601  -75.676  9.730 0.1000000015
27239  26.397  -73.190  12.544 0.1000000015
24892  27.274  -75.149  11.355 0.1000000015
23757  27.482  -76.555  10.502 0.1000000015
23788  26.029  -76.195  9.117 0.1000000015
29509  26.303  -71.641  14.589 0.1000000015
27219  26.276  -73.241  13.574 0.1000000015
24877  26.984  -75.115  12.037 0.1000000015
23773  27.121  -76.389  9.546 0.1000000015
29483  26.335  -71.529  16.266 0.1000000015
27205  26.070  -73.226  14.496 0.1000000015
28322  26.005  -72.392  15.836 0.1000000015
27181  25.854  -73.311  16.059 0.1000000015
24825  26.054  -75.221  15.244 0.1000000015
15742  9.780  -82.840  35.590 0.1000000015
15741  10.760  -82.732  35.413 0.1000000015
24931  24.593  -75.655  8.893 0.1000000015
24932  23.698  -75.669  8.976 0.1000000015
24928  27.173  -75.441  8.803 0.1000000015
23794  26.267  -75.700  8.471 0.1000000015
24910  27.340  -75.558  9.729 0.1000000015
28353  26.328  -72.416  13.127 0.1000000015
30648  27.388  -70.429  17.181 0.1000000015
29455  27.400  -71.552  18.173 0.1000000015
29469  26.496  -71.682  17.012 0.1000000015
28316  26.155  -72.467  16.905 0.1000000015
28303  26.275  -73.021  17.397 0.1000000015
26014  25.795  -74.355  16.146 0.1000000015
24807  25.747  -75.494  16.294 0.1000000015
22585  26.441  -77.150  14.614 0.1000000015
21527  26.685  -78.289  14.109 0.1000000015
26109  27.390  -74.587  8.979 0.1000000015
24946  23.872  -75.308  8.560 0.1000000015
28370  26.493  -72.421  12.460 0.1000000015
26094  27.252  -74.554  9.995 0.1000000015
26123  25.130  -74.673  8.059 0.1000000015
31882  27.629  -69.857  15.202 0.1000000015
30690  26.677  -70.932  14.318 0.1000000015
29519  26.477  -71.530  13.586 0.1000000015
33073  29.557  -68.686  17.178 0.1000000015
31854  28.068  -69.654  16.979 0.1000000015
30663  26.790  -70.479  15.962 0.1000000015
30646  28.774  -69.653  17.786 0.1000000015
30632  27.824  -70.681  18.105 0.1000000015
31837  29.699  -69.651  18.435 0.1000000015
30631  28.858  -70.206  18.404 0.1000000015
28302  26.718  -72.481  17.856 0.1000000015
26006  25.973  -74.501  17.145 0.1000000015
20466  26.845  -79.121  13.317 0.1000000015
27272  27.128  -73.392  10.205 0.1000000015
27293  27.419  -73.538  9.215 0.1000000015
27313  26.663  -73.300  8.016 0.1000000015
30689  27.091  -70.443  14.148 0.1000000015
30703  27.356  -70.232  13.683 0.1000000015
28387  26.992  -71.967  11.106 0.1000000015
33087  30.042  -68.002  17.086 0.1000000015
31881  28.448  -69.343  15.478 0.1000000015
31896  28.273  -69.486  14.453 0.1000000015
34293  30.273  -67.705  18.233 0.1000000015
31851  30.012  -69.065  18.205 0.1000000015
28419  27.414  -72.429  9.567 0.1000000015
30715  27.362  -70.352  12.865 0.1000000015
30735  27.647  -70.357  10.719 0.1000000015
33088  29.598  -68.285  16.614 0.1000000015
33101  29.322  -68.292  15.516 0.1000000015
31913  27.868  -69.732  13.542 0.1000000015
31930  27.999  -69.600  12.524 0.1000000015
30726  27.577  -70.350  11.780 0.1000000015
35401  30.121  -67.113  19.063 0.1000000015
33113  29.267  -68.325  14.917 0.1000000015
30748  27.585  -70.459  9.809 0.1000000015
34294  29.952  -67.338  17.753 0.1000000015
33132  28.650  -68.201  12.929 0.1000000015
31943  27.994  -69.517  11.432 0.1000000015
35412  29.918  -67.051  18.332 0.1000000015
31912  28.680  -69.003  13.507 0.1000000015
34311  29.306  -67.677  16.047 0.1000000015
33141  28.282  -68.138  11.933 0.1000000015
31956  27.978  -68.617  10.928 0.1000000015
35391  29.892  -66.480  19.842 0.1000000015
35413  29.460  -66.662  17.824 0.1000000015
35425  29.204  -66.936  16.752 0.1000000015
34323  29.014  -67.896  14.322 0.1000000015
35446  28.067  -67.024  14.380 0.1000000015
35455  28.021  -66.787  13.409 0.1000000015
37747  29.243  -64.998  20.693 0.1000000015
36579  29.309  -65.709  19.751 0.1000000015
36592  29.149  -65.850  18.704 0.1000000015
35426  28.364  -66.621  16.607 0.1000000015
35439  28.248  -67.139  15.489 0.1000000015
36560  29.893  -65.730  20.739 0.1000000015
35441  26.894  -65.878  14.833 0.1000000015
37727  29.153  -64.333  21.280 0.1000000015
36580  28.846  -65.242  19.306 0.1000000015
36603  28.090  -65.694  17.647 0.1000000015
35428  26.986  -66.229  15.630 0.1000000015
38939  30.960  -63.632  22.376 0.1000000015
38940  30.042  -63.731  22.348 0.1000000015
35448  27.016  -65.418  14.130 0.1000000015
21349  8.102  -78.039  27.474 0.1000000015
22389  9.480  -77.583  28.066 0.1000000015
38964  28.742  -63.523  21.494 0.1000000015
37748  28.696  -64.316  20.592 0.1000000015
37768  28.375  -64.458  19.537 0.1000000015
36604  27.139  -65.618  17.318 0.1000000015
36627  26.380  -64.937  14.647 0.1000000015
36605  26.304  -65.413  16.908 0.1000000015
36606  25.733  -64.971  16.386 0.1000000015
37819  26.302  -64.062  14.188 0.1000000015
37830  24.211  -64.173  14.157 0.1000000015
36639  24.074  -65.178  14.267 0.1000000015
38987  28.156  -63.423  20.408 0.1000000015
37782  27.789  -64.558  18.570 0.1000000015
37797  27.353  -65.023  17.921 0.1000000015
39016  27.276  -63.765  18.715 0.1000000015
37784  26.323  -64.115  17.933 0.1000000015
37811  25.503  -63.661  15.413 0.1000000015
39057  25.619  -63.123  14.039 0.1000000015
39058  24.742  -63.246  13.955 0.1000000015
40224  28.888  -62.619  22.364 0.1000000015
39004  27.656  -63.493  19.366 0.1000000015
39028  25.390  -63.804  16.969 0.1000000015
39037  25.355  -62.815  15.173 0.1000000015
40330  25.170  -62.332  14.842 0.1000000015
40342  24.961  -62.542  14.433 0.1000000015
35449  24.133  -66.079  14.622 0.1000000015
35442  24.121  -66.424  15.632 0.1000000015
37831  23.612  -63.858  14.697 0.1000000015
35443  23.665  -65.534  15.589 0.1000000015
36629  23.207  -64.719  15.537 0.1000000015
36619  23.175  -65.086  16.299 0.1000000015
40332  23.534  -62.345  15.217 0.1000000015
35415  24.236  -66.623  17.676 0.1000000015
35430  23.651  -65.844  16.415 0.1000000015
22237  20.723  -77.389  37.750 0.1000000015
34295  24.398  -67.642  18.085 0.1000000015
34285  24.616  -67.804  18.972 0.1000000015
37785  24.123  -64.755  18.494 0.1000000015
22224  22.459  -77.159  38.173 0.1000000015
21239  19.720  -78.289  35.676 0.1000000015
35297  25.078  -66.140  27.229 0.1000000015
35392  24.742  -67.174  19.587 0.1000000015
34271  24.050  -67.705  20.458 0.1000000015
36581  24.940  -66.022  19.665 0.1000000015
35378  24.508  -66.821  20.341 0.1000000015
34261  21.506  -68.041  21.562 0.1000000015
35355  21.027  -66.648  23.213 0.1000000015
34258  21.166  -67.430  21.737 0.1000000015
36479  24.548  -65.647  27.756 0.1000000015
37749  24.604  -65.063  20.492 0.1000000015
35365  24.177  -66.236  20.892 0.1000000015
35379  23.712  -66.922  20.728 0.1000000015
38988  24.370  -63.827  20.303 0.1000000015
38965  24.310  -64.268  21.214 0.1000000015
35380  22.800  -66.740  20.933 0.1000000015
35381  21.759  -66.786  20.808 0.1000000015
35368  20.494  -67.049  21.031 0.1000000015
36545  24.399  -65.603  20.932 0.1000000015
36547  22.985  -65.821  21.266 0.1000000015
40246  24.302  -63.179  21.228 0.1000000015
37729  23.625  -64.766  21.675 0.1000000015
36562  22.202  -66.183  20.963 0.1000000015
35382  20.929  -66.753  20.553 0.1000000015
36534  19.743  -65.772  22.079 0.1000000015
37731  21.598  -64.763  21.315 0.1000000015
37751  20.012  -64.893  20.137 0.1000000015
36549  19.307  -65.795  21.235 0.1000000015
38969  19.367  -63.295  20.823 0.1000000015
36566  18.508  -64.792  20.554 0.1000000015
37716  18.154  -64.655  22.182 0.1000000015
37698  18.704  -64.274  22.937 0.1000000015
24915  21.542  -75.875  9.885 0.1000000015
35317  25.594  -66.626  26.584 0.1000000015
10174  7.855  -88.280  35.611 0.1000000015
22278  20.545  -78.331  35.279 0.1000000015
37697  20.090  -64.594  23.365 0.1000000015
11247  7.056  -86.936  33.946 0.1000000015
28434  27.385  -72.627  8.743 0.1000000015
34331  28.247  -67.392  12.653 0.1000000015
37820  25.787  -63.358  14.533 0.1000000015
34273  22.035  -67.801  20.995 0.1000000015
38990  18.649  -63.376  20.558 0.1000000015
36536  18.118  -64.968  21.415 0.1000000015
38968  20.280  -63.386  21.414 0.1000000015
35358  20.552  -66.649  21.938 0.1000000015
9394  32.623  -89.606  18.394 0.1000000015
8514  32.519  -90.570  18.767 0.1000000015
7586  32.650  -91.315  19.248 0.1000000015
12364  6.762  -86.817  35.696 0.1000000015
27258  26.603  -73.520  11.597 0.1000000015
24945  24.801  -75.300  8.415 0.1000000015
26137  26.857  -74.602  8.070 0.1000000015
28405  26.822  -73.035  10.949 0.1000000015
29531  26.667  -71.764  12.533 0.1000000015
31869  28.560  -69.292  16.428 0.1000000015
35402  29.647  -66.475  18.906 0.1000000015
34324  28.579  -67.572  13.724 0.1000000015
35438  28.826  -67.226  16.074 0.1000000015
36602  28.857  -65.935  17.993 0.1000000015
36615  27.617  -66.189  16.861 0.1000000015
36593  28.563  -65.250  18.594 0.1000000015
36617  26.297  -65.572  15.755 0.1000000015
40222  30.636  -62.891  22.727 0.1000000015
37799  25.799  -64.474  17.236 0.1000000015
39059  23.983  -63.389  14.430 0.1000000015
36607  23.995  -65.720  17.656 0.1000000015
35403  24.688  -66.826  18.727 0.1000000015
37769  24.531  -64.725  19.374 0.1000000015
22249  21.019  -78.093  36.672 0.1000000015
34274  21.444  -67.206  20.826 0.1000000015
39006  24.077  -63.851  19.460 0.1000000015
37728  24.267  -65.079  21.201 0.1000000015
38966  23.970  -63.684  22.027 0.1000000015
35369  19.772  -66.469  21.040 0.1000000015
37730  22.624  -65.004  21.718 0.1000000015
37713  22.359  -64.378  22.079 0.1000000015
36563  21.436  -65.876  20.601 0.1000000015
36564  20.401  -65.847  20.298 0.1000000015
35383  20.100  -66.451  20.515 0.1000000015
37715  19.178  -64.996  22.430 0.1000000015
38967  21.082  -63.894  21.544 0.1000000015
37750  20.828  -65.154  20.464 0.1000000015
38944  21.807  -63.763  22.243 0.1000000015
37752  19.106  -64.317  20.322 0.1000000015
36565  19.391  -65.565  20.497 0.1000000015
37732  20.583  -64.383  20.879 0.1000000015
36550  18.590  -65.275  20.972 0.1000000015
0  21.250  -107.819  22.788 0.3000000119
5  17.022  -107.437  22.750 0.2000000030
6  21.987  -107.919  22.336 0.3000000119
14  22.230  -107.924  21.821 0.2000000030
16  20.476  -107.873  21.930 0.3000000119
20  17.247  -107.268  21.534 0.1000000015
21  22.661  -107.553  21.349 0.1000000015
23  21.813  -107.531  21.266 0.2000000030
24  18.247  -107.237  21.099 0.1000000015
25  17.793  -107.243  20.900 0.1000000015
27  21.913  -107.369  22.848 0.2000000030
28  21.291  -107.479  23.041 0.3000000119
29  20.600  -107.276  23.251 0.3000000119
34  15.542  -106.570  22.982 0.4000000060
35  15.325  -106.305  23.141 0.4000000060
38  21.728  -107.745  22.647 0.3000000119
39  16.621  -107.138  22.219 0.2000000030
43  23.026  -107.434  21.582 0.1000000015
44  22.649  -107.745  21.832 0.1000000015
45  21.587  -107.463  21.345 0.2000000030
48  19.052  -106.991  21.323 0.1000000015
50  16.128  -106.400  21.792 0.3000000119
52  23.154  -107.144  20.893 0.1000000015
55  20.636  -106.803  21.301 0.1000000015
63  22.961  -106.601  20.100 0.1000000015
64  22.699  -106.478  20.157 0.1000000015
65  17.919  -106.320  19.371 0.1000000015
68  16.580  -105.975  19.800 0.1000000015
73  17.546  -105.908  18.742 0.1000000015
75  17.037  -105.986  18.693 0.1000000015
77  24.249  -106.608  17.335 0.1000000015
80  17.301  -105.727  18.128 0.1000000015
82  16.751  -105.676  17.735 0.1000000015
85  23.838  -106.577  16.705 0.1000000015
86  23.501  -106.391  16.864 0.1000000015
87  17.057  -105.715  17.351 0.1000000015
89  24.023  -106.568  15.921 0.1000000015
90  23.510  -106.520  16.000 0.1000000015
92  24.024  -106.313  15.141 0.1000000015
94  23.399  -106.421  15.570 0.1000000015
95  16.793  -105.632  23.833 0.3000000119
96  16.370  -105.872  23.860 0.6999999881
97  15.761  -105.989  23.714 0.5000000000
98  15.304  -106.058  23.403 0.4000000060
99  21.652  -107.032  23.068 0.3000000119
102  19.329  -106.459  23.460 0.3000000119
103  18.412  -106.216  23.523 0.3000000119
107  14.998  -106.034  23.069 0.4000000060
108  14.366  -105.759  22.838 0.4000000060
109  22.985  -106.601  22.286 0.2000000030
110  22.146  -106.730  22.810 0.2000000030
113  14.951  -105.908  22.584 0.4000000060
114  14.261  -105.712  22.682 0.4000000060
116  23.515  -106.727  21.584 0.2000000030
119  14.212  -105.645  22.470 0.4000000060
120  24.972  -106.134  19.844 0.2000000030
121  24.490  -106.503  19.859 0.1000000015
127  25.250  -106.148  19.094 0.2000000030
130  18.604  -105.774  20.019 0.1000000015
136  22.791  -105.914  19.733 0.1000000015
138  16.091  -105.330  18.624 0.1000000015
140  24.769  -106.375  17.256 0.1000000015
143  17.207  -105.684  17.549 0.1000000015
144  16.303  -105.500  17.182 0.1000000015
146  15.439  -105.012  17.067 0.1000000015
151  17.189  -105.677  16.805 0.1000000015
155  25.045  -105.657  15.619 0.2000000030
156  24.523  -106.229  15.964 0.1000000015
172  23.633  -105.877  14.036 0.1000000015
175  23.830  -105.676  13.322 0.1000000015
177  23.074  -104.386  28.730 0.3000000119
178  22.713  -104.241  28.936 0.4000000060
181  22.923  -104.297  28.229 0.4000000060
182  22.657  -104.179  28.723 0.4000000060
183  24.025  -104.281  27.694 0.4000000060
184  23.481  -104.291  27.796 0.4000000060
185  23.155  -104.234  27.605 0.5000000000
186  23.899  -104.373  27.369 0.4000000060
187  23.466  -104.247  27.217 0.5000000000
188  23.086  -104.007  27.227 0.5000000000
189  16.768  -105.332  23.789 0.6000000238
190  16.313  -105.124  23.840 0.6999999881
193  13.974  -105.193  23.422 0.6999999881
198  17.183  -105.468  23.683 0.6000000238
200  14.545  -105.740  23.189 0.5000000000
202  13.382  -105.189  23.075 0.8000000119
203  23.036  -105.831  22.192 0.3000000119
205  21.453  -105.887  22.971 0.3000000119
208  13.090  -105.091  22.780 0.6000000238
213  13.831  -105.246  22.123 0.6000000238
214  13.382  -105.226  22.506 0.6000000238
217  20.854  -105.617  20.851 0.1000000015
220  15.554  -105.030  20.414 0.2000000030
221  15.124  -104.747  20.521 0.2000000030
222  26.317  -104.671  18.630 0.5000000000
224  22.320  -105.022  19.903 0.1000000015
228  15.575  -104.811  19.606 0.1000000015
230  26.279  -104.971  18.309 0.5000000000
235  15.545  -104.817  18.530 0.1000000015
240  15.550  -104.927  17.675 0.1000000015
244  25.606  -105.174  16.536 0.3000000119
250  23.076  -105.524  15.424 0.1000000015
255  27.896  -104.679  14.286 0.5000000000
265  27.196  -104.675  13.879 0.5000000000
267  25.036  -105.308  13.659 0.3000000119
268  24.621  -105.503  13.435 0.1000000015
269  23.215  -105.250  13.742 0.1000000015
273  25.802  -104.644  13.229 0.2000000030
281  23.613  -104.627  11.910 0.1000000015
283  23.665  -104.493  11.457 0.1000000015
285  14.798  -104.370  35.427 0.2000000030
287  14.029  -103.913  35.947 0.2000000030
288  14.805  -104.512  34.772 0.2000000030
292  22.355  -103.484  33.883 0.2000000030
295  14.367  -104.559  34.282 0.2000000030
297  24.718  -103.351  33.107 0.2000000030
299  23.418  -103.673  33.301 0.1000000015
300  22.633  -103.753  33.163 0.2000000030
301  22.269  -103.620  32.814 0.2000000030
302  14.911  -104.549  33.537 0.2000000030
303  14.002  -104.578  33.461 0.2000000030
305  13.102  -103.887  32.928 0.3000000119
306  24.818  -103.455  32.741 0.2000000030
309  22.583  -103.813  32.247 0.2000000030
311  15.627  -104.130  32.163 0.2000000030
312  15.228  -104.376  32.486 0.2000000030
314  13.755  -104.444  32.470 0.2000000030
315  13.100  -104.013  32.340 0.3000000119
316  23.893  -103.792  31.594 0.2000000030
318  22.825  -104.112  31.434 0.3000000119
319  22.378  -103.691  31.456 0.3000000119
320  15.783  -103.954  31.945 0.2000000030
325  23.783  -103.855  30.987 0.3000000119
328  22.428  -103.775  30.341 0.3000000119
329  15.858  -103.700  30.218 0.2000000030
330  15.203  -104.077  30.685 0.3000000119
332  13.657  -104.141  30.894 0.4000000060
333  23.727  -104.072  28.761 0.3000000119
334  23.386  -104.154  29.257 0.3000000119
336  22.567  -104.057  29.515 0.4000000060
338  15.679  -103.717  29.935 0.2000000030
341  23.609  -104.210  28.312 0.3000000119
342  22.678  -103.978  28.357 0.5000000000
343  22.523  -104.034  28.992 0.5000000000
344  25.024  -103.761  27.099 0.5000000000
346  24.122  -104.098  28.066 0.4000000060
348  25.933  -103.713  25.960 0.5000000000
349  25.012  -103.931  26.477 0.4000000060
351  23.586  -104.122  26.776 0.5000000000
352  23.238  -103.927  27.009 0.5000000000
353  27.150  -103.718  25.021 0.5000000000
357  23.827  -103.916  26.335 0.5000000000
359  27.034  -103.492  24.633 0.5000000000
362  25.240  -103.524  25.317 0.5000000000
363  16.109  -104.733  23.698 0.6999999881
367  13.130  -104.410  23.608 0.8999999762
368  27.032  -103.393  24.434 0.5000000000
369  26.777  -103.362  24.370 0.5000000000
375  15.552  -104.215  23.454 0.6999999881
376  15.220  -104.318  23.614 0.6999999881
378  12.800  -104.538  23.241 0.8000000119
379  12.462  -104.030  23.086 0.6999999881
382  21.362  -104.835  22.512 0.4000000060
385  18.916  -104.292  22.536 0.4000000060
388  12.729  -104.689  22.760 0.6999999881
391  23.246  -105.076  21.789 0.3000000119
393  14.261  -104.471  21.147 0.3000000119
394  13.776  -104.322  21.412 0.6999999881
401  14.423  -104.152  20.561 0.3000000119
403  26.285  -104.347  18.891 0.5000000000
411  14.962  -104.321  19.473 0.2000000030
412  26.847  -103.781  17.677 0.6999999881
417  15.196  -104.528  18.897 0.1000000015
418  14.650  -104.190  18.524 0.1000000015
429  28.805  -103.841  15.688 0.6999999881
433  26.283  -104.486  16.298 0.5000000000
440  29.092  -103.888  15.236 0.8999999762
442  27.780  -104.271  15.676 0.6999999881
443  26.790  -104.373  15.640 0.6000000238
458  26.407  -104.692  15.005 0.5000000000
459  25.972  -104.755  15.051 0.4000000060
467  29.955  -103.393  13.432 0.6999999881
488  29.816  -103.531  12.345 0.8000000119
489  29.560  -103.529  12.189 0.8000000119
490  29.034  -103.476  11.967 0.6999999881
495  29.416  -103.289  11.758 0.8000000119
496  29.291  -103.177  11.570 0.8000000119
500  23.523  -104.281  11.211 0.1000000015
503  23.611  -104.036  10.232 0.1000000015
504  23.474  -104.046  10.605 0.1000000015
506  15.629  -102.840  38.936 0.1000000015
507  15.937  -103.266  37.890 0.1000000015
508  15.360  -102.919  38.171 0.1000000015
509  14.821  -102.681  37.831 0.2000000030
513  13.917  -103.361  36.641 0.2000000030
515  22.324  -102.331  35.858 0.1000000015
516  21.950  -102.527  35.944 0.2000000030
519  14.377  -103.699  36.427 0.2000000030
521  13.287  -103.282  36.028 0.2000000030
522  22.661  -102.397  35.345 0.1000000015
523  22.382  -102.670  35.199 0.1000000015
525  16.045  -103.556  35.488 0.1000000015
528  13.222  -103.092  35.873 0.2000000030
529  23.978  -102.974  33.665 0.1000000015
533  15.862  -103.747  34.327 0.2000000030
534  15.270  -104.393  34.286 0.1000000015
536  25.763  -102.724  32.637 0.1000000015
540  21.864  -103.297  33.277 0.3000000119
542  15.586  -104.163  33.583 0.2000000030
544  12.984  -103.548  32.648 0.3000000119
546  25.516  -103.124  32.395 0.1000000015
549  15.843  -103.821  32.660 0.2000000030
552  25.940  -102.783  31.980 0.1000000015
553  25.521  -102.963  31.584 0.2000000030
557  15.694  -103.788  31.284 0.2000000030
558  12.773  -103.773  31.080 0.3000000119
563  23.632  -103.844  30.446 0.3000000119
567  14.185  -103.779  30.166 0.4000000060
569  12.395  -103.205  30.546 0.3000000119
570  11.838  -102.690  30.736 0.4000000060
573  22.510  -103.189  29.053 0.4000000060
576  16.464  -103.315  29.605 0.2000000030
582  24.648  -103.346  28.249 0.3000000119
584  22.465  -103.813  29.119 0.5000000000
585  17.186  -102.866  28.651 0.3000000119
589  25.326  -103.202  27.445 0.4000000060
592  17.320  -102.623  28.079 0.4000000060
593  16.947  -102.690  28.194 0.4000000060
594  26.846  -103.007  25.902 0.5000000000
597  23.162  -103.398  26.902 0.5000000000
600  26.518  -103.452  25.658 0.5000000000
601  24.485  -103.342  25.479 0.5000000000
602  23.954  -103.506  25.820 0.5000000000
603  23.463  -103.384  26.234 0.5000000000
604  27.929  -102.794  24.575 0.5000000000
605  27.371  -103.258  24.561 0.5000000000
606  26.350  -103.440  24.566 0.5000000000
607  25.687  -103.246  24.694 0.5000000000
611  13.055  -103.809  23.961 0.6999999881
612  12.495  -103.352  23.851 0.8999999762
614  27.264  -103.007  23.966 0.5000000000
616  25.763  -102.819  24.386 0.5000000000
617  16.028  -103.840  22.805 0.8999999762
619  14.914  -103.788  23.333 0.8999999762
620  14.240  -103.546  23.531 0.8000000119
623  21.853  -104.389  22.180 0.4000000060
626  19.414  -103.650  22.121 0.8000000119
629  16.479  -103.786  22.324 0.8999999762
631  15.318  -103.495  22.952 0.8999999762
633  12.262  -103.545  22.608 0.8000000119
638  20.539  -103.168  21.895 0.6999999881
641  16.143  -103.187  21.771 0.8999999762
643  13.434  -103.875  21.353 0.6999999881
646  25.241  -103.590  19.734 0.6999999881
649  13.536  -103.548  20.748 0.5000000000
651  12.052  -102.782  21.327 0.8000000119
652  26.416  -103.649  18.638 0.6999999881
660  12.808  -102.731  19.736 0.3000000119
662  26.694  -103.610  18.209 0.6999999881
668  14.293  -103.825  18.580 0.1000000015
680  14.220  -103.888  18.039 0.1000000015
685  28.606  -103.449  16.128 0.8999999762
696  29.149  -103.636  15.245 0.8999999762
707  29.358  -103.533  14.782 0.8999999762
715  30.557  -102.795  13.327 0.6999999881
721  30.744  -102.842  12.696 0.8000000119
731  30.107  -103.334  12.197 0.8000000119
734  28.230  -102.768  12.072 0.6000000238
739  30.087  -103.057  11.632 0.8000000119
741  29.253  -102.996  11.307 0.6999999881
749  24.570  -102.960  9.174 0.1000000015
750  24.038  -103.124  9.274 0.1000000015
751  21.363  -103.302  5.461 0.1000000015
752  21.044  -103.310  5.643 0.1000000015
755  21.610  -103.294  5.080 0.1000000015
760  21.449  -103.125  4.844 0.1000000015
766  16.397  -101.958  40.858 0.1000000015
770  16.418  -102.011  40.612 0.1000000015
771  16.255  -102.386  39.896 0.1000000015
772  15.641  -102.600  39.608 0.1000000015
782  13.458  -102.768  36.763 0.2000000030
788  13.287  -103.155  36.281 0.2000000030
789  13.113  -102.751  36.171 0.2000000030
792  21.504  -102.354  34.841 0.1000000015
794  13.432  -102.907  35.186 0.2000000030
796  23.748  -102.669  33.905 0.1000000015
798  21.681  -102.846  34.463 0.2000000030
799  21.547  -102.576  34.464 0.1000000015
800  16.390  -103.007  34.726 0.1000000015
801  13.957  -102.430  34.479 0.2000000030
803  26.932  -102.128  32.369 0.1000000015
808  21.427  -102.351  33.774 0.2000000030
810  14.020  -102.449  34.156 0.2000000030
813  27.736  -101.822  31.573 0.2000000030
815  26.411  -102.531  32.073 0.2000000030
822  27.375  -102.052  31.207 0.2000000030
825  21.760  -102.565  31.429 0.3000000119
826  16.792  -102.394  31.085 0.2000000030
827  16.461  -102.808  31.363 0.2000000030
829  11.456  -102.080  30.783 0.5000000000
830  11.325  -101.710  30.364 0.5000000000
833  25.819  -102.494  30.750 0.2000000030
834  24.930  -102.721  30.198 0.2000000030
835  21.980  -102.639  30.794 0.3000000119
838  11.971  -102.644  30.383 0.4000000060
839  11.573  -102.167  30.269 0.4000000060
845  22.430  -102.809  29.355 0.4000000060
848  17.411  -102.524  29.458 0.3000000119
849  16.776  -102.914  29.779 0.2000000030
852  13.274  -102.594  29.659 0.4000000060
854  11.666  -102.006  29.902 0.4000000060
856  25.014  -102.611  28.555 0.4000000060
857  24.726  -102.927  28.645 0.4000000060
859  18.309  -102.286  28.038 0.3000000119
860  17.848  -102.582  28.497 0.4000000060
862  15.881  -102.531  28.640 0.4000000060
865  25.417  -102.609  27.967 0.4000000060
866  22.943  -102.198  27.483 0.5000000000
870  27.643  -101.729  26.011 0.4000000060
879  23.037  -102.430  26.180 0.5000000000
882  25.136  -102.444  24.687 0.5000000000
883  24.180  -102.525  25.286 0.5000000000
889  28.952  -102.002  23.337 0.5000000000
890  28.152  -102.516  23.496 0.5000000000
892  26.706  -102.293  23.720 0.5000000000
895  13.854  -103.162  23.636 1.0000000000
898  29.034  -101.851  22.694 0.5000000000
901  20.297  -103.119  21.899 0.6999999881
902  19.846  -103.062  21.886 0.8000000119
904  15.255  -102.502  22.319 0.8999999762
906  11.776  -102.866  22.594 0.8000000119
908  24.077  -103.390  20.781 0.6999999881
914  18.393  -102.590  21.136 1.0000000000
917  15.508  -102.046  21.721 1.0000000000
918  11.812  -102.736  21.867 0.8000000119
922  23.671  -102.152  20.837 0.8000000119
923  18.264  -102.040  20.725 1.0000000000
928  11.145  -101.800  20.643 0.6999999881
935  11.561  -102.074  19.523 0.4000000060
937  27.132  -102.575  17.742 0.8999999762
938  26.627  -103.032  18.271 0.6999999881
947  12.470  -102.589  19.006 0.2000000030
948  11.989  -102.561  18.597 0.2000000030
949  28.204  -102.616  16.697 0.8999999762
958  11.691  -102.665  17.563 0.1000000015
959  28.920  -103.228  15.807 0.8999999762
960  28.591  -102.726  16.253 0.8999999762
970  11.657  -102.408  16.667 0.1000000015
982  28.922  -102.433  15.275 0.8999999762
988  31.420  -102.255  13.098 0.8999999762
991  24.257  -102.852  13.279 0.1000000015
996  31.898  -101.858  12.399 0.8000000119
997  31.062  -102.537  12.474 0.8000000119
998  30.582  -102.943  12.438 0.8000000119
1010  28.485  -102.200  11.480 0.6000000238
1022  29.701  -102.576  10.770 0.6999999881
1026  30.807  -102.059  10.388 0.6999999881
1029  29.243  -101.765  10.246 0.6000000238
1034  25.734  -101.542  8.724 0.2000000030
1038  25.844  -101.323  8.226 0.2000000030
1056  20.012  -102.761  5.340 0.1000000015
1060  23.556  -102.876  4.474 0.1000000015
1065  19.057  -102.015  4.697 0.1000000015
1066  24.892  -102.181  4.293 0.1000000015
1067  24.353  -102.407  3.946 0.2000000030
1069  22.713  -102.461  3.911 0.1000000015
1070  22.118  -102.290  4.057 0.1000000015
1071  17.937  -100.913  43.248 0.1000000015
1072  17.245  -101.097  43.186 0.1000000015
1084  12.036  -100.484  42.055 0.1000000015
1091  12.239  -100.526  41.903 0.1000000015
1093  16.506  -101.778  41.343 0.1000000015
1094  14.809  -101.723  40.218 0.1000000015
1097  16.629  -101.768  40.354 0.1000000015
1105  14.762  -101.446  38.830 0.1000000015
1109  16.720  -102.101  37.747 0.1000000015
1111  13.486  -101.633  37.276 0.2000000030
1112  12.947  -101.795  36.693 0.2000000030
1118  23.033  -101.659  35.415 0.1000000015
1120  21.377  -101.916  35.214 0.1000000015
1124  13.026  -102.172  35.964 0.2000000030
1130  13.886  -102.144  35.065 0.2000000030
1131  27.155  -102.029  32.576 0.1000000015
1132  26.500  -101.875  32.637 0.1000000015
1133  25.530  -101.835  33.134 0.1000000015
1134  24.841  -101.994  33.230 0.1000000015
1136  21.213  -101.658  33.763 0.1000000015
1137  16.616  -102.085  33.450 0.1000000015
1139  13.943  -101.947  32.825 0.4000000060
1140  27.879  -101.627  31.937 0.2000000030
1147  14.457  -101.123  32.751 0.4000000060
1149  12.923  -101.822  31.966 0.4000000060
1150  28.716  -101.062  31.346 0.1000000015
1151  28.277  -101.418  31.397 0.1000000015
1152  27.871  -101.709  31.026 0.2000000030
1154  21.064  -100.731  32.106 0.3000000119
1155  17.053  -101.523  31.439 0.2000000030
1158  12.166  -101.529  31.495 0.4000000060
1160  11.183  -101.267  30.480 0.5000000000
1162  28.101  -101.338  30.625 0.2000000030
1168  11.370  -101.662  29.935 0.5000000000
1169  11.112  -101.326  30.145 0.5000000000
1170  27.876  -101.149  30.128 0.2000000030
1171  27.289  -101.510  29.957 0.2000000030
1172  26.794  -101.614  29.684 0.2000000030
1174  22.089  -101.936  30.084 0.5000000000
1175  19.107  -101.186  28.646 0.3000000119
1177  17.930  -101.746  29.688 0.3000000119
1178  15.528  -102.006  28.925 0.4000000060
1179  14.881  -101.908  29.372 0.4000000060
1189  16.505  -101.417  28.043 0.4000000060
1194  19.405  -101.233  27.468 0.3000000119
1195  18.504  -101.802  27.436 0.4000000060
1196  17.772  -101.650  27.104 0.4000000060
1197  16.983  -101.579  27.527 0.4000000060
1201  22.015  -100.853  26.052 0.5000000000
1202  19.796  -100.937  26.186 0.4000000060
1205  18.063  -101.333  26.770 0.4000000060
1206  28.771  -101.282  24.849 0.6000000238
1209  22.525  -101.242  25.643 0.5000000000
1212  19.324  -100.996  25.937 0.5000000000
1213  18.924  -101.164  26.183 0.5000000000
1224  9.880  -100.825  24.487 0.8999999762
1226  29.981  -100.803  23.042 0.6000000238
1230  26.211  -101.216  23.896 0.5000000000
1232  14.323  -101.637  23.299 0.8999999762
1233  13.706  -102.424  23.633 1.0000000000
1235  9.586  -100.885  23.907 0.6999999881
1236  8.982  -100.625  24.243 0.8999999762
1237  30.897  -100.496  22.133 0.6000000238
1242  15.080  -101.504  22.457 1.0000000000
1243  14.763  -102.307  22.800 0.8999999762
1247  30.208  -100.927  21.619 0.6000000238
1249  29.147  -101.216  21.865 0.5000000000
1254  19.053  -101.965  20.927 1.0000000000
1255  18.547  -102.031  20.793 1.0000000000
1258  10.942  -101.500  21.538 0.8000000119
1259  30.172  -100.786  21.276 0.6000000238
1260  29.978  -100.967  21.387 0.6000000238
1262  24.123  -101.704  20.492 0.8000000119
1267  19.469  -101.302  20.585 1.0000000000
1270  16.711  -101.393  20.719 1.0000000000
1271  10.777  -101.471  20.572 0.6999999881
1278  11.214  -101.752  19.196 0.3000000119
1280  10.373  -100.932  19.878 0.6000000238
1293  10.641  -101.329  18.416 0.1000000015
1295  27.850  -101.525  16.873 0.8999999762
1310  28.362  -102.121  16.231 0.8999999762
1311  28.110  -101.725  16.411 0.8999999762
1319  10.828  -101.410  16.822 0.1000000015
1321  28.619  -102.166  15.712 0.8999999762
1331  31.120  -101.171  13.787 0.8999999762
1343  31.424  -101.703  13.545 0.8999999762
1345  25.218  -100.541  13.924 0.1000000015
1352  33.785  -100.776  12.131 0.8999999762
1353  33.454  -100.799  12.313 0.8999999762
1355  27.654  -102.101  12.026 0.6000000238
1356  27.247  -102.002  12.092 0.6000000238
1357  24.705  -101.239  12.891 0.1000000015
1358  24.454  -101.574  12.609 0.1000000015
1363  33.998  -100.694  12.028 0.8999999762
1367  28.383  -101.646  11.351 0.6000000238
1371  24.519  -101.087  12.468 0.1000000015
1380  28.790  -101.503  10.782 0.6000000238
1382  25.700  -101.712  9.999 0.2000000030
1388  29.563  -101.258  9.652 0.6000000238
1395  31.637  -100.714  8.384 0.6000000238
1398  30.014  -101.250  9.129 0.6000000238
1404  19.789  -101.061  7.964 0.1000000015
1406  31.349  -100.647  7.940 0.6999999881
1416  18.676  -101.165  6.968 0.1000000015
1417  18.427  -100.640  6.578 0.1000000015
1433  26.682  -100.970  4.075 0.4000000060
1435  25.432  -101.876  4.613 0.1000000015
1441  26.684  -100.860  3.742 0.4000000060
1446  22.586  -101.875  3.752 0.1000000015
1453  25.151  -101.186  3.172 0.4000000060
1464  17.877  -100.506  43.578 0.1000000015
1470  11.339  -99.981  42.908 0.1000000015
1471  10.946  -99.726  42.843 0.1000000015
1476  17.583  -101.188  42.648 0.1000000015
1480  11.169  -99.883  42.523 0.1000000015
1483  18.859  -100.412  42.327 0.1000000015
1486  12.672  -100.501  41.216 0.1000000015
1494  12.342  -100.034  40.933 0.1000000015
1500  14.641  -101.099  39.426 0.1000000015
1501  14.069  -100.426  39.741 0.1000000015
1515  14.273  -100.614  38.148 0.2000000030
1523  16.829  -101.290  36.445 0.1000000015
1525  12.086  -100.315  36.634 0.2000000030
1530  14.206  -100.437  35.278 0.2000000030
1532  12.767  -101.078  36.080 0.2000000030
1536  17.036  -100.716  34.168 0.1000000015
1538  14.999  -100.163  34.504 0.2000000030
1539  14.655  -100.887  34.499 0.3000000119
1546  16.823  -101.347  33.505 0.1000000015
1553  26.469  -100.794  32.436 0.1000000015
1559  16.828  -101.323  32.888 0.1000000015
1561  14.270  -100.222  32.141 0.3000000119
1564  28.683  -101.027  31.591 0.1000000015
1567  18.073  -99.943  31.038 0.3000000119
1570  12.217  -100.406  31.423 0.5000000000
1572  11.025  -100.610  30.611 0.5000000000
1575  28.542  -100.944  30.678 0.1000000015
1576  22.048  -100.620  29.911 0.4000000060
1581  17.735  -100.798  30.719 0.3000000119
1583  10.276  -100.013  29.947 0.5000000000
1584  28.862  -100.373  30.381 0.1000000015
1588  21.901  -100.253  29.608 0.3000000119
1591  18.750  -100.648  29.666 0.3000000119
1596  12.436  -100.715  29.385 0.5000000000
1597  11.542  -100.539  29.469 0.5000000000
1598  10.873  -100.239  29.657 0.5000000000
1599  10.467  -100.027  29.809 0.5000000000
1600  28.283  -100.342  29.733 0.2000000030
1602  22.518  -100.687  28.486 0.5000000000
1604  20.767  -99.947  28.505 0.3000000119
1605  20.014  -100.648  27.954 0.3000000119
1607  16.063  -101.143  28.807 0.5000000000
1609  22.354  -100.397  27.918 0.4000000060
1615  27.817  -100.742  25.914 0.5000000000
1620  19.749  -100.998  26.774 0.3000000119
1621  18.331  -100.552  26.206 0.4000000060
1622  17.934  -101.022  26.631 0.4000000060
1624  28.274  -100.655  25.527 0.5000000000
1626  22.053  -100.729  25.262 0.5000000000
1628  20.440  -100.637  25.713 0.4000000060
1629  19.522  -100.415  25.522 0.4000000060
1630  18.841  -100.833  25.908 0.4000000060
1631  8.597  -100.001  25.108 0.8999999762
1632  8.294  -99.990  24.992 0.8999999762
1633  29.338  -100.712  24.329 0.6000000238
1634  25.469  -100.123  24.325 0.5000000000
1635  24.463  -100.323  24.759 0.5000000000
1641  13.708  -101.184  24.042 0.8999999762
1647  8.672  -100.301  24.675 0.8999999762
1650  27.327  -101.122  22.881 0.5000000000
1651  26.768  -100.645  23.366 0.5000000000
1655  9.072  -100.641  23.860 0.8999999762
1657  31.184  -100.222  22.173 0.6000000238
1659  28.324  -101.053  22.156 0.5000000000
1664  9.432  -100.353  23.139 0.6999999881
1668  30.757  -100.648  21.414 0.6000000238
1671  16.219  -100.552  21.444 0.8999999762
1672  15.587  -101.063  21.867 1.0000000000
1674  10.124  -100.122  21.869 0.8000000119
1675  33.484  -99.828  19.739 0.8000000119
1676  32.760  -100.110  20.011 0.8000000119
1680  24.614  -101.378  20.079 0.8999999762
1688  17.167  -100.598  20.537 1.0000000000
1692  34.243  -99.779  18.961 0.8000000119
1693  33.920  -99.822  19.159 0.8000000119
1699  24.484  -99.906  20.198 0.8999999762
1705  10.333  -100.899  19.384 0.4000000060
1707  34.876  -99.752  18.087 0.8000000119
1710  32.938  -99.993  18.952 0.8000000119
1720  9.650  -99.902  18.405 0.2000000030
1722  34.181  -99.692  18.280 0.8000000119
1723  33.783  -99.727  18.481 0.8000000119
1739  27.950  -101.011  16.221 0.8999999762
1748  10.028  -100.195  16.617 0.1000000015
1749  28.238  -101.365  15.459 0.8999999762
1765  27.770  -100.200  14.892 0.8999999762
1772  33.838  -99.952  12.718 0.8999999762
1773  33.189  -100.152  13.105 0.8999999762
1774  32.512  -100.604  13.412 0.8999999762
1776  28.901  -100.225  13.760 0.8999999762
1777  28.751  -100.373  13.933 0.8999999762
1784  34.502  -99.990  12.102 0.8999999762
1785  34.029  -100.422  12.261 0.8999999762
1793  34.445  -99.923  11.877 0.8999999762
1796  32.647  -100.549  11.119 0.8000000119
1799  26.911  -100.319  11.270 0.5000000000
1808  33.612  -100.081  11.492 0.8999999762
1809  33.084  -100.057  11.235 0.8999999762
1811  28.433  -100.647  10.876 0.5000000000
1812  28.065  -100.053  10.928 0.5000000000
1813  26.424  -100.374  10.532 0.4000000060
1820  29.036  -100.627  10.170 0.5000000000
1821  26.197  -100.665  9.359 0.3000000119
1822  25.903  -101.378  9.535 0.3000000119
1828  32.639  -99.691  7.697 0.6999999881
1829  32.106  -100.352  8.172 0.6999999881
1831  30.344  -100.216  8.288 0.6000000238
1832  29.930  -100.661  8.952 0.6000000238
1842  32.628  -99.608  7.270 0.6999999881
1845  30.847  -100.069  7.709 0.6000000238
1846  27.194  -100.060  7.269 0.3000000119
1856  32.218  -99.739  7.015 0.6999999881
1863  20.859  -100.288  5.753 0.3000000119
1871  21.967  -100.513  5.145 0.3000000119
1882  21.622  -101.208  4.791 0.2000000030
1888  26.617  -100.792  3.543 0.5000000000
1889  25.181  -100.322  3.052 0.4000000060
1895  27.750  -99.923  3.013 0.5000000000
1897  26.614  -100.511  3.190 0.4000000060
1898  25.711  -100.557  3.087 0.5000000000
1900  20.799  -100.376  2.255 0.1000000015
1903  18.986  -100.479  2.497 0.1000000015
1906  20.046  -100.280  1.425 0.1000000015
1928  17.621  -99.575  43.343 0.1000000015
1940  18.480  -100.306  41.878 0.1000000015
1941  18.043  -100.655  41.916 0.1000000015
1952  12.122  -99.124  40.448 0.1000000015
1959  17.589  -99.589  39.908 0.1000000015
1960  13.640  -99.715  39.298 0.1000000015
1967  13.495  -99.470  38.700 0.2000000030
1968  13.092  -99.176  38.274 0.2000000030
1971  21.191  -99.695  37.816 0.1000000015
1974  12.691  -99.651  37.582 0.2000000030
1975  11.750  -99.693  37.162 0.2000000030
1976  10.881  -99.250  37.069 0.2000000030
1981  11.392  -99.559  36.722 0.2000000030
1983  9.944  -98.934  36.714 0.1000000015
1988  14.465  -99.489  35.373 0.2000000030
1993  10.073  -98.935  36.423 0.2000000030
1997  15.299  -99.552  34.460 0.2000000030
2001  17.373  -99.936  33.141 0.2000000030
2002  15.379  -99.623  33.606 0.2000000030
2003  15.208  -99.940  33.019 0.2000000030
2013  20.387  -99.383  32.383 0.3000000119
2014  18.141  -99.150  32.149 0.3000000119
2016  15.335  -99.451  33.036 0.3000000119
2029  18.543  -99.180  31.634 0.3000000119
2032  13.848  -99.284  31.675 0.3000000119
2040  21.077  -99.649  30.074 0.3000000119
2042  19.362  -99.450  30.702 0.3000000119
2044  10.748  -98.937  30.553 0.5000000000
2045  10.609  -99.679  30.435 0.5000000000
2046  10.250  -99.786  30.034 0.5000000000
2053  20.542  -99.717  29.441 0.3000000119
2055  16.402  -99.825  29.158 0.5000000000
2057  14.200  -99.786  29.609 0.5000000000
2059  12.112  -99.804  29.297 0.5000000000
2062  10.361  -99.647  29.821 0.4000000060
2064  30.797  -98.896  29.452 0.1000000015
2068  21.289  -99.721  28.901 0.3000000119
2069  20.991  -99.646  29.054 0.3000000119
2071  17.146  -99.801  28.197 0.5000000000
2072  13.145  -98.921  29.252 0.5000000000
2073  12.591  -98.987  29.193 0.5000000000
2074  11.865  -99.017  29.152 0.5000000000
2075  11.288  -99.018  29.250 0.5000000000
2077  18.166  -99.354  26.895 0.4000000060
2079  17.295  -100.247  27.573 0.4000000060
2080  27.250  -99.510  26.734 0.4000000060
2082  18.533  -99.545  26.422 0.4000000060
2084  28.913  -99.804  24.865 0.6000000238
2089  18.807  -100.168  25.756 0.5000000000
2090  8.853  -99.545  25.131 0.8999999762
2091  8.145  -99.441  25.245 0.8999999762
2093  29.330  -99.732  24.435 0.6000000238
2100  20.437  -99.686  24.830 0.5000000000
2101  19.802  -99.869  25.106 0.5000000000
2102  14.924  -99.507  24.433 0.8999999762
2103  13.937  -100.082  24.505 0.8999999762
2107  9.907  -99.559  24.473 0.8999999762
2110  7.557  -99.094  24.982 0.8999999762
2111  30.239  -99.643  23.416 0.6000000238
2114  26.651  -99.518  23.431 0.5000000000
2116  15.890  -99.484  23.520 0.8999999762
2120  10.440  -99.343  24.221 0.8999999762
2121  8.258  -99.628  23.801 0.8999999762
2125  28.162  -100.207  22.064 0.5000000000
2126  27.548  -99.770  22.543 0.5000000000
2127  27.106  -99.493  22.944 0.5000000000
2128  16.213  -99.557  22.778 0.8999999762
2131  8.939  -99.597  23.044 0.8999999762
2132  33.675  -99.189  20.611 0.8000000119
2133  33.220  -99.338  20.793 0.8000000119
2136  28.719  -99.690  21.550 0.5000000000
2140  9.086  -98.942  22.416 0.8999999762
2142  35.025  -99.206  19.681 0.8000000119
2148  23.405  -99.776  20.340 1.0000000000
2149  22.518  -99.688  20.156 1.0000000000
2152  19.373  -99.960  19.913 1.0000000000
2155  16.786  -100.146  20.917 1.0000000000
2161  35.236  -99.396  19.012 0.8000000119
2164  31.770  -99.896  19.299 0.8000000119
2165  31.064  -99.590  19.649 0.8000000119
2168  24.370  -99.394  20.218 0.8999999762
2170  20.257  -98.975  19.664 1.0000000000
2172  19.083  -99.553  19.822 1.0000000000
2179  9.203  -98.940  18.696 0.6000000238
2182  34.840  -99.656  18.767 0.8000000119
2183  33.391  -99.755  18.607 0.8000000119
2184  32.732  -99.515  18.522 0.8000000119
2185  31.960  -99.557  18.806 0.8000000119
2193  9.198  -98.920  18.303 0.3000000119
2194  35.839  -99.334  17.637 0.8000000119
2196  34.594  -99.440  17.602 0.8000000119
2207  9.228  -99.331  17.475 0.2000000030
2208  8.924  -98.890  17.282 0.3000000119
2211  34.758  -99.148  17.063 0.8999999762
2223  9.529  -99.522  16.653 0.1000000015
2226  35.543  -98.900  15.738 0.8999999762
2241  35.413  -98.610  14.576 0.8999999762
2244  31.419  -99.514  14.012 0.8999999762
2247  28.247  -99.806  14.233 0.8999999762
2248  27.843  -99.612  14.661 0.8999999762
2257  34.346  -99.319  13.040 1.0000000000
2261  29.061  -99.996  13.684 0.8999999762
2262  28.599  -99.889  13.889 0.8999999762
2270  35.163  -99.028  12.727 0.8000000119
2280  35.111  -99.089  12.286 0.8000000119
2281  34.694  -99.495  11.995 0.8999999762
2283  33.556  -99.479  11.368 0.8999999762
2284  27.454  -99.936  10.953 0.5000000000
2296  33.453  -99.817  11.363 0.8999999762
2301  27.183  -99.612  10.405 0.3000000119
2311  29.403  -99.693  9.312 0.5000000000
2319  30.138  -99.728  8.296 0.6000000238
2321  29.201  -99.191  9.081 0.5000000000
2328  32.548  -99.557  7.030 0.8999999762
2329  31.008  -99.636  7.261 0.6000000238
2331  29.803  -99.021  8.232 0.5000000000
2332  28.199  -98.927  6.870 0.4000000060
2341  28.440  -98.949  6.121 0.4000000060
2346  20.567  -99.981  5.904 0.3000000119
2348  32.294  -98.703  5.931 0.6999999881
2349  31.988  -98.846  6.082 0.6999999881
2361  28.845  -99.573  4.316 0.5000000000
2370  26.269  -99.397  3.103 0.5000000000
2373  23.883  -100.484  3.490 0.3000000119
2374  21.243  -99.559  2.925 0.3000000119
2378  29.082  -99.138  3.220 0.5000000000
2381  26.257  -99.925  2.887 0.5000000000
2387  18.613  -99.877  2.824 0.1000000015
2389  21.337  -100.027  1.154 0.1000000015
2392  22.096  -99.068  0.371 0.2000000030
2393  21.640  -99.333  0.553 0.2000000030
2400  17.987  -99.458  43.391 0.1000000015
2402  11.133  -98.817  43.291 0.1000000015
2419  9.923  -98.145  42.394 0.1000000015
2427  10.270  -98.696  42.000 0.1000000015
2430  20.484  -98.995  40.400 0.1000000015
2439  19.730  -98.450  39.599 0.2000000030
2440  18.396  -98.489  39.364 0.1000000015
2441  17.643  -98.953  39.133 0.1000000015
2442  12.243  -98.349  39.031 0.2000000030
2450  11.318  -97.922  38.380 0.1000000015
2455  20.582  -98.917  37.279 0.2000000030
2456  19.844  -98.140  37.602 0.2000000030
2457  18.118  -97.928  37.002 0.2000000030
2458  17.643  -98.445  37.426 0.2000000030
2462  9.604  -98.545  37.168 0.1000000015
2468  18.085  -98.055  36.282 0.2000000030
2471  9.164  -98.182  36.534 0.2000000030
2475  19.862  -98.517  35.617 0.2000000030
2479  14.814  -98.680  35.457 0.2000000030
2484  9.917  -98.402  36.157 0.2000000030
2488  20.129  -98.916  34.901 0.2000000030
2491  17.738  -98.783  34.451 0.2000000030
2492  15.417  -98.790  34.715 0.3000000119
2509  17.870  -99.133  32.693 0.2000000030
2522  19.977  -98.845  32.040 0.3000000119
2525  14.260  -98.255  31.777 0.5000000000
2529  10.559  -97.901  30.406 0.6000000238
2537  10.475  -98.497  30.254 0.5000000000
2538  10.272  -99.240  30.047 0.4000000060
2547  10.468  -98.765  29.699 0.5000000000
2554  29.280  -98.850  28.846 0.1000000015
2557  18.335  -98.578  27.871 0.5000000000
2569  28.760  -98.351  28.145 0.2000000030
2570  27.910  -98.551  27.917 0.2000000030
2571  27.425  -98.865  27.334 0.4000000060
2572  19.588  -98.379  26.979 0.5000000000
2573  19.000  -98.576  27.065 0.4000000060
2574  18.341  -98.937  27.143 0.4000000060
2575  17.970  -99.029  27.741 0.5000000000
2579  31.484  -98.393  27.344 0.1000000015
2580  27.405  -98.913  26.513 0.4000000060
2583  19.230  -98.895  26.352 0.4000000060
2586  7.706  -97.774  25.829 0.8999999762
2587  33.937  -97.979  25.864 0.2000000030
2589  32.792  -98.201  26.352 0.1000000015
2590  27.894  -98.895  25.622 0.4000000060
2591  27.559  -98.962  26.010 0.4000000060
2593  20.443  -98.817  25.322 0.5000000000
2595  8.560  -98.836  25.290 0.8999999762
2596  8.000  -98.657  25.682 0.8999999762
2598  28.922  -98.681  24.576 0.4000000060
2602  24.109  -98.285  24.486 0.5000000000
2611  11.768  -99.467  24.206 0.8999999762
2613  9.312  -98.829  24.693 0.8999999762
2617  26.689  -98.700  23.354 0.5000000000
2618  26.250  -98.596  23.779 0.5000000000
2624  12.050  -99.032  23.992 0.8999999762
2625  11.344  -98.959  23.866 0.8999999762
2626  10.233  -98.731  23.953 0.8999999762
2628  7.890  -99.030  23.887 0.8999999762
2629  7.604  -98.758  24.356 0.8999999762
2631  30.968  -98.256  22.582 0.6999999881
2633  27.270  -98.971  22.751 0.5000000000
2635  17.184  -98.563  22.742 0.8999999762
2639  33.749  -98.738  20.791 0.8000000119
2645  17.416  -98.629  21.694 1.0000000000
2650  35.633  -98.578  19.639 0.6999999881
2655  23.656  -99.275  20.247 0.8999999762
2658  21.513  -98.606  19.620 1.0000000000
2659  18.676  -98.154  20.144 1.0000000000
2661  17.651  -98.882  20.905 1.0000000000
2666  9.519  -98.799  20.707 0.6999999881
2669  35.807  -98.826  19.026 0.8000000119
2670  30.858  -98.665  19.318 0.8000000119
2677  21.107  -97.994  19.500 1.0000000000
2680  18.908  -99.160  19.796 1.0000000000
2687  36.361  -98.661  18.161 0.8000000119
2688  35.686  -99.192  18.533 0.8000000119
2689  32.104  -99.116  18.483 0.8000000119
2692  27.015  -98.525  17.794 1.0000000000
2698  9.140  -98.906  17.889 0.3000000119
2699  9.090  -98.624  18.368 0.3000000119
2704  32.542  -98.674  18.171 0.8000000119
2705  31.905  -98.599  18.415 0.8000000119
2707  26.957  -97.658  17.641 1.0000000000
2713  8.992  -98.915  17.523 0.3000000119
2730  36.861  -98.104  16.148 0.8000000119
2732  35.295  -98.756  15.634 0.8999999762
2733  34.915  -98.403  15.597 0.8999999762
2734  27.492  -98.947  15.437 0.8999999762
2753  28.416  -99.053  14.085 0.8999999762
2761  35.871  -98.080  13.798 0.8000000119
2763  33.232  -98.857  13.799 1.0000000000
2764  32.814  -98.924  13.873 0.8999999762
2765  28.954  -99.462  13.736 0.8999999762
2773  35.379  -98.393  12.926 0.8000000119
2785  34.290  -98.699  11.715 0.8999999762
2805  34.320  -98.000  8.973 1.0000000000
2807  32.937  -98.741  9.059 0.8999999762
2809  28.084  -98.825  8.965 0.5000000000
2812  35.453  -97.863  8.084 0.8999999762
2816  28.892  -98.804  8.737 0.5000000000
2821  35.437  -97.817  7.581 1.0000000000
2827  27.792  -98.891  8.026 0.5000000000
2831  21.007  -98.503  6.938 0.3000000119
2832  20.621  -98.489  6.546 0.3000000119
2837  33.604  -98.363  6.261 0.8000000119
2838  32.969  -98.741  6.207 0.8000000119
2839  31.513  -98.592  5.972 0.6999999881
2842  28.834  -98.450  6.799 0.6000000238
2845  23.527  -98.784  6.464 0.3000000119
2856  25.948  -97.972  5.458 0.6000000238
2857  25.573  -98.180  5.678 0.6000000238
2859  23.594  -99.028  5.695 0.4000000060
2860  20.344  -99.026  5.362 0.3000000119
2869  24.710  -99.049  4.797 0.5000000000
2870  21.136  -98.450  4.184 0.3000000119
2874  30.299  -98.174  3.842 0.5000000000
2891  21.595  -99.385  2.696 0.3000000119
2897  20.004  -99.327  1.047 0.2000000030
2898  23.186  -98.023  0.441 0.2000000030
2901  21.288  -99.002  0.471 0.2000000030
2942  9.717  -97.616  43.079 0.1000000015
2943  9.290  -97.159  42.828 0.1000000015
2954  9.452  -97.453  42.499 0.1000000015
2965  10.187  -97.830  41.412 0.1000000015
2976  11.135  -97.861  40.274 0.1000000015
2983  11.101  -97.637  39.299 0.1000000015
2990  19.398  -97.869  37.860 0.2000000030
2991  19.029  -97.756  37.847 0.2000000030
2993  10.504  -97.514  38.885 0.1000000015
3001  8.575  -97.512  37.585 0.2000000030
3002  8.320  -97.085  37.258 0.2000000030
3005  19.340  -97.880  36.897 0.2000000030
3006  18.670  -97.825  36.397 0.2000000030
3008  8.417  -97.071  36.797 0.2000000030
3011  18.826  -97.884  35.595 0.2000000030
3014  13.615  -97.994  35.981 0.3000000119
3019  8.885  -97.470  36.290 0.2000000030
3021  19.204  -97.999  35.322 0.2000000030
3022  18.873  -97.908  35.241 0.2000000030
3043  13.789  -97.182  31.614 0.5000000000
3046  11.194  -97.432  30.983 0.6000000238
3047  10.657  -97.415  30.557 0.6000000238
3059  10.100  -96.891  29.795 0.6000000238
3067  16.492  -97.683  29.549 0.5000000000
3070  13.746  -97.793  28.888 0.6000000238
3071  10.269  -97.425  29.729 0.6000000238
3072  9.945  -96.827  29.856 0.6000000238
3076  18.785  -97.800  28.273 0.5000000000
3077  17.958  -97.531  28.910 0.5000000000
3081  11.332  -97.761  28.459 0.5000000000
3088  27.766  -98.395  27.447 0.4000000060
3090  19.384  -98.009  27.626 0.5000000000
3095  10.618  -96.892  28.535 0.6999999881
3096  34.950  -97.225  25.906 0.2000000030
3100  29.857  -97.250  26.888 0.3000000119
3101  28.991  -97.119  26.822 0.3000000119
3106  7.965  -97.467  25.983 0.8999999762
3107  7.572  -97.249  25.836 0.8999999762
3114  27.687  -98.355  26.200 0.4000000060
3115  21.940  -97.078  25.766 0.5000000000
3118  15.834  -96.926  25.079 0.8000000119
3120  8.436  -97.935  25.555 0.8999999762
3121  7.232  -97.098  25.604 0.8999999762
3122  35.207  -97.074  25.223 0.2000000030
3123  34.968  -97.235  25.157 0.2000000030
3126  28.496  -97.771  24.984 0.4000000060
3127  25.296  -98.121  24.286 0.5000000000
3128  24.833  -97.824  24.343 0.5000000000
3132  18.093  -96.859  24.719 0.6999999881
3135  15.715  -97.494  24.980 0.8000000119
3138  13.146  -98.605  24.184 0.8999999762
3139  9.084  -97.592  24.916 0.8999999762
3140  8.707  -97.369  25.332 0.8999999762
3144  27.096  -97.491  23.127 0.5000000000
3147  24.732  -97.082  24.060 0.5000000000
3149  23.232  -97.012  24.084 0.6000000238
3151  17.369  -97.875  23.872 0.8000000119
3152  16.877  -98.102  24.140 0.8000000119
3153  13.210  -98.059  24.005 0.8999999762
3156  10.251  -97.372  23.673 0.8999999762
3159  31.417  -97.421  22.146 0.6999999881
3163  26.972  -98.519  23.075 0.5000000000
3166  8.447  -97.935  22.523 1.0000000000
3168  33.459  -97.811  21.002 0.6999999881
3172  28.687  -97.665  21.517 0.5000000000
3179  35.669  -97.810  20.074 0.6999999881
3181  34.160  -97.896  20.712 0.6999999881
3183  18.961  -97.615  20.228 1.0000000000
3190  9.231  -97.394  20.638 0.8000000119
3191  37.366  -97.172  18.730 0.6999999881
3196  25.484  -97.314  19.665 0.8999999762
3206  9.447  -96.891  19.794 0.6999999881
3208  37.972  -96.680  17.988 0.8000000119
3210  36.917  -97.926  18.228 0.8000000119
3211  31.601  -98.351  18.497 0.8000000119
3212  31.178  -98.008  18.643 0.8000000119
3221  37.363  -97.597  17.281 0.8000000119
3222  34.437  -98.396  16.876 0.8999999762
3224  32.918  -97.674  17.661 0.8000000119
3232  9.411  -96.594  18.341 0.8000000119
3235  37.094  -97.870  16.568 0.8000000119
3236  34.487  -97.893  16.310 0.8999999762
3237  33.915  -97.288  16.549 0.8999999762
3249  37.691  -96.966  15.975 0.8000000119
3252  34.447  -97.817  15.467 0.8999999762
3254  33.222  -96.868  15.348 0.8999999762
3255  28.048  -97.534  14.751 0.8999999762
3256  27.608  -98.036  15.068 0.8999999762
3266  8.849  -96.760  15.978 0.3000000119
3267  37.312  -96.935  15.447 0.8000000119
3271  33.129  -97.363  14.753 0.8999999762
3275  28.782  -97.791  14.260 0.8999999762
3285  36.090  -97.271  14.202 0.8000000119
3293  35.194  -97.467  12.865 0.8000000119
3294  34.613  -97.415  12.102 0.8000000119
3304  33.557  -98.339  11.125 0.8999999762
3326  34.099  -97.765  9.471 1.0000000000
3331  36.678  -97.280  8.086 1.0000000000
3333  35.411  -97.769  8.480 1.0000000000
3334  25.429  -96.752  8.228 0.8000000119
3341  36.041  -97.385  7.260 1.0000000000
3352  36.409  -96.850  7.059 1.0000000000
3355  34.200  -97.591  6.032 0.8999999762
3357  25.639  -97.719  6.689 0.6999999881
3359  20.889  -97.473  6.412 0.3000000119
3363  34.325  -97.048  5.799 0.8000000119
3366  26.111  -97.623  5.785 0.6000000238
3374  31.089  -97.615  4.007 0.6000000238
3376  27.042  -97.331  4.320 0.5000000000
3379  21.586  -97.776  4.299 0.3000000119
3383  30.816  -97.378  3.718 0.6000000238
3384  30.347  -97.700  3.568 0.6000000238
3386  28.445  -97.650  3.090 0.5000000000
3394  29.065  -98.250  2.813 0.5000000000
3396  27.968  -98.253  2.915 0.5000000000
3403  23.989  -97.843  1.156 0.3000000119
3407  24.357  -97.365  0.830 0.3000000119
3510  9.351  -96.894  42.920 0.1000000015
3537  8.443  -96.484  41.404 0.1000000015
3538  8.064  -95.920  41.667 0.1000000015
3580  11.126  -96.201  36.289 0.3000000119
3583  8.227  -96.523  36.704 0.2000000030
3591  10.192  -96.497  36.160 0.3000000119
3593  8.621  -96.477  36.128 0.2000000030
3601  16.306  -95.672  33.549 0.4000000060
3602  16.083  -96.344  33.296 0.5000000000
3616  13.036  -96.430  31.473 0.6000000238
3618  11.396  -96.593  31.005 0.6000000238
3629  10.807  -96.328  30.659 0.6999999881
3630  10.318  -96.620  30.390 0.6000000238
3631  9.945  -96.652  30.045 0.6999999881
3642  15.327  -96.803  29.231 0.6000000238
3648  20.078  -96.560  28.038 0.5000000000
3649  19.632  -96.836  28.235 0.5000000000
3651  17.650  -96.511  29.164 0.6000000238
3652  15.850  -96.164  29.051 0.6000000238
3655  13.660  -96.391  27.679 0.6000000238
3656  10.172  -96.633  29.025 0.6000000238
3662  19.836  -97.410  27.825 0.5000000000
3663  13.943  -95.900  27.327 0.6000000238
3674  28.693  -97.020  26.397 0.3000000119
3676  21.792  -96.337  26.538 0.5000000000
3677  21.183  -96.905  26.989 0.5000000000
3679  11.350  -96.003  26.755 0.6999999881
3680  10.920  -96.053  27.204 0.8000000119
3683  6.827  -95.932  26.163 0.8999999762
3685  35.355  -96.719  25.586 0.2000000030
3686  33.630  -97.105  24.910 0.3000000119
3689  30.560  -96.142  25.588 0.3000000119
3692  22.418  -95.690  25.519 0.5000000000
3694  18.031  -96.193  25.488 0.6999999881
3695  17.285  -96.403  25.501 0.6999999881
3697  15.795  -96.454  25.177 0.6000000238
3699  8.492  -96.880  25.575 0.8999999762
3700  7.010  -96.588  25.743 0.8999999762
3702  35.870  -96.318  24.962 0.3000000119
3704  34.766  -96.853  24.631 0.3000000119
3706  33.191  -96.451  24.683 0.4000000060
3707  32.405  -96.196  24.835 0.3000000119
3709  28.756  -96.899  24.900 0.4000000060
3715  15.041  -96.846  24.829 0.8000000119
3718  9.340  -96.346  24.898 0.8000000119
3720  7.081  -96.516  25.200 0.8999999762
3721  6.887  -95.845  25.400 0.8999999762
3723  29.995  -96.340  23.526 0.3000000119
3724  26.928  -97.246  23.277 0.5000000000
3730  19.379  -95.793  23.151 0.8999999762
3732  13.226  -97.239  23.822 0.8000000119
3735  10.182  -96.276  24.166 0.8000000119
3736  9.713  -96.498  24.413 0.8999999762
3738  31.295  -96.327  22.261 0.5000000000
3739  30.798  -96.158  22.673 0.5000000000
3742  26.768  -96.233  23.256 0.6000000238
3748  32.284  -96.673  21.472 0.6999999881
3749  31.710  -96.801  21.826 0.6999999881
3759  8.452  -97.035  22.373 0.8999999762
3763  34.526  -97.054  20.585 0.6999999881
3765  29.930  -96.147  20.023 0.6000000238
3766  20.027  -96.283  20.337 1.0000000000
3768  18.683  -97.195  21.033 1.0000000000
3774  9.714  -96.046  20.810 0.8999999762
3775  38.326  -96.093  18.512 0.6000000238
3779  30.246  -96.709  19.390 0.8999999762
3787  20.060  -96.802  19.948 1.0000000000
3793  39.014  -95.745  17.820 0.6000000238
3794  38.546  -96.127  18.056 0.8000000119
3796  30.595  -97.022  18.696 0.8999999762
3798  26.531  -96.016  18.528 0.8999999762
3802  9.606  -96.190  19.006 0.8000000119
3805  33.464  -97.199  17.055 0.8999999762
3817  38.377  -96.575  16.646 0.8000000119
3819  32.447  -96.410  16.540 0.8999999762
3821  30.766  -95.853  16.898 0.8999999762
3834  37.658  -96.848  15.624 0.8000000119
3835  33.334  -96.735  15.734 0.8999999762
3836  32.809  -96.511  15.656 0.8999999762
3852  8.122  -95.535  16.034 0.5000000000
3853  40.195  -95.786  14.605 0.8999999762
3854  39.874  -95.963  14.583 0.8999999762
3859  32.350  -96.785  15.026 0.8999999762
3871  40.242  -95.727  14.240 0.8000000119
3875  36.187  -96.277  13.673 0.6999999881
3885  34.981  -96.618  12.303 0.8000000119
3886  34.613  -96.973  12.087 0.8000000119
3898  36.035  -96.369  11.133 0.8999999762
3923  38.505  -95.851  9.583 0.8999999762
3927  31.566  -96.003  9.008 0.8000000119
3928  31.303  -96.039  9.023 0.8000000119
3929  25.136  -95.830  8.938 0.8999999762
3931  24.173  -95.900  9.150 0.8999999762
3937  38.362  -95.820  9.155 0.8999999762
3940  31.493  -96.021  8.770 0.8000000119
3942  25.308  -96.240  8.683 0.5000000000
3943  24.450  -96.476  8.942 0.8999999762
3951  37.391  -96.159  7.866 0.8999999762
3953  31.571  -96.016  8.414 0.8000000119
3955  26.237  -96.576  7.207 0.6000000238
3964  34.656  -96.490  5.990 1.0000000000
3969  21.223  -96.941  6.092 0.4000000060
3976  28.836  -96.095  4.732 0.6999999881
3985  32.035  -97.038  4.557 0.6999999881
3986  31.327  -96.771  4.231 0.6999999881
3991  26.984  -96.960  4.773 0.5000000000
3994  21.628  -96.988  4.976 0.4000000060
3999  31.052  -97.186  3.797 0.6000000238
4003  28.178  -97.117  3.615 0.5000000000
4007  20.252  -96.097  2.770 0.3000000119
4012  24.063  -97.071  2.294 0.4000000060
4013  21.134  -96.003  1.890 0.6000000238
4016  25.237  -96.365  1.391 0.6999999881
4025  21.784  -96.869  0.668 0.4000000060
4163  10.434  -95.867  42.098 0.1000000015
4235  11.013  -95.572  36.301 0.3000000119
4236  10.654  -95.565  36.207 0.3000000119
4237  7.872  -95.694  36.391 0.3000000119
4243  14.460  -95.745  36.104 0.5000000000
4246  9.544  -95.560  35.845 0.3000000119
4250  16.424  -95.226  34.228 0.5000000000
4262  15.775  -95.337  32.459 0.6000000238
4271  13.395  -95.725  31.388 0.6999999881
4273  11.822  -96.120  31.071 0.6999999881
4284  9.679  -95.894  30.027 0.6999999881
4295  16.784  -96.124  29.206 0.5000000000
4296  16.271  -96.058  29.114 0.5000000000
4298  8.917  -95.068  28.789 0.6999999881
4309  14.767  -95.613  27.716 0.6000000238
4310  9.859  -95.860  28.316 0.6999999881
4313  8.449  -94.835  28.037 0.6999999881
4316  21.411  -95.667  27.034 0.6000000238
4318  19.881  -95.278  27.895 0.5000000000
4320  16.561  -94.718  27.616 0.6000000238
4325  10.125  -95.695  27.690 0.8000000119
4326  9.614  -95.425  27.610 0.6999999881
4327  8.858  -95.169  27.562 0.6999999881
4329  7.421  -95.160  27.013 0.6999999881
4330  35.013  -96.459  26.043 0.2000000030
4334  22.056  -95.242  26.130 0.5000000000
4335  21.774  -95.252  26.423 0.5000000000
4336  21.145  -95.002  26.930 0.5000000000
4337  18.550  -95.253  26.166 0.6999999881
4343  12.369  -95.672  25.921 0.6999999881
4349  6.994  -95.519  26.543 0.6999999881
4355  31.418  -95.795  25.011 0.3000000119
4358  22.155  -94.913  25.818 0.5000000000
4365  14.090  -95.305  24.988 0.8000000119
4370  9.019  -95.650  25.777 0.8000000119
4372  6.837  -95.459  25.848 0.8999999762
4377  33.485  -95.935  24.297 0.4000000060
4379  31.554  -95.570  24.533 0.3000000119
4381  29.909  -95.814  24.128 0.3000000119
4383  19.525  -95.395  24.276 0.8000000119
4384  19.119  -95.826  24.625 0.6999999881
4385  15.328  -96.270  24.947 0.8000000119
4389  11.127  -95.545  24.657 0.8000000119
4390  10.130  -95.631  24.809 0.8000000119
4391  9.563  -95.665  25.282 0.8000000119
4394  37.154  -94.985  23.904 0.3000000119
4397  34.664  -95.493  23.779 0.4000000060
4398  33.699  -95.402  23.779 0.4000000060
4400  32.015  -95.112  23.579 0.4000000060
4402  30.254  -95.730  23.795 0.4000000060
4404  25.138  -95.537  23.423 0.6000000238
4406  23.594  -95.166  23.779 0.6999999881
4408  19.491  -95.570  23.609 0.8000000119
4410  12.770  -96.554  23.703 0.8000000119
4411  12.166  -96.185  23.704 0.8000000119
4413  10.663  -95.768  24.349 0.8000000119
4414  8.157  -95.079  23.300 1.0000000000
4416  32.230  -95.156  22.086 0.5000000000
4419  28.289  -95.929  21.944 0.6000000238
4422  24.901  -94.994  23.267 0.6999999881
4423  24.689  -94.726  23.206 0.6999999881
4424  20.142  -94.872  22.412 0.8999999762
4427  8.501  -95.260  22.806 1.0000000000
4428  8.021  -96.151  23.189 1.0000000000
4442  9.169  -95.244  22.016 1.0000000000
4443  8.918  -95.984  22.244 1.0000000000
4445  38.107  -95.350  19.779 0.6000000238
4448  34.791  -95.973  20.526 0.6000000238
4451  21.136  -95.098  20.362 0.8000000119
4461  38.599  -95.707  18.752 0.6000000238
4466  24.157  -95.529  19.477 0.8000000119
4469  21.411  -95.641  19.840 0.8999999762
4475  9.500  -95.312  19.618 0.8000000119
4476  40.075  -95.004  17.952 0.6000000238
4477  39.384  -95.471  18.024 0.6000000238
4481  26.640  -95.256  18.440 0.8000000119
4485  9.246  -95.348  18.637 0.8000000119
4486  8.919  -95.206  18.248 0.6999999881
4487  7.641  -94.619  17.899 0.6999999881
4488  7.428  -94.585  17.820 0.6999999881
4492  30.047  -95.577  17.455 0.8999999762
4494  26.978  -94.920  18.003 0.8000000119
4499  9.151  -95.438  18.134 0.8000000119
4501  7.964  -94.721  17.632 0.8000000119
4503  41.152  -94.792  16.316 0.6000000238
4506  30.218  -95.684  16.976 0.8999999762
4508  28.852  -95.365  16.422 1.0000000000
4512  8.455  -95.314  17.061 0.8000000119
4513  8.040  -94.914  16.782 0.6000000238
4515  41.103  -94.827  15.842 0.6000000238
4516  40.533  -95.401  15.606 0.6999999881
4517  39.843  -95.785  15.746 0.8999999762
4531  9.381  -95.224  15.351 0.1000000015
4532  8.231  -95.459  15.766 0.2000000030
4533  8.101  -94.856  16.230 0.4000000060
4534  7.507  -94.236  16.562 0.4000000060
4536  40.465  -95.513  14.641 0.8999999762
4546  8.243  -95.290  15.692 0.2000000030
4547  40.869  -94.756  14.217 0.5000000000
4549  40.094  -95.557  13.213 0.8000000119
4552  35.427  -96.301  12.700 0.8000000119
4560  40.179  -95.338  12.824 0.6999999881
4561  36.758  -96.019  11.987 0.8999999762
4562  36.124  -95.902  12.269 0.8000000119
4563  35.556  -96.117  12.414 0.8000000119
4564  30.600  -95.106  12.101 0.5000000000
4574  40.237  -94.771  12.396 0.6999999881
4576  36.738  -96.166  11.669 0.8999999762
4578  35.636  -96.121  11.837 0.8000000119
4579  32.408  -95.066  10.986 0.6000000238
4583  28.784  -95.376  11.395 0.5000000000
4592  39.423  -95.195  10.824 0.8000000119
4593  39.035  -95.437  10.275 0.8000000119
4599  28.452  -95.302  10.678 0.5000000000
4613  31.557  -95.950  9.318 0.8000000119
4635  30.800  -96.056  8.429 0.8000000119
4642  22.527  -95.991  8.032 0.8000000119
4650  37.176  -95.914  7.571 0.8999999762
4651  36.716  -95.724  7.316 0.8999999762
4654  34.358  -95.582  7.261 0.8999999762
4672  36.288  -95.720  6.856 0.8999999762
4674  34.844  -95.848  6.425 0.8999999762
4682  26.845  -96.239  6.466 0.6000000238
4695  27.569  -96.134  5.504 0.6999999881
4702  31.263  -96.278  4.660 0.8000000119
4712  25.379  -95.409  2.610 0.6999999881
4718  25.479  -95.864  1.845 0.6000000238
4726  21.734  -95.599  1.631 0.6999999881
4916  8.592  -94.614  42.669 0.1000000015
4985  13.985  -94.650  36.296 0.4000000060
4986  13.206  -94.819  36.392 0.4000000060
4989  10.676  -95.257  36.170 0.3000000119
4995  15.496  -94.830  35.600 0.5000000000
4997  10.985  -94.385  35.999 0.4000000060
4999  9.020  -94.683  35.290 0.3000000119
5006  16.438  -94.661  34.317 0.5000000000
5009  7.914  -94.180  34.550 0.3000000119
5010  7.586  -93.963  34.512 0.3000000119
5028  15.657  -94.279  31.567 0.6000000238
5031  13.098  -95.352  31.084 0.6999999881
5037  15.499  -93.872  30.989 0.6000000238
5040  12.849  -94.818  30.675 0.6999999881
5043  9.950  -95.430  30.052 0.6999999881
5055  10.617  -94.435  29.720 0.6999999881
5057  9.010  -95.028  29.032 0.6999999881
5066  17.730  -95.031  28.319 0.6000000238
5067  17.142  -95.046  28.432 0.6999999881
5068  9.108  -94.392  28.734 0.6999999881
5070  8.187  -94.591  27.765 0.6999999881
5075  18.587  -94.877  27.470 0.6000000238
5076  17.951  -94.802  27.759 0.6999999881
5077  17.227  -94.696  27.740 0.6999999881
5080  33.017  -95.435  26.418 0.1000000015
5083  21.412  -94.732  26.356 0.5000000000
5085  19.977  -94.676  26.424 0.6000000238
5088  17.349  -94.643  27.161 0.6999999881
5089  6.955  -94.866  26.274 0.8000000119
5090  37.932  -94.017  24.943 0.1000000015
5098  21.978  -94.442  25.640 0.5000000000
5099  21.522  -94.352  25.739 0.5000000000
5102  19.207  -95.199  25.706 0.6999999881
5103  7.085  -94.360  25.503 0.8000000119
5104  7.011  -94.667  25.701 0.8999999762
5105  38.147  -94.086  24.573 0.2000000030
5109  20.337  -94.357  24.864 0.5000000000
5110  19.874  -94.844  24.554 0.8000000119
5112  6.957  -95.122  25.343 0.8999999762
5121  32.116  -94.877  22.966 0.4000000060
5123  25.198  -95.013  23.259 0.6999999881
5126  22.702  -94.210  24.349 0.6000000238
5133  37.400  -94.424  22.587 0.4000000060
5136  34.281  -94.481  22.397 0.5000000000
5137  33.285  -94.619  22.430 0.4000000060
5138  32.474  -94.888  22.290 0.4000000060
5139  32.244  -94.888  22.694 0.5000000000
5149  7.748  -94.028  22.990 1.0000000000
5150  40.314  -93.873  20.306 0.4000000060
5159  29.130  -94.782  20.914 0.6000000238
5160  28.514  -94.145  21.308 0.6999999881
5162  21.198  -94.077  21.436 0.8000000119
5163  20.703  -94.349  21.833 0.8999999762
5169  9.029  -94.616  21.483 1.0000000000
5171  7.731  -93.998  20.620 0.8999999762
5176  37.296  -94.701  20.908 0.6000000238
5179  29.258  -94.372  20.296 0.6999999881
5189  8.852  -94.462  20.811 1.0000000000
5190  8.195  -94.337  20.375 0.8000000119
5191  7.585  -94.210  19.877 0.6999999881
5192  40.874  -93.994  18.930 0.4000000060
5193  40.695  -94.119  19.207 0.4000000060
5195  39.124  -95.140  19.188 0.6000000238
5201  22.557  -94.525  19.771 0.8000000119
5210  7.106  -94.207  18.732 0.8000000119
5211  41.015  -94.059  18.165 0.4000000060
5212  40.485  -94.600  18.295 0.4000000060
5213  39.852  -94.992  18.434 0.6000000238
5215  28.783  -94.018  18.432 0.6999999881
5216  27.289  -94.314  18.281 0.8000000119
5224  7.154  -94.406  18.118 0.6999999881
5225  41.203  -94.197  17.142 0.4000000060
5228  36.387  -94.097  17.047 0.4000000060
5233  27.169  -94.546  18.165 0.8000000119
5238  8.290  -94.880  17.994 0.8000000119
5239  8.035  -94.733  18.078 0.6999999881
5242  41.111  -94.537  16.933 0.4000000060
5245  36.681  -94.115  16.518 0.4000000060
5246  36.118  -94.113  16.557 0.4000000060
5248  28.596  -94.904  16.976 0.8000000119
5249  28.086  -94.726  17.200 0.8999999762
5253  9.796  -94.648  15.926 0.2000000030
5255  41.247  -94.482  15.816 0.5000000000
5257  37.793  -94.054  15.706 0.4000000060
5259  36.154  -94.067  16.058 0.4000000060
5269  8.785  -94.517  15.803 0.1000000015
5270  8.233  -94.434  16.120 0.2000000030
5279  9.036  -95.003  15.372 0.1000000015
5281  8.239  -95.049  15.692 0.2000000030
5282  40.987  -94.458  14.591 0.5000000000
5284  31.521  -93.940  13.115 0.4000000060
5304  26.506  -93.646  12.031 0.6000000238
5313  39.683  -94.618  11.277 0.6000000238
5314  34.231  -93.896  10.986 0.6000000238
5318  31.018  -94.958  12.173 0.5000000000
5330  39.196  -94.577  10.483 0.8000000119
5331  38.899  -94.362  10.239 0.8000000119
5335  33.138  -94.757  10.894 0.6000000238
5336  28.050  -95.048  10.714 0.5000000000
5348  39.014  -94.728  10.187 0.8000000119
5356  27.521  -94.711  9.917 0.5000000000
5367  38.497  -94.898  9.245 0.8000000119
5368  37.987  -94.731  8.773 0.6999999881
5371  35.433  -94.961  8.420 0.8000000119
5373  27.690  -94.840  9.049 0.6000000238
5392  24.382  -94.267  6.475 1.0000000000
5402  24.574  -94.494  5.790 1.0000000000
5431  22.307  -93.935  2.502 0.6999999881
5440  27.164  -94.456  0.828 1.0000000000
5661  8.218  -93.306  43.100 0.1000000015
5686  10.014  -93.326  41.756 0.1000000015
5728  8.457  -93.107  38.135 0.2000000030
5736  8.273  -93.440  37.563 0.3000000119
5744  13.534  -94.159  36.295 0.4000000060
5746  11.658  -94.215  36.116 0.4000000060
5747  7.916  -93.667  36.873 0.3000000119
5753  14.169  -93.825  36.178 0.4000000060
5767  9.335  -93.410  34.476 0.3000000119
5768  8.552  -93.604  34.254 0.3000000119
5770  7.425  -93.569  34.553 0.3000000119
5777  7.790  -93.288  33.639 0.2000000030
5799  15.538  -93.322  30.462 0.6000000238
5801  13.449  -93.986  30.181 0.6999999881
5803  11.848  -93.978  29.798 0.6999999881
5812  13.862  -93.286  29.793 0.6999999881
5814  12.289  -93.475  29.468 0.6999999881
5816  10.902  -93.838  29.322 0.6999999881
5826  11.907  -93.275  29.184 0.6999999881
5827  11.381  -93.260  29.000 0.6999999881
5829  9.493  -93.838  28.640 0.6999999881
5831  8.373  -94.265  27.930 0.6999999881
5833  9.033  -93.655  27.975 0.6999999881
5834  8.469  -93.736  27.599 0.6999999881
5835  7.822  -94.102  27.396 0.6999999881
5836  7.315  -94.298  27.001 0.6999999881
5837  31.104  -93.289  26.474 0.1000000015
5838  30.823  -92.928  26.030 0.1000000015
5840  7.512  -93.764  26.622 0.8000000119
5843  37.684  -93.643  25.028 0.1000000015
5849  31.388  -93.225  25.511 0.2000000030
5850  30.807  -92.672  25.629 0.1000000015
5851  21.078  -93.951  25.124 0.5000000000
5852  20.693  -94.121  25.046 0.5000000000
5854  7.060  -94.448  26.059 0.8000000119
5855  38.425  -93.434  24.210 0.1000000015
5856  37.998  -93.274  24.642 0.1000000015
5857  33.577  -92.966  24.862 0.1000000015
5859  32.115  -92.984  24.855 0.1000000015
5860  22.059  -93.614  24.466 0.6999999881
5861  21.334  -93.707  24.497 0.5000000000
5864  38.931  -93.380  23.026 0.3000000119
5869  20.944  -93.721  23.972 0.6999999881
5873  26.793  -93.532  22.308 0.8000000119
5875  24.860  -93.526  22.608 0.6999999881
5876  23.894  -93.357  22.581 0.6999999881
5883  7.914  -93.518  22.164 1.0000000000
5884  40.228  -93.349  20.742 0.4000000060
5886  28.233  -93.458  20.905 0.8000000119
5887  27.678  -93.307  21.382 0.8000000119
5888  27.222  -93.323  21.861 0.8000000119
5890  21.859  -93.527  21.543 0.8000000119
5898  7.888  -93.782  21.397 1.0000000000
5899  7.727  -93.629  21.171 1.0000000000
5901  29.010  -93.956  20.346 0.6999999881
5902  28.644  -93.628  20.459 0.6999999881
5904  25.134  -92.957  20.161 0.8000000119
5906  23.920  -93.353  19.999 0.8000000119
5908  22.280  -93.665  20.734 0.8000000119
5918  34.951  -93.142  19.161 0.2000000030
5920  29.037  -93.864  19.878 0.6999999881
5925  24.598  -93.788  19.677 0.8000000119
5927  23.177  -94.141  19.692 0.8000000119
5934  40.760  -93.612  18.181 0.4000000060
5935  40.498  -93.160  18.366 0.4000000060
5936  38.238  -93.114  17.821 0.4000000060
5938  36.576  -93.218  18.617 0.4000000060
5939  35.328  -93.500  18.448 0.3000000119
5941  33.525  -93.035  18.515 0.3000000119
5942  28.958  -93.876  19.047 0.6999999881
5945  26.913  -93.903  18.824 0.8000000119
5952  7.181  -93.261  18.365 0.6999999881
5953  6.950  -93.837  17.939 0.6999999881
5962  33.799  -93.289  17.664 0.3000000119
5963  27.815  -94.067  18.154 0.8000000119
5964  27.524  -94.209  18.208 0.8000000119
5967  10.908  -92.916  17.885 0.1000000015
5969  7.780  -92.372  17.787 0.8000000119
5970  7.235  -92.640  17.678 0.5000000000
5972  41.169  -93.942  16.458 0.4000000060
5977  35.539  -93.938  16.324 0.4000000060
5984  6.724  -93.047  16.489 0.4000000060
5985  41.221  -94.181  15.766 0.5000000000
5999  9.129  -93.881  16.093 0.2000000030
6002  6.921  -93.333  15.997 0.4000000060
6003  41.065  -94.109  15.060 0.5000000000
6010  31.605  -92.620  13.897 0.3000000119
6011  31.107  -92.783  14.106 0.3000000119
6021  40.845  -94.169  14.410 0.5000000000
6024  38.413  -93.701  13.177 0.6000000238
6025  37.157  -93.298  13.078 0.4000000060
6027  32.290  -93.053  13.262 0.3000000119
6033  26.763  -92.686  12.778 0.5000000000
6045  32.479  -93.375  12.952 0.3000000119
6047  26.896  -93.475  12.746 0.5000000000
6056  40.037  -94.319  12.297 0.6000000238
6078  35.561  -93.395  10.745 0.6000000238
6081  25.118  -93.649  9.905 0.8000000119
6089  38.656  -94.259  10.021 0.6999999881
6090  38.222  -93.891  9.954 0.6999999881
6092  36.802  -93.541  10.261 0.6999999881
6109  24.538  -93.309  7.785 0.8000000119
6119  24.129  -94.089  7.238 0.8999999762
6138  25.782  -93.932  5.056 0.8999999762
6157  30.648  -93.188  1.490 0.6000000238
6165  31.206  -92.726  1.255 0.6000000238
6170  23.506  -93.388  1.571 0.6999999881
6443  9.136  -92.696  42.996 0.1000000015
6471  9.942  -92.932  41.969 0.1000000015
6514  8.170  -92.892  39.161 0.2000000030
6530  8.277  -93.149  36.708 0.3000000119
6540  12.714  -92.727  35.568 0.4000000060
6545  7.977  -92.640  35.489 0.2000000030
6558  12.301  -92.168  34.973 0.5000000000
6562  7.752  -92.197  34.624 0.2000000030
6571  16.712  -92.049  33.137 0.6000000238
6574  9.055  -92.845  33.532 0.2000000030
6576  7.567  -92.585  33.384 0.3000000119
6591  9.047  -92.331  32.945 0.3000000119
6592  8.475  -92.393  32.819 0.3000000119
6604  17.186  -91.624  31.101 0.6000000238
6618  16.715  -92.250  30.430 0.6000000238
6625  16.275  -92.088  29.752 0.6000000238
6626  15.450  -92.329  29.439 0.6000000238
6629  12.756  -93.168  29.301 0.6999999881
6639  14.687  -91.970  28.853 0.6000000238
6643  10.028  -93.104  28.060 0.6999999881
6646  30.504  -92.024  26.699 0.1000000015
6647  13.477  -91.760  28.298 0.6999999881
6652  8.453  -93.394  27.060 0.6999999881
6654  30.543  -92.309  26.186 0.1000000015
6656  9.556  -92.230  26.028 0.8000000119
6658  7.587  -93.427  26.038 0.8000000119
6659  37.232  -93.181  25.159 0.1000000015
6661  35.697  -92.906  25.291 0.1000000015
6662  34.599  -92.658  24.981 0.1000000015
6669  38.103  -92.554  24.207 0.1000000015
6671  37.000  -92.756  25.059 0.1000000015
6676  30.880  -92.135  24.985 0.1000000015
6677  9.247  -92.125  24.355 0.8000000119
6679  7.960  -92.725  24.139 0.8000000119
6680  38.864  -93.054  23.249 0.3000000119
6682  9.157  -92.136  22.958 0.8000000119
6683  8.672  -92.303  23.254 0.8000000119
6684  7.958  -92.714  23.026 0.8999999762
6687  26.673  -93.098  22.042 0.8000000119
6695  10.337  -92.413  21.996 0.8000000119
6702  26.890  -92.919  21.596 0.8000000119
6703  25.980  -92.565  21.421 0.6999999881
6704  25.074  -92.600  21.309 0.6999999881
6706  23.363  -92.841  21.028 0.8000000119
6717  7.662  -93.219  21.464 1.0000000000
6718  40.311  -92.765  20.090 0.4000000060
6720  36.956  -92.114  19.883 0.2000000030
6725  27.256  -92.827  20.890 0.8000000119
6728  24.779  -92.771  20.581 0.8000000119
6730  23.574  -93.141  20.415 0.8000000119
6740  7.420  -93.253  20.497 0.8999999762
6743  38.437  -92.109  19.293 0.3000000119
6746  35.614  -92.687  19.694 0.3000000119
6747  34.552  -92.682  19.832 0.2000000030
6752  25.739  -92.923  19.981 0.8000000119
6758  10.813  -91.873  19.896 0.8999999762
6761  8.334  -92.751  19.272 0.8000000119
6763  40.275  -92.865  18.368 0.4000000060
6769  32.557  -92.090  18.401 0.1000000015
6774  9.889  -91.581  19.187 0.8000000119
6779  40.079  -92.920  17.949 0.4000000060
6780  39.468  -92.835  17.901 0.4000000060
6782  32.794  -92.421  17.569 0.2000000030
6786  11.160  -92.455  18.034 0.1000000015
6788  8.043  -92.080  17.644 0.6999999881
6797  10.236  -92.854  16.872 0.1000000015
6800  35.241  -92.935  14.806 0.3000000119
6802  33.747  -92.186  15.805 0.3000000119
6808  7.147  -92.679  15.618 0.4000000060
6811  35.231  -92.337  14.202 0.3000000119
6814  30.813  -92.071  14.452 0.4000000060
6815  29.856  -92.112  14.756 0.3000000119
6823  36.489  -92.803  12.744 0.4000000060
6825  35.079  -91.907  13.482 0.3000000119
6826  33.189  -92.310  12.823 0.3000000119
6828  31.993  -92.260  13.762 0.3000000119
6839  36.122  -92.527  12.453 0.5000000000
6841  34.478  -92.097  12.289 0.3000000119
6842  33.709  -92.501  12.392 0.3000000119
6844  26.853  -91.926  12.575 0.5000000000
6845  26.390  -92.324  12.381 0.5000000000
6854  36.880  -92.975  11.991 0.5000000000
6855  36.576  -92.820  11.934 0.5000000000
6856  35.917  -92.555  11.902 0.5000000000
6859  26.065  -92.820  12.047 0.6000000238
6886  25.086  -92.072  8.700 0.6999999881
6899  24.820  -92.817  7.915 0.8000000119
6911  21.514  -92.355  6.061 0.8999999762
6920  27.076  -92.196  5.587 0.8000000119
6933  8.690  -92.062  5.462 0.1000000015
6940  18.555  -92.461  3.657 0.3000000119
6941  18.015  -92.917  3.125 0.1000000015
6947  8.931  -91.997  4.924 0.1000000015
6952  28.470  -93.061  3.578 0.8000000119
6954  23.465  -92.241  2.972 0.6999999881
6972  30.935  -92.422  1.197 0.6000000238
6978  32.847  -91.931  0.767 0.3000000119
6979  32.579  -92.102  0.841 0.4000000060
6980  28.159  -93.061  0.788 0.8000000119
7252  9.015  -91.582  43.953 0.1000000015
7338  8.300  -91.423  39.889 0.1000000015
7353  10.062  -91.358  38.123 0.2000000030
7355  8.620  -91.836  39.209 0.1000000015
7386  9.666  -91.050  35.275 0.2000000030
7397  14.589  -91.548  34.634 0.5000000000
7400  12.066  -91.805  34.390 0.4000000060
7401  8.673  -91.405  34.471 0.2000000030
7402  8.193  -91.714  34.349 0.2000000030
7403  7.585  -91.977  34.161 0.2000000030
7412  15.620  -91.011  33.601 0.6000000238
7416  11.485  -91.671  33.806 0.3000000119
7420  7.618  -91.838  33.565 0.2000000030
7435  16.732  -91.294  32.617 0.6000000238
7437  11.084  -91.308  33.145 0.3000000119
7440  8.124  -91.863  32.346 0.3000000119
7452  17.254  -91.165  31.039 0.6000000238
7455  7.762  -91.305  31.857 0.3000000119
7482  16.971  -90.928  29.411 0.6999999881
7484  15.588  -91.740  28.928 0.6999999881
7485  32.018  -91.365  29.101 0.1000000015
7496  13.742  -91.721  28.308 0.6999999881
7502  13.615  -91.485  27.873 0.8000000119
7505  11.201  -91.706  26.510 0.8000000119
7507  15.175  -90.778  26.596 0.6999999881
7508  14.685  -90.959  26.619 0.6999999881
7510  12.694  -91.249  26.519 0.6999999881
7512  11.150  -91.682  25.894 0.8000000119
7515  36.170  -92.279  25.147 0.1000000015
7518  14.155  -90.986  26.144 0.6999999881
7521  11.803  -91.421  25.380 0.8000000119
7523  10.115  -91.980  25.082 0.8000000119
7526  36.760  -91.937  24.800 0.1000000015
7528  34.814  -91.589  24.822 0.1000000015
7534  13.489  -91.048  25.013 0.8000000119
7537  10.731  -91.879  24.375 0.8000000119
7539  9.224  -92.110  24.008 0.8000000119
7540  38.177  -91.756  23.598 0.2000000030
7546  9.426  -92.082  23.422 0.8000000119
7552  12.175  -91.579  22.719 0.6999999881
7554  9.970  -92.163  22.785 0.8000000119
7556  39.354  -91.460  21.126 0.3000000119
7568  11.581  -91.786  21.494 0.8000000119
7570  38.487  -91.221  20.369 0.3000000119
7575  33.531  -90.913  20.621 0.1000000015
7580  10.987  -91.385  20.295 0.8000000119
7581  10.703  -90.874  20.079 0.8000000119
7582  39.367  -91.760  20.044 0.4000000060
7585  33.025  -91.202  20.034 0.1000000015
7592  10.630  -91.622  19.758 0.8999999762
7594  9.624  -90.884  19.372 0.8000000119
7600  9.872  -91.334  19.262 0.8000000119
7603  7.212  -91.094  18.249 0.8000000119
7612  8.240  -91.871  17.908 0.6999999881
7613  7.701  -91.661  17.805 0.6999999881
7614  6.799  -91.402  17.565 0.5000000000
7622  7.396  -91.283  15.832 0.3000000119
7625  33.635  -91.395  15.350 0.3000000119
7626  32.880  -90.959  15.843 0.2000000030
7631  7.607  -92.030  15.711 0.2000000030
7633  6.482  -91.850  16.347 0.5000000000
7635  34.307  -91.356  14.323 0.3000000119
7638  31.612  -91.221  14.226 0.3000000119
7648  34.203  -91.228  13.495 0.3000000119
7651  31.904  -91.715  13.961 0.3000000119
7661  34.356  -91.696  12.886 0.3000000119
7663  28.381  -90.998  12.741 0.4000000060
7666  26.125  -91.815  12.067 0.5000000000
7678  25.819  -91.781  11.684 0.6000000238
7690  30.455  -91.411  9.733 0.4000000060
7694  26.563  -91.066  11.046 0.6000000238
7710  30.763  -91.619  9.116 0.4000000060
7713  28.172  -91.160  10.064 0.5000000000
7714  25.956  -91.034  9.106 0.6000000238
7727  34.796  -91.455  8.030 0.1000000015
7729  33.135  -91.734  8.011 0.2000000030
7733  29.574  -91.306  8.964 0.5000000000
7749  34.656  -91.707  7.372 0.1000000015
7752  31.837  -91.352  7.703 0.2000000030
7772  33.620  -91.352  6.929 0.1000000015
7773  33.145  -91.251  6.938 0.2000000030
7775  26.576  -91.516  6.622 0.6999999881
7776  26.116  -91.852  6.837 0.6999999881
7778  22.147  -91.778  6.340 0.8999999762
7795  26.796  -91.853  6.075 0.6999999881
7796  23.232  -91.387  5.130 0.8000000119
7816  11.493  -91.149  4.275 0.1000000015
7819  9.783  -91.889  3.958 0.1000000015
7825  30.253  -92.395  3.609 0.6999999881
7830  18.641  -92.239  2.526 0.1000000015
7833  11.441  -91.017  3.984 0.1000000015
7835  10.973  -91.391  3.743 0.1000000015
7839  33.987  -90.987  2.087 0.2000000030
7841  32.908  -92.310  2.281 0.3000000119
7842  24.802  -91.134  2.173 0.8000000119
7844  19.103  -91.749  2.068 0.1000000015
7849  7.996  -91.008  2.483 0.1000000015
7851  33.685  -91.414  1.374 0.2000000030
7852  33.378  -91.727  1.065 0.2000000030
7862  33.663  -91.345  0.983 0.2000000030
7864  32.518  -91.606  0.690 0.4000000060
7866  27.637  -92.573  0.834 0.8000000119
7868  26.041  -92.572  0.718 0.8000000119
8253  10.063  -90.439  39.140 0.1000000015
8300  10.561  -90.241  36.208 0.2000000030
8320  8.968  -90.880  34.323 0.2000000030
8321  8.522  -91.301  34.194 0.2000000030
8331  13.874  -90.602  33.317 0.6000000238
8333  12.289  -91.029  33.383 0.5000000000
8334  8.647  -90.800  33.954 0.2000000030
8336  7.743  -91.020  32.964 0.2000000030
8354  16.263  -90.467  32.389 0.6000000238
8360  9.593  -91.174  32.202 0.3000000119
8361  9.010  -91.361  31.933 0.3000000119
8362  7.532  -90.796  32.287 0.3000000119
8376  17.189  -90.553  30.522 0.6999999881
8379  14.268  -89.950  31.805 0.6000000238
8384  9.021  -90.850  31.472 0.4000000060
8405  8.463  -90.419  30.953 0.3000000119
8406  7.848  -90.171  30.861 0.4000000060
8412  32.290  -90.731  30.127 0.1000000015
8413  31.927  -90.420  29.631 0.1000000015
8421  17.104  -90.594  29.718 0.6999999881
8428  31.129  -90.354  28.444 0.1000000015
8441  15.654  -90.599  26.969 0.6999999881
8445  29.736  -90.131  26.830 0.1000000015
8446  15.904  -90.127  26.621 0.6999999881
8447  15.492  -90.432  26.356 0.6999999881
8460  30.604  -90.250  24.832 0.1000000015
8461  14.951  -90.178  24.932 0.6999999881
8463  13.755  -90.877  24.340 0.6999999881
8469  38.845  -90.987  21.769 0.2000000030
8470  38.440  -90.297  22.386 0.2000000030
8475  37.246  -90.357  21.456 0.2000000030
8476  36.108  -89.947  21.857 0.2000000030
8478  34.399  -89.963  21.592 0.1000000015
8479  33.898  -89.732  21.262 0.1000000015
8487  11.515  -90.767  21.030 0.8999999762
8488  39.156  -91.063  20.894 0.3000000119
8489  38.780  -90.875  20.877 0.2000000030
8491  34.182  -90.473  21.326 0.1000000015
8499  10.357  -90.442  20.168 0.8000000119
8501  9.037  -90.155  20.181 0.8000000119
8502  33.364  -90.358  20.238 0.1000000015
8509  10.007  -90.513  19.824 0.8000000119
8510  9.514  -90.514  19.688 0.8000000119
8511  8.600  -90.298  19.716 0.8000000119
8512  7.836  -90.270  19.455 0.8000000119
8517  12.234  -90.795  18.990 0.1000000015
8520  9.170  -90.716  19.340 0.8000000119
8523  6.736  -90.233  18.697 0.5000000000
8527  11.221  -91.191  17.933 0.1000000015
8535  8.625  -91.137  16.383 0.2000000030
8536  7.764  -90.734  16.340 0.2000000030
8543  6.570  -91.357  16.358 0.5000000000
8544  6.481  -91.452  16.599 0.5000000000
8546  33.457  -90.613  14.319 0.3000000119
8555  32.963  -90.691  13.675 0.3000000119
8557  28.558  -90.173  13.337 0.4000000060
8602  26.196  -90.982  10.579 0.6000000238
8619  28.101  -90.864  9.325 0.5000000000
8628  9.605  -89.830  8.688 1.0000000000
8636  34.227  -91.202  8.401 0.1000000015
8638  29.861  -91.078  8.394 0.4000000060
8652  8.764  -89.859  8.156 0.8999999762
8663  32.249  -90.893  7.186 0.2000000030
8665  30.591  -90.814  7.824 0.3000000119
8668  27.318  -90.621  7.497 0.5000000000
8671  22.283  -90.889  7.087 0.8999999762
8679  10.029  -89.721  7.476 0.8999999762
8684  5.464  -89.701  6.501 0.1000000015
8695  28.040  -90.259  6.323 0.5000000000
8697  26.979  -90.892  7.039 0.5000000000
8699  22.758  -91.138  6.458 0.8000000119
8706  9.394  -90.005  6.080 0.8999999762
8708  6.816  -90.926  5.524 0.1000000015
8718  28.165  -90.617  5.528 0.6000000238
8726  9.422  -89.740  5.579 0.8000000119
8727  9.024  -90.072  5.493 0.8000000119
8729  6.330  -90.823  5.109 0.1000000015
8736  30.552  -90.726  4.297 0.6000000238
8737  29.420  -90.679  4.722 0.6000000238
8738  28.555  -91.101  4.961 0.6000000238
8740  24.260  -90.338  4.404 0.8000000119
8748  8.857  -89.792  4.855 0.8000000119
8749  6.747  -91.150  4.560 0.1000000015
8751  5.589  -89.781  4.541 0.2000000030
8769  8.993  -90.854  2.695 0.1000000015
8787  6.898  -89.942  2.750 0.3000000119
8800  19.193  -90.630  0.714 0.1000000015
8802  10.136  -89.789  2.202 0.2000000030
8803  9.541  -89.991  2.122 0.2000000030
8804  8.717  -90.177  2.158 0.1000000015
8805  8.134  -90.312  2.175 0.1000000015
8806  35.353  -89.767  0.771 0.1000000015
8807  34.854  -90.114  0.769 0.1000000015
8811  19.758  -90.128  0.717 0.1000000015
8812  19.493  -90.255  0.690 0.1000000015
8813  19.214  -90.326  0.625 0.1000000015
9182  10.580  -88.898  37.409 0.2000000030
9203  10.231  -89.548  35.622 0.2000000030
9204  9.749  -89.378  35.118 0.2000000030
9212  9.934  -89.871  34.935 0.2000000030
9257  31.644  -89.259  31.903 0.1000000015
9263  15.438  -89.559  30.780 0.6000000238
9268  9.779  -90.154  31.276 0.4000000060
9282  16.079  -89.352  29.827 0.6999999881
9290  7.686  -89.341  30.632 0.3000000119
9303  15.369  -89.029  29.302 0.6999999881
9309  31.344  -90.048  28.847 0.1000000015
9312  16.392  -89.482  28.295 0.6999999881
9317  30.159  -89.711  27.920 0.1000000015
9320  15.980  -89.379  26.832 0.6999999881
9324  29.483  -89.365  26.980 0.1000000015
9325  16.093  -89.876  26.816 0.6999999881
9330  29.584  -89.582  26.151 0.1000000015
9331  15.477  -89.752  25.635 0.6999999881
9334  35.574  -89.598  24.457 0.2000000030
9338  30.962  -89.529  24.699 0.1000000015
9339  30.327  -89.522  25.068 0.1000000015
9340  15.074  -89.726  24.898 0.6999999881
9341  14.621  -89.538  24.215 0.6999999881
9342  37.992  -89.453  23.371 0.2000000030
9343  37.552  -89.442  23.695 0.2000000030
9344  14.121  -89.498  23.541 0.6999999881
9346  38.288  -89.505  22.889 0.2000000030
9347  36.695  -88.570  22.067 0.2000000030
9349  12.979  -89.649  22.518 0.6999999881
9351  11.626  -89.536  21.569 0.8000000119
9355  35.904  -89.006  22.163 0.2000000030
9356  34.891  -89.038  21.922 0.1000000015
9366  10.462  -89.521  21.047 0.8000000119
9368  8.897  -89.220  20.981 0.8000000119
9376  10.041  -89.840  20.561 0.8999999762
9379  7.282  -89.294  20.360 0.6000000238
9380  6.973  -89.033  20.465 0.6999999881
9400  9.472  -89.432  17.831 0.1000000015
9401  6.846  -89.318  18.966 0.5000000000
9416  6.877  -90.226  16.922 0.5000000000
9424  29.786  -89.204  15.110 0.2000000030
9437  28.881  -89.294  14.260 0.3000000119
9453  28.677  -89.445  13.727 0.4000000060
9471  30.095  -89.155  11.325 0.2000000030
9473  11.115  -89.076  10.885 1.0000000000
9474  10.819  -89.088  10.863 1.0000000000
9477  32.999  -89.216  9.931 0.2000000030
9478  32.583  -89.400  9.995 0.2000000030
9487  8.606  -88.975  10.120 1.0000000000
9495  31.855  -90.461  9.753 0.3000000119
9497  23.115  -89.606  9.446 0.8000000119
9499  21.755  -89.052  9.086 0.8000000119
9503  11.506  -89.030  10.051 0.8999999762
9505  9.733  -89.670  9.198 1.0000000000
9513  35.389  -90.075  8.680 0.1000000015
9522  10.503  -89.125  8.339 0.8999999762
9537  29.145  -89.799  7.114 0.5000000000
9542  21.147  -90.034  7.222 0.8000000119
9548  10.239  -89.220  7.486 0.8999999762
9549  9.976  -89.529  6.982 0.8999999762
9550  8.287  -89.760  7.476 0.8999999762
9560  31.802  -89.401  6.770 0.4000000060
9566  21.207  -89.195  7.359 0.8999999762
9573  10.059  -89.064  6.864 0.8999999762
9583  35.085  -89.526  5.713 0.1000000015
9585  30.572  -89.302  5.460 0.4000000060
9587  28.497  -90.080  5.908 0.5000000000
9596  9.549  -89.219  4.743 0.8000000119
9597  9.621  -89.311  5.093 0.8000000119
9607  33.311  -89.201  4.072 0.2000000030
9608  32.658  -89.572  4.152 0.2000000030
9609  31.303  -89.768  4.570 0.4000000060
9613  24.643  -89.870  4.672 0.8000000119
9614  24.414  -90.117  4.699 0.8000000119
9620  9.524  -89.136  4.539 0.8000000119
9621  9.294  -89.286  4.375 0.8000000119
9625  5.460  -89.140  4.402 0.2000000030
9637  24.908  -89.708  4.046 0.8000000119
9645  9.335  -88.949  3.737 0.8000000119
9649  5.674  -89.023  3.879 0.2000000030
9657  34.403  -90.144  2.602 0.1000000015
9661  20.187  -89.548  2.056 0.1000000015
9664  15.306  -88.669  2.072 0.1000000015
9678  32.061  -89.862  0.767 0.3000000119
9685  20.120  -89.596  1.447 0.1000000015
9695  8.161  -89.919  2.222 0.3000000119
9703  19.944  -89.875  0.804 0.1000000015
9704  19.542  -89.884  0.724 0.1000000015
10183  9.331  -88.985  35.028 0.2000000030
10186  7.244  -87.746  34.725 0.1000000015
10200  8.374  -89.012  33.574 0.2000000030
10218  7.743  -88.694  32.253 0.2000000030
10239  11.577  -88.177  30.850 0.6000000238
10251  30.935  -88.622  29.407 0.1000000015
10253  14.357  -88.324  29.163 0.6999999881
10261  15.973  -88.879  28.025 0.6999999881
10262  15.259  -88.593  28.082 0.6999999881
10264  13.763  -87.874  27.985 0.6999999881
10268  16.174  -89.169  27.745 0.6999999881
10271  13.951  -88.069  27.597 0.6999999881
10277  15.625  -88.928  26.443 0.6999999881
10278  15.006  -88.432  26.712 0.6999999881
10286  29.631  -88.781  25.806 0.1000000015
10289  14.458  -88.320  26.328 0.6999999881
10293  37.358  -88.968  23.716 0.2000000030
10303  13.940  -88.257  24.252 0.6999999881
10306  38.109  -89.009  23.147 0.2000000030
10307  37.616  -88.544  23.377 0.2000000030
10308  37.178  -88.189  23.626 0.2000000030
10316  36.530  -88.436  22.101 0.2000000030
10317  36.223  -88.474  22.157 0.2000000030
10321  13.183  -88.941  22.713 0.6999999881
10322  12.566  -88.919  22.387 0.6999999881
10329  37.867  -88.761  22.400 0.2000000030
10331  36.528  -88.182  22.141 0.2000000030
10334  33.961  -88.782  20.968 0.1000000015
10342  10.992  -89.163  21.526 0.8000000119
10343  10.137  -88.926  21.547 0.8999999762
10346  7.316  -88.382  21.159 0.6000000238
10358  7.549  -88.900  20.730 0.6000000238
10373  7.838  -88.376  19.183 0.2000000030
10374  7.345  -88.208  19.220 0.3000000119
10375  6.933  -88.429  19.684 0.4000000060
10395  36.657  -88.711  17.212 0.1000000015
10399  31.492  -88.386  17.241 0.1000000015
10404  7.416  -88.964  17.786 0.3000000119
10413  36.281  -88.507  16.878 0.1000000015
10414  31.117  -88.365  16.705 0.1000000015
10451  29.174  -88.642  14.438 0.3000000119
10472  29.129  -88.382  13.583 0.4000000060
10473  28.796  -88.932  13.475 0.4000000060
10482  29.338  -88.606  12.560 0.3000000119
10488  9.429  -87.806  12.152 1.0000000000
10493  30.354  -88.630  11.523 0.2000000030
10494  29.774  -88.684  11.918 0.3000000119
10495  13.141  -87.909  11.272 0.8999999762
10500  8.417  -87.767  11.369 1.0000000000
10508  23.990  -88.625  10.115 0.8000000119
10509  23.122  -88.944  10.247 0.8000000119
10510  22.320  -88.519  10.136 0.8000000119
10512  12.954  -87.691  10.741 0.8999999762
10528  22.150  -88.852  9.833 0.8000000119
10531  12.191  -87.904  9.978 0.8999999762
10535  7.613  -88.338  9.363 0.8999999762
10556  26.345  -88.236  7.848 0.6000000238
10561  10.330  -88.547  7.744 0.8999999762
10562  9.940  -88.154  7.360 0.8999999762
10570  33.636  -89.187  6.321 0.1000000015
10575  26.560  -88.313  6.837 0.5000000000
10590  35.197  -89.264  5.452 0.1000000015
10595  30.997  -89.079  5.505 0.4000000060
10607  6.367  -88.023  4.760 0.6999999881
10609  5.337  -88.571  4.986 0.2000000030
10617  32.023  -89.054  4.781 0.4000000060
10622  25.039  -89.412  4.968 0.8000000119
10628  9.538  -88.952  4.375 0.8000000119
10632  5.679  -88.597  4.302 0.3000000119
10647  10.101  -88.116  3.062 0.4000000060
10650  7.461  -88.942  3.430 0.6000000238
10651  6.623  -88.834  3.491 0.5000000000
10652  5.985  -88.724  3.787 0.3000000119
10657  27.635  -88.199  2.719 0.5000000000
10665  15.223  -88.508  1.844 0.1000000015
10666  10.250  -88.261  2.752 0.4000000060
10674  33.549  -88.417  0.866 0.1000000015
10681  27.016  -88.959  2.437 0.6999999881
10682  19.929  -88.738  1.658 0.3000000119
10684  18.598  -88.426  1.535 0.1000000015
10688  14.802  -88.241  1.569 0.1000000015
10695  7.991  -89.701  2.465 0.3000000119
10703  15.135  -87.786  1.341 0.2000000030
10705  14.143  -87.654  1.374 0.4000000060
11256  29.807  -87.453  32.781 0.1000000015
11283  7.344  -87.128  30.835 0.2000000030
11294  13.940  -87.782  28.697 0.6999999881
11296  13.274  -87.228  29.708 0.6999999881
11311  13.470  -87.775  27.710 0.6999999881
11321  11.241  -87.321  26.157 0.8000000119
11340  36.955  -88.068  23.731 0.2000000030
11350  14.287  -88.268  25.582 0.6999999881
11357  7.111  -87.470  24.148 0.8999999762
11358  6.570  -87.291  24.098 0.8000000119
11363  37.424  -87.611  23.062 0.2000000030
11365  36.087  -87.132  23.665 0.1000000015
11373  13.212  -87.866  24.203 0.6999999881
11374  12.268  -87.716  23.552 0.8999999762
11380  6.289  -87.158  23.732 0.8000000119
11384  37.214  -87.582  22.605 0.1000000015
11416  7.219  -87.802  21.778 0.6999999881
11432  6.329  -87.053  21.524 0.4000000060
11460  9.139  -88.310  19.150 0.1000000015
11461  8.584  -88.458  18.981 0.2000000030
11462  7.179  -88.048  19.280 0.3000000119
11472  35.379  -88.336  17.361 0.1000000015
11474  33.926  -87.510  17.866 0.1000000015
11492  34.910  -87.283  16.993 0.1000000015
11493  30.998  -87.606  16.919 0.2000000030
11516  29.481  -88.163  14.798 0.3000000119
11544  39.137  -88.113  12.979 0.1000000015
11546  38.287  -87.548  13.708 0.1000000015
11547  29.957  -87.422  13.345 0.4000000060
11550  14.423  -87.063  12.986 0.8999999762
11551  13.514  -87.217  13.133 0.8999999762
11552  12.612  -87.020  13.183 0.8999999762
11559  39.148  -87.877  12.918 0.1000000015
11562  30.022  -87.770  12.614 0.2000000030
11563  29.534  -87.928  13.132 0.3000000119
11564  15.212  -86.847  12.452 0.8999999762
11565  14.758  -87.067  12.331 0.8999999762
11569  10.477  -87.343  12.617 1.0000000000
11570  9.669  -87.348  12.388 1.0000000000
11576  30.428  -87.950  12.064 0.2000000030
11579  9.146  -87.494  12.143 1.0000000000
11580  8.579  -87.087  11.792 1.0000000000
11581  8.005  -86.704  11.186 1.0000000000
11584  34.781  -86.797  10.432 0.1000000015
11586  33.344  -87.701  11.155 0.2000000030
11588  24.051  -88.271  10.239 0.8000000119
11591  22.226  -87.950  10.219 0.8999999762
11593  12.716  -87.265  10.426 0.8999999762
11594  12.221  -87.070  10.079 0.8999999762
11604  25.024  -87.637  9.494 0.6999999881
11613  11.924  -87.481  9.837 0.8999999762
11630  16.949  -87.239  8.108 0.8000000119
11649  26.858  -87.965  7.864 0.5000000000
11660  5.717  -86.329  6.732 0.6999999881
11661  5.333  -86.435  7.059 0.6999999881
11680  5.348  -86.199  6.966 0.6999999881
11700  29.336  -86.712  4.330 0.2000000030
11712  28.560  -87.196  3.426 0.3000000119
11714  20.538  -87.782  3.390 0.6000000238
11717  12.282  -87.341  4.103 0.8000000119
11718  11.751  -87.199  4.373 0.8999999762
11719  10.160  -87.698  3.050 0.6000000238
11724  36.375  -87.145  1.788 0.1000000015
11726  28.418  -87.322  2.832 0.4000000060
11731  11.524  -87.569  2.621 0.4000000060
11733  10.033  -87.215  2.871 0.6000000238
11747  19.689  -87.998  1.776 0.3000000119
11761  33.794  -88.367  0.838 0.1000000015
11762  15.637  -87.205  1.110 0.2000000030
11763  15.089  -87.344  1.007 0.2000000030
11764  14.375  -87.314  1.118 0.4000000060
11765  13.716  -87.636  1.692 0.4000000060
12331  9.597  -85.995  36.869 0.1000000015
12332  9.068  -85.928  36.911 0.1000000015
12351  7.860  -86.333  36.544 0.1000000015
12360  10.403  -85.908  35.586 0.1000000015
12373  8.463  -85.902  34.763 0.1000000015
12401  7.274  -86.847  32.294 0.2000000030
12415  7.198  -86.692  31.280 0.2000000030
12422  12.655  -86.590  29.994 0.6000000238
12428  7.357  -86.595  30.879 0.2000000030
12438  13.278  -87.057  29.183 0.6000000238
12449  13.245  -87.019  28.896 0.6000000238
12450  12.716  -86.556  28.359 0.6999999881
12462  12.650  -86.839  27.765 0.6999999881
12464  11.109  -86.112  27.163 0.8000000119
12478  10.560  -86.484  26.449 0.8000000119
12479  9.735  -86.160  26.121 0.8000000119
12498  6.081  -85.976  24.695 0.8999999762
12499  5.947  -85.675  24.501 0.8999999762
12514  7.427  -87.178  24.495 0.8999999762
12516  6.255  -86.727  24.269 0.8000000119
12517  5.721  -86.039  24.064 0.6999999881
12522  37.039  -87.211  23.166 0.2000000030
12550  5.831  -86.655  22.893 0.5000000000
12551  5.541  -86.325  22.398 0.4000000060
12555  36.764  -87.031  22.534 0.1000000015
12566  7.920  -86.624  21.381 0.1000000015
12568  5.974  -86.827  22.364 0.4000000060
12569  5.882  -86.647  21.850 0.4000000060
12578  9.305  -87.103  21.076 0.1000000015
12579  8.170  -86.922  20.970 0.1000000015
12580  7.201  -86.774  21.098 0.3000000119
12581  6.692  -86.660  21.190 0.3000000119
12590  8.135  -87.314  20.028 0.2000000030
12600  32.810  -87.608  18.214 0.1000000015
12632  30.517  -86.948  16.045 0.1000000015
12645  36.389  -86.432  15.223 0.1000000015
12647  30.815  -86.359  15.385 0.1000000015
12660  37.213  -86.506  14.547 0.1000000015
12664  16.451  -86.030  13.816 0.6000000238
12673  39.034  -87.019  13.198 0.1000000015
12674  38.285  -87.045  13.688 0.1000000015
12678  16.649  -86.149  13.188 0.6000000238
12679  15.906  -86.523  13.260 0.8999999762
12680  15.006  -86.494  13.618 0.8999999762
12683  12.421  -86.187  13.236 0.8999999762
12687  39.222  -87.636  12.944 0.1000000015
12688  33.107  -86.071  12.709 0.1000000015
12692  16.261  -86.325  12.694 0.6999999881
12694  15.220  -86.801  12.175 0.8999999762
12704  15.413  -86.556  11.984 0.8999999762
12716  13.753  -86.698  11.007 0.8999999762
12739  6.899  -85.759  7.878 0.8000000119
12751  27.963  -86.482  8.062 0.5000000000
12759  16.731  -86.670  8.690 0.8000000119
12761  14.706  -86.635  8.308 0.6999999881
12762  14.029  -86.611  8.137 0.8000000119
12763  13.733  -86.348  8.056 0.6999999881
12766  6.831  -86.321  7.675 0.6999999881
12777  13.912  -87.034  7.937 0.8000000119
12780  9.126  -86.285  6.735 0.8999999762
12781  6.051  -86.053  6.816 0.6999999881
12782  5.307  -85.977  7.153 0.6999999881
12786  29.997  -86.422  5.978 0.4000000060
12789  16.283  -86.730  5.720 0.8999999762
12791  13.220  -86.977  7.104 0.8000000119
12792  12.703  -86.702  6.933 0.8999999762
12793  12.093  -86.267  6.556 0.8999999762
12796  5.733  -86.050  6.844 0.6999999881
12797  5.499  -86.025  6.931 0.6999999881
12801  29.990  -86.352  4.968 0.4000000060
12803  18.325  -86.890  4.828 0.6999999881
12812  8.970  -85.902  5.040 0.8999999762
12820  29.299  -86.605  3.938 0.2000000030
12821  19.687  -87.038  3.437 0.6000000238
12827  13.960  -86.465  4.247 0.8000000119
12838  29.937  -86.058  3.930 0.2000000030
12859  34.327  -86.002  2.107 0.1000000015
12860  29.204  -86.419  2.816 0.3000000119
12861  28.747  -86.875  2.973 0.3000000119
12866  14.522  -86.468  2.591 0.6000000238
12867  13.997  -86.796  2.609 0.5000000000
12868  13.411  -86.991  2.821 0.5000000000
12872  9.890  -87.066  3.019 0.8000000119
12885  18.508  -87.171  1.534 0.4000000060
12891  13.732  -87.204  2.397 0.4000000060
12892  13.126  -87.329  2.355 0.4000000060
12893  15.343  -86.957  1.102 0.3000000119
12896  13.844  -87.415  2.098 0.4000000060
12897  13.544  -87.372  2.273 0.4000000060
13490  10.095  -85.715  37.551 0.1000000015
13506  8.690  -85.944  37.028 0.1000000015
13586  7.319  -85.926  31.020 0.2000000030
13601  12.432  -85.767  29.100 0.6999999881
13618  12.219  -85.772  28.466 0.6999999881
13707  6.745  -85.282  22.105 0.1000000015
13709  5.384  -85.465  22.551 0.6000000238
13721  6.373  -85.214  21.726 0.2000000030
13732  8.476  -86.664  21.446 0.1000000015
13734  6.280  -85.821  21.360 0.4000000060
13771  32.645  -86.161  17.454 0.1000000015
13825  17.172  -85.416  14.111 0.6000000238
13826  16.135  -85.485  14.339 0.8000000119
13828  14.407  -85.331  13.972 0.8999999762
13833  38.569  -86.345  13.831 0.1000000015
13837  32.020  -85.949  13.941 0.1000000015
13838  18.406  -84.721  13.277 0.5000000000
13841  14.470  -85.939  13.875 0.8999999762
13846  34.151  -85.098  12.403 0.1000000015
13850  17.621  -85.262  12.803 0.5000000000
13851  16.703  -85.675  12.382 0.6000000238
13853  11.196  -85.368  12.851 1.0000000000
13862  34.232  -85.519  11.832 0.1000000015
13867  14.054  -86.286  11.143 0.8999999762
13876  34.670  -85.560  11.174 0.1000000015
13877  14.112  -85.508  11.010 0.8999999762
13878  13.709  -85.783  10.845 0.8999999762
13880  11.949  -85.605  10.092 1.0000000000
13900  17.523  -86.339  9.155 0.8000000119
13902  10.547  -85.246  9.098 1.0000000000
13903  7.276  -85.191  8.537 0.8000000119
13904  7.120  -85.588  8.056 0.8000000119
13930  13.927  -86.225  8.170 0.6999999881
13934  6.946  -85.300  7.837 0.8000000119
13941  26.981  -85.283  7.711 0.3000000119
13947  14.206  -85.578  8.168 0.6999999881
13949  12.945  -85.831  7.616 0.6999999881
13950  9.123  -85.267  7.046 0.8999999762
13952  6.178  -85.629  7.481 0.6999999881
13953  5.602  -85.587  7.589 0.6999999881
13956  31.286  -84.521  5.806 0.2000000030
13967  8.962  -85.673  6.449 0.8999999762
13968  8.920  -85.506  6.009 0.8999999762
13969  5.741  -85.838  7.052 0.6999999881
13970  5.536  -85.881  7.139 0.6999999881
13977  31.330  -84.687  5.399 0.2000000030
13980  24.434  -84.878  5.601 0.1000000015
13984  9.211  -85.673  5.597 0.8999999762
13993  30.747  -85.493  4.484 0.2000000030
13995  9.445  -85.843  5.102 0.8999999762
13996  9.218  -85.839  5.130 0.8999999762
14007  14.330  -86.194  2.965 0.6000000238
14008  14.011  -86.391  3.095 0.8000000119
14009  13.768  -86.647  3.025 0.5000000000
14017  30.052  -85.716  2.177 0.2000000030
14020  14.174  -86.423  2.793 0.6000000238
14027  29.820  -86.182  2.038 0.3000000119
14654  8.070  -84.492  34.597 0.2000000030
14700  11.458  -84.608  29.958 0.6000000238
14703  8.763  -85.082  31.032 0.4000000060
14724  12.190  -85.332  28.788 0.6000000238
14744  11.967  -85.202  28.448 0.6000000238
14746  10.662  -84.363  27.846 0.6999999881
14761  10.381  -84.751  27.215 0.6999999881
14763  8.779  -84.055  26.949 0.8999999762
14776  10.039  -85.214  26.726 0.6999999881
14778  8.503  -84.513  26.317 0.8999999762
14781  6.027  -84.352  26.127 0.8999999762
14791  8.284  -84.924  25.800 0.8999999762
14793  6.846  -84.813  25.649 1.0000000000
14832  7.819  -85.115  23.013 0.1000000015
14834  6.455  -84.121  21.963 0.1000000015
14846  6.019  -84.441  21.639 0.2000000030
14857  5.725  -85.443  21.480 0.4000000060
14922  35.214  -84.579  15.211 0.1000000015
14931  38.168  -84.331  14.186 0.1000000015
14932  37.299  -84.615  14.308 0.1000000015
14939  18.492  -84.138  14.424 0.6000000238
14940  17.648  -84.471  14.430 0.6000000238
14949  34.542  -84.342  13.108 0.1000000015
14950  33.840  -84.673  13.522 0.1000000015
14951  33.299  -84.919  13.994 0.1000000015
14952  26.546  -84.249  13.189 0.1000000015
14953  25.855  -84.228  13.275 0.1000000015
14955  24.838  -84.145  13.125 0.1000000015
14956  19.347  -83.844  14.015 0.5000000000
14958  18.209  -84.703  14.138 0.6000000238
14959  14.220  -83.924  13.646 0.8999999762
14963  10.680  -84.177  12.910 1.0000000000
14964  8.838  -83.870  13.102 1.0000000000
14976  25.329  -84.397  12.727 0.1000000015
14979  18.562  -84.388  12.834 0.5000000000
14980  17.942  -84.703  12.499 0.5000000000
14981  17.343  -84.959  12.257 0.5000000000
14982  10.774  -84.702  12.745 1.0000000000
14985  8.615  -83.894  12.382 1.0000000000
14993  35.362  -84.476  11.619 0.1000000015
14996  25.891  -84.606  11.927 0.1000000015
14998  24.047  -84.305  11.815 0.1000000015
14999  23.273  -83.950  11.717 0.1000000015
15001  17.593  -84.307  11.946 0.6000000238
15018  35.344  -84.849  11.037 0.1000000015
15020  25.519  -84.476  11.036 0.2000000030
15027  12.339  -84.663  10.018 1.0000000000
15042  11.708  -84.145  9.606 1.0000000000
15044  10.363  -84.302  8.881 1.0000000000
15046  6.038  -84.511  8.732 0.6999999881
15047  5.470  -84.794  8.795 0.6000000238
15052  21.243  -84.672  7.541 0.4000000060
15059  14.603  -85.566  8.309 0.6999999881
15062  7.051  -84.646  8.332 0.8000000119
15063  6.293  -84.915  7.997 0.6999999881
15064  5.686  -84.981  8.111 0.6000000238
15067  29.207  -84.902  7.052 0.4000000060
15068  28.295  -84.766  7.152 0.4000000060
15070  26.839  -84.893  7.198 0.3000000119
15080  13.233  -85.097  7.481 0.8000000119
15083  8.990  -84.935  6.640 0.8999999762
15085  5.864  -85.232  7.871 0.6999999881
15092  31.206  -84.229  6.054 0.1000000015
15093  30.590  -84.306  6.400 0.3000000119
15114  9.602  -84.820  6.390 0.8999999762
15115  9.041  -84.932  6.245 0.8999999762
15123  34.810  -84.064  4.868 0.1000000015
15127  26.098  -84.368  5.480 0.1000000015
15135  9.888  -85.105  6.017 0.8999999762
15137  8.980  -85.174  5.945 0.8999999762
15148  23.657  -84.252  4.299 0.2000000030
15151  20.744  -84.104  4.212 0.3000000119
15152  19.962  -84.018  4.168 0.5000000000
15159  34.581  -83.695  3.318 0.1000000015
15166  21.685  -83.593  3.828 0.3000000119
15179  30.806  -85.392  1.831 0.2000000030
15743  8.718  -82.975  35.560 0.2000000030
15763  8.392  -83.722  34.991 0.1000000015
15785  9.128  -82.922  32.077 0.5000000000
15798  9.697  -83.090  31.808 0.5000000000
15801  6.886  -83.158  32.132 0.4000000060
15837  11.249  -84.003  29.034 0.6000000238
15838  10.835  -83.461  29.314 0.5000000000
15863  10.582  -83.775  28.377 0.5000000000
15883  8.887  -83.613  27.473 0.8000000119
15885  7.255  -83.341  27.376 0.8000000119
15901  7.664  -83.848  26.867 0.8000000119
15903  5.866  -83.979  26.368 0.8999999762
15962  5.374  -83.870  22.299 0.2000000030
15970  5.639  -84.108  21.731 0.2000000030
16041  9.080  -83.056  14.748 1.0000000000
16047  36.463  -83.899  14.027 0.1000000015
16048  36.123  -83.848  13.992 0.1000000015
16049  35.490  -83.887  13.872 0.1000000015
16050  28.270  -83.280  14.029 0.1000000015
16052  26.877  -83.545  14.280 0.1000000015
16055  19.884  -83.062  14.321 0.5000000000
16056  19.565  -83.335  14.332 0.5000000000
16057  18.867  -83.410  14.636 0.6000000238
16061  15.308  -83.927  14.108 0.8000000119
16062  10.083  -83.028  13.978 1.0000000000
16063  9.590  -83.123  14.329 1.0000000000
16067  6.163  -83.782  14.580 0.1000000015
16073  36.710  -83.731  13.643 0.1000000015
16076  28.856  -83.178  13.356 0.1000000015
16078  27.365  -83.954  13.340 0.1000000015
16080  25.505  -83.811  13.752 0.1000000015
16084  19.595  -83.458  13.561 0.5000000000
16086  15.456  -83.294  14.043 0.8000000119
16091  10.433  -83.402  13.420 1.0000000000
16103  35.437  -84.090  12.350 0.1000000015
16104  34.951  -84.239  12.738 0.1000000015
16106  28.286  -83.774  12.325 0.2000000030
16108  23.780  -83.593  12.862 0.1000000015
16109  22.871  -83.096  12.372 0.1000000015
16111  19.461  -83.228  12.728 0.5000000000
16114  9.359  -83.998  13.087 1.0000000000
16116  8.317  -82.490  12.396 1.0000000000
16126  35.593  -84.166  11.854 0.1000000015
16132  18.018  -83.486  11.711 0.6000000238
16135  15.568  -84.043  11.052 0.8000000119
16136  7.843  -83.297  11.136 1.0000000000
16137  7.680  -83.419  10.384 1.0000000000
16150  28.037  -83.309  9.868 0.2000000030
16156  22.126  -83.428  10.424 0.2000000030
16158  15.864  -83.036  10.590 0.6000000238
16162  12.817  -84.146  10.112 0.8000000119
16174  25.572  -83.446  9.393 0.2000000030
16176  23.675  -83.599  9.653 0.2000000030
16184  6.322  -83.708  9.142 0.6999999881
16188  25.452  -83.130  8.952 0.2000000030
16190  24.196  -83.199  8.978 0.2000000030
16193  11.070  -83.059  8.671 0.6000000238
16195  9.866  -83.722  7.812 0.8000000119
16196  7.075  -84.130  8.713 0.8000000119
16204  10.254  -83.187  7.566 0.8000000119
16219  18.597  -84.197  5.304 0.5000000000
16228  9.882  -84.285  6.742 0.8000000119
16238  27.822  -83.429  5.438 0.1000000015
16239  27.095  -83.586  4.883 0.1000000015
16246  14.168  -82.489  6.258 0.5000000000
16259  20.439  -83.498  3.850 0.3000000119
16261  18.236  -83.136  4.116 0.5000000000
16262  17.775  -82.796  4.436 0.5000000000
16272  25.804  -82.790  3.802 0.1000000015
16275  22.925  -83.161  3.732 0.2000000030
16277  21.238  -83.244  3.740 0.2000000030
16840  7.492  -82.044  35.624 0.3000000119
16859  7.322  -82.599  35.427 0.3000000119
16877  6.631  -82.737  34.440 0.4000000060
16899  9.358  -82.574  32.127 0.5000000000
16901  7.504  -82.217  32.457 0.4000000060
16914  9.838  -82.222  31.991 0.5000000000
16915  7.977  -83.043  31.884 0.5000000000
16917  7.072  -82.604  32.272 0.4000000060
16933  9.650  -81.604  30.236 0.6000000238
16981  7.187  -82.160  28.486 0.8000000119
17005  6.474  -82.702  27.704 0.8999999762
17058  6.672  -81.728  23.364 0.1000000015
17074  6.019  -81.810  22.763 0.2000000030
17152  26.593  -81.853  16.138 0.1000000015
17153  26.199  -81.909  16.075 0.1000000015
17154  12.256  -81.940  16.077 0.8999999762
17156  11.052  -81.972  16.249 1.0000000000
17165  25.715  -82.304  15.534 0.1000000015
17166  25.019  -82.343  14.981 0.1000000015
17170  12.048  -82.068  15.889 0.8999999762
17171  11.595  -82.155  15.618 0.8999999762
17173  9.522  -82.689  15.203 1.0000000000
17187  26.351  -83.010  14.991 0.1000000015
17190  20.091  -82.683  14.498 0.4000000060
17191  19.371  -82.760  14.836 0.6000000238
17195  15.888  -82.913  14.096 0.6999999881
17198  9.815  -82.985  14.688 1.0000000000
17199  8.354  -82.544  13.878 1.0000000000
17213  28.725  -83.100  13.850 0.1000000015
17217  19.944  -83.024  12.993 0.5000000000
17225  8.298  -82.370  13.141 1.0000000000
17226  8.319  -82.140  12.607 1.0000000000
17240  29.347  -82.722  12.267 0.1000000015
17241  28.864  -83.238  12.264 0.1000000015
17242  22.886  -81.869  12.293 0.3000000119
17243  22.613  -81.550  11.729 0.3000000119
17246  19.222  -82.857  12.203 0.5000000000
17248  8.292  -82.186  12.221 1.0000000000
17249  5.620  -82.462  12.305 0.3000000119
17263  22.166  -81.640  11.340 0.3000000119
17265  19.531  -81.611  11.686 0.4000000060
17269  8.069  -82.426  11.045 1.0000000000
17280  21.270  -81.784  10.196 0.3000000119
17285  14.545  -82.967  10.215 0.8000000119
17288  7.457  -82.589  10.242 1.0000000000
17293  29.025  -81.850  9.421 0.1000000015
17297  26.086  -83.195  9.114 0.2000000030
17299  20.535  -81.664  8.717 0.4000000060
17304  12.689  -82.383  9.334 0.6000000238
17305  11.941  -82.707  9.124 0.8000000119
17307  6.703  -82.988  9.568 1.0000000000
17311  28.049  -81.804  8.429 0.2000000030
17313  26.644  -82.410  8.510 0.2000000030
17319  20.706  -82.047  8.279 0.3000000119
17322  10.805  -82.696  7.908 0.8000000119
17332  24.424  -82.235  7.758 0.2000000030
17337  12.181  -82.148  7.370 0.5000000000
17353  29.138  -82.823  5.723 0.1000000015
17354  21.630  -81.906  6.906 0.2000000030
17359  11.317  -82.919  7.052 0.6999999881
17360  10.891  -83.084  7.076 0.8000000119
17369  31.820  -82.391  5.160 0.2000000030
17371  29.321  -82.306  5.505 0.1000000015
17378  14.289  -82.261  6.207 0.4000000060
17379  14.012  -82.298  6.279 0.4000000060
17386  32.293  -82.027  4.473 0.1000000015
17387  32.165  -82.677  4.341 0.1000000015
17391  22.104  -82.407  4.047 0.2000000030
17393  20.226  -82.627  4.100 0.4000000060
17396  17.750  -82.568  4.543 0.5000000000
17402  34.954  -81.720  3.322 0.1000000015
17403  34.692  -82.119  3.139 0.1000000015
17409  23.999  -82.445  3.877 0.2000000030
17412  21.729  -82.767  3.874 0.2000000030
17417  33.049  -82.527  2.943 0.1000000015
17932  8.967  -81.082  36.438 0.4000000060
17952  9.378  -81.316  36.280 0.4000000060
17954  7.045  -81.897  35.103 0.4000000060
17974  7.219  -81.076  34.651 0.6000000238
18005  6.923  -82.001  33.074 0.4000000060
18016  10.178  -81.828  31.200 0.5000000000
18033  10.110  -81.561  31.053 0.6000000238
18050  11.755  -81.055  29.385 0.1000000015
18052  8.209  -81.191  29.784 0.6999999881
18054  6.430  -80.995  29.246 0.8999999762
18062  10.574  -81.044  28.256 0.1000000015
18063  6.984  -81.644  28.784 0.8999999762
18065  5.681  -81.318  28.335 0.8999999762
18103  8.513  -81.048  26.456 0.1000000015
18120  8.316  -81.558  25.480 0.1000000015
18147  6.493  -81.196  23.260 0.2000000030
18168  6.493  -80.718  23.530 0.2000000030
18169  6.129  -80.816  23.156 0.2000000030
18242  13.264  -81.090  16.875 0.8999999762
18244  12.204  -80.654  17.151 1.0000000000
18256  12.511  -81.542  16.474 0.8999999762
18259  9.619  -81.346  15.737 1.0000000000
18270  26.948  -81.782  16.226 0.1000000015
18272  24.719  -81.862  14.562 0.2000000030
18275  18.664  -81.601  15.059 0.6000000238
18278  11.820  -82.066  15.069 0.8999999762
18294  21.221  -81.077  14.317 0.3000000119
18295  20.788  -81.798  14.342 0.4000000060
18296  17.985  -81.914  14.716 0.5000000000
18298  16.371  -81.770  13.966 0.6999999881
18300  12.620  -81.078  14.512 0.8999999762
18302  8.385  -81.815  13.531 1.0000000000
18320  23.899  -81.552  12.805 0.1000000015
18322  20.802  -81.531  13.310 0.4000000060
18323  15.705  -81.716  13.656 0.6999999881
18325  13.983  -81.385  13.021 0.8999999762
18328  11.872  -81.858  13.928 0.8999999762
18329  8.457  -81.611  12.831 1.0000000000
18347  23.611  -81.175  12.290 0.1000000015
18349  20.436  -81.440  12.564 0.4000000060
18351  13.620  -80.851  12.893 0.8999999762
18352  13.409  -80.635  12.948 0.8999999762
18353  8.347  -81.572  12.149 0.8999999762
18354  8.344  -81.898  12.374 1.0000000000
18356  5.800  -81.802  12.200 0.3000000119
18370  22.102  -81.054  10.820 0.3000000119
18384  29.672  -81.760  10.313 0.1000000015
18385  22.178  -80.294  10.635 0.3000000119
18390  17.301  -81.706  10.142 0.5000000000
18391  8.113  -81.928  10.861 1.0000000000
18392  7.685  -81.873  10.817 1.0000000000
18393  6.931  -81.942  10.858 0.8999999762
18405  18.752  -80.292  9.843 0.5000000000
18409  14.856  -81.573  9.182 0.6000000238
18410  13.847  -81.710  9.248 0.6000000238
18429  16.840  -80.983  8.645 0.5000000000
18434  12.118  -81.940  8.508 0.6000000238
18448  28.310  -80.352  7.443 0.1000000015
18454  22.176  -81.799  6.652 0.2000000030
18455  20.732  -81.599  7.244 0.3000000119
18456  20.322  -81.221  7.448 0.3000000119
18457  15.779  -81.035  7.268 0.4000000060
18458  15.085  -81.109  7.090 0.5000000000
18474  22.499  -81.417  6.184 0.2000000030
18476  20.599  -81.263  6.765 0.3000000119
18478  18.001  -81.173  6.118 0.4000000060
18482  13.992  -81.831  6.363 0.4000000060
18483  13.037  -81.888  6.786 0.5000000000
18484  12.686  -82.012  7.094 0.5000000000
18493  31.430  -81.017  5.091 0.2000000030
18498  19.755  -81.313  5.198 0.3000000119
18503  14.306  -82.043  6.201 0.4000000060
18513  28.753  -81.185  4.669 0.1000000015
18515  27.130  -81.285  4.194 0.1000000015
18518  24.783  -81.411  4.427 0.2000000030
18520  22.696  -81.907  4.290 0.2000000030
18524  18.610  -82.075  4.451 0.4000000060
18532  25.891  -81.492  3.957 0.1000000015
18533  25.244  -81.622  4.099 0.1000000015
18535  23.559  -82.162  4.061 0.2000000030
18536  23.039  -82.342  3.973 0.2000000030
19040  9.640  -80.697  36.152 0.4000000060
19041  9.321  -80.437  36.229 0.5000000000
19044  6.936  -79.604  36.221 0.5000000000
19060  11.730  -80.693  35.045 0.1000000015
19063  9.671  -80.118  35.922 0.3000000119
19086  6.826  -80.197  35.034 0.5000000000
19087  6.355  -79.508  35.405 0.6000000238
19129  8.890  -80.007  30.672 0.6000000238
19131  6.932  -79.858  30.074 0.8999999762
19149  13.098  -80.376  29.989 0.1000000015
19154  5.323  -80.552  28.691 0.8000000119
19164  5.584  -81.033  28.662 0.8000000119
19173  9.281  -80.378  27.949 0.1000000015
19174  8.391  -80.276  27.373 0.1000000015
19175  7.701  -79.932  26.910 0.1000000015
19189  8.052  -80.520  26.647 0.1000000015
19206  5.311  -80.885  25.497 0.5000000000
19226  6.179  -79.875  23.773 0.2000000030
19247  5.946  -80.231  23.559 0.2000000030
19298  5.844  -79.773  20.787 0.1000000015
19329  14.751  -80.264  16.604 0.8999999762
19331  13.429  -80.488  17.415 0.8999999762
19346  27.844  -80.741  17.017 0.1000000015
19347  26.898  -80.688  17.045 0.1000000015
19350  13.982  -80.864  15.814 0.8999999762
19351  11.945  -80.143  17.055 1.0000000000
19371  24.905  -81.095  14.689 0.1000000015
19372  21.445  -80.118  15.045 0.3000000119
19373  20.877  -80.420  15.247 0.4000000060
19374  19.926  -80.543  15.468 0.4000000060
19376  14.162  -80.298  15.405 0.8999999762
19377  13.737  -80.559  15.244 0.8999999762
19396  21.400  -80.571  14.691 0.3000000119
19400  16.084  -81.284  13.640 0.6999999881
19402  13.399  -80.340  14.745 0.8999999762
19403  12.852  -80.402  14.367 0.8999999762
19404  9.039  -79.948  14.024 1.0000000000
19425  14.491  -80.657  12.784 0.8999999762
19428  12.557  -80.503  13.985 0.8999999762
19436  25.175  -79.930  12.340 0.2000000030
19439  21.561  -79.994  13.097 0.3000000119
19440  21.023  -80.469  12.712 0.4000000060
19443  13.219  -80.302  13.081 0.8999999762
19446  6.464  -81.022  12.667 0.6000000238
19451  23.079  -80.116  11.402 0.2000000030
19452  22.585  -79.852  10.974 0.3000000119
19453  20.480  -80.025  11.823 0.3000000119
19455  7.758  -81.182  11.553 0.8999999762
19456  7.350  -80.989  11.754 0.8999999762
19457  6.921  -80.953  12.089 0.8999999762
19470  19.711  -79.644  10.349 0.3000000119
19486  21.194  -80.221  9.950 0.3000000119
19512  17.629  -80.575  8.202 0.5000000000
19514  15.729  -80.877  8.103 0.6000000238
19517  13.192  -80.830  7.980 0.5000000000
19532  28.553  -79.748  7.129 0.1000000015
19534  26.948  -80.396  6.716 0.2000000030
19542  14.402  -80.911  7.597 0.5000000000
19543  13.573  -80.919  7.561 0.5000000000
19557  27.118  -79.907  6.218 0.2000000030
19561  22.883  -81.234  5.623 0.2000000030
19566  17.849  -80.773  6.755 0.5000000000
19567  16.823  -80.894  6.981 0.4000000060
19578  25.871  -80.563  4.918 0.1000000015
19581  23.224  -81.218  5.251 0.2000000030
19583  21.293  -81.159  5.433 0.2000000030
19594  29.929  -79.887  4.651 0.1000000015
19599  25.309  -80.977  4.606 0.2000000030
19603  21.547  -81.276  5.055 0.2000000030
19609  25.681  -81.242  4.122 0.1000000015
19610  25.523  -81.152  4.285 0.2000000030
20135  18.070  -79.032  39.392 0.1000000015
20145  15.358  -78.492  38.141 0.1000000015
20146  14.943  -78.208  38.057 0.1000000015
20167  15.165  -78.758  36.692 0.1000000015
20168  8.785  -79.836  36.325 0.4000000060
20170  7.304  -79.240  36.481 0.5000000000
20171  6.589  -78.996  36.298 0.5000000000
20186  10.059  -79.588  35.512 0.3000000119
20188  6.167  -78.758  35.749 0.5000000000
20206  6.030  -78.843  35.004 0.5000000000
20217  7.874  -79.036  33.443 0.6000000238
20223  9.128  -79.361  32.586 0.6000000238
20224  8.545  -79.509  33.092 0.6000000238
20254  11.098  -78.624  29.189 0.1000000015
20255  6.422  -79.684  30.073 0.8999999762
20256  5.717  -79.665  29.690 0.8999999762
20272  10.995  -79.891  29.131 0.1000000015
20276  5.166  -80.150  28.294 0.8000000119
20289  5.256  -80.069  27.538 0.6999999881
20296  5.273  -79.969  26.555 0.6000000238
20301  6.566  -79.391  24.501 0.1000000015
20302  6.244  -79.020  24.282 0.2000000030
20303  5.209  -79.927  25.470 0.4000000060
20314  6.397  -79.595  24.078 0.2000000030
20315  6.095  -79.377  23.890 0.2000000030
20336  5.957  -79.792  23.718 0.2000000030
20337  5.748  -79.866  23.868 0.2000000030
20360  6.063  -78.946  21.467 0.1000000015
20388  5.944  -78.962  18.208 0.2000000030
20406  15.234  -79.795  16.925 0.8999999762
20409  12.456  -79.607  17.285 0.8999999762
20426  15.304  -79.588  15.981 0.8999999762
20427  14.957  -80.065  16.300 0.8999999762
20428  12.690  -79.005  17.298 0.8999999762
20452  14.664  -79.936  15.630 0.8999999762
20469  21.852  -79.875  14.522 0.3000000119
20473  14.050  -79.604  14.602 0.8999999762
20475  12.712  -80.136  14.120 0.8999999762
20476  9.114  -79.149  13.761 1.0000000000
20479  6.342  -80.269  14.627 0.5000000000
20485  27.228  -78.825  11.601 0.2000000030
20488  22.446  -79.114  13.319 0.3000000119
20491  16.562  -79.560  13.044 0.6000000238
20493  15.078  -80.353  12.712 0.8999999762
20496  12.748  -80.024  13.845 0.8999999762
20499  6.738  -80.043  13.611 0.5000000000
20505  26.784  -78.923  11.531 0.2000000030
20514  14.625  -79.775  12.372 0.8999999762
20515  13.788  -79.696  12.479 0.8999999762
20516  13.330  -79.768  12.851 0.8999999762
20517  8.234  -80.513  12.355 0.8999999762
20518  7.928  -80.354  12.430 0.8999999762
20526  26.660  -78.767  11.363 0.2000000030
20527  26.405  -78.785  11.567 0.2000000030
20528  23.347  -79.811  11.626 0.1000000015
20531  20.954  -79.269  11.344 0.4000000060
20532  20.335  -79.335  10.664 0.4000000060
20546  21.581  -79.274  10.675 0.3000000119
20561  20.404  -79.400  9.904 0.3000000119
20562  19.979  -79.289  9.954 0.3000000119
20585  28.289  -79.366  6.582 0.1000000015
20601  26.091  -80.212  5.683 0.2000000030
20617  31.477  -78.745  4.203 0.1000000015
21177  18.655  -78.036  40.262 0.1000000015
21187  17.509  -78.690  39.092 0.1000000015
21196  15.169  -77.845  38.217 0.1000000015
21197  14.509  -77.724  38.008 0.2000000030
21212  20.360  -78.189  36.429 0.1000000015
21215  15.134  -78.712  36.982 0.1000000015
21219  7.891  -78.562  36.414 0.5000000000
21221  6.391  -78.355  36.111 0.5000000000
21237  20.723  -78.283  36.104 0.1000000015
21238  20.344  -78.337  35.798 0.1000000015
21240  14.611  -78.532  35.722 0.1000000015
21241  14.072  -77.953  35.919 0.4000000060
21242  10.157  -78.700  35.199 0.5000000000
21243  9.436  -78.686  35.640 0.5000000000
21245  6.138  -78.084  35.796 0.6999999881
21254  20.179  -78.383  35.265 0.1000000015
21255  19.771  -78.390  35.074 0.1000000015
21257  13.709  -78.321  34.852 0.2000000030
21258  12.775  -78.467  34.471 0.3000000119
21261  5.975  -78.029  35.292 0.6999999881
21268  7.512  -78.372  33.581 0.6000000238
21269  6.822  -78.296  33.945 0.6999999881
21281  9.032  -78.671  32.382 0.6000000238
21300  11.726  -78.361  29.028 0.1000000015
21302  5.613  -78.598  29.717 0.8000000119
21324  14.147  -78.261  28.171 0.1000000015
21327  11.507  -77.851  28.428 0.1000000015
21328  10.723  -78.115  28.782 0.1000000015
21346  12.860  -77.774  27.635 0.1000000015
21347  12.233  -77.658  27.757 0.1000000015
21348  11.904  -77.773  28.040 0.1000000015
21362  6.876  -78.381  25.439 0.1000000015
21378  6.079  -78.864  24.175 0.2000000030
21430  5.741  -78.229  20.805 0.1000000015
21439  6.335  -77.696  19.481 0.4000000060
21456  7.663  -77.665  18.082 0.6999999881
21458  5.798  -78.639  19.342 0.1000000015
21475  16.610  -77.956  16.447 0.8999999762
21479  13.289  -78.710  17.395 0.8999999762
21480  7.902  -77.606  17.419 0.6999999881
21493  16.427  -78.185  15.853 0.8999999762
21498  10.757  -77.595  15.962 1.0000000000
21510  22.366  -78.272  14.954 0.3000000119
21511  21.697  -78.496  15.250 0.3000000119
21512  20.798  -78.596  15.463 0.4000000060
21513  19.595  -78.541  15.182 0.4000000060
21514  18.929  -79.086  15.068 0.4000000060
21516  15.300  -79.090  15.214 0.8999999762
21530  22.747  -78.657  14.224 0.3000000119
21534  15.267  -78.062  14.415 0.8999999762
21535  14.811  -78.606  14.445 0.8999999762
21536  14.084  -78.765  13.768 0.8999999762
21538  8.714  -78.682  13.968 1.0000000000
21544  27.521  -78.362  11.916 0.2000000030
21546  24.482  -78.266  13.003 0.3000000119
21550  17.070  -78.993  12.797 0.6000000238
21551  13.586  -78.985  13.164 0.8999999762
21552  13.314  -79.380  13.052 0.8999999762
21564  26.979  -78.703  11.199 0.2000000030
21565  25.817  -78.544  11.876 0.3000000119
21570  16.673  -78.545  12.093 0.4000000060
21571  15.610  -78.747  11.897 0.6000000238
21572  14.752  -78.897  11.984 0.6999999881
21587  26.742  -78.410  11.156 0.2000000030
21588  26.261  -78.285  11.508 0.2000000030
21590  15.738  -78.186  11.438 0.6999999881
21592  14.380  -78.271  12.013 0.6999999881
21640  28.996  -78.497  5.456 0.1000000015
22215  19.258  -77.313  40.613 0.1000000015
22219  18.185  -77.509  39.352 0.2000000030
22220  17.598  -78.056  38.909 0.1000000015
22225  21.412  -77.079  38.393 0.1000000015
22231  14.152  -76.802  38.158 0.4000000060
22232  13.613  -76.791  37.898 0.4000000060
22241  13.081  -76.921  37.324 0.3000000119
22253  16.643  -76.433  36.555 0.3000000119
22255  13.253  -77.392  36.440 0.3000000119
22258  6.668  -77.903  36.033 0.6999999881
22276  21.953  -77.968  35.252 0.1000000015
22277  21.103  -78.243  35.532 0.1000000015
22282  16.085  -77.056  35.695 0.3000000119
22290  6.270  -77.420  35.575 0.8000000119
22308  17.568  -77.813  34.669 0.3000000119
22312  12.470  -77.520  34.837 0.4000000060
22314  10.941  -77.488  34.829 0.4000000060
22315  6.039  -77.199  34.876 0.6999999881
22341  18.679  -77.572  32.681 0.4000000060
22342  17.941  -77.318  32.532 0.6000000238
22343  7.507  -77.626  33.320 0.6999999881
22349  20.259  -77.437  32.230 0.4000000060
22350  19.675  -77.415  32.115 0.5000000000
22356  13.131  -77.024  30.335 0.6000000238
22357  12.878  -76.964  30.541 0.8000000119
22363  12.774  -77.013  30.162 0.8000000119
22366  5.319  -78.055  29.080 0.6999999881
22373  27.708  -77.209  27.592 0.1000000015
22386  11.413  -77.582  28.139 0.1000000015
22390  5.485  -77.387  28.683 0.6999999881
22430  13.722  -76.862  26.392 0.2000000030
22431  12.896  -76.917  26.574 0.1000000015
22434  6.632  -77.791  25.268 0.1000000015
22445  6.496  -77.104  25.280 0.3000000119
22446  6.289  -77.516  25.110 0.1000000015
22447  5.671  -77.878  25.243 0.3000000119
22492  5.811  -77.974  21.115 0.1000000015
22503  6.071  -77.197  20.788 0.2000000030
22516  6.561  -77.081  19.936 0.3000000119
22528  8.133  -77.019  18.014 0.6999999881
22540  14.161  -77.870  17.374 0.8999999762
22541  8.298  -77.193  17.204 0.6999999881
22548  17.212  -76.725  15.506 0.8999999762
22550  14.434  -77.302  17.373 0.8999999762
22555  9.126  -77.085  16.137 0.8999999762
22556  8.621  -77.316  16.350 0.6999999881
22569  22.118  -77.826  15.187 0.3000000119
22572  16.989  -76.931  15.204 0.8999999762
22575  9.359  -77.367  15.656 0.8999999762
22587  22.806  -77.612  14.743 0.4000000060
22590  19.665  -77.411  14.483 0.2000000030
22591  18.873  -77.793  14.087 0.2000000030
22592  15.553  -77.572  14.344 0.8999999762
22593  14.892  -77.737  13.902 0.8999999762
22605  25.476  -77.122  12.506 0.3000000119
22609  18.358  -77.940  13.409 0.2000000030
22610  14.476  -77.713  13.415 0.6999999881
22622  27.555  -77.485  11.277 0.2000000030
22625  18.588  -77.178  12.450 0.3000000119
22627  17.233  -78.033  11.926 0.4000000060
22635  26.795  -77.519  10.607 0.3000000119
22636  26.375  -77.593  11.296 0.3000000119
22637  17.532  -77.128  10.924 0.4000000060
22641  14.496  -77.684  11.795 0.6999999881
22647  26.968  -76.909  9.946 0.2000000030
22648  26.917  -77.089  10.134 0.2000000030
22650  16.869  -77.023  10.493 0.4000000060
22651  16.180  -77.154  10.683 0.6000000238
22652  15.544  -77.171  10.832 0.6999999881
22664  29.947  -77.608  5.915 0.1000000015
22668  30.628  -77.287  5.451 0.1000000015
22669  30.103  -77.587  5.547 0.1000000015
23281  20.175  -76.392  41.225 0.2000000030
23301  19.088  -76.730  40.054 0.2000000030
23308  19.250  -76.105  39.654 0.2000000030
23309  18.598  -76.463  39.339 0.2000000030
23319  17.310  -76.261  38.696 0.2000000030
23323  13.787  -76.049  38.091 0.4000000060
23326  23.266  -76.641  37.374 0.1000000015
23331  17.634  -75.208  37.893 0.2000000030
23334  11.774  -75.686  36.836 0.5000000000
23341  22.575  -77.424  36.403 0.1000000015
23342  17.752  -75.566  37.603 0.1000000015
23346  14.067  -75.853  36.144 0.4000000060
23360  15.784  -76.556  36.184 0.3000000119
23363  12.060  -76.763  35.340 0.5000000000
23366  9.041  -76.556  35.485 0.6999999881
23368  6.754  -76.501  35.115 0.8000000119
23369  6.177  -76.801  35.081 0.8000000119
23385  22.721  -77.179  34.695 0.1000000015
23386  15.264  -76.907  34.482 0.3000000119
23387  14.602  -76.454  34.527 0.3000000119
23389  11.449  -76.930  34.905 0.4000000060
23391  6.507  -76.013  34.768 0.8000000119
23403  21.904  -77.449  33.460 0.1000000015
23406  15.757  -76.770  33.568 0.3000000119
23407  15.074  -76.434  33.764 0.3000000119
23409  6.122  -76.156  33.715 0.8000000119
23419  20.883  -77.365  32.436 0.3000000119
23420  19.097  -77.317  32.049 0.5000000000
23423  16.999  -76.509  32.382 0.5000000000
23424  12.201  -75.372  32.545 0.5000000000
23425  11.713  -75.772  32.481 0.6000000238
23426  10.840  -76.182  32.217 0.6000000238
23427  10.329  -76.248  31.902 0.6000000238
23428  6.592  -76.368  32.496 0.8000000119
23429  6.432  -75.981  32.872 0.8000000119
23437  22.640  -76.456  32.109 0.1000000015
23444  13.968  -75.620  31.418 0.5000000000
23458  18.506  -76.364  31.008 0.6000000238
23460  14.809  -75.760  30.780 0.5000000000
23462  12.392  -76.861  30.942 0.8000000119
23465  6.636  -76.330  31.586 0.8999999762
23470  15.663  -76.196  29.787 0.6000000238
23474  11.022  -75.954  29.687 0.8000000119
23475  10.428  -75.761  29.981 0.8000000119
23487  15.992  -76.287  28.849 0.6999999881
23489  13.841  -76.709  28.800 0.6999999881
23490  12.670  -76.400  28.706 0.6999999881
23491  11.679  -75.951  29.012 0.6000000238
23502  28.013  -76.899  27.145 0.1000000015
23506  20.297  -76.014  27.370 0.4000000060
23509  17.177  -76.164  26.337 0.4000000060
23510  16.616  -76.119  26.090 0.4000000060
23513  12.860  -75.950  28.259 0.6999999881
23539  12.199  -76.553  26.550 0.2000000030
23541  10.757  -75.972  26.724 0.3000000119
23556  27.790  -76.879  25.592 0.1000000015
23558  14.733  -75.449  25.520 0.4000000060
23559  14.283  -75.592  25.728 0.4000000060
23560  13.780  -75.750  25.942 0.3000000119
23561  6.565  -76.877  25.457 0.3000000119
23635  12.382  -76.255  18.607 0.8999999762
23637  9.271  -75.899  18.286 0.8000000119
23639  7.902  -76.524  19.194 0.6000000238
23646  16.390  -76.897  17.262 0.8999999762
23648  14.952  -76.996  17.502 0.8999999762
23665  17.111  -76.624  16.694 0.8999999762
23666  15.267  -76.456  17.425 0.8999999762
23687  25.938  -76.296  15.385 0.1000000015
23690  16.650  -76.718  14.676 0.8000000119
23691  9.614  -76.880  16.058 0.8999999762
23708  23.298  -76.930  14.452 0.4000000060
23709  22.715  -76.385  14.425 0.4000000060
23710  21.467  -76.167  14.365 0.4000000060
23714  15.763  -76.669  13.963 0.8000000119
23728  27.360  -76.156  12.399 0.2000000030
23731  24.879  -76.331  12.856 0.3000000119
23734  20.734  -76.087  13.702 0.2000000030
23735  20.017  -76.365  13.078 0.2000000030
23739  14.245  -77.561  12.561 0.6999999881
23746  25.728  -76.654  11.833 0.3000000119
23747  25.236  -76.253  12.337 0.3000000119
23750  18.441  -77.100  12.080 0.4000000060
23751  14.604  -76.668  12.046 0.6999999881
23764  15.067  -76.642  11.189 0.6999999881
23765  14.556  -77.122  11.587 0.6999999881
23774  26.678  -76.620  9.624 0.1000000015
23775  26.092  -76.441  9.798 0.2000000030
23776  19.866  -76.400  9.473 0.3000000119
23778  17.979  -76.641  10.205 0.4000000060
23781  15.730  -76.771  10.697 0.6000000238
23786  27.021  -75.973  8.906 0.1000000015
23787  26.615  -76.046  8.863 0.1000000015
23790  19.393  -76.297  9.069 0.3000000119
23795  25.988  -75.902  8.637 0.1000000015
24358  21.948  -75.336  43.044 0.1000000015
24437  18.917  -75.596  39.124 0.2000000030
24440  24.381  -75.558  38.897 0.1000000015
24444  18.489  -75.310  38.551 0.2000000030
24445  17.740  -75.444  38.487 0.2000000030
24448  14.956  -75.466  38.338 0.3000000119
24449  14.247  -75.597  38.124 0.5000000000
24453  18.598  -75.197  38.293 0.1000000015
24456  16.303  -74.982  38.173 0.2000000030
24467  15.066  -75.450  37.393 0.3000000119
24470  12.320  -74.535  36.521 0.3000000119
24484  12.463  -74.700  36.104 0.4000000060
24485  10.891  -75.601  35.861 0.4000000060
24502  13.997  -75.885  34.564 0.3000000119
24503  13.453  -75.341  34.646 0.4000000060
24520  16.075  -76.129  32.942 0.4000000060
24524  11.090  -74.772  33.408 0.6000000238
24528  7.334  -75.472  33.389 0.8000000119
24529  6.550  -75.731  33.457 0.8000000119
24539  15.911  -75.548  32.652 0.4000000060
24545  9.814  -75.978  32.355 0.6999999881
24560  18.150  -76.353  31.162 0.6000000238
24561  17.530  -76.085  31.328 0.6000000238
24563  14.478  -75.099  31.504 0.5000000000
24565  13.018  -75.147  32.316 0.5000000000
24566  10.121  -76.206  30.949 0.8000000119
24567  9.565  -76.016  31.117 0.6000000238
24585  15.765  -75.332  30.555 0.6000000238
24594  28.844  -74.851  28.765 0.2000000030
24599  19.477  -75.110  29.846 0.6999999881
24600  16.367  -75.539  29.687 0.6999999881
24601  15.899  -75.701  30.164 0.6000000238
24602  10.866  -75.458  29.181 0.6999999881
24621  10.435  -74.847  28.739 0.8000000119
24623  5.518  -76.007  27.872 0.6000000238
24628  29.075  -75.022  27.435 0.1000000015
24636  16.672  -75.223  27.484 0.6000000238
24642  11.603  -74.712  28.128 0.6999999881
24643  10.070  -75.848  27.072 0.3000000119
24656  28.586  -75.717  26.585 0.1000000015
24658  21.029  -74.897  26.539 0.5000000000
24661  18.378  -74.845  26.005 0.4000000060
24665  13.078  -75.763  25.988 0.5000000000
24666  12.634  -75.774  26.064 0.5000000000
24667  11.677  -75.694  26.203 0.4000000060
24668  10.576  -75.483  26.582 0.3000000119
24671  5.928  -76.019  26.378 0.5000000000
24672  5.616  -76.674  26.425 0.6000000238
24683  16.658  -74.859  25.492 0.5000000000
24687  13.329  -75.403  25.830 0.4000000060
24689  11.313  -75.020  25.911 0.5000000000
24690  10.851  -74.870  26.152 0.4000000060
24742  7.866  -75.103  21.307 0.4000000060
24758  10.687  -75.249  19.050 0.8999999762
24760  8.659  -75.510  19.528 0.6000000238
24761  8.043  -75.619  20.155 0.6999999881
24770  13.696  -75.068  19.059 0.8999999762
24789  16.136  -76.490  17.375 0.8999999762
24790  15.820  -76.260  17.392 0.8999999762
24794  9.916  -75.720  18.046 0.8999999762
24795  9.573  -75.836  18.172 0.8999999762
24809  17.450  -75.579  16.300 0.8999999762
24840  22.213  -75.869  14.149 0.4000000060
24858  27.148  -75.586  12.338 0.2000000030
24861  24.118  -75.666  12.981 0.3000000119
24863  21.326  -75.726  13.424 0.4000000060
24865  15.372  -75.950  13.056 0.8000000119
24866  14.860  -76.375  12.519 0.6999999881
24879  24.731  -75.696  11.971 0.2000000030
24882  21.461  -75.606  12.327 0.2000000030
24891  27.494  -75.581  10.784 0.1000000015
24894  24.582  -75.686  10.524 0.2000000030
24895  23.538  -75.575  10.818 0.2000000030
24898  20.646  -76.053  11.389 0.2000000030
24899  16.840  -75.490  10.520 0.6000000238
24901  15.469  -75.971  11.393 0.6999999881
24911  25.363  -75.953  9.351 0.1000000015
24914  22.579  -75.676  9.803 0.1000000015
24918  18.117  -75.967  9.211 0.2000000030
24919  17.365  -75.831  9.965 0.6000000238
24929  26.903  -75.720  8.697 0.1000000015
24930  25.419  -75.747  8.748 0.1000000015
24933  22.791  -75.717  8.982 0.1000000015
24935  20.486  -76.088  8.894 0.3000000119
24936  19.446  -75.895  8.692 0.2000000030
24937  18.790  -75.662  8.972 0.2000000030
24942  27.019  -75.035  8.433 0.1000000015
24943  26.653  -75.287  8.356 0.1000000015
24944  25.774  -75.381  8.211 0.1000000015
24947  23.010  -75.362  8.627 0.1000000015
24948  22.327  -75.415  8.600 0.1000000015
24949  26.540  -74.842  8.054 0.1000000015
24950  26.244  -74.992  8.006 0.1000000015
25677  12.462  -74.741  37.095 0.5000000000
25679  11.570  -74.827  36.880 0.5000000000
25682  12.394  -74.507  36.834 0.5000000000
25685  10.511  -74.735  35.836 0.6000000238
25694  12.096  -74.446  35.781 0.5000000000
25695  11.545  -74.335  35.786 0.5000000000
25698  8.292  -75.627  34.487 0.6999999881
25710  12.913  -74.831  34.652 0.4000000060
25711  12.284  -74.478  34.761 0.4000000060
25713  10.207  -74.483  34.691 0.8000000119
25714  9.446  -74.981  34.510 0.6999999881
25728  14.276  -75.151  33.474 0.4000000060
25738  25.829  -73.965  32.011 0.6000000238
25741  15.730  -75.088  32.314 0.4000000060
25744  12.670  -74.620  33.107 0.5000000000
25748  7.128  -74.720  31.510 0.8000000119
25764  7.100  -74.288  30.983 0.8000000119
25772  24.846  -74.380  30.276 0.8000000119
25774  23.439  -74.890  30.031 0.8000000119
25775  19.202  -75.113  29.861 0.6999999881
25777  17.563  -75.227  30.444 0.6000000238
25780  14.906  -74.828  31.413 0.5000000000
25782  8.492  -74.700  30.337 0.8000000119
25783  7.602  -74.293  30.291 0.8000000119
25790  27.303  -74.387  29.088 0.1000000015
25819  6.240  -74.490  28.602 0.6000000238
25826  20.876  -73.947  26.378 0.6000000238
25827  20.759  -73.752  26.479 0.6000000238
25829  16.092  -74.820  26.937 0.6000000238
25833  12.475  -74.613  27.526 0.5000000000
25834  11.896  -74.410  27.889 0.6999999881
25847  22.513  -74.227  26.802 0.2000000030
25848  21.748  -74.351  26.704 0.4000000060
25857  13.895  -74.479  26.648 0.4000000060
25873  16.438  -74.585  25.735 0.6000000238
25874  15.666  -74.606  25.777 0.5000000000
25875  14.621  -74.548  25.924 0.5000000000
25878  11.809  -74.390  25.955 0.5000000000
25879  11.161  -74.570  26.113 0.5000000000
25892  25.329  -74.076  23.873 0.1000000015
25911  7.318  -74.529  23.360 0.2000000030
25927  7.940  -74.287  22.412 0.5000000000
25953  11.571  -73.650  20.428 0.6999999881
25966  12.366  -73.862  20.376 0.6999999881
25967  11.336  -74.462  20.129 0.8000000119
25970  9.107  -74.987  19.617 0.8000000119
25990  9.762  -74.927  19.042 0.8999999762
25991  9.485  -75.034  19.144 0.8000000119
26019  14.359  -74.339  17.755 0.8999999762
26040  16.634  -75.110  14.021 0.6999999881
26053  26.486  -74.030  13.128 0.1000000015
26055  16.394  -74.837  13.220 0.6000000238
26068  26.606  -74.294  12.305 0.1000000015
26071  16.433  -74.863  11.925 0.6000000238
26079  27.255  -74.814  10.813 0.1000000015
26080  26.893  -74.451  11.364 0.1000000015
26082  18.139  -74.506  10.616 0.3000000119
26084  16.753  -75.065  11.128 0.4000000060
26095  27.065  -74.215  10.628 0.1000000015
26096  19.178  -74.459  9.517 0.2000000030
26097  18.519  -75.004  9.568 0.4000000060
26110  22.489  -74.706  8.434 0.2000000030
26113  19.874  -75.055  8.852 0.2000000030
26120  27.108  -74.616  8.333 0.1000000015
26121  26.923  -74.873  8.272 0.1000000015
26122  25.847  -74.782  7.919 0.1000000015
26124  24.164  -74.836  8.285 0.1000000015
26125  23.210  -74.889  8.360 0.2000000030
26136  27.055  -74.456  8.117 0.1000000015
26138  26.367  -74.487  7.858 0.1000000015
26139  25.787  -74.234  7.853 0.1000000015
26884  26.008  -73.628  39.776 0.1000000015
26901  10.763  -74.418  35.777 0.5000000000
26911  10.554  -74.400  35.318 0.6000000238
26926  10.913  -74.231  34.857 0.5000000000
26942  11.363  -74.287  34.684 0.6000000238
26948  26.211  -73.061  32.245 0.6999999881
26958  26.310  -73.174  31.862 0.6999999881
26969  25.849  -73.719  30.628 0.6999999881
26975  29.824  -73.166  29.474 0.5000000000
26980  24.864  -73.755  29.690 0.8000000119
26993  25.677  -73.948  27.654 0.4000000060
26998  18.728  -73.145  28.817 0.8000000119
27000  11.672  -74.121  27.858 0.6999999881
27001  11.318  -74.076  27.828 0.6999999881
27010  22.959  -73.485  26.734 0.2000000030
27011  21.044  -73.851  26.513 0.6000000238
27013  19.421  -72.683  27.421 0.8999999762
27016  13.269  -74.188  27.007 0.5000000000
27023  29.758  -73.645  26.750 0.1000000015
27027  20.691  -73.236  26.652 0.6000000238
27030  17.661  -74.117  26.805 0.8999999762
27032  13.417  -74.093  26.644 0.5000000000
27033  12.617  -73.956  26.649 0.5000000000
27034  11.738  -73.943  26.631 0.5000000000
27035  10.972  -74.065  26.829 0.5000000000
27045  14.265  -74.254  26.175 0.4000000060
27046  13.886  -74.116  26.104 0.4000000060
27050  8.004  -72.775  25.289 0.5000000000
27064  9.289  -73.453  25.006 0.2000000030
27065  8.392  -73.604  25.148 0.2000000030
27106  8.184  -73.836  22.554 0.5000000000
27121  8.596  -73.690  22.024 0.6000000238
27132  12.088  -73.021  20.647 0.6999999881
27149  13.055  -72.838  20.328 0.8999999762
27150  12.508  -73.248  20.485 0.6999999881
27166  26.437  -73.595  17.639 0.1000000015
27174  25.944  -73.533  16.960 0.1000000015
27183  16.176  -73.946  16.675 0.6999999881
27192  25.900  -73.078  15.289 0.1000000015
27193  16.980  -73.753  16.107 0.6999999881
27194  16.223  -73.083  16.165 0.6999999881
27220  20.345  -73.213  12.730 0.3000000119
27224  16.875  -74.179  13.255 0.6000000238
27244  18.356  -74.063  11.701 0.3000000119
27261  21.360  -73.300  10.614 0.2000000030
27264  18.774  -74.116  11.024 0.2000000030
27273  26.871  -73.732  10.927 0.1000000015
27277  20.748  -73.605  9.544 0.2000000030
27295  23.952  -73.785  8.846 0.2000000030
27298  21.215  -74.242  8.758 0.2000000030
27312  27.235  -73.689  8.297 0.1000000015
27315  25.328  -73.786  8.117 0.2000000030
27317  23.736  -74.407  8.520 0.2000000030
27327  27.091  -74.267  8.035 0.1000000015
27328  26.860  -74.037  7.797 0.1000000015
27329  26.283  -73.848  7.806 0.1000000015
27330  25.846  -73.792  7.888 0.2000000030
28091  23.845  -72.131  33.783 0.4000000060
28119  30.570  -72.434  29.499 0.3000000119
28120  30.164  -72.588  29.838 0.5000000000
28124  25.383  -73.179  29.604 0.8000000119
28127  22.968  -73.066  28.745 0.8000000119
28129  19.050  -73.063  29.112 0.8999999762
28133  31.195  -71.691  29.104 0.5000000000
28138  24.813  -72.629  29.148 0.6999999881
28139  24.054  -72.646  28.707 0.6000000238
28143  19.776  -72.745  28.743 0.8999999762
28144  19.211  -72.854  28.915 0.8999999762
28147  30.784  -72.213  28.175 0.3000000119
28151  23.176  -73.031  26.779 0.1000000015
28152  22.800  -73.237  26.727 0.5000000000
28161  23.670  -72.439  26.861 0.5000000000
28162  23.394  -72.498  26.841 0.5000000000
28166  19.758  -72.604  27.296 0.8999999762
28167  8.548  -72.258  26.479 0.6000000238
28192  10.653  -72.417  24.799 0.1000000015
28220  10.092  -73.232  24.610 0.1000000015
28221  8.888  -72.419  23.495 0.8000000119
28236  12.610  -72.386  22.887 0.1000000015
28240  8.387  -73.221  23.040 0.6999999881
28266  16.758  -72.186  19.950 0.5000000000
28268  12.983  -71.762  20.261 0.8999999762
28270  11.291  -72.366  20.792 0.8000000119
28271  10.502  -72.381  20.958 0.6999999881
28286  21.009  -72.436  18.898 0.3000000119
28287  20.023  -72.622  19.020 0.3000000119
28290  17.001  -72.114  19.249 0.5000000000
28291  16.577  -71.955  19.586 0.5000000000
28292  13.483  -71.887  19.499 0.8999999762
28304  20.973  -72.203  18.311 0.3000000119
28307  18.268  -72.124  18.583 0.5000000000
28308  17.565  -72.148  18.811 0.5000000000
28315  26.520  -71.997  17.380 0.1000000015
28325  14.373  -72.358  17.619 0.8999999762
28331  26.036  -72.391  14.956 0.1000000015
28334  15.665  -71.857  16.255 0.6999999881
28342  26.164  -72.401  14.059 0.1000000015
28344  17.308  -72.178  14.772 0.5000000000
28355  20.377  -72.373  13.009 0.3000000119
28372  22.759  -72.110  12.071 0.2000000030
28388  26.744  -72.335  11.629 0.1000000015
28390  23.722  -72.054  11.275 0.2000000030
28391  22.901  -72.837  11.289 0.2000000030
28404  27.121  -72.258  10.622 0.1000000015
28406  24.451  -71.914  10.428 0.2000000030
28420  25.870  -72.077  8.954 0.2000000030
28422  24.323  -73.157  9.306 0.2000000030
28435  27.016  -72.640  8.352 0.2000000030
28437  25.502  -73.020  8.475 0.2000000030
29247  30.943  -71.379  30.339 0.5000000000
29252  26.281  -72.115  29.787 0.6999999881
29259  31.340  -71.297  29.890 0.5000000000
29263  26.193  -72.430  29.966 0.8000000119
29264  25.833  -72.329  29.496 0.6999999881
29266  14.557  -71.147  30.109 0.4000000060
29268  13.527  -71.007  29.466 0.4000000060
29281  26.827  -72.092  28.110 0.6000000238
29282  25.230  -72.459  29.206 0.6999999881
29285  22.669  -71.902  28.041 0.6000000238
29286  22.057  -71.818  27.803 0.8000000119
29287  14.672  -71.203  29.767 0.4000000060
29289  13.660  -70.947  28.800 0.4000000060
29290  13.184  -70.654  28.530 0.3000000119
29293  31.262  -71.003  28.201 0.2000000030
29300  21.910  -71.842  27.401 0.6999999881
29302  13.402  -70.475  28.238 0.3000000119
29311  23.747  -72.226  26.946 0.5000000000
29313  22.497  -71.923  27.016 0.6000000238
29316  8.670  -71.870  26.690 0.6000000238
29330  13.368  -70.584  24.989 0.1000000015
29331  10.683  -71.704  25.615 0.2000000030
29334  7.979  -71.722  25.433 0.6999999881
29355  11.505  -71.494  24.646 0.1000000015
29356  10.895  -72.052  24.953 0.2000000030
29378  8.684  -72.033  24.238 0.8000000119
29394  9.626  -71.829  23.019 0.8000000119
29405  20.947  -70.853  21.357 0.2000000030
29412  11.375  -70.999  21.461 0.8999999762
29424  21.239  -71.231  20.955 0.2000000030
29426  19.164  -72.078  20.682 0.3000000119
29427  18.065  -72.195  20.755 0.4000000060
29428  17.093  -72.068  20.619 0.5000000000
29429  16.284  -71.731  20.341 0.5000000000
29444  16.248  -71.352  19.373 0.5000000000
29446  13.181  -71.118  19.722 0.8999999762
29456  23.122  -71.294  18.347 0.2000000030
29459  20.767  -71.819  17.807 0.2000000030
29462  17.293  -71.266  18.627 0.5000000000
29464  13.465  -71.121  18.756 0.8999999762
29468  26.885  -71.424  17.526 0.1000000015
29470  23.113  -71.371  17.887 0.2000000030
29473  20.476  -71.007  17.130 0.3000000119
29474  19.808  -70.462  17.351 0.4000000060
29476  13.884  -71.176  17.804 0.8999999762
29482  26.714  -71.062  16.828 0.1000000015
29487  20.484  -70.586  16.574 0.4000000060
29490  14.269  -71.836  17.542 0.8999999762
29497  26.237  -71.676  15.428 0.1000000015
29500  21.312  -70.994  15.664 0.2000000030
29501  17.330  -70.465  14.946 0.4000000060
29503  15.982  -71.138  15.866 0.6000000238
29510  19.364  -71.175  13.999 0.4000000060
29511  18.649  -71.348  14.256 0.4000000060
29513  17.157  -71.548  14.925 0.5000000000
29520  20.900  -71.389  12.690 0.2000000030
29521  20.451  -71.129  13.040 0.2000000030
29522  19.758  -71.580  13.511 0.2000000030
29530  27.134  -71.089  12.188 0.1000000015
29532  23.162  -71.150  12.018 0.2000000030
29535  20.760  -70.970  12.637 0.2000000030
29541  27.236  -71.402  11.213 0.1000000015
29542  26.954  -71.641  11.880 0.1000000015
29544  23.790  -71.195  11.610 0.2000000030
29550  27.523  -71.379  10.090 0.1000000015
29551  25.591  -70.918  9.761 0.2000000030
29561  27.381  -71.528  9.097 0.1000000015
29564  25.475  -71.529  9.517 0.2000000030
29577  26.936  -71.890  8.599 0.2000000030
29578  26.548  -71.760  8.773 0.2000000030
30361  21.119  -69.795  34.762 0.2000000030
30376  21.519  -69.702  34.453 0.2000000030
30414  29.919  -69.946  31.041 0.6999999881
30429  26.465  -71.808  29.666 0.6000000238
30431  15.659  -70.202  30.611 0.4000000060
30434  13.237  -70.253  29.989 0.5000000000
30440  31.653  -70.680  29.658 0.4000000060
30444  25.951  -71.947  29.131 0.6000000238
30445  25.807  -71.940  28.924 0.6999999881
30449  14.328  -70.884  30.312 0.4000000060
30450  13.607  -70.753  30.008 0.4000000060
30464  27.020  -71.748  28.494 0.6000000238
30467  25.527  -72.162  28.641 0.6999999881
30468  16.955  -70.498  28.933 0.1000000015
30469  16.480  -70.605  28.827 0.1000000015
30472  13.861  -70.708  28.442 0.3000000119
30486  25.400  -72.218  28.112 0.6000000238
30493  12.986  -70.197  27.928 0.4000000060
30513  8.629  -70.323  26.474 0.8000000119
30514  8.352  -70.531  26.651 0.8000000119
30520  28.637  -70.723  25.502 0.1000000015
30533  11.056  -70.860  25.793 0.1000000015
30568  11.898  -71.238  24.472 0.1000000015
30570  9.430  -71.216  24.006 0.8000000119
30580  19.642  -70.132  22.037 0.2000000030
30593  21.320  -70.359  21.326 0.2000000030
30600  14.627  -69.837  20.970 0.6000000238
30603  11.182  -70.627  22.079 1.0000000000
30606  22.630  -70.344  20.302 0.2000000030
30608  15.088  -70.014  20.182 0.6000000238
30619  22.764  -70.985  19.584 0.2000000030
30621  15.942  -69.992  19.256 0.5000000000
30622  15.447  -69.964  19.643 0.5000000000
30624  13.155  -70.249  19.935 0.8999999762
30633  27.331  -70.990  17.803 0.1000000015
30635  23.143  -71.000  19.014 0.2000000030
30639  16.421  -69.853  18.905 0.5000000000
30647  28.227  -69.942  17.666 0.1000000015
30649  24.032  -70.252  17.070 0.2000000030
30653  18.921  -69.420  17.571 0.4000000060
30655  14.211  -70.427  17.542 0.8999999762
30656  13.854  -70.539  17.888 0.8999999762
30664  26.426  -71.150  15.711 0.1000000015
30666  23.680  -70.812  16.626 0.2000000030
30667  20.953  -70.682  15.624 0.4000000060
30671  14.609  -70.396  17.125 0.8999999762
30676  26.996  -70.401  14.845 0.1000000015
30677  26.519  -71.015  15.146 0.1000000015
30679  23.481  -70.914  15.568 0.2000000030
30680  22.409  -71.171  15.017 0.2000000030
30683  17.082  -69.931  15.233 0.5000000000
30684  16.430  -70.116  15.819 0.6999999881
30685  15.792  -70.508  16.250 0.6999999881
30691  24.264  -69.664  14.829 0.2000000030
30692  23.826  -70.062  14.526 0.2000000030
30696  19.174  -70.611  14.247 0.3000000119
30698  17.849  -69.882  14.987 0.4000000060
30704  26.923  -70.721  13.581 0.1000000015
30705  23.316  -69.909  13.830 0.2000000030
30708  20.655  -70.151  13.440 0.2000000030
30716  26.815  -71.031  12.919 0.1000000015
30727  25.376  -69.919  10.884 0.2000000030
30728  24.927  -70.219  11.155 0.2000000030
30729  23.610  -70.321  11.738 0.2000000030
30730  23.007  -69.756  12.073 0.2000000030
30736  25.588  -70.138  10.381 0.2000000030
30749  27.165  -70.540  9.447 0.2000000030
30750  26.412  -70.365  9.563 0.2000000030
31599  26.774  -69.523  33.340 0.8000000119
31613  31.396  -69.351  31.307 0.6000000238
31617  15.978  -68.676  31.662 0.5000000000
31633  17.422  -69.133  30.942 0.2000000030
31638  12.876  -69.909  29.861 0.5000000000
31651  32.225  -68.931  30.062 0.6999999881
31659  12.813  -69.321  29.931 0.6999999881
31661  11.273  -69.260  29.072 0.8999999762
31662  10.451  -69.070  28.869 0.6999999881
31685  10.109  -69.418  28.537 0.6000000238
31705  12.977  -69.856  27.457 0.2000000030
31724  13.310  -69.716  27.004 0.2000000030
31725  13.083  -69.742  27.206 0.2000000030
31727  8.977  -70.025  26.584 0.8000000119
31728  8.616  -70.095  26.933 0.8000000119
31746  10.070  -69.759  25.597 1.0000000000
31747  9.495  -70.136  25.837 1.0000000000
31775  16.325  -69.026  23.425 0.5000000000
31777  11.503  -68.957  23.762 0.8999999762
31778  10.900  -69.617  23.756 1.0000000000
31783  21.072  -69.278  22.037 0.2000000030
31788  16.036  -69.488  23.047 0.5000000000
31789  15.288  -69.430  22.783 0.6000000238
31792  12.571  -68.937  22.476 0.8999999762
31798  20.827  -69.997  21.747 0.2000000030
31799  14.849  -69.730  22.089 0.6000000238
31803  12.007  -69.676  21.980 1.0000000000
31810  23.145  -69.466  20.336 0.2000000030
31823  24.240  -69.146  19.316 0.2000000030
31827  15.249  -69.520  19.478 0.6000000238
31838  24.241  -69.213  18.867 0.2000000030
31841  17.260  -69.053  18.211 0.4000000060
31842  16.142  -69.214  18.734 0.5000000000
31852  29.355  -69.225  17.715 0.1000000015
31853  28.696  -69.414  17.239 0.1000000015
31857  19.603  -69.461  16.862 0.4000000060
31858  19.154  -68.841  16.958 0.4000000060
31861  15.629  -69.086  17.218 0.6999999881
31862  14.631  -69.279  17.945 0.8000000119
31868  29.161  -68.915  16.835 0.1000000015
31870  27.777  -69.756  16.208 0.1000000015
31875  16.662  -69.025  16.415 0.5000000000
31876  15.878  -69.503  16.694 0.6999999881
31880  29.034  -68.777  15.918 0.1000000015
31885  18.731  -69.197  15.633 0.3000000119
31886  18.322  -68.957  15.611 0.3000000119
31888  16.926  -69.467  15.720 0.5000000000
31895  29.027  -68.809  14.770 0.1000000015
31897  27.538  -69.996  14.307 0.1000000015
31900  20.236  -70.021  14.393 0.3000000119
31902  18.529  -69.520  15.107 0.3000000119
31903  18.134  -69.285  15.323 0.4000000060
31911  29.003  -68.593  14.130 0.1000000015
31914  23.949  -68.598  13.501 0.2000000030
31916  22.173  -69.370  12.978 0.3000000119
31917  21.658  -69.499  12.841 0.3000000119
31918  20.155  -70.083  13.884 0.3000000119
31929  28.436  -68.885  12.212 0.1000000015
31932  22.586  -69.571  12.490 0.2000000030
31942  28.181  -68.779  11.296 0.1000000015
31957  27.687  -69.268  10.426 0.2000000030
31958  26.872  -69.252  10.218 0.2000000030
31972  27.099  -69.810  9.784 0.2000000030
32803  18.866  -69.016  36.191 0.2000000030
32856  30.586  -68.152  32.065 0.6999999881
32865  28.392  -68.829  31.882 0.8000000119
32866  17.837  -67.985  31.832 0.2000000030
32871  32.207  -68.423  30.847 0.6999999881
32872  31.995  -68.698  31.216 0.6999999881
32891  18.995  -68.448  30.315 0.1000000015
32892  16.288  -67.688  28.914 0.6999999881
32897  11.488  -68.654  29.387 0.8999999762
32899  10.267  -68.678  28.891 0.6999999881
32906  32.254  -68.337  29.577 0.5000000000
32911  16.775  -67.658  28.569 0.6999999881
32912  16.462  -67.711  28.655 0.6999999881
32913  15.713  -67.881  28.385 0.6999999881
32915  11.013  -68.246  29.176 0.8999999762
32932  16.799  -67.701  28.325 0.6999999881
32934  15.547  -68.005  27.606 0.6999999881
32935  14.809  -68.060  27.453 1.0000000000
32936  12.110  -67.563  27.050 1.0000000000
32962  15.203  -68.028  26.862 0.8000000119
32968  9.577  -69.372  26.902 0.8000000119
33006  11.564  -68.622  24.410 0.8999999762
33012  21.181  -68.416  22.530 0.2000000030
33013  20.699  -68.718  22.973 0.2000000030
33016  17.835  -68.290  23.941 0.3000000119
33019  14.037  -68.308  23.561 0.6999999881
33034  13.620  -68.932  21.312 0.8000000119
33042  24.339  -68.281  20.051 0.2000000030
33043  23.677  -68.705  20.334 0.2000000030
33046  13.671  -69.023  20.991 0.8000000119
33055  24.170  -68.837  19.935 0.2000000030
33060  30.402  -68.537  18.538 0.1000000015
33062  17.633  -68.510  17.720 0.4000000060
33065  15.104  -68.698  18.357 0.8000000119
33072  30.019  -68.432  17.582 0.1000000015
33074  24.330  -68.381  17.647 0.2000000030
33075  18.579  -68.477  16.400 0.4000000060
33076  18.164  -68.270  16.985 0.4000000060
33078  16.238  -68.310  17.577 0.6000000238
33080  14.968  -68.768  18.153 0.8000000119
33089  24.348  -68.690  16.980 0.2000000030
33090  18.471  -68.555  16.003 0.3000000119
33092  17.488  -68.289  16.558 0.4000000060
33093  16.788  -68.357  17.005 0.6000000238
33104  18.235  -68.480  15.807 0.4000000060
33105  17.832  -68.351  15.992 0.4000000060
33121  29.163  -68.302  14.473 0.1000000015
33122  28.919  -68.265  13.826 0.1000000015
33133  24.324  -67.865  12.429 0.2000000030
33134  23.973  -68.184  12.604 0.2000000030
33142  27.948  -67.911  11.528 0.2000000030
33143  26.568  -68.098  11.207 0.2000000030
33146  23.955  -68.904  12.210 0.2000000030
33156  28.056  -68.321  11.296 0.1000000015
33158  26.908  -68.331  10.838 0.2000000030
34022  19.471  -67.334  36.471 0.2000000030
34032  18.435  -68.738  36.478 0.1000000015
34094  16.349  -66.120  33.020 0.6999999881
34104  30.278  -67.991  32.024 0.6999999881
34118  18.147  -67.698  31.747 0.2000000030
34121  14.504  -68.426  29.978 0.8999999762
34132  17.305  -67.396  29.264 0.6999999881
34133  16.937  -67.517  29.305 0.6999999881
34134  16.358  -67.655  29.217 0.6999999881
34138  11.838  -68.207  29.215 0.8999999762
34147  32.168  -67.896  29.219 0.5000000000
34155  16.715  -67.622  28.986 0.6999999881
34156  15.120  -67.959  28.460 1.0000000000
34161  10.843  -67.883  28.475 0.8999999762
34182  14.124  -67.862  27.122 1.0000000000
34184  12.307  -67.607  27.495 1.0000000000
34185  11.454  -67.552  28.087 0.8999999762
34186  11.017  -67.725  28.327 0.8999999762
34207  19.181  -66.868  27.259 0.4000000060
34210  16.740  -67.492  26.568 0.6000000238
34211  15.625  -67.649  26.223 0.8000000119
34213  13.373  -67.613  26.493 1.0000000000
34230  19.715  -66.644  25.632 0.3000000119
34236  13.798  -67.438  25.525 0.8999999762
34245  19.760  -67.020  24.874 0.3000000119
34246  18.671  -66.877  25.040 0.3000000119
34254  21.282  -68.099  22.517 0.2000000030
34262  21.232  -67.404  21.060 0.1000000015
34270  24.516  -67.593  20.058 0.1000000015
34280  24.570  -67.915  19.627 0.2000000030
34304  30.150  -67.777  17.482 0.1000000015
34305  29.734  -67.524  17.047 0.1000000015
34312  28.920  -67.500  15.450 0.1000000015
34313  24.433  -67.434  15.832 0.2000000030
34317  29.242  -67.894  15.022 0.1000000015
34318  28.709  -67.529  14.716 0.1000000015
34326  23.973  -67.607  12.864 0.2000000030
34332  27.798  -67.051  12.241 0.2000000030
34333  25.171  -67.025  12.462 0.2000000030
34334  24.538  -67.235  12.646 0.2000000030
34342  28.014  -67.543  11.943 0.1000000015
34344  26.647  -67.663  11.461 0.2000000030
34345  25.478  -67.385  12.154 0.2000000030
34354  27.168  -67.896  11.177 0.2000000030
35171  18.722  -67.097  37.017 0.1000000015
35181  20.181  -67.122  35.996 0.2000000030
35189  20.995  -66.689  35.123 0.2000000030
35229  31.443  -67.121  32.182 0.8000000119
35234  17.176  -66.252  33.334 0.4000000060
35243  32.283  -67.182  31.085 0.6999999881
35245  17.235  -66.761  33.182 0.4000000060
35260  32.132  -66.687  29.675 0.6000000238
35263  17.265  -67.168  29.854 0.6999999881
35274  30.523  -65.840  27.892 0.3000000119
35296  26.037  -66.120  27.052 0.2000000030
35314  28.153  -67.087  26.617 0.2000000030
35322  19.074  -66.860  26.802 0.4000000060
35323  18.650  -66.971  26.745 0.4000000060
35333  21.176  -65.658  25.238 0.3000000119
35336  19.363  -66.653  26.257 0.4000000060
35346  21.241  -65.663  24.761 0.3000000119
35359  19.797  -66.226  21.524 0.1000000015
35366  23.459  -66.281  21.053 0.1000000015
35367  23.090  -66.280  21.088 0.1000000015
35414  28.819  -66.376  17.356 0.1000000015
35416  23.835  -66.030  17.123 0.1000000015
35427  27.565  -66.600  16.052 0.1000000015
35440  27.493  -66.597  15.047 0.1000000015
35447  27.512  -66.161  14.040 0.1000000015
35450  23.692  -65.206  14.961 0.1000000015
35462  27.838  -66.680  12.721 0.2000000030
35465  25.568  -66.433  12.468 0.2000000030
35474  26.867  -66.826  11.883 0.2000000030
35475  26.173  -66.898  12.111 0.2000000030
36342  19.128  -66.450  37.151 0.2000000030
36391  31.147  -65.486  33.111 0.8000000119
36439  21.429  -64.951  28.815 0.1000000015
36517  21.322  -65.197  24.889 0.3000000119
36526  20.987  -65.607  23.447 0.2000000030
36527  20.309  -65.426  22.758 0.1000000015
36535  18.785  -65.292  21.667 0.1000000015
36546  23.873  -65.658  21.266 0.1000000015
36548  22.149  -65.558  21.189 0.1000000015
36551  17.980  -64.732  20.913 0.1000000015
36561  24.646  -65.956  20.520 0.1000000015
36567  18.075  -64.433  20.659 0.2000000030
36594  24.485  -65.664  18.459 0.1000000015
36595  23.865  -65.125  17.965 0.1000000015
36616  26.927  -66.058  16.471 0.1000000015
36618  25.767  -64.611  15.515 0.1000000015
36620  22.793  -64.401  16.215 0.1000000015
36628  25.925  -64.101  14.806 0.1000000015
36637  27.309  -65.451  13.557 0.1000000015
36638  26.846  -64.745  13.734 0.2000000030
36640  23.594  -64.534  14.788 0.1000000015
36648  26.801  -64.539  13.253 0.2000000030
36657  26.858  -65.404  12.515 0.2000000030
36658  26.206  -65.414  12.538 0.2000000030
36660  25.022  -65.186  13.148 0.2000000030
37549  26.317  -63.919  34.385 0.6000000238
37563  28.182  -64.456  33.345 0.6000000238
37623  21.868  -64.845  28.517 0.1000000015
37624  18.106  -64.062  28.254 0.6000000238
37629  14.535  -63.572  27.364 0.6000000238
37644  16.734  -63.984  27.573 0.6999999881
37647  14.473  -63.781  27.120 0.6000000238
37657  19.005  -63.728  27.001 0.5000000000
37659  17.416  -63.858  27.316 0.6000000238
37660  14.410  -64.054  27.068 0.6000000238
37661  14.345  -63.940  26.967 0.6000000238
37673  21.153  -64.690  25.217 0.3000000119
37674  20.841  -64.503  25.761 0.3000000119
37685  21.276  -64.838  25.027 0.3000000119
37686  20.941  -64.541  24.625 0.3000000119
37687  20.278  -64.217  24.214 0.3000000119
37710  30.577  -64.238  22.077 0.1000000015
37711  23.568  -64.169  22.140 0.1000000015
37712  23.079  -64.375  22.210 0.1000000015
37714  19.824  -65.203  22.606 0.1000000015
37733  19.835  -64.082  20.669 0.1000000015
37734  17.661  -64.338  21.561 0.1000000015
37753  18.311  -64.063  20.523 0.2000000030
37767  28.816  -64.991  20.000 0.1000000015
37783  27.015  -64.299  18.246 0.1000000015
37798  26.639  -64.873  17.669 0.1000000015
37800  25.417  -64.149  16.329 0.1000000015
37821  23.133  -64.026  15.171 0.1000000015
37829  26.179  -63.513  13.988 0.2000000030
37839  26.844  -64.711  12.928 0.2000000030
37840  26.344  -64.354  13.213 0.2000000030
37842  24.934  -64.119  13.517 0.2000000030
37850  26.929  -64.981  12.736 0.2000000030
37852  26.069  -64.732  12.786 0.2000000030
38752  25.528  -63.333  34.227 0.4000000060
38785  28.557  -64.301  33.242 1.0000000000
38815  15.472  -63.048  28.707 0.8000000119
38822  30.797  -63.251  28.656 0.6000000238
38823  30.332  -63.072  28.591 0.5000000000
38834  15.264  -63.341  28.328 0.6999999881
38835  14.697  -63.363  27.684 0.6999999881
38848  15.240  -64.230  27.232 0.6999999881
38850  13.703  -62.986  26.922 0.5000000000
38861  19.882  -63.567  26.058 0.4000000060
38863  18.331  -63.452  26.381 0.4000000060
38881  20.282  -63.830  25.687 0.3000000119
38903  20.174  -63.879  24.837 0.4000000060
38904  19.283  -63.542  24.705 0.4000000060
38905  18.234  -63.128  24.619 0.4000000060
38923  16.156  -62.693  24.127 0.2000000030
38943  22.753  -63.766  22.547 0.1000000015
38963  29.386  -63.976  21.850 0.1000000015
38989  23.941  -63.187  19.757 0.1000000015
38991  18.111  -63.304  20.679 0.2000000030
39017  26.576  -63.415  18.487 0.1000000015
39047  25.492  -62.756  14.544 0.1000000015
39056  26.102  -63.639  13.749 0.2000000030
39068  26.190  -63.957  13.569 0.2000000030
39069  25.928  -63.779  13.551 0.2000000030
39070  25.408  -63.622  13.582 0.1000000015
40093  30.776  -62.146  28.901 0.5000000000
40094  21.260  -63.164  29.174 0.3000000119
40099  15.659  -62.904  28.885 0.8000000119
40104  30.162  -62.268  28.710 0.6000000238
40125  26.060  -61.787  27.665 0.4000000060
40132  13.981  -62.818  27.060 0.5000000000
40144  13.750  -62.471  26.601 0.5000000000
40159  17.521  -62.934  25.345 0.2000000030
40160  17.276  -62.932  25.362 0.3000000119
40161  14.054  -62.763  25.476 0.4000000060
40162  13.550  -62.640  25.910 0.5000000000
40182  17.135  -62.848  25.143 0.3000000119
40203  16.427  -62.672  23.495 0.2000000030
40230  15.977  -61.864  23.464 0.2000000030
40250  18.293  -62.205  21.141 0.2000000030
40252  16.835  -62.163  22.339 0.2000000030
40273  18.186  -62.546  20.974 0.2000000030
40274  17.791  -62.354  21.221 0.2000000030
40341  25.362  -62.621  14.440 0.1000000015
40343  24.131  -62.681  14.598 0.1000000015
41309  31.007  -60.692  34.228 0.6999999881
41371  31.317  -60.925  30.043 0.6999999881
41372  18.443  -62.469  31.038 0.4000000060
41384  30.738  -61.304  29.468 0.6000000238
41386  28.895  -61.037  29.054 0.6000000238
41406  23.501  -62.109  27.858 0.3000000119
41452  16.033  -60.787  26.000 0.5000000000
41454  13.958  -61.636  25.603 0.4000000060
41470  15.013  -61.291  24.475 0.4000000060
41472  14.237  -61.150  25.410 0.4000000060
41494  16.093  -61.138  23.510 0.2000000030
41517  19.266  -60.957  22.214 0.1000000015
41536  18.329  -61.646  21.390 0.2000000030
41556  18.123  -62.089  21.208 0.2000000030
42547  28.308  -59.698  35.331 0.6999999881
42566  30.962  -59.799  34.193 0.6999999881
42627  31.829  -60.271  31.763 0.6999999881
42685  17.081  -61.205  25.827 0.5000000000
42689  14.026  -61.159  25.884 0.3000000119
42695  16.671  -60.541  25.745 0.5000000000
42697  14.330  -60.700  25.813 0.3000000119
42709  14.269  -60.930  25.518 0.4000000060
42740  18.893  -60.099  22.408 0.2000000030
42741  17.636  -60.338  22.292 0.1000000015
43775  30.114  -59.274  35.159 0.6999999881
43776  29.480  -59.077  35.501 0.5000000000
43778  27.833  -59.169  35.202 0.4000000060
43779  27.394  -58.862  34.973 0.5000000000
43799  30.495  -59.204  34.494 0.6999999881
43800  27.643  -59.563  35.024 0.4000000060
43824  31.122  -59.460  33.622 0.6999999881
43829  21.781  -59.748  33.401 0.1000000015
43862  31.652  -59.798  32.328 0.6999999881
43863  30.967  -59.266  31.934 0.5000000000
43876  28.364  -59.035  30.663 0.8000000119
43916  23.557  -59.038  26.579 0.5000000000
43925  17.408  -60.031  25.658 0.5000000000
43927  16.129  -59.304  26.084 0.5000000000
43940  14.840  -59.525  25.428 0.4000000060
43959  17.463  -59.109  22.983 0.1000000015
43988  17.896  -60.215  22.228 0.1000000015
44921  28.225  -58.615  35.105 0.5000000000
44934  29.246  -58.257  34.219 0.6000000238
44982  30.260  -58.786  32.718 0.6000000238
45006  29.333  -58.799  31.918 0.6999999881
45007  28.635  -58.678  31.638 0.6999999881
45055  20.458  -59.054  26.869 0.6000000238
45063  23.933  -58.504  26.544 0.5000000000
45064  23.200  -58.545  26.494 0.5000000000
45066  21.705  -57.883  26.730 0.6000000238
45117  15.686  -58.902  24.439 0.2000000030
45143  18.985  -57.404  22.106 0.1000000015
45144  18.891  -57.626  22.250 0.1000000015
46138  28.877  -57.966  33.809 0.6000000238
46142  26.340  -57.562  34.696 0.3000000119
46150  28.597  -57.720  33.418 0.6000000238
46171  29.539  -57.500  32.719 0.6000000238
46173  28.168  -57.387  32.856 0.6000000238
46313  18.735  -57.512  22.356 0.1000000015
47418  27.012  -56.699  32.409 0.4000000060
47439  27.270  -57.175  32.062 0.4000000060
47440  26.805  -56.843  31.683 0.4000000060
47562  19.368  -56.269  22.183 0.1000000015
47577  19.075  -56.235  22.051 0.1000000015
47579  18.572  -56.539  22.423 0.1000000015
48622  25.222  -56.437  34.420 0.3000000119
48633  25.951  -55.740  33.722 0.3000000119
48721  14.350  -54.905  27.057 0.3000000119
48784  18.220  -55.382  23.200 0.1000000015
48800  18.757  -55.347  22.560 0.1000000015
48801  18.479  -55.837  22.709 0.1000000015
49798  25.762  -55.371  33.128 0.3000000119
49887  15.155  -54.021  27.385 0.1000000015
49889  14.152  -54.477  27.173 0.3000000119
49890  13.920  -54.427  27.039 0.1000000015
49912  13.841  -54.337  26.839 0.3000000119
49925  13.792  -54.173  26.747 0.1000000015
49950  18.377  -54.347  23.119 0.1000000015
51073  25.241  -53.726  29.498 0.3000000119
51098  14.026  -53.867  27.247 0.1000000015
51121  15.309  -53.068  27.488 0.1000000015
51123  13.757  -54.068  26.966 0.1000000015
52262  24.315  -52.675  27.658 0.3000000119
52309  19.701  -51.940  24.800 0.1000000015
54646  23.047  -50.135  27.168 0.1000000015
153049  15.989  -65.889  32.030 0.8000000119
153050  16.180  -66.307  31.534 0.6999999881
153053  16.791  -66.516  33.273 0.6999999881
153058  16.435  -65.960  31.352 0.8000000119
153059  17.471  -64.810  30.271 0.8000000119
153063  16.873  -66.089  33.355 0.6999999881
153064  16.660  -65.472  31.263 0.8000000119
